VehicleID,FuelTime,FuelLevel,Speed,Acceleration,Address,DistanceMeters,TimeGapMinutes,SegmentID,IsSegmentStart,DeltaFuel,FuelRate,RollingMedian,RollingStd,RollingCount,RollingWindowReady,MovementState,FlagFuelZero,FlagLongGap,FlagLargeDelta,FlagSuspiciousGap,QualityFlag,QualityReason,FeatureStatus
21C-04064,2026-08-10 00:00:00,257.7,0.0,,"Xã Yên Bình, Tỉnh Lào Cai",0.0,,1,1,,,257.7,,1.0,0,Stopped,0,0,0,0,0,VALID,VALID
21C-04064,2026-08-10 00:02:00,257.7,0.0,0.0,"Xã Yên Bình, Tỉnh Lào Cai",0.0,2.0,1,0,0.0,0.0,257.7,0.0,2.0,0,Stopped,0,0,0,0,0,VALID,VALID
21C-04064,2026-08-10 00:04:00,257.7,0.0,0.0,"Xã Yên Bình, Tỉnh Lào Cai",0.0,2.0,1,0,0.0,0.0,257.7,0.0,3.0,1,Stopped,0,0,0,0,0,VALID,VALID
21C-04064,2026-08-10 00:06:00,257.7,0.0,0.0,"Xã Yên Bình, Tỉnh Lào Cai",0.0,2.0,1,0,0.0,0.0,257.7,0.0,4.0,1,Stopped,0,0,0,0,0,VALID,VALID
21C-04064,2026-08-10 00:08:00,257.7,0.0,0.0,"Xã Yên Bình, Tỉnh Lào Cai",0.0,2.0,1,0,0.0,0.0,257.7,0.0,5.0,1,Stopped,0,0,0,0,0,VALID,VALID
21C-04064,2026-08-10 00:10:00,257.7,0.0,0.0,"Xã Yên Bình, Tỉnh Lào Cai",0.0,2.0,1,0,0.0,0.0,257.7,0.0,5.0,1,Stopped,0,0,0,0,0,VALID,VALID
21C-04064,2026-08-10 00:13:00,257.7,0.0,0.0,"Xã Yên Bình, Tỉnh Lào Cai",0.0,3.0,1,0,0.0,0.0,257.7,0.0,5.0,1,Stopped,0,0,0,0,0,VALID,VALID
21C-04064,2026-08-10 00:15:00,257.7,0.0,0.0,"Xã Yên Bình, Tỉnh Lào Cai",0.0,2.0,1,0,0.0,0.0,257.7,0.0,5.0,1,Stopped,0,0,0,0,0,VALID,VALID
21C-04064,2026-08-10 00:17:00,257.7,0.0,0.0,"Xã Yên Bình, Tỉnh Lào Cai",0.0,2.0,1,0,0.0,0.0,257.7,0.0,5.0,1,Stopped,0,0,0,0,0,VALID,VALID
21C-04064,2026-08-10 00:19:00,257.7,0.0,0.0,"Xã Yên Bình, Tỉnh Lào Cai",0.0,2.0,1,0,0.0,0.0,257.7,0.0,5.0,1,Stopped,0,0,0,0,0,VALID,VALID
21C-04064,2026-08-10 00:21:00,257.7,0.0,0.0,"Xã Yên Bình, Tỉnh Lào Cai",0.0,2.0,1,0,0.0,0.0,257.7,0.0,5.0,1,Stopped,0,0,0,0,0,VALID,VALID
21C-04064,2026-08-10 00:24:00,257.7,0.0,0.0,"Xã Yên Bình, Tỉnh Lào Cai",0.0,3.0,1,0,0.0,0.0,257.7,0.0,5.0,1,Stopped,0,0,0,0,0,VALID,VALID
21C-04064,2026-08-10 00:26:00,257.7,0.0,0.0,"Xã Yên Bình, Tỉnh Lào Cai",0.0,2.0,1,0,0.0,0.0,257.7,0.0,5.0,1,Stopped,0,0,0,0,0,VALID,VALID
21C-04064,2026-08-10 00:28:00,257.7,0.0,0.0,"Xã Yên Bình, Tỉnh Lào Cai",0.0,2.0,1,0,0.0,0.0,257.7,0.0,5.0,1,Stopped,0,0,0,0,0,VALID,VALID
21C-04064,2026-08-10 00:30:00,257.7,0.0,0.0,"Xã Yên Bình, Tỉnh Lào Cai",0.0,2.0,1,0,0.0,0.0,257.7,0.0,5.0,1,Stopped,0,0,0,0,0,VALID,VALID
21C-04064,2026-08-10 00:32:00,257.7,0.0,0.0,"Xã Yên Bình, Tỉnh Lào Cai",0.0,2.0,1,0,0.0,0.0,257.7,0.0,5.0,1,Stopped,0,0,0,0,0,VALID,VALID
21C-04064,2026-08-10 00:34:00,257.7,0.0,0.0,"Xã Yên Bình, Tỉnh Lào Cai",0.0,2.0,1,0,0.0,0.0,257.7,0.0,5.0,1,Stopped,0,0,0,0,0,VALID,VALID
21C-04064,2026-08-10 00:37:00,257.7,0.0,0.0,"Xã Yên Bình, Tỉnh Lào Cai",0.0,3.0,1,0,0.0,0.0,257.7,0.0,5.0,1,Stopped,0,0,0,0,0,VALID,VALID
21C-04064,2026-08-10 00:39:00,257.7,0.0,0.0,"Xã Yên Bình, Tỉnh Lào Cai",0.0,2.0,1,0,0.0,0.0,257.7,0.0,5.0,1,Stopped,0,0,0,0,0,VALID,VALID
21C-04064,2026-08-10 00:41:00,257.7,0.0,0.0,"Xã Yên Bình, Tỉnh Lào Cai",0.0,2.0,1,0,0.0,0.0,257.7,0.0,5.0,1,Stopped,0,0,0,0,0,VALID,VALID
21C-04064,2026-08-10 00:43:00,257.7,0.0,0.0,"Xã Yên Bình, Tỉnh Lào Cai",0.0,2.0,1,0,0.0,0.0,257.7,0.0,5.0,1,Stopped,0,0,0,0,0,VALID,VALID
21C-04064,2026-08-10 00:45:00,257.7,0.0,0.0,"Xã Yên Bình, Tỉnh Lào Cai",0.0,2.0,1,0,0.0,0.0,257.7,0.0,5.0,1,Stopped,0,0,0,0,0,VALID,VALID
21C-04064,2026-08-10 00:48:00,257.7,0.0,0.0,"Xã Yên Bình, Tỉnh Lào Cai",0.0,3.0,1,0,0.0,0.0,257.7,0.0,5.0,1,Stopped,0,0,0,0,0,VALID,VALID
21C-04064,2026-08-10 00:50:00,257.7,0.0,0.0,"Xã Yên Bình, Tỉnh Lào Cai",0.0,2.0,1,0,0.0,0.0,257.7,0.0,5.0,1,Stopped,0,0,0,0,0,VALID,VALID
21C-04064,2026-08-10 00:52:00,257.7,0.0,0.0,"Xã Yên Bình, Tỉnh Lào Cai",0.0,2.0,1,0,0.0,0.0,257.7,0.0,5.0,1,Stopped,0,0,0,0,0,VALID,VALID
21C-04064,2026-08-10 00:54:00,257.7,0.0,0.0,"Xã Yên Bình, Tỉnh Lào Cai",0.0,2.0,1,0,0.0,0.0,257.7,0.0,5.0,1,Stopped,0,0,0,0,0,VALID,VALID
21C-04064,2026-08-10 00:56:00,257.7,0.0,0.0,"Xã Yên Bình, Tỉnh Lào Cai",0.0,2.0,1,0,0.0,0.0,257.7,0.0,5.0,1,Stopped,0,0,0,0,0,VALID,VALID
21C-04064,2026-08-10 00:58:00,257.7,0.0,0.0,"Xã Yên Bình, Tỉnh Lào Cai",0.0,2.0,1,0,0.0,0.0,257.7,0.0,5.0,1,Stopped,0,0,0,0,0,VALID,VALID
21C-04064,2026-08-10 01:01:00,257.7,0.0,0.0,"Xã Yên Bình, Tỉnh Lào Cai",0.0,3.0,1,0,0.0,0.0,257.7,0.0,5.0,1,Stopped,0,0,0,0,0,VALID,VALID
21C-04064,2026-08-10 01:03:00,257.7,0.0,0.0,"Xã Yên Bình, Tỉnh Lào Cai",0.0,2.0,1,0,0.0,0.0,257.7,0.0,5.0,1,Stopped,0,0,0,0,0,VALID,VALID
21C-04064,2026-08-10 01:05:00,257.7,0.0,0.0,"Xã Yên Bình, Tỉnh Lào Cai",0.0,2.0,1,0,0.0,0.0,257.7,0.0,5.0,1,Stopped,0,0,0,0,0,VALID,VALID
21C-04064,2026-08-10 01:07:00,257.7,0.0,0.0,"Xã Yên Bình, Tỉnh Lào Cai",0.0,2.0,1,0,0.0,0.0,257.7,0.0,5.0,1,Stopped,0,0,0,0,0,VALID,VALID
21C-04064,2026-08-10 01:09:00,257.7,0.0,0.0,"Xã Yên Bình, Tỉnh Lào Cai",0.0,2.0,1,0,0.0,0.0,257.7,0.0,5.0,1,Stopped,0,0,0,0,0,VALID,VALID
21C-04064,2026-08-10 01:12:00,257.7,0.0,0.0,"Xã Yên Bình, Tỉnh Lào Cai",0.0,3.0,1,0,0.0,0.0,257.7,0.0,5.0,1,Stopped,0,0,0,0,0,VALID,VALID
21C-04064,2026-08-10 01:14:00,257.7,0.0,0.0,"Xã Yên Bình, Tỉnh Lào Cai",0.0,2.0,1,0,0.0,0.0,257.7,0.0,5.0,1,Stopped,0,0,0,0,0,VALID,VALID
21C-04064,2026-08-10 01:16:00,257.7,0.0,0.0,"Xã Yên Bình, Tỉnh Lào Cai",0.0,2.0,1,0,0.0,0.0,257.7,0.0,5.0,1,Stopped,0,0,0,0,0,VALID,VALID
21C-04064,2026-08-10 01:18:00,257.6,0.0,0.0,"Xã Yên Bình, Tỉnh Lào Cai",0.0,2.0,1,0,-0.0999999999999659,-0.04999999999998295,257.7,0.04472135954998372,5.0,1,Stopped,0,0,0,0,0,VALID,VALID
21C-04064,2026-08-10 01:20:00,257.6,0.0,0.0,"Xã Yên Bình, Tỉnh Lào Cai",0.0,2.0,1,0,0.0,0.0,257.7,0.05477225575050766,5.0,1,Stopped,0,0,0,0,0,VALID,VALID
21C-04064,2026-08-10 01:22:00,257.6,0.0,0.0,"Xã Yên Bình, Tỉnh Lào Cai",0.0,2.0,1,0,0.0,0.0,257.6,0.05477225575051934,5.0,1,Stopped,0,0,0,0,0,VALID,VALID
21C-04064,2026-08-10 01:25:00,257.6,0.0,0.0,"Xã Yên Bình, Tỉnh Lào Cai",0.0,3.0,1,0,0.0,0.0,257.6,0.044721359550026624,5.0,1,Stopped,0,0,0,0,0,VALID,VALID
21C-04064,2026-08-10 01:27:00,257.6,0.0,0.0,"Xã Yên Bình, Tỉnh Lào Cai",0.0,2.0,1,0,0.0,0.0,257.6,0.0,5.0,1,Stopped,0,0,0,0,0,VALID,VALID
21C-04064,2026-08-10 01:29:00,257.6,0.0,0.0,"Xã Yên Bình, Tỉnh Lào Cai",0.0,2.0,1,0,0.0,0.0,257.6,0.0,5.0,1,Stopped,0,0,0,0,0,VALID,VALID
21C-04064,2026-08-10 01:31:00,257.6,0.0,0.0,"Xã Yên Bình, Tỉnh Lào Cai",0.0,2.0,1,0,0.0,0.0,257.6,0.0,5.0,1,Stopped,0,0,0,0,0,VALID,VALID
21C-04064,2026-08-10 01:33:00,257.6,0.0,0.0,"Xã Yên Bình, Tỉnh Lào Cai",0.0,2.0,1,0,0.0,0.0,257.6,0.0,5.0,1,Stopped,0,0,0,0,0,VALID,VALID
21C-04064,2026-08-10 01:36:00,257.6,0.0,0.0,"Xã Yên Bình, Tỉnh Lào Cai",0.0,3.0,1,0,0.0,0.0,257.6,0.0,5.0,1,Stopped,0,0,0,0,0,VALID,VALID
21C-04064,2026-08-10 01:38:00,257.6,0.0,0.0,"Xã Yên Bình, Tỉnh Lào Cai",0.0,2.0,1,0,0.0,0.0,257.6,0.0,5.0,1,Stopped,0,0,0,0,0,VALID,VALID
21C-04064,2026-08-10 01:40:00,257.6,0.0,0.0,"Xã Yên Bình, Tỉnh Lào Cai",0.0,2.0,1,0,0.0,0.0,257.6,0.0,5.0,1,Stopped,0,0,0,0,0,VALID,VALID
21C-04064,2026-08-10 01:42:00,257.6,0.0,0.0,"Xã Yên Bình, Tỉnh Lào Cai",0.0,2.0,1,0,0.0,0.0,257.6,0.0,5.0,1,Stopped,0,0,0,0,0,VALID,VALID
21C-04064,2026-08-10 01:44:00,257.6,0.0,0.0,"Xã Yên Bình, Tỉnh Lào Cai",0.0,2.0,1,0,0.0,0.0,257.6,0.0,5.0,1,Stopped,0,0,0,0,0,VALID,VALID
21C-04064,2026-08-10 01:46:00,257.6,0.0,0.0,"Xã Yên Bình, Tỉnh Lào Cai",0.0,2.0,1,0,0.0,0.0,257.6,0.0,5.0,1,Stopped,0,0,0,0,0,VALID,VALID
21C-04064,2026-08-10 01:49:00,257.6,0.0,0.0,"Xã Yên Bình, Tỉnh Lào Cai",0.0,3.0,1,0,0.0,0.0,257.6,0.0,5.0,1,Stopped,0,0,0,0,0,VALID,VALID
21C-04064,2026-08-10 01:51:00,257.6,0.0,0.0,"Xã Yên Bình, Tỉnh Lào Cai",0.0,2.0,1,0,0.0,0.0,257.6,0.0,5.0,1,Stopped,0,0,0,0,0,VALID,VALID
21C-04064,2026-08-10 01:53:00,257.6,0.0,0.0,"Xã Yên Bình, Tỉnh Lào Cai",0.0,2.0,1,0,0.0,0.0,257.6,0.0,5.0,1,Stopped,0,0,0,0,0,VALID,VALID
21C-04064,2026-08-10 01:55:00,257.6,0.0,0.0,"Xã Yên Bình, Tỉnh Lào Cai",0.0,2.0,1,0,0.0,0.0,257.6,0.0,5.0,1,Stopped,0,0,0,0,0,VALID,VALID
21C-04064,2026-08-10 01:57:00,257.6,0.0,0.0,"Xã Yên Bình, Tỉnh Lào Cai",0.0,2.0,1,0,0.0,0.0,257.6,0.0,5.0,1,Stopped,0,0,0,0,0,VALID,VALID
21C-04064,2026-08-10 02:00:00,257.6,0.0,0.0,"Xã Yên Bình, Tỉnh Lào Cai",0.0,3.0,1,0,0.0,0.0,257.6,0.0,5.0,1,Stopped,0,0,0,0,0,VALID,VALID
21C-04064,2026-08-10 02:02:00,257.6,0.0,0.0,"Xã Yên Bình, Tỉnh Lào Cai",0.0,2.0,1,0,0.0,0.0,257.6,0.0,5.0,1,Stopped,0,0,0,0,0,VALID,VALID
21C-04064,2026-08-10 02:04:00,257.6,0.0,0.0,"Xã Yên Bình, Tỉnh Lào Cai",0.0,2.0,1,0,0.0,0.0,257.6,0.0,5.0,1,Stopped,0,0,0,0,0,VALID,VALID
21C-04064,2026-08-10 02:06:00,257.1,0.0,0.0,"Xã Yên Bình, Tỉnh Lào Cai",0.0,2.0,1,0,-0.5,-0.25,257.6,0.22360679775001552,5.0,1,Stopped,0,0,0,0,0,VALID,VALID
21C-04064,2026-08-10 02:08:00,257.6,0.0,0.0,"Xã Yên Bình, Tỉnh Lào Cai",0.0,2.0,1,0,0.5,0.25,257.6,0.22360679775001552,5.0,1,Stopped,0,0,0,0,0,VALID,VALID
21C-04064,2026-08-10 02:10:00,257.6,0.0,0.0,"Xã Yên Bình, Tỉnh Lào Cai",0.0,2.0,1,0,0.0,0.0,257.6,0.22360679775001552,5.0,1,Stopped,0,0,0,0,0,VALID,VALID
21C-04064,2026-08-10 02:12:00,257.6,0.0,0.0,"Xã Yên Bình, Tỉnh Lào Cai",0.0,2.0,1,0,0.0,0.0,257.6,0.22360679775001552,5.0,1,Stopped,0,0,0,0,0,VALID,VALID
21C-04064,2026-08-10 02:14:00,257.6,0.0,0.0,"Xã Yên Bình, Tỉnh Lào Cai",0.0,2.0,1,0,0.0,0.0,257.6,0.22360679775001552,5.0,1,Stopped,0,0,0,0,0,VALID,VALID
21C-04064,2026-08-10 02:16:00,257.6,0.0,0.0,"Xã Yên Bình, Tỉnh Lào Cai",0.0,2.0,1,0,0.0,0.0,257.6,0.0,5.0,1,Stopped,0,0,0,0,0,VALID,VALID
21C-04064,2026-08-10 02:18:00,257.6,0.0,0.0,"Xã Yên Bình, Tỉnh Lào Cai",0.0,2.0,1,0,0.0,0.0,257.6,0.0,5.0,1,Stopped,0,0,0,0,0,VALID,VALID
21C-04064,2026-08-10 02:21:00,257.6,0.0,0.0,"Xã Yên Bình, Tỉnh Lào Cai",0.0,3.0,1,0,0.0,0.0,257.6,0.0,5.0,1,Stopped,0,0,0,0,0,VALID,VALID
21C-04064,2026-08-10 02:23:00,257.6,0.0,0.0,"Xã Yên Bình, Tỉnh Lào Cai",0.0,2.0,1,0,0.0,0.0,257.6,0.0,5.0,1,Stopped,0,0,0,0,0,VALID,VALID
21C-04064,2026-08-10 02:25:00,257.6,0.0,0.0,"Xã Yên Bình, Tỉnh Lào Cai",0.0,2.0,1,0,0.0,0.0,257.6,0.0,5.0,1,Stopped,0,0,0,0,0,VALID,VALID
21C-04064,2026-08-10 02:27:00,257.6,0.0,0.0,"Xã Yên Bình, Tỉnh Lào Cai",0.0,2.0,1,0,0.0,0.0,257.6,0.0,5.0,1,Stopped,0,0,0,0,0,VALID,VALID
21C-04064,2026-08-10 02:29:00,257.6,0.0,0.0,"Xã Yên Bình, Tỉnh Lào Cai",0.0,2.0,1,0,0.0,0.0,257.6,0.0,5.0,1,Stopped,0,0,0,0,0,VALID,VALID
21C-04064,2026-08-10 02:32:00,257.6,0.0,0.0,"Xã Yên Bình, Tỉnh Lào Cai",0.0,3.0,1,0,0.0,0.0,257.6,0.0,5.0,1,Stopped,0,0,0,0,0,VALID,VALID
21C-04064,2026-08-10 02:34:00,257.6,0.0,0.0,"Xã Yên Bình, Tỉnh Lào Cai",0.0,2.0,1,0,0.0,0.0,257.6,0.0,5.0,1,Stopped,0,0,0,0,0,VALID,VALID
21C-04064,2026-08-10 02:36:00,257.6,0.0,0.0,"Xã Yên Bình, Tỉnh Lào Cai",0.0,2.0,1,0,0.0,0.0,257.6,0.0,5.0,1,Stopped,0,0,0,0,0,VALID,VALID
21C-04064,2026-08-10 02:38:00,257.6,0.0,0.0,"Xã Yên Bình, Tỉnh Lào Cai",0.0,2.0,1,0,0.0,0.0,257.6,0.0,5.0,1,Stopped,0,0,0,0,0,VALID,VALID
21C-04064,2026-08-10 02:40:00,257.6,0.0,0.0,"Xã Yên Bình, Tỉnh Lào Cai",0.0,2.0,1,0,0.0,0.0,257.6,0.0,5.0,1,Stopped,0,0,0,0,0,VALID,VALID
21C-04064,2026-08-10 02:42:00,257.6,0.0,0.0,"Xã Yên Bình, Tỉnh Lào Cai",0.0,2.0,1,0,0.0,0.0,257.6,0.0,5.0,1,Stopped,0,0,0,0,0,VALID,VALID
21C-04064,2026-08-10 02:45:00,257.6,0.0,0.0,"Xã Yên Bình, Tỉnh Lào Cai",0.0,3.0,1,0,0.0,0.0,257.6,0.0,5.0,1,Stopped,0,0,0,0,0,VALID,VALID
21C-04064,2026-08-10 02:47:00,257.6,0.0,0.0,"Xã Yên Bình, Tỉnh Lào Cai",0.0,2.0,1,0,0.0,0.0,257.6,0.0,5.0,1,Stopped,0,0,0,0,0,VALID,VALID
21C-04064,2026-08-10 02:49:00,257.7,0.0,0.0,"Xã Yên Bình, Tỉnh Lào Cai",0.0,2.0,1,0,0.0999999999999659,0.04999999999998295,257.6,0.044721359550026644,5.0,1,Stopped,0,0,0,0,0,VALID,VALID
21C-04064,2026-08-10 02:51:00,257.7,0.0,0.0,"Xã Yên Bình, Tỉnh Lào Cai",0.0,2.0,1,0,0.0,0.0,257.6,0.05477225575051936,5.0,1,Stopped,0,0,0,0,0,VALID,VALID
21C-04064,2026-08-10 02:53:00,257.7,0.0,0.0,"Xã Yên Bình, Tỉnh Lào Cai",0.0,2.0,1,0,0.0,0.0,257.7,0.05477225575050768,5.0,1,Stopped,0,0,0,0,0,VALID,VALID
21C-04064,2026-08-10 02:56:00,257.7,0.0,0.0,"Xã Yên Bình, Tỉnh Lào Cai",0.0,3.0,1,0,0.0,0.0,257.7,0.04472135954998375,5.0,1,Stopped,0,0,0,0,0,VALID,VALID
21C-04064,2026-08-10 02:58:00,257.7,0.0,0.0,"Xã Yên Bình, Tỉnh Lào Cai",0.0,2.0,1,0,0.0,0.0,257.7,0.0,5.0,1,Stopped,0,0,0,0,0,VALID,VALID
21C-04064,2026-08-10 03:00:00,257.7,0.0,0.0,"Xã Yên Bình, Tỉnh Lào Cai",0.0,2.0,1,0,0.0,0.0,257.7,0.0,5.0,1,Stopped,0,0,0,0,0,VALID,VALID
21C-04064,2026-08-10 03:02:00,257.7,0.0,0.0,"Xã Yên Bình, Tỉnh Lào Cai",0.0,2.0,1,0,0.0,0.0,257.7,0.0,5.0,1,Stopped,0,0,0,0,0,VALID,VALID
21C-04064,2026-08-10 03:04:00,257.7,0.0,0.0,"Xã Yên Bình, Tỉnh Lào Cai",0.0,2.0,1,0,0.0,0.0,257.7,0.0,5.0,1,Stopped,0,0,0,0,0,VALID,VALID
21C-04064,2026-08-10 03:06:00,257.7,0.0,0.0,"Xã Yên Bình, Tỉnh Lào Cai",0.0,2.0,1,0,0.0,0.0,257.7,0.0,5.0,1,Stopped,0,0,0,0,0,VALID,VALID
21C-04064,2026-08-10 03:09:00,257.7,0.0,0.0,"Xã Yên Bình, Tỉnh Lào Cai",0.0,3.0,1,0,0.0,0.0,257.7,0.0,5.0,1,Stopped,0,0,0,0,0,VALID,VALID
21C-04064,2026-08-10 03:11:00,257.7,0.0,0.0,"Xã Yên Bình, Tỉnh Lào Cai",0.0,2.0,1,0,0.0,0.0,257.7,0.0,5.0,1,Stopped,0,0,0,0,0,VALID,VALID
21C-04064,2026-08-10 03:13:00,257.7,0.0,0.0,"Xã Yên Bình, Tỉnh Lào Cai",0.0,2.0,1,0,0.0,0.0,257.7,0.0,5.0,1,Stopped,0,0,0,0,0,VALID,VALID
21C-04064,2026-08-10 03:15:00,257.7,0.0,0.0,"Xã Yên Bình, Tỉnh Lào Cai",0.0,2.0,1,0,0.0,0.0,257.7,0.0,5.0,1,Stopped,0,0,0,0,0,VALID,VALID
21C-04064,2026-08-10 03:18:00,257.7,0.0,0.0,"Xã Yên Bình, Tỉnh Lào Cai",0.0,3.0,1,0,0.0,0.0,257.7,0.0,5.0,1,Stopped,0,0,0,0,0,VALID,VALID
21C-04064,2026-08-10 03:20:00,257.7,0.0,0.0,"Xã Yên Bình, Tỉnh Lào Cai",0.0,2.0,1,0,0.0,0.0,257.7,0.0,5.0,1,Stopped,0,0,0,0,0,VALID,VALID
21C-04064,2026-08-10 03:22:00,257.7,0.0,0.0,"Xã Yên Bình, Tỉnh Lào Cai",0.0,2.0,1,0,0.0,0.0,257.7,0.0,5.0,1,Stopped,0,0,0,0,0,VALID,VALID
21C-04064,2026-08-10 03:24:00,257.7,0.0,0.0,"Xã Yên Bình, Tỉnh Lào Cai",0.0,2.0,1,0,0.0,0.0,257.7,0.0,5.0,1,Stopped,0,0,0,0,0,VALID,VALID
21C-04064,2026-08-10 03:26:00,257.7,0.0,0.0,"Xã Yên Bình, Tỉnh Lào Cai",0.0,2.0,1,0,0.0,0.0,257.7,0.0,5.0,1,Stopped,0,0,0,0,0,VALID,VALID
21C-04064,2026-08-10 03:28:00,257.7,0.0,0.0,"Xã Yên Bình, Tỉnh Lào Cai",0.0,2.0,1,0,0.0,0.0,257.7,0.0,5.0,1,Stopped,0,0,0,0,0,VALID,VALID
21C-04064,2026-08-10 03:31:00,257.7,0.0,0.0,"Xã Yên Bình, Tỉnh Lào Cai",0.0,3.0,1,0,0.0,0.0,257.7,0.0,5.0,1,Stopped,0,0,0,0,0,VALID,VALID
21C-04064,2026-08-10 03:33:00,257.7,0.0,0.0,"Xã Yên Bình, Tỉnh Lào Cai",0.0,2.0,1,0,0.0,0.0,257.7,0.0,5.0,1,Stopped,0,0,0,0,0,VALID,VALID
21C-04064,2026-08-10 03:35:00,257.7,0.0,0.0,"Xã Yên Bình, Tỉnh Lào Cai",0.0,2.0,1,0,0.0,0.0,257.7,0.0,5.0,1,Stopped,0,0,0,0,0,VALID,VALID
21C-04064,2026-08-10 03:37:00,257.7,0.0,0.0,"Xã Yên Bình, Tỉnh Lào Cai",0.0,2.0,1,0,0.0,0.0,257.7,0.0,5.0,1,Stopped,0,0,0,0,0,VALID,VALID
21C-04064,2026-08-10 03:39:00,257.7,0.0,0.0,"Xã Yên Bình, Tỉnh Lào Cai",0.0,2.0,1,0,0.0,0.0,257.7,0.0,5.0,1,Stopped,0,0,0,0,0,VALID,VALID
21C-04064,2026-08-10 03:42:00,257.7,0.0,0.0,"Xã Yên Bình, Tỉnh Lào Cai",0.0,3.0,1,0,0.0,0.0,257.7,0.0,5.0,1,Stopped,0,0,0,0,0,VALID,VALID
21C-04064,2026-08-10 03:44:00,257.7,0.0,0.0,"Xã Yên Bình, Tỉnh Lào Cai",0.0,2.0,1,0,0.0,0.0,257.7,0.0,5.0,1,Stopped,0,0,0,0,0,VALID,VALID
21C-04064,2026-08-10 03:46:00,257.7,0.0,0.0,"Xã Yên Bình, Tỉnh Lào Cai",0.0,2.0,1,0,0.0,0.0,257.7,0.0,5.0,1,Stopped,0,0,0,0,0,VALID,VALID
21C-04064,2026-08-10 03:48:00,257.7,0.0,0.0,"Xã Yên Bình, Tỉnh Lào Cai",0.0,2.0,1,0,0.0,0.0,257.7,0.0,5.0,1,Stopped,0,0,0,0,0,VALID,VALID
21C-04064,2026-08-10 03:50:00,257.7,0.0,0.0,"Xã Yên Bình, Tỉnh Lào Cai",0.0,2.0,1,0,0.0,0.0,257.7,0.0,5.0,1,Stopped,0,0,0,0,0,VALID,VALID
21C-04064,2026-08-10 03:52:00,257.7,0.0,0.0,"Xã Yên Bình, Tỉnh Lào Cai",0.0,2.0,1,0,0.0,0.0,257.7,0.0,5.0,1,Stopped,0,0,0,0,0,VALID,VALID
21C-04064,2026-08-10 03:55:00,257.7,0.0,0.0,"Xã Yên Bình, Tỉnh Lào Cai",0.0,3.0,1,0,0.0,0.0,257.7,0.0,5.0,1,Stopped,0,0,0,0,0,VALID,VALID
21C-04064,2026-08-10 03:57:00,257.7,0.0,0.0,"Xã Yên Bình, Tỉnh Lào Cai",0.0,2.0,1,0,0.0,0.0,257.7,0.0,5.0,1,Stopped,0,0,0,0,0,VALID,VALID
21C-04064,2026-08-10 03:59:00,257.7,0.0,0.0,"Xã Yên Bình, Tỉnh Lào Cai",0.0,2.0,1,0,0.0,0.0,257.7,0.0,5.0,1,Stopped,0,0,0,0,0,VALID,VALID
21C-04064,2026-08-10 04:01:00,257.7,0.0,0.0,"Xã Yên Bình, Tỉnh Lào Cai",0.0,2.0,1,0,0.0,0.0,257.7,0.0,5.0,1,Stopped,0,0,0,0,0,VALID,VALID
21C-04064,2026-08-10 04:03:00,257.7,0.0,0.0,"Xã Yên Bình, Tỉnh Lào Cai",0.0,2.0,1,0,0.0,0.0,257.7,0.0,5.0,1,Stopped,0,0,0,0,0,VALID,VALID
21C-04064,2026-08-10 04:06:00,257.7,0.0,0.0,"Xã Yên Bình, Tỉnh Lào Cai",0.0,3.0,1,0,0.0,0.0,257.7,0.0,5.0,1,Stopped,0,0,0,0,0,VALID,VALID
21C-04064,2026-08-10 04:08:00,257.7,0.0,0.0,"Xã Yên Bình, Tỉnh Lào Cai",0.0,2.0,1,0,0.0,0.0,257.7,0.0,5.0,1,Stopped,0,0,0,0,0,VALID,VALID
21C-04064,2026-08-10 04:10:00,257.7,0.0,0.0,"Xã Yên Bình, Tỉnh Lào Cai",0.0,2.0,1,0,0.0,0.0,257.7,0.0,5.0,1,Stopped,0,0,0,0,0,VALID,VALID
21C-04064,2026-08-10 04:12:00,257.7,0.0,0.0,"Xã Yên Bình, Tỉnh Lào Cai",0.0,2.0,1,0,0.0,0.0,257.7,0.0,5.0,1,Stopped,0,0,0,0,0,VALID,VALID
21C-04064,2026-08-10 04:14:00,257.7,0.0,0.0,"Xã Yên Bình, Tỉnh Lào Cai",0.0,2.0,1,0,0.0,0.0,257.7,0.0,5.0,1,Stopped,0,0,0,0,0,VALID,VALID
21C-04064,2026-08-10 04:16:00,257.7,0.0,0.0,"Xã Yên Bình, Tỉnh Lào Cai",0.0,2.0,1,0,0.0,0.0,257.7,0.0,5.0,1,Stopped,0,0,0,0,0,VALID,VALID
21C-04064,2026-08-10 04:19:00,257.7,0.0,0.0,"Xã Yên Bình, Tỉnh Lào Cai",0.0,3.0,1,0,0.0,0.0,257.7,0.0,5.0,1,Stopped,0,0,0,0,0,VALID,VALID
21C-04064,2026-08-10 04:21:00,257.7,0.0,0.0,"Xã Yên Bình, Tỉnh Lào Cai",0.0,2.0,1,0,0.0,0.0,257.7,0.0,5.0,1,Stopped,0,0,0,0,0,VALID,VALID
21C-04064,2026-08-10 04:23:00,257.7,0.0,0.0,"Xã Yên Bình, Tỉnh Lào Cai",0.0,2.0,1,0,0.0,0.0,257.7,0.0,5.0,1,Stopped,0,0,0,0,0,VALID,VALID
21C-04064,2026-08-10 04:25:00,257.7,0.0,0.0,"Xã Yên Bình, Tỉnh Lào Cai",0.0,2.0,1,0,0.0,0.0,257.7,0.0,5.0,1,Stopped,0,0,0,0,0,VALID,VALID
21C-04064,2026-08-10 04:27:00,257.7,0.0,0.0,"Xã Yên Bình, Tỉnh Lào Cai",0.0,2.0,1,0,0.0,0.0,257.7,0.0,5.0,1,Stopped,0,0,0,0,0,VALID,VALID
21C-04064,2026-08-10 04:30:00,257.7,0.0,0.0,"Xã Yên Bình, Tỉnh Lào Cai",0.0,3.0,1,0,0.0,0.0,257.7,0.0,5.0,1,Stopped,0,0,0,0,0,VALID,VALID
21C-04064,2026-08-10 04:32:00,257.7,0.0,0.0,"Xã Yên Bình, Tỉnh Lào Cai",0.0,2.0,1,0,0.0,0.0,257.7,0.0,5.0,1,Stopped,0,0,0,0,0,VALID,VALID
21C-04064,2026-08-10 04:34:00,257.7,0.0,0.0,"Xã Yên Bình, Tỉnh Lào Cai",0.0,2.0,1,0,0.0,0.0,257.7,0.0,5.0,1,Stopped,0,0,0,0,0,VALID,VALID
21C-04064,2026-08-10 04:36:00,257.7,0.0,0.0,"Xã Yên Bình, Tỉnh Lào Cai",0.0,2.0,1,0,0.0,0.0,257.7,0.0,5.0,1,Stopped,0,0,0,0,0,VALID,VALID
21C-04064,2026-08-10 04:38:00,257.7,0.0,0.0,"Xã Yên Bình, Tỉnh Lào Cai",0.0,2.0,1,0,0.0,0.0,257.7,0.0,5.0,1,Stopped,0,0,0,0,0,VALID,VALID
21C-04064,2026-08-10 04:40:00,257.7,0.0,0.0,"Xã Yên Bình, Tỉnh Lào Cai",0.0,2.0,1,0,0.0,0.0,257.7,0.0,5.0,1,Stopped,0,0,0,0,0,VALID,VALID
21C-04064,2026-08-10 04:43:00,257.7,0.0,0.0,"Xã Yên Bình, Tỉnh Lào Cai",0.0,3.0,1,0,0.0,0.0,257.7,0.0,5.0,1,Stopped,0,0,0,0,0,VALID,VALID
21C-04064,2026-08-10 04:45:00,257.7,0.0,0.0,"Xã Yên Bình, Tỉnh Lào Cai",0.0,2.0,1,0,0.0,0.0,257.7,0.0,5.0,1,Stopped,0,0,0,0,0,VALID,VALID
21C-04064,2026-08-10 04:47:00,257.7,0.0,0.0,"Xã Yên Bình, Tỉnh Lào Cai",0.0,2.0,1,0,0.0,0.0,257.7,0.0,5.0,1,Stopped,0,0,0,0,0,VALID,VALID
21C-04064,2026-08-10 04:49:00,257.7,0.0,0.0,"Xã Yên Bình, Tỉnh Lào Cai",0.0,2.0,1,0,0.0,0.0,257.7,0.0,5.0,1,Stopped,0,0,0,0,0,VALID,VALID
21C-04064,2026-08-10 04:51:00,257.7,0.0,0.0,"Xã Yên Bình, Tỉnh Lào Cai",0.0,2.0,1,0,0.0,0.0,257.7,0.0,5.0,1,Stopped,0,0,0,0,0,VALID,VALID
21C-04064,2026-08-10 04:54:00,257.7,0.0,0.0,"Xã Yên Bình, Tỉnh Lào Cai",0.0,3.0,1,0,0.0,0.0,257.7,0.0,5.0,1,Stopped,0,0,0,0,0,VALID,VALID
21C-04064,2026-08-10 04:56:00,257.7,0.0,0.0,"Xã Yên Bình, Tỉnh Lào Cai",0.0,2.0,1,0,0.0,0.0,257.7,0.0,5.0,1,Stopped,0,0,0,0,0,VALID,VALID
21C-04064,2026-08-10 04:58:00,257.7,0.0,0.0,"Xã Yên Bình, Tỉnh Lào Cai",0.0,2.0,1,0,0.0,0.0,257.7,0.0,5.0,1,Stopped,0,0,0,0,0,VALID,VALID
21C-04064,2026-08-10 05:00:00,257.7,0.0,0.0,"Xã Yên Bình, Tỉnh Lào Cai",0.0,2.0,1,0,0.0,0.0,257.7,0.0,5.0,1,Stopped,0,0,0,0,0,VALID,VALID
21C-04064,2026-08-10 05:02:00,257.7,0.0,0.0,"Xã Yên Bình, Tỉnh Lào Cai",0.0,2.0,1,0,0.0,0.0,257.7,0.0,5.0,1,Stopped,0,0,0,0,0,VALID,VALID
21C-04064,2026-08-10 05:04:00,257.7,0.0,0.0,"Xã Yên Bình, Tỉnh Lào Cai",0.0,2.0,1,0,0.0,0.0,257.7,0.0,5.0,1,Stopped,0,0,0,0,0,VALID,VALID
21C-04064,2026-08-10 05:07:00,257.7,0.0,0.0,"Xã Yên Bình, Tỉnh Lào Cai",0.0,3.0,1,0,0.0,0.0,257.7,0.0,5.0,1,Stopped,0,0,0,0,0,VALID,VALID
21C-04064,2026-08-10 05:09:00,257.7,0.0,0.0,"Xã Yên Bình, Tỉnh Lào Cai",0.0,2.0,1,0,0.0,0.0,257.7,0.0,5.0,1,Stopped,0,0,0,0,0,VALID,VALID
21C-04064,2026-08-10 05:11:00,257.7,0.0,0.0,"Xã Yên Bình, Tỉnh Lào Cai",0.0,2.0,1,0,0.0,0.0,257.7,0.0,5.0,1,Stopped,0,0,0,0,0,VALID,VALID
21C-04064,2026-08-10 05:13:00,257.7,0.0,0.0,"Xã Yên Bình, Tỉnh Lào Cai",0.0,2.0,1,0,0.0,0.0,257.7,0.0,5.0,1,Stopped,0,0,0,0,0,VALID,VALID
21C-04064,2026-08-10 05:15:00,257.7,0.0,0.0,"Xã Yên Bình, Tỉnh Lào Cai",0.0,2.0,1,0,0.0,0.0,257.7,0.0,5.0,1,Stopped,0,0,0,0,0,VALID,VALID
21C-04064,2026-08-10 05:18:00,257.7,0.0,0.0,"Xã Yên Bình, Tỉnh Lào Cai",0.0,3.0,1,0,0.0,0.0,257.7,0.0,5.0,1,Stopped,0,0,0,0,0,VALID,VALID
21C-04064,2026-08-10 05:20:00,257.7,0.0,0.0,"Xã Yên Bình, Tỉnh Lào Cai",0.0,2.0,1,0,0.0,0.0,257.7,0.0,5.0,1,Stopped,0,0,0,0,0,VALID,VALID
21C-04064,2026-08-10 05:22:00,257.7,0.0,0.0,"Xã Yên Bình, Tỉnh Lào Cai",0.0,2.0,1,0,0.0,0.0,257.7,0.0,5.0,1,Stopped,0,0,0,0,0,VALID,VALID
21C-04064,2026-08-10 05:24:00,257.7,0.0,0.0,"Xã Yên Bình, Tỉnh Lào Cai",0.0,2.0,1,0,0.0,0.0,257.7,0.0,5.0,1,Stopped,0,0,0,0,0,VALID,VALID
21C-04064,2026-08-10 05:26:00,257.7,0.0,0.0,"Xã Yên Bình, Tỉnh Lào Cai",0.0,2.0,1,0,0.0,0.0,257.7,0.0,5.0,1,Stopped,0,0,0,0,0,VALID,VALID
21C-04064,2026-08-10 05:28:00,257.7,0.0,0.0,"Xã Yên Bình, Tỉnh Lào Cai",0.0,2.0,1,0,0.0,0.0,257.7,0.0,5.0,1,Stopped,0,0,0,0,0,VALID,VALID
21C-04064,2026-08-10 05:31:00,257.7,0.0,0.0,"Xã Yên Bình, Tỉnh Lào Cai",0.0,3.0,1,0,0.0,0.0,257.7,0.0,5.0,1,Stopped,0,0,0,0,0,VALID,VALID
21C-04064,2026-08-10 05:33:00,257.7,0.0,0.0,"Xã Yên Bình, Tỉnh Lào Cai",0.0,2.0,1,0,0.0,0.0,257.7,0.0,5.0,1,Stopped,0,0,0,0,0,VALID,VALID
21C-04064,2026-08-10 05:35:00,257.7,0.0,0.0,"Xã Yên Bình, Tỉnh Lào Cai",0.0,2.0,1,0,0.0,0.0,257.7,0.0,5.0,1,Stopped,0,0,0,0,0,VALID,VALID
21C-04064,2026-08-10 05:37:00,257.7,0.0,0.0,"Xã Yên Bình, Tỉnh Lào Cai",0.0,2.0,1,0,0.0,0.0,257.7,0.0,5.0,1,Stopped,0,0,0,0,0,VALID,VALID
21C-04064,2026-08-10 05:40:00,257.7,0.0,0.0,"Xã Yên Bình, Tỉnh Lào Cai",0.0,3.0,1,0,0.0,0.0,257.7,0.0,5.0,1,Stopped,0,0,0,0,0,VALID,VALID
21C-04064,2026-08-10 05:42:00,257.7,0.0,0.0,"Xã Yên Bình, Tỉnh Lào Cai",0.0,2.0,1,0,0.0,0.0,257.7,0.0,5.0,1,Stopped,0,0,0,0,0,VALID,VALID
21C-04064,2026-08-10 05:44:00,257.7,0.0,0.0,"Xã Yên Bình, Tỉnh Lào Cai",0.0,2.0,1,0,0.0,0.0,257.7,0.0,5.0,1,Stopped,0,0,0,0,0,VALID,VALID
21C-04064,2026-08-10 05:46:00,257.7,0.0,0.0,"Xã Yên Bình, Tỉnh Lào Cai",0.0,2.0,1,0,0.0,0.0,257.7,0.0,5.0,1,Stopped,0,0,0,0,0,VALID,VALID
21C-04064,2026-08-10 05:48:00,257.7,0.0,0.0,"Xã Yên Bình, Tỉnh Lào Cai",0.0,2.0,1,0,0.0,0.0,257.7,0.0,5.0,1,Stopped,0,0,0,0,0,VALID,VALID
21C-04064,2026-08-10 05:50:00,257.7,0.0,0.0,"Xã Yên Bình, Tỉnh Lào Cai",0.0,2.0,1,0,0.0,0.0,257.7,0.0,5.0,1,Stopped,0,0,0,0,0,VALID,VALID
21C-04064,2026-08-10 05:53:00,257.7,0.0,0.0,"Xã Yên Bình, Tỉnh Lào Cai",0.0,3.0,1,0,0.0,0.0,257.7,0.0,5.0,1,Stopped,0,0,0,0,0,VALID,VALID
21C-04064,2026-08-10 05:55:00,257.7,0.0,0.0,"Xã Yên Bình, Tỉnh Lào Cai",0.0,2.0,1,0,0.0,0.0,257.7,0.0,5.0,1,Stopped,0,0,0,0,0,VALID,VALID
21C-04064,2026-08-10 05:57:00,257.7,0.0,0.0,"Xã Yên Bình, Tỉnh Lào Cai",0.0,2.0,1,0,0.0,0.0,257.7,0.0,5.0,1,Stopped,0,0,0,0,0,VALID,VALID
21C-04064,2026-08-10 05:59:00,257.7,0.0,0.0,"Xã Yên Bình, Tỉnh Lào Cai",0.0,2.0,1,0,0.0,0.0,257.7,0.0,5.0,1,Stopped,0,0,0,0,0,VALID,VALID
21C-04064,2026-08-10 06:01:00,257.7,0.0,0.0,"Xã Yên Bình, Tỉnh Lào Cai",0.0,2.0,1,0,0.0,0.0,257.7,0.0,5.0,1,Stopped,0,0,0,0,0,VALID,VALID
21C-04064,2026-08-10 06:04:00,257.7,0.0,0.0,"Xã Yên Bình, Tỉnh Lào Cai",0.0,3.0,1,0,0.0,0.0,257.7,0.0,5.0,1,Stopped,0,0,0,0,0,VALID,VALID
21C-04064,2026-08-10 06:06:00,257.7,0.0,0.0,"Xã Yên Bình, Tỉnh Lào Cai",0.0,2.0,1,0,0.0,0.0,257.7,0.0,5.0,1,Stopped,0,0,0,0,0,VALID,VALID
21C-04064,2026-08-10 06:08:00,257.7,0.0,0.0,"Xã Yên Bình, Tỉnh Lào Cai",0.0,2.0,1,0,0.0,0.0,257.7,0.0,5.0,1,Stopped,0,0,0,0,0,VALID,VALID
21C-04064,2026-08-10 06:10:00,257.7,0.0,0.0,"Xã Yên Bình, Tỉnh Lào Cai",0.0,2.0,1,0,0.0,0.0,257.7,0.0,5.0,1,Stopped,0,0,0,0,0,VALID,VALID
21C-04064,2026-08-10 06:12:00,257.7,0.0,0.0,"Xã Yên Bình, Tỉnh Lào Cai",0.0,2.0,1,0,0.0,0.0,257.7,0.0,5.0,1,Stopped,0,0,0,0,0,VALID,VALID
21C-04064,2026-08-10 06:14:00,257.7,0.0,0.0,"Xã Yên Bình, Tỉnh Lào Cai",0.0,2.0,1,0,0.0,0.0,257.7,0.0,5.0,1,Stopped,0,0,0,0,0,VALID,VALID
21C-04064,2026-08-10 06:17:00,257.7,0.0,0.0,"Xã Yên Bình, Tỉnh Lào Cai",0.0,3.0,1,0,0.0,0.0,257.7,0.0,5.0,1,Stopped,0,0,0,0,0,VALID,VALID
21C-04064,2026-08-10 06:19:00,257.7,0.0,0.0,"Xã Yên Bình, Tỉnh Lào Cai",0.0,2.0,1,0,0.0,0.0,257.7,0.0,5.0,1,Stopped,0,0,0,0,0,VALID,VALID
21C-04064,2026-08-10 06:21:00,257.7,0.0,0.0,"Xã Yên Bình, Tỉnh Lào Cai",0.0,2.0,1,0,0.0,0.0,257.7,0.0,5.0,1,Stopped,0,0,0,0,0,VALID,VALID
21C-04064,2026-08-10 06:23:00,257.7,0.0,0.0,"Xã Yên Bình, Tỉnh Lào Cai",0.0,2.0,1,0,0.0,0.0,257.7,0.0,5.0,1,Stopped,0,0,0,0,0,VALID,VALID
21C-04064,2026-08-10 06:25:00,257.7,0.0,0.0,"Xã Yên Bình, Tỉnh Lào Cai",0.0,2.0,1,0,0.0,0.0,257.7,0.0,5.0,1,Stopped,0,0,0,0,0,VALID,VALID
21C-04064,2026-08-10 06:28:00,257.7,0.0,0.0,"Xã Yên Bình, Tỉnh Lào Cai",0.0,3.0,1,0,0.0,0.0,257.7,0.0,5.0,1,Stopped,0,0,0,0,0,VALID,VALID
21C-04064,2026-08-10 06:30:00,257.7,0.0,0.0,"Xã Yên Bình, Tỉnh Lào Cai",0.0,2.0,1,0,0.0,0.0,257.7,0.0,5.0,1,Stopped,0,0,0,0,0,VALID,VALID
21C-04064,2026-08-10 06:32:00,257.7,0.0,0.0,"Xã Yên Bình, Tỉnh Lào Cai",0.0,2.0,1,0,0.0,0.0,257.7,0.0,5.0,1,Stopped,0,0,0,0,0,VALID,VALID
21C-04064,2026-08-10 06:34:00,257.7,0.0,0.0,"Xã Yên Bình, Tỉnh Lào Cai",0.0,2.0,1,0,0.0,0.0,257.7,0.0,5.0,1,Stopped,0,0,0,0,0,VALID,VALID
21C-04064,2026-08-10 06:36:00,257.7,0.0,0.0,"Xã Yên Bình, Tỉnh Lào Cai",0.0,2.0,1,0,0.0,0.0,257.7,0.0,5.0,1,Stopped,0,0,0,0,0,VALID,VALID
21C-04064,2026-08-10 06:38:00,257.7,0.0,0.0,"Xã Yên Bình, Tỉnh Lào Cai",0.0,2.0,1,0,0.0,0.0,257.7,0.0,5.0,1,Stopped,0,0,0,0,0,VALID,VALID
21C-04064,2026-08-10 06:41:00,257.7,0.0,0.0,"Xã Yên Bình, Tỉnh Lào Cai",0.0,3.0,1,0,0.0,0.0,257.7,0.0,5.0,1,Stopped,0,0,0,0,0,VALID,VALID
21C-04064,2026-08-10 06:43:00,257.7,0.0,0.0,"Xã Yên Bình, Tỉnh Lào Cai",0.0,2.0,1,0,0.0,0.0,257.7,0.0,5.0,1,Stopped,0,0,0,0,0,VALID,VALID
21C-04064,2026-08-10 06:45:00,257.7,0.0,0.0,"Xã Yên Bình, Tỉnh Lào Cai",0.0,2.0,1,0,0.0,0.0,257.7,0.0,5.0,1,Stopped,0,0,0,0,0,VALID,VALID
21C-04064,2026-08-10 06:47:00,257.7,0.0,0.0,"Xã Yên Bình, Tỉnh Lào Cai",0.0,2.0,1,0,0.0,0.0,257.7,0.0,5.0,1,Stopped,0,0,0,0,0,VALID,VALID
21C-04064,2026-08-10 06:49:00,257.7,0.0,0.0,"Xã Yên Bình, Tỉnh Lào Cai",0.0,2.0,1,0,0.0,0.0,257.7,0.0,5.0,1,Stopped,0,0,0,0,0,VALID,VALID
21C-04064,2026-08-10 06:52:00,257.7,0.0,0.0,"Xã Yên Bình, Tỉnh Lào Cai",0.0,3.0,1,0,0.0,0.0,257.7,0.0,5.0,1,Stopped,0,0,0,0,0,VALID,VALID
21C-04064,2026-08-10 06:54:00,257.7,0.0,0.0,"Xã Yên Bình, Tỉnh Lào Cai",0.0,2.0,1,0,0.0,0.0,257.7,0.0,5.0,1,Stopped,0,0,0,0,0,VALID,VALID
21C-04064,2026-08-10 06:56:00,257.7,0.0,0.0,"Xã Yên Bình, Tỉnh Lào Cai",0.0,2.0,1,0,0.0,0.0,257.7,0.0,5.0,1,Stopped,0,0,0,0,0,VALID,VALID
21C-04064,2026-08-10 06:58:00,257.7,0.0,0.0,"Xã Yên Bình, Tỉnh Lào Cai",0.0,2.0,1,0,0.0,0.0,257.7,0.0,5.0,1,Stopped,0,0,0,0,0,VALID,VALID
21C-04064,2026-08-10 07:00:00,257.7,0.0,0.0,"Xã Yên Bình, Tỉnh Lào Cai",0.0,2.0,1,0,0.0,0.0,257.7,0.0,5.0,1,Stopped,0,0,0,0,0,VALID,VALID
21C-04064,2026-08-10 07:02:00,257.7,0.0,0.0,"Xã Yên Bình, Tỉnh Lào Cai",0.0,2.0,1,0,0.0,0.0,257.7,0.0,5.0,1,Stopped,0,0,0,0,0,VALID,VALID
21C-04064,2026-08-10 07:05:00,257.7,0.0,0.0,"Xã Yên Bình, Tỉnh Lào Cai",0.0,3.0,1,0,0.0,0.0,257.7,0.0,5.0,1,Stopped,0,0,0,0,0,VALID,VALID
21C-04064,2026-08-10 07:07:00,257.7,0.0,0.0,"Xã Yên Bình, Tỉnh Lào Cai",0.0,2.0,1,0,0.0,0.0,257.7,0.0,5.0,1,Stopped,0,0,0,0,0,VALID,VALID
21C-04064,2026-08-10 07:09:00,257.7,0.0,0.0,"Xã Yên Bình, Tỉnh Lào Cai",0.0,2.0,1,0,0.0,0.0,257.7,0.0,5.0,1,Stopped,0,0,0,0,0,VALID,VALID
21C-04064,2026-08-10 07:11:00,257.7,0.0,0.0,"Xã Yên Bình, Tỉnh Lào Cai",0.0,2.0,1,0,0.0,0.0,257.7,0.0,5.0,1,Stopped,0,0,0,0,0,VALID,VALID
21C-04064,2026-08-10 07:13:00,257.7,0.0,0.0,"Xã Yên Bình, Tỉnh Lào Cai",0.0,2.0,1,0,0.0,0.0,257.7,0.0,5.0,1,Stopped,0,0,0,0,0,VALID,VALID
21C-04064,2026-08-10 07:16:00,257.7,0.0,0.0,"Xã Yên Bình, Tỉnh Lào Cai",0.0,3.0,1,0,0.0,0.0,257.7,0.0,5.0,1,Stopped,0,0,0,0,0,VALID,VALID
21C-04064,2026-08-10 07:18:00,257.7,0.0,0.0,"Xã Yên Bình, Tỉnh Lào Cai",0.0,2.0,1,0,0.0,0.0,257.7,0.0,5.0,1,Stopped,0,0,0,0,0,VALID,VALID
21C-04064,2026-08-10 07:20:00,257.7,0.0,0.0,"Xã Yên Bình, Tỉnh Lào Cai",0.0,2.0,1,0,0.0,0.0,257.7,0.0,5.0,1,Stopped,0,0,0,0,0,VALID,VALID
21C-04064,2026-08-10 07:22:00,257.7,0.0,0.0,"Xã Yên Bình, Tỉnh Lào Cai",0.0,2.0,1,0,0.0,0.0,257.7,0.0,5.0,1,Stopped,0,0,0,0,0,VALID,VALID
21C-04064,2026-08-10 07:24:00,257.7,0.0,0.0,"Xã Yên Bình, Tỉnh Lào Cai",0.0,2.0,1,0,0.0,0.0,257.7,0.0,5.0,1,Stopped,0,0,0,0,0,VALID,VALID
21C-04064,2026-08-10 07:26:00,257.7,0.0,0.0,"Xã Yên Bình, Tỉnh Lào Cai",0.0,2.0,1,0,0.0,0.0,257.7,0.0,5.0,1,Stopped,0,0,0,0,0,VALID,VALID
21C-04064,2026-08-10 07:29:00,257.7,0.0,0.0,"Xã Yên Bình, Tỉnh Lào Cai",0.0,3.0,1,0,0.0,0.0,257.7,0.0,5.0,1,Stopped,0,0,0,0,0,VALID,VALID
21C-04064,2026-08-10 07:31:00,257.7,0.0,0.0,"Xã Yên Bình, Tỉnh Lào Cai",0.0,2.0,1,0,0.0,0.0,257.7,0.0,5.0,1,Stopped,0,0,0,0,0,VALID,VALID
21C-04064,2026-08-10 07:33:00,257.7,0.0,0.0,"Xã Yên Bình, Tỉnh Lào Cai",0.0,2.0,1,0,0.0,0.0,257.7,0.0,5.0,1,Stopped,0,0,0,0,0,VALID,VALID
21C-04064,2026-08-10 07:35:00,257.7,0.0,0.0,"Xã Yên Bình, Tỉnh Lào Cai",0.0,2.0,1,0,0.0,0.0,257.7,0.0,5.0,1,Stopped,0,0,0,0,0,VALID,VALID
21C-04064,2026-08-10 07:37:00,257.7,0.0,0.0,"Xã Yên Bình, Tỉnh Lào Cai",0.0,2.0,1,0,0.0,0.0,257.7,0.0,5.0,1,Stopped,0,0,0,0,0,VALID,VALID
21C-04064,2026-08-10 07:40:00,257.7,0.0,0.0,"Xã Yên Bình, Tỉnh Lào Cai",0.0,3.0,1,0,0.0,0.0,257.7,0.0,5.0,1,Stopped,0,0,0,0,0,VALID,VALID
21C-04064,2026-08-10 07:42:00,257.7,0.0,0.0,"Xã Yên Bình, Tỉnh Lào Cai",0.0,2.0,1,0,0.0,0.0,257.7,0.0,5.0,1,Stopped,0,0,0,0,0,VALID,VALID
21C-04064,2026-08-10 07:44:00,257.7,0.0,0.0,"Xã Yên Bình, Tỉnh Lào Cai",0.0,2.0,1,0,0.0,0.0,257.7,0.0,5.0,1,Stopped,0,0,0,0,0,VALID,VALID
21C-04064,2026-08-10 07:46:00,257.7,0.0,0.0,"Xã Yên Bình, Tỉnh Lào Cai",0.0,2.0,1,0,0.0,0.0,257.7,0.0,5.0,1,Stopped,0,0,0,0,0,VALID,VALID
21C-04064,2026-08-10 07:48:00,257.7,0.0,0.0,"Xã Yên Bình, Tỉnh Lào Cai",0.0,2.0,1,0,0.0,0.0,257.7,0.0,5.0,1,Stopped,0,0,0,0,0,VALID,VALID
21C-04064,2026-08-10 07:50:00,257.7,0.0,0.0,"Xã Yên Bình, Tỉnh Lào Cai",0.0,2.0,1,0,0.0,0.0,257.7,0.0,5.0,1,Stopped,0,0,0,0,0,VALID,VALID
21C-04064,2026-08-10 07:52:00,257.6,0.0,0.0,"Xã Yên Bình, Tỉnh Lào Cai",0.0,2.0,1,0,-0.0999999999999659,-0.04999999999998295,257.7,0.04472135954998375,5.0,1,Stopped,0,0,0,0,0,VALID,VALID
21C-04064,2026-08-10 07:54:00,257.9,0.0,0.0,"Xã Yên Bình, Tỉnh Lào Cai",0.0,2.0,1,0,0.2999999999999545,0.14999999999997726,257.7,0.1095445115010095,5.0,1,Stopped,0,0,0,0,0,VALID,VALID
21C-04064,2026-08-10 07:56:00,258.0,0.0,0.0,"Xã Yên Bình, Tỉnh Lào Cai",0.0,2.0,1,0,0.10000000000002274,0.05000000000001137,257.7,0.16431676725152278,5.0,1,Stopped,0,0,0,0,0,VALID,VALID
21C-04064,2026-08-10 07:58:00,257.9,0.0,0.0,"Xã Yên Bình, Tỉnh Lào Cai",0.0,2.0,1,0,-0.10000000000002274,-0.05000000000001137,257.9,0.16431676725150376,5.0,1,Stopped,0,0,0,0,0,VALID,VALID
21C-04064,2026-08-10 08:00:00,257.6,0.0,0.0,"Xã Yên Bình, Tỉnh Lào Cai",0.0,2.0,1,0,-0.2999999999999545,-0.14999999999997726,257.9,0.18708286933865834,5.0,1,Stopped,0,0,0,0,0,VALID,VALID
21C-04064,2026-08-10 08:02:00,257.4,0.0,0.0,"Xã Yên Bình, Tỉnh Lào Cai",0.0,2.0,1,0,-0.20000000000004547,-0.10000000000002274,257.9,0.2509980079602166,5.0,1,Stopped,0,0,0,0,0,VALID,VALID
21C-04064,2026-08-10 08:04:00,257.3,0.0,0.0,"Xã Yên Bình, Tỉnh Lào Cai",0.0,2.0,1,0,-0.0999999999999659,-0.04999999999998295,257.6,0.30495901363955913,5.0,1,Stopped,0,0,0,0,0,VALID,VALID
21C-04064,2026-08-10 08:06:00,257.1,0.0,0.0,"Xã Yên Bình, Tỉnh Lào Cai",0.0,2.0,1,0,-0.19999999999998863,-0.09999999999999432,257.4,0.3049590136395864,5.0,1,Stopped,0,0,0,0,0,VALID,VALID
21C-04064,2026-08-10 08:08:00,257.1,0.0,0.0,"Xã Yên Bình, Tỉnh Lào Cai",0.0,2.0,1,0,0.0,0.0,257.3,0.21213203435606287,5.0,1,Stopped,0,0,0,0,0,VALID,VALID
21C-04064,2026-08-10 08:11:00,257.1,0.0,0.0,"Xã Yên Bình, Tỉnh Lào Cai",0.0,3.0,1,0,0.0,0.0,257.1,0.14142135623745616,5.0,1,Stopped,0,0,0,0,0,VALID,VALID
21C-04064,2026-08-10 08:13:00,257.0,0.0,0.0,"Xã Yên Bình, Tỉnh Lào Cai",0.0,2.0,1,0,-0.10000000000002274,-0.05000000000001137,257.1,0.10954451150129094,5.0,1,Stopped,0,0,0,0,0,VALID,VALID
21C-04064,2026-08-10 08:14:00,257.0,0.0,0.0,"Xã Yên Bình, Tỉnh Lào Cai",0.0,1.0,1,0,0.0,0.0,257.1,0.05477225575108808,5.0,1,Stopped,0,0,0,0,0,VALID,VALID
21C-04064,2026-08-10 08:16:00,258.0,0.0,0.0,"Xã Yên Bình, Tỉnh Lào Cai",0.0,2.0,1,0,1.0,0.5,257.1,0.4277849927241895,5.0,1,Stopped,0,0,0,0,0,VALID,VALID
21C-04064,2026-08-10 08:18:00,258.3,0.0,0.0,"Xã Yên Bình, Tỉnh Lào Cai",0.0,2.0,1,0,0.30000000000001137,0.15000000000000568,257.1,0.6220932405998301,5.0,1,Stopped,0,0,0,0,0,VALID,VALID
21C-04064,2026-08-10 08:20:00,258.5,0.0,0.0,"Xã Yên Bình, Tỉnh Lào Cai",0.0,2.0,1,0,0.19999999999998863,0.09999999999999432,258.0,0.7162401831787581,5.0,1,Stopped,0,0,0,0,0,VALID,VALID
21C-04064,2026-08-10 08:23:00,258.6,0.0,0.0,"Xã Yên Bình, Tỉnh Lào Cai",0.0,3.0,1,0,0.10000000000002274,0.03333333333334091,258.3,0.645755371638399,5.0,1,Stopped,0,0,0,0,0,VALID,VALID
21C-04064,2026-08-10 08:26:00,256.2,0.0,0.0,"Xã Yên Bình, Tỉnh Lào Cai",0.0,3.0,1,0,-2.400000000000034,-0.8000000000000114,258.3,0.9884331034520779,5.0,1,Stopped,0,0,0,0,0,VALID,VALID
21C-04064,2026-08-10 08:28:00,254.7,0.0,0.0,"Xã Yên Bình, Tỉnh Lào Cai",0.0,2.0,1,0,-1.5,-0.75,258.3,1.7386776584519936,5.0,1,Stopped,0,0,0,0,0,VALID,VALID
21C-04064,2026-08-10 08:30:00,254.4,0.0,0.0,"Xã Yên Bình, Tỉnh Lào Cai",0.0,2.0,1,0,-0.29999999999998295,-0.14999999999999147,256.2,2.009228707738436,5.0,1,Stopped,0,0,0,0,0,VALID,VALID
21C-04064,2026-08-10 08:32:00,254.2,0.0,0.0,"Xã Yên Bình, Tỉnh Lào Cai",0.0,2.0,1,0,-0.20000000000001705,-0.10000000000000853,254.7,1.8417383093155275,5.0,1,Stopped,0,0,0,0,0,VALID,VALID
21C-04064,2026-08-10 08:34:00,254.4,0.0,0.0,"Xã Yên Bình, Tỉnh Lào Cai",0.0,2.0,1,0,0.20000000000001705,0.10000000000000853,254.4,0.8136338242726209,5.0,1,Stopped,0,0,0,0,0,VALID,VALID
21C-04064,2026-08-10 08:36:00,254.4,0.0,0.0,"Xã Yên Bình, Tỉnh Lào Cai",0.0,2.0,1,0,0.0,0.0,254.4,0.1788854382015195,5.0,1,Stopped,0,0,0,0,0,VALID,VALID
21C-04064,2026-08-10 08:38:00,254.5,0.0,0.0,"Xã Yên Bình, Tỉnh Lào Cai",0.0,2.0,1,0,0.09999999999999432,0.04999999999999716,254.4,0.10954451150356832,5.0,1,Stopped,0,0,0,0,0,VALID,VALID
21C-04064,2026-08-10 08:41:00,255.4,0.0,0.0,"Xã Yên Bình, Tỉnh Lào Cai",0.0,3.0,1,0,0.9000000000000057,0.3000000000000019,254.4,0.47116875957615917,5.0,1,Stopped,0,0,0,0,0,VALID,VALID
21C-04064,2026-08-10 08:43:00,255.7,0.0,0.0,"Xã Yên Bình, Tỉnh Lào Cai",0.0,2.0,1,0,0.29999999999998295,0.14999999999999147,254.5,0.6220932406002255,5.0,1,Stopped,0,0,0,0,0,VALID,VALID
21C-04064,2026-08-10 08:45:00,255.9,0.0,0.0,"Xã Yên Bình, Tỉnh Lào Cai",0.0,2.0,1,0,0.20000000000001705,0.10000000000000853,255.4,0.6906518659936141,5.0,1,Stopped,0,0,0,0,0,VALID,VALID
21C-04064,2026-08-10 08:48:00,256.1,0.0,0.0,"Xã Yên Bình, Tỉnh Lào Cai",0.0,3.0,1,0,0.20000000000001705,0.06666666666667236,255.7,0.6260990337002893,5.0,1,Stopped,0,0,0,0,0,VALID,VALID
21C-04064,2026-08-10 08:50:00,256.2,0.0,0.0,"Xã Yên Bình, Tỉnh Lào Cai",0.0,2.0,1,0,0.0999999999999659,0.04999999999998295,255.9,0.32093613071826055,5.0,1,Stopped,0,0,0,0,0,VALID,VALID
21C-04064,2026-08-10 08:52:00,256.2,0.0,0.0,"Xã Yên Bình, Tỉnh Lào Cai",0.0,2.0,1,0,0.0,0.0,256.1,0.21679483388771276,5.0,1,Stopped,0,0,0,0,0,VALID,VALID
21C-04064,2026-08-10 08:54:00,256.4,0.0,0.0,"Xã Yên Bình, Tỉnh Lào Cai",0.0,2.0,1,0,0.19999999999998863,0.09999999999999432,256.2,0.1816590212469145,5.0,1,Stopped,0,0,0,0,0,VALID,VALID
21C-04064,2026-08-10 08:56:00,256.4,0.0,0.0,"Xã Yên Bình, Tỉnh Lào Cai",0.0,2.0,1,0,0.0,0.0,256.2,0.13416407865141125,5.0,1,Stopped,0,0,0,0,0,VALID,VALID
21C-04064,2026-08-10 08:58:00,256.5,0.0,0.0,"Xã Yên Bình, Tỉnh Lào Cai",0.0,2.0,1,0,0.10000000000002274,0.05000000000001137,256.4,0.13416407865143876,5.0,1,Stopped,0,0,0,0,0,VALID,VALID
21C-04064,2026-08-10 09:01:00,256.5,0.0,0.0,"Xã Yên Bình, Tỉnh Lào Cai",0.0,3.0,1,0,0.0,0.0,256.4,0.12247448714075253,5.0,1,Stopped,0,0,0,0,0,VALID,VALID
21C-04064,2026-08-10 09:03:00,256.5,0.0,0.0,"Xã Yên Bình, Tỉnh Lào Cai",0.0,2.0,1,0,0.0,0.0,256.5,0.05477225575408993,5.0,1,Stopped,0,0,0,0,0,VALID,VALID
21C-04064,2026-08-10 09:05:00,256.5,0.0,0.0,"Xã Yên Bình, Tỉnh Lào Cai",0.0,2.0,1,0,0.0,0.0,256.5,0.04472135955437823,5.0,1,Stopped,0,0,0,0,0,VALID,VALID
21C-04064,2026-08-10 09:07:00,256.5,0.0,0.0,"Xã Yên Bình, Tỉnh Lào Cai",0.0,2.0,1,0,0.0,0.0,256.5,0.0,5.0,1,Stopped,0,0,0,0,0,VALID,VALID
21C-04064,2026-08-10 09:09:00,256.5,0.0,0.0,"Xã Yên Bình, Tỉnh Lào Cai",0.0,2.0,1,0,0.0,0.0,256.5,0.0,5.0,1,Stopped,0,0,0,0,0,VALID,VALID
21C-04064,2026-08-10 09:12:00,256.5,0.0,0.0,"Xã Yên Bình, Tỉnh Lào Cai",0.0,3.0,1,0,0.0,0.0,256.5,0.0,5.0,1,Stopped,0,0,0,0,0,VALID,VALID
21C-04064,2026-08-10 09:14:00,256.7,0.0,0.0,"Xã Yên Bình, Tỉnh Lào Cai",0.0,2.0,1,0,0.19999999999998863,0.09999999999999432,256.5,0.089442719102206,5.0,1,Stopped,0,0,0,0,0,VALID,VALID
21C-04064,2026-08-10 09:16:00,256.7,0.0,0.0,"Xã Yên Bình, Tỉnh Lào Cai",0.0,2.0,1,0,0.0,0.0,256.5,0.10954451150285088,5.0,1,Stopped,0,0,0,0,0,VALID,VALID
21C-04064,2026-08-10 09:18:00,256.7,0.0,0.0,"Xã Yên Bình, Tỉnh Lào Cai",0.0,2.0,1,0,0.0,0.0,256.7,0.10954451150286257,5.0,1,Stopped,0,0,0,0,0,VALID,VALID
21C-04064,2026-08-10 09:20:00,256.7,0.0,0.0,"Xã Yên Bình, Tỉnh Lào Cai",0.0,2.0,1,0,0.0,0.0,256.7,0.08944271910226559,5.0,1,Stopped,0,0,0,0,0,VALID,VALID
21C-04064,2026-08-10 09:23:00,256.8,0.0,0.0,"Xã Yên Bình, Tỉnh Lào Cai",0.0,3.0,1,0,0.10000000000002274,0.03333333333334091,256.7,0.04472135955470714,5.0,1,Stopped,0,0,0,0,0,VALID,VALID
21C-04064,2026-08-10 09:26:00,257.0,0.0,0.0,"Xã Yên Bình, Tỉnh Lào Cai",0.0,3.0,1,0,0.19999999999998863,0.06666666666666288,256.7,0.13038404810571363,5.0,1,Stopped,0,0,0,0,0,VALID,VALID
21C-04064,2026-08-10 09:28:00,257.0,0.0,0.0,"Xã Yên Bình, Tỉnh Lào Cai",0.0,2.0,1,0,0.0,0.0,256.8,0.1516575088824977,5.0,1,Stopped,0,0,0,0,0,VALID,VALID
21C-04064,2026-08-10 09:30:00,257.1,0.0,0.0,"Xã Yên Bình, Tỉnh Lào Cai",0.0,2.0,1,0,0.10000000000002274,0.05000000000001137,257.0,0.16431676725296313,5.0,1,Stopped,0,0,0,0,0,VALID,VALID
21C-04064,2026-08-10 09:32:00,257.1,0.0,0.0,"Xã Yên Bình, Tỉnh Lào Cai",0.0,2.0,1,0,0.0,0.0,257.0,0.1224744871411189,5.0,1,Stopped,0,0,0,0,0,VALID,VALID
21C-04064,2026-08-10 09:34:00,257.1,0.0,0.0,"Xã Yên Bình, Tỉnh Lào Cai",0.0,2.0,1,0,0.0,0.0,257.1,0.05477225575497919,5.0,1,Stopped,0,0,0,0,0,VALID,VALID
21C-04064,2026-08-10 09:36:00,257.1,0.0,0.0,"Xã Yên Bình, Tỉnh Lào Cai",0.0,2.0,1,0,0.0,0.0,257.1,0.04472135955549596,5.0,1,Stopped,0,0,0,0,0,VALID,VALID
21C-04064,2026-08-10 09:39:00,257.1,0.0,0.0,"Xã Yên Bình, Tỉnh Lào Cai",0.0,3.0,1,0,0.0,0.0,257.1,0.0,5.0,1,Stopped,0,0,0,0,0,VALID,VALID
21C-04064,2026-08-10 09:41:00,257.1,0.0,0.0,"Xã Yên Bình, Tỉnh Lào Cai",0.0,2.0,1,0,0.0,0.0,257.1,0.0,5.0,1,Stopped,0,0,0,0,0,VALID,VALID
21C-04064,2026-08-10 09:43:00,257.1,0.0,0.0,"Xã Yên Bình, Tỉnh Lào Cai",0.0,2.0,1,0,0.0,0.0,257.1,0.0,5.0,1,Stopped,0,0,0,0,0,VALID,VALID
21C-04064,2026-08-10 09:45:00,257.3,0.0,0.0,"Xã Yên Bình, Tỉnh Lào Cai",0.0,2.0,1,0,0.19999999999998863,0.09999999999999432,257.1,0.08944271910280777,5.0,1,Stopped,0,0,0,0,0,VALID,VALID
21C-04064,2026-08-10 09:48:00,257.3,0.0,0.0,"Xã Yên Bình, Tỉnh Lào Cai",0.0,3.0,1,0,0.0,0.0,257.1,0.10954451150336557,5.0,1,Stopped,0,0,0,0,0,VALID,VALID
21C-04064,2026-08-10 09:50:00,257.3,0.0,0.0,"Xã Yên Bình, Tỉnh Lào Cai",0.0,2.0,1,0,0.0,0.0,257.3,0.1095445115033941,5.0,1,Stopped,0,0,0,0,0,VALID,VALID
21C-04064,2026-08-10 09:52:00,257.3,0.0,0.0,"Xã Yên Bình, Tỉnh Lào Cai",0.0,2.0,1,0,0.0,0.0,257.3,0.08944271910291658,5.0,1,Stopped,0,0,0,0,0,VALID,VALID
21C-04064,2026-08-10 09:54:00,257.3,0.0,0.0,"Xã Yên Bình, Tỉnh Lào Cai",0.0,2.0,1,0,0.0,0.0,257.3,0.0,5.0,1,Stopped,0,0,0,0,0,VALID,VALID
21C-04064,2026-08-10 09:56:00,257.3,0.0,0.0,"Xã Yên Bình, Tỉnh Lào Cai",0.0,2.0,1,0,0.0,0.0,257.3,0.0,5.0,1,Stopped,0,0,0,0,0,VALID,VALID
21C-04064,2026-08-10 09:58:00,257.3,0.0,0.0,"Xã Yên Bình, Tỉnh Lào Cai",0.0,2.0,1,0,0.0,0.0,257.3,0.0,5.0,1,Stopped,0,0,0,0,0,VALID,VALID
21C-04064,2026-08-10 10:01:00,257.3,0.0,0.0,"Xã Yên Bình, Tỉnh Lào Cai",0.0,3.0,1,0,0.0,0.0,257.3,0.0,5.0,1,Stopped,0,0,0,0,0,VALID,VALID
21C-04064,2026-08-10 10:02:00,257.3,0.0,0.0,"Xã Yên Bình, Tỉnh Lào Cai",0.0,1.0,1,0,0.0,0.0,257.3,0.0,5.0,1,Stopped,0,0,0,0,0,VALID,VALID
21C-04064,2026-08-10 10:05:00,254.7,0.0,0.0,"Xã Yên Bình, Tỉnh Lào Cai",0.0,3.0,1,0,-2.6000000000000227,-0.8666666666666742,257.3,1.1627553483000503,5.0,1,Stopped,0,0,0,0,0,VALID,VALID
21C-04064,2026-08-10 10:07:00,253.3,0.0,0.0,"Xã Yên Bình, Tỉnh Lào Cai",0.0,2.0,1,0,-1.3999999999999773,-0.6999999999999886,257.3,1.8740330840196089,5.0,1,Stopped,0,0,0,0,0,VALID,VALID
21C-04064,2026-08-10 10:09:00,253.0,0.0,0.0,"Xã Yên Bình, Tỉnh Lào Cai",0.0,2.0,1,0,-0.30000000000001137,-0.15000000000000568,254.7,2.090932806189548,5.0,1,Stopped,0,0,0,0,0,VALID,VALID
21C-04064,2026-08-10 10:11:00,252.7,0.0,0.0,"Xã Yên Bình, Tỉnh Lào Cai",0.0,2.0,1,0,-0.30000000000001137,-0.15000000000000568,253.3,1.8947295321494577,5.0,1,Stopped,0,0,0,0,0,VALID,VALID
21C-04064,2026-08-10 10:13:00,252.6,0.0,0.0,"Xã Yên Bình, Tỉnh Lào Cai",0.0,2.0,1,0,-0.09999999999999432,-0.04999999999999716,253.0,0.8502940667785872,5.0,1,Stopped,0,0,0,0,0,VALID,VALID
21C-04064,2026-08-10 10:16:00,252.6,0.0,0.0,"Xã Yên Bình, Tỉnh Lào Cai",0.0,3.0,1,0,0.0,0.0,252.7,0.3049590136373936,5.0,1,Stopped,0,0,0,0,0,VALID,VALID
21C-04064,2026-08-10 10:18:00,252.4,0.0,0.0,"Xã Yên Bình, Tỉnh Lào Cai",0.0,2.0,1,0,-0.19999999999998863,-0.09999999999999432,252.6,0.21908902299890162,5.0,1,Stopped,0,0,0,0,0,VALID,VALID
21C-04064,2026-08-10 10:20:00,252.4,0.0,0.0,"Xã Yên Bình, Tỉnh Lào Cai",0.0,2.0,1,0,0.0,0.0,252.6,0.13416407864462557,5.0,1,Stopped,0,0,0,0,0,VALID,VALID
21C-04064,2026-08-10 10:22:00,252.4,0.0,0.0,"Xã Yên Bình, Tỉnh Lào Cai",0.0,2.0,1,0,0.0,0.0,252.4,0.10954451149434624,5.0,1,Stopped,0,0,0,0,0,VALID,VALID
21C-04064,2026-08-10 10:24:00,252.4,0.0,0.0,"Xã Yên Bình, Tỉnh Lào Cai",0.0,2.0,1,0,0.0,0.0,252.4,0.08944271909169783,5.0,1,Stopped,0,0,0,0,0,VALID,VALID
21C-04064,2026-08-10 10:26:00,252.4,0.0,0.0,"Xã Yên Bình, Tỉnh Lào Cai",0.0,2.0,1,0,0.0,0.0,252.4,0.0,5.0,1,Stopped,0,0,0,0,0,VALID,VALID
21C-04064,2026-08-10 10:29:00,252.4,0.0,0.0,"Xã Yên Bình, Tỉnh Lào Cai",0.0,3.0,1,0,0.0,0.0,252.4,0.0,5.0,1,Stopped,0,0,0,0,0,VALID,VALID
21C-04064,2026-08-10 10:31:00,252.3,0.0,0.0,"Xã Yên Bình, Tỉnh Lào Cai",0.0,2.0,1,0,-0.09999999999999432,-0.04999999999999716,252.4,0.04472135953307113,5.0,1,Stopped,0,0,0,0,0,VALID,VALID
21C-04064,2026-08-10 10:33:00,252.3,0.0,0.0,"Xã Yên Bình, Tỉnh Lào Cai",0.0,2.0,1,0,0.0,0.0,252.4,0.054772255736598705,5.0,1,Stopped,0,0,0,0,0,VALID,VALID
21C-04064,2026-08-10 10:35:00,252.3,0.0,0.0,"Xã Yên Bình, Tỉnh Lào Cai",0.0,2.0,1,0,0.0,0.0,252.3,0.05477225573650076,5.0,1,Stopped,0,0,0,0,0,VALID,VALID
21C-04064,2026-08-10 10:37:00,252.1,0.0,0.0,"Xã Yên Bình, Tỉnh Lào Cai",0.0,2.0,1,0,-0.20000000000001705,-0.10000000000000853,252.3,0.10954451149389414,5.0,1,Stopped,0,0,0,0,0,VALID,VALID
21C-04064,2026-08-10 10:40:00,252.1,0.0,0.0,"Xã Yên Bình, Tỉnh Lào Cai",0.0,3.0,1,0,0.0,0.0,252.3,0.10954451149375598,5.0,1,Stopped,0,0,0,0,0,VALID,VALID
21C-04064,2026-08-10 10:42:00,252.1,0.0,0.0,"Xã Yên Bình, Tỉnh Lào Cai",0.0,2.0,1,0,0.0,0.0,252.1,0.10954451149366647,5.0,1,Stopped,0,0,0,0,0,VALID,VALID
21C-04064,2026-08-10 10:44:00,252.1,0.0,0.0,"Xã Yên Bình, Tỉnh Lào Cai",0.0,2.0,1,0,0.0,0.0,252.1,0.08944271909085456,5.0,1,Stopped,0,0,0,0,0,VALID,VALID
21C-04064,2026-08-10 10:46:00,252.1,0.0,0.0,"Xã Yên Bình, Tỉnh Lào Cai",0.0,2.0,1,0,0.0,0.0,252.1,0.0,5.0,1,Stopped,0,0,0,0,0,VALID,VALID
21C-04064,2026-08-10 10:48:00,253.0,0.0,0.0,"Xã Yên Bình, Tỉnh Lào Cai",0.0,2.0,1,0,0.9000000000000057,0.45000000000000284,252.1,0.402492235948018,5.0,1,Stopped,0,0,0,0,0,VALID,VALID
21C-04064,2026-08-10 10:50:00,253.2,0.0,0.0,"Xã Yên Bình, Tỉnh Lào Cai",0.0,2.0,1,0,0.19999999999998863,0.09999999999999432,252.1,0.5522680508580387,5.0,1,Stopped,0,0,0,0,0,VALID,VALID
21C-04064,2026-08-10 10:52:00,253.3,0.0,0.0,"Xã Yên Bình, Tỉnh Lào Cai",0.0,2.0,1,0,0.10000000000002274,0.05000000000001137,253.0,0.5941380310993947,5.0,1,Stopped,0,0,0,0,0,VALID,VALID
21C-04064,2026-08-10 10:54:00,253.5,0.0,0.0,"Xã Yên Bình, Tỉnh Lào Cai",0.0,2.0,1,0,0.19999999999998863,0.09999999999999432,253.2,0.5449770637364635,5.0,1,Stopped,0,0,0,0,0,VALID,VALID
21C-04064,2026-08-10 10:56:00,253.6,0.0,0.0,"Xã Yên Bình, Tỉnh Lào Cai",0.0,2.0,1,0,0.09999999999999432,0.04999999999999716,253.3,0.23874672772413397,5.0,1,Stopped,0,0,0,0,0,VALID,VALID
21C-04064,2026-08-10 10:58:00,253.6,0.0,0.0,"Xã Yên Bình, Tỉnh Lào Cai",0.0,2.0,1,0,0.0,0.0,253.5,0.18165902124324682,5.0,1,Stopped,0,0,0,0,0,VALID,VALID
21C-04064,2026-08-10 11:00:00,253.8,0.0,0.0,"Xã Yên Bình, Tỉnh Lào Cai",0.0,2.0,1,0,0.20000000000001705,0.10000000000000853,253.6,0.18165902124345568,5.0,1,Stopped,0,0,0,0,0,VALID,VALID
21C-04064,2026-08-10 11:02:00,253.8,0.0,0.0,"Xã Yên Bình, Tỉnh Lào Cai",0.0,2.0,1,0,0.0,0.0,253.6,0.1341640786469912,5.0,1,Stopped,0,0,0,0,0,VALID,VALID
21C-04064,2026-08-10 11:05:00,253.8,0.0,0.0,"Xã Yên Bình, Tỉnh Lào Cai",0.0,3.0,1,0,0.0,0.0,253.8,0.10954451149754321,5.0,1,Stopped,0,0,0,0,0,VALID,VALID
21C-04064,2026-08-10 11:07:00,253.8,0.0,0.0,"Xã Yên Bình, Tỉnh Lào Cai",0.0,2.0,1,0,0.0,0.0,253.8,0.08944271909585678,5.0,1,Stopped,0,0,0,0,0,VALID,VALID
21C-04064,2026-08-10 11:09:00,253.8,0.0,0.0,"Xã Yên Bình, Tỉnh Lào Cai",0.0,2.0,1,0,0.0,0.0,253.8,0.0,5.0,1,Stopped,0,0,0,0,0,VALID,VALID
21C-04064,2026-08-10 11:10:00,253.8,0.0,0.0,"Xã Yên Bình, Tỉnh Lào Cai",0.0,1.0,1,0,0.0,0.0,253.8,0.0,5.0,1,Stopped,0,0,0,0,0,VALID,VALID
21C-04064,2026-08-10 11:12:00,253.8,0.0,0.0,"Xã Yên Bình, Tỉnh Lào Cai",0.0,2.0,1,0,0.0,0.0,253.8,0.0,5.0,1,Stopped,0,0,0,0,0,VALID,VALID
21C-04064,2026-08-10 11:15:00,254.8,0.0,0.0,"Xã Yên Bình, Tỉnh Lào Cai",0.0,3.0,1,0,1.0,0.3333333333333333,253.8,0.44721359549929374,5.0,1,Stopped,0,0,0,0,0,VALID,VALID
21C-04064,2026-08-10 11:17:00,255.1,0.0,0.0,"Xã Yên Bình, Tỉnh Lào Cai",0.0,2.0,1,0,0.29999999999998295,0.14999999999999147,253.8,0.6387487769064958,5.0,1,Stopped,0,0,0,0,0,VALID,VALID
21C-04064,2026-08-10 11:19:00,255.3,0.0,0.0,"Xã Yên Bình, Tỉnh Lào Cai",0.0,2.0,1,0,0.20000000000001705,0.10000000000000853,254.8,0.7162401831785927,5.0,1,Stopped,0,0,0,0,0,VALID,VALID
21C-04064,2026-08-10 11:21:00,255.4,0.0,0.0,"Xã Yên Bình, Tỉnh Lào Cai",0.0,2.0,1,0,0.09999999999999432,0.04999999999999716,255.1,0.6457553716384187,5.0,1,Stopped,0,0,0,0,0,VALID,VALID
21C-04064,2026-08-10 11:23:00,255.6,0.0,0.0,"Xã Yên Bình, Tỉnh Lào Cai",0.0,2.0,1,0,0.19999999999998863,0.09999999999999432,255.3,0.30495901363963335,5.0,1,Stopped,0,0,0,0,0,VALID,VALID
21C-04064,2026-08-10 11:24:00,255.6,0.0,0.0,"Xã Yên Bình, Tỉnh Lào Cai",0.0,1.0,1,0,0.0,0.0,255.4,0.2121320343562842,5.0,1,Stopped,0,0,0,0,0,VALID,VALID
21C-04064,2026-08-10 11:26:00,256.4,0.0,0.0,"Xã Yên Bình, Tỉnh Lào Cai",0.0,2.0,1,0,0.799999999999983,0.3999999999999915,255.6,0.4335896677738652,5.0,1,Stopped,0,0,0,0,0,VALID,VALID
21C-04064,2026-08-10 11:28:00,256.7,0.0,0.0,"Xã Yên Bình, Tỉnh Lào Cai",0.0,2.0,1,0,0.30000000000001137,0.15000000000000568,255.6,0.572712842531395,5.0,1,Stopped,0,0,0,0,0,VALID,VALID
21C-04064,2026-08-10 11:30:00,256.8,0.0,0.0,"Xã Yên Bình, Tỉnh Lào Cai",0.0,2.0,1,0,0.10000000000002274,0.05000000000001137,256.4,0.5848076606889935,5.0,1,Stopped,0,0,0,0,0,VALID,VALID
21C-04064,2026-08-10 11:32:00,257.0,0.0,0.0,"Xã Yên Bình, Tỉnh Lào Cai",0.0,2.0,1,0,0.19999999999998863,0.09999999999999432,256.7,0.5477225575057686,5.0,1,Stopped,0,0,0,0,0,VALID,VALID
21C-04064,2026-08-10 11:34:00,257.1,0.0,0.0,"Xã Yên Bình, Tỉnh Lào Cai",0.0,2.0,1,0,0.10000000000002274,0.05000000000001137,256.8,0.27386127875401667,5.0,1,Stopped,0,0,0,0,0,VALID,VALID
21C-04064,2026-08-10 11:36:00,254.8,0.0,0.0,"Xã Yên Bình, Tỉnh Lào Cai",0.0,2.0,1,0,-2.3000000000000114,-1.1500000000000057,256.8,0.95236547606507,5.0,1,Stopped,0,0,0,0,0,VALID,VALID
21C-04064,2026-08-10 11:38:00,252.3,0.0,0.0,"Xã Yên Bình, Tỉnh Lào Cai",0.0,2.0,1,0,-2.5,-1.25,256.8,2.0724381776063563,5.0,1,Stopped,0,0,0,0,0,VALID,VALID
21C-04064,2026-08-10 11:40:00,252.1,0.0,0.0,"Xã Yên Bình, Tỉnh Lào Cai",0.0,2.0,1,0,-0.20000000000001705,-0.10000000000000853,254.8,2.4275502054540636,5.0,1,Stopped,0,0,0,0,0,VALID,VALID
21C-04064,2026-08-10 11:42:00,252.0,0.0,0.0,"Xã Yên Bình, Tỉnh Lào Cai",0.0,2.0,1,0,-0.09999999999999432,-0.04999999999999716,252.3,2.245662485771129,5.0,1,Stopped,0,0,0,0,0,VALID,VALID
21C-04064,2026-08-10 11:45:00,251.8,0.0,0.0,"Xã Yên Bình, Tỉnh Lào Cai",0.0,3.0,1,0,-0.19999999999998863,-0.06666666666666288,252.1,1.242980289465361,5.0,1,Stopped,0,0,0,0,0,VALID,VALID
21C-04064,2026-08-10 11:46:00,251.8,0.0,0.0,"Xã Yên Bình, Tỉnh Lào Cai",0.0,1.0,1,0,0.0,0.0,252.0,0.21213203435406197,5.0,1,Stopped,0,0,0,0,0,VALID,VALID
21C-04064,2026-08-10 11:49:00,253.0,0.0,0.0,"Xã Yên Bình, Tỉnh Lào Cai",0.0,3.0,1,0,1.1999999999999886,0.3999999999999962,252.0,0.4979959839187831,5.0,1,Stopped,0,0,0,0,0,VALID,VALID
21C-04064,2026-08-10 11:51:00,253.3,0.0,0.0,"Xã Yên Bình, Tỉnh Lào Cai",0.0,2.0,1,0,0.30000000000001137,0.15000000000000568,252.0,0.715541752799456,5.0,1,Stopped,0,0,0,0,0,VALID,VALID
21C-04064,2026-08-10 11:53:00,253.6,0.0,0.0,"Xã Yên Bình, Tỉnh Lào Cai",0.0,2.0,1,0,0.29999999999998295,0.14999999999999147,253.0,0.8485281374235102,5.0,1,Stopped,0,0,0,0,0,VALID,VALID
21C-04064,2026-08-10 11:55:00,253.6,0.0,0.0,"Xã Yên Bình, Tỉnh Lào Cai",0.0,2.0,1,0,0.0,0.0,253.3,0.7469939758790103,5.0,1,Stopped,0,0,0,0,0,VALID,VALID
21C-04064,2026-08-10 11:56:00,253.8,0.0,0.0,"Xã Yên Bình, Tỉnh Lào Cai",0.0,1.0,1,0,0.20000000000001705,0.20000000000001705,253.6,0.31304951684945814,5.0,1,Stopped,0,0,0,0,0,VALID,VALID
21C-04064,2026-08-10 11:58:00,254.1,0.0,0.0,"Xã Yên Bình, Tỉnh Lào Cai",0.0,2.0,1,0,0.29999999999998295,0.14999999999999147,253.6,0.294957624074637,5.0,1,Stopped,0,0,0,0,0,VALID,VALID
21C-04064,2026-08-10 12:00:00,254.4,0.0,0.0,"Xã Yên Bình, Tỉnh Lào Cai",0.0,2.0,1,0,0.30000000000001137,0.15000000000000568,253.8,0.34641016151353377,5.0,1,Stopped,0,0,0,0,0,VALID,VALID
21C-04064,2026-08-10 12:02:00,254.7,0.0,0.0,"Xã Yên Bình, Tỉnh Lào Cai",0.0,2.0,1,0,0.29999999999998295,0.14999999999999147,254.1,0.4438468204233352,5.0,1,Stopped,0,0,0,0,0,VALID,VALID
21C-04064,2026-08-10 12:05:00,254.8,0.0,0.0,"Xã Yên Bình, Tỉnh Lào Cai",0.0,3.0,1,0,0.10000000000002274,0.03333333333334091,254.4,0.41593268686169216,5.0,1,Stopped,0,0,0,0,0,VALID,VALID
21C-04064,2026-08-10 12:07:00,255.0,0.0,0.0,"Xã Yên Bình, Tỉnh Lào Cai",0.0,2.0,1,0,0.19999999999998863,0.09999999999999432,254.7,0.3535533905933755,5.0,1,Stopped,0,0,0,0,0,VALID,VALID
21C-04064,2026-08-10 12:09:00,255.1,0.0,0.0,"Xã Yên Bình, Tỉnh Lào Cai",0.0,2.0,1,0,0.09999999999999432,0.04999999999999716,254.8,0.2738612787528386,5.0,1,Stopped,0,0,0,0,0,VALID,VALID
21C-04064,2026-08-10 12:11:00,255.1,0.0,0.0,"Xã Yên Bình, Tỉnh Lào Cai",0.0,2.0,1,0,0.0,0.0,255.0,0.1816590212463653,5.0,1,Stopped,0,0,0,0,0,VALID,VALID
21C-04064,2026-08-10 12:14:00,255.3,0.0,0.0,"Xã Yên Bình, Tỉnh Lào Cai",0.0,3.0,1,0,0.20000000000001705,0.06666666666667236,255.1,0.18165902124648028,5.0,1,Stopped,0,0,0,0,0,VALID,VALID
21C-04064,2026-08-10 12:16:00,255.3,0.0,0.0,"Xã Yên Bình, Tỉnh Lào Cai",0.0,2.0,1,0,0.0,0.0,255.1,0.13416407865098062,5.0,1,Stopped,0,0,0,0,0,VALID,VALID
21C-04064,2026-08-10 12:18:00,255.3,0.0,0.0,"Xã Yên Bình, Tỉnh Lào Cai",0.0,2.0,1,0,0.0,0.0,255.3,0.10954451150235141,5.0,1,Stopped,0,0,0,0,0,VALID,VALID
21C-04064,2026-08-10 12:20:00,255.3,0.0,0.0,"Xã Yên Bình, Tỉnh Lào Cai",0.0,2.0,1,0,0.0,0.0,255.3,0.08944271910168206,5.0,1,Stopped,0,0,0,0,0,VALID,VALID
21C-04064,2026-08-10 12:22:00,255.3,0.0,0.0,"Xã Yên Bình, Tỉnh Lào Cai",0.0,2.0,1,0,0.0,0.0,255.3,0.0,5.0,1,Stopped,0,0,0,0,0,VALID,VALID
21C-04064,2026-08-10 12:24:00,255.3,0.0,0.0,"Xã Yên Bình, Tỉnh Lào Cai",0.0,2.0,1,0,0.0,0.0,255.3,0.0,5.0,1,Stopped,0,0,0,0,0,VALID,VALID
21C-04064,2026-08-10 12:27:00,255.3,0.0,0.0,"Xã Yên Bình, Tỉnh Lào Cai",0.0,3.0,1,0,0.0,0.0,255.3,0.0,5.0,1,Stopped,0,0,0,0,0,VALID,VALID
21C-04064,2026-08-10 12:29:00,255.4,0.0,0.0,"Xã Yên Bình, Tỉnh Lào Cai",0.0,2.0,1,0,0.09999999999999432,0.04999999999999716,255.3,0.044721359553582966,5.0,1,Stopped,0,0,0,0,0,VALID,VALID
21C-04064,2026-08-10 12:31:00,255.4,0.0,0.0,"Xã Yên Bình, Tỉnh Lào Cai",0.0,2.0,1,0,0.0,0.0,255.3,0.05477225575350221,5.0,1,Stopped,0,0,0,0,0,VALID,VALID
21C-04064,2026-08-10 12:33:00,255.4,0.0,0.0,"Xã Yên Bình, Tỉnh Lào Cai",0.0,2.0,1,0,0.0,0.0,255.4,0.05477225575355994,5.0,1,Stopped,0,0,0,0,0,VALID,VALID
21C-04064,2026-08-10 12:35:00,255.4,0.0,0.0,"Xã Yên Bình, Tỉnh Lào Cai",0.0,2.0,1,0,0.0,0.0,255.4,0.04472135955380341,5.0,1,Stopped,0,0,0,0,0,VALID,VALID
21C-04064,2026-08-10 12:38:00,255.4,0.0,0.0,"Xã Yên Bình, Tỉnh Lào Cai",0.0,3.0,1,0,0.0,0.0,255.4,0.0,5.0,1,Stopped,0,0,0,0,0,VALID,VALID
21C-04064,2026-08-10 12:40:00,255.4,0.0,0.0,"Xã Yên Bình, Tỉnh Lào Cai",0.0,2.0,1,0,0.0,0.0,255.4,0.0,5.0,1,Stopped,0,0,0,0,0,VALID,VALID
21C-04064,2026-08-10 12:42:00,255.4,0.0,0.0,"Xã Yên Bình, Tỉnh Lào Cai",0.0,2.0,1,0,0.0,0.0,255.4,0.0,5.0,1,Stopped,0,0,0,0,0,VALID,VALID
21C-04064,2026-08-10 12:44:00,255.4,0.0,0.0,"Xã Yên Bình, Tỉnh Lào Cai",0.0,2.0,1,0,0.0,0.0,255.4,0.0,5.0,1,Stopped,0,0,0,0,0,VALID,VALID
21C-04064,2026-08-10 12:46:00,255.4,0.0,0.0,"Xã Yên Bình, Tỉnh Lào Cai",0.0,2.0,1,0,0.0,0.0,255.4,0.0,5.0,1,Stopped,0,0,0,0,0,VALID,VALID
21C-04064,2026-08-10 12:48:00,255.4,0.0,0.0,"Xã Yên Bình, Tỉnh Lào Cai",0.0,2.0,1,0,0.0,0.0,255.4,0.0,5.0,1,Stopped,0,0,0,0,0,VALID,VALID
21C-04064,2026-08-10 12:51:00,255.4,0.0,0.0,"Xã Yên Bình, Tỉnh Lào Cai",0.0,3.0,1,0,0.0,0.0,255.4,0.0,5.0,1,Stopped,0,0,0,0,0,VALID,VALID
21C-04064,2026-08-10 12:53:00,255.4,0.0,0.0,"Xã Yên Bình, Tỉnh Lào Cai",0.0,2.0,1,0,0.0,0.0,255.4,0.0,5.0,1,Stopped,0,0,0,0,0,VALID,VALID
21C-04064,2026-08-10 12:55:00,255.4,0.0,0.0,"Xã Yên Bình, Tỉnh Lào Cai",0.0,2.0,1,0,0.0,0.0,255.4,0.0,5.0,1,Stopped,0,0,0,0,0,VALID,VALID
21C-04064,2026-08-10 12:57:00,255.4,0.0,0.0,"Xã Yên Bình, Tỉnh Lào Cai",0.0,2.0,1,0,0.0,0.0,255.4,0.0,5.0,1,Stopped,0,0,0,0,0,VALID,VALID
21C-04064,2026-08-10 13:00:00,255.4,0.0,0.0,"Xã Yên Bình, Tỉnh Lào Cai",0.0,3.0,1,0,0.0,0.0,255.4,0.0,5.0,1,Stopped,0,0,0,0,0,VALID,VALID
21C-04064,2026-08-10 13:02:00,255.4,0.0,0.0,"Xã Yên Bình, Tỉnh Lào Cai",0.0,2.0,1,0,0.0,0.0,255.4,0.0,5.0,1,Stopped,0,0,0,0,0,VALID,VALID
21C-04064,2026-08-10 13:04:00,255.4,0.0,0.0,"Xã Yên Bình, Tỉnh Lào Cai",0.0,2.0,1,0,0.0,0.0,255.4,0.0,5.0,1,Stopped,0,0,0,0,0,VALID,VALID
21C-04064,2026-08-10 13:06:00,255.4,0.0,0.0,"Xã Yên Bình, Tỉnh Lào Cai",0.0,2.0,1,0,0.0,0.0,255.4,0.0,5.0,1,Stopped,0,0,0,0,0,VALID,VALID
21C-04064,2026-08-10 13:08:00,255.4,0.0,0.0,"Xã Yên Bình, Tỉnh Lào Cai",0.0,2.0,1,0,0.0,0.0,255.4,0.0,5.0,1,Stopped,0,0,0,0,0,VALID,VALID
21C-04064,2026-08-10 13:10:00,255.4,0.0,0.0,"Xã Yên Bình, Tỉnh Lào Cai",0.0,2.0,1,0,0.0,0.0,255.4,0.0,5.0,1,Stopped,0,0,0,0,0,VALID,VALID
21C-04064,2026-08-10 13:13:00,255.4,0.0,0.0,"Xã Yên Bình, Tỉnh Lào Cai",0.0,3.0,1,0,0.0,0.0,255.4,0.0,5.0,1,Stopped,0,0,0,0,0,VALID,VALID
21C-04064,2026-08-10 13:15:00,255.4,0.0,0.0,"Xã Yên Bình, Tỉnh Lào Cai",0.0,2.0,1,0,0.0,0.0,255.4,0.0,5.0,1,Stopped,0,0,0,0,0,VALID,VALID
21C-04064,2026-08-10 13:17:00,255.4,0.0,0.0,"Xã Yên Bình, Tỉnh Lào Cai",0.0,2.0,1,0,0.0,0.0,255.4,0.0,5.0,1,Stopped,0,0,0,0,0,VALID,VALID
21C-04064,2026-08-10 13:19:00,255.4,0.0,0.0,"Xã Yên Bình, Tỉnh Lào Cai",0.0,2.0,1,0,0.0,0.0,255.4,0.0,5.0,1,Stopped,0,0,0,0,0,VALID,VALID
21C-04064,2026-08-10 13:21:00,255.4,0.0,0.0,"Xã Yên Bình, Tỉnh Lào Cai",0.0,2.0,1,0,0.0,0.0,255.4,0.0,5.0,1,Stopped,0,0,0,0,0,VALID,VALID
21C-04064,2026-08-10 13:24:00,255.4,0.0,0.0,"Xã Yên Bình, Tỉnh Lào Cai",0.0,3.0,1,0,0.0,0.0,255.4,0.0,5.0,1,Stopped,0,0,0,0,0,VALID,VALID
21C-04064,2026-08-10 13:26:00,255.4,0.0,0.0,"Xã Yên Bình, Tỉnh Lào Cai",0.0,2.0,1,0,0.0,0.0,255.4,0.0,5.0,1,Stopped,0,0,0,0,0,VALID,VALID
21C-04064,2026-08-10 13:28:00,255.4,0.0,0.0,"Xã Yên Bình, Tỉnh Lào Cai",0.0,2.0,1,0,0.0,0.0,255.4,0.0,5.0,1,Stopped,0,0,0,0,0,VALID,VALID
21C-04064,2026-08-10 13:30:00,255.4,0.0,0.0,"Xã Yên Bình, Tỉnh Lào Cai",0.0,2.0,1,0,0.0,0.0,255.4,0.0,5.0,1,Stopped,0,0,0,0,0,VALID,VALID
21C-04064,2026-08-10 13:32:00,255.4,0.0,0.0,"Xã Yên Bình, Tỉnh Lào Cai",0.0,2.0,1,0,0.0,0.0,255.4,0.0,5.0,1,Stopped,0,0,0,0,0,VALID,VALID
21C-04064,2026-08-10 13:34:00,255.4,0.0,0.0,"Xã Yên Bình, Tỉnh Lào Cai",0.0,2.0,1,0,0.0,0.0,255.4,0.0,5.0,1,Stopped,0,0,0,0,0,VALID,VALID
21C-04064,2026-08-10 13:37:00,255.4,0.0,0.0,"Xã Yên Bình, Tỉnh Lào Cai",0.0,3.0,1,0,0.0,0.0,255.4,0.0,5.0,1,Stopped,0,0,0,0,0,VALID,VALID
21C-04064,2026-08-10 13:39:00,255.4,0.0,0.0,"Xã Yên Bình, Tỉnh Lào Cai",0.0,2.0,1,0,0.0,0.0,255.4,0.0,5.0,1,Stopped,0,0,0,0,0,VALID,VALID
21C-04064,2026-08-10 13:41:00,255.4,0.0,0.0,"Xã Yên Bình, Tỉnh Lào Cai",0.0,2.0,1,0,0.0,0.0,255.4,0.0,5.0,1,Stopped,0,0,0,0,0,VALID,VALID
21C-04064,2026-08-10 13:43:00,255.4,0.0,0.0,"Xã Yên Bình, Tỉnh Lào Cai",0.0,2.0,1,0,0.0,0.0,255.4,0.0,5.0,1,Stopped,0,0,0,0,0,VALID,VALID
21C-04064,2026-08-10 13:45:00,255.4,0.0,0.0,"Xã Yên Bình, Tỉnh Lào Cai",0.0,2.0,1,0,0.0,0.0,255.4,0.0,5.0,1,Stopped,0,0,0,0,0,VALID,VALID
21C-04064,2026-08-10 13:48:00,255.4,0.0,0.0,"Xã Yên Bình, Tỉnh Lào Cai",0.0,3.0,1,0,0.0,0.0,255.4,0.0,5.0,1,Stopped,0,0,0,0,0,VALID,VALID
21C-04064,2026-08-10 13:50:00,255.4,0.0,0.0,"Xã Yên Bình, Tỉnh Lào Cai",0.0,2.0,1,0,0.0,0.0,255.4,0.0,5.0,1,Stopped,0,0,0,0,0,VALID,VALID
21C-04064,2026-08-10 13:52:00,255.4,0.0,0.0,"Xã Yên Bình, Tỉnh Lào Cai",0.0,2.0,1,0,0.0,0.0,255.4,0.0,5.0,1,Stopped,0,0,0,0,0,VALID,VALID
21C-04064,2026-08-10 13:54:00,255.4,0.0,0.0,"Xã Yên Bình, Tỉnh Lào Cai",0.0,2.0,1,0,0.0,0.0,255.4,0.0,5.0,1,Stopped,0,0,0,0,0,VALID,VALID
21C-04064,2026-08-10 13:56:00,255.4,0.0,0.0,"Xã Yên Bình, Tỉnh Lào Cai",0.0,2.0,1,0,0.0,0.0,255.4,0.0,5.0,1,Stopped,0,0,0,0,0,VALID,VALID
21C-04064,2026-08-10 13:58:00,255.4,0.0,0.0,"Xã Yên Bình, Tỉnh Lào Cai",0.0,2.0,1,0,0.0,0.0,255.4,0.0,5.0,1,Stopped,0,0,0,0,0,VALID,VALID
21C-04064,2026-08-10 14:01:00,255.4,0.0,0.0,"Xã Yên Bình, Tỉnh Lào Cai",0.0,3.0,1,0,0.0,0.0,255.4,0.0,5.0,1,Stopped,0,0,0,0,0,VALID,VALID
21C-04064,2026-08-10 14:03:00,255.3,0.0,0.0,"Xã Yên Bình, Tỉnh Lào Cai",0.0,2.0,1,0,-0.09999999999999432,-0.04999999999999716,255.4,0.04472135955380341,5.0,1,Stopped,0,0,0,0,0,VALID,VALID
21C-04064,2026-08-10 14:05:00,255.3,0.0,0.0,"Xã Yên Bình, Tỉnh Lào Cai",0.0,2.0,1,0,0.0,0.0,255.4,0.05477225575355994,5.0,1,Stopped,0,0,0,0,0,VALID,VALID
21C-04064,2026-08-10 14:07:00,255.3,0.0,0.0,"Xã Yên Bình, Tỉnh Lào Cai",0.0,2.0,1,0,0.0,0.0,255.3,0.05477225575350222,5.0,1,Stopped,0,0,0,0,0,VALID,VALID
21C-04064,2026-08-10 14:09:00,255.3,0.0,0.0,"Xã Yên Bình, Tỉnh Lào Cai",0.0,2.0,1,0,0.0,0.0,255.3,0.04472135955359131,5.0,1,Stopped,0,0,0,0,0,VALID,VALID
21C-04064,2026-08-10 14:12:00,255.3,0.0,0.0,"Xã Yên Bình, Tỉnh Lào Cai",0.0,3.0,1,0,0.0,0.0,255.3,0.0,5.0,1,Stopped,0,0,0,0,0,VALID,VALID
21C-04064,2026-08-10 14:14:00,255.3,0.0,0.0,"Xã Yên Bình, Tỉnh Lào Cai",0.0,2.0,1,0,0.0,0.0,255.3,0.0,5.0,1,Stopped,0,0,0,0,0,VALID,VALID
21C-04064,2026-08-10 14:16:00,255.1,0.0,0.0,"Xã Yên Bình, Tỉnh Lào Cai",0.0,2.0,1,0,-0.20000000000001705,-0.10000000000000853,255.3,0.08944271910171721,5.0,1,Stopped,0,0,0,0,0,VALID,VALID
21C-04064,2026-08-10 14:18:00,255.1,0.0,0.0,"Xã Yên Bình, Tỉnh Lào Cai",0.0,2.0,1,0,0.0,0.0,255.3,0.10954451150240185,5.0,1,Stopped,0,0,0,0,0,VALID,VALID
21C-04064,2026-08-10 14:20:00,255.1,0.0,0.0,"Xã Yên Bình, Tỉnh Lào Cai",0.0,2.0,1,0,0.0,0.0,255.1,0.10954451150235579,5.0,1,Stopped,0,0,0,0,0,VALID,VALID
21C-04064,2026-08-10 14:22:00,255.1,0.0,0.0,"Xã Yên Bình, Tỉnh Lào Cai",0.0,2.0,1,0,0.0,0.0,255.1,0.08944271910154801,5.0,1,Stopped,0,0,0,0,0,VALID,VALID
21C-04064,2026-08-10 14:25:00,255.1,0.0,0.0,"Xã Yên Bình, Tỉnh Lào Cai",0.0,3.0,1,0,0.0,0.0,255.1,0.0,5.0,1,Stopped,0,0,0,0,0,VALID,VALID
21C-04064,2026-08-10 14:27:00,255.1,0.0,0.0,"Xã Yên Bình, Tỉnh Lào Cai",0.0,2.0,1,0,0.0,0.0,255.1,0.0,5.0,1,Stopped,0,0,0,0,0,VALID,VALID
21C-04064,2026-08-10 14:29:00,255.1,0.0,0.0,"Xã Yên Bình, Tỉnh Lào Cai",0.0,2.0,1,0,0.0,0.0,255.1,0.0,5.0,1,Stopped,0,0,0,0,0,VALID,VALID
21C-04064,2026-08-10 14:31:00,255.1,0.0,0.0,"Xã Yên Bình, Tỉnh Lào Cai",0.0,2.0,1,0,0.0,0.0,255.1,0.0,5.0,1,Stopped,0,0,0,0,0,VALID,VALID
21C-04064,2026-08-10 14:33:00,255.1,0.0,0.0,"Xã Yên Bình, Tỉnh Lào Cai",0.0,2.0,1,0,0.0,0.0,255.1,0.0,5.0,1,Stopped,0,0,0,0,0,VALID,VALID
21C-04064,2026-08-10 14:36:00,255.1,0.0,0.0,"Xã Yên Bình, Tỉnh Lào Cai",0.0,3.0,1,0,0.0,0.0,255.1,0.0,5.0,1,Stopped,0,0,0,0,0,VALID,VALID
21C-04064,2026-08-10 14:38:00,255.1,0.0,0.0,"Xã Yên Bình, Tỉnh Lào Cai",0.0,2.0,1,0,0.0,0.0,255.1,0.0,5.0,1,Stopped,0,0,0,0,0,VALID,VALID
21C-04064,2026-08-10 14:40:00,255.1,0.0,0.0,"Xã Yên Bình, Tỉnh Lào Cai",0.0,2.0,1,0,0.0,0.0,255.1,0.0,5.0,1,Stopped,0,0,0,0,0,VALID,VALID
21C-04064,2026-08-10 14:42:00,255.1,0.0,0.0,"Xã Yên Bình, Tỉnh Lào Cai",0.0,2.0,1,0,0.0,0.0,255.1,0.0,5.0,1,Stopped,0,0,0,0,0,VALID,VALID
21C-04064,2026-08-10 14:44:00,255.1,0.0,0.0,"Xã Yên Bình, Tỉnh Lào Cai",0.0,2.0,1,0,0.0,0.0,255.1,0.0,5.0,1,Stopped,0,0,0,0,0,VALID,VALID
21C-04064,2026-08-10 14:46:00,255.1,0.0,0.0,"Xã Yên Bình, Tỉnh Lào Cai",0.0,2.0,1,0,0.0,0.0,255.1,0.0,5.0,1,Stopped,0,0,0,0,0,VALID,VALID
21C-04064,2026-08-10 14:49:00,255.1,0.0,0.0,"Xã Yên Bình, Tỉnh Lào Cai",0.0,3.0,1,0,0.0,0.0,255.1,0.0,5.0,1,Stopped,0,0,0,0,0,VALID,VALID
21C-04064,2026-08-10 14:51:00,255.1,0.0,0.0,"Xã Yên Bình, Tỉnh Lào Cai",0.0,2.0,1,0,0.0,0.0,255.1,0.0,5.0,1,Stopped,0,0,0,0,0,VALID,VALID
21C-04064,2026-08-10 14:53:00,255.1,0.0,0.0,"Xã Yên Bình, Tỉnh Lào Cai",0.0,2.0,1,0,0.0,0.0,255.1,0.0,5.0,1,Stopped,0,0,0,0,0,VALID,VALID
21C-04064,2026-08-10 14:55:00,255.1,0.0,0.0,"Xã Yên Bình, Tỉnh Lào Cai",0.0,2.0,1,0,0.0,0.0,255.1,0.0,5.0,1,Stopped,0,0,0,0,0,VALID,VALID
21C-04064,2026-08-10 14:57:00,255.1,0.0,0.0,"Xã Yên Bình, Tỉnh Lào Cai",0.0,2.0,1,0,0.0,0.0,255.1,0.0,5.0,1,Stopped,0,0,0,0,0,VALID,VALID
21C-04064,2026-08-10 15:00:00,255.1,0.0,0.0,"Xã Yên Bình, Tỉnh Lào Cai",0.0,3.0,1,0,0.0,0.0,255.1,0.0,5.0,1,Stopped,0,0,0,0,0,VALID,VALID
21C-04064,2026-08-10 15:02:00,255.1,0.0,0.0,"Xã Yên Bình, Tỉnh Lào Cai",0.0,2.0,1,0,0.0,0.0,255.1,0.0,5.0,1,Stopped,0,0,0,0,0,VALID,VALID
21C-04064,2026-08-10 15:04:00,255.1,0.0,0.0,"Xã Yên Bình, Tỉnh Lào Cai",0.0,2.0,1,0,0.0,0.0,255.1,0.0,5.0,1,Stopped,0,0,0,0,0,VALID,VALID
21C-04064,2026-08-10 15:06:00,255.1,0.0,0.0,"Xã Yên Bình, Tỉnh Lào Cai",0.0,2.0,1,0,0.0,0.0,255.1,0.0,5.0,1,Stopped,0,0,0,0,0,VALID,VALID
21C-04064,2026-08-10 15:08:00,255.1,0.0,0.0,"Xã Yên Bình, Tỉnh Lào Cai",0.0,2.0,1,0,0.0,0.0,255.1,0.0,5.0,1,Stopped,0,0,0,0,0,VALID,VALID
21C-04064,2026-08-10 15:10:00,255.1,0.0,0.0,"Xã Yên Bình, Tỉnh Lào Cai",0.0,2.0,1,0,0.0,0.0,255.1,0.0,5.0,1,Stopped,0,0,0,0,0,VALID,VALID
21C-04064,2026-08-10 15:13:00,255.1,0.0,0.0,"Xã Yên Bình, Tỉnh Lào Cai",0.0,3.0,1,0,0.0,0.0,255.1,0.0,5.0,1,Stopped,0,0,0,0,0,VALID,VALID
21C-04064,2026-08-10 15:15:00,255.1,0.0,0.0,"Xã Yên Bình, Tỉnh Lào Cai",0.0,2.0,1,0,0.0,0.0,255.1,0.0,5.0,1,Stopped,0,0,0,0,0,VALID,VALID
21C-04064,2026-08-10 15:17:00,255.1,0.0,0.0,"Xã Yên Bình, Tỉnh Lào Cai",0.0,2.0,1,0,0.0,0.0,255.1,0.0,5.0,1,Stopped,0,0,0,0,0,VALID,VALID
21C-04064,2026-08-10 15:19:00,255.1,0.0,0.0,"Xã Yên Bình, Tỉnh Lào Cai",0.0,2.0,1,0,0.0,0.0,255.1,0.0,5.0,1,Stopped,0,0,0,0,0,VALID,VALID
21C-04064,2026-08-10 15:21:00,255.1,0.0,0.0,"Xã Yên Bình, Tỉnh Lào Cai",0.0,2.0,1,0,0.0,0.0,255.1,0.0,5.0,1,Stopped,0,0,0,0,0,VALID,VALID
21C-04064,2026-08-10 15:24:00,255.1,0.0,0.0,"Xã Yên Bình, Tỉnh Lào Cai",0.0,3.0,1,0,0.0,0.0,255.1,0.0,5.0,1,Stopped,0,0,0,0,0,VALID,VALID
21C-04064,2026-08-10 15:26:00,255.1,0.0,0.0,"Xã Yên Bình, Tỉnh Lào Cai",0.0,2.0,1,0,0.0,0.0,255.1,0.0,5.0,1,Stopped,0,0,0,0,0,VALID,VALID
21C-04064,2026-08-10 15:28:00,255.1,0.0,0.0,"Xã Yên Bình, Tỉnh Lào Cai",0.0,2.0,1,0,0.0,0.0,255.1,0.0,5.0,1,Stopped,0,0,0,0,0,VALID,VALID
21C-04064,2026-08-10 15:30:00,255.1,0.0,0.0,"Xã Yên Bình, Tỉnh Lào Cai",0.0,2.0,1,0,0.0,0.0,255.1,0.0,5.0,1,Stopped,0,0,0,0,0,VALID,VALID
21C-04064,2026-08-10 15:32:00,255.1,0.0,0.0,"Xã Yên Bình, Tỉnh Lào Cai",0.0,2.0,1,0,0.0,0.0,255.1,0.0,5.0,1,Stopped,0,0,0,0,0,VALID,VALID
21C-04064,2026-08-10 15:34:00,255.1,0.0,0.0,"Xã Yên Bình, Tỉnh Lào Cai",0.0,2.0,1,0,0.0,0.0,255.1,0.0,5.0,1,Stopped,0,0,0,0,0,VALID,VALID
21C-04064,2026-08-10 15:37:00,255.1,0.0,0.0,"Xã Yên Bình, Tỉnh Lào Cai",0.0,3.0,1,0,0.0,0.0,255.1,0.0,5.0,1,Stopped,0,0,0,0,0,VALID,VALID
21C-04064,2026-08-10 15:39:00,255.1,0.0,0.0,"Xã Yên Bình, Tỉnh Lào Cai",0.0,2.0,1,0,0.0,0.0,255.1,0.0,5.0,1,Stopped,0,0,0,0,0,VALID,VALID
21C-04064,2026-08-10 15:41:00,255.1,0.0,0.0,"Xã Yên Bình, Tỉnh Lào Cai",0.0,2.0,1,0,0.0,0.0,255.1,0.0,5.0,1,Stopped,0,0,0,0,0,VALID,VALID
21C-04064,2026-08-10 15:43:00,255.1,0.0,0.0,"Xã Yên Bình, Tỉnh Lào Cai",0.0,2.0,1,0,0.0,0.0,255.1,0.0,5.0,1,Stopped,0,0,0,0,0,VALID,VALID
21C-04064,2026-08-10 15:46:00,255.1,0.0,0.0,"Xã Yên Bình, Tỉnh Lào Cai",0.0,3.0,1,0,0.0,0.0,255.1,0.0,5.0,1,Stopped,0,0,0,0,0,VALID,VALID
21C-04064,2026-08-10 15:48:00,255.1,0.0,0.0,"Xã Yên Bình, Tỉnh Lào Cai",0.0,2.0,1,0,0.0,0.0,255.1,0.0,5.0,1,Stopped,0,0,0,0,0,VALID,VALID
21C-04064,2026-08-10 15:50:00,255.1,0.0,0.0,"Xã Yên Bình, Tỉnh Lào Cai",0.0,2.0,1,0,0.0,0.0,255.1,0.0,5.0,1,Stopped,0,0,0,0,0,VALID,VALID
21C-04064,2026-08-10 15:52:00,255.1,0.0,0.0,"Xã Yên Bình, Tỉnh Lào Cai",0.0,2.0,1,0,0.0,0.0,255.1,0.0,5.0,1,Stopped,0,0,0,0,0,VALID,VALID
21C-04064,2026-08-10 15:54:00,255.1,0.0,0.0,"Xã Yên Bình, Tỉnh Lào Cai",0.0,2.0,1,0,0.0,0.0,255.1,0.0,5.0,1,Stopped,0,0,0,0,0,VALID,VALID
21C-04064,2026-08-10 15:56:00,255.1,0.0,0.0,"Xã Yên Bình, Tỉnh Lào Cai",0.0,2.0,1,0,0.0,0.0,255.1,0.0,5.0,1,Stopped,0,0,0,0,0,VALID,VALID
21C-04064,2026-08-10 15:59:00,255.1,0.0,0.0,"Xã Yên Bình, Tỉnh Lào Cai",0.0,3.0,1,0,0.0,0.0,255.1,0.0,5.0,1,Stopped,0,0,0,0,0,VALID,VALID
21C-04064,2026-08-10 16:01:00,255.1,0.0,0.0,"Xã Yên Bình, Tỉnh Lào Cai",0.0,2.0,1,0,0.0,0.0,255.1,0.0,5.0,1,Stopped,0,0,0,0,0,VALID,VALID
21C-04064,2026-08-10 16:03:00,255.1,0.0,0.0,"Xã Yên Bình, Tỉnh Lào Cai",0.0,2.0,1,0,0.0,0.0,255.1,0.0,5.0,1,Stopped,0,0,0,0,0,VALID,VALID
21C-04064,2026-08-10 16:05:00,255.1,0.0,0.0,"Xã Yên Bình, Tỉnh Lào Cai",0.0,2.0,1,0,0.0,0.0,255.1,0.0,5.0,1,Stopped,0,0,0,0,0,VALID,VALID
21C-04064,2026-08-10 16:07:00,255.1,0.0,0.0,"Xã Yên Bình, Tỉnh Lào Cai",0.0,2.0,1,0,0.0,0.0,255.1,0.0,5.0,1,Stopped,0,0,0,0,0,VALID,VALID
21C-04064,2026-08-10 16:10:00,255.1,0.0,0.0,"Xã Yên Bình, Tỉnh Lào Cai",0.0,3.0,1,0,0.0,0.0,255.1,0.0,5.0,1,Stopped,0,0,0,0,0,VALID,VALID
21C-04064,2026-08-10 16:12:00,255.1,0.0,0.0,"Xã Yên Bình, Tỉnh Lào Cai",0.0,2.0,1,0,0.0,0.0,255.1,0.0,5.0,1,Stopped,0,0,0,0,0,VALID,VALID
21C-04064,2026-08-10 16:14:00,255.1,0.0,0.0,"Xã Yên Bình, Tỉnh Lào Cai",0.0,2.0,1,0,0.0,0.0,255.1,0.0,5.0,1,Stopped,0,0,0,0,0,VALID,VALID
21C-04064,2026-08-10 16:16:00,255.1,0.0,0.0,"Xã Yên Bình, Tỉnh Lào Cai",0.0,2.0,1,0,0.0,0.0,255.1,0.0,5.0,1,Stopped,0,0,0,0,0,VALID,VALID
21C-04064,2026-08-10 16:18:00,255.1,0.0,0.0,"Xã Yên Bình, Tỉnh Lào Cai",0.0,2.0,1,0,0.0,0.0,255.1,0.0,5.0,1,Stopped,0,0,0,0,0,VALID,VALID
21C-04064,2026-08-10 16:20:00,255.1,0.0,0.0,"Xã Yên Bình, Tỉnh Lào Cai",0.0,2.0,1,0,0.0,0.0,255.1,0.0,5.0,1,Stopped,0,0,0,0,0,VALID,VALID
21C-04064,2026-08-10 16:23:00,255.1,0.0,0.0,"Xã Yên Bình, Tỉnh Lào Cai",0.0,3.0,1,0,0.0,0.0,255.1,0.0,5.0,1,Stopped,0,0,0,0,0,VALID,VALID
21C-04064,2026-08-10 16:25:00,255.1,0.0,0.0,"Xã Yên Bình, Tỉnh Lào Cai",0.0,2.0,1,0,0.0,0.0,255.1,0.0,5.0,1,Stopped,0,0,0,0,0,VALID,VALID
21C-04064,2026-08-10 16:27:00,255.1,0.0,0.0,"Xã Yên Bình, Tỉnh Lào Cai",0.0,2.0,1,0,0.0,0.0,255.1,0.0,5.0,1,Stopped,0,0,0,0,0,VALID,VALID
21C-04064,2026-08-10 16:29:00,255.0,0.0,0.0,"Xã Yên Bình, Tỉnh Lào Cai",0.0,2.0,1,0,-0.09999999999999432,-0.04999999999999716,255.1,0.044721359552933555,5.0,1,Stopped,0,0,0,0,0,VALID,VALID
21C-04064,2026-08-10 16:31:00,255.0,0.0,0.0,"Xã Yên Bình, Tỉnh Lào Cai",0.0,2.0,1,0,0.0,0.0,255.1,0.0547722557528682,5.0,1,Stopped,0,0,0,0,0,VALID,VALID
21C-04064,2026-08-10 16:34:00,255.0,0.0,0.0,"Xã Yên Bình, Tỉnh Lào Cai",0.0,3.0,1,0,0.0,0.0,255.0,0.05477225575282214,5.0,1,Stopped,0,0,0,0,0,VALID,VALID
21C-04064,2026-08-10 16:36:00,255.0,0.0,0.0,"Xã Yên Bình, Tỉnh Lào Cai",0.0,2.0,1,0,0.0,0.0,255.0,0.04472135955277269,5.0,1,Stopped,0,0,0,0,0,VALID,VALID
21C-04064,2026-08-10 16:38:00,255.0,0.0,0.0,"Xã Yên Bình, Tỉnh Lào Cai",0.0,2.0,1,0,0.0,0.0,255.0,0.0,5.0,1,Stopped,0,0,0,0,0,VALID,VALID
21C-04064,2026-08-10 16:40:00,255.0,0.0,0.0,"Xã Yên Bình, Tỉnh Lào Cai",0.0,2.0,1,0,0.0,0.0,255.0,0.0,5.0,1,Stopped,0,0,0,0,0,VALID,VALID
21C-04064,2026-08-10 16:42:00,255.0,0.0,0.0,"Xã Yên Bình, Tỉnh Lào Cai",0.0,2.0,1,0,0.0,0.0,255.0,0.0,5.0,1,Stopped,0,0,0,0,0,VALID,VALID
21C-04064,2026-08-10 16:44:00,255.0,0.0,0.0,"Xã Yên Bình, Tỉnh Lào Cai",0.0,2.0,1,0,0.0,0.0,255.0,0.0,5.0,1,Stopped,0,0,0,0,0,VALID,VALID
21C-04064,2026-08-10 16:47:00,255.0,0.0,0.0,"Xã Yên Bình, Tỉnh Lào Cai",0.0,3.0,1,0,0.0,0.0,255.0,0.0,5.0,1,Stopped,0,0,0,0,0,VALID,VALID
21C-04064,2026-08-10 16:49:00,255.0,0.0,0.0,"Xã Yên Bình, Tỉnh Lào Cai",0.0,2.0,1,0,0.0,0.0,255.0,0.0,5.0,1,Stopped,0,0,0,0,0,VALID,VALID
21C-04064,2026-08-10 16:51:00,255.0,0.0,0.0,"Xã Yên Bình, Tỉnh Lào Cai",0.0,2.0,1,0,0.0,0.0,255.0,0.0,5.0,1,Stopped,0,0,0,0,0,VALID,VALID
21C-04064,2026-08-10 16:53:00,255.0,0.0,0.0,"Xã Yên Bình, Tỉnh Lào Cai",0.0,2.0,1,0,0.0,0.0,255.0,0.0,5.0,1,Stopped,0,0,0,0,0,VALID,VALID
21C-04064,2026-08-10 16:55:00,255.0,0.0,0.0,"Xã Yên Bình, Tỉnh Lào Cai",0.0,2.0,1,0,0.0,0.0,255.0,0.0,5.0,1,Stopped,0,0,0,0,0,VALID,VALID
21C-04064,2026-08-10 16:58:00,255.0,0.0,0.0,"Xã Yên Bình, Tỉnh Lào Cai",0.0,3.0,1,0,0.0,0.0,255.0,0.0,5.0,1,Stopped,0,0,0,0,0,VALID,VALID
21C-04064,2026-08-10 17:00:00,255.1,0.0,0.0,"Xã Yên Bình, Tỉnh Lào Cai",0.0,2.0,1,0,0.09999999999999432,0.04999999999999716,255.0,0.04472135955275838,5.0,1,Stopped,0,0,0,0,0,VALID,VALID
21C-04064,2026-08-10 17:02:00,255.1,0.0,0.0,"Xã Yên Bình, Tỉnh Lào Cai",0.0,2.0,1,0,0.0,0.0,255.0,0.05477225575278873,5.0,1,Stopped,0,0,0,0,0,VALID,VALID
21C-04064,2026-08-10 17:04:00,255.1,0.0,0.0,"Xã Yên Bình, Tỉnh Lào Cai",0.0,2.0,1,0,0.0,0.0,255.1,0.054772255752803,5.0,1,Stopped,0,0,0,0,0,VALID,VALID
21C-04064,2026-08-10 17:06:00,255.1,0.0,0.0,"Xã Yên Bình, Tỉnh Lào Cai",0.0,2.0,1,0,0.0,0.0,255.1,0.0447213595528128,5.0,1,Stopped,0,0,0,0,0,VALID,VALID
21C-04064,2026-08-10 17:08:00,255.1,0.0,0.0,"Xã Yên Bình, Tỉnh Lào Cai",0.0,2.0,1,0,0.0,0.0,255.1,0.0,5.0,1,Stopped,0,0,0,0,0,VALID,VALID
21C-04064,2026-08-10 17:11:00,255.1,0.0,0.0,"Xã Yên Bình, Tỉnh Lào Cai",0.0,3.0,1,0,0.0,0.0,255.1,0.0,5.0,1,Stopped,0,0,0,0,0,VALID,VALID
21C-04064,2026-08-10 17:13:00,255.1,0.0,0.0,"Xã Yên Bình, Tỉnh Lào Cai",0.0,2.0,1,0,0.0,0.0,255.1,0.0,5.0,1,Stopped,0,0,0,0,0,VALID,VALID
21C-04064,2026-08-10 17:15:00,255.1,0.0,0.0,"Xã Yên Bình, Tỉnh Lào Cai",0.0,2.0,1,0,0.0,0.0,255.1,0.0,5.0,1,Stopped,0,0,0,0,0,VALID,VALID
21C-04064,2026-08-10 17:17:00,255.1,0.0,0.0,"Xã Yên Bình, Tỉnh Lào Cai",0.0,2.0,1,0,0.0,0.0,255.1,0.0,5.0,1,Stopped,0,0,0,0,0,VALID,VALID
21C-04064,2026-08-10 17:19:00,255.1,0.0,0.0,"Xã Yên Bình, Tỉnh Lào Cai",0.0,2.0,1,0,0.0,0.0,255.1,0.0,5.0,1,Stopped,0,0,0,0,0,VALID,VALID
21C-04064,2026-08-10 17:22:00,255.1,0.0,0.0,"Xã Yên Bình, Tỉnh Lào Cai",0.0,3.0,1,0,0.0,0.0,255.1,0.0,5.0,1,Stopped,0,0,0,0,0,VALID,VALID
21C-04064,2026-08-10 17:24:00,255.1,0.0,0.0,"Xã Yên Bình, Tỉnh Lào Cai",0.0,2.0,1,0,0.0,0.0,255.1,0.0,5.0,1,Stopped,0,0,0,0,0,VALID,VALID
21C-04064,2026-08-10 17:26:00,255.1,0.0,0.0,"Xã Yên Bình, Tỉnh Lào Cai",0.0,2.0,1,0,0.0,0.0,255.1,0.0,5.0,1,Stopped,0,0,0,0,0,VALID,VALID
21C-04064,2026-08-10 17:28:00,255.1,0.0,0.0,"Xã Yên Bình, Tỉnh Lào Cai",0.0,2.0,1,0,0.0,0.0,255.1,0.0,5.0,1,Stopped,0,0,0,0,0,VALID,VALID
21C-04064,2026-08-10 17:30:00,255.1,0.0,0.0,"Xã Yên Bình, Tỉnh Lào Cai",0.0,2.0,1,0,0.0,0.0,255.1,0.0,5.0,1,Stopped,0,0,0,0,0,VALID,VALID
21C-04064,2026-08-10 17:32:00,255.1,0.0,0.0,"Xã Yên Bình, Tỉnh Lào Cai",0.0,2.0,1,0,0.0,0.0,255.1,0.0,5.0,1,Stopped,0,0,0,0,0,VALID,VALID
21C-04064,2026-08-10 17:35:00,255.1,0.0,0.0,"Xã Yên Bình, Tỉnh Lào Cai",0.0,3.0,1,0,0.0,0.0,255.1,0.0,5.0,1,Stopped,0,0,0,0,0,VALID,VALID
21C-04064,2026-08-10 17:37:00,255.1,0.0,0.0,"Xã Yên Bình, Tỉnh Lào Cai",0.0,2.0,1,0,0.0,0.0,255.1,0.0,5.0,1,Stopped,0,0,0,0,0,VALID,VALID
21C-04064,2026-08-10 17:39:00,255.1,0.0,0.0,"Xã Yên Bình, Tỉnh Lào Cai",0.0,2.0,1,0,0.0,0.0,255.1,0.0,5.0,1,Stopped,0,0,0,0,0,VALID,VALID
21C-04064,2026-08-10 17:41:00,255.1,0.0,0.0,"Xã Yên Bình, Tỉnh Lào Cai",0.0,2.0,1,0,0.0,0.0,255.1,0.0,5.0,1,Stopped,0,0,0,0,0,VALID,VALID
21C-04064,2026-08-10 17:43:00,255.1,0.0,0.0,"Xã Yên Bình, Tỉnh Lào Cai",0.0,2.0,1,0,0.0,0.0,255.1,0.0,5.0,1,Stopped,0,0,0,0,0,VALID,VALID
21C-04064,2026-08-10 17:46:00,255.1,0.0,0.0,"Xã Yên Bình, Tỉnh Lào Cai",0.0,3.0,1,0,0.0,0.0,255.1,0.0,5.0,1,Stopped,0,0,0,0,0,VALID,VALID
21C-04064,2026-08-10 17:48:00,255.1,0.0,0.0,"Xã Yên Bình, Tỉnh Lào Cai",0.0,2.0,1,0,0.0,0.0,255.1,0.0,5.0,1,Stopped,0,0,0,0,0,VALID,VALID
21C-04064,2026-08-10 17:50:00,255.1,0.0,0.0,"Xã Yên Bình, Tỉnh Lào Cai",0.0,2.0,1,0,0.0,0.0,255.1,0.0,5.0,1,Stopped,0,0,0,0,0,VALID,VALID
21C-04064,2026-08-10 17:52:00,255.1,0.0,0.0,"Xã Yên Bình, Tỉnh Lào Cai",0.0,2.0,1,0,0.0,0.0,255.1,0.0,5.0,1,Stopped,0,0,0,0,0,VALID,VALID
21C-04064,2026-08-10 17:54:00,255.1,0.0,0.0,"Xã Yên Bình, Tỉnh Lào Cai",0.0,2.0,1,0,0.0,0.0,255.1,0.0,5.0,1,Stopped,0,0,0,0,0,VALID,VALID
21C-04064,2026-08-10 17:56:00,255.1,0.0,0.0,"Xã Yên Bình, Tỉnh Lào Cai",0.0,2.0,1,0,0.0,0.0,255.1,0.0,5.0,1,Stopped,0,0,0,0,0,VALID,VALID
21C-04064,2026-08-10 17:59:00,255.1,0.0,0.0,"Xã Yên Bình, Tỉnh Lào Cai",0.0,3.0,1,0,0.0,0.0,255.1,0.0,5.0,1,Stopped,0,0,0,0,0,VALID,VALID
21C-04064,2026-08-10 18:01:00,255.1,0.0,0.0,"Xã Yên Bình, Tỉnh Lào Cai",0.0,2.0,1,0,0.0,0.0,255.1,0.0,5.0,1,Stopped,0,0,0,0,0,VALID,VALID
21C-04064,2026-08-10 18:03:00,255.1,0.0,0.0,"Xã Yên Bình, Tỉnh Lào Cai",0.0,2.0,1,0,0.0,0.0,255.1,0.0,5.0,1,Stopped,0,0,0,0,0,VALID,VALID
21C-04064,2026-08-10 18:05:00,255.1,0.0,0.0,"Xã Yên Bình, Tỉnh Lào Cai",0.0,2.0,1,0,0.0,0.0,255.1,0.0,5.0,1,Stopped,0,0,0,0,0,VALID,VALID
21C-04064,2026-08-10 18:08:00,255.1,0.0,0.0,"Xã Yên Bình, Tỉnh Lào Cai",0.0,3.0,1,0,0.0,0.0,255.1,0.0,5.0,1,Stopped,0,0,0,0,0,VALID,VALID
21C-04064,2026-08-10 18:10:00,255.1,0.0,0.0,"Xã Yên Bình, Tỉnh Lào Cai",0.0,2.0,1,0,0.0,0.0,255.1,0.0,5.0,1,Stopped,0,0,0,0,0,VALID,VALID
21C-04064,2026-08-10 18:12:00,255.1,0.0,0.0,"Xã Yên Bình, Tỉnh Lào Cai",0.0,2.0,1,0,0.0,0.0,255.1,0.0,5.0,1,Stopped,0,0,0,0,0,VALID,VALID
21C-04064,2026-08-10 18:14:00,255.1,0.0,0.0,"Xã Yên Bình, Tỉnh Lào Cai",0.0,2.0,1,0,0.0,0.0,255.1,0.0,5.0,1,Stopped,0,0,0,0,0,VALID,VALID
21C-04064,2026-08-10 18:16:00,255.1,0.0,0.0,"Xã Yên Bình, Tỉnh Lào Cai",0.0,2.0,1,0,0.0,0.0,255.1,0.0,5.0,1,Stopped,0,0,0,0,0,VALID,VALID
21C-04064,2026-08-10 18:18:00,255.1,0.0,0.0,"Xã Yên Bình, Tỉnh Lào Cai",0.0,2.0,1,0,0.0,0.0,255.1,0.0,5.0,1,Stopped,0,0,0,0,0,VALID,VALID
21C-04064,2026-08-10 18:21:00,255.1,0.0,0.0,"Xã Yên Bình, Tỉnh Lào Cai",0.0,3.0,1,0,0.0,0.0,255.1,0.0,5.0,1,Stopped,0,0,0,0,0,VALID,VALID
21C-04064,2026-08-10 18:23:00,255.1,0.0,0.0,"Xã Yên Bình, Tỉnh Lào Cai",0.0,2.0,1,0,0.0,0.0,255.1,0.0,5.0,1,Stopped,0,0,0,0,0,VALID,VALID
21C-04064,2026-08-10 18:25:00,255.1,0.0,0.0,"Xã Yên Bình, Tỉnh Lào Cai",0.0,2.0,1,0,0.0,0.0,255.1,0.0,5.0,1,Stopped,0,0,0,0,0,VALID,VALID
21C-04064,2026-08-10 18:27:00,255.1,0.0,0.0,"Xã Yên Bình, Tỉnh Lào Cai",0.0,2.0,1,0,0.0,0.0,255.1,0.0,5.0,1,Stopped,0,0,0,0,0,VALID,VALID
21C-04064,2026-08-10 18:29:00,255.1,0.0,0.0,"Xã Yên Bình, Tỉnh Lào Cai",0.0,2.0,1,0,0.0,0.0,255.1,0.0,5.0,1,Stopped,0,0,0,0,0,VALID,VALID
21C-04064,2026-08-10 18:32:00,255.3,0.0,0.0,"Xã Yên Bình, Tỉnh Lào Cai",0.0,3.0,1,0,0.20000000000001705,0.06666666666667236,255.1,0.08944271910145903,5.0,1,Stopped,0,0,0,0,0,VALID,VALID
21C-04064,2026-08-10 18:34:00,255.3,0.0,0.0,"Xã Yên Bình, Tỉnh Lào Cai",0.0,2.0,1,0,0.0,0.0,255.1,0.10954451150226141,5.0,1,Stopped,0,0,0,0,0,VALID,VALID
21C-04064,2026-08-10 18:36:00,255.3,0.0,0.0,"Xã Yên Bình, Tỉnh Lào Cai",0.0,2.0,1,0,0.0,0.0,255.3,0.10954451150228736,5.0,1,Stopped,0,0,0,0,0,VALID,VALID
21C-04064,2026-08-10 18:38:00,255.3,0.0,0.0,"Xã Yên Bình, Tỉnh Lào Cai",0.0,2.0,1,0,0.0,0.0,255.3,0.08944271910155437,5.0,1,Stopped,0,0,0,0,0,VALID,VALID
21C-04064,2026-08-10 18:40:00,255.3,0.0,0.0,"Xã Yên Bình, Tỉnh Lào Cai",0.0,2.0,1,0,0.0,0.0,255.3,0.0,5.0,1,Stopped,0,0,0,0,0,VALID,VALID
21C-04064,2026-08-10 18:42:00,255.3,0.0,0.0,"Xã Yên Bình, Tỉnh Lào Cai",0.0,2.0,1,0,0.0,0.0,255.3,0.0,5.0,1,Stopped,0,0,0,0,0,VALID,VALID
21C-04064,2026-08-10 18:45:00,255.3,0.0,0.0,"Xã Yên Bình, Tỉnh Lào Cai",0.0,3.0,1,0,0.0,0.0,255.3,0.0,5.0,1,Stopped,0,0,0,0,0,VALID,VALID
21C-04064,2026-08-10 18:47:00,255.3,0.0,0.0,"Xã Yên Bình, Tỉnh Lào Cai",0.0,2.0,1,0,0.0,0.0,255.3,0.0,5.0,1,Stopped,0,0,0,0,0,VALID,VALID
21C-04064,2026-08-10 18:49:00,255.3,0.0,0.0,"Xã Yên Bình, Tỉnh Lào Cai",0.0,2.0,1,0,0.0,0.0,255.3,0.0,5.0,1,Stopped,0,0,0,0,0,VALID,VALID
21C-04064,2026-08-10 18:51:00,255.3,0.0,0.0,"Xã Yên Bình, Tỉnh Lào Cai",0.0,2.0,1,0,0.0,0.0,255.3,0.0,5.0,1,Stopped,0,0,0,0,0,VALID,VALID
21C-04064,2026-08-10 18:53:00,255.3,0.0,0.0,"Xã Yên Bình, Tỉnh Lào Cai",0.0,2.0,1,0,0.0,0.0,255.3,0.0,5.0,1,Stopped,0,0,0,0,0,VALID,VALID
21C-04064,2026-08-10 18:56:00,255.3,0.0,0.0,"Xã Yên Bình, Tỉnh Lào Cai",0.0,3.0,1,0,0.0,0.0,255.3,0.0,5.0,1,Stopped,0,0,0,0,0,VALID,VALID
21C-04064,2026-08-10 18:58:00,255.3,0.0,0.0,"Xã Yên Bình, Tỉnh Lào Cai",0.0,2.0,1,0,0.0,0.0,255.3,0.0,5.0,1,Stopped,0,0,0,0,0,VALID,VALID
21C-04064,2026-08-10 19:00:00,255.3,0.0,0.0,"Xã Yên Bình, Tỉnh Lào Cai",0.0,2.0,1,0,0.0,0.0,255.3,0.0,5.0,1,Stopped,0,0,0,0,0,VALID,VALID
21C-04064,2026-08-10 19:02:00,255.3,0.0,0.0,"Xã Yên Bình, Tỉnh Lào Cai",0.0,2.0,1,0,0.0,0.0,255.3,0.0,5.0,1,Stopped,0,0,0,0,0,VALID,VALID
21C-04064,2026-08-10 19:04:00,255.3,0.0,0.0,"Xã Yên Bình, Tỉnh Lào Cai",0.0,2.0,1,0,0.0,0.0,255.3,0.0,5.0,1,Stopped,0,0,0,0,0,VALID,VALID
21C-04064,2026-08-10 19:06:00,255.3,0.0,0.0,"Xã Yên Bình, Tỉnh Lào Cai",0.0,2.0,1,0,0.0,0.0,255.3,0.0,5.0,1,Stopped,0,0,0,0,0,VALID,VALID
21C-04064,2026-08-10 19:09:00,255.3,0.0,0.0,"Xã Yên Bình, Tỉnh Lào Cai",0.0,3.0,1,0,0.0,0.0,255.3,0.0,5.0,1,Stopped,0,0,0,0,0,VALID,VALID
21C-04064,2026-08-10 19:11:00,255.3,0.0,0.0,"Xã Yên Bình, Tỉnh Lào Cai",0.0,2.0,1,0,0.0,0.0,255.3,0.0,5.0,1,Stopped,0,0,0,0,0,VALID,VALID
21C-04064,2026-08-10 19:13:00,255.3,0.0,0.0,"Xã Yên Bình, Tỉnh Lào Cai",0.0,2.0,1,0,0.0,0.0,255.3,0.0,5.0,1,Stopped,0,0,0,0,0,VALID,VALID
21C-04064,2026-08-10 19:15:00,255.3,0.0,0.0,"Xã Yên Bình, Tỉnh Lào Cai",0.0,2.0,1,0,0.0,0.0,255.3,0.0,5.0,1,Stopped,0,0,0,0,0,VALID,VALID
21C-04064,2026-08-10 19:17:00,255.3,0.0,0.0,"Xã Yên Bình, Tỉnh Lào Cai",0.0,2.0,1,0,0.0,0.0,255.3,0.0,5.0,1,Stopped,0,0,0,0,0,VALID,VALID
21C-04064,2026-08-10 19:20:00,255.3,0.0,0.0,"Xã Yên Bình, Tỉnh Lào Cai",0.0,3.0,1,0,0.0,0.0,255.3,0.0,5.0,1,Stopped,0,0,0,0,0,VALID,VALID
21C-04064,2026-08-10 19:22:00,255.3,0.0,0.0,"Xã Yên Bình, Tỉnh Lào Cai",0.0,2.0,1,0,0.0,0.0,255.3,0.0,5.0,1,Stopped,0,0,0,0,0,VALID,VALID
21C-04064,2026-08-10 19:24:00,255.3,0.0,0.0,"Xã Yên Bình, Tỉnh Lào Cai",0.0,2.0,1,0,0.0,0.0,255.3,0.0,5.0,1,Stopped,0,0,0,0,0,VALID,VALID
21C-04064,2026-08-10 19:26:00,255.3,0.0,0.0,"Xã Yên Bình, Tỉnh Lào Cai",0.0,2.0,1,0,0.0,0.0,255.3,0.0,5.0,1,Stopped,0,0,0,0,0,VALID,VALID
21C-04064,2026-08-10 19:28:00,255.3,0.0,0.0,"Xã Yên Bình, Tỉnh Lào Cai",0.0,2.0,1,0,0.0,0.0,255.3,0.0,5.0,1,Stopped,0,0,0,0,0,VALID,VALID
21C-04064,2026-08-10 19:30:00,255.3,0.0,0.0,"Xã Yên Bình, Tỉnh Lào Cai",0.0,2.0,1,0,0.0,0.0,255.3,0.0,5.0,1,Stopped,0,0,0,0,0,VALID,VALID
21C-04064,2026-08-10 19:33:00,255.3,0.0,0.0,"Xã Yên Bình, Tỉnh Lào Cai",0.0,3.0,1,0,0.0,0.0,255.3,0.0,5.0,1,Stopped,0,0,0,0,0,VALID,VALID
21C-04064,2026-08-10 19:35:00,255.3,0.0,0.0,"Xã Yên Bình, Tỉnh Lào Cai",0.0,2.0,1,0,0.0,0.0,255.3,0.0,5.0,1,Stopped,0,0,0,0,0,VALID,VALID
21C-04064,2026-08-10 19:37:00,255.3,0.0,0.0,"Xã Yên Bình, Tỉnh Lào Cai",0.0,2.0,1,0,0.0,0.0,255.3,0.0,5.0,1,Stopped,0,0,0,0,0,VALID,VALID
21C-04064,2026-08-10 19:39:00,255.3,0.0,0.0,"Xã Yên Bình, Tỉnh Lào Cai",0.0,2.0,1,0,0.0,0.0,255.3,0.0,5.0,1,Stopped,0,0,0,0,0,VALID,VALID
21C-04064,2026-08-10 19:41:00,255.3,0.0,0.0,"Xã Yên Bình, Tỉnh Lào Cai",0.0,2.0,1,0,0.0,0.0,255.3,0.0,5.0,1,Stopped,0,0,0,0,0,VALID,VALID
21C-04064,2026-08-10 19:44:00,255.3,0.0,0.0,"Xã Yên Bình, Tỉnh Lào Cai",0.0,3.0,1,0,0.0,0.0,255.3,0.0,5.0,1,Stopped,0,0,0,0,0,VALID,VALID
21C-04064,2026-08-10 19:46:00,255.3,0.0,0.0,"Xã Yên Bình, Tỉnh Lào Cai",0.0,2.0,1,0,0.0,0.0,255.3,0.0,5.0,1,Stopped,0,0,0,0,0,VALID,VALID
21C-04064,2026-08-10 19:48:00,255.3,0.0,0.0,"Xã Yên Bình, Tỉnh Lào Cai",0.0,2.0,1,0,0.0,0.0,255.3,0.0,5.0,1,Stopped,0,0,0,0,0,VALID,VALID
21C-04064,2026-08-10 19:50:00,255.3,0.0,0.0,"Xã Yên Bình, Tỉnh Lào Cai",0.0,2.0,1,0,0.0,0.0,255.3,0.0,5.0,1,Stopped,0,0,0,0,0,VALID,VALID
21C-04064,2026-08-10 19:52:00,255.3,0.0,0.0,"Xã Yên Bình, Tỉnh Lào Cai",0.0,2.0,1,0,0.0,0.0,255.3,0.0,5.0,1,Stopped,0,0,0,0,0,VALID,VALID
21C-04064,2026-08-10 19:54:00,255.3,0.0,0.0,"Xã Yên Bình, Tỉnh Lào Cai",0.0,2.0,1,0,0.0,0.0,255.3,0.0,5.0,1,Stopped,0,0,0,0,0,VALID,VALID
21C-04064,2026-08-10 19:57:00,255.3,0.0,0.0,"Xã Yên Bình, Tỉnh Lào Cai",0.0,3.0,1,0,0.0,0.0,255.3,0.0,5.0,1,Stopped,0,0,0,0,0,VALID,VALID
21C-04064,2026-08-10 19:59:00,255.3,0.0,0.0,"Xã Yên Bình, Tỉnh Lào Cai",0.0,2.0,1,0,0.0,0.0,255.3,0.0,5.0,1,Stopped,0,0,0,0,0,VALID,VALID
21C-04064,2026-08-10 20:01:00,255.3,0.0,0.0,"Xã Yên Bình, Tỉnh Lào Cai",0.0,2.0,1,0,0.0,0.0,255.3,0.0,5.0,1,Stopped,0,0,0,0,0,VALID,VALID
21C-04064,2026-08-10 20:03:00,255.3,0.0,0.0,"Xã Yên Bình, Tỉnh Lào Cai",0.0,2.0,1,0,0.0,0.0,255.3,0.0,5.0,1,Stopped,0,0,0,0,0,VALID,VALID
21C-04064,2026-08-10 20:06:00,255.3,0.0,0.0,"Xã Yên Bình, Tỉnh Lào Cai",0.0,3.0,1,0,0.0,0.0,255.3,0.0,5.0,1,Stopped,0,0,0,0,0,VALID,VALID
21C-04064,2026-08-10 20:08:00,255.3,0.0,0.0,"Xã Yên Bình, Tỉnh Lào Cai",0.0,2.0,1,0,0.0,0.0,255.3,0.0,5.0,1,Stopped,0,0,0,0,0,VALID,VALID
21C-04064,2026-08-10 20:10:00,255.3,0.0,0.0,"Xã Yên Bình, Tỉnh Lào Cai",0.0,2.0,1,0,0.0,0.0,255.3,0.0,5.0,1,Stopped,0,0,0,0,0,VALID,VALID
21C-04064,2026-08-10 20:12:00,255.3,0.0,0.0,"Xã Yên Bình, Tỉnh Lào Cai",0.0,2.0,1,0,0.0,0.0,255.3,0.0,5.0,1,Stopped,0,0,0,0,0,VALID,VALID
21C-04064,2026-08-10 20:14:00,255.3,0.0,0.0,"Xã Yên Bình, Tỉnh Lào Cai",0.0,2.0,1,0,0.0,0.0,255.3,0.0,5.0,1,Stopped,0,0,0,0,0,VALID,VALID
21C-04064,2026-08-10 20:16:00,255.3,0.0,0.0,"Xã Yên Bình, Tỉnh Lào Cai",0.0,2.0,1,0,0.0,0.0,255.3,0.0,5.0,1,Stopped,0,0,0,0,0,VALID,VALID
21C-04064,2026-08-10 20:19:00,255.3,0.0,0.0,"Xã Yên Bình, Tỉnh Lào Cai",0.0,3.0,1,0,0.0,0.0,255.3,0.0,5.0,1,Stopped,0,0,0,0,0,VALID,VALID
21C-04064,2026-08-10 20:21:00,255.3,0.0,0.0,"Xã Yên Bình, Tỉnh Lào Cai",0.0,2.0,1,0,0.0,0.0,255.3,0.0,5.0,1,Stopped,0,0,0,0,0,VALID,VALID
21C-04064,2026-08-10 20:23:00,255.3,0.0,0.0,"Xã Yên Bình, Tỉnh Lào Cai",0.0,2.0,1,0,0.0,0.0,255.3,0.0,5.0,1,Stopped,0,0,0,0,0,VALID,VALID
21C-04064,2026-08-10 20:25:00,255.4,0.0,0.0,"Xã Yên Bình, Tỉnh Lào Cai",0.0,2.0,1,0,0.09999999999999432,0.04999999999999716,255.3,0.04472135955317981,5.0,1,Stopped,0,0,0,0,0,VALID,VALID
21C-04064,2026-08-10 20:27:00,255.4,0.0,0.0,"Xã Yên Bình, Tỉnh Lào Cai",0.0,2.0,1,0,0.0,0.0,255.3,0.054772255753132826,5.0,1,Stopped,0,0,0,0,0,VALID,VALID
21C-04064,2026-08-10 20:30:00,255.4,0.0,0.0,"Xã Yên Bình, Tỉnh Lào Cai",0.0,3.0,1,0,0.0,0.0,255.4,0.05477225575314709,5.0,1,Stopped,0,0,0,0,0,VALID,VALID
21C-04064,2026-08-10 20:32:00,255.4,0.0,0.0,"Xã Yên Bình, Tỉnh Lào Cai",0.0,2.0,1,0,0.0,0.0,255.4,0.044721359553234225,5.0,1,Stopped,0,0,0,0,0,VALID,VALID
21C-04064,2026-08-10 20:34:00,255.4,0.0,0.0,"Xã Yên Bình, Tỉnh Lào Cai",0.0,2.0,1,0,0.0,0.0,255.4,0.0,5.0,1,Stopped,0,0,0,0,0,VALID,VALID
21C-04064,2026-08-10 20:36:00,255.4,0.0,0.0,"Xã Yên Bình, Tỉnh Lào Cai",0.0,2.0,1,0,0.0,0.0,255.4,0.0,5.0,1,Stopped,0,0,0,0,0,VALID,VALID
21C-04064,2026-08-10 20:38:00,255.4,0.0,0.0,"Xã Yên Bình, Tỉnh Lào Cai",0.0,2.0,1,0,0.0,0.0,255.4,0.0,5.0,1,Stopped,0,0,0,0,0,VALID,VALID
21C-04064,2026-08-10 20:40:00,255.4,0.0,0.0,"Xã Yên Bình, Tỉnh Lào Cai",0.0,2.0,1,0,0.0,0.0,255.4,0.0,5.0,1,Stopped,0,0,0,0,0,VALID,VALID
21C-04064,2026-08-10 20:43:00,255.4,0.0,0.0,"Xã Yên Bình, Tỉnh Lào Cai",0.0,3.0,1,0,0.0,0.0,255.4,0.0,5.0,1,Stopped,0,0,0,0,0,VALID,VALID
21C-04064,2026-08-10 20:45:00,255.4,0.0,0.0,"Xã Yên Bình, Tỉnh Lào Cai",0.0,2.0,1,0,0.0,0.0,255.4,0.0,5.0,1,Stopped,0,0,0,0,0,VALID,VALID
21C-04064,2026-08-10 20:47:00,255.4,0.0,0.0,"Xã Yên Bình, Tỉnh Lào Cai",0.0,2.0,1,0,0.0,0.0,255.4,0.0,5.0,1,Stopped,0,0,0,0,0,VALID,VALID
21C-04064,2026-08-10 20:49:00,255.4,0.0,0.0,"Xã Yên Bình, Tỉnh Lào Cai",0.0,2.0,1,0,0.0,0.0,255.4,0.0,5.0,1,Stopped,0,0,0,0,0,VALID,VALID
21C-04064,2026-08-10 20:51:00,255.4,0.0,0.0,"Xã Yên Bình, Tỉnh Lào Cai",0.0,2.0,1,0,0.0,0.0,255.4,0.0,5.0,1,Stopped,0,0,0,0,0,VALID,VALID
21C-04064,2026-08-10 20:54:00,255.4,0.0,0.0,"Xã Yên Bình, Tỉnh Lào Cai",0.0,3.0,1,0,0.0,0.0,255.4,0.0,5.0,1,Stopped,0,0,0,0,0,VALID,VALID
21C-04064,2026-08-10 20:56:00,255.4,0.0,0.0,"Xã Yên Bình, Tỉnh Lào Cai",0.0,2.0,1,0,0.0,0.0,255.4,0.0,5.0,1,Stopped,0,0,0,0,0,VALID,VALID
21C-04064,2026-08-10 20:58:00,255.4,0.0,0.0,"Xã Yên Bình, Tỉnh Lào Cai",0.0,2.0,1,0,0.0,0.0,255.4,0.0,5.0,1,Stopped,0,0,0,0,0,VALID,VALID
21C-04064,2026-08-10 21:00:00,255.4,0.0,0.0,"Xã Yên Bình, Tỉnh Lào Cai",0.0,2.0,1,0,0.0,0.0,255.4,0.0,5.0,1,Stopped,0,0,0,0,0,VALID,VALID
21C-04064,2026-08-10 21:02:00,255.4,0.0,0.0,"Xã Yên Bình, Tỉnh Lào Cai",0.0,2.0,1,0,0.0,0.0,255.4,0.0,5.0,1,Stopped,0,0,0,0,0,VALID,VALID
21C-04064,2026-08-10 21:04:00,255.4,0.0,0.0,"Xã Yên Bình, Tỉnh Lào Cai",0.0,2.0,1,0,0.0,0.0,255.4,0.0,5.0,1,Stopped,0,0,0,0,0,VALID,VALID
21C-04064,2026-08-10 21:07:00,255.4,0.0,0.0,"Xã Yên Bình, Tỉnh Lào Cai",0.0,3.0,1,0,0.0,0.0,255.4,0.0,5.0,1,Stopped,0,0,0,0,0,VALID,VALID
21C-04064,2026-08-10 21:09:00,255.4,0.0,0.0,"Xã Yên Bình, Tỉnh Lào Cai",0.0,2.0,1,0,0.0,0.0,255.4,0.0,5.0,1,Stopped,0,0,0,0,0,VALID,VALID
21C-04064,2026-08-10 21:11:00,255.4,0.0,0.0,"Xã Yên Bình, Tỉnh Lào Cai",0.0,2.0,1,0,0.0,0.0,255.4,0.0,5.0,1,Stopped,0,0,0,0,0,VALID,VALID
21C-04064,2026-08-10 21:13:00,255.4,0.0,0.0,"Xã Yên Bình, Tỉnh Lào Cai",0.0,2.0,1,0,0.0,0.0,255.4,0.0,5.0,1,Stopped,0,0,0,0,0,VALID,VALID
21C-04064,2026-08-10 21:15:00,255.4,0.0,0.0,"Xã Yên Bình, Tỉnh Lào Cai",0.0,2.0,1,0,0.0,0.0,255.4,0.0,5.0,1,Stopped,0,0,0,0,0,VALID,VALID
21C-04064,2026-08-10 21:18:00,255.6,0.0,0.0,"Xã Yên Bình, Tỉnh Lào Cai",0.0,3.0,1,0,0.19999999999998863,0.06666666666666288,255.4,0.08944271910165545,5.0,1,Stopped,0,0,0,0,0,VALID,VALID
21C-04064,2026-08-10 21:20:00,255.6,0.0,0.0,"Xã Yên Bình, Tỉnh Lào Cai",0.0,2.0,1,0,0.0,0.0,255.4,0.1095445115024179,5.0,1,Stopped,0,0,0,0,0,VALID,VALID
21C-04064,2026-08-10 21:22:00,255.6,0.0,0.0,"Xã Yên Bình, Tỉnh Lào Cai",0.0,2.0,1,0,0.0,0.0,255.6,0.10954451150244968,5.0,1,Stopped,0,0,0,0,0,VALID,VALID
21C-04064,2026-08-10 21:24:00,255.6,0.0,0.0,"Xã Yên Bình, Tỉnh Lào Cai",0.0,2.0,1,0,0.0,0.0,255.6,0.08944271910177222,5.0,1,Stopped,0,0,0,0,0,VALID,VALID
21C-04064,2026-08-10 21:26:00,255.6,0.0,0.0,"Xã Yên Bình, Tỉnh Lào Cai",0.0,2.0,1,0,0.0,0.0,255.6,0.0,5.0,1,Stopped,0,0,0,0,0,VALID,VALID
21C-04064,2026-08-10 21:28:00,255.6,0.0,0.0,"Xã Yên Bình, Tỉnh Lào Cai",0.0,2.0,1,0,0.0,0.0,255.6,0.0,5.0,1,Stopped,0,0,0,0,0,VALID,VALID
21C-04064,2026-08-10 21:31:00,255.6,0.0,0.0,"Xã Yên Bình, Tỉnh Lào Cai",0.0,3.0,1,0,0.0,0.0,255.6,0.0,5.0,1,Stopped,0,0,0,0,0,VALID,VALID
21C-04064,2026-08-10 21:33:00,255.6,0.0,0.0,"Xã Yên Bình, Tỉnh Lào Cai",0.0,2.0,1,0,0.0,0.0,255.6,0.0,5.0,1,Stopped,0,0,0,0,0,VALID,VALID
21C-04064,2026-08-10 21:35:00,255.6,0.0,0.0,"Xã Yên Bình, Tỉnh Lào Cai",0.0,2.0,1,0,0.0,0.0,255.6,0.0,5.0,1,Stopped,0,0,0,0,0,VALID,VALID
21C-04064,2026-08-10 21:37:00,255.6,0.0,0.0,"Xã Yên Bình, Tỉnh Lào Cai",0.0,2.0,1,0,0.0,0.0,255.6,0.0,5.0,1,Stopped,0,0,0,0,0,VALID,VALID
21C-04064,2026-08-10 21:39:00,255.6,0.0,0.0,"Xã Yên Bình, Tỉnh Lào Cai",0.0,2.0,1,0,0.0,0.0,255.6,0.0,5.0,1,Stopped,0,0,0,0,0,VALID,VALID
21C-04064,2026-08-10 21:42:00,255.6,0.0,0.0,"Xã Yên Bình, Tỉnh Lào Cai",0.0,3.0,1,0,0.0,0.0,255.6,0.0,5.0,1,Stopped,0,0,0,0,0,VALID,VALID
21C-04064,2026-08-10 21:44:00,255.6,0.0,0.0,"Xã Yên Bình, Tỉnh Lào Cai",0.0,2.0,1,0,0.0,0.0,255.6,0.0,5.0,1,Stopped,0,0,0,0,0,VALID,VALID
21C-04064,2026-08-10 21:46:00,255.6,0.0,0.0,"Xã Yên Bình, Tỉnh Lào Cai",0.0,2.0,1,0,0.0,0.0,255.6,0.0,5.0,1,Stopped,0,0,0,0,0,VALID,VALID
21C-04064,2026-08-10 21:48:00,255.6,0.0,0.0,"Xã Yên Bình, Tỉnh Lào Cai",0.0,2.0,1,0,0.0,0.0,255.6,0.0,5.0,1,Stopped,0,0,0,0,0,VALID,VALID
21C-04064,2026-08-10 21:50:00,255.6,0.0,0.0,"Xã Yên Bình, Tỉnh Lào Cai",0.0,2.0,1,0,0.0,0.0,255.6,0.0,5.0,1,Stopped,0,0,0,0,0,VALID,VALID
21C-04064,2026-08-10 21:52:00,255.6,0.0,0.0,"Xã Yên Bình, Tỉnh Lào Cai",0.0,2.0,1,0,0.0,0.0,255.6,0.0,5.0,1,Stopped,0,0,0,0,0,VALID,VALID
21C-04064,2026-08-10 21:55:00,255.6,0.0,0.0,"Xã Yên Bình, Tỉnh Lào Cai",0.0,3.0,1,0,0.0,0.0,255.6,0.0,5.0,1,Stopped,0,0,0,0,0,VALID,VALID
21C-04064,2026-08-10 21:57:00,255.6,0.0,0.0,"Xã Yên Bình, Tỉnh Lào Cai",0.0,2.0,1,0,0.0,0.0,255.6,0.0,5.0,1,Stopped,0,0,0,0,0,VALID,VALID
21C-04064,2026-08-10 21:59:00,255.6,0.0,0.0,"Xã Yên Bình, Tỉnh Lào Cai",0.0,2.0,1,0,0.0,0.0,255.6,0.0,5.0,1,Stopped,0,0,0,0,0,VALID,VALID
21C-04064,2026-08-10 22:01:00,255.6,0.0,0.0,"Xã Yên Bình, Tỉnh Lào Cai",0.0,2.0,1,0,0.0,0.0,255.6,0.0,5.0,1,Stopped,0,0,0,0,0,VALID,VALID
21C-04064,2026-08-10 22:03:00,255.6,0.0,0.0,"Xã Yên Bình, Tỉnh Lào Cai",0.0,2.0,1,0,0.0,0.0,255.6,0.0,5.0,1,Stopped,0,0,0,0,0,VALID,VALID
21C-04064,2026-08-10 22:06:00,255.6,0.0,0.0,"Xã Yên Bình, Tỉnh Lào Cai",0.0,3.0,1,0,0.0,0.0,255.6,0.0,5.0,1,Stopped,0,0,0,0,0,VALID,VALID
21C-04064,2026-08-10 22:08:00,255.6,0.0,0.0,"Xã Yên Bình, Tỉnh Lào Cai",0.0,2.0,1,0,0.0,0.0,255.6,0.0,5.0,1,Stopped,0,0,0,0,0,VALID,VALID
21C-04064,2026-08-10 22:10:00,255.6,0.0,0.0,"Xã Yên Bình, Tỉnh Lào Cai",0.0,2.0,1,0,0.0,0.0,255.6,0.0,5.0,1,Stopped,0,0,0,0,0,VALID,VALID
21C-04064,2026-08-10 22:12:00,255.6,0.0,0.0,"Xã Yên Bình, Tỉnh Lào Cai",0.0,2.0,1,0,0.0,0.0,255.6,0.0,5.0,1,Stopped,0,0,0,0,0,VALID,VALID
21C-04064,2026-08-10 22:14:00,255.6,0.0,0.0,"Xã Yên Bình, Tỉnh Lào Cai",0.0,2.0,1,0,0.0,0.0,255.6,0.0,5.0,1,Stopped,0,0,0,0,0,VALID,VALID
21C-04064,2026-08-10 22:16:00,255.6,0.0,0.0,"Xã Yên Bình, Tỉnh Lào Cai",0.0,2.0,1,0,0.0,0.0,255.6,0.0,5.0,1,Stopped,0,0,0,0,0,VALID,VALID
21C-04064,2026-08-10 22:19:00,255.6,0.0,0.0,"Xã Yên Bình, Tỉnh Lào Cai",0.0,3.0,1,0,0.0,0.0,255.6,0.0,5.0,1,Stopped,0,0,0,0,0,VALID,VALID
21C-04064,2026-08-10 22:21:00,255.6,0.0,0.0,"Xã Yên Bình, Tỉnh Lào Cai",0.0,2.0,1,0,0.0,0.0,255.6,0.0,5.0,1,Stopped,0,0,0,0,0,VALID,VALID
21C-04064,2026-08-10 22:23:00,255.6,0.0,0.0,"Xã Yên Bình, Tỉnh Lào Cai",0.0,2.0,1,0,0.0,0.0,255.6,0.0,5.0,1,Stopped,0,0,0,0,0,VALID,VALID
21C-04064,2026-08-10 22:25:00,255.6,0.0,0.0,"Xã Yên Bình, Tỉnh Lào Cai",0.0,2.0,1,0,0.0,0.0,255.6,0.0,5.0,1,Stopped,0,0,0,0,0,VALID,VALID
21C-04064,2026-08-10 22:28:00,255.6,0.0,0.0,"Xã Yên Bình, Tỉnh Lào Cai",0.0,3.0,1,0,0.0,0.0,255.6,0.0,5.0,1,Stopped,0,0,0,0,0,VALID,VALID
21C-04064,2026-08-10 22:30:00,255.6,0.0,0.0,"Xã Yên Bình, Tỉnh Lào Cai",0.0,2.0,1,0,0.0,0.0,255.6,0.0,5.0,1,Stopped,0,0,0,0,0,VALID,VALID
21C-04064,2026-08-10 22:32:00,255.6,0.0,0.0,"Xã Yên Bình, Tỉnh Lào Cai",0.0,2.0,1,0,0.0,0.0,255.6,0.0,5.0,1,Stopped,0,0,0,0,0,VALID,VALID
21C-04064,2026-08-10 22:34:00,255.6,0.0,0.0,"Xã Yên Bình, Tỉnh Lào Cai",0.0,2.0,1,0,0.0,0.0,255.6,0.0,5.0,1,Stopped,0,0,0,0,0,VALID,VALID
21C-04064,2026-08-10 22:36:00,255.6,0.0,0.0,"Xã Yên Bình, Tỉnh Lào Cai",0.0,2.0,1,0,0.0,0.0,255.6,0.0,5.0,1,Stopped,0,0,0,0,0,VALID,VALID
21C-04064,2026-08-10 22:38:00,255.6,0.0,0.0,"Xã Yên Bình, Tỉnh Lào Cai",0.0,2.0,1,0,0.0,0.0,255.6,0.0,5.0,1,Stopped,0,0,0,0,0,VALID,VALID
21C-04064,2026-08-10 22:41:00,255.6,0.0,0.0,"Xã Yên Bình, Tỉnh Lào Cai",0.0,3.0,1,0,0.0,0.0,255.6,0.0,5.0,1,Stopped,0,0,0,0,0,VALID,VALID
21C-04064,2026-08-10 22:43:00,255.6,0.0,0.0,"Xã Yên Bình, Tỉnh Lào Cai",0.0,2.0,1,0,0.0,0.0,255.6,0.0,5.0,1,Stopped,0,0,0,0,0,VALID,VALID
21C-04064,2026-08-10 22:45:00,255.6,0.0,0.0,"Xã Yên Bình, Tỉnh Lào Cai",0.0,2.0,1,0,0.0,0.0,255.6,0.0,5.0,1,Stopped,0,0,0,0,0,VALID,VALID
21C-04064,2026-08-10 22:47:00,255.6,0.0,0.0,"Xã Yên Bình, Tỉnh Lào Cai",0.0,2.0,1,0,0.0,0.0,255.6,0.0,5.0,1,Stopped,0,0,0,0,0,VALID,VALID
21C-04064,2026-08-10 22:49:00,255.6,0.0,0.0,"Xã Yên Bình, Tỉnh Lào Cai",0.0,2.0,1,0,0.0,0.0,255.6,0.0,5.0,1,Stopped,0,0,0,0,0,VALID,VALID
21C-04064,2026-08-10 22:52:00,255.6,0.0,0.0,"Xã Yên Bình, Tỉnh Lào Cai",0.0,3.0,1,0,0.0,0.0,255.6,0.0,5.0,1,Stopped,0,0,0,0,0,VALID,VALID
21C-04064,2026-08-10 22:54:00,255.6,0.0,0.0,"Xã Yên Bình, Tỉnh Lào Cai",0.0,2.0,1,0,0.0,0.0,255.6,0.0,5.0,1,Stopped,0,0,0,0,0,VALID,VALID
21C-04064,2026-08-10 22:56:00,255.6,0.0,0.0,"Xã Yên Bình, Tỉnh Lào Cai",0.0,2.0,1,0,0.0,0.0,255.6,0.0,5.0,1,Stopped,0,0,0,0,0,VALID,VALID
21C-04064,2026-08-10 22:58:00,255.6,0.0,0.0,"Xã Yên Bình, Tỉnh Lào Cai",0.0,2.0,1,0,0.0,0.0,255.6,0.0,5.0,1,Stopped,0,0,0,0,0,VALID,VALID
21C-04064,2026-08-10 23:00:00,255.6,0.0,0.0,"Xã Yên Bình, Tỉnh Lào Cai",0.0,2.0,1,0,0.0,0.0,255.6,0.0,5.0,1,Stopped,0,0,0,0,0,VALID,VALID
21C-04064,2026-08-10 23:02:00,255.6,0.0,0.0,"Xã Yên Bình, Tỉnh Lào Cai",0.0,2.0,1,0,0.0,0.0,255.6,0.0,5.0,1,Stopped,0,0,0,0,0,VALID,VALID
21C-04064,2026-08-10 23:05:00,255.6,0.0,0.0,"Xã Yên Bình, Tỉnh Lào Cai",0.0,3.0,1,0,0.0,0.0,255.6,0.0,5.0,1,Stopped,0,0,0,0,0,VALID,VALID
21C-04064,2026-08-10 23:07:00,255.6,0.0,0.0,"Xã Yên Bình, Tỉnh Lào Cai",0.0,2.0,1,0,0.0,0.0,255.6,0.0,5.0,1,Stopped,0,0,0,0,0,VALID,VALID
21C-04064,2026-08-10 23:09:00,255.6,0.0,0.0,"Xã Yên Bình, Tỉnh Lào Cai",0.0,2.0,1,0,0.0,0.0,255.6,0.0,5.0,1,Stopped,0,0,0,0,0,VALID,VALID
21C-04064,2026-08-10 23:11:00,255.6,0.0,0.0,"Xã Yên Bình, Tỉnh Lào Cai",0.0,2.0,1,0,0.0,0.0,255.6,0.0,5.0,1,Stopped,0,0,0,0,0,VALID,VALID
21C-04064,2026-08-10 23:13:00,255.6,0.0,0.0,"Xã Yên Bình, Tỉnh Lào Cai",0.0,2.0,1,0,0.0,0.0,255.6,0.0,5.0,1,Stopped,0,0,0,0,0,VALID,VALID
21C-04064,2026-08-10 23:16:00,255.6,0.0,0.0,"Xã Yên Bình, Tỉnh Lào Cai",0.0,3.0,1,0,0.0,0.0,255.6,0.0,5.0,1,Stopped,0,0,0,0,0,VALID,VALID
21C-04064,2026-08-10 23:18:00,255.6,0.0,0.0,"Xã Yên Bình, Tỉnh Lào Cai",0.0,2.0,1,0,0.0,0.0,255.6,0.0,5.0,1,Stopped,0,0,0,0,0,VALID,VALID
21C-04064,2026-08-10 23:20:00,255.6,0.0,0.0,"Xã Yên Bình, Tỉnh Lào Cai",0.0,2.0,1,0,0.0,0.0,255.6,0.0,5.0,1,Stopped,0,0,0,0,0,VALID,VALID
21C-04064,2026-08-10 23:22:00,255.6,0.0,0.0,"Xã Yên Bình, Tỉnh Lào Cai",0.0,2.0,1,0,0.0,0.0,255.6,0.0,5.0,1,Stopped,0,0,0,0,0,VALID,VALID
21C-04064,2026-08-10 23:24:00,255.6,0.0,0.0,"Xã Yên Bình, Tỉnh Lào Cai",0.0,2.0,1,0,0.0,0.0,255.6,0.0,5.0,1,Stopped,0,0,0,0,0,VALID,VALID
21C-04064,2026-08-10 23:26:00,255.6,0.0,0.0,"Xã Yên Bình, Tỉnh Lào Cai",0.0,2.0,1,0,0.0,0.0,255.6,0.0,5.0,1,Stopped,0,0,0,0,0,VALID,VALID
21C-04064,2026-08-10 23:29:00,255.6,0.0,0.0,"Xã Yên Bình, Tỉnh Lào Cai",0.0,3.0,1,0,0.0,0.0,255.6,0.0,5.0,1,Stopped,0,0,0,0,0,VALID,VALID
21C-04064,2026-08-10 23:31:00,255.6,0.0,0.0,"Xã Yên Bình, Tỉnh Lào Cai",0.0,2.0,1,0,0.0,0.0,255.6,0.0,5.0,1,Stopped,0,0,0,0,0,VALID,VALID
21C-04064,2026-08-10 23:33:00,255.6,0.0,0.0,"Xã Yên Bình, Tỉnh Lào Cai",0.0,2.0,1,0,0.0,0.0,255.6,0.0,5.0,1,Stopped,0,0,0,0,0,VALID,VALID
21C-04064,2026-08-10 23:35:00,255.6,0.0,0.0,"Xã Yên Bình, Tỉnh Lào Cai",0.0,2.0,1,0,0.0,0.0,255.6,0.0,5.0,1,Stopped,0,0,0,0,0,VALID,VALID
21C-04064,2026-08-10 23:37:00,255.6,0.0,0.0,"Xã Yên Bình, Tỉnh Lào Cai",0.0,2.0,1,0,0.0,0.0,255.6,0.0,5.0,1,Stopped,0,0,0,0,0,VALID,VALID
21C-04064,2026-08-10 23:40:00,255.6,0.0,0.0,"Xã Yên Bình, Tỉnh Lào Cai",0.0,3.0,1,0,0.0,0.0,255.6,0.0,5.0,1,Stopped,0,0,0,0,0,VALID,VALID
21C-04064,2026-08-10 23:42:00,255.6,0.0,0.0,"Xã Yên Bình, Tỉnh Lào Cai",0.0,2.0,1,0,0.0,0.0,255.6,0.0,5.0,1,Stopped,0,0,0,0,0,VALID,VALID
21C-04064,2026-08-10 23:44:00,255.6,0.0,0.0,"Xã Yên Bình, Tỉnh Lào Cai",0.0,2.0,1,0,0.0,0.0,255.6,0.0,5.0,1,Stopped,0,0,0,0,0,VALID,VALID
21C-04064,2026-08-10 23:46:00,255.6,0.0,0.0,"Xã Yên Bình, Tỉnh Lào Cai",0.0,2.0,1,0,0.0,0.0,255.6,0.0,5.0,1,Stopped,0,0,0,0,0,VALID,VALID
21C-04064,2026-08-10 23:48:00,255.6,0.0,0.0,"Xã Yên Bình, Tỉnh Lào Cai",0.0,2.0,1,0,0.0,0.0,255.6,0.0,5.0,1,Stopped,0,0,0,0,0,VALID,VALID
21C-04064,2026-08-10 23:50:00,255.6,0.0,0.0,"Xã Yên Bình, Tỉnh Lào Cai",0.0,2.0,1,0,0.0,0.0,255.6,0.0,5.0,1,Stopped,0,0,0,0,0,VALID,VALID
21C-04064,2026-08-10 23:53:00,255.6,0.0,0.0,"Xã Yên Bình, Tỉnh Lào Cai",0.0,3.0,1,0,0.0,0.0,255.6,0.0,5.0,1,Stopped,0,0,0,0,0,VALID,VALID
21C-04064,2026-08-10 23:55:00,255.6,0.0,0.0,"Xã Yên Bình, Tỉnh Lào Cai",0.0,2.0,1,0,0.0,0.0,255.6,0.0,5.0,1,Stopped,0,0,0,0,0,VALID,VALID
21C-04064,2026-08-10 23:57:00,255.6,0.0,0.0,"Xã Yên Bình, Tỉnh Lào Cai",0.0,2.0,1,0,0.0,0.0,255.6,0.0,5.0,1,Stopped,0,0,0,0,0,VALID,VALID
21C-04064,2026-08-10 23:59:00,255.6,0.0,0.0,"Xã Yên Bình, Tỉnh Lào Cai",0.0,2.0,1,0,0.0,0.0,255.6,0.0,5.0,1,Stopped,0,0,0,0,0,VALID,VALID
21C-04064,2026-08-11 00:00:00,255.6,0.0,0.0,"Xã Yên Bình, Tỉnh Lào Cai",0.0,1.0,1,0,0.0,0.0,255.6,0.0,5.0,1,Stopped,0,0,0,0,0,VALID,VALID
21C-04064,2026-08-11 00:02:00,255.6,0.0,0.0,"Xã Yên Bình, Tỉnh Lào Cai",0.0,2.0,1,0,0.0,0.0,255.6,0.0,5.0,1,Stopped,0,0,0,0,0,VALID,VALID
21C-04064,2026-08-11 00:04:00,255.6,0.0,0.0,"Xã Yên Bình, Tỉnh Lào Cai",0.0,2.0,1,0,0.0,0.0,255.6,0.0,5.0,1,Stopped,0,0,0,0,0,VALID,VALID
21C-04064,2026-08-11 00:06:00,255.6,0.0,0.0,"Xã Yên Bình, Tỉnh Lào Cai",0.0,2.0,1,0,0.0,0.0,255.6,0.0,5.0,1,Stopped,0,0,0,0,0,VALID,VALID
21C-04064,2026-08-11 00:08:00,255.6,0.0,0.0,"Xã Yên Bình, Tỉnh Lào Cai",0.0,2.0,1,0,0.0,0.0,255.6,0.0,5.0,1,Stopped,0,0,0,0,0,VALID,VALID
21C-04064,2026-08-11 00:10:00,255.6,0.0,0.0,"Xã Yên Bình, Tỉnh Lào Cai",0.0,2.0,1,0,0.0,0.0,255.6,0.0,5.0,1,Stopped,0,0,0,0,0,VALID,VALID
21C-04064,2026-08-11 00:13:00,255.6,0.0,0.0,"Xã Yên Bình, Tỉnh Lào Cai",0.0,3.0,1,0,0.0,0.0,255.6,0.0,5.0,1,Stopped,0,0,0,0,0,VALID,VALID
21C-04064,2026-08-11 00:15:00,255.6,0.0,0.0,"Xã Yên Bình, Tỉnh Lào Cai",0.0,2.0,1,0,0.0,0.0,255.6,0.0,5.0,1,Stopped,0,0,0,0,0,VALID,VALID
21C-04064,2026-08-11 00:17:00,255.6,0.0,0.0,"Xã Yên Bình, Tỉnh Lào Cai",0.0,2.0,1,0,0.0,0.0,255.6,0.0,5.0,1,Stopped,0,0,0,0,0,VALID,VALID
21C-04064,2026-08-11 00:19:00,255.6,0.0,0.0,"Xã Yên Bình, Tỉnh Lào Cai",0.0,2.0,1,0,0.0,0.0,255.6,0.0,5.0,1,Stopped,0,0,0,0,0,VALID,VALID
21C-04064,2026-08-11 00:21:00,255.6,0.0,0.0,"Xã Yên Bình, Tỉnh Lào Cai",0.0,2.0,1,0,0.0,0.0,255.6,0.0,5.0,1,Stopped,0,0,0,0,0,VALID,VALID
21C-04064,2026-08-11 00:24:00,255.6,0.0,0.0,"Xã Yên Bình, Tỉnh Lào Cai",0.0,3.0,1,0,0.0,0.0,255.6,0.0,5.0,1,Stopped,0,0,0,0,0,VALID,VALID
21C-04064,2026-08-11 00:26:00,255.6,0.0,0.0,"Xã Yên Bình, Tỉnh Lào Cai",0.0,2.0,1,0,0.0,0.0,255.6,0.0,5.0,1,Stopped,0,0,0,0,0,VALID,VALID
21C-04064,2026-08-11 00:28:00,255.6,0.0,0.0,"Xã Yên Bình, Tỉnh Lào Cai",0.0,2.0,1,0,0.0,0.0,255.6,0.0,5.0,1,Stopped,0,0,0,0,0,VALID,VALID
21C-04064,2026-08-11 00:30:00,255.6,0.0,0.0,"Xã Yên Bình, Tỉnh Lào Cai",0.0,2.0,1,0,0.0,0.0,255.6,0.0,5.0,1,Stopped,0,0,0,0,0,VALID,VALID
21C-04064,2026-08-11 00:32:00,255.6,0.0,0.0,"Xã Yên Bình, Tỉnh Lào Cai",0.0,2.0,1,0,0.0,0.0,255.6,0.0,5.0,1,Stopped,0,0,0,0,0,VALID,VALID
21C-04064,2026-08-11 00:34:00,255.6,0.0,0.0,"Xã Yên Bình, Tỉnh Lào Cai",0.0,2.0,1,0,0.0,0.0,255.6,0.0,5.0,1,Stopped,0,0,0,0,0,VALID,VALID
21C-04064,2026-08-11 00:37:00,255.6,0.0,0.0,"Xã Yên Bình, Tỉnh Lào Cai",0.0,3.0,1,0,0.0,0.0,255.6,0.0,5.0,1,Stopped,0,0,0,0,0,VALID,VALID
21C-04064,2026-08-11 00:39:00,255.6,0.0,0.0,"Xã Yên Bình, Tỉnh Lào Cai",0.0,2.0,1,0,0.0,0.0,255.6,0.0,5.0,1,Stopped,0,0,0,0,0,VALID,VALID
21C-04064,2026-08-11 00:41:00,255.6,0.0,0.0,"Xã Yên Bình, Tỉnh Lào Cai",0.0,2.0,1,0,0.0,0.0,255.6,0.0,5.0,1,Stopped,0,0,0,0,0,VALID,VALID
21C-04064,2026-08-11 00:43:00,255.6,0.0,0.0,"Xã Yên Bình, Tỉnh Lào Cai",0.0,2.0,1,0,0.0,0.0,255.6,0.0,5.0,1,Stopped,0,0,0,0,0,VALID,VALID
21C-04064,2026-08-11 00:45:00,255.6,0.0,0.0,"Xã Yên Bình, Tỉnh Lào Cai",0.0,2.0,1,0,0.0,0.0,255.6,0.0,5.0,1,Stopped,0,0,0,0,0,VALID,VALID
21C-04064,2026-08-11 00:48:00,255.6,0.0,0.0,"Xã Yên Bình, Tỉnh Lào Cai",0.0,3.0,1,0,0.0,0.0,255.6,0.0,5.0,1,Stopped,0,0,0,0,0,VALID,VALID
21C-04064,2026-08-11 00:50:00,255.6,0.0,0.0,"Xã Yên Bình, Tỉnh Lào Cai",0.0,2.0,1,0,0.0,0.0,255.6,0.0,5.0,1,Stopped,0,0,0,0,0,VALID,VALID
21C-04064,2026-08-11 00:52:00,255.6,0.0,0.0,"Xã Yên Bình, Tỉnh Lào Cai",0.0,2.0,1,0,0.0,0.0,255.6,0.0,5.0,1,Stopped,0,0,0,0,0,VALID,VALID
21C-04064,2026-08-11 00:54:00,255.6,0.0,0.0,"Xã Yên Bình, Tỉnh Lào Cai",0.0,2.0,1,0,0.0,0.0,255.6,0.0,5.0,1,Stopped,0,0,0,0,0,VALID,VALID
21C-04064,2026-08-11 00:56:00,255.6,0.0,0.0,"Xã Yên Bình, Tỉnh Lào Cai",0.0,2.0,1,0,0.0,0.0,255.6,0.0,5.0,1,Stopped,0,0,0,0,0,VALID,VALID
21C-04064,2026-08-11 00:58:00,255.6,0.0,0.0,"Xã Yên Bình, Tỉnh Lào Cai",0.0,2.0,1,0,0.0,0.0,255.6,0.0,5.0,1,Stopped,0,0,0,0,0,VALID,VALID
21C-04064,2026-08-11 01:01:00,255.6,0.0,0.0,"Xã Yên Bình, Tỉnh Lào Cai",0.0,3.0,1,0,0.0,0.0,255.6,0.0,5.0,1,Stopped,0,0,0,0,0,VALID,VALID
21C-04064,2026-08-11 01:03:00,255.6,0.0,0.0,"Xã Yên Bình, Tỉnh Lào Cai",0.0,2.0,1,0,0.0,0.0,255.6,0.0,5.0,1,Stopped,0,0,0,0,0,VALID,VALID
21C-04064,2026-08-11 01:05:00,255.6,0.0,0.0,"Xã Yên Bình, Tỉnh Lào Cai",0.0,2.0,1,0,0.0,0.0,255.6,0.0,5.0,1,Stopped,0,0,0,0,0,VALID,VALID
21C-04064,2026-08-11 01:07:00,255.7,0.0,0.0,"Xã Yên Bình, Tỉnh Lào Cai",0.0,2.0,1,0,0.09999999999999432,0.04999999999999716,255.6,0.04472135955368703,5.0,1,Stopped,0,0,0,0,0,VALID,VALID
21C-04064,2026-08-11 01:09:00,255.7,0.0,0.0,"Xã Yên Bình, Tỉnh Lào Cai",0.0,2.0,1,0,0.0,0.0,255.6,0.0547722557535687,5.0,1,Stopped,0,0,0,0,0,VALID,VALID
21C-04064,2026-08-11 01:12:00,255.7,0.0,0.0,"Xã Yên Bình, Tỉnh Lào Cai",0.0,3.0,1,0,0.0,0.0,255.7,0.05477225575361475,5.0,1,Stopped,0,0,0,0,0,VALID,VALID
21C-04064,2026-08-11 01:14:00,255.7,0.0,0.0,"Xã Yên Bình, Tỉnh Lào Cai",0.0,2.0,1,0,0.0,0.0,255.7,0.04472135955385624,5.0,1,Stopped,0,0,0,0,0,VALID,VALID
21C-04064,2026-08-11 01:16:00,255.7,0.0,0.0,"Xã Yên Bình, Tỉnh Lào Cai",0.0,2.0,1,0,0.0,0.0,255.7,0.0,5.0,1,Stopped,0,0,0,0,0,VALID,VALID
21C-04064,2026-08-11 01:18:00,255.7,0.0,0.0,"Xã Yên Bình, Tỉnh Lào Cai",0.0,2.0,1,0,0.0,0.0,255.7,0.0,5.0,1,Stopped,0,0,0,0,0,VALID,VALID
21C-04064,2026-08-11 01:20:00,255.7,0.0,0.0,"Xã Yên Bình, Tỉnh Lào Cai",0.0,2.0,1,0,0.0,0.0,255.7,0.0,5.0,1,Stopped,0,0,0,0,0,VALID,VALID
21C-04064,2026-08-11 01:22:00,255.7,0.0,0.0,"Xã Yên Bình, Tỉnh Lào Cai",0.0,2.0,1,0,0.0,0.0,255.7,0.0,5.0,1,Stopped,0,0,0,0,0,VALID,VALID
21C-04064,2026-08-11 01:25:00,255.7,0.0,0.0,"Xã Yên Bình, Tỉnh Lào Cai",0.0,3.0,1,0,0.0,0.0,255.7,0.0,5.0,1,Stopped,0,0,0,0,0,VALID,VALID
21C-04064,2026-08-11 01:27:00,255.7,0.0,0.0,"Xã Yên Bình, Tỉnh Lào Cai",0.0,2.0,1,0,0.0,0.0,255.7,0.0,5.0,1,Stopped,0,0,0,0,0,VALID,VALID
21C-04064,2026-08-11 01:29:00,255.7,0.0,0.0,"Xã Yên Bình, Tỉnh Lào Cai",0.0,2.0,1,0,0.0,0.0,255.7,0.0,5.0,1,Stopped,0,0,0,0,0,VALID,VALID
21C-04064,2026-08-11 01:31:00,255.7,0.0,0.0,"Xã Yên Bình, Tỉnh Lào Cai",0.0,2.0,1,0,0.0,0.0,255.7,0.0,5.0,1,Stopped,0,0,0,0,0,VALID,VALID
21C-04064,2026-08-11 01:33:00,255.7,0.0,0.0,"Xã Yên Bình, Tỉnh Lào Cai",0.0,2.0,1,0,0.0,0.0,255.7,0.0,5.0,1,Stopped,0,0,0,0,0,VALID,VALID
21C-04064,2026-08-11 01:36:00,255.7,0.0,0.0,"Xã Yên Bình, Tỉnh Lào Cai",0.0,3.0,1,0,0.0,0.0,255.7,0.0,5.0,1,Stopped,0,0,0,0,0,VALID,VALID
21C-04064,2026-08-11 01:38:00,255.7,0.0,0.0,"Xã Yên Bình, Tỉnh Lào Cai",0.0,2.0,1,0,0.0,0.0,255.7,0.0,5.0,1,Stopped,0,0,0,0,0,VALID,VALID
21C-04064,2026-08-11 01:40:00,255.7,0.0,0.0,"Xã Yên Bình, Tỉnh Lào Cai",0.0,2.0,1,0,0.0,0.0,255.7,0.0,5.0,1,Stopped,0,0,0,0,0,VALID,VALID
21C-04064,2026-08-11 01:42:00,255.7,0.0,0.0,"Xã Yên Bình, Tỉnh Lào Cai",0.0,2.0,1,0,0.0,0.0,255.7,0.0,5.0,1,Stopped,0,0,0,0,0,VALID,VALID
21C-04064,2026-08-11 01:44:00,255.7,0.0,0.0,"Xã Yên Bình, Tỉnh Lào Cai",0.0,2.0,1,0,0.0,0.0,255.7,0.0,5.0,1,Stopped,0,0,0,0,0,VALID,VALID
21C-04064,2026-08-11 01:46:00,255.7,0.0,0.0,"Xã Yên Bình, Tỉnh Lào Cai",0.0,2.0,1,0,0.0,0.0,255.7,0.0,5.0,1,Stopped,0,0,0,0,0,VALID,VALID
21C-04064,2026-08-11 01:49:00,255.7,0.0,0.0,"Xã Yên Bình, Tỉnh Lào Cai",0.0,3.0,1,0,0.0,0.0,255.7,0.0,5.0,1,Stopped,0,0,0,0,0,VALID,VALID
21C-04064,2026-08-11 01:51:00,255.7,0.0,0.0,"Xã Yên Bình, Tỉnh Lào Cai",0.0,2.0,1,0,0.0,0.0,255.7,0.0,5.0,1,Stopped,0,0,0,0,0,VALID,VALID
21C-04064,2026-08-11 01:53:00,255.7,0.0,0.0,"Xã Yên Bình, Tỉnh Lào Cai",0.0,2.0,1,0,0.0,0.0,255.7,0.0,5.0,1,Stopped,0,0,0,0,0,VALID,VALID
21C-04064,2026-08-11 01:55:00,255.7,0.0,0.0,"Xã Yên Bình, Tỉnh Lào Cai",0.0,2.0,1,0,0.0,0.0,255.7,0.0,5.0,1,Stopped,0,0,0,0,0,VALID,VALID
21C-04064,2026-08-11 01:57:00,255.7,0.0,0.0,"Xã Yên Bình, Tỉnh Lào Cai",0.0,2.0,1,0,0.0,0.0,255.7,0.0,5.0,1,Stopped,0,0,0,0,0,VALID,VALID
21C-04064,2026-08-11 02:00:00,255.7,0.0,0.0,"Xã Yên Bình, Tỉnh Lào Cai",0.0,3.0,1,0,0.0,0.0,255.7,0.0,5.0,1,Stopped,0,0,0,0,0,VALID,VALID
21C-04064,2026-08-11 02:02:00,255.7,0.0,0.0,"Xã Yên Bình, Tỉnh Lào Cai",0.0,2.0,1,0,0.0,0.0,255.7,0.0,5.0,1,Stopped,0,0,0,0,0,VALID,VALID
21C-04064,2026-08-11 02:04:00,255.7,0.0,0.0,"Xã Yên Bình, Tỉnh Lào Cai",0.0,2.0,1,0,0.0,0.0,255.7,0.0,5.0,1,Stopped,0,0,0,0,0,VALID,VALID
21C-04064,2026-08-11 02:06:00,255.1,0.0,0.0,"Xã Yên Bình, Tỉnh Lào Cai",0.0,2.0,1,0,-0.5999999999999943,-0.29999999999999716,255.7,0.26832815730054876,5.0,1,Stopped,0,0,0,0,0,VALID,VALID
21C-04064,2026-08-11 02:08:00,255.6,0.0,0.0,"Xã Yên Bình, Tỉnh Lào Cai",0.0,2.0,1,0,0.5,0.25,255.7,0.26076809620868263,5.0,1,Stopped,0,0,0,0,0,VALID,VALID
21C-04064,2026-08-11 02:10:00,255.6,0.0,0.0,"Xã Yên Bình, Tỉnh Lào Cai",0.0,2.0,1,0,0.0,0.0,255.6,0.250998007960809,5.0,1,Stopped,0,0,0,0,0,VALID,VALID
21C-04064,2026-08-11 02:12:00,255.6,0.0,0.0,"Xã Yên Bình, Tỉnh Lào Cai",0.0,2.0,1,0,0.0,0.0,255.6,0.2387467277268712,5.0,1,Stopped,0,0,0,0,0,VALID,VALID
21C-04064,2026-08-11 02:14:00,255.6,0.0,0.0,"Xã Yên Bình, Tỉnh Lào Cai",0.0,2.0,1,0,0.0,0.0,255.6,0.22360679775061412,5.0,1,Stopped,0,0,0,0,0,VALID,VALID
21C-04064,2026-08-11 02:16:00,255.7,0.0,0.0,"Xã Yên Bình, Tỉnh Lào Cai",0.0,2.0,1,0,0.09999999999999432,0.04999999999999716,255.6,0.04472135955341535,5.0,1,Stopped,0,0,0,0,0,VALID,VALID
21C-04064,2026-08-11 02:18:00,255.7,0.0,0.0,"Xã Yên Bình, Tỉnh Lào Cai",0.0,2.0,1,0,0.0,0.0,255.6,0.05477225575334687,5.0,1,Stopped,0,0,0,0,0,VALID,VALID
21C-04064,2026-08-11 02:21:00,255.7,0.0,0.0,"Xã Yên Bình, Tỉnh Lào Cai",0.0,3.0,1,0,0.0,0.0,255.7,0.05477225575339292,5.0,1,Stopped,0,0,0,0,0,VALID,VALID
21C-04064,2026-08-11 02:23:00,255.7,0.0,0.0,"Xã Yên Bình, Tỉnh Lào Cai",0.0,2.0,1,0,0.0,0.0,255.7,0.04472135955358456,5.0,1,Stopped,0,0,0,0,0,VALID,VALID
21C-04064,2026-08-11 02:25:00,255.7,0.0,0.0,"Xã Yên Bình, Tỉnh Lào Cai",0.0,2.0,1,0,0.0,0.0,255.7,0.0,5.0,1,Stopped,0,0,0,0,0,VALID,VALID
21C-04064,2026-08-11 02:27:00,255.7,0.0,0.0,"Xã Yên Bình, Tỉnh Lào Cai",0.0,2.0,1,0,0.0,0.0,255.7,0.0,5.0,1,Stopped,0,0,0,0,0,VALID,VALID
21C-04064,2026-08-11 02:29:00,255.7,0.0,0.0,"Xã Yên Bình, Tỉnh Lào Cai",0.0,2.0,1,0,0.0,0.0,255.7,0.0,5.0,1,Stopped,0,0,0,0,0,VALID,VALID
21C-04064,2026-08-11 02:32:00,255.7,0.0,0.0,"Xã Yên Bình, Tỉnh Lào Cai",0.0,3.0,1,0,0.0,0.0,255.7,0.0,5.0,1,Stopped,0,0,0,0,0,VALID,VALID
21C-04064,2026-08-11 02:34:00,255.7,0.0,0.0,"Xã Yên Bình, Tỉnh Lào Cai",0.0,2.0,1,0,0.0,0.0,255.7,0.0,5.0,1,Stopped,0,0,0,0,0,VALID,VALID
21C-04064,2026-08-11 02:36:00,255.7,0.0,0.0,"Xã Yên Bình, Tỉnh Lào Cai",0.0,2.0,1,0,0.0,0.0,255.7,0.0,5.0,1,Stopped,0,0,0,0,0,VALID,VALID
21C-04064,2026-08-11 02:38:00,255.7,0.0,0.0,"Xã Yên Bình, Tỉnh Lào Cai",0.0,2.0,1,0,0.0,0.0,255.7,0.0,5.0,1,Stopped,0,0,0,0,0,VALID,VALID
21C-04064,2026-08-11 02:40:00,255.7,0.0,0.0,"Xã Yên Bình, Tỉnh Lào Cai",0.0,2.0,1,0,0.0,0.0,255.7,0.0,5.0,1,Stopped,0,0,0,0,0,VALID,VALID
21C-04064,2026-08-11 02:42:00,255.7,0.0,0.0,"Xã Yên Bình, Tỉnh Lào Cai",0.0,2.0,1,0,0.0,0.0,255.7,0.0,5.0,1,Stopped,0,0,0,0,0,VALID,VALID
21C-04064,2026-08-11 02:45:00,255.7,0.0,0.0,"Xã Yên Bình, Tỉnh Lào Cai",0.0,3.0,1,0,0.0,0.0,255.7,0.0,5.0,1,Stopped,0,0,0,0,0,VALID,VALID
21C-04064,2026-08-11 02:47:00,255.7,0.0,0.0,"Xã Yên Bình, Tỉnh Lào Cai",0.0,2.0,1,0,0.0,0.0,255.7,0.0,5.0,1,Stopped,0,0,0,0,0,VALID,VALID
21C-04064,2026-08-11 02:49:00,255.7,0.0,0.0,"Xã Yên Bình, Tỉnh Lào Cai",0.0,2.0,1,0,0.0,0.0,255.7,0.0,5.0,1,Stopped,0,0,0,0,0,VALID,VALID
21C-04064,2026-08-11 02:51:00,255.7,0.0,0.0,"Xã Yên Bình, Tỉnh Lào Cai",0.0,2.0,1,0,0.0,0.0,255.7,0.0,5.0,1,Stopped,0,0,0,0,0,VALID,VALID
21C-04064,2026-08-11 02:53:00,255.7,0.0,0.0,"Xã Yên Bình, Tỉnh Lào Cai",0.0,2.0,1,0,0.0,0.0,255.7,0.0,5.0,1,Stopped,0,0,0,0,0,VALID,VALID
21C-04064,2026-08-11 02:56:00,255.7,0.0,0.0,"Xã Yên Bình, Tỉnh Lào Cai",0.0,3.0,1,0,0.0,0.0,255.7,0.0,5.0,1,Stopped,0,0,0,0,0,VALID,VALID
21C-04064,2026-08-11 02:58:00,255.7,0.0,0.0,"Xã Yên Bình, Tỉnh Lào Cai",0.0,2.0,1,0,0.0,0.0,255.7,0.0,5.0,1,Stopped,0,0,0,0,0,VALID,VALID
21C-04064,2026-08-11 03:00:00,255.7,0.0,0.0,"Xã Yên Bình, Tỉnh Lào Cai",0.0,2.0,1,0,0.0,0.0,255.7,0.0,5.0,1,Stopped,0,0,0,0,0,VALID,VALID
21C-04064,2026-08-11 03:02:00,255.7,0.0,0.0,"Xã Yên Bình, Tỉnh Lào Cai",0.0,2.0,1,0,0.0,0.0,255.7,0.0,5.0,1,Stopped,0,0,0,0,0,VALID,VALID
21C-04064,2026-08-11 03:04:00,255.7,0.0,0.0,"Xã Yên Bình, Tỉnh Lào Cai",0.0,2.0,1,0,0.0,0.0,255.7,0.0,5.0,1,Stopped,0,0,0,0,0,VALID,VALID
21C-04064,2026-08-11 03:06:00,255.7,0.0,0.0,"Xã Yên Bình, Tỉnh Lào Cai",0.0,2.0,1,0,0.0,0.0,255.7,0.0,5.0,1,Stopped,0,0,0,0,0,VALID,VALID
21C-04064,2026-08-11 03:09:00,255.7,0.0,0.0,"Xã Yên Bình, Tỉnh Lào Cai",0.0,3.0,1,0,0.0,0.0,255.7,0.0,5.0,1,Stopped,0,0,0,0,0,VALID,VALID
21C-04064,2026-08-11 03:11:00,255.7,0.0,0.0,"Xã Yên Bình, Tỉnh Lào Cai",0.0,2.0,1,0,0.0,0.0,255.7,0.0,5.0,1,Stopped,0,0,0,0,0,VALID,VALID
21C-04064,2026-08-11 03:13:00,255.7,0.0,0.0,"Xã Yên Bình, Tỉnh Lào Cai",0.0,2.0,1,0,0.0,0.0,255.7,0.0,5.0,1,Stopped,0,0,0,0,0,VALID,VALID
21C-04064,2026-08-11 03:15:00,255.7,0.0,0.0,"Xã Yên Bình, Tỉnh Lào Cai",0.0,2.0,1,0,0.0,0.0,255.7,0.0,5.0,1,Stopped,0,0,0,0,0,VALID,VALID
21C-04064,2026-08-11 03:18:00,255.7,0.0,0.0,"Xã Yên Bình, Tỉnh Lào Cai",0.0,3.0,1,0,0.0,0.0,255.7,0.0,5.0,1,Stopped,0,0,0,0,0,VALID,VALID
21C-04064,2026-08-11 03:20:00,255.7,0.0,0.0,"Xã Yên Bình, Tỉnh Lào Cai",0.0,2.0,1,0,0.0,0.0,255.7,0.0,5.0,1,Stopped,0,0,0,0,0,VALID,VALID
21C-04064,2026-08-11 03:22:00,255.7,0.0,0.0,"Xã Yên Bình, Tỉnh Lào Cai",0.0,2.0,1,0,0.0,0.0,255.7,0.0,5.0,1,Stopped,0,0,0,0,0,VALID,VALID
21C-04064,2026-08-11 03:24:00,255.7,0.0,0.0,"Xã Yên Bình, Tỉnh Lào Cai",0.0,2.0,1,0,0.0,0.0,255.7,0.0,5.0,1,Stopped,0,0,0,0,0,VALID,VALID
21C-04064,2026-08-11 03:26:00,255.7,0.0,0.0,"Xã Yên Bình, Tỉnh Lào Cai",0.0,2.0,1,0,0.0,0.0,255.7,0.0,5.0,1,Stopped,0,0,0,0,0,VALID,VALID
21C-04064,2026-08-11 03:28:00,255.7,0.0,0.0,"Xã Yên Bình, Tỉnh Lào Cai",0.0,2.0,1,0,0.0,0.0,255.7,0.0,5.0,1,Stopped,0,0,0,0,0,VALID,VALID
21C-04064,2026-08-11 03:31:00,255.7,0.0,0.0,"Xã Yên Bình, Tỉnh Lào Cai",0.0,3.0,1,0,0.0,0.0,255.7,0.0,5.0,1,Stopped,0,0,0,0,0,VALID,VALID
21C-04064,2026-08-11 03:33:00,255.7,0.0,0.0,"Xã Yên Bình, Tỉnh Lào Cai",0.0,2.0,1,0,0.0,0.0,255.7,0.0,5.0,1,Stopped,0,0,0,0,0,VALID,VALID
21C-04064,2026-08-11 03:35:00,255.7,0.0,0.0,"Xã Yên Bình, Tỉnh Lào Cai",0.0,2.0,1,0,0.0,0.0,255.7,0.0,5.0,1,Stopped,0,0,0,0,0,VALID,VALID
21C-04064,2026-08-11 03:37:00,255.7,0.0,0.0,"Xã Yên Bình, Tỉnh Lào Cai",0.0,2.0,1,0,0.0,0.0,255.7,0.0,5.0,1,Stopped,0,0,0,0,0,VALID,VALID
21C-04064,2026-08-11 03:39:00,255.7,0.0,0.0,"Xã Yên Bình, Tỉnh Lào Cai",0.0,2.0,1,0,0.0,0.0,255.7,0.0,5.0,1,Stopped,0,0,0,0,0,VALID,VALID
21C-04064,2026-08-11 03:42:00,255.7,0.0,0.0,"Xã Yên Bình, Tỉnh Lào Cai",0.0,3.0,1,0,0.0,0.0,255.7,0.0,5.0,1,Stopped,0,0,0,0,0,VALID,VALID
21C-04064,2026-08-11 03:44:00,255.7,0.0,0.0,"Xã Yên Bình, Tỉnh Lào Cai",0.0,2.0,1,0,0.0,0.0,255.7,0.0,5.0,1,Stopped,0,0,0,0,0,VALID,VALID
21C-04064,2026-08-11 03:46:00,255.7,0.0,0.0,"Xã Yên Bình, Tỉnh Lào Cai",0.0,2.0,1,0,0.0,0.0,255.7,0.0,5.0,1,Stopped,0,0,0,0,0,VALID,VALID
21C-04064,2026-08-11 03:48:00,255.7,0.0,0.0,"Xã Yên Bình, Tỉnh Lào Cai",0.0,2.0,1,0,0.0,0.0,255.7,0.0,5.0,1,Stopped,0,0,0,0,0,VALID,VALID
21C-04064,2026-08-11 03:50:00,255.7,0.0,0.0,"Xã Yên Bình, Tỉnh Lào Cai",0.0,2.0,1,0,0.0,0.0,255.7,0.0,5.0,1,Stopped,0,0,0,0,0,VALID,VALID
21C-04064,2026-08-11 03:52:00,255.7,0.0,0.0,"Xã Yên Bình, Tỉnh Lào Cai",0.0,2.0,1,0,0.0,0.0,255.7,0.0,5.0,1,Stopped,0,0,0,0,0,VALID,VALID
21C-04064,2026-08-11 03:55:00,255.7,0.0,0.0,"Xã Yên Bình, Tỉnh Lào Cai",0.0,3.0,1,0,0.0,0.0,255.7,0.0,5.0,1,Stopped,0,0,0,0,0,VALID,VALID
21C-04064,2026-08-11 03:57:00,255.7,0.0,0.0,"Xã Yên Bình, Tỉnh Lào Cai",0.0,2.0,1,0,0.0,0.0,255.7,0.0,5.0,1,Stopped,0,0,0,0,0,VALID,VALID
21C-04064,2026-08-11 03:59:00,255.7,0.0,0.0,"Xã Yên Bình, Tỉnh Lào Cai",0.0,2.0,1,0,0.0,0.0,255.7,0.0,5.0,1,Stopped,0,0,0,0,0,VALID,VALID
21C-04064,2026-08-11 04:01:00,255.7,0.0,0.0,"Xã Yên Bình, Tỉnh Lào Cai",0.0,2.0,1,0,0.0,0.0,255.7,0.0,5.0,1,Stopped,0,0,0,0,0,VALID,VALID
21C-04064,2026-08-11 04:03:00,255.7,0.0,0.0,"Xã Yên Bình, Tỉnh Lào Cai",0.0,2.0,1,0,0.0,0.0,255.7,0.0,5.0,1,Stopped,0,0,0,0,0,VALID,VALID
21C-04064,2026-08-11 04:06:00,255.7,0.0,0.0,"Xã Yên Bình, Tỉnh Lào Cai",0.0,3.0,1,0,0.0,0.0,255.7,0.0,5.0,1,Stopped,0,0,0,0,0,VALID,VALID
21C-04064,2026-08-11 04:08:00,255.7,0.0,0.0,"Xã Yên Bình, Tỉnh Lào Cai",0.0,2.0,1,0,0.0,0.0,255.7,0.0,5.0,1,Stopped,0,0,0,0,0,VALID,VALID
21C-04064,2026-08-11 04:10:00,255.7,0.0,0.0,"Xã Yên Bình, Tỉnh Lào Cai",0.0,2.0,1,0,0.0,0.0,255.7,0.0,5.0,1,Stopped,0,0,0,0,0,VALID,VALID
21C-04064,2026-08-11 04:12:00,255.7,0.0,0.0,"Xã Yên Bình, Tỉnh Lào Cai",0.0,2.0,1,0,0.0,0.0,255.7,0.0,5.0,1,Stopped,0,0,0,0,0,VALID,VALID
21C-04064,2026-08-11 04:14:00,255.7,0.0,0.0,"Xã Yên Bình, Tỉnh Lào Cai",0.0,2.0,1,0,0.0,0.0,255.7,0.0,5.0,1,Stopped,0,0,0,0,0,VALID,VALID
21C-04064,2026-08-11 04:16:00,255.7,0.0,0.0,"Xã Yên Bình, Tỉnh Lào Cai",0.0,2.0,1,0,0.0,0.0,255.7,0.0,5.0,1,Stopped,0,0,0,0,0,VALID,VALID
21C-04064,2026-08-11 04:19:00,255.7,0.0,0.0,"Xã Yên Bình, Tỉnh Lào Cai",0.0,3.0,1,0,0.0,0.0,255.7,0.0,5.0,1,Stopped,0,0,0,0,0,VALID,VALID
21C-04064,2026-08-11 04:21:00,255.7,0.0,0.0,"Xã Yên Bình, Tỉnh Lào Cai",0.0,2.0,1,0,0.0,0.0,255.7,0.0,5.0,1,Stopped,0,0,0,0,0,VALID,VALID
21C-04064,2026-08-11 04:23:00,255.7,0.0,0.0,"Xã Yên Bình, Tỉnh Lào Cai",0.0,2.0,1,0,0.0,0.0,255.7,0.0,5.0,1,Stopped,0,0,0,0,0,VALID,VALID
21C-04064,2026-08-11 04:25:00,255.7,0.0,0.0,"Xã Yên Bình, Tỉnh Lào Cai",0.0,2.0,1,0,0.0,0.0,255.7,0.0,5.0,1,Stopped,0,0,0,0,0,VALID,VALID
21C-04064,2026-08-11 04:27:00,255.7,0.0,0.0,"Xã Yên Bình, Tỉnh Lào Cai",0.0,2.0,1,0,0.0,0.0,255.7,0.0,5.0,1,Stopped,0,0,0,0,0,VALID,VALID
21C-04064,2026-08-11 04:30:00,255.7,0.0,0.0,"Xã Yên Bình, Tỉnh Lào Cai",0.0,3.0,1,0,0.0,0.0,255.7,0.0,5.0,1,Stopped,0,0,0,0,0,VALID,VALID
21C-04064,2026-08-11 04:32:00,255.7,0.0,0.0,"Xã Yên Bình, Tỉnh Lào Cai",0.0,2.0,1,0,0.0,0.0,255.7,0.0,5.0,1,Stopped,0,0,0,0,0,VALID,VALID
21C-04064,2026-08-11 04:34:00,255.7,0.0,0.0,"Xã Yên Bình, Tỉnh Lào Cai",0.0,2.0,1,0,0.0,0.0,255.7,0.0,5.0,1,Stopped,0,0,0,0,0,VALID,VALID
21C-04064,2026-08-11 04:36:00,255.7,0.0,0.0,"Xã Yên Bình, Tỉnh Lào Cai",0.0,2.0,1,0,0.0,0.0,255.7,0.0,5.0,1,Stopped,0,0,0,0,0,VALID,VALID
21C-04064,2026-08-11 04:38:00,255.7,0.0,0.0,"Xã Yên Bình, Tỉnh Lào Cai",0.0,2.0,1,0,0.0,0.0,255.7,0.0,5.0,1,Stopped,0,0,0,0,0,VALID,VALID
21C-04064,2026-08-11 04:40:00,255.7,0.0,0.0,"Xã Yên Bình, Tỉnh Lào Cai",0.0,2.0,1,0,0.0,0.0,255.7,0.0,5.0,1,Stopped,0,0,0,0,0,VALID,VALID
21C-04064,2026-08-11 04:43:00,255.7,0.0,0.0,"Xã Yên Bình, Tỉnh Lào Cai",0.0,3.0,1,0,0.0,0.0,255.7,0.0,5.0,1,Stopped,0,0,0,0,0,VALID,VALID
21C-04064,2026-08-11 04:45:00,255.9,0.0,0.0,"Xã Yên Bình, Tỉnh Lào Cai",0.0,2.0,1,0,0.20000000000001705,0.10000000000000853,255.7,0.0894427191019045,5.0,1,Stopped,0,0,0,0,0,VALID,VALID
21C-04064,2026-08-11 04:47:00,255.9,0.0,0.0,"Xã Yên Bình, Tỉnh Lào Cai",0.0,2.0,1,0,0.0,0.0,255.7,0.10954451150265855,5.0,1,Stopped,0,0,0,0,0,VALID,VALID
21C-04064,2026-08-11 04:49:00,255.9,0.0,0.0,"Xã Yên Bình, Tỉnh Lào Cai",0.0,2.0,1,0,0.0,0.0,255.9,0.10954451150271627,5.0,1,Stopped,0,0,0,0,0,VALID,VALID
21C-04064,2026-08-11 04:51:00,255.9,0.0,0.0,"Xã Yên Bình, Tỉnh Lào Cai",0.0,2.0,1,0,0.0,0.0,255.9,0.08944271910211661,5.0,1,Stopped,0,0,0,0,0,VALID,VALID
21C-04064,2026-08-11 04:54:00,255.9,0.0,0.0,"Xã Yên Bình, Tỉnh Lào Cai",0.0,3.0,1,0,0.0,0.0,255.9,0.0,5.0,1,Stopped,0,0,0,0,0,VALID,VALID
21C-04064,2026-08-11 04:56:00,256.1,0.0,0.0,"Xã Yên Bình, Tỉnh Lào Cai",0.0,2.0,1,0,0.20000000000001705,0.10000000000000853,255.9,0.08944271910226437,5.0,1,Stopped,0,0,0,0,0,VALID,VALID
21C-04064,2026-08-11 04:58:00,256.1,0.0,0.0,"Xã Yên Bình, Tỉnh Lào Cai",0.0,2.0,1,0,0.0,0.0,255.9,0.10954451150295239,5.0,1,Stopped,0,0,0,0,0,VALID,VALID
21C-04064,2026-08-11 05:00:00,256.1,0.0,0.0,"Xã Yên Bình, Tỉnh Lào Cai",0.0,2.0,1,0,0.0,0.0,256.1,0.10954451150301854,5.0,1,Stopped,0,0,0,0,0,VALID,VALID
21C-04064,2026-08-11 05:02:00,256.1,0.0,0.0,"Xã Yên Bình, Tỉnh Lào Cai",0.0,2.0,1,0,0.0,0.0,256.1,0.08944271910249912,5.0,1,Stopped,0,0,0,0,0,VALID,VALID
21C-04064,2026-08-11 05:04:00,256.1,0.0,0.0,"Xã Yên Bình, Tỉnh Lào Cai",0.0,2.0,1,0,0.0,0.0,256.1,0.0,5.0,1,Stopped,0,0,0,0,0,VALID,VALID
21C-04064,2026-08-11 05:07:00,256.1,0.0,0.0,"Xã Yên Bình, Tỉnh Lào Cai",0.0,3.0,1,0,0.0,0.0,256.1,0.0,5.0,1,Stopped,0,0,0,0,0,VALID,VALID
21C-04064,2026-08-11 05:09:00,256.1,0.0,0.0,"Xã Yên Bình, Tỉnh Lào Cai",0.0,2.0,1,0,0.0,0.0,256.1,0.0,5.0,1,Stopped,0,0,0,0,0,VALID,VALID
21C-04064,2026-08-11 05:11:00,256.1,0.0,0.0,"Xã Yên Bình, Tỉnh Lào Cai",0.0,2.0,1,0,0.0,0.0,256.1,0.0,5.0,1,Stopped,0,0,0,0,0,VALID,VALID
21C-04064,2026-08-11 05:13:00,256.1,0.0,0.0,"Xã Yên Bình, Tỉnh Lào Cai",0.0,2.0,1,0,0.0,0.0,256.1,0.0,5.0,1,Stopped,0,0,0,0,0,VALID,VALID
21C-04064,2026-08-11 05:15:00,256.1,0.0,0.0,"Xã Yên Bình, Tỉnh Lào Cai",0.0,2.0,1,0,0.0,0.0,256.1,0.0,5.0,1,Stopped,0,0,0,0,0,VALID,VALID
21C-04064,2026-08-11 05:18:00,256.1,0.0,0.0,"Xã Yên Bình, Tỉnh Lào Cai",0.0,3.0,1,0,0.0,0.0,256.1,0.0,5.0,1,Stopped,0,0,0,0,0,VALID,VALID
21C-04064,2026-08-11 05:20:00,256.1,0.0,0.0,"Xã Yên Bình, Tỉnh Lào Cai",0.0,2.0,1,0,0.0,0.0,256.1,0.0,5.0,1,Stopped,0,0,0,0,0,VALID,VALID
21C-04064,2026-08-11 05:22:00,256.1,0.0,0.0,"Xã Yên Bình, Tỉnh Lào Cai",0.0,2.0,1,0,0.0,0.0,256.1,0.0,5.0,1,Stopped,0,0,0,0,0,VALID,VALID
21C-04064,2026-08-11 05:24:00,256.1,0.0,0.0,"Xã Yên Bình, Tỉnh Lào Cai",0.0,2.0,1,0,0.0,0.0,256.1,0.0,5.0,1,Stopped,0,0,0,0,0,VALID,VALID
21C-04064,2026-08-11 05:26:00,256.1,0.0,0.0,"Xã Yên Bình, Tỉnh Lào Cai",0.0,2.0,1,0,0.0,0.0,256.1,0.0,5.0,1,Stopped,0,0,0,0,0,VALID,VALID
21C-04064,2026-08-11 05:28:00,256.1,0.0,0.0,"Xã Yên Bình, Tỉnh Lào Cai",0.0,2.0,1,0,0.0,0.0,256.1,0.0,5.0,1,Stopped,0,0,0,0,0,VALID,VALID
21C-04064,2026-08-11 05:31:00,256.1,0.0,0.0,"Xã Yên Bình, Tỉnh Lào Cai",0.0,3.0,1,0,0.0,0.0,256.1,0.0,5.0,1,Stopped,0,0,0,0,0,VALID,VALID
21C-04064,2026-08-11 05:33:00,256.1,0.0,0.0,"Xã Yên Bình, Tỉnh Lào Cai",0.0,2.0,1,0,0.0,0.0,256.1,0.0,5.0,1,Stopped,0,0,0,0,0,VALID,VALID
21C-04064,2026-08-11 05:35:00,256.1,0.0,0.0,"Xã Yên Bình, Tỉnh Lào Cai",0.0,2.0,1,0,0.0,0.0,256.1,0.0,5.0,1,Stopped,0,0,0,0,0,VALID,VALID
21C-04064,2026-08-11 05:37:00,256.1,0.0,0.0,"Xã Yên Bình, Tỉnh Lào Cai",0.0,2.0,1,0,0.0,0.0,256.1,0.0,5.0,1,Stopped,0,0,0,0,0,VALID,VALID
21C-04064,2026-08-11 05:40:00,256.1,0.0,0.0,"Xã Yên Bình, Tỉnh Lào Cai",0.0,3.0,1,0,0.0,0.0,256.1,0.0,5.0,1,Stopped,0,0,0,0,0,VALID,VALID
21C-04064,2026-08-11 05:42:00,256.1,0.0,0.0,"Xã Yên Bình, Tỉnh Lào Cai",0.0,2.0,1,0,0.0,0.0,256.1,0.0,5.0,1,Stopped,0,0,0,0,0,VALID,VALID
21C-04064,2026-08-11 05:44:00,256.1,0.0,0.0,"Xã Yên Bình, Tỉnh Lào Cai",0.0,2.0,1,0,0.0,0.0,256.1,0.0,5.0,1,Stopped,0,0,0,0,0,VALID,VALID
21C-04064,2026-08-11 05:46:00,256.1,0.0,0.0,"Xã Yên Bình, Tỉnh Lào Cai",0.0,2.0,1,0,0.0,0.0,256.1,0.0,5.0,1,Stopped,0,0,0,0,0,VALID,VALID
21C-04064,2026-08-11 05:48:00,256.1,0.0,0.0,"Xã Yên Bình, Tỉnh Lào Cai",0.0,2.0,1,0,0.0,0.0,256.1,0.0,5.0,1,Stopped,0,0,0,0,0,VALID,VALID
21C-04064,2026-08-11 05:50:00,256.1,0.0,0.0,"Xã Yên Bình, Tỉnh Lào Cai",0.0,2.0,1,0,0.0,0.0,256.1,0.0,5.0,1,Stopped,0,0,0,0,0,VALID,VALID
21C-04064,2026-08-11 05:53:00,256.1,0.0,0.0,"Xã Yên Bình, Tỉnh Lào Cai",0.0,3.0,1,0,0.0,0.0,256.1,0.0,5.0,1,Stopped,0,0,0,0,0,VALID,VALID
21C-04064,2026-08-11 05:55:00,256.1,0.0,0.0,"Xã Yên Bình, Tỉnh Lào Cai",0.0,2.0,1,0,0.0,0.0,256.1,0.0,5.0,1,Stopped,0,0,0,0,0,VALID,VALID
21C-04064,2026-08-11 05:57:00,256.1,0.0,0.0,"Xã Yên Bình, Tỉnh Lào Cai",0.0,2.0,1,0,0.0,0.0,256.1,0.0,5.0,1,Stopped,0,0,0,0,0,VALID,VALID
21C-04064,2026-08-11 05:59:00,256.1,0.0,0.0,"Xã Yên Bình, Tỉnh Lào Cai",0.0,2.0,1,0,0.0,0.0,256.1,0.0,5.0,1,Stopped,0,0,0,0,0,VALID,VALID
21C-04064,2026-08-11 06:01:00,256.1,0.0,0.0,"Xã Yên Bình, Tỉnh Lào Cai",0.0,2.0,1,0,0.0,0.0,256.1,0.0,5.0,1,Stopped,0,0,0,0,0,VALID,VALID
21C-04064,2026-08-11 06:04:00,256.1,0.0,0.0,"Xã Yên Bình, Tỉnh Lào Cai",0.0,3.0,1,0,0.0,0.0,256.1,0.0,5.0,1,Stopped,0,0,0,0,0,VALID,VALID
21C-04064,2026-08-11 06:06:00,256.1,0.0,0.0,"Xã Yên Bình, Tỉnh Lào Cai",0.0,2.0,1,0,0.0,0.0,256.1,0.0,5.0,1,Stopped,0,0,0,0,0,VALID,VALID
21C-04064,2026-08-11 06:08:00,256.1,0.0,0.0,"Xã Yên Bình, Tỉnh Lào Cai",0.0,2.0,1,0,0.0,0.0,256.1,0.0,5.0,1,Stopped,0,0,0,0,0,VALID,VALID
21C-04064,2026-08-11 06:10:00,256.1,0.0,0.0,"Xã Yên Bình, Tỉnh Lào Cai",0.0,2.0,1,0,0.0,0.0,256.1,0.0,5.0,1,Stopped,0,0,0,0,0,VALID,VALID
21C-04064,2026-08-11 06:12:00,256.1,0.0,0.0,"Xã Yên Bình, Tỉnh Lào Cai",0.0,2.0,1,0,0.0,0.0,256.1,0.0,5.0,1,Stopped,0,0,0,0,0,VALID,VALID
21C-04064,2026-08-11 06:14:00,256.1,0.0,0.0,"Xã Yên Bình, Tỉnh Lào Cai",0.0,2.0,1,0,0.0,0.0,256.1,0.0,5.0,1,Stopped,0,0,0,0,0,VALID,VALID
21C-04064,2026-08-11 06:17:00,256.1,0.0,0.0,"Xã Yên Bình, Tỉnh Lào Cai",0.0,3.0,1,0,0.0,0.0,256.1,0.0,5.0,1,Stopped,0,0,0,0,0,VALID,VALID
21C-04064,2026-08-11 06:19:00,256.1,0.0,0.0,"Xã Yên Bình, Tỉnh Lào Cai",0.0,2.0,1,0,0.0,0.0,256.1,0.0,5.0,1,Stopped,0,0,0,0,0,VALID,VALID
21C-04064,2026-08-11 06:21:00,256.1,0.0,0.0,"Xã Yên Bình, Tỉnh Lào Cai",0.0,2.0,1,0,0.0,0.0,256.1,0.0,5.0,1,Stopped,0,0,0,0,0,VALID,VALID
21C-04064,2026-08-11 06:22:00,256.1,0.0,0.0,"Xã Yên Bình, Tỉnh Lào Cai",0.0,1.0,1,0,0.0,0.0,256.1,0.0,5.0,1,Stopped,0,0,0,0,0,VALID,VALID
21C-04064,2026-08-11 06:24:00,256.1,0.0,0.0,"Xã Yên Bình, Tỉnh Lào Cai",0.0,2.0,1,0,0.0,0.0,256.1,0.0,5.0,1,Stopped,0,0,0,0,0,VALID,VALID
21C-04064,2026-08-11 06:26:00,256.1,0.0,0.0,"Xã Yên Bình, Tỉnh Lào Cai",0.0,2.0,1,0,0.0,0.0,256.1,0.0,5.0,1,Stopped,0,0,0,0,0,VALID,VALID
21C-04064,2026-08-11 06:28:00,255.9,0.0,0.0,"Xã Yên Bình, Tỉnh Lào Cai",0.0,2.0,1,0,-0.20000000000001705,-0.10000000000000853,256.1,0.08944271910252773,5.0,1,Stopped,0,0,0,0,0,VALID,VALID
21C-04064,2026-08-11 06:30:00,255.9,0.0,0.0,"Xã Yên Bình, Tỉnh Lào Cai",0.0,2.0,1,0,0.0,0.0,256.1,0.10954451150308535,5.0,1,Stopped,0,0,0,0,0,VALID,VALID
21C-04064,2026-08-11 06:33:00,255.7,0.0,0.0,"Xã Yên Bình, Tỉnh Lào Cai",0.0,3.0,1,0,-0.20000000000001705,-0.06666666666667236,255.9,0.16733200530814504,5.0,1,Stopped,0,0,0,0,0,VALID,VALID
21C-04064,2026-08-11 06:35:00,255.7,0.0,0.0,"Xã Yên Bình, Tỉnh Lào Cai",0.0,2.0,1,0,0.0,0.0,255.9,0.16733200530811873,5.0,1,Stopped,0,0,0,0,0,VALID,VALID
21C-04064,2026-08-11 06:37:00,255.6,0.0,0.0,"Xã Yên Bình, Tỉnh Lào Cai",0.0,2.0,1,0,-0.09999999999999432,-0.04999999999999716,255.7,0.13416407865156774,5.0,1,Stopped,0,0,0,0,0,VALID,VALID
21C-04064,2026-08-11 06:39:00,255.6,0.0,0.0,"Xã Yên Bình, Tỉnh Lào Cai",0.0,2.0,1,0,0.0,0.0,255.7,0.12247448714086945,5.0,1,Stopped,0,0,0,0,0,VALID,VALID
21C-04064,2026-08-11 06:42:00,255.6,0.0,0.0,"Xã Yên Bình, Tỉnh Lào Cai",0.0,3.0,1,0,0.0,0.0,255.6,0.0547722557542813,5.0,1,Stopped,0,0,0,0,0,VALID,VALID
21C-04064,2026-08-11 06:44:00,255.6,0.0,0.0,"Xã Yên Bình, Tỉnh Lào Cai",0.0,2.0,1,0,0.0,0.0,255.6,0.0447213595545864,5.0,1,Stopped,0,0,0,0,0,VALID,VALID
21C-04064,2026-08-11 06:46:00,255.6,0.0,0.0,"Xã Yên Bình, Tỉnh Lào Cai",0.0,2.0,1,0,0.0,0.0,255.6,0.0,5.0,1,Stopped,0,0,0,0,0,VALID,VALID
21C-04064,2026-08-11 06:48:00,256.5,0.0,0.0,"Xã Yên Bình, Tỉnh Lào Cai",0.0,2.0,1,0,0.9000000000000057,0.45000000000000284,255.6,0.40249223595051353,5.0,1,Stopped,0,0,0,0,0,VALID,VALID
21C-04064,2026-08-11 06:50:00,256.7,0.0,0.0,"Xã Yên Bình, Tỉnh Lào Cai",0.0,2.0,1,0,0.19999999999998863,0.09999999999999432,255.6,0.5522680508598007,5.0,1,Stopped,0,0,0,0,0,VALID,VALID
21C-04064,2026-08-11 06:52:00,259.7,3.0,0.025,"Xã Yên Bình, Tỉnh Lào Cai",0.0,2.0,1,0,3.0,1.5,256.5,1.6873055443518836,5.0,1,Moving,0,0,0,0,0,VALID,VALID
21C-04064,2026-08-11 06:54:00,259.5,39.0,0.3,"Quốc Lộ 70, Xã Yên Bình, Tỉnh Lào Cai",0.0,2.0,1,0,-0.19999999999998863,-0.09999999999999432,256.7,1.873499399519704,5.0,1,Moving,0,0,0,0,0,VALID,VALID
21C-04064,2026-08-11 06:56:00,257.4,23.0,-0.13333333333333333,"Quốc Lộ 70, Xã Yên Bình, Tỉnh Lào Cai",0.0,2.0,1,0,-2.1000000000000227,-1.0500000000000114,257.4,1.5355780670486023,5.0,1,Moving,0,0,0,0,0,VALID,VALID
21C-04064,2026-08-11 06:58:00,257.3,17.0,-0.05,"Quốc Lộ 70, Xã Yên Bình, Tỉnh Lào Cai",0.0,2.0,1,0,-0.0999999999999659,-0.04999999999998295,257.4,1.3791301606450093,5.0,1,Moving,0,0,0,0,0,VALID,VALID
21C-04064,2026-08-11 07:00:00,259.8,27.0,0.08333333333333333,"Quốc Lộ 70, Xã Đan Thượng, Tỉnh Phú Thọ",0.0,2.0,1,0,2.5,1.25,259.5,1.2739701723355645,5.0,1,Moving,0,0,0,0,0,VALID,VALID
21C-04064,2026-08-11 07:02:00,253.3,36.0,0.075,"Quốc Lộ 70, Xã Đan Thượng, Tỉnh Phú Thọ",0.0,2.0,1,0,-6.5,-3.25,257.4,2.5967287112828448,5.0,1,Moving,0,0,0,0,0,VALID,VALID
21C-04064,2026-08-11 07:04:00,252.1,28.0,-0.06666666666666667,"Quốc Lộ 70, Xã Đan Thượng, Tỉnh Phú Thọ",0.0,2.0,1,0,-1.200000000000017,-0.6000000000000085,257.3,3.1854356060044022,5.0,1,Moving,0,0,0,0,0,VALID,VALID
21C-04064,2026-08-11 07:06:00,252.1,26.0,-0.016666666666666666,"Quốc Lộ 70, Xã Đan Thượng, Tỉnh Phú Thọ",0.0,2.0,1,0,0.0,0.0,253.3,3.464390278245314,5.0,1,Moving,0,0,0,0,0,VALID,VALID
21C-04064,2026-08-11 07:08:00,250.4,28.0,0.016666666666666666,"Quốc Lộ 70, Xã Bằng Luân, Tỉnh Phú Thọ",0.0,2.0,1,0,-1.6999999999999886,-0.8499999999999943,252.1,3.6486983980593117,5.0,1,Moving,0,0,0,0,0,VALID,VALID
21C-04064,2026-08-11 07:10:00,250.6,13.0,-0.125,"Quốc Lộ 70, Xã Bằng Luân, Tỉnh Phú Thọ",0.0,2.0,1,0,0.19999999999998863,0.09999999999999432,252.1,1.2020815280173471,5.0,1,Moving,0,0,0,0,0,VALID,VALID
21C-04064,2026-08-11 07:12:00,247.6,28.0,0.125,"Quốc Lộ 70, Xã Bằng Luân, Tỉnh Phú Thọ",0.0,2.0,1,0,-3.0,-1.5,250.6,1.8392933425640592,5.0,1,Moving,0,0,0,0,0,VALID,VALID
21C-04064,2026-08-11 07:14:00,246.5,40.0,0.1,"Quốc Lộ 70, Xã Bằng Luân, Tỉnh Phú Thọ",0.0,2.0,1,0,-1.0999999999999943,-0.5499999999999972,250.4,2.3114930239999394,5.0,1,Moving,0,0,0,0,0,VALID,VALID
21C-04064,2026-08-11 07:16:00,246.6,37.0,-0.025,"Quốc Lộ 70, Xã Bằng Luân, Tỉnh Phú Thọ",0.0,2.0,1,0,0.09999999999999432,0.04999999999999716,247.6,2.0194058532153294,5.0,1,Moving,0,0,0,0,0,VALID,VALID
21C-04064,2026-08-11 07:18:00,246.8,31.0,-0.05,"Quốc Lộ 70, Xã Bằng Luân, Tỉnh Phú Thọ",0.0,2.0,1,0,0.20000000000001705,0.10000000000000853,246.8,1.7210461934533516,5.0,1,Moving,0,0,0,0,0,VALID,VALID
21C-04064,2026-08-11 07:20:00,246.8,0.0,-0.25833333333333336,"Quốc Lộ 70, Xã Bằng Luân, Tỉnh Phú Thọ",0.0,2.0,1,0,0.0,0.0,246.8,0.43358966777384833,5.0,1,Stopped,0,0,0,0,0,VALID,VALID
21C-04064,2026-08-11 07:22:00,246.8,26.0,0.21666666666666667,"Quốc Lộ 70, Xã Tây Cốc, Tỉnh Phú Thọ",0.0,2.0,1,0,0.0,0.0,246.8,0.14142135623813462,5.0,1,Moving,0,0,0,0,0,VALID,VALID
21C-04064,2026-08-11 07:24:00,246.6,35.0,0.075,"Quốc Lộ 70, Xã Tây Cốc, Tỉnh Phú Thọ",0.0,2.0,1,0,-0.20000000000001705,-0.10000000000000853,246.8,0.10954451150210323,5.0,1,Moving,0,0,0,0,0,VALID,VALID
21C-04064,2026-08-11 07:26:00,245.7,37.0,0.016666666666666666,"Quốc Lộ 70, Xã Tây Cốc, Tỉnh Phú Thọ",0.0,2.0,1,0,-0.9000000000000057,-0.45000000000000284,246.8,0.47749345545278143,5.0,1,Moving,0,0,0,0,0,VALID,VALID
21C-04064,2026-08-11 07:28:00,244.4,25.0,-0.1,"Quốc Lộ 70, Xã Tây Cốc, Tỉnh Phú Thọ",0.0,2.0,1,0,-1.299999999999983,-0.6499999999999915,246.6,1.0334408546212155,5.0,1,Moving,0,0,0,0,0,VALID,VALID
21C-04064,2026-08-11 07:30:00,244.1,33.0,0.06666666666666667,"Quốc Lộ 70, Xã Tây Cốc, Tỉnh Phú Thọ",0.0,2.0,1,0,-0.30000000000001137,-0.15000000000000568,245.7,1.23571841452664,5.0,1,Moving,0,0,0,0,0,VALID,VALID
21C-04064,2026-08-11 07:32:00,243.8,32.0,-0.008333333333333333,"Quốc Lộ 70, Xã Tây Cốc, Tỉnh Phú Thọ",0.0,2.0,1,0,-0.29999999999998295,-0.14999999999999147,244.4,1.186170308176797,5.0,1,Moving,0,0,0,0,0,VALID,VALID
21C-04064,2026-08-11 07:34:00,242.2,26.0,-0.05,"Quốc Lộ 70, Xã Tây Cốc, Tỉnh Phú Thọ",0.0,2.0,1,0,-1.6000000000000227,-0.8000000000000114,244.1,1.2581732790042475,5.0,1,Moving,0,0,0,0,0,VALID,VALID
21C-04064,2026-08-11 07:37:00,239.2,0.0,-0.14444444444444443,"Quốc Lộ 70, Xã Tây Cốc, Tỉnh Phú Thọ",0.0,3.0,1,0,-3.0,-1.0,243.8,2.1536016344719817,5.0,1,Stopped,0,0,0,0,0,VALID,VALID
21C-04064,2026-08-11 07:39:00,239.1,0.0,0.0,"Quốc Lộ 70, Xã Tây Cốc, Tỉnh Phú Thọ",0.0,2.0,1,0,-0.09999999999999432,-0.04999999999999716,242.2,2.420123963767233,5.0,1,Stopped,0,0,0,0,0,VALID,VALID
21C-04064,2026-08-11 07:41:00,238.8,0.0,0.0,"Quốc Lộ 70, Xã Tây Cốc, Tỉnh Phú Thọ",0.0,2.0,1,0,-0.29999999999998295,-0.14999999999999147,239.2,2.249888886145368,5.0,1,Stopped,0,0,0,0,0,VALID,VALID
21C-04064,2026-08-11 07:43:00,238.8,0.0,0.0,"Quốc Lộ 70, Xã Tây Cốc, Tỉnh Phú Thọ",0.0,2.0,1,0,0.0,0.0,239.1,1.4532721699669382,5.0,1,Stopped,0,0,0,0,0,VALID,VALID
21C-04064,2026-08-11 07:45:00,238.6,0.0,0.0,"Quốc Lộ 70, Xã Tây Cốc, Tỉnh Phú Thọ",0.0,2.0,1,0,-0.20000000000001705,-0.10000000000000853,238.8,0.24494897427923873,5.0,1,Stopped,0,0,0,0,0,VALID,VALID
21C-04064,2026-08-11 07:48:00,238.6,0.0,0.0,"Quốc Lộ 70, Xã Tây Cốc, Tỉnh Phú Thọ",0.0,3.0,1,0,0.0,0.0,238.8,0.20493901532030523,5.0,1,Stopped,0,0,0,0,0,VALID,VALID
21C-04064,2026-08-11 07:50:00,238.5,0.0,0.0,"Quốc Lộ 70, Xã Tây Cốc, Tỉnh Phú Thọ",0.0,2.0,1,0,-0.09999999999999432,-0.04999999999999716,238.6,0.13416407865168642,5.0,1,Stopped,0,0,0,0,0,VALID,VALID
21C-04064,2026-08-11 07:52:00,238.5,0.0,0.0,"Quốc Lộ 70, Xã Tây Cốc, Tỉnh Phú Thọ",0.0,2.0,1,0,0.0,0.0,238.6,0.12247448714101512,5.0,1,Stopped,0,0,0,0,0,VALID,VALID
21C-04064,2026-08-11 07:54:00,238.5,0.0,0.0,"Quốc Lộ 70, Xã Tây Cốc, Tỉnh Phú Thọ",0.0,2.0,1,0,0.0,0.0,238.5,0.05477225575464208,5.0,1,Stopped,0,0,0,0,0,VALID,VALID
21C-04064,2026-08-11 07:56:00,238.5,0.0,0.0,"Quốc Lộ 70, Xã Tây Cốc, Tỉnh Phú Thọ",0.0,2.0,1,0,0.0,0.0,238.5,0.044721359555042556,5.0,1,Stopped,0,0,0,0,0,VALID,VALID
21C-04064,2026-08-11 07:58:00,238.5,0.0,0.0,"Quốc Lộ 70, Xã Tây Cốc, Tỉnh Phú Thọ",0.0,2.0,1,0,0.0,0.0,238.5,0.0,5.0,1,Stopped,0,0,0,0,0,VALID,VALID
21C-04064,2026-08-11 08:01:00,238.5,0.0,0.0,"Quốc Lộ 70, Xã Tây Cốc, Tỉnh Phú Thọ",0.0,3.0,1,0,0.0,0.0,238.5,0.0,5.0,1,Stopped,0,0,0,0,0,VALID,VALID
21C-04064,2026-08-11 08:03:00,238.5,0.0,0.0,"Quốc Lộ 70, Xã Tây Cốc, Tỉnh Phú Thọ",0.0,2.0,1,0,0.0,0.0,238.5,0.0,5.0,1,Stopped,0,0,0,0,0,VALID,VALID
21C-04064,2026-08-11 08:05:00,238.5,0.0,0.0,"Quốc Lộ 70, Xã Tây Cốc, Tỉnh Phú Thọ",0.0,2.0,1,0,0.0,0.0,238.5,0.0,5.0,1,Stopped,0,0,0,0,0,VALID,VALID
21C-04064,2026-08-11 08:07:00,238.5,0.0,0.0,"Quốc Lộ 70, Xã Tây Cốc, Tỉnh Phú Thọ",0.0,2.0,1,0,0.0,0.0,238.5,0.0,5.0,1,Stopped,0,0,0,0,0,VALID,VALID
21C-04064,2026-08-11 08:10:00,238.5,0.0,0.0,"Quốc Lộ 70, Xã Tây Cốc, Tỉnh Phú Thọ",0.0,3.0,1,0,0.0,0.0,238.5,0.0,5.0,1,Stopped,0,0,0,0,0,VALID,VALID
21C-04064,2026-08-11 08:12:00,238.5,0.0,0.0,"Quốc Lộ 70, Xã Tây Cốc, Tỉnh Phú Thọ",0.0,2.0,1,0,0.0,0.0,238.5,0.0,5.0,1,Stopped,0,0,0,0,0,VALID,VALID
21C-04064,2026-08-11 08:14:00,238.5,0.0,0.0,"Quốc Lộ 70, Xã Tây Cốc, Tỉnh Phú Thọ",0.0,2.0,1,0,0.0,0.0,238.5,0.0,5.0,1,Stopped,0,0,0,0,0,VALID,VALID
21C-04064,2026-08-11 08:16:00,238.5,0.0,0.0,"Quốc Lộ 70, Xã Tây Cốc, Tỉnh Phú Thọ",0.0,2.0,1,0,0.0,0.0,238.5,0.0,5.0,1,Stopped,0,0,0,0,0,VALID,VALID
21C-04064,2026-08-11 08:18:00,238.5,0.0,0.0,"Quốc Lộ 70, Xã Tây Cốc, Tỉnh Phú Thọ",0.0,2.0,1,0,0.0,0.0,238.5,0.0,5.0,1,Stopped,0,0,0,0,0,VALID,VALID
21C-04064,2026-08-11 08:20:00,238.3,0.0,0.0,"Quốc Lộ 70, Xã Tây Cốc, Tỉnh Phú Thọ",0.0,2.0,1,0,-0.19999999999998863,-0.09999999999999432,238.5,0.08944271910249289,5.0,1,Stopped,0,0,0,0,0,VALID,VALID
21C-04064,2026-08-11 08:22:00,240.1,26.0,0.21666666666666667,"Quốc Lộ 70, Xã Tây Cốc, Tỉnh Phú Thọ",0.0,2.0,1,0,1.799999999999983,0.8999999999999915,238.5,0.7429670248405686,5.0,1,Moving,0,0,0,0,0,VALID,VALID
21C-04064,2026-08-11 08:24:00,240.1,18.0,-0.06666666666666667,"Quốc Lộ 70, Xã Tây Cốc, Tỉnh Phú Thọ",0.0,2.0,1,0,0.0,0.0,238.5,0.9165151389914116,5.0,1,Moving,0,0,0,0,0,VALID,VALID
21C-04064,2026-08-11 08:26:00,240.1,31.0,0.10833333333333334,"Quốc Lộ 70, Xã Đoan Hùng, Tỉnh Phú Thọ",0.0,2.0,1,0,0.0,0.0,240.1,0.93380940239454,5.0,1,Moving,0,0,0,0,0,VALID,VALID
21C-04064,2026-08-11 08:28:00,239.2,33.0,0.016666666666666666,"Quốc Lộ 70, Xã Đoan Hùng, Tỉnh Phú Thọ",0.0,2.0,1,0,-0.9000000000000057,-0.45000000000000284,240.1,0.8049844719002064,5.0,1,Moving,0,0,0,0,0,VALID,VALID
21C-04064,2026-08-11 08:30:00,238.0,30.0,-0.025,"Quốc Lộ 70, Xã Đoan Hùng, Tỉnh Phú Thọ",0.0,2.0,1,0,-1.1999999999999886,-0.5999999999999943,240.1,0.9246621004455938,5.0,1,Moving,0,0,0,0,0,VALID,VALID
21C-04064,2026-08-11 08:32:00,237.7,27.0,-0.025,"Quốc Lộ 70, Xã Đoan Hùng, Tỉnh Phú Thọ",0.0,2.0,1,0,-0.30000000000001137,-0.15000000000000568,239.2,1.1344602240715356,5.0,1,Moving,0,0,0,0,0,VALID,VALID
21C-04064,2026-08-11 08:34:00,237.7,22.0,-0.041666666666666664,"Quốc Lộ 70, Xã Đoan Hùng, Tỉnh Phú Thọ",0.0,2.0,1,0,0.0,0.0,238.0,1.0691117808725232,5.0,1,Moving,0,0,0,0,0,VALID,VALID
21C-04064,2026-08-11 08:36:00,234.8,19.0,-0.025,"Quốc Lộ 70, Xã Đoan Hùng, Tỉnh Phú Thọ",0.0,2.0,1,0,-2.8999999999999773,-1.4499999999999886,237.7,1.6208022704822145,5.0,1,Moving,0,0,0,0,0,VALID,VALID
21C-04064,2026-08-11 08:38:00,234.8,15.0,-0.03333333333333333,"Tỉnh Lộ 331, Xã Đoan Hùng, Tỉnh Phú Thọ",0.0,2.0,1,0,0.0,0.0,237.7,1.6477257053284753,5.0,1,Moving,0,0,0,0,0,VALID,VALID
21C-04064,2026-08-11 08:40:00,235.0,30.0,0.125,"Tỉnh Lộ 331, Xã Đoan Hùng, Tỉnh Phú Thọ",0.0,2.0,1,0,0.19999999999998863,0.09999999999999432,235.0,1.5540270267920548,5.0,1,Moving,0,0,0,0,0,VALID,VALID
21C-04064,2026-08-11 08:42:00,235.0,34.0,0.03333333333333333,"Tỉnh Lộ 331, Xã Đoan Hùng, Tỉnh Phú Thọ",0.0,2.0,1,0,0.0,0.0,235.0,1.2561846997954127,5.0,1,Moving,0,0,0,0,0,VALID,VALID
21C-04064,2026-08-11 08:44:00,233.8,28.0,-0.05,"Tỉnh Lộ 331, Xã Đoan Hùng, Tỉnh Phú Thọ",0.0,2.0,1,0,-1.1999999999999886,-0.5999999999999943,234.8,0.5019960159204571,5.0,1,Moving,0,0,0,0,0,VALID,VALID
21C-04064,2026-08-11 08:46:00,234.5,29.0,0.008333333333333333,"Tỉnh Lộ 331, Xã Chân Mộng, Tỉnh Phú Thọ",0.0,2.0,1,0,0.6999999999999886,0.3499999999999943,234.8,0.5019960159204477,5.0,1,Moving,0,0,0,0,0,VALID,VALID
21C-04064,2026-08-11 08:48:00,234.4,27.0,-0.016666666666666666,"Tỉnh Lộ 331, Xã Chân Mộng, Tỉnh Phú Thọ",0.0,2.0,1,0,-0.09999999999999432,-0.04999999999999716,234.5,0.4979959839195388,5.0,1,Moving,0,0,0,0,0,VALID,VALID
21C-04064,2026-08-11 08:50:00,233.3,6.0,-0.175,"Tỉnh Lộ 331, Xã Chân Mộng, Tỉnh Phú Thọ",0.0,2.0,1,0,-1.0999999999999943,-0.5499999999999972,234.4,0.6595452979135931,5.0,1,Moving,0,0,0,0,0,VALID,VALID
21C-04064,2026-08-11 08:52:00,231.3,3.0,-0.025,"Xã Chân Mộng, Tỉnh Phú Thọ",0.0,2.0,1,0,-2.0,-1.0,233.8,1.30115333454585,5.0,1,Moving,0,0,0,0,0,VALID,VALID
21C-04064,2026-08-11 08:54:00,233.6,0.0,-0.025,"Tỉnh Lộ 331, Xã Chân Mộng, Tỉnh Phú Thọ",0.0,2.0,1,0,2.299999999999983,1.1499999999999915,233.6,1.291123541726265,5.0,1,Stopped,0,0,0,0,0,VALID,VALID
21C-04064,2026-08-11 08:56:00,233.3,0.0,0.0,"Xã Chân Mộng, Tỉnh Phú Thọ",0.0,2.0,1,0,-0.29999999999998295,-0.14999999999999147,233.3,1.1432410069620986,5.0,1,Stopped,0,0,0,0,0,VALID,VALID
21C-04064,2026-08-11 08:58:00,234.7,0.0,0.0,"Xã Chân Mộng, Tỉnh Phú Thọ",0.0,2.0,1,0,1.3999999999999773,0.6999999999999886,233.3,1.2280065146405843,5.0,1,Stopped,0,0,0,0,0,VALID,VALID
21C-04064,2026-08-11 09:00:00,234.8,0.0,0.0,"Xã Chân Mộng, Tỉnh Phú Thọ",0.0,2.0,1,0,0.10000000000002274,0.05000000000001137,233.6,1.4152738250952759,5.0,1,Stopped,0,0,0,0,0,VALID,VALID
21C-04064,2026-08-11 09:02:00,235.0,0.0,0.0,"Xã Chân Mộng, Tỉnh Phú Thọ",0.0,2.0,1,0,0.19999999999998863,0.09999999999999432,234.7,0.7726577508833052,5.0,1,Stopped,0,0,0,0,0,VALID,VALID
21C-04064,2026-08-11 09:04:00,235.1,0.0,0.0,"Xã Chân Mộng, Tỉnh Phú Thọ",0.0,2.0,1,0,0.09999999999999432,0.04999999999999716,234.8,0.7328028384225335,5.0,1,Stopped,0,0,0,0,0,VALID,VALID
21C-04064,2026-08-11 09:06:00,235.0,0.0,0.0,"Xã Chân Mộng, Tỉnh Phú Thọ",0.0,2.0,1,0,-0.09999999999999432,-0.04999999999999716,235.0,0.16431676725221697,5.0,1,Stopped,0,0,0,0,0,VALID,VALID
21C-04064,2026-08-11 09:08:00,232.7,0.0,0.0,"Xã Chân Mộng, Tỉnh Phú Thọ",0.0,2.0,1,0,-2.3000000000000114,-1.1500000000000057,235.0,1.023230179382982,5.0,1,Stopped,0,0,0,0,0,VALID,VALID
21C-04064,2026-08-11 09:11:00,232.4,0.0,0.0,"Xã Chân Mộng, Tỉnh Phú Thọ",0.0,3.0,1,0,-0.29999999999998295,-0.09999999999999432,235.0,1.3649175799292812,5.0,1,Stopped,0,0,0,0,0,VALID,VALID
21C-04064,2026-08-11 09:13:00,232.2,0.0,0.0,"Xã Chân Mộng, Tỉnh Phú Thọ",0.0,2.0,1,0,-0.20000000000001705,-0.10000000000000853,232.7,1.444645285182453,5.0,1,Stopped,0,0,0,0,0,VALID,VALID
21C-04064,2026-08-11 09:15:00,232.2,0.0,0.0,"Xã Chân Mộng, Tỉnh Phú Thọ",0.0,2.0,1,0,0.0,0.0,232.4,1.191637528781196,5.0,1,Stopped,0,0,0,0,0,VALID,VALID
21C-04064,2026-08-11 09:18:00,232.2,0.0,0.0,"Xã Chân Mộng, Tỉnh Phú Thọ",0.0,3.0,1,0,0.0,0.0,232.2,0.2190890230011565,5.0,1,Stopped,0,0,0,0,0,VALID,VALID
21C-04064,2026-08-11 09:20:00,232.1,0.0,0.0,"Xã Chân Mộng, Tỉnh Phú Thọ",0.0,2.0,1,0,-0.09999999999999432,-0.04999999999999716,232.2,0.10954451149907153,5.0,1,Stopped,0,0,0,0,0,VALID,VALID
21C-04064,2026-08-11 09:22:00,232.1,0.0,0.0,"Xã Chân Mộng, Tỉnh Phú Thọ",0.0,2.0,1,0,0.0,0.0,232.2,0.054772255746423526,5.0,1,Stopped,0,0,0,0,0,VALID,VALID
21C-04064,2026-08-11 09:24:00,232.1,0.0,0.0,"Xã Chân Mộng, Tỉnh Phú Thọ",0.0,2.0,1,0,0.0,0.0,232.1,0.05477225574637747,5.0,1,Stopped,0,0,0,0,0,VALID,VALID
21C-04064,2026-08-11 09:26:00,232.1,0.0,0.0,"Xã Chân Mộng, Tỉnh Phú Thọ",0.0,2.0,1,0,0.0,0.0,232.1,0.044721359544879616,5.0,1,Stopped,0,0,0,0,0,VALID,VALID
21C-04064,2026-08-11 09:28:00,232.1,0.0,0.0,"Xã Chân Mộng, Tỉnh Phú Thọ",0.0,2.0,1,0,0.0,0.0,232.1,0.0,5.0,1,Stopped,0,0,0,0,0,VALID,VALID
21C-04064,2026-08-11 09:30:00,232.1,0.0,0.0,"Xã Chân Mộng, Tỉnh Phú Thọ",0.0,2.0,1,0,0.0,0.0,232.1,0.0,5.0,1,Stopped,0,0,0,0,0,VALID,VALID
21C-04064,2026-08-11 09:32:00,232.1,0.0,0.0,"Xã Chân Mộng, Tỉnh Phú Thọ",0.0,2.0,1,0,0.0,0.0,232.1,0.0,5.0,1,Stopped,0,0,0,0,0,VALID,VALID
21C-04064,2026-08-11 09:34:00,233.6,0.0,0.0,"Xã Chân Mộng, Tỉnh Phú Thọ",0.0,2.0,1,0,1.5,0.75,232.1,0.670820393249633,5.0,1,Stopped,0,0,0,0,0,VALID,VALID
21C-04064,2026-08-11 09:36:00,234.5,0.0,0.0,"Xã Chân Mộng, Tỉnh Phú Thọ",0.0,2.0,1,0,0.9000000000000057,0.45000000000000284,232.1,1.1144505372602562,5.0,1,Stopped,0,0,0,0,0,VALID,VALID
21C-04064,2026-08-11 09:38:00,234.5,0.0,0.0,"Xã Chân Mộng, Tỉnh Phú Thọ",0.0,2.0,1,0,0.0,0.0,233.6,1.2074767078497763,5.0,1,Stopped,0,0,0,0,0,VALID,VALID
21C-04064,2026-08-11 09:40:00,234.2,0.0,0.0,"Xã Chân Mộng, Tỉnh Phú Thọ",0.0,2.0,1,0,-0.30000000000001137,-0.15000000000000568,234.2,1.0084641788381812,5.0,1,Stopped,0,0,0,0,0,VALID,VALID
21C-04064,2026-08-11 09:42:00,233.1,0.0,0.0,"Xã Chân Mộng, Tỉnh Phú Thọ",0.0,2.0,1,0,-1.0999999999999943,-0.5499999999999972,234.2,0.6140032573201679,5.0,1,Stopped,0,0,0,0,0,VALID,VALID
21C-04064,2026-08-11 09:44:00,233.1,0.0,0.0,"Xã Chân Mộng, Tỉnh Phú Thọ",0.0,2.0,1,0,0.0,0.0,234.2,0.7224956747273786,5.0,1,Stopped,0,0,0,0,0,VALID,VALID
21C-04064,2026-08-11 09:46:00,233.5,0.0,0.0,"Xã Chân Mộng, Tỉnh Phú Thọ",0.0,2.0,1,0,0.4000000000000057,0.20000000000000284,233.5,0.6418722614350582,5.0,1,Stopped,0,0,0,0,0,VALID,VALID
21C-04064,2026-08-11 09:48:00,233.5,0.0,0.0,"Xã Chân Mộng, Tỉnh Phú Thọ",0.0,2.0,1,0,0.0,0.0,233.5,0.44944410108459937,5.0,1,Stopped,0,0,0,0,0,VALID,VALID
21C-04064,2026-08-11 09:50:00,233.3,0.0,0.0,"Xã Chân Mộng, Tỉnh Phú Thọ",0.0,2.0,1,0,-0.19999999999998863,-0.09999999999999432,233.3,0.1999999999993282,5.0,1,Stopped,0,0,0,0,0,VALID,VALID
21C-04064,2026-08-11 09:52:00,233.1,0.0,0.0,"Xã Chân Mộng, Tỉnh Phú Thọ",0.0,2.0,1,0,-0.20000000000001705,-0.10000000000000853,233.3,0.1999999999993282,5.0,1,Stopped,0,0,0,0,0,VALID,VALID
21C-04064,2026-08-11 09:54:00,233.0,0.0,0.0,"Xã Chân Mộng, Tỉnh Phú Thọ",0.0,2.0,1,0,-0.09999999999999432,-0.04999999999999716,233.3,0.22803508501922978,5.0,1,Stopped,0,0,0,0,0,VALID,VALID
21C-04064,2026-08-11 09:56:00,232.8,0.0,0.0,"Xã Chân Mộng, Tỉnh Phú Thọ",0.0,2.0,1,0,-0.19999999999998863,-0.09999999999999432,233.1,0.2701851217215858,5.0,1,Stopped,0,0,0,0,0,VALID,VALID
21C-04064,2026-08-11 09:58:00,232.8,0.0,0.0,"Xã Chân Mộng, Tỉnh Phú Thọ",0.0,2.0,1,0,0.0,0.0,233.0,0.21213203435524297,5.0,1,Stopped,0,0,0,0,0,VALID,VALID
21C-04064,2026-08-11 10:00:00,231.6,0.0,0.0,"Tỉnh Lộ 331, Xã Chân Mộng, Tỉnh Phú Thọ",0.0,2.0,1,0,-1.200000000000017,-0.6000000000000085,232.8,0.6066300355238494,5.0,1,Stopped,0,0,0,0,0,VALID,VALID
21C-04064,2026-08-11 10:02:00,231.6,0.0,0.0,"Tỉnh Lộ 331, Xã Chân Mộng, Tỉnh Phú Thọ",0.0,2.0,1,0,0.0,0.0,232.8,0.6985699678626632,5.0,1,Stopped,0,0,0,0,0,VALID,VALID
21C-04064,2026-08-11 10:04:00,231.5,0.0,0.0,"Tỉnh Lộ 331, Xã Chân Mộng, Tỉnh Phú Thọ",0.0,2.0,1,0,-0.09999999999999432,-0.04999999999999716,231.6,0.6767569726272524,5.0,1,Stopped,0,0,0,0,0,VALID,VALID
21C-04064,2026-08-11 10:06:00,231.8,0.0,0.0,"Tỉnh Lộ 331, Xã Chân Mộng, Tỉnh Phú Thọ",0.0,2.0,1,0,0.30000000000001137,0.15000000000000568,231.6,0.5366563145995524,5.0,1,Stopped,0,0,0,0,0,VALID,VALID
21C-04064,2026-08-11 10:08:00,231.9,0.0,0.0,"Tỉnh Lộ 331, Xã Chân Mộng, Tỉnh Phú Thọ",0.0,2.0,1,0,0.09999999999999432,0.04999999999999716,231.6,0.16431676725017763,5.0,1,Stopped,0,0,0,0,0,VALID,VALID
21C-04064,2026-08-11 10:10:00,232.1,0.0,0.0,"Tỉnh Lộ 331, Xã Chân Mộng, Tỉnh Phú Thọ",0.0,2.0,1,0,0.19999999999998863,0.09999999999999432,231.8,0.2387467277253479,5.0,1,Stopped,0,0,0,0,0,VALID,VALID
21C-04064,2026-08-11 10:12:00,231.3,37.0,0.30833333333333335,"Tỉnh Lộ 331, Xã Chân Mộng, Tỉnh Phú Thọ",0.0,2.0,1,0,-0.799999999999983,-0.3999999999999915,231.8,0.3193743884527211,5.0,1,Moving,0,0,0,0,0,VALID,VALID
21C-04064,2026-08-11 10:14:00,229.1,33.0,-0.03333333333333333,"Tỉnh Lộ 331, Xã Chân Mộng, Tỉnh Phú Thọ",0.0,2.0,1,0,-2.200000000000017,-1.1000000000000085,231.8,1.2320714265007007,5.0,1,Moving,0,0,0,0,0,VALID,VALID
21C-04064,2026-08-11 10:16:00,228.7,36.0,0.025,"Tỉnh Lộ 331, Xã Đoan Hùng, Tỉnh Phú Thọ",0.0,2.0,1,0,-0.4000000000000057,-0.20000000000000284,231.3,1.6037456157381575,5.0,1,Moving,0,0,0,0,0,VALID,VALID
21C-04064,2026-08-11 10:18:00,228.4,29.0,-0.058333333333333334,"Tỉnh Lộ 331, Xã Đoan Hùng, Tỉnh Phú Thọ",0.0,2.0,1,0,-0.29999999999998295,-0.14999999999999147,229.1,1.667932852365231,5.0,1,Moving,0,0,0,0,0,VALID,VALID
21C-04064,2026-08-11 10:20:00,227.4,10.0,-0.15833333333333333,"Tỉnh Lộ 331, Xã Đoan Hùng, Tỉnh Phú Thọ",0.0,2.0,1,0,-1.0,-0.5,228.7,1.4411800720239845,5.0,1,Moving,0,0,0,0,0,VALID,VALID
21C-04064,2026-08-11 10:22:00,226.5,23.0,0.10833333333333334,"Quốc Lộ 2, Xã Đoan Hùng, Tỉnh Phú Thọ",0.0,2.0,1,0,-0.9000000000000057,-0.45000000000000284,228.4,1.056882207248699,5.0,1,Moving,0,0,0,0,0,VALID,VALID
21C-04064,2026-08-11 10:24:00,227.5,39.0,0.13333333333333333,"Quốc Lộ 70, Xã Đoan Hùng, Tỉnh Phú Thọ",0.0,2.0,1,0,1.0,0.5,227.5,0.8746427842261253,5.0,1,Moving,0,0,0,0,0,VALID,VALID
21C-04064,2026-08-11 10:26:00,225.4,8.0,-0.25833333333333336,"Quốc Lộ 70, Xã Đoan Hùng, Tỉnh Phú Thọ",0.0,2.0,1,0,-2.0999999999999943,-1.0499999999999972,227.4,1.137101578575428,5.0,1,Moving,0,0,0,0,0,VALID,VALID
21C-04064,2026-08-11 10:28:00,226.3,36.0,0.23333333333333334,"Quốc Lộ 70, Xã Đoan Hùng, Tỉnh Phú Thọ",0.0,2.0,1,0,0.9000000000000057,0.45000000000000284,226.5,0.864291617452502,5.0,1,Moving,0,0,0,0,0,VALID,VALID
21C-04064,2026-08-11 10:30:00,226.3,36.0,0.0,"Quốc Lộ 70, Xã Đoan Hùng, Tỉnh Phú Thọ",0.0,2.0,1,0,0.0,0.0,226.3,0.7483314773538718,5.0,1,Moving,0,0,0,0,0,VALID,VALID
21C-04064,2026-08-11 10:32:00,225.1,38.0,0.016666666666666666,"Quốc Lộ 70, Xã Tây Cốc, Tỉnh Phú Thọ",0.0,2.0,1,0,-1.200000000000017,-0.6000000000000085,226.3,0.939148550549165,5.0,1,Moving,0,0,0,0,0,VALID,VALID
21C-04064,2026-08-11 10:34:00,224.2,33.0,-0.041666666666666664,"Quốc Lộ 70, Xã Tây Cốc, Tỉnh Phú Thọ",0.0,2.0,1,0,-0.9000000000000057,-0.45000000000000284,225.4,0.88487287222431,5.0,1,Moving,0,0,0,0,0,VALID,VALID
21C-04064,2026-08-11 10:36:00,224.3,41.0,0.06666666666666667,"Quốc Lộ 70, Xã Tây Cốc, Tỉnh Phú Thọ",0.0,2.0,1,0,0.10000000000002274,0.05000000000001137,225.1,1.0285912696491513,5.0,1,Moving,0,0,0,0,0,VALID,VALID
21C-04064,2026-08-11 10:38:00,224.3,37.0,-0.03333333333333333,"Quốc Lộ 70, Xã Tây Cốc, Tỉnh Phú Thọ",0.0,2.0,1,0,0.0,0.0,224.3,0.893308457364178,5.0,1,Moving,0,0,0,0,0,VALID,VALID
21C-04064,2026-08-11 10:40:00,223.1,37.0,0.0,"Quốc Lộ 70, Xã Tây Cốc, Tỉnh Phú Thọ",0.0,2.0,1,0,-1.200000000000017,-0.6000000000000085,224.3,0.7141428428530546,5.0,1,Moving,0,0,0,0,0,VALID,VALID
21C-04064,2026-08-11 10:42:00,223.0,33.0,-0.03333333333333333,"Quốc Lộ 70, Xã Tây Cốc, Tỉnh Phú Thọ",0.0,2.0,1,0,-0.09999999999999432,-0.04999999999999716,224.2,0.6685805860165008,5.0,1,Moving,0,0,0,0,0,VALID,VALID
21C-04064,2026-08-11 10:44:00,223.1,42.0,0.075,"Quốc Lộ 70, Xã Tây Cốc, Tỉnh Phú Thọ",0.0,2.0,1,0,0.09999999999999432,0.04999999999999716,223.1,0.676756972626161,5.0,1,Moving,0,0,0,0,0,VALID,VALID
21C-04064,2026-08-11 10:46:00,222.1,41.0,-0.008333333333333333,"Quốc Lộ 70, Xã Tây Cốc, Tỉnh Phú Thọ",0.0,2.0,1,0,-1.0,-0.5,223.1,0.7823042886230587,5.0,1,Moving,0,0,0,0,0,VALID,VALID
21C-04064,2026-08-11 10:48:00,221.9,40.0,-0.008333333333333333,"Quốc Lộ 70, Xã Bằng Luân, Tỉnh Phú Thọ",0.0,2.0,1,0,-0.19999999999998863,-0.09999999999999432,223.0,0.5899152481483484,5.0,1,Moving,0,0,0,0,0,VALID,VALID
21C-04064,2026-08-11 10:50:00,221.8,34.0,-0.05,"Quốc Lộ 70, Xã Bằng Luân, Tỉnh Phú Thọ",0.0,2.0,1,0,-0.09999999999999432,-0.04999999999999716,222.1,0.6220932405981304,5.0,1,Moving,0,0,0,0,0,VALID,VALID
21C-04064,2026-08-11 10:52:00,221.6,40.0,0.05,"Quốc Lộ 70, Xã Bằng Luân, Tỉnh Phú Thọ",0.0,2.0,1,0,-0.20000000000001705,-0.10000000000000853,221.9,0.5873670062216959,5.0,1,Moving,0,0,0,0,0,VALID,VALID
21C-04064,2026-08-11 10:54:00,220.9,32.0,-0.06666666666666667,"Quốc Lộ 70, Xã Bằng Luân, Tỉnh Phú Thọ",0.0,2.0,1,0,-0.6999999999999886,-0.3499999999999943,221.8,0.4615192303661514,5.0,1,Moving,0,0,0,0,0,VALID,VALID
21C-04064,2026-08-11 10:56:00,172.3,0.0,-0.26666666666666666,"Quốc Lộ 70, Xã Bằng Luân, Tỉnh Phú Thọ",0.0,2.0,1,0,-48.599999999999994,-24.299999999999997,221.6,22.028731238997764,5.0,1,Stopped,0,0,1,0,1,LARGE_DELTA,VALID
21C-04064,2026-08-11 10:58:00,216.9,0.0,0.0,"Quốc Lộ 70, Xã Bằng Luân, Tỉnh Phú Thọ",0.0,2.0,1,0,44.599999999999994,22.299999999999997,220.9,21.558409032208193,5.0,1,Stopped,0,0,1,0,1,LARGE_DELTA,VALID
21C-04064,2026-08-11 11:00:00,217.5,31.0,0.25833333333333336,"Quốc Lộ 70, Xã Đan Thượng, Tỉnh Phú Thọ",0.0,2.0,1,0,0.5999999999999943,0.29999999999999716,217.5,21.085492643047154,5.0,1,Moving,0,0,0,0,0,VALID,VALID
21C-04064,2026-08-11 11:02:00,218.0,31.0,0.0,"Quốc Lộ 70, Xã Đan Thượng, Tỉnh Phú Thọ",0.0,2.0,1,0,0.5,0.25,217.5,20.64030038541095,5.0,1,Moving,0,0,0,0,0,VALID,VALID
21C-04064,2026-08-11 11:04:00,217.8,33.0,0.016666666666666666,"Quốc Lộ 70, Xã Đan Thượng, Tỉnh Phú Thọ",0.0,2.0,1,0,-0.19999999999998863,-0.09999999999999432,217.5,20.24067686615236,5.0,1,Moving,0,0,0,0,0,VALID,VALID
21C-04064,2026-08-11 11:06:00,218.7,31.0,-0.016666666666666666,"Quốc Lộ 70, Xã Đan Thượng, Tỉnh Phú Thọ",0.0,2.0,1,0,0.8999999999999773,0.44999999999998863,217.8,0.6610597552396436,5.0,1,Moving,0,0,0,0,0,VALID,VALID
21C-04064,2026-08-11 11:08:00,218.1,38.0,0.058333333333333334,"Quốc Lộ 70, Xã Yên Bình, Tỉnh Lào Cai",0.0,2.0,1,0,-0.5999999999999943,-0.29999999999999716,218.0,0.44384682042068646,5.0,1,Moving,0,0,0,0,0,VALID,VALID
21C-04064,2026-08-11 11:10:00,215.6,27.0,-0.09166666666666666,"Quốc Lộ 70, Xã Yên Bình, Tỉnh Lào Cai",0.0,2.0,1,0,-2.5,-1.25,218.0,1.1886967653684692,5.0,1,Moving,0,0,0,0,0,VALID,VALID
21C-04064,2026-08-11 11:12:00,215.6,0.0,-0.225,"Quốc Lộ 70, Xã Yên Bình, Tỉnh Lào Cai",0.0,2.0,1,0,0.0,0.0,217.8,1.460479373355658,5.0,1,Stopped,0,0,0,0,0,VALID,VALID
21C-04064,2026-08-11 11:14:00,216.6,8.0,0.06666666666666667,"Quốc Lộ 70, Xã Yên Bình, Tỉnh Lào Cai",0.0,2.0,1,0,1.0,0.5,216.6,1.427235089253786,5.0,1,Moving,0,0,0,0,0,VALID,VALID
21C-04064,2026-08-11 11:16:00,214.3,3.0,-0.041666666666666664,"Xã Yên Bình, Tỉnh Lào Cai",0.0,2.0,1,0,-2.299999999999983,-1.1499999999999915,215.6,1.4117365193254001,5.0,1,Moving,0,0,0,0,0,VALID,VALID
21C-04064,2026-08-11 11:19:00,214.2,0.0,-0.016666666666666666,"Xã Yên Bình, Tỉnh Lào Cai",0.0,3.0,1,0,-0.10000000000002274,-0.03333333333334091,215.6,1.0089598604487613,5.0,1,Stopped,0,0,0,0,0,VALID,VALID
21C-04064,2026-08-11 11:21:00,213.9,0.0,0.0,"Xã Yên Bình, Tỉnh Lào Cai",0.0,2.0,1,0,-0.29999999999998295,-0.14999999999999147,214.3,1.1432410069607695,5.0,1,Stopped,0,0,0,0,0,VALID,VALID
21C-04064,2026-08-11 11:23:00,213.7,0.0,0.0,"Xã Yên Bình, Tỉnh Lào Cai",0.0,2.0,1,0,-0.20000000000001705,-0.10000000000000853,214.2,1.1760102040358966,5.0,1,Stopped,0,0,0,0,0,VALID,VALID
21C-04064,2026-08-11 11:25:00,213.6,0.0,0.0,"Xã Yên Bình, Tỉnh Lào Cai",0.0,2.0,1,0,-0.09999999999999432,-0.04999999999999716,213.9,0.30495901363352207,5.0,1,Stopped,0,0,0,0,0,VALID,VALID
21C-04064,2026-08-11 11:28:00,213.4,0.0,0.0,"Xã Yên Bình, Tỉnh Lào Cai",0.0,3.0,1,0,-0.19999999999998863,-0.06666666666666288,213.7,0.3049590136334099,5.0,1,Stopped,0,0,0,0,0,VALID,VALID
21C-04064,2026-08-11 11:30:00,213.3,0.0,0.0,"Xã Yên Bình, Tỉnh Lào Cai",0.0,2.0,1,0,-0.09999999999999432,-0.04999999999999716,213.6,0.23874672771829542,5.0,1,Stopped,0,0,0,0,0,VALID,VALID
21C-04064,2026-08-11 11:32:00,213.3,0.0,0.0,"Xã Yên Bình, Tỉnh Lào Cai",0.0,2.0,1,0,0.0,0.0,213.4,0.1816590212352363,5.0,1,Stopped,0,0,0,0,0,VALID,VALID
21C-04064,2026-08-11 11:34:00,213.3,0.0,0.0,"Xã Yên Bình, Tỉnh Lào Cai",0.0,2.0,1,0,0.0,0.0,213.3,0.13038404808914983,5.0,1,Stopped,0,0,0,0,0,VALID,VALID
21C-04064,2026-08-11 11:36:00,213.1,0.0,0.0,"Xã Yên Bình, Tỉnh Lào Cai",0.0,2.0,1,0,-0.20000000000001705,-0.10000000000000853,213.3,0.10954451148313554,5.0,1,Stopped,0,0,0,0,0,VALID,VALID
21C-04064,2026-08-11 11:38:00,213.1,0.0,0.0,"Xã Yên Bình, Tỉnh Lào Cai",0.0,2.0,1,0,0.0,0.0,213.3,0.10954451148304019,5.0,1,Stopped,0,0,0,0,0,VALID,VALID
21C-04064,2026-08-11 11:41:00,213.1,0.0,0.0,"Xã Yên Bình, Tỉnh Lào Cai",0.0,3.0,1,0,0.0,0.0,213.1,0.10954451148297403,5.0,1,Stopped,0,0,0,0,0,VALID,VALID
21C-04064,2026-08-11 11:43:00,213.1,0.0,0.0,"Xã Yên Bình, Tỉnh Lào Cai",0.0,2.0,1,0,0.0,0.0,213.1,0.08944271907779598,5.0,1,Stopped,0,0,0,0,0,VALID,VALID
21C-04064,2026-08-11 11:45:00,213.1,0.0,0.0,"Xã Yên Bình, Tỉnh Lào Cai",0.0,2.0,1,0,0.0,0.0,213.1,0.0,5.0,1,Stopped,0,0,0,0,0,VALID,VALID
21C-04064,2026-08-11 11:47:00,213.1,0.0,0.0,"Xã Yên Bình, Tỉnh Lào Cai",0.0,2.0,1,0,0.0,0.0,213.1,0.0,5.0,1,Stopped,0,0,0,0,0,VALID,VALID
21C-04064,2026-08-11 11:49:00,213.1,0.0,0.0,"Xã Yên Bình, Tỉnh Lào Cai",0.0,2.0,1,0,0.0,0.0,213.1,0.0,5.0,1,Stopped,0,0,0,0,0,VALID,VALID
21C-04064,2026-08-11 11:52:00,213.1,0.0,0.0,"Xã Yên Bình, Tỉnh Lào Cai",0.0,3.0,1,0,0.0,0.0,213.1,0.0,5.0,1,Stopped,0,0,0,0,0,VALID,VALID
21C-04064,2026-08-11 11:54:00,213.1,0.0,0.0,"Xã Yên Bình, Tỉnh Lào Cai",0.0,2.0,1,0,0.0,0.0,213.1,0.0,5.0,1,Stopped,0,0,0,0,0,VALID,VALID
21C-04064,2026-08-11 11:56:00,213.1,0.0,0.0,"Xã Yên Bình, Tỉnh Lào Cai",0.0,2.0,1,0,0.0,0.0,213.1,0.0,5.0,1,Stopped,0,0,0,0,0,VALID,VALID
21C-04064,2026-08-11 11:58:00,213.1,0.0,0.0,"Xã Yên Bình, Tỉnh Lào Cai",0.0,2.0,1,0,0.0,0.0,213.1,0.0,5.0,1,Stopped,0,0,0,0,0,VALID,VALID
21C-04064,2026-08-11 12:00:00,213.1,0.0,0.0,"Xã Yên Bình, Tỉnh Lào Cai",0.0,2.0,1,0,0.0,0.0,213.1,0.0,5.0,1,Stopped,0,0,0,0,0,VALID,VALID
21C-04064,2026-08-11 12:02:00,213.1,0.0,0.0,"Xã Yên Bình, Tỉnh Lào Cai",0.0,2.0,1,0,0.0,0.0,213.1,0.0,5.0,1,Stopped,0,0,0,0,0,VALID,VALID
21C-04064,2026-08-11 12:05:00,213.1,0.0,0.0,"Xã Yên Bình, Tỉnh Lào Cai",0.0,3.0,1,0,0.0,0.0,213.1,0.0,5.0,1,Stopped,0,0,0,0,0,VALID,VALID
21C-04064,2026-08-11 12:07:00,213.1,0.0,0.0,"Xã Yên Bình, Tỉnh Lào Cai",0.0,2.0,1,0,0.0,0.0,213.1,0.0,5.0,1,Stopped,0,0,0,0,0,VALID,VALID
21C-04064,2026-08-11 12:09:00,213.1,0.0,0.0,"Xã Yên Bình, Tỉnh Lào Cai",0.0,2.0,1,0,0.0,0.0,213.1,0.0,5.0,1,Stopped,0,0,0,0,0,VALID,VALID
21C-04064,2026-08-11 12:11:00,213.1,0.0,0.0,"Xã Yên Bình, Tỉnh Lào Cai",0.0,2.0,1,0,0.0,0.0,213.1,0.0,5.0,1,Stopped,0,0,0,0,0,VALID,VALID
21C-04064,2026-08-11 12:13:00,213.1,0.0,0.0,"Xã Yên Bình, Tỉnh Lào Cai",0.0,2.0,1,0,0.0,0.0,213.1,0.0,5.0,1,Stopped,0,0,0,0,0,VALID,VALID
21C-04064,2026-08-11 12:16:00,213.1,0.0,0.0,"Xã Yên Bình, Tỉnh Lào Cai",0.0,3.0,1,0,0.0,0.0,213.1,0.0,5.0,1,Stopped,0,0,0,0,0,VALID,VALID
21C-04064,2026-08-11 12:18:00,213.1,0.0,0.0,"Xã Yên Bình, Tỉnh Lào Cai",0.0,2.0,1,0,0.0,0.0,213.1,0.0,5.0,1,Stopped,0,0,0,0,0,VALID,VALID
21C-04064,2026-08-11 12:20:00,213.1,0.0,0.0,"Xã Yên Bình, Tỉnh Lào Cai",0.0,2.0,1,0,0.0,0.0,213.1,0.0,5.0,1,Stopped,0,0,0,0,0,VALID,VALID
21C-04064,2026-08-11 12:22:00,213.1,0.0,0.0,"Xã Yên Bình, Tỉnh Lào Cai",0.0,2.0,1,0,0.0,0.0,213.1,0.0,5.0,1,Stopped,0,0,0,0,0,VALID,VALID
21C-04064,2026-08-11 12:24:00,213.1,0.0,0.0,"Xã Yên Bình, Tỉnh Lào Cai",0.0,2.0,1,0,0.0,0.0,213.1,0.0,5.0,1,Stopped,0,0,0,0,0,VALID,VALID
21C-04064,2026-08-11 12:26:00,213.1,0.0,0.0,"Xã Yên Bình, Tỉnh Lào Cai",0.0,2.0,1,0,0.0,0.0,213.1,0.0,5.0,1,Stopped,0,0,0,0,0,VALID,VALID
21C-04064,2026-08-11 12:29:00,213.1,0.0,0.0,"Xã Yên Bình, Tỉnh Lào Cai",0.0,3.0,1,0,0.0,0.0,213.1,0.0,5.0,1,Stopped,0,0,0,0,0,VALID,VALID
21C-04064,2026-08-11 12:31:00,213.1,0.0,0.0,"Xã Yên Bình, Tỉnh Lào Cai",0.0,2.0,1,0,0.0,0.0,213.1,0.0,5.0,1,Stopped,0,0,0,0,0,VALID,VALID
21C-04064,2026-08-11 12:33:00,213.1,0.0,0.0,"Xã Yên Bình, Tỉnh Lào Cai",0.0,2.0,1,0,0.0,0.0,213.1,0.0,5.0,1,Stopped,0,0,0,0,0,VALID,VALID
21C-04064,2026-08-11 12:35:00,213.1,0.0,0.0,"Xã Yên Bình, Tỉnh Lào Cai",0.0,2.0,1,0,0.0,0.0,213.1,0.0,5.0,1,Stopped,0,0,0,0,0,VALID,VALID
21C-04064,2026-08-11 12:37:00,213.1,0.0,0.0,"Xã Yên Bình, Tỉnh Lào Cai",0.0,2.0,1,0,0.0,0.0,213.1,0.0,5.0,1,Stopped,0,0,0,0,0,VALID,VALID
21C-04064,2026-08-11 12:40:00,213.1,0.0,0.0,"Xã Yên Bình, Tỉnh Lào Cai",0.0,3.0,1,0,0.0,0.0,213.1,0.0,5.0,1,Stopped,0,0,0,0,0,VALID,VALID
21C-04064,2026-08-11 12:42:00,213.1,0.0,0.0,"Xã Yên Bình, Tỉnh Lào Cai",0.0,2.0,1,0,0.0,0.0,213.1,0.0,5.0,1,Stopped,0,0,0,0,0,VALID,VALID
21C-04064,2026-08-11 12:44:00,213.1,0.0,0.0,"Xã Yên Bình, Tỉnh Lào Cai",0.0,2.0,1,0,0.0,0.0,213.1,0.0,5.0,1,Stopped,0,0,0,0,0,VALID,VALID
21C-04064,2026-08-11 12:46:00,213.1,0.0,0.0,"Xã Yên Bình, Tỉnh Lào Cai",0.0,2.0,1,0,0.0,0.0,213.1,0.0,5.0,1,Stopped,0,0,0,0,0,VALID,VALID
21C-04064,2026-08-11 12:48:00,213.1,0.0,0.0,"Xã Yên Bình, Tỉnh Lào Cai",0.0,2.0,1,0,0.0,0.0,213.1,0.0,5.0,1,Stopped,0,0,0,0,0,VALID,VALID
21C-04064,2026-08-11 12:50:00,213.1,0.0,0.0,"Xã Yên Bình, Tỉnh Lào Cai",0.0,2.0,1,0,0.0,0.0,213.1,0.0,5.0,1,Stopped,0,0,0,0,0,VALID,VALID
21C-04064,2026-08-11 12:53:00,213.1,0.0,0.0,"Xã Yên Bình, Tỉnh Lào Cai",0.0,3.0,1,0,0.0,0.0,213.1,0.0,5.0,1,Stopped,0,0,0,0,0,VALID,VALID
21C-04064,2026-08-11 12:55:00,213.1,0.0,0.0,"Xã Yên Bình, Tỉnh Lào Cai",0.0,2.0,1,0,0.0,0.0,213.1,0.0,5.0,1,Stopped,0,0,0,0,0,VALID,VALID
21C-04064,2026-08-11 12:57:00,213.1,0.0,0.0,"Xã Yên Bình, Tỉnh Lào Cai",0.0,2.0,1,0,0.0,0.0,213.1,0.0,5.0,1,Stopped,0,0,0,0,0,VALID,VALID
21C-04064,2026-08-11 12:59:00,213.1,0.0,0.0,"Xã Yên Bình, Tỉnh Lào Cai",0.0,2.0,1,0,0.0,0.0,213.1,0.0,5.0,1,Stopped,0,0,0,0,0,VALID,VALID
21C-04064,2026-08-11 13:02:00,213.1,0.0,0.0,"Xã Yên Bình, Tỉnh Lào Cai",0.0,3.0,1,0,0.0,0.0,213.1,0.0,5.0,1,Stopped,0,0,0,0,0,VALID,VALID
21C-04064,2026-08-11 13:04:00,213.1,0.0,0.0,"Xã Yên Bình, Tỉnh Lào Cai",0.0,2.0,1,0,0.0,0.0,213.1,0.0,5.0,1,Stopped,0,0,0,0,0,VALID,VALID
21C-04064,2026-08-11 13:06:00,213.1,0.0,0.0,"Xã Yên Bình, Tỉnh Lào Cai",0.0,2.0,1,0,0.0,0.0,213.1,0.0,5.0,1,Stopped,0,0,0,0,0,VALID,VALID
21C-04064,2026-08-11 13:08:00,213.1,0.0,0.0,"Xã Yên Bình, Tỉnh Lào Cai",0.0,2.0,1,0,0.0,0.0,213.1,0.0,5.0,1,Stopped,0,0,0,0,0,VALID,VALID
21C-04064,2026-08-11 13:10:00,213.1,0.0,0.0,"Xã Yên Bình, Tỉnh Lào Cai",0.0,2.0,1,0,0.0,0.0,213.1,0.0,5.0,1,Stopped,0,0,0,0,0,VALID,VALID
21C-04064,2026-08-11 13:12:00,213.1,0.0,0.0,"Xã Yên Bình, Tỉnh Lào Cai",0.0,2.0,1,0,0.0,0.0,213.1,0.0,5.0,1,Stopped,0,0,0,0,0,VALID,VALID
21C-04064,2026-08-11 13:15:00,213.1,0.0,0.0,"Xã Yên Bình, Tỉnh Lào Cai",0.0,3.0,1,0,0.0,0.0,213.1,0.0,5.0,1,Stopped,0,0,0,0,0,VALID,VALID
21C-04064,2026-08-11 13:17:00,213.1,0.0,0.0,"Xã Yên Bình, Tỉnh Lào Cai",0.0,2.0,1,0,0.0,0.0,213.1,0.0,5.0,1,Stopped,0,0,0,0,0,VALID,VALID
21C-04064,2026-08-11 13:19:00,213.1,0.0,0.0,"Xã Yên Bình, Tỉnh Lào Cai",0.0,2.0,1,0,0.0,0.0,213.1,0.0,5.0,1,Stopped,0,0,0,0,0,VALID,VALID
21C-04064,2026-08-11 13:21:00,213.1,0.0,0.0,"Xã Yên Bình, Tỉnh Lào Cai",0.0,2.0,1,0,0.0,0.0,213.1,0.0,5.0,1,Stopped,0,0,0,0,0,VALID,VALID
21C-04064,2026-08-11 13:23:00,213.1,0.0,0.0,"Xã Yên Bình, Tỉnh Lào Cai",0.0,2.0,1,0,0.0,0.0,213.1,0.0,5.0,1,Stopped,0,0,0,0,0,VALID,VALID
21C-04064,2026-08-11 13:26:00,213.1,0.0,0.0,"Xã Yên Bình, Tỉnh Lào Cai",0.0,3.0,1,0,0.0,0.0,213.1,0.0,5.0,1,Stopped,0,0,0,0,0,VALID,VALID
21C-04064,2026-08-11 13:28:00,213.1,0.0,0.0,"Xã Yên Bình, Tỉnh Lào Cai",0.0,2.0,1,0,0.0,0.0,213.1,0.0,5.0,1,Stopped,0,0,0,0,0,VALID,VALID
21C-04064,2026-08-11 13:30:00,213.1,0.0,0.0,"Xã Yên Bình, Tỉnh Lào Cai",0.0,2.0,1,0,0.0,0.0,213.1,0.0,5.0,1,Stopped,0,0,0,0,0,VALID,VALID
21C-04064,2026-08-11 13:32:00,213.1,0.0,0.0,"Xã Yên Bình, Tỉnh Lào Cai",0.0,2.0,1,0,0.0,0.0,213.1,0.0,5.0,1,Stopped,0,0,0,0,0,VALID,VALID
21C-04064,2026-08-11 13:34:00,213.1,0.0,0.0,"Xã Yên Bình, Tỉnh Lào Cai",0.0,2.0,1,0,0.0,0.0,213.1,0.0,5.0,1,Stopped,0,0,0,0,0,VALID,VALID
21C-04064,2026-08-11 13:36:00,213.1,0.0,0.0,"Xã Yên Bình, Tỉnh Lào Cai",0.0,2.0,1,0,0.0,0.0,213.1,0.0,5.0,1,Stopped,0,0,0,0,0,VALID,VALID
21C-04064,2026-08-11 13:39:00,213.1,0.0,0.0,"Xã Yên Bình, Tỉnh Lào Cai",0.0,3.0,1,0,0.0,0.0,213.1,0.0,5.0,1,Stopped,0,0,0,0,0,VALID,VALID
21C-04064,2026-08-11 13:41:00,213.1,0.0,0.0,"Xã Yên Bình, Tỉnh Lào Cai",0.0,2.0,1,0,0.0,0.0,213.1,0.0,5.0,1,Stopped,0,0,0,0,0,VALID,VALID
21C-04064,2026-08-11 13:43:00,213.1,0.0,0.0,"Xã Yên Bình, Tỉnh Lào Cai",0.0,2.0,1,0,0.0,0.0,213.1,0.0,5.0,1,Stopped,0,0,0,0,0,VALID,VALID
21C-04064,2026-08-11 13:45:00,213.1,0.0,0.0,"Xã Yên Bình, Tỉnh Lào Cai",0.0,2.0,1,0,0.0,0.0,213.1,0.0,5.0,1,Stopped,0,0,0,0,0,VALID,VALID
21C-04064,2026-08-11 13:47:00,213.1,0.0,0.0,"Xã Yên Bình, Tỉnh Lào Cai",0.0,2.0,1,0,0.0,0.0,213.1,0.0,5.0,1,Stopped,0,0,0,0,0,VALID,VALID
21C-04064,2026-08-11 13:50:00,213.1,0.0,0.0,"Xã Yên Bình, Tỉnh Lào Cai",0.0,3.0,1,0,0.0,0.0,213.1,0.0,5.0,1,Stopped,0,0,0,0,0,VALID,VALID
21C-04064,2026-08-11 13:52:00,213.1,0.0,0.0,"Xã Yên Bình, Tỉnh Lào Cai",0.0,2.0,1,0,0.0,0.0,213.1,0.0,5.0,1,Stopped,0,0,0,0,0,VALID,VALID
21C-04064,2026-08-11 13:54:00,213.1,0.0,0.0,"Xã Yên Bình, Tỉnh Lào Cai",0.0,2.0,1,0,0.0,0.0,213.1,0.0,5.0,1,Stopped,0,0,0,0,0,VALID,VALID
21C-04064,2026-08-11 13:56:00,213.1,0.0,0.0,"Xã Yên Bình, Tỉnh Lào Cai",0.0,2.0,1,0,0.0,0.0,213.1,0.0,5.0,1,Stopped,0,0,0,0,0,VALID,VALID
21C-04064,2026-08-11 13:58:00,213.1,0.0,0.0,"Xã Yên Bình, Tỉnh Lào Cai",0.0,2.0,1,0,0.0,0.0,213.1,0.0,5.0,1,Stopped,0,0,0,0,0,VALID,VALID
21C-04064,2026-08-11 14:00:00,213.1,0.0,0.0,"Xã Yên Bình, Tỉnh Lào Cai",0.0,2.0,1,0,0.0,0.0,213.1,0.0,5.0,1,Stopped,0,0,0,0,0,VALID,VALID
21C-04064,2026-08-11 14:03:00,213.1,0.0,0.0,"Xã Yên Bình, Tỉnh Lào Cai",0.0,3.0,1,0,0.0,0.0,213.1,0.0,5.0,1,Stopped,0,0,0,0,0,VALID,VALID
21C-04064,2026-08-11 14:05:00,213.1,0.0,0.0,"Xã Yên Bình, Tỉnh Lào Cai",0.0,2.0,1,0,0.0,0.0,213.1,0.0,5.0,1,Stopped,0,0,0,0,0,VALID,VALID
21C-04064,2026-08-11 14:07:00,213.1,0.0,0.0,"Xã Yên Bình, Tỉnh Lào Cai",0.0,2.0,1,0,0.0,0.0,213.1,0.0,5.0,1,Stopped,0,0,0,0,0,VALID,VALID
21C-04064,2026-08-11 14:09:00,213.1,0.0,0.0,"Xã Yên Bình, Tỉnh Lào Cai",0.0,2.0,1,0,0.0,0.0,213.1,0.0,5.0,1,Stopped,0,0,0,0,0,VALID,VALID
21C-04064,2026-08-11 14:11:00,213.1,0.0,0.0,"Xã Yên Bình, Tỉnh Lào Cai",0.0,2.0,1,0,0.0,0.0,213.1,0.0,5.0,1,Stopped,0,0,0,0,0,VALID,VALID
21C-04064,2026-08-11 14:12:00,213.1,0.0,0.0,"Xã Yên Bình, Tỉnh Lào Cai",0.0,1.0,1,0,0.0,0.0,213.1,0.0,5.0,1,Stopped,0,0,0,0,0,VALID,VALID
21C-04064,2026-08-11 14:14:00,213.1,0.0,0.0,"Xã Yên Bình, Tỉnh Lào Cai",0.0,2.0,1,0,0.0,0.0,213.1,0.0,5.0,1,Stopped,0,0,0,0,0,VALID,VALID
21C-04064,2026-08-11 14:16:00,213.0,0.0,0.0,"Xã Yên Bình, Tỉnh Lào Cai",0.0,2.0,1,0,-0.09999999999999432,-0.04999999999999716,213.1,0.0447213595053866,5.0,1,Stopped,0,0,0,0,0,VALID,VALID
21C-04064,2026-08-11 14:18:00,213.0,0.0,0.0,"Xã Yên Bình, Tỉnh Lào Cai",0.0,2.0,1,0,0.0,0.0,213.1,0.05477225571403946,5.0,1,Stopped,0,0,0,0,0,VALID,VALID
21C-04064,2026-08-11 14:20:00,213.4,0.0,0.0,"Xã Yên Bình, Tỉnh Lào Cai",0.0,2.0,1,0,0.4000000000000057,0.20000000000000284,213.1,0.16431676723944258,5.0,1,Stopped,0,0,0,0,0,VALID,VALID
21C-04064,2026-08-11 14:22:00,213.6,0.0,0.0,"Xã Yên Bình, Tỉnh Lào Cai",0.0,2.0,1,0,0.19999999999998863,0.09999999999999432,213.1,0.2683281572926114,5.0,1,Stopped,0,0,0,0,0,VALID,VALID
21C-04064,2026-08-11 14:24:00,213.9,0.0,0.0,"Xã Yên Bình, Tỉnh Lào Cai",0.0,2.0,1,0,0.30000000000001137,0.15000000000000568,213.4,0.38987177378735166,5.0,1,Stopped,0,0,0,0,0,VALID,VALID
21C-04064,2026-08-11 14:26:00,214.0,0.0,0.0,"Xã Yên Bình, Tỉnh Lào Cai",0.0,2.0,1,0,0.09999999999999432,0.04999999999999716,213.6,0.40249223594518757,5.0,1,Stopped,0,0,0,0,0,VALID,VALID
21C-04064,2026-08-11 14:28:00,213.6,0.0,0.0,"Xã Yên Bình, Tỉnh Lào Cai",0.0,2.0,1,0,-0.4000000000000057,-0.20000000000000284,213.6,0.24494897427054924,5.0,1,Stopped,0,0,0,0,0,VALID,VALID
21C-04064,2026-08-11 14:30:00,213.3,0.0,0.0,"Xã Yên Bình, Tỉnh Lào Cai",0.0,2.0,1,0,-0.29999999999998295,-0.14999999999999147,213.6,0.27748873850335815,5.0,1,Stopped,0,0,0,0,0,VALID,VALID
21C-04064,2026-08-11 14:32:00,213.1,0.0,0.0,"Xã Yên Bình, Tỉnh Lào Cai",0.0,2.0,1,0,-0.20000000000001705,-0.10000000000000853,213.6,0.3834057902485927,5.0,1,Stopped,0,0,0,0,0,VALID,VALID
21C-04064,2026-08-11 14:35:00,213.0,0.0,0.0,"Xã Yên Bình, Tỉnh Lào Cai",0.0,3.0,1,0,-0.09999999999999432,-0.03333333333333144,213.3,0.4062019202269662,5.0,1,Stopped,0,0,0,0,0,VALID,VALID
21C-04064,2026-08-11 14:37:00,212.8,0.0,0.0,"Xã Yên Bình, Tỉnh Lào Cai",0.0,2.0,1,0,-0.19999999999998863,-0.09999999999999432,213.1,0.3049590136329427,5.0,1,Stopped,0,0,0,0,0,VALID,VALID
21C-04064,2026-08-11 14:39:00,212.8,0.0,0.0,"Xã Yên Bình, Tỉnh Lào Cai",0.0,2.0,1,0,0.0,0.0,213.0,0.2121320343463442,5.0,1,Stopped,0,0,0,0,0,VALID,VALID
21C-04064,2026-08-11 14:41:00,212.8,0.0,0.0,"Xã Yên Bình, Tỉnh Lào Cai",0.0,2.0,1,0,0.0,0.0,212.8,0.14142135622274188,5.0,1,Stopped,0,0,0,0,0,VALID,VALID
21C-04064,2026-08-11 14:43:00,212.8,0.0,0.0,"Xã Yên Bình, Tỉnh Lào Cai",0.0,2.0,1,0,0.0,0.0,212.8,0.08944271907684381,5.0,1,Stopped,0,0,0,0,0,VALID,VALID
21C-04064,2026-08-11 14:44:00,212.8,0.0,0.0,"Xã Yên Bình, Tỉnh Lào Cai",0.0,1.0,1,0,0.0,0.0,212.8,0.0,5.0,1,Stopped,0,0,0,0,0,VALID,VALID
21C-04064,2026-08-11 14:46:00,213.6,0.0,0.0,"Xã Yên Bình, Tỉnh Lào Cai",0.0,2.0,1,0,0.799999999999983,0.3999999999999915,212.8,0.35777087639423105,5.0,1,Stopped,0,0,0,0,0,VALID,VALID
21C-04064,2026-08-11 14:48:00,213.9,0.0,0.0,"Xã Yên Bình, Tỉnh Lào Cai",0.0,2.0,1,0,0.30000000000001137,0.15000000000000568,212.8,0.5310367218902796,5.0,1,Stopped,0,0,0,0,0,VALID,VALID
21C-04064,2026-08-11 14:50:00,214.0,0.0,0.0,"Xã Yên Bình, Tỉnh Lào Cai",0.0,2.0,1,0,0.09999999999999432,0.04999999999999716,213.6,0.584807660685165,5.0,1,Stopped,0,0,0,0,0,VALID,VALID
21C-04064,2026-08-11 14:53:00,214.3,0.0,0.0,"Xã Yên Bình, Tỉnh Lào Cai",0.0,3.0,1,0,0.30000000000001137,0.1000000000000038,213.9,0.571839138216469,5.0,1,Stopped,0,0,0,0,0,VALID,VALID
21C-04064,2026-08-11 14:55:00,214.3,0.0,0.0,"Xã Yên Bình, Tỉnh Lào Cai",0.0,2.0,1,0,0.0,0.0,214.0,0.2949576240686996,5.0,1,Stopped,0,0,0,0,0,VALID,VALID
21C-04064,2026-08-11 14:56:00,214.5,0.0,0.0,"Xã Yên Bình, Tỉnh Lào Cai",0.0,1.0,1,0,0.19999999999998863,0.19999999999998863,214.3,0.24494897427078705,5.0,1,Stopped,0,0,0,0,0,VALID,VALID
21C-04064,2026-08-11 14:58:00,212.1,0.0,0.0,"Xã Yên Bình, Tỉnh Lào Cai",0.0,2.0,1,0,-2.4000000000000057,-1.2000000000000028,214.3,0.9889388252041651,5.0,1,Stopped,0,0,0,0,0,VALID,VALID
21C-04064,2026-08-11 15:00:00,210.8,0.0,0.0,"Xã Yên Bình, Tỉnh Lào Cai",0.0,2.0,1,0,-1.299999999999983,-0.6499999999999915,214.3,1.6643316977081148,5.0,1,Stopped,0,0,0,0,0,VALID,VALID
21C-04064,2026-08-11 15:02:00,210.7,0.0,0.0,"Xã Yên Bình, Tỉnh Lào Cai",0.0,2.0,1,0,-0.10000000000002274,-0.05000000000001137,212.1,1.839021478938121,5.0,1,Stopped,0,0,0,0,0,VALID,VALID
21C-04064,2026-08-11 15:05:00,210.4,0.0,0.0,"Xã Yên Bình, Tỉnh Lào Cai",0.0,3.0,1,0,-0.29999999999998295,-0.09999999999999432,210.8,1.6955824957799865,5.0,1,Stopped,0,0,0,0,0,VALID,VALID
21C-04064,2026-08-11 15:07:00,210.4,0.0,0.0,"Xã Yên Bình, Tỉnh Lào Cai",0.0,2.0,1,0,0.0,0.0,210.7,0.7049822692771891,5.0,1,Stopped,0,0,0,0,0,VALID,VALID
21C-04064,2026-08-11 15:09:00,210.4,0.0,0.0,"Xã Yên Bình, Tỉnh Lào Cai",0.0,2.0,1,0,0.0,0.0,210.4,0.19493588688359642,5.0,1,Stopped,0,0,0,0,0,VALID,VALID
21C-04064,2026-08-11 15:11:00,210.4,0.0,0.0,"Xã Yên Bình, Tỉnh Lào Cai",0.0,2.0,1,0,0.0,0.0,210.4,0.1341640786315802,5.0,1,Stopped,0,0,0,0,0,VALID,VALID
21C-04064,2026-08-11 15:13:00,210.4,0.0,0.0,"Xã Yên Bình, Tỉnh Lào Cai",0.0,2.0,1,0,0.0,0.0,210.4,0.0,5.0,1,Stopped,0,0,0,0,0,VALID,VALID
21C-04064,2026-08-11 15:16:00,210.4,0.0,0.0,"Xã Yên Bình, Tỉnh Lào Cai",0.0,3.0,1,0,0.0,0.0,210.4,0.0,5.0,1,Stopped,0,0,0,0,0,VALID,VALID
21C-04064,2026-08-11 15:18:00,210.4,0.0,0.0,"Xã Yên Bình, Tỉnh Lào Cai",0.0,2.0,1,0,0.0,0.0,210.4,0.0,5.0,1,Stopped,0,0,0,0,0,VALID,VALID
21C-04064,2026-08-11 15:20:00,211.5,0.0,0.0,"Xã Yên Bình, Tỉnh Lào Cai",0.0,2.0,1,0,1.0999999999999943,0.5499999999999972,210.4,0.49193495504500057,5.0,1,Stopped,0,0,0,0,0,VALID,VALID
21C-04064,2026-08-11 15:22:00,211.6,0.0,0.0,"Xã Yên Bình, Tỉnh Lào Cai",0.0,2.0,1,0,0.09999999999999432,0.04999999999999716,210.4,0.6308724118197206,5.0,1,Stopped,0,0,0,0,0,VALID,VALID
21C-04064,2026-08-11 15:24:00,211.9,0.0,0.0,"Xã Yên Bình, Tỉnh Lào Cai",0.0,2.0,1,0,0.30000000000001137,0.15000000000000568,211.5,0.7092249290566229,5.0,1,Stopped,0,0,0,0,0,VALID,VALID
21C-04064,2026-08-11 15:26:00,212.1,0.0,0.0,"Xã Yên Bình, Tỉnh Lào Cai",0.0,2.0,1,0,0.19999999999998863,0.09999999999999432,211.6,0.6595452979102461,5.0,1,Stopped,0,0,0,0,0,VALID,VALID
21C-04064,2026-08-11 15:28:00,212.4,0.0,0.0,"Xã Yên Bình, Tỉnh Lào Cai",0.0,2.0,1,0,0.30000000000001137,0.15000000000000568,211.9,0.3674234614116161,5.0,1,Stopped,0,0,0,0,0,VALID,VALID
21C-04064,2026-08-11 15:30:00,212.7,0.0,0.0,"Xã Yên Bình, Tỉnh Lào Cai",0.0,2.0,1,0,0.29999999999998295,0.14999999999999147,212.1,0.42778499271922266,5.0,1,Stopped,0,0,0,0,0,VALID,VALID
21C-04064,2026-08-11 15:32:00,213.0,0.0,0.0,"Xã Yên Bình, Tỉnh Lào Cai",0.0,2.0,1,0,0.30000000000001137,0.15000000000000568,212.4,0.4438468204188153,5.0,1,Stopped,0,0,0,0,0,VALID,VALID
21C-04064,2026-08-11 15:34:00,213.1,0.0,0.0,"Xã Yên Bình, Tỉnh Lào Cai",0.0,2.0,1,0,0.09999999999999432,0.04999999999999716,212.7,0.4159326868568789,5.0,1,Stopped,0,0,0,0,0,VALID,VALID
21C-04064,2026-08-11 15:36:00,213.3,0.0,0.0,"Xã Yên Bình, Tỉnh Lào Cai",0.0,2.0,1,0,0.20000000000001705,0.10000000000000853,213.0,0.353553390587717,5.0,1,Stopped,0,0,0,0,0,VALID,VALID
21C-04064,2026-08-11 15:38:00,213.1,0.0,0.0,"Xã Yên Bình, Tỉnh Lào Cai",0.0,2.0,1,0,-0.20000000000001705,-0.10000000000000853,213.1,0.219089022993209,5.0,1,Stopped,0,0,0,0,0,VALID,VALID
21C-04064,2026-08-11 15:40:00,210.8,0.0,0.0,"Xã Yên Bình, Tỉnh Lào Cai",0.0,2.0,1,0,-2.299999999999983,-1.1499999999999915,213.1,1.045466403092895,5.0,1,Stopped,0,0,0,0,0,VALID,VALID
21C-04064,2026-08-11 15:42:00,209.6,0.0,0.0,"Xã Yên Bình, Tỉnh Lào Cai",0.0,2.0,1,0,-1.200000000000017,-0.6000000000000085,213.1,1.6813684902470947,5.0,1,Stopped,0,0,0,0,0,VALID,VALID
21C-04064,2026-08-11 15:44:00,209.6,0.0,0.0,"Xã Yên Bình, Tỉnh Lào Cai",0.0,2.0,1,0,0.0,0.0,210.8,1.8212632978225836,5.0,1,Stopped,0,0,0,0,0,VALID,VALID
21C-04064,2026-08-11 15:46:00,209.8,0.0,0.0,"Xã Yên Bình, Tỉnh Lào Cai",0.0,2.0,1,0,0.20000000000001705,0.10000000000000853,209.8,1.493987951757103,5.0,1,Stopped,0,0,0,0,0,VALID,VALID
21C-04064,2026-08-11 15:48:00,210.1,0.0,0.0,"Xã Yên Bình, Tỉnh Lào Cai",0.0,2.0,1,0,0.29999999999998295,0.14999999999999147,209.8,0.5019960159157046,5.0,1,Stopped,0,0,0,0,0,VALID,VALID
21C-04064,2026-08-11 15:51:00,211.2,0.0,0.0,"Xã Yên Bình, Tỉnh Lào Cai",0.0,3.0,1,0,1.0999999999999943,0.36666666666666475,209.8,0.669328021223715,5.0,1,Stopped,0,0,0,0,0,VALID,VALID
21C-04064,2026-08-11 15:53:00,211.5,0.0,0.0,"Xã Yên Bình, Tỉnh Lào Cai",0.0,2.0,1,0,0.30000000000001137,0.15000000000000568,210.1,0.856154191717448,5.0,1,Stopped,0,0,0,0,0,VALID,VALID
21C-04064,2026-08-11 15:56:00,211.8,0.0,0.0,"Xã Yên Bình, Tỉnh Lào Cai",0.0,3.0,1,0,0.30000000000001137,0.1000000000000038,211.2,0.8814760348389991,5.0,1,Stopped,0,0,0,0,0,VALID,VALID
21C-04064,2026-08-11 15:58:00,211.9,0.0,0.0,"Xã Yên Bình, Tỉnh Lào Cai",0.0,2.0,1,0,0.09999999999999432,0.04999999999999716,211.5,0.7245688373064422,5.0,1,Stopped,0,0,0,0,0,VALID,VALID
21C-04064,2026-08-11 16:00:00,211.9,0.0,0.0,"Xã Yên Bình, Tỉnh Lào Cai",0.0,2.0,1,0,0.0,0.0,211.8,0.3049590136324789,5.0,1,Stopped,0,0,0,0,0,VALID,VALID
21C-04064,2026-08-11 16:02:00,212.1,0.0,0.0,"Xã Yên Bình, Tỉnh Lào Cai",0.0,2.0,1,0,0.19999999999998863,0.09999999999999432,211.9,0.21908902299232044,5.0,1,Stopped,0,0,0,0,0,VALID,VALID
21C-04064,2026-08-11 16:04:00,212.1,0.0,0.0,"Xã Yên Bình, Tỉnh Lào Cai",0.0,2.0,1,0,0.0,0.0,211.9,0.1341640786341613,5.0,1,Stopped,0,0,0,0,0,VALID,VALID
21C-04064,2026-08-11 16:08:00,212.5,0.0,0.0,"Xã Yên Bình, Tỉnh Lào Cai",0.0,4.0,1,0,0.4000000000000057,0.10000000000000142,212.1,0.24494897426971518,5.0,1,Stopped,0,0,0,0,0,VALID,VALID
21C-04064,2026-08-11 16:10:00,212.8,0.0,0.0,"Xã Yên Bình, Tỉnh Lào Cai",0.0,2.0,1,0,0.30000000000001137,0.15000000000000568,212.1,0.36331804248595795,5.0,1,Stopped,0,0,0,0,0,VALID,VALID
21C-04064,2026-08-11 16:12:00,213.1,0.0,0.0,"Xã Yên Bình, Tỉnh Lào Cai",0.0,2.0,1,0,0.29999999999998295,0.14999999999999147,212.5,0.4381780459994359,5.0,1,Stopped,0,0,0,0,0,VALID,VALID
21C-04064,2026-08-11 16:14:00,213.3,0.0,0.0,"Xã Yên Bình, Tỉnh Lào Cai",0.0,2.0,1,0,0.20000000000001705,0.10000000000000853,212.8,0.47749345544828425,5.0,1,Stopped,0,0,0,0,0,VALID,VALID
21C-04064,2026-08-11 16:16:00,213.4,0.0,0.0,"Xã Yên Bình, Tỉnh Lào Cai",0.0,2.0,1,0,0.09999999999999432,0.04999999999999716,213.1,0.37013511046102704,5.0,1,Stopped,0,0,0,0,0,VALID,VALID
21C-04064,2026-08-11 16:18:00,213.6,0.0,0.0,"Xã Yên Bình, Tỉnh Lào Cai",0.0,2.0,1,0,0.19999999999998863,0.09999999999999432,213.3,0.3049590136330353,5.0,1,Stopped,0,0,0,0,0,VALID,VALID
21C-04064,2026-08-11 16:21:00,213.7,0.0,0.0,"Xã Yên Bình, Tỉnh Lào Cai",0.0,3.0,1,0,0.09999999999999432,0.03333333333333144,213.4,0.2387467277180312,5.0,1,Stopped,0,0,0,0,0,VALID,VALID
21C-04064,2026-08-11 16:22:00,213.7,0.0,0.0,"Xã Yên Bình, Tỉnh Lào Cai",0.0,1.0,1,0,0.0,0.0,213.6,0.18165902123507682,5.0,1,Stopped,0,0,0,0,0,VALID,VALID
21C-04064,2026-08-11 16:25:00,210.4,0.0,0.0,"Xã Yên Bình, Tỉnh Lào Cai",0.0,3.0,1,0,-3.299999999999983,-1.0999999999999943,213.6,1.4363147287401774,5.0,1,Stopped,0,0,0,0,0,VALID,VALID
21C-04064,2026-08-11 16:27:00,210.1,0.0,0.0,"Xã Yên Bình, Tỉnh Lào Cai",0.0,2.0,1,0,-0.30000000000001137,-0.15000000000000568,213.6,1.8748333259241616,5.0,1,Stopped,0,0,0,0,0,VALID,VALID
21C-04064,2026-08-11 16:29:00,209.8,0.0,0.0,"Xã Yên Bình, Tỉnh Lào Cai",0.0,2.0,1,0,-0.29999999999998295,-0.14999999999999147,210.4,1.9831792657235283,5.0,1,Stopped,0,0,0,0,0,VALID,VALID
21C-04064,2026-08-11 16:31:00,209.6,0.0,0.0,"Xã Yên Bình, Tỉnh Lào Cai",0.0,2.0,1,0,-0.20000000000001705,-0.10000000000000853,210.1,1.6932217811012225,5.0,1,Stopped,0,0,0,0,0,VALID,VALID
21C-04064,2026-08-11 16:33:00,209.5,0.0,0.0,"Xã Yên Bình, Tỉnh Lào Cai",0.0,2.0,1,0,-0.09999999999999432,-0.04999999999999716,209.8,0.3701351104603586,5.0,1,Stopped,0,0,0,0,0,VALID,VALID
21C-04064,2026-08-11 16:36:00,209.3,0.0,0.0,"Xã Yên Bình, Tỉnh Lào Cai",0.0,3.0,1,0,-0.19999999999998863,-0.06666666666666288,209.6,0.3049590136320984,5.0,1,Stopped,0,0,0,0,0,VALID,VALID
21C-04064,2026-08-11 16:38:00,209.2,0.0,0.0,"Xã Yên Bình, Tỉnh Lào Cai",0.0,2.0,1,0,-0.10000000000002274,-0.05000000000001137,209.5,0.23874672771671257,5.0,1,Stopped,0,0,0,0,0,VALID,VALID
21C-04064,2026-08-11 16:40:00,209.2,0.0,0.0,"Xã Yên Bình, Tỉnh Lào Cai",0.0,2.0,1,0,0.0,0.0,209.3,0.18165902123323582,5.0,1,Stopped,0,0,0,0,0,VALID,VALID
21C-04064,2026-08-11 16:42:00,209.2,0.0,0.0,"Xã Yên Bình, Tỉnh Lào Cai",0.0,2.0,1,0,0.0,0.0,209.2,0.13038404808642368,5.0,1,Stopped,0,0,0,0,0,VALID,VALID
21C-04064,2026-08-11 16:44:00,209.0,0.0,0.0,"Xã Yên Bình, Tỉnh Lào Cai",0.0,2.0,1,0,-0.19999999999998863,-0.09999999999999432,209.2,0.10954451147996211,5.0,1,Stopped,0,0,0,0,0,VALID,VALID
21C-04064,2026-08-11 16:46:00,209.3,0.0,0.0,"Xã Yên Bình, Tỉnh Lào Cai",0.0,2.0,1,0,0.30000000000001137,0.15000000000000568,209.2,0.10954451147996211,5.0,1,Stopped,0,0,0,0,0,VALID,VALID
21C-04064,2026-08-11 16:48:00,209.6,0.0,0.0,"Xã Yên Bình, Tỉnh Lào Cai",0.0,2.0,1,0,0.29999999999998295,0.14999999999999147,209.2,0.21908902299156915,5.0,1,Stopped,0,0,0,0,0,VALID,VALID
21C-04064,2026-08-11 16:50:00,209.9,0.0,0.0,"Xã Yên Bình, Tỉnh Lào Cai",0.0,2.0,1,0,0.30000000000001137,0.15000000000000568,209.3,0.353553390586812,5.0,1,Stopped,0,0,0,0,0,VALID,VALID
21C-04064,2026-08-11 16:52:00,210.1,0.0,0.0,"Xã Yên Bình, Tỉnh Lào Cai",0.0,2.0,1,0,0.19999999999998863,0.09999999999999432,209.6,0.4438468204183309,5.0,1,Stopped,0,0,0,0,0,VALID,VALID
21C-04064,2026-08-11 16:54:00,210.2,0.0,0.0,"Xã Yên Bình, Tỉnh Lào Cai",0.0,2.0,1,0,0.09999999999999432,0.04999999999999716,209.9,0.3701351104603591,5.0,1,Stopped,0,0,0,0,0,VALID,VALID
21C-04064,2026-08-11 16:56:00,210.4,0.0,0.0,"Xã Yên Bình, Tỉnh Lào Cai",0.0,2.0,1,0,0.20000000000001705,0.10000000000000853,210.1,0.30495901363222455,5.0,1,Stopped,0,0,0,0,0,VALID,VALID
21C-04064,2026-08-11 16:58:00,210.4,0.0,0.0,"Xã Yên Bình, Tỉnh Lào Cai",0.0,2.0,1,0,0.0,0.0,210.2,0.21213203434550962,5.0,1,Stopped,0,0,0,0,0,VALID,VALID
21C-04064,2026-08-11 17:00:00,210.4,0.0,0.0,"Xã Yên Bình, Tỉnh Lào Cai",0.0,2.0,1,0,0.0,0.0,210.4,0.141421356221691,5.0,1,Stopped,0,0,0,0,0,VALID,VALID
21C-04064,2026-08-11 17:03:00,210.5,0.0,0.0,"Xã Yên Bình, Tỉnh Lào Cai",0.0,3.0,1,0,0.09999999999999432,0.03333333333333144,210.4,0.1095445114809317,5.0,1,Stopped,0,0,0,0,0,VALID,VALID
21C-04064,2026-08-11 17:05:00,210.5,0.0,0.0,"Xã Yên Bình, Tỉnh Lào Cai",0.0,2.0,1,0,0.0,0.0,210.4,0.05477225571038515,5.0,1,Stopped,0,0,0,0,0,VALID,VALID
21C-04064,2026-08-11 17:07:00,210.5,0.0,0.0,"Xã Yên Bình, Tỉnh Lào Cai",0.0,2.0,1,0,0.0,0.0,210.5,0.0547722557104111,5.0,1,Stopped,0,0,0,0,0,VALID,VALID
21C-04064,2026-08-11 17:09:00,210.5,0.0,0.0,"Xã Yên Bình, Tỉnh Lào Cai",0.0,2.0,1,0,0.0,0.0,210.5,0.04472135950090585,5.0,1,Stopped,0,0,0,0,0,VALID,VALID
21C-04064,2026-08-11 17:11:00,210.5,0.0,0.0,"Xã Yên Bình, Tỉnh Lào Cai",0.0,2.0,1,0,0.0,0.0,210.5,0.0,5.0,1,Stopped,0,0,0,0,0,VALID,VALID
21C-04064,2026-08-11 17:14:00,210.5,0.0,0.0,"Xã Yên Bình, Tỉnh Lào Cai",0.0,3.0,1,0,0.0,0.0,210.5,0.0,5.0,1,Stopped,0,0,0,0,0,VALID,VALID
21C-04064,2026-08-11 17:16:00,210.5,0.0,0.0,"Xã Yên Bình, Tỉnh Lào Cai",0.0,2.0,1,0,0.0,0.0,210.5,0.0,5.0,1,Stopped,0,0,0,0,0,VALID,VALID
21C-04064,2026-08-11 17:18:00,210.5,0.0,0.0,"Xã Yên Bình, Tỉnh Lào Cai",0.0,2.0,1,0,0.0,0.0,210.5,0.0,5.0,1,Stopped,0,0,0,0,0,VALID,VALID
21C-04064,2026-08-11 17:20:00,210.5,3.0,0.025,"Xã Yên Bình, Tỉnh Lào Cai",0.0,2.0,1,0,0.0,0.0,210.5,0.0,5.0,1,Moving,0,0,0,0,0,VALID,VALID
21C-04064,2026-08-11 17:22:00,213.4,4.0,0.008333333333333333,"Xã Yên Bình, Tỉnh Lào Cai",0.0,2.0,1,0,2.9000000000000057,1.4500000000000028,210.5,1.296919426948214,5.0,1,Moving,0,0,0,0,0,VALID,VALID
21C-04064,2026-08-11 17:24:00,217.2,0.0,-0.03333333333333333,"Quốc Lộ 70, Xã Yên Bình, Tỉnh Lào Cai",0.0,2.0,1,0,3.799999999999983,1.8999999999999915,210.5,2.9524566042527716,5.0,1,Stopped,0,0,0,0,0,VALID,VALID
21C-04064,2026-08-11 17:26:00,214.0,30.0,0.25,"Quốc Lộ 70, Xã Yên Bình, Tỉnh Lào Cai",0.0,2.0,1,0,-3.1999999999999886,-1.5999999999999943,213.4,2.7941009287418166,5.0,1,Moving,0,0,0,0,0,VALID,VALID
21C-04064,2026-08-11 17:28:00,213.1,16.0,-0.11666666666666667,"Quốc Lộ 70, Xã Yên Bình, Tỉnh Lào Cai",0.0,2.0,1,0,-0.9000000000000057,-0.45000000000000284,213.4,2.398541223326369,5.0,1,Moving,0,0,0,0,0,VALID,VALID
21C-04064,2026-08-11 17:30:00,213.1,16.0,0.0,"Quốc Lộ 70, Xã Yên Bình, Tỉnh Lào Cai",0.0,2.0,1,0,0.0,0.0,213.4,1.7386776584508272,5.0,1,Moving,0,0,0,0,0,VALID,VALID
21C-04064,2026-08-11 17:32:00,214.9,21.0,0.041666666666666664,"Quốc Lộ 70, Xã Yên Bình, Tỉnh Lào Cai",0.0,2.0,1,0,1.8000000000000114,0.9000000000000057,214.0,1.7038192392375804,5.0,1,Moving,0,0,0,0,0,VALID,VALID
21C-04064,2026-08-11 17:34:00,212.2,36.0,0.125,"Quốc Lộ 70, Xã Đan Thượng, Tỉnh Phú Thọ",0.0,2.0,1,0,-2.700000000000017,-1.3500000000000085,213.1,1.0261578825872186,5.0,1,Moving,0,0,0,0,0,VALID,VALID
21C-04064,2026-08-11 17:36:00,208.7,21.0,-0.125,"Quốc Lộ 70, Xã Đan Thượng, Tỉnh Phú Thọ",0.0,2.0,1,0,-3.5,-1.75,213.1,2.2891046284509655,5.0,1,Moving,0,0,0,0,0,VALID,VALID
21C-04064,2026-08-11 17:38:00,208.9,23.0,0.016666666666666666,"Quốc Lộ 70, Xã Đan Thượng, Tỉnh Phú Thọ",0.0,2.0,1,0,0.20000000000001705,0.10000000000000853,212.2,2.701481075261381,5.0,1,Moving,0,0,0,0,0,VALID,VALID
21C-04064,2026-08-11 17:40:00,208.9,38.0,0.125,"Quốc Lộ 70, Xã Bằng Luân, Tỉnh Phú Thọ",0.0,2.0,1,0,0.0,0.0,208.9,2.7553584158862447,5.0,1,Moving,0,0,0,0,0,VALID,VALID
21C-04064,2026-08-11 17:42:00,207.5,37.0,-0.008333333333333333,"Quốc Lộ 70, Xã Bằng Luân, Tỉnh Phú Thọ",0.0,2.0,1,0,-1.4000000000000057,-0.7000000000000028,208.9,1.7544229820640989,5.0,1,Moving,0,0,0,0,0,VALID,VALID
21C-04064,2026-08-11 17:44:00,206.1,28.0,-0.075,"Quốc Lộ 70, Xã Bằng Luân, Tỉnh Phú Thọ",0.0,2.0,1,0,-1.4000000000000057,-0.7000000000000028,208.7,1.2214745187658644,5.0,1,Moving,0,0,0,0,0,VALID,VALID
21C-04064,2026-08-11 17:46:00,204.3,27.0,-0.008333333333333333,"Quốc Lộ 70, Xã Bằng Luân, Tỉnh Phú Thọ",0.0,2.0,1,0,-1.799999999999983,-0.8999999999999915,207.5,1.966723163028802,5.0,1,Moving,0,0,0,0,0,VALID,VALID
21C-04064,2026-08-11 17:48:00,204.3,39.0,0.1,"Quốc Lộ 70, Xã Bằng Luân, Tỉnh Phú Thọ",0.0,2.0,1,0,0.0,0.0,206.1,2.0129580224122203,5.0,1,Moving,0,0,0,0,0,VALID,VALID
21C-04064,2026-08-11 17:50:00,204.3,16.0,-0.19166666666666668,"Quốc Lộ 70, Xã Bằng Luân, Tỉnh Phú Thọ",0.0,2.0,1,0,0.0,0.0,204.3,1.4560219778538435,5.0,1,Moving,0,0,0,0,0,VALID,VALID
21C-04064,2026-08-11 17:52:00,203.3,33.0,0.14166666666666666,"Quốc Lộ 70, Xã Bằng Luân, Tỉnh Phú Thọ",0.0,2.0,1,0,-1.0,-0.5,204.3,1.0139033484475377,5.0,1,Moving,0,0,0,0,0,VALID,VALID
21C-04064,2026-08-11 17:54:00,203.4,29.0,-0.03333333333333333,"Quốc Lộ 70, Xã Tây Cốc, Tỉnh Phú Thọ",0.0,2.0,1,0,0.09999999999999432,0.04999999999999716,204.3,0.5215361924094601,5.0,1,Moving,0,0,0,0,0,VALID,VALID
21C-04064,2026-08-11 17:56:00,203.4,37.0,0.06666666666666667,"Quốc Lộ 70, Xã Tây Cốc, Tỉnh Phú Thọ",0.0,2.0,1,0,0.0,0.0,203.4,0.5128352561913984,5.0,1,Moving,0,0,0,0,0,VALID,VALID
21C-04064,2026-08-11 17:58:00,203.4,36.0,-0.008333333333333333,"Quốc Lộ 70, Xã Tây Cốc, Tỉnh Phú Thọ",0.0,2.0,1,0,0.0,0.0,203.4,0.4159326868530905,5.0,1,Moving,0,0,0,0,0,VALID,VALID
21C-04064,2026-08-11 18:00:00,201.7,39.0,0.025,"Quốc Lộ 70, Xã Tây Cốc, Tỉnh Phú Thọ",0.0,2.0,1,0,-1.700000000000017,-0.8500000000000085,203.4,0.7503332592872657,5.0,1,Moving,0,0,0,0,0,VALID,VALID
21C-04064,2026-08-11 18:02:00,201.4,42.0,0.025,"Quốc Lộ 70, Xã Tây Cốc, Tỉnh Phú Thọ",0.0,2.0,1,0,-0.29999999999998295,-0.14999999999999147,203.4,1.018822850152315,5.0,1,Moving,0,0,0,0,0,VALID,VALID
21C-04064,2026-08-11 18:04:00,201.3,30.0,-0.1,"Quốc Lộ 70, Xã Bằng Luân, Tỉnh Phú Thọ",0.0,2.0,1,0,-0.09999999999999432,-0.04999999999999716,201.7,1.069111780868729,5.0,1,Moving,0,0,0,0,0,VALID,VALID
21C-04064,2026-08-11 18:06:00,200.1,30.0,0.0,"Quốc Lộ 70, Xã Tây Cốc, Tỉnh Phú Thọ",0.0,2.0,1,0,-1.200000000000017,-0.6000000000000085,201.4,1.1861703081733397,5.0,1,Moving,0,0,0,0,0,VALID,VALID
21C-04064,2026-08-11 18:08:00,199.0,29.0,-0.008333333333333333,"Quốc Lộ 70, Xã Tây Cốc, Tỉnh Phú Thọ",0.0,2.0,1,0,-1.0999999999999943,-0.5499999999999972,201.3,1.1291589790599388,5.0,1,Moving,0,0,0,0,0,VALID,VALID
21C-04064,2026-08-11 18:10:00,199.0,41.0,0.1,"Quốc Lộ 70, Xã Đoan Hùng, Tỉnh Phú Thọ",0.0,2.0,1,0,0.0,0.0,200.1,1.176010204033745,5.0,1,Moving,0,0,0,0,0,VALID,VALID
21C-04064,2026-08-11 18:12:00,197.7,33.0,-0.06666666666666667,"Quốc Lộ 70, Xã Đoan Hùng, Tỉnh Phú Thọ",0.0,2.0,1,0,-1.3000000000000114,-0.6500000000000057,199.0,1.3516656391250124,5.0,1,Moving,0,0,0,0,0,VALID,VALID
21C-04064,2026-08-11 18:14:00,196.7,0.0,-0.275,"Quốc Lộ 70, Xã Đoan Hùng, Tỉnh Phú Thọ",0.0,2.0,1,0,-1.0,-0.5,199.0,1.3171939872284906,5.0,1,Stopped,0,0,0,0,0,VALID,VALID
21C-04064,2026-08-11 18:16:00,195.8,29.0,0.24166666666666667,"Quốc Lộ 70, Xã Đoan Hùng, Tỉnh Phú Thọ",0.0,2.0,1,0,-0.8999999999999773,-0.44999999999998863,197.7,1.4117365193231302,5.0,1,Moving,0,0,0,0,0,VALID,VALID
21C-04064,2026-08-11 18:18:00,196.0,31.0,0.016666666666666666,"Quốc Lộ 70, Xã Đoan Hùng, Tỉnh Phú Thọ",0.0,2.0,1,0,0.19999999999998863,0.09999999999999432,196.7,1.3240090634094608,5.0,1,Moving,0,0,0,0,0,VALID,VALID
21C-04064,2026-08-11 18:20:00,194.6,25.0,-0.05,"Quốc Lộ 2, Xã Đoan Hùng, Tỉnh Phú Thọ",0.0,2.0,1,0,-1.4000000000000057,-0.7000000000000028,196.0,1.145862120846191,5.0,1,Moving,0,0,0,0,0,VALID,VALID
21C-04064,2026-08-11 18:22:00,193.6,3.0,-0.18333333333333332,"Tỉnh Lộ 331, Xã Đoan Hùng, Tỉnh Phú Thọ",0.0,2.0,1,0,-1.0,-0.5,195.8,1.2320714264968238,5.0,1,Moving,0,0,0,0,0,VALID,VALID
21C-04064,2026-08-11 18:24:00,193.7,27.0,0.2,"Tỉnh Lộ 331, Xã Đoan Hùng, Tỉnh Phú Thọ",0.0,2.0,1,0,0.09999999999999432,0.04999999999999716,194.6,1.1304866208804805,5.0,1,Moving,0,0,0,0,0,VALID,VALID
21C-04064,2026-08-11 18:26:00,193.7,5.0,-0.18333333333333332,"Tỉnh Lộ 331, Xã Đoan Hùng, Tỉnh Phú Thọ",0.0,2.0,1,0,0.0,0.0,193.7,1.0232301793778584,5.0,1,Moving,0,0,0,0,0,VALID,VALID
21C-04064,2026-08-11 18:28:00,192.0,0.0,-0.041666666666666664,"Xã Đoan Hùng, Tỉnh Phú Thọ",0.0,2.0,1,0,-1.6999999999999886,-0.8499999999999943,193.7,0.941806774232073,5.0,1,Stopped,0,0,0,0,0,VALID,VALID
21C-04064,2026-08-11 18:30:00,193.6,0.0,0.0,"Xã Đoan Hùng, Tỉnh Phú Thọ",0.0,2.0,1,0,1.5999999999999943,0.7999999999999972,193.6,0.7395944834768413,5.0,1,Stopped,0,0,0,0,0,VALID,VALID
21C-04064,2026-08-11 18:32:00,193.7,0.0,0.0,"Xã Đoan Hùng, Tỉnh Phú Thọ",0.0,2.0,1,0,0.09999999999999432,0.04999999999999716,193.7,0.7503332592850845,5.0,1,Stopped,0,0,0,0,0,VALID,VALID
21C-04064,2026-08-11 18:34:00,194.0,0.0,0.0,"Xã Đoan Hùng, Tỉnh Phú Thọ",0.0,2.0,1,0,0.30000000000001137,0.15000000000000568,193.7,0.7968688725188058,5.0,1,Stopped,0,0,0,0,0,VALID,VALID
21C-04064,2026-08-11 18:36:00,194.2,0.0,0.0,"Xã Đoan Hùng, Tỉnh Phú Thọ",0.0,2.0,1,0,0.19999999999998863,0.09999999999999432,193.7,0.8717797887020614,5.0,1,Stopped,0,0,0,0,0,VALID,VALID
21C-04064,2026-08-11 18:39:00,194.3,0.0,0.0,"Xã Đoan Hùng, Tỉnh Phú Thọ",0.0,3.0,1,0,0.10000000000002274,0.03333333333334091,194.0,0.30495901362234495,5.0,1,Stopped,0,0,0,0,0,VALID,VALID
21C-04064,2026-08-11 18:41:00,194.5,0.0,0.0,"Xã Đoan Hùng, Tỉnh Phú Thọ",0.0,2.0,1,0,0.19999999999998863,0.09999999999999432,194.2,0.3049590136224005,5.0,1,Stopped,0,0,0,0,0,VALID,VALID
21C-04064,2026-08-11 18:42:00,194.5,0.0,0.0,"Xã Đoan Hùng, Tỉnh Phú Thọ",0.0,1.0,1,0,0.0,0.0,194.3,0.2121320343313867,5.0,1,Stopped,0,0,0,0,0,VALID,VALID
21C-04064,2026-08-11 18:44:00,194.5,0.0,0.0,"Xã Đoan Hùng, Tỉnh Phú Thọ",0.0,2.0,1,0,0.0,0.0,194.5,0.14142135620050655,5.0,1,Stopped,0,0,0,0,0,VALID,VALID
21C-04064,2026-08-11 18:46:00,194.5,0.0,0.0,"Xã Đoan Hùng, Tỉnh Phú Thọ",0.0,2.0,1,0,0.0,0.0,194.5,0.0894427190418595,5.0,1,Stopped,0,0,0,0,0,VALID,VALID
21C-04064,2026-08-11 18:48:00,194.3,0.0,0.0,"Xã Đoan Hùng, Tỉnh Phú Thọ",0.0,2.0,1,0,-0.19999999999998863,-0.09999999999999432,194.5,0.0894427190418595,5.0,1,Stopped,0,0,0,0,0,VALID,VALID
21C-04064,2026-08-11 18:50:00,192.8,7.0,0.058333333333333334,"Xã Đoan Hùng, Tỉnh Phú Thọ",0.0,2.0,1,0,-1.5,-0.75,194.5,0.7429670248332192,5.0,1,Moving,0,0,0,0,0,VALID,VALID
21C-04064,2026-08-11 18:52:00,192.6,0.0,-0.058333333333333334,"Xã Đoan Hùng, Tỉnh Phú Thọ",0.0,2.0,1,0,-0.20000000000001705,-0.10000000000000853,194.3,0.9555103348417804,5.0,1,Stopped,0,0,0,0,0,VALID,VALID
21C-04064,2026-08-11 18:55:00,192.5,0.0,0.0,"Xã Đoan Hùng, Tỉnh Phú Thọ",0.0,3.0,1,0,-0.09999999999999432,-0.03333333333333144,192.8,0.9762171889438185,5.0,1,Stopped,0,0,0,0,0,VALID,VALID
21C-04064,2026-08-11 18:57:00,192.5,0.0,0.0,"Xã Đoan Hùng, Tỉnh Phú Thọ",0.0,2.0,1,0,0.0,0.0,192.6,0.7700649323201831,5.0,1,Stopped,0,0,0,0,0,VALID,VALID
21C-04064,2026-08-11 18:59:00,192.5,0.0,0.0,"Xã Đoan Hùng, Tỉnh Phú Thọ",0.0,2.0,1,0,0.0,0.0,192.5,0.13038404806262519,5.0,1,Stopped,0,0,0,0,0,VALID,VALID
21C-04064,2026-08-11 19:01:00,192.5,0.0,0.0,"Xã Đoan Hùng, Tỉnh Phú Thọ",0.0,2.0,1,0,0.0,0.0,192.5,0.04472135942902183,5.0,1,Stopped,0,0,0,0,0,VALID,VALID
21C-04064,2026-08-11 19:04:00,192.5,0.0,0.0,"Xã Đoan Hùng, Tỉnh Phú Thọ",0.0,3.0,1,0,0.0,0.0,192.5,0.0,5.0,1,Stopped,0,0,0,0,0,VALID,VALID
21C-04064,2026-08-11 19:06:00,192.5,0.0,0.0,"Xã Đoan Hùng, Tỉnh Phú Thọ",0.0,2.0,1,0,0.0,0.0,192.5,0.0,5.0,1,Stopped,0,0,0,0,0,VALID,VALID
21C-04064,2026-08-11 19:08:00,192.5,0.0,0.0,"Xã Đoan Hùng, Tỉnh Phú Thọ",0.0,2.0,1,0,0.0,0.0,192.5,0.0,5.0,1,Stopped,0,0,0,0,0,VALID,VALID
21C-04064,2026-08-11 19:10:00,192.6,0.0,0.0,"Xã Đoan Hùng, Tỉnh Phú Thọ",0.0,2.0,1,0,0.09999999999999432,0.04999999999999716,192.5,0.04472135942902183,5.0,1,Stopped,0,0,0,0,0,VALID,VALID
21C-04064,2026-08-11 19:12:00,192.6,0.0,0.0,"Xã Đoan Hùng, Tỉnh Phú Thọ",0.0,2.0,1,0,0.0,0.0,192.5,0.05477225565179166,5.0,1,Stopped,0,0,0,0,0,VALID,VALID
21C-04064,2026-08-11 19:14:00,192.3,0.0,0.0,"Xã Đoan Hùng, Tỉnh Phú Thọ",0.0,2.0,1,0,-0.29999999999998295,-0.14999999999999147,192.5,0.12247448709495376,5.0,1,Stopped,0,0,0,0,0,VALID,VALID
21C-04064,2026-08-11 19:16:00,192.0,0.0,0.0,"Xã Đoan Hùng, Tỉnh Phú Thọ",0.0,2.0,1,0,-0.30000000000001137,-0.15000000000000568,192.5,0.25495097565834945,5.0,1,Stopped,0,0,0,0,0,VALID,VALID
21C-04064,2026-08-11 19:18:00,191.7,0.0,0.0,"Xã Đoan Hùng, Tỉnh Phú Thọ",0.0,2.0,1,0,-0.30000000000001137,-0.15000000000000568,192.3,0.3911521442982308,5.0,1,Stopped,0,0,0,0,0,VALID,VALID
21C-04064,2026-08-11 19:20:00,191.4,0.0,0.0,"Xã Đoan Hùng, Tỉnh Phú Thọ",0.0,2.0,1,0,-0.29999999999998295,-0.14999999999999147,192.0,0.47434164901370124,5.0,1,Stopped,0,0,0,0,0,VALID,VALID
21C-04064,2026-08-11 19:22:00,191.4,0.0,0.0,"Xã Đoan Hùng, Tỉnh Phú Thọ",0.0,2.0,1,0,0.0,0.0,191.7,0.3911521442980564,5.0,1,Stopped,0,0,0,0,0,VALID,VALID
21C-04064,2026-08-11 19:24:00,191.6,0.0,0.0,"Xã Đoan Hùng, Tỉnh Phú Thọ",0.0,2.0,1,0,0.19999999999998863,0.09999999999999432,191.6,0.2489979919375228,5.0,1,Stopped,0,0,0,0,0,VALID,VALID
21C-04064,2026-08-11 19:26:00,191.6,0.0,0.0,"Xã Đoan Hùng, Tỉnh Phú Thọ",0.0,2.0,1,0,0.0,0.0,191.6,0.13416407860858745,5.0,1,Stopped,0,0,0,0,0,VALID,VALID
21C-04064,2026-08-11 19:28:00,191.6,0.0,0.0,"Xã Đoan Hùng, Tỉnh Phú Thọ",0.0,2.0,1,0,0.0,0.0,191.6,0.10954451145030346,5.0,1,Stopped,0,0,0,0,0,VALID,VALID
21C-04064,2026-08-11 19:30:00,196.7,0.0,0.0,"Xã Đoan Hùng, Tỉnh Phú Thọ",0.0,2.0,1,0,5.099999999999994,2.549999999999997,191.6,2.3047776465397116,5.0,1,Stopped,0,0,0,0,0,VALID,VALID
21C-04064,2026-08-11 19:32:00,192.8,0.0,0.0,"Xã Đoan Hùng, Tỉnh Phú Thọ",0.0,2.0,1,0,-3.8999999999999773,-1.9499999999999886,191.6,2.208619478314271,5.0,1,Stopped,0,0,0,0,0,VALID,VALID
21C-04064,2026-08-11 19:34:00,192.0,31.0,0.25833333333333336,"Tỉnh Lộ 331, Xã Đoan Hùng, Tỉnh Phú Thọ",0.0,2.0,1,0,-0.8000000000000114,-0.4000000000000057,192.0,2.1582400237205346,5.0,1,Moving,0,0,0,0,0,VALID,VALID
21C-04064,2026-08-11 19:36:00,191.7,18.0,-0.10833333333333334,"Tỉnh Lộ 331, Xã Đoan Hùng, Tỉnh Phú Thọ",0.0,2.0,1,0,-0.30000000000001137,-0.15000000000000568,192.0,2.143128554237759,5.0,1,Moving,0,0,0,0,0,VALID,VALID
21C-04064,2026-08-11 19:38:00,189.3,31.0,0.10833333333333334,"Tỉnh Lộ 331, Xã Đoan Hùng, Tỉnh Phú Thọ",0.0,2.0,1,0,-2.3999999999999773,-1.1999999999999886,192.0,2.6860752037106246,5.0,1,Moving,0,0,0,0,0,VALID,VALID
21C-04064,2026-08-11 19:40:00,189.3,34.0,0.025,"Quốc Lộ 2, Xã Đoan Hùng, Tỉnh Phú Thọ",0.0,2.0,1,0,0.0,0.0,191.7,1.6208022704786358,5.0,1,Moving,0,0,0,0,0,VALID,VALID
21C-04064,2026-08-11 19:42:00,189.3,40.0,0.05,"Quốc Lộ 2, Xã Đoan Hùng, Tỉnh Phú Thọ",0.0,2.0,1,0,0.0,0.0,189.3,1.400714103587348,5.0,1,Moving,0,0,0,0,0,VALID,VALID
21C-04064,2026-08-11 19:44:00,189.3,32.0,-0.06666666666666667,"Quốc Lộ 2, Xã Chí Đám, Tỉnh Phú Thọ",0.0,2.0,1,0,0.0,0.0,189.3,1.0733126291944888,5.0,1,Moving,0,0,0,0,0,VALID,VALID
21C-04064,2026-08-11 19:46:00,188.2,0.0,-0.26666666666666666,"Quốc Lộ 2, Xã Chí Đám, Tỉnh Phú Thọ",0.0,2.0,1,0,-1.1000000000000227,-0.5500000000000114,189.3,0.4919349550380231,5.0,1,Stopped,0,0,0,0,0,VALID,VALID
21C-04064,2026-08-11 19:48:00,188.2,0.0,0.0,"Quốc Lộ 2, Xã Chí Đám, Tỉnh Phú Thọ",0.0,2.0,1,0,0.0,0.0,189.3,0.6024948132459128,5.0,1,Stopped,0,0,0,0,0,VALID,VALID
21C-04064,2026-08-11 19:50:00,188.1,0.0,0.0,"Quốc Lộ 2, Xã Chí Đám, Tỉnh Phú Thọ",0.0,2.0,1,0,-0.09999999999999432,-0.04999999999999716,188.2,0.6220932405903337,5.0,1,Stopped,0,0,0,0,0,VALID,VALID
21C-04064,2026-08-11 19:52:00,187.9,0.0,0.0,"Quốc Lộ 2, Xã Chí Đám, Tỉnh Phú Thọ",0.0,2.0,1,0,-0.19999999999998863,-0.09999999999999432,188.2,0.5504543577701257,5.0,1,Stopped,0,0,0,0,0,VALID,VALID
21C-04064,2026-08-11 19:54:00,187.8,0.0,0.0,"Quốc Lộ 2, Xã Chí Đám, Tỉnh Phú Thọ",0.0,2.0,1,0,-0.09999999999999432,-0.04999999999999716,188.1,0.1816590212129779,5.0,1,Stopped,0,0,0,0,0,VALID,VALID
21C-04064,2026-08-11 19:56:00,187.8,0.0,0.0,"Quốc Lộ 2, Xã Chí Đám, Tỉnh Phú Thọ",0.0,2.0,1,0,0.0,0.0,187.9,0.18165902121293956,5.0,1,Stopped,0,0,0,0,0,VALID,VALID
21C-04064,2026-08-11 19:58:00,187.8,0.0,0.0,"Quốc Lộ 2, Xã Chí Đám, Tỉnh Phú Thọ",0.0,2.0,1,0,0.0,0.0,187.8,0.13038404805815224,5.0,1,Stopped,0,0,0,0,0,VALID,VALID
21C-04064,2026-08-11 20:00:00,187.6,0.0,0.0,"Quốc Lộ 2, Xã Chí Đám, Tỉnh Phú Thọ",0.0,2.0,1,0,-0.20000000000001705,-0.10000000000000853,187.8,0.10954451144634156,5.0,1,Stopped,0,0,0,0,0,VALID,VALID
21C-04064,2026-08-11 20:02:00,187.6,0.0,0.0,"Quốc Lộ 2, Xã Chí Đám, Tỉnh Phú Thọ",0.0,2.0,1,0,0.0,0.0,187.8,0.10954451144630653,5.0,1,Stopped,0,0,0,0,0,VALID,VALID
21C-04064,2026-08-11 20:04:00,187.6,0.0,0.0,"Quốc Lộ 2, Xã Chí Đám, Tỉnh Phú Thọ",0.0,2.0,1,0,0.0,0.0,187.6,0.10954451144628059,5.0,1,Stopped,0,0,0,0,0,VALID,VALID
21C-04064,2026-08-11 20:06:00,187.6,0.0,0.0,"Quốc Lộ 2, Xã Chí Đám, Tỉnh Phú Thọ",0.0,2.0,1,0,0.0,0.0,187.6,0.0894427190328968,5.0,1,Stopped,0,0,0,0,0,VALID,VALID
21C-04064,2026-08-11 20:09:00,187.6,0.0,0.0,"Quốc Lộ 2, Xã Chí Đám, Tỉnh Phú Thọ",0.0,3.0,1,0,0.0,0.0,187.6,0.0,5.0,1,Stopped,0,0,0,0,0,VALID,VALID
21C-04064,2026-08-11 20:11:00,187.6,0.0,0.0,"Quốc Lộ 2, Xã Chí Đám, Tỉnh Phú Thọ",0.0,2.0,1,0,0.0,0.0,187.6,0.0,5.0,1,Stopped,0,0,0,0,0,VALID,VALID
21C-04064,2026-08-11 20:13:00,187.6,0.0,0.0,"Quốc Lộ 2, Xã Chí Đám, Tỉnh Phú Thọ",0.0,2.0,1,0,0.0,0.0,187.6,0.0,5.0,1,Stopped,0,0,0,0,0,VALID,VALID
21C-04064,2026-08-11 20:15:00,187.6,0.0,0.0,"Quốc Lộ 2, Xã Chí Đám, Tỉnh Phú Thọ",0.0,2.0,1,0,0.0,0.0,187.6,0.0,5.0,1,Stopped,0,0,0,0,0,VALID,VALID
21C-04064,2026-08-11 20:18:00,187.6,0.0,0.0,"Quốc Lộ 2, Xã Chí Đám, Tỉnh Phú Thọ",0.0,3.0,1,0,0.0,0.0,187.6,0.0,5.0,1,Stopped,0,0,0,0,0,VALID,VALID
21C-04064,2026-08-11 20:20:00,187.6,0.0,0.0,"Quốc Lộ 2, Xã Chí Đám, Tỉnh Phú Thọ",0.0,2.0,1,0,0.0,0.0,187.6,0.0,5.0,1,Stopped,0,0,0,0,0,VALID,VALID
21C-04064,2026-08-11 20:22:00,187.6,0.0,0.0,"Quốc Lộ 2, Xã Chí Đám, Tỉnh Phú Thọ",0.0,2.0,1,0,0.0,0.0,187.6,0.0,5.0,1,Stopped,0,0,0,0,0,VALID,VALID
21C-04064,2026-08-11 20:24:00,187.6,35.0,0.2916666666666667,"Quốc Lộ 2, Xã Chí Đám, Tỉnh Phú Thọ",0.0,2.0,1,0,0.0,0.0,187.6,0.0,5.0,1,Moving,0,0,0,0,0,VALID,VALID
21C-04064,2026-08-11 20:26:00,187.8,0.0,-0.2916666666666667,"Quốc Lộ 2, Xã Chí Đám, Tỉnh Phú Thọ",0.0,2.0,1,0,0.20000000000001705,0.10000000000000853,187.6,0.0894427190328968,5.0,1,Stopped,0,0,0,0,0,VALID,VALID
21C-04064,2026-08-11 20:28:00,187.8,0.0,0.0,"Quốc Lộ 2, Xã Chí Đám, Tỉnh Phú Thọ",0.0,2.0,1,0,0.0,0.0,187.6,0.10954451144628058,5.0,1,Stopped,0,0,0,0,0,VALID,VALID
21C-04064,2026-08-11 20:30:00,200.2,0.0,0.0,"Quốc Lộ 2, Xã Chí Đám, Tỉnh Phú Thọ",0.0,2.0,1,0,12.399999999999977,6.199999999999989,187.8,5.5910642993967015,5.0,1,Stopped,0,0,1,0,1,LARGE_DELTA,VALID
21C-04064,2026-08-11 20:32:00,204.6,0.0,0.0,"Quốc Lộ 2, Xã Chí Đám, Tỉnh Phú Thọ",0.0,2.0,1,0,4.400000000000006,2.200000000000003,187.8,8.182909018190832,5.0,1,Stopped,0,0,0,0,0,VALID,VALID
21C-04064,2026-08-11 20:34:00,204.9,0.0,0.0,"Quốc Lộ 2, Xã Chí Đám, Tỉnh Phú Thọ",0.0,2.0,1,0,0.30000000000001137,0.15000000000000568,200.2,8.655518470894133,5.0,1,Stopped,0,0,0,0,0,VALID,VALID
21C-04064,2026-08-11 20:37:00,205.2,0.0,0.0,"Quốc Lộ 2, Xã Chí Đám, Tỉnh Phú Thọ",0.0,3.0,1,0,0.29999999999998295,0.09999999999999432,204.6,7.409993252357947,5.0,1,Stopped,0,0,0,0,0,VALID,VALID
21C-04064,2026-08-11 20:39:00,205.4,0.0,0.0,"Quốc Lộ 2, Xã Chí Đám, Tỉnh Phú Thọ",0.0,2.0,1,0,0.20000000000001705,0.10000000000000853,204.9,2.1789905919923607,5.0,1,Stopped,0,0,0,0,0,VALID,VALID
21C-04064,2026-08-11 20:41:00,205.4,0.0,0.0,"Quốc Lộ 2, Xã Chí Đám, Tỉnh Phú Thọ",0.0,2.0,1,0,0.0,0.0,205.2,0.3464101615013861,5.0,1,Stopped,0,0,0,0,0,VALID,VALID
21C-04064,2026-08-11 20:44:00,205.5,0.0,0.0,"Quốc Lộ 2, Xã Chí Đám, Tỉnh Phú Thọ",0.0,3.0,1,0,0.09999999999999432,0.03333333333333144,205.4,0.23874672770837357,5.0,1,Stopped,0,0,0,0,0,VALID,VALID
21C-04064,2026-08-11 20:46:00,205.5,0.0,0.0,"Quốc Lộ 2, Xã Chí Đám, Tỉnh Phú Thọ",0.0,2.0,1,0,0.0,0.0,205.4,0.12247448710439088,5.0,1,Stopped,0,0,0,0,0,VALID,VALID
21C-04064,2026-08-11 20:48:00,205.7,0.0,0.0,"Quốc Lộ 2, Xã Chí Đám, Tỉnh Phú Thọ",0.0,2.0,1,0,0.19999999999998863,0.09999999999999432,205.5,0.12247448710446195,5.0,1,Stopped,0,0,0,0,0,VALID,VALID
21C-04064,2026-08-11 20:50:00,205.7,0.0,0.0,"Quốc Lộ 2, Xã Chí Đám, Tỉnh Phú Thọ",0.0,2.0,1,0,0.0,0.0,205.5,0.134164078618359,5.0,1,Stopped,0,0,0,0,0,VALID,VALID
21C-04064,2026-08-11 20:52:00,205.7,0.0,0.0,"Quốc Lộ 2, Xã Chí Đám, Tỉnh Phú Thọ",0.0,2.0,1,0,0.0,0.0,205.7,0.10954451146234959,5.0,1,Stopped,0,0,0,0,0,VALID,VALID
21C-04064,2026-08-11 20:54:00,205.7,0.0,0.0,"Quốc Lộ 2, Xã Chí Đám, Tỉnh Phú Thọ",0.0,2.0,1,0,0.0,0.0,205.7,0.08944271905265984,5.0,1,Stopped,0,0,0,0,0,VALID,VALID
21C-04064,2026-08-11 20:57:00,205.8,0.0,0.0,"Quốc Lộ 2, Xã Chí Đám, Tỉnh Phú Thọ",0.0,3.0,1,0,0.10000000000002274,0.03333333333334091,205.7,0.04472135945549562,5.0,1,Stopped,0,0,0,0,0,VALID,VALID
21C-04064,2026-08-11 20:59:00,205.8,0.0,0.0,"Quốc Lộ 2, Xã Chí Đám, Tỉnh Phú Thọ",0.0,2.0,1,0,0.0,0.0,205.7,0.05477225567339446,5.0,1,Stopped,0,0,0,0,0,VALID,VALID
21C-04064,2026-08-11 21:01:00,205.8,0.0,0.0,"Quốc Lộ 2, Xã Chí Đám, Tỉnh Phú Thọ",0.0,2.0,1,0,0.0,0.0,205.8,0.05477225567342624,5.0,1,Stopped,0,0,0,0,0,VALID,VALID
21C-04064,2026-08-11 21:03:00,205.8,0.0,0.0,"Quốc Lộ 2, Xã Chí Đám, Tỉnh Phú Thọ",0.0,2.0,1,0,0.0,0.0,205.8,0.044721359455612404,5.0,1,Stopped,0,0,0,0,0,VALID,VALID
21C-04064,2026-08-11 21:05:00,205.8,0.0,0.0,"Quốc Lộ 2, Xã Chí Đám, Tỉnh Phú Thọ",0.0,2.0,1,0,0.0,0.0,205.8,0.0,5.0,1,Stopped,0,0,0,0,0,VALID,VALID
21C-04064,2026-08-11 21:08:00,205.8,0.0,0.0,"Quốc Lộ 2, Xã Chí Đám, Tỉnh Phú Thọ",0.0,3.0,1,0,0.0,0.0,205.8,0.0,5.0,1,Stopped,0,0,0,0,0,VALID,VALID
21C-04064,2026-08-11 21:10:00,205.8,0.0,0.0,"Quốc Lộ 2, Xã Chí Đám, Tỉnh Phú Thọ",0.0,2.0,1,0,0.0,0.0,205.8,0.0,5.0,1,Stopped,0,0,0,0,0,VALID,VALID
21C-04064,2026-08-11 21:12:00,205.8,0.0,0.0,"Quốc Lộ 2, Xã Chí Đám, Tỉnh Phú Thọ",0.0,2.0,1,0,0.0,0.0,205.8,0.0,5.0,1,Stopped,0,0,0,0,0,VALID,VALID
21C-04064,2026-08-11 21:14:00,205.8,0.0,0.0,"Quốc Lộ 2, Xã Chí Đám, Tỉnh Phú Thọ",0.0,2.0,1,0,0.0,0.0,205.8,0.0,5.0,1,Stopped,0,0,0,0,0,VALID,VALID
21C-04064,2026-08-11 21:16:00,205.8,0.0,0.0,"Quốc Lộ 2, Xã Chí Đám, Tỉnh Phú Thọ",0.0,2.0,1,0,0.0,0.0,205.8,0.0,5.0,1,Stopped,0,0,0,0,0,VALID,VALID
21C-04064,2026-08-11 21:18:00,205.8,0.0,0.0,"Quốc Lộ 2, Xã Chí Đám, Tỉnh Phú Thọ",0.0,2.0,1,0,0.0,0.0,205.8,0.0,5.0,1,Stopped,0,0,0,0,0,VALID,VALID
21C-04064,2026-08-11 21:21:00,205.8,0.0,0.0,"Quốc Lộ 2, Xã Chí Đám, Tỉnh Phú Thọ",0.0,3.0,1,0,0.0,0.0,205.8,0.0,5.0,1,Stopped,0,0,0,0,0,VALID,VALID
21C-04064,2026-08-11 21:23:00,205.8,0.0,0.0,"Quốc Lộ 2, Xã Chí Đám, Tỉnh Phú Thọ",0.0,2.0,1,0,0.0,0.0,205.8,0.0,5.0,1,Stopped,0,0,0,0,0,VALID,VALID
21C-04064,2026-08-11 21:25:00,205.8,0.0,0.0,"Quốc Lộ 2, Xã Chí Đám, Tỉnh Phú Thọ",0.0,2.0,1,0,0.0,0.0,205.8,0.0,5.0,1,Stopped,0,0,0,0,0,VALID,VALID
21C-04064,2026-08-11 21:27:00,205.8,0.0,0.0,"Quốc Lộ 2, Xã Chí Đám, Tỉnh Phú Thọ",0.0,2.0,1,0,0.0,0.0,205.8,0.0,5.0,1,Stopped,0,0,0,0,0,VALID,VALID
21C-04064,2026-08-11 21:29:00,205.8,0.0,0.0,"Quốc Lộ 2, Xã Chí Đám, Tỉnh Phú Thọ",0.0,2.0,1,0,0.0,0.0,205.8,0.0,5.0,1,Stopped,0,0,0,0,0,VALID,VALID
21C-04064,2026-08-11 21:32:00,205.8,0.0,0.0,"Quốc Lộ 2, Xã Chí Đám, Tỉnh Phú Thọ",0.0,3.0,1,0,0.0,0.0,205.8,0.0,5.0,1,Stopped,0,0,0,0,0,VALID,VALID
21C-04064,2026-08-11 21:34:00,206.0,0.0,0.0,"Quốc Lộ 2, Xã Chí Đám, Tỉnh Phú Thọ",0.0,2.0,1,0,0.19999999999998863,0.09999999999999432,205.8,0.08944271905283024,5.0,1,Stopped,0,0,0,0,0,VALID,VALID
21C-04064,2026-08-11 21:36:00,206.0,0.0,0.0,"Quốc Lộ 2, Xã Chí Đám, Tỉnh Phú Thọ",0.0,2.0,1,0,0.0,0.0,205.8,0.10954451146254061,5.0,1,Stopped,0,0,0,0,0,VALID,VALID
21C-04064,2026-08-11 21:38:00,206.0,0.0,0.0,"Quốc Lộ 2, Xã Chí Đám, Tỉnh Phú Thọ",0.0,2.0,1,0,0.0,0.0,206.0,0.10954451146256072,5.0,1,Stopped,0,0,0,0,0,VALID,VALID
21C-04064,2026-08-11 21:40:00,206.0,0.0,0.0,"Quốc Lộ 2, Xã Chí Đám, Tỉnh Phú Thọ",0.0,2.0,1,0,0.0,0.0,206.0,0.08944271905290412,5.0,1,Stopped,0,0,0,0,0,VALID,VALID
21C-04064,2026-08-11 21:42:00,206.0,0.0,0.0,"Quốc Lộ 2, Xã Chí Đám, Tỉnh Phú Thọ",0.0,2.0,1,0,0.0,0.0,206.0,0.0,5.0,1,Stopped,0,0,0,0,0,VALID,VALID
21C-04064,2026-08-11 21:45:00,206.0,0.0,0.0,"Quốc Lộ 2, Xã Chí Đám, Tỉnh Phú Thọ",0.0,3.0,1,0,0.0,0.0,206.0,0.0,5.0,1,Stopped,0,0,0,0,0,VALID,VALID
21C-04064,2026-08-11 21:47:00,206.0,0.0,0.0,"Quốc Lộ 2, Xã Chí Đám, Tỉnh Phú Thọ",0.0,2.0,1,0,0.0,0.0,206.0,0.0,5.0,1,Stopped,0,0,0,0,0,VALID,VALID
21C-04064,2026-08-11 21:49:00,206.0,0.0,0.0,"Quốc Lộ 2, Xã Chí Đám, Tỉnh Phú Thọ",0.0,2.0,1,0,0.0,0.0,206.0,0.0,5.0,1,Stopped,0,0,0,0,0,VALID,VALID
21C-04064,2026-08-11 21:51:00,206.0,0.0,0.0,"Quốc Lộ 2, Xã Chí Đám, Tỉnh Phú Thọ",0.0,2.0,1,0,0.0,0.0,206.0,0.0,5.0,1,Stopped,0,0,0,0,0,VALID,VALID
21C-04064,2026-08-11 21:53:00,206.0,0.0,0.0,"Quốc Lộ 2, Xã Chí Đám, Tỉnh Phú Thọ",0.0,2.0,1,0,0.0,0.0,206.0,0.0,5.0,1,Stopped,0,0,0,0,0,VALID,VALID
21C-04064,2026-08-11 21:56:00,206.0,0.0,0.0,"Quốc Lộ 2, Xã Chí Đám, Tỉnh Phú Thọ",0.0,3.0,1,0,0.0,0.0,206.0,0.0,5.0,1,Stopped,0,0,0,0,0,VALID,VALID
21C-04064,2026-08-11 21:58:00,206.0,0.0,0.0,"Quốc Lộ 2, Xã Chí Đám, Tỉnh Phú Thọ",0.0,2.0,1,0,0.0,0.0,206.0,0.0,5.0,1,Stopped,0,0,0,0,0,VALID,VALID
21C-04064,2026-08-11 22:00:00,206.0,0.0,0.0,"Quốc Lộ 2, Xã Chí Đám, Tỉnh Phú Thọ",0.0,2.0,1,0,0.0,0.0,206.0,0.0,5.0,1,Stopped,0,0,0,0,0,VALID,VALID
21C-04064,2026-08-11 22:02:00,206.0,0.0,0.0,"Quốc Lộ 2, Xã Chí Đám, Tỉnh Phú Thọ",0.0,2.0,1,0,0.0,0.0,206.0,0.0,5.0,1,Stopped,0,0,0,0,0,VALID,VALID
21C-04064,2026-08-11 22:04:00,206.0,0.0,0.0,"Quốc Lộ 2, Xã Chí Đám, Tỉnh Phú Thọ",0.0,2.0,1,0,0.0,0.0,206.0,0.0,5.0,1,Stopped,0,0,0,0,0,VALID,VALID
21C-04064,2026-08-11 22:06:00,206.0,0.0,0.0,"Quốc Lộ 2, Xã Chí Đám, Tỉnh Phú Thọ",0.0,2.0,1,0,0.0,0.0,206.0,0.0,5.0,1,Stopped,0,0,0,0,0,VALID,VALID
21C-04064,2026-08-11 22:09:00,206.0,0.0,0.0,"Quốc Lộ 2, Xã Chí Đám, Tỉnh Phú Thọ",0.0,3.0,1,0,0.0,0.0,206.0,0.0,5.0,1,Stopped,0,0,0,0,0,VALID,VALID
21C-04064,2026-08-11 22:11:00,206.0,0.0,0.0,"Quốc Lộ 2, Xã Chí Đám, Tỉnh Phú Thọ",0.0,2.0,1,0,0.0,0.0,206.0,0.0,5.0,1,Stopped,0,0,0,0,0,VALID,VALID
21C-04064,2026-08-11 22:13:00,206.0,0.0,0.0,"Quốc Lộ 2, Xã Chí Đám, Tỉnh Phú Thọ",0.0,2.0,1,0,0.0,0.0,206.0,0.0,5.0,1,Stopped,0,0,0,0,0,VALID,VALID
21C-04064,2026-08-11 22:15:00,206.0,0.0,0.0,"Quốc Lộ 2, Xã Chí Đám, Tỉnh Phú Thọ",0.0,2.0,1,0,0.0,0.0,206.0,0.0,5.0,1,Stopped,0,0,0,0,0,VALID,VALID
21C-04064,2026-08-11 22:17:00,206.0,0.0,0.0,"Quốc Lộ 2, Xã Chí Đám, Tỉnh Phú Thọ",0.0,2.0,1,0,0.0,0.0,206.0,0.0,5.0,1,Stopped,0,0,0,0,0,VALID,VALID
21C-04064,2026-08-11 22:20:00,206.0,0.0,0.0,"Quốc Lộ 2, Xã Chí Đám, Tỉnh Phú Thọ",0.0,3.0,1,0,0.0,0.0,206.0,0.0,5.0,1,Stopped,0,0,0,0,0,VALID,VALID
21C-04064,2026-08-11 22:22:00,206.0,0.0,0.0,"Quốc Lộ 2, Xã Chí Đám, Tỉnh Phú Thọ",0.0,2.0,1,0,0.0,0.0,206.0,0.0,5.0,1,Stopped,0,0,0,0,0,VALID,VALID
21C-04064,2026-08-11 22:24:00,206.0,0.0,0.0,"Quốc Lộ 2, Xã Chí Đám, Tỉnh Phú Thọ",0.0,2.0,1,0,0.0,0.0,206.0,0.0,5.0,1,Stopped,0,0,0,0,0,VALID,VALID
21C-04064,2026-08-11 22:26:00,206.0,0.0,0.0,"Quốc Lộ 2, Xã Chí Đám, Tỉnh Phú Thọ",0.0,2.0,1,0,0.0,0.0,206.0,0.0,5.0,1,Stopped,0,0,0,0,0,VALID,VALID
21C-04064,2026-08-11 22:28:00,206.0,0.0,0.0,"Quốc Lộ 2, Xã Chí Đám, Tỉnh Phú Thọ",0.0,2.0,1,0,0.0,0.0,206.0,0.0,5.0,1,Stopped,0,0,0,0,0,VALID,VALID
21C-04064,2026-08-11 22:30:00,206.0,0.0,0.0,"Quốc Lộ 2, Xã Chí Đám, Tỉnh Phú Thọ",0.0,2.0,1,0,0.0,0.0,206.0,0.0,5.0,1,Stopped,0,0,0,0,0,VALID,VALID
21C-04064,2026-08-11 22:33:00,206.0,0.0,0.0,"Quốc Lộ 2, Xã Chí Đám, Tỉnh Phú Thọ",0.0,3.0,1,0,0.0,0.0,206.0,0.0,5.0,1,Stopped,0,0,0,0,0,VALID,VALID
21C-04064,2026-08-11 22:35:00,206.0,0.0,0.0,"Quốc Lộ 2, Xã Chí Đám, Tỉnh Phú Thọ",0.0,2.0,1,0,0.0,0.0,206.0,0.0,5.0,1,Stopped,0,0,0,0,0,VALID,VALID
21C-04064,2026-08-11 22:37:00,206.0,0.0,0.0,"Quốc Lộ 2, Xã Chí Đám, Tỉnh Phú Thọ",0.0,2.0,1,0,0.0,0.0,206.0,0.0,5.0,1,Stopped,0,0,0,0,0,VALID,VALID
21C-04064,2026-08-11 22:39:00,206.0,0.0,0.0,"Quốc Lộ 2, Xã Chí Đám, Tỉnh Phú Thọ",0.0,2.0,1,0,0.0,0.0,206.0,0.0,5.0,1,Stopped,0,0,0,0,0,VALID,VALID
21C-04064,2026-08-11 22:42:00,206.0,0.0,0.0,"Quốc Lộ 2, Xã Chí Đám, Tỉnh Phú Thọ",0.0,3.0,1,0,0.0,0.0,206.0,0.0,5.0,1,Stopped,0,0,0,0,0,VALID,VALID
21C-04064,2026-08-11 22:44:00,206.0,0.0,0.0,"Quốc Lộ 2, Xã Chí Đám, Tỉnh Phú Thọ",0.0,2.0,1,0,0.0,0.0,206.0,0.0,5.0,1,Stopped,0,0,0,0,0,VALID,VALID
21C-04064,2026-08-11 22:46:00,206.0,0.0,0.0,"Quốc Lộ 2, Xã Chí Đám, Tỉnh Phú Thọ",0.0,2.0,1,0,0.0,0.0,206.0,0.0,5.0,1,Stopped,0,0,0,0,0,VALID,VALID
21C-04064,2026-08-11 22:48:00,206.0,0.0,0.0,"Quốc Lộ 2, Xã Chí Đám, Tỉnh Phú Thọ",0.0,2.0,1,0,0.0,0.0,206.0,0.0,5.0,1,Stopped,0,0,0,0,0,VALID,VALID
21C-04064,2026-08-11 22:50:00,206.0,0.0,0.0,"Quốc Lộ 2, Xã Chí Đám, Tỉnh Phú Thọ",0.0,2.0,1,0,0.0,0.0,206.0,0.0,5.0,1,Stopped,0,0,0,0,0,VALID,VALID
21C-04064,2026-08-11 22:52:00,206.0,0.0,0.0,"Quốc Lộ 2, Xã Chí Đám, Tỉnh Phú Thọ",0.0,2.0,1,0,0.0,0.0,206.0,0.0,5.0,1,Stopped,0,0,0,0,0,VALID,VALID
21C-04064,2026-08-11 22:55:00,206.1,0.0,0.0,"Quốc Lộ 2, Xã Chí Đám, Tỉnh Phú Thọ",0.0,3.0,1,0,0.09999999999999432,0.03333333333333144,206.0,0.04472135945590793,5.0,1,Stopped,0,0,0,0,0,VALID,VALID
21C-04064,2026-08-11 22:57:00,206.1,0.0,0.0,"Quốc Lộ 2, Xã Chí Đám, Tỉnh Phú Thọ",0.0,2.0,1,0,0.0,0.0,206.0,0.05477225567371067,5.0,1,Stopped,0,0,0,0,0,VALID,VALID
21C-04064,2026-08-11 22:59:00,206.1,0.0,0.0,"Quốc Lộ 2, Xã Chí Đám, Tỉnh Phú Thọ",0.0,2.0,1,0,0.0,0.0,206.1,0.05477225567372494,5.0,1,Stopped,0,0,0,0,0,VALID,VALID
21C-04064,2026-08-11 23:01:00,206.1,0.0,0.0,"Quốc Lộ 2, Xã Chí Đám, Tỉnh Phú Thọ",0.0,2.0,1,0,0.0,0.0,206.1,0.04472135945596235,5.0,1,Stopped,0,0,0,0,0,VALID,VALID
21C-04064,2026-08-11 23:03:00,206.1,0.0,0.0,"Quốc Lộ 2, Xã Chí Đám, Tỉnh Phú Thọ",0.0,2.0,1,0,0.0,0.0,206.1,0.0,5.0,1,Stopped,0,0,0,0,0,VALID,VALID
21C-04064,2026-08-11 23:06:00,206.1,0.0,0.0,"Quốc Lộ 2, Xã Chí Đám, Tỉnh Phú Thọ",0.0,3.0,1,0,0.0,0.0,206.1,0.0,5.0,1,Stopped,0,0,0,0,0,VALID,VALID
21C-04064,2026-08-11 23:08:00,206.1,0.0,0.0,"Quốc Lộ 2, Xã Chí Đám, Tỉnh Phú Thọ",0.0,2.0,1,0,0.0,0.0,206.1,0.0,5.0,1,Stopped,0,0,0,0,0,VALID,VALID
21C-04064,2026-08-11 23:10:00,206.1,0.0,0.0,"Quốc Lộ 2, Xã Chí Đám, Tỉnh Phú Thọ",0.0,2.0,1,0,0.0,0.0,206.1,0.0,5.0,1,Stopped,0,0,0,0,0,VALID,VALID
21C-04064,2026-08-11 23:12:00,206.1,0.0,0.0,"Quốc Lộ 2, Xã Chí Đám, Tỉnh Phú Thọ",0.0,2.0,1,0,0.0,0.0,206.1,0.0,5.0,1,Stopped,0,0,0,0,0,VALID,VALID
21C-04064,2026-08-11 23:14:00,206.1,0.0,0.0,"Quốc Lộ 2, Xã Chí Đám, Tỉnh Phú Thọ",0.0,2.0,1,0,0.0,0.0,206.1,0.0,5.0,1,Stopped,0,0,0,0,0,VALID,VALID
21C-04064,2026-08-11 23:16:00,206.1,0.0,0.0,"Quốc Lộ 2, Xã Chí Đám, Tỉnh Phú Thọ",0.0,2.0,1,0,0.0,0.0,206.1,0.0,5.0,1,Stopped,0,0,0,0,0,VALID,VALID
21C-04064,2026-08-11 23:19:00,206.1,0.0,0.0,"Quốc Lộ 2, Xã Chí Đám, Tỉnh Phú Thọ",0.0,3.0,1,0,0.0,0.0,206.1,0.0,5.0,1,Stopped,0,0,0,0,0,VALID,VALID
21C-04064,2026-08-11 23:21:00,206.1,0.0,0.0,"Quốc Lộ 2, Xã Chí Đám, Tỉnh Phú Thọ",0.0,2.0,1,0,0.0,0.0,206.1,0.0,5.0,1,Stopped,0,0,0,0,0,VALID,VALID
21C-04064,2026-08-11 23:23:00,206.1,0.0,0.0,"Quốc Lộ 2, Xã Chí Đám, Tỉnh Phú Thọ",0.0,2.0,1,0,0.0,0.0,206.1,0.0,5.0,1,Stopped,0,0,0,0,0,VALID,VALID
21C-04064,2026-08-11 23:25:00,206.1,0.0,0.0,"Quốc Lộ 2, Xã Chí Đám, Tỉnh Phú Thọ",0.0,2.0,1,0,0.0,0.0,206.1,0.0,5.0,1,Stopped,0,0,0,0,0,VALID,VALID
21C-04064,2026-08-11 23:27:00,206.1,0.0,0.0,"Quốc Lộ 2, Xã Chí Đám, Tỉnh Phú Thọ",0.0,2.0,1,0,0.0,0.0,206.1,0.0,5.0,1,Stopped,0,0,0,0,0,VALID,VALID
21C-04064,2026-08-11 23:30:00,206.1,0.0,0.0,"Quốc Lộ 2, Xã Chí Đám, Tỉnh Phú Thọ",0.0,3.0,1,0,0.0,0.0,206.1,0.0,5.0,1,Stopped,0,0,0,0,0,VALID,VALID
21C-04064,2026-08-11 23:32:00,206.1,0.0,0.0,"Quốc Lộ 2, Xã Chí Đám, Tỉnh Phú Thọ",0.0,2.0,1,0,0.0,0.0,206.1,0.0,5.0,1,Stopped,0,0,0,0,0,VALID,VALID
21C-04064,2026-08-11 23:34:00,206.1,0.0,0.0,"Quốc Lộ 2, Xã Chí Đám, Tỉnh Phú Thọ",0.0,2.0,1,0,0.0,0.0,206.1,0.0,5.0,1,Stopped,0,0,0,0,0,VALID,VALID
21C-04064,2026-08-11 23:36:00,206.1,0.0,0.0,"Quốc Lộ 2, Xã Chí Đám, Tỉnh Phú Thọ",0.0,2.0,1,0,0.0,0.0,206.1,0.0,5.0,1,Stopped,0,0,0,0,0,VALID,VALID
21C-04064,2026-08-11 23:38:00,206.1,0.0,0.0,"Quốc Lộ 2, Xã Chí Đám, Tỉnh Phú Thọ",0.0,2.0,1,0,0.0,0.0,206.1,0.0,5.0,1,Stopped,0,0,0,0,0,VALID,VALID
21C-04064,2026-08-11 23:40:00,206.3,0.0,0.0,"Quốc Lộ 2, Xã Chí Đám, Tỉnh Phú Thọ",0.0,2.0,1,0,0.20000000000001705,0.10000000000000853,206.1,0.0894427190530338,5.0,1,Stopped,0,0,0,0,0,VALID,VALID
21C-04064,2026-08-11 23:43:00,206.3,0.0,0.0,"Quốc Lộ 2, Xã Chí Đám, Tỉnh Phú Thọ",0.0,3.0,1,0,0.0,0.0,206.1,0.10954451146272239,5.0,1,Stopped,0,0,0,0,0,VALID,VALID
21C-04064,2026-08-11 23:45:00,206.3,0.0,0.0,"Quốc Lộ 2, Xã Chí Đám, Tỉnh Phú Thọ",0.0,2.0,1,0,0.0,0.0,206.3,0.10954451146274834,5.0,1,Stopped,0,0,0,0,0,VALID,VALID
21C-04064,2026-08-11 23:47:00,206.4,0.0,0.0,"Quốc Lộ 2, Xã Chí Đám, Tỉnh Phú Thọ",0.0,2.0,1,0,0.09999999999999432,0.04999999999999716,206.3,0.10954451146278335,5.0,1,Stopped,0,0,0,0,0,VALID,VALID
21C-04064,2026-08-11 23:49:00,206.4,0.0,0.0,"Quốc Lộ 2, Xã Chí Đám, Tỉnh Phú Thọ",0.0,2.0,1,0,0.0,0.0,206.3,0.054772255674088485,5.0,1,Stopped,0,0,0,0,0,VALID,VALID
21C-04064,2026-08-11 23:51:00,206.3,0.0,0.0,"Quốc Lộ 2, Xã Chí Đám, Tỉnh Phú Thọ",0.0,2.0,1,0,-0.09999999999999432,-0.04999999999999716,206.3,0.054772255674088485,5.0,1,Stopped,0,0,0,0,0,VALID,VALID
21C-04064,2026-08-11 23:54:00,206.3,0.0,0.0,"Quốc Lộ 2, Xã Chí Đám, Tỉnh Phú Thọ",0.0,3.0,1,0,0.0,0.0,206.3,0.054772255674088485,5.0,1,Stopped,0,0,0,0,0,VALID,VALID
21C-04064,2026-08-11 23:56:00,206.3,0.0,0.0,"Quốc Lộ 2, Xã Chí Đám, Tỉnh Phú Thọ",0.0,2.0,1,0,0.0,0.0,206.3,0.054772255674088485,5.0,1,Stopped,0,0,0,0,0,VALID,VALID
21C-04064,2026-08-11 23:58:00,206.3,0.0,0.0,"Quốc Lộ 2, Xã Chí Đám, Tỉnh Phú Thọ",0.0,2.0,1,0,0.0,0.0,206.3,0.04472135945635636,5.0,1,Stopped,0,0,0,0,0,VALID,VALID
21C-04064,2026-08-12 00:00:00,206.3,0.0,0.0,"Quốc Lộ 2, Xã Chí Đám, Tỉnh Phú Thọ",0.0,2.0,1,0,0.0,0.0,206.3,0.0,5.0,1,Stopped,0,0,0,0,0,VALID,VALID
21C-04064,2026-08-12 00:02:00,206.3,0.0,0.0,"Quốc Lộ 2, Xã Chí Đám, Tỉnh Phú Thọ",0.0,2.0,1,0,0.0,0.0,206.3,0.0,5.0,1,Stopped,0,0,0,0,0,VALID,VALID
21C-04064,2026-08-12 00:04:00,206.3,0.0,0.0,"Quốc Lộ 2, Xã Chí Đám, Tỉnh Phú Thọ",0.0,2.0,1,0,0.0,0.0,206.3,0.0,5.0,1,Stopped,0,0,0,0,0,VALID,VALID
21C-04064,2026-08-12 00:06:00,206.3,0.0,0.0,"Quốc Lộ 2, Xã Chí Đám, Tỉnh Phú Thọ",0.0,2.0,1,0,0.0,0.0,206.3,0.0,5.0,1,Stopped,0,0,0,0,0,VALID,VALID
21C-04064,2026-08-12 00:08:00,206.3,0.0,0.0,"Quốc Lộ 2, Xã Chí Đám, Tỉnh Phú Thọ",0.0,2.0,1,0,0.0,0.0,206.3,0.0,5.0,1,Stopped,0,0,0,0,0,VALID,VALID
21C-04064,2026-08-12 00:10:00,206.3,0.0,0.0,"Quốc Lộ 2, Xã Chí Đám, Tỉnh Phú Thọ",0.0,2.0,1,0,0.0,0.0,206.3,0.0,5.0,1,Stopped,0,0,0,0,0,VALID,VALID
21C-04064,2026-08-12 00:12:00,206.3,0.0,0.0,"Quốc Lộ 2, Xã Chí Đám, Tỉnh Phú Thọ",0.0,2.0,1,0,0.0,0.0,206.3,0.0,5.0,1,Stopped,0,0,0,0,0,VALID,VALID
21C-04064,2026-08-12 00:15:00,206.3,0.0,0.0,"Quốc Lộ 2, Xã Chí Đám, Tỉnh Phú Thọ",0.0,3.0,1,0,0.0,0.0,206.3,0.0,5.0,1,Stopped,0,0,0,0,0,VALID,VALID
21C-04064,2026-08-12 00:17:00,206.3,0.0,0.0,"Quốc Lộ 2, Xã Chí Đám, Tỉnh Phú Thọ",0.0,2.0,1,0,0.0,0.0,206.3,0.0,5.0,1,Stopped,0,0,0,0,0,VALID,VALID
21C-04064,2026-08-12 00:19:00,206.3,0.0,0.0,"Quốc Lộ 2, Xã Chí Đám, Tỉnh Phú Thọ",0.0,2.0,1,0,0.0,0.0,206.3,0.0,5.0,1,Stopped,0,0,0,0,0,VALID,VALID
21C-04064,2026-08-12 00:21:00,206.3,0.0,0.0,"Quốc Lộ 2, Xã Chí Đám, Tỉnh Phú Thọ",0.0,2.0,1,0,0.0,0.0,206.3,0.0,5.0,1,Stopped,0,0,0,0,0,VALID,VALID
21C-04064,2026-08-12 00:24:00,206.3,0.0,0.0,"Quốc Lộ 2, Xã Chí Đám, Tỉnh Phú Thọ",0.0,3.0,1,0,0.0,0.0,206.3,0.0,5.0,1,Stopped,0,0,0,0,0,VALID,VALID
21C-04064,2026-08-12 00:26:00,206.3,0.0,0.0,"Quốc Lộ 2, Xã Chí Đám, Tỉnh Phú Thọ",0.0,2.0,1,0,0.0,0.0,206.3,0.0,5.0,1,Stopped,0,0,0,0,0,VALID,VALID
21C-04064,2026-08-12 00:28:00,206.3,0.0,0.0,"Quốc Lộ 2, Xã Chí Đám, Tỉnh Phú Thọ",0.0,2.0,1,0,0.0,0.0,206.3,0.0,5.0,1,Stopped,0,0,0,0,0,VALID,VALID
21C-04064,2026-08-12 00:30:00,206.4,0.0,0.0,"Quốc Lộ 2, Xã Chí Đám, Tỉnh Phú Thọ",0.0,2.0,1,0,0.09999999999999432,0.04999999999999716,206.3,0.04472135945634205,5.0,1,Stopped,0,0,0,0,0,VALID,VALID
21C-04064,2026-08-12 00:32:00,206.4,0.0,0.0,"Quốc Lộ 2, Xã Chí Đám, Tỉnh Phú Thọ",0.0,2.0,1,0,0.0,0.0,206.3,0.05477225567406512,5.0,1,Stopped,0,0,0,0,0,VALID,VALID
21C-04064,2026-08-12 00:34:00,206.4,0.0,0.0,"Quốc Lộ 2, Xã Chí Đám, Tỉnh Phú Thọ",0.0,2.0,1,0,0.0,0.0,206.4,0.054772255674079395,5.0,1,Stopped,0,0,0,0,0,VALID,VALID
21C-04064,2026-08-12 00:37:00,206.4,0.0,0.0,"Quốc Lộ 2, Xã Chí Đám, Tỉnh Phú Thọ",0.0,3.0,1,0,0.0,0.0,206.4,0.044721359456396464,5.0,1,Stopped,0,0,0,0,0,VALID,VALID
21C-04064,2026-08-12 00:39:00,206.4,0.0,0.0,"Quốc Lộ 2, Xã Chí Đám, Tỉnh Phú Thọ",0.0,2.0,1,0,0.0,0.0,206.4,0.0,5.0,1,Stopped,0,0,0,0,0,VALID,VALID
21C-04064,2026-08-12 00:41:00,206.4,0.0,0.0,"Quốc Lộ 2, Xã Chí Đám, Tỉnh Phú Thọ",0.0,2.0,1,0,0.0,0.0,206.4,0.0,5.0,1,Stopped,0,0,0,0,0,VALID,VALID
21C-04064,2026-08-12 00:43:00,206.4,0.0,0.0,"Quốc Lộ 2, Xã Chí Đám, Tỉnh Phú Thọ",0.0,2.0,1,0,0.0,0.0,206.4,0.0,5.0,1,Stopped,0,0,0,0,0,VALID,VALID
21C-04064,2026-08-12 00:45:00,206.4,0.0,0.0,"Quốc Lộ 2, Xã Chí Đám, Tỉnh Phú Thọ",0.0,2.0,1,0,0.0,0.0,206.4,0.0,5.0,1,Stopped,0,0,0,0,0,VALID,VALID
21C-04064,2026-08-12 00:48:00,206.4,0.0,0.0,"Quốc Lộ 2, Xã Chí Đám, Tỉnh Phú Thọ",0.0,3.0,1,0,0.0,0.0,206.4,0.0,5.0,1,Stopped,0,0,0,0,0,VALID,VALID
21C-04064,2026-08-12 00:50:00,206.4,0.0,0.0,"Quốc Lộ 2, Xã Chí Đám, Tỉnh Phú Thọ",0.0,2.0,1,0,0.0,0.0,206.4,0.0,5.0,1,Stopped,0,0,0,0,0,VALID,VALID
21C-04064,2026-08-12 00:52:00,206.4,0.0,0.0,"Quốc Lộ 2, Xã Chí Đám, Tỉnh Phú Thọ",0.0,2.0,1,0,0.0,0.0,206.4,0.0,5.0,1,Stopped,0,0,0,0,0,VALID,VALID
21C-04064,2026-08-12 00:54:00,206.4,0.0,0.0,"Quốc Lộ 2, Xã Chí Đám, Tỉnh Phú Thọ",0.0,2.0,1,0,0.0,0.0,206.4,0.0,5.0,1,Stopped,0,0,0,0,0,VALID,VALID
21C-04064,2026-08-12 00:56:00,206.4,0.0,0.0,"Quốc Lộ 2, Xã Chí Đám, Tỉnh Phú Thọ",0.0,2.0,1,0,0.0,0.0,206.4,0.0,5.0,1,Stopped,0,0,0,0,0,VALID,VALID
21C-04064,2026-08-12 00:58:00,206.4,0.0,0.0,"Quốc Lộ 2, Xã Chí Đám, Tỉnh Phú Thọ",0.0,2.0,1,0,0.0,0.0,206.4,0.0,5.0,1,Stopped,0,0,0,0,0,VALID,VALID
21C-04064,2026-08-12 01:01:00,206.4,0.0,0.0,"Quốc Lộ 2, Xã Chí Đám, Tỉnh Phú Thọ",0.0,3.0,1,0,0.0,0.0,206.4,0.0,5.0,1,Stopped,0,0,0,0,0,VALID,VALID
21C-04064,2026-08-12 01:03:00,206.4,0.0,0.0,"Quốc Lộ 2, Xã Chí Đám, Tỉnh Phú Thọ",0.0,2.0,1,0,0.0,0.0,206.4,0.0,5.0,1,Stopped,0,0,0,0,0,VALID,VALID
21C-04064,2026-08-12 01:05:00,206.4,0.0,0.0,"Quốc Lộ 2, Xã Chí Đám, Tỉnh Phú Thọ",0.0,2.0,1,0,0.0,0.0,206.4,0.0,5.0,1,Stopped,0,0,0,0,0,VALID,VALID
21C-04064,2026-08-12 01:07:00,206.4,0.0,0.0,"Quốc Lộ 2, Xã Chí Đám, Tỉnh Phú Thọ",0.0,2.0,1,0,0.0,0.0,206.4,0.0,5.0,1,Stopped,0,0,0,0,0,VALID,VALID
21C-04064,2026-08-12 01:09:00,206.4,0.0,0.0,"Quốc Lộ 2, Xã Chí Đám, Tỉnh Phú Thọ",0.0,2.0,1,0,0.0,0.0,206.4,0.0,5.0,1,Stopped,0,0,0,0,0,VALID,VALID
21C-04064,2026-08-12 01:12:00,206.4,0.0,0.0,"Quốc Lộ 2, Xã Chí Đám, Tỉnh Phú Thọ",0.0,3.0,1,0,0.0,0.0,206.4,0.0,5.0,1,Stopped,0,0,0,0,0,VALID,VALID
21C-04064,2026-08-12 01:14:00,206.4,0.0,0.0,"Quốc Lộ 2, Xã Chí Đám, Tỉnh Phú Thọ",0.0,2.0,1,0,0.0,0.0,206.4,0.0,5.0,1,Stopped,0,0,0,0,0,VALID,VALID
21C-04064,2026-08-12 01:16:00,206.4,0.0,0.0,"Quốc Lộ 2, Xã Chí Đám, Tỉnh Phú Thọ",0.0,2.0,1,0,0.0,0.0,206.4,0.0,5.0,1,Stopped,0,0,0,0,0,VALID,VALID
21C-04064,2026-08-12 01:18:00,206.4,0.0,0.0,"Quốc Lộ 2, Xã Chí Đám, Tỉnh Phú Thọ",0.0,2.0,1,0,0.0,0.0,206.4,0.0,5.0,1,Stopped,0,0,0,0,0,VALID,VALID
21C-04064,2026-08-12 01:20:00,206.4,0.0,0.0,"Quốc Lộ 2, Xã Chí Đám, Tỉnh Phú Thọ",0.0,2.0,1,0,0.0,0.0,206.4,0.0,5.0,1,Stopped,0,0,0,0,0,VALID,VALID
21C-04064,2026-08-12 01:22:00,206.4,0.0,0.0,"Quốc Lộ 2, Xã Chí Đám, Tỉnh Phú Thọ",0.0,2.0,1,0,0.0,0.0,206.4,0.0,5.0,1,Stopped,0,0,0,0,0,VALID,VALID
21C-04064,2026-08-12 01:25:00,206.4,0.0,0.0,"Quốc Lộ 2, Xã Chí Đám, Tỉnh Phú Thọ",0.0,3.0,1,0,0.0,0.0,206.4,0.0,5.0,1,Stopped,0,0,0,0,0,VALID,VALID
21C-04064,2026-08-12 01:27:00,206.6,0.0,0.0,"Quốc Lộ 2, Xã Chí Đám, Tỉnh Phú Thọ",0.0,2.0,1,0,0.19999999999998863,0.09999999999999432,206.4,0.08944271905323657,5.0,1,Stopped,0,0,0,0,0,VALID,VALID
21C-04064,2026-08-12 01:29:00,206.6,0.0,0.0,"Quốc Lộ 2, Xã Chí Đám, Tỉnh Phú Thọ",0.0,2.0,1,0,0.0,0.0,206.4,0.10954451146288405,5.0,1,Stopped,0,0,0,0,0,VALID,VALID
21C-04064,2026-08-12 01:31:00,206.6,0.0,0.0,"Quốc Lộ 2, Xã Chí Đám, Tỉnh Phú Thọ",0.0,2.0,1,0,0.0,0.0,206.6,0.10954451146291583,5.0,1,Stopped,0,0,0,0,0,VALID,VALID
21C-04064,2026-08-12 01:33:00,206.6,0.0,0.0,"Quốc Lộ 2, Xã Chí Đám, Tỉnh Phú Thọ",0.0,2.0,1,0,0.0,0.0,206.6,0.08944271905335334,5.0,1,Stopped,0,0,0,0,0,VALID,VALID
21C-04064,2026-08-12 01:36:00,206.6,0.0,0.0,"Quốc Lộ 2, Xã Chí Đám, Tỉnh Phú Thọ",0.0,3.0,1,0,0.0,0.0,206.6,0.0,5.0,1,Stopped,0,0,0,0,0,VALID,VALID
21C-04064,2026-08-12 01:38:00,206.6,0.0,0.0,"Quốc Lộ 2, Xã Chí Đám, Tỉnh Phú Thọ",0.0,2.0,1,0,0.0,0.0,206.6,0.0,5.0,1,Stopped,0,0,0,0,0,VALID,VALID
21C-04064,2026-08-12 01:40:00,206.6,0.0,0.0,"Quốc Lộ 2, Xã Chí Đám, Tỉnh Phú Thọ",0.0,2.0,1,0,0.0,0.0,206.6,0.0,5.0,1,Stopped,0,0,0,0,0,VALID,VALID
21C-04064,2026-08-12 01:42:00,206.6,0.0,0.0,"Quốc Lộ 2, Xã Chí Đám, Tỉnh Phú Thọ",0.0,2.0,1,0,0.0,0.0,206.6,0.0,5.0,1,Stopped,0,0,0,0,0,VALID,VALID
21C-04064,2026-08-12 01:44:00,206.6,0.0,0.0,"Quốc Lộ 2, Xã Chí Đám, Tỉnh Phú Thọ",0.0,2.0,1,0,0.0,0.0,206.6,0.0,5.0,1,Stopped,0,0,0,0,0,VALID,VALID
21C-04064,2026-08-12 01:46:00,206.6,0.0,0.0,"Quốc Lộ 2, Xã Chí Đám, Tỉnh Phú Thọ",0.0,2.0,1,0,0.0,0.0,206.6,0.0,5.0,1,Stopped,0,0,0,0,0,VALID,VALID
21C-04064,2026-08-12 01:49:00,206.6,0.0,0.0,"Quốc Lộ 2, Xã Chí Đám, Tỉnh Phú Thọ",0.0,3.0,1,0,0.0,0.0,206.6,0.0,5.0,1,Stopped,0,0,0,0,0,VALID,VALID
21C-04064,2026-08-12 01:51:00,206.6,0.0,0.0,"Quốc Lộ 2, Xã Chí Đám, Tỉnh Phú Thọ",0.0,2.0,1,0,0.0,0.0,206.6,0.0,5.0,1,Stopped,0,0,0,0,0,VALID,VALID
21C-04064,2026-08-12 01:53:00,206.6,0.0,0.0,"Quốc Lộ 2, Xã Chí Đám, Tỉnh Phú Thọ",0.0,2.0,1,0,0.0,0.0,206.6,0.0,5.0,1,Stopped,0,0,0,0,0,VALID,VALID
21C-04064,2026-08-12 01:55:00,206.6,0.0,0.0,"Quốc Lộ 2, Xã Chí Đám, Tỉnh Phú Thọ",0.0,2.0,1,0,0.0,0.0,206.6,0.0,5.0,1,Stopped,0,0,0,0,0,VALID,VALID
21C-04064,2026-08-12 01:57:00,206.6,0.0,0.0,"Quốc Lộ 2, Xã Chí Đám, Tỉnh Phú Thọ",0.0,2.0,1,0,0.0,0.0,206.6,0.0,5.0,1,Stopped,0,0,0,0,0,VALID,VALID
21C-04064,2026-08-12 02:00:00,206.6,0.0,0.0,"Quốc Lộ 2, Xã Chí Đám, Tỉnh Phú Thọ",0.0,3.0,1,0,0.0,0.0,206.6,0.0,5.0,1,Stopped,0,0,0,0,0,VALID,VALID
21C-04064,2026-08-12 02:02:00,206.6,0.0,0.0,"Quốc Lộ 2, Xã Chí Đám, Tỉnh Phú Thọ",0.0,2.0,1,0,0.0,0.0,206.6,0.0,5.0,1,Stopped,0,0,0,0,0,VALID,VALID
21C-04064,2026-08-12 02:04:00,206.6,0.0,0.0,"Quốc Lộ 2, Xã Chí Đám, Tỉnh Phú Thọ",0.0,2.0,1,0,0.0,0.0,206.6,0.0,5.0,1,Stopped,0,0,0,0,0,VALID,VALID
21C-04064,2026-08-12 02:06:00,206.4,0.0,0.0,"Quốc Lộ 2, Xã Chí Đám, Tỉnh Phú Thọ",0.0,2.0,1,0,-0.19999999999998863,-0.09999999999999432,206.6,0.08944271905335334,5.0,1,Stopped,0,0,0,0,0,VALID,VALID
21C-04064,2026-08-12 02:08:00,206.6,0.0,0.0,"Quốc Lộ 2, Xã Chí Đám, Tỉnh Phú Thọ",0.0,2.0,1,0,0.19999999999998863,0.09999999999999432,206.6,0.08944271905335334,5.0,1,Stopped,0,0,0,0,0,VALID,VALID
21C-04064,2026-08-12 02:10:00,206.6,0.0,0.0,"Quốc Lộ 2, Xã Chí Đám, Tỉnh Phú Thọ",0.0,2.0,1,0,0.0,0.0,206.6,0.08944271905335334,5.0,1,Stopped,0,0,0,0,0,VALID,VALID
21C-04064,2026-08-12 02:12:00,206.6,0.0,0.0,"Quốc Lộ 2, Xã Chí Đám, Tỉnh Phú Thọ",0.0,2.0,1,0,0.0,0.0,206.6,0.08944271905335334,5.0,1,Stopped,0,0,0,0,0,VALID,VALID
21C-04064,2026-08-12 02:14:00,206.6,0.0,0.0,"Quốc Lộ 2, Xã Chí Đám, Tỉnh Phú Thọ",0.0,2.0,1,0,0.0,0.0,206.6,0.08944271905335334,5.0,1,Stopped,0,0,0,0,0,VALID,VALID
21C-04064,2026-08-12 02:16:00,206.6,0.0,0.0,"Quốc Lộ 2, Xã Chí Đám, Tỉnh Phú Thọ",0.0,2.0,1,0,0.0,0.0,206.6,0.0,5.0,1,Stopped,0,0,0,0,0,VALID,VALID
21C-04064,2026-08-12 02:18:00,206.6,0.0,0.0,"Quốc Lộ 2, Xã Chí Đám, Tỉnh Phú Thọ",0.0,2.0,1,0,0.0,0.0,206.6,0.0,5.0,1,Stopped,0,0,0,0,0,VALID,VALID
21C-04064,2026-08-12 02:20:00,206.6,0.0,0.0,"Quốc Lộ 2, Xã Chí Đám, Tỉnh Phú Thọ",0.0,2.0,1,0,0.0,0.0,206.6,0.0,5.0,1,Stopped,0,0,0,0,0,VALID,VALID
21C-04064,2026-08-12 02:23:00,206.6,0.0,0.0,"Quốc Lộ 2, Xã Chí Đám, Tỉnh Phú Thọ",0.0,3.0,1,0,0.0,0.0,206.6,0.0,5.0,1,Stopped,0,0,0,0,0,VALID,VALID
21C-04064,2026-08-12 02:25:00,206.6,0.0,0.0,"Quốc Lộ 2, Xã Chí Đám, Tỉnh Phú Thọ",0.0,2.0,1,0,0.0,0.0,206.6,0.0,5.0,1,Stopped,0,0,0,0,0,VALID,VALID
21C-04064,2026-08-12 02:27:00,206.6,0.0,0.0,"Quốc Lộ 2, Xã Chí Đám, Tỉnh Phú Thọ",0.0,2.0,1,0,0.0,0.0,206.6,0.0,5.0,1,Stopped,0,0,0,0,0,VALID,VALID
21C-04064,2026-08-12 02:29:00,206.6,0.0,0.0,"Quốc Lộ 2, Xã Chí Đám, Tỉnh Phú Thọ",0.0,2.0,1,0,0.0,0.0,206.6,0.0,5.0,1,Stopped,0,0,0,0,0,VALID,VALID
21C-04064,2026-08-12 02:32:00,206.6,0.0,0.0,"Quốc Lộ 2, Xã Chí Đám, Tỉnh Phú Thọ",0.0,3.0,1,0,0.0,0.0,206.6,0.0,5.0,1,Stopped,0,0,0,0,0,VALID,VALID
21C-04064,2026-08-12 02:34:00,206.6,0.0,0.0,"Quốc Lộ 2, Xã Chí Đám, Tỉnh Phú Thọ",0.0,2.0,1,0,0.0,0.0,206.6,0.0,5.0,1,Stopped,0,0,0,0,0,VALID,VALID
21C-04064,2026-08-12 02:36:00,206.6,0.0,0.0,"Quốc Lộ 2, Xã Chí Đám, Tỉnh Phú Thọ",0.0,2.0,1,0,0.0,0.0,206.6,0.0,5.0,1,Stopped,0,0,0,0,0,VALID,VALID
21C-04064,2026-08-12 02:38:00,206.6,0.0,0.0,"Quốc Lộ 2, Xã Chí Đám, Tỉnh Phú Thọ",0.0,2.0,1,0,0.0,0.0,206.6,0.0,5.0,1,Stopped,0,0,0,0,0,VALID,VALID
21C-04064,2026-08-12 02:40:00,206.6,0.0,0.0,"Quốc Lộ 2, Xã Chí Đám, Tỉnh Phú Thọ",0.0,2.0,1,0,0.0,0.0,206.6,0.0,5.0,1,Stopped,0,0,0,0,0,VALID,VALID
21C-04064,2026-08-12 02:42:00,206.6,0.0,0.0,"Quốc Lộ 2, Xã Chí Đám, Tỉnh Phú Thọ",0.0,2.0,1,0,0.0,0.0,206.6,0.0,5.0,1,Stopped,0,0,0,0,0,VALID,VALID
21C-04064,2026-08-12 02:45:00,206.6,0.0,0.0,"Quốc Lộ 2, Xã Chí Đám, Tỉnh Phú Thọ",0.0,3.0,1,0,0.0,0.0,206.6,0.0,5.0,1,Stopped,0,0,0,0,0,VALID,VALID
21C-04064,2026-08-12 02:47:00,206.6,0.0,0.0,"Quốc Lộ 2, Xã Chí Đám, Tỉnh Phú Thọ",0.0,2.0,1,0,0.0,0.0,206.6,0.0,5.0,1,Stopped,0,0,0,0,0,VALID,VALID
21C-04064,2026-08-12 02:49:00,206.6,0.0,0.0,"Quốc Lộ 2, Xã Chí Đám, Tỉnh Phú Thọ",0.0,2.0,1,0,0.0,0.0,206.6,0.0,5.0,1,Stopped,0,0,0,0,0,VALID,VALID
21C-04064,2026-08-12 02:51:00,206.6,0.0,0.0,"Quốc Lộ 2, Xã Chí Đám, Tỉnh Phú Thọ",0.0,2.0,1,0,0.0,0.0,206.6,0.0,5.0,1,Stopped,0,0,0,0,0,VALID,VALID
21C-04064,2026-08-12 02:53:00,206.6,0.0,0.0,"Quốc Lộ 2, Xã Chí Đám, Tỉnh Phú Thọ",0.0,2.0,1,0,0.0,0.0,206.6,0.0,5.0,1,Stopped,0,0,0,0,0,VALID,VALID
21C-04064,2026-08-12 02:56:00,206.6,0.0,0.0,"Quốc Lộ 2, Xã Chí Đám, Tỉnh Phú Thọ",0.0,3.0,1,0,0.0,0.0,206.6,0.0,5.0,1,Stopped,0,0,0,0,0,VALID,VALID
21C-04064,2026-08-12 02:58:00,206.6,0.0,0.0,"Quốc Lộ 2, Xã Chí Đám, Tỉnh Phú Thọ",0.0,2.0,1,0,0.0,0.0,206.6,0.0,5.0,1,Stopped,0,0,0,0,0,VALID,VALID
21C-04064,2026-08-12 03:00:00,206.6,0.0,0.0,"Quốc Lộ 2, Xã Chí Đám, Tỉnh Phú Thọ",0.0,2.0,1,0,0.0,0.0,206.6,0.0,5.0,1,Stopped,0,0,0,0,0,VALID,VALID
21C-04064,2026-08-12 03:02:00,206.6,0.0,0.0,"Quốc Lộ 2, Xã Chí Đám, Tỉnh Phú Thọ",0.0,2.0,1,0,0.0,0.0,206.6,0.0,5.0,1,Stopped,0,0,0,0,0,VALID,VALID
21C-04064,2026-08-12 03:04:00,206.6,0.0,0.0,"Quốc Lộ 2, Xã Chí Đám, Tỉnh Phú Thọ",0.0,2.0,1,0,0.0,0.0,206.6,0.0,5.0,1,Stopped,0,0,0,0,0,VALID,VALID
21C-04064,2026-08-12 03:06:00,206.6,0.0,0.0,"Quốc Lộ 2, Xã Chí Đám, Tỉnh Phú Thọ",0.0,2.0,1,0,0.0,0.0,206.6,0.0,5.0,1,Stopped,0,0,0,0,0,VALID,VALID
21C-04064,2026-08-12 03:09:00,206.6,0.0,0.0,"Quốc Lộ 2, Xã Chí Đám, Tỉnh Phú Thọ",0.0,3.0,1,0,0.0,0.0,206.6,0.0,5.0,1,Stopped,0,0,0,0,0,VALID,VALID
21C-04064,2026-08-12 03:11:00,206.6,0.0,0.0,"Quốc Lộ 2, Xã Chí Đám, Tỉnh Phú Thọ",0.0,2.0,1,0,0.0,0.0,206.6,0.0,5.0,1,Stopped,0,0,0,0,0,VALID,VALID
21C-04064,2026-08-12 03:13:00,206.6,0.0,0.0,"Quốc Lộ 2, Xã Chí Đám, Tỉnh Phú Thọ",0.0,2.0,1,0,0.0,0.0,206.6,0.0,5.0,1,Stopped,0,0,0,0,0,VALID,VALID
21C-04064,2026-08-12 03:15:00,206.6,0.0,0.0,"Quốc Lộ 2, Xã Chí Đám, Tỉnh Phú Thọ",0.0,2.0,1,0,0.0,0.0,206.6,0.0,5.0,1,Stopped,0,0,0,0,0,VALID,VALID
21C-04064,2026-08-12 03:17:00,206.6,0.0,0.0,"Quốc Lộ 2, Xã Chí Đám, Tỉnh Phú Thọ",0.0,2.0,1,0,0.0,0.0,206.6,0.0,5.0,1,Stopped,0,0,0,0,0,VALID,VALID
21C-04064,2026-08-12 03:20:00,206.6,0.0,0.0,"Quốc Lộ 2, Xã Chí Đám, Tỉnh Phú Thọ",0.0,3.0,1,0,0.0,0.0,206.6,0.0,5.0,1,Stopped,0,0,0,0,0,VALID,VALID
21C-04064,2026-08-12 03:22:00,206.6,0.0,0.0,"Quốc Lộ 2, Xã Chí Đám, Tỉnh Phú Thọ",0.0,2.0,1,0,0.0,0.0,206.6,0.0,5.0,1,Stopped,0,0,0,0,0,VALID,VALID
21C-04064,2026-08-12 03:24:00,206.6,0.0,0.0,"Quốc Lộ 2, Xã Chí Đám, Tỉnh Phú Thọ",0.0,2.0,1,0,0.0,0.0,206.6,0.0,5.0,1,Stopped,0,0,0,0,0,VALID,VALID
21C-04064,2026-08-12 03:26:00,206.8,0.0,0.0,"Quốc Lộ 2, Xã Chí Đám, Tỉnh Phú Thọ",0.0,2.0,1,0,0.20000000000001705,0.10000000000000853,206.6,0.08944271905344549,5.0,1,Stopped,0,0,0,0,0,VALID,VALID
21C-04064,2026-08-12 03:28:00,206.8,0.0,0.0,"Quốc Lộ 2, Xã Chí Đám, Tỉnh Phú Thọ",0.0,2.0,1,0,0.0,0.0,206.6,0.10954451146305852,5.0,1,Stopped,0,0,0,0,0,VALID,VALID
21C-04064,2026-08-12 03:30:00,206.8,0.0,0.0,"Quốc Lộ 2, Xã Chí Đám, Tỉnh Phú Thọ",0.0,2.0,1,0,0.0,0.0,206.8,0.10954451146308447,5.0,1,Stopped,0,0,0,0,0,VALID,VALID
21C-04064,2026-08-12 03:33:00,206.8,0.0,0.0,"Quốc Lộ 2, Xã Chí Đám, Tỉnh Phú Thọ",0.0,3.0,1,0,0.0,0.0,206.8,0.08944271905354081,5.0,1,Stopped,0,0,0,0,0,VALID,VALID
21C-04064,2026-08-12 03:35:00,206.8,0.0,0.0,"Quốc Lộ 2, Xã Chí Đám, Tỉnh Phú Thọ",0.0,2.0,1,0,0.0,0.0,206.8,0.0,5.0,1,Stopped,0,0,0,0,0,VALID,VALID
21C-04064,2026-08-12 03:37:00,206.8,0.0,0.0,"Quốc Lộ 2, Xã Chí Đám, Tỉnh Phú Thọ",0.0,2.0,1,0,0.0,0.0,206.8,0.0,5.0,1,Stopped,0,0,0,0,0,VALID,VALID
21C-04064,2026-08-12 03:39:00,206.8,0.0,0.0,"Quốc Lộ 2, Xã Chí Đám, Tỉnh Phú Thọ",0.0,2.0,1,0,0.0,0.0,206.8,0.0,5.0,1,Stopped,0,0,0,0,0,VALID,VALID
21C-04064,2026-08-12 03:41:00,206.8,0.0,0.0,"Quốc Lộ 2, Xã Chí Đám, Tỉnh Phú Thọ",0.0,2.0,1,0,0.0,0.0,206.8,0.0,5.0,1,Stopped,0,0,0,0,0,VALID,VALID
21C-04064,2026-08-12 03:44:00,206.8,0.0,0.0,"Quốc Lộ 2, Xã Chí Đám, Tỉnh Phú Thọ",0.0,3.0,1,0,0.0,0.0,206.8,0.0,5.0,1,Stopped,0,0,0,0,0,VALID,VALID
21C-04064,2026-08-12 03:46:00,206.8,0.0,0.0,"Quốc Lộ 2, Xã Chí Đám, Tỉnh Phú Thọ",0.0,2.0,1,0,0.0,0.0,206.8,0.0,5.0,1,Stopped,0,0,0,0,0,VALID,VALID
21C-04064,2026-08-12 03:48:00,206.8,0.0,0.0,"Quốc Lộ 2, Xã Chí Đám, Tỉnh Phú Thọ",0.0,2.0,1,0,0.0,0.0,206.8,0.0,5.0,1,Stopped,0,0,0,0,0,VALID,VALID
21C-04064,2026-08-12 03:50:00,206.8,0.0,0.0,"Quốc Lộ 2, Xã Chí Đám, Tỉnh Phú Thọ",0.0,2.0,1,0,0.0,0.0,206.8,0.0,5.0,1,Stopped,0,0,0,0,0,VALID,VALID
21C-04064,2026-08-12 03:52:00,206.8,0.0,0.0,"Quốc Lộ 2, Xã Chí Đám, Tỉnh Phú Thọ",0.0,2.0,1,0,0.0,0.0,206.8,0.0,5.0,1,Stopped,0,0,0,0,0,VALID,VALID
21C-04064,2026-08-12 03:54:00,206.8,0.0,0.0,"Quốc Lộ 2, Xã Chí Đám, Tỉnh Phú Thọ",0.0,2.0,1,0,0.0,0.0,206.8,0.0,5.0,1,Stopped,0,0,0,0,0,VALID,VALID
21C-04064,2026-08-12 03:57:00,206.8,0.0,0.0,"Quốc Lộ 2, Xã Chí Đám, Tỉnh Phú Thọ",0.0,3.0,1,0,0.0,0.0,206.8,0.0,5.0,1,Stopped,0,0,0,0,0,VALID,VALID
21C-04064,2026-08-12 03:59:00,206.8,0.0,0.0,"Quốc Lộ 2, Xã Chí Đám, Tỉnh Phú Thọ",0.0,2.0,1,0,0.0,0.0,206.8,0.0,5.0,1,Stopped,0,0,0,0,0,VALID,VALID
21C-04064,2026-08-12 04:01:00,206.8,0.0,0.0,"Quốc Lộ 2, Xã Chí Đám, Tỉnh Phú Thọ",0.0,2.0,1,0,0.0,0.0,206.8,0.0,5.0,1,Stopped,0,0,0,0,0,VALID,VALID
21C-04064,2026-08-12 04:03:00,206.8,0.0,0.0,"Quốc Lộ 2, Xã Chí Đám, Tỉnh Phú Thọ",0.0,2.0,1,0,0.0,0.0,206.8,0.0,5.0,1,Stopped,0,0,0,0,0,VALID,VALID
21C-04064,2026-08-12 04:06:00,206.8,0.0,0.0,"Quốc Lộ 2, Xã Chí Đám, Tỉnh Phú Thọ",0.0,3.0,1,0,0.0,0.0,206.8,0.0,5.0,1,Stopped,0,0,0,0,0,VALID,VALID
21C-04064,2026-08-12 04:08:00,206.8,0.0,0.0,"Quốc Lộ 2, Xã Chí Đám, Tỉnh Phú Thọ",0.0,2.0,1,0,0.0,0.0,206.8,0.0,5.0,1,Stopped,0,0,0,0,0,VALID,VALID
21C-04064,2026-08-12 04:10:00,206.8,0.0,0.0,"Quốc Lộ 2, Xã Chí Đám, Tỉnh Phú Thọ",0.0,2.0,1,0,0.0,0.0,206.8,0.0,5.0,1,Stopped,0,0,0,0,0,VALID,VALID
21C-04064,2026-08-12 04:12:00,206.8,0.0,0.0,"Quốc Lộ 2, Xã Chí Đám, Tỉnh Phú Thọ",0.0,2.0,1,0,0.0,0.0,206.8,0.0,5.0,1,Stopped,0,0,0,0,0,VALID,VALID
21C-04064,2026-08-12 04:14:00,206.8,0.0,0.0,"Quốc Lộ 2, Xã Chí Đám, Tỉnh Phú Thọ",0.0,2.0,1,0,0.0,0.0,206.8,0.0,5.0,1,Stopped,0,0,0,0,0,VALID,VALID
21C-04064,2026-08-12 04:16:00,206.8,0.0,0.0,"Quốc Lộ 2, Xã Chí Đám, Tỉnh Phú Thọ",0.0,2.0,1,0,0.0,0.0,206.8,0.0,5.0,1,Stopped,0,0,0,0,0,VALID,VALID
21C-04064,2026-08-12 04:19:00,206.8,0.0,0.0,"Quốc Lộ 2, Xã Chí Đám, Tỉnh Phú Thọ",0.0,3.0,1,0,0.0,0.0,206.8,0.0,5.0,1,Stopped,0,0,0,0,0,VALID,VALID
21C-04064,2026-08-12 04:21:00,206.8,0.0,0.0,"Quốc Lộ 2, Xã Chí Đám, Tỉnh Phú Thọ",0.0,2.0,1,0,0.0,0.0,206.8,0.0,5.0,1,Stopped,0,0,0,0,0,VALID,VALID
21C-04064,2026-08-12 04:23:00,206.8,0.0,0.0,"Quốc Lộ 2, Xã Chí Đám, Tỉnh Phú Thọ",0.0,2.0,1,0,0.0,0.0,206.8,0.0,5.0,1,Stopped,0,0,0,0,0,VALID,VALID
21C-04064,2026-08-12 04:25:00,206.8,0.0,0.0,"Quốc Lộ 2, Xã Chí Đám, Tỉnh Phú Thọ",0.0,2.0,1,0,0.0,0.0,206.8,0.0,5.0,1,Stopped,0,0,0,0,0,VALID,VALID
21C-04064,2026-08-12 04:27:00,206.8,0.0,0.0,"Quốc Lộ 2, Xã Chí Đám, Tỉnh Phú Thọ",0.0,2.0,1,0,0.0,0.0,206.8,0.0,5.0,1,Stopped,0,0,0,0,0,VALID,VALID
21C-04064,2026-08-12 04:30:00,206.8,0.0,0.0,"Quốc Lộ 2, Xã Chí Đám, Tỉnh Phú Thọ",0.0,3.0,1,0,0.0,0.0,206.8,0.0,5.0,1,Stopped,0,0,0,0,0,VALID,VALID
21C-04064,2026-08-12 04:32:00,206.8,0.0,0.0,"Quốc Lộ 2, Xã Chí Đám, Tỉnh Phú Thọ",0.0,2.0,1,0,0.0,0.0,206.8,0.0,5.0,1,Stopped,0,0,0,0,0,VALID,VALID
21C-04064,2026-08-12 04:34:00,206.8,0.0,0.0,"Quốc Lộ 2, Xã Chí Đám, Tỉnh Phú Thọ",0.0,2.0,1,0,0.0,0.0,206.8,0.0,5.0,1,Stopped,0,0,0,0,0,VALID,VALID
21C-04064,2026-08-12 04:36:00,206.8,0.0,0.0,"Quốc Lộ 2, Xã Chí Đám, Tỉnh Phú Thọ",0.0,2.0,1,0,0.0,0.0,206.8,0.0,5.0,1,Stopped,0,0,0,0,0,VALID,VALID
21C-04064,2026-08-12 04:38:00,206.8,0.0,0.0,"Quốc Lộ 2, Xã Chí Đám, Tỉnh Phú Thọ",0.0,2.0,1,0,0.0,0.0,206.8,0.0,5.0,1,Stopped,0,0,0,0,0,VALID,VALID
21C-04064,2026-08-12 04:40:00,206.8,0.0,0.0,"Quốc Lộ 2, Xã Chí Đám, Tỉnh Phú Thọ",0.0,2.0,1,0,0.0,0.0,206.8,0.0,5.0,1,Stopped,0,0,0,0,0,VALID,VALID
21C-04064,2026-08-12 04:43:00,206.8,0.0,0.0,"Quốc Lộ 2, Xã Chí Đám, Tỉnh Phú Thọ",0.0,3.0,1,0,0.0,0.0,206.8,0.0,5.0,1,Stopped,0,0,0,0,0,VALID,VALID
21C-04064,2026-08-12 04:45:00,206.8,0.0,0.0,"Quốc Lộ 2, Xã Chí Đám, Tỉnh Phú Thọ",0.0,2.0,1,0,0.0,0.0,206.8,0.0,5.0,1,Stopped,0,0,0,0,0,VALID,VALID
21C-04064,2026-08-12 04:47:00,206.8,0.0,0.0,"Quốc Lộ 2, Xã Chí Đám, Tỉnh Phú Thọ",0.0,2.0,1,0,0.0,0.0,206.8,0.0,5.0,1,Stopped,0,0,0,0,0,VALID,VALID
21C-04064,2026-08-12 04:49:00,206.8,0.0,0.0,"Quốc Lộ 2, Xã Chí Đám, Tỉnh Phú Thọ",0.0,2.0,1,0,0.0,0.0,206.8,0.0,5.0,1,Stopped,0,0,0,0,0,VALID,VALID
21C-04064,2026-08-12 04:51:00,206.8,0.0,0.0,"Quốc Lộ 2, Xã Chí Đám, Tỉnh Phú Thọ",0.0,2.0,1,0,0.0,0.0,206.8,0.0,5.0,1,Stopped,0,0,0,0,0,VALID,VALID
21C-04064,2026-08-12 04:54:00,206.8,0.0,0.0,"Quốc Lộ 2, Xã Chí Đám, Tỉnh Phú Thọ",0.0,3.0,1,0,0.0,0.0,206.8,0.0,5.0,1,Stopped,0,0,0,0,0,VALID,VALID
21C-04064,2026-08-12 04:56:00,206.8,0.0,0.0,"Quốc Lộ 2, Xã Chí Đám, Tỉnh Phú Thọ",0.0,2.0,1,0,0.0,0.0,206.8,0.0,5.0,1,Stopped,0,0,0,0,0,VALID,VALID
21C-04064,2026-08-12 04:58:00,206.8,0.0,0.0,"Quốc Lộ 2, Xã Chí Đám, Tỉnh Phú Thọ",0.0,2.0,1,0,0.0,0.0,206.8,0.0,5.0,1,Stopped,0,0,0,0,0,VALID,VALID
21C-04064,2026-08-12 05:00:00,206.8,0.0,0.0,"Quốc Lộ 2, Xã Chí Đám, Tỉnh Phú Thọ",0.0,2.0,1,0,0.0,0.0,206.8,0.0,5.0,1,Stopped,0,0,0,0,0,VALID,VALID
21C-04064,2026-08-12 05:02:00,206.8,0.0,0.0,"Quốc Lộ 2, Xã Chí Đám, Tỉnh Phú Thọ",0.0,2.0,1,0,0.0,0.0,206.8,0.0,5.0,1,Stopped,0,0,0,0,0,VALID,VALID
21C-04064,2026-08-12 05:04:00,206.8,0.0,0.0,"Quốc Lộ 2, Xã Chí Đám, Tỉnh Phú Thọ",0.0,2.0,1,0,0.0,0.0,206.8,0.0,5.0,1,Stopped,0,0,0,0,0,VALID,VALID
21C-04064,2026-08-12 05:07:00,206.8,0.0,0.0,"Quốc Lộ 2, Xã Chí Đám, Tỉnh Phú Thọ",0.0,3.0,1,0,0.0,0.0,206.8,0.0,5.0,1,Stopped,0,0,0,0,0,VALID,VALID
21C-04064,2026-08-12 05:09:00,206.8,0.0,0.0,"Quốc Lộ 2, Xã Chí Đám, Tỉnh Phú Thọ",0.0,2.0,1,0,0.0,0.0,206.8,0.0,5.0,1,Stopped,0,0,0,0,0,VALID,VALID
21C-04064,2026-08-12 05:11:00,206.8,0.0,0.0,"Quốc Lộ 2, Xã Chí Đám, Tỉnh Phú Thọ",0.0,2.0,1,0,0.0,0.0,206.8,0.0,5.0,1,Stopped,0,0,0,0,0,VALID,VALID
21C-04064,2026-08-12 05:13:00,206.8,0.0,0.0,"Quốc Lộ 2, Xã Chí Đám, Tỉnh Phú Thọ",0.0,2.0,1,0,0.0,0.0,206.8,0.0,5.0,1,Stopped,0,0,0,0,0,VALID,VALID
21C-04064,2026-08-12 05:15:00,206.8,0.0,0.0,"Quốc Lộ 2, Xã Chí Đám, Tỉnh Phú Thọ",0.0,2.0,1,0,0.0,0.0,206.8,0.0,5.0,1,Stopped,0,0,0,0,0,VALID,VALID
21C-04064,2026-08-12 05:18:00,206.8,0.0,0.0,"Quốc Lộ 2, Xã Chí Đám, Tỉnh Phú Thọ",0.0,3.0,1,0,0.0,0.0,206.8,0.0,5.0,1,Stopped,0,0,0,0,0,VALID,VALID
21C-04064,2026-08-12 05:20:00,206.8,0.0,0.0,"Quốc Lộ 2, Xã Chí Đám, Tỉnh Phú Thọ",0.0,2.0,1,0,0.0,0.0,206.8,0.0,5.0,1,Stopped,0,0,0,0,0,VALID,VALID
21C-04064,2026-08-12 05:22:00,206.8,0.0,0.0,"Quốc Lộ 2, Xã Chí Đám, Tỉnh Phú Thọ",0.0,2.0,1,0,0.0,0.0,206.8,0.0,5.0,1,Stopped,0,0,0,0,0,VALID,VALID
21C-04064,2026-08-12 05:24:00,206.8,0.0,0.0,"Quốc Lộ 2, Xã Chí Đám, Tỉnh Phú Thọ",0.0,2.0,1,0,0.0,0.0,206.8,0.0,5.0,1,Stopped,0,0,0,0,0,VALID,VALID
21C-04064,2026-08-12 05:26:00,206.8,0.0,0.0,"Quốc Lộ 2, Xã Chí Đám, Tỉnh Phú Thọ",0.0,2.0,1,0,0.0,0.0,206.8,0.0,5.0,1,Stopped,0,0,0,0,0,VALID,VALID
21C-04064,2026-08-12 05:28:00,206.8,0.0,0.0,"Quốc Lộ 2, Xã Chí Đám, Tỉnh Phú Thọ",0.0,2.0,1,0,0.0,0.0,206.8,0.0,5.0,1,Stopped,0,0,0,0,0,VALID,VALID
21C-04064,2026-08-12 05:31:00,206.8,0.0,0.0,"Quốc Lộ 2, Xã Chí Đám, Tỉnh Phú Thọ",0.0,3.0,1,0,0.0,0.0,206.8,0.0,5.0,1,Stopped,0,0,0,0,0,VALID,VALID
21C-04064,2026-08-12 05:33:00,206.8,0.0,0.0,"Quốc Lộ 2, Xã Chí Đám, Tỉnh Phú Thọ",0.0,2.0,1,0,0.0,0.0,206.8,0.0,5.0,1,Stopped,0,0,0,0,0,VALID,VALID
21C-04064,2026-08-12 05:35:00,206.8,0.0,0.0,"Quốc Lộ 2, Xã Chí Đám, Tỉnh Phú Thọ",0.0,2.0,1,0,0.0,0.0,206.8,0.0,5.0,1,Stopped,0,0,0,0,0,VALID,VALID
21C-04064,2026-08-12 05:37:00,206.8,0.0,0.0,"Quốc Lộ 2, Xã Chí Đám, Tỉnh Phú Thọ",0.0,2.0,1,0,0.0,0.0,206.8,0.0,5.0,1,Stopped,0,0,0,0,0,VALID,VALID
21C-04064,2026-08-12 05:39:00,206.8,0.0,0.0,"Quốc Lộ 2, Xã Chí Đám, Tỉnh Phú Thọ",0.0,2.0,1,0,0.0,0.0,206.8,0.0,5.0,1,Stopped,0,0,0,0,0,VALID,VALID
21C-04064,2026-08-12 05:42:00,206.8,0.0,0.0,"Quốc Lộ 2, Xã Chí Đám, Tỉnh Phú Thọ",0.0,3.0,1,0,0.0,0.0,206.8,0.0,5.0,1,Stopped,0,0,0,0,0,VALID,VALID
21C-04064,2026-08-12 05:44:00,206.8,0.0,0.0,"Quốc Lộ 2, Xã Chí Đám, Tỉnh Phú Thọ",0.0,2.0,1,0,0.0,0.0,206.8,0.0,5.0,1,Stopped,0,0,0,0,0,VALID,VALID
21C-04064,2026-08-12 05:46:00,206.8,0.0,0.0,"Quốc Lộ 2, Xã Chí Đám, Tỉnh Phú Thọ",0.0,2.0,1,0,0.0,0.0,206.8,0.0,5.0,1,Stopped,0,0,0,0,0,VALID,VALID
21C-04064,2026-08-12 05:48:00,206.8,0.0,0.0,"Quốc Lộ 2, Xã Chí Đám, Tỉnh Phú Thọ",0.0,2.0,1,0,0.0,0.0,206.8,0.0,5.0,1,Stopped,0,0,0,0,0,VALID,VALID
21C-04064,2026-08-12 05:50:00,206.8,0.0,0.0,"Quốc Lộ 2, Xã Chí Đám, Tỉnh Phú Thọ",0.0,2.0,1,0,0.0,0.0,206.8,0.0,5.0,1,Stopped,0,0,0,0,0,VALID,VALID
21C-04064,2026-08-12 05:52:00,206.8,0.0,0.0,"Quốc Lộ 2, Xã Chí Đám, Tỉnh Phú Thọ",0.0,2.0,1,0,0.0,0.0,206.8,0.0,5.0,1,Stopped,0,0,0,0,0,VALID,VALID
21C-04064,2026-08-12 05:55:00,206.8,0.0,0.0,"Quốc Lộ 2, Xã Chí Đám, Tỉnh Phú Thọ",0.0,3.0,1,0,0.0,0.0,206.8,0.0,5.0,1,Stopped,0,0,0,0,0,VALID,VALID
21C-04064,2026-08-12 05:57:00,206.9,0.0,0.0,"Quốc Lộ 2, Xã Chí Đám, Tỉnh Phú Thọ",0.0,2.0,1,0,0.09999999999999432,0.04999999999999716,206.8,0.044721359457152714,5.0,1,Stopped,0,0,0,0,0,VALID,VALID
21C-04064,2026-08-12 05:59:00,206.9,0.0,0.0,"Quốc Lộ 2, Xã Chí Đám, Tỉnh Phú Thọ",0.0,2.0,1,0,0.0,0.0,206.8,0.05477225567472703,5.0,1,Stopped,0,0,0,0,0,VALID,VALID
21C-04064,2026-08-12 06:01:00,206.9,0.0,0.0,"Quốc Lộ 2, Xã Chí Đám, Tỉnh Phú Thọ",0.0,2.0,1,0,0.0,0.0,206.9,0.054772255674741296,5.0,1,Stopped,0,0,0,0,0,VALID,VALID
21C-04064,2026-08-12 06:03:00,206.9,0.0,0.0,"Quốc Lộ 2, Xã Chí Đám, Tỉnh Phú Thọ",0.0,2.0,1,0,0.0,0.0,206.9,0.04472135945720713,5.0,1,Stopped,0,0,0,0,0,VALID,VALID
21C-04064,2026-08-12 06:06:00,206.9,0.0,0.0,"Quốc Lộ 2, Xã Chí Đám, Tỉnh Phú Thọ",0.0,3.0,1,0,0.0,0.0,206.9,0.0,5.0,1,Stopped,0,0,0,0,0,VALID,VALID
21C-04064,2026-08-12 06:08:00,206.9,0.0,0.0,"Quốc Lộ 2, Xã Chí Đám, Tỉnh Phú Thọ",0.0,2.0,1,0,0.0,0.0,206.9,0.0,5.0,1,Stopped,0,0,0,0,0,VALID,VALID
21C-04064,2026-08-12 06:10:00,206.9,0.0,0.0,"Quốc Lộ 2, Xã Chí Đám, Tỉnh Phú Thọ",0.0,2.0,1,0,0.0,0.0,206.9,0.0,5.0,1,Stopped,0,0,0,0,0,VALID,VALID
21C-04064,2026-08-12 06:12:00,206.9,0.0,0.0,"Quốc Lộ 2, Xã Chí Đám, Tỉnh Phú Thọ",0.0,2.0,1,0,0.0,0.0,206.9,0.0,5.0,1,Stopped,0,0,0,0,0,VALID,VALID
21C-04064,2026-08-12 06:14:00,206.9,0.0,0.0,"Quốc Lộ 2, Xã Chí Đám, Tỉnh Phú Thọ",0.0,2.0,1,0,0.0,0.0,206.9,0.0,5.0,1,Stopped,0,0,0,0,0,VALID,VALID
21C-04064,2026-08-12 06:16:00,206.9,0.0,0.0,"Quốc Lộ 2, Xã Chí Đám, Tỉnh Phú Thọ",0.0,2.0,1,0,0.0,0.0,206.9,0.0,5.0,1,Stopped,0,0,0,0,0,VALID,VALID
21C-04064,2026-08-12 06:19:00,206.9,0.0,0.0,"Quốc Lộ 2, Xã Chí Đám, Tỉnh Phú Thọ",0.0,3.0,1,0,0.0,0.0,206.9,0.0,5.0,1,Stopped,0,0,0,0,0,VALID,VALID
21C-04064,2026-08-12 06:21:00,206.9,0.0,0.0,"Quốc Lộ 2, Xã Chí Đám, Tỉnh Phú Thọ",0.0,2.0,1,0,0.0,0.0,206.9,0.0,5.0,1,Stopped,0,0,0,0,0,VALID,VALID
21C-04064,2026-08-12 06:23:00,206.9,0.0,0.0,"Quốc Lộ 2, Xã Chí Đám, Tỉnh Phú Thọ",0.0,2.0,1,0,0.0,0.0,206.9,0.0,5.0,1,Stopped,0,0,0,0,0,VALID,VALID
21C-04064,2026-08-12 06:25:00,206.9,0.0,0.0,"Quốc Lộ 2, Xã Chí Đám, Tỉnh Phú Thọ",0.0,2.0,1,0,0.0,0.0,206.9,0.0,5.0,1,Stopped,0,0,0,0,0,VALID,VALID
21C-04064,2026-08-12 06:28:00,206.9,0.0,0.0,"Quốc Lộ 2, Xã Chí Đám, Tỉnh Phú Thọ",0.0,3.0,1,0,0.0,0.0,206.9,0.0,5.0,1,Stopped,0,0,0,0,0,VALID,VALID
21C-04064,2026-08-12 06:30:00,206.9,0.0,0.0,"Quốc Lộ 2, Xã Chí Đám, Tỉnh Phú Thọ",0.0,2.0,1,0,0.0,0.0,206.9,0.0,5.0,1,Stopped,0,0,0,0,0,VALID,VALID
21C-04064,2026-08-12 06:32:00,206.9,0.0,0.0,"Quốc Lộ 2, Xã Chí Đám, Tỉnh Phú Thọ",0.0,2.0,1,0,0.0,0.0,206.9,0.0,5.0,1,Stopped,0,0,0,0,0,VALID,VALID
21C-04064,2026-08-12 06:34:00,206.9,0.0,0.0,"Quốc Lộ 2, Xã Chí Đám, Tỉnh Phú Thọ",0.0,2.0,1,0,0.0,0.0,206.9,0.0,5.0,1,Stopped,0,0,0,0,0,VALID,VALID
21C-04064,2026-08-12 06:36:00,206.9,0.0,0.0,"Quốc Lộ 2, Xã Chí Đám, Tỉnh Phú Thọ",0.0,2.0,1,0,0.0,0.0,206.9,0.0,5.0,1,Stopped,0,0,0,0,0,VALID,VALID
21C-04064,2026-08-12 06:38:00,206.9,0.0,0.0,"Quốc Lộ 2, Xã Chí Đám, Tỉnh Phú Thọ",0.0,2.0,1,0,0.0,0.0,206.9,0.0,5.0,1,Stopped,0,0,0,0,0,VALID,VALID
21C-04064,2026-08-12 06:41:00,206.9,0.0,0.0,"Quốc Lộ 2, Xã Chí Đám, Tỉnh Phú Thọ",0.0,3.0,1,0,0.0,0.0,206.9,0.0,5.0,1,Stopped,0,0,0,0,0,VALID,VALID
21C-04064,2026-08-12 06:43:00,206.9,0.0,0.0,"Quốc Lộ 2, Xã Chí Đám, Tỉnh Phú Thọ",0.0,2.0,1,0,0.0,0.0,206.9,0.0,5.0,1,Stopped,0,0,0,0,0,VALID,VALID
21C-04064,2026-08-12 06:45:00,206.9,0.0,0.0,"Quốc Lộ 2, Xã Chí Đám, Tỉnh Phú Thọ",0.0,2.0,1,0,0.0,0.0,206.9,0.0,5.0,1,Stopped,0,0,0,0,0,VALID,VALID
21C-04064,2026-08-12 06:47:00,206.9,0.0,0.0,"Quốc Lộ 2, Xã Chí Đám, Tỉnh Phú Thọ",0.0,2.0,1,0,0.0,0.0,206.9,0.0,5.0,1,Stopped,0,0,0,0,0,VALID,VALID
21C-04064,2026-08-12 06:49:00,206.9,0.0,0.0,"Quốc Lộ 2, Xã Chí Đám, Tỉnh Phú Thọ",0.0,2.0,1,0,0.0,0.0,206.9,0.0,5.0,1,Stopped,0,0,0,0,0,VALID,VALID
21C-04064,2026-08-12 06:52:00,206.9,0.0,0.0,"Quốc Lộ 2, Xã Chí Đám, Tỉnh Phú Thọ",0.0,3.0,1,0,0.0,0.0,206.9,0.0,5.0,1,Stopped,0,0,0,0,0,VALID,VALID
21C-04064,2026-08-12 06:54:00,206.9,0.0,0.0,"Quốc Lộ 2, Xã Chí Đám, Tỉnh Phú Thọ",0.0,2.0,1,0,0.0,0.0,206.9,0.0,5.0,1,Stopped,0,0,0,0,0,VALID,VALID
21C-04064,2026-08-12 06:56:00,206.9,0.0,0.0,"Quốc Lộ 2, Xã Chí Đám, Tỉnh Phú Thọ",0.0,2.0,1,0,0.0,0.0,206.9,0.0,5.0,1,Stopped,0,0,0,0,0,VALID,VALID
21C-04064,2026-08-12 06:58:00,206.9,0.0,0.0,"Quốc Lộ 2, Xã Chí Đám, Tỉnh Phú Thọ",0.0,2.0,1,0,0.0,0.0,206.9,0.0,5.0,1,Stopped,0,0,0,0,0,VALID,VALID
21C-04064,2026-08-12 07:00:00,206.9,0.0,0.0,"Quốc Lộ 2, Xã Chí Đám, Tỉnh Phú Thọ",0.0,2.0,1,0,0.0,0.0,206.9,0.0,5.0,1,Stopped,0,0,0,0,0,VALID,VALID
21C-04064,2026-08-12 07:02:00,206.9,0.0,0.0,"Quốc Lộ 2, Xã Chí Đám, Tỉnh Phú Thọ",0.0,2.0,1,0,0.0,0.0,206.9,0.0,5.0,1,Stopped,0,0,0,0,0,VALID,VALID
21C-04064,2026-08-12 07:05:00,206.9,0.0,0.0,"Quốc Lộ 2, Xã Chí Đám, Tỉnh Phú Thọ",0.0,3.0,1,0,0.0,0.0,206.9,0.0,5.0,1,Stopped,0,0,0,0,0,VALID,VALID
21C-04064,2026-08-12 07:07:00,206.9,0.0,0.0,"Quốc Lộ 2, Xã Chí Đám, Tỉnh Phú Thọ",0.0,2.0,1,0,0.0,0.0,206.9,0.0,5.0,1,Stopped,0,0,0,0,0,VALID,VALID
21C-04064,2026-08-12 07:09:00,206.9,0.0,0.0,"Quốc Lộ 2, Xã Chí Đám, Tỉnh Phú Thọ",0.0,2.0,1,0,0.0,0.0,206.9,0.0,5.0,1,Stopped,0,0,0,0,0,VALID,VALID
21C-04064,2026-08-12 07:11:00,206.9,0.0,0.0,"Quốc Lộ 2, Xã Chí Đám, Tỉnh Phú Thọ",0.0,2.0,1,0,0.0,0.0,206.9,0.0,5.0,1,Stopped,0,0,0,0,0,VALID,VALID
21C-04064,2026-08-12 07:13:00,206.9,0.0,0.0,"Quốc Lộ 2, Xã Chí Đám, Tỉnh Phú Thọ",0.0,2.0,1,0,0.0,0.0,206.9,0.0,5.0,1,Stopped,0,0,0,0,0,VALID,VALID
21C-04064,2026-08-12 07:16:00,206.9,0.0,0.0,"Quốc Lộ 2, Xã Chí Đám, Tỉnh Phú Thọ",0.0,3.0,1,0,0.0,0.0,206.9,0.0,5.0,1,Stopped,0,0,0,0,0,VALID,VALID
21C-04064,2026-08-12 07:18:00,206.9,0.0,0.0,"Quốc Lộ 2, Xã Chí Đám, Tỉnh Phú Thọ",0.0,2.0,1,0,0.0,0.0,206.9,0.0,5.0,1,Stopped,0,0,0,0,0,VALID,VALID
21C-04064,2026-08-12 07:20:00,206.9,0.0,0.0,"Quốc Lộ 2, Xã Chí Đám, Tỉnh Phú Thọ",0.0,2.0,1,0,0.0,0.0,206.9,0.0,5.0,1,Stopped,0,0,0,0,0,VALID,VALID
21C-04064,2026-08-12 07:22:00,206.8,0.0,0.0,"Quốc Lộ 2, Xã Chí Đám, Tỉnh Phú Thọ",0.0,2.0,1,0,-0.09999999999999432,-0.04999999999999716,206.9,0.04472135945719283,5.0,1,Stopped,0,0,0,0,0,VALID,VALID
21C-04064,2026-08-12 07:24:00,206.8,0.0,0.0,"Quốc Lộ 2, Xã Chí Đám, Tỉnh Phú Thọ",0.0,2.0,1,0,0.0,0.0,206.9,0.05477225567470789,5.0,1,Stopped,0,0,0,0,0,VALID,VALID
21C-04064,2026-08-12 07:26:00,206.8,0.0,0.0,"Quốc Lộ 2, Xã Chí Đám, Tỉnh Phú Thọ",0.0,2.0,1,0,0.0,0.0,206.8,0.05477225567467027,5.0,1,Stopped,0,0,0,0,0,VALID,VALID
21C-04064,2026-08-12 07:29:00,206.8,0.0,0.0,"Quốc Lộ 2, Xã Chí Đám, Tỉnh Phú Thọ",0.0,3.0,1,0,0.0,0.0,206.8,0.04472135945705659,5.0,1,Stopped,0,0,0,0,0,VALID,VALID
21C-04064,2026-08-12 07:31:00,206.8,0.0,0.0,"Quốc Lộ 2, Xã Chí Đám, Tỉnh Phú Thọ",0.0,2.0,1,0,0.0,0.0,206.8,0.0,5.0,1,Stopped,0,0,0,0,0,VALID,VALID
21C-04064,2026-08-12 07:33:00,206.8,0.0,0.0,"Quốc Lộ 2, Xã Chí Đám, Tỉnh Phú Thọ",0.0,2.0,1,0,0.0,0.0,206.8,0.0,5.0,1,Stopped,0,0,0,0,0,VALID,VALID
21C-04064,2026-08-12 07:35:00,206.6,0.0,0.0,"Quốc Lộ 2, Xã Chí Đám, Tỉnh Phú Thọ",0.0,2.0,1,0,-0.20000000000001705,-0.10000000000000853,206.8,0.0894427190534856,5.0,1,Stopped,0,0,0,0,0,VALID,VALID
21C-04064,2026-08-12 07:37:00,206.6,0.0,0.0,"Quốc Lộ 2, Xã Chí Đám, Tỉnh Phú Thọ",0.0,2.0,1,0,0.0,0.0,206.8,0.10954451146303938,5.0,1,Stopped,0,0,0,0,0,VALID,VALID
21C-04064,2026-08-12 07:40:00,206.6,0.0,0.0,"Quốc Lộ 2, Xã Chí Đám, Tỉnh Phú Thọ",0.0,3.0,1,0,0.0,0.0,206.6,0.10954451146301344,5.0,1,Stopped,0,0,0,0,0,VALID,VALID
21C-04064,2026-08-12 07:42:00,206.6,0.0,0.0,"Quốc Lộ 2, Xã Chí Đám, Tỉnh Phú Thọ",0.0,2.0,1,0,0.0,0.0,206.6,0.08944271905339027,5.0,1,Stopped,0,0,0,0,0,VALID,VALID
21C-04064,2026-08-12 07:44:00,206.6,0.0,0.0,"Quốc Lộ 2, Xã Chí Đám, Tỉnh Phú Thọ",0.0,2.0,1,0,0.0,0.0,206.6,0.0,5.0,1,Stopped,0,0,0,0,0,VALID,VALID
21C-04064,2026-08-12 07:46:00,206.6,0.0,0.0,"Quốc Lộ 2, Xã Chí Đám, Tỉnh Phú Thọ",0.0,2.0,1,0,0.0,0.0,206.6,0.0,5.0,1,Stopped,0,0,0,0,0,VALID,VALID
21C-04064,2026-08-12 07:48:00,206.6,0.0,0.0,"Quốc Lộ 2, Xã Chí Đám, Tỉnh Phú Thọ",0.0,2.0,1,0,0.0,0.0,206.6,0.0,5.0,1,Stopped,0,0,0,0,0,VALID,VALID
21C-04064,2026-08-12 07:50:00,206.6,0.0,0.0,"Quốc Lộ 2, Xã Chí Đám, Tỉnh Phú Thọ",0.0,2.0,1,0,0.0,0.0,206.6,0.0,5.0,1,Stopped,0,0,0,0,0,VALID,VALID
21C-04064,2026-08-12 07:53:00,206.6,0.0,0.0,"Quốc Lộ 2, Xã Chí Đám, Tỉnh Phú Thọ",0.0,3.0,1,0,0.0,0.0,206.6,0.0,5.0,1,Stopped,0,0,0,0,0,VALID,VALID
21C-04064,2026-08-12 07:55:00,206.6,0.0,0.0,"Quốc Lộ 2, Xã Chí Đám, Tỉnh Phú Thọ",0.0,2.0,1,0,0.0,0.0,206.6,0.0,5.0,1,Stopped,0,0,0,0,0,VALID,VALID
21C-04064,2026-08-12 07:57:00,206.6,0.0,0.0,"Quốc Lộ 2, Xã Chí Đám, Tỉnh Phú Thọ",0.0,2.0,1,0,0.0,0.0,206.6,0.0,5.0,1,Stopped,0,0,0,0,0,VALID,VALID
21C-04064,2026-08-12 07:59:00,206.6,0.0,0.0,"Quốc Lộ 2, Xã Chí Đám, Tỉnh Phú Thọ",0.0,2.0,1,0,0.0,0.0,206.6,0.0,5.0,1,Stopped,0,0,0,0,0,VALID,VALID
21C-04064,2026-08-12 08:01:00,206.6,0.0,0.0,"Quốc Lộ 2, Xã Chí Đám, Tỉnh Phú Thọ",0.0,2.0,1,0,0.0,0.0,206.6,0.0,5.0,1,Stopped,0,0,0,0,0,VALID,VALID
21C-04064,2026-08-12 08:04:00,206.6,0.0,0.0,"Quốc Lộ 2, Xã Chí Đám, Tỉnh Phú Thọ",0.0,3.0,1,0,0.0,0.0,206.6,0.0,5.0,1,Stopped,0,0,0,0,0,VALID,VALID
21C-04064,2026-08-12 08:06:00,206.6,0.0,0.0,"Quốc Lộ 2, Xã Chí Đám, Tỉnh Phú Thọ",0.0,2.0,1,0,0.0,0.0,206.6,0.0,5.0,1,Stopped,0,0,0,0,0,VALID,VALID
21C-04064,2026-08-12 08:08:00,206.6,0.0,0.0,"Quốc Lộ 2, Xã Chí Đám, Tỉnh Phú Thọ",0.0,2.0,1,0,0.0,0.0,206.6,0.0,5.0,1,Stopped,0,0,0,0,0,VALID,VALID
21C-04064,2026-08-12 08:10:00,206.6,0.0,0.0,"Quốc Lộ 2, Xã Chí Đám, Tỉnh Phú Thọ",0.0,2.0,1,0,0.0,0.0,206.6,0.0,5.0,1,Stopped,0,0,0,0,0,VALID,VALID
21C-04064,2026-08-12 08:12:00,206.4,0.0,0.0,"Quốc Lộ 2, Xã Chí Đám, Tỉnh Phú Thọ",0.0,2.0,1,0,-0.19999999999998863,-0.09999999999999432,206.6,0.08944271905329813,5.0,1,Stopped,0,0,0,0,0,VALID,VALID
21C-04064,2026-08-12 08:14:00,206.4,0.0,0.0,"Quốc Lộ 2, Xã Chí Đám, Tỉnh Phú Thọ",0.0,2.0,1,0,0.0,0.0,206.6,0.10954451146287074,5.0,1,Stopped,0,0,0,0,0,VALID,VALID
21C-04064,2026-08-12 08:17:00,206.4,0.0,0.0,"Quốc Lộ 2, Xã Chí Đám, Tỉnh Phú Thọ",0.0,3.0,1,0,0.0,0.0,206.4,0.10954451146283896,5.0,1,Stopped,0,0,0,0,0,VALID,VALID
21C-04064,2026-08-12 08:19:00,206.4,0.0,0.0,"Quốc Lộ 2, Xã Chí Đám, Tỉnh Phú Thọ",0.0,2.0,1,0,0.0,0.0,206.4,0.08944271905318135,5.0,1,Stopped,0,0,0,0,0,VALID,VALID
21C-04064,2026-08-12 08:21:00,206.4,0.0,0.0,"Quốc Lộ 2, Xã Chí Đám, Tỉnh Phú Thọ",0.0,2.0,1,0,0.0,0.0,206.4,0.0,5.0,1,Stopped,0,0,0,0,0,VALID,VALID
21C-04064,2026-08-12 08:23:00,206.4,0.0,0.0,"Quốc Lộ 2, Xã Chí Đám, Tỉnh Phú Thọ",0.0,2.0,1,0,0.0,0.0,206.4,0.0,5.0,1,Stopped,0,0,0,0,0,VALID,VALID
21C-04064,2026-08-12 08:25:00,206.4,0.0,0.0,"Quốc Lộ 2, Xã Chí Đám, Tỉnh Phú Thọ",0.0,2.0,1,0,0.0,0.0,206.4,0.0,5.0,1,Stopped,0,0,0,0,0,VALID,VALID
21C-04064,2026-08-12 08:28:00,206.4,0.0,0.0,"Quốc Lộ 2, Xã Chí Đám, Tỉnh Phú Thọ",0.0,3.0,1,0,0.0,0.0,206.4,0.0,5.0,1,Stopped,0,0,0,0,0,VALID,VALID
21C-04064,2026-08-12 08:30:00,206.4,0.0,0.0,"Quốc Lộ 2, Xã Chí Đám, Tỉnh Phú Thọ",0.0,2.0,1,0,0.0,0.0,206.4,0.0,5.0,1,Stopped,0,0,0,0,0,VALID,VALID
21C-04064,2026-08-12 08:32:00,206.3,0.0,0.0,"Quốc Lộ 2, Xã Chí Đám, Tỉnh Phú Thọ",0.0,2.0,1,0,-0.09999999999999432,-0.04999999999999716,206.4,0.044721359456271724,5.0,1,Stopped,0,0,0,0,0,VALID,VALID
21C-04064,2026-08-12 08:34:00,206.3,0.0,0.0,"Quốc Lộ 2, Xã Chí Đám, Tỉnh Phú Thọ",0.0,2.0,1,0,0.0,0.0,206.4,0.05477225567395582,5.0,1,Stopped,0,0,0,0,0,VALID,VALID
21C-04064,2026-08-12 08:36:00,206.1,0.0,0.0,"Quốc Lộ 2, Xã Chí Đám, Tỉnh Phú Thọ",0.0,2.0,1,0,-0.20000000000001705,-0.10000000000000853,206.3,0.12247448710487717,5.0,1,Stopped,0,0,0,0,0,VALID,VALID
21C-04064,2026-08-12 08:38:00,197.5,0.0,0.0,"Quốc Lộ 2, Xã Chí Đám, Tỉnh Phú Thọ",0.0,2.0,1,0,-8.599999999999994,-4.299999999999997,206.3,3.9258120179131466,5.0,1,Stopped,0,0,0,0,0,VALID,VALID
21C-04064,2026-08-12 08:40:00,189.8,20.0,0.16666666666666666,"Cầu Đoan Hùng, Xã Đoan Hùng, Tỉnh Phú Thọ",0.0,2.0,1,0,-7.699999999999989,-3.8499999999999943,206.1,7.410802925458927,5.0,1,Moving,0,0,0,0,0,VALID,VALID
21C-04064,2026-08-12 08:42:00,187.3,33.0,0.10833333333333334,"Quốc Lộ 2, Xã Đoan Hùng, Tỉnh Phú Thọ",0.0,2.0,1,0,-2.5,-1.25,197.5,8.869611039949257,5.0,1,Moving,0,0,0,0,0,VALID,VALID
21C-04064,2026-08-12 08:44:00,186.4,21.0,-0.1,"Quốc Lộ 2, Xã Đoan Hùng, Tỉnh Phú Thọ",0.0,2.0,1,0,-0.9000000000000057,-0.45000000000000284,189.8,8.325683155152428,5.0,1,Moving,0,0,0,0,0,VALID,VALID
21C-04064,2026-08-12 08:46:00,186.3,38.0,0.14166666666666666,"Quốc Lộ 70, Xã Đoan Hùng, Tỉnh Phú Thọ",0.0,2.0,1,0,-0.09999999999999432,-0.04999999999999716,187.3,4.710944703558747,5.0,1,Moving,0,0,0,0,0,VALID,VALID
21C-04064,2026-08-12 08:48:00,184.2,35.0,-0.025,"Quốc Lộ 70, Xã Đoan Hùng, Tỉnh Phú Thọ",0.0,2.0,1,0,-2.1000000000000227,-1.0500000000000114,186.4,2.026079958932449,5.0,1,Moving,0,0,0,0,0,VALID,VALID
21C-04064,2026-08-12 08:50:00,184.3,42.0,0.058333333333333334,"Quốc Lộ 70, Xã Đoan Hùng, Tỉnh Phú Thọ",0.0,2.0,1,0,0.10000000000002274,0.05000000000001137,186.3,1.3802173741796888,5.0,1,Moving,0,0,0,0,0,VALID,VALID
21C-04064,2026-08-12 08:52:00,184.5,17.0,-0.20833333333333334,"Quốc Lộ 70, Xã Đoan Hùng, Tỉnh Phú Thọ",0.0,2.0,1,0,0.19999999999998863,0.09999999999999432,184.5,1.110405331393613,5.0,1,Moving,0,0,0,0,0,VALID,VALID
21C-04064,2026-08-12 08:54:00,183.5,42.0,0.20833333333333334,"Quốc Lộ 70, Xã Tây Cốc, Tỉnh Phú Thọ",0.0,2.0,1,0,-1.0,-0.5,184.3,1.0430723848263093,5.0,1,Moving,0,0,0,0,0,VALID,VALID
21C-04064,2026-08-12 08:56:00,183.4,30.0,-0.1,"Quốc Lộ 70, Xã Tây Cốc, Tỉnh Phú Thọ",0.0,2.0,1,0,-0.09999999999999432,-0.04999999999999716,184.2,0.49699094557859197,5.0,1,Moving,0,0,0,0,0,VALID,VALID
21C-04064,2026-08-12 08:58:00,183.4,35.0,0.041666666666666664,"Quốc Lộ 70, Xã Tây Cốc, Tỉnh Phú Thọ",0.0,2.0,1,0,0.0,0.0,183.5,0.5357238094270853,5.0,1,Moving,0,0,0,0,0,VALID,VALID
21C-04064,2026-08-12 09:00:00,183.2,42.0,0.058333333333333334,"Quốc Lộ 70, Xã Tây Cốc, Tỉnh Phú Thọ",0.0,2.0,1,0,-0.20000000000001705,-0.10000000000000853,183.4,0.5147815070367376,5.0,1,Moving,0,0,0,0,0,VALID,VALID
21C-04064,2026-08-12 09:02:00,182.0,42.0,0.0,"Quốc Lộ 70, Xã Tây Cốc, Tỉnh Phú Thọ",0.0,2.0,1,0,-1.1999999999999886,-0.5999999999999943,183.4,0.6244997998293523,5.0,1,Moving,0,0,0,0,0,VALID,VALID
21C-04064,2026-08-12 09:04:00,181.9,39.0,-0.025,"Quốc Lộ 70, Xã Tây Cốc, Tỉnh Phú Thọ",0.0,2.0,1,0,-0.09999999999999432,-0.04999999999999716,183.2,0.7628892449017927,5.0,1,Moving,0,0,0,0,0,VALID,VALID
21C-04064,2026-08-12 09:06:00,181.0,33.0,-0.05,"Quốc Lộ 70, Xã Tây Cốc, Tỉnh Phú Thọ",0.0,2.0,1,0,-0.9000000000000057,-0.45000000000000284,182.0,0.994987437099943,5.0,1,Moving,0,0,0,0,0,VALID,VALID
21C-04064,2026-08-12 09:08:00,180.8,30.0,-0.025,"Quốc Lộ 70, Xã Tây Cốc, Tỉnh Phú Thọ",0.0,2.0,1,0,-0.19999999999998863,-0.09999999999999432,181.9,0.9549869108980304,5.0,1,Moving,0,0,0,0,0,VALID,VALID
21C-04064,2026-08-12 09:10:00,180.7,36.0,0.05,"Quốc Lộ 70, Xã Bằng Luân, Tỉnh Phú Thọ",0.0,2.0,1,0,-0.10000000000002274,-0.05000000000001137,181.0,0.6220932405889328,5.0,1,Moving,0,0,0,0,0,VALID,VALID
21C-04064,2026-08-12 09:12:00,180.7,40.0,0.03333333333333333,"Quốc Lộ 70, Xã Bằng Luân, Tỉnh Phú Thọ",0.0,2.0,1,0,0.0,0.0,180.8,0.5069516742120148,5.0,1,Moving,0,0,0,0,0,VALID,VALID
21C-04064,2026-08-12 09:14:00,180.5,33.0,-0.058333333333333334,"Quốc Lộ 70, Xã Bằng Luân, Tỉnh Phú Thọ",0.0,2.0,1,0,-0.19999999999998863,-0.09999999999999432,180.7,0.18165902120806232,5.0,1,Moving,0,0,0,0,0,VALID,VALID
21C-04064,2026-08-12 09:16:00,180.2,38.0,0.041666666666666664,"Quốc Lộ 70, Xã Bằng Luân, Tỉnh Phú Thọ",0.0,2.0,1,0,-0.30000000000001137,-0.15000000000000568,180.7,0.2387467276974116,5.0,1,Moving,0,0,0,0,0,VALID,VALID
21C-04064,2026-08-12 09:18:00,180.2,26.0,-0.1,"Quốc Lộ 70, Xã Bằng Luân, Tỉnh Phú Thọ",0.0,2.0,1,0,0.0,0.0,180.5,0.2509980079326979,5.0,1,Moving,0,0,0,0,0,VALID,VALID
21C-04064,2026-08-12 09:20:00,180.4,37.0,0.09166666666666666,"Quốc Lộ 70, Xã Bằng Luân, Tỉnh Phú Thọ",0.0,2.0,1,0,0.20000000000001705,0.10000000000000853,180.4,0.21213203432335306,5.0,1,Moving,0,0,0,0,0,VALID,VALID
21C-04064,2026-08-12 09:22:00,177.8,30.0,-0.058333333333333334,"Quốc Lộ 70, Xã Đan Thượng, Tỉnh Phú Thọ",0.0,2.0,1,0,-2.5999999999999943,-1.2999999999999972,180.2,1.1366617790644413,5.0,1,Moving,0,0,0,0,0,VALID,VALID
21C-04064,2026-08-12 09:24:00,176.9,39.0,0.075,"Quốc Lộ 70, Xã Đan Thượng, Tỉnh Phú Thọ",0.0,2.0,1,0,-0.9000000000000057,-0.45000000000000284,180.2,1.6309506430256133,5.0,1,Moving,0,0,0,0,0,VALID,VALID
21C-04064,2026-08-12 09:27:00,172.9,0.0,-0.21666666666666667,"Quốc Lộ 70, Xã Đan Thượng, Tỉnh Phú Thọ",0.0,3.0,1,0,-4.0,-1.3333333333333333,177.8,3.050081966109289,5.0,1,Stopped,0,0,0,0,0,VALID,VALID
21C-04064,2026-08-12 09:29:00,171.7,0.0,0.0,"Quốc Lộ 70, Xã Đan Thượng, Tỉnh Phú Thọ",0.0,2.0,1,0,-1.200000000000017,-0.6000000000000085,176.9,3.5878963195700706,5.0,1,Stopped,0,0,0,0,0,VALID,VALID
21C-04064,2026-08-12 09:31:00,171.6,0.0,0.0,"Quốc Lộ 70, Xã Đan Thượng, Tỉnh Phú Thọ",0.0,2.0,1,0,-0.09999999999999432,-0.04999999999999716,172.9,2.9558416737003537,5.0,1,Stopped,0,0,0,0,0,VALID,VALID
21C-04064,2026-08-12 09:34:00,171.4,0.0,0.0,"Quốc Lộ 70, Xã Đan Thượng, Tỉnh Phú Thọ",0.0,3.0,1,0,-0.19999999999998863,-0.06666666666666288,171.7,2.311925604335739,5.0,1,Stopped,0,0,0,0,0,VALID,VALID
21C-04064,2026-08-12 09:36:00,171.3,0.0,0.0,"Quốc Lộ 70, Xã Đan Thượng, Tỉnh Phú Thọ",0.0,2.0,1,0,-0.09999999999999432,-0.04999999999999716,171.6,0.6457553716251316,5.0,1,Stopped,0,0,0,0,0,VALID,VALID
21C-04064,2026-08-12 09:38:00,171.3,0.0,0.0,"Quốc Lộ 70, Xã Đan Thượng, Tỉnh Phú Thọ",0.0,2.0,1,0,0.0,0.0,171.4,0.18165902119794852,5.0,1,Stopped,0,0,0,0,0,VALID,VALID
21C-04064,2026-08-12 09:40:00,171.1,0.0,0.0,"Quốc Lộ 70, Xã Đan Thượng, Tỉnh Phú Thọ",0.0,2.0,1,0,-0.20000000000001705,-0.10000000000000853,171.3,0.1816590211978441,5.0,1,Stopped,0,0,0,0,0,VALID,VALID
21C-04064,2026-08-12 09:42:00,171.1,0.0,0.0,"Quốc Lộ 70, Xã Đan Thượng, Tỉnh Phú Thọ",0.0,2.0,1,0,0.0,0.0,171.3,0.13416407858486742,5.0,1,Stopped,0,0,0,0,0,VALID,VALID
21C-04064,2026-08-12 09:44:00,171.1,0.0,0.0,"Quốc Lộ 70, Xã Đan Thượng, Tỉnh Phú Thọ",0.0,2.0,1,0,0.0,0.0,171.1,0.1095445114211811,5.0,1,Stopped,0,0,0,0,0,VALID,VALID
21C-04064,2026-08-12 09:47:00,171.1,0.0,0.0,"Quốc Lộ 70, Xã Đan Thượng, Tỉnh Phú Thọ",0.0,3.0,1,0,0.0,0.0,171.1,0.08944271900211541,5.0,1,Stopped,0,0,0,0,0,VALID,VALID
21C-04064,2026-08-12 09:49:00,171.1,0.0,0.0,"Quốc Lộ 70, Xã Đan Thượng, Tỉnh Phú Thọ",0.0,2.0,1,0,0.0,0.0,171.1,0.0,5.0,1,Stopped,0,0,0,0,0,VALID,VALID
21C-04064,2026-08-12 09:51:00,171.1,0.0,0.0,"Quốc Lộ 70, Xã Đan Thượng, Tỉnh Phú Thọ",0.0,2.0,1,0,0.0,0.0,171.1,0.0,5.0,1,Stopped,0,0,0,0,0,VALID,VALID
21C-04064,2026-08-12 09:52:00,171.1,0.0,0.0,"Quốc Lộ 70, Xã Đan Thượng, Tỉnh Phú Thọ",0.0,1.0,1,0,0.0,0.0,171.1,0.0,5.0,1,Stopped,0,0,0,0,0,VALID,VALID
21C-04064,2026-08-12 09:54:00,171.1,0.0,0.0,"Quốc Lộ 70, Xã Đan Thượng, Tỉnh Phú Thọ",0.0,2.0,1,0,0.0,0.0,171.1,0.0,5.0,1,Stopped,0,0,0,0,0,VALID,VALID
21C-04064,2026-08-12 09:56:00,172.3,29.0,0.24166666666666667,"Quốc Lộ 70, Xã Đan Thượng, Tỉnh Phú Thọ",0.0,2.0,1,0,1.200000000000017,0.6000000000000085,171.1,0.536656314583694,5.0,1,Moving,0,0,0,0,0,VALID,VALID
21C-04064,2026-08-12 09:58:00,175.5,29.0,0.0,"Quốc Lộ 70, Xã Đan Thượng, Tỉnh Phú Thọ",0.0,2.0,1,0,3.1999999999999886,1.5999999999999943,171.1,1.9057806799269423,5.0,1,Moving,0,0,0,0,0,VALID,VALID
21C-04064,2026-08-12 10:00:00,173.2,38.0,0.075,"Quốc Lộ 70, Xã Yên Bình, Tỉnh Lào Cai",0.0,2.0,1,0,-2.3000000000000114,-1.1500000000000057,172.3,1.8270194306528087,5.0,1,Moving,0,0,0,0,0,VALID,VALID
21C-04064,2026-08-12 10:02:00,173.2,36.0,-0.016666666666666666,"Quốc Lộ 70, Xã Yên Bình, Tỉnh Lào Cai",0.0,2.0,1,0,0.0,0.0,173.2,1.613381541974199,5.0,1,Moving,0,0,0,0,0,VALID,VALID
21C-04064,2026-08-12 10:04:00,173.5,36.0,0.0,"Quốc Lộ 70, Xã Yên Bình, Tỉnh Lào Cai",0.0,2.0,1,0,0.30000000000001137,0.15000000000000568,173.2,1.1844830095797905,5.0,1,Moving,0,0,0,0,0,VALID,VALID
21C-04064,2026-08-12 10:06:00,173.5,40.0,0.03333333333333333,"Quốc Lộ 70, Xã Yên Bình, Tỉnh Lào Cai",0.0,2.0,1,0,0.0,0.0,173.5,0.9731392500476377,5.0,1,Moving,0,0,0,0,0,VALID,VALID
21C-04064,2026-08-12 10:08:00,172.2,0.0,-0.3333333333333333,"Quốc Lộ 70, Xã Yên Bình, Tỉnh Lào Cai",0.0,2.0,1,0,-1.3000000000000114,-0.6500000000000057,173.2,0.5357238094233775,5.0,1,Stopped,0,0,0,0,0,VALID,VALID
21C-04064,2026-08-12 10:10:00,171.9,0.0,0.0,"Quốc Lộ 70, Xã Yên Bình, Tỉnh Lào Cai",0.0,2.0,1,0,-0.29999999999998295,-0.14999999999999147,173.2,0.7569676346998021,5.0,1,Stopped,0,0,0,0,0,VALID,VALID
21C-04064,2026-08-12 10:12:00,171.6,0.0,0.0,"Quốc Lộ 70, Xã Yên Bình, Tỉnh Lào Cai",0.0,2.0,1,0,-0.30000000000001137,-0.15000000000000568,172.2,0.9016651262985145,5.0,1,Stopped,0,0,0,0,0,VALID,VALID
21C-04064,2026-08-12 10:14:00,171.3,0.0,0.0,"Quốc Lộ 70, Xã Yên Bình, Tỉnh Lào Cai",0.0,2.0,1,0,-0.29999999999998295,-0.14999999999999147,171.9,0.851469318286205,5.0,1,Stopped,0,0,0,0,0,VALID,VALID
21C-04064,2026-08-12 10:16:00,171.1,0.0,0.0,"Quốc Lộ 70, Xã Yên Bình, Tỉnh Lào Cai",0.0,2.0,1,0,-0.20000000000001705,-0.10000000000000853,171.6,0.4438468204038845,5.0,1,Stopped,0,0,0,0,0,VALID,VALID
21C-04064,2026-08-12 10:19:00,171.1,0.0,0.0,"Quốc Lộ 70, Xã Yên Bình, Tỉnh Lào Cai",0.0,3.0,1,0,0.0,0.0,171.3,0.34641016148863235,5.0,1,Stopped,0,0,0,0,0,VALID,VALID
21C-04064,2026-08-12 10:21:00,191.9,0.0,0.0,"Quốc Lộ 70, Xã Yên Bình, Tỉnh Lào Cai",0.0,2.0,1,0,20.80000000000001,10.400000000000006,171.3,9.226050075735754,5.0,1,Stopped,0,0,1,0,1,LARGE_DELTA,VALID
21C-04064,2026-08-12 10:23:00,265.6,0.0,0.0,"Quốc Lộ 70, Xã Yên Bình, Tỉnh Lào Cai",0.0,2.0,1,0,73.70000000000002,36.85000000000001,171.3,40.91112318184371,5.0,1,Stopped,0,0,1,0,1,LARGE_DELTA,VALID
21C-04064,2026-08-12 10:26:00,358.0,0.0,0.0,"Quốc Lộ 70, Xã Yên Bình, Tỉnh Lào Cai",0.0,3.0,1,0,92.39999999999998,30.799999999999994,191.9,80.66835191077107,5.0,1,Stopped,0,0,1,0,1,LARGE_DELTA,VALID
21C-04064,2026-08-12 10:28:00,454.3,0.0,0.0,"Quốc Lộ 70, Xã Yên Bình, Tỉnh Lào Cai",0.0,2.0,1,0,96.30000000000001,48.150000000000006,265.6,118.27733087959001,5.0,1,Stopped,0,0,1,0,1,LARGE_DELTA,VALID
21C-04064,2026-08-12 10:30:00,524.7,0.0,0.0,"Quốc Lộ 70, Xã Yên Bình, Tỉnh Lào Cai",0.0,2.0,1,0,70.40000000000003,35.20000000000002,358.0,135.26409353557224,5.0,1,Stopped,0,0,1,0,1,LARGE_DELTA,VALID
21C-04064,2026-08-12 10:32:00,552.5,0.0,0.0,"Quốc Lộ 70, Xã Yên Bình, Tỉnh Lào Cai",0.0,2.0,1,0,27.799999999999955,13.899999999999977,454.3,119.13331607908867,5.0,1,Stopped,0,0,1,0,1,LARGE_DELTA,VALID
21C-04064,2026-08-12 10:34:00,559.0,0.0,0.0,"Quốc Lộ 70, Xã Yên Bình, Tỉnh Lào Cai",0.0,2.0,1,0,6.5,3.25,524.7,84.51239554053632,5.0,1,Stopped,0,0,0,0,0,VALID,VALID
21C-04064,2026-08-12 10:36:00,560.0,0.0,0.0,"Quốc Lộ 70, Xã Yên Bình, Tỉnh Lào Cai",0.0,2.0,1,0,1.0,0.5,552.5,44.73751222408406,5.0,1,Stopped,0,0,0,0,0,VALID,VALID
21C-04064,2026-08-12 10:38:00,560.0,0.0,0.0,"Quốc Lộ 70, Xã Yên Bình, Tỉnh Lào Cai",0.0,2.0,1,0,0.0,0.0,559.0,15.162882311753155,5.0,1,Stopped,0,0,0,0,0,VALID,VALID
21C-04064,2026-08-12 10:40:00,561.3,33.0,0.275,"Quốc Lộ 70, Xã Yên Bình, Tỉnh Lào Cai",0.0,2.0,1,0,1.2999999999999545,0.6499999999999773,560.0,3.4846807601384433,5.0,1,Moving,0,0,0,0,0,VALID,VALID
21C-04064,2026-08-12 10:42:00,559.7,4.0,-0.24166666666666667,"Quốc Lộ 70, Xã Yên Bình, Tỉnh Lào Cai",0.0,2.0,1,0,-1.599999999999909,-0.7999999999999545,560.0,0.8336666000741733,5.0,1,Moving,0,0,0,0,0,VALID,VALID
21C-04064,2026-08-12 10:44:00,558.8,6.0,0.016666666666666666,"Xã Yên Bình, Tỉnh Lào Cai",0.0,2.0,1,0,-0.900000000000091,-0.4500000000000455,560.0,0.8961026727330269,5.0,1,Moving,0,0,0,0,0,VALID,VALID
21C-04064,2026-08-12 10:46:00,558.7,0.0,-0.05,"Xã Yên Bình, Tỉnh Lào Cai",0.0,2.0,1,0,-0.09999999999990905,-0.049999999999954525,559.7,1.0559356041346817,5.0,1,Stopped,0,0,0,0,0,VALID,VALID
21C-04064,2026-08-12 10:48:00,556.5,0.0,0.0,"Xã Yên Bình, Tỉnh Lào Cai",0.0,2.0,1,0,-2.2000000000000455,-1.1000000000000227,558.8,1.7435595774390045,5.0,1,Stopped,0,0,0,0,0,VALID,VALID
21C-04064,2026-08-12 10:50:00,556.2,0.0,0.0,"Xã Yên Bình, Tỉnh Lào Cai",0.0,2.0,1,0,-0.2999999999999545,-0.14999999999997726,558.7,1.5417522499024467,5.0,1,Stopped,0,0,0,0,0,VALID,VALID
21C-04064,2026-08-12 10:52:00,556.1,0.0,0.0,"Xã Yên Bình, Tỉnh Lào Cai",0.0,2.0,1,0,-0.10000000000002274,-0.05000000000001137,556.5,1.368575902198768,5.0,1,Stopped,0,0,0,0,0,VALID,VALID
21C-04064,2026-08-12 10:54:00,555.8,0.0,0.0,"Xã Yên Bình, Tỉnh Lào Cai",0.0,2.0,1,0,-0.3000000000000682,-0.1500000000000341,556.2,1.1674759098496295,5.0,1,Stopped,0,0,0,0,0,VALID,VALID
21C-04064,2026-08-12 10:56:00,555.8,0.0,0.0,"Xã Yên Bình, Tỉnh Lào Cai",0.0,2.0,1,0,0.0,0.0,556.1,0.2949576242091989,5.0,1,Stopped,0,0,0,0,0,VALID,VALID
21C-04064,2026-08-12 10:58:00,555.6,0.0,0.0,"Xã Yên Bình, Tỉnh Lào Cai",0.0,2.0,1,0,-0.1999999999999318,-0.0999999999999659,555.8,0.2449489744397864,5.0,1,Stopped,0,0,0,0,0,VALID,VALID
21C-04064,2026-08-12 11:01:00,555.6,0.0,0.0,"Xã Yên Bình, Tỉnh Lào Cai",0.0,3.0,1,0,0.0,0.0,555.8,0.20493901551213056,5.0,1,Stopped,0,0,0,0,0,VALID,VALID
21C-04064,2026-08-12 11:03:00,555.5,0.0,0.0,"Xã Yên Bình, Tỉnh Lào Cai",0.0,2.0,1,0,-0.10000000000002274,-0.05000000000001137,555.6,0.1341640789446441,5.0,1,Stopped,0,0,0,0,0,VALID,VALID
21C-04064,2026-08-12 11:05:00,555.5,0.0,0.0,"Xã Yên Bình, Tỉnh Lào Cai",0.0,2.0,1,0,0.0,0.0,555.6,0.12247448746195101,5.0,1,Stopped,0,0,0,0,0,VALID,VALID
21C-04064,2026-08-12 11:07:00,555.3,0.0,0.0,"Xã Yên Bình, Tỉnh Lào Cai",0.0,2.0,1,0,-0.20000000000004547,-0.10000000000002274,555.5,0.12247448746202644,5.0,1,Stopped,0,0,0,0,0,VALID,VALID
21C-04064,2026-08-12 11:09:00,555.3,0.0,0.0,"Xã Yên Bình, Tỉnh Lào Cai",0.0,2.0,1,0,0.0,0.0,555.5,0.13416407894474633,5.0,1,Stopped,0,0,0,0,0,VALID,VALID
21C-04064,2026-08-12 11:12:00,555.2,0.0,0.0,"Xã Yên Bình, Tỉnh Lào Cai",0.0,3.0,1,0,-0.09999999999990905,-0.03333333333330302,555.3,0.13416407894478447,5.0,1,Stopped,0,0,0,0,0,VALID,VALID
21C-04064,2026-08-12 11:14:00,555.2,0.0,0.0,"Xã Yên Bình, Tỉnh Lào Cai",0.0,2.0,1,0,0.0,0.0,555.3,0.12247448746216741,5.0,1,Stopped,0,0,0,0,0,VALID,VALID
21C-04064,2026-08-12 11:16:00,555.2,0.0,0.0,"Xã Yên Bình, Tỉnh Lào Cai",0.0,2.0,1,0,0.0,0.0,555.2,0.05477225647303155,5.0,1,Stopped,0,0,0,0,0,VALID,VALID
21C-04064,2026-08-12 11:18:00,555.0,0.0,0.0,"Xã Yên Bình, Tỉnh Lào Cai",0.0,2.0,1,0,-0.20000000000004547,-0.10000000000002274,555.2,0.10954451186249228,5.0,1,Stopped,0,0,0,0,0,VALID,VALID
21C-04064,2026-08-12 11:20:00,555.0,0.0,0.0,"Xã Yên Bình, Tỉnh Lào Cai",0.0,2.0,1,0,0.0,0.0,555.2,0.10954451186268298,5.0,1,Stopped,0,0,0,0,0,VALID,VALID
21C-04064,2026-08-12 11:22:00,555.0,0.0,0.0,"Xã Yên Bình, Tỉnh Lào Cai",0.0,2.0,1,0,0.0,0.0,555.0,0.10954451186276341,5.0,1,Stopped,0,0,0,0,0,VALID,VALID
21C-04064,2026-08-12 11:25:00,555.0,0.0,0.0,"Xã Yên Bình, Tỉnh Lào Cai",0.0,3.0,1,0,0.0,0.0,555.0,0.08944271954308805,5.0,1,Stopped,0,0,0,0,0,VALID,VALID
21C-04064,2026-08-12 11:27:00,555.0,0.0,0.0,"Xã Yên Bình, Tỉnh Lào Cai",0.0,2.0,1,0,0.0,0.0,555.0,0.0,5.0,1,Stopped,0,0,0,0,0,VALID,VALID
21C-04064,2026-08-12 11:29:00,555.0,0.0,0.0,"Xã Yên Bình, Tỉnh Lào Cai",0.0,2.0,1,0,0.0,0.0,555.0,0.0,5.0,1,Stopped,0,0,0,0,0,VALID,VALID
21C-04064,2026-08-12 11:31:00,555.0,0.0,0.0,"Xã Yên Bình, Tỉnh Lào Cai",0.0,2.0,1,0,0.0,0.0,555.0,0.0,5.0,1,Stopped,0,0,0,0,0,VALID,VALID
21C-04064,2026-08-12 11:33:00,554.9,0.0,0.0,"Xã Yên Bình, Tỉnh Lào Cai",0.0,2.0,1,0,-0.10000000000002274,-0.05000000000001137,555.0,0.044721360436450565,5.0,1,Stopped,0,0,0,0,0,VALID,VALID
21C-04064,2026-08-12 11:36:00,554.9,0.0,0.0,"Xã Yên Bình, Tỉnh Lào Cai",0.0,3.0,1,0,0.0,0.0,555.0,0.05477225647436902,5.0,1,Stopped,0,0,0,0,0,VALID,VALID
21C-04064,2026-08-12 11:38:00,554.9,0.0,0.0,"Xã Yên Bình, Tỉnh Lào Cai",0.0,2.0,1,0,0.0,0.0,554.9,0.05477225647443907,5.0,1,Stopped,0,0,0,0,0,VALID,VALID
21C-04064,2026-08-12 11:40:00,554.9,0.0,0.0,"Xã Yên Bình, Tỉnh Lào Cai",0.0,2.0,1,0,0.0,0.0,554.9,0.04472136043670794,5.0,1,Stopped,0,0,0,0,0,VALID,VALID
21C-04064,2026-08-12 11:42:00,554.9,0.0,0.0,"Xã Yên Bình, Tỉnh Lào Cai",0.0,2.0,1,0,0.0,0.0,554.9,0.0,5.0,1,Stopped,0,0,0,0,0,VALID,VALID
21C-04064,2026-08-12 11:44:00,554.9,0.0,0.0,"Xã Yên Bình, Tỉnh Lào Cai",0.0,2.0,1,0,0.0,0.0,554.9,0.0,5.0,1,Stopped,0,0,0,0,0,VALID,VALID
21C-04064,2026-08-12 11:46:00,554.9,0.0,0.0,"Xã Yên Bình, Tỉnh Lào Cai",0.0,2.0,1,0,0.0,0.0,554.9,0.0,5.0,1,Stopped,0,0,0,0,0,VALID,VALID
21C-04064,2026-08-12 11:49:00,554.9,0.0,0.0,"Xã Yên Bình, Tỉnh Lào Cai",0.0,3.0,1,0,0.0,0.0,554.9,0.0,5.0,1,Stopped,0,0,0,0,0,VALID,VALID
21C-04064,2026-08-12 11:51:00,554.9,0.0,0.0,"Xã Yên Bình, Tỉnh Lào Cai",0.0,2.0,1,0,0.0,0.0,554.9,0.0,5.0,1,Stopped,0,0,0,0,0,VALID,VALID
21C-04064,2026-08-12 11:53:00,554.9,0.0,0.0,"Xã Yên Bình, Tỉnh Lào Cai",0.0,2.0,1,0,0.0,0.0,554.9,0.0,5.0,1,Stopped,0,0,0,0,0,VALID,VALID
21C-04064,2026-08-12 11:55:00,554.7,0.0,0.0,"Xã Yên Bình, Tỉnh Lào Cai",0.0,2.0,1,0,-0.1999999999999318,-0.0999999999999659,554.9,0.08944271954351227,5.0,1,Stopped,0,0,0,0,0,VALID,VALID
21C-04064,2026-08-12 11:58:00,554.7,0.0,0.0,"Xã Yên Bình, Tỉnh Lào Cai",0.0,3.0,1,0,0.0,0.0,554.9,0.10954451186328232,5.0,1,Stopped,0,0,0,0,0,VALID,VALID
21C-04064,2026-08-12 12:00:00,554.7,0.0,0.0,"Xã Yên Bình, Tỉnh Lào Cai",0.0,2.0,1,0,0.0,0.0,554.7,0.10954451186341982,5.0,1,Stopped,0,0,0,0,0,VALID,VALID
21C-04064,2026-08-12 12:02:00,554.7,0.0,0.0,"Xã Yên Bình, Tỉnh Lào Cai",0.0,2.0,1,0,0.0,0.0,554.7,0.08944271954401752,5.0,1,Stopped,0,0,0,0,0,VALID,VALID
21C-04064,2026-08-12 12:04:00,554.7,0.0,0.0,"Xã Yên Bình, Tỉnh Lào Cai",0.0,2.0,1,0,0.0,0.0,554.7,0.0,5.0,1,Stopped,0,0,0,0,0,VALID,VALID
21C-04064,2026-08-12 12:06:00,554.7,0.0,0.0,"Xã Yên Bình, Tỉnh Lào Cai",0.0,2.0,1,0,0.0,0.0,554.7,0.0,5.0,1,Stopped,0,0,0,0,0,VALID,VALID
21C-04064,2026-08-12 12:08:00,554.7,0.0,0.0,"Xã Yên Bình, Tỉnh Lào Cai",0.0,2.0,1,0,0.0,0.0,554.7,0.0,5.0,1,Stopped,0,0,0,0,0,VALID,VALID
21C-04064,2026-08-12 12:11:00,554.7,0.0,0.0,"Xã Yên Bình, Tỉnh Lào Cai",0.0,3.0,1,0,0.0,0.0,554.7,0.0,5.0,1,Stopped,0,0,0,0,0,VALID,VALID
21C-04064,2026-08-12 12:13:00,554.7,0.0,0.0,"Xã Yên Bình, Tỉnh Lào Cai",0.0,2.0,1,0,0.0,0.0,554.7,0.0,5.0,1,Stopped,0,0,0,0,0,VALID,VALID
21C-04064,2026-08-12 12:15:00,554.7,0.0,0.0,"Xã Yên Bình, Tỉnh Lào Cai",0.0,2.0,1,0,0.0,0.0,554.7,0.0,5.0,1,Stopped,0,0,0,0,0,VALID,VALID
21C-04064,2026-08-12 12:17:00,554.6,0.0,0.0,"Xã Yên Bình, Tỉnh Lào Cai",0.0,2.0,1,0,-0.10000000000002274,-0.05000000000001137,554.7,0.044721360438703506,5.0,1,Stopped,0,0,0,0,0,VALID,VALID
21C-04064,2026-08-12 12:19:00,554.6,0.0,0.0,"Xã Yên Bình, Tỉnh Lào Cai",0.0,2.0,1,0,0.0,0.0,554.7,0.0547722564763227,5.0,1,Stopped,0,0,0,0,0,VALID,VALID
21C-04064,2026-08-12 12:22:00,554.6,0.0,0.0,"Xã Yên Bình, Tỉnh Lào Cai",0.0,3.0,1,0,0.0,0.0,554.6,0.054772256476506916,5.0,1,Stopped,0,0,0,0,0,VALID,VALID
21C-04064,2026-08-12 12:24:00,554.6,0.0,0.0,"Xã Yên Bình, Tỉnh Lào Cai",0.0,2.0,1,0,0.0,0.0,554.6,0.04472136043938034,5.0,1,Stopped,0,0,0,0,0,VALID,VALID
21C-04064,2026-08-12 12:26:00,554.6,0.0,0.0,"Xã Yên Bình, Tỉnh Lào Cai",0.0,2.0,1,0,0.0,0.0,554.6,0.0,5.0,1,Stopped,0,0,0,0,0,VALID,VALID
21C-04064,2026-08-12 12:28:00,554.6,0.0,0.0,"Xã Yên Bình, Tỉnh Lào Cai",0.0,2.0,1,0,0.0,0.0,554.6,0.0,5.0,1,Stopped,0,0,0,0,0,VALID,VALID
21C-04064,2026-08-12 12:30:00,554.6,0.0,0.0,"Xã Yên Bình, Tỉnh Lào Cai",0.0,2.0,1,0,0.0,0.0,554.6,0.0,5.0,1,Stopped,0,0,0,0,0,VALID,VALID
21C-04064,2026-08-12 12:32:00,554.6,0.0,0.0,"Xã Yên Bình, Tỉnh Lào Cai",0.0,2.0,1,0,0.0,0.0,554.6,0.0,5.0,1,Stopped,0,0,0,0,0,VALID,VALID
21C-04064,2026-08-12 12:35:00,554.6,0.0,0.0,"Xã Yên Bình, Tỉnh Lào Cai",0.0,3.0,1,0,0.0,0.0,554.6,0.0,5.0,1,Stopped,0,0,0,0,0,VALID,VALID
21C-04064,2026-08-12 12:37:00,554.6,0.0,0.0,"Xã Yên Bình, Tỉnh Lào Cai",0.0,2.0,1,0,0.0,0.0,554.6,0.0,5.0,1,Stopped,0,0,0,0,0,VALID,VALID
21C-04064,2026-08-12 12:39:00,554.6,0.0,0.0,"Xã Yên Bình, Tỉnh Lào Cai",0.0,2.0,1,0,0.0,0.0,554.6,0.0,5.0,1,Stopped,0,0,0,0,0,VALID,VALID
21C-04064,2026-08-12 12:41:00,554.6,0.0,0.0,"Xã Yên Bình, Tỉnh Lào Cai",0.0,2.0,1,0,0.0,0.0,554.6,0.0,5.0,1,Stopped,0,0,0,0,0,VALID,VALID
21C-04064,2026-08-12 12:43:00,554.6,0.0,0.0,"Xã Yên Bình, Tỉnh Lào Cai",0.0,2.0,1,0,0.0,0.0,554.6,0.0,5.0,1,Stopped,0,0,0,0,0,VALID,VALID
21C-04064,2026-08-12 12:46:00,554.6,0.0,0.0,"Xã Yên Bình, Tỉnh Lào Cai",0.0,3.0,1,0,0.0,0.0,554.6,0.0,5.0,1,Stopped,0,0,0,0,0,VALID,VALID
21C-04064,2026-08-12 12:48:00,554.6,0.0,0.0,"Xã Yên Bình, Tỉnh Lào Cai",0.0,2.0,1,0,0.0,0.0,554.6,0.0,5.0,1,Stopped,0,0,0,0,0,VALID,VALID
21C-04064,2026-08-12 12:50:00,554.6,0.0,0.0,"Xã Yên Bình, Tỉnh Lào Cai",0.0,2.0,1,0,0.0,0.0,554.6,0.0,5.0,1,Stopped,0,0,0,0,0,VALID,VALID
21C-04064,2026-08-12 12:52:00,554.6,0.0,0.0,"Xã Yên Bình, Tỉnh Lào Cai",0.0,2.0,1,0,0.0,0.0,554.6,0.0,5.0,1,Stopped,0,0,0,0,0,VALID,VALID
21C-04064,2026-08-12 12:54:00,554.6,0.0,0.0,"Xã Yên Bình, Tỉnh Lào Cai",0.0,2.0,1,0,0.0,0.0,554.6,0.0,5.0,1,Stopped,0,0,0,0,0,VALID,VALID
21C-04064,2026-08-12 12:56:00,554.6,0.0,0.0,"Xã Yên Bình, Tỉnh Lào Cai",0.0,2.0,1,0,0.0,0.0,554.6,0.0,5.0,1,Stopped,0,0,0,0,0,VALID,VALID
21C-04064,2026-08-12 12:59:00,554.4,0.0,0.0,"Xã Yên Bình, Tỉnh Lào Cai",0.0,3.0,1,0,-0.20000000000004547,-0.06666666666668182,554.6,0.08944271954508996,5.0,1,Stopped,0,0,0,0,0,VALID,VALID
21C-04064,2026-08-12 13:01:00,554.4,0.0,0.0,"Xã Yên Bình, Tỉnh Lào Cai",0.0,2.0,1,0,0.0,0.0,554.6,0.10954451186469893,5.0,1,Stopped,0,0,0,0,0,VALID,VALID
21C-04064,2026-08-12 13:03:00,554.4,0.0,0.0,"Xã Yên Bình, Tỉnh Lào Cai",0.0,2.0,1,0,0.0,0.0,554.4,0.1095445118649532,5.0,1,Stopped,0,0,0,0,0,VALID,VALID
21C-04064,2026-08-12 13:05:00,554.4,0.0,0.0,"Xã Yên Bình, Tỉnh Lào Cai",0.0,2.0,1,0,0.0,0.0,554.4,0.0894427195460242,5.0,1,Stopped,0,0,0,0,0,VALID,VALID
21C-04064,2026-08-12 13:07:00,554.4,0.0,0.0,"Xã Yên Bình, Tỉnh Lào Cai",0.0,2.0,1,0,0.0,0.0,554.4,0.0,5.0,1,Stopped,0,0,0,0,0,VALID,VALID
21C-04064,2026-08-12 13:10:00,554.4,0.0,0.0,"Xã Yên Bình, Tỉnh Lào Cai",0.0,3.0,1,0,0.0,0.0,554.4,0.0,5.0,1,Stopped,0,0,0,0,0,VALID,VALID
21C-04064,2026-08-12 13:12:00,554.4,0.0,0.0,"Xã Yên Bình, Tỉnh Lào Cai",0.0,2.0,1,0,0.0,0.0,554.4,0.0,5.0,1,Stopped,0,0,0,0,0,VALID,VALID
21C-04064,2026-08-12 13:14:00,554.4,0.0,0.0,"Xã Yên Bình, Tỉnh Lào Cai",0.0,2.0,1,0,0.0,0.0,554.4,0.0,5.0,1,Stopped,0,0,0,0,0,VALID,VALID
21C-04064,2026-08-12 13:16:00,554.3,0.0,0.0,"Xã Yên Bình, Tỉnh Lào Cai",0.0,2.0,1,0,-0.10000000000002274,-0.05000000000001137,554.4,0.04472136044308549,5.0,1,Stopped,0,0,0,0,0,VALID,VALID
21C-04064,2026-08-12 13:18:00,554.3,0.0,0.0,"Xã Yên Bình, Tỉnh Lào Cai",0.0,2.0,1,0,0.0,0.0,554.4,0.05477225647999398,5.0,1,Stopped,0,0,0,0,0,VALID,VALID
21C-04064,2026-08-12 13:20:00,554.3,0.0,0.0,"Xã Yên Bình, Tỉnh Lào Cai",0.0,2.0,1,0,0.0,0.0,554.3,0.0547722564802716,5.0,1,Stopped,0,0,0,0,0,VALID,VALID
21C-04064,2026-08-12 13:23:00,554.3,0.0,0.0,"Xã Yên Bình, Tỉnh Lào Cai",0.0,3.0,1,0,0.0,0.0,554.3,0.04472136044410551,5.0,1,Stopped,0,0,0,0,0,VALID,VALID
21C-04064,2026-08-12 13:25:00,554.3,0.0,0.0,"Xã Yên Bình, Tỉnh Lào Cai",0.0,2.0,1,0,0.0,0.0,554.3,0.0,5.0,1,Stopped,0,0,0,0,0,VALID,VALID
21C-04064,2026-08-12 13:27:00,554.3,0.0,0.0,"Xã Yên Bình, Tỉnh Lào Cai",0.0,2.0,1,0,0.0,0.0,554.3,0.0,5.0,1,Stopped,0,0,0,0,0,VALID,VALID
21C-04064,2026-08-12 13:29:00,554.3,0.0,0.0,"Xã Yên Bình, Tỉnh Lào Cai",0.0,2.0,1,0,0.0,0.0,554.3,0.0,5.0,1,Stopped,0,0,0,0,0,VALID,VALID
21C-04064,2026-08-12 13:31:00,554.3,0.0,0.0,"Xã Yên Bình, Tỉnh Lào Cai",0.0,2.0,1,0,0.0,0.0,554.3,0.0,5.0,1,Stopped,0,0,0,0,0,VALID,VALID
21C-04064,2026-08-12 13:34:00,554.3,0.0,0.0,"Xã Yên Bình, Tỉnh Lào Cai",0.0,3.0,1,0,0.0,0.0,554.3,0.0,5.0,1,Stopped,0,0,0,0,0,VALID,VALID
21C-04064,2026-08-12 13:36:00,554.3,0.0,0.0,"Xã Yên Bình, Tỉnh Lào Cai",0.0,2.0,1,0,0.0,0.0,554.3,0.0,5.0,1,Stopped,0,0,0,0,0,VALID,VALID
21C-04064,2026-08-12 13:38:00,554.3,0.0,0.0,"Xã Yên Bình, Tỉnh Lào Cai",0.0,2.0,1,0,0.0,0.0,554.3,0.0,5.0,1,Stopped,0,0,0,0,0,VALID,VALID
21C-04064,2026-08-12 13:40:00,554.3,0.0,0.0,"Xã Yên Bình, Tỉnh Lào Cai",0.0,2.0,1,0,0.0,0.0,554.3,0.0,5.0,1,Stopped,0,0,0,0,0,VALID,VALID
21C-04064,2026-08-12 13:42:00,554.3,0.0,0.0,"Xã Yên Bình, Tỉnh Lào Cai",0.0,2.0,1,0,0.0,0.0,554.3,0.0,5.0,1,Stopped,0,0,0,0,0,VALID,VALID
21C-04064,2026-08-12 13:44:00,554.3,0.0,0.0,"Xã Yên Bình, Tỉnh Lào Cai",0.0,2.0,1,0,0.0,0.0,554.3,0.0,5.0,1,Stopped,0,0,0,0,0,VALID,VALID
21C-04064,2026-08-12 13:47:00,554.3,0.0,0.0,"Xã Yên Bình, Tỉnh Lào Cai",0.0,3.0,1,0,0.0,0.0,554.3,0.0,5.0,1,Stopped,0,0,0,0,0,VALID,VALID
21C-04064,2026-08-12 13:49:00,554.3,0.0,0.0,"Xã Yên Bình, Tỉnh Lào Cai",0.0,2.0,1,0,0.0,0.0,554.3,0.0,5.0,1,Stopped,0,0,0,0,0,VALID,VALID
21C-04064,2026-08-12 13:51:00,554.3,0.0,0.0,"Xã Yên Bình, Tỉnh Lào Cai",0.0,2.0,1,0,0.0,0.0,554.3,0.0,5.0,1,Stopped,0,0,0,0,0,VALID,VALID
21C-04064,2026-08-12 13:53:00,554.1,0.0,0.0,"Xã Yên Bình, Tỉnh Lào Cai",0.0,2.0,1,0,-0.1999999999999318,-0.0999999999999659,554.3,0.08944271954759236,5.0,1,Stopped,0,0,0,0,0,VALID,VALID
21C-04064,2026-08-12 13:55:00,554.1,0.0,0.0,"Xã Yên Bình, Tỉnh Lào Cai",0.0,2.0,1,0,0.0,0.0,554.3,0.10954451186682126,5.0,1,Stopped,0,0,0,0,0,VALID,VALID
21C-04064,2026-08-12 13:58:00,554.1,0.0,0.0,"Xã Yên Bình, Tỉnh Lào Cai",0.0,3.0,1,0,0.0,0.0,554.1,0.10954451186716634,5.0,1,Stopped,0,0,0,0,0,VALID,VALID
21C-04064,2026-08-12 14:00:00,554.1,0.0,0.0,"Xã Yên Bình, Tỉnh Lào Cai",0.0,2.0,1,0,0.0,0.0,554.1,0.08944271954886024,5.0,1,Stopped,0,0,0,0,0,VALID,VALID
21C-04064,2026-08-12 14:02:00,554.1,0.0,0.0,"Xã Yên Bình, Tỉnh Lào Cai",0.0,2.0,1,0,0.0,0.0,554.1,0.0,5.0,1,Stopped,0,0,0,0,0,VALID,VALID
21C-04064,2026-08-12 14:04:00,554.1,0.0,0.0,"Xã Yên Bình, Tỉnh Lào Cai",0.0,2.0,1,0,0.0,0.0,554.1,0.0,5.0,1,Stopped,0,0,0,0,0,VALID,VALID
21C-04064,2026-08-12 14:06:00,554.1,0.0,0.0,"Xã Yên Bình, Tỉnh Lào Cai",0.0,2.0,1,0,0.0,0.0,554.1,0.0,5.0,1,Stopped,0,0,0,0,0,VALID,VALID
21C-04064,2026-08-12 14:08:00,554.1,0.0,0.0,"Xã Yên Bình, Tỉnh Lào Cai",0.0,2.0,1,0,0.0,0.0,554.1,0.0,5.0,1,Stopped,0,0,0,0,0,VALID,VALID
21C-04064,2026-08-12 14:10:00,554.1,0.0,0.0,"Xã Yên Bình, Tỉnh Lào Cai",0.0,2.0,1,0,0.0,0.0,554.1,0.0,5.0,1,Stopped,0,0,0,0,0,VALID,VALID
21C-04064,2026-08-12 14:12:00,554.0,0.0,0.0,"Xã Yên Bình, Tỉnh Lào Cai",0.0,2.0,1,0,-0.10000000000002274,-0.05000000000001137,554.1,0.044721360449151586,5.0,1,Stopped,0,0,0,0,0,VALID,VALID
21C-04064,2026-08-12 14:14:00,554.0,0.0,0.0,"Xã Yên Bình, Tỉnh Lào Cai",0.0,2.0,1,0,0.0,0.0,554.1,0.054772256485061094,5.0,1,Stopped,0,0,0,0,0,VALID,VALID
21C-04064,2026-08-12 14:16:00,553.8,0.0,0.0,"Xã Yên Bình, Tỉnh Lào Cai",0.0,2.0,1,0,-0.20000000000004547,-0.10000000000002274,554.0,0.12247448746821901,5.0,1,Stopped,0,0,0,0,0,VALID,VALID
21C-04064,2026-08-12 14:18:00,554.1,0.0,0.0,"Xã Yên Bình, Tỉnh Lào Cai",0.0,2.0,1,0,0.3000000000000682,0.1500000000000341,554.0,0.12247448746821901,5.0,1,Stopped,0,0,0,0,0,VALID,VALID
21C-04064,2026-08-12 14:20:00,554.1,0.0,0.0,"Xã Yên Bình, Tỉnh Lào Cai",0.0,2.0,1,0,0.0,0.0,554.0,0.12247448746821901,5.0,1,Stopped,0,0,0,0,0,VALID,VALID
21C-04064,2026-08-12 14:22:00,554.3,0.0,0.0,"Xã Yên Bình, Tỉnh Lào Cai",0.0,2.0,1,0,0.1999999999999318,0.0999999999999659,554.1,0.18165902146732066,5.0,1,Stopped,0,0,0,0,0,VALID,VALID
21C-04064,2026-08-12 14:24:00,554.3,0.0,0.0,"Xã Yên Bình, Tỉnh Lào Cai",0.0,2.0,1,0,0.0,0.0,554.1,0.20493901551518856,5.0,1,Stopped,0,0,0,0,0,VALID,VALID
21C-04064,2026-08-12 14:26:00,554.3,0.0,0.0,"Xã Yên Bình, Tỉnh Lào Cai",0.0,2.0,1,0,0.0,0.0,554.3,0.10954451186678041,5.0,1,Stopped,0,0,0,0,0,VALID,VALID
21C-04064,2026-08-12 14:29:00,554.3,0.0,0.0,"Xã Yên Bình, Tỉnh Lào Cai",0.0,3.0,1,0,0.0,0.0,554.3,0.08944271954754232,5.0,1,Stopped,0,0,0,0,0,VALID,VALID
21C-04064,2026-08-12 14:31:00,554.3,0.0,0.0,"Xã Yên Bình, Tỉnh Lào Cai",0.0,2.0,1,0,0.0,0.0,554.3,0.0,5.0,1,Stopped,0,0,0,0,0,VALID,VALID
21C-04064,2026-08-12 14:33:00,554.3,0.0,0.0,"Xã Yên Bình, Tỉnh Lào Cai",0.0,2.0,1,0,0.0,0.0,554.3,0.0,5.0,1,Stopped,0,0,0,0,0,VALID,VALID
21C-04064,2026-08-12 14:35:00,554.3,0.0,0.0,"Xã Yên Bình, Tỉnh Lào Cai",0.0,2.0,1,0,0.0,0.0,554.3,0.0,5.0,1,Stopped,0,0,0,0,0,VALID,VALID
21C-04064,2026-08-12 14:38:00,554.3,0.0,0.0,"Xã Yên Bình, Tỉnh Lào Cai",0.0,3.0,1,0,0.0,0.0,554.3,0.0,5.0,1,Stopped,0,0,0,0,0,VALID,VALID
21C-04064,2026-08-12 14:40:00,554.3,0.0,0.0,"Xã Yên Bình, Tỉnh Lào Cai",0.0,2.0,1,0,0.0,0.0,554.3,0.0,5.0,1,Stopped,0,0,0,0,0,VALID,VALID
21C-04064,2026-08-12 14:42:00,554.3,0.0,0.0,"Xã Yên Bình, Tỉnh Lào Cai",0.0,2.0,1,0,0.0,0.0,554.3,0.0,5.0,1,Stopped,0,0,0,0,0,VALID,VALID
21C-04064,2026-08-12 14:44:00,554.3,0.0,0.0,"Xã Yên Bình, Tỉnh Lào Cai",0.0,2.0,1,0,0.0,0.0,554.3,0.0,5.0,1,Stopped,0,0,0,0,0,VALID,VALID
21C-04064,2026-08-12 14:46:00,554.3,0.0,0.0,"Xã Yên Bình, Tỉnh Lào Cai",0.0,2.0,1,0,0.0,0.0,554.3,0.0,5.0,1,Stopped,0,0,0,0,0,VALID,VALID
21C-04064,2026-08-12 14:48:00,554.3,0.0,0.0,"Xã Yên Bình, Tỉnh Lào Cai",0.0,2.0,1,0,0.0,0.0,554.3,0.0,5.0,1,Stopped,0,0,0,0,0,VALID,VALID
21C-04064,2026-08-12 14:51:00,554.3,0.0,0.0,"Xã Yên Bình, Tỉnh Lào Cai",0.0,3.0,1,0,0.0,0.0,554.3,0.0,5.0,1,Stopped,0,0,0,0,0,VALID,VALID
21C-04064,2026-08-12 14:53:00,554.3,0.0,0.0,"Xã Yên Bình, Tỉnh Lào Cai",0.0,2.0,1,0,0.0,0.0,554.3,0.0,5.0,1,Stopped,0,0,0,0,0,VALID,VALID
21C-04064,2026-08-12 14:55:00,554.3,0.0,0.0,"Xã Yên Bình, Tỉnh Lào Cai",0.0,2.0,1,0,0.0,0.0,554.3,0.0,5.0,1,Stopped,0,0,0,0,0,VALID,VALID
21C-04064,2026-08-12 14:57:00,554.3,0.0,0.0,"Xã Yên Bình, Tỉnh Lào Cai",0.0,2.0,1,0,0.0,0.0,554.3,0.0,5.0,1,Stopped,0,0,0,0,0,VALID,VALID
21C-04064,2026-08-12 14:59:00,554.3,0.0,0.0,"Xã Yên Bình, Tỉnh Lào Cai",0.0,2.0,1,0,0.0,0.0,554.3,0.0,5.0,1,Stopped,0,0,0,0,0,VALID,VALID
21C-04064,2026-08-12 15:02:00,554.3,0.0,0.0,"Xã Yên Bình, Tỉnh Lào Cai",0.0,3.0,1,0,0.0,0.0,554.3,0.0,5.0,1,Stopped,0,0,0,0,0,VALID,VALID
21C-04064,2026-08-12 15:04:00,554.3,0.0,0.0,"Xã Yên Bình, Tỉnh Lào Cai",0.0,2.0,1,0,0.0,0.0,554.3,0.0,5.0,1,Stopped,0,0,0,0,0,VALID,VALID
21C-04064,2026-08-12 15:06:00,554.3,0.0,0.0,"Xã Yên Bình, Tỉnh Lào Cai",0.0,2.0,1,0,0.0,0.0,554.3,0.0,5.0,1,Stopped,0,0,0,0,0,VALID,VALID
21C-04064,2026-08-12 15:08:00,554.4,0.0,0.0,"Xã Yên Bình, Tỉnh Lào Cai",0.0,2.0,1,0,0.10000000000002274,0.05000000000001137,554.3,0.04472136044394822,5.0,1,Stopped,0,0,0,0,0,VALID,VALID
21C-04064,2026-08-12 15:10:00,554.4,0.0,0.0,"Xã Yên Bình, Tỉnh Lào Cai",0.0,2.0,1,0,0.0,0.0,554.3,0.05477225648007571,5.0,1,Stopped,0,0,0,0,0,VALID,VALID
21C-04064,2026-08-12 15:12:00,554.4,0.0,0.0,"Xã Yên Bình, Tỉnh Lào Cai",0.0,2.0,1,0,0.0,0.0,554.4,0.054772256479730635,5.0,1,Stopped,0,0,0,0,0,VALID,VALID
21C-04064,2026-08-12 15:14:00,554.4,0.0,0.0,"Xã Yên Bình, Tỉnh Lào Cai",0.0,2.0,1,0,0.0,0.0,554.4,0.04472136044268034,5.0,1,Stopped,0,0,0,0,0,VALID,VALID
21C-04064,2026-08-12 15:17:00,555.3,0.0,0.0,"Xã Yên Bình, Tỉnh Lào Cai",0.0,3.0,1,0,0.8999999999999773,0.29999999999999244,554.4,0.40249223604868045,5.0,1,Stopped,0,0,0,0,0,VALID,VALID
21C-04064,2026-08-12 15:20:00,555.6,0.0,0.0,"Xã Yên Bình, Tỉnh Lào Cai",0.0,3.0,1,0,0.3000000000000682,0.10000000000002274,554.4,0.584807660756113,5.0,1,Stopped,0,0,0,0,0,VALID,VALID
21C-04064,2026-08-12 15:22:00,555.8,0.0,0.0,"Xã Yên Bình, Tỉnh Lào Cai",0.0,2.0,1,0,0.1999999999999318,0.0999999999999659,555.3,0.6633249581302678,5.0,1,Stopped,0,0,0,0,0,VALID,VALID
21C-04064,2026-08-12 15:24:00,555.8,0.0,0.0,"Xã Yên Bình, Tỉnh Lào Cai",0.0,2.0,1,0,0.0,0.0,555.6,0.5848076607552354,5.0,1,Stopped,0,0,0,0,0,VALID,VALID
21C-04064,2026-08-12 15:26:00,555.9,0.0,0.0,"Xã Yên Bình, Tỉnh Lào Cai",0.0,2.0,1,0,0.10000000000002274,0.05000000000001137,555.8,0.23874672788849588,5.0,1,Stopped,0,0,0,0,0,VALID,VALID
21C-04064,2026-08-12 15:28:00,555.9,0.0,0.0,"Xã Yên Bình, Tỉnh Lào Cai",0.0,2.0,1,0,0.0,0.0,555.8,0.12247448745441003,5.0,1,Stopped,0,0,0,0,0,VALID,VALID
21C-04064,2026-08-12 15:30:00,556.1,0.0,0.0,"Xã Yên Bình, Tỉnh Lào Cai",0.0,2.0,1,0,0.20000000000004547,0.10000000000002274,555.9,0.12247448745366164,5.0,1,Stopped,0,0,0,0,0,VALID,VALID
21C-04064,2026-08-12 15:32:00,556.1,0.0,0.0,"Xã Yên Bình, Tỉnh Lào Cai",0.0,2.0,1,0,0.0,0.0,555.9,0.1341640789366406,5.0,1,Stopped,0,0,0,0,0,VALID,VALID
21C-04064,2026-08-12 15:34:00,554.3,0.0,0.0,"Xã Yên Bình, Tỉnh Lào Cai",0.0,2.0,1,0,-1.8000000000000682,-0.9000000000000341,555.9,0.7668115805577912,5.0,1,Stopped,0,0,0,0,0,VALID,VALID
21C-04064,2026-08-12 15:36:00,552.6,0.0,0.0,"Xã Yên Bình, Tỉnh Lào Cai",0.0,2.0,1,0,-1.6999999999999318,-0.8499999999999659,555.9,1.5394804318596518,5.0,1,Stopped,0,0,0,0,0,VALID,VALID
21C-04064,2026-08-12 15:38:00,552.3,0.0,0.0,"Xã Yên Bình, Tỉnh Lào Cai",0.0,2.0,1,0,-0.3000000000000682,-0.1500000000000341,554.3,1.8281137820388154,5.0,1,Stopped,0,0,0,0,0,VALID,VALID
21C-04064,2026-08-12 15:40:00,552.0,0.0,0.0,"Xã Yên Bình, Tỉnh Lào Cai",0.0,2.0,1,0,-0.2999999999999545,-0.14999999999997726,552.6,1.7242389625808212,5.0,1,Stopped,0,0,0,0,0,VALID,VALID
21C-04064,2026-08-12 15:42:00,551.8,0.0,0.0,"Xã Yên Bình, Tỉnh Lào Cai",0.0,2.0,1,0,-0.20000000000004547,-0.10000000000002274,552.3,0.9974968672047473,5.0,1,Stopped,0,0,0,0,0,VALID,VALID
21C-04064,2026-08-12 15:45:00,551.8,0.0,0.0,"Xã Yên Bình, Tỉnh Lào Cai",0.0,3.0,1,0,0.0,0.0,552.0,0.3464101616353207,5.0,1,Stopped,0,0,0,0,0,VALID,VALID
21C-04064,2026-08-12 15:47:00,551.7,0.0,0.0,"Xã Yên Bình, Tỉnh Lào Cai",0.0,2.0,1,0,-0.09999999999990905,-0.049999999999954525,551.8,0.23874672790322915,5.0,1,Stopped,0,0,0,0,0,VALID,VALID
21C-04064,2026-08-12 15:49:00,551.7,0.0,0.0,"Xã Yên Bình, Tỉnh Lào Cai",0.0,2.0,1,0,0.0,0.0,551.8,0.12247448748495622,5.0,1,Stopped,0,0,0,0,0,VALID,VALID
21C-04064,2026-08-12 15:51:00,551.5,0.0,0.0,"Xã Yên Bình, Tỉnh Lào Cai",0.0,2.0,1,0,-0.20000000000004547,-0.10000000000002274,551.7,0.12247448748560019,5.0,1,Stopped,0,0,0,0,0,VALID,VALID
21C-04064,2026-08-12 15:52:00,551.5,0.0,0.0,"Xã Yên Bình, Tỉnh Lào Cai",0.0,1.0,1,0,0.0,0.0,551.7,0.13416407896658283,5.0,1,Stopped,0,0,0,0,0,VALID,VALID
21C-04064,2026-08-12 15:54:00,551.5,0.0,0.0,"Xã Yên Bình, Tỉnh Lào Cai",0.0,2.0,1,0,0.0,0.0,551.5,0.10954451188918973,5.0,1,Stopped,0,0,0,0,0,VALID,VALID
21C-04064,2026-08-12 15:56:00,551.7,0.0,0.0,"Xã Yên Bình, Tỉnh Lào Cai",0.0,2.0,1,0,0.20000000000004547,0.10000000000002274,551.5,0.10954451188918973,5.0,1,Stopped,0,0,0,0,0,VALID,VALID
21C-04064,2026-08-12 15:58:00,551.8,0.0,0.0,"Xã Yên Bình, Tỉnh Lào Cai",0.0,2.0,1,0,0.09999999999990905,0.049999999999954525,551.5,0.1414213565378424,5.0,1,Stopped,0,0,0,0,0,VALID,VALID
21C-04064,2026-08-12 16:01:00,551.7,0.0,0.0,"Xã Yên Bình, Tỉnh Lào Cai",0.0,3.0,1,0,-0.09999999999990905,-0.03333333333330302,551.7,0.1341640789665733,5.0,1,Stopped,0,0,0,0,0,VALID,VALID
21C-04064,2026-08-12 16:03:00,551.7,0.0,0.0,"Xã Yên Bình, Tỉnh Lào Cai",0.0,2.0,1,0,0.0,0.0,551.7,0.10954451188853073,5.0,1,Stopped,0,0,0,0,0,VALID,VALID
21C-04064,2026-08-12 16:04:00,551.7,0.0,0.0,"Xã Yên Bình, Tỉnh Lào Cai",0.0,1.0,1,0,0.0,0.0,551.7,0.04472136049860453,5.0,1,Stopped,0,0,0,0,0,VALID,VALID
21C-04064,2026-08-12 16:06:00,551.7,0.0,0.0,"Xã Yên Bình, Tỉnh Lào Cai",0.0,2.0,1,0,0.0,0.0,551.7,0.04472136049860453,5.0,1,Stopped,0,0,0,0,0,VALID,VALID
21C-04064,2026-08-12 16:08:00,553.1,0.0,0.0,"Xã Yên Bình, Tỉnh Lào Cai",0.0,2.0,1,0,1.3999999999999773,0.6999999999999886,551.7,0.6260990337674619,5.0,1,Stopped,0,0,0,0,0,VALID,VALID
21C-04064,2026-08-12 16:11:00,553.2,0.0,0.0,"Xã Yên Bình, Tỉnh Lào Cai",0.0,3.0,1,0,0.10000000000002274,0.03333333333334091,551.7,0.7949842766270236,5.0,1,Stopped,0,0,0,0,0,VALID,VALID
21C-04064,2026-08-12 16:13:00,553.4,0.0,0.0,"Xã Yên Bình, Tỉnh Lào Cai",0.0,2.0,1,0,0.1999999999999318,0.0999999999999659,553.1,0.8467585252501273,5.0,1,Stopped,0,0,0,0,0,VALID,VALID
21C-04064,2026-08-12 16:14:00,553.4,0.0,0.0,"Xã Yên Bình, Tỉnh Lào Cai",0.0,1.0,1,0,0.0,0.0,553.2,0.7162401832370116,5.0,1,Stopped,0,0,0,0,0,VALID,VALID
21C-04064,2026-08-12 16:16:00,553.7,0.0,0.0,"Xã Yên Bình, Tỉnh Lào Cai",0.0,2.0,1,0,0.3000000000000682,0.1500000000000341,553.4,0.23021728884462037,5.0,1,Stopped,0,0,0,0,0,VALID,VALID
21C-04064,2026-08-12 16:18:00,553.8,0.0,0.0,"Xã Yên Bình, Tỉnh Lào Cai",0.0,2.0,1,0,0.09999999999990905,0.049999999999954525,553.4,0.2449489744473187,5.0,1,Stopped,0,0,0,0,0,VALID,VALID
21C-04064,2026-08-12 16:20:00,554.9,0.0,0.0,"Xã Yên Bình, Tỉnh Lào Cai",0.0,2.0,1,0,1.1000000000000227,0.5500000000000114,553.7,0.6188699379372463,5.0,1,Stopped,0,0,0,0,0,VALID,VALID
21C-04064,2026-08-12 16:22:00,555.2,0.0,0.0,"Xã Yên Bình, Tỉnh Lào Cai",0.0,2.0,1,0,0.3000000000000682,0.1500000000000341,553.8,0.7968688725769874,5.0,1,Stopped,0,0,0,0,0,VALID,VALID
21C-04064,2026-08-12 16:25:00,554.1,0.0,0.0,"Xã Yên Bình, Tỉnh Lào Cai",0.0,3.0,1,0,-1.1000000000000227,-0.36666666666667425,554.1,0.673052746879447,5.0,1,Stopped,0,0,0,0,0,VALID,VALID
21C-04064,2026-08-12 16:27:00,552.9,0.0,0.0,"Xã Yên Bình, Tỉnh Lào Cai",0.0,2.0,1,0,-1.2000000000000455,-0.6000000000000227,554.1,0.9148770409635152,5.0,1,Stopped,0,0,0,0,0,VALID,VALID
21C-04064,2026-08-12 16:29:00,552.8,0.0,0.0,"Xã Yên Bình, Tỉnh Lào Cai",0.0,2.0,1,0,-0.10000000000002274,-0.05000000000001137,554.1,1.1077003205210394,5.0,1,Stopped,0,0,0,0,0,VALID,VALID
21C-04064,2026-08-12 16:31:00,552.6,0.0,0.0,"Xã Yên Bình, Tỉnh Lào Cai",0.0,2.0,1,0,-0.1999999999999318,-0.0999999999999659,552.9,1.1077003205212754,5.0,1,Stopped,0,0,0,0,0,VALID,VALID
21C-04064,2026-08-12 16:33:00,552.6,0.0,0.0,"Xã Yên Bình, Tỉnh Lào Cai",0.0,2.0,1,0,0.0,0.0,552.8,0.6284902545652411,5.0,1,Stopped,0,0,0,0,0,VALID,VALID
21C-04064,2026-08-12 16:34:00,552.6,0.0,0.0,"Xã Yên Bình, Tỉnh Lào Cai",0.0,1.0,1,0,0.0,0.0,552.6,0.14142135653364216,5.0,1,Stopped,0,0,0,0,0,VALID,VALID
21C-04064,2026-08-12 16:36:00,552.5,0.0,0.0,"Xã Yên Bình, Tỉnh Lào Cai",0.0,2.0,1,0,-0.10000000000002274,-0.05000000000001137,552.6,0.10954451188409024,5.0,1,Stopped,0,0,0,0,0,VALID,VALID
21C-04064,2026-08-12 16:38:00,552.3,0.0,0.0,"Xã Yên Bình, Tỉnh Lào Cai",0.0,2.0,1,0,-0.20000000000004547,-0.10000000000002274,552.6,0.13038404842647217,5.0,1,Stopped,0,0,0,0,0,VALID,VALID
21C-04064,2026-08-12 16:40:00,552.2,0.0,0.0,"Xã Yên Bình, Tỉnh Lào Cai",0.0,2.0,1,0,-0.09999999999990905,-0.049999999999954525,552.5,0.18165902147753632,5.0,1,Stopped,0,0,0,0,0,VALID,VALID
21C-04064,2026-08-12 16:43:00,552.2,0.0,0.0,"Xã Yên Bình, Tỉnh Lào Cai",0.0,3.0,1,0,0.0,0.0,552.3,0.18165902147781482,5.0,1,Stopped,0,0,0,0,0,VALID,VALID
21C-04064,2026-08-12 16:45:00,552.2,0.0,0.0,"Xã Yên Bình, Tỉnh Lào Cai",0.0,2.0,1,0,0.0,0.0,552.2,0.130384048427682,5.0,1,Stopped,0,0,0,0,0,VALID,VALID
21C-04064,2026-08-12 16:47:00,552.2,0.0,0.0,"Xã Yên Bình, Tỉnh Lào Cai",0.0,2.0,1,0,0.0,0.0,552.2,0.04472136049462468,5.0,1,Stopped,0,0,0,0,0,VALID,VALID
21C-04064,2026-08-12 16:49:00,552.2,0.0,0.0,"Xã Yên Bình, Tỉnh Lào Cai",0.0,2.0,1,0,0.0,0.0,552.2,0.0,5.0,1,Stopped,0,0,0,0,0,VALID,VALID
21C-04064,2026-08-12 16:52:00,552.2,0.0,0.0,"Xã Yên Bình, Tỉnh Lào Cai",0.0,3.0,1,0,0.0,0.0,552.2,0.0,5.0,1,Stopped,0,0,0,0,0,VALID,VALID
21C-04064,2026-08-12 16:54:00,552.2,0.0,0.0,"Xã Yên Bình, Tỉnh Lào Cai",0.0,2.0,1,0,0.0,0.0,552.2,0.0,5.0,1,Stopped,0,0,0,0,0,VALID,VALID
21C-04064,2026-08-12 16:56:00,552.2,0.0,0.0,"Xã Yên Bình, Tỉnh Lào Cai",0.0,2.0,1,0,0.0,0.0,552.2,0.0,5.0,1,Stopped,0,0,0,0,0,VALID,VALID
21C-04064,2026-08-12 16:58:00,552.2,0.0,0.0,"Xã Yên Bình, Tỉnh Lào Cai",0.0,2.0,1,0,0.0,0.0,552.2,0.0,5.0,1,Stopped,0,0,0,0,0,VALID,VALID
21C-04064,2026-08-12 17:00:00,552.2,0.0,0.0,"Xã Yên Bình, Tỉnh Lào Cai",0.0,2.0,1,0,0.0,0.0,552.2,0.0,5.0,1,Stopped,0,0,0,0,0,VALID,VALID
21C-04064,2026-08-12 17:02:00,552.2,0.0,0.0,"Xã Yên Bình, Tỉnh Lào Cai",0.0,2.0,1,0,0.0,0.0,552.2,0.0,5.0,1,Stopped,0,0,0,0,0,VALID,VALID
21C-04064,2026-08-12 17:05:00,552.2,0.0,0.0,"Xã Yên Bình, Tỉnh Lào Cai",0.0,3.0,1,0,0.0,0.0,552.2,0.0,5.0,1,Stopped,0,0,0,0,0,VALID,VALID
21C-04064,2026-08-12 17:07:00,552.2,0.0,0.0,"Xã Yên Bình, Tỉnh Lào Cai",0.0,2.0,1,0,0.0,0.0,552.2,0.0,5.0,1,Stopped,0,0,0,0,0,VALID,VALID
21C-04064,2026-08-12 17:09:00,552.2,0.0,0.0,"Xã Yên Bình, Tỉnh Lào Cai",0.0,2.0,1,0,0.0,0.0,552.2,0.0,5.0,1,Stopped,0,0,0,0,0,VALID,VALID
21C-04064,2026-08-12 17:11:00,552.2,0.0,0.0,"Xã Yên Bình, Tỉnh Lào Cai",0.0,2.0,1,0,0.0,0.0,552.2,0.0,5.0,1,Stopped,0,0,0,0,0,VALID,VALID
21C-04064,2026-08-12 17:13:00,552.2,0.0,0.0,"Xã Yên Bình, Tỉnh Lào Cai",0.0,2.0,1,0,0.0,0.0,552.2,0.0,5.0,1,Stopped,0,0,0,0,0,VALID,VALID
21C-04064,2026-08-12 17:16:00,552.2,0.0,0.0,"Xã Yên Bình, Tỉnh Lào Cai",0.0,3.0,1,0,0.0,0.0,552.2,0.0,5.0,1,Stopped,0,0,0,0,0,VALID,VALID
21C-04064,2026-08-12 17:18:00,552.2,0.0,0.0,"Xã Yên Bình, Tỉnh Lào Cai",0.0,2.0,1,0,0.0,0.0,552.2,0.0,5.0,1,Stopped,0,0,0,0,0,VALID,VALID
21C-04064,2026-08-12 17:20:00,552.2,0.0,0.0,"Xã Yên Bình, Tỉnh Lào Cai",0.0,2.0,1,0,0.0,0.0,552.2,0.0,5.0,1,Stopped,0,0,0,0,0,VALID,VALID
21C-04064,2026-08-12 17:22:00,552.2,0.0,0.0,"Xã Yên Bình, Tỉnh Lào Cai",0.0,2.0,1,0,0.0,0.0,552.2,0.0,5.0,1,Stopped,0,0,0,0,0,VALID,VALID
21C-04064,2026-08-12 17:24:00,552.0,0.0,0.0,"Xã Yên Bình, Tỉnh Lào Cai",0.0,2.0,1,0,-0.20000000000004547,-0.10000000000002274,552.2,0.08944271957295045,5.0,1,Stopped,0,0,0,0,0,VALID,VALID
21C-04064,2026-08-12 17:26:00,552.2,0.0,0.0,"Xã Yên Bình, Tỉnh Lào Cai",0.0,2.0,1,0,0.20000000000004547,0.10000000000002274,552.2,0.08944271957295045,5.0,1,Stopped,0,0,0,0,0,VALID,VALID
21C-04064,2026-08-12 17:28:00,553.1,0.0,0.0,"Xã Yên Bình, Tỉnh Lào Cai",0.0,2.0,1,0,0.8999999999999773,0.44999999999998863,552.2,0.43358966787072667,5.0,1,Stopped,0,0,0,0,0,VALID,VALID
21C-04064,2026-08-12 17:30:00,553.2,0.0,0.0,"Xã Yên Bình, Tỉnh Lào Cai",0.0,2.0,1,0,0.10000000000002274,0.05000000000001137,552.2,0.5639148872692107,5.0,1,Stopped,0,0,0,0,0,VALID,VALID
21C-04064,2026-08-12 17:32:00,553.4,0.0,0.0,"Xã Yên Bình, Tỉnh Lào Cai",0.0,2.0,1,0,0.1999999999999318,0.0999999999999659,553.1,0.6340346994315933,5.0,1,Stopped,0,0,0,0,0,VALID,VALID
21C-04064,2026-08-12 17:35:00,553.4,0.0,0.0,"Xã Yên Bình, Tỉnh Lào Cai",0.0,3.0,1,0,0.0,0.0,553.2,0.4979959840025899,5.0,1,Stopped,0,0,0,0,0,VALID,VALID
21C-04064,2026-08-12 17:37:00,553.5,0.0,0.0,"Xã Yên Bình, Tỉnh Lào Cai",0.0,2.0,1,0,0.10000000000002274,0.05000000000001137,553.4,0.16431676750165305,5.0,1,Stopped,0,0,0,0,0,VALID,VALID
21C-04064,2026-08-12 17:39:00,553.5,0.0,0.0,"Xã Yên Bình, Tỉnh Lào Cai",0.0,2.0,1,0,0.0,0.0,553.4,0.12247448747404888,5.0,1,Stopped,0,0,0,0,0,VALID,VALID
21C-04064,2026-08-12 17:40:00,553.5,0.0,0.0,"Xã Yên Bình, Tỉnh Lào Cai",0.0,1.0,1,0,0.0,0.0,553.5,0.05477225649835393,5.0,1,Stopped,0,0,0,0,0,VALID,VALID
21C-04064,2026-08-12 17:42:00,553.5,0.0,0.0,"Xã Yên Bình, Tỉnh Lào Cai",0.0,2.0,1,0,0.0,0.0,553.5,0.04472136046548913,5.0,1,Stopped,0,0,0,0,0,VALID,VALID
21C-04064,2026-08-12 17:45:00,554.4,0.0,0.0,"Xã Yên Bình, Tỉnh Lào Cai",0.0,3.0,1,0,0.8999999999999773,0.29999999999999244,553.5,0.40249223605121476,5.0,1,Stopped,0,0,0,0,0,VALID,VALID
21C-04064,2026-08-12 17:48:00,554.6,0.0,0.0,"Xã Yên Bình, Tỉnh Lào Cai",0.0,3.0,1,0,0.20000000000004547,0.06666666666668182,553.5,0.5522680509327872,5.0,1,Stopped,0,0,0,0,0,VALID,VALID
21C-04064,2026-08-12 17:50:00,554.7,0.0,0.0,"Xã Yên Bình, Tỉnh Lào Cai",0.0,2.0,1,0,0.10000000000002274,0.05000000000001137,554.4,0.5941380311683996,5.0,1,Stopped,0,0,0,0,0,VALID,VALID
21C-04064,2026-08-12 17:52:00,554.7,0.0,0.0,"Xã Yên Bình, Tỉnh Lào Cai",0.0,2.0,1,0,0.0,0.0,554.6,0.5069516743045634,5.0,1,Stopped,0,0,0,0,0,VALID,VALID
21C-04064,2026-08-12 17:54:00,554.9,0.0,0.0,"Xã Yên Bình, Tỉnh Lào Cai",0.0,2.0,1,0,0.1999999999999318,0.0999999999999659,554.7,0.18165902146499865,5.0,1,Stopped,0,0,0,0,0,VALID,VALID
21C-04064,2026-08-12 17:56:00,554.9,0.0,0.0,"Xã Yên Bình, Tỉnh Lào Cai",0.0,2.0,1,0,0.0,0.0,554.7,0.13416407894591387,5.0,1,Stopped,0,0,0,0,0,VALID,VALID
21C-04064,2026-08-12 17:58:00,555.0,0.0,0.0,"Xã Yên Bình, Tỉnh Lào Cai",0.0,2.0,1,0,0.10000000000002274,0.05000000000001137,554.9,0.13416407894532917,5.0,1,Stopped,0,0,0,0,0,VALID,VALID
21C-04064,2026-08-12 18:00:00,552.8,0.0,0.0,"Xã Yên Bình, Tỉnh Lào Cai",0.0,2.0,1,0,-2.2000000000000455,-1.1000000000000227,554.9,0.9343446901866992,5.0,1,Stopped,0,0,0,0,0,VALID,VALID
21C-04064,2026-08-12 18:03:00,551.5,0.0,0.0,"Xã Yên Bình, Tỉnh Lào Cai",0.0,3.0,1,0,-1.2999999999999545,-0.4333333333333182,554.9,1.5927962832959488,5.0,1,Stopped,0,0,0,0,0,VALID,VALID
21C-04064,2026-08-12 18:05:00,551.4,0.0,0.0,"Xã Yên Bình, Tỉnh Lào Cai",0.0,2.0,1,0,-0.10000000000002274,-0.05000000000001137,552.8,1.759829537223127,5.0,1,Stopped,0,0,0,0,0,VALID,VALID
21C-04064,2026-08-12 18:07:00,551.1,0.0,0.0,"Xã Yên Bình, Tỉnh Lào Cai",0.0,2.0,1,0,-0.2999999999999545,-0.14999999999997726,551.5,1.6133815420056947,5.0,1,Stopped,0,0,0,0,0,VALID,VALID
21C-04064,2026-08-12 18:09:00,550.9,0.0,0.0,"Xã Yên Bình, Tỉnh Lào Cai",0.0,2.0,1,0,-0.20000000000004547,-0.10000000000002274,551.4,0.7436396977613621,5.0,1,Stopped,0,0,0,0,0,VALID,VALID
21C-04064,2026-08-12 18:11:00,550.9,0.0,0.0,"Xã Yên Bình, Tỉnh Lào Cai",0.0,2.0,1,0,0.0,0.0,551.1,0.27928480103220527,5.0,1,Stopped,0,0,0,0,0,VALID,VALID
21C-04064,2026-08-12 18:12:00,550.9,0.0,0.0,"Xã Yên Bình, Tỉnh Lào Cai",0.0,1.0,1,0,0.0,0.0,550.9,0.21908902320264853,5.0,1,Stopped,0,0,0,0,0,VALID,VALID
21C-04064,2026-08-12 18:15:00,550.9,0.0,0.0,"Xã Yên Bình, Tỉnh Lào Cai",0.0,3.0,1,0,0.0,0.0,550.9,0.08944271959269282,5.0,1,Stopped,0,0,0,0,0,VALID,VALID
21C-04064,2026-08-12 18:17:00,550.9,0.0,0.0,"Xã Yên Bình, Tỉnh Lào Cai",0.0,2.0,1,0,0.0,0.0,550.9,0.0,5.0,1,Stopped,0,0,0,0,0,VALID,VALID
21C-04064,2026-08-12 18:19:00,550.9,0.0,0.0,"Xã Yên Bình, Tỉnh Lào Cai",0.0,2.0,1,0,0.0,0.0,550.9,0.0,5.0,1,Stopped,0,0,0,0,0,VALID,VALID
21C-04064,2026-08-12 18:21:00,550.9,0.0,0.0,"Xã Yên Bình, Tỉnh Lào Cai",0.0,2.0,1,0,0.0,0.0,550.9,0.0,5.0,1,Stopped,0,0,0,0,0,VALID,VALID
21C-04064,2026-08-12 18:23:00,550.9,0.0,0.0,"Xã Yên Bình, Tỉnh Lào Cai",0.0,2.0,1,0,0.0,0.0,550.9,0.0,5.0,1,Stopped,0,0,0,0,0,VALID,VALID
21C-04064,2026-08-12 18:26:00,550.9,0.0,0.0,"Xã Yên Bình, Tỉnh Lào Cai",0.0,3.0,1,0,0.0,0.0,550.9,0.0,5.0,1,Stopped,0,0,0,0,0,VALID,VALID
21C-04064,2026-08-12 18:28:00,550.9,0.0,0.0,"Xã Yên Bình, Tỉnh Lào Cai",0.0,2.0,1,0,0.0,0.0,550.9,0.0,5.0,1,Stopped,0,0,0,0,0,VALID,VALID
21C-04064,2026-08-12 18:30:00,551.1,0.0,0.0,"Xã Yên Bình, Tỉnh Lào Cai",0.0,2.0,1,0,0.20000000000004547,0.10000000000002274,550.9,0.08944271959269282,5.0,1,Stopped,0,0,0,0,0,VALID,VALID
21C-04064,2026-08-12 18:32:00,551.1,0.0,0.0,"Xã Yên Bình, Tỉnh Lào Cai",0.0,2.0,1,0,0.0,0.0,550.9,0.10954451190289712,5.0,1,Stopped,0,0,0,0,0,VALID,VALID
21C-04064,2026-08-12 18:34:00,550.9,0.0,0.0,"Xã Yên Bình, Tỉnh Lào Cai",0.0,2.0,1,0,-0.20000000000004547,-0.10000000000002274,550.9,0.10954451190289712,5.0,1,Stopped,0,0,0,0,0,VALID,VALID
21C-04064,2026-08-12 18:36:00,550.9,0.0,0.0,"Xã Yên Bình, Tỉnh Lào Cai",0.0,2.0,1,0,0.0,0.0,550.9,0.10954451190289712,5.0,1,Stopped,0,0,0,0,0,VALID,VALID
21C-04064,2026-08-12 18:38:00,551.8,0.0,0.0,"Xã Yên Bình, Tỉnh Lào Cai",0.0,2.0,1,0,0.8999999999999773,0.44999999999998863,551.1,0.37148351253807105,5.0,1,Stopped,0,0,0,0,0,VALID,VALID
21C-04064,2026-08-12 18:40:00,560.0,3.0,0.025,"Xã Yên Bình, Tỉnh Lào Cai",0.0,2.0,1,0,8.200000000000045,4.100000000000023,551.1,3.9639626638105194,5.0,1,Moving,0,0,0,0,0,VALID,VALID
21C-04064,2026-08-12 18:42:00,557.2,30.0,0.225,"Quốc Lộ 70, Xã Yên Bình, Tỉnh Lào Cai",0.0,2.0,1,0,-2.7999999999999545,-1.3999999999999773,551.8,4.188436462462032,5.0,1,Moving,0,0,0,0,0,VALID,VALID
21C-04064,2026-08-12 18:44:00,554.9,41.0,0.09166666666666666,"Quốc Lộ 70, Xã Yên Bình, Tỉnh Lào Cai",0.0,2.0,1,0,-2.300000000000068,-1.150000000000034,554.9,3.7713392846679685,5.0,1,Moving,0,0,0,0,0,VALID,VALID
21C-04064,2026-08-12 18:46:00,555.0,15.0,-0.21666666666666667,"Quốc Lộ 70, Xã Yên Bình, Tỉnh Lào Cai",0.0,2.0,1,0,0.10000000000002274,0.05000000000001137,555.0,3.0433534136012472,5.0,1,Moving,0,0,0,0,0,VALID,VALID
21C-04064,2026-08-12 18:48:00,557.0,37.0,0.18333333333333332,"Quốc Lộ 70, Xã Đan Thượng, Tỉnh Phú Thọ",0.0,2.0,1,0,2.0,1.0,557.0,2.078942038652405,5.0,1,Moving,0,0,0,0,0,VALID,VALID
21C-04064,2026-08-12 18:50:00,550.3,30.0,-0.058333333333333334,"Quốc Lộ 70, Xã Đan Thượng, Tỉnh Phú Thọ",0.0,2.0,1,0,-6.7000000000000455,-3.3500000000000227,555.0,2.777948883633435,5.0,1,Moving,0,0,0,0,0,VALID,VALID
21C-04064,2026-08-12 18:52:00,549.1,33.0,0.025,"Quốc Lộ 70, Xã Đan Thượng, Tỉnh Phú Thọ",0.0,2.0,1,0,-1.1999999999999318,-0.5999999999999659,554.9,3.382750360296088,5.0,1,Moving,0,0,0,0,0,VALID,VALID
21C-04064,2026-08-12 18:54:00,549.1,24.0,-0.075,"Quốc Lộ 70, Xã Đan Thượng, Tỉnh Phú Thọ",0.0,2.0,1,0,0.0,0.0,550.3,3.662649314374184,5.0,1,Moving,0,0,0,0,0,VALID,VALID
21C-04064,2026-08-12 18:56:00,547.8,0.0,-0.2,"Quốc Lộ 70, Xã Bằng Luân, Tỉnh Phú Thọ",0.0,2.0,1,0,-1.3000000000000682,-0.6500000000000341,549.1,3.6528071397335844,5.0,1,Stopped,0,0,0,0,0,VALID,VALID
21C-04064,2026-08-12 18:58:00,545.8,27.0,0.225,"Quốc Lộ 70, Xã Bằng Luân, Tỉnh Phú Thọ",0.0,2.0,1,0,-2.0,-1.0,549.1,1.710847743106612,5.0,1,Moving,0,0,0,0,0,VALID,VALID
21C-04064,2026-08-12 19:00:00,547.8,0.0,-0.225,"Quốc Lộ 70, Xã Bằng Luân, Tỉnh Phú Thọ",0.0,2.0,1,0,2.0,1.0,547.8,1.3516656391630248,5.0,1,Stopped,0,0,0,0,0,VALID,VALID
21C-04064,2026-08-12 19:02:00,541.5,33.0,0.275,"Quốc Lộ 70, Xã Bằng Luân, Tỉnh Phú Thọ",0.0,2.0,1,0,-6.2999999999999545,-3.1499999999999773,547.8,2.9824486584175793,5.0,1,Moving,0,0,0,0,0,VALID,VALID
21C-04064,2026-08-12 19:04:00,541.8,33.0,0.0,"Quốc Lộ 70, Xã Bằng Luân, Tỉnh Phú Thọ",0.0,2.0,1,0,0.2999999999999545,0.14999999999997726,545.8,3.1141612032936896,5.0,1,Moving,0,0,0,0,0,VALID,VALID
21C-04064,2026-08-12 19:06:00,542.7,35.0,0.016666666666666666,"Quốc Lộ 70, Xã Bằng Luân, Tỉnh Phú Thọ",0.0,2.0,1,0,0.900000000000091,0.4500000000000455,542.7,2.758079041670405,5.0,1,Moving,0,0,0,0,0,VALID,VALID
21C-04064,2026-08-12 19:08:00,543.8,24.0,-0.09166666666666666,"Quốc Lộ 70, Xã Bằng Luân, Tỉnh Phú Thọ",0.0,2.0,1,0,1.099999999999909,0.5499999999999545,542.7,2.5547994050614498,5.0,1,Moving,0,0,0,0,0,VALID,VALID
21C-04064,2026-08-12 19:10:00,543.7,47.0,0.19166666666666668,"Quốc Lộ 70, Xã Bằng Luân, Tỉnh Phú Thọ",0.0,2.0,1,0,-0.09999999999990905,-0.049999999999954525,542.7,1.0559356041464214,5.0,1,Moving,0,0,0,0,0,VALID,VALID
21C-04064,2026-08-12 19:12:00,542.6,28.0,-0.15833333333333333,"Quốc Lộ 70, Xã Tây Cốc, Tỉnh Phú Thọ",0.0,2.0,1,0,-1.1000000000000227,-0.5500000000000114,542.7,0.8348652586517578,5.0,1,Moving,0,0,0,0,0,VALID,VALID
21C-04064,2026-08-12 19:14:00,542.4,35.0,0.058333333333333334,"Quốc Lộ 70, Xã Tây Cốc, Tỉnh Phú Thọ",0.0,2.0,1,0,-0.20000000000004547,-0.10000000000002274,542.7,0.6580273551330668,5.0,1,Moving,0,0,0,0,0,VALID,VALID
21C-04064,2026-08-12 19:16:00,542.1,37.0,0.016666666666666666,"Quốc Lộ 70, Xã Tây Cốc, Tỉnh Phú Thọ",0.0,2.0,1,0,-0.2999999999999545,-0.14999999999997726,542.6,0.7791020472978102,5.0,1,Moving,0,0,0,0,0,VALID,VALID
21C-04064,2026-08-12 19:18:00,540.3,45.0,0.06666666666666667,"Quốc Lộ 70, Xã Tây Cốc, Tỉnh Phú Thọ",0.0,2.0,1,0,-1.8000000000000682,-0.9000000000000341,542.4,1.2316655390588034,5.0,1,Moving,0,0,0,0,0,VALID,VALID
21C-04064,2026-08-12 19:20:00,540.2,37.0,-0.06666666666666667,"Quốc Lộ 70, Xã Tây Cốc, Tỉnh Phú Thọ",0.0,2.0,1,0,-0.09999999999990905,-0.049999999999954525,542.1,1.1734564329816919,5.0,1,Moving,0,0,0,0,0,VALID,VALID
21C-04064,2026-08-12 19:22:00,539.1,32.0,-0.041666666666666664,"Quốc Lộ 70, Xã Tây Cốc, Tỉnh Phú Thọ",0.0,2.0,1,0,-1.1000000000000227,-0.5500000000000114,540.3,1.3917614738550546,5.0,1,Moving,0,0,0,0,0,VALID,VALID
21C-04064,2026-08-12 19:24:00,538.6,39.0,0.058333333333333334,"Quốc Lộ 70, Xã Tây Cốc, Tỉnh Phú Thọ",0.0,2.0,1,0,-0.5,-0.25,540.2,1.350185172525738,5.0,1,Moving,0,0,0,0,0,VALID,VALID
21C-04064,2026-08-12 19:26:00,537.4,45.0,0.05,"Quốc Lộ 70, Xã Tây Cốc, Tỉnh Phú Thọ",0.0,2.0,1,0,-1.2000000000000455,-0.6000000000000227,539.1,1.202913130741271,5.0,1,Moving,0,0,0,0,0,VALID,VALID
21C-04064,2026-08-12 19:28:00,536.2,41.0,-0.03333333333333333,"Quốc Lộ 70, Xã Đoan Hùng, Tỉnh Phú Thọ",0.0,2.0,1,0,-1.1999999999999318,-0.5999999999999659,538.6,1.5459624834099206,5.0,1,Moving,0,0,0,0,0,VALID,VALID
21C-04064,2026-08-12 19:30:00,535.9,27.0,-0.11666666666666667,"Quốc Lộ 70, Xã Đoan Hùng, Tỉnh Phú Thọ",0.0,2.0,1,0,-0.3000000000000682,-0.1500000000000341,537.4,1.4152738251349959,5.0,1,Moving,0,0,0,0,0,VALID,VALID
21C-04064,2026-08-12 19:32:00,533.9,35.0,0.06666666666666667,"Quốc Lộ 70, Xã Đoan Hùng, Tỉnh Phú Thọ",0.0,2.0,1,0,-2.0,-1.0,536.2,1.7592612086082886,5.0,1,Moving,0,0,0,0,0,VALID,VALID
21C-04064,2026-08-12 19:34:00,534.9,23.0,-0.1,"Quốc Lộ 70, Xã Đoan Hùng, Tỉnh Phú Thọ",0.0,2.0,1,0,1.0,0.5,535.9,1.3277801023193152,5.0,1,Moving,0,0,0,0,0,VALID,VALID
21C-04064,2026-08-12 19:36:00,533.3,24.0,0.008333333333333333,"Quốc Lộ 70, Xã Đoan Hùng, Tỉnh Phú Thọ",0.0,2.0,1,0,-1.6000000000000227,-0.8000000000000114,534.9,1.2481987021770478,5.0,1,Moving,0,0,0,0,0,VALID,VALID
21C-04064,2026-08-12 19:38:00,531.5,31.0,0.058333333333333334,"Quốc Lộ 2, Xã Đoan Hùng, Tỉnh Phú Thọ",0.0,2.0,1,0,-1.7999999999999545,-0.8999999999999773,533.9,1.6673332000886136,5.0,1,Moving,0,0,0,0,0,VALID,VALID
21C-04064,2026-08-12 19:40:00,531.7,32.0,0.008333333333333333,"Tỉnh Lộ 331, Xã Đoan Hùng, Tỉnh Phú Thọ",0.0,2.0,1,0,0.20000000000004547,0.10000000000002274,533.3,1.4518953130714491,5.0,1,Moving,0,0,0,0,0,VALID,VALID
21C-04064,2026-08-12 19:42:00,531.7,25.0,-0.058333333333333334,"Tỉnh Lộ 331, Xã Đoan Hùng, Tỉnh Phú Thọ",0.0,2.0,1,0,0.0,0.0,531.7,1.466969665712061,5.0,1,Moving,0,0,0,0,0,VALID,VALID
21C-04064,2026-08-12 19:44:00,530.3,0.0,-0.20833333333333334,"Tỉnh Lộ 331, Xã Đoan Hùng, Tỉnh Phú Thọ",0.0,2.0,1,0,-1.400000000000091,-0.7000000000000455,531.7,1.067707825259585,5.0,1,Stopped,0,0,0,0,0,VALID,VALID
21C-04064,2026-08-12 19:46:00,530.2,0.0,0.0,"Tỉnh Lộ 331, Xã Đoan Hùng, Tỉnh Phú Thọ",0.0,2.0,1,0,-0.09999999999990905,-0.049999999999954525,531.5,0.7628892449899607,5.0,1,Stopped,0,0,0,0,0,VALID,VALID
21C-04064,2026-08-12 19:48:00,530.2,0.0,0.0,"Tỉnh Lộ 331, Xã Đoan Hùng, Tỉnh Phú Thọ",0.0,2.0,1,0,0.0,0.0,530.3,0.8043631021632288,5.0,1,Stopped,0,0,0,0,0,VALID,VALID
21C-04064,2026-08-12 19:50:00,530.0,0.0,0.0,"Tỉnh Lộ 331, Xã Đoan Hùng, Tỉnh Phú Thọ",0.0,2.0,1,0,-0.20000000000004547,-0.10000000000002274,530.2,0.6906518660816324,5.0,1,Stopped,0,0,0,0,0,VALID,VALID
21C-04064,2026-08-12 19:52:00,529.9,0.0,0.0,"Tỉnh Lộ 331, Xã Đoan Hùng, Tỉnh Phú Thọ",0.0,2.0,1,0,-0.10000000000002274,-0.05000000000001137,530.2,0.16431676762416508,5.0,1,Stopped,0,0,0,0,0,VALID,VALID
21C-04064,2026-08-12 19:54:00,529.7,0.0,0.0,"Tỉnh Lộ 331, Xã Đoan Hùng, Tỉnh Phú Thọ",0.0,2.0,1,0,-0.1999999999999318,-0.0999999999999659,530.0,0.21213203464491856,5.0,1,Stopped,0,0,0,0,0,VALID,VALID
21C-04064,2026-08-12 19:56:00,529.5,0.0,0.0,"Tỉnh Lộ 331, Xã Đoan Hùng, Tỉnh Phú Thọ",0.0,2.0,1,0,-0.20000000000004547,-0.10000000000002274,529.9,0.2701851219492409,5.0,1,Stopped,0,0,0,0,0,VALID,VALID
21C-04064,2026-08-12 19:58:00,527.7,0.0,0.0,"Xã Đoan Hùng, Tỉnh Phú Thọ",0.0,2.0,1,0,-1.7999999999999545,-0.8999999999999773,529.7,0.9476286193035289,5.0,1,Stopped,0,0,0,0,0,VALID,VALID
21C-04064,2026-08-12 20:00:00,530.0,0.0,0.0,"Xã Đoan Hùng, Tỉnh Phú Thọ",0.0,2.0,1,0,2.2999999999999545,1.1499999999999773,529.7,0.9476286193035289,5.0,1,Stopped,0,0,0,0,0,VALID,VALID
21C-04064,2026-08-12 20:02:00,529.9,0.0,0.0,"Xã Đoan Hùng, Tỉnh Phú Thọ",0.0,2.0,1,0,-0.10000000000002274,-0.05000000000001137,529.7,0.9476286193035289,5.0,1,Stopped,0,0,0,0,0,VALID,VALID
21C-04064,2026-08-12 20:04:00,529.9,0.0,0.0,"Xã Đoan Hùng, Tỉnh Phú Thọ",0.0,2.0,1,0,0.0,0.0,529.9,0.9695359715467334,5.0,1,Stopped,0,0,0,0,0,VALID,VALID
21C-04064,2026-08-12 20:06:00,529.9,0.0,0.0,"Xã Đoan Hùng, Tỉnh Phú Thọ",0.0,2.0,1,0,0.0,0.0,529.9,0.9959919679008407,5.0,1,Stopped,0,0,0,0,0,VALID,VALID
21C-04064,2026-08-12 20:08:00,529.9,0.0,0.0,"Tỉnh Lộ 331, Xã Đoan Hùng, Tỉnh Phú Thọ",0.0,2.0,1,0,0.0,0.0,529.9,0.04472136092134301,5.0,1,Stopped,0,0,0,0,0,VALID,VALID
21C-04064,2026-08-12 20:11:00,529.5,0.0,0.0,"Xã Đoan Hùng, Tỉnh Phú Thọ",0.0,3.0,1,0,-0.39999999999997726,-0.13333333333332575,529.9,0.17888543854300748,5.0,1,Stopped,0,0,0,0,0,VALID,VALID
21C-04064,2026-08-12 20:13:00,529.4,0.0,0.0,"Xã Đoan Hùng, Tỉnh Phú Thọ",0.0,2.0,1,0,-0.10000000000002274,-0.05000000000001137,529.9,0.24899799220639093,5.0,1,Stopped,0,0,0,0,0,VALID,VALID
21C-04064,2026-08-12 20:15:00,529.4,0.0,0.0,"Xã Đoan Hùng, Tỉnh Phú Thọ",0.0,2.0,1,0,0.0,0.0,529.5,0.25884358234830634,5.0,1,Stopped,0,0,0,0,0,VALID,VALID
21C-04064,2026-08-12 20:16:00,529.4,0.0,0.0,"Xã Đoan Hùng, Tỉnh Phú Thọ",0.0,1.0,1,0,0.0,0.0,529.4,0.2167948341704498,5.0,1,Stopped,0,0,0,0,0,VALID,VALID
21C-04064,2026-08-12 20:18:00,529.2,0.0,0.0,"Xã Đoan Hùng, Tỉnh Phú Thọ",0.0,2.0,1,0,-0.1999999999999318,-0.0999999999999659,529.4,0.10954451206294022,5.0,1,Stopped,0,0,0,0,0,VALID,VALID
21C-04064,2026-08-12 20:20:00,529.4,0.0,0.0,"Xã Đoan Hùng, Tỉnh Phú Thọ",0.0,2.0,1,0,0.1999999999999318,0.0999999999999659,529.4,0.08944271978827581,5.0,1,Stopped,0,0,0,0,0,VALID,VALID
21C-04064,2026-08-12 20:22:00,529.4,0.0,0.0,"Xã Đoan Hùng, Tỉnh Phú Thọ",0.0,2.0,1,0,0.0,0.0,529.4,0.08944271978827581,5.0,1,Stopped,0,0,0,0,0,VALID,VALID
21C-04064,2026-08-12 20:24:00,529.1,0.0,0.0,"Xã Đoan Hùng, Tỉnh Phú Thọ",0.0,2.0,1,0,-0.2999999999999545,-0.14999999999997726,529.4,0.1414213566727646,5.0,1,Stopped,0,0,0,0,0,VALID,VALID
21C-04064,2026-08-12 20:26:00,528.8,0.0,0.0,"Xã Đoan Hùng, Tỉnh Phú Thọ",0.0,2.0,1,0,-0.3000000000000682,-0.1500000000000341,529.2,0.24899799220728325,5.0,1,Stopped,0,0,0,0,0,VALID,VALID
21C-04064,2026-08-12 20:28:00,528.5,0.0,0.0,"Xã Đoan Hùng, Tỉnh Phú Thọ",0.0,2.0,1,0,-0.2999999999999545,-0.14999999999997726,529.1,0.3911521444698576,5.0,1,Stopped,0,0,0,0,0,VALID,VALID
21C-04064,2026-08-12 20:30:00,528.2,0.0,0.0,"Xã Đoan Hùng, Tỉnh Phú Thọ",0.0,2.0,1,0,-0.2999999999999545,-0.14999999999997726,528.8,0.47434164915547955,5.0,1,Stopped,0,0,0,0,0,VALID,VALID
21C-04064,2026-08-12 20:32:00,528.0,0.0,0.0,"Xã Đoan Hùng, Tỉnh Phú Thọ",0.0,2.0,1,0,-0.20000000000004547,-0.10000000000002274,528.5,0.4438468205628224,5.0,1,Stopped,0,0,0,0,0,VALID,VALID
21C-04064,2026-08-12 20:34:00,527.9,0.0,0.0,"Xã Đoan Hùng, Tỉnh Phú Thọ",0.0,2.0,1,0,-0.10000000000002274,-0.05000000000001137,528.2,0.3701351106337251,5.0,1,Stopped,0,0,0,0,0,VALID,VALID
21C-04064,2026-08-12 20:36:00,527.7,0.0,0.0,"Xã Đoan Hùng, Tỉnh Phú Thọ",0.0,2.0,1,0,-0.1999999999999318,-0.0999999999999659,528.0,0.30495901384280943,5.0,1,Stopped,0,0,0,0,0,VALID,VALID
21C-04064,2026-08-12 20:38:00,527.6,0.0,0.0,"Xã Đoan Hùng, Tỉnh Phú Thọ",0.0,2.0,1,0,-0.10000000000002274,-0.05000000000001137,527.9,0.2387467279861939,5.0,1,Stopped,0,0,0,0,0,VALID,VALID
21C-04064,2026-08-12 20:40:00,527.4,0.0,0.0,"Xã Đoan Hùng, Tỉnh Phú Thọ",0.0,2.0,1,0,-0.20000000000004547,-0.10000000000002274,527.7,0.2387467279864701,5.0,1,Stopped,0,0,0,0,0,VALID,VALID
21C-04064,2026-08-12 20:42:00,527.3,0.0,0.0,"Xã Đoan Hùng, Tỉnh Phú Thọ",0.0,2.0,1,0,-0.10000000000002274,-0.05000000000001137,527.6,0.23874672798674926,5.0,1,Stopped,0,0,0,0,0,VALID,VALID
21C-04064,2026-08-12 20:44:00,527.4,0.0,0.0,"Xã Đoan Hùng, Tỉnh Phú Thọ",0.0,2.0,1,0,0.10000000000002274,0.05000000000001137,527.4,0.16431676763032008,5.0,1,Stopped,0,0,0,0,0,VALID,VALID
21C-04064,2026-08-12 20:46:00,527.7,0.0,0.0,"Xã Đoan Hùng, Tỉnh Phú Thọ",0.0,2.0,1,0,0.3000000000000682,0.1500000000000341,527.4,0.16431676763032008,5.0,1,Stopped,0,0,0,0,0,VALID,VALID
21C-04064,2026-08-12 20:48:00,527.9,0.0,0.0,"Tỉnh Lộ 331, Xã Đoan Hùng, Tỉnh Phú Thọ",0.0,2.0,1,0,0.1999999999999318,0.0999999999999659,527.4,0.2509980082080471,5.0,1,Stopped,0,0,0,0,0,VALID,VALID
21C-04064,2026-08-12 20:50:00,532.9,0.0,0.0,"Xã Đoan Hùng, Tỉnh Phú Thọ",0.0,2.0,1,0,5.0,2.5,527.7,2.393324048289992,5.0,1,Stopped,0,0,0,0,0,VALID,VALID
21C-04064,2026-08-12 20:52:00,528.6,26.0,0.21666666666666667,"Xã Đoan Hùng, Tỉnh Phú Thọ",0.0,2.0,1,0,-4.2999999999999545,-2.1499999999999773,527.9,2.279254264035248,5.0,1,Moving,0,0,0,0,0,VALID,VALID
21C-04064,2026-08-12 20:54:00,528.5,28.0,0.016666666666666666,"Tỉnh Lộ 331, Xã Đoan Hùng, Tỉnh Phú Thọ",0.0,2.0,1,0,-0.10000000000002274,-0.05000000000001137,528.5,2.1475567513159244,5.0,1,Moving,0,0,0,0,0,VALID,VALID
21C-04064,2026-08-12 20:56:00,526.7,27.0,-0.008333333333333333,"Tỉnh Lộ 331, Xã Đoan Hùng, Tỉnh Phú Thọ",0.0,2.0,1,0,-1.7999999999999545,-0.8999999999999773,528.5,2.3498936146393663,5.0,1,Moving,0,0,0,0,0,VALID,VALID
21C-04064,2026-08-12 20:58:00,526.5,32.0,0.041666666666666664,"Quốc Lộ 2, Xã Đoan Hùng, Tỉnh Phú Thọ",0.0,2.0,1,0,-0.20000000000004547,-0.10000000000002274,528.5,2.5744902408288977,5.0,1,Moving,0,0,0,0,0,VALID,VALID
21C-04064,2026-08-12 21:00:00,526.4,34.0,0.016666666666666666,"Quốc Lộ 2, Xã Đoan Hùng, Tỉnh Phú Thọ",0.0,2.0,1,0,-0.10000000000002274,-0.05000000000001137,526.7,1.1104053314556634,5.0,1,Moving,0,0,0,0,0,VALID,VALID
21C-04064,2026-08-12 21:02:00,526.2,40.0,0.05,"Cầu Đoan Hùng, Xã Chí Đám, Tỉnh Phú Thọ",0.0,2.0,1,0,-0.1999999999999318,-0.0999999999999659,526.5,0.9343446902111963,5.0,1,Moving,0,0,0,0,0,VALID,VALID
21C-04064,2026-08-12 21:04:00,525.8,3.0,-0.30833333333333335,"Quốc Lộ 2, Xã Chí Đám, Tỉnh Phú Thọ",0.0,2.0,1,0,-0.40000000000009095,-0.20000000000004547,526.4,0.34205262771489015,5.0,1,Moving,0,0,0,0,0,VALID,VALID
21C-04064,2026-08-12 21:06:00,524.4,0.0,-0.025,"Quốc Lộ 2, Xã Chí Đám, Tỉnh Phú Thọ",0.0,2.0,1,0,-1.3999999999999773,-0.6999999999999886,526.2,0.8590692638707531,5.0,1,Stopped,0,0,0,0,0,VALID,VALID
21C-04064,2026-08-12 21:08:00,531.5,0.0,0.0,"Quốc Lộ 2, Xã Chí Đám, Tỉnh Phú Thọ",0.0,2.0,1,0,7.100000000000023,3.5500000000000114,526.2,2.7088743049698203,5.0,1,Stopped,0,0,0,0,0,VALID,VALID
21C-04064,2026-08-12 21:10:00,529.1,0.0,0.0,"Quốc Lộ 2, Xã Chí Đám, Tỉnh Phú Thọ",0.0,2.0,1,0,-2.3999999999999773,-1.1999999999999886,526.2,2.8591956911209926,5.0,1,Stopped,0,0,0,0,0,VALID,VALID
21C-04064,2026-08-12 21:12:00,527.9,0.0,0.0,"Quốc Lộ 2, Xã Chí Đám, Tỉnh Phú Thọ",0.0,2.0,1,0,-1.2000000000000455,-0.6000000000000227,527.9,2.780827215079051,5.0,1,Stopped,0,0,0,0,0,VALID,VALID
21C-04064,2026-08-12 21:14:00,527.7,0.0,0.0,"Quốc Lộ 2, Xã Chí Đám, Tỉnh Phú Thọ",0.0,2.0,1,0,-0.1999999999999318,-0.0999999999999659,527.9,2.571380951964063,5.0,1,Stopped,0,0,0,0,0,VALID,VALID
21C-04064,2026-08-12 21:16:00,527.6,0.0,0.0,"Quốc Lộ 2, Xã Chí Đám, Tỉnh Phú Thọ",0.0,2.0,1,0,-0.10000000000002274,-0.05000000000001137,527.9,1.6456001944951393,5.0,1,Stopped,0,0,0,0,0,VALID,VALID
21C-04064,2026-08-12 21:19:00,527.4,0.0,0.0,"Quốc Lộ 2, Xã Chí Đám, Tỉnh Phú Thọ",0.0,3.0,1,0,-0.20000000000004547,-0.06666666666668182,527.7,0.6730527469105365,5.0,1,Stopped,0,0,0,0,0,VALID,VALID
21C-04064,2026-08-12 21:21:00,527.3,0.0,0.0,"Quốc Lộ 2, Xã Chí Đám, Tỉnh Phú Thọ",0.0,2.0,1,0,-0.10000000000002274,-0.05000000000001137,527.6,0.2387467279867275,5.0,1,Stopped,0,0,0,0,0,VALID,VALID
21C-04064,2026-08-12 21:23:00,527.3,0.0,0.0,"Quốc Lộ 2, Xã Chí Đám, Tỉnh Phú Thọ",0.0,2.0,1,0,0.0,0.0,527.4,0.18165902158869876,5.0,1,Stopped,0,0,0,0,0,VALID,VALID
21C-04064,2026-08-12 21:26:00,527.1,0.0,0.0,"Quốc Lộ 2, Xã Chí Đám, Tỉnh Phú Thọ",0.0,3.0,1,0,-0.1999999999999318,-0.06666666666664393,527.3,0.18165902158917752,5.0,1,Stopped,0,0,0,0,0,VALID,VALID
21C-04064,2026-08-12 21:28:00,527.1,0.0,0.0,"Quốc Lộ 2, Xã Chí Đám, Tỉnh Phú Thọ",0.0,2.0,1,0,0.0,0.0,527.3,0.13416407911540068,5.0,1,Stopped,0,0,0,0,0,VALID,VALID
21C-04064,2026-08-12 21:30:00,527.1,0.0,0.0,"Quốc Lộ 2, Xã Chí Đám, Tỉnh Phú Thọ",0.0,2.0,1,0,0.0,0.0,527.1,0.10954451207145363,5.0,1,Stopped,0,0,0,0,0,VALID,VALID
21C-04064,2026-08-12 21:32:00,527.1,0.0,0.0,"Quốc Lộ 2, Xã Chí Đám, Tỉnh Phú Thọ",0.0,2.0,1,0,0.0,0.0,527.1,0.08944271979897746,5.0,1,Stopped,0,0,0,0,0,VALID,VALID
21C-04064,2026-08-12 21:34:00,527.1,0.0,0.0,"Quốc Lộ 2, Xã Chí Đám, Tỉnh Phú Thọ",0.0,2.0,1,0,0.0,0.0,527.1,0.0,5.0,1,Stopped,0,0,0,0,0,VALID,VALID
21C-04064,2026-08-12 21:36:00,527.1,0.0,0.0,"Quốc Lộ 2, Xã Chí Đám, Tỉnh Phú Thọ",0.0,2.0,1,0,0.0,0.0,527.1,0.0,5.0,1,Stopped,0,0,0,0,0,VALID,VALID
21C-04064,2026-08-12 21:39:00,527.1,0.0,0.0,"Quốc Lộ 2, Xã Chí Đám, Tỉnh Phú Thọ",0.0,3.0,1,0,0.0,0.0,527.1,0.0,5.0,1,Stopped,0,0,0,0,0,VALID,VALID
21C-04064,2026-08-12 21:41:00,527.1,0.0,0.0,"Quốc Lộ 2, Xã Chí Đám, Tỉnh Phú Thọ",0.0,2.0,1,0,0.0,0.0,527.1,0.0,5.0,1,Stopped,0,0,0,0,0,VALID,VALID
21C-04064,2026-08-12 21:43:00,527.1,0.0,0.0,"Quốc Lộ 2, Xã Chí Đám, Tỉnh Phú Thọ",0.0,2.0,1,0,0.0,0.0,527.1,0.0,5.0,1,Stopped,0,0,0,0,0,VALID,VALID
21C-04064,2026-08-12 21:45:00,527.1,0.0,0.0,"Quốc Lộ 2, Xã Chí Đám, Tỉnh Phú Thọ",0.0,2.0,1,0,0.0,0.0,527.1,0.0,5.0,1,Stopped,0,0,0,0,0,VALID,VALID
21C-04064,2026-08-12 21:47:00,527.1,0.0,0.0,"Quốc Lộ 2, Xã Chí Đám, Tỉnh Phú Thọ",0.0,2.0,1,0,0.0,0.0,527.1,0.0,5.0,1,Stopped,0,0,0,0,0,VALID,VALID
21C-04064,2026-08-12 21:50:00,527.1,0.0,0.0,"Quốc Lộ 2, Xã Chí Đám, Tỉnh Phú Thọ",0.0,3.0,1,0,0.0,0.0,527.1,0.0,5.0,1,Stopped,0,0,0,0,0,VALID,VALID
21C-04064,2026-08-12 21:52:00,527.1,0.0,0.0,"Quốc Lộ 2, Xã Chí Đám, Tỉnh Phú Thọ",0.0,2.0,1,0,0.0,0.0,527.1,0.0,5.0,1,Stopped,0,0,0,0,0,VALID,VALID
21C-04064,2026-08-12 21:54:00,527.1,0.0,0.0,"Quốc Lộ 2, Xã Chí Đám, Tỉnh Phú Thọ",0.0,2.0,1,0,0.0,0.0,527.1,0.0,5.0,1,Stopped,0,0,0,0,0,VALID,VALID
21C-04064,2026-08-12 21:56:00,527.1,0.0,0.0,"Quốc Lộ 2, Xã Chí Đám, Tỉnh Phú Thọ",0.0,2.0,1,0,0.0,0.0,527.1,0.0,5.0,1,Stopped,0,0,0,0,0,VALID,VALID
21C-04064,2026-08-12 21:58:00,527.1,0.0,0.0,"Quốc Lộ 2, Xã Chí Đám, Tỉnh Phú Thọ",0.0,2.0,1,0,0.0,0.0,527.1,0.0,5.0,1,Stopped,0,0,0,0,0,VALID,VALID
21C-04064,2026-08-12 22:00:00,527.1,0.0,0.0,"Quốc Lộ 2, Xã Chí Đám, Tỉnh Phú Thọ",0.0,2.0,1,0,0.0,0.0,527.1,0.0,5.0,1,Stopped,0,0,0,0,0,VALID,VALID
21C-04064,2026-08-12 22:03:00,527.1,0.0,0.0,"Quốc Lộ 2, Xã Chí Đám, Tỉnh Phú Thọ",0.0,3.0,1,0,0.0,0.0,527.1,0.0,5.0,1,Stopped,0,0,0,0,0,VALID,VALID
21C-04064,2026-08-12 22:05:00,527.1,0.0,0.0,"Quốc Lộ 2, Xã Chí Đám, Tỉnh Phú Thọ",0.0,2.0,1,0,0.0,0.0,527.1,0.0,5.0,1,Stopped,0,0,0,0,0,VALID,VALID
21C-04064,2026-08-12 22:07:00,527.1,0.0,0.0,"Quốc Lộ 2, Xã Chí Đám, Tỉnh Phú Thọ",0.0,2.0,1,0,0.0,0.0,527.1,0.0,5.0,1,Stopped,0,0,0,0,0,VALID,VALID
21C-04064,2026-08-12 22:09:00,527.1,0.0,0.0,"Quốc Lộ 2, Xã Chí Đám, Tỉnh Phú Thọ",0.0,2.0,1,0,0.0,0.0,527.1,0.0,5.0,1,Stopped,0,0,0,0,0,VALID,VALID
21C-04064,2026-08-12 22:11:00,527.1,0.0,0.0,"Quốc Lộ 2, Xã Chí Đám, Tỉnh Phú Thọ",0.0,2.0,1,0,0.0,0.0,527.1,0.0,5.0,1,Stopped,0,0,0,0,0,VALID,VALID
21C-04064,2026-08-12 22:14:00,527.1,0.0,0.0,"Quốc Lộ 2, Xã Chí Đám, Tỉnh Phú Thọ",0.0,3.0,1,0,0.0,0.0,527.1,0.0,5.0,1,Stopped,0,0,0,0,0,VALID,VALID
21C-04064,2026-08-12 22:16:00,527.1,0.0,0.0,"Quốc Lộ 2, Xã Chí Đám, Tỉnh Phú Thọ",0.0,2.0,1,0,0.0,0.0,527.1,0.0,5.0,1,Stopped,0,0,0,0,0,VALID,VALID
21C-04064,2026-08-12 22:18:00,527.1,0.0,0.0,"Quốc Lộ 2, Xã Chí Đám, Tỉnh Phú Thọ",0.0,2.0,1,0,0.0,0.0,527.1,0.0,5.0,1,Stopped,0,0,0,0,0,VALID,VALID
21C-04064,2026-08-12 22:20:00,527.1,0.0,0.0,"Quốc Lộ 2, Xã Chí Đám, Tỉnh Phú Thọ",0.0,2.0,1,0,0.0,0.0,527.1,0.0,5.0,1,Stopped,0,0,0,0,0,VALID,VALID
21C-04064,2026-08-12 22:22:00,527.1,0.0,0.0,"Quốc Lộ 2, Xã Chí Đám, Tỉnh Phú Thọ",0.0,2.0,1,0,0.0,0.0,527.1,0.0,5.0,1,Stopped,0,0,0,0,0,VALID,VALID
21C-04064,2026-08-12 22:24:00,527.1,0.0,0.0,"Quốc Lộ 2, Xã Chí Đám, Tỉnh Phú Thọ",0.0,2.0,1,0,0.0,0.0,527.1,0.0,5.0,1,Stopped,0,0,0,0,0,VALID,VALID
21C-04064,2026-08-12 22:27:00,527.1,0.0,0.0,"Quốc Lộ 2, Xã Chí Đám, Tỉnh Phú Thọ",0.0,3.0,1,0,0.0,0.0,527.1,0.0,5.0,1,Stopped,0,0,0,0,0,VALID,VALID
21C-04064,2026-08-12 22:29:00,527.1,0.0,0.0,"Quốc Lộ 2, Xã Chí Đám, Tỉnh Phú Thọ",0.0,2.0,1,0,0.0,0.0,527.1,0.0,5.0,1,Stopped,0,0,0,0,0,VALID,VALID
21C-04064,2026-08-12 22:31:00,527.1,0.0,0.0,"Quốc Lộ 2, Xã Chí Đám, Tỉnh Phú Thọ",0.0,2.0,1,0,0.0,0.0,527.1,0.0,5.0,1,Stopped,0,0,0,0,0,VALID,VALID
21C-04064,2026-08-12 22:33:00,527.1,0.0,0.0,"Quốc Lộ 2, Xã Chí Đám, Tỉnh Phú Thọ",0.0,2.0,1,0,0.0,0.0,527.1,0.0,5.0,1,Stopped,0,0,0,0,0,VALID,VALID
21C-04064,2026-08-12 22:35:00,527.1,0.0,0.0,"Quốc Lộ 2, Xã Chí Đám, Tỉnh Phú Thọ",0.0,2.0,1,0,0.0,0.0,527.1,0.0,5.0,1,Stopped,0,0,0,0,0,VALID,VALID
21C-04064,2026-08-12 22:38:00,527.1,0.0,0.0,"Quốc Lộ 2, Xã Chí Đám, Tỉnh Phú Thọ",0.0,3.0,1,0,0.0,0.0,527.1,0.0,5.0,1,Stopped,0,0,0,0,0,VALID,VALID
21C-04064,2026-08-12 22:40:00,527.1,0.0,0.0,"Quốc Lộ 2, Xã Chí Đám, Tỉnh Phú Thọ",0.0,2.0,1,0,0.0,0.0,527.1,0.0,5.0,1,Stopped,0,0,0,0,0,VALID,VALID
21C-04064,2026-08-12 22:42:00,527.1,0.0,0.0,"Quốc Lộ 2, Xã Chí Đám, Tỉnh Phú Thọ",0.0,2.0,1,0,0.0,0.0,527.1,0.0,5.0,1,Stopped,0,0,0,0,0,VALID,VALID
21C-04064,2026-08-12 22:44:00,527.1,0.0,0.0,"Quốc Lộ 2, Xã Chí Đám, Tỉnh Phú Thọ",0.0,2.0,1,0,0.0,0.0,527.1,0.0,5.0,1,Stopped,0,0,0,0,0,VALID,VALID
21C-04064,2026-08-12 22:46:00,527.3,0.0,0.0,"Quốc Lộ 2, Xã Chí Đám, Tỉnh Phú Thọ",0.0,2.0,1,0,0.1999999999999318,0.0999999999999659,527.1,0.08944271979897746,5.0,1,Stopped,0,0,0,0,0,VALID,VALID
21C-04064,2026-08-12 22:48:00,527.3,0.0,0.0,"Quốc Lộ 2, Xã Chí Đám, Tỉnh Phú Thọ",0.0,2.0,1,0,0.0,0.0,527.1,0.10954451207145363,5.0,1,Stopped,0,0,0,0,0,VALID,VALID
21C-04064,2026-08-12 22:51:00,527.3,0.0,0.0,"Quốc Lộ 2, Xã Chí Đám, Tỉnh Phú Thọ",0.0,3.0,1,0,0.0,0.0,527.3,0.10954451207117602,5.0,1,Stopped,0,0,0,0,0,VALID,VALID
21C-04064,2026-08-12 22:53:00,527.3,0.0,0.0,"Quốc Lộ 2, Xã Chí Đám, Tỉnh Phú Thọ",0.0,2.0,1,0,0.0,0.0,527.3,0.08944271979795743,5.0,1,Stopped,0,0,0,0,0,VALID,VALID
21C-04064,2026-08-12 22:55:00,527.3,0.0,0.0,"Quốc Lộ 2, Xã Chí Đám, Tỉnh Phú Thọ",0.0,2.0,1,0,0.0,0.0,527.3,0.0,5.0,1,Stopped,0,0,0,0,0,VALID,VALID
21C-04064,2026-08-12 22:57:00,527.3,0.0,0.0,"Quốc Lộ 2, Xã Chí Đám, Tỉnh Phú Thọ",0.0,2.0,1,0,0.0,0.0,527.3,0.0,5.0,1,Stopped,0,0,0,0,0,VALID,VALID
21C-04064,2026-08-12 22:59:00,527.3,0.0,0.0,"Quốc Lộ 2, Xã Chí Đám, Tỉnh Phú Thọ",0.0,2.0,1,0,0.0,0.0,527.3,0.0,5.0,1,Stopped,0,0,0,0,0,VALID,VALID
21C-04064,2026-08-12 23:02:00,527.3,0.0,0.0,"Quốc Lộ 2, Xã Chí Đám, Tỉnh Phú Thọ",0.0,3.0,1,0,0.0,0.0,527.3,0.0,5.0,1,Stopped,0,0,0,0,0,VALID,VALID
21C-04064,2026-08-12 23:04:00,527.3,0.0,0.0,"Quốc Lộ 2, Xã Chí Đám, Tỉnh Phú Thọ",0.0,2.0,1,0,0.0,0.0,527.3,0.0,5.0,1,Stopped,0,0,0,0,0,VALID,VALID
21C-04064,2026-08-12 23:06:00,527.3,0.0,0.0,"Quốc Lộ 2, Xã Chí Đám, Tỉnh Phú Thọ",0.0,2.0,1,0,0.0,0.0,527.3,0.0,5.0,1,Stopped,0,0,0,0,0,VALID,VALID
21C-04064,2026-08-12 23:08:00,527.3,0.0,0.0,"Quốc Lộ 2, Xã Chí Đám, Tỉnh Phú Thọ",0.0,2.0,1,0,0.0,0.0,527.3,0.0,5.0,1,Stopped,0,0,0,0,0,VALID,VALID
21C-04064,2026-08-12 23:10:00,527.3,0.0,0.0,"Quốc Lộ 2, Xã Chí Đám, Tỉnh Phú Thọ",0.0,2.0,1,0,0.0,0.0,527.3,0.0,5.0,1,Stopped,0,0,0,0,0,VALID,VALID
21C-04064,2026-08-12 23:12:00,527.3,0.0,0.0,"Quốc Lộ 2, Xã Chí Đám, Tỉnh Phú Thọ",0.0,2.0,1,0,0.0,0.0,527.3,0.0,5.0,1,Stopped,0,0,0,0,0,VALID,VALID
21C-04064,2026-08-12 23:15:00,527.3,0.0,0.0,"Quốc Lộ 2, Xã Chí Đám, Tỉnh Phú Thọ",0.0,3.0,1,0,0.0,0.0,527.3,0.0,5.0,1,Stopped,0,0,0,0,0,VALID,VALID
21C-04064,2026-08-12 23:17:00,527.3,0.0,0.0,"Quốc Lộ 2, Xã Chí Đám, Tỉnh Phú Thọ",0.0,2.0,1,0,0.0,0.0,527.3,0.0,5.0,1,Stopped,0,0,0,0,0,VALID,VALID
21C-04064,2026-08-12 23:19:00,527.3,0.0,0.0,"Quốc Lộ 2, Xã Chí Đám, Tỉnh Phú Thọ",0.0,2.0,1,0,0.0,0.0,527.3,0.0,5.0,1,Stopped,0,0,0,0,0,VALID,VALID
21C-04064,2026-08-12 23:21:00,527.3,0.0,0.0,"Quốc Lộ 2, Xã Chí Đám, Tỉnh Phú Thọ",0.0,2.0,1,0,0.0,0.0,527.3,0.0,5.0,1,Stopped,0,0,0,0,0,VALID,VALID
21C-04064,2026-08-12 23:23:00,527.3,0.0,0.0,"Quốc Lộ 2, Xã Chí Đám, Tỉnh Phú Thọ",0.0,2.0,1,0,0.0,0.0,527.3,0.0,5.0,1,Stopped,0,0,0,0,0,VALID,VALID
21C-04064,2026-08-12 23:26:00,527.3,0.0,0.0,"Quốc Lộ 2, Xã Chí Đám, Tỉnh Phú Thọ",0.0,3.0,1,0,0.0,0.0,527.3,0.0,5.0,1,Stopped,0,0,0,0,0,VALID,VALID
21C-04064,2026-08-12 23:28:00,527.3,0.0,0.0,"Quốc Lộ 2, Xã Chí Đám, Tỉnh Phú Thọ",0.0,2.0,1,0,0.0,0.0,527.3,0.0,5.0,1,Stopped,0,0,0,0,0,VALID,VALID
21C-04064,2026-08-12 23:30:00,527.3,0.0,0.0,"Quốc Lộ 2, Xã Chí Đám, Tỉnh Phú Thọ",0.0,2.0,1,0,0.0,0.0,527.3,0.0,5.0,1,Stopped,0,0,0,0,0,VALID,VALID
21C-04064,2026-08-12 23:32:00,527.3,0.0,0.0,"Quốc Lộ 2, Xã Chí Đám, Tỉnh Phú Thọ",0.0,2.0,1,0,0.0,0.0,527.3,0.0,5.0,1,Stopped,0,0,0,0,0,VALID,VALID
21C-04064,2026-08-12 23:34:00,527.3,0.0,0.0,"Quốc Lộ 2, Xã Chí Đám, Tỉnh Phú Thọ",0.0,2.0,1,0,0.0,0.0,527.3,0.0,5.0,1,Stopped,0,0,0,0,0,VALID,VALID
21C-04064,2026-08-12 23:36:00,527.3,0.0,0.0,"Quốc Lộ 2, Xã Chí Đám, Tỉnh Phú Thọ",0.0,2.0,1,0,0.0,0.0,527.3,0.0,5.0,1,Stopped,0,0,0,0,0,VALID,VALID
21C-04064,2026-08-12 23:39:00,527.3,0.0,0.0,"Quốc Lộ 2, Xã Chí Đám, Tỉnh Phú Thọ",0.0,3.0,1,0,0.0,0.0,527.3,0.0,5.0,1,Stopped,0,0,0,0,0,VALID,VALID
21C-04064,2026-08-12 23:41:00,527.3,0.0,0.0,"Quốc Lộ 2, Xã Chí Đám, Tỉnh Phú Thọ",0.0,2.0,1,0,0.0,0.0,527.3,0.0,5.0,1,Stopped,0,0,0,0,0,VALID,VALID
21C-04064,2026-08-12 23:43:00,527.3,0.0,0.0,"Quốc Lộ 2, Xã Chí Đám, Tỉnh Phú Thọ",0.0,2.0,1,0,0.0,0.0,527.3,0.0,5.0,1,Stopped,0,0,0,0,0,VALID,VALID
21C-04064,2026-08-12 23:45:00,527.3,0.0,0.0,"Quốc Lộ 2, Xã Chí Đám, Tỉnh Phú Thọ",0.0,2.0,1,0,0.0,0.0,527.3,0.0,5.0,1,Stopped,0,0,0,0,0,VALID,VALID
21C-04064,2026-08-12 23:48:00,527.3,0.0,0.0,"Quốc Lộ 2, Xã Chí Đám, Tỉnh Phú Thọ",0.0,3.0,1,0,0.0,0.0,527.3,0.0,5.0,1,Stopped,0,0,0,0,0,VALID,VALID
21C-04064,2026-08-12 23:50:00,527.3,0.0,0.0,"Quốc Lộ 2, Xã Chí Đám, Tỉnh Phú Thọ",0.0,2.0,1,0,0.0,0.0,527.3,0.0,5.0,1,Stopped,0,0,0,0,0,VALID,VALID
21C-04064,2026-08-12 23:52:00,527.3,0.0,0.0,"Quốc Lộ 2, Xã Chí Đám, Tỉnh Phú Thọ",0.0,2.0,1,0,0.0,0.0,527.3,0.0,5.0,1,Stopped,0,0,0,0,0,VALID,VALID
21C-04064,2026-08-12 23:54:00,527.3,0.0,0.0,"Quốc Lộ 2, Xã Chí Đám, Tỉnh Phú Thọ",0.0,2.0,1,0,0.0,0.0,527.3,0.0,5.0,1,Stopped,0,0,0,0,0,VALID,VALID
21C-04064,2026-08-12 23:56:00,527.3,0.0,0.0,"Quốc Lộ 2, Xã Chí Đám, Tỉnh Phú Thọ",0.0,2.0,1,0,0.0,0.0,527.3,0.0,5.0,1,Stopped,0,0,0,0,0,VALID,VALID
21C-04064,2026-08-12 23:58:00,527.3,0.0,0.0,"Quốc Lộ 2, Xã Chí Đám, Tỉnh Phú Thọ",0.0,2.0,1,0,0.0,0.0,527.3,0.0,5.0,1,Stopped,0,0,0,0,0,VALID,VALID
21C-04064,2026-08-13 00:02:00,527.3,0.0,0.0,"Quốc Lộ 2, Xã Chí Đám, Tỉnh Phú Thọ",0.0,4.0,1,0,0.0,0.0,527.3,0.0,5.0,1,Stopped,0,0,0,0,0,VALID,VALID
21C-04064,2026-08-13 00:04:00,527.3,0.0,0.0,"Quốc Lộ 2, Xã Chí Đám, Tỉnh Phú Thọ",0.0,2.0,1,0,0.0,0.0,527.3,0.0,5.0,1,Stopped,0,0,0,0,0,VALID,VALID
21C-04064,2026-08-13 00:06:00,527.4,0.0,0.0,"Quốc Lộ 2, Xã Chí Đám, Tỉnh Phú Thọ",0.0,2.0,1,0,0.10000000000002274,0.05000000000001137,527.3,0.04472136094505804,5.0,1,Stopped,0,0,0,0,0,VALID,VALID
21C-04064,2026-08-13 00:08:00,527.4,0.0,0.0,"Quốc Lộ 2, Xã Chí Đám, Tỉnh Phú Thọ",0.0,2.0,1,0,0.0,0.0,527.3,0.05477225688934433,5.0,1,Stopped,0,0,0,0,0,VALID,VALID
21C-04064,2026-08-13 00:10:00,527.4,0.0,0.0,"Quốc Lộ 2, Xã Chí Đám, Tỉnh Phú Thọ",0.0,2.0,1,0,0.0,0.0,527.4,0.05477225688911342,5.0,1,Stopped,0,0,0,0,0,VALID,VALID
21C-04064,2026-08-13 00:12:00,527.4,0.0,0.0,"Quốc Lộ 2, Xã Chí Đám, Tỉnh Phú Thọ",0.0,2.0,1,0,0.0,0.0,527.4,0.044721360944209615,5.0,1,Stopped,0,0,0,0,0,VALID,VALID
21C-04064,2026-08-13 00:15:00,527.4,0.0,0.0,"Quốc Lộ 2, Xã Chí Đám, Tỉnh Phú Thọ",0.0,3.0,1,0,0.0,0.0,527.4,0.0,5.0,1,Stopped,0,0,0,0,0,VALID,VALID
21C-04064,2026-08-13 00:17:00,527.4,0.0,0.0,"Quốc Lộ 2, Xã Chí Đám, Tỉnh Phú Thọ",0.0,2.0,1,0,0.0,0.0,527.4,0.0,5.0,1,Stopped,0,0,0,0,0,VALID,VALID
21C-04064,2026-08-13 00:19:00,527.4,0.0,0.0,"Quốc Lộ 2, Xã Chí Đám, Tỉnh Phú Thọ",0.0,2.0,1,0,0.0,0.0,527.4,0.0,5.0,1,Stopped,0,0,0,0,0,VALID,VALID
21C-04064,2026-08-13 00:21:00,527.4,0.0,0.0,"Quốc Lộ 2, Xã Chí Đám, Tỉnh Phú Thọ",0.0,2.0,1,0,0.0,0.0,527.4,0.0,5.0,1,Stopped,0,0,0,0,0,VALID,VALID
21C-04064,2026-08-13 00:24:00,527.4,0.0,0.0,"Quốc Lộ 2, Xã Chí Đám, Tỉnh Phú Thọ",0.0,3.0,1,0,0.0,0.0,527.4,0.0,5.0,1,Stopped,0,0,0,0,0,VALID,VALID
21C-04064,2026-08-13 00:26:00,527.4,0.0,0.0,"Quốc Lộ 2, Xã Chí Đám, Tỉnh Phú Thọ",0.0,2.0,1,0,0.0,0.0,527.4,0.0,5.0,1,Stopped,0,0,0,0,0,VALID,VALID
21C-04064,2026-08-13 00:28:00,527.4,0.0,0.0,"Quốc Lộ 2, Xã Chí Đám, Tỉnh Phú Thọ",0.0,2.0,1,0,0.0,0.0,527.4,0.0,5.0,1,Stopped,0,0,0,0,0,VALID,VALID
21C-04064,2026-08-13 00:30:00,527.4,0.0,0.0,"Quốc Lộ 2, Xã Chí Đám, Tỉnh Phú Thọ",0.0,2.0,1,0,0.0,0.0,527.4,0.0,5.0,1,Stopped,0,0,0,0,0,VALID,VALID
21C-04064,2026-08-13 00:32:00,527.4,0.0,0.0,"Quốc Lộ 2, Xã Chí Đám, Tỉnh Phú Thọ",0.0,2.0,1,0,0.0,0.0,527.4,0.0,5.0,1,Stopped,0,0,0,0,0,VALID,VALID
21C-04064,2026-08-13 00:34:00,527.4,0.0,0.0,"Quốc Lộ 2, Xã Chí Đám, Tỉnh Phú Thọ",0.0,2.0,1,0,0.0,0.0,527.4,0.0,5.0,1,Stopped,0,0,0,0,0,VALID,VALID
21C-04064,2026-08-13 00:37:00,527.4,0.0,0.0,"Quốc Lộ 2, Xã Chí Đám, Tỉnh Phú Thọ",0.0,3.0,1,0,0.0,0.0,527.4,0.0,5.0,1,Stopped,0,0,0,0,0,VALID,VALID
21C-04064,2026-08-13 00:39:00,527.4,0.0,0.0,"Quốc Lộ 2, Xã Chí Đám, Tỉnh Phú Thọ",0.0,2.0,1,0,0.0,0.0,527.4,0.0,5.0,1,Stopped,0,0,0,0,0,VALID,VALID
21C-04064,2026-08-13 00:41:00,527.4,0.0,0.0,"Quốc Lộ 2, Xã Chí Đám, Tỉnh Phú Thọ",0.0,2.0,1,0,0.0,0.0,527.4,0.0,5.0,1,Stopped,0,0,0,0,0,VALID,VALID
21C-04064,2026-08-13 00:43:00,527.4,0.0,0.0,"Quốc Lộ 2, Xã Chí Đám, Tỉnh Phú Thọ",0.0,2.0,1,0,0.0,0.0,527.4,0.0,5.0,1,Stopped,0,0,0,0,0,VALID,VALID
21C-04064,2026-08-13 00:45:00,527.4,0.0,0.0,"Quốc Lộ 2, Xã Chí Đám, Tỉnh Phú Thọ",0.0,2.0,1,0,0.0,0.0,527.4,0.0,5.0,1,Stopped,0,0,0,0,0,VALID,VALID
21C-04064,2026-08-13 00:48:00,527.4,0.0,0.0,"Quốc Lộ 2, Xã Chí Đám, Tỉnh Phú Thọ",0.0,3.0,1,0,0.0,0.0,527.4,0.0,5.0,1,Stopped,0,0,0,0,0,VALID,VALID
21C-04064,2026-08-13 00:50:00,527.4,0.0,0.0,"Quốc Lộ 2, Xã Chí Đám, Tỉnh Phú Thọ",0.0,2.0,1,0,0.0,0.0,527.4,0.0,5.0,1,Stopped,0,0,0,0,0,VALID,VALID
21C-04064,2026-08-13 00:52:00,527.4,0.0,0.0,"Quốc Lộ 2, Xã Chí Đám, Tỉnh Phú Thọ",0.0,2.0,1,0,0.0,0.0,527.4,0.0,5.0,1,Stopped,0,0,0,0,0,VALID,VALID
21C-04064,2026-08-13 00:54:00,527.4,0.0,0.0,"Quốc Lộ 2, Xã Chí Đám, Tỉnh Phú Thọ",0.0,2.0,1,0,0.0,0.0,527.4,0.0,5.0,1,Stopped,0,0,0,0,0,VALID,VALID
21C-04064,2026-08-13 00:56:00,527.6,0.0,0.0,"Quốc Lộ 2, Xã Chí Đám, Tỉnh Phú Thọ",0.0,2.0,1,0,0.20000000000004547,0.10000000000002274,527.4,0.08944271979674197,5.0,1,Stopped,0,0,0,0,0,VALID,VALID
21C-04064,2026-08-13 00:58:00,527.6,0.0,0.0,"Quốc Lộ 2, Xã Chí Đám, Tỉnh Phú Thọ",0.0,2.0,1,0,0.0,0.0,527.4,0.10954451206975681,5.0,1,Stopped,0,0,0,0,0,VALID,VALID
21C-04064,2026-08-13 01:01:00,527.6,0.0,0.0,"Quốc Lộ 2, Xã Chí Đám, Tỉnh Phú Thọ",0.0,3.0,1,0,0.0,0.0,527.6,0.10954451206959594,5.0,1,Stopped,0,0,0,0,0,VALID,VALID
21C-04064,2026-08-13 01:03:00,527.6,0.0,0.0,"Quốc Lộ 2, Xã Chí Đám, Tỉnh Phú Thọ",0.0,2.0,1,0,0.0,0.0,527.6,0.08944271979615093,5.0,1,Stopped,0,0,0,0,0,VALID,VALID
21C-04064,2026-08-13 01:05:00,527.6,0.0,0.0,"Quốc Lộ 2, Xã Chí Đám, Tỉnh Phú Thọ",0.0,2.0,1,0,0.0,0.0,527.6,0.0,5.0,1,Stopped,0,0,0,0,0,VALID,VALID
21C-04064,2026-08-13 01:07:00,527.6,0.0,0.0,"Quốc Lộ 2, Xã Chí Đám, Tỉnh Phú Thọ",0.0,2.0,1,0,0.0,0.0,527.6,0.0,5.0,1,Stopped,0,0,0,0,0,VALID,VALID
21C-04064,2026-08-13 01:09:00,527.6,0.0,0.0,"Quốc Lộ 2, Xã Chí Đám, Tỉnh Phú Thọ",0.0,2.0,1,0,0.0,0.0,527.6,0.0,5.0,1,Stopped,0,0,0,0,0,VALID,VALID
21C-04064,2026-08-13 01:12:00,527.6,0.0,0.0,"Quốc Lộ 2, Xã Chí Đám, Tỉnh Phú Thọ",0.0,3.0,1,0,0.0,0.0,527.6,0.0,5.0,1,Stopped,0,0,0,0,0,VALID,VALID
21C-04064,2026-08-13 01:14:00,527.6,0.0,0.0,"Quốc Lộ 2, Xã Chí Đám, Tỉnh Phú Thọ",0.0,2.0,1,0,0.0,0.0,527.6,0.0,5.0,1,Stopped,0,0,0,0,0,VALID,VALID
21C-04064,2026-08-13 01:16:00,527.6,0.0,0.0,"Quốc Lộ 2, Xã Chí Đám, Tỉnh Phú Thọ",0.0,2.0,1,0,0.0,0.0,527.6,0.0,5.0,1,Stopped,0,0,0,0,0,VALID,VALID
21C-04064,2026-08-13 01:18:00,527.6,0.0,0.0,"Quốc Lộ 2, Xã Chí Đám, Tỉnh Phú Thọ",0.0,2.0,1,0,0.0,0.0,527.6,0.0,5.0,1,Stopped,0,0,0,0,0,VALID,VALID
21C-04064,2026-08-13 01:20:00,527.6,0.0,0.0,"Quốc Lộ 2, Xã Chí Đám, Tỉnh Phú Thọ",0.0,2.0,1,0,0.0,0.0,527.6,0.0,5.0,1,Stopped,0,0,0,0,0,VALID,VALID
21C-04064,2026-08-13 01:22:00,527.6,0.0,0.0,"Quốc Lộ 2, Xã Chí Đám, Tỉnh Phú Thọ",0.0,2.0,1,0,0.0,0.0,527.6,0.0,5.0,1,Stopped,0,0,0,0,0,VALID,VALID
21C-04064,2026-08-13 01:25:00,527.6,0.0,0.0,"Quốc Lộ 2, Xã Chí Đám, Tỉnh Phú Thọ",0.0,3.0,1,0,0.0,0.0,527.6,0.0,5.0,1,Stopped,0,0,0,0,0,VALID,VALID
21C-04064,2026-08-13 01:27:00,527.6,0.0,0.0,"Quốc Lộ 2, Xã Chí Đám, Tỉnh Phú Thọ",0.0,2.0,1,0,0.0,0.0,527.6,0.0,5.0,1,Stopped,0,0,0,0,0,VALID,VALID
21C-04064,2026-08-13 01:29:00,527.6,0.0,0.0,"Quốc Lộ 2, Xã Chí Đám, Tỉnh Phú Thọ",0.0,2.0,1,0,0.0,0.0,527.6,0.0,5.0,1,Stopped,0,0,0,0,0,VALID,VALID
21C-04064,2026-08-13 01:31:00,527.6,0.0,0.0,"Quốc Lộ 2, Xã Chí Đám, Tỉnh Phú Thọ",0.0,2.0,1,0,0.0,0.0,527.6,0.0,5.0,1,Stopped,0,0,0,0,0,VALID,VALID
21C-04064,2026-08-13 01:33:00,527.6,0.0,0.0,"Quốc Lộ 2, Xã Chí Đám, Tỉnh Phú Thọ",0.0,2.0,1,0,0.0,0.0,527.6,0.0,5.0,1,Stopped,0,0,0,0,0,VALID,VALID
21C-04064,2026-08-13 01:36:00,527.6,0.0,0.0,"Quốc Lộ 2, Xã Chí Đám, Tỉnh Phú Thọ",0.0,3.0,1,0,0.0,0.0,527.6,0.0,5.0,1,Stopped,0,0,0,0,0,VALID,VALID
21C-04064,2026-08-13 01:38:00,527.6,0.0,0.0,"Quốc Lộ 2, Xã Chí Đám, Tỉnh Phú Thọ",0.0,2.0,1,0,0.0,0.0,527.6,0.0,5.0,1,Stopped,0,0,0,0,0,VALID,VALID
21C-04064,2026-08-13 01:40:00,527.6,0.0,0.0,"Quốc Lộ 2, Xã Chí Đám, Tỉnh Phú Thọ",0.0,2.0,1,0,0.0,0.0,527.6,0.0,5.0,1,Stopped,0,0,0,0,0,VALID,VALID
21C-04064,2026-08-13 01:42:00,527.7,0.0,0.0,"Quốc Lộ 2, Xã Chí Đám, Tỉnh Phú Thọ",0.0,2.0,1,0,0.10000000000002274,0.05000000000001137,527.6,0.04472136094181364,5.0,1,Stopped,0,0,0,0,0,VALID,VALID
21C-04064,2026-08-13 01:44:00,527.7,0.0,0.0,"Quốc Lộ 2, Xã Chí Đám, Tỉnh Phú Thọ",0.0,2.0,1,0,0.0,0.0,527.6,0.05477225688678869,5.0,1,Stopped,0,0,0,0,0,VALID,VALID
21C-04064,2026-08-13 01:46:00,527.7,0.0,0.0,"Quốc Lộ 2, Xã Chí Đám, Tỉnh Phú Thọ",0.0,2.0,1,0,0.0,0.0,527.7,0.054772256886651174,5.0,1,Stopped,0,0,0,0,0,VALID,VALID
21C-04064,2026-08-13 01:49:00,527.7,0.0,0.0,"Quốc Lộ 2, Xã Chí Đám, Tỉnh Phú Thọ",0.0,3.0,1,0,0.0,0.0,527.7,0.044721360941308394,5.0,1,Stopped,0,0,0,0,0,VALID,VALID
21C-04064,2026-08-13 01:51:00,527.7,0.0,0.0,"Quốc Lộ 2, Xã Chí Đám, Tỉnh Phú Thọ",0.0,2.0,1,0,0.0,0.0,527.7,0.0,5.0,1,Stopped,0,0,0,0,0,VALID,VALID
21C-04064,2026-08-13 01:53:00,527.7,0.0,0.0,"Quốc Lộ 2, Xã Chí Đám, Tỉnh Phú Thọ",0.0,2.0,1,0,0.0,0.0,527.7,0.0,5.0,1,Stopped,0,0,0,0,0,VALID,VALID
21C-04064,2026-08-13 01:55:00,527.7,0.0,0.0,"Quốc Lộ 2, Xã Chí Đám, Tỉnh Phú Thọ",0.0,2.0,1,0,0.0,0.0,527.7,0.0,5.0,1,Stopped,0,0,0,0,0,VALID,VALID
21C-04064,2026-08-13 01:57:00,527.7,0.0,0.0,"Quốc Lộ 2, Xã Chí Đám, Tỉnh Phú Thọ",0.0,2.0,1,0,0.0,0.0,527.7,0.0,5.0,1,Stopped,0,0,0,0,0,VALID,VALID
21C-04064,2026-08-13 02:00:00,527.7,0.0,0.0,"Quốc Lộ 2, Xã Chí Đám, Tỉnh Phú Thọ",0.0,3.0,1,0,0.0,0.0,527.7,0.0,5.0,1,Stopped,0,0,0,0,0,VALID,VALID
21C-04064,2026-08-13 02:02:00,527.7,0.0,0.0,"Quốc Lộ 2, Xã Chí Đám, Tỉnh Phú Thọ",0.0,2.0,1,0,0.0,0.0,527.7,0.0,5.0,1,Stopped,0,0,0,0,0,VALID,VALID
21C-04064,2026-08-13 02:04:00,527.7,0.0,0.0,"Quốc Lộ 2, Xã Chí Đám, Tỉnh Phú Thọ",0.0,2.0,1,0,0.0,0.0,527.7,0.0,5.0,1,Stopped,0,0,0,0,0,VALID,VALID
21C-04064,2026-08-13 02:06:00,527.4,0.0,0.0,"Quốc Lộ 2, Xã Chí Đám, Tỉnh Phú Thọ",0.0,2.0,1,0,-0.3000000000000682,-0.1500000000000341,527.7,0.13416407911383832,5.0,1,Stopped,0,0,0,0,0,VALID,VALID
21C-04064,2026-08-13 02:08:00,527.7,0.0,0.0,"Quốc Lộ 2, Xã Chí Đám, Tỉnh Phú Thọ",0.0,2.0,1,0,0.3000000000000682,0.1500000000000341,527.7,0.13416407911383832,5.0,1,Stopped,0,0,0,0,0,VALID,VALID
21C-04064,2026-08-13 02:10:00,527.7,0.0,0.0,"Quốc Lộ 2, Xã Chí Đám, Tỉnh Phú Thọ",0.0,2.0,1,0,0.0,0.0,527.7,0.13416407911383832,5.0,1,Stopped,0,0,0,0,0,VALID,VALID
21C-04064,2026-08-13 02:12:00,527.7,0.0,0.0,"Quốc Lộ 2, Xã Chí Đám, Tỉnh Phú Thọ",0.0,2.0,1,0,0.0,0.0,527.7,0.13416407911383832,5.0,1,Stopped,0,0,0,0,0,VALID,VALID
21C-04064,2026-08-13 02:14:00,527.7,0.0,0.0,"Quốc Lộ 2, Xã Chí Đám, Tỉnh Phú Thọ",0.0,2.0,1,0,0.0,0.0,527.7,0.13416407911383832,5.0,1,Stopped,0,0,0,0,0,VALID,VALID
21C-04064,2026-08-13 02:16:00,527.7,0.0,0.0,"Quốc Lộ 2, Xã Chí Đám, Tỉnh Phú Thọ",0.0,2.0,1,0,0.0,0.0,527.7,0.0,5.0,1,Stopped,0,0,0,0,0,VALID,VALID
21C-04064,2026-08-13 02:18:00,527.7,0.0,0.0,"Quốc Lộ 2, Xã Chí Đám, Tỉnh Phú Thọ",0.0,2.0,1,0,0.0,0.0,527.7,0.0,5.0,1,Stopped,0,0,0,0,0,VALID,VALID
21C-04064,2026-08-13 02:21:00,527.7,0.0,0.0,"Quốc Lộ 2, Xã Chí Đám, Tỉnh Phú Thọ",0.0,3.0,1,0,0.0,0.0,527.7,0.0,5.0,1,Stopped,0,0,0,0,0,VALID,VALID
21C-04064,2026-08-13 02:23:00,527.7,0.0,0.0,"Quốc Lộ 2, Xã Chí Đám, Tỉnh Phú Thọ",0.0,2.0,1,0,0.0,0.0,527.7,0.0,5.0,1,Stopped,0,0,0,0,0,VALID,VALID
21C-04064,2026-08-13 02:25:00,527.7,0.0,0.0,"Quốc Lộ 2, Xã Chí Đám, Tỉnh Phú Thọ",0.0,2.0,1,0,0.0,0.0,527.7,0.0,5.0,1,Stopped,0,0,0,0,0,VALID,VALID
21C-04064,2026-08-13 02:27:00,527.7,0.0,0.0,"Quốc Lộ 2, Xã Chí Đám, Tỉnh Phú Thọ",0.0,2.0,1,0,0.0,0.0,527.7,0.0,5.0,1,Stopped,0,0,0,0,0,VALID,VALID
21C-04064,2026-08-13 02:30:00,527.9,0.0,0.0,"Quốc Lộ 2, Xã Chí Đám, Tỉnh Phú Thọ",0.0,3.0,1,0,0.1999999999999318,0.06666666666664393,527.7,0.08944271979543118,5.0,1,Stopped,0,0,0,0,0,VALID,VALID
21C-04064,2026-08-13 02:32:00,527.9,0.0,0.0,"Quốc Lộ 2, Xã Chí Đám, Tỉnh Phú Thọ",0.0,2.0,1,0,0.0,0.0,527.7,0.10954451206876568,5.0,1,Stopped,0,0,0,0,0,VALID,VALID
21C-04064,2026-08-13 02:34:00,527.9,0.0,0.0,"Quốc Lộ 2, Xã Chí Đám, Tỉnh Phú Thọ",0.0,2.0,1,0,0.0,0.0,527.9,0.10954451206869564,5.0,1,Stopped,0,0,0,0,0,VALID,VALID
21C-04064,2026-08-13 02:36:00,527.9,0.0,0.0,"Quốc Lộ 2, Xã Chí Đám, Tỉnh Phú Thọ",0.0,2.0,1,0,0.0,0.0,527.9,0.08944271979517379,5.0,1,Stopped,0,0,0,0,0,VALID,VALID
21C-04064,2026-08-13 02:38:00,527.9,0.0,0.0,"Quốc Lộ 2, Xã Chí Đám, Tỉnh Phú Thọ",0.0,2.0,1,0,0.0,0.0,527.9,0.0,5.0,1,Stopped,0,0,0,0,0,VALID,VALID
21C-04064,2026-08-13 02:40:00,527.9,0.0,0.0,"Quốc Lộ 2, Xã Chí Đám, Tỉnh Phú Thọ",0.0,2.0,1,0,0.0,0.0,527.9,0.0,5.0,1,Stopped,0,0,0,0,0,VALID,VALID
21C-04064,2026-08-13 02:43:00,527.9,0.0,0.0,"Quốc Lộ 2, Xã Chí Đám, Tỉnh Phú Thọ",0.0,3.0,1,0,0.0,0.0,527.9,0.0,5.0,1,Stopped,0,0,0,0,0,VALID,VALID
21C-04064,2026-08-13 02:45:00,527.9,0.0,0.0,"Quốc Lộ 2, Xã Chí Đám, Tỉnh Phú Thọ",0.0,2.0,1,0,0.0,0.0,527.9,0.0,5.0,1,Stopped,0,0,0,0,0,VALID,VALID
21C-04064,2026-08-13 02:47:00,527.9,0.0,0.0,"Quốc Lộ 2, Xã Chí Đám, Tỉnh Phú Thọ",0.0,2.0,1,0,0.0,0.0,527.9,0.0,5.0,1,Stopped,0,0,0,0,0,VALID,VALID
21C-04064,2026-08-13 02:49:00,527.9,0.0,0.0,"Quốc Lộ 2, Xã Chí Đám, Tỉnh Phú Thọ",0.0,2.0,1,0,0.0,0.0,527.9,0.0,5.0,1,Stopped,0,0,0,0,0,VALID,VALID
21C-04064,2026-08-13 02:51:00,527.9,0.0,0.0,"Quốc Lộ 2, Xã Chí Đám, Tỉnh Phú Thọ",0.0,2.0,1,0,0.0,0.0,527.9,0.0,5.0,1,Stopped,0,0,0,0,0,VALID,VALID
21C-04064,2026-08-13 02:54:00,528.0,0.0,0.0,"Quốc Lộ 2, Xã Chí Đám, Tỉnh Phú Thọ",0.0,3.0,1,0,0.10000000000002274,0.03333333333334091,527.9,0.04472136094025341,5.0,1,Stopped,0,0,0,0,0,VALID,VALID
21C-04064,2026-08-13 02:56:00,528.0,0.0,0.0,"Quốc Lộ 2, Xã Chí Đám, Tỉnh Phú Thọ",0.0,2.0,1,0,0.0,0.0,527.9,0.05477225688562893,5.0,1,Stopped,0,0,0,0,0,VALID,VALID
21C-04064,2026-08-13 02:58:00,528.0,0.0,0.0,"Quốc Lộ 2, Xã Chí Đám, Tỉnh Phú Thọ",0.0,2.0,1,0,0.0,0.0,528.0,0.05477225688560558,5.0,1,Stopped,0,0,0,0,0,VALID,VALID
21C-04064,2026-08-13 03:00:00,528.2,0.0,0.0,"Quốc Lộ 2, Xã Chí Đám, Tỉnh Phú Thọ",0.0,2.0,1,0,0.20000000000004547,0.10000000000002274,528.0,0.10954451206859055,5.0,1,Stopped,0,0,0,0,0,VALID,VALID
21C-04064,2026-08-13 03:02:00,528.2,0.0,0.0,"Quốc Lộ 2, Xã Chí Đám, Tỉnh Phú Thọ",0.0,2.0,1,0,0.0,0.0,528.0,0.10954451206862557,5.0,1,Stopped,0,0,0,0,0,VALID,VALID
21C-04064,2026-08-13 03:04:00,528.2,0.0,0.0,"Quốc Lộ 2, Xã Chí Đám, Tỉnh Phú Thọ",0.0,2.0,1,0,0.0,0.0,528.2,0.10954451206867227,5.0,1,Stopped,0,0,0,0,0,VALID,VALID
21C-04064,2026-08-13 03:07:00,528.2,0.0,0.0,"Quốc Lộ 2, Xã Chí Đám, Tỉnh Phú Thọ",0.0,3.0,1,0,0.0,0.0,528.2,0.08944271979527388,5.0,1,Stopped,0,0,0,0,0,VALID,VALID
21C-04064,2026-08-13 03:09:00,528.2,0.0,0.0,"Quốc Lộ 2, Xã Chí Đám, Tỉnh Phú Thọ",0.0,2.0,1,0,0.0,0.0,528.2,0.0,5.0,1,Stopped,0,0,0,0,0,VALID,VALID
21C-04064,2026-08-13 03:11:00,528.2,0.0,0.0,"Quốc Lộ 2, Xã Chí Đám, Tỉnh Phú Thọ",0.0,2.0,1,0,0.0,0.0,528.2,0.0,5.0,1,Stopped,0,0,0,0,0,VALID,VALID
21C-04064,2026-08-13 03:13:00,528.2,0.0,0.0,"Quốc Lộ 2, Xã Chí Đám, Tỉnh Phú Thọ",0.0,2.0,1,0,0.0,0.0,528.2,0.0,5.0,1,Stopped,0,0,0,0,0,VALID,VALID
21C-04064,2026-08-13 03:15:00,528.2,0.0,0.0,"Quốc Lộ 2, Xã Chí Đám, Tỉnh Phú Thọ",0.0,2.0,1,0,0.0,0.0,528.2,0.0,5.0,1,Stopped,0,0,0,0,0,VALID,VALID
21C-04064,2026-08-13 03:18:00,528.2,0.0,0.0,"Quốc Lộ 2, Xã Chí Đám, Tỉnh Phú Thọ",0.0,3.0,1,0,0.0,0.0,528.2,0.0,5.0,1,Stopped,0,0,0,0,0,VALID,VALID
21C-04064,2026-08-13 03:20:00,528.2,0.0,0.0,"Quốc Lộ 2, Xã Chí Đám, Tỉnh Phú Thọ",0.0,2.0,1,0,0.0,0.0,528.2,0.0,5.0,1,Stopped,0,0,0,0,0,VALID,VALID
21C-04064,2026-08-13 03:22:00,528.2,0.0,0.0,"Quốc Lộ 2, Xã Chí Đám, Tỉnh Phú Thọ",0.0,2.0,1,0,0.0,0.0,528.2,0.0,5.0,1,Stopped,0,0,0,0,0,VALID,VALID
21C-04064,2026-08-13 03:24:00,528.2,0.0,0.0,"Quốc Lộ 2, Xã Chí Đám, Tỉnh Phú Thọ",0.0,2.0,1,0,0.0,0.0,528.2,0.0,5.0,1,Stopped,0,0,0,0,0,VALID,VALID
21C-04064,2026-08-13 03:26:00,528.2,0.0,0.0,"Quốc Lộ 2, Xã Chí Đám, Tỉnh Phú Thọ",0.0,2.0,1,0,0.0,0.0,528.2,0.0,5.0,1,Stopped,0,0,0,0,0,VALID,VALID
21C-04064,2026-08-13 03:28:00,528.2,0.0,0.0,"Quốc Lộ 2, Xã Chí Đám, Tỉnh Phú Thọ",0.0,2.0,1,0,0.0,0.0,528.2,0.0,5.0,1,Stopped,0,0,0,0,0,VALID,VALID
21C-04064,2026-08-13 03:31:00,528.2,0.0,0.0,"Quốc Lộ 2, Xã Chí Đám, Tỉnh Phú Thọ",0.0,3.0,1,0,0.0,0.0,528.2,0.0,5.0,1,Stopped,0,0,0,0,0,VALID,VALID
21C-04064,2026-08-13 03:33:00,528.2,0.0,0.0,"Quốc Lộ 2, Xã Chí Đám, Tỉnh Phú Thọ",0.0,2.0,1,0,0.0,0.0,528.2,0.0,5.0,1,Stopped,0,0,0,0,0,VALID,VALID
21C-04064,2026-08-13 03:35:00,528.2,0.0,0.0,"Quốc Lộ 2, Xã Chí Đám, Tỉnh Phú Thọ",0.0,2.0,1,0,0.0,0.0,528.2,0.0,5.0,1,Stopped,0,0,0,0,0,VALID,VALID
21C-04064,2026-08-13 03:37:00,528.2,0.0,0.0,"Quốc Lộ 2, Xã Chí Đám, Tỉnh Phú Thọ",0.0,2.0,1,0,0.0,0.0,528.2,0.0,5.0,1,Stopped,0,0,0,0,0,VALID,VALID
21C-04064,2026-08-13 03:39:00,528.2,0.0,0.0,"Quốc Lộ 2, Xã Chí Đám, Tỉnh Phú Thọ",0.0,2.0,1,0,0.0,0.0,528.2,0.0,5.0,1,Stopped,0,0,0,0,0,VALID,VALID
21C-04064,2026-08-13 03:42:00,528.2,0.0,0.0,"Quốc Lộ 2, Xã Chí Đám, Tỉnh Phú Thọ",0.0,3.0,1,0,0.0,0.0,528.2,0.0,5.0,1,Stopped,0,0,0,0,0,VALID,VALID
21C-04064,2026-08-13 03:44:00,528.2,0.0,0.0,"Quốc Lộ 2, Xã Chí Đám, Tỉnh Phú Thọ",0.0,2.0,1,0,0.0,0.0,528.2,0.0,5.0,1,Stopped,0,0,0,0,0,VALID,VALID
21C-04064,2026-08-13 03:46:00,528.2,0.0,0.0,"Quốc Lộ 2, Xã Chí Đám, Tỉnh Phú Thọ",0.0,2.0,1,0,0.0,0.0,528.2,0.0,5.0,1,Stopped,0,0,0,0,0,VALID,VALID
21C-04064,2026-08-13 03:48:00,528.2,0.0,0.0,"Quốc Lộ 2, Xã Chí Đám, Tỉnh Phú Thọ",0.0,2.0,1,0,0.0,0.0,528.2,0.0,5.0,1,Stopped,0,0,0,0,0,VALID,VALID
21C-04064,2026-08-13 03:50:00,528.2,0.0,0.0,"Quốc Lộ 2, Xã Chí Đám, Tỉnh Phú Thọ",0.0,2.0,1,0,0.0,0.0,528.2,0.0,5.0,1,Stopped,0,0,0,0,0,VALID,VALID
21C-04064,2026-08-13 03:52:00,528.2,0.0,0.0,"Quốc Lộ 2, Xã Chí Đám, Tỉnh Phú Thọ",0.0,2.0,1,0,0.0,0.0,528.2,0.0,5.0,1,Stopped,0,0,0,0,0,VALID,VALID
21C-04064,2026-08-13 03:55:00,528.2,0.0,0.0,"Quốc Lộ 2, Xã Chí Đám, Tỉnh Phú Thọ",0.0,3.0,1,0,0.0,0.0,528.2,0.0,5.0,1,Stopped,0,0,0,0,0,VALID,VALID
21C-04064,2026-08-13 03:57:00,528.2,0.0,0.0,"Quốc Lộ 2, Xã Chí Đám, Tỉnh Phú Thọ",0.0,2.0,1,0,0.0,0.0,528.2,0.0,5.0,1,Stopped,0,0,0,0,0,VALID,VALID
21C-04064,2026-08-13 03:59:00,528.2,0.0,0.0,"Quốc Lộ 2, Xã Chí Đám, Tỉnh Phú Thọ",0.0,2.0,1,0,0.0,0.0,528.2,0.0,5.0,1,Stopped,0,0,0,0,0,VALID,VALID
21C-04064,2026-08-13 04:01:00,528.2,0.0,0.0,"Quốc Lộ 2, Xã Chí Đám, Tỉnh Phú Thọ",0.0,2.0,1,0,0.0,0.0,528.2,0.0,5.0,1,Stopped,0,0,0,0,0,VALID,VALID
21C-04064,2026-08-13 04:03:00,528.2,0.0,0.0,"Quốc Lộ 2, Xã Chí Đám, Tỉnh Phú Thọ",0.0,2.0,1,0,0.0,0.0,528.2,0.0,5.0,1,Stopped,0,0,0,0,0,VALID,VALID
21C-04064,2026-08-13 04:06:00,528.2,0.0,0.0,"Quốc Lộ 2, Xã Chí Đám, Tỉnh Phú Thọ",0.0,3.0,1,0,0.0,0.0,528.2,0.0,5.0,1,Stopped,0,0,0,0,0,VALID,VALID
21C-04064,2026-08-13 04:08:00,528.2,0.0,0.0,"Quốc Lộ 2, Xã Chí Đám, Tỉnh Phú Thọ",0.0,2.0,1,0,0.0,0.0,528.2,0.0,5.0,1,Stopped,0,0,0,0,0,VALID,VALID
21C-04064,2026-08-13 04:10:00,528.2,0.0,0.0,"Quốc Lộ 2, Xã Chí Đám, Tỉnh Phú Thọ",0.0,2.0,1,0,0.0,0.0,528.2,0.0,5.0,1,Stopped,0,0,0,0,0,VALID,VALID
21C-04064,2026-08-13 04:12:00,528.2,0.0,0.0,"Quốc Lộ 2, Xã Chí Đám, Tỉnh Phú Thọ",0.0,2.0,1,0,0.0,0.0,528.2,0.0,5.0,1,Stopped,0,0,0,0,0,VALID,VALID
21C-04064,2026-08-13 04:14:00,528.2,0.0,0.0,"Quốc Lộ 2, Xã Chí Đám, Tỉnh Phú Thọ",0.0,2.0,1,0,0.0,0.0,528.2,0.0,5.0,1,Stopped,0,0,0,0,0,VALID,VALID
21C-04064,2026-08-13 04:16:00,528.2,0.0,0.0,"Quốc Lộ 2, Xã Chí Đám, Tỉnh Phú Thọ",0.0,2.0,1,0,0.0,0.0,528.2,0.0,5.0,1,Stopped,0,0,0,0,0,VALID,VALID
21C-04064,2026-08-13 04:19:00,528.2,0.0,0.0,"Quốc Lộ 2, Xã Chí Đám, Tỉnh Phú Thọ",0.0,3.0,1,0,0.0,0.0,528.2,0.0,5.0,1,Stopped,0,0,0,0,0,VALID,VALID
21C-04064,2026-08-13 04:21:00,528.2,0.0,0.0,"Quốc Lộ 2, Xã Chí Đám, Tỉnh Phú Thọ",0.0,2.0,1,0,0.0,0.0,528.2,0.0,5.0,1,Stopped,0,0,0,0,0,VALID,VALID
21C-04064,2026-08-13 04:23:00,528.2,0.0,0.0,"Quốc Lộ 2, Xã Chí Đám, Tỉnh Phú Thọ",0.0,2.0,1,0,0.0,0.0,528.2,0.0,5.0,1,Stopped,0,0,0,0,0,VALID,VALID
21C-04064,2026-08-13 04:25:00,528.2,0.0,0.0,"Quốc Lộ 2, Xã Chí Đám, Tỉnh Phú Thọ",0.0,2.0,1,0,0.0,0.0,528.2,0.0,5.0,1,Stopped,0,0,0,0,0,VALID,VALID
21C-04064,2026-08-13 04:27:00,528.3,0.0,0.0,"Quốc Lộ 2, Xã Chí Đám, Tỉnh Phú Thọ",0.0,2.0,1,0,0.09999999999990905,0.049999999999954525,528.2,0.04472136094079678,5.0,1,Stopped,0,0,0,0,0,VALID,VALID
21C-04064,2026-08-13 04:30:00,528.3,0.0,0.0,"Quốc Lộ 2, Xã Chí Đám, Tỉnh Phú Thọ",0.0,3.0,1,0,0.0,0.0,528.2,0.054772256886198425,5.0,1,Stopped,0,0,0,0,0,VALID,VALID
21C-04064,2026-08-13 04:32:00,528.3,0.0,0.0,"Quốc Lộ 2, Xã Chí Đám, Tỉnh Phú Thọ",0.0,2.0,1,0,0.0,0.0,528.3,0.05477225688629183,5.0,1,Stopped,0,0,0,0,0,VALID,VALID
21C-04064,2026-08-13 04:34:00,528.3,0.0,0.0,"Quốc Lộ 2, Xã Chí Đám, Tỉnh Phú Thọ",0.0,2.0,1,0,0.0,0.0,528.3,0.04472136094119081,5.0,1,Stopped,0,0,0,0,0,VALID,VALID
21C-04064,2026-08-13 04:36:00,528.3,0.0,0.0,"Quốc Lộ 2, Xã Chí Đám, Tỉnh Phú Thọ",0.0,2.0,1,0,0.0,0.0,528.3,0.0,5.0,1,Stopped,0,0,0,0,0,VALID,VALID
21C-04064,2026-08-13 04:38:00,528.3,0.0,0.0,"Quốc Lộ 2, Xã Chí Đám, Tỉnh Phú Thọ",0.0,2.0,1,0,0.0,0.0,528.3,0.0,5.0,1,Stopped,0,0,0,0,0,VALID,VALID
21C-04064,2026-08-13 04:40:00,528.3,0.0,0.0,"Quốc Lộ 2, Xã Chí Đám, Tỉnh Phú Thọ",0.0,2.0,1,0,0.0,0.0,528.3,0.0,5.0,1,Stopped,0,0,0,0,0,VALID,VALID
21C-04064,2026-08-13 04:43:00,528.3,0.0,0.0,"Quốc Lộ 2, Xã Chí Đám, Tỉnh Phú Thọ",0.0,3.0,1,0,0.0,0.0,528.3,0.0,5.0,1,Stopped,0,0,0,0,0,VALID,VALID
21C-04064,2026-08-13 04:45:00,528.3,0.0,0.0,"Quốc Lộ 2, Xã Chí Đám, Tỉnh Phú Thọ",0.0,2.0,1,0,0.0,0.0,528.3,0.0,5.0,1,Stopped,0,0,0,0,0,VALID,VALID
21C-04064,2026-08-13 04:47:00,528.3,0.0,0.0,"Quốc Lộ 2, Xã Chí Đám, Tỉnh Phú Thọ",0.0,2.0,1,0,0.0,0.0,528.3,0.0,5.0,1,Stopped,0,0,0,0,0,VALID,VALID
21C-04064,2026-08-13 04:49:00,528.3,0.0,0.0,"Quốc Lộ 2, Xã Chí Đám, Tỉnh Phú Thọ",0.0,2.0,1,0,0.0,0.0,528.3,0.0,5.0,1,Stopped,0,0,0,0,0,VALID,VALID
21C-04064,2026-08-13 04:52:00,528.3,0.0,0.0,"Quốc Lộ 2, Xã Chí Đám, Tỉnh Phú Thọ",0.0,3.0,1,0,0.0,0.0,528.3,0.0,5.0,1,Stopped,0,0,0,0,0,VALID,VALID
21C-04064,2026-08-13 04:54:00,528.3,0.0,0.0,"Quốc Lộ 2, Xã Chí Đám, Tỉnh Phú Thọ",0.0,2.0,1,0,0.0,0.0,528.3,0.0,5.0,1,Stopped,0,0,0,0,0,VALID,VALID
21C-04064,2026-08-13 04:56:00,528.3,0.0,0.0,"Quốc Lộ 2, Xã Chí Đám, Tỉnh Phú Thọ",0.0,2.0,1,0,0.0,0.0,528.3,0.0,5.0,1,Stopped,0,0,0,0,0,VALID,VALID
21C-04064,2026-08-13 04:58:00,528.3,0.0,0.0,"Quốc Lộ 2, Xã Chí Đám, Tỉnh Phú Thọ",0.0,2.0,1,0,0.0,0.0,528.3,0.0,5.0,1,Stopped,0,0,0,0,0,VALID,VALID
21C-04064,2026-08-13 05:00:00,528.3,0.0,0.0,"Quốc Lộ 2, Xã Chí Đám, Tỉnh Phú Thọ",0.0,2.0,1,0,0.0,0.0,528.3,0.0,5.0,1,Stopped,0,0,0,0,0,VALID,VALID
21C-04064,2026-08-13 05:02:00,528.3,0.0,0.0,"Quốc Lộ 2, Xã Chí Đám, Tỉnh Phú Thọ",0.0,2.0,1,0,0.0,0.0,528.3,0.0,5.0,1,Stopped,0,0,0,0,0,VALID,VALID
21C-04064,2026-08-13 05:05:00,528.3,0.0,0.0,"Quốc Lộ 2, Xã Chí Đám, Tỉnh Phú Thọ",0.0,3.0,1,0,0.0,0.0,528.3,0.0,5.0,1,Stopped,0,0,0,0,0,VALID,VALID
21C-04064,2026-08-13 05:07:00,528.3,0.0,0.0,"Quốc Lộ 2, Xã Chí Đám, Tỉnh Phú Thọ",0.0,2.0,1,0,0.0,0.0,528.3,0.0,5.0,1,Stopped,0,0,0,0,0,VALID,VALID
21C-04064,2026-08-13 05:09:00,528.3,0.0,0.0,"Quốc Lộ 2, Xã Chí Đám, Tỉnh Phú Thọ",0.0,2.0,1,0,0.0,0.0,528.3,0.0,5.0,1,Stopped,0,0,0,0,0,VALID,VALID
21C-04064,2026-08-13 05:11:00,528.3,0.0,0.0,"Quốc Lộ 2, Xã Chí Đám, Tỉnh Phú Thọ",0.0,2.0,1,0,0.0,0.0,528.3,0.0,5.0,1,Stopped,0,0,0,0,0,VALID,VALID
21C-04064,2026-08-13 05:13:00,528.5,0.0,0.0,"Quốc Lộ 2, Xã Chí Đám, Tỉnh Phú Thọ",0.0,2.0,1,0,0.20000000000004547,0.10000000000002274,528.3,0.0894427197957823,5.0,1,Stopped,0,0,0,0,0,VALID,VALID
21C-04064,2026-08-13 05:16:00,528.5,0.0,0.0,"Quốc Lộ 2, Xã Chí Đám, Tỉnh Phú Thọ",0.0,3.0,1,0,0.0,0.0,528.3,0.10954451206920804,5.0,1,Stopped,0,0,0,0,0,VALID,VALID
21C-04064,2026-08-13 05:18:00,528.5,0.0,0.0,"Quốc Lộ 2, Xã Chí Đám, Tỉnh Phú Thọ",0.0,2.0,1,0,0.0,0.0,528.5,0.10954451206925474,5.0,1,Stopped,0,0,0,0,0,VALID,VALID
21C-04064,2026-08-13 05:20:00,528.5,0.0,0.0,"Quốc Lộ 2, Xã Chí Đám, Tỉnh Phú Thọ",0.0,2.0,1,0,0.0,0.0,528.5,0.08944271979598725,5.0,1,Stopped,0,0,0,0,0,VALID,VALID
21C-04064,2026-08-13 05:22:00,528.5,0.0,0.0,"Quốc Lộ 2, Xã Chí Đám, Tỉnh Phú Thọ",0.0,2.0,1,0,0.0,0.0,528.5,0.0,5.0,1,Stopped,0,0,0,0,0,VALID,VALID
21C-04064,2026-08-13 05:24:00,528.5,0.0,0.0,"Quốc Lộ 2, Xã Chí Đám, Tỉnh Phú Thọ",0.0,2.0,1,0,0.0,0.0,528.5,0.0,5.0,1,Stopped,0,0,0,0,0,VALID,VALID
21C-04064,2026-08-13 05:26:00,528.5,0.0,0.0,"Quốc Lộ 2, Xã Chí Đám, Tỉnh Phú Thọ",0.0,2.0,1,0,0.0,0.0,528.5,0.0,5.0,1,Stopped,0,0,0,0,0,VALID,VALID
21C-04064,2026-08-13 05:29:00,528.5,0.0,0.0,"Quốc Lộ 2, Xã Chí Đám, Tỉnh Phú Thọ",0.0,3.0,1,0,0.0,0.0,528.5,0.0,5.0,1,Stopped,0,0,0,0,0,VALID,VALID
21C-04064,2026-08-13 05:31:00,528.5,0.0,0.0,"Quốc Lộ 2, Xã Chí Đám, Tỉnh Phú Thọ",0.0,2.0,1,0,0.0,0.0,528.5,0.0,5.0,1,Stopped,0,0,0,0,0,VALID,VALID
21C-04064,2026-08-13 05:33:00,528.5,0.0,0.0,"Quốc Lộ 2, Xã Chí Đám, Tỉnh Phú Thọ",0.0,2.0,1,0,0.0,0.0,528.5,0.0,5.0,1,Stopped,0,0,0,0,0,VALID,VALID
21C-04064,2026-08-13 05:35:00,528.5,0.0,0.0,"Quốc Lộ 2, Xã Chí Đám, Tỉnh Phú Thọ",0.0,2.0,1,0,0.0,0.0,528.5,0.0,5.0,1,Stopped,0,0,0,0,0,VALID,VALID
21C-04064,2026-08-13 05:37:00,528.5,0.0,0.0,"Quốc Lộ 2, Xã Chí Đám, Tỉnh Phú Thọ",0.0,2.0,1,0,0.0,0.0,528.5,0.0,5.0,1,Stopped,0,0,0,0,0,VALID,VALID
21C-04064,2026-08-13 05:40:00,528.5,0.0,0.0,"Quốc Lộ 2, Xã Chí Đám, Tỉnh Phú Thọ",0.0,3.0,1,0,0.0,0.0,528.5,0.0,5.0,1,Stopped,0,0,0,0,0,VALID,VALID
21C-04064,2026-08-13 05:42:00,528.5,0.0,0.0,"Quốc Lộ 2, Xã Chí Đám, Tỉnh Phú Thọ",0.0,2.0,1,0,0.0,0.0,528.5,0.0,5.0,1,Stopped,0,0,0,0,0,VALID,VALID
21C-04064,2026-08-13 05:44:00,528.5,0.0,0.0,"Quốc Lộ 2, Xã Chí Đám, Tỉnh Phú Thọ",0.0,2.0,1,0,0.0,0.0,528.5,0.0,5.0,1,Stopped,0,0,0,0,0,VALID,VALID
21C-04064,2026-08-13 05:46:00,528.5,0.0,0.0,"Quốc Lộ 2, Xã Chí Đám, Tỉnh Phú Thọ",0.0,2.0,1,0,0.0,0.0,528.5,0.0,5.0,1,Stopped,0,0,0,0,0,VALID,VALID
21C-04064,2026-08-13 05:48:00,528.5,0.0,0.0,"Quốc Lộ 2, Xã Chí Đám, Tỉnh Phú Thọ",0.0,2.0,1,0,0.0,0.0,528.5,0.0,5.0,1,Stopped,0,0,0,0,0,VALID,VALID
21C-04064,2026-08-13 05:50:00,528.5,0.0,0.0,"Quốc Lộ 2, Xã Chí Đám, Tỉnh Phú Thọ",0.0,2.0,1,0,0.0,0.0,528.5,0.0,5.0,1,Stopped,0,0,0,0,0,VALID,VALID
21C-04064,2026-08-13 05:53:00,528.5,0.0,0.0,"Quốc Lộ 2, Xã Chí Đám, Tỉnh Phú Thọ",0.0,3.0,1,0,0.0,0.0,528.5,0.0,5.0,1,Stopped,0,0,0,0,0,VALID,VALID
21C-04064,2026-08-13 05:55:00,528.5,0.0,0.0,"Quốc Lộ 2, Xã Chí Đám, Tỉnh Phú Thọ",0.0,2.0,1,0,0.0,0.0,528.5,0.0,5.0,1,Stopped,0,0,0,0,0,VALID,VALID
21C-04064,2026-08-13 05:57:00,528.5,0.0,0.0,"Quốc Lộ 2, Xã Chí Đám, Tỉnh Phú Thọ",0.0,2.0,1,0,0.0,0.0,528.5,0.0,5.0,1,Stopped,0,0,0,0,0,VALID,VALID
21C-04064,2026-08-13 05:59:00,528.5,0.0,0.0,"Quốc Lộ 2, Xã Chí Đám, Tỉnh Phú Thọ",0.0,2.0,1,0,0.0,0.0,528.5,0.0,5.0,1,Stopped,0,0,0,0,0,VALID,VALID
21C-04064,2026-08-13 06:01:00,528.5,0.0,0.0,"Quốc Lộ 2, Xã Chí Đám, Tỉnh Phú Thọ",0.0,2.0,1,0,0.0,0.0,528.5,0.0,5.0,1,Stopped,0,0,0,0,0,VALID,VALID
21C-04064,2026-08-13 06:04:00,528.6,0.0,0.0,"Quốc Lộ 2, Xã Chí Đám, Tỉnh Phú Thọ",0.0,3.0,1,0,0.10000000000002274,0.03333333333334091,528.5,0.04472136094224896,5.0,1,Stopped,0,0,0,0,0,VALID,VALID
21C-04064,2026-08-13 06:06:00,528.6,0.0,0.0,"Quốc Lộ 2, Xã Chí Đám, Tỉnh Phú Thọ",0.0,2.0,1,0,0.0,0.0,528.5,0.05477225688735169,5.0,1,Stopped,0,0,0,0,0,VALID,VALID
21C-04064,2026-08-13 06:08:00,528.6,0.0,0.0,"Quốc Lộ 2, Xã Chí Đám, Tỉnh Phú Thọ",0.0,2.0,1,0,0.0,0.0,528.6,0.05477225688742174,5.0,1,Stopped,0,0,0,0,0,VALID,VALID
21C-04064,2026-08-13 06:10:00,528.6,0.0,0.0,"Quốc Lộ 2, Xã Chí Đám, Tỉnh Phú Thọ",0.0,2.0,1,0,0.0,0.0,528.6,0.044721360942506345,5.0,1,Stopped,0,0,0,0,0,VALID,VALID
21C-04064,2026-08-13 06:12:00,528.6,0.0,0.0,"Quốc Lộ 2, Xã Chí Đám, Tỉnh Phú Thọ",0.0,2.0,1,0,0.0,0.0,528.6,0.0,5.0,1,Stopped,0,0,0,0,0,VALID,VALID
21C-04064,2026-08-13 06:14:00,528.6,0.0,0.0,"Quốc Lộ 2, Xã Chí Đám, Tỉnh Phú Thọ",0.0,2.0,1,0,0.0,0.0,528.6,0.0,5.0,1,Stopped,0,0,0,0,0,VALID,VALID
21C-04064,2026-08-13 06:17:00,528.6,0.0,0.0,"Quốc Lộ 2, Xã Chí Đám, Tỉnh Phú Thọ",0.0,3.0,1,0,0.0,0.0,528.6,0.0,5.0,1,Stopped,0,0,0,0,0,VALID,VALID
21C-04064,2026-08-13 06:19:00,528.6,0.0,0.0,"Quốc Lộ 2, Xã Chí Đám, Tỉnh Phú Thọ",0.0,2.0,1,0,0.0,0.0,528.6,0.0,5.0,1,Stopped,0,0,0,0,0,VALID,VALID
21C-04064,2026-08-13 06:21:00,528.6,0.0,0.0,"Quốc Lộ 2, Xã Chí Đám, Tỉnh Phú Thọ",0.0,2.0,1,0,0.0,0.0,528.6,0.0,5.0,1,Stopped,0,0,0,0,0,VALID,VALID
21C-04064,2026-08-13 06:23:00,528.6,0.0,0.0,"Quốc Lộ 2, Xã Chí Đám, Tỉnh Phú Thọ",0.0,2.0,1,0,0.0,0.0,528.6,0.0,5.0,1,Stopped,0,0,0,0,0,VALID,VALID
21C-04064,2026-08-13 06:25:00,528.6,0.0,0.0,"Quốc Lộ 2, Xã Chí Đám, Tỉnh Phú Thọ",0.0,2.0,1,0,0.0,0.0,528.6,0.0,5.0,1,Stopped,0,0,0,0,0,VALID,VALID
21C-04064,2026-08-13 06:28:00,528.6,0.0,0.0,"Quốc Lộ 2, Xã Chí Đám, Tỉnh Phú Thọ",0.0,3.0,1,0,0.0,0.0,528.6,0.0,5.0,1,Stopped,0,0,0,0,0,VALID,VALID
21C-04064,2026-08-13 06:30:00,528.6,0.0,0.0,"Quốc Lộ 2, Xã Chí Đám, Tỉnh Phú Thọ",0.0,2.0,1,0,0.0,0.0,528.6,0.0,5.0,1,Stopped,0,0,0,0,0,VALID,VALID
21C-04064,2026-08-13 06:32:00,528.6,0.0,0.0,"Quốc Lộ 2, Xã Chí Đám, Tỉnh Phú Thọ",0.0,2.0,1,0,0.0,0.0,528.6,0.0,5.0,1,Stopped,0,0,0,0,0,VALID,VALID
21C-04064,2026-08-13 06:34:00,528.6,0.0,0.0,"Quốc Lộ 2, Xã Chí Đám, Tỉnh Phú Thọ",0.0,2.0,1,0,0.0,0.0,528.6,0.0,5.0,1,Stopped,0,0,0,0,0,VALID,VALID
21C-04064,2026-08-13 06:36:00,528.6,0.0,0.0,"Quốc Lộ 2, Xã Chí Đám, Tỉnh Phú Thọ",0.0,2.0,1,0,0.0,0.0,528.6,0.0,5.0,1,Stopped,0,0,0,0,0,VALID,VALID
21C-04064,2026-08-13 06:38:00,528.6,0.0,0.0,"Quốc Lộ 2, Xã Chí Đám, Tỉnh Phú Thọ",0.0,2.0,1,0,0.0,0.0,528.6,0.0,5.0,1,Stopped,0,0,0,0,0,VALID,VALID
21C-04064,2026-08-13 06:41:00,528.6,0.0,0.0,"Quốc Lộ 2, Xã Chí Đám, Tỉnh Phú Thọ",0.0,3.0,1,0,0.0,0.0,528.6,0.0,5.0,1,Stopped,0,0,0,0,0,VALID,VALID
21C-04064,2026-08-13 06:43:00,528.6,0.0,0.0,"Quốc Lộ 2, Xã Chí Đám, Tỉnh Phú Thọ",0.0,2.0,1,0,0.0,0.0,528.6,0.0,5.0,1,Stopped,0,0,0,0,0,VALID,VALID
21C-04064,2026-08-13 06:45:00,528.6,0.0,0.0,"Quốc Lộ 2, Xã Chí Đám, Tỉnh Phú Thọ",0.0,2.0,1,0,0.0,0.0,528.6,0.0,5.0,1,Stopped,0,0,0,0,0,VALID,VALID
21C-04064,2026-08-13 06:47:00,528.5,0.0,0.0,"Quốc Lộ 2, Xã Chí Đám, Tỉnh Phú Thọ",0.0,2.0,1,0,-0.10000000000002274,-0.05000000000001137,528.6,0.04472136094244915,5.0,1,Stopped,0,0,0,0,0,VALID,VALID
21C-04064,2026-08-13 06:49:00,528.5,0.0,0.0,"Quốc Lộ 2, Xã Chí Đám, Tỉnh Phú Thọ",0.0,2.0,1,0,0.0,0.0,528.6,0.05477225688730758,5.0,1,Stopped,0,0,0,0,0,VALID,VALID
21C-04064,2026-08-13 06:52:00,528.5,0.0,0.0,"Quốc Lộ 2, Xã Chí Đám, Tỉnh Phú Thọ",0.0,3.0,1,0,0.0,0.0,528.5,0.05477225688717007,5.0,1,Stopped,0,0,0,0,0,VALID,VALID
21C-04064,2026-08-13 06:54:00,528.5,0.0,0.0,"Quốc Lộ 2, Xã Chí Đám, Tỉnh Phú Thọ",0.0,2.0,1,0,0.0,0.0,528.5,0.0447213609419439,5.0,1,Stopped,0,0,0,0,0,VALID,VALID
21C-04064,2026-08-13 06:56:00,528.3,0.0,0.0,"Quốc Lộ 2, Xã Chí Đám, Tỉnh Phú Thọ",0.0,2.0,1,0,-0.20000000000004547,-0.10000000000002274,528.5,0.08944271979574893,5.0,1,Stopped,0,0,0,0,0,VALID,VALID
21C-04064,2026-08-13 06:58:00,528.3,0.0,0.0,"Quốc Lộ 2, Xã Chí Đám, Tỉnh Phú Thọ",0.0,2.0,1,0,0.0,0.0,528.5,0.10954451206897324,5.0,1,Stopped,0,0,0,0,0,VALID,VALID
21C-04064,2026-08-13 07:00:00,528.2,0.0,0.0,"Quốc Lộ 2, Xã Chí Đám, Tỉnh Phú Thọ",0.0,2.0,1,0,-0.09999999999990905,-0.049999999999954525,528.3,0.13416407911348982,5.0,1,Stopped,0,0,0,0,0,VALID,VALID
21C-04064,2026-08-13 07:02:00,528.2,0.0,0.0,"Quốc Lộ 2, Xã Chí Đám, Tỉnh Phú Thọ",0.0,2.0,1,0,0.0,0.0,528.3,0.12247448764669641,5.0,1,Stopped,0,0,0,0,0,VALID,VALID
21C-04064,2026-08-13 07:05:00,528.2,0.0,0.0,"Quốc Lộ 2, Xã Chí Đám, Tỉnh Phú Thọ",0.0,3.0,1,0,0.0,0.0,528.2,0.05477225688502826,5.0,1,Stopped,0,0,0,0,0,VALID,VALID
21C-04064,2026-08-13 07:07:00,528.0,0.0,0.0,"Quốc Lộ 2, Xã Chí Đám, Tỉnh Phú Thọ",0.0,2.0,1,0,-0.20000000000004547,-0.10000000000002274,528.2,0.10954451206811897,5.0,1,Stopped,0,0,0,0,0,VALID,VALID
21C-04064,2026-08-13 07:09:00,528.0,0.0,0.0,"Quốc Lộ 2, Xã Chí Đám, Tỉnh Phú Thọ",0.0,2.0,1,0,0.0,0.0,528.2,0.10954451206792827,5.0,1,Stopped,0,0,0,0,0,VALID,VALID
21C-04064,2026-08-13 07:11:00,528.0,0.0,0.0,"Quốc Lộ 2, Xã Chí Đám, Tỉnh Phú Thọ",0.0,2.0,1,0,0.0,0.0,528.0,0.10954451206776741,5.0,1,Stopped,0,0,0,0,0,VALID,VALID
21C-04064,2026-08-13 07:13:00,528.0,0.0,0.0,"Quốc Lộ 2, Xã Chí Đám, Tỉnh Phú Thọ",0.0,2.0,1,0,0.0,0.0,528.0,0.08944271979391144,5.0,1,Stopped,0,0,0,0,0,VALID,VALID
21C-04064,2026-08-13 07:16:00,527.9,0.0,0.0,"Quốc Lộ 2, Xã Chí Đám, Tỉnh Phú Thọ",0.0,3.0,1,0,-0.10000000000002274,-0.03333333333334091,528.0,0.044721360937334684,5.0,1,Stopped,0,0,0,0,0,VALID,VALID
21C-04064,2026-08-13 07:18:00,527.9,0.0,0.0,"Quốc Lộ 2, Xã Chí Đám, Tỉnh Phú Thọ",0.0,2.0,1,0,0.0,0.0,528.0,0.054772256883131636,5.0,1,Stopped,0,0,0,0,0,VALID,VALID
21C-04064,2026-08-13 07:20:00,527.9,0.0,0.0,"Quốc Lộ 2, Xã Chí Đám, Tỉnh Phú Thọ",0.0,2.0,1,0,0.0,0.0,527.9,0.05477225688299413,5.0,1,Stopped,0,0,0,0,0,VALID,VALID
21C-04064,2026-08-13 07:22:00,527.9,0.0,0.0,"Quốc Lộ 2, Xã Chí Đám, Tỉnh Phú Thọ",0.0,2.0,1,0,0.0,0.0,527.9,0.044721360936829435,5.0,1,Stopped,0,0,0,0,0,VALID,VALID
21C-04064,2026-08-13 07:24:00,527.9,0.0,0.0,"Quốc Lộ 2, Xã Chí Đám, Tỉnh Phú Thọ",0.0,2.0,1,0,0.0,0.0,527.9,0.0,5.0,1,Stopped,0,0,0,0,0,VALID,VALID
21C-04064,2026-08-13 07:26:00,527.9,0.0,0.0,"Quốc Lộ 2, Xã Chí Đám, Tỉnh Phú Thọ",0.0,2.0,1,0,0.0,0.0,527.9,0.0,5.0,1,Stopped,0,0,0,0,0,VALID,VALID
21C-04064,2026-08-13 07:29:00,527.9,0.0,0.0,"Quốc Lộ 2, Xã Chí Đám, Tỉnh Phú Thọ",0.0,3.0,1,0,0.0,0.0,527.9,0.0,5.0,1,Stopped,0,0,0,0,0,VALID,VALID
21C-04064,2026-08-13 07:31:00,527.9,0.0,0.0,"Quốc Lộ 2, Xã Chí Đám, Tỉnh Phú Thọ",0.0,2.0,1,0,0.0,0.0,527.9,0.0,5.0,1,Stopped,0,0,0,0,0,VALID,VALID
21C-04064,2026-08-13 07:33:00,527.7,0.0,0.0,"Quốc Lộ 2, Xã Chí Đám, Tỉnh Phú Thọ",0.0,2.0,1,0,-0.1999999999999318,-0.0999999999999659,527.9,0.0894427197931345,5.0,1,Stopped,0,0,0,0,0,VALID,VALID
21C-04064,2026-08-13 07:35:00,527.7,0.0,0.0,"Quốc Lộ 2, Xã Chí Đám, Tỉnh Phú Thọ",0.0,2.0,1,0,0.0,0.0,527.9,0.109544512066823,5.0,1,Stopped,0,0,0,0,0,VALID,VALID
21C-04064,2026-08-13 07:38:00,527.7,0.0,0.0,"Quốc Lộ 2, Xã Chí Đám, Tỉnh Phú Thọ",0.0,3.0,1,0,0.0,0.0,527.7,0.10954451206668549,5.0,1,Stopped,0,0,0,0,0,VALID,VALID
21C-04064,2026-08-13 07:40:00,527.7,0.0,0.0,"Quốc Lộ 2, Xã Chí Đám, Tỉnh Phú Thọ",0.0,2.0,1,0,0.0,0.0,527.7,0.08944271979262926,5.0,1,Stopped,0,0,0,0,0,VALID,VALID
21C-04064,2026-08-13 07:42:00,527.7,0.0,0.0,"Quốc Lộ 2, Xã Chí Đám, Tỉnh Phú Thọ",0.0,2.0,1,0,0.0,0.0,527.7,0.0,5.0,1,Stopped,0,0,0,0,0,VALID,VALID
21C-04064,2026-08-13 07:44:00,527.7,0.0,0.0,"Quốc Lộ 2, Xã Chí Đám, Tỉnh Phú Thọ",0.0,2.0,1,0,0.0,0.0,527.7,0.0,5.0,1,Stopped,0,0,0,0,0,VALID,VALID
21C-04064,2026-08-13 07:46:00,527.7,0.0,0.0,"Quốc Lộ 2, Xã Chí Đám, Tỉnh Phú Thọ",0.0,2.0,1,0,0.0,0.0,527.7,0.0,5.0,1,Stopped,0,0,0,0,0,VALID,VALID
21C-04064,2026-08-13 07:48:00,527.7,0.0,0.0,"Quốc Lộ 2, Xã Chí Đám, Tỉnh Phú Thọ",0.0,2.0,1,0,0.0,0.0,527.7,0.0,5.0,1,Stopped,0,0,0,0,0,VALID,VALID
21C-04064,2026-08-13 07:51:00,527.6,0.0,0.0,"Quốc Lộ 2, Xã Chí Đám, Tỉnh Phú Thọ",0.0,3.0,1,0,-0.10000000000002274,-0.03333333333334091,527.7,0.04472136093494193,5.0,1,Stopped,0,0,0,0,0,VALID,VALID
21C-04064,2026-08-13 07:53:00,527.6,0.0,0.0,"Quốc Lộ 2, Xã Chí Đám, Tỉnh Phú Thọ",0.0,2.0,1,0,0.0,0.0,527.7,0.054772256881205204,5.0,1,Stopped,0,0,0,0,0,VALID,VALID
21C-04064,2026-08-13 07:55:00,527.6,0.0,0.0,"Quốc Lộ 2, Xã Chí Đám, Tỉnh Phú Thọ",0.0,2.0,1,0,0.0,0.0,527.6,0.054772256881067696,5.0,1,Stopped,0,0,0,0,0,VALID,VALID
21C-04064,2026-08-13 07:57:00,527.6,0.0,0.0,"Quốc Lộ 2, Xã Chí Đám, Tỉnh Phú Thọ",0.0,2.0,1,0,0.0,0.0,527.6,0.04472136093447005,5.0,1,Stopped,0,0,0,0,0,VALID,VALID
21C-04064,2026-08-13 07:59:00,527.6,0.0,0.0,"Quốc Lộ 2, Xã Chí Đám, Tỉnh Phú Thọ",0.0,2.0,1,0,0.0,0.0,527.6,0.0,5.0,1,Stopped,0,0,0,0,0,VALID,VALID
21C-04064,2026-08-13 08:02:00,527.6,0.0,0.0,"Quốc Lộ 2, Xã Chí Đám, Tỉnh Phú Thọ",0.0,3.0,1,0,0.0,0.0,527.6,0.0,5.0,1,Stopped,0,0,0,0,0,VALID,VALID
21C-04064,2026-08-13 08:04:00,527.6,0.0,0.0,"Quốc Lộ 2, Xã Chí Đám, Tỉnh Phú Thọ",0.0,2.0,1,0,0.0,0.0,527.6,0.0,5.0,1,Stopped,0,0,0,0,0,VALID,VALID
21C-04064,2026-08-13 08:06:00,527.6,0.0,0.0,"Quốc Lộ 2, Xã Chí Đám, Tỉnh Phú Thọ",0.0,2.0,1,0,0.0,0.0,527.6,0.0,5.0,1,Stopped,0,0,0,0,0,VALID,VALID
21C-04064,2026-08-13 08:08:00,527.6,0.0,0.0,"Quốc Lộ 2, Xã Chí Đám, Tỉnh Phú Thọ",0.0,2.0,1,0,0.0,0.0,527.6,0.0,5.0,1,Stopped,0,0,0,0,0,VALID,VALID
21C-04064,2026-08-13 08:10:00,527.6,0.0,0.0,"Quốc Lộ 2, Xã Chí Đám, Tỉnh Phú Thọ",0.0,2.0,1,0,0.0,0.0,527.6,0.0,5.0,1,Stopped,0,0,0,0,0,VALID,VALID
21C-04064,2026-08-13 08:12:00,527.6,0.0,0.0,"Quốc Lộ 2, Xã Chí Đám, Tỉnh Phú Thọ",0.0,2.0,1,0,0.0,0.0,527.6,0.0,5.0,1,Stopped,0,0,0,0,0,VALID,VALID
21C-04064,2026-08-13 08:15:00,527.6,0.0,0.0,"Quốc Lộ 2, Xã Chí Đám, Tỉnh Phú Thọ",0.0,3.0,1,0,0.0,0.0,527.6,0.0,5.0,1,Stopped,0,0,0,0,0,VALID,VALID
21C-04064,2026-08-13 08:17:00,527.6,0.0,0.0,"Quốc Lộ 2, Xã Chí Đám, Tỉnh Phú Thọ",0.0,2.0,1,0,0.0,0.0,527.6,0.0,5.0,1,Stopped,0,0,0,0,0,VALID,VALID
21C-04064,2026-08-13 08:19:00,527.6,0.0,0.0,"Quốc Lộ 2, Xã Chí Đám, Tỉnh Phú Thọ",0.0,2.0,1,0,0.0,0.0,527.6,0.0,5.0,1,Stopped,0,0,0,0,0,VALID,VALID
21C-04064,2026-08-13 08:21:00,527.6,0.0,0.0,"Quốc Lộ 2, Xã Chí Đám, Tỉnh Phú Thọ",0.0,2.0,1,0,0.0,0.0,527.6,0.0,5.0,1,Stopped,0,0,0,0,0,VALID,VALID
21C-04064,2026-08-13 08:23:00,527.6,0.0,0.0,"Quốc Lộ 2, Xã Chí Đám, Tỉnh Phú Thọ",0.0,2.0,1,0,0.0,0.0,527.6,0.0,5.0,1,Stopped,0,0,0,0,0,VALID,VALID
21C-04064,2026-08-13 08:26:00,527.6,0.0,0.0,"Quốc Lộ 2, Xã Chí Đám, Tỉnh Phú Thọ",0.0,3.0,1,0,0.0,0.0,527.6,0.0,5.0,1,Stopped,0,0,0,0,0,VALID,VALID
21C-04064,2026-08-13 08:28:00,527.6,0.0,0.0,"Quốc Lộ 2, Xã Chí Đám, Tỉnh Phú Thọ",0.0,2.0,1,0,0.0,0.0,527.6,0.0,5.0,1,Stopped,0,0,0,0,0,VALID,VALID
21C-04064,2026-08-13 08:30:00,527.6,0.0,0.0,"Quốc Lộ 2, Xã Chí Đám, Tỉnh Phú Thọ",0.0,2.0,1,0,0.0,0.0,527.6,0.0,5.0,1,Stopped,0,0,0,0,0,VALID,VALID
21C-04064,2026-08-13 08:32:00,527.6,0.0,0.0,"Quốc Lộ 2, Xã Chí Đám, Tỉnh Phú Thọ",0.0,2.0,1,0,0.0,0.0,527.6,0.0,5.0,1,Stopped,0,0,0,0,0,VALID,VALID
21C-04064,2026-08-13 08:34:00,527.6,0.0,0.0,"Quốc Lộ 2, Xã Chí Đám, Tỉnh Phú Thọ",0.0,2.0,1,0,0.0,0.0,527.6,0.0,5.0,1,Stopped,0,0,0,0,0,VALID,VALID
21C-04064,2026-08-13 08:36:00,527.6,0.0,0.0,"Quốc Lộ 2, Xã Chí Đám, Tỉnh Phú Thọ",0.0,2.0,1,0,0.0,0.0,527.6,0.0,5.0,1,Stopped,0,0,0,0,0,VALID,VALID
21C-04064,2026-08-13 08:39:00,527.6,0.0,0.0,"Quốc Lộ 2, Xã Chí Đám, Tỉnh Phú Thọ",0.0,3.0,1,0,0.0,0.0,527.6,0.0,5.0,1,Stopped,0,0,0,0,0,VALID,VALID
21C-04064,2026-08-13 08:41:00,527.6,0.0,0.0,"Quốc Lộ 2, Xã Chí Đám, Tỉnh Phú Thọ",0.0,2.0,1,0,0.0,0.0,527.6,0.0,5.0,1,Stopped,0,0,0,0,0,VALID,VALID
21C-04064,2026-08-13 08:43:00,527.7,0.0,0.0,"Quốc Lộ 2, Xã Chí Đám, Tỉnh Phú Thọ",0.0,2.0,1,0,0.10000000000002274,0.05000000000001137,527.6,0.04472136093447005,5.0,1,Stopped,0,0,0,0,0,VALID,VALID
21C-04064,2026-08-13 08:45:00,527.7,0.0,0.0,"Quốc Lộ 2, Xã Chí Đám, Tỉnh Phú Thọ",0.0,2.0,1,0,0.0,0.0,527.6,0.054772256881027485,5.0,1,Stopped,0,0,0,0,0,VALID,VALID
21C-04064,2026-08-13 08:47:00,527.7,0.0,0.0,"Quốc Lộ 2, Xã Chí Đám, Tỉnh Phú Thọ",0.0,2.0,1,0,0.0,0.0,527.7,0.054772256881097534,5.0,1,Stopped,0,0,0,0,0,VALID,VALID
21C-04064,2026-08-13 08:50:00,527.7,0.0,0.0,"Quốc Lộ 2, Xã Chí Đám, Tỉnh Phú Thọ",0.0,3.0,1,0,0.0,0.0,527.7,0.04472136093476081,5.0,1,Stopped,0,0,0,0,0,VALID,VALID
21C-04064,2026-08-13 08:52:00,527.9,0.0,0.0,"Quốc Lộ 2, Xã Chí Đám, Tỉnh Phú Thọ",0.0,2.0,1,0,0.1999999999999318,0.0999999999999659,527.7,0.0894427197924815,5.0,1,Stopped,0,0,0,0,0,VALID,VALID
21C-04064,2026-08-13 08:54:00,527.9,0.0,0.0,"Quốc Lộ 2, Xã Chí Đám, Tỉnh Phú Thọ",0.0,2.0,1,0,0.0,0.0,527.7,0.10954451206649739,5.0,1,Stopped,0,0,0,0,0,VALID,VALID
21C-04064,2026-08-13 08:56:00,527.9,0.0,0.0,"Quốc Lộ 2, Xã Chí Đám, Tỉnh Phú Thọ",0.0,2.0,1,0,0.0,0.0,527.9,0.10954451206656743,5.0,1,Stopped,0,0,0,0,0,VALID,VALID
21C-04064,2026-08-13 08:58:00,527.9,0.0,0.0,"Quốc Lộ 2, Xã Chí Đám, Tỉnh Phú Thọ",0.0,2.0,1,0,0.0,0.0,527.9,0.08944271979273888,5.0,1,Stopped,0,0,0,0,0,VALID,VALID
21C-04064,2026-08-13 09:00:00,527.9,0.0,0.0,"Quốc Lộ 2, Xã Chí Đám, Tỉnh Phú Thọ",0.0,2.0,1,0,0.0,0.0,527.9,0.0,5.0,1,Stopped,0,0,0,0,0,VALID,VALID
21C-04064,2026-08-13 09:03:00,528.0,0.0,0.0,"Quốc Lộ 2, Xã Chí Đám, Tỉnh Phú Thọ",0.0,3.0,1,0,0.10000000000002274,0.03333333333334091,527.9,0.0447213609359238,5.0,1,Stopped,0,0,0,0,0,VALID,VALID
21C-04064,2026-08-13 09:05:00,528.0,0.0,0.0,"Quốc Lộ 2, Xã Chí Đám, Tỉnh Phú Thọ",0.0,2.0,1,0,0.0,0.0,527.9,0.05477225688221446,5.0,1,Stopped,0,0,0,0,0,VALID,VALID
21C-04064,2026-08-13 09:07:00,528.0,0.0,0.0,"Quốc Lộ 2, Xã Chí Đám, Tỉnh Phú Thọ",0.0,2.0,1,0,0.0,0.0,528.0,0.054772256882284515,5.0,1,Stopped,0,0,0,0,0,VALID,VALID
21C-04064,2026-08-13 09:09:00,528.0,0.0,0.0,"Quốc Lộ 2, Xã Chí Đám, Tỉnh Phú Thọ",0.0,2.0,1,0,0.0,0.0,528.0,0.04472136093621456,5.0,1,Stopped,0,0,0,0,0,VALID,VALID
21C-04064,2026-08-13 09:11:00,528.0,0.0,0.0,"Quốc Lộ 2, Xã Chí Đám, Tỉnh Phú Thọ",0.0,2.0,1,0,0.0,0.0,528.0,0.0,5.0,1,Stopped,0,0,0,0,0,VALID,VALID
21C-04064,2026-08-13 09:14:00,528.0,0.0,0.0,"Quốc Lộ 2, Xã Chí Đám, Tỉnh Phú Thọ",0.0,3.0,1,0,0.0,0.0,528.0,0.0,5.0,1,Stopped,0,0,0,0,0,VALID,VALID
21C-04064,2026-08-13 09:16:00,528.0,0.0,0.0,"Quốc Lộ 2, Xã Chí Đám, Tỉnh Phú Thọ",0.0,2.0,1,0,0.0,0.0,528.0,0.0,5.0,1,Stopped,0,0,0,0,0,VALID,VALID
21C-04064,2026-08-13 09:18:00,528.0,0.0,0.0,"Quốc Lộ 2, Xã Chí Đám, Tỉnh Phú Thọ",0.0,2.0,1,0,0.0,0.0,528.0,0.0,5.0,1,Stopped,0,0,0,0,0,VALID,VALID
21C-04064,2026-08-13 09:20:00,528.0,0.0,0.0,"Quốc Lộ 2, Xã Chí Đám, Tỉnh Phú Thọ",0.0,2.0,1,0,0.0,0.0,528.0,0.0,5.0,1,Stopped,0,0,0,0,0,VALID,VALID
21C-04064,2026-08-13 09:22:00,528.2,0.0,0.0,"Quốc Lộ 2, Xã Chí Đám, Tỉnh Phú Thọ",0.0,2.0,1,0,0.20000000000004547,0.10000000000002274,528.0,0.08944271979326558,5.0,1,Stopped,0,0,0,0,0,VALID,VALID
21C-04064,2026-08-13 09:24:00,528.2,0.0,0.0,"Quốc Lộ 2, Xã Chí Đám, Tỉnh Phú Thọ",0.0,2.0,1,0,0.0,0.0,528.0,0.10954451206715314,5.0,1,Stopped,0,0,0,0,0,VALID,VALID
21C-04064,2026-08-13 09:27:00,528.2,0.0,0.0,"Quốc Lộ 2, Xã Chí Đám, Tỉnh Phú Thọ",0.0,3.0,1,0,0.0,0.0,528.2,0.10954451206719984,5.0,1,Stopped,0,0,0,0,0,VALID,VALID
21C-04064,2026-08-13 09:29:00,528.2,0.0,0.0,"Quốc Lộ 2, Xã Chí Đám, Tỉnh Phú Thọ",0.0,2.0,1,0,0.0,0.0,528.2,0.08944271979347053,5.0,1,Stopped,0,0,0,0,0,VALID,VALID
21C-04064,2026-08-13 09:31:00,528.2,0.0,0.0,"Quốc Lộ 2, Xã Chí Đám, Tỉnh Phú Thọ",0.0,2.0,1,0,0.0,0.0,528.2,0.0,5.0,1,Stopped,0,0,0,0,0,VALID,VALID
21C-04064,2026-08-13 09:33:00,528.2,0.0,0.0,"Quốc Lộ 2, Xã Chí Đám, Tỉnh Phú Thọ",0.0,2.0,1,0,0.0,0.0,528.2,0.0,5.0,1,Stopped,0,0,0,0,0,VALID,VALID
21C-04064,2026-08-13 09:35:00,528.2,0.0,0.0,"Quốc Lộ 2, Xã Chí Đám, Tỉnh Phú Thọ",0.0,2.0,1,0,0.0,0.0,528.2,0.0,5.0,1,Stopped,0,0,0,0,0,VALID,VALID
21C-04064,2026-08-13 09:38:00,528.2,0.0,0.0,"Quốc Lộ 2, Xã Chí Đám, Tỉnh Phú Thọ",0.0,3.0,1,0,0.0,0.0,528.2,0.0,5.0,1,Stopped,0,0,0,0,0,VALID,VALID
21C-04064,2026-08-13 09:40:00,528.2,0.0,0.0,"Quốc Lộ 2, Xã Chí Đám, Tỉnh Phú Thọ",0.0,2.0,1,0,0.0,0.0,528.2,0.0,5.0,1,Stopped,0,0,0,0,0,VALID,VALID
21C-04064,2026-08-13 09:42:00,528.2,0.0,0.0,"Quốc Lộ 2, Xã Chí Đám, Tỉnh Phú Thọ",0.0,2.0,1,0,0.0,0.0,528.2,0.0,5.0,1,Stopped,0,0,0,0,0,VALID,VALID
21C-04064,2026-08-13 09:44:00,528.2,0.0,0.0,"Quốc Lộ 2, Xã Chí Đám, Tỉnh Phú Thọ",0.0,2.0,1,0,0.0,0.0,528.2,0.0,5.0,1,Stopped,0,0,0,0,0,VALID,VALID
21C-04064,2026-08-13 09:46:00,528.2,0.0,0.0,"Quốc Lộ 2, Xã Chí Đám, Tỉnh Phú Thọ",0.0,2.0,1,0,0.0,0.0,528.2,0.0,5.0,1,Stopped,0,0,0,0,0,VALID,VALID
21C-04064,2026-08-13 09:48:00,528.2,0.0,0.0,"Quốc Lộ 2, Xã Chí Đám, Tỉnh Phú Thọ",0.0,2.0,1,0,0.0,0.0,528.2,0.0,5.0,1,Stopped,0,0,0,0,0,VALID,VALID
21C-04064,2026-08-13 09:51:00,528.0,0.0,0.0,"Quốc Lộ 2, Xã Chí Đám, Tỉnh Phú Thọ",0.0,3.0,1,0,-0.20000000000004547,-0.06666666666668182,528.2,0.08944271979347053,5.0,1,Stopped,0,0,0,0,0,VALID,VALID
21C-04064,2026-08-13 09:53:00,528.0,0.0,0.0,"Quốc Lộ 2, Xã Chí Đám, Tỉnh Phú Thọ",0.0,2.0,1,0,0.0,0.0,528.2,0.10954451206719984,5.0,1,Stopped,0,0,0,0,0,VALID,VALID
21C-04064,2026-08-13 09:55:00,528.0,0.0,0.0,"Quốc Lộ 2, Xã Chí Đám, Tỉnh Phú Thọ",0.0,2.0,1,0,0.0,0.0,528.0,0.10954451206715314,5.0,1,Stopped,0,0,0,0,0,VALID,VALID
21C-04064,2026-08-13 09:57:00,528.0,0.0,0.0,"Quốc Lộ 2, Xã Chí Đám, Tỉnh Phú Thọ",0.0,2.0,1,0,0.0,0.0,528.0,0.08944271979329893,5.0,1,Stopped,0,0,0,0,0,VALID,VALID
21C-04064,2026-08-13 10:00:00,528.0,0.0,0.0,"Quốc Lộ 2, Xã Chí Đám, Tỉnh Phú Thọ",0.0,3.0,1,0,0.0,0.0,528.0,0.0,5.0,1,Stopped,0,0,0,0,0,VALID,VALID
21C-04064,2026-08-13 10:02:00,528.0,0.0,0.0,"Quốc Lộ 2, Xã Chí Đám, Tỉnh Phú Thọ",0.0,2.0,1,0,0.0,0.0,528.0,0.0,5.0,1,Stopped,0,0,0,0,0,VALID,VALID
21C-04064,2026-08-13 10:04:00,527.9,0.0,0.0,"Quốc Lộ 2, Xã Chí Đám, Tỉnh Phú Thọ",0.0,2.0,1,0,-0.10000000000002274,-0.05000000000001137,528.0,0.0447213609365609,5.0,1,Stopped,0,0,0,0,0,VALID,VALID
21C-04064,2026-08-13 10:06:00,527.9,0.0,0.0,"Quốc Lộ 2, Xã Chí Đám, Tỉnh Phú Thọ",0.0,2.0,1,0,0.0,0.0,528.0,0.05477225688266071,5.0,1,Stopped,0,0,0,0,0,VALID,VALID
21C-04064,2026-08-13 10:08:00,527.9,0.0,0.0,"Quốc Lộ 2, Xã Chí Đám, Tỉnh Phú Thọ",0.0,2.0,1,0,0.0,0.0,527.9,0.054772256882684056,5.0,1,Stopped,0,0,0,0,0,VALID,VALID
21C-04064,2026-08-13 10:10:00,527.9,0.0,0.0,"Quốc Lộ 2, Xã Chí Đám, Tỉnh Phú Thọ",0.0,2.0,1,0,0.0,0.0,527.9,0.0447213609366467,5.0,1,Stopped,0,0,0,0,0,VALID,VALID
21C-04064,2026-08-13 10:13:00,527.9,0.0,0.0,"Quốc Lộ 2, Xã Chí Đám, Tỉnh Phú Thọ",0.0,3.0,1,0,0.0,0.0,527.9,0.0,5.0,1,Stopped,0,0,0,0,0,VALID,VALID
21C-04064,2026-08-13 10:15:00,527.9,0.0,0.0,"Quốc Lộ 2, Xã Chí Đám, Tỉnh Phú Thọ",0.0,2.0,1,0,0.0,0.0,527.9,0.0,5.0,1,Stopped,0,0,0,0,0,VALID,VALID
21C-04064,2026-08-13 10:17:00,527.9,0.0,0.0,"Quốc Lộ 2, Xã Chí Đám, Tỉnh Phú Thọ",0.0,2.0,1,0,0.0,0.0,527.9,0.0,5.0,1,Stopped,0,0,0,0,0,VALID,VALID
21C-04064,2026-08-13 10:19:00,527.9,0.0,0.0,"Quốc Lộ 2, Xã Chí Đám, Tỉnh Phú Thọ",0.0,2.0,1,0,0.0,0.0,527.9,0.0,5.0,1,Stopped,0,0,0,0,0,VALID,VALID
21C-04064,2026-08-13 10:21:00,527.9,0.0,0.0,"Quốc Lộ 2, Xã Chí Đám, Tỉnh Phú Thọ",0.0,2.0,1,0,0.0,0.0,527.9,0.0,5.0,1,Stopped,0,0,0,0,0,VALID,VALID
21C-04064,2026-08-13 10:24:00,527.9,0.0,0.0,"Quốc Lộ 2, Xã Chí Đám, Tỉnh Phú Thọ",0.0,3.0,1,0,0.0,0.0,527.9,0.0,5.0,1,Stopped,0,0,0,0,0,VALID,VALID
21C-04064,2026-08-13 10:26:00,527.9,0.0,0.0,"Quốc Lộ 2, Xã Chí Đám, Tỉnh Phú Thọ",0.0,2.0,1,0,0.0,0.0,527.9,0.0,5.0,1,Stopped,0,0,0,0,0,VALID,VALID
21C-04064,2026-08-13 10:28:00,527.9,0.0,0.0,"Quốc Lộ 2, Xã Chí Đám, Tỉnh Phú Thọ",0.0,2.0,1,0,0.0,0.0,527.9,0.0,5.0,1,Stopped,0,0,0,0,0,VALID,VALID
21C-04064,2026-08-13 10:30:00,527.9,0.0,0.0,"Quốc Lộ 2, Xã Chí Đám, Tỉnh Phú Thọ",0.0,2.0,1,0,0.0,0.0,527.9,0.0,5.0,1,Stopped,0,0,0,0,0,VALID,VALID
21C-04064,2026-08-13 10:32:00,527.9,0.0,0.0,"Quốc Lộ 2, Xã Chí Đám, Tỉnh Phú Thọ",0.0,2.0,1,0,0.0,0.0,527.9,0.0,5.0,1,Stopped,0,0,0,0,0,VALID,VALID
21C-04064,2026-08-13 10:34:00,527.9,0.0,0.0,"Quốc Lộ 2, Xã Chí Đám, Tỉnh Phú Thọ",0.0,2.0,1,0,0.0,0.0,527.9,0.0,5.0,1,Stopped,0,0,0,0,0,VALID,VALID
21C-04064,2026-08-13 10:37:00,527.9,0.0,0.0,"Quốc Lộ 2, Xã Chí Đám, Tỉnh Phú Thọ",0.0,3.0,1,0,0.0,0.0,527.9,0.0,5.0,1,Stopped,0,0,0,0,0,VALID,VALID
21C-04064,2026-08-13 10:39:00,527.9,0.0,0.0,"Quốc Lộ 2, Xã Chí Đám, Tỉnh Phú Thọ",0.0,2.0,1,0,0.0,0.0,527.9,0.0,5.0,1,Stopped,0,0,0,0,0,VALID,VALID
21C-04064,2026-08-13 10:41:00,527.9,0.0,0.0,"Quốc Lộ 2, Xã Chí Đám, Tỉnh Phú Thọ",0.0,2.0,1,0,0.0,0.0,527.9,0.0,5.0,1,Stopped,0,0,0,0,0,VALID,VALID
21C-04064,2026-08-13 10:43:00,527.9,0.0,0.0,"Quốc Lộ 2, Xã Chí Đám, Tỉnh Phú Thọ",0.0,2.0,1,0,0.0,0.0,527.9,0.0,5.0,1,Stopped,0,0,0,0,0,VALID,VALID
21C-04064,2026-08-13 10:45:00,527.9,0.0,0.0,"Quốc Lộ 2, Xã Chí Đám, Tỉnh Phú Thọ",0.0,2.0,1,0,0.0,0.0,527.9,0.0,5.0,1,Stopped,0,0,0,0,0,VALID,VALID
21C-04064,2026-08-13 10:48:00,527.9,0.0,0.0,"Quốc Lộ 2, Xã Chí Đám, Tỉnh Phú Thọ",0.0,3.0,1,0,0.0,0.0,527.9,0.0,5.0,1,Stopped,0,0,0,0,0,VALID,VALID
21C-04064,2026-08-13 10:50:00,527.9,0.0,0.0,"Quốc Lộ 2, Xã Chí Đám, Tỉnh Phú Thọ",0.0,2.0,1,0,0.0,0.0,527.9,0.0,5.0,1,Stopped,0,0,0,0,0,VALID,VALID
21C-04064,2026-08-13 10:52:00,527.9,0.0,0.0,"Quốc Lộ 2, Xã Chí Đám, Tỉnh Phú Thọ",0.0,2.0,1,0,0.0,0.0,527.9,0.0,5.0,1,Stopped,0,0,0,0,0,VALID,VALID
21C-04064,2026-08-13 10:54:00,527.7,0.0,0.0,"Quốc Lộ 2, Xã Chí Đám, Tỉnh Phú Thọ",0.0,2.0,1,0,-0.1999999999999318,-0.0999999999999659,527.9,0.08944271979337043,5.0,1,Stopped,0,0,0,0,0,VALID,VALID
21C-04064,2026-08-13 10:56:00,527.7,0.0,0.0,"Quốc Lộ 2, Xã Chí Đám, Tỉnh Phú Thọ",0.0,2.0,1,0,0.0,0.0,527.9,0.1095445120672232,5.0,1,Stopped,0,0,0,0,0,VALID,VALID
21C-04064,2026-08-13 10:58:00,527.7,0.0,0.0,"Quốc Lộ 2, Xã Chí Đám, Tỉnh Phú Thọ",0.0,2.0,1,0,0.0,0.0,527.7,0.10954451206729325,5.0,1,Stopped,0,0,0,0,0,VALID,VALID
21C-04064,2026-08-13 11:01:00,527.7,0.0,0.0,"Quốc Lộ 2, Xã Chí Đám, Tỉnh Phú Thọ",0.0,3.0,1,0,0.0,0.0,527.7,0.08944271979362782,5.0,1,Stopped,0,0,0,0,0,VALID,VALID
21C-04064,2026-08-13 11:03:00,527.7,0.0,0.0,"Quốc Lộ 2, Xã Chí Đám, Tỉnh Phú Thọ",0.0,2.0,1,0,0.0,0.0,527.7,0.0,5.0,1,Stopped,0,0,0,0,0,VALID,VALID
21C-04064,2026-08-13 11:05:00,527.7,0.0,0.0,"Quốc Lộ 2, Xã Chí Đám, Tỉnh Phú Thọ",0.0,2.0,1,0,0.0,0.0,527.7,0.0,5.0,1,Stopped,0,0,0,0,0,VALID,VALID
21C-04064,2026-08-13 11:07:00,527.7,0.0,0.0,"Quốc Lộ 2, Xã Chí Đám, Tỉnh Phú Thọ",0.0,2.0,1,0,0.0,0.0,527.7,0.0,5.0,1,Stopped,0,0,0,0,0,VALID,VALID
21C-04064,2026-08-13 11:09:00,527.7,0.0,0.0,"Quốc Lộ 2, Xã Chí Đám, Tỉnh Phú Thọ",0.0,2.0,1,0,0.0,0.0,527.7,0.0,5.0,1,Stopped,0,0,0,0,0,VALID,VALID
21C-04064,2026-08-13 11:12:00,527.7,0.0,0.0,"Quốc Lộ 2, Xã Chí Đám, Tỉnh Phú Thọ",0.0,3.0,1,0,0.0,0.0,527.7,0.0,5.0,1,Stopped,0,0,0,0,0,VALID,VALID
21C-04064,2026-08-13 11:14:00,527.7,0.0,0.0,"Quốc Lộ 2, Xã Chí Đám, Tỉnh Phú Thọ",0.0,2.0,1,0,0.0,0.0,527.7,0.0,5.0,1,Stopped,0,0,0,0,0,VALID,VALID
21C-04064,2026-08-13 11:16:00,527.7,0.0,0.0,"Quốc Lộ 2, Xã Chí Đám, Tỉnh Phú Thọ",0.0,2.0,1,0,0.0,0.0,527.7,0.0,5.0,1,Stopped,0,0,0,0,0,VALID,VALID
21C-04064,2026-08-13 11:18:00,527.7,0.0,0.0,"Quốc Lộ 2, Xã Chí Đám, Tỉnh Phú Thọ",0.0,2.0,1,0,0.0,0.0,527.7,0.0,5.0,1,Stopped,0,0,0,0,0,VALID,VALID
21C-04064,2026-08-13 11:20:00,527.7,0.0,0.0,"Quốc Lộ 2, Xã Chí Đám, Tỉnh Phú Thọ",0.0,2.0,1,0,0.0,0.0,527.7,0.0,5.0,1,Stopped,0,0,0,0,0,VALID,VALID
21C-04064,2026-08-13 11:22:00,527.6,0.0,0.0,"Quốc Lộ 2, Xã Chí Đám, Tỉnh Phú Thọ",0.0,2.0,1,0,-0.10000000000002274,-0.05000000000001137,527.7,0.044721360937644485,5.0,1,Stopped,0,0,0,0,0,VALID,VALID
21C-04064,2026-08-13 11:24:00,527.6,0.0,0.0,"Quốc Lộ 2, Xã Chí Đám, Tỉnh Phú Thọ",0.0,2.0,1,0,0.0,0.0,527.7,0.05477225688359215,5.0,1,Stopped,0,0,0,0,0,VALID,VALID
21C-04064,2026-08-13 11:26:00,526.8,30.0,0.25,"Quốc Lộ 2, Xã Chí Đám, Tỉnh Phú Thọ",0.0,2.0,1,0,-0.8000000000000682,-0.4000000000000341,527.6,0.38340579041559336,5.0,1,Moving,0,0,0,0,0,VALID,VALID
21C-04064,2026-08-13 11:28:00,525.1,0.0,-0.25,"Quốc Lộ 2, Xã Chí Đám, Tỉnh Phú Thọ",0.0,2.0,1,0,-1.6999999999999318,-0.8499999999999659,527.6,1.1013627922371299,5.0,1,Stopped,0,0,0,0,0,VALID,VALID
21C-04064,2026-08-13 11:30:00,525.0,0.0,0.0,"Quốc Lộ 2, Xã Chí Đám, Tỉnh Phú Thọ",0.0,2.0,1,0,-0.10000000000002274,-0.05000000000001137,526.8,1.2930583900677401,5.0,1,Stopped,0,0,0,0,0,VALID,VALID
21C-04064,2026-08-13 11:32:00,524.8,40.0,0.3333333333333333,"Quốc Lộ 2, Xã Chí Đám, Tỉnh Phú Thọ",0.0,2.0,1,0,-0.20000000000004547,-0.10000000000002274,525.1,1.2601587202113973,5.0,1,Moving,0,0,0,0,0,VALID,VALID
21C-04064,2026-08-13 11:34:00,523.3,31.0,-0.075,"Quốc Lộ 2, Xã Đoan Hùng, Tỉnh Phú Thọ",0.0,2.0,1,0,-1.5,-0.75,525.0,1.2429802895159414,5.0,1,Moving,0,0,0,0,0,VALID,VALID
21C-04064,2026-08-13 11:36:00,523.2,32.0,0.008333333333333333,"Quốc Lộ 2, Xã Đoan Hùng, Tỉnh Phú Thọ",0.0,2.0,1,0,-0.09999999999990905,-0.049999999999954525,524.8,0.9471008394703357,5.0,1,Moving,0,0,0,0,0,VALID,VALID
21C-04064,2026-08-13 11:38:00,521.8,32.0,0.0,"Quốc Lộ 2, Xã Đoan Hùng, Tỉnh Phú Thọ",0.0,2.0,1,0,-1.400000000000091,-0.7000000000000455,523.3,1.3122499762338782,5.0,1,Moving,0,0,0,0,0,VALID,VALID
21C-04064,2026-08-13 11:40:00,523.8,38.0,0.05,"Quốc Lộ 70, Xã Đoan Hùng, Tỉnh Phú Thọ",0.0,2.0,1,0,2.0,1.0,523.3,1.087198234052075,5.0,1,Moving,0,0,0,0,0,VALID,VALID
21C-04064,2026-08-13 11:42:00,521.5,0.0,-0.31666666666666665,"Quốc Lộ 70, Xã Đoan Hùng, Tỉnh Phú Thọ",0.0,2.0,1,0,-2.2999999999999545,-1.1499999999999773,523.2,1.0084641789009625,5.0,1,Stopped,0,0,0,0,0,VALID,VALID
21C-04064,2026-08-13 11:44:00,521.5,46.0,0.38333333333333336,"Quốc Lộ 70, Xã Đoan Hùng, Tỉnh Phú Thọ",0.0,2.0,1,0,0.0,0.0,521.8,1.0691117809315434,5.0,1,Moving,0,0,0,0,0,VALID,VALID
21C-04064,2026-08-13 11:46:00,520.3,42.0,-0.03333333333333333,"Quốc Lộ 70, Xã Tây Cốc, Tỉnh Phú Thọ",0.0,2.0,1,0,-1.2000000000000455,-0.6000000000000227,521.5,1.2676750372737382,5.0,1,Moving,0,0,0,0,0,VALID,VALID
21C-04064,2026-08-13 11:48:00,520.1,45.0,0.025,"Quốc Lộ 70, Xã Tây Cốc, Tỉnh Phú Thọ",0.0,2.0,1,0,-0.1999999999999318,-0.0999999999999659,521.5,1.472412985587666,5.0,1,Moving,0,0,0,0,0,VALID,VALID
21C-04064,2026-08-13 11:50:00,520.0,49.0,0.03333333333333333,"Quốc Lộ 70, Xã Tây Cốc, Tỉnh Phú Thọ",0.0,2.0,1,0,-0.10000000000002274,-0.05000000000001137,520.3,0.756306816132045,5.0,1,Moving,0,0,0,0,0,VALID,VALID
21C-04064,2026-08-13 11:52:00,519.8,47.0,-0.016666666666666666,"Quốc Lộ 70, Xã Tây Cốc, Tỉnh Phú Thọ",0.0,2.0,1,0,-0.20000000000004547,-0.10000000000002274,520.1,0.6730527469136774,5.0,1,Moving,0,0,0,0,0,VALID,VALID
21C-04064,2026-08-13 11:54:00,518.6,45.0,-0.016666666666666666,"Quốc Lộ 70, Xã Tây Cốc, Tỉnh Phú Thọ",0.0,2.0,1,0,-1.1999999999999318,-0.5999999999999659,520.0,0.6730527469139224,5.0,1,Moving,0,0,0,0,0,VALID,VALID
21C-04064,2026-08-13 11:56:00,518.5,49.0,0.03333333333333333,"Quốc Lộ 70, Xã Tây Cốc, Tỉnh Phú Thọ",0.0,2.0,1,0,-0.10000000000002274,-0.05000000000001137,519.8,0.7842193571498771,5.0,1,Moving,0,0,0,0,0,VALID,VALID
21C-04064,2026-08-13 11:58:00,517.6,40.0,-0.075,"Quốc Lộ 70, Xã Tây Cốc, Tỉnh Phú Thọ",0.0,2.0,1,0,-0.8999999999999773,-0.44999999999998863,518.6,0.9949874371713414,5.0,1,Moving,0,0,0,0,0,VALID,VALID
21C-04064,2026-08-13 12:00:00,517.3,30.0,-0.08333333333333333,"Quốc Lộ 70, Xã Bằng Luân, Tỉnh Phú Thọ",0.0,2.0,1,0,-0.3000000000000682,-0.1500000000000341,518.5,0.9813256340935237,5.0,1,Moving,0,0,0,0,0,VALID,VALID
21C-04064,2026-08-13 12:02:00,516.8,39.0,0.075,"Quốc Lộ 70, Xã Bằng Luân, Tỉnh Phú Thọ",0.0,2.0,1,0,-0.5,-0.25,517.6,0.7765307464159915,5.0,1,Moving,0,0,0,0,0,VALID,VALID
21C-04064,2026-08-13 12:04:00,515.9,39.0,0.0,"Quốc Lộ 70, Xã Bằng Luân, Tỉnh Phú Thọ",0.0,2.0,1,0,-0.8999999999999773,-0.44999999999998863,517.3,0.9628083922202304,5.0,1,Moving,0,0,0,0,0,VALID,VALID
21C-04064,2026-08-13 12:06:00,516.0,36.0,-0.025,"Quốc Lộ 70, Xã Bằng Luân, Tỉnh Phú Thọ",0.0,2.0,1,0,0.10000000000002274,0.05000000000001137,516.8,0.7596051606789039,5.0,1,Moving,0,0,0,0,0,VALID,VALID
21C-04064,2026-08-13 12:08:00,516.4,0.0,-0.3,"Quốc Lộ 70, Xã Bằng Luân, Tỉnh Phú Thọ",0.0,2.0,1,0,0.39999999999997726,0.19999999999998863,516.4,0.5805170110601163,5.0,1,Stopped,0,0,0,0,0,VALID,VALID
21C-04064,2026-08-13 12:10:00,516.7,0.0,0.0,"Quốc Lộ 70, Xã Bằng Luân, Tỉnh Phú Thọ",0.0,2.0,1,0,0.3000000000000682,0.1500000000000341,516.4,0.4037325849250669,5.0,1,Stopped,0,0,0,0,0,VALID,VALID
21C-04064,2026-08-13 12:12:00,517.0,0.0,0.0,"Quốc Lộ 70, Xã Bằng Luân, Tỉnh Phú Thọ",0.0,2.0,1,0,0.2999999999999545,0.14999999999997726,516.4,0.4636809249152346,5.0,1,Stopped,0,0,0,0,0,VALID,VALID
21C-04064,2026-08-13 12:14:00,517.3,0.0,0.0,"Quốc Lộ 70, Xã Bằng Luân, Tỉnh Phú Thọ",0.0,2.0,1,0,0.2999999999999545,0.14999999999997726,516.7,0.5069516743536785,5.0,1,Stopped,0,0,0,0,0,VALID,VALID
21C-04064,2026-08-13 12:16:00,517.4,0.0,0.0,"Quốc Lộ 70, Xã Bằng Luân, Tỉnh Phú Thọ",0.0,2.0,1,0,0.10000000000002274,0.05000000000001137,517.0,0.4159326870177342,5.0,1,Stopped,0,0,0,0,0,VALID,VALID
21C-04064,2026-08-13 12:18:00,517.6,0.0,0.0,"Quốc Lộ 70, Xã Bằng Luân, Tỉnh Phú Thọ",0.0,2.0,1,0,0.20000000000004547,0.10000000000002274,517.3,0.35355339077658815,5.0,1,Stopped,0,0,0,0,0,VALID,VALID
21C-04064,2026-08-13 12:20:00,517.6,0.0,0.0,"Quốc Lộ 70, Xã Bằng Luân, Tỉnh Phú Thọ",0.0,2.0,1,0,0.0,0.0,517.4,0.24899799221987992,5.0,1,Stopped,0,0,0,0,0,VALID,VALID
21C-04064,2026-08-13 12:23:00,517.7,0.0,0.0,"Quốc Lộ 70, Xã Bằng Luân, Tỉnh Phú Thọ",0.0,3.0,1,0,0.10000000000002274,0.03333333333334091,517.6,0.1643167676454924,5.0,1,Stopped,0,0,0,0,0,VALID,VALID
21C-04064,2026-08-13 12:25:00,517.7,0.0,0.0,"Quốc Lộ 70, Xã Bằng Luân, Tỉnh Phú Thọ",0.0,2.0,1,0,0.0,0.0,517.6,0.12247448766749607,5.0,1,Stopped,0,0,0,0,0,VALID,VALID
21C-04064,2026-08-13 12:27:00,517.7,0.0,0.0,"Quốc Lộ 70, Xã Bằng Luân, Tỉnh Phú Thọ",0.0,2.0,1,0,0.0,0.0,517.7,0.05477225693154805,5.0,1,Stopped,0,0,0,0,0,VALID,VALID
21C-04064,2026-08-13 12:29:00,517.7,0.0,0.0,"Quốc Lộ 70, Xã Bằng Luân, Tỉnh Phú Thọ",0.0,2.0,1,0,0.0,0.0,517.7,0.0447213609962956,5.0,1,Stopped,0,0,0,0,0,VALID,VALID
21C-04064,2026-08-13 12:31:00,517.7,0.0,0.0,"Quốc Lộ 70, Xã Bằng Luân, Tỉnh Phú Thọ",0.0,2.0,1,0,0.0,0.0,517.7,0.0,5.0,1,Stopped,0,0,0,0,0,VALID,VALID
21C-04064,2026-08-13 12:34:00,517.7,0.0,0.0,"Quốc Lộ 70, Xã Bằng Luân, Tỉnh Phú Thọ",0.0,3.0,1,0,0.0,0.0,517.7,0.0,5.0,1,Stopped,0,0,0,0,0,VALID,VALID
21C-04064,2026-08-13 12:36:00,517.7,0.0,0.0,"Quốc Lộ 70, Xã Bằng Luân, Tỉnh Phú Thọ",0.0,2.0,1,0,0.0,0.0,517.7,0.0,5.0,1,Stopped,0,0,0,0,0,VALID,VALID
21C-04064,2026-08-13 12:38:00,517.7,0.0,0.0,"Quốc Lộ 70, Xã Bằng Luân, Tỉnh Phú Thọ",0.0,2.0,1,0,0.0,0.0,517.7,0.0,5.0,1,Stopped,0,0,0,0,0,VALID,VALID
21C-04064,2026-08-13 12:40:00,517.7,0.0,0.0,"Quốc Lộ 70, Xã Bằng Luân, Tỉnh Phú Thọ",0.0,2.0,1,0,0.0,0.0,517.7,0.0,5.0,1,Stopped,0,0,0,0,0,VALID,VALID
21C-04064,2026-08-13 12:42:00,517.7,0.0,0.0,"Quốc Lộ 70, Xã Bằng Luân, Tỉnh Phú Thọ",0.0,2.0,1,0,0.0,0.0,517.7,0.0,5.0,1,Stopped,0,0,0,0,0,VALID,VALID
21C-04064,2026-08-13 12:44:00,517.7,0.0,0.0,"Quốc Lộ 70, Xã Bằng Luân, Tỉnh Phú Thọ",0.0,2.0,1,0,0.0,0.0,517.7,0.0,5.0,1,Stopped,0,0,0,0,0,VALID,VALID
21C-04064,2026-08-13 12:47:00,517.7,0.0,0.0,"Quốc Lộ 70, Xã Bằng Luân, Tỉnh Phú Thọ",0.0,3.0,1,0,0.0,0.0,517.7,0.0,5.0,1,Stopped,0,0,0,0,0,VALID,VALID
21C-04064,2026-08-13 12:49:00,517.7,0.0,0.0,"Quốc Lộ 70, Xã Bằng Luân, Tỉnh Phú Thọ",0.0,2.0,1,0,0.0,0.0,517.7,0.0,5.0,1,Stopped,0,0,0,0,0,VALID,VALID
21C-04064,2026-08-13 12:51:00,517.7,0.0,0.0,"Quốc Lộ 70, Xã Bằng Luân, Tỉnh Phú Thọ",0.0,2.0,1,0,0.0,0.0,517.7,0.0,5.0,1,Stopped,0,0,0,0,0,VALID,VALID
21C-04064,2026-08-13 12:53:00,517.7,0.0,0.0,"Quốc Lộ 70, Xã Bằng Luân, Tỉnh Phú Thọ",0.0,2.0,1,0,0.0,0.0,517.7,0.0,5.0,1,Stopped,0,0,0,0,0,VALID,VALID
21C-04064,2026-08-13 12:56:00,517.7,0.0,0.0,"Quốc Lộ 70, Xã Bằng Luân, Tỉnh Phú Thọ",0.0,3.0,1,0,0.0,0.0,517.7,0.0,5.0,1,Stopped,0,0,0,0,0,VALID,VALID
21C-04064,2026-08-13 12:58:00,517.7,0.0,0.0,"Quốc Lộ 70, Xã Bằng Luân, Tỉnh Phú Thọ",0.0,2.0,1,0,0.0,0.0,517.7,0.0,5.0,1,Stopped,0,0,0,0,0,VALID,VALID
21C-04064,2026-08-13 13:00:00,517.7,0.0,0.0,"Quốc Lộ 70, Xã Bằng Luân, Tỉnh Phú Thọ",0.0,2.0,1,0,0.0,0.0,517.7,0.0,5.0,1,Stopped,0,0,0,0,0,VALID,VALID
21C-04064,2026-08-13 13:02:00,517.7,0.0,0.0,"Quốc Lộ 70, Xã Bằng Luân, Tỉnh Phú Thọ",0.0,2.0,1,0,0.0,0.0,517.7,0.0,5.0,1,Stopped,0,0,0,0,0,VALID,VALID
21C-04064,2026-08-13 13:04:00,517.7,0.0,0.0,"Quốc Lộ 70, Xã Bằng Luân, Tỉnh Phú Thọ",0.0,2.0,1,0,0.0,0.0,517.7,0.0,5.0,1,Stopped,0,0,0,0,0,VALID,VALID
21C-04064,2026-08-13 13:06:00,517.7,0.0,0.0,"Quốc Lộ 70, Xã Bằng Luân, Tỉnh Phú Thọ",0.0,2.0,1,0,0.0,0.0,517.7,0.0,5.0,1,Stopped,0,0,0,0,0,VALID,VALID
21C-04064,2026-08-13 13:09:00,517.6,0.0,0.0,"Quốc Lộ 70, Xã Bằng Luân, Tỉnh Phú Thọ",0.0,3.0,1,0,-0.10000000000002274,-0.03333333333334091,517.7,0.044721360996238406,5.0,1,Stopped,0,0,0,0,0,VALID,VALID
21C-04064,2026-08-13 13:10:00,517.6,0.0,0.0,"Quốc Lộ 70, Xã Bằng Luân, Tỉnh Phú Thọ",0.0,1.0,1,0,0.0,0.0,517.7,0.05477225693143389,5.0,1,Stopped,0,0,0,0,0,VALID,VALID
21C-04064,2026-08-13 13:12:00,517.6,0.0,0.0,"Quốc Lộ 70, Xã Bằng Luân, Tỉnh Phú Thọ",0.0,2.0,1,0,0.0,0.0,517.6,0.054772256931503935,5.0,1,Stopped,0,0,0,0,0,VALID,VALID
21C-04064,2026-08-13 13:14:00,517.6,25.0,0.20833333333333334,"Quốc Lộ 70, Xã Bằng Luân, Tỉnh Phú Thọ",0.0,2.0,1,0,0.0,0.0,517.6,0.04472136099649579,5.0,1,Moving,0,0,0,0,0,VALID,VALID
21C-04064,2026-08-13 13:16:00,515.0,32.0,0.058333333333333334,"Quốc Lộ 70, Xã Bằng Luân, Tỉnh Phú Thọ",0.0,2.0,1,0,-2.6000000000000227,-1.3000000000000114,517.6,1.162755348355628,5.0,1,Moving,0,0,0,0,0,VALID,VALID
21C-04064,2026-08-13 13:18:00,513.5,49.0,0.14166666666666666,"Quốc Lộ 70, Xã Đan Thượng, Tỉnh Phú Thọ",0.0,2.0,1,0,-1.5,-0.75,517.6,1.909973821844126,5.0,1,Moving,0,0,0,0,0,VALID,VALID
21C-04064,2026-08-13 13:20:00,511.8,35.0,-0.11666666666666667,"Quốc Lộ 70, Xã Đan Thượng, Tỉnh Phú Thọ",0.0,2.0,1,0,-1.6999999999999886,-0.8499999999999943,515.0,2.5475478405969563,5.0,1,Moving,0,0,0,0,0,VALID,VALID
21C-04064,2026-08-13 13:22:00,512.0,37.0,0.016666666666666666,"Quốc Lộ 70, Xã Yên Bình, Tỉnh Lào Cai",0.0,2.0,1,0,0.19999999999998863,0.09999999999999432,513.5,2.4004166305311507,5.0,1,Moving,0,0,0,0,0,VALID,VALID
21C-04064,2026-08-13 13:24:00,509.1,46.0,0.075,"Quốc Lộ 70, Xã Yên Bình, Tỉnh Lào Cai",0.0,2.0,1,0,-2.8999999999999773,-1.4499999999999886,512.0,2.197043467965744,5.0,1,Moving,0,0,0,0,0,VALID,VALID
21C-04064,2026-08-13 13:26:00,509.2,7.0,-0.325,"Xã Yên Bình, Tỉnh Lào Cai",0.0,2.0,1,0,0.0999999999999659,0.04999999999998295,511.8,1.9149412523968607,5.0,1,Moving,0,0,0,0,0,VALID,VALID
21C-04064,2026-08-13 13:28:00,508.0,0.0,-0.058333333333333334,"Xã Yên Bình, Tỉnh Lào Cai",0.0,2.0,1,0,-1.1999999999999886,-0.5999999999999943,509.2,1.7810109489083912,5.0,1,Stopped,0,0,0,0,0,VALID,VALID
21C-04064,2026-08-13 13:30:00,508.2,0.0,0.0,"Xã Yên Bình, Tỉnh Lào Cai",0.0,2.0,1,0,0.19999999999998863,0.09999999999999432,509.1,1.6000000000411605,5.0,1,Stopped,0,0,0,0,0,VALID,VALID
21C-04064,2026-08-13 13:33:00,507.1,0.0,0.0,"Xã Yên Bình, Tỉnh Lào Cai",0.0,3.0,1,0,-1.099999999999966,-0.3666666666666553,508.2,0.8642916175295858,5.0,1,Stopped,0,0,0,0,0,VALID,VALID
21C-04064,2026-08-13 13:35:00,506.0,0.0,0.0,"Xã Yên Bình, Tỉnh Lào Cai",0.0,2.0,1,0,-1.1000000000000227,-0.5500000000000114,508.0,1.2083045974140993,5.0,1,Stopped,0,0,0,0,0,VALID,VALID
21C-04064,2026-08-13 13:37:00,505.9,0.0,0.0,"Xã Yên Bình, Tỉnh Lào Cai",0.0,2.0,1,0,-0.10000000000002274,-0.05000000000001137,507.1,1.0784247772247602,5.0,1,Stopped,0,0,0,0,0,VALID,VALID
21C-04064,2026-08-13 13:40:00,505.7,0.0,0.0,"Xã Yên Bình, Tỉnh Lào Cai",0.0,3.0,1,0,-0.19999999999998863,-0.06666666666666288,506.0,1.0568822073118866,5.0,1,Stopped,0,0,0,0,0,VALID,VALID
21C-04064,2026-08-13 13:42:00,505.7,0.0,0.0,"Xã Yên Bình, Tỉnh Lào Cai",0.0,2.0,1,0,0.0,0.0,505.9,0.5848076608019479,5.0,1,Stopped,0,0,0,0,0,VALID,VALID
21C-04064,2026-08-13 13:44:00,505.6,0.0,0.0,"Xã Yên Bình, Tỉnh Lào Cai",0.0,2.0,1,0,-0.0999999999999659,-0.04999999999998295,505.7,0.16431676765545244,5.0,1,Stopped,0,0,0,0,0,VALID,VALID
21C-04064,2026-08-13 13:46:00,505.6,0.0,0.0,"Xã Yên Bình, Tỉnh Lào Cai",0.0,2.0,1,0,0.0,0.0,505.7,0.12247448768116953,5.0,1,Stopped,0,0,0,0,0,VALID,VALID
21C-04064,2026-08-13 13:48:00,505.4,0.0,0.0,"Xã Yên Bình, Tỉnh Lào Cai",0.0,2.0,1,0,-0.20000000000004547,-0.10000000000002274,505.6,0.12247448768134939,5.0,1,Stopped,0,0,0,0,0,VALID,VALID
21C-04064,2026-08-13 13:50:00,505.4,0.0,0.0,"Xã Yên Bình, Tỉnh Lào Cai",0.0,2.0,1,0,0.0,0.0,505.6,0.1341640791450197,5.0,1,Stopped,0,0,0,0,0,VALID,VALID
21C-04064,2026-08-13 13:53:00,505.4,0.0,0.0,"Xã Yên Bình, Tỉnh Lào Cai",0.0,3.0,1,0,0.0,0.0,505.4,0.10954451210742325,5.0,1,Stopped,0,0,0,0,0,VALID,VALID
21C-04064,2026-08-13 13:55:00,505.4,0.0,0.0,"Xã Yên Bình, Tỉnh Lào Cai",0.0,2.0,1,0,0.0,0.0,505.4,0.08944271984272996,5.0,1,Stopped,0,0,0,0,0,VALID,VALID
21C-04064,2026-08-13 13:57:00,505.4,0.0,0.0,"Xã Yên Bình, Tỉnh Lào Cai",0.0,2.0,1,0,0.0,0.0,505.4,0.0,5.0,1,Stopped,0,0,0,0,0,VALID,VALID
21C-04064,2026-08-13 13:59:00,505.4,0.0,0.0,"Xã Yên Bình, Tỉnh Lào Cai",0.0,2.0,1,0,0.0,0.0,505.4,0.0,5.0,1,Stopped,0,0,0,0,0,VALID,VALID
21C-04064,2026-08-13 14:01:00,505.4,0.0,0.0,"Xã Yên Bình, Tỉnh Lào Cai",0.0,2.0,1,0,0.0,0.0,505.4,0.0,5.0,1,Stopped,0,0,0,0,0,VALID,VALID
21C-04064,2026-08-13 14:04:00,505.4,0.0,0.0,"Xã Yên Bình, Tỉnh Lào Cai",0.0,3.0,1,0,0.0,0.0,505.4,0.0,5.0,1,Stopped,0,0,0,0,0,VALID,VALID
21C-04064,2026-08-13 14:06:00,505.4,0.0,0.0,"Xã Yên Bình, Tỉnh Lào Cai",0.0,2.0,1,0,0.0,0.0,505.4,0.0,5.0,1,Stopped,0,0,0,0,0,VALID,VALID
21C-04064,2026-08-13 14:08:00,505.4,0.0,0.0,"Xã Yên Bình, Tỉnh Lào Cai",0.0,2.0,1,0,0.0,0.0,505.4,0.0,5.0,1,Stopped,0,0,0,0,0,VALID,VALID
21C-04064,2026-08-13 14:10:00,505.4,0.0,0.0,"Xã Yên Bình, Tỉnh Lào Cai",0.0,2.0,1,0,0.0,0.0,505.4,0.0,5.0,1,Stopped,0,0,0,0,0,VALID,VALID
21C-04064,2026-08-13 14:12:00,505.4,0.0,0.0,"Xã Yên Bình, Tỉnh Lào Cai",0.0,2.0,1,0,0.0,0.0,505.4,0.0,5.0,1,Stopped,0,0,0,0,0,VALID,VALID
21C-04064,2026-08-13 14:14:00,505.4,0.0,0.0,"Xã Yên Bình, Tỉnh Lào Cai",0.0,2.0,1,0,0.0,0.0,505.4,0.0,5.0,1,Stopped,0,0,0,0,0,VALID,VALID
21C-04064,2026-08-13 14:16:00,505.4,0.0,0.0,"Xã Yên Bình, Tỉnh Lào Cai",0.0,2.0,1,0,0.0,0.0,505.4,0.0,5.0,1,Stopped,0,0,0,0,0,VALID,VALID
21C-04064,2026-08-13 14:18:00,505.3,0.0,0.0,"Xã Yên Bình, Tỉnh Lào Cai",0.0,2.0,1,0,-0.0999999999999659,-0.04999999999998295,505.4,0.04472136103560726,5.0,1,Stopped,0,0,0,0,0,VALID,VALID
21C-04064,2026-08-13 14:21:00,506.8,0.0,0.0,"Xã Yên Bình, Tỉnh Lào Cai",0.0,3.0,1,0,1.5,0.5,505.4,0.6387487770108529,5.0,1,Stopped,0,0,0,0,0,VALID,VALID
21C-04064,2026-08-13 14:23:00,506.8,0.0,0.0,"Xã Yên Bình, Tỉnh Lào Cai",0.0,2.0,1,0,0.0,0.0,505.4,0.786129760365841,5.0,1,Stopped,0,0,0,0,0,VALID,VALID
21C-04064,2026-08-13 14:26:00,506.8,0.0,0.0,"Xã Yên Bình, Tỉnh Lào Cai",0.0,3.0,1,0,0.0,0.0,506.8,0.7949842766576332,5.0,1,Stopped,0,0,0,0,0,VALID,VALID
21C-04064,2026-08-13 14:28:00,506.6,0.0,0.0,"Xã Yên Bình, Tỉnh Lào Cai",0.0,2.0,1,0,-0.19999999999998863,-0.09999999999999432,506.8,0.6542170894533946,5.0,1,Stopped,0,0,0,0,0,VALID,VALID
21C-04064,2026-08-13 14:30:00,506.6,0.0,0.0,"Xã Yên Bình, Tỉnh Lào Cai",0.0,2.0,1,0,0.0,0.0,506.8,0.1095445121075689,5.0,1,Stopped,0,0,0,0,0,VALID,VALID
21C-04064,2026-08-13 14:32:00,506.6,0.0,0.0,"Xã Yên Bình, Tỉnh Lào Cai",0.0,2.0,1,0,0.0,0.0,506.6,0.10954451210758057,5.0,1,Stopped,0,0,0,0,0,VALID,VALID
21C-04064,2026-08-13 14:34:00,506.6,0.0,0.0,"Xã Yên Bình, Tỉnh Lào Cai",0.0,2.0,1,0,0.0,0.0,506.6,0.08944271984289086,5.0,1,Stopped,0,0,0,0,0,VALID,VALID
21C-04064,2026-08-13 14:36:00,506.6,0.0,0.0,"Xã Yên Bình, Tỉnh Lào Cai",0.0,2.0,1,0,0.0,0.0,506.6,0.0,5.0,1,Stopped,0,0,0,0,0,VALID,VALID
21C-04064,2026-08-13 14:39:00,506.6,0.0,0.0,"Xã Yên Bình, Tỉnh Lào Cai",0.0,3.0,1,0,0.0,0.0,506.6,0.0,5.0,1,Stopped,0,0,0,0,0,VALID,VALID
21C-04064,2026-08-13 14:41:00,506.6,0.0,0.0,"Xã Yên Bình, Tỉnh Lào Cai",0.0,2.0,1,0,0.0,0.0,506.6,0.0,5.0,1,Stopped,0,0,0,0,0,VALID,VALID
21C-04064,2026-08-13 14:43:00,506.6,0.0,0.0,"Xã Yên Bình, Tỉnh Lào Cai",0.0,2.0,1,0,0.0,0.0,506.6,0.0,5.0,1,Stopped,0,0,0,0,0,VALID,VALID
21C-04064,2026-08-13 14:45:00,506.5,0.0,0.0,"Xã Yên Bình, Tỉnh Lào Cai",0.0,2.0,1,0,-0.10000000000002274,-0.05000000000001137,506.6,0.04472136103595766,5.0,1,Stopped,0,0,0,0,0,VALID,VALID
21C-04064,2026-08-13 14:48:00,506.5,0.0,0.0,"Xã Yên Bình, Tỉnh Lào Cai",0.0,3.0,1,0,0.0,0.0,506.6,0.054772256963831444,5.0,1,Stopped,0,0,0,0,0,VALID,VALID
21C-04064,2026-08-13 14:50:00,506.5,0.0,0.0,"Xã Yên Bình, Tỉnh Lào Cai",0.0,2.0,1,0,0.0,0.0,506.5,0.05477225696385479,5.0,1,Stopped,0,0,0,0,0,VALID,VALID
21C-04064,2026-08-13 14:52:00,506.5,0.0,0.0,"Xã Yên Bình, Tỉnh Lào Cai",0.0,2.0,1,0,0.0,0.0,506.5,0.044721361036060135,5.0,1,Stopped,0,0,0,0,0,VALID,VALID
21C-04064,2026-08-13 14:54:00,506.5,0.0,0.0,"Xã Yên Bình, Tỉnh Lào Cai",0.0,2.0,1,0,0.0,0.0,506.5,0.0,5.0,1,Stopped,0,0,0,0,0,VALID,VALID
21C-04064,2026-08-13 14:56:00,506.5,0.0,0.0,"Xã Yên Bình, Tỉnh Lào Cai",0.0,2.0,1,0,0.0,0.0,506.5,0.0,5.0,1,Stopped,0,0,0,0,0,VALID,VALID
21C-04064,2026-08-13 14:58:00,506.5,0.0,0.0,"Xã Yên Bình, Tỉnh Lào Cai",0.0,2.0,1,0,0.0,0.0,506.5,0.0,5.0,1,Stopped,0,0,0,0,0,VALID,VALID
21C-04064,2026-08-13 15:00:00,507.6,0.0,0.0,"Xã Yên Bình, Tỉnh Lào Cai",0.0,2.0,1,0,1.1000000000000227,0.5500000000000114,506.5,0.4919349551850167,5.0,1,Stopped,0,0,0,0,0,VALID,VALID
21C-04064,2026-08-13 15:02:00,507.4,0.0,0.0,"Xã Yên Bình, Tỉnh Lào Cai",0.0,2.0,1,0,-0.20000000000004547,-0.10000000000002274,506.5,0.5522680509796322,5.0,1,Stopped,0,0,0,0,0,VALID,VALID
21C-04064,2026-08-13 15:04:00,507.3,0.0,0.0,"Xã Yên Bình, Tỉnh Lào Cai",0.0,2.0,1,0,-0.0999999999999659,-0.04999999999998295,507.3,0.5224940192316128,5.0,1,Stopped,0,0,0,0,0,VALID,VALID
21C-04064,2026-08-13 15:06:00,507.3,0.0,0.0,"Xã Yên Bình, Tỉnh Lào Cai",0.0,2.0,1,0,0.0,0.0,507.3,0.4207136795170275,5.0,1,Stopped,0,0,0,0,0,VALID,VALID
21C-04064,2026-08-13 15:09:00,507.1,0.0,0.0,"Xã Yên Bình, Tỉnh Lào Cai",0.0,3.0,1,0,-0.19999999999998863,-0.06666666666666288,507.3,0.1816590216111154,5.0,1,Stopped,0,0,0,0,0,VALID,VALID
21C-04064,2026-08-13 15:11:00,507.1,0.0,0.0,"Xã Yên Bình, Tỉnh Lào Cai",0.0,2.0,1,0,0.0,0.0,507.3,0.1341640791446903,5.0,1,Stopped,0,0,0,0,0,VALID,VALID
21C-04064,2026-08-13 15:13:00,507.1,0.0,0.0,"Xã Yên Bình, Tỉnh Lào Cai",0.0,2.0,1,0,0.0,0.0,507.1,0.10954451210704316,5.0,1,Stopped,0,0,0,0,0,VALID,VALID
21C-04064,2026-08-13 15:14:00,392.7,0.0,0.0,"Xã Yên Bình, Tỉnh Lào Cai",0.0,1.0,1,0,-114.40000000000003,-114.40000000000003,507.1,51.18366927058027,5.0,1,Stopped,0,0,1,0,1,LARGE_DELTA,VALID
21C-04064,2026-08-13 15:17:00,503.2,0.0,0.0,"Xã Yên Bình, Tỉnh Lào Cai",0.0,3.0,1,0,110.5,36.833333333333336,507.1,50.75330531108435,5.0,1,Stopped,0,0,1,0,1,LARGE_DELTA,VALID
21C-04064,2026-08-13 15:19:00,503.2,0.0,0.0,"Xã Yên Bình, Tỉnh Lào Cai",0.0,2.0,1,0,0.0,0.0,503.2,50.32696096527331,5.0,1,Stopped,0,0,0,0,0,VALID,VALID
21C-04064,2026-08-13 15:21:00,503.2,0.0,0.0,"Xã Yên Bình, Tỉnh Lào Cai",0.0,2.0,1,0,0.0,0.0,503.2,49.88173012236186,5.0,1,Stopped,0,0,0,0,0,VALID,VALID
21C-04064,2026-08-13 15:23:00,503.2,0.0,0.0,"Xã Yên Bình, Tỉnh Lào Cai",0.0,2.0,1,0,0.0,0.0,503.2,49.41710230274679,5.0,1,Stopped,0,0,0,0,0,VALID,VALID
21C-04064,2026-08-13 15:25:00,503.2,0.0,0.0,"Xã Yên Bình, Tỉnh Lào Cai",0.0,2.0,1,0,0.0,0.0,503.2,0.0,5.0,1,Stopped,0,0,0,0,0,VALID,VALID
21C-04064,2026-08-13 15:28:00,503.2,0.0,0.0,"Xã Yên Bình, Tỉnh Lào Cai",0.0,3.0,1,0,0.0,0.0,503.2,0.0,5.0,1,Stopped,0,0,0,0,0,VALID,VALID
21C-04064,2026-08-13 15:30:00,503.2,0.0,0.0,"Xã Yên Bình, Tỉnh Lào Cai",0.0,2.0,1,0,0.0,0.0,503.2,0.0,5.0,1,Stopped,0,0,0,0,0,VALID,VALID
21C-04064,2026-08-13 15:32:00,503.0,0.0,0.0,"Xã Yên Bình, Tỉnh Lào Cai",0.0,2.0,1,0,-0.19999999999998863,-0.09999999999999432,503.2,0.08944271982969425,5.0,1,Stopped,0,0,0,0,0,VALID,VALID
21C-04064,2026-08-13 15:34:00,503.3,0.0,0.0,"Xã Yên Bình, Tỉnh Lào Cai",0.0,2.0,1,0,0.30000000000001137,0.15000000000000568,503.2,0.10954451209678481,5.0,1,Stopped,0,0,0,0,0,VALID,VALID
21C-04064,2026-08-13 15:36:00,503.6,0.0,0.0,"Xã Yên Bình, Tỉnh Lào Cai",0.0,2.0,1,0,0.30000000000001137,0.15000000000000568,503.2,0.21908902329984892,5.0,1,Stopped,0,0,0,0,0,VALID,VALID
21C-04064,2026-08-13 15:38:00,503.8,0.0,0.0,"Xã Yên Bình, Tỉnh Lào Cai",0.0,2.0,1,0,0.19999999999998863,0.09999999999999432,503.3,0.3193743886576056,5.0,1,Stopped,0,0,0,0,0,VALID,VALID
21C-04064,2026-08-13 15:40:00,503.8,0.0,0.0,"Xã Yên Bình, Tỉnh Lào Cai",0.0,2.0,1,0,0.0,0.0,503.6,0.34641016170192057,5.0,1,Stopped,0,0,0,0,0,VALID,VALID
21C-04064,2026-08-13 15:42:00,503.9,0.0,0.0,"Xã Yên Bình, Tỉnh Lào Cai",0.0,2.0,1,0,0.0999999999999659,0.04999999999998295,503.8,0.23874672799903493,5.0,1,Stopped,0,0,0,0,0,VALID,VALID
21C-04064,2026-08-13 15:44:00,503.9,0.0,0.0,"Xã Yên Bình, Tỉnh Lào Cai",0.0,2.0,1,0,0.0,0.0,503.8,0.12247448767058736,5.0,1,Stopped,0,0,0,0,0,VALID,VALID
21C-04064,2026-08-13 15:46:00,503.9,0.0,0.0,"Xã Yên Bình, Tỉnh Lào Cai",0.0,2.0,1,0,0.0,0.0,503.9,0.054772256938513564,5.0,1,Stopped,0,0,0,0,0,VALID,VALID
21C-04064,2026-08-13 15:49:00,505.1,0.0,0.0,"Xã Yên Bình, Tỉnh Lào Cai",0.0,3.0,1,0,1.2000000000000455,0.4000000000000152,503.9,0.5495452666796449,5.0,1,Stopped,0,0,0,0,0,VALID,VALID
21C-04064,2026-08-13 15:51:00,505.3,0.0,0.0,"Xã Yên Bình, Tỉnh Lào Cai",0.0,2.0,1,0,0.19999999999998863,0.09999999999999432,503.9,0.7155417528906596,5.0,1,Stopped,0,0,0,0,0,VALID,VALID
21C-04064,2026-08-13 15:53:00,505.3,0.0,0.0,"Xã Yên Bình, Tỉnh Lào Cai",0.0,2.0,1,0,0.0,0.0,505.1,0.7348469229231841,5.0,1,Stopped,0,0,0,0,0,VALID,VALID
21C-04064,2026-08-13 15:56:00,505.3,0.0,0.0,"Xã Yên Bình, Tỉnh Lào Cai",0.0,3.0,1,0,0.0,0.0,505.3,0.6099180273852527,5.0,1,Stopped,0,0,0,0,0,VALID,VALID
21C-04064,2026-08-13 15:58:00,505.3,0.0,0.0,"Xã Yên Bình, Tỉnh Lào Cai",0.0,2.0,1,0,0.0,0.0,505.3,0.08944271982321939,5.0,1,Stopped,0,0,0,0,0,VALID,VALID
21C-04064,2026-08-13 16:00:00,505.4,0.0,0.0,"Xã Yên Bình, Tỉnh Lào Cai",0.0,2.0,1,0,0.0999999999999659,0.04999999999998295,505.3,0.04472136099620479,5.0,1,Stopped,0,0,0,0,0,VALID,VALID
21C-04064,2026-08-13 16:02:00,505.4,0.0,0.0,"Xã Yên Bình, Tỉnh Lào Cai",0.0,2.0,1,0,0.0,0.0,505.3,0.05477225693126179,5.0,1,Stopped,0,0,0,0,0,VALID,VALID
21C-04064,2026-08-13 16:04:00,505.4,0.0,0.0,"Xã Yên Bình, Tỉnh Lào Cai",0.0,2.0,1,0,0.0,0.0,505.4,0.05477225693119304,5.0,1,Stopped,0,0,0,0,0,VALID,VALID
21C-04064,2026-08-13 16:06:00,505.4,0.0,0.0,"Xã Yên Bình, Tỉnh Lào Cai",0.0,2.0,1,0,0.0,0.0,505.4,0.04472136099595216,5.0,1,Stopped,0,0,0,0,0,VALID,VALID
21C-04064,2026-08-13 16:09:00,505.4,0.0,0.0,"Xã Yên Bình, Tỉnh Lào Cai",0.0,3.0,1,0,0.0,0.0,505.4,0.0,5.0,1,Stopped,0,0,0,0,0,VALID,VALID
21C-04064,2026-08-13 16:11:00,505.4,0.0,0.0,"Xã Yên Bình, Tỉnh Lào Cai",0.0,2.0,1,0,0.0,0.0,505.4,0.0,5.0,1,Stopped,0,0,0,0,0,VALID,VALID
21C-04064,2026-08-13 16:13:00,505.4,0.0,0.0,"Xã Yên Bình, Tỉnh Lào Cai",0.0,2.0,1,0,0.0,0.0,505.4,0.0,5.0,1,Stopped,0,0,0,0,0,VALID,VALID
21C-04064,2026-08-13 16:15:00,505.4,0.0,0.0,"Xã Yên Bình, Tỉnh Lào Cai",0.0,2.0,1,0,0.0,0.0,505.4,0.0,5.0,1,Stopped,0,0,0,0,0,VALID,VALID
21C-04064,2026-08-13 16:18:00,505.4,0.0,0.0,"Xã Yên Bình, Tỉnh Lào Cai",0.0,3.0,1,0,0.0,0.0,505.4,0.0,5.0,1,Stopped,0,0,0,0,0,VALID,VALID
21C-04064,2026-08-13 16:20:00,505.4,0.0,0.0,"Xã Yên Bình, Tỉnh Lào Cai",0.0,2.0,1,0,0.0,0.0,505.4,0.0,5.0,1,Stopped,0,0,0,0,0,VALID,VALID
21C-04064,2026-08-13 16:22:00,505.4,0.0,0.0,"Xã Yên Bình, Tỉnh Lào Cai",0.0,2.0,1,0,0.0,0.0,505.4,0.0,5.0,1,Stopped,0,0,0,0,0,VALID,VALID
21C-04064,2026-08-13 16:24:00,505.4,0.0,0.0,"Xã Yên Bình, Tỉnh Lào Cai",0.0,2.0,1,0,0.0,0.0,505.4,0.0,5.0,1,Stopped,0,0,0,0,0,VALID,VALID
21C-04064,2026-08-13 16:26:00,505.4,0.0,0.0,"Xã Yên Bình, Tỉnh Lào Cai",0.0,2.0,1,0,0.0,0.0,505.4,0.0,5.0,1,Stopped,0,0,0,0,0,VALID,VALID
21C-04064,2026-08-13 16:28:00,505.4,0.0,0.0,"Xã Yên Bình, Tỉnh Lào Cai",0.0,2.0,1,0,0.0,0.0,505.4,0.0,5.0,1,Stopped,0,0,0,0,0,VALID,VALID
21C-04064,2026-08-13 16:31:00,505.4,0.0,0.0,"Xã Yên Bình, Tỉnh Lào Cai",0.0,3.0,1,0,0.0,0.0,505.4,0.0,5.0,1,Stopped,0,0,0,0,0,VALID,VALID
21C-04064,2026-08-13 16:33:00,505.4,0.0,0.0,"Xã Yên Bình, Tỉnh Lào Cai",0.0,2.0,1,0,0.0,0.0,505.4,0.0,5.0,1,Stopped,0,0,0,0,0,VALID,VALID
21C-04064,2026-08-13 16:35:00,505.6,0.0,0.0,"Xã Yên Bình, Tỉnh Lào Cai",0.0,2.0,1,0,0.20000000000004547,0.10000000000002274,505.4,0.08944271982291672,5.0,1,Stopped,0,0,0,0,0,VALID,VALID
21C-04064,2026-08-13 16:37:00,505.6,0.0,0.0,"Xã Yên Bình, Tỉnh Lào Cai",0.0,2.0,1,0,0.0,0.0,505.4,0.10954451209128926,5.0,1,Stopped,0,0,0,0,0,VALID,VALID
21C-04064,2026-08-13 16:39:00,505.6,0.0,0.0,"Xã Yên Bình, Tỉnh Lào Cai",0.0,2.0,1,0,0.0,0.0,505.6,0.10954451209128926,5.0,1,Stopped,0,0,0,0,0,VALID,VALID
21C-04064,2026-08-13 16:42:00,505.6,0.0,0.0,"Xã Yên Bình, Tỉnh Lào Cai",0.0,3.0,1,0,0.0,0.0,505.6,0.08944271982291672,5.0,1,Stopped,0,0,0,0,0,VALID,VALID
21C-04064,2026-08-13 16:44:00,505.6,0.0,0.0,"Xã Yên Bình, Tỉnh Lào Cai",0.0,2.0,1,0,0.0,0.0,505.6,0.0,5.0,1,Stopped,0,0,0,0,0,VALID,VALID
21C-04064,2026-08-13 16:46:00,505.6,0.0,0.0,"Xã Yên Bình, Tỉnh Lào Cai",0.0,2.0,1,0,0.0,0.0,505.6,0.0,5.0,1,Stopped,0,0,0,0,0,VALID,VALID
21C-04064,2026-08-13 16:48:00,505.6,0.0,0.0,"Xã Yên Bình, Tỉnh Lào Cai",0.0,2.0,1,0,0.0,0.0,505.6,0.0,5.0,1,Stopped,0,0,0,0,0,VALID,VALID
21C-04064,2026-08-13 16:50:00,505.6,0.0,0.0,"Xã Yên Bình, Tỉnh Lào Cai",0.0,2.0,1,0,0.0,0.0,505.6,0.0,5.0,1,Stopped,0,0,0,0,0,VALID,VALID
21C-04064,2026-08-13 16:52:00,505.7,0.0,0.0,"Xã Yên Bình, Tỉnh Lào Cai",0.0,2.0,1,0,0.0999999999999659,0.04999999999998295,505.6,0.04472136099592357,5.0,1,Stopped,0,0,0,0,0,VALID,VALID
21C-04064,2026-08-13 16:55:00,505.7,0.0,0.0,"Xã Yên Bình, Tỉnh Lào Cai",0.0,3.0,1,0,0.0,0.0,505.6,0.05477225693113596,5.0,1,Stopped,0,0,0,0,0,VALID,VALID
21C-04064,2026-08-13 16:56:00,505.7,0.0,0.0,"Xã Yên Bình, Tỉnh Lào Cai",0.0,1.0,1,0,0.0,0.0,505.7,0.054772256931170986,5.0,1,Stopped,0,0,0,0,0,VALID,VALID
21C-04064,2026-08-13 16:58:00,505.7,0.0,0.0,"Xã Yên Bình, Tỉnh Lào Cai",0.0,2.0,1,0,0.0,0.0,505.7,0.044721360996052256,5.0,1,Stopped,0,0,0,0,0,VALID,VALID
21C-04064,2026-08-13 17:00:00,505.9,0.0,0.0,"Xã Yên Bình, Tỉnh Lào Cai",0.0,2.0,1,0,0.19999999999998863,0.09999999999999432,505.7,0.08944271982310022,5.0,1,Stopped,0,0,0,0,0,VALID,VALID
21C-04064,2026-08-13 17:02:00,505.9,0.0,0.0,"Xã Yên Bình, Tỉnh Lào Cai",0.0,2.0,1,0,0.0,0.0,505.7,0.1095445120914819,5.0,1,Stopped,0,0,0,0,0,VALID,VALID
21C-04064,2026-08-13 17:04:00,506.0,0.0,0.0,"Xã Yên Bình, Tỉnh Lào Cai",0.0,2.0,1,0,0.10000000000002274,0.05000000000001137,505.9,0.13416407913213077,5.0,1,Stopped,0,0,0,0,0,VALID,VALID
21C-04064,2026-08-13 17:06:00,506.0,0.0,0.0,"Xã Yên Bình, Tỉnh Lào Cai",0.0,2.0,1,0,0.0,0.0,505.9,0.12247448766736949,5.0,1,Stopped,0,0,0,0,0,VALID,VALID
21C-04064,2026-08-13 17:08:00,506.2,0.0,0.0,"Xã Yên Bình, Tỉnh Lào Cai",0.0,2.0,1,0,0.19999999999998863,0.09999999999999432,506.0,0.1224744876674217,5.0,1,Stopped,0,0,0,0,0,VALID,VALID
21C-04064,2026-08-13 17:10:00,506.2,0.0,0.0,"Xã Yên Bình, Tỉnh Lào Cai",0.0,2.0,1,0,0.0,0.0,506.0,0.13416407913224834,5.0,1,Stopped,0,0,0,0,0,VALID,VALID
21C-04064,2026-08-13 17:14:00,506.2,0.0,0.0,"Xã Yên Bình, Tỉnh Lào Cai",0.0,4.0,1,0,0.0,0.0,506.2,0.10954451209171151,5.0,1,Stopped,0,0,0,0,0,VALID,VALID
21C-04064,2026-08-13 17:16:00,506.2,0.0,0.0,"Xã Yên Bình, Tỉnh Lào Cai",0.0,2.0,1,0,0.0,0.0,506.2,0.08944271982345531,5.0,1,Stopped,0,0,0,0,0,VALID,VALID
21C-04064,2026-08-13 17:18:00,506.2,0.0,0.0,"Xã Yên Bình, Tỉnh Lào Cai",0.0,2.0,1,0,0.0,0.0,506.2,0.0,5.0,1,Stopped,0,0,0,0,0,VALID,VALID
21C-04064,2026-08-13 17:20:00,506.2,0.0,0.0,"Xã Yên Bình, Tỉnh Lào Cai",0.0,2.0,1,0,0.0,0.0,506.2,0.0,5.0,1,Stopped,0,0,0,0,0,VALID,VALID
21C-04064,2026-08-13 17:22:00,506.2,0.0,0.0,"Xã Yên Bình, Tỉnh Lào Cai",0.0,2.0,1,0,0.0,0.0,506.2,0.0,5.0,1,Stopped,0,0,0,0,0,VALID,VALID
21C-04064,2026-08-13 17:24:00,506.2,0.0,0.0,"Xã Yên Bình, Tỉnh Lào Cai",0.0,2.0,1,0,0.0,0.0,506.2,0.0,5.0,1,Stopped,0,0,0,0,0,VALID,VALID
21C-04064,2026-08-13 17:27:00,506.2,0.0,0.0,"Xã Yên Bình, Tỉnh Lào Cai",0.0,3.0,1,0,0.0,0.0,506.2,0.0,5.0,1,Stopped,0,0,0,0,0,VALID,VALID
21C-04064,2026-08-13 17:29:00,506.2,0.0,0.0,"Xã Yên Bình, Tỉnh Lào Cai",0.0,2.0,1,0,0.0,0.0,506.2,0.0,5.0,1,Stopped,0,0,0,0,0,VALID,VALID
21C-04064,2026-08-13 17:31:00,506.2,0.0,0.0,"Xã Yên Bình, Tỉnh Lào Cai",0.0,2.0,1,0,0.0,0.0,506.2,0.0,5.0,1,Stopped,0,0,0,0,0,VALID,VALID
21C-04064,2026-08-13 17:33:00,506.2,0.0,0.0,"Xã Yên Bình, Tỉnh Lào Cai",0.0,2.0,1,0,0.0,0.0,506.2,0.0,5.0,1,Stopped,0,0,0,0,0,VALID,VALID
21C-04064,2026-08-13 17:35:00,506.2,0.0,0.0,"Xã Yên Bình, Tỉnh Lào Cai",0.0,2.0,1,0,0.0,0.0,506.2,0.0,5.0,1,Stopped,0,0,0,0,0,VALID,VALID
21C-04064,2026-08-13 17:38:00,506.2,0.0,0.0,"Xã Yên Bình, Tỉnh Lào Cai",0.0,3.0,1,0,0.0,0.0,506.2,0.0,5.0,1,Stopped,0,0,0,0,0,VALID,VALID
21C-04064,2026-08-13 17:40:00,506.2,0.0,0.0,"Xã Yên Bình, Tỉnh Lào Cai",0.0,2.0,1,0,0.0,0.0,506.2,0.0,5.0,1,Stopped,0,0,0,0,0,VALID,VALID
21C-04064,2026-08-13 17:42:00,506.2,0.0,0.0,"Xã Yên Bình, Tỉnh Lào Cai",0.0,2.0,1,0,0.0,0.0,506.2,0.0,5.0,1,Stopped,0,0,0,0,0,VALID,VALID
21C-04064,2026-08-13 17:44:00,506.2,0.0,0.0,"Xã Yên Bình, Tỉnh Lào Cai",0.0,2.0,1,0,0.0,0.0,506.2,0.0,5.0,1,Stopped,0,0,0,0,0,VALID,VALID
21C-04064,2026-08-13 17:46:00,506.2,0.0,0.0,"Xã Yên Bình, Tỉnh Lào Cai",0.0,2.0,1,0,0.0,0.0,506.2,0.0,5.0,1,Stopped,0,0,0,0,0,VALID,VALID
21C-04064,2026-08-13 17:48:00,506.2,0.0,0.0,"Xã Yên Bình, Tỉnh Lào Cai",0.0,2.0,1,0,0.0,0.0,506.2,0.0,5.0,1,Stopped,0,0,0,0,0,VALID,VALID
21C-04064,2026-08-13 17:51:00,506.2,0.0,0.0,"Xã Yên Bình, Tỉnh Lào Cai",0.0,3.0,1,0,0.0,0.0,506.2,0.0,5.0,1,Stopped,0,0,0,0,0,VALID,VALID
21C-04064,2026-08-13 17:53:00,506.2,0.0,0.0,"Xã Yên Bình, Tỉnh Lào Cai",0.0,2.0,1,0,0.0,0.0,506.2,0.0,5.0,1,Stopped,0,0,0,0,0,VALID,VALID
21C-04064,2026-08-13 17:55:00,506.3,0.0,0.0,"Xã Yên Bình, Tỉnh Lào Cai",0.0,2.0,1,0,0.10000000000002274,0.05000000000001137,506.2,0.04472136099711515,5.0,1,Stopped,0,0,0,0,0,VALID,VALID
21C-04064,2026-08-13 17:57:00,506.3,0.0,0.0,"Xã Yên Bình, Tỉnh Lào Cai",0.0,2.0,1,0,0.0,0.0,506.2,0.054772256932160125,5.0,1,Stopped,0,0,0,0,0,VALID,VALID
21C-04064,2026-08-13 17:58:00,506.3,0.0,0.0,"Xã Yên Bình, Tỉnh Lào Cai",0.0,1.0,1,0,0.0,0.0,506.3,0.054772256932240554,5.0,1,Stopped,0,0,0,0,0,VALID,VALID
21C-04064,2026-08-13 18:00:00,506.3,0.0,0.0,"Xã Yên Bình, Tỉnh Lào Cai",0.0,2.0,1,0,0.0,0.0,506.3,0.04472136099741068,5.0,1,Stopped,0,0,0,0,0,VALID,VALID
21C-04064,2026-08-13 18:02:00,506.0,0.0,0.0,"Xã Yên Bình, Tỉnh Lào Cai",0.0,2.0,1,0,-0.30000000000001137,-0.15000000000000568,506.3,0.13416407913237385,5.0,1,Stopped,0,0,0,0,0,VALID,VALID
21C-04064,2026-08-13 18:04:00,505.9,0.0,0.0,"Xã Yên Bình, Tỉnh Lào Cai",0.0,2.0,1,0,-0.10000000000002274,-0.05000000000001137,506.3,0.19493588722808164,5.0,1,Stopped,0,0,0,0,0,VALID,VALID
21C-04064,2026-08-13 18:06:00,505.6,0.0,0.0,"Xã Yên Bình, Tỉnh Lào Cai",0.0,2.0,1,0,-0.2999999999999545,-0.14999999999997726,506.0,0.29495762429428335,5.0,1,Stopped,0,0,0,0,0,VALID,VALID
21C-04064,2026-08-13 18:08:00,505.4,0.0,0.0,"Xã Yên Bình, Tỉnh Lào Cai",0.0,2.0,1,0,-0.20000000000004547,-0.10000000000002274,505.9,0.35071355851926383,5.0,1,Stopped,0,0,0,0,0,VALID,VALID
21C-04064,2026-08-13 18:10:00,505.4,0.0,0.0,"Xã Yên Bình, Tỉnh Lào Cai",0.0,2.0,1,0,0.0,0.0,505.6,0.2792848011066013,5.0,1,Stopped,0,0,0,0,0,VALID,VALID
21C-04064,2026-08-13 18:12:00,505.3,0.0,0.0,"Xã Yên Bình, Tỉnh Lào Cai",0.0,2.0,1,0,-0.0999999999999659,-0.04999999999998295,505.4,0.23874672799660426,5.0,1,Stopped,0,0,0,0,0,VALID,VALID
21C-04064,2026-08-13 18:14:00,505.3,0.0,0.0,"Xã Yên Bình, Tỉnh Lào Cai",0.0,2.0,1,0,0.0,0.0,505.4,0.1224744876659396,5.0,1,Stopped,0,0,0,0,0,VALID,VALID
21C-04064,2026-08-13 18:16:00,505.1,0.0,0.0,"Xã Yên Bình, Tỉnh Lào Cai",0.0,2.0,1,0,-0.19999999999998863,-0.09999999999999432,505.3,0.12247448766570754,5.0,1,Stopped,0,0,0,0,0,VALID,VALID
21C-04064,2026-08-13 18:19:00,505.1,0.0,0.0,"Xã Yên Bình, Tỉnh Lào Cai",0.0,3.0,1,0,0.0,0.0,505.3,0.13416407913053974,5.0,1,Stopped,0,0,0,0,0,VALID,VALID
21C-04064,2026-08-13 18:21:00,505.1,0.0,0.0,"Xã Yên Bình, Tỉnh Lào Cai",0.0,2.0,1,0,0.0,0.0,505.1,0.10954451208943601,5.0,1,Stopped,0,0,0,0,0,VALID,VALID
21C-04064,2026-08-13 18:23:00,505.1,0.0,0.0,"Xã Yên Bình, Tỉnh Lào Cai",0.0,2.0,1,0,0.0,0.0,505.1,0.0894427198205127,5.0,1,Stopped,0,0,0,0,0,VALID,VALID
21C-04064,2026-08-13 18:25:00,505.1,0.0,0.0,"Xã Yên Bình, Tỉnh Lào Cai",0.0,2.0,1,0,0.0,0.0,505.1,0.0,5.0,1,Stopped,0,0,0,0,0,VALID,VALID
21C-04064,2026-08-13 18:28:00,505.1,0.0,0.0,"Xã Yên Bình, Tỉnh Lào Cai",0.0,3.0,1,0,0.0,0.0,505.1,0.0,5.0,1,Stopped,0,0,0,0,0,VALID,VALID
21C-04064,2026-08-13 18:30:00,505.1,0.0,0.0,"Xã Yên Bình, Tỉnh Lào Cai",0.0,2.0,1,0,0.0,0.0,505.1,0.0,5.0,1,Stopped,0,0,0,0,0,VALID,VALID
21C-04064,2026-08-13 18:32:00,505.0,0.0,0.0,"Xã Yên Bình, Tỉnh Lào Cai",0.0,2.0,1,0,-0.10000000000002274,-0.05000000000001137,505.1,0.04472136099073423,5.0,1,Stopped,0,0,0,0,0,VALID,VALID
21C-04064,2026-08-13 18:34:00,505.0,0.0,0.0,"Xã Yên Bình, Tỉnh Lào Cai",0.0,2.0,1,0,0.0,0.0,505.1,0.05477225692678927,5.0,1,Stopped,0,0,0,0,0,VALID,VALID
21C-04064,2026-08-13 18:36:00,505.0,0.0,0.0,"Xã Yên Bình, Tỉnh Lào Cai",0.0,2.0,1,0,0.0,0.0,505.0,0.05477225692670883,5.0,1,Stopped,0,0,0,0,0,VALID,VALID
21C-04064,2026-08-13 18:39:00,505.0,0.0,0.0,"Xã Yên Bình, Tỉnh Lào Cai",0.0,3.0,1,0,0.0,0.0,505.0,0.04472136099043871,5.0,1,Stopped,0,0,0,0,0,VALID,VALID
21C-04064,2026-08-13 18:41:00,505.0,0.0,0.0,"Xã Yên Bình, Tỉnh Lào Cai",0.0,2.0,1,0,0.0,0.0,505.0,0.0,5.0,1,Stopped,0,0,0,0,0,VALID,VALID
21C-04064,2026-08-13 18:43:00,505.0,0.0,0.0,"Xã Yên Bình, Tỉnh Lào Cai",0.0,2.0,1,0,0.0,0.0,505.0,0.0,5.0,1,Stopped,0,0,0,0,0,VALID,VALID
21C-04064,2026-08-13 18:46:00,505.0,0.0,0.0,"Xã Yên Bình, Tỉnh Lào Cai",0.0,3.0,1,0,0.0,0.0,505.0,0.0,5.0,1,Stopped,0,0,0,0,0,VALID,VALID
21C-04064,2026-08-13 18:48:00,505.0,0.0,0.0,"Xã Yên Bình, Tỉnh Lào Cai",0.0,2.0,1,0,0.0,0.0,505.0,0.0,5.0,1,Stopped,0,0,0,0,0,VALID,VALID
21C-04064,2026-08-13 18:50:00,505.0,0.0,0.0,"Xã Yên Bình, Tỉnh Lào Cai",0.0,2.0,1,0,0.0,0.0,505.0,0.0,5.0,1,Stopped,0,0,0,0,0,VALID,VALID
21C-04064,2026-08-13 18:52:00,505.0,0.0,0.0,"Xã Yên Bình, Tỉnh Lào Cai",0.0,2.0,1,0,0.0,0.0,505.0,0.0,5.0,1,Stopped,0,0,0,0,0,VALID,VALID
21C-04064,2026-08-13 18:54:00,505.0,0.0,0.0,"Xã Yên Bình, Tỉnh Lào Cai",0.0,2.0,1,0,0.0,0.0,505.0,0.0,5.0,1,Stopped,0,0,0,0,0,VALID,VALID
21C-04064,2026-08-13 18:56:00,505.0,0.0,0.0,"Xã Yên Bình, Tỉnh Lào Cai",0.0,2.0,1,0,0.0,0.0,505.0,0.0,5.0,1,Stopped,0,0,0,0,0,VALID,VALID
21C-04064,2026-08-13 18:59:00,505.0,0.0,0.0,"Xã Yên Bình, Tỉnh Lào Cai",0.0,3.0,1,0,0.0,0.0,505.0,0.0,5.0,1,Stopped,0,0,0,0,0,VALID,VALID
21C-04064,2026-08-13 19:01:00,505.0,0.0,0.0,"Xã Yên Bình, Tỉnh Lào Cai",0.0,2.0,1,0,0.0,0.0,505.0,0.0,5.0,1,Stopped,0,0,0,0,0,VALID,VALID
21C-04064,2026-08-13 19:03:00,505.0,0.0,0.0,"Xã Yên Bình, Tỉnh Lào Cai",0.0,2.0,1,0,0.0,0.0,505.0,0.0,5.0,1,Stopped,0,0,0,0,0,VALID,VALID
21C-04064,2026-08-13 19:05:00,505.0,0.0,0.0,"Xã Yên Bình, Tỉnh Lào Cai",0.0,2.0,1,0,0.0,0.0,505.0,0.0,5.0,1,Stopped,0,0,0,0,0,VALID,VALID
21C-04064,2026-08-13 19:07:00,505.0,0.0,0.0,"Xã Yên Bình, Tỉnh Lào Cai",0.0,2.0,1,0,0.0,0.0,505.0,0.0,5.0,1,Stopped,0,0,0,0,0,VALID,VALID
21C-04064,2026-08-13 19:10:00,505.0,0.0,0.0,"Xã Yên Bình, Tỉnh Lào Cai",0.0,3.0,1,0,0.0,0.0,505.0,0.0,5.0,1,Stopped,0,0,0,0,0,VALID,VALID
21C-04064,2026-08-13 19:12:00,505.0,0.0,0.0,"Xã Yên Bình, Tỉnh Lào Cai",0.0,2.0,1,0,0.0,0.0,505.0,0.0,5.0,1,Stopped,0,0,0,0,0,VALID,VALID
21C-04064,2026-08-13 19:14:00,505.0,0.0,0.0,"Xã Yên Bình, Tỉnh Lào Cai",0.0,2.0,1,0,0.0,0.0,505.0,0.0,5.0,1,Stopped,0,0,0,0,0,VALID,VALID
21C-04064,2026-08-13 19:16:00,505.0,0.0,0.0,"Xã Yên Bình, Tỉnh Lào Cai",0.0,2.0,1,0,0.0,0.0,505.0,0.0,5.0,1,Stopped,0,0,0,0,0,VALID,VALID
21C-04064,2026-08-13 19:18:00,505.0,0.0,0.0,"Xã Yên Bình, Tỉnh Lào Cai",0.0,2.0,1,0,0.0,0.0,505.0,0.0,5.0,1,Stopped,0,0,0,0,0,VALID,VALID
21C-04064,2026-08-13 19:20:00,505.0,0.0,0.0,"Xã Yên Bình, Tỉnh Lào Cai",0.0,2.0,1,0,0.0,0.0,505.0,0.0,5.0,1,Stopped,0,0,0,0,0,VALID,VALID
21C-04064,2026-08-13 19:23:00,505.0,0.0,0.0,"Xã Yên Bình, Tỉnh Lào Cai",0.0,3.0,1,0,0.0,0.0,505.0,0.0,5.0,1,Stopped,0,0,0,0,0,VALID,VALID
21C-04064,2026-08-13 19:25:00,505.0,0.0,0.0,"Xã Yên Bình, Tỉnh Lào Cai",0.0,2.0,1,0,0.0,0.0,505.0,0.0,5.0,1,Stopped,0,0,0,0,0,VALID,VALID
21C-04064,2026-08-13 19:27:00,505.0,0.0,0.0,"Xã Yên Bình, Tỉnh Lào Cai",0.0,2.0,1,0,0.0,0.0,505.0,0.0,5.0,1,Stopped,0,0,0,0,0,VALID,VALID
21C-04064,2026-08-13 19:29:00,505.0,0.0,0.0,"Xã Yên Bình, Tỉnh Lào Cai",0.0,2.0,1,0,0.0,0.0,505.0,0.0,5.0,1,Stopped,0,0,0,0,0,VALID,VALID
21C-04064,2026-08-13 19:31:00,505.0,0.0,0.0,"Xã Yên Bình, Tỉnh Lào Cai",0.0,2.0,1,0,0.0,0.0,505.0,0.0,5.0,1,Stopped,0,0,0,0,0,VALID,VALID
21C-04064,2026-08-13 19:34:00,505.0,0.0,0.0,"Xã Yên Bình, Tỉnh Lào Cai",0.0,3.0,1,0,0.0,0.0,505.0,0.0,5.0,1,Stopped,0,0,0,0,0,VALID,VALID
21C-04064,2026-08-13 19:36:00,505.0,0.0,0.0,"Xã Yên Bình, Tỉnh Lào Cai",0.0,2.0,1,0,0.0,0.0,505.0,0.0,5.0,1,Stopped,0,0,0,0,0,VALID,VALID
21C-04064,2026-08-13 19:38:00,505.0,0.0,0.0,"Xã Yên Bình, Tỉnh Lào Cai",0.0,2.0,1,0,0.0,0.0,505.0,0.0,5.0,1,Stopped,0,0,0,0,0,VALID,VALID
21C-04064,2026-08-13 19:40:00,505.0,0.0,0.0,"Xã Yên Bình, Tỉnh Lào Cai",0.0,2.0,1,0,0.0,0.0,505.0,0.0,5.0,1,Stopped,0,0,0,0,0,VALID,VALID
21C-04064,2026-08-13 19:42:00,505.0,0.0,0.0,"Xã Yên Bình, Tỉnh Lào Cai",0.0,2.0,1,0,0.0,0.0,505.0,0.0,5.0,1,Stopped,0,0,0,0,0,VALID,VALID
21C-04064,2026-08-13 19:44:00,505.0,0.0,0.0,"Xã Yên Bình, Tỉnh Lào Cai",0.0,2.0,1,0,0.0,0.0,505.0,0.0,5.0,1,Stopped,0,0,0,0,0,VALID,VALID
21C-04064,2026-08-13 19:47:00,505.0,0.0,0.0,"Xã Yên Bình, Tỉnh Lào Cai",0.0,3.0,1,0,0.0,0.0,505.0,0.0,5.0,1,Stopped,0,0,0,0,0,VALID,VALID
21C-04064,2026-08-13 19:49:00,505.0,0.0,0.0,"Xã Yên Bình, Tỉnh Lào Cai",0.0,2.0,1,0,0.0,0.0,505.0,0.0,5.0,1,Stopped,0,0,0,0,0,VALID,VALID
21C-04064,2026-08-13 19:51:00,505.0,0.0,0.0,"Xã Yên Bình, Tỉnh Lào Cai",0.0,2.0,1,0,0.0,0.0,505.0,0.0,5.0,1,Stopped,0,0,0,0,0,VALID,VALID
21C-04064,2026-08-13 19:53:00,505.0,0.0,0.0,"Xã Yên Bình, Tỉnh Lào Cai",0.0,2.0,1,0,0.0,0.0,505.0,0.0,5.0,1,Stopped,0,0,0,0,0,VALID,VALID
21C-04064,2026-08-13 19:55:00,505.0,0.0,0.0,"Xã Yên Bình, Tỉnh Lào Cai",0.0,2.0,1,0,0.0,0.0,505.0,0.0,5.0,1,Stopped,0,0,0,0,0,VALID,VALID
21C-04064,2026-08-13 19:58:00,505.0,0.0,0.0,"Xã Yên Bình, Tỉnh Lào Cai",0.0,3.0,1,0,0.0,0.0,505.0,0.0,5.0,1,Stopped,0,0,0,0,0,VALID,VALID
21C-04064,2026-08-13 20:00:00,505.0,0.0,0.0,"Xã Yên Bình, Tỉnh Lào Cai",0.0,2.0,1,0,0.0,0.0,505.0,0.0,5.0,1,Stopped,0,0,0,0,0,VALID,VALID
21C-04064,2026-08-13 20:02:00,505.0,0.0,0.0,"Xã Yên Bình, Tỉnh Lào Cai",0.0,2.0,1,0,0.0,0.0,505.0,0.0,5.0,1,Stopped,0,0,0,0,0,VALID,VALID
21C-04064,2026-08-13 20:04:00,505.0,0.0,0.0,"Xã Yên Bình, Tỉnh Lào Cai",0.0,2.0,1,0,0.0,0.0,505.0,0.0,5.0,1,Stopped,0,0,0,0,0,VALID,VALID
21C-04064,2026-08-13 20:06:00,505.0,0.0,0.0,"Xã Yên Bình, Tỉnh Lào Cai",0.0,2.0,1,0,0.0,0.0,505.0,0.0,5.0,1,Stopped,0,0,0,0,0,VALID,VALID
21C-04064,2026-08-13 20:08:00,505.0,0.0,0.0,"Xã Yên Bình, Tỉnh Lào Cai",0.0,2.0,1,0,0.0,0.0,505.0,0.0,5.0,1,Stopped,0,0,0,0,0,VALID,VALID
21C-04064,2026-08-13 20:11:00,505.0,0.0,0.0,"Xã Yên Bình, Tỉnh Lào Cai",0.0,3.0,1,0,0.0,0.0,505.0,0.0,5.0,1,Stopped,0,0,0,0,0,VALID,VALID
21C-04064,2026-08-13 20:13:00,505.0,0.0,0.0,"Xã Yên Bình, Tỉnh Lào Cai",0.0,2.0,1,0,0.0,0.0,505.0,0.0,5.0,1,Stopped,0,0,0,0,0,VALID,VALID
21C-04064,2026-08-13 20:15:00,505.1,0.0,0.0,"Xã Yên Bình, Tỉnh Lào Cai",0.0,2.0,1,0,0.10000000000002274,0.05000000000001137,505.0,0.04472136099041011,5.0,1,Stopped,0,0,0,0,0,VALID,VALID
21C-04064,2026-08-13 20:17:00,505.1,0.0,0.0,"Xã Yên Bình, Tỉnh Lào Cai",0.0,2.0,1,0,0.0,0.0,505.0,0.054772256926642025,5.0,1,Stopped,0,0,0,0,0,VALID,VALID
21C-04064,2026-08-13 20:19:00,505.1,0.0,0.0,"Xã Yên Bình, Tỉnh Lào Cai",0.0,2.0,1,0,0.0,0.0,505.1,0.054772256926665375,5.0,1,Stopped,0,0,0,0,0,VALID,VALID
21C-04064,2026-08-13 20:22:00,505.1,0.0,0.0,"Xã Yên Bình, Tỉnh Lào Cai",0.0,3.0,1,0,0.0,0.0,505.1,0.04472136099051259,5.0,1,Stopped,0,0,0,0,0,VALID,VALID
21C-04064,2026-08-13 20:24:00,505.1,0.0,0.0,"Xã Yên Bình, Tỉnh Lào Cai",0.0,2.0,1,0,0.0,0.0,505.1,0.0,5.0,1,Stopped,0,0,0,0,0,VALID,VALID
21C-04064,2026-08-13 20:26:00,505.1,0.0,0.0,"Xã Yên Bình, Tỉnh Lào Cai",0.0,2.0,1,0,0.0,0.0,505.1,0.0,5.0,1,Stopped,0,0,0,0,0,VALID,VALID
21C-04064,2026-08-13 20:28:00,505.1,0.0,0.0,"Xã Yên Bình, Tỉnh Lào Cai",0.0,2.0,1,0,0.0,0.0,505.1,0.0,5.0,1,Stopped,0,0,0,0,0,VALID,VALID
21C-04064,2026-08-13 20:30:00,505.1,0.0,0.0,"Xã Yên Bình, Tỉnh Lào Cai",0.0,2.0,1,0,0.0,0.0,505.1,0.0,5.0,1,Stopped,0,0,0,0,0,VALID,VALID
21C-04064,2026-08-13 20:32:00,505.1,0.0,0.0,"Xã Yên Bình, Tỉnh Lào Cai",0.0,2.0,1,0,0.0,0.0,505.1,0.0,5.0,1,Stopped,0,0,0,0,0,VALID,VALID
21C-04064,2026-08-13 20:35:00,505.1,0.0,0.0,"Xã Yên Bình, Tỉnh Lào Cai",0.0,3.0,1,0,0.0,0.0,505.1,0.0,5.0,1,Stopped,0,0,0,0,0,VALID,VALID
21C-04064,2026-08-13 20:37:00,505.1,0.0,0.0,"Xã Yên Bình, Tỉnh Lào Cai",0.0,2.0,1,0,0.0,0.0,505.1,0.0,5.0,1,Stopped,0,0,0,0,0,VALID,VALID
21C-04064,2026-08-13 20:39:00,505.1,0.0,0.0,"Xã Yên Bình, Tỉnh Lào Cai",0.0,2.0,1,0,0.0,0.0,505.1,0.0,5.0,1,Stopped,0,0,0,0,0,VALID,VALID
21C-04064,2026-08-13 20:41:00,505.1,0.0,0.0,"Xã Yên Bình, Tỉnh Lào Cai",0.0,2.0,1,0,0.0,0.0,505.1,0.0,5.0,1,Stopped,0,0,0,0,0,VALID,VALID
21C-04064,2026-08-13 20:43:00,505.1,0.0,0.0,"Xã Yên Bình, Tỉnh Lào Cai",0.0,2.0,1,0,0.0,0.0,505.1,0.0,5.0,1,Stopped,0,0,0,0,0,VALID,VALID
21C-04064,2026-08-13 20:46:00,505.1,0.0,0.0,"Xã Yên Bình, Tỉnh Lào Cai",0.0,3.0,1,0,0.0,0.0,505.1,0.0,5.0,1,Stopped,0,0,0,0,0,VALID,VALID
21C-04064,2026-08-13 20:48:00,505.1,0.0,0.0,"Xã Yên Bình, Tỉnh Lào Cai",0.0,2.0,1,0,0.0,0.0,505.1,0.0,5.0,1,Stopped,0,0,0,0,0,VALID,VALID
21C-04064,2026-08-13 20:50:00,505.1,0.0,0.0,"Xã Yên Bình, Tỉnh Lào Cai",0.0,2.0,1,0,0.0,0.0,505.1,0.0,5.0,1,Stopped,0,0,0,0,0,VALID,VALID
21C-04064,2026-08-13 20:52:00,505.1,0.0,0.0,"Xã Yên Bình, Tỉnh Lào Cai",0.0,2.0,1,0,0.0,0.0,505.1,0.0,5.0,1,Stopped,0,0,0,0,0,VALID,VALID
21C-04064,2026-08-13 20:54:00,505.1,0.0,0.0,"Xã Yên Bình, Tỉnh Lào Cai",0.0,2.0,1,0,0.0,0.0,505.1,0.0,5.0,1,Stopped,0,0,0,0,0,VALID,VALID
21C-04064,2026-08-13 20:56:00,505.1,0.0,0.0,"Xã Yên Bình, Tỉnh Lào Cai",0.0,2.0,1,0,0.0,0.0,505.1,0.0,5.0,1,Stopped,0,0,0,0,0,VALID,VALID
21C-04064,2026-08-13 20:59:00,505.1,0.0,0.0,"Xã Yên Bình, Tỉnh Lào Cai",0.0,3.0,1,0,0.0,0.0,505.1,0.0,5.0,1,Stopped,0,0,0,0,0,VALID,VALID
21C-04064,2026-08-13 21:01:00,505.3,0.0,0.0,"Xã Yên Bình, Tỉnh Lào Cai",0.0,2.0,1,0,0.19999999999998863,0.09999999999999432,505.1,0.08944271982031608,5.0,1,Stopped,0,0,0,0,0,VALID,VALID
21C-04064,2026-08-13 21:03:00,505.3,0.0,0.0,"Xã Yên Bình, Tỉnh Lào Cai",0.0,2.0,1,0,0.0,0.0,505.1,0.10954451208920865,5.0,1,Stopped,0,0,0,0,0,VALID,VALID
21C-04064,2026-08-13 21:05:00,505.3,0.0,0.0,"Xã Yên Bình, Tỉnh Lào Cai",0.0,2.0,1,0,0.0,0.0,505.3,0.1095445120892372,5.0,1,Stopped,0,0,0,0,0,VALID,VALID
21C-04064,2026-08-13 21:07:00,505.3,0.0,0.0,"Xã Yên Bình, Tỉnh Lào Cai",0.0,2.0,1,0,0.0,0.0,505.3,0.08944271982042491,5.0,1,Stopped,0,0,0,0,0,VALID,VALID
21C-04064,2026-08-13 21:10:00,505.3,0.0,0.0,"Xã Yên Bình, Tỉnh Lào Cai",0.0,3.0,1,0,0.0,0.0,505.3,0.0,5.0,1,Stopped,0,0,0,0,0,VALID,VALID
21C-04064,2026-08-13 21:12:00,505.3,0.0,0.0,"Xã Yên Bình, Tỉnh Lào Cai",0.0,2.0,1,0,0.0,0.0,505.3,0.0,5.0,1,Stopped,0,0,0,0,0,VALID,VALID
21C-04064,2026-08-13 21:14:00,505.3,0.0,0.0,"Xã Yên Bình, Tỉnh Lào Cai",0.0,2.0,1,0,0.0,0.0,505.3,0.0,5.0,1,Stopped,0,0,0,0,0,VALID,VALID
21C-04064,2026-08-13 21:16:00,505.3,0.0,0.0,"Xã Yên Bình, Tỉnh Lào Cai",0.0,2.0,1,0,0.0,0.0,505.3,0.0,5.0,1,Stopped,0,0,0,0,0,VALID,VALID
21C-04064,2026-08-13 21:18:00,505.3,0.0,0.0,"Xã Yên Bình, Tỉnh Lào Cai",0.0,2.0,1,0,0.0,0.0,505.3,0.0,5.0,1,Stopped,0,0,0,0,0,VALID,VALID
21C-04064,2026-08-13 21:20:00,505.3,0.0,0.0,"Xã Yên Bình, Tỉnh Lào Cai",0.0,2.0,1,0,0.0,0.0,505.3,0.0,5.0,1,Stopped,0,0,0,0,0,VALID,VALID
21C-04064,2026-08-13 21:23:00,505.3,0.0,0.0,"Xã Yên Bình, Tỉnh Lào Cai",0.0,3.0,1,0,0.0,0.0,505.3,0.0,5.0,1,Stopped,0,0,0,0,0,VALID,VALID
21C-04064,2026-08-13 21:25:00,505.3,0.0,0.0,"Xã Yên Bình, Tỉnh Lào Cai",0.0,2.0,1,0,0.0,0.0,505.3,0.0,5.0,1,Stopped,0,0,0,0,0,VALID,VALID
21C-04064,2026-08-13 21:27:00,505.3,0.0,0.0,"Xã Yên Bình, Tỉnh Lào Cai",0.0,2.0,1,0,0.0,0.0,505.3,0.0,5.0,1,Stopped,0,0,0,0,0,VALID,VALID
21C-04064,2026-08-13 21:29:00,505.3,0.0,0.0,"Xã Yên Bình, Tỉnh Lào Cai",0.0,2.0,1,0,0.0,0.0,505.3,0.0,5.0,1,Stopped,0,0,0,0,0,VALID,VALID
21C-04064,2026-08-13 21:32:00,505.3,0.0,0.0,"Xã Yên Bình, Tỉnh Lào Cai",0.0,3.0,1,0,0.0,0.0,505.3,0.0,5.0,1,Stopped,0,0,0,0,0,VALID,VALID
21C-04064,2026-08-13 21:34:00,505.3,0.0,0.0,"Xã Yên Bình, Tỉnh Lào Cai",0.0,2.0,1,0,0.0,0.0,505.3,0.0,5.0,1,Stopped,0,0,0,0,0,VALID,VALID
21C-04064,2026-08-13 21:36:00,505.3,0.0,0.0,"Xã Yên Bình, Tỉnh Lào Cai",0.0,2.0,1,0,0.0,0.0,505.3,0.0,5.0,1,Stopped,0,0,0,0,0,VALID,VALID
21C-04064,2026-08-13 21:38:00,505.3,0.0,0.0,"Xã Yên Bình, Tỉnh Lào Cai",0.0,2.0,1,0,0.0,0.0,505.3,0.0,5.0,1,Stopped,0,0,0,0,0,VALID,VALID
21C-04064,2026-08-13 21:40:00,505.3,0.0,0.0,"Xã Yên Bình, Tỉnh Lào Cai",0.0,2.0,1,0,0.0,0.0,505.3,0.0,5.0,1,Stopped,0,0,0,0,0,VALID,VALID
21C-04064,2026-08-13 21:42:00,505.3,0.0,0.0,"Xã Yên Bình, Tỉnh Lào Cai",0.0,2.0,1,0,0.0,0.0,505.3,0.0,5.0,1,Stopped,0,0,0,0,0,VALID,VALID
21C-04064,2026-08-13 21:45:00,505.3,0.0,0.0,"Xã Yên Bình, Tỉnh Lào Cai",0.0,3.0,1,0,0.0,0.0,505.3,0.0,5.0,1,Stopped,0,0,0,0,0,VALID,VALID
21C-04064,2026-08-13 21:47:00,505.3,0.0,0.0,"Xã Yên Bình, Tỉnh Lào Cai",0.0,2.0,1,0,0.0,0.0,505.3,0.0,5.0,1,Stopped,0,0,0,0,0,VALID,VALID
21C-04064,2026-08-13 21:49:00,505.3,0.0,0.0,"Xã Yên Bình, Tỉnh Lào Cai",0.0,2.0,1,0,0.0,0.0,505.3,0.0,5.0,1,Stopped,0,0,0,0,0,VALID,VALID
21C-04064,2026-08-13 21:51:00,505.3,0.0,0.0,"Xã Yên Bình, Tỉnh Lào Cai",0.0,2.0,1,0,0.0,0.0,505.3,0.0,5.0,1,Stopped,0,0,0,0,0,VALID,VALID
21C-04064,2026-08-13 21:53:00,505.3,0.0,0.0,"Xã Yên Bình, Tỉnh Lào Cai",0.0,2.0,1,0,0.0,0.0,505.3,0.0,5.0,1,Stopped,0,0,0,0,0,VALID,VALID
21C-04064,2026-08-13 21:56:00,505.3,0.0,0.0,"Xã Yên Bình, Tỉnh Lào Cai",0.0,3.0,1,0,0.0,0.0,505.3,0.0,5.0,1,Stopped,0,0,0,0,0,VALID,VALID
21C-04064,2026-08-13 21:58:00,505.3,0.0,0.0,"Xã Yên Bình, Tỉnh Lào Cai",0.0,2.0,1,0,0.0,0.0,505.3,0.0,5.0,1,Stopped,0,0,0,0,0,VALID,VALID
21C-04064,2026-08-13 22:00:00,505.3,0.0,0.0,"Xã Yên Bình, Tỉnh Lào Cai",0.0,2.0,1,0,0.0,0.0,505.3,0.0,5.0,1,Stopped,0,0,0,0,0,VALID,VALID
21C-04064,2026-08-13 22:02:00,505.3,0.0,0.0,"Xã Yên Bình, Tỉnh Lào Cai",0.0,2.0,1,0,0.0,0.0,505.3,0.0,5.0,1,Stopped,0,0,0,0,0,VALID,VALID
21C-04064,2026-08-13 22:04:00,505.3,0.0,0.0,"Xã Yên Bình, Tỉnh Lào Cai",0.0,2.0,1,0,0.0,0.0,505.3,0.0,5.0,1,Stopped,0,0,0,0,0,VALID,VALID
21C-04064,2026-08-13 22:06:00,505.3,0.0,0.0,"Xã Yên Bình, Tỉnh Lào Cai",0.0,2.0,1,0,0.0,0.0,505.3,0.0,5.0,1,Stopped,0,0,0,0,0,VALID,VALID
21C-04064,2026-08-13 22:09:00,505.3,0.0,0.0,"Xã Yên Bình, Tỉnh Lào Cai",0.0,3.0,1,0,0.0,0.0,505.3,0.0,5.0,1,Stopped,0,0,0,0,0,VALID,VALID
21C-04064,2026-08-13 22:11:00,505.3,0.0,0.0,"Xã Yên Bình, Tỉnh Lào Cai",0.0,2.0,1,0,0.0,0.0,505.3,0.0,5.0,1,Stopped,0,0,0,0,0,VALID,VALID
21C-04064,2026-08-13 22:13:00,505.3,0.0,0.0,"Xã Yên Bình, Tỉnh Lào Cai",0.0,2.0,1,0,0.0,0.0,505.3,0.0,5.0,1,Stopped,0,0,0,0,0,VALID,VALID
21C-04064,2026-08-13 22:15:00,505.3,0.0,0.0,"Xã Yên Bình, Tỉnh Lào Cai",0.0,2.0,1,0,0.0,0.0,505.3,0.0,5.0,1,Stopped,0,0,0,0,0,VALID,VALID
21C-04064,2026-08-13 22:17:00,505.3,0.0,0.0,"Xã Yên Bình, Tỉnh Lào Cai",0.0,2.0,1,0,0.0,0.0,505.3,0.0,5.0,1,Stopped,0,0,0,0,0,VALID,VALID
21C-04064,2026-08-13 22:20:00,505.3,0.0,0.0,"Xã Yên Bình, Tỉnh Lào Cai",0.0,3.0,1,0,0.0,0.0,505.3,0.0,5.0,1,Stopped,0,0,0,0,0,VALID,VALID
21C-04064,2026-08-13 22:22:00,505.3,0.0,0.0,"Xã Yên Bình, Tỉnh Lào Cai",0.0,2.0,1,0,0.0,0.0,505.3,0.0,5.0,1,Stopped,0,0,0,0,0,VALID,VALID
21C-04064,2026-08-13 22:24:00,505.4,0.0,0.0,"Xã Yên Bình, Tỉnh Lào Cai",0.0,2.0,1,0,0.0999999999999659,0.04999999999998295,505.3,0.04472136099102575,5.0,1,Stopped,0,0,0,0,0,VALID,VALID
21C-04064,2026-08-13 22:26:00,505.4,0.0,0.0,"Xã Yên Bình, Tỉnh Lào Cai",0.0,2.0,1,0,0.0,0.0,505.3,0.05477225692717064,5.0,1,Stopped,0,0,0,0,0,VALID,VALID
21C-04064,2026-08-13 22:28:00,505.4,0.0,0.0,"Xã Yên Bình, Tỉnh Lào Cai",0.0,2.0,1,0,0.0,0.0,505.4,0.054772256927239395,5.0,1,Stopped,0,0,0,0,0,VALID,VALID
21C-04064,2026-08-13 22:30:00,505.4,0.0,0.0,"Xã Yên Bình, Tỉnh Lào Cai",0.0,2.0,1,0,0.0,0.0,505.4,0.044721360991278374,5.0,1,Stopped,0,0,0,0,0,VALID,VALID
21C-04064,2026-08-13 22:33:00,505.4,0.0,0.0,"Xã Yên Bình, Tỉnh Lào Cai",0.0,3.0,1,0,0.0,0.0,505.4,0.0,5.0,1,Stopped,0,0,0,0,0,VALID,VALID
21C-04064,2026-08-13 22:35:00,505.4,0.0,0.0,"Xã Yên Bình, Tỉnh Lào Cai",0.0,2.0,1,0,0.0,0.0,505.4,0.0,5.0,1,Stopped,0,0,0,0,0,VALID,VALID
21C-04064,2026-08-13 22:37:00,505.4,0.0,0.0,"Xã Yên Bình, Tỉnh Lào Cai",0.0,2.0,1,0,0.0,0.0,505.4,0.0,5.0,1,Stopped,0,0,0,0,0,VALID,VALID
21C-04064,2026-08-13 22:39:00,505.4,0.0,0.0,"Xã Yên Bình, Tỉnh Lào Cai",0.0,2.0,1,0,0.0,0.0,505.4,0.0,5.0,1,Stopped,0,0,0,0,0,VALID,VALID
21C-04064,2026-08-13 22:41:00,505.4,0.0,0.0,"Xã Yên Bình, Tỉnh Lào Cai",0.0,2.0,1,0,0.0,0.0,505.4,0.0,5.0,1,Stopped,0,0,0,0,0,VALID,VALID
21C-04064,2026-08-13 22:44:00,505.4,0.0,0.0,"Xã Yên Bình, Tỉnh Lào Cai",0.0,3.0,1,0,0.0,0.0,505.4,0.0,5.0,1,Stopped,0,0,0,0,0,VALID,VALID
21C-04064,2026-08-13 22:46:00,505.4,0.0,0.0,"Xã Yên Bình, Tỉnh Lào Cai",0.0,2.0,1,0,0.0,0.0,505.4,0.0,5.0,1,Stopped,0,0,0,0,0,VALID,VALID
21C-04064,2026-08-13 22:48:00,505.4,0.0,0.0,"Xã Yên Bình, Tỉnh Lào Cai",0.0,2.0,1,0,0.0,0.0,505.4,0.0,5.0,1,Stopped,0,0,0,0,0,VALID,VALID
21C-04064,2026-08-13 22:50:00,505.4,0.0,0.0,"Xã Yên Bình, Tỉnh Lào Cai",0.0,2.0,1,0,0.0,0.0,505.4,0.0,5.0,1,Stopped,0,0,0,0,0,VALID,VALID
21C-04064,2026-08-13 22:52:00,505.4,0.0,0.0,"Xã Yên Bình, Tỉnh Lào Cai",0.0,2.0,1,0,0.0,0.0,505.4,0.0,5.0,1,Stopped,0,0,0,0,0,VALID,VALID
21C-04064,2026-08-13 22:54:00,505.4,0.0,0.0,"Xã Yên Bình, Tỉnh Lào Cai",0.0,2.0,1,0,0.0,0.0,505.4,0.0,5.0,1,Stopped,0,0,0,0,0,VALID,VALID
21C-04064,2026-08-13 22:57:00,505.4,0.0,0.0,"Xã Yên Bình, Tỉnh Lào Cai",0.0,3.0,1,0,0.0,0.0,505.4,0.0,5.0,1,Stopped,0,0,0,0,0,VALID,VALID
21C-04064,2026-08-13 22:59:00,505.4,0.0,0.0,"Xã Yên Bình, Tỉnh Lào Cai",0.0,2.0,1,0,0.0,0.0,505.4,0.0,5.0,1,Stopped,0,0,0,0,0,VALID,VALID
21C-04064,2026-08-13 23:01:00,505.4,0.0,0.0,"Xã Yên Bình, Tỉnh Lào Cai",0.0,2.0,1,0,0.0,0.0,505.4,0.0,5.0,1,Stopped,0,0,0,0,0,VALID,VALID
21C-04064,2026-08-13 23:03:00,505.4,0.0,0.0,"Xã Yên Bình, Tỉnh Lào Cai",0.0,2.0,1,0,0.0,0.0,505.4,0.0,5.0,1,Stopped,0,0,0,0,0,VALID,VALID
21C-04064,2026-08-13 23:05:00,505.4,0.0,0.0,"Xã Yên Bình, Tỉnh Lào Cai",0.0,2.0,1,0,0.0,0.0,505.4,0.0,5.0,1,Stopped,0,0,0,0,0,VALID,VALID
21C-04064,2026-08-13 23:08:00,505.4,0.0,0.0,"Xã Yên Bình, Tỉnh Lào Cai",0.0,3.0,1,0,0.0,0.0,505.4,0.0,5.0,1,Stopped,0,0,0,0,0,VALID,VALID
21C-04064,2026-08-13 23:10:00,505.4,0.0,0.0,"Xã Yên Bình, Tỉnh Lào Cai",0.0,2.0,1,0,0.0,0.0,505.4,0.0,5.0,1,Stopped,0,0,0,0,0,VALID,VALID
21C-04064,2026-08-13 23:12:00,505.4,0.0,0.0,"Xã Yên Bình, Tỉnh Lào Cai",0.0,2.0,1,0,0.0,0.0,505.4,0.0,5.0,1,Stopped,0,0,0,0,0,VALID,VALID
21C-04064,2026-08-13 23:14:00,505.4,0.0,0.0,"Xã Yên Bình, Tỉnh Lào Cai",0.0,2.0,1,0,0.0,0.0,505.4,0.0,5.0,1,Stopped,0,0,0,0,0,VALID,VALID
21C-04064,2026-08-13 23:16:00,505.4,0.0,0.0,"Xã Yên Bình, Tỉnh Lào Cai",0.0,2.0,1,0,0.0,0.0,505.4,0.0,5.0,1,Stopped,0,0,0,0,0,VALID,VALID
21C-04064,2026-08-13 23:18:00,505.4,0.0,0.0,"Xã Yên Bình, Tỉnh Lào Cai",0.0,2.0,1,0,0.0,0.0,505.4,0.0,5.0,1,Stopped,0,0,0,0,0,VALID,VALID
21C-04064,2026-08-13 23:21:00,505.4,0.0,0.0,"Xã Yên Bình, Tỉnh Lào Cai",0.0,3.0,1,0,0.0,0.0,505.4,0.0,5.0,1,Stopped,0,0,0,0,0,VALID,VALID
21C-04064,2026-08-13 23:23:00,505.4,0.0,0.0,"Xã Yên Bình, Tỉnh Lào Cai",0.0,2.0,1,0,0.0,0.0,505.4,0.0,5.0,1,Stopped,0,0,0,0,0,VALID,VALID
21C-04064,2026-08-13 23:25:00,505.4,0.0,0.0,"Xã Yên Bình, Tỉnh Lào Cai",0.0,2.0,1,0,0.0,0.0,505.4,0.0,5.0,1,Stopped,0,0,0,0,0,VALID,VALID
21C-04064,2026-08-13 23:27:00,505.4,0.0,0.0,"Xã Yên Bình, Tỉnh Lào Cai",0.0,2.0,1,0,0.0,0.0,505.4,0.0,5.0,1,Stopped,0,0,0,0,0,VALID,VALID
21C-04064,2026-08-13 23:29:00,505.4,0.0,0.0,"Xã Yên Bình, Tỉnh Lào Cai",0.0,2.0,1,0,0.0,0.0,505.4,0.0,5.0,1,Stopped,0,0,0,0,0,VALID,VALID
21C-04064,2026-08-13 23:32:00,505.4,0.0,0.0,"Xã Yên Bình, Tỉnh Lào Cai",0.0,3.0,1,0,0.0,0.0,505.4,0.0,5.0,1,Stopped,0,0,0,0,0,VALID,VALID
21C-04064,2026-08-13 23:34:00,505.4,0.0,0.0,"Xã Yên Bình, Tỉnh Lào Cai",0.0,2.0,1,0,0.0,0.0,505.4,0.0,5.0,1,Stopped,0,0,0,0,0,VALID,VALID
21C-04064,2026-08-13 23:36:00,505.4,0.0,0.0,"Xã Yên Bình, Tỉnh Lào Cai",0.0,2.0,1,0,0.0,0.0,505.4,0.0,5.0,1,Stopped,0,0,0,0,0,VALID,VALID
21C-04064,2026-08-13 23:38:00,505.4,0.0,0.0,"Xã Yên Bình, Tỉnh Lào Cai",0.0,2.0,1,0,0.0,0.0,505.4,0.0,5.0,1,Stopped,0,0,0,0,0,VALID,VALID
21C-04064,2026-08-13 23:40:00,505.4,0.0,0.0,"Xã Yên Bình, Tỉnh Lào Cai",0.0,2.0,1,0,0.0,0.0,505.4,0.0,5.0,1,Stopped,0,0,0,0,0,VALID,VALID
21C-04064,2026-08-13 23:42:00,505.4,0.0,0.0,"Xã Yên Bình, Tỉnh Lào Cai",0.0,2.0,1,0,0.0,0.0,505.4,0.0,5.0,1,Stopped,0,0,0,0,0,VALID,VALID
21C-04064,2026-08-13 23:45:00,505.4,0.0,0.0,"Xã Yên Bình, Tỉnh Lào Cai",0.0,3.0,1,0,0.0,0.0,505.4,0.0,5.0,1,Stopped,0,0,0,0,0,VALID,VALID
21C-04064,2026-08-13 23:47:00,505.4,0.0,0.0,"Xã Yên Bình, Tỉnh Lào Cai",0.0,2.0,1,0,0.0,0.0,505.4,0.0,5.0,1,Stopped,0,0,0,0,0,VALID,VALID
21C-04064,2026-08-13 23:48:00,505.0,0.0,0.0,"Xã Yên Bình, Tỉnh Lào Cai",0.0,1.0,1,0,-0.39999999999997726,-0.39999999999997726,505.4,0.17888543856022596,5.0,1,Stopped,0,0,0,0,0,VALID,VALID
21C-04064,2026-08-13 23:50:00,505.4,0.0,0.0,"Xã Yên Bình, Tỉnh Lào Cai",0.0,2.0,1,0,0.39999999999997726,0.19999999999998863,505.4,0.17888543856022596,5.0,1,Stopped,0,0,0,0,0,VALID,VALID
21C-04064,2026-08-13 23:52:00,505.4,0.0,0.0,"Xã Yên Bình, Tỉnh Lào Cai",0.0,2.0,1,0,0.0,0.0,505.4,0.17888543856022596,5.0,1,Stopped,0,0,0,0,0,VALID,VALID
21C-04064,2026-08-13 23:55:00,505.4,0.0,0.0,"Xã Yên Bình, Tỉnh Lào Cai",0.0,3.0,1,0,0.0,0.0,505.4,0.17888543856022596,5.0,1,Stopped,0,0,0,0,0,VALID,VALID
21C-04064,2026-08-13 23:57:00,505.4,0.0,0.0,"Xã Yên Bình, Tỉnh Lào Cai",0.0,2.0,1,0,0.0,0.0,505.4,0.17888543856022596,5.0,1,Stopped,0,0,0,0,0,VALID,VALID
21C-04064,2026-08-13 23:59:00,505.4,0.0,0.0,"Xã Yên Bình, Tỉnh Lào Cai",0.0,2.0,1,0,0.0,0.0,505.4,0.0,5.0,1,Stopped,0,0,0,0,0,VALID,VALID
21C-04064,2026-08-14 00:00:00,505.4,0.0,0.0,"Xã Yên Bình, Tỉnh Lào Cai",0.0,1.0,1,0,0.0,0.0,505.4,0.0,5.0,1,Stopped,0,0,0,0,0,VALID,VALID
21C-04064,2026-08-14 00:02:00,505.4,0.0,0.0,"Xã Yên Bình, Tỉnh Lào Cai",0.0,2.0,1,0,0.0,0.0,505.4,0.0,5.0,1,Stopped,0,0,0,0,0,VALID,VALID
21C-04064,2026-08-14 00:04:00,505.4,0.0,0.0,"Xã Yên Bình, Tỉnh Lào Cai",0.0,2.0,1,0,0.0,0.0,505.4,0.0,5.0,1,Stopped,0,0,0,0,0,VALID,VALID
21C-04064,2026-08-14 00:06:00,505.4,0.0,0.0,"Xã Yên Bình, Tỉnh Lào Cai",0.0,2.0,1,0,0.0,0.0,505.4,0.0,5.0,1,Stopped,0,0,0,0,0,VALID,VALID
21C-04064,2026-08-14 00:08:00,505.4,0.0,0.0,"Xã Yên Bình, Tỉnh Lào Cai",0.0,2.0,1,0,0.0,0.0,505.4,0.0,5.0,1,Stopped,0,0,0,0,0,VALID,VALID
21C-04064,2026-08-14 00:10:00,505.4,0.0,0.0,"Xã Yên Bình, Tỉnh Lào Cai",0.0,2.0,1,0,0.0,0.0,505.4,0.0,5.0,1,Stopped,0,0,0,0,0,VALID,VALID
21C-04064,2026-08-14 00:13:00,505.4,0.0,0.0,"Xã Yên Bình, Tỉnh Lào Cai",0.0,3.0,1,0,0.0,0.0,505.4,0.0,5.0,1,Stopped,0,0,0,0,0,VALID,VALID
21C-04064,2026-08-14 00:15:00,505.4,0.0,0.0,"Xã Yên Bình, Tỉnh Lào Cai",0.0,2.0,1,0,0.0,0.0,505.4,0.0,5.0,1,Stopped,0,0,0,0,0,VALID,VALID
21C-04064,2026-08-14 00:17:00,505.4,0.0,0.0,"Xã Yên Bình, Tỉnh Lào Cai",0.0,2.0,1,0,0.0,0.0,505.4,0.0,5.0,1,Stopped,0,0,0,0,0,VALID,VALID
21C-04064,2026-08-14 00:19:00,505.4,0.0,0.0,"Xã Yên Bình, Tỉnh Lào Cai",0.0,2.0,1,0,0.0,0.0,505.4,0.0,5.0,1,Stopped,0,0,0,0,0,VALID,VALID
21C-04064,2026-08-14 00:21:00,505.4,0.0,0.0,"Xã Yên Bình, Tỉnh Lào Cai",0.0,2.0,1,0,0.0,0.0,505.4,0.0,5.0,1,Stopped,0,0,0,0,0,VALID,VALID
21C-04064,2026-08-14 00:24:00,505.4,0.0,0.0,"Xã Yên Bình, Tỉnh Lào Cai",0.0,3.0,1,0,0.0,0.0,505.4,0.0,5.0,1,Stopped,0,0,0,0,0,VALID,VALID
21C-04064,2026-08-14 00:26:00,505.4,0.0,0.0,"Xã Yên Bình, Tỉnh Lào Cai",0.0,2.0,1,0,0.0,0.0,505.4,0.0,5.0,1,Stopped,0,0,0,0,0,VALID,VALID
21C-04064,2026-08-14 00:28:00,505.6,0.0,0.0,"Xã Yên Bình, Tỉnh Lào Cai",0.0,2.0,1,0,0.20000000000004547,0.10000000000002274,505.4,0.08944271982080382,5.0,1,Stopped,0,0,0,0,0,VALID,VALID
21C-04064,2026-08-14 00:30:00,505.6,0.0,0.0,"Xã Yên Bình, Tỉnh Lào Cai",0.0,2.0,1,0,0.0,0.0,505.4,0.10954451208964777,5.0,1,Stopped,0,0,0,0,0,VALID,VALID
21C-04064,2026-08-14 00:32:00,505.6,0.0,0.0,"Xã Yên Bình, Tỉnh Lào Cai",0.0,2.0,1,0,0.0,0.0,505.6,0.10954451208971133,5.0,1,Stopped,0,0,0,0,0,VALID,VALID
21C-04064,2026-08-14 00:34:00,505.6,0.0,0.0,"Xã Yên Bình, Tỉnh Lào Cai",0.0,2.0,1,0,0.0,0.0,505.6,0.08944271982103738,5.0,1,Stopped,0,0,0,0,0,VALID,VALID
21C-04064,2026-08-14 00:37:00,505.6,0.0,0.0,"Xã Yên Bình, Tỉnh Lào Cai",0.0,3.0,1,0,0.0,0.0,505.6,0.0,5.0,1,Stopped,0,0,0,0,0,VALID,VALID
21C-04064,2026-08-14 00:39:00,505.6,0.0,0.0,"Xã Yên Bình, Tỉnh Lào Cai",0.0,2.0,1,0,0.0,0.0,505.6,0.0,5.0,1,Stopped,0,0,0,0,0,VALID,VALID
21C-04064,2026-08-14 00:41:00,505.6,0.0,0.0,"Xã Yên Bình, Tỉnh Lào Cai",0.0,2.0,1,0,0.0,0.0,505.6,0.0,5.0,1,Stopped,0,0,0,0,0,VALID,VALID
21C-04064,2026-08-14 00:43:00,505.6,0.0,0.0,"Xã Yên Bình, Tỉnh Lào Cai",0.0,2.0,1,0,0.0,0.0,505.6,0.0,5.0,1,Stopped,0,0,0,0,0,VALID,VALID
21C-04064,2026-08-14 00:45:00,505.6,0.0,0.0,"Xã Yên Bình, Tỉnh Lào Cai",0.0,2.0,1,0,0.0,0.0,505.6,0.0,5.0,1,Stopped,0,0,0,0,0,VALID,VALID
21C-04064,2026-08-14 00:48:00,505.6,0.0,0.0,"Xã Yên Bình, Tỉnh Lào Cai",0.0,3.0,1,0,0.0,0.0,505.6,0.0,5.0,1,Stopped,0,0,0,0,0,VALID,VALID
21C-04064,2026-08-14 00:50:00,505.6,0.0,0.0,"Xã Yên Bình, Tỉnh Lào Cai",0.0,2.0,1,0,0.0,0.0,505.6,0.0,5.0,1,Stopped,0,0,0,0,0,VALID,VALID
21C-04064,2026-08-14 00:52:00,505.6,0.0,0.0,"Xã Yên Bình, Tỉnh Lào Cai",0.0,2.0,1,0,0.0,0.0,505.6,0.0,5.0,1,Stopped,0,0,0,0,0,VALID,VALID
21C-04064,2026-08-14 00:54:00,505.6,0.0,0.0,"Xã Yên Bình, Tỉnh Lào Cai",0.0,2.0,1,0,0.0,0.0,505.6,0.0,5.0,1,Stopped,0,0,0,0,0,VALID,VALID
21C-04064,2026-08-14 00:56:00,505.6,0.0,0.0,"Xã Yên Bình, Tỉnh Lào Cai",0.0,2.0,1,0,0.0,0.0,505.6,0.0,5.0,1,Stopped,0,0,0,0,0,VALID,VALID
21C-04064,2026-08-14 00:58:00,505.6,0.0,0.0,"Xã Yên Bình, Tỉnh Lào Cai",0.0,2.0,1,0,0.0,0.0,505.6,0.0,5.0,1,Stopped,0,0,0,0,0,VALID,VALID
21C-04064,2026-08-14 01:01:00,505.6,0.0,0.0,"Xã Yên Bình, Tỉnh Lào Cai",0.0,3.0,1,0,0.0,0.0,505.6,0.0,5.0,1,Stopped,0,0,0,0,0,VALID,VALID
21C-04064,2026-08-14 01:03:00,505.6,0.0,0.0,"Xã Yên Bình, Tỉnh Lào Cai",0.0,2.0,1,0,0.0,0.0,505.6,0.0,5.0,1,Stopped,0,0,0,0,0,VALID,VALID
21C-04064,2026-08-14 01:05:00,505.6,0.0,0.0,"Xã Yên Bình, Tỉnh Lào Cai",0.0,2.0,1,0,0.0,0.0,505.6,0.0,5.0,1,Stopped,0,0,0,0,0,VALID,VALID
21C-04064,2026-08-14 01:07:00,505.6,0.0,0.0,"Xã Yên Bình, Tỉnh Lào Cai",0.0,2.0,1,0,0.0,0.0,505.6,0.0,5.0,1,Stopped,0,0,0,0,0,VALID,VALID
21C-04064,2026-08-14 01:09:00,505.6,0.0,0.0,"Xã Yên Bình, Tỉnh Lào Cai",0.0,2.0,1,0,0.0,0.0,505.6,0.0,5.0,1,Stopped,0,0,0,0,0,VALID,VALID
21C-04064,2026-08-14 01:12:00,505.6,0.0,0.0,"Xã Yên Bình, Tỉnh Lào Cai",0.0,3.0,1,0,0.0,0.0,505.6,0.0,5.0,1,Stopped,0,0,0,0,0,VALID,VALID
21C-04064,2026-08-14 01:14:00,505.6,0.0,0.0,"Xã Yên Bình, Tỉnh Lào Cai",0.0,2.0,1,0,0.0,0.0,505.6,0.0,5.0,1,Stopped,0,0,0,0,0,VALID,VALID
21C-04064,2026-08-14 01:16:00,505.6,0.0,0.0,"Xã Yên Bình, Tỉnh Lào Cai",0.0,2.0,1,0,0.0,0.0,505.6,0.0,5.0,1,Stopped,0,0,0,0,0,VALID,VALID
21C-04064,2026-08-14 01:18:00,505.6,0.0,0.0,"Xã Yên Bình, Tỉnh Lào Cai",0.0,2.0,1,0,0.0,0.0,505.6,0.0,5.0,1,Stopped,0,0,0,0,0,VALID,VALID
21C-04064,2026-08-14 01:20:00,505.6,0.0,0.0,"Xã Yên Bình, Tỉnh Lào Cai",0.0,2.0,1,0,0.0,0.0,505.6,0.0,5.0,1,Stopped,0,0,0,0,0,VALID,VALID
21C-04064,2026-08-14 01:22:00,505.6,0.0,0.0,"Xã Yên Bình, Tỉnh Lào Cai",0.0,2.0,1,0,0.0,0.0,505.6,0.0,5.0,1,Stopped,0,0,0,0,0,VALID,VALID
21C-04064,2026-08-14 01:25:00,505.6,0.0,0.0,"Xã Yên Bình, Tỉnh Lào Cai",0.0,3.0,1,0,0.0,0.0,505.6,0.0,5.0,1,Stopped,0,0,0,0,0,VALID,VALID
21C-04064,2026-08-14 01:27:00,505.6,0.0,0.0,"Xã Yên Bình, Tỉnh Lào Cai",0.0,2.0,1,0,0.0,0.0,505.6,0.0,5.0,1,Stopped,0,0,0,0,0,VALID,VALID
21C-04064,2026-08-14 01:29:00,505.6,0.0,0.0,"Xã Yên Bình, Tỉnh Lào Cai",0.0,2.0,1,0,0.0,0.0,505.6,0.0,5.0,1,Stopped,0,0,0,0,0,VALID,VALID
21C-04064,2026-08-14 01:31:00,505.6,0.0,0.0,"Xã Yên Bình, Tỉnh Lào Cai",0.0,2.0,1,0,0.0,0.0,505.6,0.0,5.0,1,Stopped,0,0,0,0,0,VALID,VALID
21C-04064,2026-08-14 01:33:00,505.6,0.0,0.0,"Xã Yên Bình, Tỉnh Lào Cai",0.0,2.0,1,0,0.0,0.0,505.6,0.0,5.0,1,Stopped,0,0,0,0,0,VALID,VALID
21C-04064,2026-08-14 01:36:00,505.6,0.0,0.0,"Xã Yên Bình, Tỉnh Lào Cai",0.0,3.0,1,0,0.0,0.0,505.6,0.0,5.0,1,Stopped,0,0,0,0,0,VALID,VALID
21C-04064,2026-08-14 01:38:00,505.6,0.0,0.0,"Xã Yên Bình, Tỉnh Lào Cai",0.0,2.0,1,0,0.0,0.0,505.6,0.0,5.0,1,Stopped,0,0,0,0,0,VALID,VALID
21C-04064,2026-08-14 01:40:00,505.6,0.0,0.0,"Xã Yên Bình, Tỉnh Lào Cai",0.0,2.0,1,0,0.0,0.0,505.6,0.0,5.0,1,Stopped,0,0,0,0,0,VALID,VALID
21C-04064,2026-08-14 01:42:00,505.6,0.0,0.0,"Xã Yên Bình, Tỉnh Lào Cai",0.0,2.0,1,0,0.0,0.0,505.6,0.0,5.0,1,Stopped,0,0,0,0,0,VALID,VALID
21C-04064,2026-08-14 01:44:00,505.6,0.0,0.0,"Xã Yên Bình, Tỉnh Lào Cai",0.0,2.0,1,0,0.0,0.0,505.6,0.0,5.0,1,Stopped,0,0,0,0,0,VALID,VALID
21C-04064,2026-08-14 01:46:00,505.6,0.0,0.0,"Xã Yên Bình, Tỉnh Lào Cai",0.0,2.0,1,0,0.0,0.0,505.6,0.0,5.0,1,Stopped,0,0,0,0,0,VALID,VALID
21C-04064,2026-08-14 01:49:00,505.6,0.0,0.0,"Xã Yên Bình, Tỉnh Lào Cai",0.0,3.0,1,0,0.0,0.0,505.6,0.0,5.0,1,Stopped,0,0,0,0,0,VALID,VALID
21C-04064,2026-08-14 01:51:00,505.6,0.0,0.0,"Xã Yên Bình, Tỉnh Lào Cai",0.0,2.0,1,0,0.0,0.0,505.6,0.0,5.0,1,Stopped,0,0,0,0,0,VALID,VALID
21C-04064,2026-08-14 01:53:00,505.6,0.0,0.0,"Xã Yên Bình, Tỉnh Lào Cai",0.0,2.0,1,0,0.0,0.0,505.6,0.0,5.0,1,Stopped,0,0,0,0,0,VALID,VALID
21C-04064,2026-08-14 01:55:00,505.6,0.0,0.0,"Xã Yên Bình, Tỉnh Lào Cai",0.0,2.0,1,0,0.0,0.0,505.6,0.0,5.0,1,Stopped,0,0,0,0,0,VALID,VALID
21C-04064,2026-08-14 01:57:00,505.6,0.0,0.0,"Xã Yên Bình, Tỉnh Lào Cai",0.0,2.0,1,0,0.0,0.0,505.6,0.0,5.0,1,Stopped,0,0,0,0,0,VALID,VALID
21C-04064,2026-08-14 02:00:00,505.7,0.0,0.0,"Xã Yên Bình, Tỉnh Lào Cai",0.0,3.0,1,0,0.0999999999999659,0.03333333333332197,505.6,0.04472136099222211,5.0,1,Stopped,0,0,0,0,0,VALID,VALID
21C-04064,2026-08-14 02:02:00,505.7,0.0,0.0,"Xã Yên Bình, Tỉnh Lào Cai",0.0,2.0,1,0,0.0,0.0,505.6,0.05477225692811373,5.0,1,Stopped,0,0,0,0,0,VALID,VALID
21C-04064,2026-08-14 02:04:00,505.7,0.0,0.0,"Xã Yên Bình, Tỉnh Lào Cai",0.0,2.0,1,0,0.0,0.0,505.7,0.05477225692814876,5.0,1,Stopped,0,0,0,0,0,VALID,VALID
21C-04064,2026-08-14 02:06:00,505.3,0.0,0.0,"Xã Yên Bình, Tỉnh Lào Cai",0.0,2.0,1,0,-0.39999999999997726,-0.19999999999998863,505.7,0.17320508112924685,5.0,1,Stopped,0,0,0,0,0,VALID,VALID
21C-04064,2026-08-14 02:08:00,505.7,0.0,0.0,"Xã Yên Bình, Tỉnh Lào Cai",0.0,2.0,1,0,0.39999999999997726,0.19999999999998863,505.7,0.17888543856052566,5.0,1,Stopped,0,0,0,0,0,VALID,VALID
21C-04064,2026-08-14 02:10:00,505.7,0.0,0.0,"Xã Yên Bình, Tỉnh Lào Cai",0.0,2.0,1,0,0.0,0.0,505.7,0.17888543856052566,5.0,1,Stopped,0,0,0,0,0,VALID,VALID
21C-04064,2026-08-14 02:12:00,505.7,0.0,0.0,"Xã Yên Bình, Tỉnh Lào Cai",0.0,2.0,1,0,0.0,0.0,505.7,0.17888543856052566,5.0,1,Stopped,0,0,0,0,0,VALID,VALID
21C-04064,2026-08-14 02:14:00,505.7,0.0,0.0,"Xã Yên Bình, Tỉnh Lào Cai",0.0,2.0,1,0,0.0,0.0,505.7,0.17888543856052566,5.0,1,Stopped,0,0,0,0,0,VALID,VALID
21C-04064,2026-08-14 02:16:00,505.9,0.0,0.0,"Xã Yên Bình, Tỉnh Lào Cai",0.0,2.0,1,0,0.19999999999998863,0.09999999999999432,505.7,0.08944271982116489,5.0,1,Stopped,0,0,0,0,0,VALID,VALID
21C-04064,2026-08-14 02:18:00,505.9,0.0,0.0,"Xã Yên Bình, Tỉnh Lào Cai",0.0,2.0,1,0,0.0,0.0,505.7,0.10954451208987837,5.0,1,Stopped,0,0,0,0,0,VALID,VALID
21C-04064,2026-08-14 02:21:00,505.9,0.0,0.0,"Xã Yên Bình, Tỉnh Lào Cai",0.0,3.0,1,0,0.0,0.0,505.9,0.10954451208989005,5.0,1,Stopped,0,0,0,0,0,VALID,VALID
21C-04064,2026-08-14 02:23:00,505.9,0.0,0.0,"Xã Yên Bình, Tỉnh Lào Cai",0.0,2.0,1,0,0.0,0.0,505.9,0.08944271982122448,5.0,1,Stopped,0,0,0,0,0,VALID,VALID
21C-04064,2026-08-14 02:25:00,505.9,0.0,0.0,"Xã Yên Bình, Tỉnh Lào Cai",0.0,2.0,1,0,0.0,0.0,505.9,0.0,5.0,1,Stopped,0,0,0,0,0,VALID,VALID
21C-04064,2026-08-14 02:27:00,505.9,0.0,0.0,"Xã Yên Bình, Tỉnh Lào Cai",0.0,2.0,1,0,0.0,0.0,505.9,0.0,5.0,1,Stopped,0,0,0,0,0,VALID,VALID
21C-04064,2026-08-14 02:29:00,505.9,0.0,0.0,"Xã Yên Bình, Tỉnh Lào Cai",0.0,2.0,1,0,0.0,0.0,505.9,0.0,5.0,1,Stopped,0,0,0,0,0,VALID,VALID
21C-04064,2026-08-14 02:32:00,505.9,0.0,0.0,"Xã Yên Bình, Tỉnh Lào Cai",0.0,3.0,1,0,0.0,0.0,505.9,0.0,5.0,1,Stopped,0,0,0,0,0,VALID,VALID
21C-04064,2026-08-14 02:34:00,505.9,0.0,0.0,"Xã Yên Bình, Tỉnh Lào Cai",0.0,2.0,1,0,0.0,0.0,505.9,0.0,5.0,1,Stopped,0,0,0,0,0,VALID,VALID
21C-04064,2026-08-14 02:36:00,505.9,0.0,0.0,"Xã Yên Bình, Tỉnh Lào Cai",0.0,2.0,1,0,0.0,0.0,505.9,0.0,5.0,1,Stopped,0,0,0,0,0,VALID,VALID
21C-04064,2026-08-14 02:38:00,505.9,0.0,0.0,"Xã Yên Bình, Tỉnh Lào Cai",0.0,2.0,1,0,0.0,0.0,505.9,0.0,5.0,1,Stopped,0,0,0,0,0,VALID,VALID
21C-04064,2026-08-14 02:40:00,505.9,0.0,0.0,"Xã Yên Bình, Tỉnh Lào Cai",0.0,2.0,1,0,0.0,0.0,505.9,0.0,5.0,1,Stopped,0,0,0,0,0,VALID,VALID
21C-04064,2026-08-14 02:42:00,505.9,0.0,0.0,"Xã Yên Bình, Tỉnh Lào Cai",0.0,2.0,1,0,0.0,0.0,505.9,0.0,5.0,1,Stopped,0,0,0,0,0,VALID,VALID
21C-04064,2026-08-14 02:45:00,505.9,0.0,0.0,"Xã Yên Bình, Tỉnh Lào Cai",0.0,3.0,1,0,0.0,0.0,505.9,0.0,5.0,1,Stopped,0,0,0,0,0,VALID,VALID
21C-04064,2026-08-14 02:47:00,505.9,0.0,0.0,"Xã Yên Bình, Tỉnh Lào Cai",0.0,2.0,1,0,0.0,0.0,505.9,0.0,5.0,1,Stopped,0,0,0,0,0,VALID,VALID
21C-04064,2026-08-14 02:49:00,505.9,0.0,0.0,"Xã Yên Bình, Tỉnh Lào Cai",0.0,2.0,1,0,0.0,0.0,505.9,0.0,5.0,1,Stopped,0,0,0,0,0,VALID,VALID
21C-04064,2026-08-14 02:51:00,505.9,0.0,0.0,"Xã Yên Bình, Tỉnh Lào Cai",0.0,2.0,1,0,0.0,0.0,505.9,0.0,5.0,1,Stopped,0,0,0,0,0,VALID,VALID
21C-04064,2026-08-14 02:53:00,505.9,0.0,0.0,"Xã Yên Bình, Tỉnh Lào Cai",0.0,2.0,1,0,0.0,0.0,505.9,0.0,5.0,1,Stopped,0,0,0,0,0,VALID,VALID
21C-04064,2026-08-14 02:56:00,505.9,0.0,0.0,"Xã Yên Bình, Tỉnh Lào Cai",0.0,3.0,1,0,0.0,0.0,505.9,0.0,5.0,1,Stopped,0,0,0,0,0,VALID,VALID
21C-04064,2026-08-14 02:58:00,505.9,0.0,0.0,"Xã Yên Bình, Tỉnh Lào Cai",0.0,2.0,1,0,0.0,0.0,505.9,0.0,5.0,1,Stopped,0,0,0,0,0,VALID,VALID
21C-04064,2026-08-14 03:00:00,505.9,0.0,0.0,"Xã Yên Bình, Tỉnh Lào Cai",0.0,2.0,1,0,0.0,0.0,505.9,0.0,5.0,1,Stopped,0,0,0,0,0,VALID,VALID
21C-04064,2026-08-14 03:02:00,505.9,0.0,0.0,"Xã Yên Bình, Tỉnh Lào Cai",0.0,2.0,1,0,0.0,0.0,505.9,0.0,5.0,1,Stopped,0,0,0,0,0,VALID,VALID
21C-04064,2026-08-14 03:04:00,505.9,0.0,0.0,"Xã Yên Bình, Tỉnh Lào Cai",0.0,2.0,1,0,0.0,0.0,505.9,0.0,5.0,1,Stopped,0,0,0,0,0,VALID,VALID
21C-04064,2026-08-14 03:06:00,505.9,0.0,0.0,"Xã Yên Bình, Tỉnh Lào Cai",0.0,2.0,1,0,0.0,0.0,505.9,0.0,5.0,1,Stopped,0,0,0,0,0,VALID,VALID
21C-04064,2026-08-14 03:09:00,505.9,0.0,0.0,"Xã Yên Bình, Tỉnh Lào Cai",0.0,3.0,1,0,0.0,0.0,505.9,0.0,5.0,1,Stopped,0,0,0,0,0,VALID,VALID
21C-04064,2026-08-14 03:11:00,505.9,0.0,0.0,"Xã Yên Bình, Tỉnh Lào Cai",0.0,2.0,1,0,0.0,0.0,505.9,0.0,5.0,1,Stopped,0,0,0,0,0,VALID,VALID
21C-04064,2026-08-14 03:13:00,505.9,0.0,0.0,"Xã Yên Bình, Tỉnh Lào Cai",0.0,2.0,1,0,0.0,0.0,505.9,0.0,5.0,1,Stopped,0,0,0,0,0,VALID,VALID
21C-04064,2026-08-14 03:15:00,505.9,0.0,0.0,"Xã Yên Bình, Tỉnh Lào Cai",0.0,2.0,1,0,0.0,0.0,505.9,0.0,5.0,1,Stopped,0,0,0,0,0,VALID,VALID
21C-04064,2026-08-14 03:17:00,505.9,0.0,0.0,"Xã Yên Bình, Tỉnh Lào Cai",0.0,2.0,1,0,0.0,0.0,505.9,0.0,5.0,1,Stopped,0,0,0,0,0,VALID,VALID
21C-04064,2026-08-14 03:20:00,505.9,0.0,0.0,"Xã Yên Bình, Tỉnh Lào Cai",0.0,3.0,1,0,0.0,0.0,505.9,0.0,5.0,1,Stopped,0,0,0,0,0,VALID,VALID
21C-04064,2026-08-14 03:22:00,505.9,0.0,0.0,"Xã Yên Bình, Tỉnh Lào Cai",0.0,2.0,1,0,0.0,0.0,505.9,0.0,5.0,1,Stopped,0,0,0,0,0,VALID,VALID
21C-04064,2026-08-14 03:24:00,505.9,0.0,0.0,"Xã Yên Bình, Tỉnh Lào Cai",0.0,2.0,1,0,0.0,0.0,505.9,0.0,5.0,1,Stopped,0,0,0,0,0,VALID,VALID
21C-04064,2026-08-14 03:26:00,505.9,0.0,0.0,"Xã Yên Bình, Tỉnh Lào Cai",0.0,2.0,1,0,0.0,0.0,505.9,0.0,5.0,1,Stopped,0,0,0,0,0,VALID,VALID
21C-04064,2026-08-14 03:28:00,505.9,0.0,0.0,"Xã Yên Bình, Tỉnh Lào Cai",0.0,2.0,1,0,0.0,0.0,505.9,0.0,5.0,1,Stopped,0,0,0,0,0,VALID,VALID
21C-04064,2026-08-14 03:30:00,505.9,0.0,0.0,"Xã Yên Bình, Tỉnh Lào Cai",0.0,2.0,1,0,0.0,0.0,505.9,0.0,5.0,1,Stopped,0,0,0,0,0,VALID,VALID
21C-04064,2026-08-14 03:33:00,505.9,0.0,0.0,"Xã Yên Bình, Tỉnh Lào Cai",0.0,3.0,1,0,0.0,0.0,505.9,0.0,5.0,1,Stopped,0,0,0,0,0,VALID,VALID
21C-04064,2026-08-14 03:35:00,505.9,0.0,0.0,"Xã Yên Bình, Tỉnh Lào Cai",0.0,2.0,1,0,0.0,0.0,505.9,0.0,5.0,1,Stopped,0,0,0,0,0,VALID,VALID
21C-04064,2026-08-14 03:37:00,505.9,0.0,0.0,"Xã Yên Bình, Tỉnh Lào Cai",0.0,2.0,1,0,0.0,0.0,505.9,0.0,5.0,1,Stopped,0,0,0,0,0,VALID,VALID
21C-04064,2026-08-14 03:39:00,506.0,0.0,0.0,"Xã Yên Bình, Tỉnh Lào Cai",0.0,2.0,1,0,0.10000000000002274,0.05000000000001137,505.9,0.044721360992624914,5.0,1,Stopped,0,0,0,0,0,VALID,VALID
21C-04064,2026-08-14 03:41:00,506.0,0.0,0.0,"Xã Yên Bình, Tỉnh Lào Cai",0.0,2.0,1,0,0.0,0.0,505.9,0.0547722569284504,5.0,1,Stopped,0,0,0,0,0,VALID,VALID
21C-04064,2026-08-14 03:44:00,506.0,0.0,0.0,"Xã Yên Bình, Tỉnh Lào Cai",0.0,3.0,1,0,0.0,0.0,506.0,0.05477225692847375,5.0,1,Stopped,0,0,0,0,0,VALID,VALID
21C-04064,2026-08-14 03:46:00,506.0,0.0,0.0,"Xã Yên Bình, Tỉnh Lào Cai",0.0,2.0,1,0,0.0,0.0,506.0,0.04472136099272739,5.0,1,Stopped,0,0,0,0,0,VALID,VALID
21C-04064,2026-08-14 03:48:00,506.0,0.0,0.0,"Xã Yên Bình, Tỉnh Lào Cai",0.0,2.0,1,0,0.0,0.0,506.0,0.0,5.0,1,Stopped,0,0,0,0,0,VALID,VALID
21C-04064,2026-08-14 03:50:00,506.0,0.0,0.0,"Xã Yên Bình, Tỉnh Lào Cai",0.0,2.0,1,0,0.0,0.0,506.0,0.0,5.0,1,Stopped,0,0,0,0,0,VALID,VALID
21C-04064,2026-08-14 03:52:00,506.0,0.0,0.0,"Xã Yên Bình, Tỉnh Lào Cai",0.0,2.0,1,0,0.0,0.0,506.0,0.0,5.0,1,Stopped,0,0,0,0,0,VALID,VALID
21C-04064,2026-08-14 03:54:00,506.0,0.0,0.0,"Xã Yên Bình, Tỉnh Lào Cai",0.0,2.0,1,0,0.0,0.0,506.0,0.0,5.0,1,Stopped,0,0,0,0,0,VALID,VALID
21C-04064,2026-08-14 03:57:00,506.0,0.0,0.0,"Xã Yên Bình, Tỉnh Lào Cai",0.0,3.0,1,0,0.0,0.0,506.0,0.0,5.0,1,Stopped,0,0,0,0,0,VALID,VALID
21C-04064,2026-08-14 03:59:00,506.0,0.0,0.0,"Xã Yên Bình, Tỉnh Lào Cai",0.0,2.0,1,0,0.0,0.0,506.0,0.0,5.0,1,Stopped,0,0,0,0,0,VALID,VALID
21C-04064,2026-08-14 04:01:00,506.0,0.0,0.0,"Xã Yên Bình, Tỉnh Lào Cai",0.0,2.0,1,0,0.0,0.0,506.0,0.0,5.0,1,Stopped,0,0,0,0,0,VALID,VALID
21C-04064,2026-08-14 04:03:00,506.0,0.0,0.0,"Xã Yên Bình, Tỉnh Lào Cai",0.0,2.0,1,0,0.0,0.0,506.0,0.0,5.0,1,Stopped,0,0,0,0,0,VALID,VALID
21C-04064,2026-08-14 04:06:00,506.0,0.0,0.0,"Xã Yên Bình, Tỉnh Lào Cai",0.0,3.0,1,0,0.0,0.0,506.0,0.0,5.0,1,Stopped,0,0,0,0,0,VALID,VALID
21C-04064,2026-08-14 04:08:00,506.0,0.0,0.0,"Xã Yên Bình, Tỉnh Lào Cai",0.0,2.0,1,0,0.0,0.0,506.0,0.0,5.0,1,Stopped,0,0,0,0,0,VALID,VALID
21C-04064,2026-08-14 04:10:00,506.0,0.0,0.0,"Xã Yên Bình, Tỉnh Lào Cai",0.0,2.0,1,0,0.0,0.0,506.0,0.0,5.0,1,Stopped,0,0,0,0,0,VALID,VALID
21C-04064,2026-08-14 04:12:00,506.0,0.0,0.0,"Xã Yên Bình, Tỉnh Lào Cai",0.0,2.0,1,0,0.0,0.0,506.0,0.0,5.0,1,Stopped,0,0,0,0,0,VALID,VALID
21C-04064,2026-08-14 04:14:00,506.0,0.0,0.0,"Xã Yên Bình, Tỉnh Lào Cai",0.0,2.0,1,0,0.0,0.0,506.0,0.0,5.0,1,Stopped,0,0,0,0,0,VALID,VALID
21C-04064,2026-08-14 04:16:00,506.0,0.0,0.0,"Xã Yên Bình, Tỉnh Lào Cai",0.0,2.0,1,0,0.0,0.0,506.0,0.0,5.0,1,Stopped,0,0,0,0,0,VALID,VALID
21C-04064,2026-08-14 04:19:00,506.0,0.0,0.0,"Xã Yên Bình, Tỉnh Lào Cai",0.0,3.0,1,0,0.0,0.0,506.0,0.0,5.0,1,Stopped,0,0,0,0,0,VALID,VALID
21C-04064,2026-08-14 04:21:00,506.0,0.0,0.0,"Xã Yên Bình, Tỉnh Lào Cai",0.0,2.0,1,0,0.0,0.0,506.0,0.0,5.0,1,Stopped,0,0,0,0,0,VALID,VALID
21C-04064,2026-08-14 04:23:00,506.0,0.0,0.0,"Xã Yên Bình, Tỉnh Lào Cai",0.0,2.0,1,0,0.0,0.0,506.0,0.0,5.0,1,Stopped,0,0,0,0,0,VALID,VALID
21C-04064,2026-08-14 04:25:00,506.0,0.0,0.0,"Xã Yên Bình, Tỉnh Lào Cai",0.0,2.0,1,0,0.0,0.0,506.0,0.0,5.0,1,Stopped,0,0,0,0,0,VALID,VALID
21C-04064,2026-08-14 04:27:00,506.0,0.0,0.0,"Xã Yên Bình, Tỉnh Lào Cai",0.0,2.0,1,0,0.0,0.0,506.0,0.0,5.0,1,Stopped,0,0,0,0,0,VALID,VALID
21C-04064,2026-08-14 04:30:00,506.0,0.0,0.0,"Xã Yên Bình, Tỉnh Lào Cai",0.0,3.0,1,0,0.0,0.0,506.0,0.0,5.0,1,Stopped,0,0,0,0,0,VALID,VALID
21C-04064,2026-08-14 04:32:00,506.0,0.0,0.0,"Xã Yên Bình, Tỉnh Lào Cai",0.0,2.0,1,0,0.0,0.0,506.0,0.0,5.0,1,Stopped,0,0,0,0,0,VALID,VALID
21C-04064,2026-08-14 04:34:00,506.0,0.0,0.0,"Xã Yên Bình, Tỉnh Lào Cai",0.0,2.0,1,0,0.0,0.0,506.0,0.0,5.0,1,Stopped,0,0,0,0,0,VALID,VALID
21C-04064,2026-08-14 04:36:00,506.0,0.0,0.0,"Xã Yên Bình, Tỉnh Lào Cai",0.0,2.0,1,0,0.0,0.0,506.0,0.0,5.0,1,Stopped,0,0,0,0,0,VALID,VALID
21C-04064,2026-08-14 04:38:00,506.0,0.0,0.0,"Xã Yên Bình, Tỉnh Lào Cai",0.0,2.0,1,0,0.0,0.0,506.0,0.0,5.0,1,Stopped,0,0,0,0,0,VALID,VALID
21C-04064,2026-08-14 04:40:00,506.0,0.0,0.0,"Xã Yên Bình, Tỉnh Lào Cai",0.0,2.0,1,0,0.0,0.0,506.0,0.0,5.0,1,Stopped,0,0,0,0,0,VALID,VALID
21C-04064,2026-08-14 04:43:00,506.0,0.0,0.0,"Xã Yên Bình, Tỉnh Lào Cai",0.0,3.0,1,0,0.0,0.0,506.0,0.0,5.0,1,Stopped,0,0,0,0,0,VALID,VALID
21C-04064,2026-08-14 04:45:00,506.0,0.0,0.0,"Xã Yên Bình, Tỉnh Lào Cai",0.0,2.0,1,0,0.0,0.0,506.0,0.0,5.0,1,Stopped,0,0,0,0,0,VALID,VALID
21C-04064,2026-08-14 04:47:00,506.0,0.0,0.0,"Xã Yên Bình, Tỉnh Lào Cai",0.0,2.0,1,0,0.0,0.0,506.0,0.0,5.0,1,Stopped,0,0,0,0,0,VALID,VALID
21C-04064,2026-08-14 04:49:00,506.0,0.0,0.0,"Xã Yên Bình, Tỉnh Lào Cai",0.0,2.0,1,0,0.0,0.0,506.0,0.0,5.0,1,Stopped,0,0,0,0,0,VALID,VALID
21C-04064,2026-08-14 04:51:00,506.0,0.0,0.0,"Xã Yên Bình, Tỉnh Lào Cai",0.0,2.0,1,0,0.0,0.0,506.0,0.0,5.0,1,Stopped,0,0,0,0,0,VALID,VALID
21C-04064,2026-08-14 04:54:00,506.0,0.0,0.0,"Xã Yên Bình, Tỉnh Lào Cai",0.0,3.0,1,0,0.0,0.0,506.0,0.0,5.0,1,Stopped,0,0,0,0,0,VALID,VALID
21C-04064,2026-08-14 04:56:00,506.0,0.0,0.0,"Xã Yên Bình, Tỉnh Lào Cai",0.0,2.0,1,0,0.0,0.0,506.0,0.0,5.0,1,Stopped,0,0,0,0,0,VALID,VALID
21C-04064,2026-08-14 04:58:00,506.2,0.0,0.0,"Xã Yên Bình, Tỉnh Lào Cai",0.0,2.0,1,0,0.19999999999998863,0.09999999999999432,506.0,0.08944271982142349,5.0,1,Stopped,0,0,0,0,0,VALID,VALID
21C-04064,2026-08-14 05:00:00,506.2,0.0,0.0,"Xã Yên Bình, Tỉnh Lào Cai",0.0,2.0,1,0,0.0,0.0,506.0,0.10954451209011284,5.0,1,Stopped,0,0,0,0,0,VALID,VALID
21C-04064,2026-08-14 05:02:00,506.2,0.0,0.0,"Xã Yên Bình, Tỉnh Lào Cai",0.0,2.0,1,0,0.0,0.0,506.2,0.10954451209014139,5.0,1,Stopped,0,0,0,0,0,VALID,VALID
21C-04064,2026-08-14 05:04:00,506.2,0.0,0.0,"Xã Yên Bình, Tỉnh Lào Cai",0.0,2.0,1,0,0.0,0.0,506.2,0.08944271982153232,5.0,1,Stopped,0,0,0,0,0,VALID,VALID
21C-04064,2026-08-14 05:07:00,506.2,0.0,0.0,"Xã Yên Bình, Tỉnh Lào Cai",0.0,3.0,1,0,0.0,0.0,506.2,0.0,5.0,1,Stopped,0,0,0,0,0,VALID,VALID
21C-04064,2026-08-14 05:09:00,506.2,0.0,0.0,"Xã Yên Bình, Tỉnh Lào Cai",0.0,2.0,1,0,0.0,0.0,506.2,0.0,5.0,1,Stopped,0,0,0,0,0,VALID,VALID
21C-04064,2026-08-14 05:11:00,506.2,0.0,0.0,"Xã Yên Bình, Tỉnh Lào Cai",0.0,2.0,1,0,0.0,0.0,506.2,0.0,5.0,1,Stopped,0,0,0,0,0,VALID,VALID
21C-04064,2026-08-14 05:13:00,506.2,0.0,0.0,"Xã Yên Bình, Tỉnh Lào Cai",0.0,2.0,1,0,0.0,0.0,506.2,0.0,5.0,1,Stopped,0,0,0,0,0,VALID,VALID
21C-04064,2026-08-14 05:15:00,506.2,0.0,0.0,"Xã Yên Bình, Tỉnh Lào Cai",0.0,2.0,1,0,0.0,0.0,506.2,0.0,5.0,1,Stopped,0,0,0,0,0,VALID,VALID
21C-04064,2026-08-14 05:18:00,506.2,0.0,0.0,"Xã Yên Bình, Tỉnh Lào Cai",0.0,3.0,1,0,0.0,0.0,506.2,0.0,5.0,1,Stopped,0,0,0,0,0,VALID,VALID
21C-04064,2026-08-14 05:20:00,506.2,0.0,0.0,"Xã Yên Bình, Tỉnh Lào Cai",0.0,2.0,1,0,0.0,0.0,506.2,0.0,5.0,1,Stopped,0,0,0,0,0,VALID,VALID
21C-04064,2026-08-14 05:22:00,506.2,0.0,0.0,"Xã Yên Bình, Tỉnh Lào Cai",0.0,2.0,1,0,0.0,0.0,506.2,0.0,5.0,1,Stopped,0,0,0,0,0,VALID,VALID
21C-04064,2026-08-14 05:24:00,506.2,0.0,0.0,"Xã Yên Bình, Tỉnh Lào Cai",0.0,2.0,1,0,0.0,0.0,506.2,0.0,5.0,1,Stopped,0,0,0,0,0,VALID,VALID
21C-04064,2026-08-14 05:26:00,506.2,0.0,0.0,"Xã Yên Bình, Tỉnh Lào Cai",0.0,2.0,1,0,0.0,0.0,506.2,0.0,5.0,1,Stopped,0,0,0,0,0,VALID,VALID
21C-04064,2026-08-14 05:28:00,506.2,0.0,0.0,"Xã Yên Bình, Tỉnh Lào Cai",0.0,2.0,1,0,0.0,0.0,506.2,0.0,5.0,1,Stopped,0,0,0,0,0,VALID,VALID
21C-04064,2026-08-14 05:31:00,506.2,0.0,0.0,"Xã Yên Bình, Tỉnh Lào Cai",0.0,3.0,1,0,0.0,0.0,506.2,0.0,5.0,1,Stopped,0,0,0,0,0,VALID,VALID
21C-04064,2026-08-14 05:33:00,506.2,0.0,0.0,"Xã Yên Bình, Tỉnh Lào Cai",0.0,2.0,1,0,0.0,0.0,506.2,0.0,5.0,1,Stopped,0,0,0,0,0,VALID,VALID
21C-04064,2026-08-14 05:34:00,506.2,0.0,0.0,"Xã Yên Bình, Tỉnh Lào Cai",0.0,1.0,1,0,0.0,0.0,506.2,0.0,5.0,1,Stopped,0,0,0,0,0,VALID,VALID
21C-04064,2026-08-14 05:36:00,506.2,0.0,0.0,"Xã Yên Bình, Tỉnh Lào Cai",0.0,2.0,1,0,0.0,0.0,506.2,0.0,5.0,1,Stopped,0,0,0,0,0,VALID,VALID
21C-04064,2026-08-14 05:38:00,506.2,0.0,0.0,"Xã Yên Bình, Tỉnh Lào Cai",0.0,2.0,1,0,0.0,0.0,506.2,0.0,5.0,1,Stopped,0,0,0,0,0,VALID,VALID
21C-04064,2026-08-14 05:41:00,506.2,0.0,0.0,"Xã Yên Bình, Tỉnh Lào Cai",0.0,3.0,1,0,0.0,0.0,506.2,0.0,5.0,1,Stopped,0,0,0,0,0,VALID,VALID
21C-04064,2026-08-14 05:43:00,506.2,0.0,0.0,"Xã Yên Bình, Tỉnh Lào Cai",0.0,2.0,1,0,0.0,0.0,506.2,0.0,5.0,1,Stopped,0,0,0,0,0,VALID,VALID
21C-04064,2026-08-14 05:44:00,506.2,0.0,0.0,"Xã Yên Bình, Tỉnh Lào Cai",0.0,1.0,1,0,0.0,0.0,506.2,0.0,5.0,1,Stopped,0,0,0,0,0,VALID,VALID
21C-04064,2026-08-14 05:46:00,506.2,0.0,0.0,"Xã Yên Bình, Tỉnh Lào Cai",0.0,2.0,1,0,0.0,0.0,506.2,0.0,5.0,1,Stopped,0,0,0,0,0,VALID,VALID
21C-04064,2026-08-14 05:48:00,506.0,0.0,0.0,"Xã Yên Bình, Tỉnh Lào Cai",0.0,2.0,1,0,-0.19999999999998863,-0.09999999999999432,506.2,0.08944271982150372,5.0,1,Stopped,0,0,0,0,0,VALID,VALID
21C-04064,2026-08-14 05:50:00,506.0,0.0,0.0,"Xã Yên Bình, Tỉnh Lào Cai",0.0,2.0,1,0,0.0,0.0,506.2,0.10954451209007457,5.0,1,Stopped,0,0,0,0,0,VALID,VALID
21C-04064,2026-08-14 05:52:00,506.0,0.0,0.0,"Xã Yên Bình, Tỉnh Lào Cai",0.0,2.0,1,0,0.0,0.0,506.0,0.10954451208999932,5.0,1,Stopped,0,0,0,0,0,VALID,VALID
21C-04064,2026-08-14 05:54:00,505.9,0.0,0.0,"Xã Yên Bình, Tỉnh Lào Cai",0.0,2.0,1,0,-0.10000000000002274,-0.05000000000001137,506.0,0.10954451208988647,5.0,1,Stopped,0,0,0,0,0,VALID,VALID
21C-04064,2026-08-14 05:56:00,505.9,0.0,0.0,"Xã Yên Bình, Tỉnh Lào Cai",0.0,2.0,1,0,0.0,0.0,506.0,0.05477225692799893,5.0,1,Stopped,0,0,0,0,0,VALID,VALID
21C-04064,2026-08-14 05:58:00,505.7,0.0,0.0,"Xã Yên Bình, Tỉnh Lào Cai",0.0,2.0,1,0,-0.19999999999998863,-0.09999999999999432,505.9,0.1224744876656327,5.0,1,Stopped,0,0,0,0,0,VALID,VALID
21C-04064,2026-08-14 06:00:00,505.7,0.0,0.0,"Xã Yên Bình, Tỉnh Lào Cai",0.0,2.0,1,0,0.0,0.0,505.9,0.1341640791304881,5.0,1,Stopped,0,0,0,0,0,VALID,VALID
21C-04064,2026-08-14 06:02:00,505.6,0.0,0.0,"Xã Yên Bình, Tỉnh Lào Cai",0.0,2.0,1,0,-0.0999999999999659,-0.04999999999998295,505.7,0.13416407913031864,5.0,1,Stopped,0,0,0,0,0,VALID,VALID
21C-04064,2026-08-14 06:04:00,505.4,0.0,0.0,"Xã Yên Bình, Tỉnh Lào Cai",0.0,2.0,1,0,-0.20000000000004547,-0.10000000000002274,505.7,0.18165902160043765,5.0,1,Stopped,0,0,0,0,0,VALID,VALID
21C-04064,2026-08-14 06:06:00,505.4,0.0,0.0,"Xã Yên Bình, Tỉnh Lào Cai",0.0,2.0,1,0,0.0,0.0,505.6,0.15165750930556662,5.0,1,Stopped,0,0,0,0,0,VALID,VALID
21C-04064,2026-08-14 06:08:00,505.3,0.0,0.0,"Xã Yên Bình, Tỉnh Lào Cai",0.0,2.0,1,0,-0.0999999999999659,-0.04999999999998295,505.4,0.16431676764320605,5.0,1,Stopped,0,0,0,0,0,VALID,VALID
21C-04064,2026-08-14 06:10:00,505.3,0.0,0.0,"Xã Yên Bình, Tỉnh Lào Cai",0.0,2.0,1,0,0.0,0.0,505.4,0.12247448766440973,5.0,1,Stopped,0,0,0,0,0,VALID,VALID
21C-04064,2026-08-14 06:12:00,505.1,0.0,0.0,"Xã Yên Bình, Tỉnh Lào Cai",0.0,2.0,1,0,-0.19999999999998863,-0.09999999999999432,505.3,0.12247448766412546,5.0,1,Stopped,0,0,0,0,0,VALID,VALID
21C-04064,2026-08-14 06:14:00,505.1,0.0,0.0,"Xã Yên Bình, Tỉnh Lào Cai",0.0,2.0,1,0,0.0,0.0,505.3,0.1341640791290542,5.0,1,Stopped,0,0,0,0,0,VALID,VALID
21C-04064,2026-08-14 06:16:00,505.1,0.0,0.0,"Xã Yên Bình, Tỉnh Lào Cai",0.0,2.0,1,0,0.0,0.0,505.1,0.10954451208758156,5.0,1,Stopped,0,0,0,0,0,VALID,VALID
21C-04064,2026-08-14 06:18:00,503.2,0.0,0.0,"Xã Yên Bình, Tỉnh Lào Cai",0.0,2.0,1,0,-1.900000000000034,-0.950000000000017,505.1,0.8763560920814149,5.0,1,Stopped,0,0,0,0,0,VALID,VALID
21C-04064,2026-08-14 06:21:00,504.4,0.0,0.0,"Xã Yên Bình, Tỉnh Lào Cai",0.0,3.0,1,0,1.1999999999999886,0.3999999999999962,505.1,0.8288546314813475,5.0,1,Stopped,0,0,0,0,0,VALID,VALID
21C-04064,2026-08-14 06:23:00,504.7,0.0,0.0,"Xã Yên Bình, Tỉnh Lào Cai",0.0,2.0,1,0,0.30000000000001137,0.15000000000000568,504.7,0.7842193571495237,5.0,1,Stopped,0,0,0,0,0,VALID,VALID
21C-04064,2026-08-14 06:26:00,504.8,0.0,0.0,"Xã Yên Bình, Tỉnh Lào Cai",0.0,3.0,1,0,0.10000000000002274,0.03333333333334091,504.7,0.7368853371644436,5.0,1,Stopped,0,0,0,0,0,VALID,VALID
21C-04064,2026-08-14 06:28:00,505.1,0.0,0.0,"Xã Yên Bình, Tỉnh Lào Cai",0.0,2.0,1,0,0.30000000000001137,0.15000000000000568,504.7,0.7368853371644436,5.0,1,Stopped,0,0,0,0,0,VALID,VALID
21C-04064,2026-08-14 06:30:00,505.3,0.0,0.0,"Xã Yên Bình, Tỉnh Lào Cai",0.0,2.0,1,0,0.19999999999998863,0.09999999999999432,504.8,0.35071355851795555,5.0,1,Stopped,0,0,0,0,0,VALID,VALID
21C-04064,2026-08-14 06:32:00,505.3,0.0,0.0,"Xã Yên Bình, Tỉnh Lào Cai",0.0,2.0,1,0,0.0,0.0,505.1,0.2792848011054256,5.0,1,Stopped,0,0,0,0,0,VALID,VALID
21C-04064,2026-08-14 06:34:00,505.3,0.0,0.0,"Xã Yên Bình, Tỉnh Lào Cai",0.0,2.0,1,0,0.0,0.0,505.3,0.21908902329557,5.0,1,Stopped,0,0,0,0,0,VALID,VALID
21C-04064,2026-08-14 06:36:00,505.4,0.0,0.0,"Xã Yên Bình, Tỉnh Lào Cai",0.0,2.0,1,0,0.0999999999999659,0.04999999999998295,505.3,0.10954451208854747,5.0,1,Stopped,0,0,0,0,0,VALID,VALID
21C-04064,2026-08-14 06:38:00,505.4,0.0,0.0,"Xã Yên Bình, Tỉnh Lào Cai",0.0,2.0,1,0,0.0,0.0,505.3,0.05477225692606621,5.0,1,Stopped,0,0,0,0,0,VALID,VALID
21C-04064,2026-08-14 06:40:00,505.6,0.0,0.0,"Xã Yên Bình, Tỉnh Lào Cai",0.0,2.0,1,0,0.20000000000004547,0.10000000000002274,505.4,0.12247448766510949,5.0,1,Stopped,0,0,0,0,0,VALID,VALID
21C-04064,2026-08-14 06:42:00,505.6,0.0,0.0,"Xã Yên Bình, Tỉnh Lào Cai",0.0,2.0,1,0,0.0,0.0,505.4,0.13416407913032188,5.0,1,Stopped,0,0,0,0,0,VALID,VALID
21C-04064,2026-08-14 06:44:00,505.6,0.0,0.0,"Xã Yên Bình, Tỉnh Lào Cai",0.0,2.0,1,0,0.0,0.0,505.6,0.10954451208957781,5.0,1,Stopped,0,0,0,0,0,VALID,VALID
21C-04064,2026-08-14 06:47:00,505.6,0.0,0.0,"Xã Yên Bình, Tỉnh Lào Cai",0.0,3.0,1,0,0.0,0.0,505.6,0.08944271982100097,5.0,1,Stopped,0,0,0,0,0,VALID,VALID
21C-04064,2026-08-14 06:49:00,505.6,0.0,0.0,"Xã Yên Bình, Tỉnh Lào Cai",0.0,2.0,1,0,0.0,0.0,505.6,0.0,5.0,1,Stopped,0,0,0,0,0,VALID,VALID
21C-04064,2026-08-14 06:51:00,505.6,0.0,0.0,"Xã Yên Bình, Tỉnh Lào Cai",0.0,2.0,1,0,0.0,0.0,505.6,0.0,5.0,1,Stopped,0,0,0,0,0,VALID,VALID
21C-04064,2026-08-14 06:53:00,505.6,0.0,0.0,"Xã Yên Bình, Tỉnh Lào Cai",0.0,2.0,1,0,0.0,0.0,505.6,0.0,5.0,1,Stopped,0,0,0,0,0,VALID,VALID
21C-04064,2026-08-14 06:56:00,505.6,0.0,0.0,"Xã Yên Bình, Tỉnh Lào Cai",0.0,3.0,1,0,0.0,0.0,505.6,0.0,5.0,1,Stopped,0,0,0,0,0,VALID,VALID
21C-04064,2026-08-14 06:58:00,505.6,0.0,0.0,"Xã Yên Bình, Tỉnh Lào Cai",0.0,2.0,1,0,0.0,0.0,505.6,0.0,5.0,1,Stopped,0,0,0,0,0,VALID,VALID
21C-04064,2026-08-14 07:00:00,505.6,0.0,0.0,"Xã Yên Bình, Tỉnh Lào Cai",0.0,2.0,1,0,0.0,0.0,505.6,0.0,5.0,1,Stopped,0,0,0,0,0,VALID,VALID
21C-04064,2026-08-14 07:02:00,505.6,0.0,0.0,"Xã Yên Bình, Tỉnh Lào Cai",0.0,2.0,1,0,0.0,0.0,505.6,0.0,5.0,1,Stopped,0,0,0,0,0,VALID,VALID
21C-04064,2026-08-14 07:04:00,505.6,0.0,0.0,"Xã Yên Bình, Tỉnh Lào Cai",0.0,2.0,1,0,0.0,0.0,505.6,0.0,5.0,1,Stopped,0,0,0,0,0,VALID,VALID
21C-04064,2026-08-14 07:06:00,505.6,0.0,0.0,"Xã Yên Bình, Tỉnh Lào Cai",0.0,2.0,1,0,0.0,0.0,505.6,0.0,5.0,1,Stopped,0,0,0,0,0,VALID,VALID
21C-04064,2026-08-14 07:09:00,505.6,0.0,0.0,"Xã Yên Bình, Tỉnh Lào Cai",0.0,3.0,1,0,0.0,0.0,505.6,0.0,5.0,1,Stopped,0,0,0,0,0,VALID,VALID
21C-04064,2026-08-14 07:11:00,505.6,0.0,0.0,"Xã Yên Bình, Tỉnh Lào Cai",0.0,2.0,1,0,0.0,0.0,505.6,0.0,5.0,1,Stopped,0,0,0,0,0,VALID,VALID
21C-04064,2026-08-14 07:13:00,505.6,0.0,0.0,"Xã Yên Bình, Tỉnh Lào Cai",0.0,2.0,1,0,0.0,0.0,505.6,0.0,5.0,1,Stopped,0,0,0,0,0,VALID,VALID
21C-04064,2026-08-14 07:15:00,505.6,0.0,0.0,"Xã Yên Bình, Tỉnh Lào Cai",0.0,2.0,1,0,0.0,0.0,505.6,0.0,5.0,1,Stopped,0,0,0,0,0,VALID,VALID
21C-04064,2026-08-14 07:17:00,505.6,0.0,0.0,"Xã Yên Bình, Tỉnh Lào Cai",0.0,2.0,1,0,0.0,0.0,505.6,0.0,5.0,1,Stopped,0,0,0,0,0,VALID,VALID
21C-04064,2026-08-14 07:20:00,505.6,0.0,0.0,"Xã Yên Bình, Tỉnh Lào Cai",0.0,3.0,1,0,0.0,0.0,505.6,0.0,5.0,1,Stopped,0,0,0,0,0,VALID,VALID
21C-04064,2026-08-14 07:22:00,505.6,0.0,0.0,"Xã Yên Bình, Tỉnh Lào Cai",0.0,2.0,1,0,0.0,0.0,505.6,0.0,5.0,1,Stopped,0,0,0,0,0,VALID,VALID
21C-04064,2026-08-14 07:24:00,505.6,0.0,0.0,"Xã Yên Bình, Tỉnh Lào Cai",0.0,2.0,1,0,0.0,0.0,505.6,0.0,5.0,1,Stopped,0,0,0,0,0,VALID,VALID
21C-04064,2026-08-14 07:26:00,505.6,0.0,0.0,"Xã Yên Bình, Tỉnh Lào Cai",0.0,2.0,1,0,0.0,0.0,505.6,0.0,5.0,1,Stopped,0,0,0,0,0,VALID,VALID
21C-04064,2026-08-14 07:28:00,505.6,0.0,0.0,"Xã Yên Bình, Tỉnh Lào Cai",0.0,2.0,1,0,0.0,0.0,505.6,0.0,5.0,1,Stopped,0,0,0,0,0,VALID,VALID
21C-04064,2026-08-14 07:30:00,505.6,0.0,0.0,"Xã Yên Bình, Tỉnh Lào Cai",0.0,2.0,1,0,0.0,0.0,505.6,0.0,5.0,1,Stopped,0,0,0,0,0,VALID,VALID
21C-04064,2026-08-14 07:33:00,505.7,0.0,0.0,"Xã Yên Bình, Tỉnh Lào Cai",0.0,3.0,1,0,0.0999999999999659,0.03333333333332197,505.6,0.044721360992559175,5.0,1,Stopped,0,0,0,0,0,VALID,VALID
21C-04064,2026-08-14 07:35:00,505.7,0.0,0.0,"Xã Yên Bình, Tỉnh Lào Cai",0.0,2.0,1,0,0.0,0.0,505.6,0.05477225692852646,5.0,1,Stopped,0,0,0,0,0,VALID,VALID
21C-04064,2026-08-14 07:37:00,505.7,0.0,0.0,"Xã Yên Bình, Tỉnh Lào Cai",0.0,2.0,1,0,0.0,0.0,505.7,0.05477225692869899,5.0,1,Stopped,0,0,0,0,0,VALID,VALID
21C-04064,2026-08-14 07:39:00,505.7,0.0,0.0,"Xã Yên Bình, Tỉnh Lào Cai",0.0,2.0,1,0,0.0,0.0,505.7,0.04472136099319312,5.0,1,Stopped,0,0,0,0,0,VALID,VALID
21C-04064,2026-08-14 07:41:00,505.7,0.0,0.0,"Xã Yên Bình, Tỉnh Lào Cai",0.0,2.0,1,0,0.0,0.0,505.7,0.0,5.0,1,Stopped,0,0,0,0,0,VALID,VALID
21C-04064,2026-08-14 07:44:00,505.7,0.0,0.0,"Xã Yên Bình, Tỉnh Lào Cai",0.0,3.0,1,0,0.0,0.0,505.7,0.0,5.0,1,Stopped,0,0,0,0,0,VALID,VALID
21C-04064,2026-08-14 07:46:00,505.7,0.0,0.0,"Xã Yên Bình, Tỉnh Lào Cai",0.0,2.0,1,0,0.0,0.0,505.7,0.0,5.0,1,Stopped,0,0,0,0,0,VALID,VALID
21C-04064,2026-08-14 07:48:00,505.7,0.0,0.0,"Xã Yên Bình, Tỉnh Lào Cai",0.0,2.0,1,0,0.0,0.0,505.7,0.0,5.0,1,Stopped,0,0,0,0,0,VALID,VALID
21C-04064,2026-08-14 07:50:00,505.7,0.0,0.0,"Xã Yên Bình, Tỉnh Lào Cai",0.0,2.0,1,0,0.0,0.0,505.7,0.0,5.0,1,Stopped,0,0,0,0,0,VALID,VALID
21C-04064,2026-08-14 07:52:00,505.7,0.0,0.0,"Xã Yên Bình, Tỉnh Lào Cai",0.0,2.0,1,0,0.0,0.0,505.7,0.0,5.0,1,Stopped,0,0,0,0,0,VALID,VALID
21C-04064,2026-08-14 07:54:00,505.7,0.0,0.0,"Xã Yên Bình, Tỉnh Lào Cai",0.0,2.0,1,0,0.0,0.0,505.7,0.0,5.0,1,Stopped,0,0,0,0,0,VALID,VALID
21C-04064,2026-08-14 07:57:00,505.7,0.0,0.0,"Xã Yên Bình, Tỉnh Lào Cai",0.0,3.0,1,0,0.0,0.0,505.7,0.0,5.0,1,Stopped,0,0,0,0,0,VALID,VALID
21C-04064,2026-08-14 07:59:00,505.7,0.0,0.0,"Xã Yên Bình, Tỉnh Lào Cai",0.0,2.0,1,0,0.0,0.0,505.7,0.0,5.0,1,Stopped,0,0,0,0,0,VALID,VALID
21C-04064,2026-08-14 08:01:00,505.7,0.0,0.0,"Xã Yên Bình, Tỉnh Lào Cai",0.0,2.0,1,0,0.0,0.0,505.7,0.0,5.0,1,Stopped,0,0,0,0,0,VALID,VALID
21C-04064,2026-08-14 08:03:00,505.7,0.0,0.0,"Xã Yên Bình, Tỉnh Lào Cai",0.0,2.0,1,0,0.0,0.0,505.7,0.0,5.0,1,Stopped,0,0,0,0,0,VALID,VALID
21C-04064,2026-08-14 08:05:00,505.7,0.0,0.0,"Xã Yên Bình, Tỉnh Lào Cai",0.0,2.0,1,0,0.0,0.0,505.7,0.0,5.0,1,Stopped,0,0,0,0,0,VALID,VALID
21C-04064,2026-08-14 08:08:00,505.7,0.0,0.0,"Xã Yên Bình, Tỉnh Lào Cai",0.0,3.0,1,0,0.0,0.0,505.7,0.0,5.0,1,Stopped,0,0,0,0,0,VALID,VALID
21C-04064,2026-08-14 08:10:00,505.7,0.0,0.0,"Xã Yên Bình, Tỉnh Lào Cai",0.0,2.0,1,0,0.0,0.0,505.7,0.0,5.0,1,Stopped,0,0,0,0,0,VALID,VALID
21C-04064,2026-08-14 08:12:00,505.7,0.0,0.0,"Xã Yên Bình, Tỉnh Lào Cai",0.0,2.0,1,0,0.0,0.0,505.7,0.0,5.0,1,Stopped,0,0,0,0,0,VALID,VALID
21C-04064,2026-08-14 08:14:00,505.7,0.0,0.0,"Xã Yên Bình, Tỉnh Lào Cai",0.0,2.0,1,0,0.0,0.0,505.7,0.0,5.0,1,Stopped,0,0,0,0,0,VALID,VALID
21C-04064,2026-08-14 08:16:00,505.7,0.0,0.0,"Xã Yên Bình, Tỉnh Lào Cai",0.0,2.0,1,0,0.0,0.0,505.7,0.0,5.0,1,Stopped,0,0,0,0,0,VALID,VALID
21C-04064,2026-08-14 08:18:00,505.7,0.0,0.0,"Xã Yên Bình, Tỉnh Lào Cai",0.0,2.0,1,0,0.0,0.0,505.7,0.0,5.0,1,Stopped,0,0,0,0,0,VALID,VALID
21C-04064,2026-08-14 08:21:00,505.7,0.0,0.0,"Xã Yên Bình, Tỉnh Lào Cai",0.0,3.0,1,0,0.0,0.0,505.7,0.0,5.0,1,Stopped,0,0,0,0,0,VALID,VALID
21C-04064,2026-08-14 08:23:00,505.7,0.0,0.0,"Xã Yên Bình, Tỉnh Lào Cai",0.0,2.0,1,0,0.0,0.0,505.7,0.0,5.0,1,Stopped,0,0,0,0,0,VALID,VALID
21C-04064,2026-08-14 08:25:00,505.7,0.0,0.0,"Xã Yên Bình, Tỉnh Lào Cai",0.0,2.0,1,0,0.0,0.0,505.7,0.0,5.0,1,Stopped,0,0,0,0,0,VALID,VALID
21C-04064,2026-08-14 08:27:00,505.7,0.0,0.0,"Xã Yên Bình, Tỉnh Lào Cai",0.0,2.0,1,0,0.0,0.0,505.7,0.0,5.0,1,Stopped,0,0,0,0,0,VALID,VALID
21C-04064,2026-08-14 08:29:00,505.7,0.0,0.0,"Xã Yên Bình, Tỉnh Lào Cai",0.0,2.0,1,0,0.0,0.0,505.7,0.0,5.0,1,Stopped,0,0,0,0,0,VALID,VALID
21C-04064,2026-08-14 08:32:00,505.7,0.0,0.0,"Xã Yên Bình, Tỉnh Lào Cai",0.0,3.0,1,0,0.0,0.0,505.7,0.0,5.0,1,Stopped,0,0,0,0,0,VALID,VALID
21C-04064,2026-08-14 08:34:00,505.6,0.0,0.0,"Xã Yên Bình, Tỉnh Lào Cai",0.0,2.0,1,0,-0.0999999999999659,-0.04999999999998295,505.7,0.04472136099319312,5.0,1,Stopped,0,0,0,0,0,VALID,VALID
21C-04064,2026-08-14 08:36:00,505.6,0.0,0.0,"Xã Yên Bình, Tỉnh Lào Cai",0.0,2.0,1,0,0.0,0.0,505.7,0.05477225692869899,5.0,1,Stopped,0,0,0,0,0,VALID,VALID
21C-04064,2026-08-14 08:38:00,505.6,0.0,0.0,"Xã Yên Bình, Tỉnh Lào Cai",0.0,2.0,1,0,0.0,0.0,505.6,0.05477225692852646,5.0,1,Stopped,0,0,0,0,0,VALID,VALID
21C-04064,2026-08-14 08:40:00,505.6,0.0,0.0,"Xã Yên Bình, Tỉnh Lào Cai",0.0,2.0,1,0,0.0,0.0,505.6,0.044721360992559175,5.0,1,Stopped,0,0,0,0,0,VALID,VALID
21C-04064,2026-08-14 08:42:00,505.0,0.0,0.0,"Xã Yên Bình, Tỉnh Lào Cai",0.0,2.0,1,0,-0.6000000000000227,-0.30000000000001137,505.6,0.2683281575401843,5.0,1,Stopped,0,0,0,0,0,VALID,VALID
21C-04064,2026-08-14 08:44:00,505.4,0.0,0.0,"Xã Yên Bình, Tỉnh Lào Cai",0.0,2.0,1,0,0.39999999999997726,0.19999999999998863,505.6,0.26076809645521476,5.0,1,Stopped,0,0,0,0,0,VALID,VALID
21C-04064,2026-08-14 08:47:00,505.4,0.0,0.0,"Xã Yên Bình, Tỉnh Lào Cai",0.0,3.0,1,0,0.0,0.0,505.4,0.24494897454131165,5.0,1,Stopped,0,0,0,0,0,VALID,VALID
21C-04064,2026-08-14 08:49:00,505.4,0.0,0.0,"Xã Yên Bình, Tỉnh Lào Cai",0.0,2.0,1,0,0.0,0.0,505.4,0.21908902329601349,5.0,1,Stopped,0,0,0,0,0,VALID,VALID
21C-04064,2026-08-14 08:51:00,505.4,0.0,0.0,"Xã Yên Bình, Tỉnh Lào Cai",0.0,2.0,1,0,0.0,0.0,505.4,0.17888543855989036,5.0,1,Stopped,0,0,0,0,0,VALID,VALID
21C-04064,2026-08-14 08:53:00,505.4,0.0,0.0,"Xã Yên Bình, Tỉnh Lào Cai",0.0,2.0,1,0,0.0,0.0,505.4,0.0,5.0,1,Stopped,0,0,0,0,0,VALID,VALID
21C-04064,2026-08-14 08:55:00,505.4,0.0,0.0,"Xã Yên Bình, Tỉnh Lào Cai",0.0,2.0,1,0,0.0,0.0,505.4,0.0,5.0,1,Stopped,0,0,0,0,0,VALID,VALID
21C-04064,2026-08-14 08:58:00,505.4,0.0,0.0,"Xã Yên Bình, Tỉnh Lào Cai",0.0,3.0,1,0,0.0,0.0,505.4,0.0,5.0,1,Stopped,0,0,0,0,0,VALID,VALID
21C-04064,2026-08-14 09:00:00,505.4,0.0,0.0,"Xã Yên Bình, Tỉnh Lào Cai",0.0,2.0,1,0,0.0,0.0,505.4,0.0,5.0,1,Stopped,0,0,0,0,0,VALID,VALID
21C-04064,2026-08-14 09:02:00,505.4,0.0,0.0,"Xã Yên Bình, Tỉnh Lào Cai",0.0,2.0,1,0,0.0,0.0,505.4,0.0,5.0,1,Stopped,0,0,0,0,0,VALID,VALID
21C-04064,2026-08-14 09:04:00,505.4,0.0,0.0,"Xã Yên Bình, Tỉnh Lào Cai",0.0,2.0,1,0,0.0,0.0,505.4,0.0,5.0,1,Stopped,0,0,0,0,0,VALID,VALID
21C-04064,2026-08-14 09:06:00,505.4,0.0,0.0,"Xã Yên Bình, Tỉnh Lào Cai",0.0,2.0,1,0,0.0,0.0,505.4,0.0,5.0,1,Stopped,0,0,0,0,0,VALID,VALID
21C-04064,2026-08-14 09:08:00,505.4,0.0,0.0,"Xã Yên Bình, Tỉnh Lào Cai",0.0,2.0,1,0,0.0,0.0,505.4,0.0,5.0,1,Stopped,0,0,0,0,0,VALID,VALID
21C-04064,2026-08-14 09:11:00,505.4,0.0,0.0,"Xã Yên Bình, Tỉnh Lào Cai",0.0,3.0,1,0,0.0,0.0,505.4,0.0,5.0,1,Stopped,0,0,0,0,0,VALID,VALID
21C-04064,2026-08-14 09:13:00,505.6,0.0,0.0,"Xã Yên Bình, Tỉnh Lào Cai",0.0,2.0,1,0,0.20000000000004547,0.10000000000002274,505.4,0.0894427198203042,5.0,1,Stopped,0,0,0,0,0,VALID,VALID
21C-04064,2026-08-14 09:15:00,505.6,0.0,0.0,"Xã Yên Bình, Tỉnh Lào Cai",0.0,2.0,1,0,0.0,0.0,505.4,0.10954451208929691,5.0,1,Stopped,0,0,0,0,0,VALID,VALID
21C-04064,2026-08-14 09:17:00,505.6,0.0,0.0,"Xã Yên Bình, Tỉnh Lào Cai",0.0,2.0,1,0,0.0,0.0,505.6,0.10954451208941755,5.0,1,Stopped,0,0,0,0,0,VALID,VALID
21C-04064,2026-08-14 09:20:00,505.6,0.0,0.0,"Xã Yên Bình, Tỉnh Lào Cai",0.0,3.0,1,0,0.0,0.0,505.6,0.08944271982073478,5.0,1,Stopped,0,0,0,0,0,VALID,VALID
21C-04064,2026-08-14 09:22:00,505.6,0.0,0.0,"Xã Yên Bình, Tỉnh Lào Cai",0.0,2.0,1,0,0.0,0.0,505.6,0.0,5.0,1,Stopped,0,0,0,0,0,VALID,VALID
21C-04064,2026-08-14 09:24:00,505.6,0.0,0.0,"Xã Yên Bình, Tỉnh Lào Cai",0.0,2.0,1,0,0.0,0.0,505.6,0.0,5.0,1,Stopped,0,0,0,0,0,VALID,VALID
21C-04064,2026-08-14 09:26:00,505.6,0.0,0.0,"Xã Yên Bình, Tỉnh Lào Cai",0.0,2.0,1,0,0.0,0.0,505.6,0.0,5.0,1,Stopped,0,0,0,0,0,VALID,VALID
21C-04064,2026-08-14 09:28:00,505.6,0.0,0.0,"Xã Yên Bình, Tỉnh Lào Cai",0.0,2.0,1,0,0.0,0.0,505.6,0.0,5.0,1,Stopped,0,0,0,0,0,VALID,VALID
21C-04064,2026-08-14 09:30:00,505.6,0.0,0.0,"Xã Yên Bình, Tỉnh Lào Cai",0.0,2.0,1,0,0.0,0.0,505.6,0.0,5.0,1,Stopped,0,0,0,0,0,VALID,VALID
21C-04064,2026-08-14 09:32:00,505.4,0.0,0.0,"Xã Yên Bình, Tỉnh Lào Cai",0.0,2.0,1,0,-0.20000000000004547,-0.10000000000002274,505.6,0.08944271982073478,5.0,1,Stopped,0,0,0,0,0,VALID,VALID
21C-04064,2026-08-14 09:34:00,505.4,0.0,0.0,"Xã Yên Bình, Tỉnh Lào Cai",0.0,2.0,1,0,0.0,0.0,505.6,0.10954451208941755,5.0,1,Stopped,0,0,0,0,0,VALID,VALID
21C-04064,2026-08-14 09:37:00,505.6,0.0,0.0,"Xã Yên Bình, Tỉnh Lào Cai",0.0,3.0,1,0,0.20000000000004547,0.06666666666668182,505.6,0.10954451208941755,5.0,1,Stopped,0,0,0,0,0,VALID,VALID
21C-04064,2026-08-14 09:39:00,505.7,0.0,0.0,"Xã Yên Bình, Tỉnh Lào Cai",0.0,2.0,1,0,0.0999999999999659,0.04999999999998295,505.6,0.13416407913044526,5.0,1,Stopped,0,0,0,0,0,VALID,VALID
21C-04064,2026-08-14 09:41:00,505.9,0.0,0.0,"Xã Yên Bình, Tỉnh Lào Cai",0.0,2.0,1,0,0.19999999999998863,0.09999999999999432,505.6,0.21213203465993177,5.0,1,Stopped,0,0,0,0,0,VALID,VALID
21C-04064,2026-08-14 09:44:00,506.0,0.0,0.0,"Xã Yên Bình, Tỉnh Lào Cai",0.0,3.0,1,0,0.10000000000002274,0.03333333333334091,505.7,0.2387467279965339,5.0,1,Stopped,0,0,0,0,0,VALID,VALID
21C-04064,2026-08-14 09:46:00,506.0,0.0,0.0,"Xã Yên Bình, Tỉnh Lào Cai",0.0,2.0,1,0,0.0,0.0,505.9,0.18165902160129585,5.0,1,Stopped,0,0,0,0,0,VALID,VALID
21C-04064,2026-08-14 09:48:00,506.2,0.0,0.0,"Xã Yên Bình, Tỉnh Lào Cai",0.0,2.0,1,0,0.19999999999998863,0.09999999999999432,506.0,0.18165902160154695,5.0,1,Stopped,0,0,0,0,0,VALID,VALID
21C-04064,2026-08-14 09:50:00,506.3,0.0,0.0,"Xã Yên Bình, Tỉnh Lào Cai",0.0,2.0,1,0,0.10000000000002274,0.05000000000001137,506.0,0.16431676764505834,5.0,1,Stopped,0,0,0,0,0,VALID,VALID
21C-04064,2026-08-14 09:52:00,506.3,0.0,0.0,"Xã Yên Bình, Tỉnh Lào Cai",0.0,2.0,1,0,0.0,0.0,506.2,0.1516575093075651,5.0,1,Stopped,0,0,0,0,0,VALID,VALID
21C-04064,2026-08-14 09:54:00,506.5,0.0,0.0,"Xã Yên Bình, Tỉnh Lào Cai",0.0,2.0,1,0,0.19999999999998863,0.09999999999999432,506.3,0.1816590216021061,5.0,1,Stopped,0,0,0,0,0,VALID,VALID
21C-04064,2026-08-14 09:57:00,506.5,0.0,0.0,"Xã Yên Bình, Tỉnh Lào Cai",0.0,3.0,1,0,0.0,0.0,506.3,0.1341640791325777,5.0,1,Stopped,0,0,0,0,0,VALID,VALID
21C-04064,2026-08-14 09:59:00,506.6,0.0,0.0,"Xã Yên Bình, Tỉnh Lào Cai",0.0,2.0,1,0,0.10000000000002274,0.05000000000001137,506.5,0.1341640791327281,5.0,1,Stopped,0,0,0,0,0,VALID,VALID
21C-04064,2026-08-14 10:01:00,506.8,0.0,0.0,"Xã Yên Bình, Tỉnh Lào Cai",0.0,2.0,1,0,0.19999999999998863,0.09999999999999432,506.5,0.18165902160249486,5.0,1,Stopped,0,0,0,0,0,VALID,VALID
21C-04064,2026-08-14 10:03:00,506.8,0.0,0.0,"Xã Yên Bình, Tỉnh Lào Cai",0.0,2.0,1,0,0.0,0.0,506.6,0.1516575093083728,5.0,1,Stopped,0,0,0,0,0,VALID,VALID
21C-04064,2026-08-14 10:05:00,506.9,0.0,0.0,"Xã Yên Bình, Tỉnh Lào Cai",0.0,2.0,1,0,0.0999999999999659,0.04999999999998295,506.8,0.16431676764607278,5.0,1,Stopped,0,0,0,0,0,VALID,VALID
21C-04064,2026-08-14 10:08:00,506.9,0.0,0.0,"Xã Yên Bình, Tỉnh Lào Cai",0.0,3.0,1,0,0.0,0.0,506.8,0.12247448766862716,5.0,1,Stopped,0,0,0,0,0,VALID,VALID
21C-04064,2026-08-14 10:10:00,506.9,0.0,0.0,"Xã Yên Bình, Tỉnh Lào Cai",0.0,2.0,1,0,0.0,0.0,506.9,0.05477225693475315,5.0,1,Stopped,0,0,0,0,0,VALID,VALID
21C-04064,2026-08-14 10:12:00,506.9,0.0,0.0,"Xã Yên Bình, Tỉnh Lào Cai",0.0,2.0,1,0,0.0,0.0,506.9,0.044721361000509406,5.0,1,Stopped,0,0,0,0,0,VALID,VALID
21C-04064,2026-08-14 10:14:00,506.9,0.0,0.0,"Xã Yên Bình, Tỉnh Lào Cai",0.0,2.0,1,0,0.0,0.0,506.9,0.0,5.0,1,Stopped,0,0,0,0,0,VALID,VALID
21C-04064,2026-08-14 10:16:00,506.9,0.0,0.0,"Xã Yên Bình, Tỉnh Lào Cai",0.0,2.0,1,0,0.0,0.0,506.9,0.0,5.0,1,Stopped,0,0,0,0,0,VALID,VALID
21C-04064,2026-08-14 10:18:00,506.9,0.0,0.0,"Xã Yên Bình, Tỉnh Lào Cai",0.0,2.0,1,0,0.0,0.0,506.9,0.0,5.0,1,Stopped,0,0,0,0,0,VALID,VALID
21C-04064,2026-08-14 10:21:00,506.9,0.0,0.0,"Xã Yên Bình, Tỉnh Lào Cai",0.0,3.0,1,0,0.0,0.0,506.9,0.0,5.0,1,Stopped,0,0,0,0,0,VALID,VALID
21C-04064,2026-08-14 10:23:00,506.9,0.0,0.0,"Xã Yên Bình, Tỉnh Lào Cai",0.0,2.0,1,0,0.0,0.0,506.9,0.0,5.0,1,Stopped,0,0,0,0,0,VALID,VALID
21C-04064,2026-08-14 10:25:00,506.9,0.0,0.0,"Xã Yên Bình, Tỉnh Lào Cai",0.0,2.0,1,0,0.0,0.0,506.9,0.0,5.0,1,Stopped,0,0,0,0,0,VALID,VALID
21C-04064,2026-08-14 10:27:00,506.9,0.0,0.0,"Xã Yên Bình, Tỉnh Lào Cai",0.0,2.0,1,0,0.0,0.0,506.9,0.0,5.0,1,Stopped,0,0,0,0,0,VALID,VALID
21C-04064,2026-08-14 10:30:00,506.9,0.0,0.0,"Xã Yên Bình, Tỉnh Lào Cai",0.0,3.0,1,0,0.0,0.0,506.9,0.0,5.0,1,Stopped,0,0,0,0,0,VALID,VALID
21C-04064,2026-08-14 10:32:00,506.9,0.0,0.0,"Xã Yên Bình, Tỉnh Lào Cai",0.0,2.0,1,0,0.0,0.0,506.9,0.0,5.0,1,Stopped,0,0,0,0,0,VALID,VALID
21C-04064,2026-08-14 10:34:00,507.1,0.0,0.0,"Xã Yên Bình, Tỉnh Lào Cai",0.0,2.0,1,0,0.20000000000004547,0.10000000000002274,506.9,0.08944271982546226,5.0,1,Stopped,0,0,0,0,0,VALID,VALID
21C-04064,2026-08-14 10:36:00,507.1,0.0,0.0,"Xã Yên Bình, Tỉnh Lào Cai",0.0,2.0,1,0,0.0,0.0,506.9,0.10954451209348509,5.0,1,Stopped,0,0,0,0,0,VALID,VALID
21C-04064,2026-08-14 10:38:00,507.1,0.0,0.0,"Xã Yên Bình, Tỉnh Lào Cai",0.0,2.0,1,0,0.0,0.0,507.1,0.10954451209357201,5.0,1,Stopped,0,0,0,0,0,VALID,VALID
21C-04064,2026-08-14 10:40:00,507.1,0.0,0.0,"Xã Yên Bình, Tỉnh Lào Cai",0.0,2.0,1,0,0.0,0.0,507.1,0.08944271982579431,5.0,1,Stopped,0,0,0,0,0,VALID,VALID
21C-04064,2026-08-14 10:43:00,507.1,0.0,0.0,"Xã Yên Bình, Tỉnh Lào Cai",0.0,3.0,1,0,0.0,0.0,507.1,0.0,5.0,1,Stopped,0,0,0,0,0,VALID,VALID
21C-04064,2026-08-14 10:45:00,507.1,0.0,0.0,"Xã Yên Bình, Tỉnh Lào Cai",0.0,2.0,1,0,0.0,0.0,507.1,0.0,5.0,1,Stopped,0,0,0,0,0,VALID,VALID
21C-04064,2026-08-14 10:47:00,507.1,0.0,0.0,"Xã Yên Bình, Tỉnh Lào Cai",0.0,2.0,1,0,0.0,0.0,507.1,0.0,5.0,1,Stopped,0,0,0,0,0,VALID,VALID
21C-04064,2026-08-14 10:49:00,507.1,0.0,0.0,"Xã Yên Bình, Tỉnh Lào Cai",0.0,2.0,1,0,0.0,0.0,507.1,0.0,5.0,1,Stopped,0,0,0,0,0,VALID,VALID
21C-04064,2026-08-14 10:51:00,507.1,0.0,0.0,"Xã Yên Bình, Tỉnh Lào Cai",0.0,2.0,1,0,0.0,0.0,507.1,0.0,5.0,1,Stopped,0,0,0,0,0,VALID,VALID
21C-04064,2026-08-14 10:54:00,507.1,0.0,0.0,"Xã Yên Bình, Tỉnh Lào Cai",0.0,3.0,1,0,0.0,0.0,507.1,0.0,5.0,1,Stopped,0,0,0,0,0,VALID,VALID
21C-04064,2026-08-14 10:56:00,507.1,0.0,0.0,"Xã Yên Bình, Tỉnh Lào Cai",0.0,2.0,1,0,0.0,0.0,507.1,0.0,5.0,1,Stopped,0,0,0,0,0,VALID,VALID
21C-04064,2026-08-14 10:58:00,507.1,0.0,0.0,"Xã Yên Bình, Tỉnh Lào Cai",0.0,2.0,1,0,0.0,0.0,507.1,0.0,5.0,1,Stopped,0,0,0,0,0,VALID,VALID
21C-04064,2026-08-14 11:00:00,507.1,0.0,0.0,"Xã Yên Bình, Tỉnh Lào Cai",0.0,2.0,1,0,0.0,0.0,507.1,0.0,5.0,1,Stopped,0,0,0,0,0,VALID,VALID
21C-04064,2026-08-14 11:02:00,507.1,0.0,0.0,"Xã Yên Bình, Tỉnh Lào Cai",0.0,2.0,1,0,0.0,0.0,507.1,0.0,5.0,1,Stopped,0,0,0,0,0,VALID,VALID
21C-04064,2026-08-14 11:04:00,507.1,0.0,0.0,"Xã Yên Bình, Tỉnh Lào Cai",0.0,2.0,1,0,0.0,0.0,507.1,0.0,5.0,1,Stopped,0,0,0,0,0,VALID,VALID
21C-04064,2026-08-14 11:07:00,507.1,0.0,0.0,"Xã Yên Bình, Tỉnh Lào Cai",0.0,3.0,1,0,0.0,0.0,507.1,0.0,5.0,1,Stopped,0,0,0,0,0,VALID,VALID
21C-04064,2026-08-14 11:09:00,507.1,0.0,0.0,"Xã Yên Bình, Tỉnh Lào Cai",0.0,2.0,1,0,0.0,0.0,507.1,0.0,5.0,1,Stopped,0,0,0,0,0,VALID,VALID
21C-04064,2026-08-14 11:11:00,507.1,0.0,0.0,"Xã Yên Bình, Tỉnh Lào Cai",0.0,2.0,1,0,0.0,0.0,507.1,0.0,5.0,1,Stopped,0,0,0,0,0,VALID,VALID
21C-04064,2026-08-14 11:13:00,507.1,0.0,0.0,"Xã Yên Bình, Tỉnh Lào Cai",0.0,2.0,1,0,0.0,0.0,507.1,0.0,5.0,1,Stopped,0,0,0,0,0,VALID,VALID
21C-04064,2026-08-14 11:15:00,507.1,0.0,0.0,"Xã Yên Bình, Tỉnh Lào Cai",0.0,2.0,1,0,0.0,0.0,507.1,0.0,5.0,1,Stopped,0,0,0,0,0,VALID,VALID
21C-04064,2026-08-14 11:18:00,507.1,0.0,0.0,"Xã Yên Bình, Tỉnh Lào Cai",0.0,3.0,1,0,0.0,0.0,507.1,0.0,5.0,1,Stopped,0,0,0,0,0,VALID,VALID
21C-04064,2026-08-14 11:20:00,507.1,0.0,0.0,"Xã Yên Bình, Tỉnh Lào Cai",0.0,2.0,1,0,0.0,0.0,507.1,0.0,5.0,1,Stopped,0,0,0,0,0,VALID,VALID
21C-04064,2026-08-14 11:22:00,507.1,0.0,0.0,"Xã Yên Bình, Tỉnh Lào Cai",0.0,2.0,1,0,0.0,0.0,507.1,0.0,5.0,1,Stopped,0,0,0,0,0,VALID,VALID
21C-04064,2026-08-14 11:24:00,507.1,0.0,0.0,"Xã Yên Bình, Tỉnh Lào Cai",0.0,2.0,1,0,0.0,0.0,507.1,0.0,5.0,1,Stopped,0,0,0,0,0,VALID,VALID
21C-04064,2026-08-14 11:26:00,507.1,0.0,0.0,"Xã Yên Bình, Tỉnh Lào Cai",0.0,2.0,1,0,0.0,0.0,507.1,0.0,5.0,1,Stopped,0,0,0,0,0,VALID,VALID
21C-04064,2026-08-14 11:28:00,507.1,0.0,0.0,"Xã Yên Bình, Tỉnh Lào Cai",0.0,2.0,1,0,0.0,0.0,507.1,0.0,5.0,1,Stopped,0,0,0,0,0,VALID,VALID
21C-04064,2026-08-14 11:31:00,507.1,0.0,0.0,"Xã Yên Bình, Tỉnh Lào Cai",0.0,3.0,1,0,0.0,0.0,507.1,0.0,5.0,1,Stopped,0,0,0,0,0,VALID,VALID
21C-04064,2026-08-14 11:33:00,507.1,0.0,0.0,"Xã Yên Bình, Tỉnh Lào Cai",0.0,2.0,1,0,0.0,0.0,507.1,0.0,5.0,1,Stopped,0,0,0,0,0,VALID,VALID
21C-04064,2026-08-14 11:35:00,507.1,0.0,0.0,"Xã Yên Bình, Tỉnh Lào Cai",0.0,2.0,1,0,0.0,0.0,507.1,0.0,5.0,1,Stopped,0,0,0,0,0,VALID,VALID
21C-04064,2026-08-14 11:37:00,507.1,0.0,0.0,"Xã Yên Bình, Tỉnh Lào Cai",0.0,2.0,1,0,0.0,0.0,507.1,0.0,5.0,1,Stopped,0,0,0,0,0,VALID,VALID
21C-04064,2026-08-14 11:39:00,507.1,0.0,0.0,"Xã Yên Bình, Tỉnh Lào Cai",0.0,2.0,1,0,0.0,0.0,507.1,0.0,5.0,1,Stopped,0,0,0,0,0,VALID,VALID
21C-04064,2026-08-14 11:42:00,507.1,0.0,0.0,"Xã Yên Bình, Tỉnh Lào Cai",0.0,3.0,1,0,0.0,0.0,507.1,0.0,5.0,1,Stopped,0,0,0,0,0,VALID,VALID
21C-04064,2026-08-14 11:44:00,507.1,0.0,0.0,"Xã Yên Bình, Tỉnh Lào Cai",0.0,2.0,1,0,0.0,0.0,507.1,0.0,5.0,1,Stopped,0,0,0,0,0,VALID,VALID
21C-04064,2026-08-14 11:46:00,507.1,0.0,0.0,"Xã Yên Bình, Tỉnh Lào Cai",0.0,2.0,1,0,0.0,0.0,507.1,0.0,5.0,1,Stopped,0,0,0,0,0,VALID,VALID
21C-04064,2026-08-14 11:48:00,507.1,0.0,0.0,"Xã Yên Bình, Tỉnh Lào Cai",0.0,2.0,1,0,0.0,0.0,507.1,0.0,5.0,1,Stopped,0,0,0,0,0,VALID,VALID
21C-04064,2026-08-14 11:50:00,507.1,0.0,0.0,"Xã Yên Bình, Tỉnh Lào Cai",0.0,2.0,1,0,0.0,0.0,507.1,0.0,5.0,1,Stopped,0,0,0,0,0,VALID,VALID
21C-04064,2026-08-14 11:52:00,507.1,0.0,0.0,"Xã Yên Bình, Tỉnh Lào Cai",0.0,2.0,1,0,0.0,0.0,507.1,0.0,5.0,1,Stopped,0,0,0,0,0,VALID,VALID
21C-04064,2026-08-14 11:55:00,507.1,0.0,0.0,"Xã Yên Bình, Tỉnh Lào Cai",0.0,3.0,1,0,0.0,0.0,507.1,0.0,5.0,1,Stopped,0,0,0,0,0,VALID,VALID
21C-04064,2026-08-14 11:57:00,507.1,0.0,0.0,"Xã Yên Bình, Tỉnh Lào Cai",0.0,2.0,1,0,0.0,0.0,507.1,0.0,5.0,1,Stopped,0,0,0,0,0,VALID,VALID
21C-04064,2026-08-14 11:59:00,507.1,0.0,0.0,"Xã Yên Bình, Tỉnh Lào Cai",0.0,2.0,1,0,0.0,0.0,507.1,0.0,5.0,1,Stopped,0,0,0,0,0,VALID,VALID
21C-04064,2026-08-14 12:01:00,507.1,0.0,0.0,"Xã Yên Bình, Tỉnh Lào Cai",0.0,2.0,1,0,0.0,0.0,507.1,0.0,5.0,1,Stopped,0,0,0,0,0,VALID,VALID
21C-04064,2026-08-14 12:03:00,507.1,0.0,0.0,"Xã Yên Bình, Tỉnh Lào Cai",0.0,2.0,1,0,0.0,0.0,507.1,0.0,5.0,1,Stopped,0,0,0,0,0,VALID,VALID
21C-04064,2026-08-14 12:06:00,507.1,0.0,0.0,"Xã Yên Bình, Tỉnh Lào Cai",0.0,3.0,1,0,0.0,0.0,507.1,0.0,5.0,1,Stopped,0,0,0,0,0,VALID,VALID
21C-04064,2026-08-14 12:08:00,507.1,0.0,0.0,"Xã Yên Bình, Tỉnh Lào Cai",0.0,2.0,1,0,0.0,0.0,507.1,0.0,5.0,1,Stopped,0,0,0,0,0,VALID,VALID
21C-04064,2026-08-14 12:10:00,507.1,0.0,0.0,"Xã Yên Bình, Tỉnh Lào Cai",0.0,2.0,1,0,0.0,0.0,507.1,0.0,5.0,1,Stopped,0,0,0,0,0,VALID,VALID
21C-04064,2026-08-14 12:12:00,507.1,0.0,0.0,"Xã Yên Bình, Tỉnh Lào Cai",0.0,2.0,1,0,0.0,0.0,507.1,0.0,5.0,1,Stopped,0,0,0,0,0,VALID,VALID
21C-04064,2026-08-14 12:14:00,507.1,0.0,0.0,"Xã Yên Bình, Tỉnh Lào Cai",0.0,2.0,1,0,0.0,0.0,507.1,0.0,5.0,1,Stopped,0,0,0,0,0,VALID,VALID
21C-04064,2026-08-14 12:16:00,507.1,0.0,0.0,"Xã Yên Bình, Tỉnh Lào Cai",0.0,2.0,1,0,0.0,0.0,507.1,0.0,5.0,1,Stopped,0,0,0,0,0,VALID,VALID
21C-04064,2026-08-14 12:19:00,507.3,0.0,0.0,"Xã Yên Bình, Tỉnh Lào Cai",0.0,3.0,1,0,0.19999999999998863,0.06666666666666288,507.1,0.08944271982597862,5.0,1,Stopped,0,0,0,0,0,VALID,VALID
21C-04064,2026-08-14 12:21:00,507.3,0.0,0.0,"Xã Yên Bình, Tỉnh Lào Cai",0.0,2.0,1,0,0.0,0.0,507.1,0.10954451209389891,5.0,1,Stopped,0,0,0,0,0,VALID,VALID
21C-04064,2026-08-14 12:23:00,507.3,0.0,0.0,"Xã Yên Bình, Tỉnh Lào Cai",0.0,2.0,1,0,0.0,0.0,507.3,0.10954451209401438,5.0,1,Stopped,0,0,0,0,0,VALID,VALID
21C-04064,2026-08-14 12:25:00,507.3,0.0,0.0,"Xã Yên Bình, Tỉnh Lào Cai",0.0,2.0,1,0,0.0,0.0,507.3,0.08944271982640284,5.0,1,Stopped,0,0,0,0,0,VALID,VALID
21C-04064,2026-08-14 12:27:00,507.3,0.0,0.0,"Xã Yên Bình, Tỉnh Lào Cai",0.0,2.0,1,0,0.0,0.0,507.3,0.0,5.0,1,Stopped,0,0,0,0,0,VALID,VALID
21C-04064,2026-08-14 12:30:00,507.3,0.0,0.0,"Xã Yên Bình, Tỉnh Lào Cai",0.0,3.0,1,0,0.0,0.0,507.3,0.0,5.0,1,Stopped,0,0,0,0,0,VALID,VALID
21C-04064,2026-08-14 12:32:00,507.3,0.0,0.0,"Xã Yên Bình, Tỉnh Lào Cai",0.0,2.0,1,0,0.0,0.0,507.3,0.0,5.0,1,Stopped,0,0,0,0,0,VALID,VALID
21C-04064,2026-08-14 12:34:00,507.3,0.0,0.0,"Xã Yên Bình, Tỉnh Lào Cai",0.0,2.0,1,0,0.0,0.0,507.3,0.0,5.0,1,Stopped,0,0,0,0,0,VALID,VALID
21C-04064,2026-08-14 12:36:00,507.3,0.0,0.0,"Xã Yên Bình, Tỉnh Lào Cai",0.0,2.0,1,0,0.0,0.0,507.3,0.0,5.0,1,Stopped,0,0,0,0,0,VALID,VALID
21C-04064,2026-08-14 12:38:00,507.3,0.0,0.0,"Xã Yên Bình, Tỉnh Lào Cai",0.0,2.0,1,0,0.0,0.0,507.3,0.0,5.0,1,Stopped,0,0,0,0,0,VALID,VALID
21C-04064,2026-08-14 12:40:00,507.3,0.0,0.0,"Xã Yên Bình, Tỉnh Lào Cai",0.0,2.0,1,0,0.0,0.0,507.3,0.0,5.0,1,Stopped,0,0,0,0,0,VALID,VALID
21C-04064,2026-08-14 12:43:00,507.3,0.0,0.0,"Xã Yên Bình, Tỉnh Lào Cai",0.0,3.0,1,0,0.0,0.0,507.3,0.0,5.0,1,Stopped,0,0,0,0,0,VALID,VALID
21C-04064,2026-08-14 12:45:00,507.3,0.0,0.0,"Xã Yên Bình, Tỉnh Lào Cai",0.0,2.0,1,0,0.0,0.0,507.3,0.0,5.0,1,Stopped,0,0,0,0,0,VALID,VALID
21C-04064,2026-08-14 12:47:00,507.3,0.0,0.0,"Xã Yên Bình, Tỉnh Lào Cai",0.0,2.0,1,0,0.0,0.0,507.3,0.0,5.0,1,Stopped,0,0,0,0,0,VALID,VALID
21C-04064,2026-08-14 12:49:00,507.3,0.0,0.0,"Xã Yên Bình, Tỉnh Lào Cai",0.0,2.0,1,0,0.0,0.0,507.3,0.0,5.0,1,Stopped,0,0,0,0,0,VALID,VALID
21C-04064,2026-08-14 12:51:00,507.3,0.0,0.0,"Xã Yên Bình, Tỉnh Lào Cai",0.0,2.0,1,0,0.0,0.0,507.3,0.0,5.0,1,Stopped,0,0,0,0,0,VALID,VALID
21C-04064,2026-08-14 12:54:00,507.3,0.0,0.0,"Xã Yên Bình, Tỉnh Lào Cai",0.0,3.0,1,0,0.0,0.0,507.3,0.0,5.0,1,Stopped,0,0,0,0,0,VALID,VALID
21C-04064,2026-08-14 12:56:00,507.3,0.0,0.0,"Xã Yên Bình, Tỉnh Lào Cai",0.0,2.0,1,0,0.0,0.0,507.3,0.0,5.0,1,Stopped,0,0,0,0,0,VALID,VALID
21C-04064,2026-08-14 12:58:00,507.3,0.0,0.0,"Xã Yên Bình, Tỉnh Lào Cai",0.0,2.0,1,0,0.0,0.0,507.3,0.0,5.0,1,Stopped,0,0,0,0,0,VALID,VALID
21C-04064,2026-08-14 13:00:00,507.3,0.0,0.0,"Xã Yên Bình, Tỉnh Lào Cai",0.0,2.0,1,0,0.0,0.0,507.3,0.0,5.0,1,Stopped,0,0,0,0,0,VALID,VALID
21C-04064,2026-08-14 13:02:00,507.3,0.0,0.0,"Xã Yên Bình, Tỉnh Lào Cai",0.0,2.0,1,0,0.0,0.0,507.3,0.0,5.0,1,Stopped,0,0,0,0,0,VALID,VALID
21C-04064,2026-08-14 13:04:00,507.3,0.0,0.0,"Xã Yên Bình, Tỉnh Lào Cai",0.0,2.0,1,0,0.0,0.0,507.3,0.0,5.0,1,Stopped,0,0,0,0,0,VALID,VALID
21C-04064,2026-08-14 13:07:00,507.3,0.0,0.0,"Xã Yên Bình, Tỉnh Lào Cai",0.0,3.0,1,0,0.0,0.0,507.3,0.0,5.0,1,Stopped,0,0,0,0,0,VALID,VALID
21C-04064,2026-08-14 13:09:00,507.3,0.0,0.0,"Xã Yên Bình, Tỉnh Lào Cai",0.0,2.0,1,0,0.0,0.0,507.3,0.0,5.0,1,Stopped,0,0,0,0,0,VALID,VALID
21C-04064,2026-08-14 13:11:00,507.3,0.0,0.0,"Xã Yên Bình, Tỉnh Lào Cai",0.0,2.0,1,0,0.0,0.0,507.3,0.0,5.0,1,Stopped,0,0,0,0,0,VALID,VALID
21C-04064,2026-08-14 13:13:00,507.3,0.0,0.0,"Xã Yên Bình, Tỉnh Lào Cai",0.0,2.0,1,0,0.0,0.0,507.3,0.0,5.0,1,Stopped,0,0,0,0,0,VALID,VALID
21C-04064,2026-08-14 13:16:00,507.3,0.0,0.0,"Xã Yên Bình, Tỉnh Lào Cai",0.0,3.0,1,0,0.0,0.0,507.3,0.0,5.0,1,Stopped,0,0,0,0,0,VALID,VALID
21C-04064,2026-08-14 13:18:00,507.3,0.0,0.0,"Xã Yên Bình, Tỉnh Lào Cai",0.0,2.0,1,0,0.0,0.0,507.3,0.0,5.0,1,Stopped,0,0,0,0,0,VALID,VALID
21C-04064,2026-08-14 13:20:00,507.3,0.0,0.0,"Xã Yên Bình, Tỉnh Lào Cai",0.0,2.0,1,0,0.0,0.0,507.3,0.0,5.0,1,Stopped,0,0,0,0,0,VALID,VALID
21C-04064,2026-08-14 13:22:00,507.3,0.0,0.0,"Xã Yên Bình, Tỉnh Lào Cai",0.0,2.0,1,0,0.0,0.0,507.3,0.0,5.0,1,Stopped,0,0,0,0,0,VALID,VALID
21C-04064,2026-08-14 13:24:00,507.3,0.0,0.0,"Xã Yên Bình, Tỉnh Lào Cai",0.0,2.0,1,0,0.0,0.0,507.3,0.0,5.0,1,Stopped,0,0,0,0,0,VALID,VALID
21C-04064,2026-08-14 13:26:00,507.3,0.0,0.0,"Xã Yên Bình, Tỉnh Lào Cai",0.0,2.0,1,0,0.0,0.0,507.3,0.0,5.0,1,Stopped,0,0,0,0,0,VALID,VALID
21C-04064,2026-08-14 13:29:00,507.3,0.0,0.0,"Xã Yên Bình, Tỉnh Lào Cai",0.0,3.0,1,0,0.0,0.0,507.3,0.0,5.0,1,Stopped,0,0,0,0,0,VALID,VALID
21C-04064,2026-08-14 13:31:00,507.3,0.0,0.0,"Xã Yên Bình, Tỉnh Lào Cai",0.0,2.0,1,0,0.0,0.0,507.3,0.0,5.0,1,Stopped,0,0,0,0,0,VALID,VALID
21C-04064,2026-08-14 13:33:00,507.3,0.0,0.0,"Xã Yên Bình, Tỉnh Lào Cai",0.0,2.0,1,0,0.0,0.0,507.3,0.0,5.0,1,Stopped,0,0,0,0,0,VALID,VALID
21C-04064,2026-08-14 13:35:00,507.3,0.0,0.0,"Xã Yên Bình, Tỉnh Lào Cai",0.0,2.0,1,0,0.0,0.0,507.3,0.0,5.0,1,Stopped,0,0,0,0,0,VALID,VALID
21C-04064,2026-08-14 13:37:00,507.3,0.0,0.0,"Xã Yên Bình, Tỉnh Lào Cai",0.0,2.0,1,0,0.0,0.0,507.3,0.0,5.0,1,Stopped,0,0,0,0,0,VALID,VALID
21C-04064,2026-08-14 13:40:00,507.3,0.0,0.0,"Xã Yên Bình, Tỉnh Lào Cai",0.0,3.0,1,0,0.0,0.0,507.3,0.0,5.0,1,Stopped,0,0,0,0,0,VALID,VALID
21C-04064,2026-08-14 13:42:00,507.3,0.0,0.0,"Xã Yên Bình, Tỉnh Lào Cai",0.0,2.0,1,0,0.0,0.0,507.3,0.0,5.0,1,Stopped,0,0,0,0,0,VALID,VALID
21C-04064,2026-08-14 13:44:00,507.3,0.0,0.0,"Xã Yên Bình, Tỉnh Lào Cai",0.0,2.0,1,0,0.0,0.0,507.3,0.0,5.0,1,Stopped,0,0,0,0,0,VALID,VALID
21C-04064,2026-08-14 13:46:00,507.3,0.0,0.0,"Xã Yên Bình, Tỉnh Lào Cai",0.0,2.0,1,0,0.0,0.0,507.3,0.0,5.0,1,Stopped,0,0,0,0,0,VALID,VALID
21C-04064,2026-08-14 13:48:00,507.3,0.0,0.0,"Xã Yên Bình, Tỉnh Lào Cai",0.0,2.0,1,0,0.0,0.0,507.3,0.0,5.0,1,Stopped,0,0,0,0,0,VALID,VALID
21C-04064,2026-08-14 13:50:00,507.3,0.0,0.0,"Xã Yên Bình, Tỉnh Lào Cai",0.0,2.0,1,0,0.0,0.0,507.3,0.0,5.0,1,Stopped,0,0,0,0,0,VALID,VALID
21C-04064,2026-08-14 13:53:00,507.3,0.0,0.0,"Xã Yên Bình, Tỉnh Lào Cai",0.0,3.0,1,0,0.0,0.0,507.3,0.0,5.0,1,Stopped,0,0,0,0,0,VALID,VALID
21C-04064,2026-08-14 13:55:00,507.3,0.0,0.0,"Xã Yên Bình, Tỉnh Lào Cai",0.0,2.0,1,0,0.0,0.0,507.3,0.0,5.0,1,Stopped,0,0,0,0,0,VALID,VALID
21C-04064,2026-08-14 13:57:00,507.3,0.0,0.0,"Xã Yên Bình, Tỉnh Lào Cai",0.0,2.0,1,0,0.0,0.0,507.3,0.0,5.0,1,Stopped,0,0,0,0,0,VALID,VALID
21C-04064,2026-08-14 13:59:00,507.3,0.0,0.0,"Xã Yên Bình, Tỉnh Lào Cai",0.0,2.0,1,0,0.0,0.0,507.3,0.0,5.0,1,Stopped,0,0,0,0,0,VALID,VALID
21C-04064,2026-08-14 14:01:00,507.3,0.0,0.0,"Xã Yên Bình, Tỉnh Lào Cai",0.0,2.0,1,0,0.0,0.0,507.3,0.0,5.0,1,Stopped,0,0,0,0,0,VALID,VALID
21C-04064,2026-08-14 14:04:00,507.3,0.0,0.0,"Xã Yên Bình, Tỉnh Lào Cai",0.0,3.0,1,0,0.0,0.0,507.3,0.0,5.0,1,Stopped,0,0,0,0,0,VALID,VALID
21C-04064,2026-08-14 14:06:00,507.3,0.0,0.0,"Xã Yên Bình, Tỉnh Lào Cai",0.0,2.0,1,0,0.0,0.0,507.3,0.0,5.0,1,Stopped,0,0,0,0,0,VALID,VALID
21C-04064,2026-08-14 14:08:00,507.3,0.0,0.0,"Xã Yên Bình, Tỉnh Lào Cai",0.0,2.0,1,0,0.0,0.0,507.3,0.0,5.0,1,Stopped,0,0,0,0,0,VALID,VALID
21C-04064,2026-08-14 14:10:00,507.3,0.0,0.0,"Xã Yên Bình, Tỉnh Lào Cai",0.0,2.0,1,0,0.0,0.0,507.3,0.0,5.0,1,Stopped,0,0,0,0,0,VALID,VALID
21C-04064,2026-08-14 14:12:00,507.3,0.0,0.0,"Xã Yên Bình, Tỉnh Lào Cai",0.0,2.0,1,0,0.0,0.0,507.3,0.0,5.0,1,Stopped,0,0,0,0,0,VALID,VALID
21C-04064,2026-08-14 14:14:00,507.3,0.0,0.0,"Xã Yên Bình, Tỉnh Lào Cai",0.0,2.0,1,0,0.0,0.0,507.3,0.0,5.0,1,Stopped,0,0,0,0,0,VALID,VALID
21C-04064,2026-08-14 14:17:00,507.3,0.0,0.0,"Xã Yên Bình, Tỉnh Lào Cai",0.0,3.0,1,0,0.0,0.0,507.3,0.0,5.0,1,Stopped,0,0,0,0,0,VALID,VALID
21C-04064,2026-08-14 14:19:00,507.3,0.0,0.0,"Xã Yên Bình, Tỉnh Lào Cai",0.0,2.0,1,0,0.0,0.0,507.3,0.0,5.0,1,Stopped,0,0,0,0,0,VALID,VALID
21C-04064,2026-08-14 14:21:00,507.3,0.0,0.0,"Xã Yên Bình, Tỉnh Lào Cai",0.0,2.0,1,0,0.0,0.0,507.3,0.0,5.0,1,Stopped,0,0,0,0,0,VALID,VALID
21C-04064,2026-08-14 14:23:00,507.3,0.0,0.0,"Xã Yên Bình, Tỉnh Lào Cai",0.0,2.0,1,0,0.0,0.0,507.3,0.0,5.0,1,Stopped,0,0,0,0,0,VALID,VALID
21C-04064,2026-08-14 14:25:00,507.3,0.0,0.0,"Xã Yên Bình, Tỉnh Lào Cai",0.0,2.0,1,0,0.0,0.0,507.3,0.0,5.0,1,Stopped,0,0,0,0,0,VALID,VALID
21C-04064,2026-08-14 14:28:00,507.3,0.0,0.0,"Xã Yên Bình, Tỉnh Lào Cai",0.0,3.0,1,0,0.0,0.0,507.3,0.0,5.0,1,Stopped,0,0,0,0,0,VALID,VALID
21C-04064,2026-08-14 14:30:00,507.3,0.0,0.0,"Xã Yên Bình, Tỉnh Lào Cai",0.0,2.0,1,0,0.0,0.0,507.3,0.0,5.0,1,Stopped,0,0,0,0,0,VALID,VALID
21C-04064,2026-08-14 14:32:00,507.3,0.0,0.0,"Xã Yên Bình, Tỉnh Lào Cai",0.0,2.0,1,0,0.0,0.0,507.3,0.0,5.0,1,Stopped,0,0,0,0,0,VALID,VALID
21C-04064,2026-08-14 14:34:00,507.3,0.0,0.0,"Xã Yên Bình, Tỉnh Lào Cai",0.0,2.0,1,0,0.0,0.0,507.3,0.0,5.0,1,Stopped,0,0,0,0,0,VALID,VALID
21C-04064,2026-08-14 14:36:00,507.3,0.0,0.0,"Xã Yên Bình, Tỉnh Lào Cai",0.0,2.0,1,0,0.0,0.0,507.3,0.0,5.0,1,Stopped,0,0,0,0,0,VALID,VALID
21C-04064,2026-08-14 14:38:00,507.3,0.0,0.0,"Xã Yên Bình, Tỉnh Lào Cai",0.0,2.0,1,0,0.0,0.0,507.3,0.0,5.0,1,Stopped,0,0,0,0,0,VALID,VALID
21C-04064,2026-08-14 14:41:00,507.3,0.0,0.0,"Xã Yên Bình, Tỉnh Lào Cai",0.0,3.0,1,0,0.0,0.0,507.3,0.0,5.0,1,Stopped,0,0,0,0,0,VALID,VALID
21C-04064,2026-08-14 14:43:00,507.3,0.0,0.0,"Xã Yên Bình, Tỉnh Lào Cai",0.0,2.0,1,0,0.0,0.0,507.3,0.0,5.0,1,Stopped,0,0,0,0,0,VALID,VALID
21C-04064,2026-08-14 14:45:00,507.3,0.0,0.0,"Xã Yên Bình, Tỉnh Lào Cai",0.0,2.0,1,0,0.0,0.0,507.3,0.0,5.0,1,Stopped,0,0,0,0,0,VALID,VALID
21C-04064,2026-08-14 14:47:00,507.3,0.0,0.0,"Xã Yên Bình, Tỉnh Lào Cai",0.0,2.0,1,0,0.0,0.0,507.3,0.0,5.0,1,Stopped,0,0,0,0,0,VALID,VALID
21C-04064,2026-08-14 14:49:00,507.3,0.0,0.0,"Xã Yên Bình, Tỉnh Lào Cai",0.0,2.0,1,0,0.0,0.0,507.3,0.0,5.0,1,Stopped,0,0,0,0,0,VALID,VALID
21C-04064,2026-08-14 14:52:00,507.3,0.0,0.0,"Xã Yên Bình, Tỉnh Lào Cai",0.0,3.0,1,0,0.0,0.0,507.3,0.0,5.0,1,Stopped,0,0,0,0,0,VALID,VALID
21C-04064,2026-08-14 14:54:00,507.3,0.0,0.0,"Xã Yên Bình, Tỉnh Lào Cai",0.0,2.0,1,0,0.0,0.0,507.3,0.0,5.0,1,Stopped,0,0,0,0,0,VALID,VALID
21C-04064,2026-08-14 14:56:00,507.3,0.0,0.0,"Xã Yên Bình, Tỉnh Lào Cai",0.0,2.0,1,0,0.0,0.0,507.3,0.0,5.0,1,Stopped,0,0,0,0,0,VALID,VALID
21C-04064,2026-08-14 14:58:00,507.3,0.0,0.0,"Xã Yên Bình, Tỉnh Lào Cai",0.0,2.0,1,0,0.0,0.0,507.3,0.0,5.0,1,Stopped,0,0,0,0,0,VALID,VALID
21C-04064,2026-08-14 15:00:00,507.3,0.0,0.0,"Xã Yên Bình, Tỉnh Lào Cai",0.0,2.0,1,0,0.0,0.0,507.3,0.0,5.0,1,Stopped,0,0,0,0,0,VALID,VALID
21C-04064,2026-08-14 15:02:00,507.3,0.0,0.0,"Xã Yên Bình, Tỉnh Lào Cai",0.0,2.0,1,0,0.0,0.0,507.3,0.0,5.0,1,Stopped,0,0,0,0,0,VALID,VALID
21C-04064,2026-08-14 15:05:00,507.3,0.0,0.0,"Xã Yên Bình, Tỉnh Lào Cai",0.0,3.0,1,0,0.0,0.0,507.3,0.0,5.0,1,Stopped,0,0,0,0,0,VALID,VALID
21C-04064,2026-08-14 15:07:00,507.3,0.0,0.0,"Xã Yên Bình, Tỉnh Lào Cai",0.0,2.0,1,0,0.0,0.0,507.3,0.0,5.0,1,Stopped,0,0,0,0,0,VALID,VALID
21C-04064,2026-08-14 15:09:00,507.3,0.0,0.0,"Xã Yên Bình, Tỉnh Lào Cai",0.0,2.0,1,0,0.0,0.0,507.3,0.0,5.0,1,Stopped,0,0,0,0,0,VALID,VALID
21C-04064,2026-08-14 15:11:00,507.3,0.0,0.0,"Xã Yên Bình, Tỉnh Lào Cai",0.0,2.0,1,0,0.0,0.0,507.3,0.0,5.0,1,Stopped,0,0,0,0,0,VALID,VALID
21C-04064,2026-08-14 15:13:00,507.3,0.0,0.0,"Xã Yên Bình, Tỉnh Lào Cai",0.0,2.0,1,0,0.0,0.0,507.3,0.0,5.0,1,Stopped,0,0,0,0,0,VALID,VALID
21C-04064,2026-08-14 15:16:00,507.3,0.0,0.0,"Xã Yên Bình, Tỉnh Lào Cai",0.0,3.0,1,0,0.0,0.0,507.3,0.0,5.0,1,Stopped,0,0,0,0,0,VALID,VALID
21C-04064,2026-08-14 15:18:00,507.3,0.0,0.0,"Xã Yên Bình, Tỉnh Lào Cai",0.0,2.0,1,0,0.0,0.0,507.3,0.0,5.0,1,Stopped,0,0,0,0,0,VALID,VALID
21C-04064,2026-08-14 15:20:00,507.3,0.0,0.0,"Xã Yên Bình, Tỉnh Lào Cai",0.0,2.0,1,0,0.0,0.0,507.3,0.0,5.0,1,Stopped,0,0,0,0,0,VALID,VALID
21C-04064,2026-08-14 15:22:00,507.3,0.0,0.0,"Xã Yên Bình, Tỉnh Lào Cai",0.0,2.0,1,0,0.0,0.0,507.3,0.0,5.0,1,Stopped,0,0,0,0,0,VALID,VALID
21C-04064,2026-08-14 15:24:00,507.3,0.0,0.0,"Xã Yên Bình, Tỉnh Lào Cai",0.0,2.0,1,0,0.0,0.0,507.3,0.0,5.0,1,Stopped,0,0,0,0,0,VALID,VALID
21C-04064,2026-08-14 15:26:00,507.3,0.0,0.0,"Xã Yên Bình, Tỉnh Lào Cai",0.0,2.0,1,0,0.0,0.0,507.3,0.0,5.0,1,Stopped,0,0,0,0,0,VALID,VALID
21C-04064,2026-08-14 15:28:00,507.3,0.0,0.0,"Xã Yên Bình, Tỉnh Lào Cai",0.0,2.0,1,0,0.0,0.0,507.3,0.0,5.0,1,Stopped,0,0,0,0,0,VALID,VALID
21C-04064,2026-08-14 15:30:00,507.3,0.0,0.0,"Xã Yên Bình, Tỉnh Lào Cai",0.0,2.0,1,0,0.0,0.0,507.3,0.0,5.0,1,Stopped,0,0,0,0,0,VALID,VALID
21C-04064,2026-08-14 15:32:00,507.3,0.0,0.0,"Xã Yên Bình, Tỉnh Lào Cai",0.0,2.0,1,0,0.0,0.0,507.3,0.0,5.0,1,Stopped,0,0,0,0,0,VALID,VALID
21C-04064,2026-08-14 15:34:00,507.3,0.0,0.0,"Xã Yên Bình, Tỉnh Lào Cai",0.0,2.0,1,0,0.0,0.0,507.3,0.0,5.0,1,Stopped,0,0,0,0,0,VALID,VALID
21C-04064,2026-08-14 15:37:00,507.3,0.0,0.0,"Xã Yên Bình, Tỉnh Lào Cai",0.0,3.0,1,0,0.0,0.0,507.3,0.0,5.0,1,Stopped,0,0,0,0,0,VALID,VALID
21C-04064,2026-08-14 15:39:00,507.3,0.0,0.0,"Xã Yên Bình, Tỉnh Lào Cai",0.0,2.0,1,0,0.0,0.0,507.3,0.0,5.0,1,Stopped,0,0,0,0,0,VALID,VALID
21C-04064,2026-08-14 15:41:00,507.3,0.0,0.0,"Xã Yên Bình, Tỉnh Lào Cai",0.0,2.0,1,0,0.0,0.0,507.3,0.0,5.0,1,Stopped,0,0,0,0,0,VALID,VALID
21C-04064,2026-08-14 15:43:00,507.3,0.0,0.0,"Xã Yên Bình, Tỉnh Lào Cai",0.0,2.0,1,0,0.0,0.0,507.3,0.0,5.0,1,Stopped,0,0,0,0,0,VALID,VALID
21C-04064,2026-08-14 15:46:00,507.3,0.0,0.0,"Xã Yên Bình, Tỉnh Lào Cai",0.0,3.0,1,0,0.0,0.0,507.3,0.0,5.0,1,Stopped,0,0,0,0,0,VALID,VALID
21C-04064,2026-08-14 15:48:00,507.3,0.0,0.0,"Xã Yên Bình, Tỉnh Lào Cai",0.0,2.0,1,0,0.0,0.0,507.3,0.0,5.0,1,Stopped,0,0,0,0,0,VALID,VALID
21C-04064,2026-08-14 15:50:00,507.3,0.0,0.0,"Xã Yên Bình, Tỉnh Lào Cai",0.0,2.0,1,0,0.0,0.0,507.3,0.0,5.0,1,Stopped,0,0,0,0,0,VALID,VALID
21C-04064,2026-08-14 15:52:00,507.3,0.0,0.0,"Xã Yên Bình, Tỉnh Lào Cai",0.0,2.0,1,0,0.0,0.0,507.3,0.0,5.0,1,Stopped,0,0,0,0,0,VALID,VALID
21C-04064,2026-08-14 15:54:00,507.3,0.0,0.0,"Xã Yên Bình, Tỉnh Lào Cai",0.0,2.0,1,0,0.0,0.0,507.3,0.0,5.0,1,Stopped,0,0,0,0,0,VALID,VALID
21C-04064,2026-08-14 15:56:00,507.3,0.0,0.0,"Xã Yên Bình, Tỉnh Lào Cai",0.0,2.0,1,0,0.0,0.0,507.3,0.0,5.0,1,Stopped,0,0,0,0,0,VALID,VALID
21C-04064,2026-08-14 15:59:00,507.3,0.0,0.0,"Xã Yên Bình, Tỉnh Lào Cai",0.0,3.0,1,0,0.0,0.0,507.3,0.0,5.0,1,Stopped,0,0,0,0,0,VALID,VALID
21C-04064,2026-08-14 16:01:00,507.3,0.0,0.0,"Xã Yên Bình, Tỉnh Lào Cai",0.0,2.0,1,0,0.0,0.0,507.3,0.0,5.0,1,Stopped,0,0,0,0,0,VALID,VALID
21C-04064,2026-08-14 16:03:00,507.3,0.0,0.0,"Xã Yên Bình, Tỉnh Lào Cai",0.0,2.0,1,0,0.0,0.0,507.3,0.0,5.0,1,Stopped,0,0,0,0,0,VALID,VALID
21C-04064,2026-08-14 16:05:00,507.3,0.0,0.0,"Xã Yên Bình, Tỉnh Lào Cai",0.0,2.0,1,0,0.0,0.0,507.3,0.0,5.0,1,Stopped,0,0,0,0,0,VALID,VALID
21C-04064,2026-08-14 16:07:00,507.3,0.0,0.0,"Xã Yên Bình, Tỉnh Lào Cai",0.0,2.0,1,0,0.0,0.0,507.3,0.0,5.0,1,Stopped,0,0,0,0,0,VALID,VALID
21C-04064,2026-08-14 16:10:00,507.3,0.0,0.0,"Xã Yên Bình, Tỉnh Lào Cai",0.0,3.0,1,0,0.0,0.0,507.3,0.0,5.0,1,Stopped,0,0,0,0,0,VALID,VALID
21C-04064,2026-08-14 16:12:00,507.3,0.0,0.0,"Xã Yên Bình, Tỉnh Lào Cai",0.0,2.0,1,0,0.0,0.0,507.3,0.0,5.0,1,Stopped,0,0,0,0,0,VALID,VALID
21C-04064,2026-08-14 16:14:00,507.1,0.0,0.0,"Xã Yên Bình, Tỉnh Lào Cai",0.0,2.0,1,0,-0.19999999999998863,-0.09999999999999432,507.3,0.08944271982640284,5.0,1,Stopped,0,0,0,0,0,VALID,VALID
21C-04064,2026-08-14 16:16:00,507.1,0.0,0.0,"Xã Yên Bình, Tỉnh Lào Cai",0.0,2.0,1,0,0.0,0.0,507.3,0.10954451209401438,5.0,1,Stopped,0,0,0,0,0,VALID,VALID
21C-04064,2026-08-14 16:18:00,506.8,0.0,0.0,"Xã Yên Bình, Tỉnh Lào Cai",0.0,2.0,1,0,-0.30000000000001137,-0.15000000000000568,507.1,0.20493901563600536,5.0,1,Stopped,0,0,0,0,0,VALID,VALID
21C-04064,2026-08-14 16:20:00,506.5,0.0,0.0,"Xã Yên Bình, Tỉnh Lào Cai",0.0,2.0,1,0,-0.30000000000001137,-0.15000000000000568,507.1,0.3130495170572193,5.0,1,Stopped,0,0,0,0,0,VALID,VALID
21C-04064,2026-08-14 16:22:00,506.3,0.0,0.0,"Xã Yên Bình, Tỉnh Lào Cai",0.0,2.0,1,0,-0.19999999999998863,-0.09999999999999432,506.8,0.3577708765811108,5.0,1,Stopped,0,0,0,0,0,VALID,VALID
21C-04064,2026-08-14 16:25:00,506.2,0.0,0.0,"Xã Yên Bình, Tỉnh Lào Cai",0.0,3.0,1,0,-0.10000000000002274,-0.03333333333334091,506.5,0.37013511064134147,5.0,1,Stopped,0,0,0,0,0,VALID,VALID
21C-04064,2026-08-14 16:27:00,506.0,0.0,0.0,"Xã Yên Bình, Tỉnh Lào Cai",0.0,2.0,1,0,-0.19999999999998863,-0.09999999999999432,506.3,0.30495901385152696,5.0,1,Stopped,0,0,0,0,0,VALID,VALID
21C-04064,2026-08-14 16:29:00,505.9,0.0,0.0,"Xã Yên Bình, Tỉnh Lào Cai",0.0,2.0,1,0,-0.10000000000002274,-0.05000000000001137,506.2,0.2387467279967428,5.0,1,Stopped,0,0,0,0,0,VALID,VALID
21C-04064,2026-08-14 16:31:00,505.7,0.0,0.0,"Xã Yên Bình, Tỉnh Lào Cai",0.0,2.0,1,0,-0.19999999999998863,-0.09999999999999432,506.0,0.23874672799645708,5.0,1,Stopped,0,0,0,0,0,VALID,VALID
21C-04064,2026-08-14 16:34:00,505.7,0.0,0.0,"Xã Yên Bình, Tỉnh Lào Cai",0.0,3.0,1,0,0.0,0.0,505.9,0.21213203465979305,5.0,1,Stopped,0,0,0,0,0,VALID,VALID
21C-04064,2026-08-14 16:36:00,505.7,0.0,0.0,"Xã Yên Bình, Tỉnh Lào Cai",0.0,2.0,1,0,0.0,0.0,505.7,0.14142135669273367,5.0,1,Stopped,0,0,0,0,0,VALID,VALID
21C-04064,2026-08-14 16:38:00,505.7,0.0,0.0,"Xã Yên Bình, Tỉnh Lào Cai",0.0,2.0,1,0,0.0,0.0,505.7,0.08944271981976709,5.0,1,Stopped,0,0,0,0,0,VALID,VALID
21C-04064,2026-08-14 16:40:00,505.7,0.0,0.0,"Xã Yên Bình, Tỉnh Lào Cai",0.0,2.0,1,0,0.0,0.0,505.7,0.0,5.0,1,Stopped,0,0,0,0,0,VALID,VALID
21C-04064,2026-08-14 16:42:00,505.6,0.0,0.0,"Xã Yên Bình, Tỉnh Lào Cai",0.0,2.0,1,0,-0.0999999999999659,-0.04999999999998295,505.7,0.04472136098894748,5.0,1,Stopped,0,0,0,0,0,VALID,VALID
21C-04064,2026-08-14 16:44:00,505.6,0.0,0.0,"Xã Yên Bình, Tỉnh Lào Cai",0.0,2.0,1,0,0.0,0.0,505.7,0.05477225692526618,5.0,1,Stopped,0,0,0,0,0,VALID,VALID
21C-04064,2026-08-14 16:46:00,505.6,0.0,0.0,"Xã Yên Bình, Tỉnh Lào Cai",0.0,2.0,1,0,0.0,0.0,505.6,0.05477225692512737,5.0,1,Stopped,0,0,0,0,0,VALID,VALID
21C-04064,2026-08-14 16:48:00,505.6,0.0,0.0,"Xã Yên Bình, Tỉnh Lào Cai",0.0,2.0,1,0,0.0,0.0,505.6,0.04472136098843747,5.0,1,Stopped,0,0,0,0,0,VALID,VALID
21C-04064,2026-08-14 16:52:00,503.5,0.0,0.0,"Xã Yên Bình, Tỉnh Lào Cai",0.0,4.0,1,0,-2.1000000000000227,-0.5250000000000057,505.6,0.9391485506182533,5.0,1,Stopped,0,0,0,0,0,VALID,VALID
21C-04064,2026-08-14 16:54:00,502.1,0.0,0.0,"Xã Yên Bình, Tỉnh Lào Cai",0.0,2.0,1,0,-1.3999999999999773,-0.6999999999999886,505.6,1.6115210206906547,5.0,1,Stopped,0,0,0,0,0,VALID,VALID
21C-04064,2026-08-14 16:56:00,501.8,0.0,0.0,"Xã Yên Bình, Tỉnh Lào Cai",0.0,2.0,1,0,-0.30000000000001137,-0.15000000000000568,503.5,1.832211778187038,5.0,1,Stopped,0,0,0,0,0,VALID,VALID
21C-04064,2026-08-14 16:58:00,501.6,0.0,0.0,"Xã Yên Bình, Tỉnh Lào Cai",0.0,2.0,1,0,-0.19999999999998863,-0.09999999999999432,502.1,1.672423391407431,5.0,1,Stopped,0,0,0,0,0,VALID,VALID
21C-04064,2026-08-14 17:00:00,501.5,0.0,0.0,"Xã Yên Bình, Tỉnh Lào Cai",0.0,2.0,1,0,-0.10000000000002274,-0.05000000000001137,501.8,0.8154753215923488,5.0,1,Stopped,0,0,0,0,0,VALID,VALID
21C-04064,2026-08-14 17:02:00,501.5,0.0,0.0,"Xã Yên Bình, Tỉnh Lào Cai",0.0,2.0,1,0,0.0,0.0,501.6,0.25495097592650146,5.0,1,Stopped,0,0,0,0,0,VALID,VALID
21C-04064,2026-08-14 17:05:00,501.3,0.0,0.0,"Xã Yên Bình, Tỉnh Lào Cai",0.0,3.0,1,0,-0.19999999999998863,-0.06666666666666288,501.5,0.1816590215919591,5.0,1,Stopped,0,0,0,0,0,VALID,VALID
21C-04064,2026-08-14 17:07:00,501.3,0.0,0.0,"Xã Yên Bình, Tỉnh Lào Cai",0.0,2.0,1,0,0.0,0.0,501.5,0.1341640791182984,5.0,1,Stopped,0,0,0,0,0,VALID,VALID
21C-04064,2026-08-14 17:09:00,501.2,0.0,0.0,"Xã Yên Bình, Tỉnh Lào Cai",0.0,2.0,1,0,-0.10000000000002274,-0.05000000000001137,501.3,0.13416407911804418,5.0,1,Stopped,0,0,0,0,0,VALID,VALID
21C-04064,2026-08-14 17:11:00,501.2,0.0,0.0,"Xã Yên Bình, Tỉnh Lào Cai",0.0,2.0,1,0,0.0,0.0,501.3,0.12247448765169126,5.0,1,Stopped,0,0,0,0,0,VALID,VALID
21C-04064,2026-08-14 17:14:00,501.2,0.0,0.0,"Xã Yên Bình, Tỉnh Lào Cai",0.0,3.0,1,0,0.0,0.0,501.2,0.05477225689613221,5.0,1,Stopped,0,0,0,0,0,VALID,VALID
21C-04064,2026-08-14 17:16:00,501.2,0.0,0.0,"Xã Yên Bình, Tỉnh Lào Cai",0.0,2.0,1,0,0.0,0.0,501.2,0.044721360952887666,5.0,1,Stopped,0,0,0,0,0,VALID,VALID
21C-04064,2026-08-14 17:18:00,501.2,0.0,0.0,"Xã Yên Bình, Tỉnh Lào Cai",0.0,2.0,1,0,0.0,0.0,501.2,0.0,5.0,1,Stopped,0,0,0,0,0,VALID,VALID
21C-04064,2026-08-14 17:20:00,501.2,0.0,0.0,"Xã Yên Bình, Tỉnh Lào Cai",0.0,2.0,1,0,0.0,0.0,501.2,0.0,5.0,1,Stopped,0,0,0,0,0,VALID,VALID
21C-04064,2026-08-14 17:22:00,501.2,0.0,0.0,"Xã Yên Bình, Tỉnh Lào Cai",0.0,2.0,1,0,0.0,0.0,501.2,0.0,5.0,1,Stopped,0,0,0,0,0,VALID,VALID
21C-04064,2026-08-14 17:24:00,501.2,0.0,0.0,"Xã Yên Bình, Tỉnh Lào Cai",0.0,2.0,1,0,0.0,0.0,501.2,0.0,5.0,1,Stopped,0,0,0,0,0,VALID,VALID
21C-04064,2026-08-14 17:26:00,501.2,0.0,0.0,"Xã Yên Bình, Tỉnh Lào Cai",0.0,2.0,1,0,0.0,0.0,501.2,0.0,5.0,1,Stopped,0,0,0,0,0,VALID,VALID
21C-04064,2026-08-14 17:28:00,501.3,0.0,0.0,"Xã Yên Bình, Tỉnh Lào Cai",0.0,2.0,1,0,0.10000000000002274,0.05000000000001137,501.2,0.044721360952859064,5.0,1,Stopped,0,0,0,0,0,VALID,VALID
21C-04064,2026-08-14 17:30:00,501.5,0.0,0.0,"Xã Yên Bình, Tỉnh Lào Cai",0.0,2.0,1,0,0.19999999999998863,0.09999999999999432,501.2,0.1303840485854066,5.0,1,Stopped,0,0,0,0,0,VALID,VALID
21C-04064,2026-08-14 17:33:00,501.6,0.0,0.0,"Xã Yên Bình, Tỉnh Lào Cai",0.0,3.0,1,0,0.10000000000002274,0.03333333333334091,501.3,0.1816590215915177,5.0,1,Stopped,0,0,0,0,0,VALID,VALID
21C-04064,2026-08-14 17:35:00,501.8,0.0,0.0,"Xã Yên Bình, Tỉnh Lào Cai",0.0,2.0,1,0,0.19999999999998863,0.09999999999999432,501.5,0.23874672798949026,5.0,1,Stopped,0,0,0,0,0,VALID,VALID
21C-04064,2026-08-14 17:37:00,501.8,0.0,0.0,"Xã Yên Bình, Tỉnh Lào Cai",0.0,2.0,1,0,0.0,0.0,501.6,0.21213203465243452,5.0,1,Stopped,0,0,0,0,0,VALID,VALID
21C-04064,2026-08-14 17:39:00,501.9,0.0,0.0,"Xã Yên Bình, Tỉnh Lào Cai",0.0,2.0,1,0,0.0999999999999659,0.04999999999998295,501.8,0.16431676763457578,5.0,1,Stopped,0,0,0,0,0,VALID,VALID
21C-04064,2026-08-14 17:41:00,501.9,0.0,0.0,"Xã Yên Bình, Tỉnh Lào Cai",0.0,2.0,1,0,0.0,0.0,501.8,0.12247448765327859,5.0,1,Stopped,0,0,0,0,0,VALID,VALID
21C-04064,2026-08-14 17:44:00,501.9,0.0,0.0,"Xã Yên Bình, Tỉnh Lào Cai",0.0,3.0,1,0,0.0,0.0,501.9,0.054772256900502754,5.0,1,Stopped,0,0,0,0,0,VALID,VALID
21C-04064,2026-08-14 17:46:00,501.9,0.0,0.0,"Xã Yên Bình, Tỉnh Lào Cai",0.0,2.0,1,0,0.0,0.0,501.9,0.04472136095859001,5.0,1,Stopped,0,0,0,0,0,VALID,VALID
21C-04064,2026-08-14 17:48:00,501.9,0.0,0.0,"Xã Yên Bình, Tỉnh Lào Cai",0.0,2.0,1,0,0.0,0.0,501.9,0.0,5.0,1,Stopped,0,0,0,0,0,VALID,VALID
21C-04064,2026-08-14 17:50:00,501.9,0.0,0.0,"Xã Yên Bình, Tỉnh Lào Cai",0.0,2.0,1,0,0.0,0.0,501.9,0.0,5.0,1,Stopped,0,0,0,0,0,VALID,VALID
21C-04064,2026-08-14 17:52:00,502.1,0.0,0.0,"Xã Yên Bình, Tỉnh Lào Cai",0.0,2.0,1,0,0.20000000000004547,0.10000000000002274,501.9,0.08944271980454546,5.0,1,Stopped,0,0,0,0,0,VALID,VALID
21C-04064,2026-08-14 17:54:00,502.1,0.0,0.0,"Xã Yên Bình, Tỉnh Lào Cai",0.0,2.0,1,0,0.0,0.0,501.9,0.10954451207642996,5.0,1,Stopped,0,0,0,0,0,VALID,VALID
21C-04064,2026-08-14 17:57:00,502.1,0.0,0.0,"Xã Yên Bình, Tỉnh Lào Cai",0.0,3.0,1,0,0.0,0.0,502.1,0.1095445120765506,5.0,1,Stopped,0,0,0,0,0,VALID,VALID
21C-04064,2026-08-14 17:59:00,502.1,0.0,0.0,"Xã Yên Bình, Tỉnh Lào Cai",0.0,2.0,1,0,0.0,0.0,502.1,0.08944271980497603,5.0,1,Stopped,0,0,0,0,0,VALID,VALID
21C-04064,2026-08-14 18:01:00,502.1,0.0,0.0,"Xã Yên Bình, Tỉnh Lào Cai",0.0,2.0,1,0,0.0,0.0,502.1,0.0,5.0,1,Stopped,0,0,0,0,0,VALID,VALID
21C-04064,2026-08-14 18:03:00,502.1,0.0,0.0,"Xã Yên Bình, Tỉnh Lào Cai",0.0,2.0,1,0,0.0,0.0,502.1,0.0,5.0,1,Stopped,0,0,0,0,0,VALID,VALID
21C-04064,2026-08-14 18:05:00,502.1,0.0,0.0,"Xã Yên Bình, Tỉnh Lào Cai",0.0,2.0,1,0,0.0,0.0,502.1,0.0,5.0,1,Stopped,0,0,0,0,0,VALID,VALID
21C-04064,2026-08-14 18:08:00,502.1,0.0,0.0,"Xã Yên Bình, Tỉnh Lào Cai",0.0,3.0,1,0,0.0,0.0,502.1,0.0,5.0,1,Stopped,0,0,0,0,0,VALID,VALID
21C-04064,2026-08-14 18:10:00,502.1,0.0,0.0,"Xã Yên Bình, Tỉnh Lào Cai",0.0,2.0,1,0,0.0,0.0,502.1,0.0,5.0,1,Stopped,0,0,0,0,0,VALID,VALID
21C-04064,2026-08-14 18:12:00,502.1,0.0,0.0,"Xã Yên Bình, Tỉnh Lào Cai",0.0,2.0,1,0,0.0,0.0,502.1,0.0,5.0,1,Stopped,0,0,0,0,0,VALID,VALID
21C-04064,2026-08-14 18:14:00,502.1,0.0,0.0,"Xã Yên Bình, Tỉnh Lào Cai",0.0,2.0,1,0,0.0,0.0,502.1,0.0,5.0,1,Stopped,0,0,0,0,0,VALID,VALID
21C-04064,2026-08-14 18:17:00,502.9,0.0,0.0,"Xã Yên Bình, Tỉnh Lào Cai",0.0,3.0,1,0,0.7999999999999545,0.2666666666666515,502.1,0.3577708765763531,5.0,1,Stopped,0,0,0,0,0,VALID,VALID
21C-04064,2026-08-14 18:19:00,503.3,0.0,0.0,"Xã Yên Bình, Tỉnh Lào Cai",0.0,2.0,1,0,0.4000000000000341,0.20000000000001705,502.1,0.5656854250609197,5.0,1,Stopped,0,0,0,0,0,VALID,VALID
21C-04064,2026-08-14 18:21:00,503.5,0.0,0.0,"Xã Yên Bình, Tỉnh Lào Cai",0.0,2.0,1,0,0.19999999999998863,0.09999999999999432,502.9,0.6572670691024565,5.0,1,Stopped,0,0,0,0,0,VALID,VALID
21C-04064,2026-08-14 18:23:00,503.5,0.0,0.0,"Xã Yên Bình, Tỉnh Lào Cai",0.0,2.0,1,0,0.0,0.0,503.3,0.5899152482575016,5.0,1,Stopped,0,0,0,0,0,VALID,VALID
21C-04064,2026-08-14 18:26:00,503.6,0.0,0.0,"Xã Yên Bình, Tỉnh Lào Cai",0.0,3.0,1,0,0.10000000000002274,0.03333333333334091,503.5,0.27928480110254944,5.0,1,Stopped,0,0,0,0,0,VALID,VALID
21C-04064,2026-08-14 18:28:00,503.8,0.0,0.0,"Xã Yên Bình, Tỉnh Lào Cai",0.0,2.0,1,0,0.19999999999998863,0.09999999999999432,503.5,0.18165902159535316,5.0,1,Stopped,0,0,0,0,0,VALID,VALID
21C-04064,2026-08-14 18:30:00,503.8,0.0,0.0,"Xã Yên Bình, Tỉnh Lào Cai",0.0,2.0,1,0,0.0,0.0,503.6,0.1516575092998511,5.0,1,Stopped,0,0,0,0,0,VALID,VALID
21C-04064,2026-08-14 18:32:00,503.9,0.0,0.0,"Xã Yên Bình, Tỉnh Lào Cai",0.0,2.0,1,0,0.0999999999999659,0.04999999999998295,503.8,0.1643167676382076,5.0,1,Stopped,0,0,0,0,0,VALID,VALID
21C-04064,2026-08-14 18:34:00,503.9,0.0,0.0,"Xã Yên Bình, Tỉnh Lào Cai",0.0,2.0,1,0,0.0,0.0,503.8,0.12247448765807493,5.0,1,Stopped,0,0,0,0,0,VALID,VALID
21C-04064,2026-08-14 18:36:00,503.9,0.0,0.0,"Xã Yên Bình, Tỉnh Lào Cai",0.0,2.0,1,0,0.0,0.0,503.9,0.05477225691115764,5.0,1,Stopped,0,0,0,0,0,VALID,VALID
21C-04064,2026-08-14 18:39:00,504.1,0.0,0.0,"Xã Yên Bình, Tỉnh Lào Cai",0.0,3.0,1,0,0.20000000000004547,0.06666666666668182,503.9,0.10954451208151642,5.0,1,Stopped,0,0,0,0,0,VALID,VALID
21C-04064,2026-08-14 18:41:00,504.1,0.0,0.0,"Xã Yên Bình, Tỉnh Lào Cai",0.0,2.0,1,0,0.0,0.0,503.9,0.10954451208167987,5.0,1,Stopped,0,0,0,0,0,VALID,VALID
21C-04064,2026-08-14 18:43:00,504.1,0.0,0.0,"Xã Yên Bình, Tỉnh Lào Cai",0.0,2.0,1,0,0.0,0.0,504.1,0.10954451208176678,5.0,1,Stopped,0,0,0,0,0,VALID,VALID
21C-04064,2026-08-14 18:45:00,504.1,0.0,0.0,"Xã Yên Bình, Tỉnh Lào Cai",0.0,2.0,1,0,0.0,0.0,504.1,0.08944271981133593,5.0,1,Stopped,0,0,0,0,0,VALID,VALID
21C-04064,2026-08-14 18:47:00,504.1,0.0,0.0,"Xã Yên Bình, Tỉnh Lào Cai",0.0,2.0,1,0,0.0,0.0,504.1,0.0,5.0,1,Stopped,0,0,0,0,0,VALID,VALID
21C-04064,2026-08-14 18:50:00,504.1,0.0,0.0,"Xã Yên Bình, Tỉnh Lào Cai",0.0,3.0,1,0,0.0,0.0,504.1,0.0,5.0,1,Stopped,0,0,0,0,0,VALID,VALID
21C-04064,2026-08-14 18:52:00,504.1,0.0,0.0,"Xã Yên Bình, Tỉnh Lào Cai",0.0,2.0,1,0,0.0,0.0,504.1,0.0,5.0,1,Stopped,0,0,0,0,0,VALID,VALID
21C-04064,2026-08-14 18:54:00,504.1,0.0,0.0,"Xã Yên Bình, Tỉnh Lào Cai",0.0,2.0,1,0,0.0,0.0,504.1,0.0,5.0,1,Stopped,0,0,0,0,0,VALID,VALID
21C-04064,2026-08-14 18:56:00,504.2,0.0,0.0,"Xã Yên Bình, Tỉnh Lào Cai",0.0,2.0,1,0,0.0999999999999659,0.04999999999998295,504.1,0.0447213609729336,5.0,1,Stopped,0,0,0,0,0,VALID,VALID
21C-04064,2026-08-14 18:58:00,504.2,0.0,0.0,"Xã Yên Bình, Tỉnh Lào Cai",0.0,2.0,1,0,0.0,0.0,504.1,0.05477225691242181,5.0,1,Stopped,0,0,0,0,0,VALID,VALID
21C-04064,2026-08-14 19:00:00,504.2,0.0,0.0,"Xã Yên Bình, Tỉnh Lào Cai",0.0,2.0,1,0,0.0,0.0,504.2,0.05477225691251392,5.0,1,Stopped,0,0,0,0,0,VALID,VALID
21C-04064,2026-08-14 19:03:00,504.2,0.0,0.0,"Xã Yên Bình, Tỉnh Lào Cai",0.0,3.0,1,0,0.0,0.0,504.2,0.04472136097327202,5.0,1,Stopped,0,0,0,0,0,VALID,VALID
21C-04064,2026-08-14 19:05:00,504.2,0.0,0.0,"Xã Yên Bình, Tỉnh Lào Cai",0.0,2.0,1,0,0.0,0.0,504.2,0.0,5.0,1,Stopped,0,0,0,0,0,VALID,VALID
21C-04064,2026-08-14 19:07:00,504.2,0.0,0.0,"Xã Yên Bình, Tỉnh Lào Cai",0.0,2.0,1,0,0.0,0.0,504.2,0.0,5.0,1,Stopped,0,0,0,0,0,VALID,VALID
21C-04064,2026-08-14 19:09:00,504.2,0.0,0.0,"Xã Yên Bình, Tỉnh Lào Cai",0.0,2.0,1,0,0.0,0.0,504.2,0.0,5.0,1,Stopped,0,0,0,0,0,VALID,VALID
21C-04064,2026-08-14 19:11:00,504.2,0.0,0.0,"Xã Yên Bình, Tỉnh Lào Cai",0.0,2.0,1,0,0.0,0.0,504.2,0.0,5.0,1,Stopped,0,0,0,0,0,VALID,VALID
21C-04064,2026-08-14 19:14:00,504.2,0.0,0.0,"Xã Yên Bình, Tỉnh Lào Cai",0.0,3.0,1,0,0.0,0.0,504.2,0.0,5.0,1,Stopped,0,0,0,0,0,VALID,VALID
21C-04064,2026-08-14 19:16:00,504.2,0.0,0.0,"Xã Yên Bình, Tỉnh Lào Cai",0.0,2.0,1,0,0.0,0.0,504.2,0.0,5.0,1,Stopped,0,0,0,0,0,VALID,VALID
21C-04064,2026-08-14 19:18:00,504.2,0.0,0.0,"Xã Yên Bình, Tỉnh Lào Cai",0.0,2.0,1,0,0.0,0.0,504.2,0.0,5.0,1,Stopped,0,0,0,0,0,VALID,VALID
21C-04064,2026-08-14 19:20:00,504.2,0.0,0.0,"Xã Yên Bình, Tỉnh Lào Cai",0.0,2.0,1,0,0.0,0.0,504.2,0.0,5.0,1,Stopped,0,0,0,0,0,VALID,VALID
21C-04064,2026-08-14 19:22:00,504.2,0.0,0.0,"Xã Yên Bình, Tỉnh Lào Cai",0.0,2.0,1,0,0.0,0.0,504.2,0.0,5.0,1,Stopped,0,0,0,0,0,VALID,VALID
21C-04064,2026-08-14 19:24:00,504.2,0.0,0.0,"Xã Yên Bình, Tỉnh Lào Cai",0.0,2.0,1,0,0.0,0.0,504.2,0.0,5.0,1,Stopped,0,0,0,0,0,VALID,VALID
21C-04064,2026-08-14 19:27:00,504.2,0.0,0.0,"Xã Yên Bình, Tỉnh Lào Cai",0.0,3.0,1,0,0.0,0.0,504.2,0.0,5.0,1,Stopped,0,0,0,0,0,VALID,VALID
21C-04064,2026-08-14 19:29:00,504.2,0.0,0.0,"Xã Yên Bình, Tỉnh Lào Cai",0.0,2.0,1,0,0.0,0.0,504.2,0.0,5.0,1,Stopped,0,0,0,0,0,VALID,VALID
21C-04064,2026-08-14 19:31:00,504.2,0.0,0.0,"Xã Yên Bình, Tỉnh Lào Cai",0.0,2.0,1,0,0.0,0.0,504.2,0.0,5.0,1,Stopped,0,0,0,0,0,VALID,VALID
21C-04064,2026-08-14 19:33:00,504.2,0.0,0.0,"Xã Yên Bình, Tỉnh Lào Cai",0.0,2.0,1,0,0.0,0.0,504.2,0.0,5.0,1,Stopped,0,0,0,0,0,VALID,VALID
21C-04064,2026-08-14 19:35:00,504.2,0.0,0.0,"Xã Yên Bình, Tỉnh Lào Cai",0.0,2.0,1,0,0.0,0.0,504.2,0.0,5.0,1,Stopped,0,0,0,0,0,VALID,VALID
21C-04064,2026-08-14 19:38:00,504.2,0.0,0.0,"Xã Yên Bình, Tỉnh Lào Cai",0.0,3.0,1,0,0.0,0.0,504.2,0.0,5.0,1,Stopped,0,0,0,0,0,VALID,VALID
21C-04064,2026-08-14 19:40:00,504.2,0.0,0.0,"Xã Yên Bình, Tỉnh Lào Cai",0.0,2.0,1,0,0.0,0.0,504.2,0.0,5.0,1,Stopped,0,0,0,0,0,VALID,VALID
21C-04064,2026-08-14 19:42:00,504.2,0.0,0.0,"Xã Yên Bình, Tỉnh Lào Cai",0.0,2.0,1,0,0.0,0.0,504.2,0.0,5.0,1,Stopped,0,0,0,0,0,VALID,VALID
21C-04064,2026-08-14 19:44:00,504.2,0.0,0.0,"Xã Yên Bình, Tỉnh Lào Cai",0.0,2.0,1,0,0.0,0.0,504.2,0.0,5.0,1,Stopped,0,0,0,0,0,VALID,VALID
21C-04064,2026-08-14 19:46:00,504.2,0.0,0.0,"Xã Yên Bình, Tỉnh Lào Cai",0.0,2.0,1,0,0.0,0.0,504.2,0.0,5.0,1,Stopped,0,0,0,0,0,VALID,VALID
21C-04064,2026-08-14 19:48:00,504.2,0.0,0.0,"Xã Yên Bình, Tỉnh Lào Cai",0.0,2.0,1,0,0.0,0.0,504.2,0.0,5.0,1,Stopped,0,0,0,0,0,VALID,VALID
21C-04064,2026-08-14 19:51:00,504.2,0.0,0.0,"Xã Yên Bình, Tỉnh Lào Cai",0.0,3.0,1,0,0.0,0.0,504.2,0.0,5.0,1,Stopped,0,0,0,0,0,VALID,VALID
21C-04064,2026-08-14 19:53:00,504.2,0.0,0.0,"Xã Yên Bình, Tỉnh Lào Cai",0.0,2.0,1,0,0.0,0.0,504.2,0.0,5.0,1,Stopped,0,0,0,0,0,VALID,VALID
21C-04064,2026-08-14 19:55:00,504.2,0.0,0.0,"Xã Yên Bình, Tỉnh Lào Cai",0.0,2.0,1,0,0.0,0.0,504.2,0.0,5.0,1,Stopped,0,0,0,0,0,VALID,VALID
21C-04064,2026-08-14 19:57:00,504.4,0.0,0.0,"Xã Yên Bình, Tỉnh Lào Cai",0.0,2.0,1,0,0.19999999999998863,0.09999999999999432,504.2,0.08944271981181497,5.0,1,Stopped,0,0,0,0,0,VALID,VALID
21C-04064,2026-08-14 20:00:00,504.4,0.0,0.0,"Xã Yên Bình, Tỉnh Lào Cai",0.0,3.0,1,0,0.0,0.0,504.2,0.10954451208233433,5.0,1,Stopped,0,0,0,0,0,VALID,VALID
21C-04064,2026-08-14 20:02:00,504.4,0.0,0.0,"Xã Yên Bình, Tỉnh Lào Cai",0.0,2.0,1,0,0.0,0.0,504.4,0.10954451208244978,5.0,1,Stopped,0,0,0,0,0,VALID,VALID
21C-04064,2026-08-14 20:04:00,504.4,0.0,0.0,"Xã Yên Bình, Tỉnh Lào Cai",0.0,2.0,1,0,0.0,0.0,504.4,0.08944271981223917,5.0,1,Stopped,0,0,0,0,0,VALID,VALID
21C-04064,2026-08-14 20:06:00,504.4,0.0,0.0,"Xã Yên Bình, Tỉnh Lào Cai",0.0,2.0,1,0,0.0,0.0,504.4,0.0,5.0,1,Stopped,0,0,0,0,0,VALID,VALID
21C-04064,2026-08-14 20:08:00,504.4,0.0,0.0,"Xã Yên Bình, Tỉnh Lào Cai",0.0,2.0,1,0,0.0,0.0,504.4,0.0,5.0,1,Stopped,0,0,0,0,0,VALID,VALID
21C-04064,2026-08-14 20:10:00,504.4,0.0,0.0,"Xã Yên Bình, Tỉnh Lào Cai",0.0,2.0,1,0,0.0,0.0,504.4,0.0,5.0,1,Stopped,0,0,0,0,0,VALID,VALID
21C-04064,2026-08-14 20:13:00,504.4,0.0,0.0,"Xã Yên Bình, Tỉnh Lào Cai",0.0,3.0,1,0,0.0,0.0,504.4,0.0,5.0,1,Stopped,0,0,0,0,0,VALID,VALID
21C-04064,2026-08-14 20:15:00,504.4,0.0,0.0,"Xã Yên Bình, Tỉnh Lào Cai",0.0,2.0,1,0,0.0,0.0,504.4,0.0,5.0,1,Stopped,0,0,0,0,0,VALID,VALID
21C-04064,2026-08-14 20:17:00,504.4,0.0,0.0,"Xã Yên Bình, Tỉnh Lào Cai",0.0,2.0,1,0,0.0,0.0,504.4,0.0,5.0,1,Stopped,0,0,0,0,0,VALID,VALID
21C-04064,2026-08-14 20:19:00,504.4,0.0,0.0,"Xã Yên Bình, Tỉnh Lào Cai",0.0,2.0,1,0,0.0,0.0,504.4,0.0,5.0,1,Stopped,0,0,0,0,0,VALID,VALID
21C-04064,2026-08-14 20:21:00,504.4,0.0,0.0,"Xã Yên Bình, Tỉnh Lào Cai",0.0,2.0,1,0,0.0,0.0,504.4,0.0,5.0,1,Stopped,0,0,0,0,0,VALID,VALID
21C-04064,2026-08-14 20:24:00,504.4,0.0,0.0,"Xã Yên Bình, Tỉnh Lào Cai",0.0,3.0,1,0,0.0,0.0,504.4,0.0,5.0,1,Stopped,0,0,0,0,0,VALID,VALID
21C-04064,2026-08-14 20:26:00,504.4,0.0,0.0,"Xã Yên Bình, Tỉnh Lào Cai",0.0,2.0,1,0,0.0,0.0,504.4,0.0,5.0,1,Stopped,0,0,0,0,0,VALID,VALID
21C-04064,2026-08-14 20:28:00,504.4,0.0,0.0,"Xã Yên Bình, Tỉnh Lào Cai",0.0,2.0,1,0,0.0,0.0,504.4,0.0,5.0,1,Stopped,0,0,0,0,0,VALID,VALID
21C-04064,2026-08-14 20:30:00,504.4,0.0,0.0,"Xã Yên Bình, Tỉnh Lào Cai",0.0,2.0,1,0,0.0,0.0,504.4,0.0,5.0,1,Stopped,0,0,0,0,0,VALID,VALID
21C-04064,2026-08-14 20:32:00,504.4,0.0,0.0,"Xã Yên Bình, Tỉnh Lào Cai",0.0,2.0,1,0,0.0,0.0,504.4,0.0,5.0,1,Stopped,0,0,0,0,0,VALID,VALID
21C-04064,2026-08-14 20:34:00,504.4,0.0,0.0,"Xã Yên Bình, Tỉnh Lào Cai",0.0,2.0,1,0,0.0,0.0,504.4,0.0,5.0,1,Stopped,0,0,0,0,0,VALID,VALID
21C-04064,2026-08-14 20:37:00,504.4,0.0,0.0,"Xã Yên Bình, Tỉnh Lào Cai",0.0,3.0,1,0,0.0,0.0,504.4,0.0,5.0,1,Stopped,0,0,0,0,0,VALID,VALID
21C-04064,2026-08-14 20:39:00,504.4,0.0,0.0,"Xã Yên Bình, Tỉnh Lào Cai",0.0,2.0,1,0,0.0,0.0,504.4,0.0,5.0,1,Stopped,0,0,0,0,0,VALID,VALID
21C-04064,2026-08-14 20:41:00,504.4,0.0,0.0,"Xã Yên Bình, Tỉnh Lào Cai",0.0,2.0,1,0,0.0,0.0,504.4,0.0,5.0,1,Stopped,0,0,0,0,0,VALID,VALID
21C-04064,2026-08-14 20:43:00,504.4,0.0,0.0,"Xã Yên Bình, Tỉnh Lào Cai",0.0,2.0,1,0,0.0,0.0,504.4,0.0,5.0,1,Stopped,0,0,0,0,0,VALID,VALID
21C-04064,2026-08-14 20:45:00,504.4,0.0,0.0,"Xã Yên Bình, Tỉnh Lào Cai",0.0,2.0,1,0,0.0,0.0,504.4,0.0,5.0,1,Stopped,0,0,0,0,0,VALID,VALID
21C-04064,2026-08-14 20:48:00,504.4,0.0,0.0,"Xã Yên Bình, Tỉnh Lào Cai",0.0,3.0,1,0,0.0,0.0,504.4,0.0,5.0,1,Stopped,0,0,0,0,0,VALID,VALID
21C-04064,2026-08-14 20:50:00,504.4,0.0,0.0,"Xã Yên Bình, Tỉnh Lào Cai",0.0,2.0,1,0,0.0,0.0,504.4,0.0,5.0,1,Stopped,0,0,0,0,0,VALID,VALID
21C-04064,2026-08-14 20:52:00,504.4,0.0,0.0,"Xã Yên Bình, Tỉnh Lào Cai",0.0,2.0,1,0,0.0,0.0,504.4,0.0,5.0,1,Stopped,0,0,0,0,0,VALID,VALID
21C-04064,2026-08-14 20:54:00,504.4,0.0,0.0,"Xã Yên Bình, Tỉnh Lào Cai",0.0,2.0,1,0,0.0,0.0,504.4,0.0,5.0,1,Stopped,0,0,0,0,0,VALID,VALID
21C-04064,2026-08-14 20:56:00,504.4,0.0,0.0,"Xã Yên Bình, Tỉnh Lào Cai",0.0,2.0,1,0,0.0,0.0,504.4,0.0,5.0,1,Stopped,0,0,0,0,0,VALID,VALID
21C-04064,2026-08-14 20:58:00,504.4,0.0,0.0,"Xã Yên Bình, Tỉnh Lào Cai",0.0,2.0,1,0,0.0,0.0,504.4,0.0,5.0,1,Stopped,0,0,0,0,0,VALID,VALID
21C-04064,2026-08-14 21:01:00,504.4,0.0,0.0,"Xã Yên Bình, Tỉnh Lào Cai",0.0,3.0,1,0,0.0,0.0,504.4,0.0,5.0,1,Stopped,0,0,0,0,0,VALID,VALID
21C-04064,2026-08-14 21:03:00,504.4,0.0,0.0,"Xã Yên Bình, Tỉnh Lào Cai",0.0,2.0,1,0,0.0,0.0,504.4,0.0,5.0,1,Stopped,0,0,0,0,0,VALID,VALID
21C-04064,2026-08-14 21:05:00,504.4,0.0,0.0,"Xã Yên Bình, Tỉnh Lào Cai",0.0,2.0,1,0,0.0,0.0,504.4,0.0,5.0,1,Stopped,0,0,0,0,0,VALID,VALID
21C-04064,2026-08-14 21:07:00,504.4,0.0,0.0,"Xã Yên Bình, Tỉnh Lào Cai",0.0,2.0,1,0,0.0,0.0,504.4,0.0,5.0,1,Stopped,0,0,0,0,0,VALID,VALID
21C-04064,2026-08-14 21:09:00,504.4,0.0,0.0,"Xã Yên Bình, Tỉnh Lào Cai",0.0,2.0,1,0,0.0,0.0,504.4,0.0,5.0,1,Stopped,0,0,0,0,0,VALID,VALID
21C-04064,2026-08-14 21:12:00,504.4,0.0,0.0,"Xã Yên Bình, Tỉnh Lào Cai",0.0,3.0,1,0,0.0,0.0,504.4,0.0,5.0,1,Stopped,0,0,0,0,0,VALID,VALID
21C-04064,2026-08-14 21:14:00,504.4,0.0,0.0,"Xã Yên Bình, Tỉnh Lào Cai",0.0,2.0,1,0,0.0,0.0,504.4,0.0,5.0,1,Stopped,0,0,0,0,0,VALID,VALID
21C-04064,2026-08-14 21:16:00,504.4,0.0,0.0,"Xã Yên Bình, Tỉnh Lào Cai",0.0,2.0,1,0,0.0,0.0,504.4,0.0,5.0,1,Stopped,0,0,0,0,0,VALID,VALID
21C-04064,2026-08-14 21:18:00,504.4,0.0,0.0,"Xã Yên Bình, Tỉnh Lào Cai",0.0,2.0,1,0,0.0,0.0,504.4,0.0,5.0,1,Stopped,0,0,0,0,0,VALID,VALID
21C-04064,2026-08-14 21:20:00,504.4,0.0,0.0,"Xã Yên Bình, Tỉnh Lào Cai",0.0,2.0,1,0,0.0,0.0,504.4,0.0,5.0,1,Stopped,0,0,0,0,0,VALID,VALID
21C-04064,2026-08-14 21:22:00,504.4,0.0,0.0,"Xã Yên Bình, Tỉnh Lào Cai",0.0,2.0,1,0,0.0,0.0,504.4,0.0,5.0,1,Stopped,0,0,0,0,0,VALID,VALID
21C-04064,2026-08-14 21:25:00,504.4,0.0,0.0,"Xã Yên Bình, Tỉnh Lào Cai",0.0,3.0,1,0,0.0,0.0,504.4,0.0,5.0,1,Stopped,0,0,0,0,0,VALID,VALID
21C-04064,2026-08-14 21:27:00,504.4,0.0,0.0,"Xã Yên Bình, Tỉnh Lào Cai",0.0,2.0,1,0,0.0,0.0,504.4,0.0,5.0,1,Stopped,0,0,0,0,0,VALID,VALID
21C-04064,2026-08-14 21:29:00,504.4,0.0,0.0,"Xã Yên Bình, Tỉnh Lào Cai",0.0,2.0,1,0,0.0,0.0,504.4,0.0,5.0,1,Stopped,0,0,0,0,0,VALID,VALID
21C-04064,2026-08-14 21:31:00,504.4,0.0,0.0,"Xã Yên Bình, Tỉnh Lào Cai",0.0,2.0,1,0,0.0,0.0,504.4,0.0,5.0,1,Stopped,0,0,0,0,0,VALID,VALID
21C-04064,2026-08-14 21:33:00,504.4,0.0,0.0,"Xã Yên Bình, Tỉnh Lào Cai",0.0,2.0,1,0,0.0,0.0,504.4,0.0,5.0,1,Stopped,0,0,0,0,0,VALID,VALID
21C-04064,2026-08-14 21:36:00,504.4,0.0,0.0,"Xã Yên Bình, Tỉnh Lào Cai",0.0,3.0,1,0,0.0,0.0,504.4,0.0,5.0,1,Stopped,0,0,0,0,0,VALID,VALID
21C-04064,2026-08-14 21:38:00,504.4,0.0,0.0,"Xã Yên Bình, Tỉnh Lào Cai",0.0,2.0,1,0,0.0,0.0,504.4,0.0,5.0,1,Stopped,0,0,0,0,0,VALID,VALID
21C-04064,2026-08-14 21:40:00,504.4,0.0,0.0,"Xã Yên Bình, Tỉnh Lào Cai",0.0,2.0,1,0,0.0,0.0,504.4,0.0,5.0,1,Stopped,0,0,0,0,0,VALID,VALID
21C-04064,2026-08-14 21:42:00,504.4,0.0,0.0,"Xã Yên Bình, Tỉnh Lào Cai",0.0,2.0,1,0,0.0,0.0,504.4,0.0,5.0,1,Stopped,0,0,0,0,0,VALID,VALID
21C-04064,2026-08-14 21:44:00,504.4,0.0,0.0,"Xã Yên Bình, Tỉnh Lào Cai",0.0,2.0,1,0,0.0,0.0,504.4,0.0,5.0,1,Stopped,0,0,0,0,0,VALID,VALID
21C-04064,2026-08-14 21:46:00,504.4,0.0,0.0,"Xã Yên Bình, Tỉnh Lào Cai",0.0,2.0,1,0,0.0,0.0,504.4,0.0,5.0,1,Stopped,0,0,0,0,0,VALID,VALID
21C-04064,2026-08-14 21:49:00,504.4,0.0,0.0,"Xã Yên Bình, Tỉnh Lào Cai",0.0,3.0,1,0,0.0,0.0,504.4,0.0,5.0,1,Stopped,0,0,0,0,0,VALID,VALID
21C-04064,2026-08-14 21:51:00,504.4,0.0,0.0,"Xã Yên Bình, Tỉnh Lào Cai",0.0,2.0,1,0,0.0,0.0,504.4,0.0,5.0,1,Stopped,0,0,0,0,0,VALID,VALID
21C-04064,2026-08-14 21:53:00,504.4,0.0,0.0,"Xã Yên Bình, Tỉnh Lào Cai",0.0,2.0,1,0,0.0,0.0,504.4,0.0,5.0,1,Stopped,0,0,0,0,0,VALID,VALID
21C-04064,2026-08-14 21:55:00,504.4,0.0,0.0,"Xã Yên Bình, Tỉnh Lào Cai",0.0,2.0,1,0,0.0,0.0,504.4,0.0,5.0,1,Stopped,0,0,0,0,0,VALID,VALID
21C-04064,2026-08-14 21:56:00,504.1,0.0,0.0,"Xã Yên Bình, Tỉnh Lào Cai",0.0,1.0,1,0,-0.2999999999999545,-0.2999999999999545,504.4,0.13416407912471848,5.0,1,Stopped,0,0,0,0,0,VALID,VALID
21C-04064,2026-08-14 21:58:00,504.2,0.0,0.0,"Xã Yên Bình, Tỉnh Lào Cai",0.0,2.0,1,0,0.0999999999999659,0.04999999999998295,504.4,0.14142135668755107,5.0,1,Stopped,0,0,0,0,0,VALID,VALID
21C-04064,2026-08-14 22:00:00,504.4,0.0,0.0,"Xã Yên Bình, Tỉnh Lào Cai",0.0,2.0,1,0,0.19999999999998863,0.09999999999999432,504.4,0.14142135668755107,5.0,1,Stopped,0,0,0,0,0,VALID,VALID
21C-04064,2026-08-14 22:03:00,504.4,0.0,0.0,"Xã Yên Bình, Tỉnh Lào Cai",0.0,3.0,1,0,0.0,0.0,504.4,0.14142135668755107,5.0,1,Stopped,0,0,0,0,0,VALID,VALID
21C-04064,2026-08-14 22:05:00,504.4,0.0,0.0,"Xã Yên Bình, Tỉnh Lào Cai",0.0,2.0,1,0,0.0,0.0,504.4,0.14142135668755107,5.0,1,Stopped,0,0,0,0,0,VALID,VALID
21C-04064,2026-08-14 22:07:00,504.4,0.0,0.0,"Xã Yên Bình, Tỉnh Lào Cai",0.0,2.0,1,0,0.0,0.0,504.4,0.0894427198122233,5.0,1,Stopped,0,0,0,0,0,VALID,VALID
21C-04064,2026-08-14 22:10:00,504.4,0.0,0.0,"Xã Yên Bình, Tỉnh Lào Cai",0.0,3.0,1,0,0.0,0.0,504.4,0.0,5.0,1,Stopped,0,0,0,0,0,VALID,VALID
21C-04064,2026-08-14 22:12:00,504.4,0.0,0.0,"Xã Yên Bình, Tỉnh Lào Cai",0.0,2.0,1,0,0.0,0.0,504.4,0.0,5.0,1,Stopped,0,0,0,0,0,VALID,VALID
21C-04064,2026-08-14 22:14:00,504.4,0.0,0.0,"Xã Yên Bình, Tỉnh Lào Cai",0.0,2.0,1,0,0.0,0.0,504.4,0.0,5.0,1,Stopped,0,0,0,0,0,VALID,VALID
21C-04064,2026-08-14 22:16:00,504.4,0.0,0.0,"Xã Yên Bình, Tỉnh Lào Cai",0.0,2.0,1,0,0.0,0.0,504.4,0.0,5.0,1,Stopped,0,0,0,0,0,VALID,VALID
21C-04064,2026-08-14 22:18:00,504.4,0.0,0.0,"Xã Yên Bình, Tỉnh Lào Cai",0.0,2.0,1,0,0.0,0.0,504.4,0.0,5.0,1,Stopped,0,0,0,0,0,VALID,VALID
21C-04064,2026-08-14 22:20:00,504.4,0.0,0.0,"Xã Yên Bình, Tỉnh Lào Cai",0.0,2.0,1,0,0.0,0.0,504.4,0.0,5.0,1,Stopped,0,0,0,0,0,VALID,VALID
21C-04064,2026-08-14 22:23:00,504.4,0.0,0.0,"Xã Yên Bình, Tỉnh Lào Cai",0.0,3.0,1,0,0.0,0.0,504.4,0.0,5.0,1,Stopped,0,0,0,0,0,VALID,VALID
21C-04064,2026-08-14 22:25:00,504.4,0.0,0.0,"Xã Yên Bình, Tỉnh Lào Cai",0.0,2.0,1,0,0.0,0.0,504.4,0.0,5.0,1,Stopped,0,0,0,0,0,VALID,VALID
21C-04064,2026-08-14 22:27:00,504.4,0.0,0.0,"Xã Yên Bình, Tỉnh Lào Cai",0.0,2.0,1,0,0.0,0.0,504.4,0.0,5.0,1,Stopped,0,0,0,0,0,VALID,VALID
21C-04064,2026-08-14 22:29:00,504.4,0.0,0.0,"Xã Yên Bình, Tỉnh Lào Cai",0.0,2.0,1,0,0.0,0.0,504.4,0.0,5.0,1,Stopped,0,0,0,0,0,VALID,VALID
21C-04064,2026-08-14 22:31:00,504.4,0.0,0.0,"Xã Yên Bình, Tỉnh Lào Cai",0.0,2.0,1,0,0.0,0.0,504.4,0.0,5.0,1,Stopped,0,0,0,0,0,VALID,VALID
21C-04064,2026-08-14 22:34:00,504.4,0.0,0.0,"Xã Yên Bình, Tỉnh Lào Cai",0.0,3.0,1,0,0.0,0.0,504.4,0.0,5.0,1,Stopped,0,0,0,0,0,VALID,VALID
21C-04064,2026-08-14 22:36:00,504.4,0.0,0.0,"Xã Yên Bình, Tỉnh Lào Cai",0.0,2.0,1,0,0.0,0.0,504.4,0.0,5.0,1,Stopped,0,0,0,0,0,VALID,VALID
21C-04064,2026-08-14 22:38:00,504.4,0.0,0.0,"Xã Yên Bình, Tỉnh Lào Cai",0.0,2.0,1,0,0.0,0.0,504.4,0.0,5.0,1,Stopped,0,0,0,0,0,VALID,VALID
21C-04064,2026-08-14 22:40:00,504.4,0.0,0.0,"Xã Yên Bình, Tỉnh Lào Cai",0.0,2.0,1,0,0.0,0.0,504.4,0.0,5.0,1,Stopped,0,0,0,0,0,VALID,VALID
21C-04064,2026-08-14 22:42:00,504.4,0.0,0.0,"Xã Yên Bình, Tỉnh Lào Cai",0.0,2.0,1,0,0.0,0.0,504.4,0.0,5.0,1,Stopped,0,0,0,0,0,VALID,VALID
21C-04064,2026-08-14 22:44:00,504.4,0.0,0.0,"Xã Yên Bình, Tỉnh Lào Cai",0.0,2.0,1,0,0.0,0.0,504.4,0.0,5.0,1,Stopped,0,0,0,0,0,VALID,VALID
21C-04064,2026-08-14 22:47:00,504.4,0.0,0.0,"Xã Yên Bình, Tỉnh Lào Cai",0.0,3.0,1,0,0.0,0.0,504.4,0.0,5.0,1,Stopped,0,0,0,0,0,VALID,VALID
21C-04064,2026-08-14 22:49:00,504.4,0.0,0.0,"Xã Yên Bình, Tỉnh Lào Cai",0.0,2.0,1,0,0.0,0.0,504.4,0.0,5.0,1,Stopped,0,0,0,0,0,VALID,VALID
21C-04064,2026-08-14 22:51:00,504.4,0.0,0.0,"Xã Yên Bình, Tỉnh Lào Cai",0.0,2.0,1,0,0.0,0.0,504.4,0.0,5.0,1,Stopped,0,0,0,0,0,VALID,VALID
21C-04064,2026-08-14 22:53:00,504.4,0.0,0.0,"Xã Yên Bình, Tỉnh Lào Cai",0.0,2.0,1,0,0.0,0.0,504.4,0.0,5.0,1,Stopped,0,0,0,0,0,VALID,VALID
21C-04064,2026-08-14 22:55:00,504.4,0.0,0.0,"Xã Yên Bình, Tỉnh Lào Cai",0.0,2.0,1,0,0.0,0.0,504.4,0.0,5.0,1,Stopped,0,0,0,0,0,VALID,VALID
21C-04064,2026-08-14 22:58:00,504.4,0.0,0.0,"Xã Yên Bình, Tỉnh Lào Cai",0.0,3.0,1,0,0.0,0.0,504.4,0.0,5.0,1,Stopped,0,0,0,0,0,VALID,VALID
21C-04064,2026-08-14 23:00:00,504.4,0.0,0.0,"Xã Yên Bình, Tỉnh Lào Cai",0.0,2.0,1,0,0.0,0.0,504.4,0.0,5.0,1,Stopped,0,0,0,0,0,VALID,VALID
21C-04064,2026-08-14 23:02:00,504.4,0.0,0.0,"Xã Yên Bình, Tỉnh Lào Cai",0.0,2.0,1,0,0.0,0.0,504.4,0.0,5.0,1,Stopped,0,0,0,0,0,VALID,VALID
21C-04064,2026-08-14 23:04:00,504.4,0.0,0.0,"Xã Yên Bình, Tỉnh Lào Cai",0.0,2.0,1,0,0.0,0.0,504.4,0.0,5.0,1,Stopped,0,0,0,0,0,VALID,VALID
21C-04064,2026-08-14 23:06:00,504.4,0.0,0.0,"Xã Yên Bình, Tỉnh Lào Cai",0.0,2.0,1,0,0.0,0.0,504.4,0.0,5.0,1,Stopped,0,0,0,0,0,VALID,VALID
21C-04064,2026-08-14 23:08:00,504.4,0.0,0.0,"Xã Yên Bình, Tỉnh Lào Cai",0.0,2.0,1,0,0.0,0.0,504.4,0.0,5.0,1,Stopped,0,0,0,0,0,VALID,VALID
21C-04064,2026-08-14 23:11:00,504.4,0.0,0.0,"Xã Yên Bình, Tỉnh Lào Cai",0.0,3.0,1,0,0.0,0.0,504.4,0.0,5.0,1,Stopped,0,0,0,0,0,VALID,VALID
21C-04064,2026-08-14 23:13:00,504.4,0.0,0.0,"Xã Yên Bình, Tỉnh Lào Cai",0.0,2.0,1,0,0.0,0.0,504.4,0.0,5.0,1,Stopped,0,0,0,0,0,VALID,VALID
21C-04064,2026-08-14 23:15:00,504.4,0.0,0.0,"Xã Yên Bình, Tỉnh Lào Cai",0.0,2.0,1,0,0.0,0.0,504.4,0.0,5.0,1,Stopped,0,0,0,0,0,VALID,VALID
21C-04064,2026-08-14 23:17:00,504.4,0.0,0.0,"Xã Yên Bình, Tỉnh Lào Cai",0.0,2.0,1,0,0.0,0.0,504.4,0.0,5.0,1,Stopped,0,0,0,0,0,VALID,VALID
21C-04064,2026-08-14 23:19:00,504.4,0.0,0.0,"Xã Yên Bình, Tỉnh Lào Cai",0.0,2.0,1,0,0.0,0.0,504.4,0.0,5.0,1,Stopped,0,0,0,0,0,VALID,VALID
21C-04064,2026-08-14 23:22:00,504.4,0.0,0.0,"Xã Yên Bình, Tỉnh Lào Cai",0.0,3.0,1,0,0.0,0.0,504.4,0.0,5.0,1,Stopped,0,0,0,0,0,VALID,VALID
21C-04064,2026-08-14 23:24:00,504.4,0.0,0.0,"Xã Yên Bình, Tỉnh Lào Cai",0.0,2.0,1,0,0.0,0.0,504.4,0.0,5.0,1,Stopped,0,0,0,0,0,VALID,VALID
21C-04064,2026-08-14 23:26:00,504.4,0.0,0.0,"Xã Yên Bình, Tỉnh Lào Cai",0.0,2.0,1,0,0.0,0.0,504.4,0.0,5.0,1,Stopped,0,0,0,0,0,VALID,VALID
21C-04064,2026-08-14 23:28:00,504.4,0.0,0.0,"Xã Yên Bình, Tỉnh Lào Cai",0.0,2.0,1,0,0.0,0.0,504.4,0.0,5.0,1,Stopped,0,0,0,0,0,VALID,VALID
21C-04064,2026-08-14 23:30:00,504.4,0.0,0.0,"Xã Yên Bình, Tỉnh Lào Cai",0.0,2.0,1,0,0.0,0.0,504.4,0.0,5.0,1,Stopped,0,0,0,0,0,VALID,VALID
21C-04064,2026-08-14 23:32:00,504.4,0.0,0.0,"Xã Yên Bình, Tỉnh Lào Cai",0.0,2.0,1,0,0.0,0.0,504.4,0.0,5.0,1,Stopped,0,0,0,0,0,VALID,VALID
21C-04064,2026-08-14 23:35:00,504.4,0.0,0.0,"Xã Yên Bình, Tỉnh Lào Cai",0.0,3.0,1,0,0.0,0.0,504.4,0.0,5.0,1,Stopped,0,0,0,0,0,VALID,VALID
21C-04064,2026-08-14 23:37:00,504.4,0.0,0.0,"Xã Yên Bình, Tỉnh Lào Cai",0.0,2.0,1,0,0.0,0.0,504.4,0.0,5.0,1,Stopped,0,0,0,0,0,VALID,VALID
21C-04064,2026-08-14 23:39:00,504.4,0.0,0.0,"Xã Yên Bình, Tỉnh Lào Cai",0.0,2.0,1,0,0.0,0.0,504.4,0.0,5.0,1,Stopped,0,0,0,0,0,VALID,VALID
21C-04064,2026-08-14 23:41:00,504.4,0.0,0.0,"Xã Yên Bình, Tỉnh Lào Cai",0.0,2.0,1,0,0.0,0.0,504.4,0.0,5.0,1,Stopped,0,0,0,0,0,VALID,VALID
21C-04064,2026-08-14 23:44:00,504.4,0.0,0.0,"Xã Yên Bình, Tỉnh Lào Cai",0.0,3.0,1,0,0.0,0.0,504.4,0.0,5.0,1,Stopped,0,0,0,0,0,VALID,VALID
21C-04064,2026-08-14 23:46:00,504.4,0.0,0.0,"Xã Yên Bình, Tỉnh Lào Cai",0.0,2.0,1,0,0.0,0.0,504.4,0.0,5.0,1,Stopped,0,0,0,0,0,VALID,VALID
21C-04064,2026-08-14 23:48:00,504.4,0.0,0.0,"Xã Yên Bình, Tỉnh Lào Cai",0.0,2.0,1,0,0.0,0.0,504.4,0.0,5.0,1,Stopped,0,0,0,0,0,VALID,VALID
21C-04064,2026-08-14 23:50:00,504.4,0.0,0.0,"Xã Yên Bình, Tỉnh Lào Cai",0.0,2.0,1,0,0.0,0.0,504.4,0.0,5.0,1,Stopped,0,0,0,0,0,VALID,VALID
21C-04064,2026-08-14 23:52:00,504.4,0.0,0.0,"Xã Yên Bình, Tỉnh Lào Cai",0.0,2.0,1,0,0.0,0.0,504.4,0.0,5.0,1,Stopped,0,0,0,0,0,VALID,VALID
21C-04064,2026-08-14 23:54:00,504.4,0.0,0.0,"Xã Yên Bình, Tỉnh Lào Cai",0.0,2.0,1,0,0.0,0.0,504.4,0.0,5.0,1,Stopped,0,0,0,0,0,VALID,VALID
21C-04064,2026-08-14 23:57:00,504.4,0.0,0.0,"Xã Yên Bình, Tỉnh Lào Cai",0.0,3.0,1,0,0.0,0.0,504.4,0.0,5.0,1,Stopped,0,0,0,0,0,VALID,VALID
21C-04064,2026-08-14 23:59:00,504.4,0.0,0.0,"Xã Yên Bình, Tỉnh Lào Cai",0.0,2.0,1,0,0.0,0.0,504.4,0.0,5.0,1,Stopped,0,0,0,0,0,VALID,VALID
21C-04064,2026-08-15 00:00:00,504.4,0.0,0.0,"Xã Yên Bình, Tỉnh Lào Cai",0.0,1.0,1,0,0.0,0.0,504.4,0.0,5.0,1,Stopped,0,0,0,0,0,VALID,VALID
21C-04064,2026-08-15 00:02:00,504.4,0.0,0.0,"Xã Yên Bình, Tỉnh Lào Cai",0.0,2.0,1,0,0.0,0.0,504.4,0.0,5.0,1,Stopped,0,0,0,0,0,VALID,VALID
21C-04064,2026-08-15 00:04:00,504.4,0.0,0.0,"Xã Yên Bình, Tỉnh Lào Cai",0.0,2.0,1,0,0.0,0.0,504.4,0.0,5.0,1,Stopped,0,0,0,0,0,VALID,VALID
21C-04064,2026-08-15 00:06:00,504.4,0.0,0.0,"Xã Yên Bình, Tỉnh Lào Cai",0.0,2.0,1,0,0.0,0.0,504.4,0.0,5.0,1,Stopped,0,0,0,0,0,VALID,VALID
21C-04064,2026-08-15 00:08:00,504.4,0.0,0.0,"Xã Yên Bình, Tỉnh Lào Cai",0.0,2.0,1,0,0.0,0.0,504.4,0.0,5.0,1,Stopped,0,0,0,0,0,VALID,VALID
21C-04064,2026-08-15 00:10:00,504.4,0.0,0.0,"Xã Yên Bình, Tỉnh Lào Cai",0.0,2.0,1,0,0.0,0.0,504.4,0.0,5.0,1,Stopped,0,0,0,0,0,VALID,VALID
21C-04064,2026-08-15 00:13:00,504.4,0.0,0.0,"Xã Yên Bình, Tỉnh Lào Cai",0.0,3.0,1,0,0.0,0.0,504.4,0.0,5.0,1,Stopped,0,0,0,0,0,VALID,VALID
21C-04064,2026-08-15 00:15:00,504.4,0.0,0.0,"Xã Yên Bình, Tỉnh Lào Cai",0.0,2.0,1,0,0.0,0.0,504.4,0.0,5.0,1,Stopped,0,0,0,0,0,VALID,VALID
21C-04064,2026-08-15 00:17:00,504.4,0.0,0.0,"Xã Yên Bình, Tỉnh Lào Cai",0.0,2.0,1,0,0.0,0.0,504.4,0.0,5.0,1,Stopped,0,0,0,0,0,VALID,VALID
21C-04064,2026-08-15 00:19:00,504.4,0.0,0.0,"Xã Yên Bình, Tỉnh Lào Cai",0.0,2.0,1,0,0.0,0.0,504.4,0.0,5.0,1,Stopped,0,0,0,0,0,VALID,VALID
21C-04064,2026-08-15 00:21:00,504.4,0.0,0.0,"Xã Yên Bình, Tỉnh Lào Cai",0.0,2.0,1,0,0.0,0.0,504.4,0.0,5.0,1,Stopped,0,0,0,0,0,VALID,VALID
21C-04064,2026-08-15 00:24:00,504.4,0.0,0.0,"Xã Yên Bình, Tỉnh Lào Cai",0.0,3.0,1,0,0.0,0.0,504.4,0.0,5.0,1,Stopped,0,0,0,0,0,VALID,VALID
21C-04064,2026-08-15 00:26:00,504.4,0.0,0.0,"Xã Yên Bình, Tỉnh Lào Cai",0.0,2.0,1,0,0.0,0.0,504.4,0.0,5.0,1,Stopped,0,0,0,0,0,VALID,VALID
21C-04064,2026-08-15 00:28:00,504.4,0.0,0.0,"Xã Yên Bình, Tỉnh Lào Cai",0.0,2.0,1,0,0.0,0.0,504.4,0.0,5.0,1,Stopped,0,0,0,0,0,VALID,VALID
21C-04064,2026-08-15 00:30:00,504.4,0.0,0.0,"Xã Yên Bình, Tỉnh Lào Cai",0.0,2.0,1,0,0.0,0.0,504.4,0.0,5.0,1,Stopped,0,0,0,0,0,VALID,VALID
21C-04064,2026-08-15 00:32:00,504.4,0.0,0.0,"Xã Yên Bình, Tỉnh Lào Cai",0.0,2.0,1,0,0.0,0.0,504.4,0.0,5.0,1,Stopped,0,0,0,0,0,VALID,VALID
21C-04064,2026-08-15 00:34:00,504.4,0.0,0.0,"Xã Yên Bình, Tỉnh Lào Cai",0.0,2.0,1,0,0.0,0.0,504.4,0.0,5.0,1,Stopped,0,0,0,0,0,VALID,VALID
21C-04064,2026-08-15 00:37:00,504.4,0.0,0.0,"Xã Yên Bình, Tỉnh Lào Cai",0.0,3.0,1,0,0.0,0.0,504.4,0.0,5.0,1,Stopped,0,0,0,0,0,VALID,VALID
21C-04064,2026-08-15 00:39:00,504.4,0.0,0.0,"Xã Yên Bình, Tỉnh Lào Cai",0.0,2.0,1,0,0.0,0.0,504.4,0.0,5.0,1,Stopped,0,0,0,0,0,VALID,VALID
21C-04064,2026-08-15 00:41:00,504.4,0.0,0.0,"Xã Yên Bình, Tỉnh Lào Cai",0.0,2.0,1,0,0.0,0.0,504.4,0.0,5.0,1,Stopped,0,0,0,0,0,VALID,VALID
21C-04064,2026-08-15 00:43:00,504.4,0.0,0.0,"Xã Yên Bình, Tỉnh Lào Cai",0.0,2.0,1,0,0.0,0.0,504.4,0.0,5.0,1,Stopped,0,0,0,0,0,VALID,VALID
21C-04064,2026-08-15 00:45:00,504.4,0.0,0.0,"Xã Yên Bình, Tỉnh Lào Cai",0.0,2.0,1,0,0.0,0.0,504.4,0.0,5.0,1,Stopped,0,0,0,0,0,VALID,VALID
21C-04064,2026-08-15 00:48:00,504.4,0.0,0.0,"Xã Yên Bình, Tỉnh Lào Cai",0.0,3.0,1,0,0.0,0.0,504.4,0.0,5.0,1,Stopped,0,0,0,0,0,VALID,VALID
21C-04064,2026-08-15 00:50:00,504.4,0.0,0.0,"Xã Yên Bình, Tỉnh Lào Cai",0.0,2.0,1,0,0.0,0.0,504.4,0.0,5.0,1,Stopped,0,0,0,0,0,VALID,VALID
21C-04064,2026-08-15 00:52:00,504.4,0.0,0.0,"Xã Yên Bình, Tỉnh Lào Cai",0.0,2.0,1,0,0.0,0.0,504.4,0.0,5.0,1,Stopped,0,0,0,0,0,VALID,VALID
21C-04064,2026-08-15 00:54:00,504.4,0.0,0.0,"Xã Yên Bình, Tỉnh Lào Cai",0.0,2.0,1,0,0.0,0.0,504.4,0.0,5.0,1,Stopped,0,0,0,0,0,VALID,VALID
21C-04064,2026-08-15 00:56:00,504.4,0.0,0.0,"Xã Yên Bình, Tỉnh Lào Cai",0.0,2.0,1,0,0.0,0.0,504.4,0.0,5.0,1,Stopped,0,0,0,0,0,VALID,VALID
21C-04064,2026-08-15 00:58:00,504.4,0.0,0.0,"Xã Yên Bình, Tỉnh Lào Cai",0.0,2.0,1,0,0.0,0.0,504.4,0.0,5.0,1,Stopped,0,0,0,0,0,VALID,VALID
21C-04064,2026-08-15 01:01:00,504.4,0.0,0.0,"Xã Yên Bình, Tỉnh Lào Cai",0.0,3.0,1,0,0.0,0.0,504.4,0.0,5.0,1,Stopped,0,0,0,0,0,VALID,VALID
21C-04064,2026-08-15 01:03:00,504.4,0.0,0.0,"Xã Yên Bình, Tỉnh Lào Cai",0.0,2.0,1,0,0.0,0.0,504.4,0.0,5.0,1,Stopped,0,0,0,0,0,VALID,VALID
21C-04064,2026-08-15 01:05:00,504.4,0.0,0.0,"Xã Yên Bình, Tỉnh Lào Cai",0.0,2.0,1,0,0.0,0.0,504.4,0.0,5.0,1,Stopped,0,0,0,0,0,VALID,VALID
21C-04064,2026-08-15 01:07:00,504.4,0.0,0.0,"Xã Yên Bình, Tỉnh Lào Cai",0.0,2.0,1,0,0.0,0.0,504.4,0.0,5.0,1,Stopped,0,0,0,0,0,VALID,VALID
21C-04064,2026-08-15 01:09:00,504.4,0.0,0.0,"Xã Yên Bình, Tỉnh Lào Cai",0.0,2.0,1,0,0.0,0.0,504.4,0.0,5.0,1,Stopped,0,0,0,0,0,VALID,VALID
21C-04064,2026-08-15 01:12:00,504.4,0.0,0.0,"Xã Yên Bình, Tỉnh Lào Cai",0.0,3.0,1,0,0.0,0.0,504.4,0.0,5.0,1,Stopped,0,0,0,0,0,VALID,VALID
21C-04064,2026-08-15 01:14:00,504.4,0.0,0.0,"Xã Yên Bình, Tỉnh Lào Cai",0.0,2.0,1,0,0.0,0.0,504.4,0.0,5.0,1,Stopped,0,0,0,0,0,VALID,VALID
21C-04064,2026-08-15 01:16:00,504.4,0.0,0.0,"Xã Yên Bình, Tỉnh Lào Cai",0.0,2.0,1,0,0.0,0.0,504.4,0.0,5.0,1,Stopped,0,0,0,0,0,VALID,VALID
21C-04064,2026-08-15 01:18:00,504.4,0.0,0.0,"Xã Yên Bình, Tỉnh Lào Cai",0.0,2.0,1,0,0.0,0.0,504.4,0.0,5.0,1,Stopped,0,0,0,0,0,VALID,VALID
21C-04064,2026-08-15 01:20:00,504.4,0.0,0.0,"Xã Yên Bình, Tỉnh Lào Cai",0.0,2.0,1,0,0.0,0.0,504.4,0.0,5.0,1,Stopped,0,0,0,0,0,VALID,VALID
21C-04064,2026-08-15 01:22:00,504.4,0.0,0.0,"Xã Yên Bình, Tỉnh Lào Cai",0.0,2.0,1,0,0.0,0.0,504.4,0.0,5.0,1,Stopped,0,0,0,0,0,VALID,VALID
21C-04064,2026-08-15 01:25:00,504.4,0.0,0.0,"Xã Yên Bình, Tỉnh Lào Cai",0.0,3.0,1,0,0.0,0.0,504.4,0.0,5.0,1,Stopped,0,0,0,0,0,VALID,VALID
21C-04064,2026-08-15 01:27:00,504.4,0.0,0.0,"Xã Yên Bình, Tỉnh Lào Cai",0.0,2.0,1,0,0.0,0.0,504.4,0.0,5.0,1,Stopped,0,0,0,0,0,VALID,VALID
21C-04064,2026-08-15 01:29:00,504.4,0.0,0.0,"Xã Yên Bình, Tỉnh Lào Cai",0.0,2.0,1,0,0.0,0.0,504.4,0.0,5.0,1,Stopped,0,0,0,0,0,VALID,VALID
21C-04064,2026-08-15 01:31:00,504.4,0.0,0.0,"Xã Yên Bình, Tỉnh Lào Cai",0.0,2.0,1,0,0.0,0.0,504.4,0.0,5.0,1,Stopped,0,0,0,0,0,VALID,VALID
21C-04064,2026-08-15 01:33:00,504.4,0.0,0.0,"Xã Yên Bình, Tỉnh Lào Cai",0.0,2.0,1,0,0.0,0.0,504.4,0.0,5.0,1,Stopped,0,0,0,0,0,VALID,VALID
21C-04064,2026-08-15 01:36:00,504.4,0.0,0.0,"Xã Yên Bình, Tỉnh Lào Cai",0.0,3.0,1,0,0.0,0.0,504.4,0.0,5.0,1,Stopped,0,0,0,0,0,VALID,VALID
21C-04064,2026-08-15 01:38:00,504.4,0.0,0.0,"Xã Yên Bình, Tỉnh Lào Cai",0.0,2.0,1,0,0.0,0.0,504.4,0.0,5.0,1,Stopped,0,0,0,0,0,VALID,VALID
21C-04064,2026-08-15 01:40:00,504.4,0.0,0.0,"Xã Yên Bình, Tỉnh Lào Cai",0.0,2.0,1,0,0.0,0.0,504.4,0.0,5.0,1,Stopped,0,0,0,0,0,VALID,VALID
21C-04064,2026-08-15 01:42:00,504.4,0.0,0.0,"Xã Yên Bình, Tỉnh Lào Cai",0.0,2.0,1,0,0.0,0.0,504.4,0.0,5.0,1,Stopped,0,0,0,0,0,VALID,VALID
21C-04064,2026-08-15 01:44:00,504.5,0.0,0.0,"Xã Yên Bình, Tỉnh Lào Cai",0.0,2.0,1,0,0.10000000000002274,0.05000000000001137,504.4,0.044721360975089657,5.0,1,Stopped,0,0,0,0,0,VALID,VALID
21C-04064,2026-08-15 01:46:00,504.5,0.0,0.0,"Xã Yên Bình, Tỉnh Lào Cai",0.0,2.0,1,0,0.0,0.0,504.4,0.054772256914280164,5.0,1,Stopped,0,0,0,0,0,VALID,VALID
21C-04064,2026-08-15 01:49:00,504.5,0.0,0.0,"Xã Yên Bình, Tỉnh Lào Cai",0.0,3.0,1,0,0.0,0.0,504.5,0.05477225691446437,5.0,1,Stopped,0,0,0,0,0,VALID,VALID
21C-04064,2026-08-15 01:51:00,504.5,0.0,0.0,"Xã Yên Bình, Tỉnh Lào Cai",0.0,2.0,1,0,0.0,0.0,504.5,0.04472136097576649,5.0,1,Stopped,0,0,0,0,0,VALID,VALID
21C-04064,2026-08-15 01:53:00,504.5,0.0,0.0,"Xã Yên Bình, Tỉnh Lào Cai",0.0,2.0,1,0,0.0,0.0,504.5,0.0,5.0,1,Stopped,0,0,0,0,0,VALID,VALID
21C-04064,2026-08-15 01:55:00,504.5,0.0,0.0,"Xã Yên Bình, Tỉnh Lào Cai",0.0,2.0,1,0,0.0,0.0,504.5,0.0,5.0,1,Stopped,0,0,0,0,0,VALID,VALID
21C-04064,2026-08-15 01:57:00,504.5,0.0,0.0,"Xã Yên Bình, Tỉnh Lào Cai",0.0,2.0,1,0,0.0,0.0,504.5,0.0,5.0,1,Stopped,0,0,0,0,0,VALID,VALID
21C-04064,2026-08-15 02:00:00,504.5,0.0,0.0,"Xã Yên Bình, Tỉnh Lào Cai",0.0,3.0,1,0,0.0,0.0,504.5,0.0,5.0,1,Stopped,0,0,0,0,0,VALID,VALID
21C-04064,2026-08-15 02:02:00,504.5,0.0,0.0,"Xã Yên Bình, Tỉnh Lào Cai",0.0,2.0,1,0,0.0,0.0,504.5,0.0,5.0,1,Stopped,0,0,0,0,0,VALID,VALID
21C-04064,2026-08-15 02:04:00,504.5,0.0,0.0,"Xã Yên Bình, Tỉnh Lào Cai",0.0,2.0,1,0,0.0,0.0,504.5,0.0,5.0,1,Stopped,0,0,0,0,0,VALID,VALID
21C-04064,2026-08-15 02:06:00,504.1,0.0,0.0,"Xã Yên Bình, Tỉnh Lào Cai",0.0,2.0,1,0,-0.39999999999997726,-0.19999999999998863,504.5,0.17888543855622407,5.0,1,Stopped,0,0,0,0,0,VALID,VALID
21C-04064,2026-08-15 02:08:00,504.5,0.0,0.0,"Xã Yên Bình, Tỉnh Lào Cai",0.0,2.0,1,0,0.39999999999997726,0.19999999999998863,504.5,0.17888543855622407,5.0,1,Stopped,0,0,0,0,0,VALID,VALID
21C-04064,2026-08-15 02:10:00,504.5,0.0,0.0,"Xã Yên Bình, Tỉnh Lào Cai",0.0,2.0,1,0,0.0,0.0,504.5,0.17888543855622407,5.0,1,Stopped,0,0,0,0,0,VALID,VALID
21C-04064,2026-08-15 02:12:00,504.5,0.0,0.0,"Xã Yên Bình, Tỉnh Lào Cai",0.0,2.0,1,0,0.0,0.0,504.5,0.17888543855622407,5.0,1,Stopped,0,0,0,0,0,VALID,VALID
21C-04064,2026-08-15 02:14:00,504.5,0.0,0.0,"Xã Yên Bình, Tỉnh Lào Cai",0.0,2.0,1,0,0.0,0.0,504.5,0.17888543855622407,5.0,1,Stopped,0,0,0,0,0,VALID,VALID
21C-04064,2026-08-15 02:16:00,504.5,0.0,0.0,"Xã Yên Bình, Tỉnh Lào Cai",0.0,2.0,1,0,0.0,0.0,504.5,0.0,5.0,1,Stopped,0,0,0,0,0,VALID,VALID
21C-04064,2026-08-15 02:18:00,504.5,0.0,0.0,"Xã Yên Bình, Tỉnh Lào Cai",0.0,2.0,1,0,0.0,0.0,504.5,0.0,5.0,1,Stopped,0,0,0,0,0,VALID,VALID
21C-04064,2026-08-15 02:21:00,504.5,0.0,0.0,"Xã Yên Bình, Tỉnh Lào Cai",0.0,3.0,1,0,0.0,0.0,504.5,0.0,5.0,1,Stopped,0,0,0,0,0,VALID,VALID
21C-04064,2026-08-15 02:23:00,504.5,0.0,0.0,"Xã Yên Bình, Tỉnh Lào Cai",0.0,2.0,1,0,0.0,0.0,504.5,0.0,5.0,1,Stopped,0,0,0,0,0,VALID,VALID
21C-04064,2026-08-15 02:25:00,504.5,0.0,0.0,"Xã Yên Bình, Tỉnh Lào Cai",0.0,2.0,1,0,0.0,0.0,504.5,0.0,5.0,1,Stopped,0,0,0,0,0,VALID,VALID
21C-04064,2026-08-15 02:27:00,504.5,0.0,0.0,"Xã Yên Bình, Tỉnh Lào Cai",0.0,2.0,1,0,0.0,0.0,504.5,0.0,5.0,1,Stopped,0,0,0,0,0,VALID,VALID
21C-04064,2026-08-15 02:29:00,504.5,0.0,0.0,"Xã Yên Bình, Tỉnh Lào Cai",0.0,2.0,1,0,0.0,0.0,504.5,0.0,5.0,1,Stopped,0,0,0,0,0,VALID,VALID
21C-04064,2026-08-15 02:32:00,504.5,0.0,0.0,"Xã Yên Bình, Tỉnh Lào Cai",0.0,3.0,1,0,0.0,0.0,504.5,0.0,5.0,1,Stopped,0,0,0,0,0,VALID,VALID
21C-04064,2026-08-15 02:34:00,504.5,0.0,0.0,"Xã Yên Bình, Tỉnh Lào Cai",0.0,2.0,1,0,0.0,0.0,504.5,0.0,5.0,1,Stopped,0,0,0,0,0,VALID,VALID
21C-04064,2026-08-15 02:36:00,504.5,0.0,0.0,"Xã Yên Bình, Tỉnh Lào Cai",0.0,2.0,1,0,0.0,0.0,504.5,0.0,5.0,1,Stopped,0,0,0,0,0,VALID,VALID
21C-04064,2026-08-15 02:38:00,504.5,0.0,0.0,"Xã Yên Bình, Tỉnh Lào Cai",0.0,2.0,1,0,0.0,0.0,504.5,0.0,5.0,1,Stopped,0,0,0,0,0,VALID,VALID
21C-04064,2026-08-15 02:40:00,504.5,0.0,0.0,"Xã Yên Bình, Tỉnh Lào Cai",0.0,2.0,1,0,0.0,0.0,504.5,0.0,5.0,1,Stopped,0,0,0,0,0,VALID,VALID
21C-04064,2026-08-15 02:42:00,504.5,0.0,0.0,"Xã Yên Bình, Tỉnh Lào Cai",0.0,2.0,1,0,0.0,0.0,504.5,0.0,5.0,1,Stopped,0,0,0,0,0,VALID,VALID
21C-04064,2026-08-15 02:45:00,504.5,0.0,0.0,"Xã Yên Bình, Tỉnh Lào Cai",0.0,3.0,1,0,0.0,0.0,504.5,0.0,5.0,1,Stopped,0,0,0,0,0,VALID,VALID
21C-04064,2026-08-15 02:47:00,504.5,0.0,0.0,"Xã Yên Bình, Tỉnh Lào Cai",0.0,2.0,1,0,0.0,0.0,504.5,0.0,5.0,1,Stopped,0,0,0,0,0,VALID,VALID
21C-04064,2026-08-15 02:49:00,504.5,0.0,0.0,"Xã Yên Bình, Tỉnh Lào Cai",0.0,2.0,1,0,0.0,0.0,504.5,0.0,5.0,1,Stopped,0,0,0,0,0,VALID,VALID
21C-04064,2026-08-15 02:51:00,504.5,0.0,0.0,"Xã Yên Bình, Tỉnh Lào Cai",0.0,2.0,1,0,0.0,0.0,504.5,0.0,5.0,1,Stopped,0,0,0,0,0,VALID,VALID
21C-04064,2026-08-15 02:53:00,504.5,0.0,0.0,"Xã Yên Bình, Tỉnh Lào Cai",0.0,2.0,1,0,0.0,0.0,504.5,0.0,5.0,1,Stopped,0,0,0,0,0,VALID,VALID
21C-04064,2026-08-15 02:56:00,504.5,0.0,0.0,"Xã Yên Bình, Tỉnh Lào Cai",0.0,3.0,1,0,0.0,0.0,504.5,0.0,5.0,1,Stopped,0,0,0,0,0,VALID,VALID
21C-04064,2026-08-15 02:58:00,504.5,0.0,0.0,"Xã Yên Bình, Tỉnh Lào Cai",0.0,2.0,1,0,0.0,0.0,504.5,0.0,5.0,1,Stopped,0,0,0,0,0,VALID,VALID
21C-04064,2026-08-15 03:00:00,504.5,0.0,0.0,"Xã Yên Bình, Tỉnh Lào Cai",0.0,2.0,1,0,0.0,0.0,504.5,0.0,5.0,1,Stopped,0,0,0,0,0,VALID,VALID
21C-04064,2026-08-15 03:02:00,504.5,0.0,0.0,"Xã Yên Bình, Tỉnh Lào Cai",0.0,2.0,1,0,0.0,0.0,504.5,0.0,5.0,1,Stopped,0,0,0,0,0,VALID,VALID
21C-04064,2026-08-15 03:04:00,504.5,0.0,0.0,"Xã Yên Bình, Tỉnh Lào Cai",0.0,2.0,1,0,0.0,0.0,504.5,0.0,5.0,1,Stopped,0,0,0,0,0,VALID,VALID
21C-04064,2026-08-15 03:06:00,504.5,0.0,0.0,"Xã Yên Bình, Tỉnh Lào Cai",0.0,2.0,1,0,0.0,0.0,504.5,0.0,5.0,1,Stopped,0,0,0,0,0,VALID,VALID
21C-04064,2026-08-15 03:09:00,504.5,0.0,0.0,"Xã Yên Bình, Tỉnh Lào Cai",0.0,3.0,1,0,0.0,0.0,504.5,0.0,5.0,1,Stopped,0,0,0,0,0,VALID,VALID
21C-04064,2026-08-15 03:11:00,504.5,0.0,0.0,"Xã Yên Bình, Tỉnh Lào Cai",0.0,2.0,1,0,0.0,0.0,504.5,0.0,5.0,1,Stopped,0,0,0,0,0,VALID,VALID
21C-04064,2026-08-15 03:13:00,504.5,0.0,0.0,"Xã Yên Bình, Tỉnh Lào Cai",0.0,2.0,1,0,0.0,0.0,504.5,0.0,5.0,1,Stopped,0,0,0,0,0,VALID,VALID
21C-04064,2026-08-15 03:15:00,504.5,0.0,0.0,"Xã Yên Bình, Tỉnh Lào Cai",0.0,2.0,1,0,0.0,0.0,504.5,0.0,5.0,1,Stopped,0,0,0,0,0,VALID,VALID
21C-04064,2026-08-15 03:17:00,504.5,0.0,0.0,"Xã Yên Bình, Tỉnh Lào Cai",0.0,2.0,1,0,0.0,0.0,504.5,0.0,5.0,1,Stopped,0,0,0,0,0,VALID,VALID
21C-04064,2026-08-15 03:20:00,504.5,0.0,0.0,"Xã Yên Bình, Tỉnh Lào Cai",0.0,3.0,1,0,0.0,0.0,504.5,0.0,5.0,1,Stopped,0,0,0,0,0,VALID,VALID
21C-04064,2026-08-15 03:22:00,504.5,0.0,0.0,"Xã Yên Bình, Tỉnh Lào Cai",0.0,2.0,1,0,0.0,0.0,504.5,0.0,5.0,1,Stopped,0,0,0,0,0,VALID,VALID
21C-04064,2026-08-15 03:24:00,504.5,0.0,0.0,"Xã Yên Bình, Tỉnh Lào Cai",0.0,2.0,1,0,0.0,0.0,504.5,0.0,5.0,1,Stopped,0,0,0,0,0,VALID,VALID
21C-04064,2026-08-15 03:26:00,504.5,0.0,0.0,"Xã Yên Bình, Tỉnh Lào Cai",0.0,2.0,1,0,0.0,0.0,504.5,0.0,5.0,1,Stopped,0,0,0,0,0,VALID,VALID
21C-04064,2026-08-15 03:28:00,504.5,0.0,0.0,"Xã Yên Bình, Tỉnh Lào Cai",0.0,2.0,1,0,0.0,0.0,504.5,0.0,5.0,1,Stopped,0,0,0,0,0,VALID,VALID
21C-04064,2026-08-15 03:30:00,504.5,0.0,0.0,"Xã Yên Bình, Tỉnh Lào Cai",0.0,2.0,1,0,0.0,0.0,504.5,0.0,5.0,1,Stopped,0,0,0,0,0,VALID,VALID
21C-04064,2026-08-15 03:33:00,504.5,0.0,0.0,"Xã Yên Bình, Tỉnh Lào Cai",0.0,3.0,1,0,0.0,0.0,504.5,0.0,5.0,1,Stopped,0,0,0,0,0,VALID,VALID
21C-04064,2026-08-15 03:35:00,504.5,0.0,0.0,"Xã Yên Bình, Tỉnh Lào Cai",0.0,2.0,1,0,0.0,0.0,504.5,0.0,5.0,1,Stopped,0,0,0,0,0,VALID,VALID
21C-04064,2026-08-15 03:37:00,504.5,0.0,0.0,"Xã Yên Bình, Tỉnh Lào Cai",0.0,2.0,1,0,0.0,0.0,504.5,0.0,5.0,1,Stopped,0,0,0,0,0,VALID,VALID
21C-04064,2026-08-15 03:39:00,504.5,0.0,0.0,"Xã Yên Bình, Tỉnh Lào Cai",0.0,2.0,1,0,0.0,0.0,504.5,0.0,5.0,1,Stopped,0,0,0,0,0,VALID,VALID
21C-04064,2026-08-15 03:41:00,504.5,0.0,0.0,"Xã Yên Bình, Tỉnh Lào Cai",0.0,2.0,1,0,0.0,0.0,504.5,0.0,5.0,1,Stopped,0,0,0,0,0,VALID,VALID
21C-04064,2026-08-15 03:44:00,504.5,0.0,0.0,"Xã Yên Bình, Tỉnh Lào Cai",0.0,3.0,1,0,0.0,0.0,504.5,0.0,5.0,1,Stopped,0,0,0,0,0,VALID,VALID
21C-04064,2026-08-15 03:46:00,504.5,0.0,0.0,"Xã Yên Bình, Tỉnh Lào Cai",0.0,2.0,1,0,0.0,0.0,504.5,0.0,5.0,1,Stopped,0,0,0,0,0,VALID,VALID
21C-04064,2026-08-15 03:48:00,504.5,0.0,0.0,"Xã Yên Bình, Tỉnh Lào Cai",0.0,2.0,1,0,0.0,0.0,504.5,0.0,5.0,1,Stopped,0,0,0,0,0,VALID,VALID
21C-04064,2026-08-15 03:50:00,504.5,0.0,0.0,"Xã Yên Bình, Tỉnh Lào Cai",0.0,2.0,1,0,0.0,0.0,504.5,0.0,5.0,1,Stopped,0,0,0,0,0,VALID,VALID
21C-04064,2026-08-15 03:52:00,504.5,0.0,0.0,"Xã Yên Bình, Tỉnh Lào Cai",0.0,2.0,1,0,0.0,0.0,504.5,0.0,5.0,1,Stopped,0,0,0,0,0,VALID,VALID
21C-04064,2026-08-15 03:54:00,504.5,0.0,0.0,"Xã Yên Bình, Tỉnh Lào Cai",0.0,2.0,1,0,0.0,0.0,504.5,0.0,5.0,1,Stopped,0,0,0,0,0,VALID,VALID
21C-04064,2026-08-15 03:57:00,504.5,0.0,0.0,"Xã Yên Bình, Tỉnh Lào Cai",0.0,3.0,1,0,0.0,0.0,504.5,0.0,5.0,1,Stopped,0,0,0,0,0,VALID,VALID
21C-04064,2026-08-15 03:59:00,504.5,0.0,0.0,"Xã Yên Bình, Tỉnh Lào Cai",0.0,2.0,1,0,0.0,0.0,504.5,0.0,5.0,1,Stopped,0,0,0,0,0,VALID,VALID
21C-04064,2026-08-15 04:01:00,504.5,0.0,0.0,"Xã Yên Bình, Tỉnh Lào Cai",0.0,2.0,1,0,0.0,0.0,504.5,0.0,5.0,1,Stopped,0,0,0,0,0,VALID,VALID
21C-04064,2026-08-15 04:03:00,504.5,0.0,0.0,"Xã Yên Bình, Tỉnh Lào Cai",0.0,2.0,1,0,0.0,0.0,504.5,0.0,5.0,1,Stopped,0,0,0,0,0,VALID,VALID
21C-04064,2026-08-15 04:06:00,504.5,0.0,0.0,"Xã Yên Bình, Tỉnh Lào Cai",0.0,3.0,1,0,0.0,0.0,504.5,0.0,5.0,1,Stopped,0,0,0,0,0,VALID,VALID
21C-04064,2026-08-15 04:08:00,504.5,0.0,0.0,"Xã Yên Bình, Tỉnh Lào Cai",0.0,2.0,1,0,0.0,0.0,504.5,0.0,5.0,1,Stopped,0,0,0,0,0,VALID,VALID
21C-04064,2026-08-15 04:10:00,504.5,0.0,0.0,"Xã Yên Bình, Tỉnh Lào Cai",0.0,2.0,1,0,0.0,0.0,504.5,0.0,5.0,1,Stopped,0,0,0,0,0,VALID,VALID
21C-04064,2026-08-15 04:12:00,504.5,0.0,0.0,"Xã Yên Bình, Tỉnh Lào Cai",0.0,2.0,1,0,0.0,0.0,504.5,0.0,5.0,1,Stopped,0,0,0,0,0,VALID,VALID
21C-04064,2026-08-15 04:14:00,504.5,0.0,0.0,"Xã Yên Bình, Tỉnh Lào Cai",0.0,2.0,1,0,0.0,0.0,504.5,0.0,5.0,1,Stopped,0,0,0,0,0,VALID,VALID
21C-04064,2026-08-15 04:16:00,504.5,0.0,0.0,"Xã Yên Bình, Tỉnh Lào Cai",0.0,2.0,1,0,0.0,0.0,504.5,0.0,5.0,1,Stopped,0,0,0,0,0,VALID,VALID
21C-04064,2026-08-15 04:19:00,504.5,0.0,0.0,"Xã Yên Bình, Tỉnh Lào Cai",0.0,3.0,1,0,0.0,0.0,504.5,0.0,5.0,1,Stopped,0,0,0,0,0,VALID,VALID
21C-04064,2026-08-15 04:21:00,504.5,0.0,0.0,"Xã Yên Bình, Tỉnh Lào Cai",0.0,2.0,1,0,0.0,0.0,504.5,0.0,5.0,1,Stopped,0,0,0,0,0,VALID,VALID
21C-04064,2026-08-15 04:23:00,504.5,0.0,0.0,"Xã Yên Bình, Tỉnh Lào Cai",0.0,2.0,1,0,0.0,0.0,504.5,0.0,5.0,1,Stopped,0,0,0,0,0,VALID,VALID
21C-04064,2026-08-15 04:25:00,504.5,0.0,0.0,"Xã Yên Bình, Tỉnh Lào Cai",0.0,2.0,1,0,0.0,0.0,504.5,0.0,5.0,1,Stopped,0,0,0,0,0,VALID,VALID
21C-04064,2026-08-15 04:27:00,504.5,0.0,0.0,"Xã Yên Bình, Tỉnh Lào Cai",0.0,2.0,1,0,0.0,0.0,504.5,0.0,5.0,1,Stopped,0,0,0,0,0,VALID,VALID
21C-04064,2026-08-15 04:30:00,504.5,0.0,0.0,"Xã Yên Bình, Tỉnh Lào Cai",0.0,3.0,1,0,0.0,0.0,504.5,0.0,5.0,1,Stopped,0,0,0,0,0,VALID,VALID
21C-04064,2026-08-15 04:32:00,504.5,0.0,0.0,"Xã Yên Bình, Tỉnh Lào Cai",0.0,2.0,1,0,0.0,0.0,504.5,0.0,5.0,1,Stopped,0,0,0,0,0,VALID,VALID
21C-04064,2026-08-15 04:34:00,504.5,0.0,0.0,"Xã Yên Bình, Tỉnh Lào Cai",0.0,2.0,1,0,0.0,0.0,504.5,0.0,5.0,1,Stopped,0,0,0,0,0,VALID,VALID
21C-04064,2026-08-15 04:36:00,504.5,0.0,0.0,"Xã Yên Bình, Tỉnh Lào Cai",0.0,2.0,1,0,0.0,0.0,504.5,0.0,5.0,1,Stopped,0,0,0,0,0,VALID,VALID
21C-04064,2026-08-15 04:38:00,504.5,0.0,0.0,"Xã Yên Bình, Tỉnh Lào Cai",0.0,2.0,1,0,0.0,0.0,504.5,0.0,5.0,1,Stopped,0,0,0,0,0,VALID,VALID
21C-04064,2026-08-15 04:40:00,504.5,0.0,0.0,"Xã Yên Bình, Tỉnh Lào Cai",0.0,2.0,1,0,0.0,0.0,504.5,0.0,5.0,1,Stopped,0,0,0,0,0,VALID,VALID
21C-04064,2026-08-15 04:43:00,504.5,0.0,0.0,"Xã Yên Bình, Tỉnh Lào Cai",0.0,3.0,1,0,0.0,0.0,504.5,0.0,5.0,1,Stopped,0,0,0,0,0,VALID,VALID
21C-04064,2026-08-15 04:45:00,504.5,0.0,0.0,"Xã Yên Bình, Tỉnh Lào Cai",0.0,2.0,1,0,0.0,0.0,504.5,0.0,5.0,1,Stopped,0,0,0,0,0,VALID,VALID
21C-04064,2026-08-15 04:47:00,504.5,0.0,0.0,"Xã Yên Bình, Tỉnh Lào Cai",0.0,2.0,1,0,0.0,0.0,504.5,0.0,5.0,1,Stopped,0,0,0,0,0,VALID,VALID
21C-04064,2026-08-15 04:49:00,504.5,0.0,0.0,"Xã Yên Bình, Tỉnh Lào Cai",0.0,2.0,1,0,0.0,0.0,504.5,0.0,5.0,1,Stopped,0,0,0,0,0,VALID,VALID
21C-04064,2026-08-15 04:51:00,504.5,0.0,0.0,"Xã Yên Bình, Tỉnh Lào Cai",0.0,2.0,1,0,0.0,0.0,504.5,0.0,5.0,1,Stopped,0,0,0,0,0,VALID,VALID
21C-04064,2026-08-15 04:54:00,504.5,0.0,0.0,"Xã Yên Bình, Tỉnh Lào Cai",0.0,3.0,1,0,0.0,0.0,504.5,0.0,5.0,1,Stopped,0,0,0,0,0,VALID,VALID
21C-04064,2026-08-15 04:56:00,504.5,0.0,0.0,"Xã Yên Bình, Tỉnh Lào Cai",0.0,2.0,1,0,0.0,0.0,504.5,0.0,5.0,1,Stopped,0,0,0,0,0,VALID,VALID
21C-04064,2026-08-15 04:58:00,504.5,0.0,0.0,"Xã Yên Bình, Tỉnh Lào Cai",0.0,2.0,1,0,0.0,0.0,504.5,0.0,5.0,1,Stopped,0,0,0,0,0,VALID,VALID
21C-04064,2026-08-15 05:00:00,504.5,0.0,0.0,"Xã Yên Bình, Tỉnh Lào Cai",0.0,2.0,1,0,0.0,0.0,504.5,0.0,5.0,1,Stopped,0,0,0,0,0,VALID,VALID
21C-04064,2026-08-15 05:02:00,504.5,0.0,0.0,"Xã Yên Bình, Tỉnh Lào Cai",0.0,2.0,1,0,0.0,0.0,504.5,0.0,5.0,1,Stopped,0,0,0,0,0,VALID,VALID
21C-04064,2026-08-15 05:04:00,504.5,0.0,0.0,"Xã Yên Bình, Tỉnh Lào Cai",0.0,2.0,1,0,0.0,0.0,504.5,0.0,5.0,1,Stopped,0,0,0,0,0,VALID,VALID
21C-04064,2026-08-15 05:07:00,504.5,0.0,0.0,"Xã Yên Bình, Tỉnh Lào Cai",0.0,3.0,1,0,0.0,0.0,504.5,0.0,5.0,1,Stopped,0,0,0,0,0,VALID,VALID
21C-04064,2026-08-15 05:09:00,504.5,0.0,0.0,"Xã Yên Bình, Tỉnh Lào Cai",0.0,2.0,1,0,0.0,0.0,504.5,0.0,5.0,1,Stopped,0,0,0,0,0,VALID,VALID
21C-04064,2026-08-15 05:11:00,504.5,0.0,0.0,"Xã Yên Bình, Tỉnh Lào Cai",0.0,2.0,1,0,0.0,0.0,504.5,0.0,5.0,1,Stopped,0,0,0,0,0,VALID,VALID
21C-04064,2026-08-15 05:13:00,504.5,0.0,0.0,"Xã Yên Bình, Tỉnh Lào Cai",0.0,2.0,1,0,0.0,0.0,504.5,0.0,5.0,1,Stopped,0,0,0,0,0,VALID,VALID
21C-04064,2026-08-15 05:15:00,504.5,0.0,0.0,"Xã Yên Bình, Tỉnh Lào Cai",0.0,2.0,1,0,0.0,0.0,504.5,0.0,5.0,1,Stopped,0,0,0,0,0,VALID,VALID
21C-04064,2026-08-15 05:18:00,504.5,0.0,0.0,"Xã Yên Bình, Tỉnh Lào Cai",0.0,3.0,1,0,0.0,0.0,504.5,0.0,5.0,1,Stopped,0,0,0,0,0,VALID,VALID
21C-04064,2026-08-15 05:20:00,504.5,0.0,0.0,"Xã Yên Bình, Tỉnh Lào Cai",0.0,2.0,1,0,0.0,0.0,504.5,0.0,5.0,1,Stopped,0,0,0,0,0,VALID,VALID
21C-04064,2026-08-15 05:22:00,504.5,0.0,0.0,"Xã Yên Bình, Tỉnh Lào Cai",0.0,2.0,1,0,0.0,0.0,504.5,0.0,5.0,1,Stopped,0,0,0,0,0,VALID,VALID
21C-04064,2026-08-15 05:24:00,504.5,0.0,0.0,"Xã Yên Bình, Tỉnh Lào Cai",0.0,2.0,1,0,0.0,0.0,504.5,0.0,5.0,1,Stopped,0,0,0,0,0,VALID,VALID
21C-04064,2026-08-15 05:26:00,504.5,0.0,0.0,"Xã Yên Bình, Tỉnh Lào Cai",0.0,2.0,1,0,0.0,0.0,504.5,0.0,5.0,1,Stopped,0,0,0,0,0,VALID,VALID
21C-04064,2026-08-15 05:28:00,504.5,0.0,0.0,"Xã Yên Bình, Tỉnh Lào Cai",0.0,2.0,1,0,0.0,0.0,504.5,0.0,5.0,1,Stopped,0,0,0,0,0,VALID,VALID
21C-04064,2026-08-15 05:31:00,504.5,0.0,0.0,"Xã Yên Bình, Tỉnh Lào Cai",0.0,3.0,1,0,0.0,0.0,504.5,0.0,5.0,1,Stopped,0,0,0,0,0,VALID,VALID
21C-04064,2026-08-15 05:33:00,504.5,0.0,0.0,"Xã Yên Bình, Tỉnh Lào Cai",0.0,2.0,1,0,0.0,0.0,504.5,0.0,5.0,1,Stopped,0,0,0,0,0,VALID,VALID
21C-04064,2026-08-15 05:35:00,504.5,0.0,0.0,"Xã Yên Bình, Tỉnh Lào Cai",0.0,2.0,1,0,0.0,0.0,504.5,0.0,5.0,1,Stopped,0,0,0,0,0,VALID,VALID
21C-04064,2026-08-15 05:37:00,504.5,0.0,0.0,"Xã Yên Bình, Tỉnh Lào Cai",0.0,2.0,1,0,0.0,0.0,504.5,0.0,5.0,1,Stopped,0,0,0,0,0,VALID,VALID
21C-04064,2026-08-15 05:39:00,504.5,0.0,0.0,"Xã Yên Bình, Tỉnh Lào Cai",0.0,2.0,1,0,0.0,0.0,504.5,0.0,5.0,1,Stopped,0,0,0,0,0,VALID,VALID
21C-04064,2026-08-15 05:42:00,504.5,0.0,0.0,"Xã Yên Bình, Tỉnh Lào Cai",0.0,3.0,1,0,0.0,0.0,504.5,0.0,5.0,1,Stopped,0,0,0,0,0,VALID,VALID
21C-04064,2026-08-15 05:44:00,504.5,0.0,0.0,"Xã Yên Bình, Tỉnh Lào Cai",0.0,2.0,1,0,0.0,0.0,504.5,0.0,5.0,1,Stopped,0,0,0,0,0,VALID,VALID
21C-04064,2026-08-15 05:46:00,504.5,0.0,0.0,"Xã Yên Bình, Tỉnh Lào Cai",0.0,2.0,1,0,0.0,0.0,504.5,0.0,5.0,1,Stopped,0,0,0,0,0,VALID,VALID
21C-04064,2026-08-15 05:48:00,504.5,0.0,0.0,"Xã Yên Bình, Tỉnh Lào Cai",0.0,2.0,1,0,0.0,0.0,504.5,0.0,5.0,1,Stopped,0,0,0,0,0,VALID,VALID
21C-04064,2026-08-15 05:50:00,504.5,0.0,0.0,"Xã Yên Bình, Tỉnh Lào Cai",0.0,2.0,1,0,0.0,0.0,504.5,0.0,5.0,1,Stopped,0,0,0,0,0,VALID,VALID
21C-04064,2026-08-15 05:52:00,504.5,0.0,0.0,"Xã Yên Bình, Tỉnh Lào Cai",0.0,2.0,1,0,0.0,0.0,504.5,0.0,5.0,1,Stopped,0,0,0,0,0,VALID,VALID
21C-04064,2026-08-15 05:55:00,504.5,0.0,0.0,"Xã Yên Bình, Tỉnh Lào Cai",0.0,3.0,1,0,0.0,0.0,504.5,0.0,5.0,1,Stopped,0,0,0,0,0,VALID,VALID
21C-04064,2026-08-15 05:57:00,504.5,0.0,0.0,"Xã Yên Bình, Tỉnh Lào Cai",0.0,2.0,1,0,0.0,0.0,504.5,0.0,5.0,1,Stopped,0,0,0,0,0,VALID,VALID
21C-04064,2026-08-15 05:59:00,504.5,0.0,0.0,"Xã Yên Bình, Tỉnh Lào Cai",0.0,2.0,1,0,0.0,0.0,504.5,0.0,5.0,1,Stopped,0,0,0,0,0,VALID,VALID
21C-04064,2026-08-15 06:01:00,504.5,0.0,0.0,"Xã Yên Bình, Tỉnh Lào Cai",0.0,2.0,1,0,0.0,0.0,504.5,0.0,5.0,1,Stopped,0,0,0,0,0,VALID,VALID
21C-04064,2026-08-15 06:03:00,504.5,0.0,0.0,"Xã Yên Bình, Tỉnh Lào Cai",0.0,2.0,1,0,0.0,0.0,504.5,0.0,5.0,1,Stopped,0,0,0,0,0,VALID,VALID
21C-04064,2026-08-15 06:06:00,504.5,0.0,0.0,"Xã Yên Bình, Tỉnh Lào Cai",0.0,3.0,1,0,0.0,0.0,504.5,0.0,5.0,1,Stopped,0,0,0,0,0,VALID,VALID
21C-04064,2026-08-15 06:08:00,504.5,0.0,0.0,"Xã Yên Bình, Tỉnh Lào Cai",0.0,2.0,1,0,0.0,0.0,504.5,0.0,5.0,1,Stopped,0,0,0,0,0,VALID,VALID
21C-04064,2026-08-15 06:10:00,504.5,0.0,0.0,"Xã Yên Bình, Tỉnh Lào Cai",0.0,2.0,1,0,0.0,0.0,504.5,0.0,5.0,1,Stopped,0,0,0,0,0,VALID,VALID
21C-04064,2026-08-15 06:12:00,504.4,0.0,0.0,"Xã Yên Bình, Tỉnh Lào Cai",0.0,2.0,1,0,-0.10000000000002274,-0.05000000000001137,504.5,0.04472136097576651,5.0,1,Stopped,0,0,0,0,0,VALID,VALID
21C-04064,2026-08-15 06:14:00,504.4,0.0,0.0,"Xã Yên Bình, Tỉnh Lào Cai",0.0,2.0,1,0,0.0,0.0,504.5,0.05477225691446439,5.0,1,Stopped,0,0,0,0,0,VALID,VALID
21C-04064,2026-08-15 06:16:00,504.2,0.0,0.0,"Xã Yên Bình, Tỉnh Lào Cai",0.0,2.0,1,0,-0.19999999999998863,-0.09999999999999432,504.4,0.12247448765944062,5.0,1,Stopped,0,0,0,0,0,VALID,VALID
21C-04064,2026-08-15 06:18:00,505.3,0.0,0.0,"Xã Yên Bình, Tỉnh Lào Cai",0.0,2.0,1,0,1.1000000000000227,0.5500000000000114,504.4,0.42778499287329774,5.0,1,Stopped,0,0,0,0,0,VALID,VALID
21C-04064,2026-08-15 06:20:00,505.6,0.0,0.0,"Xã Yên Bình, Tỉnh Lào Cai",0.0,2.0,1,0,0.30000000000001137,0.15000000000000568,504.4,0.626099033802041,5.0,1,Stopped,0,0,0,0,0,VALID,VALID
21C-04064,2026-08-15 06:22:00,505.7,0.0,0.0,"Xã Yên Bình, Tỉnh Lào Cai",0.0,2.0,1,0,0.0999999999999659,0.04999999999998295,505.3,0.6949820142479324,5.0,1,Stopped,0,0,0,0,0,VALID,VALID
21C-04064,2026-08-15 06:25:00,505.9,0.0,0.0,"Xã Yên Bình, Tỉnh Lào Cai",0.0,3.0,1,0,0.19999999999998863,0.06666666666666288,505.6,0.6730527469139516,5.0,1,Stopped,0,0,0,0,0,VALID,VALID
21C-04064,2026-08-15 06:27:00,506.2,0.0,0.0,"Xã Yên Bình, Tỉnh Lào Cai",0.0,2.0,1,0,0.30000000000001137,0.15000000000000568,505.7,0.33615472647103545,5.0,1,Stopped,0,0,0,0,0,VALID,VALID
21C-04064,2026-08-15 06:29:00,506.2,0.0,0.0,"Xã Yên Bình, Tỉnh Lào Cai",0.0,2.0,1,0,0.0,0.0,505.9,0.2774887387426606,5.0,1,Stopped,0,0,0,0,0,VALID,VALID
21C-04064,2026-08-15 06:32:00,506.3,0.0,0.0,"Xã Yên Bình, Tỉnh Lào Cai",0.0,3.0,1,0,0.10000000000002274,0.03333333333334091,506.2,0.2509980082174467,5.0,1,Stopped,0,0,0,0,0,VALID,VALID
21C-04064,2026-08-15 06:34:00,506.3,0.0,0.0,"Xã Yên Bình, Tỉnh Lào Cai",0.0,2.0,1,0,0.0,0.0,506.2,0.16431676764476913,5.0,1,Stopped,0,0,0,0,0,VALID,VALID
21C-04064,2026-08-15 06:36:00,506.3,0.0,0.0,"Xã Yên Bình, Tỉnh Lào Cai",0.0,2.0,1,0,0.0,0.0,506.3,0.0547722569307352,5.0,1,Stopped,0,0,0,0,0,VALID,VALID
21C-04064,2026-08-15 06:38:00,506.3,0.0,0.0,"Xã Yên Bình, Tỉnh Lào Cai",0.0,2.0,1,0,0.0,0.0,506.3,0.044721360995624196,5.0,1,Stopped,0,0,0,0,0,VALID,VALID
21C-04064,2026-08-15 06:40:00,506.5,0.0,0.0,"Xã Yên Bình, Tỉnh Lào Cai",0.0,2.0,1,0,0.19999999999998863,0.09999999999999432,506.3,0.08944271982306255,5.0,1,Stopped,0,0,0,0,0,VALID,VALID
21C-04064,2026-08-15 06:42:00,506.5,0.0,0.0,"Xã Yên Bình, Tỉnh Lào Cai",0.0,2.0,1,0,0.0,0.0,506.3,0.10954451209155491,5.0,1,Stopped,0,0,0,0,0,VALID,VALID
21C-04064,2026-08-15 06:45:00,506.5,0.0,0.0,"Xã Yên Bình, Tỉnh Lào Cai",0.0,3.0,1,0,0.0,0.0,506.5,0.10954451209168724,5.0,1,Stopped,0,0,0,0,0,VALID,VALID
21C-04064,2026-08-15 06:47:00,506.5,0.0,0.0,"Xã Yên Bình, Tỉnh Lào Cai",0.0,2.0,1,0,0.0,0.0,506.5,0.0894427198235527,5.0,1,Stopped,0,0,0,0,0,VALID,VALID
21C-04064,2026-08-15 06:49:00,506.5,0.0,0.0,"Xã Yên Bình, Tỉnh Lào Cai",0.0,2.0,1,0,0.0,0.0,506.5,0.0,5.0,1,Stopped,0,0,0,0,0,VALID,VALID
21C-04064,2026-08-15 06:51:00,506.5,0.0,0.0,"Xã Yên Bình, Tỉnh Lào Cai",0.0,2.0,1,0,0.0,0.0,506.5,0.0,5.0,1,Stopped,0,0,0,0,0,VALID,VALID
21C-04064,2026-08-15 06:53:00,506.5,0.0,0.0,"Xã Yên Bình, Tỉnh Lào Cai",0.0,2.0,1,0,0.0,0.0,506.5,0.0,5.0,1,Stopped,0,0,0,0,0,VALID,VALID
21C-04064,2026-08-15 06:56:00,506.5,0.0,0.0,"Xã Yên Bình, Tỉnh Lào Cai",0.0,3.0,1,0,0.0,0.0,506.5,0.0,5.0,1,Stopped,0,0,0,0,0,VALID,VALID
21C-04064,2026-08-15 06:58:00,506.5,0.0,0.0,"Xã Yên Bình, Tỉnh Lào Cai",0.0,2.0,1,0,0.0,0.0,506.5,0.0,5.0,1,Stopped,0,0,0,0,0,VALID,VALID
21C-04064,2026-08-15 07:00:00,506.3,0.0,0.0,"Xã Yên Bình, Tỉnh Lào Cai",0.0,2.0,1,0,-0.19999999999998863,-0.09999999999999432,506.5,0.0894427198235241,5.0,1,Stopped,0,0,0,0,0,VALID,VALID
21C-04064,2026-08-15 07:02:00,506.3,0.0,0.0,"Xã Yên Bình, Tỉnh Lào Cai",0.0,2.0,1,0,0.0,0.0,506.5,0.10954451209162043,5.0,1,Stopped,0,0,0,0,0,VALID,VALID
21C-04064,2026-08-15 07:04:00,506.2,0.0,0.0,"Xã Yên Bình, Tỉnh Lào Cai",0.0,2.0,1,0,-0.10000000000002274,-0.05000000000001137,506.3,0.1341640791319897,5.0,1,Stopped,0,0,0,0,0,VALID,VALID
21C-04064,2026-08-15 07:06:00,506.2,0.0,0.0,"Xã Yên Bình, Tỉnh Lào Cai",0.0,2.0,1,0,0.0,0.0,506.3,0.12247448766693646,5.0,1,Stopped,0,0,0,0,0,VALID,VALID
21C-04064,2026-08-15 07:08:00,506.2,2.0,0.016666666666666666,"Xã Yên Bình, Tỉnh Lào Cai",0.0,2.0,1,0,0.0,0.0,506.2,0.05477225693015144,5.0,1,Moving,0,0,0,0,0,VALID,VALID
21C-04064,2026-08-15 07:10:00,510.6,0.0,-0.016666666666666666,"Quốc Lộ 70, Xã Yên Bình, Tỉnh Lào Cai",0.0,2.0,1,0,4.400000000000034,2.200000000000017,506.2,1.9570385791113292,5.0,1,Stopped,0,0,0,0,0,VALID,VALID
21C-04064,2026-08-15 07:12:00,505.7,25.0,0.20833333333333334,"Quốc Lộ 70, Xã Yên Bình, Tỉnh Lào Cai",0.0,2.0,1,0,-4.900000000000034,-2.450000000000017,506.2,2.035190408814366,5.0,1,Moving,0,0,0,0,0,VALID,VALID
21C-04064,2026-08-15 07:14:00,504.2,19.0,-0.05,"Quốc Lộ 70, Xã Yên Bình, Tỉnh Lào Cai",0.0,2.0,1,0,-1.5,-0.75,506.2,2.392070233109718,5.0,1,Moving,0,0,0,0,0,VALID,VALID
21C-04064,2026-08-15 07:16:00,503.3,17.0,-0.016666666666666666,"Quốc Lộ 70, Xã Yên Bình, Tỉnh Lào Cai",0.0,2.0,1,0,-0.8999999999999773,-0.44999999999998863,505.7,2.8204609552569564,5.0,1,Moving,0,0,0,0,0,VALID,VALID
21C-04064,2026-08-15 07:18:00,506.5,17.0,0.0,"Quốc Lộ 70, Xã Yên Bình, Tỉnh Lào Cai",0.0,2.0,1,0,3.1999999999999886,1.5999999999999943,505.7,2.828957405145762,5.0,1,Moving,0,0,0,0,0,VALID,VALID
21C-04064,2026-08-15 07:20:00,501.2,32.0,0.125,"Quốc Lộ 70, Xã Đan Thượng, Tỉnh Phú Thọ",0.0,2.0,1,0,-5.300000000000011,-2.6500000000000057,504.2,2.082546518118417,5.0,1,Moving,0,0,0,0,0,VALID,VALID
21C-04064,2026-08-15 07:22:00,499.5,36.0,0.03333333333333333,"Quốc Lộ 70, Xã Đan Thượng, Tỉnh Phú Thọ",0.0,2.0,1,0,-1.6999999999999886,-0.8499999999999943,503.3,2.7042559050736883,5.0,1,Moving,0,0,0,0,0,VALID,VALID
21C-04064,2026-08-15 07:24:00,499.4,32.0,-0.03333333333333333,"Quốc Lộ 70, Xã Đan Thượng, Tỉnh Phú Thọ",0.0,2.0,1,0,-0.10000000000002274,-0.05000000000001137,501.2,2.9827839345358145,5.0,1,Moving,0,0,0,0,0,VALID,VALID
21C-04064,2026-08-15 07:26:00,497.2,38.0,0.05,"Quốc Lộ 70, Xã Bằng Luân, Tỉnh Phú Thọ",0.0,2.0,1,0,-2.1999999999999886,-1.0999999999999943,499.5,3.5089884582488557,5.0,1,Moving,0,0,0,0,0,VALID,VALID
21C-04064,2026-08-15 07:28:00,497.5,31.0,-0.058333333333333334,"Quốc Lộ 70, Xã Bằng Luân, Tỉnh Phú Thọ",0.0,2.0,1,0,0.30000000000001137,0.15000000000000568,499.4,1.63798656896869,5.0,1,Moving,0,0,0,0,0,VALID,VALID
21C-04064,2026-08-15 07:30:00,493.6,24.0,-0.058333333333333334,"Quốc Lộ 70, Xã Bằng Luân, Tỉnh Phú Thọ",0.0,2.0,1,0,-3.8999999999999773,-1.9499999999999886,497.5,2.392279247939128,5.0,1,Moving,0,0,0,0,0,VALID,VALID
21C-04064,2026-08-15 07:32:00,493.4,31.0,0.058333333333333334,"Quốc Lộ 70, Xã Bằng Luân, Tỉnh Phú Thọ",0.0,2.0,1,0,-0.20000000000004547,-0.10000000000002274,497.2,2.623356628466475,5.0,1,Moving,0,0,0,0,0,VALID,VALID
21C-04064,2026-08-15 07:34:00,493.7,36.0,0.041666666666666664,"Cầu Giang Trúc, Xã Bằng Luân, Tỉnh Phú Thọ",0.0,2.0,1,0,0.30000000000001137,0.15000000000000568,493.7,2.0777391559379796,5.0,1,Moving,0,0,0,0,0,VALID,VALID
21C-04064,2026-08-15 07:36:00,493.6,36.0,0.0,"Quốc Lộ 70, Xã Bằng Luân, Tỉnh Phú Thọ",0.0,2.0,1,0,-0.0999999999999659,-0.04999999999998295,493.6,1.7586926963279137,5.0,1,Moving,0,0,0,0,0,VALID,VALID
21C-04064,2026-08-15 07:38:00,493.4,28.0,-0.06666666666666667,"Quốc Lộ 70, Xã Tây Cốc, Tỉnh Phú Thọ",0.0,2.0,1,0,-0.20000000000004547,-0.10000000000002274,493.6,0.1341640790836841,5.0,1,Moving,0,0,0,0,0,VALID,VALID
21C-04064,2026-08-15 07:40:00,492.7,38.0,0.08333333333333333,"Quốc Lộ 70, Xã Tây Cốc, Tỉnh Phú Thọ",0.0,2.0,1,0,-0.6999999999999886,-0.3499999999999943,493.4,0.39115214446069985,5.0,1,Moving,0,0,0,0,0,VALID,VALID
21C-04064,2026-08-15 07:42:00,492.5,39.0,0.008333333333333333,"Quốc Lộ 70, Xã Tây Cốc, Tỉnh Phú Thọ",0.0,2.0,1,0,-0.19999999999998863,-0.09999999999999432,493.4,0.5449770638440014,5.0,1,Moving,0,0,0,0,0,VALID,VALID
21C-04064,2026-08-15 07:44:00,490.3,30.0,-0.075,"Quốc Lộ 70, Xã Tây Cốc, Tỉnh Phú Thọ",0.0,2.0,1,0,-2.1999999999999886,-1.0999999999999943,492.7,1.313392553700279,5.0,1,Moving,0,0,0,0,0,VALID,VALID
21C-04064,2026-08-15 07:46:00,490.1,41.0,0.09166666666666666,"Quốc Lộ 70, Xã Tây Cốc, Tỉnh Phú Thọ",0.0,2.0,1,0,-0.19999999999998863,-0.09999999999999432,492.5,1.5000000000382068,5.0,1,Moving,0,0,0,0,0,VALID,VALID
21C-04064,2026-08-15 07:48:00,490.1,33.0,-0.06666666666666667,"Quốc Lộ 70, Xã Bằng Luân, Tỉnh Phú Thọ",0.0,2.0,1,0,0.0,0.0,490.3,1.3371611720783714,5.0,1,Moving,0,0,0,0,0,VALID,VALID
21C-04064,2026-08-15 07:50:00,488.6,43.0,0.08333333333333333,"Quốc Lộ 70, Xã Tây Cốc, Tỉnh Phú Thọ",0.0,2.0,1,0,-1.5,-0.75,490.1,1.3971399357663707,5.0,1,Moving,0,0,0,0,0,VALID,VALID
21C-04064,2026-08-15 07:53:00,486.3,0.0,-0.2388888888888889,"Quốc Lộ 70, Xã Tây Cốc, Tỉnh Phú Thọ",0.0,3.0,1,0,-2.3000000000000114,-0.7666666666666705,490.1,1.697645428265918,5.0,1,Stopped,0,0,0,0,0,VALID,VALID
21C-04064,2026-08-15 07:55:00,486.3,0.0,0.0,"Quốc Lộ 70, Xã Tây Cốc, Tỉnh Phú Thọ",0.0,2.0,1,0,0.0,0.0,488.6,1.9084024733036282,5.0,1,Stopped,0,0,0,0,0,VALID,VALID
21C-04064,2026-08-15 07:57:00,486.3,0.0,0.0,"Quốc Lộ 70, Xã Tây Cốc, Tỉnh Phú Thọ",0.0,2.0,1,0,0.0,0.0,486.3,1.7527121840481037,5.0,1,Stopped,0,0,0,0,0,VALID,VALID
21C-04064,2026-08-15 08:00:00,486.3,0.0,0.0,"Quốc Lộ 70, Xã Tây Cốc, Tỉnh Phú Thọ",0.0,3.0,1,0,0.0,0.0,486.3,1.0285912697033512,5.0,1,Stopped,0,0,0,0,0,VALID,VALID
21C-04064,2026-08-15 08:02:00,486.3,0.0,0.0,"Quốc Lộ 70, Xã Tây Cốc, Tỉnh Phú Thọ",0.0,2.0,1,0,0.0,0.0,486.3,0.0,5.0,1,Stopped,0,0,0,0,0,VALID,VALID
21C-04064,2026-08-15 08:04:00,486.3,0.0,0.0,"Quốc Lộ 70, Xã Tây Cốc, Tỉnh Phú Thọ",0.0,2.0,1,0,0.0,0.0,486.3,0.0,5.0,1,Stopped,0,0,0,0,0,VALID,VALID
21C-04064,2026-08-15 08:06:00,486.3,0.0,0.0,"Quốc Lộ 70, Xã Tây Cốc, Tỉnh Phú Thọ",0.0,2.0,1,0,0.0,0.0,486.3,0.0,5.0,1,Stopped,0,0,0,0,0,VALID,VALID
21C-04064,2026-08-15 08:08:00,486.3,0.0,0.0,"Quốc Lộ 70, Xã Tây Cốc, Tỉnh Phú Thọ",0.0,2.0,1,0,0.0,0.0,486.3,0.0,5.0,1,Stopped,0,0,0,0,0,VALID,VALID
21C-04064,2026-08-15 08:10:00,486.3,0.0,0.0,"Quốc Lộ 70, Xã Tây Cốc, Tỉnh Phú Thọ",0.0,2.0,1,0,0.0,0.0,486.3,0.0,5.0,1,Stopped,0,0,0,0,0,VALID,VALID
21C-04064,2026-08-15 08:13:00,486.3,0.0,0.0,"Quốc Lộ 70, Xã Tây Cốc, Tỉnh Phú Thọ",0.0,3.0,1,0,0.0,0.0,486.3,0.0,5.0,1,Stopped,0,0,0,0,0,VALID,VALID
21C-04064,2026-08-15 08:15:00,486.3,0.0,0.0,"Quốc Lộ 70, Xã Tây Cốc, Tỉnh Phú Thọ",0.0,2.0,1,0,0.0,0.0,486.3,0.0,5.0,1,Stopped,0,0,0,0,0,VALID,VALID
21C-04064,2026-08-15 08:17:00,486.3,0.0,0.0,"Quốc Lộ 70, Xã Tây Cốc, Tỉnh Phú Thọ",0.0,2.0,1,0,0.0,0.0,486.3,0.0,5.0,1,Stopped,0,0,0,0,0,VALID,VALID
21C-04064,2026-08-15 08:19:00,486.3,0.0,0.0,"Quốc Lộ 70, Xã Tây Cốc, Tỉnh Phú Thọ",0.0,2.0,1,0,0.0,0.0,486.3,0.0,5.0,1,Stopped,0,0,0,0,0,VALID,VALID
21C-04064,2026-08-15 08:21:00,486.3,0.0,0.0,"Quốc Lộ 70, Xã Tây Cốc, Tỉnh Phú Thọ",0.0,2.0,1,0,0.0,0.0,486.3,0.0,5.0,1,Stopped,0,0,0,0,0,VALID,VALID
21C-04064,2026-08-15 08:24:00,486.3,0.0,0.0,"Quốc Lộ 70, Xã Tây Cốc, Tỉnh Phú Thọ",0.0,3.0,1,0,0.0,0.0,486.3,0.0,5.0,1,Stopped,0,0,0,0,0,VALID,VALID
21C-04064,2026-08-15 08:26:00,486.3,0.0,0.0,"Quốc Lộ 70, Xã Tây Cốc, Tỉnh Phú Thọ",0.0,2.0,1,0,0.0,0.0,486.3,0.0,5.0,1,Stopped,0,0,0,0,0,VALID,VALID
21C-04064,2026-08-15 08:28:00,486.3,0.0,0.0,"Quốc Lộ 70, Xã Tây Cốc, Tỉnh Phú Thọ",0.0,2.0,1,0,0.0,0.0,486.3,0.0,5.0,1,Stopped,0,0,0,0,0,VALID,VALID
21C-04064,2026-08-15 08:30:00,486.3,0.0,0.0,"Quốc Lộ 70, Xã Tây Cốc, Tỉnh Phú Thọ",0.0,2.0,1,0,0.0,0.0,486.3,0.0,5.0,1,Stopped,0,0,0,0,0,VALID,VALID
21C-04064,2026-08-15 08:32:00,486.3,0.0,0.0,"Quốc Lộ 70, Xã Tây Cốc, Tỉnh Phú Thọ",0.0,2.0,1,0,0.0,0.0,486.3,0.0,5.0,1,Stopped,0,0,0,0,0,VALID,VALID
21C-04064,2026-08-15 08:34:00,486.2,0.0,0.0,"Quốc Lộ 70, Xã Tây Cốc, Tỉnh Phú Thọ",0.0,2.0,1,0,-0.10000000000002274,-0.05000000000001137,486.3,0.044721360774335486,5.0,1,Stopped,0,0,0,0,0,VALID,VALID
21C-04064,2026-08-15 08:36:00,487.2,30.0,0.25,"Quốc Lộ 70, Xã Tây Cốc, Tỉnh Phú Thọ",0.0,2.0,1,0,1.0,0.5,486.3,0.4159326869935055,5.0,1,Moving,0,0,0,0,0,VALID,VALID
21C-04064,2026-08-15 08:38:00,487.1,38.0,0.06666666666666667,"Quốc Lộ 70, Xã Tây Cốc, Tỉnh Phú Thọ",0.0,2.0,1,0,-0.0999999999999659,-0.04999999999998295,486.3,0.48682645789826784,5.0,1,Moving,0,0,0,0,0,VALID,VALID
21C-04064,2026-08-15 08:40:00,486.0,35.0,-0.025,"Quốc Lộ 70, Xã Đoan Hùng, Tỉnh Phú Thọ",0.0,2.0,1,0,-1.1000000000000227,-0.5500000000000114,486.3,0.5504543578805837,5.0,1,Moving,0,0,0,0,0,VALID,VALID
21C-04064,2026-08-15 08:42:00,374.8,0.0,-0.2916666666666667,"Quốc Lộ 70, Xã Đoan Hùng, Tỉnh Phú Thọ",0.0,2.0,1,0,-111.19999999999999,-55.599999999999994,486.2,50.012478442885524,5.0,1,Stopped,0,0,1,0,1,LARGE_DELTA,VALID
21C-04064,2026-08-15 08:44:00,483.4,27.0,0.225,"Quốc Lộ 70, Xã Đoan Hùng, Tỉnh Phú Thọ",0.0,2.0,1,0,108.59999999999997,54.29999999999998,486.0,49.72021721593831,5.0,1,Moving,0,0,1,0,1,LARGE_DELTA,VALID
21C-04064,2026-08-15 08:46:00,484.8,26.0,-0.008333333333333333,"Quốc Lộ 70, Xã Đoan Hùng, Tỉnh Phú Thọ",0.0,2.0,1,0,1.400000000000034,0.700000000000017,484.8,49.44746707365391,5.0,1,Moving,0,0,0,0,0,VALID,VALID
21C-04064,2026-08-15 08:48:00,481.0,14.0,-0.1,"Quốc Lộ 70, Xã Đoan Hùng, Tỉnh Phú Thọ",0.0,2.0,1,0,-3.8000000000000114,-1.9000000000000057,483.4,48.78175888587954,5.0,1,Moving,0,0,0,0,0,VALID,VALID
21C-04064,2026-08-15 08:50:00,481.2,0.0,-0.11666666666666667,"Quốc Lộ 2, Xã Đoan Hùng, Tỉnh Phú Thọ",0.0,2.0,1,0,0.19999999999998863,0.09999999999999432,481.2,48.235547058161224,5.0,1,Stopped,0,0,0,0,0,VALID,VALID
21C-04064,2026-08-15 08:52:00,482.4,16.0,0.13333333333333333,"Tỉnh Lộ 331, Xã Đoan Hùng, Tỉnh Phú Thọ",0.0,2.0,1,0,1.1999999999999886,0.5999999999999943,482.4,1.5836666316202042,5.0,1,Moving,0,0,0,0,0,VALID,VALID
21C-04064,2026-08-15 08:54:00,482.1,16.0,0.0,"Tỉnh Lộ 331, Xã Đoan Hùng, Tỉnh Phú Thọ",0.0,2.0,1,0,-0.2999999999999545,-0.14999999999997726,482.1,1.5165750888455989,5.0,1,Moving,0,0,0,0,0,VALID,VALID
21C-04064,2026-08-15 08:56:00,479.3,0.0,-0.13333333333333333,"Xã Đoan Hùng, Tỉnh Phú Thọ",0.0,2.0,1,0,-2.8000000000000114,-1.4000000000000057,481.2,1.2144957801927154,5.0,1,Stopped,0,0,0,0,0,VALID,VALID
21C-04064,2026-08-15 08:58:00,480.1,0.0,0.0,"Xã Đoan Hùng, Tỉnh Phú Thọ",0.0,2.0,1,0,0.8000000000000114,0.4000000000000057,481.2,1.3141537201201825,5.0,1,Stopped,0,0,0,0,0,VALID,VALID
21C-04064,2026-08-15 09:00:00,480.2,0.0,0.0,"Tỉnh Lộ 331, Xã Đoan Hùng, Tỉnh Phú Thọ",0.0,2.0,1,0,0.0999999999999659,0.04999999999998295,480.2,1.3553597308853094,5.0,1,Stopped,0,0,0,0,0,VALID,VALID
21C-04064,2026-08-15 09:02:00,479.8,0.0,0.0,"Tỉnh Lộ 331, Xã Đoan Hùng, Tỉnh Phú Thọ",0.0,2.0,1,0,-0.39999999999997726,-0.19999999999998863,480.1,1.0653637876823712,5.0,1,Stopped,0,0,0,0,0,VALID,VALID
21C-04064,2026-08-15 09:04:00,479.6,0.0,0.0,"Tỉnh Lộ 331, Xã Đoan Hùng, Tỉnh Phú Thọ",0.0,2.0,1,0,-0.19999999999998863,-0.09999999999999432,479.8,0.36742346155948286,5.0,1,Stopped,0,0,0,0,0,VALID,VALID
21C-04064,2026-08-15 09:07:00,479.5,0.0,0.0,"Tỉnh Lộ 331, Xã Đoan Hùng, Tỉnh Phú Thọ",0.0,3.0,1,0,-0.10000000000002274,-0.03333333333334091,479.8,0.3049590138107129,5.0,1,Stopped,0,0,0,0,0,VALID,VALID
21C-04064,2026-08-15 09:09:00,479.5,0.0,0.0,"Tỉnh Lộ 331, Xã Đoan Hùng, Tỉnh Phú Thọ",0.0,2.0,1,0,0.0,0.0,479.6,0.2949576242518091,5.0,1,Stopped,0,0,0,0,0,VALID,VALID
21C-04064,2026-08-15 09:10:00,479.5,0.0,0.0,"Tỉnh Lộ 331, Xã Đoan Hùng, Tỉnh Phú Thọ",0.0,1.0,1,0,0.0,0.0,479.5,0.13038404850334875,5.0,1,Stopped,0,0,0,0,0,VALID,VALID
21C-04064,2026-08-15 09:13:00,479.3,0.0,0.0,"Tỉnh Lộ 331, Xã Đoan Hùng, Tỉnh Phú Thọ",0.0,3.0,1,0,-0.19999999999998863,-0.06666666666666288,479.5,0.10954451197579276,5.0,1,Stopped,0,0,0,0,0,VALID,VALID
21C-04064,2026-08-15 09:15:00,479.3,0.0,0.0,"Tỉnh Lộ 331, Xã Đoan Hùng, Tỉnh Phú Thọ",0.0,2.0,1,0,0.0,0.0,479.5,0.1095445119754892,5.0,1,Stopped,0,0,0,0,0,VALID,VALID
21C-04064,2026-08-15 09:17:00,479.3,0.0,0.0,"Tỉnh Lộ 331, Xã Đoan Hùng, Tỉnh Phú Thọ",0.0,2.0,1,0,0.0,0.0,479.3,0.10954451197529332,5.0,1,Stopped,0,0,0,0,0,VALID,VALID
21C-04064,2026-08-15 09:19:00,479.3,0.0,0.0,"Tỉnh Lộ 331, Xã Đoan Hùng, Tỉnh Phú Thọ",0.0,2.0,1,0,0.0,0.0,479.3,0.08944271968061851,5.0,1,Stopped,0,0,0,0,0,VALID,VALID
21C-04064,2026-08-15 09:22:00,479.2,0.0,0.0,"Tỉnh Lộ 331, Xã Đoan Hùng, Tỉnh Phú Thọ",0.0,3.0,1,0,-0.10000000000002274,-0.03333333333334091,479.3,0.04472136071065033,5.0,1,Stopped,0,0,0,0,0,VALID,VALID
21C-04064,2026-08-15 09:24:00,479.0,0.0,0.0,"Tỉnh Lộ 331, Xã Đoan Hùng, Tỉnh Phú Thọ",0.0,2.0,1,0,-0.19999999999998863,-0.09999999999999432,479.3,0.1303840485019373,5.0,1,Stopped,0,0,0,0,0,VALID,VALID
21C-04064,2026-08-15 09:26:00,479.0,0.0,0.0,"Tỉnh Lộ 331, Xã Đoan Hùng, Tỉnh Phú Thọ",0.0,2.0,1,0,0.0,0.0,479.2,0.151657509222917,5.0,1,Stopped,0,0,0,0,0,VALID,VALID
21C-04064,2026-08-15 09:28:00,479.0,0.0,0.0,"Tỉnh Lộ 331, Xã Đoan Hùng, Tỉnh Phú Thọ",0.0,2.0,1,0,0.0,0.0,479.0,0.1414213566037426,5.0,1,Stopped,0,0,0,0,0,VALID,VALID
21C-04064,2026-08-15 09:30:00,479.0,0.0,0.0,"Tỉnh Lộ 331, Xã Đoan Hùng, Tỉnh Phú Thọ",0.0,2.0,1,0,0.0,0.0,479.0,0.08944271967904081,5.0,1,Stopped,0,0,0,0,0,VALID,VALID
21C-04064,2026-08-15 09:32:00,479.0,0.0,0.0,"Tỉnh Lộ 331, Xã Đoan Hùng, Tỉnh Phú Thọ",0.0,2.0,1,0,0.0,0.0,479.0,0.0,5.0,1,Stopped,0,0,0,0,0,VALID,VALID
21C-04064,2026-08-15 09:34:00,478.9,0.0,0.0,"Tỉnh Lộ 331, Xã Đoan Hùng, Tỉnh Phú Thọ",0.0,2.0,1,0,-0.10000000000002274,-0.05000000000001137,479.0,0.04472136070749493,5.0,1,Stopped,0,0,0,0,0,VALID,VALID
21C-04064,2026-08-15 09:36:00,478.7,0.0,0.0,"Tỉnh Lộ 331, Xã Đoan Hùng, Tỉnh Phú Thọ",0.0,2.0,1,0,-0.19999999999998863,-0.09999999999999432,479.0,0.130384048500855,5.0,1,Stopped,0,0,0,0,0,VALID,VALID
21C-04064,2026-08-15 09:38:00,478.7,0.0,0.0,"Tỉnh Lộ 331, Xã Đoan Hùng, Tỉnh Phú Thọ",0.0,2.0,1,0,0.0,0.0,478.9,0.1516575092219865,5.0,1,Stopped,0,0,0,0,0,VALID,VALID
21C-04064,2026-08-15 09:40:00,480.6,2.0,0.016666666666666666,"Tỉnh Lộ 331, Xã Đoan Hùng, Tỉnh Phú Thọ",0.0,2.0,1,0,1.900000000000034,0.950000000000017,478.9,0.8043631021520946,5.0,1,Moving,0,0,0,0,0,VALID,VALID
21C-04064,2026-08-15 09:42:00,480.9,0.0,-0.016666666666666666,"Xã Đoan Hùng, Tỉnh Phú Thọ",0.0,2.0,1,0,0.2999999999999545,0.14999999999997726,478.9,1.0945318634485235,5.0,1,Stopped,0,0,0,0,0,VALID,VALID
21C-04064,2026-08-15 09:44:00,479.5,0.0,0.0,"Xã Đoan Hùng, Tỉnh Phú Thọ",0.0,2.0,1,0,-1.3999999999999773,-0.6999999999999886,479.5,1.035374328493906,5.0,1,Stopped,0,0,0,0,0,VALID,VALID
21C-04064,2026-08-15 09:46:00,480.7,38.0,0.31666666666666665,"Tỉnh Lộ 331, Xã Đoan Hùng, Tỉnh Phú Thọ",0.0,2.0,1,0,1.1999999999999886,0.5999999999999943,480.6,0.9444575163047817,5.0,1,Moving,0,0,0,0,0,VALID,VALID
21C-04064,2026-08-15 09:48:00,478.6,0.0,-0.31666666666666665,"Tỉnh Lộ 331, Xã Đoan Hùng, Tỉnh Phú Thọ",0.0,2.0,1,0,-2.099999999999966,-1.049999999999983,480.6,0.9813256340810411,5.0,1,Stopped,0,0,0,0,0,VALID,VALID
21C-04064,2026-08-15 09:50:00,478.3,35.0,0.2916666666666667,"Quốc Lộ 2, Xã Đoan Hùng, Tỉnh Phú Thọ",0.0,2.0,1,0,-0.30000000000001137,-0.15000000000000568,479.5,1.1832159566639104,5.0,1,Moving,0,0,0,0,0,VALID,VALID
21C-04064,2026-08-15 09:52:00,477.2,41.0,0.05,"Quốc Lộ 70, Xã Đoan Hùng, Tỉnh Phú Thọ",0.0,2.0,1,0,-1.1000000000000227,-0.5500000000000114,478.6,1.3164345787404004,5.0,1,Moving,0,0,0,0,0,VALID,VALID
21C-04064,2026-08-15 09:54:00,478.3,35.0,-0.05,"Quốc Lộ 70, Xã Đoan Hùng, Tỉnh Phú Thọ",0.0,2.0,1,0,1.1000000000000227,0.5500000000000114,478.3,1.2794530081652804,5.0,1,Moving,0,0,0,0,0,VALID,VALID
21C-04064,2026-08-15 09:56:00,475.7,45.0,0.08333333333333333,"Quốc Lộ 70, Xã Đoan Hùng, Tỉnh Phú Thọ",0.0,2.0,1,0,-2.6000000000000227,-1.3000000000000114,478.3,1.198749348321921,5.0,1,Moving,0,0,0,0,0,VALID,VALID
21C-04064,2026-08-15 09:58:00,475.7,36.0,-0.075,"Quốc Lộ 70, Xã Đoan Hùng, Tỉnh Phú Thọ",0.0,2.0,1,0,0.0,0.0,477.2,1.3030732903799491,5.0,1,Moving,0,0,0,0,0,VALID,VALID
21C-04064,2026-08-15 10:00:00,474.6,7.0,-0.24166666666666667,"Quốc Lộ 70, Xã Tây Cốc, Tỉnh Phú Thọ",0.0,2.0,1,0,-1.099999999999966,-0.549999999999983,475.7,1.4508618128894244,5.0,1,Moving,0,0,0,0,0,VALID,VALID
21C-04064,2026-08-15 10:02:00,473.7,34.0,0.225,"Quốc Lộ 70, Xã Tây Cốc, Tỉnh Phú Thọ",0.0,2.0,1,0,-0.9000000000000341,-0.45000000000001705,475.7,1.7262676501921879,5.0,1,Moving,0,0,0,0,0,VALID,VALID
21C-04064,2026-08-15 10:04:00,473.6,0.0,-0.2833333333333333,"Quốc Lộ 70, Xã Tây Cốc, Tỉnh Phú Thọ",0.0,2.0,1,0,-0.0999999999999659,-0.04999999999998295,474.6,1.0261578826374607,5.0,1,Stopped,0,0,0,0,0,VALID,VALID
21C-04064,2026-08-15 10:06:00,473.7,40.0,0.3333333333333333,"Quốc Lộ 70, Xã Bằng Luân, Tỉnh Phú Thọ",0.0,2.0,1,0,0.0999999999999659,0.04999999999998295,473.7,0.9016651263626546,5.0,1,Moving,0,0,0,0,0,VALID,VALID
21C-04064,2026-08-15 10:08:00,473.6,44.0,0.03333333333333333,"Quốc Lộ 70, Xã Tây Cốc, Tỉnh Phú Thọ",0.0,2.0,1,0,-0.0999999999999659,-0.04999999999998295,473.7,0.4277849928388991,5.0,1,Moving,0,0,0,0,0,VALID,VALID
21C-04064,2026-08-15 10:10:00,472.2,40.0,-0.03333333333333333,"Quốc Lộ 70, Xã Tây Cốc, Tỉnh Phú Thọ",0.0,2.0,1,0,-1.400000000000034,-0.700000000000017,473.6,0.6503845017354881,5.0,1,Moving,0,0,0,0,0,VALID,VALID
21C-04064,2026-08-15 10:12:00,472.2,49.0,0.075,"Quốc Lộ 70, Xã Tây Cốc, Tỉnh Phú Thọ",0.0,2.0,1,0,0.0,0.0,473.6,0.7861297603433142,5.0,1,Moving,0,0,0,0,0,VALID,VALID
21C-04064,2026-08-15 10:14:00,471.0,41.0,-0.06666666666666667,"Quốc Lộ 70, Xã Tây Cốc, Tỉnh Phú Thọ",0.0,2.0,1,0,-1.1999999999999886,-0.5999999999999943,472.2,1.1260550608637754,5.0,1,Moving,0,0,0,0,0,VALID,VALID
21C-04064,2026-08-15 10:16:00,470.8,40.0,-0.008333333333333333,"Quốc Lộ 70, Xã Bằng Luân, Tỉnh Phú Thọ",0.0,2.0,1,0,-0.19999999999998863,-0.09999999999999432,472.2,1.1260550608635393,5.0,1,Moving,0,0,0,0,0,VALID,VALID
21C-04064,2026-08-15 10:18:00,470.5,41.0,0.008333333333333333,"Quốc Lộ 70, Xã Bằng Luân, Tỉnh Phú Thọ",0.0,2.0,1,0,-0.30000000000001137,-0.15000000000000568,471.0,0.8049844719594361,5.0,1,Moving,0,0,0,0,0,VALID,VALID
21C-04064,2026-08-15 10:20:00,470.4,44.0,0.025,"Quốc Lộ 70, Xã Bằng Luân, Tỉnh Phú Thọ",0.0,2.0,1,0,-0.10000000000002274,-0.05000000000001137,470.8,0.7224956747936241,5.0,1,Moving,0,0,0,0,0,VALID,VALID
21C-04064,2026-08-15 10:22:00,469.8,22.0,-0.18333333333333332,"Quốc Lộ 70, Xã Bằng Luân, Tỉnh Phú Thọ",0.0,2.0,1,0,-0.5999999999999659,-0.29999999999998295,470.5,0.4582575695992654,5.0,1,Moving,0,0,0,0,0,VALID,VALID
21C-04064,2026-08-15 10:24:00,470.1,39.0,0.14166666666666666,"Quốc Lộ 70, Xã Bằng Luân, Tỉnh Phú Thọ",0.0,2.0,1,0,0.30000000000001137,0.15000000000000568,470.4,0.3834057903772981,5.0,1,Moving,0,0,0,0,0,VALID,VALID
21C-04064,2026-08-15 10:26:00,466.7,18.0,-0.175,"Quốc Lộ 70, Xã Bằng Luân, Tỉnh Phú Thọ",0.0,2.0,1,0,-3.400000000000034,-1.700000000000017,470.1,1.589024858236654,5.0,1,Moving,0,0,0,0,0,VALID,VALID
21C-04064,2026-08-15 10:28:00,468.4,40.0,0.18333333333333332,"Quốc Lộ 70, Xã Đan Thượng, Tỉnh Phú Thọ",0.0,2.0,1,0,1.6999999999999886,0.8499999999999943,469.8,1.5352524222725068,5.0,1,Moving,0,0,0,0,0,VALID,VALID
21C-04064,2026-08-15 10:30:00,467.2,0.0,-0.3333333333333333,"Quốc Lộ 70, Xã Đan Thượng, Tỉnh Phú Thọ",0.0,2.0,1,0,-1.1999999999999886,-0.5999999999999943,468.4,1.5142654985480488,5.0,1,Stopped,0,0,0,0,0,VALID,VALID
21C-04064,2026-08-15 10:32:00,467.5,34.0,0.2833333333333333,"Quốc Lộ 70, Xã Đan Thượng, Tỉnh Phú Thọ",0.0,2.0,1,0,0.30000000000001137,0.15000000000000568,467.5,1.3367871932706832,5.0,1,Moving,0,0,0,0,0,VALID,VALID
21C-04064,2026-08-15 10:34:00,467.5,28.0,-0.05,"Quốc Lộ 70, Xã Đan Thượng, Tỉnh Phú Thọ",0.0,2.0,1,0,0.0,0.0,467.5,0.6188699379449564,5.0,1,Moving,0,0,0,0,0,VALID,VALID
21C-04064,2026-08-15 10:36:00,463.4,22.0,-0.05,"Quốc Lộ 70, Xã Yên Bình, Tỉnh Lào Cai",0.0,2.0,1,0,-4.100000000000023,-2.0500000000000114,467.5,1.9532024984858567,5.0,1,Moving,0,0,0,0,0,VALID,VALID
21C-04064,2026-08-15 10:38:00,463.6,33.0,0.09166666666666666,"Quốc Lộ 70, Xã Yên Bình, Tỉnh Lào Cai",0.0,2.0,1,0,0.20000000000004547,0.10000000000002274,467.2,2.1407942451553996,5.0,1,Moving,0,0,0,0,0,VALID,VALID
21C-04064,2026-08-15 10:40:00,461.0,5.0,-0.23333333333333334,"Quốc Lộ 70, Xã Yên Bình, Tỉnh Lào Cai",0.0,2.0,1,0,-2.6000000000000227,-1.3000000000000114,463.6,2.838133189279415,5.0,1,Moving,0,0,0,0,0,VALID,VALID
21C-04064,2026-08-15 10:42:00,462.8,0.0,-0.041666666666666664,"Xã Yên Bình, Tỉnh Lào Cai",0.0,2.0,1,0,1.8000000000000114,0.9000000000000057,463.4,2.3786550822026444,5.0,1,Stopped,0,0,0,0,0,VALID,VALID
21C-04064,2026-08-15 10:45:00,461.7,0.0,0.0,"Xã Yên Bình, Tỉnh Lào Cai",0.0,3.0,1,0,-1.1000000000000227,-0.36666666666667425,462.8,1.1180339887889756,5.0,1,Stopped,0,0,0,0,0,VALID,VALID
21C-04064,2026-08-15 10:47:00,461.4,0.0,0.0,"Xã Yên Bình, Tỉnh Lào Cai",0.0,2.0,1,0,-0.30000000000001137,-0.15000000000000568,461.7,1.0723805295169355,5.0,1,Stopped,0,0,0,0,0,VALID,VALID
21C-04064,2026-08-15 10:49:00,461.3,0.0,0.0,"Xã Yên Bình, Tỉnh Lào Cai",0.0,2.0,1,0,-0.0999999999999659,-0.04999999999998295,461.4,0.6949820142180351,5.0,1,Stopped,0,0,0,0,0,VALID,VALID
21C-04064,2026-08-15 10:51:00,461.1,0.0,0.0,"Xã Yên Bình, Tỉnh Lào Cai",0.0,2.0,1,0,-0.19999999999998863,-0.09999999999999432,461.4,0.6730527468828703,5.0,1,Stopped,0,0,0,0,0,VALID,VALID
21C-04064,2026-08-15 10:53:00,461.0,0.0,0.0,"Xã Yên Bình, Tỉnh Lào Cai",0.0,2.0,1,0,-0.10000000000002274,-0.05000000000001137,461.3,0.2738612789100295,5.0,1,Stopped,0,0,0,0,0,VALID,VALID
21C-04064,2026-08-15 10:56:00,461.0,0.0,0.0,"Xã Yên Bình, Tỉnh Lào Cai",0.0,3.0,1,0,0.0,0.0,461.1,0.18165902148285198,5.0,1,Stopped,0,0,0,0,0,VALID,VALID
21C-04064,2026-08-15 10:58:00,461.0,0.0,0.0,"Xã Yên Bình, Tỉnh Lào Cai",0.0,2.0,1,0,0.0,0.0,461.0,0.1303840484339971,5.0,1,Stopped,0,0,0,0,0,VALID,VALID
21C-04064,2026-08-15 11:00:00,460.8,0.0,0.0,"Xã Yên Bình, Tỉnh Lào Cai",0.0,2.0,1,0,-0.19999999999998863,-0.09999999999999432,461.0,0.10954451189330615,5.0,1,Stopped,0,0,0,0,0,VALID,VALID
21C-04064,2026-08-15 11:02:00,460.8,0.0,0.0,"Xã Yên Bình, Tỉnh Lào Cai",0.0,2.0,1,0,0.0,0.0,461.0,0.10954451189303761,5.0,1,Stopped,0,0,0,0,0,VALID,VALID
21C-04064,2026-08-15 11:04:00,460.8,0.0,0.0,"Xã Yên Bình, Tỉnh Lào Cai",0.0,2.0,1,0,0.0,0.0,460.8,0.10954451189285859,5.0,1,Stopped,0,0,0,0,0,VALID,VALID
21C-04064,2026-08-15 11:06:00,460.8,0.0,0.0,"Xã Yên Bình, Tỉnh Lào Cai",0.0,2.0,1,0,0.0,0.0,460.8,0.089442719579657,5.0,1,Stopped,0,0,0,0,0,VALID,VALID
21C-04064,2026-08-15 11:09:00,460.8,0.0,0.0,"Xã Yên Bình, Tỉnh Lào Cai",0.0,3.0,1,0,0.0,0.0,460.8,0.0,5.0,1,Stopped,0,0,0,0,0,VALID,VALID
21C-04064,2026-08-15 11:11:00,460.8,0.0,0.0,"Xã Yên Bình, Tỉnh Lào Cai",0.0,2.0,1,0,0.0,0.0,460.8,0.0,5.0,1,Stopped,0,0,0,0,0,VALID,VALID
21C-04064,2026-08-15 11:13:00,460.8,0.0,0.0,"Xã Yên Bình, Tỉnh Lào Cai",0.0,2.0,1,0,0.0,0.0,460.8,0.0,5.0,1,Stopped,0,0,0,0,0,VALID,VALID
21C-04064,2026-08-15 11:15:00,460.8,0.0,0.0,"Xã Yên Bình, Tỉnh Lào Cai",0.0,2.0,1,0,0.0,0.0,460.8,0.0,5.0,1,Stopped,0,0,0,0,0,VALID,VALID
21C-04064,2026-08-15 11:17:00,460.8,0.0,0.0,"Xã Yên Bình, Tỉnh Lào Cai",0.0,2.0,1,0,0.0,0.0,460.8,0.0,5.0,1,Stopped,0,0,0,0,0,VALID,VALID
21C-04064,2026-08-15 11:20:00,460.8,0.0,0.0,"Xã Yên Bình, Tỉnh Lào Cai",0.0,3.0,1,0,0.0,0.0,460.8,0.0,5.0,1,Stopped,0,0,0,0,0,VALID,VALID
21C-04064,2026-08-15 11:22:00,460.8,0.0,0.0,"Xã Yên Bình, Tỉnh Lào Cai",0.0,2.0,1,0,0.0,0.0,460.8,0.0,5.0,1,Stopped,0,0,0,0,0,VALID,VALID
21C-04064,2026-08-15 11:24:00,460.8,0.0,0.0,"Xã Yên Bình, Tỉnh Lào Cai",0.0,2.0,1,0,0.0,0.0,460.8,0.0,5.0,1,Stopped,0,0,0,0,0,VALID,VALID
21C-04064,2026-08-15 11:26:00,460.8,0.0,0.0,"Xã Yên Bình, Tỉnh Lào Cai",0.0,2.0,1,0,0.0,0.0,460.8,0.0,5.0,1,Stopped,0,0,0,0,0,VALID,VALID
21C-04064,2026-08-15 11:28:00,460.8,0.0,0.0,"Xã Yên Bình, Tỉnh Lào Cai",0.0,2.0,1,0,0.0,0.0,460.8,0.0,5.0,1,Stopped,0,0,0,0,0,VALID,VALID
21C-04064,2026-08-15 11:30:00,460.8,0.0,0.0,"Xã Yên Bình, Tỉnh Lào Cai",0.0,2.0,1,0,0.0,0.0,460.8,0.0,5.0,1,Stopped,0,0,0,0,0,VALID,VALID
21C-04064,2026-08-15 11:33:00,460.8,0.0,0.0,"Xã Yên Bình, Tỉnh Lào Cai",0.0,3.0,1,0,0.0,0.0,460.8,0.0,5.0,1,Stopped,0,0,0,0,0,VALID,VALID
21C-04064,2026-08-15 11:35:00,460.8,0.0,0.0,"Xã Yên Bình, Tỉnh Lào Cai",0.0,2.0,1,0,0.0,0.0,460.8,0.0,5.0,1,Stopped,0,0,0,0,0,VALID,VALID
21C-04064,2026-08-15 11:37:00,460.8,0.0,0.0,"Xã Yên Bình, Tỉnh Lào Cai",0.0,2.0,1,0,0.0,0.0,460.8,0.0,5.0,1,Stopped,0,0,0,0,0,VALID,VALID
21C-04064,2026-08-15 11:39:00,460.8,0.0,0.0,"Xã Yên Bình, Tỉnh Lào Cai",0.0,2.0,1,0,0.0,0.0,460.8,0.0,5.0,1,Stopped,0,0,0,0,0,VALID,VALID
21C-04064,2026-08-15 11:41:00,460.8,0.0,0.0,"Xã Yên Bình, Tỉnh Lào Cai",0.0,2.0,1,0,0.0,0.0,460.8,0.0,5.0,1,Stopped,0,0,0,0,0,VALID,VALID
21C-04064,2026-08-15 11:44:00,460.8,0.0,0.0,"Xã Yên Bình, Tỉnh Lào Cai",0.0,3.0,1,0,0.0,0.0,460.8,0.0,5.0,1,Stopped,0,0,0,0,0,VALID,VALID
21C-04064,2026-08-15 11:46:00,460.8,0.0,0.0,"Xã Yên Bình, Tỉnh Lào Cai",0.0,2.0,1,0,0.0,0.0,460.8,0.0,5.0,1,Stopped,0,0,0,0,0,VALID,VALID
21C-04064,2026-08-15 11:48:00,460.8,0.0,0.0,"Xã Yên Bình, Tỉnh Lào Cai",0.0,2.0,1,0,0.0,0.0,460.8,0.0,5.0,1,Stopped,0,0,0,0,0,VALID,VALID
21C-04064,2026-08-15 11:50:00,460.8,0.0,0.0,"Xã Yên Bình, Tỉnh Lào Cai",0.0,2.0,1,0,0.0,0.0,460.8,0.0,5.0,1,Stopped,0,0,0,0,0,VALID,VALID
21C-04064,2026-08-15 11:52:00,460.8,0.0,0.0,"Xã Yên Bình, Tỉnh Lào Cai",0.0,2.0,1,0,0.0,0.0,460.8,0.0,5.0,1,Stopped,0,0,0,0,0,VALID,VALID
21C-04064,2026-08-15 11:54:00,460.8,0.0,0.0,"Xã Yên Bình, Tỉnh Lào Cai",0.0,2.0,1,0,0.0,0.0,460.8,0.0,5.0,1,Stopped,0,0,0,0,0,VALID,VALID
21C-04064,2026-08-15 11:57:00,460.8,0.0,0.0,"Xã Yên Bình, Tỉnh Lào Cai",0.0,3.0,1,0,0.0,0.0,460.8,0.0,5.0,1,Stopped,0,0,0,0,0,VALID,VALID
21C-04064,2026-08-15 11:59:00,460.8,0.0,0.0,"Xã Yên Bình, Tỉnh Lào Cai",0.0,2.0,1,0,0.0,0.0,460.8,0.0,5.0,1,Stopped,0,0,0,0,0,VALID,VALID
21C-04064,2026-08-15 12:01:00,460.8,0.0,0.0,"Xã Yên Bình, Tỉnh Lào Cai",0.0,2.0,1,0,0.0,0.0,460.8,0.0,5.0,1,Stopped,0,0,0,0,0,VALID,VALID
21C-04064,2026-08-15 12:03:00,460.8,0.0,0.0,"Xã Yên Bình, Tỉnh Lào Cai",0.0,2.0,1,0,0.0,0.0,460.8,0.0,5.0,1,Stopped,0,0,0,0,0,VALID,VALID
21C-04064,2026-08-15 12:06:00,460.8,0.0,0.0,"Xã Yên Bình, Tỉnh Lào Cai",0.0,3.0,1,0,0.0,0.0,460.8,0.0,5.0,1,Stopped,0,0,0,0,0,VALID,VALID
21C-04064,2026-08-15 12:08:00,460.8,0.0,0.0,"Xã Yên Bình, Tỉnh Lào Cai",0.0,2.0,1,0,0.0,0.0,460.8,0.0,5.0,1,Stopped,0,0,0,0,0,VALID,VALID
21C-04064,2026-08-15 12:10:00,460.8,0.0,0.0,"Xã Yên Bình, Tỉnh Lào Cai",0.0,2.0,1,0,0.0,0.0,460.8,0.0,5.0,1,Stopped,0,0,0,0,0,VALID,VALID
21C-04064,2026-08-15 12:12:00,460.7,0.0,0.0,"Xã Yên Bình, Tỉnh Lào Cai",0.0,2.0,1,0,-0.10000000000002274,-0.05000000000001137,460.8,0.04472136050875593,5.0,1,Stopped,0,0,0,0,0,VALID,VALID
21C-04064,2026-08-15 12:14:00,460.7,0.0,0.0,"Xã Yên Bình, Tỉnh Lào Cai",0.0,2.0,1,0,0.0,0.0,460.8,0.05477225653320893,5.0,1,Stopped,0,0,0,0,0,VALID,VALID
21C-04064,2026-08-15 12:16:00,460.7,0.0,0.0,"Xã Yên Bình, Tỉnh Lào Cai",0.0,2.0,1,0,0.0,0.0,460.7,0.0547722565330818,5.0,1,Stopped,0,0,0,0,0,VALID,VALID
21C-04064,2026-08-15 12:19:00,460.7,0.0,0.0,"Xã Yên Bình, Tỉnh Lào Cai",0.0,3.0,1,0,0.0,0.0,460.7,0.04472136050828882,5.0,1,Stopped,0,0,0,0,0,VALID,VALID
21C-04064,2026-08-15 12:21:00,460.7,0.0,0.0,"Xã Yên Bình, Tỉnh Lào Cai",0.0,2.0,1,0,0.0,0.0,460.7,0.0,5.0,1,Stopped,0,0,0,0,0,VALID,VALID
21C-04064,2026-08-15 12:23:00,460.7,0.0,0.0,"Xã Yên Bình, Tỉnh Lào Cai",0.0,2.0,1,0,0.0,0.0,460.7,0.0,5.0,1,Stopped,0,0,0,0,0,VALID,VALID
21C-04064,2026-08-15 12:25:00,460.7,0.0,0.0,"Xã Yên Bình, Tỉnh Lào Cai",0.0,2.0,1,0,0.0,0.0,460.7,0.0,5.0,1,Stopped,0,0,0,0,0,VALID,VALID
21C-04064,2026-08-15 12:27:00,460.7,0.0,0.0,"Xã Yên Bình, Tỉnh Lào Cai",0.0,2.0,1,0,0.0,0.0,460.7,0.0,5.0,1,Stopped,0,0,0,0,0,VALID,VALID
21C-04064,2026-08-15 12:30:00,460.7,0.0,0.0,"Xã Yên Bình, Tỉnh Lào Cai",0.0,3.0,1,0,0.0,0.0,460.7,0.0,5.0,1,Stopped,0,0,0,0,0,VALID,VALID
21C-04064,2026-08-15 12:32:00,460.7,0.0,0.0,"Xã Yên Bình, Tỉnh Lào Cai",0.0,2.0,1,0,0.0,0.0,460.7,0.0,5.0,1,Stopped,0,0,0,0,0,VALID,VALID
21C-04064,2026-08-15 12:34:00,460.7,0.0,0.0,"Xã Yên Bình, Tỉnh Lào Cai",0.0,2.0,1,0,0.0,0.0,460.7,0.0,5.0,1,Stopped,0,0,0,0,0,VALID,VALID
21C-04064,2026-08-15 12:36:00,460.7,0.0,0.0,"Xã Yên Bình, Tỉnh Lào Cai",0.0,2.0,1,0,0.0,0.0,460.7,0.0,5.0,1,Stopped,0,0,0,0,0,VALID,VALID
21C-04064,2026-08-15 12:38:00,460.7,0.0,0.0,"Xã Yên Bình, Tỉnh Lào Cai",0.0,2.0,1,0,0.0,0.0,460.7,0.0,5.0,1,Stopped,0,0,0,0,0,VALID,VALID
21C-04064,2026-08-15 12:40:00,460.7,0.0,0.0,"Xã Yên Bình, Tỉnh Lào Cai",0.0,2.0,1,0,0.0,0.0,460.7,0.0,5.0,1,Stopped,0,0,0,0,0,VALID,VALID
21C-04064,2026-08-15 12:43:00,460.7,0.0,0.0,"Xã Yên Bình, Tỉnh Lào Cai",0.0,3.0,1,0,0.0,0.0,460.7,0.0,5.0,1,Stopped,0,0,0,0,0,VALID,VALID
21C-04064,2026-08-15 12:45:00,460.7,0.0,0.0,"Xã Yên Bình, Tỉnh Lào Cai",0.0,2.0,1,0,0.0,0.0,460.7,0.0,5.0,1,Stopped,0,0,0,0,0,VALID,VALID
21C-04064,2026-08-15 12:47:00,460.7,0.0,0.0,"Xã Yên Bình, Tỉnh Lào Cai",0.0,2.0,1,0,0.0,0.0,460.7,0.0,5.0,1,Stopped,0,0,0,0,0,VALID,VALID
21C-04064,2026-08-15 12:49:00,460.7,0.0,0.0,"Xã Yên Bình, Tỉnh Lào Cai",0.0,2.0,1,0,0.0,0.0,460.7,0.0,5.0,1,Stopped,0,0,0,0,0,VALID,VALID
21C-04064,2026-08-15 12:51:00,460.7,0.0,0.0,"Xã Yên Bình, Tỉnh Lào Cai",0.0,2.0,1,0,0.0,0.0,460.7,0.0,5.0,1,Stopped,0,0,0,0,0,VALID,VALID
21C-04064,2026-08-15 12:54:00,460.7,0.0,0.0,"Xã Yên Bình, Tỉnh Lào Cai",0.0,3.0,1,0,0.0,0.0,460.7,0.0,5.0,1,Stopped,0,0,0,0,0,VALID,VALID
21C-04064,2026-08-15 12:56:00,460.7,0.0,0.0,"Xã Yên Bình, Tỉnh Lào Cai",0.0,2.0,1,0,0.0,0.0,460.7,0.0,5.0,1,Stopped,0,0,0,0,0,VALID,VALID
21C-04064,2026-08-15 12:58:00,460.7,0.0,0.0,"Xã Yên Bình, Tỉnh Lào Cai",0.0,2.0,1,0,0.0,0.0,460.7,0.0,5.0,1,Stopped,0,0,0,0,0,VALID,VALID
21C-04064,2026-08-15 13:00:00,460.7,0.0,0.0,"Xã Yên Bình, Tỉnh Lào Cai",0.0,2.0,1,0,0.0,0.0,460.7,0.0,5.0,1,Stopped,0,0,0,0,0,VALID,VALID
21C-04064,2026-08-15 13:02:00,460.7,0.0,0.0,"Xã Yên Bình, Tỉnh Lào Cai",0.0,2.0,1,0,0.0,0.0,460.7,0.0,5.0,1,Stopped,0,0,0,0,0,VALID,VALID
21C-04064,2026-08-15 13:04:00,460.7,0.0,0.0,"Xã Yên Bình, Tỉnh Lào Cai",0.0,2.0,1,0,0.0,0.0,460.7,0.0,5.0,1,Stopped,0,0,0,0,0,VALID,VALID
21C-04064,2026-08-15 13:07:00,460.7,0.0,0.0,"Xã Yên Bình, Tỉnh Lào Cai",0.0,3.0,1,0,0.0,0.0,460.7,0.0,5.0,1,Stopped,0,0,0,0,0,VALID,VALID
21C-04064,2026-08-15 13:09:00,460.7,0.0,0.0,"Xã Yên Bình, Tỉnh Lào Cai",0.0,2.0,1,0,0.0,0.0,460.7,0.0,5.0,1,Stopped,0,0,0,0,0,VALID,VALID
21C-04064,2026-08-15 13:11:00,460.7,0.0,0.0,"Xã Yên Bình, Tỉnh Lào Cai",0.0,2.0,1,0,0.0,0.0,460.7,0.0,5.0,1,Stopped,0,0,0,0,0,VALID,VALID
21C-04064,2026-08-15 13:13:00,460.7,0.0,0.0,"Xã Yên Bình, Tỉnh Lào Cai",0.0,2.0,1,0,0.0,0.0,460.7,0.0,5.0,1,Stopped,0,0,0,0,0,VALID,VALID
21C-04064,2026-08-15 13:15:00,460.7,0.0,0.0,"Xã Yên Bình, Tỉnh Lào Cai",0.0,2.0,1,0,0.0,0.0,460.7,0.0,5.0,1,Stopped,0,0,0,0,0,VALID,VALID
21C-04064,2026-08-15 13:18:00,460.7,0.0,0.0,"Xã Yên Bình, Tỉnh Lào Cai",0.0,3.0,1,0,0.0,0.0,460.7,0.0,5.0,1,Stopped,0,0,0,0,0,VALID,VALID
21C-04064,2026-08-15 13:20:00,460.7,0.0,0.0,"Xã Yên Bình, Tỉnh Lào Cai",0.0,2.0,1,0,0.0,0.0,460.7,0.0,5.0,1,Stopped,0,0,0,0,0,VALID,VALID
21C-04064,2026-08-15 13:22:00,460.7,0.0,0.0,"Xã Yên Bình, Tỉnh Lào Cai",0.0,2.0,1,0,0.0,0.0,460.7,0.0,5.0,1,Stopped,0,0,0,0,0,VALID,VALID
21C-04064,2026-08-15 13:24:00,460.7,0.0,0.0,"Xã Yên Bình, Tỉnh Lào Cai",0.0,2.0,1,0,0.0,0.0,460.7,0.0,5.0,1,Stopped,0,0,0,0,0,VALID,VALID
21C-04064,2026-08-15 13:26:00,460.7,0.0,0.0,"Xã Yên Bình, Tỉnh Lào Cai",0.0,2.0,1,0,0.0,0.0,460.7,0.0,5.0,1,Stopped,0,0,0,0,0,VALID,VALID
21C-04064,2026-08-15 13:28:00,460.7,0.0,0.0,"Xã Yên Bình, Tỉnh Lào Cai",0.0,2.0,1,0,0.0,0.0,460.7,0.0,5.0,1,Stopped,0,0,0,0,0,VALID,VALID
21C-04064,2026-08-15 13:31:00,460.7,0.0,0.0,"Xã Yên Bình, Tỉnh Lào Cai",0.0,3.0,1,0,0.0,0.0,460.7,0.0,5.0,1,Stopped,0,0,0,0,0,VALID,VALID
21C-04064,2026-08-15 13:33:00,460.7,0.0,0.0,"Xã Yên Bình, Tỉnh Lào Cai",0.0,2.0,1,0,0.0,0.0,460.7,0.0,5.0,1,Stopped,0,0,0,0,0,VALID,VALID
21C-04064,2026-08-15 13:35:00,460.7,0.0,0.0,"Xã Yên Bình, Tỉnh Lào Cai",0.0,2.0,1,0,0.0,0.0,460.7,0.0,5.0,1,Stopped,0,0,0,0,0,VALID,VALID
21C-04064,2026-08-15 13:37:00,460.7,0.0,0.0,"Xã Yên Bình, Tỉnh Lào Cai",0.0,2.0,1,0,0.0,0.0,460.7,0.0,5.0,1,Stopped,0,0,0,0,0,VALID,VALID
21C-04064,2026-08-15 13:39:00,460.7,0.0,0.0,"Xã Yên Bình, Tỉnh Lào Cai",0.0,2.0,1,0,0.0,0.0,460.7,0.0,5.0,1,Stopped,0,0,0,0,0,VALID,VALID
21C-04064,2026-08-15 13:42:00,460.7,0.0,0.0,"Xã Yên Bình, Tỉnh Lào Cai",0.0,3.0,1,0,0.0,0.0,460.7,0.0,5.0,1,Stopped,0,0,0,0,0,VALID,VALID
21C-04064,2026-08-15 13:44:00,460.7,0.0,0.0,"Xã Yên Bình, Tỉnh Lào Cai",0.0,2.0,1,0,0.0,0.0,460.7,0.0,5.0,1,Stopped,0,0,0,0,0,VALID,VALID
21C-04064,2026-08-15 13:46:00,460.7,0.0,0.0,"Xã Yên Bình, Tỉnh Lào Cai",0.0,2.0,1,0,0.0,0.0,460.7,0.0,5.0,1,Stopped,0,0,0,0,0,VALID,VALID
21C-04064,2026-08-15 13:48:00,460.7,0.0,0.0,"Xã Yên Bình, Tỉnh Lào Cai",0.0,2.0,1,0,0.0,0.0,460.7,0.0,5.0,1,Stopped,0,0,0,0,0,VALID,VALID
21C-04064,2026-08-15 13:50:00,460.7,0.0,0.0,"Xã Yên Bình, Tỉnh Lào Cai",0.0,2.0,1,0,0.0,0.0,460.7,0.0,5.0,1,Stopped,0,0,0,0,0,VALID,VALID
21C-04064,2026-08-15 13:52:00,460.7,0.0,0.0,"Xã Yên Bình, Tỉnh Lào Cai",0.0,2.0,1,0,0.0,0.0,460.7,0.0,5.0,1,Stopped,0,0,0,0,0,VALID,VALID
21C-04064,2026-08-15 13:55:00,460.7,0.0,0.0,"Xã Yên Bình, Tỉnh Lào Cai",0.0,3.0,1,0,0.0,0.0,460.7,0.0,5.0,1,Stopped,0,0,0,0,0,VALID,VALID
21C-04064,2026-08-15 13:57:00,460.7,0.0,0.0,"Xã Yên Bình, Tỉnh Lào Cai",0.0,2.0,1,0,0.0,0.0,460.7,0.0,5.0,1,Stopped,0,0,0,0,0,VALID,VALID
21C-04064,2026-08-15 13:59:00,460.5,0.0,0.0,"Xã Yên Bình, Tỉnh Lào Cai",0.0,2.0,1,0,-0.19999999999998863,-0.09999999999999432,460.7,0.08944271957892774,5.0,1,Stopped,0,0,0,0,0,VALID,VALID
21C-04064,2026-08-15 14:01:00,460.5,0.0,0.0,"Xã Yên Bình, Tỉnh Lào Cai",0.0,2.0,1,0,0.0,0.0,460.7,0.10954451189197516,5.0,1,Stopped,0,0,0,0,0,VALID,VALID
21C-04064,2026-08-15 14:03:00,460.5,0.0,0.0,"Xã Yên Bình, Tỉnh Lào Cai",0.0,2.0,1,0,0.0,0.0,460.5,0.10954451189188304,5.0,1,Stopped,0,0,0,0,0,VALID,VALID
21C-04064,2026-08-15 14:06:00,460.5,0.0,0.0,"Xã Yên Bình, Tỉnh Lào Cai",0.0,3.0,1,0,0.0,0.0,460.5,0.08944271957858932,5.0,1,Stopped,0,0,0,0,0,VALID,VALID
21C-04064,2026-08-15 14:08:00,460.5,0.0,0.0,"Xã Yên Bình, Tỉnh Lào Cai",0.0,2.0,1,0,0.0,0.0,460.5,0.0,5.0,1,Stopped,0,0,0,0,0,VALID,VALID
21C-04064,2026-08-15 14:10:00,460.5,0.0,0.0,"Xã Yên Bình, Tỉnh Lào Cai",0.0,2.0,1,0,0.0,0.0,460.5,0.0,5.0,1,Stopped,0,0,0,0,0,VALID,VALID
21C-04064,2026-08-15 14:12:00,460.5,0.0,0.0,"Xã Yên Bình, Tỉnh Lào Cai",0.0,2.0,1,0,0.0,0.0,460.5,0.0,5.0,1,Stopped,0,0,0,0,0,VALID,VALID
21C-04064,2026-08-15 14:14:00,460.5,0.0,0.0,"Xã Yên Bình, Tỉnh Lào Cai",0.0,2.0,1,0,0.0,0.0,460.5,0.0,5.0,1,Stopped,0,0,0,0,0,VALID,VALID
21C-04064,2026-08-15 14:16:00,460.5,0.0,0.0,"Xã Yên Bình, Tỉnh Lào Cai",0.0,2.0,1,0,0.0,0.0,460.5,0.0,5.0,1,Stopped,0,0,0,0,0,VALID,VALID
21C-04064,2026-08-15 14:18:00,460.5,0.0,0.0,"Xã Yên Bình, Tỉnh Lào Cai",0.0,2.0,1,0,0.0,0.0,460.5,0.0,5.0,1,Stopped,0,0,0,0,0,VALID,VALID
21C-04064,2026-08-15 14:20:00,460.5,0.0,0.0,"Xã Yên Bình, Tỉnh Lào Cai",0.0,2.0,1,0,0.0,0.0,460.5,0.0,5.0,1,Stopped,0,0,0,0,0,VALID,VALID
21C-04064,2026-08-15 14:22:00,460.5,0.0,0.0,"Xã Yên Bình, Tỉnh Lào Cai",0.0,2.0,1,0,0.0,0.0,460.5,0.0,5.0,1,Stopped,0,0,0,0,0,VALID,VALID
21C-04064,2026-08-15 14:24:00,460.5,0.0,0.0,"Xã Yên Bình, Tỉnh Lào Cai",0.0,2.0,1,0,0.0,0.0,460.5,0.0,5.0,1,Stopped,0,0,0,0,0,VALID,VALID
21C-04064,2026-08-15 14:26:00,460.5,0.0,0.0,"Xã Yên Bình, Tỉnh Lào Cai",0.0,2.0,1,0,0.0,0.0,460.5,0.0,5.0,1,Stopped,0,0,0,0,0,VALID,VALID
21C-04064,2026-08-15 14:28:00,460.5,0.0,0.0,"Xã Yên Bình, Tỉnh Lào Cai",0.0,2.0,1,0,0.0,0.0,460.5,0.0,5.0,1,Stopped,0,0,0,0,0,VALID,VALID
21C-04064,2026-08-15 14:31:00,460.5,0.0,0.0,"Xã Yên Bình, Tỉnh Lào Cai",0.0,3.0,1,0,0.0,0.0,460.5,0.0,5.0,1,Stopped,0,0,0,0,0,VALID,VALID
21C-04064,2026-08-15 14:33:00,460.4,0.0,0.0,"Xã Yên Bình, Tỉnh Lào Cai",0.0,2.0,1,0,-0.10000000000002274,-0.05000000000001137,460.5,0.04472136050700185,5.0,1,Stopped,0,0,0,0,0,VALID,VALID
21C-04064,2026-08-15 14:35:00,460.4,0.0,0.0,"Xã Yên Bình, Tỉnh Lào Cai",0.0,2.0,1,0,0.0,0.0,460.5,0.05477225653188051,5.0,1,Stopped,0,0,0,0,0,VALID,VALID
21C-04064,2026-08-15 14:37:00,460.4,0.0,0.0,"Xã Yên Bình, Tỉnh Lào Cai",0.0,2.0,1,0,0.0,0.0,460.4,0.05477225653185716,5.0,1,Stopped,0,0,0,0,0,VALID,VALID
21C-04064,2026-08-15 14:39:00,460.4,0.0,0.0,"Xã Yên Bình, Tỉnh Lào Cai",0.0,2.0,1,0,0.0,0.0,460.4,0.04472136050691606,5.0,1,Stopped,0,0,0,0,0,VALID,VALID
21C-04064,2026-08-15 14:42:00,460.4,0.0,0.0,"Xã Yên Bình, Tỉnh Lào Cai",0.0,3.0,1,0,0.0,0.0,460.4,0.0,5.0,1,Stopped,0,0,0,0,0,VALID,VALID
21C-04064,2026-08-15 14:44:00,460.4,0.0,0.0,"Xã Yên Bình, Tỉnh Lào Cai",0.0,2.0,1,0,0.0,0.0,460.4,0.0,5.0,1,Stopped,0,0,0,0,0,VALID,VALID
21C-04064,2026-08-15 14:46:00,460.4,0.0,0.0,"Xã Yên Bình, Tỉnh Lào Cai",0.0,2.0,1,0,0.0,0.0,460.4,0.0,5.0,1,Stopped,0,0,0,0,0,VALID,VALID
21C-04064,2026-08-15 14:48:00,460.4,0.0,0.0,"Xã Yên Bình, Tỉnh Lào Cai",0.0,2.0,1,0,0.0,0.0,460.4,0.0,5.0,1,Stopped,0,0,0,0,0,VALID,VALID
21C-04064,2026-08-15 14:50:00,461.4,0.0,0.0,"Xã Yên Bình, Tỉnh Lào Cai",0.0,2.0,1,0,1.0,0.5,460.4,0.4472135955956515,5.0,1,Stopped,0,0,0,0,0,VALID,VALID
21C-04064,2026-08-15 14:52:00,461.7,0.0,0.0,"Xã Yên Bình, Tỉnh Lào Cai",0.0,2.0,1,0,0.30000000000001137,0.15000000000000568,460.4,0.6387487769738603,5.0,1,Stopped,0,0,0,0,0,VALID,VALID
21C-04064,2026-08-15 14:54:00,461.9,0.0,0.0,"Xã Yên Bình, Tỉnh Lào Cai",0.0,2.0,1,0,0.19999999999998863,0.09999999999999432,461.4,0.7162401832385633,5.0,1,Stopped,0,0,0,0,0,VALID,VALID
21C-04064,2026-08-15 14:56:00,462.0,0.0,0.0,"Xã Yên Bình, Tỉnh Lào Cai",0.0,2.0,1,0,0.10000000000002274,0.05000000000001137,461.7,0.6457553717048166,5.0,1,Stopped,0,0,0,0,0,VALID,VALID
21C-04064,2026-08-15 14:59:00,462.2,0.0,0.0,"Xã Yên Bình, Tỉnh Lào Cai",0.0,3.0,1,0,0.19999999999998863,0.06666666666666288,461.9,0.30495901377996026,5.0,1,Stopped,0,0,0,0,0,VALID,VALID
21C-04064,2026-08-15 15:00:00,462.2,0.0,0.0,"Xã Yên Bình, Tỉnh Lào Cai",0.0,1.0,1,0,0.0,0.0,462.0,0.21213203455782995,5.0,1,Stopped,0,0,0,0,0,VALID,VALID
21C-04064,2026-08-15 15:03:00,460.1,0.0,0.0,"Xã Yên Bình, Tỉnh Lào Cai",0.0,3.0,1,0,-2.099999999999966,-0.6999999999999886,462.0,0.8927485648745799,5.0,1,Stopped,0,0,0,0,0,VALID,VALID
21C-04064,2026-08-15 15:05:00,458.4,0.0,0.0,"Xã Yên Bình, Tỉnh Lào Cai",0.0,2.0,1,0,-1.7000000000000455,-0.8500000000000227,462.0,1.691744661609923,5.0,1,Stopped,0,0,0,0,0,VALID,VALID
21C-04064,2026-08-15 15:07:00,458.3,0.0,0.0,"Xã Yên Bình, Tỉnh Lào Cai",0.0,2.0,1,0,-0.0999999999999659,-0.04999999999998295,460.1,1.9269146322776443,5.0,1,Stopped,0,0,0,0,0,VALID,VALID
21C-04064,2026-08-15 15:09:00,458.0,0.0,0.0,"Xã Yên Bình, Tỉnh Lào Cai",0.0,2.0,1,0,-0.30000000000001137,-0.15000000000000568,458.4,1.7677669529906075,5.0,1,Stopped,0,0,0,0,0,VALID,VALID
21C-04064,2026-08-15 15:12:00,458.0,0.0,0.0,"Xã Yên Bình, Tỉnh Lào Cai",0.0,3.0,1,0,0.0,0.0,458.3,0.8792041856620597,5.0,1,Stopped,0,0,0,0,0,VALID,VALID
21C-04064,2026-08-15 15:14:00,457.8,0.0,0.0,"Xã Yên Bình, Tỉnh Lào Cai",0.0,2.0,1,0,-0.19999999999998863,-0.09999999999999432,458.0,0.24494897445319588,5.0,1,Stopped,0,0,0,0,0,VALID,VALID
21C-04064,2026-08-15 15:16:00,457.8,0.0,0.0,"Xã Yên Bình, Tỉnh Lào Cai",0.0,2.0,1,0,0.0,0.0,458.0,0.20493901552823549,5.0,1,Stopped,0,0,0,0,0,VALID,VALID
21C-04064,2026-08-15 15:18:00,458.0,0.0,0.0,"Xã Yên Bình, Tỉnh Lào Cai",0.0,2.0,1,0,0.19999999999998863,0.09999999999999432,458.0,0.10954451189212433,5.0,1,Stopped,0,0,0,0,0,VALID,VALID
21C-04064,2026-08-15 15:21:00,458.3,0.0,0.0,"Xã Yên Bình, Tỉnh Lào Cai",0.0,3.0,1,0,0.30000000000001137,0.1000000000000038,458.0,0.20493901552823549,5.0,1,Stopped,0,0,0,0,0,VALID,VALID
21C-04064,2026-08-15 15:24:00,458.3,0.0,0.0,"Xã Yên Bình, Tỉnh Lào Cai",0.0,3.0,1,0,0.0,0.0,458.0,0.2509980081309035,5.0,1,Stopped,0,0,0,0,0,VALID,VALID
21C-04064,2026-08-15 15:26:00,458.3,0.0,0.0,"Xã Yên Bình, Tỉnh Lào Cai",0.0,2.0,1,0,0.0,0.0,458.3,0.23021728885050682,5.0,1,Stopped,0,0,0,0,0,VALID,VALID
21C-04064,2026-08-15 15:28:00,458.3,0.0,0.0,"Xã Yên Bình, Tỉnh Lào Cai",0.0,2.0,1,0,0.0,0.0,458.3,0.1341640789692726,5.0,1,Stopped,0,0,0,0,0,VALID,VALID
21C-04064,2026-08-15 15:30:00,458.4,0.0,0.0,"Xã Yên Bình, Tỉnh Lào Cai",0.0,2.0,1,0,0.0999999999999659,0.04999999999998295,458.3,0.04472136050782413,5.0,1,Stopped,0,0,0,0,0,VALID,VALID
21C-04064,2026-08-15 15:32:00,458.6,0.0,0.0,"Xã Yên Bình, Tỉnh Lào Cai",0.0,2.0,1,0,0.20000000000004547,0.10000000000002274,458.3,0.13038404843260065,5.0,1,Stopped,0,0,0,0,0,VALID,VALID
21C-04064,2026-08-15 15:34:00,458.7,0.0,0.0,"Xã Yên Bình, Tỉnh Lào Cai",0.0,2.0,1,0,0.0999999999999659,0.04999999999998295,458.4,0.1816590214816682,5.0,1,Stopped,0,0,0,0,0,VALID,VALID
21C-04064,2026-08-15 15:37:00,459.2,0.0,0.0,"Xã Yên Bình, Tỉnh Lào Cai",0.0,3.0,1,0,0.5,0.16666666666666666,458.6,0.3507135584571518,5.0,1,Stopped,0,0,0,0,0,VALID,VALID
21C-04064,2026-08-15 15:39:00,459.3,0.0,0.0,"Xã Yên Bình, Tỉnh Lào Cai",0.0,2.0,1,0,0.10000000000002274,0.05000000000001137,458.7,0.39115214442170076,5.0,1,Stopped,0,0,0,0,0,VALID,VALID
21C-04064,2026-08-15 15:40:00,459.5,0.0,0.0,"Xã Yên Bình, Tỉnh Lào Cai",0.0,1.0,1,0,0.19999999999998863,0.19999999999998863,459.2,0.39115214442170076,5.0,1,Stopped,0,0,0,0,0,VALID,VALID
21C-04064,2026-08-15 15:42:00,459.9,0.0,0.0,"Xã Yên Bình, Tỉnh Lào Cai",0.0,2.0,1,0,0.39999999999997726,0.19999999999998863,459.3,0.43817804610191446,5.0,1,Stopped,0,0,0,0,0,VALID,VALID
21C-04064,2026-08-15 15:44:00,460.1,0.0,0.0,"Xã Yên Bình, Tỉnh Lào Cai",0.0,2.0,1,0,0.20000000000004547,0.10000000000002274,459.5,0.38729833473136094,5.0,1,Stopped,0,0,0,0,0,VALID,VALID
21C-04064,2026-08-15 15:46:00,460.4,0.0,0.0,"Xã Yên Bình, Tỉnh Lào Cai",0.0,2.0,1,0,0.2999999999999545,0.14999999999997726,459.9,0.44497190932198877,5.0,1,Stopped,0,0,0,0,0,VALID,VALID
21C-04064,2026-08-15 15:48:00,460.4,0.0,0.0,"Xã Yên Bình, Tỉnh Lào Cai",0.0,2.0,1,0,0.0,0.0,460.1,0.3781534081370214,5.0,1,Stopped,0,0,0,0,0,VALID,VALID
21C-04064,2026-08-15 15:50:00,460.4,0.0,0.0,"Xã Yên Bình, Tỉnh Lào Cai",0.0,2.0,1,0,0.0,0.0,460.4,0.2302172888504333,5.0,1,Stopped,0,0,0,0,0,VALID,VALID
21C-04064,2026-08-15 15:52:00,458.7,0.0,0.0,"Xã Yên Bình, Tỉnh Lào Cai",0.0,2.0,1,0,-1.6999999999999886,-0.8499999999999943,460.4,0.7382411530697004,5.0,1,Stopped,0,0,0,0,0,VALID,VALID
21C-04064,2026-08-15 15:54:00,457.0,0.0,0.0,"Xã Yên Bình, Tỉnh Lào Cai",0.0,2.0,1,0,-1.6999999999999886,-0.8499999999999943,460.4,1.520526224728061,5.0,1,Stopped,0,0,0,0,0,VALID,VALID
21C-04064,2026-08-15 15:56:00,456.9,0.0,0.0,"Xã Yên Bình, Tỉnh Lào Cai",0.0,2.0,1,0,-0.10000000000002274,-0.05000000000001137,458.7,1.7253985047188076,5.0,1,Stopped,0,0,0,0,0,VALID,VALID
21C-04064,2026-08-15 15:58:00,456.9,0.0,0.0,"Xã Yên Bình, Tỉnh Lào Cai",0.0,2.0,1,0,0.0,0.0,457.0,1.5546703830992834,5.0,1,Stopped,0,0,0,0,0,VALID,VALID
21C-04064,2026-08-15 16:01:00,457.0,0.0,0.0,"Xã Yên Bình, Tỉnh Lào Cai",0.0,3.0,1,0,0.10000000000002274,0.03333333333334091,457.0,0.7842193571228931,5.0,1,Stopped,0,0,0,0,0,VALID,VALID
21C-04064,2026-08-15 16:02:00,457.0,0.0,0.0,"Xã Yên Bình, Tỉnh Lào Cai",0.0,1.0,1,0,0.0,0.0,457.0,0.054772256538471696,5.0,1,Stopped,0,0,0,0,0,VALID,VALID
21C-04064,2026-08-15 16:05:00,458.4,0.0,0.0,"Xã Yên Bình, Tỉnh Lào Cai",0.0,3.0,1,0,1.3999999999999773,0.46666666666665907,457.0,0.6503845017266708,5.0,1,Stopped,0,0,0,0,0,VALID,VALID
21C-04064,2026-08-15 16:07:00,458.7,0.0,0.0,"Xã Yên Bình, Tỉnh Lào Cai",0.0,2.0,1,0,0.30000000000001137,0.15000000000000568,457.0,0.8746427842760537,5.0,1,Stopped,0,0,0,0,0,VALID,VALID
21C-04064,2026-08-15 16:09:00,458.9,0.0,0.0,"Xã Yên Bình, Tỉnh Lào Cai",0.0,2.0,1,0,0.19999999999998863,0.09999999999999432,458.4,0.9300537619331891,5.0,1,Stopped,0,0,0,0,0,VALID,VALID
21C-04064,2026-08-15 16:11:00,459.0,0.0,0.0,"Xã Yên Bình, Tỉnh Lào Cai",0.0,2.0,1,0,0.10000000000002274,0.05000000000001137,458.7,0.815475321567753,5.0,1,Stopped,0,0,0,0,0,VALID,VALID
21C-04064,2026-08-15 16:14:00,459.0,0.0,0.0,"Xã Yên Bình, Tỉnh Lào Cai",0.0,3.0,1,0,0.0,0.0,458.9,0.2549509758482762,5.0,1,Stopped,0,0,0,0,0,VALID,VALID
21C-04064,2026-08-15 16:16:00,459.2,0.0,0.0,"Xã Yên Bình, Tỉnh Lào Cai",0.0,2.0,1,0,0.19999999999998863,0.09999999999999432,459.0,0.18165902148242347,5.0,1,Stopped,0,0,0,0,0,VALID,VALID
21C-04064,2026-08-15 16:18:00,459.2,0.0,0.0,"Xã Yên Bình, Tỉnh Lào Cai",0.0,2.0,1,0,0.0,0.0,459.0,0.13416407897022875,5.0,1,Stopped,0,0,0,0,0,VALID,VALID
21C-04064,2026-08-15 16:20:00,459.3,0.0,0.0,"Xã Yên Bình, Tỉnh Lào Cai",0.0,2.0,1,0,0.10000000000002274,0.05000000000001137,459.2,0.13416407897018215,5.0,1,Stopped,0,0,0,0,0,VALID,VALID
21C-04064,2026-08-15 16:22:00,459.3,0.0,0.0,"Xã Yên Bình, Tỉnh Lào Cai",0.0,2.0,1,0,0.0,0.0,459.2,0.12247448748988711,5.0,1,Stopped,0,0,0,0,0,VALID,VALID
21C-04064,2026-08-15 16:25:00,459.3,0.0,0.0,"Xã Yên Bình, Tỉnh Lào Cai",0.0,3.0,1,0,0.0,0.0,459.3,0.05477225653470851,5.0,1,Stopped,0,0,0,0,0,VALID,VALID
21C-04064,2026-08-15 16:27:00,459.5,0.0,0.0,"Xã Yên Bình, Tỉnh Lào Cai",0.0,2.0,1,0,0.19999999999998863,0.09999999999999432,459.3,0.10954451189308559,5.0,1,Stopped,0,0,0,0,0,VALID,VALID
21C-04064,2026-08-15 16:30:00,459.5,0.0,0.0,"Xã Yên Bình, Tỉnh Lào Cai",0.0,3.0,1,0,0.0,0.0,459.3,0.10954451189304278,5.0,1,Stopped,0,0,0,0,0,VALID,VALID
21C-04064,2026-08-15 16:32:00,459.5,0.0,0.0,"Xã Yên Bình, Tỉnh Lào Cai",0.0,2.0,1,0,0.0,0.0,459.5,0.10954451189301424,5.0,1,Stopped,0,0,0,0,0,VALID,VALID
21C-04064,2026-08-15 16:34:00,459.5,0.0,0.0,"Xã Yên Bình, Tỉnh Lào Cai",0.0,2.0,1,0,0.0,0.0,459.5,0.08944271958002797,5.0,1,Stopped,0,0,0,0,0,VALID,VALID
21C-04064,2026-08-15 16:36:00,459.5,0.0,0.0,"Xã Yên Bình, Tỉnh Lào Cai",0.0,2.0,1,0,0.0,0.0,459.5,0.0,5.0,1,Stopped,0,0,0,0,0,VALID,VALID
21C-04064,2026-08-15 16:38:00,459.5,0.0,0.0,"Xã Yên Bình, Tỉnh Lào Cai",0.0,2.0,1,0,0.0,0.0,459.5,0.0,5.0,1,Stopped,0,0,0,0,0,VALID,VALID
21C-04064,2026-08-15 16:40:00,459.5,0.0,0.0,"Xã Yên Bình, Tỉnh Lào Cai",0.0,2.0,1,0,0.0,0.0,459.5,0.0,5.0,1,Stopped,0,0,0,0,0,VALID,VALID
21C-04064,2026-08-15 16:43:00,459.5,0.0,0.0,"Xã Yên Bình, Tỉnh Lào Cai",0.0,3.0,1,0,0.0,0.0,459.5,0.0,5.0,1,Stopped,0,0,0,0,0,VALID,VALID
21C-04064,2026-08-15 16:45:00,459.5,0.0,0.0,"Xã Yên Bình, Tỉnh Lào Cai",0.0,2.0,1,0,0.0,0.0,459.5,0.0,5.0,1,Stopped,0,0,0,0,0,VALID,VALID
21C-04064,2026-08-15 16:47:00,459.6,0.0,0.0,"Xã Yên Bình, Tỉnh Lào Cai",0.0,2.0,1,0,0.10000000000002274,0.05000000000001137,459.5,0.044721360509936386,5.0,1,Stopped,0,0,0,0,0,VALID,VALID
21C-04064,2026-08-15 16:48:00,459.6,0.0,0.0,"Xã Yên Bình, Tỉnh Lào Cai",0.0,1.0,1,0,0.0,0.0,459.5,0.054772256534276545,5.0,1,Stopped,0,0,0,0,0,VALID,VALID
21C-04064,2026-08-15 16:50:00,457.6,0.0,0.0,"Xã Yên Bình, Tỉnh Lào Cai",0.0,2.0,1,0,-2.0,-1.0,459.5,0.8734987121260692,5.0,1,Stopped,0,0,0,0,0,VALID,VALID
21C-04064,2026-08-15 16:52:00,456.7,0.0,0.0,"Xã Yên Bình, Tỉnh Lào Cai",0.0,2.0,1,0,-0.9000000000000341,-0.45000000000001705,459.5,1.361983847219205,5.0,1,Stopped,0,0,0,0,0,VALID,VALID
21C-04064,2026-08-15 16:54:00,456.4,0.0,0.0,"Xã Yên Bình, Tỉnh Lào Cai",0.0,2.0,1,0,-0.30000000000001137,-0.15000000000000568,457.6,1.5433729296855563,5.0,1,Stopped,0,0,0,0,0,VALID,VALID
21C-04064,2026-08-15 16:57:00,456.3,0.0,0.0,"Xã Yên Bình, Tỉnh Lào Cai",0.0,3.0,1,0,-0.0999999999999659,-0.03333333333332197,456.7,1.3736811857510058,5.0,1,Stopped,0,0,0,0,0,VALID,VALID
21C-04064,2026-08-15 16:59:00,456.1,0.0,0.0,"Xã Yên Bình, Tỉnh Lào Cai",0.0,2.0,1,0,-0.19999999999998863,-0.09999999999999432,456.4,0.589067059074286,5.0,1,Stopped,0,0,0,0,0,VALID,VALID
21C-04064,2026-08-15 17:01:00,456.1,0.0,0.0,"Xã Yên Bình, Tỉnh Lào Cai",0.0,2.0,1,0,0.0,0.0,456.3,0.2489979921334522,5.0,1,Stopped,0,0,0,0,0,VALID,VALID
21C-04064,2026-08-15 17:03:00,456.1,0.0,0.0,"Xã Yên Bình, Tỉnh Lào Cai",0.0,2.0,1,0,0.0,0.0,456.1,0.1414213565432185,5.0,1,Stopped,0,0,0,0,0,VALID,VALID
21C-04064,2026-08-15 17:06:00,456.0,0.0,0.0,"Xã Yên Bình, Tỉnh Lào Cai",0.0,3.0,1,0,-0.10000000000002274,-0.03333333333334091,456.1,0.10954451189607509,5.0,1,Stopped,0,0,0,0,0,VALID,VALID
21C-04064,2026-08-15 17:08:00,456.0,0.0,0.0,"Xã Yên Bình, Tỉnh Lào Cai",0.0,2.0,1,0,0.0,0.0,456.1,0.05477225654075757,5.0,1,Stopped,0,0,0,0,0,VALID,VALID
21C-04064,2026-08-15 17:10:00,456.0,0.0,0.0,"Xã Yên Bình, Tỉnh Lào Cai",0.0,2.0,1,0,0.0,0.0,456.0,0.05477225654079779,5.0,1,Stopped,0,0,0,0,0,VALID,VALID
21C-04064,2026-08-15 17:12:00,456.3,0.0,0.0,"Xã Yên Bình, Tỉnh Lào Cai",0.0,2.0,1,0,0.30000000000001137,0.15000000000000568,456.0,0.13038404843600576,5.0,1,Stopped,0,0,0,0,0,VALID,VALID
21C-04064,2026-08-15 17:14:00,456.4,0.0,0.0,"Xã Yên Bình, Tỉnh Lào Cai",0.0,2.0,1,0,0.0999999999999659,0.04999999999998295,456.0,0.1949358871181637,5.0,1,Stopped,0,0,0,0,0,VALID,VALID
21C-04064,2026-08-15 17:16:00,456.6,0.0,0.0,"Xã Yên Bình, Tỉnh Lào Cai",0.0,2.0,1,0,0.20000000000004547,0.10000000000002274,456.3,0.26076809637399917,5.0,1,Stopped,0,0,0,0,0,VALID,VALID
21C-04064,2026-08-15 17:18:00,456.7,0.0,0.0,"Xã Yên Bình, Tỉnh Lào Cai",0.0,2.0,1,0,0.0999999999999659,0.04999999999998295,456.4,0.27386127891045997,5.0,1,Stopped,0,0,0,0,0,VALID,VALID
21C-04064,2026-08-15 17:20:00,456.7,0.0,0.0,"Xã Yên Bình, Tỉnh Lào Cai",0.0,2.0,1,0,0.0,0.0,456.6,0.1816590214837201,5.0,1,Stopped,0,0,0,0,0,VALID,VALID
21C-04064,2026-08-15 17:23:00,456.9,0.0,0.0,"Xã Yên Bình, Tỉnh Lào Cai",0.0,3.0,1,0,0.19999999999998863,0.06666666666666288,456.7,0.18165902148362623,5.0,1,Stopped,0,0,0,0,0,VALID,VALID
21C-04064,2026-08-15 17:25:00,456.9,0.0,0.0,"Xã Yên Bình, Tỉnh Lào Cai",0.0,2.0,1,0,0.0,0.0,456.7,0.13416407897182683,5.0,1,Stopped,0,0,0,0,0,VALID,VALID
21C-04064,2026-08-15 17:27:00,456.9,0.0,0.0,"Xã Yên Bình, Tỉnh Lào Cai",0.0,2.0,1,0,0.0,0.0,456.9,0.1095445118951388,5.0,1,Stopped,0,0,0,0,0,VALID,VALID
21C-04064,2026-08-15 17:29:00,456.9,0.0,0.0,"Xã Yên Bình, Tỉnh Lào Cai",0.0,2.0,1,0,0.0,0.0,456.9,0.0894427195826014,5.0,1,Stopped,0,0,0,0,0,VALID,VALID
21C-04064,2026-08-15 17:31:00,456.9,0.0,0.0,"Xã Yên Bình, Tỉnh Lào Cai",0.0,2.0,1,0,0.0,0.0,456.9,0.0,5.0,1,Stopped,0,0,0,0,0,VALID,VALID
21C-04064,2026-08-15 17:34:00,456.9,0.0,0.0,"Xã Yên Bình, Tỉnh Lào Cai",0.0,3.0,1,0,0.0,0.0,456.9,0.0,5.0,1,Stopped,0,0,0,0,0,VALID,VALID
21C-04064,2026-08-15 17:36:00,456.9,0.0,0.0,"Xã Yên Bình, Tỉnh Lào Cai",0.0,2.0,1,0,0.0,0.0,456.9,0.0,5.0,1,Stopped,0,0,0,0,0,VALID,VALID
21C-04064,2026-08-15 17:38:00,456.9,0.0,0.0,"Xã Yên Bình, Tỉnh Lào Cai",0.0,2.0,1,0,0.0,0.0,456.9,0.0,5.0,1,Stopped,0,0,0,0,0,VALID,VALID
21C-04064,2026-08-15 17:40:00,456.9,0.0,0.0,"Xã Yên Bình, Tỉnh Lào Cai",0.0,2.0,1,0,0.0,0.0,456.9,0.0,5.0,1,Stopped,0,0,0,0,0,VALID,VALID
21C-04064,2026-08-15 17:42:00,456.9,0.0,0.0,"Xã Yên Bình, Tỉnh Lào Cai",0.0,2.0,1,0,0.0,0.0,456.9,0.0,5.0,1,Stopped,0,0,0,0,0,VALID,VALID
21C-04064,2026-08-15 17:44:00,456.9,0.0,0.0,"Xã Yên Bình, Tỉnh Lào Cai",0.0,2.0,1,0,0.0,0.0,456.9,0.0,5.0,1,Stopped,0,0,0,0,0,VALID,VALID
21C-04064,2026-08-15 17:47:00,456.9,0.0,0.0,"Xã Yên Bình, Tỉnh Lào Cai",0.0,3.0,1,0,0.0,0.0,456.9,0.0,5.0,1,Stopped,0,0,0,0,0,VALID,VALID
21C-04064,2026-08-15 17:49:00,456.9,0.0,0.0,"Xã Yên Bình, Tỉnh Lào Cai",0.0,2.0,1,0,0.0,0.0,456.9,0.0,5.0,1,Stopped,0,0,0,0,0,VALID,VALID
21C-04064,2026-08-15 17:51:00,457.0,0.0,0.0,"Xã Yên Bình, Tỉnh Lào Cai",0.0,2.0,1,0,0.10000000000002274,0.05000000000001137,456.9,0.044721360515026023,5.0,1,Stopped,0,0,0,0,0,VALID,VALID
21C-04064,2026-08-15 17:53:00,457.0,0.0,0.0,"Xã Yên Bình, Tỉnh Lào Cai",0.0,2.0,1,0,0.0,0.0,456.9,0.05477225653843222,5.0,1,Stopped,0,0,0,0,0,VALID,VALID
21C-04064,2026-08-15 17:55:00,457.0,0.0,0.0,"Xã Yên Bình, Tỉnh Lào Cai",0.0,2.0,1,0,0.0,0.0,457.0,0.05477225653840887,5.0,1,Stopped,0,0,0,0,0,VALID,VALID
21C-04064,2026-08-15 17:58:00,457.0,0.0,0.0,"Xã Yên Bình, Tỉnh Lào Cai",0.0,3.0,1,0,0.0,0.0,457.0,0.04472136051494023,5.0,1,Stopped,0,0,0,0,0,VALID,VALID
21C-04064,2026-08-15 18:00:00,457.0,0.0,0.0,"Xã Yên Bình, Tỉnh Lào Cai",0.0,2.0,1,0,0.0,0.0,457.0,0.0,5.0,1,Stopped,0,0,0,0,0,VALID,VALID
21C-04064,2026-08-15 18:02:00,457.0,0.0,0.0,"Xã Yên Bình, Tỉnh Lào Cai",0.0,2.0,1,0,0.0,0.0,457.0,0.0,5.0,1,Stopped,0,0,0,0,0,VALID,VALID
21C-04064,2026-08-15 18:04:00,457.0,0.0,0.0,"Xã Yên Bình, Tỉnh Lào Cai",0.0,2.0,1,0,0.0,0.0,457.0,0.0,5.0,1,Stopped,0,0,0,0,0,VALID,VALID
21C-04064,2026-08-15 18:07:00,458.0,0.0,0.0,"Xã Yên Bình, Tỉnh Lào Cai",0.0,3.0,1,0,1.0,0.3333333333333333,457.0,0.4472135955964539,5.0,1,Stopped,0,0,0,0,0,VALID,VALID
21C-04064,2026-08-15 18:09:00,458.1,0.0,0.0,"Xã Yên Bình, Tỉnh Lào Cai",0.0,2.0,1,0,0.10000000000002274,0.05000000000001137,457.0,0.576194411710418,5.0,1,Stopped,0,0,0,0,0,VALID,VALID
21C-04064,2026-08-15 18:11:00,458.3,0.0,0.0,"Xã Yên Bình, Tỉnh Lào Cai",0.0,2.0,1,0,0.19999999999998863,0.09999999999999432,458.0,0.630079360149423,5.0,1,Stopped,0,0,0,0,0,VALID,VALID
21C-04064,2026-08-15 18:14:00,458.4,0.0,0.0,"Xã Yên Bình, Tỉnh Lào Cai",0.0,3.0,1,0,0.0999999999999659,0.03333333333332197,458.1,0.5594640293050912,5.0,1,Stopped,0,0,0,0,0,VALID,VALID
21C-04064,2026-08-15 18:16:00,458.6,0.0,0.0,"Xã Yên Bình, Tỉnh Lào Cai",0.0,2.0,1,0,0.20000000000004547,0.10000000000002274,458.3,0.2387467279069256,5.0,1,Stopped,0,0,0,0,0,VALID,VALID
21C-04064,2026-08-15 18:18:00,458.7,0.0,0.0,"Xã Yên Bình, Tỉnh Lào Cai",0.0,2.0,1,0,0.0999999999999659,0.04999999999998295,458.4,0.23874672790690685,5.0,1,Stopped,0,0,0,0,0,VALID,VALID
21C-04064,2026-08-15 18:20:00,458.7,0.0,0.0,"Xã Yên Bình, Tỉnh Lào Cai",0.0,2.0,1,0,0.0,0.0,458.6,0.18165902148325877,5.0,1,Stopped,0,0,0,0,0,VALID,VALID
21C-04064,2026-08-15 18:22:00,458.9,0.0,0.0,"Xã Yên Bình, Tỉnh Lào Cai",0.0,2.0,1,0,0.19999999999998863,0.09999999999999432,458.7,0.18165902148323765,5.0,1,Stopped,0,0,0,0,0,VALID,VALID
21C-04064,2026-08-15 18:24:00,458.9,0.0,0.0,"Xã Yên Bình, Tỉnh Lào Cai",0.0,2.0,1,0,0.0,0.0,458.7,0.1341640789713788,5.0,1,Stopped,0,0,0,0,0,VALID,VALID
21C-04064,2026-08-15 18:27:00,458.9,0.0,0.0,"Xã Yên Bình, Tỉnh Lào Cai",0.0,3.0,1,0,0.0,0.0,458.9,0.10954451189468219,5.0,1,Stopped,0,0,0,0,0,VALID,VALID
21C-04064,2026-08-15 18:29:00,458.9,0.0,0.0,"Xã Yên Bình, Tỉnh Lào Cai",0.0,2.0,1,0,0.0,0.0,458.9,0.08944271958214466,5.0,1,Stopped,0,0,0,0,0,VALID,VALID
21C-04064,2026-08-15 18:31:00,458.9,0.0,0.0,"Xã Yên Bình, Tỉnh Lào Cai",0.0,2.0,1,0,0.0,0.0,458.9,0.0,5.0,1,Stopped,0,0,0,0,0,VALID,VALID
21C-04064,2026-08-15 18:33:00,458.9,0.0,0.0,"Xã Yên Bình, Tỉnh Lào Cai",0.0,2.0,1,0,0.0,0.0,458.9,0.0,5.0,1,Stopped,0,0,0,0,0,VALID,VALID
21C-04064,2026-08-15 18:35:00,458.9,0.0,0.0,"Xã Yên Bình, Tỉnh Lào Cai",0.0,2.0,1,0,0.0,0.0,458.9,0.0,5.0,1,Stopped,0,0,0,0,0,VALID,VALID
21C-04064,2026-08-15 18:38:00,458.9,0.0,0.0,"Xã Yên Bình, Tỉnh Lào Cai",0.0,3.0,1,0,0.0,0.0,458.9,0.0,5.0,1,Stopped,0,0,0,0,0,VALID,VALID
21C-04064,2026-08-15 18:40:00,458.9,0.0,0.0,"Xã Yên Bình, Tỉnh Lào Cai",0.0,2.0,1,0,0.0,0.0,458.9,0.0,5.0,1,Stopped,0,0,0,0,0,VALID,VALID
21C-04064,2026-08-15 18:42:00,458.9,0.0,0.0,"Xã Yên Bình, Tỉnh Lào Cai",0.0,2.0,1,0,0.0,0.0,458.9,0.0,5.0,1,Stopped,0,0,0,0,0,VALID,VALID
21C-04064,2026-08-15 18:45:00,458.9,0.0,0.0,"Xã Yên Bình, Tỉnh Lào Cai",0.0,3.0,1,0,0.0,0.0,458.9,0.0,5.0,1,Stopped,0,0,0,0,0,VALID,VALID
21C-04064,2026-08-15 18:47:00,458.9,0.0,0.0,"Xã Yên Bình, Tỉnh Lào Cai",0.0,2.0,1,0,0.0,0.0,458.9,0.0,5.0,1,Stopped,0,0,0,0,0,VALID,VALID
21C-04064,2026-08-15 18:49:00,458.9,0.0,0.0,"Xã Yên Bình, Tỉnh Lào Cai",0.0,2.0,1,0,0.0,0.0,458.9,0.0,5.0,1,Stopped,0,0,0,0,0,VALID,VALID
21C-04064,2026-08-15 18:51:00,458.9,0.0,0.0,"Xã Yên Bình, Tỉnh Lào Cai",0.0,2.0,1,0,0.0,0.0,458.9,0.0,5.0,1,Stopped,0,0,0,0,0,VALID,VALID
21C-04064,2026-08-15 18:54:00,459.0,0.0,0.0,"Xã Yên Bình, Tỉnh Lào Cai",0.0,3.0,1,0,0.10000000000002274,0.03333333333334091,458.9,0.044721360514465264,5.0,1,Stopped,0,0,0,0,0,VALID,VALID
21C-04064,2026-08-15 18:56:00,459.0,0.0,0.0,"Xã Yên Bình, Tỉnh Lào Cai",0.0,2.0,1,0,0.0,0.0,458.9,0.05477225653803468,5.0,1,Stopped,0,0,0,0,0,VALID,VALID
21C-04064,2026-08-15 18:58:00,459.0,0.0,0.0,"Xã Yên Bình, Tỉnh Lào Cai",0.0,2.0,1,0,0.0,0.0,459.0,0.05477225653805803,5.0,1,Stopped,0,0,0,0,0,VALID,VALID
21C-04064,2026-08-15 19:00:00,459.0,0.0,0.0,"Xã Yên Bình, Tỉnh Lào Cai",0.0,2.0,1,0,0.0,0.0,459.0,0.04472136051456774,5.0,1,Stopped,0,0,0,0,0,VALID,VALID
21C-04064,2026-08-15 19:02:00,459.0,0.0,0.0,"Xã Yên Bình, Tỉnh Lào Cai",0.0,2.0,1,0,0.0,0.0,459.0,0.0,5.0,1,Stopped,0,0,0,0,0,VALID,VALID
21C-04064,2026-08-15 19:04:00,459.0,0.0,0.0,"Xã Yên Bình, Tỉnh Lào Cai",0.0,2.0,1,0,0.0,0.0,459.0,0.0,5.0,1,Stopped,0,0,0,0,0,VALID,VALID
21C-04064,2026-08-15 19:07:00,459.0,0.0,0.0,"Xã Yên Bình, Tỉnh Lào Cai",0.0,3.0,1,0,0.0,0.0,459.0,0.0,5.0,1,Stopped,0,0,0,0,0,VALID,VALID
21C-04064,2026-08-15 19:09:00,459.0,0.0,0.0,"Xã Yên Bình, Tỉnh Lào Cai",0.0,2.0,1,0,0.0,0.0,459.0,0.0,5.0,1,Stopped,0,0,0,0,0,VALID,VALID
21C-04064,2026-08-15 19:11:00,459.0,0.0,0.0,"Xã Yên Bình, Tỉnh Lào Cai",0.0,2.0,1,0,0.0,0.0,459.0,0.0,5.0,1,Stopped,0,0,0,0,0,VALID,VALID
21C-04064,2026-08-15 19:13:00,459.0,0.0,0.0,"Xã Yên Bình, Tỉnh Lào Cai",0.0,2.0,1,0,0.0,0.0,459.0,0.0,5.0,1,Stopped,0,0,0,0,0,VALID,VALID
21C-04064,2026-08-15 19:15:00,459.0,0.0,0.0,"Xã Yên Bình, Tỉnh Lào Cai",0.0,2.0,1,0,0.0,0.0,459.0,0.0,5.0,1,Stopped,0,0,0,0,0,VALID,VALID
21C-04064,2026-08-15 19:18:00,459.0,0.0,0.0,"Xã Yên Bình, Tỉnh Lào Cai",0.0,3.0,1,0,0.0,0.0,459.0,0.0,5.0,1,Stopped,0,0,0,0,0,VALID,VALID
21C-04064,2026-08-15 19:20:00,459.0,0.0,0.0,"Xã Yên Bình, Tỉnh Lào Cai",0.0,2.0,1,0,0.0,0.0,459.0,0.0,5.0,1,Stopped,0,0,0,0,0,VALID,VALID
21C-04064,2026-08-15 19:22:00,459.0,0.0,0.0,"Xã Yên Bình, Tỉnh Lào Cai",0.0,2.0,1,0,0.0,0.0,459.0,0.0,5.0,1,Stopped,0,0,0,0,0,VALID,VALID
21C-04064,2026-08-15 19:24:00,459.0,0.0,0.0,"Xã Yên Bình, Tỉnh Lào Cai",0.0,2.0,1,0,0.0,0.0,459.0,0.0,5.0,1,Stopped,0,0,0,0,0,VALID,VALID
21C-04064,2026-08-15 19:26:00,459.0,0.0,0.0,"Xã Yên Bình, Tỉnh Lào Cai",0.0,2.0,1,0,0.0,0.0,459.0,0.0,5.0,1,Stopped,0,0,0,0,0,VALID,VALID
21C-04064,2026-08-15 19:28:00,459.0,0.0,0.0,"Xã Yên Bình, Tỉnh Lào Cai",0.0,2.0,1,0,0.0,0.0,459.0,0.0,5.0,1,Stopped,0,0,0,0,0,VALID,VALID
21C-04064,2026-08-15 19:31:00,459.0,0.0,0.0,"Xã Yên Bình, Tỉnh Lào Cai",0.0,3.0,1,0,0.0,0.0,459.0,0.0,5.0,1,Stopped,0,0,0,0,0,VALID,VALID
21C-04064,2026-08-15 19:33:00,459.0,0.0,0.0,"Xã Yên Bình, Tỉnh Lào Cai",0.0,2.0,1,0,0.0,0.0,459.0,0.0,5.0,1,Stopped,0,0,0,0,0,VALID,VALID
21C-04064,2026-08-15 19:35:00,459.0,0.0,0.0,"Xã Yên Bình, Tỉnh Lào Cai",0.0,2.0,1,0,0.0,0.0,459.0,0.0,5.0,1,Stopped,0,0,0,0,0,VALID,VALID
21C-04064,2026-08-15 19:37:00,459.0,0.0,0.0,"Xã Yên Bình, Tỉnh Lào Cai",0.0,2.0,1,0,0.0,0.0,459.0,0.0,5.0,1,Stopped,0,0,0,0,0,VALID,VALID
21C-04064,2026-08-15 19:39:00,459.0,0.0,0.0,"Xã Yên Bình, Tỉnh Lào Cai",0.0,2.0,1,0,0.0,0.0,459.0,0.0,5.0,1,Stopped,0,0,0,0,0,VALID,VALID
21C-04064,2026-08-15 19:42:00,459.0,0.0,0.0,"Xã Yên Bình, Tỉnh Lào Cai",0.0,3.0,1,0,0.0,0.0,459.0,0.0,5.0,1,Stopped,0,0,0,0,0,VALID,VALID
21C-04064,2026-08-15 19:44:00,459.0,0.0,0.0,"Xã Yên Bình, Tỉnh Lào Cai",0.0,2.0,1,0,0.0,0.0,459.0,0.0,5.0,1,Stopped,0,0,0,0,0,VALID,VALID
21C-04064,2026-08-15 19:46:00,459.0,0.0,0.0,"Xã Yên Bình, Tỉnh Lào Cai",0.0,2.0,1,0,0.0,0.0,459.0,0.0,5.0,1,Stopped,0,0,0,0,0,VALID,VALID
21C-04064,2026-08-15 19:48:00,459.0,0.0,0.0,"Xã Yên Bình, Tỉnh Lào Cai",0.0,2.0,1,0,0.0,0.0,459.0,0.0,5.0,1,Stopped,0,0,0,0,0,VALID,VALID
21C-04064,2026-08-15 19:50:00,459.0,0.0,0.0,"Xã Yên Bình, Tỉnh Lào Cai",0.0,2.0,1,0,0.0,0.0,459.0,0.0,5.0,1,Stopped,0,0,0,0,0,VALID,VALID
21C-04064,2026-08-15 19:52:00,459.0,0.0,0.0,"Xã Yên Bình, Tỉnh Lào Cai",0.0,2.0,1,0,0.0,0.0,459.0,0.0,5.0,1,Stopped,0,0,0,0,0,VALID,VALID
21C-04064,2026-08-15 19:55:00,459.0,0.0,0.0,"Xã Yên Bình, Tỉnh Lào Cai",0.0,3.0,1,0,0.0,0.0,459.0,0.0,5.0,1,Stopped,0,0,0,0,0,VALID,VALID
21C-04064,2026-08-15 19:57:00,459.0,0.0,0.0,"Xã Yên Bình, Tỉnh Lào Cai",0.0,2.0,1,0,0.0,0.0,459.0,0.0,5.0,1,Stopped,0,0,0,0,0,VALID,VALID
21C-04064,2026-08-15 19:59:00,459.0,0.0,0.0,"Xã Yên Bình, Tỉnh Lào Cai",0.0,2.0,1,0,0.0,0.0,459.0,0.0,5.0,1,Stopped,0,0,0,0,0,VALID,VALID
21C-04064,2026-08-15 20:01:00,459.0,0.0,0.0,"Xã Yên Bình, Tỉnh Lào Cai",0.0,2.0,1,0,0.0,0.0,459.0,0.0,5.0,1,Stopped,0,0,0,0,0,VALID,VALID
21C-04064,2026-08-15 20:03:00,459.0,0.0,0.0,"Xã Yên Bình, Tỉnh Lào Cai",0.0,2.0,1,0,0.0,0.0,459.0,0.0,5.0,1,Stopped,0,0,0,0,0,VALID,VALID
21C-04064,2026-08-15 20:06:00,459.0,0.0,0.0,"Xã Yên Bình, Tỉnh Lào Cai",0.0,3.0,1,0,0.0,0.0,459.0,0.0,5.0,1,Stopped,0,0,0,0,0,VALID,VALID
21C-04064,2026-08-15 20:08:00,459.0,0.0,0.0,"Xã Yên Bình, Tỉnh Lào Cai",0.0,2.0,1,0,0.0,0.0,459.0,0.0,5.0,1,Stopped,0,0,0,0,0,VALID,VALID
21C-04064,2026-08-15 20:10:00,459.0,0.0,0.0,"Xã Yên Bình, Tỉnh Lào Cai",0.0,2.0,1,0,0.0,0.0,459.0,0.0,5.0,1,Stopped,0,0,0,0,0,VALID,VALID
21C-04064,2026-08-15 20:12:00,459.0,0.0,0.0,"Xã Yên Bình, Tỉnh Lào Cai",0.0,2.0,1,0,0.0,0.0,459.0,0.0,5.0,1,Stopped,0,0,0,0,0,VALID,VALID
21C-04064,2026-08-15 20:14:00,459.0,0.0,0.0,"Xã Yên Bình, Tỉnh Lào Cai",0.0,2.0,1,0,0.0,0.0,459.0,0.0,5.0,1,Stopped,0,0,0,0,0,VALID,VALID
21C-04064,2026-08-15 20:16:00,459.0,0.0,0.0,"Xã Yên Bình, Tỉnh Lào Cai",0.0,2.0,1,0,0.0,0.0,459.0,0.0,5.0,1,Stopped,0,0,0,0,0,VALID,VALID
21C-04064,2026-08-15 20:19:00,459.0,0.0,0.0,"Xã Yên Bình, Tỉnh Lào Cai",0.0,3.0,1,0,0.0,0.0,459.0,0.0,5.0,1,Stopped,0,0,0,0,0,VALID,VALID
21C-04064,2026-08-15 20:21:00,459.0,0.0,0.0,"Xã Yên Bình, Tỉnh Lào Cai",0.0,2.0,1,0,0.0,0.0,459.0,0.0,5.0,1,Stopped,0,0,0,0,0,VALID,VALID
21C-04064,2026-08-15 20:23:00,459.0,0.0,0.0,"Xã Yên Bình, Tỉnh Lào Cai",0.0,2.0,1,0,0.0,0.0,459.0,0.0,5.0,1,Stopped,0,0,0,0,0,VALID,VALID
21C-04064,2026-08-15 20:25:00,459.0,0.0,0.0,"Xã Yên Bình, Tỉnh Lào Cai",0.0,2.0,1,0,0.0,0.0,459.0,0.0,5.0,1,Stopped,0,0,0,0,0,VALID,VALID
21C-04064,2026-08-15 20:27:00,459.0,0.0,0.0,"Xã Yên Bình, Tỉnh Lào Cai",0.0,2.0,1,0,0.0,0.0,459.0,0.0,5.0,1,Stopped,0,0,0,0,0,VALID,VALID
21C-04064,2026-08-15 20:30:00,459.0,0.0,0.0,"Xã Yên Bình, Tỉnh Lào Cai",0.0,3.0,1,0,0.0,0.0,459.0,0.0,5.0,1,Stopped,0,0,0,0,0,VALID,VALID
21C-04064,2026-08-15 20:32:00,459.0,0.0,0.0,"Xã Yên Bình, Tỉnh Lào Cai",0.0,2.0,1,0,0.0,0.0,459.0,0.0,5.0,1,Stopped,0,0,0,0,0,VALID,VALID
21C-04064,2026-08-15 20:34:00,459.0,0.0,0.0,"Xã Yên Bình, Tỉnh Lào Cai",0.0,2.0,1,0,0.0,0.0,459.0,0.0,5.0,1,Stopped,0,0,0,0,0,VALID,VALID
21C-04064,2026-08-15 20:36:00,459.0,0.0,0.0,"Xã Yên Bình, Tỉnh Lào Cai",0.0,2.0,1,0,0.0,0.0,459.0,0.0,5.0,1,Stopped,0,0,0,0,0,VALID,VALID
21C-04064,2026-08-15 20:38:00,459.0,0.0,0.0,"Xã Yên Bình, Tỉnh Lào Cai",0.0,2.0,1,0,0.0,0.0,459.0,0.0,5.0,1,Stopped,0,0,0,0,0,VALID,VALID
21C-04064,2026-08-15 20:40:00,459.0,0.0,0.0,"Xã Yên Bình, Tỉnh Lào Cai",0.0,2.0,1,0,0.0,0.0,459.0,0.0,5.0,1,Stopped,0,0,0,0,0,VALID,VALID
21C-04064,2026-08-15 20:43:00,459.0,0.0,0.0,"Xã Yên Bình, Tỉnh Lào Cai",0.0,3.0,1,0,0.0,0.0,459.0,0.0,5.0,1,Stopped,0,0,0,0,0,VALID,VALID
21C-04064,2026-08-15 20:45:00,459.0,0.0,0.0,"Xã Yên Bình, Tỉnh Lào Cai",0.0,2.0,1,0,0.0,0.0,459.0,0.0,5.0,1,Stopped,0,0,0,0,0,VALID,VALID
21C-04064,2026-08-15 20:47:00,459.0,0.0,0.0,"Xã Yên Bình, Tỉnh Lào Cai",0.0,2.0,1,0,0.0,0.0,459.0,0.0,5.0,1,Stopped,0,0,0,0,0,VALID,VALID
21C-04064,2026-08-15 20:49:00,459.0,0.0,0.0,"Xã Yên Bình, Tỉnh Lào Cai",0.0,2.0,1,0,0.0,0.0,459.0,0.0,5.0,1,Stopped,0,0,0,0,0,VALID,VALID
21C-04064,2026-08-15 20:51:00,459.0,0.0,0.0,"Xã Yên Bình, Tỉnh Lào Cai",0.0,2.0,1,0,0.0,0.0,459.0,0.0,5.0,1,Stopped,0,0,0,0,0,VALID,VALID
21C-04064,2026-08-15 20:54:00,459.0,0.0,0.0,"Xã Yên Bình, Tỉnh Lào Cai",0.0,3.0,1,0,0.0,0.0,459.0,0.0,5.0,1,Stopped,0,0,0,0,0,VALID,VALID
21C-04064,2026-08-15 20:56:00,459.0,0.0,0.0,"Xã Yên Bình, Tỉnh Lào Cai",0.0,2.0,1,0,0.0,0.0,459.0,0.0,5.0,1,Stopped,0,0,0,0,0,VALID,VALID
21C-04064,2026-08-15 20:58:00,459.0,0.0,0.0,"Xã Yên Bình, Tỉnh Lào Cai",0.0,2.0,1,0,0.0,0.0,459.0,0.0,5.0,1,Stopped,0,0,0,0,0,VALID,VALID
21C-04064,2026-08-15 21:00:00,459.0,0.0,0.0,"Xã Yên Bình, Tỉnh Lào Cai",0.0,2.0,1,0,0.0,0.0,459.0,0.0,5.0,1,Stopped,0,0,0,0,0,VALID,VALID
21C-04064,2026-08-15 21:02:00,459.0,0.0,0.0,"Xã Yên Bình, Tỉnh Lào Cai",0.0,2.0,1,0,0.0,0.0,459.0,0.0,5.0,1,Stopped,0,0,0,0,0,VALID,VALID
21C-04064,2026-08-15 21:04:00,459.0,0.0,0.0,"Xã Yên Bình, Tỉnh Lào Cai",0.0,2.0,1,0,0.0,0.0,459.0,0.0,5.0,1,Stopped,0,0,0,0,0,VALID,VALID
21C-04064,2026-08-15 21:07:00,459.0,0.0,0.0,"Xã Yên Bình, Tỉnh Lào Cai",0.0,3.0,1,0,0.0,0.0,459.0,0.0,5.0,1,Stopped,0,0,0,0,0,VALID,VALID
21C-04064,2026-08-15 21:09:00,459.0,0.0,0.0,"Xã Yên Bình, Tỉnh Lào Cai",0.0,2.0,1,0,0.0,0.0,459.0,0.0,5.0,1,Stopped,0,0,0,0,0,VALID,VALID
21C-04064,2026-08-15 21:11:00,459.0,0.0,0.0,"Xã Yên Bình, Tỉnh Lào Cai",0.0,2.0,1,0,0.0,0.0,459.0,0.0,5.0,1,Stopped,0,0,0,0,0,VALID,VALID
21C-04064,2026-08-15 21:13:00,459.0,0.0,0.0,"Xã Yên Bình, Tỉnh Lào Cai",0.0,2.0,1,0,0.0,0.0,459.0,0.0,5.0,1,Stopped,0,0,0,0,0,VALID,VALID
21C-04064,2026-08-15 21:15:00,459.0,0.0,0.0,"Xã Yên Bình, Tỉnh Lào Cai",0.0,2.0,1,0,0.0,0.0,459.0,0.0,5.0,1,Stopped,0,0,0,0,0,VALID,VALID
21C-04064,2026-08-15 21:18:00,459.0,0.0,0.0,"Xã Yên Bình, Tỉnh Lào Cai",0.0,3.0,1,0,0.0,0.0,459.0,0.0,5.0,1,Stopped,0,0,0,0,0,VALID,VALID
21C-04064,2026-08-15 21:20:00,459.0,0.0,0.0,"Xã Yên Bình, Tỉnh Lào Cai",0.0,2.0,1,0,0.0,0.0,459.0,0.0,5.0,1,Stopped,0,0,0,0,0,VALID,VALID
21C-04064,2026-08-15 21:22:00,459.0,0.0,0.0,"Xã Yên Bình, Tỉnh Lào Cai",0.0,2.0,1,0,0.0,0.0,459.0,0.0,5.0,1,Stopped,0,0,0,0,0,VALID,VALID
21C-04064,2026-08-15 21:24:00,459.0,0.0,0.0,"Xã Yên Bình, Tỉnh Lào Cai",0.0,2.0,1,0,0.0,0.0,459.0,0.0,5.0,1,Stopped,0,0,0,0,0,VALID,VALID
21C-04064,2026-08-15 21:26:00,459.0,0.0,0.0,"Xã Yên Bình, Tỉnh Lào Cai",0.0,2.0,1,0,0.0,0.0,459.0,0.0,5.0,1,Stopped,0,0,0,0,0,VALID,VALID
21C-04064,2026-08-15 21:28:00,459.0,0.0,0.0,"Xã Yên Bình, Tỉnh Lào Cai",0.0,2.0,1,0,0.0,0.0,459.0,0.0,5.0,1,Stopped,0,0,0,0,0,VALID,VALID
21C-04064,2026-08-15 21:31:00,459.0,0.0,0.0,"Xã Yên Bình, Tỉnh Lào Cai",0.0,3.0,1,0,0.0,0.0,459.0,0.0,5.0,1,Stopped,0,0,0,0,0,VALID,VALID
21C-04064,2026-08-15 21:33:00,459.0,0.0,0.0,"Xã Yên Bình, Tỉnh Lào Cai",0.0,2.0,1,0,0.0,0.0,459.0,0.0,5.0,1,Stopped,0,0,0,0,0,VALID,VALID
21C-04064,2026-08-15 21:35:00,459.0,0.0,0.0,"Xã Yên Bình, Tỉnh Lào Cai",0.0,2.0,1,0,0.0,0.0,459.0,0.0,5.0,1,Stopped,0,0,0,0,0,VALID,VALID
21C-04064,2026-08-15 21:37:00,459.0,0.0,0.0,"Xã Yên Bình, Tỉnh Lào Cai",0.0,2.0,1,0,0.0,0.0,459.0,0.0,5.0,1,Stopped,0,0,0,0,0,VALID,VALID
21C-04064,2026-08-15 21:40:00,459.0,0.0,0.0,"Xã Yên Bình, Tỉnh Lào Cai",0.0,3.0,1,0,0.0,0.0,459.0,0.0,5.0,1,Stopped,0,0,0,0,0,VALID,VALID
21C-04064,2026-08-15 21:42:00,459.0,0.0,0.0,"Xã Yên Bình, Tỉnh Lào Cai",0.0,2.0,1,0,0.0,0.0,459.0,0.0,5.0,1,Stopped,0,0,0,0,0,VALID,VALID
21C-04064,2026-08-15 21:44:00,459.0,0.0,0.0,"Xã Yên Bình, Tỉnh Lào Cai",0.0,2.0,1,0,0.0,0.0,459.0,0.0,5.0,1,Stopped,0,0,0,0,0,VALID,VALID
21C-04064,2026-08-15 21:46:00,459.0,0.0,0.0,"Xã Yên Bình, Tỉnh Lào Cai",0.0,2.0,1,0,0.0,0.0,459.0,0.0,5.0,1,Stopped,0,0,0,0,0,VALID,VALID
21C-04064,2026-08-15 21:48:00,459.0,0.0,0.0,"Xã Yên Bình, Tỉnh Lào Cai",0.0,2.0,1,0,0.0,0.0,459.0,0.0,5.0,1,Stopped,0,0,0,0,0,VALID,VALID
21C-04064,2026-08-15 21:50:00,459.0,0.0,0.0,"Xã Yên Bình, Tỉnh Lào Cai",0.0,2.0,1,0,0.0,0.0,459.0,0.0,5.0,1,Stopped,0,0,0,0,0,VALID,VALID
21C-04064,2026-08-15 21:53:00,459.0,0.0,0.0,"Xã Yên Bình, Tỉnh Lào Cai",0.0,3.0,1,0,0.0,0.0,459.0,0.0,5.0,1,Stopped,0,0,0,0,0,VALID,VALID
21C-04064,2026-08-15 21:55:00,459.0,0.0,0.0,"Xã Yên Bình, Tỉnh Lào Cai",0.0,2.0,1,0,0.0,0.0,459.0,0.0,5.0,1,Stopped,0,0,0,0,0,VALID,VALID
21C-04064,2026-08-15 21:56:00,458.9,0.0,0.0,"Xã Yên Bình, Tỉnh Lào Cai",0.0,1.0,1,0,-0.10000000000002274,-0.10000000000002274,459.0,0.04472136051456774,5.0,1,Stopped,0,0,0,0,0,VALID,VALID
21C-04064,2026-08-15 21:58:00,459.0,0.0,0.0,"Xã Yên Bình, Tỉnh Lào Cai",0.0,2.0,1,0,0.10000000000002274,0.05000000000001137,459.0,0.04472136051456774,5.0,1,Stopped,0,0,0,0,0,VALID,VALID
21C-04064,2026-08-15 22:00:00,459.2,0.0,0.0,"Xã Yên Bình, Tỉnh Lào Cai",0.0,2.0,1,0,0.19999999999998863,0.09999999999999432,459.0,0.10954451189484597,5.0,1,Stopped,0,0,0,0,0,VALID,VALID
21C-04064,2026-08-15 22:03:00,459.2,0.0,0.0,"Xã Yên Bình, Tỉnh Lào Cai",0.0,3.0,1,0,0.0,0.0,459.0,0.1341640789715533,5.0,1,Stopped,0,0,0,0,0,VALID,VALID
21C-04064,2026-08-15 22:05:00,459.2,0.0,0.0,"Xã Yên Bình, Tỉnh Lào Cai",0.0,2.0,1,0,0.0,0.0,459.2,0.1414213565423885,5.0,1,Stopped,0,0,0,0,0,VALID,VALID
21C-04064,2026-08-15 22:07:00,459.2,0.0,0.0,"Xã Yên Bình, Tỉnh Lào Cai",0.0,2.0,1,0,0.0,0.0,459.2,0.08944271958236988,5.0,1,Stopped,0,0,0,0,0,VALID,VALID
21C-04064,2026-08-15 22:09:00,459.2,0.0,0.0,"Xã Yên Bình, Tỉnh Lào Cai",0.0,2.0,1,0,0.0,0.0,459.2,0.0,5.0,1,Stopped,0,0,0,0,0,VALID,VALID
21C-04064,2026-08-15 22:12:00,459.2,0.0,0.0,"Xã Yên Bình, Tỉnh Lào Cai",0.0,3.0,1,0,0.0,0.0,459.2,0.0,5.0,1,Stopped,0,0,0,0,0,VALID,VALID
21C-04064,2026-08-15 22:14:00,459.2,0.0,0.0,"Xã Yên Bình, Tỉnh Lào Cai",0.0,2.0,1,0,0.0,0.0,459.2,0.0,5.0,1,Stopped,0,0,0,0,0,VALID,VALID
21C-04064,2026-08-15 22:16:00,459.2,0.0,0.0,"Xã Yên Bình, Tỉnh Lào Cai",0.0,2.0,1,0,0.0,0.0,459.2,0.0,5.0,1,Stopped,0,0,0,0,0,VALID,VALID
21C-04064,2026-08-15 22:18:00,459.2,0.0,0.0,"Xã Yên Bình, Tỉnh Lào Cai",0.0,2.0,1,0,0.0,0.0,459.2,0.0,5.0,1,Stopped,0,0,0,0,0,VALID,VALID
21C-04064,2026-08-15 22:20:00,459.2,0.0,0.0,"Xã Yên Bình, Tỉnh Lào Cai",0.0,2.0,1,0,0.0,0.0,459.2,0.0,5.0,1,Stopped,0,0,0,0,0,VALID,VALID
21C-04064,2026-08-15 22:22:00,459.2,0.0,0.0,"Xã Yên Bình, Tỉnh Lào Cai",0.0,2.0,1,0,0.0,0.0,459.2,0.0,5.0,1,Stopped,0,0,0,0,0,VALID,VALID
21C-04064,2026-08-15 22:25:00,459.2,0.0,0.0,"Xã Yên Bình, Tỉnh Lào Cai",0.0,3.0,1,0,0.0,0.0,459.2,0.0,5.0,1,Stopped,0,0,0,0,0,VALID,VALID
21C-04064,2026-08-15 22:27:00,459.2,0.0,0.0,"Xã Yên Bình, Tỉnh Lào Cai",0.0,2.0,1,0,0.0,0.0,459.2,0.0,5.0,1,Stopped,0,0,0,0,0,VALID,VALID
21C-04064,2026-08-15 22:29:00,459.2,0.0,0.0,"Xã Yên Bình, Tỉnh Lào Cai",0.0,2.0,1,0,0.0,0.0,459.2,0.0,5.0,1,Stopped,0,0,0,0,0,VALID,VALID
21C-04064,2026-08-15 22:31:00,459.2,0.0,0.0,"Xã Yên Bình, Tỉnh Lào Cai",0.0,2.0,1,0,0.0,0.0,459.2,0.0,5.0,1,Stopped,0,0,0,0,0,VALID,VALID
21C-04064,2026-08-15 22:33:00,459.2,0.0,0.0,"Xã Yên Bình, Tỉnh Lào Cai",0.0,2.0,1,0,0.0,0.0,459.2,0.0,5.0,1,Stopped,0,0,0,0,0,VALID,VALID
21C-04064,2026-08-15 22:36:00,459.2,0.0,0.0,"Xã Yên Bình, Tỉnh Lào Cai",0.0,3.0,1,0,0.0,0.0,459.2,0.0,5.0,1,Stopped,0,0,0,0,0,VALID,VALID
21C-04064,2026-08-15 22:38:00,459.2,0.0,0.0,"Xã Yên Bình, Tỉnh Lào Cai",0.0,2.0,1,0,0.0,0.0,459.2,0.0,5.0,1,Stopped,0,0,0,0,0,VALID,VALID
21C-04064,2026-08-15 22:40:00,459.2,0.0,0.0,"Xã Yên Bình, Tỉnh Lào Cai",0.0,2.0,1,0,0.0,0.0,459.2,0.0,5.0,1,Stopped,0,0,0,0,0,VALID,VALID
21C-04064,2026-08-15 22:42:00,459.2,0.0,0.0,"Xã Yên Bình, Tỉnh Lào Cai",0.0,2.0,1,0,0.0,0.0,459.2,0.0,5.0,1,Stopped,0,0,0,0,0,VALID,VALID
21C-04064,2026-08-15 22:44:00,459.2,0.0,0.0,"Xã Yên Bình, Tỉnh Lào Cai",0.0,2.0,1,0,0.0,0.0,459.2,0.0,5.0,1,Stopped,0,0,0,0,0,VALID,VALID
21C-04064,2026-08-15 22:46:00,459.2,0.0,0.0,"Xã Yên Bình, Tỉnh Lào Cai",0.0,2.0,1,0,0.0,0.0,459.2,0.0,5.0,1,Stopped,0,0,0,0,0,VALID,VALID
21C-04064,2026-08-15 22:49:00,459.2,0.0,0.0,"Xã Yên Bình, Tỉnh Lào Cai",0.0,3.0,1,0,0.0,0.0,459.2,0.0,5.0,1,Stopped,0,0,0,0,0,VALID,VALID
21C-04064,2026-08-15 22:51:00,459.2,0.0,0.0,"Xã Yên Bình, Tỉnh Lào Cai",0.0,2.0,1,0,0.0,0.0,459.2,0.0,5.0,1,Stopped,0,0,0,0,0,VALID,VALID
21C-04064,2026-08-15 22:53:00,459.2,0.0,0.0,"Xã Yên Bình, Tỉnh Lào Cai",0.0,2.0,1,0,0.0,0.0,459.2,0.0,5.0,1,Stopped,0,0,0,0,0,VALID,VALID
21C-04064,2026-08-15 22:55:00,459.2,0.0,0.0,"Xã Yên Bình, Tỉnh Lào Cai",0.0,2.0,1,0,0.0,0.0,459.2,0.0,5.0,1,Stopped,0,0,0,0,0,VALID,VALID
21C-04064,2026-08-15 22:57:00,459.2,0.0,0.0,"Xã Yên Bình, Tỉnh Lào Cai",0.0,2.0,1,0,0.0,0.0,459.2,0.0,5.0,1,Stopped,0,0,0,0,0,VALID,VALID
21C-04064,2026-08-15 23:00:00,459.2,0.0,0.0,"Xã Yên Bình, Tỉnh Lào Cai",0.0,3.0,1,0,0.0,0.0,459.2,0.0,5.0,1,Stopped,0,0,0,0,0,VALID,VALID
21C-04064,2026-08-15 23:02:00,459.2,0.0,0.0,"Xã Yên Bình, Tỉnh Lào Cai",0.0,2.0,1,0,0.0,0.0,459.2,0.0,5.0,1,Stopped,0,0,0,0,0,VALID,VALID
21C-04064,2026-08-15 23:04:00,459.2,0.0,0.0,"Xã Yên Bình, Tỉnh Lào Cai",0.0,2.0,1,0,0.0,0.0,459.2,0.0,5.0,1,Stopped,0,0,0,0,0,VALID,VALID
21C-04064,2026-08-15 23:06:00,459.3,0.0,0.0,"Xã Yên Bình, Tỉnh Lào Cai",0.0,2.0,1,0,0.10000000000002274,0.05000000000001137,459.2,0.044721360514829896,5.0,1,Stopped,0,0,0,0,0,VALID,VALID
21C-04064,2026-08-15 23:08:00,459.3,0.0,0.0,"Xã Yên Bình, Tỉnh Lào Cai",0.0,2.0,1,0,0.0,0.0,459.2,0.05477225653831878,5.0,1,Stopped,0,0,0,0,0,VALID,VALID
21C-04064,2026-08-15 23:10:00,459.3,0.0,0.0,"Xã Yên Bình, Tỉnh Lào Cai",0.0,2.0,1,0,0.0,0.0,459.3,0.054772256538342126,5.0,1,Stopped,0,0,0,0,0,VALID,VALID
21C-04064,2026-08-15 23:13:00,459.3,0.0,0.0,"Xã Yên Bình, Tỉnh Lào Cai",0.0,3.0,1,0,0.0,0.0,459.3,0.044721360514915695,5.0,1,Stopped,0,0,0,0,0,VALID,VALID
21C-04064,2026-08-15 23:15:00,459.3,0.0,0.0,"Xã Yên Bình, Tỉnh Lào Cai",0.0,2.0,1,0,0.0,0.0,459.3,0.0,5.0,1,Stopped,0,0,0,0,0,VALID,VALID
21C-04064,2026-08-15 23:17:00,459.3,0.0,0.0,"Xã Yên Bình, Tỉnh Lào Cai",0.0,2.0,1,0,0.0,0.0,459.3,0.0,5.0,1,Stopped,0,0,0,0,0,VALID,VALID
21C-04064,2026-08-15 23:19:00,459.3,0.0,0.0,"Xã Yên Bình, Tỉnh Lào Cai",0.0,2.0,1,0,0.0,0.0,459.3,0.0,5.0,1,Stopped,0,0,0,0,0,VALID,VALID
21C-04064,2026-08-15 23:21:00,459.3,0.0,0.0,"Xã Yên Bình, Tỉnh Lào Cai",0.0,2.0,1,0,0.0,0.0,459.3,0.0,5.0,1,Stopped,0,0,0,0,0,VALID,VALID
21C-04064,2026-08-15 23:24:00,459.3,0.0,0.0,"Xã Yên Bình, Tỉnh Lào Cai",0.0,3.0,1,0,0.0,0.0,459.3,0.0,5.0,1,Stopped,0,0,0,0,0,VALID,VALID
21C-04064,2026-08-15 23:26:00,459.3,0.0,0.0,"Xã Yên Bình, Tỉnh Lào Cai",0.0,2.0,1,0,0.0,0.0,459.3,0.0,5.0,1,Stopped,0,0,0,0,0,VALID,VALID
21C-04064,2026-08-15 23:28:00,459.3,0.0,0.0,"Xã Yên Bình, Tỉnh Lào Cai",0.0,2.0,1,0,0.0,0.0,459.3,0.0,5.0,1,Stopped,0,0,0,0,0,VALID,VALID
21C-04064,2026-08-15 23:30:00,459.3,0.0,0.0,"Xã Yên Bình, Tỉnh Lào Cai",0.0,2.0,1,0,0.0,0.0,459.3,0.0,5.0,1,Stopped,0,0,0,0,0,VALID,VALID
21C-04064,2026-08-15 23:32:00,459.3,0.0,0.0,"Xã Yên Bình, Tỉnh Lào Cai",0.0,2.0,1,0,0.0,0.0,459.3,0.0,5.0,1,Stopped,0,0,0,0,0,VALID,VALID
21C-04064,2026-08-15 23:34:00,459.3,0.0,0.0,"Xã Yên Bình, Tỉnh Lào Cai",0.0,2.0,1,0,0.0,0.0,459.3,0.0,5.0,1,Stopped,0,0,0,0,0,VALID,VALID
21C-04064,2026-08-15 23:37:00,459.3,0.0,0.0,"Xã Yên Bình, Tỉnh Lào Cai",0.0,3.0,1,0,0.0,0.0,459.3,0.0,5.0,1,Stopped,0,0,0,0,0,VALID,VALID
21C-04064,2026-08-15 23:39:00,459.3,0.0,0.0,"Xã Yên Bình, Tỉnh Lào Cai",0.0,2.0,1,0,0.0,0.0,459.3,0.0,5.0,1,Stopped,0,0,0,0,0,VALID,VALID
21C-04064,2026-08-15 23:41:00,459.3,0.0,0.0,"Xã Yên Bình, Tỉnh Lào Cai",0.0,2.0,1,0,0.0,0.0,459.3,0.0,5.0,1,Stopped,0,0,0,0,0,VALID,VALID
21C-04064,2026-08-15 23:43:00,459.3,0.0,0.0,"Xã Yên Bình, Tỉnh Lào Cai",0.0,2.0,1,0,0.0,0.0,459.3,0.0,5.0,1,Stopped,0,0,0,0,0,VALID,VALID
21C-04064,2026-08-15 23:46:00,459.3,0.0,0.0,"Xã Yên Bình, Tỉnh Lào Cai",0.0,3.0,1,0,0.0,0.0,459.3,0.0,5.0,1,Stopped,0,0,0,0,0,VALID,VALID
21C-04064,2026-08-15 23:48:00,459.3,0.0,0.0,"Xã Yên Bình, Tỉnh Lào Cai",0.0,2.0,1,0,0.0,0.0,459.3,0.0,5.0,1,Stopped,0,0,0,0,0,VALID,VALID
21C-04064,2026-08-15 23:50:00,459.3,0.0,0.0,"Xã Yên Bình, Tỉnh Lào Cai",0.0,2.0,1,0,0.0,0.0,459.3,0.0,5.0,1,Stopped,0,0,0,0,0,VALID,VALID
21C-04064,2026-08-15 23:52:00,459.3,0.0,0.0,"Xã Yên Bình, Tỉnh Lào Cai",0.0,2.0,1,0,0.0,0.0,459.3,0.0,5.0,1,Stopped,0,0,0,0,0,VALID,VALID
21C-04064,2026-08-15 23:54:00,459.3,0.0,0.0,"Xã Yên Bình, Tỉnh Lào Cai",0.0,2.0,1,0,0.0,0.0,459.3,0.0,5.0,1,Stopped,0,0,0,0,0,VALID,VALID
21C-04064,2026-08-15 23:56:00,459.3,0.0,0.0,"Xã Yên Bình, Tỉnh Lào Cai",0.0,2.0,1,0,0.0,0.0,459.3,0.0,5.0,1,Stopped,0,0,0,0,0,VALID,VALID
21C-04064,2026-08-15 23:59:00,459.3,0.0,0.0,"Xã Yên Bình, Tỉnh Lào Cai",0.0,3.0,1,0,0.0,0.0,459.3,0.0,5.0,1,Stopped,0,0,0,0,0,VALID,VALID
21C-04064,2026-08-16 00:00:00,459.3,0.0,0.0,"Xã Yên Bình, Tỉnh Lào Cai",0.0,1.0,1,0,0.0,0.0,459.3,0.0,5.0,1,Stopped,0,0,0,0,0,VALID,VALID
21C-04064,2026-08-16 00:02:00,459.3,0.0,0.0,"Xã Yên Bình, Tỉnh Lào Cai",0.0,2.0,1,0,0.0,0.0,459.3,0.0,5.0,1,Stopped,0,0,0,0,0,VALID,VALID
21C-04064,2026-08-16 00:04:00,459.3,0.0,0.0,"Xã Yên Bình, Tỉnh Lào Cai",0.0,2.0,1,0,0.0,0.0,459.3,0.0,5.0,1,Stopped,0,0,0,0,0,VALID,VALID
21C-04064,2026-08-16 00:06:00,459.3,0.0,0.0,"Xã Yên Bình, Tỉnh Lào Cai",0.0,2.0,1,0,0.0,0.0,459.3,0.0,5.0,1,Stopped,0,0,0,0,0,VALID,VALID
21C-04064,2026-08-16 00:08:00,459.3,0.0,0.0,"Xã Yên Bình, Tỉnh Lào Cai",0.0,2.0,1,0,0.0,0.0,459.3,0.0,5.0,1,Stopped,0,0,0,0,0,VALID,VALID
21C-04064,2026-08-16 00:10:00,459.3,0.0,0.0,"Xã Yên Bình, Tỉnh Lào Cai",0.0,2.0,1,0,0.0,0.0,459.3,0.0,5.0,1,Stopped,0,0,0,0,0,VALID,VALID
21C-04064,2026-08-16 00:13:00,459.3,0.0,0.0,"Xã Yên Bình, Tỉnh Lào Cai",0.0,3.0,1,0,0.0,0.0,459.3,0.0,5.0,1,Stopped,0,0,0,0,0,VALID,VALID
21C-04064,2026-08-16 00:15:00,459.3,0.0,0.0,"Xã Yên Bình, Tỉnh Lào Cai",0.0,2.0,1,0,0.0,0.0,459.3,0.0,5.0,1,Stopped,0,0,0,0,0,VALID,VALID
21C-04064,2026-08-16 00:17:00,459.3,0.0,0.0,"Xã Yên Bình, Tỉnh Lào Cai",0.0,2.0,1,0,0.0,0.0,459.3,0.0,5.0,1,Stopped,0,0,0,0,0,VALID,VALID
21C-04064,2026-08-16 00:19:00,459.3,0.0,0.0,"Xã Yên Bình, Tỉnh Lào Cai",0.0,2.0,1,0,0.0,0.0,459.3,0.0,5.0,1,Stopped,0,0,0,0,0,VALID,VALID
21C-04064,2026-08-16 00:21:00,459.3,0.0,0.0,"Xã Yên Bình, Tỉnh Lào Cai",0.0,2.0,1,0,0.0,0.0,459.3,0.0,5.0,1,Stopped,0,0,0,0,0,VALID,VALID
21C-04064,2026-08-16 00:24:00,459.3,0.0,0.0,"Xã Yên Bình, Tỉnh Lào Cai",0.0,3.0,1,0,0.0,0.0,459.3,0.0,5.0,1,Stopped,0,0,0,0,0,VALID,VALID
21C-04064,2026-08-16 00:26:00,459.3,0.0,0.0,"Xã Yên Bình, Tỉnh Lào Cai",0.0,2.0,1,0,0.0,0.0,459.3,0.0,5.0,1,Stopped,0,0,0,0,0,VALID,VALID
21C-04064,2026-08-16 00:28:00,459.3,0.0,0.0,"Xã Yên Bình, Tỉnh Lào Cai",0.0,2.0,1,0,0.0,0.0,459.3,0.0,5.0,1,Stopped,0,0,0,0,0,VALID,VALID
21C-04064,2026-08-16 00:30:00,459.3,0.0,0.0,"Xã Yên Bình, Tỉnh Lào Cai",0.0,2.0,1,0,0.0,0.0,459.3,0.0,5.0,1,Stopped,0,0,0,0,0,VALID,VALID
21C-04064,2026-08-16 00:32:00,459.3,0.0,0.0,"Xã Yên Bình, Tỉnh Lào Cai",0.0,2.0,1,0,0.0,0.0,459.3,0.0,5.0,1,Stopped,0,0,0,0,0,VALID,VALID
21C-04064,2026-08-16 00:34:00,459.3,0.0,0.0,"Xã Yên Bình, Tỉnh Lào Cai",0.0,2.0,1,0,0.0,0.0,459.3,0.0,5.0,1,Stopped,0,0,0,0,0,VALID,VALID
21C-04064,2026-08-16 00:37:00,459.3,0.0,0.0,"Xã Yên Bình, Tỉnh Lào Cai",0.0,3.0,1,0,0.0,0.0,459.3,0.0,5.0,1,Stopped,0,0,0,0,0,VALID,VALID
21C-04064,2026-08-16 00:39:00,459.3,0.0,0.0,"Xã Yên Bình, Tỉnh Lào Cai",0.0,2.0,1,0,0.0,0.0,459.3,0.0,5.0,1,Stopped,0,0,0,0,0,VALID,VALID
21C-04064,2026-08-16 00:41:00,459.3,0.0,0.0,"Xã Yên Bình, Tỉnh Lào Cai",0.0,2.0,1,0,0.0,0.0,459.3,0.0,5.0,1,Stopped,0,0,0,0,0,VALID,VALID
21C-04064,2026-08-16 00:43:00,459.3,0.0,0.0,"Xã Yên Bình, Tỉnh Lào Cai",0.0,2.0,1,0,0.0,0.0,459.3,0.0,5.0,1,Stopped,0,0,0,0,0,VALID,VALID
21C-04064,2026-08-16 00:45:00,459.3,0.0,0.0,"Xã Yên Bình, Tỉnh Lào Cai",0.0,2.0,1,0,0.0,0.0,459.3,0.0,5.0,1,Stopped,0,0,0,0,0,VALID,VALID
21C-04064,2026-08-16 00:48:00,459.3,0.0,0.0,"Xã Yên Bình, Tỉnh Lào Cai",0.0,3.0,1,0,0.0,0.0,459.3,0.0,5.0,1,Stopped,0,0,0,0,0,VALID,VALID
21C-04064,2026-08-16 00:50:00,459.3,0.0,0.0,"Xã Yên Bình, Tỉnh Lào Cai",0.0,2.0,1,0,0.0,0.0,459.3,0.0,5.0,1,Stopped,0,0,0,0,0,VALID,VALID
21C-04064,2026-08-16 00:52:00,459.3,0.0,0.0,"Xã Yên Bình, Tỉnh Lào Cai",0.0,2.0,1,0,0.0,0.0,459.3,0.0,5.0,1,Stopped,0,0,0,0,0,VALID,VALID
21C-04064,2026-08-16 00:54:00,459.3,0.0,0.0,"Xã Yên Bình, Tỉnh Lào Cai",0.0,2.0,1,0,0.0,0.0,459.3,0.0,5.0,1,Stopped,0,0,0,0,0,VALID,VALID
21C-04064,2026-08-16 00:56:00,459.3,0.0,0.0,"Xã Yên Bình, Tỉnh Lào Cai",0.0,2.0,1,0,0.0,0.0,459.3,0.0,5.0,1,Stopped,0,0,0,0,0,VALID,VALID
21C-04064,2026-08-16 00:58:00,459.3,0.0,0.0,"Xã Yên Bình, Tỉnh Lào Cai",0.0,2.0,1,0,0.0,0.0,459.3,0.0,5.0,1,Stopped,0,0,0,0,0,VALID,VALID
21C-04064,2026-08-16 01:01:00,459.3,0.0,0.0,"Xã Yên Bình, Tỉnh Lào Cai",0.0,3.0,1,0,0.0,0.0,459.3,0.0,5.0,1,Stopped,0,0,0,0,0,VALID,VALID
21C-04064,2026-08-16 01:03:00,459.3,0.0,0.0,"Xã Yên Bình, Tỉnh Lào Cai",0.0,2.0,1,0,0.0,0.0,459.3,0.0,5.0,1,Stopped,0,0,0,0,0,VALID,VALID
21C-04064,2026-08-16 01:05:00,459.3,0.0,0.0,"Xã Yên Bình, Tỉnh Lào Cai",0.0,2.0,1,0,0.0,0.0,459.3,0.0,5.0,1,Stopped,0,0,0,0,0,VALID,VALID
21C-04064,2026-08-16 01:07:00,459.3,0.0,0.0,"Xã Yên Bình, Tỉnh Lào Cai",0.0,2.0,1,0,0.0,0.0,459.3,0.0,5.0,1,Stopped,0,0,0,0,0,VALID,VALID
21C-04064,2026-08-16 01:09:00,459.3,0.0,0.0,"Xã Yên Bình, Tỉnh Lào Cai",0.0,2.0,1,0,0.0,0.0,459.3,0.0,5.0,1,Stopped,0,0,0,0,0,VALID,VALID
21C-04064,2026-08-16 01:12:00,459.3,0.0,0.0,"Xã Yên Bình, Tỉnh Lào Cai",0.0,3.0,1,0,0.0,0.0,459.3,0.0,5.0,1,Stopped,0,0,0,0,0,VALID,VALID
21C-04064,2026-08-16 01:14:00,459.3,0.0,0.0,"Xã Yên Bình, Tỉnh Lào Cai",0.0,2.0,1,0,0.0,0.0,459.3,0.0,5.0,1,Stopped,0,0,0,0,0,VALID,VALID
21C-04064,2026-08-16 01:16:00,459.3,0.0,0.0,"Xã Yên Bình, Tỉnh Lào Cai",0.0,2.0,1,0,0.0,0.0,459.3,0.0,5.0,1,Stopped,0,0,0,0,0,VALID,VALID
21C-04064,2026-08-16 01:18:00,459.3,0.0,0.0,"Xã Yên Bình, Tỉnh Lào Cai",0.0,2.0,1,0,0.0,0.0,459.3,0.0,5.0,1,Stopped,0,0,0,0,0,VALID,VALID
21C-04064,2026-08-16 01:20:00,459.3,0.0,0.0,"Xã Yên Bình, Tỉnh Lào Cai",0.0,2.0,1,0,0.0,0.0,459.3,0.0,5.0,1,Stopped,0,0,0,0,0,VALID,VALID
21C-04064,2026-08-16 01:22:00,459.3,0.0,0.0,"Xã Yên Bình, Tỉnh Lào Cai",0.0,2.0,1,0,0.0,0.0,459.3,0.0,5.0,1,Stopped,0,0,0,0,0,VALID,VALID
21C-04064,2026-08-16 01:25:00,459.3,0.0,0.0,"Xã Yên Bình, Tỉnh Lào Cai",0.0,3.0,1,0,0.0,0.0,459.3,0.0,5.0,1,Stopped,0,0,0,0,0,VALID,VALID
21C-04064,2026-08-16 01:27:00,459.3,0.0,0.0,"Xã Yên Bình, Tỉnh Lào Cai",0.0,2.0,1,0,0.0,0.0,459.3,0.0,5.0,1,Stopped,0,0,0,0,0,VALID,VALID
21C-04064,2026-08-16 01:29:00,459.3,0.0,0.0,"Xã Yên Bình, Tỉnh Lào Cai",0.0,2.0,1,0,0.0,0.0,459.3,0.0,5.0,1,Stopped,0,0,0,0,0,VALID,VALID
21C-04064,2026-08-16 01:31:00,459.3,0.0,0.0,"Xã Yên Bình, Tỉnh Lào Cai",0.0,2.0,1,0,0.0,0.0,459.3,0.0,5.0,1,Stopped,0,0,0,0,0,VALID,VALID
21C-04064,2026-08-16 01:33:00,459.3,0.0,0.0,"Xã Yên Bình, Tỉnh Lào Cai",0.0,2.0,1,0,0.0,0.0,459.3,0.0,5.0,1,Stopped,0,0,0,0,0,VALID,VALID
21C-04064,2026-08-16 01:36:00,459.3,0.0,0.0,"Xã Yên Bình, Tỉnh Lào Cai",0.0,3.0,1,0,0.0,0.0,459.3,0.0,5.0,1,Stopped,0,0,0,0,0,VALID,VALID
21C-04064,2026-08-16 01:38:00,459.3,0.0,0.0,"Xã Yên Bình, Tỉnh Lào Cai",0.0,2.0,1,0,0.0,0.0,459.3,0.0,5.0,1,Stopped,0,0,0,0,0,VALID,VALID
21C-04064,2026-08-16 01:40:00,459.3,0.0,0.0,"Xã Yên Bình, Tỉnh Lào Cai",0.0,2.0,1,0,0.0,0.0,459.3,0.0,5.0,1,Stopped,0,0,0,0,0,VALID,VALID
21C-04064,2026-08-16 01:42:00,459.3,0.0,0.0,"Xã Yên Bình, Tỉnh Lào Cai",0.0,2.0,1,0,0.0,0.0,459.3,0.0,5.0,1,Stopped,0,0,0,0,0,VALID,VALID
21C-04064,2026-08-16 01:44:00,459.3,0.0,0.0,"Xã Yên Bình, Tỉnh Lào Cai",0.0,2.0,1,0,0.0,0.0,459.3,0.0,5.0,1,Stopped,0,0,0,0,0,VALID,VALID
21C-04064,2026-08-16 01:46:00,459.3,0.0,0.0,"Xã Yên Bình, Tỉnh Lào Cai",0.0,2.0,1,0,0.0,0.0,459.3,0.0,5.0,1,Stopped,0,0,0,0,0,VALID,VALID
21C-04064,2026-08-16 01:49:00,459.3,0.0,0.0,"Xã Yên Bình, Tỉnh Lào Cai",0.0,3.0,1,0,0.0,0.0,459.3,0.0,5.0,1,Stopped,0,0,0,0,0,VALID,VALID
21C-04064,2026-08-16 01:51:00,459.3,0.0,0.0,"Xã Yên Bình, Tỉnh Lào Cai",0.0,2.0,1,0,0.0,0.0,459.3,0.0,5.0,1,Stopped,0,0,0,0,0,VALID,VALID
21C-04064,2026-08-16 01:53:00,459.3,0.0,0.0,"Xã Yên Bình, Tỉnh Lào Cai",0.0,2.0,1,0,0.0,0.0,459.3,0.0,5.0,1,Stopped,0,0,0,0,0,VALID,VALID
21C-04064,2026-08-16 01:55:00,459.3,0.0,0.0,"Xã Yên Bình, Tỉnh Lào Cai",0.0,2.0,1,0,0.0,0.0,459.3,0.0,5.0,1,Stopped,0,0,0,0,0,VALID,VALID
21C-04064,2026-08-16 01:57:00,459.3,0.0,0.0,"Xã Yên Bình, Tỉnh Lào Cai",0.0,2.0,1,0,0.0,0.0,459.3,0.0,5.0,1,Stopped,0,0,0,0,0,VALID,VALID
21C-04064,2026-08-16 02:00:00,459.3,0.0,0.0,"Xã Yên Bình, Tỉnh Lào Cai",0.0,3.0,1,0,0.0,0.0,459.3,0.0,5.0,1,Stopped,0,0,0,0,0,VALID,VALID
21C-04064,2026-08-16 02:02:00,459.3,0.0,0.0,"Xã Yên Bình, Tỉnh Lào Cai",0.0,2.0,1,0,0.0,0.0,459.3,0.0,5.0,1,Stopped,0,0,0,0,0,VALID,VALID
21C-04064,2026-08-16 02:04:00,459.3,0.0,0.0,"Xã Yên Bình, Tỉnh Lào Cai",0.0,2.0,1,0,0.0,0.0,459.3,0.0,5.0,1,Stopped,0,0,0,0,0,VALID,VALID
21C-04064,2026-08-16 02:06:00,458.9,0.0,0.0,"Xã Yên Bình, Tỉnh Lào Cai",0.0,2.0,1,0,-0.4000000000000341,-0.20000000000001705,459.3,0.17888543844115912,5.0,1,Stopped,0,0,0,0,0,VALID,VALID
21C-04064,2026-08-16 02:08:00,459.3,0.0,0.0,"Xã Yên Bình, Tỉnh Lào Cai",0.0,2.0,1,0,0.4000000000000341,0.20000000000001705,459.3,0.17888543844115912,5.0,1,Stopped,0,0,0,0,0,VALID,VALID
21C-04064,2026-08-16 02:10:00,459.3,0.0,0.0,"Xã Yên Bình, Tỉnh Lào Cai",0.0,2.0,1,0,0.0,0.0,459.3,0.17888543844115912,5.0,1,Stopped,0,0,0,0,0,VALID,VALID
21C-04064,2026-08-16 02:12:00,459.3,0.0,0.0,"Xã Yên Bình, Tỉnh Lào Cai",0.0,2.0,1,0,0.0,0.0,459.3,0.17888543844115912,5.0,1,Stopped,0,0,0,0,0,VALID,VALID
21C-04064,2026-08-16 02:14:00,459.3,0.0,0.0,"Xã Yên Bình, Tỉnh Lào Cai",0.0,2.0,1,0,0.0,0.0,459.3,0.17888543844115912,5.0,1,Stopped,0,0,0,0,0,VALID,VALID
21C-04064,2026-08-16 02:16:00,459.3,0.0,0.0,"Xã Yên Bình, Tỉnh Lào Cai",0.0,2.0,1,0,0.0,0.0,459.3,0.0,5.0,1,Stopped,0,0,0,0,0,VALID,VALID
21C-04064,2026-08-16 02:18:00,459.3,0.0,0.0,"Xã Yên Bình, Tỉnh Lào Cai",0.0,2.0,1,0,0.0,0.0,459.3,0.0,5.0,1,Stopped,0,0,0,0,0,VALID,VALID
21C-04064,2026-08-16 02:21:00,459.3,0.0,0.0,"Xã Yên Bình, Tỉnh Lào Cai",0.0,3.0,1,0,0.0,0.0,459.3,0.0,5.0,1,Stopped,0,0,0,0,0,VALID,VALID
21C-04064,2026-08-16 02:23:00,459.3,0.0,0.0,"Xã Yên Bình, Tỉnh Lào Cai",0.0,2.0,1,0,0.0,0.0,459.3,0.0,5.0,1,Stopped,0,0,0,0,0,VALID,VALID
21C-04064,2026-08-16 02:25:00,459.3,0.0,0.0,"Xã Yên Bình, Tỉnh Lào Cai",0.0,2.0,1,0,0.0,0.0,459.3,0.0,5.0,1,Stopped,0,0,0,0,0,VALID,VALID
21C-04064,2026-08-16 02:27:00,459.3,0.0,0.0,"Xã Yên Bình, Tỉnh Lào Cai",0.0,2.0,1,0,0.0,0.0,459.3,0.0,5.0,1,Stopped,0,0,0,0,0,VALID,VALID
21C-04064,2026-08-16 02:29:00,459.3,0.0,0.0,"Xã Yên Bình, Tỉnh Lào Cai",0.0,2.0,1,0,0.0,0.0,459.3,0.0,5.0,1,Stopped,0,0,0,0,0,VALID,VALID
21C-04064,2026-08-16 02:32:00,459.3,0.0,0.0,"Xã Yên Bình, Tỉnh Lào Cai",0.0,3.0,1,0,0.0,0.0,459.3,0.0,5.0,1,Stopped,0,0,0,0,0,VALID,VALID
21C-04064,2026-08-16 02:34:00,459.3,0.0,0.0,"Xã Yên Bình, Tỉnh Lào Cai",0.0,2.0,1,0,0.0,0.0,459.3,0.0,5.0,1,Stopped,0,0,0,0,0,VALID,VALID
21C-04064,2026-08-16 02:36:00,459.3,0.0,0.0,"Xã Yên Bình, Tỉnh Lào Cai",0.0,2.0,1,0,0.0,0.0,459.3,0.0,5.0,1,Stopped,0,0,0,0,0,VALID,VALID
21C-04064,2026-08-16 02:38:00,459.3,0.0,0.0,"Xã Yên Bình, Tỉnh Lào Cai",0.0,2.0,1,0,0.0,0.0,459.3,0.0,5.0,1,Stopped,0,0,0,0,0,VALID,VALID
21C-04064,2026-08-16 02:40:00,459.3,0.0,0.0,"Xã Yên Bình, Tỉnh Lào Cai",0.0,2.0,1,0,0.0,0.0,459.3,0.0,5.0,1,Stopped,0,0,0,0,0,VALID,VALID
21C-04064,2026-08-16 02:42:00,459.3,0.0,0.0,"Xã Yên Bình, Tỉnh Lào Cai",0.0,2.0,1,0,0.0,0.0,459.3,0.0,5.0,1,Stopped,0,0,0,0,0,VALID,VALID
21C-04064,2026-08-16 02:45:00,459.3,0.0,0.0,"Xã Yên Bình, Tỉnh Lào Cai",0.0,3.0,1,0,0.0,0.0,459.3,0.0,5.0,1,Stopped,0,0,0,0,0,VALID,VALID
21C-04064,2026-08-16 02:47:00,459.3,0.0,0.0,"Xã Yên Bình, Tỉnh Lào Cai",0.0,2.0,1,0,0.0,0.0,459.3,0.0,5.0,1,Stopped,0,0,0,0,0,VALID,VALID
21C-04064,2026-08-16 02:49:00,459.3,0.0,0.0,"Xã Yên Bình, Tỉnh Lào Cai",0.0,2.0,1,0,0.0,0.0,459.3,0.0,5.0,1,Stopped,0,0,0,0,0,VALID,VALID
21C-04064,2026-08-16 02:51:00,459.3,0.0,0.0,"Xã Yên Bình, Tỉnh Lào Cai",0.0,2.0,1,0,0.0,0.0,459.3,0.0,5.0,1,Stopped,0,0,0,0,0,VALID,VALID
21C-04064,2026-08-16 02:53:00,459.3,0.0,0.0,"Xã Yên Bình, Tỉnh Lào Cai",0.0,2.0,1,0,0.0,0.0,459.3,0.0,5.0,1,Stopped,0,0,0,0,0,VALID,VALID
21C-04064,2026-08-16 02:56:00,459.3,0.0,0.0,"Xã Yên Bình, Tỉnh Lào Cai",0.0,3.0,1,0,0.0,0.0,459.3,0.0,5.0,1,Stopped,0,0,0,0,0,VALID,VALID
21C-04064,2026-08-16 02:58:00,459.3,0.0,0.0,"Xã Yên Bình, Tỉnh Lào Cai",0.0,2.0,1,0,0.0,0.0,459.3,0.0,5.0,1,Stopped,0,0,0,0,0,VALID,VALID
21C-04064,2026-08-16 03:00:00,459.3,0.0,0.0,"Xã Yên Bình, Tỉnh Lào Cai",0.0,2.0,1,0,0.0,0.0,459.3,0.0,5.0,1,Stopped,0,0,0,0,0,VALID,VALID
21C-04064,2026-08-16 03:02:00,459.5,0.0,0.0,"Xã Yên Bình, Tỉnh Lào Cai",0.0,2.0,1,0,0.19999999999998863,0.09999999999999432,459.3,0.08944271958254622,5.0,1,Stopped,0,0,0,0,0,VALID,VALID
21C-04064,2026-08-16 03:04:00,459.5,0.0,0.0,"Xã Yên Bình, Tỉnh Lào Cai",0.0,2.0,1,0,0.0,0.0,459.3,0.10954451189511384,5.0,1,Stopped,0,0,0,0,0,VALID,VALID
21C-04064,2026-08-16 03:06:00,459.5,0.0,0.0,"Xã Yên Bình, Tỉnh Lào Cai",0.0,2.0,1,0,0.0,0.0,459.5,0.10954451189520595,5.0,1,Stopped,0,0,0,0,0,VALID,VALID
21C-04064,2026-08-16 03:09:00,459.5,0.0,0.0,"Xã Yên Bình, Tỉnh Lào Cai",0.0,3.0,1,0,0.0,0.0,459.5,0.08944271958288465,5.0,1,Stopped,0,0,0,0,0,VALID,VALID
21C-04064,2026-08-16 03:11:00,459.5,0.0,0.0,"Xã Yên Bình, Tỉnh Lào Cai",0.0,2.0,1,0,0.0,0.0,459.5,0.0,5.0,1,Stopped,0,0,0,0,0,VALID,VALID
21C-04064,2026-08-16 03:13:00,459.5,0.0,0.0,"Xã Yên Bình, Tỉnh Lào Cai",0.0,2.0,1,0,0.0,0.0,459.5,0.0,5.0,1,Stopped,0,0,0,0,0,VALID,VALID
21C-04064,2026-08-16 03:15:00,459.5,0.0,0.0,"Xã Yên Bình, Tỉnh Lào Cai",0.0,2.0,1,0,0.0,0.0,459.5,0.0,5.0,1,Stopped,0,0,0,0,0,VALID,VALID
21C-04064,2026-08-16 03:17:00,459.5,0.0,0.0,"Xã Yên Bình, Tỉnh Lào Cai",0.0,2.0,1,0,0.0,0.0,459.5,0.0,5.0,1,Stopped,0,0,0,0,0,VALID,VALID
21C-04064,2026-08-16 03:20:00,459.5,0.0,0.0,"Xã Yên Bình, Tỉnh Lào Cai",0.0,3.0,1,0,0.0,0.0,459.5,0.0,5.0,1,Stopped,0,0,0,0,0,VALID,VALID
21C-04064,2026-08-16 03:22:00,459.5,0.0,0.0,"Xã Yên Bình, Tỉnh Lào Cai",0.0,2.0,1,0,0.0,0.0,459.5,0.0,5.0,1,Stopped,0,0,0,0,0,VALID,VALID
21C-04064,2026-08-16 03:24:00,459.5,0.0,0.0,"Xã Yên Bình, Tỉnh Lào Cai",0.0,2.0,1,0,0.0,0.0,459.5,0.0,5.0,1,Stopped,0,0,0,0,0,VALID,VALID
21C-04064,2026-08-16 03:26:00,459.5,0.0,0.0,"Xã Yên Bình, Tỉnh Lào Cai",0.0,2.0,1,0,0.0,0.0,459.5,0.0,5.0,1,Stopped,0,0,0,0,0,VALID,VALID
21C-04064,2026-08-16 03:28:00,459.5,0.0,0.0,"Xã Yên Bình, Tỉnh Lào Cai",0.0,2.0,1,0,0.0,0.0,459.5,0.0,5.0,1,Stopped,0,0,0,0,0,VALID,VALID
21C-04064,2026-08-16 03:30:00,459.5,0.0,0.0,"Xã Yên Bình, Tỉnh Lào Cai",0.0,2.0,1,0,0.0,0.0,459.5,0.0,5.0,1,Stopped,0,0,0,0,0,VALID,VALID
21C-04064,2026-08-16 03:33:00,459.5,0.0,0.0,"Xã Yên Bình, Tỉnh Lào Cai",0.0,3.0,1,0,0.0,0.0,459.5,0.0,5.0,1,Stopped,0,0,0,0,0,VALID,VALID
21C-04064,2026-08-16 03:35:00,459.5,0.0,0.0,"Xã Yên Bình, Tỉnh Lào Cai",0.0,2.0,1,0,0.0,0.0,459.5,0.0,5.0,1,Stopped,0,0,0,0,0,VALID,VALID
21C-04064,2026-08-16 03:37:00,459.5,0.0,0.0,"Xã Yên Bình, Tỉnh Lào Cai",0.0,2.0,1,0,0.0,0.0,459.5,0.0,5.0,1,Stopped,0,0,0,0,0,VALID,VALID
21C-04064,2026-08-16 03:39:00,459.5,0.0,0.0,"Xã Yên Bình, Tỉnh Lào Cai",0.0,2.0,1,0,0.0,0.0,459.5,0.0,5.0,1,Stopped,0,0,0,0,0,VALID,VALID
21C-04064,2026-08-16 03:41:00,459.5,0.0,0.0,"Xã Yên Bình, Tỉnh Lào Cai",0.0,2.0,1,0,0.0,0.0,459.5,0.0,5.0,1,Stopped,0,0,0,0,0,VALID,VALID
21C-04064,2026-08-16 03:44:00,459.5,0.0,0.0,"Xã Yên Bình, Tỉnh Lào Cai",0.0,3.0,1,0,0.0,0.0,459.5,0.0,5.0,1,Stopped,0,0,0,0,0,VALID,VALID
21C-04064,2026-08-16 03:46:00,459.5,0.0,0.0,"Xã Yên Bình, Tỉnh Lào Cai",0.0,2.0,1,0,0.0,0.0,459.5,0.0,5.0,1,Stopped,0,0,0,0,0,VALID,VALID
21C-04064,2026-08-16 03:48:00,459.5,0.0,0.0,"Xã Yên Bình, Tỉnh Lào Cai",0.0,2.0,1,0,0.0,0.0,459.5,0.0,5.0,1,Stopped,0,0,0,0,0,VALID,VALID
21C-04064,2026-08-16 03:50:00,459.5,0.0,0.0,"Xã Yên Bình, Tỉnh Lào Cai",0.0,2.0,1,0,0.0,0.0,459.5,0.0,5.0,1,Stopped,0,0,0,0,0,VALID,VALID
21C-04064,2026-08-16 03:52:00,459.5,0.0,0.0,"Xã Yên Bình, Tỉnh Lào Cai",0.0,2.0,1,0,0.0,0.0,459.5,0.0,5.0,1,Stopped,0,0,0,0,0,VALID,VALID
21C-04064,2026-08-16 03:54:00,459.5,0.0,0.0,"Xã Yên Bình, Tỉnh Lào Cai",0.0,2.0,1,0,0.0,0.0,459.5,0.0,5.0,1,Stopped,0,0,0,0,0,VALID,VALID
21C-04064,2026-08-16 03:57:00,459.5,0.0,0.0,"Xã Yên Bình, Tỉnh Lào Cai",0.0,3.0,1,0,0.0,0.0,459.5,0.0,5.0,1,Stopped,0,0,0,0,0,VALID,VALID
21C-04064,2026-08-16 03:59:00,459.5,0.0,0.0,"Xã Yên Bình, Tỉnh Lào Cai",0.0,2.0,1,0,0.0,0.0,459.5,0.0,5.0,1,Stopped,0,0,0,0,0,VALID,VALID
21C-04064,2026-08-16 04:01:00,459.5,0.0,0.0,"Xã Yên Bình, Tỉnh Lào Cai",0.0,2.0,1,0,0.0,0.0,459.5,0.0,5.0,1,Stopped,0,0,0,0,0,VALID,VALID
21C-04064,2026-08-16 04:03:00,459.5,0.0,0.0,"Xã Yên Bình, Tỉnh Lào Cai",0.0,2.0,1,0,0.0,0.0,459.5,0.0,5.0,1,Stopped,0,0,0,0,0,VALID,VALID
21C-04064,2026-08-16 04:06:00,459.5,0.0,0.0,"Xã Yên Bình, Tỉnh Lào Cai",0.0,3.0,1,0,0.0,0.0,459.5,0.0,5.0,1,Stopped,0,0,0,0,0,VALID,VALID
21C-04064,2026-08-16 04:08:00,459.5,0.0,0.0,"Xã Yên Bình, Tỉnh Lào Cai",0.0,2.0,1,0,0.0,0.0,459.5,0.0,5.0,1,Stopped,0,0,0,0,0,VALID,VALID
21C-04064,2026-08-16 04:10:00,459.5,0.0,0.0,"Xã Yên Bình, Tỉnh Lào Cai",0.0,2.0,1,0,0.0,0.0,459.5,0.0,5.0,1,Stopped,0,0,0,0,0,VALID,VALID
21C-04064,2026-08-16 04:12:00,459.5,0.0,0.0,"Xã Yên Bình, Tỉnh Lào Cai",0.0,2.0,1,0,0.0,0.0,459.5,0.0,5.0,1,Stopped,0,0,0,0,0,VALID,VALID
21C-04064,2026-08-16 04:14:00,459.5,0.0,0.0,"Xã Yên Bình, Tỉnh Lào Cai",0.0,2.0,1,0,0.0,0.0,459.5,0.0,5.0,1,Stopped,0,0,0,0,0,VALID,VALID
21C-04064,2026-08-16 04:16:00,459.5,0.0,0.0,"Xã Yên Bình, Tỉnh Lào Cai",0.0,2.0,1,0,0.0,0.0,459.5,0.0,5.0,1,Stopped,0,0,0,0,0,VALID,VALID
21C-04064,2026-08-16 04:19:00,459.5,0.0,0.0,"Xã Yên Bình, Tỉnh Lào Cai",0.0,3.0,1,0,0.0,0.0,459.5,0.0,5.0,1,Stopped,0,0,0,0,0,VALID,VALID
21C-04064,2026-08-16 04:21:00,459.5,0.0,0.0,"Xã Yên Bình, Tỉnh Lào Cai",0.0,2.0,1,0,0.0,0.0,459.5,0.0,5.0,1,Stopped,0,0,0,0,0,VALID,VALID
21C-04064,2026-08-16 04:23:00,459.5,0.0,0.0,"Xã Yên Bình, Tỉnh Lào Cai",0.0,2.0,1,0,0.0,0.0,459.5,0.0,5.0,1,Stopped,0,0,0,0,0,VALID,VALID
21C-04064,2026-08-16 04:25:00,459.5,0.0,0.0,"Xã Yên Bình, Tỉnh Lào Cai",0.0,2.0,1,0,0.0,0.0,459.5,0.0,5.0,1,Stopped,0,0,0,0,0,VALID,VALID
21C-04064,2026-08-16 04:27:00,459.5,0.0,0.0,"Xã Yên Bình, Tỉnh Lào Cai",0.0,2.0,1,0,0.0,0.0,459.5,0.0,5.0,1,Stopped,0,0,0,0,0,VALID,VALID
21C-04064,2026-08-16 04:30:00,459.5,0.0,0.0,"Xã Yên Bình, Tỉnh Lào Cai",0.0,3.0,1,0,0.0,0.0,459.5,0.0,5.0,1,Stopped,0,0,0,0,0,VALID,VALID
21C-04064,2026-08-16 04:32:00,459.5,0.0,0.0,"Xã Yên Bình, Tỉnh Lào Cai",0.0,2.0,1,0,0.0,0.0,459.5,0.0,5.0,1,Stopped,0,0,0,0,0,VALID,VALID
21C-04064,2026-08-16 04:34:00,459.5,0.0,0.0,"Xã Yên Bình, Tỉnh Lào Cai",0.0,2.0,1,0,0.0,0.0,459.5,0.0,5.0,1,Stopped,0,0,0,0,0,VALID,VALID
21C-04064,2026-08-16 04:36:00,459.5,0.0,0.0,"Xã Yên Bình, Tỉnh Lào Cai",0.0,2.0,1,0,0.0,0.0,459.5,0.0,5.0,1,Stopped,0,0,0,0,0,VALID,VALID
21C-04064,2026-08-16 04:38:00,459.5,0.0,0.0,"Xã Yên Bình, Tỉnh Lào Cai",0.0,2.0,1,0,0.0,0.0,459.5,0.0,5.0,1,Stopped,0,0,0,0,0,VALID,VALID
21C-04064,2026-08-16 04:40:00,459.5,0.0,0.0,"Xã Yên Bình, Tỉnh Lào Cai",0.0,2.0,1,0,0.0,0.0,459.5,0.0,5.0,1,Stopped,0,0,0,0,0,VALID,VALID
21C-04064,2026-08-16 04:43:00,459.5,0.0,0.0,"Xã Yên Bình, Tỉnh Lào Cai",0.0,3.0,1,0,0.0,0.0,459.5,0.0,5.0,1,Stopped,0,0,0,0,0,VALID,VALID
21C-04064,2026-08-16 04:45:00,459.5,0.0,0.0,"Xã Yên Bình, Tỉnh Lào Cai",0.0,2.0,1,0,0.0,0.0,459.5,0.0,5.0,1,Stopped,0,0,0,0,0,VALID,VALID
21C-04064,2026-08-16 04:47:00,459.5,0.0,0.0,"Xã Yên Bình, Tỉnh Lào Cai",0.0,2.0,1,0,0.0,0.0,459.5,0.0,5.0,1,Stopped,0,0,0,0,0,VALID,VALID
21C-04064,2026-08-16 04:49:00,459.5,0.0,0.0,"Xã Yên Bình, Tỉnh Lào Cai",0.0,2.0,1,0,0.0,0.0,459.5,0.0,5.0,1,Stopped,0,0,0,0,0,VALID,VALID
21C-04064,2026-08-16 04:51:00,459.5,0.0,0.0,"Xã Yên Bình, Tỉnh Lào Cai",0.0,2.0,1,0,0.0,0.0,459.5,0.0,5.0,1,Stopped,0,0,0,0,0,VALID,VALID
21C-04064,2026-08-16 04:54:00,459.6,0.0,0.0,"Xã Yên Bình, Tỉnh Lào Cai",0.0,3.0,1,0,0.10000000000002274,0.03333333333334091,459.5,0.04472136051624077,5.0,1,Stopped,0,0,0,0,0,VALID,VALID
21C-04064,2026-08-16 04:56:00,459.6,0.0,0.0,"Xã Yên Bình, Tỉnh Lào Cai",0.0,2.0,1,0,0.0,0.0,459.5,0.054772256539574536,5.0,1,Stopped,0,0,0,0,0,VALID,VALID
21C-04064,2026-08-16 04:58:00,459.6,0.0,0.0,"Xã Yên Bình, Tỉnh Lào Cai",0.0,2.0,1,0,0.0,0.0,459.6,0.05477225653970167,5.0,1,Stopped,0,0,0,0,0,VALID,VALID
21C-04064,2026-08-16 05:00:00,459.6,0.0,0.0,"Xã Yên Bình, Tỉnh Lào Cai",0.0,2.0,1,0,0.0,0.0,459.6,0.044721360516707886,5.0,1,Stopped,0,0,0,0,0,VALID,VALID
21C-04064,2026-08-16 05:02:00,459.6,0.0,0.0,"Xã Yên Bình, Tỉnh Lào Cai",0.0,2.0,1,0,0.0,0.0,459.6,0.0,5.0,1,Stopped,0,0,0,0,0,VALID,VALID
21C-04064,2026-08-16 05:04:00,459.6,0.0,0.0,"Xã Yên Bình, Tỉnh Lào Cai",0.0,2.0,1,0,0.0,0.0,459.6,0.0,5.0,1,Stopped,0,0,0,0,0,VALID,VALID
21C-04064,2026-08-16 05:07:00,459.6,0.0,0.0,"Xã Yên Bình, Tỉnh Lào Cai",0.0,3.0,1,0,0.0,0.0,459.6,0.0,5.0,1,Stopped,0,0,0,0,0,VALID,VALID
21C-04064,2026-08-16 05:09:00,459.6,0.0,0.0,"Xã Yên Bình, Tỉnh Lào Cai",0.0,2.0,1,0,0.0,0.0,459.6,0.0,5.0,1,Stopped,0,0,0,0,0,VALID,VALID
21C-04064,2026-08-16 05:11:00,459.6,0.0,0.0,"Xã Yên Bình, Tỉnh Lào Cai",0.0,2.0,1,0,0.0,0.0,459.6,0.0,5.0,1,Stopped,0,0,0,0,0,VALID,VALID
21C-04064,2026-08-16 05:13:00,459.6,0.0,0.0,"Xã Yên Bình, Tỉnh Lào Cai",0.0,2.0,1,0,0.0,0.0,459.6,0.0,5.0,1,Stopped,0,0,0,0,0,VALID,VALID
21C-04064,2026-08-16 05:15:00,459.6,0.0,0.0,"Xã Yên Bình, Tỉnh Lào Cai",0.0,2.0,1,0,0.0,0.0,459.6,0.0,5.0,1,Stopped,0,0,0,0,0,VALID,VALID
21C-04064,2026-08-16 05:18:00,459.6,0.0,0.0,"Xã Yên Bình, Tỉnh Lào Cai",0.0,3.0,1,0,0.0,0.0,459.6,0.0,5.0,1,Stopped,0,0,0,0,0,VALID,VALID
21C-04064,2026-08-16 05:20:00,459.6,0.0,0.0,"Xã Yên Bình, Tỉnh Lào Cai",0.0,2.0,1,0,0.0,0.0,459.6,0.0,5.0,1,Stopped,0,0,0,0,0,VALID,VALID
21C-04064,2026-08-16 05:22:00,459.6,0.0,0.0,"Xã Yên Bình, Tỉnh Lào Cai",0.0,2.0,1,0,0.0,0.0,459.6,0.0,5.0,1,Stopped,0,0,0,0,0,VALID,VALID
21C-04064,2026-08-16 05:24:00,459.6,0.0,0.0,"Xã Yên Bình, Tỉnh Lào Cai",0.0,2.0,1,0,0.0,0.0,459.6,0.0,5.0,1,Stopped,0,0,0,0,0,VALID,VALID
21C-04064,2026-08-16 05:26:00,459.6,0.0,0.0,"Xã Yên Bình, Tỉnh Lào Cai",0.0,2.0,1,0,0.0,0.0,459.6,0.0,5.0,1,Stopped,0,0,0,0,0,VALID,VALID
21C-04064,2026-08-16 05:28:00,459.5,0.0,0.0,"Xã Yên Bình, Tỉnh Lào Cai",0.0,2.0,1,0,-0.10000000000002274,-0.05000000000001137,459.6,0.044721360516679284,5.0,1,Stopped,0,0,0,0,0,VALID,VALID
21C-04064,2026-08-16 05:30:00,459.5,0.0,0.0,"Xã Yên Bình, Tỉnh Lào Cai",0.0,2.0,1,0,0.0,0.0,459.6,0.05477225653963486,5.0,1,Stopped,0,0,0,0,0,VALID,VALID
21C-04064,2026-08-16 05:32:00,459.5,0.0,0.0,"Xã Yên Bình, Tỉnh Lào Cai",0.0,2.0,1,0,0.0,0.0,459.5,0.05477225653945065,5.0,1,Stopped,0,0,0,0,0,VALID,VALID
21C-04064,2026-08-16 05:34:00,459.5,0.0,0.0,"Xã Yên Bình, Tỉnh Lào Cai",0.0,2.0,1,0,0.0,0.0,459.5,0.04472136051601913,5.0,1,Stopped,0,0,0,0,0,VALID,VALID
21C-04064,2026-08-16 05:36:00,459.3,0.0,0.0,"Xã Yên Bình, Tỉnh Lào Cai",0.0,2.0,1,0,-0.19999999999998863,-0.09999999999999432,459.5,0.08944271958268804,5.0,1,Stopped,0,0,0,0,0,VALID,VALID
21C-04064,2026-08-16 05:39:00,459.3,0.0,0.0,"Xã Yên Bình, Tỉnh Lào Cai",0.0,3.0,1,0,0.0,0.0,459.5,0.10954451189497862,5.0,1,Stopped,0,0,0,0,0,VALID,VALID
21C-04064,2026-08-16 05:42:00,459.6,0.0,0.0,"Xã Yên Bình, Tỉnh Lào Cai",0.0,3.0,1,0,0.30000000000001137,0.1000000000000038,459.5,0.13416407897172464,5.0,1,Stopped,0,0,0,0,0,VALID,VALID
21C-04064,2026-08-16 05:44:00,459.8,0.0,0.0,"Xã Yên Bình, Tỉnh Lào Cai",0.0,2.0,1,0,0.19999999999998863,0.09999999999999432,459.5,0.21213203455959428,5.0,1,Stopped,0,0,0,0,0,VALID,VALID
21C-04064,2026-08-16 05:46:00,459.9,0.0,0.0,"Xã Yên Bình, Tỉnh Lào Cai",0.0,2.0,1,0,0.0999999999999659,0.04999999999998295,459.6,0.2774887386660423,5.0,1,Stopped,0,0,0,0,0,VALID,VALID
21C-04064,2026-08-16 05:48:00,460.1,0.0,0.0,"Xã Yên Bình, Tỉnh Lào Cai",0.0,2.0,1,0,0.20000000000004547,0.10000000000002274,459.8,0.30495901378160534,5.0,1,Stopped,0,0,0,0,0,VALID,VALID
21C-04064,2026-08-16 05:50:00,460.1,0.0,0.0,"Xã Yên Bình, Tỉnh Lào Cai",0.0,2.0,1,0,0.0,0.0,459.9,0.2121320345606236,5.0,1,Stopped,0,0,0,0,0,VALID,VALID
21C-04064,2026-08-16 05:52:00,460.1,0.0,0.0,"Xã Yên Bình, Tỉnh Lào Cai",0.0,2.0,1,0,0.0,0.0,460.1,0.1414213565446992,5.0,1,Stopped,0,0,0,0,0,VALID,VALID
21C-04064,2026-08-16 05:54:00,461.6,0.0,0.0,"Quốc Lộ 70, Xã Yên Bình, Tỉnh Lào Cai",0.0,2.0,1,0,1.5,0.75,460.1,0.6985699679254469,5.0,1,Stopped,0,0,0,0,0,VALID,VALID
21C-04064,2026-08-16 05:56:00,464.8,0.0,0.0,"Quốc Lộ 70, Xã Yên Bình, Tỉnh Lào Cai",0.0,2.0,1,0,3.1999999999999886,1.5999999999999943,460.1,2.0403431084228045,5.0,1,Stopped,0,0,0,0,0,VALID,VALID
21C-04064,2026-08-16 05:58:00,461.7,24.0,0.2,"Quốc Lộ 70, Xã Yên Bình, Tỉnh Lào Cai",0.0,2.0,1,0,-3.1000000000000227,-1.5500000000000114,461.6,1.9191143791053173,5.0,1,Moving,0,0,0,0,0,VALID,VALID
21C-04064,2026-08-16 06:00:00,459.9,21.0,-0.025,"Quốc Lộ 70, Xã Yên Bình, Tỉnh Lào Cai",0.0,2.0,1,0,-1.8000000000000114,-0.9000000000000057,461.6,1.9613770672894018,5.0,1,Moving,0,0,0,0,0,VALID,VALID
21C-04064,2026-08-16 06:02:00,459.6,16.0,-0.041666666666666664,"Quốc Lộ 70, Xã Yên Bình, Tỉnh Lào Cai",0.0,2.0,1,0,-0.2999999999999545,-0.14999999999997726,461.6,2.0680909071142506,5.0,1,Moving,0,0,0,0,0,VALID,VALID
21C-04064,2026-08-16 06:04:00,462.7,26.0,0.08333333333333333,"Quốc Lộ 70, Xã Đan Thượng, Tỉnh Phú Thọ",0.0,2.0,1,0,3.099999999999966,1.549999999999983,461.7,2.1361179742909524,5.0,1,Moving,0,0,0,0,0,VALID,VALID
21C-04064,2026-08-16 06:06:00,456.6,31.0,0.041666666666666664,"Quốc Lộ 70, Xã Đan Thượng, Tỉnh Phú Thọ",0.0,2.0,1,0,-6.099999999999966,-3.049999999999983,459.9,2.337733945530805,5.0,1,Moving,0,0,0,0,0,VALID,VALID
21C-04064,2026-08-16 06:08:00,455.1,35.0,0.03333333333333333,"Quốc Lộ 70, Xã Đan Thượng, Tỉnh Phú Thọ",0.0,2.0,1,0,-1.5,-0.75,459.6,2.9827839345292166,5.0,1,Moving,0,0,0,0,0,VALID,VALID
21C-04064,2026-08-16 06:10:00,455.2,20.0,-0.125,"Quốc Lộ 70, Xã Đan Thượng, Tỉnh Phú Thọ",0.0,2.0,1,0,0.0999999999999659,0.04999999999998295,456.6,3.2684858880045127,5.0,1,Moving,0,0,0,0,0,VALID,VALID
21C-04064,2026-08-16 06:12:00,455.2,28.0,0.06666666666666667,"Quốc Lộ 70, Xã Bằng Luân, Tỉnh Phú Thọ",0.0,2.0,1,0,0.0,0.0,455.2,3.268485888004368,5.0,1,Moving,0,0,0,0,0,VALID,VALID
21C-04064,2026-08-16 06:14:00,453.9,23.0,-0.041666666666666664,"Quốc Lộ 70, Xã Bằng Luân, Tỉnh Phú Thọ",0.0,2.0,1,0,-1.3000000000000114,-0.6500000000000057,455.2,0.9565563235282587,5.0,1,Moving,0,0,0,0,0,VALID,VALID
21C-04064,2026-08-16 06:16:00,453.7,23.0,0.0,"Quốc Lộ 70, Xã Bằng Luân, Tỉnh Phú Thọ",0.0,2.0,1,0,-0.19999999999998863,-0.09999999999999432,455.1,0.7529940239346271,5.0,1,Moving,0,0,0,0,0,VALID,VALID
21C-04064,2026-08-16 06:18:00,450.2,40.0,0.14166666666666666,"Quốc Lộ 70, Xã Bằng Luân, Tỉnh Phú Thọ",0.0,2.0,1,0,-3.5,-1.75,453.9,2.047681615896414,5.0,1,Moving,0,0,0,0,0,VALID,VALID
21C-04064,2026-08-16 06:20:00,450.4,37.0,-0.025,"Quốc Lộ 70, Xã Bằng Luân, Tỉnh Phú Thọ",0.0,2.0,1,0,0.19999999999998863,0.09999999999999432,453.7,2.248777445653326,5.0,1,Moving,0,0,0,0,0,VALID,VALID
21C-04064,2026-08-16 06:22:00,451.4,26.0,-0.09166666666666666,"Quốc Lộ 70, Xã Bằng Luân, Tỉnh Phú Thọ",0.0,2.0,1,0,1.0,0.5,451.4,1.7767948671915594,5.0,1,Moving,0,0,0,0,0,VALID,VALID
21C-04064,2026-08-16 06:24:00,451.4,31.0,0.041666666666666664,"Quốc Lộ 70, Xã Bằng Luân, Tỉnh Phú Thọ",0.0,2.0,1,0,0.0,0.0,451.4,1.3899640283394907,5.0,1,Moving,0,0,0,0,0,VALID,VALID
21C-04064,2026-08-16 06:26:00,451.1,34.0,0.025,"Quốc Lộ 70, Xã Tây Cốc, Tỉnh Phú Thọ",0.0,2.0,1,0,-0.2999999999999545,-0.14999999999997726,451.1,0.5656854250174662,5.0,1,Moving,0,0,0,0,0,VALID,VALID
21C-04064,2026-08-16 06:28:00,450.2,36.0,0.016666666666666666,"Quốc Lộ 70, Xã Tây Cốc, Tỉnh Phú Thọ",0.0,2.0,1,0,-0.9000000000000341,-0.45000000000001705,451.1,0.5656854250174662,5.0,1,Moving,0,0,0,0,0,VALID,VALID
21C-04064,2026-08-16 06:30:00,450.2,29.0,-0.058333333333333334,"Quốc Lộ 70, Xã Tây Cốc, Tỉnh Phú Thọ",0.0,2.0,1,0,0.0,0.0,451.1,0.6148170460203122,5.0,1,Moving,0,0,0,0,0,VALID,VALID
21C-04064,2026-08-16 06:32:00,448.4,32.0,0.025,"Quốc Lộ 70, Xã Tây Cốc, Tỉnh Phú Thọ",0.0,2.0,1,0,-1.8000000000000114,-0.9000000000000057,450.2,1.1696153214097795,5.0,1,Moving,0,0,0,0,0,VALID,VALID
21C-04064,2026-08-16 06:34:00,448.2,39.0,0.058333333333333334,"Quốc Lộ 70, Xã Tây Cốc, Tỉnh Phú Thọ",0.0,2.0,1,0,-0.19999999999998863,-0.09999999999999432,450.2,1.2617448236770425,5.0,1,Moving,0,0,0,0,0,VALID,VALID
21C-04064,2026-08-16 06:36:00,448.1,33.0,-0.05,"Quốc Lộ 70, Xã Bằng Luân, Tỉnh Phú Thọ",0.0,2.0,1,0,-0.0999999999999659,-0.04999999999998295,448.4,1.082589488252632,5.0,1,Moving,0,0,0,0,0,VALID,VALID
21C-04064,2026-08-16 06:38:00,447.8,17.0,-0.13333333333333333,"Quốc Lộ 70, Xã Tây Cốc, Tỉnh Phú Thọ",0.0,2.0,1,0,-0.30000000000001137,-0.15000000000000568,448.2,0.9528903400048301,5.0,1,Moving,0,0,0,0,0,VALID,VALID
21C-04064,2026-08-16 06:41:00,445.1,0.0,-0.09444444444444444,"Quốc Lộ 70, Xã Tây Cốc, Tỉnh Phú Thọ",0.0,3.0,1,0,-2.6999999999999886,-0.8999999999999962,448.1,1.3700364958909854,5.0,1,Stopped,0,0,0,0,0,VALID,VALID
21C-04064,2026-08-16 06:43:00,445.5,0.0,0.0,"Quốc Lộ 70, Xã Tây Cốc, Tỉnh Phú Thọ",0.0,2.0,1,0,0.39999999999997726,0.19999999999998863,447.8,1.5109599597846874,5.0,1,Stopped,0,0,0,0,0,VALID,VALID
21C-04064,2026-08-16 06:45:00,445.7,0.0,0.0,"Quốc Lộ 70, Xã Tây Cốc, Tỉnh Phú Thọ",0.0,2.0,1,0,0.19999999999998863,0.09999999999999432,445.7,1.3992855320026443,5.0,1,Stopped,0,0,0,0,0,VALID,VALID
21C-04064,2026-08-16 06:48:00,445.8,0.0,0.0,"Quốc Lộ 70, Xã Tây Cốc, Tỉnh Phú Thọ",0.0,3.0,1,0,0.10000000000002274,0.03333333333334091,445.7,1.0521406750388982,5.0,1,Stopped,0,0,0,0,0,VALID,VALID
21C-04064,2026-08-16 06:50:00,445.8,0.0,0.0,"Quốc Lộ 70, Xã Tây Cốc, Tỉnh Phú Thọ",0.0,2.0,1,0,0.0,0.0,445.7,0.2949576241950924,5.0,1,Stopped,0,0,0,0,0,VALID,VALID
21C-04064,2026-08-16 06:52:00,446.0,0.0,0.0,"Quốc Lộ 70, Xã Tây Cốc, Tỉnh Phú Thọ",0.0,2.0,1,0,0.19999999999998863,0.09999999999999432,445.8,0.18165902144135113,5.0,1,Stopped,0,0,0,0,0,VALID,VALID
21C-04064,2026-08-16 06:54:00,446.0,0.0,0.0,"Quốc Lộ 70, Xã Tây Cốc, Tỉnh Phú Thọ",0.0,2.0,1,0,0.0,0.0,445.8,0.1341640789151263,5.0,1,Stopped,0,0,0,0,0,VALID,VALID
21C-04064,2026-08-16 06:56:00,446.0,0.0,0.0,"Quốc Lộ 70, Xã Tây Cốc, Tỉnh Phú Thọ",0.0,2.0,1,0,0.0,0.0,446.0,0.10954451182605314,5.0,1,Stopped,0,0,0,0,0,VALID,VALID
21C-04064,2026-08-16 06:58:00,446.0,0.0,0.0,"Quốc Lộ 70, Xã Tây Cốc, Tỉnh Phú Thọ",0.0,2.0,1,0,0.0,0.0,446.0,0.08944271949830052,5.0,1,Stopped,0,0,0,0,0,VALID,VALID
21C-04064,2026-08-16 07:01:00,446.1,0.0,0.0,"Quốc Lộ 70, Xã Tây Cốc, Tỉnh Phú Thọ",0.0,3.0,1,0,0.10000000000002274,0.03333333333334091,446.0,0.04472136034732989,5.0,1,Stopped,0,0,0,0,0,VALID,VALID
21C-04064,2026-08-16 07:03:00,446.1,0.0,0.0,"Quốc Lộ 70, Xã Tây Cốc, Tỉnh Phú Thọ",0.0,2.0,1,0,0.0,0.0,446.0,0.05477225640173981,5.0,1,Stopped,0,0,0,0,0,VALID,VALID
21C-04064,2026-08-16 07:05:00,446.1,0.0,0.0,"Quốc Lộ 70, Xã Tây Cốc, Tỉnh Phú Thọ",0.0,2.0,1,0,0.0,0.0,446.1,0.054772256401947376,5.0,1,Stopped,0,0,0,0,0,VALID,VALID
21C-04064,2026-08-16 07:07:00,446.1,0.0,0.0,"Quốc Lộ 70, Xã Tây Cốc, Tỉnh Phú Thọ",0.0,2.0,1,0,0.0,0.0,446.1,0.04472136034809253,5.0,1,Stopped,0,0,0,0,0,VALID,VALID
21C-04064,2026-08-16 07:09:00,446.1,0.0,0.0,"Quốc Lộ 70, Xã Tây Cốc, Tỉnh Phú Thọ",0.0,2.0,1,0,0.0,0.0,446.1,0.0,5.0,1,Stopped,0,0,0,0,0,VALID,VALID
21C-04064,2026-08-16 07:11:00,446.1,0.0,0.0,"Quốc Lộ 70, Xã Tây Cốc, Tỉnh Phú Thọ",0.0,2.0,1,0,0.0,0.0,446.1,0.0,5.0,1,Stopped,0,0,0,0,0,VALID,VALID
21C-04064,2026-08-16 07:12:00,446.1,0.0,0.0,"Quốc Lộ 70, Xã Tây Cốc, Tỉnh Phú Thọ",0.0,1.0,1,0,0.0,0.0,446.1,0.0,5.0,1,Stopped,0,0,0,0,0,VALID,VALID
21C-04064,2026-08-16 07:14:00,446.1,0.0,0.0,"Quốc Lộ 70, Xã Tây Cốc, Tỉnh Phú Thọ",0.0,2.0,1,0,0.0,0.0,446.1,0.0,5.0,1,Stopped,0,0,0,0,0,VALID,VALID
21C-04064,2026-08-16 07:16:00,446.1,0.0,0.0,"Quốc Lộ 70, Xã Tây Cốc, Tỉnh Phú Thọ",0.0,2.0,1,0,0.0,0.0,446.1,0.0,5.0,1,Stopped,0,0,0,0,0,VALID,VALID
21C-04064,2026-08-16 07:18:00,446.0,0.0,0.0,"Quốc Lộ 70, Xã Tây Cốc, Tỉnh Phú Thọ",0.0,2.0,1,0,-0.10000000000002274,-0.05000000000001137,446.1,0.04472136034809253,5.0,1,Stopped,0,0,0,0,0,VALID,VALID
21C-04064,2026-08-16 07:20:00,446.0,30.0,0.25,"Quốc Lộ 70, Xã Tây Cốc, Tỉnh Phú Thọ",0.0,2.0,1,0,0.0,0.0,446.1,0.054772256401947376,5.0,1,Moving,0,0,0,0,0,VALID,VALID
21C-04064,2026-08-16 07:22:00,445.8,29.0,-0.008333333333333333,"Quốc Lộ 70, Xã Tây Cốc, Tỉnh Phú Thọ",0.0,2.0,1,0,-0.19999999999998863,-0.09999999999999432,446.0,0.12247448743020471,5.0,1,Moving,0,0,0,0,0,VALID,VALID
21C-04064,2026-08-16 07:24:00,444.3,37.0,0.06666666666666667,"Quốc Lộ 70, Xã Đoan Hùng, Tỉnh Phú Thọ",0.0,2.0,1,0,-1.5,-0.75,446.0,0.7569676347578531,5.0,1,Moving,0,0,0,0,0,VALID,VALID
21C-04064,2026-08-16 07:26:00,444.1,36.0,-0.008333333333333333,"Quốc Lộ 70, Xã Đoan Hùng, Tỉnh Phú Thọ",0.0,2.0,1,0,-0.19999999999998863,-0.09999999999999432,445.8,0.9555103348841635,5.0,1,Moving,0,0,0,0,0,VALID,VALID
21C-04064,2026-08-16 07:28:00,442.3,32.0,-0.03333333333333333,"Quốc Lộ 70, Xã Đoan Hùng, Tỉnh Phú Thọ",0.0,2.0,1,0,-1.8000000000000114,-0.9000000000000057,444.3,1.498332406400396,5.0,1,Moving,0,0,0,0,0,VALID,VALID
21C-04064,2026-08-16 07:30:00,442.5,26.0,-0.05,"Quốc Lộ 70, Xã Đoan Hùng, Tỉnh Phú Thọ",0.0,2.0,1,0,0.19999999999998863,0.09999999999999432,444.1,1.438749457017729,5.0,1,Moving,0,0,0,0,0,VALID,VALID
21C-04064,2026-08-16 07:32:00,440.8,26.0,0.0,"Quốc Lộ 70, Xã Đoan Hùng, Tỉnh Phú Thọ",0.0,2.0,1,0,-1.6999999999999886,-0.8499999999999943,442.5,1.438749457017334,5.0,1,Moving,0,0,0,0,0,VALID,VALID
21C-04064,2026-08-16 07:34:00,439.9,21.0,-0.041666666666666664,"Quốc Lộ 2, Xã Đoan Hùng, Tỉnh Phú Thọ",0.0,2.0,1,0,-0.9000000000000341,-0.45000000000001705,442.3,1.6254230218828312,5.0,1,Moving,0,0,0,0,0,VALID,VALID
21C-04064,2026-08-16 07:36:00,440.1,14.0,-0.058333333333333334,"Quốc Lộ 2, Xã Đoan Hùng, Tỉnh Phú Thọ",0.0,2.0,1,0,0.20000000000004547,0.10000000000002274,440.8,1.2173742235096718,5.0,1,Moving,0,0,0,0,0,VALID,VALID
21C-04064,2026-08-16 07:38:00,441.1,19.0,0.041666666666666664,"Tỉnh Lộ 331, Xã Đoan Hùng, Tỉnh Phú Thọ",0.0,2.0,1,0,1.0,0.5,440.8,1.0305338422708388,5.0,1,Moving,0,0,0,0,0,VALID,VALID
21C-04064,2026-08-16 07:40:00,440.8,7.0,-0.1,"Tỉnh Lộ 331, Xã Đoan Hùng, Tỉnh Phú Thọ",0.0,2.0,1,0,-0.30000000000001137,-0.15000000000000568,440.8,0.5128352562618107,5.0,1,Moving,0,0,0,0,0,VALID,VALID
21C-04064,2026-08-16 07:42:00,437.8,0.0,-0.058333333333333334,"Xã Đoan Hùng, Tỉnh Phú Thọ",0.0,2.0,1,0,-3.0,-1.5,440.1,1.2934450123853094,5.0,1,Stopped,0,0,0,0,0,VALID,VALID
21C-04064,2026-08-16 07:44:00,439.1,0.0,0.0,"Xã Đoan Hùng, Tỉnh Phú Thọ",0.0,2.0,1,0,1.3000000000000114,0.6500000000000057,440.1,1.3479614238041957,5.0,1,Stopped,0,0,0,0,0,VALID,VALID
21C-04064,2026-08-16 07:46:00,439.1,6.0,0.05,"Xã Đoan Hùng, Tỉnh Phú Thọ",0.0,2.0,1,0,0.0,0.0,439.1,1.362717872512124,5.0,1,Moving,0,0,0,0,0,VALID,VALID
21C-04064,2026-08-16 07:49:00,438.8,0.0,-0.03333333333333333,"Xã Đoan Hùng, Tỉnh Phú Thọ",0.0,3.0,1,0,-0.30000000000001137,-0.1000000000000038,439.1,1.080277742093835,5.0,1,Stopped,0,0,0,0,0,VALID,VALID
21C-04064,2026-08-16 07:51:00,438.8,0.0,0.0,"Xã Đoan Hùng, Tỉnh Phú Thọ",0.0,2.0,1,0,0.0,0.0,438.8,0.5357238094978002,5.0,1,Stopped,0,0,0,0,0,VALID,VALID
21C-04064,2026-08-16 07:53:00,438.8,0.0,0.0,"Xã Đoan Hùng, Tỉnh Phú Thọ",0.0,2.0,1,0,0.0,0.0,438.8,0.16431676744352156,5.0,1,Stopped,0,0,0,0,0,VALID,VALID
21C-04064,2026-08-16 07:54:00,438.8,0.0,0.0,"Xã Đoan Hùng, Tỉnh Phú Thọ",0.0,1.0,1,0,0.0,0.0,438.8,0.13416407888481524,5.0,1,Stopped,0,0,0,0,0,VALID,VALID
21C-04064,2026-08-16 07:56:00,438.8,0.0,0.0,"Xã Đoan Hùng, Tỉnh Phú Thọ",0.0,2.0,1,0,0.0,0.0,438.8,0.0,5.0,1,Stopped,0,0,0,0,0,VALID,VALID
21C-04064,2026-08-16 07:58:00,438.8,0.0,0.0,"Xã Đoan Hùng, Tỉnh Phú Thọ",0.0,2.0,1,0,0.0,0.0,438.8,0.0,5.0,1,Stopped,0,0,0,0,0,VALID,VALID
21C-04064,2026-08-16 08:00:00,438.5,0.0,0.0,"Xã Đoan Hùng, Tỉnh Phú Thọ",0.0,2.0,1,0,-0.30000000000001137,-0.15000000000000568,438.8,0.13416407888424964,5.0,1,Stopped,0,0,0,0,0,VALID,VALID
21C-04064,2026-08-16 08:02:00,438.2,0.0,0.0,"Xã Đoan Hùng, Tỉnh Phú Thọ",0.0,2.0,1,0,-0.30000000000001137,-0.15000000000000568,438.8,0.26832815741682114,5.0,1,Stopped,0,0,0,0,0,VALID,VALID
21C-04064,2026-08-16 08:04:00,437.9,0.0,0.0,"Xã Đoan Hùng, Tỉnh Phú Thọ",0.0,2.0,1,0,-0.30000000000001137,-0.15000000000000568,438.5,0.39115214439202844,5.0,1,Stopped,0,0,0,0,0,VALID,VALID
21C-04064,2026-08-16 08:07:00,437.8,0.0,0.0,"Xã Đoan Hùng, Tỉnh Phú Thọ",0.0,3.0,1,0,-0.0999999999999659,-0.03333333333332197,438.2,0.41593268693650226,5.0,1,Stopped,0,0,0,0,0,VALID,VALID
21C-04064,2026-08-16 08:09:00,438.2,0.0,0.0,"Xã Đoan Hùng, Tỉnh Phú Thọ",0.0,2.0,1,0,0.39999999999997726,0.19999999999998863,438.2,0.27748873862205636,5.0,1,Stopped,0,0,0,0,0,VALID,VALID
21C-04064,2026-08-16 08:11:00,438.4,0.0,0.0,"Xã Đoan Hùng, Tỉnh Phú Thọ",0.0,2.0,1,0,0.19999999999998863,0.09999999999999432,438.2,0.2449489744049443,5.0,1,Stopped,0,0,0,0,0,VALID,VALID
21C-04064,2026-08-16 08:12:00,438.4,0.0,0.0,"Xã Đoan Hùng, Tỉnh Phú Thọ",0.0,1.0,1,0,0.0,0.0,438.2,0.2792848009865366,5.0,1,Stopped,0,0,0,0,0,VALID,VALID
21C-04064,2026-08-16 08:14:00,444.1,0.0,0.0,"Xã Đoan Hùng, Tỉnh Phú Thọ",0.0,2.0,1,0,5.7000000000000455,2.8500000000000227,438.4,2.6499056587101295,5.0,1,Stopped,0,0,0,0,0,VALID,VALID
21C-04064,2026-08-16 08:16:00,439.3,0.0,0.0,"Xã Đoan Hùng, Tỉnh Phú Thọ",0.0,2.0,1,0,-4.800000000000011,-2.4000000000000057,438.4,2.507389080311311,5.0,1,Stopped,0,0,0,0,0,VALID,VALID
21C-04064,2026-08-16 08:18:00,438.4,0.0,0.0,"Xã Đoan Hùng, Tỉnh Phú Thọ",0.0,2.0,1,0,-0.9000000000000341,-0.45000000000001705,438.4,2.479314421380324,5.0,1,Stopped,0,0,0,0,0,VALID,VALID
21C-04064,2026-08-16 08:20:00,438.2,0.0,0.0,"Xã Đoan Hùng, Tỉnh Phú Thọ",0.0,2.0,1,0,-0.19999999999998863,-0.09999999999999432,438.4,2.507389080311311,5.0,1,Stopped,0,0,0,0,0,VALID,VALID
21C-04064,2026-08-16 08:22:00,439.7,33.0,0.275,"Tỉnh Lộ 331, Xã Đoan Hùng, Tỉnh Phú Thọ",0.0,2.0,1,0,1.5,0.75,439.3,2.4068651811152084,5.0,1,Moving,0,0,0,0,0,VALID,VALID
21C-04064,2026-08-16 08:24:00,436.6,0.0,-0.275,"Tỉnh Lộ 331, Xã Đoan Hùng, Tỉnh Phú Thọ",0.0,2.0,1,0,-3.099999999999966,-1.549999999999983,438.4,1.2012493496616519,5.0,1,Stopped,0,0,0,0,0,VALID,VALID
21C-04064,2026-08-16 08:26:00,436.3,29.0,0.24166666666666667,"Quốc Lộ 70, Xã Đoan Hùng, Tỉnh Phú Thọ",0.0,2.0,1,0,-0.30000000000001137,-0.15000000000000568,438.2,1.397497763884314,5.0,1,Moving,0,0,0,0,0,VALID,VALID
21C-04064,2026-08-16 08:28:00,437.9,36.0,0.058333333333333334,"Quốc Lộ 70, Xã Đoan Hùng, Tỉnh Phú Thọ",0.0,2.0,1,0,1.599999999999966,0.799999999999983,437.9,1.3649175799518134,5.0,1,Moving,0,0,0,0,0,VALID,VALID
21C-04064,2026-08-16 08:30:00,435.8,0.0,-0.3,"Quốc Lộ 70, Xã Đoan Hùng, Tỉnh Phú Thọ",0.0,2.0,1,0,-2.099999999999966,-1.049999999999983,436.6,1.569394787827699,5.0,1,Stopped,0,0,0,0,0,VALID,VALID
21C-04064,2026-08-16 08:32:00,436.0,42.0,0.35,"Quốc Lộ 70, Xã Đoan Hùng, Tỉnh Phú Thọ",0.0,2.0,1,0,0.19999999999998863,0.09999999999999432,436.3,0.8288546314400191,5.0,1,Moving,0,0,0,0,0,VALID,VALID
21C-04064,2026-08-16 08:34:00,435.0,24.0,-0.15,"Quốc Lộ 70, Xã Đoan Hùng, Tỉnh Phú Thọ",0.0,2.0,1,0,-1.0,-0.5,436.0,1.0653637876608437,5.0,1,Moving,0,0,0,0,0,VALID,VALID
21C-04064,2026-08-16 08:36:00,434.3,40.0,0.13333333333333333,"Quốc Lộ 70, Xã Tây Cốc, Tỉnh Phú Thọ",0.0,2.0,1,0,-0.6999999999999886,-0.3499999999999943,435.8,1.3546217184359728,5.0,1,Moving,0,0,0,0,0,VALID,VALID
21C-04064,2026-08-16 08:38:00,433.4,29.0,-0.09166666666666666,"Quốc Lộ 70, Xã Tây Cốc, Tỉnh Phú Thọ",0.0,2.0,1,0,-0.9000000000000341,-0.45000000000001705,435.0,1.0770329614534127,5.0,1,Moving,0,0,0,0,0,VALID,VALID
21C-04064,2026-08-16 08:40:00,433.5,39.0,0.08333333333333333,"Quốc Lộ 70, Xã Tây Cốc, Tỉnh Phú Thọ",0.0,2.0,1,0,0.10000000000002274,0.05000000000001137,434.3,1.0876580345202411,5.0,1,Moving,0,0,0,0,0,VALID,VALID
21C-04064,2026-08-16 08:42:00,334.3,0.0,-0.325,"Quốc Lộ 70, Xã Tây Cốc, Tỉnh Phú Thọ",0.0,2.0,1,0,-99.19999999999999,-49.599999999999994,433.5,44.614291432230836,5.0,1,Stopped,0,0,1,0,1,LARGE_DELTA,VALID
21C-04064,2026-08-16 08:44:00,432.3,0.0,0.0,"Quốc Lộ 70, Xã Tây Cốc, Tỉnh Phú Thọ",0.0,2.0,1,0,98.0,49.0,433.4,44.31340654926029,5.0,1,Stopped,0,0,1,0,1,LARGE_DELTA,VALID
21C-04064,2026-08-16 08:46:00,432.6,39.0,0.325,"Quốc Lộ 70, Xã Tây Cốc, Tỉnh Phú Thọ",0.0,2.0,1,0,0.30000000000001137,0.15000000000000568,432.6,44.12059609751464,5.0,1,Moving,0,0,0,0,0,VALID,VALID
21C-04064,2026-08-16 08:48:00,432.5,42.0,0.025,"Quốc Lộ 70, Xã Tây Cốc, Tỉnh Phú Thọ",0.0,2.0,1,0,-0.10000000000002274,-0.05000000000001137,432.5,44.01940481196928,5.0,1,Moving,0,0,0,0,0,VALID,VALID
21C-04064,2026-08-16 08:50:00,432.0,33.0,-0.075,"Quốc Lộ 70, Xã Tây Cốc, Tỉnh Phú Thọ",0.0,2.0,1,0,-0.5,-0.25,432.3,43.849891676035234,5.0,1,Moving,0,0,0,0,0,VALID,VALID
21C-04064,2026-08-16 08:52:00,431.9,31.0,-0.016666666666666666,"Quốc Lộ 70, Xã Bằng Luân, Tỉnh Phú Thọ",0.0,2.0,1,0,-0.10000000000002274,-0.05000000000001137,432.3,0.30495901372509093,5.0,1,Moving,0,0,0,0,0,VALID,VALID
21C-04064,2026-08-16 08:54:00,431.6,28.0,-0.025,"Quốc Lộ 70, Xã Bằng Luân, Tỉnh Phú Thọ",0.0,2.0,1,0,-0.2999999999999545,-0.14999999999997726,432.0,0.42071367942101784,5.0,1,Moving,0,0,0,0,0,VALID,VALID
21C-04064,2026-08-16 08:56:00,431.6,14.0,-0.11666666666666667,"Quốc Lộ 70, Xã Bằng Luân, Tỉnh Phú Thọ",0.0,2.0,1,0,0.0,0.0,431.9,0.3701351105362533,5.0,1,Moving,0,0,0,0,0,VALID,VALID
21C-04064,2026-08-16 08:58:00,430.6,25.0,0.09166666666666666,"Quốc Lộ 70, Xã Bằng Luân, Tỉnh Phú Thọ",0.0,2.0,1,0,-1.0,-0.5,431.6,0.5549774770665414,5.0,1,Moving,0,0,0,0,0,VALID,VALID
21C-04064,2026-08-16 09:00:00,430.6,28.0,0.025,"Quốc Lộ 70, Xã Bằng Luân, Tỉnh Phú Thọ",0.0,2.0,1,0,0.0,0.0,431.6,0.6148170459988573,5.0,1,Moving,0,0,0,0,0,VALID,VALID
21C-04064,2026-08-16 09:02:00,430.8,21.0,-0.058333333333333334,"Quốc Lộ 70, Xã Bằng Luân, Tỉnh Phú Thọ",0.0,2.0,1,0,0.19999999999998863,0.09999999999999432,430.8,0.5176871642705442,5.0,1,Moving,0,0,0,0,0,VALID,VALID
21C-04064,2026-08-16 09:04:00,431.7,31.0,0.08333333333333333,"Quốc Lộ 70, Xã Bằng Luân, Tỉnh Phú Thọ",0.0,2.0,1,0,0.8999999999999773,0.44999999999998863,430.8,0.5458937626044994,5.0,1,Moving,0,0,0,0,0,VALID,VALID
21C-04064,2026-08-16 09:06:00,429.1,23.0,-0.06666666666666667,"Quốc Lộ 70, Xã Bằng Luân, Tỉnh Phú Thọ",0.0,2.0,1,0,-2.599999999999966,-1.299999999999983,430.6,0.9343446901704715,5.0,1,Moving,0,0,0,0,0,VALID,VALID
21C-04064,2026-08-16 09:08:00,428.1,40.0,0.14166666666666666,"Quốc Lộ 70, Xã Đan Thượng, Tỉnh Phú Thọ",0.0,2.0,1,0,-1.0,-0.5,430.6,1.4397916516110971,5.0,1,Moving,0,0,0,0,0,VALID,VALID
21C-04064,2026-08-16 09:10:00,427.8,33.0,-0.058333333333333334,"Quốc Lộ 70, Xã Đan Thượng, Tỉnh Phú Thọ",0.0,2.0,1,0,-0.30000000000001137,-0.15000000000000568,429.1,1.6985287751604883,5.0,1,Moving,0,0,0,0,0,VALID,VALID
21C-04064,2026-08-16 09:12:00,428.5,0.0,-0.275,"Quốc Lộ 70, Xã Yên Bình, Tỉnh Lào Cai",0.0,2.0,1,0,0.6999999999999886,0.3499999999999943,428.5,1.5646085772638192,5.0,1,Stopped,0,0,0,0,0,VALID,VALID
21C-04064,2026-08-16 09:14:00,425.3,0.0,0.0,"Quốc Lộ 70, Xã Yên Bình, Tỉnh Lào Cai",0.0,2.0,1,0,-3.1999999999999886,-1.5999999999999943,428.1,1.4587666023204744,5.0,1,Stopped,0,0,0,0,0,VALID,VALID
21C-04064,2026-08-16 09:16:00,423.4,44.0,0.36666666666666664,"Quốc Lộ 70, Xã Yên Bình, Tỉnh Lào Cai",0.0,2.0,1,0,-1.900000000000034,-0.950000000000017,427.8,2.192487172150388,5.0,1,Moving,0,0,0,0,0,VALID,VALID
21C-04064,2026-08-16 09:18:00,423.8,41.0,-0.025,"Quốc Lộ 70, Xã Yên Bình, Tỉnh Lào Cai",0.0,2.0,1,0,0.4000000000000341,0.20000000000001705,425.3,2.3071627597642106,5.0,1,Moving,0,0,0,0,0,VALID,VALID
21C-04064,2026-08-16 09:20:00,425.2,4.0,-0.30833333333333335,"Xã Yên Bình, Tỉnh Lào Cai",0.0,2.0,1,0,1.3999999999999773,0.6999999999999886,425.2,2.005741758064109,5.0,1,Moving,0,0,0,0,0,VALID,VALID
21C-04064,2026-08-16 09:22:00,424.4,0.0,-0.03333333333333333,"Xã Yên Bình, Tỉnh Lào Cai",0.0,2.0,1,0,-0.8000000000000114,-0.4000000000000057,424.4,0.8378544026505637,5.0,1,Stopped,0,0,0,0,0,VALID,VALID
21C-04064,2026-08-16 09:24:00,423.5,0.0,0.0,"Xã Yên Bình, Tỉnh Lào Cai",0.0,2.0,1,0,-0.8999999999999773,-0.44999999999998863,423.8,0.7469939759063525,5.0,1,Stopped,0,0,0,0,0,VALID,VALID
21C-04064,2026-08-16 09:26:00,423.2,0.0,0.0,"Xã Yên Bình, Tỉnh Lào Cai",0.0,2.0,1,0,-0.30000000000001137,-0.15000000000000568,423.8,0.7949842765994243,5.0,1,Stopped,0,0,0,0,0,VALID,VALID
21C-04064,2026-08-16 09:28:00,423.1,0.0,0.0,"Xã Yên Bình, Tỉnh Lào Cai",0.0,2.0,1,0,-0.0999999999999659,-0.04999999999998295,423.5,0.8983317872813358,5.0,1,Stopped,0,0,0,0,0,VALID,VALID
21C-04064,2026-08-16 09:31:00,423.1,0.0,0.0,"Xã Yên Bình, Tỉnh Lào Cai",0.0,3.0,1,0,0.0,0.0,423.2,0.5504543578167231,5.0,1,Stopped,0,0,0,0,0,VALID,VALID
21C-04064,2026-08-16 09:33:00,422.9,0.0,0.0,"Xã Yên Bình, Tỉnh Lào Cai",0.0,2.0,1,0,-0.20000000000004547,-0.10000000000002274,423.1,0.21908902309099373,5.0,1,Stopped,0,0,0,0,0,VALID,VALID
21C-04064,2026-08-16 09:35:00,422.9,0.0,0.0,"Xã Yên Bình, Tỉnh Lào Cai",0.0,2.0,1,0,0.0,0.0,423.1,0.13416407879453984,5.0,1,Stopped,0,0,0,0,0,VALID,VALID
21C-04064,2026-08-16 09:37:00,422.9,0.0,0.0,"Xã Yên Bình, Tỉnh Lào Cai",0.0,2.0,1,0,0.0,0.0,422.9,0.10954451167767278,5.0,1,Stopped,0,0,0,0,0,VALID,VALID
21C-04064,2026-08-16 09:40:00,422.8,0.0,0.0,"Xã Yên Bình, Tỉnh Lào Cai",0.0,3.0,1,0,-0.0999999999999659,-0.03333333333332197,422.9,0.10954451167724856,5.0,1,Stopped,0,0,0,0,0,VALID,VALID
21C-04064,2026-08-16 09:42:00,422.8,0.0,0.0,"Xã Yên Bình, Tỉnh Lào Cai",0.0,2.0,1,0,0.0,0.0,422.9,0.0547722561020693,5.0,1,Stopped,0,0,0,0,0,VALID,VALID
21C-04064,2026-08-16 09:44:00,422.8,0.0,0.0,"Xã Yên Bình, Tỉnh Lào Cai",0.0,2.0,1,0,0.0,0.0,422.8,0.05477225610179298,5.0,1,Stopped,0,0,0,0,0,VALID,VALID
21C-04064,2026-08-16 09:46:00,422.6,0.0,0.0,"Xã Yên Bình, Tỉnh Lào Cai",0.0,2.0,1,0,-0.19999999999998863,-0.09999999999999432,422.8,0.10954451167625519,5.0,1,Stopped,0,0,0,0,0,VALID,VALID
21C-04064,2026-08-16 09:48:00,422.6,0.0,0.0,"Xã Yên Bình, Tỉnh Lào Cai",0.0,2.0,1,0,0.0,0.0,422.8,0.10954451167584849,5.0,1,Stopped,0,0,0,0,0,VALID,VALID
21C-04064,2026-08-16 09:50:00,422.6,0.0,0.0,"Xã Yên Bình, Tỉnh Lào Cai",0.0,2.0,1,0,0.0,0.0,422.6,0.1095445116755657,5.0,1,Stopped,0,0,0,0,0,VALID,VALID
21C-04064,2026-08-16 09:53:00,422.6,0.0,0.0,"Xã Yên Bình, Tỉnh Lào Cai",0.0,3.0,1,0,0.0,0.0,422.6,0.08944271931340154,5.0,1,Stopped,0,0,0,0,0,VALID,VALID
21C-04064,2026-08-16 09:55:00,422.6,0.0,0.0,"Xã Yên Bình, Tỉnh Lào Cai",0.0,2.0,1,0,0.0,0.0,422.6,0.0,5.0,1,Stopped,0,0,0,0,0,VALID,VALID
21C-04064,2026-08-16 09:57:00,422.6,0.0,0.0,"Xã Yên Bình, Tỉnh Lào Cai",0.0,2.0,1,0,0.0,0.0,422.6,0.0,5.0,1,Stopped,0,0,0,0,0,VALID,VALID
21C-04064,2026-08-16 09:59:00,422.6,0.0,0.0,"Xã Yên Bình, Tỉnh Lào Cai",0.0,2.0,1,0,0.0,0.0,422.6,0.0,5.0,1,Stopped,0,0,0,0,0,VALID,VALID
21C-04064,2026-08-16 10:01:00,422.6,0.0,0.0,"Xã Yên Bình, Tỉnh Lào Cai",0.0,2.0,1,0,0.0,0.0,422.6,0.0,5.0,1,Stopped,0,0,0,0,0,VALID,VALID
21C-04064,2026-08-16 10:04:00,422.6,0.0,0.0,"Xã Yên Bình, Tỉnh Lào Cai",0.0,3.0,1,0,0.0,0.0,422.6,0.0,5.0,1,Stopped,0,0,0,0,0,VALID,VALID
21C-04064,2026-08-16 10:06:00,422.6,0.0,0.0,"Xã Yên Bình, Tỉnh Lào Cai",0.0,2.0,1,0,0.0,0.0,422.6,0.0,5.0,1,Stopped,0,0,0,0,0,VALID,VALID
21C-04064,2026-08-16 10:08:00,422.6,0.0,0.0,"Xã Yên Bình, Tỉnh Lào Cai",0.0,2.0,1,0,0.0,0.0,422.6,0.0,5.0,1,Stopped,0,0,0,0,0,VALID,VALID
21C-04064,2026-08-16 10:10:00,422.6,0.0,0.0,"Xã Yên Bình, Tỉnh Lào Cai",0.0,2.0,1,0,0.0,0.0,422.6,0.0,5.0,1,Stopped,0,0,0,0,0,VALID,VALID
21C-04064,2026-08-16 10:12:00,422.6,0.0,0.0,"Xã Yên Bình, Tỉnh Lào Cai",0.0,2.0,1,0,0.0,0.0,422.6,0.0,5.0,1,Stopped,0,0,0,0,0,VALID,VALID
21C-04064,2026-08-16 10:14:00,422.6,0.0,0.0,"Xã Yên Bình, Tỉnh Lào Cai",0.0,2.0,1,0,0.0,0.0,422.6,0.0,5.0,1,Stopped,0,0,0,0,0,VALID,VALID
21C-04064,2026-08-16 10:17:00,422.6,0.0,0.0,"Xã Yên Bình, Tỉnh Lào Cai",0.0,3.0,1,0,0.0,0.0,422.6,0.0,5.0,1,Stopped,0,0,0,0,0,VALID,VALID
21C-04064,2026-08-16 10:19:00,422.6,0.0,0.0,"Xã Yên Bình, Tỉnh Lào Cai",0.0,2.0,1,0,0.0,0.0,422.6,0.0,5.0,1,Stopped,0,0,0,0,0,VALID,VALID
21C-04064,2026-08-16 10:21:00,422.6,0.0,0.0,"Xã Yên Bình, Tỉnh Lào Cai",0.0,2.0,1,0,0.0,0.0,422.6,0.0,5.0,1,Stopped,0,0,0,0,0,VALID,VALID
21C-04064,2026-08-16 10:23:00,422.6,0.0,0.0,"Xã Yên Bình, Tỉnh Lào Cai",0.0,2.0,1,0,0.0,0.0,422.6,0.0,5.0,1,Stopped,0,0,0,0,0,VALID,VALID
21C-04064,2026-08-16 10:25:00,422.6,0.0,0.0,"Xã Yên Bình, Tỉnh Lào Cai",0.0,2.0,1,0,0.0,0.0,422.6,0.0,5.0,1,Stopped,0,0,0,0,0,VALID,VALID
21C-04064,2026-08-16 10:28:00,422.6,0.0,0.0,"Xã Yên Bình, Tỉnh Lào Cai",0.0,3.0,1,0,0.0,0.0,422.6,0.0,5.0,1,Stopped,0,0,0,0,0,VALID,VALID
21C-04064,2026-08-16 10:30:00,422.6,0.0,0.0,"Xã Yên Bình, Tỉnh Lào Cai",0.0,2.0,1,0,0.0,0.0,422.6,0.0,5.0,1,Stopped,0,0,0,0,0,VALID,VALID
21C-04064,2026-08-16 10:32:00,422.6,0.0,0.0,"Xã Yên Bình, Tỉnh Lào Cai",0.0,2.0,1,0,0.0,0.0,422.6,0.0,5.0,1,Stopped,0,0,0,0,0,VALID,VALID
21C-04064,2026-08-16 10:34:00,422.6,0.0,0.0,"Xã Yên Bình, Tỉnh Lào Cai",0.0,2.0,1,0,0.0,0.0,422.6,0.0,5.0,1,Stopped,0,0,0,0,0,VALID,VALID
21C-04064,2026-08-16 10:36:00,422.6,0.0,0.0,"Xã Yên Bình, Tỉnh Lào Cai",0.0,2.0,1,0,0.0,0.0,422.6,0.0,5.0,1,Stopped,0,0,0,0,0,VALID,VALID
21C-04064,2026-08-16 10:38:00,422.6,0.0,0.0,"Xã Yên Bình, Tỉnh Lào Cai",0.0,2.0,1,0,0.0,0.0,422.6,0.0,5.0,1,Stopped,0,0,0,0,0,VALID,VALID
21C-04064,2026-08-16 10:41:00,422.6,0.0,0.0,"Xã Yên Bình, Tỉnh Lào Cai",0.0,3.0,1,0,0.0,0.0,422.6,0.0,5.0,1,Stopped,0,0,0,0,0,VALID,VALID
21C-04064,2026-08-16 10:43:00,422.6,0.0,0.0,"Xã Yên Bình, Tỉnh Lào Cai",0.0,2.0,1,0,0.0,0.0,422.6,0.0,5.0,1,Stopped,0,0,0,0,0,VALID,VALID
21C-04064,2026-08-16 10:45:00,422.6,0.0,0.0,"Xã Yên Bình, Tỉnh Lào Cai",0.0,2.0,1,0,0.0,0.0,422.6,0.0,5.0,1,Stopped,0,0,0,0,0,VALID,VALID
21C-04064,2026-08-16 10:47:00,422.6,0.0,0.0,"Xã Yên Bình, Tỉnh Lào Cai",0.0,2.0,1,0,0.0,0.0,422.6,0.0,5.0,1,Stopped,0,0,0,0,0,VALID,VALID
21C-04064,2026-08-16 10:50:00,422.6,0.0,0.0,"Xã Yên Bình, Tỉnh Lào Cai",0.0,3.0,1,0,0.0,0.0,422.6,0.0,5.0,1,Stopped,0,0,0,0,0,VALID,VALID
21C-04064,2026-08-16 10:52:00,422.6,0.0,0.0,"Xã Yên Bình, Tỉnh Lào Cai",0.0,2.0,1,0,0.0,0.0,422.6,0.0,5.0,1,Stopped,0,0,0,0,0,VALID,VALID
21C-04064,2026-08-16 10:54:00,422.6,0.0,0.0,"Xã Yên Bình, Tỉnh Lào Cai",0.0,2.0,1,0,0.0,0.0,422.6,0.0,5.0,1,Stopped,0,0,0,0,0,VALID,VALID
21C-04064,2026-08-16 10:56:00,422.6,0.0,0.0,"Xã Yên Bình, Tỉnh Lào Cai",0.0,2.0,1,0,0.0,0.0,422.6,0.0,5.0,1,Stopped,0,0,0,0,0,VALID,VALID
21C-04064,2026-08-16 10:58:00,422.6,0.0,0.0,"Xã Yên Bình, Tỉnh Lào Cai",0.0,2.0,1,0,0.0,0.0,422.6,0.0,5.0,1,Stopped,0,0,0,0,0,VALID,VALID
21C-04064,2026-08-16 11:00:00,422.6,0.0,0.0,"Xã Yên Bình, Tỉnh Lào Cai",0.0,2.0,1,0,0.0,0.0,422.6,0.0,5.0,1,Stopped,0,0,0,0,0,VALID,VALID
21C-04064,2026-08-16 11:03:00,422.6,0.0,0.0,"Xã Yên Bình, Tỉnh Lào Cai",0.0,3.0,1,0,0.0,0.0,422.6,0.0,5.0,1,Stopped,0,0,0,0,0,VALID,VALID
21C-04064,2026-08-16 11:05:00,422.6,0.0,0.0,"Xã Yên Bình, Tỉnh Lào Cai",0.0,2.0,1,0,0.0,0.0,422.6,0.0,5.0,1,Stopped,0,0,0,0,0,VALID,VALID
21C-04064,2026-08-16 11:07:00,422.6,0.0,0.0,"Xã Yên Bình, Tỉnh Lào Cai",0.0,2.0,1,0,0.0,0.0,422.6,0.0,5.0,1,Stopped,0,0,0,0,0,VALID,VALID
21C-04064,2026-08-16 11:09:00,422.6,0.0,0.0,"Xã Yên Bình, Tỉnh Lào Cai",0.0,2.0,1,0,0.0,0.0,422.6,0.0,5.0,1,Stopped,0,0,0,0,0,VALID,VALID
21C-04064,2026-08-16 11:11:00,422.6,0.0,0.0,"Xã Yên Bình, Tỉnh Lào Cai",0.0,2.0,1,0,0.0,0.0,422.6,0.0,5.0,1,Stopped,0,0,0,0,0,VALID,VALID
21C-04064,2026-08-16 11:14:00,422.6,0.0,0.0,"Xã Yên Bình, Tỉnh Lào Cai",0.0,3.0,1,0,0.0,0.0,422.6,0.0,5.0,1,Stopped,0,0,0,0,0,VALID,VALID
21C-04064,2026-08-16 11:16:00,422.6,0.0,0.0,"Xã Yên Bình, Tỉnh Lào Cai",0.0,2.0,1,0,0.0,0.0,422.6,0.0,5.0,1,Stopped,0,0,0,0,0,VALID,VALID
21C-04064,2026-08-16 11:18:00,422.6,0.0,0.0,"Xã Yên Bình, Tỉnh Lào Cai",0.0,2.0,1,0,0.0,0.0,422.6,0.0,5.0,1,Stopped,0,0,0,0,0,VALID,VALID
21C-04064,2026-08-16 11:20:00,422.6,0.0,0.0,"Xã Yên Bình, Tỉnh Lào Cai",0.0,2.0,1,0,0.0,0.0,422.6,0.0,5.0,1,Stopped,0,0,0,0,0,VALID,VALID
21C-04064,2026-08-16 11:22:00,422.6,0.0,0.0,"Xã Yên Bình, Tỉnh Lào Cai",0.0,2.0,1,0,0.0,0.0,422.6,0.0,5.0,1,Stopped,0,0,0,0,0,VALID,VALID
21C-04064,2026-08-16 11:24:00,422.6,0.0,0.0,"Xã Yên Bình, Tỉnh Lào Cai",0.0,2.0,1,0,0.0,0.0,422.6,0.0,5.0,1,Stopped,0,0,0,0,0,VALID,VALID
21C-04064,2026-08-16 11:27:00,422.6,0.0,0.0,"Xã Yên Bình, Tỉnh Lào Cai",0.0,3.0,1,0,0.0,0.0,422.6,0.0,5.0,1,Stopped,0,0,0,0,0,VALID,VALID
21C-04064,2026-08-16 11:29:00,422.6,0.0,0.0,"Xã Yên Bình, Tỉnh Lào Cai",0.0,2.0,1,0,0.0,0.0,422.6,0.0,5.0,1,Stopped,0,0,0,0,0,VALID,VALID
21C-04064,2026-08-16 11:31:00,422.6,0.0,0.0,"Xã Yên Bình, Tỉnh Lào Cai",0.0,2.0,1,0,0.0,0.0,422.6,0.0,5.0,1,Stopped,0,0,0,0,0,VALID,VALID
21C-04064,2026-08-16 11:33:00,422.6,0.0,0.0,"Xã Yên Bình, Tỉnh Lào Cai",0.0,2.0,1,0,0.0,0.0,422.6,0.0,5.0,1,Stopped,0,0,0,0,0,VALID,VALID
21C-04064,2026-08-16 11:35:00,422.6,0.0,0.0,"Xã Yên Bình, Tỉnh Lào Cai",0.0,2.0,1,0,0.0,0.0,422.6,0.0,5.0,1,Stopped,0,0,0,0,0,VALID,VALID
21C-04064,2026-08-16 11:38:00,422.6,0.0,0.0,"Xã Yên Bình, Tỉnh Lào Cai",0.0,3.0,1,0,0.0,0.0,422.6,0.0,5.0,1,Stopped,0,0,0,0,0,VALID,VALID
21C-04064,2026-08-16 11:40:00,422.6,0.0,0.0,"Xã Yên Bình, Tỉnh Lào Cai",0.0,2.0,1,0,0.0,0.0,422.6,0.0,5.0,1,Stopped,0,0,0,0,0,VALID,VALID
21C-04064,2026-08-16 11:42:00,422.6,0.0,0.0,"Xã Yên Bình, Tỉnh Lào Cai",0.0,2.0,1,0,0.0,0.0,422.6,0.0,5.0,1,Stopped,0,0,0,0,0,VALID,VALID
21C-04064,2026-08-16 11:44:00,422.6,0.0,0.0,"Xã Yên Bình, Tỉnh Lào Cai",0.0,2.0,1,0,0.0,0.0,422.6,0.0,5.0,1,Stopped,0,0,0,0,0,VALID,VALID
21C-04064,2026-08-16 11:46:00,422.6,0.0,0.0,"Xã Yên Bình, Tỉnh Lào Cai",0.0,2.0,1,0,0.0,0.0,422.6,0.0,5.0,1,Stopped,0,0,0,0,0,VALID,VALID
21C-04064,2026-08-16 11:48:00,422.6,0.0,0.0,"Xã Yên Bình, Tỉnh Lào Cai",0.0,2.0,1,0,0.0,0.0,422.6,0.0,5.0,1,Stopped,0,0,0,0,0,VALID,VALID
21C-04064,2026-08-16 11:51:00,422.6,0.0,0.0,"Xã Yên Bình, Tỉnh Lào Cai",0.0,3.0,1,0,0.0,0.0,422.6,0.0,5.0,1,Stopped,0,0,0,0,0,VALID,VALID
21C-04064,2026-08-16 11:53:00,422.6,0.0,0.0,"Xã Yên Bình, Tỉnh Lào Cai",0.0,2.0,1,0,0.0,0.0,422.6,0.0,5.0,1,Stopped,0,0,0,0,0,VALID,VALID
21C-04064,2026-08-16 11:55:00,422.6,0.0,0.0,"Xã Yên Bình, Tỉnh Lào Cai",0.0,2.0,1,0,0.0,0.0,422.6,0.0,5.0,1,Stopped,0,0,0,0,0,VALID,VALID
21C-04064,2026-08-16 11:57:00,422.6,0.0,0.0,"Xã Yên Bình, Tỉnh Lào Cai",0.0,2.0,1,0,0.0,0.0,422.6,0.0,5.0,1,Stopped,0,0,0,0,0,VALID,VALID
21C-04064,2026-08-16 11:59:00,422.6,0.0,0.0,"Xã Yên Bình, Tỉnh Lào Cai",0.0,2.0,1,0,0.0,0.0,422.6,0.0,5.0,1,Stopped,0,0,0,0,0,VALID,VALID
21C-04064,2026-08-16 12:02:00,422.6,0.0,0.0,"Xã Yên Bình, Tỉnh Lào Cai",0.0,3.0,1,0,0.0,0.0,422.6,0.0,5.0,1,Stopped,0,0,0,0,0,VALID,VALID
21C-04064,2026-08-16 12:04:00,422.6,0.0,0.0,"Xã Yên Bình, Tỉnh Lào Cai",0.0,2.0,1,0,0.0,0.0,422.6,0.0,5.0,1,Stopped,0,0,0,0,0,VALID,VALID
21C-04064,2026-08-16 12:06:00,422.6,0.0,0.0,"Xã Yên Bình, Tỉnh Lào Cai",0.0,2.0,1,0,0.0,0.0,422.6,0.0,5.0,1,Stopped,0,0,0,0,0,VALID,VALID
21C-04064,2026-08-16 12:08:00,422.6,0.0,0.0,"Xã Yên Bình, Tỉnh Lào Cai",0.0,2.0,1,0,0.0,0.0,422.6,0.0,5.0,1,Stopped,0,0,0,0,0,VALID,VALID
21C-04064,2026-08-16 12:10:00,422.6,0.0,0.0,"Xã Yên Bình, Tỉnh Lào Cai",0.0,2.0,1,0,0.0,0.0,422.6,0.0,5.0,1,Stopped,0,0,0,0,0,VALID,VALID
21C-04064,2026-08-16 12:12:00,422.6,0.0,0.0,"Xã Yên Bình, Tỉnh Lào Cai",0.0,2.0,1,0,0.0,0.0,422.6,0.0,5.0,1,Stopped,0,0,0,0,0,VALID,VALID
21C-04064,2026-08-16 12:15:00,422.6,0.0,0.0,"Xã Yên Bình, Tỉnh Lào Cai",0.0,3.0,1,0,0.0,0.0,422.6,0.0,5.0,1,Stopped,0,0,0,0,0,VALID,VALID
21C-04064,2026-08-16 12:17:00,422.6,0.0,0.0,"Xã Yên Bình, Tỉnh Lào Cai",0.0,2.0,1,0,0.0,0.0,422.6,0.0,5.0,1,Stopped,0,0,0,0,0,VALID,VALID
21C-04064,2026-08-16 12:19:00,422.6,0.0,0.0,"Xã Yên Bình, Tỉnh Lào Cai",0.0,2.0,1,0,0.0,0.0,422.6,0.0,5.0,1,Stopped,0,0,0,0,0,VALID,VALID
21C-04064,2026-08-16 12:21:00,422.6,0.0,0.0,"Xã Yên Bình, Tỉnh Lào Cai",0.0,2.0,1,0,0.0,0.0,422.6,0.0,5.0,1,Stopped,0,0,0,0,0,VALID,VALID
21C-04064,2026-08-16 12:23:00,422.6,0.0,0.0,"Xã Yên Bình, Tỉnh Lào Cai",0.0,2.0,1,0,0.0,0.0,422.6,0.0,5.0,1,Stopped,0,0,0,0,0,VALID,VALID
21C-04064,2026-08-16 12:26:00,422.6,0.0,0.0,"Xã Yên Bình, Tỉnh Lào Cai",0.0,3.0,1,0,0.0,0.0,422.6,0.0,5.0,1,Stopped,0,0,0,0,0,VALID,VALID
21C-04064,2026-08-16 12:28:00,422.6,0.0,0.0,"Xã Yên Bình, Tỉnh Lào Cai",0.0,2.0,1,0,0.0,0.0,422.6,0.0,5.0,1,Stopped,0,0,0,0,0,VALID,VALID
21C-04064,2026-08-16 12:30:00,422.6,0.0,0.0,"Xã Yên Bình, Tỉnh Lào Cai",0.0,2.0,1,0,0.0,0.0,422.6,0.0,5.0,1,Stopped,0,0,0,0,0,VALID,VALID
21C-04064,2026-08-16 12:32:00,422.6,0.0,0.0,"Xã Yên Bình, Tỉnh Lào Cai",0.0,2.0,1,0,0.0,0.0,422.6,0.0,5.0,1,Stopped,0,0,0,0,0,VALID,VALID
21C-04064,2026-08-16 12:34:00,422.6,0.0,0.0,"Xã Yên Bình, Tỉnh Lào Cai",0.0,2.0,1,0,0.0,0.0,422.6,0.0,5.0,1,Stopped,0,0,0,0,0,VALID,VALID
21C-04064,2026-08-16 12:36:00,422.6,0.0,0.0,"Xã Yên Bình, Tỉnh Lào Cai",0.0,2.0,1,0,0.0,0.0,422.6,0.0,5.0,1,Stopped,0,0,0,0,0,VALID,VALID
21C-04064,2026-08-16 12:39:00,422.6,0.0,0.0,"Xã Yên Bình, Tỉnh Lào Cai",0.0,3.0,1,0,0.0,0.0,422.6,0.0,5.0,1,Stopped,0,0,0,0,0,VALID,VALID
21C-04064,2026-08-16 12:41:00,422.6,0.0,0.0,"Xã Yên Bình, Tỉnh Lào Cai",0.0,2.0,1,0,0.0,0.0,422.6,0.0,5.0,1,Stopped,0,0,0,0,0,VALID,VALID
21C-04064,2026-08-16 12:43:00,422.6,0.0,0.0,"Xã Yên Bình, Tỉnh Lào Cai",0.0,2.0,1,0,0.0,0.0,422.6,0.0,5.0,1,Stopped,0,0,0,0,0,VALID,VALID
21C-04064,2026-08-16 12:45:00,422.6,0.0,0.0,"Xã Yên Bình, Tỉnh Lào Cai",0.0,2.0,1,0,0.0,0.0,422.6,0.0,5.0,1,Stopped,0,0,0,0,0,VALID,VALID
21C-04064,2026-08-16 12:47:00,422.6,0.0,0.0,"Xã Yên Bình, Tỉnh Lào Cai",0.0,2.0,1,0,0.0,0.0,422.6,0.0,5.0,1,Stopped,0,0,0,0,0,VALID,VALID
21C-04064,2026-08-16 12:50:00,422.6,0.0,0.0,"Xã Yên Bình, Tỉnh Lào Cai",0.0,3.0,1,0,0.0,0.0,422.6,0.0,5.0,1,Stopped,0,0,0,0,0,VALID,VALID
21C-04064,2026-08-16 12:52:00,422.6,0.0,0.0,"Xã Yên Bình, Tỉnh Lào Cai",0.0,2.0,1,0,0.0,0.0,422.6,0.0,5.0,1,Stopped,0,0,0,0,0,VALID,VALID
21C-04064,2026-08-16 12:54:00,422.6,0.0,0.0,"Xã Yên Bình, Tỉnh Lào Cai",0.0,2.0,1,0,0.0,0.0,422.6,0.0,5.0,1,Stopped,0,0,0,0,0,VALID,VALID
21C-04064,2026-08-16 12:56:00,422.6,0.0,0.0,"Xã Yên Bình, Tỉnh Lào Cai",0.0,2.0,1,0,0.0,0.0,422.6,0.0,5.0,1,Stopped,0,0,0,0,0,VALID,VALID
21C-04064,2026-08-16 12:58:00,422.6,0.0,0.0,"Xã Yên Bình, Tỉnh Lào Cai",0.0,2.0,1,0,0.0,0.0,422.6,0.0,5.0,1,Stopped,0,0,0,0,0,VALID,VALID
21C-04064,2026-08-16 13:00:00,422.6,0.0,0.0,"Xã Yên Bình, Tỉnh Lào Cai",0.0,2.0,1,0,0.0,0.0,422.6,0.0,5.0,1,Stopped,0,0,0,0,0,VALID,VALID
21C-04064,2026-08-16 13:03:00,422.6,0.0,0.0,"Xã Yên Bình, Tỉnh Lào Cai",0.0,3.0,1,0,0.0,0.0,422.6,0.0,5.0,1,Stopped,0,0,0,0,0,VALID,VALID
21C-04064,2026-08-16 13:05:00,422.6,0.0,0.0,"Xã Yên Bình, Tỉnh Lào Cai",0.0,2.0,1,0,0.0,0.0,422.6,0.0,5.0,1,Stopped,0,0,0,0,0,VALID,VALID
21C-04064,2026-08-16 13:07:00,422.6,0.0,0.0,"Xã Yên Bình, Tỉnh Lào Cai",0.0,2.0,1,0,0.0,0.0,422.6,0.0,5.0,1,Stopped,0,0,0,0,0,VALID,VALID
21C-04064,2026-08-16 13:09:00,422.6,0.0,0.0,"Xã Yên Bình, Tỉnh Lào Cai",0.0,2.0,1,0,0.0,0.0,422.6,0.0,5.0,1,Stopped,0,0,0,0,0,VALID,VALID
21C-04064,2026-08-16 13:11:00,422.6,0.0,0.0,"Xã Yên Bình, Tỉnh Lào Cai",0.0,2.0,1,0,0.0,0.0,422.6,0.0,5.0,1,Stopped,0,0,0,0,0,VALID,VALID
21C-04064,2026-08-16 13:14:00,422.6,0.0,0.0,"Xã Yên Bình, Tỉnh Lào Cai",0.0,3.0,1,0,0.0,0.0,422.6,0.0,5.0,1,Stopped,0,0,0,0,0,VALID,VALID
21C-04064,2026-08-16 13:16:00,422.6,0.0,0.0,"Xã Yên Bình, Tỉnh Lào Cai",0.0,2.0,1,0,0.0,0.0,422.6,0.0,5.0,1,Stopped,0,0,0,0,0,VALID,VALID
21C-04064,2026-08-16 13:18:00,422.6,0.0,0.0,"Xã Yên Bình, Tỉnh Lào Cai",0.0,2.0,1,0,0.0,0.0,422.6,0.0,5.0,1,Stopped,0,0,0,0,0,VALID,VALID
21C-04064,2026-08-16 13:20:00,422.6,0.0,0.0,"Xã Yên Bình, Tỉnh Lào Cai",0.0,2.0,1,0,0.0,0.0,422.6,0.0,5.0,1,Stopped,0,0,0,0,0,VALID,VALID
21C-04064,2026-08-16 13:22:00,422.6,0.0,0.0,"Xã Yên Bình, Tỉnh Lào Cai",0.0,2.0,1,0,0.0,0.0,422.6,0.0,5.0,1,Stopped,0,0,0,0,0,VALID,VALID
21C-04064,2026-08-16 13:24:00,422.6,0.0,0.0,"Xã Yên Bình, Tỉnh Lào Cai",0.0,2.0,1,0,0.0,0.0,422.6,0.0,5.0,1,Stopped,0,0,0,0,0,VALID,VALID
21C-04064,2026-08-16 13:27:00,422.6,0.0,0.0,"Xã Yên Bình, Tỉnh Lào Cai",0.0,3.0,1,0,0.0,0.0,422.6,0.0,5.0,1,Stopped,0,0,0,0,0,VALID,VALID
21C-04064,2026-08-16 13:29:00,422.6,0.0,0.0,"Xã Yên Bình, Tỉnh Lào Cai",0.0,2.0,1,0,0.0,0.0,422.6,0.0,5.0,1,Stopped,0,0,0,0,0,VALID,VALID
21C-04064,2026-08-16 13:31:00,422.6,0.0,0.0,"Xã Yên Bình, Tỉnh Lào Cai",0.0,2.0,1,0,0.0,0.0,422.6,0.0,5.0,1,Stopped,0,0,0,0,0,VALID,VALID
21C-04064,2026-08-16 13:33:00,422.6,0.0,0.0,"Xã Yên Bình, Tỉnh Lào Cai",0.0,2.0,1,0,0.0,0.0,422.6,0.0,5.0,1,Stopped,0,0,0,0,0,VALID,VALID
21C-04064,2026-08-16 13:36:00,422.6,0.0,0.0,"Xã Yên Bình, Tỉnh Lào Cai",0.0,3.0,1,0,0.0,0.0,422.6,0.0,5.0,1,Stopped,0,0,0,0,0,VALID,VALID
21C-04064,2026-08-16 13:38:00,422.6,0.0,0.0,"Xã Yên Bình, Tỉnh Lào Cai",0.0,2.0,1,0,0.0,0.0,422.6,0.0,5.0,1,Stopped,0,0,0,0,0,VALID,VALID
21C-04064,2026-08-16 13:40:00,422.6,0.0,0.0,"Xã Yên Bình, Tỉnh Lào Cai",0.0,2.0,1,0,0.0,0.0,422.6,0.0,5.0,1,Stopped,0,0,0,0,0,VALID,VALID
21C-04064,2026-08-16 13:42:00,422.6,0.0,0.0,"Xã Yên Bình, Tỉnh Lào Cai",0.0,2.0,1,0,0.0,0.0,422.6,0.0,5.0,1,Stopped,0,0,0,0,0,VALID,VALID
21C-04064,2026-08-16 13:44:00,422.6,0.0,0.0,"Xã Yên Bình, Tỉnh Lào Cai",0.0,2.0,1,0,0.0,0.0,422.6,0.0,5.0,1,Stopped,0,0,0,0,0,VALID,VALID
21C-04064,2026-08-16 13:46:00,422.6,0.0,0.0,"Xã Yên Bình, Tỉnh Lào Cai",0.0,2.0,1,0,0.0,0.0,422.6,0.0,5.0,1,Stopped,0,0,0,0,0,VALID,VALID
21C-04064,2026-08-16 13:49:00,422.6,0.0,0.0,"Xã Yên Bình, Tỉnh Lào Cai",0.0,3.0,1,0,0.0,0.0,422.6,0.0,5.0,1,Stopped,0,0,0,0,0,VALID,VALID
21C-04064,2026-08-16 13:51:00,422.6,0.0,0.0,"Xã Yên Bình, Tỉnh Lào Cai",0.0,2.0,1,0,0.0,0.0,422.6,0.0,5.0,1,Stopped,0,0,0,0,0,VALID,VALID
21C-04064,2026-08-16 13:53:00,422.6,0.0,0.0,"Xã Yên Bình, Tỉnh Lào Cai",0.0,2.0,1,0,0.0,0.0,422.6,0.0,5.0,1,Stopped,0,0,0,0,0,VALID,VALID
21C-04064,2026-08-16 13:55:00,422.6,0.0,0.0,"Xã Yên Bình, Tỉnh Lào Cai",0.0,2.0,1,0,0.0,0.0,422.6,0.0,5.0,1,Stopped,0,0,0,0,0,VALID,VALID
21C-04064,2026-08-16 13:57:00,422.6,0.0,0.0,"Xã Yên Bình, Tỉnh Lào Cai",0.0,2.0,1,0,0.0,0.0,422.6,0.0,5.0,1,Stopped,0,0,0,0,0,VALID,VALID
21C-04064,2026-08-16 13:59:00,422.6,0.0,0.0,"Xã Yên Bình, Tỉnh Lào Cai",0.0,2.0,1,0,0.0,0.0,422.6,0.0,5.0,1,Stopped,0,0,0,0,0,VALID,VALID
21C-04064,2026-08-16 14:00:00,422.6,0.0,0.0,"Xã Yên Bình, Tỉnh Lào Cai",0.0,1.0,1,0,0.0,0.0,422.6,0.0,5.0,1,Stopped,0,0,0,0,0,VALID,VALID
21C-04064,2026-08-16 14:02:00,422.6,0.0,0.0,"Xã Yên Bình, Tỉnh Lào Cai",0.0,2.0,1,0,0.0,0.0,422.6,0.0,5.0,1,Stopped,0,0,0,0,0,VALID,VALID
21C-04064,2026-08-16 14:05:00,422.6,0.0,0.0,"Xã Yên Bình, Tỉnh Lào Cai",0.0,3.0,1,0,0.0,0.0,422.6,0.0,5.0,1,Stopped,0,0,0,0,0,VALID,VALID
21C-04064,2026-08-16 14:07:00,422.5,0.0,0.0,"Xã Yên Bình, Tỉnh Lào Cai",0.0,2.0,1,0,-0.10000000000002274,-0.05000000000001137,422.6,0.0447213599758637,5.0,1,Stopped,0,0,0,0,0,VALID,VALID
21C-04064,2026-08-16 14:09:00,422.5,0.0,0.0,"Xã Yên Bình, Tỉnh Lào Cai",0.0,2.0,1,0,0.0,0.0,422.6,0.05477225609800045,5.0,1,Stopped,0,0,0,0,0,VALID,VALID
21C-04064,2026-08-16 14:11:00,422.5,0.0,0.0,"Xã Yên Bình, Tỉnh Lào Cai",0.0,2.0,1,0,0.0,0.0,422.5,0.05477225609776955,5.0,1,Stopped,0,0,0,0,0,VALID,VALID
21C-04064,2026-08-16 14:13:00,422.3,0.0,0.0,"Xã Yên Bình, Tỉnh Lào Cai",0.0,2.0,1,0,-0.19999999999998863,-0.09999999999999432,422.5,0.10954451167432032,5.0,1,Stopped,0,0,0,0,0,VALID,VALID
21C-04064,2026-08-16 14:16:00,422.3,0.0,0.0,"Xã Yên Bình, Tỉnh Lào Cai",0.0,3.0,1,0,0.0,0.0,422.5,0.10954451167396617,5.0,1,Stopped,0,0,0,0,0,VALID,VALID
21C-04064,2026-08-16 14:18:00,422.3,0.0,0.0,"Xã Yên Bình, Tỉnh Lào Cai",0.0,2.0,1,0,0.0,0.0,422.3,0.10954451167374693,5.0,1,Stopped,0,0,0,0,0,VALID,VALID
21C-04064,2026-08-16 14:20:00,422.3,0.0,0.0,"Xã Yên Bình, Tỉnh Lào Cai",0.0,2.0,1,0,0.0,0.0,422.3,0.08944271931127254,5.0,1,Stopped,0,0,0,0,0,VALID,VALID
21C-04064,2026-08-16 14:22:00,422.3,0.0,0.0,"Xã Yên Bình, Tỉnh Lào Cai",0.0,2.0,1,0,0.0,0.0,422.3,0.0,5.0,1,Stopped,0,0,0,0,0,VALID,VALID
21C-04064,2026-08-16 14:24:00,422.3,0.0,0.0,"Xã Yên Bình, Tỉnh Lào Cai",0.0,2.0,1,0,0.0,0.0,422.3,0.0,5.0,1,Stopped,0,0,0,0,0,VALID,VALID
21C-04064,2026-08-16 14:26:00,422.3,0.0,0.0,"Xã Yên Bình, Tỉnh Lào Cai",0.0,2.0,1,0,0.0,0.0,422.3,0.0,5.0,1,Stopped,0,0,0,0,0,VALID,VALID
21C-04064,2026-08-16 14:29:00,422.3,0.0,0.0,"Xã Yên Bình, Tỉnh Lào Cai",0.0,3.0,1,0,0.0,0.0,422.3,0.0,5.0,1,Stopped,0,0,0,0,0,VALID,VALID
21C-04064,2026-08-16 14:31:00,422.3,0.0,0.0,"Xã Yên Bình, Tỉnh Lào Cai",0.0,2.0,1,0,0.0,0.0,422.3,0.0,5.0,1,Stopped,0,0,0,0,0,VALID,VALID
21C-04064,2026-08-16 14:33:00,422.3,0.0,0.0,"Xã Yên Bình, Tỉnh Lào Cai",0.0,2.0,1,0,0.0,0.0,422.3,0.0,5.0,1,Stopped,0,0,0,0,0,VALID,VALID
21C-04064,2026-08-16 14:35:00,422.3,0.0,0.0,"Xã Yên Bình, Tỉnh Lào Cai",0.0,2.0,1,0,0.0,0.0,422.3,0.0,5.0,1,Stopped,0,0,0,0,0,VALID,VALID
21C-04064,2026-08-16 14:38:00,422.3,0.0,0.0,"Xã Yên Bình, Tỉnh Lào Cai",0.0,3.0,1,0,0.0,0.0,422.3,0.0,5.0,1,Stopped,0,0,0,0,0,VALID,VALID
21C-04064,2026-08-16 14:40:00,422.2,0.0,0.0,"Xã Yên Bình, Tỉnh Lào Cai",0.0,2.0,1,0,-0.10000000000002274,-0.05000000000001137,422.3,0.044721359971872585,5.0,1,Stopped,0,0,0,0,0,VALID,VALID
21C-04064,2026-08-16 14:42:00,422.2,0.0,0.0,"Xã Yên Bình, Tỉnh Lào Cai",0.0,2.0,1,0,0.0,0.0,422.3,0.054772256094788425,5.0,1,Stopped,0,0,0,0,0,VALID,VALID
21C-04064,2026-08-16 14:44:00,422.2,0.0,0.0,"Xã Yên Bình, Tỉnh Lào Cai",0.0,2.0,1,0,0.0,0.0,422.2,0.05477225609460422,5.0,1,Stopped,0,0,0,0,0,VALID,VALID
21C-04064,2026-08-16 14:46:00,422.2,0.0,0.0,"Xã Yên Bình, Tỉnh Lào Cai",0.0,2.0,1,0,0.0,0.0,422.2,0.04472135997119575,5.0,1,Stopped,0,0,0,0,0,VALID,VALID
21C-04064,2026-08-16 14:48:00,422.2,0.0,0.0,"Xã Yên Bình, Tỉnh Lào Cai",0.0,2.0,1,0,0.0,0.0,422.2,0.0,5.0,1,Stopped,0,0,0,0,0,VALID,VALID
21C-04064,2026-08-16 14:51:00,422.2,0.0,0.0,"Xã Yên Bình, Tỉnh Lào Cai",0.0,3.0,1,0,0.0,0.0,422.2,0.0,5.0,1,Stopped,0,0,0,0,0,VALID,VALID
21C-04064,2026-08-16 14:53:00,422.2,0.0,0.0,"Xã Yên Bình, Tỉnh Lào Cai",0.0,2.0,1,0,0.0,0.0,422.2,0.0,5.0,1,Stopped,0,0,0,0,0,VALID,VALID
21C-04064,2026-08-16 14:55:00,422.2,0.0,0.0,"Xã Yên Bình, Tỉnh Lào Cai",0.0,2.0,1,0,0.0,0.0,422.2,0.0,5.0,1,Stopped,0,0,0,0,0,VALID,VALID
21C-04064,2026-08-16 14:57:00,422.2,0.0,0.0,"Xã Yên Bình, Tỉnh Lào Cai",0.0,2.0,1,0,0.0,0.0,422.2,0.0,5.0,1,Stopped,0,0,0,0,0,VALID,VALID
21C-04064,2026-08-16 14:59:00,422.2,0.0,0.0,"Xã Yên Bình, Tỉnh Lào Cai",0.0,2.0,1,0,0.0,0.0,422.2,0.0,5.0,1,Stopped,0,0,0,0,0,VALID,VALID
21C-04064,2026-08-16 15:02:00,422.2,0.0,0.0,"Xã Yên Bình, Tỉnh Lào Cai",0.0,3.0,1,0,0.0,0.0,422.2,0.0,5.0,1,Stopped,0,0,0,0,0,VALID,VALID
21C-04064,2026-08-16 15:04:00,422.2,0.0,0.0,"Xã Yên Bình, Tỉnh Lào Cai",0.0,2.0,1,0,0.0,0.0,422.2,0.0,5.0,1,Stopped,0,0,0,0,0,VALID,VALID
21C-04064,2026-08-16 15:06:00,422.3,0.0,0.0,"Xã Yên Bình, Tỉnh Lào Cai",0.0,2.0,1,0,0.10000000000002274,0.05000000000001137,422.2,0.04472135997116715,5.0,1,Stopped,0,0,0,0,0,VALID,VALID
21C-04064,2026-08-16 15:08:00,422.3,0.0,0.0,"Xã Yên Bình, Tỉnh Lào Cai",0.0,2.0,1,0,0.0,0.0,422.2,0.05477225609453741,5.0,1,Stopped,0,0,0,0,0,VALID,VALID
21C-04064,2026-08-16 15:10:00,422.3,0.0,0.0,"Xã Yên Bình, Tỉnh Lào Cai",0.0,2.0,1,0,0.0,0.0,422.3,0.05477225609466454,5.0,1,Stopped,0,0,0,0,0,VALID,VALID
21C-04064,2026-08-16 15:12:00,422.3,0.0,0.0,"Xã Yên Bình, Tỉnh Lào Cai",0.0,2.0,1,0,0.0,0.0,422.3,0.04472135997165094,5.0,1,Stopped,0,0,0,0,0,VALID,VALID
21C-04064,2026-08-16 15:15:00,422.5,0.0,0.0,"Xã Yên Bình, Tỉnh Lào Cai",0.0,3.0,1,0,0.19999999999998863,0.06666666666666288,422.3,0.08944271931107592,5.0,1,Stopped,0,0,0,0,0,VALID,VALID
21C-04064,2026-08-16 15:17:00,422.5,0.0,0.0,"Xã Yên Bình, Tỉnh Lào Cai",0.0,2.0,1,0,0.0,0.0,422.3,0.10954451167351958,5.0,1,Stopped,0,0,0,0,0,VALID,VALID
21C-04064,2026-08-16 15:18:00,422.0,0.0,0.0,"Xã Yên Bình, Tỉnh Lào Cai",0.0,1.0,1,0,-0.5,-0.5,422.3,0.2049390154112844,5.0,1,Stopped,0,0,0,0,0,VALID,VALID
21C-04064,2026-08-16 15:20:00,422.5,0.0,0.0,"Xã Yên Bình, Tỉnh Lào Cai",0.0,2.0,1,0,0.5,0.25,422.5,0.21908902308827466,5.0,1,Stopped,0,0,0,0,0,VALID,VALID
21C-04064,2026-08-16 15:22:00,422.5,0.0,0.0,"Xã Yên Bình, Tỉnh Lào Cai",0.0,2.0,1,0,0.0,0.0,422.5,0.22360679783450563,5.0,1,Stopped,0,0,0,0,0,VALID,VALID
21C-04064,2026-08-16 15:25:00,422.6,0.0,0.0,"Xã Yên Bình, Tỉnh Lào Cai",0.0,3.0,1,0,0.10000000000002274,0.03333333333334091,422.5,0.23874672780546724,5.0,1,Stopped,0,0,0,0,0,VALID,VALID
21C-04064,2026-08-16 15:27:00,422.6,0.0,0.0,"Xã Yên Bình, Tỉnh Lào Cai",0.0,2.0,1,0,0.0,0.0,422.5,0.2509980080355914,5.0,1,Stopped,0,0,0,0,0,VALID,VALID
21C-04064,2026-08-16 15:29:00,422.6,0.0,0.0,"Xã Yên Bình, Tỉnh Lào Cai",0.0,2.0,1,0,0.0,0.0,422.6,0.054772256096719395,5.0,1,Stopped,0,0,0,0,0,VALID,VALID
21C-04064,2026-08-16 15:31:00,422.6,0.0,0.0,"Xã Yên Bình, Tỉnh Lào Cai",0.0,2.0,1,0,0.0,0.0,422.6,0.04472135997416762,5.0,1,Stopped,0,0,0,0,0,VALID,VALID
21C-04064,2026-08-16 15:32:00,422.6,0.0,0.0,"Xã Yên Bình, Tỉnh Lào Cai",0.0,1.0,1,0,0.0,0.0,422.6,0.0,5.0,1,Stopped,0,0,0,0,0,VALID,VALID
21C-04064,2026-08-16 15:34:00,422.6,0.0,0.0,"Xã Yên Bình, Tỉnh Lào Cai",0.0,2.0,1,0,0.0,0.0,422.6,0.0,5.0,1,Stopped,0,0,0,0,0,VALID,VALID
21C-04064,2026-08-16 15:36:00,422.8,0.0,0.0,"Xã Yên Bình, Tỉnh Lào Cai",0.0,2.0,1,0,0.19999999999998863,0.09999999999999432,422.6,0.08944271931236285,5.0,1,Stopped,0,0,0,0,0,VALID,VALID
21C-04064,2026-08-16 15:38:00,422.9,0.0,0.0,"Xã Yên Bình, Tỉnh Lào Cai",0.0,2.0,1,0,0.0999999999999659,0.04999999999998295,422.6,0.14142135637182507,5.0,1,Stopped,0,0,0,0,0,VALID,VALID
21C-04064,2026-08-16 15:40:00,422.9,0.0,0.0,"Xã Yên Bình, Tỉnh Lào Cai",0.0,2.0,1,0,0.0,0.0,422.8,0.15165750900668273,5.0,1,Stopped,0,0,0,0,0,VALID,VALID
21C-04064,2026-08-16 15:43:00,423.1,0.0,0.0,"Xã Yên Bình, Tỉnh Lào Cai",0.0,3.0,1,0,0.20000000000004547,0.06666666666668182,422.9,0.18165902135109915,5.0,1,Stopped,0,0,0,0,0,VALID,VALID
21C-04064,2026-08-16 15:45:00,423.2,0.0,0.0,"Xã Yên Bình, Tỉnh Lào Cai",0.0,2.0,1,0,0.0999999999999659,0.04999999999998295,422.9,0.16431676736836406,5.0,1,Stopped,0,0,0,0,0,VALID,VALID
21C-04064,2026-08-16 15:47:00,423.2,0.0,0.0,"Xã Yên Bình, Tỉnh Lào Cai",0.0,2.0,1,0,0.0,0.0,423.1,0.15165750900790956,5.0,1,Stopped,0,0,0,0,0,VALID,VALID
21C-04064,2026-08-16 15:49:00,423.2,0.0,0.0,"Xã Yên Bình, Tỉnh Lào Cai",0.0,2.0,1,0,0.0,0.0,423.2,0.1303840482518787,5.0,1,Stopped,0,0,0,0,0,VALID,VALID
21C-04064,2026-08-16 15:52:00,423.2,0.0,0.0,"Xã Yên Bình, Tỉnh Lào Cai",0.0,3.0,1,0,0.0,0.0,423.2,0.04472135998169624,5.0,1,Stopped,0,0,0,0,0,VALID,VALID
21C-04064,2026-08-16 15:54:00,423.2,0.0,0.0,"Xã Yên Bình, Tỉnh Lào Cai",0.0,2.0,1,0,0.0,0.0,423.2,0.0,5.0,1,Stopped,0,0,0,0,0,VALID,VALID
21C-04064,2026-08-16 15:56:00,423.2,0.0,0.0,"Xã Yên Bình, Tỉnh Lào Cai",0.0,2.0,1,0,0.0,0.0,423.2,0.0,5.0,1,Stopped,0,0,0,0,0,VALID,VALID
21C-04064,2026-08-16 15:58:00,423.2,0.0,0.0,"Xã Yên Bình, Tỉnh Lào Cai",0.0,2.0,1,0,0.0,0.0,423.2,0.0,5.0,1,Stopped,0,0,0,0,0,VALID,VALID
21C-04064,2026-08-16 16:00:00,423.2,0.0,0.0,"Xã Yên Bình, Tỉnh Lào Cai",0.0,2.0,1,0,0.0,0.0,423.2,0.0,5.0,1,Stopped,0,0,0,0,0,VALID,VALID
21C-04064,2026-08-16 16:02:00,423.4,0.0,0.0,"Xã Yên Bình, Tỉnh Lào Cai",0.0,2.0,1,0,0.19999999999998863,0.09999999999999432,423.2,0.08944271931621774,5.0,1,Stopped,0,0,0,0,0,VALID,VALID
21C-04064,2026-08-16 16:05:00,423.4,0.0,0.0,"Xã Yên Bình, Tỉnh Lào Cai",0.0,3.0,1,0,0.0,0.0,423.2,0.10954451167778467,5.0,1,Stopped,0,0,0,0,0,VALID,VALID
21C-04064,2026-08-16 16:07:00,423.4,0.0,0.0,"Xã Yên Bình, Tỉnh Lào Cai",0.0,2.0,1,0,0.0,0.0,423.4,0.10954451167800391,5.0,1,Stopped,0,0,0,0,0,VALID,VALID
21C-04064,2026-08-16 16:09:00,423.4,0.0,0.0,"Xã Yên Bình, Tỉnh Lào Cai",0.0,2.0,1,0,0.0,0.0,423.4,0.08944271931702327,5.0,1,Stopped,0,0,0,0,0,VALID,VALID
21C-04064,2026-08-16 16:11:00,423.4,0.0,0.0,"Xã Yên Bình, Tỉnh Lào Cai",0.0,2.0,1,0,0.0,0.0,423.4,0.0,5.0,1,Stopped,0,0,0,0,0,VALID,VALID
21C-04064,2026-08-16 16:13:00,423.4,0.0,0.0,"Xã Yên Bình, Tỉnh Lào Cai",0.0,2.0,1,0,0.0,0.0,423.4,0.0,5.0,1,Stopped,0,0,0,0,0,VALID,VALID
21C-04064,2026-08-16 16:16:00,423.4,0.0,0.0,"Xã Yên Bình, Tỉnh Lào Cai",0.0,3.0,1,0,0.0,0.0,423.4,0.0,5.0,1,Stopped,0,0,0,0,0,VALID,VALID
21C-04064,2026-08-16 16:18:00,423.4,0.0,0.0,"Xã Yên Bình, Tỉnh Lào Cai",0.0,2.0,1,0,0.0,0.0,423.4,0.0,5.0,1,Stopped,0,0,0,0,0,VALID,VALID
21C-04064,2026-08-16 16:20:00,423.4,0.0,0.0,"Xã Yên Bình, Tỉnh Lào Cai",0.0,2.0,1,0,0.0,0.0,423.4,0.0,5.0,1,Stopped,0,0,0,0,0,VALID,VALID
21C-04064,2026-08-16 16:22:00,423.4,0.0,0.0,"Xã Yên Bình, Tỉnh Lào Cai",0.0,2.0,1,0,0.0,0.0,423.4,0.0,5.0,1,Stopped,0,0,0,0,0,VALID,VALID
21C-04064,2026-08-16 16:24:00,423.4,0.0,0.0,"Xã Yên Bình, Tỉnh Lào Cai",0.0,2.0,1,0,0.0,0.0,423.4,0.0,5.0,1,Stopped,0,0,0,0,0,VALID,VALID
21C-04064,2026-08-16 16:26:00,423.5,0.0,0.0,"Xã Yên Bình, Tỉnh Lào Cai",0.0,2.0,1,0,0.10000000000002274,0.05000000000001137,423.4,0.044721359984985116,5.0,1,Stopped,0,0,0,0,0,VALID,VALID
21C-04064,2026-08-16 16:29:00,423.5,0.0,0.0,"Xã Yên Bình, Tỉnh Lào Cai",0.0,3.0,1,0,0.0,0.0,423.4,0.05477225610592351,5.0,1,Stopped,0,0,0,0,0,VALID,VALID
21C-04064,2026-08-16 16:31:00,423.5,0.0,0.0,"Xã Yên Bình, Tỉnh Lào Cai",0.0,2.0,1,0,0.0,0.0,423.5,0.05477225610615442,5.0,1,Stopped,0,0,0,0,0,VALID,VALID
21C-04064,2026-08-16 16:33:00,423.5,0.0,0.0,"Xã Yên Bình, Tỉnh Lào Cai",0.0,2.0,1,0,0.0,0.0,423.5,0.04472135998585022,5.0,1,Stopped,0,0,0,0,0,VALID,VALID
21C-04064,2026-08-16 16:35:00,423.5,0.0,0.0,"Xã Yên Bình, Tỉnh Lào Cai",0.0,2.0,1,0,0.0,0.0,423.5,0.0,5.0,1,Stopped,0,0,0,0,0,VALID,VALID
21C-04064,2026-08-16 16:37:00,423.5,0.0,0.0,"Xã Yên Bình, Tỉnh Lào Cai",0.0,2.0,1,0,0.0,0.0,423.5,0.0,5.0,1,Stopped,0,0,0,0,0,VALID,VALID
21C-04064,2026-08-16 16:40:00,423.5,0.0,0.0,"Xã Yên Bình, Tỉnh Lào Cai",0.0,3.0,1,0,0.0,0.0,423.5,0.0,5.0,1,Stopped,0,0,0,0,0,VALID,VALID
21C-04064,2026-08-16 16:42:00,423.5,0.0,0.0,"Xã Yên Bình, Tỉnh Lào Cai",0.0,2.0,1,0,0.0,0.0,423.5,0.0,5.0,1,Stopped,0,0,0,0,0,VALID,VALID
21C-04064,2026-08-16 16:44:00,423.5,0.0,0.0,"Xã Yên Bình, Tỉnh Lào Cai",0.0,2.0,1,0,0.0,0.0,423.5,0.0,5.0,1,Stopped,0,0,0,0,0,VALID,VALID
21C-04064,2026-08-16 16:46:00,423.5,0.0,0.0,"Xã Yên Bình, Tỉnh Lào Cai",0.0,2.0,1,0,0.0,0.0,423.5,0.0,5.0,1,Stopped,0,0,0,0,0,VALID,VALID
21C-04064,2026-08-16 16:48:00,423.5,0.0,0.0,"Xã Yên Bình, Tỉnh Lào Cai",0.0,2.0,1,0,0.0,0.0,423.5,0.0,5.0,1,Stopped,0,0,0,0,0,VALID,VALID
21C-04064,2026-08-16 16:50:00,423.5,0.0,0.0,"Xã Yên Bình, Tỉnh Lào Cai",0.0,2.0,1,0,0.0,0.0,423.5,0.0,5.0,1,Stopped,0,0,0,0,0,VALID,VALID
21C-04064,2026-08-16 16:53:00,423.5,0.0,0.0,"Xã Yên Bình, Tỉnh Lào Cai",0.0,3.0,1,0,0.0,0.0,423.5,0.0,5.0,1,Stopped,0,0,0,0,0,VALID,VALID
21C-04064,2026-08-16 16:55:00,423.5,0.0,0.0,"Xã Yên Bình, Tỉnh Lào Cai",0.0,2.0,1,0,0.0,0.0,423.5,0.0,5.0,1,Stopped,0,0,0,0,0,VALID,VALID
21C-04064,2026-08-16 16:57:00,423.5,0.0,0.0,"Xã Yên Bình, Tỉnh Lào Cai",0.0,2.0,1,0,0.0,0.0,423.5,0.0,5.0,1,Stopped,0,0,0,0,0,VALID,VALID
21C-04064,2026-08-16 16:59:00,423.5,0.0,0.0,"Xã Yên Bình, Tỉnh Lào Cai",0.0,2.0,1,0,0.0,0.0,423.5,0.0,5.0,1,Stopped,0,0,0,0,0,VALID,VALID
21C-04064,2026-08-16 17:00:00,423.5,0.0,0.0,"Xã Yên Bình, Tỉnh Lào Cai",0.0,1.0,1,0,0.0,0.0,423.5,0.0,5.0,1,Stopped,0,0,0,0,0,VALID,VALID
21C-04064,2026-08-16 17:03:00,422.3,0.0,0.0,"Xã Yên Bình, Tỉnh Lào Cai",0.0,3.0,1,0,-1.1999999999999886,-0.3999999999999962,423.5,0.5366563146359915,5.0,1,Stopped,0,0,0,0,0,VALID,VALID
21C-04064,2026-08-16 17:05:00,422.0,0.0,0.0,"Xã Yên Bình, Tỉnh Lào Cai",0.0,2.0,1,0,-0.30000000000001137,-0.15000000000000568,423.5,0.7469939759049565,5.0,1,Stopped,0,0,0,0,0,VALID,VALID
21C-04064,2026-08-16 17:07:00,421.8,0.0,0.0,"Xã Yên Bình, Tỉnh Lào Cai",0.0,2.0,1,0,-0.19999999999998863,-0.09999999999999432,422.3,0.8228000972519712,5.0,1,Stopped,0,0,0,0,0,VALID,VALID
21C-04064,2026-08-16 17:09:00,421.7,0.0,0.0,"Xã Yên Bình, Tỉnh Lào Cai",0.0,2.0,1,0,-0.10000000000002274,-0.05000000000001137,422.0,0.7300684899633685,5.0,1,Stopped,0,0,0,0,0,VALID,VALID
21C-04064,2026-08-16 17:10:00,421.7,0.0,0.0,"Xã Yên Bình, Tỉnh Lào Cai",0.0,1.0,1,0,0.0,0.0,421.8,0.25495097575206505,5.0,1,Stopped,0,0,0,0,0,VALID,VALID
21C-04064,2026-08-16 17:13:00,421.5,0.0,0.0,"Xã Yên Bình, Tỉnh Lào Cai",0.0,3.0,1,0,-0.19999999999998863,-0.06666666666666288,421.7,0.1816590213468944,5.0,1,Stopped,0,0,0,0,0,VALID,VALID
21C-04064,2026-08-16 17:15:00,421.2,0.0,0.0,"Xã Yên Bình, Tỉnh Lào Cai",0.0,2.0,1,0,-0.30000000000001137,-0.15000000000000568,421.7,0.23874672780267087,5.0,1,Stopped,0,0,0,0,0,VALID,VALID
21C-04064,2026-08-16 17:17:00,420.9,0.0,0.0,"Xã Yên Bình, Tỉnh Lào Cai",0.0,2.0,1,0,-0.30000000000001137,-0.15000000000000568,421.5,0.34641016156606635,5.0,1,Stopped,0,0,0,0,0,VALID,VALID
21C-04064,2026-08-16 17:19:00,420.8,0.0,0.0,"Xã Yên Bình, Tỉnh Lào Cai",0.0,2.0,1,0,-0.0999999999999659,-0.04999999999998295,421.2,0.38340579030050975,5.0,1,Stopped,0,0,0,0,0,VALID,VALID
21C-04064,2026-08-16 17:21:00,420.6,0.0,0.0,"Xã Yên Bình, Tỉnh Lào Cai",0.0,2.0,1,0,-0.19999999999998863,-0.09999999999999432,420.9,0.3535533906436459,5.0,1,Stopped,0,0,0,0,0,VALID,VALID
21C-04064,2026-08-16 17:24:00,420.5,0.0,0.0,"Xã Yên Bình, Tỉnh Lào Cai",0.0,3.0,1,0,-0.10000000000002274,-0.03333333333334091,420.8,0.27386127881703914,5.0,1,Stopped,0,0,0,0,0,VALID,VALID
21C-04064,2026-08-16 17:26:00,420.5,0.0,0.0,"Xã Yên Bình, Tỉnh Lào Cai",0.0,2.0,1,0,0.0,0.0,420.6,0.1816590213424448,5.0,1,Stopped,0,0,0,0,0,VALID,VALID
21C-04064,2026-08-16 17:28:00,420.3,0.0,0.0,"Xã Yên Bình, Tỉnh Lào Cai",0.0,2.0,1,0,-0.19999999999998863,-0.09999999999999432,420.5,0.18165902134194492,5.0,1,Stopped,0,0,0,0,0,VALID,VALID
21C-04064,2026-08-16 17:30:00,420.3,0.0,0.0,"Xã Yên Bình, Tỉnh Lào Cai",0.0,2.0,1,0,0.0,0.0,420.5,0.1341640787795181,5.0,1,Stopped,0,0,0,0,0,VALID,VALID
21C-04064,2026-08-16 17:32:00,420.3,0.0,0.0,"Xã Yên Bình, Tỉnh Lào Cai",0.0,2.0,1,0,0.0,0.0,420.3,0.10954451165922437,5.0,1,Stopped,0,0,0,0,0,VALID,VALID
21C-04064,2026-08-16 17:34:00,420.3,0.0,0.0,"Xã Yên Bình, Tỉnh Lào Cai",0.0,2.0,1,0,0.0,0.0,420.3,0.0894427192933876,5.0,1,Stopped,0,0,0,0,0,VALID,VALID
21C-04064,2026-08-16 17:37:00,420.3,0.0,0.0,"Xã Yên Bình, Tỉnh Lào Cai",0.0,3.0,1,0,0.0,0.0,420.3,0.0,5.0,1,Stopped,0,0,0,0,0,VALID,VALID
21C-04064,2026-08-16 17:39:00,420.3,0.0,0.0,"Xã Yên Bình, Tỉnh Lào Cai",0.0,2.0,1,0,0.0,0.0,420.3,0.0,5.0,1,Stopped,0,0,0,0,0,VALID,VALID
21C-04064,2026-08-16 17:41:00,420.3,0.0,0.0,"Xã Yên Bình, Tỉnh Lào Cai",0.0,2.0,1,0,0.0,0.0,420.3,0.0,5.0,1,Stopped,0,0,0,0,0,VALID,VALID
21C-04064,2026-08-16 17:43:00,420.3,0.0,0.0,"Xã Yên Bình, Tỉnh Lào Cai",0.0,2.0,1,0,0.0,0.0,420.3,0.0,5.0,1,Stopped,0,0,0,0,0,VALID,VALID
21C-04064,2026-08-16 17:45:00,420.3,0.0,0.0,"Xã Yên Bình, Tỉnh Lào Cai",0.0,2.0,1,0,0.0,0.0,420.3,0.0,5.0,1,Stopped,0,0,0,0,0,VALID,VALID
21C-04064,2026-08-16 17:48:00,420.3,0.0,0.0,"Xã Yên Bình, Tỉnh Lào Cai",0.0,3.0,1,0,0.0,0.0,420.3,0.0,5.0,1,Stopped,0,0,0,0,0,VALID,VALID
21C-04064,2026-08-16 17:50:00,420.3,0.0,0.0,"Xã Yên Bình, Tỉnh Lào Cai",0.0,2.0,1,0,0.0,0.0,420.3,0.0,5.0,1,Stopped,0,0,0,0,0,VALID,VALID
21C-04064,2026-08-16 17:52:00,420.3,0.0,0.0,"Xã Yên Bình, Tỉnh Lào Cai",0.0,2.0,1,0,0.0,0.0,420.3,0.0,5.0,1,Stopped,0,0,0,0,0,VALID,VALID
21C-04064,2026-08-16 17:54:00,420.3,0.0,0.0,"Xã Yên Bình, Tỉnh Lào Cai",0.0,2.0,1,0,0.0,0.0,420.3,0.0,5.0,1,Stopped,0,0,0,0,0,VALID,VALID
21C-04064,2026-08-16 17:56:00,420.3,0.0,0.0,"Xã Yên Bình, Tỉnh Lào Cai",0.0,2.0,1,0,0.0,0.0,420.3,0.0,5.0,1,Stopped,0,0,0,0,0,VALID,VALID
21C-04064,2026-08-16 17:58:00,420.3,0.0,0.0,"Xã Yên Bình, Tỉnh Lào Cai",0.0,2.0,1,0,0.0,0.0,420.3,0.0,5.0,1,Stopped,0,0,0,0,0,VALID,VALID
21C-04064,2026-08-16 18:00:00,420.3,0.0,0.0,"Xã Yên Bình, Tỉnh Lào Cai",0.0,2.0,1,0,0.0,0.0,420.3,0.0,5.0,1,Stopped,0,0,0,0,0,VALID,VALID
21C-04064,2026-08-16 18:02:00,420.3,0.0,0.0,"Xã Yên Bình, Tỉnh Lào Cai",0.0,2.0,1,0,0.0,0.0,420.3,0.0,5.0,1,Stopped,0,0,0,0,0,VALID,VALID
21C-04064,2026-08-16 18:05:00,420.3,0.0,0.0,"Xã Yên Bình, Tỉnh Lào Cai",0.0,3.0,1,0,0.0,0.0,420.3,0.0,5.0,1,Stopped,0,0,0,0,0,VALID,VALID
21C-04064,2026-08-16 18:07:00,420.3,0.0,0.0,"Xã Yên Bình, Tỉnh Lào Cai",0.0,2.0,1,0,0.0,0.0,420.3,0.0,5.0,1,Stopped,0,0,0,0,0,VALID,VALID
21C-04064,2026-08-16 18:09:00,420.3,0.0,0.0,"Xã Yên Bình, Tỉnh Lào Cai",0.0,2.0,1,0,0.0,0.0,420.3,0.0,5.0,1,Stopped,0,0,0,0,0,VALID,VALID
21C-04064,2026-08-16 18:11:00,420.3,0.0,0.0,"Xã Yên Bình, Tỉnh Lào Cai",0.0,2.0,1,0,0.0,0.0,420.3,0.0,5.0,1,Stopped,0,0,0,0,0,VALID,VALID
21C-04064,2026-08-16 18:14:00,420.3,0.0,0.0,"Xã Yên Bình, Tỉnh Lào Cai",0.0,3.0,1,0,0.0,0.0,420.3,0.0,5.0,1,Stopped,0,0,0,0,0,VALID,VALID
21C-04064,2026-08-16 18:16:00,420.3,0.0,0.0,"Xã Yên Bình, Tỉnh Lào Cai",0.0,2.0,1,0,0.0,0.0,420.3,0.0,5.0,1,Stopped,0,0,0,0,0,VALID,VALID
21C-04064,2026-08-16 18:18:00,420.3,0.0,0.0,"Xã Yên Bình, Tỉnh Lào Cai",0.0,2.0,1,0,0.0,0.0,420.3,0.0,5.0,1,Stopped,0,0,0,0,0,VALID,VALID
21C-04064,2026-08-16 18:20:00,420.3,0.0,0.0,"Xã Yên Bình, Tỉnh Lào Cai",0.0,2.0,1,0,0.0,0.0,420.3,0.0,5.0,1,Stopped,0,0,0,0,0,VALID,VALID
21C-04064,2026-08-16 18:22:00,420.3,0.0,0.0,"Xã Yên Bình, Tỉnh Lào Cai",0.0,2.0,1,0,0.0,0.0,420.3,0.0,5.0,1,Stopped,0,0,0,0,0,VALID,VALID
21C-04064,2026-08-16 18:24:00,420.3,0.0,0.0,"Xã Yên Bình, Tỉnh Lào Cai",0.0,2.0,1,0,0.0,0.0,420.3,0.0,5.0,1,Stopped,0,0,0,0,0,VALID,VALID
21C-04064,2026-08-16 18:27:00,420.3,0.0,0.0,"Xã Yên Bình, Tỉnh Lào Cai",0.0,3.0,1,0,0.0,0.0,420.3,0.0,5.0,1,Stopped,0,0,0,0,0,VALID,VALID
21C-04064,2026-08-16 18:29:00,420.3,0.0,0.0,"Xã Yên Bình, Tỉnh Lào Cai",0.0,2.0,1,0,0.0,0.0,420.3,0.0,5.0,1,Stopped,0,0,0,0,0,VALID,VALID
21C-04064,2026-08-16 18:31:00,420.3,0.0,0.0,"Xã Yên Bình, Tỉnh Lào Cai",0.0,2.0,1,0,0.0,0.0,420.3,0.0,5.0,1,Stopped,0,0,0,0,0,VALID,VALID
21C-04064,2026-08-16 18:33:00,420.3,0.0,0.0,"Xã Yên Bình, Tỉnh Lào Cai",0.0,2.0,1,0,0.0,0.0,420.3,0.0,5.0,1,Stopped,0,0,0,0,0,VALID,VALID
21C-04064,2026-08-16 18:35:00,420.3,0.0,0.0,"Xã Yên Bình, Tỉnh Lào Cai",0.0,2.0,1,0,0.0,0.0,420.3,0.0,5.0,1,Stopped,0,0,0,0,0,VALID,VALID
21C-04064,2026-08-16 18:38:00,420.3,0.0,0.0,"Xã Yên Bình, Tỉnh Lào Cai",0.0,3.0,1,0,0.0,0.0,420.3,0.0,5.0,1,Stopped,0,0,0,0,0,VALID,VALID
21C-04064,2026-08-16 18:40:00,420.3,0.0,0.0,"Xã Yên Bình, Tỉnh Lào Cai",0.0,2.0,1,0,0.0,0.0,420.3,0.0,5.0,1,Stopped,0,0,0,0,0,VALID,VALID
21C-04064,2026-08-16 18:42:00,420.3,0.0,0.0,"Xã Yên Bình, Tỉnh Lào Cai",0.0,2.0,1,0,0.0,0.0,420.3,0.0,5.0,1,Stopped,0,0,0,0,0,VALID,VALID
21C-04064,2026-08-16 18:44:00,420.3,0.0,0.0,"Xã Yên Bình, Tỉnh Lào Cai",0.0,2.0,1,0,0.0,0.0,420.3,0.0,5.0,1,Stopped,0,0,0,0,0,VALID,VALID
21C-04064,2026-08-16 18:46:00,420.3,0.0,0.0,"Xã Yên Bình, Tỉnh Lào Cai",0.0,2.0,1,0,0.0,0.0,420.3,0.0,5.0,1,Stopped,0,0,0,0,0,VALID,VALID
21C-04064,2026-08-16 18:48:00,420.3,0.0,0.0,"Xã Yên Bình, Tỉnh Lào Cai",0.0,2.0,1,0,0.0,0.0,420.3,0.0,5.0,1,Stopped,0,0,0,0,0,VALID,VALID
21C-04064,2026-08-16 18:51:00,420.3,0.0,0.0,"Xã Yên Bình, Tỉnh Lào Cai",0.0,3.0,1,0,0.0,0.0,420.3,0.0,5.0,1,Stopped,0,0,0,0,0,VALID,VALID
21C-04064,2026-08-16 18:53:00,420.3,0.0,0.0,"Xã Yên Bình, Tỉnh Lào Cai",0.0,2.0,1,0,0.0,0.0,420.3,0.0,5.0,1,Stopped,0,0,0,0,0,VALID,VALID
21C-04064,2026-08-16 18:55:00,420.3,0.0,0.0,"Xã Yên Bình, Tỉnh Lào Cai",0.0,2.0,1,0,0.0,0.0,420.3,0.0,5.0,1,Stopped,0,0,0,0,0,VALID,VALID
21C-04064,2026-08-16 18:57:00,420.3,0.0,0.0,"Xã Yên Bình, Tỉnh Lào Cai",0.0,2.0,1,0,0.0,0.0,420.3,0.0,5.0,1,Stopped,0,0,0,0,0,VALID,VALID
21C-04064,2026-08-16 18:59:00,420.3,0.0,0.0,"Xã Yên Bình, Tỉnh Lào Cai",0.0,2.0,1,0,0.0,0.0,420.3,0.0,5.0,1,Stopped,0,0,0,0,0,VALID,VALID
21C-04064,2026-08-16 19:02:00,420.3,0.0,0.0,"Xã Yên Bình, Tỉnh Lào Cai",0.0,3.0,1,0,0.0,0.0,420.3,0.0,5.0,1,Stopped,0,0,0,0,0,VALID,VALID
21C-04064,2026-08-16 19:04:00,420.3,0.0,0.0,"Xã Yên Bình, Tỉnh Lào Cai",0.0,2.0,1,0,0.0,0.0,420.3,0.0,5.0,1,Stopped,0,0,0,0,0,VALID,VALID
21C-04064,2026-08-16 19:06:00,420.3,0.0,0.0,"Xã Yên Bình, Tỉnh Lào Cai",0.0,2.0,1,0,0.0,0.0,420.3,0.0,5.0,1,Stopped,0,0,0,0,0,VALID,VALID
21C-04064,2026-08-16 19:08:00,420.3,0.0,0.0,"Xã Yên Bình, Tỉnh Lào Cai",0.0,2.0,1,0,0.0,0.0,420.3,0.0,5.0,1,Stopped,0,0,0,0,0,VALID,VALID
21C-04064,2026-08-16 19:10:00,420.3,0.0,0.0,"Xã Yên Bình, Tỉnh Lào Cai",0.0,2.0,1,0,0.0,0.0,420.3,0.0,5.0,1,Stopped,0,0,0,0,0,VALID,VALID
21C-04064,2026-08-16 19:12:00,420.3,0.0,0.0,"Xã Yên Bình, Tỉnh Lào Cai",0.0,2.0,1,0,0.0,0.0,420.3,0.0,5.0,1,Stopped,0,0,0,0,0,VALID,VALID
21C-04064,2026-08-16 19:15:00,420.3,0.0,0.0,"Xã Yên Bình, Tỉnh Lào Cai",0.0,3.0,1,0,0.0,0.0,420.3,0.0,5.0,1,Stopped,0,0,0,0,0,VALID,VALID
21C-04064,2026-08-16 19:17:00,420.3,0.0,0.0,"Xã Yên Bình, Tỉnh Lào Cai",0.0,2.0,1,0,0.0,0.0,420.3,0.0,5.0,1,Stopped,0,0,0,0,0,VALID,VALID
21C-04064,2026-08-16 19:19:00,420.3,0.0,0.0,"Xã Yên Bình, Tỉnh Lào Cai",0.0,2.0,1,0,0.0,0.0,420.3,0.0,5.0,1,Stopped,0,0,0,0,0,VALID,VALID
21C-04064,2026-08-16 19:21:00,420.3,0.0,0.0,"Xã Yên Bình, Tỉnh Lào Cai",0.0,2.0,1,0,0.0,0.0,420.3,0.0,5.0,1,Stopped,0,0,0,0,0,VALID,VALID
21C-04064,2026-08-16 19:23:00,420.3,0.0,0.0,"Xã Yên Bình, Tỉnh Lào Cai",0.0,2.0,1,0,0.0,0.0,420.3,0.0,5.0,1,Stopped,0,0,0,0,0,VALID,VALID
21C-04064,2026-08-16 19:26:00,420.3,0.0,0.0,"Xã Yên Bình, Tỉnh Lào Cai",0.0,3.0,1,0,0.0,0.0,420.3,0.0,5.0,1,Stopped,0,0,0,0,0,VALID,VALID
21C-04064,2026-08-16 19:28:00,420.3,0.0,0.0,"Xã Yên Bình, Tỉnh Lào Cai",0.0,2.0,1,0,0.0,0.0,420.3,0.0,5.0,1,Stopped,0,0,0,0,0,VALID,VALID
21C-04064,2026-08-16 19:30:00,420.3,0.0,0.0,"Xã Yên Bình, Tỉnh Lào Cai",0.0,2.0,1,0,0.0,0.0,420.3,0.0,5.0,1,Stopped,0,0,0,0,0,VALID,VALID
21C-04064,2026-08-16 19:32:00,420.3,0.0,0.0,"Xã Yên Bình, Tỉnh Lào Cai",0.0,2.0,1,0,0.0,0.0,420.3,0.0,5.0,1,Stopped,0,0,0,0,0,VALID,VALID
21C-04064,2026-08-16 19:34:00,420.3,0.0,0.0,"Xã Yên Bình, Tỉnh Lào Cai",0.0,2.0,1,0,0.0,0.0,420.3,0.0,5.0,1,Stopped,0,0,0,0,0,VALID,VALID
21C-04064,2026-08-16 19:36:00,420.3,0.0,0.0,"Xã Yên Bình, Tỉnh Lào Cai",0.0,2.0,1,0,0.0,0.0,420.3,0.0,5.0,1,Stopped,0,0,0,0,0,VALID,VALID
21C-04064,2026-08-16 19:39:00,420.3,0.0,0.0,"Xã Yên Bình, Tỉnh Lào Cai",0.0,3.0,1,0,0.0,0.0,420.3,0.0,5.0,1,Stopped,0,0,0,0,0,VALID,VALID
21C-04064,2026-08-16 19:41:00,420.3,0.0,0.0,"Xã Yên Bình, Tỉnh Lào Cai",0.0,2.0,1,0,0.0,0.0,420.3,0.0,5.0,1,Stopped,0,0,0,0,0,VALID,VALID
21C-04064,2026-08-16 19:43:00,420.5,0.0,0.0,"Xã Yên Bình, Tỉnh Lào Cai",0.0,2.0,1,0,0.19999999999998863,0.09999999999999432,420.3,0.0894427192933876,5.0,1,Stopped,0,0,0,0,0,VALID,VALID
21C-04064,2026-08-16 19:45:00,420.5,0.0,0.0,"Xã Yên Bình, Tỉnh Lào Cai",0.0,2.0,1,0,0.0,0.0,420.3,0.10954451165922437,5.0,1,Stopped,0,0,0,0,0,VALID,VALID
21C-04064,2026-08-16 19:47:00,420.5,0.0,0.0,"Xã Yên Bình, Tỉnh Lào Cai",0.0,2.0,1,0,0.0,0.0,420.5,0.10954451165952403,5.0,1,Stopped,0,0,0,0,0,VALID,VALID
21C-04064,2026-08-16 19:50:00,420.5,0.0,0.0,"Xã Yên Bình, Tỉnh Lào Cai",0.0,3.0,1,0,0.0,0.0,420.5,0.08944271929448865,5.0,1,Stopped,0,0,0,0,0,VALID,VALID
21C-04064,2026-08-16 19:52:00,420.5,0.0,0.0,"Xã Yên Bình, Tỉnh Lào Cai",0.0,2.0,1,0,0.0,0.0,420.5,0.0,5.0,1,Stopped,0,0,0,0,0,VALID,VALID
21C-04064,2026-08-16 19:54:00,420.5,0.0,0.0,"Xã Yên Bình, Tỉnh Lào Cai",0.0,2.0,1,0,0.0,0.0,420.5,0.0,5.0,1,Stopped,0,0,0,0,0,VALID,VALID
21C-04064,2026-08-16 19:56:00,420.5,0.0,0.0,"Xã Yên Bình, Tỉnh Lào Cai",0.0,2.0,1,0,0.0,0.0,420.5,0.0,5.0,1,Stopped,0,0,0,0,0,VALID,VALID
21C-04064,2026-08-16 19:58:00,420.5,0.0,0.0,"Xã Yên Bình, Tỉnh Lào Cai",0.0,2.0,1,0,0.0,0.0,420.5,0.0,5.0,1,Stopped,0,0,0,0,0,VALID,VALID
21C-04064,2026-08-16 20:00:00,420.5,0.0,0.0,"Xã Yên Bình, Tỉnh Lào Cai",0.0,2.0,1,0,0.0,0.0,420.5,0.0,5.0,1,Stopped,0,0,0,0,0,VALID,VALID
21C-04064,2026-08-16 20:03:00,420.5,0.0,0.0,"Xã Yên Bình, Tỉnh Lào Cai",0.0,3.0,1,0,0.0,0.0,420.5,0.0,5.0,1,Stopped,0,0,0,0,0,VALID,VALID
21C-04064,2026-08-16 20:05:00,420.5,0.0,0.0,"Xã Yên Bình, Tỉnh Lào Cai",0.0,2.0,1,0,0.0,0.0,420.5,0.0,5.0,1,Stopped,0,0,0,0,0,VALID,VALID
21C-04064,2026-08-16 20:07:00,420.5,0.0,0.0,"Xã Yên Bình, Tỉnh Lào Cai",0.0,2.0,1,0,0.0,0.0,420.5,0.0,5.0,1,Stopped,0,0,0,0,0,VALID,VALID
21C-04064,2026-08-16 20:09:00,420.5,0.0,0.0,"Xã Yên Bình, Tỉnh Lào Cai",0.0,2.0,1,0,0.0,0.0,420.5,0.0,5.0,1,Stopped,0,0,0,0,0,VALID,VALID
21C-04064,2026-08-16 20:11:00,420.5,0.0,0.0,"Xã Yên Bình, Tỉnh Lào Cai",0.0,2.0,1,0,0.0,0.0,420.5,0.0,5.0,1,Stopped,0,0,0,0,0,VALID,VALID
21C-04064,2026-08-16 20:14:00,420.5,0.0,0.0,"Xã Yên Bình, Tỉnh Lào Cai",0.0,3.0,1,0,0.0,0.0,420.5,0.0,5.0,1,Stopped,0,0,0,0,0,VALID,VALID
21C-04064,2026-08-16 20:16:00,420.5,0.0,0.0,"Xã Yên Bình, Tỉnh Lào Cai",0.0,2.0,1,0,0.0,0.0,420.5,0.0,5.0,1,Stopped,0,0,0,0,0,VALID,VALID
21C-04064,2026-08-16 20:18:00,420.5,0.0,0.0,"Xã Yên Bình, Tỉnh Lào Cai",0.0,2.0,1,0,0.0,0.0,420.5,0.0,5.0,1,Stopped,0,0,0,0,0,VALID,VALID
21C-04064,2026-08-16 20:20:00,420.5,0.0,0.0,"Xã Yên Bình, Tỉnh Lào Cai",0.0,2.0,1,0,0.0,0.0,420.5,0.0,5.0,1,Stopped,0,0,0,0,0,VALID,VALID
21C-04064,2026-08-16 20:22:00,420.5,0.0,0.0,"Xã Yên Bình, Tỉnh Lào Cai",0.0,2.0,1,0,0.0,0.0,420.5,0.0,5.0,1,Stopped,0,0,0,0,0,VALID,VALID
21C-04064,2026-08-16 20:24:00,420.5,0.0,0.0,"Xã Yên Bình, Tỉnh Lào Cai",0.0,2.0,1,0,0.0,0.0,420.5,0.0,5.0,1,Stopped,0,0,0,0,0,VALID,VALID
21C-04064,2026-08-16 20:27:00,420.5,0.0,0.0,"Xã Yên Bình, Tỉnh Lào Cai",0.0,3.0,1,0,0.0,0.0,420.5,0.0,5.0,1,Stopped,0,0,0,0,0,VALID,VALID
21C-04064,2026-08-16 20:29:00,420.5,0.0,0.0,"Xã Yên Bình, Tỉnh Lào Cai",0.0,2.0,1,0,0.0,0.0,420.5,0.0,5.0,1,Stopped,0,0,0,0,0,VALID,VALID
21C-04064,2026-08-16 20:31:00,420.5,0.0,0.0,"Xã Yên Bình, Tỉnh Lào Cai",0.0,2.0,1,0,0.0,0.0,420.5,0.0,5.0,1,Stopped,0,0,0,0,0,VALID,VALID
21C-04064,2026-08-16 20:33:00,420.5,0.0,0.0,"Xã Yên Bình, Tỉnh Lào Cai",0.0,2.0,1,0,0.0,0.0,420.5,0.0,5.0,1,Stopped,0,0,0,0,0,VALID,VALID
21C-04064,2026-08-16 20:35:00,420.5,0.0,0.0,"Xã Yên Bình, Tỉnh Lào Cai",0.0,2.0,1,0,0.0,0.0,420.5,0.0,5.0,1,Stopped,0,0,0,0,0,VALID,VALID
21C-04064,2026-08-16 20:38:00,420.5,0.0,0.0,"Xã Yên Bình, Tỉnh Lào Cai",0.0,3.0,1,0,0.0,0.0,420.5,0.0,5.0,1,Stopped,0,0,0,0,0,VALID,VALID
21C-04064,2026-08-16 20:40:00,420.5,0.0,0.0,"Xã Yên Bình, Tỉnh Lào Cai",0.0,2.0,1,0,0.0,0.0,420.5,0.0,5.0,1,Stopped,0,0,0,0,0,VALID,VALID
21C-04064,2026-08-16 20:42:00,420.5,0.0,0.0,"Xã Yên Bình, Tỉnh Lào Cai",0.0,2.0,1,0,0.0,0.0,420.5,0.0,5.0,1,Stopped,0,0,0,0,0,VALID,VALID
21C-04064,2026-08-16 20:44:00,420.5,0.0,0.0,"Xã Yên Bình, Tỉnh Lào Cai",0.0,2.0,1,0,0.0,0.0,420.5,0.0,5.0,1,Stopped,0,0,0,0,0,VALID,VALID
21C-04064,2026-08-16 20:46:00,420.5,0.0,0.0,"Xã Yên Bình, Tỉnh Lào Cai",0.0,2.0,1,0,0.0,0.0,420.5,0.0,5.0,1,Stopped,0,0,0,0,0,VALID,VALID
21C-04064,2026-08-16 20:48:00,420.5,0.0,0.0,"Xã Yên Bình, Tỉnh Lào Cai",0.0,2.0,1,0,0.0,0.0,420.5,0.0,5.0,1,Stopped,0,0,0,0,0,VALID,VALID
21C-04064,2026-08-16 20:51:00,420.5,0.0,0.0,"Xã Yên Bình, Tỉnh Lào Cai",0.0,3.0,1,0,0.0,0.0,420.5,0.0,5.0,1,Stopped,0,0,0,0,0,VALID,VALID
21C-04064,2026-08-16 20:53:00,420.5,0.0,0.0,"Xã Yên Bình, Tỉnh Lào Cai",0.0,2.0,1,0,0.0,0.0,420.5,0.0,5.0,1,Stopped,0,0,0,0,0,VALID,VALID
21C-04064,2026-08-16 20:55:00,420.5,0.0,0.0,"Xã Yên Bình, Tỉnh Lào Cai",0.0,2.0,1,0,0.0,0.0,420.5,0.0,5.0,1,Stopped,0,0,0,0,0,VALID,VALID
21C-04064,2026-08-16 20:57:00,420.5,0.0,0.0,"Xã Yên Bình, Tỉnh Lào Cai",0.0,2.0,1,0,0.0,0.0,420.5,0.0,5.0,1,Stopped,0,0,0,0,0,VALID,VALID
21C-04064,2026-08-16 21:00:00,420.5,0.0,0.0,"Xã Yên Bình, Tỉnh Lào Cai",0.0,3.0,1,0,0.0,0.0,420.5,0.0,5.0,1,Stopped,0,0,0,0,0,VALID,VALID
21C-04064,2026-08-16 21:02:00,420.5,0.0,0.0,"Xã Yên Bình, Tỉnh Lào Cai",0.0,2.0,1,0,0.0,0.0,420.5,0.0,5.0,1,Stopped,0,0,0,0,0,VALID,VALID
21C-04064,2026-08-16 21:04:00,420.5,0.0,0.0,"Xã Yên Bình, Tỉnh Lào Cai",0.0,2.0,1,0,0.0,0.0,420.5,0.0,5.0,1,Stopped,0,0,0,0,0,VALID,VALID
21C-04064,2026-08-16 21:06:00,420.5,0.0,0.0,"Xã Yên Bình, Tỉnh Lào Cai",0.0,2.0,1,0,0.0,0.0,420.5,0.0,5.0,1,Stopped,0,0,0,0,0,VALID,VALID
21C-04064,2026-08-16 21:08:00,420.5,0.0,0.0,"Xã Yên Bình, Tỉnh Lào Cai",0.0,2.0,1,0,0.0,0.0,420.5,0.0,5.0,1,Stopped,0,0,0,0,0,VALID,VALID
21C-04064,2026-08-16 21:10:00,420.5,0.0,0.0,"Xã Yên Bình, Tỉnh Lào Cai",0.0,2.0,1,0,0.0,0.0,420.5,0.0,5.0,1,Stopped,0,0,0,0,0,VALID,VALID
21C-04064,2026-08-16 21:13:00,420.5,0.0,0.0,"Xã Yên Bình, Tỉnh Lào Cai",0.0,3.0,1,0,0.0,0.0,420.5,0.0,5.0,1,Stopped,0,0,0,0,0,VALID,VALID
21C-04064,2026-08-16 21:15:00,420.5,0.0,0.0,"Xã Yên Bình, Tỉnh Lào Cai",0.0,2.0,1,0,0.0,0.0,420.5,0.0,5.0,1,Stopped,0,0,0,0,0,VALID,VALID
21C-04064,2026-08-16 21:17:00,420.5,0.0,0.0,"Xã Yên Bình, Tỉnh Lào Cai",0.0,2.0,1,0,0.0,0.0,420.5,0.0,5.0,1,Stopped,0,0,0,0,0,VALID,VALID
21C-04064,2026-08-16 21:19:00,420.5,0.0,0.0,"Xã Yên Bình, Tỉnh Lào Cai",0.0,2.0,1,0,0.0,0.0,420.5,0.0,5.0,1,Stopped,0,0,0,0,0,VALID,VALID
21C-04064,2026-08-16 21:21:00,420.5,0.0,0.0,"Xã Yên Bình, Tỉnh Lào Cai",0.0,2.0,1,0,0.0,0.0,420.5,0.0,5.0,1,Stopped,0,0,0,0,0,VALID,VALID
21C-04064,2026-08-16 21:24:00,420.5,0.0,0.0,"Xã Yên Bình, Tỉnh Lào Cai",0.0,3.0,1,0,0.0,0.0,420.5,0.0,5.0,1,Stopped,0,0,0,0,0,VALID,VALID
21C-04064,2026-08-16 21:26:00,420.5,0.0,0.0,"Xã Yên Bình, Tỉnh Lào Cai",0.0,2.0,1,0,0.0,0.0,420.5,0.0,5.0,1,Stopped,0,0,0,0,0,VALID,VALID
21C-04064,2026-08-16 21:28:00,420.5,0.0,0.0,"Xã Yên Bình, Tỉnh Lào Cai",0.0,2.0,1,0,0.0,0.0,420.5,0.0,5.0,1,Stopped,0,0,0,0,0,VALID,VALID
21C-04064,2026-08-16 21:30:00,420.5,0.0,0.0,"Xã Yên Bình, Tỉnh Lào Cai",0.0,2.0,1,0,0.0,0.0,420.5,0.0,5.0,1,Stopped,0,0,0,0,0,VALID,VALID
21C-04064,2026-08-16 21:32:00,420.5,0.0,0.0,"Xã Yên Bình, Tỉnh Lào Cai",0.0,2.0,1,0,0.0,0.0,420.5,0.0,5.0,1,Stopped,0,0,0,0,0,VALID,VALID
21C-04064,2026-08-16 21:34:00,420.5,0.0,0.0,"Xã Yên Bình, Tỉnh Lào Cai",0.0,2.0,1,0,0.0,0.0,420.5,0.0,5.0,1,Stopped,0,0,0,0,0,VALID,VALID
21C-04064,2026-08-16 21:37:00,420.5,0.0,0.0,"Xã Yên Bình, Tỉnh Lào Cai",0.0,3.0,1,0,0.0,0.0,420.5,0.0,5.0,1,Stopped,0,0,0,0,0,VALID,VALID
21C-04064,2026-08-16 21:39:00,420.6,0.0,0.0,"Xã Yên Bình, Tỉnh Lào Cai",0.0,2.0,1,0,0.10000000000002274,0.05000000000001137,420.5,0.04472135994021139,5.0,1,Stopped,0,0,0,0,0,VALID,VALID
21C-04064,2026-08-16 21:41:00,420.6,0.0,0.0,"Xã Yên Bình, Tỉnh Lào Cai",0.0,2.0,1,0,0.0,0.0,420.5,0.05477225606945608,5.0,1,Stopped,0,0,0,0,0,VALID,VALID
21C-04064,2026-08-16 21:43:00,420.6,0.0,0.0,"Xã Yên Bình, Tỉnh Lào Cai",0.0,2.0,1,0,0.0,0.0,420.6,0.054772256069790776,5.0,1,Stopped,0,0,0,0,0,VALID,VALID
21C-04064,2026-08-16 21:45:00,420.6,0.0,0.0,"Xã Yên Bình, Tỉnh Lào Cai",0.0,2.0,1,0,0.0,0.0,420.6,0.04472135994144114,5.0,1,Stopped,0,0,0,0,0,VALID,VALID
21C-04064,2026-08-16 21:48:00,420.6,0.0,0.0,"Xã Yên Bình, Tỉnh Lào Cai",0.0,3.0,1,0,0.0,0.0,420.6,0.0,5.0,1,Stopped,0,0,0,0,0,VALID,VALID
21C-04064,2026-08-16 21:50:00,420.6,0.0,0.0,"Xã Yên Bình, Tỉnh Lào Cai",0.0,2.0,1,0,0.0,0.0,420.6,0.0,5.0,1,Stopped,0,0,0,0,0,VALID,VALID
21C-04064,2026-08-16 21:52:00,420.6,0.0,0.0,"Xã Yên Bình, Tỉnh Lào Cai",0.0,2.0,1,0,0.0,0.0,420.6,0.0,5.0,1,Stopped,0,0,0,0,0,VALID,VALID
21C-04064,2026-08-16 21:54:00,420.6,0.0,0.0,"Xã Yên Bình, Tỉnh Lào Cai",0.0,2.0,1,0,0.0,0.0,420.6,0.0,5.0,1,Stopped,0,0,0,0,0,VALID,VALID
21C-04064,2026-08-16 21:57:00,420.6,0.0,0.0,"Xã Yên Bình, Tỉnh Lào Cai",0.0,3.0,1,0,0.0,0.0,420.6,0.0,5.0,1,Stopped,0,0,0,0,0,VALID,VALID
21C-04064,2026-08-16 21:59:00,420.6,0.0,0.0,"Xã Yên Bình, Tỉnh Lào Cai",0.0,2.0,1,0,0.0,0.0,420.6,0.0,5.0,1,Stopped,0,0,0,0,0,VALID,VALID
21C-04064,2026-08-16 22:01:00,420.6,0.0,0.0,"Xã Yên Bình, Tỉnh Lào Cai",0.0,2.0,1,0,0.0,0.0,420.6,0.0,5.0,1,Stopped,0,0,0,0,0,VALID,VALID
21C-04064,2026-08-16 22:03:00,420.6,0.0,0.0,"Xã Yên Bình, Tỉnh Lào Cai",0.0,2.0,1,0,0.0,0.0,420.6,0.0,5.0,1,Stopped,0,0,0,0,0,VALID,VALID
21C-04064,2026-08-16 22:04:00,420.6,0.0,0.0,"Xã Yên Bình, Tỉnh Lào Cai",0.0,1.0,1,0,0.0,0.0,420.6,0.0,5.0,1,Stopped,0,0,0,0,0,VALID,VALID
21C-04064,2026-08-16 22:06:00,420.6,0.0,0.0,"Xã Yên Bình, Tỉnh Lào Cai",0.0,2.0,1,0,0.0,0.0,420.6,0.0,5.0,1,Stopped,0,0,0,0,0,VALID,VALID
21C-04064,2026-08-16 22:08:00,420.6,0.0,0.0,"Xã Yên Bình, Tỉnh Lào Cai",0.0,2.0,1,0,0.0,0.0,420.6,0.0,5.0,1,Stopped,0,0,0,0,0,VALID,VALID
21C-04064,2026-08-16 22:10:00,420.6,0.0,0.0,"Xã Yên Bình, Tỉnh Lào Cai",0.0,2.0,1,0,0.0,0.0,420.6,0.0,5.0,1,Stopped,0,0,0,0,0,VALID,VALID
21C-04064,2026-08-16 22:13:00,420.6,0.0,0.0,"Xã Yên Bình, Tỉnh Lào Cai",0.0,3.0,1,0,0.0,0.0,420.6,0.0,5.0,1,Stopped,0,0,0,0,0,VALID,VALID
21C-04064,2026-08-16 22:15:00,420.6,0.0,0.0,"Xã Yên Bình, Tỉnh Lào Cai",0.0,2.0,1,0,0.0,0.0,420.6,0.0,5.0,1,Stopped,0,0,0,0,0,VALID,VALID
21C-04064,2026-08-16 22:17:00,420.6,0.0,0.0,"Xã Yên Bình, Tỉnh Lào Cai",0.0,2.0,1,0,0.0,0.0,420.6,0.0,5.0,1,Stopped,0,0,0,0,0,VALID,VALID
21C-04064,2026-08-16 22:19:00,420.6,0.0,0.0,"Xã Yên Bình, Tỉnh Lào Cai",0.0,2.0,1,0,0.0,0.0,420.6,0.0,5.0,1,Stopped,0,0,0,0,0,VALID,VALID
21C-04064,2026-08-16 22:22:00,420.6,0.0,0.0,"Xã Yên Bình, Tỉnh Lào Cai",0.0,3.0,1,0,0.0,0.0,420.6,0.0,5.0,1,Stopped,0,0,0,0,0,VALID,VALID
21C-04064,2026-08-16 22:24:00,420.6,0.0,0.0,"Xã Yên Bình, Tỉnh Lào Cai",0.0,2.0,1,0,0.0,0.0,420.6,0.0,5.0,1,Stopped,0,0,0,0,0,VALID,VALID
21C-04064,2026-08-16 22:26:00,420.6,0.0,0.0,"Xã Yên Bình, Tỉnh Lào Cai",0.0,2.0,1,0,0.0,0.0,420.6,0.0,5.0,1,Stopped,0,0,0,0,0,VALID,VALID
21C-04064,2026-08-16 22:28:00,420.6,0.0,0.0,"Xã Yên Bình, Tỉnh Lào Cai",0.0,2.0,1,0,0.0,0.0,420.6,0.0,5.0,1,Stopped,0,0,0,0,0,VALID,VALID
21C-04064,2026-08-16 22:30:00,420.6,0.0,0.0,"Xã Yên Bình, Tỉnh Lào Cai",0.0,2.0,1,0,0.0,0.0,420.6,0.0,5.0,1,Stopped,0,0,0,0,0,VALID,VALID
21C-04064,2026-08-16 22:32:00,420.6,0.0,0.0,"Xã Yên Bình, Tỉnh Lào Cai",0.0,2.0,1,0,0.0,0.0,420.6,0.0,5.0,1,Stopped,0,0,0,0,0,VALID,VALID
21C-04064,2026-08-16 22:35:00,420.8,0.0,0.0,"Xã Yên Bình, Tỉnh Lào Cai",0.0,3.0,1,0,0.19999999999998863,0.06666666666666288,420.6,0.08944271929638092,5.0,1,Stopped,0,0,0,0,0,VALID,VALID
21C-04064,2026-08-16 22:37:00,420.8,0.0,0.0,"Xã Yên Bình, Tỉnh Lào Cai",0.0,2.0,1,0,0.0,0.0,420.6,0.1095445116617722,5.0,1,Stopped,0,0,0,0,0,VALID,VALID
21C-04064,2026-08-16 22:39:00,420.8,0.0,0.0,"Xã Yên Bình, Tỉnh Lào Cai",0.0,2.0,1,0,0.0,0.0,420.8,0.10954451166217566,5.0,1,Stopped,0,0,0,0,0,VALID,VALID
21C-04064,2026-08-16 22:41:00,420.8,0.0,0.0,"Xã Yên Bình, Tỉnh Lào Cai",0.0,2.0,1,0,0.0,0.0,420.8,0.08944271929786331,5.0,1,Stopped,0,0,0,0,0,VALID,VALID
21C-04064,2026-08-16 22:43:00,420.8,0.0,0.0,"Xã Yên Bình, Tỉnh Lào Cai",0.0,2.0,1,0,0.0,0.0,420.8,0.0,5.0,1,Stopped,0,0,0,0,0,VALID,VALID
21C-04064,2026-08-16 22:46:00,420.8,0.0,0.0,"Xã Yên Bình, Tỉnh Lào Cai",0.0,3.0,1,0,0.0,0.0,420.8,0.0,5.0,1,Stopped,0,0,0,0,0,VALID,VALID
21C-04064,2026-08-16 22:48:00,420.8,0.0,0.0,"Xã Yên Bình, Tỉnh Lào Cai",0.0,2.0,1,0,0.0,0.0,420.8,0.0,5.0,1,Stopped,0,0,0,0,0,VALID,VALID
21C-04064,2026-08-16 22:50:00,420.8,0.0,0.0,"Xã Yên Bình, Tỉnh Lào Cai",0.0,2.0,1,0,0.0,0.0,420.8,0.0,5.0,1,Stopped,0,0,0,0,0,VALID,VALID
21C-04064,2026-08-16 22:52:00,420.8,0.0,0.0,"Xã Yên Bình, Tỉnh Lào Cai",0.0,2.0,1,0,0.0,0.0,420.8,0.0,5.0,1,Stopped,0,0,0,0,0,VALID,VALID
21C-04064,2026-08-16 22:54:00,420.8,0.0,0.0,"Xã Yên Bình, Tỉnh Lào Cai",0.0,2.0,1,0,0.0,0.0,420.8,0.0,5.0,1,Stopped,0,0,0,0,0,VALID,VALID
21C-04064,2026-08-16 22:56:00,420.8,0.0,0.0,"Xã Yên Bình, Tỉnh Lào Cai",0.0,2.0,1,0,0.0,0.0,420.8,0.0,5.0,1,Stopped,0,0,0,0,0,VALID,VALID
21C-04064,2026-08-16 22:59:00,420.8,0.0,0.0,"Xã Yên Bình, Tỉnh Lào Cai",0.0,3.0,1,0,0.0,0.0,420.8,0.0,5.0,1,Stopped,0,0,0,0,0,VALID,VALID
21C-04064,2026-08-16 23:01:00,420.8,0.0,0.0,"Xã Yên Bình, Tỉnh Lào Cai",0.0,2.0,1,0,0.0,0.0,420.8,0.0,5.0,1,Stopped,0,0,0,0,0,VALID,VALID
21C-04064,2026-08-16 23:03:00,420.8,0.0,0.0,"Xã Yên Bình, Tỉnh Lào Cai",0.0,2.0,1,0,0.0,0.0,420.8,0.0,5.0,1,Stopped,0,0,0,0,0,VALID,VALID
21C-04064,2026-08-16 23:05:00,420.8,0.0,0.0,"Xã Yên Bình, Tỉnh Lào Cai",0.0,2.0,1,0,0.0,0.0,420.8,0.0,5.0,1,Stopped,0,0,0,0,0,VALID,VALID
21C-04064,2026-08-16 23:08:00,420.8,0.0,0.0,"Xã Yên Bình, Tỉnh Lào Cai",0.0,3.0,1,0,0.0,0.0,420.8,0.0,5.0,1,Stopped,0,0,0,0,0,VALID,VALID
21C-04064,2026-08-16 23:10:00,420.8,0.0,0.0,"Xã Yên Bình, Tỉnh Lào Cai",0.0,2.0,1,0,0.0,0.0,420.8,0.0,5.0,1,Stopped,0,0,0,0,0,VALID,VALID
21C-04064,2026-08-16 23:12:00,420.8,0.0,0.0,"Xã Yên Bình, Tỉnh Lào Cai",0.0,2.0,1,0,0.0,0.0,420.8,0.0,5.0,1,Stopped,0,0,0,0,0,VALID,VALID
21C-04064,2026-08-16 23:14:00,420.8,0.0,0.0,"Xã Yên Bình, Tỉnh Lào Cai",0.0,2.0,1,0,0.0,0.0,420.8,0.0,5.0,1,Stopped,0,0,0,0,0,VALID,VALID
21C-04064,2026-08-16 23:16:00,420.8,0.0,0.0,"Xã Yên Bình, Tỉnh Lào Cai",0.0,2.0,1,0,0.0,0.0,420.8,0.0,5.0,1,Stopped,0,0,0,0,0,VALID,VALID
21C-04064,2026-08-16 23:18:00,420.8,0.0,0.0,"Xã Yên Bình, Tỉnh Lào Cai",0.0,2.0,1,0,0.0,0.0,420.8,0.0,5.0,1,Stopped,0,0,0,0,0,VALID,VALID
21C-04064,2026-08-16 23:21:00,420.8,0.0,0.0,"Xã Yên Bình, Tỉnh Lào Cai",0.0,3.0,1,0,0.0,0.0,420.8,0.0,5.0,1,Stopped,0,0,0,0,0,VALID,VALID
21C-04064,2026-08-16 23:23:00,420.8,0.0,0.0,"Xã Yên Bình, Tỉnh Lào Cai",0.0,2.0,1,0,0.0,0.0,420.8,0.0,5.0,1,Stopped,0,0,0,0,0,VALID,VALID
21C-04064,2026-08-16 23:25:00,420.8,0.0,0.0,"Xã Yên Bình, Tỉnh Lào Cai",0.0,2.0,1,0,0.0,0.0,420.8,0.0,5.0,1,Stopped,0,0,0,0,0,VALID,VALID
21C-04064,2026-08-16 23:27:00,420.8,0.0,0.0,"Xã Yên Bình, Tỉnh Lào Cai",0.0,2.0,1,0,0.0,0.0,420.8,0.0,5.0,1,Stopped,0,0,0,0,0,VALID,VALID
21C-04064,2026-08-16 23:29:00,420.8,0.0,0.0,"Xã Yên Bình, Tỉnh Lào Cai",0.0,2.0,1,0,0.0,0.0,420.8,0.0,5.0,1,Stopped,0,0,0,0,0,VALID,VALID
21C-04064,2026-08-16 23:32:00,420.8,0.0,0.0,"Xã Yên Bình, Tỉnh Lào Cai",0.0,3.0,1,0,0.0,0.0,420.8,0.0,5.0,1,Stopped,0,0,0,0,0,VALID,VALID
21C-04064,2026-08-16 23:34:00,420.8,0.0,0.0,"Xã Yên Bình, Tỉnh Lào Cai",0.0,2.0,1,0,0.0,0.0,420.8,0.0,5.0,1,Stopped,0,0,0,0,0,VALID,VALID
21C-04064,2026-08-16 23:36:00,420.8,0.0,0.0,"Xã Yên Bình, Tỉnh Lào Cai",0.0,2.0,1,0,0.0,0.0,420.8,0.0,5.0,1,Stopped,0,0,0,0,0,VALID,VALID
21C-04064,2026-08-16 23:38:00,420.8,0.0,0.0,"Xã Yên Bình, Tỉnh Lào Cai",0.0,2.0,1,0,0.0,0.0,420.8,0.0,5.0,1,Stopped,0,0,0,0,0,VALID,VALID
21C-04064,2026-08-16 23:40:00,420.8,0.0,0.0,"Xã Yên Bình, Tỉnh Lào Cai",0.0,2.0,1,0,0.0,0.0,420.8,0.0,5.0,1,Stopped,0,0,0,0,0,VALID,VALID
21C-04064,2026-08-16 23:42:00,420.8,0.0,0.0,"Xã Yên Bình, Tỉnh Lào Cai",0.0,2.0,1,0,0.0,0.0,420.8,0.0,5.0,1,Stopped,0,0,0,0,0,VALID,VALID
21C-04064,2026-08-16 23:45:00,420.8,0.0,0.0,"Xã Yên Bình, Tỉnh Lào Cai",0.0,3.0,1,0,0.0,0.0,420.8,0.0,5.0,1,Stopped,0,0,0,0,0,VALID,VALID
21C-04064,2026-08-16 23:47:00,420.8,0.0,0.0,"Xã Yên Bình, Tỉnh Lào Cai",0.0,2.0,1,0,0.0,0.0,420.8,0.0,5.0,1,Stopped,0,0,0,0,0,VALID,VALID
21C-04064,2026-08-16 23:49:00,420.8,0.0,0.0,"Xã Yên Bình, Tỉnh Lào Cai",0.0,2.0,1,0,0.0,0.0,420.8,0.0,5.0,1,Stopped,0,0,0,0,0,VALID,VALID
21C-04064,2026-08-16 23:51:00,420.8,0.0,0.0,"Xã Yên Bình, Tỉnh Lào Cai",0.0,2.0,1,0,0.0,0.0,420.8,0.0,5.0,1,Stopped,0,0,0,0,0,VALID,VALID
21C-04064,2026-08-16 23:53:00,420.8,0.0,0.0,"Xã Yên Bình, Tỉnh Lào Cai",0.0,2.0,1,0,0.0,0.0,420.8,0.0,5.0,1,Stopped,0,0,0,0,0,VALID,VALID
21C-04064,2026-08-16 23:56:00,420.8,0.0,0.0,"Xã Yên Bình, Tỉnh Lào Cai",0.0,3.0,1,0,0.0,0.0,420.8,0.0,5.0,1,Stopped,0,0,0,0,0,VALID,VALID
21C-04064,2026-08-16 23:58:00,420.8,0.0,0.0,"Xã Yên Bình, Tỉnh Lào Cai",0.0,2.0,1,0,0.0,0.0,420.8,0.0,5.0,1,Stopped,0,0,0,0,0,VALID,VALID
21C-04064,2026-08-17 00:00:00,420.8,0.0,0.0,"Xã Yên Bình, Tỉnh Lào Cai",0.0,2.0,1,0,0.0,0.0,420.8,0.0,5.0,1,Stopped,0,0,0,0,0,VALID,VALID
21C-04064,2026-08-17 00:02:00,420.8,0.0,0.0,"Xã Yên Bình, Tỉnh Lào Cai",0.0,2.0,1,0,0.0,0.0,420.8,0.0,5.0,1,Stopped,0,0,0,0,0,VALID,VALID
21C-04064,2026-08-17 00:04:00,420.8,0.0,0.0,"Xã Yên Bình, Tỉnh Lào Cai",0.0,2.0,1,0,0.0,0.0,420.8,0.0,5.0,1,Stopped,0,0,0,0,0,VALID,VALID
21C-04064,2026-08-17 00:06:00,420.8,0.0,0.0,"Xã Yên Bình, Tỉnh Lào Cai",0.0,2.0,1,0,0.0,0.0,420.8,0.0,5.0,1,Stopped,0,0,0,0,0,VALID,VALID
21C-04064,2026-08-17 00:08:00,420.8,0.0,0.0,"Xã Yên Bình, Tỉnh Lào Cai",0.0,2.0,1,0,0.0,0.0,420.8,0.0,5.0,1,Stopped,0,0,0,0,0,VALID,VALID
21C-04064,2026-08-17 00:10:00,420.8,0.0,0.0,"Xã Yên Bình, Tỉnh Lào Cai",0.0,2.0,1,0,0.0,0.0,420.8,0.0,5.0,1,Stopped,0,0,0,0,0,VALID,VALID
21C-04064,2026-08-17 00:12:00,420.8,0.0,0.0,"Xã Yên Bình, Tỉnh Lào Cai",0.0,2.0,1,0,0.0,0.0,420.8,0.0,5.0,1,Stopped,0,0,0,0,0,VALID,VALID
21C-04064,2026-08-17 00:15:00,420.8,0.0,0.0,"Xã Yên Bình, Tỉnh Lào Cai",0.0,3.0,1,0,0.0,0.0,420.8,0.0,5.0,1,Stopped,0,0,0,0,0,VALID,VALID
21C-04064,2026-08-17 00:17:00,420.8,0.0,0.0,"Xã Yên Bình, Tỉnh Lào Cai",0.0,2.0,1,0,0.0,0.0,420.8,0.0,5.0,1,Stopped,0,0,0,0,0,VALID,VALID
21C-04064,2026-08-17 00:19:00,420.8,0.0,0.0,"Xã Yên Bình, Tỉnh Lào Cai",0.0,2.0,1,0,0.0,0.0,420.8,0.0,5.0,1,Stopped,0,0,0,0,0,VALID,VALID
21C-04064,2026-08-17 00:21:00,420.8,0.0,0.0,"Xã Yên Bình, Tỉnh Lào Cai",0.0,2.0,1,0,0.0,0.0,420.8,0.0,5.0,1,Stopped,0,0,0,0,0,VALID,VALID
21C-04064,2026-08-17 00:24:00,420.8,0.0,0.0,"Xã Yên Bình, Tỉnh Lào Cai",0.0,3.0,1,0,0.0,0.0,420.8,0.0,5.0,1,Stopped,0,0,0,0,0,VALID,VALID
21C-04064,2026-08-17 00:26:00,420.8,0.0,0.0,"Xã Yên Bình, Tỉnh Lào Cai",0.0,2.0,1,0,0.0,0.0,420.8,0.0,5.0,1,Stopped,0,0,0,0,0,VALID,VALID
21C-04064,2026-08-17 00:28:00,420.9,0.0,0.0,"Xã Yên Bình, Tỉnh Lào Cai",0.0,2.0,1,0,0.0999999999999659,0.04999999999998295,420.8,0.04472135994732933,5.0,1,Stopped,0,0,0,0,0,VALID,VALID
21C-04064,2026-08-17 00:30:00,420.9,0.0,0.0,"Xã Yên Bình, Tỉnh Lào Cai",0.0,2.0,1,0,0.0,0.0,420.8,0.054772256075377466,5.0,1,Stopped,0,0,0,0,0,VALID,VALID
21C-04064,2026-08-17 00:32:00,420.9,0.0,0.0,"Xã Yên Bình, Tỉnh Lào Cai",0.0,2.0,1,0,0.0,0.0,420.9,0.05477225607582762,5.0,1,Stopped,0,0,0,0,0,VALID,VALID
21C-04064,2026-08-17 00:34:00,420.9,0.0,0.0,"Xã Yên Bình, Tỉnh Lào Cai",0.0,2.0,1,0,0.0,0.0,420.9,0.04472135994898329,5.0,1,Stopped,0,0,0,0,0,VALID,VALID
21C-04064,2026-08-17 00:37:00,420.9,0.0,0.0,"Xã Yên Bình, Tỉnh Lào Cai",0.0,3.0,1,0,0.0,0.0,420.9,0.0,5.0,1,Stopped,0,0,0,0,0,VALID,VALID
21C-04064,2026-08-17 00:39:00,420.9,0.0,0.0,"Xã Yên Bình, Tỉnh Lào Cai",0.0,2.0,1,0,0.0,0.0,420.9,0.0,5.0,1,Stopped,0,0,0,0,0,VALID,VALID
21C-04064,2026-08-17 00:41:00,420.9,0.0,0.0,"Xã Yên Bình, Tỉnh Lào Cai",0.0,2.0,1,0,0.0,0.0,420.9,0.0,5.0,1,Stopped,0,0,0,0,0,VALID,VALID
21C-04064,2026-08-17 00:43:00,420.9,0.0,0.0,"Xã Yên Bình, Tỉnh Lào Cai",0.0,2.0,1,0,0.0,0.0,420.9,0.0,5.0,1,Stopped,0,0,0,0,0,VALID,VALID
21C-04064,2026-08-17 00:45:00,420.9,0.0,0.0,"Xã Yên Bình, Tỉnh Lào Cai",0.0,2.0,1,0,0.0,0.0,420.9,0.0,5.0,1,Stopped,0,0,0,0,0,VALID,VALID
21C-04064,2026-08-17 00:48:00,420.9,0.0,0.0,"Xã Yên Bình, Tỉnh Lào Cai",0.0,3.0,1,0,0.0,0.0,420.9,0.0,5.0,1,Stopped,0,0,0,0,0,VALID,VALID
21C-04064,2026-08-17 00:50:00,420.9,0.0,0.0,"Xã Yên Bình, Tỉnh Lào Cai",0.0,2.0,1,0,0.0,0.0,420.9,0.0,5.0,1,Stopped,0,0,0,0,0,VALID,VALID
21C-04064,2026-08-17 00:52:00,420.9,0.0,0.0,"Xã Yên Bình, Tỉnh Lào Cai",0.0,2.0,1,0,0.0,0.0,420.9,0.0,5.0,1,Stopped,0,0,0,0,0,VALID,VALID
21C-04064,2026-08-17 00:54:00,420.9,0.0,0.0,"Xã Yên Bình, Tỉnh Lào Cai",0.0,2.0,1,0,0.0,0.0,420.9,0.0,5.0,1,Stopped,0,0,0,0,0,VALID,VALID
21C-04064,2026-08-17 00:56:00,420.9,0.0,0.0,"Xã Yên Bình, Tỉnh Lào Cai",0.0,2.0,1,0,0.0,0.0,420.9,0.0,5.0,1,Stopped,0,0,0,0,0,VALID,VALID
21C-04064,2026-08-17 00:58:00,420.9,0.0,0.0,"Xã Yên Bình, Tỉnh Lào Cai",0.0,2.0,1,0,0.0,0.0,420.9,0.0,5.0,1,Stopped,0,0,0,0,0,VALID,VALID
21C-04064,2026-08-17 01:01:00,420.9,0.0,0.0,"Xã Yên Bình, Tỉnh Lào Cai",0.0,3.0,1,0,0.0,0.0,420.9,0.0,5.0,1,Stopped,0,0,0,0,0,VALID,VALID
21C-04064,2026-08-17 01:03:00,420.9,0.0,0.0,"Xã Yên Bình, Tỉnh Lào Cai",0.0,2.0,1,0,0.0,0.0,420.9,0.0,5.0,1,Stopped,0,0,0,0,0,VALID,VALID
21C-04064,2026-08-17 01:05:00,420.9,0.0,0.0,"Xã Yên Bình, Tỉnh Lào Cai",0.0,2.0,1,0,0.0,0.0,420.9,0.0,5.0,1,Stopped,0,0,0,0,0,VALID,VALID
21C-04064,2026-08-17 01:07:00,420.9,0.0,0.0,"Xã Yên Bình, Tỉnh Lào Cai",0.0,2.0,1,0,0.0,0.0,420.9,0.0,5.0,1,Stopped,0,0,0,0,0,VALID,VALID
21C-04064,2026-08-17 01:09:00,420.9,0.0,0.0,"Xã Yên Bình, Tỉnh Lào Cai",0.0,2.0,1,0,0.0,0.0,420.9,0.0,5.0,1,Stopped,0,0,0,0,0,VALID,VALID
21C-04064,2026-08-17 01:12:00,420.9,0.0,0.0,"Xã Yên Bình, Tỉnh Lào Cai",0.0,3.0,1,0,0.0,0.0,420.9,0.0,5.0,1,Stopped,0,0,0,0,0,VALID,VALID
21C-04064,2026-08-17 01:14:00,420.9,0.0,0.0,"Xã Yên Bình, Tỉnh Lào Cai",0.0,2.0,1,0,0.0,0.0,420.9,0.0,5.0,1,Stopped,0,0,0,0,0,VALID,VALID
21C-04064,2026-08-17 01:16:00,420.9,0.0,0.0,"Xã Yên Bình, Tỉnh Lào Cai",0.0,2.0,1,0,0.0,0.0,420.9,0.0,5.0,1,Stopped,0,0,0,0,0,VALID,VALID
21C-04064,2026-08-17 01:18:00,420.9,0.0,0.0,"Xã Yên Bình, Tỉnh Lào Cai",0.0,2.0,1,0,0.0,0.0,420.9,0.0,5.0,1,Stopped,0,0,0,0,0,VALID,VALID
21C-04064,2026-08-17 01:20:00,420.9,0.0,0.0,"Xã Yên Bình, Tỉnh Lào Cai",0.0,2.0,1,0,0.0,0.0,420.9,0.0,5.0,1,Stopped,0,0,0,0,0,VALID,VALID
21C-04064,2026-08-17 01:22:00,420.9,0.0,0.0,"Xã Yên Bình, Tỉnh Lào Cai",0.0,2.0,1,0,0.0,0.0,420.9,0.0,5.0,1,Stopped,0,0,0,0,0,VALID,VALID
21C-04064,2026-08-17 01:25:00,420.9,0.0,0.0,"Xã Yên Bình, Tỉnh Lào Cai",0.0,3.0,1,0,0.0,0.0,420.9,0.0,5.0,1,Stopped,0,0,0,0,0,VALID,VALID
21C-04064,2026-08-17 01:27:00,420.9,0.0,0.0,"Xã Yên Bình, Tỉnh Lào Cai",0.0,2.0,1,0,0.0,0.0,420.9,0.0,5.0,1,Stopped,0,0,0,0,0,VALID,VALID
21C-04064,2026-08-17 01:29:00,420.9,0.0,0.0,"Xã Yên Bình, Tỉnh Lào Cai",0.0,2.0,1,0,0.0,0.0,420.9,0.0,5.0,1,Stopped,0,0,0,0,0,VALID,VALID
21C-04064,2026-08-17 01:31:00,420.9,0.0,0.0,"Xã Yên Bình, Tỉnh Lào Cai",0.0,2.0,1,0,0.0,0.0,420.9,0.0,5.0,1,Stopped,0,0,0,0,0,VALID,VALID
21C-04064,2026-08-17 01:33:00,420.9,0.0,0.0,"Xã Yên Bình, Tỉnh Lào Cai",0.0,2.0,1,0,0.0,0.0,420.9,0.0,5.0,1,Stopped,0,0,0,0,0,VALID,VALID
21C-04064,2026-08-17 01:36:00,420.9,0.0,0.0,"Xã Yên Bình, Tỉnh Lào Cai",0.0,3.0,1,0,0.0,0.0,420.9,0.0,5.0,1,Stopped,0,0,0,0,0,VALID,VALID
21C-04064,2026-08-17 01:38:00,420.9,0.0,0.0,"Xã Yên Bình, Tỉnh Lào Cai",0.0,2.0,1,0,0.0,0.0,420.9,0.0,5.0,1,Stopped,0,0,0,0,0,VALID,VALID
21C-04064,2026-08-17 01:40:00,420.9,0.0,0.0,"Xã Yên Bình, Tỉnh Lào Cai",0.0,2.0,1,0,0.0,0.0,420.9,0.0,5.0,1,Stopped,0,0,0,0,0,VALID,VALID
21C-04064,2026-08-17 01:42:00,420.9,0.0,0.0,"Xã Yên Bình, Tỉnh Lào Cai",0.0,2.0,1,0,0.0,0.0,420.9,0.0,5.0,1,Stopped,0,0,0,0,0,VALID,VALID
21C-04064,2026-08-17 01:44:00,420.9,0.0,0.0,"Xã Yên Bình, Tỉnh Lào Cai",0.0,2.0,1,0,0.0,0.0,420.9,0.0,5.0,1,Stopped,0,0,0,0,0,VALID,VALID
21C-04064,2026-08-17 01:46:00,420.9,0.0,0.0,"Xã Yên Bình, Tỉnh Lào Cai",0.0,2.0,1,0,0.0,0.0,420.9,0.0,5.0,1,Stopped,0,0,0,0,0,VALID,VALID
21C-04064,2026-08-17 01:49:00,421.1,0.0,0.0,"Xã Yên Bình, Tỉnh Lào Cai",0.0,3.0,1,0,0.20000000000004547,0.06666666666668182,420.9,0.08944271930035697,5.0,1,Stopped,0,0,0,0,0,VALID,VALID
21C-04064,2026-08-17 01:51:00,421.1,0.0,0.0,"Xã Yên Bình, Tỉnh Lào Cai",0.0,2.0,1,0,0.0,0.0,420.9,0.10954451166509645,5.0,1,Stopped,0,0,0,0,0,VALID,VALID
21C-04064,2026-08-17 01:53:00,421.1,0.0,0.0,"Xã Yên Bình, Tỉnh Lào Cai",0.0,2.0,1,0,0.0,0.0,421.1,0.10954451166555179,5.0,1,Stopped,0,0,0,0,0,VALID,VALID
21C-04064,2026-08-17 01:55:00,421.1,0.0,0.0,"Xã Yên Bình, Tỉnh Lào Cai",0.0,2.0,1,0,0.0,0.0,421.1,0.08944271930202997,5.0,1,Stopped,0,0,0,0,0,VALID,VALID
21C-04064,2026-08-17 01:57:00,421.1,0.0,0.0,"Xã Yên Bình, Tỉnh Lào Cai",0.0,2.0,1,0,0.0,0.0,421.1,0.0,5.0,1,Stopped,0,0,0,0,0,VALID,VALID
21C-04064,2026-08-17 02:00:00,421.1,0.0,0.0,"Xã Yên Bình, Tỉnh Lào Cai",0.0,3.0,1,0,0.0,0.0,421.1,0.0,5.0,1,Stopped,0,0,0,0,0,VALID,VALID
21C-04064,2026-08-17 02:02:00,421.1,0.0,0.0,"Xã Yên Bình, Tỉnh Lào Cai",0.0,2.0,1,0,0.0,0.0,421.1,0.0,5.0,1,Stopped,0,0,0,0,0,VALID,VALID
21C-04064,2026-08-17 02:04:00,421.1,0.0,0.0,"Xã Yên Bình, Tỉnh Lào Cai",0.0,2.0,1,0,0.0,0.0,421.1,0.0,5.0,1,Stopped,0,0,0,0,0,VALID,VALID
21C-04064,2026-08-17 02:06:00,420.9,0.0,0.0,"Xã Yên Bình, Tỉnh Lào Cai",0.0,2.0,1,0,-0.20000000000004547,-0.10000000000002274,421.1,0.08944271930202997,5.0,1,Stopped,0,0,0,0,0,VALID,VALID
21C-04064,2026-08-17 02:08:00,421.1,0.0,0.0,"Xã Yên Bình, Tỉnh Lào Cai",0.0,2.0,1,0,0.20000000000004547,0.10000000000002274,421.1,0.08944271930202997,5.0,1,Stopped,0,0,0,0,0,VALID,VALID
21C-04064,2026-08-17 02:10:00,421.1,0.0,0.0,"Xã Yên Bình, Tỉnh Lào Cai",0.0,2.0,1,0,0.0,0.0,421.1,0.08944271930202997,5.0,1,Stopped,0,0,0,0,0,VALID,VALID
21C-04064,2026-08-17 02:12:00,421.1,0.0,0.0,"Xã Yên Bình, Tỉnh Lào Cai",0.0,2.0,1,0,0.0,0.0,421.1,0.08944271930202997,5.0,1,Stopped,0,0,0,0,0,VALID,VALID
21C-04064,2026-08-17 02:14:00,421.1,0.0,0.0,"Xã Yên Bình, Tỉnh Lào Cai",0.0,2.0,1,0,0.0,0.0,421.1,0.08944271930202997,5.0,1,Stopped,0,0,0,0,0,VALID,VALID
21C-04064,2026-08-17 02:16:00,421.1,0.0,0.0,"Xã Yên Bình, Tỉnh Lào Cai",0.0,2.0,1,0,0.0,0.0,421.1,0.0,5.0,1,Stopped,0,0,0,0,0,VALID,VALID
21C-04064,2026-08-17 02:18:00,421.1,0.0,0.0,"Xã Yên Bình, Tỉnh Lào Cai",0.0,2.0,1,0,0.0,0.0,421.1,0.0,5.0,1,Stopped,0,0,0,0,0,VALID,VALID
21C-04064,2026-08-17 02:21:00,421.1,0.0,0.0,"Xã Yên Bình, Tỉnh Lào Cai",0.0,3.0,1,0,0.0,0.0,421.1,0.0,5.0,1,Stopped,0,0,0,0,0,VALID,VALID
21C-04064,2026-08-17 02:23:00,421.1,0.0,0.0,"Xã Yên Bình, Tỉnh Lào Cai",0.0,2.0,1,0,0.0,0.0,421.1,0.0,5.0,1,Stopped,0,0,0,0,0,VALID,VALID
21C-04064,2026-08-17 02:25:00,421.1,0.0,0.0,"Xã Yên Bình, Tỉnh Lào Cai",0.0,2.0,1,0,0.0,0.0,421.1,0.0,5.0,1,Stopped,0,0,0,0,0,VALID,VALID
21C-04064,2026-08-17 02:27:00,421.1,0.0,0.0,"Xã Yên Bình, Tỉnh Lào Cai",0.0,2.0,1,0,0.0,0.0,421.1,0.0,5.0,1,Stopped,0,0,0,0,0,VALID,VALID
21C-04064,2026-08-17 02:30:00,421.1,0.0,0.0,"Xã Yên Bình, Tỉnh Lào Cai",0.0,3.0,1,0,0.0,0.0,421.1,0.0,5.0,1,Stopped,0,0,0,0,0,VALID,VALID
21C-04064,2026-08-17 02:32:00,421.1,0.0,0.0,"Xã Yên Bình, Tỉnh Lào Cai",0.0,2.0,1,0,0.0,0.0,421.1,0.0,5.0,1,Stopped,0,0,0,0,0,VALID,VALID
21C-04064,2026-08-17 02:34:00,421.1,0.0,0.0,"Xã Yên Bình, Tỉnh Lào Cai",0.0,2.0,1,0,0.0,0.0,421.1,0.0,5.0,1,Stopped,0,0,0,0,0,VALID,VALID
21C-04064,2026-08-17 02:36:00,421.1,0.0,0.0,"Xã Yên Bình, Tỉnh Lào Cai",0.0,2.0,1,0,0.0,0.0,421.1,0.0,5.0,1,Stopped,0,0,0,0,0,VALID,VALID
21C-04064,2026-08-17 02:38:00,421.1,0.0,0.0,"Xã Yên Bình, Tỉnh Lào Cai",0.0,2.0,1,0,0.0,0.0,421.1,0.0,5.0,1,Stopped,0,0,0,0,0,VALID,VALID
21C-04064,2026-08-17 02:40:00,421.1,0.0,0.0,"Xã Yên Bình, Tỉnh Lào Cai",0.0,2.0,1,0,0.0,0.0,421.1,0.0,5.0,1,Stopped,0,0,0,0,0,VALID,VALID
21C-04064,2026-08-17 02:43:00,421.1,0.0,0.0,"Xã Yên Bình, Tỉnh Lào Cai",0.0,3.0,1,0,0.0,0.0,421.1,0.0,5.0,1,Stopped,0,0,0,0,0,VALID,VALID
21C-04064,2026-08-17 02:45:00,421.1,0.0,0.0,"Xã Yên Bình, Tỉnh Lào Cai",0.0,2.0,1,0,0.0,0.0,421.1,0.0,5.0,1,Stopped,0,0,0,0,0,VALID,VALID
21C-04064,2026-08-17 02:47:00,421.1,0.0,0.0,"Xã Yên Bình, Tỉnh Lào Cai",0.0,2.0,1,0,0.0,0.0,421.1,0.0,5.0,1,Stopped,0,0,0,0,0,VALID,VALID
21C-04064,2026-08-17 02:49:00,421.1,0.0,0.0,"Xã Yên Bình, Tỉnh Lào Cai",0.0,2.0,1,0,0.0,0.0,421.1,0.0,5.0,1,Stopped,0,0,0,0,0,VALID,VALID
21C-04064,2026-08-17 02:51:00,421.1,0.0,0.0,"Xã Yên Bình, Tỉnh Lào Cai",0.0,2.0,1,0,0.0,0.0,421.1,0.0,5.0,1,Stopped,0,0,0,0,0,VALID,VALID
21C-04064,2026-08-17 02:54:00,421.1,0.0,0.0,"Xã Yên Bình, Tỉnh Lào Cai",0.0,3.0,1,0,0.0,0.0,421.1,0.0,5.0,1,Stopped,0,0,0,0,0,VALID,VALID
21C-04064,2026-08-17 02:56:00,421.1,0.0,0.0,"Xã Yên Bình, Tỉnh Lào Cai",0.0,2.0,1,0,0.0,0.0,421.1,0.0,5.0,1,Stopped,0,0,0,0,0,VALID,VALID
21C-04064,2026-08-17 02:58:00,421.1,0.0,0.0,"Xã Yên Bình, Tỉnh Lào Cai",0.0,2.0,1,0,0.0,0.0,421.1,0.0,5.0,1,Stopped,0,0,0,0,0,VALID,VALID
21C-04064,2026-08-17 03:00:00,421.1,0.0,0.0,"Xã Yên Bình, Tỉnh Lào Cai",0.0,2.0,1,0,0.0,0.0,421.1,0.0,5.0,1,Stopped,0,0,0,0,0,VALID,VALID
21C-04064,2026-08-17 03:02:00,421.1,0.0,0.0,"Xã Yên Bình, Tỉnh Lào Cai",0.0,2.0,1,0,0.0,0.0,421.1,0.0,5.0,1,Stopped,0,0,0,0,0,VALID,VALID
21C-04064,2026-08-17 03:04:00,421.1,0.0,0.0,"Xã Yên Bình, Tỉnh Lào Cai",0.0,2.0,1,0,0.0,0.0,421.1,0.0,5.0,1,Stopped,0,0,0,0,0,VALID,VALID
21C-04064,2026-08-17 03:07:00,421.2,0.0,0.0,"Xã Yên Bình, Tỉnh Lào Cai",0.0,3.0,1,0,0.0999999999999659,0.03333333333332197,421.1,0.04472135995567536,5.0,1,Stopped,0,0,0,0,0,VALID,VALID
21C-04064,2026-08-17 03:09:00,421.2,0.0,0.0,"Xã Yên Bình, Tỉnh Lào Cai",0.0,2.0,1,0,0.0,0.0,421.1,0.054772256082191974,5.0,1,Stopped,0,0,0,0,0,VALID,VALID
21C-04064,2026-08-17 03:11:00,421.2,0.0,0.0,"Xã Yên Bình, Tỉnh Lào Cai",0.0,2.0,1,0,0.0,0.0,421.2,0.05477225608264213,5.0,1,Stopped,0,0,0,0,0,VALID,VALID
21C-04064,2026-08-17 03:13:00,421.2,0.0,0.0,"Xã Yên Bình, Tỉnh Lào Cai",0.0,2.0,1,0,0.0,0.0,421.2,0.04472135995732933,5.0,1,Stopped,0,0,0,0,0,VALID,VALID
21C-04064,2026-08-17 03:15:00,421.2,0.0,0.0,"Xã Yên Bình, Tỉnh Lào Cai",0.0,2.0,1,0,0.0,0.0,421.2,0.0,5.0,1,Stopped,0,0,0,0,0,VALID,VALID
21C-04064,2026-08-17 03:18:00,421.2,0.0,0.0,"Xã Yên Bình, Tỉnh Lào Cai",0.0,3.0,1,0,0.0,0.0,421.2,0.0,5.0,1,Stopped,0,0,0,0,0,VALID,VALID
21C-04064,2026-08-17 03:20:00,421.2,0.0,0.0,"Xã Yên Bình, Tỉnh Lào Cai",0.0,2.0,1,0,0.0,0.0,421.2,0.0,5.0,1,Stopped,0,0,0,0,0,VALID,VALID
21C-04064,2026-08-17 03:22:00,421.2,0.0,0.0,"Xã Yên Bình, Tỉnh Lào Cai",0.0,2.0,1,0,0.0,0.0,421.2,0.0,5.0,1,Stopped,0,0,0,0,0,VALID,VALID
21C-04064,2026-08-17 03:24:00,421.2,0.0,0.0,"Xã Yên Bình, Tỉnh Lào Cai",0.0,2.0,1,0,0.0,0.0,421.2,0.0,5.0,1,Stopped,0,0,0,0,0,VALID,VALID
21C-04064,2026-08-17 03:26:00,421.2,0.0,0.0,"Xã Yên Bình, Tỉnh Lào Cai",0.0,2.0,1,0,0.0,0.0,421.2,0.0,5.0,1,Stopped,0,0,0,0,0,VALID,VALID
21C-04064,2026-08-17 03:28:00,421.2,0.0,0.0,"Xã Yên Bình, Tỉnh Lào Cai",0.0,2.0,1,0,0.0,0.0,421.2,0.0,5.0,1,Stopped,0,0,0,0,0,VALID,VALID
21C-04064,2026-08-17 03:31:00,421.2,0.0,0.0,"Xã Yên Bình, Tỉnh Lào Cai",0.0,3.0,1,0,0.0,0.0,421.2,0.0,5.0,1,Stopped,0,0,0,0,0,VALID,VALID
21C-04064,2026-08-17 03:33:00,421.2,0.0,0.0,"Xã Yên Bình, Tỉnh Lào Cai",0.0,2.0,1,0,0.0,0.0,421.2,0.0,5.0,1,Stopped,0,0,0,0,0,VALID,VALID
21C-04064,2026-08-17 03:35:00,421.2,0.0,0.0,"Xã Yên Bình, Tỉnh Lào Cai",0.0,2.0,1,0,0.0,0.0,421.2,0.0,5.0,1,Stopped,0,0,0,0,0,VALID,VALID
21C-04064,2026-08-17 03:37:00,421.2,0.0,0.0,"Xã Yên Bình, Tỉnh Lào Cai",0.0,2.0,1,0,0.0,0.0,421.2,0.0,5.0,1,Stopped,0,0,0,0,0,VALID,VALID
21C-04064,2026-08-17 03:39:00,421.2,0.0,0.0,"Xã Yên Bình, Tỉnh Lào Cai",0.0,2.0,1,0,0.0,0.0,421.2,0.0,5.0,1,Stopped,0,0,0,0,0,VALID,VALID
21C-04064,2026-08-17 03:42:00,421.2,0.0,0.0,"Xã Yên Bình, Tỉnh Lào Cai",0.0,3.0,1,0,0.0,0.0,421.2,0.0,5.0,1,Stopped,0,0,0,0,0,VALID,VALID
21C-04064,2026-08-17 03:44:00,421.2,0.0,0.0,"Xã Yên Bình, Tỉnh Lào Cai",0.0,2.0,1,0,0.0,0.0,421.2,0.0,5.0,1,Stopped,0,0,0,0,0,VALID,VALID
21C-04064,2026-08-17 03:46:00,421.2,0.0,0.0,"Xã Yên Bình, Tỉnh Lào Cai",0.0,2.0,1,0,0.0,0.0,421.2,0.0,5.0,1,Stopped,0,0,0,0,0,VALID,VALID
21C-04064,2026-08-17 03:48:00,421.2,0.0,0.0,"Xã Yên Bình, Tỉnh Lào Cai",0.0,2.0,1,0,0.0,0.0,421.2,0.0,5.0,1,Stopped,0,0,0,0,0,VALID,VALID
21C-04064,2026-08-17 03:50:00,421.2,0.0,0.0,"Xã Yên Bình, Tỉnh Lào Cai",0.0,2.0,1,0,0.0,0.0,421.2,0.0,5.0,1,Stopped,0,0,0,0,0,VALID,VALID
21C-04064,2026-08-17 03:52:00,421.2,0.0,0.0,"Xã Yên Bình, Tỉnh Lào Cai",0.0,2.0,1,0,0.0,0.0,421.2,0.0,5.0,1,Stopped,0,0,0,0,0,VALID,VALID
21C-04064,2026-08-17 03:55:00,421.2,0.0,0.0,"Xã Yên Bình, Tỉnh Lào Cai",0.0,3.0,1,0,0.0,0.0,421.2,0.0,5.0,1,Stopped,0,0,0,0,0,VALID,VALID
21C-04064,2026-08-17 03:57:00,421.2,0.0,0.0,"Xã Yên Bình, Tỉnh Lào Cai",0.0,2.0,1,0,0.0,0.0,421.2,0.0,5.0,1,Stopped,0,0,0,0,0,VALID,VALID
21C-04064,2026-08-17 03:59:00,421.2,0.0,0.0,"Xã Yên Bình, Tỉnh Lào Cai",0.0,2.0,1,0,0.0,0.0,421.2,0.0,5.0,1,Stopped,0,0,0,0,0,VALID,VALID
21C-04064,2026-08-17 04:01:00,421.2,0.0,0.0,"Xã Yên Bình, Tỉnh Lào Cai",0.0,2.0,1,0,0.0,0.0,421.2,0.0,5.0,1,Stopped,0,0,0,0,0,VALID,VALID
21C-04064,2026-08-17 04:03:00,421.2,0.0,0.0,"Xã Yên Bình, Tỉnh Lào Cai",0.0,2.0,1,0,0.0,0.0,421.2,0.0,5.0,1,Stopped,0,0,0,0,0,VALID,VALID
21C-04064,2026-08-17 04:06:00,421.2,0.0,0.0,"Xã Yên Bình, Tỉnh Lào Cai",0.0,3.0,1,0,0.0,0.0,421.2,0.0,5.0,1,Stopped,0,0,0,0,0,VALID,VALID
21C-04064,2026-08-17 04:08:00,421.2,0.0,0.0,"Xã Yên Bình, Tỉnh Lào Cai",0.0,2.0,1,0,0.0,0.0,421.2,0.0,5.0,1,Stopped,0,0,0,0,0,VALID,VALID
21C-04064,2026-08-17 04:10:00,421.2,0.0,0.0,"Xã Yên Bình, Tỉnh Lào Cai",0.0,2.0,1,0,0.0,0.0,421.2,0.0,5.0,1,Stopped,0,0,0,0,0,VALID,VALID
21C-04064,2026-08-17 04:12:00,421.2,0.0,0.0,"Xã Yên Bình, Tỉnh Lào Cai",0.0,2.0,1,0,0.0,0.0,421.2,0.0,5.0,1,Stopped,0,0,0,0,0,VALID,VALID
21C-04064,2026-08-17 04:14:00,421.2,0.0,0.0,"Xã Yên Bình, Tỉnh Lào Cai",0.0,2.0,1,0,0.0,0.0,421.2,0.0,5.0,1,Stopped,0,0,0,0,0,VALID,VALID
21C-04064,2026-08-17 04:16:00,421.2,0.0,0.0,"Xã Yên Bình, Tỉnh Lào Cai",0.0,2.0,1,0,0.0,0.0,421.2,0.0,5.0,1,Stopped,0,0,0,0,0,VALID,VALID
21C-04064,2026-08-17 04:19:00,421.2,0.0,0.0,"Xã Yên Bình, Tỉnh Lào Cai",0.0,3.0,1,0,0.0,0.0,421.2,0.0,5.0,1,Stopped,0,0,0,0,0,VALID,VALID
21C-04064,2026-08-17 04:21:00,421.2,0.0,0.0,"Xã Yên Bình, Tỉnh Lào Cai",0.0,2.0,1,0,0.0,0.0,421.2,0.0,5.0,1,Stopped,0,0,0,0,0,VALID,VALID
21C-04064,2026-08-17 04:23:00,421.2,0.0,0.0,"Xã Yên Bình, Tỉnh Lào Cai",0.0,2.0,1,0,0.0,0.0,421.2,0.0,5.0,1,Stopped,0,0,0,0,0,VALID,VALID
21C-04064,2026-08-17 04:25:00,421.2,0.0,0.0,"Xã Yên Bình, Tỉnh Lào Cai",0.0,2.0,1,0,0.0,0.0,421.2,0.0,5.0,1,Stopped,0,0,0,0,0,VALID,VALID
21C-04064,2026-08-17 04:28:00,421.2,0.0,0.0,"Xã Yên Bình, Tỉnh Lào Cai",0.0,3.0,1,0,0.0,0.0,421.2,0.0,5.0,1,Stopped,0,0,0,0,0,VALID,VALID
21C-04064,2026-08-17 04:30:00,421.2,0.0,0.0,"Xã Yên Bình, Tỉnh Lào Cai",0.0,2.0,1,0,0.0,0.0,421.2,0.0,5.0,1,Stopped,0,0,0,0,0,VALID,VALID
21C-04064,2026-08-17 04:32:00,421.2,0.0,0.0,"Xã Yên Bình, Tỉnh Lào Cai",0.0,2.0,1,0,0.0,0.0,421.2,0.0,5.0,1,Stopped,0,0,0,0,0,VALID,VALID
21C-04064,2026-08-17 04:34:00,421.2,0.0,0.0,"Xã Yên Bình, Tỉnh Lào Cai",0.0,2.0,1,0,0.0,0.0,421.2,0.0,5.0,1,Stopped,0,0,0,0,0,VALID,VALID
21C-04064,2026-08-17 04:36:00,421.2,0.0,0.0,"Xã Yên Bình, Tỉnh Lào Cai",0.0,2.0,1,0,0.0,0.0,421.2,0.0,5.0,1,Stopped,0,0,0,0,0,VALID,VALID
21C-04064,2026-08-17 04:38:00,421.2,0.0,0.0,"Xã Yên Bình, Tỉnh Lào Cai",0.0,2.0,1,0,0.0,0.0,421.2,0.0,5.0,1,Stopped,0,0,0,0,0,VALID,VALID
21C-04064,2026-08-17 04:41:00,421.2,0.0,0.0,"Xã Yên Bình, Tỉnh Lào Cai",0.0,3.0,1,0,0.0,0.0,421.2,0.0,5.0,1,Stopped,0,0,0,0,0,VALID,VALID
21C-04064,2026-08-17 04:43:00,421.2,0.0,0.0,"Xã Yên Bình, Tỉnh Lào Cai",0.0,2.0,1,0,0.0,0.0,421.2,0.0,5.0,1,Stopped,0,0,0,0,0,VALID,VALID
21C-04064,2026-08-17 04:45:00,421.2,0.0,0.0,"Xã Yên Bình, Tỉnh Lào Cai",0.0,2.0,1,0,0.0,0.0,421.2,0.0,5.0,1,Stopped,0,0,0,0,0,VALID,VALID
21C-04064,2026-08-17 04:47:00,421.2,0.0,0.0,"Xã Yên Bình, Tỉnh Lào Cai",0.0,2.0,1,0,0.0,0.0,421.2,0.0,5.0,1,Stopped,0,0,0,0,0,VALID,VALID
21C-04064,2026-08-17 04:49:00,421.2,0.0,0.0,"Xã Yên Bình, Tỉnh Lào Cai",0.0,2.0,1,0,0.0,0.0,421.2,0.0,5.0,1,Stopped,0,0,0,0,0,VALID,VALID
21C-04064,2026-08-17 04:52:00,421.2,0.0,0.0,"Xã Yên Bình, Tỉnh Lào Cai",0.0,3.0,1,0,0.0,0.0,421.2,0.0,5.0,1,Stopped,0,0,0,0,0,VALID,VALID
21C-04064,2026-08-17 04:54:00,421.2,0.0,0.0,"Xã Yên Bình, Tỉnh Lào Cai",0.0,2.0,1,0,0.0,0.0,421.2,0.0,5.0,1,Stopped,0,0,0,0,0,VALID,VALID
21C-04064,2026-08-17 04:56:00,421.2,0.0,0.0,"Xã Yên Bình, Tỉnh Lào Cai",0.0,2.0,1,0,0.0,0.0,421.2,0.0,5.0,1,Stopped,0,0,0,0,0,VALID,VALID
21C-04064,2026-08-17 04:58:00,421.2,0.0,0.0,"Xã Yên Bình, Tỉnh Lào Cai",0.0,2.0,1,0,0.0,0.0,421.2,0.0,5.0,1,Stopped,0,0,0,0,0,VALID,VALID
21C-04064,2026-08-17 05:00:00,421.2,0.0,0.0,"Xã Yên Bình, Tỉnh Lào Cai",0.0,2.0,1,0,0.0,0.0,421.2,0.0,5.0,1,Stopped,0,0,0,0,0,VALID,VALID
21C-04064,2026-08-17 05:02:00,421.2,0.0,0.0,"Xã Yên Bình, Tỉnh Lào Cai",0.0,2.0,1,0,0.0,0.0,421.2,0.0,5.0,1,Stopped,0,0,0,0,0,VALID,VALID
21C-04064,2026-08-17 05:05:00,421.2,0.0,0.0,"Xã Yên Bình, Tỉnh Lào Cai",0.0,3.0,1,0,0.0,0.0,421.2,0.0,5.0,1,Stopped,0,0,0,0,0,VALID,VALID
21C-04064,2026-08-17 05:07:00,421.2,0.0,0.0,"Xã Yên Bình, Tỉnh Lào Cai",0.0,2.0,1,0,0.0,0.0,421.2,0.0,5.0,1,Stopped,0,0,0,0,0,VALID,VALID
21C-04064,2026-08-17 05:09:00,421.2,0.0,0.0,"Xã Yên Bình, Tỉnh Lào Cai",0.0,2.0,1,0,0.0,0.0,421.2,0.0,5.0,1,Stopped,0,0,0,0,0,VALID,VALID
21C-04064,2026-08-17 05:11:00,421.2,0.0,0.0,"Xã Yên Bình, Tỉnh Lào Cai",0.0,2.0,1,0,0.0,0.0,421.2,0.0,5.0,1,Stopped,0,0,0,0,0,VALID,VALID
21C-04064,2026-08-17 05:13:00,421.2,0.0,0.0,"Xã Yên Bình, Tỉnh Lào Cai",0.0,2.0,1,0,0.0,0.0,421.2,0.0,5.0,1,Stopped,0,0,0,0,0,VALID,VALID
21C-04064,2026-08-17 05:14:00,421.2,0.0,0.0,"Xã Yên Bình, Tỉnh Lào Cai",0.0,1.0,1,0,0.0,0.0,421.2,0.0,5.0,1,Stopped,0,0,0,0,0,VALID,VALID
21C-04064,2026-08-17 05:16:00,421.2,0.0,0.0,"Xã Yên Bình, Tỉnh Lào Cai",0.0,2.0,1,0,0.0,0.0,421.2,0.0,5.0,1,Stopped,0,0,0,0,0,VALID,VALID
21C-04064,2026-08-17 05:18:00,421.2,0.0,0.0,"Xã Yên Bình, Tỉnh Lào Cai",0.0,2.0,1,0,0.0,0.0,421.2,0.0,5.0,1,Stopped,0,0,0,0,0,VALID,VALID
21C-04064,2026-08-17 05:20:00,421.2,0.0,0.0,"Xã Yên Bình, Tỉnh Lào Cai",0.0,2.0,1,0,0.0,0.0,421.2,0.0,5.0,1,Stopped,0,0,0,0,0,VALID,VALID
21C-04064,2026-08-17 05:22:00,421.2,0.0,0.0,"Xã Yên Bình, Tỉnh Lào Cai",0.0,2.0,1,0,0.0,0.0,421.2,0.0,5.0,1,Stopped,0,0,0,0,0,VALID,VALID
21C-04064,2026-08-17 05:24:00,422.0,0.0,0.0,"Xã Yên Bình, Tỉnh Lào Cai",0.0,2.0,1,0,0.8000000000000114,0.4000000000000057,421.2,0.3577708764515482,5.0,1,Stopped,0,0,0,0,0,VALID,VALID
21C-04064,2026-08-17 05:26:00,422.5,0.0,0.0,"Xã Yên Bình, Tỉnh Lào Cai",0.0,2.0,1,0,0.5,0.25,421.2,0.6016643582909019,5.0,1,Stopped,0,0,0,0,0,VALID,VALID
21C-04064,2026-08-17 05:28:00,422.3,0.0,0.0,"Xã Yên Bình, Tỉnh Lào Cai",0.0,2.0,1,0,-0.19999999999998863,-0.09999999999999432,422.0,0.6107372594153644,5.0,1,Stopped,0,0,0,0,0,VALID,VALID
21C-04064,2026-08-17 05:30:00,423.5,0.0,0.0,"Xã Yên Bình, Tỉnh Lào Cai",0.0,2.0,1,0,1.1999999999999886,0.5999999999999943,422.3,0.8336666000502826,5.0,1,Stopped,0,0,0,0,0,VALID,VALID
21C-04064,2026-08-17 05:32:00,423.8,0.0,0.0,"Xã Yên Bình, Tỉnh Lào Cai",0.0,2.0,1,0,0.30000000000001137,0.15000000000000568,422.5,0.7854934754921683,5.0,1,Stopped,0,0,0,0,0,VALID,VALID
21C-04064,2026-08-17 05:34:00,424.0,0.0,0.0,"Xã Yên Bình, Tỉnh Lào Cai",0.0,2.0,1,0,0.19999999999998863,0.09999999999999432,423.5,0.772657750910312,5.0,1,Stopped,0,0,0,0,0,VALID,VALID
21C-04064,2026-08-17 05:36:00,424.1,0.0,0.0,"Xã Yên Bình, Tỉnh Lào Cai",0.0,2.0,1,0,0.10000000000002274,0.05000000000001137,423.8,0.7300684899669317,5.0,1,Stopped,0,0,0,0,0,VALID,VALID
21C-04064,2026-08-17 05:38:00,424.3,0.0,0.0,"Xã Yên Bình, Tỉnh Lào Cai",0.0,2.0,1,0,0.19999999999998863,0.09999999999999432,424.0,0.3049590137110145,5.0,1,Stopped,0,0,0,0,0,VALID,VALID
21C-04064,2026-08-17 05:40:00,424.3,0.0,0.0,"Xã Yên Bình, Tỉnh Lào Cai",0.0,2.0,1,0,0.0,0.0,424.1,0.21213203445961987,5.0,1,Stopped,0,0,0,0,0,VALID,VALID
21C-04064,2026-08-17 05:42:00,422.9,0.0,0.0,"Xã Yên Bình, Tỉnh Lào Cai",0.0,2.0,1,0,-1.400000000000034,-0.700000000000017,424.1,0.5848076607257852,5.0,1,Stopped,0,0,0,0,0,VALID,VALID
21C-04064,2026-08-17 05:44:00,422.8,0.0,0.0,"Xã Yên Bình, Tỉnh Lào Cai",0.0,2.0,1,0,-0.0999999999999659,-0.04999999999998295,424.1,0.7628892449386143,5.0,1,Stopped,0,0,0,0,0,VALID,VALID
21C-04064,2026-08-17 05:46:00,422.8,0.0,0.0,"Xã Yên Bình, Tỉnh Lào Cai",0.0,2.0,1,0,0.0,0.0,422.9,0.8043631021139703,5.0,1,Stopped,0,0,0,0,0,VALID,VALID
21C-04064,2026-08-17 05:48:00,422.9,0.0,0.0,"Xã Yên Bình, Tỉnh Lào Cai",0.0,2.0,1,0,0.0999999999999659,0.04999999999998295,422.9,0.6503845016924915,5.0,1,Stopped,0,0,0,0,0,VALID,VALID
21C-04064,2026-08-17 05:50:00,422.9,0.0,0.0,"Xã Yên Bình, Tỉnh Lào Cai",0.0,2.0,1,0,0.0,0.0,422.9,0.054772256126326045,5.0,1,Stopped,0,0,0,0,0,VALID,VALID
21C-04064,2026-08-17 05:52:00,422.9,0.0,0.0,"Xã Yên Bình, Tỉnh Lào Cai",0.0,2.0,1,0,0.0,0.0,422.9,0.054772256126326045,5.0,1,Stopped,0,0,0,0,0,VALID,VALID
21C-04064,2026-08-17 05:54:00,422.9,0.0,0.0,"Xã Yên Bình, Tỉnh Lào Cai",0.0,2.0,1,0,0.0,0.0,422.9,0.04472136001077378,5.0,1,Stopped,0,0,0,0,0,VALID,VALID
21C-04064,2026-08-17 05:56:00,422.9,0.0,0.0,"Xã Yên Bình, Tỉnh Lào Cai",0.0,2.0,1,0,0.0,0.0,422.9,0.0,5.0,1,Stopped,0,0,0,0,0,VALID,VALID
21C-04064,2026-08-17 05:58:00,423.1,0.0,0.0,"Xã Yên Bình, Tỉnh Lào Cai",0.0,2.0,1,0,0.20000000000004547,0.10000000000002274,422.9,0.0894427193311664,5.0,1,Stopped,0,0,0,0,0,VALID,VALID
21C-04064,2026-08-17 06:00:00,423.1,0.0,0.0,"Xã Yên Bình, Tỉnh Lào Cai",0.0,2.0,1,0,0.0,0.0,422.9,0.10954451169020556,5.0,1,Stopped,0,0,0,0,0,VALID,VALID
21C-04064,2026-08-17 06:02:00,423.1,0.0,0.0,"Xã Yên Bình, Tỉnh Lào Cai",0.0,2.0,1,0,0.0,0.0,423.1,0.1095445116906207,5.0,1,Stopped,0,0,0,0,0,VALID,VALID
21C-04064,2026-08-17 06:05:00,423.1,0.0,0.0,"Xã Yên Bình, Tỉnh Lào Cai",0.0,3.0,1,0,0.0,0.0,423.1,0.08944271933270836,5.0,1,Stopped,0,0,0,0,0,VALID,VALID
21C-04064,2026-08-17 06:07:00,423.2,0.0,0.0,"Xã Yên Bình, Tỉnh Lào Cai",0.0,2.0,1,0,0.0999999999999659,0.04999999999998295,423.1,0.04472136001703214,5.0,1,Stopped,0,0,0,0,0,VALID,VALID
21C-04064,2026-08-17 06:09:00,423.2,0.0,0.0,"Xã Yên Bình, Tỉnh Lào Cai",0.0,2.0,1,0,0.0,0.0,423.1,0.05477225613228958,5.0,1,Stopped,0,0,0,0,0,VALID,VALID
21C-04064,2026-08-17 06:11:00,423.2,0.0,0.0,"Xã Yên Bình, Tỉnh Lào Cai",0.0,2.0,1,0,0.0,0.0,423.2,0.054772256132739734,5.0,1,Stopped,0,0,0,0,0,VALID,VALID
21C-04064,2026-08-17 06:14:00,423.2,0.0,0.0,"Xã Yên Bình, Tỉnh Lào Cai",0.0,3.0,1,0,0.0,0.0,423.2,0.04472136001868611,5.0,1,Stopped,0,0,0,0,0,VALID,VALID
21C-04064,2026-08-17 06:16:00,423.2,0.0,0.0,"Xã Yên Bình, Tỉnh Lào Cai",0.0,2.0,1,0,0.0,0.0,423.2,0.0,5.0,1,Stopped,0,0,0,0,0,VALID,VALID
21C-04064,2026-08-17 06:18:00,423.2,0.0,0.0,"Xã Yên Bình, Tỉnh Lào Cai",0.0,2.0,1,0,0.0,0.0,423.2,0.0,5.0,1,Stopped,0,0,0,0,0,VALID,VALID
21C-04064,2026-08-17 06:20:00,423.2,0.0,0.0,"Xã Yên Bình, Tỉnh Lào Cai",0.0,2.0,1,0,0.0,0.0,423.2,0.0,5.0,1,Stopped,0,0,0,0,0,VALID,VALID
21C-04064,2026-08-17 06:22:00,423.2,0.0,0.0,"Xã Yên Bình, Tỉnh Lào Cai",0.0,2.0,1,0,0.0,0.0,423.2,0.0,5.0,1,Stopped,0,0,0,0,0,VALID,VALID
21C-04064,2026-08-17 06:24:00,423.2,0.0,0.0,"Xã Yên Bình, Tỉnh Lào Cai",0.0,2.0,1,0,0.0,0.0,423.2,0.0,5.0,1,Stopped,0,0,0,0,0,VALID,VALID
21C-04064,2026-08-17 06:27:00,423.2,0.0,0.0,"Xã Yên Bình, Tỉnh Lào Cai",0.0,3.0,1,0,0.0,0.0,423.2,0.0,5.0,1,Stopped,0,0,0,0,0,VALID,VALID
21C-04064,2026-08-17 06:29:00,423.2,0.0,0.0,"Xã Yên Bình, Tỉnh Lào Cai",0.0,2.0,1,0,0.0,0.0,423.2,0.0,5.0,1,Stopped,0,0,0,0,0,VALID,VALID
21C-04064,2026-08-17 06:31:00,423.2,0.0,0.0,"Xã Yên Bình, Tỉnh Lào Cai",0.0,2.0,1,0,0.0,0.0,423.2,0.0,5.0,1,Stopped,0,0,0,0,0,VALID,VALID
21C-04064,2026-08-17 06:33:00,423.2,0.0,0.0,"Xã Yên Bình, Tỉnh Lào Cai",0.0,2.0,1,0,0.0,0.0,423.2,0.0,5.0,1,Stopped,0,0,0,0,0,VALID,VALID
21C-04064,2026-08-17 06:35:00,423.2,0.0,0.0,"Xã Yên Bình, Tỉnh Lào Cai",0.0,2.0,1,0,0.0,0.0,423.2,0.0,5.0,1,Stopped,0,0,0,0,0,VALID,VALID
21C-04064,2026-08-17 06:38:00,423.2,0.0,0.0,"Xã Yên Bình, Tỉnh Lào Cai",0.0,3.0,1,0,0.0,0.0,423.2,0.0,5.0,1,Stopped,0,0,0,0,0,VALID,VALID
21C-04064,2026-08-17 06:40:00,423.2,0.0,0.0,"Xã Yên Bình, Tỉnh Lào Cai",0.0,2.0,1,0,0.0,0.0,423.2,0.0,5.0,1,Stopped,0,0,0,0,0,VALID,VALID
21C-04064,2026-08-17 06:42:00,423.2,0.0,0.0,"Xã Yên Bình, Tỉnh Lào Cai",0.0,2.0,1,0,0.0,0.0,423.2,0.0,5.0,1,Stopped,0,0,0,0,0,VALID,VALID
21C-04064,2026-08-17 06:44:00,423.2,0.0,0.0,"Xã Yên Bình, Tỉnh Lào Cai",0.0,2.0,1,0,0.0,0.0,423.2,0.0,5.0,1,Stopped,0,0,0,0,0,VALID,VALID
21C-04064,2026-08-17 06:46:00,423.2,0.0,0.0,"Xã Yên Bình, Tỉnh Lào Cai",0.0,2.0,1,0,0.0,0.0,423.2,0.0,5.0,1,Stopped,0,0,0,0,0,VALID,VALID
21C-04064,2026-08-17 06:48:00,423.2,0.0,0.0,"Xã Yên Bình, Tỉnh Lào Cai",0.0,2.0,1,0,0.0,0.0,423.2,0.0,5.0,1,Stopped,0,0,0,0,0,VALID,VALID
21C-04064,2026-08-17 06:51:00,423.2,0.0,0.0,"Xã Yên Bình, Tỉnh Lào Cai",0.0,3.0,1,0,0.0,0.0,423.2,0.0,5.0,1,Stopped,0,0,0,0,0,VALID,VALID
21C-04064,2026-08-17 06:53:00,423.2,0.0,0.0,"Xã Yên Bình, Tỉnh Lào Cai",0.0,2.0,1,0,0.0,0.0,423.2,0.0,5.0,1,Stopped,0,0,0,0,0,VALID,VALID
21C-04064,2026-08-17 06:55:00,423.2,0.0,0.0,"Xã Yên Bình, Tỉnh Lào Cai",0.0,2.0,1,0,0.0,0.0,423.2,0.0,5.0,1,Stopped,0,0,0,0,0,VALID,VALID
21C-04064,2026-08-17 06:57:00,423.2,0.0,0.0,"Xã Yên Bình, Tỉnh Lào Cai",0.0,2.0,1,0,0.0,0.0,423.2,0.0,5.0,1,Stopped,0,0,0,0,0,VALID,VALID
21C-04064,2026-08-17 06:59:00,423.2,0.0,0.0,"Xã Yên Bình, Tỉnh Lào Cai",0.0,2.0,1,0,0.0,0.0,423.2,0.0,5.0,1,Stopped,0,0,0,0,0,VALID,VALID
21C-04064,2026-08-17 07:02:00,423.2,0.0,0.0,"Xã Yên Bình, Tỉnh Lào Cai",0.0,3.0,1,0,0.0,0.0,423.2,0.0,5.0,1,Stopped,0,0,0,0,0,VALID,VALID
21C-04064,2026-08-17 07:04:00,423.2,0.0,0.0,"Xã Yên Bình, Tỉnh Lào Cai",0.0,2.0,1,0,0.0,0.0,423.2,0.0,5.0,1,Stopped,0,0,0,0,0,VALID,VALID
21C-04064,2026-08-17 07:06:00,423.2,0.0,0.0,"Xã Yên Bình, Tỉnh Lào Cai",0.0,2.0,1,0,0.0,0.0,423.2,0.0,5.0,1,Stopped,0,0,0,0,0,VALID,VALID
21C-04064,2026-08-17 07:08:00,423.2,0.0,0.0,"Xã Yên Bình, Tỉnh Lào Cai",0.0,2.0,1,0,0.0,0.0,423.2,0.0,5.0,1,Stopped,0,0,0,0,0,VALID,VALID
21C-04064,2026-08-17 07:10:00,423.2,0.0,0.0,"Xã Yên Bình, Tỉnh Lào Cai",0.0,2.0,1,0,0.0,0.0,423.2,0.0,5.0,1,Stopped,0,0,0,0,0,VALID,VALID
21C-04064,2026-08-17 07:12:00,423.2,0.0,0.0,"Xã Yên Bình, Tỉnh Lào Cai",0.0,2.0,1,0,0.0,0.0,423.2,0.0,5.0,1,Stopped,0,0,0,0,0,VALID,VALID
21C-04064,2026-08-17 07:15:00,423.2,0.0,0.0,"Xã Yên Bình, Tỉnh Lào Cai",0.0,3.0,1,0,0.0,0.0,423.2,0.0,5.0,1,Stopped,0,0,0,0,0,VALID,VALID
21C-04064,2026-08-17 07:17:00,423.2,0.0,0.0,"Xã Yên Bình, Tỉnh Lào Cai",0.0,2.0,1,0,0.0,0.0,423.2,0.0,5.0,1,Stopped,0,0,0,0,0,VALID,VALID
21C-04064,2026-08-17 07:19:00,423.2,0.0,0.0,"Xã Yên Bình, Tỉnh Lào Cai",0.0,2.0,1,0,0.0,0.0,423.2,0.0,5.0,1,Stopped,0,0,0,0,0,VALID,VALID
21C-04064,2026-08-17 07:21:00,423.2,0.0,0.0,"Xã Yên Bình, Tỉnh Lào Cai",0.0,2.0,1,0,0.0,0.0,423.2,0.0,5.0,1,Stopped,0,0,0,0,0,VALID,VALID
21C-04064,2026-08-17 07:23:00,423.2,0.0,0.0,"Xã Yên Bình, Tỉnh Lào Cai",0.0,2.0,1,0,0.0,0.0,423.2,0.0,5.0,1,Stopped,0,0,0,0,0,VALID,VALID
21C-04064,2026-08-17 07:26:00,423.2,0.0,0.0,"Xã Yên Bình, Tỉnh Lào Cai",0.0,3.0,1,0,0.0,0.0,423.2,0.0,5.0,1,Stopped,0,0,0,0,0,VALID,VALID
21C-04064,2026-08-17 07:28:00,423.2,0.0,0.0,"Xã Yên Bình, Tỉnh Lào Cai",0.0,2.0,1,0,0.0,0.0,423.2,0.0,5.0,1,Stopped,0,0,0,0,0,VALID,VALID
21C-04064,2026-08-17 07:30:00,423.2,0.0,0.0,"Xã Yên Bình, Tỉnh Lào Cai",0.0,2.0,1,0,0.0,0.0,423.2,0.0,5.0,1,Stopped,0,0,0,0,0,VALID,VALID
21C-04064,2026-08-17 07:32:00,423.2,0.0,0.0,"Xã Yên Bình, Tỉnh Lào Cai",0.0,2.0,1,0,0.0,0.0,423.2,0.0,5.0,1,Stopped,0,0,0,0,0,VALID,VALID
21C-04064,2026-08-17 07:34:00,423.2,0.0,0.0,"Xã Yên Bình, Tỉnh Lào Cai",0.0,2.0,1,0,0.0,0.0,423.2,0.0,5.0,1,Stopped,0,0,0,0,0,VALID,VALID
21C-04064,2026-08-17 07:36:00,423.2,0.0,0.0,"Xã Yên Bình, Tỉnh Lào Cai",0.0,2.0,1,0,0.0,0.0,423.2,0.0,5.0,1,Stopped,0,0,0,0,0,VALID,VALID
21C-04064,2026-08-17 07:38:00,423.2,0.0,0.0,"Xã Yên Bình, Tỉnh Lào Cai",0.0,2.0,1,0,0.0,0.0,423.2,0.0,5.0,1,Stopped,0,0,0,0,0,VALID,VALID
21C-04064,2026-08-17 07:40:00,423.1,0.0,0.0,"Xã Yên Bình, Tỉnh Lào Cai",0.0,2.0,1,0,-0.0999999999999659,-0.04999999999998295,423.2,0.04472136001865751,5.0,1,Stopped,0,0,0,0,0,VALID,VALID
21C-04064,2026-08-17 07:42:00,423.1,0.0,0.0,"Xã Yên Bình, Tỉnh Lào Cai",0.0,2.0,1,0,0.0,0.0,423.2,0.054772256132682655,5.0,1,Stopped,0,0,0,0,0,VALID,VALID
21C-04064,2026-08-17 07:44:00,423.1,0.0,0.0,"Xã Yên Bình, Tỉnh Lào Cai",0.0,2.0,1,0,0.0,0.0,423.1,0.05477225613219877,5.0,1,Stopped,0,0,0,0,0,VALID,VALID
21C-04064,2026-08-17 07:46:00,423.1,4.0,0.03333333333333333,"Xã Yên Bình, Tỉnh Lào Cai",0.0,2.0,1,0,0.0,0.0,423.1,0.04472136001687962,5.0,1,Moving,0,0,0,0,0,VALID,VALID
21C-04064,2026-08-17 07:48:00,424.7,0.0,-0.03333333333333333,"Quốc Lộ 70, Xã Yên Bình, Tỉnh Lào Cai",0.0,2.0,1,0,1.599999999999966,0.799999999999983,423.1,0.7155417528296406,5.0,1,Stopped,0,0,0,0,0,VALID,VALID
21C-04064,2026-08-17 07:50:00,426.1,33.0,0.275,"Quốc Lộ 70, Xã Yên Bình, Tỉnh Lào Cai",0.0,2.0,1,0,1.400000000000034,0.700000000000017,423.1,1.3535139452713578,5.0,1,Moving,0,0,0,0,0,VALID,VALID
21C-04064,2026-08-17 07:52:00,422.2,23.0,-0.08333333333333333,"Quốc Lộ 70, Xã Yên Bình, Tỉnh Lào Cai",0.0,2.0,1,0,-3.900000000000034,-1.950000000000017,423.1,1.551773179315717,5.0,1,Moving,0,0,0,0,0,VALID,VALID
21C-04064,2026-08-17 07:54:00,422.5,16.0,-0.058333333333333334,"Quốc Lộ 70, Xã Yên Bình, Tỉnh Lào Cai",0.0,2.0,1,0,0.30000000000001137,0.15000000000000568,423.1,1.6437761404897306,5.0,1,Moving,0,0,0,0,0,VALID,VALID
21C-04064,2026-08-17 07:56:00,424.1,16.0,0.0,"Quốc Lộ 70, Xã Đan Thượng, Tỉnh Phú Thọ",0.0,2.0,1,0,1.6000000000000227,0.8000000000000114,424.1,1.609968943813459,5.0,1,Moving,0,0,0,0,0,VALID,VALID
21C-04064,2026-08-17 07:58:00,422.5,26.0,0.08333333333333333,"Quốc Lộ 70, Xã Đan Thượng, Tỉnh Phú Thọ",0.0,2.0,1,0,-1.6000000000000227,-0.8000000000000114,422.5,1.6437761404895546,5.0,1,Moving,0,0,0,0,0,VALID,VALID
21C-04064,2026-08-17 08:00:00,417.9,31.0,0.041666666666666664,"Quốc Lộ 70, Xã Đan Thượng, Tỉnh Phú Thọ",0.0,2.0,1,0,-4.600000000000023,-2.3000000000000114,422.5,2.325510696608089,5.0,1,Moving,0,0,0,0,0,VALID,VALID
21C-04064,2026-08-17 08:02:00,417.9,34.0,0.025,"Quốc Lộ 70, Xã Đan Thượng, Tỉnh Phú Thọ",0.0,2.0,1,0,0.0,0.0,422.5,2.8865203966084367,5.0,1,Moving,0,0,0,0,0,VALID,VALID
21C-04064,2026-08-17 08:04:00,417.9,29.0,-0.041666666666666664,"Quốc Lộ 70, Xã Bằng Luân, Tỉnh Phú Thọ",0.0,2.0,1,0,0.0,0.0,417.9,3.011312006424159,5.0,1,Moving,0,0,0,0,0,VALID,VALID
21C-04064,2026-08-17 08:06:00,416.1,30.0,0.008333333333333333,"Quốc Lộ 70, Xã Bằng Luân, Tỉnh Phú Thọ",0.0,2.0,1,0,-1.7999999999999545,-0.8999999999999773,417.9,2.3891421054492383,5.0,1,Moving,0,0,0,0,0,VALID,VALID
21C-04064,2026-08-17 08:08:00,416.5,22.0,-0.06666666666666667,"Quốc Lộ 70, Xã Bằng Luân, Tỉnh Phú Thọ",0.0,2.0,1,0,0.39999999999997726,0.19999999999998863,417.9,0.8876936408624592,5.0,1,Moving,0,0,0,0,0,VALID,VALID
21C-04064,2026-08-17 08:10:00,413.7,0.0,-0.18333333333333332,"Quốc Lộ 70, Xã Bằng Luân, Tỉnh Phú Thọ",0.0,2.0,1,0,-2.8000000000000114,-1.4000000000000057,416.5,1.7239489551682772,5.0,1,Stopped,0,0,0,0,0,VALID,VALID
21C-04064,2026-08-17 08:12:00,412.3,0.0,0.0,"Quốc Lộ 70, Xã Bằng Luân, Tỉnh Phú Thọ",0.0,2.0,1,0,-1.3999999999999773,-0.6999999999999886,416.1,2.258317958132397,5.0,1,Stopped,0,0,0,0,0,VALID,VALID
21C-04064,2026-08-17 08:14:00,413.4,0.0,0.0,"Quốc Lộ 70, Xã Bằng Luân, Tỉnh Phú Thọ",0.0,2.0,1,0,1.099999999999966,0.549999999999983,413.7,1.8165902124643656,5.0,1,Stopped,0,0,0,0,0,VALID,VALID
21C-04064,2026-08-17 08:18:00,414.4,0.0,0.0,"Quốc Lộ 70, Xã Bằng Luân, Tỉnh Phú Thọ",0.0,4.0,1,0,1.0,0.25,413.7,1.559807680459535,5.0,1,Stopped,0,0,0,0,0,VALID,VALID
21C-04064,2026-08-17 08:21:00,414.3,0.0,0.0,"Quốc Lộ 70, Xã Bằng Luân, Tỉnh Phú Thọ",0.0,3.0,1,0,-0.0999999999999659,-0.03333333333332197,413.7,0.8467585252122088,5.0,1,Stopped,0,0,0,0,0,VALID,VALID
21C-04064,2026-08-17 08:23:00,414.1,0.0,0.0,"Quốc Lộ 70, Xã Bằng Luân, Tỉnh Phú Thọ",0.0,2.0,1,0,-0.19999999999998863,-0.09999999999999432,414.1,0.8746427842380768,5.0,1,Stopped,0,0,0,0,0,VALID,VALID
21C-04064,2026-08-17 08:26:00,414.1,0.0,0.0,"Quốc Lộ 70, Xã Bằng Luân, Tỉnh Phú Thọ",0.0,3.0,1,0,0.0,0.0,414.1,0.3911521443383865,5.0,1,Stopped,0,0,0,0,0,VALID,VALID
21C-04064,2026-08-17 08:28:00,414.1,0.0,0.0,"Quốc Lộ 70, Xã Bằng Luân, Tỉnh Phú Thọ",0.0,2.0,1,0,0.0,0.0,414.1,0.141421356310865,5.0,1,Stopped,0,0,0,0,0,VALID,VALID
21C-04064,2026-08-17 08:30:00,414.0,0.0,0.0,"Quốc Lộ 70, Xã Bằng Luân, Tỉnh Phú Thọ",0.0,2.0,1,0,-0.10000000000002274,-0.05000000000001137,414.1,0.10954451159523106,5.0,1,Stopped,0,0,0,0,0,VALID,VALID
21C-04064,2026-08-17 08:32:00,414.0,0.0,0.0,"Quốc Lộ 70, Xã Bằng Luân, Tỉnh Phú Thọ",0.0,2.0,1,0,0.0,0.0,414.1,0.05477225593772296,5.0,1,Stopped,0,0,0,0,0,VALID,VALID
21C-04064,2026-08-17 08:34:00,414.0,0.0,0.0,"Quốc Lộ 70, Xã Bằng Luân, Tỉnh Phú Thọ",0.0,2.0,1,0,0.0,0.0,414.0,0.05477225593733119,5.0,1,Stopped,0,0,0,0,0,VALID,VALID
21C-04064,2026-08-17 08:36:00,414.0,0.0,0.0,"Quốc Lộ 70, Xã Bằng Luân, Tỉnh Phú Thọ",0.0,2.0,1,0,0.0,0.0,414.0,0.0447213597783222,5.0,1,Stopped,0,0,0,0,0,VALID,VALID
21C-04064,2026-08-17 08:38:00,414.0,0.0,0.0,"Quốc Lộ 70, Xã Bằng Luân, Tỉnh Phú Thọ",0.0,2.0,1,0,0.0,0.0,414.0,0.0,5.0,1,Stopped,0,0,0,0,0,VALID,VALID
21C-04064,2026-08-17 08:40:00,414.0,0.0,0.0,"Quốc Lộ 70, Xã Bằng Luân, Tỉnh Phú Thọ",0.0,2.0,1,0,0.0,0.0,414.0,0.0,5.0,1,Stopped,0,0,0,0,0,VALID,VALID
21C-04064,2026-08-17 08:42:00,414.1,0.0,0.0,"Quốc Lộ 70, Xã Bằng Luân, Tỉnh Phú Thọ",0.0,2.0,1,0,0.10000000000002274,0.05000000000001137,414.0,0.0447213597783222,5.0,1,Stopped,0,0,0,0,0,VALID,VALID
21C-04064,2026-08-17 08:46:00,414.3,0.0,0.0,"Quốc Lộ 70, Xã Bằng Luân, Tỉnh Phú Thọ",0.0,4.0,1,0,0.19999999999998863,0.04999999999999716,414.0,0.13038404818284785,5.0,1,Stopped,0,0,0,0,0,VALID,VALID
21C-04064,2026-08-17 08:48:00,414.3,0.0,0.0,"Quốc Lộ 70, Xã Bằng Luân, Tỉnh Phú Thọ",0.0,2.0,1,0,0.0,0.0,414.1,0.1516575089491747,5.0,1,Stopped,0,0,0,0,0,VALID,VALID
21C-04064,2026-08-17 08:50:00,414.4,0.0,0.0,"Quốc Lộ 70, Xã Bằng Luân, Tỉnh Phú Thọ",0.0,2.0,1,0,0.0999999999999659,0.04999999999998295,414.3,0.16431676731493194,5.0,1,Stopped,0,0,0,0,0,VALID,VALID
21C-04064,2026-08-17 08:53:00,414.4,0.0,0.0,"Quốc Lộ 70, Xã Bằng Luân, Tỉnh Phú Thọ",0.0,3.0,1,0,0.0,0.0,414.3,0.12247448722487031,5.0,1,Stopped,0,0,0,0,0,VALID,VALID
21C-04064,2026-08-17 08:54:00,414.4,0.0,0.0,"Quốc Lộ 70, Xã Bằng Luân, Tỉnh Phú Thọ",0.0,1.0,1,0,0.0,0.0,414.4,0.05477225594334666,5.0,1,Stopped,0,0,0,0,0,VALID,VALID
21C-04064,2026-08-17 08:56:00,414.4,0.0,0.0,"Quốc Lộ 70, Xã Bằng Luân, Tỉnh Phú Thọ",0.0,2.0,1,0,0.0,0.0,414.4,0.04472135978662543,5.0,1,Stopped,0,0,0,0,0,VALID,VALID
21C-04064,2026-08-17 08:58:00,320.1,0.0,0.0,"Quốc Lộ 70, Xã Bằng Luân, Tỉnh Phú Thọ",0.0,2.0,1,0,-94.29999999999995,-47.14999999999998,414.4,42.17224205564583,5.0,1,Stopped,0,0,1,0,1,LARGE_DELTA,VALID
21C-04064,2026-08-17 09:00:00,414.0,46.0,0.38333333333333336,"Quốc Lộ 70, Xã Bằng Luân, Tỉnh Phú Thọ",0.0,2.0,1,0,93.89999999999998,46.94999999999999,414.4,42.12787675637099,5.0,1,Moving,0,0,1,0,1,LARGE_DELTA,VALID
21C-04064,2026-08-17 09:02:00,414.1,26.0,-0.16666666666666666,"Quốc Lộ 70, Xã Bằng Luân, Tỉnh Phú Thọ",0.0,2.0,1,0,0.10000000000002274,0.05000000000001137,414.1,42.09435829181844,5.0,1,Moving,0,0,0,0,0,VALID,VALID
21C-04064,2026-08-17 09:04:00,412.6,49.0,0.19166666666666668,"Quốc Lộ 70, Xã Tây Cốc, Tỉnh Phú Thọ",0.0,2.0,1,0,-1.5,-0.75,414.0,41.89848445946444,5.0,1,Moving,0,0,0,0,0,VALID,VALID
21C-04064,2026-08-17 09:06:00,412.4,44.0,-0.041666666666666664,"Quốc Lộ 70, Xã Tây Cốc, Tỉnh Phú Thọ",0.0,2.0,1,0,-0.20000000000004547,-0.10000000000002274,412.6,41.67640819456473,5.0,1,Moving,0,0,0,0,0,VALID,VALID
21C-04064,2026-08-17 09:08:00,411.4,31.0,-0.10833333333333334,"Quốc Lộ 70, Xã Tây Cốc, Tỉnh Phú Thọ",0.0,2.0,1,0,-1.0,-0.5,412.6,1.1445523142325102,5.0,1,Moving,0,0,0,0,0,VALID,VALID
21C-04064,2026-08-17 09:10:00,411.2,41.0,0.08333333333333333,"Quốc Lộ 70, Xã Tây Cốc, Tỉnh Phú Thọ",0.0,2.0,1,0,-0.19999999999998863,-0.09999999999999432,412.4,1.1567194992797512,5.0,1,Moving,0,0,0,0,0,VALID,VALID
21C-04064,2026-08-17 09:12:00,409.3,40.0,-0.008333333333333333,"Quốc Lộ 70, Xã Tây Cốc, Tỉnh Phú Thọ",0.0,2.0,1,0,-1.8999999999999773,-0.9499999999999886,411.4,1.3122499761906217,5.0,1,Moving,0,0,0,0,0,VALID,VALID
21C-04064,2026-08-17 09:14:00,409.1,18.0,-0.18333333333333332,"Quốc Lộ 70, Xã Tây Cốc, Tỉnh Phú Thọ",0.0,2.0,1,0,-0.19999999999998863,-0.09999999999999432,411.2,1.4272350892586165,5.0,1,Moving,0,0,0,0,0,VALID,VALID
21C-04064,2026-08-17 09:16:00,408.8,22.0,0.03333333333333333,"Quốc Lộ 70, Xã Tây Cốc, Tỉnh Phú Thọ",0.0,2.0,1,0,-0.30000000000001137,-0.15000000000000568,409.3,1.2381437719464707,5.0,1,Moving,0,0,0,0,0,VALID,VALID
21C-04064,2026-08-17 09:18:00,407.6,29.0,0.058333333333333334,"Quốc Lộ 70, Xã Tây Cốc, Tỉnh Phú Thọ",0.0,2.0,1,0,-1.1999999999999886,-0.5999999999999943,409.1,1.2980754985779892,5.0,1,Moving,0,0,0,0,0,VALID,VALID
21C-04064,2026-08-17 09:20:00,406.7,42.0,0.10833333333333334,"Quốc Lộ 70, Xã Tây Cốc, Tỉnh Phú Thọ",0.0,2.0,1,0,-0.9000000000000341,-0.45000000000001705,408.8,1.1113055385477804,5.0,1,Moving,0,0,0,0,0,VALID,VALID
21C-04064,2026-08-17 09:22:00,406.4,33.0,-0.075,"Quốc Lộ 70, Xã Đoan Hùng, Tỉnh Phú Thọ",0.0,2.0,1,0,-0.30000000000001137,-0.15000000000000568,407.6,1.211197754293664,5.0,1,Moving,0,0,0,0,0,VALID,VALID
21C-04064,2026-08-17 09:24:00,405.2,25.0,-0.06666666666666667,"Quốc Lộ 70, Xã Đoan Hùng, Tỉnh Phú Thọ",0.0,2.0,1,0,-1.1999999999999886,-0.5999999999999943,406.7,1.3483323032564205,5.0,1,Moving,0,0,0,0,0,VALID,VALID
21C-04064,2026-08-17 09:26:00,404.3,51.0,0.21666666666666667,"Cao tốc Tuyên Quang-Phú Thọ, Xã Đoan Hùng, Tỉnh Phú Thọ",0.0,2.0,1,0,-0.8999999999999773,-0.44999999999998863,406.4,1.297304898627671,5.0,1,Moving,0,0,0,0,0,VALID,VALID
21C-04064,2026-08-17 09:28:00,403.0,58.0,0.058333333333333334,"Cao tốc Tuyên Quang-Phú Thọ, Xã Chí Đám, Tỉnh Phú Thọ",0.0,2.0,1,0,-1.3000000000000114,-0.6500000000000057,405.2,1.5254507530569201,5.0,1,Moving,0,0,0,0,0,VALID,VALID
21C-04064,2026-08-17 09:30:00,402.7,61.0,0.025,"Cao tốc Tuyên Quang-Phú Thọ, Xã Chí Đám, Tỉnh Phú Thọ",0.0,2.0,1,0,-0.30000000000001137,-0.15000000000000568,404.3,1.5385057685951977,5.0,1,Moving,0,0,0,0,0,VALID,VALID
21C-04064,2026-08-17 09:32:00,401.5,54.0,-0.058333333333333334,"Cao tốc Tuyên Quang-Phú Thọ, Xã Chí Đám, Tỉnh Phú Thọ",0.0,2.0,1,0,-1.1999999999999886,-0.5999999999999943,403.0,1.43979165159379,5.0,1,Moving,0,0,0,0,0,VALID,VALID
21C-04064,2026-08-17 09:34:00,401.4,13.0,-0.3416666666666667,"Cao tốc Tuyên Quang-Phú Thọ, Xã Nhữ Khê, Tỉnh Tuyên Quang",0.0,2.0,1,0,-0.10000000000002274,-0.05000000000001137,402.7,1.194571052720591,5.0,1,Moving,0,0,0,0,0,VALID,VALID
21C-04064,2026-08-17 09:36:00,403.0,54.0,0.3416666666666667,"Cao tốc Tuyên Quang-Phú Thọ, Xã Nhữ Khê, Tỉnh Tuyên Quang",0.0,2.0,1,0,1.6000000000000227,0.8000000000000114,402.7,0.8043631020860834,5.0,1,Moving,0,0,0,0,0,VALID,VALID
21C-04064,2026-08-17 09:38:00,397.4,28.0,-0.21666666666666667,"Xã Nhữ Khê, Tỉnh Tuyên Quang",0.0,2.0,1,0,-5.600000000000023,-2.8000000000000114,401.5,2.239419567654929,5.0,1,Moving,0,0,0,0,0,VALID,VALID
21C-04064,2026-08-17 09:40:00,397.4,29.0,0.008333333333333333,"Tỉnh Lộ 186, Xã Nhữ Khê, Tỉnh Tuyên Quang",0.0,2.0,1,0,0.0,0.0,401.4,2.5803100588871355,5.0,1,Moving,0,0,0,0,0,VALID,VALID
21C-04064,2026-08-17 09:42:00,397.4,28.0,-0.008333333333333333,"Tỉnh Lộ 186, Xã Nhữ Khê, Tỉnh Tuyên Quang",0.0,2.0,1,0,0.0,0.0,397.4,2.6892378102341308,5.0,1,Moving,0,0,0,0,0,VALID,VALID
21C-04064,2026-08-17 09:44:00,394.4,29.0,0.008333333333333333,"Tỉnh Lộ 186, Xã Nhữ Khê, Tỉnh Tuyên Quang",0.0,2.0,1,0,-3.0,-1.5,397.4,3.1228192390836127,5.0,1,Moving,0,0,0,0,0,VALID,VALID
21C-04064,2026-08-17 09:46:00,393.3,11.0,-0.15,"Tỉnh Lộ 186, Phường Bình Thuận, Tỉnh Tuyên Quang",0.0,2.0,1,0,-1.099999999999966,-0.549999999999983,397.4,1.9829271292681896,5.0,1,Moving,0,0,0,0,0,VALID,VALID
21C-04064,2026-08-17 09:48:00,392.1,26.0,0.125,"Quốc Lộ 2, Phường Bình Thuận, Tỉnh Tuyên Quang",0.0,2.0,1,0,-1.1999999999999886,-0.5999999999999943,394.4,2.405618423604661,5.0,1,Moving,0,0,0,0,0,VALID,VALID
21C-04064,2026-08-17 09:50:00,393.3,49.0,0.19166666666666668,"Quốc Lộ 2, Phường Bình Thuận, Tỉnh Tuyên Quang",0.0,2.0,1,0,1.1999999999999886,0.5999999999999943,393.3,2.016184515361871,5.0,1,Moving,0,0,0,0,0,VALID,VALID
21C-04064,2026-08-17 09:52:00,392.0,43.0,-0.05,"Quốc Lộ 2, Phường Bình Thuận, Tỉnh Tuyên Quang",0.0,2.0,1,0,-1.3000000000000114,-0.6500000000000057,393.3,0.993478736553226,5.0,1,Moving,0,0,0,0,0,VALID,VALID
21C-04064,2026-08-17 09:54:00,390.8,48.0,0.041666666666666664,"Tỉnh Lộ 186, Phường Bình Thuận, Tỉnh Tuyên Quang",0.0,2.0,1,0,-1.1999999999999886,-0.5999999999999943,392.1,1.0464224768143908,5.0,1,Moving,0,0,0,0,0,VALID,VALID
21C-04064,2026-08-17 09:56:00,391.1,56.0,0.06666666666666667,"Tỉnh Lộ 186, Phường Bình Thuận, Tỉnh Tuyên Quang",0.0,2.0,1,0,0.30000000000001137,0.15000000000000568,392.0,0.9813256340184547,5.0,1,Moving,0,0,0,0,0,VALID,VALID
21C-04064,2026-08-17 09:58:00,390.9,37.0,-0.15833333333333333,"Tỉnh Lộ 186, Phường Bình Thuận, Tỉnh Tuyên Quang",0.0,2.0,1,0,-0.20000000000004547,-0.10000000000002274,391.1,1.0521406749961648,5.0,1,Moving,0,0,0,0,0,VALID,VALID
21C-04064,2026-08-17 10:00:00,389.8,0.0,-0.30833333333333335,"Xã Bình Ca, Tỉnh Tuyên Quang",0.0,2.0,1,0,-1.099999999999966,-0.549999999999983,390.9,0.7854934754537383,5.0,1,Stopped,0,0,0,0,0,VALID,VALID
21C-04064,2026-08-17 10:02:00,388.2,0.0,0.0,"Xã Bình Ca, Tỉnh Tuyên Quang",0.0,2.0,1,0,-1.6000000000000227,-0.8000000000000114,390.8,1.2054044964157675,5.0,1,Stopped,0,0,0,0,0,VALID,VALID
21C-04064,2026-08-17 10:04:00,388.3,0.0,0.0,"Xã Bình Ca, Tỉnh Tuyên Quang",0.0,2.0,1,0,0.10000000000002274,0.05000000000001137,389.8,1.379492660356936,5.0,1,Stopped,0,0,0,0,0,VALID,VALID
21C-04064,2026-08-17 10:06:00,388.5,0.0,0.0,"Xã Bình Ca, Tỉnh Tuyên Quang",0.0,2.0,1,0,0.19999999999998863,0.09999999999999432,388.5,1.1760102040279836,5.0,1,Stopped,0,0,0,0,0,VALID,VALID
21C-04064,2026-08-17 10:08:00,388.5,0.0,0.0,"Xã Bình Ca, Tỉnh Tuyên Quang",0.0,2.0,1,0,0.0,0.0,388.5,0.650384501642946,5.0,1,Stopped,0,0,0,0,0,VALID,VALID
21C-04064,2026-08-17 10:10:00,388.6,0.0,0.0,"Xã Bình Ca, Tỉnh Tuyên Quang",0.0,2.0,1,0,0.10000000000002274,0.05000000000001137,388.5,0.16431676718169336,5.0,1,Stopped,0,0,0,0,0,VALID,VALID
21C-04064,2026-08-17 10:12:00,388.6,26.0,0.21666666666666667,"Xã Bình Ca, Tỉnh Tuyên Quang",0.0,2.0,1,0,0.0,0.0,388.5,0.12247448704583,5.0,1,Moving,0,0,0,0,0,VALID,VALID
21C-04064,2026-08-17 10:14:00,388.8,11.0,-0.125,"Xã Bình Ca, Tỉnh Tuyên Quang",0.0,2.0,1,0,0.19999999999998863,0.09999999999999432,388.6,0.12247448704629413,5.0,1,Moving,0,0,0,0,0,VALID,VALID
21C-04064,2026-08-17 10:16:00,387.7,0.0,-0.09166666666666666,"Xã Bình Ca, Tỉnh Tuyên Quang",0.0,2.0,1,0,-1.1000000000000227,-0.5500000000000114,388.6,0.42778499269735315,5.0,1,Stopped,0,0,0,0,0,VALID,VALID
21C-04064,2026-08-17 10:18:00,387.7,0.0,0.0,"Xã Bình Ca, Tỉnh Tuyên Quang",0.0,2.0,1,0,0.0,0.0,388.6,0.5357238094175985,5.0,1,Stopped,0,0,0,0,0,VALID,VALID
21C-04064,2026-08-17 10:20:00,387.4,0.0,0.0,"Xã Bình Ca, Tỉnh Tuyên Quang",0.0,2.0,1,0,-0.30000000000001137,-0.15000000000000568,387.7,0.6188699378517691,5.0,1,Stopped,0,0,0,0,0,VALID,VALID
21C-04064,2026-08-17 10:22:00,387.3,0.0,0.0,"Xã Bình Ca, Tỉnh Tuyên Quang",0.0,2.0,1,0,-0.0999999999999659,-0.04999999999998295,387.7,0.5974947698318067,5.0,1,Stopped,0,0,0,0,0,VALID,VALID
21C-04064,2026-08-17 10:24:00,387.0,0.0,0.0,"Xã Bình Ca, Tỉnh Tuyên Quang",0.0,2.0,1,0,-0.30000000000001137,-0.15000000000000568,387.4,0.29495762403432063,5.0,1,Stopped,0,0,0,0,0,VALID,VALID
21C-04064,2026-08-17 10:26:00,386.8,0.0,0.0,"Xã Bình Ca, Tỉnh Tuyên Quang",0.0,2.0,1,0,-0.19999999999998863,-0.09999999999999432,387.3,0.35071355830046363,5.0,1,Stopped,0,0,0,0,0,VALID,VALID
21C-04064,2026-08-17 10:28:00,386.7,0.0,0.0,"Xã Bình Ca, Tỉnh Tuyên Quang",0.0,2.0,1,0,-0.10000000000002274,-0.05000000000001137,387.0,0.30495901359945726,5.0,1,Stopped,0,0,0,0,0,VALID,VALID
21C-04064,2026-08-17 10:30:00,386.5,0.0,0.0,"Xã Bình Ca, Tỉnh Tuyên Quang",0.0,2.0,1,0,-0.19999999999998863,-0.09999999999999432,386.8,0.30495901359914895,5.0,1,Stopped,0,0,0,0,0,VALID,VALID
21C-04064,2026-08-17 10:32:00,386.4,0.0,0.0,"Xã Bình Ca, Tỉnh Tuyên Quang",0.0,2.0,1,0,-0.10000000000002274,-0.05000000000001137,386.7,0.23874672767425426,5.0,1,Stopped,0,0,0,0,0,VALID,VALID
21C-04064,2026-08-17 10:34:00,386.2,0.0,0.0,"Xã Bình Ca, Tỉnh Tuyên Quang",0.0,2.0,1,0,-0.19999999999998863,-0.09999999999999432,386.5,0.23874672767389474,5.0,1,Stopped,0,0,0,0,0,VALID,VALID
21C-04064,2026-08-17 10:36:00,386.1,0.0,0.0,"Xã Bình Ca, Tỉnh Tuyên Quang",0.0,2.0,1,0,-0.0999999999999659,-0.04999999999998295,386.4,0.23874672767358016,5.0,1,Stopped,0,0,0,0,0,VALID,VALID
21C-04064,2026-08-17 10:38:00,385.9,0.0,0.0,"Xã Bình Ca, Tỉnh Tuyên Quang",0.0,2.0,1,0,-0.20000000000004547,-0.10000000000002274,386.2,0.23874672767325159,5.0,1,Stopped,0,0,0,0,0,VALID,VALID
21C-04064,2026-08-17 10:40:00,385.7,0.0,0.0,"Xã Bình Ca, Tỉnh Tuyên Quang",0.0,2.0,1,0,-0.19999999999998863,-0.09999999999999432,386.1,0.27018512167496245,5.0,1,Stopped,0,0,0,0,0,VALID,VALID
21C-04064,2026-08-17 10:42:00,385.6,0.0,0.0,"Xã Bình Ca, Tỉnh Tuyên Quang",0.0,2.0,1,0,-0.0999999999999659,-0.04999999999998295,385.9,0.25495097562931573,5.0,1,Stopped,0,0,0,0,0,VALID,VALID
21C-04064,2026-08-17 10:44:00,385.4,0.0,0.0,"Xã Bình Ca, Tỉnh Tuyên Quang",0.0,2.0,1,0,-0.20000000000004547,-0.10000000000002274,385.7,0.270185121674336,5.0,1,Stopped,0,0,0,0,0,VALID,VALID
21C-04064,2026-08-17 10:46:00,385.3,0.0,0.0,"Xã Bình Ca, Tỉnh Tuyên Quang",0.0,2.0,1,0,-0.0999999999999659,-0.04999999999998295,385.6,0.23874672767178076,5.0,1,Stopped,0,0,0,0,0,VALID,VALID
21C-04064,2026-08-17 10:48:00,385.1,0.0,0.0,"Xã Bình Ca, Tỉnh Tuyên Quang",0.0,2.0,1,0,-0.19999999999998863,-0.09999999999999432,385.4,0.23874672767139982,5.0,1,Stopped,0,0,0,0,0,VALID,VALID
21C-04064,2026-08-17 10:50:00,385.0,0.0,0.0,"Xã Bình Ca, Tỉnh Tuyên Quang",0.0,2.0,1,0,-0.10000000000002274,-0.05000000000001137,385.3,0.23874672767108523,5.0,1,Stopped,0,0,0,0,0,VALID,VALID
21C-04064,2026-08-17 10:52:00,385.0,41.0,0.3416666666666667,"Xã Bình Ca, Tỉnh Tuyên Quang",0.0,2.0,1,0,0.0,0.0,385.1,0.18165902117296703,5.0,1,Moving,0,0,0,0,0,VALID,VALID
21C-04064,2026-08-17 10:55:00,384.2,0.0,-0.22777777777777777,"Xã Bình Ca, Tỉnh Tuyên Quang",0.0,3.0,1,0,-0.8000000000000114,-0.26666666666667044,385.0,0.42071367932748066,5.0,1,Stopped,0,0,0,0,0,VALID,VALID
21C-04064,2026-08-17 10:56:00,384.2,0.0,0.0,"Xã Bình Ca, Tỉnh Tuyên Quang",0.0,1.0,1,0,0.0,0.0,385.0,0.4582575694661637,5.0,1,Stopped,0,0,0,0,0,VALID,VALID
21C-04064,2026-08-17 10:58:00,384.4,0.0,0.0,"Xã Bình Ca, Tỉnh Tuyên Quang",0.0,2.0,1,0,0.19999999999998863,0.09999999999999432,384.4,0.40987803060530414,5.0,1,Stopped,0,0,0,0,0,VALID,VALID
21C-04064,2026-08-17 11:00:00,384.5,0.0,0.0,"Tỉnh Lộ 186, Xã Bình Ca, Tỉnh Tuyên Quang",0.0,2.0,1,0,0.10000000000002274,0.05000000000001137,384.4,0.32863353446166804,5.0,1,Stopped,0,0,0,0,0,VALID,VALID
21C-04064,2026-08-17 11:02:00,384.2,0.0,0.0,"Tỉnh Lộ 186, Xã Bình Ca, Tỉnh Tuyên Quang",0.0,2.0,1,0,-0.30000000000001137,-0.15000000000000568,384.2,0.1414213561403729,5.0,1,Stopped,0,0,0,0,0,VALID,VALID
21C-04064,2026-08-17 11:04:00,385.7,53.0,0.44166666666666665,"Tỉnh Lộ 186, Phường Bình Thuận, Tỉnh Tuyên Quang",0.0,2.0,1,0,1.5,0.75,384.4,0.6284902544772621,5.0,1,Moving,0,0,0,0,0,VALID,VALID
21C-04064,2026-08-17 11:06:00,383.9,50.0,-0.025,"Tỉnh Lộ 186, Phường Bình Thuận, Tỉnh Tuyên Quang",0.0,2.0,1,0,-1.8000000000000114,-0.9000000000000057,384.4,0.6877499545422269,5.0,1,Moving,0,0,0,0,0,VALID,VALID
21C-04064,2026-08-17 11:08:00,383.8,39.0,-0.09166666666666666,"Tỉnh Lộ 186, Phường Bình Thuận, Tỉnh Tuyên Quang",0.0,2.0,1,0,-0.0999999999999659,-0.04999999999998295,384.2,0.7661592523573024,5.0,1,Moving,0,0,0,0,0,VALID,VALID
21C-04064,2026-08-17 11:10:00,382.9,0.0,-0.325,"Quốc Lộ 2, Phường Bình Thuận, Tỉnh Tuyên Quang",0.0,2.0,1,0,-0.9000000000000341,-0.45000000000001705,383.9,1.0173494974552117,5.0,1,Stopped,0,0,0,0,0,VALID,VALID
21C-04064,2026-08-17 11:12:00,383.0,47.0,0.39166666666666666,"Quốc Lộ 2, Phường Bình Thuận, Tỉnh Tuyên Quang",0.0,2.0,1,0,0.10000000000002274,0.05000000000001137,383.8,1.1238327277544977,5.0,1,Moving,0,0,0,0,0,VALID,VALID
21C-04064,2026-08-17 11:14:00,382.9,43.0,-0.03333333333333333,"Quốc Lộ 2, Phường Bình Thuận, Tỉnh Tuyên Quang",0.0,2.0,1,0,-0.10000000000002274,-0.05000000000001137,383.0,0.5049752468899081,5.0,1,Moving,0,0,0,0,0,VALID,VALID
21C-04064,2026-08-17 11:16:00,381.0,36.0,-0.058333333333333334,"Quốc Lộ 2, Xã Nhữ Khê, Tỉnh Tuyên Quang",0.0,2.0,1,0,-1.8999999999999773,-0.9499999999999886,382.9,1.0329569206752567,5.0,1,Moving,0,0,0,0,0,VALID,VALID
21C-04064,2026-08-17 11:18:00,379.7,41.0,0.041666666666666664,"Quốc Lộ 2, Xã Nhữ Khê, Tỉnh Tuyên Quang",0.0,2.0,1,0,-1.3000000000000114,-0.6500000000000057,382.9,1.488287606603661,5.0,1,Moving,0,0,0,0,0,VALID,VALID
21C-04064,2026-08-17 11:20:00,380.3,43.0,0.016666666666666666,"Quốc Lộ 2, Xã Nhữ Khê, Tỉnh Tuyên Quang",0.0,2.0,1,0,0.6000000000000227,0.30000000000001137,381.0,1.5056560031991086,5.0,1,Moving,0,0,0,0,0,VALID,VALID
21C-04064,2026-08-17 11:22:00,379.2,41.0,-0.016666666666666666,"Quốc Lộ 2, Xã Nhữ Khê, Tỉnh Tuyên Quang",0.0,2.0,1,0,-1.1000000000000227,-0.5500000000000114,380.3,1.441180072013478,5.0,1,Moving,0,0,0,0,0,VALID,VALID
21C-04064,2026-08-17 11:24:00,379.1,36.0,-0.041666666666666664,"Quốc Lộ 2, Xã Chí Đám, Tỉnh Phú Thọ",0.0,2.0,1,0,-0.0999999999999659,-0.04999999999998295,379.7,0.7956129712165593,5.0,1,Moving,0,0,0,0,0,VALID,VALID
21C-04064,2026-08-17 11:26:00,379.1,45.0,0.075,"Quốc Lộ 2, Xã Chí Đám, Tỉnh Phú Thọ",0.0,2.0,1,0,0.0,0.0,379.2,0.5215361923852242,5.0,1,Moving,0,0,0,0,0,VALID,VALID
21C-04064,2026-08-17 11:29:00,377.3,0.0,-0.25,"Quốc Lộ 2, Xã Chí Đám, Tỉnh Phú Thọ",0.0,3.0,1,0,-1.8000000000000114,-0.6000000000000038,379.1,1.0770329614116694,5.0,1,Stopped,0,0,0,0,0,VALID,VALID
21C-04064,2026-08-17 11:31:00,377.4,0.0,0.0,"Quốc Lộ 2, Xã Chí Đám, Tỉnh Phú Thọ",0.0,2.0,1,0,0.0999999999999659,0.04999999999998295,379.1,0.9782637680945879,5.0,1,Stopped,0,0,0,0,0,VALID,VALID
21C-04064,2026-08-17 11:33:00,377.6,0.0,0.0,"Quốc Lộ 2, Xã Chí Đám, Tỉnh Phú Thọ",0.0,2.0,1,0,0.20000000000004547,0.10000000000002274,377.6,0.9192388155241881,5.0,1,Stopped,0,0,0,0,0,VALID,VALID
21C-04064,2026-08-17 11:36:00,377.6,0.0,0.0,"Quốc Lộ 2, Xã Chí Đám, Tỉnh Phú Thọ",0.0,3.0,1,0,0.0,0.0,377.6,0.7382411529886483,5.0,1,Stopped,0,0,0,0,0,VALID,VALID
21C-04064,2026-08-17 11:38:00,377.7,0.0,0.0,"Quốc Lộ 2, Xã Chí Đám, Tỉnh Phú Thọ",0.0,2.0,1,0,0.0999999999999659,0.04999999999998295,377.6,0.16431676714724086,5.0,1,Stopped,0,0,0,0,0,VALID,VALID
21C-04064,2026-08-17 11:40:00,377.7,0.0,0.0,"Quốc Lộ 2, Xã Chí Đám, Tỉnh Phú Thọ",0.0,2.0,1,0,0.0,0.0,377.6,0.12247448699955955,5.0,1,Stopped,0,0,0,0,0,VALID,VALID
21C-04064,2026-08-17 11:42:00,377.7,0.0,0.0,"Quốc Lộ 2, Xã Chí Đám, Tỉnh Phú Thọ",0.0,2.0,1,0,0.0,0.0,377.7,0.054772255438925464,5.0,1,Stopped,0,0,0,0,0,VALID,VALID
21C-04064,2026-08-17 11:44:00,377.7,0.0,0.0,"Quốc Lộ 2, Xã Chí Đám, Tỉnh Phú Thọ",0.0,2.0,1,0,0.0,0.0,377.7,0.04472135916862924,5.0,1,Stopped,0,0,0,0,0,VALID,VALID
21C-04064,2026-08-17 11:46:00,377.7,0.0,0.0,"Quốc Lộ 2, Xã Chí Đám, Tỉnh Phú Thọ",0.0,2.0,1,0,0.0,0.0,377.7,0.0,5.0,1,Stopped,0,0,0,0,0,VALID,VALID
21C-04064,2026-08-17 11:49:00,377.7,0.0,0.0,"Quốc Lộ 2, Xã Chí Đám, Tỉnh Phú Thọ",0.0,3.0,1,0,0.0,0.0,377.7,0.0,5.0,1,Stopped,0,0,0,0,0,VALID,VALID
21C-04064,2026-08-17 11:51:00,377.7,0.0,0.0,"Quốc Lộ 2, Xã Chí Đám, Tỉnh Phú Thọ",0.0,2.0,1,0,0.0,0.0,377.7,0.0,5.0,1,Stopped,0,0,0,0,0,VALID,VALID
21C-04064,2026-08-17 11:53:00,377.7,0.0,0.0,"Quốc Lộ 2, Xã Chí Đám, Tỉnh Phú Thọ",0.0,2.0,1,0,0.0,0.0,377.7,0.0,5.0,1,Stopped,0,0,0,0,0,VALID,VALID
21C-04064,2026-08-17 11:55:00,377.7,0.0,0.0,"Quốc Lộ 2, Xã Chí Đám, Tỉnh Phú Thọ",0.0,2.0,1,0,0.0,0.0,377.7,0.0,5.0,1,Stopped,0,0,0,0,0,VALID,VALID
21C-04064,2026-08-17 11:57:00,377.7,0.0,0.0,"Quốc Lộ 2, Xã Chí Đám, Tỉnh Phú Thọ",0.0,2.0,1,0,0.0,0.0,377.7,0.0,5.0,1,Stopped,0,0,0,0,0,VALID,VALID
21C-04064,2026-08-17 12:00:00,377.7,0.0,0.0,"Quốc Lộ 2, Xã Chí Đám, Tỉnh Phú Thọ",0.0,3.0,1,0,0.0,0.0,377.7,0.0,5.0,1,Stopped,0,0,0,0,0,VALID,VALID
21C-04064,2026-08-17 12:02:00,377.7,0.0,0.0,"Quốc Lộ 2, Xã Chí Đám, Tỉnh Phú Thọ",0.0,2.0,1,0,0.0,0.0,377.7,0.0,5.0,1,Stopped,0,0,0,0,0,VALID,VALID
21C-04064,2026-08-17 12:04:00,377.7,0.0,0.0,"Quốc Lộ 2, Xã Chí Đám, Tỉnh Phú Thọ",0.0,2.0,1,0,0.0,0.0,377.7,0.0,5.0,1,Stopped,0,0,0,0,0,VALID,VALID
21C-04064,2026-08-17 12:06:00,377.7,0.0,0.0,"Quốc Lộ 2, Xã Chí Đám, Tỉnh Phú Thọ",0.0,2.0,1,0,0.0,0.0,377.7,0.0,5.0,1,Stopped,0,0,0,0,0,VALID,VALID
21C-04064,2026-08-17 12:08:00,377.7,0.0,0.0,"Quốc Lộ 2, Xã Chí Đám, Tỉnh Phú Thọ",0.0,2.0,1,0,0.0,0.0,377.7,0.0,5.0,1,Stopped,0,0,0,0,0,VALID,VALID
21C-04064,2026-08-17 12:10:00,377.7,0.0,0.0,"Quốc Lộ 2, Xã Chí Đám, Tỉnh Phú Thọ",0.0,2.0,1,0,0.0,0.0,377.7,0.0,5.0,1,Stopped,0,0,0,0,0,VALID,VALID
21C-04064,2026-08-17 12:13:00,377.7,0.0,0.0,"Quốc Lộ 2, Xã Chí Đám, Tỉnh Phú Thọ",0.0,3.0,1,0,0.0,0.0,377.7,0.0,5.0,1,Stopped,0,0,0,0,0,VALID,VALID
21C-04064,2026-08-17 12:15:00,377.7,0.0,0.0,"Quốc Lộ 2, Xã Chí Đám, Tỉnh Phú Thọ",0.0,2.0,1,0,0.0,0.0,377.7,0.0,5.0,1,Stopped,0,0,0,0,0,VALID,VALID
21C-04064,2026-08-17 12:17:00,377.7,0.0,0.0,"Quốc Lộ 2, Xã Chí Đám, Tỉnh Phú Thọ",0.0,2.0,1,0,0.0,0.0,377.7,0.0,5.0,1,Stopped,0,0,0,0,0,VALID,VALID
21C-04064,2026-08-17 12:19:00,377.7,0.0,0.0,"Quốc Lộ 2, Xã Chí Đám, Tỉnh Phú Thọ",0.0,2.0,1,0,0.0,0.0,377.7,0.0,5.0,1,Stopped,0,0,0,0,0,VALID,VALID
21C-04064,2026-08-17 12:22:00,377.7,0.0,0.0,"Quốc Lộ 2, Xã Chí Đám, Tỉnh Phú Thọ",0.0,3.0,1,0,0.0,0.0,377.7,0.0,5.0,1,Stopped,0,0,0,0,0,VALID,VALID
21C-04064,2026-08-17 12:24:00,377.7,0.0,0.0,"Quốc Lộ 2, Xã Chí Đám, Tỉnh Phú Thọ",0.0,2.0,1,0,0.0,0.0,377.7,0.0,5.0,1,Stopped,0,0,0,0,0,VALID,VALID
21C-04064,2026-08-17 12:26:00,377.7,0.0,0.0,"Quốc Lộ 2, Xã Chí Đám, Tỉnh Phú Thọ",0.0,2.0,1,0,0.0,0.0,377.7,0.0,5.0,1,Stopped,0,0,0,0,0,VALID,VALID
21C-04064,2026-08-17 12:28:00,377.7,0.0,0.0,"Quốc Lộ 2, Xã Chí Đám, Tỉnh Phú Thọ",0.0,2.0,1,0,0.0,0.0,377.7,0.0,5.0,1,Stopped,0,0,0,0,0,VALID,VALID
21C-04064,2026-08-17 12:30:00,377.7,0.0,0.0,"Quốc Lộ 2, Xã Chí Đám, Tỉnh Phú Thọ",0.0,2.0,1,0,0.0,0.0,377.7,0.0,5.0,1,Stopped,0,0,0,0,0,VALID,VALID
21C-04064,2026-08-17 12:32:00,377.7,0.0,0.0,"Quốc Lộ 2, Xã Chí Đám, Tỉnh Phú Thọ",0.0,2.0,1,0,0.0,0.0,377.7,0.0,5.0,1,Stopped,0,0,0,0,0,VALID,VALID
21C-04064,2026-08-17 12:35:00,377.7,0.0,0.0,"Quốc Lộ 2, Xã Chí Đám, Tỉnh Phú Thọ",0.0,3.0,1,0,0.0,0.0,377.7,0.0,5.0,1,Stopped,0,0,0,0,0,VALID,VALID
21C-04064,2026-08-17 12:37:00,377.7,0.0,0.0,"Quốc Lộ 2, Xã Chí Đám, Tỉnh Phú Thọ",0.0,2.0,1,0,0.0,0.0,377.7,0.0,5.0,1,Stopped,0,0,0,0,0,VALID,VALID
21C-04064,2026-08-17 12:39:00,377.7,0.0,0.0,"Quốc Lộ 2, Xã Chí Đám, Tỉnh Phú Thọ",0.0,2.0,1,0,0.0,0.0,377.7,0.0,5.0,1,Stopped,0,0,0,0,0,VALID,VALID
21C-04064,2026-08-17 12:41:00,377.7,0.0,0.0,"Quốc Lộ 2, Xã Chí Đám, Tỉnh Phú Thọ",0.0,2.0,1,0,0.0,0.0,377.7,0.0,5.0,1,Stopped,0,0,0,0,0,VALID,VALID
21C-04064,2026-08-17 12:43:00,377.7,0.0,0.0,"Quốc Lộ 2, Xã Chí Đám, Tỉnh Phú Thọ",0.0,2.0,1,0,0.0,0.0,377.7,0.0,5.0,1,Stopped,0,0,0,0,0,VALID,VALID
21C-04064,2026-08-17 12:46:00,377.7,0.0,0.0,"Quốc Lộ 2, Xã Chí Đám, Tỉnh Phú Thọ",0.0,3.0,1,0,0.0,0.0,377.7,0.0,5.0,1,Stopped,0,0,0,0,0,VALID,VALID
21C-04064,2026-08-17 12:48:00,377.7,0.0,0.0,"Quốc Lộ 2, Xã Chí Đám, Tỉnh Phú Thọ",0.0,2.0,1,0,0.0,0.0,377.7,0.0,5.0,1,Stopped,0,0,0,0,0,VALID,VALID
21C-04064,2026-08-17 12:50:00,377.7,0.0,0.0,"Quốc Lộ 2, Xã Chí Đám, Tỉnh Phú Thọ",0.0,2.0,1,0,0.0,0.0,377.7,0.0,5.0,1,Stopped,0,0,0,0,0,VALID,VALID
21C-04064,2026-08-17 12:52:00,377.6,0.0,0.0,"Quốc Lộ 2, Xã Chí Đám, Tỉnh Phú Thọ",0.0,2.0,1,0,-0.0999999999999659,-0.04999999999998295,377.7,0.04472135916862924,5.0,1,Stopped,0,0,0,0,0,VALID,VALID
21C-04064,2026-08-17 12:54:00,377.6,34.0,0.2833333333333333,"Quốc Lộ 2, Xã Chí Đám, Tỉnh Phú Thọ",0.0,2.0,1,0,0.0,0.0,377.7,0.054772255438925464,5.0,1,Moving,0,0,0,0,0,VALID,VALID
21C-04064,2026-08-17 12:56:00,378.6,40.0,0.05,"Quốc Lộ 2, Xã Đoan Hùng, Tỉnh Phú Thọ",0.0,2.0,1,0,1.0,0.5,377.7,0.42778499268448883,5.0,1,Moving,0,0,0,0,0,VALID,VALID
21C-04064,2026-08-17 12:58:00,377.7,35.0,-0.041666666666666664,"Quốc Lộ 2, Xã Đoan Hùng, Tỉnh Phú Thọ",0.0,2.0,1,0,-0.9000000000000341,-0.45000000000001705,377.7,0.42778499268448883,5.0,1,Moving,0,0,0,0,0,VALID,VALID
21C-04064,2026-08-17 13:00:00,377.6,0.0,-0.2916666666666667,"Quốc Lộ 2, Xã Đoan Hùng, Tỉnh Phú Thọ",0.0,2.0,1,0,-0.0999999999999659,-0.04999999999998295,377.6,0.43817804596538706,5.0,1,Stopped,0,0,0,0,0,VALID,VALID
21C-04064,2026-08-17 13:02:00,377.1,30.0,0.25,"Quốc Lộ 70, Xã Đoan Hùng, Tỉnh Phú Thọ",0.0,2.0,1,0,-0.5,-0.25,377.6,0.5449770637062936,5.0,1,Moving,0,0,0,0,0,VALID,VALID
21C-04064,2026-08-17 13:04:00,375.3,0.0,-0.25,"Quốc Lộ 70, Xã Đoan Hùng, Tỉnh Phú Thọ",0.0,2.0,1,0,-1.8000000000000114,-0.9000000000000057,377.6,1.221883791514313,5.0,1,Stopped,0,0,0,0,0,VALID,VALID
21C-04064,2026-08-17 13:06:00,372.4,0.0,0.0,"Quốc Lộ 70, Xã Đoan Hùng, Tỉnh Phú Thọ",0.0,2.0,1,0,-2.900000000000034,-1.450000000000017,377.1,2.2420972324954893,5.0,1,Stopped,0,0,0,0,0,VALID,VALID
21C-04064,2026-08-17 13:08:00,372.1,0.0,0.0,"Quốc Lộ 70, Xã Đoan Hùng, Tỉnh Phú Thọ",0.0,2.0,1,0,-0.2999999999999545,-0.14999999999997726,375.3,2.5680732076719632,5.0,1,Stopped,0,0,0,0,0,VALID,VALID
21C-04064,2026-08-17 13:10:00,373.0,29.0,0.24166666666666667,"Cao tốc Tuyên Quang-Phú Thọ, Xã Đoan Hùng, Tỉnh Phú Thọ",0.0,2.0,1,0,0.8999999999999773,0.44999999999998863,373.0,2.1487205495274213,5.0,1,Moving,0,0,0,0,0,VALID,VALID
21C-04064,2026-08-17 13:12:00,374.1,46.0,0.14166666666666666,"Quốc Lộ 70, Xã Đoan Hùng, Tỉnh Phú Thọ",0.0,2.0,1,0,1.1000000000000227,0.5500000000000114,373.0,1.3179529581743974,5.0,1,Moving,0,0,0,0,0,VALID,VALID
21C-04064,2026-08-17 13:14:00,375.1,46.0,0.0,"Quốc Lộ 70, Xã Tây Cốc, Tỉnh Phú Thọ",0.0,2.0,1,0,1.0,0.5,373.0,1.2461942063581481,5.0,1,Moving,0,0,0,0,0,VALID,VALID
21C-04064,2026-08-17 13:16:00,375.0,42.0,-0.03333333333333333,"Quốc Lộ 70, Xã Tây Cốc, Tỉnh Phú Thọ",0.0,2.0,1,0,-0.10000000000002274,-0.05000000000001137,374.1,1.2973048986114517,5.0,1,Moving,0,0,0,0,0,VALID,VALID
21C-04064,2026-08-17 13:18:00,374.1,41.0,-0.008333333333333333,"Quốc Lộ 70, Xã Bằng Luân, Tỉnh Phú Thọ",0.0,2.0,1,0,-0.8999999999999773,-0.44999999999998863,374.1,0.8502940667567813,5.0,1,Moving,0,0,0,0,0,VALID,VALID
21C-04064,2026-08-17 13:20:00,373.9,47.0,0.05,"Quốc Lộ 70, Xã Tây Cốc, Tỉnh Phú Thọ",0.0,2.0,1,0,-0.20000000000004547,-0.10000000000002274,374.1,0.5639148871611765,5.0,1,Moving,0,0,0,0,0,VALID,VALID
21C-04064,2026-08-17 13:22:00,373.6,40.0,-0.058333333333333334,"Quốc Lộ 70, Xã Tây Cốc, Tỉnh Phú Thọ",0.0,2.0,1,0,-0.2999999999999545,-0.14999999999997726,374.1,0.6730527467902317,5.0,1,Moving,0,0,0,0,0,VALID,VALID
21C-04064,2026-08-17 13:24:00,373.3,47.0,0.058333333333333334,"Quốc Lộ 70, Xã Tây Cốc, Tỉnh Phú Thọ",0.0,2.0,1,0,-0.30000000000001137,-0.15000000000000568,373.9,0.6457553716086535,5.0,1,Moving,0,0,0,0,0,VALID,VALID
21C-04064,2026-08-17 13:26:00,371.9,40.0,-0.058333333333333334,"Quốc Lộ 70, Xã Tây Cốc, Tỉnh Phú Thọ",0.0,2.0,1,0,-1.400000000000034,-0.700000000000017,373.6,0.8706319543645815,5.0,1,Moving,0,0,0,0,0,VALID,VALID
21C-04064,2026-08-17 13:28:00,371.8,43.0,0.025,"Quốc Lộ 70, Xã Bằng Luân, Tỉnh Phú Thọ",0.0,2.0,1,0,-0.0999999999999659,-0.04999999999998295,373.3,0.9823441351991229,5.0,1,Moving,0,0,0,0,0,VALID,VALID
21C-04064,2026-08-17 13:30:00,371.6,39.0,-0.03333333333333333,"Quốc Lộ 70, Xã Bằng Luân, Tỉnh Phú Thọ",0.0,2.0,1,0,-0.19999999999998863,-0.09999999999999432,371.9,0.9343446901222126,5.0,1,Moving,0,0,0,0,0,VALID,VALID
21C-04064,2026-08-17 13:32:00,371.5,40.0,0.008333333333333333,"Quốc Lộ 70, Xã Bằng Luân, Tỉnh Phú Thọ",0.0,2.0,1,0,-0.10000000000002274,-0.05000000000001137,371.8,0.7328028383945219,5.0,1,Moving,0,0,0,0,0,VALID,VALID
21C-04064,2026-08-17 13:34:00,370.7,37.0,-0.025,"Quốc Lộ 70, Xã Bằng Luân, Tỉnh Phú Thọ",0.0,2.0,1,0,-0.8000000000000114,-0.4000000000000057,371.6,0.47434164898147024,5.0,1,Moving,0,0,0,0,0,VALID,VALID
21C-04064,2026-08-17 13:36:00,371.6,30.0,-0.058333333333333334,"Quốc Lộ 70, Xã Bằng Luân, Tỉnh Phú Thọ",0.0,2.0,1,0,0.9000000000000341,0.45000000000001705,371.6,0.4277849926755239,5.0,1,Moving,0,0,0,0,0,VALID,VALID
21C-04064,2026-08-17 13:38:00,369.4,33.0,0.025,"Quốc Lộ 70, Xã Bằng Luân, Tỉnh Phú Thọ",0.0,2.0,1,0,-2.2000000000000455,-1.1000000000000227,371.5,0.9502631214342154,5.0,1,Moving,0,0,0,0,0,VALID,VALID
21C-04064,2026-08-17 13:40:00,369.2,45.0,0.1,"Quốc Lộ 70, Xã Đan Thượng, Tỉnh Phú Thọ",0.0,2.0,1,0,-0.19999999999998863,-0.09999999999999432,370.7,1.134460224052577,5.0,1,Moving,0,0,0,0,0,VALID,VALID
21C-04064,2026-08-17 13:42:00,368.2,41.0,-0.03333333333333333,"Quốc Lộ 70, Xã Đan Thượng, Tỉnh Phú Thọ",0.0,2.0,1,0,-1.0,-0.5,369.4,1.3349157276610328,5.0,1,Moving,0,0,0,0,0,VALID,VALID
21C-04064,2026-08-17 13:44:00,368.3,26.0,-0.125,"Quốc Lộ 70, Xã Đan Thượng, Tỉnh Phú Thọ",0.0,2.0,1,0,0.10000000000002274,0.05000000000001137,369.2,1.3704014010341345,5.0,1,Moving,0,0,0,0,0,VALID,VALID
21C-04064,2026-08-17 13:46:00,364.7,37.0,0.09166666666666666,"Quốc Lộ 70, Xã Yên Bình, Tỉnh Lào Cai",0.0,2.0,1,0,-3.6000000000000227,-1.8000000000000114,368.3,1.8981570008708515,5.0,1,Moving,0,0,0,0,0,VALID,VALID
21C-04064,2026-08-17 13:48:00,364.8,38.0,0.008333333333333333,"Quốc Lộ 70, Xã Yên Bình, Tỉnh Lào Cai",0.0,2.0,1,0,0.10000000000002274,0.05000000000001137,368.2,2.1267345861564966,5.0,1,Moving,0,0,0,0,0,VALID,VALID
21C-04064,2026-08-17 13:50:00,363.6,7.0,-0.25833333333333336,"Xã Yên Bình, Tỉnh Lào Cai",0.0,2.0,1,0,-1.1999999999999886,-0.5999999999999943,364.8,2.178761115853074,5.0,1,Moving,0,0,0,0,0,VALID,VALID
21C-04064,2026-08-17 13:52:00,364.7,0.0,-0.058333333333333334,"Xã Yên Bình, Tỉnh Lào Cai",0.0,2.0,1,0,1.099999999999966,0.549999999999983,364.7,1.7908098726421953,5.0,1,Stopped,0,0,0,0,0,VALID,VALID
21C-04064,2026-08-17 13:54:00,364.2,0.0,0.0,"Xã Yên Bình, Tỉnh Lào Cai",0.0,2.0,1,0,-0.5,-0.25,364.7,0.5049752468705522,5.0,1,Stopped,0,0,0,0,0,VALID,VALID
21C-04064,2026-08-17 13:56:00,363.9,0.0,0.0,"Xã Yên Bình, Tỉnh Lào Cai",0.0,2.0,1,0,-0.30000000000001137,-0.15000000000000568,364.2,0.5128352561513604,5.0,1,Stopped,0,0,0,0,0,VALID,VALID
21C-04064,2026-08-17 13:58:00,363.8,0.0,0.0,"Xã Yên Bình, Tỉnh Lào Cai",0.0,2.0,1,0,-0.0999999999999659,-0.04999999999998295,363.9,0.4277849926676158,5.0,1,Stopped,0,0,0,0,0,VALID,VALID
21C-04064,2026-08-17 14:00:00,363.6,0.0,0.0,"Xã Yên Bình, Tỉnh Lào Cai",0.0,2.0,1,0,-0.19999999999998863,-0.09999999999999432,363.9,0.4277849926676158,5.0,1,Stopped,0,0,0,0,0,VALID,VALID
21C-04064,2026-08-17 14:02:00,363.4,0.0,0.0,"Xã Yên Bình, Tỉnh Lào Cai",0.0,2.0,1,0,-0.20000000000004547,-0.10000000000002274,363.8,0.30331501768194963,5.0,1,Stopped,0,0,0,0,0,VALID,VALID
21C-04064,2026-08-17 14:05:00,363.3,0.0,0.0,"Xã Yên Bình, Tỉnh Lào Cai",0.0,3.0,1,0,-0.0999999999999659,-0.03333333333332197,363.6,0.25495097558401075,5.0,1,Stopped,0,0,0,0,0,VALID,VALID
21C-04064,2026-08-17 14:07:00,363.3,0.0,0.0,"Xã Yên Bình, Tỉnh Lào Cai",0.0,2.0,1,0,0.0,0.0,363.4,0.21679483377407244,5.0,1,Stopped,0,0,0,0,0,VALID,VALID
21C-04064,2026-08-17 14:09:00,363.3,0.0,0.0,"Xã Yên Bình, Tỉnh Lào Cai",0.0,2.0,1,0,0.0,0.0,363.3,0.13038404791625915,5.0,1,Stopped,0,0,0,0,0,VALID,VALID
21C-04064,2026-08-17 14:11:00,363.1,0.0,0.0,"Xã Yên Bình, Tỉnh Lào Cai",0.0,2.0,1,0,-0.19999999999998863,-0.09999999999999432,363.3,0.10954451127701635,5.0,1,Stopped,0,0,0,0,0,VALID,VALID
21C-04064,2026-08-17 14:13:00,363.1,0.0,0.0,"Xã Yên Bình, Tỉnh Lào Cai",0.0,2.0,1,0,0.0,0.0,363.3,0.10954451127673032,5.0,1,Stopped,0,0,0,0,0,VALID,VALID
21C-04064,2026-08-17 14:16:00,363.1,0.0,0.0,"Xã Yên Bình, Tỉnh Lào Cai",0.0,3.0,1,0,0.0,0.0,363.1,0.10954451127653443,5.0,1,Stopped,0,0,0,0,0,VALID,VALID
21C-04064,2026-08-17 14:18:00,363.1,0.0,0.0,"Xã Yên Bình, Tỉnh Lào Cai",0.0,2.0,1,0,0.0,0.0,363.1,0.08944271882481715,5.0,1,Stopped,0,0,0,0,0,VALID,VALID
21C-04064,2026-08-17 14:20:00,363.1,0.0,0.0,"Xã Yên Bình, Tỉnh Lào Cai",0.0,2.0,1,0,0.0,0.0,363.1,0.0,5.0,1,Stopped,0,0,0,0,0,VALID,VALID
21C-04064,2026-08-17 14:22:00,363.1,0.0,0.0,"Xã Yên Bình, Tỉnh Lào Cai",0.0,2.0,1,0,0.0,0.0,363.1,0.0,5.0,1,Stopped,0,0,0,0,0,VALID,VALID
21C-04064,2026-08-17 14:24:00,363.1,0.0,0.0,"Xã Yên Bình, Tỉnh Lào Cai",0.0,2.0,1,0,0.0,0.0,363.1,0.0,5.0,1,Stopped,0,0,0,0,0,VALID,VALID
21C-04064,2026-08-17 14:26:00,363.1,0.0,0.0,"Xã Yên Bình, Tỉnh Lào Cai",0.0,2.0,1,0,0.0,0.0,363.1,0.0,5.0,1,Stopped,0,0,0,0,0,VALID,VALID
21C-04064,2026-08-17 14:29:00,363.1,0.0,0.0,"Xã Yên Bình, Tỉnh Lào Cai",0.0,3.0,1,0,0.0,0.0,363.1,0.0,5.0,1,Stopped,0,0,0,0,0,VALID,VALID
21C-04064,2026-08-17 14:31:00,363.1,0.0,0.0,"Xã Yên Bình, Tỉnh Lào Cai",0.0,2.0,1,0,0.0,0.0,363.1,0.0,5.0,1,Stopped,0,0,0,0,0,VALID,VALID
21C-04064,2026-08-17 14:33:00,363.1,0.0,0.0,"Xã Yên Bình, Tỉnh Lào Cai",0.0,2.0,1,0,0.0,0.0,363.1,0.0,5.0,1,Stopped,0,0,0,0,0,VALID,VALID
21C-04064,2026-08-17 14:35:00,363.1,0.0,0.0,"Xã Yên Bình, Tỉnh Lào Cai",0.0,2.0,1,0,0.0,0.0,363.1,0.0,5.0,1,Stopped,0,0,0,0,0,VALID,VALID
21C-04064,2026-08-17 14:37:00,363.1,0.0,0.0,"Xã Yên Bình, Tỉnh Lào Cai",0.0,2.0,1,0,0.0,0.0,363.1,0.0,5.0,1,Stopped,0,0,0,0,0,VALID,VALID
21C-04064,2026-08-17 14:40:00,363.1,0.0,0.0,"Xã Yên Bình, Tỉnh Lào Cai",0.0,3.0,1,0,0.0,0.0,363.1,0.0,5.0,1,Stopped,0,0,0,0,0,VALID,VALID
21C-04064,2026-08-17 14:42:00,363.1,0.0,0.0,"Xã Yên Bình, Tỉnh Lào Cai",0.0,2.0,1,0,0.0,0.0,363.1,0.0,5.0,1,Stopped,0,0,0,0,0,VALID,VALID
21C-04064,2026-08-17 14:44:00,363.1,0.0,0.0,"Xã Yên Bình, Tỉnh Lào Cai",0.0,2.0,1,0,0.0,0.0,363.1,0.0,5.0,1,Stopped,0,0,0,0,0,VALID,VALID
21C-04064,2026-08-17 14:46:00,363.1,0.0,0.0,"Xã Yên Bình, Tỉnh Lào Cai",0.0,2.0,1,0,0.0,0.0,363.1,0.0,5.0,1,Stopped,0,0,0,0,0,VALID,VALID
21C-04064,2026-08-17 14:48:00,363.0,0.0,0.0,"Xã Yên Bình, Tỉnh Lào Cai",0.0,2.0,1,0,-0.10000000000002274,-0.05000000000001137,363.1,0.04472135899904762,5.0,1,Stopped,0,0,0,0,0,VALID,VALID
21C-04064,2026-08-17 14:50:00,363.0,0.0,0.0,"Xã Yên Bình, Tỉnh Lào Cai",0.0,2.0,1,0,0.0,0.0,363.1,0.054772255300493795,5.0,1,Stopped,0,0,0,0,0,VALID,VALID
21C-04064,2026-08-17 14:53:00,363.0,0.0,0.0,"Xã Yên Bình, Tỉnh Lào Cai",0.0,3.0,1,0,0.0,0.0,363.0,0.05477225530030958,5.0,1,Stopped,0,0,0,0,0,VALID,VALID
21C-04064,2026-08-17 14:55:00,363.0,0.0,0.0,"Xã Yên Bình, Tỉnh Lào Cai",0.0,2.0,1,0,0.0,0.0,363.0,0.04472135899838747,5.0,1,Stopped,0,0,0,0,0,VALID,VALID
21C-04064,2026-08-17 14:57:00,363.0,0.0,0.0,"Xã Yên Bình, Tỉnh Lào Cai",0.0,2.0,1,0,0.0,0.0,363.0,0.0,5.0,1,Stopped,0,0,0,0,0,VALID,VALID
21C-04064,2026-08-17 14:59:00,363.0,0.0,0.0,"Xã Yên Bình, Tỉnh Lào Cai",0.0,2.0,1,0,0.0,0.0,363.0,0.0,5.0,1,Stopped,0,0,0,0,0,VALID,VALID
21C-04064,2026-08-17 15:01:00,363.0,0.0,0.0,"Xã Yên Bình, Tỉnh Lào Cai",0.0,2.0,1,0,0.0,0.0,363.0,0.0,5.0,1,Stopped,0,0,0,0,0,VALID,VALID
21C-04064,2026-08-17 15:04:00,363.0,0.0,0.0,"Xã Yên Bình, Tỉnh Lào Cai",0.0,3.0,1,0,0.0,0.0,363.0,0.0,5.0,1,Stopped,0,0,0,0,0,VALID,VALID
21C-04064,2026-08-17 15:06:00,363.0,0.0,0.0,"Xã Yên Bình, Tỉnh Lào Cai",0.0,2.0,1,0,0.0,0.0,363.0,0.0,5.0,1,Stopped,0,0,0,0,0,VALID,VALID
21C-04064,2026-08-17 15:08:00,362.8,0.0,0.0,"Xã Yên Bình, Tỉnh Lào Cai",0.0,2.0,1,0,-0.19999999999998863,-0.09999999999999432,363.0,0.0894427188238722,5.0,1,Stopped,0,0,0,0,0,VALID,VALID
21C-04064,2026-08-17 15:10:00,362.8,0.0,0.0,"Xã Yên Bình, Tỉnh Lào Cai",0.0,2.0,1,0,0.0,0.0,363.0,0.10954451127540808,5.0,1,Stopped,0,0,0,0,0,VALID,VALID
21C-04064,2026-08-17 15:12:00,362.8,0.0,0.0,"Xã Yên Bình, Tỉnh Lào Cai",0.0,2.0,1,0,0.0,0.0,362.8,0.10954451127522906,5.0,1,Stopped,0,0,0,0,0,VALID,VALID
21C-04064,2026-08-17 15:14:00,362.8,0.0,0.0,"Xã Yên Bình, Tỉnh Lào Cai",0.0,2.0,1,0,0.0,0.0,362.8,0.0894427188232184,5.0,1,Stopped,0,0,0,0,0,VALID,VALID
21C-04064,2026-08-17 15:17:00,362.8,0.0,0.0,"Xã Yên Bình, Tỉnh Lào Cai",0.0,3.0,1,0,0.0,0.0,362.8,0.0,5.0,1,Stopped,0,0,0,0,0,VALID,VALID
21C-04064,2026-08-17 15:19:00,362.8,0.0,0.0,"Xã Yên Bình, Tỉnh Lào Cai",0.0,2.0,1,0,0.0,0.0,362.8,0.0,5.0,1,Stopped,0,0,0,0,0,VALID,VALID
21C-04064,2026-08-17 15:21:00,362.8,0.0,0.0,"Xã Yên Bình, Tỉnh Lào Cai",0.0,2.0,1,0,0.0,0.0,362.8,0.0,5.0,1,Stopped,0,0,0,0,0,VALID,VALID
21C-04064,2026-08-17 15:23:00,362.8,0.0,0.0,"Xã Yên Bình, Tỉnh Lào Cai",0.0,2.0,1,0,0.0,0.0,362.8,0.0,5.0,1,Stopped,0,0,0,0,0,VALID,VALID
21C-04064,2026-08-17 15:25:00,362.8,0.0,0.0,"Xã Yên Bình, Tỉnh Lào Cai",0.0,2.0,1,0,0.0,0.0,362.8,0.0,5.0,1,Stopped,0,0,0,0,0,VALID,VALID
21C-04064,2026-08-17 15:28:00,362.8,0.0,0.0,"Xã Yên Bình, Tỉnh Lào Cai",0.0,3.0,1,0,0.0,0.0,362.8,0.0,5.0,1,Stopped,0,0,0,0,0,VALID,VALID
21C-04064,2026-08-17 15:30:00,362.8,0.0,0.0,"Xã Yên Bình, Tỉnh Lào Cai",0.0,2.0,1,0,0.0,0.0,362.8,0.0,5.0,1,Stopped,0,0,0,0,0,VALID,VALID
21C-04064,2026-08-17 15:32:00,362.8,0.0,0.0,"Xã Yên Bình, Tỉnh Lào Cai",0.0,2.0,1,0,0.0,0.0,362.8,0.0,5.0,1,Stopped,0,0,0,0,0,VALID,VALID
21C-04064,2026-08-17 15:35:00,362.7,0.0,0.0,"Xã Yên Bình, Tỉnh Lào Cai",0.0,3.0,1,0,-0.10000000000002274,-0.03333333333334091,362.8,0.044721358995878716,5.0,1,Stopped,0,0,0,0,0,VALID,VALID
21C-04064,2026-08-17 15:37:00,363.0,0.0,0.0,"Xã Yên Bình, Tỉnh Lào Cai",0.0,2.0,1,0,0.30000000000001137,0.15000000000000568,362.8,0.10954451127494755,5.0,1,Stopped,0,0,0,0,0,VALID,VALID
21C-04064,2026-08-17 15:38:00,363.0,0.0,0.0,"Xã Yên Bình, Tỉnh Lào Cai",0.0,1.0,1,0,0.0,0.0,362.8,0.1341640784654931,5.0,1,Stopped,0,0,0,0,0,VALID,VALID
21C-04064,2026-08-17 15:40:00,363.0,0.0,0.0,"Xã Yên Bình, Tỉnh Lào Cai",0.0,2.0,1,0,0.0,0.0,363.0,0.14142135606237805,5.0,1,Stopped,0,0,0,0,0,VALID,VALID
21C-04064,2026-08-17 15:42:00,363.0,0.0,0.0,"Xã Yên Bình, Tỉnh Lào Cai",0.0,2.0,1,0,0.0,0.0,363.0,0.13416407846569411,5.0,1,Stopped,0,0,0,0,0,VALID,VALID
21C-04064,2026-08-17 15:44:00,363.0,0.0,0.0,"Xã Yên Bình, Tỉnh Lào Cai",0.0,2.0,1,0,0.0,0.0,363.0,0.0,5.0,1,Stopped,0,0,0,0,0,VALID,VALID
21C-04064,2026-08-17 15:46:00,363.0,0.0,0.0,"Xã Yên Bình, Tỉnh Lào Cai",0.0,2.0,1,0,0.0,0.0,363.0,0.0,5.0,1,Stopped,0,0,0,0,0,VALID,VALID
21C-04064,2026-08-17 15:48:00,362.8,0.0,0.0,"Xã Yên Bình, Tỉnh Lào Cai",0.0,2.0,1,0,-0.19999999999998863,-0.09999999999999432,363.0,0.08944271882362634,5.0,1,Stopped,0,0,0,0,0,VALID,VALID
21C-04064,2026-08-17 15:50:00,362.8,0.0,0.0,"Xã Yên Bình, Tỉnh Lào Cai",0.0,2.0,1,0,0.0,0.0,363.0,0.10954451127527415,5.0,1,Stopped,0,0,0,0,0,VALID,VALID
21C-04064,2026-08-17 15:53:00,362.8,0.0,0.0,"Xã Yên Bình, Tỉnh Lào Cai",0.0,3.0,1,0,0.0,0.0,362.8,0.10954451127518204,5.0,1,Stopped,0,0,0,0,0,VALID,VALID
21C-04064,2026-08-17 15:55:00,362.7,0.0,0.0,"Xã Yên Bình, Tỉnh Lào Cai",0.0,2.0,1,0,-0.10000000000002274,-0.05000000000001137,362.8,0.10954451127506917,5.0,1,Stopped,0,0,0,0,0,VALID,VALID
21C-04064,2026-08-17 15:57:00,362.7,0.0,0.0,"Xã Yên Bình, Tỉnh Lào Cai",0.0,2.0,1,0,0.0,0.0,362.8,0.054772255298333204,5.0,1,Stopped,0,0,0,0,0,VALID,VALID
21C-04064,2026-08-17 15:58:00,362.7,0.0,0.0,"Xã Yên Bình, Tỉnh Lào Cai",0.0,1.0,1,0,0.0,0.0,362.7,0.054772255298252776,5.0,1,Stopped,0,0,0,0,0,VALID,VALID
21C-04064,2026-08-17 16:00:00,363.8,0.0,0.0,"Xã Yên Bình, Tỉnh Lào Cai",0.0,2.0,1,0,1.1000000000000227,0.5500000000000114,362.7,0.4827007353946609,5.0,1,Stopped,0,0,0,0,0,VALID,VALID
21C-04064,2026-08-17 16:02:00,364.1,0.0,0.0,"Xã Yên Bình, Tỉnh Lào Cai",0.0,2.0,1,0,0.30000000000001137,0.15000000000000568,362.7,0.6928203229919506,5.0,1,Stopped,0,0,0,0,0,VALID,VALID
21C-04064,2026-08-17 16:04:00,364.4,0.0,0.0,"Xã Yên Bình, Tỉnh Lào Cai",0.0,2.0,1,0,0.2999999999999545,0.14999999999997726,363.8,0.7956129712057376,5.0,1,Stopped,0,0,0,0,0,VALID,VALID
21C-04064,2026-08-17 16:06:00,364.5,0.0,0.0,"Xã Yên Bình, Tỉnh Lào Cai",0.0,2.0,1,0,0.10000000000002274,0.05000000000001137,364.1,0.724568837275651,5.0,1,Stopped,0,0,0,0,0,VALID,VALID
21C-04064,2026-08-17 16:09:00,364.7,0.0,0.0,"Xã Yên Bình, Tỉnh Lào Cai",0.0,3.0,1,0,0.19999999999998863,0.06666666666666288,364.4,0.3535533905242227,5.0,1,Stopped,0,0,0,0,0,VALID,VALID
21C-04064,2026-08-17 16:10:00,364.7,0.0,0.0,"Xã Yên Bình, Tỉnh Lào Cai",0.0,1.0,1,0,0.0,0.0,364.5,0.2489979918619276,5.0,1,Stopped,0,0,0,0,0,VALID,VALID
21C-04064,2026-08-17 16:13:00,361.6,0.0,0.0,"Xã Yên Bình, Tỉnh Lào Cai",0.0,3.0,1,0,-3.099999999999966,-1.033333333333322,364.5,1.3367871932177418,5.0,1,Stopped,0,0,0,0,0,VALID,VALID
21C-04064,2026-08-17 16:15:00,360.6,0.0,0.0,"Xã Yên Bình, Tỉnh Lào Cai",0.0,2.0,1,0,-1.0,-0.5,364.5,1.9690099034668607,5.0,1,Stopped,0,0,0,0,0,VALID,VALID
21C-04064,2026-08-17 16:17:00,360.4,0.0,0.0,"Xã Yên Bình, Tỉnh Lào Cai",0.0,2.0,1,0,-0.20000000000004547,-0.10000000000002274,361.6,2.148255105882492,5.0,1,Stopped,0,0,0,0,0,VALID,VALID
21C-04064,2026-08-17 16:19:00,360.1,0.0,0.0,"Xã Yên Bình, Tỉnh Lào Cai",0.0,2.0,1,0,-0.2999999999999545,-0.14999999999997726,360.6,1.8860010604317656,5.0,1,Stopped,0,0,0,0,0,VALID,VALID
21C-04064,2026-08-17 16:21:00,360.1,0.0,0.0,"Xã Yên Bình, Tỉnh Lào Cai",0.0,2.0,1,0,0.0,0.0,360.4,0.6188699378296422,5.0,1,Stopped,0,0,0,0,0,VALID,VALID
21C-04064,2026-08-17 16:23:00,360.1,0.0,0.0,"Xã Yên Bình, Tỉnh Lào Cai",0.0,2.0,1,0,0.0,0.0,360.1,0.23021728855384202,5.0,1,Stopped,0,0,0,0,0,VALID,VALID
21C-04064,2026-08-17 16:25:00,360.4,0.0,0.0,"Xã Yên Bình, Tỉnh Lào Cai",0.0,2.0,1,0,0.2999999999999545,0.14999999999997726,360.1,0.16431676709651857,5.0,1,Stopped,0,0,0,0,0,VALID,VALID
21C-04064,2026-08-17 16:27:00,360.4,0.0,0.0,"Xã Yên Bình, Tỉnh Lào Cai",0.0,2.0,1,0,0.0,0.0,360.1,0.16431676709651857,5.0,1,Stopped,0,0,0,0,0,VALID,VALID
21C-04064,2026-08-17 16:29:00,360.6,0.0,0.0,"Xã Yên Bình, Tỉnh Lào Cai",0.0,2.0,1,0,0.20000000000004547,0.10000000000002274,360.4,0.21679483376940145,5.0,1,Stopped,0,0,0,0,0,VALID,VALID
21C-04064,2026-08-17 16:30:00,360.6,0.0,0.0,"Xã Yên Bình, Tỉnh Lào Cai",0.0,1.0,1,0,0.0,0.0,360.4,0.2049390151951335,5.0,1,Stopped,0,0,0,0,0,VALID,VALID
21C-04064,2026-08-17 16:32:00,360.6,0.0,0.0,"Xã Yên Bình, Tỉnh Lào Cai",0.0,2.0,1,0,0.0,0.0,360.6,0.10954451126916032,5.0,1,Stopped,0,0,0,0,0,VALID,VALID
21C-04064,2026-08-17 16:34:00,361.3,0.0,0.0,"Xã Yên Bình, Tỉnh Lào Cai",0.0,2.0,1,0,0.6999999999999886,0.3499999999999943,360.6,0.3464101614405697,5.0,1,Stopped,0,0,0,0,0,VALID,VALID
21C-04064,2026-08-17 16:36:00,361.6,0.0,0.0,"Xã Yên Bình, Tỉnh Lào Cai",0.0,2.0,1,0,0.30000000000001137,0.15000000000000568,360.6,0.4774934553995467,5.0,1,Stopped,0,0,0,0,0,VALID,VALID
21C-04064,2026-08-17 16:38:00,361.8,0.0,0.0,"Xã Yên Bình, Tỉnh Lào Cai",0.0,2.0,1,0,0.19999999999998863,0.09999999999999432,361.3,0.5585696017055782,5.0,1,Stopped,0,0,0,0,0,VALID,VALID
21C-04064,2026-08-17 16:40:00,361.9,0.0,0.0,"Xã Yên Bình, Tỉnh Lào Cai",0.0,2.0,1,0,0.0999999999999659,0.04999999999998295,361.6,0.5224940190563713,5.0,1,Stopped,0,0,0,0,0,VALID,VALID
21C-04064,2026-08-17 16:42:00,362.1,0.0,0.0,"Xã Yên Bình, Tỉnh Lào Cai",0.0,2.0,1,0,0.20000000000004547,0.10000000000002274,361.8,0.30495901355734994,5.0,1,Stopped,0,0,0,0,0,VALID,VALID
21C-04064,2026-08-17 16:44:00,362.4,0.0,0.0,"Xã Yên Bình, Tỉnh Lào Cai",0.0,2.0,1,0,0.2999999999999545,0.14999999999997726,361.9,0.3049590135575319,5.0,1,Stopped,0,0,0,0,0,VALID,VALID
21C-04064,2026-08-17 16:46:00,362.5,0.0,0.0,"Xã Yên Bình, Tỉnh Lào Cai",0.0,2.0,1,0,0.10000000000002274,0.05000000000001137,362.1,0.30495901355769967,5.0,1,Stopped,0,0,0,0,0,VALID,VALID
21C-04064,2026-08-17 16:48:00,362.4,0.0,0.0,"Xã Yên Bình, Tỉnh Lào Cai",0.0,2.0,1,0,-0.10000000000002274,-0.05000000000001137,362.4,0.25099800786093857,5.0,1,Stopped,0,0,0,0,0,VALID,VALID
21C-04064,2026-08-17 16:50:00,362.4,0.0,0.0,"Xã Yên Bình, Tỉnh Lào Cai",0.0,2.0,1,0,0.0,0.0,362.4,0.1516575087168996,5.0,1,Stopped,0,0,0,0,0,VALID,VALID
21C-04064,2026-08-17 16:52:00,360.0,0.0,0.0,"Xã Yên Bình, Tỉnh Lào Cai",0.0,2.0,1,0,-2.3999999999999773,-1.1999999999999886,362.4,1.0853570840741444,5.0,1,Stopped,0,0,0,0,0,VALID,VALID
21C-04064,2026-08-17 16:54:00,359.8,0.0,0.0,"Xã Yên Bình, Tỉnh Lào Cai",0.0,2.0,1,0,-0.19999999999998863,-0.09999999999999432,362.4,1.3899640282933816,5.0,1,Stopped,0,0,0,0,0,VALID,VALID
21C-04064,2026-08-17 16:56:00,359.7,0.0,0.0,"Xã Yên Bình, Tỉnh Lào Cai",0.0,2.0,1,0,-0.10000000000002274,-0.05000000000001137,360.0,1.4099645385431436,5.0,1,Stopped,0,0,0,0,0,VALID,VALID
21C-04064,2026-08-17 16:58:00,359.8,0.0,0.0,"Xã Yên Bình, Tỉnh Lào Cai",0.0,2.0,1,0,0.10000000000002274,0.05000000000001137,359.8,1.156719499251594,5.0,1,Stopped,0,0,0,0,0,VALID,VALID
21C-04064,2026-08-17 17:00:00,360.0,0.0,0.0,"Xã Yên Bình, Tỉnh Lào Cai",0.0,2.0,1,0,0.19999999999998863,0.09999999999999432,359.8,0.13416407845839043,5.0,1,Stopped,0,0,0,0,0,VALID,VALID
21C-04064,2026-08-17 17:02:00,360.0,0.0,0.0,"Xã Yên Bình, Tỉnh Lào Cai",0.0,2.0,1,0,0.0,0.0,359.8,0.13416407845839043,5.0,1,Stopped,0,0,0,0,0,VALID,VALID
21C-04064,2026-08-17 17:04:00,360.0,0.0,0.0,"Xã Yên Bình, Tỉnh Lào Cai",0.0,2.0,1,0,0.0,0.0,360.0,0.14142135605562803,5.0,1,Stopped,0,0,0,0,0,VALID,VALID
21C-04064,2026-08-17 17:07:00,361.0,0.0,0.0,"Xã Yên Bình, Tỉnh Lào Cai",0.0,3.0,1,0,1.0,0.3333333333333333,360.0,0.4774934553988902,5.0,1,Stopped,0,0,0,0,0,VALID,VALID
21C-04064,2026-08-17 17:10:00,361.3,0.0,0.0,"Xã Yên Bình, Tỉnh Lào Cai",0.0,3.0,1,0,0.30000000000001137,0.1000000000000038,360.0,0.638748776866912,5.0,1,Stopped,0,0,0,0,0,VALID,VALID
21C-04064,2026-08-17 17:12:00,361.5,0.0,0.0,"Xã Yên Bình, Tỉnh Lào Cai",0.0,2.0,1,0,0.19999999999998863,0.09999999999999432,361.0,0.7162401831433051,5.0,1,Stopped,0,0,0,0,0,VALID,VALID
21C-04064,2026-08-17 17:14:00,361.6,0.0,0.0,"Xã Yên Bình, Tỉnh Lào Cai",0.0,2.0,1,0,0.10000000000002274,0.05000000000001137,361.3,0.6457553715993016,5.0,1,Stopped,0,0,0,0,0,VALID,VALID
21C-04064,2026-08-17 17:16:00,361.8,0.0,0.0,"Xã Yên Bình, Tỉnh Lào Cai",0.0,2.0,1,0,0.19999999999998863,0.09999999999999432,361.5,0.3049590135568663,5.0,1,Stopped,0,0,0,0,0,VALID,VALID
21C-04064,2026-08-17 17:18:00,361.8,0.0,0.0,"Xã Yên Bình, Tỉnh Lào Cai",0.0,2.0,1,0,0.0,0.0,361.6,0.21213203423732646,5.0,1,Stopped,0,0,0,0,0,VALID,VALID
21C-04064,2026-08-17 17:20:00,361.8,0.0,0.0,"Xã Yên Bình, Tỉnh Lào Cai",0.0,2.0,1,0,0.0,0.0,361.8,0.14142135605955253,5.0,1,Stopped,0,0,0,0,0,VALID,VALID
21C-04064,2026-08-17 17:22:00,362.1,0.0,0.0,"Xã Yên Bình, Tỉnh Lào Cai",0.0,2.0,1,0,0.30000000000001137,0.15000000000000568,361.8,0.17888543805965829,5.0,1,Stopped,0,0,0,0,0,VALID,VALID
21C-04064,2026-08-17 17:24:00,362.4,0.0,0.0,"Xã Yên Bình, Tỉnh Lào Cai",0.0,2.0,1,0,0.2999999999999545,0.14999999999997726,361.8,0.268328157206586,5.0,1,Stopped,0,0,0,0,0,VALID,VALID
21C-04064,2026-08-17 17:26:00,362.5,0.0,0.0,"Xã Yên Bình, Tỉnh Lào Cai",0.0,2.0,1,0,0.10000000000002274,0.05000000000001137,362.1,0.3271085445994291,5.0,1,Stopped,0,0,0,0,0,VALID,VALID
21C-04064,2026-08-17 17:29:00,362.8,0.0,0.0,"Xã Yên Bình, Tỉnh Lào Cai",0.0,3.0,1,0,0.30000000000001137,0.1000000000000038,362.4,0.3834057901885134,5.0,1,Stopped,0,0,0,0,0,VALID,VALID
21C-04064,2026-08-17 17:31:00,363.0,0.0,0.0,"Xã Yên Bình, Tỉnh Lào Cai",0.0,2.0,1,0,0.19999999999998863,0.09999999999999432,362.5,0.35071355826403633,5.0,1,Stopped,0,0,0,0,0,VALID,VALID
21C-04064,2026-08-17 17:33:00,363.0,0.0,0.0,"Xã Yên Bình, Tỉnh Lào Cai",0.0,2.0,1,0,0.0,0.0,362.8,0.2792848007864494,5.0,1,Stopped,0,0,0,0,0,VALID,VALID
21C-04064,2026-08-17 17:35:00,363.1,0.0,0.0,"Xã Yên Bình, Tỉnh Lào Cai",0.0,2.0,1,0,0.10000000000002274,0.05000000000001137,363.0,0.23874672762240262,5.0,1,Stopped,0,0,0,0,0,VALID,VALID
21C-04064,2026-08-17 17:37:00,363.1,0.0,0.0,"Xã Yên Bình, Tỉnh Lào Cai",0.0,2.0,1,0,0.0,0.0,363.0,0.12247448693699364,5.0,1,Stopped,0,0,0,0,0,VALID,VALID
21C-04064,2026-08-17 17:38:00,363.1,0.0,0.0,"Xã Yên Bình, Tỉnh Lào Cai",0.0,1.0,1,0,0.0,0.0,363.1,0.05477225529878253,5.0,1,Stopped,0,0,0,0,0,VALID,VALID
21C-04064,2026-08-17 17:41:00,360.4,0.0,0.0,"Xã Yên Bình, Tỉnh Lào Cai",0.0,3.0,1,0,-2.7000000000000455,-0.9000000000000151,363.1,1.1970797801108397,5.0,1,Stopped,0,0,0,0,0,VALID,VALID
21C-04064,2026-08-17 17:43:00,358.9,0.0,0.0,"Xã Yên Bình, Tỉnh Lào Cai",0.0,2.0,1,0,-1.5,-0.75,363.1,1.9626512680427253,5.0,1,Stopped,0,0,0,0,0,VALID,VALID
21C-04064,2026-08-17 17:45:00,358.6,0.0,0.0,"Xã Yên Bình, Tỉnh Lào Cai",0.0,2.0,1,0,-0.2999999999999545,-0.14999999999997726,360.4,2.1902054698016467,5.0,1,Stopped,0,0,0,0,0,VALID,VALID
21C-04064,2026-08-17 17:47:00,358.3,0.0,0.0,"Xã Yên Bình, Tỉnh Lào Cai",0.0,2.0,1,0,-0.30000000000001137,-0.15000000000000568,358.9,1.983179265711586,5.0,1,Stopped,0,0,0,0,0,VALID,VALID
21C-04064,2026-08-17 17:49:00,358.1,0.0,0.0,"Xã Yên Bình, Tỉnh Lào Cai",0.0,2.0,1,0,-0.19999999999998863,-0.09999999999999432,358.6,0.9126883366996791,5.0,1,Stopped,0,0,0,0,0,VALID,VALID
21C-04064,2026-08-17 17:52:00,358.1,0.0,0.0,"Xã Yên Bình, Tỉnh Lào Cai",0.0,3.0,1,0,0.0,0.0,358.3,0.3464101614377709,5.0,1,Stopped,0,0,0,0,0,VALID,VALID
21C-04064,2026-08-17 17:54:00,358.1,0.0,0.0,"Xã Yên Bình, Tỉnh Lào Cai",0.0,2.0,1,0,0.0,0.0,358.1,0.2190890228816802,5.0,1,Stopped,0,0,0,0,0,VALID,VALID
21C-04064,2026-08-17 17:56:00,358.0,0.0,0.0,"Xã Yên Bình, Tỉnh Lào Cai",0.0,2.0,1,0,-0.10000000000002274,-0.05000000000001137,358.1,0.10954451125995249,5.0,1,Stopped,0,0,0,0,0,VALID,VALID
21C-04064,2026-08-17 17:58:00,358.0,0.0,0.0,"Xã Yên Bình, Tỉnh Lào Cai",0.0,2.0,1,0,0.0,0.0,358.1,0.0547722552680298,5.0,1,Stopped,0,0,0,0,0,VALID,VALID
21C-04064,2026-08-17 18:00:00,359.4,0.0,0.0,"Xã Yên Bình, Tỉnh Lào Cai",0.0,2.0,1,0,1.3999999999999773,0.6999999999999886,358.1,0.6058052491909253,5.0,1,Stopped,0,0,0,0,0,VALID,VALID
21C-04064,2026-08-17 18:02:00,359.7,0.0,0.0,"Xã Yên Bình, Tỉnh Lào Cai",0.0,2.0,1,0,0.30000000000001137,0.15000000000000568,358.1,0.8384509526188529,5.0,1,Stopped,0,0,0,0,0,VALID,VALID
21C-04064,2026-08-17 18:04:00,359.8,0.0,0.0,"Xã Yên Bình, Tỉnh Lào Cai",0.0,2.0,1,0,0.10000000000002274,0.05000000000001137,359.4,0.9066421565026013,5.0,1,Stopped,0,0,0,0,0,VALID,VALID
21C-04064,2026-08-17 18:06:00,360.0,0.0,0.0,"Xã Yên Bình, Tỉnh Lào Cai",0.0,2.0,1,0,0.19999999999998863,0.09999999999999432,359.7,0.801249024927919,5.0,1,Stopped,0,0,0,0,0,VALID,VALID
21C-04064,2026-08-17 18:08:00,360.1,0.0,0.0,"Xã Yên Bình, Tỉnh Lào Cai",0.0,2.0,1,0,0.10000000000002274,0.05000000000001137,359.8,0.2738612786580173,5.0,1,Stopped,0,0,0,0,0,VALID,VALID
21C-04064,2026-08-17 18:10:00,360.3,0.0,0.0,"Xã Yên Bình, Tỉnh Lào Cai",0.0,2.0,1,0,0.19999999999998863,0.09999999999999432,360.0,0.23874672761804994,5.0,1,Stopped,0,0,0,0,0,VALID,VALID
21C-04064,2026-08-17 18:12:00,360.3,0.0,0.0,"Xã Yên Bình, Tỉnh Lào Cai",0.0,2.0,1,0,0.0,0.0,360.1,0.21213203423435606,5.0,1,Stopped,0,0,0,0,0,VALID,VALID
21C-04064,2026-08-17 18:14:00,360.4,0.0,0.0,"Xã Yên Bình, Tỉnh Lào Cai",0.0,2.0,1,0,0.0999999999999659,0.04999999999998295,360.3,0.1643167670947921,5.0,1,Stopped,0,0,0,0,0,VALID,VALID
21C-04064,2026-08-17 18:17:00,360.4,0.0,0.0,"Xã Yên Bình, Tỉnh Lào Cai",0.0,3.0,1,0,0.0,0.0,360.3,0.12247448692904828,5.0,1,Stopped,0,0,0,0,0,VALID,VALID
21C-04064,2026-08-17 18:19:00,360.4,0.0,0.0,"Xã Yên Bình, Tỉnh Lào Cai",0.0,2.0,1,0,0.0,0.0,360.4,0.054772255281074524,5.0,1,Stopped,0,0,0,0,0,VALID,VALID
21C-04064,2026-08-17 18:21:00,360.4,0.0,0.0,"Xã Yên Bình, Tỉnh Lào Cai",0.0,2.0,1,0,0.0,0.0,360.4,0.0447213589752036,5.0,1,Stopped,0,0,0,0,0,VALID,VALID
21C-04064,2026-08-17 18:23:00,360.4,0.0,0.0,"Xã Yên Bình, Tỉnh Lào Cai",0.0,2.0,1,0,0.0,0.0,360.4,0.0,5.0,1,Stopped,0,0,0,0,0,VALID,VALID
21C-04064,2026-08-17 18:26:00,360.4,0.0,0.0,"Xã Yên Bình, Tỉnh Lào Cai",0.0,3.0,1,0,0.0,0.0,360.4,0.0,5.0,1,Stopped,0,0,0,0,0,VALID,VALID
21C-04064,2026-08-17 18:28:00,360.4,0.0,0.0,"Xã Yên Bình, Tỉnh Lào Cai",0.0,2.0,1,0,0.0,0.0,360.4,0.0,5.0,1,Stopped,0,0,0,0,0,VALID,VALID
21C-04064,2026-08-17 18:30:00,360.4,0.0,0.0,"Xã Yên Bình, Tỉnh Lào Cai",0.0,2.0,1,0,0.0,0.0,360.4,0.0,5.0,1,Stopped,0,0,0,0,0,VALID,VALID
21C-04064,2026-08-17 18:33:00,360.6,0.0,0.0,"Xã Yên Bình, Tỉnh Lào Cai",0.0,3.0,1,0,0.20000000000004547,0.06666666666668182,360.4,0.08944271881285225,5.0,1,Stopped,0,0,0,0,0,VALID,VALID
21C-04064,2026-08-17 18:35:00,360.9,0.0,0.0,"Xã Yên Bình, Tỉnh Lào Cai",0.0,2.0,1,0,0.2999999999999545,0.14999999999997726,360.4,0.21908902288498694,5.0,1,Stopped,0,0,0,0,0,VALID,VALID
21C-04064,2026-08-17 18:37:00,361.0,0.0,0.0,"Xã Yên Bình, Tỉnh Lào Cai",0.0,2.0,1,0,0.10000000000002274,0.05000000000001137,360.6,0.2792848007836644,5.0,1,Stopped,0,0,0,0,0,VALID,VALID
21C-04064,2026-08-17 18:40:00,361.2,0.0,0.0,"Xã Yên Bình, Tỉnh Lào Cai",0.0,3.0,1,0,0.19999999999998863,0.06666666666666288,360.9,0.3193743883733715,5.0,1,Stopped,0,0,0,0,0,VALID,VALID
21C-04064,2026-08-17 18:42:00,361.3,0.0,0.0,"Xã Yên Bình, Tỉnh Lào Cai",0.0,2.0,1,0,0.10000000000002274,0.05000000000001137,361.0,0.2738612786594024,5.0,1,Stopped,0,0,0,0,0,VALID,VALID
21C-04064,2026-08-17 18:44:00,361.3,0.0,0.0,"Xã Yên Bình, Tỉnh Lào Cai",0.0,2.0,1,0,0.0,0.0,361.2,0.18165902110562535,5.0,1,Stopped,0,0,0,0,0,VALID,VALID
21C-04064,2026-08-17 18:46:00,361.5,0.0,0.0,"Xã Yên Bình, Tỉnh Lào Cai",0.0,2.0,1,0,0.19999999999998863,0.09999999999999432,361.3,0.1816590211058131,5.0,1,Stopped,0,0,0,0,0,VALID,VALID
21C-04064,2026-08-17 18:48:00,361.5,0.0,0.0,"Xã Yên Bình, Tỉnh Lào Cai",0.0,2.0,1,0,0.0,0.0,361.3,0.13416407846059383,5.0,1,Stopped,0,0,0,0,0,VALID,VALID
21C-04064,2026-08-17 18:50:00,361.5,0.0,0.0,"Xã Yên Bình, Tỉnh Lào Cai",0.0,2.0,1,0,0.0,0.0,361.5,0.10954451126921116,5.0,1,Stopped,0,0,0,0,0,VALID,VALID
21C-04064,2026-08-17 18:53:00,361.5,0.0,0.0,"Xã Yên Bình, Tỉnh Lào Cai",0.0,3.0,1,0,0.0,0.0,361.5,0.08944271881620075,5.0,1,Stopped,0,0,0,0,0,VALID,VALID
21C-04064,2026-08-17 18:55:00,361.5,0.0,0.0,"Xã Yên Bình, Tỉnh Lào Cai",0.0,2.0,1,0,0.0,0.0,361.5,0.0,5.0,1,Stopped,0,0,0,0,0,VALID,VALID
21C-04064,2026-08-17 18:57:00,361.5,0.0,0.0,"Xã Yên Bình, Tỉnh Lào Cai",0.0,2.0,1,0,0.0,0.0,361.5,0.0,5.0,1,Stopped,0,0,0,0,0,VALID,VALID
21C-04064,2026-08-17 18:59:00,361.5,0.0,0.0,"Xã Yên Bình, Tỉnh Lào Cai",0.0,2.0,1,0,0.0,0.0,361.5,0.0,5.0,1,Stopped,0,0,0,0,0,VALID,VALID
21C-04064,2026-08-17 19:01:00,361.5,0.0,0.0,"Xã Yên Bình, Tỉnh Lào Cai",0.0,2.0,1,0,0.0,0.0,361.5,0.0,5.0,1,Stopped,0,0,0,0,0,VALID,VALID
21C-04064,2026-08-17 19:04:00,361.5,0.0,0.0,"Xã Yên Bình, Tỉnh Lào Cai",0.0,3.0,1,0,0.0,0.0,361.5,0.0,5.0,1,Stopped,0,0,0,0,0,VALID,VALID
21C-04064,2026-08-17 19:06:00,361.5,0.0,0.0,"Xã Yên Bình, Tỉnh Lào Cai",0.0,2.0,1,0,0.0,0.0,361.5,0.0,5.0,1,Stopped,0,0,0,0,0,VALID,VALID
21C-04064,2026-08-17 19:08:00,361.5,0.0,0.0,"Xã Yên Bình, Tỉnh Lào Cai",0.0,2.0,1,0,0.0,0.0,361.5,0.0,5.0,1,Stopped,0,0,0,0,0,VALID,VALID
21C-04064,2026-08-17 19:10:00,361.5,0.0,0.0,"Xã Yên Bình, Tỉnh Lào Cai",0.0,2.0,1,0,0.0,0.0,361.5,0.0,5.0,1,Stopped,0,0,0,0,0,VALID,VALID
21C-04064,2026-08-17 19:12:00,361.5,0.0,0.0,"Xã Yên Bình, Tỉnh Lào Cai",0.0,2.0,1,0,0.0,0.0,361.5,0.0,5.0,1,Stopped,0,0,0,0,0,VALID,VALID
21C-04064,2026-08-17 19:14:00,361.5,0.0,0.0,"Xã Yên Bình, Tỉnh Lào Cai",0.0,2.0,1,0,0.0,0.0,361.5,0.0,5.0,1,Stopped,0,0,0,0,0,VALID,VALID
21C-04064,2026-08-17 19:17:00,361.5,0.0,0.0,"Xã Yên Bình, Tỉnh Lào Cai",0.0,3.0,1,0,0.0,0.0,361.5,0.0,5.0,1,Stopped,0,0,0,0,0,VALID,VALID
21C-04064,2026-08-17 19:19:00,361.5,0.0,0.0,"Xã Yên Bình, Tỉnh Lào Cai",0.0,2.0,1,0,0.0,0.0,361.5,0.0,5.0,1,Stopped,0,0,0,0,0,VALID,VALID
21C-04064,2026-08-17 19:21:00,361.5,0.0,0.0,"Xã Yên Bình, Tỉnh Lào Cai",0.0,2.0,1,0,0.0,0.0,361.5,0.0,5.0,1,Stopped,0,0,0,0,0,VALID,VALID
21C-04064,2026-08-17 19:23:00,361.5,0.0,0.0,"Xã Yên Bình, Tỉnh Lào Cai",0.0,2.0,1,0,0.0,0.0,361.5,0.0,5.0,1,Stopped,0,0,0,0,0,VALID,VALID
21C-04064,2026-08-17 19:26:00,361.5,0.0,0.0,"Xã Yên Bình, Tỉnh Lào Cai",0.0,3.0,1,0,0.0,0.0,361.5,0.0,5.0,1,Stopped,0,0,0,0,0,VALID,VALID
21C-04064,2026-08-17 19:28:00,361.5,0.0,0.0,"Xã Yên Bình, Tỉnh Lào Cai",0.0,2.0,1,0,0.0,0.0,361.5,0.0,5.0,1,Stopped,0,0,0,0,0,VALID,VALID
21C-04064,2026-08-17 19:30:00,361.5,0.0,0.0,"Xã Yên Bình, Tỉnh Lào Cai",0.0,2.0,1,0,0.0,0.0,361.5,0.0,5.0,1,Stopped,0,0,0,0,0,VALID,VALID
21C-04064,2026-08-17 19:32:00,361.5,0.0,0.0,"Xã Yên Bình, Tỉnh Lào Cai",0.0,2.0,1,0,0.0,0.0,361.5,0.0,5.0,1,Stopped,0,0,0,0,0,VALID,VALID
21C-04064,2026-08-17 19:34:00,361.5,0.0,0.0,"Xã Yên Bình, Tỉnh Lào Cai",0.0,2.0,1,0,0.0,0.0,361.5,0.0,5.0,1,Stopped,0,0,0,0,0,VALID,VALID
21C-04064,2026-08-17 19:36:00,361.5,0.0,0.0,"Xã Yên Bình, Tỉnh Lào Cai",0.0,2.0,1,0,0.0,0.0,361.5,0.0,5.0,1,Stopped,0,0,0,0,0,VALID,VALID
21C-04064,2026-08-17 19:39:00,361.5,0.0,0.0,"Xã Yên Bình, Tỉnh Lào Cai",0.0,3.0,1,0,0.0,0.0,361.5,0.0,5.0,1,Stopped,0,0,0,0,0,VALID,VALID
21C-04064,2026-08-17 19:41:00,361.5,0.0,0.0,"Xã Yên Bình, Tỉnh Lào Cai",0.0,2.0,1,0,0.0,0.0,361.5,0.0,5.0,1,Stopped,0,0,0,0,0,VALID,VALID
21C-04064,2026-08-17 19:43:00,361.5,0.0,0.0,"Xã Yên Bình, Tỉnh Lào Cai",0.0,2.0,1,0,0.0,0.0,361.5,0.0,5.0,1,Stopped,0,0,0,0,0,VALID,VALID
21C-04064,2026-08-17 19:45:00,361.5,0.0,0.0,"Xã Yên Bình, Tỉnh Lào Cai",0.0,2.0,1,0,0.0,0.0,361.5,0.0,5.0,1,Stopped,0,0,0,0,0,VALID,VALID
21C-04064,2026-08-17 19:47:00,361.5,0.0,0.0,"Xã Yên Bình, Tỉnh Lào Cai",0.0,2.0,1,0,0.0,0.0,361.5,0.0,5.0,1,Stopped,0,0,0,0,0,VALID,VALID
21C-04064,2026-08-17 19:50:00,361.5,0.0,0.0,"Xã Yên Bình, Tỉnh Lào Cai",0.0,3.0,1,0,0.0,0.0,361.5,0.0,5.0,1,Stopped,0,0,0,0,0,VALID,VALID
21C-04064,2026-08-17 19:52:00,361.5,0.0,0.0,"Xã Yên Bình, Tỉnh Lào Cai",0.0,2.0,1,0,0.0,0.0,361.5,0.0,5.0,1,Stopped,0,0,0,0,0,VALID,VALID
21C-04064,2026-08-17 19:54:00,361.5,0.0,0.0,"Xã Yên Bình, Tỉnh Lào Cai",0.0,2.0,1,0,0.0,0.0,361.5,0.0,5.0,1,Stopped,0,0,0,0,0,VALID,VALID
21C-04064,2026-08-17 19:56:00,361.5,0.0,0.0,"Xã Yên Bình, Tỉnh Lào Cai",0.0,2.0,1,0,0.0,0.0,361.5,0.0,5.0,1,Stopped,0,0,0,0,0,VALID,VALID
21C-04064,2026-08-17 19:58:00,361.5,0.0,0.0,"Xã Yên Bình, Tỉnh Lào Cai",0.0,2.0,1,0,0.0,0.0,361.5,0.0,5.0,1,Stopped,0,0,0,0,0,VALID,VALID
21C-04064,2026-08-17 20:00:00,361.5,0.0,0.0,"Xã Yên Bình, Tỉnh Lào Cai",0.0,2.0,1,0,0.0,0.0,361.5,0.0,5.0,1,Stopped,0,0,0,0,0,VALID,VALID
21C-04064,2026-08-17 20:03:00,361.5,0.0,0.0,"Xã Yên Bình, Tỉnh Lào Cai",0.0,3.0,1,0,0.0,0.0,361.5,0.0,5.0,1,Stopped,0,0,0,0,0,VALID,VALID
21C-04064,2026-08-17 20:05:00,361.6,0.0,0.0,"Xã Yên Bình, Tỉnh Lào Cai",0.0,2.0,1,0,0.10000000000002274,0.05000000000001137,361.5,0.044721358982872966,5.0,1,Stopped,0,0,0,0,0,VALID,VALID
21C-04064,2026-08-17 20:07:00,361.6,0.0,0.0,"Xã Yên Bình, Tỉnh Lào Cai",0.0,2.0,1,0,0.0,0.0,361.5,0.05477225528758497,5.0,1,Stopped,0,0,0,0,0,VALID,VALID
21C-04064,2026-08-17 20:09:00,361.6,0.0,0.0,"Xã Yên Bình, Tỉnh Lào Cai",0.0,2.0,1,0,0.0,0.0,361.6,0.0547722552877121,5.0,1,Stopped,0,0,0,0,0,VALID,VALID
21C-04064,2026-08-17 20:11:00,361.6,0.0,0.0,"Xã Yên Bình, Tỉnh Lào Cai",0.0,2.0,1,0,0.0,0.0,361.6,0.044721358983340086,5.0,1,Stopped,0,0,0,0,0,VALID,VALID
21C-04064,2026-08-17 20:14:00,361.6,0.0,0.0,"Xã Yên Bình, Tỉnh Lào Cai",0.0,3.0,1,0,0.0,0.0,361.6,0.0,5.0,1,Stopped,0,0,0,0,0,VALID,VALID
21C-04064,2026-08-17 20:16:00,361.6,0.0,0.0,"Xã Yên Bình, Tỉnh Lào Cai",0.0,2.0,1,0,0.0,0.0,361.6,0.0,5.0,1,Stopped,0,0,0,0,0,VALID,VALID
21C-04064,2026-08-17 20:18:00,361.6,0.0,0.0,"Xã Yên Bình, Tỉnh Lào Cai",0.0,2.0,1,0,0.0,0.0,361.6,0.0,5.0,1,Stopped,0,0,0,0,0,VALID,VALID
21C-04064,2026-08-17 20:20:00,361.6,0.0,0.0,"Xã Yên Bình, Tỉnh Lào Cai",0.0,2.0,1,0,0.0,0.0,361.6,0.0,5.0,1,Stopped,0,0,0,0,0,VALID,VALID
21C-04064,2026-08-17 20:22:00,361.6,0.0,0.0,"Xã Yên Bình, Tỉnh Lào Cai",0.0,2.0,1,0,0.0,0.0,361.6,0.0,5.0,1,Stopped,0,0,0,0,0,VALID,VALID
21C-04064,2026-08-17 20:24:00,361.6,0.0,0.0,"Xã Yên Bình, Tỉnh Lào Cai",0.0,2.0,1,0,0.0,0.0,361.6,0.0,5.0,1,Stopped,0,0,0,0,0,VALID,VALID
21C-04064,2026-08-17 20:27:00,361.6,0.0,0.0,"Xã Yên Bình, Tỉnh Lào Cai",0.0,3.0,1,0,0.0,0.0,361.6,0.0,5.0,1,Stopped,0,0,0,0,0,VALID,VALID
21C-04064,2026-08-17 20:29:00,361.6,0.0,0.0,"Xã Yên Bình, Tỉnh Lào Cai",0.0,2.0,1,0,0.0,0.0,361.6,0.0,5.0,1,Stopped,0,0,0,0,0,VALID,VALID
21C-04064,2026-08-17 20:31:00,361.6,0.0,0.0,"Xã Yên Bình, Tỉnh Lào Cai",0.0,2.0,1,0,0.0,0.0,361.6,0.0,5.0,1,Stopped,0,0,0,0,0,VALID,VALID
21C-04064,2026-08-17 20:33:00,361.6,0.0,0.0,"Xã Yên Bình, Tỉnh Lào Cai",0.0,2.0,1,0,0.0,0.0,361.6,0.0,5.0,1,Stopped,0,0,0,0,0,VALID,VALID
21C-04064,2026-08-17 20:35:00,361.6,0.0,0.0,"Xã Yên Bình, Tỉnh Lào Cai",0.0,2.0,1,0,0.0,0.0,361.6,0.0,5.0,1,Stopped,0,0,0,0,0,VALID,VALID
21C-04064,2026-08-17 20:38:00,361.6,0.0,0.0,"Xã Yên Bình, Tỉnh Lào Cai",0.0,3.0,1,0,0.0,0.0,361.6,0.0,5.0,1,Stopped,0,0,0,0,0,VALID,VALID
21C-04064,2026-08-17 20:40:00,361.6,0.0,0.0,"Xã Yên Bình, Tỉnh Lào Cai",0.0,2.0,1,0,0.0,0.0,361.6,0.0,5.0,1,Stopped,0,0,0,0,0,VALID,VALID
21C-04064,2026-08-17 20:42:00,361.6,0.0,0.0,"Xã Yên Bình, Tỉnh Lào Cai",0.0,2.0,1,0,0.0,0.0,361.6,0.0,5.0,1,Stopped,0,0,0,0,0,VALID,VALID
21C-04064,2026-08-17 20:44:00,361.6,0.0,0.0,"Xã Yên Bình, Tỉnh Lào Cai",0.0,2.0,1,0,0.0,0.0,361.6,0.0,5.0,1,Stopped,0,0,0,0,0,VALID,VALID
21C-04064,2026-08-17 20:46:00,361.6,0.0,0.0,"Xã Yên Bình, Tỉnh Lào Cai",0.0,2.0,1,0,0.0,0.0,361.6,0.0,5.0,1,Stopped,0,0,0,0,0,VALID,VALID
21C-04064,2026-08-17 20:48:00,361.6,0.0,0.0,"Xã Yên Bình, Tỉnh Lào Cai",0.0,2.0,1,0,0.0,0.0,361.6,0.0,5.0,1,Stopped,0,0,0,0,0,VALID,VALID
21C-04064,2026-08-17 20:51:00,361.6,0.0,0.0,"Xã Yên Bình, Tỉnh Lào Cai",0.0,3.0,1,0,0.0,0.0,361.6,0.0,5.0,1,Stopped,0,0,0,0,0,VALID,VALID
21C-04064,2026-08-17 20:53:00,361.6,0.0,0.0,"Xã Yên Bình, Tỉnh Lào Cai",0.0,2.0,1,0,0.0,0.0,361.6,0.0,5.0,1,Stopped,0,0,0,0,0,VALID,VALID
21C-04064,2026-08-17 20:55:00,361.6,0.0,0.0,"Xã Yên Bình, Tỉnh Lào Cai",0.0,2.0,1,0,0.0,0.0,361.6,0.0,5.0,1,Stopped,0,0,0,0,0,VALID,VALID
21C-04064,2026-08-17 20:57:00,361.6,0.0,0.0,"Xã Yên Bình, Tỉnh Lào Cai",0.0,2.0,1,0,0.0,0.0,361.6,0.0,5.0,1,Stopped,0,0,0,0,0,VALID,VALID
21C-04064,2026-08-17 20:59:00,361.6,0.0,0.0,"Xã Yên Bình, Tỉnh Lào Cai",0.0,2.0,1,0,0.0,0.0,361.6,0.0,5.0,1,Stopped,0,0,0,0,0,VALID,VALID
21C-04064,2026-08-17 21:02:00,361.6,0.0,0.0,"Xã Yên Bình, Tỉnh Lào Cai",0.0,3.0,1,0,0.0,0.0,361.6,0.0,5.0,1,Stopped,0,0,0,0,0,VALID,VALID
21C-04064,2026-08-17 21:04:00,361.6,0.0,0.0,"Xã Yên Bình, Tỉnh Lào Cai",0.0,2.0,1,0,0.0,0.0,361.6,0.0,5.0,1,Stopped,0,0,0,0,0,VALID,VALID
21C-04064,2026-08-17 21:06:00,361.6,0.0,0.0,"Xã Yên Bình, Tỉnh Lào Cai",0.0,2.0,1,0,0.0,0.0,361.6,0.0,5.0,1,Stopped,0,0,0,0,0,VALID,VALID
21C-04064,2026-08-17 21:08:00,361.6,0.0,0.0,"Xã Yên Bình, Tỉnh Lào Cai",0.0,2.0,1,0,0.0,0.0,361.6,0.0,5.0,1,Stopped,0,0,0,0,0,VALID,VALID
21C-04064,2026-08-17 21:10:00,361.6,0.0,0.0,"Xã Yên Bình, Tỉnh Lào Cai",0.0,2.0,1,0,0.0,0.0,361.6,0.0,5.0,1,Stopped,0,0,0,0,0,VALID,VALID
21C-04064,2026-08-17 21:12:00,361.6,0.0,0.0,"Xã Yên Bình, Tỉnh Lào Cai",0.0,2.0,1,0,0.0,0.0,361.6,0.0,5.0,1,Stopped,0,0,0,0,0,VALID,VALID
21C-04064,2026-08-17 21:15:00,361.8,0.0,0.0,"Xã Yên Bình, Tỉnh Lào Cai",0.0,3.0,1,0,0.19999999999998863,0.06666666666666288,361.6,0.08944271881694908,5.0,1,Stopped,0,0,0,0,0,VALID,VALID
21C-04064,2026-08-17 21:17:00,361.8,0.0,0.0,"Xã Yên Bình, Tỉnh Lào Cai",0.0,2.0,1,0,0.0,0.0,361.6,0.10954451127011017,5.0,1,Stopped,0,0,0,0,0,VALID,VALID
21C-04064,2026-08-17 21:19:00,361.8,0.0,0.0,"Xã Yên Bình, Tỉnh Lào Cai",0.0,2.0,1,0,0.0,0.0,361.8,0.10954451127030605,5.0,1,Stopped,0,0,0,0,0,VALID,VALID
21C-04064,2026-08-17 21:21:00,361.8,0.0,0.0,"Xã Yên Bình, Tỉnh Lào Cai",0.0,2.0,1,0,0.0,0.0,361.8,0.08944271881766881,5.0,1,Stopped,0,0,0,0,0,VALID,VALID
21C-04064,2026-08-17 21:23:00,361.8,0.0,0.0,"Xã Yên Bình, Tỉnh Lào Cai",0.0,2.0,1,0,0.0,0.0,361.8,0.0,5.0,1,Stopped,0,0,0,0,0,VALID,VALID
21C-04064,2026-08-17 21:26:00,361.8,0.0,0.0,"Xã Yên Bình, Tỉnh Lào Cai",0.0,3.0,1,0,0.0,0.0,361.8,0.0,5.0,1,Stopped,0,0,0,0,0,VALID,VALID
21C-04064,2026-08-17 21:28:00,361.8,0.0,0.0,"Xã Yên Bình, Tỉnh Lào Cai",0.0,2.0,1,0,0.0,0.0,361.8,0.0,5.0,1,Stopped,0,0,0,0,0,VALID,VALID
21C-04064,2026-08-17 21:30:00,361.8,0.0,0.0,"Xã Yên Bình, Tỉnh Lào Cai",0.0,2.0,1,0,0.0,0.0,361.8,0.0,5.0,1,Stopped,0,0,0,0,0,VALID,VALID
21C-04064,2026-08-17 21:32:00,361.8,0.0,0.0,"Xã Yên Bình, Tỉnh Lào Cai",0.0,2.0,1,0,0.0,0.0,361.8,0.0,5.0,1,Stopped,0,0,0,0,0,VALID,VALID
21C-04064,2026-08-17 21:34:00,361.8,0.0,0.0,"Xã Yên Bình, Tỉnh Lào Cai",0.0,2.0,1,0,0.0,0.0,361.8,0.0,5.0,1,Stopped,0,0,0,0,0,VALID,VALID
21C-04064,2026-08-17 21:36:00,361.8,0.0,0.0,"Xã Yên Bình, Tỉnh Lào Cai",0.0,2.0,1,0,0.0,0.0,361.8,0.0,5.0,1,Stopped,0,0,0,0,0,VALID,VALID
21C-04064,2026-08-17 21:39:00,361.8,0.0,0.0,"Xã Yên Bình, Tỉnh Lào Cai",0.0,3.0,1,0,0.0,0.0,361.8,0.0,5.0,1,Stopped,0,0,0,0,0,VALID,VALID
21C-04064,2026-08-17 21:41:00,361.8,0.0,0.0,"Xã Yên Bình, Tỉnh Lào Cai",0.0,2.0,1,0,0.0,0.0,361.8,0.0,5.0,1,Stopped,0,0,0,0,0,VALID,VALID
21C-04064,2026-08-17 21:43:00,361.8,0.0,0.0,"Xã Yên Bình, Tỉnh Lào Cai",0.0,2.0,1,0,0.0,0.0,361.8,0.0,5.0,1,Stopped,0,0,0,0,0,VALID,VALID
21C-04064,2026-08-17 21:45:00,361.8,0.0,0.0,"Xã Yên Bình, Tỉnh Lào Cai",0.0,2.0,1,0,0.0,0.0,361.8,0.0,5.0,1,Stopped,0,0,0,0,0,VALID,VALID
21C-04064,2026-08-17 21:47:00,361.8,0.0,0.0,"Xã Yên Bình, Tỉnh Lào Cai",0.0,2.0,1,0,0.0,0.0,361.8,0.0,5.0,1,Stopped,0,0,0,0,0,VALID,VALID
21C-04064,2026-08-17 21:50:00,361.8,0.0,0.0,"Xã Yên Bình, Tỉnh Lào Cai",0.0,3.0,1,0,0.0,0.0,361.8,0.0,5.0,1,Stopped,0,0,0,0,0,VALID,VALID
21C-04064,2026-08-17 21:52:00,361.8,0.0,0.0,"Xã Yên Bình, Tỉnh Lào Cai",0.0,2.0,1,0,0.0,0.0,361.8,0.0,5.0,1,Stopped,0,0,0,0,0,VALID,VALID
21C-04064,2026-08-17 21:54:00,361.8,0.0,0.0,"Xã Yên Bình, Tỉnh Lào Cai",0.0,2.0,1,0,0.0,0.0,361.8,0.0,5.0,1,Stopped,0,0,0,0,0,VALID,VALID
21C-04064,2026-08-17 21:56:00,361.8,0.0,0.0,"Xã Yên Bình, Tỉnh Lào Cai",0.0,2.0,1,0,0.0,0.0,361.8,0.0,5.0,1,Stopped,0,0,0,0,0,VALID,VALID
21C-04064,2026-08-17 21:58:00,361.8,0.0,0.0,"Xã Yên Bình, Tỉnh Lào Cai",0.0,2.0,1,0,0.0,0.0,361.8,0.0,5.0,1,Stopped,0,0,0,0,0,VALID,VALID
21C-04064,2026-08-17 22:00:00,361.8,0.0,0.0,"Xã Yên Bình, Tỉnh Lào Cai",0.0,2.0,1,0,0.0,0.0,361.8,0.0,5.0,1,Stopped,0,0,0,0,0,VALID,VALID
21C-04064,2026-08-17 22:02:00,361.8,0.0,0.0,"Xã Yên Bình, Tỉnh Lào Cai",0.0,2.0,1,0,0.0,0.0,361.8,0.0,5.0,1,Stopped,0,0,0,0,0,VALID,VALID
21C-04064,2026-08-17 22:04:00,361.6,5.0,0.041666666666666664,"Xã Yên Bình, Tỉnh Lào Cai",0.0,2.0,1,0,-0.19999999999998863,-0.09999999999999432,361.8,0.08944271881766881,5.0,1,Moving,0,0,0,0,0,VALID,VALID
21C-04064,2026-08-17 22:06:00,365.9,19.0,0.11666666666666667,"Quốc Lộ 70, Xã Yên Bình, Tỉnh Lào Cai",0.0,2.0,1,0,4.2999999999999545,2.1499999999999773,361.8,1.8579558659856272,5.0,1,Moving,0,0,0,0,0,VALID,VALID
21C-04064,2026-08-17 22:08:00,365.4,35.0,0.13333333333333333,"Quốc Lộ 70, Xã Yên Bình, Tỉnh Lào Cai",0.0,2.0,1,0,-0.5,-0.25,361.8,2.1540659228424857,5.0,1,Moving,0,0,0,0,0,VALID,VALID
21C-04064,2026-08-17 22:10:00,363.4,18.0,-0.14166666666666666,"Quốc Lộ 70, Xã Yên Bình, Tỉnh Lào Cai",0.0,2.0,1,0,-2.0,-1.0,363.4,1.9879637823541094,5.0,1,Moving,0,0,0,0,0,VALID,VALID
21C-04064,2026-08-17 22:12:00,367.1,0.0,-0.15,"Quốc Lộ 70, Xã Yên Bình, Tỉnh Lào Cai",0.0,2.0,1,0,3.7000000000000455,1.8500000000000227,365.4,2.178761115853008,5.0,1,Stopped,0,0,0,0,0,VALID,VALID
21C-04064,2026-08-17 22:14:00,362.8,30.0,0.25,"Quốc Lộ 70, Xã Đan Thượng, Tỉnh Phú Thọ",0.0,2.0,1,0,-4.300000000000011,-2.1500000000000057,365.4,1.7852170736225272,5.0,1,Moving,0,0,0,0,0,VALID,VALID
21C-04064,2026-08-17 22:16:00,358.9,38.0,0.06666666666666667,"Quốc Lộ 70, Xã Đan Thượng, Tỉnh Phú Thọ",0.0,2.0,1,0,-3.900000000000034,-1.950000000000017,363.4,3.091439794004043,5.0,1,Moving,0,0,0,0,0,VALID,VALID
21C-04064,2026-08-17 22:18:00,359.0,28.0,-0.08333333333333333,"Quốc Lộ 70, Xã Đan Thượng, Tỉnh Phú Thọ",0.0,2.0,1,0,0.10000000000002274,0.05000000000001137,362.8,3.4253466977738487,5.0,1,Moving,0,0,0,0,0,VALID,VALID
21C-04064,2026-08-17 22:20:00,358.9,28.0,0.0,"Quốc Lộ 70, Xã Bằng Luân, Tỉnh Phú Thọ",0.0,2.0,1,0,-0.10000000000002274,-0.05000000000001137,359.0,3.6294627701560866,5.0,1,Moving,0,0,0,0,0,VALID,VALID
21C-04064,2026-08-17 22:22:00,358.0,17.0,-0.09166666666666666,"Quốc Lộ 70, Xã Bằng Luân, Tỉnh Phú Thọ",0.0,2.0,1,0,-0.8999999999999773,-0.44999999999998863,358.9,1.8780308836508768,5.0,1,Moving,0,0,0,0,0,VALID,VALID
21C-04064,2026-08-17 22:24:00,355.9,19.0,0.016666666666666666,"Quốc Lộ 70, Xã Bằng Luân, Tỉnh Phú Thọ",0.0,2.0,1,0,-2.1000000000000227,-1.0500000000000114,358.9,1.3164345786800256,5.0,1,Moving,0,0,0,0,0,VALID,VALID
21C-04064,2026-08-17 22:26:00,354.2,37.0,0.15,"Quốc Lộ 70, Xã Bằng Luân, Tỉnh Phú Thọ",0.0,2.0,1,0,-1.6999999999999886,-0.8499999999999943,358.0,2.089258241564,5.0,1,Moving,0,0,0,0,0,VALID,VALID
21C-04064,2026-08-17 22:28:00,354.2,33.0,-0.03333333333333333,"Quốc Lộ 70, Xã Bằng Luân, Tỉnh Phú Thọ",0.0,2.0,1,0,0.0,0.0,355.9,2.1570813614561883,5.0,1,Moving,0,0,0,0,0,VALID,VALID
21C-04064,2026-08-17 22:30:00,355.3,26.0,-0.058333333333333334,"Quốc Lộ 70, Xã Bằng Luân, Tỉnh Phú Thọ",0.0,2.0,1,0,1.1000000000000227,0.5500000000000114,355.3,1.5674820572946353,5.0,1,Moving,0,0,0,0,0,VALID,VALID
21C-04064,2026-08-17 22:32:00,355.3,37.0,0.09166666666666666,"Quốc Lộ 70, Xã Bằng Luân, Tỉnh Phú Thọ",0.0,2.0,1,0,0.0,0.0,355.3,0.7529940238407237,5.0,1,Moving,0,0,0,0,0,VALID,VALID
21C-04064,2026-08-17 22:34:00,355.1,27.0,-0.08333333333333333,"Quốc Lộ 70, Xã Tây Cốc, Tỉnh Phú Thọ",0.0,2.0,1,0,-0.19999999999998863,-0.09999999999999432,355.1,0.5718391381670528,5.0,1,Moving,0,0,0,0,0,VALID,VALID
21C-04064,2026-08-17 22:36:00,354.0,35.0,0.06666666666666667,"Quốc Lộ 70, Xã Tây Cốc, Tỉnh Phú Thọ",0.0,2.0,1,0,-1.1000000000000227,-0.5500000000000114,355.1,0.6300793600329854,5.0,1,Moving,0,0,0,0,0,VALID,VALID
21C-04064,2026-08-17 22:38:00,354.0,36.0,0.008333333333333333,"Quốc Lộ 70, Xã Tây Cốc, Tỉnh Phú Thọ",0.0,2.0,1,0,0.0,0.0,355.1,0.680441033403714,5.0,1,Moving,0,0,0,0,0,VALID,VALID
21C-04064,2026-08-17 22:40:00,352.8,30.0,-0.05,"Quốc Lộ 70, Xã Tây Cốc, Tỉnh Phú Thọ",0.0,2.0,1,0,-1.1999999999999886,-0.5999999999999943,354.0,1.0064790111764843,5.0,1,Moving,0,0,0,0,0,VALID,VALID
21C-04064,2026-08-17 22:42:00,352.1,35.0,0.041666666666666664,"Quốc Lộ 70, Xã Tây Cốc, Tỉnh Phú Thọ",0.0,2.0,1,0,-0.6999999999999886,-0.3499999999999943,354.0,1.1683321445282024,5.0,1,Moving,0,0,0,0,0,VALID,VALID
21C-04064,2026-08-17 22:44:00,351.9,27.0,-0.06666666666666667,"Quốc Lộ 70, Xã Tây Cốc, Tỉnh Phú Thọ",0.0,2.0,1,0,-0.20000000000004547,-0.10000000000002274,352.8,1.0064790111755977,5.0,1,Moving,0,0,0,0,0,VALID,VALID
21C-04064,2026-08-17 22:46:00,351.9,26.0,-0.008333333333333333,"Quốc Lộ 70, Xã Bằng Luân, Tỉnh Phú Thọ",0.0,2.0,1,0,0.0,0.0,352.1,0.8961026726533508,5.0,1,Moving,0,0,0,0,0,VALID,VALID
21C-04064,2026-08-17 22:48:00,350.1,38.0,0.1,"Quốc Lộ 70, Xã Tây Cốc, Tỉnh Phú Thọ",0.0,2.0,1,0,-1.7999999999999545,-0.8999999999999773,351.9,0.9989994994670985,5.0,1,Moving,0,0,0,0,0,VALID,VALID
21C-04064,2026-08-17 22:50:00,349.9,38.0,0.0,"Quốc Lộ 70, Xã Tây Cốc, Tỉnh Phú Thọ",0.0,2.0,1,0,-0.20000000000004547,-0.10000000000002274,351.9,1.082589488187865,5.0,1,Moving,0,0,0,0,0,VALID,VALID
21C-04064,2026-08-17 22:52:00,349.8,0.0,-0.31666666666666665,"Quốc Lộ 70, Xã Tây Cốc, Tỉnh Phú Thọ",0.0,2.0,1,0,-0.0999999999999659,-0.04999999999998295,350.1,1.08258948818761,5.0,1,Stopped,0,0,0,0,0,VALID,VALID
21C-04064,2026-08-17 22:54:00,348.1,28.0,0.23333333333333334,"Quốc Lộ 70, Xã Tây Cốc, Tỉnh Phú Thọ",0.0,2.0,1,0,-1.6999999999999886,-0.8499999999999943,349.9,1.3483323032299497,5.0,1,Moving,0,0,0,0,0,VALID,VALID
21C-04064,2026-08-17 22:56:00,348.3,33.0,0.041666666666666664,"Quốc Lộ 70, Xã Đoan Hùng, Tỉnh Phú Thọ",0.0,2.0,1,0,0.19999999999998863,0.09999999999999432,349.8,0.9581231653250696,5.0,1,Moving,0,0,0,0,0,VALID,VALID
21C-04064,2026-08-17 22:58:00,348.1,33.0,0.0,"Quốc Lộ 70, Xã Đoan Hùng, Tỉnh Phú Thọ",0.0,2.0,1,0,-0.19999999999998863,-0.09999999999999432,348.3,0.9262828941160426,5.0,1,Moving,0,0,0,0,0,VALID,VALID
21C-04064,2026-08-17 23:00:00,346.0,26.0,-0.058333333333333334,"Quốc Lộ 70, Xã Đoan Hùng, Tỉnh Phú Thọ",0.0,2.0,1,0,-2.1000000000000227,-1.0500000000000114,348.1,1.3538833036606233,5.0,1,Moving,0,0,0,0,0,VALID,VALID
21C-04064,2026-08-17 23:02:00,346.9,26.0,0.0,"Quốc Lộ 70, Xã Đoan Hùng, Tỉnh Phú Thọ",0.0,2.0,1,0,0.8999999999999773,0.44999999999998863,348.1,0.9959919678040935,5.0,1,Moving,0,0,0,0,0,VALID,VALID
21C-04064,2026-08-17 23:04:00,347.1,25.0,-0.008333333333333333,"Quốc Lộ 70, Xã Đoan Hùng, Tỉnh Phú Thọ",0.0,2.0,1,0,0.20000000000004547,0.10000000000002274,347.1,0.9391485505126493,5.0,1,Moving,0,0,0,0,0,VALID,VALID
21C-04064,2026-08-17 23:06:00,344.0,35.0,0.08333333333333333,"Quốc Lộ 2, Xã Đoan Hùng, Tỉnh Phú Thọ",0.0,2.0,1,0,-3.1000000000000227,-1.5500000000000114,346.9,1.544991909340941,5.0,1,Moving,0,0,0,0,0,VALID,VALID
21C-04064,2026-08-17 23:08:00,344.2,26.0,-0.075,"Tỉnh Lộ 331, Xã Đoan Hùng, Tỉnh Phú Thọ",0.0,2.0,1,0,0.19999999999998863,0.09999999999999432,346.0,1.467310464737429,5.0,1,Moving,0,0,0,0,0,VALID,VALID
21C-04064,2026-08-17 23:10:00,344.5,31.0,0.041666666666666664,"Tỉnh Lộ 331, Xã Đoan Hùng, Tỉnh Phú Thọ",0.0,2.0,1,0,0.30000000000001137,0.15000000000000568,344.5,1.527416118786092,5.0,1,Moving,0,0,0,0,0,VALID,VALID
21C-04064,2026-08-17 23:12:00,344.3,28.0,-0.025,"Tỉnh Lộ 331, Xã Đoan Hùng, Tỉnh Phú Thọ",0.0,2.0,1,0,-0.19999999999998863,-0.09999999999999432,344.3,1.2872451203740913,5.0,1,Moving,0,0,0,0,0,VALID,VALID
21C-04064,2026-08-17 23:14:00,344.2,29.0,0.008333333333333333,"Tỉnh Lộ 331, Xã Chân Mộng, Tỉnh Phú Thọ",0.0,2.0,1,0,-0.10000000000002274,-0.05000000000001137,344.2,0.18165902104246773,5.0,1,Moving,0,0,0,0,0,VALID,VALID
21C-04064,2026-08-17 23:16:00,344.0,33.0,0.03333333333333333,"Tỉnh Lộ 331, Xã Chân Mộng, Tỉnh Phú Thọ",0.0,2.0,1,0,-0.19999999999998863,-0.09999999999999432,344.2,0.18165902104246773,5.0,1,Moving,0,0,0,0,0,VALID,VALID
21C-04064,2026-08-17 23:18:00,342.8,10.0,-0.19166666666666668,"Tỉnh Lộ 331, Xã Chân Mộng, Tỉnh Phú Thọ",0.0,2.0,1,0,-1.1999999999999886,-0.5999999999999943,344.2,0.6730527467633746,5.0,1,Moving,0,0,0,0,0,VALID,VALID
21C-04064,2026-08-17 23:20:00,340.4,0.0,-0.08333333333333333,"Xã Chân Mộng, Tỉnh Phú Thọ",0.0,2.0,1,0,-2.400000000000034,-1.200000000000017,344.0,1.645600194435057,5.0,1,Stopped,0,0,0,0,0,VALID,VALID
21C-04064,2026-08-17 23:22:00,341.3,0.0,0.0,"Xã Chân Mộng, Tỉnh Phú Thọ",0.0,2.0,1,0,0.9000000000000341,0.45000000000001705,342.8,1.6637307474239582,5.0,1,Stopped,0,0,0,0,0,VALID,VALID
21C-04064,2026-08-17 23:25:00,341.5,0.0,0.0,"Xã Chân Mộng, Tỉnh Phú Thọ",0.0,3.0,1,0,0.19999999999998863,0.06666666666666288,341.5,1.4089002803332649,5.0,1,Stopped,0,0,0,0,0,VALID,VALID
21C-04064,2026-08-17 23:27:00,341.6,0.0,0.0,"Xã Chân Mộng, Tỉnh Phú Thọ",0.0,2.0,1,0,0.10000000000002274,0.05000000000001137,341.5,0.858487041208243,5.0,1,Stopped,0,0,0,0,0,VALID,VALID
21C-04064,2026-08-17 23:29:00,341.6,0.0,0.0,"Xã Chân Mộng, Tỉnh Phú Thọ",0.0,2.0,1,0,0.0,0.0,341.5,0.5069516741486934,5.0,1,Stopped,0,0,0,0,0,VALID,VALID
21C-04064,2026-08-17 23:31:00,341.8,0.0,0.0,"Xã Chân Mộng, Tỉnh Phú Thọ",0.0,2.0,1,0,0.19999999999998863,0.09999999999999432,341.6,0.18165902103247977,5.0,1,Stopped,0,0,0,0,0,VALID,VALID
21C-04064,2026-08-17 23:34:00,341.8,0.0,0.0,"Xã Chân Mộng, Tỉnh Phú Thọ",0.0,3.0,1,0,0.0,0.0,341.6,0.13416407836151187,5.0,1,Stopped,0,0,0,0,0,VALID,VALID
21C-04064,2026-08-17 23:36:00,341.8,0.0,0.0,"Xã Chân Mộng, Tỉnh Phú Thọ",0.0,2.0,1,0,0.0,0.0,341.8,0.10954451114801671,5.0,1,Stopped,0,0,0,0,0,VALID,VALID
21C-04064,2026-08-17 23:38:00,341.8,0.0,0.0,"Xã Chân Mộng, Tỉnh Phú Thọ",0.0,2.0,1,0,0.0,0.0,341.8,0.08944271866789556,5.0,1,Stopped,0,0,0,0,0,VALID,VALID
21C-04064,2026-08-17 23:40:00,341.9,0.0,0.0,"Xã Chân Mộng, Tỉnh Phú Thọ",0.0,2.0,1,0,0.0999999999999659,0.04999999999998295,341.8,0.0447213586866312,5.0,1,Stopped,0,0,0,0,0,VALID,VALID
21C-04064,2026-08-17 23:42:00,341.9,0.0,0.0,"Xã Chân Mộng, Tỉnh Phú Thọ",0.0,2.0,1,0,0.0,0.0,341.8,0.0547722550458142,5.0,1,Stopped,0,0,0,0,0,VALID,VALID
21C-04064,2026-08-17 23:44:00,341.9,0.0,0.0,"Xã Chân Mộng, Tỉnh Phú Thọ",0.0,2.0,1,0,0.0,0.0,341.9,0.05477225504605678,5.0,1,Stopped,0,0,0,0,0,VALID,VALID
21C-04064,2026-08-17 23:47:00,341.9,0.0,0.0,"Xã Chân Mộng, Tỉnh Phú Thọ",0.0,3.0,1,0,0.0,0.0,341.9,0.04472135868752253,5.0,1,Stopped,0,0,0,0,0,VALID,VALID
21C-04064,2026-08-17 23:49:00,341.9,0.0,0.0,"Xã Chân Mộng, Tỉnh Phú Thọ",0.0,2.0,1,0,0.0,0.0,341.9,0.0,5.0,1,Stopped,0,0,0,0,0,VALID,VALID
21C-04064,2026-08-17 23:51:00,341.9,0.0,0.0,"Xã Chân Mộng, Tỉnh Phú Thọ",0.0,2.0,1,0,0.0,0.0,341.9,0.0,5.0,1,Stopped,0,0,0,0,0,VALID,VALID
21C-04064,2026-08-17 23:53:00,341.9,0.0,0.0,"Xã Chân Mộng, Tỉnh Phú Thọ",0.0,2.0,1,0,0.0,0.0,341.9,0.0,5.0,1,Stopped,0,0,0,0,0,VALID,VALID
21C-04064,2026-08-17 23:55:00,341.9,0.0,0.0,"Xã Chân Mộng, Tỉnh Phú Thọ",0.0,2.0,1,0,0.0,0.0,341.9,0.0,5.0,1,Stopped,0,0,0,0,0,VALID,VALID
21C-04064,2026-08-17 23:58:00,341.9,0.0,0.0,"Xã Chân Mộng, Tỉnh Phú Thọ",0.0,3.0,1,0,0.0,0.0,341.9,0.0,5.0,1,Stopped,0,0,0,0,0,VALID,VALID
21C-04064,2026-08-18 00:00:00,341.9,0.0,0.0,"Xã Chân Mộng, Tỉnh Phú Thọ",0.0,2.0,1,0,0.0,0.0,341.9,0.0,5.0,1,Stopped,0,0,0,0,0,VALID,VALID
21C-04064,2026-08-18 00:02:00,341.9,0.0,0.0,"Xã Chân Mộng, Tỉnh Phú Thọ",0.0,2.0,1,0,0.0,0.0,341.9,0.0,5.0,1,Stopped,0,0,0,0,0,VALID,VALID
21C-04064,2026-08-18 00:04:00,341.9,0.0,0.0,"Xã Chân Mộng, Tỉnh Phú Thọ",0.0,2.0,1,0,0.0,0.0,341.9,0.0,5.0,1,Stopped,0,0,0,0,0,VALID,VALID
21C-04064,2026-08-18 00:06:00,341.9,0.0,0.0,"Xã Chân Mộng, Tỉnh Phú Thọ",0.0,2.0,1,0,0.0,0.0,341.9,0.0,5.0,1,Stopped,0,0,0,0,0,VALID,VALID
21C-04064,2026-08-18 00:08:00,341.9,0.0,0.0,"Xã Chân Mộng, Tỉnh Phú Thọ",0.0,2.0,1,0,0.0,0.0,341.9,0.0,5.0,1,Stopped,0,0,0,0,0,VALID,VALID
21C-04064,2026-08-18 00:10:00,341.9,0.0,0.0,"Xã Chân Mộng, Tỉnh Phú Thọ",0.0,2.0,1,0,0.0,0.0,341.9,0.0,5.0,1,Stopped,0,0,0,0,0,VALID,VALID
21C-04064,2026-08-18 00:12:00,341.9,0.0,0.0,"Xã Chân Mộng, Tỉnh Phú Thọ",0.0,2.0,1,0,0.0,0.0,341.9,0.0,5.0,1,Stopped,0,0,0,0,0,VALID,VALID
21C-04064,2026-08-18 00:15:00,341.9,0.0,0.0,"Xã Chân Mộng, Tỉnh Phú Thọ",0.0,3.0,1,0,0.0,0.0,341.9,0.0,5.0,1,Stopped,0,0,0,0,0,VALID,VALID
21C-04064,2026-08-18 00:17:00,341.9,0.0,0.0,"Xã Chân Mộng, Tỉnh Phú Thọ",0.0,2.0,1,0,0.0,0.0,341.9,0.0,5.0,1,Stopped,0,0,0,0,0,VALID,VALID
21C-04064,2026-08-18 00:19:00,341.9,0.0,0.0,"Xã Chân Mộng, Tỉnh Phú Thọ",0.0,2.0,1,0,0.0,0.0,341.9,0.0,5.0,1,Stopped,0,0,0,0,0,VALID,VALID
21C-04064,2026-08-18 00:21:00,341.9,0.0,0.0,"Xã Chân Mộng, Tỉnh Phú Thọ",0.0,2.0,1,0,0.0,0.0,341.9,0.0,5.0,1,Stopped,0,0,0,0,0,VALID,VALID
21C-04064,2026-08-18 00:24:00,341.9,0.0,0.0,"Xã Chân Mộng, Tỉnh Phú Thọ",0.0,3.0,1,0,0.0,0.0,341.9,0.0,5.0,1,Stopped,0,0,0,0,0,VALID,VALID
21C-04064,2026-08-18 00:26:00,341.9,0.0,0.0,"Xã Chân Mộng, Tỉnh Phú Thọ",0.0,2.0,1,0,0.0,0.0,341.9,0.0,5.0,1,Stopped,0,0,0,0,0,VALID,VALID
21C-04064,2026-08-18 00:28:00,341.9,0.0,0.0,"Xã Chân Mộng, Tỉnh Phú Thọ",0.0,2.0,1,0,0.0,0.0,341.9,0.0,5.0,1,Stopped,0,0,0,0,0,VALID,VALID
21C-04064,2026-08-18 00:30:00,341.9,0.0,0.0,"Xã Chân Mộng, Tỉnh Phú Thọ",0.0,2.0,1,0,0.0,0.0,341.9,0.0,5.0,1,Stopped,0,0,0,0,0,VALID,VALID
21C-04064,2026-08-18 00:32:00,341.9,0.0,0.0,"Xã Chân Mộng, Tỉnh Phú Thọ",0.0,2.0,1,0,0.0,0.0,341.9,0.0,5.0,1,Stopped,0,0,0,0,0,VALID,VALID
21C-04064,2026-08-18 00:34:00,341.9,0.0,0.0,"Xã Chân Mộng, Tỉnh Phú Thọ",0.0,2.0,1,0,0.0,0.0,341.9,0.0,5.0,1,Stopped,0,0,0,0,0,VALID,VALID
21C-04064,2026-08-18 00:37:00,341.9,0.0,0.0,"Xã Chân Mộng, Tỉnh Phú Thọ",0.0,3.0,1,0,0.0,0.0,341.9,0.0,5.0,1,Stopped,0,0,0,0,0,VALID,VALID
21C-04064,2026-08-18 00:39:00,341.9,0.0,0.0,"Xã Chân Mộng, Tỉnh Phú Thọ",0.0,2.0,1,0,0.0,0.0,341.9,0.0,5.0,1,Stopped,0,0,0,0,0,VALID,VALID
21C-04064,2026-08-18 00:41:00,341.9,0.0,0.0,"Xã Chân Mộng, Tỉnh Phú Thọ",0.0,2.0,1,0,0.0,0.0,341.9,0.0,5.0,1,Stopped,0,0,0,0,0,VALID,VALID
21C-04064,2026-08-18 00:43:00,341.9,0.0,0.0,"Xã Chân Mộng, Tỉnh Phú Thọ",0.0,2.0,1,0,0.0,0.0,341.9,0.0,5.0,1,Stopped,0,0,0,0,0,VALID,VALID
21C-04064,2026-08-18 00:45:00,341.9,0.0,0.0,"Xã Chân Mộng, Tỉnh Phú Thọ",0.0,2.0,1,0,0.0,0.0,341.9,0.0,5.0,1,Stopped,0,0,0,0,0,VALID,VALID
21C-04064,2026-08-18 00:48:00,341.9,0.0,0.0,"Xã Chân Mộng, Tỉnh Phú Thọ",0.0,3.0,1,0,0.0,0.0,341.9,0.0,5.0,1,Stopped,0,0,0,0,0,VALID,VALID
21C-04064,2026-08-18 00:50:00,341.9,0.0,0.0,"Xã Chân Mộng, Tỉnh Phú Thọ",0.0,2.0,1,0,0.0,0.0,341.9,0.0,5.0,1,Stopped,0,0,0,0,0,VALID,VALID
21C-04064,2026-08-18 00:52:00,341.9,0.0,0.0,"Xã Chân Mộng, Tỉnh Phú Thọ",0.0,2.0,1,0,0.0,0.0,341.9,0.0,5.0,1,Stopped,0,0,0,0,0,VALID,VALID
21C-04064,2026-08-18 00:54:00,341.9,0.0,0.0,"Xã Chân Mộng, Tỉnh Phú Thọ",0.0,2.0,1,0,0.0,0.0,341.9,0.0,5.0,1,Stopped,0,0,0,0,0,VALID,VALID
21C-04064,2026-08-18 00:56:00,341.9,0.0,0.0,"Xã Chân Mộng, Tỉnh Phú Thọ",0.0,2.0,1,0,0.0,0.0,341.9,0.0,5.0,1,Stopped,0,0,0,0,0,VALID,VALID
21C-04064,2026-08-18 00:58:00,341.9,0.0,0.0,"Xã Chân Mộng, Tỉnh Phú Thọ",0.0,2.0,1,0,0.0,0.0,341.9,0.0,5.0,1,Stopped,0,0,0,0,0,VALID,VALID
21C-04064,2026-08-18 01:01:00,341.9,0.0,0.0,"Xã Chân Mộng, Tỉnh Phú Thọ",0.0,3.0,1,0,0.0,0.0,341.9,0.0,5.0,1,Stopped,0,0,0,0,0,VALID,VALID
21C-04064,2026-08-18 01:03:00,341.9,0.0,0.0,"Xã Chân Mộng, Tỉnh Phú Thọ",0.0,2.0,1,0,0.0,0.0,341.9,0.0,5.0,1,Stopped,0,0,0,0,0,VALID,VALID
21C-04064,2026-08-18 01:05:00,341.9,0.0,0.0,"Xã Chân Mộng, Tỉnh Phú Thọ",0.0,2.0,1,0,0.0,0.0,341.9,0.0,5.0,1,Stopped,0,0,0,0,0,VALID,VALID
21C-04064,2026-08-18 01:07:00,341.9,0.0,0.0,"Xã Chân Mộng, Tỉnh Phú Thọ",0.0,2.0,1,0,0.0,0.0,341.9,0.0,5.0,1,Stopped,0,0,0,0,0,VALID,VALID
21C-04064,2026-08-18 01:09:00,341.9,0.0,0.0,"Xã Chân Mộng, Tỉnh Phú Thọ",0.0,2.0,1,0,0.0,0.0,341.9,0.0,5.0,1,Stopped,0,0,0,0,0,VALID,VALID
21C-04064,2026-08-18 01:12:00,341.9,0.0,0.0,"Xã Chân Mộng, Tỉnh Phú Thọ",0.0,3.0,1,0,0.0,0.0,341.9,0.0,5.0,1,Stopped,0,0,0,0,0,VALID,VALID
21C-04064,2026-08-18 01:14:00,341.9,0.0,0.0,"Xã Chân Mộng, Tỉnh Phú Thọ",0.0,2.0,1,0,0.0,0.0,341.9,0.0,5.0,1,Stopped,0,0,0,0,0,VALID,VALID
21C-04064,2026-08-18 01:16:00,341.9,0.0,0.0,"Xã Chân Mộng, Tỉnh Phú Thọ",0.0,2.0,1,0,0.0,0.0,341.9,0.0,5.0,1,Stopped,0,0,0,0,0,VALID,VALID
21C-04064,2026-08-18 01:18:00,341.9,0.0,0.0,"Xã Chân Mộng, Tỉnh Phú Thọ",0.0,2.0,1,0,0.0,0.0,341.9,0.0,5.0,1,Stopped,0,0,0,0,0,VALID,VALID
21C-04064,2026-08-18 01:20:00,341.9,0.0,0.0,"Xã Chân Mộng, Tỉnh Phú Thọ",0.0,2.0,1,0,0.0,0.0,341.9,0.0,5.0,1,Stopped,0,0,0,0,0,VALID,VALID
21C-04064,2026-08-18 01:22:00,341.9,0.0,0.0,"Xã Chân Mộng, Tỉnh Phú Thọ",0.0,2.0,1,0,0.0,0.0,341.9,0.0,5.0,1,Stopped,0,0,0,0,0,VALID,VALID
21C-04064,2026-08-18 01:25:00,341.9,0.0,0.0,"Xã Chân Mộng, Tỉnh Phú Thọ",0.0,3.0,1,0,0.0,0.0,341.9,0.0,5.0,1,Stopped,0,0,0,0,0,VALID,VALID
21C-04064,2026-08-18 01:27:00,341.9,0.0,0.0,"Xã Chân Mộng, Tỉnh Phú Thọ",0.0,2.0,1,0,0.0,0.0,341.9,0.0,5.0,1,Stopped,0,0,0,0,0,VALID,VALID
21C-04064,2026-08-18 01:29:00,341.9,0.0,0.0,"Xã Chân Mộng, Tỉnh Phú Thọ",0.0,2.0,1,0,0.0,0.0,341.9,0.0,5.0,1,Stopped,0,0,0,0,0,VALID,VALID
21C-04064,2026-08-18 01:31:00,341.9,0.0,0.0,"Xã Chân Mộng, Tỉnh Phú Thọ",0.0,2.0,1,0,0.0,0.0,341.9,0.0,5.0,1,Stopped,0,0,0,0,0,VALID,VALID
21C-04064,2026-08-18 01:33:00,341.9,0.0,0.0,"Xã Chân Mộng, Tỉnh Phú Thọ",0.0,2.0,1,0,0.0,0.0,341.9,0.0,5.0,1,Stopped,0,0,0,0,0,VALID,VALID
21C-04064,2026-08-18 01:36:00,341.9,0.0,0.0,"Xã Chân Mộng, Tỉnh Phú Thọ",0.0,3.0,1,0,0.0,0.0,341.9,0.0,5.0,1,Stopped,0,0,0,0,0,VALID,VALID
21C-04064,2026-08-18 01:38:00,341.9,0.0,0.0,"Xã Chân Mộng, Tỉnh Phú Thọ",0.0,2.0,1,0,0.0,0.0,341.9,0.0,5.0,1,Stopped,0,0,0,0,0,VALID,VALID
21C-04064,2026-08-18 01:40:00,341.9,0.0,0.0,"Xã Chân Mộng, Tỉnh Phú Thọ",0.0,2.0,1,0,0.0,0.0,341.9,0.0,5.0,1,Stopped,0,0,0,0,0,VALID,VALID
21C-04064,2026-08-18 01:42:00,341.9,0.0,0.0,"Xã Chân Mộng, Tỉnh Phú Thọ",0.0,2.0,1,0,0.0,0.0,341.9,0.0,5.0,1,Stopped,0,0,0,0,0,VALID,VALID
21C-04064,2026-08-18 01:44:00,341.9,0.0,0.0,"Xã Chân Mộng, Tỉnh Phú Thọ",0.0,2.0,1,0,0.0,0.0,341.9,0.0,5.0,1,Stopped,0,0,0,0,0,VALID,VALID
21C-04064,2026-08-18 01:46:00,341.9,0.0,0.0,"Xã Chân Mộng, Tỉnh Phú Thọ",0.0,2.0,1,0,0.0,0.0,341.9,0.0,5.0,1,Stopped,0,0,0,0,0,VALID,VALID
21C-04064,2026-08-18 01:49:00,341.9,0.0,0.0,"Xã Chân Mộng, Tỉnh Phú Thọ",0.0,3.0,1,0,0.0,0.0,341.9,0.0,5.0,1,Stopped,0,0,0,0,0,VALID,VALID
21C-04064,2026-08-18 01:51:00,341.9,0.0,0.0,"Xã Chân Mộng, Tỉnh Phú Thọ",0.0,2.0,1,0,0.0,0.0,341.9,0.0,5.0,1,Stopped,0,0,0,0,0,VALID,VALID
21C-04064,2026-08-18 01:53:00,341.9,0.0,0.0,"Xã Chân Mộng, Tỉnh Phú Thọ",0.0,2.0,1,0,0.0,0.0,341.9,0.0,5.0,1,Stopped,0,0,0,0,0,VALID,VALID
21C-04064,2026-08-18 01:55:00,341.9,0.0,0.0,"Xã Chân Mộng, Tỉnh Phú Thọ",0.0,2.0,1,0,0.0,0.0,341.9,0.0,5.0,1,Stopped,0,0,0,0,0,VALID,VALID
21C-04064,2026-08-18 01:57:00,341.9,0.0,0.0,"Xã Chân Mộng, Tỉnh Phú Thọ",0.0,2.0,1,0,0.0,0.0,341.9,0.0,5.0,1,Stopped,0,0,0,0,0,VALID,VALID
21C-04064,2026-08-18 02:00:00,341.9,0.0,0.0,"Xã Chân Mộng, Tỉnh Phú Thọ",0.0,3.0,1,0,0.0,0.0,341.9,0.0,5.0,1,Stopped,0,0,0,0,0,VALID,VALID
21C-04064,2026-08-18 02:02:00,341.9,0.0,0.0,"Xã Chân Mộng, Tỉnh Phú Thọ",0.0,2.0,1,0,0.0,0.0,341.9,0.0,5.0,1,Stopped,0,0,0,0,0,VALID,VALID
21C-04064,2026-08-18 02:04:00,341.9,0.0,0.0,"Xã Chân Mộng, Tỉnh Phú Thọ",0.0,2.0,1,0,0.0,0.0,341.9,0.0,5.0,1,Stopped,0,0,0,0,0,VALID,VALID
21C-04064,2026-08-18 02:06:00,341.3,0.0,0.0,"Xã Chân Mộng, Tỉnh Phú Thọ",0.0,2.0,1,0,-0.5999999999999659,-0.29999999999998295,341.9,0.2683281571559692,5.0,1,Stopped,0,0,0,0,0,VALID,VALID
21C-04064,2026-08-18 02:08:00,342.1,0.0,0.0,"Xã Chân Mộng, Tỉnh Phú Thọ",0.0,2.0,1,0,0.8000000000000114,0.4000000000000057,341.9,0.3033150176347621,5.0,1,Stopped,0,0,0,0,0,VALID,VALID
21C-04064,2026-08-18 02:10:00,342.1,0.0,0.0,"Xã Chân Mộng, Tỉnh Phú Thọ",0.0,2.0,1,0,0.0,0.0,341.9,0.3286335343856878,5.0,1,Stopped,0,0,0,0,0,VALID,VALID
21C-04064,2026-08-18 02:12:00,342.1,0.0,0.0,"Xã Chân Mộng, Tỉnh Phú Thọ",0.0,2.0,1,0,0.0,0.0,342.1,0.3464101614024621,5.0,1,Stopped,0,0,0,0,0,VALID,VALID
21C-04064,2026-08-18 02:14:00,342.1,0.0,0.0,"Xã Chân Mộng, Tỉnh Phú Thọ",0.0,2.0,1,0,0.0,0.0,342.1,0.3577708762922555,5.0,1,Stopped,0,0,0,0,0,VALID,VALID
21C-04064,2026-08-18 02:16:00,342.1,0.0,0.0,"Xã Chân Mộng, Tỉnh Phú Thọ",0.0,2.0,1,0,0.0,0.0,342.1,0.0,5.0,1,Stopped,0,0,0,0,0,VALID,VALID
21C-04064,2026-08-18 02:18:00,342.1,0.0,0.0,"Xã Chân Mộng, Tỉnh Phú Thọ",0.0,2.0,1,0,0.0,0.0,342.1,0.0,5.0,1,Stopped,0,0,0,0,0,VALID,VALID
21C-04064,2026-08-18 02:21:00,342.1,0.0,0.0,"Xã Chân Mộng, Tỉnh Phú Thọ",0.0,3.0,1,0,0.0,0.0,342.1,0.0,5.0,1,Stopped,0,0,0,0,0,VALID,VALID
21C-04064,2026-08-18 02:23:00,342.1,0.0,0.0,"Xã Chân Mộng, Tỉnh Phú Thọ",0.0,2.0,1,0,0.0,0.0,342.1,0.0,5.0,1,Stopped,0,0,0,0,0,VALID,VALID
21C-04064,2026-08-18 02:25:00,342.2,0.0,0.0,"Xã Chân Mộng, Tỉnh Phú Thọ",0.0,2.0,1,0,0.0999999999999659,0.04999999999998295,342.1,0.044721358690594994,5.0,1,Stopped,0,0,0,0,0,VALID,VALID
21C-04064,2026-08-18 02:27:00,342.2,0.0,0.0,"Xã Chân Mộng, Tỉnh Phú Thọ",0.0,2.0,1,0,0.0,0.0,342.1,0.05477225504902727,5.0,1,Stopped,0,0,0,0,0,VALID,VALID
21C-04064,2026-08-18 02:29:00,342.2,0.0,0.0,"Xã Chân Mộng, Tỉnh Phú Thọ",0.0,2.0,1,0,0.0,0.0,342.2,0.0547722550492465,5.0,1,Stopped,0,0,0,0,0,VALID,VALID
21C-04064,2026-08-18 02:32:00,342.2,0.0,0.0,"Xã Chân Mộng, Tỉnh Phú Thọ",0.0,3.0,1,0,0.0,0.0,342.2,0.04472135869140052,5.0,1,Stopped,0,0,0,0,0,VALID,VALID
21C-04064,2026-08-18 02:34:00,342.2,0.0,0.0,"Xã Chân Mộng, Tỉnh Phú Thọ",0.0,2.0,1,0,0.0,0.0,342.2,0.0,5.0,1,Stopped,0,0,0,0,0,VALID,VALID
21C-04064,2026-08-18 02:36:00,342.2,0.0,0.0,"Xã Chân Mộng, Tỉnh Phú Thọ",0.0,2.0,1,0,0.0,0.0,342.2,0.0,5.0,1,Stopped,0,0,0,0,0,VALID,VALID
21C-04064,2026-08-18 02:38:00,342.2,0.0,0.0,"Xã Chân Mộng, Tỉnh Phú Thọ",0.0,2.0,1,0,0.0,0.0,342.2,0.0,5.0,1,Stopped,0,0,0,0,0,VALID,VALID
21C-04064,2026-08-18 02:40:00,342.2,0.0,0.0,"Xã Chân Mộng, Tỉnh Phú Thọ",0.0,2.0,1,0,0.0,0.0,342.2,0.0,5.0,1,Stopped,0,0,0,0,0,VALID,VALID
21C-04064,2026-08-18 02:42:00,342.2,0.0,0.0,"Xã Chân Mộng, Tỉnh Phú Thọ",0.0,2.0,1,0,0.0,0.0,342.2,0.0,5.0,1,Stopped,0,0,0,0,0,VALID,VALID
21C-04064,2026-08-18 02:45:00,342.2,0.0,0.0,"Xã Chân Mộng, Tỉnh Phú Thọ",0.0,3.0,1,0,0.0,0.0,342.2,0.0,5.0,1,Stopped,0,0,0,0,0,VALID,VALID
21C-04064,2026-08-18 02:47:00,342.2,0.0,0.0,"Xã Chân Mộng, Tỉnh Phú Thọ",0.0,2.0,1,0,0.0,0.0,342.2,0.0,5.0,1,Stopped,0,0,0,0,0,VALID,VALID
21C-04064,2026-08-18 02:49:00,342.2,0.0,0.0,"Xã Chân Mộng, Tỉnh Phú Thọ",0.0,2.0,1,0,0.0,0.0,342.2,0.0,5.0,1,Stopped,0,0,0,0,0,VALID,VALID
21C-04064,2026-08-18 02:51:00,342.2,0.0,0.0,"Xã Chân Mộng, Tỉnh Phú Thọ",0.0,2.0,1,0,0.0,0.0,342.2,0.0,5.0,1,Stopped,0,0,0,0,0,VALID,VALID
21C-04064,2026-08-18 02:53:00,342.2,0.0,0.0,"Xã Chân Mộng, Tỉnh Phú Thọ",0.0,2.0,1,0,0.0,0.0,342.2,0.0,5.0,1,Stopped,0,0,0,0,0,VALID,VALID
21C-04064,2026-08-18 02:56:00,342.2,0.0,0.0,"Xã Chân Mộng, Tỉnh Phú Thọ",0.0,3.0,1,0,0.0,0.0,342.2,0.0,5.0,1,Stopped,0,0,0,0,0,VALID,VALID
21C-04064,2026-08-18 02:58:00,342.2,0.0,0.0,"Xã Chân Mộng, Tỉnh Phú Thọ",0.0,2.0,1,0,0.0,0.0,342.2,0.0,5.0,1,Stopped,0,0,0,0,0,VALID,VALID
21C-04064,2026-08-18 03:00:00,342.2,0.0,0.0,"Xã Chân Mộng, Tỉnh Phú Thọ",0.0,2.0,1,0,0.0,0.0,342.2,0.0,5.0,1,Stopped,0,0,0,0,0,VALID,VALID
21C-04064,2026-08-18 03:02:00,342.2,0.0,0.0,"Xã Chân Mộng, Tỉnh Phú Thọ",0.0,2.0,1,0,0.0,0.0,342.2,0.0,5.0,1,Stopped,0,0,0,0,0,VALID,VALID
21C-04064,2026-08-18 03:04:00,342.2,0.0,0.0,"Xã Chân Mộng, Tỉnh Phú Thọ",0.0,2.0,1,0,0.0,0.0,342.2,0.0,5.0,1,Stopped,0,0,0,0,0,VALID,VALID
21C-04064,2026-08-18 03:06:00,342.2,0.0,0.0,"Xã Chân Mộng, Tỉnh Phú Thọ",0.0,2.0,1,0,0.0,0.0,342.2,0.0,5.0,1,Stopped,0,0,0,0,0,VALID,VALID
21C-04064,2026-08-18 03:09:00,342.2,0.0,0.0,"Xã Chân Mộng, Tỉnh Phú Thọ",0.0,3.0,1,0,0.0,0.0,342.2,0.0,5.0,1,Stopped,0,0,0,0,0,VALID,VALID
21C-04064,2026-08-18 03:11:00,342.2,0.0,0.0,"Xã Chân Mộng, Tỉnh Phú Thọ",0.0,2.0,1,0,0.0,0.0,342.2,0.0,5.0,1,Stopped,0,0,0,0,0,VALID,VALID
21C-04064,2026-08-18 03:13:00,342.2,0.0,0.0,"Xã Chân Mộng, Tỉnh Phú Thọ",0.0,2.0,1,0,0.0,0.0,342.2,0.0,5.0,1,Stopped,0,0,0,0,0,VALID,VALID
21C-04064,2026-08-18 03:15:00,342.2,0.0,0.0,"Xã Chân Mộng, Tỉnh Phú Thọ",0.0,2.0,1,0,0.0,0.0,342.2,0.0,5.0,1,Stopped,0,0,0,0,0,VALID,VALID
21C-04064,2026-08-18 03:17:00,342.2,0.0,0.0,"Xã Chân Mộng, Tỉnh Phú Thọ",0.0,2.0,1,0,0.0,0.0,342.2,0.0,5.0,1,Stopped,0,0,0,0,0,VALID,VALID
21C-04064,2026-08-18 03:20:00,342.2,0.0,0.0,"Xã Chân Mộng, Tỉnh Phú Thọ",0.0,3.0,1,0,0.0,0.0,342.2,0.0,5.0,1,Stopped,0,0,0,0,0,VALID,VALID
21C-04064,2026-08-18 03:22:00,342.2,0.0,0.0,"Xã Chân Mộng, Tỉnh Phú Thọ",0.0,2.0,1,0,0.0,0.0,342.2,0.0,5.0,1,Stopped,0,0,0,0,0,VALID,VALID
21C-04064,2026-08-18 03:24:00,342.2,0.0,0.0,"Xã Chân Mộng, Tỉnh Phú Thọ",0.0,2.0,1,0,0.0,0.0,342.2,0.0,5.0,1,Stopped,0,0,0,0,0,VALID,VALID
21C-04064,2026-08-18 03:26:00,342.2,0.0,0.0,"Xã Chân Mộng, Tỉnh Phú Thọ",0.0,2.0,1,0,0.0,0.0,342.2,0.0,5.0,1,Stopped,0,0,0,0,0,VALID,VALID
21C-04064,2026-08-18 03:28:00,342.2,0.0,0.0,"Xã Chân Mộng, Tỉnh Phú Thọ",0.0,2.0,1,0,0.0,0.0,342.2,0.0,5.0,1,Stopped,0,0,0,0,0,VALID,VALID
21C-04064,2026-08-18 03:30:00,342.2,0.0,0.0,"Xã Chân Mộng, Tỉnh Phú Thọ",0.0,2.0,1,0,0.0,0.0,342.2,0.0,5.0,1,Stopped,0,0,0,0,0,VALID,VALID
21C-04064,2026-08-18 03:33:00,342.2,0.0,0.0,"Xã Chân Mộng, Tỉnh Phú Thọ",0.0,3.0,1,0,0.0,0.0,342.2,0.0,5.0,1,Stopped,0,0,0,0,0,VALID,VALID
21C-04064,2026-08-18 03:35:00,342.2,0.0,0.0,"Xã Chân Mộng, Tỉnh Phú Thọ",0.0,2.0,1,0,0.0,0.0,342.2,0.0,5.0,1,Stopped,0,0,0,0,0,VALID,VALID
21C-04064,2026-08-18 03:37:00,342.2,0.0,0.0,"Xã Chân Mộng, Tỉnh Phú Thọ",0.0,2.0,1,0,0.0,0.0,342.2,0.0,5.0,1,Stopped,0,0,0,0,0,VALID,VALID
21C-04064,2026-08-18 03:39:00,342.2,0.0,0.0,"Xã Chân Mộng, Tỉnh Phú Thọ",0.0,2.0,1,0,0.0,0.0,342.2,0.0,5.0,1,Stopped,0,0,0,0,0,VALID,VALID
21C-04064,2026-08-18 03:41:00,342.2,0.0,0.0,"Xã Chân Mộng, Tỉnh Phú Thọ",0.0,2.0,1,0,0.0,0.0,342.2,0.0,5.0,1,Stopped,0,0,0,0,0,VALID,VALID
21C-04064,2026-08-18 03:44:00,342.2,0.0,0.0,"Xã Chân Mộng, Tỉnh Phú Thọ",0.0,3.0,1,0,0.0,0.0,342.2,0.0,5.0,1,Stopped,0,0,0,0,0,VALID,VALID
21C-04064,2026-08-18 03:46:00,342.2,0.0,0.0,"Xã Chân Mộng, Tỉnh Phú Thọ",0.0,2.0,1,0,0.0,0.0,342.2,0.0,5.0,1,Stopped,0,0,0,0,0,VALID,VALID
21C-04064,2026-08-18 03:48:00,342.2,0.0,0.0,"Xã Chân Mộng, Tỉnh Phú Thọ",0.0,2.0,1,0,0.0,0.0,342.2,0.0,5.0,1,Stopped,0,0,0,0,0,VALID,VALID
21C-04064,2026-08-18 03:50:00,342.2,0.0,0.0,"Xã Chân Mộng, Tỉnh Phú Thọ",0.0,2.0,1,0,0.0,0.0,342.2,0.0,5.0,1,Stopped,0,0,0,0,0,VALID,VALID
21C-04064,2026-08-18 03:52:00,342.2,0.0,0.0,"Xã Chân Mộng, Tỉnh Phú Thọ",0.0,2.0,1,0,0.0,0.0,342.2,0.0,5.0,1,Stopped,0,0,0,0,0,VALID,VALID
21C-04064,2026-08-18 03:54:00,342.2,0.0,0.0,"Xã Chân Mộng, Tỉnh Phú Thọ",0.0,2.0,1,0,0.0,0.0,342.2,0.0,5.0,1,Stopped,0,0,0,0,0,VALID,VALID
21C-04064,2026-08-18 03:57:00,342.2,0.0,0.0,"Xã Chân Mộng, Tỉnh Phú Thọ",0.0,3.0,1,0,0.0,0.0,342.2,0.0,5.0,1,Stopped,0,0,0,0,0,VALID,VALID
21C-04064,2026-08-18 03:59:00,342.2,0.0,0.0,"Xã Chân Mộng, Tỉnh Phú Thọ",0.0,2.0,1,0,0.0,0.0,342.2,0.0,5.0,1,Stopped,0,0,0,0,0,VALID,VALID
21C-04064,2026-08-18 04:01:00,342.2,0.0,0.0,"Xã Chân Mộng, Tỉnh Phú Thọ",0.0,2.0,1,0,0.0,0.0,342.2,0.0,5.0,1,Stopped,0,0,0,0,0,VALID,VALID
21C-04064,2026-08-18 04:03:00,342.2,0.0,0.0,"Xã Chân Mộng, Tỉnh Phú Thọ",0.0,2.0,1,0,0.0,0.0,342.2,0.0,5.0,1,Stopped,0,0,0,0,0,VALID,VALID
21C-04064,2026-08-18 04:06:00,342.2,0.0,0.0,"Xã Chân Mộng, Tỉnh Phú Thọ",0.0,3.0,1,0,0.0,0.0,342.2,0.0,5.0,1,Stopped,0,0,0,0,0,VALID,VALID
21C-04064,2026-08-18 04:08:00,342.2,0.0,0.0,"Xã Chân Mộng, Tỉnh Phú Thọ",0.0,2.0,1,0,0.0,0.0,342.2,0.0,5.0,1,Stopped,0,0,0,0,0,VALID,VALID
21C-04064,2026-08-18 04:10:00,342.2,0.0,0.0,"Xã Chân Mộng, Tỉnh Phú Thọ",0.0,2.0,1,0,0.0,0.0,342.2,0.0,5.0,1,Stopped,0,0,0,0,0,VALID,VALID
21C-04064,2026-08-18 04:12:00,342.2,0.0,0.0,"Xã Chân Mộng, Tỉnh Phú Thọ",0.0,2.0,1,0,0.0,0.0,342.2,0.0,5.0,1,Stopped,0,0,0,0,0,VALID,VALID
21C-04064,2026-08-18 04:14:00,342.2,0.0,0.0,"Xã Chân Mộng, Tỉnh Phú Thọ",0.0,2.0,1,0,0.0,0.0,342.2,0.0,5.0,1,Stopped,0,0,0,0,0,VALID,VALID
21C-04064,2026-08-18 04:16:00,342.2,0.0,0.0,"Xã Chân Mộng, Tỉnh Phú Thọ",0.0,2.0,1,0,0.0,0.0,342.2,0.0,5.0,1,Stopped,0,0,0,0,0,VALID,VALID
21C-04064,2026-08-18 04:19:00,342.2,0.0,0.0,"Xã Chân Mộng, Tỉnh Phú Thọ",0.0,3.0,1,0,0.0,0.0,342.2,0.0,5.0,1,Stopped,0,0,0,0,0,VALID,VALID
21C-04064,2026-08-18 04:21:00,342.2,0.0,0.0,"Xã Chân Mộng, Tỉnh Phú Thọ",0.0,2.0,1,0,0.0,0.0,342.2,0.0,5.0,1,Stopped,0,0,0,0,0,VALID,VALID
21C-04064,2026-08-18 04:23:00,342.2,0.0,0.0,"Xã Chân Mộng, Tỉnh Phú Thọ",0.0,2.0,1,0,0.0,0.0,342.2,0.0,5.0,1,Stopped,0,0,0,0,0,VALID,VALID
21C-04064,2026-08-18 04:25:00,342.2,0.0,0.0,"Xã Chân Mộng, Tỉnh Phú Thọ",0.0,2.0,1,0,0.0,0.0,342.2,0.0,5.0,1,Stopped,0,0,0,0,0,VALID,VALID
21C-04064,2026-08-18 04:27:00,342.2,0.0,0.0,"Xã Chân Mộng, Tỉnh Phú Thọ",0.0,2.0,1,0,0.0,0.0,342.2,0.0,5.0,1,Stopped,0,0,0,0,0,VALID,VALID
21C-04064,2026-08-18 04:30:00,342.2,0.0,0.0,"Xã Chân Mộng, Tỉnh Phú Thọ",0.0,3.0,1,0,0.0,0.0,342.2,0.0,5.0,1,Stopped,0,0,0,0,0,VALID,VALID
21C-04064,2026-08-18 04:32:00,342.2,0.0,0.0,"Xã Chân Mộng, Tỉnh Phú Thọ",0.0,2.0,1,0,0.0,0.0,342.2,0.0,5.0,1,Stopped,0,0,0,0,0,VALID,VALID
21C-04064,2026-08-18 04:34:00,342.2,0.0,0.0,"Xã Chân Mộng, Tỉnh Phú Thọ",0.0,2.0,1,0,0.0,0.0,342.2,0.0,5.0,1,Stopped,0,0,0,0,0,VALID,VALID
21C-04064,2026-08-18 04:36:00,342.2,0.0,0.0,"Xã Chân Mộng, Tỉnh Phú Thọ",0.0,2.0,1,0,0.0,0.0,342.2,0.0,5.0,1,Stopped,0,0,0,0,0,VALID,VALID
21C-04064,2026-08-18 04:38:00,342.2,0.0,0.0,"Xã Chân Mộng, Tỉnh Phú Thọ",0.0,2.0,1,0,0.0,0.0,342.2,0.0,5.0,1,Stopped,0,0,0,0,0,VALID,VALID
21C-04064,2026-08-18 04:40:00,342.2,0.0,0.0,"Xã Chân Mộng, Tỉnh Phú Thọ",0.0,2.0,1,0,0.0,0.0,342.2,0.0,5.0,1,Stopped,0,0,0,0,0,VALID,VALID
21C-04064,2026-08-18 04:43:00,342.2,0.0,0.0,"Xã Chân Mộng, Tỉnh Phú Thọ",0.0,3.0,1,0,0.0,0.0,342.2,0.0,5.0,1,Stopped,0,0,0,0,0,VALID,VALID
21C-04064,2026-08-18 04:45:00,342.2,0.0,0.0,"Xã Chân Mộng, Tỉnh Phú Thọ",0.0,2.0,1,0,0.0,0.0,342.2,0.0,5.0,1,Stopped,0,0,0,0,0,VALID,VALID
21C-04064,2026-08-18 04:47:00,342.2,0.0,0.0,"Xã Chân Mộng, Tỉnh Phú Thọ",0.0,2.0,1,0,0.0,0.0,342.2,0.0,5.0,1,Stopped,0,0,0,0,0,VALID,VALID
21C-04064,2026-08-18 04:49:00,342.2,0.0,0.0,"Xã Chân Mộng, Tỉnh Phú Thọ",0.0,2.0,1,0,0.0,0.0,342.2,0.0,5.0,1,Stopped,0,0,0,0,0,VALID,VALID
21C-04064,2026-08-18 04:51:00,342.2,0.0,0.0,"Xã Chân Mộng, Tỉnh Phú Thọ",0.0,2.0,1,0,0.0,0.0,342.2,0.0,5.0,1,Stopped,0,0,0,0,0,VALID,VALID
21C-04064,2026-08-18 04:54:00,342.2,0.0,0.0,"Xã Chân Mộng, Tỉnh Phú Thọ",0.0,3.0,1,0,0.0,0.0,342.2,0.0,5.0,1,Stopped,0,0,0,0,0,VALID,VALID
21C-04064,2026-08-18 04:56:00,342.2,0.0,0.0,"Xã Chân Mộng, Tỉnh Phú Thọ",0.0,2.0,1,0,0.0,0.0,342.2,0.0,5.0,1,Stopped,0,0,0,0,0,VALID,VALID
21C-04064,2026-08-18 04:58:00,342.2,0.0,0.0,"Xã Chân Mộng, Tỉnh Phú Thọ",0.0,2.0,1,0,0.0,0.0,342.2,0.0,5.0,1,Stopped,0,0,0,0,0,VALID,VALID
21C-04064,2026-08-18 05:00:00,342.2,0.0,0.0,"Xã Chân Mộng, Tỉnh Phú Thọ",0.0,2.0,1,0,0.0,0.0,342.2,0.0,5.0,1,Stopped,0,0,0,0,0,VALID,VALID
21C-04064,2026-08-18 05:02:00,342.2,0.0,0.0,"Xã Chân Mộng, Tỉnh Phú Thọ",0.0,2.0,1,0,0.0,0.0,342.2,0.0,5.0,1,Stopped,0,0,0,0,0,VALID,VALID
21C-04064,2026-08-18 05:04:00,342.2,0.0,0.0,"Xã Chân Mộng, Tỉnh Phú Thọ",0.0,2.0,1,0,0.0,0.0,342.2,0.0,5.0,1,Stopped,0,0,0,0,0,VALID,VALID
21C-04064,2026-08-18 05:07:00,342.2,0.0,0.0,"Xã Chân Mộng, Tỉnh Phú Thọ",0.0,3.0,1,0,0.0,0.0,342.2,0.0,5.0,1,Stopped,0,0,0,0,0,VALID,VALID
21C-04064,2026-08-18 05:09:00,342.2,0.0,0.0,"Xã Chân Mộng, Tỉnh Phú Thọ",0.0,2.0,1,0,0.0,0.0,342.2,0.0,5.0,1,Stopped,0,0,0,0,0,VALID,VALID
21C-04064,2026-08-18 05:11:00,342.2,0.0,0.0,"Xã Chân Mộng, Tỉnh Phú Thọ",0.0,2.0,1,0,0.0,0.0,342.2,0.0,5.0,1,Stopped,0,0,0,0,0,VALID,VALID
21C-04064,2026-08-18 05:13:00,342.2,0.0,0.0,"Xã Chân Mộng, Tỉnh Phú Thọ",0.0,2.0,1,0,0.0,0.0,342.2,0.0,5.0,1,Stopped,0,0,0,0,0,VALID,VALID
