VehicleID,FuelTime,FuelLevel,Speed,Acceleration,Lat,Lng,Address,DistanceMeters,TimeGapMinutes,SegmentID,IsSegmentStart,DeltaFuel,FuelRate,RollingMedian,RollingStd,RollingCount,RollingWindowReady,MovementState,FlagFuelZero,FlagLongGap,FlagLargeDelta,FlagSuspiciousGap,QualityFlag,QualityReason,FeatureStatus
92H-02687,2026-08-12 00:00:00,372.3,68,,,,"Cao tốc Quốc lộ 45-Nghi Sơn, Phường Trúc Lâm, Tỉnh Thanh Hóa",,,1,1,,,372.3,,1.0,0,Moving,0,0,0,0,0,VALID,VALID
92H-02687,2026-08-12 00:02:00,371.4,63,-0.041666666666666664,,,"Cao tốc Quốc lộ 45-Nghi Sơn, Phường Trúc Lâm, Tỉnh Thanh Hóa",,2.0,1,0,-0.9000000000000341,-0.45000000000001705,371.85,0.6363961030679369,2.0,0,Moving,0,0,0,0,0,VALID,VALID
92H-02687,2026-08-12 00:04:00,371.3,65,0.016666666666666666,,,"Cao tốc Quốc lộ 45-Nghi Sơn, Phường Trúc Lâm, Tỉnh Thanh Hóa",,2.0,1,0,-0.0999999999999659,-0.04999999999998295,371.4,0.5507570547286396,3.0,1,Moving,0,0,0,0,0,VALID,VALID
92H-02687,2026-08-12 00:06:00,370.2,71,0.05,,,"Cao tốc Quốc lộ 45-Nghi Sơn, Phường Trúc Lâm, Tỉnh Thanh Hóa",,2.0,1,0,-1.1000000000000227,-0.5500000000000114,371.35,0.8602325267042881,4.0,1,Moving,0,0,0,0,0,VALID,VALID
92H-02687,2026-08-12 00:08:00,369.3,68,-0.025,,,"Cao tốc Quốc lộ 45-Nghi Sơn, Xã Trường Lâm, Tỉnh Thanh Hóa",,2.0,1,0,-0.8999999999999773,-0.44999999999998863,371.3,1.1640446726823006,5.0,1,Moving,0,0,0,0,0,VALID,VALID
92H-02687,2026-08-12 00:10:00,369.2,69,0.008333333333333333,,,"Cao tốc Nghi Sơn - Diễn Châu, Xã Trường Lâm, Tỉnh Thanh Hóa",,2.0,1,0,-0.10000000000002274,-0.05000000000001137,370.2,1.0521406750050628,5.0,1,Moving,0,0,0,0,0,VALID,VALID
92H-02687,2026-08-12 00:12:00,369.0,69,0.0,,,"Cao tốc Nghi Sơn - Diễn Châu, Xã Trường Lâm, Tỉnh Thanh Hóa",,2.0,1,0,-0.19999999999998863,-0.09999999999999432,369.3,0.9565563234855426,5.0,1,Moving,0,0,0,0,0,VALID,VALID
92H-02687,2026-08-12 00:14:00,368.9,64,-0.041666666666666664,,,"Cao tốc Nghi Sơn - Diễn Châu, Xã Trường Lâm, Tỉnh Thanh Hóa",,2.0,1,0,-0.10000000000002274,-0.05000000000001137,369.2,0.5167204273107897,5.0,1,Moving,0,0,0,0,0,VALID,VALID
92H-02687,2026-08-12 00:16:00,368.9,69,0.041666666666666664,,,"Cao tốc Nghi Sơn - Diễn Châu, Phường Hoàng Mai, Tỉnh Nghệ An",,2.0,1,0,0.0,0.0,369.0,0.18165902124664832,5.0,1,Moving,0,0,0,0,0,VALID,VALID
92H-02687,2026-08-12 00:18:00,365.5,67,-0.016666666666666666,,,"Cao tốc Nghi Sơn - Diễn Châu, Phường Hoàng Mai, Tỉnh Nghệ An",,2.0,1,0,-3.3999999999999773,-1.6999999999999886,368.9,1.5700318468108843,5.0,1,Moving,0,0,0,0,0,VALID,VALID
92H-02687,2026-08-12 00:20:00,365.7,67,0.0,,,"Cao tốc Nghi Sơn - Diễn Châu, Phường Hoàng Mai, Tỉnh Nghệ An",,2.0,1,0,0.19999999999998863,0.09999999999999432,368.9,1.8275666882498576,5.0,1,Moving,0,0,0,0,0,VALID,VALID
92H-02687,2026-08-12 00:22:00,365.5,64,-0.025,,,"Cao tốc Nghi Sơn - Diễn Châu, Phường Hoàng Mai, Tỉnh Nghệ An",,2.0,1,0,-0.19999999999998863,-0.09999999999999432,365.7,1.8275666882499,5.0,1,Moving,0,0,0,0,0,VALID,VALID
92H-02687,2026-08-12 00:24:00,365.4,70,0.05,,,"Cao tốc Nghi Sơn - Diễn Châu, Xã Quỳnh Văn, Tỉnh Nghệ An",,2.0,1,0,-0.10000000000002274,-0.05000000000001137,365.5,1.5132745950424444,5.0,1,Moving,0,0,0,0,0,VALID,VALID
92H-02687,2026-08-12 00:26:00,365.2,58,-0.1,,,"Cao tốc Nghi Sơn - Diễn Châu, Xã Quỳnh Văn, Tỉnh Nghệ An",,2.0,1,0,-0.19999999999998863,-0.09999999999999432,365.5,0.1816590212486679,5.0,1,Moving,0,0,0,0,0,VALID,VALID
92H-02687,2026-08-12 00:28:00,365.2,58,0.0,,,"Cao tốc Nghi Sơn - Diễn Châu, Xã Quỳnh Sơn, Tỉnh Nghệ An",,2.0,1,0,0.0,0.0,365.4,0.2121320343584114,5.0,1,Moving,0,0,0,0,0,VALID,VALID
92H-02687,2026-08-12 00:30:00,361.9,58,0.0,,,"Cao tốc Nghi Sơn - Diễn Châu, Xã Quỳnh Sơn, Tỉnh Nghệ An",,2.0,1,0,-3.3000000000000114,-1.6500000000000057,365.2,1.5372052563015932,5.0,1,Moving,0,0,0,0,0,VALID,VALID
92H-02687,2026-08-12 00:32:00,361.9,62,0.03333333333333333,,,"Cao tốc Nghi Sơn - Diễn Châu, Xã Quỳnh Sơn, Tỉnh Nghệ An",,2.0,1,0,0.0,0.0,365.2,1.8458060569847081,5.0,1,Moving,0,0,0,0,0,VALID,VALID
92H-02687,2026-08-12 00:34:00,362.0,69,0.058333333333333334,,,"Cao tốc Nghi Sơn - Diễn Châu, Xã Quỳnh Sơn, Tỉnh Nghệ An",,2.0,1,0,0.10000000000002274,0.05000000000001137,362.0,1.7896927110544871,5.0,1,Moving,0,0,0,0,0,VALID,VALID
92H-02687,2026-08-12 00:36:00,362.0,71,0.016666666666666666,,,"Cao tốc Nghi Sơn - Diễn Châu, Xã Quỳnh Lưu, Tỉnh Nghệ An",,2.0,1,0,0.0,0.0,362.0,1.4543039572254832,5.0,1,Moving,0,0,0,0,0,VALID,VALID
92H-02687,2026-08-12 00:38:00,361.7,64,-0.058333333333333334,,,"Cao tốc Nghi Sơn - Diễn Châu, Xã Hùng Châu, Tỉnh Nghệ An",,2.0,1,0,-0.30000000000001137,-0.15000000000000568,361.9,0.12247448714675184,5.0,1,Moving,0,0,0,0,0,VALID,VALID
92H-02687,2026-08-12 00:40:00,361.4,69,0.041666666666666664,,,"Cao tốc Nghi Sơn - Diễn Châu, Xã Hùng Châu, Tỉnh Nghệ An",,2.0,1,0,-0.30000000000001137,-0.15000000000000568,361.9,0.25495097568333136,5.0,1,Moving,0,0,0,0,0,VALID,VALID
92H-02687,2026-08-12 00:42:00,361.3,59,-0.08333333333333333,,,"Cao tốc Nghi Sơn - Diễn Châu, Xã Đông Thành, Tỉnh Nghệ An",,2.0,1,0,-0.0999999999999659,-0.04999999999998295,361.7,0.32710854467882994,5.0,1,Moving,0,0,0,0,0,VALID,VALID
92H-02687,2026-08-12 00:44:00,360.1,68,0.075,,,"Cao tốc Nghi Sơn - Diễn Châu, Xã Đông Thành, Tỉnh Nghệ An",,2.0,1,0,-1.1999999999999886,-0.5999999999999943,361.4,0.7245688373108168,5.0,1,Moving,0,0,0,0,0,VALID,VALID
92H-02687,2026-08-12 00:46:00,359.1,0,-0.5666666666666667,,,"Cao tốc Nghi Sơn - Diễn Châu, Xã Quảng Châu, Tỉnh Nghệ An",,2.0,1,0,-1.0,-0.5,361.3,1.091787525117434,5.0,1,Stopped,0,0,0,0,0,VALID,VALID
92H-02687,2026-08-12 00:48:00,357.4,61,0.5083333333333333,,,"Cao tốc Nghi Sơn - Diễn Châu, Xã Quảng Châu, Tỉnh Nghệ An",,2.0,1,0,-1.7000000000000455,-0.8500000000000227,360.1,1.6682325976920396,5.0,1,Moving,0,0,0,0,0,VALID,VALID
92H-02687,2026-08-12 00:50:00,358.2,67,0.05,,,"Cao tốc Nghi Sơn - Diễn Châu, Xã Quảng Châu, Tỉnh Nghệ An",,2.0,1,0,0.8000000000000114,0.4000000000000057,359.1,1.5385057685957932,5.0,1,Moving,0,0,0,0,0,VALID,VALID
92H-02687,2026-08-12 00:52:00,358.0,66,-0.008333333333333333,,,"Cao tốc Nghi Sơn - Diễn Châu, Xã Minh Châu, Tỉnh Nghệ An",,2.0,1,0,-0.19999999999998863,-0.09999999999999432,358.2,1.0549881515934914,5.0,1,Moving,0,0,0,0,0,VALID,VALID
92H-02687,2026-08-12 00:54:00,356.7,5,-0.5083333333333333,,,"Cao tốc Nghi Sơn - Diễn Châu, Xã Minh Châu, Tỉnh Nghệ An",,2.0,1,0,-1.3000000000000114,-0.6500000000000057,358.0,0.8983317872605496,5.0,1,Moving,0,0,0,0,0,VALID,VALID
92H-02687,2026-08-12 00:56:00,355.8,0,-0.041666666666666664,,,"Cao tốc Nghi Sơn - Diễn Châu, Xã Minh Châu, Tỉnh Nghệ An",,2.0,1,0,-0.8999999999999773,-0.44999999999998863,357.4,0.9859006035107042,5.0,1,Stopped,0,0,0,0,0,VALID,VALID
92H-02687,2026-08-12 00:58:00,356.0,0,0.0,,,"Cao tốc Nghi Sơn - Diễn Châu, Xã Minh Châu, Tỉnh Nghệ An",,2.0,1,0,0.19999999999998863,0.09999999999999432,356.7,1.1126544836573524,5.0,1,Stopped,0,0,0,0,0,VALID,VALID
92H-02687,2026-08-12 01:00:00,357.0,63,0.525,,,"Cao tốc Nghi Sơn - Diễn Châu, Xã Minh Châu, Tỉnh Nghệ An",,2.0,1,0,1.0,0.5,356.7,0.8774964387408354,5.0,1,Moving,0,0,0,0,0,VALID,VALID
92H-02687,2026-08-12 01:02:00,357.0,60,-0.025,,,"Cao tốc Diễn Châu-Bãi Vọt, Xã Minh Châu, Tỉnh Nghệ An",,2.0,1,0,0.0,0.0,356.7,0.5656854249517743,5.0,1,Moving,0,0,0,0,0,VALID,VALID
92H-02687,2026-08-12 01:04:00,356.0,65,0.041666666666666664,,,"Cao tốc Diễn Châu-Bãi Vọt, Xã Tân Châu, Tỉnh Nghệ An",,2.0,1,0,-1.0,-0.5,356.0,0.589915248152548,5.0,1,Moving,0,0,0,0,0,VALID,VALID
92H-02687,2026-08-12 01:06:00,355.7,66,0.008333333333333333,,,"Cao tốc Diễn Châu-Bãi Vọt, Xã Tân Châu, Tỉnh Nghệ An",,2.0,1,0,-0.30000000000001137,-0.15000000000000568,356.0,0.6148170459599201,5.0,1,Moving,0,0,0,0,0,VALID,VALID
92H-02687,2026-08-12 01:08:00,355.4,65,-0.008333333333333333,,,"Cao tốc Diễn Châu-Bãi Vọt, Xã Tân Châu, Tỉnh Nghệ An",,2.0,1,0,-0.30000000000001137,-0.15000000000000568,356.0,0.7429670248422084,5.0,1,Moving,0,0,0,0,0,VALID,VALID
92H-02687,2026-08-12 01:10:00,356.1,61,-0.03333333333333333,,,"Cao tốc Diễn Châu-Bãi Vọt, Xã Tân Châu, Tỉnh Nghệ An",,2.0,1,0,0.7000000000000455,0.35000000000002274,356.0,0.6024948132580669,5.0,1,Moving,0,0,0,0,0,VALID,VALID
92H-02687,2026-08-12 01:12:00,356.3,0,-0.5083333333333333,,,"Xã Tân Châu, Tỉnh Nghệ An",,2.0,1,0,0.19999999999998863,0.09999999999999432,356.0,0.35355339059731977,5.0,1,Stopped,0,0,0,0,0,VALID,VALID
92H-02687,2026-08-12 01:14:00,354.7,0,0.0,,,"Xã Tân Châu, Tỉnh Nghệ An",,2.0,1,0,-1.6000000000000227,-0.8000000000000114,355.7,0.6308724118257687,5.0,1,Stopped,0,0,0,0,0,VALID,VALID
92H-02687,2026-08-12 01:16:00,352.3,69,0.575,,,"Cao tốc Diễn Châu-Bãi Vọt, Xã Thần Lĩnh, Tỉnh Nghệ An",,2.0,1,0,-2.3999999999999773,-1.1999999999999886,355.4,1.6149303390557836,5.0,1,Moving,0,0,0,0,0,VALID,VALID
92H-02687,2026-08-12 01:18:00,349.5,71,0.016666666666666666,,,"Cao tốc Diễn Châu-Bãi Vọt, Xã Thần Lĩnh, Tỉnh Nghệ An",,2.0,1,0,-2.8000000000000114,-1.4000000000000057,354.7,2.8761084819600864,5.0,1,Moving,0,0,0,0,0,VALID,VALID
92H-02687,2026-08-12 01:20:00,348.3,67,-0.03333333333333333,,,"Cao tốc Diễn Châu-Bãi Vọt, Xã Thần Lĩnh, Tỉnh Nghệ An",,2.0,1,0,-1.1999999999999886,-0.5999999999999943,352.3,3.3752036975570134,5.0,1,Moving,0,0,0,0,0,VALID,VALID
92H-02687,2026-08-12 01:22:00,349.7,62,-0.041666666666666664,,,"Cao tốc Diễn Châu-Bãi Vọt, Xã Yên Trung, Tỉnh Nghệ An",,2.0,1,0,1.3999999999999773,0.6999999999999886,349.7,2.576819745345483,5.0,1,Moving,0,0,0,0,0,VALID,VALID
92H-02687,2026-08-12 01:24:00,349.7,64,0.016666666666666666,,,"Cao tốc Diễn Châu-Bãi Vọt, Xã Yên Trung, Tỉnh Nghệ An",,2.0,1,0,0.0,0.0,349.7,1.4628738838335376,5.0,1,Moving,0,0,0,0,0,VALID,VALID
92H-02687,2026-08-12 01:26:00,349.7,66,0.016666666666666666,,,"Cao tốc Diễn Châu-Bãi Vọt, Xã Yên Trung, Tỉnh Nghệ An",,2.0,1,0,0.0,0.0,349.7,0.6099180272807931,5.0,1,Moving,0,0,0,0,0,VALID,VALID
92H-02687,2026-08-12 01:28:00,349.5,61,-0.041666666666666664,,,"Cao tốc Diễn Châu-Bãi Vọt, Xã Hưng Nguyên, Tỉnh Nghệ An",,2.0,1,0,-0.19999999999998863,-0.09999999999999432,349.7,0.6099180272807931,5.0,1,Moving,0,0,0,0,0,VALID,VALID
92H-02687,2026-08-12 01:30:00,348.6,59,-0.016666666666666666,,,"Cao tốc Diễn Châu-Bãi Vọt, Xã Hưng Nguyên, Tỉnh Nghệ An",,2.0,1,0,-0.8999999999999773,-0.44999999999998863,349.7,0.4774934554547323,5.0,1,Moving,0,0,0,0,0,VALID,VALID
92H-02687,2026-08-12 01:32:00,348.6,72,0.10833333333333334,,,"Cao tốc Diễn Châu-Bãi Vọt, Xã Hưng Nguyên, Tỉnh Nghệ An",,2.0,1,0,0.0,0.0,349.5,0.5718391382216428,5.0,1,Moving,0,0,0,0,0,VALID,VALID
92H-02687,2026-08-12 01:34:00,348.3,71,-0.008333333333333333,,,"Cao tốc Diễn Châu-Bãi Vọt, Xã Hưng Nguyên, Tỉnh Nghệ An",,2.0,1,0,-0.30000000000001137,-0.15000000000000568,348.6,0.6188699378722929,5.0,1,Moving,0,0,0,0,0,VALID,VALID
92H-02687,2026-08-12 01:36:00,348.0,66,-0.041666666666666664,,,"Cao tốc Diễn Châu-Bãi Vọt, Xã Hưng Nguyên, Tỉnh Nghệ An",,2.0,1,0,-0.30000000000001137,-0.15000000000000568,348.6,0.5612486080179302,5.0,1,Moving,0,0,0,0,0,VALID,VALID
92H-02687,2026-08-12 01:38:00,347.2,59,-0.058333333333333334,,,"Cao tốc Diễn Châu-Bãi Vọt, Xã Hưng Nguyên Nam, Tỉnh Nghệ An",,2.0,1,0,-0.8000000000000114,-0.4000000000000057,348.3,0.5813776741517279,5.0,1,Moving,0,0,0,0,0,VALID,VALID
92H-02687,2026-08-12 01:40:00,347.0,75,0.13333333333333333,,,"Cao tốc Diễn Châu-Bãi Vọt, Xã Lam Thành, Tỉnh Nghệ An",,2.0,1,0,-0.19999999999998863,-0.09999999999999432,348.0,0.6942621983098718,5.0,1,Moving,0,0,0,0,0,VALID,VALID
92H-02687,2026-08-12 01:42:00,345.7,71,-0.03333333333333333,,,"Cao tốc Diễn Châu-Bãi Vọt, Xã Lam Thành, Tỉnh Nghệ An",,2.0,1,0,-1.3000000000000114,-0.6500000000000057,347.2,1.0163660757827655,5.0,1,Moving,0,0,0,0,0,VALID,VALID
92H-02687,2026-08-12 01:44:00,345.5,61,-0.08333333333333333,,,"Cao tốc Diễn Châu-Bãi Vọt, Xã Lam Thành, Tỉnh Nghệ An",,2.0,1,0,-0.19999999999998863,-0.09999999999999432,347.0,1.056882207250207,5.0,1,Moving,0,0,0,0,0,VALID,VALID
92H-02687,2026-08-12 01:46:00,345.2,67,0.05,,,"Cao tốc Diễn Châu-Bãi Vọt, Xã Đức Quang, Tỉnh Hà Tĩnh",,2.0,1,0,-0.30000000000001137,-0.15000000000000568,345.7,0.9148770409197581,5.0,1,Moving,0,0,0,0,0,VALID,VALID
92H-02687,2026-08-12 01:48:00,344.2,57,-0.08333333333333333,,,"Cao tốc Diễn Châu-Bãi Vọt, Xã Đức Quang, Tỉnh Hà Tĩnh",,2.0,1,0,-1.0,-0.5,345.5,1.0084641788393571,5.0,1,Moving,0,0,0,0,0,VALID,VALID
92H-02687,2026-08-12 01:50:00,343.2,58,0.008333333333333333,,,"Cao tốc Bãi Vọt - Hàm Nghi, Xã Đức Thịnh, Tỉnh Hà Tĩnh",,2.0,1,0,-1.0,-0.5,345.2,1.04546640309587,5.0,1,Moving,0,0,0,0,0,VALID,VALID
92H-02687,2026-08-12 01:52:00,343.2,67,0.075,,,"Cao tốc Bãi Vọt - Hàm Nghi, Xã Đức Thịnh, Tỉnh Hà Tĩnh",,2.0,1,0,0.0,0.0,344.2,1.0807404868895698,5.0,1,Moving,0,0,0,0,0,VALID,VALID
92H-02687,2026-08-12 01:54:00,343.0,66,-0.008333333333333333,,,"Cao tốc Bãi Vọt - Hàm Nghi, Xã Trường Lưu, Tỉnh Hà Tĩnh",,2.0,1,0,-0.19999999999998863,-0.09999999999999432,343.2,0.9316651759094342,5.0,1,Moving,0,0,0,0,0,VALID,VALID
92H-02687,2026-08-12 01:56:00,342.8,63,-0.025,,,"Cao tốc Bãi Vọt - Hàm Nghi, Xã Trường Lưu, Tỉnh Hà Tĩnh",,2.0,1,0,-0.19999999999998863,-0.09999999999999432,343.2,0.5403702434465106,5.0,1,Moving,0,0,0,0,0,VALID,VALID
92H-02687,2026-08-12 01:58:00,342.6,62,-0.008333333333333333,,,"Cao tốc Bãi Vọt - Hàm Nghi, Xã Trường Lưu, Tỉnh Hà Tĩnh",,2.0,1,0,-0.19999999999998863,-0.09999999999999432,343.0,0.2607680962129337,5.0,1,Moving,0,0,0,0,0,VALID,VALID
92H-02687,2026-08-12 02:00:00,342.2,64,0.016666666666666666,,,"Cao tốc Bãi Vọt - Hàm Nghi, Xã Gia Hanh, Tỉnh Hà Tĩnh",,2.0,1,0,-0.4000000000000341,-0.20000000000001705,342.8,0.38470768123674953,5.0,1,Moving,0,0,0,0,0,VALID,VALID
92H-02687,2026-08-12 02:02:00,341.1,64,0.0,,,"Cao tốc Bãi Vọt - Hàm Nghi, Xã Đồng Lộc, Tỉnh Hà Tĩnh",,2.0,1,0,-1.099999999999966,-0.549999999999983,342.6,0.7536577472584108,5.0,1,Moving,0,0,0,0,0,VALID,VALID
92H-02687,2026-08-12 02:04:00,340.8,65,0.008333333333333333,,,"Cao tốc Bãi Vọt - Hàm Nghi, Xã Đồng Lộc, Tỉnh Hà Tĩnh",,2.0,1,0,-0.30000000000001137,-0.15000000000000568,342.2,0.9000000000015111,5.0,1,Moving,0,0,0,0,0,VALID,VALID
92H-02687,2026-08-12 02:06:00,338.6,0,-0.5416666666666666,,,"Cao tốc Bãi Vọt - Hàm Nghi, Xã Xuân Lộc, Tỉnh Hà Tĩnh",,2.0,1,0,-2.1999999999999886,-1.0999999999999943,341.1,1.5646085772495633,5.0,1,Stopped,0,0,0,0,0,VALID,VALID
92H-02687,2026-08-12 02:08:00,338.8,68,0.5666666666666667,,,"Cao tốc Bãi Vọt - Hàm Nghi, Xã Xuân Lộc, Tỉnh Hà Tĩnh",,2.0,1,0,0.19999999999998863,0.09999999999999432,340.8,1.5524174696269952,5.0,1,Moving,0,0,0,0,0,VALID,VALID
92H-02687,2026-08-12 02:10:00,338.6,68,0.0,,,"Cao tốc Bãi Vọt - Hàm Nghi, Xã Xuân Lộc, Tỉnh Hà Tĩnh",,2.0,1,0,-0.19999999999998863,-0.09999999999999432,338.8,1.2577758146837292,5.0,1,Moving,0,0,0,0,0,VALID,VALID
92H-02687,2026-08-12 02:12:00,338.5,65,-0.025,,,"Cao tốc Bãi Vọt - Hàm Nghi, Xã Việt Xuyên, Tỉnh Hà Tĩnh",,2.0,1,0,-0.10000000000002274,-0.05000000000001137,338.6,0.978774744261148,5.0,1,Moving,0,0,0,0,0,VALID,VALID
92H-02687,2026-08-12 02:14:00,338.2,70,0.041666666666666664,,,"Cao tốc Bãi Vọt - Hàm Nghi, Xã Việt Xuyên, Tỉnh Hà Tĩnh",,2.0,1,0,-0.30000000000001137,-0.15000000000000568,338.6,0.21908902301027555,5.0,1,Moving,0,0,0,0,0,VALID,VALID
92H-02687,2026-08-12 02:16:00,337.2,62,-0.06666666666666667,,,"Cao tốc Bãi Vọt - Hàm Nghi, Xã Toàn Lưu, Tỉnh Hà Tĩnh",,2.0,1,0,-1.0,-0.5,338.5,0.6308724118263896,5.0,1,Moving,0,0,0,0,0,VALID,VALID
92H-02687,2026-08-12 02:18:00,336.1,64,0.016666666666666666,,,"Cao tốc Hàm Nghi-Vũng Áng, Xã Toàn Lưu, Tỉnh Hà Tĩnh",,2.0,1,0,-1.099999999999966,-0.549999999999983,338.2,1.0616025621689475,5.0,1,Moving,0,0,0,0,0,VALID,VALID
92H-02687,2026-08-12 02:20:00,336.1,72,0.06666666666666667,,,"Cao tốc Hàm Nghi-Vũng Áng, Phường Hà Huy Tập, Tỉnh Hà Tĩnh",,2.0,1,0,0.0,0.0,337.2,1.1300442469229537,5.0,1,Moving,0,0,0,0,0,VALID,VALID
92H-02687,2026-08-12 02:22:00,335.8,68,-0.03333333333333333,,,"Cao tốc Hàm Nghi-Vũng Áng, Phường Hà Huy Tập, Tỉnh Hà Tĩnh",,2.0,1,0,-0.30000000000001137,-0.15000000000000568,336.1,1.0034938963460072,5.0,1,Moving,0,0,0,0,0,VALID,VALID
92H-02687,2026-08-12 02:24:00,335.0,66,-0.016666666666666666,,,"Cao tốc Hàm Nghi-Vũng Áng, Phường Hà Huy Tập, Tỉnh Hà Tĩnh",,2.0,1,0,-0.8000000000000114,-0.4000000000000057,336.1,0.7893034904291999,5.0,1,Moving,0,0,0,0,0,VALID,VALID
92H-02687,2026-08-12 02:26:00,334.7,69,0.025,,,"Cao tốc Hàm Nghi-Vũng Áng, Phường Hà Huy Tập, Tỉnh Hà Tĩnh",,2.0,1,0,-0.30000000000001137,-0.15000000000000568,335.8,0.650384501663242,5.0,1,Moving,0,0,0,0,0,VALID,VALID
92H-02687,2026-08-12 02:28:00,334.4,65,-0.03333333333333333,,,"Cao tốc Hàm Nghi-Vũng Áng, Xã Cẩm Duệ, Tỉnh Hà Tĩnh",,2.0,1,0,-0.30000000000001137,-0.15000000000000568,335.0,0.7245688373120757,5.0,1,Moving,0,0,0,0,0,VALID,VALID
92H-02687,2026-08-12 02:30:00,333.3,70,0.041666666666666664,,,"Cao tốc Hàm Nghi-Vũng Áng, Xã Cẩm Duệ, Tỉnh Hà Tĩnh",,2.0,1,0,-1.099999999999966,-0.549999999999983,334.7,0.9126883367304508,5.0,1,Moving,0,0,0,0,0,VALID,VALID
92H-02687,2026-08-12 02:32:00,333.2,65,-0.041666666666666664,,,"Cao tốc Hàm Nghi-Vũng Áng, Xã Cẩm Xuyên, Tỉnh Hà Tĩnh",,2.0,1,0,-0.10000000000002274,-0.05000000000001137,334.4,0.8228000972312923,5.0,1,Moving,0,0,0,0,0,VALID,VALID
92H-02687,2026-08-12 02:34:00,332.3,69,0.03333333333333333,,,"Cao tốc Hàm Nghi-Vũng Áng, Xã Cẩm Xuyên, Tỉnh Hà Tĩnh",,2.0,1,0,-0.8999999999999773,-0.44999999999998863,333.3,0.9731392500581808,5.0,1,Moving,0,0,0,0,0,VALID,VALID
92H-02687,2026-08-12 02:36:00,332.2,69,0.0,,,"Cao tốc Hàm Nghi-Vũng Áng, Xã Cẩm Xuyên, Tỉnh Hà Tĩnh",,2.0,1,0,-0.10000000000002274,-0.05000000000001137,333.2,0.892748564828742,5.0,1,Moving,0,0,0,0,0,VALID,VALID
92H-02687,2026-08-12 02:38:00,331.1,65,-0.03333333333333333,,,"Cao tốc Hàm Nghi-Vũng Áng, Xã Cẩm Hưng, Tỉnh Hà Tĩnh",,2.0,1,0,-1.099999999999966,-0.549999999999983,332.3,0.892748564828742,5.0,1,Moving,0,0,0,0,0,VALID,VALID
92H-02687,2026-08-12 02:40:00,328.9,0,-0.5416666666666666,,,"Xã Cẩm Hưng, Tỉnh Hà Tĩnh",,2.0,1,0,-2.2000000000000455,-1.1000000000000227,332.2,1.653178756215996,5.0,1,Stopped,0,0,0,0,0,VALID,VALID
92H-02687,2026-08-12 02:42:00,326.6,0,0.0,,,"Xã Cẩm Hưng, Tỉnh Hà Tĩnh",,2.0,1,0,-2.2999999999999545,-1.1499999999999773,331.1,2.442744358299467,5.0,1,Stopped,0,0,0,0,0,VALID,VALID
92H-02687,2026-08-12 02:44:00,326.3,0,0.0,,,"Xã Cẩm Hưng, Tỉnh Hà Tĩnh",,2.0,1,0,-0.30000000000001137,-0.15000000000000568,328.9,2.6319194516557585,5.0,1,Stopped,0,0,0,0,0,VALID,VALID
92H-02687,2026-08-12 02:46:00,326.0,0,0.0,,,"Xã Cẩm Hưng, Tỉnh Hà Tĩnh",,2.0,1,0,-0.30000000000001137,-0.15000000000000568,326.6,2.1810547906928086,5.0,1,Stopped,0,0,0,0,0,VALID,VALID
92H-02687,2026-08-12 02:48:00,325.9,0,0.0,,,"Xã Cẩm Hưng, Tỉnh Hà Tĩnh",,2.0,1,0,-0.10000000000002274,-0.05000000000001137,326.3,1.2381437719441553,5.0,1,Stopped,0,0,0,0,0,VALID,VALID
92H-02687,2026-08-12 02:50:00,325.9,0,0.0,,,"Xã Cẩm Hưng, Tỉnh Hà Tĩnh",,2.0,1,0,0.0,0.0,326.0,0.3049590136463709,5.0,1,Stopped,0,0,0,0,0,VALID,VALID
92H-02687,2026-08-12 02:52:00,325.7,0,0.0,,,"Xã Cẩm Hưng, Tỉnh Hà Tĩnh",,2.0,1,0,-0.19999999999998863,-0.09999999999999432,325.9,0.21908902301160257,5.0,1,Stopped,0,0,0,0,0,VALID,VALID
92H-02687,2026-08-12 02:54:00,325.7,0,0.0,,,"Xã Cẩm Hưng, Tỉnh Hà Tĩnh",,2.0,1,0,0.0,0.0,325.9,0.13416407866560007,5.0,1,Stopped,0,0,0,0,0,VALID,VALID
92H-02687,2026-08-12 02:56:00,325.6,0,0.0,,,"Xã Cẩm Hưng, Tỉnh Hà Tĩnh",,2.0,1,0,-0.0999999999999659,-0.04999999999998295,325.7,0.1341640786656276,5.0,1,Stopped,0,0,0,0,0,VALID,VALID
92H-02687,2026-08-12 02:58:00,325.6,0,0.0,,,"Xã Cẩm Hưng, Tỉnh Hà Tĩnh",,2.0,1,0,0.0,0.0,325.7,0.1224744871563278,5.0,1,Stopped,0,0,0,0,0,VALID,VALID
92H-02687,2026-08-12 03:00:00,325.6,14,0.11666666666666667,,,"Xã Cẩm Hưng, Tỉnh Hà Tĩnh",,2.0,1,0,0.0,0.0,325.6,0.05477225578901329,5.0,1,Moving,0,0,0,0,0,VALID,VALID
92H-02687,2026-08-12 03:02:00,327.5,0,-0.11666666666666667,,,"Cao tốc Hàm Nghi-Vũng Áng, Xã Cẩm Hưng, Tỉnh Hà Tĩnh",,2.0,1,0,1.8999999999999773,0.9499999999999886,325.6,0.8396427811897897,5.0,1,Stopped,0,0,0,0,0,VALID,VALID
92H-02687,2026-08-12 03:04:00,330.0,0,0.0,,,"Cao tốc Hàm Nghi-Vũng Áng, Xã Cẩm Hưng, Tỉnh Hà Tĩnh",,2.0,1,0,2.5,1.25,325.6,1.93855616374761,5.0,1,Stopped,0,0,0,0,0,VALID,VALID
92H-02687,2026-08-12 03:06:00,331.0,0,0.0,,,"Cao tốc Hàm Nghi-Vũng Áng, Xã Cẩm Hưng, Tỉnh Hà Tĩnh",,2.0,1,0,1.0,0.5,327.5,2.4875690945184736,5.0,1,Stopped,0,0,0,0,0,VALID,VALID
92H-02687,2026-08-12 03:08:00,332.6,75,0.625,,,"Cao tốc Hàm Nghi-Vũng Áng, Xã Cẩm Hưng, Tỉnh Hà Tĩnh",,2.0,1,0,1.6000000000000227,0.8000000000000114,330.0,2.792489928361958,5.0,1,Moving,0,0,0,0,0,VALID,VALID
92H-02687,2026-08-12 03:10:00,328.6,78,0.025,,,"Cao tốc Hàm Nghi-Vũng Áng, Xã Cẩm Lạc, Tỉnh Hà Tĩnh",,2.0,1,0,-4.0,-2.0,330.0,1.9969977466193551,5.0,1,Moving,0,0,0,0,0,VALID,VALID
92H-02687,2026-08-12 03:12:00,328.4,78,0.0,,,"Cao tốc Hàm Nghi-Vũng Áng, Xã Cẩm Lạc, Tỉnh Hà Tĩnh",,2.0,1,0,-0.20000000000004547,-0.10000000000002274,330.0,1.746997424154571,5.0,1,Moving,0,0,0,0,0,VALID,VALID
92H-02687,2026-08-12 03:14:00,327.3,77,-0.008333333333333333,,,"Cao tốc Hàm Nghi-Vũng Áng, Xã Cẩm Lạc, Tỉnh Hà Tĩnh",,2.0,1,0,-1.099999999999966,-0.549999999999983,328.6,2.1614809737776635,5.0,1,Moving,0,0,0,0,0,VALID,VALID
92H-02687,2026-08-12 03:16:00,327.0,77,0.0,,,"Cao tốc Hàm Nghi-Vũng Áng, Xã Cẩm Lạc, Tỉnh Hà Tĩnh",,2.0,1,0,-0.30000000000001137,-0.15000000000000568,328.4,2.2432119828502692,5.0,1,Moving,0,0,0,0,0,VALID,VALID
92H-02687,2026-08-12 03:18:00,326.7,67,-0.08333333333333333,,,"Cao tốc Hàm Nghi-Vũng Áng, Xã Kỳ Xuân, Tỉnh Hà Tĩnh",,2.0,1,0,-0.30000000000001137,-0.15000000000000568,327.3,0.8514693182982218,5.0,1,Moving,0,0,0,0,0,VALID,VALID
92H-02687,2026-08-12 03:20:00,325.6,75,0.06666666666666667,,,"Cao tốc Hàm Nghi-Vũng Áng, Xã Kỳ Xuân, Tỉnh Hà Tĩnh",,2.0,1,0,-1.099999999999966,-0.549999999999983,327.0,1.0124228365674617,5.0,1,Moving,0,0,0,0,0,VALID,VALID
92H-02687,2026-08-12 03:22:00,324.1,71,-0.03333333333333333,,,"Cao tốc Hàm Nghi-Vũng Áng, Xã Kỳ Văn, Tỉnh Hà Tĩnh",,2.0,1,0,-1.5,-0.75,326.7,1.3088162590690353,5.0,1,Moving,0,0,0,0,0,VALID,VALID
92H-02687,2026-08-12 03:24:00,323.8,70,-0.008333333333333333,,,"Cao tốc Hàm Nghi-Vũng Áng, Xã Kỳ Văn, Tỉnh Hà Tĩnh",,2.0,1,0,-0.30000000000001137,-0.15000000000000568,325.6,1.4604793733578145,5.0,1,Moving,0,0,0,0,0,VALID,VALID
92H-02687,2026-08-12 03:26:00,323.9,74,0.03333333333333333,,,"Cao tốc Hàm Nghi-Vũng Áng, Xã Kỳ Văn, Tỉnh Hà Tĩnh",,2.0,1,0,0.0999999999999659,0.04999999999998295,324.1,1.279453008126445,5.0,1,Moving,0,0,0,0,0,VALID,VALID
92H-02687,2026-08-12 03:28:00,321.3,79,0.041666666666666664,,,"Cao tốc Hàm Nghi-Vũng Áng, Xã Kỳ Văn, Tỉnh Hà Tĩnh",,2.0,1,0,-2.599999999999966,-1.299999999999983,323.9,1.546932448429507,5.0,1,Moving,0,0,0,0,0,VALID,VALID
92H-02687,2026-08-12 03:30:00,320.0,73,-0.05,,,"Cao tốc Hàm Nghi-Vũng Áng, Xã Kỳ Văn, Tỉnh Hà Tĩnh",,2.0,1,0,-1.3000000000000114,-0.6500000000000057,323.8,1.8593009439045685,5.0,1,Moving,0,0,0,0,0,VALID,VALID
92H-02687,2026-08-12 03:32:00,320.1,72,-0.008333333333333333,,,"Cao tốc Hàm Nghi-Vũng Áng, Xã Kỳ Hoa, Tỉnh Hà Tĩnh",,2.0,1,0,0.10000000000002274,0.05000000000001137,321.3,1.92275843516667,5.0,1,Moving,0,0,0,0,0,VALID,VALID
92H-02687,2026-08-12 03:34:00,320.1,64,-0.06666666666666667,,,"Cao tốc Hàm Nghi-Vũng Áng, Xã Kỳ Hoa, Tỉnh Hà Tĩnh",,2.0,1,0,0.0,0.0,320.1,1.6649324310628308,5.0,1,Moving,0,0,0,0,0,VALID,VALID
92H-02687,2026-08-12 03:36:00,320.0,66,0.016666666666666666,,,"Cao tốc Vũng Áng - Bùng, Xã Kỳ Hoa, Tỉnh Hà Tĩnh",,2.0,1,0,-0.10000000000002274,-0.05000000000001137,320.1,0.5612486080206833,5.0,1,Moving,0,0,0,0,0,VALID,VALID
92H-02687,2026-08-12 03:38:00,321.2,62,-0.03333333333333333,,,"Cao tốc Vũng Áng - Bùng, Xã Kỳ Hoa, Tỉnh Hà Tĩnh",,2.0,1,0,1.1999999999999886,0.5999999999999943,320.1,0.5167204273155325,5.0,1,Moving,0,0,0,0,0,VALID,VALID
92H-02687,2026-08-12 03:40:00,318.7,68,0.05,,,"Cao tốc Vũng Áng - Bùng, Xã Kỳ Hoa, Tỉnh Hà Tĩnh",,2.0,1,0,-2.5,-1.25,320.1,0.8871302046516558,5.0,1,Moving,0,0,0,0,0,VALID,VALID
92H-02687,2026-08-12 03:42:00,318.5,72,0.03333333333333333,,,"Cao tốc Vũng Áng - Bùng, Xã Kỳ Hoa, Tỉnh Hà Tĩnh",,2.0,1,0,-0.19999999999998863,-0.09999999999999432,320.0,1.1113055385470845,5.0,1,Moving,0,0,0,0,0,VALID,VALID
92H-02687,2026-08-12 03:44:00,314.8,76,0.03333333333333333,,,"Cao tốc Vũng Áng - Bùng, Xã Kỳ Lạc, Tỉnh Hà Tĩnh",,2.0,1,0,-3.6999999999999886,-1.8499999999999943,318.7,2.406865181102965,5.0,1,Moving,0,0,0,0,0,VALID,VALID
92H-02687,2026-08-12 03:46:00,315.1,78,0.016666666666666666,,,"Cao tốc Vũng Áng - Bùng, Xã Phú Trạch, Tỉnh Quảng Trị",,2.0,1,0,0.30000000000001137,0.15000000000000568,318.5,2.6949953617782225,5.0,1,Moving,0,0,0,0,0,VALID,VALID
92H-02687,2026-08-12 03:48:00,313.7,72,-0.05,,,"Cao tốc Vũng Áng - Bùng, Xã Phú Trạch, Tỉnh Quảng Trị",,2.0,1,0,-1.400000000000034,-0.700000000000017,315.1,2.28866773473275,5.0,1,Moving,0,0,0,0,0,VALID,VALID
92H-02687,2026-08-12 03:50:00,313.7,77,0.041666666666666664,,,"Cao tốc Vũng Áng - Bùng, Xã Phú Trạch, Tỉnh Quảng Trị",,2.0,1,0,0.0,0.0,314.8,1.9718012070204087,5.0,1,Moving,0,0,0,0,0,VALID,VALID
92H-02687,2026-08-12 03:52:00,313.8,71,-0.05,,,"Cao tốc Vũng Áng - Bùng, Xã Phú Trạch, Tỉnh Quảng Trị",,2.0,1,0,0.10000000000002274,0.05000000000001137,313.8,0.6760177512517338,5.0,1,Moving,0,0,0,0,0,VALID,VALID
92H-02687,2026-08-12 03:54:00,313.8,64,-0.058333333333333334,,,"Cao tốc Vũng Áng - Bùng, Xã Hòa Trạch, Tỉnh Quảng Trị",,2.0,1,0,0.0,0.0,313.8,0.6058052492406398,5.0,1,Moving,0,0,0,0,0,VALID,VALID
92H-02687,2026-08-12 03:56:00,311.9,68,0.03333333333333333,,,"Cao tốc Vũng Áng - Bùng, Xã Hòa Trạch, Tỉnh Quảng Trị",,2.0,1,0,-1.900000000000034,-0.950000000000017,313.7,0.828854631408747,5.0,1,Moving,0,0,0,0,0,VALID,VALID
92H-02687,2026-08-12 03:58:00,311.8,71,0.025,,,"Cao tốc Vũng Áng - Bùng, Xã Trung Thuần, Tỉnh Quảng Trị",,2.0,1,0,-0.0999999999999659,-0.04999999999998295,313.7,1.051189802085154,5.0,1,Moving,0,0,0,0,0,VALID,VALID
92H-02687,2026-08-12 04:00:00,311.5,73,0.016666666666666666,,,"Cao tốc Vũng Áng - Bùng, Xã Trung Thuần, Tỉnh Quảng Trị",,2.0,1,0,-0.30000000000001137,-0.15000000000000568,311.9,1.1414902540135694,5.0,1,Moving,0,0,0,0,0,VALID,VALID
92H-02687,2026-08-12 04:02:00,310.4,72,-0.008333333333333333,,,"Cao tốc Vũng Áng - Bùng, Xã Trung Thuần, Tỉnh Quảng Trị",,2.0,1,0,-1.1000000000000227,-0.5500000000000114,311.8,1.2275992831572309,5.0,1,Moving,0,0,0,0,0,VALID,VALID
92H-02687,2026-08-12 04:04:00,310.3,70,-0.016666666666666666,,,"Cao tốc Vũng Áng - Bùng, Xã Quảng Trạch, Tỉnh Quảng Trị",,2.0,1,0,-0.0999999999999659,-0.04999999999998295,311.5,0.7726577508886656,5.0,1,Moving,0,0,0,0,0,VALID,VALID
92H-02687,2026-08-12 04:06:00,310.0,70,0.0,,,"Cao tốc Vũng Áng - Bùng, Phường Ba Đồn, Tỉnh Quảng Trị",,2.0,1,0,-0.30000000000001137,-0.15000000000000568,310.4,0.7968688725307719,5.0,1,Moving,0,0,0,0,0,VALID,VALID
92H-02687,2026-08-12 04:08:00,309.0,69,-0.008333333333333333,,,"Cao tốc Vũng Áng - Bùng, Xã Nam Gianh, Tỉnh Quảng Trị",,2.0,1,0,-1.0,-0.5,310.3,0.8961026726936181,5.0,1,Moving,0,0,0,0,0,VALID,VALID
92H-02687,2026-08-12 04:10:00,309.0,69,0.0,,,"Cao tốc Vũng Áng - Bùng, Xã Nam Ba Đồn, Tỉnh Quảng Trị",,2.0,1,0,0.0,0.0,310.0,0.6913754407041179,5.0,1,Moving,0,0,0,0,0,VALID,VALID
92H-02687,2026-08-12 04:12:00,308.8,57,-0.1,,,"Cao tốc Vũng Áng - Bùng, Xã Nam Gianh, Tỉnh Quảng Trị",,2.0,1,0,-0.19999999999998863,-0.09999999999999432,309.0,0.6797058187252182,5.0,1,Moving,0,0,0,0,0,VALID,VALID
92H-02687,2026-08-12 04:14:00,307.2,77,0.16666666666666666,,,"Cao tốc Vũng Áng - Bùng, Xã Bắc Trạch, Tỉnh Quảng Trị",,2.0,1,0,-1.6000000000000227,-0.8000000000000114,309.0,1.0099504938407233,5.0,1,Moving,0,0,0,0,0,VALID,VALID
92H-02687,2026-08-12 04:16:00,306.2,75,-0.016666666666666666,,,"Cao tốc Vũng Áng - Bùng, Xã Bắc Trạch, Tỉnh Quảng Trị",,2.0,1,0,-1.0,-0.5,308.8,1.2759310326226045,5.0,1,Moving,0,0,0,0,0,VALID,VALID
92H-02687,2026-08-12 04:18:00,304.6,74,-0.008333333333333333,,,"Cao tốc Vũng Áng - Bùng, Xã Bố Trạch, Tỉnh Quảng Trị",,2.0,1,0,-1.599999999999966,-0.799999999999983,307.2,1.8406520583775914,5.0,1,Moving,0,0,0,0,0,VALID,VALID
92H-02687,2026-08-12 04:20:00,304.6,65,-0.075,,,"Cao tốc Vũng Áng - Bùng, Xã Bố Trạch, Tỉnh Quảng Trị",,2.0,1,0,0.0,0.0,306.2,1.7922053453803606,5.0,1,Moving,0,0,0,0,0,VALID,VALID
92H-02687,2026-08-12 04:22:00,303.7,67,0.016666666666666666,,,"Cao tốc Vũng Áng - Bùng, Xã Bố Trạch, Tỉnh Quảng Trị",,2.0,1,0,-0.9000000000000341,-0.45000000000001705,304.6,1.4099645385648292,5.0,1,Moving,0,0,0,0,0,VALID,VALID
92H-02687,2026-08-12 04:24:00,303.7,73,0.05,,,"Cao tốc Bùng-Vạn Ninh, Xã Bố Trạch, Tỉnh Quảng Trị",,2.0,1,0,0.0,0.0,304.6,1.0212737145401507,5.0,1,Moving,0,0,0,0,0,VALID,VALID
92H-02687,2026-08-12 04:26:00,302.9,71,-0.016666666666666666,,,"Cao tốc Bùng-Vạn Ninh, Xã Bố Trạch, Tỉnh Quảng Trị",,2.0,1,0,-0.8000000000000114,-0.4000000000000057,303.7,0.7176350047279817,5.0,1,Moving,0,0,0,0,0,VALID,VALID
92H-02687,2026-08-12 04:28:00,301.6,71,0.0,,,"Cao tốc Bùng-Vạn Ninh, Xã Hoàn Lão, Tỉnh Quảng Trị",,2.0,1,0,-1.2999999999999545,-0.6499999999999773,303.7,1.1247221879251537,5.0,1,Moving,0,0,0,0,0,VALID,VALID
92H-02687,2026-08-12 04:30:00,301.5,75,0.03333333333333333,,,"Cao tốc Bùng-Vạn Ninh, Xã Hoàn Lão, Tỉnh Quảng Trị",,2.0,1,0,-0.10000000000002274,-0.05000000000001137,302.9,1.082589488223224,5.0,1,Moving,0,0,0,0,0,VALID,VALID
92H-02687,2026-08-12 04:32:00,300.4,72,-0.025,,,"Cao tốc Bùng-Vạn Ninh, Xã Nam Trạch, Tỉnh Quảng Trị",,2.0,1,0,-1.1000000000000227,-0.5500000000000114,301.6,1.2911235417309102,5.0,1,Moving,0,0,0,0,0,VALID,VALID
92H-02687,2026-08-12 04:34:00,300.3,75,0.025,,,"Cao tốc Bùng-Vạn Ninh, Xã Nam Trạch, Tỉnh Quảng Trị",,2.0,1,0,-0.0999999999999659,-0.04999999999998295,301.5,1.0597169433448346,5.0,1,Moving,0,0,0,0,0,VALID,VALID
92H-02687,2026-08-12 04:36:00,299.9,74,-0.008333333333333333,,,"Cao tốc Bùng-Vạn Ninh, Xã Nam Trạch, Tỉnh Quảng Trị",,2.0,1,0,-0.4000000000000341,-0.20000000000001705,300.4,0.7635443667610117,5.0,1,Moving,0,0,0,0,0,VALID,VALID
92H-02687,2026-08-12 04:38:00,298.8,71,-0.025,,,"Cao tốc Bùng-Vạn Ninh, Xã Nam Trạch, Tỉnh Quảng Trị",,2.0,1,0,-1.099999999999966,-0.549999999999983,300.3,0.9731392500628043,5.0,1,Moving,0,0,0,0,0,VALID,VALID
92H-02687,2026-08-12 04:40:00,297.5,70,-0.008333333333333333,,,"Cao tốc Bùng-Vạn Ninh, Phường Đồng Sơn, Tỉnh Quảng Trị",,2.0,1,0,-1.3000000000000114,-0.6500000000000057,299.9,1.2275992831593177,5.0,1,Moving,0,0,0,0,0,VALID,VALID
92H-02687,2026-08-12 04:42:00,296.6,69,-0.008333333333333333,,,"Cao tốc Bùng-Vạn Ninh, Phường Đồng Sơn, Tỉnh Quảng Trị",,2.0,1,0,-0.8999999999999773,-0.44999999999998863,298.8,1.567482057317943,5.0,1,Moving,0,0,0,0,0,VALID,VALID
92H-02687,2026-08-12 04:44:00,296.5,70,0.008333333333333333,,,"Cao tốc Bùng-Vạn Ninh, Phường Đồng Sơn, Tỉnh Quảng Trị",,2.0,1,0,-0.10000000000002274,-0.05000000000001137,297.5,1.4673104647667827,5.0,1,Moving,0,0,0,0,0,VALID,VALID
92H-02687,2026-08-12 04:46:00,295.4,79,0.075,,,"Cao tốc Bùng-Vạn Ninh, Xã Quảng Ninh, Tỉnh Quảng Trị",,2.0,1,0,-1.1000000000000227,-0.5500000000000114,296.6,1.2700393694743153,5.0,1,Moving,0,0,0,0,0,VALID,VALID
92H-02687,2026-08-12 04:48:00,295.3,71,-0.06666666666666667,,,"Cao tốc Bùng-Vạn Ninh, Xã Quảng Ninh, Tỉnh Quảng Trị",,2.0,1,0,-0.0999999999999659,-0.04999999999998295,296.5,0.9181503144993043,5.0,1,Moving,0,0,0,0,0,VALID,VALID
92H-02687,2026-08-12 04:50:00,295.0,70,-0.008333333333333333,,,"Cao tốc Bùng-Vạn Ninh, Xã Quảng Ninh, Tỉnh Quảng Trị",,2.0,1,0,-0.30000000000001137,-0.15000000000000568,295.4,0.7368853370881443,5.0,1,Moving,0,0,0,0,0,VALID,VALID
92H-02687,2026-08-12 04:52:00,294.1,69,-0.008333333333333333,,,"Cao tốc Bùng-Vạn Ninh, Xã Quảng Ninh, Tỉnh Quảng Trị",,2.0,1,0,-0.8999999999999773,-0.44999999999998863,295.3,0.8619744775895808,5.0,1,Moving,0,0,0,0,0,VALID,VALID
92H-02687,2026-08-12 04:54:00,293.8,73,0.03333333333333333,,,"Cao tốc Bùng-Vạn Ninh, Xã Trường Ninh, Tỉnh Quảng Trị",,2.0,1,0,-0.30000000000001137,-0.15000000000000568,295.0,0.7259476565264074,5.0,1,Moving,0,0,0,0,0,VALID,VALID
92H-02687,2026-08-12 04:56:00,293.5,70,-0.025,,,"Cao tốc Bùng-Vạn Ninh, Xã Trường Ninh, Tỉnh Quảng Trị",,2.0,1,0,-0.30000000000001137,-0.15000000000000568,294.1,0.7765307463432635,5.0,1,Moving,0,0,0,0,0,VALID,VALID
92H-02687,2026-08-12 04:58:00,292.1,72,0.016666666666666666,,,"Cao tốc Bùng-Vạn Ninh, Xã Trường Ninh, Tỉnh Quảng Trị",,2.0,1,0,-1.3999999999999773,-0.6999999999999886,293.8,1.0559356041051036,5.0,1,Moving,0,0,0,0,0,VALID,VALID
92H-02687,2026-08-12 05:00:00,291.9,74,0.016666666666666666,,,"Cao tốc Bùng-Vạn Ninh, Xã Trường Ninh, Tỉnh Quảng Trị",,2.0,1,0,-0.20000000000004547,-0.10000000000002274,293.5,1.0109401564965388,5.0,1,Moving,0,0,0,0,0,VALID,VALID
92H-02687,2026-08-12 05:02:00,290.6,72,-0.016666666666666666,,,"Cao tốc Vạn Ninh-Cam Lộ, Xã Trường Ninh, Tỉnh Quảng Trị",,2.0,1,0,-1.2999999999999545,-0.6499999999999773,292.1,1.2988456413360605,5.0,1,Moving,0,0,0,0,0,VALID,VALID
92H-02687,2026-08-12 05:04:00,290.6,74,0.016666666666666666,,,"Cao tốc Vạn Ninh-Cam Lộ, Xã Lệ Ninh, Tỉnh Quảng Trị",,2.0,1,0,0.0,0.0,291.9,1.2095453691441551,5.0,1,Moving,0,0,0,0,0,VALID,VALID
92H-02687,2026-08-12 05:06:00,289.6,73,-0.008333333333333333,,,"Cao tốc Vạn Ninh-Cam Lộ, Xã Lệ Ninh, Tỉnh Quảng Trị",,2.0,1,0,-1.0,-0.5,290.6,1.035857133015227,5.0,1,Moving,0,0,0,0,0,VALID,VALID
92H-02687,2026-08-12 05:08:00,288.7,72,-0.008333333333333333,,,"Cao tốc Vạn Ninh-Cam Lộ, Xã Trường Phú, Tỉnh Quảng Trị",,2.0,1,0,-0.9000000000000341,-0.45000000000001705,290.6,1.20291313070352,5.0,1,Moving,0,0,0,0,0,VALID,VALID
92H-02687,2026-08-12 05:10:00,288.5,73,0.008333333333333333,,,"Cao tốc Vạn Ninh-Cam Lộ, Xã Trường Phú, Tỉnh Quảng Trị",,2.0,1,0,-0.19999999999998863,-0.09999999999999432,289.6,1.0024968827978529,5.0,1,Moving,0,0,0,0,0,VALID,VALID
92H-02687,2026-08-12 05:12:00,288.2,70,-0.025,,,"Cao tốc Vạn Ninh-Cam Lộ, Xã Trường Phú, Tỉnh Quảng Trị",,2.0,1,0,-0.30000000000001137,-0.15000000000000568,288.7,0.9782637681217153,5.0,1,Moving,0,0,0,0,0,VALID,VALID
92H-02687,2026-08-12 05:14:00,288.0,74,0.03333333333333333,,,"Cao tốc Vạn Ninh-Cam Lộ, Xã Trường Phú, Tỉnh Quảng Trị",,2.0,1,0,-0.19999999999998863,-0.09999999999999432,288.5,0.6204836823156433,5.0,1,Moving,0,0,0,0,0,VALID,VALID
92H-02687,2026-08-12 05:16:00,287.1,71,-0.025,,,"Cao tốc Vạn Ninh-Cam Lộ, Xã Trường Phú, Tỉnh Quảng Trị",,2.0,1,0,-0.8999999999999773,-0.44999999999998863,288.2,0.6204836823158724,5.0,1,Moving,0,0,0,0,0,VALID,VALID
92H-02687,2026-08-12 05:18:00,285.7,67,-0.03333333333333333,,,"Cao tốc Vạn Ninh-Cam Lộ, Xã Trường Phú, Tỉnh Quảng Trị",,2.0,1,0,-1.400000000000034,-0.700000000000017,288.0,1.133578404884587,5.0,1,Moving,0,0,0,0,0,VALID,VALID
92H-02687,2026-08-12 05:20:00,285.7,65,-0.016666666666666666,,,"Cao tốc Vạn Ninh-Cam Lộ, Xã Kim Ngân, Tỉnh Quảng Trị",,2.0,1,0,0.0,0.0,287.1,1.2054044964330777,5.0,1,Moving,0,0,0,0,0,VALID,VALID
92H-02687,2026-08-12 05:22:00,285.6,73,0.06666666666666667,,,"Cao tốc Vạn Ninh-Cam Lộ, Xã Kim Ngân, Tỉnh Quảng Trị",,2.0,1,0,-0.0999999999999659,-0.04999999999998295,285.7,1.0802777420744374,5.0,1,Moving,0,0,0,0,0,VALID,VALID
92H-02687,2026-08-12 05:24:00,284.4,69,-0.03333333333333333,,,"Cao tốc Vạn Ninh-Cam Lộ, Xã Kim Ngân, Tỉnh Quảng Trị",,2.0,1,0,-1.2000000000000455,-0.6000000000000227,285.7,0.956556323496944,5.0,1,Moving,0,0,0,0,0,VALID,VALID
92H-02687,2026-08-12 05:26:00,283.4,68,-0.008333333333333333,,,"Cao tốc Vạn Ninh-Cam Lộ, Xã Kim Ngân, Tỉnh Quảng Trị",,2.0,1,0,-1.0,-0.5,285.6,1.0310189135134764,5.0,1,Moving,0,0,0,0,0,VALID,VALID
92H-02687,2026-08-12 05:28:00,282.5,69,0.008333333333333333,,,"Cao tốc Vạn Ninh-Cam Lộ, Xã Kim Ngân, Tỉnh Quảng Trị",,2.0,1,0,-0.8999999999999773,-0.44999999999998863,284.4,1.388164255418982,5.0,1,Moving,0,0,0,0,0,VALID,VALID
92H-02687,2026-08-12 05:30:00,282.2,71,0.016666666666666666,,,"Cao tốc Vạn Ninh-Cam Lộ, Xã Bến Quan, Tỉnh Quảng Trị",,2.0,1,0,-0.30000000000001137,-0.15000000000000568,283.4,1.4007141035998234,5.0,1,Moving,0,0,0,0,0,VALID,VALID
92H-02687,2026-08-12 05:32:00,280.9,76,0.041666666666666664,,,"Cao tốc Vạn Ninh-Cam Lộ, Xã Bến Quan, Tỉnh Quảng Trị",,2.0,1,0,-1.3000000000000114,-0.6500000000000057,282.5,1.3141537200891362,5.0,1,Moving,0,0,0,0,0,VALID,VALID
92H-02687,2026-08-12 05:34:00,280.9,77,0.008333333333333333,,,"Cao tốc Vạn Ninh-Cam Lộ, Xã Bến Quan, Tỉnh Quảng Trị",,2.0,1,0,0.0,0.0,282.2,1.0802777420759115,5.0,1,Moving,0,0,0,0,0,VALID,VALID
92H-02687,2026-08-12 05:36:00,280.8,76,-0.008333333333333333,,,"Cao tốc Vạn Ninh-Cam Lộ, Xã Bến Quan, Tỉnh Quảng Trị",,2.0,1,0,-0.0999999999999659,-0.04999999999998295,280.9,0.8203657720949747,5.0,1,Moving,0,0,0,0,0,VALID,VALID
92H-02687,2026-08-12 05:38:00,279.9,72,-0.03333333333333333,,,"Cao tốc Vạn Ninh-Cam Lộ, Xã Vĩnh Thủy, Tỉnh Quảng Trị",,2.0,1,0,-0.9000000000000341,-0.45000000000001705,280.9,0.8203657720951955,5.0,1,Moving,0,0,0,0,0,VALID,VALID
92H-02687,2026-08-12 05:40:00,278.6,77,0.041666666666666664,,,"Cao tốc Vạn Ninh-Cam Lộ, Xã Bến Quan, Tỉnh Quảng Trị",,2.0,1,0,-1.2999999999999545,-0.6499999999999773,280.8,0.9984988733222582,5.0,1,Moving,0,0,0,0,0,VALID,VALID
92H-02687,2026-08-12 05:42:00,278.6,72,-0.041666666666666664,,,"Cao tốc Vạn Ninh-Cam Lộ, Xã Cồn Tiên, Tỉnh Quảng Trị",,2.0,1,0,0.0,0.0,279.9,1.1282730166170252,5.0,1,Moving,0,0,0,0,0,VALID,VALID
92H-02687,2026-08-12 05:44:00,278.6,72,0.0,,,"Cao tốc Vạn Ninh-Cam Lộ, Xã Cồn Tiên, Tỉnh Quảng Trị",,2.0,1,0,0.0,0.0,278.6,1.0099504938492383,5.0,1,Moving,0,0,0,0,0,VALID,VALID
92H-02687,2026-08-12 05:46:00,276.5,77,0.041666666666666664,,,"Cao tốc Vạn Ninh-Cam Lộ, Xã Cồn Tiên, Tỉnh Quảng Trị",,2.0,1,0,-2.1000000000000227,-1.0500000000000114,278.6,1.2218837915394014,5.0,1,Moving,0,0,0,0,0,VALID,VALID
92H-02687,2026-08-12 05:48:00,274.4,73,-0.03333333333333333,,,"Cao tốc Vạn Ninh-Cam Lộ, Xã Cồn Tiên, Tỉnh Quảng Trị",,2.0,1,0,-2.1000000000000227,-1.0500000000000114,278.6,1.878297101107066,5.0,1,Moving,0,0,0,0,0,VALID,VALID
92H-02687,2026-08-12 05:50:00,274.6,72,-0.008333333333333333,,,"Cao tốc Vạn Ninh-Cam Lộ, Xã Hiếu Giang, Tỉnh Quảng Trị",,2.0,1,0,0.20000000000004547,0.10000000000002274,276.5,2.0513410247999975,5.0,1,Moving,0,0,0,0,0,VALID,VALID
92H-02687,2026-08-12 05:52:00,274.1,72,0.0,,,"Cao tốc Vạn Ninh-Cam Lộ, Xã Hiếu Giang, Tỉnh Quảng Trị",,2.0,1,0,-0.5,-0.25,274.6,1.9034179782769312,5.0,1,Moving,0,0,0,0,0,VALID,VALID
92H-02687,2026-08-12 05:54:00,273.8,42,-0.25,,,"Cao tốc Vạn Ninh-Cam Lộ, Xã Hiếu Giang, Tỉnh Quảng Trị",,2.0,1,0,-0.30000000000001137,-0.15000000000000568,274.4,1.061602562180493,5.0,1,Moving,0,0,0,0,0,VALID,VALID
92H-02687,2026-08-12 05:56:00,273.0,47,0.041666666666666664,,,"Quốc Lộ 9, Xã Hiếu Giang, Tỉnh Quảng Trị",,2.0,1,0,-0.8000000000000114,-0.4000000000000057,274.1,0.6260990337227178,5.0,1,Moving,0,0,0,0,0,VALID,VALID
92H-02687,2026-08-12 05:58:00,272.8,19,-0.23333333333333334,,,"Quốc Lộ 9, Xã Hiếu Giang, Tỉnh Quảng Trị",,2.0,1,0,-0.19999999999998863,-0.09999999999999432,273.8,0.753657747275692,5.0,1,Moving,0,0,0,0,0,VALID,VALID
92H-02687,2026-08-12 06:00:00,274.4,60,0.3416666666666667,,,"Tránh Nam Đông Hà, Xã Hiếu Giang, Tỉnh Quảng Trị",,2.0,1,0,1.599999999999966,0.799999999999983,273.8,0.6942621983290413,5.0,1,Moving,0,0,0,0,0,VALID,VALID
92H-02687,2026-08-12 06:02:00,275.2,53,-0.058333333333333334,,,"Tránh Nam Đông Hà, Xã Hiếu Giang, Tỉnh Quảng Trị",,2.0,1,0,0.8000000000000114,0.4000000000000057,273.8,0.9939818911974949,5.0,1,Moving,0,0,0,0,0,VALID,VALID
92H-02687,2026-08-12 06:04:00,271.8,64,0.09166666666666666,,,"Tránh Nam Đông Hà, Phường Đông Hà, Tỉnh Quảng Trị",,2.0,1,0,-3.3999999999999773,-1.6999999999999886,273.0,1.3520355025030781,5.0,1,Moving,0,0,0,0,0,VALID,VALID
92H-02687,2026-08-12 06:06:00,270.6,56,-0.06666666666666667,,,"Tránh Nam Đông Hà, Phường Nam Đông Hà, Tỉnh Quảng Trị",,2.0,1,0,-1.1999999999999886,-0.5999999999999943,272.8,1.8729655629586537,5.0,1,Moving,0,0,0,0,0,VALID,VALID
92H-02687,2026-08-12 06:08:00,270.6,57,0.008333333333333333,,,"Tránh Nam Đông Hà, Phường Nam Đông Hà, Tỉnh Quảng Trị",,2.0,1,0,0.0,0.0,271.8,2.156849554333658,5.0,1,Moving,0,0,0,0,0,VALID,VALID
92H-02687,2026-08-12 06:10:00,269.7,57,0.0,,,"Tránh Nam Đông Hà, Phường Nam Đông Hà, Tỉnh Quảng Trị",,2.0,1,0,-0.9000000000000341,-0.45000000000001705,270.6,2.156849554333816,5.0,1,Moving,0,0,0,0,0,VALID,VALID
92H-02687,2026-08-12 06:12:00,269.6,55,-0.016666666666666666,,,"Lê Duẩn, Phường Nam Đông Hà, Tỉnh Quảng Trị",,2.0,1,0,-0.0999999999999659,-0.04999999999998295,270.6,0.8876936408642125,5.0,1,Moving,0,0,0,0,0,VALID,VALID
92H-02687,2026-08-12 06:14:00,269.7,51,-0.03333333333333333,,,"Lê Duẩn, Xã Ái Tử, Tỉnh Quảng Trị",,2.0,1,0,0.0999999999999659,0.04999999999998295,269.7,0.512835256228582,5.0,1,Moving,0,0,0,0,0,VALID,VALID
92H-02687,2026-08-12 06:16:00,269.6,58,0.058333333333333334,,,"Lê Duẩn, Xã Ái Tử, Tỉnh Quảng Trị",,2.0,1,0,-0.0999999999999659,-0.04999999999998295,269.7,0.42778499276055904,5.0,1,Moving,0,0,0,0,0,VALID,VALID
92H-02687,2026-08-12 06:18:00,268.7,5,-0.44166666666666665,,,"Lê Duẩn, Xã Triệu Phong, Tỉnh Quảng Trị",,2.0,1,0,-0.9000000000000341,-0.45000000000001705,269.6,0.4277849927608399,5.0,1,Moving,0,0,0,0,0,VALID,VALID
92H-02687,2026-08-12 06:20:00,268.7,61,0.4666666666666667,,,"Lê Duẩn, Xã Triệu Phong, Tỉnh Quảng Trị",,2.0,1,0,0.0,0.0,269.6,0.5128352562290629,5.0,1,Moving,0,0,0,0,0,VALID,VALID
92H-02687,2026-08-12 06:22:00,268.6,58,-0.025,,,"Quốc Lộ 1, Phường Quảng Trị, Tỉnh Quảng Trị",,2.0,1,0,-0.0999999999999659,-0.04999999999998295,268.7,0.5412947441382183,5.0,1,Moving,0,0,0,0,0,VALID,VALID
92H-02687,2026-08-12 06:24:00,267.2,24,-0.2833333333333333,,,"Lê Duẩn, Phường Quảng Trị, Tỉnh Quảng Trị",,2.0,1,0,-1.400000000000034,-0.700000000000017,268.7,0.8619744775989824,5.0,1,Moving,0,0,0,0,0,VALID,VALID
92H-02687,2026-08-12 06:26:00,267.2,56,0.26666666666666666,,,"Quốc Lộ 1, Xã Hải Lăng, Tỉnh Quảng Trị",,2.0,1,0,0.0,0.0,268.6,0.8043631021077279,5.0,1,Moving,0,0,0,0,0,VALID,VALID
92H-02687,2026-08-12 06:28:00,267.2,59,0.025,,,"Quốc Lộ 1, Xã Hải Lăng, Tỉnh Quảng Trị",,2.0,1,0,0.0,0.0,267.2,0.794984276594562,5.0,1,Moving,0,0,0,0,0,VALID,VALID
92H-02687,2026-08-12 06:30:00,266.5,64,0.041666666666666664,,,"Quốc Lộ 1, Xã Hải Lăng, Tỉnh Quảng Trị",,2.0,1,0,-0.6999999999999886,-0.3499999999999943,267.2,0.7668115805286568,5.0,1,Moving,0,0,0,0,0,VALID,VALID
92H-02687,2026-08-12 06:32:00,266.1,53,-0.09166666666666666,,,"Quốc Lộ 1, Xã Hải Lăng, Tỉnh Quảng Trị",,2.0,1,0,-0.39999999999997726,-0.19999999999998863,267.2,0.5128352562306461,5.0,1,Moving,0,0,0,0,0,VALID,VALID
92H-02687,2026-08-12 06:34:00,265.9,67,0.11666666666666667,,,"Quốc Lộ 1, Xã Diên Sanh, Tỉnh Quảng Trị",,2.0,1,0,-0.20000000000004547,-0.10000000000002274,266.5,0.605805249261954,5.0,1,Moving,0,0,0,0,0,VALID,VALID
92H-02687,2026-08-12 06:36:00,264.9,67,0.0,,,"Quốc Lộ 1, Xã Diên Sanh, Tỉnh Quảng Trị",,2.0,1,0,-1.0,-0.5,266.1,0.843800924409118,5.0,1,Moving,0,0,0,0,0,VALID,VALID
92H-02687,2026-08-12 06:38:00,264.7,69,0.016666666666666666,,,"Quốc Lộ 1, Xã Diên Sanh, Tỉnh Quảng Trị",,2.0,1,0,-0.19999999999998863,-0.09999999999999432,265.9,0.782304288646085,5.0,1,Moving,0,0,0,0,0,VALID,VALID
92H-02687,2026-08-12 06:40:00,263.6,62,-0.058333333333333334,,,"Quốc Lộ 1, Xã Nam Hải Lăng, Tỉnh Quảng Trị",,2.0,1,0,-1.099999999999966,-0.549999999999983,264.9,1.0089598604674384,5.0,1,Moving,0,0,0,0,0,VALID,VALID
92H-02687,2026-08-12 06:42:00,262.7,63,0.008333333333333333,,,"Quốc Lộ 1, Xã Nam Hải Lăng, Tỉnh Quảng Trị",,2.0,1,0,-0.9000000000000341,-0.45000000000001705,264.7,1.2361229712431447,5.0,1,Moving,0,0,0,0,0,VALID,VALID
92H-02687,2026-08-12 06:44:00,262.5,64,0.008333333333333333,,,"Quốc Lộ 1, Xã Nam Hải Lăng, Tỉnh Quảng Trị",,2.0,1,0,-0.19999999999998863,-0.09999999999999432,263.6,1.1054410884508945,5.0,1,Moving,0,0,0,0,0,VALID,VALID
92H-02687,2026-08-12 06:46:00,262.2,62,-0.016666666666666666,,,"Quốc Lộ 1, Xã Nam Hải Lăng, Tỉnh Quảng Trị",,2.0,1,0,-0.30000000000001137,-0.15000000000000568,262.7,1.0163660757994113,5.0,1,Moving,0,0,0,0,0,VALID,VALID
92H-02687,2026-08-12 06:48:00,261.9,62,0.0,,,"Quốc Lộ 1, Phường Phong Điền, TP Huế",,2.0,1,0,-0.30000000000001137,-0.15000000000000568,262.5,0.6457553716666189,5.0,1,Moving,0,0,0,0,0,VALID,VALID
92H-02687,2026-08-12 06:50:00,261.1,45,-0.14166666666666666,,,"Quốc Lộ 1, Phường Phong Điền, TP Huế",,2.0,1,0,-0.7999999999999545,-0.39999999999997726,262.2,0.6260990337291699,5.0,1,Moving,0,0,0,0,0,VALID,VALID
92H-02687,2026-08-12 06:52:00,260.6,48,0.025,,,"Quốc Lộ 1, Phường Phong Điền, TP Huế",,2.0,1,0,-0.5,-0.25,261.9,0.7893034904502152,5.0,1,Moving,0,0,0,0,0,VALID,VALID
92H-02687,2026-08-12 06:54:00,260.5,25,-0.19166666666666668,,,"Quốc Lộ 1, Phường Phong Điền, TP Huế",,2.0,1,0,-0.10000000000002274,-0.05000000000001137,261.1,0.763544366777208,5.0,1,Moving,0,0,0,0,0,VALID,VALID
92H-02687,2026-08-12 06:57:00,258.9,0,-0.1388888888888889,,,"Quốc Lộ 1, Phường Phong Điền, TP Huế",,3.0,1,0,-1.6000000000000227,-0.5333333333333409,260.6,1.100000000017187,5.0,1,Stopped,0,0,0,0,0,VALID,VALID
92H-02687,2026-08-12 06:59:00,259.0,0,0.0,,,"Quốc Lộ 1, Phường Phong Điền, TP Huế",,2.0,1,0,0.10000000000002274,0.05000000000001137,260.5,1.003493896363266,5.0,1,Stopped,0,0,0,0,0,VALID,VALID
92H-02687,2026-08-12 07:02:00,259.0,0,0.0,,,"Quốc Lộ 1, Phường Phong Điền, TP Huế",,3.0,1,0,0.0,0.0,259.0,0.8689073598713783,5.0,1,Stopped,0,0,0,0,0,VALID,VALID
92H-02687,2026-08-12 07:04:00,259.2,0,0.0,,,"Quốc Lộ 1, Phường Phong Điền, TP Huế",,2.0,1,0,0.19999999999998863,0.09999999999999432,259.0,0.6685805860469217,5.0,1,Stopped,0,0,0,0,0,VALID,VALID
92H-02687,2026-08-12 07:06:00,259.2,0,0.0,,,"Quốc Lộ 1, Phường Phong Điền, TP Huế",,2.0,1,0,0.0,0.0,259.0,0.134164078795404,5.0,1,Stopped,0,0,0,0,0,VALID,VALID
92H-02687,2026-08-12 07:08:00,259.3,0,0.0,,,"Quốc Lộ 1, Phường Phong Điền, TP Huế",,2.0,1,0,0.10000000000002274,0.05000000000001137,259.2,0.13416407879521547,5.0,1,Stopped,0,0,0,0,0,VALID,VALID
92H-02687,2026-08-12 07:10:00,259.3,0,0.0,,,"Quốc Lộ 1, Phường Phong Điền, TP Huế",,2.0,1,0,0.0,0.0,259.2,0.12247448729808146,5.0,1,Stopped,0,0,0,0,0,VALID,VALID
92H-02687,2026-08-12 07:12:00,259.3,0,0.0,,,"Quốc Lộ 1, Phường Phong Điền, TP Huế",,2.0,1,0,0.0,0.0,259.3,0.054772256105506685,5.0,1,Stopped,0,0,0,0,0,VALID,VALID
92H-02687,2026-08-12 07:14:00,259.3,0,0.0,,,"Quốc Lộ 1, Phường Phong Điền, TP Huế",,2.0,1,0,0.0,0.0,259.3,0.0447213599846184,5.0,1,Stopped,0,0,0,0,0,VALID,VALID
92H-02687,2026-08-12 07:16:00,259.3,31,0.25833333333333336,,,"Quốc Lộ 1, Phường Phong Điền, TP Huế",,2.0,1,0,0.0,0.0,259.3,0.0,5.0,1,Moving,0,0,0,0,0,VALID,VALID
92H-02687,2026-08-12 07:18:00,260.5,50,0.15833333333333333,,,"Quốc Lộ 1, Phường Phong Thái, TP Huế",,2.0,1,0,1.1999999999999886,0.5999999999999943,259.3,0.5366563146360207,5.0,1,Moving,0,0,0,0,0,VALID,VALID
92H-02687,2026-08-12 07:20:00,259.5,57,0.058333333333333334,,,"Quốc Lộ 1, Phường Phong Thái, TP Huế",,2.0,1,0,-1.0,-0.5,259.3,0.5215361924533072,5.0,1,Moving,0,0,0,0,0,VALID,VALID
92H-02687,2026-08-12 07:22:00,259.2,56,-0.008333333333333333,,,"Quốc Lộ 1, Phường Phong Thái, TP Huế",,2.0,1,0,-0.30000000000001137,-0.15000000000000568,259.3,0.5366563146360116,5.0,1,Moving,0,0,0,0,0,VALID,VALID
92H-02687,2026-08-12 07:24:00,258.0,44,-0.1,,,"Cầu Thượng An Trong, Phường Phong Thái, TP Huế",,2.0,1,0,-1.1999999999999886,-0.5999999999999943,259.3,0.8916277250281418,5.0,1,Moving,0,0,0,0,0,VALID,VALID
92H-02687,2026-08-12 07:26:00,257.8,37,-0.058333333333333334,,,"Quốc Lộ 1, Phường Phong Thái, TP Huế",,2.0,1,0,-0.19999999999998863,-0.09999999999999432,259.2,1.1157956802385578,5.0,1,Moving,0,0,0,0,0,VALID,VALID
92H-02687,2026-08-12 07:28:00,258.7,52,0.125,,,"Cách Mạng Tháng 8, Phường Hương Trà, TP Huế",,2.0,1,0,0.8999999999999773,0.44999999999998863,258.7,0.7368853371042408,5.0,1,Moving,0,0,0,0,0,VALID,VALID
92H-02687,2026-08-12 07:30:00,258.4,41,-0.09166666666666666,,,"Cách Mạng Tháng 8, Phường Hương Trà, TP Huế",,2.0,1,0,-0.30000000000001137,-0.15000000000000568,258.4,0.5585696017859858,5.0,1,Moving,0,0,0,0,0,VALID,VALID
92H-02687,2026-08-12 07:32:00,257.5,24,-0.14166666666666666,,,"Cách Mạng Tháng 8, Phường Hương Trà, TP Huế",,2.0,1,0,-0.8999999999999773,-0.44999999999998863,258.0,0.4764451700243923,5.0,1,Moving,0,0,0,0,0,VALID,VALID
92H-02687,2026-08-12 07:34:00,256.8,46,0.18333333333333332,,,"Đường tránh Thành phố Huế, Phường Hương Trà, TP Huế",,2.0,1,0,-0.6999999999999886,-0.3499999999999943,257.8,0.7503332593186501,5.0,1,Moving,0,0,0,0,0,VALID,VALID
92H-02687,2026-08-12 07:36:00,256.7,49,0.025,,,"Đường tránh Thành phố Huế, Phường Hương Trà, TP Huế",,2.0,1,0,-0.10000000000002274,-0.05000000000001137,257.5,0.9093954035731179,5.0,1,Moving,0,0,0,0,0,VALID,VALID
92H-02687,2026-08-12 07:38:00,256.5,50,0.008333333333333333,,,"Đường tránh Thành phố Huế, Phường Kim Trà, TP Huế",,2.0,1,0,-0.19999999999998863,-0.09999999999999432,256.8,0.779102047257123,5.0,1,Moving,0,0,0,0,0,VALID,VALID
92H-02687,2026-08-12 07:40:00,256.4,52,0.016666666666666666,,,"Đường tránh Thành phố Huế, Phường Kim Trà, TP Huế",,2.0,1,0,-0.10000000000002274,-0.05000000000001137,256.7,0.4324349662556655,5.0,1,Moving,0,0,0,0,0,VALID,VALID
92H-02687,2026-08-12 07:42:00,256.2,54,0.016666666666666666,,,"Đường tránh Thành phố Huế, Phường Hương An, TP Huế",,2.0,1,0,-0.19999999999998863,-0.09999999999999432,256.5,0.23874672781151343,5.0,1,Moving,0,0,0,0,0,VALID,VALID
92H-02687,2026-08-12 07:44:00,255.9,47,-0.058333333333333334,,,"Đường tránh Thành phố Huế, Phường Hương An, TP Huế",,2.0,1,0,-0.29999999999998295,-0.14999999999999147,256.4,0.30495901370646505,5.0,1,Moving,0,0,0,0,0,VALID,VALID
92H-02687,2026-08-12 07:46:00,254.8,51,0.03333333333333333,,,"Cao tốc Cam Lộ - La Sơn, Phường Kim Long, TP Huế",,2.0,1,0,-1.0999999999999943,-0.5499999999999972,256.2,0.6877499545918336,5.0,1,Moving,0,0,0,0,0,VALID,VALID
92H-02687,2026-08-12 07:48:00,254.6,46,-0.041666666666666664,,,"Đường tránh Thành phố Huế, Phường Kim Long, TP Huế",,2.0,1,0,-0.20000000000001705,-0.10000000000000853,255.9,0.8258329129075229,5.0,1,Moving,0,0,0,0,0,VALID,VALID
92H-02687,2026-08-12 07:50:00,253.9,47,0.008333333333333333,,,"Đường tránh Thành phố Huế, Phường Kim Long, TP Huế",,2.0,1,0,-0.6999999999999886,-0.3499999999999943,254.8,0.9523654760866068,5.0,1,Moving,0,0,0,0,0,VALID,VALID
92H-02687,2026-08-12 07:52:00,253.0,36,-0.09166666666666666,,,"Đường tránh Thành phố Huế, Phường Kim Long, TP Huế",,2.0,1,0,-0.9000000000000057,-0.45000000000000284,254.6,1.0784247771829627,5.0,1,Moving,0,0,0,0,0,VALID,VALID
92H-02687,2026-08-12 07:54:00,253.0,42,0.05,,,"Cao tốc Cam Lộ - La Sơn, Phường Kim Long, TP Huế",,2.0,1,0,0.0,0.0,253.9,0.8532291603329872,5.0,1,Moving,0,0,0,0,0,VALID,VALID
92H-02687,2026-08-12 07:56:00,252.8,0,-0.35,,,"Cao tốc Cam Lộ - La Sơn, Phường Kim Long, TP Huế",,2.0,1,0,-0.19999999999998863,-0.09999999999999432,253.0,0.7668115805351533,5.0,1,Stopped,0,0,0,0,0,VALID,VALID
92H-02687,2026-08-12 07:58:00,252.8,32,0.26666666666666666,,,"Cao tốc Cam Lộ - La Sơn, Phường Thủy Xuân, TP Huế",,2.0,1,0,0.0,0.0,253.0,0.4582575695425866,5.0,1,Moving,0,0,0,0,0,VALID,VALID
92H-02687,2026-08-12 08:00:00,252.8,40,0.06666666666666667,,,"Cao tốc Cam Lộ - La Sơn, Phường Thủy Xuân, TP Huế",,2.0,1,0,0.0,0.0,252.8,0.10954451169834327,5.0,1,Moving,0,0,0,0,0,VALID,VALID
92H-02687,2026-08-12 08:02:00,252.1,47,0.058333333333333334,,,"Đường tránh Thành phố Huế, Phường Thủy Xuân, TP Huế",,2.0,1,0,-0.700000000000017,-0.3500000000000085,252.8,0.34641016157636434,5.0,1,Moving,0,0,0,0,0,VALID,VALID
92H-02687,2026-08-12 08:04:00,251.8,38,-0.075,,,"Đường tránh Thành phố Huế, Phường Thanh Thủy, TP Huế",,2.0,1,0,-0.29999999999998295,-0.14999999999999147,252.8,0.4774934554981208,5.0,1,Moving,0,0,0,0,0,VALID,VALID
92H-02687,2026-08-12 08:06:00,251.7,38,0.0,,,"Đường tránh Thành phố Huế, Phường Thanh Thủy, TP Huế",,2.0,1,0,-0.10000000000002274,-0.05000000000001137,252.1,0.5319774431718876,5.0,1,Moving,0,0,0,0,0,VALID,VALID
92H-02687,2026-08-12 08:08:00,251.5,49,0.09166666666666666,,,"Đường tránh Thành phố Huế, Phường Thanh Thủy, TP Huế",,2.0,1,0,-0.19999999999998863,-0.09999999999999432,251.8,0.5069516742687478,5.0,1,Moving,0,0,0,0,0,VALID,VALID
92H-02687,2026-08-12 08:10:00,250.0,42,-0.058333333333333334,,,"Đường tránh Thành phố Huế, Phường Thanh Thủy, TP Huế",,2.0,1,0,-1.5,-0.75,251.7,0.8228000972558901,5.0,1,Moving,0,0,0,0,0,VALID,VALID
92H-02687,2026-08-12 08:12:00,250.0,43,0.008333333333333333,,,"Đường tránh Thành phố Huế, Phường Hương Thủy, TP Huế",,2.0,1,0,0.0,0.0,251.5,0.9192388155667776,5.0,1,Moving,0,0,0,0,0,VALID,VALID
92H-02687,2026-08-12 08:14:00,249.9,45,0.016666666666666666,,,"Đường tránh Thành phố Huế, Phường Phú Bài, TP Huế",,2.0,1,0,-0.09999999999999432,-0.04999999999999716,250.0,0.8983317872840049,5.0,1,Moving,0,0,0,0,0,VALID,VALID
92H-02687,2026-08-12 08:16:00,249.8,51,0.05,,,"Đường tránh Thành phố Huế, Phường Phú Bài, TP Huế",,2.0,1,0,-0.09999999999999432,-0.04999999999999716,250.0,0.7092249290917195,5.0,1,Moving,0,0,0,0,0,VALID,VALID
92H-02687,2026-08-12 08:18:00,249.5,44,-0.058333333333333334,,,"Đường tránh Thành phố Huế, Phường Phú Bài, TP Huế",,2.0,1,0,-0.30000000000001137,-0.15000000000000568,249.9,0.20736441364284658,5.0,1,Moving,0,0,0,0,0,VALID,VALID
92H-02687,2026-08-12 08:20:00,249.2,42,-0.016666666666666666,,,"Đường tránh Thành phố Huế, Phường Phú Bài, TP Huế",,2.0,1,0,-0.30000000000001137,-0.15000000000000568,249.8,0.3271085447455616,5.0,1,Moving,0,0,0,0,0,VALID,VALID
92H-02687,2026-08-12 08:22:00,248.4,49,0.058333333333333334,,,"Quốc Lộ 1, Phường Phú Bài, TP Huế",,2.0,1,0,-0.799999999999983,-0.3999999999999915,249.5,0.6024948132936838,5.0,1,Moving,0,0,0,0,0,VALID,VALID
92H-02687,2026-08-12 08:24:00,248.3,55,0.05,,,"Quốc Lộ 1, Xã Hưng Lộc, TP Huế",,2.0,1,0,-0.09999999999999432,-0.04999999999999716,249.2,0.6655824517263219,5.0,1,Moving,0,0,0,0,0,VALID,VALID
92H-02687,2026-08-12 08:26:00,248.1,51,-0.03333333333333333,,,"Quốc Lộ 1, Xã Hưng Lộc, TP Huế",,2.0,1,0,-0.20000000000001705,-0.10000000000000853,248.4,0.6123724357335748,5.0,1,Moving,0,0,0,0,0,VALID,VALID
92H-02687,2026-08-12 08:28:00,247.8,54,0.025,,,"Quốc Lộ 1, Xã Hưng Lộc, TP Huế",,2.0,1,0,-0.29999999999998295,-0.14999999999999147,248.3,0.5224940191490431,5.0,1,Moving,0,0,0,0,0,VALID,VALID
92H-02687,2026-08-12 08:30:00,247.0,49,-0.041666666666666664,,,"Quốc Lộ 1, Xã Hưng Lộc, TP Huế",,2.0,1,0,-0.8000000000000114,-0.4000000000000057,248.1,0.5630275304519803,5.0,1,Moving,0,0,0,0,0,VALID,VALID
92H-02687,2026-08-12 08:32:00,246.7,50,0.008333333333333333,,,"Quốc Lộ 1, Xã Lộc An, TP Huế",,2.0,1,0,-0.30000000000001137,-0.15000000000000568,247.8,0.6978538529284737,5.0,1,Moving,0,0,0,0,0,VALID,VALID
92H-02687,2026-08-12 08:34:00,246.4,50,0.0,,,"Quốc Lộ 1, Xã Lộc An, TP Huế",,2.0,1,0,-0.29999999999998295,-0.14999999999999147,247.0,0.7245688373421765,5.0,1,Moving,0,0,0,0,0,VALID,VALID
92H-02687,2026-08-12 08:36:00,246.2,47,-0.025,,,"Quốc Lộ 1, Xã Lộc An, TP Huế",,2.0,1,0,-0.20000000000001705,-0.10000000000000853,246.7,0.6260990337380157,5.0,1,Moving,0,0,0,0,0,VALID,VALID
92H-02687,2026-08-12 08:38:00,245.9,55,0.06666666666666667,,,"Quốc Lộ 1, Xã Lộc An, TP Huế",,2.0,1,0,-0.29999999999998295,-0.14999999999999147,246.4,0.42778499278016047,5.0,1,Moving,0,0,0,0,0,VALID,VALID
92H-02687,2026-08-12 08:40:00,245.6,60,0.041666666666666664,,,"Quốc Lộ 1, Xã Lộc An, TP Huế",,2.0,1,0,-0.30000000000001137,-0.15000000000000568,246.2,0.4277849927803721,5.0,1,Moving,0,0,0,0,0,VALID,VALID
92H-02687,2026-08-12 08:42:00,245.5,56,-0.03333333333333333,,,"Lý Thánh Tông, Xã Phú Lộc, TP Huế",,2.0,1,0,-0.09999999999999432,-0.04999999999999716,245.9,0.38340579031654876,5.0,1,Moving,0,0,0,0,0,VALID,VALID
92H-02687,2026-08-12 08:44:00,245.2,50,-0.05,,,"Lý Thánh Tông, Xã Phú Lộc, TP Huế",,2.0,1,0,-0.30000000000001137,-0.15000000000000568,245.6,0.3834057903167367,5.0,1,Moving,0,0,0,0,0,VALID,VALID
92H-02687,2026-08-12 08:46:00,243.9,43,-0.058333333333333334,,,"Lý Thánh Tông, Xã Phú Lộc, TP Huế",,2.0,1,0,-1.299999999999983,-0.6499999999999915,245.5,0.7791020472625315,5.0,1,Moving,0,0,0,0,0,VALID,VALID
92H-02687,2026-08-12 08:48:00,243.6,25,-0.15,,,"Lý Thánh Tông, Xã Phú Lộc, TP Huế",,2.0,1,0,-0.30000000000001137,-0.15000000000000568,245.2,0.939680796892723,5.0,1,Moving,0,0,0,0,0,VALID,VALID
92H-02687,2026-08-12 08:50:00,243.4,43,0.15,,,"Quốc Lộ 1, Xã Phú Lộc, TP Huế",,2.0,1,0,-0.19999999999998863,-0.09999999999999432,243.9,0.9628083921784277,5.0,1,Moving,0,0,0,0,0,VALID,VALID
92H-02687,2026-08-12 08:52:00,243.3,49,0.05,,,"Đường dẫn hầm Phước Tượng, Xã Phú Lộc, TP Huế",,2.0,1,0,-0.09999999999999432,-0.04999999999999716,243.6,0.7726577509152955,5.0,1,Moving,0,0,0,0,0,VALID,VALID
92H-02687,2026-08-12 08:54:00,243.0,37,-0.1,,,"Đường dẫn hầm Phước Tượng, Xã Phú Lộc, TP Huế",,2.0,1,0,-0.30000000000001137,-0.15000000000000568,243.4,0.33615472635346405,5.0,1,Moving,0,0,0,0,0,VALID,VALID
92H-02687,2026-08-12 08:56:00,241.8,36,-0.008333333333333333,,,"Đường dẫn hầm Phước Tượng, Xã Chân Mây - Lăng Cô, TP Huế",,2.0,1,0,-1.1999999999999886,-0.5999999999999943,243.3,0.7155417528348987,5.0,1,Moving,0,0,0,0,0,VALID,VALID
92H-02687,2026-08-12 08:58:00,241.8,48,0.1,,,"Quốc Lộ 1, Xã Chân Mây - Lăng Cô, TP Huế",,2.0,1,0,0.0,0.0,243.0,0.7987490219401099,5.0,1,Moving,0,0,0,0,0,VALID,VALID
92H-02687,2026-08-12 09:00:00,241.7,52,0.03333333333333333,,,"Quốc Lộ 1, Xã Chân Mây - Lăng Cô, TP Huế",,2.0,1,0,-0.10000000000002274,-0.05000000000001137,241.8,0.7661592524080918,5.0,1,Moving,0,0,0,0,0,VALID,VALID
92H-02687,2026-08-12 09:02:00,241.4,58,0.05,,,"Quốc Lộ 1, Xã Chân Mây - Lăng Cô, TP Huế",,2.0,1,0,-0.29999999999998295,-0.14999999999999147,241.8,0.6148170459988656,5.0,1,Moving,0,0,0,0,0,VALID,VALID
92H-02687,2026-08-12 09:04:00,241.4,62,0.03333333333333333,,,"Quốc Lộ 1, Xã Chân Mây - Lăng Cô, TP Huế",,2.0,1,0,0.0,0.0,241.7,0.2049390154435606,5.0,1,Moving,0,0,0,0,0,VALID,VALID
92H-02687,2026-08-12 09:06:00,241.1,60,-0.016666666666666666,,,"Quốc Lộ 1, Xã Chân Mây - Lăng Cô, TP Huế",,2.0,1,0,-0.30000000000001137,-0.15000000000000568,241.4,0.27748873860225276,5.0,1,Moving,0,0,0,0,0,VALID,VALID
92H-02687,2026-08-12 09:08:00,240.8,62,0.016666666666666666,,,"Quốc Lộ 1, Xã Chân Mây - Lăng Cô, TP Huế",,2.0,1,0,-0.29999999999998295,-0.14999999999999147,241.4,0.34205262760458927,5.0,1,Moving,0,0,0,0,0,VALID,VALID
92H-02687,2026-08-12 09:10:00,240.5,53,-0.075,,,"Hầm Phú Gia, Xã Chân Mây - Lăng Cô, TP Huế",,2.0,1,0,-0.30000000000001137,-0.15000000000000568,241.1,0.39115214437783047,5.0,1,Moving,0,0,0,0,0,VALID,VALID
92H-02687,2026-08-12 09:12:00,239.5,52,-0.008333333333333333,,,"Quốc Lộ 1, Xã Chân Mây - Lăng Cô, TP Huế",,2.0,1,0,-1.0,-0.5,240.8,0.7300684899731134,5.0,1,Moving,0,0,0,0,0,VALID,VALID
92H-02687,2026-08-12 09:14:00,239.2,50,-0.016666666666666666,,,"Quốc Lộ 1, Xã Chân Mây - Lăng Cô, TP Huế",,2.0,1,0,-0.30000000000001137,-0.15000000000000568,240.5,0.8288546314353926,5.0,1,Moving,0,0,0,0,0,VALID,VALID
92H-02687,2026-08-12 09:16:00,237.6,34,-0.13333333333333333,,,"Lạc Long Quân, Xã Chân Mây - Lăng Cô, TP Huế",,2.0,1,0,-1.5999999999999943,-0.7999999999999972,239.5,1.263724653574639,5.0,1,Moving,0,0,0,0,0,VALID,VALID
92H-02687,2026-08-12 09:18:00,238.1,50,0.13333333333333333,,,"Lạc Long Quân, Xã Chân Mây - Lăng Cô, TP Huế",,2.0,1,0,0.5,0.25,239.2,1.1519548602495937,5.0,1,Moving,0,0,0,0,0,VALID,VALID
92H-02687,2026-08-12 09:20:00,237.9,58,0.06666666666666667,,,"Quốc Lộ 1, Xã Chân Mây - Lăng Cô, TP Huế",,2.0,1,0,-0.19999999999998863,-0.09999999999999432,238.1,0.8384509526817752,5.0,1,Moving,0,0,0,0,0,VALID,VALID
92H-02687,2026-08-12 09:22:00,238.7,0,-0.48333333333333334,,,"Hầm Hải Vân, Xã Chân Mây - Lăng Cô, TP Huế",,2.0,1,0,0.799999999999983,0.3999999999999915,238.1,0.6442049363774456,5.0,1,Stopped,0,0,0,0,0,VALID,VALID
92H-02687,2026-08-12 09:24:00,238.9,0,0.0,,,"Hầm Hải Vân, Xã Chân Mây - Lăng Cô, TP Huế",,2.0,1,0,0.20000000000001705,0.10000000000000853,238.1,0.5458937626068949,5.0,1,Stopped,0,0,0,0,0,VALID,VALID
92H-02687,2026-08-12 09:26:00,238.0,0,0.0,,,"Hầm Hải Vân, Xã Chân Mây - Lăng Cô, TP Huế",,2.0,1,0,-0.9000000000000057,-0.45000000000000284,238.1,0.44944410114391586,5.0,1,Stopped,0,0,0,0,0,VALID,VALID
92H-02687,2026-08-12 09:28:00,234.8,0,0.0,,,"Hầm Hải Vân, Xã Chân Mây - Lăng Cô, TP Huế",,2.0,1,0,-3.1999999999999886,-1.5999999999999943,238.0,1.656200470973673,5.0,1,Stopped,0,0,0,0,0,VALID,VALID
92H-02687,2026-08-12 09:30:00,232.6,51,0.425,,,"Đường phía Nam hầm Hải Vân, Phường Hải Vân, TP Đà Nẵng",,2.0,1,0,-2.200000000000017,-1.1000000000000085,238.0,2.7793884219471767,5.0,1,Moving,0,0,0,0,0,VALID,VALID
92H-02687,2026-08-12 09:32:00,229.9,50,-0.008333333333333333,,,"Đường phía Nam hầm Hải Vân, Phường Hải Vân, TP Đà Nẵng",,2.0,1,0,-2.6999999999999886,-1.3499999999999943,234.8,3.7380476187516654,5.0,1,Moving,0,0,0,0,0,VALID,VALID
92H-02687,2026-08-12 09:34:00,231.1,52,0.016666666666666666,,,"Hải Vân - Túy Loan, Phường Hải Vân, TP Đà Nẵng",,2.0,1,0,1.1999999999999886,0.5999999999999943,232.6,3.2104516816261017,5.0,1,Moving,0,0,0,0,0,VALID,VALID
92H-02687,2026-08-12 09:36:00,231.4,54,0.016666666666666666,,,"Hải Vân - Túy Loan, Phường Hải Vân, TP Đà Nẵng",,2.0,1,0,0.30000000000001137,0.15000000000000568,231.4,1.855532268664872,5.0,1,Moving,0,0,0,0,0,VALID,VALID
92H-02687,2026-08-12 09:38:00,232.7,54,0.0,,,"Phường Liên Chiểu, TP Đà Nẵng",,2.0,1,0,1.299999999999983,0.6499999999999915,231.4,1.1588787684899704,5.0,1,Moving,0,0,0,0,0,VALID,VALID
92H-02687,2026-08-12 09:40:00,231.5,47,-0.058333333333333334,,,"Nguyễn Tất Thành kéo dài, Phường Liên Chiểu, TP Đà Nẵng",,2.0,1,0,-1.1999999999999886,-0.5999999999999943,231.4,1.0009995005278232,5.0,1,Moving,0,0,0,0,0,VALID,VALID
92H-02687,2026-08-12 09:42:00,230.7,31,-0.13333333333333333,,,"Phường Liên Chiểu, TP Đà Nẵng",,2.0,1,0,-0.8000000000000114,-0.4000000000000057,231.4,0.7496665925975848,5.0,1,Moving,0,0,0,0,0,VALID,VALID
92H-02687,2026-08-12 09:44:00,230.7,24,-0.058333333333333334,,,"Số 5 KCN Hòa Khánh, Phường Liên Chiểu, TP Đà Nẵng",,2.0,1,0,0.0,0.0,231.4,0.8185352772220128,5.0,1,Moving,0,0,0,0,0,VALID,VALID
92H-02687,2026-08-12 09:46:00,231.5,0,-0.2,,,"Số 3, Phường Liên Chiểu, TP Đà Nẵng",,2.0,1,0,0.8000000000000114,0.4000000000000057,231.5,0.8197560613114774,5.0,1,Stopped,0,0,0,0,0,VALID,VALID
92H-02687,2026-08-12 09:48:00,230.1,0,0.0,,,"Phường Liên Chiểu, TP Đà Nẵng",,2.0,1,0,-1.4000000000000057,-0.7000000000000028,230.7,0.6000000000476721,5.0,1,Stopped,0,0,0,0,0,VALID,VALID
92H-02687,2026-08-12 09:50:00,230.1,0,0.0,,,"Phường Liên Chiểu, TP Đà Nẵng",,2.0,1,0,0.0,0.0,230.7,0.5761944116853001,5.0,1,Stopped,0,0,0,0,0,VALID,VALID
92H-02687,2026-08-12 09:52:00,230.4,0,0.0,,,"Phường Liên Chiểu, TP Đà Nẵng",,2.0,1,0,0.30000000000001137,0.15000000000000568,230.4,0.5813776741993161,5.0,1,Stopped,0,0,0,0,0,VALID,VALID
92H-02687,2026-08-12 09:54:00,230.7,0,0.0,,,"Phường Liên Chiểu, TP Đà Nẵng",,2.0,1,0,0.29999999999998295,0.14999999999999147,230.4,0.5813776741993161,5.0,1,Stopped,0,0,0,0,0,VALID,VALID
92H-02687,2026-08-12 09:56:00,230.8,0,0.0,,,"Phường Liên Chiểu, TP Đà Nẵng",,2.0,1,0,0.10000000000002274,0.05000000000001137,230.4,0.3271085447638113,5.0,1,Stopped,0,0,0,0,0,VALID,VALID
92H-02687,2026-08-12 09:58:00,231.0,0,0.0,,,"Phường Liên Chiểu, TP Đà Nẵng",,2.0,1,0,0.19999999999998863,0.09999999999999432,230.7,0.3535533906744127,5.0,1,Stopped,0,0,0,0,0,VALID,VALID
92H-02687,2026-08-12 10:00:00,231.0,0,0.0,,,"Phường Liên Chiểu, TP Đà Nẵng",,2.0,1,0,0.0,0.0,230.8,0.24899799207472273,5.0,1,Stopped,0,0,0,0,0,VALID,VALID
92H-02687,2026-08-12 10:02:00,230.8,0,0.0,,,"Phường Liên Chiểu, TP Đà Nẵng",,2.0,1,0,-0.19999999999998863,-0.09999999999999432,230.8,0.13416407886311596,5.0,1,Stopped,0,0,0,0,0,VALID,VALID
92H-02687,2026-08-12 10:04:00,230.5,0,0.0,,,"Phường Liên Chiểu, TP Đà Nẵng",,2.0,1,0,-0.30000000000001137,-0.15000000000000568,230.8,0.2049390154587835,5.0,1,Stopped,0,0,0,0,0,VALID,VALID
92H-02687,2026-08-12 10:06:00,230.2,0,0.0,,,"Phường Liên Chiểu, TP Đà Nẵng",,2.0,1,0,-0.30000000000001137,-0.15000000000000568,230.8,0.34641016159647986,5.0,1,Stopped,0,0,0,0,0,VALID,VALID
92H-02687,2026-08-12 10:08:00,229.9,0,0.0,,,"Phường Liên Chiểu, TP Đà Nẵng",,2.0,1,0,-0.29999999999998295,-0.14999999999999147,230.5,0.44384682048815866,5.0,1,Stopped,0,0,0,0,0,VALID,VALID
92H-02687,2026-08-12 10:10:00,229.8,0,0.0,,,"Phường Liên Chiểu, TP Đà Nẵng",,2.0,1,0,-0.09999999999999432,-0.04999999999999716,230.2,0.41593268693095803,5.0,1,Stopped,0,0,0,0,0,VALID,VALID
92H-02687,2026-08-12 10:14:00,229.0,0,0.0,,,"Phường Liên Chiểu, TP Đà Nẵng",,4.0,1,0,-0.8000000000000114,-0.20000000000000284,229.9,0.563027530461741,5.0,1,Stopped,0,0,0,0,0,VALID,VALID
92H-02687,2026-08-12 10:16:00,228.9,0,0.0,,,"Phường Liên Chiểu, TP Đà Nẵng",,2.0,1,0,-0.09999999999999432,-0.04999999999999716,229.8,0.5770615219004595,5.0,1,Stopped,0,0,0,0,0,VALID,VALID
92H-02687,2026-08-12 10:18:00,228.5,0,0.0,,,"Phường Liên Chiểu, TP Đà Nẵng",,2.0,1,0,-0.4000000000000057,-0.20000000000000284,229.0,0.6058052492825837,5.0,1,Stopped,0,0,0,0,0,VALID,VALID
92H-02687,2026-08-12 10:20:00,228.3,0,0.0,,,"Phường Liên Chiểu, TP Đà Nẵng",,2.0,1,0,-0.19999999999998863,-0.09999999999999432,228.9,0.5787918451901125,5.0,1,Stopped,0,0,0,0,0,VALID,VALID
92H-02687,2026-08-12 10:22:00,228.3,0,0.0,,,"Phường Liên Chiểu, TP Đà Nẵng",,2.0,1,0,0.0,0.0,228.5,0.3316624791242014,5.0,1,Stopped,0,0,0,0,0,VALID,VALID
92H-02687,2026-08-12 10:24:00,228.2,0,0.0,,,"Phường Liên Chiểu, TP Đà Nẵng",,2.0,1,0,-0.10000000000002274,-0.05000000000001137,228.3,0.27928480098091335,5.0,1,Stopped,0,0,0,0,0,VALID,VALID
92H-02687,2026-08-12 10:27:00,228.2,0,0.0,,,"Phường Liên Chiểu, TP Đà Nẵng",,3.0,1,0,0.0,0.0,228.3,0.12247448738028861,5.0,1,Stopped,0,0,0,0,0,VALID,VALID
92H-02687,2026-08-12 10:29:00,228.0,0,0.0,,,"Phường Liên Chiểu, TP Đà Nẵng",,2.0,1,0,-0.19999999999998863,-0.09999999999999432,228.2,0.12247448738061785,5.0,1,Stopped,0,0,0,0,0,VALID,VALID
92H-02687,2026-08-12 10:31:00,227.9,0,0.0,,,"Phường Liên Chiểu, TP Đà Nẵng",,2.0,1,0,-0.09999999999999432,-0.04999999999999716,228.2,0.16431676743171597,5.0,1,Stopped,0,0,0,0,0,VALID,VALID
92H-02687,2026-08-12 10:33:00,227.7,0,0.0,,,"Phường Liên Chiểu, TP Đà Nẵng",,2.0,1,0,-0.20000000000001705,-0.10000000000000853,228.0,0.2121320344957426,5.0,1,Stopped,0,0,0,0,0,VALID,VALID
92H-02687,2026-08-12 10:36:00,227.7,0,0.0,,,"Phường Liên Chiểu, TP Đà Nẵng",,3.0,1,0,0.0,0.0,227.9,0.2121320344959327,5.0,1,Stopped,0,0,0,0,0,VALID,VALID
92H-02687,2026-08-12 10:38:00,227.6,0,0.0,,,"Phường Liên Chiểu, TP Đà Nẵng",,2.0,1,0,-0.09999999999999432,-0.04999999999999716,227.7,0.16431676743254156,5.0,1,Stopped,0,0,0,0,0,VALID,VALID
92H-02687,2026-08-12 10:40:00,227.4,0,0.0,,,"Phường Liên Chiểu, TP Đà Nẵng",,2.0,1,0,-0.19999999999998863,-0.09999999999999432,227.7,0.18165902140981846,5.0,1,Stopped,0,0,0,0,0,VALID,VALID
92H-02687,2026-08-12 10:42:00,227.3,0,0.0,,,"Phường Liên Chiểu, TP Đà Nẵng",,2.0,1,0,-0.09999999999999432,-0.04999999999999716,227.6,0.1816590214100684,5.0,1,Stopped,0,0,0,0,0,VALID,VALID
92H-02687,2026-08-12 10:44:00,227.1,0,0.0,,,"Phường Liên Chiểu, TP Đà Nẵng",,2.0,1,0,-0.20000000000001705,-0.10000000000000853,227.4,0.23874672785142328,5.0,1,Stopped,0,0,0,0,0,VALID,VALID
92H-02687,2026-08-12 10:46:00,227.0,0,0.0,,,"Phường Liên Chiểu, TP Đà Nẵng",,2.0,1,0,-0.09999999999999432,-0.04999999999999716,227.3,0.2387467278516733,5.0,1,Stopped,0,0,0,0,0,VALID,VALID
92H-02687,2026-08-12 10:48:00,227.0,0,0.0,,,"Phường Liên Chiểu, TP Đà Nẵng",,2.0,1,0,0.0,0.0,227.1,0.18165902141096024,5.0,1,Stopped,0,0,0,0,0,VALID,VALID
92H-02687,2026-08-12 10:50:00,226.8,0,0.0,,,"Phường Liên Chiểu, TP Đà Nẵng",,2.0,1,0,-0.19999999999998863,-0.09999999999999432,227.0,0.18165902141125242,5.0,1,Stopped,0,0,0,0,0,VALID,VALID
92H-02687,2026-08-12 10:52:00,227.0,0,0.0,,,"Phường Liên Chiểu, TP Đà Nẵng",,2.0,1,0,0.19999999999998863,0.09999999999999432,227.0,0.10954451177556214,5.0,1,Stopped,0,0,0,0,0,VALID,VALID
92H-02687,2026-08-12 10:54:00,227.0,0,0.0,,,"Phường Liên Chiểu, TP Đà Nẵng",,2.0,1,0,0.0,0.0,227.0,0.08944271943632211,5.0,1,Stopped,0,0,0,0,0,VALID,VALID
92H-02687,2026-08-12 10:56:00,226.8,0,0.0,,,"Phường Liên Chiểu, TP Đà Nẵng",,2.0,1,0,-0.19999999999998863,-0.09999999999999432,227.0,0.1095445117758044,5.0,1,Stopped,0,0,0,0,0,VALID,VALID
92H-02687,2026-08-12 10:58:00,226.7,0,0.0,,,"Phường Liên Chiểu, TP Đà Nẵng",,2.0,1,0,-0.10000000000002274,-0.05000000000001137,226.8,0.13416407887453688,5.0,1,Stopped,0,0,0,0,0,VALID,VALID
92H-02687,2026-08-12 11:00:00,226.5,0,0.0,,,"Phường Liên Chiểu, TP Đà Nẵng",,2.0,1,0,-0.19999999999998863,-0.09999999999999432,226.8,0.21213203449810925,5.0,1,Stopped,0,0,0,0,0,VALID,VALID
92H-02687,2026-08-12 11:02:00,226.2,0,0.0,,,"Phường Liên Chiểu, TP Đà Nẵng",,2.0,1,0,-0.30000000000001137,-0.15000000000000568,226.7,0.3049590137386556,5.0,1,Stopped,0,0,0,0,0,VALID,VALID
92H-02687,2026-08-12 11:05:00,226.1,0,0.0,,,"Phường Liên Chiểu, TP Đà Nẵng",,3.0,1,0,-0.09999999999999432,-0.03333333333333144,226.5,0.30495901373891665,5.0,1,Stopped,0,0,0,0,0,VALID,VALID
92H-02687,2026-08-12 11:07:00,226.0,0,0.0,,,"Phường Liên Chiểu, TP Đà Nẵng",,2.0,1,0,-0.09999999999999432,-0.04999999999999716,226.2,0.2915475948464486,5.0,1,Stopped,0,0,0,0,0,VALID,VALID
92H-02687,2026-08-12 11:09:00,225.8,0,0.0,,,"Phường Liên Chiểu, TP Đà Nẵng",,2.0,1,0,-0.19999999999998863,-0.09999999999999432,226.1,0.2588435822285495,5.0,1,Stopped,0,0,0,0,0,VALID,VALID
92H-02687,2026-08-12 11:11:00,225.7,0,0.0,,,"Phường Liên Chiểu, TP Đà Nẵng",,2.0,1,0,-0.10000000000002274,-0.05000000000001137,226.0,0.20736441368047714,5.0,1,Stopped,0,0,0,0,0,VALID,VALID
92H-02687,2026-08-12 11:12:00,225.7,0,0.0,,,"Phường Liên Chiểu, TP Đà Nẵng",,1.0,1,0,0.0,0.0,225.8,0.18165902141412554,5.0,1,Stopped,0,0,0,0,0,VALID,VALID
92H-02687,2026-08-12 11:14:00,225.7,11,0.09166666666666666,,,"Số 3, Phường Liên Chiểu, TP Đà Nẵng",,2.0,1,0,0.0,0.0,225.7,0.13038404833877945,5.0,1,Moving,0,0,0,0,0,VALID,VALID
92H-02687,2026-08-12 11:16:00,226.0,46,0.2916666666666667,,,"Số 5 KCN Hòa Khánh, Phường Hải Vân, TP Đà Nẵng",,2.0,1,0,0.30000000000001137,0.15000000000000568,225.7,0.13038404833877945,5.0,1,Moving,0,0,0,0,0,VALID,VALID
92H-02687,2026-08-12 11:18:00,226.0,0,-0.38333333333333336,,,"Số 5 KCN Hòa Khánh, Phường Hải Vân, TP Đà Nẵng",,2.0,1,0,0.0,0.0,225.7,0.16431676743769974,5.0,1,Stopped,0,0,0,0,0,VALID,VALID
92H-02687,2026-08-12 11:20:00,227.4,43,0.35833333333333334,,,"Nguyễn Lương Bằng, Phường Hải Vân, TP Đà Nẵng",,2.0,1,0,1.4000000000000057,0.7000000000000028,226.0,0.7092249291028143,5.0,1,Moving,0,0,0,0,0,VALID,VALID
92H-02687,2026-08-12 11:22:00,225.7,40,-0.025,,,"Nguyễn Tất Thành, Phường Hải Vân, TP Đà Nẵng",,2.0,1,0,-1.700000000000017,-0.8500000000000085,226.0,0.7092249291028143,5.0,1,Moving,0,0,0,0,0,VALID,VALID
92H-02687,2026-08-12 11:24:00,225.7,40,0.0,,,"Nguyễn Tất Thành, Phường Hải Vân, TP Đà Nẵng",,2.0,1,0,0.0,0.0,226.0,0.7092249291028143,5.0,1,Moving,0,0,0,0,0,VALID,VALID
92H-02687,2026-08-12 11:26:00,225.4,39,-0.008333333333333333,,,"Nguyễn Tất Thành, Phường Liên Chiểu, TP Đà Nẵng",,2.0,1,0,-0.29999999999998295,-0.14999999999999147,225.7,0.7893034904654795,5.0,1,Moving,0,0,0,0,0,VALID,VALID
92H-02687,2026-08-12 11:28:00,225.1,38,-0.008333333333333333,,,"Nguyễn Tất Thành, Phường Hòa Khánh, TP Đà Nẵng",,2.0,1,0,-0.30000000000001137,-0.15000000000000568,225.7,0.8961026727229078,5.0,1,Moving,0,0,0,0,0,VALID,VALID
92H-02687,2026-08-12 11:30:00,224.0,20,-0.15,,,"Nguyễn Sinh Sắc, Phường Hòa Khánh, TP Đà Nẵng",,2.0,1,0,-1.0999999999999943,-0.5499999999999972,225.4,0.7049822693243464,5.0,1,Moving,0,0,0,0,0,VALID,VALID
92H-02687,2026-08-12 11:32:00,224.2,0,-0.16666666666666666,,,"Nguyễn Sinh Sắc, Phường Hòa Khánh, TP Đà Nẵng",,2.0,1,0,0.19999999999998863,0.09999999999999432,225.1,0.7463243263233299,5.0,1,Stopped,0,0,0,0,0,VALID,VALID
92H-02687,2026-08-12 11:34:00,224.2,16,0.13333333333333333,,,"Trục đô thị Tây Bắc, Phường Hòa Khánh, TP Đà Nẵng",,2.0,1,0,0.0,0.0,224.2,0.6260990337496358,5.0,1,Moving,0,0,0,0,0,VALID,VALID
92H-02687,2026-08-12 11:36:00,223.5,33,0.14166666666666666,,,"Trục đô thị Tây Bắc, Phường Hòa Khánh, TP Đà Nẵng",,2.0,1,0,-0.6999999999999886,-0.3499999999999943,224.2,0.5787918451935303,5.0,1,Moving,0,0,0,0,0,VALID,VALID
92H-02687,2026-08-12 11:38:00,223.5,30,-0.025,,,"Trường Chinh, Phường An Khê, TP Đà Nẵng",,2.0,1,0,0.0,0.0,224.0,0.35637059371222224,5.0,1,Moving,0,0,0,0,0,VALID,VALID
92H-02687,2026-08-12 11:40:00,223.3,22,-0.06666666666666667,,,"Trường Chinh, Phường An Khê, TP Đà Nẵng",,2.0,1,0,-0.19999999999998863,-0.09999999999999432,223.5,0.4277849927976887,5.0,1,Moving,0,0,0,0,0,VALID,VALID
92H-02687,2026-08-12 11:42:00,222.4,40,0.15,,,"Trường Chinh, Phường An Khê, TP Đà Nẵng",,2.0,1,0,-0.9000000000000057,-0.45000000000000284,223.5,0.6457553716874868,5.0,1,Moving,0,0,0,0,0,VALID,VALID
92H-02687,2026-08-12 11:44:00,222.4,27,-0.10833333333333334,,,"Trường Chinh, Phường An Khê, TP Đà Nẵng",,2.0,1,0,0.0,0.0,223.3,0.5718391382754265,5.0,1,Moving,0,0,0,0,0,VALID,VALID
92H-02687,2026-08-12 11:46:00,221.7,38,0.09166666666666666,,,"Trường Chinh, Phường An Khê, TP Đà Nẵng",,2.0,1,0,-0.700000000000017,-0.3500000000000085,222.4,0.7368853371210068,5.0,1,Moving,0,0,0,0,0,VALID,VALID
92H-02687,2026-08-12 11:48:00,220.4,44,0.05,,,"Trường Chinh, Phường An Khê, TP Đà Nẵng",,2.0,1,0,-1.299999999999983,-0.6499999999999915,222.4,1.07842477719336,5.0,1,Moving,0,0,0,0,0,VALID,VALID
92H-02687,2026-08-12 11:50:00,220.5,29,-0.125,,,"Cách Mạng Tháng 8, Phường Cẩm Lệ, TP Đà Nẵng",,2.0,1,0,0.09999999999999432,0.04999999999999716,221.7,0.9833615815482522,5.0,1,Moving,0,0,0,0,0,VALID,VALID
92H-02687,2026-08-12 11:52:00,220.5,7,-0.18333333333333332,,,"Phường Cẩm Lệ, TP Đà Nẵng",,2.0,1,0,0.0,0.0,220.5,0.9027735042996363,5.0,1,Moving,0,0,0,0,0,VALID,VALID
92H-02687,2026-08-12 11:54:00,220.4,0,-0.058333333333333334,,,"Phường Cẩm Lệ, TP Đà Nẵng",,2.0,1,0,-0.09999999999999432,-0.04999999999999716,220.5,0.5612486080747385,5.0,1,Stopped,0,0,0,0,0,VALID,VALID
92H-02687,2026-08-12 11:56:00,220.4,0,0.0,,,"Phường Cẩm Lệ, TP Đà Nẵng",,2.0,1,0,0.0,0.0,220.4,0.0547722563538651,5.0,1,Stopped,0,0,0,0,0,VALID,VALID
92H-02687,2026-08-12 11:58:00,220.5,0,0.0,,,"Phường Cẩm Lệ, TP Đà Nẵng",,2.0,1,0,0.09999999999999432,0.04999999999999716,220.5,0.054772256353683484,5.0,1,Stopped,0,0,0,0,0,VALID,VALID
92H-02687,2026-08-12 12:00:00,220.5,0,0.0,,,"Phường Cẩm Lệ, TP Đà Nẵng",,2.0,1,0,0.0,0.0,220.5,0.054772256353683484,5.0,1,Stopped,0,0,0,0,0,VALID,VALID
92H-02687,2026-08-12 12:02:00,220.5,0,0.0,,,"Cách Mạng Tháng 8, Phường Cẩm Lệ, TP Đà Nẵng",,2.0,1,0,0.0,0.0,220.5,0.054772256353683484,5.0,1,Stopped,0,0,0,0,0,VALID,VALID
92H-02687,2026-08-12 12:04:00,220.5,0,0.0,,,"Cách Mạng Tháng 8, Phường Cẩm Lệ, TP Đà Nẵng",,2.0,1,0,0.0,0.0,220.5,0.04472136028849619,5.0,1,Stopped,0,0,0,0,0,VALID,VALID
92H-02687,2026-08-12 12:06:00,220.5,0,0.0,,,"Cách Mạng Tháng 8, Phường Cẩm Lệ, TP Đà Nẵng",,2.0,1,0,0.0,0.0,220.5,0.0,5.0,1,Stopped,0,0,0,0,0,VALID,VALID
92H-02687,2026-08-12 12:08:00,220.5,0,0.0,,,"Cách Mạng Tháng 8, Phường Cẩm Lệ, TP Đà Nẵng",,2.0,1,0,0.0,0.0,220.5,0.0,5.0,1,Stopped,0,0,0,0,0,VALID,VALID
92H-02687,2026-08-12 12:10:00,220.7,0,0.0,,,"Cầu vượt Hòa Cầm, Phường Cẩm Lệ, TP Đà Nẵng",,2.0,1,0,0.19999999999998863,0.09999999999999432,220.5,0.08944271946889082,5.0,1,Stopped,0,0,0,0,0,VALID,VALID
92H-02687,2026-08-12 12:12:00,221.5,0,0.0,,,"Cầu vượt Hòa Cầm, Phường Cẩm Lệ, TP Đà Nẵng",,2.0,1,0,0.8000000000000114,0.4000000000000057,220.5,0.433589667849436,5.0,1,Stopped,0,0,0,0,0,VALID,VALID
92H-02687,2026-08-12 12:14:00,221.7,0,0.0,,,"Cầu vượt Hòa Cầm, Phường Cẩm Lệ, TP Đà Nẵng",,2.0,1,0,0.19999999999998863,0.09999999999999432,220.7,0.5761944116923817,5.0,1,Stopped,0,0,0,0,0,VALID,VALID
92H-02687,2026-08-12 12:16:00,221.8,0,0.0,,,"Cầu vượt Hòa Cầm, Phường Cẩm Lệ, TP Đà Nẵng",,2.0,1,0,0.10000000000002274,0.05000000000001137,221.5,0.5983310121205954,5.0,1,Stopped,0,0,0,0,0,VALID,VALID
92H-02687,2026-08-12 12:18:00,221.8,0,0.0,,,"Cầu vượt Hòa Cầm, Phường Cẩm Lệ, TP Đà Nẵng",,2.0,1,0,0.0,0.0,221.7,0.46368092484484547,5.0,1,Stopped,0,0,0,0,0,VALID,VALID
92H-02687,2026-08-12 12:20:00,221.8,0,0.0,,,"Cầu vượt Hòa Cầm, Phường Cẩm Lệ, TP Đà Nẵng",,2.0,1,0,0.0,0.0,221.8,0.13038404835223924,5.0,1,Stopped,0,0,0,0,0,VALID,VALID
92H-02687,2026-08-12 12:23:00,222.6,0,0.0,,,"Cầu vượt Hòa Cầm, Phường Cẩm Lệ, TP Đà Nẵng",,3.0,1,0,0.799999999999983,0.266666666666661,221.8,0.3714835125069027,5.0,1,Stopped,0,0,0,0,0,VALID,VALID
92H-02687,2026-08-12 12:25:00,272.7,0,0.0,,,"Cầu vượt Hòa Cầm, Phường Cẩm Lệ, TP Đà Nẵng",,2.0,1,0,50.099999999999994,25.049999999999997,221.8,22.67637537173992,5.0,1,Stopped,0,0,1,0,1,LARGE_DELTA,VALID
92H-02687,2026-08-12 12:27:00,354.9,0,0.0,,,"Cầu vượt Hòa Cầm, Phường Cẩm Lệ, TP Đà Nẵng",,2.0,1,0,82.19999999999999,41.099999999999994,222.6,58.0449222585406,5.0,1,Stopped,0,0,1,0,1,LARGE_DELTA,VALID
92H-02687,2026-08-12 12:30:00,446.0,0,0.0,,,"Cầu vượt Hòa Cầm, Phường Cẩm Lệ, TP Đà Nẵng",,3.0,1,0,91.10000000000002,30.366666666666674,272.7,96.32821497359936,5.0,1,Stopped,0,0,1,0,1,LARGE_DELTA,VALID
92H-02687,2026-08-12 12:32:00,511.4,0,0.0,,,"Cầu vượt Hòa Cầm, Phường Cẩm Lệ, TP Đà Nẵng",,2.0,1,0,65.39999999999998,32.69999999999999,354.9,119.19780618786533,5.0,1,Stopped,0,0,1,0,1,LARGE_DELTA,VALID
92H-02687,2026-08-12 12:34:00,528.5,0,0.0,,,"Cầu vượt Hòa Cầm, Phường Cẩm Lệ, TP Đà Nẵng",,2.0,1,0,17.100000000000023,8.550000000000011,446.0,108.05214019166782,5.0,1,Stopped,0,0,1,0,1,LARGE_DELTA,VALID
92H-02687,2026-08-12 12:36:00,545.5,0,0.0,,,"Cầu vượt Hòa Cầm, Phường Cẩm Lệ, TP Đà Nẵng",,2.0,1,0,17.0,8.5,511.4,78.09758639036019,5.0,1,Stopped,0,0,1,0,1,LARGE_DELTA,VALID
92H-02687,2026-08-12 12:38:00,561.7,0,0.0,,,"Cầu vượt Hòa Cầm, Phường Cẩm Lệ, TP Đà Nẵng",,2.0,1,0,16.200000000000045,8.100000000000023,528.5,44.72646867347931,5.0,1,Stopped,0,0,1,0,1,LARGE_DELTA,VALID
92H-02687,2026-08-12 12:40:00,568.7,0,0.0,,,"Cầu vượt Hòa Cầm, Phường Cẩm Lệ, TP Đà Nẵng",,2.0,1,0,7.0,3.5,545.5,23.585546421478128,5.0,1,Stopped,0,0,1,0,1,LARGE_DELTA,VALID
92H-02687,2026-08-12 12:42:00,570.0,0,0.0,,,"Cầu vượt Hòa Cầm, Phường Cẩm Lệ, TP Đà Nẵng",,2.0,1,0,1.2999999999999545,0.6499999999999773,561.7,17.677726098106792,5.0,1,Stopped,0,0,0,0,0,VALID,VALID
92H-02687,2026-08-12 12:44:00,570.2,0,0.0,,,"Cầu vượt Hòa Cầm, Phường Cẩm Lệ, TP Đà Nẵng",,2.0,1,0,0.20000000000004547,0.10000000000002274,568.7,10.500333328027091,5.0,1,Stopped,0,0,0,0,0,VALID,VALID
92H-02687,2026-08-12 12:46:00,572.2,38,0.31666666666666665,,,"Cầu vượt Hòa Cầm, Phường An Khê, TP Đà Nẵng",,2.0,1,0,2.0,1.0,570.0,4.033980664265826,5.0,1,Moving,0,0,0,0,0,VALID,VALID
92H-02687,2026-08-12 12:48:00,571.6,41,0.025,,,"Trường Sơn, Phường Cẩm Lệ, TP Đà Nẵng",,2.0,1,0,-0.6000000000000227,-0.30000000000001137,570.2,1.3849187700615027,5.0,1,Moving,0,0,0,0,0,VALID,VALID
92H-02687,2026-08-12 12:50:00,570.5,39,-0.016666666666666666,,,"Trường Sơn, Phường Cẩm Lệ, TP Đà Nẵng",,2.0,1,0,-1.1000000000000227,-0.5500000000000114,570.5,0.9539392012431126,5.0,1,Moving,0,0,0,0,0,VALID,VALID
92H-02687,2026-08-12 12:54:00,567.8,0,-0.1625,,,"Trường Sơn, Xã Bà Nà, TP Đà Nẵng",,4.0,1,0,-2.7000000000000455,-0.6750000000000114,570.5,1.693517050303551,5.0,1,Stopped,0,0,0,0,0,VALID,VALID
92H-02687,2026-08-12 12:56:00,568.1,0,0.0,,,"Trường Sơn, Xã Bà Nà, TP Đà Nẵng",,2.0,1,0,0.3000000000000682,0.1500000000000341,570.5,2.0057417579711396,5.0,1,Stopped,0,0,0,0,0,VALID,VALID
92H-02687,2026-08-12 12:58:00,568.4,0,0.0,,,"Trường Sơn, Xã Bà Nà, TP Đà Nẵng",,2.0,1,0,0.2999999999999545,0.14999999999997726,568.4,1.6754103973861643,5.0,1,Stopped,0,0,0,0,0,VALID,VALID
92H-02687,2026-08-12 13:00:00,568.6,0,0.0,,,"Trường Sơn, Xã Bà Nà, TP Đà Nẵng",,2.0,1,0,0.20000000000004547,0.10000000000002274,568.4,1.0616025620118392,5.0,1,Stopped,0,0,0,0,0,VALID,VALID
92H-02687,2026-08-12 13:02:00,568.6,0,0.0,,,"Trường Sơn, Xã Bà Nà, TP Đà Nẵng",,2.0,1,0,0.0,0.0,568.4,0.3464101610380112,5.0,1,Stopped,0,0,0,0,0,VALID,VALID
92H-02687,2026-08-12 13:04:00,570.0,0,0.0,,,"Trường Sơn, Xã Bà Nà, TP Đà Nẵng",,2.0,1,0,1.3999999999999773,0.6999999999999886,568.6,0.733484832610739,5.0,1,Stopped,0,0,0,0,0,VALID,VALID
92H-02687,2026-08-12 13:06:00,570.2,10,0.08333333333333333,,,"Hải Vân - Túy Loan, Xã Bà Nà, TP Đà Nẵng",,2.0,1,0,0.20000000000004547,0.10000000000002274,568.6,0.8648699322266249,5.0,1,Moving,0,0,0,0,0,VALID,VALID
92H-02687,2026-08-12 13:08:00,571.5,34,0.2,,,"Quốc Lộ 14B, Xã Bà Nà, TP Đà Nẵng",,2.0,1,0,1.2999999999999545,0.6499999999999773,570.0,1.2214745186327913,5.0,1,Moving,0,0,0,0,0,VALID,VALID
92H-02687,2026-08-12 13:10:00,568.4,28,-0.05,,,"Quốc Lộ 14B, Xã Hòa Vang, TP Đà Nẵng",,2.0,1,0,-3.1000000000000227,-1.5500000000000114,570.0,1.2720062891626314,5.0,1,Moving,0,0,0,0,0,VALID,VALID
92H-02687,2026-08-12 13:12:00,568.4,42,0.11666666666666667,,,"Quốc Lộ 14B, Xã Hòa Vang, TP Đà Nẵng",,2.0,1,0,0.0,0.0,570.0,1.3190905957019665,5.0,1,Moving,0,0,0,0,0,VALID,VALID
92H-02687,2026-08-12 13:14:00,567.5,0,-0.35,,,"Quốc Lộ 14B, Xã Hòa Vang, TP Đà Nẵng",,2.0,1,0,-0.8999999999999773,-0.44999999999998863,568.4,1.617096162777538,5.0,1,Stopped,0,0,0,0,0,VALID,VALID
92H-02687,2026-08-12 13:16:00,567.5,0,0.0,,,"Quốc Lộ 14B, Xã Hòa Tiến, TP Đà Nẵng",,2.0,1,0,0.0,0.0,568.4,1.6501515080956526,5.0,1,Stopped,0,0,0,0,0,VALID,VALID
92H-02687,2026-08-12 13:18:00,567.5,46,0.38333333333333336,,,"Quốc Lộ 14B, Xã Hòa Tiến, TP Đà Nẵng",,2.0,1,0,0.0,0.0,567.5,0.4929503014211186,5.0,1,Moving,0,0,0,0,0,VALID,VALID
92H-02687,2026-08-12 13:20:00,566.8,40,-0.05,,,"Quốc Lộ 14B, Xã Hòa Tiến, TP Đà Nẵng",,2.0,1,0,-0.7000000000000455,-0.35000000000002274,567.5,0.5683308892463148,5.0,1,Moving,0,0,0,0,0,VALID,VALID
92H-02687,2026-08-12 13:22:00,566.7,36,-0.03333333333333333,,,"Quốc Lộ 14B, Xã Hòa Tiến, TP Đà Nẵng",,2.0,1,0,-0.09999999999990905,-0.049999999999954525,567.5,0.4123105621638234,5.0,1,Moving,0,0,0,0,0,VALID,VALID
92H-02687,2026-08-12 13:24:00,566.8,49,0.10833333333333334,,,"Quốc Lộ 14B, Xã Đại Lộc, TP Đà Nẵng",,2.0,1,0,0.09999999999990905,0.049999999999954525,566.8,0.4037325843575016,5.0,1,Moving,0,0,0,0,0,VALID,VALID
92H-02687,2026-08-12 13:26:00,566.5,47,-0.016666666666666666,,,"Quốc Lộ 14B, Xã Đại Lộc, TP Đà Nẵng",,2.0,1,0,-0.2999999999999545,-0.14999999999997726,566.8,0.3781534075903351,5.0,1,Moving,0,0,0,0,0,VALID,VALID
92H-02687,2026-08-12 13:28:00,565.2,51,0.03333333333333333,,,"Quốc Lộ 14B, Xã Đại Lộc, TP Đà Nẵng",,2.0,1,0,-1.2999999999999545,-0.6499999999999773,566.7,0.6819090846092422,5.0,1,Moving,0,0,0,0,0,VALID,VALID
92H-02687,2026-08-12 13:30:00,565.0,57,0.05,,,"Quốc Lộ 14B, Xã Đại Lộc, TP Đà Nẵng",,2.0,1,0,-0.20000000000004547,-0.10000000000002274,566.5,0.8677557258082501,5.0,1,Moving,0,0,0,0,0,VALID,VALID
92H-02687,2026-08-12 13:32:00,564.7,55,-0.016666666666666666,,,"Quốc Lộ 14B, Xã Đại Lộc, TP Đà Nẵng",,2.0,1,0,-0.2999999999999545,-0.14999999999997726,565.2,0.9449867722213504,5.0,1,Moving,0,0,0,0,0,VALID,VALID
92H-02687,2026-08-12 13:34:00,564.4,41,-0.11666666666666667,,,"Quốc Lộ 14B, Xã Hà Nha, TP Đà Nẵng",,2.0,1,0,-0.3000000000000682,-0.1500000000000341,565.0,0.8080841538315997,5.0,1,Moving,0,0,0,0,0,VALID,VALID
92H-02687,2026-08-12 13:36:00,563.0,56,0.125,,,"Quốc Lộ 14B, Xã Hà Nha, TP Đà Nẵng",,2.0,1,0,-1.3999999999999773,-0.6999999999999886,564.7,0.8706319542000817,5.0,1,Moving,0,0,0,0,0,VALID,VALID
92H-02687,2026-08-12 13:38:00,563.3,0,-0.4666666666666667,,,"Quốc Lộ 14B, Xã Hà Nha, TP Đà Nẵng",,2.0,1,0,0.2999999999999545,0.14999999999997726,564.4,0.8814760346569278,5.0,1,Stopped,0,0,0,0,0,VALID,VALID
92H-02687,2026-08-12 13:42:00,560.3,0,0.0,,,"Xã Hà Nha, TP Đà Nẵng",,4.0,1,0,-3.0,-0.75,563.3,1.7415510327507728,5.0,1,Stopped,0,0,0,0,0,VALID,VALID
92H-02687,2026-08-12 13:44:00,560.3,0,0.0,,,"Xã Hà Nha, TP Đà Nẵng",,2.0,1,0,0.0,0.0,563.0,1.8635986691549382,5.0,1,Stopped,0,0,0,0,0,VALID,VALID
92H-02687,2026-08-12 13:46:00,560.3,0,0.0,,,"Xã Hà Nha, TP Đà Nẵng",,2.0,1,0,0.0,0.0,560.3,1.5646085771453302,5.0,1,Stopped,0,0,0,0,0,VALID,VALID
92H-02687,2026-08-12 13:48:00,560.3,0,0.0,,,"Xã Hà Nha, TP Đà Nẵng",,2.0,1,0,0.0,0.0,560.3,1.3416407863795616,5.0,1,Stopped,0,0,0,0,0,VALID,VALID
92H-02687,2026-08-12 13:50:00,560.3,0,0.0,,,"Xã Hà Nha, TP Đà Nẵng",,2.0,1,0,0.0,0.0,560.3,0.0,5.0,1,Stopped,0,0,0,0,0,VALID,VALID
92H-02687,2026-08-12 13:52:00,560.3,0,0.0,,,"Xã Hà Nha, TP Đà Nẵng",,2.0,1,0,0.0,0.0,560.3,0.0,5.0,1,Stopped,0,0,0,0,0,VALID,VALID
92H-02687,2026-08-12 13:55:00,560.3,0,0.0,,,"Xã Hà Nha, TP Đà Nẵng",,3.0,1,0,0.0,0.0,560.3,0.0,5.0,1,Stopped,0,0,0,0,0,VALID,VALID
92H-02687,2026-08-12 13:57:00,560.3,0,0.0,,,"Xã Hà Nha, TP Đà Nẵng",,2.0,1,0,0.0,0.0,560.3,0.0,5.0,1,Stopped,0,0,0,0,0,VALID,VALID
92H-02687,2026-08-12 13:59:00,560.5,0,0.0,,,"Xã Hà Nha, TP Đà Nẵng",,2.0,1,0,0.20000000000004547,0.10000000000002274,560.3,0.0894427172981637,5.0,1,Stopped,0,0,0,0,0,VALID,VALID
92H-02687,2026-08-12 14:01:00,560.5,0,0.0,,,"Xã Hà Nha, TP Đà Nẵng",,2.0,1,0,0.0,0.0,560.3,0.10954451002967619,5.0,1,Stopped,0,0,0,0,0,VALID,VALID
92H-02687,2026-08-12 14:04:00,560.5,0,0.0,,,"Xã Hà Nha, TP Đà Nẵng",,3.0,1,0,0.0,0.0,560.5,0.10954451002951533,5.0,1,Stopped,0,0,0,0,0,VALID,VALID
92H-02687,2026-08-12 14:06:00,560.5,0,0.0,,,"Xã Hà Nha, TP Đà Nẵng",,2.0,1,0,0.0,0.0,560.5,0.08944271729757265,5.0,1,Stopped,0,0,0,0,0,VALID,VALID
92H-02687,2026-08-12 14:08:00,560.5,0,0.0,,,"Xã Hà Nha, TP Đà Nẵng",,2.0,1,0,0.0,0.0,560.5,0.0,5.0,1,Stopped,0,0,0,0,0,VALID,VALID
92H-02687,2026-08-12 14:10:00,560.5,0,0.0,,,"Xã Hà Nha, TP Đà Nẵng",,2.0,1,0,0.0,0.0,560.5,0.0,5.0,1,Stopped,0,0,0,0,0,VALID,VALID
92H-02687,2026-08-12 14:12:00,560.5,0,0.0,,,"Xã Hà Nha, TP Đà Nẵng",,2.0,1,0,0.0,0.0,560.5,0.0,5.0,1,Stopped,0,0,0,0,0,VALID,VALID
92H-02687,2026-08-12 14:14:00,560.5,0,0.0,,,"Xã Hà Nha, TP Đà Nẵng",,2.0,1,0,0.0,0.0,560.5,0.0,5.0,1,Stopped,0,0,0,0,0,VALID,VALID
92H-02687,2026-08-12 14:17:00,560.5,0,0.0,,,"Xã Hà Nha, TP Đà Nẵng",,3.0,1,0,0.0,0.0,560.5,0.0,5.0,1,Stopped,0,0,0,0,0,VALID,VALID
92H-02687,2026-08-12 14:19:00,560.5,0,0.0,,,"Xã Hà Nha, TP Đà Nẵng",,2.0,1,0,0.0,0.0,560.5,0.0,5.0,1,Stopped,0,0,0,0,0,VALID,VALID
92H-02687,2026-08-12 14:20:00,560.5,0,0.0,,,"Xã Hà Nha, TP Đà Nẵng",,1.0,1,0,0.0,0.0,560.5,0.0,5.0,1,Stopped,0,0,0,0,0,VALID,VALID
92H-02687,2026-08-12 14:22:00,560.6,0,0.0,,,"Xã Hà Nha, TP Đà Nẵng",,2.0,1,0,0.10000000000002274,0.05000000000001137,560.5,0.04472135594471422,5.0,1,Stopped,0,0,0,0,0,VALID,VALID
92H-02687,2026-08-12 14:24:00,560.8,0,0.0,,,"Xã Hà Nha, TP Đà Nẵng",,2.0,1,0,0.1999999999999318,0.0999999999999659,560.5,0.13038404686728106,5.0,1,Stopped,0,0,0,0,0,VALID,VALID
92H-02687,2026-08-12 14:27:00,563.4,0,0.0,,,"Xã Hà Nha, TP Đà Nẵng",,3.0,1,0,2.6000000000000227,0.8666666666666742,560.6,1.258173278875778,5.0,1,Stopped,0,0,0,0,0,VALID,VALID
92H-02687,2026-08-12 14:29:00,563.3,0,0.0,,,"Xã Hà Nha, TP Đà Nẵng",,2.0,1,0,-0.10000000000002274,-0.05000000000001137,560.8,1.492313639848065,5.0,1,Stopped,0,0,0,0,0,VALID,VALID
92H-02687,2026-08-12 14:32:00,563.1,0,0.0,,,"Xã Hà Nha, TP Đà Nẵng",,3.0,1,0,-0.1999999999999318,-0.06666666666664393,563.1,1.4117365192118059,5.0,1,Stopped,0,0,0,0,0,VALID,VALID
92H-02687,2026-08-12 14:34:00,563.0,0,0.0,,,"Xã Hà Nha, TP Đà Nẵng",,2.0,1,0,-0.10000000000002274,-0.05000000000001137,563.1,1.084896308259914,5.0,1,Stopped,0,0,0,0,0,VALID,VALID
92H-02687,2026-08-12 14:36:00,563.0,0,0.0,,,"Xã Hà Nha, TP Đà Nẵng",,2.0,1,0,0.0,0.0,563.1,0.1816590203531815,5.0,1,Stopped,0,0,0,0,0,VALID,VALID
92H-02687,2026-08-12 14:38:00,562.8,0,0.0,,,"Xã Hà Nha, TP Đà Nẵng",,2.0,1,0,-0.20000000000004547,-0.10000000000002274,563.0,0.18165902035336925,5.0,1,Stopped,0,0,0,0,0,VALID,VALID
92H-02687,2026-08-12 14:40:00,562.8,0,0.0,,,"Xã Hà Nha, TP Đà Nẵng",,2.0,1,0,0.0,0.0,563.0,0.13416407744178,5.0,1,Stopped,0,0,0,0,0,VALID,VALID
92H-02687,2026-08-12 14:42:00,562.8,0,0.0,,,"Xã Hà Nha, TP Đà Nẵng",,2.0,1,0,0.0,0.0,562.8,0.10954451002139433,5.0,1,Stopped,0,0,0,0,0,VALID,VALID
92H-02687,2026-08-12 14:45:00,562.8,0,0.0,,,"Xã Hà Nha, TP Đà Nẵng",,3.0,1,0,0.0,0.0,562.8,0.08944271728788072,5.0,1,Stopped,0,0,0,0,0,VALID,VALID
92H-02687,2026-08-12 14:47:00,562.8,0,0.0,,,"Xã Hà Nha, TP Đà Nẵng",,2.0,1,0,0.0,0.0,562.8,0.0,5.0,1,Stopped,0,0,0,0,0,VALID,VALID
92H-02687,2026-08-12 14:49:00,562.8,0,0.0,,,"Xã Hà Nha, TP Đà Nẵng",,2.0,1,0,0.0,0.0,562.8,0.0,5.0,1,Stopped,0,0,0,0,0,VALID,VALID
92H-02687,2026-08-12 14:51:00,562.8,0,0.0,,,"Xã Hà Nha, TP Đà Nẵng",,2.0,1,0,0.0,0.0,562.8,0.0,5.0,1,Stopped,0,0,0,0,0,VALID,VALID
92H-02687,2026-08-12 14:53:00,562.8,0,0.0,,,"Xã Hà Nha, TP Đà Nẵng",,2.0,1,0,0.0,0.0,562.8,0.0,5.0,1,Stopped,0,0,0,0,0,VALID,VALID
92H-02687,2026-08-12 14:56:00,562.8,0,0.0,,,"Xã Hà Nha, TP Đà Nẵng",,3.0,1,0,0.0,0.0,562.8,0.0,5.0,1,Stopped,0,0,0,0,0,VALID,VALID
92H-02687,2026-08-12 14:58:00,562.8,0,0.0,,,"Xã Hà Nha, TP Đà Nẵng",,2.0,1,0,0.0,0.0,562.8,0.0,5.0,1,Stopped,0,0,0,0,0,VALID,VALID
92H-02687,2026-08-12 15:00:00,562.8,0,0.0,,,"Xã Hà Nha, TP Đà Nẵng",,2.0,1,0,0.0,0.0,562.8,0.0,5.0,1,Stopped,0,0,0,0,0,VALID,VALID
92H-02687,2026-08-12 15:02:00,562.8,0,0.0,,,"Xã Hà Nha, TP Đà Nẵng",,2.0,1,0,0.0,0.0,562.8,0.0,5.0,1,Stopped,0,0,0,0,0,VALID,VALID
92H-02687,2026-08-12 15:04:00,562.8,0,0.0,,,"Xã Hà Nha, TP Đà Nẵng",,2.0,1,0,0.0,0.0,562.8,0.0,5.0,1,Stopped,0,0,0,0,0,VALID,VALID
92H-02687,2026-08-12 15:06:00,562.8,0,0.0,,,"Xã Hà Nha, TP Đà Nẵng",,2.0,1,0,0.0,0.0,562.8,0.0,5.0,1,Stopped,0,0,0,0,0,VALID,VALID
92H-02687,2026-08-12 15:09:00,562.8,0,0.0,,,"Xã Hà Nha, TP Đà Nẵng",,3.0,1,0,0.0,0.0,562.8,0.0,5.0,1,Stopped,0,0,0,0,0,VALID,VALID
92H-02687,2026-08-12 15:11:00,562.7,0,0.0,,,"Xã Hà Nha, TP Đà Nẵng",,2.0,1,0,-0.09999999999990905,-0.049999999999954525,562.8,0.04472135592601037,5.0,1,Stopped,0,0,0,0,0,VALID,VALID
92H-02687,2026-08-12 15:13:00,562.7,0,0.0,,,"Xã Hà Nha, TP Đà Nẵng",,2.0,1,0,0.0,0.0,562.8,0.054772252791642495,5.0,1,Stopped,0,0,0,0,0,VALID,VALID
92H-02687,2026-08-12 15:15:00,562.8,0,0.0,,,"Xã Hà Nha, TP Đà Nẵng",,2.0,1,0,0.09999999999990905,0.049999999999954525,562.8,0.054772252791642495,5.0,1,Stopped,0,0,0,0,0,VALID,VALID
92H-02687,2026-08-12 15:18:00,562.8,0,0.0,,,"Xã Hà Nha, TP Đà Nẵng",,3.0,1,0,0.0,0.0,562.8,0.054772252791642495,5.0,1,Stopped,0,0,0,0,0,VALID,VALID
92H-02687,2026-08-12 15:20:00,562.8,0,0.0,,,"Xã Hà Nha, TP Đà Nẵng",,2.0,1,0,0.0,0.0,562.8,0.054772252791642495,5.0,1,Stopped,0,0,0,0,0,VALID,VALID
92H-02687,2026-08-12 15:22:00,562.8,0,0.0,,,"Xã Hà Nha, TP Đà Nẵng",,2.0,1,0,0.0,0.0,562.8,0.04472135592601037,5.0,1,Stopped,0,0,0,0,0,VALID,VALID
92H-02687,2026-08-12 15:24:00,562.8,0,0.0,,,"Xã Hà Nha, TP Đà Nẵng",,2.0,1,0,0.0,0.0,562.8,0.0,5.0,1,Stopped,0,0,0,0,0,VALID,VALID
92H-02687,2026-08-12 15:26:00,562.8,0,0.0,,,"Xã Hà Nha, TP Đà Nẵng",,2.0,1,0,0.0,0.0,562.8,0.0,5.0,1,Stopped,0,0,0,0,0,VALID,VALID
92H-02687,2026-08-12 15:28:00,562.8,0,0.0,,,"Xã Hà Nha, TP Đà Nẵng",,2.0,1,0,0.0,0.0,562.8,0.0,5.0,1,Stopped,0,0,0,0,0,VALID,VALID
92H-02687,2026-08-12 15:31:00,562.8,0,0.0,,,"Xã Hà Nha, TP Đà Nẵng",,3.0,1,0,0.0,0.0,562.8,0.0,5.0,1,Stopped,0,0,0,0,0,VALID,VALID
92H-02687,2026-08-12 15:33:00,562.8,0,0.0,,,"Xã Hà Nha, TP Đà Nẵng",,2.0,1,0,0.0,0.0,562.8,0.0,5.0,1,Stopped,0,0,0,0,0,VALID,VALID
92H-02687,2026-08-12 15:35:00,562.8,0,0.0,,,"Xã Hà Nha, TP Đà Nẵng",,2.0,1,0,0.0,0.0,562.8,0.0,5.0,1,Stopped,0,0,0,0,0,VALID,VALID
92H-02687,2026-08-12 15:37:00,562.8,0,0.0,,,"Xã Hà Nha, TP Đà Nẵng",,2.0,1,0,0.0,0.0,562.8,0.0,5.0,1,Stopped,0,0,0,0,0,VALID,VALID
92H-02687,2026-08-12 15:39:00,562.8,0,0.0,,,"Xã Hà Nha, TP Đà Nẵng",,2.0,1,0,0.0,0.0,562.8,0.0,5.0,1,Stopped,0,0,0,0,0,VALID,VALID
92H-02687,2026-08-12 15:42:00,562.8,0,0.0,,,"Xã Hà Nha, TP Đà Nẵng",,3.0,1,0,0.0,0.0,562.8,0.0,5.0,1,Stopped,0,0,0,0,0,VALID,VALID
92H-02687,2026-08-12 15:44:00,562.8,0,0.0,,,"Xã Hà Nha, TP Đà Nẵng",,2.0,1,0,0.0,0.0,562.8,0.0,5.0,1,Stopped,0,0,0,0,0,VALID,VALID
92H-02687,2026-08-12 15:46:00,562.8,0,0.0,,,"Xã Hà Nha, TP Đà Nẵng",,2.0,1,0,0.0,0.0,562.8,0.0,5.0,1,Stopped,0,0,0,0,0,VALID,VALID
92H-02687,2026-08-12 15:48:00,562.7,0,0.0,,,"Xã Hà Nha, TP Đà Nẵng",,2.0,1,0,-0.09999999999990905,-0.049999999999954525,562.8,0.04472135592601037,5.0,1,Stopped,0,0,0,0,0,VALID,VALID
92H-02687,2026-08-12 15:50:00,562.7,0,0.0,,,"Xã Hà Nha, TP Đà Nẵng",,2.0,1,0,0.0,0.0,562.8,0.054772252791642495,5.0,1,Stopped,0,0,0,0,0,VALID,VALID
92H-02687,2026-08-12 15:52:00,562.7,0,0.0,,,"Xã Hà Nha, TP Đà Nẵng",,2.0,1,0,0.0,0.0,562.7,0.0547722527917359,5.0,1,Stopped,0,0,0,0,0,VALID,VALID
92H-02687,2026-08-12 15:55:00,562.7,0,0.0,,,"Xã Hà Nha, TP Đà Nẵng",,3.0,1,0,0.0,0.0,562.7,0.044721355926404395,5.0,1,Stopped,0,0,0,0,0,VALID,VALID
92H-02687,2026-08-12 15:57:00,562.7,0,0.0,,,"Xã Hà Nha, TP Đà Nẵng",,2.0,1,0,0.0,0.0,562.7,0.0,5.0,1,Stopped,0,0,0,0,0,VALID,VALID
92H-02687,2026-08-12 15:59:00,562.7,0,0.0,,,"Xã Hà Nha, TP Đà Nẵng",,2.0,1,0,0.0,0.0,562.7,0.0,5.0,1,Stopped,0,0,0,0,0,VALID,VALID
92H-02687,2026-08-12 16:01:00,562.7,0,0.0,,,"Xã Hà Nha, TP Đà Nẵng",,2.0,1,0,0.0,0.0,562.7,0.0,5.0,1,Stopped,0,0,0,0,0,VALID,VALID
92H-02687,2026-08-12 16:03:00,562.7,0,0.0,,,"Xã Hà Nha, TP Đà Nẵng",,2.0,1,0,0.0,0.0,562.7,0.0,5.0,1,Stopped,0,0,0,0,0,VALID,VALID
92H-02687,2026-08-12 16:06:00,562.7,0,0.0,,,"Xã Hà Nha, TP Đà Nẵng",,3.0,1,0,0.0,0.0,562.7,0.0,5.0,1,Stopped,0,0,0,0,0,VALID,VALID
92H-02687,2026-08-12 16:08:00,562.7,0,0.0,,,"Xã Hà Nha, TP Đà Nẵng",,2.0,1,0,0.0,0.0,562.7,0.0,5.0,1,Stopped,0,0,0,0,0,VALID,VALID
92H-02687,2026-08-12 16:10:00,562.7,0,0.0,,,"Xã Hà Nha, TP Đà Nẵng",,2.0,1,0,0.0,0.0,562.7,0.0,5.0,1,Stopped,0,0,0,0,0,VALID,VALID
92H-02687,2026-08-12 16:12:00,562.8,0,0.0,,,"Xã Hà Nha, TP Đà Nẵng",,2.0,1,0,0.09999999999990905,0.049999999999954525,562.7,0.044721355926404395,5.0,1,Stopped,0,0,0,0,0,VALID,VALID
92H-02687,2026-08-12 16:14:00,562.7,0,0.0,,,"Xã Hà Nha, TP Đà Nẵng",,2.0,1,0,-0.09999999999990905,-0.049999999999954525,562.7,0.044721355926404395,5.0,1,Stopped,0,0,0,0,0,VALID,VALID
92H-02687,2026-08-12 16:16:00,562.7,0,0.0,,,"Xã Hà Nha, TP Đà Nẵng",,2.0,1,0,0.0,0.0,562.7,0.044721355926404395,5.0,1,Stopped,0,0,0,0,0,VALID,VALID
92H-02687,2026-08-12 16:19:00,562.7,0,0.0,,,"Xã Hà Nha, TP Đà Nẵng",,3.0,1,0,0.0,0.0,562.7,0.044721355926404395,5.0,1,Stopped,0,0,0,0,0,VALID,VALID
92H-02687,2026-08-12 16:21:00,562.7,0,0.0,,,"Xã Hà Nha, TP Đà Nẵng",,2.0,1,0,0.0,0.0,562.7,0.044721355926404395,5.0,1,Stopped,0,0,0,0,0,VALID,VALID
92H-02687,2026-08-12 16:23:00,562.8,0,0.0,,,"Xã Hà Nha, TP Đà Nẵng",,2.0,1,0,0.09999999999990905,0.049999999999954525,562.7,0.044721355926404395,5.0,1,Stopped,0,0,0,0,0,VALID,VALID
92H-02687,2026-08-12 16:25:00,562.7,0,0.0,,,"Xã Hà Nha, TP Đà Nẵng",,2.0,1,0,-0.09999999999990905,-0.049999999999954525,562.7,0.044721355926404395,5.0,1,Stopped,0,0,0,0,0,VALID,VALID
92H-02687,2026-08-12 16:27:00,562.7,0,0.0,,,"Xã Hà Nha, TP Đà Nẵng",,2.0,1,0,0.0,0.0,562.7,0.044721355926404395,5.0,1,Stopped,0,0,0,0,0,VALID,VALID
92H-02687,2026-08-12 16:30:00,562.7,0,0.0,,,"Xã Hà Nha, TP Đà Nẵng",,3.0,1,0,0.0,0.0,562.7,0.044721355926404395,5.0,1,Stopped,0,0,0,0,0,VALID,VALID
92H-02687,2026-08-12 16:32:00,562.7,0,0.0,,,"Xã Hà Nha, TP Đà Nẵng",,2.0,1,0,0.0,0.0,562.7,0.044721355926404395,5.0,1,Stopped,0,0,0,0,0,VALID,VALID
92H-02687,2026-08-12 16:34:00,562.7,0,0.0,,,"Xã Hà Nha, TP Đà Nẵng",,2.0,1,0,0.0,0.0,562.7,0.0,5.0,1,Stopped,0,0,0,0,0,VALID,VALID
92H-02687,2026-08-12 16:36:00,562.8,0,0.0,,,"Xã Hà Nha, TP Đà Nẵng",,2.0,1,0,0.09999999999990905,0.049999999999954525,562.7,0.044721355926404395,5.0,1,Stopped,0,0,0,0,0,VALID,VALID
92H-02687,2026-08-12 16:38:00,562.8,0,0.0,,,"Xã Hà Nha, TP Đà Nẵng",,2.0,1,0,0.0,0.0,562.7,0.0547722527917359,5.0,1,Stopped,0,0,0,0,0,VALID,VALID
92H-02687,2026-08-12 16:40:00,562.8,0,0.0,,,"Xã Hà Nha, TP Đà Nẵng",,2.0,1,0,0.0,0.0,562.8,0.054772252791642495,5.0,1,Stopped,0,0,0,0,0,VALID,VALID
92H-02687,2026-08-12 16:43:00,562.8,0,0.0,,,"Xã Hà Nha, TP Đà Nẵng",,3.0,1,0,0.0,0.0,562.8,0.04472135592601037,5.0,1,Stopped,0,0,0,0,0,VALID,VALID
92H-02687,2026-08-12 16:45:00,562.8,0,0.0,,,"Xã Hà Nha, TP Đà Nẵng",,2.0,1,0,0.0,0.0,562.8,0.0,5.0,1,Stopped,0,0,0,0,0,VALID,VALID
92H-02687,2026-08-12 16:47:00,562.8,0,0.0,,,"Xã Hà Nha, TP Đà Nẵng",,2.0,1,0,0.0,0.0,562.8,0.0,5.0,1,Stopped,0,0,0,0,0,VALID,VALID
92H-02687,2026-08-12 16:49:00,562.8,0,0.0,,,"Xã Hà Nha, TP Đà Nẵng",,2.0,1,0,0.0,0.0,562.8,0.0,5.0,1,Stopped,0,0,0,0,0,VALID,VALID
92H-02687,2026-08-12 16:51:00,562.8,0,0.0,,,"Xã Hà Nha, TP Đà Nẵng",,2.0,1,0,0.0,0.0,562.8,0.0,5.0,1,Stopped,0,0,0,0,0,VALID,VALID
92H-02687,2026-08-12 16:54:00,562.8,0,0.0,,,"Xã Hà Nha, TP Đà Nẵng",,3.0,1,0,0.0,0.0,562.8,0.0,5.0,1,Stopped,0,0,0,0,0,VALID,VALID
92H-02687,2026-08-12 16:56:00,562.8,0,0.0,,,"Xã Hà Nha, TP Đà Nẵng",,2.0,1,0,0.0,0.0,562.8,0.0,5.0,1,Stopped,0,0,0,0,0,VALID,VALID
92H-02687,2026-08-12 16:58:00,562.8,0,0.0,,,"Xã Hà Nha, TP Đà Nẵng",,2.0,1,0,0.0,0.0,562.8,0.0,5.0,1,Stopped,0,0,0,0,0,VALID,VALID
92H-02687,2026-08-12 17:00:00,562.8,0,0.0,,,"Xã Hà Nha, TP Đà Nẵng",,2.0,1,0,0.0,0.0,562.8,0.0,5.0,1,Stopped,0,0,0,0,0,VALID,VALID
92H-02687,2026-08-12 17:02:00,563.0,0,0.0,,,"Xã Hà Nha, TP Đà Nẵng",,2.0,1,0,0.20000000000004547,0.10000000000002274,562.8,0.08944271728788072,5.0,1,Stopped,0,0,0,0,0,VALID,VALID
92H-02687,2026-08-12 17:04:00,563.0,0,0.0,,,"Xã Hà Nha, TP Đà Nẵng",,2.0,1,0,0.0,0.0,562.8,0.10954451002139433,5.0,1,Stopped,0,0,0,0,0,VALID,VALID
92H-02687,2026-08-12 17:06:00,563.0,0,0.0,,,"Xã Hà Nha, TP Đà Nẵng",,2.0,1,0,0.0,0.0,563.0,0.10954451002134763,5.0,1,Stopped,0,0,0,0,0,VALID,VALID
92H-02687,2026-08-12 17:08:00,564.7,6,0.05,,,"Xã Hà Nha, TP Đà Nẵng",,2.0,1,0,1.7000000000000455,0.8500000000000227,563.0,0.7874007871953139,5.0,1,Moving,0,0,0,0,0,VALID,VALID
92H-02687,2026-08-12 17:10:00,565.6,0,-0.05,,,"Quốc Lộ 14B, Xã Hà Nha, TP Đà Nẵng",,2.0,1,0,0.8999999999999773,0.44999999999998863,563.0,1.2198360544252467,5.0,1,Stopped,0,0,0,0,0,VALID,VALID
92H-02687,2026-08-12 17:12:00,565.6,0,0.0,,,"Quốc Lộ 14B, Xã Hà Nha, TP Đà Nẵng",,2.0,1,0,0.0,0.0,564.7,1.31224997606239,5.0,1,Stopped,0,0,0,0,0,VALID,VALID
92H-02687,2026-08-12 17:14:00,565.6,0,0.0,,,"Quốc Lộ 14B, Xã Hà Nha, TP Đà Nẵng",,2.0,1,0,0.0,0.0,565.6,1.1313708497551753,5.0,1,Stopped,0,0,0,0,0,VALID,VALID
92H-02687,2026-08-12 17:16:00,563.6,57,0.475,,,"Quốc Lộ 14B, Xã Hà Nha, TP Đà Nẵng",,2.0,1,0,-2.0,-1.0,565.6,0.8843076385940215,5.0,1,Moving,0,0,0,0,0,VALID,VALID
92H-02687,2026-08-12 17:18:00,561.2,50,-0.058333333333333334,,,"Quốc Lộ 14B, Xã Hà Nha, TP Đà Nẵng",,2.0,1,0,-2.3999999999999773,-1.1999999999999886,565.6,1.9473058310587834,5.0,1,Moving,0,0,0,0,0,VALID,VALID
92H-02687,2026-08-12 17:20:00,559.9,30,-0.16666666666666666,,,"Quốc Lộ 14B, Xã Đại Lộc, TP Đà Nẵng",,2.0,1,0,-1.3000000000000682,-0.6500000000000341,563.6,2.57720779132676,5.0,1,Moving,0,0,0,0,0,VALID,VALID
92H-02687,2026-08-12 17:22:00,559.2,38,0.06666666666666667,,,"Quốc Lộ 14B, Xã Đại Lộc, TP Đà Nẵng",,2.0,1,0,-0.6999999999999318,-0.3499999999999659,561.2,2.6627053910778624,5.0,1,Moving,0,0,0,0,0,VALID,VALID
92H-02687,2026-08-12 17:24:00,558.4,15,-0.19166666666666668,,,"Quốc Lộ 14B, Xã Đại Lộc, TP Đà Nẵng",,2.0,1,0,-0.8000000000000682,-0.4000000000000341,559.9,2.034207462299479,5.0,1,Moving,0,0,0,0,0,VALID,VALID
92H-02687,2026-08-12 17:26:00,558.4,31,0.13333333333333333,,,"Xã Đại Lộc, TP Đà Nẵng",,2.0,1,0,0.0,0.0,559.2,1.1755849606365005,5.0,1,Moving,0,0,0,0,0,VALID,VALID
92H-02687,2026-08-12 17:28:00,558.1,40,0.075,,,"Xã Đại Lộc, TP Đà Nẵng",,2.0,1,0,-0.2999999999999545,-0.14999999999997726,558.4,0.7382411527912671,5.0,1,Moving,0,0,0,0,0,VALID,VALID
92H-02687,2026-08-12 17:30:00,557.0,36,-0.03333333333333333,,,"Xã Đại Lộc, TP Đà Nẵng",,2.0,1,0,-1.1000000000000227,-0.5500000000000114,558.4,0.7949842763693975,5.0,1,Moving,0,0,0,0,0,VALID,VALID
92H-02687,2026-08-12 17:32:00,555.6,39,0.025,,,"Tỉnh Lộ 609, Xã Đại Lộc, TP Đà Nẵng",,2.0,1,0,-1.3999999999999773,-0.6999999999999886,558.1,1.208304597224785,5.0,1,Moving,0,0,0,0,0,VALID,VALID
92H-02687,2026-08-12 17:35:00,554.3,0,-0.21666666666666667,,,"Tỉnh Lộ 609, Xã Đại Lộc, TP Đà Nẵng",,3.0,1,0,-1.3000000000000682,-0.43333333333335605,557.0,1.7253985045996088,5.0,1,Stopped,0,0,0,0,0,VALID,VALID
92H-02687,2026-08-12 17:37:00,554.3,0,0.0,,,"Tỉnh Lộ 609, Xã Đại Lộc, TP Đà Nẵng",,2.0,1,0,0.0,0.0,555.6,1.67720004760154,5.0,1,Stopped,0,0,0,0,0,VALID,VALID
92H-02687,2026-08-12 17:40:00,554.5,0,0.0,,,"Tỉnh Lộ 609, Xã Đại Lộc, TP Đà Nẵng",,3.0,1,0,0.20000000000004547,0.06666666666668182,554.5,1.1717508266156902,5.0,1,Stopped,0,0,0,0,0,VALID,VALID
92H-02687,2026-08-12 17:42:00,554.5,0,0.0,,,"Tỉnh Lộ 609, Xã Đại Lộc, TP Đà Nẵng",,2.0,1,0,0.0,0.0,554.5,0.5458937622601328,5.0,1,Stopped,0,0,0,0,0,VALID,VALID
92H-02687,2026-08-12 17:44:00,554.5,0,0.0,,,"Tỉnh Lộ 609, Xã Đại Lộc, TP Đà Nẵng",,2.0,1,0,0.0,0.0,554.5,0.10954451001534452,5.0,1,Stopped,0,0,0,0,0,VALID,VALID
92H-02687,2026-08-12 17:46:00,554.5,0,0.0,,,"Tỉnh Lộ 609, Xã Đại Lộc, TP Đà Nẵng",,2.0,1,0,0.0,0.0,554.5,0.08944271728041403,5.0,1,Stopped,0,0,0,0,0,VALID,VALID
92H-02687,2026-08-12 17:48:00,554.5,0,0.0,,,"Tỉnh Lộ 609, Xã Đại Lộc, TP Đà Nẵng",,2.0,1,0,0.0,0.0,554.5,0.0,5.0,1,Stopped,0,0,0,0,0,VALID,VALID
92H-02687,2026-08-12 17:50:00,554.5,0,0.0,,,"Tỉnh Lộ 609, Xã Đại Lộc, TP Đà Nẵng",,2.0,1,0,0.0,0.0,554.5,0.0,5.0,1,Stopped,0,0,0,0,0,VALID,VALID
92H-02687,2026-08-12 17:52:00,554.5,0,0.0,,,"Tỉnh Lộ 609, Xã Đại Lộc, TP Đà Nẵng",,2.0,1,0,0.0,0.0,554.5,0.0,5.0,1,Stopped,0,0,0,0,0,VALID,VALID
92H-02687,2026-08-12 17:54:00,554.5,0,0.0,,,"Tỉnh Lộ 609, Xã Đại Lộc, TP Đà Nẵng",,2.0,1,0,0.0,0.0,554.5,0.0,5.0,1,Stopped,0,0,0,0,0,VALID,VALID
92H-02687,2026-08-12 17:56:00,555.3,43,0.35833333333333334,,,"Tỉnh Lộ 609, Xã Đại Lộc, TP Đà Nẵng",,2.0,1,0,0.7999999999999545,0.39999999999997726,554.5,0.3577708759451212,5.0,1,Moving,0,0,0,0,0,VALID,VALID
92H-02687,2026-08-12 17:58:00,555.3,42,-0.008333333333333333,,,"Tỉnh Lộ 609, Xã Điện Bàn Tây, TP Đà Nẵng",,2.0,1,0,0.0,0.0,554.5,0.43817804563281126,5.0,1,Moving,0,0,0,0,0,VALID,VALID
92H-02687,2026-08-12 18:00:00,554.9,39,-0.025,,,"Tỉnh Lộ 609, Xã Điện Bàn Tây, TP Đà Nẵng",,2.0,1,0,-0.39999999999997726,-0.19999999999998863,554.9,0.3999999995932847,5.0,1,Moving,0,0,0,0,0,VALID,VALID
92H-02687,2026-08-12 18:02:00,554.8,0,-0.325,,,"Tỉnh Lộ 609, Xã Điện Bàn Tây, TP Đà Nẵng",,2.0,1,0,-0.10000000000002274,-0.05000000000001137,554.9,0.34351128027281486,5.0,1,Stopped,0,0,0,0,0,VALID,VALID
92H-02687,2026-08-12 18:04:00,552.5,0,0.0,,,"Tỉnh Lộ 609, Xã Điện Bàn Tây, TP Đà Nẵng",,2.0,1,0,-2.2999999999999545,-1.1499999999999773,554.9,1.173882447127636,5.0,1,Stopped,0,0,0,0,0,VALID,VALID
92H-02687,2026-08-12 18:06:00,552.4,34,0.2833333333333333,,,"Tỉnh Lộ 609, Xã Điện Bàn Tây, TP Đà Nẵng",,2.0,1,0,-0.10000000000002274,-0.05000000000001137,554.8,1.409609874991653,5.0,1,Moving,0,0,0,0,0,VALID,VALID
92H-02687,2026-08-12 18:08:00,553.3,21,-0.10833333333333334,,,"Tỉnh Lộ 609, Xã Điện Bàn Tây, TP Đà Nẵng",,2.0,1,0,0.8999999999999773,0.44999999999998863,553.3,1.2111977541564876,5.0,1,Moving,0,0,0,0,0,VALID,VALID
92H-02687,2026-08-12 18:10:00,553.4,68,0.39166666666666666,,,"Cao tốc Đà Nẵng-Quảng Ngãi, Xã Điện Bàn Tây, TP Đà Nẵng",,2.0,1,0,0.10000000000002274,0.05000000000001137,553.3,0.9628083919833261,5.0,1,Moving,0,0,0,0,0,VALID,VALID
92H-02687,2026-08-12 18:12:00,551.1,71,0.025,,,"Cao tốc Đà Nẵng-Quảng Ngãi, Xã Điện Bàn Tây, TP Đà Nẵng",,2.0,1,0,-2.2999999999999545,-1.1499999999999773,552.5,0.923579990944493,5.0,1,Moving,0,0,0,0,0,VALID,VALID
92H-02687,2026-08-12 18:14:00,549.9,76,0.041666666666666664,,,"Cao tốc Đà Nẵng-Quảng Ngãi, Xã Gò Nổi, TP Đà Nẵng",,2.0,1,0,-1.2000000000000455,-0.6000000000000227,552.4,1.5023315212271744,5.0,1,Moving,0,0,0,0,0,VALID,VALID
92H-02687,2026-08-12 18:16:00,549.6,69,-0.058333333333333334,,,"Cao tốc Đà Nẵng-Quảng Ngãi, Xã Duy Xuyên, TP Đà Nẵng",,2.0,1,0,-0.2999999999999545,-0.14999999999997726,551.1,1.8146625029664452,5.0,1,Moving,0,0,0,0,0,VALID,VALID
92H-02687,2026-08-12 18:18:00,549.3,72,0.025,,,"Xã Duy Xuyên, TP Đà Nẵng",,2.0,1,0,-0.3000000000000682,-0.1500000000000341,549.9,1.6772000476008138,5.0,1,Moving,0,0,0,0,0,VALID,VALID
92H-02687,2026-08-12 18:20:00,547.6,70,-0.016666666666666666,,,"Xã Duy Xuyên, TP Đà Nẵng",,2.0,1,0,-1.6999999999999318,-0.8499999999999659,549.6,1.2629330939015546,5.0,1,Moving,0,0,0,0,0,VALID,VALID
92H-02687,2026-08-12 18:22:00,547.3,84,0.11666666666666667,,,"Cao tốc Đà Nẵng-Quảng Ngãi, Xã Duy Xuyên, TP Đà Nẵng",,2.0,1,0,-0.3000000000000682,-0.1500000000000341,549.3,1.2012493494989274,5.0,1,Moving,0,0,0,0,0,VALID,VALID
92H-02687,2026-08-12 18:24:00,545.6,81,-0.025,,,"Cao tốc Đà Nẵng-Quảng Ngãi, Xã Xuân Phú, TP Đà Nẵng",,2.0,1,0,-1.6999999999999318,-0.8499999999999659,547.6,1.6269603559003223,5.0,1,Moving,0,0,0,0,0,VALID,VALID
92H-02687,2026-08-12 18:26:00,544.3,77,-0.03333333333333333,,,"Cao tốc Đà Nẵng-Quảng Ngãi, Xã Xuân Phú, TP Đà Nẵng",,2.0,1,0,-1.3000000000000682,-0.6500000000000341,547.3,1.9253571096477011,5.0,1,Moving,0,0,0,0,0,VALID,VALID
92H-02687,2026-08-12 18:28:00,542.7,83,0.05,,,"Cao tốc Đà Nẵng-Quảng Ngãi, Xã Quế Sơn Trung, TP Đà Nẵng",,2.0,1,0,-1.599999999999909,-0.7999999999999545,545.6,2.0579115626456024,5.0,1,Moving,0,0,0,0,0,VALID,VALID
92H-02687,2026-08-12 18:30:00,542.3,76,-0.058333333333333334,,,"Cao tốc Đà Nẵng-Quảng Ngãi, Xã Quế Sơn Trung, TP Đà Nẵng",,2.0,1,0,-0.40000000000009095,-0.20000000000004547,544.3,2.0707486568075524,5.0,1,Moving,0,0,0,0,0,VALID,VALID
92H-02687,2026-08-12 18:32:00,541.1,80,0.03333333333333333,,,"Cao tốc Đà Nẵng-Quảng Ngãi, Xã Thăng Bình, TP Đà Nẵng",,2.0,1,0,-1.1999999999999318,-0.5999999999999659,542.7,1.76351920876131,5.0,1,Moving,0,0,0,0,0,VALID,VALID
92H-02687,2026-08-12 18:34:00,540.1,79,-0.008333333333333333,,,"Cao tốc Đà Nẵng-Quảng Ngãi, Xã Thăng Bình, TP Đà Nẵng",,2.0,1,0,-1.0,-0.5,542.3,1.599999999896829,5.0,1,Moving,0,0,0,0,0,VALID,VALID
92H-02687,2026-08-12 18:36:00,539.0,80,0.008333333333333333,,,"Cao tốc Đà Nẵng-Quảng Ngãi, Xã Thăng Phú, TP Đà Nẵng",,2.0,1,0,-1.1000000000000227,-0.5500000000000114,541.1,1.532318504642483,5.0,1,Moving,0,0,0,0,0,VALID,VALID
92H-02687,2026-08-12 18:38:00,539.0,85,0.041666666666666664,,,"Cao tốc Đà Nẵng-Quảng Ngãi, Xã Thăng Phú, TP Đà Nẵng",,2.0,1,0,0.0,0.0,540.1,1.4195069565414942,5.0,1,Moving,0,0,0,0,0,VALID,VALID
92H-02687,2026-08-12 18:40:00,537.7,87,0.016666666666666666,,,"Xã Tây Hồ, TP Đà Nẵng",,2.0,1,0,-1.2999999999999545,-0.6499999999999773,539.0,1.2833549780437332,5.0,1,Moving,0,0,0,0,0,VALID,VALID
92H-02687,2026-08-12 18:42:00,535.8,79,-0.06666666666666667,,,"Cao tốc Đà Nẵng-Quảng Ngãi, Xã Tây Hồ, TP Đà Nẵng",,2.0,1,0,-1.900000000000091,-0.9500000000000455,539.0,1.645296325793551,5.0,1,Moving,0,0,0,0,0,VALID,VALID
92H-02687,2026-08-12 18:44:00,535.5,72,-0.058333333333333334,,,"Cao tốc Đà Nẵng-Quảng Ngãi, Xã Chiên Đàn, TP Đà Nẵng",,2.0,1,0,-0.2999999999999545,-0.14999999999997726,537.7,1.6867127792454026,5.0,1,Moving,0,0,0,0,0,VALID,VALID
92H-02687,2026-08-12 18:46:00,534.3,79,0.058333333333333334,,,"Cao tốc Đà Nẵng-Quảng Ngãi, Xã Chiên Đàn, TP Đà Nẵng",,2.0,1,0,-1.2000000000000455,-0.6000000000000227,535.8,1.8716303052872965,5.0,1,Moving,0,0,0,0,0,VALID,VALID
92H-02687,2026-08-12 18:48:00,533.0,77,-0.016666666666666666,,,"Cao tốc Đà Nẵng-Quảng Ngãi, Xã Chiên Đàn, TP Đà Nẵng",,2.0,1,0,-1.2999999999999545,-0.6499999999999773,535.5,1.755847373683116,5.0,1,Moving,0,0,0,0,0,VALID,VALID
92H-02687,2026-08-12 18:50:00,531.8,75,-0.016666666666666666,,,"Cao tốc Đà Nẵng-Quảng Ngãi, Xã Phú Ninh, TP Đà Nẵng",,2.0,1,0,-1.2000000000000455,-0.6000000000000227,534.3,1.6873055442538574,5.0,1,Moving,0,0,0,0,0,VALID,VALID
92H-02687,2026-08-12 18:52:00,531.7,80,0.041666666666666664,,,"Cao tốc Đà Nẵng-Quảng Ngãi, Xã Tam Xuân, TP Đà Nẵng",,2.0,1,0,-0.09999999999990905,-0.049999999999954525,533.0,1.637986568830648,5.0,1,Moving,0,0,0,0,0,VALID,VALID
92H-02687,2026-08-12 18:54:00,530.7,74,-0.05,,,"Cao tốc Đà Nẵng-Quảng Ngãi, Xã Tam Xuân, TP Đà Nẵng",,2.0,1,0,-1.0,-0.5,531.8,1.3838352501902884,5.0,1,Moving,0,0,0,0,0,VALID,VALID
92H-02687,2026-08-12 18:56:00,529.6,76,0.016666666666666666,,,"Cao tốc Đà Nẵng-Quảng Ngãi, Xã Tam Xuân, TP Đà Nẵng",,2.0,1,0,-1.1000000000000227,-0.5500000000000114,531.7,1.277888883928858,5.0,1,Moving,0,0,0,0,0,VALID,VALID
92H-02687,2026-08-12 18:58:00,529.6,72,-0.03333333333333333,,,"Cao tốc Đà Nẵng-Quảng Ngãi, Xã Tam Anh, TP Đà Nẵng",,2.0,1,0,0.0,0.0,530.7,1.0756393446079864,5.0,1,Moving,0,0,0,0,0,VALID,VALID
92H-02687,2026-08-12 19:00:00,529.2,88,0.13333333333333333,,,"Cao tốc Đà Nẵng-Quảng Ngãi, Xã Tam Anh, TP Đà Nẵng",,2.0,1,0,-0.39999999999997726,-0.19999999999998863,529.6,1.0261578824277144,5.0,1,Moving,0,0,0,0,0,VALID,VALID
92H-02687,2026-08-12 19:02:00,527.4,87,-0.008333333333333333,,,"Cao tốc Đà Nẵng-Quảng Ngãi, Xã Tam Anh, TP Đà Nẵng",,2.0,1,0,-1.8000000000000682,-0.9000000000000341,529.6,1.199999999861764,5.0,1,Moving,0,0,0,0,0,VALID,VALID
92H-02687,2026-08-12 19:04:00,526.4,82,-0.041666666666666664,,,"Cao tốc Đà Nẵng-Quảng Ngãi, Xã Núi Thành, TP Đà Nẵng",,2.0,1,0,-1.0,-0.5,529.2,1.4587666021910044,5.0,1,Moving,0,0,0,0,0,VALID,VALID
92H-02687,2026-08-12 19:06:00,525.1,80,-0.016666666666666666,,,"Cao tốc Đà Nẵng-Quảng Ngãi, Xã Tam Mỹ, TP Đà Nẵng",,2.0,1,0,-1.2999999999999545,-0.6499999999999773,527.4,1.8889150324107857,5.0,1,Moving,0,0,0,0,0,VALID,VALID
92H-02687,2026-08-12 19:08:00,524.8,84,0.03333333333333333,,,"Cao tốc Đà Nẵng-Quảng Ngãi, Xã Tam Mỹ, TP Đà Nẵng",,2.0,1,0,-0.3000000000000682,-0.1500000000000341,526.4,1.7977764042469773,5.0,1,Moving,0,0,0,0,0,VALID,VALID
92H-02687,2026-08-12 19:10:00,523.8,82,-0.016666666666666666,,,"Cao tốc Đà Nẵng-Quảng Ngãi, Xã Núi Thành, TP Đà Nẵng",,2.0,1,0,-1.0,-0.5,525.1,1.4106735978485807,5.0,1,Moving,0,0,0,0,0,VALID,VALID
92H-02687,2026-08-12 19:12:00,522.4,84,0.016666666666666666,,,"Cao tốc Đà Nẵng-Quảng Ngãi, Xã Núi Thành, TP Đà Nẵng",,2.0,1,0,-1.3999999999999773,-0.6999999999999886,524.8,1.4966629545983583,5.0,1,Moving,0,0,0,0,0,VALID,VALID
92H-02687,2026-08-12 19:14:00,521.5,86,0.016666666666666666,,,"Cao tốc Đà Nẵng-Quảng Ngãi, Xã Núi Thành, TP Đà Nẵng",,2.0,1,0,-0.8999999999999773,-0.44999999999998863,523.8,1.544991909256187,5.0,1,Moving,0,0,0,0,0,VALID,VALID
92H-02687,2026-08-12 19:16:00,520.2,77,-0.075,,,"Cao tốc Đà Nẵng-Quảng Ngãi, Xã Bình Sơn, Tỉnh Quảng Ngãi",,2.0,1,0,-1.2999999999999545,-0.6499999999999773,522.4,1.8215378117587793,5.0,1,Moving,0,0,0,0,0,VALID,VALID
92H-02687,2026-08-12 19:18:00,520.1,89,0.1,,,"Cao tốc Đà Nẵng-Quảng Ngãi, Xã Bình Sơn, Tỉnh Quảng Ngãi",,2.0,1,0,-0.10000000000002274,-0.05000000000001137,521.5,1.5572411501327745,5.0,1,Moving,0,0,0,0,0,VALID,VALID
92H-02687,2026-08-12 19:20:00,518.3,79,-0.08333333333333333,,,"Cao tốc Đà Nẵng-Quảng Ngãi, Xã Bình Sơn, Tỉnh Quảng Ngãi",,2.0,1,0,-1.8000000000000682,-0.9000000000000341,520.2,1.5572411501327745,5.0,1,Moving,0,0,0,0,0,VALID,VALID
92H-02687,2026-08-12 19:22:00,517.3,80,0.008333333333333333,,,"Cao tốc Đà Nẵng-Quảng Ngãi, Xã Bình Chương, Tỉnh Quảng Ngãi",,2.0,1,0,-1.0,-0.5,520.1,1.667932852265617,5.0,1,Moving,0,0,0,0,0,VALID,VALID
92H-02687,2026-08-12 19:24:00,517.3,46,-0.2833333333333333,,,"Cao tốc Đà Nẵng-Quảng Ngãi, Xã Thọ Phong, Tỉnh Quảng Ngãi",,2.0,1,0,0.0,0.0,518.3,1.438054240864014,5.0,1,Moving,0,0,0,0,0,VALID,VALID
92H-02687,2026-08-12 19:26:00,515.1,80,0.2833333333333333,,,"Cao tốc Đà Nẵng-Quảng Ngãi, Xã Thọ Phong, Tỉnh Quảng Ngãi",,2.0,1,0,-2.199999999999932,-1.099999999999966,517.3,1.814386948714882,5.0,1,Moving,0,0,0,0,0,VALID,VALID
92H-02687,2026-08-12 19:28:00,513.6,80,0.0,,,"Cao tốc Đà Nẵng-Quảng Ngãi, Xã Thọ Phong, Tỉnh Quảng Ngãi",,2.0,1,0,-1.5,-0.75,517.3,1.9188538244657616,5.0,1,Moving,0,0,0,0,0,VALID,VALID
92H-02687,2026-08-12 19:30:00,513.3,85,0.041666666666666664,,,"Cao tốc Đà Nẵng-Quảng Ngãi, Xã Thọ Phong, Tỉnh Quảng Ngãi",,2.0,1,0,-0.3000000000000682,-0.1500000000000341,515.1,1.931838502480756,5.0,1,Moving,0,0,0,0,0,VALID,VALID
92H-02687,2026-08-12 19:32:00,512.3,88,0.025,,,"Cao tốc Đà Nẵng-Quảng Ngãi, Xã Sơn Tịnh, Tỉnh Quảng Ngãi",,2.0,1,0,-1.0,-0.5,513.6,1.9447364859196992,5.0,1,Moving,0,0,0,0,0,VALID,VALID
92H-02687,2026-08-12 19:34:00,511.1,79,-0.075,,,"Cao tốc Đà Nẵng-Quảng Ngãi, Xã Sơn Tịnh, Tỉnh Quảng Ngãi",,2.0,1,0,-1.1999999999999318,-0.5999999999999659,513.3,1.4939879516473618,5.0,1,Moving,0,0,0,0,0,VALID,VALID
92H-02687,2026-08-12 19:36:00,510.7,57,-0.18333333333333332,,,"Cao tốc Đà Nẵng-Quảng Ngãi, Xã Nghĩa Giang, Tỉnh Quảng Ngãi",,2.0,1,0,-0.4000000000000341,-0.20000000000001705,512.3,1.2884098725434971,5.0,1,Moving,0,0,0,0,0,VALID,VALID
92H-02687,2026-08-12 19:38:00,509.6,73,0.13333333333333333,,,"Cao tốc Quảng Ngãi-Hoài Nhơn, Xã Nghĩa Giang, Tỉnh Quảng Ngãi",,2.0,1,0,-1.099999999999966,-0.549999999999983,511.1,1.4352700093249238,5.0,1,Moving,0,0,0,0,0,VALID,VALID
92H-02687,2026-08-12 19:40:00,509.4,78,0.041666666666666664,,,"Cao tốc Quảng Ngãi-Hoài Nhơn, Xã Nghĩa Giang, Tỉnh Quảng Ngãi",,2.0,1,0,-0.20000000000004547,-0.10000000000002274,510.7,1.1819475452268293,5.0,1,Moving,0,0,0,0,0,VALID,VALID
92H-02687,2026-08-12 19:42:00,507.9,80,0.016666666666666666,,,"Cao tốc Quảng Ngãi-Hoài Nhơn, Xã Phước Giang, Tỉnh Quảng Ngãi",,2.0,1,0,-1.5,-0.75,509.6,1.2541929674766776,5.0,1,Moving,0,0,0,0,0,VALID,VALID
92H-02687,2026-08-12 19:44:00,507.6,78,-0.016666666666666666,,,"Cao tốc Quảng Ngãi-Hoài Nhơn, Xã Phước Giang, Tỉnh Quảng Ngãi",,2.0,1,0,-0.2999999999999545,-0.14999999999997726,509.4,1.2817956154036592,5.0,1,Moving,0,0,0,0,0,VALID,VALID
92H-02687,2026-08-12 19:46:00,506.1,75,-0.025,,,"Cao tốc Quảng Ngãi-Hoài Nhơn, Xã Phước Giang, Tỉnh Quảng Ngãi",,2.0,1,0,-1.5,-0.75,507.9,1.4342245290289277,5.0,1,Moving,0,0,0,0,0,VALID,VALID
92H-02687,2026-08-12 19:48:00,505.8,74,-0.008333333333333333,,,"Cao tốc Quảng Ngãi-Hoài Nhơn, Xã Đình Cương, Tỉnh Quảng Ngãi",,2.0,1,0,-0.30000000000001137,-0.15000000000000568,507.6,1.4604793732430446,5.0,1,Moving,0,0,0,0,0,VALID,VALID
92H-02687,2026-08-12 19:50:00,504.8,74,0.0,,,"Cao tốc Quảng Ngãi-Hoài Nhơn, Xã Đình Cương, Tỉnh Quảng Ngãi",,2.0,1,0,-1.0,-0.5,506.1,1.293445012232278,5.0,1,Moving,0,0,0,0,0,VALID,VALID
92H-02687,2026-08-12 19:52:00,503.6,76,0.016666666666666666,,,"Cao tốc Quảng Ngãi-Hoài Nhơn, Xã Đình Cương, Tỉnh Quảng Ngãi",,2.0,1,0,-1.1999999999999886,-0.5999999999999943,505.8,1.4939879516477501,5.0,1,Moving,0,0,0,0,0,VALID,VALID
92H-02687,2026-08-12 19:54:00,503.3,81,0.041666666666666664,,,"Cao tốc Quảng Ngãi-Hoài Nhơn, Xã Đình Cương, Tỉnh Quảng Ngãi",,2.0,1,0,-0.30000000000001137,-0.15000000000000568,504.8,1.259761882130382,5.0,1,Moving,0,0,0,0,0,VALID,VALID
92H-02687,2026-08-12 19:56:00,502.3,72,-0.075,,,"Cao tốc Quảng Ngãi-Hoài Nhơn, Xã Mộ Đức, Tỉnh Quảng Ngãi",,2.0,1,0,-1.0,-0.5,503.6,1.3612494259571446,5.0,1,Moving,0,0,0,0,0,VALID,VALID
92H-02687,2026-08-12 19:58:00,502.2,78,0.05,,,"Cao tốc Quảng Ngãi-Hoài Nhơn, Xã Mộ Đức, Tỉnh Quảng Ngãi",,2.0,1,0,-0.10000000000002274,-0.05000000000001137,503.3,1.0644247271031624,5.0,1,Moving,0,0,0,0,0,VALID,VALID
92H-02687,2026-08-12 20:00:00,500.1,78,0.0,,,"Cao tốc Quảng Ngãi-Hoài Nhơn, Xã Lân Phong, Tỉnh Quảng Ngãi",,2.0,1,0,-2.099999999999966,-1.049999999999983,502.3,1.3729530216539227,5.0,1,Moving,0,0,0,0,0,VALID,VALID
92H-02687,2026-08-12 20:02:00,498.9,75,-0.025,,,"Cao tốc Quảng Ngãi-Hoài Nhơn, Xã Lân Phong, Tỉnh Quảng Ngãi",,2.0,1,0,-1.2000000000000455,-0.6000000000000227,502.2,1.8022208520790919,5.0,1,Moving,0,0,0,0,0,VALID,VALID
92H-02687,2026-08-12 20:04:00,498.6,74,-0.008333333333333333,,,"Cao tốc Quảng Ngãi-Hoài Nhơn, Xã Nguyễn Nghiêm, Tỉnh Quảng Ngãi",,2.0,1,0,-0.2999999999999545,-0.14999999999997726,500.1,1.762668431574319,5.0,1,Moving,0,0,0,0,0,VALID,VALID
92H-02687,2026-08-12 20:06:00,497.6,78,0.03333333333333333,,,"Cao tốc Quảng Ngãi-Hoài Nhơn, Xã Nguyễn Nghiêm, Tỉnh Quảng Ngãi",,2.0,1,0,-1.0,-0.5,498.9,1.7626684315743266,5.0,1,Moving,0,0,0,0,0,VALID,VALID
92H-02687,2026-08-12 20:08:00,497.3,71,-0.058333333333333334,,,"Cao tốc Quảng Ngãi-Hoài Nhơn, Xã Nguyễn Nghiêm, Tỉnh Quảng Ngãi",,2.0,1,0,-0.30000000000001137,-0.15000000000000568,498.6,1.1157956800726254,5.0,1,Moving,0,0,0,0,0,VALID,VALID
92H-02687,2026-08-12 20:10:00,495.2,74,0.025,,,"Cao tốc Quảng Ngãi-Hoài Nhơn, Phường Đức Phổ, Tỉnh Quảng Ngãi",,2.0,1,0,-2.1000000000000227,-1.0500000000000114,497.6,1.4584238066038204,5.0,1,Moving,0,0,0,0,0,VALID,VALID
92H-02687,2026-08-12 20:12:00,495.1,77,0.025,,,"Cao tốc Quảng Ngãi-Hoài Nhơn, Phường Đức Phổ, Tỉnh Quảng Ngãi",,2.0,1,0,-0.0999999999999659,-0.04999999999998295,497.3,1.54693244832115,5.0,1,Moving,0,0,0,0,0,VALID,VALID
92H-02687,2026-08-12 20:14:00,494.1,0,-0.6416666666666667,,,"Cao tốc Quảng Ngãi-Hoài Nhơn, Phường Đức Phổ, Tỉnh Quảng Ngãi",,2.0,1,0,-1.0,-0.5,495.2,1.5175638370984428,5.0,1,Stopped,0,0,0,0,0,VALID,VALID
92H-02687,2026-08-12 20:16:00,493.2,74,0.6166666666666667,,,"Cao tốc Quảng Ngãi-Hoài Nhơn, Xã Khánh Cường, Tỉnh Quảng Ngãi",,2.0,1,0,-0.9000000000000341,-0.45000000000001705,495.1,1.5319921669737995,5.0,1,Moving,0,0,0,0,0,VALID,VALID
92H-02687,2026-08-12 20:18:00,492.3,78,0.03333333333333333,,,"Cao tốc Quảng Ngãi-Hoài Nhơn, Xã Khánh Cường, Tỉnh Quảng Ngãi",,2.0,1,0,-0.8999999999999773,-0.44999999999998863,494.1,1.243784547125923,5.0,1,Moving,0,0,0,0,0,VALID,VALID
92H-02687,2026-08-12 20:20:00,491.4,57,-0.175,,,"Cao tốc Quảng Ngãi-Hoài Nhơn, Xã Khánh Cường, Tỉnh Quảng Ngãi",,2.0,1,0,-0.9000000000000341,-0.45000000000001705,493.2,1.4549914087957234,5.0,1,Moving,0,0,0,0,0,VALID,VALID
92H-02687,2026-08-12 20:22:00,491.7,0,-0.475,,,"Cao tốc Quảng Ngãi-Hoài Nhơn, Xã Khánh Cường, Tỉnh Quảng Ngãi",,2.0,1,0,0.30000000000001137,0.15000000000000568,492.3,1.1104053312504254,5.0,1,Stopped,0,0,0,0,0,VALID,VALID
92H-02687,2026-08-12 20:24:00,490.5,0,0.0,,,"Cao tốc Quảng Ngãi-Hoài Nhơn, Xã Khánh Cường, Tỉnh Quảng Ngãi",,2.0,1,0,-1.1999999999999886,-0.5999999999999943,491.7,1.008464178674385,5.0,1,Stopped,0,0,0,0,0,VALID,VALID
92H-02687,2026-08-12 20:26:00,486.9,0,0.0,,,"Cao tốc Quảng Ngãi-Hoài Nhơn, Xã Khánh Cường, Tỉnh Quảng Ngãi",,2.0,1,0,-3.6000000000000227,-1.8000000000000114,491.4,2.146625258322851,5.0,1,Stopped,0,0,0,0,0,VALID,VALID
92H-02687,2026-08-12 20:28:00,485.4,0,0.0,,,"Cao tốc Quảng Ngãi-Hoài Nhơn, Xã Khánh Cường, Tỉnh Quảng Ngãi",,2.0,1,0,-1.5,-0.75,490.5,2.8507893643112023,5.0,1,Stopped,0,0,0,0,0,VALID,VALID
92H-02687,2026-08-12 20:30:00,485.0,72,0.6,,,"Cao tốc Quảng Ngãi-Hoài Nhơn, Phường Hoài Nhơn Bắc, Tỉnh Gia Lai",,2.0,1,0,-0.39999999999997726,-0.19999999999998863,486.9,3.035621847277781,5.0,1,Moving,0,0,0,0,0,VALID,VALID
92H-02687,2026-08-12 20:32:00,485.3,74,0.016666666666666666,,,"Cao tốc Quảng Ngãi-Hoài Nhơn, Phường Hoài Nhơn Bắc, Tỉnh Gia Lai",,2.0,1,0,0.30000000000001137,0.15000000000000568,485.4,2.2906331001865947,5.0,1,Moving,0,0,0,0,0,VALID,VALID
92H-02687,2026-08-12 20:34:00,485.3,75,0.008333333333333333,,,"Cao tốc Quảng Ngãi-Hoài Nhơn, Phường Hoài Nhơn Bắc, Tỉnh Gia Lai",,2.0,1,0,0.0,0.0,485.3,0.7529940236619587,5.0,1,Moving,0,0,0,0,0,VALID,VALID
92H-02687,2026-08-12 20:36:00,485.3,71,-0.03333333333333333,,,"Cao tốc Quảng Ngãi-Hoài Nhơn, Phường Tam Quan, Tỉnh Gia Lai",,2.0,1,0,0.0,0.0,485.3,0.15165750779542353,5.0,1,Moving,0,0,0,0,0,VALID,VALID
92H-02687,2026-08-12 20:38:00,485.0,71,0.0,,,"Cao tốc Quảng Ngãi-Hoài Nhơn, Phường Hoài Nhơn Tây, Tỉnh Gia Lai",,2.0,1,0,-0.30000000000001137,-0.15000000000000568,485.3,0.16431676624965272,5.0,1,Moving,0,0,0,0,0,VALID,VALID
92H-02687,2026-08-12 20:40:00,483.8,74,0.025,,,"Cao tốc Quảng Ngãi-Hoài Nhơn, Phường Hoài Nhơn Tây, Tỉnh Gia Lai",,2.0,1,0,-1.1999999999999886,-0.5999999999999943,485.3,0.650384501407284,5.0,1,Moving,0,0,0,0,0,VALID,VALID
92H-02687,2026-08-12 20:42:00,482.9,76,0.016666666666666666,,,"Cao tốc Quảng Ngãi-Hoài Nhơn, Phường Hoài Nhơn, Tỉnh Gia Lai",,2.0,1,0,-0.9000000000000341,-0.45000000000001705,485.0,1.0691117807184347,5.0,1,Moving,0,0,0,0,0,VALID,VALID
92H-02687,2026-08-12 20:44:00,481.9,73,-0.025,,,"Cao tốc Quảng Ngãi-Hoài Nhơn, Phường Hoài Nhơn, Tỉnh Gia Lai",,2.0,1,0,-1.0,-0.5,483.8,1.4237275019016504,5.0,1,Moving,0,0,0,0,0,VALID,VALID
92H-02687,2026-08-12 20:46:00,480.7,69,-0.03333333333333333,,,"Phường Hoài Nhơn Nam, Tỉnh Gia Lai",,2.0,1,0,-1.1999999999999886,-0.5999999999999943,482.9,1.662227421164532,5.0,1,Moving,0,0,0,0,0,VALID,VALID
92H-02687,2026-08-12 20:48:00,479.8,71,0.016666666666666666,,,"Cao tốc Quảng Ngãi-Hoài Nhơn, Phường Hoài Nhơn Nam, Tỉnh Gia Lai",,2.0,1,0,-0.8999999999999773,-0.44999999999998863,481.9,1.6146206983906464,5.0,1,Moving,0,0,0,0,0,VALID,VALID
92H-02687,2026-08-12 20:50:00,478.6,75,0.03333333333333333,,,"Cao tốc Quảng Ngãi-Hoài Nhơn, Phường Bồng Sơn, Tỉnh Gia Lai",,2.0,1,0,-1.1999999999999886,-0.5999999999999943,480.7,1.6932217810056032,5.0,1,Moving,0,0,0,0,0,VALID,VALID
92H-02687,2026-08-12 20:52:00,478.4,74,-0.008333333333333333,,,"Cao tốc Hoài Nhơn-Quy Nhơn, Xã Vạn Đức, Tỉnh Gia Lai",,2.0,1,0,-0.20000000000004547,-0.10000000000002274,479.8,1.4652644811337412,5.0,1,Moving,0,0,0,0,0,VALID,VALID
92H-02687,2026-08-12 20:54:00,478.1,76,0.016666666666666666,,,"Cao tốc Hoài Nhơn-Quy Nhơn, Phường Bồng Sơn, Tỉnh Gia Lai",,2.0,1,0,-0.2999999999999545,-0.14999999999997726,478.6,1.0940749515788841,5.0,1,Moving,0,0,0,0,0,VALID,VALID
92H-02687,2026-08-12 20:56:00,477.3,72,-0.03333333333333333,,,"Cao tốc Hoài Nhơn-Quy Nhơn, Xã Hoài Ân, Tỉnh Gia Lai",,2.0,1,0,-0.8000000000000114,-0.4000000000000057,478.4,0.9071934742228536,5.0,1,Moving,0,0,0,0,0,VALID,VALID
92H-02687,2026-08-12 20:58:00,476.3,69,-0.025,,,"Cao tốc Hoài Nhơn-Quy Nhơn, Xã Hoài Ân, Tỉnh Gia Lai",,2.0,1,0,-1.0,-0.5,478.1,0.944986772221025,5.0,1,Moving,0,0,0,0,0,VALID,VALID
92H-02687,2026-08-12 21:00:00,475.3,74,0.041666666666666664,,,"Cao tốc Hoài Nhơn-Quy Nhơn, Xã Hoài Ân, Tỉnh Gia Lai",,2.0,1,0,-1.0,-0.5,477.3,1.2853015209175138,5.0,1,Moving,0,0,0,0,0,VALID,VALID
92H-02687,2026-08-12 21:02:00,472.8,73,-0.008333333333333333,,,"Cao tốc Hoài Nhơn-Quy Nhơn, Xã Hoài Ân, Tỉnh Gia Lai",,2.0,1,0,-2.5,-1.25,476.3,2.0562101059164966,5.0,1,Moving,0,0,0,0,0,VALID,VALID
92H-02687,2026-08-12 21:04:00,472.6,71,-0.016666666666666666,,,"Cao tốc Hoài Nhơn-Quy Nhơn, Xã Hoài Ân, Tỉnh Gia Lai",,2.0,1,0,-0.19999999999998863,-0.09999999999999432,475.3,2.0959484725711564,5.0,1,Moving,0,0,0,0,0,VALID,VALID
92H-02687,2026-08-12 21:06:00,472.6,62,-0.075,,,"Cao tốc Hoài Nhơn-Quy Nhơn, Xã Hoài Ân, Tỉnh Gia Lai",,2.0,1,0,0.0,0.0,472.8,1.7541379648344775,5.0,1,Moving,0,0,0,0,0,VALID,VALID
92H-02687,2026-08-12 21:08:00,470.9,72,0.08333333333333333,,,"Cao tốc Hoài Nhơn-Quy Nhơn, Xã Phù Mỹ Tây, Tỉnh Gia Lai",,2.0,1,0,-1.7000000000000455,-0.8500000000000227,472.6,1.5757537877707952,5.0,1,Moving,0,0,0,0,0,VALID,VALID
92H-02687,2026-08-12 21:10:00,468.1,73,0.008333333333333333,,,"Cao tốc Hoài Nhơn-Quy Nhơn, Xã Phù Mỹ Tây, Tỉnh Gia Lai",,2.0,1,0,-2.7999999999999545,-1.3999999999999773,472.6,1.998749609049241,5.0,1,Moving,0,0,0,0,0,VALID,VALID
92H-02687,2026-08-12 21:12:00,466.7,72,-0.008333333333333333,,,"Cao tốc Hoài Nhơn-Quy Nhơn, Xã Phù Mỹ Tây, Tỉnh Gia Lai",,2.0,1,0,-1.400000000000034,-0.700000000000017,470.9,2.6771253238641863,5.0,1,Moving,0,0,0,0,0,VALID,VALID
92H-02687,2026-08-12 21:14:00,466.7,78,0.05,,,"Xã Phù Mỹ Tây, Tỉnh Gia Lai",,2.0,1,0,0.0,0.0,468.1,2.643860813219045,5.0,1,Moving,0,0,0,0,0,VALID,VALID
92H-02687,2026-08-12 21:16:00,466.5,75,-0.025,,,"Cao tốc Hoài Nhơn-Quy Nhơn, Xã Phù Mỹ Tây, Tỉnh Gia Lai",,2.0,1,0,-0.19999999999998863,-0.09999999999999432,466.7,1.8579558659116617,5.0,1,Moving,0,0,0,0,0,VALID,VALID
92H-02687,2026-08-12 21:18:00,466.3,72,-0.025,,,"Xã Phù Mỹ Nam, Tỉnh Gia Lai",,2.0,1,0,-0.19999999999998863,-0.09999999999999432,466.7,0.7127411870207796,5.0,1,Moving,0,0,0,0,0,VALID,VALID
92H-02687,2026-08-12 21:20:00,465.4,75,0.025,,,"Cao tốc Hoài Nhơn-Quy Nhơn, Xã Phù Mỹ Nam, Tỉnh Gia Lai",,2.0,1,0,-0.9000000000000341,-0.45000000000001705,466.5,0.5403702431443318,5.0,1,Moving,0,0,0,0,0,VALID,VALID
92H-02687,2026-08-12 21:22:00,464.1,70,-0.041666666666666664,,,"Cao tốc Hoài Nhơn-Quy Nhơn, Xã Phù Mỹ Nam, Tỉnh Gia Lai",,2.0,1,0,-1.2999999999999545,-0.6499999999999773,466.3,1.0723805293252617,5.0,1,Moving,0,0,0,0,0,VALID,VALID
92H-02687,2026-08-12 21:24:00,464.0,74,0.03333333333333333,,,"Cao tốc Hoài Nhơn-Quy Nhơn, Xã Hòa Hội, Tỉnh Gia Lai",,2.0,1,0,-0.10000000000002274,-0.05000000000001137,465.4,1.1802542097684083,5.0,1,Moving,0,0,0,0,0,VALID,VALID
92H-02687,2026-08-12 21:26:00,463.1,74,0.0,,,"Cao tốc Hoài Nhơn-Quy Nhơn, Xã Hòa Hội, Tỉnh Gia Lai",,2.0,1,0,-0.8999999999999773,-0.44999999999998863,464.1,1.2637246534258368,5.0,1,Moving,0,0,0,0,0,VALID,VALID
92H-02687,2026-08-12 21:28:00,461.5,69,-0.041666666666666664,,,"Cao tốc Hoài Nhơn-Quy Nhơn, Xã Hòa Hội, Tỉnh Gia Lai",,2.0,1,0,-1.6000000000000227,-0.8000000000000114,464.0,1.4411800719121244,5.0,1,Moving,0,0,0,0,0,VALID,VALID
92H-02687,2026-08-12 21:30:00,461.2,73,0.03333333333333333,,,"Xã Hòa Hội, Tỉnh Gia Lai",,2.0,1,0,-0.30000000000001137,-0.15000000000000568,463.1,1.3663820840735088,5.0,1,Moving,0,0,0,0,0,VALID,VALID
92H-02687,2026-08-12 21:32:00,460.3,75,0.016666666666666666,,,"Cao tốc Hoài Nhơn-Quy Nhơn, Xã Bình Hiệp, Tỉnh Gia Lai",,2.0,1,0,-0.8999999999999773,-0.44999999999998863,461.5,1.4989996663366674,5.0,1,Moving,0,0,0,0,0,VALID,VALID
92H-02687,2026-08-12 21:34:00,459.1,75,0.0,,,"Cao tốc Hoài Nhơn-Quy Nhơn, Xã Bình Hiệp, Tỉnh Gia Lai",,2.0,1,0,-1.1999999999999886,-0.5999999999999943,461.2,1.482565344151116,5.0,1,Moving,0,0,0,0,0,VALID,VALID
92H-02687,2026-08-12 21:36:00,458.1,70,-0.041666666666666664,,,"Cao tốc Hoài Nhơn-Quy Nhơn, Xã Bình Hiệp, Tỉnh Gia Lai",,2.0,1,0,-1.0,-0.5,460.3,1.431083505487471,5.0,1,Moving,0,0,0,0,0,VALID,VALID
92H-02687,2026-08-12 21:38:00,457.9,75,0.041666666666666664,,,"Xã Bình An, Tỉnh Gia Lai",,2.0,1,0,-0.20000000000004547,-0.10000000000002274,459.1,1.4184498580064995,5.0,1,Moving,0,0,0,0,0,VALID,VALID
92H-02687,2026-08-12 21:40:00,457.1,74,-0.008333333333333333,,,"Phường Bình Định, Tỉnh Gia Lai",,2.0,1,0,-0.7999999999999545,-0.39999999999997726,458.1,1.2328828004636054,5.0,1,Moving,0,0,0,0,0,VALID,VALID
92H-02687,2026-08-12 21:42:00,455.9,72,-0.016666666666666666,,,"Cao tốc Hoài Nhơn-Quy Nhơn, Phường Bình Định, Tỉnh Gia Lai",,2.0,1,0,-1.2000000000000455,-0.6000000000000227,457.9,1.1966620239981347,5.0,1,Moving,0,0,0,0,0,VALID,VALID
92H-02687,2026-08-12 21:44:00,455.6,74,0.016666666666666666,,,"Cao tốc Hoài Nhơn-Quy Nhơn, Xã An Nhơn Tây, Tỉnh Gia Lai",,2.0,1,0,-0.2999999999999545,-0.14999999999997726,457.1,1.1366617789296167,5.0,1,Moving,0,0,0,0,0,VALID,VALID
92H-02687,2026-08-12 21:46:00,454.3,77,0.025,,,"Phường An Nhơn Nam, Tỉnh Gia Lai",,2.0,1,0,-1.3000000000000114,-0.6500000000000057,455.9,1.392120684308503,5.0,1,Moving,0,0,0,0,0,VALID,VALID
92H-02687,2026-08-12 21:48:00,453.1,71,-0.05,,,"Cao tốc Quy Nhơn–Chí Thạnh, Phường An Nhơn Nam, Tỉnh Gia Lai",,2.0,1,0,-1.1999999999999886,-0.5999999999999943,455.6,1.5394804317300732,5.0,1,Moving,0,0,0,0,0,VALID,VALID
92H-02687,2026-08-12 21:50:00,453.1,35,-0.3,,,"Cao tốc Quy Nhơn–Chí Thạnh, Phường An Nhơn Nam, Tỉnh Gia Lai",,2.0,1,0,0.0,0.0,454.3,1.3304134694447356,5.0,1,Moving,0,0,0,0,0,VALID,VALID
92H-02687,2026-08-12 21:52:00,450.3,71,0.3,,,"Xã Tuy Phước Tây, Tỉnh Gia Lai",,2.0,1,0,-2.8000000000000114,-1.4000000000000057,453.1,1.9601020380786822,5.0,1,Moving,0,0,0,0,0,VALID,VALID
92H-02687,2026-08-12 21:54:00,449.3,76,0.041666666666666664,,,"Cao tốc Quy Nhơn–Chí Thạnh, Xã Tuy Phước Tây, Tỉnh Gia Lai",,2.0,1,0,-1.0,-0.5,453.1,2.1147103819862494,5.0,1,Moving,0,0,0,0,0,VALID,VALID
92H-02687,2026-08-12 21:56:00,449.1,68,-0.06666666666666667,,,"Xã Tuy Phước Tây, Tỉnh Gia Lai",,2.0,1,0,-0.19999999999998863,-0.09999999999999432,450.3,1.9879637822859373,5.0,1,Moving,0,0,0,0,0,VALID,VALID
92H-02687,2026-08-12 21:58:00,448.4,73,0.041666666666666664,,,"Cao tốc Quy Nhơn–Chí Thạnh, Xã Tuy Phước Tây, Tỉnh Gia Lai",,2.0,1,0,-0.7000000000000455,-0.35000000000002274,449.3,1.8406520582882546,5.0,1,Moving,0,0,0,0,0,VALID,VALID
92H-02687,2026-08-12 22:00:00,448.4,65,-0.06666666666666667,,,"Phường Quy Nhơn Tây, Tỉnh Gia Lai",,2.0,1,0,0.0,0.0,449.1,0.7842193568644779,5.0,1,Moving,0,0,0,0,0,VALID,VALID
92H-02687,2026-08-12 22:02:00,446.6,70,0.041666666666666664,,,"Cao tốc Quy Nhơn–Chí Thạnh, Phường Quy Nhơn Tây, Tỉnh Gia Lai",,2.0,1,0,-1.7999999999999545,-0.8999999999999773,448.4,1.0644247271089788,5.0,1,Moving,0,0,0,0,0,VALID,VALID
92H-02687,2026-08-12 22:04:00,445.0,62,-0.06666666666666667,,,"Cao tốc Quy Nhơn–Chí Thạnh, Phường Quy Nhơn Tây, Tỉnh Gia Lai",,2.0,1,0,-1.6000000000000227,-0.8000000000000114,448.4,1.6763054613289385,5.0,1,Moving,0,0,0,0,0,VALID,VALID
92H-02687,2026-08-12 22:06:00,443.8,34,-0.23333333333333334,,,"Cao tốc Quy Nhơn–Chí Thạnh, Phường Quy Nhơn Tây, Tỉnh Gia Lai",,2.0,1,0,-1.1999999999999886,-0.5999999999999943,446.6,2.0464603586880155,5.0,1,Moving,0,0,0,0,0,VALID,VALID
92H-02687,2026-08-12 22:08:00,445.7,0,-0.2833333333333333,,,"Cao tốc Quy Nhơn–Chí Thạnh, Phường Quy Nhơn Tây, Tỉnh Gia Lai",,2.0,1,0,1.8999999999999773,0.9499999999999886,445.7,1.7320508074769836,5.0,1,Stopped,0,0,0,0,0,VALID,VALID
92H-02687,2026-08-12 22:10:00,442.2,0,0.0,,,"Cao tốc Quy Nhơn–Chí Thạnh, Phường Quy Nhơn Tây, Tỉnh Gia Lai",,2.0,1,0,-3.5,-1.75,445.0,1.7140595087925607,5.0,1,Stopped,0,0,0,0,0,VALID,VALID
92H-02687,2026-08-12 22:12:00,440.5,0,0.0,,,"Xã Xuân Lộc, Tỉnh Đắk Lắk",,2.0,1,0,-1.6999999999999886,-0.8499999999999943,443.8,2.1125813593049214,5.0,1,Stopped,0,0,0,0,0,VALID,VALID
92H-02687,2026-08-12 22:14:00,435.0,0,0.0,,,"Xã Xuân Lộc, Tỉnh Đắk Lắk",,2.0,1,0,-5.5,-2.75,442.2,4.082033806778603,5.0,1,Stopped,0,0,1,0,1,LARGE_DELTA,VALID
92H-02687,2026-08-12 22:16:00,434.9,0,0.0,,,"Xã Xuân Lộc, Tỉnh Đắk Lắk",,2.0,1,0,-0.10000000000002274,-0.05000000000001137,440.5,4.690735549962728,5.0,1,Stopped,0,0,0,0,0,VALID,VALID
92H-02687,2026-08-12 22:18:00,434.7,0,0.0,,,"Xã Xuân Lộc, Tỉnh Đắk Lắk",,2.0,1,0,-0.19999999999998863,-0.09999999999999432,435.0,3.603193028368732,5.0,1,Stopped,0,0,0,0,0,VALID,VALID
92H-02687,2026-08-12 22:20:00,434.6,0,0.0,,,"Xã Xuân Lộc, Tỉnh Đắk Lắk",,2.0,1,0,-0.0999999999999659,-0.04999999999998295,434.9,2.554016444678,5.0,1,Stopped,0,0,0,0,0,VALID,VALID
92H-02687,2026-08-12 22:23:00,434.4,0,0.0,,,"Xã Xuân Lộc, Tỉnh Đắk Lắk",,3.0,1,0,-0.20000000000004547,-0.06666666666668182,434.7,0.23874672706894265,5.0,1,Stopped,0,0,0,0,0,VALID,VALID
92H-02687,2026-08-12 22:25:00,434.3,0,0.0,,,"Cao tốc Quy Nhơn–Chí Thạnh, Xã Xuân Lộc, Tỉnh Đắk Lắk",,2.0,1,0,-0.0999999999999659,-0.04999999999998295,434.6,0.23874672706905306,5.0,1,Stopped,0,0,0,0,0,VALID,VALID
92H-02687,2026-08-12 22:27:00,434.3,0,0.0,,,"Cao tốc Quy Nhơn–Chí Thạnh, Xã Xuân Lộc, Tỉnh Đắk Lắk",,2.0,1,0,0.0,0.0,434.4,0.18165902038225648,5.0,1,Stopped,0,0,0,0,0,VALID,VALID
92H-02687,2026-08-12 22:29:00,434.1,0,0.0,,,"Cao tốc Quy Nhơn–Chí Thạnh, Xã Xuân Lộc, Tỉnh Đắk Lắk",,2.0,1,0,-0.19999999999998863,-0.09999999999999432,434.3,0.1816590203824231,5.0,1,Stopped,0,0,0,0,0,VALID,VALID
92H-02687,2026-08-12 22:32:00,434.1,0,0.0,,,"Cao tốc Quy Nhơn–Chí Thạnh, Xã Xuân Lộc, Tỉnh Đắk Lắk",,3.0,1,0,0.0,0.0,434.3,0.13416407748108072,5.0,1,Stopped,0,0,0,0,0,VALID,VALID
92H-02687,2026-08-12 22:34:00,434.1,0,0.0,,,"Cao tốc Quy Nhơn–Chí Thạnh, Xã Xuân Lộc, Tỉnh Đắk Lắk",,2.0,1,0,0.0,0.0,434.1,0.10954451006958088,5.0,1,Stopped,0,0,0,0,0,VALID,VALID
92H-02687,2026-08-12 22:36:00,434.1,46,0.38333333333333336,,,"Cao tốc Quy Nhơn–Chí Thạnh, Xã Xuân Lộc, Tỉnh Đắk Lắk",,2.0,1,0,0.0,0.0,434.1,0.0894427173469597,5.0,1,Moving,0,0,0,0,0,VALID,VALID
92H-02687,2026-08-12 22:38:00,439.3,71,0.20833333333333334,,,"Cao tốc Quy Nhơn–Chí Thạnh, Xã Xuân Lộc, Tỉnh Đắk Lắk",,2.0,1,0,5.199999999999989,2.5999999999999943,434.1,2.3255106965322114,5.0,1,Moving,0,0,1,0,1,LARGE_DELTA,VALID
92H-02687,2026-08-12 22:40:00,439.6,74,0.025,,,"Xã Xuân Lộc, Tỉnh Đắk Lắk",,2.0,1,0,0.30000000000001137,0.15000000000000568,434.1,2.932234642671882,5.0,1,Moving,0,0,0,0,0,VALID,VALID
92H-02687,2026-08-12 22:42:00,439.7,73,-0.008333333333333333,,,"Xã Xuân Lộc, Tỉnh Đắk Lắk",,2.0,1,0,0.0999999999999659,0.04999999999998295,439.3,2.979597288172417,5.0,1,Moving,0,0,0,0,0,VALID,VALID
92H-02687,2026-08-12 22:44:00,439.7,42,-0.25833333333333336,,,"Cao tốc Quy Nhơn–Chí Thạnh, Xã Xuân Lộc, Tỉnh Đắk Lắk",,2.0,1,0,0.0,0.0,439.6,2.453976364939929,5.0,1,Moving,0,0,0,0,0,VALID,VALID
92H-02687,2026-08-12 22:46:00,439.7,33,-0.075,,,"Cao tốc Quy Nhơn–Chí Thạnh, Xã Xuân Cảnh, Tỉnh Đắk Lắk",,2.0,1,0,0.0,0.0,439.7,0.17320507984235048,5.0,1,Moving,0,0,0,0,0,VALID,VALID
92H-02687,2026-08-12 22:48:00,439.0,44,0.09166666666666666,,,"Xã Xuân Cảnh, Tỉnh Đắk Lắk",,2.0,1,0,-0.6999999999999886,-0.3499999999999943,439.7,0.3049590131201656,5.0,1,Moving,0,0,0,0,0,VALID,VALID
92H-02687,2026-08-12 22:50:00,436.5,67,0.19166666666666668,,,"Cao tốc Quy Nhơn–Chí Thạnh, Xã Xuân Cảnh, Tỉnh Đắk Lắk",,2.0,1,0,-2.5,-1.25,439.7,1.3863621459357205,5.0,1,Moving,0,0,0,0,0,VALID,VALID
92H-02687,2026-08-12 22:52:00,433.3,49,-0.15,,,"Xã Xuân Thọ, Tỉnh Đắk Lắk",,2.0,1,0,-3.1999999999999886,-1.5999999999999943,439.0,2.7600724627596516,5.0,1,Moving,0,0,0,0,0,VALID,VALID
92H-02687,2026-08-12 22:54:00,434.4,72,0.19166666666666668,,,"Cao tốc Quy Nhơn–Chí Thạnh, Xã Xuân Thọ, Tỉnh Đắk Lắk",,2.0,1,0,1.099999999999966,0.549999999999983,436.5,2.78872730823305,5.0,1,Moving,0,0,0,0,0,VALID,VALID
92H-02687,2026-08-12 22:56:00,432.8,64,-0.06666666666666667,,,"Cao tốc Quy Nhơn–Chí Thạnh, Xã Xuân Thọ, Tỉnh Đắk Lắk",,2.0,1,0,-1.599999999999966,-0.799999999999983,434.4,2.5563646061713365,5.0,1,Moving,0,0,0,0,0,VALID,VALID
92H-02687,2026-08-12 22:58:00,432.1,57,-0.058333333333333334,,,"Cao tốc Quy Nhơn–Chí Thạnh, Xã Xuân Thọ, Tỉnh Đắk Lắk",,2.0,1,0,-0.6999999999999886,-0.3499999999999943,433.3,1.7166828477288048,5.0,1,Moving,0,0,0,0,0,VALID,VALID
92H-02687,2026-08-12 23:00:00,432.8,43,-0.11666666666666667,,,"Cao tốc Quy Nhơn–Chí Thạnh, Xã Xuân Thọ, Tỉnh Đắk Lắk",,2.0,1,0,0.6999999999999886,0.3499999999999943,432.8,0.8526429497079497,5.0,1,Moving,0,0,0,0,0,VALID,VALID
92H-02687,2026-08-12 23:02:00,433.1,79,0.3,,,"Xã Xuân Thọ, Tỉnh Đắk Lắk",,2.0,1,0,0.30000000000001137,0.15000000000000568,432.8,0.8443932731178607,5.0,1,Moving,0,0,0,0,0,VALID,VALID
92H-02687,2026-08-12 23:04:00,429.6,60,-0.15833333333333333,,,"Cao tốc Quy Nhơn–Chí Thạnh, Xã Xuân Thọ, Tỉnh Đắk Lắk",,2.0,1,0,-3.5,-1.75,432.8,1.4342245290355295,5.0,1,Moving,0,0,0,0,0,VALID,VALID
92H-02687,2026-08-12 23:06:00,429.3,40,-0.16666666666666666,,,"Cao tốc Quy Nhơn–Chí Thạnh, Xã Xuân Thọ, Tỉnh Đắk Lắk",,2.0,1,0,-0.30000000000001137,-0.15000000000000568,432.1,1.8019433952506787,5.0,1,Moving,0,0,0,0,0,VALID,VALID
92H-02687,2026-08-12 23:08:00,430.0,43,0.025,,,"Cao tốc Quy Nhơn–Chí Thạnh, Xã Xuân Thọ, Tỉnh Đắk Lắk",,2.0,1,0,0.6999999999999886,0.3499999999999943,430.0,1.836572895282886,5.0,1,Moving,0,0,0,0,0,VALID,VALID
92H-02687,2026-08-12 23:10:00,430.0,75,0.26666666666666666,,,"Xã Xuân Thọ, Tỉnh Đắk Lắk",,2.0,1,0,0.0,0.0,430.0,1.537855649821537,5.0,1,Moving,0,0,0,0,0,VALID,VALID
92H-02687,2026-08-12 23:12:00,423.8,54,-0.175,,,"Cao tốc Quy Nhơn–Chí Thạnh, Xã Tuy An Bắc, Tỉnh Đắk Lắk",,2.0,1,0,-6.199999999999989,-3.0999999999999943,429.6,2.6660832694589414,5.0,1,Moving,0,0,1,0,1,LARGE_DELTA,VALID
92H-02687,2026-08-12 23:14:00,422.1,51,-0.025,,,"Cao tốc Quy Nhơn–Chí Thạnh, Xã Tuy An Bắc, Tỉnh Đắk Lắk",,2.0,1,0,-1.6999999999999886,-0.8499999999999943,429.3,3.792492583999271,5.0,1,Moving,0,0,0,0,0,VALID,VALID
92H-02687,2026-08-12 23:16:00,423.4,71,0.16666666666666666,,,"Xã Tuy An Bắc, Tỉnh Đắk Lắk",,2.0,1,0,1.2999999999999545,0.6499999999999773,423.8,3.831187805327488,5.0,1,Moving,0,0,0,0,0,VALID,VALID
92H-02687,2026-08-12 23:18:00,421.6,74,0.025,,,"Cao tốc Chí Thạnh-Vân Phong, Xã Tuy An Bắc, Tỉnh Đắk Lắk",,2.0,1,0,-1.7999999999999545,-0.8999999999999773,423.4,3.376684764630949,5.0,1,Moving,0,0,0,0,0,VALID,VALID
92H-02687,2026-08-12 23:20:00,421.8,48,-0.21666666666666667,,,"Cao tốc Chí Thạnh-Vân Phong, Xã Ô Loan, Tỉnh Đắk Lắk",,2.0,1,0,0.19999999999998863,0.09999999999999432,422.1,0.99398189102797,5.0,1,Moving,0,0,0,0,0,VALID,VALID
92H-02687,2026-08-12 23:22:00,421.9,0,-0.4,,,"Cao tốc Chí Thạnh-Vân Phong, Xã Ô Loan, Tỉnh Đắk Lắk",,2.0,1,0,0.0999999999999659,0.04999999999998295,421.9,0.7162401829635926,5.0,1,Stopped,0,0,0,0,0,VALID,VALID
92H-02687,2026-08-12 23:24:00,418.0,74,0.6166666666666667,,,"Cao tốc Chí Thạnh-Vân Phong, Xã Ô Loan, Tỉnh Đắk Lắk",,2.0,1,0,-3.8999999999999773,-1.9499999999999886,421.8,1.999499937407382,5.0,1,Moving,0,0,0,0,0,VALID,VALID
92H-02687,2026-08-12 23:26:00,419.4,79,0.041666666666666664,,,"Cao tốc Chí Thạnh-Vân Phong, Xã Ô Loan, Tỉnh Đắk Lắk",,2.0,1,0,1.3999999999999773,0.6999999999999886,421.6,1.7544229819780013,5.0,1,Moving,0,0,0,0,0,VALID,VALID
92H-02687,2026-08-12 23:28:00,419.3,78,-0.008333333333333333,,,"Cao tốc Chí Thạnh-Vân Phong, Xã Tuy An Nam, Tỉnh Đắk Lắk",,2.0,1,0,-0.0999999999999659,-0.04999999999998295,419.4,1.7079227147891554,5.0,1,Moving,0,0,0,0,0,VALID,VALID
92H-02687,2026-08-12 23:30:00,417.8,63,-0.125,,,"Cao tốc Chí Thạnh-Vân Phong, Xã Tuy An Nam, Tỉnh Đắk Lắk",,2.0,1,0,-1.5,-0.75,419.3,1.636154026885321,5.0,1,Moving,0,0,0,0,0,VALID,VALID
92H-02687,2026-08-12 23:32:00,417.8,67,0.03333333333333333,,,"Cao tốc Chí Thạnh-Vân Phong, Phường Bình Kiến, Tỉnh Đắk Lắk",,2.0,1,0,0.0,0.0,418.0,0.8173126694805168,5.0,1,Moving,0,0,0,0,0,VALID,VALID
92H-02687,2026-08-12 23:34:00,414.3,71,0.03333333333333333,,,"Cao tốc Chí Thạnh-Vân Phong, Phường Bình Kiến, Tỉnh Đắk Lắk",,2.0,1,0,-3.5,-1.75,417.8,2.0632498636116745,5.0,1,Moving,0,0,0,0,0,VALID,VALID
92H-02687,2026-08-12 23:36:00,414.4,68,-0.025,,,"Cao tốc Chí Thạnh-Vân Phong, Phường Bình Kiến, Tỉnh Đắk Lắk",,2.0,1,0,0.0999999999999659,0.04999999999998295,417.8,2.248777445567703,5.0,1,Moving,0,0,0,0,0,VALID,VALID
92H-02687,2026-08-12 23:38:00,414.3,69,0.008333333333333333,,,"Cao tốc Chí Thạnh-Vân Phong, Phường Bình Kiến, Tỉnh Đắk Lắk",,2.0,1,0,-0.0999999999999659,-0.04999999999998295,414.4,1.8992103621490468,5.0,1,Moving,0,0,0,0,0,VALID,VALID
92H-02687,2026-08-12 23:40:00,414.2,72,0.025,,,"Cao tốc Chí Thạnh-Vân Phong, Phường Tuy Hòa, Tỉnh Đắk Lắk",,2.0,1,0,-0.10000000000002274,-0.05000000000001137,414.3,1.5668439615017635,5.0,1,Moving,0,0,0,0,0,VALID,VALID
92H-02687,2026-08-12 23:42:00,413.3,75,0.025,,,"Cao tốc Chí Thạnh-Vân Phong, Phường Tuy Hòa, Tỉnh Đắk Lắk",,2.0,1,0,-0.8999999999999773,-0.44999999999998863,414.3,0.45276925656977723,5.0,1,Moving,0,0,0,0,0,VALID,VALID
92H-02687,2026-08-12 23:44:00,412.1,75,0.0,,,"Cao tốc Chí Thạnh-Vân Phong, Xã Tây Hòa, Tỉnh Đắk Lắk",,2.0,1,0,-1.1999999999999886,-0.5999999999999943,414.2,0.9762171887929461,5.0,1,Moving,0,0,0,0,0,VALID,VALID
92H-02687,2026-08-12 23:46:00,411.1,74,-0.008333333333333333,,,"Cao tốc Chí Thạnh-Vân Phong, Xã Tây Hòa, Tỉnh Đắk Lắk",,2.0,1,0,-1.0,-0.5,413.3,1.3820274959981673,5.0,1,Moving,0,0,0,0,0,VALID,VALID
92H-02687,2026-08-12 23:48:00,410.2,71,-0.025,,,"Cao tốc Chí Thạnh-Vân Phong, Phường Đông Hòa, Tỉnh Đắk Lắk",,2.0,1,0,-0.9000000000000341,-0.45000000000001705,412.1,1.6146206983979834,5.0,1,Moving,0,0,0,0,0,VALID,VALID
92H-02687,2026-08-12 23:50:00,409.9,80,0.075,,,"Cao tốc Chí Thạnh-Vân Phong, Phường Đông Hòa, Tỉnh Đắk Lắk",,2.0,1,0,-0.30000000000001137,-0.15000000000000568,411.1,1.4007141034827655,5.0,1,Moving,0,0,0,0,0,VALID,VALID
92H-02687,2026-08-12 23:52:00,408.9,77,-0.025,,,"Cao tốc Chí Thạnh-Vân Phong, Phường Đông Hòa, Tỉnh Đắk Lắk",,2.0,1,0,-1.0,-0.5,410.2,1.2157302331092648,5.0,1,Moving,0,0,0,0,0,VALID,VALID
92H-02687,2026-08-12 23:54:00,408.0,71,-0.05,,,"Cao tốc Chí Thạnh-Vân Phong, Phường Đông Hòa, Tỉnh Đắk Lắk",,2.0,1,0,-0.8999999999999773,-0.44999999999998863,409.9,1.1987493481525775,5.0,1,Moving,0,0,0,0,0,VALID,VALID
92H-02687,2026-08-12 23:56:00,407.7,71,0.0,,,"Cao tốc Chí Thạnh-Vân Phong, Xã Hòa Xuân, Tỉnh Đắk Lắk",,2.0,1,0,-0.30000000000001137,-0.15000000000000568,408.9,1.1104053312626518,5.0,1,Moving,0,0,0,0,0,VALID,VALID
92H-02687,2026-08-12 23:58:00,405.2,44,-0.225,,,"Quốc Lộ 1, Xã Hòa Xuân, Tỉnh Đắk Lắk",,2.0,1,0,-2.5,-1.25,408.0,1.7558473736908293,5.0,1,Moving,0,0,0,0,0,VALID,VALID
92H-02687,2026-08-13 00:00:00,405.3,41,-0.025,,,"Đường dẫn hầm Cổ Mã, Xã Hòa Xuân, Tỉnh Đắk Lắk",,2.0,1,0,0.10000000000002274,0.05000000000001137,407.7,1.6754103973944356,5.0,1,Moving,0,0,0,0,0,VALID,VALID
92H-02687,2026-08-13 00:02:00,406.8,41,0.0,,,"Đường dẫn Hầm Đèo Cả, Xã Hòa Xuân, Tỉnh Đắk Lắk",,2.0,1,0,1.5,0.75,406.8,1.3095800852554087,5.0,1,Moving,0,0,0,0,0,VALID,VALID
92H-02687,2026-08-13 00:04:00,406.8,0,-0.3416666666666667,,,"Hầm Đèo Cả, Xã Hòa Xuân, Tỉnh Đắk Lắk",,2.0,1,0,0.0,0.0,406.8,1.0784247770232513,5.0,1,Stopped,0,0,0,0,0,VALID,VALID
92H-02687,2026-08-13 00:06:00,402.3,0,0.0,,,"Đường dẫn Hầm Đèo Cả, Xã Hòa Xuân, Tỉnh Đắk Lắk",,2.0,1,0,-4.5,-2.25,405.3,1.837661557441409,5.0,1,Stopped,0,0,0,0,0,VALID,VALID
92H-02687,2026-08-13 00:08:00,399.3,67,0.5583333333333333,,,"Đường dẫn hầm Đèo Cả, Xã Đại Lãnh, Tỉnh Khánh Hòa",,2.0,1,0,-3.0,-1.5,405.3,3.2519225082554426,5.0,1,Moving,0,0,0,0,0,VALID,VALID
92H-02687,2026-08-13 00:10:00,399.3,69,0.016666666666666666,,,"Đường dẫn hầm Đèo Cả, Xã Đại Lãnh, Tỉnh Khánh Hòa",,2.0,1,0,0.0,0.0,402.3,3.7649701193633365,5.0,1,Moving,0,0,0,0,0,VALID,VALID
92H-02687,2026-08-13 00:12:00,399.6,63,-0.05,,,"Quốc Lộ 1, Xã Đại Lãnh, Tỉnh Khánh Hòa",,2.0,1,0,0.30000000000001137,0.15000000000000568,399.6,3.2408332261471364,5.0,1,Moving,0,0,0,0,0,VALID,VALID
92H-02687,2026-08-13 00:14:00,400.5,65,0.016666666666666666,,,"Cao tốc Vân Phong-Nha Trang, Xã Đại Lãnh, Tỉnh Khánh Hòa",,2.0,1,0,0.8999999999999773,0.44999999999998863,399.6,1.2727922060178063,5.0,1,Moving,0,0,0,0,0,VALID,VALID
92H-02687,2026-08-13 00:16:00,398.7,76,0.09166666666666666,,,"Cao tốc Vân Phong-Nha Trang, Xã Tu Bông, Tỉnh Khánh Hòa",,2.0,1,0,-1.8000000000000114,-0.9000000000000057,399.3,0.6572670687779304,5.0,1,Moving,0,0,0,0,0,VALID,VALID
92H-02687,2026-08-13 00:18:00,397.8,72,-0.03333333333333333,,,"Cao tốc Vân Phong-Nha Trang, Xã Tu Bông, Tỉnh Khánh Hòa",,2.0,1,0,-0.8999999999999773,-0.44999999999998863,399.3,1.0084641786895627,5.0,1,Moving,0,0,0,0,0,VALID,VALID
92H-02687,2026-08-13 00:20:00,397.8,72,0.0,,,"Xã Tu Bông, Tỉnh Khánh Hòa",,2.0,1,0,0.0,0.0,398.7,1.1734564328086885,5.0,1,Moving,0,0,0,0,0,VALID,VALID
92H-02687,2026-08-13 00:22:00,396.8,75,0.025,,,"Cao tốc Vân Phong-Nha Trang, Xã Vạn Thắng, Tỉnh Khánh Hòa",,2.0,1,0,-1.0,-0.5,397.8,1.3917614737088528,5.0,1,Moving,0,0,0,0,0,VALID,VALID
92H-02687,2026-08-13 00:24:00,396.5,69,-0.05,,,"Cao tốc Vân Phong-Nha Trang, Xã Vạn Thắng, Tỉnh Khánh Hòa",,2.0,1,0,-0.30000000000001137,-0.15000000000000568,397.8,0.8814760346716519,5.0,1,Moving,0,0,0,0,0,VALID,VALID
92H-02687,2026-08-13 00:26:00,395.1,72,0.025,,,"Cao tốc Vân Phong-Nha Trang, Xã Vạn Thắng, Tỉnh Khánh Hòa",,2.0,1,0,-1.3999999999999773,-0.6999999999999886,396.8,1.1157956800869255,5.0,1,Moving,0,0,0,0,0,VALID,VALID
92H-02687,2026-08-13 00:28:00,394.9,76,0.03333333333333333,,,"Xã Vạn Ninh, Tỉnh Khánh Hòa",,2.0,1,0,-0.20000000000004547,-0.10000000000002274,396.5,1.215318888070476,5.0,1,Moving,0,0,0,0,0,VALID,VALID
92H-02687,2026-08-13 00:30:00,393.7,75,-0.008333333333333333,,,"Cao tốc Vân Phong-Nha Trang, Xã Vạn Ninh, Tỉnh Khánh Hòa",,2.0,1,0,-1.1999999999999886,-0.5999999999999943,395.1,1.264911063949216,5.0,1,Moving,0,0,0,0,0,VALID,VALID
92H-02687,2026-08-13 00:32:00,393.4,73,-0.016666666666666666,,,"Cao tốc Vân Phong-Nha Trang, Xã Vạn Ninh, Tỉnh Khánh Hòa",,2.0,1,0,-0.30000000000001137,-0.15000000000000568,394.9,1.237739875620638,5.0,1,Moving,0,0,0,0,0,VALID,VALID
92H-02687,2026-08-13 00:34:00,392.4,70,-0.025,,,"Cao tốc Vân Phong-Nha Trang, Xã Vạn Hưng, Tỉnh Khánh Hòa",,2.0,1,0,-1.0,-0.5,393.7,1.1157956800874105,5.0,1,Moving,0,0,0,0,0,VALID,VALID
92H-02687,2026-08-13 00:36:00,391.4,77,0.058333333333333334,,,"Cao tốc Vân Phong-Nha Trang, Xã Vạn Hưng, Tỉnh Khánh Hòa",,2.0,1,0,-1.0,-0.5,393.4,1.3277801021637614,5.0,1,Moving,0,0,0,0,0,VALID,VALID
92H-02687,2026-08-13 00:38:00,390.2,76,-0.008333333333333333,,,"Cao tốc Vân Phong-Nha Trang, Xã Vạn Hưng, Tỉnh Khánh Hòa",,2.0,1,0,-1.1999999999999886,-0.5999999999999943,392.4,1.4463747784382823,5.0,1,Moving,0,0,0,0,0,VALID,VALID
92H-02687,2026-08-13 00:40:00,388.9,74,-0.016666666666666666,,,"Cao tốc Vân Phong-Nha Trang, Xã Bắc Ninh Hòa, Tỉnh Khánh Hòa",,2.0,1,0,-1.3000000000000114,-0.6500000000000057,391.4,1.7742604092135967,5.0,1,Moving,0,0,0,0,0,VALID,VALID
92H-02687,2026-08-13 00:42:00,387.9,68,-0.05,,,"Cao tốc Vân Phong-Nha Trang, Xã Bắc Ninh Hòa, Tỉnh Khánh Hòa",,2.0,1,0,-1.0,-0.5,390.2,1.8201648276195412,5.0,1,Moving,0,0,0,0,0,VALID,VALID
92H-02687,2026-08-13 00:44:00,386.7,76,0.06666666666666667,,,"Cao tốc Vân Phong-Nha Trang, Xã Hòa Trí, Tỉnh Khánh Hòa",,2.0,1,0,-1.1999999999999886,-0.5999999999999943,388.9,1.8512158166199169,5.0,1,Moving,0,0,0,0,0,VALID,VALID
92H-02687,2026-08-13 00:46:00,385.5,75,-0.008333333333333333,,,"Cao tốc Vân Phong-Nha Trang, Xã Hòa Trí, Tỉnh Khánh Hòa",,2.0,1,0,-1.1999999999999886,-0.5999999999999943,387.9,1.8352111594321268,5.0,1,Moving,0,0,0,0,0,VALID,VALID
92H-02687,2026-08-13 00:48:00,385.2,78,0.025,,,"Cao tốc Vân Phong-Nha Trang, Xã Hòa Trí, Tỉnh Khánh Hòa",,2.0,1,0,-0.30000000000001137,-0.15000000000000568,386.7,1.5709869508384176,5.0,1,Moving,0,0,0,0,0,VALID,VALID
92H-02687,2026-08-13 00:50:00,384.3,81,0.025,,,"Cao tốc Vân Phong-Nha Trang, Xã Tân Định, Tỉnh Khánh Hòa",,2.0,1,0,-0.8999999999999773,-0.44999999999998863,385.5,1.4007141034861148,5.0,1,Moving,0,0,0,0,0,VALID,VALID
92H-02687,2026-08-13 00:52:00,383.4,73,-0.06666666666666667,,,"Cao tốc Vân Phong-Nha Trang, Xã Tân Định, Tỉnh Khánh Hòa",,2.0,1,0,-0.9000000000000341,-0.45000000000001705,385.2,1.2477980604670282,5.0,1,Moving,0,0,0,0,0,VALID,VALID
92H-02687,2026-08-13 00:54:00,383.2,69,-0.03333333333333333,,,"Cao tốc Vân Phong-Nha Trang, Xã Tân Định, Tỉnh Khánh Hòa",,2.0,1,0,-0.19999999999998863,-0.09999999999999432,384.3,1.0329569205468192,5.0,1,Moving,0,0,0,0,0,VALID,VALID
92H-02687,2026-08-13 00:56:00,381.8,74,0.041666666666666664,,,"Cao tốc Vân Phong-Nha Trang, Xã Nam Ninh Hòa, Tỉnh Khánh Hòa",,2.0,1,0,-1.3999999999999773,-0.6999999999999886,383.4,1.2735776378791575,5.0,1,Moving,0,0,0,0,0,VALID,VALID
92H-02687,2026-08-13 00:58:00,380.8,66,-0.06666666666666667,,,"Cao tốc Vân Phong-Nha Trang, Xã Nam Ninh Hòa, Tỉnh Khánh Hòa",,2.0,1,0,-1.0,-0.5,383.2,1.3892443988392342,5.0,1,Moving,0,0,0,0,0,VALID,VALID
92H-02687,2026-08-13 01:00:00,378.9,75,0.075,,,"Cao tốc Vân Phong-Nha Trang, Xã Nam Ninh Hòa, Tỉnh Khánh Hòa",,2.0,1,0,-1.900000000000034,-0.950000000000017,381.8,1.8552627845420138,5.0,1,Moving,0,0,0,0,0,VALID,VALID
92H-02687,2026-08-13 01:02:00,378.9,69,-0.05,,,"Cao tốc Vân Phong-Nha Trang, Xã Nam Ninh Hòa, Tỉnh Khánh Hòa",,2.0,1,0,0.0,0.0,380.8,1.8673510649331428,5.0,1,Moving,0,0,0,0,0,VALID,VALID
92H-02687,2026-08-13 01:04:00,377.9,77,0.06666666666666667,,,"Cao tốc Vân Phong-Nha Trang, Xã Bắc Khánh Vĩnh, Tỉnh Khánh Hòa",,2.0,1,0,-1.0,-0.5,378.9,1.5915401344946887,5.0,1,Moving,0,0,0,0,0,VALID,VALID
92H-02687,2026-08-13 01:06:00,374.8,69,-0.06666666666666667,,,"Cao tốc Vân Phong-Nha Trang, Xã Bắc Khánh Vĩnh, Tỉnh Khánh Hòa",,2.0,1,0,-3.099999999999966,-1.549999999999983,378.9,2.200681712494527,5.0,1,Moving,0,0,0,0,0,VALID,VALID
92H-02687,2026-08-13 01:08:00,374.6,75,0.05,,,"Cao tốc Vân Phong-Nha Trang, Xã Bắc Khánh Vĩnh, Tỉnh Khánh Hòa",,2.0,1,0,-0.19999999999998863,-0.09999999999999432,377.9,2.158008340972843,5.0,1,Moving,0,0,0,0,0,VALID,VALID
92H-02687,2026-08-13 01:10:00,374.5,77,0.016666666666666666,,,"Cao tốc Vân Phong-Nha Trang, Xã Diên Lâm, Tỉnh Khánh Hòa",,2.0,1,0,-0.10000000000002274,-0.05000000000001137,374.8,2.095948472579629,5.0,1,Moving,0,0,0,0,0,VALID,VALID
92H-02687,2026-08-13 01:12:00,374.3,71,-0.05,,,"Cao tốc Vân Phong-Nha Trang, Xã Diên Lâm, Tỉnh Khánh Hòa",,2.0,1,0,-0.19999999999998863,-0.09999999999999432,374.6,1.5089731606988248,5.0,1,Moving,0,0,0,0,0,VALID,VALID
92H-02687,2026-08-13 01:14:00,372.9,75,0.03333333333333333,,,"Cao tốc Vân Phong-Nha Trang, Xã Diên Lâm, Tỉnh Khánh Hòa",,2.0,1,0,-1.400000000000034,-0.700000000000017,374.5,0.7596051604023886,5.0,1,Moving,0,0,0,0,0,VALID,VALID
92H-02687,2026-08-13 01:16:00,372.7,78,0.025,,,"Cao tốc Vân Phong-Nha Trang, Xã Diên Thọ, Tỉnh Khánh Hòa",,2.0,1,0,-0.19999999999998863,-0.09999999999999432,374.3,0.9219544455721087,5.0,1,Moving,0,0,0,0,0,VALID,VALID
92H-02687,2026-08-13 01:18:00,371.7,76,-0.016666666666666666,,,"Cao tốc Vân Phong-Nha Trang, Xã Diên Thọ, Tỉnh Khánh Hòa",,2.0,1,0,-1.0,-0.5,372.9,1.1713240370241416,5.0,1,Moving,0,0,0,0,0,VALID,VALID
92H-02687,2026-08-13 01:20:00,370.8,66,-0.08333333333333333,,,"Cao tốc Vân Phong-Nha Trang, Xã Diên Thọ, Tỉnh Khánh Hòa",,2.0,1,0,-0.8999999999999773,-0.44999999999998863,372.7,1.3198484760422267,5.0,1,Moving,0,0,0,0,0,VALID,VALID
92H-02687,2026-08-13 01:22:00,369.8,74,0.06666666666666667,,,"Cao tốc Nha Trang-Cam Lâm, Xã Suối Hiệp, Tỉnh Khánh Hòa",,2.0,1,0,-1.0,-0.5,371.7,1.3026895254478483,5.0,1,Moving,0,0,0,0,0,VALID,VALID
92H-02687,2026-08-13 01:24:00,369.5,75,0.008333333333333333,,,"Cao tốc Nha Trang-Cam Lâm, Xã Suối Hiệp, Tỉnh Khánh Hòa",,2.0,1,0,-0.30000000000001137,-0.15000000000000568,370.8,1.3285330254502574,5.0,1,Moving,0,0,0,0,0,VALID,VALID
92H-02687,2026-08-13 01:26:00,367.7,76,0.008333333333333333,,,"Cao tốc Nha Trang-Cam Lâm, Xã Suối Hiệp, Tỉnh Khánh Hòa",,2.0,1,0,-1.8000000000000114,-0.9000000000000057,369.8,1.504991694233791,5.0,1,Moving,0,0,0,0,0,VALID,VALID
92H-02687,2026-08-13 01:28:00,367.4,75,-0.008333333333333333,,,"Cao tốc Nha Trang-Cam Lâm, Xã Suối Dầu, Tỉnh Khánh Hòa",,2.0,1,0,-0.30000000000001137,-0.15000000000000568,369.5,1.44672042900945,5.0,1,Moving,0,0,0,0,0,VALID,VALID
92H-02687,2026-08-13 01:30:00,366.4,74,-0.008333333333333333,,,"Cao tốc Nha Trang-Cam Lâm, Xã Cam Hiệp, Tỉnh Khánh Hòa",,2.0,1,0,-1.0,-0.5,367.7,1.4467204290096423,5.0,1,Moving,0,0,0,0,0,VALID,VALID
92H-02687,2026-08-13 01:32:00,366.3,77,0.025,,,"Cao tốc Nha Trang-Cam Lâm, Xã Cam Hiệp, Tỉnh Khánh Hòa",,2.0,1,0,-0.0999999999999659,-0.04999999999998295,367.4,1.293445012249956,5.0,1,Moving,0,0,0,0,0,VALID,VALID
92H-02687,2026-08-13 01:34:00,363.9,78,0.008333333333333333,,,"Cao tốc Nha Trang-Cam Lâm, Xã Cam Hiệp, Tỉnh Khánh Hòa",,2.0,1,0,-2.400000000000034,-1.200000000000017,366.4,1.4943225889061087,5.0,1,Moving,0,0,0,0,0,VALID,VALID
92H-02687,2026-08-13 01:36:00,362.6,71,-0.058333333333333334,,,"Cao tốc Nha Trang-Cam Lâm, Xã Cam Hiệp, Tỉnh Khánh Hòa",,2.0,1,0,-1.2999999999999545,-0.6499999999999773,366.3,1.9917329137501651,5.0,1,Moving,0,0,0,0,0,VALID,VALID
92H-02687,2026-08-13 01:38:00,362.7,76,0.041666666666666664,,,"Cao tốc Nha Trang-Cam Lâm, Xã Cam Hiệp, Tỉnh Khánh Hòa",,2.0,1,0,0.0999999999999659,0.04999999999998295,363.9,1.8700267377009396,5.0,1,Moving,0,0,0,0,0,VALID,VALID
92H-02687,2026-08-13 01:40:00,362.3,71,-0.041666666666666664,,,"Cao tốc Nha Trang-Cam Lâm, Xã Cam Hiệp, Tỉnh Khánh Hòa",,2.0,1,0,-0.39999999999997726,-0.19999999999998863,362.7,1.6486357995982637,5.0,1,Moving,0,0,0,0,0,VALID,VALID
92H-02687,2026-08-13 01:42:00,361.1,73,0.016666666666666666,,,"Cao tốc Nha Trang-Cam Lâm, Xã Cam Hiệp, Tỉnh Khánh Hòa",,2.0,1,0,-1.1999999999999886,-0.5999999999999943,362.6,1.0009995003583612,5.0,1,Moving,0,0,0,0,0,VALID,VALID
92H-02687,2026-08-13 01:44:00,359.1,59,-0.11666666666666667,,,"Cao tốc Nha Trang-Cam Lâm, Xã Cam Hiệp, Tỉnh Khánh Hòa",,2.0,1,0,-2.0,-1.0,362.3,1.5159155648380775,5.0,1,Moving,0,0,0,0,0,VALID,VALID
92H-02687,2026-08-13 01:46:00,359.2,56,-0.025,,,"Cao tốc Nha Trang-Cam Lâm, Xã Cam An, Tỉnh Khánh Hòa",,2.0,1,0,0.0999999999999659,0.04999999999998295,361.1,1.6858232409475273,5.0,1,Moving,0,0,0,0,0,VALID,VALID
92H-02687,2026-08-13 01:48:00,358.0,77,0.175,,,"Cao tốc Nha Trang-Cam Lâm, Xã Cam An, Tỉnh Khánh Hòa",,2.0,1,0,-1.1999999999999886,-0.5999999999999943,359.2,1.7271363581719592,5.0,1,Moving,0,0,0,0,0,VALID,VALID
92H-02687,2026-08-13 01:50:00,356.0,71,-0.05,,,"Cao tốc Nha Trang-Cam Lâm, Xã Cam An, Tỉnh Khánh Hòa",,2.0,1,0,-2.0,-1.0,359.1,1.8673510649367442,5.0,1,Moving,0,0,0,0,0,VALID,VALID
92H-02687,2026-08-13 01:52:00,355.8,65,-0.05,,,"Cao tốc Nha Trang-Cam Lâm, Xã Cam An, Tỉnh Khánh Hòa",,2.0,1,0,-0.19999999999998863,-0.09999999999999432,358.0,1.6407315440745156,5.0,1,Moving,0,0,0,0,0,VALID,VALID
92H-02687,2026-08-13 01:54:00,355.8,66,0.008333333333333333,,,"Cao tốc Nha Trang-Cam Lâm, Phường Ba Ngòi, Tỉnh Khánh Hòa",,2.0,1,0,0.0,0.0,356.0,1.5582040943732538,5.0,1,Moving,0,0,0,0,0,VALID,VALID
92H-02687,2026-08-13 01:56:00,355.8,68,0.016666666666666666,,,"Cao tốc Nha Trang-Cam Lâm, Phường Ba Ngòi, Tỉnh Khánh Hòa",,2.0,1,0,0.0,0.0,355.8,0.9654014707478039,5.0,1,Moving,0,0,0,0,0,VALID,VALID
92H-02687,2026-08-13 01:58:00,355.7,47,-0.175,,,"Phường Ba Ngòi, Tỉnh Khánh Hòa",,2.0,1,0,-0.10000000000002274,-0.05000000000001137,355.8,0.10954451023356318,5.0,1,Moving,0,0,0,0,0,VALID,VALID
92H-02687,2026-08-13 02:00:00,353.9,71,0.2,,,"Cao tốc Nha Trang-Cam Lâm, Xã Nam Cam Ranh, Tỉnh Khánh Hòa",,2.0,1,0,-1.8000000000000114,-0.9000000000000057,355.8,0.8396427810221133,5.0,1,Moving,0,0,0,0,0,VALID,VALID
92H-02687,2026-08-13 02:02:00,352.2,61,-0.08333333333333333,,,"Cao tốc Cam Lâm-Vĩnh Hảo, Xã Nam Cam Ranh, Tỉnh Khánh Hòa",,2.0,1,0,-1.6999999999999886,-0.8499999999999943,355.7,1.6053037094963982,5.0,1,Moving,0,0,0,0,0,VALID,VALID
92H-02687,2026-08-13 02:04:00,352.3,41,-0.16666666666666666,,,"Cao tốc Cam Lâm-Vĩnh Hảo, Xã Nam Cam Ranh, Tỉnh Khánh Hòa",,2.0,1,0,0.10000000000002274,0.05000000000001137,353.9,1.7512852422501546,5.0,1,Moving,0,0,0,0,0,VALID,VALID
92H-02687,2026-08-13 02:06:00,352.7,0,-0.3416666666666667,,,"Cao tốc Cam Lâm-Vĩnh Hảo, Xã Nam Cam Ranh, Tỉnh Khánh Hòa",,2.0,1,0,0.39999999999997726,0.19999999999998863,352.7,1.4724129854505656,5.0,1,Stopped,0,0,0,0,0,VALID,VALID
92H-02687,2026-08-13 02:08:00,353.0,56,0.4666666666666667,,,"Cao tốc Cam Lâm-Vĩnh Hảo, Xã Nam Cam Ranh, Tỉnh Khánh Hòa",,2.0,1,0,0.30000000000001137,0.15000000000000568,352.7,0.6833739823286357,5.0,1,Moving,0,0,0,0,0,VALID,VALID
92H-02687,2026-08-13 02:10:00,348.9,65,0.075,,,"Cao tốc Cam Lâm-Vĩnh Hảo, Xã Công Hải, Tỉnh Khánh Hòa",,2.0,1,0,-4.100000000000023,-2.0500000000000114,352.3,1.663430190817798,5.0,1,Moving,0,0,0,0,0,VALID,VALID
92H-02687,2026-08-13 02:12:00,345.5,76,0.09166666666666666,,,"Cao tốc Cam Lâm-Vĩnh Hảo, Xã Công Hải, Tỉnh Khánh Hòa",,2.0,1,0,-3.3999999999999773,-1.6999999999999886,352.3,3.236046971186392,5.0,1,Moving,0,0,0,0,0,VALID,VALID
92H-02687,2026-08-13 02:14:00,346.3,68,-0.06666666666666667,,,"Cao tốc Cam Lâm-Vĩnh Hảo, Xã Công Hải, Tỉnh Khánh Hòa",,2.0,1,0,0.8000000000000114,0.4000000000000057,348.9,3.494567212077195,5.0,1,Moving,0,0,0,0,0,VALID,VALID
92H-02687,2026-08-13 02:16:00,346.6,58,-0.08333333333333333,,,"Cao tốc Cam Lâm-Vĩnh Hảo, Xã Thuận Bắc, Tỉnh Khánh Hòa",,2.0,1,0,0.30000000000001137,0.15000000000000568,346.6,3.036939248606306,5.0,1,Moving,0,0,0,0,0,VALID,VALID
92H-02687,2026-08-13 02:18:00,346.6,80,0.18333333333333332,,,"Cao tốc Cam Lâm-Vĩnh Hảo, Xã Thuận Bắc, Tỉnh Khánh Hòa",,2.0,1,0,0.0,0.0,346.6,1.2676750371155798,5.0,1,Moving,0,0,0,0,0,VALID,VALID
92H-02687,2026-08-13 02:20:00,344.7,74,-0.05,,,"Cao tốc Cam Lâm-Vĩnh Hảo, Xã Thuận Bắc, Tỉnh Khánh Hòa",,2.0,1,0,-1.900000000000034,-0.950000000000017,346.3,0.8264381402902523,5.0,1,Moving,0,0,0,0,0,VALID,VALID
92H-02687,2026-08-13 02:22:00,344.7,74,0.0,,,"Cao tốc Cam Lâm-Vĩnh Hảo, Xã Thuận Bắc, Tỉnh Khánh Hòa",,2.0,1,0,0.0,0.0,346.3,0.9934787364239216,5.0,1,Moving,0,0,0,0,0,VALID,VALID
92H-02687,2026-08-13 02:24:00,344.2,70,-0.03333333333333333,,,"Cao tốc Cam Lâm-Vĩnh Hảo, Xã Thuận Bắc, Tỉnh Khánh Hòa",,2.0,1,0,-0.5,-0.25,344.7,1.1502173706420242,5.0,1,Moving,0,0,0,0,0,VALID,VALID
92H-02687,2026-08-13 02:26:00,343.0,67,-0.025,,,"Cao tốc Cam Lâm-Vĩnh Hảo, Xã Mỹ Sơn, Tỉnh Khánh Hòa",,2.0,1,0,-1.1999999999999886,-0.5999999999999943,344.7,1.2973048985211568,5.0,1,Moving,0,0,0,0,0,VALID,VALID
92H-02687,2026-08-13 02:28:00,342.8,72,0.041666666666666664,,,"Cao tốc Cam Lâm-Vĩnh Hảo, Xã Mỹ Sơn, Tỉnh Khánh Hòa",,2.0,1,0,-0.19999999999998863,-0.09999999999999432,344.2,0.9203260290393626,5.0,1,Moving,0,0,0,0,0,VALID,VALID
92H-02687,2026-08-13 02:30:00,342.5,73,0.008333333333333333,,,"Cao tốc Cam Lâm-Vĩnh Hảo, Phường Đô Vinh, Tỉnh Khánh Hòa",,2.0,1,0,-0.30000000000001137,-0.15000000000000568,343.0,0.9555103347047692,5.0,1,Moving,0,0,0,0,0,VALID,VALID
92H-02687,2026-08-13 02:32:00,340.5,66,-0.058333333333333334,,,"Cao tốc Cam Lâm-Vĩnh Hảo, Phường Đô Vinh, Tỉnh Khánh Hòa",,2.0,1,0,-2.0,-1.0,342.8,1.3397761005959614,5.0,1,Moving,0,0,0,0,0,VALID,VALID
92H-02687,2026-08-13 02:34:00,339.7,70,0.03333333333333333,,,"Cao tốc Cam Lâm-Vĩnh Hảo, Phường Đô Vinh, Tỉnh Khánh Hòa",,2.0,1,0,-0.8000000000000114,-0.4000000000000057,342.5,1.4983324062866474,5.0,1,Moving,0,0,0,0,0,VALID,VALID
92H-02687,2026-08-13 02:36:00,339.4,72,0.016666666666666666,,,"Cao tốc Cam Lâm-Vĩnh Hảo, Phường Đô Vinh, Tỉnh Khánh Hòa",,2.0,1,0,-0.30000000000001137,-0.15000000000000568,340.5,1.5801898619245829,5.0,1,Moving,0,0,0,0,0,VALID,VALID
92H-02687,2026-08-13 02:38:00,339.2,73,0.008333333333333333,,,"Cao tốc Cam Lâm-Vĩnh Hảo, Xã Phước Hậu, Tỉnh Khánh Hòa",,2.0,1,0,-0.19999999999998863,-0.09999999999999432,339.7,1.3464768842166164,5.0,1,Moving,0,0,0,0,0,VALID,VALID
92H-02687,2026-08-13 02:40:00,338.9,72,-0.008333333333333333,,,"Cao tốc Cam Lâm-Vĩnh Hảo, Xã Phước Hậu, Tỉnh Khánh Hòa",,2.0,1,0,-0.30000000000001137,-0.15000000000000568,339.4,0.6107372591631979,5.0,1,Moving,0,0,0,0,0,VALID,VALID
92H-02687,2026-08-13 02:42:00,338.2,70,-0.016666666666666666,,,"Cao tốc Cam Lâm-Vĩnh Hảo, Xã Phước Hữu, Tỉnh Khánh Hòa",,2.0,1,0,-0.6999999999999886,-0.3499999999999943,339.2,0.5718391379841443,5.0,1,Moving,0,0,0,0,0,VALID,VALID
92H-02687,2026-08-13 02:44:00,337.9,68,-0.016666666666666666,,,"Cao tốc Cam Lâm-Vĩnh Hảo, Xã Phước Hữu, Tỉnh Khánh Hòa",,2.0,1,0,-0.30000000000001137,-0.15000000000000568,338.9,0.6457553714299838,5.0,1,Moving,0,0,0,0,0,VALID,VALID
92H-02687,2026-08-13 02:46:00,335.4,71,0.025,,,"Cao tốc Cam Lâm-Vĩnh Hảo, Xã Phước Hữu, Tỉnh Khánh Hòa",,2.0,1,0,-2.5,-1.25,338.2,1.5023315212466253,5.0,1,Moving,0,0,0,0,0,VALID,VALID
92H-02687,2026-08-13 02:48:00,333.9,67,-0.03333333333333333,,,"Cao tốc Cam Lâm-Vĩnh Hảo, Xã Phước Hữu, Tỉnh Khánh Hòa",,2.0,1,0,-1.5,-0.75,337.9,2.117309613573766,5.0,1,Moving,0,0,0,0,0,VALID,VALID
92H-02687,2026-08-13 02:50:00,333.8,68,0.008333333333333333,,,"Cao tốc Cam Lâm-Vĩnh Hảo, Xã Phước Hà, Tỉnh Khánh Hòa",,2.0,1,0,-0.0999999999999659,-0.04999999999998295,335.4,2.1173096135739184,5.0,1,Moving,0,0,0,0,0,VALID,VALID
92H-02687,2026-08-13 02:52:00,332.8,72,0.03333333333333333,,,"Cao tốc Cam Lâm-Vĩnh Hảo, Xã Phước Hà, Tỉnh Khánh Hòa",,2.0,1,0,-1.0,-0.5,333.9,1.9856988693488413,5.0,1,Moving,0,0,0,0,0,VALID,VALID
92H-02687,2026-08-13 02:54:00,330.9,0,-0.6,,,"Xã Phước Hà, Tỉnh Khánh Hòa",,2.0,1,0,-1.900000000000034,-0.950000000000017,333.8,1.6592166825747465,5.0,1,Stopped,0,0,0,0,0,VALID,VALID
92H-02687,2026-08-13 02:56:00,331.6,0,0.0,,,"Xã Phước Hà, Tỉnh Khánh Hòa",,2.0,1,0,0.7000000000000455,0.35000000000002274,332.8,1.3285330254588792,5.0,1,Stopped,0,0,0,0,0,VALID,VALID
92H-02687,2026-08-13 02:58:00,331.9,0,0.0,,,"Xã Phước Hà, Tỉnh Khánh Hòa",,2.0,1,0,0.2999999999999545,0.14999999999997726,331.9,1.1247221878025007,5.0,1,Stopped,0,0,0,0,0,VALID,VALID
92H-02687,2026-08-13 03:00:00,332.0,0,0.0,,,"Xã Phước Hà, Tỉnh Khánh Hòa",,2.0,1,0,0.10000000000002274,0.05000000000001137,331.9,0.6877499543696702,5.0,1,Stopped,0,0,0,0,0,VALID,VALID
92H-02687,2026-08-13 03:02:00,332.0,0,0.0,,,"Xã Phước Hà, Tỉnh Khánh Hòa",,2.0,1,0,0.0,0.0,331.9,0.4658325876702712,5.0,1,Stopped,0,0,0,0,0,VALID,VALID
92H-02687,2026-08-13 03:04:00,332.2,0,0.0,,,"Xã Phước Hà, Tỉnh Khánh Hòa",,2.0,1,0,0.19999999999998863,0.09999999999999432,332.0,0.2190890223982479,5.0,1,Stopped,0,0,0,0,0,VALID,VALID
92H-02687,2026-08-13 03:06:00,332.3,0,0.0,,,"Cao tốc Cam Lâm-Vĩnh Hảo, Xã Phước Hà, Tỉnh Khánh Hòa",,2.0,1,0,0.10000000000002274,0.05000000000001137,332.0,0.16431676644624754,5.0,1,Stopped,0,0,0,0,0,VALID,VALID
92H-02687,2026-08-13 03:08:00,332.3,0,0.0,,,"Cao tốc Cam Lâm-Vĩnh Hảo, Xã Phước Hà, Tỉnh Khánh Hòa",,2.0,1,0,0.0,0.0,332.2,0.15165750800835276,5.0,1,Stopped,0,0,0,0,0,VALID,VALID
92H-02687,2026-08-13 03:10:00,332.3,0,0.0,,,"Cao tốc Cam Lâm-Vĩnh Hảo, Xã Phước Hà, Tỉnh Khánh Hòa",,2.0,1,0,0.0,0.0,332.3,0.13038404708884185,5.0,1,Stopped,0,0,0,0,0,VALID,VALID
92H-02687,2026-08-13 03:12:00,332.5,0,0.0,,,"Cao tốc Cam Lâm-Vĩnh Hảo, Xã Phước Hà, Tỉnh Khánh Hòa",,2.0,1,0,0.19999999999998863,0.09999999999999432,332.3,0.10954451029239387,5.0,1,Stopped,0,0,0,0,0,VALID,VALID
92H-02687,2026-08-13 03:14:00,332.5,0,0.0,,,"Cao tốc Cam Lâm-Vĩnh Hảo, Xã Phước Hà, Tỉnh Khánh Hòa",,2.0,1,0,0.0,0.0,332.3,0.10954451029219539,5.0,1,Stopped,0,0,0,0,0,VALID,VALID
92H-02687,2026-08-13 03:16:00,332.3,0,0.0,,,"Cao tốc Cam Lâm-Vĩnh Hảo, Xã Phước Hà, Tỉnh Khánh Hòa",,2.0,1,0,-0.19999999999998863,-0.09999999999999432,332.3,0.10954451029219539,5.0,1,Stopped,0,0,0,0,0,VALID,VALID
92H-02687,2026-08-13 03:18:00,330.4,31,0.25833333333333336,,,"Cao tốc Cam Lâm-Vĩnh Hảo, Xã Phước Hà, Tỉnh Khánh Hòa",,2.0,1,0,-1.900000000000034,-0.950000000000017,332.3,0.8999999998530032,5.0,1,Moving,0,0,0,0,0,VALID,VALID
92H-02687,2026-08-13 03:20:00,331.6,63,0.26666666666666666,,,"Cao tốc Cam Lâm-Vĩnh Hảo, Xã Phước Hà, Tỉnh Khánh Hòa",,2.0,1,0,1.2000000000000455,0.6000000000000227,332.3,0.8961026725412008,5.0,1,Moving,0,0,0,0,0,VALID,VALID
92H-02687,2026-08-13 03:22:00,330.4,67,0.03333333333333333,,,"Cao tốc Cam Lâm-Vĩnh Hảo, Xã Phước Hà, Tỉnh Khánh Hòa",,2.0,1,0,-1.2000000000000455,-0.6000000000000227,331.6,1.006479011075607,5.0,1,Moving,0,0,0,0,0,VALID,VALID
92H-02687,2026-08-13 03:24:00,329.5,34,-0.275,,,"Cao tốc Cam Lâm-Vĩnh Hảo, Xã Phước Hà, Tỉnh Khánh Hòa",,2.0,1,0,-0.8999999999999773,-0.44999999999998863,330.4,1.1058933039566214,5.0,1,Moving,0,0,0,0,0,VALID,VALID
92H-02687,2026-08-13 03:26:00,328.8,64,0.25,,,"Cao tốc Cam Lâm-Vĩnh Hảo, Xã Phước Hà, Tỉnh Khánh Hòa",,2.0,1,0,-0.6999999999999886,-0.3499999999999943,330.4,1.0573551909063108,5.0,1,Moving,0,0,0,0,0,VALID,VALID
92H-02687,2026-08-13 03:28:00,327.0,0,-0.5333333333333333,,,"Cao tốc Cam Lâm-Vĩnh Hảo, Xã Phước Hà, Tỉnh Khánh Hòa",,2.0,1,0,-1.8000000000000114,-0.9000000000000057,329.5,1.7285832348304704,5.0,1,Stopped,0,0,0,0,0,VALID,VALID
92H-02687,2026-08-13 03:30:00,324.4,64,0.5333333333333333,,,"Cao tốc Cam Lâm-Vĩnh Hảo, Xã Phước Hà, Tỉnh Khánh Hòa",,2.0,1,0,-2.6000000000000227,-1.3000000000000114,328.8,2.377393530683936,5.0,1,Moving,0,0,0,0,0,VALID,VALID
92H-02687,2026-08-13 03:32:00,321.3,75,0.09166666666666666,,,"Cao tốc Cam Lâm-Vĩnh Hảo, Xã Tuy Phong, Tỉnh Lâm Đồng",,2.0,1,0,-3.099999999999966,-1.549999999999983,327.0,3.3741665637219,5.0,1,Moving,0,0,0,0,0,VALID,VALID
92H-02687,2026-08-13 03:34:00,321.4,74,-0.008333333333333333,,,"Cao tốc Cam Lâm-Vĩnh Hảo, Xã Vĩnh Hảo, Tỉnh Lâm Đồng",,2.0,1,0,0.0999999999999659,0.04999999999998295,324.4,3.337963450929292,5.0,1,Moving,0,0,0,0,0,VALID,VALID
92H-02687,2026-08-13 03:36:00,321.7,74,0.0,,,"Cao tốc Cam Lâm-Vĩnh Hảo, Xã Vĩnh Hảo, Tỉnh Lâm Đồng",,2.0,1,0,0.30000000000001137,0.15000000000000568,321.7,2.498599607728399,5.0,1,Moving,0,0,0,0,0,VALID,VALID
92H-02687,2026-08-13 03:38:00,321.7,66,-0.06666666666666667,,,"Cao tốc Cam Lâm-Vĩnh Hảo, Xã Vĩnh Hảo, Tỉnh Lâm Đồng",,2.0,1,0,0.0,0.0,321.7,1.298075498474977,5.0,1,Moving,0,0,0,0,0,VALID,VALID
92H-02687,2026-08-13 03:40:00,321.7,68,0.016666666666666666,,,"Cao tốc Vĩnh Hảo-Phan Thiết, Xã Vĩnh Hảo, Tỉnh Lâm Đồng",,2.0,1,0,0.0,0.0,321.7,0.19493588623277822,5.0,1,Moving,0,0,0,0,0,VALID,VALID
92H-02687,2026-08-13 03:42:00,322.8,68,0.0,,,"Cao tốc Vĩnh Hảo-Phan Thiết, Xã Liên Hương, Tỉnh Lâm Đồng",,2.0,1,0,1.1000000000000227,0.5500000000000114,321.7,0.5412947438699102,5.0,1,Moving,0,0,0,0,0,VALID,VALID
92H-02687,2026-08-13 03:44:00,320.7,52,-0.13333333333333333,,,"Cao tốc Vĩnh Hảo-Phan Thiết, Xã Liên Hương, Tỉnh Lâm Đồng",,2.0,1,0,-2.1000000000000227,-1.0500000000000114,321.7,0.7429670246661569,5.0,1,Moving,0,0,0,0,0,VALID,VALID
92H-02687,2026-08-13 03:46:00,319.7,70,0.15,,,"Cao tốc Vĩnh Hảo-Phan Thiết, Xã Tuy Phong, Tỉnh Lâm Đồng",,2.0,1,0,-1.0,-0.5,321.7,1.1713240370373712,5.0,1,Moving,0,0,0,0,0,VALID,VALID
92H-02687,2026-08-13 03:48:00,319.4,76,0.05,,,"Cao tốc Vĩnh Hảo-Phan Thiết, Xã Tuy Phong, Tỉnh Lâm Đồng",,2.0,1,0,-0.30000000000001137,-0.15000000000000568,320.7,1.4117365192350062,5.0,1,Moving,0,0,0,0,0,VALID,VALID
92H-02687,2026-08-13 03:50:00,318.2,76,0.0,,,"Cao tốc Vĩnh Hảo-Phan Thiết, Xã Tuy Phong, Tỉnh Lâm Đồng",,2.0,1,0,-1.1999999999999886,-0.5999999999999943,319.7,1.724238962482308,5.0,1,Moving,0,0,0,0,0,VALID,VALID
92H-02687,2026-08-13 03:52:00,317.0,70,-0.05,,,"Cao tốc Vĩnh Hảo-Phan Thiết, Xã Tuy Phong, Tỉnh Lâm Đồng",,2.0,1,0,-1.1999999999999886,-0.5999999999999943,319.4,1.4300349645174526,5.0,1,Moving,0,0,0,0,0,VALID,VALID
92H-02687,2026-08-13 03:54:00,316.2,76,0.05,,,"Cao tốc Vĩnh Hảo-Phan Thiết, Xã Bắc Bình, Tỉnh Lâm Đồng",,2.0,1,0,-0.8000000000000114,-0.4000000000000057,318.2,1.5066519172465616,5.0,1,Moving,0,0,0,0,0,VALID,VALID
92H-02687,2026-08-13 03:56:00,315.9,72,-0.03333333333333333,,,"Cao tốc Vĩnh Hảo-Phan Thiết, Xã Bắc Bình, Tỉnh Lâm Đồng",,2.0,1,0,-0.30000000000001137,-0.15000000000000568,317.0,1.4553350128898235,5.0,1,Moving,0,0,0,0,0,VALID,VALID
92H-02687,2026-08-13 03:58:00,315.9,78,0.05,,,"Cao tốc Vĩnh Hảo-Phan Thiết, Xã Bắc Bình, Tỉnh Lâm Đồng",,2.0,1,0,0.0,0.0,316.2,0.9813256338969684,5.0,1,Moving,0,0,0,0,0,VALID,VALID
92H-02687,2026-08-13 04:00:00,315.6,69,-0.075,,,"Cao tốc Vĩnh Hảo-Phan Thiết, Xã Bắc Bình, Tỉnh Lâm Đồng",,2.0,1,0,-0.2999999999999545,-0.14999999999997726,315.9,0.535723809199682,5.0,1,Moving,0,0,0,0,0,VALID,VALID
92H-02687,2026-08-13 04:02:00,314.4,69,0.0,,,"Cao tốc Vĩnh Hảo-Phan Thiết, Xã Hải Ninh, Tỉnh Lâm Đồng",,2.0,1,0,-1.2000000000000455,-0.6000000000000227,315.9,0.7035623637912941,5.0,1,Moving,0,0,0,0,0,VALID,VALID
92H-02687,2026-08-13 04:04:00,314.1,72,0.025,,,"Cao tốc Vĩnh Hảo-Phan Thiết, Xã Hải Ninh, Tỉnh Lâm Đồng",,2.0,1,0,-0.2999999999999545,-0.14999999999997726,315.6,0.8642916173050137,5.0,1,Moving,0,0,0,0,0,VALID,VALID
92H-02687,2026-08-13 04:06:00,312.5,74,0.016666666666666666,,,"Cao tốc Vĩnh Hảo-Phan Thiết, Xã Hải Ninh, Tỉnh Lâm Đồng",,2.0,1,0,-1.6000000000000227,-0.8000000000000114,314.4,1.354621718319893,5.0,1,Moving,0,0,0,0,0,VALID,VALID
92H-02687,2026-08-13 04:08:00,312.2,54,-0.16666666666666666,,,"Cao tốc Vĩnh Hảo-Phan Thiết, Xã Hải Ninh, Tỉnh Lâm Đồng",,2.0,1,0,-0.30000000000001137,-0.15000000000000568,314.1,1.4081903279543493,5.0,1,Moving,0,0,0,0,0,VALID,VALID
92H-02687,2026-08-13 04:10:00,310.6,75,0.175,,,"Cao tốc Vĩnh Hảo-Phan Thiết, Xã Hồng Thái, Tỉnh Lâm Đồng",,2.0,1,0,-1.599999999999966,-0.799999999999983,312.5,1.543696861350823,5.0,1,Moving,0,0,0,0,0,VALID,VALID
92H-02687,2026-08-13 04:12:00,309.3,70,-0.041666666666666664,,,"Cao tốc Vĩnh Hảo-Phan Thiết, Xã Lương Sơn, Tỉnh Lâm Đồng",,2.0,1,0,-1.3000000000000114,-0.6500000000000057,312.2,1.844722201239166,5.0,1,Moving,0,0,0,0,0,VALID,VALID
92H-02687,2026-08-13 04:14:00,309.3,61,-0.075,,,"Cao tốc Vĩnh Hảo-Phan Thiết, Xã Lương Sơn, Tỉnh Lâm Đồng",,2.0,1,0,0.0,0.0,310.6,1.5319921669985566,5.0,1,Moving,0,0,0,0,0,VALID,VALID
92H-02687,2026-08-13 04:16:00,309.0,69,0.06666666666666667,,,"Cao tốc Vĩnh Hảo-Phan Thiết, Xã Lương Sơn, Tỉnh Lâm Đồng",,2.0,1,0,-0.30000000000001137,-0.15000000000000568,309.3,1.336787193140777,5.0,1,Moving,0,0,0,0,0,VALID,VALID
92H-02687,2026-08-13 04:18:00,305.9,74,0.041666666666666664,,,"Cao tốc Vĩnh Hảo-Phan Thiết, Xã Lương Sơn, Tỉnh Lâm Đồng",,2.0,1,0,-3.1000000000000227,-1.5500000000000114,309.3,1.7455658107747554,5.0,1,Moving,0,0,0,0,0,VALID,VALID
92H-02687,2026-08-13 04:20:00,305.7,74,0.0,,,"Cao tốc Vĩnh Hảo-Phan Thiết, Xã Lương Sơn, Tỉnh Lâm Đồng",,2.0,1,0,-0.19999999999998863,-0.09999999999999432,309.0,1.8676188047206448,5.0,1,Moving,0,0,0,0,0,VALID,VALID
92H-02687,2026-08-13 04:22:00,305.6,77,0.025,,,"Cao tốc Vĩnh Hảo-Phan Thiết, Xã Sông Lũy, Tỉnh Lâm Đồng",,2.0,1,0,-0.0999999999999659,-0.04999999999998295,305.9,1.877498335484351,5.0,1,Moving,0,0,0,0,0,VALID,VALID
92H-02687,2026-08-13 04:24:00,304.4,73,-0.03333333333333333,,,"Cao tốc Vĩnh Hảo-Phan Thiết, Xã Sông Lũy, Tỉnh Lâm Đồng",,2.0,1,0,-1.2000000000000455,-0.6000000000000227,305.7,1.7137677788273935,5.0,1,Moving,0,0,0,0,0,VALID,VALID
92H-02687,2026-08-13 04:26:00,303.4,73,0.0,,,"Cao tốc Vĩnh Hảo-Phan Thiết, Xã Sông Lũy, Tỉnh Lâm Đồng",,2.0,1,0,-1.0,-0.5,305.6,1.0700467278336356,5.0,1,Moving,0,0,0,0,0,VALID,VALID
92H-02687,2026-08-13 04:28:00,303.1,74,0.008333333333333333,,,"Cao tốc Vĩnh Hảo-Phan Thiết, Xã Sông Lũy, Tỉnh Lâm Đồng",,2.0,1,0,-0.2999999999999545,-0.14999999999997726,304.4,1.2054044963196786,5.0,1,Moving,0,0,0,0,0,VALID,VALID
92H-02687,2026-08-13 04:30:00,301.2,76,0.016666666666666666,,,"Cao tốc Vĩnh Hảo-Phan Thiết, Xã Hồng Sơn, Tỉnh Lâm Đồng",,2.0,1,0,-1.900000000000034,-0.950000000000017,303.4,1.633401359050534,5.0,1,Moving,0,0,0,0,0,VALID,VALID
92H-02687,2026-08-13 04:32:00,300.9,77,0.008333333333333333,,,"Cao tốc Vĩnh Hảo-Phan Thiết, Xã Hồng Sơn, Tỉnh Lâm Đồng",,2.0,1,0,-0.30000000000001137,-0.15000000000000568,303.1,1.498332406293248,5.0,1,Moving,0,0,0,0,0,VALID,VALID
92H-02687,2026-08-13 04:34:00,300.6,78,0.008333333333333333,,,"Cao tốc Vĩnh Hảo-Phan Thiết, Xã Hàm Thuận Bắc, Tỉnh Lâm Đồng",,2.0,1,0,-0.2999999999999545,-0.14999999999997726,301.2,1.3088162589717514,5.0,1,Moving,0,0,0,0,0,VALID,VALID
92H-02687,2026-08-13 04:36:00,299.0,75,-0.025,,,"Cao tốc Vĩnh Hảo-Phan Thiết, Xã Hàm Thuận Bắc, Tỉnh Lâm Đồng",,2.0,1,0,-1.6000000000000227,-0.8000000000000114,300.9,1.4673104646764887,5.0,1,Moving,0,0,0,0,0,VALID,VALID
92H-02687,2026-08-13 04:38:00,297.5,68,-0.058333333333333334,,,"Cao tốc Vĩnh Hảo-Phan Thiết, Xã Hàm Thuận Bắc, Tỉnh Lâm Đồng",,2.0,1,0,-1.5,-0.75,300.6,1.5598076803726528,5.0,1,Moving,0,0,0,0,0,VALID,VALID
92H-02687,2026-08-13 04:40:00,297.5,76,0.06666666666666667,,,"Cao tốc Vĩnh Hảo-Phan Thiết, Xã Hàm Thuận Bắc, Tỉnh Lâm Đồng",,2.0,1,0,0.0,0.0,299.0,1.6294170736032505,5.0,1,Moving,0,0,0,0,0,VALID,VALID
92H-02687,2026-08-13 04:42:00,297.2,75,-0.008333333333333333,,,"Cao tốc Vĩnh Hảo-Phan Thiết, Xã Hàm Thuận, Tỉnh Lâm Đồng",,2.0,1,0,-0.30000000000001137,-0.15000000000000568,297.5,1.4363147286545892,5.0,1,Moving,0,0,0,0,0,VALID,VALID
92H-02687,2026-08-13 04:44:00,296.8,66,-0.075,,,"Cao tốc Vĩnh Hảo-Phan Thiết, Xã Hàm Thuận, Tỉnh Lâm Đồng",,2.0,1,0,-0.39999999999997726,-0.19999999999998863,297.5,0.833666599876972,5.0,1,Moving,0,0,0,0,0,VALID,VALID
92H-02687,2026-08-13 04:46:00,296.6,76,0.08333333333333333,,,"Cao tốc Vĩnh Hảo-Phan Thiết, Xã Hàm Liêm, Tỉnh Lâm Đồng",,2.0,1,0,-0.19999999999998863,-0.09999999999999432,297.2,0.40865633452896183,5.0,1,Moving,0,0,0,0,0,VALID,VALID
92H-02687,2026-08-13 04:48:00,295.0,76,0.0,,,"Cao tốc Vĩnh Hảo-Phan Thiết, Xã Hàm Liêm, Tỉnh Lâm Đồng",,2.0,1,0,-1.6000000000000227,-0.8000000000000114,296.8,0.9705668445557258,5.0,1,Moving,0,0,0,0,0,VALID,VALID
92H-02687,2026-08-13 04:50:00,293.8,78,0.016666666666666666,,,"Cao tốc Vĩnh Hảo-Phan Thiết, Xã Hàm Liêm, Tỉnh Lâm Đồng",,2.0,1,0,-1.1999999999999886,-0.5999999999999943,296.6,1.4324803662707397,5.0,1,Moving,0,0,0,0,0,VALID,VALID
92H-02687,2026-08-13 04:52:00,292.8,73,-0.041666666666666664,,,"Cao tốc Vĩnh Hảo-Phan Thiết, Xã Hàm Liêm, Tỉnh Lâm Đồng",,2.0,1,0,-1.0,-0.5,295.0,1.7378147196267768,5.0,1,Moving,0,0,0,0,0,VALID,VALID
92H-02687,2026-08-13 04:54:00,291.6,72,-0.008333333333333333,,,"Cao tốc Vĩnh Hảo-Phan Thiết, Phường Bình Thuận, Tỉnh Lâm Đồng",,2.0,1,0,-1.1999999999999886,-0.5999999999999943,293.8,1.9359752063887201,5.0,1,Moving,0,0,0,0,0,VALID,VALID
92H-02687,2026-08-13 04:56:00,291.3,72,0.0,,,"Cao tốc Vĩnh Hảo-Phan Thiết, Xã Hàm Thạnh, Tỉnh Lâm Đồng",,2.0,1,0,-0.30000000000001137,-0.15000000000000568,292.8,1.5394804317535815,5.0,1,Moving,0,0,0,0,0,VALID,VALID
92H-02687,2026-08-13 04:58:00,291.0,71,-0.008333333333333333,,,"Cao tốc Vĩnh Hảo-Phan Thiết, Xã Hàm Kiệm, Tỉnh Lâm Đồng",,2.0,1,0,-0.30000000000001137,-0.15000000000000568,291.6,1.1704699909662246,5.0,1,Moving,0,0,0,0,0,VALID,VALID
92H-02687,2026-08-13 05:00:00,290.9,64,-0.058333333333333334,,,"Cao tốc Vĩnh Hảo-Phan Thiết, Xã Hàm Kiệm, Tỉnh Lâm Đồng",,2.0,1,0,-0.10000000000002274,-0.05000000000001137,291.3,0.7661592522137148,5.0,1,Moving,0,0,0,0,0,VALID,VALID
92H-02687,2026-08-13 05:02:00,289.7,77,0.10833333333333334,,,"Cao tốc Phan Thiết - Dầu Giây, Xã Hàm Kiệm, Tỉnh Lâm Đồng",,2.0,1,0,-1.1999999999999886,-0.5999999999999943,291.0,0.724568837138952,5.0,1,Moving,0,0,0,0,0,VALID,VALID
92H-02687,2026-08-13 05:04:00,287.8,84,0.058333333333333334,,,"Cao tốc Phan Thiết - Dầu Giây, Xã Hàm Kiệm, Tỉnh Lâm Đồng",,2.0,1,0,-1.8999999999999773,-0.9499999999999886,290.9,1.443260198215541,5.0,1,Moving,0,0,0,0,0,VALID,VALID
92H-02687,2026-08-13 05:06:00,286.9,79,-0.041666666666666664,,,"Cao tốc Phan Thiết - Dầu Giây, Xã Hàm Kiệm, Tỉnh Lâm Đồng",,2.0,1,0,-0.9000000000000341,-0.45000000000001705,289.7,1.844722201241567,5.0,1,Moving,0,0,0,0,0,VALID,VALID
92H-02687,2026-08-13 05:08:00,286.6,80,0.008333333333333333,,,"Cao tốc Phan Thiết - Dầu Giây, Xã Hàm Thuận Nam, Tỉnh Lâm Đồng",,2.0,1,0,-0.2999999999999545,-0.14999999999997726,287.8,1.856609813545614,5.0,1,Moving,0,0,0,0,0,VALID,VALID
92H-02687,2026-08-13 05:10:00,284.1,77,-0.025,,,"Cao tốc Phan Thiết - Dầu Giây, Xã Tân Lập, Tỉnh Lâm Đồng",,2.0,1,0,-2.5,-1.25,286.9,2.031501907396226,5.0,1,Moving,0,0,0,0,0,VALID,VALID
92H-02687,2026-08-13 05:12:00,283.1,78,0.008333333333333333,,,"Cao tốc Phan Thiết - Dầu Giây, Xã Tân Lập, Tỉnh Lâm Đồng",,2.0,1,0,-1.0,-0.5,286.6,1.9987496090694226,5.0,1,Moving,0,0,0,0,0,VALID,VALID
92H-02687,2026-08-13 05:14:00,281.6,78,0.0,,,"Cao tốc Phan Thiết - Dầu Giây, Xã Tân Lập, Tỉnh Lâm Đồng",,2.0,1,0,-1.5,-0.75,284.1,2.27442300369915,5.0,1,Moving,0,0,0,0,0,VALID,VALID
92H-02687,2026-08-13 05:16:00,281.5,84,0.05,,,"Cao tốc Phan Thiết - Dầu Giây, Xã Tân Lập, Tỉnh Lâm Đồng",,2.0,1,0,-0.10000000000002274,-0.05000000000001137,283.1,2.1016660057574925,5.0,1,Moving,0,0,0,0,0,VALID,VALID
92H-02687,2026-08-13 05:18:00,280.3,76,-0.06666666666666667,,,"Cao tốc Phan Thiết - Dầu Giây, Xã Tân Lập, Tỉnh Lâm Đồng",,2.0,1,0,-1.1999999999999886,-0.5999999999999943,281.6,1.4872793953247185,5.0,1,Moving,0,0,0,0,0,VALID,VALID
92H-02687,2026-08-13 05:20:00,280.3,71,-0.041666666666666664,,,"Cao tốc Phan Thiết - Dầu Giây, Xã Tân Lập, Tỉnh Lâm Đồng",,2.0,1,0,0.0,0.0,281.5,1.156719499169079,5.0,1,Moving,0,0,0,0,0,VALID,VALID
92H-02687,2026-08-13 05:22:00,280.0,60,-0.09166666666666666,,,"Cao tốc Phan Thiết - Dầu Giây, Xã Tân Lập, Tỉnh Lâm Đồng",,2.0,1,0,-0.30000000000001137,-0.15000000000000568,280.3,0.7503332591311616,5.0,1,Moving,0,0,0,0,0,VALID,VALID
92H-02687,2026-08-13 05:24:00,278.6,56,-0.03333333333333333,,,"Xã Tân Lập, Tỉnh Lâm Đồng",,2.0,1,0,-1.3999999999999773,-0.6999999999999886,280.3,1.03585713288987,5.0,1,Moving,0,0,0,0,0,VALID,VALID
92H-02687,2026-08-13 05:26:00,278.4,49,-0.058333333333333334,,,"Xã Hàm Tân, Tỉnh Lâm Đồng",,2.0,1,0,-0.20000000000004547,-0.10000000000002274,280.0,0.9418067741099243,5.0,1,Moving,0,0,0,0,0,VALID,VALID
92H-02687,2026-08-13 05:28:00,276.5,37,-0.1,,,"Xã Hàm Tân, Tỉnh Lâm Đồng",,2.0,1,0,-1.8999999999999773,-0.9499999999999886,278.6,1.5142654984380857,5.0,1,Moving,0,0,0,0,0,VALID,VALID
92H-02687,2026-08-13 05:30:00,276.6,34,-0.025,,,"Quốc Lộ 1, Xã Hàm Tân, Tỉnh Lâm Đồng",,2.0,1,0,0.10000000000002274,0.05000000000001137,278.4,1.4771594361342697,5.0,1,Moving,0,0,0,0,0,VALID,VALID
92H-02687,2026-08-13 05:32:00,276.5,2,-0.26666666666666666,,,"Quốc Lộ 1, Xã Hàm Tân, Tỉnh Lâm Đồng",,2.0,1,0,-0.10000000000002274,-0.05000000000001137,276.6,1.0802777419539389,5.0,1,Moving,0,0,0,0,0,VALID,VALID
92H-02687,2026-08-13 05:34:00,279.4,0,-0.016666666666666666,,,"Xã Hàm Tân, Tỉnh Lâm Đồng",,2.0,1,0,2.8999999999999773,1.4499999999999886,276.6,1.3442470010236023,5.0,1,Stopped,0,0,0,0,0,VALID,VALID
92H-02687,2026-08-13 05:37:00,321.3,0,0.0,,,"Xã Hàm Tân, Tỉnh Lâm Đồng",,3.0,1,0,41.900000000000034,13.966666666666677,276.6,19.73887028175002,5.0,1,Stopped,0,0,1,0,1,LARGE_DELTA,VALID
92H-02687,2026-08-13 05:39:00,383.6,0,0.0,,,"Xã Hàm Tân, Tỉnh Lâm Đồng",,2.0,1,0,62.30000000000001,31.150000000000006,279.4,46.602220977113696,5.0,1,Stopped,0,0,1,0,1,LARGE_DELTA,VALID
92H-02687,2026-08-13 05:41:00,485.3,0,0.0,,,"Xã Hàm Tân, Tỉnh Lâm Đồng",,2.0,1,0,101.69999999999999,50.849999999999994,321.3,87.52472222177971,5.0,1,Stopped,0,0,1,0,1,LARGE_DELTA,VALID
92H-02687,2026-08-13 05:43:00,523.9,0,0.0,,,"Xã Hàm Tân, Tỉnh Lâm Đồng",,2.0,1,0,38.599999999999966,19.299999999999983,383.6,104.43402223413429,5.0,1,Stopped,0,0,1,0,1,LARGE_DELTA,VALID
92H-02687,2026-08-13 05:46:00,536.4,0,0.0,,,"Xã Hàm Tân, Tỉnh Lâm Đồng",,3.0,1,0,12.5,4.166666666666667,485.3,93.73481210307943,5.0,1,Stopped,0,0,1,0,1,LARGE_DELTA,VALID
92H-02687,2026-08-13 05:48:00,558.6,0,0.0,,,"Xã Hàm Tân, Tỉnh Lâm Đồng",,2.0,1,0,22.200000000000045,11.100000000000023,523.9,69.03877895791295,5.0,1,Stopped,0,0,1,0,1,LARGE_DELTA,VALID
92H-02687,2026-08-13 05:50:00,567.4,0,0.0,,,"Xã Hàm Tân, Tỉnh Lâm Đồng",,2.0,1,0,8.799999999999955,4.399999999999977,536.4,32.40242274891691,5.0,1,Stopped,0,0,1,0,1,LARGE_DELTA,VALID
92H-02687,2026-08-13 05:52:00,569.1,0,0.0,,,"Xã Hàm Tân, Tỉnh Lâm Đồng",,2.0,1,0,1.7000000000000455,0.8500000000000227,558.6,20.011671594334945,5.0,1,Stopped,0,0,0,0,0,VALID,VALID
92H-02687,2026-08-13 05:54:00,569.3,0,0.0,,,"Xã Hàm Tân, Tỉnh Lâm Đồng",,2.0,1,0,0.1999999999999318,0.0999999999999659,567.4,13.989746245000418,5.0,1,Stopped,0,0,0,0,0,VALID,VALID
92H-02687,2026-08-13 05:56:00,569.6,0,0.0,,,"Xã Hàm Tân, Tỉnh Lâm Đồng",,2.0,1,0,0.3000000000000682,0.1500000000000341,569.1,4.663153439411796,5.0,1,Stopped,0,0,0,0,0,VALID,VALID
92H-02687,2026-08-13 05:59:00,569.7,0,0.0,,,"Xã Hàm Tân, Tỉnh Lâm Đồng",,3.0,1,0,0.10000000000002274,0.03333333333334091,569.3,0.9364827812066564,5.0,1,Stopped,0,0,0,0,0,VALID,VALID
92H-02687,2026-08-13 06:01:00,569.7,0,0.0,,,"Xã Hàm Tân, Tỉnh Lâm Đồng",,2.0,1,0,0.0,0.0,569.6,0.2683281563611297,5.0,1,Stopped,0,0,0,0,0,VALID,VALID
92H-02687,2026-08-13 06:03:00,569.9,0,0.0,,,"Xã Hàm Tân, Tỉnh Lâm Đồng",,2.0,1,0,0.1999999999999318,0.0999999999999659,569.7,0.21908902185186246,5.0,1,Stopped,0,0,0,0,0,VALID,VALID
92H-02687,2026-08-13 06:05:00,570.0,0,0.0,,,"Xã Hàm Tân, Tỉnh Lâm Đồng",,2.0,1,0,0.10000000000002274,0.05000000000001137,569.7,0.16431676571743417,5.0,1,Stopped,0,0,0,0,0,VALID,VALID
92H-02687,2026-08-13 06:07:00,570.0,0,0.0,,,"Xã Hàm Tân, Tỉnh Lâm Đồng",,2.0,1,0,0.0,0.0,569.9,0.15165750721860383,5.0,1,Stopped,0,0,0,0,0,VALID,VALID
92H-02687,2026-08-13 06:10:00,570.0,0,0.0,,,"Xã Hàm Tân, Tỉnh Lâm Đồng",,3.0,1,0,0.0,0.0,570.0,0.1303840461702037,5.0,1,Stopped,0,0,0,0,0,VALID,VALID
92H-02687,2026-08-13 06:12:00,570.0,0,0.0,,,"Quốc Lộ 1, Xã Hàm Tân, Tỉnh Lâm Đồng",,2.0,1,0,0.0,0.0,570.0,0.0447213539114754,5.0,1,Stopped,0,0,0,0,0,VALID,VALID
92H-02687,2026-08-13 06:14:00,570.0,0,0.0,,,"Quốc Lộ 1, Xã Hàm Tân, Tỉnh Lâm Đồng",,2.0,1,0,0.0,0.0,570.0,0.0,5.0,1,Stopped,0,0,0,0,0,VALID,VALID
92H-02687,2026-08-13 06:16:00,570.2,0,0.0,,,"Quốc Lộ 1, Xã Hàm Tân, Tỉnh Lâm Đồng",,2.0,1,0,0.20000000000004547,0.10000000000002274,570.0,0.089442716280572,5.0,1,Stopped,0,0,0,0,0,VALID,VALID
92H-02687,2026-08-13 06:18:00,570.2,0,0.0,,,"Quốc Lộ 1, Xã Hàm Tân, Tỉnh Lâm Đồng",,2.0,1,0,0.0,0.0,570.0,0.10954450919893022,5.0,1,Stopped,0,0,0,0,0,VALID,VALID
92H-02687,2026-08-13 06:20:00,570.2,0,0.0,,,"Quốc Lộ 1, Xã Hàm Tân, Tỉnh Lâm Đồng",,2.0,1,0,0.0,0.0,570.2,0.10954450919888352,5.0,1,Stopped,0,0,0,0,0,VALID,VALID
92H-02687,2026-08-13 06:23:00,570.2,0,0.0,,,"Quốc Lộ 1, Xã Hàm Tân, Tỉnh Lâm Đồng",,3.0,1,0,0.0,0.0,570.2,0.0894427162804004,5.0,1,Stopped,0,0,0,0,0,VALID,VALID
92H-02687,2026-08-13 06:25:00,570.2,0,0.0,,,"Quốc Lộ 1, Xã Hàm Tân, Tỉnh Lâm Đồng",,2.0,1,0,0.0,0.0,570.2,0.0,5.0,1,Stopped,0,0,0,0,0,VALID,VALID
92H-02687,2026-08-13 06:27:00,570.2,0,0.0,,,"Quốc Lộ 1, Xã Hàm Tân, Tỉnh Lâm Đồng",,2.0,1,0,0.0,0.0,570.2,0.0,5.0,1,Stopped,0,0,0,0,0,VALID,VALID
92H-02687,2026-08-13 06:29:00,570.2,0,0.0,,,"Quốc Lộ 1, Xã Hàm Tân, Tỉnh Lâm Đồng",,2.0,1,0,0.0,0.0,570.2,0.0,5.0,1,Stopped,0,0,0,0,0,VALID,VALID
92H-02687,2026-08-13 06:31:00,570.2,0,0.0,,,"Quốc Lộ 1, Xã Hàm Tân, Tỉnh Lâm Đồng",,2.0,1,0,0.0,0.0,570.2,0.0,5.0,1,Stopped,0,0,0,0,0,VALID,VALID
92H-02687,2026-08-13 06:34:00,570.2,0,0.0,,,"Quốc Lộ 1, Xã Hàm Tân, Tỉnh Lâm Đồng",,3.0,1,0,0.0,0.0,570.2,0.0,5.0,1,Stopped,0,0,0,0,0,VALID,VALID
92H-02687,2026-08-13 06:36:00,570.2,0,0.0,,,"Quốc Lộ 1, Xã Hàm Tân, Tỉnh Lâm Đồng",,2.0,1,0,0.0,0.0,570.2,0.0,5.0,1,Stopped,0,0,0,0,0,VALID,VALID
92H-02687,2026-08-13 06:38:00,570.2,0,0.0,,,"Quốc Lộ 1, Xã Hàm Tân, Tỉnh Lâm Đồng",,2.0,1,0,0.0,0.0,570.2,0.0,5.0,1,Stopped,0,0,0,0,0,VALID,VALID
92H-02687,2026-08-13 06:40:00,570.2,0,0.0,,,"Quốc Lộ 1, Xã Hàm Tân, Tỉnh Lâm Đồng",,2.0,1,0,0.0,0.0,570.2,0.0,5.0,1,Stopped,0,0,0,0,0,VALID,VALID
92H-02687,2026-08-13 06:42:00,570.2,0,0.0,,,"Quốc Lộ 1, Xã Hàm Tân, Tỉnh Lâm Đồng",,2.0,1,0,0.0,0.0,570.2,0.0,5.0,1,Stopped,0,0,0,0,0,VALID,VALID
92H-02687,2026-08-13 06:44:00,570.2,0,0.0,,,"Quốc Lộ 1, Xã Hàm Tân, Tỉnh Lâm Đồng",,2.0,1,0,0.0,0.0,570.2,0.0,5.0,1,Stopped,0,0,0,0,0,VALID,VALID
92H-02687,2026-08-13 06:47:00,570.2,0,0.0,,,"Quốc Lộ 1, Xã Hàm Tân, Tỉnh Lâm Đồng",,3.0,1,0,0.0,0.0,570.2,0.0,5.0,1,Stopped,0,0,0,0,0,VALID,VALID
92H-02687,2026-08-13 06:48:00,570.2,0,0.0,,,"Quốc Lộ 1, Xã Hàm Tân, Tỉnh Lâm Đồng",,1.0,1,0,0.0,0.0,570.2,0.0,5.0,1,Stopped,0,0,0,0,0,VALID,VALID
92H-02687,2026-08-13 06:50:00,570.2,0,0.0,,,"Quốc Lộ 1, Xã Hàm Tân, Tỉnh Lâm Đồng",,2.0,1,0,0.0,0.0,570.2,0.0,5.0,1,Stopped,0,0,0,0,0,VALID,VALID
92H-02687,2026-08-13 06:52:00,569.0,41,0.3416666666666667,,,"Quốc Lộ 1, Xã Hàm Tân, Tỉnh Lâm Đồng",,2.0,1,0,-1.2000000000000455,-0.6000000000000227,570.2,0.5366563141300326,5.0,1,Moving,0,0,0,0,0,VALID,VALID
92H-02687,2026-08-13 06:54:00,567.7,53,0.1,,,"Đèo Giăng Co, Xã Hàm Tân, Tỉnh Lâm Đồng",,2.0,1,0,-1.2999999999999545,-0.6499999999999773,570.2,1.112654483429447,5.0,1,Moving,0,0,0,0,0,VALID,VALID
92H-02687,2026-08-13 06:56:00,565.6,44,-0.075,,,"Quốc Lộ 1, Xã Tân Minh, Tỉnh Lâm Đồng",,2.0,1,0,-2.1000000000000227,-1.0500000000000114,569.0,1.9411336892382647,5.0,1,Moving,0,0,0,0,0,VALID,VALID
92H-02687,2026-08-13 06:58:00,564.4,44,0.0,,,"Quốc Lộ 1, Xã Tân Minh, Tỉnh Lâm Đồng",,2.0,1,0,-1.2000000000000455,-0.6000000000000227,567.7,2.3836946112067343,5.0,1,Moving,0,0,0,0,0,VALID,VALID
92H-02687,2026-08-13 07:00:00,563.4,2,-0.35,,,"Quốc Lộ 1, Xã Tân Minh, Tỉnh Lâm Đồng",,2.0,1,0,-1.0,-0.5,565.6,2.311276703360376,5.0,1,Moving,0,0,0,0,0,VALID,VALID
92H-02687,2026-08-13 07:03:00,564.7,0,-0.011111111111111112,,,"Quốc Lộ 1, Xã Tân Minh, Tỉnh Lâm Đồng",,3.0,1,0,1.3000000000000682,0.43333333333335605,564.7,1.622652149875806,5.0,1,Stopped,0,0,0,0,0,VALID,VALID
92H-02687,2026-08-13 07:05:00,565.0,0,0.0,,,"Quốc Lộ 1, Xã Tân Minh, Tỉnh Lâm Đồng",,2.0,1,0,0.2999999999999545,0.14999999999997726,564.7,0.8136338239629729,5.0,1,Stopped,0,0,0,0,0,VALID,VALID
92H-02687,2026-08-13 07:08:00,565.2,0,0.0,,,"Quốc Lộ 1, Xã Tân Minh, Tỉnh Lâm Đồng",,3.0,1,0,0.20000000000004547,0.06666666666668182,564.7,0.7056911502184534,5.0,1,Stopped,0,0,0,0,0,VALID,VALID
92H-02687,2026-08-13 07:10:00,565.3,0,0.0,,,"Quốc Lộ 1, Xã Tân Minh, Tỉnh Lâm Đồng",,2.0,1,0,0.09999999999990905,0.049999999999954525,565.0,0.7726577505575225,5.0,1,Stopped,0,0,0,0,0,VALID,VALID
92H-02687,2026-08-13 07:12:00,565.5,0,0.0,,,"Quốc Lộ 1, Xã Tân Minh, Tỉnh Lâm Đồng",,2.0,1,0,0.20000000000004547,0.10000000000002274,565.2,0.30495901281408727,5.0,1,Stopped,0,0,0,0,0,VALID,VALID
92H-02687,2026-08-13 07:14:00,565.6,0,0.0,,,"Quốc Lộ 1, Xã Tân Minh, Tỉnh Lâm Đồng",,2.0,1,0,0.10000000000002274,0.05000000000001137,565.3,0.23874672667184127,5.0,1,Stopped,0,0,0,0,0,VALID,VALID
92H-02687,2026-08-13 07:16:00,565.6,0,0.0,,,"Quốc Lộ 1, Xã Tân Minh, Tỉnh Lâm Đồng",,2.0,1,0,0.0,0.0,565.5,0.18165901986001765,5.0,1,Stopped,0,0,0,0,0,VALID,VALID
92H-02687,2026-08-13 07:18:00,565.8,0,0.0,,,"Quốc Lộ 1, Xã Tân Minh, Tỉnh Lâm Đồng",,2.0,1,0,0.1999999999999318,0.0999999999999659,565.6,0.18165901986001765,5.0,1,Stopped,0,0,0,0,0,VALID,VALID
92H-02687,2026-08-13 07:21:00,565.8,0,0.0,,,"Quốc Lộ 1, Xã Tân Minh, Tỉnh Lâm Đồng",,3.0,1,0,0.0,0.0,565.6,0.13416407677354575,5.0,1,Stopped,0,0,0,0,0,VALID,VALID
92H-02687,2026-08-13 07:22:00,565.8,0,0.0,,,"Quốc Lộ 1, Xã Tân Minh, Tỉnh Lâm Đồng",,1.0,1,0,0.0,0.0,565.8,0.10954450920289742,5.0,1,Stopped,0,0,0,0,0,VALID,VALID
92H-02687,2026-08-13 07:24:00,565.8,0,0.0,,,"Quốc Lộ 1, Xã Tân Minh, Tỉnh Lâm Đồng",,2.0,1,0,0.0,0.0,565.8,0.08944271628541652,5.0,1,Stopped,0,0,0,0,0,VALID,VALID
92H-02687,2026-08-13 07:26:00,567.2,40,0.3333333333333333,,,"Quốc Lộ 1, Xã Tân Minh, Tỉnh Lâm Đồng",,2.0,1,0,1.400000000000091,0.7000000000000455,565.8,0.6260990332979494,5.0,1,Moving,0,0,0,0,0,VALID,VALID
92H-02687,2026-08-13 07:28:00,564.4,53,0.10833333333333334,,,"Nguyễn Huệ, Xã Tân Minh, Tỉnh Lâm Đồng",,2.0,1,0,-2.800000000000068,-1.400000000000034,565.8,0.9899494934068789,5.0,1,Moving,0,0,0,0,0,VALID,VALID
92H-02687,2026-08-13 07:30:00,561.8,28,-0.20833333333333334,,,"Lê Duẩn, Xã Tân Minh, Tỉnh Lâm Đồng",,2.0,1,0,-2.6000000000000227,-1.3000000000000114,565.8,2.0445048299029223,5.0,1,Moving,0,0,0,0,0,VALID,VALID
92H-02687,2026-08-13 07:32:00,562.7,48,0.16666666666666666,,,"Lê Duẩn, Xã Tân Minh, Tỉnh Lâm Đồng",,2.0,1,0,0.900000000000091,0.4500000000000455,564.4,2.2049943309442237,5.0,1,Moving,0,0,0,0,0,VALID,VALID
92H-02687,2026-08-13 07:34:00,561.4,30,-0.15,,,"Quốc Lộ 55, Xã Tân Minh, Tỉnh Lâm Đồng",,2.0,1,0,-1.3000000000000682,-0.6500000000000341,562.7,2.368543856359004,5.0,1,Moving,0,0,0,0,0,VALID,VALID
92H-02687,2026-08-13 07:36:00,561.2,69,0.325,,,"Cao tốc Phan Thiết - Dầu Giây, Xã Tân Minh, Tỉnh Lâm Đồng",,2.0,1,0,-0.1999999999999318,-0.0999999999999659,561.8,1.307669682869284,5.0,1,Moving,0,0,0,0,0,VALID,VALID
92H-02687,2026-08-13 07:38:00,560.3,69,0.0,,,"Cao tốc Phan Thiết - Dầu Giây, Xã Tân Minh, Tỉnh Lâm Đồng",,2.0,1,0,-0.900000000000091,-0.4500000000000455,561.4,0.875785361544288,5.0,1,Moving,0,0,0,0,0,VALID,VALID
92H-02687,2026-08-13 07:40:00,559.3,87,0.15,,,"Cao tốc Phan Thiết - Dầu Giây, Xã Tân Minh, Tỉnh Lâm Đồng",,2.0,1,0,-1.0,-0.5,561.2,1.2716131485224516,5.0,1,Moving,0,0,0,0,0,VALID,VALID
92H-02687,2026-08-13 07:42:00,555.9,74,-0.10833333333333334,,,"Cao tốc Phan Thiết - Dầu Giây, Xã Tân Minh, Tỉnh Lâm Đồng",,2.0,1,0,-3.3999999999999773,-1.6999999999999886,560.3,2.239866067311792,5.0,1,Moving,0,0,0,0,0,VALID,VALID
92H-02687,2026-08-13 07:44:00,554.8,79,0.041666666666666664,,,"Cao tốc Phan Thiết - Dầu Giây, Xã Xuân Hòa, Tỉnh Đồng Nai",,2.0,1,0,-1.1000000000000227,-0.5500000000000114,559.3,2.802677291358115,5.0,1,Moving,0,0,0,0,0,VALID,VALID
92H-02687,2026-08-13 07:46:00,554.8,77,-0.016666666666666666,,,"Cao tốc Phan Thiết - Dầu Giây, Xã Xuân Hòa, Tỉnh Đồng Nai",,2.0,1,0,0.0,0.0,555.9,2.6013458054426315,5.0,1,Moving,0,0,0,0,0,VALID,VALID
92H-02687,2026-08-13 07:48:00,553.7,71,-0.05,,,"Cao tốc Phan Thiết - Dầu Giây, Xã Xuân Hòa, Tỉnh Đồng Nai",,2.0,1,0,-1.099999999999909,-0.5499999999999545,554.8,2.157544900921767,5.0,1,Moving,0,0,0,0,0,VALID,VALID
92H-02687,2026-08-13 07:50:00,553.4,79,0.06666666666666667,,,"Cao tốc Phan Thiết - Dầu Giây, Xã Xuân Hòa, Tỉnh Đồng Nai",,2.0,1,0,-0.3000000000000682,-0.1500000000000341,554.8,0.998498873055454,5.0,1,Moving,0,0,0,0,0,VALID,VALID
92H-02687,2026-08-13 07:52:00,551.5,79,0.0,,,"Cao tốc Phan Thiết - Dầu Giây, Xã Xuân Hòa, Tỉnh Đồng Nai",,2.0,1,0,-1.8999999999999773,-0.9499999999999886,553.7,1.3538833034986886,5.0,1,Moving,0,0,0,0,0,VALID,VALID
92H-02687,2026-08-13 07:54:00,549.5,71,-0.06666666666666667,,,"Cao tốc Phan Thiết - Dầu Giây, Xã Xuân Hòa, Tỉnh Đồng Nai",,2.0,1,0,-2.0,-1.0,553.4,2.0921281030309395,5.0,1,Moving,0,0,0,0,0,VALID,VALID
92H-02687,2026-08-13 07:56:00,548.6,78,0.058333333333333334,,,"Cao tốc Phan Thiết - Dầu Giây, Xã Xuân Hòa, Tỉnh Đồng Nai",,2.0,1,0,-0.8999999999999773,-0.44999999999998863,551.5,2.2766203020027156,5.0,1,Moving,0,0,0,0,0,VALID,VALID
92H-02687,2026-08-13 07:58:00,547.0,80,0.016666666666666666,,,"Cao tốc Phan Thiết - Dầu Giây, Xã Xuân Lộc, Tỉnh Đồng Nai",,2.0,1,0,-1.6000000000000227,-0.8000000000000114,549.5,2.5009997999779445,5.0,1,Moving,0,0,0,0,0,VALID,VALID
92H-02687,2026-08-13 08:00:00,545.8,82,0.016666666666666666,,,"Cao tốc Phan Thiết - Dầu Giây, Xã Xuân Lộc, Tỉnh Đồng Nai",,2.0,1,0,-1.2000000000000455,-0.6000000000000227,548.6,2.2106560111172078,5.0,1,Moving,0,0,0,0,0,VALID,VALID
92H-02687,2026-08-13 08:02:00,545.1,89,0.058333333333333334,,,"Cao tốc Phan Thiết - Dầu Giây, Xã Xuân Phú, Tỉnh Đồng Nai",,2.0,1,0,-0.6999999999999318,-0.3499999999999659,547.0,1.847971861118985,5.0,1,Moving,0,0,0,0,0,VALID,VALID
92H-02687,2026-08-13 08:04:00,544.8,82,-0.058333333333333334,,,"Cao tốc Phan Thiết - Dầu Giây, Xã Xuân Định, Tỉnh Đồng Nai",,2.0,1,0,-0.3000000000000682,-0.1500000000000341,545.8,1.5582040942979716,5.0,1,Moving,0,0,0,0,0,VALID,VALID
92H-02687,2026-08-13 08:06:00,543.6,66,-0.13333333333333333,,,"Cao tốc Phan Thiết - Dầu Giây, Xã Xuân Định, Tỉnh Đồng Nai",,2.0,1,0,-1.1999999999999318,-0.5999999999999659,545.1,1.256184699590925,5.0,1,Moving,0,0,0,0,0,VALID,VALID
92H-02687,2026-08-13 08:08:00,542.7,72,0.05,,,"Cao tốc Phan Thiết - Dầu Giây, Xã Xuân Định, Tỉnh Đồng Nai",,2.0,1,0,-0.8999999999999773,-0.44999999999998863,544.8,1.2389511691288657,5.0,1,Moving,0,0,0,0,0,VALID,VALID
92H-02687,2026-08-13 08:10:00,540.4,65,-0.058333333333333334,,,"Cao tốc Phan Thiết - Dầu Giây, Phường Hàng Gòn, Tỉnh Đồng Nai",,2.0,1,0,-2.300000000000068,-1.150000000000034,543.6,1.8939376968330532,5.0,1,Moving,0,0,0,0,0,VALID,VALID
92H-02687,2026-08-13 08:12:00,538.9,77,0.1,,,"Cao tốc Phan Thiết - Dầu Giây, Xã Cẩm Mỹ, Tỉnh Đồng Nai",,2.0,1,0,-1.5,-0.75,542.7,2.3993749184912185,5.0,1,Moving,0,0,0,0,0,VALID,VALID
92H-02687,2026-08-13 08:14:00,535.8,92,0.125,,,"Cao tốc Phan Thiết - Dầu Giây, Xã Cẩm Mỹ, Tỉnh Đồng Nai",,2.0,1,0,-3.1000000000000227,-1.5500000000000114,540.4,3.117210291187292,5.0,1,Moving,0,0,0,0,0,VALID,VALID
92H-02687,2026-08-13 08:16:00,532.9,91,-0.008333333333333333,,,"Cao tốc Phan Thiết - Dầu Giây, Xã Xuân Quế, Tỉnh Đồng Nai",,2.0,1,0,-2.8999999999999773,-1.4499999999999886,538.9,3.8539590033474274,5.0,1,Moving,0,0,0,0,0,VALID,VALID
92H-02687,2026-08-13 08:18:00,532.6,56,-0.2916666666666667,,,"Cao tốc Phan Thiết - Dầu Giây, Xã Xuân Quế, Tỉnh Đồng Nai",,2.0,1,0,-0.2999999999999545,-0.14999999999997726,535.8,3.4967127419165065,5.0,1,Moving,0,0,0,0,0,VALID,VALID
92H-02687,2026-08-13 08:20:00,531.5,78,0.18333333333333332,,,"Cao tốc Phan Thiết - Dầu Giây, Xã Xuân Quế, Tỉnh Đồng Nai",,2.0,1,0,-1.1000000000000227,-0.5500000000000114,532.9,3.003830887297145,5.0,1,Moving,0,0,0,0,0,VALID,VALID
92H-02687,2026-08-13 08:22:00,532.1,58,-0.16666666666666666,,,"Xã Xuân Quế, Tỉnh Đồng Nai",,2.0,1,0,0.6000000000000227,0.30000000000001137,532.6,1.6634301907443685,5.0,1,Moving,0,0,0,0,0,VALID,VALID
92H-02687,2026-08-13 08:24:00,531.2,76,0.15,,,"Cao tốc Long Thành - Dầu Giây, Xã Xuân Quế, Tỉnh Đồng Nai",,2.0,1,0,-0.8999999999999773,-0.44999999999998863,532.1,0.7162401828155635,5.0,1,Moving,0,0,0,0,0,VALID,VALID
92H-02687,2026-08-13 08:26:00,532.3,82,0.05,,,"Cao tốc Hồ Chí Minh - Long Thành - Dầu Giây, Xã Xuân Quế, Tỉnh Đồng Na",,2.0,1,0,1.099999999999909,0.5499999999999545,532.1,0.5770615213992827,5.0,1,Moving,0,0,0,0,0,VALID,VALID
92H-02687,2026-08-13 08:28:00,531.4,82,0.0,,,"Cao tốc Hồ Chí Minh - Long Thành - Dầu Giây, Xã Long Thành, Tỉnh Đồng ",,2.0,1,0,-0.8999999999999773,-0.44999999999998863,531.5,0.4743416484767059,5.0,1,Moving,0,0,0,0,0,VALID,VALID
92H-02687,2026-08-13 08:30:00,530.1,76,-0.05,,,"Cao tốc Long Thành - Dầu Giây, Xã Long Thành, Tỉnh Đồng Nai",,2.0,1,0,-1.2999999999999545,-0.6499999999999773,531.4,0.8700574690671515,5.0,1,Moving,0,0,0,0,0,VALID,VALID
92H-02687,2026-08-13 08:32:00,530.1,81,0.041666666666666664,,,"Cao tốc Hồ Chí Minh - Long Thành - Dầu Giây, Xã Long Thành, Tỉnh Đồng ",,2.0,1,0,0.0,0.0,531.2,0.9364827811975526,5.0,1,Moving,0,0,0,0,0,VALID,VALID
92H-02687,2026-08-13 08:34:00,528.9,81,0.0,,,"Cao tốc Hồ Chí Minh - Long Thành - Dầu Giây, Xã Long Thành, Tỉnh Đồng ",,2.0,1,0,-1.2000000000000455,-0.6000000000000227,530.1,1.3145341378144002,5.0,1,Moving,0,0,0,0,0,VALID,VALID
92H-02687,2026-08-13 08:36:00,528.7,67,-0.11666666666666667,,,"Cao tốc Hồ Chí Minh - Long Thành - Dầu Giây, Xã Long Thành, Tỉnh Đồng ",,2.0,1,0,-0.1999999999999318,-0.0999999999999659,530.1,1.0899541272363005,5.0,1,Moving,0,0,0,0,0,VALID,VALID
92H-02687,2026-08-13 08:38:00,527.6,45,-0.18333333333333332,,,"Cao tốc Long Thành - Dầu Giây, Xã Long Thành, Tỉnh Đồng Nai",,2.0,1,0,-1.1000000000000227,-0.5500000000000114,528.9,1.0545141058703367,5.0,1,Moving,0,0,0,0,0,VALID,VALID
92H-02687,2026-08-13 08:40:00,525.8,32,-0.10833333333333334,,,"Quốc Lộ 51, Xã Long Thành, Tỉnh Đồng Nai",,2.0,1,0,-1.8000000000000682,-0.9000000000000341,528.7,1.6177144369386203,5.0,1,Moving,0,0,0,0,0,VALID,VALID
92H-02687,2026-08-13 08:42:00,525.7,0,-0.26666666666666666,,,"Trường Chinh, Xã Long Thành, Tỉnh Đồng Nai",,2.0,1,0,-0.09999999999990905,-0.049999999999954525,527.6,1.533949151529999,5.0,1,Stopped,0,0,0,0,0,VALID,VALID
92H-02687,2026-08-13 08:44:00,525.7,0,0.0,,,"Trường Chinh, Xã Long Thành, Tỉnh Đồng Nai",,2.0,1,0,0.0,0.0,525.8,1.3802173739957257,5.0,1,Stopped,0,0,0,0,0,VALID,VALID
92H-02687,2026-08-13 08:46:00,525.8,0,0.0,,,"Trường Chinh, Xã Long Thành, Tỉnh Đồng Nai",,2.0,1,0,0.09999999999990905,0.049999999999954525,525.8,0.8288546310901989,5.0,1,Stopped,0,0,0,0,0,VALID,VALID
92H-02687,2026-08-13 08:48:00,525.8,48,0.4,,,"Trường Chinh, Xã Long Thành, Tỉnh Đồng Nai",,2.0,1,0,0.0,0.0,525.8,0.05477225100040921,5.0,1,Moving,0,0,0,0,0,VALID,VALID
92H-02687,2026-08-13 08:50:00,525.8,49,0.008333333333333333,,,"Trường Chinh, Xã Long Thành, Tỉnh Đồng Nai",,2.0,1,0,0.0,0.0,525.8,0.05477225100040921,5.0,1,Moving,0,0,0,0,0,VALID,VALID
92H-02687,2026-08-13 08:52:00,525.1,48,-0.008333333333333333,,,"Trường Chinh, Xã Bình An, Tỉnh Đồng Nai",,2.0,1,0,-0.6999999999999318,-0.3499999999999659,525.8,0.3049590127863769,5.0,1,Moving,0,0,0,0,0,VALID,VALID
92H-02687,2026-08-13 08:54:00,523.8,57,0.075,,,"Quốc Lộ 51, Xã Bình An, Tỉnh Đồng Nai",,2.0,1,0,-1.3000000000000682,-0.6500000000000341,525.8,0.8706319540883352,5.0,1,Moving,0,0,0,0,0,VALID,VALID
92H-02687,2026-08-13 08:56:00,522.1,45,-0.1,,,"Quốc Lộ 51, Xã An Phước, Tỉnh Đồng Nai",,2.0,1,0,-1.6999999999999318,-0.8499999999999659,525.1,1.5801898618456076,5.0,1,Moving,0,0,0,0,0,VALID,VALID
92H-02687,2026-08-13 08:58:00,522.1,52,0.058333333333333334,,,"Quốc Lộ 51, Xã An Phước, Tỉnh Đồng Nai",,2.0,1,0,0.0,0.0,523.8,1.6932217809488879,5.0,1,Moving,0,0,0,0,0,VALID,VALID
92H-02687,2026-08-13 09:00:00,523.5,39,-0.10833333333333334,,,"Quốc Lộ 51, Xã An Phước, Tỉnh Đồng Nai",,2.0,1,0,1.3999999999999773,0.6999999999999886,523.5,1.2657013863782676,5.0,1,Moving,0,0,0,0,0,VALID,VALID
92H-02687,2026-08-13 09:02:00,521.0,50,0.09166666666666666,,,"Quốc Lộ 51, Phường Tam Phước, Tỉnh Đồng Nai",,2.0,1,0,-2.5,-1.25,522.1,1.1467344938911856,5.0,1,Moving,0,0,0,0,0,VALID,VALID
92H-02687,2026-08-13 09:04:00,521.4,44,-0.05,,,"Quốc Lộ 51, Phường Tam Phước, Tỉnh Đồng Nai",,2.0,1,0,0.39999999999997726,0.19999999999998863,522.1,0.9523654757916677,5.0,1,Moving,0,0,0,0,0,VALID,VALID
92H-02687,2026-08-13 09:06:00,519.5,0,-0.36666666666666664,,,"Quốc Lộ 51, Phường Phước Tân, Tỉnh Đồng Nai",,2.0,1,0,-1.8999999999999773,-0.9499999999999886,521.4,1.467991825413169,5.0,1,Stopped,0,0,0,0,0,VALID,VALID
92H-02687,2026-08-13 09:08:00,517.7,42,0.35,,,"Quốc Lộ 51, Phường Phước Tân, Tỉnh Đồng Nai",,2.0,1,0,-1.7999999999999545,-0.8999999999999773,521.0,2.1695621676918666,5.0,1,Moving,0,0,0,0,0,VALID,VALID
92H-02687,2026-08-13 09:10:00,518.6,35,-0.058333333333333334,,,"Quốc Lộ 51, Phường Phước Tân, Tỉnh Đồng Nai",,2.0,1,0,0.8999999999999773,0.44999999999998863,519.5,1.5662056057490648,5.0,1,Moving,0,0,0,0,0,VALID,VALID
92H-02687,2026-08-13 09:12:00,517.9,0,-0.2916666666666667,,,"Quốc Lộ 51, Phường Phước Tân, Tỉnh Đồng Nai",,2.0,1,0,-0.7000000000000455,-0.35000000000002274,518.6,1.5056560030364734,5.0,1,Stopped,0,0,0,0,0,VALID,VALID
92H-02687,2026-08-13 09:14:00,517.7,0,0.0,,,"Quốc Lộ 51, Phường Phước Tân, Tỉnh Đồng Nai",,2.0,1,0,-0.1999999999999318,-0.0999999999999659,517.9,0.7758865893155596,5.0,1,Stopped,0,0,0,0,0,VALID,VALID
92H-02687,2026-08-13 09:16:00,518.0,0,0.0,,,"Quốc Lộ 51, Phường Phước Tân, Tỉnh Đồng Nai",,2.0,1,0,0.2999999999999545,0.14999999999997726,517.9,0.3701351097635765,5.0,1,Stopped,0,0,0,0,0,VALID,VALID
92H-02687,2026-08-13 09:18:00,518.2,0,0.0,,,"Quốc Lộ 51, Phường Phước Tân, Tỉnh Đồng Nai",,2.0,1,0,0.20000000000004547,0.10000000000002274,518.0,0.34205262676923276,5.0,1,Stopped,0,0,0,0,0,VALID,VALID
92H-02687,2026-08-13 09:20:00,518.0,0,0.0,,,"Bùi Văn Hòa, Phường Long Hưng, Tỉnh Đồng Nai",,2.0,1,0,-0.20000000000004547,-0.10000000000002274,518.0,0.18165901981378837,5.0,1,Stopped,0,0,0,0,0,VALID,VALID
92H-02687,2026-08-13 09:22:00,517.0,0,0.0,,,"Quốc Lộ 51, Phường Long Hưng, Tỉnh Đồng Nai",,2.0,1,0,-1.0,-0.5,518.0,0.47116875902343525,5.0,1,Stopped,0,0,0,0,0,VALID,VALID
92H-02687,2026-08-13 09:24:00,517.1,20,0.16666666666666666,,,"Quốc Lộ 51, Phường Long Hưng, Tỉnh Đồng Nai",,2.0,1,0,0.10000000000002274,0.05000000000001137,518.0,0.563914886733511,5.0,1,Moving,0,0,0,0,0,VALID,VALID
92H-02687,2026-08-13 09:26:00,517.3,0,-0.16666666666666666,,,"Võ Nguyên Giáp, Phường Long Hưng, Tỉnh Đồng Nai",,2.0,1,0,0.1999999999999318,0.0999999999999659,517.3,0.5449770632601523,5.0,1,Stopped,0,0,0,0,0,VALID,VALID
92H-02687,2026-08-13 09:28:00,517.4,48,0.4,,,"Quốc Lộ 51, Phường Long Hưng, Tỉnh Đồng Nai",,2.0,1,0,0.10000000000002274,0.05000000000001137,517.3,0.3911521436469765,5.0,1,Moving,0,0,0,0,0,VALID,VALID
92H-02687,2026-08-13 09:30:00,516.7,40,-0.06666666666666667,,,"Quốc Lộ 51, Phường Long Hưng, Tỉnh Đồng Nai",,2.0,1,0,-0.6999999999999318,-0.3499999999999659,517.1,0.2738612778023502,5.0,1,Moving,0,0,0,0,0,VALID,VALID
92H-02687,2026-08-13 09:32:00,515.8,33,-0.058333333333333334,,,"Quốc Lộ 51, Phường Long Hưng, Tỉnh Đồng Nai",,2.0,1,0,-0.900000000000091,-0.4500000000000455,517.1,0.6503845012602203,5.0,1,Moving,0,0,0,0,0,VALID,VALID
92H-02687,2026-08-13 09:34:00,514.8,39,0.05,,,"Xa Lộ Hà Nội, Phường Trấn Biên, Tỉnh Đồng Nai",,2.0,1,0,-1.0,-0.5,516.7,1.0977249197678782,5.0,1,Moving,0,0,0,0,0,VALID,VALID
92H-02687,2026-08-13 09:36:00,514.9,35,-0.03333333333333333,,,"Xa Lộ Hà Nội, Phường Đông Hòa, TP Hồ Chí Minh",,2.0,1,0,0.10000000000002274,0.05000000000001137,515.8,1.1300442466909277,5.0,1,Moving,0,0,0,0,0,VALID,VALID
92H-02687,2026-08-13 09:38:00,512.7,6,-0.24166666666666667,,,"Xa Lộ Hà Nội, Phường Đông Hòa, TP Hồ Chí Minh",,2.0,1,0,-2.199999999999932,-1.099999999999966,514.9,1.4889593679744715,5.0,1,Moving,0,0,0,0,0,VALID,VALID
92H-02687,2026-08-13 09:40:00,512.6,43,0.30833333333333335,,,"Phường Đông Hòa, TP Hồ Chí Minh",,2.0,1,0,-0.10000000000002274,-0.05000000000001137,514.8,1.432829368584627,5.0,1,Moving,0,0,0,0,0,VALID,VALID
92H-02687,2026-08-13 09:42:00,513.5,38,-0.041666666666666664,,,"Cao Tốc Mỹ Phước - Tân Vạn, Phường Đông Hòa, TP Hồ Chí Minh",,2.0,1,0,0.8999999999999773,0.44999999999998863,513.5,1.1067971808233308,5.0,1,Moving,0,0,0,0,0,VALID,VALID
92H-02687,2026-08-13 09:44:00,512.7,37,-0.008333333333333333,,,"Cao Tốc Mỹ Phước - Tân Vạn, Phường Đông Hòa, TP Hồ Chí Minh",,2.0,1,0,-0.7999999999999545,-0.39999999999997726,512.7,0.9757048731446731,5.0,1,Moving,0,0,0,0,0,VALID,VALID
92H-02687,2026-08-13 09:46:00,513.5,44,0.058333333333333334,,,"Cao Tốc Mỹ Phước - Tân Vạn, Phường Tân Đông Hiệp, TP Hồ Chí Minh",,2.0,1,0,0.7999999999999545,0.39999999999997726,512.7,0.45825756892613834,5.0,1,Moving,0,0,0,0,0,VALID,VALID
92H-02687,2026-08-13 09:48:00,512.3,0,-0.36666666666666664,,,"Cao Tốc Mỹ Phước - Tân Vạn, Phường Tân Đông Hiệp, TP Hồ Chí Minh",,2.0,1,0,-1.2000000000000455,-0.6000000000000227,512.7,0.5495452660864832,5.0,1,Stopped,0,0,0,0,0,VALID,VALID
92H-02687,2026-08-13 09:50:00,510.4,13,0.10833333333333334,,,"Cao Tốc Mỹ Phước - Tân Vạn, Phường Tân Đông Hiệp, TP Hồ Chí Minh",,2.0,1,0,-1.8999999999999773,-0.9499999999999886,512.7,1.2735776377896093,5.0,1,Moving,0,0,0,0,0,VALID,VALID
92H-02687,2026-08-13 09:52:00,509.4,36,0.19166666666666668,,,"Cao Tốc Mỹ Phước - Tân Vạn, Phường Tân Đông Hiệp, TP Hồ Chí Minh",,2.0,1,0,-1.0,-0.5,512.3,1.7008821239218987,5.0,1,Moving,0,0,0,0,0,VALID,VALID
92H-02687,2026-08-13 09:54:00,507.9,0,-0.3,,,"Cao Tốc Mỹ Phước - Tân Vạn, Phường Dĩ An, TP Hồ Chí Minh",,2.0,1,0,-1.5,-0.75,510.4,2.2371857320026294,5.0,1,Stopped,0,0,0,0,0,VALID,VALID
92H-02687,2026-08-13 09:56:00,508.0,39,0.325,,,"Cao Tốc Mỹ Phước - Tân Vạn, Phường Dĩ An, TP Hồ Chí Minh",,2.0,1,0,0.10000000000002274,0.05000000000001137,509.4,1.831665908258109,5.0,1,Moving,0,0,0,0,0,VALID,VALID
92H-02687,2026-08-13 09:58:00,507.6,38,-0.008333333333333333,,,"Cao Tốc Mỹ Phước - Tân Vạn, Phường Tân Đông Hiệp, TP Hồ Chí Minh",,2.0,1,0,-0.39999999999997726,-0.19999999999998863,508.0,1.1949895394831291,5.0,1,Moving,0,0,0,0,0,VALID,VALID
92H-02687,2026-08-13 10:00:00,506.3,34,-0.03333333333333333,,,"Cao Tốc Mỹ Phước - Tân Vạn, Phường Tân Đông Hiệp, TP Hồ Chí Minh",,2.0,1,0,-1.3000000000000114,-0.6500000000000057,507.9,1.1058933038378433,5.0,1,Moving,0,0,0,0,0,VALID,VALID
92H-02687,2026-08-13 10:02:00,508.2,25,-0.075,,,"Cao Tốc Mỹ Phước - Tân Vạn, Phường An Phú, TP Hồ Chí Minh",,2.0,1,0,1.8999999999999773,0.9499999999999886,507.9,0.7582875440577779,5.0,1,Moving,0,0,0,0,0,VALID,VALID
92H-02687,2026-08-13 10:04:00,506.6,55,0.25,,,"Tỉnh Lộ 743, Phường An Phú, TP Hồ Chí Minh",,2.0,1,0,-1.599999999999966,-0.799999999999983,507.6,0.8473488062615814,5.0,1,Moving,0,0,0,0,0,VALID,VALID
92H-02687,2026-08-13 10:06:00,505.7,48,-0.058333333333333334,,,"Tỉnh Lộ 743, Phường An Phú, TP Hồ Chí Minh",,2.0,1,0,-0.9000000000000341,-0.45000000000001705,506.6,1.008464178576774,5.0,1,Moving,0,0,0,0,0,VALID,VALID
92H-02687,2026-08-13 10:08:00,505.5,0,-0.4,,,"Tỉnh Lộ 743, Phường An Phú, TP Hồ Chí Minh",,2.0,1,0,-0.19999999999998863,-0.09999999999999432,506.3,1.0691117806254766,5.0,1,Stopped,0,0,0,0,0,VALID,VALID
92H-02687,2026-08-13 10:10:00,505.4,7,0.058333333333333334,,,"Tỉnh Lộ 743, Phường An Phú, TP Hồ Chí Minh",,2.0,1,0,-0.10000000000002274,-0.05000000000001137,505.7,1.1734564327115207,5.0,1,Moving,0,0,0,0,0,VALID,VALID
92H-02687,2026-08-13 10:12:00,503.3,0,-0.058333333333333334,,,"Tỉnh Lộ 743, Phường An Phú, TP Hồ Chí Minh",,2.0,1,0,-2.099999999999966,-1.049999999999983,505.5,1.2144957799314395,5.0,1,Stopped,0,0,0,0,0,VALID,VALID
92H-02687,2026-08-13 10:14:00,501.9,0,0.0,,,"Tỉnh Lộ 743, Phường An Phú, TP Hồ Chí Minh",,2.0,1,0,-1.400000000000034,-0.700000000000017,505.4,1.6846364591420009,5.0,1,Stopped,0,0,0,0,0,VALID,VALID
92H-02687,2026-08-13 10:16:00,501.0,0,0.0,,,"Tỉnh Lộ 745, Phường Tân Khánh, TP Hồ Chí Minh",,2.0,1,0,-0.8999999999999773,-0.44999999999998863,503.3,2.0265734626382854,5.0,1,Stopped,0,0,0,0,0,VALID,VALID
92H-02687,2026-08-13 10:18:00,501.1,2,0.016666666666666666,,,"Tỉnh Lộ 745, Phường Tân Khánh, TP Hồ Chí Minh",,2.0,1,0,0.10000000000002274,0.05000000000001137,501.9,1.8447222011644424,5.0,1,Moving,0,0,0,0,0,VALID,VALID
92H-02687,2026-08-13 10:20:00,504.2,0,-0.016666666666666666,,,"Tỉnh Lộ 745, Phường Tân Khánh, TP Hồ Chí Minh",,2.0,1,0,3.099999999999966,1.549999999999983,501.9,1.4053469320665346,5.0,1,Stopped,0,0,0,0,0,VALID,VALID
92H-02687,2026-08-13 10:22:00,505.7,0,0.0,,,"Tỉnh Lộ 745, Phường Tân Khánh, TP Hồ Chí Minh",,2.0,1,0,1.5,0.75,501.9,2.0801442256413765,5.0,1,Stopped,0,0,0,0,0,VALID,VALID
92H-02687,2026-08-13 10:24:00,504.5,0,0.0,,,"Tỉnh Lộ 745, Phường Tân Khánh, TP Hồ Chí Minh",,2.0,1,0,-1.1999999999999886,-0.5999999999999943,504.2,2.1295539437801443,5.0,1,Stopped,0,0,0,0,0,VALID,VALID
92H-02687,2026-08-13 10:26:00,504.4,0,0.0,,,"Tỉnh Lộ 745, Phường Tân Khánh, TP Hồ Chí Minh",,2.0,1,0,-0.10000000000002274,-0.05000000000001137,504.4,1.7137677787466163,5.0,1,Stopped,0,0,0,0,0,VALID,VALID
92H-02687,2026-08-13 10:28:00,504.5,0,0.0,,,"Tỉnh Lộ 745, Phường Tân Khánh, TP Hồ Chí Minh",,2.0,1,0,0.10000000000002274,0.05000000000001137,504.5,0.5941380306550836,5.0,1,Stopped,0,0,0,0,0,VALID,VALID
92H-02687,2026-08-13 10:30:00,504.7,0,0.0,,,"Tỉnh Lộ 745, Phường Tân Khánh, TP Hồ Chí Minh",,2.0,1,0,0.19999999999998863,0.09999999999999432,504.5,0.5366563141068732,5.0,1,Stopped,0,0,0,0,0,VALID,VALID
92H-02687,2026-08-13 10:32:00,504.5,0,0.0,,,"Tỉnh Lộ 745, Phường Tân Khánh, TP Hồ Chí Minh",,2.0,1,0,-0.19999999999998863,-0.09999999999999432,504.5,0.10954450908468924,5.0,1,Stopped,0,0,0,0,0,VALID,VALID
92H-02687,2026-08-13 10:34:00,501.9,0,0.0,,,"Tỉnh Lộ 745, Phường Tân Khánh, TP Hồ Chí Minh",,2.0,1,0,-2.6000000000000227,-1.3000000000000114,504.5,1.1789826120304994,5.0,1,Stopped,0,0,0,0,0,VALID,VALID
92H-02687,2026-08-13 10:36:00,499.5,0,0.0,,,"Tỉnh Lộ 745, Phường Tân Khánh, TP Hồ Chí Minh",,2.0,1,0,-2.3999999999999773,-1.1999999999999886,504.5,2.2829805079039853,5.0,1,Stopped,0,0,0,0,0,VALID,VALID
92H-02687,2026-08-13 10:38:00,499.4,20,0.16666666666666666,,,"Tỉnh Lộ 745, Phường Tân Khánh, TP Hồ Chí Minh",,2.0,1,0,-0.10000000000002274,-0.05000000000001137,501.9,2.5768197452419583,5.0,1,Moving,0,0,0,0,0,VALID,VALID
92H-02687,2026-08-13 10:40:00,500.7,16,-0.03333333333333333,,,"Tỉnh Lộ 745, Phường Tân Khánh, TP Hồ Chí Minh",,2.0,1,0,1.3000000000000114,0.6500000000000057,500.7,2.107130750444377,5.0,1,Moving,0,0,0,0,0,VALID,VALID
92H-02687,2026-08-13 10:42:00,499.2,0,-0.13333333333333333,,,"Tỉnh Lộ 745, Phường Tân Khánh, TP Hồ Chí Minh",,2.0,1,0,-1.5,-0.75,499.5,1.1458621206181552,5.0,1,Stopped,0,0,0,0,0,VALID,VALID
92H-02687,2026-08-13 10:44:00,500.8,49,0.4083333333333333,,,"Tỉnh Lộ 745, Phường Tân Hiệp, TP Hồ Chí Minh",,2.0,1,0,1.6000000000000227,0.8000000000000114,499.5,0.7661592520275377,5.0,1,Moving,0,0,0,0,0,VALID,VALID
92H-02687,2026-08-13 10:46:00,501.0,37,-0.1,,,"Tỉnh Lộ 745, Phường Tân Hiệp, TP Hồ Chí Minh",,2.0,1,0,0.19999999999998863,0.09999999999999432,500.7,0.8497058311366451,5.0,1,Moving,0,0,0,0,0,VALID,VALID
92H-02687,2026-08-13 10:48:00,499.7,0,-0.30833333333333335,,,"Tỉnh Lộ 745, Phường Tân Hiệp, TP Hồ Chí Minh",,2.0,1,0,-1.3000000000000114,-0.6500000000000057,500.7,0.7854934751273605,5.0,1,Stopped,0,0,0,0,0,VALID,VALID
92H-02687,2026-08-13 10:50:00,499.8,58,0.48333333333333334,,,"Tỉnh Lộ 745, Phường Tân Hiệp, TP Hồ Chí Minh",,2.0,1,0,0.10000000000002274,0.05000000000001137,499.8,0.7681145744402443,5.0,1,Moving,0,0,0,0,0,VALID,VALID
92H-02687,2026-08-13 10:52:00,497.7,42,-0.13333333333333333,,,"Tỉnh Lộ 745, Phường Tân Hiệp, TP Hồ Chí Minh",,2.0,1,0,-2.1000000000000227,-1.0500000000000114,499.8,1.3095800851674844,5.0,1,Moving,0,0,0,0,0,VALID,VALID
92H-02687,2026-08-13 10:54:00,498.0,43,0.008333333333333333,,,"Tỉnh Lộ 745, Phường Tân Hiệp, TP Hồ Chí Minh",,2.0,1,0,0.30000000000001137,0.15000000000000568,499.7,1.3722244712388791,5.0,1,Moving,0,0,0,0,0,VALID,VALID
92H-02687,2026-08-13 10:56:00,497.0,56,0.10833333333333334,,,"Tỉnh Lộ 745, Phường Tân Uyên, TP Hồ Chí Minh",,2.0,1,0,-1.0,-0.5,498.0,1.2501999837890738,5.0,1,Moving,0,0,0,0,0,VALID,VALID
92H-02687,2026-08-13 10:58:00,496.1,34,-0.18333333333333332,,,"Tỉnh Lộ 745, Phường Tân Uyên, TP Hồ Chí Minh",,2.0,1,0,-0.8999999999999773,-0.44999999999998863,497.7,1.37368118552512,5.0,1,Moving,0,0,0,0,0,VALID,VALID
92H-02687,2026-08-13 11:00:00,495.2,0,-0.2833333333333333,,,"Tỉnh Lộ 745, Phường Tân Uyên, TP Hồ Chí Minh",,2.0,1,0,-0.9000000000000341,-0.45000000000001705,497.0,1.1554220005976819,5.0,1,Stopped,0,0,0,0,0,VALID,VALID
92H-02687,2026-08-13 11:02:00,493.5,15,0.125,,,"Tỉnh Lộ 745, Phường Tân Uyên, TP Hồ Chí Minh",,2.0,1,0,-1.6999999999999886,-0.8499999999999943,496.1,1.7242389624018637,5.0,1,Moving,0,0,0,0,0,VALID,VALID
92H-02687,2026-08-13 11:04:00,493.8,34,0.15833333333333333,,,"Tỉnh Lộ 747, Phường Bình Cơ, TP Hồ Chí Minh",,2.0,1,0,0.30000000000001137,0.15000000000000568,495.2,1.4889593679695055,5.0,1,Moving,0,0,0,0,0,VALID,VALID
92H-02687,2026-08-13 11:06:00,493.6,38,0.03333333333333333,,,"Tỉnh Lộ 747, Phường Bình Cơ, TP Hồ Chí Minh",,2.0,1,0,-0.19999999999998863,-0.09999999999999432,493.8,1.1545561915575144,5.0,1,Moving,0,0,0,0,0,VALID,VALID
92H-02687,2026-08-13 11:08:00,493.6,13,-0.20833333333333334,,,"Tỉnh Lộ 747, Phường Bình Cơ, TP Hồ Chí Minh",,2.0,1,0,0.0,0.0,493.6,0.712741186871878,5.0,1,Moving,0,0,0,0,0,VALID,VALID
92H-02687,2026-08-13 11:10:00,492.8,32,0.15833333333333333,,,"Tỉnh Lộ 747, Phường Bình Cơ, TP Hồ Chí Minh",,2.0,1,0,-0.8000000000000114,-0.4000000000000057,493.6,0.3847076805359111,5.0,1,Moving,0,0,0,0,0,VALID,VALID
92H-02687,2026-08-13 11:12:00,492.8,39,0.058333333333333334,,,"Tỉnh Lộ 747, Phường Bình Cơ, TP Hồ Chí Minh",,2.0,1,0,0.0,0.0,493.6,0.4816637825945113,5.0,1,Moving,0,0,0,0,0,VALID,VALID
92H-02687,2026-08-13 11:14:00,492.8,52,0.10833333333333334,,,"Tỉnh Lộ 747, Phường Bình Cơ, TP Hồ Chí Minh",,2.0,1,0,0.0,0.0,492.8,0.438178045391547,5.0,1,Moving,0,0,0,0,0,VALID,VALID
92H-02687,2026-08-13 11:16:00,491.9,33,-0.15833333333333333,,,"Tỉnh Lộ 747, Phường Bình Cơ, TP Hồ Chí Minh",,2.0,1,0,-0.9000000000000341,-0.45000000000001705,492.8,0.6016643578133951,5.0,1,Moving,0,0,0,0,0,VALID,VALID
92H-02687,2026-08-13 11:18:00,491.6,45,0.1,,,"Tỉnh Lộ 747, Phường Bình Cơ, TP Hồ Chí Minh",,2.0,1,0,-0.2999999999999545,-0.14999999999997726,492.8,0.5848076602292379,5.0,1,Moving,0,0,0,0,0,VALID,VALID
92H-02687,2026-08-13 11:20:00,491.3,50,0.041666666666666664,,,"Tỉnh Lộ 747, Phường Bình Cơ, TP Hồ Chí Minh",,2.0,1,0,-0.30000000000001137,-0.15000000000000568,491.9,0.6906518656042598,5.0,1,Moving,0,0,0,0,0,VALID,VALID
92H-02687,2026-08-13 11:22:00,489.7,0,-0.4166666666666667,,,"Tỉnh Lộ 741, Xã Phước Hòa, TP Hồ Chí Minh",,2.0,1,0,-1.6000000000000227,-0.8000000000000114,491.6,1.1326958989341973,5.0,1,Stopped,0,0,0,0,0,VALID,VALID
92H-02687,2026-08-13 11:25:00,489.4,0,0.0,,,"Tỉnh Lộ 741, Xã Phước Hòa, TP Hồ Chí Minh",,3.0,1,0,-0.30000000000001137,-0.1000000000000038,491.3,1.1476062040011976,5.0,1,Stopped,0,0,0,0,0,VALID,VALID
92H-02687,2026-08-13 11:27:00,489.4,0,0.0,,,"Tỉnh Lộ 741, Xã Phước Hòa, TP Hồ Chí Minh",,2.0,1,0,0.0,0.0,489.7,1.0802777418154215,5.0,1,Stopped,0,0,0,0,0,VALID,VALID
92H-02687,2026-08-13 11:29:00,489.4,0,0.0,,,"Tỉnh Lộ 741, Xã Phước Hòa, TP Hồ Chí Minh",,2.0,1,0,0.0,0.0,489.4,0.8264381401300412,5.0,1,Stopped,0,0,0,0,0,VALID,VALID
92H-02687,2026-08-13 11:31:00,489.4,0,0.0,,,"Tỉnh Lộ 741, Xã Phước Hòa, TP Hồ Chí Minh",,2.0,1,0,0.0,0.0,489.4,0.13416407664274724,5.0,1,Stopped,0,0,0,0,0,VALID,VALID
92H-02687,2026-08-13 11:32:00,489.4,21,0.35,,,"Tỉnh Lộ 741, Xã Phước Hòa, TP Hồ Chí Minh",,1.0,1,0,0.0,0.0,489.4,0.0,5.0,1,Moving,0,0,0,0,0,VALID,VALID
92H-02687,2026-08-13 11:34:00,489.4,42,0.175,,,"Tỉnh Lộ 741, Xã Phước Hòa, TP Hồ Chí Minh",,2.0,1,0,0.0,0.0,489.4,0.0,5.0,1,Moving,0,0,0,0,0,VALID,VALID
92H-02687,2026-08-13 11:36:00,487.6,38,-0.03333333333333333,,,"Tỉnh Lộ 741, Xã Phước Hòa, TP Hồ Chí Minh",,2.0,1,0,-1.7999999999999545,-0.8999999999999773,489.4,0.8049844715652418,5.0,1,Moving,0,0,0,0,0,VALID,VALID
92H-02687,2026-08-13 11:38:00,487.8,26,-0.1,,,"Tỉnh Lộ 741, Xã Phước Hòa, TP Hồ Chí Minh",,2.0,1,0,0.19999999999998863,0.09999999999999432,489.4,0.9338094021057044,5.0,1,Moving,0,0,0,0,0,VALID,VALID
92H-02687,2026-08-13 11:40:00,486.6,0,-0.21666666666666667,,,"Tỉnh Lộ 741, Xã Phước Hòa, TP Hồ Chí Minh",,2.0,1,0,-1.1999999999999886,-0.5999999999999943,487.8,1.2198360543371014,5.0,1,Stopped,0,0,0,0,0,VALID,VALID
92H-02687,2026-08-13 11:42:00,486.4,48,0.4,,,"Tỉnh Lộ 741, Xã Phước Hòa, TP Hồ Chí Minh",,2.0,1,0,-0.20000000000004547,-0.10000000000002274,487.6,1.1949895394774055,5.0,1,Moving,0,0,0,0,0,VALID,VALID
92H-02687,2026-08-13 11:44:00,484.5,27,-0.175,,,"Tỉnh Lộ 741, Xã Phước Hòa, TP Hồ Chí Minh",,2.0,1,0,-1.8999999999999773,-0.9499999999999886,486.6,1.3122499759801631,5.0,1,Moving,0,0,0,0,0,VALID,VALID
92H-02687,2026-08-13 11:46:00,484.7,56,0.24166666666666667,,,"Tỉnh Lộ 741, Xã Phước Hòa, TP Hồ Chí Minh",,2.0,1,0,0.19999999999998863,0.09999999999999432,486.4,1.3874436923564382,5.0,1,Moving,0,0,0,0,0,VALID,VALID
92H-02687,2026-08-13 11:48:00,483.6,42,-0.11666666666666667,,,"Tỉnh Lộ 741, Xã Phước Hòa, TP Hồ Chí Minh",,2.0,1,0,-1.099999999999966,-0.549999999999983,484.7,1.2934450121513812,5.0,1,Moving,0,0,0,0,0,VALID,VALID
92H-02687,2026-08-13 11:50:00,483.6,45,0.025,,,"Tỉnh Lộ 741, Xã Phước Hòa, TP Hồ Chí Minh",,2.0,1,0,0.0,0.0,484.5,1.1458621206144575,5.0,1,Moving,0,0,0,0,0,VALID,VALID
92H-02687,2026-08-13 11:52:00,482.8,49,0.03333333333333333,,,"Tỉnh Lộ 741, Xã Phước Hòa, TP Hồ Chí Minh",,2.0,1,0,-0.8000000000000114,-0.4000000000000057,483.6,0.7700649319757803,5.0,1,Moving,0,0,0,0,0,VALID,VALID
92H-02687,2026-08-13 11:54:00,482.8,42,-0.058333333333333334,,,"Tỉnh Lộ 741, Xã Phước Hòa, TP Hồ Chí Minh",,2.0,1,0,0.0,0.0,483.6,0.7810249672441663,5.0,1,Moving,0,0,0,0,0,VALID,VALID
92H-02687,2026-08-13 11:56:00,481.0,35,-0.058333333333333334,,,"Tỉnh Lộ 741, Xã Phú Giáo, TP Hồ Chí Minh",,2.0,1,0,-1.8000000000000114,-0.9000000000000057,482.8,1.0620734435332406,5.0,1,Moving,0,0,0,0,0,VALID,VALID
92H-02687,2026-08-13 11:58:00,480.9,15,-0.16666666666666666,,,"Tỉnh Lộ 741, Xã Phú Giáo, TP Hồ Chí Minh",,2.0,1,0,-0.10000000000002274,-0.05000000000001137,482.8,1.2049896262866269,5.0,1,Moving,0,0,0,0,0,VALID,VALID
92H-02687,2026-08-13 12:00:00,480.7,50,0.2916666666666667,,,"Tỉnh Lộ 741, Xã Phú Giáo, TP Hồ Chí Minh",,2.0,1,0,-0.19999999999998863,-0.09999999999999432,481.0,1.0644247270042984,5.0,1,Moving,0,0,0,0,0,VALID,VALID
92H-02687,2026-08-13 12:02:00,479.1,34,-0.13333333333333333,,,"Tỉnh Lộ 741, Xã Phú Giáo, TP Hồ Chí Minh",,2.0,1,0,-1.599999999999966,-0.799999999999983,480.9,1.3133925534500004,5.0,1,Moving,0,0,0,0,0,VALID,VALID
92H-02687,2026-08-13 12:04:00,479.2,52,0.15,,,"Tỉnh Lộ 741, Xã Phú Giáo, TP Hồ Chí Minh",,2.0,1,0,0.0999999999999659,0.04999999999998295,480.7,0.9471008391178195,5.0,1,Moving,0,0,0,0,0,VALID,VALID
92H-02687,2026-08-13 12:06:00,478.2,10,-0.35,,,"Tỉnh Lộ 741, Xã Phú Giáo, TP Hồ Chí Minh",,2.0,1,0,-1.0,-0.5,479.2,1.1476062039992325,5.0,1,Moving,0,0,0,0,0,VALID,VALID
92H-02687,2026-08-13 12:08:00,478.2,3,-0.058333333333333334,,,"Tỉnh Lộ 741, Xã Phú Giáo, TP Hồ Chí Minh",,2.0,1,0,0.0,0.0,479.1,1.0232301791177707,5.0,1,Moving,0,0,0,0,0,VALID,VALID
92H-02687,2026-08-13 12:10:00,477.5,50,0.39166666666666666,,,"Tỉnh Lộ 741, Xã Phú Giáo, TP Hồ Chí Minh",,2.0,1,0,-0.6999999999999886,-0.3499999999999943,478.2,0.7092249286772102,5.0,1,Moving,0,0,0,0,0,VALID,VALID
92H-02687,2026-08-13 12:12:00,476.6,20,-0.25,,,"Tỉnh Lộ 741, Xã Phú Giáo, TP Hồ Chí Minh",,2.0,1,0,-0.8999999999999773,-0.44999999999998863,478.2,0.9633275660215623,5.0,1,Moving,0,0,0,0,0,VALID,VALID
92H-02687,2026-08-13 12:14:00,475.7,57,0.30833333333333335,,,"Tỉnh Lộ 741, Xã Phú Giáo, TP Hồ Chí Minh",,2.0,1,0,-0.9000000000000341,-0.45000000000001705,477.5,1.083051245074244,5.0,1,Moving,0,0,0,0,0,VALID,VALID
92H-02687,2026-08-13 12:16:00,473.8,5,-0.43333333333333335,,,"Tỉnh Lộ 741, Xã Đồng Phú, Tỉnh Đồng Nai",,2.0,1,0,-1.8999999999999773,-0.9499999999999886,476.6,1.7126003618639838,5.0,1,Moving,0,0,0,0,0,VALID,VALID
92H-02687,2026-08-13 12:18:00,474.4,56,0.425,,,"Tỉnh Lộ 741, Xã Đồng Phú, Tỉnh Đồng Nai",,2.0,1,0,0.5999999999999659,0.29999999999998295,475.7,1.5247950680194635,5.0,1,Moving,0,0,0,0,0,VALID,VALID
92H-02687,2026-08-13 12:20:00,474.2,57,0.008333333333333333,,,"Tỉnh Lộ 741, Xã Đồng Phú, Tỉnh Đồng Nai",,2.0,1,0,-0.19999999999998863,-0.09999999999999432,474.4,1.1696153211446614,5.0,1,Moving,0,0,0,0,0,VALID,VALID
92H-02687,2026-08-13 12:22:00,472.5,59,0.016666666666666666,,,"Tỉnh Lộ 741, Xã Đồng Phú, Tỉnh Đồng Nai",,2.0,1,0,-1.6999999999999886,-0.8499999999999943,474.2,1.1519548599906513,5.0,1,Moving,0,0,0,0,0,VALID,VALID
92H-02687,2026-08-13 12:24:00,471.3,58,-0.008333333333333333,,,"Cách Mạng Tháng 8, Xã Đồng Phú, Tỉnh Đồng Nai",,2.0,1,0,-1.1999999999999886,-0.5999999999999943,473.8,1.3126309456415506,5.0,1,Moving,0,0,0,0,0,VALID,VALID
92H-02687,2026-08-13 12:26:00,471.0,43,-0.125,,,"Cách Mạng Tháng 8, Xã Đồng Phú, Tỉnh Đồng Nai",,2.0,1,0,-0.30000000000001137,-0.15000000000000568,472.5,1.583350876923896,5.0,1,Moving,0,0,0,0,0,VALID,VALID
92H-02687,2026-08-13 12:28:00,470.1,56,0.10833333333333334,,,"Cách Mạng Tháng 8, Xã Đồng Phú, Tỉnh Đồng Nai",,2.0,1,0,-0.8999999999999773,-0.44999999999998863,471.3,1.5833508769238362,5.0,1,Moving,0,0,0,0,0,VALID,VALID
92H-02687,2026-08-13 12:30:00,469.2,30,-0.21666666666666667,,,"Tỉnh Lộ 741, Xã Đồng Phú, Tỉnh Đồng Nai",,2.0,1,0,-0.9000000000000341,-0.45000000000001705,471.0,1.2477980603668752,5.0,1,Moving,0,0,0,0,0,VALID,VALID
92H-02687,2026-08-13 12:32:00,468.4,56,0.21666666666666667,,,"Tỉnh Lộ 741, Phường Bình Phước, Tỉnh Đồng Nai",,2.0,1,0,-0.8000000000000114,-0.4000000000000057,470.1,1.2144957799248335,5.0,1,Moving,0,0,0,0,0,VALID,VALID
92H-02687,2026-08-13 12:34:00,468.2,49,-0.058333333333333334,,,"Tỉnh Lộ 741, Phường Bình Phước, Tỉnh Đồng Nai",,2.0,1,0,-0.19999999999998863,-0.09999999999999432,469.2,1.175584960543114,5.0,1,Moving,0,0,0,0,0,VALID,VALID
92H-02687,2026-08-13 12:36:00,466.3,53,0.03333333333333333,,,"Phú Riềng Đỏ, Phường Bình Phước, Tỉnh Đồng Nai",,2.0,1,0,-1.8999999999999773,-0.9499999999999886,468.4,1.4117365191334341,5.0,1,Moving,0,0,0,0,0,VALID,VALID
92H-02687,2026-08-13 12:38:00,464.4,44,-0.075,,,"Phú Riềng Đỏ, Phường Bình Phước, Tỉnh Đồng Nai",,2.0,1,0,-1.900000000000034,-0.950000000000017,468.2,1.9390719428259586,5.0,1,Moving,0,0,0,0,0,VALID,VALID
92H-02687,2026-08-13 12:40:00,464.4,4,-0.3333333333333333,,,"Phú Riềng Đỏ, Phường Bình Phước, Tỉnh Đồng Nai",,2.0,1,0,0.0,0.0,466.3,1.9514097466843638,5.0,1,Moving,0,0,0,0,0,VALID,VALID
92H-02687,2026-08-13 12:42:00,465.6,11,0.058333333333333334,,,"Hồ Chí Minh, Phường Bình Phước, Tỉnh Đồng Nai",,2.0,1,0,1.2000000000000455,0.6000000000000227,465.6,1.5786069806809624,5.0,1,Moving,0,0,0,0,0,VALID,VALID
92H-02687,2026-08-13 12:44:00,464.4,36,0.20833333333333334,,,"Phú Riềng Đỏ, Phường Bình Phước, Tỉnh Đồng Nai",,2.0,1,0,-1.2000000000000455,-0.6000000000000227,464.4,0.8843076384690055,5.0,1,Moving,0,0,0,0,0,VALID,VALID
92H-02687,2026-08-13 12:46:00,464.4,48,0.1,,,"Phú Riềng Đỏ, Phường Bình Phước, Tỉnh Đồng Nai",,2.0,1,0,0.0,0.0,464.4,0.5366563140918139,5.0,1,Moving,0,0,0,0,0,VALID,VALID
92H-02687,2026-08-13 12:48:00,464.4,52,0.03333333333333333,,,"Phú Riềng Đỏ, Phường Bình Phước, Tỉnh Đồng Nai",,2.0,1,0,0.0,0.0,464.4,0.5366563140918139,5.0,1,Moving,0,0,0,0,0,VALID,VALID
92H-02687,2026-08-13 12:50:00,461.2,45,-0.058333333333333334,,,"Tỉnh Lộ 741, Xã Thuận Lợi, Tỉnh Đồng Nai",,2.0,1,0,-3.1999999999999886,-1.5999999999999943,464.4,1.6492422500817217,5.0,1,Moving,0,0,0,0,0,VALID,VALID
92H-02687,2026-08-13 12:52:00,461.3,34,-0.09166666666666666,,,"Tỉnh Lộ 741, Xã Thuận Lợi, Tỉnh Đồng Nai",,2.0,1,0,0.10000000000002274,0.05000000000001137,464.4,1.7256882683308223,5.0,1,Moving,0,0,0,0,0,VALID,VALID
92H-02687,2026-08-13 12:54:00,461.3,41,0.058333333333333334,,,"Tỉnh Lộ 741, Xã Thuận Lợi, Tỉnh Đồng Nai",,2.0,1,0,0.0,0.0,461.3,1.7166828476613556,5.0,1,Moving,0,0,0,0,0,VALID,VALID
92H-02687,2026-08-13 12:56:00,459.8,61,0.16666666666666666,,,"Tỉnh Lộ 741, Xã Thuận Lợi, Tỉnh Đồng Nai",,2.0,1,0,-1.5,-0.75,461.3,1.6896745247102603,5.0,1,Moving,0,0,0,0,0,VALID,VALID
92H-02687,2026-08-13 12:58:00,455.1,45,-0.13333333333333333,,,"Tỉnh Lộ 741, Xã Thuận Lợi, Tỉnh Đồng Nai",,2.0,1,0,-4.699999999999989,-2.3499999999999943,461.2,2.6707676797982924,5.0,1,Moving,0,0,0,0,0,VALID,VALID
92H-02687,2026-08-13 13:00:00,456.5,53,0.06666666666666667,,,"Tỉnh Lộ 741, Xã Thuận Lợi, Tỉnh Đồng Nai",,2.0,1,0,1.3999999999999773,0.6999999999999886,459.8,2.849561369659434,5.0,1,Moving,0,0,0,0,0,VALID,VALID
92H-02687,2026-08-13 13:02:00,456.3,52,-0.008333333333333333,,,"Tỉnh Lộ 741, Xã Thuận Lợi, Tỉnh Đồng Nai",,2.0,1,0,-0.19999999999998863,-0.09999999999999432,456.5,2.6210684843123575,5.0,1,Moving,0,0,0,0,0,VALID,VALID
92H-02687,2026-08-13 13:04:00,454.7,7,-0.375,,,"Tỉnh Lộ 741, Xã Phú Riềng, Tỉnh Đồng Nai",,2.0,1,0,-1.6000000000000227,-0.8000000000000114,456.3,2.0079840635462407,5.0,1,Moving,0,0,0,0,0,VALID,VALID
92H-02687,2026-08-13 13:06:00,451.9,0,-0.058333333333333334,,,"Tỉnh Lộ 741, Xã Phú Riềng, Tỉnh Đồng Nai",,2.0,1,0,-2.8000000000000114,-1.4000000000000057,455.1,1.8439088913110642,5.0,1,Stopped,0,0,0,0,0,VALID,VALID
92H-02687,2026-08-13 13:08:00,451.8,0,0.0,,,"Tỉnh Lộ 741, Xã Phú Riềng, Tỉnh Đồng Nai",,2.0,1,0,-0.0999999999999659,-0.04999999999998295,454.7,2.2908513700055204,5.0,1,Stopped,0,0,0,0,0,VALID,VALID
92H-02687,2026-08-13 13:10:00,452.5,0,0.0,,,"Tỉnh Lộ 741, Xã Phú Riềng, Tỉnh Đồng Nai",,2.0,1,0,0.6999999999999886,0.3499999999999943,452.5,1.9819182625568723,5.0,1,Stopped,0,0,0,0,0,VALID,VALID
92H-02687,2026-08-13 13:12:00,452.6,0,0.0,,,"Tỉnh Lộ 741, Xã Phú Riềng, Tỉnh Đồng Nai",,2.0,1,0,0.10000000000002274,0.05000000000001137,452.5,1.1726039397242063,5.0,1,Stopped,0,0,0,0,0,VALID,VALID
92H-02687,2026-08-13 13:14:00,453.5,0,0.0,,,"Tỉnh Lộ 741, Xã Phú Riềng, Tỉnh Đồng Nai",,2.0,1,0,0.8999999999999773,0.44999999999998863,452.5,0.6804410330490404,5.0,1,Stopped,0,0,0,0,0,VALID,VALID
92H-02687,2026-08-13 13:16:00,453.8,0,0.0,,,"Tỉnh Lộ 741, Xã Phú Riềng, Tỉnh Đồng Nai",,2.0,1,0,0.30000000000001137,0.15000000000000568,452.6,0.8080841536973119,5.0,1,Stopped,0,0,0,0,0,VALID,VALID
92H-02687,2026-08-13 13:18:00,454.0,0,0.0,,,"Tỉnh Lộ 741, Xã Phú Riềng, Tỉnh Đồng Nai",,2.0,1,0,0.19999999999998863,0.09999999999999432,453.5,0.6906518655998425,5.0,1,Stopped,0,0,0,0,0,VALID,VALID
92H-02687,2026-08-13 13:20:00,454.1,0,0.0,,,"Tỉnh Lộ 741, Xã Phú Riềng, Tỉnh Đồng Nai",,2.0,1,0,0.10000000000002274,0.05000000000001137,453.8,0.6041522982298679,5.0,1,Stopped,0,0,0,0,0,VALID,VALID
92H-02687,2026-08-13 13:23:00,454.3,0,0.0,,,"Tỉnh Lộ 741, Xã Phú Riềng, Tỉnh Đồng Nai",,3.0,1,0,0.19999999999998863,0.06666666666666288,454.0,0.3049590127481803,5.0,1,Stopped,0,0,0,0,0,VALID,VALID
92H-02687,2026-08-13 13:25:00,454.4,0,0.0,,,"Tỉnh Lộ 741, Xã Phú Riềng, Tỉnh Đồng Nai",,2.0,1,0,0.0999999999999659,0.04999999999998295,454.1,0.23874672658759752,5.0,1,Stopped,0,0,0,0,0,VALID,VALID
92H-02687,2026-08-13 13:27:00,454.4,0,0.0,,,"Tỉnh Lộ 741, Xã Phú Riềng, Tỉnh Đồng Nai",,2.0,1,0,0.0,0.0,454.3,0.18165901974924334,5.0,1,Stopped,0,0,0,0,0,VALID,VALID
92H-02687,2026-08-13 13:29:00,454.6,0,0.0,,,"Tỉnh Lộ 741, Xã Phú Riềng, Tỉnh Đồng Nai",,2.0,1,0,0.20000000000004547,0.10000000000002274,454.4,0.1816590197491401,5.0,1,Stopped,0,0,0,0,0,VALID,VALID
92H-02687,2026-08-13 13:31:00,454.6,0,0.0,,,"Tỉnh Lộ 741, Xã Phú Riềng, Tỉnh Đồng Nai",,2.0,1,0,0.0,0.0,454.4,0.1341640766233215,5.0,1,Stopped,0,0,0,0,0,VALID,VALID
92H-02687,2026-08-13 13:34:00,454.6,0,0.0,,,"Tỉnh Lộ 741, Xã Phú Riềng, Tỉnh Đồng Nai",,3.0,1,0,0.0,0.0,454.6,0.10954450901879557,5.0,1,Stopped,0,0,0,0,0,VALID,VALID
92H-02687,2026-08-13 13:36:00,454.6,0,0.0,,,"Tỉnh Lộ 741, Xã Phú Riềng, Tỉnh Đồng Nai",,2.0,1,0,0.0,0.0,454.6,0.08944271605979333,5.0,1,Stopped,0,0,0,0,0,VALID,VALID
92H-02687,2026-08-13 13:38:00,454.6,0,0.0,,,"Tỉnh Lộ 741, Xã Phú Riềng, Tỉnh Đồng Nai",,2.0,1,0,0.0,0.0,454.6,0.0,5.0,1,Stopped,0,0,0,0,0,VALID,VALID
92H-02687,2026-08-13 13:40:00,454.6,0,0.0,,,"Tỉnh Lộ 741, Xã Phú Riềng, Tỉnh Đồng Nai",,2.0,1,0,0.0,0.0,454.6,0.0,5.0,1,Stopped,0,0,0,0,0,VALID,VALID
92H-02687,2026-08-13 13:42:00,454.6,0,0.0,,,"Tỉnh Lộ 741, Xã Phú Riềng, Tỉnh Đồng Nai",,2.0,1,0,0.0,0.0,454.6,0.0,5.0,1,Stopped,0,0,0,0,0,VALID,VALID
92H-02687,2026-08-13 13:44:00,454.6,0,0.0,,,"Tỉnh Lộ 741, Xã Phú Riềng, Tỉnh Đồng Nai",,2.0,1,0,0.0,0.0,454.6,0.0,5.0,1,Stopped,0,0,0,0,0,VALID,VALID
92H-02687,2026-08-13 13:47:00,454.6,0,0.0,,,"Tỉnh Lộ 741, Xã Phú Riềng, Tỉnh Đồng Nai",,3.0,1,0,0.0,0.0,454.6,0.0,5.0,1,Stopped,0,0,0,0,0,VALID,VALID
92H-02687,2026-08-13 13:49:00,454.6,0,0.0,,,"Tỉnh Lộ 741, Xã Phú Riềng, Tỉnh Đồng Nai",,2.0,1,0,0.0,0.0,454.6,0.0,5.0,1,Stopped,0,0,0,0,0,VALID,VALID
92H-02687,2026-08-13 13:51:00,454.6,0,0.0,,,"Tỉnh Lộ 741, Xã Phú Riềng, Tỉnh Đồng Nai",,2.0,1,0,0.0,0.0,454.6,0.0,5.0,1,Stopped,0,0,0,0,0,VALID,VALID
92H-02687,2026-08-13 13:53:00,454.6,0,0.0,,,"Tỉnh Lộ 741, Xã Phú Riềng, Tỉnh Đồng Nai",,2.0,1,0,0.0,0.0,454.6,0.0,5.0,1,Stopped,0,0,0,0,0,VALID,VALID
92H-02687,2026-08-13 13:55:00,454.6,0,0.0,,,"Tỉnh Lộ 741, Xã Phú Riềng, Tỉnh Đồng Nai",,2.0,1,0,0.0,0.0,454.6,0.0,5.0,1,Stopped,0,0,0,0,0,VALID,VALID
92H-02687,2026-08-13 13:58:00,454.6,0,0.0,,,"Tỉnh Lộ 741, Xã Phú Riềng, Tỉnh Đồng Nai",,3.0,1,0,0.0,0.0,454.6,0.0,5.0,1,Stopped,0,0,0,0,0,VALID,VALID
92H-02687,2026-08-13 14:00:00,454.6,0,0.0,,,"Tỉnh Lộ 741, Xã Phú Riềng, Tỉnh Đồng Nai",,2.0,1,0,0.0,0.0,454.6,0.0,5.0,1,Stopped,0,0,0,0,0,VALID,VALID
92H-02687,2026-08-13 14:02:00,454.6,0,0.0,,,"Tỉnh Lộ 741, Xã Phú Riềng, Tỉnh Đồng Nai",,2.0,1,0,0.0,0.0,454.6,0.0,5.0,1,Stopped,0,0,0,0,0,VALID,VALID
92H-02687,2026-08-13 14:04:00,454.6,0,0.0,,,"Tỉnh Lộ 741, Xã Phú Riềng, Tỉnh Đồng Nai",,2.0,1,0,0.0,0.0,454.6,0.0,5.0,1,Stopped,0,0,0,0,0,VALID,VALID
92H-02687,2026-08-13 14:06:00,454.6,0,0.0,,,"Tỉnh Lộ 741, Xã Phú Riềng, Tỉnh Đồng Nai",,2.0,1,0,0.0,0.0,454.6,0.0,5.0,1,Stopped,0,0,0,0,0,VALID,VALID
92H-02687,2026-08-13 14:08:00,454.6,0,0.0,,,"Tỉnh Lộ 741, Xã Phú Riềng, Tỉnh Đồng Nai",,2.0,1,0,0.0,0.0,454.6,0.0,5.0,1,Stopped,0,0,0,0,0,VALID,VALID
92H-02687,2026-08-13 14:11:00,454.6,0,0.0,,,"Tỉnh Lộ 741, Xã Phú Riềng, Tỉnh Đồng Nai",,3.0,1,0,0.0,0.0,454.6,0.0,5.0,1,Stopped,0,0,0,0,0,VALID,VALID
92H-02687,2026-08-13 14:13:00,454.6,0,0.0,,,"Tỉnh Lộ 741, Xã Phú Riềng, Tỉnh Đồng Nai",,2.0,1,0,0.0,0.0,454.6,0.0,5.0,1,Stopped,0,0,0,0,0,VALID,VALID
92H-02687,2026-08-13 14:15:00,454.6,0,0.0,,,"Tỉnh Lộ 741, Xã Phú Riềng, Tỉnh Đồng Nai",,2.0,1,0,0.0,0.0,454.6,0.0,5.0,1,Stopped,0,0,0,0,0,VALID,VALID
92H-02687,2026-08-13 14:17:00,454.6,0,0.0,,,"Tỉnh Lộ 741, Xã Phú Riềng, Tỉnh Đồng Nai",,2.0,1,0,0.0,0.0,454.6,0.0,5.0,1,Stopped,0,0,0,0,0,VALID,VALID
92H-02687,2026-08-13 14:19:00,454.6,0,0.0,,,"Tỉnh Lộ 741, Xã Phú Riềng, Tỉnh Đồng Nai",,2.0,1,0,0.0,0.0,454.6,0.0,5.0,1,Stopped,0,0,0,0,0,VALID,VALID
92H-02687,2026-08-13 14:22:00,454.6,0,0.0,,,"Tỉnh Lộ 741, Xã Phú Riềng, Tỉnh Đồng Nai",,3.0,1,0,0.0,0.0,454.6,0.0,5.0,1,Stopped,0,0,0,0,0,VALID,VALID
92H-02687,2026-08-13 14:24:00,454.6,0,0.0,,,"Tỉnh Lộ 741, Xã Phú Riềng, Tỉnh Đồng Nai",,2.0,1,0,0.0,0.0,454.6,0.0,5.0,1,Stopped,0,0,0,0,0,VALID,VALID
92H-02687,2026-08-13 14:26:00,454.6,0,0.0,,,"Tỉnh Lộ 741, Xã Phú Riềng, Tỉnh Đồng Nai",,2.0,1,0,0.0,0.0,454.6,0.0,5.0,1,Stopped,0,0,0,0,0,VALID,VALID
92H-02687,2026-08-13 14:28:00,454.6,0,0.0,,,"Tỉnh Lộ 741, Xã Phú Riềng, Tỉnh Đồng Nai",,2.0,1,0,0.0,0.0,454.6,0.0,5.0,1,Stopped,0,0,0,0,0,VALID,VALID
92H-02687,2026-08-13 14:30:00,454.6,0,0.0,,,"Tỉnh Lộ 741, Xã Phú Riềng, Tỉnh Đồng Nai",,2.0,1,0,0.0,0.0,454.6,0.0,5.0,1,Stopped,0,0,0,0,0,VALID,VALID
92H-02687,2026-08-13 14:32:00,454.6,0,0.0,,,"Tỉnh Lộ 741, Xã Phú Riềng, Tỉnh Đồng Nai",,2.0,1,0,0.0,0.0,454.6,0.0,5.0,1,Stopped,0,0,0,0,0,VALID,VALID
92H-02687,2026-08-13 14:35:00,454.6,0,0.0,,,"Tỉnh Lộ 741, Xã Phú Riềng, Tỉnh Đồng Nai",,3.0,1,0,0.0,0.0,454.6,0.0,5.0,1,Stopped,0,0,0,0,0,VALID,VALID
92H-02687,2026-08-13 14:37:00,454.6,0,0.0,,,"Tỉnh Lộ 741, Xã Phú Riềng, Tỉnh Đồng Nai",,2.0,1,0,0.0,0.0,454.6,0.0,5.0,1,Stopped,0,0,0,0,0,VALID,VALID
92H-02687,2026-08-13 14:39:00,454.6,0,0.0,,,"Tỉnh Lộ 741, Xã Phú Riềng, Tỉnh Đồng Nai",,2.0,1,0,0.0,0.0,454.6,0.0,5.0,1,Stopped,0,0,0,0,0,VALID,VALID
92H-02687,2026-08-13 14:41:00,454.6,0,0.0,,,"Tỉnh Lộ 741, Xã Phú Riềng, Tỉnh Đồng Nai",,2.0,1,0,0.0,0.0,454.6,0.0,5.0,1,Stopped,0,0,0,0,0,VALID,VALID
92H-02687,2026-08-13 14:44:00,454.6,0,0.0,,,"Tỉnh Lộ 741, Xã Phú Riềng, Tỉnh Đồng Nai",,3.0,1,0,0.0,0.0,454.6,0.0,5.0,1,Stopped,0,0,0,0,0,VALID,VALID
92H-02687,2026-08-13 14:46:00,454.6,0,0.0,,,"Tỉnh Lộ 741, Xã Phú Riềng, Tỉnh Đồng Nai",,2.0,1,0,0.0,0.0,454.6,0.0,5.0,1,Stopped,0,0,0,0,0,VALID,VALID
92H-02687,2026-08-13 14:48:00,454.6,0,0.0,,,"Tỉnh Lộ 741, Xã Phú Riềng, Tỉnh Đồng Nai",,2.0,1,0,0.0,0.0,454.6,0.0,5.0,1,Stopped,0,0,0,0,0,VALID,VALID
92H-02687,2026-08-13 14:50:00,454.6,0,0.0,,,"Tỉnh Lộ 741, Xã Phú Riềng, Tỉnh Đồng Nai",,2.0,1,0,0.0,0.0,454.6,0.0,5.0,1,Stopped,0,0,0,0,0,VALID,VALID
92H-02687,2026-08-13 14:52:00,454.6,0,0.0,,,"Tỉnh Lộ 741, Xã Phú Riềng, Tỉnh Đồng Nai",,2.0,1,0,0.0,0.0,454.6,0.0,5.0,1,Stopped,0,0,0,0,0,VALID,VALID
92H-02687,2026-08-13 14:54:00,454.6,0,0.0,,,"Tỉnh Lộ 741, Xã Phú Riềng, Tỉnh Đồng Nai",,2.0,1,0,0.0,0.0,454.6,0.0,5.0,1,Stopped,0,0,0,0,0,VALID,VALID
92H-02687,2026-08-13 14:57:00,454.6,0,0.0,,,"Tỉnh Lộ 741, Xã Phú Riềng, Tỉnh Đồng Nai",,3.0,1,0,0.0,0.0,454.6,0.0,5.0,1,Stopped,0,0,0,0,0,VALID,VALID
92H-02687,2026-08-13 14:59:00,454.6,0,0.0,,,"Tỉnh Lộ 741, Xã Phú Riềng, Tỉnh Đồng Nai",,2.0,1,0,0.0,0.0,454.6,0.0,5.0,1,Stopped,0,0,0,0,0,VALID,VALID
92H-02687,2026-08-13 15:01:00,454.6,0,0.0,,,"Tỉnh Lộ 741, Xã Phú Riềng, Tỉnh Đồng Nai",,2.0,1,0,0.0,0.0,454.6,0.0,5.0,1,Stopped,0,0,0,0,0,VALID,VALID
92H-02687,2026-08-13 15:03:00,454.6,0,0.0,,,"Tỉnh Lộ 741, Xã Phú Riềng, Tỉnh Đồng Nai",,2.0,1,0,0.0,0.0,454.6,0.0,5.0,1,Stopped,0,0,0,0,0,VALID,VALID
92H-02687,2026-08-13 15:05:00,454.6,0,0.0,,,"Tỉnh Lộ 741, Xã Phú Riềng, Tỉnh Đồng Nai",,2.0,1,0,0.0,0.0,454.6,0.0,5.0,1,Stopped,0,0,0,0,0,VALID,VALID
92H-02687,2026-08-13 15:08:00,454.6,0,0.0,,,"Tỉnh Lộ 741, Xã Phú Riềng, Tỉnh Đồng Nai",,3.0,1,0,0.0,0.0,454.6,0.0,5.0,1,Stopped,0,0,0,0,0,VALID,VALID
92H-02687,2026-08-13 15:10:00,454.6,0,0.0,,,"Tỉnh Lộ 741, Xã Phú Riềng, Tỉnh Đồng Nai",,2.0,1,0,0.0,0.0,454.6,0.0,5.0,1,Stopped,0,0,0,0,0,VALID,VALID
92H-02687,2026-08-13 15:12:00,454.6,0,0.0,,,"Tỉnh Lộ 741, Xã Phú Riềng, Tỉnh Đồng Nai",,2.0,1,0,0.0,0.0,454.6,0.0,5.0,1,Stopped,0,0,0,0,0,VALID,VALID
92H-02687,2026-08-13 15:14:00,454.6,0,0.0,,,"Tỉnh Lộ 741, Xã Phú Riềng, Tỉnh Đồng Nai",,2.0,1,0,0.0,0.0,454.6,0.0,5.0,1,Stopped,0,0,0,0,0,VALID,VALID
92H-02687,2026-08-13 15:16:00,454.6,0,0.0,,,"Tỉnh Lộ 741, Xã Phú Riềng, Tỉnh Đồng Nai",,2.0,1,0,0.0,0.0,454.6,0.0,5.0,1,Stopped,0,0,0,0,0,VALID,VALID
92H-02687,2026-08-13 15:18:00,454.6,0,0.0,,,"Tỉnh Lộ 741, Xã Phú Riềng, Tỉnh Đồng Nai",,2.0,1,0,0.0,0.0,454.6,0.0,5.0,1,Stopped,0,0,0,0,0,VALID,VALID
92H-02687,2026-08-13 15:21:00,454.6,0,0.0,,,"Tỉnh Lộ 741, Xã Phú Riềng, Tỉnh Đồng Nai",,3.0,1,0,0.0,0.0,454.6,0.0,5.0,1,Stopped,0,0,0,0,0,VALID,VALID
92H-02687,2026-08-13 15:23:00,454.6,0,0.0,,,"Tỉnh Lộ 741, Xã Phú Riềng, Tỉnh Đồng Nai",,2.0,1,0,0.0,0.0,454.6,0.0,5.0,1,Stopped,0,0,0,0,0,VALID,VALID
92H-02687,2026-08-13 15:25:00,454.6,0,0.0,,,"Tỉnh Lộ 741, Xã Phú Riềng, Tỉnh Đồng Nai",,2.0,1,0,0.0,0.0,454.6,0.0,5.0,1,Stopped,0,0,0,0,0,VALID,VALID
92H-02687,2026-08-13 15:27:00,454.6,0,0.0,,,"Tỉnh Lộ 741, Xã Phú Riềng, Tỉnh Đồng Nai",,2.0,1,0,0.0,0.0,454.6,0.0,5.0,1,Stopped,0,0,0,0,0,VALID,VALID
92H-02687,2026-08-13 15:29:00,454.6,0,0.0,,,"Tỉnh Lộ 741, Xã Phú Riềng, Tỉnh Đồng Nai",,2.0,1,0,0.0,0.0,454.6,0.0,5.0,1,Stopped,0,0,0,0,0,VALID,VALID
92H-02687,2026-08-13 15:32:00,454.6,0,0.0,,,"Tỉnh Lộ 741, Xã Phú Riềng, Tỉnh Đồng Nai",,3.0,1,0,0.0,0.0,454.6,0.0,5.0,1,Stopped,0,0,0,0,0,VALID,VALID
92H-02687,2026-08-13 15:34:00,454.6,0,0.0,,,"Tỉnh Lộ 741, Xã Phú Riềng, Tỉnh Đồng Nai",,2.0,1,0,0.0,0.0,454.6,0.0,5.0,1,Stopped,0,0,0,0,0,VALID,VALID
92H-02687,2026-08-13 15:36:00,454.6,0,0.0,,,"Tỉnh Lộ 741, Xã Phú Riềng, Tỉnh Đồng Nai",,2.0,1,0,0.0,0.0,454.6,0.0,5.0,1,Stopped,0,0,0,0,0,VALID,VALID
92H-02687,2026-08-13 15:38:00,454.1,0,0.0,,,"Tỉnh Lộ 741, Xã Phú Riềng, Tỉnh Đồng Nai",,2.0,1,0,-0.5,-0.25,454.6,0.22360679653396145,5.0,1,Stopped,0,0,0,0,0,VALID,VALID
92H-02687,2026-08-13 15:40:00,454.6,0,0.0,,,"Tỉnh Lộ 741, Xã Phú Riềng, Tỉnh Đồng Nai",,2.0,1,0,0.5,0.25,454.6,0.22360679653396145,5.0,1,Stopped,0,0,0,0,0,VALID,VALID
92H-02687,2026-08-13 15:42:00,454.6,0,0.0,,,"Tỉnh Lộ 741, Xã Phú Riềng, Tỉnh Đồng Nai",,2.0,1,0,0.0,0.0,454.6,0.22360679653396145,5.0,1,Stopped,0,0,0,0,0,VALID,VALID
92H-02687,2026-08-13 15:44:00,454.6,0,0.0,,,"Tỉnh Lộ 741, Xã Phú Riềng, Tỉnh Đồng Nai",,2.0,1,0,0.0,0.0,454.6,0.22360679653396145,5.0,1,Stopped,0,0,0,0,0,VALID,VALID
92H-02687,2026-08-13 15:46:00,454.6,0,0.0,,,"Tỉnh Lộ 741, Xã Phú Riềng, Tỉnh Đồng Nai",,2.0,1,0,0.0,0.0,454.6,0.22360679653396145,5.0,1,Stopped,0,0,0,0,0,VALID,VALID
92H-02687,2026-08-13 15:49:00,454.6,0,0.0,,,"Tỉnh Lộ 741, Xã Phú Riềng, Tỉnh Đồng Nai",,3.0,1,0,0.0,0.0,454.6,0.0,5.0,1,Stopped,0,0,0,0,0,VALID,VALID
92H-02687,2026-08-13 15:51:00,454.6,0,0.0,,,"Tỉnh Lộ 741, Xã Phú Riềng, Tỉnh Đồng Nai",,2.0,1,0,0.0,0.0,454.6,0.0,5.0,1,Stopped,0,0,0,0,0,VALID,VALID
92H-02687,2026-08-13 15:53:00,454.6,0,0.0,,,"Tỉnh Lộ 741, Xã Phú Riềng, Tỉnh Đồng Nai",,2.0,1,0,0.0,0.0,454.6,0.0,5.0,1,Stopped,0,0,0,0,0,VALID,VALID
92H-02687,2026-08-13 15:55:00,454.6,0,0.0,,,"Tỉnh Lộ 741, Xã Phú Riềng, Tỉnh Đồng Nai",,2.0,1,0,0.0,0.0,454.6,0.0,5.0,1,Stopped,0,0,0,0,0,VALID,VALID
92H-02687,2026-08-13 15:57:00,454.6,0,0.0,,,"Tỉnh Lộ 741, Xã Phú Riềng, Tỉnh Đồng Nai",,2.0,1,0,0.0,0.0,454.6,0.0,5.0,1,Stopped,0,0,0,0,0,VALID,VALID
92H-02687,2026-08-13 16:00:00,454.6,0,0.0,,,"Tỉnh Lộ 741, Xã Phú Riềng, Tỉnh Đồng Nai",,3.0,1,0,0.0,0.0,454.6,0.0,5.0,1,Stopped,0,0,0,0,0,VALID,VALID
92H-02687,2026-08-13 16:02:00,454.6,0,0.0,,,"Tỉnh Lộ 741, Xã Phú Riềng, Tỉnh Đồng Nai",,2.0,1,0,0.0,0.0,454.6,0.0,5.0,1,Stopped,0,0,0,0,0,VALID,VALID
92H-02687,2026-08-13 16:04:00,454.6,0,0.0,,,"Tỉnh Lộ 741, Xã Phú Riềng, Tỉnh Đồng Nai",,2.0,1,0,0.0,0.0,454.6,0.0,5.0,1,Stopped,0,0,0,0,0,VALID,VALID
92H-02687,2026-08-13 16:06:00,454.6,0,0.0,,,"Tỉnh Lộ 741, Xã Phú Riềng, Tỉnh Đồng Nai",,2.0,1,0,0.0,0.0,454.6,0.0,5.0,1,Stopped,0,0,0,0,0,VALID,VALID
92H-02687,2026-08-13 16:08:00,454.4,0,0.0,,,"Tỉnh Lộ 741, Xã Phú Riềng, Tỉnh Đồng Nai",,2.0,1,0,-0.20000000000004547,-0.10000000000002274,454.6,0.08944271605979331,5.0,1,Stopped,0,0,0,0,0,VALID,VALID
92H-02687,2026-08-13 16:10:00,454.4,0,0.0,,,"Tỉnh Lộ 741, Xã Phú Riềng, Tỉnh Đồng Nai",,2.0,1,0,0.0,0.0,454.6,0.10954450901879556,5.0,1,Stopped,0,0,0,0,0,VALID,VALID
92H-02687,2026-08-13 16:13:00,454.4,0,0.0,,,"Tỉnh Lộ 741, Xã Phú Riềng, Tỉnh Đồng Nai",,3.0,1,0,0.0,0.0,454.4,0.10954450901885912,5.0,1,Stopped,0,0,0,0,0,VALID,VALID
92H-02687,2026-08-13 16:15:00,454.4,0,0.0,,,"Tỉnh Lộ 741, Xã Phú Riềng, Tỉnh Đồng Nai",,2.0,1,0,0.0,0.0,454.4,0.08944271606002688,5.0,1,Stopped,0,0,0,0,0,VALID,VALID
92H-02687,2026-08-13 16:17:00,454.4,0,0.0,,,"Tỉnh Lộ 741, Xã Phú Riềng, Tỉnh Đồng Nai",,2.0,1,0,0.0,0.0,454.4,0.0,5.0,1,Stopped,0,0,0,0,0,VALID,VALID
92H-02687,2026-08-13 16:19:00,454.4,0,0.0,,,"Tỉnh Lộ 741, Xã Phú Riềng, Tỉnh Đồng Nai",,2.0,1,0,0.0,0.0,454.4,0.0,5.0,1,Stopped,0,0,0,0,0,VALID,VALID
92H-02687,2026-08-13 16:21:00,454.4,0,0.0,,,"Tỉnh Lộ 741, Xã Phú Riềng, Tỉnh Đồng Nai",,2.0,1,0,0.0,0.0,454.4,0.0,5.0,1,Stopped,0,0,0,0,0,VALID,VALID
92H-02687,2026-08-13 16:24:00,454.4,0,0.0,,,"Tỉnh Lộ 741, Xã Phú Riềng, Tỉnh Đồng Nai",,3.0,1,0,0.0,0.0,454.4,0.0,5.0,1,Stopped,0,0,0,0,0,VALID,VALID
92H-02687,2026-08-13 16:26:00,454.4,0,0.0,,,"Tỉnh Lộ 741, Xã Phú Riềng, Tỉnh Đồng Nai",,2.0,1,0,0.0,0.0,454.4,0.0,5.0,1,Stopped,0,0,0,0,0,VALID,VALID
92H-02687,2026-08-13 16:28:00,454.4,0,0.0,,,"Tỉnh Lộ 741, Xã Phú Riềng, Tỉnh Đồng Nai",,2.0,1,0,0.0,0.0,454.4,0.0,5.0,1,Stopped,0,0,0,0,0,VALID,VALID
92H-02687,2026-08-13 16:30:00,454.4,0,0.0,,,"Tỉnh Lộ 741, Xã Phú Riềng, Tỉnh Đồng Nai",,2.0,1,0,0.0,0.0,454.4,0.0,5.0,1,Stopped,0,0,0,0,0,VALID,VALID
92H-02687,2026-08-13 16:32:00,454.4,0,0.0,,,"Tỉnh Lộ 741, Xã Phú Riềng, Tỉnh Đồng Nai",,2.0,1,0,0.0,0.0,454.4,0.0,5.0,1,Stopped,0,0,0,0,0,VALID,VALID
92H-02687,2026-08-13 16:34:00,454.4,0,0.0,,,"Tỉnh Lộ 741, Xã Phú Riềng, Tỉnh Đồng Nai",,2.0,1,0,0.0,0.0,454.4,0.0,5.0,1,Stopped,0,0,0,0,0,VALID,VALID
92H-02687,2026-08-13 16:37:00,454.4,0,0.0,,,"Tỉnh Lộ 741, Xã Phú Riềng, Tỉnh Đồng Nai",,3.0,1,0,0.0,0.0,454.4,0.0,5.0,1,Stopped,0,0,0,0,0,VALID,VALID
92H-02687,2026-08-13 16:39:00,454.4,0,0.0,,,"Tỉnh Lộ 741, Xã Phú Riềng, Tỉnh Đồng Nai",,2.0,1,0,0.0,0.0,454.4,0.0,5.0,1,Stopped,0,0,0,0,0,VALID,VALID
92H-02687,2026-08-13 16:41:00,454.4,0,0.0,,,"Tỉnh Lộ 741, Xã Phú Riềng, Tỉnh Đồng Nai",,2.0,1,0,0.0,0.0,454.4,0.0,5.0,1,Stopped,0,0,0,0,0,VALID,VALID
92H-02687,2026-08-13 16:43:00,454.4,0,0.0,,,"Tỉnh Lộ 741, Xã Phú Riềng, Tỉnh Đồng Nai",,2.0,1,0,0.0,0.0,454.4,0.0,5.0,1,Stopped,0,0,0,0,0,VALID,VALID
92H-02687,2026-08-13 16:45:00,454.4,0,0.0,,,"Tỉnh Lộ 741, Xã Phú Riềng, Tỉnh Đồng Nai",,2.0,1,0,0.0,0.0,454.4,0.0,5.0,1,Stopped,0,0,0,0,0,VALID,VALID
92H-02687,2026-08-13 16:48:00,454.4,0,0.0,,,"Tỉnh Lộ 741, Xã Phú Riềng, Tỉnh Đồng Nai",,3.0,1,0,0.0,0.0,454.4,0.0,5.0,1,Stopped,0,0,0,0,0,VALID,VALID
92H-02687,2026-08-13 16:50:00,454.4,0,0.0,,,"Tỉnh Lộ 741, Xã Phú Riềng, Tỉnh Đồng Nai",,2.0,1,0,0.0,0.0,454.4,0.0,5.0,1,Stopped,0,0,0,0,0,VALID,VALID
92H-02687,2026-08-13 16:52:00,454.4,0,0.0,,,"Tỉnh Lộ 741, Xã Phú Riềng, Tỉnh Đồng Nai",,2.0,1,0,0.0,0.0,454.4,0.0,5.0,1,Stopped,0,0,0,0,0,VALID,VALID
92H-02687,2026-08-13 16:54:00,450.1,0,0.0,,,"Tỉnh Lộ 741, Xã Phú Riềng, Tỉnh Đồng Nai",,2.0,1,0,-4.2999999999999545,-2.1499999999999773,454.4,1.9230184605084584,5.0,1,Stopped,0,0,0,0,0,VALID,VALID
92H-02687,2026-08-13 16:56:00,446.6,0,0.0,,,"Tỉnh Lộ 741, Xã Phú Riềng, Tỉnh Đồng Nai",,2.0,1,0,-3.5,-1.75,454.4,3.537230555032647,5.0,1,Stopped,0,0,0,0,0,VALID,VALID
92H-02687,2026-08-13 16:58:00,446.2,0,0.0,,,"Tỉnh Lộ 741, Xã Phú Riềng, Tỉnh Đồng Nai",,2.0,1,0,-0.4000000000000341,-0.20000000000001705,450.1,4.004747182963861,5.0,1,Stopped,0,0,0,0,0,VALID,VALID
92H-02687,2026-08-13 17:01:00,446.0,0,0.0,,,"Tỉnh Lộ 741, Xã Phú Riềng, Tỉnh Đồng Nai",,3.0,1,0,-0.19999999999998863,-0.06666666666666288,446.6,3.6191159140676037,5.0,1,Stopped,0,0,0,0,0,VALID,VALID
92H-02687,2026-08-13 17:03:00,445.9,0,0.0,,,"Tỉnh Lộ 741, Xã Phú Riềng, Tỉnh Đồng Nai",,2.0,1,0,-0.10000000000002274,-0.05000000000001137,446.2,1.775668887900524,5.0,1,Stopped,0,0,0,0,0,VALID,VALID
92H-02687,2026-08-13 17:05:00,445.7,0,0.0,,,"Tỉnh Lộ 741, Xã Phú Riềng, Tỉnh Đồng Nai",,2.0,1,0,-0.19999999999998863,-0.09999999999999432,446.0,0.34205262673755243,5.0,1,Stopped,0,0,0,0,0,VALID,VALID
92H-02687,2026-08-13 17:07:00,445.6,0,0.0,,,"Tỉnh Lộ 741, Xã Phú Riềng, Tỉnh Đồng Nai",,2.0,1,0,-0.0999999999999659,-0.04999999999998295,445.9,0.23874672659137136,5.0,1,Stopped,0,0,0,0,0,VALID,VALID
92H-02687,2026-08-13 17:09:00,445.4,0,0.0,,,"Tỉnh Lộ 741, Xã Phú Riềng, Tỉnh Đồng Nai",,2.0,1,0,-0.20000000000004547,-0.10000000000002274,445.7,0.2387467265914666,5.0,1,Stopped,0,0,0,0,0,VALID,VALID
92H-02687,2026-08-13 17:12:00,445.4,0,0.0,,,"Tỉnh Lộ 741, Xã Phú Riềng, Tỉnh Đồng Nai",,3.0,1,0,0.0,0.0,445.6,0.21213203307884998,5.0,1,Stopped,0,0,0,0,0,VALID,VALID
92H-02687,2026-08-13 17:14:00,445.3,0,0.0,,,"Tỉnh Lộ 741, Xã Phú Riềng, Tỉnh Đồng Nai",,2.0,1,0,-0.0999999999999659,-0.04999999999998295,445.4,0.16431676560287933,5.0,1,Stopped,0,0,0,0,0,VALID,VALID
92H-02687,2026-08-13 17:16:00,445.2,0,0.0,,,"Tỉnh Lộ 741, Xã Phú Riềng, Tỉnh Đồng Nai",,2.0,1,0,-0.10000000000002274,-0.05000000000001137,445.4,0.1483239679155364,5.0,1,Stopped,0,0,0,0,0,VALID,VALID
92H-02687,2026-08-13 17:18:00,445.2,0,0.0,,,"Tỉnh Lộ 741, Xã Phú Riềng, Tỉnh Đồng Nai",,2.0,1,0,0.0,0.0,445.3,0.09999999729107237,5.0,1,Stopped,0,0,0,0,0,VALID,VALID
92H-02687,2026-08-13 17:20:00,445.0,0,0.0,,,"Tỉnh Lộ 741, Xã Phú Riềng, Tỉnh Đồng Nai",,2.0,1,0,-0.19999999999998863,-0.09999999999999432,445.2,0.14832396791557567,5.0,1,Stopped,0,0,0,0,0,VALID,VALID
92H-02687,2026-08-13 17:22:00,444.9,0,0.0,,,"Tỉnh Lộ 741, Xã Phú Riềng, Tỉnh Đồng Nai",,2.0,1,0,-0.10000000000002274,-0.05000000000001137,445.2,0.1643167656030218,5.0,1,Stopped,0,0,0,0,0,VALID,VALID
92H-02687,2026-08-13 17:25:00,444.7,0,0.0,,,"Tỉnh Lộ 741, Xã Phú Riềng, Tỉnh Đồng Nai",,3.0,1,0,-0.19999999999998863,-0.06666666666666288,445.0,0.21213203307905532,5.0,1,Stopped,0,0,0,0,0,VALID,VALID
92H-02687,2026-08-13 17:27:00,444.6,0,0.0,,,"Tỉnh Lộ 741, Xã Phú Riềng, Tỉnh Đồng Nai",,2.0,1,0,-0.0999999999999659,-0.04999999999998295,444.9,0.23874672659172672,5.0,1,Stopped,0,0,0,0,0,VALID,VALID
92H-02687,2026-08-13 17:29:00,444.4,0,0.0,,,"Tỉnh Lộ 741, Xã Phú Riềng, Tỉnh Đồng Nai",,2.0,1,0,-0.20000000000004547,-0.10000000000002274,444.7,0.2387467265917791,5.0,1,Stopped,0,0,0,0,0,VALID,VALID
92H-02687,2026-08-13 17:31:00,444.4,0,0.0,,,"Tỉnh Lộ 741, Xã Phú Riềng, Tỉnh Đồng Nai",,2.0,1,0,0.0,0.0,444.6,0.21213203307916553,5.0,1,Stopped,0,0,0,0,0,VALID,VALID
92H-02687,2026-08-13 17:33:00,444.1,0,0.0,,,"Tỉnh Lộ 741, Xã Phú Riềng, Tỉnh Đồng Nai",,2.0,1,0,-0.2999999999999545,-0.14999999999997726,444.4,0.2302172874879579,5.0,1,Stopped,0,0,0,0,0,VALID,VALID
92H-02687,2026-08-13 17:36:00,444.1,0,0.0,,,"Tỉnh Lộ 741, Xã Phú Riềng, Tỉnh Đồng Nai",,3.0,1,0,0.0,0.0,444.4,0.21679483263751143,5.0,1,Stopped,0,0,0,0,0,VALID,VALID
92H-02687,2026-08-13 17:38:00,444.0,0,0.0,,,"Tỉnh Lộ 741, Xã Phú Riềng, Tỉnh Đồng Nai",,2.0,1,0,-0.10000000000002274,-0.05000000000001137,444.1,0.18708286789104195,5.0,1,Stopped,0,0,0,0,0,VALID,VALID
92H-02687,2026-08-13 17:40:00,443.8,0,0.0,,,"Tỉnh Lộ 741, Xã Phú Riềng, Tỉnh Đồng Nai",,2.0,1,0,-0.19999999999998863,-0.09999999999999432,444.1,0.21679483263758878,5.0,1,Stopped,0,0,0,0,0,VALID,VALID
92H-02687,2026-08-13 17:42:00,443.7,0,0.0,,,"Tỉnh Lộ 741, Xã Phú Riềng, Tỉnh Đồng Nai",,2.0,1,0,-0.10000000000002274,-0.05000000000001137,444.0,0.18165901975514404,5.0,1,Stopped,0,0,0,0,0,VALID,VALID
92H-02687,2026-08-13 17:44:00,443.5,0,0.0,,,"Tỉnh Lộ 741, Xã Phú Riềng, Tỉnh Đồng Nai",,2.0,1,0,-0.19999999999998863,-0.09999999999999432,443.8,0.23874672659207655,5.0,1,Stopped,0,0,0,0,0,VALID,VALID
92H-02687,2026-08-13 17:46:00,448.4,20,0.16666666666666666,,,"Tỉnh Lộ 741, Xã Thuận Lợi, Tỉnh Đồng Nai",,2.0,1,0,4.899999999999977,2.4499999999999886,443.8,2.0873428083231125,5.0,1,Moving,0,0,0,0,0,VALID,VALID
92H-02687,2026-08-13 17:48:00,451.8,51,0.25833333333333336,,,"Tỉnh Lộ 741, Xã Thuận Lợi, Tỉnh Đồng Nai",,2.0,1,0,3.400000000000034,1.700000000000017,443.8,3.7246476342679724,5.0,1,Moving,0,0,0,0,0,VALID,VALID
92H-02687,2026-08-13 17:50:00,450.7,48,-0.025,,,"Tỉnh Lộ 741, Xã Thuận Lợi, Tỉnh Đồng Nai",,2.0,1,0,-1.1000000000000227,-0.5500000000000114,448.4,3.87001291980502,5.0,1,Moving,0,0,0,0,0,VALID,VALID
92H-02687,2026-08-13 17:52:00,450.9,56,0.06666666666666667,,,"Tỉnh Lộ 741, Xã Thuận Lợi, Tỉnh Đồng Nai",,2.0,1,0,0.19999999999998863,0.09999999999999432,450.7,3.351566797701861,5.0,1,Moving,0,0,0,0,0,VALID,VALID
92H-02687,2026-08-13 17:54:00,451.0,56,0.0,,,"Tỉnh Lộ 741, Xã Thuận Lợi, Tỉnh Đồng Nai",,2.0,1,0,0.10000000000002274,0.05000000000001137,450.9,1.2778888838460594,5.0,1,Moving,0,0,0,0,0,VALID,VALID
92H-02687,2026-08-13 17:56:00,448.1,40,-0.13333333333333333,,,"Tỉnh Lộ 741, Xã Thuận Lợi, Tỉnh Đồng Nai",,2.0,1,0,-2.8999999999999773,-1.4499999999999886,450.9,1.4053469320624272,5.0,1,Moving,0,0,0,0,0,VALID,VALID
92H-02687,2026-08-13 17:58:00,446.0,54,0.11666666666666667,,,"Tỉnh Lộ 741, Xã Thuận Lợi, Tỉnh Đồng Nai",,2.0,1,0,-2.1000000000000227,-1.0500000000000114,450.7,2.221035794276491,5.0,1,Moving,0,0,0,0,0,VALID,VALID
92H-02687,2026-08-13 18:00:00,445.9,49,-0.041666666666666664,,,"Phú Riềng Đỏ, Phường Bình Phước, Tỉnh Đồng Nai",,2.0,1,0,-0.10000000000002274,-0.05000000000001137,448.1,2.5053941804549544,5.0,1,Moving,0,0,0,0,0,VALID,VALID
92H-02687,2026-08-13 18:02:00,446.9,48,-0.008333333333333333,,,"Phú Riềng Đỏ, Phường Bình Phước, Tỉnh Đồng Nai",,2.0,1,0,1.0,0.5,446.9,2.106418761656307,5.0,1,Moving,0,0,0,0,0,VALID,VALID
92H-02687,2026-08-13 18:04:00,445.3,20,-0.23333333333333334,,,"Phú Riềng Đỏ, Phường Bình Phước, Tỉnh Đồng Nai",,2.0,1,0,-1.599999999999966,-0.799999999999983,446.0,1.0899541272263484,5.0,1,Moving,0,0,0,0,0,VALID,VALID
92H-02687,2026-08-13 18:06:00,445.3,30,0.08333333333333333,,,"Phú Riềng Đỏ, Phường Bình Phước, Tỉnh Đồng Nai",,2.0,1,0,0.0,0.0,445.9,0.6572670685936661,5.0,1,Moving,0,0,0,0,0,VALID,VALID
92H-02687,2026-08-13 18:08:00,445.3,36,0.05,,,"Phú Riềng Đỏ, Phường Bình Phước, Tỉnh Đồng Nai",,2.0,1,0,0.0,0.0,445.3,0.6985699674747781,5.0,1,Moving,0,0,0,0,0,VALID,VALID
92H-02687,2026-08-13 18:10:00,445.4,40,0.03333333333333333,,,"Phú Riềng Đỏ, Phường Bình Phước, Tỉnh Đồng Nai",,2.0,1,0,0.0999999999999659,0.04999999999998295,445.3,0.7056911501908791,5.0,1,Moving,0,0,0,0,0,VALID,VALID
92H-02687,2026-08-13 18:12:00,446.6,44,0.03333333333333333,,,"Phú Riềng Đỏ, Phường Bình Phước, Tỉnh Đồng Nai",,2.0,1,0,1.2000000000000455,0.6000000000000227,445.3,0.571839137745714,5.0,1,Moving,0,0,0,0,0,VALID,VALID
92H-02687,2026-08-13 18:14:00,446.3,30,-0.11666666666666667,,,"Tỉnh Lộ 741, Phường Bình Phước, Tỉnh Đồng Nai",,2.0,1,0,-0.30000000000001137,-0.15000000000000568,445.4,0.6220932401640059,5.0,1,Moving,0,0,0,0,0,VALID,VALID
92H-02687,2026-08-13 18:16:00,444.1,27,-0.025,,,"Tỉnh Lộ 741, Phường Bình Phước, Tỉnh Đồng Nai",,2.0,1,0,-2.1999999999999886,-1.0999999999999943,445.4,0.9813256337514827,5.0,1,Moving,0,0,0,0,0,VALID,VALID
92H-02687,2026-08-13 18:18:00,444.1,3,-0.2,,,"Tỉnh Lộ 741, Xã Đồng Phú, Tỉnh Đồng Nai",,2.0,1,0,0.0,0.0,445.4,1.1811011808722163,5.0,1,Moving,0,0,0,0,0,VALID,VALID
92H-02687,2026-08-13 18:20:00,443.5,44,0.3416666666666667,,,"Cách Mạng Tháng 8, Xã Đồng Phú, Tỉnh Đồng Nai",,2.0,1,0,-0.6000000000000227,-0.30000000000001137,444.1,1.421970463637612,5.0,1,Moving,0,0,0,0,0,VALID,VALID
92H-02687,2026-08-13 18:22:00,443.5,50,0.05,,,"Cách Mạng Tháng 8, Xã Đồng Phú, Tỉnh Đồng Nai",,2.0,1,0,0.0,0.0,444.1,1.1575836900448084,5.0,1,Moving,0,0,0,0,0,VALID,VALID
92H-02687,2026-08-13 18:24:00,443.2,46,-0.03333333333333333,,,"Cách Mạng Tháng 8, Xã Đồng Phú, Tỉnh Đồng Nai",,2.0,1,0,-0.30000000000001137,-0.15000000000000568,443.5,0.4024922352763596,5.0,1,Moving,0,0,0,0,0,VALID,VALID
92H-02687,2026-08-13 18:26:00,443.2,48,0.016666666666666666,,,"Tỉnh Lộ 741, Xã Đồng Phú, Tỉnh Đồng Nai",,2.0,1,0,0.0,0.0,443.5,0.3674234606795758,5.0,1,Moving,0,0,0,0,0,VALID,VALID
92H-02687,2026-08-13 18:28:00,443.1,58,0.08333333333333333,,,"Tỉnh Lộ 741, Xã Đồng Phú, Tỉnh Đồng Nai",,2.0,1,0,-0.0999999999999659,-0.04999999999998295,443.2,0.18708286788947515,5.0,1,Moving,0,0,0,0,0,VALID,VALID
92H-02687,2026-08-13 18:30:00,442.9,62,0.03333333333333333,,,"Tỉnh Lộ 741, Xã Đồng Phú, Tỉnh Đồng Nai",,2.0,1,0,-0.20000000000004547,-0.10000000000002274,443.2,0.21679483263619478,5.0,1,Moving,0,0,0,0,0,VALID,VALID
92H-02687,2026-08-13 18:32:00,442.7,55,-0.058333333333333334,,,"Tỉnh Lộ 741, Xã Đồng Phú, Tỉnh Đồng Nai",,2.0,1,0,-0.19999999999998863,-0.09999999999999432,443.1,0.21679483263621838,5.0,1,Moving,0,0,0,0,0,VALID,VALID
92H-02687,2026-08-13 18:34:00,441.5,36,-0.15833333333333333,,,"Tỉnh Lộ 741, Xã Đồng Phú, Tỉnh Đồng Nai",,2.0,1,0,-1.1999999999999886,-0.5999999999999943,442.9,0.6870225610980905,5.0,1,Moving,0,0,0,0,0,VALID,VALID
92H-02687,2026-08-13 18:36:00,441.6,57,0.175,,,"Tỉnh Lộ 741, Xã Phú Giáo, TP Hồ Chí Minh",,2.0,1,0,0.10000000000002274,0.05000000000001137,442.7,0.753657746896946,5.0,1,Moving,0,0,0,0,0,VALID,VALID
92H-02687,2026-08-13 18:38:00,441.3,38,-0.15833333333333333,,,"Tỉnh Lộ 741, Xã Phú Giáo, TP Hồ Chí Minh",,2.0,1,0,-0.30000000000001137,-0.15000000000000568,441.6,0.7416198483439979,5.0,1,Moving,0,0,0,0,0,VALID,VALID
92H-02687,2026-08-13 18:40:00,441.2,50,0.1,,,"Tỉnh Lộ 741, Xã Phú Giáo, TP Hồ Chí Minh",,2.0,1,0,-0.10000000000002274,-0.05000000000001137,441.5,0.6024948128057009,5.0,1,Moving,0,0,0,0,0,VALID,VALID
92H-02687,2026-08-13 18:42:00,440.3,47,-0.025,,,"Tỉnh Lộ 741, Xã Phú Giáo, TP Hồ Chí Minh",,2.0,1,0,-0.8999999999999773,-0.44999999999998863,441.3,0.5167204267858571,5.0,1,Moving,0,0,0,0,0,VALID,VALID
92H-02687,2026-08-13 18:44:00,440.3,5,-0.35,,,"Tỉnh Lộ 741, Xã Phú Giáo, TP Hồ Chí Minh",,2.0,1,0,0.0,0.0,441.2,0.602494812805687,5.0,1,Moving,0,0,0,0,0,VALID,VALID
92H-02687,2026-08-13 18:46:00,439.9,54,0.4083333333333333,,,"Tỉnh Lộ 741, Xã Phú Giáo, TP Hồ Chí Minh",,2.0,1,0,-0.4000000000000341,-0.20000000000001705,440.3,0.6164413998570705,5.0,1,Moving,0,0,0,0,0,VALID,VALID
92H-02687,2026-08-13 18:48:00,439.7,40,-0.11666666666666667,,,"Tỉnh Lộ 741, Xã Phú Giáo, TP Hồ Chí Minh",,2.0,1,0,-0.19999999999998863,-0.09999999999999432,440.3,0.5761944111649444,5.0,1,Moving,0,0,0,0,0,VALID,VALID
92H-02687,2026-08-13 18:50:00,438.8,42,0.016666666666666666,,,"Tỉnh Lộ 741, Xã Phú Giáo, TP Hồ Chí Minh",,2.0,1,0,-0.8999999999999773,-0.44999999999998863,439.9,0.616441399857012,5.0,1,Moving,0,0,0,0,0,VALID,VALID
92H-02687,2026-08-13 18:52:00,436.8,41,-0.008333333333333333,,,"Tỉnh Lộ 741, Xã Phước Hòa, TP Hồ Chí Minh",,2.0,1,0,-2.0,-1.0,439.7,1.3982131452169912,5.0,1,Moving,0,0,0,0,0,VALID,VALID
92H-02687,2026-08-13 18:54:00,438.0,0,-0.3416666666666667,,,"Tỉnh Lộ 741, Xã Phước Hòa, TP Hồ Chí Minh",,2.0,1,0,1.1999999999999886,0.5999999999999943,438.8,1.2778888838461453,5.0,1,Stopped,0,0,0,0,0,VALID,VALID
92H-02687,2026-08-13 18:56:00,439.4,44,0.36666666666666664,,,"Tỉnh Lộ 741, Xã Phước Hòa, TP Hồ Chí Minh",,2.0,1,0,1.3999999999999773,0.6999999999999886,438.8,1.1696153211451854,5.0,1,Moving,0,0,0,0,0,VALID,VALID
92H-02687,2026-08-13 18:58:00,437.7,51,0.058333333333333334,,,"Tỉnh Lộ 741, Xã Phước Hòa, TP Hồ Chí Minh",,2.0,1,0,-1.6999999999999886,-0.8499999999999943,438.0,1.0039920315707291,5.0,1,Moving,0,0,0,0,0,VALID,VALID
92H-02687,2026-08-13 19:00:00,437.4,32,-0.15833333333333333,,,"Tỉnh Lộ 741, Xã Phước Hòa, TP Hồ Chí Minh",,2.0,1,0,-0.30000000000001137,-0.15000000000000568,437.7,0.968504000744172,5.0,1,Moving,0,0,0,0,0,VALID,VALID
92H-02687,2026-08-13 19:02:00,435.7,39,0.058333333333333334,,,"Cầu Phước Hòa, Xã Phước Hòa, TP Hồ Chí Minh",,2.0,1,0,-1.6999999999999886,-0.8499999999999943,437.7,1.327780102071669,5.0,1,Moving,0,0,0,0,0,VALID,VALID
92H-02687,2026-08-13 19:04:00,436.8,49,0.08333333333333333,,,"Tỉnh Lộ 741, Xã Phước Hòa, TP Hồ Chí Minh",,2.0,1,0,1.1000000000000227,0.5500000000000114,437.4,1.3546217182141296,5.0,1,Moving,0,0,0,0,0,VALID,VALID
92H-02687,2026-08-13 19:06:00,436.5,53,0.03333333333333333,,,"Tỉnh Lộ 741, Xã Phước Hòa, TP Hồ Chí Minh",,2.0,1,0,-0.30000000000001137,-0.15000000000000568,436.8,0.7854934751207827,5.0,1,Moving,0,0,0,0,0,VALID,VALID
92H-02687,2026-08-13 19:08:00,436.3,54,0.008333333333333333,,,"Tỉnh Lộ 741, Xã Phước Hòa, TP Hồ Chí Minh",,2.0,1,0,-0.19999999999998863,-0.09999999999999432,436.5,0.6268971203134355,5.0,1,Moving,0,0,0,0,0,VALID,VALID
92H-02687,2026-08-13 19:10:00,434.9,57,0.025,,,"Tỉnh Lộ 741, Xã Phước Hòa, TP Hồ Chí Minh",,2.0,1,0,-1.400000000000034,-0.700000000000017,436.3,0.753657746896549,5.0,1,Moving,0,0,0,0,0,VALID,VALID
92H-02687,2026-08-13 19:12:00,433.1,19,-0.31666666666666665,,,"Tỉnh Lộ 741, Xã Phước Hòa, TP Hồ Chí Minh",,2.0,1,0,-1.7999999999999545,-0.8999999999999773,436.3,1.5368799560984077,5.0,1,Moving,0,0,0,0,0,VALID,VALID
92H-02687,2026-08-13 19:14:00,434.0,32,0.10833333333333334,,,"Tỉnh Lộ 741, Phường Vĩnh Tân, TP Hồ Chí Minh",,2.0,1,0,0.8999999999999773,0.44999999999998863,434.9,1.4621901379290396,5.0,1,Moving,0,0,0,0,0,VALID,VALID
92H-02687,2026-08-13 19:16:00,434.0,57,0.20833333333333334,,,"Nguyễn Văn Thành, Phường Vĩnh Tân, TP Hồ Chí Minh",,2.0,1,0,0.0,0.0,434.0,1.2095453689121634,5.0,1,Moving,0,0,0,0,0,VALID,VALID
92H-02687,2026-08-13 19:18:00,433.7,59,0.016666666666666666,,,"Nguyễn Văn Thành, Phường Vĩnh Tân, TP Hồ Chí Minh",,2.0,1,0,-0.30000000000001137,-0.15000000000000568,434.0,0.650384501242718,5.0,1,Moving,0,0,0,0,0,VALID,VALID
92H-02687,2026-08-13 19:20:00,433.4,61,0.016666666666666666,,,"Nguyễn Văn Thành, Phường Chánh Phú Hòa, TP Hồ Chí Minh",,2.0,1,0,-0.30000000000001137,-0.15000000000000568,433.7,0.391152143617637,5.0,1,Moving,0,0,0,0,0,VALID,VALID
92H-02687,2026-08-13 19:22:00,433.1,58,-0.025,,,"Nguyễn Văn Thành, Phường Chánh Phú Hòa, TP Hồ Chí Minh",,2.0,1,0,-0.2999999999999545,-0.14999999999997726,433.7,0.391152143617637,5.0,1,Moving,0,0,0,0,0,VALID,VALID
92H-02687,2026-08-13 19:24:00,432.8,54,-0.03333333333333333,,,"Nguyễn Văn Thành, Phường Chánh Phú Hòa, TP Hồ Chí Minh",,2.0,1,0,-0.30000000000001137,-0.15000000000000568,433.4,0.4743416484524531,5.0,1,Moving,0,0,0,0,0,VALID,VALID
92H-02687,2026-08-13 19:26:00,431.3,59,0.041666666666666664,,,"Nguyễn Văn Thành, Phường Chánh Phú Hòa, TP Hồ Chí Minh",,2.0,1,0,-1.5,-0.75,433.1,0.93434468985294,5.0,1,Moving,0,0,0,0,0,VALID,VALID
92H-02687,2026-08-13 19:28:00,431.2,49,-0.08333333333333333,,,"Nguyễn Văn Thành, Phường Hòa Lợi, TP Hồ Chí Minh",,2.0,1,0,-0.10000000000002274,-0.05000000000001137,432.8,1.035857132743799,5.0,1,Moving,0,0,0,0,0,VALID,VALID
92H-02687,2026-08-13 19:30:00,430.3,51,0.016666666666666666,,,"Nguyễn Văn Thành, Phường Hòa Lợi, TP Hồ Chí Minh",,2.0,1,0,-0.8999999999999773,-0.44999999999998863,431.3,1.1760102038060547,5.0,1,Moving,0,0,0,0,0,VALID,VALID
92H-02687,2026-08-13 19:32:00,429.6,54,0.025,,,"Nguyễn Văn Thành, Phường Hòa Lợi, TP Hồ Chí Minh",,2.0,1,0,-0.6999999999999886,-0.3499999999999943,431.2,1.205404496198538,5.0,1,Moving,0,0,0,0,0,VALID,VALID
92H-02687,2026-08-13 19:34:00,429.6,46,-0.06666666666666667,,,"Nguyễn Văn Thành, Phường Hòa Lợi, TP Hồ Chí Minh",,2.0,1,0,0.0,0.0,430.3,0.8276472675333266,5.0,1,Moving,0,0,0,0,0,VALID,VALID
92H-02687,2026-08-13 19:36:00,429.6,0,-0.38333333333333336,,,"Nguyễn Văn Thành, Phường Hòa Lợi, TP Hồ Chí Minh",,2.0,1,0,0.0,0.0,429.6,0.7056911501891332,5.0,1,Stopped,0,0,0,0,0,VALID,VALID
92H-02687,2026-08-13 19:38:00,428.6,0,0.0,,,"Nguyễn Văn Thành, Phường Hòa Lợi, TP Hồ Chí Minh",,2.0,1,0,-1.0,-0.5,429.6,0.6066300350750192,5.0,1,Stopped,0,0,0,0,0,VALID,VALID
92H-02687,2026-08-13 19:40:00,428.6,42,0.35,,,"Cao Tốc Mỹ Phước - Tân Vạn, Phường Hòa Lợi, TP Hồ Chí Minh",,2.0,1,0,0.0,0.0,429.6,0.5477225570076886,5.0,1,Moving,0,0,0,0,0,VALID,VALID
92H-02687,2026-08-13 19:42:00,428.3,28,-0.11666666666666667,,,"Nguyễn Văn Thành, Phường Hòa Lợi, TP Hồ Chí Minh",,2.0,1,0,-0.30000000000001137,-0.15000000000000568,428.6,0.6148170455143444,5.0,1,Moving,0,0,0,0,0,VALID,VALID
92H-02687,2026-08-13 19:44:00,428.0,16,-0.1,,,"Quốc Lộ 13, Phường Phú An, TP Hồ Chí Minh",,2.0,1,0,-0.30000000000001137,-0.15000000000000568,428.6,0.6016643578066854,5.0,1,Moving,0,0,0,0,0,VALID,VALID
92H-02687,2026-08-13 19:46:00,426.9,0,-0.13333333333333333,,,"Quốc Lộ 13, Phường Chánh Hiệp, TP Hồ Chí Minh",,2.0,1,0,-1.1000000000000227,-0.5500000000000114,428.3,0.704982268893949,5.0,1,Stopped,0,0,0,0,0,VALID,VALID
92H-02687,2026-08-13 19:48:00,428.1,16,0.13333333333333333,,,"Quốc Lộ 13, Phường Chánh Hiệp, TP Hồ Chí Minh",,2.0,1,0,1.2000000000000455,0.6000000000000227,428.1,0.6457553712164057,5.0,1,Moving,0,0,0,0,0,VALID,VALID
92H-02687,2026-08-13 19:50:00,425.3,34,0.15,,,"Quốc Lộ 13, Phường Chánh Hiệp, TP Hồ Chí Minh",,2.0,1,0,-2.8000000000000114,-1.4000000000000057,428.0,1.2537942412751482,5.0,1,Moving,0,0,0,0,0,VALID,VALID
92H-02687,2026-08-13 19:52:00,427.1,20,-0.11666666666666667,,,"Đại Lộ Bình Dương, Phường Thủ Dầu Một, TP Hồ Chí Minh",,2.0,1,0,1.8000000000000114,0.9000000000000057,427.1,1.1278297741479797,5.0,1,Moving,0,0,0,0,0,VALID,VALID
92H-02687,2026-08-13 19:54:00,427.1,41,0.175,,,"Huỳnh Văn Cù, Phường Thủ Dầu Một, TP Hồ Chí Minh",,2.0,1,0,0.0,0.0,427.1,1.009950493566221,5.0,1,Moving,0,0,0,0,0,VALID,VALID
92H-02687,2026-08-13 19:56:00,425.5,29,-0.1,,,"Huỳnh Văn Cù, Phường Chánh Hiệp, TP Hồ Chí Minh",,2.0,1,0,-1.6000000000000227,-0.8000000000000114,427.1,1.1882760619715491,5.0,1,Moving,0,0,0,0,0,VALID,VALID
92H-02687,2026-08-13 19:58:00,424.3,33,0.03333333333333333,,,"Cầu Phú Cường, Xã Bình Mỹ, TP Hồ Chí Minh",,2.0,1,0,-1.1999999999999886,-0.5999999999999943,425.5,1.219836054334555,5.0,1,Moving,0,0,0,0,0,VALID,VALID
92H-02687,2026-08-13 20:00:00,424.3,16,-0.14166666666666666,,,"Tỉnh Lộ 8, Xã Bình Mỹ, TP Hồ Chí Minh",,2.0,1,0,0.0,0.0,425.5,1.4028542331455798,5.0,1,Moving,0,0,0,0,0,VALID,VALID
92H-02687,2026-08-13 20:02:00,424.4,36,0.16666666666666666,,,"Tỉnh Lộ 8, Xã Bình Mỹ, TP Hồ Chí Minh",,2.0,1,0,0.0999999999999659,0.04999999999998295,424.4,1.2173742232585727,5.0,1,Moving,0,0,0,0,0,VALID,VALID
92H-02687,2026-08-13 20:04:00,424.3,35,-0.008333333333333333,,,"Tỉnh Lộ 8, Xã Bình Mỹ, TP Hồ Chí Minh",,2.0,1,0,-0.0999999999999659,-0.04999999999998295,424.3,0.5272570525410898,5.0,1,Moving,0,0,0,0,0,VALID,VALID
92H-02687,2026-08-13 20:06:00,424.1,29,-0.05,,,"Tỉnh Lộ 8, Xã Bình Mỹ, TP Hồ Chí Minh",,2.0,1,0,-0.19999999999998863,-0.09999999999999432,424.3,0.1095445090101671,5.0,1,Moving,0,0,0,0,0,VALID,VALID
92H-02687,2026-08-13 20:08:00,424.1,32,0.025,,,"Tỉnh Lộ 8, Xã Bình Mỹ, TP Hồ Chí Minh",,2.0,1,0,0.0,0.0,424.3,0.13416407661619403,5.0,1,Moving,0,0,0,0,0,VALID,VALID
92H-02687,2026-08-13 20:10:00,424.0,44,0.1,,,"Tỉnh Lộ 8, Xã Bình Mỹ, TP Hồ Chí Minh",,2.0,1,0,-0.10000000000002274,-0.05000000000001137,424.1,0.1643167655909692,5.0,1,Moving,0,0,0,0,0,VALID,VALID
92H-02687,2026-08-13 20:12:00,423.8,23,-0.175,,,"Tỉnh Lộ 8, Xã Bình Mỹ, TP Hồ Chí Minh",,2.0,1,0,-0.19999999999998863,-0.09999999999999432,424.1,0.18165901974380277,5.0,1,Moving,0,0,0,0,0,VALID,VALID
92H-02687,2026-08-13 20:14:00,422.8,33,0.08333333333333333,,,"Tỉnh Lộ 8, Xã Phú Hòa Đông, TP Hồ Chí Minh",,2.0,1,0,-1.0,-0.5,424.0,0.5504543572852059,5.0,1,Moving,0,0,0,0,0,VALID,VALID
92H-02687,2026-08-13 20:16:00,422.7,49,0.13333333333333333,,,"Tỉnh Lộ 8, Xã Phú Hòa Đông, TP Hồ Chí Minh",,2.0,1,0,-0.10000000000002274,-0.05000000000001137,423.8,0.6760177508425697,5.0,1,Moving,0,0,0,0,0,VALID,VALID
92H-02687,2026-08-13 20:18:00,422.8,50,0.008333333333333333,,,"Tỉnh Lộ 8, Xã Phú Hòa Đông, TP Hồ Chí Minh",,2.0,1,0,0.10000000000002274,0.05000000000001137,422.8,0.6260990332640731,5.0,1,Moving,0,0,0,0,0,VALID,VALID
92H-02687,2026-08-13 20:20:00,422.5,50,0.0,,,"Tỉnh Lộ 8, Xã Phú Hòa Đông, TP Hồ Chí Minh",,2.0,1,0,-0.30000000000001137,-0.15000000000000568,422.8,0.5069516736871351,5.0,1,Moving,0,0,0,0,0,VALID,VALID
92H-02687,2026-08-13 20:22:00,421.8,20,-0.25,,,"Tỉnh Lộ 8, Xã Củ Chi, TP Hồ Chí Minh",,2.0,1,0,-0.6999999999999886,-0.3499999999999943,422.7,0.4207136787105,5.0,1,Moving,0,0,0,0,0,VALID,VALID
92H-02687,2026-08-13 20:24:00,421.6,41,0.175,,,"Tỉnh Lộ 8, Xã Củ Chi, TP Hồ Chí Minh",,2.0,1,0,-0.19999999999998863,-0.09999999999999432,422.5,0.5449770632366858,5.0,1,Moving,0,0,0,0,0,VALID,VALID
92H-02687,2026-08-13 20:26:00,421.5,0,-0.3416666666666667,,,"Tỉnh Lộ 8, Xã Củ Chi, TP Hồ Chí Minh",,2.0,1,0,-0.10000000000002274,-0.05000000000001137,421.8,0.5770615213771099,5.0,1,Stopped,0,0,0,0,0,VALID,VALID
92H-02687,2026-08-13 20:28:00,420.5,0,0.0,,,"Tỉnh Lộ 8, Xã Tân An Hội, TP Hồ Chí Minh",,2.0,1,0,-1.0,-0.5,421.6,0.7190271201102433,5.0,1,Stopped,0,0,0,0,0,VALID,VALID
92H-02687,2026-08-13 20:30:00,420.5,43,0.35833333333333334,,,"Tỉnh Lộ 8, Xã Tân An Hội, TP Hồ Chí Minh",,2.0,1,0,0.0,0.0,421.5,0.6300793596476568,5.0,1,Moving,0,0,0,0,0,VALID,VALID
92H-02687,2026-08-13 20:32:00,420.3,37,-0.05,,,"Tuyến N2, Xã Tân An Hội, TP Hồ Chí Minh",,2.0,1,0,-0.19999999999998863,-0.09999999999999432,420.5,0.6180614851727528,5.0,1,Moving,0,0,0,0,0,VALID,VALID
92H-02687,2026-08-13 20:34:00,420.2,43,0.05,,,"Tuyến N2, Xã Tân An Hội, TP Hồ Chí Minh",,2.0,1,0,-0.10000000000002274,-0.05000000000001137,420.5,0.5196152417451831,5.0,1,Moving,0,0,0,0,0,VALID,VALID
92H-02687,2026-08-13 20:36:00,420.0,33,-0.08333333333333333,,,"Tuyến N2, Xã Tân An Hội, TP Hồ Chí Minh",,2.0,1,0,-0.19999999999998863,-0.09999999999999432,420.3,0.21213203306873338,5.0,1,Moving,0,0,0,0,0,VALID,VALID
92H-02687,2026-08-13 20:38:00,419.7,41,0.06666666666666667,,,"Tuyến N2, Xã Tân An Hội, TP Hồ Chí Minh",,2.0,1,0,-0.30000000000001137,-0.15000000000000568,420.2,0.3049590127440987,5.0,1,Moving,0,0,0,0,0,VALID,VALID
92H-02687,2026-08-13 20:40:00,419.4,26,-0.125,,,"Cầu Thầy Cai, Xã Tân An Hội, TP Hồ Chí Minh",,2.0,1,0,-0.30000000000001137,-0.15000000000000568,420.0,0.37013510972861746,5.0,1,Moving,0,0,0,0,0,VALID,VALID
92H-02687,2026-08-13 20:42:00,419.4,40,0.11666666666666667,,,"Tuyến N2, Xã Đức Lập, Tỉnh Tây Ninh",,2.0,1,0,0.0,0.0,419.7,0.35777087563659005,5.0,1,Moving,0,0,0,0,0,VALID,VALID
92H-02687,2026-08-13 20:44:00,419.0,36,-0.03333333333333333,,,"Tuyến N2, Xã Đức Lập, Tỉnh Tây Ninh",,2.0,1,0,-0.39999999999997726,-0.19999999999998863,419.4,0.37416573794739044,5.0,1,Moving,0,0,0,0,0,VALID,VALID
92H-02687,2026-08-13 20:46:00,418.9,39,0.025,,,"Tuyến N2, Xã Hậu Nghĩa, Tỉnh Tây Ninh",,2.0,1,0,-0.10000000000002274,-0.05000000000001137,419.4,0.32710854384082866,5.0,1,Moving,0,0,0,0,0,VALID,VALID
92H-02687,2026-08-13 20:48:00,418.6,39,0.0,,,"Tuyến N2, Xã Đức Lập, Tỉnh Tây Ninh",,2.0,1,0,-0.2999999999999545,-0.14999999999997726,419.0,0.3435112799510705,5.0,1,Moving,0,0,0,0,0,VALID,VALID
92H-02687,2026-08-13 20:50:00,417.5,35,-0.03333333333333333,,,"Tuyến N2, Xã Đức Lập, Tỉnh Tây Ninh",,2.0,1,0,-1.1000000000000227,-0.5500000000000114,418.9,0.7190271201099221,5.0,1,Moving,0,0,0,0,0,VALID,VALID
92H-02687,2026-08-13 20:52:00,417.5,43,0.06666666666666667,,,"Tuyến N2, Xã Hậu Nghĩa, Tỉnh Tây Ninh",,2.0,1,0,0.0,0.0,418.6,0.7449832209208025,5.0,1,Moving,0,0,0,0,0,VALID,VALID
92H-02687,2026-08-13 20:54:00,416.5,34,-0.075,,,"Tuyến N2, Xã Hậu Nghĩa, Tỉnh Tây Ninh",,2.0,1,0,-1.0,-0.5,417.5,0.9643650758159362,5.0,1,Moving,0,0,0,0,0,VALID,VALID
92H-02687,2026-08-13 20:56:00,417.5,17,-0.14166666666666666,,,"Bùng Binh, Xã Hòa Khánh, Tỉnh Tây Ninh",,2.0,1,0,1.0,0.5,417.5,0.742967024472465,5.0,1,Moving,0,0,0,0,0,VALID,VALID
92H-02687,2026-08-13 20:58:00,416.5,50,0.275,,,"Tuyến N2, Xã Hòa Khánh, Tỉnh Tây Ninh",,2.0,1,0,-1.0,-0.5,417.5,0.547722557006239,5.0,1,Moving,0,0,0,0,0,VALID,VALID
92H-02687,2026-08-13 21:00:00,416.2,49,-0.008333333333333333,,,"Tuyến N2, Xã Hòa Khánh, Tỉnh Tây Ninh",,2.0,1,0,-0.30000000000001137,-0.15000000000000568,416.5,0.6148170455130979,5.0,1,Moving,0,0,0,0,0,VALID,VALID
92H-02687,2026-08-13 21:02:00,416.1,24,-0.20833333333333334,,,"Tuyến N2, Xã Hòa Khánh, Tỉnh Tây Ninh",,2.0,1,0,-0.0999999999999659,-0.04999999999998295,416.5,0.5549774765280326,5.0,1,Moving,0,0,0,0,0,VALID,VALID
92H-02687,2026-08-13 21:04:00,414.3,0,-0.2,,,"Tuyến N2, Xã Hòa Khánh, Tỉnh Tây Ninh",,2.0,1,0,-1.8000000000000114,-0.9000000000000057,416.2,1.158447236370027,5.0,1,Stopped,0,0,0,0,0,VALID,VALID
92H-02687,2026-08-13 21:06:00,414.2,0,0.0,,,"Tuyến N2, Xã Hòa Khánh, Tỉnh Tây Ninh",,2.0,1,0,-0.10000000000002274,-0.05000000000001137,416.1,1.1148990983282996,5.0,1,Stopped,0,0,0,0,0,VALID,VALID
92H-02687,2026-08-13 21:08:00,414.2,0,0.0,,,"Tuyến N2, Xã Hòa Khánh, Tỉnh Tây Ninh",,2.0,1,0,0.0,0.0,414.3,1.0511898018213408,5.0,1,Stopped,0,0,0,0,0,VALID,VALID
92H-02687,2026-08-13 21:10:00,414.2,0,0.0,,,"Tuyến N2, Xã Hòa Khánh, Tỉnh Tây Ninh",,2.0,1,0,0.0,0.0,414.2,0.8396427808616871,5.0,1,Stopped,0,0,0,0,0,VALID,VALID
92H-02687,2026-08-13 21:12:00,415.3,57,0.475,,,"Tuyến N2, Xã Hòa Khánh, Tỉnh Tây Ninh",,2.0,1,0,1.1000000000000227,0.5500000000000114,414.2,0.48270073487939985,5.0,1,Moving,0,0,0,0,0,VALID,VALID
92H-02687,2026-08-13 21:14:00,414.3,49,-0.06666666666666667,,,"Tuyến N2, Xã Đức Hòa, Tỉnh Tây Ninh",,2.0,1,0,-1.0,-0.5,414.2,0.48270073487939985,5.0,1,Moving,0,0,0,0,0,VALID,VALID
92H-02687,2026-08-13 21:16:00,414.2,36,-0.10833333333333334,,,"Tuyến N2, Xã Đức Hòa, Tỉnh Tây Ninh",,2.0,1,0,-0.10000000000002274,-0.05000000000001137,414.2,0.48270073487939985,5.0,1,Moving,0,0,0,0,0,VALID,VALID
92H-02687,2026-08-13 21:18:00,414.0,31,-0.041666666666666664,,,"Tỉnh Lộ 830, Xã Đức Hòa, Tỉnh Tây Ninh",,2.0,1,0,-0.19999999999998863,-0.09999999999999432,414.2,0.514781506518162,5.0,1,Moving,0,0,0,0,0,VALID,VALID
92H-02687,2026-08-13 21:20:00,413.9,33,0.016666666666666666,,,"Tỉnh Lộ 824, Xã Đức Hòa, Tỉnh Tây Ninh",,2.0,1,0,-0.10000000000002274,-0.05000000000001137,414.2,0.5594640287392122,5.0,1,Moving,0,0,0,0,0,VALID,VALID
92H-02687,2026-08-13 21:22:00,413.9,39,0.05,,,"Tỉnh Lộ 824, Xã Đức Hòa, Tỉnh Tây Ninh",,2.0,1,0,0.0,0.0,414.0,0.18165901974051876,5.0,1,Moving,0,0,0,0,0,VALID,VALID
92H-02687,2026-08-13 21:24:00,412.5,36,-0.025,,,"Xã Đức Hòa, Tỉnh Tây Ninh",,2.0,1,0,-1.3999999999999773,-0.6999999999999886,413.9,0.6819090844482383,5.0,1,Moving,0,0,0,0,0,VALID,VALID
92H-02687,2026-08-13 21:26:00,412.8,31,-0.041666666666666664,,,"Xã Đức Hòa, Tỉnh Tây Ninh",,2.0,1,0,0.30000000000001137,0.15000000000000568,413.9,0.7120393243726052,5.0,1,Moving,0,0,0,0,0,VALID,VALID
92H-02687,2026-08-13 21:28:00,412.8,28,-0.025,,,"Xã Đức Hòa, Tỉnh Tây Ninh",,2.0,1,0,0.0,0.0,412.8,0.6685805856087818,5.0,1,Moving,0,0,0,0,0,VALID,VALID
92H-02687,2026-08-13 21:30:00,412.7,0,-0.23333333333333334,,,"Xã Đức Hòa, Tỉnh Tây Ninh",,2.0,1,0,-0.10000000000002274,-0.05000000000001137,412.8,0.5504543572840473,5.0,1,Stopped,0,0,0,0,0,VALID,VALID
92H-02687,2026-08-13 21:32:00,412.7,14,0.11666666666666667,,,"Xã Đức Hòa, Tỉnh Tây Ninh",,2.0,1,0,0.0,0.0,412.7,0.12247448490605076,5.0,1,Moving,0,0,0,0,0,VALID,VALID
92H-02687,2026-08-13 21:34:00,412.5,0,-0.11666666666666667,,,"Xã Đức Hòa, Tỉnh Tây Ninh",,2.0,1,0,-0.19999999999998863,-0.09999999999999432,412.7,0.12247448490605076,5.0,1,Stopped,0,0,0,0,0,VALID,VALID
92H-02687,2026-08-13 21:36:00,410.9,0,0.0,,,"Xã Đức Hòa, Tỉnh Tây Ninh",,2.0,1,0,-1.6000000000000227,-0.8000000000000114,412.7,0.8012490246190469,5.0,1,Stopped,0,0,0,0,0,VALID,VALID
92H-02687,2026-08-13 21:38:00,410.8,0,0.0,,,"Xã Đức Hòa, Tỉnh Tây Ninh",,2.0,1,0,-0.0999999999999659,-0.04999999999998295,412.5,0.9808159865402443,5.0,1,Stopped,0,0,0,0,0,VALID,VALID
92H-02687,2026-08-13 21:40:00,410.6,0,0.0,,,"Xã Đức Hòa, Tỉnh Tây Ninh",,2.0,1,0,-0.19999999999998863,-0.09999999999999432,410.9,1.0124228362956271,5.0,1,Stopped,0,0,0,0,0,VALID,VALID
92H-02687,2026-08-13 21:42:00,410.5,0,0.0,,,"Xã Đức Hòa, Tỉnh Tây Ninh",,2.0,1,0,-0.10000000000002274,-0.05000000000001137,410.8,0.8203657717462894,5.0,1,Stopped,0,0,0,0,0,VALID,VALID
92H-02687,2026-08-13 21:44:00,410.3,0,0.0,,,"Xã Đức Hòa, Tỉnh Tây Ninh",,2.0,1,0,-0.19999999999998863,-0.09999999999999432,410.6,0.23874672658044863,5.0,1,Stopped,0,0,0,0,0,VALID,VALID
92H-02687,2026-08-13 21:46:00,410.2,0,0.0,,,"Xã Đức Hòa, Tỉnh Tây Ninh",,2.0,1,0,-0.10000000000002274,-0.05000000000001137,410.5,0.2387467265804674,5.0,1,Stopped,0,0,0,0,0,VALID,VALID
92H-02687,2026-08-13 21:49:00,410.2,0,0.0,,,"Xã Đức Hòa, Tỉnh Tây Ninh",,3.0,1,0,0.0,0.0,410.3,0.18165901973998985,5.0,1,Stopped,0,0,0,0,0,VALID,VALID
92H-02687,2026-08-13 21:51:00,410.0,0,0.0,,,"Xã Đức Hòa, Tỉnh Tây Ninh",,2.0,1,0,-0.19999999999998863,-0.09999999999999432,410.2,0.18165901973998985,5.0,1,Stopped,0,0,0,0,0,VALID,VALID
92H-02687,2026-08-13 21:53:00,409.9,0,0.0,,,"Xã Đức Hòa, Tỉnh Tây Ninh",,2.0,1,0,-0.10000000000002274,-0.05000000000001137,410.2,0.16431676558677527,5.0,1,Stopped,0,0,0,0,0,VALID,VALID
92H-02687,2026-08-13 21:55:00,409.7,0,0.0,,,"Xã Đức Hòa, Tỉnh Tây Ninh",,2.0,1,0,-0.19999999999998863,-0.09999999999999432,410.0,0.21213203306643463,5.0,1,Stopped,0,0,0,0,0,VALID,VALID
92H-02687,2026-08-13 21:58:00,409.7,0,0.0,,,"Xã Đức Hòa, Tỉnh Tây Ninh",,3.0,1,0,0.0,0.0,409.9,0.21213203306643463,5.0,1,Stopped,0,0,0,0,0,VALID,VALID
92H-02687,2026-08-13 22:00:00,409.6,0,0.0,,,"Xã Đức Hòa, Tỉnh Tây Ninh",,2.0,1,0,-0.0999999999999659,-0.04999999999998295,409.7,0.16431676558675776,5.0,1,Stopped,0,0,0,0,0,VALID,VALID
92H-02687,2026-08-13 22:02:00,409.6,0,0.0,,,"Xã Đức Hòa, Tỉnh Tây Ninh",,2.0,1,0,0.0,0.0,409.7,0.12247448490558047,5.0,1,Stopped,0,0,0,0,0,VALID,VALID
92H-02687,2026-08-13 22:04:00,409.6,0,0.0,,,"Xã Đức Hòa, Tỉnh Tây Ninh",,2.0,1,0,0.0,0.0,409.6,0.05477225075608141,5.0,1,Stopped,0,0,0,0,0,VALID,VALID
92H-02687,2026-08-13 22:06:00,409.6,0,0.0,,,"Xã Đức Hòa, Tỉnh Tây Ninh",,2.0,1,0,0.0,0.0,409.6,0.044721353433085635,5.0,1,Stopped,0,0,0,0,0,VALID,VALID
92H-02687,2026-08-13 22:08:00,409.6,0,0.0,,,"Xã Đức Hòa, Tỉnh Tây Ninh",,2.0,1,0,0.0,0.0,409.6,0.0,5.0,1,Stopped,0,0,0,0,0,VALID,VALID
92H-02687,2026-08-13 22:11:00,409.6,0,0.0,,,"Xã Đức Hòa, Tỉnh Tây Ninh",,3.0,1,0,0.0,0.0,409.6,0.0,5.0,1,Stopped,0,0,0,0,0,VALID,VALID
92H-02687,2026-08-13 22:13:00,409.6,0,0.0,,,"Xã Đức Hòa, Tỉnh Tây Ninh",,2.0,1,0,0.0,0.0,409.6,0.0,5.0,1,Stopped,0,0,0,0,0,VALID,VALID
92H-02687,2026-08-13 22:14:00,409.6,0,0.0,,,"Xã Đức Hòa, Tỉnh Tây Ninh",,1.0,1,0,0.0,0.0,409.6,0.0,5.0,1,Stopped,0,0,0,0,0,VALID,VALID
92H-02687,2026-08-13 22:16:00,409.6,0,0.0,,,"Xã Đức Hòa, Tỉnh Tây Ninh",,2.0,1,0,0.0,0.0,409.6,0.0,5.0,1,Stopped,0,0,0,0,0,VALID,VALID
92H-02687,2026-08-13 22:18:00,409.0,0,0.0,,,"Xã Đức Hòa, Tỉnh Tây Ninh",,2.0,1,0,-0.6000000000000227,-0.30000000000001137,409.6,0.268328156280502,5.0,1,Stopped,0,0,0,0,0,VALID,VALID
92H-02687,2026-08-13 22:20:00,408.3,0,0.0,,,"Xã Đức Hòa, Tỉnh Tây Ninh",,2.0,1,0,-0.6999999999999886,-0.3499999999999943,409.6,0.57619441116077,5.0,1,Stopped,0,0,0,0,0,VALID,VALID
92H-02687,2026-08-13 22:22:00,407.1,0,0.0,,,"Xã Đức Hòa, Tỉnh Tây Ninh",,2.0,1,0,-1.1999999999999886,-0.5999999999999943,409.0,1.0521406747450162,5.0,1,Stopped,0,0,0,0,0,VALID,VALID
92H-02687,2026-08-13 22:24:00,407.0,0,0.0,,,"Xã Đức Hòa, Tỉnh Tây Ninh",,2.0,1,0,-0.10000000000002274,-0.05000000000001137,408.3,1.1467344938794202,5.0,1,Stopped,0,0,0,0,0,VALID,VALID
92H-02687,2026-08-13 22:26:00,406.7,0,0.0,,,"Xã Đức Hòa, Tỉnh Tây Ninh",,2.0,1,0,-0.30000000000001137,-0.15000000000000568,407.1,0.9833615812369517,5.0,1,Stopped,0,0,0,0,0,VALID,VALID
92H-02687,2026-08-13 22:28:00,406.7,0,0.0,,,"Xã Đức Hòa, Tỉnh Tây Ninh",,2.0,1,0,0.0,0.0,407.0,0.6618156838975404,5.0,1,Stopped,0,0,0,0,0,VALID,VALID
92H-02687,2026-08-13 22:30:00,406.5,0,0.0,,,"Xã Đức Hòa, Tỉnh Tây Ninh",,2.0,1,0,-0.19999999999998863,-0.09999999999999432,406.7,0.24494897316110484,5.0,1,Stopped,0,0,0,0,0,VALID,VALID
92H-02687,2026-08-13 22:33:00,406.5,0,0.0,,,"Xã Đức Hòa, Tỉnh Tây Ninh",,3.0,1,0,0.0,0.0,406.7,0.20493901398377637,5.0,1,Stopped,0,0,0,0,0,VALID,VALID
92H-02687,2026-08-13 22:35:00,406.5,0,0.0,,,"Xã Đức Hòa, Tỉnh Tây Ninh",,2.0,1,0,0.0,0.0,406.5,0.10954450900256837,5.0,1,Stopped,0,0,0,0,0,VALID,VALID
92H-02687,2026-08-13 22:37:00,406.5,0,0.0,,,"Xã Đức Hòa, Tỉnh Tây Ninh",,2.0,1,0,0.0,0.0,406.5,0.0894427160399406,5.0,1,Stopped,0,0,0,0,0,VALID,VALID
92H-02687,2026-08-13 22:39:00,406.5,0,0.0,,,"Xã Đức Hòa, Tỉnh Tây Ninh",,2.0,1,0,0.0,0.0,406.5,0.0,5.0,1,Stopped,0,0,0,0,0,VALID,VALID
92H-02687,2026-08-13 22:41:00,406.5,0,0.0,,,"Xã Đức Hòa, Tỉnh Tây Ninh",,2.0,1,0,0.0,0.0,406.5,0.0,5.0,1,Stopped,0,0,0,0,0,VALID,VALID
92H-02687,2026-08-13 22:44:00,406.5,0,0.0,,,"Xã Đức Hòa, Tỉnh Tây Ninh",,3.0,1,0,0.0,0.0,406.5,0.0,5.0,1,Stopped,0,0,0,0,0,VALID,VALID
92H-02687,2026-08-13 22:46:00,406.5,0,0.0,,,"Xã Đức Hòa, Tỉnh Tây Ninh",,2.0,1,0,0.0,0.0,406.5,0.0,5.0,1,Stopped,0,0,0,0,0,VALID,VALID
92H-02687,2026-08-13 22:48:00,406.5,0,0.0,,,"Xã Đức Hòa, Tỉnh Tây Ninh",,2.0,1,0,0.0,0.0,406.5,0.0,5.0,1,Stopped,0,0,0,0,0,VALID,VALID
92H-02687,2026-08-13 22:50:00,406.5,0,0.0,,,"Xã Đức Hòa, Tỉnh Tây Ninh",,2.0,1,0,0.0,0.0,406.5,0.0,5.0,1,Stopped,0,0,0,0,0,VALID,VALID
92H-02687,2026-08-13 22:52:00,406.5,0,0.0,,,"Xã Đức Hòa, Tỉnh Tây Ninh",,2.0,1,0,0.0,0.0,406.5,0.0,5.0,1,Stopped,0,0,0,0,0,VALID,VALID
92H-02687,2026-08-13 22:54:00,406.5,0,0.0,,,"Xã Đức Hòa, Tỉnh Tây Ninh",,2.0,1,0,0.0,0.0,406.5,0.0,5.0,1,Stopped,0,0,0,0,0,VALID,VALID
92H-02687,2026-08-13 22:57:00,406.5,0,0.0,,,"Xã Đức Hòa, Tỉnh Tây Ninh",,3.0,1,0,0.0,0.0,406.5,0.0,5.0,1,Stopped,0,0,0,0,0,VALID,VALID
92H-02687,2026-08-13 22:59:00,406.5,0,0.0,,,"Xã Đức Hòa, Tỉnh Tây Ninh",,2.0,1,0,0.0,0.0,406.5,0.0,5.0,1,Stopped,0,0,0,0,0,VALID,VALID
92H-02687,2026-08-13 23:01:00,406.5,0,0.0,,,"Xã Đức Hòa, Tỉnh Tây Ninh",,2.0,1,0,0.0,0.0,406.5,0.0,5.0,1,Stopped,0,0,0,0,0,VALID,VALID
92H-02687,2026-08-13 23:03:00,406.5,0,0.0,,,"Xã Đức Hòa, Tỉnh Tây Ninh",,2.0,1,0,0.0,0.0,406.5,0.0,5.0,1,Stopped,0,0,0,0,0,VALID,VALID
92H-02687,2026-08-13 23:05:00,406.5,0,0.0,,,"Xã Đức Hòa, Tỉnh Tây Ninh",,2.0,1,0,0.0,0.0,406.5,0.0,5.0,1,Stopped,0,0,0,0,0,VALID,VALID
92H-02687,2026-08-13 23:08:00,406.5,0,0.0,,,"Xã Đức Hòa, Tỉnh Tây Ninh",,3.0,1,0,0.0,0.0,406.5,0.0,5.0,1,Stopped,0,0,0,0,0,VALID,VALID
92H-02687,2026-08-13 23:10:00,406.4,0,0.0,,,"Xã Đức Hòa, Tỉnh Tây Ninh",,2.0,1,0,-0.10000000000002274,-0.05000000000001137,406.5,0.0447213534297041,5.0,1,Stopped,0,0,0,0,0,VALID,VALID
92H-02687,2026-08-13 23:12:00,406.4,0,0.0,,,"Xã Đức Hòa, Tỉnh Tây Ninh",,2.0,1,0,0.0,0.0,406.5,0.0547722507532912,5.0,1,Stopped,0,0,0,0,0,VALID,VALID
92H-02687,2026-08-13 23:14:00,406.4,0,0.0,,,"Xã Đức Hòa, Tỉnh Tây Ninh",,2.0,1,0,0.0,0.0,406.4,0.05477225075326785,5.0,1,Stopped,0,0,0,0,0,VALID,VALID
92H-02687,2026-08-13 23:16:00,406.4,0,0.0,,,"Xã Đức Hòa, Tỉnh Tây Ninh",,2.0,1,0,0.0,0.0,406.4,0.044721353429618305,5.0,1,Stopped,0,0,0,0,0,VALID,VALID
92H-02687,2026-08-13 23:18:00,406.4,0,0.0,,,"Xã Đức Hòa, Tỉnh Tây Ninh",,2.0,1,0,0.0,0.0,406.4,0.0,5.0,1,Stopped,0,0,0,0,0,VALID,VALID
92H-02687,2026-08-13 23:21:00,406.4,0,0.0,,,"Xã Đức Hòa, Tỉnh Tây Ninh",,3.0,1,0,0.0,0.0,406.4,0.0,5.0,1,Stopped,0,0,0,0,0,VALID,VALID
92H-02687,2026-08-13 23:23:00,406.4,0,0.0,,,"Xã Đức Hòa, Tỉnh Tây Ninh",,2.0,1,0,0.0,0.0,406.4,0.0,5.0,1,Stopped,0,0,0,0,0,VALID,VALID
92H-02687,2026-08-13 23:25:00,406.4,0,0.0,,,"Xã Đức Hòa, Tỉnh Tây Ninh",,2.0,1,0,0.0,0.0,406.4,0.0,5.0,1,Stopped,0,0,0,0,0,VALID,VALID
92H-02687,2026-08-13 23:27:00,406.4,0,0.0,,,"Xã Đức Hòa, Tỉnh Tây Ninh",,2.0,1,0,0.0,0.0,406.4,0.0,5.0,1,Stopped,0,0,0,0,0,VALID,VALID
92H-02687,2026-08-13 23:29:00,406.4,0,0.0,,,"Xã Đức Hòa, Tỉnh Tây Ninh",,2.0,1,0,0.0,0.0,406.4,0.0,5.0,1,Stopped,0,0,0,0,0,VALID,VALID
92H-02687,2026-08-13 23:32:00,406.4,0,0.0,,,"Xã Đức Hòa, Tỉnh Tây Ninh",,3.0,1,0,0.0,0.0,406.4,0.0,5.0,1,Stopped,0,0,0,0,0,VALID,VALID
92H-02687,2026-08-13 23:34:00,406.4,0,0.0,,,"Xã Đức Hòa, Tỉnh Tây Ninh",,2.0,1,0,0.0,0.0,406.4,0.0,5.0,1,Stopped,0,0,0,0,0,VALID,VALID
92H-02687,2026-08-13 23:36:00,406.4,0,0.0,,,"Xã Đức Hòa, Tỉnh Tây Ninh",,2.0,1,0,0.0,0.0,406.4,0.0,5.0,1,Stopped,0,0,0,0,0,VALID,VALID
92H-02687,2026-08-13 23:38:00,406.4,0,0.0,,,"Xã Đức Hòa, Tỉnh Tây Ninh",,2.0,1,0,0.0,0.0,406.4,0.0,5.0,1,Stopped,0,0,0,0,0,VALID,VALID
92H-02687,2026-08-13 23:40:00,406.4,0,0.0,,,"Xã Đức Hòa, Tỉnh Tây Ninh",,2.0,1,0,0.0,0.0,406.4,0.0,5.0,1,Stopped,0,0,0,0,0,VALID,VALID
92H-02687,2026-08-13 23:42:00,406.4,0,0.0,,,"Xã Đức Hòa, Tỉnh Tây Ninh",,2.0,1,0,0.0,0.0,406.4,0.0,5.0,1,Stopped,0,0,0,0,0,VALID,VALID
92H-02687,2026-08-13 23:45:00,406.4,0,0.0,,,"Xã Đức Hòa, Tỉnh Tây Ninh",,3.0,1,0,0.0,0.0,406.4,0.0,5.0,1,Stopped,0,0,0,0,0,VALID,VALID
92H-02687,2026-08-13 23:47:00,406.4,0,0.0,,,"Xã Đức Hòa, Tỉnh Tây Ninh",,2.0,1,0,0.0,0.0,406.4,0.0,5.0,1,Stopped,0,0,0,0,0,VALID,VALID
92H-02687,2026-08-13 23:49:00,406.4,0,0.0,,,"Xã Đức Hòa, Tỉnh Tây Ninh",,2.0,1,0,0.0,0.0,406.4,0.0,5.0,1,Stopped,0,0,0,0,0,VALID,VALID
92H-02687,2026-08-13 23:51:00,406.4,0,0.0,,,"Xã Đức Hòa, Tỉnh Tây Ninh",,2.0,1,0,0.0,0.0,406.4,0.0,5.0,1,Stopped,0,0,0,0,0,VALID,VALID
92H-02687,2026-08-13 23:54:00,406.4,0,0.0,,,"Xã Đức Hòa, Tỉnh Tây Ninh",,3.0,1,0,0.0,0.0,406.4,0.0,5.0,1,Stopped,0,0,0,0,0,VALID,VALID
92H-02687,2026-08-13 23:56:00,406.4,0,0.0,,,"Xã Đức Hòa, Tỉnh Tây Ninh",,2.0,1,0,0.0,0.0,406.4,0.0,5.0,1,Stopped,0,0,0,0,0,VALID,VALID
92H-02687,2026-08-13 23:58:00,406.4,0,0.0,,,"Xã Đức Hòa, Tỉnh Tây Ninh",,2.0,1,0,0.0,0.0,406.4,0.0,5.0,1,Stopped,0,0,0,0,0,VALID,VALID
92H-02687,2026-08-14 00:00:00,406.4,0,0.0,,,"Xã Đức Hòa, Tỉnh Tây Ninh",,2.0,1,0,0.0,0.0,406.4,0.0,5.0,1,Stopped,0,0,0,0,0,VALID,VALID
92H-02687,2026-08-14 00:02:00,406.4,0,0.0,,,"Xã Đức Hòa, Tỉnh Tây Ninh",,2.0,1,0,0.0,0.0,406.4,0.0,5.0,1,Stopped,0,0,0,0,0,VALID,VALID
92H-02687,2026-08-14 00:04:00,406.4,0,0.0,,,"Xã Đức Hòa, Tỉnh Tây Ninh",,2.0,1,0,0.0,0.0,406.4,0.0,5.0,1,Stopped,0,0,0,0,0,VALID,VALID
92H-02687,2026-08-14 00:06:00,406.4,0,0.0,,,"Xã Đức Hòa, Tỉnh Tây Ninh",,2.0,1,0,0.0,0.0,406.4,0.0,5.0,1,Stopped,0,0,0,0,0,VALID,VALID
92H-02687,2026-08-14 00:08:00,406.4,0,0.0,,,"Xã Đức Hòa, Tỉnh Tây Ninh",,2.0,1,0,0.0,0.0,406.4,0.0,5.0,1,Stopped,0,0,0,0,0,VALID,VALID
92H-02687,2026-08-14 00:10:00,406.4,0,0.0,,,"Xã Đức Hòa, Tỉnh Tây Ninh",,2.0,1,0,0.0,0.0,406.4,0.0,5.0,1,Stopped,0,0,0,0,0,VALID,VALID
92H-02687,2026-08-14 00:13:00,406.4,0,0.0,,,"Xã Đức Hòa, Tỉnh Tây Ninh",,3.0,1,0,0.0,0.0,406.4,0.0,5.0,1,Stopped,0,0,0,0,0,VALID,VALID
92H-02687,2026-08-14 00:15:00,406.4,0,0.0,,,"Xã Đức Hòa, Tỉnh Tây Ninh",,2.0,1,0,0.0,0.0,406.4,0.0,5.0,1,Stopped,0,0,0,0,0,VALID,VALID
92H-02687,2026-08-14 00:17:00,406.4,0,0.0,,,"Xã Đức Hòa, Tỉnh Tây Ninh",,2.0,1,0,0.0,0.0,406.4,0.0,5.0,1,Stopped,0,0,0,0,0,VALID,VALID
92H-02687,2026-08-14 00:19:00,406.4,0,0.0,,,"Xã Đức Hòa, Tỉnh Tây Ninh",,2.0,1,0,0.0,0.0,406.4,0.0,5.0,1,Stopped,0,0,0,0,0,VALID,VALID
92H-02687,2026-08-14 00:20:00,406.4,0,0.0,,,"Xã Đức Hòa, Tỉnh Tây Ninh",,1.0,1,0,0.0,0.0,406.4,0.0,5.0,1,Stopped,0,0,0,0,0,VALID,VALID
92H-02687,2026-08-14 00:22:00,406.4,0,0.0,,,"Xã Đức Hòa, Tỉnh Tây Ninh",,2.0,1,0,0.0,0.0,406.4,0.0,5.0,1,Stopped,0,0,0,0,0,VALID,VALID
92H-02687,2026-08-14 00:24:00,406.2,0,0.0,,,"Xã Đức Hòa, Tỉnh Tây Ninh",,2.0,1,0,-0.19999999999998863,-0.09999999999999432,406.4,0.0894427160397833,5.0,1,Stopped,0,0,0,0,0,VALID,VALID
92H-02687,2026-08-14 00:26:00,406.1,0,0.0,,,"Xã Đức Hòa, Tỉnh Tây Ninh",,2.0,1,0,-0.0999999999999659,-0.04999999999998295,406.4,0.14142135430183744,5.0,1,Stopped,0,0,0,0,0,VALID,VALID
92H-02687,2026-08-14 00:28:00,405.9,0,0.0,,,"Xã Đức Hòa, Tỉnh Tây Ninh",,2.0,1,0,-0.20000000000004547,-0.10000000000002274,406.2,0.2121320330656504,5.0,1,Stopped,0,0,0,0,0,VALID,VALID
92H-02687,2026-08-14 00:30:00,405.8,0,0.0,,,"Xã Đức Hòa, Tỉnh Tây Ninh",,2.0,1,0,-0.0999999999999659,-0.04999999999998295,406.1,0.23874672657978396,5.0,1,Stopped,0,0,0,0,0,VALID,VALID
92H-02687,2026-08-14 00:32:00,405.8,0,0.0,,,"Xã Đức Hòa, Tỉnh Tây Ninh",,2.0,1,0,0.0,0.0,405.9,0.18165901973907758,5.0,1,Stopped,0,0,0,0,0,VALID,VALID
92H-02687,2026-08-14 00:34:00,405.6,0,0.0,,,"Xã Đức Hòa, Tỉnh Tây Ninh",,2.0,1,0,-0.19999999999998863,-0.09999999999999432,405.8,0.18165901973905646,5.0,1,Stopped,0,0,0,0,0,VALID,VALID
92H-02687,2026-08-14 00:36:00,405.8,0,0.0,,,"Xã Đức Hòa, Tỉnh Tây Ninh",,2.0,1,0,0.19999999999998863,0.09999999999999432,405.8,0.10954450900227032,5.0,1,Stopped,0,0,0,0,0,VALID,VALID
92H-02687,2026-08-14 00:38:00,407.5,0,0.0,,,"Xã Đức Hòa, Tỉnh Tây Ninh",,2.0,1,0,1.6999999999999886,0.8499999999999943,405.8,0.787400787053543,5.0,1,Stopped,0,0,0,0,0,VALID,VALID
92H-02687,2026-08-14 00:40:00,408.9,38,0.31666666666666665,,,"Xã Đức Hòa, Tỉnh Tây Ninh",,2.0,1,0,1.3999999999999773,0.6999999999999886,405.8,1.4411800718343581,5.0,1,Moving,0,0,0,0,0,VALID,VALID
92H-02687,2026-08-14 00:42:00,408.7,25,-0.10833333333333334,,,"Xã Đức Hòa, Tỉnh Tây Ninh",,2.0,1,0,-0.19999999999998863,-0.09999999999999432,407.5,1.5572411500639338,5.0,1,Moving,0,0,0,0,0,VALID,VALID
92H-02687,2026-08-14 00:44:00,408.6,40,0.125,,,"Xã Đức Hòa, Tỉnh Tây Ninh",,2.0,1,0,-0.0999999999999659,-0.04999999999998295,408.6,1.29421791034294,5.0,1,Moving,0,0,0,0,0,VALID,VALID
92H-02687,2026-08-14 00:46:00,407.7,36,-0.03333333333333333,,,"Xã Đức Hòa, Tỉnh Tây Ninh",,2.0,1,0,-0.9000000000000341,-0.45000000000001705,408.6,0.6340346989340733,5.0,1,Moving,0,0,0,0,0,VALID,VALID
92H-02687,2026-08-14 00:48:00,407.5,17,-0.15833333333333333,,,"Xã Đức Hòa, Tỉnh Tây Ninh",,2.0,1,0,-0.19999999999998863,-0.09999999999999432,408.6,0.6340346989340733,5.0,1,Moving,0,0,0,0,0,VALID,VALID
92H-02687,2026-08-14 00:50:00,406.7,44,0.225,,,"Tỉnh Lộ 825, Xã Đức Hòa, Tỉnh Tây Ninh",,2.0,1,0,-0.8000000000000114,-0.4000000000000057,407.7,0.8294576538030608,5.0,1,Moving,0,0,0,0,0,VALID,VALID
92H-02687,2026-08-14 00:52:00,405.8,41,-0.025,,,"Tỉnh Lộ 825, Xã Đức Hòa, Tỉnh Tây Ninh",,2.0,1,0,-0.8999999999999773,-0.44999999999998863,407.5,1.0597169430808104,5.0,1,Moving,0,0,0,0,0,VALID,VALID
92H-02687,2026-08-14 00:54:00,405.6,48,0.058333333333333334,,,"Tỉnh Lộ 825, Xã Đức Hòa, Tỉnh Tây Ninh",,2.0,1,0,-0.19999999999998863,-0.09999999999999432,406.7,0.955510334560854,5.0,1,Moving,0,0,0,0,0,VALID,VALID
92H-02687,2026-08-14 00:56:00,404.6,44,-0.03333333333333333,,,"Phan Văn Giàu, Xã Bình Lợi, TP Hồ Chí Minh",,2.0,1,0,-1.0,-0.5,405.8,1.1058933038284937,5.0,1,Moving,0,0,0,0,0,VALID,VALID
92H-02687,2026-08-14 00:58:00,404.3,44,0.0,,,"Trần Văn Giàu, Xã Bình Lợi, TP Hồ Chí Minh",,2.0,1,0,-0.30000000000001137,-0.15000000000000568,405.6,0.9669539800077275,5.0,1,Moving,0,0,0,0,0,VALID,VALID
92H-02687,2026-08-14 01:00:00,403.1,38,-0.05,,,"Trần Văn Giàu, Xã Bình Lợi, TP Hồ Chí Minh",,2.0,1,0,-1.1999999999999886,-0.5999999999999943,404.6,1.0894952957460857,5.0,1,Moving,0,0,0,0,0,VALID,VALID
92H-02687,2026-08-14 01:02:00,403.1,41,0.025,,,"Trần Văn Giàu, Xã Bình Lợi, TP Hồ Chí Minh",,2.0,1,0,0.0,0.0,404.3,1.0644247270018365,5.0,1,Moving,0,0,0,0,0,VALID,VALID
92H-02687,2026-08-14 01:04:00,403.0,46,0.041666666666666664,,,"Trần Văn Giàu, Xã Bình Lợi, TP Hồ Chí Minh",,2.0,1,0,-0.10000000000002274,-0.05000000000001137,403.1,0.7661592520181562,5.0,1,Moving,0,0,0,0,0,VALID,VALID
92H-02687,2026-08-14 01:06:00,402.8,43,-0.025,,,"Trần Văn Giàu, Xã Bình Lợi, TP Hồ Chí Minh",,2.0,1,0,-0.19999999999998863,-0.09999999999999432,403.1,0.5941380306402302,5.0,1,Moving,0,0,0,0,0,VALID,VALID
92H-02687,2026-08-14 01:08:00,402.7,49,0.05,,,"Tỉnh Lộ 10B, Phường Tân Tạo, TP Hồ Chí Minh",,2.0,1,0,-0.10000000000002274,-0.05000000000001137,403.0,0.18165901974051227,5.0,1,Moving,0,0,0,0,0,VALID,VALID
92H-02687,2026-08-14 01:10:00,402.5,0,-0.4083333333333333,,,"Tỉnh Lộ 10B, Phường Tân Tạo, TP Hồ Chí Minh",,2.0,1,0,-0.19999999999998863,-0.09999999999999432,402.8,0.23874672658091128,5.0,1,Stopped,0,0,0,0,0,VALID,VALID
92H-02687,2026-08-14 01:12:00,402.4,51,0.425,,,"Đường dẫn vào đường cao tốc, Phường Tân Tạo, TP Hồ Chí Minh",,2.0,1,0,-0.10000000000002274,-0.05000000000001137,402.7,0.2387467265809488,5.0,1,Moving,0,0,0,0,0,VALID,VALID
92H-02687,2026-08-14 01:14:00,399.9,7,-0.36666666666666664,,,"Trần Đại Nghĩa, Phường Tân Tạo, TP Hồ Chí Minh",,2.0,1,0,-2.5,-1.25,402.5,1.2177848740451829,5.0,1,Moving,0,0,0,0,0,VALID,VALID
92H-02687,2026-08-14 01:17:00,400.3,0,-0.03888888888888889,,,"Phường Tân Tạo, TP Hồ Chí Minh",,3.0,1,0,0.4000000000000341,0.1333333333333447,402.4,1.3446189049144348,5.0,1,Stopped,0,0,0,0,0,VALID,VALID
92H-02687,2026-08-14 01:20:00,400.6,0,0.0,,,"Phường Tân Tạo, TP Hồ Chí Minh",,3.0,1,0,0.30000000000001137,0.1000000000000038,400.6,1.2218837913047913,5.0,1,Stopped,0,0,0,0,0,VALID,VALID
92H-02687,2026-08-14 01:22:00,400.9,0,0.0,,,"Phường Tân Tạo, TP Hồ Chí Minh",,2.0,1,0,0.2999999999999545,0.14999999999997726,400.6,0.9576011693045543,5.0,1,Stopped,0,0,0,0,0,VALID,VALID
92H-02687,2026-08-14 01:24:00,401.1,0,0.0,,,"Phường Tân Tạo, TP Hồ Chí Minh",,2.0,1,0,0.20000000000004547,0.10000000000002274,400.6,0.47749345488031814,5.0,1,Stopped,0,0,0,0,0,VALID,VALID
92H-02687,2026-08-14 01:26:00,401.2,0,0.0,,,"Phường Tân Tạo, TP Hồ Chí Minh",,2.0,1,0,0.0999999999999659,0.04999999999998295,400.9,0.37013510972813624,5.0,1,Stopped,0,0,0,0,0,VALID,VALID
92H-02687,2026-08-14 01:28:00,401.4,0,0.0,,,"Phường Tân Tạo, TP Hồ Chí Minh",,2.0,1,0,0.19999999999998863,0.09999999999999432,401.1,0.30495901274333687,5.0,1,Stopped,0,0,0,0,0,VALID,VALID
92H-02687,2026-08-14 01:30:00,401.4,0,0.0,,,"Phường Tân Tạo, TP Hồ Chí Minh",,2.0,1,0,0.0,0.0,401.2,0.21213203306748674,5.0,1,Stopped,0,0,0,0,0,VALID,VALID
92H-02687,2026-08-14 01:33:00,401.5,0,0.0,,,"Phường Tân Tạo, TP Hồ Chí Minh",,3.0,1,0,0.10000000000002274,0.03333333333334091,401.4,0.1643167655880194,5.0,1,Stopped,0,0,0,0,0,VALID,VALID
92H-02687,2026-08-14 01:35:00,401.5,0,0.0,,,"Phường Tân Tạo, TP Hồ Chí Minh",,2.0,1,0,0.0,0.0,401.4,0.12247448490723135,5.0,1,Stopped,0,0,0,0,0,VALID,VALID
92H-02687,2026-08-14 01:37:00,401.5,0,0.0,,,"Phường Tân Tạo, TP Hồ Chí Minh",,2.0,1,0,0.0,0.0,401.5,0.05477225075964445,5.0,1,Stopped,0,0,0,0,0,VALID,VALID
92H-02687,2026-08-14 01:39:00,401.5,0,0.0,,,"Phường Tân Tạo, TP Hồ Chí Minh",,2.0,1,0,0.0,0.0,401.5,0.04472135343738273,5.0,1,Stopped,0,0,0,0,0,VALID,VALID
92H-02687,2026-08-14 01:40:00,401.5,0,0.0,,,"Phường Tân Tạo, TP Hồ Chí Minh",,1.0,1,0,0.0,0.0,401.5,0.0,5.0,1,Stopped,0,0,0,0,0,VALID,VALID
92H-02687,2026-08-14 01:42:00,401.5,0,0.0,,,"Phường Tân Tạo, TP Hồ Chí Minh",,2.0,1,0,0.0,0.0,401.5,0.0,5.0,1,Stopped,0,0,0,0,0,VALID,VALID
92H-02687,2026-08-14 01:44:00,401.5,0,0.0,,,"Phường Tân Tạo, TP Hồ Chí Minh",,2.0,1,0,0.0,0.0,401.5,0.0,5.0,1,Stopped,0,0,0,0,0,VALID,VALID
92H-02687,2026-08-14 01:46:00,401.5,0,0.0,,,"Phường Tân Tạo, TP Hồ Chí Minh",,2.0,1,0,0.0,0.0,401.5,0.0,5.0,1,Stopped,0,0,0,0,0,VALID,VALID
92H-02687,2026-08-14 01:48:00,399.6,0,0.0,,,"Phường Tân Tạo, TP Hồ Chí Minh",,2.0,1,0,-1.8999999999999773,-0.9499999999999886,401.5,0.849705831128246,5.0,1,Stopped,0,0,0,0,0,VALID,VALID
92H-02687,2026-08-14 01:50:00,399.5,0,0.0,,,"Phường Tân Tạo, TP Hồ Chí Minh",,2.0,1,0,-0.10000000000002274,-0.05000000000001137,401.5,1.068644000335692,5.0,1,Stopped,0,0,0,0,0,VALID,VALID
92H-02687,2026-08-14 01:52:00,399.3,0,0.0,,,"Phường Tân Tạo, TP Hồ Chí Minh",,2.0,1,0,-0.19999999999998863,-0.09999999999999432,399.6,1.1189280582118013,5.0,1,Stopped,0,0,0,0,0,VALID,VALID
92H-02687,2026-08-14 01:55:00,399.2,0,0.0,,,"Phường Tân Tạo, TP Hồ Chí Minh",,3.0,1,0,-0.10000000000002274,-0.03333333333334091,399.5,0.9523654757779765,5.0,1,Stopped,0,0,0,0,0,VALID,VALID
92H-02687,2026-08-14 01:57:00,399.0,0,0.0,,,"Phường Tân Tạo, TP Hồ Chí Minh",,2.0,1,0,-0.19999999999998863,-0.09999999999999432,399.3,0.2387467265828292,5.0,1,Stopped,0,0,0,0,0,VALID,VALID
92H-02687,2026-08-14 01:59:00,398.9,0,0.0,,,"Phường Tân Tạo, TP Hồ Chí Minh",,2.0,1,0,-0.10000000000002274,-0.05000000000001137,399.2,0.23874672658295834,5.0,1,Stopped,0,0,0,0,0,VALID,VALID
92H-02687,2026-08-14 02:01:00,398.9,0,0.0,,,"Phường Tân Tạo, TP Hồ Chí Minh",,2.0,1,0,0.0,0.0,399.0,0.18165901974340912,5.0,1,Stopped,0,0,0,0,0,VALID,VALID
92H-02687,2026-08-14 02:04:00,398.7,0,0.0,,,"Phường Tân Tạo, TP Hồ Chí Minh",,3.0,1,0,-0.19999999999998863,-0.06666666666666288,398.9,0.18165901974355464,5.0,1,Stopped,0,0,0,0,0,VALID,VALID
92H-02687,2026-08-14 02:06:00,398.3,0,0.0,,,"Phường Tân Tạo, TP Hồ Chí Minh",,2.0,1,0,-0.39999999999997726,-0.19999999999998863,398.9,0.2792847998983577,5.0,1,Stopped,0,0,0,0,0,VALID,VALID
92H-02687,2026-08-14 02:08:00,398.7,0,0.0,,,"Phường Tân Tạo, TP Hồ Chí Minh",,2.0,1,0,0.39999999999997726,0.19999999999998863,398.7,0.24494897316439349,5.0,1,Stopped,0,0,0,0,0,VALID,VALID
92H-02687,2026-08-14 02:10:00,398.7,0,0.0,,,"Phường Tân Tạo, TP Hồ Chí Minh",,2.0,1,0,0.0,0.0,398.7,0.2190890217567039,5.0,1,Stopped,0,0,0,0,0,VALID,VALID
92H-02687,2026-08-14 02:12:00,398.7,0,0.0,,,"Phường Tân Tạo, TP Hồ Chí Minh",,2.0,1,0,0.0,0.0,398.7,0.17888543667477735,5.0,1,Stopped,0,0,0,0,0,VALID,VALID
92H-02687,2026-08-14 02:14:00,398.7,0,0.0,,,"Phường Tân Tạo, TP Hồ Chí Minh",,2.0,1,0,0.0,0.0,398.7,0.17888543667477735,5.0,1,Stopped,0,0,0,0,0,VALID,VALID
92H-02687,2026-08-14 02:16:00,398.7,0,0.0,,,"Phường Tân Tạo, TP Hồ Chí Minh",,2.0,1,0,0.0,0.0,398.7,0.0,5.0,1,Stopped,0,0,0,0,0,VALID,VALID
92H-02687,2026-08-14 02:18:00,398.7,0,0.0,,,"Phường Tân Tạo, TP Hồ Chí Minh",,2.0,1,0,0.0,0.0,398.7,0.0,5.0,1,Stopped,0,0,0,0,0,VALID,VALID
92H-02687,2026-08-14 02:21:00,398.7,0,0.0,,,"Phường Tân Tạo, TP Hồ Chí Minh",,3.0,1,0,0.0,0.0,398.7,0.0,5.0,1,Stopped,0,0,0,0,0,VALID,VALID
92H-02687,2026-08-14 02:23:00,398.7,0,0.0,,,"Phường Tân Tạo, TP Hồ Chí Minh",,2.0,1,0,0.0,0.0,398.7,0.0,5.0,1,Stopped,0,0,0,0,0,VALID,VALID
92H-02687,2026-08-14 02:25:00,398.7,0,0.0,,,"Phường Tân Tạo, TP Hồ Chí Minh",,2.0,1,0,0.0,0.0,398.7,0.0,5.0,1,Stopped,0,0,0,0,0,VALID,VALID
92H-02687,2026-08-14 02:27:00,398.7,0,0.0,,,"Phường Tân Tạo, TP Hồ Chí Minh",,2.0,1,0,0.0,0.0,398.7,0.0,5.0,1,Stopped,0,0,0,0,0,VALID,VALID
92H-02687,2026-08-14 02:29:00,398.7,0,0.0,,,"Phường Tân Tạo, TP Hồ Chí Minh",,2.0,1,0,0.0,0.0,398.7,0.0,5.0,1,Stopped,0,0,0,0,0,VALID,VALID
92H-02687,2026-08-14 02:32:00,398.7,0,0.0,,,"Phường Tân Tạo, TP Hồ Chí Minh",,3.0,1,0,0.0,0.0,398.7,0.0,5.0,1,Stopped,0,0,0,0,0,VALID,VALID
92H-02687,2026-08-14 02:34:00,398.7,0,0.0,,,"Phường Tân Tạo, TP Hồ Chí Minh",,2.0,1,0,0.0,0.0,398.7,0.0,5.0,1,Stopped,0,0,0,0,0,VALID,VALID
92H-02687,2026-08-14 02:36:00,398.7,0,0.0,,,"Phường Tân Tạo, TP Hồ Chí Minh",,2.0,1,0,0.0,0.0,398.7,0.0,5.0,1,Stopped,0,0,0,0,0,VALID,VALID
92H-02687,2026-08-14 02:38:00,398.7,0,0.0,,,"Phường Tân Tạo, TP Hồ Chí Minh",,2.0,1,0,0.0,0.0,398.7,0.0,5.0,1,Stopped,0,0,0,0,0,VALID,VALID
92H-02687,2026-08-14 02:40:00,398.7,0,0.0,,,"Phường Tân Tạo, TP Hồ Chí Minh",,2.0,1,0,0.0,0.0,398.7,0.0,5.0,1,Stopped,0,0,0,0,0,VALID,VALID
92H-02687,2026-08-14 02:42:00,398.7,0,0.0,,,"Phường Tân Tạo, TP Hồ Chí Minh",,2.0,1,0,0.0,0.0,398.7,0.0,5.0,1,Stopped,0,0,0,0,0,VALID,VALID
92H-02687,2026-08-14 02:45:00,398.7,0,0.0,,,"Phường Tân Tạo, TP Hồ Chí Minh",,3.0,1,0,0.0,0.0,398.7,0.0,5.0,1,Stopped,0,0,0,0,0,VALID,VALID
92H-02687,2026-08-14 02:47:00,398.7,0,0.0,,,"Phường Tân Tạo, TP Hồ Chí Minh",,2.0,1,0,0.0,0.0,398.7,0.0,5.0,1,Stopped,0,0,0,0,0,VALID,VALID
92H-02687,2026-08-14 02:49:00,398.7,0,0.0,,,"Phường Tân Tạo, TP Hồ Chí Minh",,2.0,1,0,0.0,0.0,398.7,0.0,5.0,1,Stopped,0,0,0,0,0,VALID,VALID
92H-02687,2026-08-14 02:51:00,398.7,0,0.0,,,"Phường Tân Tạo, TP Hồ Chí Minh",,2.0,1,0,0.0,0.0,398.7,0.0,5.0,1,Stopped,0,0,0,0,0,VALID,VALID
92H-02687,2026-08-14 02:53:00,398.7,0,0.0,,,"Phường Tân Tạo, TP Hồ Chí Minh",,2.0,1,0,0.0,0.0,398.7,0.0,5.0,1,Stopped,0,0,0,0,0,VALID,VALID
92H-02687,2026-08-14 02:56:00,398.7,0,0.0,,,"Phường Tân Tạo, TP Hồ Chí Minh",,3.0,1,0,0.0,0.0,398.7,0.0,5.0,1,Stopped,0,0,0,0,0,VALID,VALID
92H-02687,2026-08-14 02:58:00,398.7,0,0.0,,,"Phường Tân Tạo, TP Hồ Chí Minh",,2.0,1,0,0.0,0.0,398.7,0.0,5.0,1,Stopped,0,0,0,0,0,VALID,VALID
92H-02687,2026-08-14 03:00:00,400.9,0,0.0,,,"Phường Tân Tạo, TP Hồ Chí Minh",,2.0,1,0,2.1999999999999886,1.0999999999999943,398.7,0.9838699098224771,5.0,1,Stopped,0,0,0,0,0,VALID,VALID
92H-02687,2026-08-14 03:02:00,401.1,0,0.0,,,"Phường Tân Tạo, TP Hồ Chí Minh",,2.0,1,0,0.20000000000004547,0.10000000000002274,398.7,1.261744823430591,5.0,1,Stopped,0,0,0,0,0,VALID,VALID
92H-02687,2026-08-14 03:04:00,400.8,0,0.0,,,"Phường Tân Tạo, TP Hồ Chí Minh",,2.0,1,0,-0.30000000000001137,-0.15000000000000568,400.8,1.228006514418263,5.0,1,Stopped,0,0,0,0,0,VALID,VALID
92H-02687,2026-08-14 03:06:00,400.8,0,0.0,,,"Phường Tân Tạo, TP Hồ Chí Minh",,2.0,1,0,0.0,0.0,400.8,0.9914635643600263,5.0,1,Stopped,0,0,0,0,0,VALID,VALID
92H-02687,2026-08-14 03:08:00,400.6,0,0.0,,,"Phường Tân Tạo, TP Hồ Chí Minh",,2.0,1,0,-0.19999999999998863,-0.09999999999999432,400.8,0.18165901974103985,5.0,1,Stopped,0,0,0,0,0,VALID,VALID
92H-02687,2026-08-14 03:11:00,400.6,0,0.0,,,"Phường Tân Tạo, TP Hồ Chí Minh",,3.0,1,0,0.0,0.0,400.8,0.2049390139853937,5.0,1,Stopped,0,0,0,0,0,VALID,VALID
92H-02687,2026-08-14 03:13:00,400.5,0,0.0,,,"Phường Tân Tạo, TP Hồ Chí Minh",,2.0,1,0,-0.10000000000002274,-0.05000000000001137,400.6,0.13416407661279464,5.0,1,Stopped,0,0,0,0,0,VALID,VALID
92H-02687,2026-08-14 03:15:00,400.5,0,0.0,,,"Phường Tân Tạo, TP Hồ Chí Minh",,2.0,1,0,0.0,0.0,400.6,0.12247448490763768,5.0,1,Stopped,0,0,0,0,0,VALID,VALID
92H-02687,2026-08-14 03:17:00,400.5,0,0.0,,,"Phường Tân Tạo, TP Hồ Chí Minh",,2.0,1,0,0.0,0.0,400.5,0.054772250760934435,5.0,1,Stopped,0,0,0,0,0,VALID,VALID
92H-02687,2026-08-14 03:19:00,400.5,0,0.0,,,"Phường Tân Tạo, TP Hồ Chí Minh",,2.0,1,0,0.0,0.0,400.5,0.04472135343911834,5.0,1,Stopped,0,0,0,0,0,VALID,VALID
92H-02687,2026-08-14 03:22:00,400.5,0,0.0,,,"Phường Tân Tạo, TP Hồ Chí Minh",,3.0,1,0,0.0,0.0,400.5,0.0,5.0,1,Stopped,0,0,0,0,0,VALID,VALID
92H-02687,2026-08-14 03:24:00,400.5,0,0.0,,,"Phường Tân Tạo, TP Hồ Chí Minh",,2.0,1,0,0.0,0.0,400.5,0.0,5.0,1,Stopped,0,0,0,0,0,VALID,VALID
92H-02687,2026-08-14 03:26:00,400.5,0,0.0,,,"Phường Tân Tạo, TP Hồ Chí Minh",,2.0,1,0,0.0,0.0,400.5,0.0,5.0,1,Stopped,0,0,0,0,0,VALID,VALID
92H-02687,2026-08-14 03:28:00,400.5,0,0.0,,,"Phường Tân Tạo, TP Hồ Chí Minh",,2.0,1,0,0.0,0.0,400.5,0.0,5.0,1,Stopped,0,0,0,0,0,VALID,VALID
92H-02687,2026-08-14 03:30:00,400.5,0,0.0,,,"Phường Tân Tạo, TP Hồ Chí Minh",,2.0,1,0,0.0,0.0,400.5,0.0,5.0,1,Stopped,0,0,0,0,0,VALID,VALID
92H-02687,2026-08-14 03:32:00,400.5,0,0.0,,,"Phường Tân Tạo, TP Hồ Chí Minh",,2.0,1,0,0.0,0.0,400.5,0.0,5.0,1,Stopped,0,0,0,0,0,VALID,VALID
92H-02687,2026-08-14 03:35:00,400.5,0,0.0,,,"Phường Tân Tạo, TP Hồ Chí Minh",,3.0,1,0,0.0,0.0,400.5,0.0,5.0,1,Stopped,0,0,0,0,0,VALID,VALID
92H-02687,2026-08-14 03:37:00,400.5,0,0.0,,,"Phường Tân Tạo, TP Hồ Chí Minh",,2.0,1,0,0.0,0.0,400.5,0.0,5.0,1,Stopped,0,0,0,0,0,VALID,VALID
92H-02687,2026-08-14 03:39:00,400.5,0,0.0,,,"Phường Tân Tạo, TP Hồ Chí Minh",,2.0,1,0,0.0,0.0,400.5,0.0,5.0,1,Stopped,0,0,0,0,0,VALID,VALID
92H-02687,2026-08-14 03:41:00,400.5,0,0.0,,,"Phường Tân Tạo, TP Hồ Chí Minh",,2.0,1,0,0.0,0.0,400.5,0.0,5.0,1,Stopped,0,0,0,0,0,VALID,VALID
92H-02687,2026-08-14 03:43:00,400.5,0,0.0,,,"Phường Tân Tạo, TP Hồ Chí Minh",,2.0,1,0,0.0,0.0,400.5,0.0,5.0,1,Stopped,0,0,0,0,0,VALID,VALID
92H-02687,2026-08-14 03:46:00,400.5,0,0.0,,,"Phường Tân Tạo, TP Hồ Chí Minh",,3.0,1,0,0.0,0.0,400.5,0.0,5.0,1,Stopped,0,0,0,0,0,VALID,VALID
92H-02687,2026-08-14 03:48:00,400.5,0,0.0,,,"Phường Tân Tạo, TP Hồ Chí Minh",,2.0,1,0,0.0,0.0,400.5,0.0,5.0,1,Stopped,0,0,0,0,0,VALID,VALID
92H-02687,2026-08-14 03:50:00,400.5,0,0.0,,,"Phường Tân Tạo, TP Hồ Chí Minh",,2.0,1,0,0.0,0.0,400.5,0.0,5.0,1,Stopped,0,0,0,0,0,VALID,VALID
92H-02687,2026-08-14 03:52:00,400.5,0,0.0,,,"Phường Tân Tạo, TP Hồ Chí Minh",,2.0,1,0,0.0,0.0,400.5,0.0,5.0,1,Stopped,0,0,0,0,0,VALID,VALID
92H-02687,2026-08-14 03:54:00,400.5,0,0.0,,,"Phường Tân Tạo, TP Hồ Chí Minh",,2.0,1,0,0.0,0.0,400.5,0.0,5.0,1,Stopped,0,0,0,0,0,VALID,VALID
92H-02687,2026-08-14 03:56:00,400.5,0,0.0,,,"Phường Tân Tạo, TP Hồ Chí Minh",,2.0,1,0,0.0,0.0,400.5,0.0,5.0,1,Stopped,0,0,0,0,0,VALID,VALID
92H-02687,2026-08-14 03:59:00,400.5,0,0.0,,,"Phường Tân Tạo, TP Hồ Chí Minh",,3.0,1,0,0.0,0.0,400.5,0.0,5.0,1,Stopped,0,0,0,0,0,VALID,VALID
92H-02687,2026-08-14 04:01:00,400.5,0,0.0,,,"Phường Tân Tạo, TP Hồ Chí Minh",,2.0,1,0,0.0,0.0,400.5,0.0,5.0,1,Stopped,0,0,0,0,0,VALID,VALID
92H-02687,2026-08-14 04:03:00,400.3,0,0.0,,,"Phường Tân Tạo, TP Hồ Chí Minh",,2.0,1,0,-0.19999999999998863,-0.09999999999999432,400.5,0.08944271604463341,5.0,1,Stopped,0,0,0,0,0,VALID,VALID
92H-02687,2026-08-14 04:05:00,400.3,0,0.0,,,"Phường Tân Tạo, TP Hồ Chí Minh",,2.0,1,0,0.0,0.0,400.5,0.10954450900637668,5.0,1,Stopped,0,0,0,0,0,VALID,VALID
92H-02687,2026-08-14 04:08:00,400.3,0,0.0,,,"Phường Tân Tạo, TP Hồ Chí Minh",,3.0,1,0,0.0,0.0,400.3,0.10954450900640521,5.0,1,Stopped,0,0,0,0,0,VALID,VALID
92H-02687,2026-08-14 04:10:00,400.3,0,0.0,,,"Phường Tân Tạo, TP Hồ Chí Minh",,2.0,1,0,0.0,0.0,400.3,0.08944271604474223,5.0,1,Stopped,0,0,0,0,0,VALID,VALID
92H-02687,2026-08-14 04:12:00,400.3,0,0.0,,,"Phường Tân Tạo, TP Hồ Chí Minh",,2.0,1,0,0.0,0.0,400.3,0.0,5.0,1,Stopped,0,0,0,0,0,VALID,VALID
92H-02687,2026-08-14 04:14:00,400.3,0,0.0,,,"Phường Tân Tạo, TP Hồ Chí Minh",,2.0,1,0,0.0,0.0,400.3,0.0,5.0,1,Stopped,0,0,0,0,0,VALID,VALID
92H-02687,2026-08-14 04:16:00,400.3,0,0.0,,,"Phường Tân Tạo, TP Hồ Chí Minh",,2.0,1,0,0.0,0.0,400.3,0.0,5.0,1,Stopped,0,0,0,0,0,VALID,VALID
92H-02687,2026-08-14 04:18:00,400.3,0,0.0,,,"Phường Tân Tạo, TP Hồ Chí Minh",,2.0,1,0,0.0,0.0,400.3,0.0,5.0,1,Stopped,0,0,0,0,0,VALID,VALID
92H-02687,2026-08-14 04:21:00,400.3,0,0.0,,,"Phường Tân Tạo, TP Hồ Chí Minh",,3.0,1,0,0.0,0.0,400.3,0.0,5.0,1,Stopped,0,0,0,0,0,VALID,VALID
92H-02687,2026-08-14 04:23:00,400.3,0,0.0,,,"Phường Tân Tạo, TP Hồ Chí Minh",,2.0,1,0,0.0,0.0,400.3,0.0,5.0,1,Stopped,0,0,0,0,0,VALID,VALID
92H-02687,2026-08-14 04:25:00,400.3,0,0.0,,,"Phường Tân Tạo, TP Hồ Chí Minh",,2.0,1,0,0.0,0.0,400.3,0.0,5.0,1,Stopped,0,0,0,0,0,VALID,VALID
92H-02687,2026-08-14 04:27:00,400.3,0,0.0,,,"Phường Tân Tạo, TP Hồ Chí Minh",,2.0,1,0,0.0,0.0,400.3,0.0,5.0,1,Stopped,0,0,0,0,0,VALID,VALID
92H-02687,2026-08-14 04:29:00,400.3,0,0.0,,,"Phường Tân Tạo, TP Hồ Chí Minh",,2.0,1,0,0.0,0.0,400.3,0.0,5.0,1,Stopped,0,0,0,0,0,VALID,VALID
92H-02687,2026-08-14 04:32:00,400.3,0,0.0,,,"Phường Tân Tạo, TP Hồ Chí Minh",,3.0,1,0,0.0,0.0,400.3,0.0,5.0,1,Stopped,0,0,0,0,0,VALID,VALID
92H-02687,2026-08-14 04:34:00,400.3,0,0.0,,,"Phường Tân Tạo, TP Hồ Chí Minh",,2.0,1,0,0.0,0.0,400.3,0.0,5.0,1,Stopped,0,0,0,0,0,VALID,VALID
92H-02687,2026-08-14 04:36:00,400.3,0,0.0,,,"Phường Tân Tạo, TP Hồ Chí Minh",,2.0,1,0,0.0,0.0,400.3,0.0,5.0,1,Stopped,0,0,0,0,0,VALID,VALID
92H-02687,2026-08-14 04:38:00,400.3,0,0.0,,,"Phường Tân Tạo, TP Hồ Chí Minh",,2.0,1,0,0.0,0.0,400.3,0.0,5.0,1,Stopped,0,0,0,0,0,VALID,VALID
92H-02687,2026-08-14 04:40:00,400.3,0,0.0,,,"Phường Tân Tạo, TP Hồ Chí Minh",,2.0,1,0,0.0,0.0,400.3,0.0,5.0,1,Stopped,0,0,0,0,0,VALID,VALID
92H-02687,2026-08-14 04:42:00,400.3,0,0.0,,,"Phường Tân Tạo, TP Hồ Chí Minh",,2.0,1,0,0.0,0.0,400.3,0.0,5.0,1,Stopped,0,0,0,0,0,VALID,VALID
92H-02687,2026-08-14 04:45:00,400.3,0,0.0,,,"Phường Tân Tạo, TP Hồ Chí Minh",,3.0,1,0,0.0,0.0,400.3,0.0,5.0,1,Stopped,0,0,0,0,0,VALID,VALID
92H-02687,2026-08-14 04:47:00,400.3,0,0.0,,,"Phường Tân Tạo, TP Hồ Chí Minh",,2.0,1,0,0.0,0.0,400.3,0.0,5.0,1,Stopped,0,0,0,0,0,VALID,VALID
92H-02687,2026-08-14 04:49:00,400.3,0,0.0,,,"Phường Tân Tạo, TP Hồ Chí Minh",,2.0,1,0,0.0,0.0,400.3,0.0,5.0,1,Stopped,0,0,0,0,0,VALID,VALID
92H-02687,2026-08-14 04:51:00,400.3,0,0.0,,,"Phường Tân Tạo, TP Hồ Chí Minh",,2.0,1,0,0.0,0.0,400.3,0.0,5.0,1,Stopped,0,0,0,0,0,VALID,VALID
92H-02687,2026-08-14 04:53:00,400.3,0,0.0,,,"Phường Tân Tạo, TP Hồ Chí Minh",,2.0,1,0,0.0,0.0,400.3,0.0,5.0,1,Stopped,0,0,0,0,0,VALID,VALID
92H-02687,2026-08-14 04:56:00,400.3,0,0.0,,,"Phường Tân Tạo, TP Hồ Chí Minh",,3.0,1,0,0.0,0.0,400.3,0.0,5.0,1,Stopped,0,0,0,0,0,VALID,VALID
92H-02687,2026-08-14 04:58:00,400.3,0,0.0,,,"Phường Tân Tạo, TP Hồ Chí Minh",,2.0,1,0,0.0,0.0,400.3,0.0,5.0,1,Stopped,0,0,0,0,0,VALID,VALID
92H-02687,2026-08-14 05:00:00,400.3,0,0.0,,,"Phường Tân Tạo, TP Hồ Chí Minh",,2.0,1,0,0.0,0.0,400.3,0.0,5.0,1,Stopped,0,0,0,0,0,VALID,VALID
92H-02687,2026-08-14 05:02:00,400.3,0,0.0,,,"Phường Tân Tạo, TP Hồ Chí Minh",,2.0,1,0,0.0,0.0,400.3,0.0,5.0,1,Stopped,0,0,0,0,0,VALID,VALID
92H-02687,2026-08-14 05:04:00,400.3,0,0.0,,,"Phường Tân Tạo, TP Hồ Chí Minh",,2.0,1,0,0.0,0.0,400.3,0.0,5.0,1,Stopped,0,0,0,0,0,VALID,VALID
92H-02687,2026-08-14 05:06:00,400.3,0,0.0,,,"Phường Tân Tạo, TP Hồ Chí Minh",,2.0,1,0,0.0,0.0,400.3,0.0,5.0,1,Stopped,0,0,0,0,0,VALID,VALID
92H-02687,2026-08-14 05:09:00,400.3,0,0.0,,,"Phường Tân Tạo, TP Hồ Chí Minh",,3.0,1,0,0.0,0.0,400.3,0.0,5.0,1,Stopped,0,0,0,0,0,VALID,VALID
92H-02687,2026-08-14 05:11:00,400.3,0,0.0,,,"Phường Tân Tạo, TP Hồ Chí Minh",,2.0,1,0,0.0,0.0,400.3,0.0,5.0,1,Stopped,0,0,0,0,0,VALID,VALID
92H-02687,2026-08-14 05:13:00,400.3,0,0.0,,,"Phường Tân Tạo, TP Hồ Chí Minh",,2.0,1,0,0.0,0.0,400.3,0.0,5.0,1,Stopped,0,0,0,0,0,VALID,VALID
92H-02687,2026-08-14 05:15:00,400.3,0,0.0,,,"Phường Tân Tạo, TP Hồ Chí Minh",,2.0,1,0,0.0,0.0,400.3,0.0,5.0,1,Stopped,0,0,0,0,0,VALID,VALID
92H-02687,2026-08-14 05:17:00,400.3,0,0.0,,,"Phường Tân Tạo, TP Hồ Chí Minh",,2.0,1,0,0.0,0.0,400.3,0.0,5.0,1,Stopped,0,0,0,0,0,VALID,VALID
92H-02687,2026-08-14 05:20:00,400.3,0,0.0,,,"Phường Tân Tạo, TP Hồ Chí Minh",,3.0,1,0,0.0,0.0,400.3,0.0,5.0,1,Stopped,0,0,0,0,0,VALID,VALID
92H-02687,2026-08-14 05:22:00,400.3,0,0.0,,,"Phường Tân Tạo, TP Hồ Chí Minh",,2.0,1,0,0.0,0.0,400.3,0.0,5.0,1,Stopped,0,0,0,0,0,VALID,VALID
92H-02687,2026-08-14 05:24:00,400.3,0,0.0,,,"Phường Tân Tạo, TP Hồ Chí Minh",,2.0,1,0,0.0,0.0,400.3,0.0,5.0,1,Stopped,0,0,0,0,0,VALID,VALID
92H-02687,2026-08-14 05:26:00,400.3,0,0.0,,,"Phường Tân Tạo, TP Hồ Chí Minh",,2.0,1,0,0.0,0.0,400.3,0.0,5.0,1,Stopped,0,0,0,0,0,VALID,VALID
92H-02687,2026-08-14 05:28:00,400.3,0,0.0,,,"Phường Tân Tạo, TP Hồ Chí Minh",,2.0,1,0,0.0,0.0,400.3,0.0,5.0,1,Stopped,0,0,0,0,0,VALID,VALID
92H-02687,2026-08-14 05:30:00,400.3,0,0.0,,,"Phường Tân Tạo, TP Hồ Chí Minh",,2.0,1,0,0.0,0.0,400.3,0.0,5.0,1,Stopped,0,0,0,0,0,VALID,VALID
92H-02687,2026-08-14 05:33:00,400.3,0,0.0,,,"Phường Tân Tạo, TP Hồ Chí Minh",,3.0,1,0,0.0,0.0,400.3,0.0,5.0,1,Stopped,0,0,0,0,0,VALID,VALID
92H-02687,2026-08-14 05:35:00,400.3,0,0.0,,,"Phường Tân Tạo, TP Hồ Chí Minh",,2.0,1,0,0.0,0.0,400.3,0.0,5.0,1,Stopped,0,0,0,0,0,VALID,VALID
92H-02687,2026-08-14 05:37:00,400.3,0,0.0,,,"Phường Tân Tạo, TP Hồ Chí Minh",,2.0,1,0,0.0,0.0,400.3,0.0,5.0,1,Stopped,0,0,0,0,0,VALID,VALID
92H-02687,2026-08-14 05:39:00,400.3,0,0.0,,,"Phường Tân Tạo, TP Hồ Chí Minh",,2.0,1,0,0.0,0.0,400.3,0.0,5.0,1,Stopped,0,0,0,0,0,VALID,VALID
92H-02687,2026-08-14 05:41:00,400.3,0,0.0,,,"Phường Tân Tạo, TP Hồ Chí Minh",,2.0,1,0,0.0,0.0,400.3,0.0,5.0,1,Stopped,0,0,0,0,0,VALID,VALID
92H-02687,2026-08-14 05:44:00,400.3,0,0.0,,,"Phường Tân Tạo, TP Hồ Chí Minh",,3.0,1,0,0.0,0.0,400.3,0.0,5.0,1,Stopped,0,0,0,0,0,VALID,VALID
92H-02687,2026-08-14 05:46:00,400.3,0,0.0,,,"Phường Tân Tạo, TP Hồ Chí Minh",,2.0,1,0,0.0,0.0,400.3,0.0,5.0,1,Stopped,0,0,0,0,0,VALID,VALID
92H-02687,2026-08-14 05:48:00,400.3,0,0.0,,,"Phường Tân Tạo, TP Hồ Chí Minh",,2.0,1,0,0.0,0.0,400.3,0.0,5.0,1,Stopped,0,0,0,0,0,VALID,VALID
92H-02687,2026-08-14 05:50:00,400.3,0,0.0,,,"Phường Tân Tạo, TP Hồ Chí Minh",,2.0,1,0,0.0,0.0,400.3,0.0,5.0,1,Stopped,0,0,0,0,0,VALID,VALID
92H-02687,2026-08-14 05:52:00,400.3,0,0.0,,,"Phường Tân Tạo, TP Hồ Chí Minh",,2.0,1,0,0.0,0.0,400.3,0.0,5.0,1,Stopped,0,0,0,0,0,VALID,VALID
92H-02687,2026-08-14 05:54:00,400.3,0,0.0,,,"Phường Tân Tạo, TP Hồ Chí Minh",,2.0,1,0,0.0,0.0,400.3,0.0,5.0,1,Stopped,0,0,0,0,0,VALID,VALID
92H-02687,2026-08-14 05:57:00,400.3,0,0.0,,,"Phường Tân Tạo, TP Hồ Chí Minh",,3.0,1,0,0.0,0.0,400.3,0.0,5.0,1,Stopped,0,0,0,0,0,VALID,VALID
92H-02687,2026-08-14 05:59:00,400.3,0,0.0,,,"Phường Tân Tạo, TP Hồ Chí Minh",,2.0,1,0,0.0,0.0,400.3,0.0,5.0,1,Stopped,0,0,0,0,0,VALID,VALID
92H-02687,2026-08-14 06:01:00,400.3,0,0.0,,,"Phường Tân Tạo, TP Hồ Chí Minh",,2.0,1,0,0.0,0.0,400.3,0.0,5.0,1,Stopped,0,0,0,0,0,VALID,VALID
92H-02687,2026-08-14 06:03:00,400.3,0,0.0,,,"Phường Tân Tạo, TP Hồ Chí Minh",,2.0,1,0,0.0,0.0,400.3,0.0,5.0,1,Stopped,0,0,0,0,0,VALID,VALID
92H-02687,2026-08-14 06:05:00,400.3,0,0.0,,,"Phường Tân Tạo, TP Hồ Chí Minh",,2.0,1,0,0.0,0.0,400.3,0.0,5.0,1,Stopped,0,0,0,0,0,VALID,VALID
92H-02687,2026-08-14 06:08:00,400.3,0,0.0,,,"Phường Tân Tạo, TP Hồ Chí Minh",,3.0,1,0,0.0,0.0,400.3,0.0,5.0,1,Stopped,0,0,0,0,0,VALID,VALID
92H-02687,2026-08-14 06:10:00,400.3,0,0.0,,,"Phường Tân Tạo, TP Hồ Chí Minh",,2.0,1,0,0.0,0.0,400.3,0.0,5.0,1,Stopped,0,0,0,0,0,VALID,VALID
92H-02687,2026-08-14 06:12:00,400.3,0,0.0,,,"Phường Tân Tạo, TP Hồ Chí Minh",,2.0,1,0,0.0,0.0,400.3,0.0,5.0,1,Stopped,0,0,0,0,0,VALID,VALID
92H-02687,2026-08-14 06:14:00,400.3,0,0.0,,,"Phường Tân Tạo, TP Hồ Chí Minh",,2.0,1,0,0.0,0.0,400.3,0.0,5.0,1,Stopped,0,0,0,0,0,VALID,VALID
92H-02687,2026-08-14 06:16:00,400.3,0,0.0,,,"Phường Tân Tạo, TP Hồ Chí Minh",,2.0,1,0,0.0,0.0,400.3,0.0,5.0,1,Stopped,0,0,0,0,0,VALID,VALID
92H-02687,2026-08-14 06:18:00,400.3,0,0.0,,,"Phường Tân Tạo, TP Hồ Chí Minh",,2.0,1,0,0.0,0.0,400.3,0.0,5.0,1,Stopped,0,0,0,0,0,VALID,VALID
92H-02687,2026-08-14 06:21:00,400.3,0,0.0,,,"Phường Tân Tạo, TP Hồ Chí Minh",,3.0,1,0,0.0,0.0,400.3,0.0,5.0,1,Stopped,0,0,0,0,0,VALID,VALID
92H-02687,2026-08-14 06:23:00,400.3,0,0.0,,,"Phường Tân Tạo, TP Hồ Chí Minh",,2.0,1,0,0.0,0.0,400.3,0.0,5.0,1,Stopped,0,0,0,0,0,VALID,VALID
92H-02687,2026-08-14 06:25:00,400.3,0,0.0,,,"Phường Tân Tạo, TP Hồ Chí Minh",,2.0,1,0,0.0,0.0,400.3,0.0,5.0,1,Stopped,0,0,0,0,0,VALID,VALID
92H-02687,2026-08-14 06:27:00,400.3,0,0.0,,,"Phường Tân Tạo, TP Hồ Chí Minh",,2.0,1,0,0.0,0.0,400.3,0.0,5.0,1,Stopped,0,0,0,0,0,VALID,VALID
92H-02687,2026-08-14 06:29:00,400.3,0,0.0,,,"Phường Tân Tạo, TP Hồ Chí Minh",,2.0,1,0,0.0,0.0,400.3,0.0,5.0,1,Stopped,0,0,0,0,0,VALID,VALID
92H-02687,2026-08-14 06:32:00,400.3,0,0.0,,,"Phường Tân Tạo, TP Hồ Chí Minh",,3.0,1,0,0.0,0.0,400.3,0.0,5.0,1,Stopped,0,0,0,0,0,VALID,VALID
92H-02687,2026-08-14 06:34:00,400.3,0,0.0,,,"Phường Tân Tạo, TP Hồ Chí Minh",,2.0,1,0,0.0,0.0,400.3,0.0,5.0,1,Stopped,0,0,0,0,0,VALID,VALID
92H-02687,2026-08-14 06:36:00,400.3,0,0.0,,,"Phường Tân Tạo, TP Hồ Chí Minh",,2.0,1,0,0.0,0.0,400.3,0.0,5.0,1,Stopped,0,0,0,0,0,VALID,VALID
92H-02687,2026-08-14 06:38:00,400.3,0,0.0,,,"Phường Tân Tạo, TP Hồ Chí Minh",,2.0,1,0,0.0,0.0,400.3,0.0,5.0,1,Stopped,0,0,0,0,0,VALID,VALID
92H-02687,2026-08-14 06:40:00,400.3,0,0.0,,,"Phường Tân Tạo, TP Hồ Chí Minh",,2.0,1,0,0.0,0.0,400.3,0.0,5.0,1,Stopped,0,0,0,0,0,VALID,VALID
92H-02687,2026-08-14 06:42:00,400.3,0,0.0,,,"Phường Tân Tạo, TP Hồ Chí Minh",,2.0,1,0,0.0,0.0,400.3,0.0,5.0,1,Stopped,0,0,0,0,0,VALID,VALID
92H-02687,2026-08-14 06:45:00,400.3,0,0.0,,,"Phường Tân Tạo, TP Hồ Chí Minh",,3.0,1,0,0.0,0.0,400.3,0.0,5.0,1,Stopped,0,0,0,0,0,VALID,VALID
92H-02687,2026-08-14 06:47:00,400.3,0,0.0,,,"Phường Tân Tạo, TP Hồ Chí Minh",,2.0,1,0,0.0,0.0,400.3,0.0,5.0,1,Stopped,0,0,0,0,0,VALID,VALID
92H-02687,2026-08-14 06:49:00,400.3,0,0.0,,,"Phường Tân Tạo, TP Hồ Chí Minh",,2.0,1,0,0.0,0.0,400.3,0.0,5.0,1,Stopped,0,0,0,0,0,VALID,VALID
92H-02687,2026-08-14 06:51:00,400.3,0,0.0,,,"Phường Tân Tạo, TP Hồ Chí Minh",,2.0,1,0,0.0,0.0,400.3,0.0,5.0,1,Stopped,0,0,0,0,0,VALID,VALID
92H-02687,2026-08-14 06:54:00,400.3,0,0.0,,,"Phường Tân Tạo, TP Hồ Chí Minh",,3.0,1,0,0.0,0.0,400.3,0.0,5.0,1,Stopped,0,0,0,0,0,VALID,VALID
92H-02687,2026-08-14 06:56:00,400.3,0,0.0,,,"Phường Tân Tạo, TP Hồ Chí Minh",,2.0,1,0,0.0,0.0,400.3,0.0,5.0,1,Stopped,0,0,0,0,0,VALID,VALID
92H-02687,2026-08-14 06:58:00,400.3,0,0.0,,,"Phường Tân Tạo, TP Hồ Chí Minh",,2.0,1,0,0.0,0.0,400.3,0.0,5.0,1,Stopped,0,0,0,0,0,VALID,VALID
92H-02687,2026-08-14 07:00:00,400.3,0,0.0,,,"Phường Tân Tạo, TP Hồ Chí Minh",,2.0,1,0,0.0,0.0,400.3,0.0,5.0,1,Stopped,0,0,0,0,0,VALID,VALID
92H-02687,2026-08-14 07:02:00,400.3,0,0.0,,,"Phường Tân Tạo, TP Hồ Chí Minh",,2.0,1,0,0.0,0.0,400.3,0.0,5.0,1,Stopped,0,0,0,0,0,VALID,VALID
92H-02687,2026-08-14 07:04:00,400.3,0,0.0,,,"Phường Tân Tạo, TP Hồ Chí Minh",,2.0,1,0,0.0,0.0,400.3,0.0,5.0,1,Stopped,0,0,0,0,0,VALID,VALID
92H-02687,2026-08-14 07:07:00,400.3,0,0.0,,,"Phường Tân Tạo, TP Hồ Chí Minh",,3.0,1,0,0.0,0.0,400.3,0.0,5.0,1,Stopped,0,0,0,0,0,VALID,VALID
92H-02687,2026-08-14 07:09:00,400.3,0,0.0,,,"Phường Tân Tạo, TP Hồ Chí Minh",,2.0,1,0,0.0,0.0,400.3,0.0,5.0,1,Stopped,0,0,0,0,0,VALID,VALID
92H-02687,2026-08-14 07:11:00,400.3,0,0.0,,,"Phường Tân Tạo, TP Hồ Chí Minh",,2.0,1,0,0.0,0.0,400.3,0.0,5.0,1,Stopped,0,0,0,0,0,VALID,VALID
92H-02687,2026-08-14 07:13:00,400.3,0,0.0,,,"Phường Tân Tạo, TP Hồ Chí Minh",,2.0,1,0,0.0,0.0,400.3,0.0,5.0,1,Stopped,0,0,0,0,0,VALID,VALID
92H-02687,2026-08-14 07:15:00,400.3,0,0.0,,,"Phường Tân Tạo, TP Hồ Chí Minh",,2.0,1,0,0.0,0.0,400.3,0.0,5.0,1,Stopped,0,0,0,0,0,VALID,VALID
92H-02687,2026-08-14 07:18:00,400.3,0,0.0,,,"Phường Tân Tạo, TP Hồ Chí Minh",,3.0,1,0,0.0,0.0,400.3,0.0,5.0,1,Stopped,0,0,0,0,0,VALID,VALID
92H-02687,2026-08-14 07:20:00,400.3,0,0.0,,,"Phường Tân Tạo, TP Hồ Chí Minh",,2.0,1,0,0.0,0.0,400.3,0.0,5.0,1,Stopped,0,0,0,0,0,VALID,VALID
92H-02687,2026-08-14 07:22:00,400.3,0,0.0,,,"Phường Tân Tạo, TP Hồ Chí Minh",,2.0,1,0,0.0,0.0,400.3,0.0,5.0,1,Stopped,0,0,0,0,0,VALID,VALID
92H-02687,2026-08-14 07:24:00,400.3,0,0.0,,,"Phường Tân Tạo, TP Hồ Chí Minh",,2.0,1,0,0.0,0.0,400.3,0.0,5.0,1,Stopped,0,0,0,0,0,VALID,VALID
92H-02687,2026-08-14 07:26:00,400.3,0,0.0,,,"Phường Tân Tạo, TP Hồ Chí Minh",,2.0,1,0,0.0,0.0,400.3,0.0,5.0,1,Stopped,0,0,0,0,0,VALID,VALID
92H-02687,2026-08-14 07:28:00,400.3,0,0.0,,,"Phường Tân Tạo, TP Hồ Chí Minh",,2.0,1,0,0.0,0.0,400.3,0.0,5.0,1,Stopped,0,0,0,0,0,VALID,VALID
92H-02687,2026-08-14 07:31:00,400.3,0,0.0,,,"Phường Tân Tạo, TP Hồ Chí Minh",,3.0,1,0,0.0,0.0,400.3,0.0,5.0,1,Stopped,0,0,0,0,0,VALID,VALID
92H-02687,2026-08-14 07:33:00,400.3,0,0.0,,,"Phường Tân Tạo, TP Hồ Chí Minh",,2.0,1,0,0.0,0.0,400.3,0.0,5.0,1,Stopped,0,0,0,0,0,VALID,VALID
92H-02687,2026-08-14 07:35:00,400.3,0,0.0,,,"Phường Tân Tạo, TP Hồ Chí Minh",,2.0,1,0,0.0,0.0,400.3,0.0,5.0,1,Stopped,0,0,0,0,0,VALID,VALID
92H-02687,2026-08-14 07:37:00,400.3,0,0.0,,,"Phường Tân Tạo, TP Hồ Chí Minh",,2.0,1,0,0.0,0.0,400.3,0.0,5.0,1,Stopped,0,0,0,0,0,VALID,VALID
92H-02687,2026-08-14 07:39:00,400.3,0,0.0,,,"Phường Tân Tạo, TP Hồ Chí Minh",,2.0,1,0,0.0,0.0,400.3,0.0,5.0,1,Stopped,0,0,0,0,0,VALID,VALID
92H-02687,2026-08-14 07:42:00,400.3,0,0.0,,,"Phường Tân Tạo, TP Hồ Chí Minh",,3.0,1,0,0.0,0.0,400.3,0.0,5.0,1,Stopped,0,0,0,0,0,VALID,VALID
92H-02687,2026-08-14 07:44:00,400.3,0,0.0,,,"Phường Tân Tạo, TP Hồ Chí Minh",,2.0,1,0,0.0,0.0,400.3,0.0,5.0,1,Stopped,0,0,0,0,0,VALID,VALID
92H-02687,2026-08-14 07:46:00,400.3,0,0.0,,,"Phường Tân Tạo, TP Hồ Chí Minh",,2.0,1,0,0.0,0.0,400.3,0.0,5.0,1,Stopped,0,0,0,0,0,VALID,VALID
92H-02687,2026-08-14 07:48:00,400.3,0,0.0,,,"Phường Tân Tạo, TP Hồ Chí Minh",,2.0,1,0,0.0,0.0,400.3,0.0,5.0,1,Stopped,0,0,0,0,0,VALID,VALID
92H-02687,2026-08-14 07:50:00,400.3,0,0.0,,,"Phường Tân Tạo, TP Hồ Chí Minh",,2.0,1,0,0.0,0.0,400.3,0.0,5.0,1,Stopped,0,0,0,0,0,VALID,VALID
92H-02687,2026-08-14 07:52:00,400.3,0,0.0,,,"Phường Tân Tạo, TP Hồ Chí Minh",,2.0,1,0,0.0,0.0,400.3,0.0,5.0,1,Stopped,0,0,0,0,0,VALID,VALID
92H-02687,2026-08-14 07:54:00,400.3,0,0.0,,,"Phường Tân Tạo, TP Hồ Chí Minh",,2.0,1,0,0.0,0.0,400.3,0.0,5.0,1,Stopped,0,0,0,0,0,VALID,VALID
92H-02687,2026-08-14 07:56:00,399.3,0,0.0,,,"Phường Tân Tạo, TP Hồ Chí Minh",,2.0,1,0,-1.0,-0.5,400.3,0.4472135948889917,5.0,1,Stopped,0,0,0,0,0,VALID,VALID
92H-02687,2026-08-14 07:58:00,399.0,0,0.0,,,"Phường Tân Tạo, TP Hồ Chí Minh",,2.0,1,0,-0.30000000000001137,-0.15000000000000568,400.3,0.6387487764791632,5.0,1,Stopped,0,0,0,0,0,VALID,VALID
92H-02687,2026-08-14 08:00:00,399.0,0,0.0,,,"Trần Đại Nghĩa, Phường Tân Tạo, TP Hồ Chí Minh",,2.0,1,0,0.0,0.0,399.3,0.6685805856093371,5.0,1,Stopped,0,0,0,0,0,VALID,VALID
92H-02687,2026-08-14 08:02:00,399.0,43,0.35833333333333334,,,"Đường dẫn vào đường cao tốc, Phường Tân Tạo, TP Hồ Chí Minh",,2.0,1,0,0.0,0.0,399.0,0.5630275299253349,5.0,1,Moving,0,0,0,0,0,VALID,VALID
92H-02687,2026-08-14 08:04:00,399.0,0,-0.35833333333333334,,,"Đường dẫn vào đường cao tốc, Phường Tân Tạo, TP Hồ Chí Minh",,2.0,1,0,0.0,0.0,399.0,0.13416407661489405,5.0,1,Stopped,0,0,0,0,0,VALID,VALID
92H-02687,2026-08-14 08:06:00,396.5,45,0.375,,,"Đường dẫn vào đường cao tốc, Phường Tân Tạo, TP Hồ Chí Minh",,2.0,1,0,-2.5,-1.25,399.0,1.1180339885057933,5.0,1,Moving,0,0,0,0,0,VALID,VALID
92H-02687,2026-08-14 08:08:00,397.7,43,-0.016666666666666666,,,"Cầu vượt, Phường Bình Tân, TP Hồ Chí Minh",,2.0,1,0,1.1999999999999886,0.5999999999999943,399.0,1.1238327275241151,5.0,1,Moving,0,0,0,0,0,VALID,VALID
92H-02687,2026-08-14 08:10:00,396.1,53,0.08333333333333333,,,"Xa Lộ Đại Hàn, Phường Bình Trị Đông, TP Hồ Chí Minh",,2.0,1,0,-1.599999999999966,-0.799999999999983,397.7,1.357571360722724,5.0,1,Moving,0,0,0,0,0,VALID,VALID
92H-02687,2026-08-14 08:12:00,395.9,10,-0.35833333333333334,,,"Xa Lộ Đại Hàn, Phường Bình Hưng Hòa, TP Hồ Chí Minh",,2.0,1,0,-0.20000000000004547,-0.10000000000002274,396.5,1.2992305413031524,5.0,1,Moving,0,0,0,0,0,VALID,VALID
92H-02687,2026-08-14 08:14:00,393.9,46,0.3,,,"Xa Lộ Đại Hàn, Phường Bình Hưng Hòa, TP Hồ Chí Minh",,2.0,1,0,-2.0,-1.0,396.1,1.3754999089259905,5.0,1,Moving,0,0,0,0,0,VALID,VALID
92H-02687,2026-08-14 08:16:00,395.5,50,0.03333333333333333,,,"Xa Lộ Đại Hàn, Phường Bình Hưng Hòa, TP Hồ Chí Minh",,2.0,1,0,1.6000000000000227,0.8000000000000114,395.9,1.360882066696271,5.0,1,Moving,0,0,0,0,0,VALID,VALID
92H-02687,2026-08-14 08:18:00,394.5,53,0.025,,,"Xa Lộ Đại Hàn, Phường Bình Hưng Hòa, TP Hồ Chí Minh",,2.0,1,0,-1.0,-0.5,395.5,0.944457515961334,5.0,1,Moving,0,0,0,0,0,VALID,VALID
92H-02687,2026-08-14 08:20:00,392.9,33,-0.16666666666666666,,,"Xa Lộ Đại Hàn, Phường Bình Hưng Hòa, TP Hồ Chí Minh",,2.0,1,0,-1.6000000000000227,-0.8000000000000114,394.5,1.211610498244444,5.0,1,Moving,0,0,0,0,0,VALID,VALID
92H-02687,2026-08-14 08:22:00,393.0,43,0.08333333333333333,,,"Xa Lộ Đại Hàn, Phường Đông Hưng Thuận, TP Hồ Chí Minh",,2.0,1,0,0.10000000000002274,0.05000000000001137,393.9,1.0853570838468178,5.0,1,Moving,0,0,0,0,0,VALID,VALID
92H-02687,2026-08-14 08:24:00,392.9,39,-0.03333333333333333,,,"Xa Lộ Đại Hàn, Phường Đông Hưng Thuận, TP Hồ Chí Minh",,2.0,1,0,-0.10000000000002274,-0.05000000000001137,393.0,1.186591757706324,5.0,1,Moving,0,0,0,0,0,VALID,VALID
92H-02687,2026-08-14 08:26:00,392.6,43,0.03333333333333333,,,"Xa Lộ Đại Hàn, Phường Đông Hưng Thuận, TP Hồ Chí Minh",,2.0,1,0,-0.2999999999999545,-0.14999999999997726,392.9,0.752994023520038,5.0,1,Moving,0,0,0,0,0,VALID,VALID
92H-02687,2026-08-14 08:28:00,391.4,25,-0.15,,,"Xa Lộ Đại Hàn, Phường Đông Hưng Thuận, TP Hồ Chí Minh",,2.0,1,0,-1.2000000000000455,-0.6000000000000227,392.9,0.6655824512840468,5.0,1,Moving,0,0,0,0,0,VALID,VALID
92H-02687,2026-08-14 08:30:00,390.2,44,0.15833333333333333,,,"Xa Lộ Đại Hàn, Phường Tân Thới Hiệp, TP Hồ Chí Minh",,2.0,1,0,-1.1999999999999886,-0.5999999999999943,392.6,1.2008330439564185,5.0,1,Moving,0,0,0,0,0,VALID,VALID
92H-02687,2026-08-14 08:32:00,390.2,31,-0.10833333333333334,,,"Cầu vượt Tân Thới Hiệp, Phường Tân Thới Hiệp, TP Hồ Chí Minh",,2.0,1,0,0.0,0.0,391.4,1.2798437402503515,5.0,1,Moving,0,0,0,0,0,VALID,VALID
92H-02687,2026-08-14 08:34:00,388.6,0,-0.25833333333333336,,,"Xa Lộ Đại Hàn, Phường Thới An, TP Hồ Chí Minh",,2.0,1,0,-1.599999999999966,-0.799999999999983,390.2,1.496662954528716,5.0,1,Stopped,0,0,0,0,0,VALID,VALID
92H-02687,2026-08-14 08:36:00,388.6,43,0.35833333333333334,,,"Xa Lộ Đại Hàn, Phường Thới An, TP Hồ Chí Minh",,2.0,1,0,0.0,0.0,390.2,1.1999999997746578,5.0,1,Moving,0,0,0,0,0,VALID,VALID
92H-02687,2026-08-14 08:38:00,387.6,0,-0.35833333333333334,,,"Xa Lộ Đại Hàn, Phường Thới An, TP Hồ Chí Minh",,2.0,1,0,-1.0,-0.5,388.6,1.1349008764908726,5.0,1,Stopped,0,0,0,0,0,VALID,VALID
92H-02687,2026-08-14 08:40:00,387.6,27,0.225,,,"Cầu Rạch Sâu, Phường Thới An, TP Hồ Chí Minh",,2.0,1,0,0.0,0.0,388.6,1.0639548860079342,5.0,1,Moving,0,0,0,0,0,VALID,VALID
92H-02687,2026-08-14 08:42:00,388.6,41,0.11666666666666667,,,"Xa Lộ Đại Hàn, Phường An Phú Đông, TP Hồ Chí Minh",,2.0,1,0,1.0,0.5,388.6,0.5477225570126131,5.0,1,Moving,0,0,0,0,0,VALID,VALID
92H-02687,2026-08-14 08:44:00,387.3,0,-0.3416666666666667,,,"Xa Lộ Đại Hàn, Phường An Phú Đông, TP Hồ Chí Minh",,2.0,1,0,-1.3000000000000114,-0.6500000000000057,387.6,0.6148170455189448,5.0,1,Stopped,0,0,0,0,0,VALID,VALID
92H-02687,2026-08-14 08:46:00,388.6,38,0.31666666666666665,,,"Xa Lộ Đại Hàn, Phường An Phú Đông, TP Hồ Chí Minh",,2.0,1,0,1.3000000000000114,0.6500000000000057,387.6,0.6148170455189448,5.0,1,Moving,0,0,0,0,0,VALID,VALID
92H-02687,2026-08-14 08:48:00,387.3,0,-0.31666666666666665,,,"Xa Lộ Đại Hàn, Phường An Phú Đông, TP Hồ Chí Minh",,2.0,1,0,-1.3000000000000114,-0.6500000000000057,387.6,0.6685805856145509,5.0,1,Stopped,0,0,0,0,0,VALID,VALID
92H-02687,2026-08-14 08:50:00,387.3,43,0.35833333333333334,,,"Xa Lộ Đại Hàn, Phường An Phú Đông, TP Hồ Chí Minh",,2.0,1,0,0.0,0.0,387.3,0.712039324378046,5.0,1,Moving,0,0,0,0,0,VALID,VALID
92H-02687,2026-08-14 08:52:00,387.3,37,-0.05,,,"Cầu Bình Phước, Phường Hiệp Bình, TP Hồ Chí Minh",,2.0,1,0,0.0,0.0,387.3,0.5813776736863442,5.0,1,Moving,0,0,0,0,0,VALID,VALID
92H-02687,2026-08-14 08:54:00,386.1,42,0.041666666666666664,,,"Trường Sơn, Phường Tam Bình, TP Hồ Chí Minh",,2.0,1,0,-1.1999999999999886,-0.5999999999999943,387.3,0.884307638472699,5.0,1,Moving,0,0,0,0,0,VALID,VALID
92H-02687,2026-08-14 08:56:00,385.9,37,-0.041666666666666664,,,"Trường Sơn, Phường Tam Bình, TP Hồ Chí Minh",,2.0,1,0,-0.20000000000004547,-0.10000000000002274,387.3,0.7155417524237565,5.0,1,Moving,0,0,0,0,0,VALID,VALID
92H-02687,2026-08-14 08:58:00,386.1,17,-0.16666666666666666,,,"Đại Lộ Độc Lập, Phường Dĩ An, TP Hồ Chí Minh",,2.0,1,0,0.20000000000004547,0.10000000000002274,386.1,0.6985699674777502,5.0,1,Moving,0,0,0,0,0,VALID,VALID
92H-02687,2026-08-14 09:00:00,385.1,24,0.058333333333333334,,,"Đại Lộ Độc Lập, Phường Dĩ An, TP Hồ Chí Minh",,2.0,1,0,-1.0,-0.5,386.1,0.787400787059714,5.0,1,Moving,0,0,0,0,0,VALID,VALID
92H-02687,2026-08-14 09:02:00,385.1,17,-0.058333333333333334,,,"Số 6, Phường Dĩ An, TP Hồ Chí Minh",,2.0,1,0,0.0,0.0,385.9,0.5176871637027982,5.0,1,Moving,0,0,0,0,0,VALID,VALID
92H-02687,2026-08-14 09:04:00,384.0,8,-0.075,,,"Số 6, Phường Dĩ An, TP Hồ Chí Minh",,2.0,1,0,-1.1000000000000227,-0.5500000000000114,385.1,0.8294576538094177,5.0,1,Moving,0,0,0,0,0,VALID,VALID
92H-02687,2026-08-14 09:06:00,383.3,0,-0.06666666666666667,,,"Số 6, Phường Dĩ An, TP Hồ Chí Minh",,2.0,1,0,-0.6999999999999886,-0.3499999999999943,385.1,1.0871982337474106,5.0,1,Stopped,0,0,0,0,0,VALID,VALID
92H-02687,2026-08-14 09:08:00,383.2,0,0.0,,,"Số 6, Phường Dĩ An, TP Hồ Chí Minh",,2.0,1,0,-0.10000000000002274,-0.05000000000001137,384.0,0.9289779327110055,5.0,1,Stopped,0,0,0,0,0,VALID,VALID
92H-02687,2026-08-14 09:10:00,383.4,0,0.0,,,"Số 6, Phường Dĩ An, TP Hồ Chí Minh",,2.0,1,0,0.19999999999998863,0.09999999999999432,383.4,0.790569414703313,5.0,1,Stopped,0,0,0,0,0,VALID,VALID
92H-02687,2026-08-14 09:12:00,383.4,0,0.0,,,"Phường Dĩ An, TP Hồ Chí Minh",,2.0,1,0,0.0,0.0,383.4,0.3130495159949281,5.0,1,Stopped,0,0,0,0,0,VALID,VALID
92H-02687,2026-08-14 09:14:00,382.3,0,0.0,,,"Phường Dĩ An, TP Hồ Chí Minh",,2.0,1,0,-1.099999999999966,-0.549999999999983,383.3,0.4658325873798337,5.0,1,Stopped,0,0,0,0,0,VALID,VALID
92H-02687,2026-08-14 09:17:00,382.1,0,0.0,,,"Phường Dĩ An, TP Hồ Chí Minh",,3.0,1,0,-0.19999999999998863,-0.06666666666666288,383.2,0.6300793596565577,5.0,1,Stopped,0,0,0,0,0,VALID,VALID
92H-02687,2026-08-14 09:19:00,382.0,0,0.0,,,"Phường Dĩ An, TP Hồ Chí Minh",,2.0,1,0,-0.10000000000002274,-0.05000000000001137,382.3,0.7021395868810367,5.0,1,Stopped,0,0,0,0,0,VALID,VALID
92H-02687,2026-08-14 09:21:00,381.8,0,0.0,,,"Phường Dĩ An, TP Hồ Chí Minh",,2.0,1,0,-0.19999999999998863,-0.09999999999999432,382.1,0.6300793596570475,5.0,1,Stopped,0,0,0,0,0,VALID,VALID
92H-02687,2026-08-14 09:23:00,381.7,0,0.0,,,"Phường Dĩ An, TP Hồ Chí Minh",,2.0,1,0,-0.10000000000002274,-0.05000000000001137,382.0,0.2387467266084299,5.0,1,Stopped,0,0,0,0,0,VALID,VALID
92H-02687,2026-08-14 09:25:00,381.7,0,0.0,,,"Phường Dĩ An, TP Hồ Chí Minh",,2.0,1,0,0.0,0.0,381.8,0.18165901977711532,5.0,1,Stopped,0,0,0,0,0,VALID,VALID
92H-02687,2026-08-14 09:28:00,381.5,0,0.0,,,"Phường Dĩ An, TP Hồ Chí Minh",,3.0,1,0,-0.19999999999998863,-0.06666666666666288,381.7,0.1816590197774908,5.0,1,Stopped,0,0,0,0,0,VALID,VALID
92H-02687,2026-08-14 09:30:00,381.5,0,0.0,,,"Phường Dĩ An, TP Hồ Chí Minh",,2.0,1,0,0.0,0.0,381.7,0.13416407666224878,5.0,1,Stopped,0,0,0,0,0,VALID,VALID
92H-02687,2026-08-14 09:32:00,381.5,0,0.0,,,"Phường Dĩ An, TP Hồ Chí Minh",,2.0,1,0,0.0,0.0,381.5,0.10954450906685294,5.0,1,Stopped,0,0,0,0,0,VALID,VALID
92H-02687,2026-08-14 09:34:00,381.5,0,0.0,,,"Phường Dĩ An, TP Hồ Chí Minh",,2.0,1,0,0.0,0.0,381.5,0.08944271611898422,5.0,1,Stopped,0,0,0,0,0,VALID,VALID
92H-02687,2026-08-14 09:36:00,381.5,0,0.0,,,"Phường Dĩ An, TP Hồ Chí Minh",,2.0,1,0,0.0,0.0,381.5,0.0,5.0,1,Stopped,0,0,0,0,0,VALID,VALID
92H-02687,2026-08-14 09:38:00,381.5,0,0.0,,,"Phường Dĩ An, TP Hồ Chí Minh",,2.0,1,0,0.0,0.0,381.5,0.0,5.0,1,Stopped,0,0,0,0,0,VALID,VALID
92H-02687,2026-08-14 09:41:00,381.5,0,0.0,,,"Phường Dĩ An, TP Hồ Chí Minh",,3.0,1,0,0.0,0.0,381.5,0.0,5.0,1,Stopped,0,0,0,0,0,VALID,VALID
92H-02687,2026-08-14 09:43:00,381.4,0,0.0,,,"Phường Dĩ An, TP Hồ Chí Minh",,2.0,1,0,-0.10000000000002274,-0.05000000000001137,381.5,0.044721353588696985,5.0,1,Stopped,0,0,0,0,0,VALID,VALID
92H-02687,2026-08-14 09:45:00,381.4,0,0.0,,,"Phường Dĩ An, TP Hồ Chí Minh",,2.0,1,0,0.0,0.0,381.5,0.05477225088333926,5.0,1,Stopped,0,0,0,0,0,VALID,VALID
92H-02687,2026-08-14 09:47:00,381.4,0,0.0,,,"Phường Dĩ An, TP Hồ Chí Minh",,2.0,1,0,0.0,0.0,381.4,0.05477225088354682,5.0,1,Stopped,0,0,0,0,0,VALID,VALID
92H-02687,2026-08-14 09:50:00,381.4,0,0.0,,,"Phường Dĩ An, TP Hồ Chí Minh",,3.0,1,0,0.0,0.0,381.4,0.044721353589459625,5.0,1,Stopped,0,0,0,0,0,VALID,VALID
92H-02687,2026-08-14 09:52:00,381.4,0,0.0,,,"Phường Dĩ An, TP Hồ Chí Minh",,2.0,1,0,0.0,0.0,381.4,0.0,5.0,1,Stopped,0,0,0,0,0,VALID,VALID
92H-02687,2026-08-14 09:54:00,381.4,0,0.0,,,"Phường Dĩ An, TP Hồ Chí Minh",,2.0,1,0,0.0,0.0,381.4,0.0,5.0,1,Stopped,0,0,0,0,0,VALID,VALID
92H-02687,2026-08-14 09:56:00,381.4,0,0.0,,,"Phường Dĩ An, TP Hồ Chí Minh",,2.0,1,0,0.0,0.0,381.4,0.0,5.0,1,Stopped,0,0,0,0,0,VALID,VALID
92H-02687,2026-08-14 09:58:00,381.2,0,0.0,,,"Phường Dĩ An, TP Hồ Chí Minh",,2.0,1,0,-0.19999999999998863,-0.09999999999999432,381.4,0.08944271612012816,5.0,1,Stopped,0,0,0,0,0,VALID,VALID
92H-02687,2026-08-14 10:00:00,381.2,0,0.0,,,"Phường Dĩ An, TP Hồ Chí Minh",,2.0,1,0,0.0,0.0,381.4,0.10954450906820211,5.0,1,Stopped,0,0,0,0,0,VALID,VALID
92H-02687,2026-08-14 10:03:00,381.1,0,0.0,,,"Phường Dĩ An, TP Hồ Chí Minh",,3.0,1,0,-0.0999999999999659,-0.03333333333332197,381.2,0.13416407666383973,5.0,1,Stopped,0,0,0,0,0,VALID,VALID
92H-02687,2026-08-14 10:05:00,381.0,0,0.0,,,"Phường Dĩ An, TP Hồ Chí Minh",,2.0,1,0,-0.10000000000002274,-0.05000000000001137,381.2,0.1483239679456938,5.0,1,Stopped,0,0,0,0,0,VALID,VALID
92H-02687,2026-08-14 10:07:00,380.8,0,0.0,,,"Phường Dĩ An, TP Hồ Chí Minh",,2.0,1,0,-0.19999999999998863,-0.09999999999999432,381.1,0.16733200371504978,5.0,1,Stopped,0,0,0,0,0,VALID,VALID
92H-02687,2026-08-14 10:09:00,380.7,0,0.0,,,"Phường Dĩ An, TP Hồ Chí Minh",,2.0,1,0,-0.10000000000002274,-0.05000000000001137,381.0,0.20736441224907864,5.0,1,Stopped,0,0,0,0,0,VALID,VALID
92H-02687,2026-08-14 10:11:00,380.5,0,0.0,,,"Phường Dĩ An, TP Hồ Chí Minh",,2.0,1,0,-0.19999999999998863,-0.09999999999999432,380.8,0.23874672661119595,5.0,1,Stopped,0,0,0,0,0,VALID,VALID
92H-02687,2026-08-14 10:14:00,380.4,0,0.0,,,"Số 6, Phường Dĩ An, TP Hồ Chí Minh",,3.0,1,0,-0.10000000000002274,-0.03333333333334091,380.7,0.2387467266115293,5.0,1,Stopped,0,0,0,0,0,VALID,VALID
92H-02687,2026-08-14 10:16:00,380.2,0,0.0,,,"Số 6, Phường Dĩ An, TP Hồ Chí Minh",,2.0,1,0,-0.19999999999998863,-0.09999999999999432,380.5,0.23874672661193166,5.0,1,Stopped,0,0,0,0,0,VALID,VALID
92H-02687,2026-08-14 10:18:00,380.1,0,0.0,,,"Số 6, Phường Dĩ An, TP Hồ Chí Minh",,2.0,1,0,-0.0999999999999659,-0.04999999999998295,380.4,0.23874672661228374,5.0,1,Stopped,0,0,0,0,0,VALID,VALID
92H-02687,2026-08-14 10:20:00,379.9,0,0.0,,,"Số 6, Phường Dĩ An, TP Hồ Chí Minh",,2.0,1,0,-0.20000000000004547,-0.10000000000002274,380.2,0.23874672661271706,5.0,1,Stopped,0,0,0,0,0,VALID,VALID
92H-02687,2026-08-14 10:22:00,379.8,0,0.0,,,"Số 6, Phường Dĩ An, TP Hồ Chí Minh",,2.0,1,0,-0.0999999999999659,-0.04999999999998295,380.1,0.23874672661306914,5.0,1,Stopped,0,0,0,0,0,VALID,VALID
92H-02687,2026-08-14 10:24:00,379.6,0,0.0,,,"Số 6, Phường Dĩ An, TP Hồ Chí Minh",,2.0,1,0,-0.19999999999998863,-0.09999999999999432,379.9,0.23874672661349294,5.0,1,Stopped,0,0,0,0,0,VALID,VALID
92H-02687,2026-08-14 10:27:00,379.5,0,0.0,,,"Số 6, Phường Dĩ An, TP Hồ Chí Minh",,3.0,1,0,-0.10000000000002274,-0.03333333333334091,379.8,0.23874672661388252,5.0,1,Stopped,0,0,0,0,0,VALID,VALID
92H-02687,2026-08-14 10:29:00,379.3,0,0.0,,,"Số 6, Phường Dĩ An, TP Hồ Chí Minh",,2.0,1,0,-0.19999999999998863,-0.09999999999999432,379.6,0.23874672661431584,5.0,1,Stopped,0,0,0,0,0,VALID,VALID
92H-02687,2026-08-14 10:31:00,379.2,0,0.0,,,"Số 6, Phường Dĩ An, TP Hồ Chí Minh",,2.0,1,0,-0.10000000000002274,-0.05000000000001137,379.5,0.23874672661470545,5.0,1,Stopped,0,0,0,0,0,VALID,VALID
92H-02687,2026-08-14 10:33:00,379.0,0,0.0,,,"Số 6, Phường Dĩ An, TP Hồ Chí Minh",,2.0,1,0,-0.19999999999998863,-0.09999999999999432,379.3,0.23874672661513877,5.0,1,Stopped,0,0,0,0,0,VALID,VALID
92H-02687,2026-08-14 10:35:00,378.9,0,0.0,,,"Số 6, Phường Dĩ An, TP Hồ Chí Minh",,2.0,1,0,-0.10000000000002274,-0.05000000000001137,379.2,0.23874672661550958,5.0,1,Stopped,0,0,0,0,0,VALID,VALID
92H-02687,2026-08-14 10:38:00,378.6,0,0.0,,,"Số 6, Phường Dĩ An, TP Hồ Chí Minh",,3.0,1,0,-0.2999999999999545,-0.09999999999998484,379.0,0.2738612777846627,5.0,1,Stopped,0,0,0,0,0,VALID,VALID
92H-02687,2026-08-14 10:40:00,378.5,0,0.0,,,"Số 6, Phường Dĩ An, TP Hồ Chí Minh",,2.0,1,0,-0.10000000000002274,-0.05000000000001137,378.9,0.2880972048980132,5.0,1,Stopped,0,0,0,0,0,VALID,VALID
92H-02687,2026-08-14 10:42:00,378.5,0,0.0,,,"Số 6, Phường Dĩ An, TP Hồ Chí Minh",,2.0,1,0,0.0,0.0,378.6,0.23452078686168448,5.0,1,Stopped,0,0,0,0,0,VALID,VALID
92H-02687,2026-08-14 10:44:00,378.3,0,0.0,,,"Số 6, Phường Dĩ An, TP Hồ Chí Minh",,2.0,1,0,-0.19999999999998863,-0.09999999999999432,378.5,0.21908902179342116,5.0,1,Stopped,0,0,0,0,0,VALID,VALID
92H-02687,2026-08-14 10:46:00,378.2,0,0.0,,,"Số 6, Phường Dĩ An, TP Hồ Chí Minh",,2.0,1,0,-0.10000000000002274,-0.05000000000001137,378.5,0.16431676564059283,5.0,1,Stopped,0,0,0,0,0,VALID,VALID
92H-02687,2026-08-14 10:48:00,378.0,0,0.0,,,"Số 6, Phường Dĩ An, TP Hồ Chí Minh",,2.0,1,0,-0.19999999999998863,-0.09999999999999432,378.3,0.21213203310849535,5.0,1,Stopped,0,0,0,0,0,VALID,VALID
92H-02687,2026-08-14 10:51:00,378.0,0,0.0,,,"Số 6, Phường Dĩ An, TP Hồ Chí Minh",,3.0,1,0,0.0,0.0,378.2,0.2121320331088152,5.0,1,Stopped,0,0,0,0,0,VALID,VALID
92H-02687,2026-08-14 10:53:00,377.9,0,0.0,,,"Số 6, Phường Dĩ An, TP Hồ Chí Minh",,2.0,1,0,-0.10000000000002274,-0.05000000000001137,378.0,0.1643167656419969,5.0,1,Stopped,0,0,0,0,0,VALID,VALID
92H-02687,2026-08-14 10:55:00,377.9,0,0.0,,,"Số 6, Phường Dĩ An, TP Hồ Chí Minh",,2.0,1,0,0.0,0.0,378.0,0.1224744849801522,5.0,1,Stopped,0,0,0,0,0,VALID,VALID
92H-02687,2026-08-14 10:57:00,377.9,0,0.0,,,"Số 6, Phường Dĩ An, TP Hồ Chí Minh",,2.0,1,0,0.0,0.0,377.9,0.0547722509235333,5.0,1,Stopped,0,0,0,0,0,VALID,VALID
92H-02687,2026-08-14 10:59:00,377.9,0,0.0,,,"Số 6, Phường Dĩ An, TP Hồ Chí Minh",,2.0,1,0,0.0,0.0,377.9,0.044721353638461456,5.0,1,Stopped,0,0,0,0,0,VALID,VALID
92H-02687,2026-08-14 11:02:00,377.9,0,0.0,,,"Số 6, Phường Dĩ An, TP Hồ Chí Minh",,3.0,1,0,0.0,0.0,377.9,0.0,5.0,1,Stopped,0,0,0,0,0,VALID,VALID
92H-02687,2026-08-14 11:04:00,377.9,0,0.0,,,"Số 6, Phường Dĩ An, TP Hồ Chí Minh",,2.0,1,0,0.0,0.0,377.9,0.0,5.0,1,Stopped,0,0,0,0,0,VALID,VALID
92H-02687,2026-08-14 11:06:00,377.7,0,0.0,,,"Số 6, Phường Dĩ An, TP Hồ Chí Minh",,2.0,1,0,-0.19999999999998863,-0.09999999999999432,377.9,0.08944271614467199,5.0,1,Stopped,0,0,0,0,0,VALID,VALID
92H-02687,2026-08-14 11:08:00,377.7,0,0.0,,,"Số 6, Phường Dĩ An, TP Hồ Chí Minh",,2.0,1,0,0.0,0.0,377.9,0.1095445090882654,5.0,1,Stopped,0,0,0,0,0,VALID,VALID
92H-02687,2026-08-14 11:10:00,377.6,0,0.0,,,"Số 6, Phường Dĩ An, TP Hồ Chí Minh",,2.0,1,0,-0.0999999999999659,-0.04999999999998295,377.7,0.13416407668024993,5.0,1,Stopped,0,0,0,0,0,VALID,VALID
92H-02687,2026-08-14 11:12:00,377.6,6,0.05,,,"Số 6, Phường Dĩ An, TP Hồ Chí Minh",,2.0,1,0,0.0,0.0,377.7,0.12247448498173401,5.0,1,Moving,0,0,0,0,0,VALID,VALID
92H-02687,2026-08-14 11:14:00,377.7,18,0.1,,,"Số 6, Phường Dĩ An, TP Hồ Chí Minh",,2.0,1,0,0.0999999999999659,0.04999999999998295,377.7,0.054772250926853686,5.0,1,Moving,0,0,0,0,0,VALID,VALID
92H-02687,2026-08-14 11:16:00,377.9,31,0.10833333333333334,,,"Số 2, Phường Dĩ An, TP Hồ Chí Minh",,2.0,1,0,0.19999999999998863,0.09999999999999432,377.7,0.12247448498173401,5.0,1,Moving,0,0,0,0,0,VALID,VALID
92H-02687,2026-08-14 11:18:00,377.9,31,0.0,,,"Số 2, Phường Dĩ An, TP Hồ Chí Minh",,2.0,1,0,0.0,0.0,377.7,0.15165750713858905,5.0,1,Moving,0,0,0,0,0,VALID,VALID
92H-02687,2026-08-14 11:20:00,377.6,0,-0.25833333333333336,,,"Số 2, Phường Dĩ An, TP Hồ Chí Minh",,2.0,1,0,-0.2999999999999545,-0.14999999999997726,377.7,0.15165750713858905,5.0,1,Stopped,0,0,0,0,0,VALID,VALID
92H-02687,2026-08-14 11:22:00,376.4,27,0.225,,,"Xa Lộ Đại Hàn, Phường Tam Bình, TP Hồ Chí Minh",,2.0,1,0,-1.2000000000000455,-0.6000000000000227,377.7,0.6284902540785927,5.0,1,Moving,0,0,0,0,0,VALID,VALID
92H-02687,2026-08-14 11:24:00,375.4,39,0.1,,,"Trường Sơn, Phường Tam Bình, TP Hồ Chí Minh",,2.0,1,0,-1.0,-0.5,377.6,1.1058933038373526,5.0,1,Moving,0,0,0,0,0,VALID,VALID
92H-02687,2026-08-14 11:26:00,375.5,39,0.0,,,"Trường Sơn, Phường Tam Bình, TP Hồ Chí Minh",,2.0,1,0,0.10000000000002274,0.05000000000001137,376.4,1.158878768237986,5.0,1,Moving,0,0,0,0,0,VALID,VALID
92H-02687,2026-08-14 11:28:00,374.5,37,-0.016666666666666666,,,"Cầu vượt Ngã Tư Bình Phước, Phường Hiệp Bình, TP Hồ Chí Minh",,2.0,1,0,-1.0,-0.5,375.5,1.1734564327121269,5.0,1,Moving,0,0,0,0,0,VALID,VALID
92H-02687,2026-08-14 11:30:00,374.6,29,-0.06666666666666667,,,"Xa Lộ Đại Hàn, Phường An Phú Đông, TP Hồ Chí Minh",,2.0,1,0,0.10000000000002274,0.05000000000001137,375.4,0.7726577505429181,5.0,1,Moving,0,0,0,0,0,VALID,VALID
92H-02687,2026-08-14 11:32:00,374.5,0,-0.24166666666666667,,,"Xa Lộ Đại Hàn, Phường An Phú Đông, TP Hồ Chí Minh",,2.0,1,0,-0.10000000000002274,-0.05000000000001137,374.6,0.5049752463977578,5.0,1,Stopped,0,0,0,0,0,VALID,VALID
92H-02687,2026-08-14 11:34:00,374.3,48,0.4,,,"Xa Lộ Đại Hàn, Phường An Phú Đông, TP Hồ Chí Minh",,2.0,1,0,-0.19999999999998863,-0.09999999999999432,374.5,0.4711687590181702,5.0,1,Moving,0,0,0,0,0,VALID,VALID
92H-02687,2026-08-14 11:36:00,374.6,0,-0.4,,,"Xa Lộ Đại Hàn, Phường Hiệp Bình, TP Hồ Chí Minh",,2.0,1,0,0.30000000000001137,0.15000000000000568,374.5,0.12247448499558715,5.0,1,Stopped,0,0,0,0,0,VALID,VALID
92H-02687,2026-08-14 11:38:00,372.9,0,0.0,,,"Xa Lộ Đại Hàn, Phường Hiệp Bình, TP Hồ Chí Minh",,2.0,1,0,-1.7000000000000455,-0.8500000000000227,374.5,0.7259476561538836,5.0,1,Stopped,0,0,0,0,0,VALID,VALID
92H-02687,2026-08-14 11:40:00,373.0,0,0.0,,,"Xa Lộ Đại Hàn, Phường Hiệp Bình, TP Hồ Chí Minh",,2.0,1,0,0.10000000000002274,0.05000000000001137,374.3,0.8384509523375094,5.0,1,Stopped,0,0,0,0,0,VALID,VALID
92H-02687,2026-08-14 11:43:00,373.0,0,0.0,,,"Xa Lộ Đại Hàn, Phường Hiệp Bình, TP Hồ Chí Minh",,3.0,1,0,0.0,0.0,373.0,0.8203657717604047,5.0,1,Stopped,0,0,0,0,0,VALID,VALID
92H-02687,2026-08-14 11:45:00,372.9,0,0.0,,,"Xa Lộ Đại Hàn, Phường Hiệp Bình, TP Hồ Chí Minh",,2.0,1,0,-0.10000000000002274,-0.05000000000001137,373.0,0.7395944831300433,5.0,1,Stopped,0,0,0,0,0,VALID,VALID
92H-02687,2026-08-14 11:48:00,372.7,0,0.0,,,"Xa Lộ Đại Hàn, Phường Hiệp Bình, TP Hồ Chí Minh",,3.0,1,0,-0.19999999999998863,-0.06666666666666288,372.9,0.12247448500338302,5.0,1,Stopped,0,0,0,0,0,VALID,VALID
92H-02687,2026-08-14 11:50:00,372.7,0,0.0,,,"Xa Lộ Đại Hàn, Phường Hiệp Bình, TP Hồ Chí Minh",,2.0,1,0,0.0,0.0,372.9,0.15165750715639645,5.0,1,Stopped,0,0,0,0,0,VALID,VALID
92H-02687,2026-08-14 11:52:00,372.6,0,0.0,,,"Xa Lộ Đại Hàn, Phường Hiệp Bình, TP Hồ Chí Minh",,2.0,1,0,-0.0999999999999659,-0.04999999999998295,372.7,0.1643167656600719,5.0,1,Stopped,0,0,0,0,0,VALID,VALID
92H-02687,2026-08-14 11:54:00,372.6,0,0.0,,,"Xa Lộ Đại Hàn, Phường Hiệp Bình, TP Hồ Chí Minh",,2.0,1,0,0.0,0.0,372.7,0.12247448500435479,5.0,1,Stopped,0,0,0,0,0,VALID,VALID
92H-02687,2026-08-14 11:56:00,372.6,14,0.11666666666666667,,,"Xa Lộ Đại Hàn, Phường Hiệp Bình, TP Hồ Chí Minh",,2.0,1,0,0.0,0.0,372.6,0.05477225097767786,5.0,1,Moving,0,0,0,0,0,VALID,VALID
92H-02687,2026-08-14 11:58:00,372.7,26,0.1,,,"Trường Sơn, Phường Tam Bình, TP Hồ Chí Minh",,2.0,1,0,0.0999999999999659,0.04999999999998295,372.6,0.05477225097767786,5.0,1,Moving,0,0,0,0,0,VALID,VALID
92H-02687,2026-08-14 12:00:00,372.9,34,0.06666666666666667,,,"Trường Sơn, Phường Tam Bình, TP Hồ Chí Minh",,2.0,1,0,0.19999999999998863,0.09999999999999432,372.6,0.130384046098849,5.0,1,Moving,0,0,0,0,0,VALID,VALID
92H-02687,2026-08-14 12:02:00,372.9,32,-0.016666666666666666,,,"Trường Sơn, Phường Tam Bình, TP Hồ Chí Minh",,2.0,1,0,0.0,0.0,372.7,0.1516575071568591,5.0,1,Moving,0,0,0,0,0,VALID,VALID
92H-02687,2026-08-14 12:04:00,373.2,21,-0.09166666666666666,,,"Xa Lộ Đại Hàn, Phường Dĩ An, TP Hồ Chí Minh",,2.0,1,0,0.30000000000001137,0.15000000000000568,372.9,0.23021728752833243,5.0,1,Moving,0,0,0,0,0,VALID,VALID
92H-02687,2026-08-14 12:06:00,372.3,0,-0.175,,,"Đại Lộ Độc Lập, Phường Dĩ An, TP Hồ Chí Minh",,2.0,1,0,-0.8999999999999773,-0.44999999999998863,372.9,0.3316624782470349,5.0,1,Stopped,0,0,0,0,0,VALID,VALID
92H-02687,2026-08-14 12:08:00,371.5,38,0.31666666666666665,,,"Số 6, Phường Dĩ An, TP Hồ Chí Minh",,2.0,1,0,-0.8000000000000114,-0.4000000000000057,372.9,0.6767569722412944,5.0,1,Moving,0,0,0,0,0,VALID,VALID
92H-02687,2026-08-14 12:10:00,371.5,40,0.016666666666666666,,,"Số 6, Phường Dĩ An, TP Hồ Chí Minh",,2.0,1,0,0.0,0.0,372.3,0.7823042882903525,5.0,1,Moving,0,0,0,0,0,VALID,VALID
92H-02687,2026-08-14 12:12:00,370.1,0,-0.3333333333333333,,,"Số 6, Phường Dĩ An, TP Hồ Chí Minh",,2.0,1,0,-1.3999999999999773,-0.6999999999999886,371.5,1.1454256848342346,5.0,1,Stopped,0,0,0,0,0,VALID,VALID
92H-02687,2026-08-14 12:14:00,370.1,0,0.0,,,"Số 6, Phường Dĩ An, TP Hồ Chí Minh",,2.0,1,0,0.0,0.0,371.5,0.9695359712143495,5.0,1,Stopped,0,0,0,0,0,VALID,VALID
92H-02687,2026-08-14 12:16:00,370.1,0,0.0,,,"Số 6, Phường Dĩ An, TP Hồ Chí Minh",,2.0,1,0,0.0,0.0,370.1,0.7668115801674767,5.0,1,Stopped,0,0,0,0,0,VALID,VALID
92H-02687,2026-08-14 12:20:00,369.9,0,0.0,,,"Phường Dĩ An, TP Hồ Chí Minh",,4.0,1,0,-0.20000000000004547,-0.05000000000001137,370.1,0.6542170889538408,5.0,1,Stopped,0,0,0,0,0,VALID,VALID
92H-02687,2026-08-14 12:22:00,369.8,0,0.0,,,"Phường Dĩ An, TP Hồ Chí Minh",,2.0,1,0,-0.0999999999999659,-0.04999999999998295,370.1,0.14142135439725786,5.0,1,Stopped,0,0,0,0,0,VALID,VALID
92H-02687,2026-08-14 12:24:00,369.5,0,0.0,,,"Phường Dĩ An, TP Hồ Chí Minh",,2.0,1,0,-0.30000000000001137,-0.15000000000000568,369.9,0.2489979909149268,5.0,1,Stopped,0,0,0,0,0,VALID,VALID
92H-02687,2026-08-14 12:26:00,369.5,0,0.0,,,"Phường Dĩ An, TP Hồ Chí Minh",,2.0,1,0,0.0,0.0,369.8,0.2607680952106408,5.0,1,Stopped,0,0,0,0,0,VALID,VALID
92H-02687,2026-08-14 12:28:00,369.2,0,0.0,,,"Phường Dĩ An, TP Hồ Chí Minh",,2.0,1,0,-0.30000000000001137,-0.15000000000000568,369.5,0.27748873757317516,5.0,1,Stopped,0,0,0,0,0,VALID,VALID
92H-02687,2026-08-14 12:30:00,369.2,0,0.0,,,"Phường Dĩ An, TP Hồ Chí Minh",,2.0,1,0,0.0,0.0,369.5,0.25099800692453195,5.0,1,Stopped,0,0,0,0,0,VALID,VALID
92H-02687,2026-08-14 12:32:00,368.2,0,0.0,,,"Phường Dĩ An, TP Hồ Chí Minh",,2.0,1,0,-1.0,-0.5,369.2,0.5357238089541692,5.0,1,Stopped,0,0,0,0,0,VALID,VALID
92H-02687,2026-08-14 12:34:00,368.0,0,0.0,,,"Phường Dĩ An, TP Hồ Chí Minh",,2.0,1,0,-0.19999999999998863,-0.09999999999999432,369.2,0.6723094521725984,5.0,1,Stopped,0,0,0,0,0,VALID,VALID
92H-02687,2026-08-14 12:36:00,367.7,0,0.0,,,"Phường Dĩ An, TP Hồ Chí Minh",,2.0,1,0,-0.30000000000001137,-0.15000000000000568,368.2,0.6985699674913938,5.0,1,Stopped,0,0,0,0,0,VALID,VALID
92H-02687,2026-08-14 12:38:00,367.6,0,0.0,,,"Phường Dĩ An, TP Hồ Chí Minh",,2.0,1,0,-0.0999999999999659,-0.04999999999998295,368.0,0.63874877650074,5.0,1,Stopped,0,0,0,0,0,VALID,VALID
92H-02687,2026-08-14 12:40:00,367.4,0,0.0,,,"Phường Dĩ An, TP Hồ Chí Minh",,2.0,1,0,-0.20000000000004547,-0.10000000000002274,367.7,0.31937438764167203,5.0,1,Stopped,0,0,0,0,0,VALID,VALID
92H-02687,2026-08-14 12:43:00,367.3,0,0.0,,,"Phường Dĩ An, TP Hồ Chí Minh",,3.0,1,0,-0.0999999999999659,-0.03333333333332197,367.6,0.27386127780618674,5.0,1,Stopped,0,0,0,0,0,VALID,VALID
92H-02687,2026-08-14 12:45:00,367.3,0,0.0,,,"Phường Dĩ An, TP Hồ Chí Minh",,2.0,1,0,0.0,0.0,367.4,0.18165901981940358,5.0,1,Stopped,0,0,0,0,0,VALID,VALID
92H-02687,2026-08-14 12:47:00,367.1,0,0.0,,,"Phường Dĩ An, TP Hồ Chí Minh",,2.0,1,0,-0.19999999999998863,-0.09999999999999432,367.3,0.1816590198196852,5.0,1,Stopped,0,0,0,0,0,VALID,VALID
92H-02687,2026-08-14 12:49:00,367.1,0,0.0,,,"Phường Dĩ An, TP Hồ Chí Minh",,2.0,1,0,0.0,0.0,367.3,0.13416407671926373,5.0,1,Stopped,0,0,0,0,0,VALID,VALID
92H-02687,2026-08-14 12:51:00,367.1,0,0.0,,,"Phường Dĩ An, TP Hồ Chí Minh",,2.0,1,0,0.0,0.0,367.1,0.10954450913663503,5.0,1,Stopped,0,0,0,0,0,VALID,VALID
92H-02687,2026-08-14 12:52:00,367.1,0,0.0,,,"Phường Dĩ An, TP Hồ Chí Minh",,1.0,1,0,0.0,0.0,367.1,0.08944271620439227,5.0,1,Stopped,0,0,0,0,0,VALID,VALID
92H-02687,2026-08-14 12:55:00,367.1,0,0.0,,,"Phường Dĩ An, TP Hồ Chí Minh",,3.0,1,0,0.0,0.0,367.1,0.0,5.0,1,Stopped,0,0,0,0,0,VALID,VALID
92H-02687,2026-08-14 12:57:00,367.0,0,0.0,,,"Phường Dĩ An, TP Hồ Chí Minh",,2.0,1,0,-0.10000000000002274,-0.05000000000001137,367.1,0.044721353759370135,5.0,1,Stopped,0,0,0,0,0,VALID,VALID
92H-02687,2026-08-14 12:59:00,367.0,0,0.0,,,"Phường Dĩ An, TP Hồ Chí Minh",,2.0,1,0,0.0,0.0,367.1,0.05477225102266994,5.0,1,Stopped,0,0,0,0,0,VALID,VALID
92H-02687,2026-08-14 13:01:00,367.0,0,0.0,,,"Phường Dĩ An, TP Hồ Chí Minh",,2.0,1,0,0.0,0.0,367.0,0.05477225102285415,5.0,1,Stopped,0,0,0,0,0,VALID,VALID
92H-02687,2026-08-14 13:04:00,367.0,0,0.0,,,"Phường Dĩ An, TP Hồ Chí Minh",,3.0,1,0,0.0,0.0,367.0,0.04472135376004697,5.0,1,Stopped,0,0,0,0,0,VALID,VALID
92H-02687,2026-08-14 13:06:00,367.0,0,0.0,,,"Phường Dĩ An, TP Hồ Chí Minh",,2.0,1,0,0.0,0.0,367.0,0.0,5.0,1,Stopped,0,0,0,0,0,VALID,VALID
92H-02687,2026-08-14 13:08:00,367.0,0,0.0,,,"Phường Dĩ An, TP Hồ Chí Minh",,2.0,1,0,0.0,0.0,367.0,0.0,5.0,1,Stopped,0,0,0,0,0,VALID,VALID
92H-02687,2026-08-14 13:10:00,367.0,0,0.0,,,"Phường Dĩ An, TP Hồ Chí Minh",,2.0,1,0,0.0,0.0,367.0,0.0,5.0,1,Stopped,0,0,0,0,0,VALID,VALID
92H-02687,2026-08-14 13:12:00,367.0,0,0.0,,,"Phường Dĩ An, TP Hồ Chí Minh",,2.0,1,0,0.0,0.0,367.0,0.0,5.0,1,Stopped,0,0,0,0,0,VALID,VALID
92H-02687,2026-08-14 13:14:00,367.0,0,0.0,,,"Phường Dĩ An, TP Hồ Chí Minh",,2.0,1,0,0.0,0.0,367.0,0.0,5.0,1,Stopped,0,0,0,0,0,VALID,VALID
92H-02687,2026-08-14 13:17:00,367.0,0,0.0,,,"Phường Dĩ An, TP Hồ Chí Minh",,3.0,1,0,0.0,0.0,367.0,0.0,5.0,1,Stopped,0,0,0,0,0,VALID,VALID
92H-02687,2026-08-14 13:19:00,367.0,0,0.0,,,"Phường Dĩ An, TP Hồ Chí Minh",,2.0,1,0,0.0,0.0,367.0,0.0,5.0,1,Stopped,0,0,0,0,0,VALID,VALID
92H-02687,2026-08-14 13:21:00,367.0,0,0.0,,,"Phường Dĩ An, TP Hồ Chí Minh",,2.0,1,0,0.0,0.0,367.0,0.0,5.0,1,Stopped,0,0,0,0,0,VALID,VALID
92H-02687,2026-08-14 13:23:00,367.0,0,0.0,,,"Phường Dĩ An, TP Hồ Chí Minh",,2.0,1,0,0.0,0.0,367.0,0.0,5.0,1,Stopped,0,0,0,0,0,VALID,VALID
92H-02687,2026-08-14 13:26:00,367.0,0,0.0,,,"Phường Dĩ An, TP Hồ Chí Minh",,3.0,1,0,0.0,0.0,367.0,0.0,5.0,1,Stopped,0,0,0,0,0,VALID,VALID
92H-02687,2026-08-14 13:28:00,366.8,0,0.0,,,"Số 6, Phường Dĩ An, TP Hồ Chí Minh",,2.0,1,0,-0.19999999999998863,-0.09999999999999432,367.0,0.08944271620537894,5.0,1,Stopped,0,0,0,0,0,VALID,VALID
92H-02687,2026-08-14 13:30:00,366.8,0,0.0,,,"Số 6, Phường Dĩ An, TP Hồ Chí Minh",,2.0,1,0,0.0,0.0,367.0,0.10954450913779545,5.0,1,Stopped,0,0,0,0,0,VALID,VALID
92H-02687,2026-08-14 13:32:00,366.8,0,0.0,,,"Số 6, Phường Dĩ An, TP Hồ Chí Minh",,2.0,1,0,0.0,0.0,366.8,0.10954450913801468,5.0,1,Stopped,0,0,0,0,0,VALID,VALID
92H-02687,2026-08-14 13:34:00,366.8,0,0.0,,,"Số 6, Phường Dĩ An, TP Hồ Chí Minh",,2.0,1,0,0.0,0.0,366.8,0.08944271620618448,5.0,1,Stopped,0,0,0,0,0,VALID,VALID
92H-02687,2026-08-14 13:36:00,366.8,0,0.0,,,"Số 6, Phường Dĩ An, TP Hồ Chí Minh",,2.0,1,0,0.0,0.0,366.8,0.0,5.0,1,Stopped,0,0,0,0,0,VALID,VALID
92H-02687,2026-08-14 13:39:00,366.8,0,0.0,,,"Số 6, Phường Dĩ An, TP Hồ Chí Minh",,3.0,1,0,0.0,0.0,366.8,0.0,5.0,1,Stopped,0,0,0,0,0,VALID,VALID
92H-02687,2026-08-14 13:41:00,366.8,0,0.0,,,"Số 6, Phường Dĩ An, TP Hồ Chí Minh",,2.0,1,0,0.0,0.0,366.8,0.0,5.0,1,Stopped,0,0,0,0,0,VALID,VALID
92H-02687,2026-08-14 13:43:00,366.8,0,0.0,,,"Số 6, Phường Dĩ An, TP Hồ Chí Minh",,2.0,1,0,0.0,0.0,366.8,0.0,5.0,1,Stopped,0,0,0,0,0,VALID,VALID
92H-02687,2026-08-14 13:45:00,366.8,0,0.0,,,"Số 6, Phường Dĩ An, TP Hồ Chí Minh",,2.0,1,0,0.0,0.0,366.8,0.0,5.0,1,Stopped,0,0,0,0,0,VALID,VALID
92H-02687,2026-08-14 13:47:00,366.8,0,0.0,,,"Số 6, Phường Dĩ An, TP Hồ Chí Minh",,2.0,1,0,0.0,0.0,366.8,0.0,5.0,1,Stopped,0,0,0,0,0,VALID,VALID
92H-02687,2026-08-14 13:50:00,366.8,0,0.0,,,"Số 6, Phường Dĩ An, TP Hồ Chí Minh",,3.0,1,0,0.0,0.0,366.8,0.0,5.0,1,Stopped,0,0,0,0,0,VALID,VALID
92H-02687,2026-08-14 13:52:00,366.8,0,0.0,,,"Số 6, Phường Dĩ An, TP Hồ Chí Minh",,2.0,1,0,0.0,0.0,366.8,0.0,5.0,1,Stopped,0,0,0,0,0,VALID,VALID
92H-02687,2026-08-14 13:54:00,366.8,0,0.0,,,"Số 6, Phường Dĩ An, TP Hồ Chí Minh",,2.0,1,0,0.0,0.0,366.8,0.0,5.0,1,Stopped,0,0,0,0,0,VALID,VALID
92H-02687,2026-08-14 13:56:00,366.8,0,0.0,,,"Số 6, Phường Dĩ An, TP Hồ Chí Minh",,2.0,1,0,0.0,0.0,366.8,0.0,5.0,1,Stopped,0,0,0,0,0,VALID,VALID
92H-02687,2026-08-14 13:58:00,366.8,0,0.0,,,"Số 6, Phường Dĩ An, TP Hồ Chí Minh",,2.0,1,0,0.0,0.0,366.8,0.0,5.0,1,Stopped,0,0,0,0,0,VALID,VALID
92H-02687,2026-08-14 14:00:00,366.8,0,0.0,,,"Số 6, Phường Dĩ An, TP Hồ Chí Minh",,2.0,1,0,0.0,0.0,366.8,0.0,5.0,1,Stopped,0,0,0,0,0,VALID,VALID
92H-02687,2026-08-14 14:03:00,366.8,0,0.0,,,"Số 6, Phường Dĩ An, TP Hồ Chí Minh",,3.0,1,0,0.0,0.0,366.8,0.0,5.0,1,Stopped,0,0,0,0,0,VALID,VALID
92H-02687,2026-08-14 14:05:00,366.8,0,0.0,,,"Số 6, Phường Dĩ An, TP Hồ Chí Minh",,2.0,1,0,0.0,0.0,366.8,0.0,5.0,1,Stopped,0,0,0,0,0,VALID,VALID
92H-02687,2026-08-14 14:07:00,366.8,0,0.0,,,"Số 6, Phường Dĩ An, TP Hồ Chí Minh",,2.0,1,0,0.0,0.0,366.8,0.0,5.0,1,Stopped,0,0,0,0,0,VALID,VALID
92H-02687,2026-08-14 14:09:00,366.8,0,0.0,,,"Số 6, Phường Dĩ An, TP Hồ Chí Minh",,2.0,1,0,0.0,0.0,366.8,0.0,5.0,1,Stopped,0,0,0,0,0,VALID,VALID
92H-02687,2026-08-14 14:11:00,366.8,0,0.0,,,"Số 6, Phường Dĩ An, TP Hồ Chí Minh",,2.0,1,0,0.0,0.0,366.8,0.0,5.0,1,Stopped,0,0,0,0,0,VALID,VALID
92H-02687,2026-08-14 14:14:00,366.8,0,0.0,,,"Số 6, Phường Dĩ An, TP Hồ Chí Minh",,3.0,1,0,0.0,0.0,366.8,0.0,5.0,1,Stopped,0,0,0,0,0,VALID,VALID
92H-02687,2026-08-14 14:16:00,366.8,0,0.0,,,"Số 6, Phường Dĩ An, TP Hồ Chí Minh",,2.0,1,0,0.0,0.0,366.8,0.0,5.0,1,Stopped,0,0,0,0,0,VALID,VALID
92H-02687,2026-08-14 14:18:00,366.8,0,0.0,,,"Số 6, Phường Dĩ An, TP Hồ Chí Minh",,2.0,1,0,0.0,0.0,366.8,0.0,5.0,1,Stopped,0,0,0,0,0,VALID,VALID
92H-02687,2026-08-14 14:20:00,366.8,0,0.0,,,"Số 6, Phường Dĩ An, TP Hồ Chí Minh",,2.0,1,0,0.0,0.0,366.8,0.0,5.0,1,Stopped,0,0,0,0,0,VALID,VALID
92H-02687,2026-08-14 14:23:00,366.7,0,0.0,,,"Số 6, Phường Dĩ An, TP Hồ Chí Minh",,3.0,1,0,-0.10000000000002274,-0.03333333333334091,366.8,0.04472135376333586,5.0,1,Stopped,0,0,0,0,0,VALID,VALID
92H-02687,2026-08-14 14:25:00,366.7,0,0.0,,,"Số 6, Phường Dĩ An, TP Hồ Chí Minh",,2.0,1,0,0.0,0.0,366.8,0.05477225102601173,5.0,1,Stopped,0,0,0,0,0,VALID,VALID
92H-02687,2026-08-14 14:27:00,366.7,0,0.0,,,"Số 6, Phường Dĩ An, TP Hồ Chí Minh",,2.0,1,0,0.0,0.0,366.7,0.05477225102629972,5.0,1,Stopped,0,0,0,0,0,VALID,VALID
92H-02687,2026-08-14 14:28:00,366.7,0,0.0,,,"Số 6, Phường Dĩ An, TP Hồ Chí Minh",,1.0,1,0,0.0,0.0,366.7,0.04472135376439402,5.0,1,Stopped,0,0,0,0,0,VALID,VALID
92H-02687,2026-08-14 14:30:00,366.7,0,0.0,,,"Số 6, Phường Dĩ An, TP Hồ Chí Minh",,2.0,1,0,0.0,0.0,366.7,0.0,5.0,1,Stopped,0,0,0,0,0,VALID,VALID
92H-02687,2026-08-14 14:32:00,366.7,38,0.31666666666666665,,,"Số 2, Phường Dĩ An, TP Hồ Chí Minh",,2.0,1,0,0.0,0.0,366.7,0.0,5.0,1,Moving,0,0,0,0,0,VALID,VALID
92H-02687,2026-08-14 14:34:00,366.8,18,-0.16666666666666666,,,"Số 2, Phường Dĩ An, TP Hồ Chí Minh",,2.0,1,0,0.10000000000002274,0.05000000000001137,366.7,0.04472135376439402,5.0,1,Moving,0,0,0,0,0,VALID,VALID
92H-02687,2026-08-14 14:36:00,366.1,0,-0.15,,,"Số 2, Phường Dĩ An, TP Hồ Chí Minh",,2.0,1,0,-0.6999999999999886,-0.3499999999999943,366.7,0.282842711560169,5.0,1,Stopped,0,0,0,0,0,VALID,VALID
92H-02687,2026-08-14 14:38:00,365.2,4,0.03333333333333333,,,"Đại Lộ Độc Lập, Phường Tam Bình, TP Hồ Chí Minh",,2.0,1,0,-0.9000000000000341,-0.45000000000001705,366.7,0.674536877778545,5.0,1,Moving,0,0,0,0,0,VALID,VALID
92H-02687,2026-08-14 14:40:00,365.2,11,0.058333333333333334,,,"Xa Lộ Đại Hàn, Phường Dĩ An, TP Hồ Chí Minh",,2.0,1,0,0.0,0.0,366.1,0.777817458973341,5.0,1,Moving,0,0,0,0,0,VALID,VALID
92H-02687,2026-08-14 14:42:00,365.4,19,0.06666666666666667,,,"Trường Sơn, Phường Dĩ An, TP Hồ Chí Minh",,2.0,1,0,0.19999999999998863,0.09999999999999432,365.4,0.698569967493733,5.0,1,Moving,0,0,0,0,0,VALID,VALID
92H-02687,2026-08-14 14:44:00,364.2,38,0.15833333333333333,,,"Trường Sơn, Phường Linh Xuân, TP Hồ Chí Minh",,2.0,1,0,-1.1999999999999886,-0.5999999999999943,365.2,0.6797058183398942,5.0,1,Moving,0,0,0,0,0,VALID,VALID
92H-02687,2026-08-14 14:46:00,362.7,52,0.11666666666666667,,,"Trường Sơn, Phường Linh Xuân, TP Hồ Chí Minh",,2.0,1,0,-1.5,-0.75,365.2,1.1304866206578135,5.0,1,Moving,0,0,0,0,0,VALID,VALID
92H-02687,2026-08-14 14:48:00,362.4,3,-0.4083333333333333,,,"Trường Sơn, Phường Linh Xuân, TP Hồ Chí Minh",,2.0,1,0,-0.30000000000001137,-0.15000000000000568,364.2,1.3863621458649784,5.0,1,Moving,0,0,0,0,0,VALID,VALID
92H-02687,2026-08-14 14:50:00,363.2,0,-0.025,,,"Trường Sơn, Phường Linh Xuân, TP Hồ Chí Minh",,2.0,1,0,0.8000000000000114,0.4000000000000057,363.2,1.2255610957794187,5.0,1,Stopped,0,0,0,0,0,VALID,VALID
92H-02687,2026-08-14 14:52:00,363.2,42,0.35,,,"Trường Sơn, Phường Linh Xuân, TP Hồ Chí Minh",,2.0,1,0,0.0,0.0,363.2,0.6841052546858662,5.0,1,Moving,0,0,0,0,0,VALID,VALID
92H-02687,2026-08-14 14:54:00,360.5,19,-0.19166666666666668,,,"Xa Lộ Hà Nội, Phường Linh Xuân, TP Hồ Chí Minh",,2.0,1,0,-2.6999999999999886,-1.3499999999999943,362.7,1.1157956799925624,5.0,1,Moving,0,0,0,0,0,VALID,VALID
92H-02687,2026-08-14 14:56:00,360.5,25,0.05,,,"Xa Lộ Hà Nội, Phường Linh Xuân, TP Hồ Chí Minh",,2.0,1,0,0.0,0.0,362.4,1.3722244712476164,5.0,1,Moving,0,0,0,0,0,VALID,VALID
92H-02687,2026-08-14 14:58:00,360.8,45,0.16666666666666666,,,"Xa Lộ Hà Nội, Phường Linh Xuân, TP Hồ Chí Minh",,2.0,1,0,0.30000000000001137,0.15000000000000568,360.8,1.429335509770652,5.0,1,Moving,0,0,0,0,0,VALID,VALID
92H-02687,2026-08-14 15:00:00,361.1,36,-0.075,,,"Xa Lộ Hà Nội, Phường Thủ Đức, TP Hồ Chí Minh",,2.0,1,0,0.30000000000001137,0.15000000000000568,360.8,1.1344602238474684,5.0,1,Moving,0,0,0,0,0,VALID,VALID
92H-02687,2026-08-14 15:02:00,357.3,0,-0.3,,,"Xa Lộ Hà Nội, Phường Thủ Đức, TP Hồ Chí Minh",,2.0,1,0,-3.8000000000000114,-1.9000000000000057,360.5,1.5517731791386642,5.0,1,Stopped,0,0,0,0,0,VALID,VALID
92H-02687,2026-08-14 15:04:00,357.0,0,0.0,,,"Xa Lộ Hà Nội, Phường Thủ Đức, TP Hồ Chí Minh",,2.0,1,0,-0.30000000000001137,-0.15000000000000568,360.5,2.013206397639185,5.0,1,Stopped,0,0,0,0,0,VALID,VALID
92H-02687,2026-08-14 15:06:00,356.9,0,0.0,,,"Xa Lộ Hà Nội, Phường Thủ Đức, TP Hồ Chí Minh",,2.0,1,0,-0.10000000000002274,-0.05000000000001137,357.3,2.1347130953588627,5.0,1,Stopped,0,0,0,0,0,VALID,VALID
92H-02687,2026-08-14 15:08:00,356.9,24,0.2,,,"Xa Lộ Hà Nội, Phường Thủ Đức, TP Hồ Chí Minh",,2.0,1,0,0.0,0.0,357.0,1.829754081700033,5.0,1,Moving,0,0,0,0,0,VALID,VALID
92H-02687,2026-08-14 15:10:00,356.3,0,-0.2,,,"Xa Lộ Hà Nội, Phường Thủ Đức, TP Hồ Chí Minh",,2.0,1,0,-0.5999999999999659,-0.29999999999998295,356.9,0.3633180418028737,5.0,1,Stopped,0,0,0,0,0,VALID,VALID
92H-02687,2026-08-14 15:12:00,356.3,47,0.39166666666666666,,,"Xa Lộ Hà Nội, Phường Thủ Đức, TP Hồ Chí Minh",,2.0,1,0,0.0,0.0,356.9,0.3492849832154344,5.0,1,Moving,0,0,0,0,0,VALID,VALID
92H-02687,2026-08-14 15:14:00,356.3,0,-0.39166666666666666,,,"Trạm thu phí Xa Lộ Hà Nội, Phường Thủ Đức, TP Hồ Chí Minh",,2.0,1,0,0.0,0.0,356.3,0.32863353374244825,5.0,1,Stopped,0,0,0,0,0,VALID,VALID
92H-02687,2026-08-14 15:16:00,357.1,0,0.0,,,"Xa Lộ Hà Nội, Phường An Khánh, TP Hồ Chí Minh",,2.0,1,0,0.8000000000000114,0.4000000000000057,356.3,0.38987177315110383,5.0,1,Stopped,0,0,0,0,0,VALID,VALID
92H-02687,2026-08-14 15:18:00,356.3,34,0.2833333333333333,,,"Cầu vượt Xa Lộ Hà Nội A, Phường An Khánh, TP Hồ Chí Minh",,2.0,1,0,-0.8000000000000114,-0.4000000000000057,356.3,0.35777087570148325,5.0,1,Moving,0,0,0,0,0,VALID,VALID
92H-02687,2026-08-14 15:20:00,354.7,16,-0.15,,,"Mai Chí Thọ, Phường An Khánh, TP Hồ Chí Minh",,2.0,1,0,-1.6000000000000227,-0.8000000000000114,356.3,0.8763560917234489,5.0,1,Moving,0,0,0,0,0,VALID,VALID
92H-02687,2026-08-14 15:22:00,354.5,0,-0.13333333333333333,,,"Mai Chí Thọ, Phường An Khánh, TP Hồ Chí Minh",,2.0,1,0,-0.19999999999998863,-0.09999999999999432,356.3,1.1278297741687247,5.0,1,Stopped,0,0,0,0,0,VALID,VALID
92H-02687,2026-08-14 15:24:00,354.2,3,0.025,,,"Mai Chí Thọ, Phường An Khánh, TP Hồ Chí Minh",,2.0,1,0,-0.30000000000001137,-0.15000000000000568,354.7,1.2680693985355354,5.0,1,Moving,0,0,0,0,0,VALID,VALID
92H-02687,2026-08-14 15:26:00,353.0,32,0.24166666666666667,,,"Cao tốc Hồ Chí Minh - Long Thành - Dầu Giây, Phường Bình Trưng, TP Hồ ",,2.0,1,0,-1.1999999999999886,-0.5999999999999943,354.5,1.184483009377417,5.0,1,Moving,0,0,0,0,0,VALID,VALID
92H-02687,2026-08-14 15:28:00,354.4,36,0.03333333333333333,,,"Cao tốc Hồ Chí Minh - Long Thành - Dầu Giây, Phường Bình Trưng, TP Hồ ",,2.0,1,0,1.3999999999999773,0.6999999999999886,354.4,0.6730527464504416,5.0,1,Moving,0,0,0,0,0,VALID,VALID
92H-02687,2026-08-14 15:30:00,353.2,36,0.0,,,"Cao tốc Long Thành - Dầu Giây, Phường Bình Trưng, TP Hồ Chí Minh",,2.0,1,0,-1.1999999999999886,-0.5999999999999943,354.2,0.7056911502244146,5.0,1,Moving,0,0,0,0,0,VALID,VALID
92H-02687,2026-08-14 15:32:00,351.6,0,-0.3,,,"Cao tốc Hồ Chí Minh - Long Thành - Dầu Giây, Phường Long Trường, TP Hồ",,2.0,1,0,-1.599999999999966,-0.799999999999983,353.2,1.1189280582352663,5.0,1,Stopped,0,0,0,0,0,VALID,VALID
92H-02687,2026-08-14 15:34:00,352.0,0,0.0,,,"Cao tốc Hồ Chí Minh - Long Thành - Dầu Giây, Phường Long Trường, TP Hồ",,2.0,1,0,0.39999999999997726,0.19999999999998863,353.0,1.099090532898452,5.0,1,Stopped,0,0,0,0,0,VALID,VALID
92H-02687,2026-08-14 15:36:00,351.9,0,0.0,,,"Cao tốc Hồ Chí Minh - Long Thành - Dầu Giây, Phường Long Trường, TP Hồ",,2.0,1,0,-0.10000000000002274,-0.05000000000001137,352.0,1.167047556660587,5.0,1,Stopped,0,0,0,0,0,VALID,VALID
92H-02687,2026-08-14 15:38:00,353.0,3,0.025,,,"Cao tốc Hồ Chí Minh - Long Thành - Dầu Giây, Phường Long Trường, TP Hồ",,2.0,1,0,1.1000000000000227,0.5500000000000114,352.0,0.7127411869030922,5.0,1,Moving,0,0,0,0,0,VALID,VALID
92H-02687,2026-08-14 15:40:00,352.9,0,-0.025,,,"Cao tốc Hồ Chí Minh - Long Thành - Dầu Giây, Phường Long Trường, TP Hồ",,2.0,1,0,-0.10000000000002274,-0.05000000000001137,352.0,0.6300793596906206,5.0,1,Stopped,0,0,0,0,0,VALID,VALID
92H-02687,2026-08-14 15:42:00,352.0,11,0.09166666666666666,,,"Cao tốc Long Thành - Dầu Giây, Phường Long Trường, TP Hồ Chí Minh",,2.0,1,0,-0.8999999999999773,-0.44999999999998863,352.0,0.5412947436545049,5.0,1,Moving,0,0,0,0,0,VALID,VALID
92H-02687,2026-08-14 15:44:00,351.9,0,-0.09166666666666666,,,"Cao tốc Long Thành - Dầu Giây, Phường Long Trường, TP Hồ Chí Minh",,2.0,1,0,-0.10000000000002274,-0.05000000000001137,352.0,0.5594640287883057,5.0,1,Stopped,0,0,0,0,0,VALID,VALID
92H-02687,2026-08-14 15:46:00,351.4,11,0.09166666666666666,,,"Cao tốc Hồ Chí Minh - Long Thành - Dầu Giây, Phường Long Trường, TP Hồ",,2.0,1,0,-0.5,-0.25,352.0,0.6877499542044574,5.0,1,Moving,0,0,0,0,0,VALID,VALID
92H-02687,2026-08-14 15:48:00,351.4,25,0.11666666666666667,,,"Cao tốc Hồ Chí Minh - Long Thành - Dầu Giây, Phường Long Trường, TP Hồ",,2.0,1,0,0.0,0.0,351.9,0.6140032569203806,5.0,1,Moving,0,0,0,0,0,VALID,VALID
92H-02687,2026-08-14 15:50:00,351.3,57,0.26666666666666666,,,"Cao tốc Hồ Chí Minh - Long Thành - Dầu Giây, Phường Long Trường, TP Hồ",,2.0,1,0,-0.0999999999999659,-0.04999999999998295,351.4,0.32403703416347485,5.0,1,Moving,0,0,0,0,0,VALID,VALID
92H-02687,2026-08-14 15:52:00,350.0,47,-0.08333333333333333,,,"Cao tốc Hồ Chí Minh - Long Thành - Dầu Giây, Phường Long Trường, TP Hồ",,2.0,1,0,-1.3000000000000114,-0.6500000000000057,351.4,0.7106335198329986,5.0,1,Moving,0,0,0,0,0,VALID,VALID
92H-02687,2026-08-14 15:54:00,349.1,10,-0.30833333333333335,,,"Cao tốc Long Thành - Dầu Giây, Phường Long Phước, TP Hồ Chí Minh",,2.0,1,0,-0.8999999999999773,-0.44999999999998863,351.3,1.0454664028611032,5.0,1,Moving,0,0,0,0,0,VALID,VALID
92H-02687,2026-08-14 15:56:00,347.6,7,-0.025,,,"Cao tốc Hồ Chí Minh - Long Thành - Dầu Giây, Phường Long Phước, TP Hồ ",,2.0,1,0,-1.5,-0.75,350.0,1.5927962831174582,5.0,1,Moving,0,0,0,0,0,VALID,VALID
92H-02687,2026-08-14 15:58:00,350.4,28,0.175,,,"Cao tốc Long Thành - Dầu Giây, Phường Long Phước, TP Hồ Chí Minh",,2.0,1,0,2.7999999999999545,1.3999999999999773,350.0,1.4060583200967165,5.0,1,Moving,0,0,0,0,0,VALID,VALID
92H-02687,2026-08-14 16:00:00,351.7,50,0.18333333333333332,,,"Cao tốc Long Thành - Dầu Giây, Xã An Phước, Tỉnh Đồng Nai",,2.0,1,0,1.3000000000000114,0.6500000000000057,350.0,1.5274161186503916,5.0,1,Moving,0,0,0,0,0,VALID,VALID
92H-02687,2026-08-14 16:02:00,346.6,68,0.15,,,"Cao tốc Hồ Chí Minh - Long Thành - Dầu Giây, Xã An Phước, Tỉnh Đồng Na",,2.0,1,0,-5.099999999999966,-2.549999999999983,349.1,2.0583974347813174,5.0,1,Moving,0,0,0,0,0,VALID,VALID
92H-02687,2026-08-14 16:04:00,346.6,66,-0.016666666666666666,,,"Cao tốc Hồ Chí Minh - Long Thành - Dầu Giây, Xã An Phước, Tỉnh Đồng Na",,2.0,1,0,0.0,0.0,347.6,2.3370922103150416,5.0,1,Moving,0,0,0,0,0,VALID,VALID
92H-02687,2026-08-14 16:06:00,345.7,60,-0.05,,,"Cao tốc Long Thành - Dầu Giây, Xã Nhơn Trạch, Tỉnh Đồng Nai",,2.0,1,0,-0.9000000000000341,-0.45000000000001705,346.6,2.667395733579105,5.0,1,Moving,0,0,0,0,0,VALID,VALID
92H-02687,2026-08-14 16:08:00,345.4,49,-0.09166666666666666,,,"Cao tốc Long Thành - Dầu Giây, Xã Nhơn Trạch, Tỉnh Đồng Nai",,2.0,1,0,-0.30000000000001137,-0.15000000000000568,346.6,2.571964229828643,5.0,1,Moving,0,0,0,0,0,VALID,VALID
92H-02687,2026-08-14 16:10:00,344.1,55,0.05,,,"Cao tốc Hồ Chí Minh - Long Thành - Dầu Giây, Xã Long Thành, Tỉnh Đồng ",,2.0,1,0,-1.2999999999999545,-0.6499999999999773,345.7,1.032956920457468,5.0,1,Moving,0,0,0,0,0,VALID,VALID
92H-02687,2026-08-14 16:12:00,344.2,0,-0.4583333333333333,,,"Cao tốc Hồ Chí Minh - Long Thành - Dầu Giây, Xã Long Thành, Tỉnh Đồng ",,2.0,1,0,0.0999999999999659,0.04999999999998295,345.4,1.0559356038707515,5.0,1,Stopped,0,0,0,0,0,VALID,VALID
92H-02687,2026-08-14 16:14:00,345.0,60,0.5,,,"Cao tốc Hồ Chí Minh - Long Thành - Dầu Giây, Xã Long Thành, Tỉnh Đồng ",,2.0,1,0,0.8000000000000114,0.4000000000000057,345.0,0.7120393244214118,5.0,1,Moving,0,0,0,0,0,VALID,VALID
92H-02687,2026-08-14 16:16:00,343.3,76,0.13333333333333333,,,"Cao tốc Hồ Chí Minh - Long Thành - Dầu Giây, Xã Long Thành, Tỉnh Đồng ",,2.0,1,0,-1.6999999999999886,-0.8499999999999943,344.2,0.8215838359677219,5.0,1,Moving,0,0,0,0,0,VALID,VALID
92H-02687,2026-08-14 16:18:00,342.2,81,0.041666666666666664,,,"Cao tốc Hồ Chí Minh - Long Thành - Dầu Giây, Xã Long Thành, Tỉnh Đồng ",,2.0,1,0,-1.1000000000000227,-0.5500000000000114,344.1,1.05971694311487,5.0,1,Moving,0,0,0,0,0,VALID,VALID
92H-02687,2026-08-14 16:20:00,340.7,83,0.016666666666666666,,,"Cao tốc Hồ Chí Minh - Long Thành - Dầu Giây, Xã Long Thành, Tỉnh Đồng ",,2.0,1,0,-1.5,-0.75,343.3,1.6902662510758666,5.0,1,Moving,0,0,0,0,0,VALID,VALID
92H-02687,2026-08-14 16:22:00,338.6,78,-0.041666666666666664,,,"Cao tốc Hồ Chí Minh - Long Thành - Dầu Giây, Xã Long Thành, Tỉnh Đồng ",,2.0,1,0,-2.099999999999966,-1.049999999999983,342.2,2.448060456673448,5.0,1,Moving,0,0,0,0,0,VALID,VALID
92H-02687,2026-08-14 16:24:00,337.6,77,-0.008333333333333333,,,"Cao tốc Hồ Chí Minh - Long Thành - Dầu Giây, Xã Xuân Quế, Tỉnh Đồng Na",,2.0,1,0,-1.0,-0.5,340.7,2.386838913611684,5.0,1,Moving,0,0,0,0,0,VALID,VALID
92H-02687,2026-08-14 16:26:00,336.6,63,-0.11666666666666667,,,"Cao tốc Hồ Chí Minh - Long Thành - Dầu Giây, Xã Xuân Quế, Tỉnh Đồng Na",,2.0,1,0,-1.0,-0.5,338.6,2.286482013822437,5.0,1,Moving,0,0,0,0,0,VALID,VALID
92H-02687,2026-08-14 16:28:00,335.4,63,0.0,,,"Xã Xuân Quế, Tỉnh Đồng Nai",,2.0,1,0,-1.2000000000000455,-0.6000000000000227,337.6,2.0179197207857875,5.0,1,Moving,0,0,0,0,0,VALID,VALID
92H-02687,2026-08-14 16:30:00,335.4,56,-0.058333333333333334,,,"Cao tốc Phan Thiết - Dầu Giây, Xã Xuân Quế, Tỉnh Đồng Nai",,2.0,1,0,0.0,0.0,336.6,1.397139935560601,5.0,1,Moving,0,0,0,0,0,VALID,VALID
92H-02687,2026-08-14 16:32:00,335.6,64,0.06666666666666667,,,"Cao tốc Phan Thiết - Dầu Giây, Xã Xuân Quế, Tỉnh Đồng Nai",,2.0,1,0,0.20000000000004547,0.10000000000002274,335.6,0.9654014706532249,5.0,1,Moving,0,0,0,0,0,VALID,VALID
92H-02687,2026-08-14 16:34:00,333.8,65,0.008333333333333333,,,"Cao tốc Phan Thiết - Dầu Giây, Xã Xuân Quế, Tỉnh Đồng Nai",,2.0,1,0,-1.8000000000000114,-0.9000000000000057,335.4,1.0039920316122648,5.0,1,Moving,0,0,0,0,0,VALID,VALID
92H-02687,2026-08-14 16:36:00,332.8,68,0.025,,,"Cao tốc Phan Thiết - Dầu Giây, Xã Xuân Quế, Tỉnh Đồng Nai",,2.0,1,0,-1.0,-0.5,335.4,1.2409673644147055,5.0,1,Moving,0,0,0,0,0,VALID,VALID
92H-02687,2026-08-14 16:38:00,331.0,69,0.008333333333333333,,,"Cao tốc Phan Thiết - Dầu Giây, Xã Cẩm Mỹ, Tỉnh Đồng Nai",,2.0,1,0,-1.8000000000000114,-0.9000000000000057,333.8,1.9110206695753091,5.0,1,Moving,0,0,0,0,0,VALID,VALID
92H-02687,2026-08-14 16:40:00,329.8,73,0.03333333333333333,,,"Cao tốc Phan Thiết - Dầu Giây, Xã Cẩm Mỹ, Tỉnh Đồng Nai",,2.0,1,0,-1.1999999999999886,-0.5999999999999943,332.8,2.2847319316598678,5.0,1,Moving,0,0,0,0,0,VALID,VALID
92H-02687,2026-08-14 16:42:00,326.9,79,0.05,,,"Cao tốc Phan Thiết - Dầu Giây, Phường Hàng Gòn, Tỉnh Đồng Nai",,2.0,1,0,-2.900000000000034,-1.450000000000017,331.0,2.7033312781731933,5.0,1,Moving,0,0,0,0,0,VALID,VALID
92H-02687,2026-08-14 16:44:00,325.7,92,0.10833333333333334,,,"Cao tốc Phan Thiết - Dầu Giây, Xã Xuân Định, Tỉnh Đồng Nai",,2.0,1,0,-1.1999999999999886,-0.5999999999999943,329.8,2.9194177500920464,5.0,1,Moving,0,0,0,0,0,VALID,VALID
92H-02687,2026-08-14 16:46:00,324.4,90,-0.016666666666666666,,,"Cao tốc Phan Thiết - Dầu Giây, Xã Xuân Định, Tỉnh Đồng Nai",,2.0,1,0,-1.3000000000000114,-0.6500000000000057,326.9,2.7718225050597405,5.0,1,Moving,0,0,0,0,0,VALID,VALID
92H-02687,2026-08-14 16:48:00,324.1,90,0.0,,,"Cao tốc Phan Thiết - Dầu Giây, Xã Xuân Định, Tỉnh Đồng Nai",,2.0,1,0,-0.2999999999999545,-0.14999999999997726,325.7,2.310194796885801,5.0,1,Moving,0,0,0,0,0,VALID,VALID
92H-02687,2026-08-14 16:50:00,323.9,85,-0.041666666666666664,,,"Cao tốc Phan Thiết - Dầu Giây, Xã Xuân Phú, Tỉnh Đồng Nai",,2.0,1,0,-0.20000000000004547,-0.10000000000002274,324.4,1.2727922059631063,5.0,1,Moving,0,0,0,0,0,VALID,VALID
92H-02687,2026-08-14 16:52:00,323.8,76,-0.075,,,"Cao tốc Phan Thiết - Dầu Giây, Xã Xuân Lộc, Tỉnh Đồng Nai",,2.0,1,0,-0.0999999999999659,-0.04999999999998295,324.1,0.7726577505995832,5.0,1,Moving,0,0,0,0,0,VALID,VALID
92H-02687,2026-08-14 16:54:00,323.8,79,0.025,,,"Cao tốc Phan Thiết - Dầu Giây, Xã Xuân Lộc, Tỉnh Đồng Nai",,2.0,1,0,0.0,0.0,323.9,0.25495097482126616,5.0,1,Moving,0,0,0,0,0,VALID,VALID
92H-02687,2026-08-14 16:56:00,323.7,76,-0.025,,,"Cao tốc Phan Thiết - Dầu Giây, Xã Xuân Hòa, Tỉnh Đồng Nai",,2.0,1,0,-0.10000000000002274,-0.05000000000001137,323.8,0.15165750743890705,5.0,1,Moving,0,0,0,0,0,VALID,VALID
92H-02687,2026-08-14 16:58:00,323.4,79,0.025,,,"Cao tốc Phan Thiết - Dầu Giây, Xã Xuân Hòa, Tỉnh Đồng Nai",,2.0,1,0,-0.30000000000001137,-0.15000000000000568,323.8,0.19235383948036877,5.0,1,Moving,0,0,0,0,0,VALID,VALID
92H-02687,2026-08-14 17:00:00,320.7,78,-0.008333333333333333,,,"Cao tốc Phan Thiết - Dầu Giây, Xã Xuân Hòa, Tỉnh Đồng Nai",,2.0,1,0,-2.6999999999999886,-1.3499999999999943,323.7,1.340522286112374,5.0,1,Moving,0,0,0,0,0,VALID,VALID
92H-02687,2026-08-14 17:02:00,320.6,82,0.03333333333333333,,,"Cao tốc Phan Thiết - Dầu Giây, Xã Xuân Hòa, Tỉnh Đồng Nai",,2.0,1,0,-0.0999999999999659,-0.04999999999998295,323.4,1.6410362578459348,5.0,1,Moving,0,0,0,0,0,VALID,VALID
92H-02687,2026-08-14 17:04:00,320.3,75,-0.058333333333333334,,,"Cao tốc Phan Thiết - Dầu Giây, Xã Xuân Hòa, Tỉnh Đồng Nai",,2.0,1,0,-0.30000000000001137,-0.15000000000000568,320.7,1.6622274211328962,5.0,1,Moving,0,0,0,0,0,VALID,VALID
92H-02687,2026-08-14 17:06:00,319.1,81,0.05,,,"Cao tốc Phan Thiết - Dầu Giây, Xã Xuân Hòa, Tỉnh Đồng Nai",,2.0,1,0,-1.1999999999999886,-0.5999999999999943,320.6,1.5770225107992473,5.0,1,Moving,0,0,0,0,0,VALID,VALID
92H-02687,2026-08-14 17:08:00,319.0,78,-0.025,,,"Cao tốc Phan Thiết - Dầu Giây, Xã Xuân Hòa, Tỉnh Đồng Nai",,2.0,1,0,-0.10000000000002274,-0.05000000000001137,320.3,0.8264381401949796,5.0,1,Moving,0,0,0,0,0,VALID,VALID
92H-02687,2026-08-14 17:10:00,318.7,74,-0.03333333333333333,,,"Cao tốc Phan Thiết - Dầu Giây, Xã Tân Minh, Tỉnh Lâm Đồng",,2.0,1,0,-0.30000000000001137,-0.15000000000000568,319.1,0.8502940665261535,5.0,1,Moving,0,0,0,0,0,VALID,VALID
92H-02687,2026-08-14 17:12:00,318.4,76,0.016666666666666666,,,"Cao tốc Phan Thiết - Dầu Giây, Xã Tân Minh, Tỉnh Lâm Đồng",,2.0,1,0,-0.30000000000001137,-0.15000000000000568,319.0,0.7245688370129242,5.0,1,Moving,0,0,0,0,0,VALID,VALID
92H-02687,2026-08-14 17:14:00,318.2,88,0.1,,,"Cao tốc Phan Thiết - Dầu Giây, Xã Tân Minh, Tỉnh Lâm Đồng",,2.0,1,0,-0.19999999999998863,-0.09999999999999432,318.7,0.3834057896940003,5.0,1,Moving,0,0,0,0,0,VALID,VALID
92H-02687,2026-08-14 17:16:00,315.0,48,-0.3333333333333333,,,"Cao tốc Phan Thiết - Dầu Giây, Xã Tân Minh, Tỉnh Lâm Đồng",,2.0,1,0,-3.1999999999999886,-1.5999999999999943,318.4,1.6272676484131512,5.0,1,Moving,0,0,0,0,0,VALID,VALID
92H-02687,2026-08-14 17:18:00,315.0,58,0.08333333333333333,,,"Lê Duẩn, Xã Tân Minh, Tỉnh Lâm Đồng",,2.0,1,0,0.0,0.0,318.2,1.8889150323858466,5.0,1,Moving,0,0,0,0,0,VALID,VALID
92H-02687,2026-08-14 17:20:00,315.0,35,-0.19166666666666668,,,"Lê Duẩn, Xã Tân Minh, Tỉnh Lâm Đồng",,2.0,1,0,0.0,0.0,315.0,1.8088670486175285,5.0,1,Moving,0,0,0,0,0,VALID,VALID
92H-02687,2026-08-14 17:22:00,314.0,48,0.10833333333333334,,,"Nguyễn Huệ, Xã Tân Minh, Tỉnh Lâm Đồng",,2.0,1,0,-1.0,-0.5,315.0,1.602498049788375,5.0,1,Moving,0,0,0,0,0,VALID,VALID
92H-02687,2026-08-14 17:24:00,314.1,53,0.041666666666666664,,,"Quốc Lộ 1, Xã Tân Minh, Tỉnh Lâm Đồng",,2.0,1,0,0.10000000000002274,0.05000000000001137,315.0,0.5215361920103883,5.0,1,Moving,0,0,0,0,0,VALID,VALID
92H-02687,2026-08-14 17:26:00,313.1,59,0.05,,,"Quốc Lộ 1, Xã Tân Minh, Tỉnh Lâm Đồng",,2.0,1,0,-1.0,-0.5,314.1,0.795612970970954,5.0,1,Moving,0,0,0,0,0,VALID,VALID
92H-02687,2026-08-14 17:28:00,313.1,57,-0.016666666666666666,,,"Quốc Lộ 1, Xã Tân Minh, Tỉnh Lâm Đồng",,2.0,1,0,0.0,0.0,314.0,0.7956129709713,5.0,1,Moving,0,0,0,0,0,VALID,VALID
92H-02687,2026-08-14 17:30:00,312.0,41,-0.13333333333333333,,,"Đèo Giăng Co, Xã Hàm Tân, Tỉnh Lâm Đồng",,2.0,1,0,-1.1000000000000227,-0.5500000000000114,313.1,0.8502940665314812,5.0,1,Moving,0,0,0,0,0,VALID,VALID
92H-02687,2026-08-14 17:32:00,310.9,44,0.025,,,"Quốc Lộ 1, Xã Hàm Tân, Tỉnh Lâm Đồng",,2.0,1,0,-1.1000000000000227,-0.5500000000000114,313.1,1.2239281022917756,5.0,1,Moving,0,0,0,0,0,VALID,VALID
92H-02687,2026-08-14 17:34:00,310.4,0,-0.36666666666666664,,,"Xã Hàm Tân, Tỉnh Lâm Đồng",,2.0,1,0,-0.5,-0.25,312.0,1.2389511691671082,5.0,1,Stopped,0,0,0,0,0,VALID,VALID
92H-02687,2026-08-14 17:36:00,331.1,0,0.0,,,"Xã Hàm Tân, Tỉnh Lâm Đồng",,2.0,1,0,20.700000000000045,10.350000000000023,312.0,8.782653357589359,5.0,1,Stopped,0,0,1,0,1,LARGE_DELTA,VALID
92H-02687,2026-08-14 17:38:00,374.8,0,0.0,,,"Xã Hàm Tân, Tỉnh Lâm Đồng",,2.0,1,0,43.69999999999999,21.849999999999994,312.0,27.64910486796198,5.0,1,Stopped,0,0,1,0,1,LARGE_DELTA,VALID
92H-02687,2026-08-14 17:41:00,423.8,0,0.0,,,"Xã Hàm Tân, Tỉnh Lâm Đồng",,3.0,1,0,49.0,16.333333333333332,331.1,48.77360966751926,5.0,1,Stopped,0,0,1,0,1,LARGE_DELTA,VALID
92H-02687,2026-08-14 17:43:00,475.0,0,0.0,,,"Xã Hàm Tân, Tỉnh Lâm Đồng",,2.0,1,0,51.19999999999999,25.599999999999994,374.8,67.3799821905548,5.0,1,Stopped,0,0,1,0,1,LARGE_DELTA,VALID
92H-02687,2026-08-14 17:45:00,539.2,0,0.0,,,"Quốc Lộ 1, Xã Hàm Tân, Tỉnh Lâm Đồng",,2.0,1,0,64.20000000000005,32.10000000000002,423.8,81.86709961882991,5.0,1,Stopped,0,0,1,0,1,LARGE_DELTA,VALID
92H-02687,2026-08-14 17:47:00,555.0,0,0.0,,,"Quốc Lộ 1, Xã Hàm Tân, Tỉnh Lâm Đồng",,2.0,1,0,15.799999999999955,7.899999999999977,475.0,76.11299494829619,5.0,1,Stopped,0,0,1,0,1,LARGE_DELTA,VALID
92H-02687,2026-08-14 17:48:00,557.5,0,0.0,,,"Quốc Lộ 1, Xã Hàm Tân, Tỉnh Lâm Đồng",,1.0,1,0,2.5,2.5,539.2,58.71388251512002,5.0,1,Stopped,0,0,0,0,0,VALID,VALID
92H-02687,2026-08-14 17:50:00,558.7,0,0.0,,,"Quốc Lộ 1, Xã Hàm Tân, Tỉnh Lâm Đồng",,2.0,1,0,1.2000000000000455,0.6000000000000227,555.0,35.58071106652148,5.0,1,Stopped,0,0,0,0,0,VALID,VALID
92H-02687,2026-08-14 17:52:00,559.0,0,0.0,,,"Quốc Lộ 1, Xã Hàm Tân, Tỉnh Lâm Đồng",,2.0,1,0,0.2999999999999545,0.14999999999997726,557.5,8.356255142063585,5.0,1,Stopped,0,0,0,0,0,VALID,VALID
92H-02687,2026-08-14 17:54:00,559.2,34,0.2833333333333333,,,"Quốc Lộ 1, Xã Hàm Tân, Tỉnh Lâm Đồng",,2.0,1,0,0.20000000000004547,0.10000000000002274,558.7,1.7398275774513325,5.0,1,Moving,0,0,0,0,0,VALID,VALID
92H-02687,2026-08-14 17:56:00,559.3,37,0.025,,,"Quốc Lộ 1, Xã Hàm Tân, Tỉnh Lâm Đồng",,2.0,1,0,0.09999999999990905,0.049999999999954525,559.0,0.7300684894303846,5.0,1,Moving,0,0,0,0,0,VALID,VALID
92H-02687,2026-08-14 17:58:00,557.2,25,-0.1,,,"Quốc Lộ 1, Xã Hàm Tân, Tỉnh Lâm Đồng",,2.0,1,0,-2.099999999999909,-1.0499999999999545,559.0,0.8584870408219474,5.0,1,Moving,0,0,0,0,0,VALID,VALID
92H-02687,2026-08-14 18:00:00,558.1,0,-0.20833333333333334,,,"Xã Tân Lập, Tỉnh Lâm Đồng",,2.0,1,0,0.8999999999999773,0.44999999999998863,559.0,0.8961026722755441,5.0,1,Stopped,0,0,0,0,0,VALID,VALID
92H-02687,2026-08-14 18:02:00,557.2,0,0.0,,,"Xã Tân Lập, Tỉnh Lâm Đồng",,2.0,1,0,-0.8999999999999773,-0.44999999999998863,558.1,1.02713192884838,5.0,1,Stopped,0,0,0,0,0,VALID,VALID
92H-02687,2026-08-14 18:04:00,557.4,0,0.0,,,"Xã Tân Lập, Tỉnh Lâm Đồng",,2.0,1,0,0.1999999999999318,0.0999999999999659,557.4,0.8961026722760166,5.0,1,Stopped,0,0,0,0,0,VALID,VALID
92H-02687,2026-08-14 18:06:00,557.4,0,0.0,,,"Xã Tân Lập, Tỉnh Lâm Đồng",,2.0,1,0,0.0,0.0,557.4,0.3714835114250858,5.0,1,Stopped,0,0,0,0,0,VALID,VALID
92H-02687,2026-08-14 18:09:00,557.5,0,0.0,,,"Xã Tân Lập, Tỉnh Lâm Đồng",,3.0,1,0,0.10000000000002274,0.03333333333334091,557.4,0.3420526264489846,5.0,1,Stopped,0,0,0,0,0,VALID,VALID
92H-02687,2026-08-14 18:11:00,557.5,0,0.0,,,"Xã Tân Lập, Tỉnh Lâm Đồng",,2.0,1,0,0.0,0.0,557.4,0.12247448412128543,5.0,1,Stopped,0,0,0,0,0,VALID,VALID
92H-02687,2026-08-14 18:13:00,557.7,0,0.0,,,"Xã Tân Lập, Tỉnh Lâm Đồng",,2.0,1,0,0.20000000000004547,0.10000000000002274,557.5,0.12247448412089673,5.0,1,Stopped,0,0,0,0,0,VALID,VALID
92H-02687,2026-08-14 18:15:00,557.7,0,0.0,,,"Xã Tân Lập, Tỉnh Lâm Đồng",,2.0,1,0,0.0,0.0,557.5,0.13416407589447193,5.0,1,Stopped,0,0,0,0,0,VALID,VALID
92H-02687,2026-08-14 18:18:00,557.7,0,0.0,,,"Xã Tân Lập, Tỉnh Lâm Đồng",,3.0,1,0,0.0,0.0,557.7,0.10954450812596828,5.0,1,Stopped,0,0,0,0,0,VALID,VALID
92H-02687,2026-08-14 18:20:00,557.7,0,0.0,,,"Xã Tân Lập, Tỉnh Lâm Đồng",,2.0,1,0,0.0,0.0,557.7,0.08944271496621313,5.0,1,Stopped,0,0,0,0,0,VALID,VALID
92H-02687,2026-08-14 18:22:00,557.7,0,0.0,,,"Xã Tân Lập, Tỉnh Lâm Đồng",,2.0,1,0,0.0,0.0,557.7,0.0,5.0,1,Stopped,0,0,0,0,0,VALID,VALID
92H-02687,2026-08-14 18:24:00,557.7,0,0.0,,,"Xã Tân Lập, Tỉnh Lâm Đồng",,2.0,1,0,0.0,0.0,557.7,0.0,5.0,1,Stopped,0,0,0,0,0,VALID,VALID
92H-02687,2026-08-14 18:26:00,557.8,39,0.325,,,"Xã Tân Lập, Tỉnh Lâm Đồng",,2.0,1,0,0.09999999999990905,0.049999999999954525,557.7,0.0447213512819375,5.0,1,Moving,0,0,0,0,0,VALID,VALID
92H-02687,2026-08-14 18:28:00,557.0,48,0.075,,,"Xã Tân Lập, Tỉnh Lâm Đồng",,2.0,1,0,-0.7999999999999545,-0.39999999999997726,557.7,0.32710854354568747,5.0,1,Moving,0,0,0,0,0,VALID,VALID
92H-02687,2026-08-14 18:30:00,555.8,48,0.0,,,"Cao tốc Phan Thiết - Dầu Giây, Xã Tân Lập, Tỉnh Lâm Đồng",,2.0,1,0,-1.2000000000000455,-0.6000000000000227,557.7,0.8455767258273228,5.0,1,Moving,0,0,0,0,0,VALID,VALID
92H-02687,2026-08-14 18:32:00,556.8,71,0.19166666666666668,,,"Cao tốc Phan Thiết - Dầu Giây, Xã Tân Lập, Tỉnh Lâm Đồng",,2.0,1,0,1.0,0.5,557.0,0.8074651690698209,5.0,1,Moving,0,0,0,0,0,VALID,VALID
92H-02687,2026-08-14 18:34:00,555.6,79,0.06666666666666667,,,"Cao tốc Phan Thiết - Dầu Giây, Xã Tân Lập, Tỉnh Lâm Đồng",,2.0,1,0,-1.1999999999999318,-0.5999999999999659,556.8,0.9055385134057811,5.0,1,Moving,0,0,0,0,0,VALID,VALID
92H-02687,2026-08-14 18:36:00,554.2,72,-0.058333333333333334,,,"Cao tốc Phan Thiết - Dầu Giây, Xã Tân Lập, Tỉnh Lâm Đồng",,2.0,1,0,-1.3999999999999773,-0.6999999999999886,555.8,1.118928058125974,5.0,1,Moving,0,0,0,0,0,VALID,VALID
92H-02687,2026-08-14 18:38:00,553.9,83,0.09166666666666666,,,"Cao tốc Phan Thiết - Dầu Giây, Xã Tân Lập, Tỉnh Lâm Đồng",,2.0,1,0,-0.3000000000000682,-0.1500000000000341,555.6,1.1991663768059486,5.0,1,Moving,0,0,0,0,0,VALID,VALID
92H-02687,2026-08-14 18:40:00,551.7,65,-0.15,,,"Cao tốc Phan Thiết - Dầu Giây, Xã Tân Lập, Tỉnh Lâm Đồng",,2.0,1,0,-2.199999999999932,-1.099999999999966,554.2,1.9217179811986507,5.0,1,Moving,0,0,0,0,0,VALID,VALID
92H-02687,2026-08-14 18:42:00,551.7,79,0.11666666666666667,,,"Cao tốc Phan Thiết - Dầu Giây, Xã Tân Lập, Tỉnh Lâm Đồng",,2.0,1,0,0.0,0.0,553.9,1.6961721608559412,5.0,1,Moving,0,0,0,0,0,VALID,VALID
92H-02687,2026-08-14 18:44:00,550.5,74,-0.041666666666666664,,,"Cao tốc Phan Thiết - Dầu Giây, Xã Hàm Thuận Nam, Tỉnh Lâm Đồng",,2.0,1,0,-1.2000000000000455,-0.6000000000000227,551.7,1.5874507864066734,5.0,1,Moving,0,0,0,0,0,VALID,VALID
92H-02687,2026-08-14 18:46:00,549.3,73,-0.008333333333333333,,,"Cao tốc Phan Thiết - Dầu Giây, Xã Hàm Thuận Nam, Tỉnh Lâm Đồng",,2.0,1,0,-1.2000000000000455,-0.6000000000000227,551.7,1.7064583204003783,5.0,1,Moving,0,0,0,0,0,VALID,VALID
92H-02687,2026-08-14 18:48:00,546.7,73,0.0,,,"Cao tốc Phan Thiết - Dầu Giây, Xã Hàm Kiệm, Tỉnh Lâm Đồng",,2.0,1,0,-2.599999999999909,-1.2999999999999545,550.5,2.0861447694884863,5.0,1,Moving,0,0,0,0,0,VALID,VALID
92H-02687,2026-08-14 18:50:00,546.7,77,0.03333333333333333,,,"Cao tốc Phan Thiết - Dầu Giây, Xã Hàm Kiệm, Tỉnh Lâm Đồng",,2.0,1,0,0.0,0.0,549.3,2.2476654553701745,5.0,1,Moving,0,0,0,0,0,VALID,VALID
92H-02687,2026-08-14 18:52:00,546.5,68,-0.075,,,"Cao tốc Phan Thiết - Dầu Giây, Xã Hàm Kiệm, Tỉnh Lâm Đồng",,2.0,1,0,-0.20000000000004547,-0.10000000000002274,546.7,1.840652058175233,5.0,1,Moving,0,0,0,0,0,VALID,VALID
92H-02687,2026-08-14 18:54:00,546.4,62,-0.05,,,"Cao tốc Vĩnh Hảo-Phan Thiết, Xã Hàm Kiệm, Tỉnh Lâm Đồng",,2.0,1,0,-0.10000000000002274,-0.05000000000001137,546.7,1.2255610956884364,5.0,1,Moving,0,0,0,0,0,VALID,VALID
92H-02687,2026-08-14 18:56:00,545.3,71,0.075,,,"Cao tốc Vĩnh Hảo-Phan Thiết, Xã Hàm Kiệm, Tỉnh Lâm Đồng",,2.0,1,0,-1.1000000000000227,-0.5500000000000114,546.5,0.5848076600604534,5.0,1,Moving,0,0,0,0,0,VALID,VALID
92H-02687,2026-08-14 18:58:00,545.2,70,-0.008333333333333333,,,"Cao tốc Vĩnh Hảo-Phan Thiết, Xã Hàm Thạnh, Tỉnh Lâm Đồng",,2.0,1,0,-0.09999999999990905,-0.049999999999954525,546.4,0.7120393242408996,5.0,1,Moving,0,0,0,0,0,VALID,VALID
92H-02687,2026-08-14 19:00:00,545.1,71,0.008333333333333333,,,"Cao tốc Vĩnh Hảo-Phan Thiết, Phường Bình Thuận, Tỉnh Lâm Đồng",,2.0,1,0,-0.10000000000002274,-0.05000000000001137,545.3,0.6892024370716529,5.0,1,Moving,0,0,0,0,0,VALID,VALID
92H-02687,2026-08-14 19:02:00,544.0,69,-0.016666666666666666,,,"Cao tốc Vĩnh Hảo-Phan Thiết, Xã Hàm Liêm, Tỉnh Lâm Đồng",,2.0,1,0,-1.1000000000000227,-0.5500000000000114,545.2,0.8514693178651352,5.0,1,Moving,0,0,0,0,0,VALID,VALID
92H-02687,2026-08-14 19:04:00,543.7,72,0.025,,,"Cao tốc Vĩnh Hảo-Phan Thiết, Xã Hàm Liêm, Tỉnh Lâm Đồng",,2.0,1,0,-0.2999999999999545,-0.14999999999997726,545.1,0.7503332588030058,5.0,1,Moving,0,0,0,0,0,VALID,VALID
92H-02687,2026-08-14 19:06:00,542.6,76,0.03333333333333333,,,"Cao tốc Vĩnh Hảo-Phan Thiết, Xã Hàm Liêm, Tỉnh Lâm Đồng",,2.0,1,0,-1.1000000000000227,-0.5500000000000114,544.0,1.0756393444208925,5.0,1,Moving,0,0,0,0,0,VALID,VALID
92H-02687,2026-08-14 19:08:00,541.5,67,-0.075,,,"Cao tốc Vĩnh Hảo-Phan Thiết, Xã Hàm Liêm, Tỉnh Lâm Đồng",,2.0,1,0,-1.1000000000000227,-0.5500000000000114,543.7,1.3773162306698392,5.0,1,Moving,0,0,0,0,0,VALID,VALID
92H-02687,2026-08-14 19:10:00,539.5,78,0.09166666666666666,,,"Cao tốc Vĩnh Hảo-Phan Thiết, Xã Hàm Thuận, Tỉnh Lâm Đồng",,2.0,1,0,-2.0,-1.0,542.6,1.8311198757228226,5.0,1,Moving,0,0,0,0,0,VALID,VALID
92H-02687,2026-08-14 19:12:00,538.0,74,-0.03333333333333333,,,"Cao tốc Vĩnh Hảo-Phan Thiết, Xã Hàm Thuận, Tỉnh Lâm Đồng",,2.0,1,0,-1.5,-0.75,541.5,2.309328906688646,5.0,1,Moving,0,0,0,0,0,VALID,VALID
92H-02687,2026-08-14 19:14:00,537.9,67,-0.058333333333333334,,,"Cao tốc Vĩnh Hảo-Phan Thiết, Xã Hàm Thuận Bắc, Tỉnh Lâm Đồng",,2.0,1,0,-0.10000000000002274,-0.05000000000001137,539.5,2.098809186007209,5.0,1,Moving,0,0,0,0,0,VALID,VALID
92H-02687,2026-08-14 19:16:00,537.6,71,0.03333333333333333,,,"Cao tốc Vĩnh Hảo-Phan Thiết, Xã Hàm Thuận Bắc, Tỉnh Lâm Đồng",,2.0,1,0,-0.2999999999999545,-0.14999999999997726,538.0,1.6294170734556264,5.0,1,Moving,0,0,0,0,0,VALID,VALID
92H-02687,2026-08-14 19:18:00,537.3,66,-0.041666666666666664,,,"Cao tốc Vĩnh Hảo-Phan Thiết, Xã Hàm Thuận Bắc, Tỉnh Lâm Đồng",,2.0,1,0,-0.3000000000000682,-0.1500000000000341,537.9,0.8502940663494695,5.0,1,Moving,0,0,0,0,0,VALID,VALID
92H-02687,2026-08-14 19:20:00,535.7,72,0.05,,,"Cao tốc Vĩnh Hảo-Phan Thiết, Xã Hàm Thuận Bắc, Tỉnh Lâm Đồng",,2.0,1,0,-1.599999999999909,-0.7999999999999545,537.6,0.9354143463029905,5.0,1,Moving,0,0,0,0,0,VALID,VALID
92H-02687,2026-08-14 19:22:00,535.4,65,-0.058333333333333334,,,"Cao tốc Vĩnh Hảo-Phan Thiết, Xã Hồng Sơn, Tỉnh Lâm Đồng",,2.0,1,0,-0.3000000000000682,-0.1500000000000341,537.3,1.1476062039174035,5.0,1,Moving,0,0,0,0,0,VALID,VALID
92H-02687,2026-08-14 19:24:00,533.2,70,0.041666666666666664,,,"Cao tốc Vĩnh Hảo-Phan Thiết, Xã Hồng Sơn, Tỉnh Lâm Đồng",,2.0,1,0,-2.199999999999932,-1.099999999999966,535.7,1.761533422694575,5.0,1,Moving,0,0,0,0,0,VALID,VALID
92H-02687,2026-08-14 19:26:00,532.1,62,-0.06666666666666667,,,"Cao tốc Vĩnh Hảo-Phan Thiết, Xã Hồng Sơn, Tỉnh Lâm Đồng",,2.0,1,0,-1.1000000000000227,-0.5500000000000114,535.4,2.076776347917708,5.0,1,Moving,0,0,0,0,0,VALID,VALID
92H-02687,2026-08-14 19:28:00,532.0,73,0.09166666666666666,,,"Cao tốc Vĩnh Hảo-Phan Thiết, Xã Sông Lũy, Tỉnh Lâm Đồng",,2.0,1,0,-0.10000000000002274,-0.05000000000001137,533.2,1.773978579146534,5.0,1,Moving,0,0,0,0,0,VALID,VALID
92H-02687,2026-08-14 19:30:00,530.7,71,-0.016666666666666666,,,"Cao tốc Vĩnh Hảo-Phan Thiết, Xã Sông Lũy, Tỉnh Lâm Đồng",,2.0,1,0,-1.2999999999999545,-0.6499999999999773,532.1,1.759829536992376,5.0,1,Moving,0,0,0,0,0,VALID,VALID
92H-02687,2026-08-14 19:32:00,530.4,69,-0.016666666666666666,,,"Cao tốc Vĩnh Hảo-Phan Thiết, Xã Sông Lũy, Tỉnh Lâm Đồng",,2.0,1,0,-0.3000000000000682,-0.1500000000000341,532.0,1.1388590778805976,5.0,1,Moving,0,0,0,0,0,VALID,VALID
92H-02687,2026-08-14 19:34:00,529.3,73,0.03333333333333333,,,"Cao tốc Vĩnh Hảo-Phan Thiết, Xã Sông Lũy, Tỉnh Lâm Đồng",,2.0,1,0,-1.1000000000000227,-0.5500000000000114,530.7,1.1726039396450858,5.0,1,Moving,0,0,0,0,0,VALID,VALID
92H-02687,2026-08-14 19:36:00,528.3,71,-0.016666666666666666,,,"Cao tốc Vĩnh Hảo-Phan Thiết, Xã Lương Sơn, Tỉnh Lâm Đồng",,2.0,1,0,-1.0,-0.5,530.4,1.4081903277864831,5.0,1,Moving,0,0,0,0,0,VALID,VALID
92H-02687,2026-08-14 19:38:00,528.0,72,0.008333333333333333,,,"Cao tốc Vĩnh Hảo-Phan Thiết, Xã Lương Sơn, Tỉnh Lâm Đồng",,2.0,1,0,-0.2999999999999545,-0.14999999999997726,529.3,1.2095453688356081,5.0,1,Moving,0,0,0,0,0,VALID,VALID
92H-02687,2026-08-14 19:40:00,527.7,72,0.0,,,"Cao tốc Vĩnh Hảo-Phan Thiết, Xã Lương Sơn, Tỉnh Lâm Đồng",,2.0,1,0,-0.2999999999999545,-0.14999999999997726,528.3,1.1058933037467409,5.0,1,Moving,0,0,0,0,0,VALID,VALID
92H-02687,2026-08-14 19:42:00,524.5,76,0.03333333333333333,,,"Cao tốc Vĩnh Hảo-Phan Thiết, Xã Lương Sơn, Tỉnh Lâm Đồng",,2.0,1,0,-3.2000000000000455,-1.6000000000000227,528.0,1.8132843128623024,5.0,1,Moving,0,0,0,0,0,VALID,VALID
92H-02687,2026-08-14 19:44:00,522.3,71,-0.041666666666666664,,,"Cao tốc Vĩnh Hảo-Phan Thiết, Xã Lương Sơn, Tỉnh Lâm Đồng",,2.0,1,0,-2.2000000000000455,-1.1000000000000227,527.7,2.645373319452909,5.0,1,Moving,0,0,0,0,0,VALID,VALID
92H-02687,2026-08-14 19:46:00,522.6,72,0.008333333333333333,,,"Cao tốc Vĩnh Hảo-Phan Thiết, Xã Hồng Thái, Tỉnh Lâm Đồng",,2.0,1,0,0.3000000000000682,0.1500000000000341,524.5,2.719742634749449,5.0,1,Moving,0,0,0,0,0,VALID,VALID
92H-02687,2026-08-14 19:48:00,521.8,70,-0.016666666666666666,,,"Cao tốc Vĩnh Hảo-Phan Thiết, Xã Hải Ninh, Tỉnh Lâm Đồng",,2.0,1,0,-0.8000000000000682,-0.4000000000000341,522.6,2.4180570711367917,5.0,1,Moving,0,0,0,0,0,VALID,VALID
92H-02687,2026-08-14 19:50:00,521.5,74,0.03333333333333333,,,"Cao tốc Vĩnh Hảo-Phan Thiết, Xã Hải Ninh, Tỉnh Lâm Đồng",,2.0,1,0,-0.2999999999999545,-0.14999999999997726,522.3,1.176010203729148,5.0,1,Moving,0,0,0,0,0,VALID,VALID
92H-02687,2026-08-14 19:52:00,521.4,72,-0.016666666666666666,,,"Cao tốc Vĩnh Hảo-Phan Thiết, Xã Hải Ninh, Tỉnh Lâm Đồng",,2.0,1,0,-0.10000000000002274,-0.05000000000001137,521.8,0.5167204266093407,5.0,1,Moving,0,0,0,0,0,VALID,VALID
92H-02687,2026-08-14 19:54:00,520.5,74,0.016666666666666666,,,"Cao tốc Vĩnh Hảo-Phan Thiết, Xã Hải Ninh, Tỉnh Lâm Đồng",,2.0,1,0,-0.8999999999999773,-0.44999999999998863,521.5,0.7569676342324858,5.0,1,Moving,0,0,0,0,0,VALID,VALID
92H-02687,2026-08-14 19:56:00,520.2,78,0.03333333333333333,,,"Cao tốc Vĩnh Hảo-Phan Thiết, Xã Bắc Bình, Tỉnh Lâm Đồng",,2.0,1,0,-0.2999999999999545,-0.14999999999997726,521.4,0.6906518654689036,5.0,1,Moving,0,0,0,0,0,VALID,VALID
92H-02687,2026-08-14 19:58:00,519.9,76,-0.016666666666666666,,,"Cao tốc Vĩnh Hảo-Phan Thiết, Xã Bắc Bình, Tỉnh Lâm Đồng",,2.0,1,0,-0.3000000000000682,-0.1500000000000341,520.5,0.7176350042158322,5.0,1,Moving,0,0,0,0,0,VALID,VALID
92H-02687,2026-08-14 20:00:00,518.9,74,-0.016666666666666666,,,"Cao tốc Vĩnh Hảo-Phan Thiết, Xã Bắc Bình, Tỉnh Lâm Đồng",,2.0,1,0,-1.0,-0.5,520.2,0.9093954031531624,5.0,1,Moving,0,0,0,0,0,VALID,VALID
92H-02687,2026-08-14 20:02:00,518.6,73,-0.008333333333333333,,,"Cao tốc Vĩnh Hảo-Phan Thiết, Xã Bắc Bình, Tỉnh Lâm Đồng",,2.0,1,0,-0.2999999999999545,-0.14999999999997726,519.9,0.8288546309675625,5.0,1,Moving,0,0,0,0,0,VALID,VALID
92H-02687,2026-08-14 20:04:00,517.7,77,0.03333333333333333,,,"Cao tốc Vĩnh Hảo-Phan Thiết, Xã Tuy Phong, Tỉnh Lâm Đồng",,2.0,1,0,-0.8999999999999773,-0.44999999999998863,518.9,1.0114346243216628,5.0,1,Moving,0,0,0,0,0,VALID,VALID
92H-02687,2026-08-14 20:06:00,516.6,78,0.008333333333333333,,,"Cao tốc Vĩnh Hảo-Phan Thiết, Xã Tuy Phong, Tỉnh Lâm Đồng",,2.0,1,0,-1.1000000000000227,-0.5500000000000114,518.6,1.2501999837134552,5.0,1,Moving,0,0,0,0,0,VALID,VALID
92H-02687,2026-08-14 20:08:00,514.8,77,-0.008333333333333333,,,"Cao tốc Vĩnh Hảo-Phan Thiết, Xã Tuy Phong, Tỉnh Lâm Đồng",,2.0,1,0,-1.8000000000000682,-0.9000000000000341,517.7,1.6694310405877033,5.0,1,Moving,0,0,0,0,0,VALID,VALID
92H-02687,2026-08-14 20:10:00,514.6,72,-0.041666666666666664,,,"Cao tốc Vĩnh Hảo-Phan Thiết, Xã Liên Hương, Tỉnh Lâm Đồng",,2.0,1,0,-0.1999999999999318,-0.0999999999999659,516.6,1.7572706107136893,5.0,1,Moving,0,0,0,0,0,VALID,VALID
92H-02687,2026-08-14 20:12:00,514.5,44,-0.23333333333333334,,,"Cao tốc Vĩnh Hảo-Phan Thiết, Xã Liên Hương, Tỉnh Lâm Đồng",,2.0,1,0,-0.10000000000002274,-0.05000000000001137,514.8,1.4363147284903544,5.0,1,Moving,0,0,0,0,0,VALID,VALID
92H-02687,2026-08-14 20:14:00,514.5,65,0.175,,,"Cao tốc Vĩnh Hảo-Phan Thiết, Xã Vĩnh Hảo, Tỉnh Lâm Đồng",,2.0,1,0,0.0,0.0,514.6,0.9027735038637444,5.0,1,Moving,0,0,0,0,0,VALID,VALID
92H-02687,2026-08-14 20:16:00,511.3,72,0.058333333333333334,,,"Cao tốc Cam Lâm-Vĩnh Hảo, Xã Vĩnh Hảo, Tỉnh Lâm Đồng",,2.0,1,0,-3.1999999999999886,-1.5999999999999943,514.5,1.4808781176311003,5.0,1,Moving,0,0,0,0,0,VALID,VALID
92H-02687,2026-08-14 20:18:00,511.4,70,-0.016666666666666666,,,"Cao tốc Cam Lâm-Vĩnh Hảo, Xã Vĩnh Hảo, Tỉnh Lâm Đồng",,2.0,1,0,0.0999999999999659,0.04999999999998295,514.5,1.7444196740689568,5.0,1,Moving,0,0,0,0,0,VALID,VALID
92H-02687,2026-08-14 20:20:00,510.4,71,0.008333333333333333,,,"Cao tốc Cam Lâm-Vĩnh Hảo, Xã Vĩnh Hảo, Tỉnh Lâm Đồng",,2.0,1,0,-1.0,-0.5,511.4,1.93829822248259,5.0,1,Moving,0,0,0,0,0,VALID,VALID
92H-02687,2026-08-14 20:22:00,510.2,70,-0.008333333333333333,,,"Cao tốc Cam Lâm-Vĩnh Hảo, Xã Vĩnh Hảo, Tỉnh Lâm Đồng",,2.0,1,0,-0.19999999999998863,-0.09999999999999432,511.3,1.727136358044595,5.0,1,Moving,0,0,0,0,0,VALID,VALID
92H-02687,2026-08-14 20:24:00,510.1,43,-0.225,,,"Cao tốc Cam Lâm-Vĩnh Hảo, Xã Tuy Phong, Tỉnh Lâm Đồng",,2.0,1,0,-0.0999999999999659,-0.04999999999998295,510.4,0.622093240021077,5.0,1,Moving,0,0,0,0,0,VALID,VALID
92H-02687,2026-08-14 20:26:00,510.1,0,-0.35833333333333334,,,"Cao tốc Cam Lâm-Vĩnh Hảo, Xã Tuy Phong, Tỉnh Lâm Đồng",,2.0,1,0,0.0,0.0,510.2,0.5504543571269233,5.0,1,Stopped,0,0,0,0,0,VALID,VALID
92H-02687,2026-08-14 20:28:00,507.1,0,0.0,,,"Cao tốc Cam Lâm-Vĩnh Hảo, Xã Tuy Phong, Tỉnh Lâm Đồng",,2.0,1,0,-3.0,-1.5,510.1,1.3917614735580055,5.0,1,Stopped,0,0,0,0,0,VALID,VALID
92H-02687,2026-08-14 20:30:00,504.4,73,0.6083333333333333,,,"Cao tốc Cam Lâm-Vĩnh Hảo, Xã Phước Hà, Tỉnh Khánh Hòa",,2.0,1,0,-2.7000000000000455,-1.3500000000000227,510.1,2.5839891639248282,5.0,1,Moving,0,0,0,0,0,VALID,VALID
92H-02687,2026-08-14 20:32:00,502.9,72,-0.008333333333333333,,,"Cao tốc Cam Lâm-Vĩnh Hảo, Xã Phước Hà, Tỉnh Khánh Hòa",,2.0,1,0,-1.5,-0.75,507.1,3.2698623823154267,5.0,1,Moving,0,0,0,0,0,VALID,VALID
92H-02687,2026-08-14 20:34:00,502.7,79,0.058333333333333334,,,"Cao tốc Cam Lâm-Vĩnh Hảo, Xã Phước Hà, Tỉnh Khánh Hòa",,2.0,1,0,-0.19999999999998863,-0.09999999999999432,504.4,3.1429285705026726,5.0,1,Moving,0,0,0,0,0,VALID,VALID
92H-02687,2026-08-14 20:36:00,502.0,74,-0.041666666666666664,,,"Cao tốc Cam Lâm-Vĩnh Hảo, Xã Phước Hà, Tỉnh Khánh Hòa",,2.0,1,0,-0.6999999999999886,-0.3499999999999943,502.9,2.031501907280024,5.0,1,Moving,0,0,0,0,0,VALID,VALID
92H-02687,2026-08-14 20:38:00,502.2,75,0.008333333333333333,,,"Cao tốc Cam Lâm-Vĩnh Hảo, Xã Phước Hà, Tỉnh Khánh Hòa",,2.0,1,0,0.19999999999998863,0.09999999999999432,502.7,0.944986772014601,5.0,1,Moving,0,0,0,0,0,VALID,VALID
92H-02687,2026-08-14 20:40:00,502.2,75,0.0,,,"Cao tốc Cam Lâm-Vĩnh Hảo, Xã Phước Hữu, Tỉnh Khánh Hòa",,2.0,1,0,0.0,0.0,502.2,0.38078865435132203,5.0,1,Moving,0,0,0,0,0,VALID,VALID
92H-02687,2026-08-14 20:42:00,501.0,68,-0.058333333333333334,,,"Cao tốc Cam Lâm-Vĩnh Hảo, Xã Phước Hữu, Tỉnh Khánh Hòa",,2.0,1,0,-1.1999999999999886,-0.5999999999999943,502.2,0.6260990331271693,5.0,1,Moving,0,0,0,0,0,VALID,VALID
92H-02687,2026-08-14 20:44:00,500.8,69,0.008333333333333333,,,"Cao tốc Cam Lâm-Vĩnh Hảo, Xã Phước Hữu, Tỉnh Khánh Hòa",,2.0,1,0,-0.19999999999998863,-0.09999999999999432,502.0,0.6841052545353482,5.0,1,Moving,0,0,0,0,0,VALID,VALID
92H-02687,2026-08-14 20:46:00,499.4,77,0.06666666666666667,,,"Cao tốc Cam Lâm-Vĩnh Hảo, Xã Phước Hữu, Tỉnh Khánh Hòa",,2.0,1,0,-1.400000000000034,-0.700000000000017,501.0,1.1627553479915864,5.0,1,Moving,0,0,0,0,0,VALID,VALID
92H-02687,2026-08-14 20:48:00,496.7,46,-0.25833333333333336,,,"Cao tốc Cam Lâm-Vĩnh Hảo, Xã Phước Hậu, Tỉnh Khánh Hòa",,2.0,1,0,-2.6999999999999886,-1.3499999999999943,500.8,2.1052315785403164,5.0,1,Moving,0,0,0,0,0,VALID,VALID
92H-02687,2026-08-14 20:50:00,498.3,71,0.20833333333333334,,,"Cao tốc Cam Lâm-Vĩnh Hảo, Xã Phước Hậu, Tỉnh Khánh Hòa",,2.0,1,0,1.6000000000000227,0.8000000000000114,499.4,1.7952715670013737,5.0,1,Moving,0,0,0,0,0,VALID,VALID
92H-02687,2026-08-14 20:52:00,498.2,77,0.05,,,"Cao tốc Cam Lâm-Vĩnh Hảo, Xã Phước Hậu, Tỉnh Khánh Hòa",,2.0,1,0,-0.10000000000002274,-0.05000000000001137,498.3,1.5254507528215255,5.0,1,Moving,0,0,0,0,0,VALID,VALID
92H-02687,2026-08-14 20:54:00,497.3,67,-0.08333333333333333,,,"Cao tốc Cam Lâm-Vĩnh Hảo, Phường Đô Vinh, Tỉnh Khánh Hòa",,2.0,1,0,-0.8999999999999773,-0.44999999999998863,498.2,1.0329569203427373,5.0,1,Moving,0,0,0,0,0,VALID,VALID
92H-02687,2026-08-14 20:56:00,497.2,74,0.058333333333333334,,,"Cao tốc Cam Lâm-Vĩnh Hảo, Phường Đô Vinh, Tỉnh Khánh Hòa",,2.0,1,0,-0.10000000000002274,-0.05000000000001137,497.3,0.6877499540415253,5.0,1,Moving,0,0,0,0,0,VALID,VALID
92H-02687,2026-08-14 20:58:00,496.0,69,-0.041666666666666664,,,"Cao tốc Cam Lâm-Vĩnh Hảo, Phường Đô Vinh, Tỉnh Khánh Hòa",,2.0,1,0,-1.1999999999999886,-0.5999999999999943,497.3,0.9300537615020801,5.0,1,Moving,0,0,0,0,0,VALID,VALID
92H-02687,2026-08-14 21:00:00,494.8,66,-0.025,,,"Cao tốc Cam Lâm-Vĩnh Hảo, Xã Mỹ Sơn, Tỉnh Khánh Hòa",,2.0,1,0,-1.1999999999999886,-0.5999999999999943,497.2,1.3190905955560497,5.0,1,Moving,0,0,0,0,0,VALID,VALID
92H-02687,2026-08-14 21:02:00,493.6,69,0.025,,,"Cao tốc Cam Lâm-Vĩnh Hảo, Xã Mỹ Sơn, Tỉnh Khánh Hòa",,2.0,1,0,-1.1999999999999886,-0.5999999999999943,496.0,1.5880806022632494,5.0,1,Moving,0,0,0,0,0,VALID,VALID
92H-02687,2026-08-14 21:04:00,493.5,66,-0.025,,,"Cao tốc Cam Lâm-Vĩnh Hảo, Xã Mỹ Sơn, Tỉnh Khánh Hòa",,2.0,1,0,-0.10000000000002274,-0.05000000000001137,494.8,1.5880806022633702,5.0,1,Moving,0,0,0,0,0,VALID,VALID
92H-02687,2026-08-14 21:06:00,492.0,68,0.016666666666666666,,,"Cao tốc Cam Lâm-Vĩnh Hảo, Xã Thuận Bắc, Tỉnh Khánh Hòa",,2.0,1,0,-1.5,-0.75,493.6,1.5039946806041975,5.0,1,Moving,0,0,0,0,0,VALID,VALID
92H-02687,2026-08-14 21:08:00,491.7,68,0.0,,,"Cao tốc Cam Lâm-Vĩnh Hảo, Xã Thuận Bắc, Tỉnh Khánh Hòa",,2.0,1,0,-0.30000000000001137,-0.15000000000000568,493.5,1.271613148440257,5.0,1,Moving,0,0,0,0,0,VALID,VALID
92H-02687,2026-08-14 21:10:00,490.3,73,0.041666666666666664,,,"Cao tốc Cam Lâm-Vĩnh Hảo, Xã Thuận Bắc, Tỉnh Khánh Hòa",,2.0,1,0,-1.3999999999999773,-0.6999999999999886,492.0,1.3736811854599031,5.0,1,Moving,0,0,0,0,0,VALID,VALID
92H-02687,2026-08-14 21:12:00,490.1,70,-0.025,,,"Cao tốc Cam Lâm-Vĩnh Hảo, Xã Thuận Bắc, Tỉnh Khánh Hòa",,2.0,1,0,-0.19999999999998863,-0.09999999999999432,491.7,1.3863621457926594,5.0,1,Moving,0,0,0,0,0,VALID,VALID
92H-02687,2026-08-14 21:14:00,488.5,74,0.03333333333333333,,,"Cao tốc Cam Lâm-Vĩnh Hảo, Xã Thuận Bắc, Tỉnh Khánh Hòa",,2.0,1,0,-1.6000000000000227,-0.8000000000000114,490.3,1.4042791742696141,5.0,1,Moving,0,0,0,0,0,VALID,VALID
92H-02687,2026-08-14 21:16:00,487.2,73,-0.008333333333333333,,,"Cao tốc Cam Lâm-Vĩnh Hảo, Xã Công Hải, Tỉnh Khánh Hòa",,2.0,1,0,-1.3000000000000114,-0.6500000000000057,490.1,1.7401149385278785,5.0,1,Moving,0,0,0,0,0,VALID,VALID
92H-02687,2026-08-14 21:18:00,487.2,46,-0.225,,,"Xã Công Hải, Tỉnh Khánh Hòa",,2.0,1,0,0.0,0.0,488.5,1.5043270918548466,5.0,1,Moving,0,0,0,0,0,VALID,VALID
92H-02687,2026-08-14 21:20:00,488.3,60,0.11666666666666667,,,"Cao tốc Cam Lâm-Vĩnh Hảo, Xã Công Hải, Tỉnh Khánh Hòa",,2.0,1,0,1.1000000000000227,0.5500000000000114,488.3,1.192895636377597,5.0,1,Moving,0,0,0,0,0,VALID,VALID
92H-02687,2026-08-14 21:22:00,486.7,72,0.1,,,"Cao tốc Cam Lâm-Vĩnh Hảo, Xã Nam Cam Ranh, Tỉnh Khánh Hòa",,2.0,1,0,-1.6000000000000227,-0.8000000000000114,487.2,0.7791020467751103,5.0,1,Moving,0,0,0,0,0,VALID,VALID
92H-02687,2026-08-14 21:24:00,481.7,70,-0.016666666666666666,,,"Cao tốc Cam Lâm-Vĩnh Hảo, Xã Nam Cam Ranh, Tỉnh Khánh Hòa",,2.0,1,0,-5.0,-2.5,487.2,2.593646082118801,5.0,1,Moving,0,0,0,0,0,VALID,VALID
92H-02687,2026-08-14 21:26:00,482.8,72,0.016666666666666666,,,"Cao tốc Cam Lâm-Vĩnh Hảo, Xã Nam Cam Ranh, Tỉnh Khánh Hòa",,2.0,1,0,1.1000000000000227,0.5500000000000114,486.7,2.9056840845644016,5.0,1,Moving,0,0,0,0,0,VALID,VALID
92H-02687,2026-08-14 21:28:00,481.9,58,-0.11666666666666667,,,"Cao tốc Nha Trang-Cam Lâm, Xã Nam Cam Ranh, Tỉnh Khánh Hòa",,2.0,1,0,-0.9000000000000341,-0.45000000000001705,482.8,3.0219199194041764,5.0,1,Moving,0,0,0,0,0,VALID,VALID
92H-02687,2026-08-14 21:30:00,482.9,56,-0.016666666666666666,,,"Cao tốc Nha Trang-Cam Lâm, Phường Ba Ngòi, Tỉnh Khánh Hòa",,2.0,1,0,1.0,0.5,482.8,2.027313493096849,5.0,1,Moving,0,0,0,0,0,VALID,VALID
92H-02687,2026-08-14 21:32:00,480.1,70,0.11666666666666667,,,"Cao tốc Nha Trang-Cam Lâm, Phường Ba Ngòi, Tỉnh Khánh Hòa",,2.0,1,0,-2.7999999999999545,-1.3999999999999773,481.9,1.1278297740764947,5.0,1,Moving,0,0,0,0,0,VALID,VALID
92H-02687,2026-08-14 21:34:00,480.1,72,0.016666666666666666,,,"Cao tốc Nha Trang-Cam Lâm, Phường Ba Ngòi, Tỉnh Khánh Hòa",,2.0,1,0,0.0,0.0,481.9,1.3885243963624279,5.0,1,Moving,0,0,0,0,0,VALID,VALID
92H-02687,2026-08-14 21:36:00,480.1,76,0.03333333333333333,,,"Cao tốc Nha Trang-Cam Lâm, Xã Cam An, Tỉnh Khánh Hòa",,2.0,1,0,0.0,0.0,480.1,1.3084341784339009,5.0,1,Moving,0,0,0,0,0,VALID,VALID
92H-02687,2026-08-14 21:38:00,479.7,67,-0.075,,,"Cao tốc Nha Trang-Cam Lâm, Xã Cam An, Tỉnh Khánh Hòa",,2.0,1,0,-0.4000000000000341,-0.20000000000001705,480.1,1.3084341784340225,5.0,1,Moving,0,0,0,0,0,VALID,VALID
92H-02687,2026-08-14 21:40:00,479.5,65,-0.016666666666666666,,,"Cao tốc Nha Trang-Cam Lâm, Xã Cam An, Tỉnh Khánh Hòa",,2.0,1,0,-0.19999999999998863,-0.09999999999999432,480.1,0.28284271122799776,5.0,1,Moving,0,0,0,0,0,VALID,VALID
92H-02687,2026-08-14 21:42:00,477.6,77,0.1,,,"Cao tốc Nha Trang-Cam Lâm, Xã Cam An, Tỉnh Khánh Hòa",,2.0,1,0,-1.8999999999999773,-0.9499999999999886,479.7,1.0392304842021793,5.0,1,Moving,0,0,0,0,0,VALID,VALID
92H-02687,2026-08-14 21:44:00,474.1,67,-0.08333333333333333,,,"Cao tốc Nha Trang-Cam Lâm, Xã Cam Hiệp, Tỉnh Khánh Hòa",,2.0,1,0,-3.5,-1.75,479.5,2.485960578789577,5.0,1,Moving,0,0,0,0,0,VALID,VALID
92H-02687,2026-08-14 21:46:00,475.0,71,0.03333333333333333,,,"Cao tốc Nha Trang-Cam Lâm, Xã Cam Hiệp, Tỉnh Khánh Hòa",,2.0,1,0,0.8999999999999773,0.44999999999998863,477.6,2.556755756676127,5.0,1,Moving,0,0,0,0,0,VALID,VALID
92H-02687,2026-08-14 21:48:00,474.1,73,0.016666666666666666,,,"Cao tốc Nha Trang-Cam Lâm, Xã Cam Hiệp, Tỉnh Khánh Hòa",,2.0,1,0,-0.8999999999999773,-0.44999999999998863,475.0,2.398541223180729,5.0,1,Moving,0,0,0,0,0,VALID,VALID
92H-02687,2026-08-14 21:50:00,472.9,74,0.008333333333333333,,,"Cao tốc Nha Trang-Cam Lâm, Xã Cam Hiệp, Tỉnh Khánh Hòa",,2.0,1,0,-1.2000000000000455,-0.6000000000000227,474.1,1.7643695755986943,5.0,1,Moving,0,0,0,0,0,VALID,VALID
92H-02687,2026-08-14 21:52:00,472.6,66,-0.06666666666666667,,,"Cao tốc Nha Trang-Cam Lâm, Xã Cam Hiệp, Tỉnh Khánh Hòa",,2.0,1,0,-0.2999999999999545,-0.14999999999997726,474.1,0.9813256336706011,5.0,1,Moving,0,0,0,0,0,VALID,VALID
92H-02687,2026-08-14 21:54:00,472.8,59,-0.058333333333333334,,,"Cao tốc Nha Trang-Cam Lâm, Xã Cam Hiệp, Tỉnh Khánh Hòa",,2.0,1,0,0.19999999999998863,0.09999999999999432,472.9,1.0329569203501145,5.0,1,Moving,0,0,0,0,0,VALID,VALID
92H-02687,2026-08-14 21:56:00,472.6,71,0.1,,,"Cao tốc Nha Trang-Cam Lâm, Xã Cam Hiệp, Tỉnh Khánh Hòa",,2.0,1,0,-0.19999999999998863,-0.09999999999999432,472.8,0.6284902539415719,5.0,1,Moving,0,0,0,0,0,VALID,VALID
92H-02687,2026-08-14 21:58:00,470.1,76,0.041666666666666664,,,"Cao tốc Nha Trang-Cam Lâm, Xã Cam Hiệp, Tỉnh Khánh Hòa",,2.0,1,0,-2.5,-1.25,472.6,1.181101180805467,5.0,1,Moving,0,0,0,0,0,VALID,VALID
92H-02687,2026-08-14 22:00:00,469.8,70,-0.05,,,"Cao tốc Nha Trang-Cam Lâm, Xã Suối Dầu, Tỉnh Khánh Hòa",,2.0,1,0,-0.30000000000001137,-0.15000000000000568,472.6,1.4939879515245336,5.0,1,Moving,0,0,0,0,0,VALID,VALID
92H-02687,2026-08-14 22:02:00,467.8,73,0.025,,,"Cao tốc Nha Trang-Cam Lâm, Xã Suối Hiệp, Tỉnh Khánh Hòa",,2.0,1,0,-2.0,-1.0,470.1,2.0957099034220117,5.0,1,Moving,0,0,0,0,0,VALID,VALID
92H-02687,2026-08-14 22:04:00,469.1,73,0.0,,,"Cao tốc Nha Trang-Cam Lâm, Xã Suối Hiệp, Tỉnh Khánh Hòa",,2.0,1,0,1.3000000000000114,0.6500000000000057,469.8,1.7598295370011376,5.0,1,Moving,0,0,0,0,0,VALID,VALID
92H-02687,2026-08-14 22:06:00,467.8,72,-0.008333333333333333,,,"Cao tốc Nha Trang-Cam Lâm, Xã Diên Lạc, Tỉnh Khánh Hòa",,2.0,1,0,-1.3000000000000114,-0.6500000000000057,469.1,1.084896308087717,5.0,1,Moving,0,0,0,0,0,VALID,VALID
92H-02687,2026-08-14 22:08:00,467.5,55,-0.14166666666666666,,,"Cao tốc Vân Phong-Nha Trang, Xã Diên Thọ, Tỉnh Khánh Hòa",,2.0,1,0,-0.30000000000001137,-0.15000000000000568,467.8,0.9974968668134776,5.0,1,Moving,0,0,0,0,0,VALID,VALID
92H-02687,2026-08-14 22:10:00,466.6,74,0.15833333333333333,,,"Cao tốc Vân Phong-Nha Trang, Xã Diên Thọ, Tỉnh Khánh Hòa",,2.0,1,0,-0.8999999999999773,-0.44999999999998863,467.8,0.8961026722999232,5.0,1,Moving,0,0,0,0,0,VALID,VALID
92H-02687,2026-08-14 22:12:00,465.4,69,-0.041666666666666664,,,"Cao tốc Vân Phong-Nha Trang, Xã Diên Thọ, Tỉnh Khánh Hòa",,2.0,1,0,-1.2000000000000455,-0.6000000000000227,467.5,1.3809417074240837,5.0,1,Moving,0,0,0,0,0,VALID,VALID
92H-02687,2026-08-14 22:14:00,465.4,74,0.041666666666666664,,,"Cao tốc Vân Phong-Nha Trang, Xã Diên Lâm, Tỉnh Khánh Hòa",,2.0,1,0,0.0,0.0,466.6,1.13048662057705,5.0,1,Moving,0,0,0,0,0,VALID,VALID
92H-02687,2026-08-14 22:16:00,464.1,67,-0.058333333333333334,,,"Cao tốc Vân Phong-Nha Trang, Xã Diên Lâm, Tỉnh Khánh Hòa",,2.0,1,0,-1.2999999999999545,-0.6499999999999773,465.4,1.2980754983066456,5.0,1,Moving,0,0,0,0,0,VALID,VALID
92H-02687,2026-08-14 22:18:00,463.2,77,0.08333333333333333,,,"Cao tốc Vân Phong-Nha Trang, Xã Diên Lâm, Tỉnh Khánh Hòa",,2.0,1,0,-0.9000000000000341,-0.45000000000001705,465.4,1.3145341377478337,5.0,1,Moving,0,0,0,0,0,VALID,VALID
92H-02687,2026-08-14 22:20:00,462.9,76,-0.008333333333333333,,,"Cao tốc Vân Phong-Nha Trang, Xã Bắc Khánh Vĩnh, Tỉnh Khánh Hòa",,2.0,1,0,-0.30000000000001137,-0.15000000000000568,464.1,1.1811011808074445,5.0,1,Moving,0,0,0,0,0,VALID,VALID
92H-02687,2026-08-14 22:22:00,461.9,70,-0.05,,,"Cao tốc Vân Phong-Nha Trang, Xã Bắc Khánh Vĩnh, Tỉnh Khánh Hòa",,2.0,1,0,-1.0,-0.5,463.2,1.3209844810992533,5.0,1,Moving,0,0,0,0,0,VALID,VALID
92H-02687,2026-08-14 22:24:00,461.0,72,0.016666666666666666,,,"Cao tốc Vân Phong-Nha Trang, Xã Bắc Khánh Vĩnh, Tỉnh Khánh Hòa",,2.0,1,0,-0.8999999999999773,-0.44999999999998863,462.9,1.198749347989586,5.0,1,Moving,0,0,0,0,0,VALID,VALID
92H-02687,2026-08-14 22:26:00,460.3,76,0.03333333333333333,,,"Cao tốc Vân Phong-Nha Trang, Xã Nam Ninh Hòa, Tỉnh Khánh Hòa",,2.0,1,0,-0.6999999999999886,-0.3499999999999943,461.9,1.2300406494525993,5.0,1,Moving,0,0,0,0,0,VALID,VALID
92H-02687,2026-08-14 22:28:00,458.2,76,0.0,,,"Cao tốc Vân Phong-Nha Trang, Xã Nam Ninh Hòa, Tỉnh Khánh Hòa",,2.0,1,0,-2.1000000000000227,-1.0500000000000114,461.0,1.7784824990160102,5.0,1,Moving,0,0,0,0,0,VALID,VALID
92H-02687,2026-08-14 22:30:00,456.8,62,-0.11666666666666667,,,"Cao tốc Vân Phong-Nha Trang, Xã Nam Ninh Hòa, Tỉnh Khánh Hòa",,2.0,1,0,-1.3999999999999773,-0.6999999999999886,460.3,2.093561558518606,5.0,1,Moving,0,0,0,0,0,VALID,VALID
92H-02687,2026-08-14 22:32:00,456.0,76,0.11666666666666667,,,"Cao tốc Vân Phong-Nha Trang, Xã Nam Ninh Hòa, Tỉnh Khánh Hòa",,2.0,1,0,-0.8000000000000114,-0.4000000000000057,458.2,2.162868465558531,5.0,1,Moving,0,0,0,0,0,VALID,VALID
92H-02687,2026-08-14 22:34:00,455.7,66,-0.08333333333333333,,,"Cao tốc Vân Phong-Nha Trang, Xã Tân Định, Tỉnh Khánh Hòa",,2.0,1,0,-0.30000000000001137,-0.15000000000000568,456.8,1.8881207586666926,5.0,1,Moving,0,0,0,0,0,VALID,VALID
92H-02687,2026-08-14 22:36:00,452.5,11,-0.4583333333333333,,,"Xã Tân Định, Tỉnh Khánh Hòa",,2.0,1,0,-3.1999999999999886,-1.5999999999999943,456.0,2.1030929602157005,5.0,1,Moving,0,0,0,0,0,VALID,VALID
92H-02687,2026-08-14 22:38:00,452.4,0,-0.09166666666666666,,,"Cao tốc Vân Phong-Nha Trang, Xã Tân Định, Tỉnh Khánh Hòa",,2.0,1,0,-0.10000000000002274,-0.05000000000001137,455.7,2.075331298686892,5.0,1,Stopped,0,0,0,0,0,VALID,VALID
92H-02687,2026-08-14 22:40:00,452.2,0,0.0,,,"Cao tốc Vân Phong-Nha Trang, Xã Tân Định, Tỉnh Khánh Hòa",,2.0,1,0,-0.19999999999998863,-0.09999999999999432,452.5,1.9138965487480775,5.0,1,Stopped,0,0,0,0,0,VALID,VALID
92H-02687,2026-08-14 22:42:00,452.1,0,0.0,,,"Cao tốc Vân Phong-Nha Trang, Xã Tân Định, Tỉnh Khánh Hòa",,2.0,1,0,-0.0999999999999659,-0.04999999999998295,452.4,1.5287249586862002,5.0,1,Stopped,0,0,0,0,0,VALID,VALID
92H-02687,2026-08-14 22:45:00,452.1,0,0.0,,,"Cao tốc Vân Phong-Nha Trang, Xã Tân Định, Tỉnh Khánh Hòa",,3.0,1,0,0.0,0.0,452.2,0.18165901934801704,5.0,1,Stopped,0,0,0,0,0,VALID,VALID
92H-02687,2026-08-14 22:47:00,452.1,0,0.0,,,"Cao tốc Vân Phong-Nha Trang, Xã Tân Định, Tỉnh Khánh Hòa",,2.0,1,0,0.0,0.0,452.1,0.13038404546004187,5.0,1,Stopped,0,0,0,0,0,VALID,VALID
92H-02687,2026-08-14 22:49:00,451.9,0,0.0,,,"Cao tốc Vân Phong-Nha Trang, Xã Tân Định, Tỉnh Khánh Hòa",,2.0,1,0,-0.20000000000004547,-0.10000000000002274,452.1,0.10954450835431137,5.0,1,Stopped,0,0,0,0,0,VALID,VALID
92H-02687,2026-08-14 22:51:00,451.9,0,0.0,,,"Cao tốc Vân Phong-Nha Trang, Xã Tân Định, Tỉnh Khánh Hòa",,2.0,1,0,0.0,0.0,452.1,0.10954450835447482,5.0,1,Stopped,0,0,0,0,0,VALID,VALID
92H-02687,2026-08-14 22:54:00,451.9,0,0.0,,,"Cao tốc Vân Phong-Nha Trang, Xã Tân Định, Tỉnh Khánh Hòa",,3.0,1,0,0.0,0.0,451.9,0.10954450835456174,5.0,1,Stopped,0,0,0,0,0,VALID,VALID
92H-02687,2026-08-14 22:56:00,451.9,0,0.0,,,"Cao tốc Vân Phong-Nha Trang, Xã Tân Định, Tỉnh Khánh Hòa",,2.0,1,0,0.0,0.0,451.9,0.08944271524646065,5.0,1,Stopped,0,0,0,0,0,VALID,VALID
92H-02687,2026-08-14 22:58:00,453.5,66,0.55,,,"Cao tốc Vân Phong-Nha Trang, Xã Tân Định, Tỉnh Khánh Hòa",,2.0,1,0,1.6000000000000227,0.8000000000000114,451.9,0.7155417523181663,5.0,1,Moving,0,0,0,0,0,VALID,VALID
92H-02687,2026-08-14 23:00:00,453.5,68,0.016666666666666666,,,"Cao tốc Vân Phong-Nha Trang, Xã Tân Định, Tỉnh Khánh Hòa",,2.0,1,0,0.0,0.0,451.9,0.8763560916148386,5.0,1,Moving,0,0,0,0,0,VALID,VALID
92H-02687,2026-08-14 23:02:00,453.2,72,0.03333333333333333,,,"Cao tốc Vân Phong-Nha Trang, Xã Hòa Trí, Tỉnh Khánh Hòa",,2.0,1,0,-0.30000000000001137,-0.15000000000000568,453.2,0.8306623858766814,5.0,1,Moving,0,0,0,0,0,VALID,VALID
92H-02687,2026-08-14 23:04:00,452.4,76,0.03333333333333333,,,"Cao tốc Vân Phong-Nha Trang, Xã Hòa Trí, Tỉnh Khánh Hòa",,2.0,1,0,-0.8000000000000114,-0.4000000000000057,453.2,0.7176350042398293,5.0,1,Moving,0,0,0,0,0,VALID,VALID
92H-02687,2026-08-14 23:06:00,452.2,67,-0.075,,,"Cao tốc Vân Phong-Nha Trang, Xã Hòa Trí, Tỉnh Khánh Hòa",,2.0,1,0,-0.19999999999998863,-0.09999999999999432,453.2,0.6188699373133907,5.0,1,Moving,0,0,0,0,0,VALID,VALID
92H-02687,2026-08-14 23:08:00,450.9,73,0.05,,,"Cao tốc Vân Phong-Nha Trang, Xã Bắc Ninh Hòa, Tỉnh Khánh Hòa",,2.0,1,0,-1.3000000000000114,-0.6500000000000057,452.4,1.0163660754425028,5.0,1,Moving,0,0,0,0,0,VALID,VALID
92H-02687,2026-08-14 23:10:00,449.9,75,0.016666666666666666,,,"Cao tốc Vân Phong-Nha Trang, Xã Bắc Ninh Hòa, Tỉnh Khánh Hòa",,2.0,1,0,-1.0,-0.5,452.2,1.3103434661608768,5.0,1,Moving,0,0,0,0,0,VALID,VALID
92H-02687,2026-08-14 23:12:00,449.0,74,-0.008333333333333333,,,"Cao tốc Vân Phong-Nha Trang, Xã Vạn Hưng, Tỉnh Khánh Hòa",,2.0,1,0,-0.8999999999999773,-0.44999999999998863,450.9,1.4618481450925536,5.0,1,Moving,0,0,0,0,0,VALID,VALID
92H-02687,2026-08-14 23:14:00,448.8,75,0.008333333333333333,,,"Cao tốc Vân Phong-Nha Trang, Xã Vạn Hưng, Tỉnh Khánh Hòa",,2.0,1,0,-0.19999999999998863,-0.09999999999999432,449.9,1.4117365190822821,5.0,1,Moving,0,0,0,0,0,VALID,VALID
92H-02687,2026-08-14 23:16:00,447.8,77,0.016666666666666666,,,"Cao tốc Vân Phong-Nha Trang, Xã Vạn Hưng, Tỉnh Khánh Hòa",,2.0,1,0,-1.0,-0.5,449.0,1.1734564326427388,5.0,1,Moving,0,0,0,0,0,VALID,VALID
92H-02687,2026-08-14 23:18:00,446.6,71,-0.05,,,"Cao tốc Vân Phong-Nha Trang, Xã Vạn Ninh, Tỉnh Khánh Hòa",,2.0,1,0,-1.1999999999999886,-0.5999999999999943,448.8,1.2617448233738568,5.0,1,Moving,0,0,0,0,0,VALID,VALID
92H-02687,2026-08-14 23:20:00,446.5,75,0.03333333333333333,,,"Cao tốc Vân Phong-Nha Trang, Xã Vạn Ninh, Tỉnh Khánh Hòa",,2.0,1,0,-0.10000000000002274,-0.05000000000001137,447.8,1.178134117709376,5.0,1,Moving,0,0,0,0,0,VALID,VALID
92H-02687,2026-08-14 23:22:00,446.2,75,0.0,,,"Cao tốc Vân Phong-Nha Trang, Xã Vạn Ninh, Tỉnh Khánh Hòa",,2.0,1,0,-0.30000000000001137,-0.15000000000000568,446.6,1.0917875248009292,5.0,1,Moving,0,0,0,0,0,VALID,VALID
92H-02687,2026-08-14 23:24:00,445.9,75,0.0,,,"Cao tốc Vân Phong-Nha Trang, Xã Vạn Ninh, Tỉnh Khánh Hòa",,2.0,1,0,-0.30000000000001137,-0.15000000000000568,446.5,0.7245688368340449,5.0,1,Moving,0,0,0,0,0,VALID,VALID
92H-02687,2026-08-14 23:26:00,445.0,71,-0.03333333333333333,,,"Cao tốc Vân Phong-Nha Trang, Xã Vạn Thắng, Tỉnh Khánh Hòa",,2.0,1,0,-0.8999999999999773,-0.44999999999998863,446.2,0.6426507599864224,5.0,1,Moving,0,0,0,0,0,VALID,VALID
92H-02687,2026-08-14 23:28:00,444.7,73,0.016666666666666666,,,"Xã Vạn Thắng, Tỉnh Khánh Hòa",,2.0,1,0,-0.30000000000001137,-0.15000000000000568,445.9,0.7765307458891747,5.0,1,Moving,0,0,0,0,0,VALID,VALID
92H-02687,2026-08-14 23:30:00,443.5,71,-0.016666666666666666,,,"Cao tốc Vân Phong-Nha Trang, Xã Tu Bông, Tỉnh Khánh Hòa",,2.0,1,0,-1.1999999999999886,-0.5999999999999943,445.0,1.0691117805502424,5.0,1,Moving,0,0,0,0,0,VALID,VALID
92H-02687,2026-08-14 23:32:00,442.5,71,0.0,,,"Cao tốc Vân Phong-Nha Trang, Xã Tu Bông, Tỉnh Khánh Hòa",,2.0,1,0,-1.0,-0.5,444.7,1.331164903124866,5.0,1,Moving,0,0,0,0,0,VALID,VALID
92H-02687,2026-08-14 23:34:00,440.7,40,-0.25833333333333336,,,"Cao tốc Vân Phong-Nha Trang, Xã Tu Bông, Tỉnh Khánh Hòa",,2.0,1,0,-1.8000000000000114,-0.9000000000000057,443.5,1.7527121838201474,5.0,1,Moving,0,0,0,0,0,VALID,VALID
92H-02687,2026-08-14 23:36:00,440.6,61,0.175,,,"Cao tốc Vân Phong-Nha Trang, Xã Tu Bông, Tỉnh Khánh Hòa",,2.0,1,0,-0.0999999999999659,-0.04999999999998295,442.5,1.7776388832694963,5.0,1,Moving,0,0,0,0,0,VALID,VALID
92H-02687,2026-08-14 23:38:00,440.3,69,0.06666666666666667,,,"Cao tốc Vân Phong-Nha Trang, Xã Đại Lãnh, Tỉnh Khánh Hòa",,2.0,1,0,-0.30000000000001137,-0.15000000000000568,440.7,1.4042791742782872,5.0,1,Moving,0,0,0,0,0,VALID,VALID
92H-02687,2026-08-14 23:40:00,437.2,60,-0.075,,,"Đường dẫn Hầm Cổ Mã, Xã Đại Lãnh, Tỉnh Khánh Hòa",,2.0,1,0,-3.1000000000000227,-1.5500000000000114,440.6,1.91650723956677,5.0,1,Moving,0,0,0,0,0,VALID,VALID
92H-02687,2026-08-14 23:42:00,437.2,63,0.025,,,"Đường dẫn Hầm Đèo Cả, Xã Đại Lãnh, Tỉnh Khánh Hòa",,2.0,1,0,0.0,0.0,440.3,1.831665908213603,5.0,1,Moving,0,0,0,0,0,VALID,VALID
92H-02687,2026-08-14 23:44:00,437.1,58,-0.041666666666666664,,,"Đường dẫn Hầm Đèo Cả, Xã Đại Lãnh, Tỉnh Khánh Hòa",,2.0,1,0,-0.0999999999999659,-0.04999999999998295,437.2,1.8019433951464783,5.0,1,Moving,0,0,0,0,0,VALID,VALID
92H-02687,2026-08-14 23:46:00,437.1,0,-0.48333333333333334,,,"Đường dẫn Hầm Đèo Cả, Xã Đại Lãnh, Tỉnh Khánh Hòa",,2.0,1,0,0.0,0.0,437.2,1.4096098748632655,5.0,1,Stopped,0,0,0,0,0,VALID,VALID
92H-02687,2026-08-14 23:48:00,436.9,0,0.0,,,"Đường dẫn Hầm Đèo Cả, Xã Đại Lãnh, Tỉnh Khánh Hòa",,2.0,1,0,-0.20000000000004547,-0.10000000000002274,437.1,0.12247448433067887,5.0,1,Stopped,0,0,0,0,0,VALID,VALID
92H-02687,2026-08-14 23:50:00,432.2,58,0.48333333333333334,,,"Đường dẫn Hầm Đèo Cả, Xã Hòa Xuân, Tỉnh Đắk Lắk",,2.0,1,0,-4.699999999999989,-2.3499999999999943,437.1,2.1828879951367557,5.0,1,Moving,0,0,0,0,0,VALID,VALID
92H-02687,2026-08-14 23:52:00,430.2,50,-0.06666666666666667,,,"Đường dẫn hầm Đèo Cả, Xã Hòa Xuân, Tỉnh Đắk Lắk",,2.0,1,0,-2.0,-1.0,436.9,3.273377460561543,5.0,1,Moving,0,0,0,0,0,VALID,VALID
92H-02687,2026-08-14 23:54:00,431.0,56,0.05,,,"Cao tốc Chí Thạnh-Vân Phong, Xã Hòa Xuân, Tỉnh Đắk Lắk",,2.0,1,0,0.8000000000000114,0.4000000000000057,432.2,3.291959902446016,5.0,1,Moving,0,0,0,0,0,VALID,VALID
92H-02687,2026-08-14 23:56:00,432.4,65,0.075,,,"Cao tốc Chí Thạnh-Vân Phong, Phường Đông Hòa, Tỉnh Đắk Lắk",,2.0,1,0,1.3999999999999773,0.6999999999999886,432.2,2.5976912825261596,5.0,1,Moving,0,0,0,0,0,VALID,VALID
92H-02687,2026-08-14 23:58:00,432.2,64,-0.008333333333333333,,,"Cao tốc Chí Thạnh-Vân Phong, Phường Đông Hòa, Tỉnh Đắk Lắk",,2.0,1,0,-0.19999999999998863,-0.09999999999999432,432.2,0.9591663043041706,5.0,1,Moving,0,0,0,0,0,VALID,VALID
92H-02687,2026-08-15 00:00:00,431.9,73,0.075,,,"Cao tốc Chí Thạnh-Vân Phong, Phường Đông Hòa, Tỉnh Đắk Lắk",,2.0,1,0,-0.30000000000001137,-0.15000000000000568,431.9,0.9208691542844318,5.0,1,Moving,0,0,0,0,0,VALID,VALID
92H-02687,2026-08-15 00:02:00,430.2,73,0.0,,,"Cao tốc Chí Thạnh-Vân Phong, Phường Đông Hòa, Tỉnh Đắk Lắk",,2.0,1,0,-1.6999999999999886,-0.8499999999999943,431.9,0.9208691542844318,5.0,1,Moving,0,0,0,0,0,VALID,VALID
92H-02687,2026-08-15 00:04:00,429.9,75,0.016666666666666666,,,"Cao tốc Chí Thạnh-Vân Phong, Phường Đông Hòa, Tỉnh Đắk Lắk",,2.0,1,0,-0.30000000000001137,-0.15000000000000568,431.9,1.1777096413431194,5.0,1,Moving,0,0,0,0,0,VALID,VALID
92H-02687,2026-08-15 00:06:00,428.7,76,0.008333333333333333,,,"Cao tốc Chí Thạnh-Vân Phong, Xã Tây Hòa, Tỉnh Đắk Lắk",,2.0,1,0,-1.1999999999999886,-0.5999999999999943,430.2,1.4584238064816966,5.0,1,Moving,0,0,0,0,0,VALID,VALID
92H-02687,2026-08-15 00:08:00,427.8,71,-0.041666666666666664,,,"Cao tốc Chí Thạnh-Vân Phong, Phường Tuy Hòa, Tỉnh Đắk Lắk",,2.0,1,0,-0.8999999999999773,-0.44999999999998863,429.9,1.5604486532124358,5.0,1,Moving,0,0,0,0,0,VALID,VALID
92H-02687,2026-08-15 00:10:00,426.8,71,0.0,,,"Cao tốc Chí Thạnh-Vân Phong, Phường Tuy Hòa, Tỉnh Đắk Lắk",,2.0,1,0,-1.0,-0.5,428.7,1.4237275017757065,5.0,1,Moving,0,0,0,0,0,VALID,VALID
92H-02687,2026-08-15 00:12:00,425.9,76,0.041666666666666664,,,"Cao tốc Chí Thạnh-Vân Phong, Phường Tuy Hòa, Tỉnh Đắk Lắk",,2.0,1,0,-0.9000000000000341,-0.45000000000001705,427.8,1.567482057094287,5.0,1,Moving,0,0,0,0,0,VALID,VALID
92H-02687,2026-08-15 00:14:00,424.9,72,-0.03333333333333333,,,"Cao tốc Chí Thạnh-Vân Phong, Phường Bình Kiến, Tỉnh Đắk Lắk",,2.0,1,0,-1.0,-0.5,426.8,1.5023315211073058,5.0,1,Moving,0,0,0,0,0,VALID,VALID
92H-02687,2026-08-15 00:16:00,423.8,74,0.016666666666666666,,,"Cao tốc Chí Thạnh-Vân Phong, Phường Bình Kiến, Tỉnh Đắk Lắk",,2.0,1,0,-1.099999999999966,-0.549999999999983,425.9,1.566205605695698,5.0,1,Moving,0,0,0,0,0,VALID,VALID
92H-02687,2026-08-15 00:18:00,423.6,71,-0.025,,,"Cao tốc Chí Thạnh-Vân Phong, Phường Bình Kiến, Tỉnh Đắk Lắk",,2.0,1,0,-0.19999999999998863,-0.09999999999999432,424.9,1.3656500281231048,5.0,1,Moving,0,0,0,0,0,VALID,VALID
92H-02687,2026-08-15 00:20:00,423.4,36,-0.2916666666666667,,,"Cao tốc Chí Thạnh-Vân Phong, Phường Bình Kiến, Tỉnh Đắk Lắk",,2.0,1,0,-0.20000000000004547,-0.10000000000002274,423.8,1.0568822069240464,5.0,1,Moving,0,0,0,0,0,VALID,VALID
92H-02687,2026-08-15 00:22:00,421.2,73,0.30833333333333335,,,"Cao tốc Chí Thạnh-Vân Phong, Xã Tuy An Nam, Tỉnh Đắk Lắk",,2.0,1,0,-2.1999999999999886,-1.0999999999999943,423.6,1.349814801857159,5.0,1,Moving,0,0,0,0,0,VALID,VALID
92H-02687,2026-08-15 00:24:00,420.0,74,0.008333333333333333,,,"Cao tốc Chí Thạnh-Vân Phong, Xã Tuy An Nam, Tỉnh Đắk Lắk",,2.0,1,0,-1.1999999999999886,-0.5999999999999943,423.4,1.7029386363908365,5.0,1,Moving,0,0,0,0,0,VALID,VALID
92H-02687,2026-08-15 00:26:00,420.2,67,-0.058333333333333334,,,"Cao tốc Chí Thạnh-Vân Phong, Xã Ô Loan, Tỉnh Đắk Lắk",,2.0,1,0,0.19999999999998863,0.09999999999999432,421.2,1.7239489549614326,5.0,1,Moving,0,0,0,0,0,VALID,VALID
92H-02687,2026-08-15 00:28:00,419.0,72,0.041666666666666664,,,"Cao tốc Chí Thạnh-Vân Phong, Xã Ô Loan, Tỉnh Đắk Lắk",,2.0,1,0,-1.1999999999999886,-0.5999999999999943,420.2,1.6697305169734613,5.0,1,Moving,0,0,0,0,0,VALID,VALID
92H-02687,2026-08-15 00:30:00,418.9,21,-0.425,,,"Cao tốc Chí Thạnh-Vân Phong, Xã Ô Loan, Tỉnh Đắk Lắk",,2.0,1,0,-0.10000000000002274,-0.05000000000001137,420.0,0.9476286188757397,5.0,1,Moving,0,0,0,0,0,VALID,VALID
92H-02687,2026-08-15 00:32:00,420.2,0,-0.175,,,"Cao tốc Chí Thạnh-Vân Phong, Xã Ô Loan, Tỉnh Đắk Lắk",,2.0,1,0,1.3000000000000114,0.6500000000000057,420.0,0.6542170888262495,5.0,1,Stopped,0,0,0,0,0,VALID,VALID
92H-02687,2026-08-15 00:34:00,417.1,71,0.5916666666666667,,,"Cao tốc Chí Thạnh-Vân Phong, Xã Ô Loan, Tỉnh Đắk Lắk",,2.0,1,0,-3.099999999999966,-1.549999999999983,419.0,1.2716131484504791,5.0,1,Moving,0,0,0,0,0,VALID,VALID
92H-02687,2026-08-15 00:36:00,414.6,71,0.0,,,"Cao tốc Quy Nhơn–Chí Thạnh, Xã Tuy An Bắc, Tỉnh Đắk Lắk",,2.0,1,0,-2.5,-1.25,418.9,2.1801376101778263,5.0,1,Moving,0,0,0,0,0,VALID,VALID
92H-02687,2026-08-15 00:38:00,416.2,63,-0.06666666666666667,,,"Cao tốc Quy Nhơn–Chí Thạnh, Xã Tuy An Bắc, Tỉnh Đắk Lắk",,2.0,1,0,1.599999999999966,0.799999999999983,417.1,2.2056744998552706,5.0,1,Moving,0,0,0,0,0,VALID,VALID
92H-02687,2026-08-15 00:40:00,415.0,73,0.08333333333333333,,,"Cao tốc Quy Nhơn–Chí Thạnh, Xã Tuy An Bắc, Tỉnh Đắk Lắk",,2.0,1,0,-1.1999999999999886,-0.5999999999999943,416.2,2.2320394260208962,5.0,1,Moving,0,0,0,0,0,VALID,VALID
92H-02687,2026-08-15 00:42:00,415.3,35,-0.31666666666666665,,,"Cao tốc Quy Nhơn–Chí Thạnh, Xã Tuy An Bắc, Tỉnh Đắk Lắk",,2.0,1,0,0.30000000000001137,0.15000000000000568,415.3,1.0064790108648853,5.0,1,Moving,0,0,0,0,0,VALID,VALID
92H-02687,2026-08-15 00:44:00,413.4,48,0.10833333333333334,,,"Xã Tuy An Bắc, Tỉnh Đắk Lắk",,2.0,1,0,-1.900000000000034,-0.950000000000017,415.0,1.0246950762599722,5.0,1,Moving,0,0,0,0,0,VALID,VALID
92H-02687,2026-08-15 00:46:00,415.3,41,-0.058333333333333334,,,"Xã Xuân Thọ, Tỉnh Đắk Lắk",,2.0,1,0,1.900000000000034,0.950000000000017,415.3,1.0212737141978458,5.0,1,Moving,0,0,0,0,0,VALID,VALID
92H-02687,2026-08-15 00:48:00,409.9,63,0.18333333333333332,,,"Cao tốc Quy Nhơn–Chí Thạnh, Xã Xuân Thọ, Tỉnh Đắk Lắk",,2.0,1,0,-5.400000000000034,-2.700000000000017,415.0,2.3080294624010413,5.0,1,Moving,0,0,1,0,1,LARGE_DELTA,VALID
92H-02687,2026-08-15 00:50:00,407.0,63,0.0,,,"Xã Xuân Thọ, Tỉnh Đắk Lắk",,2.0,1,0,-2.8999999999999773,-1.4499999999999886,413.4,3.639642839525739,5.0,1,Moving,0,0,0,0,0,VALID,VALID
92H-02687,2026-08-15 00:52:00,408.1,49,-0.11666666666666667,,,"Xã Xuân Thọ, Tỉnh Đắk Lắk",,2.0,1,0,1.1000000000000227,0.5500000000000114,409.9,3.518948706547273,5.0,1,Moving,0,0,0,0,0,VALID,VALID
92H-02687,2026-08-15 00:54:00,408.4,49,0.0,,,"Cao tốc Quy Nhơn–Chí Thạnh, Xã Xuân Thọ, Tỉnh Đắk Lắk",,2.0,1,0,0.2999999999999545,0.14999999999997726,408.4,3.2761257606066727,5.0,1,Moving,0,0,0,0,0,VALID,VALID
92H-02687,2026-08-15 00:56:00,405.9,67,0.15,,,"Cao tốc Quy Nhơn–Chí Thạnh, Xã Xuân Thọ, Tỉnh Đắk Lắk",,2.0,1,0,-2.5,-1.25,408.1,1.5076471733500265,5.0,1,Moving,0,0,0,0,0,VALID,VALID
92H-02687,2026-08-15 00:58:00,405.9,55,-0.1,,,"Cao tốc Quy Nhơn–Chí Thạnh, Xã Xuân Thọ, Tỉnh Đắk Lắk",,2.0,1,0,0.0,0.0,407.0,1.1802542096134245,5.0,1,Moving,0,0,0,0,0,VALID,VALID
92H-02687,2026-08-15 01:00:00,407.0,56,0.008333333333333333,,,"Cao tốc Quy Nhơn–Chí Thạnh, Xã Xuân Thọ, Tỉnh Đắk Lắk",,2.0,1,0,1.1000000000000227,0.5500000000000114,407.0,1.1802542096134245,5.0,1,Moving,0,0,0,0,0,VALID,VALID
92H-02687,2026-08-15 01:02:00,406.8,45,-0.09166666666666666,,,"Xã Xuân Thọ, Tỉnh Đắk Lắk",,2.0,1,0,-0.19999999999998863,-0.09999999999999432,406.8,1.027131928872901,5.0,1,Moving,0,0,0,0,0,VALID,VALID
92H-02687,2026-08-15 01:04:00,404.0,72,0.225,,,"Cao tốc Quy Nhơn–Chí Thạnh, Xã Xuân Cảnh, Tỉnh Đắk Lắk",,2.0,1,0,-2.8000000000000114,-1.4000000000000057,405.9,1.1861703078858954,5.0,1,Moving,0,0,0,0,0,VALID,VALID
92H-02687,2026-08-15 01:06:00,404.9,41,-0.25833333333333336,,,"Xã Xuân Cảnh, Tỉnh Đắk Lắk",,2.0,1,0,0.8999999999999773,0.44999999999998863,405.9,1.2716131484496822,5.0,1,Moving,0,0,0,0,0,VALID,VALID
92H-02687,2026-08-15 01:08:00,405.8,73,0.26666666666666666,,,"Cao tốc Quy Nhơn–Chí Thạnh, Xã Xuân Cảnh, Tỉnh Đắk Lắk",,2.0,1,0,0.9000000000000341,0.45000000000001705,405.8,1.268857753773099,5.0,1,Moving,0,0,0,0,0,VALID,VALID
92H-02687,2026-08-15 01:10:00,400.8,72,-0.008333333333333333,,,"Cao tốc Quy Nhơn–Chí Thạnh, Xã Xuân Cảnh, Tỉnh Đắk Lắk",,2.0,1,0,-5.0,-2.5,404.9,2.2952124083208645,5.0,1,Moving,0,0,0,0,0,VALID,VALID
92H-02687,2026-08-15 01:12:00,399.5,68,-0.03333333333333333,,,"Cao tốc Quy Nhơn–Chí Thạnh, Xã Xuân Lộc, Tỉnh Đắk Lắk",,2.0,1,0,-1.3000000000000114,-0.6500000000000057,404.0,2.7175356482132913,5.0,1,Moving,0,0,0,0,0,VALID,VALID
92H-02687,2026-08-15 01:14:00,399.5,68,0.0,,,"Xã Xuân Lộc, Tỉnh Đắk Lắk",,2.0,1,0,0.0,0.0,400.8,3.03067649202452,5.0,1,Moving,0,0,0,0,0,VALID,VALID
92H-02687,2026-08-15 01:16:00,399.5,59,-0.075,,,"Cao tốc Quy Nhơn–Chí Thạnh, Xã Xuân Lộc, Tỉnh Đắk Lắk",,2.0,1,0,0.0,0.0,399.5,2.730750812379292,5.0,1,Moving,0,0,0,0,0,VALID,VALID
92H-02687,2026-08-15 01:18:00,399.5,60,0.008333333333333333,,,"Cao tốc Quy Nhơn–Chí Thạnh, Xã Xuân Lộc, Tỉnh Đắk Lắk",,2.0,1,0,0.0,0.0,399.5,0.5813776735567427,5.0,1,Moving,0,0,0,0,0,VALID,VALID
92H-02687,2026-08-15 01:20:00,399.3,42,-0.15,,,"Cao tốc Quy Nhơn–Chí Thạnh, Xã Xuân Lộc, Tỉnh Đắk Lắk",,2.0,1,0,-0.19999999999998863,-0.09999999999999432,399.5,0.08944271524432436,5.0,1,Moving,0,0,0,0,0,VALID,VALID
92H-02687,2026-08-15 01:22:00,400.3,0,-0.35,,,"Cao tốc Quy Nhơn–Chí Thạnh, Xã Xuân Lộc, Tỉnh Đắk Lắk",,2.0,1,0,1.0,0.5,399.5,0.38987177290778796,5.0,1,Stopped,0,0,0,0,0,VALID,VALID
92H-02687,2026-08-15 01:24:00,400.2,0,0.0,,,"Cao tốc Quy Nhơn–Chí Thạnh, Phường Quy Nhơn Tây, Tỉnh Gia Lai",,2.0,1,0,-0.10000000000002274,-0.05000000000001137,399.5,0.4560701692834529,5.0,1,Stopped,0,0,0,0,0,VALID,VALID
92H-02687,2026-08-15 01:26:00,394.0,70,0.5833333333333334,,,"Cao tốc Quy Nhơn–Chí Thạnh, Phường Quy Nhơn Tây, Tỉnh Gia Lai",,2.0,1,0,-6.199999999999989,-3.0999999999999943,399.5,2.6406438607487983,5.0,1,Moving,0,0,1,0,1,LARGE_DELTA,VALID
92H-02687,2026-08-15 01:28:00,395.2,55,-0.125,,,"Cao tốc Quy Nhơn–Chí Thạnh, Phường Quy Nhơn Tây, Tỉnh Gia Lai",,2.0,1,0,1.1999999999999886,0.5999999999999943,399.3,2.9774149860760746,5.0,1,Moving,0,0,0,0,0,VALID,VALID
92H-02687,2026-08-15 01:30:00,395.1,49,-0.05,,,"Phường Quy Nhơn Tây, Tỉnh Gia Lai",,2.0,1,0,-0.0999999999999659,-0.04999999999998295,395.2,3.0402302543245625,5.0,1,Moving,0,0,0,0,0,VALID,VALID
92H-02687,2026-08-15 01:32:00,393.9,61,0.1,,,"Xã Tuy Phước Tây, Tỉnh Gia Lai",,2.0,1,0,-1.2000000000000455,-0.6000000000000227,395.1,2.597498796787121,5.0,1,Moving,0,0,0,0,0,VALID,VALID
92H-02687,2026-08-15 01:34:00,392.3,68,0.058333333333333334,,,"Xã Tuy Phước Tây, Tỉnh Gia Lai",,2.0,1,0,-1.599999999999966,-0.799999999999983,394.0,1.1726039396619823,5.0,1,Moving,0,0,0,0,0,VALID,VALID
92H-02687,2026-08-15 01:36:00,392.3,60,-0.06666666666666667,,,"Cao tốc Quy Nhơn–Chí Thạnh, Xã Tuy Phước Tây, Tỉnh Gia Lai",,2.0,1,0,0.0,0.0,393.9,1.427585373738074,5.0,1,Moving,0,0,0,0,0,VALID,VALID
92H-02687,2026-08-15 01:38:00,392.3,72,0.1,,,"Cao tốc Quy Nhơn–Chí Thạnh, Xã Tuy Phước Tây, Tỉnh Gia Lai",,2.0,1,0,0.0,0.0,392.3,1.2774975535440551,5.0,1,Moving,0,0,0,0,0,VALID,VALID
92H-02687,2026-08-15 01:40:00,392.3,46,-0.21666666666666667,,,"Xã Tuy Phước Tây, Tỉnh Gia Lai",,2.0,1,0,0.0,0.0,392.3,0.7155417523186138,5.0,1,Moving,0,0,0,0,0,VALID,VALID
92H-02687,2026-08-15 01:42:00,393.3,79,0.275,,,"Cao tốc Quy Nhơn–Chí Thạnh, Phường An Nhơn Nam, Tỉnh Gia Lai",,2.0,1,0,1.0,0.5,392.3,0.44721359472990146,5.0,1,Moving,0,0,0,0,0,VALID,VALID
92H-02687,2026-08-15 01:44:00,389.3,73,-0.05,,,"Cao tốc Hoài Nhơn-Quy Nhơn, Phường An Nhơn Nam, Tỉnh Gia Lai",,2.0,1,0,-4.0,-2.0,392.3,1.5165750885832998,5.0,1,Moving,0,0,0,0,0,VALID,VALID
92H-02687,2026-08-15 01:46:00,389.2,73,0.0,,,"Xã An Nhơn Tây, Tỉnh Gia Lai",,2.0,1,0,-0.10000000000002274,-0.05000000000001137,392.3,1.897893569015839,5.0,1,Moving,0,0,0,0,0,VALID,VALID
92H-02687,2026-08-15 01:48:00,389.0,73,0.0,,,"Cao tốc Hoài Nhơn-Quy Nhơn, Xã An Nhơn Tây, Tỉnh Gia Lai",,2.0,1,0,-0.19999999999998863,-0.09999999999999432,389.3,2.024104740202923,5.0,1,Moving,0,0,0,0,0,VALID,VALID
92H-02687,2026-08-15 01:50:00,388.0,71,-0.016666666666666666,,,"Cao tốc Hoài Nhơn-Quy Nhơn, Phường Bình Định, Tỉnh Gia Lai",,2.0,1,0,-1.0,-0.5,389.2,2.045238372247181,5.0,1,Moving,0,0,0,0,0,VALID,VALID
92H-02687,2026-08-15 01:52:00,387.7,71,0.0,,,"Xã Bình An, Tỉnh Gia Lai",,2.0,1,0,-0.30000000000001137,-0.15000000000000568,389.0,0.7368853366113075,5.0,1,Moving,0,0,0,0,0,VALID,VALID
92H-02687,2026-08-15 01:54:00,385.9,72,0.008333333333333333,,,"Xã Bình Hiệp, Tỉnh Gia Lai",,2.0,1,0,-1.8000000000000114,-0.9000000000000057,388.0,1.3164345784402058,5.0,1,Moving,0,0,0,0,0,VALID,VALID
92H-02687,2026-08-15 01:56:00,385.1,72,0.0,,,"Cao tốc Hoài Nhơn-Quy Nhơn, Xã Bình Hiệp, Tỉnh Gia Lai",,2.0,1,0,-0.7999999999999545,-0.39999999999997726,387.7,1.5978110023758598,5.0,1,Moving,0,0,0,0,0,VALID,VALID
92H-02687,2026-08-15 01:58:00,384.8,71,-0.008333333333333333,,,"Cao tốc Hoài Nhơn-Quy Nhơn, Xã Bình Hiệp, Tỉnh Gia Lai",,2.0,1,0,-0.30000000000001137,-0.15000000000000568,385.9,1.4747881201425659,5.0,1,Moving,0,0,0,0,0,VALID,VALID
92H-02687,2026-08-15 02:00:00,382.7,71,0.0,,,"Cao tốc Hoài Nhơn-Quy Nhơn, Xã Bình Hiệp, Tỉnh Gia Lai",,2.0,1,0,-2.1000000000000227,-1.0500000000000114,385.1,1.8132843128737435,5.0,1,Moving,0,0,0,0,0,VALID,VALID
92H-02687,2026-08-15 02:02:00,382.6,76,0.041666666666666664,,,"Cao tốc Hoài Nhơn-Quy Nhơn, Xã Hòa Hội, Tỉnh Gia Lai",,2.0,1,0,-0.0999999999999659,-0.04999999999998295,384.8,1.4889593679191981,5.0,1,Moving,0,0,0,0,0,VALID,VALID
92H-02687,2026-08-15 02:04:00,381.5,70,-0.05,,,"Cao tốc Hoài Nhơn-Quy Nhơn, Xã Hòa Hội, Tỉnh Gia Lai",,2.0,1,0,-1.1000000000000227,-0.5500000000000114,382.7,1.5469324482066686,5.0,1,Moving,0,0,0,0,0,VALID,VALID
92H-02687,2026-08-15 02:06:00,379.0,0,-0.5833333333333334,,,"Cao tốc Hoài Nhơn-Quy Nhơn, Xã Hòa Hội, Tỉnh Gia Lai",,2.0,1,0,-2.5,-1.25,382.6,2.11352785629032,5.0,1,Stopped,0,0,0,0,0,VALID,VALID
92H-02687,2026-08-15 02:08:00,379.3,75,0.625,,,"Cao tốc Hoài Nhơn-Quy Nhơn, Xã Phù Mỹ Nam, Tỉnh Gia Lai",,2.0,1,0,0.30000000000001137,0.15000000000000568,381.5,1.7739785791591713,5.0,1,Moving,0,0,0,0,0,VALID,VALID
92H-02687,2026-08-15 02:10:00,379.2,68,-0.058333333333333334,,,"Cao tốc Hoài Nhơn-Quy Nhơn, Xã Phù Mỹ Nam, Tỉnh Gia Lai",,2.0,1,0,-0.10000000000002274,-0.05000000000001137,379.3,1.6300306743481494,5.0,1,Moving,0,0,0,0,0,VALID,VALID
92H-02687,2026-08-15 02:12:00,378.9,49,-0.15833333333333333,,,"Cao tốc Hoài Nhơn-Quy Nhơn, Xã Phù Mỹ Nam, Tỉnh Gia Lai",,2.0,1,0,-0.30000000000001137,-0.15000000000000568,379.2,1.0848963080940868,5.0,1,Moving,0,0,0,0,0,VALID,VALID
92H-02687,2026-08-15 02:14:00,377.9,73,0.2,,,"Xã Phù Mỹ Nam, Tỉnh Gia Lai",,2.0,1,0,-1.0,-0.5,379.0,0.5594640286170882,5.0,1,Moving,0,0,0,0,0,VALID,VALID
92H-02687,2026-08-15 02:16:00,377.0,74,0.008333333333333333,,,"Cao tốc Hoài Nhơn-Quy Nhơn, Xã Phù Mỹ Tây, Tỉnh Gia Lai",,2.0,1,0,-0.8999999999999773,-0.44999999999998863,378.9,0.9864076233062069,5.0,1,Moving,0,0,0,0,0,VALID,VALID
92H-02687,2026-08-15 02:18:00,376.7,65,-0.075,,,"Xã Phù Mỹ Tây, Tỉnh Gia Lai",,2.0,1,0,-0.30000000000001137,-0.15000000000000568,377.9,1.1104053310916575,5.0,1,Moving,0,0,0,0,0,VALID,VALID
92H-02687,2026-08-15 02:20:00,375.7,53,-0.1,,,"Cao tốc Hoài Nhơn-Quy Nhơn, Xã Phù Mỹ Tây, Tỉnh Gia Lai",,2.0,1,0,-1.0,-0.5,377.0,1.2157302329534077,5.0,1,Moving,0,0,0,0,0,VALID,VALID
92H-02687,2026-08-15 02:22:00,374.5,0,-0.44166666666666665,,,"Xã Phù Mỹ Tây, Tỉnh Gia Lai",,2.0,1,0,-1.1999999999999886,-0.5999999999999943,376.7,1.3030732900789321,5.0,1,Stopped,0,0,0,0,0,VALID,VALID
92H-02687,2026-08-15 02:24:00,373.3,0,0.0,,,"Xã Phù Mỹ Tây, Tỉnh Gia Lai",,2.0,1,0,-1.1999999999999886,-0.5999999999999943,375.7,1.5453155015456497,5.0,1,Stopped,0,0,0,0,0,VALID,VALID
92H-02687,2026-08-15 02:26:00,373.5,0,0.0,,,"Xã Phù Mỹ Tây, Tỉnh Gia Lai",,2.0,1,0,0.19999999999998863,0.09999999999999432,374.5,1.4518953127954448,5.0,1,Stopped,0,0,0,0,0,VALID,VALID
92H-02687,2026-08-15 02:28:00,373.6,0,0.0,,,"Xã Phù Mỹ Tây, Tỉnh Gia Lai",,2.0,1,0,0.10000000000002274,0.05000000000001137,373.6,0.9959919674964847,5.0,1,Stopped,0,0,0,0,0,VALID,VALID
92H-02687,2026-08-15 02:30:00,373.8,0,0.0,,,"Xã Phù Mỹ Tây, Tỉnh Gia Lai",,2.0,1,0,0.19999999999998863,0.09999999999999432,373.6,0.4615192296293157,5.0,1,Stopped,0,0,0,0,0,VALID,VALID
92H-02687,2026-08-15 02:32:00,373.9,0,0.0,,,"Xã Phù Mỹ Tây, Tỉnh Gia Lai",,2.0,1,0,0.0999999999999659,0.04999999999998295,373.6,0.23874672629729207,5.0,1,Stopped,0,0,0,0,0,VALID,VALID
92H-02687,2026-08-15 02:34:00,374.0,0,0.0,,,"Xã Phù Mỹ Tây, Tỉnh Gia Lai",,2.0,1,0,0.10000000000002274,0.05000000000001137,373.8,0.20736441188794713,5.0,1,Stopped,0,0,0,0,0,VALID,VALID
92H-02687,2026-08-15 02:36:00,374.0,0,0.0,,,"Xã Phù Mỹ Tây, Tỉnh Gia Lai",,2.0,1,0,0.0,0.0,373.9,0.16733200326776768,5.0,1,Stopped,0,0,0,0,0,VALID,VALID
92H-02687,2026-08-15 02:39:00,374.0,0,0.0,,,"Xã Phù Mỹ Tây, Tỉnh Gia Lai",,3.0,1,0,0.0,0.0,374.0,0.08944271528514483,5.0,1,Stopped,0,0,0,0,0,VALID,VALID
92H-02687,2026-08-15 02:41:00,374.2,0,0.0,,,"Xã Phù Mỹ Tây, Tỉnh Gia Lai",,2.0,1,0,0.19999999999998863,0.09999999999999432,374.0,0.10954450838607946,5.0,1,Stopped,0,0,0,0,0,VALID,VALID
92H-02687,2026-08-15 02:43:00,374.2,0,0.0,,,"Xã Phù Mỹ Tây, Tỉnh Gia Lai",,2.0,1,0,0.0,0.0,374.0,0.10954450838596659,5.0,1,Stopped,0,0,0,0,0,VALID,VALID
92H-02687,2026-08-15 02:45:00,374.2,0,0.0,,,"Xã Phù Mỹ Tây, Tỉnh Gia Lai",,2.0,1,0,0.0,0.0,374.2,0.10954450838589135,5.0,1,Stopped,0,0,0,0,0,VALID,VALID
92H-02687,2026-08-15 02:48:00,374.2,0,0.0,,,"Xã Phù Mỹ Tây, Tỉnh Gia Lai",,3.0,1,0,0.0,0.0,374.2,0.08944271528464395,5.0,1,Stopped,0,0,0,0,0,VALID,VALID
92H-02687,2026-08-15 02:50:00,374.2,0,0.0,,,"Xã Phù Mỹ Tây, Tỉnh Gia Lai",,2.0,1,0,0.0,0.0,374.2,0.0,5.0,1,Stopped,0,0,0,0,0,VALID,VALID
92H-02687,2026-08-15 02:52:00,374.2,0,0.0,,,"Xã Phù Mỹ Tây, Tỉnh Gia Lai",,2.0,1,0,0.0,0.0,374.2,0.0,5.0,1,Stopped,0,0,0,0,0,VALID,VALID
92H-02687,2026-08-15 02:54:00,374.2,0,0.0,,,"Xã Phù Mỹ Tây, Tỉnh Gia Lai",,2.0,1,0,0.0,0.0,374.2,0.0,5.0,1,Stopped,0,0,0,0,0,VALID,VALID
92H-02687,2026-08-15 02:56:00,374.2,0,0.0,,,"Xã Phù Mỹ Tây, Tỉnh Gia Lai",,2.0,1,0,0.0,0.0,374.2,0.0,5.0,1,Stopped,0,0,0,0,0,VALID,VALID
92H-02687,2026-08-15 02:58:00,374.2,0,0.0,,,"Xã Phù Mỹ Tây, Tỉnh Gia Lai",,2.0,1,0,0.0,0.0,374.2,0.0,5.0,1,Stopped,0,0,0,0,0,VALID,VALID
92H-02687,2026-08-15 03:01:00,374.2,0,0.0,,,"Xã Phù Mỹ Tây, Tỉnh Gia Lai",,3.0,1,0,0.0,0.0,374.2,0.0,5.0,1,Stopped,0,0,0,0,0,VALID,VALID
92H-02687,2026-08-15 03:03:00,374.2,0,0.0,,,"Xã Phù Mỹ Tây, Tỉnh Gia Lai",,2.0,1,0,0.0,0.0,374.2,0.0,5.0,1,Stopped,0,0,0,0,0,VALID,VALID
92H-02687,2026-08-15 03:05:00,374.2,0,0.0,,,"Xã Phù Mỹ Tây, Tỉnh Gia Lai",,2.0,1,0,0.0,0.0,374.2,0.0,5.0,1,Stopped,0,0,0,0,0,VALID,VALID
92H-02687,2026-08-15 03:07:00,374.2,0,0.0,,,"Xã Phù Mỹ Tây, Tỉnh Gia Lai",,2.0,1,0,0.0,0.0,374.2,0.0,5.0,1,Stopped,0,0,0,0,0,VALID,VALID
92H-02687,2026-08-15 03:09:00,374.2,0,0.0,,,"Xã Phù Mỹ Tây, Tỉnh Gia Lai",,2.0,1,0,0.0,0.0,374.2,0.0,5.0,1,Stopped,0,0,0,0,0,VALID,VALID
92H-02687,2026-08-15 03:12:00,374.2,0,0.0,,,"Xã Phù Mỹ Tây, Tỉnh Gia Lai",,3.0,1,0,0.0,0.0,374.2,0.0,5.0,1,Stopped,0,0,0,0,0,VALID,VALID
92H-02687,2026-08-15 03:14:00,374.2,0,0.0,,,"Xã Phù Mỹ Tây, Tỉnh Gia Lai",,2.0,1,0,0.0,0.0,374.2,0.0,5.0,1,Stopped,0,0,0,0,0,VALID,VALID
92H-02687,2026-08-15 03:16:00,374.2,0,0.0,,,"Xã Phù Mỹ Tây, Tỉnh Gia Lai",,2.0,1,0,0.0,0.0,374.2,0.0,5.0,1,Stopped,0,0,0,0,0,VALID,VALID
92H-02687,2026-08-15 03:18:00,374.2,0,0.0,,,"Xã Phù Mỹ Tây, Tỉnh Gia Lai",,2.0,1,0,0.0,0.0,374.2,0.0,5.0,1,Stopped,0,0,0,0,0,VALID,VALID
92H-02687,2026-08-15 03:20:00,374.2,0,0.0,,,"Xã Phù Mỹ Tây, Tỉnh Gia Lai",,2.0,1,0,0.0,0.0,374.2,0.0,5.0,1,Stopped,0,0,0,0,0,VALID,VALID
92H-02687,2026-08-15 03:22:00,374.2,0,0.0,,,"Xã Phù Mỹ Tây, Tỉnh Gia Lai",,2.0,1,0,0.0,0.0,374.2,0.0,5.0,1,Stopped,0,0,0,0,0,VALID,VALID
92H-02687,2026-08-15 03:25:00,374.2,0,0.0,,,"Xã Phù Mỹ Tây, Tỉnh Gia Lai",,3.0,1,0,0.0,0.0,374.2,0.0,5.0,1,Stopped,0,0,0,0,0,VALID,VALID
92H-02687,2026-08-15 03:27:00,374.2,0,0.0,,,"Xã Phù Mỹ Tây, Tỉnh Gia Lai",,2.0,1,0,0.0,0.0,374.2,0.0,5.0,1,Stopped,0,0,0,0,0,VALID,VALID
92H-02687,2026-08-15 03:29:00,374.2,0,0.0,,,"Xã Phù Mỹ Tây, Tỉnh Gia Lai",,2.0,1,0,0.0,0.0,374.2,0.0,5.0,1,Stopped,0,0,0,0,0,VALID,VALID
92H-02687,2026-08-15 03:31:00,374.2,0,0.0,,,"Xã Phù Mỹ Tây, Tỉnh Gia Lai",,2.0,1,0,0.0,0.0,374.2,0.0,5.0,1,Stopped,0,0,0,0,0,VALID,VALID
92H-02687,2026-08-15 03:33:00,374.2,0,0.0,,,"Xã Phù Mỹ Tây, Tỉnh Gia Lai",,2.0,1,0,0.0,0.0,374.2,0.0,5.0,1,Stopped,0,0,0,0,0,VALID,VALID
92H-02687,2026-08-15 03:36:00,374.2,0,0.0,,,"Xã Phù Mỹ Tây, Tỉnh Gia Lai",,3.0,1,0,0.0,0.0,374.2,0.0,5.0,1,Stopped,0,0,0,0,0,VALID,VALID
92H-02687,2026-08-15 03:38:00,374.2,0,0.0,,,"Xã Phù Mỹ Tây, Tỉnh Gia Lai",,2.0,1,0,0.0,0.0,374.2,0.0,5.0,1,Stopped,0,0,0,0,0,VALID,VALID
92H-02687,2026-08-15 03:40:00,374.2,0,0.0,,,"Xã Phù Mỹ Tây, Tỉnh Gia Lai",,2.0,1,0,0.0,0.0,374.2,0.0,5.0,1,Stopped,0,0,0,0,0,VALID,VALID
92H-02687,2026-08-15 03:42:00,374.2,0,0.0,,,"Xã Phù Mỹ Tây, Tỉnh Gia Lai",,2.0,1,0,0.0,0.0,374.2,0.0,5.0,1,Stopped,0,0,0,0,0,VALID,VALID
92H-02687,2026-08-15 03:44:00,374.2,0,0.0,,,"Xã Phù Mỹ Tây, Tỉnh Gia Lai",,2.0,1,0,0.0,0.0,374.2,0.0,5.0,1,Stopped,0,0,0,0,0,VALID,VALID
92H-02687,2026-08-15 03:46:00,374.2,0,0.0,,,"Xã Phù Mỹ Tây, Tỉnh Gia Lai",,2.0,1,0,0.0,0.0,374.2,0.0,5.0,1,Stopped,0,0,0,0,0,VALID,VALID
92H-02687,2026-08-15 03:49:00,374.2,0,0.0,,,"Xã Phù Mỹ Tây, Tỉnh Gia Lai",,3.0,1,0,0.0,0.0,374.2,0.0,5.0,1,Stopped,0,0,0,0,0,VALID,VALID
92H-02687,2026-08-15 03:51:00,374.2,0,0.0,,,"Xã Phù Mỹ Tây, Tỉnh Gia Lai",,2.0,1,0,0.0,0.0,374.2,0.0,5.0,1,Stopped,0,0,0,0,0,VALID,VALID
92H-02687,2026-08-15 03:53:00,374.3,0,0.0,,,"Xã Phù Mỹ Tây, Tỉnh Gia Lai",,2.0,1,0,0.10000000000002274,0.05000000000001137,374.2,0.04472135191908204,5.0,1,Stopped,0,0,0,0,0,VALID,VALID
92H-02687,2026-08-15 03:55:00,374.3,0,0.0,,,"Xã Phù Mỹ Tây, Tỉnh Gia Lai",,2.0,1,0,0.0,0.0,374.2,0.054772249519830056,5.0,1,Stopped,0,0,0,0,0,VALID,VALID
92H-02687,2026-08-15 03:57:00,374.3,0,0.0,,,"Xã Phù Mỹ Tây, Tỉnh Gia Lai",,2.0,1,0,0.0,0.0,374.3,0.05477224951974963,5.0,1,Stopped,0,0,0,0,0,VALID,VALID
92H-02687,2026-08-15 04:00:00,374.3,0,0.0,,,"Xã Phù Mỹ Tây, Tỉnh Gia Lai",,3.0,1,0,0.0,0.0,374.3,0.0447213519188032,5.0,1,Stopped,0,0,0,0,0,VALID,VALID
92H-02687,2026-08-15 04:02:00,374.3,0,0.0,,,"Xã Phù Mỹ Tây, Tỉnh Gia Lai",,2.0,1,0,0.0,0.0,374.3,0.0,5.0,1,Stopped,0,0,0,0,0,VALID,VALID
92H-02687,2026-08-15 04:04:00,374.2,0,0.0,,,"Xã Phù Mỹ Tây, Tỉnh Gia Lai",,2.0,1,0,-0.10000000000002274,-0.05000000000001137,374.3,0.0447213519188032,5.0,1,Stopped,0,0,0,0,0,VALID,VALID
92H-02687,2026-08-15 04:06:00,374.2,0,0.0,,,"Xã Phù Mỹ Tây, Tỉnh Gia Lai",,2.0,1,0,0.0,0.0,374.3,0.05477224951974963,5.0,1,Stopped,0,0,0,0,0,VALID,VALID
92H-02687,2026-08-15 04:08:00,374.2,0,0.0,,,"Xã Phù Mỹ Tây, Tỉnh Gia Lai",,2.0,1,0,0.0,0.0,374.2,0.054772249519830056,5.0,1,Stopped,0,0,0,0,0,VALID,VALID
92H-02687,2026-08-15 04:10:00,374.2,0,0.0,,,"Xã Phù Mỹ Tây, Tỉnh Gia Lai",,2.0,1,0,0.0,0.0,374.2,0.04472135191909872,5.0,1,Stopped,0,0,0,0,0,VALID,VALID
92H-02687,2026-08-15 04:13:00,374.2,0,0.0,,,"Xã Phù Mỹ Tây, Tỉnh Gia Lai",,3.0,1,0,0.0,0.0,374.2,0.0,5.0,1,Stopped,0,0,0,0,0,VALID,VALID
92H-02687,2026-08-15 04:15:00,374.2,0,0.0,,,"Xã Phù Mỹ Tây, Tỉnh Gia Lai",,2.0,1,0,0.0,0.0,374.2,0.0,5.0,1,Stopped,0,0,0,0,0,VALID,VALID
92H-02687,2026-08-15 04:17:00,374.2,0,0.0,,,"Xã Phù Mỹ Tây, Tỉnh Gia Lai",,2.0,1,0,0.0,0.0,374.2,0.0,5.0,1,Stopped,0,0,0,0,0,VALID,VALID
92H-02687,2026-08-15 04:19:00,374.2,0,0.0,,,"Xã Phù Mỹ Tây, Tỉnh Gia Lai",,2.0,1,0,0.0,0.0,374.2,0.0,5.0,1,Stopped,0,0,0,0,0,VALID,VALID
92H-02687,2026-08-15 04:22:00,374.2,0,0.0,,,"Xã Phù Mỹ Tây, Tỉnh Gia Lai",,3.0,1,0,0.0,0.0,374.2,0.0,5.0,1,Stopped,0,0,0,0,0,VALID,VALID
92H-02687,2026-08-15 04:24:00,374.2,0,0.0,,,"Xã Phù Mỹ Tây, Tỉnh Gia Lai",,2.0,1,0,0.0,0.0,374.2,0.0,5.0,1,Stopped,0,0,0,0,0,VALID,VALID
92H-02687,2026-08-15 04:26:00,374.2,0,0.0,,,"Xã Phù Mỹ Tây, Tỉnh Gia Lai",,2.0,1,0,0.0,0.0,374.2,0.0,5.0,1,Stopped,0,0,0,0,0,VALID,VALID
92H-02687,2026-08-15 04:28:00,374.2,0,0.0,,,"Xã Phù Mỹ Tây, Tỉnh Gia Lai",,2.0,1,0,0.0,0.0,374.2,0.0,5.0,1,Stopped,0,0,0,0,0,VALID,VALID
92H-02687,2026-08-15 04:30:00,374.2,0,0.0,,,"Xã Phù Mỹ Tây, Tỉnh Gia Lai",,2.0,1,0,0.0,0.0,374.2,0.0,5.0,1,Stopped,0,0,0,0,0,VALID,VALID
92H-02687,2026-08-15 04:32:00,374.2,0,0.0,,,"Xã Phù Mỹ Tây, Tỉnh Gia Lai",,2.0,1,0,0.0,0.0,374.2,0.0,5.0,1,Stopped,0,0,0,0,0,VALID,VALID
92H-02687,2026-08-15 04:35:00,374.2,0,0.0,,,"Xã Phù Mỹ Tây, Tỉnh Gia Lai",,3.0,1,0,0.0,0.0,374.2,0.0,5.0,1,Stopped,0,0,0,0,0,VALID,VALID
92H-02687,2026-08-15 04:37:00,374.2,0,0.0,,,"Xã Phù Mỹ Tây, Tỉnh Gia Lai",,2.0,1,0,0.0,0.0,374.2,0.0,5.0,1,Stopped,0,0,0,0,0,VALID,VALID
92H-02687,2026-08-15 04:39:00,374.2,0,0.0,,,"Xã Phù Mỹ Tây, Tỉnh Gia Lai",,2.0,1,0,0.0,0.0,374.2,0.0,5.0,1,Stopped,0,0,0,0,0,VALID,VALID
92H-02687,2026-08-15 04:41:00,374.2,0,0.0,,,"Xã Phù Mỹ Tây, Tỉnh Gia Lai",,2.0,1,0,0.0,0.0,374.2,0.0,5.0,1,Stopped,0,0,0,0,0,VALID,VALID
92H-02687,2026-08-15 04:43:00,374.2,0,0.0,,,"Xã Phù Mỹ Tây, Tỉnh Gia Lai",,2.0,1,0,0.0,0.0,374.2,0.0,5.0,1,Stopped,0,0,0,0,0,VALID,VALID
92H-02687,2026-08-15 04:46:00,374.2,0,0.0,,,"Xã Phù Mỹ Tây, Tỉnh Gia Lai",,3.0,1,0,0.0,0.0,374.2,0.0,5.0,1,Stopped,0,0,0,0,0,VALID,VALID
92H-02687,2026-08-15 04:48:00,374.2,0,0.0,,,"Xã Phù Mỹ Tây, Tỉnh Gia Lai",,2.0,1,0,0.0,0.0,374.2,0.0,5.0,1,Stopped,0,0,0,0,0,VALID,VALID
92H-02687,2026-08-15 04:50:00,374.2,0,0.0,,,"Xã Phù Mỹ Tây, Tỉnh Gia Lai",,2.0,1,0,0.0,0.0,374.2,0.0,5.0,1,Stopped,0,0,0,0,0,VALID,VALID
92H-02687,2026-08-15 04:52:00,374.2,0,0.0,,,"Xã Phù Mỹ Tây, Tỉnh Gia Lai",,2.0,1,0,0.0,0.0,374.2,0.0,5.0,1,Stopped,0,0,0,0,0,VALID,VALID
92H-02687,2026-08-15 04:54:00,374.2,0,0.0,,,"Xã Phù Mỹ Tây, Tỉnh Gia Lai",,2.0,1,0,0.0,0.0,374.2,0.0,5.0,1,Stopped,0,0,0,0,0,VALID,VALID
92H-02687,2026-08-15 04:56:00,374.2,0,0.0,,,"Xã Phù Mỹ Tây, Tỉnh Gia Lai",,2.0,1,0,0.0,0.0,374.2,0.0,5.0,1,Stopped,0,0,0,0,0,VALID,VALID
92H-02687,2026-08-15 04:59:00,374.2,0,0.0,,,"Xã Phù Mỹ Tây, Tỉnh Gia Lai",,3.0,1,0,0.0,0.0,374.2,0.0,5.0,1,Stopped,0,0,0,0,0,VALID,VALID
92H-02687,2026-08-15 05:01:00,374.2,0,0.0,,,"Xã Phù Mỹ Tây, Tỉnh Gia Lai",,2.0,1,0,0.0,0.0,374.2,0.0,5.0,1,Stopped,0,0,0,0,0,VALID,VALID
92H-02687,2026-08-15 05:03:00,374.2,0,0.0,,,"Xã Phù Mỹ Tây, Tỉnh Gia Lai",,2.0,1,0,0.0,0.0,374.2,0.0,5.0,1,Stopped,0,0,0,0,0,VALID,VALID
92H-02687,2026-08-15 05:05:00,374.2,0,0.0,,,"Xã Phù Mỹ Tây, Tỉnh Gia Lai",,2.0,1,0,0.0,0.0,374.2,0.0,5.0,1,Stopped,0,0,0,0,0,VALID,VALID
92H-02687,2026-08-15 05:07:00,374.2,0,0.0,,,"Xã Phù Mỹ Tây, Tỉnh Gia Lai",,2.0,1,0,0.0,0.0,374.2,0.0,5.0,1,Stopped,0,0,0,0,0,VALID,VALID
92H-02687,2026-08-15 05:10:00,374.2,0,0.0,,,"Xã Phù Mỹ Tây, Tỉnh Gia Lai",,3.0,1,0,0.0,0.0,374.2,0.0,5.0,1,Stopped,0,0,0,0,0,VALID,VALID
92H-02687,2026-08-15 05:12:00,374.2,0,0.0,,,"Xã Phù Mỹ Tây, Tỉnh Gia Lai",,2.0,1,0,0.0,0.0,374.2,0.0,5.0,1,Stopped,0,0,0,0,0,VALID,VALID
92H-02687,2026-08-15 05:14:00,374.2,0,0.0,,,"Xã Phù Mỹ Tây, Tỉnh Gia Lai",,2.0,1,0,0.0,0.0,374.2,0.0,5.0,1,Stopped,0,0,0,0,0,VALID,VALID
92H-02687,2026-08-15 05:16:00,374.2,0,0.0,,,"Xã Phù Mỹ Tây, Tỉnh Gia Lai",,2.0,1,0,0.0,0.0,374.2,0.0,5.0,1,Stopped,0,0,0,0,0,VALID,VALID
92H-02687,2026-08-15 05:18:00,374.2,0,0.0,,,"Xã Phù Mỹ Tây, Tỉnh Gia Lai",,2.0,1,0,0.0,0.0,374.2,0.0,5.0,1,Stopped,0,0,0,0,0,VALID,VALID
92H-02687,2026-08-15 05:20:00,374.2,0,0.0,,,"Xã Phù Mỹ Tây, Tỉnh Gia Lai",,2.0,1,0,0.0,0.0,374.2,0.0,5.0,1,Stopped,0,0,0,0,0,VALID,VALID
92H-02687,2026-08-15 05:22:00,374.2,0,0.0,,,"Xã Phù Mỹ Tây, Tỉnh Gia Lai",,2.0,1,0,0.0,0.0,374.2,0.0,5.0,1,Stopped,0,0,0,0,0,VALID,VALID
92H-02687,2026-08-15 05:24:00,374.0,0,0.0,,,"Xã Phù Mỹ Tây, Tỉnh Gia Lai",,2.0,1,0,-0.19999999999998863,-0.09999999999999432,374.2,0.08944271528471424,5.0,1,Stopped,0,0,0,0,0,VALID,VALID
92H-02687,2026-08-15 05:26:00,373.9,0,0.0,,,"Xã Phù Mỹ Tây, Tỉnh Gia Lai",,2.0,1,0,-0.10000000000002274,-0.05000000000001137,374.2,0.14142135382443305,5.0,1,Stopped,0,0,0,0,0,VALID,VALID
92H-02687,2026-08-15 05:28:00,373.9,0,0.0,,,"Xã Phù Mỹ Tây, Tỉnh Gia Lai",,2.0,1,0,0.0,0.0,374.0,0.15165750663112157,5.0,1,Stopped,0,0,0,0,0,VALID,VALID
92H-02687,2026-08-15 05:30:00,373.6,53,0.44166666666666665,,,"Cao tốc Hoài Nhơn-Quy Nhơn, Xã Phù Mỹ Tây, Tỉnh Gia Lai",,2.0,1,0,-0.2999999999999545,-0.14999999999997726,373.9,0.21679483231299837,5.0,1,Moving,0,0,0,0,0,VALID,VALID
92H-02687,2026-08-15 05:32:00,374.8,78,0.20833333333333334,,,"Cao tốc Hoài Nhơn-Quy Nhơn, Xã Phù Mỹ Tây, Tỉnh Gia Lai",,2.0,1,0,1.1999999999999886,0.5999999999999943,373.9,0.4505552122854298,5.0,1,Moving,0,0,0,0,0,VALID,VALID
92H-02687,2026-08-15 05:34:00,372.6,61,-0.14166666666666666,,,"Cao tốc Hoài Nhơn-Quy Nhơn, Xã Phù Mỹ Tây, Tỉnh Gia Lai",,2.0,1,0,-2.1999999999999886,-1.0999999999999943,373.9,0.7893034899946265,5.0,1,Moving,0,0,0,0,0,VALID,VALID
92H-02687,2026-08-15 05:36:00,372.4,68,0.058333333333333334,,,"Cao tốc Hoài Nhơn-Quy Nhơn, Xã Hoài Ân, Tỉnh Gia Lai",,2.0,1,0,-0.20000000000004547,-0.10000000000002274,373.6,0.9838699097532487,5.0,1,Moving,0,0,0,0,0,VALID,VALID
92H-02687,2026-08-15 05:38:00,367.6,76,0.06666666666666667,,,"Cao tốc Hoài Nhơn-Quy Nhơn, Xã Hoài Ân, Tỉnh Gia Lai",,2.0,1,0,-4.7999999999999545,-2.3999999999999773,372.6,2.7422618400361527,5.0,1,Moving,0,0,0,0,0,VALID,VALID
92H-02687,2026-08-15 05:40:00,367.7,74,-0.016666666666666666,,,"Cao tốc Hoài Nhơn-Quy Nhơn, Xã Hoài Ân, Tỉnh Gia Lai",,2.0,1,0,0.0999999999999659,0.04999999999998295,372.4,3.2174524082446156,5.0,1,Moving,0,0,0,0,0,VALID,VALID
92H-02687,2026-08-15 05:42:00,367.7,78,0.03333333333333333,,,"Cao tốc Hoài Nhơn-Quy Nhơn, Xã Hoài Ân, Tỉnh Gia Lai",,2.0,1,0,0.0,0.0,367.7,2.6485845275014,5.0,1,Moving,0,0,0,0,0,VALID,VALID
92H-02687,2026-08-15 05:44:00,367.4,78,0.0,,,"Cao tốc Hoài Nhơn-Quy Nhơn, Xã Hoài Ân, Tỉnh Gia Lai",,2.0,1,0,-0.30000000000001137,-0.15000000000000568,367.7,2.150116275767498,5.0,1,Moving,0,0,0,0,0,VALID,VALID
92H-02687,2026-08-15 05:46:00,366.1,79,0.008333333333333333,,,"Cao tốc Hoài Nhơn-Quy Nhơn, Xã Hoài Ân, Tỉnh Gia Lai",,2.0,1,0,-1.2999999999999545,-0.6499999999999773,367.6,0.6819090843513663,5.0,1,Moving,0,0,0,0,0,VALID,VALID
92H-02687,2026-08-15 05:48:00,366.0,76,-0.025,,,"Cao tốc Hoài Nhơn-Quy Nhơn, Xã Vạn Đức, Tỉnh Gia Lai",,2.0,1,0,-0.10000000000002274,-0.05000000000001137,367.4,0.8584870408579677,5.0,1,Moving,0,0,0,0,0,VALID,VALID
92H-02687,2026-08-15 05:50:00,365.7,79,0.025,,,"Cao tốc Quảng Ngãi-Hoài Nhơn, Xã Ân Hảo, Tỉnh Gia Lai",,2.0,1,0,-0.30000000000001137,-0.15000000000000568,366.1,0.9038805227026834,5.0,1,Moving,0,0,0,0,0,VALID,VALID
92H-02687,2026-08-15 05:52:00,363.9,76,-0.025,,,"Cao tốc Quảng Ngãi-Hoài Nhơn, Phường Bồng Sơn, Tỉnh Gia Lai",,2.0,1,0,-1.8000000000000114,-0.9000000000000057,366.0,1.255786605805994,5.0,1,Moving,0,0,0,0,0,VALID,VALID
92H-02687,2026-08-15 05:54:00,362.6,72,-0.03333333333333333,,,"Cao tốc Quảng Ngãi-Hoài Nhơn, Phường Hoài Nhơn Nam, Tỉnh Gia Lai",,2.0,1,0,-1.2999999999999545,-0.6499999999999773,365.7,1.54693244820913,5.0,1,Moving,0,0,0,0,0,VALID,VALID
92H-02687,2026-08-15 05:56:00,362.3,76,0.03333333333333333,,,"Phường Hoài Nhơn, Tỉnh Gia Lai",,2.0,1,0,-0.30000000000001137,-0.15000000000000568,363.9,1.7102631374507036,5.0,1,Moving,0,0,0,0,0,VALID,VALID
92H-02687,2026-08-15 05:58:00,361.4,53,-0.19166666666666668,,,"Cao tốc Quảng Ngãi-Hoài Nhơn, Phường Hoài Nhơn, Tỉnh Gia Lai",,2.0,1,0,-0.9000000000000341,-0.45000000000001705,362.6,1.6694310406013695,5.0,1,Moving,0,0,0,0,0,VALID,VALID
92H-02687,2026-08-15 06:00:00,360.5,73,0.16666666666666666,,,"Cao tốc Quảng Ngãi-Hoài Nhơn, Phường Hoài Nhơn Tây, Tỉnh Gia Lai",,2.0,1,0,-0.8999999999999773,-0.44999999999998863,362.3,1.2817956152695023,5.0,1,Moving,0,0,0,0,0,VALID,VALID
92H-02687,2026-08-15 06:02:00,360.4,74,0.008333333333333333,,,"Cao tốc Quảng Ngãi-Hoài Nhơn, Phường Hoài Nhơn Tây, Tỉnh Gia Lai",,2.0,1,0,-0.10000000000002274,-0.05000000000001137,361.4,1.0064790108713786,5.0,1,Moving,0,0,0,0,0,VALID,VALID
92H-02687,2026-08-15 06:04:00,359.9,75,0.008333333333333333,,,"Cao tốc Quảng Ngãi-Hoài Nhơn, Phường Tam Quan, Tỉnh Gia Lai",,2.0,1,0,-0.5,-0.25,360.5,0.9513148791672411,5.0,1,Moving,0,0,0,0,0,VALID,VALID
92H-02687,2026-08-15 06:06:00,358.8,75,0.0,,,"Cao tốc Quảng Ngãi-Hoài Nhơn, Phường Hoài Nhơn Bắc, Tỉnh Gia Lai",,2.0,1,0,-1.099999999999966,-0.549999999999983,360.4,0.9513148791674503,5.0,1,Moving,0,0,0,0,0,VALID,VALID
92H-02687,2026-08-15 06:08:00,357.6,77,0.016666666666666666,,,"Cao tốc Quảng Ngãi-Hoài Nhơn, Phường Hoài Nhơn Bắc, Tỉnh Gia Lai",,2.0,1,0,-1.1999999999999886,-0.5999999999999943,359.9,1.2300406494607328,5.0,1,Moving,0,0,0,0,0,VALID,VALID
92H-02687,2026-08-15 06:10:00,357.4,79,0.016666666666666666,,,"Cao tốc Quảng Ngãi-Hoài Nhơn, Phường Hoài Nhơn Bắc, Tỉnh Gia Lai",,2.0,1,0,-0.20000000000004547,-0.10000000000002274,358.8,1.3386560422028337,5.0,1,Moving,0,0,0,0,0,VALID,VALID
92H-02687,2026-08-15 06:12:00,356.4,40,-0.325,,,"Cao tốc Quảng Ngãi-Hoài Nhơn, Phường Hoài Nhơn Bắc, Tỉnh Gia Lai",,2.0,1,0,-1.0,-0.5,357.6,1.353513945006348,5.0,1,Moving,0,0,0,0,0,VALID,VALID
92H-02687,2026-08-15 06:14:00,356.7,0,-0.3333333333333333,,,"Cao tốc Quảng Ngãi-Hoài Nhơn, Phường Hoài Nhơn Bắc, Tỉnh Gia Lai",,2.0,1,0,0.30000000000001137,0.15000000000000568,357.4,0.9338094020339671,5.0,1,Stopped,0,0,0,0,0,VALID,VALID
92H-02687,2026-08-15 06:16:00,355.2,0,0.0,,,"Cao tốc Quảng Ngãi-Hoài Nhơn, Phường Hoài Nhơn Bắc, Tỉnh Gia Lai",,2.0,1,0,-1.5,-0.75,356.7,0.9528903396128077,5.0,1,Stopped,0,0,0,0,0,VALID,VALID
92H-02687,2026-08-15 06:18:00,353.9,0,0.0,,,"Cao tốc Quảng Ngãi-Hoài Nhơn, Xã Khánh Cường, Tỉnh Quảng Ngãi",,2.0,1,0,-1.3000000000000114,-0.6500000000000057,356.4,1.3809417074329304,5.0,1,Stopped,0,0,0,0,0,VALID,VALID
92H-02687,2026-08-15 06:20:00,351.0,74,0.6166666666666667,,,"Cao tốc Quảng Ngãi-Hoài Nhơn, Xã Khánh Cường, Tỉnh Quảng Ngãi",,2.0,1,0,-2.8999999999999773,-1.4499999999999886,355.2,2.315815191099763,5.0,1,Moving,0,0,0,0,0,VALID,VALID
92H-02687,2026-08-15 06:22:00,349.2,73,-0.008333333333333333,,,"Cao tốc Quảng Ngãi-Hoài Nhơn, Xã Khánh Cường, Tỉnh Quảng Ngãi",,2.0,1,0,-1.8000000000000114,-0.9000000000000057,353.9,3.065126424689406,5.0,1,Moving,0,0,0,0,0,VALID,VALID
92H-02687,2026-08-15 06:24:00,349.4,70,-0.025,,,"Cao tốc Quảng Ngãi-Hoài Nhơn, Xã Khánh Cường, Tỉnh Quảng Ngãi",,2.0,1,0,0.19999999999998863,0.09999999999999432,351.0,2.6977768624054366,5.0,1,Moving,0,0,0,0,0,VALID,VALID
92H-02687,2026-08-15 06:26:00,349.7,79,0.075,,,"Cao tốc Quảng Ngãi-Hoài Nhơn, Phường Đức Phổ, Tỉnh Quảng Ngãi",,2.0,1,0,0.30000000000001137,0.15000000000000568,349.7,1.952690451487583,5.0,1,Moving,0,0,0,0,0,VALID,VALID
92H-02687,2026-08-15 06:28:00,349.7,75,-0.03333333333333333,,,"Cao tốc Quảng Ngãi-Hoài Nhơn, Phường Đức Phổ, Tỉnh Quảng Ngãi",,2.0,1,0,0.0,0.0,349.7,0.7035623634982738,5.0,1,Moving,0,0,0,0,0,VALID,VALID
92H-02687,2026-08-15 06:30:00,349.4,79,0.03333333333333333,,,"Cao tốc Quảng Ngãi-Hoài Nhơn, Phường Đức Phổ, Tỉnh Quảng Ngãi",,2.0,1,0,-0.30000000000001137,-0.15000000000000568,349.4,0.21679483234492675,5.0,1,Moving,0,0,0,0,0,VALID,VALID
92H-02687,2026-08-15 06:32:00,348.3,77,-0.016666666666666666,,,"Cao tốc Quảng Ngãi-Hoài Nhơn, Xã Nguyễn Nghiêm, Tỉnh Quảng Ngãi",,2.0,1,0,-1.099999999999966,-0.549999999999983,349.4,0.5787918445620697,5.0,1,Moving,0,0,0,0,0,VALID,VALID
92H-02687,2026-08-15 06:34:00,347.2,77,0.0,,,"Cao tốc Quảng Ngãi-Hoài Nhơn, Xã Nguyễn Nghiêm, Tỉnh Quảng Ngãi",,2.0,1,0,-1.1000000000000227,-0.5500000000000114,349.4,1.0922453933671898,5.0,1,Moving,0,0,0,0,0,VALID,VALID
92H-02687,2026-08-15 06:36:00,346.9,77,0.0,,,"Cao tốc Quảng Ngãi-Hoài Nhơn, Xã Nguyễn Nghiêm, Tỉnh Quảng Ngãi",,2.0,1,0,-0.30000000000001137,-0.15000000000000568,348.3,1.2589678309362067,5.0,1,Moving,0,0,0,0,0,VALID,VALID
92H-02687,2026-08-15 06:38:00,345.8,76,-0.008333333333333333,,,"Cao tốc Quảng Ngãi-Hoài Nhơn, Xã Lân Phong, Tỉnh Quảng Ngãi",,2.0,1,0,-1.099999999999966,-0.549999999999983,347.2,1.3773162306938245,5.0,1,Moving,0,0,0,0,0,VALID,VALID
92H-02687,2026-08-15 06:40:00,345.7,76,0.0,,,"Cao tốc Quảng Ngãi-Hoài Nhơn, Xã Lân Phong, Tỉnh Quảng Ngãi",,2.0,1,0,-0.10000000000002274,-0.05000000000001137,346.9,1.0756393444519887,5.0,1,Moving,0,0,0,0,0,VALID,VALID
92H-02687,2026-08-15 06:42:00,343.8,78,0.016666666666666666,,,"Cao tốc Quảng Ngãi-Hoài Nhơn, Xã Mộ Đức, Tỉnh Quảng Ngãi",,2.0,1,0,-1.8999999999999773,-0.9499999999999886,345.8,1.3367871929868536,5.0,1,Moving,0,0,0,0,0,VALID,VALID
92H-02687,2026-08-15 06:44:00,343.5,79,0.008333333333333333,,,"Cao tốc Quảng Ngãi-Hoài Nhơn, Xã Mộ Đức, Tỉnh Quảng Ngãi",,2.0,1,0,-0.30000000000001137,-0.15000000000000568,345.7,1.4432601980703945,5.0,1,Moving,0,0,0,0,0,VALID,VALID
92H-02687,2026-08-15 06:46:00,342.6,76,-0.025,,,"Cao tốc Quảng Ngãi-Hoài Nhơn, Xã Đình Cương, Tỉnh Quảng Ngãi",,2.0,1,0,-0.8999999999999773,-0.44999999999998863,343.8,1.4131525039197865,5.0,1,Moving,0,0,0,0,0,VALID,VALID
92H-02687,2026-08-15 06:48:00,341.6,76,0.0,,,"Cao tốc Quảng Ngãi-Hoài Nhơn, Xã Đình Cương, Tỉnh Quảng Ngãi",,2.0,1,0,-1.0,-0.5,343.5,1.5274161185922064,5.0,1,Moving,0,0,0,0,0,VALID,VALID
92H-02687,2026-08-15 06:50:00,341.3,78,0.016666666666666666,,,"Cao tốc Quảng Ngãi-Hoài Nhơn, Xã Đình Cương, Tỉnh Quảng Ngãi",,2.0,1,0,-0.30000000000001137,-0.15000000000000568,342.6,1.1104053311002695,5.0,1,Moving,0,0,0,0,0,VALID,VALID
92H-02687,2026-08-15 06:52:00,340.3,73,-0.041666666666666664,,,"Cao tốc Quảng Ngãi-Hoài Nhơn, Xã Đình Cương, Tỉnh Quảng Ngãi",,2.0,1,0,-1.0,-0.5,341.6,1.2300406494650395,5.0,1,Moving,0,0,0,0,0,VALID,VALID
92H-02687,2026-08-15 06:54:00,339.4,80,0.058333333333333334,,,"Cao tốc Quảng Ngãi-Hoài Nhơn, Xã Phước Giang, Tỉnh Quảng Ngãi",,2.0,1,0,-0.9000000000000341,-0.45000000000001705,341.3,1.2300406494653027,5.0,1,Moving,0,0,0,0,0,VALID,VALID
92H-02687,2026-08-15 06:56:00,338.2,78,-0.016666666666666666,,,"Cao tốc Quảng Ngãi-Hoài Nhơn, Xã Phước Giang, Tỉnh Quảng Ngãi",,2.0,1,0,-1.1999999999999886,-0.5999999999999943,340.3,1.397497763625289,5.0,1,Moving,0,0,0,0,0,VALID,VALID
92H-02687,2026-08-15 06:58:00,337.2,77,-0.008333333333333333,,,"Cao tốc Quảng Ngãi-Hoài Nhơn, Xã Phước Giang, Tỉnh Quảng Ngãi",,2.0,1,0,-1.0,-0.5,339.4,1.630030674355051,5.0,1,Moving,0,0,0,0,0,VALID,VALID
92H-02687,2026-08-15 07:00:00,336.0,79,0.016666666666666666,,,"Cao tốc Quảng Ngãi-Hoài Nhơn, Xã Nghĩa Giang, Tỉnh Quảng Ngãi",,2.0,1,0,-1.1999999999999886,-0.5999999999999943,338.2,1.7093858544340363,5.0,1,Moving,0,0,0,0,0,VALID,VALID
92H-02687,2026-08-15 07:02:00,334.8,69,-0.08333333333333333,,,"Cao tốc Quảng Ngãi-Hoài Nhơn, Xã Nghĩa Giang, Tỉnh Quảng Ngãi",,2.0,1,0,-1.1999999999999886,-0.5999999999999943,337.2,1.8033302524329784,5.0,1,Moving,0,0,0,0,0,VALID,VALID
92H-02687,2026-08-15 07:04:00,334.7,85,0.13333333333333333,,,"Cao tốc Đà Nẵng-Quảng Ngãi, Xã Nghĩa Giang, Tỉnh Quảng Ngãi",,2.0,1,0,-0.10000000000002274,-0.05000000000001137,336.0,1.520526224483057,5.0,1,Moving,0,0,0,0,0,VALID,VALID
92H-02687,2026-08-15 07:06:00,334.4,87,0.016666666666666666,,,"Cao tốc Đà Nẵng-Quảng Ngãi, Xã Sơn Tịnh, Tỉnh Quảng Ngãi",,2.0,1,0,-0.30000000000001137,-0.15000000000000568,334.8,1.1670475565893934,5.0,1,Moving,0,0,0,0,0,VALID,VALID
92H-02687,2026-08-15 07:08:00,333.1,86,-0.008333333333333333,,,"Cao tốc Đà Nẵng-Quảng Ngãi, Xã Sơn Tịnh, Tỉnh Quảng Ngãi",,2.0,1,0,-1.2999999999999545,-0.6499999999999773,334.7,1.0368220673490098,5.0,1,Moving,0,0,0,0,0,VALID,VALID
92H-02687,2026-08-15 07:10:00,331.3,83,-0.025,,,"Cao tốc Đà Nẵng-Quảng Ngãi, Xã Thọ Phong, Tỉnh Quảng Ngãi",,2.0,1,0,-1.8000000000000114,-0.9000000000000057,334.4,1.4842506524649386,5.0,1,Moving,0,0,0,0,0,VALID,VALID
92H-02687,2026-08-15 07:12:00,330.9,88,0.041666666666666664,,,"Cao tốc Đà Nẵng-Quảng Ngãi, Xã Thọ Phong, Tỉnh Quảng Ngãi",,2.0,1,0,-0.4000000000000341,-0.20000000000001705,333.1,1.7383900596078092,5.0,1,Moving,0,0,0,0,0,VALID,VALID
92H-02687,2026-08-15 07:14:00,330.6,73,-0.125,,,"Cao tốc Đà Nẵng-Quảng Ngãi, Xã Thọ Phong, Tỉnh Quảng Ngãi",,2.0,1,0,-0.2999999999999545,-0.14999999999997726,331.3,1.6288032414456695,5.0,1,Moving,0,0,0,0,0,VALID,VALID
92H-02687,2026-08-15 07:16:00,326.7,88,0.125,,,"Cao tốc Đà Nẵng-Quảng Ngãi, Xã Bình Sơn, Tỉnh Quảng Ngãi",,2.0,1,0,-3.900000000000034,-1.950000000000017,330.9,2.34563424244814,5.0,1,Moving,0,0,0,0,0,VALID,VALID
92H-02687,2026-08-15 07:18:00,326.4,84,-0.03333333333333333,,,"Cao tốc Đà Nẵng-Quảng Ngãi, Xã Bình Sơn, Tỉnh Quảng Ngãi",,2.0,1,0,-0.30000000000001137,-0.15000000000000568,330.6,2.415988410432945,5.0,1,Moving,0,0,0,0,0,VALID,VALID
92H-02687,2026-08-15 07:20:00,326.3,79,-0.041666666666666664,,,"Cao tốc Đà Nẵng-Quảng Ngãi, Xã Bình Sơn, Tỉnh Quảng Ngãi",,2.0,1,0,-0.0999999999999659,-0.04999999999998295,326.7,2.353083083817276,5.0,1,Moving,0,0,0,0,0,VALID,VALID
92H-02687,2026-08-15 07:22:00,325.3,62,-0.14166666666666666,,,"Cao tốc Đà Nẵng-Quảng Ngãi, Xã Bình Sơn, Tỉnh Quảng Ngãi",,2.0,1,0,-1.0,-0.5,326.4,2.0476816157175977,5.0,1,Moving,0,0,0,0,0,VALID,VALID
92H-02687,2026-08-15 07:24:00,325.0,86,0.2,,,"Cao tốc Đà Nẵng-Quảng Ngãi, Xã Núi Thành, TP Đà Nẵng",,2.0,1,0,-0.30000000000001137,-0.15000000000000568,326.3,0.7436396972651342,5.0,1,Moving,0,0,0,0,0,VALID,VALID
92H-02687,2026-08-15 07:26:00,323.7,84,-0.016666666666666666,,,"Cao tốc Đà Nẵng-Quảng Ngãi, Xã Núi Thành, TP Đà Nẵng",,2.0,1,0,-1.3000000000000114,-0.6500000000000057,325.3,1.1013627918851265,5.0,1,Moving,0,0,0,0,0,VALID,VALID
92H-02687,2026-08-15 07:28:00,322.5,93,0.075,,,"Cao tốc Đà Nẵng-Quảng Ngãi, Xã Núi Thành, TP Đà Nẵng",,2.0,1,0,-1.1999999999999886,-0.5999999999999943,325.0,1.4791889667481777,5.0,1,Moving,0,0,0,0,0,VALID,VALID
92H-02687,2026-08-15 07:30:00,321.4,89,-0.03333333333333333,,,"Cao tốc Đà Nẵng-Quảng Ngãi, Xã Tam Mỹ, TP Đà Nẵng",,2.0,1,0,-1.1000000000000227,-0.5500000000000114,323.7,1.651363073146009,5.0,1,Moving,0,0,0,0,0,VALID,VALID
92H-02687,2026-08-15 07:32:00,321.2,89,0.0,,,"Cao tốc Đà Nẵng-Quảng Ngãi, Xã Tam Mỹ, TP Đà Nẵng",,2.0,1,0,-0.19999999999998863,-0.09999999999999432,322.5,1.600937225299846,5.0,1,Moving,0,0,0,0,0,VALID,VALID
92H-02687,2026-08-15 07:34:00,320.0,91,0.016666666666666666,,,"Cao tốc Đà Nẵng-Quảng Ngãi, Xã Núi Thành, TP Đà Nẵng",,2.0,1,0,-1.1999999999999886,-0.5999999999999943,321.4,1.40107101866802,5.0,1,Moving,0,0,0,0,0,VALID,VALID
92H-02687,2026-08-15 07:36:00,318.4,87,-0.03333333333333333,,,"Cao tốc Đà Nẵng-Quảng Ngãi, Xã Tam Anh, TP Đà Nẵng",,2.0,1,0,-1.6000000000000227,-0.8000000000000114,321.2,1.5620499349739705,5.0,1,Moving,0,0,0,0,0,VALID,VALID
92H-02687,2026-08-15 07:38:00,317.0,90,0.025,,,"Cao tốc Đà Nẵng-Quảng Ngãi, Xã Tam Anh, TP Đà Nẵng",,2.0,1,0,-1.3999999999999773,-0.6999999999999886,320.0,1.8814887720507174,5.0,1,Moving,0,0,0,0,0,VALID,VALID
92H-02687,2026-08-15 07:40:00,316.0,91,0.008333333333333333,,,"Cao tốc Đà Nẵng-Quảng Ngãi, Xã Tam Anh, TP Đà Nẵng",,2.0,1,0,-1.0,-0.5,318.4,2.1241468874241334,5.0,1,Moving,0,0,0,0,0,VALID,VALID
92H-02687,2026-08-15 07:42:00,315.0,92,0.008333333333333333,,,"Cao tốc Đà Nẵng-Quảng Ngãi, Xã Tam Xuân, TP Đà Nẵng",,2.0,1,0,-1.0,-0.5,317.0,1.9728152471416447,5.0,1,Moving,0,0,0,0,0,VALID,VALID
92H-02687,2026-08-15 07:44:00,314.7,86,-0.05,,,"Cao tốc Đà Nẵng-Quảng Ngãi, Xã Tam Xuân, TP Đà Nẵng",,2.0,1,0,-0.30000000000001137,-0.15000000000000568,316.0,1.5172343257899745,5.0,1,Moving,0,0,0,0,0,VALID,VALID
92H-02687,2026-08-15 07:46:00,313.4,87,0.008333333333333333,,,"Cao tốc Đà Nẵng-Quảng Ngãi, Xã Phú Ninh, TP Đà Nẵng",,2.0,1,0,-1.3000000000000114,-0.6500000000000057,315.0,1.3608820666597854,5.0,1,Moving,0,0,0,0,0,VALID,VALID
92H-02687,2026-08-15 07:48:00,312.5,88,0.008333333333333333,,,"Cao tốc Đà Nẵng-Quảng Ngãi, Xã Chiên Đàn, TP Đà Nẵng",,2.0,1,0,-0.8999999999999773,-0.44999999999998863,314.7,1.3773162307026217,5.0,1,Moving,0,0,0,0,0,VALID,VALID
92H-02687,2026-08-15 07:50:00,311.3,79,-0.075,,,"Cao tốc Đà Nẵng-Quảng Ngãi, Xã Chiên Đàn, TP Đà Nẵng",,2.0,1,0,-1.1999999999999886,-0.5999999999999943,313.4,1.5385057683861607,5.0,1,Moving,0,0,0,0,0,VALID,VALID
92H-02687,2026-08-15 07:52:00,310.4,89,0.08333333333333333,,,"Cao tốc Đà Nẵng-Quảng Ngãi, Xã Tây Hồ, TP Đà Nẵng",,2.0,1,0,-0.9000000000000341,-0.45000000000001705,312.5,1.6949926251633556,5.0,1,Moving,0,0,0,0,0,VALID,VALID
92H-02687,2026-08-15 07:54:00,309.4,91,0.016666666666666666,,,"Cao tốc Đà Nẵng-Quảng Ngãi, Xã Tây Hồ, TP Đà Nẵng",,2.0,1,0,-1.0,-0.5,311.3,1.5984367361140348,5.0,1,Moving,0,0,0,0,0,VALID,VALID
92H-02687,2026-08-15 07:56:00,308.4,89,-0.016666666666666666,,,"Cao tốc Đà Nẵng-Quảng Ngãi, Xã Thăng Điền, TP Đà Nẵng",,2.0,1,0,-1.0,-0.5,310.4,1.5984367361142526,5.0,1,Moving,0,0,0,0,0,VALID,VALID
92H-02687,2026-08-15 07:58:00,307.5,88,-0.008333333333333333,,,"Cao tốc Đà Nẵng-Quảng Ngãi, Xã Thăng Phú, TP Đà Nẵng",,2.0,1,0,-0.8999999999999773,-0.44999999999998863,309.4,1.5182226448582081,5.0,1,Moving,0,0,0,0,0,VALID,VALID
92H-02687,2026-08-15 08:00:00,306.2,89,0.008333333333333333,,,"Cao tốc Đà Nẵng-Quảng Ngãi, Xã Thăng Phú, TP Đà Nẵng",,2.0,1,0,-1.3000000000000114,-0.6500000000000057,308.4,1.6315636669651794,5.0,1,Moving,0,0,0,0,0,VALID,VALID
92H-02687,2026-08-15 08:02:00,305.0,88,-0.008333333333333333,,,"Cao tốc Đà Nẵng-Quảng Ngãi, Xã Thăng Bình, TP Đà Nẵng",,2.0,1,0,-1.1999999999999886,-0.5999999999999943,307.5,1.7435595772331693,5.0,1,Moving,0,0,0,0,0,VALID,VALID
92H-02687,2026-08-15 08:04:00,303.4,5,-0.6916666666666667,,,"Xã Thăng Bình, TP Đà Nẵng",,2.0,1,0,-1.6000000000000227,-0.8000000000000114,306.2,1.9849433239672913,5.0,1,Moving,0,0,0,0,0,VALID,VALID
92H-02687,2026-08-15 08:06:00,301.3,9,0.03333333333333333,,,"Quốc Lộ 14E, Xã Thăng Bình, TP Đà Nẵng",,2.0,1,0,-2.099999999999966,-1.049999999999983,305.0,2.420123963635583,5.0,1,Moving,0,0,0,0,0,VALID,VALID
92H-02687,2026-08-15 08:08:00,302.5,31,0.18333333333333332,,,"Quốc Lộ 14E, Xã Thăng Bình, TP Đà Nẵng",,2.0,1,0,1.1999999999999886,0.5999999999999943,303.4,1.9511535048180615,5.0,1,Moving,0,0,0,0,0,VALID,VALID
92H-02687,2026-08-15 08:10:00,302.9,56,0.20833333333333334,,,"Xã Thăng Bình, TP Đà Nẵng",,2.0,1,0,0.39999999999997726,0.19999999999998863,302.9,1.3516656388930697,5.0,1,Moving,0,0,0,0,0,VALID,VALID
92H-02687,2026-08-15 08:12:00,302.6,44,-0.1,,,"Huỳnh Thúc Kháng, Xã Thăng Bình, TP Đà Nẵng",,2.0,1,0,-0.2999999999999545,-0.14999999999997726,302.6,0.7765307459234712,5.0,1,Moving,0,0,0,0,0,VALID,VALID
92H-02687,2026-08-15 08:14:00,300.4,53,0.075,,,"Quốc Lộ 1, Xã Thăng Bình, TP Đà Nẵng",,2.0,1,0,-2.2000000000000455,-1.1000000000000227,302.5,1.0549881512911965,5.0,1,Moving,0,0,0,0,0,VALID,VALID
92H-02687,2026-08-15 08:16:00,301.5,13,-0.3333333333333333,,,"Quốc Lộ 1, Xã Thăng Bình, TP Đà Nẵng",,2.0,1,0,1.1000000000000227,0.5500000000000114,302.5,1.0281050526890692,5.0,1,Moving,0,0,0,0,0,VALID,VALID
92H-02687,2026-08-15 08:18:00,300.4,60,0.39166666666666666,,,"Quốc Lộ 1, Xã Thăng Bình, TP Đà Nẵng",,2.0,1,0,-1.1000000000000227,-0.5500000000000114,301.5,1.1802542096366389,5.0,1,Moving,0,0,0,0,0,VALID,VALID
92H-02687,2026-08-15 08:20:00,300.3,51,-0.075,,,"Quốc Lộ 1, Xã Thăng Bình, TP Đà Nẵng",,2.0,1,0,-0.0999999999999659,-0.04999999999998295,300.4,1.0014988763674506,5.0,1,Moving,0,0,0,0,0,VALID,VALID
92H-02687,2026-08-15 08:22:00,300.0,45,-0.05,,,"Quốc Lộ 1, Xã Xuân Phú, TP Đà Nẵng",,2.0,1,0,-0.30000000000001137,-0.15000000000000568,300.4,0.571839137665017,5.0,1,Moving,0,0,0,0,0,VALID,VALID
92H-02687,2026-08-15 08:24:00,297.5,57,0.1,,,"Quốc Lộ 1, Xã Xuân Phú, TP Đà Nẵng",,2.0,1,0,-2.5,-1.25,300.3,1.47749788472461,5.0,1,Moving,0,0,0,0,0,VALID,VALID
92H-02687,2026-08-15 08:26:00,297.6,48,-0.075,,,"Quốc Lộ 1, Xã Xuân Phú, TP Đà Nẵng",,2.0,1,0,0.10000000000002274,0.05000000000001137,300.0,1.4774978847247018,5.0,1,Moving,0,0,0,0,0,VALID,VALID
92H-02687,2026-08-15 08:28:00,297.8,57,0.075,,,"Quốc Lộ 1, Xã Xuân Phú, TP Đà Nẵng",,2.0,1,0,0.19999999999998863,0.09999999999999432,297.8,1.3867227550473722,5.0,1,Moving,0,0,0,0,0,VALID,VALID
92H-02687,2026-08-15 08:30:00,297.6,47,-0.08333333333333333,,,"Quốc Lộ 1, Xã Xuân Phú, TP Đà Nẵng",,2.0,1,0,-0.19999999999998863,-0.09999999999999432,297.6,1.067707824906404,5.0,1,Moving,0,0,0,0,0,VALID,VALID
92H-02687,2026-08-15 08:32:00,297.5,43,-0.03333333333333333,,,"Quốc Lộ 1, Xã Duy Nghĩa, TP Đà Nẵng",,2.0,1,0,-0.10000000000002274,-0.05000000000001137,297.6,0.1224744845530484,5.0,1,Moving,0,0,0,0,0,VALID,VALID
92H-02687,2026-08-15 08:34:00,297.2,2,-0.3416666666666667,,,"Quốc Lộ 1, Xã Nam Phước, TP Đà Nẵng",,2.0,1,0,-0.30000000000001137,-0.15000000000000568,297.6,0.21908902155643784,5.0,1,Moving,0,0,0,0,0,VALID,VALID
92H-02687,2026-08-15 08:36:00,296.0,30,0.23333333333333334,,,"Quốc Lộ 1, Xã Nam Phước, TP Đà Nẵng",,2.0,1,0,-1.1999999999999886,-0.5999999999999943,297.5,0.7155417523573729,5.0,1,Moving,0,0,0,0,0,VALID,VALID
92H-02687,2026-08-15 08:38:00,295.9,0,-0.25,,,"Nguyễn Hoàng, Xã Nam Phước, TP Đà Nẵng",,2.0,1,0,-0.10000000000002274,-0.05000000000001137,297.2,0.826438140072684,5.0,1,Stopped,0,0,0,0,0,VALID,VALID
92H-02687,2026-08-15 08:40:00,294.9,0,0.0,,,"Nguyễn Hoàng, Xã Nam Phước, TP Đà Nẵng",,2.0,1,0,-1.0,-0.5,296.0,1.055935603797424,5.0,1,Stopped,0,0,0,0,0,VALID,VALID
92H-02687,2026-08-15 08:42:00,294.9,0,0.0,,,"Nguyễn Hoàng, Xã Nam Phước, TP Đà Nẵng",,2.0,1,0,0.0,0.0,295.9,0.9523654757325482,5.0,1,Stopped,0,0,0,0,0,VALID,VALID
92H-02687,2026-08-15 08:44:00,294.9,0,0.0,,,"Nguyễn Hoàng, Xã Nam Phước, TP Đà Nẵng",,2.0,1,0,0.0,0.0,294.9,0.5761944110866725,5.0,1,Stopped,0,0,0,0,0,VALID,VALID
92H-02687,2026-08-15 08:46:00,295.0,0,0.0,,,"Nguyễn Hoàng, Xã Nam Phước, TP Đà Nẵng",,2.0,1,0,0.10000000000002274,0.05000000000001137,294.9,0.438178045282508,5.0,1,Stopped,0,0,0,0,0,VALID,VALID
92H-02687,2026-08-15 08:48:00,295.0,0,0.0,,,"Nguyễn Hoàng, Xã Nam Phước, TP Đà Nẵng",,2.0,1,0,0.0,0.0,294.9,0.05477224997836127,5.0,1,Stopped,0,0,0,0,0,VALID,VALID
92H-02687,2026-08-15 08:50:00,295.0,0,0.0,,,"Nguyễn Hoàng, Xã Nam Phước, TP Đà Nẵng",,2.0,1,0,0.0,0.0,295.0,0.05477224997828084,5.0,1,Stopped,0,0,0,0,0,VALID,VALID
92H-02687,2026-08-15 08:52:00,295.0,0,0.0,,,"Nguyễn Hoàng, Xã Nam Phước, TP Đà Nẵng",,2.0,1,0,0.0,0.0,295.0,0.04472135248038698,5.0,1,Stopped,0,0,0,0,0,VALID,VALID
92H-02687,2026-08-15 08:55:00,295.0,0,0.0,,,"Nguyễn Hoàng, Xã Nam Phước, TP Đà Nẵng",,3.0,1,0,0.0,0.0,295.0,0.0,5.0,1,Stopped,0,0,0,0,0,VALID,VALID
92H-02687,2026-08-15 08:57:00,295.0,0,0.0,,,"Nguyễn Hoàng, Xã Nam Phước, TP Đà Nẵng",,2.0,1,0,0.0,0.0,295.0,0.0,5.0,1,Stopped,0,0,0,0,0,VALID,VALID
92H-02687,2026-08-15 08:59:00,295.0,0,0.0,,,"Nguyễn Hoàng, Xã Nam Phước, TP Đà Nẵng",,2.0,1,0,0.0,0.0,295.0,0.0,5.0,1,Stopped,0,0,0,0,0,VALID,VALID
92H-02687,2026-08-15 09:01:00,295.0,0,0.0,,,"Nguyễn Hoàng, Xã Nam Phước, TP Đà Nẵng",,2.0,1,0,0.0,0.0,295.0,0.0,5.0,1,Stopped,0,0,0,0,0,VALID,VALID
92H-02687,2026-08-15 09:03:00,295.0,0,0.0,,,"Nguyễn Hoàng, Xã Nam Phước, TP Đà Nẵng",,2.0,1,0,0.0,0.0,295.0,0.0,5.0,1,Stopped,0,0,0,0,0,VALID,VALID
92H-02687,2026-08-15 09:06:00,295.0,0,0.0,,,"Nguyễn Hoàng, Xã Nam Phước, TP Đà Nẵng",,3.0,1,0,0.0,0.0,295.0,0.0,5.0,1,Stopped,0,0,0,0,0,VALID,VALID
92H-02687,2026-08-15 09:08:00,295.0,0,0.0,,,"Nguyễn Hoàng, Xã Nam Phước, TP Đà Nẵng",,2.0,1,0,0.0,0.0,295.0,0.0,5.0,1,Stopped,0,0,0,0,0,VALID,VALID
92H-02687,2026-08-15 09:10:00,295.0,0,0.0,,,"Nguyễn Hoàng, Xã Nam Phước, TP Đà Nẵng",,2.0,1,0,0.0,0.0,295.0,0.0,5.0,1,Stopped,0,0,0,0,0,VALID,VALID
92H-02687,2026-08-15 09:12:00,295.0,0,0.0,,,"Nguyễn Hoàng, Xã Nam Phước, TP Đà Nẵng",,2.0,1,0,0.0,0.0,295.0,0.0,5.0,1,Stopped,0,0,0,0,0,VALID,VALID
92H-02687,2026-08-15 09:14:00,295.0,0,0.0,,,"Nguyễn Hoàng, Xã Nam Phước, TP Đà Nẵng",,2.0,1,0,0.0,0.0,295.0,0.0,5.0,1,Stopped,0,0,0,0,0,VALID,VALID
92H-02687,2026-08-15 09:16:00,295.0,0,0.0,,,"Nguyễn Hoàng, Xã Nam Phước, TP Đà Nẵng",,2.0,1,0,0.0,0.0,295.0,0.0,5.0,1,Stopped,0,0,0,0,0,VALID,VALID
92H-02687,2026-08-15 09:19:00,295.2,0,0.0,,,"Nguyễn Hoàng, Xã Nam Phước, TP Đà Nẵng",,3.0,1,0,0.19999999999998863,0.06666666666666288,295.0,0.08944271556509142,5.0,1,Stopped,0,0,0,0,0,VALID,VALID
92H-02687,2026-08-15 09:21:00,295.2,0,0.0,,,"Nguyễn Hoàng, Xã Nam Phước, TP Đà Nẵng",,2.0,1,0,0.0,0.0,295.0,0.10954450861477197,5.0,1,Stopped,0,0,0,0,0,VALID,VALID
92H-02687,2026-08-15 09:23:00,295.2,0,0.0,,,"Nguyễn Hoàng, Xã Nam Phước, TP Đà Nẵng",,2.0,1,0,0.0,0.0,295.2,0.1095445086147603,5.0,1,Stopped,0,0,0,0,0,VALID,VALID
92H-02687,2026-08-15 09:25:00,295.2,0,0.0,,,"Nguyễn Hoàng, Xã Nam Phước, TP Đà Nẵng",,2.0,1,0,0.0,0.0,295.2,0.08944271556504853,5.0,1,Stopped,0,0,0,0,0,VALID,VALID
92H-02687,2026-08-15 09:27:00,295.2,0,0.0,,,"Nguyễn Hoàng, Xã Nam Phước, TP Đà Nẵng",,2.0,1,0,0.0,0.0,295.2,0.0,5.0,1,Stopped,0,0,0,0,0,VALID,VALID
92H-02687,2026-08-15 09:30:00,295.2,0,0.0,,,"Nguyễn Hoàng, Xã Nam Phước, TP Đà Nẵng",,3.0,1,0,0.0,0.0,295.2,0.0,5.0,1,Stopped,0,0,0,0,0,VALID,VALID
92H-02687,2026-08-15 09:32:00,295.3,0,0.0,,,"Nguyễn Hoàng, Xã Nam Phước, TP Đà Nẵng",,2.0,1,0,0.10000000000002274,0.05000000000001137,295.2,0.044721352480186785,5.0,1,Stopped,0,0,0,0,0,VALID,VALID
92H-02687,2026-08-15 09:34:00,295.3,0,0.0,,,"Nguyễn Hoàng, Xã Nam Phước, TP Đà Nẵng",,2.0,1,0,0.0,0.0,295.2,0.0547722499780603,5.0,1,Stopped,0,0,0,0,0,VALID,VALID
92H-02687,2026-08-15 09:36:00,295.3,0,0.0,,,"Nguyễn Hoàng, Xã Nam Phước, TP Đà Nẵng",,2.0,1,0,0.0,0.0,295.3,0.05477224997808365,5.0,1,Stopped,0,0,0,0,0,VALID,VALID
92H-02687,2026-08-15 09:38:00,295.3,0,0.0,,,"Nguyễn Hoàng, Xã Nam Phước, TP Đà Nẵng",,2.0,1,0,0.0,0.0,295.3,0.044721352480272585,5.0,1,Stopped,0,0,0,0,0,VALID,VALID
92H-02687,2026-08-15 09:40:00,295.3,0,0.0,,,"Nguyễn Hoàng, Xã Nam Phước, TP Đà Nẵng",,2.0,1,0,0.0,0.0,295.3,0.0,5.0,1,Stopped,0,0,0,0,0,VALID,VALID
92H-02687,2026-08-15 09:43:00,295.3,0,0.0,,,"Nguyễn Hoàng, Xã Nam Phước, TP Đà Nẵng",,3.0,1,0,0.0,0.0,295.3,0.0,5.0,1,Stopped,0,0,0,0,0,VALID,VALID
92H-02687,2026-08-15 09:45:00,295.4,0,0.0,,,"Nguyễn Hoàng, Xã Nam Phước, TP Đà Nẵng",,2.0,1,0,0.0999999999999659,0.04999999999998295,295.3,0.04472135248037109,5.0,1,Stopped,0,0,0,0,0,VALID,VALID
92H-02687,2026-08-15 09:47:00,295.4,0,0.0,,,"Nguyễn Hoàng, Xã Nam Phước, TP Đà Nẵng",,2.0,1,0,0.0,0.0,295.3,0.05477224997825035,5.0,1,Stopped,0,0,0,0,0,VALID,VALID
92H-02687,2026-08-15 09:49:00,295.4,0,0.0,,,"Nguyễn Hoàng, Xã Nam Phước, TP Đà Nẵng",,2.0,1,0,0.0,0.0,295.4,0.05477224997831911,5.0,1,Stopped,0,0,0,0,0,VALID,VALID
92H-02687,2026-08-15 09:51:00,295.4,0,0.0,,,"Nguyễn Hoàng, Xã Nam Phước, TP Đà Nẵng",,2.0,1,0,0.0,0.0,295.4,0.04472135248062371,5.0,1,Stopped,0,0,0,0,0,VALID,VALID
92H-02687,2026-08-15 09:54:00,295.4,0,0.0,,,"Nguyễn Hoàng, Xã Nam Phước, TP Đà Nẵng",,3.0,1,0,0.0,0.0,295.4,0.0,5.0,1,Stopped,0,0,0,0,0,VALID,VALID
92H-02687,2026-08-15 09:56:00,295.4,0,0.0,,,"Nguyễn Hoàng, Xã Nam Phước, TP Đà Nẵng",,2.0,1,0,0.0,0.0,295.4,0.0,5.0,1,Stopped,0,0,0,0,0,VALID,VALID
92H-02687,2026-08-15 09:58:00,295.3,0,0.0,,,"Nguyễn Hoàng, Xã Nam Phước, TP Đà Nẵng",,2.0,1,0,-0.0999999999999659,-0.04999999999998295,295.4,0.04472135248062371,5.0,1,Stopped,0,0,0,0,0,VALID,VALID
92H-02687,2026-08-15 10:00:00,295.2,19,0.15833333333333333,,,"Điện Biên Phủ, Xã Nam Phước, TP Đà Nẵng",,2.0,1,0,-0.10000000000002274,-0.05000000000001137,295.4,0.08944271556520741,5.0,1,Moving,0,0,0,0,0,VALID,VALID
92H-02687,2026-08-15 10:02:00,295.3,56,0.30833333333333335,,,"Cầu Câu Lâu mới, Xã Nam Phước, TP Đà Nẵng",,2.0,1,0,0.10000000000002274,0.05000000000001137,295.3,0.08366599887451107,5.0,1,Moving,0,0,0,0,0,VALID,VALID
92H-02687,2026-08-15 10:04:00,293.4,41,-0.125,,,"Quốc Lộ 1, Phường Điện Bàn, TP Đà Nẵng",,2.0,1,0,-1.900000000000034,-0.950000000000017,295.3,0.8526429495207978,5.0,1,Moving,0,0,0,0,0,VALID,VALID
92H-02687,2026-08-15 10:06:00,293.4,45,0.03333333333333333,,,"Quốc Lộ 1, Phường Điện Bàn, TP Đà Nẵng",,2.0,1,0,0.0,0.0,295.2,1.023230179073806,5.0,1,Moving,0,0,0,0,0,VALID,VALID
92H-02687,2026-08-15 10:08:00,293.2,47,0.016666666666666666,,,"Quốc Lộ 1, Phường Điện Bàn, TP Đà Nẵng",,2.0,1,0,-0.19999999999998863,-0.09999999999999432,293.4,1.0535653749849907,5.0,1,Moving,0,0,0,0,0,VALID,VALID
92H-02687,2026-08-15 10:10:00,292.4,16,-0.25833333333333336,,,"Quốc Lộ 1, Phường An Thắng, TP Đà Nẵng",,2.0,1,0,-0.8000000000000114,-0.4000000000000057,293.4,1.0667708279509145,5.0,1,Moving,0,0,0,0,0,VALID,VALID
92H-02687,2026-08-15 10:12:00,292.2,46,0.25,,,"Cầu Giếng Trời, Phường An Thắng, TP Đà Nẵng",,2.0,1,0,-0.19999999999998863,-0.09999999999999432,293.2,0.5761944110860749,5.0,1,Moving,0,0,0,0,0,VALID,VALID
92H-02687,2026-08-15 10:14:00,292.1,46,0.0,,,"Quốc Lộ 1, Phường Điện Bàn Bắc, TP Đà Nẵng",,2.0,1,0,-0.0999999999999659,-0.04999999999998295,292.4,0.598331011536873,5.0,1,Moving,0,0,0,0,0,VALID,VALID
92H-02687,2026-08-15 10:16:00,290.9,42,-0.03333333333333333,,,"Quốc Lộ 1, Phường Điện Bàn Bắc, TP Đà Nẵng",,2.0,1,0,-1.2000000000000455,-0.6000000000000227,292.2,0.8264381400725465,5.0,1,Moving,0,0,0,0,0,VALID,VALID
92H-02687,2026-08-15 10:18:00,290.9,54,0.1,,,"Quốc Lộ 1, Phường Hòa Xuân, TP Đà Nẵng",,2.0,1,0,0.0,0.0,292.1,0.7382411525825454,5.0,1,Moving,0,0,0,0,0,VALID,VALID
92H-02687,2026-08-15 10:20:00,288.8,23,-0.25833333333333336,,,"Quốc Lộ 1, Phường Hòa Xuân, TP Đà Nẵng",,2.0,1,0,-2.099999999999966,-1.049999999999983,290.9,1.3700364956328854,5.0,1,Moving,0,0,0,0,0,VALID,VALID
92H-02687,2026-08-15 10:22:00,288.8,42,0.15833333333333333,,,"Quốc Lộ 1, Phường Hòa Xuân, TP Đà Nẵng",,2.0,1,0,0.0,0.0,290.9,1.4543039570068113,5.0,1,Moving,0,0,0,0,0,VALID,VALID
92H-02687,2026-08-15 10:24:00,288.5,52,0.08333333333333333,,,"Quốc Lộ 1, Phường Hòa Xuân, TP Đà Nẵng",,2.0,1,0,-0.30000000000001137,-0.15000000000000568,288.8,1.2111977540291567,5.0,1,Moving,0,0,0,0,0,VALID,VALID
92H-02687,2026-08-15 10:26:00,287.5,48,-0.03333333333333333,,,"Quốc Lộ 1, Phường Hòa Xuân, TP Đà Nẵng",,2.0,1,0,-1.0,-0.5,288.8,1.2389511690801112,5.0,1,Moving,0,0,0,0,0,VALID,VALID
92H-02687,2026-08-15 10:28:00,288.8,0,-0.4,,,"Trường Chinh, Phường Cẩm Lệ, TP Đà Nẵng",,2.0,1,0,1.3000000000000114,0.6500000000000057,288.8,0.5630275298462741,5.0,1,Stopped,0,0,0,0,0,VALID,VALID
92H-02687,2026-08-15 10:30:00,287.4,22,0.18333333333333332,,,"Cầu vượt Hòa Cầm, Phường Cẩm Lệ, TP Đà Nẵng",,2.0,1,0,-1.400000000000034,-0.700000000000017,288.5,0.6964194134030648,5.0,1,Moving,0,0,0,0,0,VALID,VALID
92H-02687,2026-08-15 10:32:00,286.2,21,-0.008333333333333333,,,"Cách Mạng Tháng 8, Phường Cẩm Lệ, TP Đà Nẵng",,2.0,1,0,-1.1999999999999886,-0.5999999999999943,287.5,1.028105052688903,5.0,1,Moving,0,0,0,0,0,VALID,VALID
92H-02687,2026-08-15 10:34:00,286.5,0,-0.175,,,"Cách Mạng Tháng 8, Phường Cẩm Lệ, TP Đà Nẵng",,2.0,1,0,0.30000000000001137,0.15000000000000568,287.4,1.0183319691359465,5.0,1,Stopped,0,0,0,0,0,VALID,VALID
92H-02687,2026-08-15 10:37:00,286.2,0,0.0,,,"Phường Cẩm Lệ, TP Đà Nẵng",,3.0,1,0,-0.30000000000001137,-0.1000000000000038,286.5,1.1099549537545152,5.0,1,Stopped,0,0,0,0,0,VALID,VALID
92H-02687,2026-08-15 10:39:00,286.2,0,0.0,,,"Phường Cẩm Lệ, TP Đà Nẵng",,2.0,1,0,0.0,0.0,286.2,0.519615241658608,5.0,1,Stopped,0,0,0,0,0,VALID,VALID
92H-02687,2026-08-15 10:41:00,286.0,0,0.0,,,"Phường Cẩm Lệ, TP Đà Nẵng",,2.0,1,0,-0.19999999999998863,-0.09999999999999432,286.2,0.17888543642184274,5.0,1,Stopped,0,0,0,0,0,VALID,VALID
92H-02687,2026-08-15 10:44:00,286.0,0,0.0,,,"Phường Cẩm Lệ, TP Đà Nẵng",,3.0,1,0,0.0,0.0,286.2,0.2049390137670632,5.0,1,Stopped,0,0,0,0,0,VALID,VALID
92H-02687,2026-08-15 10:46:00,286.0,0,0.0,,,"Phường Cẩm Lệ, TP Đà Nẵng",,2.0,1,0,0.0,0.0,286.0,0.10954450859707675,5.0,1,Stopped,0,0,0,0,0,VALID,VALID
92H-02687,2026-08-15 10:48:00,286.0,0,0.0,,,"Phường Cẩm Lệ, TP Đà Nẵng",,2.0,1,0,0.0,0.0,286.0,0.0894427155432922,5.0,1,Stopped,0,0,0,0,0,VALID,VALID
92H-02687,2026-08-15 10:50:00,286.0,0,0.0,,,"Phường Cẩm Lệ, TP Đà Nẵng",,2.0,1,0,0.0,0.0,286.0,0.0,5.0,1,Stopped,0,0,0,0,0,VALID,VALID
92H-02687,2026-08-15 10:52:00,286.0,0,0.0,,,"Phường Cẩm Lệ, TP Đà Nẵng",,2.0,1,0,0.0,0.0,286.0,0.0,5.0,1,Stopped,0,0,0,0,0,VALID,VALID
92H-02687,2026-08-15 10:54:00,286.0,0,0.0,,,"Phường Cẩm Lệ, TP Đà Nẵng",,2.0,1,0,0.0,0.0,286.0,0.0,5.0,1,Stopped,0,0,0,0,0,VALID,VALID
92H-02687,2026-08-15 10:57:00,286.0,0,0.0,,,"Phường Cẩm Lệ, TP Đà Nẵng",,3.0,1,0,0.0,0.0,286.0,0.0,5.0,1,Stopped,0,0,0,0,0,VALID,VALID
92H-02687,2026-08-15 10:59:00,286.0,0,0.0,,,"Phường Cẩm Lệ, TP Đà Nẵng",,2.0,1,0,0.0,0.0,286.0,0.0,5.0,1,Stopped,0,0,0,0,0,VALID,VALID
92H-02687,2026-08-15 11:01:00,286.0,0,0.0,,,"Phường Cẩm Lệ, TP Đà Nẵng",,2.0,1,0,0.0,0.0,286.0,0.0,5.0,1,Stopped,0,0,0,0,0,VALID,VALID
92H-02687,2026-08-15 11:03:00,286.0,0,0.0,,,"Phường Cẩm Lệ, TP Đà Nẵng",,2.0,1,0,0.0,0.0,286.0,0.0,5.0,1,Stopped,0,0,0,0,0,VALID,VALID
92H-02687,2026-08-15 11:05:00,286.0,0,0.0,,,"Phường Cẩm Lệ, TP Đà Nẵng",,2.0,1,0,0.0,0.0,286.0,0.0,5.0,1,Stopped,0,0,0,0,0,VALID,VALID
92H-02687,2026-08-15 11:07:00,286.0,0,0.0,,,"Phường Cẩm Lệ, TP Đà Nẵng",,2.0,1,0,0.0,0.0,286.0,0.0,5.0,1,Stopped,0,0,0,0,0,VALID,VALID
92H-02687,2026-08-15 11:08:00,286.0,0,0.0,,,"Phường Cẩm Lệ, TP Đà Nẵng",,1.0,1,0,0.0,0.0,286.0,0.0,5.0,1,Stopped,0,0,0,0,0,VALID,VALID
92H-02687,2026-08-15 11:10:00,286.0,0,0.0,,,"Phường Cẩm Lệ, TP Đà Nẵng",,2.0,1,0,0.0,0.0,286.0,0.0,5.0,1,Stopped,0,0,0,0,0,VALID,VALID
92H-02687,2026-08-15 11:13:00,285.9,0,0.0,,,"Phường Cẩm Lệ, TP Đà Nẵng",,3.0,1,0,-0.10000000000002274,-0.03333333333334091,286.0,0.04472135243640718,5.0,1,Stopped,0,0,0,0,0,VALID,VALID
92H-02687,2026-08-15 11:15:00,285.9,0,0.0,,,"Phường Cẩm Lệ, TP Đà Nẵng",,2.0,1,0,0.0,0.0,286.0,0.05477224994226771,5.0,1,Stopped,0,0,0,0,0,VALID,VALID
92H-02687,2026-08-15 11:17:00,285.9,0,0.0,,,"Phường Cẩm Lệ, TP Đà Nẵng",,2.0,1,0,0.0,0.0,285.9,0.05477224994224436,5.0,1,Stopped,0,0,0,0,0,VALID,VALID
92H-02687,2026-08-15 11:20:00,285.9,0,0.0,,,"Phường Cẩm Lệ, TP Đà Nẵng",,3.0,1,0,0.0,0.0,285.9,0.04472135243632139,5.0,1,Stopped,0,0,0,0,0,VALID,VALID
92H-02687,2026-08-15 11:22:00,285.9,0,0.0,,,"Phường Cẩm Lệ, TP Đà Nẵng",,2.0,1,0,0.0,0.0,285.9,0.0,5.0,1,Stopped,0,0,0,0,0,VALID,VALID
92H-02687,2026-08-15 11:24:00,285.9,0,0.0,,,"Phường Cẩm Lệ, TP Đà Nẵng",,2.0,1,0,0.0,0.0,285.9,0.0,5.0,1,Stopped,0,0,0,0,0,VALID,VALID
92H-02687,2026-08-15 11:26:00,285.9,0,0.0,,,"Phường Cẩm Lệ, TP Đà Nẵng",,2.0,1,0,0.0,0.0,285.9,0.0,5.0,1,Stopped,0,0,0,0,0,VALID,VALID
92H-02687,2026-08-15 11:28:00,285.9,0,0.0,,,"Phường Cẩm Lệ, TP Đà Nẵng",,2.0,1,0,0.0,0.0,285.9,0.0,5.0,1,Stopped,0,0,0,0,0,VALID,VALID
92H-02687,2026-08-15 11:30:00,285.9,0,0.0,,,"Phường Cẩm Lệ, TP Đà Nẵng",,2.0,1,0,0.0,0.0,285.9,0.0,5.0,1,Stopped,0,0,0,0,0,VALID,VALID
92H-02687,2026-08-15 11:33:00,285.9,0,0.0,,,"Phường Cẩm Lệ, TP Đà Nẵng",,3.0,1,0,0.0,0.0,285.9,0.0,5.0,1,Stopped,0,0,0,0,0,VALID,VALID
92H-02687,2026-08-15 11:35:00,285.9,0,0.0,,,"Phường Cẩm Lệ, TP Đà Nẵng",,2.0,1,0,0.0,0.0,285.9,0.0,5.0,1,Stopped,0,0,0,0,0,VALID,VALID
92H-02687,2026-08-15 11:37:00,285.9,0,0.0,,,"Phường Cẩm Lệ, TP Đà Nẵng",,2.0,1,0,0.0,0.0,285.9,0.0,5.0,1,Stopped,0,0,0,0,0,VALID,VALID
92H-02687,2026-08-15 11:39:00,285.9,0,0.0,,,"Phường Cẩm Lệ, TP Đà Nẵng",,2.0,1,0,0.0,0.0,285.9,0.0,5.0,1,Stopped,0,0,0,0,0,VALID,VALID
92H-02687,2026-08-15 11:41:00,285.9,0,0.0,,,"Phường Cẩm Lệ, TP Đà Nẵng",,2.0,1,0,0.0,0.0,285.9,0.0,5.0,1,Stopped,0,0,0,0,0,VALID,VALID
92H-02687,2026-08-15 11:44:00,285.9,0,0.0,,,"Phường Cẩm Lệ, TP Đà Nẵng",,3.0,1,0,0.0,0.0,285.9,0.0,5.0,1,Stopped,0,0,0,0,0,VALID,VALID
92H-02687,2026-08-15 11:46:00,285.9,0,0.0,,,"Cách Mạng Tháng 8, Phường Cẩm Lệ, TP Đà Nẵng",,2.0,1,0,0.0,0.0,285.9,0.0,5.0,1,Stopped,0,0,0,0,0,VALID,VALID
92H-02687,2026-08-15 11:48:00,285.9,0,0.0,,,"Cách Mạng Tháng 8, Phường Cẩm Lệ, TP Đà Nẵng",,2.0,1,0,0.0,0.0,285.9,0.0,5.0,1,Stopped,0,0,0,0,0,VALID,VALID
92H-02687,2026-08-15 11:50:00,285.7,0,0.0,,,"Cách Mạng Tháng 8, Phường Cẩm Lệ, TP Đà Nẵng",,2.0,1,0,-0.19999999999998863,-0.09999999999999432,285.9,0.08944271554313489,5.0,1,Stopped,0,0,0,0,0,VALID,VALID
92H-02687,2026-08-15 11:52:00,285.7,0,0.0,,,"Cách Mạng Tháng 8, Phường Cẩm Lệ, TP Đà Nẵng",,2.0,1,0,0.0,0.0,285.9,0.10954450859686789,5.0,1,Stopped,0,0,0,0,0,VALID,VALID
92H-02687,2026-08-15 11:54:00,285.7,0,0.0,,,"Cách Mạng Tháng 8, Phường Cẩm Lệ, TP Đà Nẵng",,2.0,1,0,0.0,0.0,285.7,0.10954450859687957,5.0,1,Stopped,0,0,0,0,0,VALID,VALID
92H-02687,2026-08-15 11:57:00,285.7,0,0.0,,,"Cách Mạng Tháng 8, Phường Cẩm Lệ, TP Đà Nẵng",,3.0,1,0,0.0,0.0,285.7,0.08944271554317779,5.0,1,Stopped,0,0,0,0,0,VALID,VALID
92H-02687,2026-08-15 11:59:00,285.7,0,0.0,,,"Cách Mạng Tháng 8, Phường Cẩm Lệ, TP Đà Nẵng",,2.0,1,0,0.0,0.0,285.7,0.0,5.0,1,Stopped,0,0,0,0,0,VALID,VALID
92H-02687,2026-08-15 12:01:00,285.7,0,0.0,,,"Cách Mạng Tháng 8, Phường Cẩm Lệ, TP Đà Nẵng",,2.0,1,0,0.0,0.0,285.7,0.0,5.0,1,Stopped,0,0,0,0,0,VALID,VALID
92H-02687,2026-08-15 12:03:00,285.7,0,0.0,,,"Cách Mạng Tháng 8, Phường Cẩm Lệ, TP Đà Nẵng",,2.0,1,0,0.0,0.0,285.7,0.0,5.0,1,Stopped,0,0,0,0,0,VALID,VALID
92H-02687,2026-08-15 12:05:00,285.7,0,0.0,,,"Cách Mạng Tháng 8, Phường Cẩm Lệ, TP Đà Nẵng",,2.0,1,0,0.0,0.0,285.7,0.0,5.0,1,Stopped,0,0,0,0,0,VALID,VALID
92H-02687,2026-08-15 12:08:00,285.7,0,0.0,,,"Cách Mạng Tháng 8, Phường Cẩm Lệ, TP Đà Nẵng",,3.0,1,0,0.0,0.0,285.7,0.0,5.0,1,Stopped,0,0,0,0,0,VALID,VALID
92H-02687,2026-08-15 12:10:00,285.7,0,0.0,,,"Cách Mạng Tháng 8, Phường Cẩm Lệ, TP Đà Nẵng",,2.0,1,0,0.0,0.0,285.7,0.0,5.0,1,Stopped,0,0,0,0,0,VALID,VALID
92H-02687,2026-08-15 12:12:00,285.7,0,0.0,,,"Cách Mạng Tháng 8, Phường Cẩm Lệ, TP Đà Nẵng",,2.0,1,0,0.0,0.0,285.7,0.0,5.0,1,Stopped,0,0,0,0,0,VALID,VALID
92H-02687,2026-08-15 12:14:00,285.7,0,0.0,,,"Cách Mạng Tháng 8, Phường Cẩm Lệ, TP Đà Nẵng",,2.0,1,0,0.0,0.0,285.7,0.0,5.0,1,Stopped,0,0,0,0,0,VALID,VALID
92H-02687,2026-08-15 12:16:00,285.7,0,0.0,,,"Cách Mạng Tháng 8, Phường Cẩm Lệ, TP Đà Nẵng",,2.0,1,0,0.0,0.0,285.7,0.0,5.0,1,Stopped,0,0,0,0,0,VALID,VALID
92H-02687,2026-08-15 12:18:00,285.7,0,0.0,,,"Cách Mạng Tháng 8, Phường Cẩm Lệ, TP Đà Nẵng",,2.0,1,0,0.0,0.0,285.7,0.0,5.0,1,Stopped,0,0,0,0,0,VALID,VALID
92H-02687,2026-08-15 12:21:00,285.6,0,0.0,,,"Cách Mạng Tháng 8, Phường Cẩm Lệ, TP Đà Nẵng",,3.0,1,0,-0.0999999999999659,-0.03333333333332197,285.7,0.044721352436531116,5.0,1,Stopped,0,0,0,0,0,VALID,VALID
92H-02687,2026-08-15 12:23:00,285.6,0,0.0,,,"Cách Mạng Tháng 8, Phường Cẩm Lệ, TP Đà Nẵng",,2.0,1,0,0.0,0.0,285.7,0.054772249942455165,5.0,1,Stopped,0,0,0,0,0,VALID,VALID
92H-02687,2026-08-15 12:25:00,285.6,0,0.0,,,"Cách Mạng Tháng 8, Phường Cẩm Lệ, TP Đà Nẵng",,2.0,1,0,0.0,0.0,285.6,0.05477224994252392,5.0,1,Stopped,0,0,0,0,0,VALID,VALID
92H-02687,2026-08-15 12:27:00,285.6,0,0.0,,,"Cách Mạng Tháng 8, Phường Cẩm Lệ, TP Đà Nẵng",,2.0,1,0,0.0,0.0,285.6,0.04472135243678374,5.0,1,Stopped,0,0,0,0,0,VALID,VALID
92H-02687,2026-08-15 12:29:00,285.6,0,0.0,,,"Cách Mạng Tháng 8, Phường Cẩm Lệ, TP Đà Nẵng",,2.0,1,0,0.0,0.0,285.6,0.0,5.0,1,Stopped,0,0,0,0,0,VALID,VALID
92H-02687,2026-08-15 12:32:00,285.6,0,0.0,,,"Cách Mạng Tháng 8, Phường Cẩm Lệ, TP Đà Nẵng",,3.0,1,0,0.0,0.0,285.6,0.0,5.0,1,Stopped,0,0,0,0,0,VALID,VALID
92H-02687,2026-08-15 12:34:00,285.6,0,0.0,,,"Cách Mạng Tháng 8, Phường Cẩm Lệ, TP Đà Nẵng",,2.0,1,0,0.0,0.0,285.6,0.0,5.0,1,Stopped,0,0,0,0,0,VALID,VALID
92H-02687,2026-08-15 12:36:00,285.6,0,0.0,,,"Cách Mạng Tháng 8, Phường Cẩm Lệ, TP Đà Nẵng",,2.0,1,0,0.0,0.0,285.6,0.0,5.0,1,Stopped,0,0,0,0,0,VALID,VALID
92H-02687,2026-08-15 12:38:00,285.6,0,0.0,,,"Cách Mạng Tháng 8, Phường Cẩm Lệ, TP Đà Nẵng",,2.0,1,0,0.0,0.0,285.6,0.0,5.0,1,Stopped,0,0,0,0,0,VALID,VALID
92H-02687,2026-08-15 12:40:00,285.6,0,0.0,,,"Cách Mạng Tháng 8, Phường Cẩm Lệ, TP Đà Nẵng",,2.0,1,0,0.0,0.0,285.6,0.0,5.0,1,Stopped,0,0,0,0,0,VALID,VALID
92H-02687,2026-08-15 12:42:00,285.6,0,0.0,,,"Cách Mạng Tháng 8, Phường Cẩm Lệ, TP Đà Nẵng",,2.0,1,0,0.0,0.0,285.6,0.0,5.0,1,Stopped,0,0,0,0,0,VALID,VALID
92H-02687,2026-08-15 12:45:00,285.6,0,0.0,,,"Cách Mạng Tháng 8, Phường Cẩm Lệ, TP Đà Nẵng",,3.0,1,0,0.0,0.0,285.6,0.0,5.0,1,Stopped,0,0,0,0,0,VALID,VALID
92H-02687,2026-08-15 12:47:00,285.6,0,0.0,,,"Cách Mạng Tháng 8, Phường Cẩm Lệ, TP Đà Nẵng",,2.0,1,0,0.0,0.0,285.6,0.0,5.0,1,Stopped,0,0,0,0,0,VALID,VALID
92H-02687,2026-08-15 12:49:00,285.6,0,0.0,,,"Cách Mạng Tháng 8, Phường Cẩm Lệ, TP Đà Nẵng",,2.0,1,0,0.0,0.0,285.6,0.0,5.0,1,Stopped,0,0,0,0,0,VALID,VALID
92H-02687,2026-08-15 12:50:00,285.6,0,0.0,,,"Cách Mạng Tháng 8, Phường Cẩm Lệ, TP Đà Nẵng",,1.0,1,0,0.0,0.0,285.6,0.0,5.0,1,Stopped,0,0,0,0,0,VALID,VALID
92H-02687,2026-08-15 12:52:00,285.5,0,0.0,,,"Cách Mạng Tháng 8, Phường Cẩm Lệ, TP Đà Nẵng",,2.0,1,0,-0.10000000000002274,-0.05000000000001137,285.6,0.04472135243700935,5.0,1,Stopped,0,0,0,0,0,VALID,VALID
92H-02687,2026-08-15 12:54:00,285.3,18,0.15,,,"Cách Mạng Tháng 8, Phường Cẩm Lệ, TP Đà Nẵng",,2.0,1,0,-0.19999999999998863,-0.09999999999999432,285.6,0.13038404566443554,5.0,1,Moving,0,0,0,0,0,VALID,VALID
92H-02687,2026-08-15 12:56:00,285.5,0,-0.15,,,"Cách Mạng Tháng 8, Phường Cẩm Lệ, TP Đà Nẵng",,2.0,1,0,0.19999999999998863,0.09999999999999432,285.5,0.12247448454202356,5.0,1,Stopped,0,0,0,0,0,VALID,VALID
92H-02687,2026-08-15 12:58:00,369.8,0,0.0,,,"Cách Mạng Tháng 8, Phường Cẩm Lệ, TP Đà Nẵng",,2.0,1,0,84.30000000000001,42.150000000000006,285.5,37.71144388643,5.0,1,Stopped,0,0,1,0,1,LARGE_DELTA,VALID
92H-02687,2026-08-15 13:00:00,462.0,0,0.0,,,"Cách Mạng Tháng 8, Phường Cẩm Lệ, TP Đà Nẵng",,2.0,1,0,92.19999999999999,46.099999999999994,285.5,78.5434720393703,5.0,1,Stopped,0,0,1,0,1,LARGE_DELTA,VALID
92H-02687,2026-08-15 13:03:00,525.7,0,0.0,,,"Cầu vượt Hòa Cầm, Phường Cẩm Lệ, TP Đà Nẵng",,3.0,1,0,63.700000000000045,21.23333333333335,369.8,106.99847195170278,5.0,1,Stopped,0,0,1,0,1,LARGE_DELTA,VALID
92H-02687,2026-08-15 13:05:00,560.6,0,0.0,,,"Cầu vượt Hòa Cầm, Phường Cẩm Lệ, TP Đà Nẵng",,2.0,1,0,34.89999999999998,17.44999999999999,462.0,113.10232977264131,5.0,1,Stopped,0,0,1,0,1,LARGE_DELTA,VALID
92H-02687,2026-08-15 13:07:00,580.5,0,0.0,,,"Cầu vượt Hòa Cầm, Phường Cẩm Lệ, TP Đà Nẵng",,2.0,1,0,19.899999999999977,9.949999999999989,525.7,85.45283494419172,5.0,1,Stopped,0,0,1,0,1,LARGE_DELTA,VALID
92H-02687,2026-08-15 13:09:00,593.7,0,0.0,,,"Cầu vượt Hòa Cầm, Phường Cẩm Lệ, TP Đà Nẵng",,2.0,1,0,13.200000000000045,6.600000000000023,560.6,52.76253405589285,5.0,1,Stopped,0,0,1,0,1,LARGE_DELTA,VALID
92H-02687,2026-08-15 13:10:00,593.7,0,0.0,,,"Cầu vượt Hòa Cầm, Phường Cẩm Lệ, TP Đà Nẵng",,1.0,1,0,0.0,0.0,580.5,28.639797485304264,5.0,1,Stopped,0,0,0,0,0,VALID,VALID
92H-02687,2026-08-15 13:12:00,593.8,22,0.18333333333333332,,,"Cầu vượt Hòa Cầm, Phường Cẩm Lệ, TP Đà Nẵng",,2.0,1,0,0.09999999999990905,0.049999999999954525,593.7,14.516990046123052,5.0,1,Moving,0,0,0,0,0,VALID,VALID
92H-02687,2026-08-15 13:14:00,593.8,34,0.1,,,"Trường Sơn, Phường Cẩm Lệ, TP Đà Nẵng",,2.0,1,0,0.0,0.0,593.7,5.925791086364215,5.0,1,Moving,0,0,0,0,0,VALID,VALID
92H-02687,2026-08-15 13:16:00,592.5,0,-0.2833333333333333,,,"Trường Sơn, Phường Cẩm Lệ, TP Đà Nẵng",,2.0,1,0,-1.2999999999999545,-0.6499999999999773,593.7,0.5612486073324789,5.0,1,Stopped,0,0,0,0,0,VALID,VALID
92H-02687,2026-08-15 13:18:00,590.2,0,0.0,,,"Trường Sơn, Phường Cẩm Lệ, TP Đà Nẵng",,2.0,1,0,-2.2999999999999545,-1.1499999999999773,593.7,1.554027026545204,5.0,1,Stopped,0,0,0,0,0,VALID,VALID
92H-02687,2026-08-15 13:20:00,590.0,0,0.0,,,"Trường Sơn, Phường Cẩm Lệ, TP Đà Nẵng",,2.0,1,0,-0.20000000000004547,-0.10000000000002274,592.5,1.8676188045833308,5.0,1,Stopped,0,0,0,0,0,VALID,VALID
92H-02687,2026-08-15 13:22:00,589.9,0,0.0,,,"Trường Sơn, Phường Cẩm Lệ, TP Đà Nẵng",,2.0,1,0,-0.10000000000002274,-0.05000000000001137,590.2,1.7711578131927401,5.0,1,Stopped,0,0,0,0,0,VALID,VALID
92H-02687,2026-08-15 13:25:00,589.9,0,0.0,,,"Trường Sơn, Phường Cẩm Lệ, TP Đà Nẵng",,3.0,1,0,0.0,0.0,590.0,1.1247221875797642,5.0,1,Stopped,0,0,0,0,0,VALID,VALID
92H-02687,2026-08-15 13:27:00,589.9,0,0.0,,,"Trường Sơn, Phường Cẩm Lệ, TP Đà Nẵng",,2.0,1,0,0.0,0.0,589.9,0.13038404516839738,5.0,1,Stopped,0,0,0,0,0,VALID,VALID
92H-02687,2026-08-15 13:29:00,589.7,0,0.0,,,"Trường Sơn, Phường Cẩm Lệ, TP Đà Nẵng",,2.0,1,0,-0.1999999999999318,-0.0999999999999659,589.9,0.10954450800700988,5.0,1,Stopped,0,0,0,0,0,VALID,VALID
92H-02687,2026-08-15 13:30:00,589.7,0,0.0,,,"Trường Sơn, Phường Cẩm Lệ, TP Đà Nẵng",,1.0,1,0,0.0,0.0,589.9,0.10954450800707992,5.0,1,Stopped,0,0,0,0,0,VALID,VALID
92H-02687,2026-08-15 13:32:00,590.6,42,0.35,,,"Trường Sơn, Phường Cẩm Lệ, TP Đà Nẵng",,2.0,1,0,0.8999999999999773,0.44999999999998863,589.9,0.3714835113897668,5.0,1,Moving,0,0,0,0,0,VALID,VALID
92H-02687,2026-08-15 13:34:00,590.3,36,-0.05,,,"Trường Sơn, Xã Bà Nà, TP Đà Nẵng",,2.0,1,0,-0.3000000000000682,-0.1500000000000341,589.9,0.3974921373240527,5.0,1,Moving,0,0,0,0,0,VALID,VALID
92H-02687,2026-08-15 13:36:00,590.3,35,-0.008333333333333333,,,"Trường Sơn, Xã Bà Nà, TP Đà Nẵng",,2.0,1,0,0.0,0.0,590.3,0.40249223499892506,5.0,1,Moving,0,0,0,0,0,VALID,VALID
92H-02687,2026-08-15 13:38:00,590.3,0,-0.2916666666666667,,,"Hải Vân - Túy Loan, Xã Bà Nà, TP Đà Nẵng",,2.0,1,0,0.0,0.0,590.3,0.32863353333833056,5.0,1,Stopped,0,0,0,0,0,VALID,VALID
92H-02687,2026-08-15 13:40:00,589.4,28,0.23333333333333334,,,"Quốc Lộ 14B, Xã Bà Nà, TP Đà Nẵng",,2.0,1,0,-0.8999999999999773,-0.44999999999998863,590.3,0.4549725258017737,5.0,1,Moving,0,0,0,0,0,VALID,VALID
92H-02687,2026-08-15 13:42:00,589.4,14,-0.11666666666666667,,,"Quốc Lộ 14B, Xã Hòa Vang, TP Đà Nẵng",,2.0,1,0,0.0,0.0,590.3,0.4929503009781151,5.0,1,Moving,0,0,0,0,0,VALID,VALID
92H-02687,2026-08-15 13:44:00,589.4,0,-0.11666666666666667,,,"Quốc Lộ 14B, Xã Hòa Vang, TP Đà Nẵng",,2.0,1,0,0.0,0.0,589.4,0.4929503009780918,5.0,1,Stopped,0,0,0,0,0,VALID,VALID
92H-02687,2026-08-15 13:46:00,589.9,39,0.325,,,"Quốc Lộ 14B, Xã Hòa Vang, TP Đà Nẵng",,2.0,1,0,0.5,0.25,589.4,0.40865633389729306,5.0,1,Moving,0,0,0,0,0,VALID,VALID
92H-02687,2026-08-15 13:48:00,587.7,33,-0.05,,,"Quốc Lộ 14B, Xã Hòa Tiến, TP Đà Nẵng",,2.0,1,0,-2.199999999999932,-1.099999999999966,589.4,0.8443932728499904,5.0,1,Moving,0,0,0,0,0,VALID,VALID
92H-02687,2026-08-15 13:50:00,587.5,36,0.025,,,"Quốc Lộ 14B, Xã Hòa Tiến, TP Đà Nẵng",,2.0,1,0,-0.20000000000004547,-0.10000000000002274,589.4,1.0986355170092916,5.0,1,Moving,0,0,0,0,0,VALID,VALID
92H-02687,2026-08-15 13:52:00,587.2,31,-0.041666666666666664,,,"Quốc Lộ 14B, Xã Hòa Tiến, TP Đà Nẵng",,2.0,1,0,-0.2999999999999545,-0.14999999999997726,587.7,1.2218837912151295,5.0,1,Moving,0,0,0,0,0,VALID,VALID
92H-02687,2026-08-15 13:54:00,587.2,43,0.1,,,"Quốc Lộ 14B, Xã Đại Lộc, TP Đà Nẵng",,2.0,1,0,0.0,0.0,587.5,1.1379806673376769,5.0,1,Moving,0,0,0,0,0,VALID,VALID
92H-02687,2026-08-15 13:56:00,587.2,54,0.09166666666666666,,,"Quốc Lộ 14B, Xã Đại Lộc, TP Đà Nẵng",,2.0,1,0,0.0,0.0,587.2,0.23021728700173286,5.0,1,Moving,0,0,0,0,0,VALID,VALID
92H-02687,2026-08-15 13:58:00,587.1,49,-0.041666666666666664,,,"Quốc Lộ 14B, Xã Đại Lộc, TP Đà Nẵng",,2.0,1,0,-0.10000000000002274,-0.05000000000001137,587.2,0.1516575063571123,5.0,1,Moving,0,0,0,0,0,VALID,VALID
92H-02687,2026-08-15 14:00:00,586.8,62,0.10833333333333334,,,"Quốc Lộ 14B, Xã Đại Lộc, TP Đà Nẵng",,2.0,1,0,-0.3000000000000682,-0.1500000000000341,587.2,0.17320507854711842,5.0,1,Moving,0,0,0,0,0,VALID,VALID
92H-02687,2026-08-15 14:02:00,584.9,45,-0.14166666666666666,,,"Quốc Lộ 14B, Xã Đại Lộc, TP Đà Nẵng",,2.0,1,0,-1.8999999999999773,-0.9499999999999886,587.1,0.986407623264675,5.0,1,Moving,0,0,0,0,0,VALID,VALID
92H-02687,2026-08-15 14:04:00,584.0,53,0.06666666666666667,,,"Quốc Lộ 14B, Xã Hà Nha, TP Đà Nẵng",,2.0,1,0,-0.8999999999999773,-0.44999999999998863,586.8,1.4577379734488678,5.0,1,Moving,0,0,0,0,0,VALID,VALID
92H-02687,2026-08-15 14:06:00,583.8,49,-0.03333333333333333,,,"Quốc Lộ 14B, Xã Hà Nha, TP Đà Nẵng",,2.0,1,0,-0.20000000000004547,-0.10000000000002274,584.9,1.5482247896332912,5.0,1,Moving,0,0,0,0,0,VALID,VALID
92H-02687,2026-08-15 14:08:00,583.8,0,-0.4083333333333333,,,"Quốc Lộ 14B, Xã Hà Nha, TP Đà Nẵng",,2.0,1,0,0.0,0.0,584.0,1.2798437401633616,5.0,1,Stopped,0,0,0,0,0,VALID,VALID
92H-02687,2026-08-15 14:10:00,583.0,0,0.0,,,"Xã Hà Nha, TP Đà Nẵng",,2.0,1,0,-0.7999999999999545,-0.39999999999997726,583.8,0.67823299774912,5.0,1,Stopped,0,0,0,0,0,VALID,VALID
92H-02687,2026-08-15 14:12:00,581.6,0,0.0,,,"Xã Hà Nha, TP Đà Nẵng",,2.0,1,0,-1.3999999999999773,-0.6999999999999886,583.8,0.9939818907988942,5.0,1,Stopped,0,0,0,0,0,VALID,VALID
92H-02687,2026-08-15 14:14:00,581.3,0,0.0,,,"Xã Hà Nha, TP Đà Nẵng",,2.0,1,0,-0.3000000000000682,-0.1500000000000341,583.0,1.1916375284609477,5.0,1,Stopped,0,0,0,0,0,VALID,VALID
92H-02687,2026-08-15 14:16:00,581.2,0,0.0,,,"Xã Hà Nha, TP Đà Nẵng",,2.0,1,0,-0.09999999999990905,-0.049999999999954525,581.6,1.1584472362766094,5.0,1,Stopped,0,0,0,0,0,VALID,VALID
92H-02687,2026-08-15 14:18:00,581.0,0,0.0,,,"Xã Hà Nha, TP Đà Nẵng",,2.0,1,0,-0.20000000000004547,-0.10000000000002274,581.3,0.8012490244844774,5.0,1,Stopped,0,0,0,0,0,VALID,VALID
92H-02687,2026-08-15 14:20:00,581.0,0,0.0,,,"Xã Hà Nha, TP Đà Nẵng",,2.0,1,0,0.0,0.0,581.2,0.24899799042878154,5.0,1,Stopped,0,0,0,0,0,VALID,VALID
92H-02687,2026-08-15 14:22:00,580.9,0,0.0,,,"Xã Hà Nha, TP Đà Nẵng",,2.0,1,0,-0.10000000000002274,-0.05000000000001137,581.0,0.16431676493182948,5.0,1,Stopped,0,0,0,0,0,VALID,VALID
92H-02687,2026-08-15 14:24:00,580.9,0,0.0,,,"Xã Hà Nha, TP Đà Nẵng",,2.0,1,0,0.0,0.0,581.0,0.12247448402716393,5.0,1,Stopped,0,0,0,0,0,VALID,VALID
92H-02687,2026-08-15 14:26:00,580.8,0,0.0,,,"Xã Hà Nha, TP Đà Nẵng",,2.0,1,0,-0.10000000000002274,-0.05000000000001137,580.9,0.08366599809815824,5.0,1,Stopped,0,0,0,0,0,VALID,VALID
92H-02687,2026-08-15 14:29:00,580.8,0,0.0,,,"Xã Hà Nha, TP Đà Nẵng",,3.0,1,0,0.0,0.0,580.9,0.08366599809826354,5.0,1,Stopped,0,0,0,0,0,VALID,VALID
92H-02687,2026-08-15 14:31:00,580.8,0,0.0,,,"Xã Hà Nha, TP Đà Nẵng",,2.0,1,0,0.0,0.0,580.8,0.05477224879253207,5.0,1,Stopped,0,0,0,0,0,VALID,VALID
92H-02687,2026-08-15 14:33:00,580.8,0,0.0,,,"Xã Hà Nha, TP Đà Nẵng",,2.0,1,0,0.0,0.0,580.8,0.04472135102833147,5.0,1,Stopped,0,0,0,0,0,VALID,VALID
92H-02687,2026-08-15 14:36:00,580.8,0,0.0,,,"Xã Hà Nha, TP Đà Nẵng",,3.0,1,0,0.0,0.0,580.8,0.0,5.0,1,Stopped,0,0,0,0,0,VALID,VALID
92H-02687,2026-08-15 14:38:00,580.8,0,0.0,,,"Xã Hà Nha, TP Đà Nẵng",,2.0,1,0,0.0,0.0,580.8,0.0,5.0,1,Stopped,0,0,0,0,0,VALID,VALID
92H-02687,2026-08-15 14:40:00,580.8,0,0.0,,,"Xã Hà Nha, TP Đà Nẵng",,2.0,1,0,0.0,0.0,580.8,0.0,5.0,1,Stopped,0,0,0,0,0,VALID,VALID
92H-02687,2026-08-15 14:42:00,580.8,0,0.0,,,"Xã Hà Nha, TP Đà Nẵng",,2.0,1,0,0.0,0.0,580.8,0.0,5.0,1,Stopped,0,0,0,0,0,VALID,VALID
92H-02687,2026-08-15 14:44:00,580.8,0,0.0,,,"Xã Hà Nha, TP Đà Nẵng",,2.0,1,0,0.0,0.0,580.8,0.0,5.0,1,Stopped,0,0,0,0,0,VALID,VALID
92H-02687,2026-08-15 14:46:00,580.8,0,0.0,,,"Xã Hà Nha, TP Đà Nẵng",,2.0,1,0,0.0,0.0,580.8,0.0,5.0,1,Stopped,0,0,0,0,0,VALID,VALID
92H-02687,2026-08-15 14:49:00,580.8,0,0.0,,,"Xã Hà Nha, TP Đà Nẵng",,3.0,1,0,0.0,0.0,580.8,0.0,5.0,1,Stopped,0,0,0,0,0,VALID,VALID
92H-02687,2026-08-15 14:51:00,580.8,0,0.0,,,"Xã Hà Nha, TP Đà Nẵng",,2.0,1,0,0.0,0.0,580.8,0.0,5.0,1,Stopped,0,0,0,0,0,VALID,VALID
92H-02687,2026-08-15 14:53:00,580.8,0,0.0,,,"Xã Hà Nha, TP Đà Nẵng",,2.0,1,0,0.0,0.0,580.8,0.0,5.0,1,Stopped,0,0,0,0,0,VALID,VALID
92H-02687,2026-08-15 14:55:00,580.8,0,0.0,,,"Xã Hà Nha, TP Đà Nẵng",,2.0,1,0,0.0,0.0,580.8,0.0,5.0,1,Stopped,0,0,0,0,0,VALID,VALID
92H-02687,2026-08-15 14:56:00,580.8,0,0.0,,,"Xã Hà Nha, TP Đà Nẵng",,1.0,1,0,0.0,0.0,580.8,0.0,5.0,1,Stopped,0,0,0,0,0,VALID,VALID
92H-02687,2026-08-15 14:58:00,580.8,0,0.0,,,"Xã Hà Nha, TP Đà Nẵng",,2.0,1,0,0.0,0.0,580.8,0.0,5.0,1,Stopped,0,0,0,0,0,VALID,VALID
92H-02687,2026-08-15 15:00:00,581.8,0,0.0,,,"Xã Hà Nha, TP Đà Nẵng",,2.0,1,0,1.0,0.5,580.8,0.44721359464770605,5.0,1,Stopped,0,0,0,0,0,VALID,VALID
92H-02687,2026-08-15 15:02:00,581.9,0,0.0,,,"Xã Hà Nha, TP Đà Nẵng",,2.0,1,0,0.10000000000002274,0.05000000000001137,580.8,0.5761944109739627,5.0,1,Stopped,0,0,0,0,0,VALID,VALID
92H-02687,2026-08-15 15:04:00,582.1,0,0.0,,,"Xã Hà Nha, TP Đà Nẵng",,2.0,1,0,0.20000000000004547,0.10000000000002274,581.8,0.6300793594758867,5.0,1,Stopped,0,0,0,0,0,VALID,VALID
92H-02687,2026-08-15 15:06:00,582.2,0,0.0,,,"Xã Hà Nha, TP Đà Nẵng",,2.0,1,0,0.10000000000002274,0.05000000000001137,581.9,0.5594640285464492,5.0,1,Stopped,0,0,0,0,0,VALID,VALID
92H-02687,2026-08-15 15:10:00,584.9,0,0.0,,,"Xã Hà Nha, TP Đà Nẵng",,4.0,1,0,2.699999999999932,0.674999999999983,582.1,1.3065221005543703,5.0,1,Stopped,0,0,0,0,0,VALID,VALID
92H-02687,2026-08-15 15:12:00,583.8,0,0.0,,,"Xã Hà Nha, TP Đà Nẵng",,2.0,1,0,-1.1000000000000227,-0.5500000000000114,582.2,1.3141537197895876,5.0,1,Stopped,0,0,0,0,0,VALID,VALID
92H-02687,2026-08-15 15:14:00,583.7,0,0.0,,,"Xã Hà Nha, TP Đà Nẵng",,2.0,1,0,-0.09999999999990905,-0.049999999999954525,583.7,1.184483009264659,5.0,1,Stopped,0,0,0,0,0,VALID,VALID
92H-02687,2026-08-15 15:16:00,583.5,0,0.0,,,"Xã Hà Nha, TP Đà Nẵng",,2.0,1,0,-0.20000000000004547,-0.10000000000002274,583.7,0.9628083917564123,5.0,1,Stopped,0,0,0,0,0,VALID,VALID
92H-02687,2026-08-15 15:18:00,583.5,0,0.0,,,"Xã Hà Nha, TP Đà Nẵng",,2.0,1,0,0.0,0.0,583.7,0.5848076600357851,5.0,1,Stopped,0,0,0,0,0,VALID,VALID
92H-02687,2026-08-15 15:20:00,583.4,0,0.0,,,"Xã Hà Nha, TP Đà Nẵng",,2.0,1,0,-0.10000000000002274,-0.05000000000001137,583.5,0.16431676492864936,5.0,1,Stopped,0,0,0,0,0,VALID,VALID
92H-02687,2026-08-15 15:22:00,582.7,0,0.0,,,"Xã Hà Nha, TP Đà Nẵng",,2.0,1,0,-0.6999999999999318,-0.3499999999999659,583.5,0.3847076802413163,5.0,1,Stopped,0,0,0,0,0,VALID,VALID
92H-02687,2026-08-15 15:24:00,583.3,0,0.0,,,"Xã Hà Nha, TP Đà Nẵng",,2.0,1,0,0.599999999999909,0.2999999999999545,583.4,0.33466400947318176,5.0,1,Stopped,0,0,0,0,0,VALID,VALID
92H-02687,2026-08-15 15:26:00,583.3,0,0.0,,,"Xã Hà Nha, TP Đà Nẵng",,2.0,1,0,0.0,0.0,583.3,0.313049515630792,5.0,1,Stopped,0,0,0,0,0,VALID,VALID
92H-02687,2026-08-15 15:28:00,583.3,0,0.0,,,"Xã Hà Nha, TP Đà Nẵng",,2.0,1,0,0.0,0.0,583.3,0.2828427111252527,5.0,1,Stopped,0,0,0,0,0,VALID,VALID
92H-02687,2026-08-15 15:31:00,583.3,0,0.0,,,"Xã Hà Nha, TP Đà Nẵng",,3.0,1,0,0.0,0.0,583.3,0.26832815587763065,5.0,1,Stopped,0,0,0,0,0,VALID,VALID
92H-02687,2026-08-15 15:33:00,583.3,0,0.0,,,"Xã Hà Nha, TP Đà Nẵng",,2.0,1,0,0.0,0.0,583.3,0.0,5.0,1,Stopped,0,0,0,0,0,VALID,VALID
92H-02687,2026-08-15 15:35:00,583.3,0,0.0,,,"Xã Hà Nha, TP Đà Nẵng",,2.0,1,0,0.0,0.0,583.3,0.0,5.0,1,Stopped,0,0,0,0,0,VALID,VALID
92H-02687,2026-08-15 15:37:00,583.3,0,0.0,,,"Xã Hà Nha, TP Đà Nẵng",,2.0,1,0,0.0,0.0,583.3,0.0,5.0,1,Stopped,0,0,0,0,0,VALID,VALID
92H-02687,2026-08-15 15:39:00,583.3,0,0.0,,,"Xã Hà Nha, TP Đà Nẵng",,2.0,1,0,0.0,0.0,583.3,0.0,5.0,1,Stopped,0,0,0,0,0,VALID,VALID
92H-02687,2026-08-15 15:42:00,583.3,0,0.0,,,"Xã Hà Nha, TP Đà Nẵng",,3.0,1,0,0.0,0.0,583.3,0.0,5.0,1,Stopped,0,0,0,0,0,VALID,VALID
92H-02687,2026-08-15 15:44:00,583.3,0,0.0,,,"Xã Hà Nha, TP Đà Nẵng",,2.0,1,0,0.0,0.0,583.3,0.0,5.0,1,Stopped,0,0,0,0,0,VALID,VALID
92H-02687,2026-08-15 15:46:00,583.3,0,0.0,,,"Xã Hà Nha, TP Đà Nẵng",,2.0,1,0,0.0,0.0,583.3,0.0,5.0,1,Stopped,0,0,0,0,0,VALID,VALID
92H-02687,2026-08-15 15:48:00,583.3,0,0.0,,,"Xã Hà Nha, TP Đà Nẵng",,2.0,1,0,0.0,0.0,583.3,0.0,5.0,1,Stopped,0,0,0,0,0,VALID,VALID
92H-02687,2026-08-15 15:50:00,583.3,0,0.0,,,"Xã Hà Nha, TP Đà Nẵng",,2.0,1,0,0.0,0.0,583.3,0.0,5.0,1,Stopped,0,0,0,0,0,VALID,VALID
92H-02687,2026-08-15 15:52:00,583.3,0,0.0,,,"Xã Hà Nha, TP Đà Nẵng",,2.0,1,0,0.0,0.0,583.3,0.0,5.0,1,Stopped,0,0,0,0,0,VALID,VALID
92H-02687,2026-08-15 15:55:00,583.3,0,0.0,,,"Xã Hà Nha, TP Đà Nẵng",,3.0,1,0,0.0,0.0,583.3,0.0,5.0,1,Stopped,0,0,0,0,0,VALID,VALID
92H-02687,2026-08-15 15:57:00,583.3,0,0.0,,,"Xã Hà Nha, TP Đà Nẵng",,2.0,1,0,0.0,0.0,583.3,0.0,5.0,1,Stopped,0,0,0,0,0,VALID,VALID
92H-02687,2026-08-15 15:59:00,583.1,0,0.0,,,"Xã Hà Nha, TP Đà Nẵng",,2.0,1,0,-0.1999999999999318,-0.0999999999999659,583.3,0.08944271483281556,5.0,1,Stopped,0,0,0,0,0,VALID,VALID
92H-02687,2026-08-15 16:01:00,583.1,0,0.0,,,"Xã Hà Nha, TP Đà Nẵng",,2.0,1,0,0.0,0.0,583.3,0.10954450801694712,5.0,1,Stopped,0,0,0,0,0,VALID,VALID
92H-02687,2026-08-15 16:03:00,583.1,0,0.0,,,"Xã Hà Nha, TP Đà Nẵng",,2.0,1,0,0.0,0.0,583.1,0.10954450801701718,5.0,1,Stopped,0,0,0,0,0,VALID,VALID
92H-02687,2026-08-15 16:06:00,583.1,0,0.0,,,"Xã Hà Nha, TP Đà Nẵng",,3.0,1,0,0.0,0.0,583.1,0.08944271483307294,5.0,1,Stopped,0,0,0,0,0,VALID,VALID
92H-02687,2026-08-15 16:08:00,583.1,0,0.0,,,"Xã Hà Nha, TP Đà Nẵng",,2.0,1,0,0.0,0.0,583.1,0.0,5.0,1,Stopped,0,0,0,0,0,VALID,VALID
92H-02687,2026-08-15 16:10:00,583.1,0,0.0,,,"Xã Hà Nha, TP Đà Nẵng",,2.0,1,0,0.0,0.0,583.1,0.0,5.0,1,Stopped,0,0,0,0,0,VALID,VALID
92H-02687,2026-08-15 16:12:00,583.1,0,0.0,,,"Xã Hà Nha, TP Đà Nẵng",,2.0,1,0,0.0,0.0,583.1,0.0,5.0,1,Stopped,0,0,0,0,0,VALID,VALID
92H-02687,2026-08-15 16:14:00,583.1,0,0.0,,,"Xã Hà Nha, TP Đà Nẵng",,2.0,1,0,0.0,0.0,583.1,0.0,5.0,1,Stopped,0,0,0,0,0,VALID,VALID
92H-02687,2026-08-15 16:16:00,583.1,0,0.0,,,"Xã Hà Nha, TP Đà Nẵng",,2.0,1,0,0.0,0.0,583.1,0.0,5.0,1,Stopped,0,0,0,0,0,VALID,VALID
92H-02687,2026-08-15 16:19:00,583.1,0,0.0,,,"Xã Hà Nha, TP Đà Nẵng",,3.0,1,0,0.0,0.0,583.1,0.0,5.0,1,Stopped,0,0,0,0,0,VALID,VALID
92H-02687,2026-08-15 16:21:00,583.1,0,0.0,,,"Xã Hà Nha, TP Đà Nẵng",,2.0,1,0,0.0,0.0,583.1,0.0,5.0,1,Stopped,0,0,0,0,0,VALID,VALID
92H-02687,2026-08-15 16:23:00,583.1,0,0.0,,,"Xã Hà Nha, TP Đà Nẵng",,2.0,1,0,0.0,0.0,583.1,0.0,5.0,1,Stopped,0,0,0,0,0,VALID,VALID
92H-02687,2026-08-15 16:25:00,583.1,0,0.0,,,"Xã Hà Nha, TP Đà Nẵng",,2.0,1,0,0.0,0.0,583.1,0.0,5.0,1,Stopped,0,0,0,0,0,VALID,VALID
92H-02687,2026-08-15 16:27:00,583.1,0,0.0,,,"Xã Hà Nha, TP Đà Nẵng",,2.0,1,0,0.0,0.0,583.1,0.0,5.0,1,Stopped,0,0,0,0,0,VALID,VALID
92H-02687,2026-08-15 16:30:00,583.1,0,0.0,,,"Xã Hà Nha, TP Đà Nẵng",,3.0,1,0,0.0,0.0,583.1,0.0,5.0,1,Stopped,0,0,0,0,0,VALID,VALID
92H-02687,2026-08-15 16:32:00,583.1,0,0.0,,,"Xã Hà Nha, TP Đà Nẵng",,2.0,1,0,0.0,0.0,583.1,0.0,5.0,1,Stopped,0,0,0,0,0,VALID,VALID
92H-02687,2026-08-15 16:34:00,583.1,0,0.0,,,"Xã Hà Nha, TP Đà Nẵng",,2.0,1,0,0.0,0.0,583.1,0.0,5.0,1,Stopped,0,0,0,0,0,VALID,VALID
92H-02687,2026-08-15 16:36:00,583.1,0,0.0,,,"Xã Hà Nha, TP Đà Nẵng",,2.0,1,0,0.0,0.0,583.1,0.0,5.0,1,Stopped,0,0,0,0,0,VALID,VALID
92H-02687,2026-08-15 16:38:00,583.1,0,0.0,,,"Xã Hà Nha, TP Đà Nẵng",,2.0,1,0,0.0,0.0,583.1,0.0,5.0,1,Stopped,0,0,0,0,0,VALID,VALID
92H-02687,2026-08-15 16:40:00,583.1,0,0.0,,,"Xã Hà Nha, TP Đà Nẵng",,2.0,1,0,0.0,0.0,583.1,0.0,5.0,1,Stopped,0,0,0,0,0,VALID,VALID
92H-02687,2026-08-15 16:43:00,583.1,0,0.0,,,"Xã Hà Nha, TP Đà Nẵng",,3.0,1,0,0.0,0.0,583.1,0.0,5.0,1,Stopped,0,0,0,0,0,VALID,VALID
92H-02687,2026-08-15 16:45:00,583.1,0,0.0,,,"Xã Hà Nha, TP Đà Nẵng",,2.0,1,0,0.0,0.0,583.1,0.0,5.0,1,Stopped,0,0,0,0,0,VALID,VALID
92H-02687,2026-08-15 16:47:00,583.1,0,0.0,,,"Xã Hà Nha, TP Đà Nẵng",,2.0,1,0,0.0,0.0,583.1,0.0,5.0,1,Stopped,0,0,0,0,0,VALID,VALID
92H-02687,2026-08-15 16:49:00,583.1,0,0.0,,,"Xã Hà Nha, TP Đà Nẵng",,2.0,1,0,0.0,0.0,583.1,0.0,5.0,1,Stopped,0,0,0,0,0,VALID,VALID
92H-02687,2026-08-15 16:51:00,583.1,0,0.0,,,"Xã Hà Nha, TP Đà Nẵng",,2.0,1,0,0.0,0.0,583.1,0.0,5.0,1,Stopped,0,0,0,0,0,VALID,VALID
92H-02687,2026-08-15 16:54:00,583.1,0,0.0,,,"Xã Hà Nha, TP Đà Nẵng",,3.0,1,0,0.0,0.0,583.1,0.0,5.0,1,Stopped,0,0,0,0,0,VALID,VALID
92H-02687,2026-08-15 16:56:00,583.1,0,0.0,,,"Xã Hà Nha, TP Đà Nẵng",,2.0,1,0,0.0,0.0,583.1,0.0,5.0,1,Stopped,0,0,0,0,0,VALID,VALID
92H-02687,2026-08-15 16:58:00,583.1,0,0.0,,,"Xã Hà Nha, TP Đà Nẵng",,2.0,1,0,0.0,0.0,583.1,0.0,5.0,1,Stopped,0,0,0,0,0,VALID,VALID
92H-02687,2026-08-15 17:00:00,583.1,0,0.0,,,"Xã Hà Nha, TP Đà Nẵng",,2.0,1,0,0.0,0.0,583.1,0.0,5.0,1,Stopped,0,0,0,0,0,VALID,VALID
92H-02687,2026-08-15 17:02:00,583.1,0,0.0,,,"Xã Hà Nha, TP Đà Nẵng",,2.0,1,0,0.0,0.0,583.1,0.0,5.0,1,Stopped,0,0,0,0,0,VALID,VALID
92H-02687,2026-08-15 17:04:00,583.3,0,0.0,,,"Xã Hà Nha, TP Đà Nẵng",,2.0,1,0,0.1999999999999318,0.0999999999999659,583.1,0.08944271483301575,5.0,1,Stopped,0,0,0,0,0,VALID,VALID
92H-02687,2026-08-15 17:07:00,583.3,0,0.0,,,"Xã Hà Nha, TP Đà Nẵng",,3.0,1,0,0.0,0.0,583.1,0.10954450801690302,5.0,1,Stopped,0,0,0,0,0,VALID,VALID
92H-02687,2026-08-15 17:09:00,583.3,0,0.0,,,"Xã Hà Nha, TP Đà Nẵng",,2.0,1,0,0.0,0.0,583.3,0.1095445080167655,5.0,1,Stopped,0,0,0,0,0,VALID,VALID
92H-02687,2026-08-15 17:11:00,583.4,0,0.0,,,"Xã Hà Nha, TP Đà Nẵng",,2.0,1,0,0.10000000000002274,0.05000000000001137,583.3,0.10954450801657481,5.0,1,Stopped,0,0,0,0,0,VALID,VALID
92H-02687,2026-08-15 17:13:00,583.4,0,0.0,,,"Xã Hà Nha, TP Đà Nẵng",,2.0,1,0,0.0,0.0,583.3,0.05477224878119626,5.0,1,Stopped,0,0,0,0,0,VALID,VALID
92H-02687,2026-08-15 17:16:00,583.4,0,0.0,,,"Xã Hà Nha, TP Đà Nẵng",,3.0,1,0,0.0,0.0,583.4,0.054772248781058755,5.0,1,Stopped,0,0,0,0,0,VALID,VALID
92H-02687,2026-08-15 17:18:00,583.4,0,0.0,,,"Xã Hà Nha, TP Đà Nẵng",,2.0,1,0,0.0,0.0,583.4,0.04472135101402538,5.0,1,Stopped,0,0,0,0,0,VALID,VALID
92H-02687,2026-08-15 17:20:00,583.4,0,0.0,,,"Xã Hà Nha, TP Đà Nẵng",,2.0,1,0,0.0,0.0,583.4,0.0,5.0,1,Stopped,0,0,0,0,0,VALID,VALID
92H-02687,2026-08-15 17:22:00,583.4,0,0.0,,,"Xã Hà Nha, TP Đà Nẵng",,2.0,1,0,0.0,0.0,583.4,0.0,5.0,1,Stopped,0,0,0,0,0,VALID,VALID
92H-02687,2026-08-15 17:24:00,583.4,0,0.0,,,"Xã Hà Nha, TP Đà Nẵng",,2.0,1,0,0.0,0.0,583.4,0.0,5.0,1,Stopped,0,0,0,0,0,VALID,VALID
92H-02687,2026-08-15 17:26:00,583.4,0,0.0,,,"Xã Hà Nha, TP Đà Nẵng",,2.0,1,0,0.0,0.0,583.4,0.0,5.0,1,Stopped,0,0,0,0,0,VALID,VALID
92H-02687,2026-08-15 17:28:00,583.4,0,0.0,,,"Xã Hà Nha, TP Đà Nẵng",,2.0,1,0,0.0,0.0,583.4,0.0,5.0,1,Stopped,0,0,0,0,0,VALID,VALID
92H-02687,2026-08-15 17:30:00,586.2,0,0.0,,,"Quốc Lộ 14B, Xã Hà Nha, TP Đà Nẵng",,2.0,1,0,2.800000000000068,1.400000000000034,583.4,1.2521980670948984,5.0,1,Stopped,0,0,0,0,0,VALID,VALID
92H-02687,2026-08-15 17:32:00,586.2,0,0.0,,,"Quốc Lộ 14B, Xã Hà Nha, TP Đà Nẵng",,2.0,1,0,0.0,0.0,583.4,1.533623160765322,5.0,1,Stopped,0,0,0,0,0,VALID,VALID
92H-02687,2026-08-15 17:34:00,586.2,0,0.0,,,"Quốc Lộ 14B, Xã Hà Nha, TP Đà Nẵng",,2.0,1,0,0.0,0.0,586.2,1.5336231607651716,5.0,1,Stopped,0,0,0,0,0,VALID,VALID
92H-02687,2026-08-15 17:36:00,586.3,36,0.3,,,"Quốc Lộ 14B, Xã Hà Nha, TP Đà Nẵng",,2.0,1,0,0.09999999999990905,0.049999999999954525,586.2,1.264120247142174,5.0,1,Moving,0,0,0,0,0,VALID,VALID
92H-02687,2026-08-15 17:38:00,583.4,49,0.10833333333333334,,,"Quốc Lộ 14B, Xã Hà Nha, TP Đà Nẵng",,2.0,1,0,-2.8999999999999773,-1.4499999999999886,586.2,1.264120247142174,5.0,1,Moving,0,0,0,0,0,VALID,VALID
92H-02687,2026-08-15 17:40:00,581.2,51,0.016666666666666666,,,"Quốc Lộ 14B, Xã Hà Nha, TP Đà Nẵng",,2.0,1,0,-2.199999999999932,-1.099999999999966,586.2,2.2908513699573336,5.0,1,Moving,0,0,0,0,0,VALID,VALID
92H-02687,2026-08-15 17:42:00,580.2,42,-0.075,,,"Quốc Lộ 14B, Xã Đại Lộc, TP Đà Nẵng",,2.0,1,0,-1.0,-0.5,583.4,2.797856322121647,5.0,1,Moving,0,0,0,0,0,VALID,VALID
92H-02687,2026-08-15 17:44:00,579.9,47,0.041666666666666664,,,"Quốc Lộ 14B, Xã Đại Lộc, TP Đà Nẵng",,2.0,1,0,-0.3000000000000682,-0.1500000000000341,581.2,2.671142077695766,5.0,1,Moving,0,0,0,0,0,VALID,VALID
92H-02687,2026-08-15 17:46:00,579.6,42,-0.041666666666666664,,,"Quốc Lộ 14B, Xã Đại Lộc, TP Đà Nẵng",,2.0,1,0,-0.2999999999999545,-0.14999999999997726,580.2,1.5420765218490227,5.0,1,Moving,0,0,0,0,0,VALID,VALID
92H-02687,2026-08-15 17:48:00,578.6,46,0.03333333333333333,,,"Quốc Lộ 14B, Xã Đại Lộc, TP Đà Nẵng",,2.0,1,0,-1.0,-0.5,579.9,0.9433981128022838,5.0,1,Moving,0,0,0,0,0,VALID,VALID
92H-02687,2026-08-15 17:50:00,577.4,43,-0.025,,,"Quốc Lộ 14B, Xã Đại Lộc, TP Đà Nẵng",,2.0,1,0,-1.2000000000000455,-0.6000000000000227,579.6,1.1436782761072692,5.0,1,Moving,0,0,0,0,0,VALID,VALID
92H-02687,2026-08-15 17:52:00,576.3,34,-0.075,,,"Quốc Lộ 14B, Xã Hòa Tiến, TP Đà Nẵng",,2.0,1,0,-1.1000000000000227,-0.5500000000000114,578.6,1.510959959509388,5.0,1,Moving,0,0,0,0,0,VALID,VALID
92H-02687,2026-08-15 17:54:00,576.2,26,-0.06666666666666667,,,"Quốc Lộ 14B, Xã Hòa Tiến, TP Đà Nẵng",,2.0,1,0,-0.09999999999990905,-0.049999999999954525,577.4,1.473770673897897,5.0,1,Moving,0,0,0,0,0,VALID,VALID
92H-02687,2026-08-15 17:56:00,576.1,33,0.058333333333333334,,,"Quốc Lộ 14B, Xã Hòa Tiến, TP Đà Nẵng",,2.0,1,0,-0.10000000000002274,-0.05000000000001137,576.3,1.0756393444097394,5.0,1,Moving,0,0,0,0,0,VALID,VALID
92H-02687,2026-08-15 17:58:00,575.8,28,-0.041666666666666664,,,"Quốc Lộ 14B, Xã Hòa Tiến, TP Đà Nẵng",,2.0,1,0,-0.3000000000000682,-0.1500000000000341,576.2,0.6107372587641439,5.0,1,Moving,0,0,0,0,0,VALID,VALID
92H-02687,2026-08-15 18:00:00,575.6,46,0.15,,,"Xã Hòa Tiến, TP Đà Nẵng",,2.0,1,0,-0.1999999999999318,-0.0999999999999659,576.1,0.29154759344415593,5.0,1,Moving,0,0,0,0,0,VALID,VALID
92H-02687,2026-08-15 18:02:00,574.4,47,0.008333333333333333,,,"Xã Hòa Tiến, TP Đà Nẵng",,2.0,1,0,-1.2000000000000455,-0.6000000000000227,575.8,0.7224956742039508,5.0,1,Moving,0,0,0,0,0,VALID,VALID
92H-02687,2026-08-15 18:04:00,573.4,47,0.0,,,"Xã Hòa Tiến, TP Đà Nẵng",,2.0,1,0,-1.0,-0.5,575.6,1.1304866205505675,5.0,1,Moving,0,0,0,0,0,VALID,VALID
92H-02687,2026-08-15 18:06:00,573.0,0,-0.39166666666666666,,,"Xã Hòa Tiến, TP Đà Nẵng",,2.0,1,0,-0.39999999999997726,-0.19999999999998863,574.4,1.2601587198620272,5.0,1,Stopped,0,0,0,0,0,VALID,VALID
92H-02687,2026-08-15 18:08:00,574.0,0,0.0,,,"Xã Hòa Tiến, TP Đà Nẵng",,2.0,1,0,1.0,0.5,574.0,1.005982106821287,5.0,1,Stopped,0,0,0,0,0,VALID,VALID
92H-02687,2026-08-15 18:10:00,574.0,41,0.3416666666666667,,,"Phường Hòa Xuân, TP Đà Nẵng",,2.0,1,0,0.0,0.0,574.0,0.5549774763400531,5.0,1,Moving,0,0,0,0,0,VALID,VALID
92H-02687,2026-08-15 18:12:00,572.7,48,0.058333333333333334,,,"Phường Hòa Xuân, TP Đà Nẵng",,2.0,1,0,-1.2999999999999545,-0.6499999999999773,573.4,0.5848076600429707,5.0,1,Moving,0,0,0,0,0,VALID,VALID
92H-02687,2026-08-15 18:14:00,571.2,19,-0.24166666666666667,,,"Phường Hòa Xuân, TP Đà Nẵng",,2.0,1,0,-1.5,-0.75,573.0,1.1541230433732104,5.0,1,Moving,0,0,0,0,0,VALID,VALID
92H-02687,2026-08-15 18:16:00,571.2,46,0.225,,,"Quốc Lộ 1, Phường Hòa Xuân, TP Đà Nẵng",,2.0,1,0,0.0,0.0,572.7,1.4007141033219832,5.0,1,Moving,0,0,0,0,0,VALID,VALID
92H-02687,2026-08-15 18:18:00,570.2,38,-0.06666666666666667,,,"Quốc Lộ 1, Phường Điện Bàn Bắc, TP Đà Nẵng",,2.0,1,0,-1.0,-0.5,571.2,1.4926486523108011,5.0,1,Moving,0,0,0,0,0,VALID,VALID
92H-02687,2026-08-15 18:20:00,570.0,19,-0.15833333333333333,,,"Quốc Lộ 1, Phường Điện Bàn Bắc, TP Đà Nẵng",,2.0,1,0,-0.20000000000004547,-0.10000000000002274,571.2,1.0714476185262256,5.0,1,Moving,0,0,0,0,0,VALID,VALID
92H-02687,2026-08-15 18:22:00,569.7,33,0.11666666666666667,,,"Quốc Lộ 1, Phường An Thắng, TP Đà Nẵng",,2.0,1,0,-0.2999999999999545,-0.14999999999997726,570.2,0.6985699673230348,5.0,1,Moving,0,0,0,0,0,VALID,VALID
92H-02687,2026-08-15 18:24:00,569.4,39,0.05,,,"Quốc Lộ 1, Phường An Thắng, TP Đà Nẵng",,2.0,1,0,-0.3000000000000682,-0.1500000000000341,570.0,0.6855654594900724,5.0,1,Moving,0,0,0,0,0,VALID,VALID
92H-02687,2026-08-15 18:26:00,567.7,29,-0.08333333333333333,,,"Quốc Lộ 1, Phường An Thắng, TP Đà Nẵng",,2.0,1,0,-1.6999999999999318,-0.8499999999999659,569.7,0.9974968667850387,5.0,1,Moving,0,0,0,0,0,VALID,VALID
92H-02687,2026-08-15 18:28:00,568.0,49,0.16666666666666666,,,"Quốc Lộ 1, Phường Điện Bàn Đông, TP Đà Nẵng",,2.0,1,0,0.2999999999999545,0.14999999999997726,569.4,1.0406728588975511,5.0,1,Moving,0,0,0,0,0,VALID,VALID
92H-02687,2026-08-15 18:30:00,567.7,50,0.008333333333333333,,,"Quốc Lộ 1, Phường Điện Bàn, TP Đà Nẵng",,2.0,1,0,-0.2999999999999545,-0.14999999999997726,568.0,0.9721111043733709,5.0,1,Moving,0,0,0,0,0,VALID,VALID
92H-02687,2026-08-15 18:32:00,566.7,0,-0.4166666666666667,,,"Quốc Lộ 1, Phường Điện Bàn, TP Đà Nẵng",,2.0,1,0,-1.0,-0.5,567.7,0.9721111043733709,5.0,1,Stopped,0,0,0,0,0,VALID,VALID
92H-02687,2026-08-15 18:34:00,566.7,44,0.36666666666666664,,,"Quốc Lộ 1, Phường Điện Bàn, TP Đà Nẵng",,2.0,1,0,0.0,0.0,567.7,0.6148170453444952,5.0,1,Moving,0,0,0,0,0,VALID,VALID
92H-02687,2026-08-15 18:36:00,566.4,49,0.041666666666666664,,,"Điện Biên Phủ, Xã Nam Phước, TP Đà Nẵng",,2.0,1,0,-0.3000000000000682,-0.1500000000000341,566.7,0.7035623634377961,5.0,1,Moving,0,0,0,0,0,VALID,VALID
92H-02687,2026-08-15 18:38:00,564.6,41,-0.06666666666666667,,,"Điện Biên Phủ, Xã Nam Phước, TP Đà Nẵng",,2.0,1,0,-1.7999999999999545,-0.8999999999999773,566.7,1.1300442465877774,5.0,1,Moving,0,0,0,0,0,VALID,VALID
92H-02687,2026-08-15 18:40:00,563.4,0,-0.3416666666666667,,,"Điện Biên Phủ, Xã Nam Phước, TP Đà Nẵng",,2.0,1,0,-1.2000000000000455,-0.6000000000000227,566.4,1.4909728365218466,5.0,1,Stopped,0,0,0,0,0,VALID,VALID
92H-02687,2026-08-15 18:42:00,563.6,23,0.19166666666666668,,,"Quốc Lộ 1, Xã Nam Phước, TP Đà Nẵng",,2.0,1,0,0.20000000000004547,0.10000000000002274,564.6,1.5420765218515669,5.0,1,Moving,0,0,0,0,0,VALID,VALID
92H-02687,2026-08-15 18:44:00,563.6,0,-0.19166666666666668,,,"Quốc Lộ 1, Xã Nam Phước, TP Đà Nẵng",,2.0,1,0,0.0,0.0,563.6,1.2537942411917733,5.0,1,Stopped,0,0,0,0,0,VALID,VALID
92H-02687,2026-08-15 18:46:00,562.7,0,0.0,,,"Quốc Lộ 1, Xã Nam Phước, TP Đà Nẵng",,2.0,1,0,-0.8999999999999773,-0.44999999999998863,563.6,0.6797058181636844,5.0,1,Stopped,0,0,0,0,0,VALID,VALID
92H-02687,2026-08-15 18:48:00,563.7,41,0.3416666666666667,,,"Quốc Lộ 1, Xã Xuân Phú, TP Đà Nẵng",,2.0,1,0,1.0,0.5,563.6,0.40620191930310334,5.0,1,Moving,0,0,0,0,0,VALID,VALID
92H-02687,2026-08-15 18:50:00,562.2,50,0.075,,,"Quốc Lộ 1, Xã Xuân Phú, TP Đà Nẵng",,2.0,1,0,-1.5,-0.75,563.6,0.6730527462580368,5.0,1,Moving,0,0,0,0,0,VALID,VALID
92H-02687,2026-08-15 18:52:00,562.2,55,0.041666666666666664,,,"Quốc Lộ 1, Xã Xuân Phú, TP Đà Nẵng",,2.0,1,0,0.0,0.0,562.7,0.7328028379076081,5.0,1,Moving,0,0,0,0,0,VALID,VALID
92H-02687,2026-08-15 18:54:00,560.5,23,-0.26666666666666666,,,"Quốc Lộ 1, Xã Xuân Phú, TP Đà Nẵng",,2.0,1,0,-1.7000000000000455,-0.8500000000000227,562.2,1.1588787681399022,5.0,1,Moving,0,0,0,0,0,VALID,VALID
92H-02687,2026-08-15 18:56:00,560.6,41,0.15,,,"Quốc Lộ 1, Xã Xuân Phú, TP Đà Nẵng",,2.0,1,0,0.10000000000002274,0.05000000000001137,562.2,1.327780101991829,5.0,1,Moving,0,0,0,0,0,VALID,VALID
92H-02687,2026-08-15 18:58:00,560.3,38,-0.025,,,"Quốc Lộ 1, Xã Xuân Phú, TP Đà Nẵng",,2.0,1,0,-0.3000000000000682,-0.1500000000000341,560.6,0.9555103344524412,5.0,1,Moving,0,0,0,0,0,VALID,VALID
92H-02687,2026-08-15 19:00:00,560.3,41,0.025,,,"Tỉnh Lộ 611, Xã Quế Sơn Trung, TP Đà Nẵng",,2.0,1,0,0.0,0.0,560.5,0.8043631016185282,5.0,1,Moving,0,0,0,0,0,VALID,VALID
92H-02687,2026-08-15 19:02:00,560.2,43,0.016666666666666666,,,"Tỉnh Lộ 611, Xã Quế Sơn Trung, TP Đà Nẵng",,2.0,1,0,-0.09999999999990905,-0.049999999999954525,560.3,0.16431676495509276,5.0,1,Moving,0,0,0,0,0,VALID,VALID
92H-02687,2026-08-15 19:04:00,559.3,44,0.008333333333333333,,,"Tỉnh Lộ 611, Xã Quế Sơn Trung, TP Đà Nẵng",,2.0,1,0,-0.900000000000091,-0.4500000000000455,560.3,0.49295030098918735,5.0,1,Moving,0,0,0,0,0,VALID,VALID
92H-02687,2026-08-15 19:06:00,559.0,22,-0.18333333333333332,,,"Tỉnh Lộ 611, Xã Quế Sơn Trung, TP Đà Nẵng",,2.0,1,0,-0.2999999999999545,-0.14999999999997726,560.2,0.6220932399932497,5.0,1,Moving,0,0,0,0,0,VALID,VALID
92H-02687,2026-08-15 19:08:00,558.7,47,0.20833333333333334,,,"Tỉnh Lộ 611, Xã Quế Sơn Trung, TP Đà Nẵng",,2.0,1,0,-0.2999999999999545,-0.14999999999997726,559.3,0.7176350041945135,5.0,1,Moving,0,0,0,0,0,VALID,VALID
92H-02687,2026-08-15 19:10:00,556.8,41,-0.05,,,"Tỉnh Lộ 611, Xã Quế Sơn Trung, TP Đà Nẵng",,2.0,1,0,-1.900000000000091,-0.9500000000000455,559.0,1.25099960001803,5.0,1,Moving,0,0,0,0,0,VALID,VALID
92H-02687,2026-08-15 19:12:00,556.5,51,0.08333333333333333,,,"Tỉnh Lộ 611, Xã Quế Sơn Trung, TP Đà Nẵng",,2.0,1,0,-0.2999999999999545,-0.14999999999997726,558.7,1.3088162587793362,5.0,1,Moving,0,0,0,0,0,VALID,VALID
92H-02687,2026-08-15 19:14:00,555.3,42,-0.075,,,"Tỉnh Lộ 611, Xã Quế Sơn Trung, TP Đà Nẵng",,2.0,1,0,-1.2000000000000455,-0.6000000000000227,556.8,1.559807680210991,5.0,1,Moving,0,0,0,0,0,VALID,VALID
92H-02687,2026-08-15 19:16:00,555.2,37,-0.041666666666666664,,,"Tỉnh Lộ 611, Xã Quế Sơn Trung, TP Đà Nẵng",,2.0,1,0,-0.09999999999990905,-0.049999999999954525,556.5,1.4195069563919682,5.0,1,Moving,0,0,0,0,0,VALID,VALID
92H-02687,2026-08-15 19:18:00,555.0,36,-0.008333333333333333,,,"Tỉnh Lộ 611, Xã Quế Sơn Trung, TP Đà Nẵng",,2.0,1,0,-0.20000000000004547,-0.10000000000002274,555.3,0.8264381399990954,5.0,1,Moving,0,0,0,0,0,VALID,VALID
92H-02687,2026-08-15 19:20:00,553.9,51,0.125,,,"Tỉnh Lộ 611, Xã Quế Sơn Trung, TP Đà Nẵng",,2.0,1,0,-1.1000000000000227,-0.5500000000000114,555.2,0.9257429444749684,5.0,1,Moving,0,0,0,0,0,VALID,VALID
92H-02687,2026-08-15 19:22:00,553.6,46,-0.041666666666666664,,,"Hùng Vương, Xã Quế Sơn, TP Đà Nẵng",,2.0,1,0,-0.2999999999999545,-0.14999999999997726,555.0,0.7905694145646351,5.0,1,Moving,0,0,0,0,0,VALID,VALID
92H-02687,2026-08-15 19:24:00,551.7,16,-0.25,,,"Thọ Xuân, Xã Quế Sơn, TP Đà Nẵng",,2.0,1,0,-1.8999999999999773,-0.9499999999999886,553.9,1.3989281608592259,5.0,1,Moving,0,0,0,0,0,VALID,VALID
92H-02687,2026-08-15 19:26:00,552.0,40,0.2,,,"Xã Quế Sơn, TP Đà Nẵng",,2.0,1,0,0.2999999999999545,0.14999999999997726,553.6,1.3758633650348115,5.0,1,Moving,0,0,0,0,0,VALID,VALID
92H-02687,2026-08-15 19:28:00,550.3,0,-0.3333333333333333,,,"Xã Quế Sơn, TP Đà Nẵng",,2.0,1,0,-1.7000000000000455,-0.8500000000000227,552.0,1.4747881201192599,5.0,1,Stopped,0,0,0,0,0,VALID,VALID
92H-02687,2026-08-15 19:30:00,550.3,0,0.0,,,"Xã Quế Sơn, TP Đà Nẵng",,2.0,1,0,0.0,0.0,551.7,1.373681185444747,5.0,1,Stopped,0,0,0,0,0,VALID,VALID
92H-02687,2026-08-15 19:32:00,550.5,0,0.0,,,"Xã Quế Sơn, TP Đà Nẵng",,2.0,1,0,0.20000000000004547,0.10000000000002274,550.5,0.8234075535509497,5.0,1,Stopped,0,0,0,0,0,VALID,VALID
92H-02687,2026-08-15 19:34:00,550.6,0,0.0,,,"Xã Quế Sơn, TP Đà Nẵng",,2.0,1,0,0.10000000000002274,0.05000000000001137,550.5,0.716240182651523,5.0,1,Stopped,0,0,0,0,0,VALID,VALID
92H-02687,2026-08-15 19:36:00,550.8,0,0.0,,,"Xã Quế Sơn, TP Đà Nẵng",,2.0,1,0,0.1999999999999318,0.0999999999999659,550.5,0.21213203257549437,5.0,1,Stopped,0,0,0,0,0,VALID,VALID
92H-02687,2026-08-15 19:39:00,550.8,0,0.0,,,"Xã Quế Sơn, TP Đà Nẵng",,3.0,1,0,0.0,0.0,550.6,0.2121320325755379,5.0,1,Stopped,0,0,0,0,0,VALID,VALID
92H-02687,2026-08-15 19:41:00,550.9,0,0.0,,,"Xã Quế Sơn, TP Đà Nẵng",,2.0,1,0,0.10000000000002274,0.05000000000001137,550.8,0.16431676495305625,5.0,1,Stopped,0,0,0,0,0,VALID,VALID
92H-02687,2026-08-15 19:43:00,550.9,0,0.0,,,"Xã Quế Sơn, TP Đà Nẵng",,2.0,1,0,0.0,0.0,550.8,0.12247448405549005,5.0,1,Stopped,0,0,0,0,0,VALID,VALID
92H-02687,2026-08-15 19:45:00,550.9,0,0.0,,,"Xã Quế Sơn, TP Đà Nẵng",,2.0,1,0,0.0,0.0,550.9,0.054772248855469066,5.0,1,Stopped,0,0,0,0,0,VALID,VALID
92H-02687,2026-08-15 19:47:00,550.9,0,0.0,,,"Xã Quế Sơn, TP Đà Nẵng",,2.0,1,0,0.0,0.0,550.9,0.04472135110541324,5.0,1,Stopped,0,0,0,0,0,VALID,VALID
92H-02687,2026-08-15 19:50:00,550.9,0,0.0,,,"Xã Quế Sơn, TP Đà Nẵng",,3.0,1,0,0.0,0.0,550.9,0.0,5.0,1,Stopped,0,0,0,0,0,VALID,VALID
92H-02687,2026-08-15 19:52:00,550.9,0,0.0,,,"Xã Quế Sơn, TP Đà Nẵng",,2.0,1,0,0.0,0.0,550.9,0.0,5.0,1,Stopped,0,0,0,0,0,VALID,VALID
92H-02687,2026-08-15 19:54:00,550.9,0,0.0,,,"Xã Quế Sơn, TP Đà Nẵng",,2.0,1,0,0.0,0.0,550.9,0.0,5.0,1,Stopped,0,0,0,0,0,VALID,VALID
92H-02687,2026-08-15 19:56:00,550.9,0,0.0,,,"Xã Quế Sơn, TP Đà Nẵng",,2.0,1,0,0.0,0.0,550.9,0.0,5.0,1,Stopped,0,0,0,0,0,VALID,VALID
92H-02687,2026-08-15 19:58:00,550.9,0,0.0,,,"Xã Quế Sơn, TP Đà Nẵng",,2.0,1,0,0.0,0.0,550.9,0.0,5.0,1,Stopped,0,0,0,0,0,VALID,VALID
92H-02687,2026-08-15 20:00:00,550.9,0,0.0,,,"Xã Quế Sơn, TP Đà Nẵng",,2.0,1,0,0.0,0.0,550.9,0.0,5.0,1,Stopped,0,0,0,0,0,VALID,VALID
92H-02687,2026-08-15 20:03:00,550.9,0,0.0,,,"Xã Quế Sơn, TP Đà Nẵng",,3.0,1,0,0.0,0.0,550.9,0.0,5.0,1,Stopped,0,0,0,0,0,VALID,VALID
92H-02687,2026-08-15 20:05:00,550.9,0,0.0,,,"Xã Quế Sơn, TP Đà Nẵng",,2.0,1,0,0.0,0.0,550.9,0.0,5.0,1,Stopped,0,0,0,0,0,VALID,VALID
92H-02687,2026-08-15 20:07:00,550.9,0,0.0,,,"Xã Quế Sơn, TP Đà Nẵng",,2.0,1,0,0.0,0.0,550.9,0.0,5.0,1,Stopped,0,0,0,0,0,VALID,VALID
92H-02687,2026-08-15 20:09:00,550.9,0,0.0,,,"Xã Quế Sơn, TP Đà Nẵng",,2.0,1,0,0.0,0.0,550.9,0.0,5.0,1,Stopped,0,0,0,0,0,VALID,VALID
92H-02687,2026-08-15 20:12:00,550.9,0,0.0,,,"Xã Quế Sơn, TP Đà Nẵng",,3.0,1,0,0.0,0.0,550.9,0.0,5.0,1,Stopped,0,0,0,0,0,VALID,VALID
92H-02687,2026-08-15 20:14:00,550.9,0,0.0,,,"Xã Quế Sơn, TP Đà Nẵng",,2.0,1,0,0.0,0.0,550.9,0.0,5.0,1,Stopped,0,0,0,0,0,VALID,VALID
92H-02687,2026-08-15 20:16:00,550.9,0,0.0,,,"Xã Quế Sơn, TP Đà Nẵng",,2.0,1,0,0.0,0.0,550.9,0.0,5.0,1,Stopped,0,0,0,0,0,VALID,VALID
92H-02687,2026-08-15 20:18:00,550.9,0,0.0,,,"Xã Quế Sơn, TP Đà Nẵng",,2.0,1,0,0.0,0.0,550.9,0.0,5.0,1,Stopped,0,0,0,0,0,VALID,VALID
92H-02687,2026-08-15 20:20:00,550.9,0,0.0,,,"Xã Quế Sơn, TP Đà Nẵng",,2.0,1,0,0.0,0.0,550.9,0.0,5.0,1,Stopped,0,0,0,0,0,VALID,VALID
92H-02687,2026-08-15 20:22:00,550.9,0,0.0,,,"Xã Quế Sơn, TP Đà Nẵng",,2.0,1,0,0.0,0.0,550.9,0.0,5.0,1,Stopped,0,0,0,0,0,VALID,VALID
92H-02687,2026-08-15 20:25:00,550.9,0,0.0,,,"Xã Quế Sơn, TP Đà Nẵng",,3.0,1,0,0.0,0.0,550.9,0.0,5.0,1,Stopped,0,0,0,0,0,VALID,VALID
92H-02687,2026-08-15 20:27:00,550.9,0,0.0,,,"Xã Quế Sơn, TP Đà Nẵng",,2.0,1,0,0.0,0.0,550.9,0.0,5.0,1,Stopped,0,0,0,0,0,VALID,VALID
92H-02687,2026-08-15 20:29:00,550.9,0,0.0,,,"Xã Quế Sơn, TP Đà Nẵng",,2.0,1,0,0.0,0.0,550.9,0.0,5.0,1,Stopped,0,0,0,0,0,VALID,VALID
92H-02687,2026-08-15 20:31:00,550.9,0,0.0,,,"Xã Quế Sơn, TP Đà Nẵng",,2.0,1,0,0.0,0.0,550.9,0.0,5.0,1,Stopped,0,0,0,0,0,VALID,VALID
92H-02687,2026-08-15 20:33:00,550.9,0,0.0,,,"Xã Quế Sơn, TP Đà Nẵng",,2.0,1,0,0.0,0.0,550.9,0.0,5.0,1,Stopped,0,0,0,0,0,VALID,VALID
92H-02687,2026-08-15 20:36:00,550.9,0,0.0,,,"Xã Quế Sơn, TP Đà Nẵng",,3.0,1,0,0.0,0.0,550.9,0.0,5.0,1,Stopped,0,0,0,0,0,VALID,VALID
92H-02687,2026-08-15 20:38:00,550.9,0,0.0,,,"Xã Quế Sơn, TP Đà Nẵng",,2.0,1,0,0.0,0.0,550.9,0.0,5.0,1,Stopped,0,0,0,0,0,VALID,VALID
92H-02687,2026-08-15 20:40:00,550.9,0,0.0,,,"Xã Quế Sơn, TP Đà Nẵng",,2.0,1,0,0.0,0.0,550.9,0.0,5.0,1,Stopped,0,0,0,0,0,VALID,VALID
92H-02687,2026-08-15 20:42:00,550.9,0,0.0,,,"Xã Quế Sơn, TP Đà Nẵng",,2.0,1,0,0.0,0.0,550.9,0.0,5.0,1,Stopped,0,0,0,0,0,VALID,VALID
92H-02687,2026-08-15 20:44:00,550.9,0,0.0,,,"Xã Quế Sơn, TP Đà Nẵng",,2.0,1,0,0.0,0.0,550.9,0.0,5.0,1,Stopped,0,0,0,0,0,VALID,VALID
92H-02687,2026-08-15 20:46:00,550.9,0,0.0,,,"Xã Quế Sơn, TP Đà Nẵng",,2.0,1,0,0.0,0.0,550.9,0.0,5.0,1,Stopped,0,0,0,0,0,VALID,VALID
92H-02687,2026-08-15 20:49:00,550.9,0,0.0,,,"Xã Quế Sơn, TP Đà Nẵng",,3.0,1,0,0.0,0.0,550.9,0.0,5.0,1,Stopped,0,0,0,0,0,VALID,VALID
92H-02687,2026-08-15 20:51:00,550.9,0,0.0,,,"Xã Quế Sơn, TP Đà Nẵng",,2.0,1,0,0.0,0.0,550.9,0.0,5.0,1,Stopped,0,0,0,0,0,VALID,VALID
92H-02687,2026-08-15 20:53:00,550.9,0,0.0,,,"Xã Quế Sơn, TP Đà Nẵng",,2.0,1,0,0.0,0.0,550.9,0.0,5.0,1,Stopped,0,0,0,0,0,VALID,VALID
92H-02687,2026-08-15 20:55:00,550.9,0,0.0,,,"Xã Quế Sơn, TP Đà Nẵng",,2.0,1,0,0.0,0.0,550.9,0.0,5.0,1,Stopped,0,0,0,0,0,VALID,VALID
92H-02687,2026-08-15 20:57:00,550.9,0,0.0,,,"Xã Quế Sơn, TP Đà Nẵng",,2.0,1,0,0.0,0.0,550.9,0.0,5.0,1,Stopped,0,0,0,0,0,VALID,VALID
92H-02687,2026-08-15 21:00:00,550.9,0,0.0,,,"Xã Quế Sơn, TP Đà Nẵng",,3.0,1,0,0.0,0.0,550.9,0.0,5.0,1,Stopped,0,0,0,0,0,VALID,VALID
92H-02687,2026-08-15 21:02:00,550.9,0,0.0,,,"Xã Quế Sơn, TP Đà Nẵng",,2.0,1,0,0.0,0.0,550.9,0.0,5.0,1,Stopped,0,0,0,0,0,VALID,VALID
92H-02687,2026-08-15 21:04:00,550.9,0,0.0,,,"Xã Quế Sơn, TP Đà Nẵng",,2.0,1,0,0.0,0.0,550.9,0.0,5.0,1,Stopped,0,0,0,0,0,VALID,VALID
92H-02687,2026-08-15 21:06:00,550.9,0,0.0,,,"Xã Quế Sơn, TP Đà Nẵng",,2.0,1,0,0.0,0.0,550.9,0.0,5.0,1,Stopped,0,0,0,0,0,VALID,VALID
92H-02687,2026-08-15 21:08:00,550.9,0,0.0,,,"Xã Quế Sơn, TP Đà Nẵng",,2.0,1,0,0.0,0.0,550.9,0.0,5.0,1,Stopped,0,0,0,0,0,VALID,VALID
92H-02687,2026-08-15 21:10:00,550.9,0,0.0,,,"Xã Quế Sơn, TP Đà Nẵng",,2.0,1,0,0.0,0.0,550.9,0.0,5.0,1,Stopped,0,0,0,0,0,VALID,VALID
92H-02687,2026-08-15 21:13:00,550.9,0,0.0,,,"Xã Quế Sơn, TP Đà Nẵng",,3.0,1,0,0.0,0.0,550.9,0.0,5.0,1,Stopped,0,0,0,0,0,VALID,VALID
92H-02687,2026-08-15 21:15:00,550.9,0,0.0,,,"Xã Quế Sơn, TP Đà Nẵng",,2.0,1,0,0.0,0.0,550.9,0.0,5.0,1,Stopped,0,0,0,0,0,VALID,VALID
92H-02687,2026-08-15 21:17:00,550.9,0,0.0,,,"Xã Quế Sơn, TP Đà Nẵng",,2.0,1,0,0.0,0.0,550.9,0.0,5.0,1,Stopped,0,0,0,0,0,VALID,VALID
92H-02687,2026-08-15 21:19:00,550.9,0,0.0,,,"Xã Quế Sơn, TP Đà Nẵng",,2.0,1,0,0.0,0.0,550.9,0.0,5.0,1,Stopped,0,0,0,0,0,VALID,VALID
92H-02687,2026-08-15 21:21:00,550.9,0,0.0,,,"Xã Quế Sơn, TP Đà Nẵng",,2.0,1,0,0.0,0.0,550.9,0.0,5.0,1,Stopped,0,0,0,0,0,VALID,VALID
92H-02687,2026-08-15 21:24:00,550.9,0,0.0,,,"Xã Quế Sơn, TP Đà Nẵng",,3.0,1,0,0.0,0.0,550.9,0.0,5.0,1,Stopped,0,0,0,0,0,VALID,VALID
92H-02687,2026-08-15 21:26:00,550.9,0,0.0,,,"Xã Quế Sơn, TP Đà Nẵng",,2.0,1,0,0.0,0.0,550.9,0.0,5.0,1,Stopped,0,0,0,0,0,VALID,VALID
92H-02687,2026-08-15 21:28:00,550.9,0,0.0,,,"Xã Quế Sơn, TP Đà Nẵng",,2.0,1,0,0.0,0.0,550.9,0.0,5.0,1,Stopped,0,0,0,0,0,VALID,VALID
92H-02687,2026-08-15 21:30:00,550.9,0,0.0,,,"Xã Quế Sơn, TP Đà Nẵng",,2.0,1,0,0.0,0.0,550.9,0.0,5.0,1,Stopped,0,0,0,0,0,VALID,VALID
92H-02687,2026-08-15 21:32:00,550.9,0,0.0,,,"Xã Quế Sơn, TP Đà Nẵng",,2.0,1,0,0.0,0.0,550.9,0.0,5.0,1,Stopped,0,0,0,0,0,VALID,VALID
92H-02687,2026-08-15 21:34:00,550.9,0,0.0,,,"Xã Quế Sơn, TP Đà Nẵng",,2.0,1,0,0.0,0.0,550.9,0.0,5.0,1,Stopped,0,0,0,0,0,VALID,VALID
92H-02687,2026-08-15 21:37:00,550.8,0,0.0,,,"Xã Quế Sơn, TP Đà Nẵng",,3.0,1,0,-0.10000000000002274,-0.03333333333334091,550.9,0.04472135110535604,5.0,1,Stopped,0,0,0,0,0,VALID,VALID
92H-02687,2026-08-15 21:39:00,550.8,0,0.0,,,"Xã Quế Sơn, TP Đà Nẵng",,2.0,1,0,0.0,0.0,550.9,0.05477224885535491,5.0,1,Stopped,0,0,0,0,0,VALID,VALID
92H-02687,2026-08-15 21:41:00,550.8,0,0.0,,,"Xã Quế Sơn, TP Đà Nẵng",,2.0,1,0,0.0,0.0,550.8,0.05477224885521739,5.0,1,Stopped,0,0,0,0,0,VALID,VALID
92H-02687,2026-08-15 21:43:00,550.8,0,0.0,,,"Xã Quế Sơn, TP Đà Nẵng",,2.0,1,0,0.0,0.0,550.8,0.044721351104850794,5.0,1,Stopped,0,0,0,0,0,VALID,VALID
92H-02687,2026-08-15 21:45:00,550.8,0,0.0,,,"Xã Quế Sơn, TP Đà Nẵng",,2.0,1,0,0.0,0.0,550.8,0.0,5.0,1,Stopped,0,0,0,0,0,VALID,VALID
92H-02687,2026-08-15 21:48:00,550.8,0,0.0,,,"Xã Quế Sơn, TP Đà Nẵng",,3.0,1,0,0.0,0.0,550.8,0.0,5.0,1,Stopped,0,0,0,0,0,VALID,VALID
92H-02687,2026-08-15 21:50:00,550.8,0,0.0,,,"Xã Quế Sơn, TP Đà Nẵng",,2.0,1,0,0.0,0.0,550.8,0.0,5.0,1,Stopped,0,0,0,0,0,VALID,VALID
92H-02687,2026-08-15 21:52:00,550.8,0,0.0,,,"Xã Quế Sơn, TP Đà Nẵng",,2.0,1,0,0.0,0.0,550.8,0.0,5.0,1,Stopped,0,0,0,0,0,VALID,VALID
92H-02687,2026-08-15 21:54:00,550.8,0,0.0,,,"Xã Quế Sơn, TP Đà Nẵng",,2.0,1,0,0.0,0.0,550.8,0.0,5.0,1,Stopped,0,0,0,0,0,VALID,VALID
92H-02687,2026-08-15 21:56:00,550.8,0,0.0,,,"Xã Quế Sơn, TP Đà Nẵng",,2.0,1,0,0.0,0.0,550.8,0.0,5.0,1,Stopped,0,0,0,0,0,VALID,VALID
92H-02687,2026-08-15 21:58:00,550.8,0,0.0,,,"Xã Quế Sơn, TP Đà Nẵng",,2.0,1,0,0.0,0.0,550.8,0.0,5.0,1,Stopped,0,0,0,0,0,VALID,VALID
92H-02687,2026-08-15 22:00:00,550.3,0,0.0,,,"Xã Quế Sơn, TP Đà Nẵng",,2.0,1,0,-0.5,-0.25,550.8,0.2236067960608299,5.0,1,Stopped,0,0,0,0,0,VALID,VALID
92H-02687,2026-08-15 22:03:00,550.9,0,0.0,,,"Xã Quế Sơn, TP Đà Nẵng",,3.0,1,0,0.6000000000000227,0.2000000000000076,550.8,0.238746726144257,5.0,1,Stopped,0,0,0,0,0,VALID,VALID
92H-02687,2026-08-15 22:05:00,550.9,0,0.0,,,"Xã Quế Sơn, TP Đà Nẵng",,2.0,1,0,0.0,0.0,550.8,0.25099800645543924,5.0,1,Stopped,0,0,0,0,0,VALID,VALID
92H-02687,2026-08-15 22:07:00,550.9,0,0.0,,,"Xã Quế Sơn, TP Đà Nẵng",,2.0,1,0,0.0,0.0,550.9,0.26076809475971113,5.0,1,Stopped,0,0,0,0,0,VALID,VALID
92H-02687,2026-08-15 22:09:00,550.9,0,0.0,,,"Xã Quế Sơn, TP Đà Nẵng",,2.0,1,0,0.0,0.0,550.9,0.2683281558923983,5.0,1,Stopped,0,0,0,0,0,VALID,VALID
92H-02687,2026-08-15 22:12:00,550.9,0,0.0,,,"Xã Quế Sơn, TP Đà Nẵng",,3.0,1,0,0.0,0.0,550.9,0.0,5.0,1,Stopped,0,0,0,0,0,VALID,VALID
92H-02687,2026-08-15 22:14:00,550.9,0,0.0,,,"Xã Quế Sơn, TP Đà Nẵng",,2.0,1,0,0.0,0.0,550.9,0.0,5.0,1,Stopped,0,0,0,0,0,VALID,VALID
92H-02687,2026-08-15 22:16:00,550.9,0,0.0,,,"Xã Quế Sơn, TP Đà Nẵng",,2.0,1,0,0.0,0.0,550.9,0.0,5.0,1,Stopped,0,0,0,0,0,VALID,VALID
92H-02687,2026-08-15 22:18:00,550.9,0,0.0,,,"Xã Quế Sơn, TP Đà Nẵng",,2.0,1,0,0.0,0.0,550.9,0.0,5.0,1,Stopped,0,0,0,0,0,VALID,VALID
92H-02687,2026-08-15 22:20:00,550.9,0,0.0,,,"Xã Quế Sơn, TP Đà Nẵng",,2.0,1,0,0.0,0.0,550.9,0.0,5.0,1,Stopped,0,0,0,0,0,VALID,VALID
92H-02687,2026-08-15 22:22:00,550.9,0,0.0,,,"Xã Quế Sơn, TP Đà Nẵng",,2.0,1,0,0.0,0.0,550.9,0.0,5.0,1,Stopped,0,0,0,0,0,VALID,VALID
92H-02687,2026-08-15 22:25:00,550.8,0,0.0,,,"Xã Quế Sơn, TP Đà Nẵng",,3.0,1,0,-0.10000000000002274,-0.03333333333334091,550.9,0.04472135110477763,5.0,1,Stopped,0,0,0,0,0,VALID,VALID
92H-02687,2026-08-15 22:27:00,550.8,0,0.0,,,"Xã Quế Sơn, TP Đà Nẵng",,2.0,1,0,0.0,0.0,550.9,0.05477224885499679,5.0,1,Stopped,0,0,0,0,0,VALID,VALID
92H-02687,2026-08-15 22:29:00,550.8,0,0.0,,,"Xã Quế Sơn, TP Đà Nẵng",,2.0,1,0,0.0,0.0,550.8,0.05477224885497344,5.0,1,Stopped,0,0,0,0,0,VALID,VALID
92H-02687,2026-08-15 22:31:00,550.8,0,0.0,,,"Xã Quế Sơn, TP Đà Nẵng",,2.0,1,0,0.0,0.0,550.8,0.04472135110469184,5.0,1,Stopped,0,0,0,0,0,VALID,VALID
92H-02687,2026-08-15 22:33:00,550.8,0,0.0,,,"Xã Quế Sơn, TP Đà Nẵng",,2.0,1,0,0.0,0.0,550.8,0.0,5.0,1,Stopped,0,0,0,0,0,VALID,VALID
92H-02687,2026-08-15 22:36:00,550.8,0,0.0,,,"Xã Quế Sơn, TP Đà Nẵng",,3.0,1,0,0.0,0.0,550.8,0.0,5.0,1,Stopped,0,0,0,0,0,VALID,VALID
92H-02687,2026-08-15 22:38:00,550.9,0,0.0,,,"Xã Quế Sơn, TP Đà Nẵng",,2.0,1,0,0.10000000000002274,0.05000000000001137,550.8,0.04472135110469184,5.0,1,Stopped,0,0,0,0,0,VALID,VALID
92H-02687,2026-08-15 22:40:00,550.9,0,0.0,,,"Xã Quế Sơn, TP Đà Nẵng",,2.0,1,0,0.0,0.0,550.8,0.05477224885497344,5.0,1,Stopped,0,0,0,0,0,VALID,VALID
92H-02687,2026-08-15 22:42:00,550.9,0,0.0,,,"Xã Quế Sơn, TP Đà Nẵng",,2.0,1,0,0.0,0.0,550.9,0.05477224885499679,5.0,1,Stopped,0,0,0,0,0,VALID,VALID
92H-02687,2026-08-15 22:44:00,550.8,0,0.0,,,"Xã Quế Sơn, TP Đà Nẵng",,2.0,1,0,-0.10000000000002274,-0.05000000000001137,550.9,0.05477224885499679,5.0,1,Stopped,0,0,0,0,0,VALID,VALID
92H-02687,2026-08-15 22:46:00,550.8,0,0.0,,,"Xã Quế Sơn, TP Đà Nẵng",,2.0,1,0,0.0,0.0,550.9,0.05477224885499679,5.0,1,Stopped,0,0,0,0,0,VALID,VALID
92H-02687,2026-08-15 22:49:00,550.8,0,0.0,,,"Xã Quế Sơn, TP Đà Nẵng",,3.0,1,0,0.0,0.0,550.8,0.05477224885497344,5.0,1,Stopped,0,0,0,0,0,VALID,VALID
92H-02687,2026-08-15 22:51:00,550.8,0,0.0,,,"Xã Quế Sơn, TP Đà Nẵng",,2.0,1,0,0.0,0.0,550.8,0.04472135110469184,5.0,1,Stopped,0,0,0,0,0,VALID,VALID
92H-02687,2026-08-15 22:53:00,550.8,0,0.0,,,"Xã Quế Sơn, TP Đà Nẵng",,2.0,1,0,0.0,0.0,550.8,0.0,5.0,1,Stopped,0,0,0,0,0,VALID,VALID
92H-02687,2026-08-15 22:55:00,550.8,0,0.0,,,"Xã Quế Sơn, TP Đà Nẵng",,2.0,1,0,0.0,0.0,550.8,0.0,5.0,1,Stopped,0,0,0,0,0,VALID,VALID
92H-02687,2026-08-15 22:57:00,550.8,0,0.0,,,"Xã Quế Sơn, TP Đà Nẵng",,2.0,1,0,0.0,0.0,550.8,0.0,5.0,1,Stopped,0,0,0,0,0,VALID,VALID
92H-02687,2026-08-15 23:00:00,550.8,0,0.0,,,"Xã Quế Sơn, TP Đà Nẵng",,3.0,1,0,0.0,0.0,550.8,0.0,5.0,1,Stopped,0,0,0,0,0,VALID,VALID
92H-02687,2026-08-15 23:02:00,550.8,0,0.0,,,"Xã Quế Sơn, TP Đà Nẵng",,2.0,1,0,0.0,0.0,550.8,0.0,5.0,1,Stopped,0,0,0,0,0,VALID,VALID
92H-02687,2026-08-15 23:04:00,550.8,0,0.0,,,"Xã Quế Sơn, TP Đà Nẵng",,2.0,1,0,0.0,0.0,550.8,0.0,5.0,1,Stopped,0,0,0,0,0,VALID,VALID
92H-02687,2026-08-15 23:06:00,550.8,0,0.0,,,"Xã Quế Sơn, TP Đà Nẵng",,2.0,1,0,0.0,0.0,550.8,0.0,5.0,1,Stopped,0,0,0,0,0,VALID,VALID
92H-02687,2026-08-15 23:08:00,550.8,0,0.0,,,"Xã Quế Sơn, TP Đà Nẵng",,2.0,1,0,0.0,0.0,550.8,0.0,5.0,1,Stopped,0,0,0,0,0,VALID,VALID
92H-02687,2026-08-15 23:10:00,550.8,0,0.0,,,"Xã Quế Sơn, TP Đà Nẵng",,2.0,1,0,0.0,0.0,550.8,0.0,5.0,1,Stopped,0,0,0,0,0,VALID,VALID
92H-02687,2026-08-15 23:13:00,550.8,0,0.0,,,"Xã Quế Sơn, TP Đà Nẵng",,3.0,1,0,0.0,0.0,550.8,0.0,5.0,1,Stopped,0,0,0,0,0,VALID,VALID
92H-02687,2026-08-15 23:15:00,550.8,0,0.0,,,"Xã Quế Sơn, TP Đà Nẵng",,2.0,1,0,0.0,0.0,550.8,0.0,5.0,1,Stopped,0,0,0,0,0,VALID,VALID
92H-02687,2026-08-15 23:17:00,550.8,0,0.0,,,"Xã Quế Sơn, TP Đà Nẵng",,2.0,1,0,0.0,0.0,550.8,0.0,5.0,1,Stopped,0,0,0,0,0,VALID,VALID
92H-02687,2026-08-15 23:19:00,550.8,0,0.0,,,"Xã Quế Sơn, TP Đà Nẵng",,2.0,1,0,0.0,0.0,550.8,0.0,5.0,1,Stopped,0,0,0,0,0,VALID,VALID
92H-02687,2026-08-15 23:21:00,550.8,0,0.0,,,"Xã Quế Sơn, TP Đà Nẵng",,2.0,1,0,0.0,0.0,550.8,0.0,5.0,1,Stopped,0,0,0,0,0,VALID,VALID
92H-02687,2026-08-15 23:24:00,550.8,0,0.0,,,"Xã Quế Sơn, TP Đà Nẵng",,3.0,1,0,0.0,0.0,550.8,0.0,5.0,1,Stopped,0,0,0,0,0,VALID,VALID
92H-02687,2026-08-15 23:26:00,550.8,0,0.0,,,"Xã Quế Sơn, TP Đà Nẵng",,2.0,1,0,0.0,0.0,550.8,0.0,5.0,1,Stopped,0,0,0,0,0,VALID,VALID
92H-02687,2026-08-15 23:28:00,550.8,0,0.0,,,"Xã Quế Sơn, TP Đà Nẵng",,2.0,1,0,0.0,0.0,550.8,0.0,5.0,1,Stopped,0,0,0,0,0,VALID,VALID
92H-02687,2026-08-15 23:30:00,550.8,0,0.0,,,"Xã Quế Sơn, TP Đà Nẵng",,2.0,1,0,0.0,0.0,550.8,0.0,5.0,1,Stopped,0,0,0,0,0,VALID,VALID
92H-02687,2026-08-15 23:32:00,550.8,0,0.0,,,"Xã Quế Sơn, TP Đà Nẵng",,2.0,1,0,0.0,0.0,550.8,0.0,5.0,1,Stopped,0,0,0,0,0,VALID,VALID
92H-02687,2026-08-15 23:34:00,550.8,0,0.0,,,"Xã Quế Sơn, TP Đà Nẵng",,2.0,1,0,0.0,0.0,550.8,0.0,5.0,1,Stopped,0,0,0,0,0,VALID,VALID
92H-02687,2026-08-15 23:37:00,550.8,0,0.0,,,"Xã Quế Sơn, TP Đà Nẵng",,3.0,1,0,0.0,0.0,550.8,0.0,5.0,1,Stopped,0,0,0,0,0,VALID,VALID
92H-02687,2026-08-15 23:39:00,550.8,0,0.0,,,"Xã Quế Sơn, TP Đà Nẵng",,2.0,1,0,0.0,0.0,550.8,0.0,5.0,1,Stopped,0,0,0,0,0,VALID,VALID
92H-02687,2026-08-15 23:41:00,550.8,0,0.0,,,"Xã Quế Sơn, TP Đà Nẵng",,2.0,1,0,0.0,0.0,550.8,0.0,5.0,1,Stopped,0,0,0,0,0,VALID,VALID
92H-02687,2026-08-15 23:43:00,550.8,0,0.0,,,"Xã Quế Sơn, TP Đà Nẵng",,2.0,1,0,0.0,0.0,550.8,0.0,5.0,1,Stopped,0,0,0,0,0,VALID,VALID
92H-02687,2026-08-15 23:45:00,550.8,0,0.0,,,"Xã Quế Sơn, TP Đà Nẵng",,2.0,1,0,0.0,0.0,550.8,0.0,5.0,1,Stopped,0,0,0,0,0,VALID,VALID
92H-02687,2026-08-15 23:48:00,550.8,0,0.0,,,"Xã Quế Sơn, TP Đà Nẵng",,3.0,1,0,0.0,0.0,550.8,0.0,5.0,1,Stopped,0,0,0,0,0,VALID,VALID
92H-02687,2026-08-15 23:50:00,550.8,0,0.0,,,"Xã Quế Sơn, TP Đà Nẵng",,2.0,1,0,0.0,0.0,550.8,0.0,5.0,1,Stopped,0,0,0,0,0,VALID,VALID
92H-02687,2026-08-15 23:52:00,550.8,0,0.0,,,"Xã Quế Sơn, TP Đà Nẵng",,2.0,1,0,0.0,0.0,550.8,0.0,5.0,1,Stopped,0,0,0,0,0,VALID,VALID
92H-02687,2026-08-15 23:54:00,550.8,0,0.0,,,"Xã Quế Sơn, TP Đà Nẵng",,2.0,1,0,0.0,0.0,550.8,0.0,5.0,1,Stopped,0,0,0,0,0,VALID,VALID
92H-02687,2026-08-15 23:56:00,550.8,0,0.0,,,"Xã Quế Sơn, TP Đà Nẵng",,2.0,1,0,0.0,0.0,550.8,0.0,5.0,1,Stopped,0,0,0,0,0,VALID,VALID
92H-02687,2026-08-15 23:58:00,550.8,0,0.0,,,"Xã Quế Sơn, TP Đà Nẵng",,2.0,1,0,0.0,0.0,550.8,0.0,5.0,1,Stopped,0,0,0,0,0,VALID,VALID
92H-02687,2026-08-16 00:02:00,550.8,0,0.0,,,"Xã Quế Sơn, TP Đà Nẵng",,4.0,1,0,0.0,0.0,550.8,0.0,5.0,1,Stopped,0,0,0,0,0,VALID,VALID
92H-02687,2026-08-16 00:04:00,550.8,0,0.0,,,"Xã Quế Sơn, TP Đà Nẵng",,2.0,1,0,0.0,0.0,550.8,0.0,5.0,1,Stopped,0,0,0,0,0,VALID,VALID
92H-02687,2026-08-16 00:06:00,550.8,0,0.0,,,"Xã Quế Sơn, TP Đà Nẵng",,2.0,1,0,0.0,0.0,550.8,0.0,5.0,1,Stopped,0,0,0,0,0,VALID,VALID
92H-02687,2026-08-16 00:08:00,550.8,0,0.0,,,"Xã Quế Sơn, TP Đà Nẵng",,2.0,1,0,0.0,0.0,550.8,0.0,5.0,1,Stopped,0,0,0,0,0,VALID,VALID
92H-02687,2026-08-16 00:10:00,550.8,0,0.0,,,"Xã Quế Sơn, TP Đà Nẵng",,2.0,1,0,0.0,0.0,550.8,0.0,5.0,1,Stopped,0,0,0,0,0,VALID,VALID
92H-02687,2026-08-16 00:12:00,550.8,0,0.0,,,"Xã Quế Sơn, TP Đà Nẵng",,2.0,1,0,0.0,0.0,550.8,0.0,5.0,1,Stopped,0,0,0,0,0,VALID,VALID
92H-02687,2026-08-16 00:15:00,550.8,0,0.0,,,"Xã Quế Sơn, TP Đà Nẵng",,3.0,1,0,0.0,0.0,550.8,0.0,5.0,1,Stopped,0,0,0,0,0,VALID,VALID
92H-02687,2026-08-16 00:17:00,550.8,0,0.0,,,"Xã Quế Sơn, TP Đà Nẵng",,2.0,1,0,0.0,0.0,550.8,0.0,5.0,1,Stopped,0,0,0,0,0,VALID,VALID
92H-02687,2026-08-16 00:19:00,550.8,0,0.0,,,"Xã Quế Sơn, TP Đà Nẵng",,2.0,1,0,0.0,0.0,550.8,0.0,5.0,1,Stopped,0,0,0,0,0,VALID,VALID
92H-02687,2026-08-16 00:21:00,550.8,0,0.0,,,"Xã Quế Sơn, TP Đà Nẵng",,2.0,1,0,0.0,0.0,550.8,0.0,5.0,1,Stopped,0,0,0,0,0,VALID,VALID
92H-02687,2026-08-16 00:24:00,550.8,0,0.0,,,"Xã Quế Sơn, TP Đà Nẵng",,3.0,1,0,0.0,0.0,550.8,0.0,5.0,1,Stopped,0,0,0,0,0,VALID,VALID
92H-02687,2026-08-16 00:26:00,550.8,0,0.0,,,"Xã Quế Sơn, TP Đà Nẵng",,2.0,1,0,0.0,0.0,550.8,0.0,5.0,1,Stopped,0,0,0,0,0,VALID,VALID
92H-02687,2026-08-16 00:28:00,550.8,0,0.0,,,"Xã Quế Sơn, TP Đà Nẵng",,2.0,1,0,0.0,0.0,550.8,0.0,5.0,1,Stopped,0,0,0,0,0,VALID,VALID
92H-02687,2026-08-16 00:30:00,550.8,0,0.0,,,"Xã Quế Sơn, TP Đà Nẵng",,2.0,1,0,0.0,0.0,550.8,0.0,5.0,1,Stopped,0,0,0,0,0,VALID,VALID
92H-02687,2026-08-16 00:32:00,550.8,0,0.0,,,"Xã Quế Sơn, TP Đà Nẵng",,2.0,1,0,0.0,0.0,550.8,0.0,5.0,1,Stopped,0,0,0,0,0,VALID,VALID
92H-02687,2026-08-16 00:34:00,550.8,0,0.0,,,"Xã Quế Sơn, TP Đà Nẵng",,2.0,1,0,0.0,0.0,550.8,0.0,5.0,1,Stopped,0,0,0,0,0,VALID,VALID
92H-02687,2026-08-16 00:37:00,550.8,0,0.0,,,"Xã Quế Sơn, TP Đà Nẵng",,3.0,1,0,0.0,0.0,550.8,0.0,5.0,1,Stopped,0,0,0,0,0,VALID,VALID
92H-02687,2026-08-16 00:39:00,550.8,0,0.0,,,"Xã Quế Sơn, TP Đà Nẵng",,2.0,1,0,0.0,0.0,550.8,0.0,5.0,1,Stopped,0,0,0,0,0,VALID,VALID
92H-02687,2026-08-16 00:41:00,550.8,0,0.0,,,"Xã Quế Sơn, TP Đà Nẵng",,2.0,1,0,0.0,0.0,550.8,0.0,5.0,1,Stopped,0,0,0,0,0,VALID,VALID
92H-02687,2026-08-16 00:43:00,550.8,0,0.0,,,"Xã Quế Sơn, TP Đà Nẵng",,2.0,1,0,0.0,0.0,550.8,0.0,5.0,1,Stopped,0,0,0,0,0,VALID,VALID
92H-02687,2026-08-16 00:45:00,550.8,0,0.0,,,"Xã Quế Sơn, TP Đà Nẵng",,2.0,1,0,0.0,0.0,550.8,0.0,5.0,1,Stopped,0,0,0,0,0,VALID,VALID
92H-02687,2026-08-16 00:48:00,550.8,0,0.0,,,"Xã Quế Sơn, TP Đà Nẵng",,3.0,1,0,0.0,0.0,550.8,0.0,5.0,1,Stopped,0,0,0,0,0,VALID,VALID
92H-02687,2026-08-16 00:50:00,550.8,0,0.0,,,"Xã Quế Sơn, TP Đà Nẵng",,2.0,1,0,0.0,0.0,550.8,0.0,5.0,1,Stopped,0,0,0,0,0,VALID,VALID
92H-02687,2026-08-16 00:52:00,550.8,0,0.0,,,"Xã Quế Sơn, TP Đà Nẵng",,2.0,1,0,0.0,0.0,550.8,0.0,5.0,1,Stopped,0,0,0,0,0,VALID,VALID
92H-02687,2026-08-16 00:54:00,550.8,0,0.0,,,"Xã Quế Sơn, TP Đà Nẵng",,2.0,1,0,0.0,0.0,550.8,0.0,5.0,1,Stopped,0,0,0,0,0,VALID,VALID
92H-02687,2026-08-16 00:56:00,550.8,0,0.0,,,"Xã Quế Sơn, TP Đà Nẵng",,2.0,1,0,0.0,0.0,550.8,0.0,5.0,1,Stopped,0,0,0,0,0,VALID,VALID
92H-02687,2026-08-16 00:58:00,550.8,0,0.0,,,"Xã Quế Sơn, TP Đà Nẵng",,2.0,1,0,0.0,0.0,550.8,0.0,5.0,1,Stopped,0,0,0,0,0,VALID,VALID
92H-02687,2026-08-16 01:01:00,550.8,0,0.0,,,"Xã Quế Sơn, TP Đà Nẵng",,3.0,1,0,0.0,0.0,550.8,0.0,5.0,1,Stopped,0,0,0,0,0,VALID,VALID
92H-02687,2026-08-16 01:03:00,550.8,0,0.0,,,"Xã Quế Sơn, TP Đà Nẵng",,2.0,1,0,0.0,0.0,550.8,0.0,5.0,1,Stopped,0,0,0,0,0,VALID,VALID
92H-02687,2026-08-16 01:05:00,550.8,0,0.0,,,"Xã Quế Sơn, TP Đà Nẵng",,2.0,1,0,0.0,0.0,550.8,0.0,5.0,1,Stopped,0,0,0,0,0,VALID,VALID
92H-02687,2026-08-16 01:07:00,550.8,0,0.0,,,"Xã Quế Sơn, TP Đà Nẵng",,2.0,1,0,0.0,0.0,550.8,0.0,5.0,1,Stopped,0,0,0,0,0,VALID,VALID
92H-02687,2026-08-16 01:09:00,550.8,0,0.0,,,"Xã Quế Sơn, TP Đà Nẵng",,2.0,1,0,0.0,0.0,550.8,0.0,5.0,1,Stopped,0,0,0,0,0,VALID,VALID
92H-02687,2026-08-16 01:12:00,550.8,0,0.0,,,"Xã Quế Sơn, TP Đà Nẵng",,3.0,1,0,0.0,0.0,550.8,0.0,5.0,1,Stopped,0,0,0,0,0,VALID,VALID
92H-02687,2026-08-16 01:14:00,550.8,0,0.0,,,"Xã Quế Sơn, TP Đà Nẵng",,2.0,1,0,0.0,0.0,550.8,0.0,5.0,1,Stopped,0,0,0,0,0,VALID,VALID
92H-02687,2026-08-16 01:16:00,550.8,0,0.0,,,"Xã Quế Sơn, TP Đà Nẵng",,2.0,1,0,0.0,0.0,550.8,0.0,5.0,1,Stopped,0,0,0,0,0,VALID,VALID
92H-02687,2026-08-16 01:18:00,550.8,0,0.0,,,"Xã Quế Sơn, TP Đà Nẵng",,2.0,1,0,0.0,0.0,550.8,0.0,5.0,1,Stopped,0,0,0,0,0,VALID,VALID
92H-02687,2026-08-16 01:20:00,550.8,0,0.0,,,"Xã Quế Sơn, TP Đà Nẵng",,2.0,1,0,0.0,0.0,550.8,0.0,5.0,1,Stopped,0,0,0,0,0,VALID,VALID
92H-02687,2026-08-16 01:22:00,550.8,0,0.0,,,"Xã Quế Sơn, TP Đà Nẵng",,2.0,1,0,0.0,0.0,550.8,0.0,5.0,1,Stopped,0,0,0,0,0,VALID,VALID
92H-02687,2026-08-16 01:25:00,550.8,0,0.0,,,"Xã Quế Sơn, TP Đà Nẵng",,3.0,1,0,0.0,0.0,550.8,0.0,5.0,1,Stopped,0,0,0,0,0,VALID,VALID
92H-02687,2026-08-16 01:27:00,550.8,0,0.0,,,"Xã Quế Sơn, TP Đà Nẵng",,2.0,1,0,0.0,0.0,550.8,0.0,5.0,1,Stopped,0,0,0,0,0,VALID,VALID
92H-02687,2026-08-16 01:29:00,550.8,0,0.0,,,"Xã Quế Sơn, TP Đà Nẵng",,2.0,1,0,0.0,0.0,550.8,0.0,5.0,1,Stopped,0,0,0,0,0,VALID,VALID
92H-02687,2026-08-16 01:31:00,550.8,0,0.0,,,"Xã Quế Sơn, TP Đà Nẵng",,2.0,1,0,0.0,0.0,550.8,0.0,5.0,1,Stopped,0,0,0,0,0,VALID,VALID
92H-02687,2026-08-16 01:33:00,550.8,0,0.0,,,"Xã Quế Sơn, TP Đà Nẵng",,2.0,1,0,0.0,0.0,550.8,0.0,5.0,1,Stopped,0,0,0,0,0,VALID,VALID
92H-02687,2026-08-16 01:36:00,550.8,0,0.0,,,"Xã Quế Sơn, TP Đà Nẵng",,3.0,1,0,0.0,0.0,550.8,0.0,5.0,1,Stopped,0,0,0,0,0,VALID,VALID
92H-02687,2026-08-16 01:38:00,550.8,0,0.0,,,"Xã Quế Sơn, TP Đà Nẵng",,2.0,1,0,0.0,0.0,550.8,0.0,5.0,1,Stopped,0,0,0,0,0,VALID,VALID
92H-02687,2026-08-16 01:40:00,550.8,0,0.0,,,"Xã Quế Sơn, TP Đà Nẵng",,2.0,1,0,0.0,0.0,550.8,0.0,5.0,1,Stopped,0,0,0,0,0,VALID,VALID
92H-02687,2026-08-16 01:42:00,550.8,0,0.0,,,"Xã Quế Sơn, TP Đà Nẵng",,2.0,1,0,0.0,0.0,550.8,0.0,5.0,1,Stopped,0,0,0,0,0,VALID,VALID
92H-02687,2026-08-16 01:44:00,550.8,0,0.0,,,"Xã Quế Sơn, TP Đà Nẵng",,2.0,1,0,0.0,0.0,550.8,0.0,5.0,1,Stopped,0,0,0,0,0,VALID,VALID
92H-02687,2026-08-16 01:46:00,550.8,0,0.0,,,"Xã Quế Sơn, TP Đà Nẵng",,2.0,1,0,0.0,0.0,550.8,0.0,5.0,1,Stopped,0,0,0,0,0,VALID,VALID
92H-02687,2026-08-16 01:49:00,550.8,0,0.0,,,"Xã Quế Sơn, TP Đà Nẵng",,3.0,1,0,0.0,0.0,550.8,0.0,5.0,1,Stopped,0,0,0,0,0,VALID,VALID
92H-02687,2026-08-16 01:51:00,550.8,0,0.0,,,"Xã Quế Sơn, TP Đà Nẵng",,2.0,1,0,0.0,0.0,550.8,0.0,5.0,1,Stopped,0,0,0,0,0,VALID,VALID
92H-02687,2026-08-16 01:53:00,550.8,0,0.0,,,"Xã Quế Sơn, TP Đà Nẵng",,2.0,1,0,0.0,0.0,550.8,0.0,5.0,1,Stopped,0,0,0,0,0,VALID,VALID
92H-02687,2026-08-16 01:55:00,550.8,0,0.0,,,"Xã Quế Sơn, TP Đà Nẵng",,2.0,1,0,0.0,0.0,550.8,0.0,5.0,1,Stopped,0,0,0,0,0,VALID,VALID
92H-02687,2026-08-16 01:57:00,550.8,0,0.0,,,"Xã Quế Sơn, TP Đà Nẵng",,2.0,1,0,0.0,0.0,550.8,0.0,5.0,1,Stopped,0,0,0,0,0,VALID,VALID
92H-02687,2026-08-16 02:00:00,550.8,0,0.0,,,"Xã Quế Sơn, TP Đà Nẵng",,3.0,1,0,0.0,0.0,550.8,0.0,5.0,1,Stopped,0,0,0,0,0,VALID,VALID
92H-02687,2026-08-16 02:02:00,550.8,0,0.0,,,"Xã Quế Sơn, TP Đà Nẵng",,2.0,1,0,0.0,0.0,550.8,0.0,5.0,1,Stopped,0,0,0,0,0,VALID,VALID
92H-02687,2026-08-16 02:04:00,550.8,0,0.0,,,"Xã Quế Sơn, TP Đà Nẵng",,2.0,1,0,0.0,0.0,550.8,0.0,5.0,1,Stopped,0,0,0,0,0,VALID,VALID
92H-02687,2026-08-16 02:06:00,550.0,0,0.0,,,"Xã Quế Sơn, TP Đà Nẵng",,2.0,1,0,-0.7999999999999545,-0.39999999999997726,550.8,0.3577708753442874,5.0,1,Stopped,0,0,0,0,0,VALID,VALID
92H-02687,2026-08-16 02:08:00,550.8,0,0.0,,,"Xã Quế Sơn, TP Đà Nẵng",,2.0,1,0,0.7999999999999545,0.39999999999997726,550.8,0.3577708753442874,5.0,1,Stopped,0,0,0,0,0,VALID,VALID
92H-02687,2026-08-16 02:10:00,550.8,0,0.0,,,"Xã Quế Sơn, TP Đà Nẵng",,2.0,1,0,0.0,0.0,550.8,0.3577708753442874,5.0,1,Stopped,0,0,0,0,0,VALID,VALID
92H-02687,2026-08-16 02:12:00,550.8,0,0.0,,,"Xã Quế Sơn, TP Đà Nẵng",,2.0,1,0,0.0,0.0,550.8,0.3577708753442874,5.0,1,Stopped,0,0,0,0,0,VALID,VALID
92H-02687,2026-08-16 02:14:00,550.8,0,0.0,,,"Xã Quế Sơn, TP Đà Nẵng",,2.0,1,0,0.0,0.0,550.8,0.3577708753442874,5.0,1,Stopped,0,0,0,0,0,VALID,VALID
92H-02687,2026-08-16 02:16:00,550.8,0,0.0,,,"Xã Quế Sơn, TP Đà Nẵng",,2.0,1,0,0.0,0.0,550.8,0.0,5.0,1,Stopped,0,0,0,0,0,VALID,VALID
92H-02687,2026-08-16 02:18:00,550.8,0,0.0,,,"Xã Quế Sơn, TP Đà Nẵng",,2.0,1,0,0.0,0.0,550.8,0.0,5.0,1,Stopped,0,0,0,0,0,VALID,VALID
92H-02687,2026-08-16 02:21:00,550.8,0,0.0,,,"Xã Quế Sơn, TP Đà Nẵng",,3.0,1,0,0.0,0.0,550.8,0.0,5.0,1,Stopped,0,0,0,0,0,VALID,VALID
92H-02687,2026-08-16 02:23:00,550.8,0,0.0,,,"Xã Quế Sơn, TP Đà Nẵng",,2.0,1,0,0.0,0.0,550.8,0.0,5.0,1,Stopped,0,0,0,0,0,VALID,VALID
92H-02687,2026-08-16 02:25:00,550.8,0,0.0,,,"Xã Quế Sơn, TP Đà Nẵng",,2.0,1,0,0.0,0.0,550.8,0.0,5.0,1,Stopped,0,0,0,0,0,VALID,VALID
92H-02687,2026-08-16 02:27:00,550.8,0,0.0,,,"Xã Quế Sơn, TP Đà Nẵng",,2.0,1,0,0.0,0.0,550.8,0.0,5.0,1,Stopped,0,0,0,0,0,VALID,VALID
92H-02687,2026-08-16 02:29:00,550.8,0,0.0,,,"Xã Quế Sơn, TP Đà Nẵng",,2.0,1,0,0.0,0.0,550.8,0.0,5.0,1,Stopped,0,0,0,0,0,VALID,VALID
92H-02687,2026-08-16 02:32:00,550.8,0,0.0,,,"Xã Quế Sơn, TP Đà Nẵng",,3.0,1,0,0.0,0.0,550.8,0.0,5.0,1,Stopped,0,0,0,0,0,VALID,VALID
92H-02687,2026-08-16 02:34:00,550.8,0,0.0,,,"Xã Quế Sơn, TP Đà Nẵng",,2.0,1,0,0.0,0.0,550.8,0.0,5.0,1,Stopped,0,0,0,0,0,VALID,VALID
92H-02687,2026-08-16 02:36:00,550.8,0,0.0,,,"Xã Quế Sơn, TP Đà Nẵng",,2.0,1,0,0.0,0.0,550.8,0.0,5.0,1,Stopped,0,0,0,0,0,VALID,VALID
92H-02687,2026-08-16 02:38:00,550.8,0,0.0,,,"Xã Quế Sơn, TP Đà Nẵng",,2.0,1,0,0.0,0.0,550.8,0.0,5.0,1,Stopped,0,0,0,0,0,VALID,VALID
92H-02687,2026-08-16 02:40:00,550.6,0,0.0,,,"Xã Quế Sơn, TP Đà Nẵng",,2.0,1,0,-0.1999999999999318,-0.0999999999999659,550.8,0.08944271487730755,5.0,1,Stopped,0,0,0,0,0,VALID,VALID
92H-02687,2026-08-16 02:42:00,550.6,0,0.0,,,"Xã Quế Sơn, TP Đà Nẵng",,2.0,1,0,0.0,0.0,550.8,0.10954450805322799,5.0,1,Stopped,0,0,0,0,0,VALID,VALID
92H-02687,2026-08-16 02:45:00,550.6,0,0.0,,,"Xã Quế Sơn, TP Đà Nẵng",,3.0,1,0,0.0,0.0,550.6,0.10954450805325133,5.0,1,Stopped,0,0,0,0,0,VALID,VALID
92H-02687,2026-08-16 02:47:00,550.6,0,0.0,,,"Xã Quế Sơn, TP Đà Nẵng",,2.0,1,0,0.0,0.0,550.6,0.08944271487739335,5.0,1,Stopped,0,0,0,0,0,VALID,VALID
92H-02687,2026-08-16 02:49:00,550.6,0,0.0,,,"Xã Quế Sơn, TP Đà Nẵng",,2.0,1,0,0.0,0.0,550.6,0.0,5.0,1,Stopped,0,0,0,0,0,VALID,VALID
92H-02687,2026-08-16 02:51:00,550.6,0,0.0,,,"Xã Quế Sơn, TP Đà Nẵng",,2.0,1,0,0.0,0.0,550.6,0.0,5.0,1,Stopped,0,0,0,0,0,VALID,VALID
92H-02687,2026-08-16 02:54:00,550.6,0,0.0,,,"Xã Quế Sơn, TP Đà Nẵng",,3.0,1,0,0.0,0.0,550.6,0.0,5.0,1,Stopped,0,0,0,0,0,VALID,VALID
92H-02687,2026-08-16 02:56:00,550.6,0,0.0,,,"Xã Quế Sơn, TP Đà Nẵng",,2.0,1,0,0.0,0.0,550.6,0.0,5.0,1,Stopped,0,0,0,0,0,VALID,VALID
92H-02687,2026-08-16 02:58:00,550.6,0,0.0,,,"Xã Quế Sơn, TP Đà Nẵng",,2.0,1,0,0.0,0.0,550.6,0.0,5.0,1,Stopped,0,0,0,0,0,VALID,VALID
92H-02687,2026-08-16 03:00:00,550.6,0,0.0,,,"Xã Quế Sơn, TP Đà Nẵng",,2.0,1,0,0.0,0.0,550.6,0.0,5.0,1,Stopped,0,0,0,0,0,VALID,VALID
92H-02687,2026-08-16 03:02:00,550.6,0,0.0,,,"Xã Quế Sơn, TP Đà Nẵng",,2.0,1,0,0.0,0.0,550.6,0.0,5.0,1,Stopped,0,0,0,0,0,VALID,VALID
92H-02687,2026-08-16 03:04:00,550.6,0,0.0,,,"Xã Quế Sơn, TP Đà Nẵng",,2.0,1,0,0.0,0.0,550.6,0.0,5.0,1,Stopped,0,0,0,0,0,VALID,VALID
92H-02687,2026-08-16 03:07:00,550.6,0,0.0,,,"Xã Quế Sơn, TP Đà Nẵng",,3.0,1,0,0.0,0.0,550.6,0.0,5.0,1,Stopped,0,0,0,0,0,VALID,VALID
92H-02687,2026-08-16 03:09:00,550.6,0,0.0,,,"Xã Quế Sơn, TP Đà Nẵng",,2.0,1,0,0.0,0.0,550.6,0.0,5.0,1,Stopped,0,0,0,0,0,VALID,VALID
92H-02687,2026-08-16 03:11:00,550.6,0,0.0,,,"Xã Quế Sơn, TP Đà Nẵng",,2.0,1,0,0.0,0.0,550.6,0.0,5.0,1,Stopped,0,0,0,0,0,VALID,VALID
92H-02687,2026-08-16 03:13:00,550.6,0,0.0,,,"Xã Quế Sơn, TP Đà Nẵng",,2.0,1,0,0.0,0.0,550.6,0.0,5.0,1,Stopped,0,0,0,0,0,VALID,VALID
92H-02687,2026-08-16 03:15:00,550.6,0,0.0,,,"Xã Quế Sơn, TP Đà Nẵng",,2.0,1,0,0.0,0.0,550.6,0.0,5.0,1,Stopped,0,0,0,0,0,VALID,VALID
92H-02687,2026-08-16 03:18:00,550.6,0,0.0,,,"Xã Quế Sơn, TP Đà Nẵng",,3.0,1,0,0.0,0.0,550.6,0.0,5.0,1,Stopped,0,0,0,0,0,VALID,VALID
92H-02687,2026-08-16 03:20:00,550.6,0,0.0,,,"Xã Quế Sơn, TP Đà Nẵng",,2.0,1,0,0.0,0.0,550.6,0.0,5.0,1,Stopped,0,0,0,0,0,VALID,VALID
92H-02687,2026-08-16 03:22:00,550.6,0,0.0,,,"Xã Quế Sơn, TP Đà Nẵng",,2.0,1,0,0.0,0.0,550.6,0.0,5.0,1,Stopped,0,0,0,0,0,VALID,VALID
92H-02687,2026-08-16 03:24:00,550.6,0,0.0,,,"Xã Quế Sơn, TP Đà Nẵng",,2.0,1,0,0.0,0.0,550.6,0.0,5.0,1,Stopped,0,0,0,0,0,VALID,VALID
92H-02687,2026-08-16 03:26:00,550.6,0,0.0,,,"Xã Quế Sơn, TP Đà Nẵng",,2.0,1,0,0.0,0.0,550.6,0.0,5.0,1,Stopped,0,0,0,0,0,VALID,VALID
92H-02687,2026-08-16 03:28:00,550.6,0,0.0,,,"Xã Quế Sơn, TP Đà Nẵng",,2.0,1,0,0.0,0.0,550.6,0.0,5.0,1,Stopped,0,0,0,0,0,VALID,VALID
92H-02687,2026-08-16 03:31:00,550.6,0,0.0,,,"Xã Quế Sơn, TP Đà Nẵng",,3.0,1,0,0.0,0.0,550.6,0.0,5.0,1,Stopped,0,0,0,0,0,VALID,VALID
92H-02687,2026-08-16 03:33:00,550.6,0,0.0,,,"Xã Quế Sơn, TP Đà Nẵng",,2.0,1,0,0.0,0.0,550.6,0.0,5.0,1,Stopped,0,0,0,0,0,VALID,VALID
92H-02687,2026-08-16 03:35:00,550.6,0,0.0,,,"Xã Quế Sơn, TP Đà Nẵng",,2.0,1,0,0.0,0.0,550.6,0.0,5.0,1,Stopped,0,0,0,0,0,VALID,VALID
92H-02687,2026-08-16 03:37:00,550.6,0,0.0,,,"Xã Quế Sơn, TP Đà Nẵng",,2.0,1,0,0.0,0.0,550.6,0.0,5.0,1,Stopped,0,0,0,0,0,VALID,VALID
92H-02687,2026-08-16 03:39:00,550.6,0,0.0,,,"Xã Quế Sơn, TP Đà Nẵng",,2.0,1,0,0.0,0.0,550.6,0.0,5.0,1,Stopped,0,0,0,0,0,VALID,VALID
92H-02687,2026-08-16 03:42:00,550.6,0,0.0,,,"Xã Quế Sơn, TP Đà Nẵng",,3.0,1,0,0.0,0.0,550.6,0.0,5.0,1,Stopped,0,0,0,0,0,VALID,VALID
92H-02687,2026-08-16 03:44:00,550.6,0,0.0,,,"Xã Quế Sơn, TP Đà Nẵng",,2.0,1,0,0.0,0.0,550.6,0.0,5.0,1,Stopped,0,0,0,0,0,VALID,VALID
92H-02687,2026-08-16 03:46:00,550.6,0,0.0,,,"Xã Quế Sơn, TP Đà Nẵng",,2.0,1,0,0.0,0.0,550.6,0.0,5.0,1,Stopped,0,0,0,0,0,VALID,VALID
92H-02687,2026-08-16 03:48:00,550.6,0,0.0,,,"Xã Quế Sơn, TP Đà Nẵng",,2.0,1,0,0.0,0.0,550.6,0.0,5.0,1,Stopped,0,0,0,0,0,VALID,VALID
92H-02687,2026-08-16 03:50:00,550.6,0,0.0,,,"Xã Quế Sơn, TP Đà Nẵng",,2.0,1,0,0.0,0.0,550.6,0.0,5.0,1,Stopped,0,0,0,0,0,VALID,VALID
92H-02687,2026-08-16 03:52:00,550.6,0,0.0,,,"Xã Quế Sơn, TP Đà Nẵng",,2.0,1,0,0.0,0.0,550.6,0.0,5.0,1,Stopped,0,0,0,0,0,VALID,VALID
92H-02687,2026-08-16 03:55:00,550.6,0,0.0,,,"Xã Quế Sơn, TP Đà Nẵng",,3.0,1,0,0.0,0.0,550.6,0.0,5.0,1,Stopped,0,0,0,0,0,VALID,VALID
92H-02687,2026-08-16 03:57:00,550.6,0,0.0,,,"Xã Quế Sơn, TP Đà Nẵng",,2.0,1,0,0.0,0.0,550.6,0.0,5.0,1,Stopped,0,0,0,0,0,VALID,VALID
92H-02687,2026-08-16 03:59:00,550.6,0,0.0,,,"Xã Quế Sơn, TP Đà Nẵng",,2.0,1,0,0.0,0.0,550.6,0.0,5.0,1,Stopped,0,0,0,0,0,VALID,VALID
92H-02687,2026-08-16 04:01:00,550.6,0,0.0,,,"Xã Quế Sơn, TP Đà Nẵng",,2.0,1,0,0.0,0.0,550.6,0.0,5.0,1,Stopped,0,0,0,0,0,VALID,VALID
92H-02687,2026-08-16 04:03:00,550.6,0,0.0,,,"Xã Quế Sơn, TP Đà Nẵng",,2.0,1,0,0.0,0.0,550.6,0.0,5.0,1,Stopped,0,0,0,0,0,VALID,VALID
92H-02687,2026-08-16 04:06:00,550.6,0,0.0,,,"Xã Quế Sơn, TP Đà Nẵng",,3.0,1,0,0.0,0.0,550.6,0.0,5.0,1,Stopped,0,0,0,0,0,VALID,VALID
92H-02687,2026-08-16 04:08:00,550.6,0,0.0,,,"Xã Quế Sơn, TP Đà Nẵng",,2.0,1,0,0.0,0.0,550.6,0.0,5.0,1,Stopped,0,0,0,0,0,VALID,VALID
92H-02687,2026-08-16 04:10:00,550.6,0,0.0,,,"Xã Quế Sơn, TP Đà Nẵng",,2.0,1,0,0.0,0.0,550.6,0.0,5.0,1,Stopped,0,0,0,0,0,VALID,VALID
92H-02687,2026-08-16 04:12:00,550.6,0,0.0,,,"Xã Quế Sơn, TP Đà Nẵng",,2.0,1,0,0.0,0.0,550.6,0.0,5.0,1,Stopped,0,0,0,0,0,VALID,VALID
92H-02687,2026-08-16 04:14:00,550.6,0,0.0,,,"Xã Quế Sơn, TP Đà Nẵng",,2.0,1,0,0.0,0.0,550.6,0.0,5.0,1,Stopped,0,0,0,0,0,VALID,VALID
92H-02687,2026-08-16 04:16:00,550.6,0,0.0,,,"Xã Quế Sơn, TP Đà Nẵng",,2.0,1,0,0.0,0.0,550.6,0.0,5.0,1,Stopped,0,0,0,0,0,VALID,VALID
92H-02687,2026-08-16 04:19:00,550.6,0,0.0,,,"Xã Quế Sơn, TP Đà Nẵng",,3.0,1,0,0.0,0.0,550.6,0.0,5.0,1,Stopped,0,0,0,0,0,VALID,VALID
92H-02687,2026-08-16 04:21:00,550.6,0,0.0,,,"Xã Quế Sơn, TP Đà Nẵng",,2.0,1,0,0.0,0.0,550.6,0.0,5.0,1,Stopped,0,0,0,0,0,VALID,VALID
92H-02687,2026-08-16 04:23:00,550.6,0,0.0,,,"Xã Quế Sơn, TP Đà Nẵng",,2.0,1,0,0.0,0.0,550.6,0.0,5.0,1,Stopped,0,0,0,0,0,VALID,VALID
92H-02687,2026-08-16 04:25:00,550.6,0,0.0,,,"Xã Quế Sơn, TP Đà Nẵng",,2.0,1,0,0.0,0.0,550.6,0.0,5.0,1,Stopped,0,0,0,0,0,VALID,VALID
92H-02687,2026-08-16 04:27:00,550.6,0,0.0,,,"Xã Quế Sơn, TP Đà Nẵng",,2.0,1,0,0.0,0.0,550.6,0.0,5.0,1,Stopped,0,0,0,0,0,VALID,VALID
92H-02687,2026-08-16 04:30:00,550.6,0,0.0,,,"Xã Quế Sơn, TP Đà Nẵng",,3.0,1,0,0.0,0.0,550.6,0.0,5.0,1,Stopped,0,0,0,0,0,VALID,VALID
92H-02687,2026-08-16 04:32:00,550.6,0,0.0,,,"Xã Quế Sơn, TP Đà Nẵng",,2.0,1,0,0.0,0.0,550.6,0.0,5.0,1,Stopped,0,0,0,0,0,VALID,VALID
92H-02687,2026-08-16 04:34:00,550.6,0,0.0,,,"Xã Quế Sơn, TP Đà Nẵng",,2.0,1,0,0.0,0.0,550.6,0.0,5.0,1,Stopped,0,0,0,0,0,VALID,VALID
92H-02687,2026-08-16 04:36:00,550.6,0,0.0,,,"Xã Quế Sơn, TP Đà Nẵng",,2.0,1,0,0.0,0.0,550.6,0.0,5.0,1,Stopped,0,0,0,0,0,VALID,VALID
92H-02687,2026-08-16 04:38:00,550.6,0,0.0,,,"Xã Quế Sơn, TP Đà Nẵng",,2.0,1,0,0.0,0.0,550.6,0.0,5.0,1,Stopped,0,0,0,0,0,VALID,VALID
92H-02687,2026-08-16 04:40:00,550.6,0,0.0,,,"Xã Quế Sơn, TP Đà Nẵng",,2.0,1,0,0.0,0.0,550.6,0.0,5.0,1,Stopped,0,0,0,0,0,VALID,VALID
92H-02687,2026-08-16 04:43:00,550.6,0,0.0,,,"Xã Quế Sơn, TP Đà Nẵng",,3.0,1,0,0.0,0.0,550.6,0.0,5.0,1,Stopped,0,0,0,0,0,VALID,VALID
92H-02687,2026-08-16 04:45:00,550.6,0,0.0,,,"Xã Quế Sơn, TP Đà Nẵng",,2.0,1,0,0.0,0.0,550.6,0.0,5.0,1,Stopped,0,0,0,0,0,VALID,VALID
92H-02687,2026-08-16 04:47:00,550.6,0,0.0,,,"Xã Quế Sơn, TP Đà Nẵng",,2.0,1,0,0.0,0.0,550.6,0.0,5.0,1,Stopped,0,0,0,0,0,VALID,VALID
92H-02687,2026-08-16 04:49:00,550.6,0,0.0,,,"Xã Quế Sơn, TP Đà Nẵng",,2.0,1,0,0.0,0.0,550.6,0.0,5.0,1,Stopped,0,0,0,0,0,VALID,VALID
92H-02687,2026-08-16 04:51:00,550.6,0,0.0,,,"Xã Quế Sơn, TP Đà Nẵng",,2.0,1,0,0.0,0.0,550.6,0.0,5.0,1,Stopped,0,0,0,0,0,VALID,VALID
92H-02687,2026-08-16 04:54:00,550.6,0,0.0,,,"Xã Quế Sơn, TP Đà Nẵng",,3.0,1,0,0.0,0.0,550.6,0.0,5.0,1,Stopped,0,0,0,0,0,VALID,VALID
92H-02687,2026-08-16 04:56:00,550.6,0,0.0,,,"Xã Quế Sơn, TP Đà Nẵng",,2.0,1,0,0.0,0.0,550.6,0.0,5.0,1,Stopped,0,0,0,0,0,VALID,VALID
92H-02687,2026-08-16 04:58:00,550.6,0,0.0,,,"Xã Quế Sơn, TP Đà Nẵng",,2.0,1,0,0.0,0.0,550.6,0.0,5.0,1,Stopped,0,0,0,0,0,VALID,VALID
92H-02687,2026-08-16 05:00:00,550.6,0,0.0,,,"Xã Quế Sơn, TP Đà Nẵng",,2.0,1,0,0.0,0.0,550.6,0.0,5.0,1,Stopped,0,0,0,0,0,VALID,VALID
92H-02687,2026-08-16 05:02:00,550.6,0,0.0,,,"Xã Quế Sơn, TP Đà Nẵng",,2.0,1,0,0.0,0.0,550.6,0.0,5.0,1,Stopped,0,0,0,0,0,VALID,VALID
92H-02687,2026-08-16 05:04:00,550.6,0,0.0,,,"Xã Quế Sơn, TP Đà Nẵng",,2.0,1,0,0.0,0.0,550.6,0.0,5.0,1,Stopped,0,0,0,0,0,VALID,VALID
92H-02687,2026-08-16 05:07:00,550.6,0,0.0,,,"Xã Quế Sơn, TP Đà Nẵng",,3.0,1,0,0.0,0.0,550.6,0.0,5.0,1,Stopped,0,0,0,0,0,VALID,VALID
92H-02687,2026-08-16 05:09:00,550.6,0,0.0,,,"Xã Quế Sơn, TP Đà Nẵng",,2.0,1,0,0.0,0.0,550.6,0.0,5.0,1,Stopped,0,0,0,0,0,VALID,VALID
92H-02687,2026-08-16 05:11:00,550.6,0,0.0,,,"Xã Quế Sơn, TP Đà Nẵng",,2.0,1,0,0.0,0.0,550.6,0.0,5.0,1,Stopped,0,0,0,0,0,VALID,VALID
92H-02687,2026-08-16 05:13:00,550.6,0,0.0,,,"Xã Quế Sơn, TP Đà Nẵng",,2.0,1,0,0.0,0.0,550.6,0.0,5.0,1,Stopped,0,0,0,0,0,VALID,VALID
92H-02687,2026-08-16 05:15:00,550.6,0,0.0,,,"Xã Quế Sơn, TP Đà Nẵng",,2.0,1,0,0.0,0.0,550.6,0.0,5.0,1,Stopped,0,0,0,0,0,VALID,VALID
92H-02687,2026-08-16 05:18:00,550.6,0,0.0,,,"Xã Quế Sơn, TP Đà Nẵng",,3.0,1,0,0.0,0.0,550.6,0.0,5.0,1,Stopped,0,0,0,0,0,VALID,VALID
92H-02687,2026-08-16 05:20:00,550.6,0,0.0,,,"Xã Quế Sơn, TP Đà Nẵng",,2.0,1,0,0.0,0.0,550.6,0.0,5.0,1,Stopped,0,0,0,0,0,VALID,VALID
92H-02687,2026-08-16 05:22:00,550.6,0,0.0,,,"Xã Quế Sơn, TP Đà Nẵng",,2.0,1,0,0.0,0.0,550.6,0.0,5.0,1,Stopped,0,0,0,0,0,VALID,VALID
92H-02687,2026-08-16 05:24:00,550.6,0,0.0,,,"Xã Quế Sơn, TP Đà Nẵng",,2.0,1,0,0.0,0.0,550.6,0.0,5.0,1,Stopped,0,0,0,0,0,VALID,VALID
92H-02687,2026-08-16 05:26:00,550.6,0,0.0,,,"Xã Quế Sơn, TP Đà Nẵng",,2.0,1,0,0.0,0.0,550.6,0.0,5.0,1,Stopped,0,0,0,0,0,VALID,VALID
92H-02687,2026-08-16 05:28:00,550.6,0,0.0,,,"Xã Quế Sơn, TP Đà Nẵng",,2.0,1,0,0.0,0.0,550.6,0.0,5.0,1,Stopped,0,0,0,0,0,VALID,VALID
92H-02687,2026-08-16 05:31:00,550.6,0,0.0,,,"Xã Quế Sơn, TP Đà Nẵng",,3.0,1,0,0.0,0.0,550.6,0.0,5.0,1,Stopped,0,0,0,0,0,VALID,VALID
92H-02687,2026-08-16 05:33:00,550.6,0,0.0,,,"Xã Quế Sơn, TP Đà Nẵng",,2.0,1,0,0.0,0.0,550.6,0.0,5.0,1,Stopped,0,0,0,0,0,VALID,VALID
92H-02687,2026-08-16 05:35:00,550.6,0,0.0,,,"Xã Quế Sơn, TP Đà Nẵng",,2.0,1,0,0.0,0.0,550.6,0.0,5.0,1,Stopped,0,0,0,0,0,VALID,VALID
92H-02687,2026-08-16 05:37:00,550.6,0,0.0,,,"Xã Quế Sơn, TP Đà Nẵng",,2.0,1,0,0.0,0.0,550.6,0.0,5.0,1,Stopped,0,0,0,0,0,VALID,VALID
92H-02687,2026-08-16 05:40:00,550.6,0,0.0,,,"Xã Quế Sơn, TP Đà Nẵng",,3.0,1,0,0.0,0.0,550.6,0.0,5.0,1,Stopped,0,0,0,0,0,VALID,VALID
92H-02687,2026-08-16 05:42:00,550.6,0,0.0,,,"Xã Quế Sơn, TP Đà Nẵng",,2.0,1,0,0.0,0.0,550.6,0.0,5.0,1,Stopped,0,0,0,0,0,VALID,VALID
92H-02687,2026-08-16 05:44:00,550.6,0,0.0,,,"Xã Quế Sơn, TP Đà Nẵng",,2.0,1,0,0.0,0.0,550.6,0.0,5.0,1,Stopped,0,0,0,0,0,VALID,VALID
92H-02687,2026-08-16 05:46:00,550.6,0,0.0,,,"Xã Quế Sơn, TP Đà Nẵng",,2.0,1,0,0.0,0.0,550.6,0.0,5.0,1,Stopped,0,0,0,0,0,VALID,VALID
92H-02687,2026-08-16 05:48:00,550.6,0,0.0,,,"Xã Quế Sơn, TP Đà Nẵng",,2.0,1,0,0.0,0.0,550.6,0.0,5.0,1,Stopped,0,0,0,0,0,VALID,VALID
92H-02687,2026-08-16 05:50:00,550.6,0,0.0,,,"Xã Quế Sơn, TP Đà Nẵng",,2.0,1,0,0.0,0.0,550.6,0.0,5.0,1,Stopped,0,0,0,0,0,VALID,VALID
92H-02687,2026-08-16 05:53:00,550.6,0,0.0,,,"Xã Quế Sơn, TP Đà Nẵng",,3.0,1,0,0.0,0.0,550.6,0.0,5.0,1,Stopped,0,0,0,0,0,VALID,VALID
92H-02687,2026-08-16 05:55:00,550.6,0,0.0,,,"Xã Quế Sơn, TP Đà Nẵng",,2.0,1,0,0.0,0.0,550.6,0.0,5.0,1,Stopped,0,0,0,0,0,VALID,VALID
92H-02687,2026-08-16 05:57:00,550.6,0,0.0,,,"Xã Quế Sơn, TP Đà Nẵng",,2.0,1,0,0.0,0.0,550.6,0.0,5.0,1,Stopped,0,0,0,0,0,VALID,VALID
92H-02687,2026-08-16 05:59:00,550.6,0,0.0,,,"Xã Quế Sơn, TP Đà Nẵng",,2.0,1,0,0.0,0.0,550.6,0.0,5.0,1,Stopped,0,0,0,0,0,VALID,VALID
92H-02687,2026-08-16 06:01:00,550.6,0,0.0,,,"Xã Quế Sơn, TP Đà Nẵng",,2.0,1,0,0.0,0.0,550.6,0.0,5.0,1,Stopped,0,0,0,0,0,VALID,VALID
92H-02687,2026-08-16 06:04:00,550.6,0,0.0,,,"Xã Quế Sơn, TP Đà Nẵng",,3.0,1,0,0.0,0.0,550.6,0.0,5.0,1,Stopped,0,0,0,0,0,VALID,VALID
92H-02687,2026-08-16 06:06:00,550.6,0,0.0,,,"Xã Quế Sơn, TP Đà Nẵng",,2.0,1,0,0.0,0.0,550.6,0.0,5.0,1,Stopped,0,0,0,0,0,VALID,VALID
92H-02687,2026-08-16 06:08:00,550.6,0,0.0,,,"Xã Quế Sơn, TP Đà Nẵng",,2.0,1,0,0.0,0.0,550.6,0.0,5.0,1,Stopped,0,0,0,0,0,VALID,VALID
92H-02687,2026-08-16 06:10:00,550.6,0,0.0,,,"Xã Quế Sơn, TP Đà Nẵng",,2.0,1,0,0.0,0.0,550.6,0.0,5.0,1,Stopped,0,0,0,0,0,VALID,VALID
92H-02687,2026-08-16 06:12:00,550.6,0,0.0,,,"Xã Quế Sơn, TP Đà Nẵng",,2.0,1,0,0.0,0.0,550.6,0.0,5.0,1,Stopped,0,0,0,0,0,VALID,VALID
92H-02687,2026-08-16 06:14:00,550.6,0,0.0,,,"Xã Quế Sơn, TP Đà Nẵng",,2.0,1,0,0.0,0.0,550.6,0.0,5.0,1,Stopped,0,0,0,0,0,VALID,VALID
92H-02687,2026-08-16 06:17:00,550.6,0,0.0,,,"Xã Quế Sơn, TP Đà Nẵng",,3.0,1,0,0.0,0.0,550.6,0.0,5.0,1,Stopped,0,0,0,0,0,VALID,VALID
92H-02687,2026-08-16 06:19:00,550.6,0,0.0,,,"Xã Quế Sơn, TP Đà Nẵng",,2.0,1,0,0.0,0.0,550.6,0.0,5.0,1,Stopped,0,0,0,0,0,VALID,VALID
92H-02687,2026-08-16 06:21:00,550.6,0,0.0,,,"Xã Quế Sơn, TP Đà Nẵng",,2.0,1,0,0.0,0.0,550.6,0.0,5.0,1,Stopped,0,0,0,0,0,VALID,VALID
92H-02687,2026-08-16 06:23:00,550.6,0,0.0,,,"Xã Quế Sơn, TP Đà Nẵng",,2.0,1,0,0.0,0.0,550.6,0.0,5.0,1,Stopped,0,0,0,0,0,VALID,VALID
92H-02687,2026-08-16 06:25:00,550.6,0,0.0,,,"Xã Quế Sơn, TP Đà Nẵng",,2.0,1,0,0.0,0.0,550.6,0.0,5.0,1,Stopped,0,0,0,0,0,VALID,VALID
92H-02687,2026-08-16 06:28:00,550.6,0,0.0,,,"Xã Quế Sơn, TP Đà Nẵng",,3.0,1,0,0.0,0.0,550.6,0.0,5.0,1,Stopped,0,0,0,0,0,VALID,VALID
92H-02687,2026-08-16 06:30:00,550.6,0,0.0,,,"Xã Quế Sơn, TP Đà Nẵng",,2.0,1,0,0.0,0.0,550.6,0.0,5.0,1,Stopped,0,0,0,0,0,VALID,VALID
92H-02687,2026-08-16 06:32:00,550.6,0,0.0,,,"Xã Quế Sơn, TP Đà Nẵng",,2.0,1,0,0.0,0.0,550.6,0.0,5.0,1,Stopped,0,0,0,0,0,VALID,VALID
92H-02687,2026-08-16 06:34:00,550.6,0,0.0,,,"Xã Quế Sơn, TP Đà Nẵng",,2.0,1,0,0.0,0.0,550.6,0.0,5.0,1,Stopped,0,0,0,0,0,VALID,VALID
92H-02687,2026-08-16 06:36:00,550.6,0,0.0,,,"Xã Quế Sơn, TP Đà Nẵng",,2.0,1,0,0.0,0.0,550.6,0.0,5.0,1,Stopped,0,0,0,0,0,VALID,VALID
92H-02687,2026-08-16 06:38:00,550.6,0,0.0,,,"Xã Quế Sơn, TP Đà Nẵng",,2.0,1,0,0.0,0.0,550.6,0.0,5.0,1,Stopped,0,0,0,0,0,VALID,VALID
92H-02687,2026-08-16 06:41:00,550.6,0,0.0,,,"Xã Quế Sơn, TP Đà Nẵng",,3.0,1,0,0.0,0.0,550.6,0.0,5.0,1,Stopped,0,0,0,0,0,VALID,VALID
92H-02687,2026-08-16 06:43:00,550.6,0,0.0,,,"Xã Quế Sơn, TP Đà Nẵng",,2.0,1,0,0.0,0.0,550.6,0.0,5.0,1,Stopped,0,0,0,0,0,VALID,VALID
92H-02687,2026-08-16 06:45:00,550.6,0,0.0,,,"Xã Quế Sơn, TP Đà Nẵng",,2.0,1,0,0.0,0.0,550.6,0.0,5.0,1,Stopped,0,0,0,0,0,VALID,VALID
92H-02687,2026-08-16 06:47:00,550.5,0,0.0,,,"Xã Quế Sơn, TP Đà Nẵng",,2.0,1,0,-0.10000000000002274,-0.05000000000001137,550.6,0.04472135110503514,5.0,1,Stopped,0,0,0,0,0,VALID,VALID
92H-02687,2026-08-16 06:49:00,550.5,0,0.0,,,"Xã Quế Sơn, TP Đà Nẵng",,2.0,1,0,0.0,0.0,550.6,0.05477224885530045,5.0,1,Stopped,0,0,0,0,0,VALID,VALID
92H-02687,2026-08-16 06:52:00,550.5,0,0.0,,,"Xã Quế Sơn, TP Đà Nẵng",,3.0,1,0,0.0,0.0,550.5,0.0547722488553705,5.0,1,Stopped,0,0,0,0,0,VALID,VALID
92H-02687,2026-08-16 06:54:00,550.5,0,0.0,,,"Xã Quế Sơn, TP Đà Nẵng",,2.0,1,0,0.0,0.0,550.5,0.04472135110529253,5.0,1,Stopped,0,0,0,0,0,VALID,VALID
92H-02687,2026-08-16 06:56:00,550.5,0,0.0,,,"Xã Quế Sơn, TP Đà Nẵng",,2.0,1,0,0.0,0.0,550.5,0.0,5.0,1,Stopped,0,0,0,0,0,VALID,VALID
92H-02687,2026-08-16 06:58:00,550.5,0,0.0,,,"Xã Quế Sơn, TP Đà Nẵng",,2.0,1,0,0.0,0.0,550.5,0.0,5.0,1,Stopped,0,0,0,0,0,VALID,VALID
92H-02687,2026-08-16 07:00:00,550.5,0,0.0,,,"Xã Quế Sơn, TP Đà Nẵng",,2.0,1,0,0.0,0.0,550.5,0.0,5.0,1,Stopped,0,0,0,0,0,VALID,VALID
92H-02687,2026-08-16 07:02:00,550.5,0,0.0,,,"Xã Quế Sơn, TP Đà Nẵng",,2.0,1,0,0.0,0.0,550.5,0.0,5.0,1,Stopped,0,0,0,0,0,VALID,VALID
92H-02687,2026-08-16 07:05:00,550.5,0,0.0,,,"Xã Quế Sơn, TP Đà Nẵng",,3.0,1,0,0.0,0.0,550.5,0.0,5.0,1,Stopped,0,0,0,0,0,VALID,VALID
92H-02687,2026-08-16 07:07:00,550.5,0,0.0,,,"Xã Quế Sơn, TP Đà Nẵng",,2.0,1,0,0.0,0.0,550.5,0.0,5.0,1,Stopped,0,0,0,0,0,VALID,VALID
92H-02687,2026-08-16 07:09:00,550.5,0,0.0,,,"Xã Quế Sơn, TP Đà Nẵng",,2.0,1,0,0.0,0.0,550.5,0.0,5.0,1,Stopped,0,0,0,0,0,VALID,VALID
92H-02687,2026-08-16 07:11:00,550.5,0,0.0,,,"Xã Quế Sơn, TP Đà Nẵng",,2.0,1,0,0.0,0.0,550.5,0.0,5.0,1,Stopped,0,0,0,0,0,VALID,VALID
92H-02687,2026-08-16 07:13:00,550.5,0,0.0,,,"Xã Quế Sơn, TP Đà Nẵng",,2.0,1,0,0.0,0.0,550.5,0.0,5.0,1,Stopped,0,0,0,0,0,VALID,VALID
92H-02687,2026-08-16 07:16:00,550.5,0,0.0,,,"Xã Quế Sơn, TP Đà Nẵng",,3.0,1,0,0.0,0.0,550.5,0.0,5.0,1,Stopped,0,0,0,0,0,VALID,VALID
92H-02687,2026-08-16 07:18:00,550.5,0,0.0,,,"Xã Quế Sơn, TP Đà Nẵng",,2.0,1,0,0.0,0.0,550.5,0.0,5.0,1,Stopped,0,0,0,0,0,VALID,VALID
92H-02687,2026-08-16 07:20:00,550.5,0,0.0,,,"Xã Quế Sơn, TP Đà Nẵng",,2.0,1,0,0.0,0.0,550.5,0.0,5.0,1,Stopped,0,0,0,0,0,VALID,VALID
92H-02687,2026-08-16 07:22:00,550.6,0,0.0,,,"Xã Quế Sơn, TP Đà Nẵng",,2.0,1,0,0.10000000000002274,0.05000000000001137,550.5,0.04472135110529253,5.0,1,Stopped,0,0,0,0,0,VALID,VALID
92H-02687,2026-08-16 07:24:00,550.6,0,0.0,,,"Xã Quế Sơn, TP Đà Nẵng",,2.0,1,0,0.0,0.0,550.5,0.05477224885533029,5.0,1,Stopped,0,0,0,0,0,VALID,VALID
92H-02687,2026-08-16 07:26:00,550.6,0,0.0,,,"Xã Quế Sơn, TP Đà Nẵng",,2.0,1,0,0.0,0.0,550.6,0.05477224885519278,5.0,1,Stopped,0,0,0,0,0,VALID,VALID
92H-02687,2026-08-16 07:29:00,550.6,0,0.0,,,"Xã Quế Sơn, TP Đà Nẵng",,3.0,1,0,0.0,0.0,550.6,0.044721351104820645,5.0,1,Stopped,0,0,0,0,0,VALID,VALID
92H-02687,2026-08-16 07:31:00,550.6,0,0.0,,,"Xã Quế Sơn, TP Đà Nẵng",,2.0,1,0,0.0,0.0,550.6,0.0,5.0,1,Stopped,0,0,0,0,0,VALID,VALID
92H-02687,2026-08-16 07:33:00,550.6,0,0.0,,,"Xã Quế Sơn, TP Đà Nẵng",,2.0,1,0,0.0,0.0,550.6,0.0,5.0,1,Stopped,0,0,0,0,0,VALID,VALID
92H-02687,2026-08-16 07:35:00,550.6,0,0.0,,,"Xã Quế Sơn, TP Đà Nẵng",,2.0,1,0,0.0,0.0,550.6,0.0,5.0,1,Stopped,0,0,0,0,0,VALID,VALID
92H-02687,2026-08-16 07:37:00,550.6,0,0.0,,,"Xã Quế Sơn, TP Đà Nẵng",,2.0,1,0,0.0,0.0,550.6,0.0,5.0,1,Stopped,0,0,0,0,0,VALID,VALID
92H-02687,2026-08-16 07:40:00,550.6,0,0.0,,,"Xã Quế Sơn, TP Đà Nẵng",,3.0,1,0,0.0,0.0,550.6,0.0,5.0,1,Stopped,0,0,0,0,0,VALID,VALID
92H-02687,2026-08-16 07:42:00,550.6,0,0.0,,,"Xã Quế Sơn, TP Đà Nẵng",,2.0,1,0,0.0,0.0,550.6,0.0,5.0,1,Stopped,0,0,0,0,0,VALID,VALID
92H-02687,2026-08-16 07:44:00,550.6,0,0.0,,,"Xã Quế Sơn, TP Đà Nẵng",,2.0,1,0,0.0,0.0,550.6,0.0,5.0,1,Stopped,0,0,0,0,0,VALID,VALID
92H-02687,2026-08-16 07:46:00,550.6,0,0.0,,,"Xã Quế Sơn, TP Đà Nẵng",,2.0,1,0,0.0,0.0,550.6,0.0,5.0,1,Stopped,0,0,0,0,0,VALID,VALID
92H-02687,2026-08-16 07:48:00,550.6,0,0.0,,,"Xã Quế Sơn, TP Đà Nẵng",,2.0,1,0,0.0,0.0,550.6,0.0,5.0,1,Stopped,0,0,0,0,0,VALID,VALID
92H-02687,2026-08-16 07:50:00,550.6,0,0.0,,,"Xã Quế Sơn, TP Đà Nẵng",,2.0,1,0,0.0,0.0,550.6,0.0,5.0,1,Stopped,0,0,0,0,0,VALID,VALID
92H-02687,2026-08-16 07:53:00,550.6,0,0.0,,,"Xã Quế Sơn, TP Đà Nẵng",,3.0,1,0,0.0,0.0,550.6,0.0,5.0,1,Stopped,0,0,0,0,0,VALID,VALID
92H-02687,2026-08-16 07:55:00,550.6,0,0.0,,,"Xã Quế Sơn, TP Đà Nẵng",,2.0,1,0,0.0,0.0,550.6,0.0,5.0,1,Stopped,0,0,0,0,0,VALID,VALID
92H-02687,2026-08-16 07:57:00,550.6,0,0.0,,,"Xã Quế Sơn, TP Đà Nẵng",,2.0,1,0,0.0,0.0,550.6,0.0,5.0,1,Stopped,0,0,0,0,0,VALID,VALID
92H-02687,2026-08-16 07:59:00,550.6,0,0.0,,,"Xã Quế Sơn, TP Đà Nẵng",,2.0,1,0,0.0,0.0,550.6,0.0,5.0,1,Stopped,0,0,0,0,0,VALID,VALID
92H-02687,2026-08-16 08:01:00,550.6,0,0.0,,,"Xã Quế Sơn, TP Đà Nẵng",,2.0,1,0,0.0,0.0,550.6,0.0,5.0,1,Stopped,0,0,0,0,0,VALID,VALID
92H-02687,2026-08-16 08:04:00,550.6,0,0.0,,,"Xã Quế Sơn, TP Đà Nẵng",,3.0,1,0,0.0,0.0,550.6,0.0,5.0,1,Stopped,0,0,0,0,0,VALID,VALID
92H-02687,2026-08-16 08:06:00,550.6,0,0.0,,,"Xã Quế Sơn, TP Đà Nẵng",,2.0,1,0,0.0,0.0,550.6,0.0,5.0,1,Stopped,0,0,0,0,0,VALID,VALID
92H-02687,2026-08-16 08:08:00,550.6,0,0.0,,,"Xã Quế Sơn, TP Đà Nẵng",,2.0,1,0,0.0,0.0,550.6,0.0,5.0,1,Stopped,0,0,0,0,0,VALID,VALID
92H-02687,2026-08-16 08:10:00,550.6,0,0.0,,,"Xã Quế Sơn, TP Đà Nẵng",,2.0,1,0,0.0,0.0,550.6,0.0,5.0,1,Stopped,0,0,0,0,0,VALID,VALID
92H-02687,2026-08-16 08:12:00,550.6,0,0.0,,,"Xã Quế Sơn, TP Đà Nẵng",,2.0,1,0,0.0,0.0,550.6,0.0,5.0,1,Stopped,0,0,0,0,0,VALID,VALID
92H-02687,2026-08-16 08:14:00,550.6,0,0.0,,,"Xã Quế Sơn, TP Đà Nẵng",,2.0,1,0,0.0,0.0,550.6,0.0,5.0,1,Stopped,0,0,0,0,0,VALID,VALID
92H-02687,2026-08-16 08:17:00,550.6,0,0.0,,,"Xã Quế Sơn, TP Đà Nẵng",,3.0,1,0,0.0,0.0,550.6,0.0,5.0,1,Stopped,0,0,0,0,0,VALID,VALID
92H-02687,2026-08-16 08:19:00,550.6,0,0.0,,,"Xã Quế Sơn, TP Đà Nẵng",,2.0,1,0,0.0,0.0,550.6,0.0,5.0,1,Stopped,0,0,0,0,0,VALID,VALID
92H-02687,2026-08-16 08:21:00,550.6,0,0.0,,,"Xã Quế Sơn, TP Đà Nẵng",,2.0,1,0,0.0,0.0,550.6,0.0,5.0,1,Stopped,0,0,0,0,0,VALID,VALID
92H-02687,2026-08-16 08:23:00,550.6,0,0.0,,,"Xã Quế Sơn, TP Đà Nẵng",,2.0,1,0,0.0,0.0,550.6,0.0,5.0,1,Stopped,0,0,0,0,0,VALID,VALID
92H-02687,2026-08-16 08:26:00,550.6,0,0.0,,,"Xã Quế Sơn, TP Đà Nẵng",,3.0,1,0,0.0,0.0,550.6,0.0,5.0,1,Stopped,0,0,0,0,0,VALID,VALID
92H-02687,2026-08-16 08:28:00,550.6,0,0.0,,,"Xã Quế Sơn, TP Đà Nẵng",,2.0,1,0,0.0,0.0,550.6,0.0,5.0,1,Stopped,0,0,0,0,0,VALID,VALID
92H-02687,2026-08-16 08:30:00,550.6,0,0.0,,,"Xã Quế Sơn, TP Đà Nẵng",,2.0,1,0,0.0,0.0,550.6,0.0,5.0,1,Stopped,0,0,0,0,0,VALID,VALID
92H-02687,2026-08-16 08:32:00,550.6,0,0.0,,,"Xã Quế Sơn, TP Đà Nẵng",,2.0,1,0,0.0,0.0,550.6,0.0,5.0,1,Stopped,0,0,0,0,0,VALID,VALID
92H-02687,2026-08-16 08:34:00,550.6,0,0.0,,,"Xã Quế Sơn, TP Đà Nẵng",,2.0,1,0,0.0,0.0,550.6,0.0,5.0,1,Stopped,0,0,0,0,0,VALID,VALID
92H-02687,2026-08-16 08:36:00,550.6,0,0.0,,,"Xã Quế Sơn, TP Đà Nẵng",,2.0,1,0,0.0,0.0,550.6,0.0,5.0,1,Stopped,0,0,0,0,0,VALID,VALID
92H-02687,2026-08-16 08:39:00,550.6,0,0.0,,,"Xã Quế Sơn, TP Đà Nẵng",,3.0,1,0,0.0,0.0,550.6,0.0,5.0,1,Stopped,0,0,0,0,0,VALID,VALID
92H-02687,2026-08-16 08:41:00,550.6,0,0.0,,,"Xã Quế Sơn, TP Đà Nẵng",,2.0,1,0,0.0,0.0,550.6,0.0,5.0,1,Stopped,0,0,0,0,0,VALID,VALID
92H-02687,2026-08-16 08:43:00,550.6,0,0.0,,,"Xã Quế Sơn, TP Đà Nẵng",,2.0,1,0,0.0,0.0,550.6,0.0,5.0,1,Stopped,0,0,0,0,0,VALID,VALID
92H-02687,2026-08-16 08:44:00,550.0,0,0.0,,,"Xã Quế Sơn, TP Đà Nẵng",,1.0,1,0,-0.6000000000000227,-0.6000000000000227,550.6,0.2683281558925696,5.0,1,Stopped,0,0,0,0,0,VALID,VALID
92H-02687,2026-08-16 08:46:00,550.8,0,0.0,,,"Xã Quế Sơn, TP Đà Nẵng",,2.0,1,0,0.7999999999999545,0.39999999999997726,550.6,0.3033150165169513,5.0,1,Stopped,0,0,0,0,0,VALID,VALID
92H-02687,2026-08-16 08:48:00,550.8,0,0.0,,,"Xã Quế Sơn, TP Đà Nẵng",,2.0,1,0,0.0,0.0,550.6,0.328633533353878,5.0,1,Stopped,0,0,0,0,0,VALID,VALID
92H-02687,2026-08-16 08:51:00,550.8,0,0.0,,,"Xã Quế Sơn, TP Đà Nẵng",,3.0,1,0,0.0,0.0,550.8,0.34641016042350026,5.0,1,Stopped,0,0,0,0,0,VALID,VALID
92H-02687,2026-08-16 08:53:00,550.8,0,0.0,,,"Xã Quế Sơn, TP Đà Nẵng",,2.0,1,0,0.0,0.0,550.8,0.3577708753442916,5.0,1,Stopped,0,0,0,0,0,VALID,VALID
92H-02687,2026-08-16 08:55:00,550.8,0,0.0,,,"Xã Quế Sơn, TP Đà Nẵng",,2.0,1,0,0.0,0.0,550.8,0.0,5.0,1,Stopped,0,0,0,0,0,VALID,VALID
92H-02687,2026-08-16 08:57:00,550.8,0,0.0,,,"Xã Quế Sơn, TP Đà Nẵng",,2.0,1,0,0.0,0.0,550.8,0.0,5.0,1,Stopped,0,0,0,0,0,VALID,VALID
92H-02687,2026-08-16 09:00:00,550.8,0,0.0,,,"Xã Quế Sơn, TP Đà Nẵng",,3.0,1,0,0.0,0.0,550.8,0.0,5.0,1,Stopped,0,0,0,0,0,VALID,VALID
92H-02687,2026-08-16 09:02:00,550.6,0,0.0,,,"Xã Quế Sơn, TP Đà Nẵng",,2.0,1,0,-0.1999999999999318,-0.0999999999999659,550.8,0.08944271487707643,5.0,1,Stopped,0,0,0,0,0,VALID,VALID
92H-02687,2026-08-16 09:04:00,550.6,0,0.0,,,"Xã Quế Sơn, TP Đà Nẵng",,2.0,1,0,0.0,0.0,550.8,0.10954450805308598,5.0,1,Stopped,0,0,0,0,0,VALID,VALID
92H-02687,2026-08-16 09:06:00,550.6,0,0.0,,,"Xã Quế Sơn, TP Đà Nẵng",,2.0,1,0,0.0,0.0,550.6,0.10954450805315602,5.0,1,Stopped,0,0,0,0,0,VALID,VALID
92H-02687,2026-08-16 09:08:00,550.6,0,0.0,,,"Xã Quế Sơn, TP Đà Nẵng",,2.0,1,0,0.0,0.0,550.6,0.08944271487733381,5.0,1,Stopped,0,0,0,0,0,VALID,VALID
92H-02687,2026-08-16 09:10:00,550.6,0,0.0,,,"Xã Quế Sơn, TP Đà Nẵng",,2.0,1,0,0.0,0.0,550.6,0.0,5.0,1,Stopped,0,0,0,0,0,VALID,VALID
92H-02687,2026-08-16 09:13:00,550.6,0,0.0,,,"Xã Quế Sơn, TP Đà Nẵng",,3.0,1,0,0.0,0.0,550.6,0.0,5.0,1,Stopped,0,0,0,0,0,VALID,VALID
92H-02687,2026-08-16 09:15:00,550.6,0,0.0,,,"Xã Quế Sơn, TP Đà Nẵng",,2.0,1,0,0.0,0.0,550.6,0.0,5.0,1,Stopped,0,0,0,0,0,VALID,VALID
92H-02687,2026-08-16 09:17:00,550.6,0,0.0,,,"Xã Quế Sơn, TP Đà Nẵng",,2.0,1,0,0.0,0.0,550.6,0.0,5.0,1,Stopped,0,0,0,0,0,VALID,VALID
92H-02687,2026-08-16 09:19:00,550.6,0,0.0,,,"Xã Quế Sơn, TP Đà Nẵng",,2.0,1,0,0.0,0.0,550.6,0.0,5.0,1,Stopped,0,0,0,0,0,VALID,VALID
92H-02687,2026-08-16 09:21:00,550.6,0,0.0,,,"Xã Quế Sơn, TP Đà Nẵng",,2.0,1,0,0.0,0.0,550.6,0.0,5.0,1,Stopped,0,0,0,0,0,VALID,VALID
92H-02687,2026-08-16 09:24:00,550.6,0,0.0,,,"Xã Quế Sơn, TP Đà Nẵng",,3.0,1,0,0.0,0.0,550.6,0.0,5.0,1,Stopped,0,0,0,0,0,VALID,VALID
92H-02687,2026-08-16 09:26:00,550.6,0,0.0,,,"Xã Quế Sơn, TP Đà Nẵng",,2.0,1,0,0.0,0.0,550.6,0.0,5.0,1,Stopped,0,0,0,0,0,VALID,VALID
92H-02687,2026-08-16 09:28:00,550.6,0,0.0,,,"Xã Quế Sơn, TP Đà Nẵng",,2.0,1,0,0.0,0.0,550.6,0.0,5.0,1,Stopped,0,0,0,0,0,VALID,VALID
92H-02687,2026-08-16 09:30:00,550.6,0,0.0,,,"Xã Quế Sơn, TP Đà Nẵng",,2.0,1,0,0.0,0.0,550.6,0.0,5.0,1,Stopped,0,0,0,0,0,VALID,VALID
92H-02687,2026-08-16 09:32:00,550.6,0,0.0,,,"Xã Quế Sơn, TP Đà Nẵng",,2.0,1,0,0.0,0.0,550.6,0.0,5.0,1,Stopped,0,0,0,0,0,VALID,VALID
92H-02687,2026-08-16 09:34:00,550.6,0,0.0,,,"Xã Quế Sơn, TP Đà Nẵng",,2.0,1,0,0.0,0.0,550.6,0.0,5.0,1,Stopped,0,0,0,0,0,VALID,VALID
92H-02687,2026-08-16 09:37:00,550.6,0,0.0,,,"Xã Quế Sơn, TP Đà Nẵng",,3.0,1,0,0.0,0.0,550.6,0.0,5.0,1,Stopped,0,0,0,0,0,VALID,VALID
92H-02687,2026-08-16 09:39:00,550.6,0,0.0,,,"Xã Quế Sơn, TP Đà Nẵng",,2.0,1,0,0.0,0.0,550.6,0.0,5.0,1,Stopped,0,0,0,0,0,VALID,VALID
92H-02687,2026-08-16 09:41:00,550.6,0,0.0,,,"Xã Quế Sơn, TP Đà Nẵng",,2.0,1,0,0.0,0.0,550.6,0.0,5.0,1,Stopped,0,0,0,0,0,VALID,VALID
92H-02687,2026-08-16 09:43:00,550.6,0,0.0,,,"Xã Quế Sơn, TP Đà Nẵng",,2.0,1,0,0.0,0.0,550.6,0.0,5.0,1,Stopped,0,0,0,0,0,VALID,VALID
92H-02687,2026-08-16 09:45:00,550.6,0,0.0,,,"Xã Quế Sơn, TP Đà Nẵng",,2.0,1,0,0.0,0.0,550.6,0.0,5.0,1,Stopped,0,0,0,0,0,VALID,VALID
92H-02687,2026-08-16 09:48:00,550.6,0,0.0,,,"Xã Quế Sơn, TP Đà Nẵng",,3.0,1,0,0.0,0.0,550.6,0.0,5.0,1,Stopped,0,0,0,0,0,VALID,VALID
92H-02687,2026-08-16 09:50:00,550.6,0,0.0,,,"Xã Quế Sơn, TP Đà Nẵng",,2.0,1,0,0.0,0.0,550.6,0.0,5.0,1,Stopped,0,0,0,0,0,VALID,VALID
92H-02687,2026-08-16 09:52:00,550.6,0,0.0,,,"Xã Quế Sơn, TP Đà Nẵng",,2.0,1,0,0.0,0.0,550.6,0.0,5.0,1,Stopped,0,0,0,0,0,VALID,VALID
92H-02687,2026-08-16 09:54:00,550.6,0,0.0,,,"Xã Quế Sơn, TP Đà Nẵng",,2.0,1,0,0.0,0.0,550.6,0.0,5.0,1,Stopped,0,0,0,0,0,VALID,VALID
92H-02687,2026-08-16 09:56:00,550.6,0,0.0,,,"Xã Quế Sơn, TP Đà Nẵng",,2.0,1,0,0.0,0.0,550.6,0.0,5.0,1,Stopped,0,0,0,0,0,VALID,VALID
92H-02687,2026-08-16 09:58:00,550.6,0,0.0,,,"Xã Quế Sơn, TP Đà Nẵng",,2.0,1,0,0.0,0.0,550.6,0.0,5.0,1,Stopped,0,0,0,0,0,VALID,VALID
92H-02687,2026-08-16 10:01:00,550.6,0,0.0,,,"Xã Quế Sơn, TP Đà Nẵng",,3.0,1,0,0.0,0.0,550.6,0.0,5.0,1,Stopped,0,0,0,0,0,VALID,VALID
92H-02687,2026-08-16 10:03:00,550.6,0,0.0,,,"Xã Quế Sơn, TP Đà Nẵng",,2.0,1,0,0.0,0.0,550.6,0.0,5.0,1,Stopped,0,0,0,0,0,VALID,VALID
92H-02687,2026-08-16 10:05:00,550.6,0,0.0,,,"Xã Quế Sơn, TP Đà Nẵng",,2.0,1,0,0.0,0.0,550.6,0.0,5.0,1,Stopped,0,0,0,0,0,VALID,VALID
92H-02687,2026-08-16 10:07:00,550.6,0,0.0,,,"Xã Quế Sơn, TP Đà Nẵng",,2.0,1,0,0.0,0.0,550.6,0.0,5.0,1,Stopped,0,0,0,0,0,VALID,VALID
92H-02687,2026-08-16 10:09:00,550.6,0,0.0,,,"Xã Quế Sơn, TP Đà Nẵng",,2.0,1,0,0.0,0.0,550.6,0.0,5.0,1,Stopped,0,0,0,0,0,VALID,VALID
92H-02687,2026-08-16 10:12:00,550.6,0,0.0,,,"Xã Quế Sơn, TP Đà Nẵng",,3.0,1,0,0.0,0.0,550.6,0.0,5.0,1,Stopped,0,0,0,0,0,VALID,VALID
92H-02687,2026-08-16 10:14:00,550.6,0,0.0,,,"Xã Quế Sơn, TP Đà Nẵng",,2.0,1,0,0.0,0.0,550.6,0.0,5.0,1,Stopped,0,0,0,0,0,VALID,VALID
92H-02687,2026-08-16 10:16:00,550.6,0,0.0,,,"Xã Quế Sơn, TP Đà Nẵng",,2.0,1,0,0.0,0.0,550.6,0.0,5.0,1,Stopped,0,0,0,0,0,VALID,VALID
92H-02687,2026-08-16 10:18:00,550.6,0,0.0,,,"Xã Quế Sơn, TP Đà Nẵng",,2.0,1,0,0.0,0.0,550.6,0.0,5.0,1,Stopped,0,0,0,0,0,VALID,VALID
92H-02687,2026-08-16 10:20:00,550.6,0,0.0,,,"Xã Quế Sơn, TP Đà Nẵng",,2.0,1,0,0.0,0.0,550.6,0.0,5.0,1,Stopped,0,0,0,0,0,VALID,VALID
92H-02687,2026-08-16 10:22:00,550.6,0,0.0,,,"Xã Quế Sơn, TP Đà Nẵng",,2.0,1,0,0.0,0.0,550.6,0.0,5.0,1,Stopped,0,0,0,0,0,VALID,VALID
92H-02687,2026-08-16 10:25:00,550.6,0,0.0,,,"Xã Quế Sơn, TP Đà Nẵng",,3.0,1,0,0.0,0.0,550.6,0.0,5.0,1,Stopped,0,0,0,0,0,VALID,VALID
92H-02687,2026-08-16 10:27:00,550.6,0,0.0,,,"Xã Quế Sơn, TP Đà Nẵng",,2.0,1,0,0.0,0.0,550.6,0.0,5.0,1,Stopped,0,0,0,0,0,VALID,VALID
92H-02687,2026-08-16 10:29:00,550.6,0,0.0,,,"Xã Quế Sơn, TP Đà Nẵng",,2.0,1,0,0.0,0.0,550.6,0.0,5.0,1,Stopped,0,0,0,0,0,VALID,VALID
92H-02687,2026-08-16 10:31:00,550.6,0,0.0,,,"Xã Quế Sơn, TP Đà Nẵng",,2.0,1,0,0.0,0.0,550.6,0.0,5.0,1,Stopped,0,0,0,0,0,VALID,VALID
92H-02687,2026-08-16 10:33:00,550.6,0,0.0,,,"Xã Quế Sơn, TP Đà Nẵng",,2.0,1,0,0.0,0.0,550.6,0.0,5.0,1,Stopped,0,0,0,0,0,VALID,VALID
92H-02687,2026-08-16 10:36:00,550.6,0,0.0,,,"Xã Quế Sơn, TP Đà Nẵng",,3.0,1,0,0.0,0.0,550.6,0.0,5.0,1,Stopped,0,0,0,0,0,VALID,VALID
92H-02687,2026-08-16 10:38:00,550.6,0,0.0,,,"Xã Quế Sơn, TP Đà Nẵng",,2.0,1,0,0.0,0.0,550.6,0.0,5.0,1,Stopped,0,0,0,0,0,VALID,VALID
92H-02687,2026-08-16 10:40:00,550.6,0,0.0,,,"Xã Quế Sơn, TP Đà Nẵng",,2.0,1,0,0.0,0.0,550.6,0.0,5.0,1,Stopped,0,0,0,0,0,VALID,VALID
92H-02687,2026-08-16 10:42:00,550.6,0,0.0,,,"Xã Quế Sơn, TP Đà Nẵng",,2.0,1,0,0.0,0.0,550.6,0.0,5.0,1,Stopped,0,0,0,0,0,VALID,VALID
92H-02687,2026-08-16 10:44:00,550.8,0,0.0,,,"Xã Quế Sơn, TP Đà Nẵng",,2.0,1,0,0.1999999999999318,0.0999999999999659,550.6,0.0894427148772766,5.0,1,Stopped,0,0,0,0,0,VALID,VALID
92H-02687,2026-08-16 10:46:00,550.8,0,0.0,,,"Xã Quế Sơn, TP Đà Nẵng",,2.0,1,0,0.0,0.0,550.6,0.10954450805304186,5.0,1,Stopped,0,0,0,0,0,VALID,VALID
92H-02687,2026-08-16 10:49:00,550.8,0,0.0,,,"Xã Quế Sơn, TP Đà Nẵng",,3.0,1,0,0.0,0.0,550.8,0.10954450805290435,5.0,1,Stopped,0,0,0,0,0,VALID,VALID
92H-02687,2026-08-16 10:51:00,550.8,0,0.0,,,"Xã Quế Sơn, TP Đà Nẵng",,2.0,1,0,0.0,0.0,550.8,0.08944271487677137,5.0,1,Stopped,0,0,0,0,0,VALID,VALID
92H-02687,2026-08-16 10:53:00,550.8,0,0.0,,,"Xã Quế Sơn, TP Đà Nẵng",,2.0,1,0,0.0,0.0,550.8,0.0,5.0,1,Stopped,0,0,0,0,0,VALID,VALID
92H-02687,2026-08-16 10:55:00,550.8,0,0.0,,,"Xã Quế Sơn, TP Đà Nẵng",,2.0,1,0,0.0,0.0,550.8,0.0,5.0,1,Stopped,0,0,0,0,0,VALID,VALID
92H-02687,2026-08-16 10:57:00,550.8,0,0.0,,,"Xã Quế Sơn, TP Đà Nẵng",,2.0,1,0,0.0,0.0,550.8,0.0,5.0,1,Stopped,0,0,0,0,0,VALID,VALID
92H-02687,2026-08-16 11:00:00,550.8,0,0.0,,,"Xã Quế Sơn, TP Đà Nẵng",,3.0,1,0,0.0,0.0,550.8,0.0,5.0,1,Stopped,0,0,0,0,0,VALID,VALID
92H-02687,2026-08-16 11:02:00,550.8,0,0.0,,,"Xã Quế Sơn, TP Đà Nẵng",,2.0,1,0,0.0,0.0,550.8,0.0,5.0,1,Stopped,0,0,0,0,0,VALID,VALID
92H-02687,2026-08-16 11:04:00,550.8,0,0.0,,,"Ngô Quyền, Xã Quế Sơn, TP Đà Nẵng",,2.0,1,0,0.0,0.0,550.8,0.0,5.0,1,Stopped,0,0,0,0,0,VALID,VALID
92H-02687,2026-08-16 11:06:00,550.8,0,0.0,,,"Ngô Quyền, Xã Quế Sơn, TP Đà Nẵng",,2.0,1,0,0.0,0.0,550.8,0.0,5.0,1,Stopped,0,0,0,0,0,VALID,VALID
92H-02687,2026-08-16 11:08:00,550.8,0,0.0,,,"Ngô Quyền, Xã Quế Sơn, TP Đà Nẵng",,2.0,1,0,0.0,0.0,550.8,0.0,5.0,1,Stopped,0,0,0,0,0,VALID,VALID
92H-02687,2026-08-16 11:10:00,550.8,0,0.0,,,"Ngô Quyền, Xã Quế Sơn, TP Đà Nẵng",,2.0,1,0,0.0,0.0,550.8,0.0,5.0,1,Stopped,0,0,0,0,0,VALID,VALID
92H-02687,2026-08-16 11:13:00,550.8,0,0.0,,,"Ngô Quyền, Xã Quế Sơn, TP Đà Nẵng",,3.0,1,0,0.0,0.0,550.8,0.0,5.0,1,Stopped,0,0,0,0,0,VALID,VALID
92H-02687,2026-08-16 11:15:00,550.8,0,0.0,,,"Ngô Quyền, Xã Quế Sơn, TP Đà Nẵng",,2.0,1,0,0.0,0.0,550.8,0.0,5.0,1,Stopped,0,0,0,0,0,VALID,VALID
92H-02687,2026-08-16 11:17:00,550.8,0,0.0,,,"Ngô Quyền, Xã Quế Sơn, TP Đà Nẵng",,2.0,1,0,0.0,0.0,550.8,0.0,5.0,1,Stopped,0,0,0,0,0,VALID,VALID
92H-02687,2026-08-16 11:19:00,550.8,0,0.0,,,"Ngô Quyền, Xã Quế Sơn, TP Đà Nẵng",,2.0,1,0,0.0,0.0,550.8,0.0,5.0,1,Stopped,0,0,0,0,0,VALID,VALID
92H-02687,2026-08-16 11:21:00,550.8,0,0.0,,,"Ngô Quyền, Xã Quế Sơn, TP Đà Nẵng",,2.0,1,0,0.0,0.0,550.8,0.0,5.0,1,Stopped,0,0,0,0,0,VALID,VALID
92H-02687,2026-08-16 11:24:00,550.8,0,0.0,,,"Ngô Quyền, Xã Quế Sơn, TP Đà Nẵng",,3.0,1,0,0.0,0.0,550.8,0.0,5.0,1,Stopped,0,0,0,0,0,VALID,VALID
92H-02687,2026-08-16 11:26:00,550.8,0,0.0,,,"Ngô Quyền, Xã Quế Sơn, TP Đà Nẵng",,2.0,1,0,0.0,0.0,550.8,0.0,5.0,1,Stopped,0,0,0,0,0,VALID,VALID
92H-02687,2026-08-16 11:28:00,550.8,0,0.0,,,"Ngô Quyền, Xã Quế Sơn, TP Đà Nẵng",,2.0,1,0,0.0,0.0,550.8,0.0,5.0,1,Stopped,0,0,0,0,0,VALID,VALID
92H-02687,2026-08-16 11:30:00,550.8,0,0.0,,,"Ngô Quyền, Xã Quế Sơn, TP Đà Nẵng",,2.0,1,0,0.0,0.0,550.8,0.0,5.0,1,Stopped,0,0,0,0,0,VALID,VALID
92H-02687,2026-08-16 11:32:00,550.8,0,0.0,,,"Ngô Quyền, Xã Quế Sơn, TP Đà Nẵng",,2.0,1,0,0.0,0.0,550.8,0.0,5.0,1,Stopped,0,0,0,0,0,VALID,VALID
92H-02687,2026-08-16 11:34:00,550.8,0,0.0,,,"Ngô Quyền, Xã Quế Sơn, TP Đà Nẵng",,2.0,1,0,0.0,0.0,550.8,0.0,5.0,1,Stopped,0,0,0,0,0,VALID,VALID
92H-02687,2026-08-16 11:37:00,550.8,0,0.0,,,"Ngô Quyền, Xã Quế Sơn, TP Đà Nẵng",,3.0,1,0,0.0,0.0,550.8,0.0,5.0,1,Stopped,0,0,0,0,0,VALID,VALID
92H-02687,2026-08-16 11:39:00,550.8,0,0.0,,,"Ngô Quyền, Xã Quế Sơn, TP Đà Nẵng",,2.0,1,0,0.0,0.0,550.8,0.0,5.0,1,Stopped,0,0,0,0,0,VALID,VALID
92H-02687,2026-08-16 11:41:00,550.8,0,0.0,,,"Ngô Quyền, Xã Quế Sơn, TP Đà Nẵng",,2.0,1,0,0.0,0.0,550.8,0.0,5.0,1,Stopped,0,0,0,0,0,VALID,VALID
92H-02687,2026-08-16 11:43:00,550.8,0,0.0,,,"Ngô Quyền, Xã Quế Sơn, TP Đà Nẵng",,2.0,1,0,0.0,0.0,550.8,0.0,5.0,1,Stopped,0,0,0,0,0,VALID,VALID
92H-02687,2026-08-16 11:46:00,550.8,0,0.0,,,"Ngô Quyền, Xã Quế Sơn, TP Đà Nẵng",,3.0,1,0,0.0,0.0,550.8,0.0,5.0,1,Stopped,0,0,0,0,0,VALID,VALID
92H-02687,2026-08-16 11:48:00,550.8,0,0.0,,,"Ngô Quyền, Xã Quế Sơn, TP Đà Nẵng",,2.0,1,0,0.0,0.0,550.8,0.0,5.0,1,Stopped,0,0,0,0,0,VALID,VALID
92H-02687,2026-08-16 11:50:00,550.8,0,0.0,,,"Ngô Quyền, Xã Quế Sơn, TP Đà Nẵng",,2.0,1,0,0.0,0.0,550.8,0.0,5.0,1,Stopped,0,0,0,0,0,VALID,VALID
92H-02687,2026-08-16 11:52:00,550.8,0,0.0,,,"Ngô Quyền, Xã Quế Sơn, TP Đà Nẵng",,2.0,1,0,0.0,0.0,550.8,0.0,5.0,1,Stopped,0,0,0,0,0,VALID,VALID
92H-02687,2026-08-16 11:54:00,550.8,0,0.0,,,"Ngô Quyền, Xã Quế Sơn, TP Đà Nẵng",,2.0,1,0,0.0,0.0,550.8,0.0,5.0,1,Stopped,0,0,0,0,0,VALID,VALID
92H-02687,2026-08-16 11:56:00,550.8,0,0.0,,,"Ngô Quyền, Xã Quế Sơn, TP Đà Nẵng",,2.0,1,0,0.0,0.0,550.8,0.0,5.0,1,Stopped,0,0,0,0,0,VALID,VALID
92H-02687,2026-08-16 11:59:00,550.8,0,0.0,,,"Ngô Quyền, Xã Quế Sơn, TP Đà Nẵng",,3.0,1,0,0.0,0.0,550.8,0.0,5.0,1,Stopped,0,0,0,0,0,VALID,VALID
92H-02687,2026-08-16 12:01:00,550.8,0,0.0,,,"Ngô Quyền, Xã Quế Sơn, TP Đà Nẵng",,2.0,1,0,0.0,0.0,550.8,0.0,5.0,1,Stopped,0,0,0,0,0,VALID,VALID
92H-02687,2026-08-16 12:03:00,550.8,0,0.0,,,"Ngô Quyền, Xã Quế Sơn, TP Đà Nẵng",,2.0,1,0,0.0,0.0,550.8,0.0,5.0,1,Stopped,0,0,0,0,0,VALID,VALID
92H-02687,2026-08-16 12:05:00,550.8,0,0.0,,,"Ngô Quyền, Xã Quế Sơn, TP Đà Nẵng",,2.0,1,0,0.0,0.0,550.8,0.0,5.0,1,Stopped,0,0,0,0,0,VALID,VALID
92H-02687,2026-08-16 12:07:00,550.8,0,0.0,,,"Ngô Quyền, Xã Quế Sơn, TP Đà Nẵng",,2.0,1,0,0.0,0.0,550.8,0.0,5.0,1,Stopped,0,0,0,0,0,VALID,VALID
92H-02687,2026-08-16 12:10:00,550.8,0,0.0,,,"Ngô Quyền, Xã Quế Sơn, TP Đà Nẵng",,3.0,1,0,0.0,0.0,550.8,0.0,5.0,1,Stopped,0,0,0,0,0,VALID,VALID
92H-02687,2026-08-16 12:12:00,550.8,0,0.0,,,"Ngô Quyền, Xã Quế Sơn, TP Đà Nẵng",,2.0,1,0,0.0,0.0,550.8,0.0,5.0,1,Stopped,0,0,0,0,0,VALID,VALID
92H-02687,2026-08-16 12:14:00,550.8,0,0.0,,,"Ngô Quyền, Xã Quế Sơn, TP Đà Nẵng",,2.0,1,0,0.0,0.0,550.8,0.0,5.0,1,Stopped,0,0,0,0,0,VALID,VALID
92H-02687,2026-08-16 12:16:00,550.8,0,0.0,,,"Ngô Quyền, Xã Quế Sơn, TP Đà Nẵng",,2.0,1,0,0.0,0.0,550.8,0.0,5.0,1,Stopped,0,0,0,0,0,VALID,VALID
92H-02687,2026-08-16 12:18:00,550.8,0,0.0,,,"Ngô Quyền, Xã Quế Sơn, TP Đà Nẵng",,2.0,1,0,0.0,0.0,550.8,0.0,5.0,1,Stopped,0,0,0,0,0,VALID,VALID
92H-02687,2026-08-16 12:20:00,550.8,0,0.0,,,"Ngô Quyền, Xã Quế Sơn, TP Đà Nẵng",,2.0,1,0,0.0,0.0,550.8,0.0,5.0,1,Stopped,0,0,0,0,0,VALID,VALID
92H-02687,2026-08-16 12:23:00,550.8,0,0.0,,,"Ngô Quyền, Xã Quế Sơn, TP Đà Nẵng",,3.0,1,0,0.0,0.0,550.8,0.0,5.0,1,Stopped,0,0,0,0,0,VALID,VALID
92H-02687,2026-08-16 12:25:00,550.8,0,0.0,,,"Ngô Quyền, Xã Quế Sơn, TP Đà Nẵng",,2.0,1,0,0.0,0.0,550.8,0.0,5.0,1,Stopped,0,0,0,0,0,VALID,VALID
92H-02687,2026-08-16 12:27:00,550.8,0,0.0,,,"Ngô Quyền, Xã Quế Sơn, TP Đà Nẵng",,2.0,1,0,0.0,0.0,550.8,0.0,5.0,1,Stopped,0,0,0,0,0,VALID,VALID
92H-02687,2026-08-16 12:29:00,550.8,0,0.0,,,"Ngô Quyền, Xã Quế Sơn, TP Đà Nẵng",,2.0,1,0,0.0,0.0,550.8,0.0,5.0,1,Stopped,0,0,0,0,0,VALID,VALID
92H-02687,2026-08-16 12:31:00,550.8,0,0.0,,,"Ngô Quyền, Xã Quế Sơn, TP Đà Nẵng",,2.0,1,0,0.0,0.0,550.8,0.0,5.0,1,Stopped,0,0,0,0,0,VALID,VALID
92H-02687,2026-08-16 12:34:00,550.8,0,0.0,,,"Ngô Quyền, Xã Quế Sơn, TP Đà Nẵng",,3.0,1,0,0.0,0.0,550.8,0.0,5.0,1,Stopped,0,0,0,0,0,VALID,VALID
92H-02687,2026-08-16 12:36:00,550.8,0,0.0,,,"Ngô Quyền, Xã Quế Sơn, TP Đà Nẵng",,2.0,1,0,0.0,0.0,550.8,0.0,5.0,1,Stopped,0,0,0,0,0,VALID,VALID
92H-02687,2026-08-16 12:38:00,550.8,0,0.0,,,"Ngô Quyền, Xã Quế Sơn, TP Đà Nẵng",,2.0,1,0,0.0,0.0,550.8,0.0,5.0,1,Stopped,0,0,0,0,0,VALID,VALID
92H-02687,2026-08-16 12:40:00,550.8,0,0.0,,,"Ngô Quyền, Xã Quế Sơn, TP Đà Nẵng",,2.0,1,0,0.0,0.0,550.8,0.0,5.0,1,Stopped,0,0,0,0,0,VALID,VALID
92H-02687,2026-08-16 12:42:00,550.8,0,0.0,,,"Ngô Quyền, Xã Quế Sơn, TP Đà Nẵng",,2.0,1,0,0.0,0.0,550.8,0.0,5.0,1,Stopped,0,0,0,0,0,VALID,VALID
92H-02687,2026-08-16 12:44:00,550.8,0,0.0,,,"Ngô Quyền, Xã Quế Sơn, TP Đà Nẵng",,2.0,1,0,0.0,0.0,550.8,0.0,5.0,1,Stopped,0,0,0,0,0,VALID,VALID
92H-02687,2026-08-16 12:47:00,550.8,0,0.0,,,"Ngô Quyền, Xã Quế Sơn, TP Đà Nẵng",,3.0,1,0,0.0,0.0,550.8,0.0,5.0,1,Stopped,0,0,0,0,0,VALID,VALID
92H-02687,2026-08-16 12:49:00,550.8,0,0.0,,,"Ngô Quyền, Xã Quế Sơn, TP Đà Nẵng",,2.0,1,0,0.0,0.0,550.8,0.0,5.0,1,Stopped,0,0,0,0,0,VALID,VALID
92H-02687,2026-08-16 12:51:00,550.8,0,0.0,,,"Ngô Quyền, Xã Quế Sơn, TP Đà Nẵng",,2.0,1,0,0.0,0.0,550.8,0.0,5.0,1,Stopped,0,0,0,0,0,VALID,VALID
92H-02687,2026-08-16 12:53:00,550.8,0,0.0,,,"Ngô Quyền, Xã Quế Sơn, TP Đà Nẵng",,2.0,1,0,0.0,0.0,550.8,0.0,5.0,1,Stopped,0,0,0,0,0,VALID,VALID
92H-02687,2026-08-16 12:55:00,550.8,0,0.0,,,"Ngô Quyền, Xã Quế Sơn, TP Đà Nẵng",,2.0,1,0,0.0,0.0,550.8,0.0,5.0,1,Stopped,0,0,0,0,0,VALID,VALID
92H-02687,2026-08-16 12:58:00,550.8,0,0.0,,,"Ngô Quyền, Xã Quế Sơn, TP Đà Nẵng",,3.0,1,0,0.0,0.0,550.8,0.0,5.0,1,Stopped,0,0,0,0,0,VALID,VALID
92H-02687,2026-08-16 13:00:00,550.8,0,0.0,,,"Ngô Quyền, Xã Quế Sơn, TP Đà Nẵng",,2.0,1,0,0.0,0.0,550.8,0.0,5.0,1,Stopped,0,0,0,0,0,VALID,VALID
92H-02687,2026-08-16 13:02:00,550.6,0,0.0,,,"Ngô Quyền, Xã Quế Sơn, TP Đà Nẵng",,2.0,1,0,-0.1999999999999318,-0.0999999999999659,550.8,0.08944271487671417,5.0,1,Stopped,0,0,0,0,0,VALID,VALID
92H-02687,2026-08-16 13:04:00,550.6,0,0.0,,,"Ngô Quyền, Xã Quế Sơn, TP Đà Nẵng",,2.0,1,0,0.0,0.0,550.8,0.10954450805279019,5.0,1,Stopped,0,0,0,0,0,VALID,VALID
92H-02687,2026-08-16 13:06:00,550.6,0,0.0,,,"Ngô Quyền, Xã Quế Sơn, TP Đà Nẵng",,2.0,1,0,0.0,0.0,550.6,0.10954450805286024,5.0,1,Stopped,0,0,0,0,0,VALID,VALID
92H-02687,2026-08-16 13:08:00,550.6,0,0.0,,,"Ngô Quyền, Xã Quế Sơn, TP Đà Nẵng",,2.0,1,0,0.0,0.0,550.6,0.08944271487697156,5.0,1,Stopped,0,0,0,0,0,VALID,VALID
92H-02687,2026-08-16 13:11:00,550.6,0,0.0,,,"Ngô Quyền, Xã Quế Sơn, TP Đà Nẵng",,3.0,1,0,0.0,0.0,550.6,0.0,5.0,1,Stopped,0,0,0,0,0,VALID,VALID
92H-02687,2026-08-16 13:12:00,550.6,0,0.0,,,"Ngô Quyền, Xã Quế Sơn, TP Đà Nẵng",,1.0,1,0,0.0,0.0,550.6,0.0,5.0,1,Stopped,0,0,0,0,0,VALID,VALID
92H-02687,2026-08-16 13:14:00,550.6,0,0.0,,,"Ngô Quyền, Xã Quế Sơn, TP Đà Nẵng",,2.0,1,0,0.0,0.0,550.6,0.0,5.0,1,Stopped,0,0,0,0,0,VALID,VALID
92H-02687,2026-08-16 13:16:00,550.6,0,0.0,,,"Ngô Quyền, Xã Quế Sơn, TP Đà Nẵng",,2.0,1,0,0.0,0.0,550.6,0.0,5.0,1,Stopped,0,0,0,0,0,VALID,VALID
92H-02687,2026-08-16 13:18:00,550.6,0,0.0,,,"Ngô Quyền, Xã Quế Sơn, TP Đà Nẵng",,2.0,1,0,0.0,0.0,550.6,0.0,5.0,1,Stopped,0,0,0,0,0,VALID,VALID
92H-02687,2026-08-16 13:20:00,550.8,30,0.25,,,"Xã Quế Sơn, TP Đà Nẵng",,2.0,1,0,0.1999999999999318,0.0999999999999659,550.6,0.08944271487691435,5.0,1,Moving,0,0,0,0,0,VALID,VALID
92H-02687,2026-08-16 13:22:00,550.0,34,0.03333333333333333,,,"Thọ Xuân, Xã Quế Sơn, TP Đà Nẵng",,2.0,1,0,-0.7999999999999545,-0.39999999999997726,550.6,0.30331501651691056,5.0,1,Moving,0,0,0,0,0,VALID,VALID
92H-02687,2026-08-16 13:24:00,548.7,36,0.016666666666666666,,,"Hùng Vương, Xã Quế Sơn, TP Đà Nẵng",,2.0,1,0,-1.2999999999999545,-0.6499999999999773,550.6,0.8590692633571195,5.0,1,Moving,0,0,0,0,0,VALID,VALID
92H-02687,2026-08-16 13:26:00,548.9,44,0.06666666666666667,,,"Tỉnh Lộ 611, Xã Quế Sơn Trung, TP Đà Nẵng",,2.0,1,0,0.1999999999999318,0.0999999999999659,550.0,0.9617692026911793,5.0,1,Moving,0,0,0,0,0,VALID,VALID
92H-02687,2026-08-16 13:28:00,548.6,43,-0.008333333333333333,,,"Tỉnh Lộ 611, Xã Quế Sơn Trung, TP Đà Nẵng",,2.0,1,0,-0.2999999999999545,-0.14999999999997726,548.9,0.961769202691324,5.0,1,Moving,0,0,0,0,0,VALID,VALID
92H-02687,2026-08-16 13:30:00,547.6,0,-0.35833333333333334,,,"Tỉnh Lộ 611, Xã Quế Sơn Trung, TP Đà Nẵng",,2.0,1,0,-1.0,-0.5,548.7,0.8561541912798463,5.0,1,Stopped,0,0,0,0,0,VALID,VALID
92H-02687,2026-08-16 13:32:00,545.9,0,0.0,,,"Tỉnh Lộ 611, Xã Quế Sơn Trung, TP Đà Nẵng",,2.0,1,0,-1.7000000000000455,-0.8500000000000227,548.6,1.2461942060717097,5.0,1,Stopped,0,0,0,0,0,VALID,VALID
92H-02687,2026-08-16 13:34:00,546.1,47,0.39166666666666666,,,"Tỉnh Lộ 611, Xã Quế Sơn Trung, TP Đà Nẵng",,2.0,1,0,0.20000000000004547,0.10000000000002274,547.6,1.3845576908338024,5.0,1,Moving,0,0,0,0,0,VALID,VALID
92H-02687,2026-08-16 13:36:00,546.1,47,0.0,,,"Tỉnh Lộ 611, Xã Quế Sơn Trung, TP Đà Nẵng",,2.0,1,0,0.0,0.0,546.1,1.1886967650530107,5.0,1,Moving,0,0,0,0,0,VALID,VALID
92H-02687,2026-08-16 13:38:00,545.9,43,-0.03333333333333333,,,"Tỉnh Lộ 611, Xã Quế Sơn Trung, TP Đà Nẵng",,2.0,1,0,-0.20000000000004547,-0.10000000000002274,546.1,0.7224956742070681,5.0,1,Moving,0,0,0,0,0,VALID,VALID
92H-02687,2026-08-16 13:40:00,545.9,54,0.09166666666666666,,,"Tỉnh Lộ 611, Xã Quế Sơn Trung, TP Đà Nẵng",,2.0,1,0,0.0,0.0,545.9,0.10954450806929364,5.0,1,Moving,0,0,0,0,0,VALID,VALID
92H-02687,2026-08-16 13:42:00,545.8,54,0.0,,,"Tỉnh Lộ 611, Xã Quế Sơn Trung, TP Đà Nẵng",,2.0,1,0,-0.10000000000002274,-0.05000000000001137,545.9,0.13416407584804688,5.0,1,Moving,0,0,0,0,0,VALID,VALID
92H-02687,2026-08-16 13:44:00,544.0,55,0.008333333333333333,,,"Tỉnh Lộ 611, Xã Quế Sơn Trung, TP Đà Nẵng",,2.0,1,0,-1.7999999999999545,-0.8999999999999773,545.9,0.8677557255635865,5.0,1,Moving,0,0,0,0,0,VALID,VALID
92H-02687,2026-08-16 13:46:00,543.9,45,-0.08333333333333333,,,"Tỉnh Lộ 611, Xã Quế Sơn Trung, TP Đà Nẵng",,2.0,1,0,-0.10000000000002274,-0.05000000000001137,545.8,1.0511898017240127,5.0,1,Moving,0,0,0,0,0,VALID,VALID
92H-02687,2026-08-16 13:48:00,543.9,50,0.041666666666666664,,,"Tỉnh Lộ 611, Xã Quế Sơn Trung, TP Đà Nẵng",,2.0,1,0,0.0,0.0,544.0,1.0511898017240966,5.0,1,Moving,0,0,0,0,0,VALID,VALID
92H-02687,2026-08-16 13:50:00,543.4,34,-0.13333333333333333,,,"Cầu Hương An cũ, Xã Xuân Phú, TP Đà Nẵng",,2.0,1,0,-0.5,-0.25,543.9,0.9246621000392374,5.0,1,Moving,0,0,0,0,0,VALID,VALID
92H-02687,2026-08-16 13:52:00,543.6,49,0.125,,,"Quốc Lộ 1, Xã Thăng Bình, TP Đà Nẵng",,2.0,1,0,0.20000000000004547,0.10000000000002274,543.9,0.25099800646454634,5.0,1,Moving,0,0,0,0,0,VALID,VALID
92H-02687,2026-08-16 13:54:00,542.4,0,-0.4083333333333333,,,"Quốc Lộ 1, Xã Thăng Bình, TP Đà Nẵng",,2.0,1,0,-1.2000000000000455,-0.6000000000000227,543.6,0.618869937264126,5.0,1,Stopped,0,0,0,0,0,VALID,VALID
92H-02687,2026-08-16 13:56:00,541.1,0,0.0,,,"Quốc Lộ 1, Xã Thăng Bình, TP Đà Nẵng",,2.0,1,0,-1.2999999999999545,-0.6499999999999773,543.4,1.1432410066340288,5.0,1,Stopped,0,0,0,0,0,VALID,VALID
92H-02687,2026-08-16 13:58:00,541.2,0,0.0,,,"Quốc Lộ 1, Xã Thăng Bình, TP Đà Nẵng",,2.0,1,0,0.10000000000002274,0.05000000000001137,542.4,1.1781341176834736,5.0,1,Stopped,0,0,0,0,0,VALID,VALID
92H-02687,2026-08-16 14:00:00,541.4,0,0.0,,,"Quốc Lộ 1, Xã Thăng Bình, TP Đà Nẵng",,2.0,1,0,0.1999999999999318,0.0999999999999659,541.4,1.0620734434350467,5.0,1,Stopped,0,0,0,0,0,VALID,VALID
92H-02687,2026-08-16 14:03:00,541.4,0,0.0,,,"Quốc Lộ 1, Xã Thăng Bình, TP Đà Nẵng",,3.0,1,0,0.0,0.0,541.4,0.5196152415491087,5.0,1,Stopped,0,0,0,0,0,VALID,VALID
92H-02687,2026-08-16 14:05:00,541.5,0,0.0,,,"Quốc Lộ 1, Xã Thăng Bình, TP Đà Nẵng",,2.0,1,0,0.10000000000002274,0.05000000000001137,541.4,0.16431676496996758,5.0,1,Stopped,0,0,0,0,0,VALID,VALID
92H-02687,2026-08-16 14:07:00,541.7,0,0.0,,,"Quốc Lộ 1, Xã Thăng Bình, TP Đà Nẵng",,2.0,1,0,0.20000000000004547,0.10000000000002274,541.4,0.18165901918208507,5.0,1,Stopped,0,0,0,0,0,VALID,VALID
92H-02687,2026-08-16 14:09:00,541.7,0,0.0,,,"Quốc Lộ 1, Xã Thăng Bình, TP Đà Nẵng",,2.0,1,0,0.0,0.0,541.5,0.15165750640903045,5.0,1,Stopped,0,0,0,0,0,VALID,VALID
92H-02687,2026-08-16 14:12:00,541.7,0,0.0,,,"Quốc Lộ 1, Xã Thăng Bình, TP Đà Nẵng",,3.0,1,0,0.0,0.0,541.7,0.14142135358641708,5.0,1,Stopped,0,0,0,0,0,VALID,VALID
92H-02687,2026-08-16 14:14:00,541.7,0,0.0,,,"Quốc Lộ 1, Xã Thăng Bình, TP Đà Nẵng",,2.0,1,0,0.0,0.0,541.7,0.08944271490864172,5.0,1,Stopped,0,0,0,0,0,VALID,VALID
92H-02687,2026-08-16 14:16:00,541.8,0,0.0,,,"Quốc Lộ 1, Xã Thăng Bình, TP Đà Nẵng",,2.0,1,0,0.09999999999990905,0.049999999999954525,541.7,0.044721351167531904,5.0,1,Stopped,0,0,0,0,0,VALID,VALID
92H-02687,2026-08-16 14:18:00,541.8,0,0.0,,,"Quốc Lộ 1, Xã Thăng Bình, TP Đà Nẵng",,2.0,1,0,0.0,0.0,541.7,0.05477224890636127,5.0,1,Stopped,0,0,0,0,0,VALID,VALID
92H-02687,2026-08-16 14:20:00,541.8,0,0.0,,,"Quốc Lộ 1, Xã Thăng Bình, TP Đà Nẵng",,2.0,1,0,0.0,0.0,541.8,0.05477224890645468,5.0,1,Stopped,0,0,0,0,0,VALID,VALID
92H-02687,2026-08-16 14:22:00,541.8,0,0.0,,,"Quốc Lộ 1, Xã Thăng Bình, TP Đà Nẵng",,2.0,1,0,0.0,0.0,541.8,0.04472135116792593,5.0,1,Stopped,0,0,0,0,0,VALID,VALID
92H-02687,2026-08-16 14:25:00,541.8,0,0.0,,,"Quốc Lộ 1, Xã Thăng Bình, TP Đà Nẵng",,3.0,1,0,0.0,0.0,541.8,0.0,5.0,1,Stopped,0,0,0,0,0,VALID,VALID
92H-02687,2026-08-16 14:27:00,541.8,0,0.0,,,"Quốc Lộ 1, Xã Thăng Bình, TP Đà Nẵng",,2.0,1,0,0.0,0.0,541.8,0.0,5.0,1,Stopped,0,0,0,0,0,VALID,VALID
92H-02687,2026-08-16 14:29:00,541.8,0,0.0,,,"Quốc Lộ 1, Xã Thăng Bình, TP Đà Nẵng",,2.0,1,0,0.0,0.0,541.8,0.0,5.0,1,Stopped,0,0,0,0,0,VALID,VALID
92H-02687,2026-08-16 14:31:00,541.8,0,0.0,,,"Quốc Lộ 1, Xã Thăng Bình, TP Đà Nẵng",,2.0,1,0,0.0,0.0,541.8,0.0,5.0,1,Stopped,0,0,0,0,0,VALID,VALID
92H-02687,2026-08-16 14:33:00,541.8,0,0.0,,,"Quốc Lộ 1, Xã Thăng Bình, TP Đà Nẵng",,2.0,1,0,0.0,0.0,541.8,0.0,5.0,1,Stopped,0,0,0,0,0,VALID,VALID
92H-02687,2026-08-16 14:36:00,541.8,0,0.0,,,"Quốc Lộ 1, Xã Thăng Bình, TP Đà Nẵng",,3.0,1,0,0.0,0.0,541.8,0.0,5.0,1,Stopped,0,0,0,0,0,VALID,VALID
92H-02687,2026-08-16 14:38:00,541.8,0,0.0,,,"Quốc Lộ 1, Xã Thăng Bình, TP Đà Nẵng",,2.0,1,0,0.0,0.0,541.8,0.0,5.0,1,Stopped,0,0,0,0,0,VALID,VALID
92H-02687,2026-08-16 14:40:00,541.8,35,0.2916666666666667,,,"Quốc Lộ 1, Xã Thăng Bình, TP Đà Nẵng",,2.0,1,0,0.0,0.0,541.8,0.0,5.0,1,Moving,0,0,0,0,0,VALID,VALID
92H-02687,2026-08-16 14:42:00,542.6,46,0.09166666666666666,,,"Quốc Lộ 1, Xã Thăng Bình, TP Đà Nẵng",,2.0,1,0,0.8000000000000682,0.4000000000000341,541.8,0.3577708753523529,5.0,1,Moving,0,0,0,0,0,VALID,VALID
92H-02687,2026-08-16 14:44:00,540.4,44,-0.016666666666666666,,,"Quốc Lộ 1, Xã Thăng Bình, TP Đà Nẵng",,2.0,1,0,-2.2000000000000455,-1.1000000000000227,541.8,0.7949842761025412,5.0,1,Moving,0,0,0,0,0,VALID,VALID
92H-02687,2026-08-16 14:46:00,540.4,50,0.05,,,"Quốc Lộ 1, Xã Thăng Bình, TP Đà Nẵng",,2.0,1,0,0.0,0.0,541.8,0.9695359710965913,5.0,1,Moving,0,0,0,0,0,VALID,VALID
92H-02687,2026-08-16 14:48:00,540.2,26,-0.2,,,"Huỳnh Thúc Kháng, Xã Thăng Bình, TP Đà Nẵng",,2.0,1,0,-0.1999999999999318,-0.0999999999999659,540.4,1.063954885909224,5.0,1,Moving,0,0,0,0,0,VALID,VALID
92H-02687,2026-08-16 14:50:00,540.1,48,0.18333333333333332,,,"Xã Thăng Bình, TP Đà Nẵng",,2.0,1,0,-0.10000000000002274,-0.05000000000001137,540.4,1.0478549514365223,5.0,1,Moving,0,0,0,0,0,VALID,VALID
92H-02687,2026-08-16 14:52:00,539.2,23,-0.20833333333333334,,,"Quốc Lộ 14E, Xã Thăng Bình, TP Đà Nẵng",,2.0,1,0,-0.8999999999999773,-0.44999999999998863,540.2,0.49799598316635313,5.0,1,Moving,0,0,0,0,0,VALID,VALID
92H-02687,2026-08-16 14:54:00,538.0,0,-0.19166666666666668,,,"Quốc Lộ 14E, Xã Thăng Bình, TP Đà Nẵng",,2.0,1,0,-1.2000000000000455,-0.6000000000000227,540.1,0.9959919674624598,5.0,1,Stopped,0,0,0,0,0,VALID,VALID
92H-02687,2026-08-16 14:56:00,538.3,0,0.0,,,"Quốc Lộ 14E, Xã Thăng Bình, TP Đà Nẵng",,2.0,1,0,0.2999999999999545,0.14999999999997726,539.2,1.00647901083414,5.0,1,Stopped,0,0,0,0,0,VALID,VALID
92H-02687,2026-08-16 14:58:00,539.2,0,0.0,,,"Quốc Lộ 14E, Xã Thăng Bình, TP Đà Nẵng",,2.0,1,0,0.900000000000091,0.4500000000000455,539.2,0.8324662150799751,5.0,1,Stopped,0,0,0,0,0,VALID,VALID
92H-02687,2026-08-16 15:00:00,538.0,9,0.075,,,"Quốc Lộ 14E, Xã Thăng Bình, TP Đà Nẵng",,2.0,1,0,-1.2000000000000455,-0.6000000000000227,538.3,0.6148170453472415,5.0,1,Moving,0,0,0,0,0,VALID,VALID
92H-02687,2026-08-16 15:02:00,537.4,39,0.25,,,"Xã Thăng Bình, TP Đà Nẵng",,2.0,1,0,-0.6000000000000227,-0.30000000000001137,538.0,0.6572670684352635,5.0,1,Moving,0,0,0,0,0,VALID,VALID
92H-02687,2026-08-16 15:04:00,538.3,67,0.23333333333333334,,,"Cao tốc Đà Nẵng-Quảng Ngãi, Xã Thăng Bình, TP Đà Nẵng",,2.0,1,0,0.8999999999999773,0.44999999999998863,538.3,0.650384501083393,5.0,1,Moving,0,0,0,0,0,VALID,VALID
92H-02687,2026-08-16 15:06:00,536.2,66,-0.008333333333333333,,,"Cao tốc Đà Nẵng-Quảng Ngãi, Xã Thăng Bình, TP Đà Nẵng",,2.0,1,0,-2.099999999999909,-1.0499999999999545,538.0,1.1144505369236366,5.0,1,Moving,0,0,0,0,0,VALID,VALID
92H-02687,2026-08-16 15:08:00,535.2,69,0.025,,,"Cao tốc Đà Nẵng-Quảng Ngãi, Xã Thăng Phú, TP Đà Nẵng",,2.0,1,0,-1.0,-0.5,537.4,1.2969194266604187,5.0,1,Moving,0,0,0,0,0,VALID,VALID
92H-02687,2026-08-16 15:10:00,534.8,71,0.016666666666666666,,,"Xã Thăng Phú, TP Đà Nẵng",,2.0,1,0,-0.40000000000009095,-0.20000000000004547,536.2,1.4703741018017176,5.0,1,Moving,0,0,0,0,0,VALID,VALID
92H-02687,2026-08-16 15:12:00,533.7,75,0.03333333333333333,,,"Cao tốc Đà Nẵng-Quảng Ngãi, Xã Thăng Phú, TP Đà Nẵng",,2.0,1,0,-1.099999999999909,-0.5499999999999545,535.2,1.7357995273790006,5.0,1,Moving,0,0,0,0,0,VALID,VALID
92H-02687,2026-08-16 15:14:00,532.7,78,0.025,,,"Xã Tây Hồ, TP Đà Nẵng",,2.0,1,0,-1.0,-0.5,534.8,1.3553597305694112,5.0,1,Moving,0,0,0,0,0,VALID,VALID
92H-02687,2026-08-16 15:16:00,531.8,72,-0.05,,,"Xã Tây Hồ, TP Đà Nẵng",,2.0,1,0,-0.900000000000091,-0.4500000000000455,533.7,1.4188023115462662,5.0,1,Moving,0,0,0,0,0,VALID,VALID
92H-02687,2026-08-16 15:18:00,531.4,73,0.008333333333333333,,,"Cao tốc Đà Nẵng-Quảng Ngãi, Xã Chiên Đàn, TP Đà Nẵng",,2.0,1,0,-0.39999999999997726,-0.19999999999998863,532.7,1.3917614735466222,5.0,1,Moving,0,0,0,0,0,VALID,VALID
92H-02687,2026-08-16 15:20:00,531.2,72,-0.008333333333333333,,,"Cao tốc Đà Nẵng-Quảng Ngãi, Xã Chiên Đàn, TP Đà Nẵng",,2.0,1,0,-0.1999999999999318,-0.0999999999999659,531.8,1.035857132643458,5.0,1,Moving,0,0,0,0,0,VALID,VALID
92H-02687,2026-08-16 15:22:00,529.2,72,0.0,,,"Cao tốc Đà Nẵng-Quảng Ngãi, Xã Chiên Đàn, TP Đà Nẵng",,2.0,1,0,-2.0,-1.0,531.4,1.2876334879335667,5.0,1,Moving,0,0,0,0,0,VALID,VALID
92H-02687,2026-08-16 15:24:00,527.0,0,-0.6,,,"Cao tốc Đà Nẵng-Quảng Ngãi, Xã Phú Ninh, TP Đà Nẵng",,2.0,1,0,-2.2000000000000455,-1.1000000000000227,531.2,2.012958022226894,5.0,1,Stopped,0,0,0,0,0,VALID,VALID
92H-02687,2026-08-16 15:26:00,526.8,70,0.5833333333333334,,,"Cao tốc Đà Nẵng-Quảng Ngãi, Phường Hương Trà, TP Đà Nẵng",,2.0,1,0,-0.20000000000004547,-0.10000000000002274,529.2,2.202725584190503,5.0,1,Moving,0,0,0,0,0,VALID,VALID
92H-02687,2026-08-16 15:28:00,527.0,66,-0.03333333333333333,,,"Cao tốc Đà Nẵng-Quảng Ngãi, Xã Tam Xuân, TP Đà Nẵng",,2.0,1,0,0.20000000000004547,0.10000000000002274,527.0,1.925616784110266,5.0,1,Moving,0,0,0,0,0,VALID,VALID
92H-02687,2026-08-16 15:30:00,526.8,74,0.06666666666666667,,,"Cao tốc Đà Nẵng-Quảng Ngãi, Xã Tam Xuân, TP Đà Nẵng",,2.0,1,0,-0.20000000000004547,-0.10000000000002274,527.0,1.0334408542567337,5.0,1,Moving,0,0,0,0,0,VALID,VALID
92H-02687,2026-08-16 15:32:00,525.7,72,-0.016666666666666666,,,"Cao tốc Đà Nẵng-Quảng Ngãi, Xã Tam Anh, TP Đà Nẵng",,2.0,1,0,-1.099999999999909,-0.5499999999999545,526.8,0.545893761868204,5.0,1,Moving,0,0,0,0,0,VALID,VALID
92H-02687,2026-08-16 15:34:00,525.4,70,-0.016666666666666666,,,"Cao tốc Đà Nẵng-Quảng Ngãi, Xã Tam Anh, TP Đà Nẵng",,2.0,1,0,-0.3000000000000682,-0.1500000000000341,526.8,0.7334848323220463,5.0,1,Moving,0,0,0,0,0,VALID,VALID
92H-02687,2026-08-16 15:36:00,524.3,72,0.016666666666666666,,,"Cao tốc Đà Nẵng-Quảng Ngãi, Xã Tam Anh, TP Đà Nẵng",,2.0,1,0,-1.1000000000000227,-0.5500000000000114,525.7,1.1013627918385145,5.0,1,Moving,0,0,0,0,0,VALID,VALID
92H-02687,2026-08-16 15:38:00,522.9,75,0.025,,,"Cao tốc Đà Nẵng-Quảng Ngãi, Xã Núi Thành, TP Đà Nẵng",,2.0,1,0,-1.3999999999999773,-0.6999999999999886,525.4,1.4822280523744977,5.0,1,Moving,0,0,0,0,0,VALID,VALID
92H-02687,2026-08-16 15:40:00,521.8,74,-0.008333333333333333,,,"Cao tốc Đà Nẵng-Quảng Ngãi, Xã Núi Thành, TP Đà Nẵng",,2.0,1,0,-1.1000000000000227,-0.5500000000000114,524.3,1.6574076140905702,5.0,1,Moving,0,0,0,0,0,VALID,VALID
92H-02687,2026-08-16 15:42:00,521.5,74,0.0,,,"Cao tốc Đà Nẵng-Quảng Ngãi, Xã Tam Mỹ, TP Đà Nẵng",,2.0,1,0,-0.2999999999999545,-0.14999999999997726,522.9,1.6574076140903937,5.0,1,Moving,0,0,0,0,0,VALID,VALID
92H-02687,2026-08-16 15:44:00,520.5,68,-0.05,,,"Cao tốc Đà Nẵng-Quảng Ngãi, Xã Tam Mỹ, TP Đà Nẵng",,2.0,1,0,-1.0,-0.5,521.8,1.4525839043732227,5.0,1,Moving,0,0,0,0,0,VALID,VALID
92H-02687,2026-08-16 15:46:00,520.2,66,-0.016666666666666666,,,"Cao tốc Đà Nẵng-Quảng Ngãi, Xã Núi Thành, TP Đà Nẵng",,2.0,1,0,-0.2999999999999545,-0.14999999999997726,521.5,1.0802777417143896,5.0,1,Moving,0,0,0,0,0,VALID,VALID
92H-02687,2026-08-16 15:48:00,519.8,68,0.016666666666666666,,,"Cao tốc Đà Nẵng-Quảng Ngãi, Xã Núi Thành, TP Đà Nẵng",,2.0,1,0,-0.40000000000009095,-0.20000000000004547,520.5,0.8561541912780865,5.0,1,Moving,0,0,0,0,0,VALID,VALID
92H-02687,2026-08-16 15:50:00,518.9,67,-0.008333333333333333,,,"Cao tốc Đà Nẵng-Quảng Ngãi, Xã Núi Thành, TP Đà Nẵng",,2.0,1,0,-0.8999999999999773,-0.44999999999998863,520.2,0.9523654756670589,5.0,1,Moving,0,0,0,0,0,VALID,VALID
92H-02687,2026-08-16 15:52:00,518.6,69,0.016666666666666666,,,"Cao tốc Đà Nẵng-Quảng Ngãi, Xã Núi Thành, TP Đà Nẵng",,2.0,1,0,-0.2999999999999545,-0.14999999999997726,519.8,0.8215838357963949,5.0,1,Moving,0,0,0,0,0,VALID,VALID
92H-02687,2026-08-16 15:54:00,518.3,70,0.008333333333333333,,,"Cao tốc Đà Nẵng-Quảng Ngãi, Xã Bình Sơn, Tỉnh Quảng Ngãi",,2.0,1,0,-0.3000000000000682,-0.1500000000000341,518.9,0.8080841535641181,5.0,1,Moving,0,0,0,0,0,VALID,VALID
92H-02687,2026-08-16 15:56:00,517.1,72,0.016666666666666666,,,"Cao tốc Đà Nẵng-Quảng Ngãi, Xã Bình Sơn, Tỉnh Quảng Ngãi",,2.0,1,0,-1.1999999999999318,-0.5999999999999659,518.6,0.9813256336408657,5.0,1,Moving,0,0,0,0,0,VALID,VALID
92H-02687,2026-08-16 15:58:00,515.8,75,0.025,,,"Cao tốc Đà Nẵng-Quảng Ngãi, Xã Bình Sơn, Tỉnh Quảng Ngãi",,2.0,1,0,-1.3000000000000682,-0.6500000000000341,518.3,1.2817956152366212,5.0,1,Moving,0,0,0,0,0,VALID,VALID
92H-02687,2026-08-16 16:00:00,515.5,78,0.025,,,"Cao tốc Đà Nẵng-Quảng Ngãi, Xã Bình Sơn, Tỉnh Quảng Ngãi",,2.0,1,0,-0.2999999999999545,-0.14999999999997726,517.1,1.4081903277750254,5.0,1,Moving,0,0,0,0,0,VALID,VALID
92H-02687,2026-08-16 16:02:00,514.6,55,-0.19166666666666668,,,"Cao tốc Đà Nẵng-Quảng Ngãi, Xã Bình Sơn, Tỉnh Quảng Ngãi",,2.0,1,0,-0.8999999999999773,-0.44999999999998863,515.8,1.4501724032811822,5.0,1,Moving,0,0,0,0,0,VALID,VALID
92H-02687,2026-08-16 16:04:00,514.6,61,0.05,,,"Cao tốc Đà Nẵng-Quảng Ngãi, Xã Thọ Phong, Tỉnh Quảng Ngãi",,2.0,1,0,0.0,0.0,515.5,1.032956920320348,5.0,1,Moving,0,0,0,0,0,VALID,VALID
92H-02687,2026-08-16 16:06:00,512.6,82,0.175,,,"Cao tốc Đà Nẵng-Quảng Ngãi, Xã Thọ Phong, Tỉnh Quảng Ngãi",,2.0,1,0,-2.0,-1.0,514.6,1.2497999836921316,5.0,1,Moving,0,0,0,0,0,VALID,VALID
92H-02687,2026-08-16 16:08:00,509.8,77,-0.041666666666666664,,,"Cao tốc Đà Nẵng-Quảng Ngãi, Xã Thọ Phong, Tỉnh Quảng Ngãi",,2.0,1,0,-2.8000000000000114,-1.4000000000000057,514.6,2.2851695777853798,5.0,1,Moving,0,0,0,0,0,VALID,VALID
92H-02687,2026-08-16 16:10:00,509.8,82,0.041666666666666664,,,"Cao tốc Đà Nẵng-Quảng Ngãi, Xã Thọ Phong, Tỉnh Quảng Ngãi",,2.0,1,0,0.0,0.0,512.6,2.406657432879619,5.0,1,Moving,0,0,0,0,0,VALID,VALID
92H-02687,2026-08-16 16:12:00,509.6,80,-0.016666666666666666,,,"Cao tốc Đà Nẵng-Quảng Ngãi, Xã Sơn Tịnh, Tỉnh Quảng Ngãi",,2.0,1,0,-0.19999999999998863,-0.09999999999999432,509.8,2.234278406831552,5.0,1,Moving,0,0,0,0,0,VALID,VALID
92H-02687,2026-08-16 16:14:00,508.3,76,-0.03333333333333333,,,"Cao tốc Đà Nẵng-Quảng Ngãi, Xã Nghĩa Giang, Tỉnh Quảng Ngãi",,2.0,1,0,-1.3000000000000114,-0.6500000000000057,509.8,1.5722595203186158,5.0,1,Moving,0,0,0,0,0,VALID,VALID
92H-02687,2026-08-16 16:16:00,507.3,66,-0.08333333333333333,,,"Cao tốc Đà Nẵng-Quảng Ngãi, Xã Nghĩa Giang, Tỉnh Quảng Ngãi",,2.0,1,0,-1.0,-0.5,509.6,1.119374825173195,5.0,1,Moving,0,0,0,0,0,VALID,VALID
92H-02687,2026-08-16 16:18:00,507.0,69,0.025,,,"Cao tốc Quảng Ngãi-Hoài Nhơn, Xã Nghĩa Giang, Tỉnh Quảng Ngãi",,2.0,1,0,-0.30000000000001137,-0.15000000000000568,508.3,1.2825755335382814,5.0,1,Moving,0,0,0,0,0,VALID,VALID
92H-02687,2026-08-16 16:20:00,506.7,73,0.03333333333333333,,,"Cao tốc Quảng Ngãi-Hoài Nhơn, Xã Nghĩa Giang, Tỉnh Quảng Ngãi",,2.0,1,0,-0.30000000000001137,-0.15000000000000568,507.3,1.181947545041846,5.0,1,Moving,0,0,0,0,0,VALID,VALID
92H-02687,2026-08-16 16:22:00,505.5,74,0.008333333333333333,,,"Cao tốc Quảng Ngãi-Hoài Nhơn, Xã Phước Giang, Tỉnh Quảng Ngãi",,2.0,1,0,-1.1999999999999886,-0.5999999999999943,507.0,1.0139033480710409,5.0,1,Moving,0,0,0,0,0,VALID,VALID
92H-02687,2026-08-16 16:24:00,505.2,78,0.03333333333333333,,,"Cao tốc Quảng Ngãi-Hoài Nhơn, Xã Phước Giang, Tỉnh Quảng Ngãi",,2.0,1,0,-0.30000000000001137,-0.15000000000000568,506.7,0.9343446897313119,5.0,1,Moving,0,0,0,0,0,VALID,VALID
92H-02687,2026-08-16 16:26:00,503.9,78,0.0,,,"Cao tốc Quảng Ngãi-Hoài Nhơn, Xã Phước Giang, Tỉnh Quảng Ngãi",,2.0,1,0,-1.3000000000000114,-0.6500000000000057,505.5,1.2461942060644116,5.0,1,Moving,0,0,0,0,0,VALID,VALID
92H-02687,2026-08-16 16:28:00,503.6,77,-0.008333333333333333,,,"Cao tốc Quảng Ngãi-Hoài Nhơn, Xã Đình Cương, Tỉnh Quảng Ngãi",,2.0,1,0,-0.2999999999999545,-0.14999999999997726,505.2,1.2597618819554173,5.0,1,Moving,0,0,0,0,0,VALID,VALID
92H-02687,2026-08-16 16:30:00,502.3,78,0.008333333333333333,,,"Cao tốc Quảng Ngãi-Hoài Nhơn, Xã Đình Cương, Tỉnh Quảng Ngãi",,2.0,1,0,-1.3000000000000114,-0.6500000000000057,503.9,1.294217910255842,5.0,1,Moving,0,0,0,0,0,VALID,VALID
92H-02687,2026-08-16 16:32:00,502.2,70,-0.06666666666666667,,,"Cao tốc Quảng Ngãi-Hoài Nhơn, Xã Đình Cương, Tỉnh Quảng Ngãi",,2.0,1,0,-0.10000000000002274,-0.05000000000001137,503.6,1.2421755106370473,5.0,1,Moving,0,0,0,0,0,VALID,VALID
92H-02687,2026-08-16 16:34:00,500.8,74,0.03333333333333333,,,"Cao tốc Quảng Ngãi-Hoài Nhơn, Xã Mộ Đức, Tỉnh Quảng Ngãi",,2.0,1,0,-1.3999999999999773,-0.6999999999999886,502.3,1.2421755106367351,5.0,1,Moving,0,0,0,0,0,VALID,VALID
92H-02687,2026-08-16 16:36:00,500.5,75,0.008333333333333333,,,"Cao tốc Quảng Ngãi-Hoài Nhơn, Xã Mộ Đức, Tỉnh Quảng Ngãi",,2.0,1,0,-0.30000000000001137,-0.15000000000000568,502.2,1.2557866057675031,5.0,1,Moving,0,0,0,0,0,VALID,VALID
92H-02687,2026-08-16 16:38:00,499.5,76,0.008333333333333333,,,"Cao tốc Quảng Ngãi-Hoài Nhơn, Xã Mộ Đức, Tỉnh Quảng Ngãi",,2.0,1,0,-1.0,-0.5,500.8,1.1886967650432796,5.0,1,Moving,0,0,0,0,0,VALID,VALID
92H-02687,2026-08-16 16:40:00,497.7,74,-0.016666666666666666,,,"Cao tốc Quảng Ngãi-Hoài Nhơn, Xã Lân Phong, Tỉnh Quảng Ngãi",,2.0,1,0,-1.8000000000000114,-0.9000000000000057,500.5,1.6712270938515643,5.0,1,Moving,0,0,0,0,0,VALID,VALID
92H-02687,2026-08-16 16:42:00,496.9,71,-0.025,,,"Cao tốc Quảng Ngãi-Hoài Nhơn, Xã Lân Phong, Tỉnh Quảng Ngãi",,2.0,1,0,-0.8000000000000114,-0.4000000000000057,499.5,1.7181385273669385,5.0,1,Moving,0,0,0,0,0,VALID,VALID
92H-02687,2026-08-16 16:44:00,496.0,73,0.016666666666666666,,,"Cao tốc Quảng Ngãi-Hoài Nhơn, Xã Nguyễn Nghiêm, Tỉnh Quảng Ngãi",,2.0,1,0,-0.8999999999999773,-0.44999999999998863,497.7,1.8525657880954485,5.0,1,Moving,0,0,0,0,0,VALID,VALID
92H-02687,2026-08-16 16:46:00,495.8,73,0.0,,,"Cao tốc Quảng Ngãi-Hoài Nhơn, Xã Nguyễn Nghiêm, Tỉnh Quảng Ngãi",,2.0,1,0,-0.19999999999998863,-0.09999999999999432,496.9,1.5023315210767536,5.0,1,Moving,0,0,0,0,0,VALID,VALID
92H-02687,2026-08-16 16:48:00,494.8,75,0.016666666666666666,,,"Cao tốc Quảng Ngãi-Hoài Nhơn, Xã Nguyễn Nghiêm, Tỉnh Quảng Ngãi",,2.0,1,0,-1.0,-0.5,496.0,1.105893303723223,5.0,1,Moving,0,0,0,0,0,VALID,VALID
92H-02687,2026-08-16 16:50:00,494.5,74,-0.008333333333333333,,,"Cao tốc Quảng Ngãi-Hoài Nhơn, Phường Đức Phổ, Tỉnh Quảng Ngãi",,2.0,1,0,-0.30000000000001137,-0.15000000000000568,495.8,0.9669539798869834,5.0,1,Moving,0,0,0,0,0,VALID,VALID
92H-02687,2026-08-16 16:52:00,492.9,67,-0.058333333333333334,,,"Cao tốc Quảng Ngãi-Hoài Nhơn, Phường Đức Phổ, Tỉnh Quảng Ngãi",,2.0,1,0,-1.6000000000000227,-0.8000000000000114,494.8,1.2389511690210206,5.0,1,Moving,0,0,0,0,0,VALID,VALID
92H-02687,2026-08-16 16:54:00,492.0,72,0.041666666666666664,,,"Cao tốc Quảng Ngãi-Hoài Nhơn, Phường Đức Phổ, Tỉnh Quảng Ngãi",,2.0,1,0,-0.8999999999999773,-0.44999999999998863,494.5,1.5280706787376792,5.0,1,Moving,0,0,0,0,0,VALID,VALID
92H-02687,2026-08-16 16:56:00,491.7,72,0.0,,,"Cao tốc Quảng Ngãi-Hoài Nhơn, Xã Khánh Cường, Tỉnh Quảng Ngãi",,2.0,1,0,-0.30000000000001137,-0.15000000000000568,492.9,1.4166862740978046,5.0,1,Moving,0,0,0,0,0,VALID,VALID
92H-02687,2026-08-16 16:58:00,489.7,76,0.03333333333333333,,,"Cao tốc Quảng Ngãi-Hoài Nhơn, Xã Khánh Cường, Tỉnh Quảng Ngãi",,2.0,1,0,-2.0,-1.0,492.0,1.7544229818422592,5.0,1,Moving,0,0,0,0,0,VALID,VALID
92H-02687,2026-08-16 17:00:00,489.7,79,0.025,,,"Cao tốc Quảng Ngãi-Hoài Nhơn, Xã Khánh Cường, Tỉnh Quảng Ngãi",,2.0,1,0,0.0,0.0,491.7,1.4387494567211847,5.0,1,Moving,0,0,0,0,0,VALID,VALID
92H-02687,2026-08-16 17:02:00,489.4,27,-0.43333333333333335,,,"Cao tốc Quảng Ngãi-Hoài Nhơn, Xã Khánh Cường, Tỉnh Quảng Ngãi",,2.0,1,0,-0.30000000000001137,-0.15000000000000568,489.7,1.2429802891498083,5.0,1,Moving,0,0,0,0,0,VALID,VALID
92H-02687,2026-08-16 17:04:00,489.7,0,-0.225,,,"Cao tốc Quảng Ngãi-Hoài Nhơn, Xã Khánh Cường, Tỉnh Quảng Ngãi",,2.0,1,0,0.30000000000001137,0.15000000000000568,489.7,0.9370165415906669,5.0,1,Stopped,0,0,0,0,0,VALID,VALID
92H-02687,2026-08-16 17:06:00,488.3,0,0.0,,,"Cao tốc Quảng Ngãi-Hoài Nhơn, Xã Khánh Cường, Tỉnh Quảng Ngãi",,2.0,1,0,-1.3999999999999773,-0.6999999999999886,489.7,0.6066300348762049,5.0,1,Stopped,0,0,0,0,0,VALID,VALID
92H-02687,2026-08-16 17:08:00,485.3,0,0.0,,,"Cao tốc Quảng Ngãi-Hoài Nhơn, Phường Hoài Nhơn Bắc, Tỉnh Gia Lai",,2.0,1,0,-3.0,-1.5,489.4,1.8686893800771303,5.0,1,Stopped,0,0,0,0,0,VALID,VALID
92H-02687,2026-08-16 17:10:00,481.1,73,0.6083333333333333,,,"Cao tốc Quảng Ngãi-Hoài Nhơn, Phường Hoài Nhơn Bắc, Tỉnh Gia Lai",,2.0,1,0,-4.199999999999989,-2.0999999999999943,488.3,3.610817081937447,5.0,1,Moving,0,0,0,0,0,VALID,VALID
92H-02687,2026-08-16 17:12:00,482.0,77,0.03333333333333333,,,"Cao tốc Quảng Ngãi-Hoài Nhơn, Phường Hoài Nhơn Bắc, Tỉnh Gia Lai",,2.0,1,0,0.8999999999999773,0.44999999999998863,485.3,3.7712067033258543,5.0,1,Moving,0,0,0,0,0,VALID,VALID
92H-02687,2026-08-16 17:14:00,482.2,76,-0.008333333333333333,,,"Cao tốc Quảng Ngãi-Hoài Nhơn, Phường Hoài Nhơn Bắc, Tỉnh Gia Lai",,2.0,1,0,0.19999999999998863,0.09999999999999432,482.2,2.982783934382198,5.0,1,Moving,0,0,0,0,0,VALID,VALID
92H-02687,2026-08-16 17:16:00,482.0,76,0.0,,,"Cao tốc Quảng Ngãi-Hoài Nhơn, Phường Tam Quan, Tỉnh Gia Lai",,2.0,1,0,-0.19999999999998863,-0.09999999999999432,482.0,1.6115210204050499,5.0,1,Moving,0,0,0,0,0,VALID,VALID
92H-02687,2026-08-16 17:18:00,481.7,70,-0.05,,,"Cao tốc Quảng Ngãi-Hoài Nhơn, Phường Hoài Nhơn Tây, Tỉnh Gia Lai",,2.0,1,0,-0.30000000000001137,-0.15000000000000568,482.0,0.4301162624298879,5.0,1,Moving,0,0,0,0,0,VALID,VALID
92H-02687,2026-08-16 17:20:00,480.7,71,0.008333333333333333,,,"Cao tốc Quảng Ngãi-Hoài Nhơn, Phường Hoài Nhơn Tây, Tỉnh Gia Lai",,2.0,1,0,-1.0,-0.5,482.0,0.5974947691876465,5.0,1,Moving,0,0,0,0,0,VALID,VALID
92H-02687,2026-08-16 17:22:00,479.8,66,-0.041666666666666664,,,"Cao tốc Quảng Ngãi-Hoài Nhơn, Phường Hoài Nhơn, Tỉnh Gia Lai",,2.0,1,0,-0.8999999999999773,-0.44999999999998863,481.7,1.0084641784447164,5.0,1,Moving,0,0,0,0,0,VALID,VALID
92H-02687,2026-08-16 17:24:00,478.8,68,0.016666666666666666,,,"Cao tốc Quảng Ngãi-Hoài Nhơn, Phường Hoài Nhơn, Tỉnh Gia Lai",,2.0,1,0,-1.0,-0.5,480.7,1.328533025259648,5.0,1,Moving,0,0,0,0,0,VALID,VALID
92H-02687,2026-08-16 17:26:00,477.8,74,0.05,,,"Cao tốc Quảng Ngãi-Hoài Nhơn, Phường Hoài Nhơn Nam, Tỉnh Gia Lai",,2.0,1,0,-1.0,-0.5,479.8,1.5339491514404182,5.0,1,Moving,0,0,0,0,0,VALID,VALID
92H-02687,2026-08-16 17:28:00,477.6,73,-0.008333333333333333,,,"Cao tốc Quảng Ngãi-Hoài Nhơn, Phường Hoài Nhơn Nam, Tỉnh Gia Lai",,2.0,1,0,-0.19999999999998863,-0.09999999999999432,478.8,1.3183322795122911,5.0,1,Moving,0,0,0,0,0,VALID,VALID
92H-02687,2026-08-16 17:30:00,476.4,78,0.041666666666666664,,,"Cao tốc Quảng Ngãi-Hoài Nhơn, Phường Bồng Sơn, Tỉnh Gia Lai",,2.0,1,0,-1.2000000000000455,-0.6000000000000227,477.8,1.2853015207348581,5.0,1,Moving,0,0,0,0,0,VALID,VALID
92H-02687,2026-08-16 17:32:00,475.3,76,-0.016666666666666666,,,"Cao tốc Hoài Nhơn-Quy Nhơn, Xã Vạn Đức, Tỉnh Gia Lai",,2.0,1,0,-1.099999999999966,-0.549999999999983,477.6,1.3535139449604738,5.0,1,Moving,0,0,0,0,0,VALID,VALID
92H-02687,2026-08-16 17:34:00,475.1,73,-0.025,,,"Tỉnh Lộ 630, Xã Hoài Ân, Tỉnh Gia Lai",,2.0,1,0,-0.19999999999998863,-0.09999999999999432,476.4,1.2541929672908065,5.0,1,Moving,0,0,0,0,0,VALID,VALID
92H-02687,2026-08-16 17:36:00,474.1,73,0.0,,,"Cao tốc Hoài Nhơn-Quy Nhơn, Xã Hoài Ân, Tỉnh Gia Lai",,2.0,1,0,-1.0,-0.5,475.3,1.3397761003992243,5.0,1,Moving,0,0,0,0,0,VALID,VALID
92H-02687,2026-08-16 17:38:00,473.1,56,-0.14166666666666666,,,"Cao tốc Hoài Nhơn-Quy Nhơn, Xã Hoài Ân, Tỉnh Gia Lai",,2.0,1,0,-1.0,-0.5,475.1,1.2529964082949068,5.0,1,Moving,0,0,0,0,0,VALID,VALID
92H-02687,2026-08-16 17:40:00,472.9,58,0.016666666666666666,,,"Cao tốc Hoài Nhơn-Quy Nhơn, Xã Hoài Ân, Tỉnh Gia Lai",,2.0,1,0,-0.20000000000004547,-0.10000000000002274,474.1,1.1045361013562276,5.0,1,Moving,0,0,0,0,0,VALID,VALID
92H-02687,2026-08-16 17:42:00,471.4,68,0.08333333333333333,,,"Cao tốc Hoài Nhơn-Quy Nhơn, Xã Hoài Ân, Tỉnh Gia Lai",,2.0,1,0,-1.5,-0.75,473.1,1.3863621457607527,5.0,1,Moving,0,0,0,0,0,VALID,VALID
92H-02687,2026-08-16 17:44:00,470.1,68,0.0,,,"Cao tốc Hoài Nhơn-Quy Nhơn, Xã Hoài Ân, Tỉnh Gia Lai",,2.0,1,0,-1.2999999999999545,-0.6499999999999773,472.9,1.5722595203073702,5.0,1,Moving,0,0,0,0,0,VALID,VALID
92H-02687,2026-08-16 17:46:00,470.1,35,-0.275,,,"Cao tốc Hoài Nhơn-Quy Nhơn, Xã Hoài Ân, Tỉnh Gia Lai",,2.0,1,0,0.0,0.0,471.4,1.4532721696902475,5.0,1,Moving,0,0,0,0,0,VALID,VALID
92H-02687,2026-08-16 17:48:00,470.1,48,0.10833333333333334,,,"Cao tốc Hoài Nhơn-Quy Nhơn, Xã Hoài Ân, Tỉnh Gia Lai",,2.0,1,0,0.0,0.0,470.1,1.2417729257780916,5.0,1,Moving,0,0,0,0,0,VALID,VALID
92H-02687,2026-08-16 17:50:00,468.5,74,0.21666666666666667,,,"Cao tốc Hoài Nhơn-Quy Nhơn, Xã Phù Mỹ Tây, Tỉnh Gia Lai",,2.0,1,0,-1.6000000000000227,-0.8000000000000114,470.1,1.0285912692583659,5.0,1,Moving,0,0,0,0,0,VALID,VALID
92H-02687,2026-08-16 17:52:00,465.6,78,0.03333333333333333,,,"Cao tốc Hoài Nhơn-Quy Nhơn, Xã Phù Mỹ Tây, Tỉnh Gia Lai",,2.0,1,0,-2.8999999999999773,-1.4499999999999886,470.1,1.9601020379544807,5.0,1,Moving,0,0,0,0,0,VALID,VALID
92H-02687,2026-08-16 17:54:00,464.3,68,-0.08333333333333333,,,"Cao tốc Hoài Nhơn-Quy Nhơn, Xã Phù Mỹ Tây, Tỉnh Gia Lai",,2.0,1,0,-1.3000000000000114,-0.6500000000000057,468.5,2.6517918468824155,5.0,1,Moving,0,0,0,0,0,VALID,VALID
92H-02687,2026-08-16 17:56:00,464.3,74,0.05,,,"Cao tốc Hoài Nhơn-Quy Nhơn, Xã Phù Mỹ Tây, Tỉnh Gia Lai",,2.0,1,0,0.0,0.0,465.6,2.618778340980907,5.0,1,Moving,0,0,0,0,0,VALID,VALID
92H-02687,2026-08-16 17:58:00,464.1,75,0.008333333333333333,,,"Cao tốc Hoài Nhơn-Quy Nhơn, Xã Phù Mỹ Tây, Tỉnh Gia Lai",,2.0,1,0,-0.19999999999998863,-0.09999999999999432,464.3,1.8541844566248817,5.0,1,Moving,0,0,0,0,0,VALID,VALID
92H-02687,2026-08-16 18:00:00,463.7,59,-0.13333333333333333,,,"Xã Phù Mỹ Nam, Tỉnh Gia Lai",,2.0,1,0,-0.4000000000000341,-0.20000000000001705,464.3,0.714142842285971,5.0,1,Moving,0,0,0,0,0,VALID,VALID
92H-02687,2026-08-16 18:02:00,462.8,69,0.08333333333333333,,,"Cao tốc Hoài Nhơn-Quy Nhơn, Xã Phù Mỹ Nam, Tỉnh Gia Lai",,2.0,1,0,-0.8999999999999773,-0.44999999999998863,464.1,0.6308724111796794,5.0,1,Moving,0,0,0,0,0,VALID,VALID
92H-02687,2026-08-16 18:04:00,462.6,72,0.025,,,"Cao tốc Hoài Nhơn-Quy Nhơn, Xã Phù Mỹ Nam, Tỉnh Gia Lai",,2.0,1,0,-0.19999999999998863,-0.09999999999999432,463.7,0.764852926507622,5.0,1,Moving,0,0,0,0,0,VALID,VALID
92H-02687,2026-08-16 18:06:00,461.6,70,-0.016666666666666666,,,"Cao tốc Hoài Nhơn-Quy Nhơn, Xã Hòa Hội, Tỉnh Gia Lai",,2.0,1,0,-1.0,-0.5,462.8,0.9813256336133582,5.0,1,Moving,0,0,0,0,0,VALID,VALID
92H-02687,2026-08-16 18:08:00,461.3,68,-0.016666666666666666,,,"Cao tốc Hoài Nhơn-Quy Nhơn, Xã Hòa Hội, Tỉnh Gia Lai",,2.0,1,0,-0.30000000000001137,-0.15000000000000568,462.6,0.9669539798698094,5.0,1,Moving,0,0,0,0,0,VALID,VALID
92H-02687,2026-08-16 18:10:00,460.3,66,-0.016666666666666666,,,"Cao tốc Hoài Nhơn-Quy Nhơn, Xã Hòa Hội, Tỉnh Gia Lai",,2.0,1,0,-1.0,-0.5,461.6,1.0183319690480834,5.0,1,Moving,0,0,0,0,0,VALID,VALID
92H-02687,2026-08-16 18:12:00,459.1,64,-0.016666666666666666,,,"Cao tốc Hoài Nhơn-Quy Nhơn, Xã Hòa Hội, Tỉnh Gia Lai",,2.0,1,0,-1.1999999999999886,-0.5999999999999943,461.3,1.3330416344527758,5.0,1,Moving,0,0,0,0,0,VALID,VALID
92H-02687,2026-08-16 18:14:00,458.8,65,0.008333333333333333,,,"Cao tốc Hoài Nhơn-Quy Nhơn, Xã Bình Hiệp, Tỉnh Gia Lai",,2.0,1,0,-0.30000000000001137,-0.15000000000000568,460.3,1.2597618819378884,5.0,1,Moving,0,0,0,0,0,VALID,VALID
92H-02687,2026-08-16 18:16:00,458.5,68,0.025,,,"Cao tốc Hoài Nhơn-Quy Nhơn, Xã Bình Hiệp, Tỉnh Gia Lai",,2.0,1,0,-0.30000000000001137,-0.15000000000000568,459.1,1.1704699907229519,5.0,1,Moving,0,0,0,0,0,VALID,VALID
92H-02687,2026-08-16 18:18:00,457.3,69,0.008333333333333333,,,"Cao tốc Hoài Nhơn-Quy Nhơn, Xã Bình Hiệp, Tỉnh Gia Lai",,2.0,1,0,-1.1999999999999886,-0.5999999999999943,458.8,1.0816653822611149,5.0,1,Moving,0,0,0,0,0,VALID,VALID
92H-02687,2026-08-16 18:20:00,456.2,68,-0.008333333333333333,,,"Xã Bình Hiệp, Tỉnh Gia Lai",,2.0,1,0,-1.1000000000000227,-0.5500000000000114,458.5,1.207062549821333,5.0,1,Moving,0,0,0,0,0,VALID,VALID
92H-02687,2026-08-16 18:22:00,456.2,72,0.03333333333333333,,,"Xã Bình An, Tỉnh Gia Lai",,2.0,1,0,0.0,0.0,457.3,1.2308533621762414,5.0,1,Moving,0,0,0,0,0,VALID,VALID
92H-02687,2026-08-16 18:24:00,455.3,69,-0.025,,,"Cao tốc Hoài Nhơn-Quy Nhơn, Phường Bình Định, Tỉnh Gia Lai",,2.0,1,0,-0.8999999999999773,-0.44999999999998863,456.2,1.2308533621759443,5.0,1,Moving,0,0,0,0,0,VALID,VALID
92H-02687,2026-08-16 18:26:00,454.3,68,-0.008333333333333333,,,"Cao tốc Hoài Nhơn-Quy Nhơn, Xã An Nhơn Tây, Tỉnh Gia Lai",,2.0,1,0,-1.0,-0.5,456.2,1.1238327274016222,5.0,1,Moving,0,0,0,0,0,VALID,VALID
92H-02687,2026-08-16 18:28:00,454.1,71,0.025,,,"Xã An Nhơn Tây, Tỉnh Gia Lai",,2.0,1,0,-0.19999999999998863,-0.09999999999999432,455.3,1.0034938959347743,5.0,1,Moving,0,0,0,0,0,VALID,VALID
92H-02687,2026-08-16 18:30:00,452.9,67,-0.03333333333333333,,,"Phường An Nhơn Nam, Tỉnh Gia Lai",,2.0,1,0,-1.2000000000000455,-0.6000000000000227,454.3,1.2521980670715815,5.0,1,Moving,0,0,0,0,0,VALID,VALID
92H-02687,2026-08-16 18:32:00,451.9,0,-0.5583333333333333,,,"Phường An Nhơn Nam, Tỉnh Gia Lai",,2.0,1,0,-1.0,-0.5,454.1,1.3190905955153742,5.0,1,Stopped,0,0,0,0,0,VALID,VALID
92H-02687,2026-08-16 18:34:00,451.0,0,0.0,,,"Quốc Lộ 19, Phường An Nhơn Nam, Tỉnh Gia Lai",,2.0,1,0,-0.8999999999999773,-0.44999999999998863,452.9,1.4135062784354113,5.0,1,Stopped,0,0,0,0,0,VALID,VALID
92H-02687,2026-08-16 18:37:00,450.7,0,0.0,,,"Quốc Lộ 19, Phường An Nhơn Nam, Tỉnh Gia Lai",,3.0,1,0,-0.30000000000001137,-0.1000000000000038,451.9,1.400714103297207,5.0,1,Stopped,0,0,0,0,0,VALID,VALID
92H-02687,2026-08-16 18:39:00,450.7,0,0.0,,,"Quốc Lộ 19, Phường An Nhơn Nam, Tỉnh Gia Lai",,2.0,1,0,0.0,0.0,451.0,0.9528903395328768,5.0,1,Stopped,0,0,0,0,0,VALID,VALID
92H-02687,2026-08-16 18:41:00,450.6,0,0.0,,,"Quốc Lộ 19, Phường An Nhơn Nam, Tỉnh Gia Lai",,2.0,1,0,-0.0999999999999659,-0.04999999999998295,450.7,0.5357238086688997,5.0,1,Stopped,0,0,0,0,0,VALID,VALID
92H-02687,2026-08-16 18:43:00,450.4,0,0.0,,,"Quốc Lộ 19, Phường An Nhơn Nam, Tỉnh Gia Lai",,2.0,1,0,-0.20000000000004547,-0.10000000000002274,450.7,0.21679483198288133,5.0,1,Stopped,0,0,0,0,0,VALID,VALID
92H-02687,2026-08-16 18:45:00,450.4,0,0.0,,,"Quốc Lộ 19, Phường An Nhơn Nam, Tỉnh Gia Lai",,2.0,1,0,0.0,0.0,450.6,0.15165750615906087,5.0,1,Stopped,0,0,0,0,0,VALID,VALID
92H-02687,2026-08-16 18:48:00,450.4,0,0.0,,,"Quốc Lộ 19, Phường An Nhơn Nam, Tỉnh Gia Lai",,3.0,1,0,0.0,0.0,450.4,0.1414213533181501,5.0,1,Stopped,0,0,0,0,0,VALID,VALID
92H-02687,2026-08-16 18:50:00,450.3,0,0.0,,,"Quốc Lộ 19, Phường An Nhơn Nam, Tỉnh Gia Lai",,2.0,1,0,-0.0999999999999659,-0.04999999999998295,450.4,0.10954450773211452,5.0,1,Stopped,0,0,0,0,0,VALID,VALID
92H-02687,2026-08-16 18:52:00,450.3,0,0.0,,,"Quốc Lộ 19, Phường An Nhơn Nam, Tỉnh Gia Lai",,2.0,1,0,0.0,0.0,450.4,0.05477224821221337,5.0,1,Stopped,0,0,0,0,0,VALID,VALID
92H-02687,2026-08-16 18:54:00,450.3,0,0.0,,,"Quốc Lộ 19, Phường An Nhơn Nam, Tỉnh Gia Lai",,2.0,1,0,0.0,0.0,450.3,0.05477224821205769,5.0,1,Stopped,0,0,0,0,0,VALID,VALID
92H-02687,2026-08-16 18:56:00,450.3,0,0.0,,,"Quốc Lộ 19, Phường An Nhơn Nam, Tỉnh Gia Lai",,2.0,1,0,0.0,0.0,450.3,0.04472135031710845,5.0,1,Stopped,0,0,0,0,0,VALID,VALID
92H-02687,2026-08-16 18:58:00,450.3,0,0.0,,,"Quốc Lộ 19, Phường An Nhơn Nam, Tỉnh Gia Lai",,2.0,1,0,0.0,0.0,450.3,0.0,5.0,1,Stopped,0,0,0,0,0,VALID,VALID
92H-02687,2026-08-16 19:01:00,450.3,0,0.0,,,"Quốc Lộ 19, Phường An Nhơn Nam, Tỉnh Gia Lai",,3.0,1,0,0.0,0.0,450.3,0.0,5.0,1,Stopped,0,0,0,0,0,VALID,VALID
92H-02687,2026-08-16 19:03:00,450.3,0,0.0,,,"Quốc Lộ 19, Phường An Nhơn Nam, Tỉnh Gia Lai",,2.0,1,0,0.0,0.0,450.3,0.0,5.0,1,Stopped,0,0,0,0,0,VALID,VALID
92H-02687,2026-08-16 19:05:00,450.3,0,0.0,,,"Quốc Lộ 19, Phường An Nhơn Nam, Tỉnh Gia Lai",,2.0,1,0,0.0,0.0,450.3,0.0,5.0,1,Stopped,0,0,0,0,0,VALID,VALID
92H-02687,2026-08-16 19:07:00,450.3,0,0.0,,,"Quốc Lộ 19, Phường An Nhơn Nam, Tỉnh Gia Lai",,2.0,1,0,0.0,0.0,450.3,0.0,5.0,1,Stopped,0,0,0,0,0,VALID,VALID
92H-02687,2026-08-16 19:09:00,450.3,0,0.0,,,"Quốc Lộ 19, Phường An Nhơn Nam, Tỉnh Gia Lai",,2.0,1,0,0.0,0.0,450.3,0.0,5.0,1,Stopped,0,0,0,0,0,VALID,VALID
92H-02687,2026-08-16 19:12:00,450.3,0,0.0,,,"Quốc Lộ 19, Phường An Nhơn Nam, Tỉnh Gia Lai",,3.0,1,0,0.0,0.0,450.3,0.0,5.0,1,Stopped,0,0,0,0,0,VALID,VALID
92H-02687,2026-08-16 19:14:00,450.3,0,0.0,,,"Quốc Lộ 19, Phường An Nhơn Nam, Tỉnh Gia Lai",,2.0,1,0,0.0,0.0,450.3,0.0,5.0,1,Stopped,0,0,0,0,0,VALID,VALID
92H-02687,2026-08-16 19:16:00,450.3,0,0.0,,,"Quốc Lộ 19, Phường An Nhơn Nam, Tỉnh Gia Lai",,2.0,1,0,0.0,0.0,450.3,0.0,5.0,1,Stopped,0,0,0,0,0,VALID,VALID
92H-02687,2026-08-16 19:18:00,450.3,0,0.0,,,"Quốc Lộ 19, Phường An Nhơn Nam, Tỉnh Gia Lai",,2.0,1,0,0.0,0.0,450.3,0.0,5.0,1,Stopped,0,0,0,0,0,VALID,VALID
92H-02687,2026-08-16 19:20:00,450.3,0,0.0,,,"Quốc Lộ 19, Phường An Nhơn Nam, Tỉnh Gia Lai",,2.0,1,0,0.0,0.0,450.3,0.0,5.0,1,Stopped,0,0,0,0,0,VALID,VALID
92H-02687,2026-08-16 19:22:00,450.3,0,0.0,,,"Quốc Lộ 19, Phường An Nhơn Nam, Tỉnh Gia Lai",,2.0,1,0,0.0,0.0,450.3,0.0,5.0,1,Stopped,0,0,0,0,0,VALID,VALID
92H-02687,2026-08-16 19:25:00,450.3,0,0.0,,,"Quốc Lộ 19, Phường An Nhơn Nam, Tỉnh Gia Lai",,3.0,1,0,0.0,0.0,450.3,0.0,5.0,1,Stopped,0,0,0,0,0,VALID,VALID
92H-02687,2026-08-16 19:26:00,450.3,0,0.0,,,"Quốc Lộ 19, Phường An Nhơn Nam, Tỉnh Gia Lai",,1.0,1,0,0.0,0.0,450.3,0.0,5.0,1,Stopped,0,0,0,0,0,VALID,VALID
92H-02687,2026-08-16 19:28:00,450.4,32,0.26666666666666666,,,"Phường An Nhơn Nam, Tỉnh Gia Lai",,2.0,1,0,0.0999999999999659,0.04999999999998295,450.3,0.044721350317079855,5.0,1,Moving,0,0,0,0,0,VALID,VALID
92H-02687,2026-08-16 19:30:00,450.7,64,0.26666666666666666,,,"Phường An Nhơn Nam, Tỉnh Gia Lai",,2.0,1,0,0.30000000000001137,0.15000000000000568,450.3,0.17320507837312385,5.0,1,Moving,0,0,0,0,0,VALID,VALID
92H-02687,2026-08-16 19:32:00,450.6,37,-0.225,,,"Phường An Nhơn Nam, Tỉnh Gia Lai",,2.0,1,0,-0.0999999999999659,-0.04999999999998295,450.4,0.18165901897315345,5.0,1,Moving,0,0,0,0,0,VALID,VALID
92H-02687,2026-08-16 19:34:00,448.5,76,0.325,,,"Cao tốc Quy Nhơn–Chí Thạnh, Xã Tuy Phước Tây, Tỉnh Gia Lai",,2.0,1,0,-2.1000000000000227,-1.0500000000000114,450.4,0.9082951057745507,5.0,1,Moving,0,0,0,0,0,VALID,VALID
92H-02687,2026-08-16 19:36:00,446.8,64,-0.1,,,"Cao tốc Quy Nhơn–Chí Thạnh, Xã Tuy Phước Tây, Tỉnh Gia Lai",,2.0,1,0,-1.6999999999999886,-0.8499999999999943,450.4,1.7102631374070614,5.0,1,Moving,0,0,0,0,0,VALID,VALID
92H-02687,2026-08-16 19:38:00,446.8,70,0.05,,,"Xã Tuy Phước Tây, Tỉnh Gia Lai",,2.0,1,0,0.0,0.0,448.5,1.9279522813526597,5.0,1,Moving,0,0,0,0,0,VALID,VALID
92H-02687,2026-08-16 19:40:00,446.5,72,0.016666666666666666,,,"Cao tốc Quy Nhơn–Chí Thạnh, Xã Tuy Phước Tây, Tỉnh Gia Lai",,2.0,1,0,-0.30000000000001137,-0.15000000000000568,446.8,1.7329166163357026,5.0,1,Moving,0,0,0,0,0,VALID,VALID
92H-02687,2026-08-16 19:42:00,447.4,54,-0.15,,,"Phường Quy Nhơn Tây, Tỉnh Gia Lai",,2.0,1,0,0.8999999999999773,0.44999999999998863,446.8,0.7968688720058925,5.0,1,Moving,0,0,0,0,0,VALID,VALID
92H-02687,2026-08-16 19:44:00,445.3,58,0.03333333333333333,,,"Phường Quy Nhơn Tây, Tỉnh Gia Lai",,2.0,1,0,-2.099999999999966,-1.049999999999983,446.8,0.7765307457992684,5.0,1,Moving,0,0,0,0,0,VALID,VALID
92H-02687,2026-08-16 19:46:00,442.8,73,0.125,,,"Cao tốc Quy Nhơn–Chí Thạnh, Phường Quy Nhơn Tây, Tỉnh Gia Lai",,2.0,1,0,-2.5,-1.25,446.5,1.8229097616643244,5.0,1,Moving,0,0,0,0,0,VALID,VALID
92H-02687,2026-08-16 19:48:00,442.7,60,-0.10833333333333334,,,"Cao tốc Quy Nhơn–Chí Thạnh, Phường Quy Nhơn Tây, Tỉnh Gia Lai",,2.0,1,0,-0.10000000000002274,-0.05000000000001137,445.3,2.1337759955465385,5.0,1,Moving,0,0,0,0,0,VALID,VALID
92H-02687,2026-08-16 19:50:00,443.7,40,-0.16666666666666666,,,"Cao tốc Quy Nhơn–Chí Thạnh, Phường Quy Nhơn Tây, Tỉnh Gia Lai",,2.0,1,0,1.0,0.5,443.7,1.9841874909318202,5.0,1,Moving,0,0,0,0,0,VALID,VALID
92H-02687,2026-08-16 19:52:00,442.1,0,-0.3333333333333333,,,"Cao tốc Quy Nhơn–Chí Thạnh, Phường Quy Nhơn Tây, Tỉnh Gia Lai",,2.0,1,0,-1.599999999999966,-0.799999999999983,442.8,1.2457929198585636,5.0,1,Stopped,0,0,0,0,0,VALID,VALID
92H-02687,2026-08-16 19:54:00,438.2,55,0.4583333333333333,,,"Cao tốc Quy Nhơn–Chí Thạnh, Xã Xuân Lộc, Tỉnh Đắk Lắk",,2.0,1,0,-3.900000000000034,-1.950000000000017,442.7,2.145926373193843,5.0,1,Moving,0,0,0,0,0,VALID,VALID
92H-02687,2026-08-16 19:56:00,439.0,76,0.175,,,"Cao tốc Quy Nhơn–Chí Thạnh, Xã Xuân Lộc, Tỉnh Đắk Lắk",,2.0,1,0,0.8000000000000114,0.4000000000000057,442.1,2.404786892672279,5.0,1,Moving,0,0,0,0,0,VALID,VALID
92H-02687,2026-08-16 19:58:00,438.8,72,-0.03333333333333333,,,"Cao tốc Quy Nhơn–Chí Thạnh, Xã Xuân Lộc, Tỉnh Đắk Lắk",,2.0,1,0,-0.19999999999998863,-0.09999999999999432,439.0,2.404786892672187,5.0,1,Moving,0,0,0,0,0,VALID,VALID
92H-02687,2026-08-16 20:00:00,439.0,58,-0.11666666666666667,,,"Xã Xuân Lộc, Tỉnh Đắk Lắk",,2.0,1,0,0.19999999999998863,0.09999999999999432,439.0,1.5336231607430446,5.0,1,Moving,0,0,0,0,0,VALID,VALID
92H-02687,2026-08-16 20:02:00,438.7,46,-0.1,,,"Cao tốc Quy Nhơn–Chí Thạnh, Xã Xuân Lộc, Tỉnh Đắk Lắk",,2.0,1,0,-0.30000000000001137,-0.15000000000000568,438.8,0.32863353323585154,5.0,1,Moving,0,0,0,0,0,VALID,VALID
92H-02687,2026-08-16 20:04:00,438.7,46,0.0,,,"Cao tốc Quy Nhơn–Chí Thạnh, Xã Xuân Cảnh, Tỉnh Đắk Lắk",,2.0,1,0,0.0,0.0,438.8,0.15165750613514387,5.0,1,Moving,0,0,0,0,0,VALID,VALID
92H-02687,2026-08-16 20:06:00,437.7,69,0.19166666666666668,,,"Cao tốc Quy Nhơn–Chí Thạnh, Xã Xuân Cảnh, Tỉnh Đắk Lắk",,2.0,1,0,-1.0,-0.5,438.7,0.5069516734038577,5.0,1,Moving,0,0,0,0,0,VALID,VALID
92H-02687,2026-08-16 20:08:00,436.3,64,-0.041666666666666664,,,"Cao tốc Quy Nhơn–Chí Thạnh, Xã Xuân Cảnh, Tỉnh Đắk Lắk",,2.0,1,0,-1.3999999999999773,-0.6999999999999886,438.7,1.109954953665532,5.0,1,Moving,0,0,0,0,0,VALID,VALID
92H-02687,2026-08-16 20:10:00,432.1,57,-0.058333333333333334,,,"Cao tốc Quy Nhơn–Chí Thạnh, Xã Xuân Thọ, Tỉnh Đắk Lắk",,2.0,1,0,-4.199999999999989,-2.0999999999999943,437.7,2.753179979435733,5.0,1,Moving,0,0,0,0,0,VALID,VALID
92H-02687,2026-08-16 20:12:00,433.5,57,0.0,,,"Cao tốc Quy Nhơn–Chí Thạnh, Xã Xuân Thọ, Tỉnh Đắk Lắk",,2.0,1,0,1.3999999999999773,0.6999999999999886,436.3,2.790698837059478,5.0,1,Moving,0,0,0,0,0,VALID,VALID
92H-02687,2026-08-16 20:14:00,432.5,66,0.075,,,"Cao tốc Quy Nhơn–Chí Thạnh, Xã Xuân Thọ, Tỉnh Đắk Lắk",,2.0,1,0,-1.0,-0.5,433.5,2.460081299299752,5.0,1,Moving,0,0,0,0,0,VALID,VALID
92H-02687,2026-08-16 20:16:00,431.2,75,0.075,,,"Cao tốc Quy Nhơn–Chí Thạnh, Xã Xuân Thọ, Tỉnh Đắk Lắk",,2.0,1,0,-1.3000000000000114,-0.6500000000000057,432.5,1.9601020379468848,5.0,1,Moving,0,0,0,0,0,VALID,VALID
92H-02687,2026-08-16 20:18:00,431.3,45,-0.25,,,"Cao tốc Quy Nhơn–Chí Thạnh, Xã Xuân Thọ, Tỉnh Đắk Lắk",,2.0,1,0,0.10000000000002274,0.05000000000001137,432.1,0.944457515806192,5.0,1,Moving,0,0,0,0,0,VALID,VALID
92H-02687,2026-08-16 20:20:00,432.8,32,-0.10833333333333334,,,"Cao tốc Quy Nhơn–Chí Thạnh, Xã Xuân Thọ, Tỉnh Đắk Lắk",,2.0,1,0,1.5,0.75,432.5,0.9914635642134845,5.0,1,Moving,0,0,0,0,0,VALID,VALID
92H-02687,2026-08-16 20:22:00,429.9,54,0.18333333333333332,,,"Cao tốc Quy Nhơn–Chí Thạnh, Xã Xuân Thọ, Tỉnh Đắk Lắk",,2.0,1,0,-2.900000000000034,-1.450000000000017,431.3,1.1588787681040777,5.0,1,Moving,0,0,0,0,0,VALID,VALID
92H-02687,2026-08-16 20:24:00,427.8,61,0.058333333333333334,,,"Cao tốc Quy Nhơn–Chí Thạnh, Xã Xuân Thọ, Tỉnh Đắk Lắk",,2.0,1,0,-2.099999999999966,-1.049999999999983,431.2,1.872164522461044,5.0,1,Moving,0,0,0,0,0,VALID,VALID
92H-02687,2026-08-16 20:26:00,427.7,27,-0.2833333333333333,,,"Cao tốc Quy Nhơn–Chí Thạnh, Xã Xuân Thọ, Tỉnh Đắk Lắk",,2.0,1,0,-0.10000000000002274,-0.05000000000001137,429.9,2.2147234588456812,5.0,1,Moving,0,0,0,0,0,VALID,VALID
92H-02687,2026-08-16 20:28:00,429.1,42,0.125,,,"Xã Xuân Thọ, Tỉnh Đắk Lắk",,2.0,1,0,1.400000000000034,0.700000000000017,429.1,2.081585933647968,5.0,1,Moving,0,0,0,0,0,VALID,VALID
92H-02687,2026-08-16 20:30:00,429.1,35,-0.058333333333333334,,,"Cao tốc Quy Nhơn–Chí Thạnh, Xã Xuân Thọ, Tỉnh Đắk Lắk",,2.0,1,0,0.0,0.0,429.1,0.944457515805018,5.0,1,Moving,0,0,0,0,0,VALID,VALID
92H-02687,2026-08-16 20:32:00,423.7,75,0.3333333333333333,,,"Cao tốc Quy Nhơn–Chí Thạnh, Xã Tuy An Bắc, Tỉnh Đắk Lắk",,2.0,1,0,-5.400000000000034,-2.700000000000017,427.8,2.2185580901026247,5.0,1,Moving,0,0,1,0,1,LARGE_DELTA,VALID
92H-02687,2026-08-16 20:34:00,422.5,71,-0.03333333333333333,,,"Cao tốc Quy Nhơn–Chí Thạnh, Xã Tuy An Bắc, Tỉnh Đắk Lắk",,2.0,1,0,-1.1999999999999886,-0.5999999999999943,427.7,3.113197712828253,5.0,1,Moving,0,0,0,0,0,VALID,VALID
92H-02687,2026-08-16 20:36:00,422.4,65,-0.05,,,"Cao tốc Quy Nhơn–Chí Thạnh, Xã Tuy An Bắc, Tỉnh Đắk Lắk",,2.0,1,0,-0.10000000000002274,-0.05000000000001137,423.7,3.452245645830901,5.0,1,Moving,0,0,0,0,0,VALID,VALID
92H-02687,2026-08-16 20:38:00,421.5,70,0.041666666666666664,,,"Cao tốc Quy Nhơn–Chí Thạnh, Xã Tuy An Bắc, Tỉnh Đắk Lắk",,2.0,1,0,-0.8999999999999773,-0.44999999999998863,422.5,3.042696172666171,5.0,1,Moving,0,0,0,0,0,VALID,VALID
92H-02687,2026-08-16 20:40:00,421.4,66,-0.03333333333333333,,,"Cao tốc Chí Thạnh-Vân Phong, Xã Tuy An Bắc, Tỉnh Đắk Lắk",,2.0,1,0,-0.10000000000002274,-0.05000000000001137,422.4,0.9300537614333616,5.0,1,Moving,0,0,0,0,0,VALID,VALID
92H-02687,2026-08-16 20:42:00,421.6,47,-0.15833333333333333,,,"Cao tốc Chí Thạnh-Vân Phong, Xã Ô Loan, Tỉnh Đắk Lắk",,2.0,1,0,0.20000000000004547,0.10000000000002274,421.6,0.526307893875873,5.0,1,Moving,0,0,0,0,0,VALID,VALID
92H-02687,2026-08-16 20:44:00,421.6,0,-0.39166666666666666,,,"Cao tốc Chí Thạnh-Vân Phong, Xã Ô Loan, Tỉnh Đắk Lắk",,2.0,1,0,0.0,0.0,421.6,0.3999999989449039,5.0,1,Stopped,0,0,0,0,0,VALID,VALID
92H-02687,2026-08-16 20:46:00,417.5,44,0.36666666666666664,,,"Cao tốc Chí Thạnh-Vân Phong, Xã Ô Loan, Tỉnh Đắk Lắk",,2.0,1,0,-4.100000000000023,-2.0500000000000114,421.5,1.8019433951029635,5.0,1,Moving,0,0,0,0,0,VALID,VALID
92H-02687,2026-08-16 20:48:00,418.9,76,0.26666666666666666,,,"Cao tốc Chí Thạnh-Vân Phong, Xã Ô Loan, Tỉnh Đắk Lắk",,2.0,1,0,1.3999999999999773,0.6999999999999886,421.4,1.8934096226529604,5.0,1,Moving,0,0,0,0,0,VALID,VALID
92H-02687,2026-08-16 20:50:00,417.5,71,-0.041666666666666664,,,"Cao tốc Chí Thạnh-Vân Phong, Xã Tuy An Nam, Tỉnh Đắk Lắk",,2.0,1,0,-1.3999999999999773,-0.6999999999999886,418.9,2.070507184038318,5.0,1,Moving,0,0,0,0,0,VALID,VALID
92H-02687,2026-08-16 20:52:00,417.1,59,-0.1,,,"Cao tốc Chí Thạnh-Vân Phong, Xã Tuy An Nam, Tỉnh Đắk Lắk",,2.0,1,0,-0.39999999999997726,-0.19999999999998863,417.5,1.852565788077077,5.0,1,Moving,0,0,0,0,0,VALID,VALID
92H-02687,2026-08-16 20:54:00,417.4,59,0.0,,,"Cao tốc Chí Thạnh-Vân Phong, Phường Bình Kiến, Tỉnh Đắk Lắk",,2.0,1,0,0.2999999999999545,0.14999999999997726,417.5,0.7014271160662798,5.0,1,Moving,0,0,0,0,0,VALID,VALID
92H-02687,2026-08-16 20:56:00,413.9,69,0.08333333333333333,,,"Cao tốc Chí Thạnh-Vân Phong, Phường Bình Kiến, Tỉnh Đắk Lắk",,2.0,1,0,-3.5,-1.75,417.4,1.8460769212447912,5.0,1,Moving,0,0,0,0,0,VALID,VALID
92H-02687,2026-08-16 20:58:00,413.9,70,0.008333333333333333,,,"Cao tốc Chí Thạnh-Vân Phong, Phường Bình Kiến, Tỉnh Đắk Lắk",,2.0,1,0,0.0,0.0,417.1,1.8862661527875833,5.0,1,Moving,0,0,0,0,0,VALID,VALID
92H-02687,2026-08-16 21:00:00,413.7,59,-0.09166666666666666,,,"Cao tốc Chí Thạnh-Vân Phong, Phường Bình Kiến, Tỉnh Đắk Lắk",,2.0,1,0,-0.19999999999998863,-0.09999999999999432,413.9,1.8761663037032787,5.0,1,Moving,0,0,0,0,0,VALID,VALID
92H-02687,2026-08-16 21:02:00,413.6,63,0.03333333333333333,,,"Cao tốc Chí Thạnh-Vân Phong, Phường Tuy Hòa, Tỉnh Đắk Lắk",,2.0,1,0,-0.0999999999999659,-0.04999999999998295,413.9,1.6263455964680937,5.0,1,Moving,0,0,0,0,0,VALID,VALID
92H-02687,2026-08-16 21:04:00,413.3,66,0.025,,,"Cao tốc Chí Thạnh-Vân Phong, Phường Tuy Hòa, Tỉnh Đắk Lắk",,2.0,1,0,-0.30000000000001137,-0.15000000000000568,413.7,0.2489979902544534,5.0,1,Moving,0,0,0,0,0,VALID,VALID
92H-02687,2026-08-16 21:06:00,412.2,66,0.0,,,"Cao tốc Chí Thạnh-Vân Phong, Phường Tuy Hòa, Tỉnh Đắk Lắk",,2.0,1,0,-1.1000000000000227,-0.5500000000000114,413.6,0.6730527461875223,5.0,1,Moving,0,0,0,0,0,VALID,VALID
92H-02687,2026-08-16 21:08:00,411.9,69,0.025,,,"Cao tốc Chí Thạnh-Vân Phong, Xã Tây Hòa, Tỉnh Đắk Lắk",,2.0,1,0,-0.30000000000001137,-0.15000000000000568,413.3,0.8324662150203747,5.0,1,Moving,0,0,0,0,0,VALID,VALID
92H-02687,2026-08-16 21:10:00,410.8,73,0.03333333333333333,,,"Cao tốc Chí Thạnh-Vân Phong, Xã Tây Hòa, Tỉnh Đắk Lắk",,2.0,1,0,-1.099999999999966,-0.549999999999983,412.2,1.1282730162287937,5.0,1,Moving,0,0,0,0,0,VALID,VALID
92H-02687,2026-08-16 21:12:00,410.5,73,0.0,,,"Cao tốc Chí Thạnh-Vân Phong, Phường Đông Hòa, Tỉnh Đắk Lắk",,2.0,1,0,-0.30000000000001137,-0.15000000000000568,411.9,1.1282730162286376,5.0,1,Moving,0,0,0,0,0,VALID,VALID
92H-02687,2026-08-16 21:14:00,409.5,71,-0.016666666666666666,,,"Cao tốc Chí Thạnh-Vân Phong, Phường Đông Hòa, Tỉnh Đắk Lắk",,2.0,1,0,-1.0,-0.5,410.8,1.094074951339832,5.0,1,Moving,0,0,0,0,0,VALID,VALID
92H-02687,2026-08-16 21:16:00,409.2,70,-0.008333333333333333,,,"Cao tốc Chí Thạnh-Vân Phong, Phường Đông Hòa, Tỉnh Đắk Lắk",,2.0,1,0,-0.30000000000001137,-0.15000000000000568,410.5,1.0802777416706049,5.0,1,Moving,0,0,0,0,0,VALID,VALID
92H-02687,2026-08-16 21:18:00,408.9,68,-0.016666666666666666,,,"Cao tốc Chí Thạnh-Vân Phong, Phường Đông Hòa, Tỉnh Đắk Lắk",,2.0,1,0,-0.30000000000001137,-0.15000000000000568,409.5,0.8288546308904969,5.0,1,Moving,0,0,0,0,0,VALID,VALID
92H-02687,2026-08-16 21:20:00,407.8,70,0.016666666666666666,,,"Cao tốc Chí Thạnh-Vân Phong, Xã Hòa Xuân, Tỉnh Đắk Lắk",,2.0,1,0,-1.099999999999966,-0.549999999999983,409.2,0.9782637676763083,5.0,1,Moving,0,0,0,0,0,VALID,VALID
92H-02687,2026-08-16 21:22:00,406.8,33,-0.30833333333333335,,,"Cao tốc Chí Thạnh-Vân Phong, Xã Hòa Xuân, Tỉnh Đắk Lắk",,2.0,1,0,-1.0,-0.5,408.9,1.1193748251358138,5.0,1,Moving,0,0,0,0,0,VALID,VALID
92H-02687,2026-08-16 21:24:00,405.6,39,0.05,,,"Đường dẫn Hầm Đèo Cả, Xã Hòa Xuân, Tỉnh Đắk Lắk",,2.0,1,0,-1.1999999999999886,-0.5999999999999943,407.8,1.4926486522780196,5.0,1,Moving,0,0,0,0,0,VALID,VALID
92H-02687,2026-08-16 21:26:00,405.9,27,-0.1,,,"Đường dẫn hầm Cổ Mã, Xã Hòa Xuân, Tỉnh Đắk Lắk",,2.0,1,0,0.2999999999999545,0.14999999999997726,406.8,1.365650028062487,5.0,1,Moving,0,0,0,0,0,VALID,VALID
92H-02687,2026-08-16 21:28:00,408.1,17,-0.08333333333333333,,,"Đường dẫn hầm Cổ Mã, Xã Hòa Xuân, Tỉnh Đắk Lắk",,2.0,1,0,2.2000000000000455,1.1000000000000227,406.8,1.110405331015217,5.0,1,Moving,0,0,0,0,0,VALID,VALID
92H-02687,2026-08-16 21:30:00,406.7,0,-0.14166666666666666,,,"Hầm Đèo Cả, Xã Hòa Xuân, Tỉnh Đắk Lắk",,2.0,1,0,-1.400000000000034,-0.700000000000017,406.7,0.9731392496179038,5.0,1,Stopped,0,0,0,0,0,VALID,VALID
92H-02687,2026-08-16 21:32:00,402.5,0,0.0,,,"Hầm Đèo Cả, Xã Hòa Xuân, Tỉnh Đắk Lắk",,2.0,1,0,-4.199999999999989,-2.0999999999999943,405.9,2.063492185385345,5.0,1,Stopped,0,0,0,0,0,VALID,VALID
92H-02687,2026-08-16 21:34:00,399.8,62,0.5166666666666667,,,"Đường dẫn hầm Đèo Cả, Xã Đại Lãnh, Tỉnh Khánh Hòa",,2.0,1,0,-2.6999999999999886,-1.3499999999999943,405.9,3.3837848630114986,5.0,1,Moving,0,0,0,0,0,VALID,VALID
92H-02687,2026-08-16 21:36:00,399.9,63,0.008333333333333333,,,"Đường dẫn hầm Đèo Cả, Xã Đại Lãnh, Tỉnh Khánh Hòa",,2.0,1,0,0.0999999999999659,0.04999999999998295,402.5,3.8405728738230205,5.0,1,Moving,0,0,0,0,0,VALID,VALID
92H-02687,2026-08-16 21:38:00,400.0,60,-0.025,,,"Đường dẫn Hầm Cổ Mã, Xã Đại Lãnh, Tỉnh Khánh Hòa",,2.0,1,0,0.10000000000002274,0.05000000000001137,400.0,2.9727092019140278,5.0,1,Moving,0,0,0,0,0,VALID,VALID
92H-02687,2026-08-16 21:40:00,400.2,51,-0.075,,,"Cao tốc Vân Phong-Nha Trang, Xã Đại Lãnh, Tỉnh Khánh Hòa",,2.0,1,0,0.19999999999998863,0.09999999999999432,400.0,1.138859077824685,5.0,1,Moving,0,0,0,0,0,VALID,VALID
92H-02687,2026-08-16 21:42:00,401.2,70,0.15833333333333333,,,"Cao tốc Vân Phong-Nha Trang, Xã Tu Bông, Tỉnh Khánh Hòa",,2.0,1,0,1.0,0.5,400.0,0.5674504376097942,5.0,1,Moving,0,0,0,0,0,VALID,VALID
92H-02687,2026-08-16 21:44:00,398.9,54,-0.13333333333333333,,,"Cao tốc Vân Phong-Nha Trang, Xã Tu Bông, Tỉnh Khánh Hòa",,2.0,1,0,-2.3000000000000114,-1.1500000000000057,400.0,0.8203657715577082,5.0,1,Moving,0,0,0,0,0,VALID,VALID
92H-02687,2026-08-16 21:46:00,398.9,64,0.08333333333333333,,,"Cao tốc Vân Phong-Nha Trang, Xã Tu Bông, Tỉnh Khánh Hòa",,2.0,1,0,0.0,0.0,400.0,0.9710818704637565,5.0,1,Moving,0,0,0,0,0,VALID,VALID
92H-02687,2026-08-16 21:48:00,398.0,69,0.041666666666666664,,,"Cao tốc Vân Phong-Nha Trang, Xã Tu Bông, Tỉnh Khánh Hòa",,2.0,1,0,-0.8999999999999773,-0.44999999999998863,398.9,1.258173278663621,5.0,1,Moving,0,0,0,0,0,VALID,VALID
92H-02687,2026-08-16 21:50:00,397.7,66,-0.025,,,"Cao tốc Vân Phong-Nha Trang, Xã Vạn Thắng, Tỉnh Khánh Hòa",,2.0,1,0,-0.30000000000001137,-0.15000000000000568,398.9,1.3722244711208487,5.0,1,Moving,0,0,0,0,0,VALID,VALID
92H-02687,2026-08-16 21:52:00,396.8,65,-0.008333333333333333,,,"Cao tốc Vân Phong-Nha Trang, Xã Vạn Thắng, Tỉnh Khánh Hòa",,2.0,1,0,-0.8999999999999773,-0.44999999999998863,398.0,0.8848728717405673,5.0,1,Moving,0,0,0,0,0,VALID,VALID
92H-02687,2026-08-16 21:54:00,395.6,67,0.016666666666666666,,,"Cao tốc Vân Phong-Nha Trang, Xã Vạn Thắng, Tỉnh Khánh Hòa",,2.0,1,0,-1.1999999999999886,-0.5999999999999943,397.7,1.254990039459296,5.0,1,Moving,0,0,0,0,0,VALID,VALID
92H-02687,2026-08-16 21:56:00,395.6,62,-0.041666666666666664,,,"Xã Vạn Ninh, Tỉnh Khánh Hòa",,2.0,1,0,0.0,0.0,396.8,1.1304866205053985,5.0,1,Moving,0,0,0,0,0,VALID,VALID
92H-02687,2026-08-16 21:58:00,395.2,68,0.05,,,"Xã Vạn Ninh, Tỉnh Khánh Hòa",,2.0,1,0,-0.4000000000000341,-0.20000000000001705,395.6,1.0401922895029634,5.0,1,Moving,0,0,0,0,0,VALID,VALID
92H-02687,2026-08-16 22:00:00,394.9,67,-0.008333333333333333,,,"Xã Vạn Ninh, Tỉnh Khánh Hòa",,2.0,1,0,-0.30000000000001137,-0.15000000000000568,395.6,0.7224956741331592,5.0,1,Moving,0,0,0,0,0,VALID,VALID
92H-02687,2026-08-16 22:02:00,392.1,0,-0.5583333333333333,,,"Cao tốc Vân Phong-Nha Trang, Xã Vạn Hưng, Tỉnh Khánh Hòa",,2.0,1,0,-2.7999999999999545,-1.3999999999999773,395.2,1.4720733674448938,5.0,1,Stopped,0,0,0,0,0,VALID,VALID
92H-02687,2026-08-16 22:04:00,392.6,67,0.5583333333333333,,,"Cao tốc Vân Phong-Nha Trang, Xã Vạn Hưng, Tỉnh Khánh Hòa",,2.0,1,0,0.5,0.25,394.9,1.608415368970393,5.0,1,Moving,0,0,0,0,0,VALID,VALID
92H-02687,2026-08-16 22:06:00,391.5,58,-0.075,,,"Cao tốc Vân Phong-Nha Trang, Xã Vạn Hưng, Tỉnh Khánh Hòa",,2.0,1,0,-1.1000000000000227,-0.5500000000000114,392.6,1.683151805138104,5.0,1,Moving,0,0,0,0,0,VALID,VALID
92H-02687,2026-08-16 22:08:00,391.4,68,0.08333333333333333,,,"Cao tốc Vân Phong-Nha Trang, Xã Bắc Ninh Hòa, Tỉnh Khánh Hòa",,2.0,1,0,-0.10000000000002274,-0.05000000000001137,392.1,1.426534261467011,5.0,1,Moving,0,0,0,0,0,VALID,VALID
92H-02687,2026-08-16 22:10:00,390.4,70,0.016666666666666666,,,"Cao tốc Vân Phong-Nha Trang, Xã Bắc Ninh Hòa, Tỉnh Khánh Hòa",,2.0,1,0,-1.0,-0.5,391.5,0.8276472673420748,5.0,1,Moving,0,0,0,0,0,VALID,VALID
92H-02687,2026-08-16 22:12:00,389.3,73,0.025,,,"Cao tốc Vân Phong-Nha Trang, Xã Bắc Ninh Hòa, Tỉnh Khánh Hòa",,2.0,1,0,-1.099999999999966,-0.549999999999983,391.4,1.246194206028296,5.0,1,Moving,0,0,0,0,0,VALID,VALID
92H-02687,2026-08-16 22:14:00,389.0,67,-0.05,,,"Cao tốc Vân Phong-Nha Trang, Xã Hòa Trí, Tỉnh Khánh Hòa",,2.0,1,0,-0.30000000000001137,-0.15000000000000568,390.4,1.1562871611922885,5.0,1,Moving,0,0,0,0,0,VALID,VALID
92H-02687,2026-08-16 22:16:00,387.7,69,0.016666666666666666,,,"Cao tốc Vân Phong-Nha Trang, Xã Hòa Trí, Tỉnh Khánh Hòa",,2.0,1,0,-1.3000000000000114,-0.6500000000000057,389.3,1.4081903277390264,5.0,1,Moving,0,0,0,0,0,VALID,VALID
92H-02687,2026-08-16 22:18:00,387.6,75,0.05,,,"Cao tốc Vân Phong-Nha Trang, Xã Hòa Trí, Tỉnh Khánh Hòa",,2.0,1,0,-0.0999999999999659,-0.04999999999998295,389.0,1.1726039395880203,5.0,1,Moving,0,0,0,0,0,VALID,VALID
92H-02687,2026-08-16 22:20:00,387.3,68,-0.058333333333333334,,,"Cao tốc Vân Phong-Nha Trang, Xã Tân Định, Tỉnh Khánh Hòa",,2.0,1,0,-0.30000000000001137,-0.15000000000000568,387.7,0.9038805226007677,5.0,1,Moving,0,0,0,0,0,VALID,VALID
92H-02687,2026-08-16 22:22:00,386.1,74,0.05,,,"Cao tốc Vân Phong-Nha Trang, Xã Tân Định, Tỉnh Khánh Hòa",,2.0,1,0,-1.1999999999999886,-0.5999999999999943,387.6,1.0358571325895676,5.0,1,Moving,0,0,0,0,0,VALID,VALID
92H-02687,2026-08-16 22:24:00,385.9,70,-0.03333333333333333,,,"Cao tốc Vân Phong-Nha Trang, Xã Tân Định, Tỉnh Khánh Hòa",,2.0,1,0,-0.20000000000004547,-0.10000000000002274,387.3,0.8555699849435832,5.0,1,Moving,0,0,0,0,0,VALID,VALID
92H-02687,2026-08-16 22:26:00,384.3,70,0.0,,,"Cao tốc Vân Phong-Nha Trang, Xã Nam Ninh Hòa, Tỉnh Khánh Hòa",,2.0,1,0,-1.599999999999966,-0.799999999999983,386.1,1.3107249898952846,5.0,1,Moving,0,0,0,0,0,VALID,VALID
92H-02687,2026-08-16 22:28:00,384.2,54,-0.13333333333333333,,,"Cao tốc Vân Phong-Nha Trang, Xã Nam Ninh Hòa, Tỉnh Khánh Hòa",,2.0,1,0,-0.10000000000002274,-0.05000000000001137,385.9,1.3107249898951445,5.0,1,Moving,0,0,0,0,0,VALID,VALID
92H-02687,2026-08-16 22:30:00,382.3,68,0.11666666666666667,,,"Cao tốc Vân Phong-Nha Trang, Xã Nam Ninh Hòa, Tỉnh Khánh Hòa",,2.0,1,0,-1.8999999999999773,-0.9499999999999886,384.3,1.5388307246526616,5.0,1,Moving,0,0,0,0,0,VALID,VALID
92H-02687,2026-08-16 22:32:00,382.3,71,0.025,,,"Cao tốc Vân Phong-Nha Trang, Xã Nam Ninh Hòa, Tỉnh Khánh Hòa",,2.0,1,0,0.0,0.0,384.2,1.5264337519639002,5.0,1,Moving,0,0,0,0,0,VALID,VALID
92H-02687,2026-08-16 22:34:00,382.1,60,-0.09166666666666666,,,"Cao tốc Vân Phong-Nha Trang, Xã Bắc Khánh Vĩnh, Tỉnh Khánh Hòa",,2.0,1,0,-0.19999999999998863,-0.09999999999999432,382.3,1.1081516137849603,5.0,1,Moving,0,0,0,0,0,VALID,VALID
92H-02687,2026-08-16 22:36:00,379.9,72,0.1,,,"Cao tốc Vân Phong-Nha Trang, Xã Bắc Khánh Vĩnh, Tỉnh Khánh Hòa",,2.0,1,0,-2.2000000000000455,-1.1000000000000227,382.3,1.5257784895369897,5.0,1,Moving,0,0,0,0,0,VALID,VALID
92H-02687,2026-08-16 22:38:00,378.3,74,0.016666666666666666,,,"Cao tốc Vân Phong-Nha Trang, Xã Bắc Khánh Vĩnh, Tỉnh Khánh Hòa",,2.0,1,0,-1.599999999999966,-0.799999999999983,382.1,1.8088670484955975,5.0,1,Moving,0,0,0,0,0,VALID,VALID
92H-02687,2026-08-16 22:40:00,378.2,76,0.016666666666666666,,,"Cao tốc Vân Phong-Nha Trang, Xã Bắc Khánh Vĩnh, Tỉnh Khánh Hòa",,2.0,1,0,-0.10000000000002274,-0.05000000000001137,379.9,1.9819182624752119,5.0,1,Moving,0,0,0,0,0,VALID,VALID
92H-02687,2026-08-16 22:42:00,378.0,73,-0.025,,,"Cao tốc Vân Phong-Nha Trang, Xã Diên Lâm, Tỉnh Khánh Hòa",,2.0,1,0,-0.19999999999998863,-0.09999999999999432,378.3,1.7392527128431778,5.0,1,Moving,0,0,0,0,0,VALID,VALID
92H-02687,2026-08-16 22:44:00,377.9,69,-0.03333333333333333,,,"Cao tốc Vân Phong-Nha Trang, Xã Diên Lâm, Tỉnh Khánh Hòa",,2.0,1,0,-0.10000000000002274,-0.05000000000001137,378.2,0.8203657715507034,5.0,1,Moving,0,0,0,0,0,VALID,VALID
92H-02687,2026-08-16 22:46:00,376.7,76,0.058333333333333334,,,"Cao tốc Vân Phong-Nha Trang, Xã Diên Lâm, Tỉnh Khánh Hòa",,2.0,1,0,-1.1999999999999886,-0.5999999999999943,378.0,0.6457553709662255,5.0,1,Moving,0,0,0,0,0,VALID,VALID
92H-02687,2026-08-16 22:48:00,376.4,74,-0.016666666666666666,,,"Cao tốc Vân Phong-Nha Trang, Xã Diên Thọ, Tỉnh Khánh Hòa",,2.0,1,0,-0.30000000000001137,-0.15000000000000568,377.9,0.8264381399303666,5.0,1,Moving,0,0,0,0,0,VALID,VALID
92H-02687,2026-08-16 22:50:00,376.1,71,-0.025,,,"Cao tốc Vân Phong-Nha Trang, Xã Diên Thọ, Tỉnh Khánh Hòa",,2.0,1,0,-0.2999999999999545,-0.14999999999997726,376.7,0.8757853613365357,5.0,1,Moving,0,0,0,0,0,VALID,VALID
92H-02687,2026-08-16 22:52:00,374.9,62,-0.075,,,"Cao tốc Vân Phong-Nha Trang, Xã Diên Thọ, Tỉnh Khánh Hòa",,2.0,1,0,-1.2000000000000455,-0.6000000000000227,376.4,1.0816653822375395,5.0,1,Moving,0,0,0,0,0,VALID,VALID
92H-02687,2026-08-16 22:54:00,373.9,70,0.06666666666666667,,,"Cao tốc Nha Trang-Cam Lâm, Xã Suối Hiệp, Tỉnh Khánh Hòa",,2.0,1,0,-1.0,-0.5,376.1,1.1704699907006262,5.0,1,Moving,0,0,0,0,0,VALID,VALID
92H-02687,2026-08-16 22:56:00,373.6,67,-0.025,,,"Cao tốc Nha Trang-Cam Lâm, Xã Suối Hiệp, Tỉnh Khánh Hòa",,2.0,1,0,-0.2999999999999545,-0.14999999999997726,374.9,1.2597618819167393,5.0,1,Moving,0,0,0,0,0,VALID,VALID
92H-02687,2026-08-16 22:58:00,371.7,70,0.025,,,"Cao tốc Nha Trang-Cam Lâm, Xã Suối Hiệp, Tỉnh Khánh Hòa",,2.0,1,0,-1.900000000000034,-0.950000000000017,373.9,1.6334013588613119,5.0,1,Moving,0,0,0,0,0,VALID,VALID
92H-02687,2026-08-16 23:00:00,371.5,71,0.008333333333333333,,,"Cao tốc Nha Trang-Cam Lâm, Xã Suối Dầu, Tỉnh Khánh Hòa",,2.0,1,0,-0.19999999999998863,-0.09999999999999432,373.6,1.4703741017610035,5.0,1,Moving,0,0,0,0,0,VALID,VALID
92H-02687,2026-08-16 23:02:00,371.4,67,-0.03333333333333333,,,"Cao tốc Nha Trang-Cam Lâm, Xã Cam Hiệp, Tỉnh Khánh Hòa",,2.0,1,0,-0.10000000000002274,-0.05000000000001137,371.7,1.223519513178736,5.0,1,Moving,0,0,0,0,0,VALID,VALID
92H-02687,2026-08-16 23:04:00,371.1,67,0.0,,,"Cao tốc Nha Trang-Cam Lâm, Xã Cam Hiệp, Tỉnh Khánh Hòa",,2.0,1,0,-0.2999999999999545,-0.14999999999997726,371.5,0.9964938530311357,5.0,1,Moving,0,0,0,0,0,VALID,VALID
92H-02687,2026-08-16 23:06:00,369.2,78,0.09166666666666666,,,"Cao tốc Nha Trang-Cam Lâm, Xã Cam Hiệp, Tỉnh Khánh Hòa",,2.0,1,0,-1.900000000000034,-0.950000000000017,371.4,1.0183319690201007,5.0,1,Moving,0,0,0,0,0,VALID,VALID
92H-02687,2026-08-16 23:08:00,367.3,70,-0.06666666666666667,,,"Cao tốc Nha Trang-Cam Lâm, Xã Cam Hiệp, Tỉnh Khánh Hòa",,2.0,1,0,-1.8999999999999773,-0.9499999999999886,371.1,1.8234582526419068,5.0,1,Moving,0,0,0,0,0,VALID,VALID
92H-02687,2026-08-16 23:10:00,367.3,63,-0.058333333333333334,,,"Cao tốc Nha Trang-Cam Lâm, Xã Cam Hiệp, Tỉnh Khánh Hòa",,2.0,1,0,0.0,0.0,369.2,1.978130430261734,5.0,1,Moving,0,0,0,0,0,VALID,VALID
92H-02687,2026-08-16 23:12:00,367.3,66,0.025,,,"Cao tốc Nha Trang-Cam Lâm, Xã Cam Hiệp, Tỉnh Khánh Hòa",,2.0,1,0,0.0,0.0,367.3,1.6994116626430287,5.0,1,Moving,0,0,0,0,0,VALID,VALID
92H-02687,2026-08-16 23:14:00,366.4,68,0.016666666666666666,,,"Cao tốc Nha Trang-Cam Lâm, Xã Cam Hiệp, Tỉnh Khánh Hòa",,2.0,1,0,-0.9000000000000341,-0.45000000000001705,367.3,1.0271319287835745,5.0,1,Moving,0,0,0,0,0,VALID,VALID
92H-02687,2026-08-16 23:16:00,365.4,53,-0.125,,,"Cao tốc Nha Trang-Cam Lâm, Xã Cam Hiệp, Tỉnh Khánh Hòa",,2.0,1,0,-1.0,-0.5,367.3,0.8443932727860028,5.0,1,Moving,0,0,0,0,0,VALID,VALID
92H-02687,2026-08-16 23:19:00,364.3,0,-0.29444444444444445,,,"Cao tốc Nha Trang-Cam Lâm, Xã Cam Hiệp, Tỉnh Khánh Hòa",,3.0,1,0,-1.099999999999966,-0.3666666666666553,366.4,1.2934450120225214,5.0,1,Stopped,0,0,0,0,0,VALID,VALID
92H-02687,2026-08-16 23:21:00,365.7,0,0.0,,,"Cao tốc Nha Trang-Cam Lâm, Xã Cam Hiệp, Tỉnh Khánh Hòa",,2.0,1,0,1.3999999999999773,0.6999999999999886,365.7,1.1211601130640507,5.0,1,Stopped,0,0,0,0,0,VALID,VALID
92H-02687,2026-08-16 23:24:00,365.8,0,0.0,,,"Cao tốc Nha Trang-Cam Lâm, Xã Cam Hiệp, Tỉnh Khánh Hòa",,3.0,1,0,0.10000000000002274,0.03333333333334091,365.7,0.7726577503174676,5.0,1,Stopped,0,0,0,0,0,VALID,VALID
92H-02687,2026-08-16 23:26:00,366.0,0,0.0,,,"Cao tốc Nha Trang-Cam Lâm, Xã Cam Hiệp, Tỉnh Khánh Hòa",,2.0,1,0,0.19999999999998863,0.09999999999999432,365.7,0.6730527461689927,5.0,1,Stopped,0,0,0,0,0,VALID,VALID
92H-02687,2026-08-16 23:28:00,366.1,0,0.0,,,"Cao tốc Nha Trang-Cam Lâm, Xã Cam Hiệp, Tỉnh Khánh Hòa",,2.0,1,0,0.10000000000002274,0.05000000000001137,365.8,0.7328028378258897,5.0,1,Stopped,0,0,0,0,0,VALID,VALID
92H-02687,2026-08-16 23:30:00,366.1,0,0.0,,,"Cao tốc Nha Trang-Cam Lâm, Xã Cam Hiệp, Tỉnh Khánh Hòa",,2.0,1,0,0.0,0.0,366.0,0.18165901883967747,5.0,1,Stopped,0,0,0,0,0,VALID,VALID
92H-02687,2026-08-16 23:33:00,366.1,0,0.0,,,"Cao tốc Nha Trang-Cam Lâm, Xã Cam Hiệp, Tỉnh Khánh Hòa",,3.0,1,0,0.0,0.0,366.1,0.13038404475170054,5.0,1,Stopped,0,0,0,0,0,VALID,VALID
92H-02687,2026-08-16 23:35:00,365.8,0,0.0,,,"Cao tốc Nha Trang-Cam Lâm, Xã Cam Hiệp, Tỉnh Khánh Hòa",,2.0,1,0,-0.30000000000001137,-0.15000000000000568,366.1,0.13038404475170054,5.0,1,Stopped,0,0,0,0,0,VALID,VALID
92H-02687,2026-08-16 23:37:00,365.8,0,0.0,,,"Cao tốc Nha Trang-Cam Lâm, Xã Cam Hiệp, Tỉnh Khánh Hòa",,2.0,1,0,0.0,0.0,366.1,0.16431676459146646,5.0,1,Stopped,0,0,0,0,0,VALID,VALID
92H-02687,2026-08-16 23:40:00,365.7,0,0.0,,,"Cao tốc Nha Trang-Cam Lâm, Xã Cam Hiệp, Tỉnh Khánh Hòa",,3.0,1,0,-0.10000000000002274,-0.03333333333334091,365.8,0.18708286700228666,5.0,1,Stopped,0,0,0,0,0,VALID,VALID
92H-02687,2026-08-16 23:42:00,365.5,0,0.0,,,"Cao tốc Nha Trang-Cam Lâm, Xã Cam Hiệp, Tỉnh Khánh Hòa",,2.0,1,0,-0.19999999999998863,-0.09999999999999432,365.8,0.21679483187052562,5.0,1,Stopped,0,0,0,0,0,VALID,VALID
92H-02687,2026-08-16 23:44:00,365.5,0,0.0,,,"Cao tốc Nha Trang-Cam Lâm, Xã Cam Hiệp, Tỉnh Khánh Hòa",,2.0,1,0,0.0,0.0,365.7,0.15165750599867295,5.0,1,Stopped,0,0,0,0,0,VALID,VALID
92H-02687,2026-08-16 23:46:00,365.5,0,0.0,,,"Cao tốc Nha Trang-Cam Lâm, Xã Cam Hiệp, Tỉnh Khánh Hòa",,2.0,1,0,0.0,0.0,365.5,0.14142135314627377,5.0,1,Stopped,0,0,0,0,0,VALID,VALID
92H-02687,2026-08-16 23:48:00,365.5,0,0.0,,,"Cao tốc Nha Trang-Cam Lâm, Xã Cam Hiệp, Tỉnh Khánh Hòa",,2.0,1,0,0.0,0.0,365.5,0.08944271421255512,5.0,1,Stopped,0,0,0,0,0,VALID,VALID
92H-02687,2026-08-16 23:50:00,365.5,0,0.0,,,"Cao tốc Nha Trang-Cam Lâm, Xã Cam Hiệp, Tỉnh Khánh Hòa",,2.0,1,0,0.0,0.0,365.5,0.0,5.0,1,Stopped,0,0,0,0,0,VALID,VALID
92H-02687,2026-08-16 23:53:00,365.5,0,0.0,,,"Cao tốc Nha Trang-Cam Lâm, Xã Cam Hiệp, Tỉnh Khánh Hòa",,3.0,1,0,0.0,0.0,365.5,0.0,5.0,1,Stopped,0,0,0,0,0,VALID,VALID
92H-02687,2026-08-16 23:55:00,365.5,0,0.0,,,"Cao tốc Nha Trang-Cam Lâm, Xã Cam Hiệp, Tỉnh Khánh Hòa",,2.0,1,0,0.0,0.0,365.5,0.0,5.0,1,Stopped,0,0,0,0,0,VALID,VALID
92H-02687,2026-08-16 23:57:00,365.5,0,0.0,,,"Cao tốc Nha Trang-Cam Lâm, Xã Cam Hiệp, Tỉnh Khánh Hòa",,2.0,1,0,0.0,0.0,365.5,0.0,5.0,1,Stopped,0,0,0,0,0,VALID,VALID
92H-02687,2026-08-16 23:59:00,365.5,0,0.0,,,"Cao tốc Nha Trang-Cam Lâm, Xã Cam Hiệp, Tỉnh Khánh Hòa",,2.0,1,0,0.0,0.0,365.5,0.0,5.0,1,Stopped,0,0,0,0,0,VALID,VALID
92H-02687,2026-08-17 00:00:00,365.5,0,0.0,,,"Cao tốc Nha Trang-Cam Lâm, Xã Cam Hiệp, Tỉnh Khánh Hòa",,1.0,1,0,0.0,0.0,365.5,0.0,5.0,1,Stopped,0,0,0,0,0,VALID,VALID
92H-02687,2026-08-17 00:02:00,365.5,0,0.0,,,"Cao tốc Nha Trang-Cam Lâm, Xã Cam Hiệp, Tỉnh Khánh Hòa",,2.0,1,0,0.0,0.0,365.5,0.0,5.0,1,Stopped,0,0,0,0,0,VALID,VALID
92H-02687,2026-08-17 00:04:00,365.4,0,0.0,,,"Cao tốc Nha Trang-Cam Lâm, Xã Cam Hiệp, Tỉnh Khánh Hòa",,2.0,1,0,-0.10000000000002274,-0.05000000000001137,365.5,0.044721349774989885,5.0,1,Stopped,0,0,0,0,0,VALID,VALID
92H-02687,2026-08-17 00:06:00,365.4,0,0.0,,,"Cao tốc Nha Trang-Cam Lâm, Xã Cam Hiệp, Tỉnh Khánh Hòa",,2.0,1,0,0.0,0.0,365.5,0.05477224776922972,5.0,1,Stopped,0,0,0,0,0,VALID,VALID
92H-02687,2026-08-17 00:08:00,365.4,0,0.0,,,"Cao tốc Nha Trang-Cam Lâm, Xã Cam Hiệp, Tỉnh Khánh Hòa",,2.0,1,0,0.0,0.0,365.4,0.05477224776920637,5.0,1,Stopped,0,0,0,0,0,VALID,VALID
92H-02687,2026-08-17 00:10:00,365.4,0,0.0,,,"Cao tốc Nha Trang-Cam Lâm, Xã Cam Hiệp, Tỉnh Khánh Hòa",,2.0,1,0,0.0,0.0,365.4,0.04472134977490409,5.0,1,Stopped,0,0,0,0,0,VALID,VALID
92H-02687,2026-08-17 00:13:00,365.5,0,0.0,,,"Cao tốc Nha Trang-Cam Lâm, Xã Cam Hiệp, Tỉnh Khánh Hòa",,3.0,1,0,0.10000000000002274,0.03333333333334091,365.4,0.04472134977490409,5.0,1,Stopped,0,0,0,0,0,VALID,VALID
92H-02687,2026-08-17 00:15:00,365.5,0,0.0,,,"Cao tốc Nha Trang-Cam Lâm, Xã Cam Hiệp, Tỉnh Khánh Hòa",,2.0,1,0,0.0,0.0,365.4,0.05477224776920637,5.0,1,Stopped,0,0,0,0,0,VALID,VALID
92H-02687,2026-08-17 00:17:00,365.5,0,0.0,,,"Cao tốc Nha Trang-Cam Lâm, Xã Cam Hiệp, Tỉnh Khánh Hòa",,2.0,1,0,0.0,0.0,365.5,0.05477224776922972,5.0,1,Stopped,0,0,0,0,0,VALID,VALID
92H-02687,2026-08-17 00:19:00,365.5,0,0.0,,,"Cao tốc Nha Trang-Cam Lâm, Xã Cam Hiệp, Tỉnh Khánh Hòa",,2.0,1,0,0.0,0.0,365.5,0.044721349774989885,5.0,1,Stopped,0,0,0,0,0,VALID,VALID
92H-02687,2026-08-17 00:21:00,365.5,0,0.0,,,"Cao tốc Nha Trang-Cam Lâm, Xã Cam Hiệp, Tỉnh Khánh Hòa",,2.0,1,0,0.0,0.0,365.5,0.0,5.0,1,Stopped,0,0,0,0,0,VALID,VALID
92H-02687,2026-08-17 00:24:00,365.5,0,0.0,,,"Cao tốc Nha Trang-Cam Lâm, Xã Cam Hiệp, Tỉnh Khánh Hòa",,3.0,1,0,0.0,0.0,365.5,0.0,5.0,1,Stopped,0,0,0,0,0,VALID,VALID
92H-02687,2026-08-17 00:26:00,365.5,0,0.0,,,"Cao tốc Nha Trang-Cam Lâm, Xã Cam Hiệp, Tỉnh Khánh Hòa",,2.0,1,0,0.0,0.0,365.5,0.0,5.0,1,Stopped,0,0,0,0,0,VALID,VALID
92H-02687,2026-08-17 00:28:00,365.5,0,0.0,,,"Cao tốc Nha Trang-Cam Lâm, Xã Cam Hiệp, Tỉnh Khánh Hòa",,2.0,1,0,0.0,0.0,365.5,0.0,5.0,1,Stopped,0,0,0,0,0,VALID,VALID
92H-02687,2026-08-17 00:30:00,365.5,0,0.0,,,"Cao tốc Nha Trang-Cam Lâm, Xã Cam Hiệp, Tỉnh Khánh Hòa",,2.0,1,0,0.0,0.0,365.5,0.0,5.0,1,Stopped,0,0,0,0,0,VALID,VALID
92H-02687,2026-08-17 00:32:00,365.5,0,0.0,,,"Cao tốc Nha Trang-Cam Lâm, Xã Cam Hiệp, Tỉnh Khánh Hòa",,2.0,1,0,0.0,0.0,365.5,0.0,5.0,1,Stopped,0,0,0,0,0,VALID,VALID
92H-02687,2026-08-17 00:34:00,365.5,0,0.0,,,"Cao tốc Nha Trang-Cam Lâm, Xã Cam Hiệp, Tỉnh Khánh Hòa",,2.0,1,0,0.0,0.0,365.5,0.0,5.0,1,Stopped,0,0,0,0,0,VALID,VALID
92H-02687,2026-08-17 00:37:00,365.5,0,0.0,,,"Cao tốc Nha Trang-Cam Lâm, Xã Cam Hiệp, Tỉnh Khánh Hòa",,3.0,1,0,0.0,0.0,365.5,0.0,5.0,1,Stopped,0,0,0,0,0,VALID,VALID
92H-02687,2026-08-17 00:39:00,365.5,0,0.0,,,"Cao tốc Nha Trang-Cam Lâm, Xã Cam Hiệp, Tỉnh Khánh Hòa",,2.0,1,0,0.0,0.0,365.5,0.0,5.0,1,Stopped,0,0,0,0,0,VALID,VALID
92H-02687,2026-08-17 00:41:00,365.5,0,0.0,,,"Cao tốc Nha Trang-Cam Lâm, Xã Cam Hiệp, Tỉnh Khánh Hòa",,2.0,1,0,0.0,0.0,365.5,0.0,5.0,1,Stopped,0,0,0,0,0,VALID,VALID
92H-02687,2026-08-17 00:43:00,365.5,0,0.0,,,"Cao tốc Nha Trang-Cam Lâm, Xã Cam Hiệp, Tỉnh Khánh Hòa",,2.0,1,0,0.0,0.0,365.5,0.0,5.0,1,Stopped,0,0,0,0,0,VALID,VALID
92H-02687,2026-08-17 00:45:00,365.5,0,0.0,,,"Cao tốc Nha Trang-Cam Lâm, Xã Cam Hiệp, Tỉnh Khánh Hòa",,2.0,1,0,0.0,0.0,365.5,0.0,5.0,1,Stopped,0,0,0,0,0,VALID,VALID
92H-02687,2026-08-17 00:48:00,365.5,0,0.0,,,"Cao tốc Nha Trang-Cam Lâm, Xã Cam Hiệp, Tỉnh Khánh Hòa",,3.0,1,0,0.0,0.0,365.5,0.0,5.0,1,Stopped,0,0,0,0,0,VALID,VALID
92H-02687,2026-08-17 00:50:00,365.5,0,0.0,,,"Cao tốc Nha Trang-Cam Lâm, Xã Cam Hiệp, Tỉnh Khánh Hòa",,2.0,1,0,0.0,0.0,365.5,0.0,5.0,1,Stopped,0,0,0,0,0,VALID,VALID
92H-02687,2026-08-17 00:52:00,365.5,0,0.0,,,"Cao tốc Nha Trang-Cam Lâm, Xã Cam Hiệp, Tỉnh Khánh Hòa",,2.0,1,0,0.0,0.0,365.5,0.0,5.0,1,Stopped,0,0,0,0,0,VALID,VALID
92H-02687,2026-08-17 00:54:00,365.5,0,0.0,,,"Cao tốc Nha Trang-Cam Lâm, Xã Cam Hiệp, Tỉnh Khánh Hòa",,2.0,1,0,0.0,0.0,365.5,0.0,5.0,1,Stopped,0,0,0,0,0,VALID,VALID
92H-02687,2026-08-17 00:56:00,365.5,0,0.0,,,"Cao tốc Nha Trang-Cam Lâm, Xã Cam Hiệp, Tỉnh Khánh Hòa",,2.0,1,0,0.0,0.0,365.5,0.0,5.0,1,Stopped,0,0,0,0,0,VALID,VALID
92H-02687,2026-08-17 00:58:00,365.5,0,0.0,,,"Cao tốc Nha Trang-Cam Lâm, Xã Cam Hiệp, Tỉnh Khánh Hòa",,2.0,1,0,0.0,0.0,365.5,0.0,5.0,1,Stopped,0,0,0,0,0,VALID,VALID
92H-02687,2026-08-17 01:01:00,365.5,0,0.0,,,"Cao tốc Nha Trang-Cam Lâm, Xã Cam Hiệp, Tỉnh Khánh Hòa",,3.0,1,0,0.0,0.0,365.5,0.0,5.0,1,Stopped,0,0,0,0,0,VALID,VALID
92H-02687,2026-08-17 01:03:00,365.5,0,0.0,,,"Cao tốc Nha Trang-Cam Lâm, Xã Cam Hiệp, Tỉnh Khánh Hòa",,2.0,1,0,0.0,0.0,365.5,0.0,5.0,1,Stopped,0,0,0,0,0,VALID,VALID
92H-02687,2026-08-17 01:05:00,365.5,0,0.0,,,"Cao tốc Nha Trang-Cam Lâm, Xã Cam Hiệp, Tỉnh Khánh Hòa",,2.0,1,0,0.0,0.0,365.5,0.0,5.0,1,Stopped,0,0,0,0,0,VALID,VALID
92H-02687,2026-08-17 01:07:00,365.5,0,0.0,,,"Cao tốc Nha Trang-Cam Lâm, Xã Cam Hiệp, Tỉnh Khánh Hòa",,2.0,1,0,0.0,0.0,365.5,0.0,5.0,1,Stopped,0,0,0,0,0,VALID,VALID
92H-02687,2026-08-17 01:09:00,365.4,0,0.0,,,"Cao tốc Nha Trang-Cam Lâm, Xã Cam Hiệp, Tỉnh Khánh Hòa",,2.0,1,0,-0.10000000000002274,-0.05000000000001137,365.5,0.044721349774989885,5.0,1,Stopped,0,0,0,0,0,VALID,VALID
92H-02687,2026-08-17 01:12:00,365.4,0,0.0,,,"Cao tốc Nha Trang-Cam Lâm, Xã Cam Hiệp, Tỉnh Khánh Hòa",,3.0,1,0,0.0,0.0,365.5,0.05477224776922972,5.0,1,Stopped,0,0,0,0,0,VALID,VALID
92H-02687,2026-08-17 01:14:00,365.4,0,0.0,,,"Cao tốc Nha Trang-Cam Lâm, Xã Cam Hiệp, Tỉnh Khánh Hòa",,2.0,1,0,0.0,0.0,365.4,0.05477224776920637,5.0,1,Stopped,0,0,0,0,0,VALID,VALID
92H-02687,2026-08-17 01:16:00,365.4,0,0.0,,,"Cao tốc Nha Trang-Cam Lâm, Xã Cam Hiệp, Tỉnh Khánh Hòa",,2.0,1,0,0.0,0.0,365.4,0.04472134977490409,5.0,1,Stopped,0,0,0,0,0,VALID,VALID
92H-02687,2026-08-17 01:18:00,365.4,0,0.0,,,"Cao tốc Nha Trang-Cam Lâm, Xã Cam Hiệp, Tỉnh Khánh Hòa",,2.0,1,0,0.0,0.0,365.4,0.0,5.0,1,Stopped,0,0,0,0,0,VALID,VALID
92H-02687,2026-08-17 01:20:00,365.4,0,0.0,,,"Cao tốc Nha Trang-Cam Lâm, Xã Cam Hiệp, Tỉnh Khánh Hòa",,2.0,1,0,0.0,0.0,365.4,0.0,5.0,1,Stopped,0,0,0,0,0,VALID,VALID
92H-02687,2026-08-17 01:22:00,365.4,0,0.0,,,"Cao tốc Nha Trang-Cam Lâm, Xã Cam Hiệp, Tỉnh Khánh Hòa",,2.0,1,0,0.0,0.0,365.4,0.0,5.0,1,Stopped,0,0,0,0,0,VALID,VALID
92H-02687,2026-08-17 01:25:00,365.4,0,0.0,,,"Cao tốc Nha Trang-Cam Lâm, Xã Cam Hiệp, Tỉnh Khánh Hòa",,3.0,1,0,0.0,0.0,365.4,0.0,5.0,1,Stopped,0,0,0,0,0,VALID,VALID
92H-02687,2026-08-17 01:27:00,365.4,0,0.0,,,"Cao tốc Nha Trang-Cam Lâm, Xã Cam Hiệp, Tỉnh Khánh Hòa",,2.0,1,0,0.0,0.0,365.4,0.0,5.0,1,Stopped,0,0,0,0,0,VALID,VALID
92H-02687,2026-08-17 01:29:00,365.4,0,0.0,,,"Cao tốc Nha Trang-Cam Lâm, Xã Cam Hiệp, Tỉnh Khánh Hòa",,2.0,1,0,0.0,0.0,365.4,0.0,5.0,1,Stopped,0,0,0,0,0,VALID,VALID
92H-02687,2026-08-17 01:31:00,365.4,0,0.0,,,"Cao tốc Nha Trang-Cam Lâm, Xã Cam Hiệp, Tỉnh Khánh Hòa",,2.0,1,0,0.0,0.0,365.4,0.0,5.0,1,Stopped,0,0,0,0,0,VALID,VALID
92H-02687,2026-08-17 01:33:00,365.4,0,0.0,,,"Cao tốc Nha Trang-Cam Lâm, Xã Cam Hiệp, Tỉnh Khánh Hòa",,2.0,1,0,0.0,0.0,365.4,0.0,5.0,1,Stopped,0,0,0,0,0,VALID,VALID
92H-02687,2026-08-17 01:36:00,365.4,0,0.0,,,"Cao tốc Nha Trang-Cam Lâm, Xã Cam Hiệp, Tỉnh Khánh Hòa",,3.0,1,0,0.0,0.0,365.4,0.0,5.0,1,Stopped,0,0,0,0,0,VALID,VALID
92H-02687,2026-08-17 01:38:00,365.4,0,0.0,,,"Cao tốc Nha Trang-Cam Lâm, Xã Cam Hiệp, Tỉnh Khánh Hòa",,2.0,1,0,0.0,0.0,365.4,0.0,5.0,1,Stopped,0,0,0,0,0,VALID,VALID
92H-02687,2026-08-17 01:40:00,365.4,0,0.0,,,"Cao tốc Nha Trang-Cam Lâm, Xã Cam Hiệp, Tỉnh Khánh Hòa",,2.0,1,0,0.0,0.0,365.4,0.0,5.0,1,Stopped,0,0,0,0,0,VALID,VALID
92H-02687,2026-08-17 01:42:00,365.4,0,0.0,,,"Cao tốc Nha Trang-Cam Lâm, Xã Cam Hiệp, Tỉnh Khánh Hòa",,2.0,1,0,0.0,0.0,365.4,0.0,5.0,1,Stopped,0,0,0,0,0,VALID,VALID
92H-02687,2026-08-17 01:44:00,365.4,0,0.0,,,"Cao tốc Nha Trang-Cam Lâm, Xã Cam Hiệp, Tỉnh Khánh Hòa",,2.0,1,0,0.0,0.0,365.4,0.0,5.0,1,Stopped,0,0,0,0,0,VALID,VALID
92H-02687,2026-08-17 01:46:00,365.4,0,0.0,,,"Cao tốc Nha Trang-Cam Lâm, Xã Cam Hiệp, Tỉnh Khánh Hòa",,2.0,1,0,0.0,0.0,365.4,0.0,5.0,1,Stopped,0,0,0,0,0,VALID,VALID
92H-02687,2026-08-17 01:49:00,365.4,0,0.0,,,"Cao tốc Nha Trang-Cam Lâm, Xã Cam Hiệp, Tỉnh Khánh Hòa",,3.0,1,0,0.0,0.0,365.4,0.0,5.0,1,Stopped,0,0,0,0,0,VALID,VALID
92H-02687,2026-08-17 01:51:00,365.4,0,0.0,,,"Cao tốc Nha Trang-Cam Lâm, Xã Cam Hiệp, Tỉnh Khánh Hòa",,2.0,1,0,0.0,0.0,365.4,0.0,5.0,1,Stopped,0,0,0,0,0,VALID,VALID
92H-02687,2026-08-17 01:53:00,365.4,0,0.0,,,"Cao tốc Nha Trang-Cam Lâm, Xã Cam Hiệp, Tỉnh Khánh Hòa",,2.0,1,0,0.0,0.0,365.4,0.0,5.0,1,Stopped,0,0,0,0,0,VALID,VALID
92H-02687,2026-08-17 01:55:00,365.4,0,0.0,,,"Cao tốc Nha Trang-Cam Lâm, Xã Cam Hiệp, Tỉnh Khánh Hòa",,2.0,1,0,0.0,0.0,365.4,0.0,5.0,1,Stopped,0,0,0,0,0,VALID,VALID
92H-02687,2026-08-17 01:57:00,365.4,0,0.0,,,"Cao tốc Nha Trang-Cam Lâm, Xã Cam Hiệp, Tỉnh Khánh Hòa",,2.0,1,0,0.0,0.0,365.4,0.0,5.0,1,Stopped,0,0,0,0,0,VALID,VALID
92H-02687,2026-08-17 02:00:00,365.4,0,0.0,,,"Cao tốc Nha Trang-Cam Lâm, Xã Cam Hiệp, Tỉnh Khánh Hòa",,3.0,1,0,0.0,0.0,365.4,0.0,5.0,1,Stopped,0,0,0,0,0,VALID,VALID
92H-02687,2026-08-17 02:02:00,365.4,0,0.0,,,"Cao tốc Nha Trang-Cam Lâm, Xã Cam Hiệp, Tỉnh Khánh Hòa",,2.0,1,0,0.0,0.0,365.4,0.0,5.0,1,Stopped,0,0,0,0,0,VALID,VALID
92H-02687,2026-08-17 02:04:00,365.4,0,0.0,,,"Cao tốc Nha Trang-Cam Lâm, Xã Cam Hiệp, Tỉnh Khánh Hòa",,2.0,1,0,0.0,0.0,365.4,0.0,5.0,1,Stopped,0,0,0,0,0,VALID,VALID
92H-02687,2026-08-17 02:06:00,365.1,0,0.0,,,"Cao tốc Nha Trang-Cam Lâm, Xã Cam Hiệp, Tỉnh Khánh Hòa",,2.0,1,0,-0.2999999999999545,-0.14999999999997726,365.4,0.13416407539159478,5.0,1,Stopped,0,0,0,0,0,VALID,VALID
92H-02687,2026-08-17 02:08:00,365.4,0,0.0,,,"Cao tốc Nha Trang-Cam Lâm, Xã Cam Hiệp, Tỉnh Khánh Hòa",,2.0,1,0,0.2999999999999545,0.14999999999997726,365.4,0.13416407539159478,5.0,1,Stopped,0,0,0,0,0,VALID,VALID
92H-02687,2026-08-17 02:10:00,365.4,0,0.0,,,"Cao tốc Nha Trang-Cam Lâm, Xã Cam Hiệp, Tỉnh Khánh Hòa",,2.0,1,0,0.0,0.0,365.4,0.13416407539159478,5.0,1,Stopped,0,0,0,0,0,VALID,VALID
92H-02687,2026-08-17 02:12:00,365.4,0,0.0,,,"Cao tốc Nha Trang-Cam Lâm, Xã Cam Hiệp, Tỉnh Khánh Hòa",,2.0,1,0,0.0,0.0,365.4,0.13416407539159478,5.0,1,Stopped,0,0,0,0,0,VALID,VALID
92H-02687,2026-08-17 02:14:00,365.4,0,0.0,,,"Cao tốc Nha Trang-Cam Lâm, Xã Cam Hiệp, Tỉnh Khánh Hòa",,2.0,1,0,0.0,0.0,365.4,0.13416407539159478,5.0,1,Stopped,0,0,0,0,0,VALID,VALID
92H-02687,2026-08-17 02:16:00,365.4,0,0.0,,,"Cao tốc Nha Trang-Cam Lâm, Xã Cam Hiệp, Tỉnh Khánh Hòa",,2.0,1,0,0.0,0.0,365.4,0.0,5.0,1,Stopped,0,0,0,0,0,VALID,VALID
92H-02687,2026-08-17 02:18:00,365.4,0,0.0,,,"Cao tốc Nha Trang-Cam Lâm, Xã Cam Hiệp, Tỉnh Khánh Hòa",,2.0,1,0,0.0,0.0,365.4,0.0,5.0,1,Stopped,0,0,0,0,0,VALID,VALID
92H-02687,2026-08-17 02:21:00,365.4,0,0.0,,,"Cao tốc Nha Trang-Cam Lâm, Xã Cam Hiệp, Tỉnh Khánh Hòa",,3.0,1,0,0.0,0.0,365.4,0.0,5.0,1,Stopped,0,0,0,0,0,VALID,VALID
92H-02687,2026-08-17 02:23:00,365.4,0,0.0,,,"Cao tốc Nha Trang-Cam Lâm, Xã Cam Hiệp, Tỉnh Khánh Hòa",,2.0,1,0,0.0,0.0,365.4,0.0,5.0,1,Stopped,0,0,0,0,0,VALID,VALID
92H-02687,2026-08-17 02:25:00,365.4,0,0.0,,,"Cao tốc Nha Trang-Cam Lâm, Xã Cam Hiệp, Tỉnh Khánh Hòa",,2.0,1,0,0.0,0.0,365.4,0.0,5.0,1,Stopped,0,0,0,0,0,VALID,VALID
92H-02687,2026-08-17 02:27:00,365.4,0,0.0,,,"Cao tốc Nha Trang-Cam Lâm, Xã Cam Hiệp, Tỉnh Khánh Hòa",,2.0,1,0,0.0,0.0,365.4,0.0,5.0,1,Stopped,0,0,0,0,0,VALID,VALID
92H-02687,2026-08-17 02:29:00,365.4,0,0.0,,,"Cao tốc Nha Trang-Cam Lâm, Xã Cam Hiệp, Tỉnh Khánh Hòa",,2.0,1,0,0.0,0.0,365.4,0.0,5.0,1,Stopped,0,0,0,0,0,VALID,VALID
92H-02687,2026-08-17 02:32:00,365.4,0,0.0,,,"Cao tốc Nha Trang-Cam Lâm, Xã Cam Hiệp, Tỉnh Khánh Hòa",,3.0,1,0,0.0,0.0,365.4,0.0,5.0,1,Stopped,0,0,0,0,0,VALID,VALID
92H-02687,2026-08-17 02:34:00,365.4,0,0.0,,,"Cao tốc Nha Trang-Cam Lâm, Xã Cam Hiệp, Tỉnh Khánh Hòa",,2.0,1,0,0.0,0.0,365.4,0.0,5.0,1,Stopped,0,0,0,0,0,VALID,VALID
92H-02687,2026-08-17 02:36:00,365.4,0,0.0,,,"Cao tốc Nha Trang-Cam Lâm, Xã Cam Hiệp, Tỉnh Khánh Hòa",,2.0,1,0,0.0,0.0,365.4,0.0,5.0,1,Stopped,0,0,0,0,0,VALID,VALID
92H-02687,2026-08-17 02:38:00,365.4,0,0.0,,,"Cao tốc Nha Trang-Cam Lâm, Xã Cam Hiệp, Tỉnh Khánh Hòa",,2.0,1,0,0.0,0.0,365.4,0.0,5.0,1,Stopped,0,0,0,0,0,VALID,VALID
92H-02687,2026-08-17 02:40:00,365.4,0,0.0,,,"Cao tốc Nha Trang-Cam Lâm, Xã Cam Hiệp, Tỉnh Khánh Hòa",,2.0,1,0,0.0,0.0,365.4,0.0,5.0,1,Stopped,0,0,0,0,0,VALID,VALID
92H-02687,2026-08-17 02:42:00,365.4,0,0.0,,,"Cao tốc Nha Trang-Cam Lâm, Xã Cam Hiệp, Tỉnh Khánh Hòa",,2.0,1,0,0.0,0.0,365.4,0.0,5.0,1,Stopped,0,0,0,0,0,VALID,VALID
92H-02687,2026-08-17 02:45:00,365.4,0,0.0,,,"Cao tốc Nha Trang-Cam Lâm, Xã Cam Hiệp, Tỉnh Khánh Hòa",,3.0,1,0,0.0,0.0,365.4,0.0,5.0,1,Stopped,0,0,0,0,0,VALID,VALID
92H-02687,2026-08-17 02:47:00,365.4,0,0.0,,,"Cao tốc Nha Trang-Cam Lâm, Xã Cam Hiệp, Tỉnh Khánh Hòa",,2.0,1,0,0.0,0.0,365.4,0.0,5.0,1,Stopped,0,0,0,0,0,VALID,VALID
92H-02687,2026-08-17 02:49:00,365.4,0,0.0,,,"Cao tốc Nha Trang-Cam Lâm, Xã Cam Hiệp, Tỉnh Khánh Hòa",,2.0,1,0,0.0,0.0,365.4,0.0,5.0,1,Stopped,0,0,0,0,0,VALID,VALID
92H-02687,2026-08-17 02:51:00,365.4,0,0.0,,,"Cao tốc Nha Trang-Cam Lâm, Xã Cam Hiệp, Tỉnh Khánh Hòa",,2.0,1,0,0.0,0.0,365.4,0.0,5.0,1,Stopped,0,0,0,0,0,VALID,VALID
92H-02687,2026-08-17 02:54:00,365.4,0,0.0,,,"Cao tốc Nha Trang-Cam Lâm, Xã Cam Hiệp, Tỉnh Khánh Hòa",,3.0,1,0,0.0,0.0,365.4,0.0,5.0,1,Stopped,0,0,0,0,0,VALID,VALID
92H-02687,2026-08-17 02:56:00,365.4,0,0.0,,,"Cao tốc Nha Trang-Cam Lâm, Xã Cam Hiệp, Tỉnh Khánh Hòa",,2.0,1,0,0.0,0.0,365.4,0.0,5.0,1,Stopped,0,0,0,0,0,VALID,VALID
92H-02687,2026-08-17 02:58:00,365.4,0,0.0,,,"Cao tốc Nha Trang-Cam Lâm, Xã Cam Hiệp, Tỉnh Khánh Hòa",,2.0,1,0,0.0,0.0,365.4,0.0,5.0,1,Stopped,0,0,0,0,0,VALID,VALID
92H-02687,2026-08-17 03:00:00,365.4,0,0.0,,,"Cao tốc Nha Trang-Cam Lâm, Xã Cam Hiệp, Tỉnh Khánh Hòa",,2.0,1,0,0.0,0.0,365.4,0.0,5.0,1,Stopped,0,0,0,0,0,VALID,VALID
92H-02687,2026-08-17 03:02:00,365.4,0,0.0,,,"Cao tốc Nha Trang-Cam Lâm, Xã Cam Hiệp, Tỉnh Khánh Hòa",,2.0,1,0,0.0,0.0,365.4,0.0,5.0,1,Stopped,0,0,0,0,0,VALID,VALID
92H-02687,2026-08-17 03:04:00,365.4,0,0.0,,,"Cao tốc Nha Trang-Cam Lâm, Xã Cam Hiệp, Tỉnh Khánh Hòa",,2.0,1,0,0.0,0.0,365.4,0.0,5.0,1,Stopped,0,0,0,0,0,VALID,VALID
92H-02687,2026-08-17 03:07:00,365.4,0,0.0,,,"Cao tốc Nha Trang-Cam Lâm, Xã Cam Hiệp, Tỉnh Khánh Hòa",,3.0,1,0,0.0,0.0,365.4,0.0,5.0,1,Stopped,0,0,0,0,0,VALID,VALID
92H-02687,2026-08-17 03:09:00,365.4,0,0.0,,,"Cao tốc Nha Trang-Cam Lâm, Xã Cam Hiệp, Tỉnh Khánh Hòa",,2.0,1,0,0.0,0.0,365.4,0.0,5.0,1,Stopped,0,0,0,0,0,VALID,VALID
92H-02687,2026-08-17 03:11:00,365.2,0,0.0,,,"Cao tốc Nha Trang-Cam Lâm, Xã Cam Hiệp, Tỉnh Khánh Hòa",,2.0,1,0,-0.19999999999998863,-0.09999999999999432,365.4,0.08944271421242643,5.0,1,Stopped,0,0,0,0,0,VALID,VALID
92H-02687,2026-08-17 03:13:00,365.2,0,0.0,,,"Cao tốc Nha Trang-Cam Lâm, Xã Cam Hiệp, Tỉnh Khánh Hòa",,2.0,1,0,0.0,0.0,365.4,0.109544507510349,5.0,1,Stopped,0,0,0,0,0,VALID,VALID
92H-02687,2026-08-17 03:15:00,365.2,0,0.0,,,"Cao tốc Nha Trang-Cam Lâm, Xã Cam Hiệp, Tỉnh Khánh Hòa",,2.0,1,0,0.0,0.0,365.2,0.10954450751036067,5.0,1,Stopped,0,0,0,0,0,VALID,VALID
92H-02687,2026-08-17 03:18:00,365.2,0,0.0,,,"Cao tốc Nha Trang-Cam Lâm, Xã Cam Hiệp, Tỉnh Khánh Hòa",,3.0,1,0,0.0,0.0,365.2,0.08944271421246933,5.0,1,Stopped,0,0,0,0,0,VALID,VALID
92H-02687,2026-08-17 03:20:00,365.2,0,0.0,,,"Cao tốc Nha Trang-Cam Lâm, Xã Cam Hiệp, Tỉnh Khánh Hòa",,2.0,1,0,0.0,0.0,365.2,0.0,5.0,1,Stopped,0,0,0,0,0,VALID,VALID
92H-02687,2026-08-17 03:22:00,365.2,0,0.0,,,"Cao tốc Nha Trang-Cam Lâm, Xã Cam Hiệp, Tỉnh Khánh Hòa",,2.0,1,0,0.0,0.0,365.2,0.0,5.0,1,Stopped,0,0,0,0,0,VALID,VALID
92H-02687,2026-08-17 03:24:00,365.2,0,0.0,,,"Cao tốc Nha Trang-Cam Lâm, Xã Cam Hiệp, Tỉnh Khánh Hòa",,2.0,1,0,0.0,0.0,365.2,0.0,5.0,1,Stopped,0,0,0,0,0,VALID,VALID
92H-02687,2026-08-17 03:26:00,365.2,0,0.0,,,"Cao tốc Nha Trang-Cam Lâm, Xã Cam Hiệp, Tỉnh Khánh Hòa",,2.0,1,0,0.0,0.0,365.2,0.0,5.0,1,Stopped,0,0,0,0,0,VALID,VALID
92H-02687,2026-08-17 03:28:00,365.2,0,0.0,,,"Cao tốc Nha Trang-Cam Lâm, Xã Cam Hiệp, Tỉnh Khánh Hòa",,2.0,1,0,0.0,0.0,365.2,0.0,5.0,1,Stopped,0,0,0,0,0,VALID,VALID
92H-02687,2026-08-17 03:31:00,365.2,0,0.0,,,"Cao tốc Nha Trang-Cam Lâm, Xã Cam Hiệp, Tỉnh Khánh Hòa",,3.0,1,0,0.0,0.0,365.2,0.0,5.0,1,Stopped,0,0,0,0,0,VALID,VALID
92H-02687,2026-08-17 03:33:00,365.2,0,0.0,,,"Cao tốc Nha Trang-Cam Lâm, Xã Cam Hiệp, Tỉnh Khánh Hòa",,2.0,1,0,0.0,0.0,365.2,0.0,5.0,1,Stopped,0,0,0,0,0,VALID,VALID
92H-02687,2026-08-17 03:35:00,365.2,0,0.0,,,"Cao tốc Nha Trang-Cam Lâm, Xã Cam Hiệp, Tỉnh Khánh Hòa",,2.0,1,0,0.0,0.0,365.2,0.0,5.0,1,Stopped,0,0,0,0,0,VALID,VALID
92H-02687,2026-08-17 03:37:00,365.2,0,0.0,,,"Cao tốc Nha Trang-Cam Lâm, Xã Cam Hiệp, Tỉnh Khánh Hòa",,2.0,1,0,0.0,0.0,365.2,0.0,5.0,1,Stopped,0,0,0,0,0,VALID,VALID
92H-02687,2026-08-17 03:39:00,365.2,0,0.0,,,"Cao tốc Nha Trang-Cam Lâm, Xã Cam Hiệp, Tỉnh Khánh Hòa",,2.0,1,0,0.0,0.0,365.2,0.0,5.0,1,Stopped,0,0,0,0,0,VALID,VALID
92H-02687,2026-08-17 03:42:00,365.2,0,0.0,,,"Cao tốc Nha Trang-Cam Lâm, Xã Cam Hiệp, Tỉnh Khánh Hòa",,3.0,1,0,0.0,0.0,365.2,0.0,5.0,1,Stopped,0,0,0,0,0,VALID,VALID
92H-02687,2026-08-17 03:44:00,365.2,0,0.0,,,"Cao tốc Nha Trang-Cam Lâm, Xã Cam Hiệp, Tỉnh Khánh Hòa",,2.0,1,0,0.0,0.0,365.2,0.0,5.0,1,Stopped,0,0,0,0,0,VALID,VALID
92H-02687,2026-08-17 03:46:00,365.2,0,0.0,,,"Cao tốc Nha Trang-Cam Lâm, Xã Cam Hiệp, Tỉnh Khánh Hòa",,2.0,1,0,0.0,0.0,365.2,0.0,5.0,1,Stopped,0,0,0,0,0,VALID,VALID
92H-02687,2026-08-17 03:48:00,365.2,0,0.0,,,"Cao tốc Nha Trang-Cam Lâm, Xã Cam Hiệp, Tỉnh Khánh Hòa",,2.0,1,0,0.0,0.0,365.2,0.0,5.0,1,Stopped,0,0,0,0,0,VALID,VALID
92H-02687,2026-08-17 03:50:00,365.2,0,0.0,,,"Cao tốc Nha Trang-Cam Lâm, Xã Cam Hiệp, Tỉnh Khánh Hòa",,2.0,1,0,0.0,0.0,365.2,0.0,5.0,1,Stopped,0,0,0,0,0,VALID,VALID
92H-02687,2026-08-17 03:52:00,365.2,0,0.0,,,"Cao tốc Nha Trang-Cam Lâm, Xã Cam Hiệp, Tỉnh Khánh Hòa",,2.0,1,0,0.0,0.0,365.2,0.0,5.0,1,Stopped,0,0,0,0,0,VALID,VALID
92H-02687,2026-08-17 03:55:00,365.2,0,0.0,,,"Cao tốc Nha Trang-Cam Lâm, Xã Cam Hiệp, Tỉnh Khánh Hòa",,3.0,1,0,0.0,0.0,365.2,0.0,5.0,1,Stopped,0,0,0,0,0,VALID,VALID
92H-02687,2026-08-17 03:57:00,365.2,0,0.0,,,"Cao tốc Nha Trang-Cam Lâm, Xã Cam Hiệp, Tỉnh Khánh Hòa",,2.0,1,0,0.0,0.0,365.2,0.0,5.0,1,Stopped,0,0,0,0,0,VALID,VALID
92H-02687,2026-08-17 03:59:00,365.2,0,0.0,,,"Cao tốc Nha Trang-Cam Lâm, Xã Cam Hiệp, Tỉnh Khánh Hòa",,2.0,1,0,0.0,0.0,365.2,0.0,5.0,1,Stopped,0,0,0,0,0,VALID,VALID
92H-02687,2026-08-17 04:01:00,365.2,0,0.0,,,"Cao tốc Nha Trang-Cam Lâm, Xã Cam Hiệp, Tỉnh Khánh Hòa",,2.0,1,0,0.0,0.0,365.2,0.0,5.0,1,Stopped,0,0,0,0,0,VALID,VALID
92H-02687,2026-08-17 04:03:00,365.2,0,0.0,,,"Cao tốc Nha Trang-Cam Lâm, Xã Cam Hiệp, Tỉnh Khánh Hòa",,2.0,1,0,0.0,0.0,365.2,0.0,5.0,1,Stopped,0,0,0,0,0,VALID,VALID
92H-02687,2026-08-17 04:06:00,365.2,0,0.0,,,"Cao tốc Nha Trang-Cam Lâm, Xã Cam Hiệp, Tỉnh Khánh Hòa",,3.0,1,0,0.0,0.0,365.2,0.0,5.0,1,Stopped,0,0,0,0,0,VALID,VALID
92H-02687,2026-08-17 04:08:00,365.2,0,0.0,,,"Cao tốc Nha Trang-Cam Lâm, Xã Cam Hiệp, Tỉnh Khánh Hòa",,2.0,1,0,0.0,0.0,365.2,0.0,5.0,1,Stopped,0,0,0,0,0,VALID,VALID
92H-02687,2026-08-17 04:10:00,365.2,0,0.0,,,"Cao tốc Nha Trang-Cam Lâm, Xã Cam Hiệp, Tỉnh Khánh Hòa",,2.0,1,0,0.0,0.0,365.2,0.0,5.0,1,Stopped,0,0,0,0,0,VALID,VALID
92H-02687,2026-08-17 04:12:00,365.2,0,0.0,,,"Cao tốc Nha Trang-Cam Lâm, Xã Cam Hiệp, Tỉnh Khánh Hòa",,2.0,1,0,0.0,0.0,365.2,0.0,5.0,1,Stopped,0,0,0,0,0,VALID,VALID
92H-02687,2026-08-17 04:14:00,365.2,0,0.0,,,"Cao tốc Nha Trang-Cam Lâm, Xã Cam Hiệp, Tỉnh Khánh Hòa",,2.0,1,0,0.0,0.0,365.2,0.0,5.0,1,Stopped,0,0,0,0,0,VALID,VALID
92H-02687,2026-08-17 04:16:00,365.2,0,0.0,,,"Cao tốc Nha Trang-Cam Lâm, Xã Cam Hiệp, Tỉnh Khánh Hòa",,2.0,1,0,0.0,0.0,365.2,0.0,5.0,1,Stopped,0,0,0,0,0,VALID,VALID
92H-02687,2026-08-17 04:19:00,365.2,0,0.0,,,"Cao tốc Nha Trang-Cam Lâm, Xã Cam Hiệp, Tỉnh Khánh Hòa",,3.0,1,0,0.0,0.0,365.2,0.0,5.0,1,Stopped,0,0,0,0,0,VALID,VALID
92H-02687,2026-08-17 04:21:00,365.2,0,0.0,,,"Cao tốc Nha Trang-Cam Lâm, Xã Cam Hiệp, Tỉnh Khánh Hòa",,2.0,1,0,0.0,0.0,365.2,0.0,5.0,1,Stopped,0,0,0,0,0,VALID,VALID
92H-02687,2026-08-17 04:23:00,365.2,0,0.0,,,"Cao tốc Nha Trang-Cam Lâm, Xã Cam Hiệp, Tỉnh Khánh Hòa",,2.0,1,0,0.0,0.0,365.2,0.0,5.0,1,Stopped,0,0,0,0,0,VALID,VALID
92H-02687,2026-08-17 04:25:00,365.2,0,0.0,,,"Cao tốc Nha Trang-Cam Lâm, Xã Cam Hiệp, Tỉnh Khánh Hòa",,2.0,1,0,0.0,0.0,365.2,0.0,5.0,1,Stopped,0,0,0,0,0,VALID,VALID
92H-02687,2026-08-17 04:27:00,365.2,0,0.0,,,"Cao tốc Nha Trang-Cam Lâm, Xã Cam Hiệp, Tỉnh Khánh Hòa",,2.0,1,0,0.0,0.0,365.2,0.0,5.0,1,Stopped,0,0,0,0,0,VALID,VALID
92H-02687,2026-08-17 04:30:00,365.2,0,0.0,,,"Cao tốc Nha Trang-Cam Lâm, Xã Cam Hiệp, Tỉnh Khánh Hòa",,3.0,1,0,0.0,0.0,365.2,0.0,5.0,1,Stopped,0,0,0,0,0,VALID,VALID
92H-02687,2026-08-17 04:32:00,365.2,0,0.0,,,"Cao tốc Nha Trang-Cam Lâm, Xã Cam Hiệp, Tỉnh Khánh Hòa",,2.0,1,0,0.0,0.0,365.2,0.0,5.0,1,Stopped,0,0,0,0,0,VALID,VALID
92H-02687,2026-08-17 04:34:00,365.2,0,0.0,,,"Cao tốc Nha Trang-Cam Lâm, Xã Cam Hiệp, Tỉnh Khánh Hòa",,2.0,1,0,0.0,0.0,365.2,0.0,5.0,1,Stopped,0,0,0,0,0,VALID,VALID
92H-02687,2026-08-17 04:36:00,365.2,0,0.0,,,"Cao tốc Nha Trang-Cam Lâm, Xã Cam Hiệp, Tỉnh Khánh Hòa",,2.0,1,0,0.0,0.0,365.2,0.0,5.0,1,Stopped,0,0,0,0,0,VALID,VALID
92H-02687,2026-08-17 04:38:00,365.2,0,0.0,,,"Cao tốc Nha Trang-Cam Lâm, Xã Cam Hiệp, Tỉnh Khánh Hòa",,2.0,1,0,0.0,0.0,365.2,0.0,5.0,1,Stopped,0,0,0,0,0,VALID,VALID
92H-02687,2026-08-17 04:40:00,365.2,0,0.0,,,"Cao tốc Nha Trang-Cam Lâm, Xã Cam Hiệp, Tỉnh Khánh Hòa",,2.0,1,0,0.0,0.0,365.2,0.0,5.0,1,Stopped,0,0,0,0,0,VALID,VALID
92H-02687,2026-08-17 04:43:00,365.2,0,0.0,,,"Cao tốc Nha Trang-Cam Lâm, Xã Cam Hiệp, Tỉnh Khánh Hòa",,3.0,1,0,0.0,0.0,365.2,0.0,5.0,1,Stopped,0,0,0,0,0,VALID,VALID
92H-02687,2026-08-17 04:45:00,365.2,0,0.0,,,"Cao tốc Nha Trang-Cam Lâm, Xã Cam Hiệp, Tỉnh Khánh Hòa",,2.0,1,0,0.0,0.0,365.2,0.0,5.0,1,Stopped,0,0,0,0,0,VALID,VALID
92H-02687,2026-08-17 04:47:00,365.2,0,0.0,,,"Cao tốc Nha Trang-Cam Lâm, Xã Cam Hiệp, Tỉnh Khánh Hòa",,2.0,1,0,0.0,0.0,365.2,0.0,5.0,1,Stopped,0,0,0,0,0,VALID,VALID
92H-02687,2026-08-17 04:49:00,365.2,0,0.0,,,"Cao tốc Nha Trang-Cam Lâm, Xã Cam Hiệp, Tỉnh Khánh Hòa",,2.0,1,0,0.0,0.0,365.2,0.0,5.0,1,Stopped,0,0,0,0,0,VALID,VALID
92H-02687,2026-08-17 04:51:00,365.2,0,0.0,,,"Cao tốc Nha Trang-Cam Lâm, Xã Cam Hiệp, Tỉnh Khánh Hòa",,2.0,1,0,0.0,0.0,365.2,0.0,5.0,1,Stopped,0,0,0,0,0,VALID,VALID
92H-02687,2026-08-17 04:54:00,365.2,0,0.0,,,"Cao tốc Nha Trang-Cam Lâm, Xã Cam Hiệp, Tỉnh Khánh Hòa",,3.0,1,0,0.0,0.0,365.2,0.0,5.0,1,Stopped,0,0,0,0,0,VALID,VALID
92H-02687,2026-08-17 04:56:00,365.2,0,0.0,,,"Cao tốc Nha Trang-Cam Lâm, Xã Cam Hiệp, Tỉnh Khánh Hòa",,2.0,1,0,0.0,0.0,365.2,0.0,5.0,1,Stopped,0,0,0,0,0,VALID,VALID
92H-02687,2026-08-17 04:58:00,365.2,0,0.0,,,"Cao tốc Nha Trang-Cam Lâm, Xã Cam Hiệp, Tỉnh Khánh Hòa",,2.0,1,0,0.0,0.0,365.2,0.0,5.0,1,Stopped,0,0,0,0,0,VALID,VALID
92H-02687,2026-08-17 05:00:00,365.2,0,0.0,,,"Cao tốc Nha Trang-Cam Lâm, Xã Cam Hiệp, Tỉnh Khánh Hòa",,2.0,1,0,0.0,0.0,365.2,0.0,5.0,1,Stopped,0,0,0,0,0,VALID,VALID
92H-02687,2026-08-17 05:02:00,365.2,0,0.0,,,"Cao tốc Nha Trang-Cam Lâm, Xã Cam Hiệp, Tỉnh Khánh Hòa",,2.0,1,0,0.0,0.0,365.2,0.0,5.0,1,Stopped,0,0,0,0,0,VALID,VALID
92H-02687,2026-08-17 05:04:00,365.1,0,0.0,,,"Cao tốc Nha Trang-Cam Lâm, Xã Cam Hiệp, Tỉnh Khánh Hòa",,2.0,1,0,-0.0999999999999659,-0.04999999999998295,365.2,0.044721349775113814,5.0,1,Stopped,0,0,0,0,0,VALID,VALID
92H-02687,2026-08-17 05:07:00,365.1,0,0.0,,,"Cao tốc Nha Trang-Cam Lâm, Xã Cam Hiệp, Tỉnh Khánh Hòa",,3.0,1,0,0.0,0.0,365.2,0.05477224776941717,5.0,1,Stopped,0,0,0,0,0,VALID,VALID
92H-02687,2026-08-17 05:09:00,365.1,0,0.0,,,"Cao tốc Nha Trang-Cam Lâm, Xã Cam Hiệp, Tỉnh Khánh Hòa",,2.0,1,0,0.0,0.0,365.1,0.05477224776948593,5.0,1,Stopped,0,0,0,0,0,VALID,VALID
92H-02687,2026-08-17 05:11:00,365.1,0,0.0,,,"Cao tốc Nha Trang-Cam Lâm, Xã Cam Hiệp, Tỉnh Khánh Hòa",,2.0,1,0,0.0,0.0,365.1,0.04472134977536644,5.0,1,Stopped,0,0,0,0,0,VALID,VALID
92H-02687,2026-08-17 05:13:00,365.1,0,0.0,,,"Cao tốc Nha Trang-Cam Lâm, Xã Cam Hiệp, Tỉnh Khánh Hòa",,2.0,1,0,0.0,0.0,365.1,0.0,5.0,1,Stopped,0,0,0,0,0,VALID,VALID
92H-02687,2026-08-17 05:15:00,365.1,0,0.0,,,"Cao tốc Nha Trang-Cam Lâm, Xã Cam Hiệp, Tỉnh Khánh Hòa",,2.0,1,0,0.0,0.0,365.1,0.0,5.0,1,Stopped,0,0,0,0,0,VALID,VALID
92H-02687,2026-08-17 05:18:00,365.1,0,0.0,,,"Cao tốc Nha Trang-Cam Lâm, Xã Cam Hiệp, Tỉnh Khánh Hòa",,3.0,1,0,0.0,0.0,365.1,0.0,5.0,1,Stopped,0,0,0,0,0,VALID,VALID
92H-02687,2026-08-17 05:20:00,365.1,0,0.0,,,"Cao tốc Nha Trang-Cam Lâm, Xã Cam Hiệp, Tỉnh Khánh Hòa",,2.0,1,0,0.0,0.0,365.1,0.0,5.0,1,Stopped,0,0,0,0,0,VALID,VALID
92H-02687,2026-08-17 05:22:00,365.1,0,0.0,,,"Cao tốc Nha Trang-Cam Lâm, Xã Cam Hiệp, Tỉnh Khánh Hòa",,2.0,1,0,0.0,0.0,365.1,0.0,5.0,1,Stopped,0,0,0,0,0,VALID,VALID
92H-02687,2026-08-17 05:24:00,365.1,0,0.0,,,"Cao tốc Nha Trang-Cam Lâm, Xã Cam Hiệp, Tỉnh Khánh Hòa",,2.0,1,0,0.0,0.0,365.1,0.0,5.0,1,Stopped,0,0,0,0,0,VALID,VALID
92H-02687,2026-08-17 05:26:00,365.1,0,0.0,,,"Cao tốc Nha Trang-Cam Lâm, Xã Cam Hiệp, Tỉnh Khánh Hòa",,2.0,1,0,0.0,0.0,365.1,0.0,5.0,1,Stopped,0,0,0,0,0,VALID,VALID
92H-02687,2026-08-17 05:28:00,365.1,0,0.0,,,"Cao tốc Nha Trang-Cam Lâm, Xã Cam Hiệp, Tỉnh Khánh Hòa",,2.0,1,0,0.0,0.0,365.1,0.0,5.0,1,Stopped,0,0,0,0,0,VALID,VALID
92H-02687,2026-08-17 05:31:00,365.1,0,0.0,,,"Cao tốc Nha Trang-Cam Lâm, Xã Cam Hiệp, Tỉnh Khánh Hòa",,3.0,1,0,0.0,0.0,365.1,0.0,5.0,1,Stopped,0,0,0,0,0,VALID,VALID
92H-02687,2026-08-17 05:33:00,365.1,0,0.0,,,"Cao tốc Nha Trang-Cam Lâm, Xã Cam Hiệp, Tỉnh Khánh Hòa",,2.0,1,0,0.0,0.0,365.1,0.0,5.0,1,Stopped,0,0,0,0,0,VALID,VALID
92H-02687,2026-08-17 05:35:00,365.1,0,0.0,,,"Cao tốc Nha Trang-Cam Lâm, Xã Cam Hiệp, Tỉnh Khánh Hòa",,2.0,1,0,0.0,0.0,365.1,0.0,5.0,1,Stopped,0,0,0,0,0,VALID,VALID
92H-02687,2026-08-17 05:37:00,365.1,0,0.0,,,"Cao tốc Nha Trang-Cam Lâm, Xã Cam Hiệp, Tỉnh Khánh Hòa",,2.0,1,0,0.0,0.0,365.1,0.0,5.0,1,Stopped,0,0,0,0,0,VALID,VALID
92H-02687,2026-08-17 05:40:00,365.1,0,0.0,,,"Cao tốc Nha Trang-Cam Lâm, Xã Cam Hiệp, Tỉnh Khánh Hòa",,3.0,1,0,0.0,0.0,365.1,0.0,5.0,1,Stopped,0,0,0,0,0,VALID,VALID
92H-02687,2026-08-17 05:42:00,365.1,0,0.0,,,"Cao tốc Nha Trang-Cam Lâm, Xã Cam Hiệp, Tỉnh Khánh Hòa",,2.0,1,0,0.0,0.0,365.1,0.0,5.0,1,Stopped,0,0,0,0,0,VALID,VALID
92H-02687,2026-08-17 05:44:00,365.1,0,0.0,,,"Cao tốc Nha Trang-Cam Lâm, Xã Cam Hiệp, Tỉnh Khánh Hòa",,2.0,1,0,0.0,0.0,365.1,0.0,5.0,1,Stopped,0,0,0,0,0,VALID,VALID
92H-02687,2026-08-17 05:46:00,365.1,0,0.0,,,"Cao tốc Nha Trang-Cam Lâm, Xã Cam Hiệp, Tỉnh Khánh Hòa",,2.0,1,0,0.0,0.0,365.1,0.0,5.0,1,Stopped,0,0,0,0,0,VALID,VALID
92H-02687,2026-08-17 05:48:00,365.1,0,0.0,,,"Cao tốc Nha Trang-Cam Lâm, Xã Cam Hiệp, Tỉnh Khánh Hòa",,2.0,1,0,0.0,0.0,365.1,0.0,5.0,1,Stopped,0,0,0,0,0,VALID,VALID
92H-02687,2026-08-17 05:50:00,365.1,0,0.0,,,"Cao tốc Nha Trang-Cam Lâm, Xã Cam Hiệp, Tỉnh Khánh Hòa",,2.0,1,0,0.0,0.0,365.1,0.0,5.0,1,Stopped,0,0,0,0,0,VALID,VALID
92H-02687,2026-08-17 05:53:00,365.1,0,0.0,,,"Cao tốc Nha Trang-Cam Lâm, Xã Cam Hiệp, Tỉnh Khánh Hòa",,3.0,1,0,0.0,0.0,365.1,0.0,5.0,1,Stopped,0,0,0,0,0,VALID,VALID
92H-02687,2026-08-17 05:55:00,365.1,0,0.0,,,"Cao tốc Nha Trang-Cam Lâm, Xã Cam Hiệp, Tỉnh Khánh Hòa",,2.0,1,0,0.0,0.0,365.1,0.0,5.0,1,Stopped,0,0,0,0,0,VALID,VALID
92H-02687,2026-08-17 05:57:00,365.1,0,0.0,,,"Cao tốc Nha Trang-Cam Lâm, Xã Cam Hiệp, Tỉnh Khánh Hòa",,2.0,1,0,0.0,0.0,365.1,0.0,5.0,1,Stopped,0,0,0,0,0,VALID,VALID
92H-02687,2026-08-17 05:59:00,365.1,0,0.0,,,"Cao tốc Nha Trang-Cam Lâm, Xã Cam Hiệp, Tỉnh Khánh Hòa",,2.0,1,0,0.0,0.0,365.1,0.0,5.0,1,Stopped,0,0,0,0,0,VALID,VALID
92H-02687,2026-08-17 06:01:00,365.1,0,0.0,,,"Cao tốc Nha Trang-Cam Lâm, Xã Cam Hiệp, Tỉnh Khánh Hòa",,2.0,1,0,0.0,0.0,365.1,0.0,5.0,1,Stopped,0,0,0,0,0,VALID,VALID
92H-02687,2026-08-17 06:04:00,365.1,0,0.0,,,"Cao tốc Nha Trang-Cam Lâm, Xã Cam Hiệp, Tỉnh Khánh Hòa",,3.0,1,0,0.0,0.0,365.1,0.0,5.0,1,Stopped,0,0,0,0,0,VALID,VALID
92H-02687,2026-08-17 06:06:00,365.1,0,0.0,,,"Cao tốc Nha Trang-Cam Lâm, Xã Cam Hiệp, Tỉnh Khánh Hòa",,2.0,1,0,0.0,0.0,365.1,0.0,5.0,1,Stopped,0,0,0,0,0,VALID,VALID
92H-02687,2026-08-17 06:08:00,365.1,0,0.0,,,"Cao tốc Nha Trang-Cam Lâm, Xã Cam Hiệp, Tỉnh Khánh Hòa",,2.0,1,0,0.0,0.0,365.1,0.0,5.0,1,Stopped,0,0,0,0,0,VALID,VALID
92H-02687,2026-08-17 06:10:00,365.1,0,0.0,,,"Cao tốc Nha Trang-Cam Lâm, Xã Cam Hiệp, Tỉnh Khánh Hòa",,2.0,1,0,0.0,0.0,365.1,0.0,5.0,1,Stopped,0,0,0,0,0,VALID,VALID
92H-02687,2026-08-17 06:12:00,365.1,0,0.0,,,"Cao tốc Nha Trang-Cam Lâm, Xã Cam Hiệp, Tỉnh Khánh Hòa",,2.0,1,0,0.0,0.0,365.1,0.0,5.0,1,Stopped,0,0,0,0,0,VALID,VALID
92H-02687,2026-08-17 06:14:00,365.1,0,0.0,,,"Cao tốc Nha Trang-Cam Lâm, Xã Cam Hiệp, Tỉnh Khánh Hòa",,2.0,1,0,0.0,0.0,365.1,0.0,5.0,1,Stopped,0,0,0,0,0,VALID,VALID
92H-02687,2026-08-17 06:16:00,364.9,0,0.0,,,"Cao tốc Nha Trang-Cam Lâm, Xã Cam Hiệp, Tỉnh Khánh Hòa",,2.0,1,0,-0.20000000000004547,-0.10000000000002274,365.1,0.08944271421284827,5.0,1,Stopped,0,0,0,0,0,VALID,VALID
92H-02687,2026-08-17 06:18:00,364.9,0,0.0,,,"Cao tốc Nha Trang-Cam Lâm, Xã Cam Hiệp, Tỉnh Khánh Hòa",,2.0,1,0,0.0,0.0,365.1,0.10954450751077126,5.0,1,Stopped,0,0,0,0,0,VALID,VALID
92H-02687,2026-08-17 06:20:00,364.9,36,0.3,,,"Cao tốc Nha Trang-Cam Lâm, Xã Cam Hiệp, Tỉnh Khánh Hòa",,2.0,1,0,0.0,0.0,364.9,0.10954450751083482,5.0,1,Moving,0,0,0,0,0,VALID,VALID
92H-02687,2026-08-17 06:22:00,365.1,53,0.14166666666666666,,,"Cao tốc Nha Trang-Cam Lâm, Xã Cam An, Tỉnh Khánh Hòa",,2.0,1,0,0.20000000000004547,0.10000000000002274,364.9,0.10954450751083482,5.0,1,Moving,0,0,0,0,0,VALID,VALID
92H-02687,2026-08-17 06:24:00,364.8,78,0.20833333333333334,,,"Cao tốc Nha Trang-Cam Lâm, Xã Cam An, Tỉnh Khánh Hòa",,2.0,1,0,-0.30000000000001137,-0.15000000000000568,364.9,0.10954450751091266,5.0,1,Moving,0,0,0,0,0,VALID,VALID
92H-02687,2026-08-17 06:26:00,360.5,67,-0.09166666666666666,,,"Cao tốc Nha Trang-Cam Lâm, Xã Cam An, Tỉnh Khánh Hòa",,2.0,1,0,-4.300000000000011,-2.1500000000000057,364.9,1.9819182624735348,5.0,1,Moving,0,0,0,0,0,VALID,VALID
92H-02687,2026-08-17 06:28:00,359.6,72,0.041666666666666664,,,"Cao tốc Nha Trang-Cam Lâm, Xã Cam An, Tỉnh Khánh Hòa",,2.0,1,0,-0.8999999999999773,-0.44999999999998863,364.8,2.6957373757705754,5.0,1,Moving,0,0,0,0,0,VALID,VALID
92H-02687,2026-08-17 06:30:00,359.8,72,0.0,,,"Cao tốc Nha Trang-Cam Lâm, Phường Ba Ngòi, Tỉnh Khánh Hòa",,2.0,1,0,0.19999999999998863,0.09999999999999432,360.5,2.751908428550411,5.0,1,Moving,0,0,0,0,0,VALID,VALID
92H-02687,2026-08-17 06:32:00,359.5,64,-0.06666666666666667,,,"Cao tốc Nha Trang-Cam Lâm, Phường Ba Ngòi, Tỉnh Khánh Hòa",,2.0,1,0,-0.30000000000001137,-0.15000000000000568,359.8,2.2478878973665846,5.0,1,Moving,0,0,0,0,0,VALID,VALID
92H-02687,2026-08-17 06:34:00,359.4,42,-0.18333333333333332,,,"Cao tốc Nha Trang-Cam Lâm, Phường Ba Ngòi, Tỉnh Khánh Hòa",,2.0,1,0,-0.10000000000002274,-0.05000000000001137,359.6,0.43931765173681603,5.0,1,Moving,0,0,0,0,0,VALID,VALID
92H-02687,2026-08-17 06:36:00,359.2,72,0.25,,,"Xã Nam Cam Ranh, Tỉnh Khánh Hòa",,2.0,1,0,-0.19999999999998863,-0.09999999999999432,359.5,0.22360679579937146,5.0,1,Moving,0,0,0,0,0,VALID,VALID
92H-02687,2026-08-17 06:38:00,355.7,76,0.03333333333333333,,,"Cao tốc Cam Lâm-Vĩnh Hảo, Xã Nam Cam Ranh, Tỉnh Khánh Hòa",,2.0,1,0,-3.5,-1.75,359.4,1.702057578088347,5.0,1,Moving,0,0,0,0,0,VALID,VALID
92H-02687,2026-08-17 06:40:00,355.8,55,-0.175,,,"Cao tốc Cam Lâm-Vĩnh Hảo, Xã Nam Cam Ranh, Tỉnh Khánh Hòa",,2.0,1,0,0.10000000000002274,0.05000000000001137,359.2,1.9841874909212107,5.0,1,Moving,0,0,0,0,0,VALID,VALID
92H-02687,2026-08-17 06:42:00,355.8,36,-0.15833333333333333,,,"Cao tốc Cam Lâm-Vĩnh Hảo, Xã Nam Cam Ranh, Tỉnh Khánh Hòa",,2.0,1,0,0.0,0.0,355.8,1.9370080018235407,5.0,1,Moving,0,0,0,0,0,VALID,VALID
92H-02687,2026-08-17 06:44:00,356.1,47,0.09166666666666666,,,"Cao tốc Cam Lâm-Vĩnh Hảo, Xã Nam Cam Ranh, Tỉnh Khánh Hòa",,2.0,1,0,0.30000000000001137,0.15000000000000568,355.8,1.5056560029198787,5.0,1,Moving,0,0,0,0,0,VALID,VALID
92H-02687,2026-08-17 06:46:00,354.1,67,0.16666666666666666,,,"Cao tốc Cam Lâm-Vĩnh Hảo, Xã Công Hải, Tỉnh Khánh Hòa",,2.0,1,0,-2.0,-1.0,355.8,0.7968688719789877,5.0,1,Moving,0,0,0,0,0,VALID,VALID
92H-02687,2026-08-17 06:48:00,349.8,73,0.05,,,"Cao tốc Cam Lâm-Vĩnh Hảo, Xã Công Hải, Tỉnh Khánh Hòa",,2.0,1,0,-4.300000000000011,-2.1500000000000057,355.8,2.6470738560020446,5.0,1,Moving,0,0,0,0,0,VALID,VALID
92H-02687,2026-08-17 06:50:00,348.8,69,-0.03333333333333333,,,"Cao tốc Cam Lâm-Vĩnh Hảo, Xã Công Hải, Tỉnh Khánh Hòa",,2.0,1,0,-1.0,-0.5,354.1,3.409838705735231,5.0,1,Moving,0,0,0,0,0,VALID,VALID
92H-02687,2026-08-17 06:52:00,349.8,53,-0.13333333333333333,,,"Cao tốc Cam Lâm-Vĩnh Hảo, Xã Thuận Bắc, Tỉnh Khánh Hòa",,2.0,1,0,1.0,0.5,349.8,3.191708006558656,5.0,1,Moving,0,0,0,0,0,VALID,VALID
92H-02687,2026-08-17 06:54:00,349.8,53,0.0,,,"Xã Thuận Bắc, Tỉnh Khánh Hòa",,2.0,1,0,0.0,0.0,349.8,2.08038457962252,5.0,1,Moving,0,0,0,0,0,VALID,VALID
92H-02687,2026-08-17 06:56:00,347.7,16,-0.30833333333333335,,,"Xã Thuận Bắc, Tỉnh Khánh Hòa",,2.0,1,0,-2.1000000000000227,-1.0500000000000114,349.8,0.9338094019294072,5.0,1,Moving,0,0,0,0,0,VALID,VALID
92H-02687,2026-08-17 06:58:00,346.4,56,0.3333333333333333,,,"Quốc Lộ 1, Xã Thuận Bắc, Tỉnh Khánh Hòa",,2.0,1,0,-1.3000000000000114,-0.6500000000000057,348.8,1.459451951635293,5.0,1,Moving,0,0,0,0,0,VALID,VALID
92H-02687,2026-08-17 07:00:00,348.0,57,0.008333333333333333,,,"Quốc Lộ 1, Xã Thuận Bắc, Tỉnh Khánh Hòa",,2.0,1,0,1.6000000000000227,0.8000000000000114,348.0,1.4621901378179667,5.0,1,Moving,0,0,0,0,0,VALID,VALID
92H-02687,2026-08-17 07:02:00,346.9,55,-0.016666666666666666,,,"Quốc Lộ 1, Xã Thuận Bắc, Tỉnh Khánh Hòa",,2.0,1,0,-1.1000000000000227,-0.5500000000000114,347.7,1.3049904210883496,5.0,1,Moving,0,0,0,0,0,VALID,VALID
92H-02687,2026-08-17 07:04:00,346.7,36,-0.15833333333333333,,,"Quốc Lộ 1, Xã Thuận Bắc, Tỉnh Khánh Hòa",,2.0,1,0,-0.19999999999998863,-0.09999999999999432,346.9,0.6804410328107816,5.0,1,Moving,0,0,0,0,0,VALID,VALID
92H-02687,2026-08-17 07:06:00,345.7,53,0.14166666666666666,,,"Quốc Lộ 1, Xã Thuận Bắc, Tỉnh Khánh Hòa",,2.0,1,0,-1.0,-0.5,346.7,0.8384509521330333,5.0,1,Moving,0,0,0,0,0,VALID,VALID
92H-02687,2026-08-17 07:08:00,345.5,57,0.03333333333333333,,,"Quốc Lộ 1, Xã Thuận Bắc, Tỉnh Khánh Hòa",,2.0,1,0,-0.19999999999998863,-0.09999999999999432,346.7,1.0089598600206366,5.0,1,Moving,0,0,0,0,0,VALID,VALID
92H-02687,2026-08-17 07:10:00,345.2,57,0.0,,,"Quốc Lộ 1, Xã Xuân Hải, Tỉnh Khánh Hòa",,2.0,1,0,-0.30000000000001137,-0.15000000000000568,345.7,0.7549834429529626,5.0,1,Moving,0,0,0,0,0,VALID,VALID
92H-02687,2026-08-17 07:12:00,345.0,52,-0.041666666666666664,,,"Quốc Lộ 1, Xã Xuân Hải, Tỉnh Khánh Hòa",,2.0,1,0,-0.19999999999998863,-0.09999999999999432,345.5,0.6610597545859833,5.0,1,Moving,0,0,0,0,0,VALID,VALID
92H-02687,2026-08-17 07:14:00,344.7,48,-0.03333333333333333,,,"Quốc Lộ 1, Xã Xuân Hải, Tỉnh Khánh Hòa",,2.0,1,0,-0.30000000000001137,-0.15000000000000568,345.2,0.39623225402973183,5.0,1,Moving,0,0,0,0,0,VALID,VALID
92H-02687,2026-08-17 07:16:00,343.8,47,-0.008333333333333333,,,"Quốc Lộ 1, Xã Xuân Hải, Tỉnh Khánh Hòa",,2.0,1,0,-0.8999999999999773,-0.44999999999998863,345.0,0.6503845009943494,5.0,1,Moving,0,0,0,0,0,VALID,VALID
92H-02687,2026-08-17 07:18:00,342.9,23,-0.2,,,"Lê Duẩn, Phường Bảo An, Tỉnh Khánh Hòa",,2.0,1,0,-0.9000000000000341,-0.45000000000001705,344.7,0.9576011691377186,5.0,1,Moving,0,0,0,0,0,VALID,VALID
92H-02687,2026-08-17 07:20:00,342.2,0,-0.19166666666666668,,,"Lê Duẩn, Phường Bảo An, Tỉnh Khánh Hòa",,2.0,1,0,-0.6999999999999886,-0.3499999999999943,343.8,1.1819475450011176,5.0,1,Stopped,0,0,0,0,0,VALID,VALID
92H-02687,2026-08-17 07:22:00,342.3,39,0.325,,,"Lê Duẩn, Phường Bảo An, Tỉnh Khánh Hòa",,2.0,1,0,0.10000000000002274,0.05000000000001137,342.9,1.0616025617595215,5.0,1,Moving,0,0,0,0,0,VALID,VALID
92H-02687,2026-08-17 07:24:00,342.0,35,-0.03333333333333333,,,"Lê Duẩn, Phường Bảo An, Tỉnh Khánh Hòa",,2.0,1,0,-0.30000000000001137,-0.15000000000000568,342.3,0.7300684893451055,5.0,1,Moving,0,0,0,0,0,VALID,VALID
92H-02687,2026-08-17 07:26:00,341.7,47,0.1,,,"Lê Duẩn, Xã Ninh Phước, Tỉnh Khánh Hòa",,2.0,1,0,-0.30000000000001137,-0.15000000000000568,342.2,0.4438468194488443,5.0,1,Moving,0,0,0,0,0,VALID,VALID
92H-02687,2026-08-17 07:28:00,341.4,45,-0.016666666666666666,,,"Lê Duẩn, Xã Phước Dinh, Tỉnh Khánh Hòa",,2.0,1,0,-0.30000000000001137,-0.15000000000000568,342.0,0.37013510929796206,5.0,1,Moving,0,0,0,0,0,VALID,VALID
92H-02687,2026-08-17 07:30:00,339.1,38,-0.058333333333333334,,,"Thống Nhất, Xã Phước Dinh, Tỉnh Khánh Hòa",,2.0,1,0,-2.2999999999999545,-1.1499999999999773,341.7,1.2747548780590268,5.0,1,Moving,0,0,0,0,0,VALID,VALID
92H-02687,2026-08-17 07:32:00,339.2,36,-0.016666666666666666,,,"Thống Nhất, Xã Phước Dinh, Tỉnh Khánh Hòa",,2.0,1,0,0.0999999999999659,0.04999999999998295,341.4,1.41315250384931,5.0,1,Moving,0,0,0,0,0,VALID,VALID
92H-02687,2026-08-17 07:36:00,338.2,0,-0.15,,,"Thống Nhất, Phường Phan Rang, Tỉnh Khánh Hòa",,4.0,1,0,-1.0,-0.25,339.2,1.5417522495965261,5.0,1,Stopped,0,0,0,0,0,VALID,VALID
92H-02687,2026-08-17 07:38:00,338.2,0,0.0,,,"Thống Nhất, Phường Phan Rang, Tỉnh Khánh Hòa",,2.0,1,0,0.0,0.0,339.1,1.3084341783736424,5.0,1,Stopped,0,0,0,0,0,VALID,VALID
92H-02687,2026-08-17 07:40:00,338.2,0,0.0,,,"Thống Nhất, Phường Phan Rang, Tỉnh Khánh Hòa",,2.0,1,0,0.0,0.0,338.2,0.5215361915885143,5.0,1,Stopped,0,0,0,0,0,VALID,VALID
92H-02687,2026-08-17 07:42:00,338.2,0,0.0,,,"Thống Nhất, Phường Phan Rang, Tỉnh Khánh Hòa",,2.0,1,0,0.0,0.0,338.2,0.4472135945348065,5.0,1,Stopped,0,0,0,0,0,VALID,VALID
92H-02687,2026-08-17 07:44:00,338.3,0,0.0,,,"Thống Nhất, Phường Phan Rang, Tỉnh Khánh Hòa",,2.0,1,0,0.10000000000002274,0.05000000000001137,338.2,0.044721349899609526,5.0,1,Stopped,0,0,0,0,0,VALID,VALID
92H-02687,2026-08-17 07:46:00,338.3,0,0.0,,,"Thống Nhất, Phường Phan Rang, Tỉnh Khánh Hòa",,2.0,1,0,0.0,0.0,338.2,0.05477224787092414,5.0,1,Stopped,0,0,0,0,0,VALID,VALID
92H-02687,2026-08-17 07:49:00,338.3,0,0.0,,,"Thống Nhất, Phường Phan Rang, Tỉnh Khánh Hòa",,3.0,1,0,0.0,0.0,338.3,0.05477224787084371,5.0,1,Stopped,0,0,0,0,0,VALID,VALID
92H-02687,2026-08-17 07:51:00,338.3,0,0.0,,,"Thống Nhất, Phường Phan Rang, Tỉnh Khánh Hòa",,2.0,1,0,0.0,0.0,338.3,0.044721349899314006,5.0,1,Stopped,0,0,0,0,0,VALID,VALID
92H-02687,2026-08-17 07:52:00,338.3,0,0.0,,,"Thống Nhất, Phường Phan Rang, Tỉnh Khánh Hòa",,1.0,1,0,0.0,0.0,338.3,0.0,5.0,1,Stopped,0,0,0,0,0,VALID,VALID
92H-02687,2026-08-17 07:54:00,338.3,0,0.0,,,"Thống Nhất, Phường Phan Rang, Tỉnh Khánh Hòa",,2.0,1,0,0.0,0.0,338.3,0.0,5.0,1,Stopped,0,0,0,0,0,VALID,VALID
92H-02687,2026-08-17 07:56:00,338.3,0,0.0,,,"Thống Nhất, Phường Phan Rang, Tỉnh Khánh Hòa",,2.0,1,0,0.0,0.0,338.3,0.0,5.0,1,Stopped,0,0,0,0,0,VALID,VALID
92H-02687,2026-08-17 07:58:00,338.3,0,0.0,,,"Thống Nhất, Phường Phan Rang, Tỉnh Khánh Hòa",,2.0,1,0,0.0,0.0,338.3,0.0,5.0,1,Stopped,0,0,0,0,0,VALID,VALID
92H-02687,2026-08-17 08:01:00,338.6,0,0.0,,,"Thống Nhất, Phường Phan Rang, Tỉnh Khánh Hòa",,3.0,1,0,0.30000000000001137,0.1000000000000038,338.3,0.13416407543300013,5.0,1,Stopped,0,0,0,0,0,VALID,VALID
92H-02687,2026-08-17 08:03:00,338.5,0,0.0,,,"Thống Nhất, Phường Phan Rang, Tỉnh Khánh Hòa",,2.0,1,0,-0.10000000000002274,-0.05000000000001137,338.3,0.1414213531853599,5.0,1,Stopped,0,0,0,0,0,VALID,VALID
92H-02687,2026-08-17 08:05:00,338.3,0,0.0,,,"Thống Nhất, Phường Phan Rang, Tỉnh Khánh Hòa",,2.0,1,0,-0.19999999999998863,-0.09999999999999432,338.3,0.1414213531853599,5.0,1,Stopped,0,0,0,0,0,VALID,VALID
92H-02687,2026-08-17 08:07:00,338.3,0,0.0,,,"Thống Nhất, Phường Phan Rang, Tỉnh Khánh Hòa",,2.0,1,0,0.0,0.0,338.3,0.1414213531853599,5.0,1,Stopped,0,0,0,0,0,VALID,VALID
92H-02687,2026-08-17 08:10:00,338.2,0,0.0,,,"Thống Nhất, Phường Phan Rang, Tỉnh Khánh Hòa",,3.0,1,0,-0.10000000000002274,-0.03333333333334091,338.3,0.16431676462488073,5.0,1,Stopped,0,0,0,0,0,VALID,VALID
92H-02687,2026-08-17 08:12:00,338.2,0,0.0,,,"Thống Nhất, Phường Phan Rang, Tỉnh Khánh Hòa",,2.0,1,0,0.0,0.0,338.3,0.12247448361524393,5.0,1,Stopped,0,0,0,0,0,VALID,VALID
92H-02687,2026-08-17 08:14:00,338.2,0,0.0,,,"Thống Nhất, Phường Phan Rang, Tỉnh Khánh Hòa",,2.0,1,0,0.0,0.0,338.2,0.054772247871053885,5.0,1,Stopped,0,0,0,0,0,VALID,VALID
92H-02687,2026-08-17 08:16:00,338.2,0,0.0,,,"Thống Nhất, Phường Phan Rang, Tỉnh Khánh Hòa",,2.0,1,0,0.0,0.0,338.2,0.04472134989976843,5.0,1,Stopped,0,0,0,0,0,VALID,VALID
92H-02687,2026-08-17 08:18:00,338.2,0,0.0,,,"Thống Nhất, Phường Phan Rang, Tỉnh Khánh Hòa",,2.0,1,0,0.0,0.0,338.2,0.0,5.0,1,Stopped,0,0,0,0,0,VALID,VALID
92H-02687,2026-08-17 08:20:00,338.1,0,0.0,,,"Thống Nhất, Phường Phan Rang, Tỉnh Khánh Hòa",,2.0,1,0,-0.0999999999999659,-0.04999999999998295,338.2,0.044721349899994045,5.0,1,Stopped,0,0,0,0,0,VALID,VALID
92H-02687,2026-08-17 08:23:00,338.1,0,0.0,,,"Thống Nhất, Phường Phan Rang, Tỉnh Khánh Hòa",,3.0,1,0,0.0,0.0,338.2,0.05477224787142815,5.0,1,Stopped,0,0,0,0,0,VALID,VALID
92H-02687,2026-08-17 08:25:00,338.1,0,0.0,,,"Thống Nhất, Phường Phan Rang, Tỉnh Khánh Hòa",,2.0,1,0,0.0,0.0,338.1,0.05477224787154361,5.0,1,Stopped,0,0,0,0,0,VALID,VALID
92H-02687,2026-08-17 08:27:00,338.1,0,0.0,,,"Thống Nhất, Phường Phan Rang, Tỉnh Khánh Hòa",,2.0,1,0,0.0,0.0,338.1,0.04472134990041826,5.0,1,Stopped,0,0,0,0,0,VALID,VALID
92H-02687,2026-08-17 08:29:00,338.1,0,0.0,,,"Thống Nhất, Phường Phan Rang, Tỉnh Khánh Hòa",,2.0,1,0,0.0,0.0,338.1,0.0,5.0,1,Stopped,0,0,0,0,0,VALID,VALID
92H-02687,2026-08-17 08:31:00,338.1,0,0.0,,,"Thống Nhất, Phường Phan Rang, Tỉnh Khánh Hòa",,2.0,1,0,0.0,0.0,338.1,0.0,5.0,1,Stopped,0,0,0,0,0,VALID,VALID
92H-02687,2026-08-17 08:34:00,338.1,0,0.0,,,"Thống Nhất, Phường Phan Rang, Tỉnh Khánh Hòa",,3.0,1,0,0.0,0.0,338.1,0.0,5.0,1,Stopped,0,0,0,0,0,VALID,VALID
92H-02687,2026-08-17 08:36:00,338.1,0,0.0,,,"Thống Nhất, Phường Phan Rang, Tỉnh Khánh Hòa",,2.0,1,0,0.0,0.0,338.1,0.0,5.0,1,Stopped,0,0,0,0,0,VALID,VALID
92H-02687,2026-08-17 08:38:00,338.1,0,0.0,,,"Thống Nhất, Phường Phan Rang, Tỉnh Khánh Hòa",,2.0,1,0,0.0,0.0,338.1,0.0,5.0,1,Stopped,0,0,0,0,0,VALID,VALID
92H-02687,2026-08-17 08:40:00,338.1,0,0.0,,,"Thống Nhất, Phường Phan Rang, Tỉnh Khánh Hòa",,2.0,1,0,0.0,0.0,338.1,0.0,5.0,1,Stopped,0,0,0,0,0,VALID,VALID
92H-02687,2026-08-17 08:42:00,338.1,0,0.0,,,"Thống Nhất, Phường Phan Rang, Tỉnh Khánh Hòa",,2.0,1,0,0.0,0.0,338.1,0.0,5.0,1,Stopped,0,0,0,0,0,VALID,VALID
92H-02687,2026-08-17 08:44:00,337.8,0,0.0,,,"Thống Nhất, Phường Phan Rang, Tỉnh Khánh Hòa",,2.0,1,0,-0.30000000000001137,-0.15000000000000568,338.1,0.13416407543367856,5.0,1,Stopped,0,0,0,0,0,VALID,VALID
92H-02687,2026-08-17 08:46:00,338.1,0,0.0,,,"Thống Nhất, Phường Phan Rang, Tỉnh Khánh Hòa",,2.0,1,0,0.30000000000001137,0.15000000000000568,338.1,0.13416407543367856,5.0,1,Stopped,0,0,0,0,0,VALID,VALID
92H-02687,2026-08-17 08:48:00,338.1,0,0.0,,,"Thống Nhất, Phường Phan Rang, Tỉnh Khánh Hòa",,2.0,1,0,0.0,0.0,338.1,0.13416407543367856,5.0,1,Stopped,0,0,0,0,0,VALID,VALID
92H-02687,2026-08-17 08:50:00,338.1,0,0.0,,,"Thống Nhất, Phường Phan Rang, Tỉnh Khánh Hòa",,2.0,1,0,0.0,0.0,338.1,0.13416407543367856,5.0,1,Stopped,0,0,0,0,0,VALID,VALID
92H-02687,2026-08-17 08:52:00,337.9,0,0.0,,,"Thống Nhất, Phường Phan Rang, Tỉnh Khánh Hòa",,2.0,1,0,-0.20000000000004547,-0.10000000000002274,338.1,0.14142135318615753,5.0,1,Stopped,0,0,0,0,0,VALID,VALID
92H-02687,2026-08-17 08:55:00,337.9,0,0.0,,,"Thống Nhất, Phường Phan Rang, Tỉnh Khánh Hòa",,3.0,1,0,0.0,0.0,338.1,0.10954450756195805,5.0,1,Stopped,0,0,0,0,0,VALID,VALID
92H-02687,2026-08-17 08:57:00,337.9,0,0.0,,,"Thống Nhất, Phường Phan Rang, Tỉnh Khánh Hòa",,2.0,1,0,0.0,0.0,337.9,0.10954450756207869,5.0,1,Stopped,0,0,0,0,0,VALID,VALID
92H-02687,2026-08-17 08:59:00,337.9,0,0.0,,,"Thống Nhất, Phường Phan Rang, Tỉnh Khánh Hòa",,2.0,1,0,0.0,0.0,337.9,0.08944271427589968,5.0,1,Stopped,0,0,0,0,0,VALID,VALID
92H-02687,2026-08-17 09:01:00,337.9,0,0.0,,,"Thống Nhất, Phường Phan Rang, Tỉnh Khánh Hòa",,2.0,1,0,0.0,0.0,337.9,0.0,5.0,1,Stopped,0,0,0,0,0,VALID,VALID
92H-02687,2026-08-17 09:03:00,337.9,0,0.0,,,"Thống Nhất, Phường Phan Rang, Tỉnh Khánh Hòa",,2.0,1,0,0.0,0.0,337.9,0.0,5.0,1,Stopped,0,0,0,0,0,VALID,VALID
92H-02687,2026-08-17 09:06:00,337.9,0,0.0,,,"Thống Nhất, Phường Phan Rang, Tỉnh Khánh Hòa",,3.0,1,0,0.0,0.0,337.9,0.0,5.0,1,Stopped,0,0,0,0,0,VALID,VALID
92H-02687,2026-08-17 09:08:00,337.9,0,0.0,,,"Thống Nhất, Phường Phan Rang, Tỉnh Khánh Hòa",,2.0,1,0,0.0,0.0,337.9,0.0,5.0,1,Stopped,0,0,0,0,0,VALID,VALID
92H-02687,2026-08-17 09:10:00,337.9,0,0.0,,,"Thống Nhất, Phường Phan Rang, Tỉnh Khánh Hòa",,2.0,1,0,0.0,0.0,337.9,0.0,5.0,1,Stopped,0,0,0,0,0,VALID,VALID
92H-02687,2026-08-17 09:12:00,337.9,0,0.0,,,"Thống Nhất, Phường Phan Rang, Tỉnh Khánh Hòa",,2.0,1,0,0.0,0.0,337.9,0.0,5.0,1,Stopped,0,0,0,0,0,VALID,VALID
92H-02687,2026-08-17 09:14:00,337.9,0,0.0,,,"Thống Nhất, Phường Phan Rang, Tỉnh Khánh Hòa",,2.0,1,0,0.0,0.0,337.9,0.0,5.0,1,Stopped,0,0,0,0,0,VALID,VALID
92H-02687,2026-08-17 09:16:00,337.9,0,0.0,,,"Thống Nhất, Phường Phan Rang, Tỉnh Khánh Hòa",,2.0,1,0,0.0,0.0,337.9,0.0,5.0,1,Stopped,0,0,0,0,0,VALID,VALID
92H-02687,2026-08-17 09:19:00,337.8,0,0.0,,,"Thống Nhất, Phường Phan Rang, Tỉnh Khánh Hòa",,3.0,1,0,-0.0999999999999659,-0.03333333333332197,337.9,0.04472134990214613,5.0,1,Stopped,0,0,0,0,0,VALID,VALID
92H-02687,2026-08-17 09:21:00,337.8,0,0.0,,,"Thống Nhất, Phường Phan Rang, Tỉnh Khánh Hòa",,2.0,1,0,0.0,0.0,337.9,0.05477224787318532,5.0,1,Stopped,0,0,0,0,0,VALID,VALID
92H-02687,2026-08-17 09:23:00,337.8,0,0.0,,,"Thống Nhất, Phường Phan Rang, Tỉnh Khánh Hòa",,2.0,1,0,0.0,0.0,337.8,0.05477224787330078,5.0,1,Stopped,0,0,0,0,0,VALID,VALID
92H-02687,2026-08-17 09:25:00,337.8,0,0.0,,,"Thống Nhất, Phường Phan Rang, Tỉnh Khánh Hòa",,2.0,1,0,0.0,0.0,337.8,0.044721349902570345,5.0,1,Stopped,0,0,0,0,0,VALID,VALID
92H-02687,2026-08-17 09:28:00,337.6,0,0.0,,,"Thống Nhất, Phường Phan Rang, Tỉnh Khánh Hòa",,3.0,1,0,-0.19999999999998863,-0.06666666666666288,337.8,0.0894427142765074,5.0,1,Stopped,0,0,0,0,0,VALID,VALID
92H-02687,2026-08-17 09:30:00,337.6,0,0.0,,,"Thống Nhất, Phường Phan Rang, Tỉnh Khánh Hòa",,2.0,1,0,0.0,0.0,337.8,0.1095445075627883,5.0,1,Stopped,0,0,0,0,0,VALID,VALID
92H-02687,2026-08-17 09:32:00,337.5,0,0.0,,,"Thống Nhất, Phường Phan Rang, Tỉnh Khánh Hòa",,2.0,1,0,-0.10000000000002274,-0.05000000000001137,337.6,0.13416407543456646,5.0,1,Stopped,0,0,0,0,0,VALID,VALID
92H-02687,2026-08-17 09:34:00,337.5,0,0.0,,,"Thống Nhất, Phường Phan Rang, Tỉnh Khánh Hòa",,2.0,1,0,0.0,0.0,337.6,0.12247448361699863,5.0,1,Stopped,0,0,0,0,0,VALID,VALID
92H-02687,2026-08-17 09:36:00,337.5,0,0.0,,,"Thống Nhất, Phường Phan Rang, Tỉnh Khánh Hòa",,2.0,1,0,0.0,0.0,337.5,0.054772247875047565,5.0,1,Stopped,0,0,0,0,0,VALID,VALID
92H-02687,2026-08-17 09:39:00,337.5,0,0.0,,,"Thống Nhất, Phường Phan Rang, Tỉnh Khánh Hòa",,3.0,1,0,0.0,0.0,337.5,0.04472134990468826,5.0,1,Stopped,0,0,0,0,0,VALID,VALID
92H-02687,2026-08-17 09:41:00,337.3,0,0.0,,,"Thống Nhất, Phường Phan Rang, Tỉnh Khánh Hòa",,2.0,1,0,-0.19999999999998863,-0.09999999999999432,337.5,0.08944271427755207,5.0,1,Stopped,0,0,0,0,0,VALID,VALID
92H-02687,2026-08-17 09:43:00,337.3,0,0.0,,,"Thống Nhất, Phường Phan Rang, Tỉnh Khánh Hòa",,2.0,1,0,0.0,0.0,337.5,0.10954450756364127,5.0,1,Stopped,0,0,0,0,0,VALID,VALID
92H-02687,2026-08-17 09:44:00,337.2,0,0.0,,,"Thống Nhất, Phường Phan Rang, Tỉnh Khánh Hòa",,1.0,1,0,-0.10000000000002274,-0.10000000000002274,337.3,0.1341640754352629,5.0,1,Stopped,0,0,0,0,0,VALID,VALID
92H-02687,2026-08-17 09:46:00,337.3,44,0.36666666666666664,,,"Thống Nhất, Xã Phước Dinh, Tỉnh Khánh Hòa",,2.0,1,0,0.10000000000002274,0.05000000000001137,337.3,0.10954450756391952,5.0,1,Moving,0,0,0,0,0,VALID,VALID
92H-02687,2026-08-17 09:48:00,337.9,43,-0.008333333333333333,,,"Lê Duẩn, Xã Phước Dinh, Tỉnh Khánh Hòa",,2.0,1,0,0.5999999999999659,0.29999999999998295,337.3,0.2828427109496986,5.0,1,Moving,0,0,0,0,0,VALID,VALID
92H-02687,2026-08-17 09:50:00,337.9,49,0.05,,,"Lê Duẩn, Xã Ninh Phước, Tỉnh Khánh Hòa",,2.0,1,0,0.0,0.0,337.3,0.34928498269652336,5.0,1,Moving,0,0,0,0,0,VALID,VALID
92H-02687,2026-08-17 09:52:00,337.5,0,-0.4083333333333333,,,"Lê Duẩn, Phường Phan Rang, Tỉnh Khánh Hòa",,2.0,1,0,-0.39999999999997726,-0.19999999999998863,337.5,0.3286335331905298,5.0,1,Stopped,0,0,0,0,0,VALID,VALID
92H-02687,2026-08-17 09:54:00,335.8,44,0.36666666666666664,,,"Lê Duẩn, Phường Phan Rang, Tỉnh Khánh Hòa",,2.0,1,0,-1.6999999999999886,-0.8499999999999943,337.5,0.8671793350498277,5.0,1,Moving,0,0,0,0,0,VALID,VALID
92H-02687,2026-08-17 09:56:00,335.4,43,-0.008333333333333333,,,"Phường Bảo An, Tỉnh Khánh Hòa",,2.0,1,0,-0.4000000000000341,-0.20000000000001705,337.5,1.2062338078240575,5.0,1,Moving,0,0,0,0,0,VALID,VALID
92H-02687,2026-08-17 09:58:00,335.4,0,-0.35833333333333334,,,"Phường Bảo An, Tỉnh Khánh Hòa",,2.0,1,0,0.0,0.0,335.8,1.2062338078242019,5.0,1,Stopped,0,0,0,0,0,VALID,VALID
92H-02687,2026-08-17 10:00:00,335.3,0,0.0,,,"Phường Bảo An, Tỉnh Khánh Hòa",,2.0,1,0,-0.0999999999999659,-0.04999999999998295,335.4,0.9257429444173085,5.0,1,Stopped,0,0,0,0,0,VALID,VALID
92H-02687,2026-08-17 10:02:00,335.4,0,0.0,,,"Phường Bảo An, Tỉnh Khánh Hòa",,2.0,1,0,0.0999999999999659,0.04999999999998295,335.4,0.1949358846870635,5.0,1,Stopped,0,0,0,0,0,VALID,VALID
92H-02687,2026-08-17 10:04:00,335.4,0,0.0,,,"Phường Bảo An, Tỉnh Khánh Hòa",,2.0,1,0,0.0,0.0,335.4,0.04472134992125406,5.0,1,Stopped,0,0,0,0,0,VALID,VALID
92H-02687,2026-08-17 10:06:00,335.4,0,0.0,,,"Phường Bảo An, Tỉnh Khánh Hòa",,2.0,1,0,0.0,0.0,335.4,0.04472134992125406,5.0,1,Stopped,0,0,0,0,0,VALID,VALID
92H-02687,2026-08-17 10:08:00,335.6,0,0.0,,,"Phường Bảo An, Tỉnh Khánh Hòa",,2.0,1,0,0.20000000000004547,0.10000000000002274,335.4,0.10954450756999655,5.0,1,Stopped,0,0,0,0,0,VALID,VALID
92H-02687,2026-08-17 10:10:00,335.6,0,0.0,,,"Phường Bảo An, Tỉnh Khánh Hòa",,2.0,1,0,0.0,0.0,335.4,0.10954450756979806,5.0,1,Stopped,0,0,0,0,0,VALID,VALID
92H-02687,2026-08-17 10:12:00,335.6,42,0.35,,,"Phường Bảo An, Tỉnh Khánh Hòa",,2.0,1,0,0.0,0.0,335.6,0.10954450756965406,5.0,1,Moving,0,0,0,0,0,VALID,VALID
92H-02687,2026-08-17 10:14:00,335.8,47,0.041666666666666664,,,"Phường Đô Vinh, Tỉnh Khánh Hòa",,2.0,1,0,0.19999999999998863,0.09999999999999432,335.6,0.14142135319184904,5.0,1,Moving,0,0,0,0,0,VALID,VALID
92H-02687,2026-08-17 10:16:00,335.7,44,-0.025,,,"Phường Đô Vinh, Tỉnh Khánh Hòa",,2.0,1,0,-0.10000000000002274,-0.05000000000001137,335.6,0.08944271428442528,5.0,1,Moving,0,0,0,0,0,VALID,VALID
92H-02687,2026-08-17 10:18:00,334.5,52,0.06666666666666667,,,"Phường Đô Vinh, Tỉnh Khánh Hòa",,2.0,1,0,-1.1999999999999886,-0.5999999999999943,335.6,0.5319774423213355,5.0,1,Moving,0,0,0,0,0,VALID,VALID
92H-02687,2026-08-17 10:20:00,334.4,34,-0.15,,,"Quốc Lộ 27, Phường Đô Vinh, Tỉnh Khánh Hòa",,2.0,1,0,-0.10000000000002274,-0.05000000000001137,335.6,0.6892024369798478,5.0,1,Moving,0,0,0,0,0,VALID,VALID
92H-02687,2026-08-17 10:22:00,334.1,45,0.09166666666666666,,,"Quốc Lộ 27, Phường Đô Vinh, Tỉnh Khánh Hòa",,2.0,1,0,-0.2999999999999545,-0.14999999999997726,334.5,0.7905694144976725,5.0,1,Moving,0,0,0,0,0,VALID,VALID
92H-02687,2026-08-17 10:24:00,333.9,47,0.016666666666666666,,,"Quốc Lộ 27, Phường Đô Vinh, Tỉnh Khánh Hòa",,2.0,1,0,-0.20000000000004547,-0.10000000000002274,334.4,0.7014271160566168,5.0,1,Moving,0,0,0,0,0,VALID,VALID
92H-02687,2026-08-17 10:26:00,332.8,42,-0.041666666666666664,,,"Quốc Lộ 27, Phường Đô Vinh, Tỉnh Khánh Hòa",,2.0,1,0,-1.099999999999966,-0.549999999999983,334.1,0.6804410328162069,5.0,1,Moving,0,0,0,0,0,VALID,VALID
92H-02687,2026-08-17 10:28:00,332.6,37,-0.041666666666666664,,,"Quốc Lộ 27, Phường Đô Vinh, Tỉnh Khánh Hòa",,2.0,1,0,-0.19999999999998863,-0.09999999999999432,333.9,0.8080841535015347,5.0,1,Moving,0,0,0,0,0,VALID,VALID
92H-02687,2026-08-17 10:30:00,332.8,41,0.03333333333333333,,,"Đèo Cậu, Xã Mỹ Sơn, Tỉnh Khánh Hòa",,2.0,1,0,0.19999999999998863,0.09999999999999432,332.8,0.7021395866496724,5.0,1,Moving,0,0,0,0,0,VALID,VALID
92H-02687,2026-08-17 10:32:00,332.5,45,0.03333333333333333,,,"Quốc Lộ 27, Xã Mỹ Sơn, Tỉnh Khánh Hòa",,2.0,1,0,-0.30000000000001137,-0.15000000000000568,332.8,0.5630275296473886,5.0,1,Moving,0,0,0,0,0,VALID,VALID
92H-02687,2026-08-17 10:34:00,332.3,45,0.0,,,"Quốc Lộ 27, Xã Mỹ Sơn, Tỉnh Khánh Hòa",,2.0,1,0,-0.19999999999998863,-0.09999999999999432,332.6,0.21213203233162167,5.0,1,Moving,0,0,0,0,0,VALID,VALID
92H-02687,2026-08-17 10:36:00,332.0,40,-0.041666666666666664,,,"Quốc Lộ 27, Xã Mỹ Sơn, Tỉnh Khánh Hòa",,2.0,1,0,-0.30000000000001137,-0.15000000000000568,332.5,0.3049590122316352,5.0,1,Moving,0,0,0,0,0,VALID,VALID
92H-02687,2026-08-17 10:38:00,331.7,50,0.08333333333333333,,,"Quốc Lộ 27, Xã Mỹ Sơn, Tỉnh Khánh Hòa",,2.0,1,0,-0.30000000000001137,-0.15000000000000568,332.3,0.42778499172069134,5.0,1,Moving,0,0,0,0,0,VALID,VALID
92H-02687,2026-08-17 10:40:00,331.4,48,-0.016666666666666666,,,"Quốc Lộ 27, Xã Mỹ Sơn, Tỉnh Khánh Hòa",,2.0,1,0,-0.30000000000001137,-0.15000000000000568,332.0,0.4438468194565936,5.0,1,Moving,0,0,0,0,0,VALID,VALID
92H-02687,2026-08-17 10:42:00,330.3,50,0.016666666666666666,,,"Quốc Lộ 27, Xã Mỹ Sơn, Tỉnh Khánh Hòa",,2.0,1,0,-1.099999999999966,-0.549999999999983,331.7,0.7700649317701298,5.0,1,Moving,0,0,0,0,0,VALID,VALID
92H-02687,2026-08-17 10:44:00,330.3,55,0.041666666666666664,,,"Quốc Lộ 27, Xã Mỹ Sơn, Tỉnh Khánh Hòa",,2.0,1,0,0.0,0.0,331.4,0.7956129706977522,5.0,1,Moving,0,0,0,0,0,VALID,VALID
92H-02687,2026-08-17 10:46:00,330.1,45,-0.08333333333333333,,,"Quốc Lộ 27, Xã Ninh Sơn, Tỉnh Khánh Hòa",,2.0,1,0,-0.19999999999998863,-0.09999999999999432,330.3,0.7334848322513932,5.0,1,Moving,0,0,0,0,0,VALID,VALID
92H-02687,2026-08-17 10:48:00,330.3,52,0.058333333333333334,,,"Quốc Lộ 27, Xã Ninh Sơn, Tỉnh Khánh Hòa",,2.0,1,0,0.19999999999998863,0.09999999999999432,330.3,0.5215361915947287,5.0,1,Moving,0,0,0,0,0,VALID,VALID
92H-02687,2026-08-17 10:50:00,328.6,44,-0.06666666666666667,,,"Quốc Lộ 27, Xã Ninh Sơn, Tỉnh Khánh Hòa",,2.0,1,0,-1.6999999999999886,-0.8499999999999943,330.3,0.7429670242640015,5.0,1,Moving,0,0,0,0,0,VALID,VALID
92H-02687,2026-08-17 10:52:00,327.5,46,0.016666666666666666,,,"Xã Ninh Sơn, Tỉnh Khánh Hòa",,2.0,1,0,-1.1000000000000227,-0.5500000000000114,330.1,1.260158719822337,5.0,1,Moving,0,0,0,0,0,VALID,VALID
92H-02687,2026-08-17 10:54:00,327.5,0,-0.38333333333333336,,,"Xã Ninh Sơn, Tỉnh Khánh Hòa",,2.0,1,0,0.0,0.0,328.6,1.356465996309837,5.0,1,Stopped,0,0,0,0,0,VALID,VALID
92H-02687,2026-08-17 10:56:00,327.3,46,0.38333333333333336,,,"Xã Ninh Sơn, Tỉnh Khánh Hòa",,2.0,1,0,-0.19999999999998863,-0.09999999999999432,327.5,1.2601587198227726,5.0,1,Moving,0,0,0,0,0,VALID,VALID
92H-02687,2026-08-17 10:58:00,327.0,38,-0.06666666666666667,,,"Xã Ninh Sơn, Tỉnh Khánh Hòa",,2.0,1,0,-0.30000000000001137,-0.15000000000000568,327.5,0.6058052485295934,5.0,1,Moving,0,0,0,0,0,VALID,VALID
92H-02687,2026-08-17 11:00:00,326.7,47,0.075,,,"Quốc Lộ 27, Xã Lâm Sơn, Tỉnh Khánh Hòa",,2.0,1,0,-0.30000000000001137,-0.15000000000000568,327.3,0.3464101602816592,5.0,1,Moving,0,0,0,0,0,VALID,VALID
92H-02687,2026-08-17 11:02:00,325.7,49,0.016666666666666666,,,"Quốc Lộ 27, Xã Lâm Sơn, Tỉnh Khánh Hòa",,2.0,1,0,-1.0,-0.5,327.0,0.7056911499705129,5.0,1,Moving,0,0,0,0,0,VALID,VALID
92H-02687,2026-08-17 11:04:00,325.7,49,0.0,,,"Quốc Lộ 27, Xã Lâm Sơn, Tỉnh Khánh Hòa",,2.0,1,0,0.0,0.0,326.7,0.7429670242662471,5.0,1,Moving,0,0,0,0,0,VALID,VALID
92H-02687,2026-08-17 11:06:00,325.6,13,-0.3,,,"Quốc Lộ 27, Xã Lâm Sơn, Tỉnh Khánh Hòa",,2.0,1,0,-0.0999999999999659,-0.04999999999998295,325.7,0.658027354406581,5.0,1,Moving,0,0,0,0,0,VALID,VALID
92H-02687,2026-08-17 11:09:00,323.2,0,-0.07222222222222222,,,"Quốc Lộ 27, Xã Lâm Sơn, Tỉnh Khánh Hòa",,3.0,1,0,-2.400000000000034,-0.8000000000000114,325.7,1.2988456410012572,5.0,1,Stopped,0,0,0,0,0,VALID,VALID
92H-02687,2026-08-17 11:11:00,323.2,0,0.0,,,"Quốc Lộ 27, Xã Lâm Sơn, Tỉnh Khánh Hòa",,2.0,1,0,0.0,0.0,325.6,1.3516656388133017,5.0,1,Stopped,0,0,0,0,0,VALID,VALID
92H-02687,2026-08-17 11:13:00,323.2,0,0.0,,,"Quốc Lộ 27, Xã Lâm Sơn, Tỉnh Khánh Hòa",,2.0,1,0,0.0,0.0,323.2,1.342385935247016,5.0,1,Stopped,0,0,0,0,0,VALID,VALID
92H-02687,2026-08-17 11:16:00,323.4,0,0.0,,,"Quốc Lộ 27, Xã Lâm Sơn, Tỉnh Khánh Hòa",,3.0,1,0,0.19999999999998863,0.06666666666666288,323.2,1.0545141057138137,5.0,1,Stopped,0,0,0,0,0,VALID,VALID
92H-02687,2026-08-17 11:18:00,323.4,0,0.0,,,"Quốc Lộ 27, Xã Lâm Sơn, Tỉnh Khánh Hòa",,2.0,1,0,0.0,0.0,323.2,0.10954450762007527,5.0,1,Stopped,0,0,0,0,0,VALID,VALID
92H-02687,2026-08-17 11:20:00,323.4,0,0.0,,,"Quốc Lộ 27, Xã Lâm Sơn, Tỉnh Khánh Hòa",,2.0,1,0,0.0,0.0,323.4,0.10954450761991961,5.0,1,Stopped,0,0,0,0,0,VALID,VALID
92H-02687,2026-08-17 11:22:00,323.4,0,0.0,,,"Quốc Lộ 27, Xã Lâm Sơn, Tỉnh Khánh Hòa",,2.0,1,0,0.0,0.0,323.4,0.0894427143464215,5.0,1,Stopped,0,0,0,0,0,VALID,VALID
92H-02687,2026-08-17 11:24:00,323.4,0,0.0,,,"Quốc Lộ 27, Xã Lâm Sơn, Tỉnh Khánh Hòa",,2.0,1,0,0.0,0.0,323.4,0.0,5.0,1,Stopped,0,0,0,0,0,VALID,VALID
92H-02687,2026-08-17 11:26:00,323.4,0,0.0,,,"Quốc Lộ 27, Xã Lâm Sơn, Tỉnh Khánh Hòa",,2.0,1,0,0.0,0.0,323.4,0.0,5.0,1,Stopped,0,0,0,0,0,VALID,VALID
92H-02687,2026-08-17 11:28:00,324.8,44,0.36666666666666664,,,"Quốc Lộ 27, Xã Lâm Sơn, Tỉnh Khánh Hòa",,2.0,1,0,1.400000000000034,0.700000000000017,323.4,0.6260990330206427,5.0,1,Moving,0,0,0,0,0,VALID,VALID
92H-02687,2026-08-17 11:30:00,325.0,44,0.0,,,"Quốc Lộ 27, Xã Lâm Sơn, Tỉnh Khánh Hòa",,2.0,1,0,0.19999999999998863,0.09999999999999432,323.4,0.8246211246075968,5.0,1,Moving,0,0,0,0,0,VALID,VALID
92H-02687,2026-08-17 11:32:00,324.8,40,-0.03333333333333333,,,"Quốc Lộ 27, Xã Lâm Sơn, Tỉnh Khánh Hòa",,2.0,1,0,-0.19999999999998863,-0.09999999999999432,324.8,0.8074651690004023,5.0,1,Moving,0,0,0,0,0,VALID,VALID
92H-02687,2026-08-17 11:34:00,324.7,40,0.0,,,"Đèo Ngoạn Mục ( Đèo Sông Pha), Xã Lâm Sơn, Tỉnh Khánh Hòa",,2.0,1,0,-0.10000000000002274,-0.05000000000001137,324.8,0.6465291943513439,5.0,1,Moving,0,0,0,0,0,VALID,VALID
92H-02687,2026-08-17 11:36:00,326.3,19,-0.175,,,"Đèo Ngoạn Mục ( Đèo Sông Pha), Xã Lâm Sơn, Tỉnh Khánh Hòa",,2.0,1,0,1.6000000000000227,0.8000000000000114,324.8,0.6685805853807583,5.0,1,Moving,0,0,0,0,0,VALID,VALID
92H-02687,2026-08-17 11:38:00,326.4,17,-0.016666666666666666,,,"Đèo Ngoạn Mục ( Đèo Sông Pha), Xã Lâm Sơn, Tỉnh Khánh Hòa",,2.0,1,0,0.0999999999999659,0.04999999999998295,325.0,0.8384509521419777,5.0,1,Moving,0,0,0,0,0,VALID,VALID
92H-02687,2026-08-17 11:40:00,326.3,14,-0.025,,,"Đèo Ngoạn Mục ( Đèo Sông Pha), Xã Lâm Sơn, Tỉnh Khánh Hòa",,2.0,1,0,-0.0999999999999659,-0.04999999999998295,326.3,0.8689073593586246,5.0,1,Moving,0,0,0,0,0,VALID,VALID
92H-02687,2026-08-17 11:42:00,327.6,24,0.08333333333333333,,,"Đèo Ngoạn Mục ( Đèo Sông Pha), Xã Lâm Sơn, Tỉnh Khánh Hòa",,2.0,1,0,1.3000000000000114,0.6500000000000057,326.3,1.0310189130889598,5.0,1,Moving,0,0,0,0,0,VALID,VALID
92H-02687,2026-08-17 11:44:00,325.4,20,-0.03333333333333333,,,"Đèo Ngoạn Mục ( Đèo Sông Pha), Xã Lâm Sơn, Tỉnh Khánh Hòa",,2.0,1,0,-2.2000000000000455,-1.1000000000000227,326.3,0.7842193565240658,5.0,1,Moving,0,0,0,0,0,VALID,VALID
92H-02687,2026-08-17 11:46:00,324.5,36,0.13333333333333333,,,"Đèo Ngoạn Mục ( Đèo Sông Pha), Xã Lâm Sơn, Tỉnh Khánh Hòa",,2.0,1,0,-0.8999999999999773,-0.44999999999998863,326.3,1.163185281521093,5.0,1,Moving,0,0,0,0,0,VALID,VALID
92H-02687,2026-08-17 11:48:00,322.3,11,-0.20833333333333334,,,"Đèo Ngoạn Mục ( Đèo Sông Pha), Xã Lâm Sơn, Tỉnh Khánh Hòa",,2.0,1,0,-2.1999999999999886,-1.0999999999999943,325.4,1.9942417103119487,5.0,1,Moving,0,0,0,0,0,VALID,VALID
92H-02687,2026-08-17 11:50:00,321.4,38,0.225,,,"Đèo Ngoạn Mục ( Đèo Sông Pha), Xã Lâm Sơn, Tỉnh Khánh Hòa",,2.0,1,0,-0.9000000000000341,-0.45000000000001705,324.5,2.4764894506435313,5.0,1,Moving,0,0,0,0,0,VALID,VALID
92H-02687,2026-08-17 11:53:00,320.1,42,0.022222222222222223,,,"Đèo Ngoạn Mục ( Đèo Sông Pha), Xã Lâm Sơn, Tỉnh Khánh Hòa",,3.0,1,0,-1.2999999999999545,-0.4333333333333182,322.3,2.187007087128374,5.0,1,Moving,0,0,0,0,0,VALID,VALID
92H-02687,2026-08-17 11:54:00,320.1,28,-0.23333333333333334,,,"Đèo Ngoạn Mục ( Đèo Sông Pha), Xã Lâm Sơn, Tỉnh Khánh Hòa",,1.0,1,0,0.0,0.0,321.4,1.8308467983833454,5.0,1,Moving,0,0,0,0,0,VALID,VALID
92H-02687,2026-08-17 11:56:00,320.3,44,0.13333333333333333,,,"Đèo Ngoạn Mục ( Đèo Sông Pha), Xã Lâm Sơn, Tỉnh Khánh Hòa",,2.0,1,0,0.19999999999998863,0.09999999999999432,320.3,0.9787747438257478,5.0,1,Moving,0,0,0,0,0,VALID,VALID
92H-02687,2026-08-17 11:58:00,318.7,30,-0.11666666666666667,,,"Đèo Ngoạn Mục ( Đèo Sông Pha), Xã Lâm Sơn, Tỉnh Khánh Hòa",,2.0,1,0,-1.6000000000000227,-0.8000000000000114,320.1,0.9602083102908933,5.0,1,Moving,0,0,0,0,0,VALID,VALID
92H-02687,2026-08-17 12:00:00,317.8,31,0.008333333333333333,,,"Đèo Ngoạn Mục ( Đèo Sông Pha), Xã Lâm Sơn, Tỉnh Khánh Hòa",,2.0,1,0,-0.8999999999999773,-0.44999999999998863,320.1,1.0999999996146357,5.0,1,Moving,0,0,0,0,0,VALID,VALID
92H-02687,2026-08-17 12:02:00,316.2,34,0.025,,,"Đèo Ngoạn Mục ( Đèo Sông Pha), Xã Lâm Sơn, Tỉnh Khánh Hòa",,2.0,1,0,-1.6000000000000227,-0.8000000000000114,318.7,1.6991174177062272,5.0,1,Moving,0,0,0,0,0,VALID,VALID
92H-02687,2026-08-17 12:04:00,315.9,32,-0.016666666666666666,,,"Đèo Ngoạn Mục ( Đèo Sông Pha), Xã Lâm Sơn, Tỉnh Khánh Hòa",,2.0,1,0,-0.30000000000001137,-0.15000000000000568,317.8,1.8185158781691038,5.0,1,Moving,0,0,0,0,0,VALID,VALID
92H-02687,2026-08-17 12:06:00,314.4,33,0.008333333333333333,,,"Đèo Ngoạn Mục ( Đèo Sông Pha), Xã D’Ran, Tỉnh Lâm Đồng",,2.0,1,0,-1.5,-0.75,316.2,1.683745823796976,5.0,1,Moving,0,0,0,0,0,VALID,VALID
92H-02687,2026-08-17 12:08:00,311.2,43,0.08333333333333333,,,"Quốc Lộ 27, Xã D’Ran, Tỉnh Lâm Đồng",,2.0,1,0,-3.1999999999999886,-1.5999999999999943,315.9,2.491987158705792,5.0,1,Moving,0,0,0,0,0,VALID,VALID
92H-02687,2026-08-17 12:10:00,308.4,14,-0.24166666666666667,,,"Quốc Lộ 27, Xã D’Ran, Tỉnh Lâm Đồng",,2.0,1,0,-2.8000000000000114,-1.4000000000000057,314.4,3.345444663890814,5.0,1,Moving,0,0,0,0,0,VALID,VALID
92H-02687,2026-08-17 12:12:00,309.4,0,-0.11666666666666667,,,"Quốc Lộ 27, Xã D’Ran, Tỉnh Lâm Đồng",,2.0,1,0,1.0,0.5,311.2,3.2106074190340115,5.0,1,Stopped,0,0,0,0,0,VALID,VALID
92H-02687,2026-08-17 12:14:00,307.3,46,0.38333333333333336,,,"Lê Lợi, Xã D’Ran, Tỉnh Lâm Đồng",,2.0,1,0,-2.099999999999966,-1.049999999999983,309.4,2.7799280564714484,5.0,1,Moving,0,0,0,0,0,VALID,VALID
92H-02687,2026-08-17 12:16:00,306.0,40,-0.05,,,"Hùng Vương, Xã D’Ran, Tỉnh Lâm Đồng",,2.0,1,0,-1.3000000000000114,-0.6500000000000057,308.4,1.986957472911305,5.0,1,Moving,0,0,0,0,0,VALID,VALID
92H-02687,2026-08-17 12:18:00,306.0,45,0.041666666666666664,,,"Quốc Lộ 27, Xã D’Ran, Tỉnh Lâm Đồng",,2.0,1,0,0.0,0.0,307.3,1.4939879514770624,5.0,1,Moving,0,0,0,0,0,VALID,VALID
92H-02687,2026-08-17 12:20:00,305.1,35,-0.08333333333333333,,,"Quốc Lộ 27, Xã D’Ran, Tỉnh Lâm Đồng",,2.0,1,0,-0.8999999999999773,-0.44999999999998863,306.0,1.6712270938322382,5.0,1,Moving,0,0,0,0,0,VALID,VALID
92H-02687,2026-08-17 12:22:00,305.3,36,0.008333333333333333,,,"Quốc Lộ 27, Xã D’Ran, Tỉnh Lâm Đồng",,2.0,1,0,0.19999999999998863,0.09999999999999432,306.0,0.8619744770928013,5.0,1,Moving,0,0,0,0,0,VALID,VALID
92H-02687,2026-08-17 12:24:00,304.4,48,0.1,,,"Quốc Lộ 27, Xã D’Ran, Tỉnh Lâm Đồng",,2.0,1,0,-0.9000000000000341,-0.45000000000001705,305.3,0.6730527461943141,5.0,1,Moving,0,0,0,0,0,VALID,VALID
92H-02687,2026-08-17 12:26:00,304.3,48,0.0,,,"Quốc Lộ 27, Xã D’Ran, Tỉnh Lâm Đồng",,2.0,1,0,-0.0999999999999659,-0.04999999999998295,305.1,0.6978538522927618,5.0,1,Moving,0,0,0,0,0,VALID,VALID
92H-02687,2026-08-17 12:28:00,304.1,47,-0.008333333333333333,,,"Quốc Lộ 27, Xã D’Ran, Tỉnh Lâm Đồng",,2.0,1,0,-0.19999999999998863,-0.09999999999999432,304.4,0.5272570522619795,5.0,1,Moving,0,0,0,0,0,VALID,VALID
92H-02687,2026-08-17 12:30:00,303.8,41,-0.05,,,"Quốc Lộ 27, Xã Ka Đô, Tỉnh Lâm Đồng",,2.0,1,0,-0.30000000000001137,-0.15000000000000568,304.3,0.563027529664481,5.0,1,Moving,0,0,0,0,0,VALID,VALID
92H-02687,2026-08-17 12:32:00,302.2,45,0.03333333333333333,,,"Quốc Lộ 27, Xã Ka Đô, Tỉnh Lâm Đồng",,2.0,1,0,-1.6000000000000227,-0.8000000000000114,304.1,0.9016651258423747,5.0,1,Moving,0,0,0,0,0,VALID,VALID
92H-02687,2026-08-17 12:34:00,302.4,42,-0.025,,,"Quốc Lộ 27, Xã Ka Đô, Tỉnh Lâm Đồng",,2.0,1,0,0.19999999999998863,0.09999999999999432,303.8,0.9864076232270884,5.0,1,Moving,0,0,0,0,0,VALID,VALID
92H-02687,2026-08-17 12:36:00,302.2,46,0.03333333333333333,,,"Quốc Lộ 27, Xã Đơn Dương, Tỉnh Lâm Đồng",,2.0,1,0,-0.19999999999998863,-0.09999999999999432,302.4,0.9316651754577109,5.0,1,Moving,0,0,0,0,0,VALID,VALID
92H-02687,2026-08-17 12:38:00,302.1,31,-0.125,,,"2 Tháng 4, Xã Đơn Dương, Tỉnh Lâm Đồng",,2.0,1,0,-0.0999999999999659,-0.04999999999998295,302.2,0.7127411866594666,5.0,1,Moving,0,0,0,0,0,VALID,VALID
92H-02687,2026-08-17 12:40:00,300.3,0,-0.25833333333333336,,,"2 Tháng 4, Xã Đơn Dương, Tỉnh Lâm Đồng",,2.0,1,0,-1.8000000000000114,-0.9000000000000057,302.2,0.8677557255131871,5.0,1,Stopped,0,0,0,0,0,VALID,VALID
92H-02687,2026-08-17 12:42:00,301.5,36,0.3,,,"2 Tháng 4, Xã Đơn Dương, Tỉnh Lâm Đồng",,2.0,1,0,1.1999999999999886,0.5999999999999943,302.1,0.8514693178036143,5.0,1,Moving,0,0,0,0,0,VALID,VALID
92H-02687,2026-08-17 12:44:00,301.5,47,0.09166666666666666,,,"Quốc Lộ 27, Xã Đơn Dương, Tỉnh Lâm Đồng",,2.0,1,0,0.0,0.0,301.5,0.7563068154928997,5.0,1,Moving,0,0,0,0,0,VALID,VALID
92H-02687,2026-08-17 12:46:00,301.6,44,-0.025,,,"Quốc Lộ 27, Xã Đơn Dương, Tỉnh Lâm Đồng",,2.0,1,0,0.10000000000002274,0.05000000000001137,301.5,0.6633249574386968,5.0,1,Moving,0,0,0,0,0,VALID,VALID
92H-02687,2026-08-17 12:48:00,300.4,37,-0.058333333333333334,,,"Quốc Lộ 27, Xã Đơn Dương, Tỉnh Lâm Đồng",,2.0,1,0,-1.2000000000000455,-0.6000000000000227,301.5,0.6503845010154675,5.0,1,Moving,0,0,0,0,0,VALID,VALID
92H-02687,2026-08-17 12:50:00,297.6,30,-0.058333333333333334,,,"Quốc Lộ 27, Xã Đơn Dương, Tỉnh Lâm Đồng",,2.0,1,0,-2.7999999999999545,-1.3999999999999773,301.5,1.704992668359963,5.0,1,Moving,0,0,0,0,0,VALID,VALID
92H-02687,2026-08-17 12:52:00,297.6,25,-0.041666666666666664,,,"Quốc Lộ 27, Xã Hiệp Thạnh, Tỉnh Lâm Đồng",,2.0,1,0,0.0,0.0,300.4,2.0094775438310686,5.0,1,Moving,0,0,0,0,0,VALID,VALID
92H-02687,2026-08-17 12:54:00,297.6,34,0.075,,,"Quốc Lộ 27, Xã Hiệp Thạnh, Tỉnh Lâm Đồng",,2.0,1,0,0.0,0.0,297.6,1.909973821590608,5.0,1,Moving,0,0,0,0,0,VALID,VALID
92H-02687,2026-08-17 12:56:00,297.8,28,-0.05,,,"Quốc Lộ 20, Xã Hiệp Thạnh, Tỉnh Lâm Đồng",,2.0,1,0,0.19999999999998863,0.09999999999999432,297.6,1.2328828002537315,5.0,1,Moving,0,0,0,0,0,VALID,VALID
92H-02687,2026-08-17 12:58:00,301.3,47,0.15833333333333333,,,"Quốc Lộ 20, Xã Hiệp Thạnh, Tỉnh Lâm Đồng",,2.0,1,0,3.5,1.75,297.6,1.634625339079722,5.0,1,Moving,0,0,0,0,0,VALID,VALID
92H-02687,2026-08-17 13:00:00,300.3,40,-0.058333333333333334,,,"Quốc Lộ 20, Xã Hiệp Thạnh, Tỉnh Lâm Đồng",,2.0,1,0,-1.0,-0.5,297.8,1.754137964688488,5.0,1,Moving,0,0,0,0,0,VALID,VALID
92H-02687,2026-08-17 13:02:00,298.8,0,-0.3333333333333333,,,"Xã Hiệp Thạnh, Tỉnh Lâm Đồng",,2.0,1,0,-1.5,-0.75,298.8,1.6040573553216488,5.0,1,Stopped,0,0,0,0,0,VALID,VALID
92H-02687,2026-08-17 13:04:00,294.3,0,0.0,,,"Xã Hiệp Thạnh, Tỉnh Lâm Đồng",,2.0,1,0,-4.5,-2.25,298.8,2.70647372038996,5.0,1,Stopped,0,0,0,0,0,VALID,VALID
92H-02687,2026-08-17 13:06:00,294.0,0,0.0,,,"Xã Hiệp Thạnh, Tỉnh Lâm Đồng",,2.0,1,0,-0.30000000000001137,-0.15000000000000568,298.8,3.397499080082509,5.0,1,Stopped,0,0,0,0,0,VALID,VALID
92H-02687,2026-08-17 13:08:00,293.8,0,0.0,,,"Xã Hiệp Thạnh, Tỉnh Lâm Đồng",,2.0,1,0,-0.19999999999998863,-0.09999999999999432,294.3,3.072946468645607,5.0,1,Stopped,0,0,0,0,0,VALID,VALID
92H-02687,2026-08-17 13:10:00,293.7,0,0.0,,,"Xã Hiệp Thạnh, Tỉnh Lâm Đồng",,2.0,1,0,-0.10000000000002274,-0.05000000000001137,294.0,2.181054790499665,5.0,1,Stopped,0,0,0,0,0,VALID,VALID
92H-02687,2026-08-17 13:12:00,293.5,0,0.0,,,"Xã Hiệp Thạnh, Tỉnh Lâm Đồng",,2.0,1,0,-0.19999999999998863,-0.09999999999999432,293.8,0.3049590122648967,5.0,1,Stopped,0,0,0,0,0,VALID,VALID
92H-02687,2026-08-17 13:15:00,293.5,0,0.0,,,"Xã Hiệp Thạnh, Tỉnh Lâm Đồng",,3.0,1,0,0.0,0.0,293.7,0.21213203237978878,5.0,1,Stopped,0,0,0,0,0,VALID,VALID
92H-02687,2026-08-17 13:17:00,293.4,0,0.0,,,"Xã Hiệp Thạnh, Tỉnh Lâm Đồng",,2.0,1,0,-0.10000000000002274,-0.05000000000001137,293.5,0.1643167647003193,5.0,1,Stopped,0,0,0,0,0,VALID,VALID
92H-02687,2026-08-17 13:19:00,293.4,0,0.0,,,"Xã Hiệp Thạnh, Tỉnh Lâm Đồng",,2.0,1,0,0.0,0.0,293.5,0.12247448371631152,5.0,1,Stopped,0,0,0,0,0,VALID,VALID
92H-02687,2026-08-17 13:21:00,293.4,0,0.0,,,"Xã Hiệp Thạnh, Tỉnh Lâm Đồng",,2.0,1,0,0.0,0.0,293.4,0.054772248096806614,5.0,1,Stopped,0,0,0,0,0,VALID,VALID
92H-02687,2026-08-17 13:23:00,293.4,0,0.0,,,"Xã Hiệp Thạnh, Tỉnh Lâm Đồng",,2.0,1,0,0.0,0.0,293.4,0.044721350176159434,5.0,1,Stopped,0,0,0,0,0,VALID,VALID
92H-02687,2026-08-17 13:26:00,293.2,0,0.0,,,"Xã Hiệp Thạnh, Tỉnh Lâm Đồng",,3.0,1,0,-0.19999999999998863,-0.06666666666666288,293.4,0.08944271441309697,5.0,1,Stopped,0,0,0,0,0,VALID,VALID
92H-02687,2026-08-17 13:28:00,293.2,0,0.0,,,"Xã Hiệp Thạnh, Tỉnh Lâm Đồng",,2.0,1,0,0.0,0.0,293.4,0.10954450767420942,5.0,1,Stopped,0,0,0,0,0,VALID,VALID
92H-02687,2026-08-17 13:30:00,293.2,0,0.0,,,"Xã Hiệp Thạnh, Tỉnh Lâm Đồng",,2.0,1,0,0.0,0.0,293.2,0.1095445076742211,5.0,1,Stopped,0,0,0,0,0,VALID,VALID
92H-02687,2026-08-17 13:32:00,293.2,0,0.0,,,"Xã Hiệp Thạnh, Tỉnh Lâm Đồng",,2.0,1,0,0.0,0.0,293.2,0.08944271441315654,5.0,1,Stopped,0,0,0,0,0,VALID,VALID
92H-02687,2026-08-17 13:34:00,293.2,0,0.0,,,"Xã Hiệp Thạnh, Tỉnh Lâm Đồng",,2.0,1,0,0.0,0.0,293.2,0.0,5.0,1,Stopped,0,0,0,0,0,VALID,VALID
92H-02687,2026-08-17 13:36:00,293.2,0,0.0,,,"Xã Hiệp Thạnh, Tỉnh Lâm Đồng",,2.0,1,0,0.0,0.0,293.2,0.0,5.0,1,Stopped,0,0,0,0,0,VALID,VALID
92H-02687,2026-08-17 13:39:00,293.2,0,0.0,,,"Xã Hiệp Thạnh, Tỉnh Lâm Đồng",,3.0,1,0,0.0,0.0,293.2,0.0,5.0,1,Stopped,0,0,0,0,0,VALID,VALID
92H-02687,2026-08-17 13:41:00,293.2,0,0.0,,,"Xã Hiệp Thạnh, Tỉnh Lâm Đồng",,2.0,1,0,0.0,0.0,293.2,0.0,5.0,1,Stopped,0,0,0,0,0,VALID,VALID
92H-02687,2026-08-17 13:43:00,293.2,0,0.0,,,"Xã Hiệp Thạnh, Tỉnh Lâm Đồng",,2.0,1,0,0.0,0.0,293.2,0.0,5.0,1,Stopped,0,0,0,0,0,VALID,VALID
92H-02687,2026-08-17 13:45:00,293.2,0,0.0,,,"Xã Hiệp Thạnh, Tỉnh Lâm Đồng",,2.0,1,0,0.0,0.0,293.2,0.0,5.0,1,Stopped,0,0,0,0,0,VALID,VALID
92H-02687,2026-08-17 13:47:00,293.2,0,0.0,,,"Xã Hiệp Thạnh, Tỉnh Lâm Đồng",,2.0,1,0,0.0,0.0,293.2,0.0,5.0,1,Stopped,0,0,0,0,0,VALID,VALID
92H-02687,2026-08-17 13:50:00,293.2,0,0.0,,,"Xã Hiệp Thạnh, Tỉnh Lâm Đồng",,3.0,1,0,0.0,0.0,293.2,0.0,5.0,1,Stopped,0,0,0,0,0,VALID,VALID
92H-02687,2026-08-17 13:52:00,293.2,0,0.0,,,"Xã Hiệp Thạnh, Tỉnh Lâm Đồng",,2.0,1,0,0.0,0.0,293.2,0.0,5.0,1,Stopped,0,0,0,0,0,VALID,VALID
92H-02687,2026-08-17 13:54:00,293.2,0,0.0,,,"Xã Hiệp Thạnh, Tỉnh Lâm Đồng",,2.0,1,0,0.0,0.0,293.2,0.0,5.0,1,Stopped,0,0,0,0,0,VALID,VALID
92H-02687,2026-08-17 13:56:00,293.2,0,0.0,,,"Xã Hiệp Thạnh, Tỉnh Lâm Đồng",,2.0,1,0,0.0,0.0,293.2,0.0,5.0,1,Stopped,0,0,0,0,0,VALID,VALID
92H-02687,2026-08-17 13:58:00,293.2,0,0.0,,,"Xã Hiệp Thạnh, Tỉnh Lâm Đồng",,2.0,1,0,0.0,0.0,293.2,0.0,5.0,1,Stopped,0,0,0,0,0,VALID,VALID
92H-02687,2026-08-17 14:00:00,293.2,0,0.0,,,"Xã Hiệp Thạnh, Tỉnh Lâm Đồng",,2.0,1,0,0.0,0.0,293.2,0.0,5.0,1,Stopped,0,0,0,0,0,VALID,VALID
92H-02687,2026-08-17 14:03:00,293.2,0,0.0,,,"Xã Hiệp Thạnh, Tỉnh Lâm Đồng",,3.0,1,0,0.0,0.0,293.2,0.0,5.0,1,Stopped,0,0,0,0,0,VALID,VALID
92H-02687,2026-08-17 14:05:00,293.2,0,0.0,,,"Xã Hiệp Thạnh, Tỉnh Lâm Đồng",,2.0,1,0,0.0,0.0,293.2,0.0,5.0,1,Stopped,0,0,0,0,0,VALID,VALID
92H-02687,2026-08-17 14:07:00,293.2,0,0.0,,,"Xã Hiệp Thạnh, Tỉnh Lâm Đồng",,2.0,1,0,0.0,0.0,293.2,0.0,5.0,1,Stopped,0,0,0,0,0,VALID,VALID
92H-02687,2026-08-17 14:09:00,293.2,0,0.0,,,"Xã Hiệp Thạnh, Tỉnh Lâm Đồng",,2.0,1,0,0.0,0.0,293.2,0.0,5.0,1,Stopped,0,0,0,0,0,VALID,VALID
92H-02687,2026-08-17 14:11:00,293.2,0,0.0,,,"Xã Hiệp Thạnh, Tỉnh Lâm Đồng",,2.0,1,0,0.0,0.0,293.2,0.0,5.0,1,Stopped,0,0,0,0,0,VALID,VALID
92H-02687,2026-08-17 14:14:00,293.2,0,0.0,,,"Xã Hiệp Thạnh, Tỉnh Lâm Đồng",,3.0,1,0,0.0,0.0,293.2,0.0,5.0,1,Stopped,0,0,0,0,0,VALID,VALID
92H-02687,2026-08-17 14:16:00,293.2,0,0.0,,,"Xã Hiệp Thạnh, Tỉnh Lâm Đồng",,2.0,1,0,0.0,0.0,293.2,0.0,5.0,1,Stopped,0,0,0,0,0,VALID,VALID
92H-02687,2026-08-17 14:18:00,293.2,0,0.0,,,"Xã Hiệp Thạnh, Tỉnh Lâm Đồng",,2.0,1,0,0.0,0.0,293.2,0.0,5.0,1,Stopped,0,0,0,0,0,VALID,VALID
92H-02687,2026-08-17 14:20:00,293.2,0,0.0,,,"Xã Hiệp Thạnh, Tỉnh Lâm Đồng",,2.0,1,0,0.0,0.0,293.2,0.0,5.0,1,Stopped,0,0,0,0,0,VALID,VALID
92H-02687,2026-08-17 14:22:00,293.2,0,0.0,,,"Xã Hiệp Thạnh, Tỉnh Lâm Đồng",,2.0,1,0,0.0,0.0,293.2,0.0,5.0,1,Stopped,0,0,0,0,0,VALID,VALID
92H-02687,2026-08-17 14:24:00,293.2,0,0.0,,,"Xã Hiệp Thạnh, Tỉnh Lâm Đồng",,2.0,1,0,0.0,0.0,293.2,0.0,5.0,1,Stopped,0,0,0,0,0,VALID,VALID
92H-02687,2026-08-17 14:27:00,293.2,0,0.0,,,"Xã Hiệp Thạnh, Tỉnh Lâm Đồng",,3.0,1,0,0.0,0.0,293.2,0.0,5.0,1,Stopped,0,0,0,0,0,VALID,VALID
92H-02687,2026-08-17 14:29:00,293.1,0,0.0,,,"Xã Hiệp Thạnh, Tỉnh Lâm Đồng",,2.0,1,0,-0.0999999999999659,-0.04999999999998295,293.2,0.04472135017648832,5.0,1,Stopped,0,0,0,0,0,VALID,VALID
92H-02687,2026-08-17 14:31:00,293.1,0,0.0,,,"Xã Hiệp Thạnh, Tỉnh Lâm Đồng",,2.0,1,0,0.0,0.0,293.2,0.05477224809713806,5.0,1,Stopped,0,0,0,0,0,VALID,VALID
92H-02687,2026-08-17 14:33:00,293.1,0,0.0,,,"Xã Hiệp Thạnh, Tỉnh Lâm Đồng",,2.0,1,0,0.0,0.0,293.1,0.054772248097206815,5.0,1,Stopped,0,0,0,0,0,VALID,VALID
92H-02687,2026-08-17 14:36:00,293.1,0,0.0,,,"Xã Hiệp Thạnh, Tỉnh Lâm Đồng",,3.0,1,0,0.0,0.0,293.1,0.04472135017674094,5.0,1,Stopped,0,0,0,0,0,VALID,VALID
92H-02687,2026-08-17 14:38:00,293.1,0,0.0,,,"Xã Hiệp Thạnh, Tỉnh Lâm Đồng",,2.0,1,0,0.0,0.0,293.1,0.0,5.0,1,Stopped,0,0,0,0,0,VALID,VALID
92H-02687,2026-08-17 14:40:00,293.1,0,0.0,,,"Xã Hiệp Thạnh, Tỉnh Lâm Đồng",,2.0,1,0,0.0,0.0,293.1,0.0,5.0,1,Stopped,0,0,0,0,0,VALID,VALID
92H-02687,2026-08-17 14:42:00,293.1,0,0.0,,,"Xã Hiệp Thạnh, Tỉnh Lâm Đồng",,2.0,1,0,0.0,0.0,293.1,0.0,5.0,1,Stopped,0,0,0,0,0,VALID,VALID
92H-02687,2026-08-17 14:44:00,293.1,0,0.0,,,"Xã Hiệp Thạnh, Tỉnh Lâm Đồng",,2.0,1,0,0.0,0.0,293.1,0.0,5.0,1,Stopped,0,0,0,0,0,VALID,VALID
92H-02687,2026-08-17 14:46:00,293.1,0,0.0,,,"Xã Hiệp Thạnh, Tỉnh Lâm Đồng",,2.0,1,0,0.0,0.0,293.1,0.0,5.0,1,Stopped,0,0,0,0,0,VALID,VALID
92H-02687,2026-08-17 14:49:00,293.1,0,0.0,,,"Xã Hiệp Thạnh, Tỉnh Lâm Đồng",,3.0,1,0,0.0,0.0,293.1,0.0,5.0,1,Stopped,0,0,0,0,0,VALID,VALID
92H-02687,2026-08-17 14:51:00,293.1,0,0.0,,,"Xã Hiệp Thạnh, Tỉnh Lâm Đồng",,2.0,1,0,0.0,0.0,293.1,0.0,5.0,1,Stopped,0,0,0,0,0,VALID,VALID
92H-02687,2026-08-17 14:53:00,293.1,0,0.0,,,"Xã Hiệp Thạnh, Tỉnh Lâm Đồng",,2.0,1,0,0.0,0.0,293.1,0.0,5.0,1,Stopped,0,0,0,0,0,VALID,VALID
92H-02687,2026-08-17 14:55:00,293.1,0,0.0,,,"Xã Hiệp Thạnh, Tỉnh Lâm Đồng",,2.0,1,0,0.0,0.0,293.1,0.0,5.0,1,Stopped,0,0,0,0,0,VALID,VALID
92H-02687,2026-08-17 14:57:00,293.1,0,0.0,,,"Xã Hiệp Thạnh, Tỉnh Lâm Đồng",,2.0,1,0,0.0,0.0,293.1,0.0,5.0,1,Stopped,0,0,0,0,0,VALID,VALID
92H-02687,2026-08-17 15:00:00,293.1,0,0.0,,,"Xã Hiệp Thạnh, Tỉnh Lâm Đồng",,3.0,1,0,0.0,0.0,293.1,0.0,5.0,1,Stopped,0,0,0,0,0,VALID,VALID
92H-02687,2026-08-17 15:02:00,293.1,0,0.0,,,"Xã Hiệp Thạnh, Tỉnh Lâm Đồng",,2.0,1,0,0.0,0.0,293.1,0.0,5.0,1,Stopped,0,0,0,0,0,VALID,VALID
92H-02687,2026-08-17 15:04:00,293.1,0,0.0,,,"Xã Hiệp Thạnh, Tỉnh Lâm Đồng",,2.0,1,0,0.0,0.0,293.1,0.0,5.0,1,Stopped,0,0,0,0,0,VALID,VALID
92H-02687,2026-08-17 15:06:00,293.1,0,0.0,,,"Xã Hiệp Thạnh, Tỉnh Lâm Đồng",,2.0,1,0,0.0,0.0,293.1,0.0,5.0,1,Stopped,0,0,0,0,0,VALID,VALID
92H-02687,2026-08-17 15:08:00,293.1,0,0.0,,,"Xã Hiệp Thạnh, Tỉnh Lâm Đồng",,2.0,1,0,0.0,0.0,293.1,0.0,5.0,1,Stopped,0,0,0,0,0,VALID,VALID
92H-02687,2026-08-17 15:10:00,293.1,0,0.0,,,"Xã Hiệp Thạnh, Tỉnh Lâm Đồng",,2.0,1,0,0.0,0.0,293.1,0.0,5.0,1,Stopped,0,0,0,0,0,VALID,VALID
92H-02687,2026-08-17 15:13:00,293.1,0,0.0,,,"Xã Hiệp Thạnh, Tỉnh Lâm Đồng",,3.0,1,0,0.0,0.0,293.1,0.0,5.0,1,Stopped,0,0,0,0,0,VALID,VALID
92H-02687,2026-08-17 15:15:00,292.9,0,0.0,,,"Xã Hiệp Thạnh, Tỉnh Lâm Đồng",,2.0,1,0,-0.20000000000004547,-0.10000000000002274,293.1,0.08944271441353549,5.0,1,Stopped,0,0,0,0,0,VALID,VALID
92H-02687,2026-08-17 15:17:00,292.9,0,0.0,,,"Xã Hiệp Thạnh, Tỉnh Lâm Đồng",,2.0,1,0,0.0,0.0,293.1,0.10954450767463168,5.0,1,Stopped,0,0,0,0,0,VALID,VALID
92H-02687,2026-08-17 15:19:00,292.9,0,0.0,,,"Xã Hiệp Thạnh, Tỉnh Lâm Đồng",,2.0,1,0,0.0,0.0,292.9,0.10954450767469524,5.0,1,Stopped,0,0,0,0,0,VALID,VALID
92H-02687,2026-08-17 15:21:00,292.9,0,0.0,,,"Xã Hiệp Thạnh, Tỉnh Lâm Đồng",,2.0,1,0,0.0,0.0,292.9,0.08944271441376904,5.0,1,Stopped,0,0,0,0,0,VALID,VALID
92H-02687,2026-08-17 15:22:00,292.5,0,0.0,,,"Xã Hiệp Thạnh, Tỉnh Lâm Đồng",,1.0,1,0,-0.39999999999997726,-0.39999999999997726,292.9,0.17888543585696123,5.0,1,Stopped,0,0,0,0,0,VALID,VALID
92H-02687,2026-08-17 15:24:00,292.9,0,0.0,,,"Xã Hiệp Thạnh, Tỉnh Lâm Đồng",,2.0,1,0,0.39999999999997726,0.19999999999998863,292.9,0.17888543585696123,5.0,1,Stopped,0,0,0,0,0,VALID,VALID
92H-02687,2026-08-17 15:26:00,292.9,0,0.0,,,"Xã Hiệp Thạnh, Tỉnh Lâm Đồng",,2.0,1,0,0.0,0.0,292.9,0.17888543585696123,5.0,1,Stopped,0,0,0,0,0,VALID,VALID
92H-02687,2026-08-17 15:29:00,292.9,0,0.0,,,"Xã Hiệp Thạnh, Tỉnh Lâm Đồng",,3.0,1,0,0.0,0.0,292.9,0.17888543585696123,5.0,1,Stopped,0,0,0,0,0,VALID,VALID
92H-02687,2026-08-17 15:31:00,292.9,0,0.0,,,"Xã Hiệp Thạnh, Tỉnh Lâm Đồng",,2.0,1,0,0.0,0.0,292.9,0.17888543585696123,5.0,1,Stopped,0,0,0,0,0,VALID,VALID
92H-02687,2026-08-17 15:33:00,292.9,0,0.0,,,"Xã Hiệp Thạnh, Tỉnh Lâm Đồng",,2.0,1,0,0.0,0.0,292.9,0.0,5.0,1,Stopped,0,0,0,0,0,VALID,VALID
92H-02687,2026-08-17 15:35:00,292.9,0,0.0,,,"Xã Hiệp Thạnh, Tỉnh Lâm Đồng",,2.0,1,0,0.0,0.0,292.9,0.0,5.0,1,Stopped,0,0,0,0,0,VALID,VALID
92H-02687,2026-08-17 15:37:00,292.9,0,0.0,,,"Xã Hiệp Thạnh, Tỉnh Lâm Đồng",,2.0,1,0,0.0,0.0,292.9,0.0,5.0,1,Stopped,0,0,0,0,0,VALID,VALID
92H-02687,2026-08-17 15:40:00,292.9,0,0.0,,,"Xã Hiệp Thạnh, Tỉnh Lâm Đồng",,3.0,1,0,0.0,0.0,292.9,0.0,5.0,1,Stopped,0,0,0,0,0,VALID,VALID
92H-02687,2026-08-17 15:42:00,292.9,0,0.0,,,"Xã Hiệp Thạnh, Tỉnh Lâm Đồng",,2.0,1,0,0.0,0.0,292.9,0.0,5.0,1,Stopped,0,0,0,0,0,VALID,VALID
92H-02687,2026-08-17 15:44:00,292.9,0,0.0,,,"Xã Hiệp Thạnh, Tỉnh Lâm Đồng",,2.0,1,0,0.0,0.0,292.9,0.0,5.0,1,Stopped,0,0,0,0,0,VALID,VALID
92H-02687,2026-08-17 15:46:00,292.9,0,0.0,,,"Xã Hiệp Thạnh, Tỉnh Lâm Đồng",,2.0,1,0,0.0,0.0,292.9,0.0,5.0,1,Stopped,0,0,0,0,0,VALID,VALID
92H-02687,2026-08-17 15:48:00,292.9,0,0.0,,,"Xã Hiệp Thạnh, Tỉnh Lâm Đồng",,2.0,1,0,0.0,0.0,292.9,0.0,5.0,1,Stopped,0,0,0,0,0,VALID,VALID
92H-02687,2026-08-17 15:50:00,292.9,0,0.0,,,"Xã Hiệp Thạnh, Tỉnh Lâm Đồng",,2.0,1,0,0.0,0.0,292.9,0.0,5.0,1,Stopped,0,0,0,0,0,VALID,VALID
92H-02687,2026-08-17 15:53:00,292.9,0,0.0,,,"Xã Hiệp Thạnh, Tỉnh Lâm Đồng",,3.0,1,0,0.0,0.0,292.9,0.0,5.0,1,Stopped,0,0,0,0,0,VALID,VALID
92H-02687,2026-08-17 15:55:00,292.8,0,0.0,,,"Xã Hiệp Thạnh, Tỉnh Lâm Đồng",,2.0,1,0,-0.0999999999999659,-0.04999999999998295,292.9,0.04472135017768469,5.0,1,Stopped,0,0,0,0,0,VALID,VALID
92H-02687,2026-08-17 15:57:00,292.8,0,0.0,,,"Xã Hiệp Thạnh, Tỉnh Lâm Đồng",,2.0,1,0,0.0,0.0,292.9,0.05477224809808117,5.0,1,Stopped,0,0,0,0,0,VALID,VALID
92H-02687,2026-08-17 15:59:00,292.8,0,0.0,,,"Xã Hiệp Thạnh, Tỉnh Lâm Đồng",,2.0,1,0,0.0,0.0,292.8,0.05477224809811619,5.0,1,Stopped,0,0,0,0,0,VALID,VALID
92H-02687,2026-08-17 16:01:00,292.8,0,0.0,,,"Xã Hiệp Thạnh, Tỉnh Lâm Đồng",,2.0,1,0,0.0,0.0,292.8,0.04472135017781338,5.0,1,Stopped,0,0,0,0,0,VALID,VALID
92H-02687,2026-08-17 16:02:00,292.8,0,0.0,,,"Xã Hiệp Thạnh, Tỉnh Lâm Đồng",,1.0,1,0,0.0,0.0,292.8,0.0,5.0,1,Stopped,0,0,0,0,0,VALID,VALID
92H-02687,2026-08-17 16:04:00,292.8,0,0.0,,,"Xã Hiệp Thạnh, Tỉnh Lâm Đồng",,2.0,1,0,0.0,0.0,292.8,0.0,5.0,1,Stopped,0,0,0,0,0,VALID,VALID
92H-02687,2026-08-17 16:06:00,292.7,0,0.0,,,"Xã Hiệp Thạnh, Tỉnh Lâm Đồng",,2.0,1,0,-0.10000000000002274,-0.05000000000001137,292.8,0.04472135017796909,5.0,1,Stopped,0,0,0,0,0,VALID,VALID
92H-02687,2026-08-17 16:08:00,297.6,0,0.0,,,"Xã Hiệp Thạnh, Tỉnh Lâm Đồng",,2.0,1,0,4.900000000000034,2.450000000000017,292.8,2.1582400235287498,5.0,1,Stopped,0,0,0,0,0,VALID,VALID
92H-02687,2026-08-17 16:10:00,299.1,0,0.0,,,"Xã Hiệp Thạnh, Tỉnh Lâm Đồng",,2.0,1,0,1.5,0.75,292.8,3.1040296388985684,5.0,1,Stopped,0,0,0,0,0,VALID,VALID
92H-02687,2026-08-17 16:12:00,299.3,0,0.0,,,"Xã Hiệp Thạnh, Tỉnh Lâm Đồng",,2.0,1,0,0.19999999999998863,0.09999999999999432,297.6,3.306811152630287,5.0,1,Stopped,0,0,0,0,0,VALID,VALID
92H-02687,2026-08-17 16:14:00,299.4,0,0.0,,,"Xã Hiệp Thạnh, Tỉnh Lâm Đồng",,2.0,1,0,0.0999999999999659,0.04999999999998295,299.1,2.845522798917497,5.0,1,Stopped,0,0,0,0,0,VALID,VALID
92H-02687,2026-08-17 16:16:00,299.6,0,0.0,,,"Xã Hiệp Thạnh, Tỉnh Lâm Đồng",,2.0,1,0,0.20000000000004547,0.10000000000002274,299.3,0.8031189196865054,5.0,1,Stopped,0,0,0,0,0,VALID,VALID
92H-02687,2026-08-17 16:18:00,299.7,0,0.0,,,"Xã Hiệp Thạnh, Tỉnh Lâm Đồng",,2.0,1,0,0.0999999999999659,0.04999999999998295,299.4,0.2387467259633411,5.0,1,Stopped,0,0,0,0,0,VALID,VALID
92H-02687,2026-08-17 16:21:00,299.7,0,0.0,,,"Xã Hiệp Thạnh, Tỉnh Lâm Đồng",,3.0,1,0,0.0,0.0,299.6,0.1816590189287674,5.0,1,Stopped,0,0,0,0,0,VALID,VALID
92H-02687,2026-08-17 16:23:00,299.7,0,0.0,,,"Xã Hiệp Thạnh, Tỉnh Lâm Đồng",,2.0,1,0,0.0,0.0,299.7,0.13038404487560812,5.0,1,Stopped,0,0,0,0,0,VALID,VALID
92H-02687,2026-08-17 16:25:00,299.9,0,0.0,,,"Xã Hiệp Thạnh, Tỉnh Lâm Đồng",,2.0,1,0,0.19999999999998863,0.09999999999999432,299.7,0.10954450765817718,5.0,1,Stopped,0,0,0,0,0,VALID,VALID
92H-02687,2026-08-17 16:27:00,299.9,0,0.0,,,"Xã Hiệp Thạnh, Tỉnh Lâm Đồng",,2.0,1,0,0.0,0.0,299.7,0.1095445076580468,5.0,1,Stopped,0,0,0,0,0,VALID,VALID
92H-02687,2026-08-17 16:29:00,299.7,0,0.0,,,"Xã Hiệp Thạnh, Tỉnh Lâm Đồng",,2.0,1,0,-0.19999999999998863,-0.09999999999999432,299.7,0.1095445076580468,5.0,1,Stopped,0,0,0,0,0,VALID,VALID
92H-02687,2026-08-17 16:32:00,299.7,0,0.0,,,"Xã Hiệp Thạnh, Tỉnh Lâm Đồng",,3.0,1,0,0.0,0.0,299.7,0.1095445076580468,5.0,1,Stopped,0,0,0,0,0,VALID,VALID
92H-02687,2026-08-17 16:34:00,299.7,0,0.0,,,"Xã Hiệp Thạnh, Tỉnh Lâm Đồng",,2.0,1,0,0.0,0.0,299.7,0.1095445076580468,5.0,1,Stopped,0,0,0,0,0,VALID,VALID
92H-02687,2026-08-17 16:36:00,299.6,0,0.0,,,"Xã Hiệp Thạnh, Tỉnh Lâm Đồng",,2.0,1,0,-0.0999999999999659,-0.04999999999998295,299.7,0.10954450765817718,5.0,1,Stopped,0,0,0,0,0,VALID,VALID
92H-02687,2026-08-17 16:39:00,298.2,0,0.0,,,"Xã Hiệp Thạnh, Tỉnh Lâm Đồng",,3.0,1,0,-1.400000000000034,-0.46666666666667805,299.7,0.6610597546048586,5.0,1,Stopped,0,0,0,0,0,VALID,VALID
92H-02687,2026-08-17 16:41:00,297.9,0,0.0,,,"Xã Hiệp Thạnh, Tỉnh Lâm Đồng",,2.0,1,0,-0.30000000000001137,-0.15000000000000568,299.6,0.8927485643552655,5.0,1,Stopped,0,0,0,0,0,VALID,VALID
92H-02687,2026-08-17 16:42:00,297.9,0,0.0,,,"Xã Hiệp Thạnh, Tỉnh Lâm Đồng",,1.0,1,0,0.0,0.0,298.2,0.9126883362673901,5.0,1,Stopped,0,0,0,0,0,VALID,VALID
92H-02687,2026-08-17 16:44:00,296.9,41,0.3416666666666667,,,"Quốc Lộ 20, Xã Hiệp Thạnh, Tỉnh Lâm Đồng",,2.0,1,0,-1.0,-0.5,297.9,0.9721111043284967,5.0,1,Moving,0,0,0,0,0,VALID,VALID
92H-02687,2026-08-17 16:46:00,292.4,38,-0.025,,,"Quốc Lộ 20, Xã Hiệp Thạnh, Tỉnh Lâm Đồng",,2.0,1,0,-4.5,-2.25,297.9,2.4316660953262423,5.0,1,Moving,0,0,0,0,0,VALID,VALID
92H-02687,2026-08-17 16:48:00,292.2,3,-0.2916666666666667,,,"Quốc Lộ 20, Xã Hiệp Thạnh, Tỉnh Lâm Đồng",,2.0,1,0,-0.19999999999998863,-0.09999999999999432,296.9,2.91427520992089,5.0,1,Moving,0,0,0,0,0,VALID,VALID
92H-02687,2026-08-17 16:50:00,290.5,36,0.275,,,"Quốc Lộ 20, Xã Hiệp Thạnh, Tỉnh Lâm Đồng",,2.0,1,0,-1.6999999999999886,-0.8499999999999943,292.4,3.2275377610742053,5.0,1,Moving,0,0,0,0,0,VALID,VALID
92H-02687,2026-08-17 16:52:00,291.5,38,0.016666666666666666,,,"Quốc Lộ 20, Xã Hiệp Thạnh, Tỉnh Lâm Đồng",,2.0,1,0,1.0,0.5,292.2,2.4627220710344853,5.0,1,Moving,0,0,0,0,0,VALID,VALID
92H-02687,2026-08-17 16:54:00,291.6,38,0.0,,,"Quốc Lộ 20, Xã Hiệp Thạnh, Tỉnh Lâm Đồng",,2.0,1,0,0.10000000000002274,0.05000000000001137,291.6,0.743639697138921,5.0,1,Moving,0,0,0,0,0,VALID,VALID
92H-02687,2026-08-17 16:56:00,291.9,38,0.0,,,"Quốc Lộ 20, Xã Đức Trọng, Tỉnh Lâm Đồng",,2.0,1,0,0.2999999999999545,0.14999999999997726,291.6,0.6426507598695489,5.0,1,Moving,0,0,0,0,0,VALID,VALID
92H-02687,2026-08-17 16:58:00,291.9,32,-0.05,,,"Quốc Lộ 20, Xã Đức Trọng, Tỉnh Lâm Đồng",,2.0,1,0,0.0,0.0,291.6,0.5761944109074086,5.0,1,Moving,0,0,0,0,0,VALID,VALID
92H-02687,2026-08-17 17:00:00,293.2,13,-0.15833333333333333,,,"Quốc Lộ 20, Xã Đức Trọng, Tỉnh Lâm Đồng",,2.0,1,0,1.3000000000000114,0.6500000000000057,291.9,0.6833739819166794,5.0,1,Moving,0,0,0,0,0,VALID,VALID
92H-02687,2026-08-17 17:02:00,291.3,20,0.058333333333333334,,,"Quốc Lộ 20, Xã Đức Trọng, Tỉnh Lâm Đồng",,2.0,1,0,-1.8999999999999773,-0.9499999999999886,291.9,0.725947655937169,5.0,1,Moving,0,0,0,0,0,VALID,VALID
92H-02687,2026-08-17 17:04:00,291.2,31,0.09166666666666666,,,"Quốc Lộ 20, Xã Đức Trọng, Tỉnh Lâm Đồng",,2.0,1,0,-0.10000000000002274,-0.05000000000001137,291.9,0.796868871998842,5.0,1,Moving,0,0,0,0,0,VALID,VALID
92H-02687,2026-08-17 17:06:00,290.3,42,0.09166666666666666,,,"Quốc Lộ 20, Xã Đức Trọng, Tỉnh Lâm Đồng",,2.0,1,0,-0.8999999999999773,-0.44999999999998863,291.3,1.070980858447445,5.0,1,Moving,0,0,0,0,0,VALID,VALID
92H-02687,2026-08-17 17:08:00,290.2,43,0.008333333333333333,,,"Quốc Lộ 20, Xã Đức Trọng, Tỉnh Lâm Đồng",,2.0,1,0,-0.10000000000002274,-0.05000000000001137,291.2,1.2054044960763122,5.0,1,Moving,0,0,0,0,0,VALID,VALID
92H-02687,2026-08-17 17:10:00,290.2,41,-0.016666666666666666,,,"Quốc Lộ 20, Xã Đức Trọng, Tỉnh Lâm Đồng",,2.0,1,0,0.0,0.0,290.3,0.5594640284783924,5.0,1,Moving,0,0,0,0,0,VALID,VALID
92H-02687,2026-08-17 17:12:00,289.3,46,0.041666666666666664,,,"Quốc Lộ 20, Xã Đức Trọng, Tỉnh Lâm Đồng",,2.0,1,0,-0.8999999999999773,-0.44999999999998863,290.2,0.6730527461955887,5.0,1,Moving,0,0,0,0,0,VALID,VALID
92H-02687,2026-08-17 17:14:00,289.1,40,-0.05,,,"Quốc Lộ 20, Xã Đức Trọng, Tỉnh Lâm Đồng",,2.0,1,0,-0.19999999999998863,-0.09999999999999432,290.2,0.5718391374867645,5.0,1,Moving,0,0,0,0,0,VALID,VALID
92H-02687,2026-08-17 17:16:00,289.1,43,0.025,,,"Quốc Lộ 20, Xã Đức Trọng, Tỉnh Lâm Đồng",,2.0,1,0,0.0,0.0,289.3,0.5718391374868436,5.0,1,Moving,0,0,0,0,0,VALID,VALID
92H-02687,2026-08-17 17:18:00,288.8,43,0.0,,,"Quốc Lộ 20, Xã Đức Trọng, Tỉnh Lâm Đồng",,2.0,1,0,-0.30000000000001137,-0.15000000000000568,289.1,0.5338539118165179,5.0,1,Moving,0,0,0,0,0,VALID,VALID
92H-02687,2026-08-17 17:20:00,287.5,54,0.09166666666666666,,,"Quốc Lộ 20, Xã Đức Trọng, Tỉnh Lâm Đồng",,2.0,1,0,-1.3000000000000114,-0.6500000000000057,289.1,0.7266360844067451,5.0,1,Moving,0,0,0,0,0,VALID,VALID
92H-02687,2026-08-17 17:22:00,286.9,34,-0.16666666666666666,,,"Quốc Lộ 20, Xã Ninh Gia, Tỉnh Lâm Đồng",,2.0,1,0,-0.6000000000000227,-0.30000000000001137,288.8,1.0158740075236152,5.0,1,Moving,0,0,0,0,0,VALID,VALID
92H-02687,2026-08-17 17:24:00,289.9,42,0.06666666666666667,,,"Quốc Lộ 20, Xã Ninh Gia, Tỉnh Lâm Đồng",,2.0,1,0,3.0,1.5,288.8,1.2198360542146809,5.0,1,Moving,0,0,0,0,0,VALID,VALID
92H-02687,2026-08-17 17:26:00,288.0,51,0.075,,,"Quốc Lộ 20, Xã Ninh Gia, Tỉnh Lâm Đồng",,2.0,1,0,-1.8999999999999773,-0.9499999999999886,288.0,1.1691877518867833,5.0,1,Moving,0,0,0,0,0,VALID,VALID
92H-02687,2026-08-17 17:28:00,285.7,54,0.025,,,"Quốc Lộ 20, Xã Ninh Gia, Tỉnh Lâm Đồng",,2.0,1,0,-2.3000000000000114,-1.1500000000000057,287.5,1.5459624831030683,5.0,1,Moving,0,0,0,0,0,VALID,VALID
92H-02687,2026-08-17 17:30:00,286.6,34,-0.16666666666666666,,,"Quốc Lộ 20, Xã Ninh Gia, Tỉnh Lâm Đồng",,2.0,1,0,0.9000000000000341,0.45000000000001705,286.9,1.6115210203910564,5.0,1,Moving,0,0,0,0,0,VALID,VALID
92H-02687,2026-08-17 17:32:00,288.7,59,0.20833333333333334,,,"Quốc Lộ 20, Xã Ninh Gia, Tỉnh Lâm Đồng",,2.0,1,0,2.099999999999966,1.049999999999983,288.0,1.6664333167463299,5.0,1,Moving,0,0,0,0,0,VALID,VALID
92H-02687,2026-08-17 17:34:00,281.0,47,-0.1,,,"Quốc Lộ 20, Xã Ninh Gia, Tỉnh Lâm Đồng",,2.0,1,0,-7.699999999999989,-3.8499999999999943,286.6,3.0306764920001625,5.0,1,Moving,0,0,1,0,1,LARGE_DELTA,VALID
92H-02687,2026-08-17 17:36:00,280.2,45,-0.016666666666666666,,,"Quốc Lộ 20, Xã Gia Hiệp, Tỉnh Lâm Đồng",,2.0,1,0,-0.8000000000000114,-0.4000000000000057,285.7,3.681439935563615,5.0,1,Moving,0,0,0,0,0,VALID,VALID
92H-02687,2026-08-17 17:38:00,284.9,41,-0.03333333333333333,,,"Quốc Lộ 20, Xã Gia Hiệp, Tỉnh Lâm Đồng",,2.0,1,0,4.699999999999989,2.3499999999999943,284.9,3.6300137739632143,5.0,1,Moving,0,0,0,0,0,VALID,VALID
92H-02687,2026-08-17 17:40:00,282.4,34,-0.058333333333333334,,,"Quốc Lộ 20, Xã Gia Hiệp, Tỉnh Lâm Đồng",,2.0,1,0,-2.5,-1.25,282.4,3.4399127894705,5.0,1,Moving,0,0,0,0,0,VALID,VALID
92H-02687,2026-08-17 17:42:00,284.3,19,-0.125,,,"Quốc Lộ 20, Xã Gia Hiệp, Tỉnh Lâm Đồng",,2.0,1,0,1.900000000000034,0.950000000000017,282.4,2.03297811084204,5.0,1,Moving,0,0,0,0,0,VALID,VALID
92H-02687,2026-08-17 17:44:00,285.7,20,0.008333333333333333,,,"Quốc Lộ 20, Xã Gia Hiệp, Tỉnh Lâm Đồng",,2.0,1,0,1.3999999999999773,0.6999999999999886,284.3,2.2102036103406277,5.0,1,Moving,0,0,0,0,0,VALID,VALID
92H-02687,2026-08-17 17:46:00,285.6,48,0.23333333333333334,,,"Quốc Lộ 20, Xã Gia Hiệp, Tỉnh Lâm Đồng",,2.0,1,0,-0.0999999999999659,-0.04999999999998295,284.9,1.3442470008010492,5.0,1,Moving,0,0,0,0,0,VALID,VALID
92H-02687,2026-08-17 17:48:00,281.0,46,-0.016666666666666666,,,"Quốc Lộ 20, Xã Gia Hiệp, Tỉnh Lâm Đồng",,2.0,1,0,-4.600000000000023,-2.3000000000000114,284.3,2.0554804789057783,5.0,1,Moving,0,0,0,0,0,VALID,VALID
92H-02687,2026-08-17 17:50:00,280.0,49,0.025,,,"Quốc Lộ 20, Xã Gia Hiệp, Tỉnh Lâm Đồng",,2.0,1,0,-1.0,-0.5,284.3,2.6565014585282607,5.0,1,Moving,0,0,0,0,0,VALID,VALID
92H-02687,2026-08-17 17:52:00,277.8,52,0.025,,,"Quốc Lộ 20, Xã Bảo Thuận, Tỉnh Lâm Đồng",,2.0,1,0,-2.1999999999999886,-1.0999999999999943,281.0,3.5102706447171377,5.0,1,Moving,0,0,0,0,0,VALID,VALID
92H-02687,2026-08-17 17:54:00,276.8,51,-0.008333333333333333,,,"Quốc Lộ 20, Xã Bảo Thuận, Tỉnh Lâm Đồng",,2.0,1,0,-1.0,-0.5,280.0,3.433365695518461,5.0,1,Moving,0,0,0,0,0,VALID,VALID
92H-02687,2026-08-17 17:56:00,277.1,43,-0.06666666666666667,,,"Quốc Lộ 20, Xã Bảo Thuận, Tỉnh Lâm Đồng",,2.0,1,0,0.30000000000001137,0.15000000000000568,277.8,1.859569842507357,5.0,1,Moving,0,0,0,0,0,VALID,VALID
92H-02687,2026-08-17 17:58:00,276.1,45,0.016666666666666666,,,"Quốc Lộ 20, Xã Bảo Thuận, Tỉnh Lâm Đồng",,2.0,1,0,-1.0,-0.5,277.1,1.4943225887212979,5.0,1,Moving,0,0,0,0,0,VALID,VALID
92H-02687,2026-08-17 18:00:00,274.4,46,0.008333333333333333,,,"Hùng Vương, Xã Di Linh, Tỉnh Lâm Đồng",,2.0,1,0,-1.7000000000000455,-0.8500000000000227,276.8,1.2934450120366892,5.0,1,Moving,0,0,0,0,0,VALID,VALID
92H-02687,2026-08-17 18:02:00,274.4,0,-0.38333333333333336,,,"Hùng Vương, Xã Di Linh, Tỉnh Lâm Đồng",,2.0,1,0,0.0,0.0,276.1,1.2934450120366483,5.0,1,Stopped,0,0,0,0,0,VALID,VALID
92H-02687,2026-08-17 18:04:00,273.3,0,0.0,,,"Hùng Vương, Xã Di Linh, Tỉnh Lâm Đồng",,2.0,1,0,-1.099999999999966,-0.549999999999983,274.4,1.5175638369315159,5.0,1,Stopped,0,0,0,0,0,VALID,VALID
92H-02687,2026-08-17 18:06:00,273.3,0,0.0,,,"Hùng Vương, Xã Di Linh, Tỉnh Lâm Đồng",,2.0,1,0,0.0,0.0,274.4,1.1467344937526072,5.0,1,Stopped,0,0,0,0,0,VALID,VALID
92H-02687,2026-08-17 18:08:00,273.3,0,0.0,,,"Hùng Vương, Xã Di Linh, Tỉnh Lâm Đồng",,2.0,1,0,0.0,0.0,273.3,0.6024948125601312,5.0,1,Stopped,0,0,0,0,0,VALID,VALID
92H-02687,2026-08-17 18:10:00,273.1,0,0.0,,,"Hùng Vương, Xã Di Linh, Tỉnh Lâm Đồng",,2.0,1,0,-0.19999999999998863,-0.09999999999999432,273.3,0.5215361916126299,5.0,1,Stopped,0,0,0,0,0,VALID,VALID
92H-02687,2026-08-17 18:13:00,273.1,0,0.0,,,"Hùng Vương, Xã Di Linh, Tỉnh Lâm Đồng",,3.0,1,0,0.0,0.0,273.3,0.10954450767498902,5.0,1,Stopped,0,0,0,0,0,VALID,VALID
92H-02687,2026-08-17 18:15:00,273.1,0,0.0,,,"Hùng Vương, Xã Di Linh, Tỉnh Lâm Đồng",,2.0,1,0,0.0,0.0,273.1,0.10954450767493713,5.0,1,Stopped,0,0,0,0,0,VALID,VALID
92H-02687,2026-08-17 18:17:00,273.1,0,0.0,,,"Hùng Vương, Xã Di Linh, Tỉnh Lâm Đồng",,2.0,1,0,0.0,0.0,273.1,0.08944271441393102,5.0,1,Stopped,0,0,0,0,0,VALID,VALID
92H-02687,2026-08-17 18:18:00,273.1,0,0.0,,,"Hùng Vương, Xã Di Linh, Tỉnh Lâm Đồng",,1.0,1,0,0.0,0.0,273.1,0.0,5.0,1,Stopped,0,0,0,0,0,VALID,VALID
92H-02687,2026-08-17 18:20:00,273.1,0,0.0,,,"Hùng Vương, Xã Di Linh, Tỉnh Lâm Đồng",,2.0,1,0,0.0,0.0,273.1,0.0,5.0,1,Stopped,0,0,0,0,0,VALID,VALID
92H-02687,2026-08-17 18:22:00,273.0,39,0.325,,,"Hùng Vương, Xã Di Linh, Tỉnh Lâm Đồng",,2.0,1,0,-0.10000000000002274,-0.05000000000001137,273.1,0.04472135017768453,5.0,1,Moving,0,0,0,0,0,VALID,VALID
92H-02687,2026-08-17 18:24:00,271.8,35,-0.03333333333333333,,,"Hùng Vương, Xã Di Linh, Tỉnh Lâm Đồng",,2.0,1,0,-1.1999999999999886,-0.5999999999999943,273.1,0.5718391374868197,5.0,1,Moving,0,0,0,0,0,VALID,VALID
92H-02687,2026-08-17 18:26:00,273.0,42,0.058333333333333334,,,"Hùng Vương, Xã Di Linh, Tỉnh Lâm Đồng",,2.0,1,0,1.1999999999999886,0.5999999999999943,273.0,0.5612486072692429,5.0,1,Moving,0,0,0,0,0,VALID,VALID
92H-02687,2026-08-17 18:28:00,271.4,44,0.016666666666666666,,,"Hùng Vương, Xã Di Linh, Tỉnh Lâm Đồng",,2.0,1,0,-1.6000000000000227,-0.8000000000000114,273.0,0.798749021383795,5.0,1,Moving,0,0,0,0,0,VALID,VALID
92H-02687,2026-08-17 18:30:00,272.5,47,0.025,,,"Hùng Vương, Xã Di Linh, Tỉnh Lâm Đồng",,2.0,1,0,1.1000000000000227,0.5500000000000114,272.5,0.7197221680353628,5.0,1,Moving,0,0,0,0,0,VALID,VALID
92H-02687,2026-08-17 18:32:00,271.8,49,0.016666666666666666,,,"Quốc Lộ 20, Xã Di Linh, Tỉnh Lâm Đồng",,2.0,1,0,-0.6999999999999886,-0.3499999999999943,271.8,0.6403124230884799,5.0,1,Moving,0,0,0,0,0,VALID,VALID
92H-02687,2026-08-17 18:34:00,269.9,43,-0.05,,,"Quốc Lộ 20, Xã Di Linh, Tỉnh Lâm Đồng",,2.0,1,0,-1.900000000000034,-0.950000000000017,271.8,1.190378090843971,5.0,1,Moving,0,0,0,0,0,VALID,VALID
92H-02687,2026-08-17 18:36:00,271.1,51,0.06666666666666667,,,"Quốc Lộ 20, Xã Di Linh, Tỉnh Lâm Đồng",,2.0,1,0,1.2000000000000455,0.6000000000000227,271.4,0.9607288895214888,5.0,1,Moving,0,0,0,0,0,VALID,VALID
92H-02687,2026-08-17 18:38:00,269.3,43,-0.06666666666666667,,,"Quốc Lộ 20, Xã Di Linh, Tỉnh Lâm Đồng",,2.0,1,0,-1.8000000000000114,-0.9000000000000057,271.1,1.3198484758338838,5.0,1,Moving,0,0,0,0,0,VALID,VALID
92H-02687,2026-08-17 18:40:00,266.1,0,-0.35833333333333334,,,"Quốc Lộ 20, Xã Di Linh, Tỉnh Lâm Đồng",,2.0,1,0,-3.1999999999999886,-1.5999999999999943,269.9,2.2086194781266686,5.0,1,Stopped,0,0,0,0,0,VALID,VALID
92H-02687,2026-08-17 18:42:00,265.9,0,0.0,,,"Quốc Lộ 20, Xã Di Linh, Tỉnh Lâm Đồng",,2.0,1,0,-0.20000000000004547,-0.10000000000002274,269.3,2.3383755043106675,5.0,1,Stopped,0,0,0,0,0,VALID,VALID
92H-02687,2026-08-17 18:44:00,267.2,44,0.36666666666666664,,,"Quốc Lộ 20, Xã Di Linh, Tỉnh Lâm Đồng",,2.0,1,0,1.3000000000000114,0.6500000000000057,267.2,2.232039425986922,5.0,1,Moving,0,0,0,0,0,VALID,VALID
92H-02687,2026-08-17 18:46:00,269.4,46,0.016666666666666666,,,"Quốc Lộ 20, Xã Di Linh, Tỉnh Lâm Đồng",,2.0,1,0,2.1999999999999886,1.0999999999999943,267.2,1.6902662509675426,5.0,1,Moving,0,0,0,0,0,VALID,VALID
92H-02687,2026-08-17 18:48:00,267.5,53,0.058333333333333334,,,"Quốc Lộ 20, Xã Hòa Ninh, Tỉnh Lâm Đồng",,2.0,1,0,-1.8999999999999773,-0.9499999999999886,267.2,1.3989281608287825,5.0,1,Moving,0,0,0,0,0,VALID,VALID
92H-02687,2026-08-17 18:50:00,264.9,48,-0.041666666666666664,,,"Quốc Lộ 20, Xã Hòa Ninh, Tỉnh Lâm Đồng",,2.0,1,0,-2.6000000000000227,-1.3000000000000114,267.2,1.7079227146331248,5.0,1,Moving,0,0,0,0,0,VALID,VALID
92H-02687,2026-08-17 18:52:00,268.4,37,-0.09166666666666666,,,"Quốc Lộ 20, Xã Hòa Ninh, Tỉnh Lâm Đồng",,2.0,1,0,3.5,1.75,267.5,1.6783920874336464,5.0,1,Moving,0,0,0,0,0,VALID,VALID
92H-02687,2026-08-17 18:54:00,268.3,48,0.09166666666666666,,,"Quốc Lộ 20, Xã Hòa Ninh, Tỉnh Lâm Đồng",,2.0,1,0,-0.0999999999999659,-0.04999999999998295,268.3,1.704406054659487,5.0,1,Moving,0,0,0,0,0,VALID,VALID
92H-02687,2026-08-17 18:56:00,265.8,41,-0.058333333333333334,,,"Quốc Lộ 20, Xã Bảo Lâm 2, Tỉnh Lâm Đồng",,2.0,1,0,-2.5,-1.25,267.5,1.5610893629641531,5.0,1,Moving,0,0,0,0,0,VALID,VALID
92H-02687,2026-08-17 18:58:00,265.2,44,0.025,,,"Quốc Lộ 20, Xã Bảo Lâm 2, Tỉnh Lâm Đồng",,2.0,1,0,-0.6000000000000227,-0.30000000000001137,265.8,1.7020575780976988,5.0,1,Moving,0,0,0,0,0,VALID,VALID
92H-02687,2026-08-17 19:00:00,265.0,46,0.016666666666666666,,,"Quốc Lộ 20, Xã Bảo Lâm 2, Tỉnh Lâm Đồng",,2.0,1,0,-0.19999999999998863,-0.09999999999999432,265.8,1.6786899651692018,5.0,1,Moving,0,0,0,0,0,VALID,VALID
92H-02687,2026-08-17 19:02:00,264.2,46,0.0,,,"Quốc Lộ 20, Xã Bảo Lâm 2, Tỉnh Lâm Đồng",,2.0,1,0,-0.8000000000000114,-0.4000000000000057,265.2,1.562049934912357,5.0,1,Moving,0,0,0,0,0,VALID,VALID
92H-02687,2026-08-17 19:04:00,264.0,42,-0.03333333333333333,,,"Quốc Lộ 20, Phường B’Lao, Tỉnh Lâm Đồng",,2.0,1,0,-0.19999999999998863,-0.09999999999999432,265.0,0.7402702203651836,5.0,1,Moving,0,0,0,0,0,VALID,VALID
92H-02687,2026-08-17 19:06:00,265.0,45,0.025,,,"Quốc Lộ 20, Phường B’Lao, Tỉnh Lâm Đồng",,2.0,1,0,1.0,0.5,265.0,0.5403702426665232,5.0,1,Moving,0,0,0,0,0,VALID,VALID
92H-02687,2026-08-17 19:08:00,263.7,34,-0.09166666666666666,,,"Quốc Lộ 20, Phường B’Lao, Tỉnh Lâm Đồng",,2.0,1,0,-1.3000000000000114,-0.6500000000000057,264.2,0.5932958782592798,5.0,1,Moving,0,0,0,0,0,VALID,VALID
92H-02687,2026-08-17 19:10:00,262.5,41,0.058333333333333334,,,"Quốc Lộ 20, Phường B’Lao, Tỉnh Lâm Đồng",,2.0,1,0,-1.1999999999999886,-0.5999999999999943,264.0,0.9093954030889788,5.0,1,Moving,0,0,0,0,0,VALID,VALID
92H-02687,2026-08-17 19:12:00,265.9,22,-0.15833333333333333,,,"Trần Phú, Phường B’Lao, Tỉnh Lâm Đồng",,2.0,1,0,3.3999999999999773,1.6999999999999886,264.0,1.2949903471298045,5.0,1,Moving,0,0,0,0,0,VALID,VALID
92H-02687,2026-08-17 19:14:00,262.5,27,0.041666666666666664,,,"Trần Phú, Phường B’Lao, Tỉnh Lâm Đồng",,2.0,1,0,-3.3999999999999773,-1.6999999999999886,263.7,1.5139352691444072,5.0,1,Moving,0,0,0,0,0,VALID,VALID
92H-02687,2026-08-17 19:16:00,261.4,17,-0.08333333333333333,,,"Lê Hồng Phong, Phường 1 Bảo Lộc, Tỉnh Lâm Đồng",,2.0,1,0,-1.1000000000000227,-0.5500000000000114,262.5,1.7146428197030819,5.0,1,Moving,0,0,0,0,0,VALID,VALID
92H-02687,2026-08-17 19:18:00,262.1,0,-0.14166666666666666,,,"Trần Phú, Phường 1 Bảo Lộc, Tỉnh Lâm Đồng",,2.0,1,0,0.7000000000000455,0.35000000000002274,262.5,1.74699742391319,5.0,1,Stopped,0,0,0,0,0,VALID,VALID
92H-02687,2026-08-17 19:20:00,263.1,5,0.041666666666666664,,,"Trần Phú, Phường B’Lao, Tỉnh Lâm Đồng",,2.0,1,0,1.0,0.5,262.5,1.7349351570474676,5.0,1,Moving,0,0,0,0,0,VALID,VALID
92H-02687,2026-08-17 19:22:00,260.5,16,0.09166666666666666,,,"Trần Phú, Phường B’Lao, Tỉnh Lâm Đồng",,2.0,1,0,-2.6000000000000227,-1.3000000000000114,262.1,1.0059821067789008,5.0,1,Moving,0,0,0,0,0,VALID,VALID
92H-02687,2026-08-17 19:24:00,259.5,15,-0.008333333333333333,,,"Trần Phú, Phường 3 Bảo Lộc, Tỉnh Lâm Đồng",,2.0,1,0,-1.0,-0.5,261.4,1.393556600629946,5.0,1,Moving,0,0,0,0,0,VALID,VALID
92H-02687,2026-08-17 19:26:00,257.2,39,0.2,,,"Trần Phú, Phường 3 Bảo Lộc, Tỉnh Lâm Đồng",,2.0,1,0,-2.3000000000000114,-1.1500000000000057,260.5,2.3026072177337022,5.0,1,Moving,0,0,0,0,0,VALID,VALID
92H-02687,2026-08-17 19:28:00,257.1,47,0.06666666666666667,,,"Quốc Lộ 20, Phường 3 Bảo Lộc, Tỉnh Lâm Đồng",,2.0,1,0,-0.0999999999999659,-0.04999999999998295,259.5,2.5003999678370175,5.0,1,Moving,0,0,0,0,0,VALID,VALID
92H-02687,2026-08-17 19:30:00,255.6,45,-0.016666666666666666,,,"Quốc Lộ 20, Phường 3 Bảo Lộc, Tỉnh Lâm Đồng",,2.0,1,0,-1.5000000000000284,-0.7500000000000142,257.2,1.981665965585376,5.0,1,Moving,0,0,0,0,0,VALID,VALID
92H-02687,2026-08-17 19:32:00,257.2,46,0.008333333333333333,,,"Quốc Lộ 20, Phường 3 Bảo Lộc, Tỉnh Lâm Đồng",,2.0,1,0,1.5999999999999943,0.7999999999999972,257.2,1.3953494183033335,5.0,1,Moving,0,0,0,0,0,VALID,VALID
92H-02687,2026-08-17 19:34:00,257.4,46,0.0,,,"Quốc Lộ 20, Phường 3 Bảo Lộc, Tỉnh Lâm Đồng",,2.0,1,0,0.19999999999998863,0.09999999999999432,257.2,0.7348469222630208,5.0,1,Moving,0,0,0,0,0,VALID,VALID
92H-02687,2026-08-17 19:36:00,258.4,47,0.008333333333333333,,,"Quốc Lộ 20, Phường 3 Bảo Lộc, Tỉnh Lâm Đồng",,2.0,1,0,1.0,0.5,257.2,1.0039920314222748,5.0,1,Moving,0,0,0,0,0,VALID,VALID
92H-02687,2026-08-17 19:38:00,255.3,35,-0.1,,,"Đèo Bảo Lộc, Phường 3 Bảo Lộc, Tỉnh Lâm Đồng",,2.0,1,0,-3.099999999999966,-1.549999999999983,257.2,1.30076900299761,5.0,1,Moving,0,0,0,0,0,VALID,VALID
92H-02687,2026-08-17 19:40:00,249.8,26,-0.075,,,"Đèo Bảo Lộc, Phường 3 Bảo Lộc, Tỉnh Lâm Đồng",,2.0,1,0,-5.5,-2.75,257.2,3.441220713520038,5.0,1,Moving,0,0,1,0,1,LARGE_DELTA,VALID
92H-02687,2026-08-17 19:42:00,248.1,46,0.16666666666666666,,,"Đèo Bảo Lộc, Phường 3 Bảo Lộc, Tỉnh Lâm Đồng",,2.0,1,0,-1.700000000000017,-0.8500000000000085,255.3,4.605974381079366,5.0,1,Moving,0,0,0,0,0,VALID,VALID
92H-02687,2026-08-17 19:44:00,248.0,39,-0.058333333333333334,,,"Đèo Bảo Lộc, Xã Đạ Huoai 2, Tỉnh Lâm Đồng",,2.0,1,0,-0.09999999999999432,-0.04999999999999716,249.8,4.6868966277441615,5.0,1,Moving,0,0,0,0,0,VALID,VALID
92H-02687,2026-08-17 19:46:00,247.1,46,0.058333333333333334,,,"Đèo Bảo Lộc, Xã Đạ Huoai 2, Tỉnh Lâm Đồng",,2.0,1,0,-0.9000000000000057,-0.45000000000000284,248.1,3.3004545140267787,5.0,1,Moving,0,0,0,0,0,VALID,VALID
92H-02687,2026-08-17 19:48:00,247.1,12,-0.2833333333333333,,,"Đèo Bảo Lộc, Xã Đạ Huoai 2, Tỉnh Lâm Đồng",,2.0,1,0,0.0,0.0,248.0,1.1031772292608757,5.0,1,Moving,0,0,0,0,0,VALID,VALID
92H-02687,2026-08-17 19:50:00,247.0,17,0.041666666666666664,,,"Đèo Bảo Lộc, Xã Đạ Huoai 2, Tỉnh Lâm Đồng",,2.0,1,0,-0.09999999999999432,-0.04999999999999716,247.1,0.5412947433327869,5.0,1,Moving,0,0,0,0,0,VALID,VALID
92H-02687,2026-08-17 19:52:00,247.0,17,0.0,,,"Đèo Bảo Lộc, Xã Đạ Huoai 2, Tỉnh Lâm Đồng",,2.0,1,0,0.0,0.0,247.1,0.4277849917420134,5.0,1,Moving,0,0,0,0,0,VALID,VALID
92H-02687,2026-08-17 19:54:00,247.0,16,-0.008333333333333333,,,"Đèo Bảo Lộc, Xã Đạ Huoai 2, Tỉnh Lâm Đồng",,2.0,1,0,0.0,0.0,247.0,0.05477224807983662,5.0,1,Moving,0,0,0,0,0,VALID,VALID
92H-02687,2026-08-17 19:56:00,247.0,26,0.08333333333333333,,,"Đèo Bảo Lộc, Xã Đạ Huoai 2, Tỉnh Lâm Đồng",,2.0,1,0,0.0,0.0,247.0,0.044721350155386246,5.0,1,Moving,0,0,0,0,0,VALID,VALID
92H-02687,2026-08-17 19:58:00,251.2,35,0.075,,,"Quốc Lộ 20, Xã Đạ Huoai 2, Tỉnh Lâm Đồng",,2.0,1,0,4.199999999999989,2.0999999999999943,247.0,1.8782971008761156,5.0,1,Moving,0,0,0,0,0,VALID,VALID
92H-02687,2026-08-17 20:00:00,251.2,36,0.008333333333333333,,,"Quốc Lộ 20, Xã Đạ Huoai 2, Tỉnh Lâm Đồng",,2.0,1,0,0.0,0.0,247.0,2.3004347413390223,5.0,1,Moving,0,0,0,0,0,VALID,VALID
92H-02687,2026-08-17 20:02:00,251.4,45,0.075,,,"Quốc Lộ 20, Xã Đạ Huoai 2, Tỉnh Lâm Đồng",,2.0,1,0,0.20000000000001705,0.10000000000000853,251.2,2.338375504310516,5.0,1,Moving,0,0,0,0,0,VALID,VALID
92H-02687,2026-08-17 20:04:00,251.2,51,0.05,,,"Quốc Lộ 20, Xã Đạ Huoai 2, Tỉnh Lâm Đồng",,2.0,1,0,-0.20000000000001705,-0.10000000000000853,251.2,1.9026297588231356,5.0,1,Moving,0,0,0,0,0,VALID,VALID
92H-02687,2026-08-17 20:06:00,252.4,47,-0.03333333333333333,,,"Quốc Lộ 20, Xã Đạ Huoai 2, Tỉnh Lâm Đồng",,2.0,1,0,1.200000000000017,0.6000000000000085,251.2,0.5215361916102036,5.0,1,Moving,0,0,0,0,0,VALID,VALID
92H-02687,2026-08-17 20:08:00,251.7,50,0.025,,,"Quốc Lộ 20, Xã Đạ Huoai 2, Tỉnh Lâm Đồng",,2.0,1,0,-0.700000000000017,-0.3500000000000085,251.4,0.5019960150830483,5.0,1,Moving,0,0,0,0,0,VALID,VALID
92H-02687,2026-08-17 20:10:00,251.5,54,0.03333333333333333,,,"Quốc Lộ 20, Xã Đạ Huoai 2, Tỉnh Lâm Đồng",,2.0,1,0,-0.19999999999998863,-0.09999999999999432,251.5,0.46151922945772317,5.0,1,Moving,0,0,0,0,0,VALID,VALID
92H-02687,2026-08-17 20:12:00,252.5,47,-0.058333333333333334,,,"Quốc Lộ 20, Xã Đạ Huoai, Tỉnh Lâm Đồng",,2.0,1,0,1.0,0.5,251.7,0.568330888795629,5.0,1,Moving,0,0,0,0,0,VALID,VALID
92H-02687,2026-08-17 20:14:00,252.4,41,-0.05,,,"Đèo Chuối, Xã Đạ Huoai, Tỉnh Lâm Đồng",,2.0,1,0,-0.09999999999999432,-0.04999999999999716,252.4,0.46368092386812493,5.0,1,Moving,0,0,0,0,0,VALID,VALID
92H-02687,2026-08-17 20:16:00,253.6,32,-0.075,,,"Đèo Chuối, Xã Đạ Huoai, Tỉnh Lâm Đồng",,2.0,1,0,1.1999999999999886,0.5999999999999943,252.4,0.8264381399470616,5.0,1,Moving,0,0,0,0,0,VALID,VALID
92H-02687,2026-08-17 20:18:00,254.8,18,-0.11666666666666667,,,"Đèo Chuối, Xã Đạ Huoai, Tỉnh Lâm Đồng",,2.0,1,0,1.200000000000017,0.6000000000000085,252.5,1.270039369137455,5.0,1,Moving,0,0,0,0,0,VALID,VALID
92H-02687,2026-08-17 20:20:00,250.8,38,0.16666666666666666,,,"Đèo Chuối, Xã Đạ Huoai, Tỉnh Lâm Đồng",,2.0,1,0,-4.0,-2.0,252.5,1.4906374472550539,5.0,1,Moving,0,0,0,0,0,VALID,VALID
92H-02687,2026-08-17 20:22:00,248.0,40,0.016666666666666666,,,"Quốc Lộ 20, Xã Đạ Huoai, Tỉnh Lâm Đồng",,2.0,1,0,-2.8000000000000114,-1.4000000000000057,252.4,2.6442390208071527,5.0,1,Moving,0,0,0,0,0,VALID,VALID
92H-02687,2026-08-17 20:24:00,248.0,26,-0.11666666666666667,,,"Hùng Vương, Xã Đạ Huoai, Tỉnh Lâm Đồng",,2.0,1,0,0.0,0.0,250.8,3.1317726608359173,5.0,1,Moving,0,0,0,0,0,VALID,VALID
92H-02687,2026-08-17 20:26:00,248.0,27,0.008333333333333333,,,"Hùng Vương, Xã Đạ Huoai, Tỉnh Lâm Đồng",,2.0,1,0,0.0,0.0,248.0,2.9852973049864606,5.0,1,Moving,0,0,0,0,0,VALID,VALID
92H-02687,2026-08-17 20:28:00,249.2,48,0.175,,,"Quốc Lộ 20, Xã Đạ Huoai, Tỉnh Lâm Đồng",,2.0,1,0,1.1999999999999886,0.5999999999999943,248.0,1.2328828002529297,5.0,1,Moving,0,0,0,0,0,VALID,VALID
92H-02687,2026-08-17 20:30:00,249.2,47,-0.008333333333333333,,,"Trạm thu phí Tân Phú, Xã Phú Lâm, Tỉnh Đồng Nai",,2.0,1,0,0.0,0.0,248.0,0.6572670683668256,5.0,1,Moving,0,0,0,0,0,VALID,VALID
92H-02687,2026-08-17 20:32:00,247.8,54,0.058333333333333334,,,"Quốc Lộ 20, Xã Phú Lâm, Tỉnh Đồng Nai",,2.0,1,0,-1.3999999999999773,-0.6999999999999886,248.0,0.6985699672613479,5.0,1,Moving,0,0,0,0,0,VALID,VALID
92H-02687,2026-08-17 20:34:00,246.7,43,-0.09166666666666666,,,"Quốc Lộ 20, Xã Phú Lâm, Tỉnh Đồng Nai",,2.0,1,0,-1.1000000000000227,-0.5500000000000114,248.0,1.0545141057186258,5.0,1,Moving,0,0,0,0,0,VALID,VALID
92H-02687,2026-08-17 20:36:00,246.5,48,0.041666666666666664,,,"Quốc Lộ 20, Xã Phú Lâm, Tỉnh Đồng Nai",,2.0,1,0,-0.19999999999998863,-0.09999999999999432,247.8,1.3026895252359978,5.0,1,Moving,0,0,0,0,0,VALID,VALID
92H-02687,2026-08-17 20:38:00,245.2,52,0.03333333333333333,,,"Quốc Lộ 20, Xã Phú Lâm, Tỉnh Đồng Nai",,2.0,1,0,-1.3000000000000114,-0.6500000000000057,246.7,1.5023315210564245,5.0,1,Moving,0,0,0,0,0,VALID,VALID
92H-02687,2026-08-17 20:40:00,245.1,40,-0.1,,,"Quốc Lộ 20, Xã Phú Lâm, Tỉnh Đồng Nai",,2.0,1,0,-0.09999999999999432,-0.04999999999999716,246.5,1.12827301623314,5.0,1,Moving,0,0,0,0,0,VALID,VALID
92H-02687,2026-08-17 20:42:00,244.9,30,-0.08333333333333333,,,"Quốc Lộ 20, Xã Phú Lâm, Tỉnh Đồng Nai",,2.0,1,0,-0.19999999999998863,-0.09999999999999432,245.2,0.8497058309555606,5.0,1,Moving,0,0,0,0,0,VALID,VALID
92H-02687,2026-08-17 20:44:00,245.2,42,0.1,,,"Quốc Lộ 20, Xã Tân Phú, Tỉnh Đồng Nai",,2.0,1,0,0.29999999999998295,0.14999999999999147,245.2,0.6379655156510514,5.0,1,Moving,0,0,0,0,0,VALID,VALID
92H-02687,2026-08-17 20:46:00,245.3,41,-0.008333333333333333,,,"Quốc Lộ 20, Xã Tân Phú, Tỉnh Đồng Nai",,2.0,1,0,0.10000000000002274,0.05000000000001137,245.2,0.15165750611138917,5.0,1,Moving,0,0,0,0,0,VALID,VALID
92H-02687,2026-08-17 20:48:00,245.6,42,0.008333333333333333,,,"Quốc Lộ 20, Xã Tân Phú, Tỉnh Đồng Nai",,2.0,1,0,0.29999999999998295,0.14999999999999147,245.2,0.25884358048813955,5.0,1,Moving,0,0,0,0,0,VALID,VALID
92H-02687,2026-08-17 20:50:00,245.5,33,-0.075,,,"Quốc Lộ 20, Xã Tân Phú, Tỉnh Đồng Nai",,2.0,1,0,-0.09999999999999432,-0.04999999999999716,245.3,0.27386127721880577,5.0,1,Moving,0,0,0,0,0,VALID,VALID
92H-02687,2026-08-17 20:52:00,245.5,44,0.09166666666666666,,,"Quốc Lộ 20, Xã Tân Phú, Tỉnh Đồng Nai",,2.0,1,0,0.0,0.0,245.5,0.1643167646952506,5.0,1,Moving,0,0,0,0,0,VALID,VALID
92H-02687,2026-08-17 20:54:00,245.3,42,-0.016666666666666666,,,"Quốc Lộ 20, Xã Tân Phú, Tỉnh Đồng Nai",,2.0,1,0,-0.19999999999998863,-0.09999999999999432,245.5,0.1341640755191629,5.0,1,Moving,0,0,0,0,0,VALID,VALID
92H-02687,2026-08-17 20:56:00,245.3,46,0.03333333333333333,,,"Quốc Lộ 20, Xã Tân Phú, Tỉnh Đồng Nai",,2.0,1,0,0.0,0.0,245.5,0.1341640755191629,5.0,1,Moving,0,0,0,0,0,VALID,VALID
92H-02687,2026-08-17 20:58:00,245.3,53,0.058333333333333334,,,"Quốc Lộ 20, Xã Phú Hòa, Tỉnh Đồng Nai",,2.0,1,0,0.0,0.0,245.3,0.10954450766659002,5.0,1,Moving,0,0,0,0,0,VALID,VALID
92H-02687,2026-08-17 21:00:00,242.6,57,0.03333333333333333,,,"Quốc Lộ 20, Xã Phú Vinh, Tỉnh Đồng Nai",,2.0,1,0,-2.700000000000017,-1.3500000000000085,245.3,1.2328828002531078,5.0,1,Moving,0,0,0,0,0,VALID,VALID
92H-02687,2026-08-17 21:02:00,242.6,43,-0.11666666666666667,,,"Quốc Lộ 20, Xã Phú Vinh, Tỉnh Đồng Nai",,2.0,1,0,0.0,0.0,245.3,1.4788509049799277,5.0,1,Moving,0,0,0,0,0,VALID,VALID
92H-02687,2026-08-17 21:04:00,241.8,49,0.05,,,"Quốc Lộ 20, Xã Phú Vinh, Tỉnh Đồng Nai",,2.0,1,0,-0.799999999999983,-0.3999999999999915,242.6,1.6574076140647827,5.0,1,Moving,0,0,0,0,0,VALID,VALID
92H-02687,2026-08-17 21:06:00,239.3,45,-0.03333333333333333,,,"Nguyễn Ái Quốc, Xã Phú Vinh, Tỉnh Đồng Nai",,2.0,1,0,-2.5,-1.25,242.6,2.1463923218181375,5.0,1,Moving,0,0,0,0,0,VALID,VALID
92H-02687,2026-08-17 21:08:00,239.6,42,-0.025,,,"Nguyễn Ái Quốc, Xã Định Quán, Tỉnh Đồng Nai",,2.0,1,0,0.29999999999998295,0.14999999999999147,241.8,1.6161683078070213,5.0,1,Moving,0,0,0,0,0,VALID,VALID
92H-02687,2026-08-17 21:10:00,239.9,35,-0.058333333333333334,,,"Nguyễn Ái Quốc, Xã Định Quán, Tỉnh Đồng Nai",,2.0,1,0,0.30000000000001137,0.15000000000000568,239.9,1.4673104644756658,5.0,1,Moving,0,0,0,0,0,VALID,VALID
92H-02687,2026-08-17 21:12:00,243.3,40,0.041666666666666664,,,"Quốc Lộ 20, Xã Định Quán, Tỉnh Đồng Nai",,2.0,1,0,3.4000000000000057,1.7000000000000028,239.9,1.713767778656091,5.0,1,Moving,0,0,0,0,0,VALID,VALID
92H-02687,2026-08-17 21:14:00,236.4,37,-0.025,,,"Quốc Lộ 20, Xã Định Quán, Tỉnh Đồng Nai",,2.0,1,0,-6.900000000000006,-3.450000000000003,239.6,2.4525496935148468,5.0,1,Moving,0,0,1,0,1,LARGE_DELTA,VALID
92H-02687,2026-08-17 21:16:00,236.4,45,0.06666666666666667,,,"Quốc Lộ 20, Xã Định Quán, Tỉnh Đồng Nai",,2.0,1,0,0.0,0.0,239.6,2.8769775805799624,5.0,1,Moving,0,0,0,0,0,VALID,VALID
92H-02687,2026-08-17 21:18:00,237.6,45,0.0,,,"Quốc Lộ 20, Xã Định Quán, Tỉnh Đồng Nai",,2.0,1,0,1.1999999999999886,0.5999999999999943,237.6,2.9320641192101706,5.0,1,Moving,0,0,0,0,0,VALID,VALID
92H-02687,2026-08-17 21:20:00,237.4,41,-0.03333333333333333,,,"Quốc Lộ 20, Xã Định Quán, Tỉnh Đồng Nai",,2.0,1,0,-0.19999999999998863,-0.09999999999999432,237.4,2.893440858071868,5.0,1,Moving,0,0,0,0,0,VALID,VALID
92H-02687,2026-08-17 21:22:00,237.3,39,-0.016666666666666666,,,"Quốc Lộ 20, Xã Định Quán, Tỉnh Đồng Nai",,2.0,1,0,-0.09999999999999432,-0.04999999999999716,237.3,0.576194410906199,5.0,1,Moving,0,0,0,0,0,VALID,VALID
92H-02687,2026-08-17 21:24:00,237.4,49,0.08333333333333333,,,"Cầu La Ngà, Xã La Ngà, Tỉnh Đồng Nai",,2.0,1,0,0.09999999999999432,0.04999999999999716,237.4,0.47116875868371333,5.0,1,Moving,0,0,0,0,0,VALID,VALID
92H-02687,2026-08-17 21:26:00,237.6,45,-0.03333333333333333,,,"Quốc Lộ 20, Xã La Ngà, Tỉnh Đồng Nai",,2.0,1,0,0.19999999999998863,0.09999999999999432,237.4,0.13416407551781753,5.0,1,Moving,0,0,0,0,0,VALID,VALID
92H-02687,2026-08-17 21:28:00,237.4,52,0.058333333333333334,,,"Quốc Lộ 20, Xã La Ngà, Tỉnh Đồng Nai",,2.0,1,0,-0.19999999999998863,-0.09999999999999432,237.4,0.10954450766493012,5.0,1,Moving,0,0,0,0,0,VALID,VALID
92H-02687,2026-08-17 21:30:00,237.6,41,-0.09166666666666666,,,"Quốc Lộ 20, Xã La Ngà, Tỉnh Đồng Nai",,2.0,1,0,0.19999999999998863,0.09999999999999432,237.4,0.13416407551781753,5.0,1,Moving,0,0,0,0,0,VALID,VALID
92H-02687,2026-08-17 21:32:00,237.9,51,0.08333333333333333,,,"Quốc Lộ 20, Xã La Ngà, Tỉnh Đồng Nai",,2.0,1,0,0.30000000000001137,0.15000000000000568,237.6,0.20493901326870645,5.0,1,Moving,0,0,0,0,0,VALID,VALID
92H-02687,2026-08-17 21:34:00,234.3,57,0.05,,,"Quốc Lộ 20, Xã La Ngà, Tỉnh Đồng Nai",,2.0,1,0,-3.5999999999999943,-1.7999999999999972,237.6,1.4976648487427153,5.0,1,Moving,0,0,0,0,0,VALID,VALID
92H-02687,2026-08-17 21:36:00,233.4,53,-0.03333333333333333,,,"Quốc Lộ 20, Xã La Ngà, Tỉnh Đồng Nai",,2.0,1,0,-0.9000000000000057,-0.45000000000000284,237.4,2.1040437255816595,5.0,1,Moving,0,0,0,0,0,VALID,VALID
92H-02687,2026-08-17 21:38:00,234.2,44,-0.075,,,"Quốc Lộ 20, Xã La Ngà, Tỉnh Đồng Nai",,2.0,1,0,0.799999999999983,0.3999999999999915,234.3,2.1040437255816644,5.0,1,Moving,0,0,0,0,0,VALID,VALID
92H-02687,2026-08-17 21:40:00,232.3,37,-0.058333333333333334,,,"Quốc Lộ 20, Xã La Ngà, Tỉnh Đồng Nai",,2.0,1,0,-1.8999999999999773,-0.9499999999999886,234.2,2.1040437255816724,5.0,1,Moving,0,0,0,0,0,VALID,VALID
92H-02687,2026-08-17 21:42:00,230.8,46,0.075,,,"Quốc Lộ 20, Xã La Ngà, Tỉnh Đồng Nai",,2.0,1,0,-1.5,-0.75,233.4,1.4679918253040825,5.0,1,Moving,0,0,0,0,0,VALID,VALID
92H-02687,2026-08-17 21:44:00,231.0,30,-0.13333333333333333,,,"Quốc Lộ 20, Xã Thống Nhất, Tỉnh Đồng Nai",,2.0,1,0,0.19999999999998863,0.09999999999999432,232.3,1.4791889666839773,5.0,1,Moving,0,0,0,0,0,VALID,VALID
92H-02687,2026-08-17 21:46:00,232.7,39,0.075,,,"Quốc Lộ 20, Xã Thống Nhất, Tỉnh Đồng Nai",,2.0,1,0,1.6999999999999886,0.8499999999999943,232.3,1.3838352500061586,5.0,1,Moving,0,0,0,0,0,VALID,VALID
92H-02687,2026-08-17 21:48:00,233.0,58,0.15833333333333333,,,"Quốc Lộ 20, Xã Thống Nhất, Tỉnh Đồng Nai",,2.0,1,0,0.30000000000001137,0.15000000000000568,232.3,1.0014988762647798,5.0,1,Moving,0,0,0,0,0,VALID,VALID
92H-02687,2026-08-17 21:50:00,229.0,44,-0.11666666666666667,,,"Quốc Lộ 20, Xã Thống Nhất, Tỉnh Đồng Nai",,2.0,1,0,-4.0,-2.0,231.0,1.6186414053642584,5.0,1,Moving,0,0,0,0,0,VALID,VALID
92H-02687,2026-08-17 21:52:00,229.2,38,-0.05,,,"Quốc Lộ 20, Xã Thống Nhất, Tỉnh Đồng Nai",,2.0,1,0,0.19999999999998863,0.09999999999999432,231.0,1.8793615935097714,5.0,1,Moving,0,0,0,0,0,VALID,VALID
92H-02687,2026-08-17 21:54:00,229.5,42,0.03333333333333333,,,"Quốc Lộ 20, Xã Gia Kiệm, Tỉnh Đồng Nai",,2.0,1,0,0.30000000000001137,0.15000000000000568,229.5,1.9917329136105544,5.0,1,Moving,0,0,0,0,0,VALID,VALID
92H-02687,2026-08-17 21:56:00,229.6,47,0.041666666666666664,,,"Quốc Lộ 20, Xã Gia Kiệm, Tỉnh Đồng Nai",,2.0,1,0,0.09999999999999432,0.04999999999999716,229.5,1.6607227339804842,5.0,1,Moving,0,0,0,0,0,VALID,VALID
92H-02687,2026-08-17 21:58:00,229.6,37,-0.08333333333333333,,,"Quốc Lộ 20, Xã Gia Kiệm, Tỉnh Đồng Nai",,2.0,1,0,0.0,0.0,229.5,0.2683281557339964,5.0,1,Moving,0,0,0,0,0,VALID,VALID
92H-02687,2026-08-17 22:00:00,173.7,0,-0.30833333333333335,,,"Quốc Lộ 20, Xã Gia Kiệm, Tỉnh Đồng Nai",,2.0,1,0,-55.900000000000006,-27.950000000000003,229.5,24.943877004169977,5.0,1,Stopped,0,0,1,0,1,LARGE_DELTA,VALID
92H-02687,2026-08-17 22:02:00,229.5,8,0.06666666666666667,,,"Quốc Lộ 20, Xã Gia Kiệm, Tỉnh Đồng Nai",,2.0,1,0,55.80000000000001,27.900000000000006,229.5,24.97692935488988,5.0,1,Moving,0,0,1,0,1,LARGE_DELTA,VALID
92H-02687,2026-08-17 22:04:00,230.8,44,0.3,,,"Quốc Lộ 20, Xã Gia Kiệm, Tỉnh Đồng Nai",,2.0,1,0,1.3000000000000114,0.6500000000000057,229.6,25.127932664649514,5.0,1,Moving,0,0,0,0,0,VALID,VALID
92H-02687,2026-08-17 22:06:00,226.7,43,-0.008333333333333333,,,"Quốc Lộ 20, Xã Gia Kiệm, Tỉnh Đồng Nai",,2.0,1,0,-4.100000000000023,-2.0500000000000114,229.5,24.84357059681961,5.0,1,Moving,0,0,0,0,0,VALID,VALID
92H-02687,2026-08-17 22:08:00,226.0,50,0.058333333333333334,,,"Quốc Lộ 20, Xã Dầu Giây, Tỉnh Đồng Nai",,2.0,1,0,-0.6999999999999886,-0.3499999999999943,226.7,24.474946373774955,5.0,1,Moving,0,0,0,0,0,VALID,VALID
92H-02687,2026-08-17 22:10:00,225.4,50,0.0,,,"Quốc Lộ 20, Xã Dầu Giây, Tỉnh Đồng Nai",,2.0,1,0,-0.5999999999999943,-0.29999999999999716,226.7,2.346699810193073,5.0,1,Moving,0,0,0,0,0,VALID,VALID
92H-02687,2026-08-17 22:12:00,225.4,44,-0.05,,,"Quốc Lộ 20, Xã Dầu Giây, Tỉnh Đồng Nai",,2.0,1,0,0.0,0.0,226.0,2.266715685559209,5.0,1,Moving,0,0,0,0,0,VALID,VALID
92H-02687,2026-08-17 22:14:00,224.3,46,0.016666666666666666,,,"Quốc Lộ 1, Xã Dầu Giây, Tỉnh Đồng Nai",,2.0,1,0,-1.0999999999999943,-0.5499999999999972,225.4,0.8848728717505444,5.0,1,Moving,0,0,0,0,0,VALID,VALID
92H-02687,2026-08-17 22:16:00,223.3,52,0.05,,,"Quốc Lộ 1, Xã Dầu Giây, Tỉnh Đồng Nai",,2.0,1,0,-1.0,-0.5,225.4,1.0756393443715349,5.0,1,Moving,0,0,0,0,0,VALID,VALID
92H-02687,2026-08-17 22:18:00,223.3,0,-0.43333333333333335,,,"Quốc Lộ 1, Xã Dầu Giây, Tỉnh Đồng Nai",,2.0,1,0,0.0,0.0,224.3,1.0502380678493877,5.0,1,Stopped,0,0,0,0,0,VALID,VALID
92H-02687,2026-08-17 22:20:00,223.3,0,0.0,,,"Quốc Lộ 1, Xã Hưng Thịnh, Tỉnh Đồng Nai",,2.0,1,0,0.0,0.0,223.3,0.9338094019445305,5.0,1,Stopped,0,0,0,0,0,VALID,VALID
92H-02687,2026-08-17 22:23:00,223.5,0,0.0,,,"Quốc Lộ 1, Xã Hưng Thịnh, Tỉnh Đồng Nai",,3.0,1,0,0.19999999999998863,0.06666666666666288,223.3,0.4335896668049005,5.0,1,Stopped,0,0,0,0,0,VALID,VALID
92H-02687,2026-08-17 22:25:00,223.5,0,0.0,,,"Quốc Lộ 1, Xã Hưng Thịnh, Tỉnh Đồng Nai",,2.0,1,0,0.0,0.0,223.3,0.10954450766687111,5.0,1,Stopped,0,0,0,0,0,VALID,VALID
92H-02687,2026-08-17 22:27:00,223.6,0,0.0,,,"Quốc Lộ 1, Xã Hưng Thịnh, Tỉnh Đồng Nai",,2.0,1,0,0.09999999999999432,0.04999999999999716,223.5,0.1341640755194184,5.0,1,Stopped,0,0,0,0,0,VALID,VALID
92H-02687,2026-08-17 22:29:00,223.6,0,0.0,,,"Quốc Lộ 1, Xã Hưng Thịnh, Tỉnh Đồng Nai",,2.0,1,0,0.0,0.0,223.5,0.12247448370981219,5.0,1,Stopped,0,0,0,0,0,VALID,VALID
92H-02687,2026-08-17 22:31:00,223.8,0,0.0,,,"Quốc Lộ 1, Xã Hưng Thịnh, Tỉnh Đồng Nai",,2.0,1,0,0.20000000000001705,0.10000000000000853,223.6,0.12247448370985715,5.0,1,Stopped,0,0,0,0,0,VALID,VALID
92H-02687,2026-08-17 22:34:00,223.8,0,0.0,,,"Quốc Lộ 1, Xã Hưng Thịnh, Tỉnh Đồng Nai",,3.0,1,0,0.0,0.0,223.6,0.1341640755195027,5.0,1,Stopped,0,0,0,0,0,VALID,VALID
92H-02687,2026-08-17 22:36:00,223.9,53,0.44166666666666665,,,"Quốc Lộ 1, Xã Hưng Thịnh, Tỉnh Đồng Nai",,2.0,1,0,0.09999999999999432,0.04999999999999716,223.8,0.13416407551952603,5.0,1,Moving,0,0,0,0,0,VALID,VALID
92H-02687,2026-08-17 22:38:00,224.0,48,-0.041666666666666664,,,"Quốc Lộ 1, Xã Hưng Thịnh, Tỉnh Đồng Nai",,2.0,1,0,0.09999999999999432,0.04999999999999716,223.8,0.1483239669103132,5.0,1,Moving,0,0,0,0,0,VALID,VALID
92H-02687,2026-08-17 22:40:00,222.7,42,-0.05,,,"Quốc Lộ 1, Xã Hưng Thịnh, Tỉnh Đồng Nai",,2.0,1,0,-1.3000000000000114,-0.6500000000000057,223.8,0.5319774423413209,5.0,1,Moving,0,0,0,0,0,VALID,VALID
92H-02687,2026-08-17 22:42:00,223.6,52,0.08333333333333333,,,"Quốc Lộ 1, Xã Hưng Thịnh, Tỉnh Đồng Nai",,2.0,1,0,0.9000000000000057,0.45000000000000284,223.8,0.5244044232841771,5.0,1,Moving,0,0,0,0,0,VALID,VALID
92H-02687,2026-08-17 22:44:00,223.3,48,-0.03333333333333333,,,"Quốc Lộ 1, Xã Trảng Bom, Tỉnh Đồng Nai",,2.0,1,0,-0.29999999999998295,-0.14999999999999147,223.6,0.5244044232841666,5.0,1,Moving,0,0,0,0,0,VALID,VALID
92H-02687,2026-08-17 22:46:00,223.2,48,0.0,,,"Quốc Lộ 1, Xã Trảng Bom, Tỉnh Đồng Nai",,2.0,1,0,-0.10000000000002274,-0.05000000000001137,223.3,0.48270073457577384,5.0,1,Moving,0,0,0,0,0,VALID,VALID
92H-02687,2026-08-17 22:48:00,222.9,37,-0.09166666666666666,,,"Quốc Lộ 1, Xã Trảng Bom, Tỉnh Đồng Nai",,2.0,1,0,-0.29999999999998295,-0.14999999999999147,223.2,0.3507135571374229,5.0,1,Moving,0,0,0,0,0,VALID,VALID
92H-02687,2026-08-17 22:50:00,222.7,31,-0.05,,,"Quốc Lộ 1, Xã Trảng Bom, Tỉnh Đồng Nai",,2.0,1,0,-0.20000000000001705,-0.10000000000000853,223.2,0.3507135571374229,5.0,1,Moving,0,0,0,0,0,VALID,VALID
92H-02687,2026-08-17 22:52:00,222.7,44,0.10833333333333334,,,"Quốc Lộ 1, Xã Bình Minh, Tỉnh Đồng Nai",,2.0,1,0,0.0,0.0,222.9,0.27928479937150147,5.0,1,Moving,0,0,0,0,0,VALID,VALID
92H-02687,2026-08-17 22:54:00,220.7,0,-0.36666666666666664,,,"Võ Nguyên Giáp, Xã Bình Minh, Tỉnh Đồng Nai",,2.0,1,0,-2.0,-1.0,222.7,0.9939818907605688,5.0,1,Stopped,0,0,0,0,0,VALID,VALID
92H-02687,2026-08-17 22:56:00,221.8,0,0.0,,,"Võ Nguyên Giáp, Xã Bình Minh, Tỉnh Đồng Nai",,2.0,1,0,1.1000000000000227,0.5500000000000114,222.7,0.9208691542015831,5.0,1,Stopped,0,0,0,0,0,VALID,VALID
92H-02687,2026-08-17 22:58:00,222.1,0,0.0,,,"Võ Nguyên Giáp, Xã Bình Minh, Tỉnh Đồng Nai",,2.0,1,0,0.29999999999998295,0.14999999999999147,222.1,0.8246211246141614,5.0,1,Stopped,0,0,0,0,0,VALID,VALID
92H-02687,2026-08-17 23:00:00,223.3,49,0.4083333333333333,,,"Cầu vượt đường sắt, Xã Bình Minh, Tỉnh Đồng Nai",,2.0,1,0,1.200000000000017,0.6000000000000085,222.1,0.9808159863908946,5.0,1,Moving,0,0,0,0,0,VALID,VALID
92H-02687,2026-08-17 23:02:00,222.1,60,0.09166666666666666,,,"Võ Nguyên Giáp, Phường Phước Tân, Tỉnh Đồng Nai",,2.0,1,0,-1.200000000000017,-0.6000000000000085,222.1,0.9273618490966401,5.0,1,Moving,0,0,0,0,0,VALID,VALID
92H-02687,2026-08-17 23:04:00,220.8,58,-0.016666666666666666,,,"Võ Nguyên Giáp, Phường Phước Tân, Tỉnh Đồng Nai",,2.0,1,0,-1.299999999999983,-0.6499999999999915,222.1,0.8927485643561286,5.0,1,Moving,0,0,0,0,0,VALID,VALID
92H-02687,2026-08-17 23:06:00,219.3,52,-0.05,,,"Võ Nguyên Giáp, Phường Phước Tân, Tỉnh Đồng Nai",,2.0,1,0,-1.5,-0.75,222.1,1.5238110116283774,5.0,1,Moving,0,0,0,0,0,VALID,VALID
92H-02687,2026-08-17 23:08:00,219.3,41,-0.09166666666666666,,,"Võ Nguyên Giáp, Phường Phước Tân, Tỉnh Đồng Nai",,2.0,1,0,0.0,0.0,220.8,1.7544229818261787,5.0,1,Moving,0,0,0,0,0,VALID,VALID
92H-02687,2026-08-17 23:10:00,219.3,50,0.075,,,"Võ Nguyên Giáp, Phường Phước Tân, Tỉnh Đồng Nai",,2.0,1,0,0.0,0.0,219.3,1.2641202471125101,5.0,1,Moving,0,0,0,0,0,VALID,VALID
92H-02687,2026-08-17 23:12:00,219.2,28,-0.18333333333333332,,,"Võ Nguyên Giáp, Phường Phước Tân, Tỉnh Đồng Nai",,2.0,1,0,-0.10000000000002274,-0.05000000000001137,219.3,0.6833739819160158,5.0,1,Moving,0,0,0,0,0,VALID,VALID
92H-02687,2026-08-17 23:14:00,218.9,35,0.058333333333333334,,,"Quốc Lộ 51, Phường Long Hưng, Tỉnh Đồng Nai",,2.0,1,0,-0.29999999999998295,-0.14999999999999147,219.3,0.1732050783311574,5.0,1,Moving,0,0,0,0,0,VALID,VALID
92H-02687,2026-08-17 23:16:00,219.0,53,0.15,,,"Quốc Lộ 51, Phường Long Hưng, Tỉnh Đồng Nai",,2.0,1,0,0.09999999999999432,0.04999999999999716,219.2,0.1816590189329886,5.0,1,Moving,0,0,0,0,0,VALID,VALID
92H-02687,2026-08-17 23:18:00,218.2,32,-0.175,,,"Quốc Lộ 51, Phường Long Hưng, Tỉnh Đồng Nai",,2.0,1,0,-0.8000000000000114,-0.4000000000000057,219.0,0.4324349652371723,5.0,1,Moving,0,0,0,0,0,VALID,VALID
92H-02687,2026-08-17 23:20:00,217.9,29,-0.025,,,"Quốc Lộ 51, Phường Long Hưng, Tỉnh Đồng Nai",,2.0,1,0,-0.29999999999998295,-0.14999999999999147,218.9,0.5594640284769307,5.0,1,Moving,0,0,0,0,0,VALID,VALID
92H-02687,2026-08-17 23:22:00,217.7,31,0.016666666666666666,,,"Xa Lộ Hà Nội, Phường Trấn Biên, Tỉnh Đồng Nai",,2.0,1,0,-0.20000000000001705,-0.10000000000000853,218.2,0.5856620178563815,5.0,1,Moving,0,0,0,0,0,VALID,VALID
92H-02687,2026-08-17 23:24:00,218.0,45,0.11666666666666667,,,"Xa Lộ Hà Nội, Phường Đông Hòa, TP Hồ Chí Minh",,2.0,1,0,0.30000000000001137,0.15000000000000568,218.0,0.5029910527629513,5.0,1,Moving,0,0,0,0,0,VALID,VALID
92H-02687,2026-08-17 23:26:00,216.8,51,0.05,,,"Xa Lộ Hà Nội, Phường Đông Hòa, TP Hồ Chí Minh",,2.0,1,0,-1.1999999999999886,-0.5999999999999943,217.9,0.5449770629664277,5.0,1,Moving,0,0,0,0,0,VALID,VALID
92H-02687,2026-08-17 23:28:00,216.8,52,0.008333333333333333,,,"Xa Lộ Hà Nội, Phường Đông Hòa, TP Hồ Chí Minh",,2.0,1,0,0.0,0.0,217.7,0.5941380303931694,5.0,1,Moving,0,0,0,0,0,VALID,VALID
92H-02687,2026-08-17 23:30:00,216.7,48,-0.03333333333333333,,,"Trường Sơn, Phường Linh Xuân, TP Hồ Chí Minh",,2.0,1,0,-0.10000000000002274,-0.05000000000001137,216.8,0.6041522979840769,5.0,1,Moving,0,0,0,0,0,VALID,VALID
92H-02687,2026-08-17 23:32:00,215.4,52,0.03333333333333333,,,"Trường Sơn, Phường Đông Hòa, TP Hồ Chí Minh",,2.0,1,0,-1.299999999999983,-0.6499999999999915,216.8,0.9208691542012784,5.0,1,Moving,0,0,0,0,0,VALID,VALID
92H-02687,2026-08-17 23:34:00,213.8,24,-0.23333333333333334,,,"Trường Sơn, Phường Linh Xuân, TP Hồ Chí Minh",,2.0,1,0,-1.5999999999999943,-0.7999999999999972,216.7,1.3152946434770014,5.0,1,Moving,0,0,0,0,0,VALID,VALID
92H-02687,2026-08-17 23:36:00,214.8,24,0.0,,,"Trường Sơn, Phường Linh Xuân, TP Hồ Chí Minh",,2.0,1,0,1.0,0.5,215.4,1.2767145331511078,5.0,1,Moving,0,0,0,0,0,VALID,VALID
92H-02687,2026-08-17 23:38:00,215.7,40,0.13333333333333333,,,"Trường Sơn, Phường Dĩ An, TP Hồ Chí Minh",,2.0,1,0,0.8999999999999773,0.44999999999998863,215.4,1.0756393443711616,5.0,1,Moving,0,0,0,0,0,VALID,VALID
92H-02687,2026-08-17 23:40:00,213.3,0,-0.3333333333333333,,,"Cầu vượt Sóng Thần, Phường Tam Bình, TP Hồ Chí Minh",,2.0,1,0,-2.3999999999999773,-1.1999999999999886,214.8,1.0271319287993954,5.0,1,Stopped,0,0,0,0,0,VALID,VALID
92H-02687,2026-08-17 23:42:00,209.6,0,0.0,,,"Xa Lộ Đại Hàn, Phường Tam Bình, TP Hồ Chí Minh",,2.0,1,0,-3.700000000000017,-1.8500000000000085,213.8,2.3373061415140017,5.0,1,Stopped,0,0,0,0,0,VALID,VALID
92H-02687,2026-08-17 23:44:00,212.0,27,0.225,,,"Đại Lộ Độc Lập, Phường Dĩ An, TP Hồ Chí Minh",,2.0,1,0,2.4000000000000057,1.2000000000000028,213.3,2.4056184234327453,5.0,1,Moving,0,0,0,0,0,VALID,VALID
92H-02687,2026-08-17 23:46:00,212.1,3,-0.2,,,"Số 6, Phường Dĩ An, TP Hồ Chí Minh",,2.0,1,0,0.09999999999999432,0.04999999999999716,212.1,2.2187834502625567,5.0,1,Moving,0,0,0,0,0,VALID,VALID
92H-02687,2026-08-17 23:48:00,210.8,0,-0.025,,,"Số 6, Phường Dĩ An, TP Hồ Chí Minh",,2.0,1,0,-1.299999999999983,-0.6499999999999915,212.0,1.4081903277465813,5.0,1,Stopped,0,0,0,0,0,VALID,VALID
92H-02687,2026-08-17 23:50:00,210.7,0,0.0,,,"Số 6, Phường Dĩ An, TP Hồ Chí Minh",,2.0,1,0,-0.10000000000002274,-0.05000000000001137,210.8,1.035857132600348,5.0,1,Stopped,0,0,0,0,0,VALID,VALID
92H-02687,2026-08-17 23:52:00,211.0,0,0.0,,,"Số 6, Phường Dĩ An, TP Hồ Chí Minh",,2.0,1,0,0.30000000000001137,0.15000000000000568,211.0,0.6760177506242123,5.0,1,Stopped,0,0,0,0,0,VALID,VALID
92H-02687,2026-08-17 23:54:00,211.1,0,0.0,,,"Số 6, Phường Dĩ An, TP Hồ Chí Minh",,2.0,1,0,0.09999999999999432,0.04999999999999716,211.0,0.5594640284763751,5.0,1,Stopped,0,0,0,0,0,VALID,VALID
92H-02687,2026-08-17 23:57:00,211.3,0,0.0,,,"Số 6, Phường Dĩ An, TP Hồ Chí Minh",,3.0,1,0,0.20000000000001705,0.06666666666667236,211.0,0.2387467259650122,5.0,1,Stopped,0,0,0,0,0,VALID,VALID
92H-02687,2026-08-17 23:59:00,211.6,0,0.0,,,"Số 6, Phường Dĩ An, TP Hồ Chí Minh",,2.0,1,0,0.29999999999998295,0.14999999999999147,211.1,0.33615472502854765,5.0,1,Stopped,0,0,0,0,0,VALID,VALID
92H-02687,2026-08-18 00:00:00,211.6,0,0.0,,,"Số 6, Phường Dĩ An, TP Hồ Chí Minh",,1.0,1,0,0.0,0.0,211.3,0.27748873699488646,5.0,1,Stopped,0,0,0,0,0,VALID,VALID
92H-02687,2026-08-18 00:02:00,211.6,0,0.0,,,"Số 6, Phường Dĩ An, TP Hồ Chí Minh",,2.0,1,0,0.0,0.0,211.6,0.23021728683793857,5.0,1,Stopped,0,0,0,0,0,VALID,VALID
92H-02687,2026-08-18 00:04:00,211.7,0,0.0,,,"Số 6, Phường Dĩ An, TP Hồ Chí Minh",,2.0,1,0,0.09999999999999432,0.04999999999999716,211.6,0.15165750610842457,5.0,1,Stopped,0,0,0,0,0,VALID,VALID
92H-02687,2026-08-18 00:06:00,211.9,0,0.0,,,"Số 6, Phường Dĩ An, TP Hồ Chí Minh",,2.0,1,0,0.20000000000001705,0.10000000000000853,211.6,0.13038404487910407,5.0,1,Stopped,0,0,0,0,0,VALID,VALID
92H-02687,2026-08-18 00:08:00,211.9,0,0.0,,,"Số 6, Phường Dĩ An, TP Hồ Chí Minh",,2.0,1,0,0.0,0.0,211.7,0.15165750610846357,5.0,1,Stopped,0,0,0,0,0,VALID,VALID
92H-02687,2026-08-18 00:10:00,211.7,0,0.0,,,"Số 6, Phường Dĩ An, TP Hồ Chí Minh",,2.0,1,0,-0.20000000000001705,-0.10000000000000853,211.7,0.13416407551591347,5.0,1,Stopped,0,0,0,0,0,VALID,VALID
92H-02687,2026-08-18 00:12:00,211.7,0,0.0,,,"Số 6, Phường Dĩ An, TP Hồ Chí Minh",,2.0,1,0,0.0,0.0,211.7,0.10954450766259279,5.0,1,Stopped,0,0,0,0,0,VALID,VALID
92H-02687,2026-08-18 00:14:00,211.7,0,0.0,,,"Số 6, Phường Dĩ An, TP Hồ Chí Minh",,2.0,1,0,0.0,0.0,211.7,0.10954450766259279,5.0,1,Stopped,0,0,0,0,0,VALID,VALID
92H-02687,2026-08-18 00:17:00,211.6,0,0.0,,,"Số 6, Phường Dĩ An, TP Hồ Chí Minh",,3.0,1,0,-0.09999999999999432,-0.03333333333333144,211.7,0.10954450766257526,5.0,1,Stopped,0,0,0,0,0,VALID,VALID
92H-02687,2026-08-18 00:18:00,211.6,0,0.0,,,"Số 6, Phường Dĩ An, TP Hồ Chí Minh",,1.0,1,0,0.0,0.0,211.7,0.05477224807355125,5.0,1,Stopped,0,0,0,0,0,VALID,VALID
92H-02687,2026-08-18 00:20:00,211.6,0,0.0,,,"Số 6, Phường Dĩ An, TP Hồ Chí Minh",,2.0,1,0,0.0,0.0,211.6,0.05477224807354541,5.0,1,Stopped,0,0,0,0,0,VALID,VALID
92H-02687,2026-08-18 00:22:00,211.4,0,0.0,,,"Số 6, Phường Dĩ An, TP Hồ Chí Minh",,2.0,1,0,-0.19999999999998863,-0.09999999999999432,211.6,0.10954450766254899,5.0,1,Stopped,0,0,0,0,0,VALID,VALID
92H-02687,2026-08-18 00:24:00,211.3,0,0.0,,,"Số 6, Phường Dĩ An, TP Hồ Chí Minh",,2.0,1,0,-0.09999999999999432,-0.04999999999999716,211.6,0.1414213532640355,5.0,1,Stopped,0,0,0,0,0,VALID,VALID
92H-02687,2026-08-18 00:26:00,212.1,0,0.0,,,"Số 6, Phường Dĩ An, TP Hồ Chí Minh",,2.0,1,0,0.799999999999983,0.3999999999999915,211.6,0.30822069878421743,5.0,1,Stopped,0,0,0,0,0,VALID,VALID
92H-02687,2026-08-18 00:28:00,212.1,0,0.0,,,"Số 6, Phường Dĩ An, TP Hồ Chí Minh",,2.0,1,0,0.0,0.0,211.6,0.3807886541889503,5.0,1,Stopped,0,0,0,0,0,VALID,VALID
92H-02687,2026-08-18 00:30:00,213.2,0,0.0,,,"Số 6, Phường Dĩ An, TP Hồ Chí Minh",,2.0,1,0,1.0999999999999943,0.5499999999999972,212.1,0.7596051600397624,5.0,1,Stopped,0,0,0,0,0,VALID,VALID
92H-02687,2026-08-18 00:32:00,213.0,0,0.0,,,"Số 6, Phường Dĩ An, TP Hồ Chí Minh",,2.0,1,0,-0.19999999999998863,-0.09999999999999432,212.1,0.7700649317811122,5.0,1,Stopped,0,0,0,0,0,VALID,VALID
92H-02687,2026-08-18 00:34:00,212.9,0,0.0,,,"Số 6, Phường Dĩ An, TP Hồ Chí Minh",,2.0,1,0,-0.09999999999999432,-0.04999999999999716,212.9,0.5224940182998059,5.0,1,Stopped,0,0,0,0,0,VALID,VALID
92H-02687,2026-08-18 00:36:00,212.7,0,0.0,,,"Số 6, Phường Dĩ An, TP Hồ Chí Minh",,2.0,1,0,-0.20000000000001705,-0.10000000000000853,212.9,0.42071367835986384,5.0,1,Stopped,0,0,0,0,0,VALID,VALID
92H-02687,2026-08-18 00:38:00,212.6,0,0.0,,,"Số 6, Phường Dĩ An, TP Hồ Chí Minh",,2.0,1,0,-0.09999999999999432,-0.04999999999999716,212.9,0.23874672596517962,5.0,1,Stopped,0,0,0,0,0,VALID,VALID
92H-02687,2026-08-18 00:40:00,212.4,0,0.0,,,"Số 6, Phường Dĩ An, TP Hồ Chí Minh",,2.0,1,0,-0.19999999999998863,-0.09999999999999432,212.7,0.23874672596515342,5.0,1,Stopped,0,0,0,0,0,VALID,VALID
92H-02687,2026-08-18 00:43:00,212.4,0,0.0,,,"Số 6, Phường Dĩ An, TP Hồ Chí Minh",,3.0,1,0,0.0,0.0,212.6,0.21213203237388206,5.0,1,Stopped,0,0,0,0,0,VALID,VALID
92H-02687,2026-08-18 00:45:00,212.3,0,0.0,,,"Số 6, Phường Dĩ An, TP Hồ Chí Minh",,2.0,1,0,-0.09999999999999432,-0.04999999999999716,212.4,0.16431676469267464,5.0,1,Stopped,0,0,0,0,0,VALID,VALID
92H-02687,2026-08-18 00:47:00,212.1,0,0.0,,,"Số 6, Phường Dĩ An, TP Hồ Chí Minh",,2.0,1,0,-0.20000000000001705,-0.10000000000000853,212.4,0.18165901893125508,5.0,1,Stopped,0,0,0,0,0,VALID,VALID
92H-02687,2026-08-18 00:49:00,212.1,0,0.0,,,"Số 6, Phường Dĩ An, TP Hồ Chí Minh",,2.0,1,0,0.0,0.0,212.3,0.15165750610854745,5.0,1,Stopped,0,0,0,0,0,VALID,VALID
92H-02687,2026-08-18 00:52:00,212.1,0,0.0,,,"Số 6, Phường Dĩ An, TP Hồ Chí Minh",,3.0,1,0,0.0,0.0,212.1,0.14142135326414776,5.0,1,Stopped,0,0,0,0,0,VALID,VALID
92H-02687,2026-08-18 00:54:00,212.0,0,0.0,,,"Số 6, Phường Dĩ An, TP Hồ Chí Minh",,2.0,1,0,-0.09999999999999432,-0.04999999999999716,212.1,0.10954450766267936,5.0,1,Stopped,0,0,0,0,0,VALID,VALID
92H-02687,2026-08-18 00:56:00,212.0,0,0.0,,,"Số 6, Phường Dĩ An, TP Hồ Chí Minh",,2.0,1,0,0.0,0.0,212.1,0.054772248073759425,5.0,1,Stopped,0,0,0,0,0,VALID,VALID
92H-02687,2026-08-18 00:58:00,212.0,0,0.0,,,"Số 6, Phường Dĩ An, TP Hồ Chí Minh",,2.0,1,0,0.0,0.0,212.0,0.05477224807374516,5.0,1,Stopped,0,0,0,0,0,VALID,VALID
92H-02687,2026-08-18 01:00:00,212.0,0,0.0,,,"Số 6, Phường Dĩ An, TP Hồ Chí Minh",,2.0,1,0,0.0,0.0,212.0,0.044721350147888826,5.0,1,Stopped,0,0,0,0,0,VALID,VALID
92H-02687,2026-08-18 01:02:00,211.9,0,0.0,,,"Số 6, Phường Dĩ An, TP Hồ Chí Minh",,2.0,1,0,-0.09999999999999432,-0.04999999999999716,212.0,0.044721350147839574,5.0,1,Stopped,0,0,0,0,0,VALID,VALID
92H-02687,2026-08-18 01:05:00,211.9,0,0.0,,,"Số 6, Phường Dĩ An, TP Hồ Chí Minh",,3.0,1,0,0.0,0.0,212.0,0.054772248073674784,5.0,1,Stopped,0,0,0,0,0,VALID,VALID
92H-02687,2026-08-18 01:07:00,211.9,0,0.0,,,"Số 6, Phường Dĩ An, TP Hồ Chí Minh",,2.0,1,0,0.0,0.0,211.9,0.05477224807366895,5.0,1,Stopped,0,0,0,0,0,VALID,VALID
92H-02687,2026-08-18 01:09:00,211.9,0,0.0,,,"Số 6, Phường Dĩ An, TP Hồ Chí Minh",,2.0,1,0,0.0,0.0,211.9,0.04472135014781812,5.0,1,Stopped,0,0,0,0,0,VALID,VALID
92H-02687,2026-08-18 01:11:00,211.9,0,0.0,,,"Số 6, Phường Dĩ An, TP Hồ Chí Minh",,2.0,1,0,0.0,0.0,211.9,0.0,5.0,1,Stopped,0,0,0,0,0,VALID,VALID
92H-02687,2026-08-18 01:13:00,211.9,0,0.0,,,"Số 6, Phường Dĩ An, TP Hồ Chí Minh",,2.0,1,0,0.0,0.0,211.9,0.0,5.0,1,Stopped,0,0,0,0,0,VALID,VALID
92H-02687,2026-08-18 01:14:00,211.9,0,0.0,,,"Số 6, Phường Dĩ An, TP Hồ Chí Minh",,1.0,1,0,0.0,0.0,211.9,0.0,5.0,1,Stopped,0,0,0,0,0,VALID,VALID
92H-02687,2026-08-18 01:16:00,211.9,0,0.0,,,"Số 6, Phường Dĩ An, TP Hồ Chí Minh",,2.0,1,0,0.0,0.0,211.9,0.0,5.0,1,Stopped,0,0,0,0,0,VALID,VALID
92H-02687,2026-08-18 01:18:00,211.9,8,0.06666666666666667,,,"Số 5, Phường Dĩ An, TP Hồ Chí Minh",,2.0,1,0,0.0,0.0,211.9,0.0,5.0,1,Moving,0,0,0,0,0,VALID,VALID
92H-02687,2026-08-18 01:20:00,210.7,0,-0.06666666666666667,,,"Số 2, Phường Dĩ An, TP Hồ Chí Minh",,2.0,1,0,-1.200000000000017,-0.6000000000000085,211.9,0.5366563138164562,5.0,1,Stopped,0,0,0,0,0,VALID,VALID
92H-02687,2026-08-18 01:22:00,209.4,39,0.325,,,"Trường Sơn, Phường Tam Bình, TP Hồ Chí Minh",,2.0,1,0,-1.299999999999983,-0.6499999999999915,211.9,1.1126544832782042,5.0,1,Moving,0,0,0,0,0,VALID,VALID
92H-02687,2026-08-18 01:24:00,208.3,47,0.06666666666666667,,,"Trường Sơn, Phường Tam Bình, TP Hồ Chí Minh",,2.0,1,0,-1.0999999999999943,-0.5499999999999972,210.7,1.580506247744409,5.0,1,Moving,0,0,0,0,0,VALID,VALID
92H-02687,2026-08-18 01:26:00,208.2,46,-0.008333333333333333,,,"Cầu Bình Phước, Phường Hiệp Bình, TP Hồ Chí Minh",,2.0,1,0,-0.10000000000002274,-0.05000000000001137,209.4,1.592168332545018,5.0,1,Moving,0,0,0,0,0,VALID,VALID
92H-02687,2026-08-18 01:28:00,208.2,20,-0.21666666666666667,,,"Xa Lộ Đại Hàn, Phường An Phú Đông, TP Hồ Chí Minh",,2.0,1,0,0.0,0.0,208.3,1.0968135662724394,5.0,1,Moving,0,0,0,0,0,VALID,VALID
92H-02687,2026-08-18 01:30:00,208.2,49,0.24166666666666667,,,"Xa Lộ Đại Hàn, Phường An Phú Đông, TP Hồ Chí Minh",,2.0,1,0,0.0,0.0,208.2,0.5272570522613421,5.0,1,Moving,0,0,0,0,0,VALID,VALID
92H-02687,2026-08-18 01:32:00,208.0,50,0.008333333333333333,,,"Xa Lộ Đại Hàn, Phường An Phú Đông, TP Hồ Chí Minh",,2.0,1,0,-0.19999999999998863,-0.09999999999999432,208.2,0.10954450766397918,5.0,1,Moving,0,0,0,0,0,VALID,VALID
92H-02687,2026-08-18 01:34:00,206.7,45,-0.041666666666666664,,,"Xa Lộ Đại Hàn, Phường Thới An, TP Hồ Chí Minh",,2.0,1,0,-1.3000000000000114,-0.6500000000000057,208.2,0.6542170887093729,5.0,1,Moving,0,0,0,0,0,VALID,VALID
92H-02687,2026-08-18 01:36:00,207.9,48,0.025,,,"Xa Lộ Đại Hàn, Phường Thới An, TP Hồ Chí Minh",,2.0,1,0,1.200000000000017,0.6000000000000085,208.0,0.6284902538300592,5.0,1,Moving,0,0,0,0,0,VALID,VALID
92H-02687,2026-08-18 01:38:00,207.7,41,-0.058333333333333334,,,"Xa Lộ Đại Hàn, Phường Tân Thới Hiệp, TP Hồ Chí Minh",,2.0,1,0,-0.20000000000001705,-0.10000000000000853,207.9,0.5873670055079568,5.0,1,Moving,0,0,0,0,0,VALID,VALID
92H-02687,2026-08-18 01:40:00,206.9,49,0.06666666666666667,,,"Xa Lộ Đại Hàn, Phường Trung Mỹ Tây, TP Hồ Chí Minh",,2.0,1,0,-0.799999999999983,-0.3999999999999915,207.7,0.5983310113636172,5.0,1,Moving,0,0,0,0,0,VALID,VALID
92H-02687,2026-08-18 01:42:00,206.6,31,-0.15,,,"Quốc Lộ 22, Phường Trung Mỹ Tây, TP Hồ Chí Minh",,2.0,1,0,-0.30000000000001137,-0.15000000000000568,206.9,0.5983310113636355,5.0,1,Moving,0,0,0,0,0,VALID,VALID
92H-02687,2026-08-18 01:44:00,205.5,41,0.08333333333333333,,,"Quốc Lộ 22, Phường Trung Mỹ Tây, TP Hồ Chí Minh",,2.0,1,0,-1.0999999999999943,-0.5499999999999972,206.9,0.9602083102949275,5.0,1,Moving,0,0,0,0,0,VALID,VALID
92H-02687,2026-08-18 01:46:00,205.5,20,-0.175,,,"Quốc Lộ 22, Xã Bà Điểm, TP Hồ Chí Minh",,2.0,1,0,0.0,0.0,206.6,0.9476286187950668,5.0,1,Moving,0,0,0,0,0,VALID,VALID
92H-02687,2026-08-18 01:48:00,205.5,46,0.21666666666666667,,,"Quốc Lộ 22, Xã Hóc Môn, TP Hồ Chí Minh",,2.0,1,0,0.0,0.0,205.5,0.6928203224209385,5.0,1,Moving,0,0,0,0,0,VALID,VALID
92H-02687,2026-08-18 01:50:00,205.4,0,-0.38333333333333336,,,"Quốc Lộ 22, Xã Hóc Môn, TP Hồ Chí Minh",,2.0,1,0,-0.09999999999999432,-0.04999999999999716,205.5,0.5049752460858381,5.0,1,Stopped,0,0,0,0,0,VALID,VALID
92H-02687,2026-08-18 01:52:00,204.5,35,0.2916666666666667,,,"Quốc Lộ 22, Xã Hóc Môn, TP Hồ Chí Minh",,2.0,1,0,-0.9000000000000057,-0.45000000000000284,205.5,0.4381780450450218,5.0,1,Moving,0,0,0,0,0,VALID,VALID
92H-02687,2026-08-18 01:54:00,204.5,0,-0.2916666666666667,,,"Quốc Lộ 22, Xã Xuân Thới Sơn, TP Hồ Chí Minh",,2.0,1,0,0.0,0.0,205.4,0.5310367211026804,5.0,1,Stopped,0,0,0,0,0,VALID,VALID
92H-02687,2026-08-18 01:56:00,204.5,42,0.35,,,"Quốc Lộ 22, Xã Hóc Môn, TP Hồ Chí Minh",,2.0,1,0,0.0,0.0,204.5,0.5215361916104145,5.0,1,Moving,0,0,0,0,0,VALID,VALID
92H-02687,2026-08-18 01:58:00,203.2,54,0.1,,,"Quốc Lộ 22, Xã Hóc Môn, TP Hồ Chí Minh",,2.0,1,0,-1.3000000000000114,-0.6500000000000057,204.5,0.7854934749312206,5.0,1,Moving,0,0,0,0,0,VALID,VALID
92H-02687,2026-08-18 02:00:00,203.2,50,-0.03333333333333333,,,"Huyện Lộ 22, Xã Củ Chi, TP Hồ Chí Minh",,2.0,1,0,0.0,0.0,204.5,0.712039324166538,5.0,1,Moving,0,0,0,0,0,VALID,VALID
92H-02687,2026-08-18 02:02:00,203.0,0,-0.4166666666666667,,,"Quốc Lộ 22, Xã Củ Chi, TP Hồ Chí Minh",,2.0,1,0,-0.19999999999998863,-0.09999999999999432,203.2,0.7529940233225968,5.0,1,Stopped,0,0,0,0,0,VALID,VALID
92H-02687,2026-08-18 02:04:00,203.6,0,0.0,,,"Quốc Lộ 22, Xã Củ Chi, TP Hồ Chí Minh",,2.0,1,0,0.5999999999999943,0.29999999999999716,203.2,0.5999999992996301,5.0,1,Stopped,0,0,0,0,0,VALID,VALID
92H-02687,2026-08-18 02:06:00,204.5,0,0.0,,,"Quốc Lộ 22, Xã Củ Chi, TP Hồ Chí Minh",,2.0,1,0,0.9000000000000057,0.45000000000000284,203.2,0.5999999992996301,5.0,1,Stopped,0,0,0,0,0,VALID,VALID
92H-02687,2026-08-18 02:08:00,201.4,58,0.48333333333333334,,,"Quốc Lộ 22, Xã Củ Chi, TP Hồ Chí Minh",,2.0,1,0,-3.0999999999999943,-1.5499999999999972,203.2,1.1304866205133017,5.0,1,Moving,0,0,0,0,0,VALID,VALID
92H-02687,2026-08-18 02:10:00,200.0,29,-0.24166666666666667,,,"Quốc Lộ 22, Xã Củ Chi, TP Hồ Chí Minh",,2.0,1,0,-1.4000000000000057,-0.7000000000000028,203.0,1.7972200753273562,5.0,1,Moving,0,0,0,0,0,VALID,VALID
92H-02687,2026-08-18 02:12:00,201.0,0,-0.24166666666666667,,,"Quốc Lộ 22, Xã Củ Chi, TP Hồ Chí Minh",,2.0,1,0,1.0,0.5,201.4,1.8788294225819748,5.0,1,Stopped,0,0,0,0,0,VALID,VALID
92H-02687,2026-08-18 02:14:00,199.8,56,0.4666666666666667,,,"Quốc Lộ 22, Xã Tân An Hội, TP Hồ Chí Minh",,2.0,1,0,-1.1999999999999886,-0.5999999999999943,201.0,1.8889150322764192,5.0,1,Moving,0,0,0,0,0,VALID,VALID
92H-02687,2026-08-18 02:16:00,200.0,0,-0.4666666666666667,,,"Quốc Lộ 22, Xã Tân An Hội, TP Hồ Chí Minh",,2.0,1,0,0.19999999999998863,0.09999999999999432,200.0,0.7127411866589118,5.0,1,Stopped,0,0,0,0,0,VALID,VALID
92H-02687,2026-08-18 02:18:00,199.4,43,0.35833333333333334,,,"Giáp Hải, Xã Tân An Hội, TP Hồ Chí Minh",,2.0,1,0,-0.5999999999999943,-0.29999999999999716,200.0,0.5899152474381422,5.0,1,Moving,0,0,0,0,0,VALID,VALID
92H-02687,2026-08-18 02:21:00,198.2,0,-0.2388888888888889,,,"Giáp Hải, Xã Tân An Hội, TP Hồ Chí Minh",,3.0,1,0,-1.200000000000017,-0.4000000000000057,199.8,1.0158740075226196,5.0,1,Stopped,0,0,0,0,0,VALID,VALID
92H-02687,2026-08-18 02:23:00,198.3,0,0.0,,,"Giáp Hải, Xã Tân An Hội, TP Hồ Chí Minh",,2.0,1,0,0.10000000000002274,0.05000000000001137,199.4,0.8414273582194426,5.0,1,Stopped,0,0,0,0,0,VALID,VALID
92H-02687,2026-08-18 02:25:00,198.3,0,0.0,,,"Giáp Hải, Xã Tân An Hội, TP Hồ Chí Minh",,2.0,1,0,0.0,0.0,198.3,0.8142481189171954,5.0,1,Stopped,0,0,0,0,0,VALID,VALID
92H-02687,2026-08-18 02:27:00,198.3,0,0.0,,,"Giáp Hải, Xã Tân An Hội, TP Hồ Chí Minh",,2.0,1,0,0.0,0.0,198.3,0.5049752460866161,5.0,1,Stopped,0,0,0,0,0,VALID,VALID
92H-02687,2026-08-18 02:29:00,198.3,0,0.0,,,"Giáp Hải, Xã Tân An Hội, TP Hồ Chí Minh",,2.0,1,0,0.0,0.0,198.3,0.044721350161474174,5.0,1,Stopped,0,0,0,0,0,VALID,VALID
92H-02687,2026-08-18 02:32:00,198.3,0,0.0,,,"Giáp Hải, Xã Tân An Hội, TP Hồ Chí Minh",,3.0,1,0,0.0,0.0,198.3,0.0,5.0,1,Stopped,0,0,0,0,0,VALID,VALID
92H-02687,2026-08-18 02:34:00,198.3,0,0.0,,,"Giáp Hải, Xã Tân An Hội, TP Hồ Chí Minh",,2.0,1,0,0.0,0.0,198.3,0.0,5.0,1,Stopped,0,0,0,0,0,VALID,VALID
92H-02687,2026-08-18 02:36:00,198.3,0,0.0,,,"Giáp Hải, Xã Tân An Hội, TP Hồ Chí Minh",,2.0,1,0,0.0,0.0,198.3,0.0,5.0,1,Stopped,0,0,0,0,0,VALID,VALID
92H-02687,2026-08-18 02:38:00,198.3,0,0.0,,,"Giáp Hải, Xã Tân An Hội, TP Hồ Chí Minh",,2.0,1,0,0.0,0.0,198.3,0.0,5.0,1,Stopped,0,0,0,0,0,VALID,VALID
92H-02687,2026-08-18 02:40:00,198.3,0,0.0,,,"Giáp Hải, Xã Tân An Hội, TP Hồ Chí Minh",,2.0,1,0,0.0,0.0,198.3,0.0,5.0,1,Stopped,0,0,0,0,0,VALID,VALID
92H-02687,2026-08-18 02:42:00,198.3,0,0.0,,,"Giáp Hải, Xã Tân An Hội, TP Hồ Chí Minh",,2.0,1,0,0.0,0.0,198.3,0.0,5.0,1,Stopped,0,0,0,0,0,VALID,VALID
92H-02687,2026-08-18 02:45:00,198.3,0,0.0,,,"Giáp Hải, Xã Tân An Hội, TP Hồ Chí Minh",,3.0,1,0,0.0,0.0,198.3,0.0,5.0,1,Stopped,0,0,0,0,0,VALID,VALID
92H-02687,2026-08-18 02:47:00,198.3,0,0.0,,,"Giáp Hải, Xã Tân An Hội, TP Hồ Chí Minh",,2.0,1,0,0.0,0.0,198.3,0.0,5.0,1,Stopped,0,0,0,0,0,VALID,VALID
92H-02687,2026-08-18 02:49:00,198.3,0,0.0,,,"Giáp Hải, Xã Tân An Hội, TP Hồ Chí Minh",,2.0,1,0,0.0,0.0,198.3,0.0,5.0,1,Stopped,0,0,0,0,0,VALID,VALID
92H-02687,2026-08-18 02:51:00,198.3,0,0.0,,,"Giáp Hải, Xã Tân An Hội, TP Hồ Chí Minh",,2.0,1,0,0.0,0.0,198.3,0.0,5.0,1,Stopped,0,0,0,0,0,VALID,VALID
92H-02687,2026-08-18 02:54:00,198.3,0,0.0,,,"Giáp Hải, Xã Tân An Hội, TP Hồ Chí Minh",,3.0,1,0,0.0,0.0,198.3,0.0,5.0,1,Stopped,0,0,0,0,0,VALID,VALID
92H-02687,2026-08-18 02:56:00,198.3,0,0.0,,,"Giáp Hải, Xã Tân An Hội, TP Hồ Chí Minh",,2.0,1,0,0.0,0.0,198.3,0.0,5.0,1,Stopped,0,0,0,0,0,VALID,VALID
92H-02687,2026-08-18 02:58:00,198.3,0,0.0,,,"Giáp Hải, Xã Tân An Hội, TP Hồ Chí Minh",,2.0,1,0,0.0,0.0,198.3,0.0,5.0,1,Stopped,0,0,0,0,0,VALID,VALID
92H-02687,2026-08-18 03:00:00,198.3,0,0.0,,,"Giáp Hải, Xã Tân An Hội, TP Hồ Chí Minh",,2.0,1,0,0.0,0.0,198.3,0.0,5.0,1,Stopped,0,0,0,0,0,VALID,VALID
92H-02687,2026-08-18 03:02:00,198.3,0,0.0,,,"Giáp Hải, Xã Tân An Hội, TP Hồ Chí Minh",,2.0,1,0,0.0,0.0,198.3,0.0,5.0,1,Stopped,0,0,0,0,0,VALID,VALID
92H-02687,2026-08-18 03:04:00,198.3,0,0.0,,,"Giáp Hải, Xã Tân An Hội, TP Hồ Chí Minh",,2.0,1,0,0.0,0.0,198.3,0.0,5.0,1,Stopped,0,0,0,0,0,VALID,VALID
92H-02687,2026-08-18 03:07:00,198.3,0,0.0,,,"Giáp Hải, Xã Tân An Hội, TP Hồ Chí Minh",,3.0,1,0,0.0,0.0,198.3,0.0,5.0,1,Stopped,0,0,0,0,0,VALID,VALID
92H-02687,2026-08-18 03:09:00,198.3,0,0.0,,,"Giáp Hải, Xã Tân An Hội, TP Hồ Chí Minh",,2.0,1,0,0.0,0.0,198.3,0.0,5.0,1,Stopped,0,0,0,0,0,VALID,VALID
92H-02687,2026-08-18 03:11:00,198.3,0,0.0,,,"Giáp Hải, Xã Tân An Hội, TP Hồ Chí Minh",,2.0,1,0,0.0,0.0,198.3,0.0,5.0,1,Stopped,0,0,0,0,0,VALID,VALID
92H-02687,2026-08-18 03:13:00,198.2,0,0.0,,,"Giáp Hải, Xã Tân An Hội, TP Hồ Chí Minh",,2.0,1,0,-0.10000000000002274,-0.05000000000001137,198.3,0.044721350161474174,5.0,1,Stopped,0,0,0,0,0,VALID,VALID
92H-02687,2026-08-18 03:15:00,198.2,0,0.0,,,"Giáp Hải, Xã Tân An Hội, TP Hồ Chí Minh",,2.0,1,0,0.0,0.0,198.3,0.05477224808484631,5.0,1,Stopped,0,0,0,0,0,VALID,VALID
92H-02687,2026-08-18 03:18:00,198.2,0,0.0,,,"Giáp Hải, Xã Tân An Hội, TP Hồ Chí Minh",,3.0,1,0,0.0,0.0,198.2,0.05477224808486642,5.0,1,Stopped,0,0,0,0,0,VALID,VALID
92H-02687,2026-08-18 03:20:00,198.2,0,0.0,,,"Giáp Hải, Xã Tân An Hội, TP Hồ Chí Minh",,2.0,1,0,0.0,0.0,198.2,0.04472135016154806,5.0,1,Stopped,0,0,0,0,0,VALID,VALID
92H-02687,2026-08-18 03:22:00,198.2,0,0.0,,,"Giáp Hải, Xã Tân An Hội, TP Hồ Chí Minh",,2.0,1,0,0.0,0.0,198.2,0.0,5.0,1,Stopped,0,0,0,0,0,VALID,VALID
92H-02687,2026-08-18 03:24:00,198.2,0,0.0,,,"Giáp Hải, Xã Tân An Hội, TP Hồ Chí Minh",,2.0,1,0,0.0,0.0,198.2,0.0,5.0,1,Stopped,0,0,0,0,0,VALID,VALID
92H-02687,2026-08-18 03:26:00,198.2,0,0.0,,,"Giáp Hải, Xã Tân An Hội, TP Hồ Chí Minh",,2.0,1,0,0.0,0.0,198.2,0.0,5.0,1,Stopped,0,0,0,0,0,VALID,VALID
92H-02687,2026-08-18 03:28:00,198.2,0,0.0,,,"Giáp Hải, Xã Tân An Hội, TP Hồ Chí Minh",,2.0,1,0,0.0,0.0,198.2,0.0,5.0,1,Stopped,0,0,0,0,0,VALID,VALID
92H-02687,2026-08-18 03:31:00,198.2,0,0.0,,,"Giáp Hải, Xã Tân An Hội, TP Hồ Chí Minh",,3.0,1,0,0.0,0.0,198.2,0.0,5.0,1,Stopped,0,0,0,0,0,VALID,VALID
92H-02687,2026-08-18 03:33:00,198.2,0,0.0,,,"Giáp Hải, Xã Tân An Hội, TP Hồ Chí Minh",,2.0,1,0,0.0,0.0,198.2,0.0,5.0,1,Stopped,0,0,0,0,0,VALID,VALID
92H-02687,2026-08-18 03:35:00,198.2,0,0.0,,,"Giáp Hải, Xã Tân An Hội, TP Hồ Chí Minh",,2.0,1,0,0.0,0.0,198.2,0.0,5.0,1,Stopped,0,0,0,0,0,VALID,VALID
92H-02687,2026-08-18 03:37:00,198.2,0,0.0,,,"Giáp Hải, Xã Tân An Hội, TP Hồ Chí Minh",,2.0,1,0,0.0,0.0,198.2,0.0,5.0,1,Stopped,0,0,0,0,0,VALID,VALID
92H-02687,2026-08-18 03:39:00,198.2,0,0.0,,,"Giáp Hải, Xã Tân An Hội, TP Hồ Chí Minh",,2.0,1,0,0.0,0.0,198.2,0.0,5.0,1,Stopped,0,0,0,0,0,VALID,VALID
92H-02687,2026-08-18 03:42:00,198.2,0,0.0,,,"Giáp Hải, Xã Tân An Hội, TP Hồ Chí Minh",,3.0,1,0,0.0,0.0,198.2,0.0,5.0,1,Stopped,0,0,0,0,0,VALID,VALID
92H-02687,2026-08-18 03:44:00,198.2,0,0.0,,,"Giáp Hải, Xã Tân An Hội, TP Hồ Chí Minh",,2.0,1,0,0.0,0.0,198.2,0.0,5.0,1,Stopped,0,0,0,0,0,VALID,VALID
92H-02687,2026-08-18 03:46:00,198.2,0,0.0,,,"Giáp Hải, Xã Tân An Hội, TP Hồ Chí Minh",,2.0,1,0,0.0,0.0,198.2,0.0,5.0,1,Stopped,0,0,0,0,0,VALID,VALID
92H-02687,2026-08-18 03:48:00,198.2,0,0.0,,,"Giáp Hải, Xã Tân An Hội, TP Hồ Chí Minh",,2.0,1,0,0.0,0.0,198.2,0.0,5.0,1,Stopped,0,0,0,0,0,VALID,VALID
92H-02687,2026-08-18 03:50:00,198.2,0,0.0,,,"Giáp Hải, Xã Tân An Hội, TP Hồ Chí Minh",,2.0,1,0,0.0,0.0,198.2,0.0,5.0,1,Stopped,0,0,0,0,0,VALID,VALID
92H-02687,2026-08-18 03:52:00,198.2,0,0.0,,,"Giáp Hải, Xã Tân An Hội, TP Hồ Chí Minh",,2.0,1,0,0.0,0.0,198.2,0.0,5.0,1,Stopped,0,0,0,0,0,VALID,VALID
92H-02687,2026-08-18 03:55:00,198.0,0,0.0,,,"Giáp Hải, Xã Tân An Hội, TP Hồ Chí Minh",,3.0,1,0,-0.19999999999998863,-0.06666666666666288,198.2,0.08944271440579128,5.0,1,Stopped,0,0,0,0,0,VALID,VALID
92H-02687,2026-08-18 03:57:00,198.0,0,0.0,,,"Giáp Hải, Xã Tân An Hội, TP Hồ Chí Minh",,2.0,1,0,0.0,0.0,198.2,0.1095445076682492,5.0,1,Stopped,0,0,0,0,0,VALID,VALID
92H-02687,2026-08-18 03:59:00,198.0,0,0.0,,,"Giáp Hải, Xã Tân An Hội, TP Hồ Chí Minh",,2.0,1,0,0.0,0.0,198.0,0.10954450766826933,5.0,1,Stopped,0,0,0,0,0,VALID,VALID
92H-02687,2026-08-18 04:01:00,198.0,0,0.0,,,"Giáp Hải, Xã Tân An Hội, TP Hồ Chí Minh",,2.0,1,0,0.0,0.0,198.0,0.08944271440586515,5.0,1,Stopped,0,0,0,0,0,VALID,VALID
92H-02687,2026-08-18 04:03:00,198.0,0,0.0,,,"Giáp Hải, Xã Tân An Hội, TP Hồ Chí Minh",,2.0,1,0,0.0,0.0,198.0,0.0,5.0,1,Stopped,0,0,0,0,0,VALID,VALID
92H-02687,2026-08-18 04:06:00,198.0,0,0.0,,,"Giáp Hải, Xã Tân An Hội, TP Hồ Chí Minh",,3.0,1,0,0.0,0.0,198.0,0.0,5.0,1,Stopped,0,0,0,0,0,VALID,VALID
92H-02687,2026-08-18 04:08:00,198.0,0,0.0,,,"Giáp Hải, Xã Tân An Hội, TP Hồ Chí Minh",,2.0,1,0,0.0,0.0,198.0,0.0,5.0,1,Stopped,0,0,0,0,0,VALID,VALID
92H-02687,2026-08-18 04:10:00,198.0,0,0.0,,,"Giáp Hải, Xã Tân An Hội, TP Hồ Chí Minh",,2.0,1,0,0.0,0.0,198.0,0.0,5.0,1,Stopped,0,0,0,0,0,VALID,VALID
92H-02687,2026-08-18 04:12:00,198.0,0,0.0,,,"Giáp Hải, Xã Tân An Hội, TP Hồ Chí Minh",,2.0,1,0,0.0,0.0,198.0,0.0,5.0,1,Stopped,0,0,0,0,0,VALID,VALID
92H-02687,2026-08-18 04:14:00,198.0,0,0.0,,,"Giáp Hải, Xã Tân An Hội, TP Hồ Chí Minh",,2.0,1,0,0.0,0.0,198.0,0.0,5.0,1,Stopped,0,0,0,0,0,VALID,VALID
92H-02687,2026-08-18 04:16:00,198.0,0,0.0,,,"Giáp Hải, Xã Tân An Hội, TP Hồ Chí Minh",,2.0,1,0,0.0,0.0,198.0,0.0,5.0,1,Stopped,0,0,0,0,0,VALID,VALID
92H-02687,2026-08-18 04:19:00,198.0,0,0.0,,,"Giáp Hải, Xã Tân An Hội, TP Hồ Chí Minh",,3.0,1,0,0.0,0.0,198.0,0.0,5.0,1,Stopped,0,0,0,0,0,VALID,VALID
92H-02687,2026-08-18 04:21:00,198.0,0,0.0,,,"Giáp Hải, Xã Tân An Hội, TP Hồ Chí Minh",,2.0,1,0,0.0,0.0,198.0,0.0,5.0,1,Stopped,0,0,0,0,0,VALID,VALID
92H-02687,2026-08-18 04:23:00,198.0,0,0.0,,,"Giáp Hải, Xã Tân An Hội, TP Hồ Chí Minh",,2.0,1,0,0.0,0.0,198.0,0.0,5.0,1,Stopped,0,0,0,0,0,VALID,VALID
92H-02687,2026-08-18 04:25:00,198.0,0,0.0,,,"Giáp Hải, Xã Tân An Hội, TP Hồ Chí Minh",,2.0,1,0,0.0,0.0,198.0,0.0,5.0,1,Stopped,0,0,0,0,0,VALID,VALID
92H-02687,2026-08-18 04:27:00,198.0,0,0.0,,,"Giáp Hải, Xã Tân An Hội, TP Hồ Chí Minh",,2.0,1,0,0.0,0.0,198.0,0.0,5.0,1,Stopped,0,0,0,0,0,VALID,VALID
92H-02687,2026-08-18 04:30:00,198.0,0,0.0,,,"Giáp Hải, Xã Tân An Hội, TP Hồ Chí Minh",,3.0,1,0,0.0,0.0,198.0,0.0,5.0,1,Stopped,0,0,0,0,0,VALID,VALID
92H-02687,2026-08-18 04:32:00,198.0,0,0.0,,,"Giáp Hải, Xã Tân An Hội, TP Hồ Chí Minh",,2.0,1,0,0.0,0.0,198.0,0.0,5.0,1,Stopped,0,0,0,0,0,VALID,VALID
92H-02687,2026-08-18 04:34:00,198.0,0,0.0,,,"Giáp Hải, Xã Tân An Hội, TP Hồ Chí Minh",,2.0,1,0,0.0,0.0,198.0,0.0,5.0,1,Stopped,0,0,0,0,0,VALID,VALID
92H-02687,2026-08-18 04:36:00,198.0,0,0.0,,,"Giáp Hải, Xã Tân An Hội, TP Hồ Chí Minh",,2.0,1,0,0.0,0.0,198.0,0.0,5.0,1,Stopped,0,0,0,0,0,VALID,VALID
92H-02687,2026-08-18 04:38:00,198.0,0,0.0,,,"Giáp Hải, Xã Tân An Hội, TP Hồ Chí Minh",,2.0,1,0,0.0,0.0,198.0,0.0,5.0,1,Stopped,0,0,0,0,0,VALID,VALID
92H-02687,2026-08-18 04:40:00,198.0,0,0.0,,,"Giáp Hải, Xã Tân An Hội, TP Hồ Chí Minh",,2.0,1,0,0.0,0.0,198.0,0.0,5.0,1,Stopped,0,0,0,0,0,VALID,VALID
92H-02687,2026-08-18 04:43:00,198.0,0,0.0,,,"Giáp Hải, Xã Tân An Hội, TP Hồ Chí Minh",,3.0,1,0,0.0,0.0,198.0,0.0,5.0,1,Stopped,0,0,0,0,0,VALID,VALID
92H-02687,2026-08-18 04:45:00,198.0,0,0.0,,,"Giáp Hải, Xã Tân An Hội, TP Hồ Chí Minh",,2.0,1,0,0.0,0.0,198.0,0.0,5.0,1,Stopped,0,0,0,0,0,VALID,VALID
92H-02687,2026-08-18 04:47:00,198.0,0,0.0,,,"Giáp Hải, Xã Tân An Hội, TP Hồ Chí Minh",,2.0,1,0,0.0,0.0,198.0,0.0,5.0,1,Stopped,0,0,0,0,0,VALID,VALID
92H-02687,2026-08-18 04:49:00,198.0,0,0.0,,,"Giáp Hải, Xã Tân An Hội, TP Hồ Chí Minh",,2.0,1,0,0.0,0.0,198.0,0.0,5.0,1,Stopped,0,0,0,0,0,VALID,VALID
92H-02687,2026-08-18 04:51:00,197.9,0,0.0,,,"Giáp Hải, Xã Tân An Hội, TP Hồ Chí Minh",,2.0,1,0,-0.09999999999999432,-0.04999999999999716,198.0,0.04472135016182926,5.0,1,Stopped,0,0,0,0,0,VALID,VALID
92H-02687,2026-08-18 04:54:00,197.9,0,0.0,,,"Giáp Hải, Xã Tân An Hội, TP Hồ Chí Minh",,3.0,1,0,0.0,0.0,198.0,0.05477224808512748,5.0,1,Stopped,0,0,0,0,0,VALID,VALID
92H-02687,2026-08-18 04:56:00,197.9,0,0.0,,,"Giáp Hải, Xã Tân An Hội, TP Hồ Chí Minh",,2.0,1,0,0.0,0.0,197.9,0.05477224808514174,5.0,1,Stopped,0,0,0,0,0,VALID,VALID
92H-02687,2026-08-18 04:58:00,197.9,0,0.0,,,"Giáp Hải, Xã Tân An Hội, TP Hồ Chí Minh",,2.0,1,0,0.0,0.0,197.9,0.04472135016188367,5.0,1,Stopped,0,0,0,0,0,VALID,VALID
92H-02687,2026-08-18 05:00:00,197.9,0,0.0,,,"Giáp Hải, Xã Tân An Hội, TP Hồ Chí Minh",,2.0,1,0,0.0,0.0,197.9,0.0,5.0,1,Stopped,0,0,0,0,0,VALID,VALID
92H-02687,2026-08-18 05:02:00,197.9,0,0.0,,,"Giáp Hải, Xã Tân An Hội, TP Hồ Chí Minh",,2.0,1,0,0.0,0.0,197.9,0.0,5.0,1,Stopped,0,0,0,0,0,VALID,VALID
92H-02687,2026-08-18 05:04:00,197.9,0,0.0,,,"Giáp Hải, Xã Tân An Hội, TP Hồ Chí Minh",,2.0,1,0,0.0,0.0,197.9,0.0,5.0,1,Stopped,0,0,0,0,0,VALID,VALID
92H-02687,2026-08-18 05:07:00,197.9,0,0.0,,,"Giáp Hải, Xã Tân An Hội, TP Hồ Chí Minh",,3.0,1,0,0.0,0.0,197.9,0.0,5.0,1,Stopped,0,0,0,0,0,VALID,VALID
92H-02687,2026-08-18 05:09:00,197.9,0,0.0,,,"Giáp Hải, Xã Tân An Hội, TP Hồ Chí Minh",,2.0,1,0,0.0,0.0,197.9,0.0,5.0,1,Stopped,0,0,0,0,0,VALID,VALID
92H-02687,2026-08-18 05:11:00,197.9,0,0.0,,,"Giáp Hải, Xã Tân An Hội, TP Hồ Chí Minh",,2.0,1,0,0.0,0.0,197.9,0.0,5.0,1,Stopped,0,0,0,0,0,VALID,VALID
92H-02687,2026-08-18 05:13:00,197.9,0,0.0,,,"Giáp Hải, Xã Tân An Hội, TP Hồ Chí Minh",,2.0,1,0,0.0,0.0,197.9,0.0,5.0,1,Stopped,0,0,0,0,0,VALID,VALID
92H-02687,2026-08-18 05:15:00,197.9,0,0.0,,,"Giáp Hải, Xã Tân An Hội, TP Hồ Chí Minh",,2.0,1,0,0.0,0.0,197.9,0.0,5.0,1,Stopped,0,0,0,0,0,VALID,VALID
92H-02687,2026-08-18 05:18:00,197.9,0,0.0,,,"N4, Xã Tân An Hội, TP Hồ Chí Minh",,3.0,1,0,0.0,0.0,197.9,0.0,5.0,1,Stopped,0,0,0,0,0,VALID,VALID
92H-02687,2026-08-18 05:20:00,197.9,0,0.0,,,"N4, Xã Tân An Hội, TP Hồ Chí Minh",,2.0,1,0,0.0,0.0,197.9,0.0,5.0,1,Stopped,0,0,0,0,0,VALID,VALID
92H-02687,2026-08-18 05:22:00,197.9,0,0.0,,,"N4, Xã Tân An Hội, TP Hồ Chí Minh",,2.0,1,0,0.0,0.0,197.9,0.0,5.0,1,Stopped,0,0,0,0,0,VALID,VALID
92H-02687,2026-08-18 05:24:00,197.9,0,0.0,,,"N4, Xã Tân An Hội, TP Hồ Chí Minh",,2.0,1,0,0.0,0.0,197.9,0.0,5.0,1,Stopped,0,0,0,0,0,VALID,VALID
92H-02687,2026-08-18 05:26:00,197.9,0,0.0,,,"N4, Xã Tân An Hội, TP Hồ Chí Minh",,2.0,1,0,0.0,0.0,197.9,0.0,5.0,1,Stopped,0,0,0,0,0,VALID,VALID
92H-02687,2026-08-18 05:28:00,197.9,0,0.0,,,"N4, Xã Tân An Hội, TP Hồ Chí Minh",,2.0,1,0,0.0,0.0,197.9,0.0,5.0,1,Stopped,0,0,0,0,0,VALID,VALID
92H-02687,2026-08-18 05:31:00,197.9,0,0.0,,,"N4, Xã Tân An Hội, TP Hồ Chí Minh",,3.0,1,0,0.0,0.0,197.9,0.0,5.0,1,Stopped,0,0,0,0,0,VALID,VALID
92H-02687,2026-08-18 05:33:00,197.7,0,0.0,,,"N4, Xã Tân An Hội, TP Hồ Chí Minh",,2.0,1,0,-0.20000000000001705,-0.10000000000000853,197.9,0.08944271440599484,5.0,1,Stopped,0,0,0,0,0,VALID,VALID
92H-02687,2026-08-18 05:35:00,197.7,0,0.0,,,"N4, Xã Tân An Hội, TP Hồ Chí Minh",,2.0,1,0,0.0,0.0,197.9,0.10954450766843099,5.0,1,Stopped,0,0,0,0,0,VALID,VALID
92H-02687,2026-08-18 05:37:00,197.7,0,0.0,,,"N4, Xã Tân An Hội, TP Hồ Chí Minh",,2.0,1,0,0.0,0.0,197.7,0.10954450766845694,5.0,1,Stopped,0,0,0,0,0,VALID,VALID
92H-02687,2026-08-18 05:40:00,197.7,0,0.0,,,"N4, Xã Tân An Hội, TP Hồ Chí Minh",,3.0,1,0,0.0,0.0,197.7,0.08944271440609017,5.0,1,Stopped,0,0,0,0,0,VALID,VALID
92H-02687,2026-08-18 05:42:00,197.7,0,0.0,,,"N4, Xã Tân An Hội, TP Hồ Chí Minh",,2.0,1,0,0.0,0.0,197.7,0.0,5.0,1,Stopped,0,0,0,0,0,VALID,VALID
92H-02687,2026-08-18 05:44:00,197.7,0,0.0,,,"N4, Xã Tân An Hội, TP Hồ Chí Minh",,2.0,1,0,0.0,0.0,197.7,0.0,5.0,1,Stopped,0,0,0,0,0,VALID,VALID
92H-02687,2026-08-18 05:46:00,197.7,0,0.0,,,"N4, Xã Tân An Hội, TP Hồ Chí Minh",,2.0,1,0,0.0,0.0,197.7,0.0,5.0,1,Stopped,0,0,0,0,0,VALID,VALID
92H-02687,2026-08-18 05:48:00,197.7,0,0.0,,,"N4, Xã Tân An Hội, TP Hồ Chí Minh",,2.0,1,0,0.0,0.0,197.7,0.0,5.0,1,Stopped,0,0,0,0,0,VALID,VALID
92H-02687,2026-08-18 05:50:00,197.7,0,0.0,,,"N4, Xã Tân An Hội, TP Hồ Chí Minh",,2.0,1,0,0.0,0.0,197.7,0.0,5.0,1,Stopped,0,0,0,0,0,VALID,VALID
92H-02687,2026-08-18 05:53:00,197.7,0,0.0,,,"N4, Xã Tân An Hội, TP Hồ Chí Minh",,3.0,1,0,0.0,0.0,197.7,0.0,5.0,1,Stopped,0,0,0,0,0,VALID,VALID
92H-02687,2026-08-18 05:55:00,197.7,0,0.0,,,"N4, Xã Tân An Hội, TP Hồ Chí Minh",,2.0,1,0,0.0,0.0,197.7,0.0,5.0,1,Stopped,0,0,0,0,0,VALID,VALID
92H-02687,2026-08-18 05:57:00,197.7,0,0.0,,,"N4, Xã Tân An Hội, TP Hồ Chí Minh",,2.0,1,0,0.0,0.0,197.7,0.0,5.0,1,Stopped,0,0,0,0,0,VALID,VALID
92H-02687,2026-08-18 05:59:00,197.7,0,0.0,,,"N4, Xã Tân An Hội, TP Hồ Chí Minh",,2.0,1,0,0.0,0.0,197.7,0.0,5.0,1,Stopped,0,0,0,0,0,VALID,VALID
92H-02687,2026-08-18 06:01:00,197.7,0,0.0,,,"N4, Xã Tân An Hội, TP Hồ Chí Minh",,2.0,1,0,0.0,0.0,197.7,0.0,5.0,1,Stopped,0,0,0,0,0,VALID,VALID
92H-02687,2026-08-18 06:04:00,197.7,0,0.0,,,"N4, Xã Tân An Hội, TP Hồ Chí Minh",,3.0,1,0,0.0,0.0,197.7,0.0,5.0,1,Stopped,0,0,0,0,0,VALID,VALID
92H-02687,2026-08-18 06:06:00,197.7,0,0.0,,,"N4, Xã Tân An Hội, TP Hồ Chí Minh",,2.0,1,0,0.0,0.0,197.7,0.0,5.0,1,Stopped,0,0,0,0,0,VALID,VALID
92H-02687,2026-08-18 06:08:00,197.7,0,0.0,,,"N4, Xã Tân An Hội, TP Hồ Chí Minh",,2.0,1,0,0.0,0.0,197.7,0.0,5.0,1,Stopped,0,0,0,0,0,VALID,VALID
92H-02687,2026-08-18 06:10:00,197.7,0,0.0,,,"N4, Xã Tân An Hội, TP Hồ Chí Minh",,2.0,1,0,0.0,0.0,197.7,0.0,5.0,1,Stopped,0,0,0,0,0,VALID,VALID
92H-02687,2026-08-18 06:12:00,197.7,0,0.0,,,"N4, Xã Tân An Hội, TP Hồ Chí Minh",,2.0,1,0,0.0,0.0,197.7,0.0,5.0,1,Stopped,0,0,0,0,0,VALID,VALID
92H-02687,2026-08-18 06:14:00,197.7,0,0.0,,,"N4, Xã Tân An Hội, TP Hồ Chí Minh",,2.0,1,0,0.0,0.0,197.7,0.0,5.0,1,Stopped,0,0,0,0,0,VALID,VALID
92H-02687,2026-08-18 06:17:00,197.7,0,0.0,,,"N4, Xã Tân An Hội, TP Hồ Chí Minh",,3.0,1,0,0.0,0.0,197.7,0.0,5.0,1,Stopped,0,0,0,0,0,VALID,VALID
92H-02687,2026-08-18 06:19:00,197.7,0,0.0,,,"N4, Xã Tân An Hội, TP Hồ Chí Minh",,2.0,1,0,0.0,0.0,197.7,0.0,5.0,1,Stopped,0,0,0,0,0,VALID,VALID
92H-02687,2026-08-18 06:21:00,197.7,0,0.0,,,"N4, Xã Tân An Hội, TP Hồ Chí Minh",,2.0,1,0,0.0,0.0,197.7,0.0,5.0,1,Stopped,0,0,0,0,0,VALID,VALID
92H-02687,2026-08-18 06:23:00,197.7,0,0.0,,,"N4, Xã Tân An Hội, TP Hồ Chí Minh",,2.0,1,0,0.0,0.0,197.7,0.0,5.0,1,Stopped,0,0,0,0,0,VALID,VALID
92H-02687,2026-08-18 06:25:00,197.7,0,0.0,,,"N4, Xã Tân An Hội, TP Hồ Chí Minh",,2.0,1,0,0.0,0.0,197.7,0.0,5.0,1,Stopped,0,0,0,0,0,VALID,VALID
92H-02687,2026-08-18 06:28:00,197.7,0,0.0,,,"N4, Xã Tân An Hội, TP Hồ Chí Minh",,3.0,1,0,0.0,0.0,197.7,0.0,5.0,1,Stopped,0,0,0,0,0,VALID,VALID
92H-02687,2026-08-18 06:30:00,197.7,0,0.0,,,"N4, Xã Tân An Hội, TP Hồ Chí Minh",,2.0,1,0,0.0,0.0,197.7,0.0,5.0,1,Stopped,0,0,0,0,0,VALID,VALID
92H-02687,2026-08-18 06:32:00,197.7,0,0.0,,,"N4, Xã Tân An Hội, TP Hồ Chí Minh",,2.0,1,0,0.0,0.0,197.7,0.0,5.0,1,Stopped,0,0,0,0,0,VALID,VALID
92H-02687,2026-08-18 06:34:00,197.7,0,0.0,,,"N4, Xã Tân An Hội, TP Hồ Chí Minh",,2.0,1,0,0.0,0.0,197.7,0.0,5.0,1,Stopped,0,0,0,0,0,VALID,VALID
92H-02687,2026-08-18 06:36:00,197.7,0,0.0,,,"N4, Xã Tân An Hội, TP Hồ Chí Minh",,2.0,1,0,0.0,0.0,197.7,0.0,5.0,1,Stopped,0,0,0,0,0,VALID,VALID
92H-02687,2026-08-18 06:38:00,197.7,0,0.0,,,"N4, Xã Tân An Hội, TP Hồ Chí Minh",,2.0,1,0,0.0,0.0,197.7,0.0,5.0,1,Stopped,0,0,0,0,0,VALID,VALID
92H-02687,2026-08-18 06:41:00,197.7,0,0.0,,,"N4, Xã Tân An Hội, TP Hồ Chí Minh",,3.0,1,0,0.0,0.0,197.7,0.0,5.0,1,Stopped,0,0,0,0,0,VALID,VALID
92H-02687,2026-08-18 06:43:00,197.7,0,0.0,,,"N4, Xã Tân An Hội, TP Hồ Chí Minh",,2.0,1,0,0.0,0.0,197.7,0.0,5.0,1,Stopped,0,0,0,0,0,VALID,VALID
92H-02687,2026-08-18 06:45:00,197.7,0,0.0,,,"N4, Xã Tân An Hội, TP Hồ Chí Minh",,2.0,1,0,0.0,0.0,197.7,0.0,5.0,1,Stopped,0,0,0,0,0,VALID,VALID
92H-02687,2026-08-18 06:47:00,197.7,0,0.0,,,"N4, Xã Tân An Hội, TP Hồ Chí Minh",,2.0,1,0,0.0,0.0,197.7,0.0,5.0,1,Stopped,0,0,0,0,0,VALID,VALID
92H-02687,2026-08-18 06:49:00,197.7,0,0.0,,,"N4, Xã Tân An Hội, TP Hồ Chí Minh",,2.0,1,0,0.0,0.0,197.7,0.0,5.0,1,Stopped,0,0,0,0,0,VALID,VALID
92H-02687,2026-08-18 06:52:00,197.7,0,0.0,,,"N4, Xã Tân An Hội, TP Hồ Chí Minh",,3.0,1,0,0.0,0.0,197.7,0.0,5.0,1,Stopped,0,0,0,0,0,VALID,VALID
92H-02687,2026-08-18 06:54:00,197.7,0,0.0,,,"N4, Xã Tân An Hội, TP Hồ Chí Minh",,2.0,1,0,0.0,0.0,197.7,0.0,5.0,1,Stopped,0,0,0,0,0,VALID,VALID
92H-02687,2026-08-18 06:56:00,197.7,0,0.0,,,"N4, Xã Tân An Hội, TP Hồ Chí Minh",,2.0,1,0,0.0,0.0,197.7,0.0,5.0,1,Stopped,0,0,0,0,0,VALID,VALID
92H-02687,2026-08-18 06:58:00,197.7,0,0.0,,,"N4, Xã Tân An Hội, TP Hồ Chí Minh",,2.0,1,0,0.0,0.0,197.7,0.0,5.0,1,Stopped,0,0,0,0,0,VALID,VALID
92H-02687,2026-08-18 07:00:00,197.7,0,0.0,,,"N4, Xã Tân An Hội, TP Hồ Chí Minh",,2.0,1,0,0.0,0.0,197.7,0.0,5.0,1,Stopped,0,0,0,0,0,VALID,VALID
92H-02687,2026-08-18 07:02:00,197.7,0,0.0,,,"N4, Xã Tân An Hội, TP Hồ Chí Minh",,2.0,1,0,0.0,0.0,197.7,0.0,5.0,1,Stopped,0,0,0,0,0,VALID,VALID
92H-02687,2026-08-18 07:05:00,197.7,0,0.0,,,"N4, Xã Tân An Hội, TP Hồ Chí Minh",,3.0,1,0,0.0,0.0,197.7,0.0,5.0,1,Stopped,0,0,0,0,0,VALID,VALID
92H-02687,2026-08-18 07:07:00,197.7,0,0.0,,,"N4, Xã Tân An Hội, TP Hồ Chí Minh",,2.0,1,0,0.0,0.0,197.7,0.0,5.0,1,Stopped,0,0,0,0,0,VALID,VALID
92H-02687,2026-08-18 07:09:00,197.7,0,0.0,,,"N4, Xã Tân An Hội, TP Hồ Chí Minh",,2.0,1,0,0.0,0.0,197.7,0.0,5.0,1,Stopped,0,0,0,0,0,VALID,VALID
92H-02687,2026-08-18 07:11:00,197.7,0,0.0,,,"N4, Xã Tân An Hội, TP Hồ Chí Minh",,2.0,1,0,0.0,0.0,197.7,0.0,5.0,1,Stopped,0,0,0,0,0,VALID,VALID
92H-02687,2026-08-18 07:13:00,197.7,0,0.0,,,"N4, Xã Tân An Hội, TP Hồ Chí Minh",,2.0,1,0,0.0,0.0,197.7,0.0,5.0,1,Stopped,0,0,0,0,0,VALID,VALID
92H-02687,2026-08-18 07:16:00,197.7,0,0.0,,,"N4, Xã Tân An Hội, TP Hồ Chí Minh",,3.0,1,0,0.0,0.0,197.7,0.0,5.0,1,Stopped,0,0,0,0,0,VALID,VALID
92H-02687,2026-08-18 07:18:00,197.7,0,0.0,,,"N4, Xã Tân An Hội, TP Hồ Chí Minh",,2.0,1,0,0.0,0.0,197.7,0.0,5.0,1,Stopped,0,0,0,0,0,VALID,VALID
92H-02687,2026-08-18 07:20:00,197.7,0,0.0,,,"N4, Xã Tân An Hội, TP Hồ Chí Minh",,2.0,1,0,0.0,0.0,197.7,0.0,5.0,1,Stopped,0,0,0,0,0,VALID,VALID
92H-02687,2026-08-18 07:22:00,197.7,0,0.0,,,"N4, Xã Tân An Hội, TP Hồ Chí Minh",,2.0,1,0,0.0,0.0,197.7,0.0,5.0,1,Stopped,0,0,0,0,0,VALID,VALID
92H-02687,2026-08-18 07:24:00,197.7,0,0.0,,,"N4, Xã Tân An Hội, TP Hồ Chí Minh",,2.0,1,0,0.0,0.0,197.7,0.0,5.0,1,Stopped,0,0,0,0,0,VALID,VALID
92H-02687,2026-08-18 07:26:00,197.7,0,0.0,,,"N4, Xã Tân An Hội, TP Hồ Chí Minh",,2.0,1,0,0.0,0.0,197.7,0.0,5.0,1,Stopped,0,0,0,0,0,VALID,VALID
92H-02687,2026-08-18 07:29:00,197.7,0,0.0,,,"N4, Xã Tân An Hội, TP Hồ Chí Minh",,3.0,1,0,0.0,0.0,197.7,0.0,5.0,1,Stopped,0,0,0,0,0,VALID,VALID
92H-02687,2026-08-18 07:31:00,197.7,0,0.0,,,"N4, Xã Tân An Hội, TP Hồ Chí Minh",,2.0,1,0,0.0,0.0,197.7,0.0,5.0,1,Stopped,0,0,0,0,0,VALID,VALID
92H-02687,2026-08-18 07:33:00,197.7,0,0.0,,,"N4, Xã Tân An Hội, TP Hồ Chí Minh",,2.0,1,0,0.0,0.0,197.7,0.0,5.0,1,Stopped,0,0,0,0,0,VALID,VALID
92H-02687,2026-08-18 07:35:00,197.7,0,0.0,,,"N4, Xã Tân An Hội, TP Hồ Chí Minh",,2.0,1,0,0.0,0.0,197.7,0.0,5.0,1,Stopped,0,0,0,0,0,VALID,VALID
92H-02687,2026-08-18 07:37:00,197.7,0,0.0,,,"N4, Xã Tân An Hội, TP Hồ Chí Minh",,2.0,1,0,0.0,0.0,197.7,0.0,5.0,1,Stopped,0,0,0,0,0,VALID,VALID
92H-02687,2026-08-18 07:40:00,197.7,0,0.0,,,"N4, Xã Tân An Hội, TP Hồ Chí Minh",,3.0,1,0,0.0,0.0,197.7,0.0,5.0,1,Stopped,0,0,0,0,0,VALID,VALID
92H-02687,2026-08-18 07:42:00,197.7,0,0.0,,,"N4, Xã Tân An Hội, TP Hồ Chí Minh",,2.0,1,0,0.0,0.0,197.7,0.0,5.0,1,Stopped,0,0,0,0,0,VALID,VALID
92H-02687,2026-08-18 07:44:00,197.7,0,0.0,,,"N4, Xã Tân An Hội, TP Hồ Chí Minh",,2.0,1,0,0.0,0.0,197.7,0.0,5.0,1,Stopped,0,0,0,0,0,VALID,VALID
92H-02687,2026-08-18 07:46:00,197.7,0,0.0,,,"N4, Xã Tân An Hội, TP Hồ Chí Minh",,2.0,1,0,0.0,0.0,197.7,0.0,5.0,1,Stopped,0,0,0,0,0,VALID,VALID
92H-02687,2026-08-18 07:48:00,197.7,0,0.0,,,"N4, Xã Tân An Hội, TP Hồ Chí Minh",,2.0,1,0,0.0,0.0,197.7,0.0,5.0,1,Stopped,0,0,0,0,0,VALID,VALID
92H-02687,2026-08-18 07:50:00,197.7,0,0.0,,,"N4, Xã Tân An Hội, TP Hồ Chí Minh",,2.0,1,0,0.0,0.0,197.7,0.0,5.0,1,Stopped,0,0,0,0,0,VALID,VALID
92H-02687,2026-08-18 07:53:00,197.7,0,0.0,,,"N4, Xã Tân An Hội, TP Hồ Chí Minh",,3.0,1,0,0.0,0.0,197.7,0.0,5.0,1,Stopped,0,0,0,0,0,VALID,VALID
92H-02687,2026-08-18 07:55:00,197.7,0,0.0,,,"N4, Xã Tân An Hội, TP Hồ Chí Minh",,2.0,1,0,0.0,0.0,197.7,0.0,5.0,1,Stopped,0,0,0,0,0,VALID,VALID
92H-02687,2026-08-18 07:57:00,197.7,0,0.0,,,"N4, Xã Tân An Hội, TP Hồ Chí Minh",,2.0,1,0,0.0,0.0,197.7,0.0,5.0,1,Stopped,0,0,0,0,0,VALID,VALID
92H-02687,2026-08-18 07:59:00,197.7,0,0.0,,,"N4, Xã Tân An Hội, TP Hồ Chí Minh",,2.0,1,0,0.0,0.0,197.7,0.0,5.0,1,Stopped,0,0,0,0,0,VALID,VALID
92H-02687,2026-08-18 08:01:00,197.7,0,0.0,,,"N4, Xã Tân An Hội, TP Hồ Chí Minh",,2.0,1,0,0.0,0.0,197.7,0.0,5.0,1,Stopped,0,0,0,0,0,VALID,VALID
92H-02687,2026-08-18 08:04:00,197.7,0,0.0,,,"N4, Xã Tân An Hội, TP Hồ Chí Minh",,3.0,1,0,0.0,0.0,197.7,0.0,5.0,1,Stopped,0,0,0,0,0,VALID,VALID
92H-02687,2026-08-18 08:06:00,197.7,0,0.0,,,"N4, Xã Tân An Hội, TP Hồ Chí Minh",,2.0,1,0,0.0,0.0,197.7,0.0,5.0,1,Stopped,0,0,0,0,0,VALID,VALID
92H-02687,2026-08-18 08:08:00,197.7,0,0.0,,,"N4, Xã Tân An Hội, TP Hồ Chí Minh",,2.0,1,0,0.0,0.0,197.7,0.0,5.0,1,Stopped,0,0,0,0,0,VALID,VALID
92H-02687,2026-08-18 08:10:00,197.7,0,0.0,,,"N4, Xã Tân An Hội, TP Hồ Chí Minh",,2.0,1,0,0.0,0.0,197.7,0.0,5.0,1,Stopped,0,0,0,0,0,VALID,VALID
92H-02687,2026-08-18 08:12:00,197.7,0,0.0,,,"N4, Xã Tân An Hội, TP Hồ Chí Minh",,2.0,1,0,0.0,0.0,197.7,0.0,5.0,1,Stopped,0,0,0,0,0,VALID,VALID
92H-02687,2026-08-18 08:14:00,197.6,0,0.0,,,"N4, Xã Tân An Hội, TP Hồ Chí Minh",,2.0,1,0,-0.09999999999999432,-0.04999999999999716,197.7,0.044721350162250685,5.0,1,Stopped,0,0,0,0,0,VALID,VALID
92H-02687,2026-08-18 08:16:00,197.7,25,0.20833333333333334,,,"N4, Xã Tân An Hội, TP Hồ Chí Minh",,2.0,1,0,0.09999999999999432,0.04999999999999716,197.7,0.044721350162250685,5.0,1,Moving,0,0,0,0,0,VALID,VALID
92H-02687,2026-08-18 08:19:00,196.9,0,-0.1388888888888889,,,"N4, Xã Tân An Hội, TP Hồ Chí Minh",,3.0,1,0,-0.799999999999983,-0.266666666666661,197.7,0.34928498272949965,5.0,1,Stopped,0,0,0,0,0,VALID,VALID
92H-02687,2026-08-18 08:22:00,196.9,0,0.0,,,"N4, Xã Tân An Hội, TP Hồ Chí Minh",,3.0,1,0,0.0,0.0,197.6,0.4219004611995144,5.0,1,Stopped,0,0,0,0,0,VALID,VALID
92H-02687,2026-08-18 08:24:00,196.9,0,0.0,,,"N4, Xã Tân An Hội, TP Hồ Chí Minh",,2.0,1,0,0.0,0.0,196.9,0.4123105615435808,5.0,1,Stopped,0,0,0,0,0,VALID,VALID
92H-02687,2026-08-18 08:26:00,196.9,0,0.0,,,"N4, Xã Tân An Hội, TP Hồ Chí Minh",,2.0,1,0,0.0,0.0,196.9,0.357770875226587,5.0,1,Stopped,0,0,0,0,0,VALID,VALID
92H-02687,2026-08-18 08:28:00,196.9,0,0.0,,,"N4, Xã Tân An Hội, TP Hồ Chí Minh",,2.0,1,0,0.0,0.0,196.9,0.0,5.0,1,Stopped,0,0,0,0,0,VALID,VALID
92H-02687,2026-08-18 08:30:00,196.9,0,0.0,,,"N4, Xã Tân An Hội, TP Hồ Chí Minh",,2.0,1,0,0.0,0.0,196.9,0.0,5.0,1,Stopped,0,0,0,0,0,VALID,VALID
92H-02687,2026-08-18 08:32:00,197.0,0,0.0,,,"N4, Xã Tân An Hội, TP Hồ Chí Minh",,2.0,1,0,0.09999999999999432,0.04999999999999716,196.9,0.04472135016312328,5.0,1,Stopped,0,0,0,0,0,VALID,VALID
92H-02687,2026-08-18 08:35:00,197.0,0,0.0,,,"N4, Xã Tân An Hội, TP Hồ Chí Minh",,3.0,1,0,0.0,0.0,196.9,0.05477224808616555,5.0,1,Stopped,0,0,0,0,0,VALID,VALID
92H-02687,2026-08-18 08:37:00,197.0,0,0.0,,,"N4, Xã Tân An Hội, TP Hồ Chí Minh",,2.0,1,0,0.0,0.0,197.0,0.05477224808617139,5.0,1,Stopped,0,0,0,0,0,VALID,VALID
92H-02687,2026-08-18 08:39:00,197.0,0,0.0,,,"N4, Xã Tân An Hội, TP Hồ Chí Minh",,2.0,1,0,0.0,0.0,197.0,0.04472135016314473,5.0,1,Stopped,0,0,0,0,0,VALID,VALID
92H-02687,2026-08-18 08:41:00,197.0,0,0.0,,,"N4, Xã Tân An Hội, TP Hồ Chí Minh",,2.0,1,0,0.0,0.0,197.0,0.0,5.0,1,Stopped,0,0,0,0,0,VALID,VALID
92H-02687,2026-08-18 08:44:00,196.7,0,0.0,,,"N4, Xã Tân An Hội, TP Hồ Chí Minh",,3.0,1,0,-0.30000000000001137,-0.1000000000000038,197.0,0.1341640755210226,5.0,1,Stopped,0,0,0,0,0,VALID,VALID
92H-02687,2026-08-18 08:46:00,197.0,0,0.0,,,"N4, Xã Tân An Hội, TP Hồ Chí Minh",,2.0,1,0,0.30000000000001137,0.15000000000000568,197.0,0.1341640755210226,5.0,1,Stopped,0,0,0,0,0,VALID,VALID
92H-02687,2026-08-18 08:48:00,197.2,0,0.0,,,"N4, Xã Tân An Hội, TP Hồ Chí Minh",,2.0,1,0,0.19999999999998863,0.09999999999999432,197.0,0.17888543585327374,5.0,1,Stopped,0,0,0,0,0,VALID,VALID
92H-02687,2026-08-18 08:50:00,197.2,0,0.0,,,"N4, Xã Tân An Hội, TP Hồ Chí Minh",,2.0,1,0,0.0,0.0,197.0,0.2049390132708314,5.0,1,Stopped,0,0,0,0,0,VALID,VALID
92H-02687,2026-08-18 08:52:00,197.2,0,0.0,,,"N4, Xã Tân An Hội, TP Hồ Chí Minh",,2.0,1,0,0.0,0.0,197.2,0.2190890210860123,5.0,1,Stopped,0,0,0,0,0,VALID,VALID
92H-02687,2026-08-18 08:54:00,197.2,31,0.25833333333333336,,,"N4, Xã Tân An Hội, TP Hồ Chí Minh",,2.0,1,0,0.0,0.0,197.2,0.08944271440670523,5.0,1,Moving,0,0,0,0,0,VALID,VALID
92H-02687,2026-08-18 08:58:00,196.3,0,-0.12916666666666668,,,"N4, Xã Tân An Hội, TP Hồ Chí Minh",,4.0,1,0,-0.8999999999999773,-0.22499999999999432,197.2,0.4024922349069828,5.0,1,Stopped,0,0,0,0,0,VALID,VALID
92H-02687,2026-08-18 09:00:00,196.4,0,0.0,,,"N4, Xã Tân An Hội, TP Hồ Chí Minh",,2.0,1,0,0.09999999999999432,0.04999999999999716,197.2,0.4669047002980358,5.0,1,Stopped,0,0,0,0,0,VALID,VALID
92H-02687,2026-08-18 09:02:00,196.6,0,0.0,,,"N4, Xã Tân An Hội, TP Hồ Chí Minh",,2.0,1,0,0.19999999999998863,0.09999999999999432,196.6,0.43358966680536615,5.0,1,Stopped,0,0,0,0,0,VALID,VALID
92H-02687,2026-08-18 09:04:00,196.6,0,0.0,,,"N4, Xã Tân An Hội, TP Hồ Chí Minh",,2.0,1,0,0.0,0.0,196.6,0.34928498272954345,5.0,1,Stopped,0,0,0,0,0,VALID,VALID
92H-02687,2026-08-18 09:06:00,196.7,0,0.0,,,"N4, Xã Tân An Hội, TP Hồ Chí Minh",,2.0,1,0,0.09999999999999432,0.04999999999999716,196.6,0.16431676469662768,5.0,1,Stopped,0,0,0,0,0,VALID,VALID
92H-02687,2026-08-18 09:08:00,196.7,0,0.0,,,"N4, Xã Tân An Hội, TP Hồ Chí Minh",,2.0,1,0,0.0,0.0,196.6,0.1224744837114176,5.0,1,Stopped,0,0,0,0,0,VALID,VALID
92H-02687,2026-08-18 09:11:00,196.7,0,0.0,,,"N4, Xã Tân An Hội, TP Hồ Chí Minh",,3.0,1,0,0.0,0.0,196.7,0.054772248085943255,5.0,1,Stopped,0,0,0,0,0,VALID,VALID
92H-02687,2026-08-18 09:13:00,196.7,0,0.0,,,"N4, Xã Tân An Hội, TP Hồ Chí Minh",,2.0,1,0,0.0,0.0,196.7,0.044721350162877635,5.0,1,Stopped,0,0,0,0,0,VALID,VALID
92H-02687,2026-08-18 09:15:00,196.7,0,0.0,,,"N4, Xã Tân An Hội, TP Hồ Chí Minh",,2.0,1,0,0.0,0.0,196.7,0.0,5.0,1,Stopped,0,0,0,0,0,VALID,VALID
92H-02687,2026-08-18 09:17:00,196.7,0,0.0,,,"N4, Xã Tân An Hội, TP Hồ Chí Minh",,2.0,1,0,0.0,0.0,196.7,0.0,5.0,1,Stopped,0,0,0,0,0,VALID,VALID
92H-02687,2026-08-18 09:20:00,196.7,0,0.0,,,"N4, Xã Tân An Hội, TP Hồ Chí Minh",,3.0,1,0,0.0,0.0,196.7,0.0,5.0,1,Stopped,0,0,0,0,0,VALID,VALID
92H-02687,2026-08-18 09:22:00,196.7,0,0.0,,,"N4, Xã Tân An Hội, TP Hồ Chí Minh",,2.0,1,0,0.0,0.0,196.7,0.0,5.0,1,Stopped,0,0,0,0,0,VALID,VALID
92H-02687,2026-08-18 09:24:00,196.7,0,0.0,,,"N4, Xã Tân An Hội, TP Hồ Chí Minh",,2.0,1,0,0.0,0.0,196.7,0.0,5.0,1,Stopped,0,0,0,0,0,VALID,VALID
92H-02687,2026-08-18 09:26:00,196.7,0,0.0,,,"N4, Xã Tân An Hội, TP Hồ Chí Minh",,2.0,1,0,0.0,0.0,196.7,0.0,5.0,1,Stopped,0,0,0,0,0,VALID,VALID
92H-02687,2026-08-18 09:28:00,196.9,0,0.0,,,"N4, Xã Tân An Hội, TP Hồ Chí Minh",,2.0,1,0,0.20000000000001705,0.10000000000000853,196.7,0.08944271440647752,5.0,1,Stopped,0,0,0,0,0,VALID,VALID
92H-02687,2026-08-18 09:30:00,196.9,0,0.0,,,"N4, Xã Tân An Hội, TP Hồ Chí Minh",,2.0,1,0,0.0,0.0,196.7,0.10954450766881829,5.0,1,Stopped,0,0,0,0,0,VALID,VALID
92H-02687,2026-08-18 09:33:00,196.9,0,0.0,,,"N4, Xã Tân An Hội, TP Hồ Chí Minh",,3.0,1,0,0.0,0.0,196.9,0.10954450766884423,5.0,1,Stopped,0,0,0,0,0,VALID,VALID
92H-02687,2026-08-18 09:35:00,196.9,0,0.0,,,"N4, Xã Tân An Hội, TP Hồ Chí Minh",,2.0,1,0,0.0,0.0,196.9,0.08944271440657285,5.0,1,Stopped,0,0,0,0,0,VALID,VALID
92H-02687,2026-08-18 09:37:00,196.9,0,0.0,,,"N4, Xã Tân An Hội, TP Hồ Chí Minh",,2.0,1,0,0.0,0.0,196.9,0.0,5.0,1,Stopped,0,0,0,0,0,VALID,VALID
92H-02687,2026-08-18 09:39:00,196.9,0,0.0,,,"N4, Xã Tân An Hội, TP Hồ Chí Minh",,2.0,1,0,0.0,0.0,196.9,0.0,5.0,1,Stopped,0,0,0,0,0,VALID,VALID
92H-02687,2026-08-18 09:41:00,196.9,0,0.0,,,"N4, Xã Tân An Hội, TP Hồ Chí Minh",,2.0,1,0,0.0,0.0,196.9,0.0,5.0,1,Stopped,0,0,0,0,0,VALID,VALID
92H-02687,2026-08-18 09:44:00,196.9,0,0.0,,,"N4, Xã Tân An Hội, TP Hồ Chí Minh",,3.0,1,0,0.0,0.0,196.9,0.0,5.0,1,Stopped,0,0,0,0,0,VALID,VALID
92H-02687,2026-08-18 09:46:00,196.9,0,0.0,,,"N4, Xã Tân An Hội, TP Hồ Chí Minh",,2.0,1,0,0.0,0.0,196.9,0.0,5.0,1,Stopped,0,0,0,0,0,VALID,VALID
92H-02687,2026-08-18 09:48:00,196.9,0,0.0,,,"N4, Xã Tân An Hội, TP Hồ Chí Minh",,2.0,1,0,0.0,0.0,196.9,0.0,5.0,1,Stopped,0,0,0,0,0,VALID,VALID
92H-02687,2026-08-18 09:50:00,196.9,0,0.0,,,"N4, Xã Tân An Hội, TP Hồ Chí Minh",,2.0,1,0,0.0,0.0,196.9,0.0,5.0,1,Stopped,0,0,0,0,0,VALID,VALID
92H-02687,2026-08-18 09:52:00,196.9,0,0.0,,,"N4, Xã Tân An Hội, TP Hồ Chí Minh",,2.0,1,0,0.0,0.0,196.9,0.0,5.0,1,Stopped,0,0,0,0,0,VALID,VALID
92H-02687,2026-08-18 09:54:00,196.9,0,0.0,,,"N4, Xã Tân An Hội, TP Hồ Chí Minh",,2.0,1,0,0.0,0.0,196.9,0.0,5.0,1,Stopped,0,0,0,0,0,VALID,VALID
92H-02687,2026-08-18 09:57:00,196.9,0,0.0,,,"N4, Xã Tân An Hội, TP Hồ Chí Minh",,3.0,1,0,0.0,0.0,196.9,0.0,5.0,1,Stopped,0,0,0,0,0,VALID,VALID
92H-02687,2026-08-18 09:59:00,196.9,0,0.0,,,"N4, Xã Tân An Hội, TP Hồ Chí Minh",,2.0,1,0,0.0,0.0,196.9,0.0,5.0,1,Stopped,0,0,0,0,0,VALID,VALID
92H-02687,2026-08-18 10:01:00,196.9,0,0.0,,,"N4, Xã Tân An Hội, TP Hồ Chí Minh",,2.0,1,0,0.0,0.0,196.9,0.0,5.0,1,Stopped,0,0,0,0,0,VALID,VALID
92H-02687,2026-08-18 10:03:00,196.9,0,0.0,,,"N4, Xã Tân An Hội, TP Hồ Chí Minh",,2.0,1,0,0.0,0.0,196.9,0.0,5.0,1,Stopped,0,0,0,0,0,VALID,VALID
92H-02687,2026-08-18 10:05:00,196.9,0,0.0,,,"N4, Xã Tân An Hội, TP Hồ Chí Minh",,2.0,1,0,0.0,0.0,196.9,0.0,5.0,1,Stopped,0,0,0,0,0,VALID,VALID
92H-02687,2026-08-18 10:08:00,196.9,0,0.0,,,"N4, Xã Tân An Hội, TP Hồ Chí Minh",,3.0,1,0,0.0,0.0,196.9,0.0,5.0,1,Stopped,0,0,0,0,0,VALID,VALID
92H-02687,2026-08-18 10:10:00,196.9,0,0.0,,,"N4, Xã Tân An Hội, TP Hồ Chí Minh",,2.0,1,0,0.0,0.0,196.9,0.0,5.0,1,Stopped,0,0,0,0,0,VALID,VALID
92H-02687,2026-08-18 10:12:00,196.9,0,0.0,,,"N4, Xã Tân An Hội, TP Hồ Chí Minh",,2.0,1,0,0.0,0.0,196.9,0.0,5.0,1,Stopped,0,0,0,0,0,VALID,VALID
92H-02687,2026-08-18 10:14:00,196.9,0,0.0,,,"N4, Xã Tân An Hội, TP Hồ Chí Minh",,2.0,1,0,0.0,0.0,196.9,0.0,5.0,1,Stopped,0,0,0,0,0,VALID,VALID
92H-02687,2026-08-18 10:16:00,196.9,0,0.0,,,"N4, Xã Tân An Hội, TP Hồ Chí Minh",,2.0,1,0,0.0,0.0,196.9,0.0,5.0,1,Stopped,0,0,0,0,0,VALID,VALID
92H-02687,2026-08-18 10:18:00,196.9,0,0.0,,,"N4, Xã Tân An Hội, TP Hồ Chí Minh",,2.0,1,0,0.0,0.0,196.9,0.0,5.0,1,Stopped,0,0,0,0,0,VALID,VALID
92H-02687,2026-08-18 10:21:00,196.9,0,0.0,,,"N4, Xã Tân An Hội, TP Hồ Chí Minh",,3.0,1,0,0.0,0.0,196.9,0.0,5.0,1,Stopped,0,0,0,0,0,VALID,VALID
92H-02687,2026-08-18 10:23:00,196.9,0,0.0,,,"N4, Xã Tân An Hội, TP Hồ Chí Minh",,2.0,1,0,0.0,0.0,196.9,0.0,5.0,1,Stopped,0,0,0,0,0,VALID,VALID
92H-02687,2026-08-18 10:25:00,196.9,0,0.0,,,"N4, Xã Tân An Hội, TP Hồ Chí Minh",,2.0,1,0,0.0,0.0,196.9,0.0,5.0,1,Stopped,0,0,0,0,0,VALID,VALID
92H-02687,2026-08-18 10:27:00,196.9,0,0.0,,,"N4, Xã Tân An Hội, TP Hồ Chí Minh",,2.0,1,0,0.0,0.0,196.9,0.0,5.0,1,Stopped,0,0,0,0,0,VALID,VALID
92H-02687,2026-08-18 10:30:00,196.9,0,0.0,,,"N4, Xã Tân An Hội, TP Hồ Chí Minh",,3.0,1,0,0.0,0.0,196.9,0.0,5.0,1,Stopped,0,0,0,0,0,VALID,VALID
92H-02687,2026-08-18 10:32:00,196.7,0,0.0,,,"N4, Xã Tân An Hội, TP Hồ Chí Minh",,2.0,1,0,-0.20000000000001705,-0.10000000000000853,196.9,0.08944271440657285,5.0,1,Stopped,0,0,0,0,0,VALID,VALID
92H-02687,2026-08-18 10:34:00,196.7,0,0.0,,,"N4, Xã Tân An Hội, TP Hồ Chí Minh",,2.0,1,0,0.0,0.0,196.9,0.10954450766884423,5.0,1,Stopped,0,0,0,0,0,VALID,VALID
92H-02687,2026-08-18 10:36:00,196.7,0,0.0,,,"N4, Xã Tân An Hội, TP Hồ Chí Minh",,2.0,1,0,0.0,0.0,196.7,0.10954450766881829,5.0,1,Stopped,0,0,0,0,0,VALID,VALID
92H-02687,2026-08-18 10:38:00,196.7,0,0.0,,,"N4, Xã Tân An Hội, TP Hồ Chí Minh",,2.0,1,0,0.0,0.0,196.7,0.08944271440647751,5.0,1,Stopped,0,0,0,0,0,VALID,VALID
92H-02687,2026-08-18 10:40:00,196.7,0,0.0,,,"N4, Xã Tân An Hội, TP Hồ Chí Minh",,2.0,1,0,0.0,0.0,196.7,0.0,5.0,1,Stopped,0,0,0,0,0,VALID,VALID
92H-02687,2026-08-18 10:43:00,196.6,0,0.0,,,"N4, Xã Tân An Hội, TP Hồ Chí Minh",,3.0,1,0,-0.09999999999999432,-0.03333333333333144,196.7,0.044721350162877614,5.0,1,Stopped,0,0,0,0,0,VALID,VALID
92H-02687,2026-08-18 10:45:00,196.6,0,0.0,,,"N4, Xã Tân An Hội, TP Hồ Chí Minh",,2.0,1,0,0.0,0.0,196.7,0.054772248085953296,5.0,1,Stopped,0,0,0,0,0,VALID,VALID
92H-02687,2026-08-18 10:47:00,196.4,0,0.0,,,"N4, Xã Tân An Hội, TP Hồ Chí Minh",,2.0,1,0,-0.19999999999998863,-0.09999999999999432,196.6,0.12247448371145198,5.0,1,Stopped,0,0,0,0,0,VALID,VALID
92H-02687,2026-08-18 10:49:00,196.4,0,0.0,,,"N4, Xã Tân An Hội, TP Hồ Chí Minh",,2.0,1,0,0.0,0.0,196.6,0.13416407552092957,5.0,1,Stopped,0,0,0,0,0,VALID,VALID
92H-02687,2026-08-18 10:51:00,196.3,0,0.0,,,"N4, Xã Tân An Hội, TP Hồ Chí Minh",,2.0,1,0,-0.09999999999999432,-0.04999999999999716,196.4,0.13416407552092957,5.0,1,Stopped,0,0,0,0,0,VALID,VALID
92H-02687,2026-08-18 10:54:00,196.1,0,0.0,,,"N4, Xã Tân An Hội, TP Hồ Chí Minh",,3.0,1,0,-0.20000000000001705,-0.06666666666667236,196.4,0.18165901893489783,5.0,1,Stopped,0,0,0,0,0,VALID,VALID
92H-02687,2026-08-18 10:56:00,196.0,0,0.0,,,"N4, Xã Tân An Hội, TP Hồ Chí Minh",,2.0,1,0,-0.09999999999999432,-0.04999999999999716,196.3,0.1816590189349084,5.0,1,Stopped,0,0,0,0,0,VALID,VALID
92H-02687,2026-08-18 10:58:00,195.8,0,0.0,,,"N4, Xã Tân An Hội, TP Hồ Chí Minh",,2.0,1,0,-0.19999999999998863,-0.09999999999999432,196.1,0.23874672596790475,5.0,1,Stopped,0,0,0,0,0,VALID,VALID
92H-02687,2026-08-18 11:00:00,195.7,0,0.0,,,"N4, Xã Tân An Hội, TP Hồ Chí Minh",,2.0,1,0,-0.10000000000002274,-0.05000000000001137,196.0,0.23874672596791413,5.0,1,Stopped,0,0,0,0,0,VALID,VALID
92H-02687,2026-08-18 11:03:00,195.7,0,0.0,,,"Số 377, Xã Tân An Hội, TP Hồ Chí Minh",,3.0,1,0,0.0,0.0,195.8,0.18165901893493713,5.0,1,Stopped,0,0,0,0,0,VALID,VALID
92H-02687,2026-08-18 11:04:00,195.7,0,0.0,,,"Đường D1, Xã Tân An Hội, TP Hồ Chí Minh",,1.0,1,0,0.0,0.0,195.7,0.13038404488436112,5.0,1,Stopped,0,0,0,0,0,VALID,VALID
92H-02687,2026-08-18 11:06:00,195.7,0,0.0,,,"N4, Xã Tân An Hội, TP Hồ Chí Minh",,2.0,1,0,0.0,0.0,195.7,0.04472135016305915,5.0,1,Stopped,0,0,0,0,0,VALID,VALID
92H-02687,2026-08-18 11:08:00,195.5,0,0.0,,,"Xã Tân An Hội, TP Hồ Chí Minh",,2.0,1,0,-0.19999999999998863,-0.09999999999999432,195.7,0.08944271440651584,5.0,1,Stopped,0,0,0,0,0,VALID,VALID
92H-02687,2026-08-18 11:10:00,195.2,0,0.0,,,"Xã Tân An Hội, TP Hồ Chí Minh",,2.0,1,0,-0.30000000000001137,-0.15000000000000568,195.7,0.21908902108597067,5.0,1,Stopped,0,0,0,0,0,VALID,VALID
92H-02687,2026-08-18 11:12:00,195.0,0,0.0,,,"Xã Tân An Hội, TP Hồ Chí Minh",,2.0,1,0,-0.19999999999998863,-0.09999999999999432,195.5,0.31144822870007266,5.0,1,Stopped,0,0,0,0,0,VALID,VALID
92H-02687,2026-08-18 11:14:00,195.0,0,0.0,,,"Xã Tân An Hội, TP Hồ Chí Minh",,2.0,1,0,0.0,0.0,195.2,0.31144822870008704,5.0,1,Stopped,0,0,0,0,0,VALID,VALID
92H-02687,2026-08-18 11:16:00,194.7,0,0.0,,,"Xã Tân An Hội, TP Hồ Chí Minh",,2.0,1,0,-0.30000000000001137,-0.15000000000000568,195.0,0.29495762265187103,5.0,1,Stopped,0,0,0,0,0,VALID,VALID
92H-02687,2026-08-18 11:18:00,194.4,0,0.0,,,"Xã Tân An Hội, TP Hồ Chí Minh",,2.0,1,0,-0.29999999999998295,-0.14999999999999147,195.0,0.313049515509072,5.0,1,Stopped,0,0,0,0,0,VALID,VALID
92H-02687,2026-08-18 11:20:00,194.1,0,0.0,,,"Xã Tân An Hội, TP Hồ Chí Minh",,2.0,1,0,-0.30000000000001137,-0.15000000000000568,194.7,0.3911521432390396,5.0,1,Stopped,0,0,0,0,0,VALID,VALID
92H-02687,2026-08-18 11:23:00,193.9,0,0.0,,,"Xã Tân An Hội, TP Hồ Chí Minh",,3.0,1,0,-0.19999999999998863,-0.06666666666666288,194.4,0.4438468194777558,5.0,1,Stopped,0,0,0,0,0,VALID,VALID
92H-02687,2026-08-18 11:25:00,193.6,0,0.0,,,"Xã Tân An Hội, TP Hồ Chí Minh",,2.0,1,0,-0.30000000000001137,-0.15000000000000568,194.1,0.4277849917429948,5.0,1,Stopped,0,0,0,0,0,VALID,VALID
92H-02687,2026-08-18 11:28:00,193.5,0,0.0,,,"Xã Tân An Hội, TP Hồ Chí Minh",,3.0,1,0,-0.09999999999999432,-0.03333333333333144,193.9,0.36742346027517503,5.0,1,Stopped,0,0,0,0,0,VALID,VALID
92H-02687,2026-08-18 11:30:00,193.3,0,0.0,,,"Xã Tân An Hội, TP Hồ Chí Minh",,2.0,1,0,-0.19999999999998863,-0.09999999999999432,193.6,0.3193743871392885,5.0,1,Stopped,0,0,0,0,0,VALID,VALID
92H-02687,2026-08-18 11:32:00,193.2,0,0.0,,,"Xã Tân An Hội, TP Hồ Chí Minh",,2.0,1,0,-0.10000000000002274,-0.05000000000001137,193.5,0.27386127722008247,5.0,1,Stopped,0,0,0,0,0,VALID,VALID
92H-02687,2026-08-18 11:34:00,193.2,0,0.0,,,"Xã Tân An Hội, TP Hồ Chí Minh",,2.0,1,0,0.0,0.0,193.3,0.18165901893554204,5.0,1,Stopped,0,0,0,0,0,VALID,VALID
92H-02687,2026-08-18 11:36:00,193.0,0,0.0,,,"Xã Tân An Hội, TP Hồ Chí Minh",,2.0,1,0,-0.19999999999998863,-0.09999999999999432,193.2,0.1816590189355526,5.0,1,Stopped,0,0,0,0,0,VALID,VALID
92H-02687,2026-08-18 11:38:00,202.3,0,0.0,,,"Xã Tân An Hội, TP Hồ Chí Minh",,2.0,1,0,9.300000000000011,4.650000000000006,193.2,4.082278775287236,5.0,1,Stopped,0,0,1,0,1,LARGE_DELTA,VALID
92H-02687,2026-08-18 11:40:00,205.5,0,0.0,,,"Xã Tân An Hội, TP Hồ Chí Minh",,2.0,1,0,3.1999999999999886,1.5999999999999943,193.2,6.0052477050626845,5.0,1,Stopped,0,0,0,0,0,VALID,VALID
92H-02687,2026-08-18 11:42:00,205.7,0,0.0,,,"Xã Tân An Hội, TP Hồ Chí Minh",,2.0,1,0,0.19999999999998863,0.09999999999999432,202.3,6.388505302428776,5.0,1,Stopped,0,0,0,0,0,VALID,VALID
92H-02687,2026-08-18 11:45:00,205.8,0,0.0,,,"Xã Tân An Hội, TP Hồ Chí Minh",,3.0,1,0,0.10000000000002274,0.03333333333334091,205.5,5.486620088830696,5.0,1,Stopped,0,0,0,0,0,VALID,VALID
92H-02687,2026-08-18 11:47:00,205.8,0,0.0,,,"Xã Tân An Hội, TP Hồ Chí Minh",,2.0,1,0,0.0,0.0,205.7,1.5254507527811212,5.0,1,Stopped,0,0,0,0,0,VALID,VALID
92H-02687,2026-08-18 11:49:00,206.0,0,0.0,,,"Xã Tân An Hội, TP Hồ Chí Minh",,2.0,1,0,0.19999999999998863,0.09999999999999432,205.8,0.18165901893515737,5.0,1,Stopped,0,0,0,0,0,VALID,VALID
92H-02687,2026-08-18 11:51:00,206.0,0,0.0,,,"Xã Tân An Hội, TP Hồ Chí Minh",,2.0,1,0,0.0,0.0,205.8,0.13416407552128098,5.0,1,Stopped,0,0,0,0,0,VALID,VALID
92H-02687,2026-08-18 11:54:00,205.8,0,0.0,,,"Xã Tân An Hội, TP Hồ Chí Minh",,3.0,1,0,-0.19999999999998863,-0.06666666666666288,205.8,0.10954450766915559,5.0,1,Stopped,0,0,0,0,0,VALID,VALID
92H-02687,2026-08-18 11:56:00,205.8,0,0.0,,,"Xã Tân An Hội, TP Hồ Chí Minh",,2.0,1,0,0.0,0.0,205.8,0.10954450766915559,5.0,1,Stopped,0,0,0,0,0,VALID,VALID
92H-02687,2026-08-18 11:58:00,205.8,0,0.0,,,"Xã Tân An Hội, TP Hồ Chí Minh",,2.0,1,0,0.0,0.0,205.8,0.10954450766915559,5.0,1,Stopped,0,0,0,0,0,VALID,VALID
92H-02687,2026-08-18 12:00:00,205.7,0,0.0,,,"Xã Tân An Hội, TP Hồ Chí Minh",,2.0,1,0,-0.10000000000002274,-0.05000000000001137,205.8,0.1095445076691731,5.0,1,Stopped,0,0,0,0,0,VALID,VALID
92H-02687,2026-08-18 12:02:00,205.7,0,0.0,,,"Xã Tân An Hội, TP Hồ Chí Minh",,2.0,1,0,0.0,0.0,205.8,0.05477224808683255,5.0,1,Stopped,0,0,0,0,0,VALID,VALID
92H-02687,2026-08-18 12:04:00,205.5,0,0.0,,,"Xã Tân An Hội, TP Hồ Chí Minh",,2.0,1,0,-0.19999999999998863,-0.09999999999999432,205.7,0.12247448371186664,5.0,1,Stopped,0,0,0,0,0,VALID,VALID
92H-02687,2026-08-18 12:07:00,205.5,0,0.0,,,"Xã Tân An Hội, TP Hồ Chí Minh",,3.0,1,0,0.0,0.0,205.7,0.13416407552131648,5.0,1,Stopped,0,0,0,0,0,VALID,VALID
92H-02687,2026-08-18 12:09:00,205.4,0,0.0,,,"Xã Tân An Hội, TP Hồ Chí Minh",,2.0,1,0,-0.09999999999999432,-0.04999999999999716,205.5,0.13416407552132603,5.0,1,Stopped,0,0,0,0,0,VALID,VALID
92H-02687,2026-08-18 12:11:00,205.4,0,0.0,,,"Xã Tân An Hội, TP Hồ Chí Minh",,2.0,1,0,0.0,0.0,205.5,0.12247448371190192,5.0,1,Stopped,0,0,0,0,0,VALID,VALID
92H-02687,2026-08-18 12:13:00,205.2,0,0.0,,,"Xã Tân An Hội, TP Hồ Chí Minh",,2.0,1,0,-0.20000000000001705,-0.10000000000000853,205.4,0.12247448371194687,5.0,1,Stopped,0,0,0,0,0,VALID,VALID
92H-02687,2026-08-18 12:14:00,205.2,0,0.0,,,"Xã Tân An Hội, TP Hồ Chí Minh",,1.0,1,0,0.0,0.0,205.4,0.13416407552141038,5.0,1,Stopped,0,0,0,0,0,VALID,VALID
92H-02687,2026-08-18 12:16:00,202.2,0,0.0,,,"Xã Tân An Hội, TP Hồ Chí Minh",,2.0,1,0,-3.0,-1.5,205.2,1.389964028009569,5.0,1,Stopped,0,0,0,0,0,VALID,VALID
92H-02687,2026-08-18 12:18:00,201.1,0,0.0,,,"Xã Tân An Hội, TP Hồ Chí Minh",,2.0,1,0,-1.0999999999999943,-0.5499999999999972,205.2,2.0203960005802553,5.0,1,Stopped,0,0,0,0,0,VALID,VALID
92H-02687,2026-08-18 12:20:00,201.0,0,0.0,,,"Xã Tân An Hội, TP Hồ Chí Minh",,2.0,1,0,-0.09999999999999432,-0.04999999999999716,202.2,2.1161285403209336,5.0,1,Stopped,0,0,0,0,0,VALID,VALID
92H-02687,2026-08-18 12:22:00,200.8,0,0.0,,,"Xã Tân An Hội, TP Hồ Chí Minh",,2.0,1,0,-0.19999999999998863,-0.09999999999999432,201.1,1.8379336220769569,5.0,1,Stopped,0,0,0,0,0,VALID,VALID
92H-02687,2026-08-18 12:24:00,200.7,0,0.0,,,"Xã Tân An Hội, TP Hồ Chí Minh",,2.0,1,0,-0.10000000000002274,-0.05000000000001137,201.0,0.6024948125594918,5.0,1,Stopped,0,0,0,0,0,VALID,VALID
92H-02687,2026-08-18 12:27:00,200.5,0,0.0,,,"Xã Tân An Hội, TP Hồ Chí Minh",,3.0,1,0,-0.19999999999998863,-0.06666666666666288,200.8,0.23874672596952853,5.0,1,Stopped,0,0,0,0,0,VALID,VALID
92H-02687,2026-08-18 12:29:00,200.5,0,0.0,,,"Xã Tân An Hội, TP Hồ Chí Minh",,2.0,1,0,0.0,0.0,200.7,0.21213203237888648,5.0,1,Stopped,0,0,0,0,0,VALID,VALID
92H-02687,2026-08-18 12:31:00,200.5,0,0.0,,,"Xã Tân An Hội, TP Hồ Chí Minh",,2.0,1,0,0.0,0.0,200.5,0.14142135327177574,5.0,1,Stopped,0,0,0,0,0,VALID,VALID
92H-02687,2026-08-18 12:33:00,200.5,0,0.0,,,"Xã Tân An Hội, TP Hồ Chí Minh",,2.0,1,0,0.0,0.0,200.5,0.08944271441112939,5.0,1,Stopped,0,0,0,0,0,VALID,VALID
92H-02687,2026-08-18 12:35:00,200.5,0,0.0,,,"Xã Tân An Hội, TP Hồ Chí Minh",,2.0,1,0,0.0,0.0,200.5,0.0,5.0,1,Stopped,0,0,0,0,0,VALID,VALID
92H-02687,2026-08-18 12:38:00,200.5,0,0.0,,,"Xã Tân An Hội, TP Hồ Chí Minh",,3.0,1,0,0.0,0.0,200.5,0.0,5.0,1,Stopped,0,0,0,0,0,VALID,VALID
92H-02687,2026-08-18 12:40:00,200.5,0,0.0,,,"Xã Tân An Hội, TP Hồ Chí Minh",,2.0,1,0,0.0,0.0,200.5,0.0,5.0,1,Stopped,0,0,0,0,0,VALID,VALID
92H-02687,2026-08-18 12:42:00,200.5,0,0.0,,,"Xã Tân An Hội, TP Hồ Chí Minh",,2.0,1,0,0.0,0.0,200.5,0.0,5.0,1,Stopped,0,0,0,0,0,VALID,VALID
92H-02687,2026-08-18 12:44:00,200.4,0,0.0,,,"Xã Tân An Hội, TP Hồ Chí Minh",,2.0,1,0,-0.09999999999999432,-0.04999999999999716,200.5,0.044721350172427635,5.0,1,Stopped,0,0,0,0,0,VALID,VALID
92H-02687,2026-08-18 12:46:00,200.4,0,0.0,,,"Xã Tân An Hội, TP Hồ Chí Minh",,2.0,1,0,0.0,0.0,200.5,0.05477224809381442,5.0,1,Stopped,0,0,0,0,0,VALID,VALID
92H-02687,2026-08-18 12:48:00,200.2,0,0.0,,,"Xã Tân An Hội, TP Hồ Chí Minh",,2.0,1,0,-0.20000000000001705,-0.10000000000000853,200.4,0.12247448371505866,5.0,1,Stopped,0,0,0,0,0,VALID,VALID
92H-02687,2026-08-18 12:51:00,200.2,0,0.0,,,"Xã Tân An Hội, TP Hồ Chí Minh",,3.0,1,0,0.0,0.0,200.4,0.13416407552429394,5.0,1,Stopped,0,0,0,0,0,VALID,VALID
92H-02687,2026-08-18 12:53:00,200.1,0,0.0,,,"Xã Tân An Hội, TP Hồ Chí Minh",,2.0,1,0,-0.09999999999999432,-0.04999999999999716,200.2,0.1341640755243882,5.0,1,Stopped,0,0,0,0,0,VALID,VALID
92H-02687,2026-08-18 12:55:00,200.1,0,0.0,,,"Xã Tân An Hội, TP Hồ Chí Minh",,2.0,1,0,0.0,0.0,200.2,0.12247448371531683,5.0,1,Stopped,0,0,0,0,0,VALID,VALID
92H-02687,2026-08-18 12:56:00,200.1,0,0.0,,,"Xã Tân An Hội, TP Hồ Chí Minh",,1.0,1,0,0.0,0.0,200.1,0.054772248094738095,5.0,1,Stopped,0,0,0,0,0,VALID,VALID
92H-02687,2026-08-18 12:58:00,202.4,0,0.0,,,"Xã Tân An Hội, TP Hồ Chí Minh",,2.0,1,0,2.3000000000000114,1.1500000000000057,200.1,1.018331969036234,5.0,1,Stopped,0,0,0,0,0,VALID,VALID
92H-02687,2026-08-18 13:01:00,203.8,0,0.0,,,"Xã Tân An Hội, TP Hồ Chí Minh",,3.0,1,0,1.4000000000000057,0.46666666666666856,200.1,1.716100229928603,5.0,1,Stopped,0,0,0,0,0,VALID,VALID
92H-02687,2026-08-18 13:03:00,204.1,0,0.0,,,"Xã Tân An Hội, TP Hồ Chí Minh",,2.0,1,0,0.29999999999998295,0.14999999999999147,202.4,1.9352002478195196,5.0,1,Stopped,0,0,0,0,0,VALID,VALID
92H-02687,2026-08-18 13:05:00,204.2,0,0.0,,,"Xã Tân An Hội, TP Hồ Chí Minh",,2.0,1,0,0.09999999999999432,0.04999999999999716,203.8,1.7340703558853783,5.0,1,Stopped,0,0,0,0,0,VALID,VALID
92H-02687,2026-08-18 13:08:00,204.2,0,0.0,,,"Xã Tân An Hội, TP Hồ Chí Minh",,3.0,1,0,0.0,0.0,204.1,0.7668115799596138,5.0,1,Stopped,0,0,0,0,0,VALID,VALID
92H-02687,2026-08-18 13:10:00,204.2,0,0.0,,,"Xã Tân An Hội, TP Hồ Chí Minh",,2.0,1,0,0.0,0.0,204.2,0.17320507833216056,5.0,1,Stopped,0,0,0,0,0,VALID,VALID
92H-02687,2026-08-18 13:12:00,204.2,0,0.0,,,"Xã Tân An Hội, TP Hồ Chí Minh",,2.0,1,0,0.0,0.0,204.2,0.04472135015877082,5.0,1,Stopped,0,0,0,0,0,VALID,VALID
92H-02687,2026-08-18 13:14:00,204.1,0,0.0,,,"Xã Tân An Hội, TP Hồ Chí Minh",,2.0,1,0,-0.09999999999999432,-0.04999999999999716,204.2,0.04472135015877082,5.0,1,Stopped,0,0,0,0,0,VALID,VALID
92H-02687,2026-08-18 13:16:00,204.1,0,0.0,,,"Xã Tân An Hội, TP Hồ Chí Minh",,2.0,1,0,0.0,0.0,204.2,0.05477224808268217,5.0,1,Stopped,0,0,0,0,0,VALID,VALID
92H-02687,2026-08-18 13:18:00,203.9,0,0.0,,,"Xã Tân An Hội, TP Hồ Chí Minh",,2.0,1,0,-0.19999999999998863,-0.09999999999999432,204.1,0.12247448371008277,5.0,1,Stopped,0,0,0,0,0,VALID,VALID
92H-02687,2026-08-18 13:21:00,203.8,0,0.0,,,"Xã Tân An Hội, TP Hồ Chí Minh",,3.0,1,0,-0.09999999999999432,-0.03333333333333144,204.1,0.16431676469574272,5.0,1,Stopped,0,0,0,0,0,VALID,VALID
92H-02687,2026-08-18 13:23:00,203.8,0,0.0,,,"Xã Tân An Hội, TP Hồ Chí Minh",,2.0,1,0,0.0,0.0,203.9,0.15165750611197132,5.0,1,Stopped,0,0,0,0,0,VALID,VALID
92H-02687,2026-08-18 13:25:00,203.6,0,0.0,,,"Xã Tân An Hội, TP Hồ Chí Minh",,2.0,1,0,-0.20000000000001705,-0.10000000000000853,203.8,0.18165901893420933,5.0,1,Stopped,0,0,0,0,0,VALID,VALID
92H-02687,2026-08-18 13:27:00,203.6,0,0.0,,,"Xã Tân An Hội, TP Hồ Chí Minh",,2.0,1,0,0.0,0.0,203.8,0.13416407552015094,5.0,1,Stopped,0,0,0,0,0,VALID,VALID
92H-02687,2026-08-18 13:29:00,203.5,0,0.0,,,"Xã Tân An Hội, TP Hồ Chí Minh",,2.0,1,0,-0.09999999999999432,-0.04999999999999716,203.6,0.13416407552025897,5.0,1,Stopped,0,0,0,0,0,VALID,VALID
92H-02687,2026-08-18 13:30:00,203.5,0,0.0,,,"Xã Tân An Hội, TP Hồ Chí Minh",,1.0,1,0,0.0,0.0,203.6,0.1224744837107935,5.0,1,Stopped,0,0,0,0,0,VALID,VALID
92H-02687,2026-08-18 13:32:00,200.5,0,0.0,,,"N4, Xã Tân An Hội, TP Hồ Chí Minh",,2.0,1,0,-3.0,-1.5,203.5,1.3649175796217365,5.0,1,Stopped,0,0,0,0,0,VALID,VALID
92H-02687,2026-08-18 13:34:00,192.2,0,0.0,,,"N4, Xã Tân An Hội, TP Hồ Chí Minh",,2.0,1,0,-8.300000000000011,-4.150000000000006,203.5,4.908462080851935,5.0,1,Stopped,0,0,1,0,1,LARGE_DELTA,VALID
92H-02687,2026-08-18 13:36:00,190.5,44,0.36666666666666664,,,"Giáp Hải, Xã Tân An Hội, TP Hồ Chí Minh",,2.0,1,0,-1.6999999999999886,-0.8499999999999943,200.5,6.257635336064434,5.0,1,Moving,0,0,0,0,0,VALID,VALID
92H-02687,2026-08-18 13:38:00,187.8,31,-0.10833333333333334,,,"Quốc Lộ 22, Xã Tân An Hội, TP Hồ Chí Minh",,2.0,1,0,-2.6999999999999886,-1.3499999999999943,192.2,6.7524069781940215,5.0,1,Moving,0,0,0,0,0,VALID,VALID
92H-02687,2026-08-18 13:40:00,187.8,30,-0.008333333333333333,,,"Quốc Lộ 22, Xã Tân An Hội, TP Hồ Chí Minh",,2.0,1,0,0.0,0.0,190.5,5.232876837759933,5.0,1,Moving,0,0,0,0,0,VALID,VALID
92H-02687,2026-08-18 13:42:00,186.7,0,-0.25,,,"Quốc Lộ 22, Xã Củ Chi, TP Hồ Chí Minh",,2.0,1,0,-1.1000000000000227,-0.5500000000000114,187.8,2.2726636352890606,5.0,1,Stopped,0,0,0,0,0,VALID,VALID
92H-02687,2026-08-18 13:44:00,186.9,12,0.1,,,"Quốc Lộ 22, Xã Củ Chi, TP Hồ Chí Minh",,2.0,1,0,0.20000000000001705,0.10000000000000853,187.8,1.5175638369326128,5.0,1,Moving,0,0,0,0,0,VALID,VALID
92H-02687,2026-08-18 13:46:00,186.4,50,0.31666666666666665,,,"Quốc Lộ 22, Xã Củ Chi, TP Hồ Chí Minh",,2.0,1,0,-0.5,-0.25,186.9,0.6457553709927047,5.0,1,Moving,0,0,0,0,0,VALID,VALID
92H-02687,2026-08-18 13:48:00,185.4,56,0.05,,,"Quốc Lộ 22, Xã Củ Chi, TP Hồ Chí Minh",,2.0,1,0,-1.0,-0.5,186.7,0.8677557255161727,5.0,1,Moving,0,0,0,0,0,VALID,VALID
92H-02687,2026-08-18 13:50:00,184.7,49,-0.058333333333333334,,,"Quốc Lộ 22, Xã Củ Chi, TP Hồ Chí Minh",,2.0,1,0,-0.700000000000017,-0.3500000000000085,186.4,0.9364827810303508,5.0,1,Moving,0,0,0,0,0,VALID,VALID
92H-02687,2026-08-18 13:52:00,184.5,0,-0.4083333333333333,,,"Quốc Lộ 22, Xã Củ Chi, TP Hồ Chí Minh",,2.0,1,0,-0.19999999999998863,-0.09999999999999432,185.4,1.0473776774242012,5.0,1,Stopped,0,0,0,0,0,VALID,VALID
92H-02687,2026-08-18 13:54:00,182.9,32,0.26666666666666666,,,"Quốc Lộ 22, Xã Củ Chi, TP Hồ Chí Minh",,2.0,1,0,-1.5999999999999943,-0.7999999999999972,184.7,1.2872451200788555,5.0,1,Moving,0,0,0,0,0,VALID,VALID
92H-02687,2026-08-18 13:56:00,182.9,52,0.16666666666666666,,,"Quốc Lộ 22, Xã Xuân Thới Sơn, TP Hồ Chí Minh",,2.0,1,0,0.0,0.0,184.5,1.1278297740204999,5.0,1,Moving,0,0,0,0,0,VALID,VALID
92H-02687,2026-08-18 13:58:00,182.9,0,-0.43333333333333335,,,"Quốc Lộ 22, Xã Xuân Thới Sơn, TP Hồ Chí Minh",,2.0,1,0,0.0,0.0,182.9,0.9338094019484671,5.0,1,Stopped,0,0,0,0,0,VALID,VALID
92H-02687,2026-08-18 14:00:00,181.6,11,0.09166666666666666,,,"Quốc Lộ 22, Xã Xuân Thới Sơn, TP Hồ Chí Minh",,2.0,1,0,-1.3000000000000114,-0.6500000000000057,182.9,1.028591269245298,5.0,1,Moving,0,0,0,0,0,VALID,VALID
92H-02687,2026-08-18 14:02:00,181.6,0,-0.09166666666666666,,,"Quốc Lộ 22, Xã Xuân Thới Sơn, TP Hồ Chí Minh",,2.0,1,0,0.0,0.0,182.9,0.7120393241724134,5.0,1,Stopped,0,0,0,0,0,VALID,VALID
92H-02687,2026-08-18 14:04:00,181.6,0,0.0,,,"Quốc Lộ 22, Xã Xuân Thới Sơn, TP Hồ Chí Minh",,2.0,1,0,0.0,0.0,181.6,0.7120393241724854,5.0,1,Stopped,0,0,0,0,0,VALID,VALID
92H-02687,2026-08-18 14:06:00,181.7,0,0.0,,,"Quốc Lộ 22, Xã Xuân Thới Sơn, TP Hồ Chí Minh",,2.0,1,0,0.09999999999999432,0.04999999999999716,181.6,0.5718391374924382,5.0,1,Stopped,0,0,0,0,0,VALID,VALID
92H-02687,2026-08-18 14:08:00,183.1,0,0.0,,,"Quốc Lộ 22, Xã Xuân Thới Sơn, TP Hồ Chí Minh",,2.0,1,0,1.4000000000000057,0.7000000000000028,181.6,0.6610597546123026,5.0,1,Stopped,0,0,0,0,0,VALID,VALID
92H-02687,2026-08-18 14:10:00,180.9,38,0.31666666666666665,,,"Huyện Lộ 22, Xã Xuân Thới Sơn, TP Hồ Chí Minh",,2.0,1,0,-2.1999999999999886,-1.0999999999999943,181.6,0.8043631015705061,5.0,1,Moving,0,0,0,0,0,VALID,VALID
92H-02687,2026-08-18 14:12:00,178.5,42,0.03333333333333333,,,"Quốc Lộ 22, Xã Xuân Thới Sơn, TP Hồ Chí Minh",,2.0,1,0,-2.4000000000000057,-1.2000000000000028,181.6,1.687601848531918,5.0,1,Moving,0,0,0,0,0,VALID,VALID
92H-02687,2026-08-18 14:14:00,179.8,0,-0.35,,,"Huyện Lộ 22, Xã Xuân Thới Sơn, TP Hồ Chí Minh",,2.0,1,0,1.3000000000000114,0.6500000000000057,180.9,1.7606816859297636,5.0,1,Stopped,0,0,0,0,0,VALID,VALID
92H-02687,2026-08-18 14:16:00,179.2,2,0.016666666666666666,,,"Huyện Lộ 22, Xã Xuân Thới Sơn, TP Hồ Chí Minh",,2.0,1,0,-0.6000000000000227,-0.30000000000001137,179.8,1.7958284993753377,5.0,1,Moving,0,0,0,0,0,VALID,VALID
92H-02687,2026-08-18 14:18:00,178.1,3,0.008333333333333333,,,"Quốc Lộ 22, Xã Xuân Thới Sơn, TP Hồ Chí Minh",,2.0,1,0,-1.0999999999999943,-0.5499999999999972,179.2,1.1067971806835593,5.0,1,Moving,0,0,0,0,0,VALID,VALID
92H-02687,2026-08-18 14:20:00,177.9,11,0.06666666666666667,,,"Quốc Lộ 22, Xã Bà Điểm, TP Hồ Chí Minh",,2.0,1,0,-0.19999999999998863,-0.09999999999999432,178.5,0.7905694145167184,5.0,1,Moving,0,0,0,0,0,VALID,VALID
92H-02687,2026-08-18 14:22:00,177.9,42,0.25833333333333336,,,"Quốc Lộ 22, Xã Bà Điểm, TP Hồ Chí Minh",,2.0,1,0,0.0,0.0,178.1,0.8700574688888956,5.0,1,Moving,0,0,0,0,0,VALID,VALID
92H-02687,2026-08-18 14:24:00,176.4,38,-0.03333333333333333,,,"Quốc Lộ 22, Xã Bà Điểm, TP Hồ Chí Minh",,2.0,1,0,-1.5,-0.75,177.9,0.9974968667467681,5.0,1,Moving,0,0,0,0,0,VALID,VALID
92H-02687,2026-08-18 14:26:00,176.6,0,-0.31666666666666665,,,"Xa Lộ Đại Hàn, Phường Đông Hưng Thuận, TP Hồ Chí Minh",,2.0,1,0,0.19999999999998863,0.09999999999999432,177.9,0.8105553646542936,5.0,1,Stopped,0,0,0,0,0,VALID,VALID
92H-02687,2026-08-18 14:28:00,176.4,42,0.35,,,"Xa Lộ Đại Hàn, Phường Đông Hưng Thuận, TP Hồ Chí Minh",,2.0,1,0,-0.19999999999998863,-0.09999999999999432,176.6,0.7893034899010635,5.0,1,Moving,0,0,0,0,0,VALID,VALID
92H-02687,2026-08-18 14:30:00,175.0,29,-0.10833333333333334,,,"Xa Lộ Đại Hàn, Phường Đông Hưng Thuận, TP Hồ Chí Minh",,2.0,1,0,-1.4000000000000057,-0.7000000000000028,176.4,1.0285912692465582,5.0,1,Moving,0,0,0,0,0,VALID,VALID
92H-02687,2026-08-18 14:32:00,175.0,3,-0.21666666666666667,,,"Xa Lộ Đại Hàn, Phường Tân Thới Hiệp, TP Hồ Chí Minh",,2.0,1,0,0.0,0.0,176.4,0.8074651690138068,5.0,1,Moving,0,0,0,0,0,VALID,VALID
92H-02687,2026-08-18 14:34:00,175.7,14,0.09166666666666666,,,"Xa Lộ Đại Hàn, Phường Tân Thới Hiệp, TP Hồ Chí Minh",,2.0,1,0,0.6999999999999886,0.3499999999999943,175.7,0.7536577467063886,5.0,1,Moving,0,0,0,0,0,VALID,VALID
92H-02687,2026-08-18 14:36:00,174.8,0,-0.11666666666666667,,,"Xa Lộ Đại Hàn, Phường Tân Thới Hiệp, TP Hồ Chí Minh",,2.0,1,0,-0.8999999999999773,-0.44999999999998863,175.0,0.6648308049200897,5.0,1,Stopped,0,0,0,0,0,VALID,VALID
92H-02687,2026-08-18 14:38:00,174.7,0,0.0,,,"Cầu vượt Tân Thới Hiệp, Phường Tân Thới Hiệp, TP Hồ Chí Minh",,2.0,1,0,-0.10000000000002274,-0.05000000000001137,175.0,0.39115214325225306,5.0,1,Stopped,0,0,0,0,0,VALID,VALID
92H-02687,2026-08-18 14:40:00,176.2,0,0.0,,,"Xa Lộ Đại Hàn, Phường Thới An, TP Hồ Chí Minh",,2.0,1,0,1.5,0.75,175.0,0.6457553709964194,5.0,1,Stopped,0,0,0,0,0,VALID,VALID
92H-02687,2026-08-18 14:42:00,174.7,47,0.39166666666666666,,,"Xa Lộ Đại Hàn, Phường Thới An, TP Hồ Chí Minh",,2.0,1,0,-1.5,-0.75,174.8,0.6906518653929434,5.0,1,Moving,0,0,0,0,0,VALID,VALID
92H-02687,2026-08-18 14:44:00,173.7,18,-0.24166666666666667,,,"Cầu Bến Cát 2, Phường Thới An, TP Hồ Chí Minh",,2.0,1,0,-1.0,-0.5,174.7,0.8927485643622923,5.0,1,Moving,0,0,0,0,0,VALID,VALID
92H-02687,2026-08-18 14:46:00,173.7,0,-0.15,,,"Xa Lộ Đại Hàn, Phường Thới An, TP Hồ Chí Minh",,2.0,1,0,0.0,0.0,174.7,1.0246950761914653,5.0,1,Stopped,0,0,0,0,0,VALID,VALID
92H-02687,2026-08-18 14:48:00,172.5,39,0.325,,,"Xa Lộ Đại Hàn, Phường Thới An, TP Hồ Chí Minh",,2.0,1,0,-1.1999999999999886,-0.5999999999999943,173.7,1.3813037316865615,5.0,1,Moving,0,0,0,0,0,VALID,VALID
92H-02687,2026-08-18 14:50:00,171.6,22,-0.14166666666666666,,,"Xa Lộ Đại Hàn, Phường An Phú Đông, TP Hồ Chí Minh",,2.0,1,0,-0.9000000000000057,-0.45000000000000284,173.7,1.2033287161750985,5.0,1,Moving,0,0,0,0,0,VALID,VALID
92H-02687,2026-08-18 14:52:00,171.6,16,-0.05,,,"Xa Lộ Đại Hàn, Phường An Phú Đông, TP Hồ Chí Minh",,2.0,1,0,0.0,0.0,172.5,1.052140674611462,5.0,1,Moving,0,0,0,0,0,VALID,VALID
92H-02687,2026-08-18 14:54:00,171.4,13,-0.025,,,"Xa Lộ Đại Hàn, Phường An Phú Đông, TP Hồ Chí Minh",,2.0,1,0,-0.19999999999998863,-0.09999999999999432,171.6,0.9607288895271366,5.0,1,Moving,0,0,0,0,0,VALID,VALID
92H-02687,2026-08-18 14:56:00,171.4,33,0.16666666666666666,,,"Xa Lộ Đại Hàn, Phường An Phú Đông, TP Hồ Chí Minh",,2.0,1,0,0.0,0.0,171.6,0.4582575685924277,5.0,1,Moving,0,0,0,0,0,VALID,VALID
92H-02687,2026-08-18 14:58:00,171.6,14,-0.15833333333333333,,,"Xa Lộ Đại Hàn, Phường An Phú Đông, TP Hồ Chí Minh",,2.0,1,0,0.19999999999998863,0.09999999999999432,171.6,0.10954450772318597,5.0,1,Moving,0,0,0,0,0,VALID,VALID
92H-02687,2026-08-18 15:00:00,170.4,49,0.2916666666666667,,,"Xa Lộ Đại Hàn, Phường An Phú Đông, TP Hồ Chí Minh",,2.0,1,0,-1.1999999999999886,-0.5999999999999943,171.4,0.5019960150961473,5.0,1,Moving,0,0,0,0,0,VALID,VALID
92H-02687,2026-08-18 15:02:00,170.6,44,-0.041666666666666664,,,"Cầu vượt Ngã Tư Bình Phước, Phường Hiệp Bình, TP Hồ Chí Minh",,2.0,1,0,0.19999999999998863,0.09999999999999432,171.4,0.5403702426785747,5.0,1,Moving,0,0,0,0,0,VALID,VALID
92H-02687,2026-08-18 15:04:00,169.4,42,-0.016666666666666666,,,"Trường Sơn, Phường Tam Bình, TP Hồ Chí Minh",,2.0,1,0,-1.1999999999999886,-0.5999999999999943,170.6,0.8786353049887518,5.0,1,Moving,0,0,0,0,0,VALID,VALID
92H-02687,2026-08-18 15:06:00,169.4,43,0.008333333333333333,,,"Cầu vượt Sóng Thần, Phường Dĩ An, TP Hồ Chí Minh",,2.0,1,0,0.0,0.0,170.4,0.9230384602890878,5.0,1,Moving,0,0,0,0,0,VALID,VALID
92H-02687,2026-08-18 15:08:00,169.4,0,-0.35833333333333334,,,"Trường Sơn, Phường Dĩ An, TP Hồ Chí Minh",,2.0,1,0,0.0,0.0,169.4,0.6066300348425244,5.0,1,Stopped,0,0,0,0,0,VALID,VALID
92H-02687,2026-08-18 15:10:00,167.2,19,0.15833333333333333,,,"Trường Sơn, Phường Dĩ An, TP Hồ Chí Minh",,2.0,1,0,-2.200000000000017,-1.1000000000000085,169.4,1.2328828002585328,5.0,1,Moving,0,0,0,0,0,VALID,VALID
92H-02687,2026-08-18 15:12:00,167.2,54,0.2916666666666667,,,"Trường Sơn, Phường Linh Xuân, TP Hồ Chí Minh",,2.0,1,0,0.0,0.0,169.4,1.2049896261684572,5.0,1,Moving,0,0,0,0,0,VALID,VALID
92H-02687,2026-08-18 15:14:00,167.2,43,-0.09166666666666666,,,"Trường Sơn, Phường Linh Xuân, TP Hồ Chí Minh",,2.0,1,0,0.0,0.0,167.2,1.2049896261685267,5.0,1,Moving,0,0,0,0,0,VALID,VALID
92H-02687,2026-08-18 15:16:00,165.4,13,-0.25,,,"Trường Sơn, Phường Linh Xuân, TP Hồ Chí Minh",,2.0,1,0,-1.799999999999983,-0.8999999999999915,167.2,1.4184498578286364,5.0,1,Moving,0,0,0,0,0,VALID,VALID
92H-02687,2026-08-18 15:18:00,166.6,29,0.13333333333333333,,,"Xa Lộ Hà Nội, Phường Linh Xuân, TP Hồ Chí Minh",,2.0,1,0,1.1999999999999886,0.5999999999999943,167.2,0.7823042880965948,5.0,1,Moving,0,0,0,0,0,VALID,VALID
92H-02687,2026-08-18 15:20:00,164.5,0,-0.24166666666666667,,,"Xa Lộ Hà Nội, Phường Linh Xuân, TP Hồ Chí Minh",,2.0,1,0,-2.0999999999999943,-1.0499999999999972,166.6,1.1924764145150046,5.0,1,Stopped,0,0,0,0,0,VALID,VALID
92H-02687,2026-08-18 15:22:00,164.5,0,0.0,,,"Xa Lộ Hà Nội, Phường Linh Xuân, TP Hồ Chí Minh",,2.0,1,0,0.0,0.0,165.4,1.2259690041656108,5.0,1,Stopped,0,0,0,0,0,VALID,VALID
92H-02687,2026-08-18 15:24:00,166.5,46,0.38333333333333336,,,"Xa Lộ Hà Nội, Phường Linh Xuân, TP Hồ Chí Minh",,2.0,1,0,2.0,1.0,165.4,1.0271319288070535,5.0,1,Moving,0,0,0,0,0,VALID,VALID
92H-02687,2026-08-18 15:26:00,166.5,55,0.075,,,"Xa Lộ Hà Nội, Phường Thủ Đức, TP Hồ Chí Minh",,2.0,1,0,0.0,0.0,166.5,1.1144505368901785,5.0,1,Moving,0,0,0,0,0,VALID,VALID
92H-02687,2026-08-18 15:28:00,162.0,0,-0.4583333333333333,,,"Xa Lộ Hà Nội, Phường Thủ Đức, TP Hồ Chí Minh",,2.0,1,0,-4.5,-2.25,164.5,1.8574175618786488,5.0,1,Stopped,0,0,0,0,0,VALID,VALID
92H-02687,2026-08-18 15:30:00,161.6,33,0.275,,,"Xa Lộ Hà Nội, Phường Thủ Đức, TP Hồ Chí Minh",,2.0,1,0,-0.4000000000000057,-0.20000000000000284,164.5,2.3594490880660017,5.0,1,Moving,0,0,0,0,0,VALID,VALID
92H-02687,2026-08-18 15:32:00,161.8,24,-0.075,,,"Xa Lộ Hà Nội, Phường Thủ Đức, TP Hồ Chí Minh",,2.0,1,0,0.20000000000001705,0.10000000000000853,162.0,2.578177650817667,5.0,1,Moving,0,0,0,0,0,VALID,VALID
92H-02687,2026-08-18 15:34:00,161.9,28,0.03333333333333333,,,"Cầu Rạch Chiếc 2, Phường An Khánh, TP Hồ Chí Minh",,2.0,1,0,0.09999999999999432,0.04999999999999716,161.9,2.0959484724525344,5.0,1,Moving,0,0,0,0,0,VALID,VALID
92H-02687,2026-08-18 15:36:00,159.7,0,-0.23333333333333334,,,"Xa Lộ Hà Nội, Phường An Khánh, TP Hồ Chí Minh",,2.0,1,0,-2.200000000000017,-1.1000000000000085,161.8,0.9617692026555985,5.0,1,Stopped,0,0,0,0,0,VALID,VALID
92H-02687,2026-08-18 15:38:00,161.2,14,0.11666666666666667,,,"Cầu vượt Xa Lộ Hà Nội B, Phường An Khánh, TP Hồ Chí Minh",,2.0,1,0,1.5,0.75,161.6,0.9016651258515369,5.0,1,Moving,0,0,0,0,0,VALID,VALID
92H-02687,2026-08-18 15:40:00,162.5,39,0.20833333333333334,,,"Mai Chí Thọ, Phường An Khánh, TP Hồ Chí Minh",,2.0,1,0,1.3000000000000114,0.6500000000000057,161.8,1.0663020206192864,5.0,1,Moving,0,0,0,0,0,VALID,VALID
92H-02687,2026-08-18 15:42:00,160.6,0,-0.325,,,"Mai Chí Thọ, Phường An Khánh, TP Hồ Chí Minh",,2.0,1,0,-1.9000000000000057,-0.9500000000000028,161.2,1.094074951352466,5.0,1,Stopped,0,0,0,0,0,VALID,VALID
92H-02687,2026-08-18 15:44:00,159.7,50,0.4166666666666667,,,"Cao tốc Hồ Chí Minh - Long Thành - Dầu Giây, Phường Bình Trưng, TP Hồ ",,2.0,1,0,-0.9000000000000057,-0.45000000000000284,160.6,1.1717508264034344,5.0,1,Moving,0,0,0,0,0,VALID,VALID
92H-02687,2026-08-18 15:46:00,160.7,55,0.041666666666666664,,,"Cao tốc Hồ Chí Minh - Long Thành - Dầu Giây, Phường Bình Trưng, TP Hồ ",,2.0,1,0,1.0,0.5,160.7,1.0261578821882247,5.0,1,Moving,0,0,0,0,0,VALID,VALID
92H-02687,2026-08-18 15:48:00,159.8,57,0.016666666666666666,,,"Cao tốc Hồ Chí Minh - Long Thành - Dầu Giây, Phường Long Trường, TP Hồ",,2.0,1,0,-0.8999999999999773,-0.44999999999998863,160.6,1.1238327274008169,5.0,1,Moving,0,0,0,0,0,VALID,VALID
92H-02687,2026-08-18 15:50:00,159.7,59,0.016666666666666666,,,"Cao tốc Hồ Chí Minh - Long Thành - Dầu Giây, Phường Long Trường, TP Hồ",,2.0,1,0,-0.10000000000002274,-0.05000000000001137,159.8,0.5049752461036427,5.0,1,Moving,0,0,0,0,0,VALID,VALID
92H-02687,2026-08-18 15:52:00,158.8,61,0.016666666666666666,,,"Cao tốc Hồ Chí Minh - Long Thành - Dầu Giây, Phường Long Trường, TP Hồ",,2.0,1,0,-0.8999999999999773,-0.44999999999998863,159.7,0.6730527462076145,5.0,1,Moving,0,0,0,0,0,VALID,VALID
92H-02687,2026-08-18 15:54:00,158.4,51,-0.08333333333333333,,,"Cao tốc Long Thành - Dầu Giây, Phường Long Phước, TP Hồ Chí Minh",,2.0,1,0,-0.4000000000000057,-0.20000000000000284,159.7,0.9038805226232862,5.0,1,Moving,0,0,0,0,0,VALID,VALID
92H-02687,2026-08-18 15:56:00,157.2,46,-0.041666666666666664,,,"Cao tốc Long Thành - Dầu Giây, Phường Long Phước, TP Hồ Chí Minh",,2.0,1,0,-1.200000000000017,-0.6000000000000085,158.8,1.0639548858753982,5.0,1,Moving,0,0,0,0,0,VALID,VALID
92H-02687,2026-08-18 15:58:00,159.1,71,0.20833333333333334,,,"Cao tốc Long Thành - Dầu Giây, Xã An Phước, Tỉnh Đồng Nai",,2.0,1,0,1.9000000000000057,0.9500000000000028,158.8,0.9343446897040691,5.0,1,Moving,0,0,0,0,0,VALID,VALID
92H-02687,2026-08-18 16:00:00,155.7,60,-0.09166666666666666,,,"Cao tốc Long Thành - Dầu Giây, Xã An Phước, Tỉnh Đồng Nai",,2.0,1,0,-3.4000000000000057,-1.7000000000000028,158.4,1.3974977635683952,5.0,1,Moving,0,0,0,0,0,VALID,VALID
92H-02687,2026-08-18 16:02:00,155.6,55,-0.041666666666666664,,,"Cao tốc Long Thành - Dầu Giây, Xã An Phước, Tỉnh Đồng Nai",,2.0,1,0,-0.09999999999999432,-0.04999999999999716,157.2,1.5700318465493053,5.0,1,Moving,0,0,0,0,0,VALID,VALID
92H-02687,2026-08-18 16:04:00,154.6,70,0.125,,,"Cao tốc Hồ Chí Minh - Long Thành - Dầu Giây, Xã Nhơn Trạch, Tỉnh Đồng ",,2.0,1,0,-1.0,-0.5,155.7,1.7529974327361166,5.0,1,Moving,0,0,0,0,0,VALID,VALID
92H-02687,2026-08-18 16:06:00,154.6,49,-0.175,,,"Cao tốc Hồ Chí Minh - Long Thành - Dầu Giây, Xã Long Thành, Tỉnh Đồng ",,2.0,1,0,0.0,0.0,155.6,1.8539147766765585,5.0,1,Moving,0,0,0,0,0,VALID,VALID
92H-02687,2026-08-18 16:08:00,153.5,73,0.2,,,"Cao tốc Hồ Chí Minh - Long Thành - Dầu Giây, Xã Long Thành, Tỉnh Đồng ",,2.0,1,0,-1.0999999999999943,-0.5499999999999972,154.6,0.8972179217895351,5.0,1,Moving,0,0,0,0,0,VALID,VALID
92H-02687,2026-08-18 16:10:00,153.5,60,-0.10833333333333334,,,"Cao tốc Hồ Chí Minh - Long Thành - Dầu Giây, Xã Long Thành, Tỉnh Đồng ",,2.0,1,0,0.0,0.0,154.6,0.8848728717621546,5.0,1,Moving,0,0,0,0,0,VALID,VALID
92H-02687,2026-08-18 16:12:00,152.5,74,0.11666666666666667,,,"Cao tốc Hồ Chí Minh - Long Thành - Dầu Giây, Xã Long Thành, Tỉnh Đồng ",,2.0,1,0,-1.0,-0.5,153.5,0.884872871762365,5.0,1,Moving,0,0,0,0,0,VALID,VALID
92H-02687,2026-08-18 16:14:00,152.2,77,0.025,,,"Cao tốc Long Thành - Dầu Giây, Xã Long Thành, Tỉnh Đồng Nai",,2.0,1,0,-0.30000000000001137,-0.15000000000000568,153.5,0.9502631210255712,5.0,1,Moving,0,0,0,0,0,VALID,VALID
92H-02687,2026-08-18 16:16:00,150.9,82,0.041666666666666664,,,"Cao tốc Hồ Chí Minh - Long Thành - Dầu Giây, Xã Long Thành, Tỉnh Đồng ",,2.0,1,0,-1.299999999999983,-0.6499999999999915,152.5,1.0779610378773685,5.0,1,Moving,0,0,0,0,0,VALID,VALID
92H-02687,2026-08-18 16:18:00,148.7,71,-0.09166666666666666,,,"Cao tốc Hồ Chí Minh - Long Thành - Dầu Giây, Xã Long Thành, Tỉnh Đồng ",,2.0,1,0,-2.200000000000017,-1.1000000000000085,152.2,1.8487833835206782,5.0,1,Moving,0,0,0,0,0,VALID,VALID
92H-02687,2026-08-18 16:20:00,147.5,80,0.075,,,"Cao tốc Hồ Chí Minh - Long Thành - Dầu Giây, Xã Xuân Quế, Tỉnh Đồng Na",,2.0,1,0,-1.1999999999999886,-0.5999999999999943,150.9,2.190433746814257,5.0,1,Moving,0,0,0,0,0,VALID,VALID
92H-02687,2026-08-18 16:22:00,146.5,72,-0.06666666666666667,,,"Cao tốc Long Thành - Dầu Giây, Xã Xuân Quế, Tỉnh Đồng Nai",,2.0,1,0,-1.0,-0.5,148.7,2.361778990334038,5.0,1,Moving,0,0,0,0,0,VALID,VALID
92H-02687,2026-08-18 16:24:00,145.4,71,-0.008333333333333333,,,"Cao tốc Phan Thiết - Dầu Giây, Xã Xuân Quế, Tỉnh Đồng Nai",,2.0,1,0,-1.0999999999999943,-0.5499999999999972,147.5,2.118962009849122,5.0,1,Moving,0,0,0,0,0,VALID,VALID
92H-02687,2026-08-18 16:26:00,145.4,64,-0.058333333333333334,,,"Cao tốc Phan Thiết - Dầu Giây, Xã Xuân Quế, Tỉnh Đồng Nai",,2.0,1,0,0.0,0.0,146.5,1.4195069563705054,5.0,1,Moving,0,0,0,0,0,VALID,VALID
92H-02687,2026-08-18 16:28:00,145.3,51,-0.10833333333333334,,,"Cao tốc Phan Thiết - Dầu Giây, Xã Xuân Quế, Tỉnh Đồng Nai",,2.0,1,0,-0.09999999999999432,-0.04999999999999716,145.4,0.9628083917293986,5.0,1,Moving,0,0,0,0,0,VALID,VALID
92H-02687,2026-08-18 16:30:00,143.8,71,0.16666666666666666,,,"Cao tốc Phan Thiết - Dầu Giây, Xã Xuân Quế, Tỉnh Đồng Nai",,2.0,1,0,-1.5,-0.75,145.4,0.9628083917295747,5.0,1,Moving,0,0,0,0,0,VALID,VALID
92H-02687,2026-08-18 16:32:00,142.5,80,0.075,,,"Cao tốc Phan Thiết - Dầu Giây, Xã Xuân Quế, Tỉnh Đồng Nai",,2.0,1,0,-1.3000000000000114,-0.6500000000000057,145.3,1.2988456410156226,5.0,1,Moving,0,0,0,0,0,VALID,VALID
92H-02687,2026-08-18 16:34:00,140.7,77,-0.025,,,"Cao tốc Phan Thiết - Dầu Giây, Xã Cẩm Mỹ, Tỉnh Đồng Nai",,2.0,1,0,-1.8000000000000114,-0.9000000000000057,143.8,1.985698869210973,5.0,1,Moving,0,0,0,0,0,VALID,VALID
92H-02687,2026-08-18 16:36:00,138.2,73,-0.03333333333333333,,,"Cao tốc Phan Thiết - Dầu Giây, Phường Hàng Gòn, Tỉnh Đồng Nai",,2.0,1,0,-2.5,-1.25,142.5,2.759528945161919,5.0,1,Moving,0,0,0,0,0,VALID,VALID
92H-02687,2026-08-18 16:38:00,136.3,105,0.26666666666666666,,,"Cao tốc Phan Thiết - Dầu Giây, Xã Xuân Định, Tỉnh Đồng Nai",,2.0,1,0,-1.8999999999999773,-0.9499999999999886,140.7,3.0683871983808135,5.0,1,Moving,0,0,0,0,0,VALID,VALID
92H-02687,2026-08-18 16:40:00,134.3,87,-0.15,,,"Cao tốc Phan Thiết - Dầu Giây, Xã Xuân Định, Tỉnh Đồng Nai",,2.0,1,0,-2.0,-1.0,138.2,3.292415526507571,5.0,1,Moving,0,0,0,0,0,VALID,VALID
92H-02687,2026-08-18 16:42:00,134.0,90,0.025,,,"Cao tốc Phan Thiết - Dầu Giây, Xã Xuân Định, Tỉnh Đồng Nai",,2.0,1,0,-0.30000000000001137,-0.15000000000000568,136.3,2.8044607323314414,5.0,1,Moving,0,0,0,0,0,VALID,VALID
92H-02687,2026-08-18 16:44:00,133.1,83,-0.058333333333333334,,,"Cao tốc Phan Thiết - Dầu Giây, Xã Xuân Phú, Tỉnh Đồng Nai",,2.0,1,0,-0.9000000000000057,-0.45000000000000284,134.3,2.0535335398258914,5.0,1,Moving,0,0,0,0,0,VALID,VALID
92H-02687,2026-08-18 16:46:00,133.0,76,-0.058333333333333334,,,"Cao tốc Phan Thiết - Dầu Giây, Xã Xuân Lộc, Tỉnh Đồng Nai",,2.0,1,0,-0.09999999999999432,-0.04999999999999716,134.0,1.3315404609663288,5.0,1,Moving,0,0,0,0,0,VALID,VALID
92H-02687,2026-08-18 16:48:00,133.0,77,0.008333333333333333,,,"Cao tốc Phan Thiết - Dầu Giây, Xã Xuân Lộc, Tỉnh Đồng Nai",,2.0,1,0,0.0,0.0,133.1,0.6220932399494044,5.0,1,Moving,0,0,0,0,0,VALID,VALID
92H-02687,2026-08-18 16:50:00,132.8,84,0.058333333333333334,,,"Cao tốc Phan Thiết - Dầu Giây, Xã Xuân Hòa, Tỉnh Đồng Nai",,2.0,1,0,-0.19999999999998863,-0.09999999999999432,133.0,0.4711687587169579,5.0,1,Moving,0,0,0,0,0,VALID,VALID
92H-02687,2026-08-18 16:52:00,131.2,80,-0.03333333333333333,,,"Cao tốc Phan Thiết - Dầu Giây, Xã Xuân Hòa, Tỉnh Đồng Nai",,2.0,1,0,-1.6000000000000227,-0.8000000000000114,133.0,0.8012490244556528,5.0,1,Moving,0,0,0,0,0,VALID,VALID
92H-02687,2026-08-18 16:54:00,129.7,84,0.03333333333333333,,,"Cao tốc Phan Thiết - Dầu Giây, Xã Xuân Hòa, Tỉnh Đồng Nai",,2.0,1,0,-1.5,-0.75,132.8,1.4621901378382531,5.0,1,Moving,0,0,0,0,0,VALID,VALID
92H-02687,2026-08-18 16:56:00,128.7,88,0.03333333333333333,,,"Cao tốc Phan Thiết - Dầu Giây, Xã Xuân Hòa, Tỉnh Đồng Nai",,2.0,1,0,-1.0,-0.5,131.2,1.8860010602308306,5.0,1,Moving,0,0,0,0,0,VALID,VALID
92H-02687,2026-08-18 16:58:00,128.6,86,-0.016666666666666666,,,"Cao tốc Phan Thiết - Dầu Giây, Xã Xuân Hòa, Tỉnh Đồng Nai",,2.0,1,0,-0.09999999999999432,-0.04999999999999716,129.7,1.790251378771195,5.0,1,Moving,0,0,0,0,0,VALID,VALID
92H-02687,2026-08-18 17:00:00,127.1,82,-0.03333333333333333,,,"Cao tốc Phan Thiết - Dầu Giây, Xã Xuân Hòa, Tỉnh Đồng Nai",,2.0,1,0,-1.5,-0.75,128.7,1.5142654982507455,5.0,1,Moving,0,0,0,0,0,VALID,VALID
92H-02687,2026-08-18 17:02:00,125.9,62,-0.16666666666666666,,,"Cao tốc Phan Thiết - Dầu Giây, Xã Tân Minh, Tỉnh Lâm Đồng",,2.0,1,0,-1.1999999999999886,-0.5999999999999943,128.6,1.496662954439964,5.0,1,Moving,0,0,0,0,0,VALID,VALID
92H-02687,2026-08-18 17:04:00,125.9,81,0.15833333333333333,,,"Cao tốc Phan Thiết - Dầu Giây, Xã Tân Minh, Tỉnh Lâm Đồng",,2.0,1,0,0.0,0.0,127.1,1.377679207650769,5.0,1,Moving,0,0,0,0,0,VALID,VALID
92H-02687,2026-08-18 17:06:00,125.8,76,-0.041666666666666664,,,"Cao tốc Phan Thiết - Dầu Giây, Xã Tân Minh, Tỉnh Lâm Đồng",,2.0,1,0,-0.10000000000000853,-0.05000000000000426,125.9,1.20954536880329,5.0,1,Moving,0,0,0,0,0,VALID,VALID
92H-02687,2026-08-18 17:08:00,124.0,82,0.05,,,"Cao tốc Phan Thiết - Dầu Giây, Xã Tân Minh, Tỉnh Lâm Đồng",,2.0,1,0,-1.7999999999999972,-0.8999999999999986,125.9,1.1104053310363058,5.0,1,Moving,0,0,0,0,0,VALID,VALID
92H-02687,2026-08-18 17:10:00,122.4,17,-0.5416666666666666,,,"Quốc Lộ 55, Xã Tân Minh, Tỉnh Lâm Đồng",,2.0,1,0,-1.5999999999999943,-0.7999999999999972,125.8,1.5668439613420997,5.0,1,Moving,0,0,0,0,0,VALID,VALID
92H-02687,2026-08-18 17:12:00,122.4,46,0.24166666666666667,,,"Lê Duẩn, Xã Tân Minh, Tỉnh Lâm Đồng",,2.0,1,0,0.0,0.0,124.0,1.7262676499298883,5.0,1,Moving,0,0,0,0,0,VALID,VALID
92H-02687,2026-08-18 17:14:00,121.6,43,-0.025,,,"Nguyễn Huệ, Xã Tân Minh, Tỉnh Lâm Đồng",,2.0,1,0,-0.8000000000000114,-0.4000000000000057,122.4,1.675708805012012,5.0,1,Moving,0,0,0,0,0,VALID,VALID
92H-02687,2026-08-18 17:16:00,121.1,55,0.1,,,"Quốc Lộ 1, Xã Tân Minh, Tỉnh Lâm Đồng",,2.0,1,0,-0.5,-0.25,122.4,1.0999999996341605,5.0,1,Moving,0,0,0,0,0,VALID,VALID
92H-02687,2026-08-18 17:18:00,120.8,42,-0.10833333333333334,,,"Quốc Lộ 1, Xã Tân Minh, Tỉnh Lâm Đồng",,2.0,1,0,-0.29999999999999716,-0.14999999999999858,121.6,0.7334848322872156,5.0,1,Moving,0,0,0,0,0,VALID,VALID
92H-02687,2026-08-18 17:20:00,119.6,49,0.058333333333333334,,,"Quốc Lộ 1, Xã Tân Minh, Tỉnh Lâm Đồng",,2.0,1,0,-1.2000000000000028,-0.6000000000000014,121.1,1.034408042890049,5.0,1,Moving,0,0,0,0,0,VALID,VALID
92H-02687,2026-08-18 17:22:00,119.7,61,0.1,,,"Quốc Lộ 1, Xã Tân Minh, Tỉnh Lâm Đồng",,2.0,1,0,0.10000000000000853,0.05000000000000426,120.8,0.8792041851559981,5.0,1,Moving,0,0,0,0,0,VALID,VALID
92H-02687,2026-08-18 17:24:00,118.4,49,-0.1,,,"Quốc Lộ 1, Xã Hàm Tân, Tỉnh Lâm Đồng",,2.0,1,0,-1.2999999999999972,-0.6499999999999986,119.7,1.0756393443882915,5.0,1,Moving,0,0,0,0,0,VALID,VALID
92H-02687,2026-08-18 17:26:00,117.2,0,-0.4083333333333333,,,"Xã Hàm Tân, Tỉnh Lâm Đồng",,2.0,1,0,-1.2000000000000028,-0.6000000000000014,119.6,1.3776792076519058,5.0,1,Stopped,0,0,0,0,0,VALID,VALID
92H-02687,2026-08-18 17:28:00,118.3,0,0.0,,,"Xã Hàm Tân, Tỉnh Lâm Đồng",,2.0,1,0,1.0999999999999943,0.5499999999999972,118.4,1.0358571326184807,5.0,1,Stopped,0,0,0,0,0,VALID,VALID
92H-02687,2026-08-18 17:30:00,150.7,0,0.0,,,"Xã Hàm Tân, Tỉnh Lâm Đồng",,2.0,1,0,32.39999999999999,16.199999999999996,118.4,14.472145659825081,5.0,1,Stopped,0,0,1,0,1,LARGE_DELTA,VALID
92H-02687,2026-08-18 17:32:00,199.5,0,0.0,,,"Xã Hàm Tân, Tỉnh Lâm Đồng",,2.0,1,0,48.80000000000001,24.400000000000006,118.4,35.73747332981429,5.0,1,Stopped,0,0,1,0,1,LARGE_DELTA,VALID
92H-02687,2026-08-18 17:34:00,276.5,0,0.0,,,"Xã Hàm Tân, Tỉnh Lâm Đồng",,2.0,1,0,77.0,38.5,150.7,67.1117575391911,5.0,1,Stopped,0,0,1,0,1,LARGE_DELTA,VALID
92H-02687,2026-08-18 17:36:00,328.8,0,0.0,,,"Xã Hàm Tân, Tỉnh Lâm Đồng",,2.0,1,0,52.30000000000001,26.150000000000006,199.5,87.26114828489915,5.0,1,Stopped,0,0,1,0,1,LARGE_DELTA,VALID
92H-02687,2026-08-18 17:38:00,381.5,0,0.0,,,"Xã Hàm Tân, Tỉnh Lâm Đồng",,2.0,1,0,52.69999999999999,26.349999999999994,276.5,93.67614424173925,5.0,1,Stopped,0,0,1,0,1,LARGE_DELTA,VALID
92H-02687,2026-08-18 17:40:00,434.6,0,0.0,,,"Xã Hàm Tân, Tỉnh Lâm Đồng",,2.0,1,0,53.10000000000002,26.55000000000001,328.8,91.26607803559392,5.0,1,Stopped,0,0,1,0,1,LARGE_DELTA,VALID
92H-02687,2026-08-18 17:42:00,488.5,0,0.0,,,"Xã Hàm Tân, Tỉnh Lâm Đồng",,2.0,1,0,53.89999999999998,26.94999999999999,381.5,83.77014384611681,5.0,1,Stopped,0,0,1,0,1,LARGE_DELTA,VALID
92H-02687,2026-08-18 17:45:00,557.8,0,0.0,,,"Quốc Lộ 1, Xã Hàm Tân, Tỉnh Lâm Đồng",,3.0,1,0,69.29999999999995,23.099999999999984,434.6,89.4852669437773,5.0,1,Stopped,0,0,1,0,1,LARGE_DELTA,VALID
92H-02687,2026-08-18 17:47:00,574.0,0,0.0,,,"Quốc Lộ 1, Xã Hàm Tân, Tỉnh Lâm Đồng",,2.0,1,0,16.200000000000045,8.100000000000023,488.5,81.3318941129436,5.0,1,Stopped,0,0,1,0,1,LARGE_DELTA,VALID
92H-02687,2026-08-18 17:49:00,577.7,0,0.0,,,"Quốc Lộ 1, Xã Hàm Tân, Tỉnh Lâm Đồng",,2.0,1,0,3.7000000000000455,1.8500000000000227,557.8,62.74350165554248,5.0,1,Stopped,0,0,0,0,0,VALID,VALID
92H-02687,2026-08-18 17:51:00,578.0,0,0.0,,,"Quốc Lộ 1, Xã Hàm Tân, Tỉnh Lâm Đồng",,2.0,1,0,0.2999999999999545,0.14999999999997726,574.0,38.19417494853183,5.0,1,Stopped,0,0,0,0,0,VALID,VALID
92H-02687,2026-08-18 17:53:00,578.3,0,0.0,,,"Quốc Lộ 1, Xã Hàm Tân, Tỉnh Lâm Đồng",,2.0,1,0,0.2999999999999545,0.14999999999997726,577.7,8.762020314919123,5.0,1,Stopped,0,0,0,0,0,VALID,VALID
92H-02687,2026-08-18 17:56:00,578.4,0,0.0,,,"Quốc Lộ 1, Xã Hàm Tân, Tỉnh Lâm Đồng",,3.0,1,0,0.10000000000002274,0.03333333333334091,578.0,1.8539147766429793,5.0,1,Stopped,0,0,0,0,0,VALID,VALID
92H-02687,2026-08-18 17:58:00,578.4,0,0.0,,,"Quốc Lộ 1, Xã Hàm Tân, Tỉnh Lâm Đồng",,2.0,1,0,0.0,0.0,578.3,0.30495901209063375,5.0,1,Stopped,0,0,0,0,0,VALID,VALID
92H-02687,2026-08-18 18:00:00,578.4,0,0.0,,,"Quốc Lộ 1, Xã Hàm Tân, Tỉnh Lâm Đồng",,2.0,1,0,0.0,0.0,578.4,0.17320507802981694,5.0,1,Stopped,0,0,0,0,0,VALID,VALID
92H-02687,2026-08-18 18:02:00,578.4,44,0.36666666666666664,,,"Quốc Lộ 1, Xã Hàm Tân, Tỉnh Lâm Đồng",,2.0,1,0,0.0,0.0,578.4,0.044721348988139994,5.0,1,Moving,0,0,0,0,0,VALID,VALID
92H-02687,2026-08-18 18:04:00,577.1,43,-0.008333333333333333,,,"Xã Tân Lập, Tỉnh Lâm Đồng",,2.0,1,0,-1.2999999999999545,-0.6499999999999773,578.4,0.5813776733374734,5.0,1,Moving,0,0,0,0,0,VALID,VALID
92H-02687,2026-08-18 18:06:00,576.9,0,-0.35833333333333334,,,"Xã Tân Lập, Tỉnh Lâm Đồng",,2.0,1,0,-0.20000000000004547,-0.10000000000002274,578.4,0.7700649317137687,5.0,1,Stopped,0,0,0,0,0,VALID,VALID
92H-02687,2026-08-18 18:08:00,576.6,0,0.0,,,"Xã Tân Lập, Tỉnh Lâm Đồng",,2.0,1,0,-0.2999999999999545,-0.14999999999997726,577.1,0.8584870407032095,5.0,1,Stopped,0,0,0,0,0,VALID,VALID
92H-02687,2026-08-18 18:10:00,576.5,0,0.0,,,"Xã Tân Lập, Tỉnh Lâm Đồng",,2.0,1,0,-0.10000000000002274,-0.05000000000001137,576.9,0.7648529264213972,5.0,1,Stopped,0,0,0,0,0,VALID,VALID
92H-02687,2026-08-18 18:12:00,576.3,0,0.0,,,"Xã Tân Lập, Tỉnh Lâm Đồng",,2.0,1,0,-0.20000000000004547,-0.10000000000002274,576.6,0.3193743869746864,5.0,1,Stopped,0,0,0,0,0,VALID,VALID
92H-02687,2026-08-18 18:14:00,576.1,0,0.0,,,"Xã Tân Lập, Tỉnh Lâm Đồng",,2.0,1,0,-0.1999999999999318,-0.0999999999999659,576.5,0.303315016205044,5.0,1,Stopped,0,0,0,0,0,VALID,VALID
92H-02687,2026-08-18 18:16:00,576.8,52,0.43333333333333335,,,"Xã Tân Lập, Tỉnh Lâm Đồng",,2.0,1,0,0.6999999999999318,0.3499999999999659,576.5,0.2701851199741786,5.0,1,Moving,0,0,0,0,0,VALID,VALID
92H-02687,2026-08-18 18:18:00,574.4,36,-0.13333333333333333,,,"Xã Tân Lập, Tỉnh Lâm Đồng",,2.0,1,0,-2.3999999999999773,-1.1999999999999886,576.3,0.9418067737362904,5.0,1,Moving,0,0,0,0,0,VALID,VALID
92H-02687,2026-08-18 18:20:00,575.3,73,0.30833333333333335,,,"Cao tốc Phan Thiết - Dầu Giây, Xã Tân Lập, Tỉnh Lâm Đồng",,2.0,1,0,0.8999999999999773,0.44999999999998863,576.1,0.941806773736323,5.0,1,Moving,0,0,0,0,0,VALID,VALID
92H-02687,2026-08-18 18:22:00,574.1,69,-0.03333333333333333,,,"Cao tốc Phan Thiết - Dầu Giây, Xã Tân Lập, Tỉnh Lâm Đồng",,2.0,1,0,-1.1999999999999318,-0.5999999999999659,575.3,1.1326958987546858,5.0,1,Moving,0,0,0,0,0,VALID,VALID
92H-02687,2026-08-18 18:24:00,573.3,80,0.09166666666666666,,,"Cao tốc Phan Thiết - Dầu Giây, Xã Tân Lập, Tỉnh Lâm Đồng",,2.0,1,0,-0.8000000000000682,-0.4000000000000341,574.4,1.3367871928829256,5.0,1,Moving,0,0,0,0,0,VALID,VALID
92H-02687,2026-08-18 18:26:00,573.0,71,-0.075,,,"Cao tốc Phan Thiết - Dầu Giây, Xã Tân Lập, Tỉnh Lâm Đồng",,2.0,1,0,-0.2999999999999545,-0.14999999999997726,574.1,0.9148770404027078,5.0,1,Moving,0,0,0,0,0,VALID,VALID
92H-02687,2026-08-18 18:28:00,571.2,76,0.041666666666666664,,,"Cao tốc Phan Thiết - Dầu Giây, Xã Tân Lập, Tỉnh Lâm Đồng",,2.0,1,0,-1.7999999999999545,-0.8999999999999773,573.3,1.5089731604823755,5.0,1,Moving,0,0,0,0,0,VALID,VALID
92H-02687,2026-08-18 18:30:00,571.1,67,-0.075,,,"Cao tốc Phan Thiết - Dầu Giây, Xã Tân Lập, Tỉnh Lâm Đồng",,2.0,1,0,-0.10000000000002274,-0.05000000000001137,573.0,1.3315404609159935,5.0,1,Moving,0,0,0,0,0,VALID,VALID
92H-02687,2026-08-18 18:32:00,570.0,76,0.075,,,"Cao tốc Phan Thiết - Dầu Giây, Xã Hàm Thuận Nam, Tỉnh Lâm Đồng",,2.0,1,0,-1.1000000000000227,-0.5500000000000114,571.2,1.3917614734775796,5.0,1,Moving,0,0,0,0,0,VALID,VALID
92H-02687,2026-08-18 18:34:00,569.7,79,0.025,,,"Cao tốc Phan Thiết - Dầu Giây, Xã Hàm Thuận Nam, Tỉnh Lâm Đồng",,2.0,1,0,-0.2999999999999545,-0.14999999999997726,571.1,1.2980754982113085,5.0,1,Moving,0,0,0,0,0,VALID,VALID
92H-02687,2026-08-18 18:36:00,566.8,80,0.008333333333333333,,,"Cao tốc Phan Thiết - Dầu Giây, Xã Hàm Kiệm, Tỉnh Lâm Đồng",,2.0,1,0,-2.900000000000091,-1.4500000000000455,570.0,1.7812916659145421,5.0,1,Moving,0,0,0,0,0,VALID,VALID
92H-02687,2026-08-18 18:38:00,565.5,86,0.05,,,"Cao tốc Phan Thiết - Dầu Giây, Xã Hàm Kiệm, Tỉnh Lâm Đồng",,2.0,1,0,-1.2999999999999545,-0.6499999999999773,569.7,2.3594490880407957,5.0,1,Moving,0,0,0,0,0,VALID,VALID
92H-02687,2026-08-18 18:40:00,565.2,78,-0.06666666666666667,,,"Cao tốc Vĩnh Hảo-Phan Thiết, Xã Hàm Kiệm, Tỉnh Lâm Đồng",,2.0,1,0,-0.2999999999999545,-0.14999999999997726,566.8,2.2831995092537345,5.0,1,Moving,0,0,0,0,0,VALID,VALID
92H-02687,2026-08-18 18:42:00,564.3,73,-0.041666666666666664,,,"Cao tốc Vĩnh Hảo-Phan Thiết, Xã Hàm Kiệm, Tỉnh Lâm Đồng",,2.0,1,0,-0.900000000000091,-0.4500000000000455,565.5,2.101190138720604,5.0,1,Moving,0,0,0,0,0,VALID,VALID
92H-02687,2026-08-18 18:44:00,563.0,76,0.025,,,"Cao tốc Vĩnh Hảo-Phan Thiết, Xã Hàm Kiệm, Tỉnh Lâm Đồng",,2.0,1,0,-1.2999999999999545,-0.6499999999999773,565.2,1.4152738247621122,5.0,1,Moving,0,0,0,0,0,VALID,VALID
92H-02687,2026-08-18 18:46:00,562.8,71,-0.041666666666666664,,,"Cao tốc Vĩnh Hảo-Phan Thiết, Xã Hàm Thạnh, Tỉnh Lâm Đồng",,2.0,1,0,-0.20000000000004547,-0.10000000000002274,564.3,1.2340988611358763,5.0,1,Moving,0,0,0,0,0,VALID,VALID
92H-02687,2026-08-18 18:48:00,562.5,76,0.041666666666666664,,,"Cao tốc Vĩnh Hảo-Phan Thiết, Phường Bình Thuận, Tỉnh Lâm Đồng",,2.0,1,0,-0.2999999999999545,-0.14999999999997726,563.0,1.1458621204389272,5.0,1,Moving,0,0,0,0,0,VALID,VALID
92H-02687,2026-08-18 18:50:00,560.6,74,-0.016666666666666666,,,"Cao tốc Vĩnh Hảo-Phan Thiết, Xã Hàm Liêm, Tỉnh Lâm Đồng",,2.0,1,0,-1.8999999999999773,-0.9499999999999886,562.8,1.331540460916037,5.0,1,Moving,0,0,0,0,0,VALID,VALID
92H-02687,2026-08-18 18:52:00,559.6,75,0.008333333333333333,,,"Cao tốc Vĩnh Hảo-Phan Thiết, Xã Hàm Liêm, Tỉnh Lâm Đồng",,2.0,1,0,-1.0,-0.5,562.5,1.513274594730352,5.0,1,Moving,0,0,0,0,0,VALID,VALID
92H-02687,2026-08-18 18:54:00,559.5,78,0.025,,,"Cao tốc Vĩnh Hảo-Phan Thiết, Xã Hàm Liêm, Tỉnh Lâm Đồng",,2.0,1,0,-0.10000000000002274,-0.05000000000001137,560.6,1.5700318465101755,5.0,1,Moving,0,0,0,0,0,VALID,VALID
92H-02687,2026-08-18 18:56:00,557.5,77,-0.008333333333333333,,,"Cao tốc Vĩnh Hảo-Phan Thiết, Xã Hàm Thuận, Tỉnh Lâm Đồng",,2.0,1,0,-2.0,-1.0,559.6,1.8201648274416886,5.0,1,Moving,0,0,0,0,0,VALID,VALID
92H-02687,2026-08-18 18:58:00,556.5,74,-0.025,,,"Cao tốc Vĩnh Hảo-Phan Thiết, Xã Hàm Thuận, Tỉnh Lâm Đồng",,2.0,1,0,-1.0,-0.5,559.5,1.6831518051130188,5.0,1,Moving,0,0,0,0,0,VALID,VALID
92H-02687,2026-08-18 19:00:00,556.2,64,-0.08333333333333333,,,"Cao tốc Vĩnh Hảo-Phan Thiết, Xã Hàm Thuận, Tỉnh Lâm Đồng",,2.0,1,0,-0.2999999999999545,-0.14999999999997726,557.5,1.6164776518884167,5.0,1,Moving,0,0,0,0,0,VALID,VALID
92H-02687,2026-08-18 19:02:00,555.9,69,0.041666666666666664,,,"Cao tốc Vĩnh Hảo-Phan Thiết, Xã Hàm Thuận Bắc, Tỉnh Lâm Đồng",,2.0,1,0,-0.3000000000000682,-0.1500000000000341,556.5,1.4601369795516719,5.0,1,Moving,0,0,0,0,0,VALID,VALID
92H-02687,2026-08-18 19:04:00,554.9,59,-0.08333333333333333,,,"Cao tốc Vĩnh Hảo-Phan Thiết, Xã Hàm Thuận Bắc, Tỉnh Lâm Đồng",,2.0,1,0,-1.0,-0.5,556.2,0.9433981127041895,5.0,1,Moving,0,0,0,0,0,VALID,VALID
92H-02687,2026-08-18 19:06:00,554.9,71,0.1,,,"Cao tốc Vĩnh Hảo-Phan Thiết, Xã Hàm Thuận Bắc, Tỉnh Lâm Đồng",,2.0,1,0,0.0,0.0,555.9,0.7429670242033656,5.0,1,Moving,0,0,0,0,0,VALID,VALID
92H-02687,2026-08-18 19:08:00,553.6,71,0.0,,,"Cao tốc Vĩnh Hảo-Phan Thiết, Xã Hồng Sơn, Tỉnh Lâm Đồng",,2.0,1,0,-1.2999999999999545,-0.6499999999999773,554.9,1.0222524145500116,5.0,1,Moving,0,0,0,0,0,VALID,VALID
92H-02687,2026-08-18 19:10:00,553.3,67,-0.03333333333333333,,,"Cao tốc Vĩnh Hảo-Phan Thiết, Xã Hồng Sơn, Tỉnh Lâm Đồng",,2.0,1,0,-0.3000000000000682,-0.1500000000000341,554.9,1.0639548858165915,5.0,1,Moving,0,0,0,0,0,VALID,VALID
92H-02687,2026-08-18 19:12:00,550.9,73,0.05,,,"Cao tốc Vĩnh Hảo-Phan Thiết, Xã Hồng Sơn, Tỉnh Lâm Đồng",,2.0,1,0,-2.3999999999999773,-1.1999999999999886,553.6,1.637681287385451,5.0,1,Moving,0,0,0,0,0,VALID,VALID
92H-02687,2026-08-18 19:14:00,550.6,78,0.041666666666666664,,,"Cao tốc Vĩnh Hảo-Phan Thiết, Xã Sông Lũy, Tỉnh Lâm Đồng",,2.0,1,0,-0.2999999999999545,-0.14999999999997726,553.3,1.847430647968132,5.0,1,Moving,0,0,0,0,0,VALID,VALID
92H-02687,2026-08-18 19:16:00,548.4,72,-0.05,,,"Cao tốc Vĩnh Hảo-Phan Thiết, Xã Sông Lũy, Tỉnh Lâm Đồng",,2.0,1,0,-2.2000000000000455,-1.1000000000000227,550.9,2.140794244912674,5.0,1,Moving,0,0,0,0,0,VALID,VALID
92H-02687,2026-08-18 19:18:00,548.3,71,-0.008333333333333333,,,"Cao tốc Vĩnh Hảo-Phan Thiết, Xã Sông Lũy, Tỉnh Lâm Đồng",,2.0,1,0,-0.10000000000002274,-0.05000000000001137,550.6,2.0651876425764897,5.0,1,Moving,0,0,0,0,0,VALID,VALID
92H-02687,2026-08-18 19:20:00,547.8,74,0.025,,,"Cao tốc Vĩnh Hảo-Phan Thiết, Xã Sông Lũy, Tỉnh Lâm Đồng",,2.0,1,0,-0.5,-0.25,548.4,1.4370107859894843,5.0,1,Moving,0,0,0,0,0,VALID,VALID
92H-02687,2026-08-18 19:22:00,547.7,67,-0.058333333333333334,,,"Cao tốc Vĩnh Hảo-Phan Thiết, Xã Lương Sơn, Tỉnh Lâm Đồng",,2.0,1,0,-0.09999999999990905,-0.049999999999954525,548.3,1.180254209503111,5.0,1,Moving,0,0,0,0,0,VALID,VALID
92H-02687,2026-08-18 19:24:00,546.7,70,0.025,,,"Cao tốc Vĩnh Hảo-Phan Thiết, Xã Lương Sơn, Tỉnh Lâm Đồng",,2.0,1,0,-1.0,-0.5,547.8,0.6760177505431004,5.0,1,Moving,0,0,0,0,0,VALID,VALID
92H-02687,2026-08-18 19:26:00,546.5,69,-0.008333333333333333,,,"Cao tốc Vĩnh Hảo-Phan Thiết, Xã Lương Sơn, Tỉnh Lâm Đồng",,2.0,1,0,-0.20000000000004547,-0.10000000000002274,547.7,0.7681145741678855,5.0,1,Moving,0,0,0,0,0,VALID,VALID
92H-02687,2026-08-18 19:28:00,544.8,73,0.03333333333333333,,,"Cao tốc Vĩnh Hảo-Phan Thiết, Xã Lương Sơn, Tỉnh Lâm Đồng",,2.0,1,0,-1.7000000000000455,-0.8500000000000227,546.7,1.2103718432980892,5.0,1,Moving,0,0,0,0,0,VALID,VALID
92H-02687,2026-08-18 19:30:00,542.9,69,-0.03333333333333333,,,"Cao tốc Vĩnh Hảo-Phan Thiết, Xã Lương Sơn, Tỉnh Lâm Đồng",,2.0,1,0,-1.8999999999999773,-0.9499999999999886,546.5,1.8899735445366352,5.0,1,Moving,0,0,0,0,0,VALID,VALID
92H-02687,2026-08-18 19:32:00,542.9,74,0.041666666666666664,,,"Cao tốc Vĩnh Hảo-Phan Thiết, Xã Hồng Thái, Tỉnh Lâm Đồng",,2.0,1,0,0.0,0.0,544.8,1.851485889508148,5.0,1,Moving,0,0,0,0,0,VALID,VALID
92H-02687,2026-08-18 19:34:00,542.9,71,-0.025,,,"Cao tốc Vĩnh Hảo-Phan Thiết, Xã Hải Ninh, Tỉnh Lâm Đồng",,2.0,1,0,0.0,0.0,542.9,1.6217274737289264,5.0,1,Moving,0,0,0,0,0,VALID,VALID
92H-02687,2026-08-18 19:36:00,541.4,72,0.008333333333333333,,,"Cao tốc Vĩnh Hảo-Phan Thiết, Xã Hải Ninh, Tỉnh Lâm Đồng",,2.0,1,0,-1.5,-0.75,542.9,1.2070625497654777,5.0,1,Moving,0,0,0,0,0,VALID,VALID
92H-02687,2026-08-18 19:38:00,541.2,77,0.041666666666666664,,,"Cao tốc Vĩnh Hảo-Phan Thiết, Xã Hải Ninh, Tỉnh Lâm Đồng",,2.0,1,0,-0.1999999999999318,-0.0999999999999659,542.9,0.8792041850706991,5.0,1,Moving,0,0,0,0,0,VALID,VALID
92H-02687,2026-08-18 19:40:00,540.2,73,-0.03333333333333333,,,"Cao tốc Vĩnh Hảo-Phan Thiết, Xã Hải Ninh, Tỉnh Lâm Đồng",,2.0,1,0,-1.0,-0.5,541.4,1.1691877518369267,5.0,1,Moving,0,0,0,0,0,VALID,VALID
92H-02687,2026-08-18 19:42:00,539.9,79,0.05,,,"Cao tốc Vĩnh Hảo-Phan Thiết, Xã Bắc Bình, Tỉnh Lâm Đồng",,2.0,1,0,-0.3000000000000682,-0.1500000000000341,541.2,1.181947544963479,5.0,1,Moving,0,0,0,0,0,VALID,VALID
92H-02687,2026-08-18 19:44:00,539.6,77,-0.016666666666666666,,,"Cao tốc Vĩnh Hảo-Phan Thiết, Xã Bắc Bình, Tỉnh Lâm Đồng",,2.0,1,0,-0.2999999999999545,-0.14999999999997726,540.2,0.7987490213107317,5.0,1,Moving,0,0,0,0,0,VALID,VALID
92H-02687,2026-08-18 19:46:00,538.4,79,0.016666666666666666,,,"Cao tốc Vĩnh Hảo-Phan Thiết, Xã Bắc Bình, Tỉnh Lâm Đồng",,2.0,1,0,-1.2000000000000455,-0.6000000000000227,539.9,1.0139033479797797,5.0,1,Moving,0,0,0,0,0,VALID,VALID
92H-02687,2026-08-18 19:48:00,538.1,74,-0.041666666666666664,,,"Cao tốc Vĩnh Hảo-Phan Thiết, Xã Bắc Bình, Tỉnh Lâm Đồng",,2.0,1,0,-0.2999999999999545,-0.14999999999997726,539.6,0.9343446896323834,5.0,1,Moving,0,0,0,0,0,VALID,VALID
92H-02687,2026-08-18 19:50:00,537.1,75,0.008333333333333333,,,"Cao tốc Vĩnh Hảo-Phan Thiết, Xã Tuy Phong, Tỉnh Lâm Đồng",,2.0,1,0,-1.0,-0.5,538.4,1.1432410065440612,5.0,1,Moving,0,0,0,0,0,VALID,VALID
92H-02687,2026-08-18 19:52:00,536.1,74,-0.008333333333333333,,,"Cao tốc Vĩnh Hảo-Phan Thiết, Xã Tuy Phong, Tỉnh Lâm Đồng",,2.0,1,0,-1.0,-0.5,538.1,1.3277801019157722,5.0,1,Moving,0,0,0,0,0,VALID,VALID
92H-02687,2026-08-18 19:54:00,534.0,77,0.025,,,"Cao tốc Vĩnh Hảo-Phan Thiết, Xã Tuy Phong, Tỉnh Lâm Đồng",,2.0,1,0,-2.1000000000000227,-1.0500000000000114,537.1,1.778482498941957,5.0,1,Moving,0,0,0,0,0,VALID,VALID
92H-02687,2026-08-18 19:56:00,533.7,68,-0.075,,,"Cao tốc Vĩnh Hảo-Phan Thiết, Xã Liên Hương, Tỉnh Lâm Đồng",,2.0,1,0,-0.2999999999999545,-0.14999999999997726,536.1,1.9183326090754504,5.0,1,Moving,0,0,0,0,0,VALID,VALID
92H-02687,2026-08-18 19:58:00,533.6,41,-0.225,,,"Cao tốc Vĩnh Hảo-Phan Thiết, Xã Liên Hương, Tỉnh Lâm Đồng",,2.0,1,0,-0.10000000000002274,-0.05000000000001137,534.0,1.5984367360147835,5.0,1,Moving,0,0,0,0,0,VALID,VALID
92H-02687,2026-08-18 20:00:00,533.6,75,0.2833333333333333,,,"Cao tốc Vĩnh Hảo-Phan Thiết, Xã Vĩnh Hảo, Tỉnh Lâm Đồng",,2.0,1,0,0.0,0.0,533.7,1.0747092625641173,5.0,1,Moving,0,0,0,0,0,VALID,VALID
92H-02687,2026-08-18 20:02:00,530.4,65,-0.08333333333333333,,,"Cao tốc Cam Lâm-Vĩnh Hảo, Xã Vĩnh Hảo, Tỉnh Lâm Đồng",,2.0,1,0,-3.2000000000000455,-1.6000000000000227,533.6,1.4959946520761183,5.0,1,Moving,0,0,0,0,0,VALID,VALID
92H-02687,2026-08-18 20:04:00,530.5,71,0.05,,,"Cao tốc Cam Lâm-Vĩnh Hảo, Xã Vĩnh Hảo, Tỉnh Lâm Đồng",,2.0,1,0,0.10000000000002274,0.05000000000001137,533.6,1.7444196740004356,5.0,1,Moving,0,0,0,0,0,VALID,VALID
92H-02687,2026-08-18 20:06:00,530.2,70,-0.008333333333333333,,,"Cao tốc Cam Lâm-Vĩnh Hảo, Xã Vĩnh Hảo, Tỉnh Lâm Đồng",,2.0,1,0,-0.2999999999999545,-0.14999999999997726,530.5,1.7742604090265905,5.0,1,Moving,0,0,0,0,0,VALID,VALID
92H-02687,2026-08-18 20:08:00,530.1,68,-0.016666666666666666,,,"Cao tốc Cam Lâm-Vĩnh Hảo, Xã Vĩnh Hảo, Tỉnh Lâm Đồng",,2.0,1,0,-0.10000000000002274,-0.05000000000001137,530.4,1.4842506523625885,5.0,1,Moving,0,0,0,0,0,VALID,VALID
92H-02687,2026-08-18 20:10:00,529.8,60,-0.06666666666666667,,,"Cao tốc Cam Lâm-Vĩnh Hảo, Xã Tuy Phong, Tỉnh Lâm Đồng",,2.0,1,0,-0.3000000000000682,-0.1500000000000341,530.2,0.2738612769968734,5.0,1,Moving,0,0,0,0,0,VALID,VALID
92H-02687,2026-08-18 20:12:00,529.9,0,-0.5,,,"Cao tốc Cam Lâm-Vĩnh Hảo, Xã Tuy Phong, Tỉnh Lâm Đồng",,2.0,1,0,0.10000000000002274,0.05000000000001137,530.1,0.27386127699679297,5.0,1,Stopped,0,0,0,0,0,VALID,VALID
92H-02687,2026-08-18 20:14:00,527.0,64,0.5333333333333333,,,"Cao tốc Cam Lâm-Vĩnh Hảo, Xã Phước Hà, Tỉnh Khánh Hòa",,2.0,1,0,-2.8999999999999773,-1.4499999999999886,529.9,1.3509256082545875,5.0,1,Moving,0,0,0,0,0,VALID,VALID
92H-02687,2026-08-18 20:16:00,524.5,70,0.05,,,"Cao tốc Cam Lâm-Vĩnh Hảo, Xã Phước Hà, Tỉnh Khánh Hòa",,2.0,1,0,-2.5,-1.25,529.8,2.458251410868632,5.0,1,Moving,0,0,0,0,0,VALID,VALID
92H-02687,2026-08-18 20:18:00,522.6,75,0.041666666666666664,,,"Cao tốc Cam Lâm-Vĩnh Hảo, Xã Phước Hà, Tỉnh Khánh Hòa",,2.0,1,0,-1.8999999999999773,-0.9499999999999886,527.0,3.2238176125576765,5.0,1,Moving,0,0,0,0,0,VALID,VALID
92H-02687,2026-08-18 20:20:00,522.4,72,-0.025,,,"Cao tốc Cam Lâm-Vĩnh Hảo, Xã Phước Hà, Tỉnh Khánh Hòa",,2.0,1,0,-0.20000000000004547,-0.10000000000002274,524.5,3.177577693627141,5.0,1,Moving,0,0,0,0,0,VALID,VALID
92H-02687,2026-08-18 20:22:00,522.3,67,-0.041666666666666664,,,"Cao tốc Cam Lâm-Vĩnh Hảo, Xã Phước Hà, Tỉnh Khánh Hòa",,2.0,1,0,-0.10000000000002274,-0.05000000000001137,522.6,2.0231164076830126,5.0,1,Moving,0,0,0,0,0,VALID,VALID
92H-02687,2026-08-18 20:24:00,522.3,71,0.03333333333333333,,,"Cao tốc Cam Lâm-Vĩnh Hảo, Xã Phước Hà, Tỉnh Khánh Hòa",,2.0,1,0,0.0,0.0,522.4,0.9471008388950286,5.0,1,Moving,0,0,0,0,0,VALID,VALID
92H-02687,2026-08-18 20:26:00,522.1,79,0.06666666666666667,,,"Cao tốc Cam Lâm-Vĩnh Hảo, Xã Phước Hữu, Tỉnh Khánh Hòa",,2.0,1,0,-0.1999999999999318,-0.0999999999999659,522.3,0.18165901859063682,5.0,1,Moving,0,0,0,0,0,VALID,VALID
92H-02687,2026-08-18 20:28:00,521.0,72,-0.058333333333333334,,,"Cao tốc Cam Lâm-Vĩnh Hảo, Xã Phước Hữu, Tỉnh Khánh Hòa",,2.0,1,0,-1.1000000000000227,-0.5500000000000114,522.3,0.5805170101169217,5.0,1,Moving,0,0,0,0,0,VALID,VALID
92H-02687,2026-08-18 20:30:00,521.0,74,0.016666666666666666,,,"Cao tốc Cam Lâm-Vĩnh Hảo, Xã Phước Hữu, Tỉnh Khánh Hòa",,2.0,1,0,0.0,0.0,522.1,0.6804410327390163,5.0,1,Moving,0,0,0,0,0,VALID,VALID
92H-02687,2026-08-18 20:32:00,519.6,73,-0.008333333333333333,,,"Cao tốc Cam Lâm-Vĩnh Hảo, Xã Phước Hữu, Tỉnh Khánh Hòa",,2.0,1,0,-1.3999999999999773,-0.6999999999999886,521.0,1.0793516567989205,5.0,1,Moving,0,0,0,0,0,VALID,VALID
92H-02687,2026-08-18 20:34:00,518.9,68,-0.041666666666666664,,,"Cao tốc Cam Lâm-Vĩnh Hảo, Xã Phước Hậu, Tỉnh Khánh Hòa",,2.0,1,0,-0.7000000000000455,-0.35000000000002274,521.0,1.267675036842675,5.0,1,Moving,0,0,0,0,0,VALID,VALID
92H-02687,2026-08-18 20:36:00,518.8,71,0.025,,,"Cao tốc Cam Lâm-Vĩnh Hảo, Xã Phước Hậu, Tỉnh Khánh Hòa",,2.0,1,0,-0.10000000000002274,-0.05000000000001137,519.6,1.0853570836519648,5.0,1,Moving,0,0,0,0,0,VALID,VALID
92H-02687,2026-08-18 20:38:00,518.6,77,0.05,,,"Cao tốc Cam Lâm-Vĩnh Hảo, Phường Đô Vinh, Tỉnh Khánh Hòa",,2.0,1,0,-0.1999999999999318,-0.0999999999999659,518.9,0.9808159863262278,5.0,1,Moving,0,0,0,0,0,VALID,VALID
92H-02687,2026-08-18 20:40:00,517.6,70,-0.058333333333333334,,,"Cao tốc Cam Lâm-Vĩnh Hảo, Phường Đô Vinh, Tỉnh Khánh Hòa",,2.0,1,0,-1.0,-0.5,518.8,0.7211102544219619,5.0,1,Moving,0,0,0,0,0,VALID,VALID
92H-02687,2026-08-18 20:42:00,517.6,72,0.016666666666666666,,,"Cao tốc Cam Lâm-Vĩnh Hảo, Phường Đô Vinh, Tỉnh Khánh Hòa",,2.0,1,0,0.0,0.0,518.6,0.6480740690941245,5.0,1,Moving,0,0,0,0,0,VALID,VALID
92H-02687,2026-08-18 20:44:00,516.7,72,0.0,,,"Cao tốc Cam Lâm-Vĩnh Hảo, Phường Đô Vinh, Tỉnh Khánh Hòa",,2.0,1,0,-0.8999999999999773,-0.44999999999998863,517.6,0.8532291597407253,5.0,1,Moving,0,0,0,0,0,VALID,VALID
92H-02687,2026-08-18 20:46:00,515.8,73,0.008333333333333333,,,"Cao tốc Cam Lâm-Vĩnh Hảo, Xã Mỹ Sơn, Tỉnh Khánh Hòa",,2.0,1,0,-0.900000000000091,-0.4500000000000455,517.6,1.057355190572873,5.0,1,Moving,0,0,0,0,0,VALID,VALID
92H-02687,2026-08-18 20:48:00,514.9,76,0.025,,,"Cao tốc Cam Lâm-Vĩnh Hảo, Xã Mỹ Sơn, Tỉnh Khánh Hòa",,2.0,1,0,-0.8999999999999773,-0.44999999999998863,516.7,1.1734564325234669,5.0,1,Moving,0,0,0,0,0,VALID,VALID
92H-02687,2026-08-18 20:50:00,514.1,70,-0.05,,,"Cao tốc Cam Lâm-Vĩnh Hảo, Xã Thuận Bắc, Tỉnh Khánh Hòa",,2.0,1,0,-0.7999999999999545,-0.39999999999997726,515.8,1.3917614734680683,5.0,1,Moving,0,0,0,0,0,VALID,VALID
92H-02687,2026-08-18 20:52:00,513.9,73,0.025,,,"Cao tốc Cam Lâm-Vĩnh Hảo, Xã Thuận Bắc, Tỉnh Khánh Hòa",,2.0,1,0,-0.20000000000004547,-0.10000000000002274,514.9,1.175584960361984,5.0,1,Moving,0,0,0,0,0,VALID,VALID
92H-02687,2026-08-18 20:54:00,513.6,76,0.025,,,"Cao tốc Cam Lâm-Vĩnh Hảo, Xã Thuận Bắc, Tỉnh Khánh Hòa",,2.0,1,0,-0.2999999999999545,-0.14999999999997726,514.1,0.8905054738903083,5.0,1,Moving,0,0,0,0,0,VALID,VALID
92H-02687,2026-08-18 20:56:00,512.1,72,-0.03333333333333333,,,"Cao tốc Cam Lâm-Vĩnh Hảo, Xã Thuận Bắc, Tỉnh Khánh Hòa",,2.0,1,0,-1.5,-0.75,513.9,1.0256705119227838,5.0,1,Moving,0,0,0,0,0,VALID,VALID
92H-02687,2026-08-18 20:58:00,511.3,74,0.016666666666666666,,,"Cao tốc Cam Lâm-Vĩnh Hảo, Xã Thuận Bắc, Tỉnh Khánh Hòa",,2.0,1,0,-0.8000000000000114,-0.4000000000000057,513.6,1.2328828001993435,5.0,1,Moving,0,0,0,0,0,VALID,VALID
92H-02687,2026-08-18 21:00:00,509.1,71,-0.025,,,"Cao tốc Cam Lâm-Vĩnh Hảo, Xã Công Hải, Tỉnh Khánh Hòa",,2.0,1,0,-2.1999999999999886,-1.0999999999999943,512.1,1.941648783644062,5.0,1,Moving,0,0,0,0,0,VALID,VALID
92H-02687,2026-08-18 21:02:00,509.1,61,-0.08333333333333333,,,"Cao tốc Cam Lâm-Vĩnh Hảo, Xã Công Hải, Tỉnh Khánh Hòa",,2.0,1,0,0.0,0.0,511.3,1.953970316823074,5.0,1,Moving,0,0,0,0,0,VALID,VALID
92H-02687,2026-08-18 21:04:00,510.4,64,0.025,,,"Cao tốc Cam Lâm-Vĩnh Hảo, Xã Công Hải, Tỉnh Khánh Hòa",,2.0,1,0,1.2999999999999545,0.6499999999999773,510.4,1.3304134691986196,5.0,1,Moving,0,0,0,0,0,VALID,VALID
92H-02687,2026-08-18 21:06:00,510.4,66,0.016666666666666666,,,"Cao tốc Cam Lâm-Vĩnh Hảo, Xã Nam Cam Ranh, Tỉnh Khánh Hòa",,2.0,1,0,0.0,0.0,510.4,0.9502631209432342,5.0,1,Moving,0,0,0,0,0,VALID,VALID
92H-02687,2026-08-18 21:08:00,505.5,69,0.025,,,"Cao tốc Cam Lâm-Vĩnh Hảo, Xã Nam Cam Ranh, Tỉnh Khánh Hòa",,2.0,1,0,-4.899999999999977,-2.4499999999999886,509.1,2.008730942417058,5.0,1,Moving,0,0,0,0,0,VALID,VALID
92H-02687,2026-08-18 21:10:00,505.4,68,-0.008333333333333333,,,"Cao tốc Cam Lâm-Vĩnh Hảo, Xã Nam Cam Ranh, Tỉnh Khánh Hòa",,2.0,1,0,-0.10000000000002274,-0.05000000000001137,509.1,2.530414985535592,5.0,1,Moving,0,0,0,0,0,VALID,VALID
92H-02687,2026-08-18 21:12:00,505.2,63,-0.041666666666666664,,,"Cao tốc Nha Trang-Cam Lâm, Xã Nam Cam Ranh, Tỉnh Khánh Hòa",,2.0,1,0,-0.19999999999998863,-0.09999999999999432,505.5,2.7589853205521626,5.0,1,Moving,0,0,0,0,0,VALID,VALID
92H-02687,2026-08-18 21:14:00,505.4,73,0.08333333333333333,,,"Cao tốc Nha Trang-Cam Lâm, Phường Ba Ngòi, Tỉnh Khánh Hòa",,2.0,1,0,0.19999999999998863,0.09999999999999432,505.4,2.2498888859277817,5.0,1,Moving,0,0,0,0,0,VALID,VALID
92H-02687,2026-08-18 21:16:00,502.9,68,-0.041666666666666664,,,"Cao tốc Nha Trang-Cam Lâm, Phường Ba Ngòi, Tỉnh Khánh Hòa",,2.0,1,0,-2.5,-1.25,505.4,1.112205016631336,5.0,1,Moving,0,0,0,0,0,VALID,VALID
92H-02687,2026-08-18 21:18:00,502.9,67,-0.008333333333333333,,,"Cao tốc Nha Trang-Cam Lâm, Phường Ba Ngòi, Tỉnh Khánh Hòa",,2.0,1,0,0.0,0.0,505.2,1.3352902302568612,5.0,1,Moving,0,0,0,0,0,VALID,VALID
92H-02687,2026-08-18 21:20:00,503.0,69,0.016666666666666666,,,"Cao tốc Nha Trang-Cam Lâm, Xã Cam An, Tỉnh Khánh Hòa",,2.0,1,0,0.10000000000002274,0.05000000000001137,503.0,1.2988456409515967,5.0,1,Moving,0,0,0,0,0,VALID,VALID
92H-02687,2026-08-18 21:22:00,502.9,63,-0.05,,,"Cao tốc Nha Trang-Cam Lâm, Xã Cam An, Tỉnh Khánh Hòa",,2.0,1,0,-0.10000000000002274,-0.05000000000001137,502.9,1.1077003200408138,5.0,1,Moving,0,0,0,0,0,VALID,VALID
92H-02687,2026-08-18 21:24:00,502.6,60,-0.025,,,"Cao tốc Nha Trang-Cam Lâm, Xã Cam An, Tỉnh Khánh Hòa",,2.0,1,0,-0.2999999999999545,-0.14999999999997726,502.9,0.1516575056434583,5.0,1,Moving,0,0,0,0,0,VALID,VALID
92H-02687,2026-08-18 21:26:00,502.4,72,0.1,,,"Cao tốc Nha Trang-Cam Lâm, Xã Cam An, Tỉnh Khánh Hòa",,2.0,1,0,-0.20000000000004547,-0.10000000000002274,502.9,0.2509980060038351,5.0,1,Moving,0,0,0,0,0,VALID,VALID
92H-02687,2026-08-18 21:28:00,498.6,53,-0.15833333333333333,,,"Cao tốc Nha Trang-Cam Lâm, Xã Cam Hiệp, Tỉnh Khánh Hòa",,2.0,1,0,-3.7999999999999545,-1.8999999999999773,502.6,1.8601075235096083,5.0,1,Moving,0,0,0,0,0,VALID,VALID
92H-02687,2026-08-18 21:30:00,497.5,62,0.075,,,"Cao tốc Nha Trang-Cam Lâm, Xã Cam Hiệp, Tỉnh Khánh Hòa",,2.0,1,0,-1.1000000000000227,-0.5500000000000114,502.4,2.546566315456172,5.0,1,Moving,0,0,0,0,0,VALID,VALID
92H-02687,2026-08-18 21:32:00,498.3,64,0.016666666666666666,,,"Cao tốc Nha Trang-Cam Lâm, Xã Cam Hiệp, Tỉnh Khánh Hòa",,2.0,1,0,0.8000000000000114,0.4000000000000057,498.6,2.426314076745867,5.0,1,Moving,0,0,0,0,0,VALID,VALID
92H-02687,2026-08-18 21:34:00,497.3,68,0.03333333333333333,,,"Cao tốc Nha Trang-Cam Lâm, Xã Cam Hiệp, Tỉnh Khánh Hòa",,2.0,1,0,-1.0,-0.5,498.3,2.07292064464948,5.0,1,Moving,0,0,0,0,0,VALID,VALID
92H-02687,2026-08-18 21:36:00,496.3,69,0.008333333333333333,,,"Cao tốc Nha Trang-Cam Lâm, Xã Cam Hiệp, Tỉnh Khánh Hòa",,2.0,1,0,-1.0,-0.5,497.5,0.9055385132686725,5.0,1,Moving,0,0,0,0,0,VALID,VALID
92H-02687,2026-08-18 21:38:00,496.0,64,-0.041666666666666664,,,"Cao tốc Nha Trang-Cam Lâm, Xã Cam Hiệp, Tỉnh Khánh Hòa",,2.0,1,0,-0.30000000000001137,-0.15000000000000568,497.3,0.9338094018654522,5.0,1,Moving,0,0,0,0,0,VALID,VALID
92H-02687,2026-08-18 21:40:00,496.0,70,0.05,,,"Cao tốc Nha Trang-Cam Lâm, Xã Cam Hiệp, Tỉnh Khánh Hòa",,2.0,1,0,0.0,0.0,496.3,1.0034938958518842,5.0,1,Moving,0,0,0,0,0,VALID,VALID
92H-02687,2026-08-18 21:42:00,494.8,67,-0.025,,,"Cao tốc Nha Trang-Cam Lâm, Xã Cam Hiệp, Tỉnh Khánh Hòa",,2.0,1,0,-1.1999999999999886,-0.5999999999999943,496.0,0.8927485642728488,5.0,1,Moving,0,0,0,0,0,VALID,VALID
92H-02687,2026-08-18 21:44:00,493.5,70,0.025,,,"Cao tốc Nha Trang-Cam Lâm, Xã Suối Dầu, Tỉnh Khánh Hòa",,2.0,1,0,-1.3000000000000114,-0.6500000000000057,496.0,1.1691877518219351,5.0,1,Moving,0,0,0,0,0,VALID,VALID
92H-02687,2026-08-18 21:46:00,493.2,70,0.0,,,"Cao tốc Nha Trang-Cam Lâm, Xã Suối Dầu, Tỉnh Khánh Hòa",,2.0,1,0,-0.30000000000001137,-0.15000000000000568,494.8,1.330413469192865,5.0,1,Moving,0,0,0,0,0,VALID,VALID
92H-02687,2026-08-18 21:48:00,492.0,71,0.008333333333333333,,,"Cao tốc Nha Trang-Cam Lâm, Xã Suối Hiệp, Tỉnh Khánh Hòa",,2.0,1,0,-1.1999999999999886,-0.5999999999999943,493.5,1.5394804315121933,5.0,1,Moving,0,0,0,0,0,VALID,VALID
92H-02687,2026-08-18 21:50:00,491.9,69,-0.016666666666666666,,,"Cao tốc Nha Trang-Cam Lâm, Xã Suối Hiệp, Tỉnh Khánh Hòa",,2.0,1,0,-0.10000000000002274,-0.05000000000001137,493.2,1.1945710523062811,5.0,1,Moving,0,0,0,0,0,VALID,VALID
92H-02687,2026-08-18 21:52:00,490.4,67,-0.016666666666666666,,,"Cao tốc Nha Trang-Cam Lâm, Xã Diên Thọ, Tỉnh Khánh Hòa",,2.0,1,0,-1.5,-0.75,492.0,1.2308533621058297,5.0,1,Moving,0,0,0,0,0,VALID,VALID
92H-02687,2026-08-18 21:54:00,490.3,60,-0.058333333333333334,,,"Cao tốc Vân Phong-Nha Trang, Xã Diên Thọ, Tỉnh Khánh Hòa",,2.0,1,0,-0.0999999999999659,-0.04999999999998295,491.9,1.2177848738617865,5.0,1,Moving,0,0,0,0,0,VALID,VALID
92H-02687,2026-08-18 21:56:00,490.1,59,-0.008333333333333333,,,"Cao tốc Vân Phong-Nha Trang, Xã Diên Thọ, Tỉnh Khánh Hòa",,2.0,1,0,-0.19999999999998863,-0.09999999999999432,490.4,0.928977932464471,5.0,1,Moving,0,0,0,0,0,VALID,VALID
92H-02687,2026-08-18 21:58:00,489.2,68,0.075,,,"Cao tốc Vân Phong-Nha Trang, Xã Diên Thọ, Tỉnh Khánh Hòa",,2.0,1,0,-0.9000000000000341,-0.45000000000001705,490.3,0.9731392495452076,5.0,1,Moving,0,0,0,0,0,VALID,VALID
92H-02687,2026-08-18 22:00:00,488.9,72,0.03333333333333333,,,"Cao tốc Vân Phong-Nha Trang, Xã Diên Lâm, Tỉnh Khánh Hòa",,2.0,1,0,-0.30000000000001137,-0.15000000000000568,490.1,0.6833739818026624,5.0,1,Moving,0,0,0,0,0,VALID,VALID
92H-02687,2026-08-18 22:02:00,486.9,74,0.016666666666666666,,,"Cao tốc Vân Phong-Nha Trang, Xã Diên Lâm, Tỉnh Khánh Hòa",,2.0,1,0,-2.0,-1.0,489.2,1.3535139448872107,5.0,1,Moving,0,0,0,0,0,VALID,VALID
92H-02687,2026-08-18 22:04:00,486.0,70,-0.03333333333333333,,,"Cao tốc Vân Phong-Nha Trang, Xã Diên Lâm, Tỉnh Khánh Hòa",,2.0,1,0,-0.8999999999999773,-0.44999999999998863,488.9,1.7049926683136258,5.0,1,Moving,0,0,0,0,0,VALID,VALID
92H-02687,2026-08-18 22:06:00,485.7,67,-0.025,,,"Cao tốc Vân Phong-Nha Trang, Xã Bắc Khánh Vĩnh, Tỉnh Khánh Hòa",,2.0,1,0,-0.30000000000001137,-0.15000000000000568,486.9,1.6257306046827706,5.0,1,Moving,0,0,0,0,0,VALID,VALID
92H-02687,2026-08-18 22:08:00,485.6,64,-0.025,,,"Cao tốc Vân Phong-Nha Trang, Xã Bắc Khánh Vĩnh, Tỉnh Khánh Hòa",,2.0,1,0,-0.0999999999999659,-0.04999999999998295,486.0,1.3736811853561124,5.0,1,Moving,0,0,0,0,0,VALID,VALID
92H-02687,2026-08-18 22:10:00,484.5,65,0.008333333333333333,,,"Cao tốc Vân Phong-Nha Trang, Xã Bắc Khánh Vĩnh, Tỉnh Khánh Hòa",,2.0,1,0,-1.1000000000000227,-0.5500000000000114,485.7,0.8619744770005778,5.0,1,Moving,0,0,0,0,0,VALID,VALID
92H-02687,2026-08-18 22:12:00,484.2,65,0.0,,,"Cao tốc Vân Phong-Nha Trang, Xã Bắc Khánh Vĩnh, Tỉnh Khánh Hòa",,2.0,1,0,-0.30000000000001137,-0.15000000000000568,485.6,0.7968688718979234,5.0,1,Moving,0,0,0,0,0,VALID,VALID
92H-02687,2026-08-18 22:14:00,483.1,69,0.03333333333333333,,,"Cao tốc Vân Phong-Nha Trang, Xã Nam Ninh Hòa, Tỉnh Khánh Hòa",,2.0,1,0,-1.099999999999966,-0.549999999999983,484.5,1.0756393442968064,5.0,1,Moving,0,0,0,0,0,VALID,VALID
92H-02687,2026-08-18 22:16:00,481.0,67,-0.016666666666666666,,,"Cao tốc Vân Phong-Nha Trang, Xã Nam Ninh Hòa, Tỉnh Khánh Hòa",,2.0,1,0,-2.1000000000000227,-1.0500000000000114,484.2,1.742699055774792,5.0,1,Moving,0,0,0,0,0,VALID,VALID
92H-02687,2026-08-18 22:18:00,479.7,73,0.05,,,"Cao tốc Vân Phong-Nha Trang, Xã Nam Ninh Hòa, Tỉnh Khánh Hòa",,2.0,1,0,-1.3000000000000114,-0.6500000000000057,483.1,2.0820662811248694,5.0,1,Moving,0,0,0,0,0,VALID,VALID
92H-02687,2026-08-18 22:20:00,478.5,69,-0.03333333333333333,,,"Cao tốc Vân Phong-Nha Trang, Xã Nam Ninh Hòa, Tỉnh Khánh Hòa",,2.0,1,0,-1.1999999999999886,-0.5999999999999943,481.0,2.352658070990331,5.0,1,Moving,0,0,0,0,0,VALID,VALID
92H-02687,2026-08-18 22:22:00,478.4,68,-0.008333333333333333,,,"Cao tốc Vân Phong-Nha Trang, Xã Tân Định, Tỉnh Khánh Hòa",,2.0,1,0,-0.10000000000002274,-0.05000000000001137,479.7,1.9629060087011045,5.0,1,Moving,0,0,0,0,0,VALID,VALID
92H-02687,2026-08-18 22:24:00,475.3,0,-0.5666666666666667,,,"Cao tốc Vân Phong-Nha Trang, Xã Tân Định, Tỉnh Khánh Hòa",,2.0,1,0,-3.099999999999966,-1.549999999999983,478.5,2.115892246545982,5.0,1,Stopped,0,0,0,0,0,VALID,VALID
92H-02687,2026-08-18 22:26:00,475.3,0,0.0,,,"Cao tốc Vân Phong-Nha Trang, Xã Tân Định, Tỉnh Khánh Hòa",,2.0,1,0,0.0,0.0,478.4,2.0194058529657672,5.0,1,Stopped,0,0,0,0,0,VALID,VALID
92H-02687,2026-08-18 22:28:00,475.4,0,0.0,,,"Cao tốc Vân Phong-Nha Trang, Xã Tân Định, Tỉnh Khánh Hòa",,2.0,1,0,0.0999999999999659,0.04999999999998295,475.4,1.707922714583907,5.0,1,Stopped,0,0,0,0,0,VALID,VALID
92H-02687,2026-08-18 22:30:00,475.4,0,0.0,,,"Cao tốc Vân Phong-Nha Trang, Xã Tân Định, Tỉnh Khánh Hòa",,2.0,1,0,0.0,0.0,475.4,1.364917579559705,5.0,1,Stopped,0,0,0,0,0,VALID,VALID
92H-02687,2026-08-18 22:32:00,475.4,0,0.0,,,"Cao tốc Vân Phong-Nha Trang, Xã Tân Định, Tỉnh Khánh Hòa",,2.0,1,0,0.0,0.0,475.4,0.054772246536213175,5.0,1,Stopped,0,0,0,0,0,VALID,VALID
92H-02687,2026-08-18 22:34:00,475.4,0,0.0,,,"Cao tốc Vân Phong-Nha Trang, Xã Tân Định, Tỉnh Khánh Hòa",,2.0,1,0,0.0,0.0,475.4,0.044721348265007635,5.0,1,Stopped,0,0,0,0,0,VALID,VALID
92H-02687,2026-08-18 22:36:00,475.4,0,0.0,,,"Cao tốc Vân Phong-Nha Trang, Xã Tân Định, Tỉnh Khánh Hòa",,2.0,1,0,0.0,0.0,475.4,0.0,5.0,1,Stopped,0,0,0,0,0,VALID,VALID
92H-02687,2026-08-18 22:38:00,475.3,0,0.0,,,"Cao tốc Vân Phong-Nha Trang, Xã Tân Định, Tỉnh Khánh Hòa",,2.0,1,0,-0.0999999999999659,-0.04999999999998295,475.4,0.04472134826497903,5.0,1,Stopped,0,0,0,0,0,VALID,VALID
92H-02687,2026-08-18 22:40:00,475.3,0,0.0,,,"Cao tốc Vân Phong-Nha Trang, Xã Tân Định, Tỉnh Khánh Hòa",,2.0,1,0,0.0,0.0,475.4,0.054772246536156095,5.0,1,Stopped,0,0,0,0,0,VALID,VALID
92H-02687,2026-08-18 22:42:00,475.1,0,0.0,,,"Cao tốc Vân Phong-Nha Trang, Xã Tân Định, Tỉnh Khánh Hòa",,2.0,1,0,-0.19999999999998863,-0.09999999999999432,475.3,0.12247448301812555,5.0,1,Stopped,0,0,0,0,0,VALID,VALID
92H-02687,2026-08-18 22:44:00,475.1,0,0.0,,,"Cao tốc Vân Phong-Nha Trang, Xã Tân Định, Tỉnh Khánh Hòa",,2.0,1,0,0.0,0.0,475.3,0.13416407488779875,5.0,1,Stopped,0,0,0,0,0,VALID,VALID
92H-02687,2026-08-18 22:46:00,474.1,12,0.1,,,"Cao tốc Vân Phong-Nha Trang, Xã Tân Định, Tỉnh Khánh Hòa",,2.0,1,0,-1.0,-0.5,475.1,0.5019960149147049,5.0,1,Moving,0,0,0,0,0,VALID,VALID
92H-02687,2026-08-18 22:48:00,476.0,68,0.4666666666666667,,,"Cao tốc Vân Phong-Nha Trang, Xã Tân Định, Tỉnh Khánh Hòa",,2.0,1,0,1.8999999999999773,0.9499999999999886,475.1,0.6797058179759679,5.0,1,Moving,0,0,0,0,0,VALID,VALID
92H-02687,2026-08-18 22:50:00,475.7,80,0.1,,,"Cao tốc Vân Phong-Nha Trang, Xã Tân Định, Tỉnh Khánh Hòa",,2.0,1,0,-0.30000000000001137,-0.15000000000000568,475.1,0.7280109882346961,5.0,1,Moving,0,0,0,0,0,VALID,VALID
92H-02687,2026-08-18 22:52:00,474.4,76,-0.03333333333333333,,,"Cao tốc Vân Phong-Nha Trang, Xã Hòa Trí, Tỉnh Khánh Hòa",,2.0,1,0,-1.3000000000000114,-0.6500000000000057,475.1,0.8142481188128786,5.0,1,Moving,0,0,0,0,0,VALID,VALID
92H-02687,2026-08-18 22:54:00,474.1,76,0.0,,,"Cao tốc Vân Phong-Nha Trang, Xã Hòa Trí, Tỉnh Khánh Hòa",,2.0,1,0,-0.2999999999999545,-0.14999999999997726,474.4,0.9181503139410668,5.0,1,Moving,0,0,0,0,0,VALID,VALID
92H-02687,2026-08-18 22:56:00,473.8,79,0.025,,,"Cao tốc Vân Phong-Nha Trang, Xã Hòa Trí, Tỉnh Khánh Hòa",,2.0,1,0,-0.30000000000001137,-0.15000000000000568,474.4,0.9874208823951496,5.0,1,Moving,0,0,0,0,0,VALID,VALID
92H-02687,2026-08-18 22:58:00,472.3,73,-0.05,,,"Cao tốc Vân Phong-Nha Trang, Xã Bắc Ninh Hòa, Tỉnh Khánh Hòa",,2.0,1,0,-1.5,-0.75,474.1,1.221883791114838,5.0,1,Moving,0,0,0,0,0,VALID,VALID
92H-02687,2026-08-18 23:00:00,471.4,76,0.025,,,"Cao tốc Vân Phong-Nha Trang, Xã Bắc Ninh Hòa, Tỉnh Khánh Hòa",,2.0,1,0,-0.9000000000000341,-0.45000000000001705,473.8,1.2903487896643295,5.0,1,Moving,0,0,0,0,0,VALID,VALID
92H-02687,2026-08-18 23:02:00,470.4,77,0.008333333333333333,,,"Cao tốc Vân Phong-Nha Trang, Xã Vạn Hưng, Tỉnh Khánh Hòa",,2.0,1,0,-1.0,-0.5,472.3,1.5700318464882472,5.0,1,Moving,0,0,0,0,0,VALID,VALID
92H-02687,2026-08-18 23:04:00,469.5,78,0.008333333333333333,,,"Cao tốc Vân Phong-Nha Trang, Xã Vạn Hưng, Tỉnh Khánh Hòa",,2.0,1,0,-0.8999999999999773,-0.44999999999998863,471.4,1.6694310405003736,5.0,1,Moving,0,0,0,0,0,VALID,VALID
92H-02687,2026-08-18 23:06:00,468.2,73,-0.041666666666666664,,,"Cao tốc Vân Phong-Nha Trang, Xã Vạn Hưng, Tỉnh Khánh Hòa",,2.0,1,0,-1.3000000000000114,-0.6500000000000057,470.4,1.6009372251855483,5.0,1,Moving,0,0,0,0,0,VALID,VALID
92H-02687,2026-08-18 23:08:00,468.2,70,-0.025,,,"Cao tốc Vân Phong-Nha Trang, Xã Vạn Ninh, Tỉnh Khánh Hòa",,2.0,1,0,0.0,0.0,469.5,1.3957077054253797,5.0,1,Moving,0,0,0,0,0,VALID,VALID
92H-02687,2026-08-18 23:10:00,467.3,74,0.03333333333333333,,,"Cao tốc Vân Phong-Nha Trang, Xã Vạn Ninh, Tỉnh Khánh Hòa",,2.0,1,0,-0.8999999999999773,-0.44999999999998863,468.2,1.223519513118925,5.0,1,Moving,0,0,0,0,0,VALID,VALID
92H-02687,2026-08-18 23:12:00,467.0,72,-0.016666666666666666,,,"Xã Vạn Ninh, Tỉnh Khánh Hòa",,2.0,1,0,-0.30000000000001137,-0.15000000000000568,468.2,0.9762171884278421,5.0,1,Moving,0,0,0,0,0,VALID,VALID
92H-02687,2026-08-18 23:14:00,466.7,65,-0.058333333333333334,,,"Cao tốc Vân Phong-Nha Trang, Xã Vạn Thắng, Tỉnh Khánh Hòa",,2.0,1,0,-0.30000000000001137,-0.15000000000000568,467.3,0.6906518652557726,5.0,1,Moving,0,0,0,0,0,VALID,VALID
92H-02687,2026-08-18 23:16:00,465.6,73,0.06666666666666667,,,"Cao tốc Vân Phong-Nha Trang, Xã Vạn Thắng, Tỉnh Khánh Hòa",,2.0,1,0,-1.099999999999966,-0.549999999999983,467.0,0.9449867718548408,5.0,1,Moving,0,0,0,0,0,VALID,VALID
92H-02687,2026-08-18 23:18:00,465.3,74,0.008333333333333333,,,"Cao tốc Vân Phong-Nha Trang, Xã Tu Bông, Tỉnh Khánh Hòa",,2.0,1,0,-0.30000000000001137,-0.15000000000000568,466.7,0.8814760342629583,5.0,1,Moving,0,0,0,0,0,VALID,VALID
92H-02687,2026-08-18 23:20:00,463.5,73,-0.008333333333333333,,,"Cao tốc Vân Phong-Nha Trang, Xã Tu Bông, Tỉnh Khánh Hòa",,2.0,1,0,-1.8000000000000114,-0.9000000000000057,465.6,1.3845576907370334,5.0,1,Moving,0,0,0,0,0,VALID,VALID
92H-02687,2026-08-18 23:22:00,462.5,67,-0.05,,,"Cao tốc Vân Phong-Nha Trang, Xã Tu Bông, Tỉnh Khánh Hòa",,2.0,1,0,-1.0,-0.5,465.3,1.6917446612825484,5.0,1,Moving,0,0,0,0,0,VALID,VALID
92H-02687,2026-08-18 23:24:00,461.5,67,0.0,,,"Cao tốc Vân Phong-Nha Trang, Xã Tu Bông, Tỉnh Khánh Hòa",,2.0,1,0,-1.0,-0.5,463.5,1.766918220794824,5.0,1,Moving,0,0,0,0,0,VALID,VALID
92H-02687,2026-08-18 23:26:00,461.5,71,0.03333333333333333,,,"Cao tốc Vân Phong-Nha Trang, Xã Đại Lãnh, Tỉnh Khánh Hòa",,2.0,1,0,0.0,0.0,462.5,1.596245594817942,5.0,1,Moving,0,0,0,0,0,VALID,VALID
92H-02687,2026-08-18 23:28:00,459.3,64,-0.058333333333333334,,,"Đường dẫn hầm Cổ Mã, Xã Đại Lãnh, Tỉnh Khánh Hòa",,2.0,1,0,-2.1999999999999886,-1.0999999999999943,461.5,1.5582040941334243,5.0,1,Moving,0,0,0,0,0,VALID,VALID
92H-02687,2026-08-18 23:30:00,459.1,68,0.03333333333333333,,,"Đường dẫn hầm Đèo Cả, Xã Đại Lãnh, Tỉnh Khánh Hòa",,2.0,1,0,-0.19999999999998863,-0.09999999999999432,461.5,1.5006665182421612,5.0,1,Moving,0,0,0,0,0,VALID,VALID
92H-02687,2026-08-18 23:32:00,459.0,0,-0.5666666666666667,,,"Đường dẫn Hầm Đèo Cả, Xã Đại Lãnh, Tỉnh Khánh Hòa",,2.0,1,0,-0.10000000000002274,-0.05000000000001137,459.3,1.3007690029256582,5.0,1,Stopped,0,0,0,0,0,VALID,VALID
92H-02687,2026-08-18 23:34:00,459.1,0,0.0,,,"Đường dẫn Hầm Đèo Cả, Xã Đại Lãnh, Tỉnh Khánh Hòa",,2.0,1,0,0.10000000000002274,0.05000000000001137,459.1,1.0677078247215528,5.0,1,Stopped,0,0,0,0,0,VALID,VALID
92H-02687,2026-08-18 23:36:00,459.0,0,0.0,,,"Đường dẫn Hầm Đèo Cả, Xã Đại Lãnh, Tỉnh Khánh Hòa",,2.0,1,0,-0.10000000000002274,-0.05000000000001137,459.1,0.12247448293833303,5.0,1,Stopped,0,0,0,0,0,VALID,VALID
92H-02687,2026-08-18 23:38:00,454.7,62,0.5166666666666667,,,"Đường dẫn hầm Cổ Mã, Xã Hòa Xuân, Tỉnh Đắk Lắk",,2.0,1,0,-4.300000000000011,-2.1500000000000057,459.0,1.946021582349458,5.0,1,Moving,0,0,0,0,0,VALID,VALID
92H-02687,2026-08-18 23:40:00,452.9,44,-0.15,,,"Đường dẫn hầm Đèo Cả, Xã Hòa Xuân, Tỉnh Đắk Lắk",,2.0,1,0,-1.8000000000000114,-0.9000000000000057,459.0,2.9364945085881473,5.0,1,Moving,0,0,0,0,0,VALID,VALID
92H-02687,2026-08-18 23:42:00,453.1,73,0.24166666666666667,,,"Cao tốc Chí Thạnh-Vân Phong, Xã Hòa Xuân, Tỉnh Đắk Lắk",,2.0,1,0,0.20000000000004547,0.10000000000002274,454.7,3.0835044995859615,5.0,1,Moving,0,0,0,0,0,VALID,VALID
92H-02687,2026-08-18 23:44:00,454.6,74,0.008333333333333333,,,"Cao tốc Chí Thạnh-Vân Phong, Xã Hòa Xuân, Tỉnh Đắk Lắk",,2.0,1,0,1.5,0.75,454.6,2.458251410854013,5.0,1,Moving,0,0,0,0,0,VALID,VALID
92H-02687,2026-08-18 23:46:00,453.5,77,0.025,,,"Cao tốc Chí Thạnh-Vân Phong, Phường Đông Hòa, Tỉnh Đắk Lắk",,2.0,1,0,-1.1000000000000227,-0.5500000000000114,453.5,0.8414273581030982,5.0,1,Moving,0,0,0,0,0,VALID,VALID
92H-02687,2026-08-18 23:48:00,453.2,80,0.025,,,"Cao tốc Chí Thạnh-Vân Phong, Phường Đông Hòa, Tỉnh Đắk Lắk",,2.0,1,0,-0.30000000000001137,-0.15000000000000568,453.2,0.6730527460489085,5.0,1,Moving,0,0,0,0,0,VALID,VALID
92H-02687,2026-08-18 23:50:00,451.3,71,-0.075,,,"Cao tốc Chí Thạnh-Vân Phong, Phường Đông Hòa, Tỉnh Đắk Lắk",,2.0,1,0,-1.8999999999999773,-0.9499999999999886,453.2,1.1886967649335711,5.0,1,Moving,0,0,0,0,0,VALID,VALID
92H-02687,2026-08-18 23:52:00,451.0,74,0.025,,,"Cao tốc Chí Thạnh-Vân Phong, Phường Đông Hòa, Tỉnh Đắk Lắk",,2.0,1,0,-0.30000000000001137,-0.15000000000000568,453.2,1.5287249585726603,5.0,1,Moving,0,0,0,0,0,VALID,VALID
92H-02687,2026-08-18 23:54:00,450.0,77,0.025,,,"Cao tốc Chí Thạnh-Vân Phong, Xã Tây Hòa, Tỉnh Đắk Lắk",,2.0,1,0,-1.0,-0.5,451.3,1.4983324060306842,5.0,1,Moving,0,0,0,0,0,VALID,VALID
92H-02687,2026-08-18 23:56:00,449.0,73,-0.03333333333333333,,,"Cao tốc Chí Thạnh-Vân Phong, Phường Tuy Hòa, Tỉnh Đắk Lắk",,2.0,1,0,-1.0,-0.5,451.0,1.5716233642194533,5.0,1,Moving,0,0,0,0,0,VALID,VALID
92H-02687,2026-08-18 23:58:00,447.9,77,0.03333333333333333,,,"Cao tốc Chí Thạnh-Vân Phong, Phường Tuy Hòa, Tỉnh Đắk Lắk",,2.0,1,0,-1.1000000000000227,-0.5500000000000114,450.0,1.4117365189578144,5.0,1,Moving,0,0,0,0,0,VALID,VALID
