VehicleID,FuelTime,FuelLevel,Speed,Address,DistanceMeters,TimeGapMinutes,SegmentID,IsSegmentStart,DeltaFuel,FuelRate,RollingMedian,RollingStd,RollingCount,RollingWindowReady,MovementState,FlagFuelZero,FlagLongGap,FlagLargeDelta,FlagSuspiciousGap,QualityFlag,QualityReason,FeatureStatus
92H-07095,2026-07-29 00:00:00,500.9,0,"Tỉnh Lộ 741, Xã Phước Hòa, TP Hồ Chí Minh",0.0,,1,1,,,500.9,,1.0,0,Stopped,0,0,0,0,0,VALID,VALID
92H-07095,2026-07-29 00:05:00,500.6,0,"Tỉnh Lộ 741, Xã Phước Hòa, TP Hồ Chí Minh",0.0,5.0,1,0,-0.2999999999999545,-0.05999999999999091,500.75,0.2121320343559321,2.0,0,Stopped,0,0,0,0,0,VALID,VALID
92H-07095,2026-07-29 00:10:00,500.4,0,"Tỉnh Lộ 741, Xã Phước Hòa, TP Hồ Chí Minh",0.0,5.0,1,0,-0.20000000000004547,-0.0400000000000091,500.6,0.2516611478423553,3.0,1,Stopped,0,0,0,0,0,VALID,VALID
92H-07095,2026-07-29 00:15:00,502.2,31,"Tỉnh Lộ 741, Xã Phước Hòa, TP Hồ Chí Minh",0.0,5.0,1,0,1.8000000000000114,0.36000000000000226,500.75,0.8098353742170915,4.0,1,Moving,0,0,0,0,0,VALID,VALID
92H-07095,2026-07-29 00:20:00,499.8,53,"Tỉnh Lộ 741, Xã Phước Hòa, TP Hồ Chí Minh",0.0,5.0,1,0,-2.3999999999999773,-0.47999999999999543,500.6,0.8899438184514696,5.0,1,Moving,0,0,0,0,0,VALID,VALID
92H-07095,2026-07-29 00:25:00,496.0,49,"Tỉnh Lộ 741, Xã Phước Hòa, TP Hồ Chí Minh",0.0,5.0,1,0,-3.8000000000000114,-0.7600000000000022,500.4,2.302172886644267,5.0,1,Moving,0,0,0,0,0,VALID,VALID
92H-07095,2026-07-29 00:30:00,501.4,0,Chợ Phú Giáo ( về ),0.0,5.0,1,0,5.399999999999977,1.0799999999999954,500.4,2.397498696558551,5.0,1,Stopped,0,0,0,0,0,VALID,VALID
92H-07095,2026-07-29 00:35:00,495.7,41,"Tỉnh Lộ 741, Xã Phú Giáo, TP Hồ Chí Minh",0.0,5.0,1,0,-5.699999999999989,-1.1399999999999977,499.8,3.02191991952137,5.0,1,Moving,0,0,0,0,0,VALID,VALID
92H-07095,2026-07-29 00:40:00,493.1,47,"Tỉnh Lộ 741, Xã Phú Giáo, TP Hồ Chí Minh",0.0,5.0,1,0,-2.599999999999966,-0.5199999999999931,496.0,3.3503731135502135,5.0,1,Moving,0,0,0,0,0,VALID,VALID
92H-07095,2026-07-29 00:45:00,492.3,44,"Tỉnh Lộ 741, Xã Phú Giáo, TP Hồ Chí Minh",0.0,5.0,1,0,-0.8000000000000114,-0.16000000000000228,495.7,3.567211796347436,5.0,1,Moving,0,0,0,0,0,VALID,VALID
92H-07095,2026-07-29 00:50:00,493.2,36,Trạm Tân Lập,0.0,5.0,1,0,0.8999999999999773,0.17999999999999544,493.2,3.724647634340781,5.0,1,Moving,0,0,0,0,0,VALID,VALID
92H-07095,2026-07-29 00:55:00,488.5,43,"Tỉnh Lộ 741, Xã Đồng Phú, Tỉnh Đồng Nai",0.0,5.0,1,0,-4.699999999999989,-0.9399999999999977,493.1,2.6034592372458474,5.0,1,Moving,0,0,0,0,0,VALID,VALID
92H-07095,2026-07-29 01:00:00,487.2,38,"Cách Mạng Tháng 8, Xã Đồng Phú, Tỉnh Đồng Nai",0.0,5.0,1,0,-1.3000000000000114,-0.2600000000000023,492.3,2.8076680715499593,5.0,1,Moving,0,0,0,0,0,VALID,VALID
92H-07095,2026-07-29 01:05:00,486.8,46,"Cách Mạng Tháng 8, Xã Đồng Phú, Tỉnh Đồng Nai",0.0,5.0,1,0,-0.39999999999997726,-0.07999999999999545,488.5,2.9605742686176995,5.0,1,Moving,0,0,0,0,0,VALID,VALID
92H-07095,2026-07-29 01:10:00,482.8,45,"Tỉnh Lộ 741, Phường Bình Phước, Tỉnh Đồng Nai",0.0,5.0,1,0,-4.0,-0.8,487.2,3.740320841853202,5.0,1,Moving,0,0,0,0,0,VALID,VALID
92H-07095,2026-07-29 01:15:00,489.5,0,"Phường Bình Phước, Tỉnh Đồng Nai",0.0,5.0,1,0,6.699999999999989,1.3399999999999976,487.2,2.559882809817973,5.0,1,Stopped,0,0,0,0,0,VALID,VALID
92H-07095,2026-07-29 01:20:00,487.5,0,"Phường Bình Phước, Tỉnh Đồng Nai",0.0,5.0,1,0,-2.0,-0.4,487.2,2.446017170831304,5.0,1,Stopped,0,0,0,0,0,VALID,VALID
92H-07095,2026-07-29 01:25:00,487.3,0,"Phường Bình Phước, Tỉnh Đồng Nai",0.0,5.0,1,0,-0.19999999999998863,-0.039999999999997725,487.3,2.4509181952895887,5.0,1,Stopped,0,0,0,0,0,VALID,VALID
92H-07095,2026-07-29 01:30:00,487.2,0,"Phường Bình Phước, Tỉnh Đồng Nai",0.0,5.0,1,0,-0.10000000000002274,-0.02000000000000455,487.3,2.4582514110646936,5.0,1,Stopped,0,0,0,0,0,VALID,VALID
92H-07095,2026-07-29 01:35:00,487.2,0,"Phường Bình Phước, Tỉnh Đồng Nai",0.0,5.0,1,0,0.0,0.0,487.3,0.9914635646363456,5.0,1,Stopped,0,0,0,0,0,VALID,VALID
92H-07095,2026-07-29 01:40:00,487.2,0,"Phường Bình Phước, Tỉnh Đồng Nai",0.0,5.0,1,0,0.0,0.0,487.2,0.13038404810972043,5.0,1,Stopped,0,0,0,0,0,VALID,VALID
92H-07095,2026-07-29 01:45:00,487.2,0,"Phường Bình Phước, Tỉnh Đồng Nai",0.0,5.0,1,0,0.0,0.0,487.2,0.04472135956656043,5.0,1,Stopped,0,0,0,0,0,VALID,VALID
92H-07095,2026-07-29 01:50:00,487.2,0,"Phường Bình Phước, Tỉnh Đồng Nai",0.0,5.0,1,0,0.0,0.0,487.2,0.0,5.0,1,Stopped,0,0,0,0,0,VALID,VALID
92H-07095,2026-07-29 01:55:00,487.2,0,"Phường Bình Phước, Tỉnh Đồng Nai",0.0,5.0,1,0,0.0,0.0,487.2,0.0,5.0,1,Stopped,0,0,0,0,0,VALID,VALID
92H-07095,2026-07-29 02:00:00,487.2,0,"Phường Bình Phước, Tỉnh Đồng Nai",0.0,5.0,1,0,0.0,0.0,487.2,0.0,5.0,1,Stopped,0,0,0,0,0,VALID,VALID
92H-07095,2026-07-29 02:05:00,487.2,0,"Phường Bình Phước, Tỉnh Đồng Nai",0.0,5.0,1,0,0.0,0.0,487.2,0.0,5.0,1,Stopped,0,0,0,0,0,VALID,VALID
92H-07095,2026-07-29 02:10:00,487.2,0,"Phường Bình Phước, Tỉnh Đồng Nai",0.0,5.0,1,0,0.0,0.0,487.2,0.0,5.0,1,Stopped,0,0,0,0,0,VALID,VALID
92H-07095,2026-07-29 02:15:00,487.2,0,"Phường Bình Phước, Tỉnh Đồng Nai",0.0,5.0,1,0,0.0,0.0,487.2,0.0,5.0,1,Stopped,0,0,0,0,0,VALID,VALID
92H-07095,2026-07-29 02:20:00,487.2,0,"Phường Bình Phước, Tỉnh Đồng Nai",0.0,5.0,1,0,0.0,0.0,487.2,0.0,5.0,1,Stopped,0,0,0,0,0,VALID,VALID
92H-07095,2026-07-29 02:25:00,487.2,0,"Phường Bình Phước, Tỉnh Đồng Nai",0.0,5.0,1,0,0.0,0.0,487.2,0.0,5.0,1,Stopped,0,0,0,0,0,VALID,VALID
92H-07095,2026-07-29 02:30:00,487.2,0,"Phường Bình Phước, Tỉnh Đồng Nai",0.0,5.0,1,0,0.0,0.0,487.2,0.0,5.0,1,Stopped,0,0,0,0,0,VALID,VALID
92H-07095,2026-07-29 02:35:00,487.2,0,"Phường Bình Phước, Tỉnh Đồng Nai",0.0,5.0,1,0,0.0,0.0,487.2,0.0,5.0,1,Stopped,0,0,0,0,0,VALID,VALID
92H-07095,2026-07-29 02:40:00,487.2,0,"Phường Bình Phước, Tỉnh Đồng Nai",0.0,5.0,1,0,0.0,0.0,487.2,0.0,5.0,1,Stopped,0,0,0,0,0,VALID,VALID
92H-07095,2026-07-29 02:45:00,487.2,0,"Phường Bình Phước, Tỉnh Đồng Nai",0.0,5.0,1,0,0.0,0.0,487.2,0.0,5.0,1,Stopped,0,0,0,0,0,VALID,VALID
92H-07095,2026-07-29 02:50:00,487.2,0,"Phường Bình Phước, Tỉnh Đồng Nai",0.0,5.0,1,0,0.0,0.0,487.2,0.0,5.0,1,Stopped,0,0,0,0,0,VALID,VALID
92H-07095,2026-07-29 02:55:00,487.2,0,"Phường Bình Phước, Tỉnh Đồng Nai",0.0,5.0,1,0,0.0,0.0,487.2,0.0,5.0,1,Stopped,0,0,0,0,0,VALID,VALID
92H-07095,2026-07-29 03:00:00,487.2,0,"Phường Bình Phước, Tỉnh Đồng Nai",0.0,5.0,1,0,0.0,0.0,487.2,0.0,5.0,1,Stopped,0,0,0,0,0,VALID,VALID
92H-07095,2026-07-29 03:05:00,487.2,0,"Phường Bình Phước, Tỉnh Đồng Nai",0.0,5.0,1,0,0.0,0.0,487.2,0.0,5.0,1,Stopped,0,0,0,0,0,VALID,VALID
92H-07095,2026-07-29 03:10:00,487.2,0,"Phường Bình Phước, Tỉnh Đồng Nai",0.0,5.0,1,0,0.0,0.0,487.2,0.0,5.0,1,Stopped,0,0,0,0,0,VALID,VALID
92H-07095,2026-07-29 03:15:00,487.2,0,"Phường Bình Phước, Tỉnh Đồng Nai",0.0,5.0,1,0,0.0,0.0,487.2,0.0,5.0,1,Stopped,0,0,0,0,0,VALID,VALID
92H-07095,2026-07-29 03:20:00,487.2,0,"Phường Bình Phước, Tỉnh Đồng Nai",0.0,5.0,1,0,0.0,0.0,487.2,0.0,5.0,1,Stopped,0,0,0,0,0,VALID,VALID
92H-07095,2026-07-29 03:25:00,487.2,0,"Phường Bình Phước, Tỉnh Đồng Nai",0.0,5.0,1,0,0.0,0.0,487.2,0.0,5.0,1,Stopped,0,0,0,0,0,VALID,VALID
92H-07095,2026-07-29 03:30:00,487.2,0,"Phường Bình Phước, Tỉnh Đồng Nai",0.0,5.0,1,0,0.0,0.0,487.2,0.0,5.0,1,Stopped,0,0,0,0,0,VALID,VALID
92H-07095,2026-07-29 03:35:00,487.2,0,"Phường Bình Phước, Tỉnh Đồng Nai",0.0,5.0,1,0,0.0,0.0,487.2,0.0,5.0,1,Stopped,0,0,0,0,0,VALID,VALID
92H-07095,2026-07-29 03:40:00,487.2,0,"Phường Bình Phước, Tỉnh Đồng Nai",0.0,5.0,1,0,0.0,0.0,487.2,0.0,5.0,1,Stopped,0,0,0,0,0,VALID,VALID
92H-07095,2026-07-29 03:45:00,487.2,0,"Phường Bình Phước, Tỉnh Đồng Nai",0.0,5.0,1,0,0.0,0.0,487.2,0.0,5.0,1,Stopped,0,0,0,0,0,VALID,VALID
92H-07095,2026-07-29 03:50:00,487.2,0,"Phường Bình Phước, Tỉnh Đồng Nai",0.0,5.0,1,0,0.0,0.0,487.2,0.0,5.0,1,Stopped,0,0,0,0,0,VALID,VALID
92H-07095,2026-07-29 03:55:00,487.2,0,"Phường Bình Phước, Tỉnh Đồng Nai",0.0,5.0,1,0,0.0,0.0,487.2,0.0,5.0,1,Stopped,0,0,0,0,0,VALID,VALID
92H-07095,2026-07-29 04:00:00,487.2,0,"Phường Bình Phước, Tỉnh Đồng Nai",0.0,5.0,1,0,0.0,0.0,487.2,0.0,5.0,1,Stopped,0,0,0,0,0,VALID,VALID
92H-07095,2026-07-29 04:05:00,487.2,0,"Phường Bình Phước, Tỉnh Đồng Nai",0.0,5.0,1,0,0.0,0.0,487.2,0.0,5.0,1,Stopped,0,0,0,0,0,VALID,VALID
92H-07095,2026-07-29 04:10:00,487.2,0,"Phường Bình Phước, Tỉnh Đồng Nai",0.0,5.0,1,0,0.0,0.0,487.2,0.0,5.0,1,Stopped,0,0,0,0,0,VALID,VALID
92H-07095,2026-07-29 04:15:00,487.2,0,"Phường Bình Phước, Tỉnh Đồng Nai",0.0,5.0,1,0,0.0,0.0,487.2,0.0,5.0,1,Stopped,0,0,0,0,0,VALID,VALID
92H-07095,2026-07-29 04:20:00,487.3,0,"Phường Bình Phước, Tỉnh Đồng Nai",0.0,5.0,1,0,0.10000000000002274,0.02000000000000455,487.2,0.04472135956656043,5.0,1,Stopped,0,0,0,0,0,VALID,VALID
92H-07095,2026-07-29 04:25:00,487.3,0,"Phường Bình Phước, Tỉnh Đồng Nai",0.0,5.0,1,0,0.0,0.0,487.2,0.05477225576403666,5.0,1,Stopped,0,0,0,0,0,VALID,VALID
92H-07095,2026-07-29 04:30:00,487.3,0,"Phường Bình Phước, Tỉnh Đồng Nai",0.0,5.0,1,0,0.0,0.0,487.3,0.05477225576403666,5.0,1,Stopped,0,0,0,0,0,VALID,VALID
92H-07095,2026-07-29 04:35:00,487.3,0,"Phường Bình Phước, Tỉnh Đồng Nai",0.0,5.0,1,0,0.0,0.0,487.3,0.04472135956656043,5.0,1,Stopped,0,0,0,0,0,VALID,VALID
92H-07095,2026-07-29 04:40:00,487.3,0,"Phường Bình Phước, Tỉnh Đồng Nai",0.0,5.0,1,0,0.0,0.0,487.3,0.0,5.0,1,Stopped,0,0,0,0,0,VALID,VALID
92H-07095,2026-07-29 04:45:00,487.3,0,"Phường Bình Phước, Tỉnh Đồng Nai",0.0,5.0,1,0,0.0,0.0,487.3,0.0,5.0,1,Stopped,0,0,0,0,0,VALID,VALID
92H-07095,2026-07-29 04:50:00,487.3,0,"Phường Bình Phước, Tỉnh Đồng Nai",0.0,5.0,1,0,0.0,0.0,487.3,0.0,5.0,1,Stopped,0,0,0,0,0,VALID,VALID
92H-07095,2026-07-29 04:55:00,487.3,0,"Phường Bình Phước, Tỉnh Đồng Nai",0.0,5.0,1,0,0.0,0.0,487.3,0.0,5.0,1,Stopped,0,0,0,0,0,VALID,VALID
92H-07095,2026-07-29 05:00:00,487.3,0,"Phường Bình Phước, Tỉnh Đồng Nai",0.0,5.0,1,0,0.0,0.0,487.3,0.0,5.0,1,Stopped,0,0,0,0,0,VALID,VALID
92H-07095,2026-07-29 05:05:00,487.3,0,"Phường Bình Phước, Tỉnh Đồng Nai",0.0,5.0,1,0,0.0,0.0,487.3,0.0,5.0,1,Stopped,0,0,0,0,0,VALID,VALID
92H-07095,2026-07-29 05:10:00,487.3,0,"Phường Bình Phước, Tỉnh Đồng Nai",0.0,5.0,1,0,0.0,0.0,487.3,0.0,5.0,1,Stopped,0,0,0,0,0,VALID,VALID
92H-07095,2026-07-29 05:15:00,487.3,0,"Phường Bình Phước, Tỉnh Đồng Nai",0.0,5.0,1,0,0.0,0.0,487.3,0.0,5.0,1,Stopped,0,0,0,0,0,VALID,VALID
92H-07095,2026-07-29 05:20:00,487.3,0,"Phường Bình Phước, Tỉnh Đồng Nai",0.0,5.0,1,0,0.0,0.0,487.3,0.0,5.0,1,Stopped,0,0,0,0,0,VALID,VALID
92H-07095,2026-07-29 05:25:00,487.3,0,"Phường Bình Phước, Tỉnh Đồng Nai",0.0,5.0,1,0,0.0,0.0,487.3,0.0,5.0,1,Stopped,0,0,0,0,0,VALID,VALID
92H-07095,2026-07-29 05:30:00,487.3,0,"Phường Bình Phước, Tỉnh Đồng Nai",0.0,5.0,1,0,0.0,0.0,487.3,0.0,5.0,1,Stopped,0,0,0,0,0,VALID,VALID
92H-07095,2026-07-29 05:35:00,487.3,0,"Phường Bình Phước, Tỉnh Đồng Nai",0.0,5.0,1,0,0.0,0.0,487.3,0.0,5.0,1,Stopped,0,0,0,0,0,VALID,VALID
92H-07095,2026-07-29 05:40:00,487.3,0,"Phường Bình Phước, Tỉnh Đồng Nai",0.0,5.0,1,0,0.0,0.0,487.3,0.0,5.0,1,Stopped,0,0,0,0,0,VALID,VALID
92H-07095,2026-07-29 05:45:00,487.5,0,"Phường Bình Phước, Tỉnh Đồng Nai",0.0,5.0,1,0,0.19999999999998863,0.039999999999997725,487.3,0.0894427191082971,5.0,1,Stopped,0,0,0,0,0,VALID,VALID
92H-07095,2026-07-29 05:50:00,487.5,0,"Phường Bình Phước, Tỉnh Đồng Nai",0.0,5.0,1,0,0.0,0.0,487.3,0.10954451150782424,5.0,1,Stopped,0,0,0,0,0,VALID,VALID
92H-07095,2026-07-29 05:55:00,487.5,0,"Phường Bình Phước, Tỉnh Đồng Nai",0.0,5.0,1,0,0.0,0.0,487.5,0.10954451150783592,5.0,1,Stopped,0,0,0,0,0,VALID,VALID
92H-07095,2026-07-29 06:00:00,487.5,0,"Phường Bình Phước, Tỉnh Đồng Nai",0.0,5.0,1,0,0.0,0.0,487.5,0.08944271910835667,5.0,1,Stopped,0,0,0,0,0,VALID,VALID
92H-07095,2026-07-29 06:05:00,487.5,0,"Phường Bình Phước, Tỉnh Đồng Nai",0.0,5.0,1,0,0.0,0.0,487.5,0.0,5.0,1,Stopped,0,0,0,0,0,VALID,VALID
92H-07095,2026-07-29 06:10:00,487.5,0,"Phường Bình Phước, Tỉnh Đồng Nai",0.0,5.0,1,0,0.0,0.0,487.5,0.0,5.0,1,Stopped,0,0,0,0,0,VALID,VALID
92H-07095,2026-07-29 06:15:00,487.5,0,"Phường Bình Phước, Tỉnh Đồng Nai",0.0,5.0,1,0,0.0,0.0,487.5,0.0,5.0,1,Stopped,0,0,0,0,0,VALID,VALID
92H-07095,2026-07-29 06:20:00,487.5,0,"Phường Bình Phước, Tỉnh Đồng Nai",0.0,5.0,1,0,0.0,0.0,487.5,0.0,5.0,1,Stopped,0,0,0,0,0,VALID,VALID
92H-07095,2026-07-29 06:25:00,487.5,0,"Phường Bình Phước, Tỉnh Đồng Nai",0.0,5.0,1,0,0.0,0.0,487.5,0.0,5.0,1,Stopped,0,0,0,0,0,VALID,VALID
92H-07095,2026-07-29 06:30:00,487.5,0,"Phường Bình Phước, Tỉnh Đồng Nai",0.0,5.0,1,0,0.0,0.0,487.5,0.0,5.0,1,Stopped,0,0,0,0,0,VALID,VALID
92H-07095,2026-07-29 06:35:00,487.5,0,"Phường Bình Phước, Tỉnh Đồng Nai",0.0,5.0,1,0,0.0,0.0,487.5,0.0,5.0,1,Stopped,0,0,0,0,0,VALID,VALID
92H-07095,2026-07-29 06:40:00,487.5,0,"Phường Bình Phước, Tỉnh Đồng Nai",0.0,5.0,1,0,0.0,0.0,487.5,0.0,5.0,1,Stopped,0,0,0,0,0,VALID,VALID
92H-07095,2026-07-29 06:45:00,487.5,0,"Phường Bình Phước, Tỉnh Đồng Nai",0.0,5.0,1,0,0.0,0.0,487.5,0.0,5.0,1,Stopped,0,0,0,0,0,VALID,VALID
92H-07095,2026-07-29 06:50:00,487.5,0,"Phường Bình Phước, Tỉnh Đồng Nai",0.0,5.0,1,0,0.0,0.0,487.5,0.0,5.0,1,Stopped,0,0,0,0,0,VALID,VALID
92H-07095,2026-07-29 06:55:00,487.5,0,"Phường Bình Phước, Tỉnh Đồng Nai",0.0,5.0,1,0,0.0,0.0,487.5,0.0,5.0,1,Stopped,0,0,0,0,0,VALID,VALID
92H-07095,2026-07-29 07:00:00,487.3,0,"Phường Bình Phước, Tỉnh Đồng Nai",0.0,5.0,1,0,-0.19999999999998863,-0.039999999999997725,487.5,0.08944271910835667,5.0,1,Stopped,0,0,0,0,0,VALID,VALID
92H-07095,2026-07-29 07:05:00,487.2,0,"Phường Bình Phước, Tỉnh Đồng Nai",0.0,5.0,1,0,-0.10000000000002274,-0.02000000000000455,487.5,0.1414213562425691,5.0,1,Stopped,0,0,0,0,0,VALID,VALID
92H-07095,2026-07-29 07:10:00,487.2,0,"Phường Bình Phước, Tỉnh Đồng Nai",0.0,5.0,1,0,0.0,0.0,487.3,0.15165750888589608,5.0,1,Stopped,0,0,0,0,0,VALID,VALID
92H-07095,2026-07-29 07:15:00,486.9,0,"Phường Bình Phước, Tỉnh Đồng Nai",0.0,5.0,1,0,-0.30000000000001137,-0.060000000000002274,487.2,0.21679483389014306,5.0,1,Stopped,0,0,0,0,0,VALID,VALID
92H-07095,2026-07-29 07:20:00,486.9,0,"Phường Bình Phước, Tỉnh Đồng Nai",0.0,5.0,1,0,0.0,0.0,487.2,0.18708286934251267,5.0,1,Stopped,0,0,0,0,0,VALID,VALID
92H-07095,2026-07-29 07:25:00,486.9,0,"Phường Bình Phước, Tỉnh Đồng Nai",0.0,5.0,1,0,0.0,0.0,486.9,0.1643167672558441,5.0,1,Stopped,0,0,0,0,0,VALID,VALID
92H-07095,2026-07-29 07:30:00,482.4,0,"Phường Bình Phước, Tỉnh Đồng Nai",0.0,5.0,1,0,-4.5,-0.9,486.9,2.0501219475927046,5.0,1,Stopped,0,0,0,0,0,VALID,VALID
92H-07095,2026-07-29 07:35:00,473.4,0,"Phường Bình Phước, Tỉnh Đồng Nai",0.0,5.0,1,0,-9.0,-1.8,486.9,5.867282164682474,5.0,1,Stopped,0,0,1,0,1,LARGE_DELTA,VALID
92H-07095,2026-07-29 07:40:00,464.0,0,"Phường Bình Phước, Tỉnh Đồng Nai",0.0,5.0,1,0,-9.399999999999977,-1.8799999999999955,482.4,9.903888125377872,5.0,1,Stopped,0,0,1,0,1,LARGE_DELTA,VALID
92H-07095,2026-07-29 07:45:00,463.8,0,"Phường Bình Phước, Tỉnh Đồng Nai",0.0,5.0,1,0,-0.19999999999998863,-0.039999999999997725,473.4,10.503808832990082,5.0,1,Stopped,0,0,0,0,0,VALID,VALID
92H-07095,2026-07-29 07:50:00,463.8,0,"Phường Bình Phước, Tỉnh Đồng Nai",0.0,5.0,1,0,0.0,0.0,464.0,8.319374976523193,5.0,1,Stopped,0,0,0,0,0,VALID,VALID
92H-07095,2026-07-29 07:55:00,463.7,0,"Phường Bình Phước, Tỉnh Đồng Nai",0.0,5.0,1,0,-0.10000000000002274,-0.02000000000000455,463.8,4.28345654816295,5.0,1,Stopped,0,0,0,0,0,VALID,VALID
92H-07095,2026-07-29 08:00:00,466.3,0,"Phường Bình Phước, Tỉnh Đồng Nai",0.0,5.0,1,0,2.6000000000000227,0.5200000000000046,463.8,1.112205017071938,5.0,1,Stopped,0,0,0,0,0,VALID,VALID
92H-07095,2026-07-29 08:05:00,475.0,0,"Phường Bình Phước, Tỉnh Đồng Nai",0.0,5.0,1,0,8.699999999999989,1.7399999999999978,463.8,4.865901766373872,5.0,1,Stopped,0,0,0,0,0,VALID,VALID
92H-07095,2026-07-29 08:10:00,471.6,0,"Phường Bình Phước, Tỉnh Đồng Nai",0.0,5.0,1,0,-3.3999999999999773,-0.6799999999999955,466.3,5.023644095674044,5.0,1,Stopped,0,0,0,0,0,VALID,VALID
92H-07095,2026-07-29 08:15:00,463.3,0,"Phường Bình Phước, Tỉnh Đồng Nai",0.0,5.0,1,0,-8.300000000000011,-1.6600000000000024,466.3,5.133906894364244,5.0,1,Stopped,0,0,0,0,0,VALID,VALID
92H-07095,2026-07-29 08:20:00,469.1,0,"Phường Bình Phước, Tỉnh Đồng Nai",0.0,5.0,1,0,5.800000000000011,1.1600000000000024,469.1,4.542356216766887,5.0,1,Stopped,0,0,0,0,0,VALID,VALID
92H-07095,2026-07-29 08:25:00,469.1,0,"Phường Bình Phước, Tỉnh Đồng Nai",0.0,5.0,1,0,0.0,0.0,469.1,4.282172345901186,5.0,1,Stopped,0,0,0,0,0,VALID,VALID
92H-07095,2026-07-29 08:30:00,469.1,0,"Phường Bình Phước, Tỉnh Đồng Nai",0.0,5.0,1,0,0.0,0.0,469.1,3.070504844484162,5.0,1,Stopped,0,0,0,0,0,VALID,VALID
92H-07095,2026-07-29 08:35:00,469.1,0,"Phường Bình Phước, Tỉnh Đồng Nai",0.0,5.0,1,0,0.0,0.0,469.1,2.5938388538998725,5.0,1,Stopped,0,0,0,0,0,VALID,VALID
92H-07095,2026-07-29 08:40:00,469.1,0,"Phường Bình Phước, Tỉnh Đồng Nai",0.0,5.0,1,0,0.0,0.0,469.1,0.0,5.0,1,Stopped,0,0,0,0,0,VALID,VALID
92H-07095,2026-07-29 08:45:00,469.1,0,"Phường Bình Phước, Tỉnh Đồng Nai",0.0,5.0,1,0,0.0,0.0,469.1,0.0,5.0,1,Stopped,0,0,0,0,0,VALID,VALID
92H-07095,2026-07-29 08:50:00,469.1,0,"Phường Bình Phước, Tỉnh Đồng Nai",0.0,5.0,1,0,0.0,0.0,469.1,0.0,5.0,1,Stopped,0,0,0,0,0,VALID,VALID
92H-07095,2026-07-29 08:55:00,469.1,0,"Phường Bình Phước, Tỉnh Đồng Nai",0.0,5.0,1,0,0.0,0.0,469.1,0.0,5.0,1,Stopped,0,0,0,0,0,VALID,VALID
92H-07095,2026-07-29 09:00:00,469.1,0,"Phường Bình Phước, Tỉnh Đồng Nai",0.0,5.0,1,0,0.0,0.0,469.1,0.0,5.0,1,Stopped,0,0,0,0,0,VALID,VALID
92H-07095,2026-07-29 09:05:00,469.1,0,"Phường Bình Phước, Tỉnh Đồng Nai",0.0,5.0,1,0,0.0,0.0,469.1,0.0,5.0,1,Stopped,0,0,0,0,0,VALID,VALID
92H-07095,2026-07-29 09:10:00,469.1,0,"Phường Bình Phước, Tỉnh Đồng Nai",0.0,5.0,1,0,0.0,0.0,469.1,0.0,5.0,1,Stopped,0,0,0,0,0,VALID,VALID
92H-07095,2026-07-29 09:15:00,469.3,0,"Phường Bình Phước, Tỉnh Đồng Nai",0.0,5.0,1,0,0.19999999999998863,0.039999999999997725,469.1,0.08944271910464492,5.0,1,Stopped,0,0,0,0,0,VALID,VALID
92H-07095,2026-07-29 09:20:00,469.3,0,"Phường Bình Phước, Tỉnh Đồng Nai",0.0,5.0,1,0,0.0,0.0,469.1,0.1095445115048656,5.0,1,Stopped,0,0,0,0,0,VALID,VALID
92H-07095,2026-07-29 09:25:00,469.3,0,"Phường Bình Phước, Tỉnh Đồng Nai",0.0,5.0,1,0,0.0,0.0,469.3,0.10954451150489415,5.0,1,Stopped,0,0,0,0,0,VALID,VALID
92H-07095,2026-07-29 09:30:00,469.3,0,"Phường Bình Phước, Tỉnh Đồng Nai",0.0,5.0,1,0,0.0,0.0,469.3,0.08944271910475377,5.0,1,Stopped,0,0,0,0,0,VALID,VALID
92H-07095,2026-07-29 09:35:00,469.3,0,"Phường Bình Phước, Tỉnh Đồng Nai",0.0,5.0,1,0,0.0,0.0,469.3,0.0,5.0,1,Stopped,0,0,0,0,0,VALID,VALID
92H-07095,2026-07-29 09:40:00,469.3,0,"Phường Bình Phước, Tỉnh Đồng Nai",0.0,5.0,1,0,0.0,0.0,469.3,0.0,5.0,1,Stopped,0,0,0,0,0,VALID,VALID
92H-07095,2026-07-29 09:45:00,469.3,0,"Phường Bình Phước, Tỉnh Đồng Nai",0.0,5.0,1,0,0.0,0.0,469.3,0.0,5.0,1,Stopped,0,0,0,0,0,VALID,VALID
92H-07095,2026-07-29 09:50:00,465.5,0,"Phường Bình Phước, Tỉnh Đồng Nai",0.0,5.0,1,0,-3.8000000000000114,-0.7600000000000022,469.3,1.6994116629000162,5.0,1,Stopped,0,0,0,0,0,VALID,VALID
92H-07095,2026-07-29 09:55:00,462.7,0,"Phường Bình Phước, Tỉnh Đồng Nai",0.0,5.0,1,0,-2.8000000000000114,-0.5600000000000023,469.3,3.015294347157523,5.0,1,Stopped,0,0,0,0,0,VALID,VALID
92H-07095,2026-07-29 10:00:00,462.5,0,"Phường Bình Phước, Tỉnh Đồng Nai",0.0,5.0,1,0,-0.19999999999998863,-0.039999999999997725,465.5,3.356784175367787,5.0,1,Stopped,0,0,0,0,0,VALID,VALID
92H-07095,2026-07-29 10:05:00,462.4,0,"Phường Bình Phước, Tỉnh Đồng Nai",0.0,5.0,1,0,-0.10000000000002274,-0.02000000000000455,462.7,2.986971710612436,5.0,1,Stopped,0,0,0,0,0,VALID,VALID
92H-07095,2026-07-29 10:10:00,462.4,0,"Phường Bình Phước, Tỉnh Đồng Nai",0.0,5.0,1,0,0.0,0.0,462.5,1.3472193585301009,5.0,1,Stopped,0,0,0,0,0,VALID,VALID
92H-07095,2026-07-29 10:15:00,462.4,0,"Phường Bình Phước, Tỉnh Đồng Nai",0.0,5.0,1,0,0.0,0.0,462.4,0.13038404809622098,5.0,1,Stopped,0,0,0,0,0,VALID,VALID
92H-07095,2026-07-29 10:20:00,462.4,0,"Phường Bình Phước, Tỉnh Đồng Nai",0.0,5.0,1,0,0.0,0.0,462.4,0.04472135952682176,5.0,1,Stopped,0,0,0,0,0,VALID,VALID
92H-07095,2026-07-29 10:25:00,462.4,0,"Phường Bình Phước, Tỉnh Đồng Nai",0.0,5.0,1,0,0.0,0.0,462.4,0.0,5.0,1,Stopped,0,0,0,0,0,VALID,VALID
92H-07095,2026-07-29 10:30:00,462.4,0,"Phường Bình Phước, Tỉnh Đồng Nai",0.0,5.0,1,0,0.0,0.0,462.4,0.0,5.0,1,Stopped,0,0,0,0,0,VALID,VALID
92H-07095,2026-07-29 10:35:00,462.4,0,"Phường Bình Phước, Tỉnh Đồng Nai",0.0,5.0,1,0,0.0,0.0,462.4,0.0,5.0,1,Stopped,0,0,0,0,0,VALID,VALID
92H-07095,2026-07-29 10:40:00,462.4,0,"Phường Bình Phước, Tỉnh Đồng Nai",0.0,5.0,1,0,0.0,0.0,462.4,0.0,5.0,1,Stopped,0,0,0,0,0,VALID,VALID
92H-07095,2026-07-29 10:45:00,462.5,0,"Phường Bình Phước, Tỉnh Đồng Nai",0.0,5.0,1,0,0.10000000000002274,0.02000000000000455,462.4,0.04472135952682176,5.0,1,Stopped,0,0,0,0,0,VALID,VALID
92H-07095,2026-07-29 10:50:00,462.7,0,"Phường Bình Phước, Tỉnh Đồng Nai",0.0,5.0,1,0,0.19999999999998863,0.039999999999997725,462.4,0.13038404809622098,5.0,1,Stopped,0,0,0,0,0,VALID,VALID
92H-07095,2026-07-29 10:55:00,462.7,0,"Phường Bình Phước, Tỉnh Đồng Nai",0.0,5.0,1,0,0.0,0.0,462.5,0.1516575088743872,5.0,1,Stopped,0,0,0,0,0,VALID,VALID
92H-07095,2026-07-29 11:00:00,462.7,0,"Phường Bình Phước, Tỉnh Đồng Nai",0.0,5.0,1,0,0.0,0.0,462.7,0.1414213562302815,5.0,1,Stopped,0,0,0,0,0,VALID,VALID
92H-07095,2026-07-29 11:05:00,463.1,0,"Phường Bình Phước, Tỉnh Đồng Nai",0.0,5.0,1,0,0.4000000000000341,0.08000000000000682,462.7,0.2190890229976997,5.0,1,Stopped,0,0,0,0,0,VALID,VALID
92H-07095,2026-07-29 11:10:00,463.1,0,"Phường Bình Phước, Tỉnh Đồng Nai",0.0,5.0,1,0,0.0,0.0,462.7,0.21908902299785538,5.0,1,Stopped,0,0,0,0,0,VALID,VALID
92H-07095,2026-07-29 11:15:00,463.4,0,"Phường Bình Phước, Tỉnh Đồng Nai",0.0,5.0,1,0,0.2999999999999545,0.05999999999999091,463.1,0.29999999999703797,5.0,1,Stopped,0,0,0,0,0,VALID,VALID
92H-07095,2026-07-29 11:20:00,463.7,0,"Phường Bình Phước, Tỉnh Đồng Nai",0.0,5.0,1,0,0.30000000000001137,0.060000000000002274,463.1,0.3741657386751697,5.0,1,Stopped,0,0,0,0,0,VALID,VALID
92H-07095,2026-07-29 11:25:00,467.2,0,"Phường Bình Phước, Tỉnh Đồng Nai",0.0,5.0,1,0,3.5,0.7,463.4,1.7507141400008366,5.0,1,Stopped,0,0,0,0,0,VALID,VALID
92H-07095,2026-07-29 11:30:00,472.8,0,"Phường Bình Phước, Tỉnh Đồng Nai",0.0,5.0,1,0,5.600000000000023,1.1200000000000045,463.7,4.127105523245096,5.0,1,Stopped,0,0,0,0,0,VALID,VALID
92H-07095,2026-07-29 11:35:00,472.7,0,"Phường Bình Phước, Tỉnh Đồng Nai",0.0,5.0,1,0,-0.10000000000002274,-0.02000000000000455,467.2,4.620930642197693,5.0,1,Stopped,0,0,0,0,0,VALID,VALID
92H-07095,2026-07-29 11:40:00,482.6,10,"Tỉnh Lộ 741, Phường Bình Phước, Tỉnh Đồng Nai",0.0,5.0,1,0,9.900000000000034,1.9800000000000069,472.7,7.162750868207302,5.0,1,Moving,0,0,1,0,1,LARGE_DELTA,VALID
92H-07095,2026-07-29 11:45:00,479.0,53,"Tổ 33, Xã Đồng Phú, Tỉnh Đồng Nai",0.0,5.0,1,0,-3.6000000000000227,-0.7200000000000045,472.8,6.013152251523865,5.0,1,Moving,0,0,0,0,0,VALID,VALID
92H-07095,2026-07-29 11:50:00,479.9,53,"Tỉnh Lộ 741, Xã Đồng Phú, Tỉnh Đồng Nai",0.0,5.0,1,0,0.8999999999999773,0.17999999999999544,479.0,4.44690903887276,5.0,1,Moving,0,0,0,0,0,VALID,VALID
92H-07095,2026-07-29 11:55:00,477.8,50,"Tỉnh Lộ 741, Xã Đồng Phú, Tỉnh Đồng Nai",0.0,5.0,1,0,-2.099999999999966,-0.41999999999999316,479.0,3.6434873404485777,5.0,1,Moving,0,0,0,0,0,VALID,VALID
92H-07095,2026-07-29 12:00:00,476.8,0,"Tỉnh Lộ 741, Xã Phú Giáo, TP Hồ Chí Minh",0.0,5.0,1,0,-1.0,-0.2,479.0,2.2253089673143465,5.0,1,Stopped,0,0,0,0,0,VALID,VALID
92H-07095,2026-07-29 12:05:00,476.3,0,"Tỉnh Lộ 741, Xã Phú Giáo, TP Hồ Chí Minh",0.0,5.0,1,0,-0.5,-0.1,477.8,1.4976648490261761,5.0,1,Stopped,0,0,0,0,0,VALID,VALID
92H-07095,2026-07-29 12:10:00,476.3,0,"Tỉnh Lộ 741, Xã Phú Giáo, TP Hồ Chí Minh",0.0,5.0,1,0,0.0,0.0,476.8,1.5155856953693372,5.0,1,Stopped,0,0,0,0,0,VALID,VALID
92H-07095,2026-07-29 12:15:00,476.3,0,"Tỉnh Lộ 741, Xã Phú Giáo, TP Hồ Chí Minh",0.0,5.0,1,0,0.0,0.0,476.3,0.6519202405261088,5.0,1,Stopped,0,0,0,0,0,VALID,VALID
92H-07095,2026-07-29 12:20:00,476.3,0,"Tỉnh Lộ 741, Xã Phú Giáo, TP Hồ Chí Minh",0.0,5.0,1,0,0.0,0.0,476.3,0.22360679776649148,5.0,1,Stopped,0,0,0,0,0,VALID,VALID
92H-07095,2026-07-29 12:25:00,476.3,0,"Tỉnh Lộ 741, Xã Phú Giáo, TP Hồ Chí Minh",0.0,5.0,1,0,0.0,0.0,476.3,0.0,5.0,1,Stopped,0,0,0,0,0,VALID,VALID
92H-07095,2026-07-29 12:30:00,472.4,49,"Tỉnh Lộ 741, Xã Phú Giáo, TP Hồ Chí Minh",0.0,5.0,1,0,-3.900000000000034,-0.7800000000000068,476.3,1.7441330224517706,5.0,1,Moving,0,0,0,0,0,VALID,VALID
92H-07095,2026-07-29 12:35:00,478.1,0,"Tỉnh Lộ 741, Xã Phú Giáo, TP Hồ Chí Minh",0.0,5.0,1,0,5.7000000000000455,1.140000000000009,476.3,2.095709903590448,5.0,1,Stopped,0,0,0,0,0,VALID,VALID
92H-07095,2026-07-29 12:40:00,473.4,54,"Tỉnh Lộ 741, Xã Phú Giáo, TP Hồ Chí Minh",0.0,5.0,1,0,-4.7000000000000455,-0.940000000000009,476.3,2.3377339455136084,5.0,1,Moving,0,0,0,0,0,VALID,VALID
92H-07095,2026-07-29 12:45:00,476.9,42,Chợ Phú Giáo ( về ),0.0,5.0,1,0,3.5,0.7,476.3,2.4159884105696143,5.0,1,Moving,0,0,0,0,0,VALID,VALID
92H-07095,2026-07-29 12:50:00,470.5,50,"Tỉnh Lộ 741, Xã Phước Hòa, TP Hồ Chí Minh",0.0,5.0,1,0,-6.399999999999977,-1.2799999999999954,473.4,3.164332473051103,5.0,1,Moving,0,0,0,0,0,VALID,VALID
92H-07095,2026-07-29 12:55:00,470.9,42,"Tỉnh Lộ 741, Xã Phước Hòa, TP Hồ Chí Minh",0.0,5.0,1,0,0.39999999999997726,0.07999999999999545,473.4,3.4435446853504676,5.0,1,Moving,0,0,0,0,0,VALID,VALID
92H-07095,2026-07-29 13:00:00,469.6,0,"Tỉnh Lộ 741, Xã Phước Hòa, TP Hồ Chí Minh",0.0,5.0,1,0,-1.2999999999999545,-0.2599999999999909,470.9,2.9517791245287732,5.0,1,Stopped,0,0,0,0,0,VALID,VALID
92H-07095,2026-07-29 13:05:00,466.6,51,"Tỉnh Lộ 741, Xã Phước Hòa, TP Hồ Chí Minh",0.0,5.0,1,0,-3.0,-0.6,470.5,3.752998800959389,5.0,1,Moving,0,0,0,0,0,VALID,VALID
92H-07095,2026-07-29 13:10:00,468.7,8,Ngã 3 Cổng Xanh ( đi),0.0,5.0,1,0,2.099999999999966,0.41999999999999316,469.6,1.7126003620229542,5.0,1,Moving,0,0,0,0,0,VALID,VALID
92H-07095,2026-07-29 13:15:00,467.7,43,"Tỉnh Lộ 747, Phường Bình Cơ, TP Hồ Chí Minh",0.0,5.0,1,0,-1.0,-0.2,468.7,1.662828914831764,5.0,1,Moving,0,0,0,0,0,VALID,VALID
92H-07095,2026-07-29 13:20:00,467.4,42,"Tỉnh Lộ 747, Phường Bình Cơ, TP Hồ Chí Minh",0.0,5.0,1,0,-0.30000000000001137,-0.060000000000002274,467.7,1.1683321445547612,5.0,1,Moving,0,0,0,0,0,VALID,VALID
92H-07095,2026-07-29 13:25:00,464.6,0,"Tỉnh Lộ 747, Phường Bình Cơ, TP Hồ Chí Minh",0.0,5.0,1,0,-2.7999999999999545,-0.559999999999991,467.4,1.537855649922609,5.0,1,Stopped,0,0,0,0,0,VALID,VALID
92H-07095,2026-07-29 13:30:00,464.0,33,"Tỉnh Lộ 747, Phường Bình Cơ, TP Hồ Chí Minh",0.0,5.0,1,0,-0.6000000000000227,-0.12000000000000455,467.4,2.058397434898906,5.0,1,Moving,0,0,0,0,0,VALID,VALID
92H-07095,2026-07-29 13:35:00,466.0,0,"Tỉnh Lộ 745, Phường Tân Hiệp, TP Hồ Chí Minh",0.0,5.0,1,0,2.0,0.4,466.0,1.6425589791535296,5.0,1,Stopped,0,0,0,0,0,VALID,VALID
92H-07095,2026-07-29 13:40:00,463.3,49,"Tỉnh Lộ 745, Phường Tân Hiệp, TP Hồ Chí Minh",0.0,5.0,1,0,-2.6999999999999886,-0.5399999999999977,464.6,1.6425589791532593,5.0,1,Moving,0,0,0,0,0,VALID,VALID
92H-07095,2026-07-29 13:45:00,462.4,36,"Tỉnh Lộ 745, Phường Tân Hiệp, TP Hồ Chí Minh",0.0,5.0,1,0,-0.9000000000000341,-0.18000000000000682,464.0,1.3594116374358671,5.0,1,Moving,0,0,0,0,0,VALID,VALID
92H-07095,2026-07-29 13:50:00,466.3,0,"Tỉnh Lộ 745, Phường Tân Hiệp, TP Hồ Chí Minh",0.0,5.0,1,0,3.900000000000034,0.7800000000000068,464.0,1.69852877514525,5.0,1,Stopped,0,0,0,0,0,VALID,VALID
92H-07095,2026-07-29 13:55:00,462.2,13,"Tỉnh Lộ 745, Phường Tân Khánh, TP Hồ Chí Minh",0.0,5.0,1,0,-4.100000000000023,-0.8200000000000045,463.3,1.973068675945177,5.0,1,Moving,0,0,0,0,0,VALID,VALID
92H-07095,2026-07-29 14:00:00,457.2,33,"Tỉnh Lộ 743, Phường An Phú, TP Hồ Chí Minh",0.0,5.0,1,0,-5.0,-1.0,462.4,3.279786578421554,5.0,1,Moving,0,0,0,0,0,VALID,VALID
92H-07095,2026-07-29 14:05:00,458.0,58,"Tỉnh Lộ 743, Phường An Phú, TP Hồ Chí Minh",0.0,5.0,1,0,0.8000000000000114,0.16000000000000228,462.2,3.697566767482776,5.0,1,Moving,0,0,0,0,0,VALID,VALID
92H-07095,2026-07-29 14:10:00,460.2,0,Bến xe An Phú,0.0,5.0,1,0,2.1999999999999886,0.4399999999999977,460.2,3.6526702561266857,5.0,1,Stopped,0,0,0,0,0,VALID,VALID
92H-07095,2026-07-29 14:15:00,461.5,0,Trạm thu phí BOT An Phú,0.0,5.0,1,0,1.3000000000000114,0.2600000000000023,460.2,2.1684095554095673,5.0,1,Stopped,0,0,0,0,0,VALID,VALID
92H-07095,2026-07-29 14:20:00,460.0,29,"Tỉnh Lộ 743, Phường Dĩ An, TP Hồ Chí Minh",0.0,5.0,1,0,-1.5,-0.3,460.0,1.7469974241512478,5.0,1,Moving,0,0,0,0,0,VALID,VALID
92H-07095,2026-07-29 14:25:00,458.1,0,"Tỉnh Lộ 743, Phường Bình Hòa, TP Hồ Chí Minh",0.0,5.0,1,0,-1.8999999999999773,-0.37999999999999545,460.0,1.494322588998522,5.0,1,Stopped,0,0,0,0,0,VALID,VALID
92H-07095,2026-07-29 14:30:00,457.8,0,"Số 18 KCN Sóng Thần I, Phường Dĩ An, TP Hồ Chí Minh",0.0,5.0,1,0,-0.30000000000001137,-0.060000000000002274,460.0,1.5482247898774852,5.0,1,Stopped,0,0,0,0,0,VALID,VALID
92H-07095,2026-07-29 14:35:00,456.4,0,"Số 8, Phường Dĩ An, TP Hồ Chí Minh",0.0,5.0,1,0,-1.400000000000034,-0.2800000000000068,458.1,1.9982492337019355,5.0,1,Stopped,0,0,0,0,0,VALID,VALID
92H-07095,2026-07-29 14:40:00,456.4,0,"Số 8, Phường Dĩ An, TP Hồ Chí Minh",0.0,5.0,1,0,0.0,0.0,457.8,1.4859340496769076,5.0,1,Stopped,0,0,0,0,0,VALID,VALID
92H-07095,2026-07-29 14:45:00,456.4,0,"Số 8, Phường Dĩ An, TP Hồ Chí Minh",0.0,5.0,1,0,0.0,0.0,456.4,0.8555699854415272,5.0,1,Stopped,0,0,0,0,0,VALID,VALID
92H-07095,2026-07-29 14:50:00,456.4,0,"Số 8, Phường Dĩ An, TP Hồ Chí Minh",0.0,5.0,1,0,0.0,0.0,456.4,0.6260990336903681,5.0,1,Stopped,0,0,0,0,0,VALID,VALID
92H-07095,2026-07-29 14:55:00,456.4,0,"Số 8, Phường Dĩ An, TP Hồ Chí Minh",0.0,5.0,1,0,0.0,0.0,456.4,0.0,5.0,1,Stopped,0,0,0,0,0,VALID,VALID
92H-07095,2026-07-29 15:00:00,456.4,0,"Số 8, Phường Dĩ An, TP Hồ Chí Minh",0.0,5.0,1,0,0.0,0.0,456.4,0.0,5.0,1,Stopped,0,0,0,0,0,VALID,VALID
92H-07095,2026-07-29 15:05:00,456.4,0,"Số 8, Phường Dĩ An, TP Hồ Chí Minh",0.0,5.0,1,0,0.0,0.0,456.4,0.0,5.0,1,Stopped,0,0,0,0,0,VALID,VALID
92H-07095,2026-07-29 15:10:00,456.4,0,"Số 8, Phường Dĩ An, TP Hồ Chí Minh",0.0,5.0,1,0,0.0,0.0,456.4,0.0,5.0,1,Stopped,0,0,0,0,0,VALID,VALID
92H-07095,2026-07-29 15:15:00,456.4,0,"Số 8, Phường Dĩ An, TP Hồ Chí Minh",0.0,5.0,1,0,0.0,0.0,456.4,0.0,5.0,1,Stopped,0,0,0,0,0,VALID,VALID
92H-07095,2026-07-29 15:20:00,456.4,0,"Số 8, Phường Dĩ An, TP Hồ Chí Minh",0.0,5.0,1,0,0.0,0.0,456.4,0.0,5.0,1,Stopped,0,0,0,0,0,VALID,VALID
92H-07095,2026-07-29 15:25:00,456.4,0,"Số 8, Phường Dĩ An, TP Hồ Chí Minh",0.0,5.0,1,0,0.0,0.0,456.4,0.0,5.0,1,Stopped,0,0,0,0,0,VALID,VALID
92H-07095,2026-07-29 15:30:00,456.4,0,"Số 8, Phường Dĩ An, TP Hồ Chí Minh",0.0,5.0,1,0,0.0,0.0,456.4,0.0,5.0,1,Stopped,0,0,0,0,0,VALID,VALID
92H-07095,2026-07-29 15:35:00,456.4,0,"Số 8, Phường Dĩ An, TP Hồ Chí Minh",0.0,5.0,1,0,0.0,0.0,456.4,0.0,5.0,1,Stopped,0,0,0,0,0,VALID,VALID
92H-07095,2026-07-29 15:40:00,456.4,0,"Số 8, Phường Dĩ An, TP Hồ Chí Minh",0.0,5.0,1,0,0.0,0.0,456.4,0.0,5.0,1,Stopped,0,0,0,0,0,VALID,VALID
92H-07095,2026-07-29 15:45:00,456.4,0,"Số 8, Phường Dĩ An, TP Hồ Chí Minh",0.0,5.0,1,0,0.0,0.0,456.4,0.0,5.0,1,Stopped,0,0,0,0,0,VALID,VALID
92H-07095,2026-07-29 15:50:00,456.4,0,"Số 8, Phường Dĩ An, TP Hồ Chí Minh",0.0,5.0,1,0,0.0,0.0,456.4,0.0,5.0,1,Stopped,0,0,0,0,0,VALID,VALID
92H-07095,2026-07-29 15:55:00,456.4,0,"Số 8, Phường Dĩ An, TP Hồ Chí Minh",0.0,5.0,1,0,0.0,0.0,456.4,0.0,5.0,1,Stopped,0,0,0,0,0,VALID,VALID
92H-07095,2026-07-29 16:00:00,456.4,0,"Số 8, Phường Dĩ An, TP Hồ Chí Minh",0.0,5.0,1,0,0.0,0.0,456.4,0.0,5.0,1,Stopped,0,0,0,0,0,VALID,VALID
92H-07095,2026-07-29 16:05:00,456.4,0,"Số 8, Phường Dĩ An, TP Hồ Chí Minh",0.0,5.0,1,0,0.0,0.0,456.4,0.0,5.0,1,Stopped,0,0,0,0,0,VALID,VALID
92H-07095,2026-07-29 16:10:00,456.4,0,"Số 8, Phường Dĩ An, TP Hồ Chí Minh",0.0,5.0,1,0,0.0,0.0,456.4,0.0,5.0,1,Stopped,0,0,0,0,0,VALID,VALID
92H-07095,2026-07-29 16:15:00,456.4,0,"Số 8, Phường Dĩ An, TP Hồ Chí Minh",0.0,5.0,1,0,0.0,0.0,456.4,0.0,5.0,1,Stopped,0,0,0,0,0,VALID,VALID
92H-07095,2026-07-29 16:20:00,456.4,0,"Số 8, Phường Dĩ An, TP Hồ Chí Minh",0.0,5.0,1,0,0.0,0.0,456.4,0.0,5.0,1,Stopped,0,0,0,0,0,VALID,VALID
92H-07095,2026-07-29 16:25:00,456.4,0,"Số 8, Phường Dĩ An, TP Hồ Chí Minh",0.0,5.0,1,0,0.0,0.0,456.4,0.0,5.0,1,Stopped,0,0,0,0,0,VALID,VALID
92H-07095,2026-07-29 16:30:00,456.4,0,"Số 8, Phường Dĩ An, TP Hồ Chí Minh",0.0,5.0,1,0,0.0,0.0,456.4,0.0,5.0,1,Stopped,0,0,0,0,0,VALID,VALID
92H-07095,2026-07-29 16:35:00,456.4,0,"Số 8, Phường Dĩ An, TP Hồ Chí Minh",0.0,5.0,1,0,0.0,0.0,456.4,0.0,5.0,1,Stopped,0,0,0,0,0,VALID,VALID
92H-07095,2026-07-29 16:40:00,456.5,0,"Số 8, Phường Dĩ An, TP Hồ Chí Minh",0.0,5.0,1,0,0.10000000000002274,0.02000000000000455,456.4,0.04472135941256098,5.0,1,Stopped,0,0,0,0,0,VALID,VALID
92H-07095,2026-07-29 16:45:00,456.5,0,"Số 8, Phường Dĩ An, TP Hồ Chí Minh",0.0,5.0,1,0,0.0,0.0,456.4,0.05477225563852754,5.0,1,Stopped,0,0,0,0,0,VALID,VALID
92H-07095,2026-07-29 16:50:00,456.1,0,"Số 8, Phường Dĩ An, TP Hồ Chí Minh",0.0,5.0,1,0,-0.39999999999997726,-0.07999999999999545,456.4,0.16431676721397356,5.0,1,Stopped,0,0,0,0,0,VALID,VALID
92H-07095,2026-07-29 16:55:00,456.1,0,"Số 8, Phường Dĩ An, TP Hồ Chí Minh",0.0,5.0,1,0,0.0,0.0,456.4,0.20493901528887135,5.0,1,Stopped,0,0,0,0,0,VALID,VALID
92H-07095,2026-07-29 17:00:00,455.9,0,"Số 8, Phường Dĩ An, TP Hồ Chí Minh",0.0,5.0,1,0,-0.20000000000004547,-0.0400000000000091,456.1,0.26832815727659776,5.0,1,Stopped,0,0,0,0,0,VALID,VALID
92H-07095,2026-07-29 17:05:00,455.8,0,"Số 8, Phường Dĩ An, TP Hồ Chí Minh",0.0,5.0,1,0,-0.0999999999999659,-0.01999999999999318,456.1,0.26832815727628445,5.0,1,Stopped,0,0,0,0,0,VALID,VALID
92H-07095,2026-07-29 17:10:00,455.6,0,"Số 8, Phường Dĩ An, TP Hồ Chí Minh",0.0,5.0,1,0,-0.19999999999998863,-0.039999999999997725,455.9,0.21213203432548236,5.0,1,Stopped,0,0,0,0,0,VALID,VALID
92H-07095,2026-07-29 17:15:00,455.5,0,"Số 8, Phường Dĩ An, TP Hồ Chí Minh",0.0,5.0,1,0,-0.10000000000002274,-0.02000000000000455,455.8,0.23874672769887492,5.0,1,Stopped,0,0,0,0,0,VALID,VALID
92H-07095,2026-07-29 17:20:00,455.3,0,"Số 8, Phường Dĩ An, TP Hồ Chí Minh",0.0,5.0,1,0,-0.19999999999998863,-0.039999999999997725,455.6,0.2387467276984416,5.0,1,Stopped,0,0,0,0,0,VALID,VALID
92H-07095,2026-07-29 17:25:00,455.3,0,"Số 8, Phường Dĩ An, TP Hồ Chí Minh",0.0,5.0,1,0,0.0,0.0,455.5,0.2121320343243003,5.0,1,Stopped,0,0,0,0,0,VALID,VALID
92H-07095,2026-07-29 17:30:00,455.3,0,"Số 8, Phường Dĩ An, TP Hồ Chí Minh",0.0,5.0,1,0,0.0,0.0,455.3,0.14142135618936513,5.0,1,Stopped,0,0,0,0,0,VALID,VALID
92H-07095,2026-07-29 17:35:00,455.3,0,"Số 8, Phường Dĩ An, TP Hồ Chí Minh",0.0,5.0,1,0,0.0,0.0,455.3,0.08944271902376671,5.0,1,Stopped,0,0,0,0,0,VALID,VALID
92H-07095,2026-07-29 17:40:00,455.3,0,"Số 8, Phường Dĩ An, TP Hồ Chí Minh",0.0,5.0,1,0,0.0,0.0,455.3,0.0,5.0,1,Stopped,0,0,0,0,0,VALID,VALID
92H-07095,2026-07-29 17:45:00,452.5,33,"Số 6, Phường Dĩ An, TP Hồ Chí Minh",0.0,5.0,1,0,-2.8000000000000114,-0.5600000000000023,455.3,1.2521980673941404,5.0,1,Moving,0,0,0,0,0,VALID,VALID
92H-07095,2026-07-29 17:50:00,457.1,0,"Số 2, Phường Dĩ An, TP Hồ Chí Minh",0.0,5.0,1,0,4.600000000000023,0.9200000000000046,455.3,1.64924225024286,5.0,1,Stopped,0,0,0,0,0,VALID,VALID
92H-07095,2026-07-29 17:55:00,454.1,0,"Phường Dĩ An, TP Hồ Chí Minh",0.0,5.0,1,0,-3.0,-0.6,455.3,1.6994116628956608,5.0,1,Stopped,0,0,0,0,0,VALID,VALID
92H-07095,2026-07-29 18:00:00,453.4,0,"Phường Dĩ An, TP Hồ Chí Minh",0.0,5.0,1,0,-0.7000000000000455,-0.1400000000000091,454.1,1.7866169147260653,5.0,1,Stopped,0,0,0,0,0,VALID,VALID
92H-07095,2026-07-29 18:05:00,454.3,0,"Phường Dĩ An, TP Hồ Chí Minh",0.0,5.0,1,0,0.9000000000000341,0.18000000000000682,454.1,1.7268468374424526,5.0,1,Stopped,0,0,0,0,0,VALID,VALID
92H-07095,2026-07-29 18:10:00,454.4,0,"Phường Dĩ An, TP Hồ Chí Minh",0.0,5.0,1,0,0.0999999999999659,0.01999999999999318,454.3,1.4188023118058097,5.0,1,Stopped,0,0,0,0,0,VALID,VALID
92H-07095,2026-07-29 18:15:00,454.4,0,"Phường Dĩ An, TP Hồ Chí Minh",0.0,5.0,1,0,0.0,0.0,454.3,0.42071367934112647,5.0,1,Stopped,0,0,0,0,0,VALID,VALID
92H-07095,2026-07-29 18:20:00,454.4,0,"Phường Dĩ An, TP Hồ Chí Minh",0.0,5.0,1,0,0.0,0.0,454.4,0.4381780459868211,5.0,1,Stopped,0,0,0,0,0,VALID,VALID
92H-07095,2026-07-29 18:25:00,454.4,0,"Phường Dĩ An, TP Hồ Chí Minh",0.0,5.0,1,0,0.0,0.0,454.4,0.04472135938335701,5.0,1,Stopped,0,0,0,0,0,VALID,VALID
92H-07095,2026-07-29 18:30:00,454.6,0,"Phường Dĩ An, TP Hồ Chí Minh",0.0,5.0,1,0,0.20000000000004547,0.0400000000000091,454.4,0.08944271901716251,5.0,1,Stopped,0,0,0,0,0,VALID,VALID
92H-07095,2026-07-29 18:35:00,454.6,0,"Phường Dĩ An, TP Hồ Chí Minh",0.0,5.0,1,0,0.0,0.0,454.4,0.10954451143366159,5.0,1,Stopped,0,0,0,0,0,VALID,VALID
92H-07095,2026-07-29 18:40:00,454.4,0,"Phường Dĩ An, TP Hồ Chí Minh",0.0,5.0,1,0,-0.20000000000004547,-0.0400000000000091,454.4,0.10954451143366158,5.0,1,Stopped,0,0,0,0,0,VALID,VALID
92H-07095,2026-07-29 18:45:00,454.4,0,"Phường Dĩ An, TP Hồ Chí Minh",0.0,5.0,1,0,0.0,0.0,454.4,0.10954451143366158,5.0,1,Stopped,0,0,0,0,0,VALID,VALID
92H-07095,2026-07-29 18:50:00,454.4,0,"Phường Dĩ An, TP Hồ Chí Minh",0.0,5.0,1,0,0.0,0.0,454.4,0.10954451143366158,5.0,1,Stopped,0,0,0,0,0,VALID,VALID
92H-07095,2026-07-29 18:55:00,454.4,0,"Phường Dĩ An, TP Hồ Chí Minh",0.0,5.0,1,0,0.0,0.0,454.4,0.0894427190171625,5.0,1,Stopped,0,0,0,0,0,VALID,VALID
92H-07095,2026-07-29 19:00:00,454.4,0,"Phường Dĩ An, TP Hồ Chí Minh",0.0,5.0,1,0,0.0,0.0,454.4,0.0,5.0,1,Stopped,0,0,0,0,0,VALID,VALID
92H-07095,2026-07-29 19:05:00,454.4,0,"Phường Dĩ An, TP Hồ Chí Minh",0.0,5.0,1,0,0.0,0.0,454.4,0.0,5.0,1,Stopped,0,0,0,0,0,VALID,VALID
92H-07095,2026-07-29 19:10:00,454.4,0,"Phường Dĩ An, TP Hồ Chí Minh",0.0,5.0,1,0,0.0,0.0,454.4,0.0,5.0,1,Stopped,0,0,0,0,0,VALID,VALID
92H-07095,2026-07-29 19:15:00,454.4,0,"Phường Dĩ An, TP Hồ Chí Minh",0.0,5.0,1,0,0.0,0.0,454.4,0.0,5.0,1,Stopped,0,0,0,0,0,VALID,VALID
92H-07095,2026-07-29 19:20:00,454.4,0,"Phường Dĩ An, TP Hồ Chí Minh",0.0,5.0,1,0,0.0,0.0,454.4,0.0,5.0,1,Stopped,0,0,0,0,0,VALID,VALID
92H-07095,2026-07-29 19:25:00,454.4,0,"Phường Dĩ An, TP Hồ Chí Minh",0.0,5.0,1,0,0.0,0.0,454.4,0.0,5.0,1,Stopped,0,0,0,0,0,VALID,VALID
92H-07095,2026-07-29 19:30:00,454.4,0,"Phường Dĩ An, TP Hồ Chí Minh",0.0,5.0,1,0,0.0,0.0,454.4,0.0,5.0,1,Stopped,0,0,0,0,0,VALID,VALID
92H-07095,2026-07-29 19:35:00,454.4,0,"Phường Dĩ An, TP Hồ Chí Minh",0.0,5.0,1,0,0.0,0.0,454.4,0.0,5.0,1,Stopped,0,0,0,0,0,VALID,VALID
92H-07095,2026-07-29 19:40:00,454.4,0,"Phường Dĩ An, TP Hồ Chí Minh",0.0,5.0,1,0,0.0,0.0,454.4,0.0,5.0,1,Stopped,0,0,0,0,0,VALID,VALID
92H-07095,2026-07-29 19:45:00,454.4,0,"Phường Dĩ An, TP Hồ Chí Minh",0.0,5.0,1,0,0.0,0.0,454.4,0.0,5.0,1,Stopped,0,0,0,0,0,VALID,VALID
92H-07095,2026-07-29 19:50:00,454.4,0,"Phường Dĩ An, TP Hồ Chí Minh",0.0,5.0,1,0,0.0,0.0,454.4,0.0,5.0,1,Stopped,0,0,0,0,0,VALID,VALID
92H-07095,2026-07-29 19:55:00,454.4,0,"Phường Dĩ An, TP Hồ Chí Minh",0.0,5.0,1,0,0.0,0.0,454.4,0.0,5.0,1,Stopped,0,0,0,0,0,VALID,VALID
92H-07095,2026-07-29 20:00:00,454.4,0,"Phường Dĩ An, TP Hồ Chí Minh",0.0,5.0,1,0,0.0,0.0,454.4,0.0,5.0,1,Stopped,0,0,0,0,0,VALID,VALID
92H-07095,2026-07-29 20:05:00,454.4,0,"Phường Dĩ An, TP Hồ Chí Minh",0.0,5.0,1,0,0.0,0.0,454.4,0.0,5.0,1,Stopped,0,0,0,0,0,VALID,VALID
92H-07095,2026-07-29 20:10:00,454.4,0,"Phường Dĩ An, TP Hồ Chí Minh",0.0,5.0,1,0,0.0,0.0,454.4,0.0,5.0,1,Stopped,0,0,0,0,0,VALID,VALID
92H-07095,2026-07-29 20:15:00,454.4,0,"Phường Dĩ An, TP Hồ Chí Minh",0.0,5.0,1,0,0.0,0.0,454.4,0.0,5.0,1,Stopped,0,0,0,0,0,VALID,VALID
92H-07095,2026-07-29 20:20:00,454.4,0,"Phường Dĩ An, TP Hồ Chí Minh",0.0,5.0,1,0,0.0,0.0,454.4,0.0,5.0,1,Stopped,0,0,0,0,0,VALID,VALID
92H-07095,2026-07-29 20:25:00,454.4,0,"Phường Dĩ An, TP Hồ Chí Minh",0.0,5.0,1,0,0.0,0.0,454.4,0.0,5.0,1,Stopped,0,0,0,0,0,VALID,VALID
92H-07095,2026-07-29 20:30:00,454.4,0,"Phường Dĩ An, TP Hồ Chí Minh",0.0,5.0,1,0,0.0,0.0,454.4,0.0,5.0,1,Stopped,0,0,0,0,0,VALID,VALID
92H-07095,2026-07-29 20:35:00,454.4,0,"Phường Dĩ An, TP Hồ Chí Minh",0.0,5.0,1,0,0.0,0.0,454.4,0.0,5.0,1,Stopped,0,0,0,0,0,VALID,VALID
92H-07095,2026-07-29 20:40:00,454.4,0,"Phường Dĩ An, TP Hồ Chí Minh",0.0,5.0,1,0,0.0,0.0,454.4,0.0,5.0,1,Stopped,0,0,0,0,0,VALID,VALID
92H-07095,2026-07-29 20:45:00,454.4,0,"Phường Dĩ An, TP Hồ Chí Minh",0.0,5.0,1,0,0.0,0.0,454.4,0.0,5.0,1,Stopped,0,0,0,0,0,VALID,VALID
92H-07095,2026-07-29 20:50:00,454.4,0,"Phường Dĩ An, TP Hồ Chí Minh",0.0,5.0,1,0,0.0,0.0,454.4,0.0,5.0,1,Stopped,0,0,0,0,0,VALID,VALID
92H-07095,2026-07-29 20:55:00,454.4,0,"Phường Dĩ An, TP Hồ Chí Minh",0.0,5.0,1,0,0.0,0.0,454.4,0.0,5.0,1,Stopped,0,0,0,0,0,VALID,VALID
92H-07095,2026-07-29 21:00:00,454.4,0,"Phường Dĩ An, TP Hồ Chí Minh",0.0,5.0,1,0,0.0,0.0,454.4,0.0,5.0,1,Stopped,0,0,0,0,0,VALID,VALID
92H-07095,2026-07-29 21:05:00,454.4,0,"Phường Dĩ An, TP Hồ Chí Minh",0.0,5.0,1,0,0.0,0.0,454.4,0.0,5.0,1,Stopped,0,0,0,0,0,VALID,VALID
92H-07095,2026-07-29 21:10:00,454.4,0,"Phường Dĩ An, TP Hồ Chí Minh",0.0,5.0,1,0,0.0,0.0,454.4,0.0,5.0,1,Stopped,0,0,0,0,0,VALID,VALID
92H-07095,2026-07-29 21:15:00,454.4,0,"Phường Dĩ An, TP Hồ Chí Minh",0.0,5.0,1,0,0.0,0.0,454.4,0.0,5.0,1,Stopped,0,0,0,0,0,VALID,VALID
92H-07095,2026-07-29 21:20:00,454.4,0,"Phường Dĩ An, TP Hồ Chí Minh",0.0,5.0,1,0,0.0,0.0,454.4,0.0,5.0,1,Stopped,0,0,0,0,0,VALID,VALID
92H-07095,2026-07-29 21:25:00,454.3,0,"Phường Dĩ An, TP Hồ Chí Minh",0.0,5.0,1,0,-0.0999999999999659,-0.01999999999999318,454.4,0.04472135938335699,5.0,1,Stopped,0,0,0,0,0,VALID,VALID
92H-07095,2026-07-29 21:30:00,454.3,0,"Phường Dĩ An, TP Hồ Chí Minh",0.0,5.0,1,0,0.0,0.0,454.4,0.05477225561420324,5.0,1,Stopped,0,0,0,0,0,VALID,VALID
92H-07095,2026-07-29 21:35:00,454.3,0,"Phường Dĩ An, TP Hồ Chí Minh",0.0,5.0,1,0,0.0,0.0,454.3,0.05477225561396065,5.0,1,Stopped,0,0,0,0,0,VALID,VALID
92H-07095,2026-07-29 21:40:00,454.3,0,"Phường Dĩ An, TP Hồ Chí Minh",0.0,5.0,1,0,0.0,0.0,454.3,0.04472135938246566,5.0,1,Stopped,0,0,0,0,0,VALID,VALID
92H-07095,2026-07-29 21:45:00,454.3,0,"Phường Dĩ An, TP Hồ Chí Minh",0.0,5.0,1,0,0.0,0.0,454.3,0.0,5.0,1,Stopped,0,0,0,0,0,VALID,VALID
92H-07095,2026-07-29 21:50:00,454.3,0,"Phường Dĩ An, TP Hồ Chí Minh",0.0,5.0,1,0,0.0,0.0,454.3,0.0,5.0,1,Stopped,0,0,0,0,0,VALID,VALID
92H-07095,2026-07-29 21:55:00,454.3,0,"Phường Dĩ An, TP Hồ Chí Minh",0.0,5.0,1,0,0.0,0.0,454.3,0.0,5.0,1,Stopped,0,0,0,0,0,VALID,VALID
92H-07095,2026-07-29 22:00:00,454.3,0,"Phường Dĩ An, TP Hồ Chí Minh",0.0,5.0,1,0,0.0,0.0,454.3,0.0,5.0,1,Stopped,0,0,0,0,0,VALID,VALID
92H-07095,2026-07-29 22:05:00,454.3,0,"Phường Dĩ An, TP Hồ Chí Minh",0.0,5.0,1,0,0.0,0.0,454.3,0.0,5.0,1,Stopped,0,0,0,0,0,VALID,VALID
92H-07095,2026-07-29 22:10:00,454.3,0,"Phường Dĩ An, TP Hồ Chí Minh",0.0,5.0,1,0,0.0,0.0,454.3,0.0,5.0,1,Stopped,0,0,0,0,0,VALID,VALID
92H-07095,2026-07-29 22:15:00,454.3,0,"Phường Dĩ An, TP Hồ Chí Minh",0.0,5.0,1,0,0.0,0.0,454.3,0.0,5.0,1,Stopped,0,0,0,0,0,VALID,VALID
92H-07095,2026-07-29 22:20:00,454.3,0,"Phường Dĩ An, TP Hồ Chí Minh",0.0,5.0,1,0,0.0,0.0,454.3,0.0,5.0,1,Stopped,0,0,0,0,0,VALID,VALID
92H-07095,2026-07-29 22:25:00,454.3,0,"Phường Dĩ An, TP Hồ Chí Minh",0.0,5.0,1,0,0.0,0.0,454.3,0.0,5.0,1,Stopped,0,0,0,0,0,VALID,VALID
92H-07095,2026-07-29 22:30:00,454.3,0,"Phường Dĩ An, TP Hồ Chí Minh",0.0,5.0,1,0,0.0,0.0,454.3,0.0,5.0,1,Stopped,0,0,0,0,0,VALID,VALID
92H-07095,2026-07-29 22:35:00,454.3,0,"Phường Dĩ An, TP Hồ Chí Minh",0.0,5.0,1,0,0.0,0.0,454.3,0.0,5.0,1,Stopped,0,0,0,0,0,VALID,VALID
92H-07095,2026-07-29 22:40:00,454.3,0,"Phường Dĩ An, TP Hồ Chí Minh",0.0,5.0,1,0,0.0,0.0,454.3,0.0,5.0,1,Stopped,0,0,0,0,0,VALID,VALID
92H-07095,2026-07-29 22:45:00,454.3,0,"Phường Dĩ An, TP Hồ Chí Minh",0.0,5.0,1,0,0.0,0.0,454.3,0.0,5.0,1,Stopped,0,0,0,0,0,VALID,VALID
92H-07095,2026-07-29 22:50:00,454.3,0,"Phường Dĩ An, TP Hồ Chí Minh",0.0,5.0,1,0,0.0,0.0,454.3,0.0,5.0,1,Stopped,0,0,0,0,0,VALID,VALID
92H-07095,2026-07-29 22:55:00,454.3,0,"Phường Dĩ An, TP Hồ Chí Minh",0.0,5.0,1,0,0.0,0.0,454.3,0.0,5.0,1,Stopped,0,0,0,0,0,VALID,VALID
92H-07095,2026-07-29 23:00:00,454.3,0,"Phường Dĩ An, TP Hồ Chí Minh",0.0,5.0,1,0,0.0,0.0,454.3,0.0,5.0,1,Stopped,0,0,0,0,0,VALID,VALID
92H-07095,2026-07-29 23:05:00,454.3,0,"Phường Dĩ An, TP Hồ Chí Minh",0.0,5.0,1,0,0.0,0.0,454.3,0.0,5.0,1,Stopped,0,0,0,0,0,VALID,VALID
92H-07095,2026-07-29 23:10:00,454.3,0,"Phường Dĩ An, TP Hồ Chí Minh",0.0,5.0,1,0,0.0,0.0,454.3,0.0,5.0,1,Stopped,0,0,0,0,0,VALID,VALID
92H-07095,2026-07-29 23:15:00,454.3,0,"Phường Dĩ An, TP Hồ Chí Minh",0.0,5.0,1,0,0.0,0.0,454.3,0.0,5.0,1,Stopped,0,0,0,0,0,VALID,VALID
92H-07095,2026-07-29 23:20:00,454.3,0,"Phường Dĩ An, TP Hồ Chí Minh",0.0,5.0,1,0,0.0,0.0,454.3,0.0,5.0,1,Stopped,0,0,0,0,0,VALID,VALID
92H-07095,2026-07-29 23:25:00,454.3,0,"Phường Dĩ An, TP Hồ Chí Minh",0.0,5.0,1,0,0.0,0.0,454.3,0.0,5.0,1,Stopped,0,0,0,0,0,VALID,VALID
92H-07095,2026-07-29 23:30:00,454.3,0,"Phường Dĩ An, TP Hồ Chí Minh",0.0,5.0,1,0,0.0,0.0,454.3,0.0,5.0,1,Stopped,0,0,0,0,0,VALID,VALID
92H-07095,2026-07-29 23:35:00,454.3,0,"Phường Dĩ An, TP Hồ Chí Minh",0.0,5.0,1,0,0.0,0.0,454.3,0.0,5.0,1,Stopped,0,0,0,0,0,VALID,VALID
92H-07095,2026-07-29 23:40:00,454.3,0,"Phường Dĩ An, TP Hồ Chí Minh",0.0,5.0,1,0,0.0,0.0,454.3,0.0,5.0,1,Stopped,0,0,0,0,0,VALID,VALID
92H-07095,2026-07-29 23:45:00,454.3,0,"Phường Dĩ An, TP Hồ Chí Minh",0.0,5.0,1,0,0.0,0.0,454.3,0.0,5.0,1,Stopped,0,0,0,0,0,VALID,VALID
92H-07095,2026-07-29 23:50:00,454.3,0,"Phường Dĩ An, TP Hồ Chí Minh",0.0,5.0,1,0,0.0,0.0,454.3,0.0,5.0,1,Stopped,0,0,0,0,0,VALID,VALID
92H-07095,2026-07-29 23:55:00,454.3,0,"Phường Dĩ An, TP Hồ Chí Minh",0.0,5.0,1,0,0.0,0.0,454.3,0.0,5.0,1,Stopped,0,0,0,0,0,VALID,VALID
92H-07095,2026-07-30 00:00:00,454.3,0,"Phường Dĩ An, TP Hồ Chí Minh",0.0,5.0,1,0,0.0,0.0,454.3,0.0,5.0,1,Stopped,0,0,0,0,0,VALID,VALID
92H-07095,2026-07-30 00:05:00,454.3,0,"Phường Dĩ An, TP Hồ Chí Minh",0.0,5.0,1,0,0.0,0.0,454.3,0.0,5.0,1,Stopped,0,0,0,0,0,VALID,VALID
92H-07095,2026-07-30 00:10:00,454.3,0,"Phường Dĩ An, TP Hồ Chí Minh",0.0,5.0,1,0,0.0,0.0,454.3,0.0,5.0,1,Stopped,0,0,0,0,0,VALID,VALID
92H-07095,2026-07-30 00:15:00,454.3,0,"Phường Dĩ An, TP Hồ Chí Minh",0.0,5.0,1,0,0.0,0.0,454.3,0.0,5.0,1,Stopped,0,0,0,0,0,VALID,VALID
92H-07095,2026-07-30 00:20:00,454.3,0,"Phường Dĩ An, TP Hồ Chí Minh",0.0,5.0,1,0,0.0,0.0,454.3,0.0,5.0,1,Stopped,0,0,0,0,0,VALID,VALID
92H-07095,2026-07-30 00:25:00,454.3,0,"Phường Dĩ An, TP Hồ Chí Minh",0.0,5.0,1,0,0.0,0.0,454.3,0.0,5.0,1,Stopped,0,0,0,0,0,VALID,VALID
92H-07095,2026-07-30 00:30:00,454.3,0,"Phường Dĩ An, TP Hồ Chí Minh",0.0,5.0,1,0,0.0,0.0,454.3,0.0,5.0,1,Stopped,0,0,0,0,0,VALID,VALID
92H-07095,2026-07-30 00:35:00,454.3,0,"Phường Dĩ An, TP Hồ Chí Minh",0.0,5.0,1,0,0.0,0.0,454.3,0.0,5.0,1,Stopped,0,0,0,0,0,VALID,VALID
92H-07095,2026-07-30 00:40:00,454.3,0,"Phường Dĩ An, TP Hồ Chí Minh",0.0,5.0,1,0,0.0,0.0,454.3,0.0,5.0,1,Stopped,0,0,0,0,0,VALID,VALID
92H-07095,2026-07-30 00:45:00,454.3,0,"Phường Dĩ An, TP Hồ Chí Minh",0.0,5.0,1,0,0.0,0.0,454.3,0.0,5.0,1,Stopped,0,0,0,0,0,VALID,VALID
92H-07095,2026-07-30 00:50:00,454.3,0,"Phường Dĩ An, TP Hồ Chí Minh",0.0,5.0,1,0,0.0,0.0,454.3,0.0,5.0,1,Stopped,0,0,0,0,0,VALID,VALID
92H-07095,2026-07-30 00:55:00,454.3,0,"Phường Dĩ An, TP Hồ Chí Minh",0.0,5.0,1,0,0.0,0.0,454.3,0.0,5.0,1,Stopped,0,0,0,0,0,VALID,VALID
92H-07095,2026-07-30 01:02:00,454.3,0,"Phường Dĩ An, TP Hồ Chí Minh",0.0,7.0,1,0,0.0,0.0,454.3,0.0,5.0,1,Stopped,0,0,0,0,0,VALID,VALID
92H-07095,2026-07-30 01:05:00,454.3,0,"Phường Dĩ An, TP Hồ Chí Minh",0.0,3.0,1,0,0.0,0.0,454.3,0.0,5.0,1,Stopped,0,0,0,0,0,VALID,VALID
92H-07095,2026-07-30 01:10:00,454.3,0,"Phường Dĩ An, TP Hồ Chí Minh",0.0,5.0,1,0,0.0,0.0,454.3,0.0,5.0,1,Stopped,0,0,0,0,0,VALID,VALID
92H-07095,2026-07-30 01:15:00,454.3,0,"Phường Dĩ An, TP Hồ Chí Minh",0.0,5.0,1,0,0.0,0.0,454.3,0.0,5.0,1,Stopped,0,0,0,0,0,VALID,VALID
92H-07095,2026-07-30 01:20:00,454.3,0,"Phường Dĩ An, TP Hồ Chí Minh",0.0,5.0,1,0,0.0,0.0,454.3,0.0,5.0,1,Stopped,0,0,0,0,0,VALID,VALID
92H-07095,2026-07-30 01:25:00,454.3,0,"Phường Dĩ An, TP Hồ Chí Minh",0.0,5.0,1,0,0.0,0.0,454.3,0.0,5.0,1,Stopped,0,0,0,0,0,VALID,VALID
92H-07095,2026-07-30 01:30:00,454.3,0,"Phường Dĩ An, TP Hồ Chí Minh",0.0,5.0,1,0,0.0,0.0,454.3,0.0,5.0,1,Stopped,0,0,0,0,0,VALID,VALID
92H-07095,2026-07-30 01:35:00,454.3,0,"Phường Dĩ An, TP Hồ Chí Minh",0.0,5.0,1,0,0.0,0.0,454.3,0.0,5.0,1,Stopped,0,0,0,0,0,VALID,VALID
92H-07095,2026-07-30 01:40:00,454.3,0,"Phường Dĩ An, TP Hồ Chí Minh",0.0,5.0,1,0,0.0,0.0,454.3,0.0,5.0,1,Stopped,0,0,0,0,0,VALID,VALID
92H-07095,2026-07-30 01:45:00,454.4,0,"Phường Dĩ An, TP Hồ Chí Minh",0.0,5.0,1,0,0.0999999999999659,0.01999999999999318,454.3,0.04472135938246566,5.0,1,Stopped,0,0,0,0,0,VALID,VALID
92H-07095,2026-07-30 01:50:00,454.4,0,"Phường Dĩ An, TP Hồ Chí Minh",0.0,5.0,1,0,0.0,0.0,454.3,0.05477225561396065,5.0,1,Stopped,0,0,0,0,0,VALID,VALID
92H-07095,2026-07-30 01:55:00,454.4,0,"Phường Dĩ An, TP Hồ Chí Minh",0.0,5.0,1,0,0.0,0.0,454.4,0.05477225561420324,5.0,1,Stopped,0,0,0,0,0,VALID,VALID
92H-07095,2026-07-30 02:00:00,454.4,0,"Phường Dĩ An, TP Hồ Chí Minh",0.0,5.0,1,0,0.0,0.0,454.4,0.04472135938335699,5.0,1,Stopped,0,0,0,0,0,VALID,VALID
92H-07095,2026-07-30 02:05:00,454.4,0,"Phường Dĩ An, TP Hồ Chí Minh",0.0,5.0,1,0,0.0,0.0,454.4,0.0,5.0,1,Stopped,0,0,0,0,0,VALID,VALID
92H-07095,2026-07-30 02:10:00,454.4,0,"Phường Dĩ An, TP Hồ Chí Minh",0.0,5.0,1,0,0.0,0.0,454.4,0.0,5.0,1,Stopped,0,0,0,0,0,VALID,VALID
92H-07095,2026-07-30 02:15:00,454.4,0,"Phường Dĩ An, TP Hồ Chí Minh",0.0,5.0,1,0,0.0,0.0,454.4,0.0,5.0,1,Stopped,0,0,0,0,0,VALID,VALID
92H-07095,2026-07-30 02:20:00,454.4,0,"Phường Dĩ An, TP Hồ Chí Minh",0.0,5.0,1,0,0.0,0.0,454.4,0.0,5.0,1,Stopped,0,0,0,0,0,VALID,VALID
92H-07095,2026-07-30 02:25:00,454.4,0,"Phường Dĩ An, TP Hồ Chí Minh",0.0,5.0,1,0,0.0,0.0,454.4,0.0,5.0,1,Stopped,0,0,0,0,0,VALID,VALID
92H-07095,2026-07-30 02:30:00,454.4,0,"Phường Dĩ An, TP Hồ Chí Minh",0.0,5.0,1,0,0.0,0.0,454.4,0.0,5.0,1,Stopped,0,0,0,0,0,VALID,VALID
92H-07095,2026-07-30 02:35:00,454.4,0,"Phường Dĩ An, TP Hồ Chí Minh",0.0,5.0,1,0,0.0,0.0,454.4,0.0,5.0,1,Stopped,0,0,0,0,0,VALID,VALID
92H-07095,2026-07-30 02:40:00,454.4,0,"Phường Dĩ An, TP Hồ Chí Minh",0.0,5.0,1,0,0.0,0.0,454.4,0.0,5.0,1,Stopped,0,0,0,0,0,VALID,VALID
92H-07095,2026-07-30 02:45:00,454.4,0,"Phường Dĩ An, TP Hồ Chí Minh",0.0,5.0,1,0,0.0,0.0,454.4,0.0,5.0,1,Stopped,0,0,0,0,0,VALID,VALID
92H-07095,2026-07-30 02:50:00,454.4,0,"Phường Dĩ An, TP Hồ Chí Minh",0.0,5.0,1,0,0.0,0.0,454.4,0.0,5.0,1,Stopped,0,0,0,0,0,VALID,VALID
92H-07095,2026-07-30 02:55:00,454.4,0,"Phường Dĩ An, TP Hồ Chí Minh",0.0,5.0,1,0,0.0,0.0,454.4,0.0,5.0,1,Stopped,0,0,0,0,0,VALID,VALID
92H-07095,2026-07-30 03:00:00,454.4,0,"Phường Dĩ An, TP Hồ Chí Minh",0.0,5.0,1,0,0.0,0.0,454.4,0.0,5.0,1,Stopped,0,0,0,0,0,VALID,VALID
92H-07095,2026-07-30 03:05:00,454.4,0,"Phường Dĩ An, TP Hồ Chí Minh",0.0,5.0,1,0,0.0,0.0,454.4,0.0,5.0,1,Stopped,0,0,0,0,0,VALID,VALID
92H-07095,2026-07-30 03:10:00,454.4,0,"Phường Dĩ An, TP Hồ Chí Minh",0.0,5.0,1,0,0.0,0.0,454.4,0.0,5.0,1,Stopped,0,0,0,0,0,VALID,VALID
92H-07095,2026-07-30 03:15:00,454.4,0,"Phường Dĩ An, TP Hồ Chí Minh",0.0,5.0,1,0,0.0,0.0,454.4,0.0,5.0,1,Stopped,0,0,0,0,0,VALID,VALID
92H-07095,2026-07-30 03:20:00,454.4,0,"Phường Dĩ An, TP Hồ Chí Minh",0.0,5.0,1,0,0.0,0.0,454.4,0.0,5.0,1,Stopped,0,0,0,0,0,VALID,VALID
92H-07095,2026-07-30 03:25:00,454.4,0,"Phường Dĩ An, TP Hồ Chí Minh",0.0,5.0,1,0,0.0,0.0,454.4,0.0,5.0,1,Stopped,0,0,0,0,0,VALID,VALID
92H-07095,2026-07-30 03:30:00,454.4,0,"Phường Dĩ An, TP Hồ Chí Minh",0.0,5.0,1,0,0.0,0.0,454.4,0.0,5.0,1,Stopped,0,0,0,0,0,VALID,VALID
92H-07095,2026-07-30 03:35:00,454.4,0,"Phường Dĩ An, TP Hồ Chí Minh",0.0,5.0,1,0,0.0,0.0,454.4,0.0,5.0,1,Stopped,0,0,0,0,0,VALID,VALID
92H-07095,2026-07-30 03:40:00,454.4,0,"Phường Dĩ An, TP Hồ Chí Minh",0.0,5.0,1,0,0.0,0.0,454.4,0.0,5.0,1,Stopped,0,0,0,0,0,VALID,VALID
92H-07095,2026-07-30 03:45:00,454.4,0,"Phường Dĩ An, TP Hồ Chí Minh",0.0,5.0,1,0,0.0,0.0,454.4,0.0,5.0,1,Stopped,0,0,0,0,0,VALID,VALID
92H-07095,2026-07-30 03:50:00,454.4,0,"Phường Dĩ An, TP Hồ Chí Minh",0.0,5.0,1,0,0.0,0.0,454.4,0.0,5.0,1,Stopped,0,0,0,0,0,VALID,VALID
92H-07095,2026-07-30 03:55:00,454.4,0,"Phường Dĩ An, TP Hồ Chí Minh",0.0,5.0,1,0,0.0,0.0,454.4,0.0,5.0,1,Stopped,0,0,0,0,0,VALID,VALID
92H-07095,2026-07-30 04:00:00,454.4,0,"Phường Dĩ An, TP Hồ Chí Minh",0.0,5.0,1,0,0.0,0.0,454.4,0.0,5.0,1,Stopped,0,0,0,0,0,VALID,VALID
92H-07095,2026-07-30 04:05:00,454.4,0,"Phường Dĩ An, TP Hồ Chí Minh",0.0,5.0,1,0,0.0,0.0,454.4,0.0,5.0,1,Stopped,0,0,0,0,0,VALID,VALID
92H-07095,2026-07-30 04:10:00,454.4,0,"Phường Dĩ An, TP Hồ Chí Minh",0.0,5.0,1,0,0.0,0.0,454.4,0.0,5.0,1,Stopped,0,0,0,0,0,VALID,VALID
92H-07095,2026-07-30 04:15:00,454.4,0,"Phường Dĩ An, TP Hồ Chí Minh",0.0,5.0,1,0,0.0,0.0,454.4,0.0,5.0,1,Stopped,0,0,0,0,0,VALID,VALID
92H-07095,2026-07-30 04:20:00,454.4,0,"Phường Dĩ An, TP Hồ Chí Minh",0.0,5.0,1,0,0.0,0.0,454.4,0.0,5.0,1,Stopped,0,0,0,0,0,VALID,VALID
92H-07095,2026-07-30 04:25:00,454.4,0,"Phường Dĩ An, TP Hồ Chí Minh",0.0,5.0,1,0,0.0,0.0,454.4,0.0,5.0,1,Stopped,0,0,0,0,0,VALID,VALID
92H-07095,2026-07-30 04:30:00,454.4,0,"Phường Dĩ An, TP Hồ Chí Minh",0.0,5.0,1,0,0.0,0.0,454.4,0.0,5.0,1,Stopped,0,0,0,0,0,VALID,VALID
92H-07095,2026-07-30 04:35:00,454.4,0,"Phường Dĩ An, TP Hồ Chí Minh",0.0,5.0,1,0,0.0,0.0,454.4,0.0,5.0,1,Stopped,0,0,0,0,0,VALID,VALID
92H-07095,2026-07-30 04:40:00,454.4,0,"Phường Dĩ An, TP Hồ Chí Minh",0.0,5.0,1,0,0.0,0.0,454.4,0.0,5.0,1,Stopped,0,0,0,0,0,VALID,VALID
92H-07095,2026-07-30 04:45:00,454.4,0,"Phường Dĩ An, TP Hồ Chí Minh",0.0,5.0,1,0,0.0,0.0,454.4,0.0,5.0,1,Stopped,0,0,0,0,0,VALID,VALID
92H-07095,2026-07-30 04:50:00,454.4,0,"Phường Dĩ An, TP Hồ Chí Minh",0.0,5.0,1,0,0.0,0.0,454.4,0.0,5.0,1,Stopped,0,0,0,0,0,VALID,VALID
92H-07095,2026-07-30 04:55:00,454.4,0,"Phường Dĩ An, TP Hồ Chí Minh",0.0,5.0,1,0,0.0,0.0,454.4,0.0,5.0,1,Stopped,0,0,0,0,0,VALID,VALID
92H-07095,2026-07-30 05:00:00,454.4,0,"Phường Dĩ An, TP Hồ Chí Minh",0.0,5.0,1,0,0.0,0.0,454.4,0.0,5.0,1,Stopped,0,0,0,0,0,VALID,VALID
92H-07095,2026-07-30 05:05:00,454.4,0,"Phường Dĩ An, TP Hồ Chí Minh",0.0,5.0,1,0,0.0,0.0,454.4,0.0,5.0,1,Stopped,0,0,0,0,0,VALID,VALID
92H-07095,2026-07-30 05:10:00,454.4,0,"Phường Dĩ An, TP Hồ Chí Minh",0.0,5.0,1,0,0.0,0.0,454.4,0.0,5.0,1,Stopped,0,0,0,0,0,VALID,VALID
92H-07095,2026-07-30 05:15:00,454.4,0,"Phường Dĩ An, TP Hồ Chí Minh",0.0,5.0,1,0,0.0,0.0,454.4,0.0,5.0,1,Stopped,0,0,0,0,0,VALID,VALID
92H-07095,2026-07-30 05:20:00,454.4,0,"Phường Dĩ An, TP Hồ Chí Minh",0.0,5.0,1,0,0.0,0.0,454.4,0.0,5.0,1,Stopped,0,0,0,0,0,VALID,VALID
92H-07095,2026-07-30 05:25:00,454.4,0,"Phường Dĩ An, TP Hồ Chí Minh",0.0,5.0,1,0,0.0,0.0,454.4,0.0,5.0,1,Stopped,0,0,0,0,0,VALID,VALID
92H-07095,2026-07-30 05:30:00,454.4,0,"Phường Dĩ An, TP Hồ Chí Minh",0.0,5.0,1,0,0.0,0.0,454.4,0.0,5.0,1,Stopped,0,0,0,0,0,VALID,VALID
92H-07095,2026-07-30 05:35:00,454.4,0,"Phường Dĩ An, TP Hồ Chí Minh",0.0,5.0,1,0,0.0,0.0,454.4,0.0,5.0,1,Stopped,0,0,0,0,0,VALID,VALID
92H-07095,2026-07-30 05:40:00,454.4,0,"Phường Dĩ An, TP Hồ Chí Minh",0.0,5.0,1,0,0.0,0.0,454.4,0.0,5.0,1,Stopped,0,0,0,0,0,VALID,VALID
92H-07095,2026-07-30 05:45:00,454.4,0,"Phường Dĩ An, TP Hồ Chí Minh",0.0,5.0,1,0,0.0,0.0,454.4,0.0,5.0,1,Stopped,0,0,0,0,0,VALID,VALID
92H-07095,2026-07-30 05:50:00,454.4,0,"Phường Dĩ An, TP Hồ Chí Minh",0.0,5.0,1,0,0.0,0.0,454.4,0.0,5.0,1,Stopped,0,0,0,0,0,VALID,VALID
92H-07095,2026-07-30 05:55:00,454.4,0,"Phường Dĩ An, TP Hồ Chí Minh",0.0,5.0,1,0,0.0,0.0,454.4,0.0,5.0,1,Stopped,0,0,0,0,0,VALID,VALID
92H-07095,2026-07-30 06:00:00,454.4,0,"Phường Dĩ An, TP Hồ Chí Minh",0.0,5.0,1,0,0.0,0.0,454.4,0.0,5.0,1,Stopped,0,0,0,0,0,VALID,VALID
92H-07095,2026-07-30 06:05:00,454.4,0,"Phường Dĩ An, TP Hồ Chí Minh",0.0,5.0,1,0,0.0,0.0,454.4,0.0,5.0,1,Stopped,0,0,0,0,0,VALID,VALID
92H-07095,2026-07-30 06:10:00,454.4,0,"Phường Dĩ An, TP Hồ Chí Minh",0.0,5.0,1,0,0.0,0.0,454.4,0.0,5.0,1,Stopped,0,0,0,0,0,VALID,VALID
92H-07095,2026-07-30 06:15:00,454.4,0,"Phường Dĩ An, TP Hồ Chí Minh",0.0,5.0,1,0,0.0,0.0,454.4,0.0,5.0,1,Stopped,0,0,0,0,0,VALID,VALID
92H-07095,2026-07-30 06:20:00,454.1,0,"Phường Dĩ An, TP Hồ Chí Minh",0.0,5.0,1,0,-0.2999999999999545,-0.05999999999999091,454.4,0.1341640785942299,5.0,1,Stopped,0,0,0,0,0,VALID,VALID
92H-07095,2026-07-30 06:25:00,454.0,0,"Phường Dĩ An, TP Hồ Chí Minh",0.0,5.0,1,0,-0.10000000000002274,-0.02000000000000455,454.4,0.19493588685754137,5.0,1,Stopped,0,0,0,0,0,VALID,VALID
92H-07095,2026-07-30 06:30:00,454.0,0,"Phường Dĩ An, TP Hồ Chí Minh",0.0,5.0,1,0,0.0,0.0,454.1,0.2049390152821908,5.0,1,Stopped,0,0,0,0,0,VALID,VALID
92H-07095,2026-07-30 06:35:00,454.0,0,"Phường Dĩ An, TP Hồ Chí Minh",0.0,5.0,1,0,0.0,0.0,454.0,0.17320508071282678,5.0,1,Stopped,0,0,0,0,0,VALID,VALID
92H-07095,2026-07-30 06:40:00,454.0,0,"Phường Dĩ An, TP Hồ Chí Minh",0.0,5.0,1,0,0.0,0.0,454.0,0.04472135937831717,5.0,1,Stopped,0,0,0,0,0,VALID,VALID
92H-07095,2026-07-30 06:45:00,454.0,0,"Phường Dĩ An, TP Hồ Chí Minh",0.0,5.0,1,0,0.0,0.0,454.0,0.0,5.0,1,Stopped,0,0,0,0,0,VALID,VALID
92H-07095,2026-07-30 06:50:00,454.0,0,"Phường Dĩ An, TP Hồ Chí Minh",0.0,5.0,1,0,0.0,0.0,454.0,0.0,5.0,1,Stopped,0,0,0,0,0,VALID,VALID
92H-07095,2026-07-30 06:55:00,454.0,0,"Phường Dĩ An, TP Hồ Chí Minh",0.0,5.0,1,0,0.0,0.0,454.0,0.0,5.0,1,Stopped,0,0,0,0,0,VALID,VALID
92H-07095,2026-07-30 07:00:00,454.0,0,"Phường Dĩ An, TP Hồ Chí Minh",0.0,5.0,1,0,0.0,0.0,454.0,0.0,5.0,1,Stopped,0,0,0,0,0,VALID,VALID
92H-07095,2026-07-30 07:05:00,454.0,0,"Phường Dĩ An, TP Hồ Chí Minh",0.0,5.0,1,0,0.0,0.0,454.0,0.0,5.0,1,Stopped,0,0,0,0,0,VALID,VALID
92H-07095,2026-07-30 07:10:00,454.0,0,"Phường Dĩ An, TP Hồ Chí Minh",0.0,5.0,1,0,0.0,0.0,454.0,0.0,5.0,1,Stopped,0,0,0,0,0,VALID,VALID
92H-07095,2026-07-30 07:15:00,454.0,0,"Phường Dĩ An, TP Hồ Chí Minh",0.0,5.0,1,0,0.0,0.0,454.0,0.0,5.0,1,Stopped,0,0,0,0,0,VALID,VALID
92H-07095,2026-07-30 07:20:00,454.0,0,"Phường Dĩ An, TP Hồ Chí Minh",0.0,5.0,1,0,0.0,0.0,454.0,0.0,5.0,1,Stopped,0,0,0,0,0,VALID,VALID
92H-07095,2026-07-30 07:25:00,454.0,0,"Phường Dĩ An, TP Hồ Chí Minh",0.0,5.0,1,0,0.0,0.0,454.0,0.0,5.0,1,Stopped,0,0,0,0,0,VALID,VALID
92H-07095,2026-07-30 07:30:00,454.0,0,"Phường Dĩ An, TP Hồ Chí Minh",0.0,5.0,1,0,0.0,0.0,454.0,0.0,5.0,1,Stopped,0,0,0,0,0,VALID,VALID
92H-07095,2026-07-30 07:35:00,454.0,0,"Phường Dĩ An, TP Hồ Chí Minh",0.0,5.0,1,0,0.0,0.0,454.0,0.0,5.0,1,Stopped,0,0,0,0,0,VALID,VALID
92H-07095,2026-07-30 07:40:00,454.0,0,"Phường Dĩ An, TP Hồ Chí Minh",0.0,5.0,1,0,0.0,0.0,454.0,0.0,5.0,1,Stopped,0,0,0,0,0,VALID,VALID
92H-07095,2026-07-30 07:45:00,454.0,0,"Phường Dĩ An, TP Hồ Chí Minh",0.0,5.0,1,0,0.0,0.0,454.0,0.0,5.0,1,Stopped,0,0,0,0,0,VALID,VALID
92H-07095,2026-07-30 07:50:00,454.0,0,"Phường Dĩ An, TP Hồ Chí Minh",0.0,5.0,1,0,0.0,0.0,454.0,0.0,5.0,1,Stopped,0,0,0,0,0,VALID,VALID
92H-07095,2026-07-30 07:55:00,454.0,0,"Phường Dĩ An, TP Hồ Chí Minh",0.0,5.0,1,0,0.0,0.0,454.0,0.0,5.0,1,Stopped,0,0,0,0,0,VALID,VALID
92H-07095,2026-07-30 08:00:00,454.0,0,"Phường Dĩ An, TP Hồ Chí Minh",0.0,5.0,1,0,0.0,0.0,454.0,0.0,5.0,1,Stopped,0,0,0,0,0,VALID,VALID
92H-07095,2026-07-30 08:05:00,454.0,0,"Phường Dĩ An, TP Hồ Chí Minh",0.0,5.0,1,0,0.0,0.0,454.0,0.0,5.0,1,Stopped,0,0,0,0,0,VALID,VALID
92H-07095,2026-07-30 08:10:00,454.0,0,"Phường Dĩ An, TP Hồ Chí Minh",0.0,5.0,1,0,0.0,0.0,454.0,0.0,5.0,1,Stopped,0,0,0,0,0,VALID,VALID
92H-07095,2026-07-30 08:15:00,454.0,0,"Phường Dĩ An, TP Hồ Chí Minh",0.0,5.0,1,0,0.0,0.0,454.0,0.0,5.0,1,Stopped,0,0,0,0,0,VALID,VALID
92H-07095,2026-07-30 08:20:00,454.0,0,"Phường Dĩ An, TP Hồ Chí Minh",0.0,5.0,1,0,0.0,0.0,454.0,0.0,5.0,1,Stopped,0,0,0,0,0,VALID,VALID
92H-07095,2026-07-30 08:25:00,454.0,0,"Phường Dĩ An, TP Hồ Chí Minh",0.0,5.0,1,0,0.0,0.0,454.0,0.0,5.0,1,Stopped,0,0,0,0,0,VALID,VALID
92H-07095,2026-07-30 08:30:00,454.0,0,"Phường Dĩ An, TP Hồ Chí Minh",0.0,5.0,1,0,0.0,0.0,454.0,0.0,5.0,1,Stopped,0,0,0,0,0,VALID,VALID
92H-07095,2026-07-30 08:35:00,454.0,0,"Phường Dĩ An, TP Hồ Chí Minh",0.0,5.0,1,0,0.0,0.0,454.0,0.0,5.0,1,Stopped,0,0,0,0,0,VALID,VALID
92H-07095,2026-07-30 08:40:00,454.0,0,"Phường Dĩ An, TP Hồ Chí Minh",0.0,5.0,1,0,0.0,0.0,454.0,0.0,5.0,1,Stopped,0,0,0,0,0,VALID,VALID
92H-07095,2026-07-30 08:45:00,454.0,0,"Phường Dĩ An, TP Hồ Chí Minh",0.0,5.0,1,0,0.0,0.0,454.0,0.0,5.0,1,Stopped,0,0,0,0,0,VALID,VALID
92H-07095,2026-07-30 08:50:00,454.0,0,"Phường Dĩ An, TP Hồ Chí Minh",0.0,5.0,1,0,0.0,0.0,454.0,0.0,5.0,1,Stopped,0,0,0,0,0,VALID,VALID
92H-07095,2026-07-30 08:55:00,454.0,0,"Phường Dĩ An, TP Hồ Chí Minh",0.0,5.0,1,0,0.0,0.0,454.0,0.0,5.0,1,Stopped,0,0,0,0,0,VALID,VALID
92H-07095,2026-07-30 09:00:00,454.0,0,"Phường Dĩ An, TP Hồ Chí Minh",0.0,5.0,1,0,0.0,0.0,454.0,0.0,5.0,1,Stopped,0,0,0,0,0,VALID,VALID
92H-07095,2026-07-30 09:05:00,454.0,0,"Phường Dĩ An, TP Hồ Chí Minh",0.0,5.0,1,0,0.0,0.0,454.0,0.0,5.0,1,Stopped,0,0,0,0,0,VALID,VALID
92H-07095,2026-07-30 09:10:00,454.0,0,"Phường Dĩ An, TP Hồ Chí Minh",0.0,5.0,1,0,0.0,0.0,454.0,0.0,5.0,1,Stopped,0,0,0,0,0,VALID,VALID
92H-07095,2026-07-30 09:15:00,454.0,0,"Phường Dĩ An, TP Hồ Chí Minh",0.0,5.0,1,0,0.0,0.0,454.0,0.0,5.0,1,Stopped,0,0,0,0,0,VALID,VALID
92H-07095,2026-07-30 09:20:00,454.0,0,"Phường Dĩ An, TP Hồ Chí Minh",0.0,5.0,1,0,0.0,0.0,454.0,0.0,5.0,1,Stopped,0,0,0,0,0,VALID,VALID
92H-07095,2026-07-30 09:25:00,454.0,0,"Phường Dĩ An, TP Hồ Chí Minh",0.0,5.0,1,0,0.0,0.0,454.0,0.0,5.0,1,Stopped,0,0,0,0,0,VALID,VALID
92H-07095,2026-07-30 09:30:00,454.0,0,"Phường Dĩ An, TP Hồ Chí Minh",0.0,5.0,1,0,0.0,0.0,454.0,0.0,5.0,1,Stopped,0,0,0,0,0,VALID,VALID
92H-07095,2026-07-30 09:35:00,454.0,0,"Phường Dĩ An, TP Hồ Chí Minh",0.0,5.0,1,0,0.0,0.0,454.0,0.0,5.0,1,Stopped,0,0,0,0,0,VALID,VALID
92H-07095,2026-07-30 09:40:00,454.0,0,"Phường Dĩ An, TP Hồ Chí Minh",0.0,5.0,1,0,0.0,0.0,454.0,0.0,5.0,1,Stopped,0,0,0,0,0,VALID,VALID
92H-07095,2026-07-30 09:45:00,454.0,0,"Phường Dĩ An, TP Hồ Chí Minh",0.0,5.0,1,0,0.0,0.0,454.0,0.0,5.0,1,Stopped,0,0,0,0,0,VALID,VALID
92H-07095,2026-07-30 09:50:00,454.0,0,"Phường Dĩ An, TP Hồ Chí Minh",0.0,5.0,1,0,0.0,0.0,454.0,0.0,5.0,1,Stopped,0,0,0,0,0,VALID,VALID
92H-07095,2026-07-30 09:55:00,454.0,0,"Phường Dĩ An, TP Hồ Chí Minh",0.0,5.0,1,0,0.0,0.0,454.0,0.0,5.0,1,Stopped,0,0,0,0,0,VALID,VALID
92H-07095,2026-07-30 10:00:00,454.0,0,"Phường Dĩ An, TP Hồ Chí Minh",0.0,5.0,1,0,0.0,0.0,454.0,0.0,5.0,1,Stopped,0,0,0,0,0,VALID,VALID
92H-07095,2026-07-30 10:05:00,450.3,17,"Số 2, Phường Dĩ An, TP Hồ Chí Minh",0.0,5.0,1,0,-3.6999999999999886,-0.7399999999999978,454.0,1.6546903033449345,5.0,1,Moving,0,0,0,0,0,VALID,VALID
92H-07095,2026-07-30 10:10:00,451.1,0,"Phường Dĩ An, TP Hồ Chí Minh",0.0,5.0,1,0,0.8000000000000114,0.16000000000000228,454.0,1.8294808006598666,5.0,1,Stopped,0,0,0,0,0,VALID,VALID
92H-07095,2026-07-30 10:15:00,452.7,0,"Phường Dĩ An, TP Hồ Chí Minh",0.0,5.0,1,0,1.599999999999966,0.3199999999999932,452.7,1.6813684902432235,5.0,1,Stopped,0,0,0,0,0,VALID,VALID
92H-07095,2026-07-30 10:20:00,452.8,0,"Phường Dĩ An, TP Hồ Chí Minh",0.0,5.0,1,0,0.10000000000002274,0.02000000000000455,452.7,1.472073367730876,5.0,1,Stopped,0,0,0,0,0,VALID,VALID
92H-07095,2026-07-30 10:25:00,452.8,0,"Phường Dĩ An, TP Hồ Chí Minh",0.0,5.0,1,0,0.0,0.0,452.7,1.1674759098081062,5.0,1,Stopped,0,0,0,0,0,VALID,VALID
92H-07095,2026-07-30 10:30:00,452.8,0,"Phường Dĩ An, TP Hồ Chí Minh",0.0,5.0,1,0,0.0,0.0,452.8,0.7503332592807256,5.0,1,Stopped,0,0,0,0,0,VALID,VALID
92H-07095,2026-07-30 10:35:00,452.7,0,"Phường Dĩ An, TP Hồ Chí Minh",0.0,5.0,1,0,-0.10000000000002274,-0.02000000000000455,452.8,0.05477225559739128,5.0,1,Stopped,0,0,0,0,0,VALID,VALID
92H-07095,2026-07-30 10:40:00,452.7,0,"Phường Dĩ An, TP Hồ Chí Minh",0.0,5.0,1,0,0.0,0.0,452.8,0.05477225559739128,5.0,1,Stopped,0,0,0,0,0,VALID,VALID
92H-07095,2026-07-30 10:45:00,452.7,0,"Phường Dĩ An, TP Hồ Chí Minh",0.0,5.0,1,0,0.0,0.0,452.7,0.05477225559718372,5.0,1,Stopped,0,0,0,0,0,VALID,VALID
92H-07095,2026-07-30 10:50:00,452.7,0,"Phường Dĩ An, TP Hồ Chí Minh",0.0,5.0,1,0,0.0,0.0,452.7,0.04472135936195395,5.0,1,Stopped,0,0,0,0,0,VALID,VALID
92H-07095,2026-07-30 10:55:00,451.9,0,"Số 6, Phường Dĩ An, TP Hồ Chí Minh",0.0,5.0,1,0,-0.8000000000000114,-0.16000000000000228,452.7,0.357770876376204,5.0,1,Stopped,0,0,0,0,0,VALID,VALID
92H-07095,2026-07-30 11:00:00,451.5,0,"Số 6, Phường Dĩ An, TP Hồ Chí Minh",0.0,5.0,1,0,-0.39999999999997726,-0.07999999999999545,452.7,0.5656854249339726,5.0,1,Stopped,0,0,0,0,0,VALID,VALID
92H-07095,2026-07-30 11:05:00,450.2,0,"Số 6, Phường Dĩ An, TP Hồ Chí Minh",0.0,5.0,1,0,-1.3000000000000114,-0.2600000000000023,451.9,1.0344080432702576,5.0,1,Stopped,0,0,0,0,0,VALID,VALID
92H-07095,2026-07-30 11:10:00,450.2,0,"Số 6, Phường Dĩ An, TP Hồ Chí Minh",0.0,5.0,1,0,0.0,0.0,451.5,1.0931605554453918,5.0,1,Stopped,0,0,0,0,0,VALID,VALID
92H-07095,2026-07-30 11:15:00,450.2,0,"Số 6, Phường Dĩ An, TP Hồ Chí Minh",0.0,5.0,1,0,0.0,0.0,450.2,0.8336666000153488,5.0,1,Stopped,0,0,0,0,0,VALID,VALID
92H-07095,2026-07-30 11:20:00,450.2,0,"Số 6, Phường Dĩ An, TP Hồ Chí Minh",0.0,5.0,1,0,0.0,0.0,450.2,0.5813776741334322,5.0,1,Stopped,0,0,0,0,0,VALID,VALID
92H-07095,2026-07-30 11:25:00,450.2,0,"Số 6, Phường Dĩ An, TP Hồ Chí Minh",0.0,5.0,1,0,0.0,0.0,450.2,0.0,5.0,1,Stopped,0,0,0,0,0,VALID,VALID
92H-07095,2026-07-30 11:30:00,450.2,0,"Số 6, Phường Dĩ An, TP Hồ Chí Minh",0.0,5.0,1,0,0.0,0.0,450.2,0.0,5.0,1,Stopped,0,0,0,0,0,VALID,VALID
92H-07095,2026-07-30 11:35:00,450.0,0,"Số 6, Phường Dĩ An, TP Hồ Chí Minh",0.0,5.0,1,0,-0.19999999999998863,-0.039999999999997725,450.2,0.08944271899089913,5.0,1,Stopped,0,0,0,0,0,VALID,VALID
92H-07095,2026-07-30 11:40:00,450.0,0,"Số 6, Phường Dĩ An, TP Hồ Chí Minh",0.0,5.0,1,0,0.0,0.0,450.2,0.10954451141176165,5.0,1,Stopped,0,0,0,0,0,VALID,VALID
92H-07095,2026-07-30 11:45:00,450.0,0,"Số 6, Phường Dĩ An, TP Hồ Chí Minh",0.0,5.0,1,0,0.0,0.0,450.0,0.10954451141156576,5.0,1,Stopped,0,0,0,0,0,VALID,VALID
92H-07095,2026-07-30 11:50:00,449.9,0,"Số 6, Phường Dĩ An, TP Hồ Chí Minh",0.0,5.0,1,0,-0.10000000000002274,-0.02000000000000455,450.0,0.10954451141129724,5.0,1,Stopped,0,0,0,0,0,VALID,VALID
92H-07095,2026-07-30 11:55:00,449.4,0,"Số 6, Phường Dĩ An, TP Hồ Chí Minh",0.0,5.0,1,0,-0.5,-0.1,450.0,0.2607680961700889,5.0,1,Stopped,0,0,0,0,0,VALID,VALID
92H-07095,2026-07-30 12:00:00,449.3,16,"Đại Lộ Thống Nhất, Phường Dĩ An, TP Hồ Chí Minh",0.0,5.0,1,0,-0.0999999999999659,-0.01999999999999318,449.9,0.3420526275005375,5.0,1,Moving,0,0,0,0,0,VALID,VALID
92H-07095,2026-07-30 12:05:00,446.4,54,"Tỉnh Lộ 743, Phường Dĩ An, TP Hồ Chí Minh",0.0,5.0,1,0,-2.900000000000034,-0.5800000000000068,449.4,1.4849242404847673,5.0,1,Moving,0,0,0,0,0,VALID,VALID
92H-07095,2026-07-30 12:10:00,447.2,28,"Tỉnh Lộ 743, Phường Dĩ An, TP Hồ Chí Minh",0.0,5.0,1,0,0.8000000000000114,0.16000000000000228,449.3,1.5404544783857241,5.0,1,Moving,0,0,0,0,0,VALID,VALID
92H-07095,2026-07-30 12:15:00,448.3,11,"Tỉnh Lộ 743, Phường An Phú, TP Hồ Chí Minh",0.0,5.0,1,0,1.1000000000000227,0.22000000000000455,448.3,1.3103434664156892,5.0,1,Moving,0,0,0,0,0,VALID,VALID
92H-07095,2026-07-30 12:20:00,450.6,20,"Cao Tốc Mỹ Phước - Tân Vạn, Phường Tân Đông Hiệp, TP Hồ Chí Minh",0.0,5.0,1,0,2.3000000000000114,0.4600000000000023,448.3,1.6652327164629548,5.0,1,Moving,0,0,0,0,0,VALID,VALID
92H-07095,2026-07-30 12:25:00,439.9,7,"Cao Tốc Mỹ Phước - Tân Vạn, Phường Tân Đông Hiệp, TP Hồ Chí Minh",0.0,5.0,1,0,-10.700000000000045,-2.140000000000009,447.2,4.003373577369039,5.0,1,Moving,0,0,1,0,1,LARGE_DELTA,VALID
92H-07095,2026-07-30 12:30:00,444.5,0,"Cao Tốc Mỹ Phước - Tân Vạn, Phường Tân Đông Hiệp, TP Hồ Chí Minh",0.0,5.0,1,0,4.600000000000023,0.9200000000000046,447.2,4.10182886039583,5.0,1,Stopped,0,0,0,0,0,VALID,VALID
92H-07095,2026-07-30 12:35:00,448.1,0,"Cao Tốc Mỹ Phước - Tân Vạn, Phường Dĩ An, TP Hồ Chí Minh",0.0,5.0,1,0,3.6000000000000227,0.7200000000000045,448.1,4.181148167665954,5.0,1,Stopped,0,0,0,0,0,VALID,VALID
92H-07095,2026-07-30 12:40:00,444.5,0,"Số 4, Phường Tân Đông Hiệp, TP Hồ Chí Minh",0.0,5.0,1,0,-3.6000000000000227,-0.7200000000000045,444.5,4.065956222092849,5.0,1,Stopped,0,0,0,0,0,VALID,VALID
92H-07095,2026-07-30 12:45:00,444.2,0,"Số 4, Phường Tân Đông Hiệp, TP Hồ Chí Minh",0.0,5.0,1,0,-0.30000000000001137,-0.060000000000002274,444.5,2.9099828178142504,5.0,1,Stopped,0,0,0,0,0,VALID,VALID
92H-07095,2026-07-30 12:50:00,444.2,0,"Số 4, Phường Tân Đông Hiệp, TP Hồ Chí Minh",0.0,5.0,1,0,0.0,0.0,444.5,1.6837458240408312,5.0,1,Stopped,0,0,0,0,0,VALID,VALID
92H-07095,2026-07-30 12:55:00,442.7,13,"Phường Tân Đông Hiệp, TP Hồ Chí Minh",0.0,5.0,1,0,-1.5,-0.3,444.2,2.005741758047284,5.0,1,Moving,0,0,0,0,0,VALID,VALID
92H-07095,2026-07-30 13:00:00,443.7,0,"Phường Tân Đông Hiệp, TP Hồ Chí Minh",0.0,5.0,1,0,1.0,0.2,444.2,0.7092249290413584,5.0,1,Stopped,0,0,0,0,0,VALID,VALID
92H-07095,2026-07-30 13:05:00,439.6,0,"Phường Tân Đông Hiệp, TP Hồ Chí Minh",0.0,5.0,1,0,-4.099999999999966,-0.8199999999999932,443.7,1.933132173435844,5.0,1,Stopped,0,0,0,0,0,VALID,VALID
92H-07095,2026-07-30 13:10:00,443.0,0,"Phường Tân Đông Hiệp, TP Hồ Chí Minh",0.0,5.0,1,0,3.3999999999999773,0.6799999999999955,443.0,1.7980545041718254,5.0,1,Stopped,0,0,0,0,0,VALID,VALID
92H-07095,2026-07-30 13:15:00,443.0,0,"Phường Tân Đông Hiệp, TP Hồ Chí Minh",0.0,5.0,1,0,0.0,0.0,443.0,1.607793519072765,5.0,1,Stopped,0,0,0,0,0,VALID,VALID
92H-07095,2026-07-30 13:20:00,442.7,0,"Phường Tân Đông Hiệp, TP Hồ Chí Minh",0.0,5.0,1,0,-0.30000000000001137,-0.060000000000002274,443.0,1.607793519072765,5.0,1,Stopped,0,0,0,0,0,VALID,VALID
92H-07095,2026-07-30 13:25:00,442.7,0,"Phường Tân Đông Hiệp, TP Hồ Chí Minh",0.0,5.0,1,0,0.0,0.0,442.7,1.4611639196107344,5.0,1,Stopped,0,0,0,0,0,VALID,VALID
92H-07095,2026-07-30 13:30:00,442.4,0,"Phường Tân Đông Hiệp, TP Hồ Chí Minh",0.0,5.0,1,0,-0.30000000000001137,-0.060000000000002274,442.7,0.2509980079059027,5.0,1,Stopped,0,0,0,0,0,VALID,VALID
92H-07095,2026-07-30 13:35:00,442.3,0,"Phường Tân Đông Hiệp, TP Hồ Chí Minh",0.0,5.0,1,0,-0.0999999999999659,-0.01999999999999318,442.7,0.277488738460883,5.0,1,Stopped,0,0,0,0,0,VALID,VALID
92H-07095,2026-07-30 13:40:00,442.1,0,"Phường Tân Đông Hiệp, TP Hồ Chí Minh",0.0,5.0,1,0,-0.19999999999998863,-0.039999999999997725,442.4,0.26076809615529245,5.0,1,Stopped,0,0,0,0,0,VALID,VALID
92H-07095,2026-07-30 13:45:00,442.1,0,"Phường Tân Đông Hiệp, TP Hồ Chí Minh",0.0,5.0,1,0,0.0,0.0,442.3,0.2489979919042487,5.0,1,Stopped,0,0,0,0,0,VALID,VALID
92H-07095,2026-07-30 13:50:00,443.3,0,"Phường Tân Đông Hiệp, TP Hồ Chí Minh",0.0,5.0,1,0,1.1999999999999886,0.23999999999999772,442.3,0.4979959838918975,5.0,1,Stopped,0,0,0,0,0,VALID,VALID
92H-07095,2026-07-30 13:55:00,443.0,0,"Phường Tân Đông Hiệp, TP Hồ Chí Minh",0.0,5.0,1,0,-0.30000000000001137,-0.060000000000002274,442.3,0.5549774769957413,5.0,1,Stopped,0,0,0,0,0,VALID,VALID
92H-07095,2026-07-30 14:00:00,443.0,0,"Phường Tân Đông Hiệp, TP Hồ Chí Minh",0.0,5.0,1,0,0.0,0.0,443.0,0.5612486079917565,5.0,1,Stopped,0,0,0,0,0,VALID,VALID
92H-07095,2026-07-30 14:05:00,443.0,0,"Phường Tân Đông Hiệp, TP Hồ Chí Minh",0.0,5.0,1,0,0.0,0.0,443.0,0.4549725266132548,5.0,1,Stopped,0,0,0,0,0,VALID,VALID
92H-07095,2026-07-30 14:10:00,443.0,0,"Phường Tân Đông Hiệp, TP Hồ Chí Minh",0.0,5.0,1,0,0.0,0.0,443.0,0.13416407854940307,5.0,1,Stopped,0,0,0,0,0,VALID,VALID
92H-07095,2026-07-30 14:15:00,443.0,0,"Phường Tân Đông Hiệp, TP Hồ Chí Minh",0.0,5.0,1,0,0.0,0.0,443.0,0.0,5.0,1,Stopped,0,0,0,0,0,VALID,VALID
92H-07095,2026-07-30 14:20:00,443.0,0,"Phường Tân Đông Hiệp, TP Hồ Chí Minh",0.0,5.0,1,0,0.0,0.0,443.0,0.0,5.0,1,Stopped,0,0,0,0,0,VALID,VALID
92H-07095,2026-07-30 14:25:00,443.0,0,"Phường Tân Đông Hiệp, TP Hồ Chí Minh",0.0,5.0,1,0,0.0,0.0,443.0,0.0,5.0,1,Stopped,0,0,0,0,0,VALID,VALID
92H-07095,2026-07-30 14:30:00,443.3,0,"Phường Tân Đông Hiệp, TP Hồ Chí Minh",0.0,5.0,1,0,0.30000000000001137,0.060000000000002274,443.0,0.13416407854940307,5.0,1,Stopped,0,0,0,0,0,VALID,VALID
92H-07095,2026-07-30 14:35:00,441.8,0,"Phường Tân Đông Hiệp, TP Hồ Chí Minh",0.0,5.0,1,0,-1.5,-0.3,443.0,0.5848076606652832,5.0,1,Stopped,0,0,0,0,0,VALID,VALID
92H-07095,2026-07-30 14:40:00,440.9,38,"Cao Tốc Mỹ Phước - Tân Vạn, Phường Dĩ An, TP Hồ Chí Minh",0.0,5.0,1,0,-0.9000000000000341,-0.18000000000000682,443.0,1.017349497455252,5.0,1,Moving,0,0,0,0,0,VALID,VALID
92H-07095,2026-07-30 14:45:00,436.1,28,"Cao Tốc Mỹ Phước - Tân Vạn, Phường Đông Hòa, TP Hồ Chí Minh",0.0,5.0,1,0,-4.7999999999999545,-0.9599999999999909,441.8,2.913245612709499,5.0,1,Moving,0,0,0,0,0,VALID,VALID
92H-07095,2026-07-30 14:50:00,437.7,0,"Cao Tốc Mỹ Phước - Tân Vạn, Phường Đông Hòa, TP Hồ Chí Minh",0.0,5.0,1,0,1.599999999999966,0.3199999999999932,440.9,2.9762392376907765,5.0,1,Stopped,0,0,0,0,0,VALID,VALID
92H-07095,2026-07-30 14:55:00,438.1,0,"Cao Tốc Mỹ Phước - Tân Vạn, Phường Đông Hòa, TP Hồ Chí Minh",0.0,5.0,1,0,0.4000000000000341,0.08000000000000682,438.1,2.3626256580273552,5.0,1,Stopped,0,0,0,0,0,VALID,VALID
92H-07095,2026-07-30 15:00:00,438.3,0,"Cao Tốc Mỹ Phước - Tân Vạn, Phường Đông Hòa, TP Hồ Chí Minh",0.0,5.0,1,0,0.19999999999998863,0.039999999999997725,438.1,1.7297398648260711,5.0,1,Stopped,0,0,0,0,0,VALID,VALID
92H-07095,2026-07-30 15:05:00,438.6,0,"Cao Tốc Mỹ Phước - Tân Vạn, Phường Đông Hòa, TP Hồ Chí Minh",0.0,5.0,1,0,0.30000000000001137,0.060000000000002274,438.1,0.983869910083715,5.0,1,Stopped,0,0,0,0,0,VALID,VALID
92H-07095,2026-07-30 15:10:00,437.6,0,"Cao Tốc Mỹ Phước - Tân Vạn, Phường Đông Hòa, TP Hồ Chí Minh",0.0,5.0,1,0,-1.0,-0.2,438.1,0.41593268682374407,5.0,1,Stopped,0,0,0,0,0,VALID,VALID
92H-07095,2026-07-30 15:15:00,437.6,0,"Cao Tốc Mỹ Phước - Tân Vạn, Phường Đông Hòa, TP Hồ Chí Minh",0.0,5.0,1,0,0.0,0.0,438.1,0.439317652693807,5.0,1,Stopped,0,0,0,0,0,VALID,VALID
92H-07095,2026-07-30 15:20:00,437.3,0,"Cao Tốc Mỹ Phước - Tân Vạn, Phường Đông Hòa, TP Hồ Chí Minh",0.0,5.0,1,0,-0.30000000000001137,-0.060000000000002274,437.6,0.5449770637084244,5.0,1,Stopped,0,0,0,0,0,VALID,VALID
92H-07095,2026-07-30 15:25:00,437.7,0,"Cao Tốc Mỹ Phước - Tân Vạn, Phường Đông Hòa, TP Hồ Chí Minh",0.0,5.0,1,0,0.39999999999997726,0.07999999999999545,437.6,0.49295030172234533,5.0,1,Stopped,0,0,0,0,0,VALID,VALID
92H-07095,2026-07-30 15:30:00,436.2,20,"Phường Đông Hòa, TP Hồ Chí Minh",0.0,5.0,1,0,-1.5,-0.3,437.6,0.6220932405738857,5.0,1,Moving,0,0,0,0,0,VALID,VALID
92H-07095,2026-07-30 15:35:00,433.1,46,"Xa Lộ Hà Nội, Phường Đông Hòa, TP Hồ Chí Minh",0.0,5.0,1,0,-3.099999999999966,-0.6199999999999932,437.3,1.9279522815585612,5.0,1,Moving,0,0,0,0,0,VALID,VALID
92H-07095,2026-07-30 15:40:00,437.3,0,"Trường Sơn, Phường Linh Xuân, TP Hồ Chí Minh",0.0,5.0,1,0,4.199999999999989,0.8399999999999977,437.3,1.8846750382935522,5.0,1,Stopped,0,0,0,0,0,VALID,VALID
92H-07095,2026-07-30 15:45:00,435.9,12,"Trường Sơn, Phường Đông Hòa, TP Hồ Chí Minh",0.0,5.0,1,0,-1.400000000000034,-0.2800000000000068,436.2,1.8049930747696963,5.0,1,Moving,0,0,0,0,0,VALID,VALID
92H-07095,2026-07-30 15:50:00,429.5,0,"Trường Sơn, Phường Linh Xuân, TP Hồ Chí Minh",0.0,5.0,1,0,-6.399999999999977,-1.2799999999999954,435.9,3.146426544504938,5.0,1,Stopped,0,0,0,0,0,VALID,VALID
92H-07095,2026-07-30 15:55:00,435.3,0,"Cầu vượt Linh Xuân, Phường Linh Xuân, TP Hồ Chí Minh",0.0,5.0,1,0,5.800000000000011,1.1600000000000024,435.3,3.0417100453470516,5.0,1,Stopped,0,0,0,0,0,VALID,VALID
92H-07095,2026-07-30 16:00:00,437.3,0,"Cầu vượt Sóng Thần, Phường Tam Bình, TP Hồ Chí Minh",0.0,5.0,1,0,2.0,0.4,435.9,3.2292413969794627,5.0,1,Stopped,0,0,0,0,0,VALID,VALID
92H-07095,2026-07-30 16:05:00,430.9,0,"Đại Lộ Độc Lập, Phường Dĩ An, TP Hồ Chí Minh",0.0,5.0,1,0,-6.400000000000034,-1.280000000000007,435.3,3.384080377290815,5.0,1,Stopped,0,0,0,0,0,VALID,VALID
92H-07095,2026-07-30 16:10:00,433.0,17,"Số 6, Phường Dĩ An, TP Hồ Chí Minh",0.0,5.0,1,0,2.1000000000000227,0.42000000000000454,433.0,3.171750305425104,5.0,1,Moving,0,0,0,0,0,VALID,VALID
92H-07095,2026-07-30 16:15:00,428.7,0,"Số 12, Phường Dĩ An, TP Hồ Chí Minh",0.0,5.0,1,0,-4.300000000000011,-0.8600000000000023,433.0,3.4158454297529466,5.0,1,Stopped,0,0,0,0,0,VALID,VALID
92H-07095,2026-07-30 16:20:00,430.6,0,"Số 12, Phường Dĩ An, TP Hồ Chí Minh",0.0,5.0,1,0,1.900000000000034,0.38000000000000683,430.9,3.2825295124283587,5.0,1,Stopped,0,0,0,0,0,VALID,VALID
92H-07095,2026-07-30 16:25:00,430.2,0,"Số 12, Phường Dĩ An, TP Hồ Chí Minh",0.0,5.0,1,0,-0.4000000000000341,-0.08000000000000682,430.6,1.54822478986798,5.0,1,Stopped,0,0,0,0,0,VALID,VALID
92H-07095,2026-07-30 16:30:00,431.8,0,"Số 12, Phường Dĩ An, TP Hồ Chí Minh",0.0,5.0,1,0,1.6000000000000227,0.32000000000000456,430.6,1.6303373883837442,5.0,1,Stopped,0,0,0,0,0,VALID,VALID
92H-07095,2026-07-30 16:35:00,429.5,0,"Số 12, Phường Dĩ An, TP Hồ Chí Minh",0.0,5.0,1,0,-2.3000000000000114,-0.4600000000000023,430.2,1.1674759097991134,5.0,1,Stopped,0,0,0,0,0,VALID,VALID
92H-07095,2026-07-30 16:40:00,429.3,0,"Số 12, Phường Dĩ An, TP Hồ Chí Minh",0.0,5.0,1,0,-0.19999999999998863,-0.039999999999997725,430.2,0.9984988732899835,5.0,1,Stopped,0,0,0,0,0,VALID,VALID
92H-07095,2026-07-30 16:45:00,429.3,0,"Số 12, Phường Dĩ An, TP Hồ Chí Minh",0.0,5.0,1,0,0.0,0.0,429.5,1.0616025621489047,5.0,1,Stopped,0,0,0,0,0,VALID,VALID
92H-07095,2026-07-30 16:50:00,429.3,0,"Số 12, Phường Dĩ An, TP Hồ Chí Minh",0.0,5.0,1,0,0.0,0.0,429.3,1.0990905331049654,5.0,1,Stopped,0,0,0,0,0,VALID,VALID
92H-07095,2026-07-30 16:55:00,429.3,0,"Số 12, Phường Dĩ An, TP Hồ Chí Minh",0.0,5.0,1,0,0.0,0.0,429.3,0.08944271887917646,5.0,1,Stopped,0,0,0,0,0,VALID,VALID
92H-07095,2026-07-30 17:00:00,429.3,0,"Số 12, Phường Dĩ An, TP Hồ Chí Minh",0.0,5.0,1,0,0.0,0.0,429.3,0.0,5.0,1,Stopped,0,0,0,0,0,VALID,VALID
92H-07095,2026-07-30 17:05:00,429.3,0,"Số 12, Phường Dĩ An, TP Hồ Chí Minh",0.0,5.0,1,0,0.0,0.0,429.3,0.0,5.0,1,Stopped,0,0,0,0,0,VALID,VALID
92H-07095,2026-07-30 17:10:00,429.3,0,"Số 12, Phường Dĩ An, TP Hồ Chí Minh",0.0,5.0,1,0,0.0,0.0,429.3,0.0,5.0,1,Stopped,0,0,0,0,0,VALID,VALID
92H-07095,2026-07-30 17:15:00,429.3,0,"Số 12, Phường Dĩ An, TP Hồ Chí Minh",0.0,5.0,1,0,0.0,0.0,429.3,0.0,5.0,1,Stopped,0,0,0,0,0,VALID,VALID
92H-07095,2026-07-30 17:20:00,429.3,0,"Số 12, Phường Dĩ An, TP Hồ Chí Minh",0.0,5.0,1,0,0.0,0.0,429.3,0.0,5.0,1,Stopped,0,0,0,0,0,VALID,VALID
92H-07095,2026-07-30 17:25:00,429.3,0,"Số 12, Phường Dĩ An, TP Hồ Chí Minh",0.0,5.0,1,0,0.0,0.0,429.3,0.0,5.0,1,Stopped,0,0,0,0,0,VALID,VALID
92H-07095,2026-07-30 17:30:00,429.3,0,"Số 12, Phường Dĩ An, TP Hồ Chí Minh",0.0,5.0,1,0,0.0,0.0,429.3,0.0,5.0,1,Stopped,0,0,0,0,0,VALID,VALID
92H-07095,2026-07-30 17:35:00,429.3,0,"Số 12, Phường Dĩ An, TP Hồ Chí Minh",0.0,5.0,1,0,0.0,0.0,429.3,0.0,5.0,1,Stopped,0,0,0,0,0,VALID,VALID
92H-07095,2026-07-30 17:40:00,429.3,0,"Số 12, Phường Dĩ An, TP Hồ Chí Minh",0.0,5.0,1,0,0.0,0.0,429.3,0.0,5.0,1,Stopped,0,0,0,0,0,VALID,VALID
92H-07095,2026-07-30 17:45:00,429.3,0,"Số 12, Phường Dĩ An, TP Hồ Chí Minh",0.0,5.0,1,0,0.0,0.0,429.3,0.0,5.0,1,Stopped,0,0,0,0,0,VALID,VALID
92H-07095,2026-07-30 17:50:00,429.3,0,"Số 12, Phường Dĩ An, TP Hồ Chí Minh",0.0,5.0,1,0,0.0,0.0,429.3,0.0,5.0,1,Stopped,0,0,0,0,0,VALID,VALID
92H-07095,2026-07-30 17:55:00,429.3,0,"Số 12, Phường Dĩ An, TP Hồ Chí Minh",0.0,5.0,1,0,0.0,0.0,429.3,0.0,5.0,1,Stopped,0,0,0,0,0,VALID,VALID
92H-07095,2026-07-30 18:00:00,429.3,0,"Số 12, Phường Dĩ An, TP Hồ Chí Minh",0.0,5.0,1,0,0.0,0.0,429.3,0.0,5.0,1,Stopped,0,0,0,0,0,VALID,VALID
92H-07095,2026-07-30 18:05:00,429.2,0,"Số 12, Phường Dĩ An, TP Hồ Chí Minh",0.0,5.0,1,0,-0.10000000000002274,-0.02000000000000455,429.3,0.04472135910779483,5.0,1,Stopped,0,0,0,0,0,VALID,VALID
92H-07095,2026-07-30 18:10:00,429.2,0,"Số 12, Phường Dĩ An, TP Hồ Chí Minh",0.0,5.0,1,0,0.0,0.0,429.3,0.05477225538932898,5.0,1,Stopped,0,0,0,0,0,VALID,VALID
92H-07095,2026-07-30 18:15:00,429.2,0,"Số 12, Phường Dĩ An, TP Hồ Chí Minh",0.0,5.0,1,0,0.0,0.0,429.2,0.05477225538920185,5.0,1,Stopped,0,0,0,0,0,VALID,VALID
92H-07095,2026-07-30 18:20:00,429.2,0,"Số 12, Phường Dĩ An, TP Hồ Chí Minh",0.0,5.0,1,0,0.0,0.0,429.2,0.04472135910732772,5.0,1,Stopped,0,0,0,0,0,VALID,VALID
92H-07095,2026-07-30 18:25:00,429.2,0,"Số 12, Phường Dĩ An, TP Hồ Chí Minh",0.0,5.0,1,0,0.0,0.0,429.2,0.0,5.0,1,Stopped,0,0,0,0,0,VALID,VALID
92H-07095,2026-07-30 18:30:00,429.0,0,"Số 12, Phường Dĩ An, TP Hồ Chí Minh",0.0,5.0,1,0,-0.19999999999998863,-0.039999999999997725,429.2,0.0894427188784472,5.0,1,Stopped,0,0,0,0,0,VALID,VALID
92H-07095,2026-07-30 18:35:00,429.0,0,"Số 12, Phường Dĩ An, TP Hồ Chí Minh",0.0,5.0,1,0,0.0,0.0,429.2,0.10954451132003518,5.0,1,Stopped,0,0,0,0,0,VALID,VALID
92H-07095,2026-07-30 18:40:00,429.0,0,"Số 12, Phường Dĩ An, TP Hồ Chí Minh",0.0,5.0,1,0,0.0,0.0,429.0,0.10954451131994307,5.0,1,Stopped,0,0,0,0,0,VALID,VALID
92H-07095,2026-07-30 18:45:00,429.0,0,"Số 12, Phường Dĩ An, TP Hồ Chí Minh",0.0,5.0,1,0,0.0,0.0,429.0,0.08944271887810877,5.0,1,Stopped,0,0,0,0,0,VALID,VALID
92H-07095,2026-07-30 18:50:00,429.0,0,"Số 12, Phường Dĩ An, TP Hồ Chí Minh",0.0,5.0,1,0,0.0,0.0,429.0,0.0,5.0,1,Stopped,0,0,0,0,0,VALID,VALID
92H-07095,2026-07-30 18:55:00,426.2,34,"Số 18 KCN Sóng Thần 2, Phường Dĩ An, TP Hồ Chí Minh",0.0,5.0,1,0,-2.8000000000000114,-0.5600000000000023,429.0,1.252198067383976,5.0,1,Moving,0,0,0,0,0,VALID,VALID
92H-07095,2026-07-30 19:00:00,427.3,19,"Đại Lộ Độc Lập, Phường Dĩ An, TP Hồ Chí Minh",0.0,5.0,1,0,1.1000000000000227,0.22000000000000455,429.0,1.2922847983165506,5.0,1,Moving,0,0,0,0,0,VALID,VALID
92H-07095,2026-07-30 19:05:00,427.3,33,"Trường Sơn, Phường Tam Bình, TP Hồ Chí Minh",0.0,5.0,1,0,0.0,0.0,427.3,1.217784874253219,5.0,1,Moving,0,0,0,0,0,VALID,VALID
92H-07095,2026-07-30 19:10:00,426.8,0,"Xa Lộ Đại Hàn, Phường Hiệp Bình, TP Hồ Chí Minh",0.0,5.0,1,0,-0.5,-0.1,427.3,1.0425929214989795,5.0,1,Stopped,0,0,0,0,0,VALID,VALID
92H-07095,2026-07-30 19:15:00,428.3,0,"Xa Lộ Đại Hàn, Phường An Phú Đông, TP Hồ Chí Minh",0.0,5.0,1,0,1.5,0.3,427.3,0.7726577508572212,5.0,1,Stopped,0,0,0,0,0,VALID,VALID
92H-07095,2026-07-30 19:20:00,425.5,0,"Xa Lộ Đại Hàn, Phường An Phú Đông, TP Hồ Chí Minh",0.0,5.0,1,0,-2.8000000000000114,-0.5600000000000023,427.3,1.0188228501362107,5.0,1,Stopped,0,0,0,0,0,VALID,VALID
92H-07095,2026-07-30 19:25:00,423.3,0,"Xa Lộ Đại Hàn, Phường An Phú Đông, TP Hồ Chí Minh",0.0,5.0,1,0,-2.1999999999999886,-0.4399999999999977,426.8,1.9282116066343256,5.0,1,Stopped,0,0,0,0,0,VALID,VALID
92H-07095,2026-07-30 19:30:00,424.0,0,"Xa Lộ Đại Hàn, Phường An Phú Đông, TP Hồ Chí Minh",0.0,5.0,1,0,0.6999999999999886,0.13999999999999774,425.5,2.0364184245775814,5.0,1,Stopped,0,0,0,0,0,VALID,VALID
92H-07095,2026-07-30 19:35:00,425.5,0,"Xa Lộ Đại Hàn, Phường An Phú Đông, TP Hồ Chí Minh",0.0,5.0,1,0,1.5,0.3,425.5,1.9214577799053785,5.0,1,Stopped,0,0,0,0,0,VALID,VALID
92H-07095,2026-07-30 19:40:00,423.5,0,"Xa Lộ Đại Hàn, Phường An Phú Đông, TP Hồ Chí Minh",0.0,5.0,1,0,-2.0,-0.4,424.0,1.071447618858913,5.0,1,Stopped,0,0,0,0,0,VALID,VALID
92H-07095,2026-07-30 19:45:00,423.5,0,Bến xe Ngã tư Ga,0.0,5.0,1,0,0.0,0.0,423.5,0.898888202146521,5.0,1,Stopped,0,0,0,0,0,VALID,VALID
92H-07095,2026-07-30 19:50:00,423.2,0,"Xa Lộ Đại Hàn, Phường Thới An, TP Hồ Chí Minh",0.0,5.0,1,0,-0.30000000000001137,-0.060000000000002274,423.5,0.9181503144682747,5.0,1,Stopped,0,0,0,0,0,VALID,VALID
92H-07095,2026-07-30 19:55:00,421.4,0,"Xa Lộ Đại Hàn, Phường Thới An, TP Hồ Chí Minh",0.0,5.0,1,0,-1.8000000000000114,-0.36000000000000226,423.5,1.454991408894845,5.0,1,Stopped,0,0,0,0,0,VALID,VALID
92H-07095,2026-07-30 20:00:00,416.4,9,"Xa Lộ Đại Hàn, Phường Thới An, TP Hồ Chí Minh",0.0,5.0,1,0,-5.0,-1.0,423.2,3.0356218473249235,5.0,1,Moving,0,0,0,0,0,VALID,VALID
92H-07095,2026-07-30 20:05:00,419.3,5,"Xa Lộ Đại Hàn, Phường Thới An, TP Hồ Chí Minh",0.0,5.0,1,0,2.900000000000034,0.5800000000000068,421.4,2.958546940637534,5.0,1,Moving,0,0,0,0,0,VALID,VALID
92H-07095,2026-07-30 20:10:00,420.4,0,"Xa Lộ Đại Hàn, Phường Tân Thới Hiệp, TP Hồ Chí Minh",0.0,5.0,1,0,1.099999999999966,0.21999999999999317,420.4,2.5353500744384916,5.0,1,Stopped,0,0,0,0,0,VALID,VALID
92H-07095,2026-07-30 20:15:00,419.0,44,"Xa Lộ Đại Hàn, Phường Trung Mỹ Tây, TP Hồ Chí Minh",0.0,5.0,1,0,-1.3999999999999773,-0.2799999999999955,419.3,1.878829422793535,5.0,1,Moving,0,0,0,0,0,VALID,VALID
92H-07095,2026-07-30 20:20:00,420.2,0,"Xa Lộ Đại Hàn, Xã Bà Điểm, TP Hồ Chí Minh",0.0,5.0,1,0,1.1999999999999886,0.23999999999999772,419.3,1.5993748778677692,5.0,1,Stopped,0,0,0,0,0,VALID,VALID
92H-07095,2026-07-30 20:25:00,419.0,0,"Cầu Bình Phú Tây, Phường Bình Tân, TP Hồ Chí Minh",0.0,5.0,1,0,-1.1999999999999886,-0.23999999999999772,419.3,0.6723094525252962,5.0,1,Stopped,0,0,0,0,0,VALID,VALID
92H-07095,2026-07-30 20:30:00,416.4,19,Trạm thu phí An Sương,0.0,5.0,1,0,-2.6000000000000227,-0.5200000000000046,419.0,1.5937377450366659,5.0,1,Moving,0,0,0,0,0,VALID,VALID
92H-07095,2026-07-30 20:35:00,415.7,48,"Xa Lộ Đại Hàn, Phường Tân Tạo, TP Hồ Chí Minh",0.0,5.0,1,0,-0.6999999999999886,-0.13999999999999774,419.0,1.915202339167872,5.0,1,Moving,0,0,0,0,0,VALID,VALID
92H-07095,2026-07-30 20:40:00,411.7,25,"Số 3, Phường Tân Tạo, TP Hồ Chí Minh",0.0,5.0,1,0,-4.0,-0.8,416.4,3.3007574888127156,5.0,1,Moving,0,0,0,0,0,VALID,VALID
92H-07095,2026-07-30 20:45:00,410.7,0,"Phường Tân Tạo, TP Hồ Chí Minh",0.0,5.0,1,0,-1.0,-0.2,415.7,3.441656577863648,5.0,1,Stopped,0,0,0,0,0,VALID,VALID
92H-07095,2026-07-30 20:50:00,412.1,0,"Số 9, Phường Tân Tạo, TP Hồ Chí Minh",0.0,5.0,1,0,1.400000000000034,0.2800000000000068,412.1,2.5557777681072547,5.0,1,Stopped,0,0,0,0,0,VALID,VALID
92H-07095,2026-07-30 20:55:00,419.5,0,"Số 9, Phường Tân Tạo, TP Hồ Chí Minh",0.0,5.0,1,0,7.399999999999977,1.4799999999999955,412.1,3.6370317567972488,5.0,1,Stopped,0,0,0,0,0,VALID,VALID
92H-07095,2026-07-30 21:00:00,419.5,0,"Số 9, Phường Tân Tạo, TP Hồ Chí Minh",0.0,5.0,1,0,0.0,0.0,412.1,4.411349000017131,5.0,1,Stopped,0,0,0,0,0,VALID,VALID
92H-07095,2026-07-30 21:05:00,419.5,0,"Số 9, Phường Tân Tạo, TP Hồ Chí Minh",0.0,5.0,1,0,0.0,0.0,419.5,4.46407885234491,5.0,1,Stopped,0,0,0,0,0,VALID,VALID
92H-07095,2026-07-30 21:10:00,419.5,0,"Số 9, Phường Tân Tạo, TP Hồ Chí Minh",0.0,5.0,1,0,0.0,0.0,419.5,3.30938060669275,5.0,1,Stopped,0,0,0,0,0,VALID,VALID
92H-07095,2026-07-30 21:15:00,419.3,0,"Số 9, Phường Tân Tạo, TP Hồ Chí Minh",0.0,5.0,1,0,-0.19999999999998863,-0.039999999999997725,419.5,0.08944271884889585,5.0,1,Stopped,0,0,0,0,0,VALID,VALID
92H-07095,2026-07-30 21:20:00,413.6,0,"Số 9, Phường Tân Tạo, TP Hồ Chí Minh",0.0,5.0,1,0,-5.699999999999989,-1.1399999999999977,419.5,2.6176325181266944,5.0,1,Stopped,0,0,0,0,0,VALID,VALID
92H-07095,2026-07-30 21:25:00,412.1,0,"Phường Tân Tạo, TP Hồ Chí Minh",0.0,5.0,1,0,-1.5,-0.3,419.3,3.6455452267052277,5.0,1,Stopped,0,0,0,0,0,VALID,VALID
92H-07095,2026-07-30 21:30:00,412.0,0,"Phường Tân Tạo, TP Hồ Chí Minh",0.0,5.0,1,0,-0.10000000000002274,-0.02000000000000455,413.6,3.7967091013076373,5.0,1,Stopped,0,0,0,0,0,VALID,VALID
92H-07095,2026-07-30 21:35:00,412.0,0,"Phường Tân Tạo, TP Hồ Chí Minh",0.0,5.0,1,0,0.0,0.0,412.1,3.1488092987590126,5.0,1,Stopped,0,0,0,0,0,VALID,VALID
92H-07095,2026-07-30 21:40:00,412.0,0,"Phường Tân Tạo, TP Hồ Chí Minh",0.0,5.0,1,0,0.0,0.0,412.0,0.7056911505398177,5.0,1,Stopped,0,0,0,0,0,VALID,VALID
92H-07095,2026-07-30 21:45:00,412.0,0,"Phường Tân Tạo, TP Hồ Chí Minh",0.0,5.0,1,0,0.0,0.0,412.0,0.0447213589909384,5.0,1,Stopped,0,0,0,0,0,VALID,VALID
92H-07095,2026-07-30 21:50:00,412.0,0,"Phường Tân Tạo, TP Hồ Chí Minh",0.0,5.0,1,0,0.0,0.0,412.0,0.0,5.0,1,Stopped,0,0,0,0,0,VALID,VALID
92H-07095,2026-07-30 21:55:00,412.0,0,"Phường Tân Tạo, TP Hồ Chí Minh",0.0,5.0,1,0,0.0,0.0,412.0,0.0,5.0,1,Stopped,0,0,0,0,0,VALID,VALID
92H-07095,2026-07-30 22:00:00,412.0,0,"Phường Tân Tạo, TP Hồ Chí Minh",0.0,5.0,1,0,0.0,0.0,412.0,0.0,5.0,1,Stopped,0,0,0,0,0,VALID,VALID
92H-07095,2026-07-30 22:05:00,412.0,0,"Phường Tân Tạo, TP Hồ Chí Minh",0.0,5.0,1,0,0.0,0.0,412.0,0.0,5.0,1,Stopped,0,0,0,0,0,VALID,VALID
92H-07095,2026-07-30 22:10:00,412.0,0,"Phường Tân Tạo, TP Hồ Chí Minh",0.0,5.0,1,0,0.0,0.0,412.0,0.0,5.0,1,Stopped,0,0,0,0,0,VALID,VALID
92H-07095,2026-07-30 22:15:00,411.8,0,"Phường Tân Tạo, TP Hồ Chí Minh",0.0,5.0,1,0,-0.19999999999998863,-0.039999999999997725,412.0,0.08944271882023345,5.0,1,Stopped,0,0,0,0,0,VALID,VALID
92H-07095,2026-07-30 22:20:00,411.8,0,"Phường Tân Tạo, TP Hồ Chí Minh",0.0,5.0,1,0,0.0,0.0,412.0,0.10954451127250386,5.0,1,Stopped,0,0,0,0,0,VALID,VALID
92H-07095,2026-07-30 22:25:00,412.0,0,"Phường Tân Tạo, TP Hồ Chí Minh",0.0,5.0,1,0,0.19999999999998863,0.039999999999997725,412.0,0.10954451127250386,5.0,1,Stopped,0,0,0,0,0,VALID,VALID
92H-07095,2026-07-30 22:30:00,412.0,0,"Phường Tân Tạo, TP Hồ Chí Minh",0.0,5.0,1,0,0.0,0.0,412.0,0.10954451127250386,5.0,1,Stopped,0,0,0,0,0,VALID,VALID
92H-07095,2026-07-30 22:35:00,412.0,0,"Phường Tân Tạo, TP Hồ Chí Minh",0.0,5.0,1,0,0.0,0.0,412.0,0.10954451127250386,5.0,1,Stopped,0,0,0,0,0,VALID,VALID
92H-07095,2026-07-30 22:40:00,412.0,0,"Phường Tân Tạo, TP Hồ Chí Minh",0.0,5.0,1,0,0.0,0.0,412.0,0.08944271882023345,5.0,1,Stopped,0,0,0,0,0,VALID,VALID
92H-07095,2026-07-30 22:45:00,412.0,0,"Phường Tân Tạo, TP Hồ Chí Minh",0.0,5.0,1,0,0.0,0.0,412.0,0.0,5.0,1,Stopped,0,0,0,0,0,VALID,VALID
92H-07095,2026-07-30 22:50:00,412.0,0,"Phường Tân Tạo, TP Hồ Chí Minh",0.0,5.0,1,0,0.0,0.0,412.0,0.0,5.0,1,Stopped,0,0,0,0,0,VALID,VALID
92H-07095,2026-07-30 22:55:00,412.0,0,"Phường Tân Tạo, TP Hồ Chí Minh",0.0,5.0,1,0,0.0,0.0,412.0,0.0,5.0,1,Stopped,0,0,0,0,0,VALID,VALID
92H-07095,2026-07-30 23:00:00,412.0,0,"Phường Tân Tạo, TP Hồ Chí Minh",0.0,5.0,1,0,0.0,0.0,412.0,0.0,5.0,1,Stopped,0,0,0,0,0,VALID,VALID
92H-07095,2026-07-30 23:05:00,412.0,0,"Phường Tân Tạo, TP Hồ Chí Minh",0.0,5.0,1,0,0.0,0.0,412.0,0.0,5.0,1,Stopped,0,0,0,0,0,VALID,VALID
92H-07095,2026-07-30 23:10:00,412.0,0,"Phường Tân Tạo, TP Hồ Chí Minh",0.0,5.0,1,0,0.0,0.0,412.0,0.0,5.0,1,Stopped,0,0,0,0,0,VALID,VALID
92H-07095,2026-07-30 23:15:00,412.0,0,"Phường Tân Tạo, TP Hồ Chí Minh",0.0,5.0,1,0,0.0,0.0,412.0,0.0,5.0,1,Stopped,0,0,0,0,0,VALID,VALID
92H-07095,2026-07-30 23:20:00,412.0,0,"Phường Tân Tạo, TP Hồ Chí Minh",0.0,5.0,1,0,0.0,0.0,412.0,0.0,5.0,1,Stopped,0,0,0,0,0,VALID,VALID
92H-07095,2026-07-30 23:25:00,412.0,0,"Phường Tân Tạo, TP Hồ Chí Minh",0.0,5.0,1,0,0.0,0.0,412.0,0.0,5.0,1,Stopped,0,0,0,0,0,VALID,VALID
92H-07095,2026-07-30 23:30:00,412.0,0,"Phường Tân Tạo, TP Hồ Chí Minh",0.0,5.0,1,0,0.0,0.0,412.0,0.0,5.0,1,Stopped,0,0,0,0,0,VALID,VALID
92H-07095,2026-07-30 23:35:00,412.0,0,"Phường Tân Tạo, TP Hồ Chí Minh",0.0,5.0,1,0,0.0,0.0,412.0,0.0,5.0,1,Stopped,0,0,0,0,0,VALID,VALID
92H-07095,2026-07-30 23:40:00,412.0,0,"Phường Tân Tạo, TP Hồ Chí Minh",0.0,5.0,1,0,0.0,0.0,412.0,0.0,5.0,1,Stopped,0,0,0,0,0,VALID,VALID
92H-07095,2026-07-30 23:45:00,412.0,0,"Phường Tân Tạo, TP Hồ Chí Minh",0.0,5.0,1,0,0.0,0.0,412.0,0.0,5.0,1,Stopped,0,0,0,0,0,VALID,VALID
92H-07095,2026-07-30 23:50:00,412.0,0,"Phường Tân Tạo, TP Hồ Chí Minh",0.0,5.0,1,0,0.0,0.0,412.0,0.0,5.0,1,Stopped,0,0,0,0,0,VALID,VALID
92H-07095,2026-07-30 23:55:00,412.0,0,"Phường Tân Tạo, TP Hồ Chí Minh",0.0,5.0,1,0,0.0,0.0,412.0,0.0,5.0,1,Stopped,0,0,0,0,0,VALID,VALID
92H-07095,2026-07-31 00:00:00,412.0,0,"Phường Tân Tạo, TP Hồ Chí Minh",0.0,5.0,1,0,0.0,0.0,412.0,0.0,5.0,1,Stopped,0,0,0,0,0,VALID,VALID
92H-07095,2026-07-31 00:05:00,412.0,0,"Phường Tân Tạo, TP Hồ Chí Minh",0.0,5.0,1,0,0.0,0.0,412.0,0.0,5.0,1,Stopped,0,0,0,0,0,VALID,VALID
92H-07095,2026-07-31 00:10:00,412.0,0,"Phường Tân Tạo, TP Hồ Chí Minh",0.0,5.0,1,0,0.0,0.0,412.0,0.0,5.0,1,Stopped,0,0,0,0,0,VALID,VALID
92H-07095,2026-07-31 00:15:00,412.0,0,"Phường Tân Tạo, TP Hồ Chí Minh",0.0,5.0,1,0,0.0,0.0,412.0,0.0,5.0,1,Stopped,0,0,0,0,0,VALID,VALID
92H-07095,2026-07-31 00:20:00,412.0,0,"Phường Tân Tạo, TP Hồ Chí Minh",0.0,5.0,1,0,0.0,0.0,412.0,0.0,5.0,1,Stopped,0,0,0,0,0,VALID,VALID
92H-07095,2026-07-31 00:25:00,412.0,0,"Phường Tân Tạo, TP Hồ Chí Minh",0.0,5.0,1,0,0.0,0.0,412.0,0.0,5.0,1,Stopped,0,0,0,0,0,VALID,VALID
92H-07095,2026-07-31 00:30:00,412.0,0,"Phường Tân Tạo, TP Hồ Chí Minh",0.0,5.0,1,0,0.0,0.0,412.0,0.0,5.0,1,Stopped,0,0,0,0,0,VALID,VALID
92H-07095,2026-07-31 00:35:00,412.0,0,"Phường Tân Tạo, TP Hồ Chí Minh",0.0,5.0,1,0,0.0,0.0,412.0,0.0,5.0,1,Stopped,0,0,0,0,0,VALID,VALID
92H-07095,2026-07-31 00:40:00,412.0,0,"Phường Tân Tạo, TP Hồ Chí Minh",0.0,5.0,1,0,0.0,0.0,412.0,0.0,5.0,1,Stopped,0,0,0,0,0,VALID,VALID
92H-07095,2026-07-31 00:45:00,412.0,0,"Phường Tân Tạo, TP Hồ Chí Minh",0.0,5.0,1,0,0.0,0.0,412.0,0.0,5.0,1,Stopped,0,0,0,0,0,VALID,VALID
92H-07095,2026-07-31 00:50:00,412.0,0,"Phường Tân Tạo, TP Hồ Chí Minh",0.0,5.0,1,0,0.0,0.0,412.0,0.0,5.0,1,Stopped,0,0,0,0,0,VALID,VALID
92H-07095,2026-07-31 00:55:00,412.0,0,"Phường Tân Tạo, TP Hồ Chí Minh",0.0,5.0,1,0,0.0,0.0,412.0,0.0,5.0,1,Stopped,0,0,0,0,0,VALID,VALID
92H-07095,2026-07-31 01:00:00,412.0,0,"Phường Tân Tạo, TP Hồ Chí Minh",0.0,5.0,1,0,0.0,0.0,412.0,0.0,5.0,1,Stopped,0,0,0,0,0,VALID,VALID
92H-07095,2026-07-31 01:05:00,412.0,0,"Phường Tân Tạo, TP Hồ Chí Minh",0.0,5.0,1,0,0.0,0.0,412.0,0.0,5.0,1,Stopped,0,0,0,0,0,VALID,VALID
92H-07095,2026-07-31 01:10:00,412.0,0,"Phường Tân Tạo, TP Hồ Chí Minh",0.0,5.0,1,0,0.0,0.0,412.0,0.0,5.0,1,Stopped,0,0,0,0,0,VALID,VALID
92H-07095,2026-07-31 01:15:00,412.0,0,"Phường Tân Tạo, TP Hồ Chí Minh",0.0,5.0,1,0,0.0,0.0,412.0,0.0,5.0,1,Stopped,0,0,0,0,0,VALID,VALID
92H-07095,2026-07-31 01:20:00,412.0,0,"Phường Tân Tạo, TP Hồ Chí Minh",0.0,5.0,1,0,0.0,0.0,412.0,0.0,5.0,1,Stopped,0,0,0,0,0,VALID,VALID
92H-07095,2026-07-31 01:25:00,412.0,0,"Phường Tân Tạo, TP Hồ Chí Minh",0.0,5.0,1,0,0.0,0.0,412.0,0.0,5.0,1,Stopped,0,0,0,0,0,VALID,VALID
92H-07095,2026-07-31 01:30:00,412.0,0,"Phường Tân Tạo, TP Hồ Chí Minh",0.0,5.0,1,0,0.0,0.0,412.0,0.0,5.0,1,Stopped,0,0,0,0,0,VALID,VALID
92H-07095,2026-07-31 01:35:00,412.1,0,"Phường Tân Tạo, TP Hồ Chí Minh",0.0,5.0,1,0,0.10000000000002274,0.02000000000000455,412.0,0.04472135899093839,5.0,1,Stopped,0,0,0,0,0,VALID,VALID
92H-07095,2026-07-31 01:40:00,412.1,0,"Phường Tân Tạo, TP Hồ Chí Minh",0.0,5.0,1,0,0.0,0.0,412.0,0.05477225529417036,5.0,1,Stopped,0,0,0,0,0,VALID,VALID
92H-07095,2026-07-31 01:45:00,412.1,0,"Phường Tân Tạo, TP Hồ Chí Minh",0.0,5.0,1,0,0.0,0.0,412.1,0.054772255294297495,5.0,1,Stopped,0,0,0,0,0,VALID,VALID
92H-07095,2026-07-31 01:50:00,412.1,0,"Phường Tân Tạo, TP Hồ Chí Minh",0.0,5.0,1,0,0.0,0.0,412.1,0.04472135899140551,5.0,1,Stopped,0,0,0,0,0,VALID,VALID
92H-07095,2026-07-31 01:55:00,412.1,0,"Phường Tân Tạo, TP Hồ Chí Minh",0.0,5.0,1,0,0.0,0.0,412.1,0.0,5.0,1,Stopped,0,0,0,0,0,VALID,VALID
92H-07095,2026-07-31 02:00:00,412.1,0,"Phường Tân Tạo, TP Hồ Chí Minh",0.0,5.0,1,0,0.0,0.0,412.1,0.0,5.0,1,Stopped,0,0,0,0,0,VALID,VALID
92H-07095,2026-07-31 02:05:00,412.1,0,"Phường Tân Tạo, TP Hồ Chí Minh",0.0,5.0,1,0,0.0,0.0,412.1,0.0,5.0,1,Stopped,0,0,0,0,0,VALID,VALID
92H-07095,2026-07-31 02:10:00,412.1,0,"Phường Tân Tạo, TP Hồ Chí Minh",0.0,5.0,1,0,0.0,0.0,412.1,0.0,5.0,1,Stopped,0,0,0,0,0,VALID,VALID
92H-07095,2026-07-31 02:15:00,412.1,0,"Phường Tân Tạo, TP Hồ Chí Minh",0.0,5.0,1,0,0.0,0.0,412.1,0.0,5.0,1,Stopped,0,0,0,0,0,VALID,VALID
92H-07095,2026-07-31 02:20:00,412.1,0,"Phường Tân Tạo, TP Hồ Chí Minh",0.0,5.0,1,0,0.0,0.0,412.1,0.0,5.0,1,Stopped,0,0,0,0,0,VALID,VALID
92H-07095,2026-07-31 02:25:00,412.1,0,"Phường Tân Tạo, TP Hồ Chí Minh",0.0,5.0,1,0,0.0,0.0,412.1,0.0,5.0,1,Stopped,0,0,0,0,0,VALID,VALID
92H-07095,2026-07-31 02:30:00,412.1,0,"Phường Tân Tạo, TP Hồ Chí Minh",0.0,5.0,1,0,0.0,0.0,412.1,0.0,5.0,1,Stopped,0,0,0,0,0,VALID,VALID
92H-07095,2026-07-31 02:35:00,412.1,0,"Phường Tân Tạo, TP Hồ Chí Minh",0.0,5.0,1,0,0.0,0.0,412.1,0.0,5.0,1,Stopped,0,0,0,0,0,VALID,VALID
92H-07095,2026-07-31 02:40:00,412.1,0,"Phường Tân Tạo, TP Hồ Chí Minh",0.0,5.0,1,0,0.0,0.0,412.1,0.0,5.0,1,Stopped,0,0,0,0,0,VALID,VALID
92H-07095,2026-07-31 02:45:00,412.1,0,"Phường Tân Tạo, TP Hồ Chí Minh",0.0,5.0,1,0,0.0,0.0,412.1,0.0,5.0,1,Stopped,0,0,0,0,0,VALID,VALID
92H-07095,2026-07-31 02:50:00,412.1,0,"Phường Tân Tạo, TP Hồ Chí Minh",0.0,5.0,1,0,0.0,0.0,412.1,0.0,5.0,1,Stopped,0,0,0,0,0,VALID,VALID
92H-07095,2026-07-31 02:55:00,412.1,0,"Phường Tân Tạo, TP Hồ Chí Minh",0.0,5.0,1,0,0.0,0.0,412.1,0.0,5.0,1,Stopped,0,0,0,0,0,VALID,VALID
92H-07095,2026-07-31 03:00:00,412.1,0,"Phường Tân Tạo, TP Hồ Chí Minh",0.0,5.0,1,0,0.0,0.0,412.1,0.0,5.0,1,Stopped,0,0,0,0,0,VALID,VALID
92H-07095,2026-07-31 03:05:00,412.3,0,"Phường Tân Tạo, TP Hồ Chí Minh",0.0,5.0,1,0,0.19999999999998863,0.039999999999997725,412.1,0.0894427188209818,5.0,1,Stopped,0,0,0,0,0,VALID,VALID
92H-07095,2026-07-31 03:10:00,412.3,0,"Phường Tân Tạo, TP Hồ Chí Minh",0.0,5.0,1,0,0.0,0.0,412.1,0.10954451127340287,5.0,1,Stopped,0,0,0,0,0,VALID,VALID
92H-07095,2026-07-31 03:15:00,412.3,0,"Phường Tân Tạo, TP Hồ Chí Minh",0.0,5.0,1,0,0.0,0.0,412.3,0.10954451127359875,5.0,1,Stopped,0,0,0,0,0,VALID,VALID
92H-07095,2026-07-31 03:20:00,412.3,0,"Phường Tân Tạo, TP Hồ Chí Minh",0.0,5.0,1,0,0.0,0.0,412.3,0.08944271882170153,5.0,1,Stopped,0,0,0,0,0,VALID,VALID
92H-07095,2026-07-31 03:25:00,412.3,0,"Phường Tân Tạo, TP Hồ Chí Minh",0.0,5.0,1,0,0.0,0.0,412.3,0.0,5.0,1,Stopped,0,0,0,0,0,VALID,VALID
92H-07095,2026-07-31 03:30:00,412.3,0,"Phường Tân Tạo, TP Hồ Chí Minh",0.0,5.0,1,0,0.0,0.0,412.3,0.0,5.0,1,Stopped,0,0,0,0,0,VALID,VALID
92H-07095,2026-07-31 03:35:00,412.3,0,"Phường Tân Tạo, TP Hồ Chí Minh",0.0,5.0,1,0,0.0,0.0,412.3,0.0,5.0,1,Stopped,0,0,0,0,0,VALID,VALID
92H-07095,2026-07-31 03:40:00,412.3,0,"Phường Tân Tạo, TP Hồ Chí Minh",0.0,5.0,1,0,0.0,0.0,412.3,0.0,5.0,1,Stopped,0,0,0,0,0,VALID,VALID
92H-07095,2026-07-31 03:45:00,412.3,0,"Phường Tân Tạo, TP Hồ Chí Minh",0.0,5.0,1,0,0.0,0.0,412.3,0.0,5.0,1,Stopped,0,0,0,0,0,VALID,VALID
92H-07095,2026-07-31 03:50:00,412.3,0,"Phường Tân Tạo, TP Hồ Chí Minh",0.0,5.0,1,0,0.0,0.0,412.3,0.0,5.0,1,Stopped,0,0,0,0,0,VALID,VALID
92H-07095,2026-07-31 03:55:00,412.3,0,"Phường Tân Tạo, TP Hồ Chí Minh",0.0,5.0,1,0,0.0,0.0,412.3,0.0,5.0,1,Stopped,0,0,0,0,0,VALID,VALID
92H-07095,2026-07-31 04:00:00,412.3,0,"Phường Tân Tạo, TP Hồ Chí Minh",0.0,5.0,1,0,0.0,0.0,412.3,0.0,5.0,1,Stopped,0,0,0,0,0,VALID,VALID
92H-07095,2026-07-31 04:05:00,412.3,0,"Phường Tân Tạo, TP Hồ Chí Minh",0.0,5.0,1,0,0.0,0.0,412.3,0.0,5.0,1,Stopped,0,0,0,0,0,VALID,VALID
92H-07095,2026-07-31 04:10:00,412.3,0,"Phường Tân Tạo, TP Hồ Chí Minh",0.0,5.0,1,0,0.0,0.0,412.3,0.0,5.0,1,Stopped,0,0,0,0,0,VALID,VALID
92H-07095,2026-07-31 04:15:00,412.3,0,"Phường Tân Tạo, TP Hồ Chí Minh",0.0,5.0,1,0,0.0,0.0,412.3,0.0,5.0,1,Stopped,0,0,0,0,0,VALID,VALID
92H-07095,2026-07-31 04:20:00,412.3,0,"Phường Tân Tạo, TP Hồ Chí Minh",0.0,5.0,1,0,0.0,0.0,412.3,0.0,5.0,1,Stopped,0,0,0,0,0,VALID,VALID
92H-07095,2026-07-31 04:25:00,412.3,0,"Phường Tân Tạo, TP Hồ Chí Minh",0.0,5.0,1,0,0.0,0.0,412.3,0.0,5.0,1,Stopped,0,0,0,0,0,VALID,VALID
92H-07095,2026-07-31 04:30:00,412.3,0,"Phường Tân Tạo, TP Hồ Chí Minh",0.0,5.0,1,0,0.0,0.0,412.3,0.0,5.0,1,Stopped,0,0,0,0,0,VALID,VALID
92H-07095,2026-07-31 04:35:00,412.3,0,"Phường Tân Tạo, TP Hồ Chí Minh",0.0,5.0,1,0,0.0,0.0,412.3,0.0,5.0,1,Stopped,0,0,0,0,0,VALID,VALID
92H-07095,2026-07-31 04:40:00,412.3,0,"Phường Tân Tạo, TP Hồ Chí Minh",0.0,5.0,1,0,0.0,0.0,412.3,0.0,5.0,1,Stopped,0,0,0,0,0,VALID,VALID
92H-07095,2026-07-31 04:45:00,412.3,0,"Phường Tân Tạo, TP Hồ Chí Minh",0.0,5.0,1,0,0.0,0.0,412.3,0.0,5.0,1,Stopped,0,0,0,0,0,VALID,VALID
92H-07095,2026-07-31 04:50:00,412.3,0,"Phường Tân Tạo, TP Hồ Chí Minh",0.0,5.0,1,0,0.0,0.0,412.3,0.0,5.0,1,Stopped,0,0,0,0,0,VALID,VALID
92H-07095,2026-07-31 04:55:00,412.3,0,"Phường Tân Tạo, TP Hồ Chí Minh",0.0,5.0,1,0,0.0,0.0,412.3,0.0,5.0,1,Stopped,0,0,0,0,0,VALID,VALID
92H-07095,2026-07-31 05:00:00,412.3,0,"Phường Tân Tạo, TP Hồ Chí Minh",0.0,5.0,1,0,0.0,0.0,412.3,0.0,5.0,1,Stopped,0,0,0,0,0,VALID,VALID
92H-07095,2026-07-31 05:05:00,412.3,0,"Phường Tân Tạo, TP Hồ Chí Minh",0.0,5.0,1,0,0.0,0.0,412.3,0.0,5.0,1,Stopped,0,0,0,0,0,VALID,VALID
92H-07095,2026-07-31 05:10:00,412.3,0,"Phường Tân Tạo, TP Hồ Chí Minh",0.0,5.0,1,0,0.0,0.0,412.3,0.0,5.0,1,Stopped,0,0,0,0,0,VALID,VALID
92H-07095,2026-07-31 05:15:00,412.3,0,"Phường Tân Tạo, TP Hồ Chí Minh",0.0,5.0,1,0,0.0,0.0,412.3,0.0,5.0,1,Stopped,0,0,0,0,0,VALID,VALID
92H-07095,2026-07-31 05:20:00,412.3,0,"Phường Tân Tạo, TP Hồ Chí Minh",0.0,5.0,1,0,0.0,0.0,412.3,0.0,5.0,1,Stopped,0,0,0,0,0,VALID,VALID
92H-07095,2026-07-31 05:25:00,412.3,0,"Phường Tân Tạo, TP Hồ Chí Minh",0.0,5.0,1,0,0.0,0.0,412.3,0.0,5.0,1,Stopped,0,0,0,0,0,VALID,VALID
92H-07095,2026-07-31 05:30:00,412.3,0,"Phường Tân Tạo, TP Hồ Chí Minh",0.0,5.0,1,0,0.0,0.0,412.3,0.0,5.0,1,Stopped,0,0,0,0,0,VALID,VALID
92H-07095,2026-07-31 05:35:00,412.1,0,"Phường Tân Tạo, TP Hồ Chí Minh",0.0,5.0,1,0,-0.19999999999998863,-0.039999999999997725,412.3,0.08944271882170153,5.0,1,Stopped,0,0,0,0,0,VALID,VALID
92H-07095,2026-07-31 05:40:00,412.0,0,"Phường Tân Tạo, TP Hồ Chí Minh",0.0,5.0,1,0,-0.10000000000002274,-0.02000000000000455,412.3,0.14142135606105843,5.0,1,Stopped,0,0,0,0,0,VALID,VALID
92H-07095,2026-07-31 05:45:00,410.1,0,"Số 5B, Phường Tân Tạo, TP Hồ Chí Minh",0.0,5.0,1,0,-1.8999999999999773,-0.37999999999999545,412.1,0.9370165419829052,5.0,1,Stopped,0,0,0,0,0,VALID,VALID
92H-07095,2026-07-31 05:50:00,409.8,0,"Số 5B, Phường Tân Tạo, TP Hồ Chí Minh",0.0,5.0,1,0,-0.30000000000001137,-0.060000000000002274,412.0,1.2054044964031843,5.0,1,Stopped,0,0,0,0,0,VALID,VALID
92H-07095,2026-07-31 05:55:00,410.8,0,"Trần Đại Nghĩa, Phường Tân Tạo, TP Hồ Chí Minh",0.0,5.0,1,0,1.0,0.2,410.8,1.0597169433148939,5.0,1,Stopped,0,0,0,0,0,VALID,VALID
92H-07095,2026-07-31 06:00:00,408.6,31,"Cầu Rạch Tam, Xã Tân Nhựt, TP Hồ Chí Minh",0.0,5.0,1,0,-2.1999999999999886,-0.4399999999999977,410.1,1.2561846997745936,5.0,1,Moving,0,0,0,0,0,VALID,VALID
92H-07095,2026-07-31 06:05:00,405.2,17,"Cao tốc Trung Lương-TP Hồ Chí Minh, Xã Tân Nhựt, TP Hồ Chí Minh",0.0,5.0,1,0,-3.400000000000034,-0.6800000000000068,409.8,2.215851980603898,5.0,1,Moving,0,0,0,0,0,VALID,VALID
92H-07095,2026-07-31 06:10:00,403.2,41,"Cao tốc Trung Lương-TP Hồ Chí Minh, Xã Tân Nhựt, TP Hồ Chí Minh",0.0,5.0,1,0,-2.0,-0.4,408.6,3.208114711157408,5.0,1,Moving,0,0,0,0,0,VALID,VALID
92H-07095,2026-07-31 06:15:00,404.9,0,"Nguyễn Văn Linh, Phường Bình Đông, TP Hồ Chí Minh",0.0,5.0,1,0,1.6999999999999886,0.33999999999999775,405.2,3.0835044997443135,5.0,1,Stopped,0,0,0,0,0,VALID,VALID
92H-07095,2026-07-31 06:20:00,403.3,0,"Phường Bình Đông, TP Hồ Chí Minh",0.0,5.0,1,0,-1.599999999999966,-0.3199999999999932,404.9,2.1870070873094045,5.0,1,Stopped,0,0,0,0,0,VALID,VALID
92H-07095,2026-07-31 06:25:00,405.2,0,"Phường Bình Đông, TP Hồ Chí Minh",0.0,5.0,1,0,1.8999999999999773,0.37999999999999545,404.9,1.0212737145059094,5.0,1,Stopped,0,0,0,0,0,VALID,VALID
92H-07095,2026-07-31 06:30:00,405.2,0,"Phường Bình Đông, TP Hồ Chí Minh",0.0,5.0,1,0,0.0,0.0,404.9,1.0212737145059094,5.0,1,Stopped,0,0,0,0,0,VALID,VALID
92H-07095,2026-07-31 06:35:00,405.2,0,"Phường Bình Đông, TP Hồ Chí Minh",0.0,5.0,1,0,0.0,0.0,405.2,0.8264381404201819,5.0,1,Stopped,0,0,0,0,0,VALID,VALID
92H-07095,2026-07-31 06:40:00,405.2,0,"Phường Bình Đông, TP Hồ Chí Minh",0.0,5.0,1,0,0.0,0.0,405.2,0.8497058314153405,5.0,1,Stopped,0,0,0,0,0,VALID,VALID
92H-07095,2026-07-31 06:45:00,405.2,0,"Phường Bình Đông, TP Hồ Chí Minh",0.0,5.0,1,0,0.0,0.0,405.2,0.0,5.0,1,Stopped,0,0,0,0,0,VALID,VALID
92H-07095,2026-07-31 06:50:00,405.2,0,"Phường Bình Đông, TP Hồ Chí Minh",0.0,5.0,1,0,0.0,0.0,405.2,0.0,5.0,1,Stopped,0,0,0,0,0,VALID,VALID
92H-07095,2026-07-31 06:55:00,405.2,0,"Phường Bình Đông, TP Hồ Chí Minh",0.0,5.0,1,0,0.0,0.0,405.2,0.0,5.0,1,Stopped,0,0,0,0,0,VALID,VALID
92H-07095,2026-07-31 07:00:00,405.2,0,"Phường Bình Đông, TP Hồ Chí Minh",0.0,5.0,1,0,0.0,0.0,405.2,0.0,5.0,1,Stopped,0,0,0,0,0,VALID,VALID
92H-07095,2026-07-31 07:05:00,405.2,0,"Phường Bình Đông, TP Hồ Chí Minh",0.0,5.0,1,0,0.0,0.0,405.2,0.0,5.0,1,Stopped,0,0,0,0,0,VALID,VALID
92H-07095,2026-07-31 07:10:00,405.2,0,"Phường Bình Đông, TP Hồ Chí Minh",0.0,5.0,1,0,0.0,0.0,405.2,0.0,5.0,1,Stopped,0,0,0,0,0,VALID,VALID
92H-07095,2026-07-31 07:15:00,405.2,0,"Phường Bình Đông, TP Hồ Chí Minh",0.0,5.0,1,0,0.0,0.0,405.2,0.0,5.0,1,Stopped,0,0,0,0,0,VALID,VALID
92H-07095,2026-07-31 07:20:00,405.2,0,"Phường Bình Đông, TP Hồ Chí Minh",0.0,5.0,1,0,0.0,0.0,405.2,0.0,5.0,1,Stopped,0,0,0,0,0,VALID,VALID
92H-07095,2026-07-31 07:25:00,405.2,0,"Phường Bình Đông, TP Hồ Chí Minh",0.0,5.0,1,0,0.0,0.0,405.2,0.0,5.0,1,Stopped,0,0,0,0,0,VALID,VALID
92H-07095,2026-07-31 07:30:00,405.2,0,"Phường Bình Đông, TP Hồ Chí Minh",0.0,5.0,1,0,0.0,0.0,405.2,0.0,5.0,1,Stopped,0,0,0,0,0,VALID,VALID
92H-07095,2026-07-31 07:35:00,405.2,0,"Phường Bình Đông, TP Hồ Chí Minh",0.0,5.0,1,0,0.0,0.0,405.2,0.0,5.0,1,Stopped,0,0,0,0,0,VALID,VALID
92H-07095,2026-07-31 07:40:00,405.2,0,"Phường Bình Đông, TP Hồ Chí Minh",0.0,5.0,1,0,0.0,0.0,405.2,0.0,5.0,1,Stopped,0,0,0,0,0,VALID,VALID
92H-07095,2026-07-31 07:45:00,405.2,0,"Phường Bình Đông, TP Hồ Chí Minh",0.0,5.0,1,0,0.0,0.0,405.2,0.0,5.0,1,Stopped,0,0,0,0,0,VALID,VALID
92H-07095,2026-07-31 07:50:00,405.2,0,"Phường Bình Đông, TP Hồ Chí Minh",0.0,5.0,1,0,0.0,0.0,405.2,0.0,5.0,1,Stopped,0,0,0,0,0,VALID,VALID
92H-07095,2026-07-31 07:55:00,405.2,0,"Phường Bình Đông, TP Hồ Chí Minh",0.0,5.0,1,0,0.0,0.0,405.2,0.0,5.0,1,Stopped,0,0,0,0,0,VALID,VALID
92H-07095,2026-07-31 08:00:00,405.2,0,"Phường Bình Đông, TP Hồ Chí Minh",0.0,5.0,1,0,0.0,0.0,405.2,0.0,5.0,1,Stopped,0,0,0,0,0,VALID,VALID
92H-07095,2026-07-31 08:05:00,405.2,0,"Phường Bình Đông, TP Hồ Chí Minh",0.0,5.0,1,0,0.0,0.0,405.2,0.0,5.0,1,Stopped,0,0,0,0,0,VALID,VALID
92H-07095,2026-07-31 08:10:00,405.2,0,"Phường Bình Đông, TP Hồ Chí Minh",0.0,5.0,1,0,0.0,0.0,405.2,0.0,5.0,1,Stopped,0,0,0,0,0,VALID,VALID
92H-07095,2026-07-31 08:15:00,405.2,0,"Phường Bình Đông, TP Hồ Chí Minh",0.0,5.0,1,0,0.0,0.0,405.2,0.0,5.0,1,Stopped,0,0,0,0,0,VALID,VALID
92H-07095,2026-07-31 08:20:00,405.2,0,"Phường Bình Đông, TP Hồ Chí Minh",0.0,5.0,1,0,0.0,0.0,405.2,0.0,5.0,1,Stopped,0,0,0,0,0,VALID,VALID
92H-07095,2026-07-31 08:25:00,405.2,0,"Phường Bình Đông, TP Hồ Chí Minh",0.0,5.0,1,0,0.0,0.0,405.2,0.0,5.0,1,Stopped,0,0,0,0,0,VALID,VALID
92H-07095,2026-07-31 08:30:00,405.2,0,"Phường Bình Đông, TP Hồ Chí Minh",0.0,5.0,1,0,0.0,0.0,405.2,0.0,5.0,1,Stopped,0,0,0,0,0,VALID,VALID
92H-07095,2026-07-31 08:35:00,405.2,0,"Phường Bình Đông, TP Hồ Chí Minh",0.0,5.0,1,0,0.0,0.0,405.2,0.0,5.0,1,Stopped,0,0,0,0,0,VALID,VALID
92H-07095,2026-07-31 08:40:00,405.2,0,"Phường Bình Đông, TP Hồ Chí Minh",0.0,5.0,1,0,0.0,0.0,405.2,0.0,5.0,1,Stopped,0,0,0,0,0,VALID,VALID
92H-07095,2026-07-31 08:45:00,405.2,0,"Phường Bình Đông, TP Hồ Chí Minh",0.0,5.0,1,0,0.0,0.0,405.2,0.0,5.0,1,Stopped,0,0,0,0,0,VALID,VALID
92H-07095,2026-07-31 08:50:00,404.9,0,"Phường Bình Đông, TP Hồ Chí Minh",0.0,5.0,1,0,-0.30000000000001137,-0.060000000000002274,405.2,0.13416407843240852,5.0,1,Stopped,0,0,0,0,0,VALID,VALID
92H-07095,2026-07-31 08:55:00,404.8,0,"Phường Bình Đông, TP Hồ Chí Minh",0.0,5.0,1,0,-0.0999999999999659,-0.01999999999999318,405.2,0.1949358867461945,5.0,1,Stopped,0,0,0,0,0,VALID,VALID
92H-07095,2026-07-31 09:00:00,404.8,0,"Phường Bình Đông, TP Hồ Chí Minh",0.0,5.0,1,0,0.0,0.0,404.9,0.20493901517629598,5.0,1,Stopped,0,0,0,0,0,VALID,VALID
92H-07095,2026-07-31 09:05:00,405.2,0,"Phường Bình Đông, TP Hồ Chí Minh",0.0,5.0,1,0,0.39999999999997726,0.07999999999999545,404.9,0.20493901517629598,5.0,1,Stopped,0,0,0,0,0,VALID,VALID
92H-07095,2026-07-31 09:10:00,405.5,0,"Phường Bình Đông, TP Hồ Chí Minh",0.0,5.0,1,0,0.30000000000001137,0.060000000000002274,404.9,0.30495901354363175,5.0,1,Stopped,0,0,0,0,0,VALID,VALID
92H-07095,2026-07-31 09:15:00,405.5,0,"Phường Bình Đông, TP Hồ Chí Minh",0.0,5.0,1,0,0.0,0.0,405.2,0.35071355825182005,5.0,1,Stopped,0,0,0,0,0,VALID,VALID
92H-07095,2026-07-31 09:20:00,405.5,0,"Phường Bình Đông, TP Hồ Chí Minh",0.0,5.0,1,0,0.0,0.0,405.5,0.3082207000540824,5.0,1,Stopped,0,0,0,0,0,VALID,VALID
92H-07095,2026-07-31 09:25:00,405.5,0,"Phường Bình Đông, TP Hồ Chí Minh",0.0,5.0,1,0,0.0,0.0,405.5,0.1341640784338549,5.0,1,Stopped,0,0,0,0,0,VALID,VALID
92H-07095,2026-07-31 09:30:00,405.5,0,"Phường Bình Đông, TP Hồ Chí Minh",0.0,5.0,1,0,0.0,0.0,405.5,0.0,5.0,1,Stopped,0,0,0,0,0,VALID,VALID
92H-07095,2026-07-31 09:35:00,406.3,0,"Phường Bình Đông, TP Hồ Chí Minh",0.0,5.0,1,0,0.8000000000000114,0.16000000000000228,405.5,0.3577708763193023,5.0,1,Stopped,0,0,0,0,0,VALID,VALID
92H-07095,2026-07-31 09:40:00,403.6,0,"Phường Bình Đông, TP Hồ Chí Minh",0.0,5.0,1,0,-2.6999999999999886,-0.5399999999999977,405.5,1.0009995004702996,5.0,1,Stopped,0,0,0,0,0,VALID,VALID
92H-07095,2026-07-31 09:45:00,403.6,0,"Phường Bình Đông, TP Hồ Chí Minh",0.0,5.0,1,0,0.0,0.0,405.5,1.2308533624852787,5.0,1,Stopped,0,0,0,0,0,VALID,VALID
92H-07095,2026-07-31 09:50:00,403.6,0,"Phường Bình Đông, TP Hồ Chí Minh",0.0,5.0,1,0,0.0,0.0,403.6,1.2911235417034512,5.0,1,Stopped,0,0,0,0,0,VALID,VALID
92H-07095,2026-07-31 09:55:00,403.6,0,"Phường Bình Đông, TP Hồ Chí Minh",0.0,5.0,1,0,0.0,0.0,403.6,1.2074767078252102,5.0,1,Stopped,0,0,0,0,0,VALID,VALID
92H-07095,2026-07-31 10:00:00,403.6,0,"Phường Bình Đông, TP Hồ Chí Minh",0.0,5.0,1,0,0.0,0.0,403.6,0.0,5.0,1,Stopped,0,0,0,0,0,VALID,VALID
92H-07095,2026-07-31 10:05:00,403.6,0,"Phường Bình Đông, TP Hồ Chí Minh",0.0,5.0,1,0,0.0,0.0,403.6,0.0,5.0,1,Stopped,0,0,0,0,0,VALID,VALID
92H-07095,2026-07-31 10:10:00,403.6,0,"Phường Bình Đông, TP Hồ Chí Minh",0.0,5.0,1,0,0.0,0.0,403.6,0.0,5.0,1,Stopped,0,0,0,0,0,VALID,VALID
92H-07095,2026-07-31 10:15:00,403.6,0,"Phường Bình Đông, TP Hồ Chí Minh",0.0,5.0,1,0,0.0,0.0,403.6,0.0,5.0,1,Stopped,0,0,0,0,0,VALID,VALID
92H-07095,2026-07-31 10:20:00,403.6,0,"Phường Bình Đông, TP Hồ Chí Minh",0.0,5.0,1,0,0.0,0.0,403.6,0.0,5.0,1,Stopped,0,0,0,0,0,VALID,VALID
92H-07095,2026-07-31 10:25:00,403.6,0,"Phường Bình Đông, TP Hồ Chí Minh",0.0,5.0,1,0,0.0,0.0,403.6,0.0,5.0,1,Stopped,0,0,0,0,0,VALID,VALID
92H-07095,2026-07-31 10:30:00,403.6,0,"Phường Bình Đông, TP Hồ Chí Minh",0.0,5.0,1,0,0.0,0.0,403.6,0.0,5.0,1,Stopped,0,0,0,0,0,VALID,VALID
92H-07095,2026-07-31 10:35:00,403.6,0,"Phường Bình Đông, TP Hồ Chí Minh",0.0,5.0,1,0,0.0,0.0,403.6,0.0,5.0,1,Stopped,0,0,0,0,0,VALID,VALID
92H-07095,2026-07-31 10:40:00,403.6,0,"Phường Bình Đông, TP Hồ Chí Minh",0.0,5.0,1,0,0.0,0.0,403.6,0.0,5.0,1,Stopped,0,0,0,0,0,VALID,VALID
92H-07095,2026-07-31 10:45:00,403.6,0,"Phường Bình Đông, TP Hồ Chí Minh",0.0,5.0,1,0,0.0,0.0,403.6,0.0,5.0,1,Stopped,0,0,0,0,0,VALID,VALID
92H-07095,2026-07-31 10:50:00,403.6,0,"Phường Bình Đông, TP Hồ Chí Minh",0.0,5.0,1,0,0.0,0.0,403.6,0.0,5.0,1,Stopped,0,0,0,0,0,VALID,VALID
92H-07095,2026-07-31 10:55:00,403.6,0,"Phường Bình Đông, TP Hồ Chí Minh",0.0,5.0,1,0,0.0,0.0,403.6,0.0,5.0,1,Stopped,0,0,0,0,0,VALID,VALID
92H-07095,2026-07-31 11:00:00,403.6,0,"Phường Bình Đông, TP Hồ Chí Minh",0.0,5.0,1,0,0.0,0.0,403.6,0.0,5.0,1,Stopped,0,0,0,0,0,VALID,VALID
92H-07095,2026-07-31 11:05:00,403.6,0,"Phường Bình Đông, TP Hồ Chí Minh",0.0,5.0,1,0,0.0,0.0,403.6,0.0,5.0,1,Stopped,0,0,0,0,0,VALID,VALID
92H-07095,2026-07-31 11:10:00,403.6,0,"Phường Bình Đông, TP Hồ Chí Minh",0.0,5.0,1,0,0.0,0.0,403.6,0.0,5.0,1,Stopped,0,0,0,0,0,VALID,VALID
92H-07095,2026-07-31 11:15:00,403.6,0,"Phường Bình Đông, TP Hồ Chí Minh",0.0,5.0,1,0,0.0,0.0,403.6,0.0,5.0,1,Stopped,0,0,0,0,0,VALID,VALID
92H-07095,2026-07-31 11:20:00,409.1,0,"Phường Bình Đông, TP Hồ Chí Minh",0.0,5.0,1,0,5.5,1.1,403.6,2.459674775237798,5.0,1,Stopped,0,0,0,0,0,VALID,VALID
92H-07095,2026-07-31 11:25:00,404.2,0,"Phường Bình Đông, TP Hồ Chí Minh",0.0,5.0,1,0,-4.900000000000034,-0.9800000000000069,403.6,2.406657433026411,5.0,1,Stopped,0,0,0,0,0,VALID,VALID
92H-07095,2026-07-31 11:30:00,404.2,0,"Phường Bình Đông, TP Hồ Chí Minh",0.0,5.0,1,0,0.0,0.0,404.2,2.3447814396956987,5.0,1,Stopped,0,0,0,0,0,VALID,VALID
92H-07095,2026-07-31 11:35:00,404.5,0,"Phường Bình Đông, TP Hồ Chí Minh",0.0,5.0,1,0,0.30000000000001137,0.060000000000002274,404.2,2.2487774456227676,5.0,1,Stopped,0,0,0,0,0,VALID,VALID
92H-07095,2026-07-31 11:40:00,400.1,0,"Phường Bình Đông, TP Hồ Chí Minh",0.0,5.0,1,0,-4.399999999999977,-0.8799999999999955,404.2,3.188573348684463,5.0,1,Stopped,0,0,0,0,0,VALID,VALID
92H-07095,2026-07-31 11:45:00,400.4,0,"Phường Bình Đông, TP Hồ Chí Minh",0.0,5.0,1,0,0.2999999999999545,0.05999999999999091,404.2,2.224185244070032,5.0,1,Stopped,0,0,0,0,0,VALID,VALID
92H-07095,2026-07-31 11:50:00,400.1,0,"Phường Bình Đông, TP Hồ Chí Minh",0.0,5.0,1,0,-0.2999999999999545,-0.05999999999999091,400.4,2.278815481766337,5.0,1,Stopped,0,0,0,0,0,VALID,VALID
92H-07095,2026-07-31 11:55:00,400.0,0,"Phường Bình Đông, TP Hồ Chí Minh",0.0,5.0,1,0,-0.10000000000002274,-0.02000000000000455,400.1,1.9511535049649615,5.0,1,Stopped,0,0,0,0,0,VALID,VALID
92H-07095,2026-07-31 12:00:00,399.5,0,Trạm thu phí chợ Bình Điền,0.0,5.0,1,0,-0.5,-0.1,400.1,0.32710854457809463,5.0,1,Stopped,0,0,0,0,0,VALID,VALID
92H-07095,2026-07-31 12:05:00,399.7,0,Trạm thu phí Nguyễn Văn Linh,0.0,5.0,1,0,0.19999999999998863,0.039999999999997725,400.0,0.35071355824364486,5.0,1,Stopped,0,0,0,0,0,VALID,VALID
92H-07095,2026-07-31 12:10:00,394.1,48,"Nguyễn Văn Linh, Xã Bình Hưng, TP Hồ Chí Minh",0.0,5.0,1,0,-5.599999999999966,-1.1199999999999932,399.7,2.571380951927308,5.0,1,Moving,0,0,0,0,0,VALID,VALID
92H-07095,2026-07-31 12:15:00,395.3,0,"Nguyễn Văn Linh, Xã Bình Hưng, TP Hồ Chí Minh",0.0,5.0,1,0,1.1999999999999886,0.23999999999999772,399.5,2.7949955277126217,5.0,1,Stopped,0,0,0,0,0,VALID,VALID
92H-07095,2026-07-31 12:20:00,393.3,43,"Cầu Xóm Củi, Xã Bình Hưng, TP Hồ Chí Minh",0.0,5.0,1,0,-2.0,-0.4,395.3,3.0252272641790285,5.0,1,Moving,0,0,0,0,0,VALID,VALID
92H-07095,2026-07-31 12:25:00,393.0,0,"Nguyễn Văn Linh, Xã Bình Hưng, TP Hồ Chí Minh",0.0,5.0,1,0,-0.30000000000001137,-0.060000000000002274,394.1,2.7316661582138533,5.0,1,Stopped,0,0,0,0,0,VALID,VALID
92H-07095,2026-07-31 12:30:00,391.4,30,"Nguyễn Văn Linh, Xã Bình Hưng, TP Hồ Chí Minh",0.0,5.0,1,0,-1.6000000000000227,-0.32000000000000456,393.3,1.4377065068814352,5.0,1,Moving,0,0,0,0,0,VALID,VALID
92H-07095,2026-07-31 12:35:00,392.2,20,"Nguyễn Văn Linh, Phường Tân Hưng, TP Hồ Chí Minh",0.0,5.0,1,0,0.8000000000000114,0.16000000000000228,393.0,1.4638989035889267,5.0,1,Moving,0,0,0,0,0,VALID,VALID
92H-07095,2026-07-31 12:40:00,391.3,22,"Cầu Phú Mỹ, Phường Phú Thuận, TP Hồ Chí Minh",0.0,5.0,1,0,-0.8999999999999773,-0.17999999999999544,392.2,0.9071934743636937,5.0,1,Moving,0,0,0,0,0,VALID,VALID
92H-07095,2026-07-31 12:45:00,388.3,32,"Cầu Phú Mỹ, Phường Cát Lái, TP Hồ Chí Minh",0.0,5.0,1,0,-3.0,-0.6,391.4,1.7812916661588774,5.0,1,Moving,0,0,0,0,0,VALID,VALID
92H-07095,2026-07-31 12:50:00,390.0,0,Trạm thu phí cầu Phú Mỹ,0.0,5.0,1,0,1.6999999999999886,0.33999999999999775,391.3,1.5274161187857334,5.0,1,Stopped,0,0,0,0,0,VALID,VALID
92H-07095,2026-07-31 12:55:00,386.1,45,"Võ Chí Công, Phường Cát Lái, TP Hồ Chí Minh",0.0,5.0,1,0,-3.8999999999999773,-0.7799999999999955,390.0,2.4365959861916657,5.0,1,Moving,0,0,0,0,0,VALID,VALID
92H-07095,2026-07-31 13:00:00,389.2,0,"Võ Chí Công, Phường Long Trường, TP Hồ Chí Minh",0.0,5.0,1,0,3.099999999999966,0.6199999999999932,389.2,1.9511535049618056,5.0,1,Stopped,0,0,0,0,0,VALID,VALID
92H-07095,2026-07-31 13:05:00,386.0,0,"Võ Chí Công, Phường Long Trường, TP Hồ Chí Minh",0.0,5.0,1,0,-3.1999999999999886,-0.6399999999999977,388.3,1.8102486016908599,5.0,1,Stopped,0,0,0,0,0,VALID,VALID
92H-07095,2026-07-31 13:10:00,386.9,0,"Võ Chí Công, Phường Long Trường, TP Hồ Chí Minh",0.0,5.0,1,0,0.8999999999999773,0.17999999999999544,386.9,1.8447222012876254,5.0,1,Stopped,0,0,0,0,0,VALID,VALID
92H-07095,2026-07-31 13:15:00,385.4,0,"Cầu, Phường Long Trường, TP Hồ Chí Minh",0.0,5.0,1,0,-1.5,-0.3,386.1,1.4855975228582796,5.0,1,Stopped,0,0,0,0,0,VALID,VALID
92H-07095,2026-07-31 13:20:00,385.6,0,"Võ Chí Công, Phường Long Trường, TP Hồ Chí Minh",0.0,5.0,1,0,0.20000000000004547,0.0400000000000091,386.0,1.5530614926404462,5.0,1,Stopped,0,0,0,0,0,VALID,VALID
92H-07095,2026-07-31 13:25:00,384.2,51,"Cao tốc Hồ Chí Minh - Long Thành - Dầu Giây, Phường Long Trường, TP Hồ",0.0,5.0,1,0,-1.400000000000034,-0.2800000000000068,385.6,0.9808159867792448,5.0,1,Moving,0,0,0,0,0,VALID,VALID
92H-07095,2026-07-31 13:30:00,383.8,27,Trạm Long Thành Dầu dây,0.0,5.0,1,0,-0.39999999999997726,-0.07999999999999545,385.4,1.2296340918831772,5.0,1,Moving,0,0,0,0,0,VALID,VALID
92H-07095,2026-07-31 13:35:00,380.7,63,"Cao tốc Long Thành - Dầu Giây, Xã An Phước, Tỉnh Đồng Nai",0.0,5.0,1,0,-3.1000000000000227,-0.6200000000000045,384.2,1.9667231630100834,5.0,1,Moving,0,0,0,0,0,VALID,VALID
92H-07095,2026-07-31 13:40:00,378.5,48,"Xã Nhơn Trạch, Tỉnh Đồng Nai",0.0,5.0,1,0,-2.1999999999999886,-0.4399999999999977,383.8,2.890155705134112,5.0,1,Moving,0,0,0,0,0,VALID,VALID
92H-07095,2026-07-31 13:45:00,375.1,36,"Trần Phú, Xã Nhơn Trạch, Tỉnh Đồng Nai",0.0,5.0,1,0,-3.3999999999999773,-0.6799999999999955,380.7,3.800394716331093,5.0,1,Moving,0,0,0,0,0,VALID,VALID
92H-07095,2026-07-31 13:50:00,376.5,0,"Trần Phú, Xã Nhơn Trạch, Tỉnh Đồng Nai",0.0,5.0,1,0,1.3999999999999773,0.2799999999999955,378.5,3.4499275354586603,5.0,1,Stopped,0,0,0,0,0,VALID,VALID
92H-07095,2026-07-31 13:55:00,376.5,43,"Tôn Đức Thắng, Xã Nhơn Trạch, Tỉnh Đồng Nai",0.0,5.0,1,0,0.0,0.0,376.5,2.178990591974748,5.0,1,Moving,0,0,0,0,0,VALID,VALID
92H-07095,2026-07-31 14:00:00,371.6,57,"Quốc Lộ 51, Xã Long Thành, Tỉnh Đồng Nai",0.0,5.0,1,0,-4.899999999999977,-0.9799999999999954,376.5,2.562810956725593,5.0,1,Moving,0,0,0,0,0,VALID,VALID
92H-07095,2026-07-31 14:05:00,371.3,56,"Quốc Lộ 51, Xã Long Phước, Tỉnh Đồng Nai",0.0,5.0,1,0,-0.30000000000001137,-0.060000000000002274,375.1,2.5768197453278443,5.0,1,Moving,0,0,0,0,0,VALID,VALID
92H-07095,2026-07-31 14:10:00,370.3,51,"Quốc Lộ 51, Xã Phước Thái, Tỉnh Đồng Nai",0.0,5.0,1,0,-1.0,-0.2,371.6,3.0146309890118568,5.0,1,Moving,0,0,0,0,0,VALID,VALID
92H-07095,2026-07-31 14:15:00,369.7,0,"Quốc Lộ 51, Xã Phước Thái, Tỉnh Đồng Nai",0.0,5.0,1,0,-0.6000000000000227,-0.12000000000000455,371.3,2.6929537686171963,5.0,1,Stopped,0,0,0,0,0,VALID,VALID
92H-07095,2026-07-31 14:20:00,367.2,47,"Quốc Lộ 51, Phường Phú Mỹ, TP Hồ Chí Minh",0.0,5.0,1,0,-2.5,-0.5,370.3,1.7512852423029768,5.0,1,Moving,0,0,0,0,0,VALID,VALID
92H-07095,2026-07-31 14:25:00,369.3,0,"Quốc Lộ 51, Phường Phú Mỹ, TP Hồ Chí Minh",0.0,5.0,1,0,2.1000000000000227,0.42000000000000454,369.7,1.5192103211562953,5.0,1,Stopped,0,0,0,0,0,VALID,VALID
92H-07095,2026-07-31 14:30:00,363.2,51,"Mỹ Xuân - Ngãi Giao, Phường Phú Mỹ, TP Hồ Chí Minh",0.0,5.0,1,0,-6.100000000000023,-1.2200000000000046,369.3,2.895341085244777,5.0,1,Moving,0,0,0,0,0,VALID,VALID
92H-07095,2026-07-31 14:35:00,365.9,9,"Phường Tân Thành, TP Hồ Chí Minh",0.0,5.0,1,0,2.6999999999999886,0.5399999999999977,367.2,2.6576305235878155,5.0,1,Moving,0,0,0,0,0,VALID,VALID
92H-07095,2026-07-31 14:40:00,360.6,45,"Phường Tân Thành, TP Hồ Chí Minh",0.0,5.0,1,0,-5.2999999999999545,-1.059999999999991,365.9,3.4077852044845898,5.0,1,Moving,0,0,0,0,0,VALID,VALID
92H-07095,2026-07-31 14:45:00,365.6,0,"Phường Tân Thành, TP Hồ Chí Minh",0.0,5.0,1,0,5.0,1.0,365.6,3.2491537359601557,5.0,1,Stopped,0,0,0,0,0,VALID,VALID
92H-07095,2026-07-31 14:50:00,367.2,0,"Phường Tân Thành, TP Hồ Chí Minh",0.0,5.0,1,0,1.599999999999966,0.3199999999999932,365.6,2.6153393661059483,5.0,1,Stopped,0,0,0,0,0,VALID,VALID
92H-07095,2026-07-31 14:55:00,357.9,0,"Phường Tân Thành, TP Hồ Chí Minh",0.0,5.0,1,0,-9.300000000000011,-1.8600000000000023,365.6,3.987856567117558,5.0,1,Stopped,0,0,1,0,1,LARGE_DELTA,VALID
92H-07095,2026-07-31 15:00:00,357.9,0,"Phường Tân Thành, TP Hồ Chí Minh",0.0,5.0,1,0,0.0,0.0,360.6,4.343155534850371,5.0,1,Stopped,0,0,0,0,0,VALID,VALID
92H-07095,2026-07-31 15:05:00,358.1,0,"Phường Tân Thành, TP Hồ Chí Minh",0.0,5.0,1,0,0.20000000000004547,0.0400000000000091,358.1,4.6543528014001065,5.0,1,Stopped,0,0,0,0,0,VALID,VALID
92H-07095,2026-07-31 15:10:00,350.6,0,"Phường Tân Thành, TP Hồ Chí Minh",0.0,5.0,1,0,-7.5,-1.5,357.9,5.891773926407786,5.0,1,Stopped,0,0,0,0,0,VALID,VALID
92H-07095,2026-07-31 15:15:00,350.6,0,"Phường Tân Thành, TP Hồ Chí Minh",0.0,5.0,1,0,0.0,0.0,357.9,4.035715549923708,5.0,1,Stopped,0,0,0,0,0,VALID,VALID
92H-07095,2026-07-31 15:20:00,350.6,0,"Phường Tân Thành, TP Hồ Chí Minh",0.0,5.0,1,0,0.0,0.0,350.6,4.05376368328186,5.0,1,Stopped,0,0,0,0,0,VALID,VALID
92H-07095,2026-07-31 15:25:00,350.6,0,"Phường Tân Thành, TP Hồ Chí Minh",0.0,5.0,1,0,0.0,0.0,350.6,3.354101966233881,5.0,1,Stopped,0,0,0,0,0,VALID,VALID
92H-07095,2026-07-31 15:30:00,350.5,0,"Phường Tân Thành, TP Hồ Chí Minh",0.0,5.0,1,0,-0.10000000000002274,-0.02000000000000455,350.6,0.04472135835289779,5.0,1,Stopped,0,0,0,0,0,VALID,VALID
92H-07095,2026-07-31 15:35:00,350.5,0,"Phường Tân Thành, TP Hồ Chí Minh",0.0,5.0,1,0,0.0,0.0,350.6,0.05477225477298148,5.0,1,Stopped,0,0,0,0,0,VALID,VALID
92H-07095,2026-07-31 15:40:00,350.5,0,"Phường Tân Thành, TP Hồ Chí Minh",0.0,5.0,1,0,0.0,0.0,350.5,0.0547722547728777,5.0,1,Stopped,0,0,0,0,0,VALID,VALID
92H-07095,2026-07-31 15:45:00,350.5,0,"Phường Tân Thành, TP Hồ Chí Minh",0.0,5.0,1,0,0.0,0.0,350.5,0.04472135835251648,5.0,1,Stopped,0,0,0,0,0,VALID,VALID
92H-07095,2026-07-31 15:50:00,350.5,0,"Phường Tân Thành, TP Hồ Chí Minh",0.0,5.0,1,0,0.0,0.0,350.5,0.0,5.0,1,Stopped,0,0,0,0,0,VALID,VALID
92H-07095,2026-07-31 15:55:00,350.5,0,"Phường Tân Thành, TP Hồ Chí Minh",0.0,5.0,1,0,0.0,0.0,350.5,0.0,5.0,1,Stopped,0,0,0,0,0,VALID,VALID
92H-07095,2026-07-31 16:00:00,350.5,0,"Phường Tân Thành, TP Hồ Chí Minh",0.0,5.0,1,0,0.0,0.0,350.5,0.0,5.0,1,Stopped,0,0,0,0,0,VALID,VALID
92H-07095,2026-07-31 16:05:00,350.5,0,"Phường Tân Thành, TP Hồ Chí Minh",0.0,5.0,1,0,0.0,0.0,350.5,0.0,5.0,1,Stopped,0,0,0,0,0,VALID,VALID
92H-07095,2026-07-31 16:10:00,350.5,0,"Phường Tân Thành, TP Hồ Chí Minh",0.0,5.0,1,0,0.0,0.0,350.5,0.0,5.0,1,Stopped,0,0,0,0,0,VALID,VALID
92H-07095,2026-07-31 16:15:00,350.3,0,"Phường Tân Thành, TP Hồ Chí Minh",0.0,5.0,1,0,-0.19999999999998863,-0.039999999999997725,350.5,0.08944271850108447,5.0,1,Stopped,0,0,0,0,0,VALID,VALID
92H-07095,2026-07-31 16:20:00,350.3,0,"Phường Tân Thành, TP Hồ Chí Minh",0.0,5.0,1,0,0.0,0.0,350.5,0.10954451101193344,5.0,1,Stopped,0,0,0,0,0,VALID,VALID
92H-07095,2026-07-31 16:25:00,350.2,0,"Phường Tân Thành, TP Hồ Chí Minh",0.0,5.0,1,0,-0.10000000000002274,-0.02000000000000455,350.3,0.13416407825052742,5.0,1,Stopped,0,0,0,0,0,VALID,VALID
92H-07095,2026-07-31 16:30:00,350.2,0,"Phường Tân Thành, TP Hồ Chí Minh",0.0,5.0,1,0,0.0,0.0,350.3,0.12247448670143693,5.0,1,Stopped,0,0,0,0,0,VALID,VALID
92H-07095,2026-07-31 16:35:00,350.0,0,"Phường Tân Thành, TP Hồ Chí Minh",0.0,5.0,1,0,-0.19999999999998863,-0.039999999999997725,350.2,0.12247448670120487,5.0,1,Stopped,0,0,0,0,0,VALID,VALID
92H-07095,2026-07-31 16:40:00,349.9,0,"Phường Tân Thành, TP Hồ Chí Minh",0.0,5.0,1,0,-0.10000000000002274,-0.02000000000000455,350.2,0.16431676692498906,5.0,1,Stopped,0,0,0,0,0,VALID,VALID
92H-07095,2026-07-31 16:45:00,349.7,0,"Phường Tân Thành, TP Hồ Chí Minh",0.0,5.0,1,0,-0.19999999999998863,-0.039999999999997725,350.0,0.21213203410284978,5.0,1,Stopped,0,0,0,0,0,VALID,VALID
92H-07095,2026-07-31 16:50:00,349.7,0,"Phường Tân Thành, TP Hồ Chí Minh",0.0,5.0,1,0,0.0,0.0,349.9,0.2121320341027158,5.0,1,Stopped,0,0,0,0,0,VALID,VALID
92H-07095,2026-07-31 16:55:00,350.2,0,"Phường Tân Thành, TP Hồ Chí Minh",0.0,5.0,1,0,0.5,0.1,349.9,0.2121320341027158,5.0,1,Stopped,0,0,0,0,0,VALID,VALID
92H-07095,2026-07-31 17:00:00,355.6,0,"Phường Tân Thành, TP Hồ Chí Minh",0.0,5.0,1,0,5.400000000000034,1.0800000000000067,349.9,2.5684625751397157,5.0,1,Stopped,0,0,0,0,0,VALID,VALID
92H-07095,2026-07-31 17:05:00,355.6,0,"Phường Tân Thành, TP Hồ Chí Minh",0.0,5.0,1,0,0.0,0.0,350.2,3.146903239677697,5.0,1,Stopped,0,0,0,0,0,VALID,VALID
92H-07095,2026-07-31 17:10:00,355.4,0,"Phường Tân Thành, TP Hồ Chí Minh",0.0,5.0,1,0,-0.20000000000004547,-0.0400000000000091,355.4,3.0643106891917022,5.0,1,Stopped,0,0,0,0,0,VALID,VALID
92H-07095,2026-07-31 17:15:00,355.3,0,"Phường Tân Thành, TP Hồ Chí Minh",0.0,5.0,1,0,-0.0999999999999659,-0.01999999999999318,355.4,2.3626256580116833,5.0,1,Stopped,0,0,0,0,0,VALID,VALID
92H-07095,2026-07-31 17:20:00,359.0,36,"Phường Tân Thành, TP Hồ Chí Minh",0.0,5.0,1,0,3.6999999999999886,0.7399999999999978,355.6,1.5817711591428278,5.0,1,Moving,0,0,0,0,0,VALID,VALID
92H-07095,2026-07-31 17:25:00,358.7,18,"Mỹ Xuân - Ngãi Giao, Phường Tân Thành, TP Hồ Chí Minh",0.0,5.0,1,0,-0.30000000000001137,-0.060000000000002274,355.6,1.8774983355242667,5.0,1,Moving,0,0,0,0,0,VALID,VALID
92H-07095,2026-07-31 17:30:00,352.4,40,"Phường Tân Thành, TP Hồ Chí Minh",0.0,5.0,1,0,-6.300000000000011,-1.2600000000000022,355.4,2.7373344698622657,5.0,1,Moving,0,0,0,0,0,VALID,VALID
92H-07095,2026-07-31 17:35:00,354.4,38,"Phường Tân Thành, TP Hồ Chí Minh",0.0,5.0,1,0,2.0,0.4,355.3,2.8413025181940843,5.0,1,Moving,0,0,0,0,0,VALID,VALID
92H-07095,2026-07-31 17:40:00,357.9,0,"Mỹ Xuân - Ngãi Giao, Xã Kim Long, TP Hồ Chí Minh",0.0,5.0,1,0,3.5,0.7,357.9,2.9269437985544378,5.0,1,Stopped,0,0,0,0,0,VALID,VALID
92H-07095,2026-07-31 17:45:00,350.5,43,"Mỹ Xuân - Ngãi Giao, Xã Kim Long, TP Hồ Chí Minh",0.0,5.0,1,0,-7.399999999999977,-1.4799999999999955,354.4,3.5081334067984655,5.0,1,Moving,0,0,0,0,0,VALID,VALID
92H-07095,2026-07-31 17:50:00,348.4,49,"Xã Kim Long, TP Hồ Chí Minh",0.0,5.0,1,0,-2.1000000000000227,-0.42000000000000454,352.4,3.6519857611845112,5.0,1,Moving,0,0,0,0,0,VALID,VALID
92H-07095,2026-07-31 17:55:00,348.0,33,"Mỹ Xuân - Ngãi Giao, Xã Ngãi Giao, TP Hồ Chí Minh",0.0,5.0,1,0,-0.39999999999997726,-0.07999999999999545,350.5,4.2323752196484135,5.0,1,Moving,0,0,0,0,0,VALID,VALID
92H-07095,2026-07-31 18:00:00,345.9,19,"Lê Lai, Xã Ngãi Giao, TP Hồ Chí Minh",0.0,5.0,1,0,-2.1000000000000227,-0.42000000000000454,348.4,4.634975728080271,5.0,1,Moving,0,0,0,0,0,VALID,VALID
92H-07095,2026-07-31 18:05:00,345.8,0,"Hùng Vương, Xã Ngãi Giao, TP Hồ Chí Minh",0.0,5.0,1,0,-0.0999999999999659,-0.01999999999999318,348.0,1.9537144110366234,5.0,1,Stopped,0,0,0,0,0,VALID,VALID
92H-07095,2026-07-31 18:10:00,341.3,45,"Quốc Lộ 56, Xã Kim Long, TP Hồ Chí Minh",0.0,5.0,1,0,-4.5,-0.9,345.9,2.820815484907027,5.0,1,Moving,0,0,0,0,0,VALID,VALID
92H-07095,2026-07-31 18:15:00,336.5,0,"Quốc Lộ 56, Xã Kim Long, TP Hồ Chí Minh",0.0,5.0,1,0,-4.800000000000011,-0.9600000000000023,345.8,4.613566949757015,5.0,1,Stopped,0,0,0,0,0,VALID,VALID
92H-07095,2026-07-31 18:20:00,342.8,0,"Quốc Lộ 56, Xã Châu Đức, TP Hồ Chí Minh",0.0,5.0,1,0,6.300000000000011,1.2600000000000022,342.8,3.8720795446232494,5.0,1,Stopped,0,0,0,0,0,VALID,VALID
92H-07095,2026-07-31 18:25:00,331.9,40,"Quốc Lộ 56, Xã Cẩm Mỹ, Tỉnh Đồng Nai",0.0,5.0,1,0,-10.900000000000034,-2.180000000000007,341.3,5.487531321084992,5.0,1,Moving,0,0,1,0,1,LARGE_DELTA,VALID
92H-07095,2026-07-31 18:30:00,338.4,51,"Quốc Lộ 56, Xã Cẩm Mỹ, Tỉnh Đồng Nai",0.0,5.0,1,0,6.5,1.3,338.4,4.283339818399684,5.0,1,Moving,0,0,0,0,0,VALID,VALID
92H-07095,2026-07-31 18:35:00,331.1,27,"Quốc Lộ 56, Xã Cẩm Mỹ, Tỉnh Đồng Nai",0.0,5.0,1,0,-7.2999999999999545,-1.4599999999999909,336.5,4.821099459655173,5.0,1,Moving,0,0,0,0,0,VALID,VALID
92H-07095,2026-07-31 18:40:00,326.8,38,"Quốc Lộ 56, Xã Cẩm Mỹ, Tỉnh Đồng Nai",0.0,5.0,1,0,-4.300000000000011,-0.8600000000000023,331.9,6.349409421346739,5.0,1,Moving,0,0,0,0,0,VALID,VALID
92H-07095,2026-07-31 18:45:00,330.2,44,"Quốc Lộ 56, Phường Hàng Gòn, Tỉnh Đồng Nai",0.0,5.0,1,0,3.3999999999999773,0.6799999999999955,331.1,4.229302542959761,5.0,1,Moving,0,0,0,0,0,VALID,VALID
92H-07095,2026-07-31 18:50:00,331.1,76,"Cao tốc Phan Thiết - Dầu Giây, Xã Xuân Định, Tỉnh Đồng Nai",0.0,5.0,1,0,0.9000000000000341,0.18000000000000682,331.1,4.234028814248418,5.0,1,Moving,0,0,0,0,0,VALID,VALID
92H-07095,2026-07-31 18:55:00,329.9,66,"Cao tốc Phan Thiết - Dầu Giây, Xã Xuân Định, Tỉnh Đồng Nai",0.0,5.0,1,0,-1.2000000000000455,-0.2400000000000091,330.2,1.7711578133767807,5.0,1,Moving,0,0,0,0,0,VALID,VALID
92H-07095,2026-07-31 19:00:00,324.3,65,"Cao tốc Phan Thiết - Dầu Giây, Xã Xuân Lộc, Tỉnh Đồng Nai",0.0,5.0,1,0,-5.599999999999966,-1.1199999999999932,329.9,2.8342547521147945,5.0,1,Moving,0,0,0,0,0,VALID,VALID
92H-07095,2026-07-31 19:05:00,322.3,66,"Cao tốc Phan Thiết - Dầu Giây, Xã Xuân Hòa, Tỉnh Đồng Nai",0.0,5.0,1,0,-2.0,-0.4,329.9,3.9771849340815204,5.0,1,Moving,0,0,0,0,0,VALID,VALID
92H-07095,2026-07-31 19:10:00,320.6,72,"Cao tốc Phan Thiết - Dầu Giây, Xã Xuân Hòa, Tỉnh Đồng Nai",0.0,5.0,1,0,-1.6999999999999886,-0.33999999999999775,324.3,4.645212589310034,5.0,1,Moving,0,0,0,0,0,VALID,VALID
92H-07095,2026-07-31 19:15:00,319.2,69,"Cao tốc Phan Thiết - Dầu Giây, Xã Xuân Hòa, Tỉnh Đồng Nai",0.0,5.0,1,0,-1.400000000000034,-0.2800000000000068,322.3,4.172888687693895,5.0,1,Moving,0,0,0,0,0,VALID,VALID
92H-07095,2026-07-31 19:20:00,316.5,68,"Cao tốc Phan Thiết - Dầu Giây, Xã Tân Minh, Tỉnh Lâm Đồng",0.0,5.0,1,0,-2.6999999999999886,-0.5399999999999977,320.6,2.9727092020382604,5.0,1,Moving,0,0,0,0,0,VALID,VALID
92H-07095,2026-07-31 19:25:00,316.7,71,"Cao tốc Phan Thiết - Dầu Giây, Xã Tân Minh, Tỉnh Lâm Đồng",0.0,5.0,1,0,0.19999999999998863,0.039999999999997725,319.2,2.5005999279937807,5.0,1,Moving,0,0,0,0,0,VALID,VALID
92H-07095,2026-07-31 19:30:00,314.9,44,"Lê Duẩn, Xã Tân Minh, Tỉnh Lâm Đồng",0.0,5.0,1,0,-1.8000000000000114,-0.36000000000000226,316.7,2.284075305212631,5.0,1,Moving,0,0,0,0,0,VALID,VALID
92H-07095,2026-07-31 19:35:00,310.8,53,"Quốc Lộ 1, Xã Tân Minh, Tỉnh Lâm Đồng",0.0,5.0,1,0,-4.099999999999966,-0.8199999999999932,316.5,3.1027407239216465,5.0,1,Moving,0,0,0,0,0,VALID,VALID
92H-07095,2026-07-31 19:40:00,310.5,53,"Quốc Lộ 1, Xã Tân Minh, Tỉnh Lâm Đồng",0.0,5.0,1,0,-0.30000000000001137,-0.060000000000002274,314.9,3.03183112984242,5.0,1,Moving,0,0,0,0,0,VALID,VALID
92H-07095,2026-07-31 19:45:00,310.1,0,"Xã Hàm Tân, Tỉnh Lâm Đồng",0.0,5.0,1,0,-0.39999999999997726,-0.07999999999999545,310.8,2.999999999980216,5.0,1,Stopped,0,0,0,0,0,VALID,VALID
92H-07095,2026-07-31 19:50:00,429.6,0,"Xã Hàm Tân, Tỉnh Lâm Đồng",0.0,5.0,1,0,119.5,23.9,310.8,52.81786629541077,5.0,1,Stopped,0,0,1,0,1,LARGE_DELTA,VALID
92H-07095,2026-07-31 19:55:00,549.8,0,"Xã Hàm Tân, Tỉnh Lâm Đồng",0.0,5.0,1,0,120.19999999999993,24.039999999999985,310.8,106.97402955857974,5.0,1,Stopped,0,0,1,0,1,LARGE_DELTA,VALID
92H-07095,2026-07-31 20:00:00,589.1,0,"Xã Hàm Tân, Tỉnh Lâm Đồng",0.0,5.0,1,0,39.30000000000007,7.860000000000014,429.6,130.3989148727853,5.0,1,Stopped,0,0,1,0,1,LARGE_DELTA,VALID
92H-07095,2026-07-31 20:05:00,593.4,29,"Xã Tân Lập, Tỉnh Lâm Đồng",0.0,5.0,1,0,4.2999999999999545,0.8599999999999909,549.8,122.4783450247427,5.0,1,Moving,0,0,0,0,0,VALID,VALID
92H-07095,2026-07-31 20:10:00,590.0,0,"Xã Tân Lập, Tỉnh Lâm Đồng",0.0,5.0,1,0,-3.3999999999999773,-0.6799999999999955,589.1,69.83524897929361,5.0,1,Stopped,0,0,0,0,0,VALID,VALID
92H-07095,2026-07-31 20:15:00,590.0,0,"Xã Tân Lập, Tỉnh Lâm Đồng",0.0,5.0,1,0,0.0,0.0,590.0,18.33133928549524,5.0,1,Stopped,0,0,0,0,0,VALID,VALID
92H-07095,2026-07-31 20:20:00,589.9,0,"Xã Tân Lập, Tỉnh Lâm Đồng",0.0,5.0,1,0,-0.10000000000002274,-0.02000000000000455,590.0,1.675410397468045,5.0,1,Stopped,0,0,0,0,0,VALID,VALID
92H-07095,2026-07-31 20:25:00,589.9,0,"Xã Tân Lập, Tỉnh Lâm Đồng",0.0,5.0,1,0,0.0,0.0,590.0,1.5436968614155244,5.0,1,Stopped,0,0,0,0,0,VALID,VALID
92H-07095,2026-07-31 20:30:00,589.9,0,"Xã Tân Lập, Tỉnh Lâm Đồng",0.0,5.0,1,0,0.0,0.0,589.9,0.054772255237103946,5.0,1,Stopped,0,0,0,0,0,VALID,VALID
92H-07095,2026-07-31 20:35:00,589.4,0,"Xã Tân Lập, Tỉnh Lâm Đồng",0.0,5.0,1,0,-0.5,-0.1,589.9,0.23874672760830434,5.0,1,Stopped,0,0,0,0,0,VALID,VALID
92H-07095,2026-07-31 20:40:00,587.8,48,"Cao tốc Phan Thiết - Dầu Giây, Xã Tân Lập, Tỉnh Lâm Đồng",0.0,5.0,1,0,-1.6000000000000227,-0.32000000000000456,589.9,0.909395403520035,5.0,1,Moving,0,0,0,0,0,VALID,VALID
92H-07095,2026-07-31 20:45:00,586.8,77,"Cao tốc Phan Thiết - Dầu Giây, Xã Tân Lập, Tỉnh Lâm Đồng",0.0,5.0,1,0,-1.0,-0.2,589.4,1.3939153489157337,5.0,1,Moving,0,0,0,0,0,VALID,VALID
92H-07095,2026-07-31 20:50:00,583.0,55,"Cao tốc Phan Thiết - Dầu Giây, Xã Tân Lập, Tỉnh Lâm Đồng",0.0,5.0,1,0,-3.7999999999999545,-0.7599999999999909,587.8,2.7444489428556857,5.0,1,Moving,0,0,0,0,0,VALID,VALID
92H-07095,2026-07-31 20:55:00,578.4,80,"Cao tốc Phan Thiết - Dầu Giây, Xã Hàm Thuận Nam, Tỉnh Lâm Đồng",0.0,5.0,1,0,-4.600000000000023,-0.9200000000000046,586.8,4.414974518605926,5.0,1,Moving,0,0,0,0,0,VALID,VALID
92H-07095,2026-07-31 21:00:00,579.3,73,"Cao tốc Phan Thiết - Dầu Giây, Xã Hàm Kiệm, Tỉnh Lâm Đồng",0.0,5.0,1,0,0.8999999999999773,0.17999999999999544,583.0,4.251823138365216,5.0,1,Moving,0,0,0,0,0,VALID,VALID
92H-07095,2026-07-31 21:05:00,577.7,73,"Cao tốc Vĩnh Hảo-Phan Thiết, Xã Hàm Kiệm, Tỉnh Lâm Đồng",0.0,5.0,1,0,-1.599999999999909,-0.3199999999999818,579.3,3.81352854977329,5.0,1,Moving,0,0,0,0,0,VALID,VALID
92H-07095,2026-07-31 21:10:00,572.7,71,"Cao tốc Vĩnh Hảo-Phan Thiết, Phường Bình Thuận, Tỉnh Lâm Đồng",0.0,5.0,1,0,-5.0,-1.0,578.4,3.7009458250470972,5.0,1,Moving,0,0,0,0,0,VALID,VALID
92H-07095,2026-07-31 21:15:00,570.3,77,"Cao tốc Vĩnh Hảo-Phan Thiết, Xã Hàm Liêm, Tỉnh Lâm Đồng",0.0,5.0,1,0,-2.400000000000091,-0.4800000000000182,577.7,3.949936708345061,5.0,1,Moving,0,0,0,0,0,VALID,VALID
92H-07095,2026-07-31 21:20:00,570.8,76,"Cao tốc Vĩnh Hảo-Phan Thiết, Xã Hàm Thuận, Tỉnh Lâm Đồng",0.0,5.0,1,0,0.5,0.1,572.7,4.10097549370036,5.0,1,Moving,0,0,0,0,0,VALID,VALID
92H-07095,2026-07-31 21:25:00,566.1,63,"Cao tốc Vĩnh Hảo-Phan Thiết, Xã Hàm Thuận Bắc, Tỉnh Lâm Đồng",0.0,5.0,1,0,-4.699999999999932,-0.9399999999999864,570.8,4.212125354251609,5.0,1,Moving,0,0,0,0,0,VALID,VALID
92H-07095,2026-07-31 21:30:00,562.5,67,"Cao tốc Vĩnh Hảo-Phan Thiết, Xã Hồng Sơn, Tỉnh Lâm Đồng",0.0,5.0,1,0,-3.6000000000000227,-0.7200000000000045,570.3,4.120922226871947,5.0,1,Moving,0,0,0,0,0,VALID,VALID
92H-07095,2026-07-31 21:35:00,559.6,78,"Cao tốc Vĩnh Hảo-Phan Thiết, Xã Hồng Sơn, Tỉnh Lâm Đồng",0.0,5.0,1,0,-2.8999999999999773,-0.5799999999999954,566.1,4.864462971379847,5.0,1,Moving,0,0,0,0,0,VALID,VALID
92H-07095,2026-07-31 21:40:00,559.8,76,"Cao tốc Vĩnh Hảo-Phan Thiết, Xã Sông Lũy, Tỉnh Lâm Đồng",0.0,5.0,1,0,0.1999999999999318,0.03999999999998636,562.5,4.733180748706392,5.0,1,Moving,0,0,0,0,0,VALID,VALID
92H-07095,2026-07-31 21:45:00,556.8,75,"Cao tốc Vĩnh Hảo-Phan Thiết, Xã Lương Sơn, Tỉnh Lâm Đồng",0.0,5.0,1,0,-3.0,-0.6,559.8,3.510413081095113,5.0,1,Moving,0,0,0,0,0,VALID,VALID
92H-07095,2026-07-31 21:50:00,556.2,79,"Cao tốc Vĩnh Hảo-Phan Thiết, Xã Lương Sơn, Tỉnh Lâm Đồng",0.0,5.0,1,0,-0.599999999999909,-0.11999999999998182,559.6,2.5459772190501857,5.0,1,Moving,0,0,0,0,0,VALID,VALID
92H-07095,2026-07-31 21:55:00,555.2,76,"Cao tốc Vĩnh Hảo-Phan Thiết, Xã Hải Ninh, Tỉnh Lâm Đồng",0.0,5.0,1,0,-1.0,-0.2,556.8,2.0717142659936445,5.0,1,Moving,0,0,0,0,0,VALID,VALID
92H-07095,2026-07-31 22:00:00,550.8,76,"Cao tốc Vĩnh Hảo-Phan Thiết, Xã Hải Ninh, Tỉnh Lâm Đồng",0.0,5.0,1,0,-4.400000000000091,-0.8800000000000182,556.2,3.260061349103811,5.0,1,Moving,0,0,0,0,0,VALID,VALID
92H-07095,2026-07-31 22:05:00,548.0,78,"Cao tốc Vĩnh Hảo-Phan Thiết, Xã Bắc Bình, Tỉnh Lâm Đồng",0.0,5.0,1,0,-2.7999999999999545,-0.559999999999991,555.2,3.8262252939312913,5.0,1,Moving,0,0,0,0,0,VALID,VALID
92H-07095,2026-07-31 22:10:00,543.7,77,"Cao tốc Vĩnh Hảo-Phan Thiết, Xã Tuy Phong, Tỉnh Lâm Đồng",0.0,5.0,1,0,-4.2999999999999545,-0.8599999999999909,550.8,5.166430102103253,5.0,1,Moving,0,0,0,0,0,VALID,VALID
92H-07095,2026-07-31 22:15:00,543.7,76,"Cao tốc Vĩnh Hảo-Phan Thiết, Xã Tuy Phong, Tỉnh Lâm Đồng",0.0,5.0,1,0,0.0,0.0,548.0,4.905812878608145,5.0,1,Moving,0,0,0,0,0,VALID,VALID
92H-07095,2026-07-31 22:20:00,538.6,67,"Cao tốc Vĩnh Hảo-Phan Thiết, Xã Liên Hương, Tỉnh Lâm Đồng",0.0,5.0,1,0,-5.100000000000023,-1.0200000000000045,543.7,4.662938987367976,5.0,1,Moving,0,0,0,0,0,VALID,VALID
92H-07095,2026-07-31 22:25:00,537.9,79,"Cao tốc Cam Lâm-Vĩnh Hảo, Xã Vĩnh Hảo, Tỉnh Lâm Đồng",0.0,5.0,1,0,-0.7000000000000455,-0.1400000000000091,543.7,4.166173304114448,5.0,1,Moving,0,0,0,0,0,VALID,VALID
92H-07095,2026-07-31 22:30:00,529.2,38,"Cao tốc Cam Lâm-Vĩnh Hảo, Xã Tuy Phong, Tỉnh Lâm Đồng",0.0,5.0,1,0,-8.699999999999932,-1.7399999999999864,538.6,5.934391291439653,5.0,1,Moving,0,0,0,0,0,VALID,VALID
92H-07095,2026-07-31 22:35:00,532.1,0,"Cao tốc Cam Lâm-Vĩnh Hảo, Xã Phước Hà, Tỉnh Khánh Hòa",0.0,5.0,1,0,2.8999999999999773,0.5799999999999954,537.9,5.715330261665914,5.0,1,Stopped,0,0,0,0,0,VALID,VALID
92H-07095,2026-07-31 22:40:00,532.0,76,"Cao tốc Cam Lâm-Vĩnh Hảo, Xã Phước Hà, Tỉnh Khánh Hòa",0.0,5.0,1,0,-0.10000000000002274,-0.02000000000000455,532.1,4.0930428778493955,5.0,1,Moving,0,0,0,0,0,VALID,VALID
92H-07095,2026-07-31 22:45:00,532.6,0,"Cao tốc Cam Lâm-Vĩnh Hảo, Xã Phước Hà, Tỉnh Khánh Hòa",0.0,5.0,1,0,0.6000000000000227,0.12000000000000455,532.1,3.1674911207315843,5.0,1,Stopped,0,0,0,0,0,VALID,VALID
92H-07095,2026-07-31 22:50:00,532.1,0,"Cao tốc Cam Lâm-Vĩnh Hảo, Xã Phước Hà, Tỉnh Khánh Hòa",0.0,5.0,1,0,-0.5,-0.1,532.1,1.361983847155872,5.0,1,Stopped,0,0,0,0,0,VALID,VALID
92H-07095,2026-07-31 22:55:00,532.0,0,"Cao tốc Cam Lâm-Vĩnh Hảo, Xã Phước Hà, Tỉnh Khánh Hòa",0.0,5.0,1,0,-0.10000000000002274,-0.02000000000000455,532.1,0.25099800778797543,5.0,1,Stopped,0,0,0,0,0,VALID,VALID
92H-07095,2026-07-31 23:00:00,531.7,0,"Cao tốc Cam Lâm-Vĩnh Hảo, Xã Phước Hà, Tỉnh Khánh Hòa",0.0,5.0,1,0,-0.2999999999999545,-0.05999999999999091,532.0,0.327108544543753,5.0,1,Stopped,0,0,0,0,0,VALID,VALID
92H-07095,2026-07-31 23:05:00,528.0,72,"Cao tốc Cam Lâm-Vĩnh Hảo, Xã Phước Hà, Tỉnh Khánh Hòa",0.0,5.0,1,0,-3.7000000000000455,-0.7400000000000091,532.0,1.8619881846868744,5.0,1,Moving,0,0,0,0,0,VALID,VALID
92H-07095,2026-07-31 23:10:00,525.5,76,"Cao tốc Cam Lâm-Vĩnh Hảo, Xã Phước Hữu, Tỉnh Khánh Hòa",0.0,5.0,1,0,-2.5,-0.5,531.7,2.977079105417466,5.0,1,Moving,0,0,0,0,0,VALID,VALID
92H-07095,2026-07-31 23:15:00,525.8,77,"Cao tốc Cam Lâm-Vĩnh Hảo, Xã Phước Hậu, Tỉnh Khánh Hòa",0.0,5.0,1,0,0.2999999999999545,0.05999999999999091,528.0,3.121698255743651,5.0,1,Moving,0,0,0,0,0,VALID,VALID
92H-07095,2026-07-31 23:20:00,524.4,51,"Cao tốc Cam Lâm-Vĩnh Hảo, Phường Đô Vinh, Tỉnh Khánh Hòa",0.0,5.0,1,0,-1.3999999999999773,-0.2799999999999955,525.8,2.894304752425469,5.0,1,Moving,0,0,0,0,0,VALID,VALID
92H-07095,2026-07-31 23:25:00,518.8,72,"Cao tốc Cam Lâm-Vĩnh Hảo, Phường Đô Vinh, Tỉnh Khánh Hòa",0.0,5.0,1,0,-5.600000000000023,-1.1200000000000045,525.5,3.443835071531803,5.0,1,Moving,0,0,0,0,0,VALID,VALID
92H-07095,2026-07-31 23:30:00,518.2,76,"Cao tốc Cam Lâm-Vĩnh Hảo, Xã Mỹ Sơn, Tỉnh Khánh Hòa",0.0,5.0,1,0,-0.599999999999909,-0.11999999999998182,524.4,3.7306835834619236,5.0,1,Moving,0,0,0,0,0,VALID,VALID
92H-07095,2026-07-31 23:35:00,517.2,74,"Cao tốc Cam Lâm-Vĩnh Hảo, Xã Thuận Bắc, Tỉnh Khánh Hòa",0.0,5.0,1,0,-1.0,-0.2,518.8,3.9258120179030596,5.0,1,Moving,0,0,0,0,0,VALID,VALID
92H-07095,2026-07-31 23:40:00,515.5,83,"Cao tốc Cam Lâm-Vĩnh Hảo, Xã Công Hải, Tỉnh Khánh Hòa",0.0,5.0,1,0,-1.7000000000000455,-0.3400000000000091,518.2,3.3603571238652745,5.0,1,Moving,0,0,0,0,0,VALID,VALID
92H-07095,2026-07-31 23:45:00,505.7,53,"Cao tốc Cam Lâm-Vĩnh Hảo, Xã Công Hải, Tỉnh Khánh Hòa",0.0,5.0,1,0,-9.800000000000011,-1.9600000000000022,517.2,5.390454526281781,5.0,1,Moving,0,0,1,0,1,LARGE_DELTA,VALID
92H-07095,2026-07-31 23:50:00,512.9,64,"Cao tốc Cam Lâm-Vĩnh Hảo, Xã Nam Cam Ranh, Tỉnh Khánh Hòa",0.0,5.0,1,0,7.199999999999989,1.4399999999999977,515.5,5.004497976811615,5.0,1,Moving,0,0,0,0,0,VALID,VALID
92H-07095,2026-07-31 23:55:00,502.8,0,"Cao tốc Nha Trang-Cam Lâm, Xã Nam Cam Ranh, Tỉnh Khánh Hòa",0.0,5.0,1,0,-10.099999999999966,-2.0199999999999934,512.9,6.274312711358141,5.0,1,Stopped,0,0,1,0,1,LARGE_DELTA,VALID
92H-07095,2026-08-01 00:00:00,503.5,70,"Cao tốc Nha Trang-Cam Lâm, Xã Cam An, Tỉnh Khánh Hòa",0.0,5.0,1,0,0.6999999999999886,0.13999999999999774,505.7,5.762117666267269,5.0,1,Moving,0,0,0,0,0,VALID,VALID
92H-07095,2026-08-01 00:05:00,498.5,59,"Cao tốc Nha Trang-Cam Lâm, Xã Cam An, Tỉnh Khánh Hòa",0.0,5.0,1,0,-5.0,-1.0,503.5,5.285073320201749,5.0,1,Moving,0,0,0,0,0,VALID,VALID
92H-07095,2026-08-01 00:10:00,497.3,64,"Cao tốc Nha Trang-Cam Lâm, Xã Cam Hiệp, Tỉnh Khánh Hòa",0.0,5.0,1,0,-1.1999999999999886,-0.23999999999999772,502.8,6.144916598287385,5.0,1,Moving,0,0,0,0,0,VALID,VALID
92H-07095,2026-08-01 00:15:00,496.7,78,"Cao tốc Nha Trang-Cam Lâm, Xã Cam Hiệp, Tỉnh Khánh Hòa",0.0,5.0,1,0,-0.6000000000000227,-0.12000000000000455,498.5,3.1714350064138235,5.0,1,Moving,0,0,0,0,0,VALID,VALID
92H-07095,2026-08-01 00:20:00,494.0,72,"Cao tốc Nha Trang-Cam Lâm, Xã Cam Hiệp, Tỉnh Khánh Hòa",0.0,5.0,1,0,-2.6999999999999886,-0.5399999999999977,497.3,3.488552708489076,5.0,1,Moving,0,0,0,0,0,VALID,VALID
92H-07095,2026-08-01 00:25:00,491.9,76,"Cao tốc Nha Trang-Cam Lâm, Xã Suối Hiệp, Tỉnh Khánh Hòa",0.0,5.0,1,0,-2.1000000000000227,-0.42000000000000454,496.7,2.679925372077725,5.0,1,Moving,0,0,0,0,0,VALID,VALID
92H-07095,2026-08-01 00:30:00,490.7,73,"Cao tốc Nha Trang-Cam Lâm, Xã Diên Lạc, Tỉnh Khánh Hòa",0.0,5.0,1,0,-1.1999999999999886,-0.23999999999999772,494.0,2.8899826988938035,5.0,1,Moving,0,0,0,0,0,VALID,VALID
92H-07095,2026-08-01 00:35:00,487.6,77,"Cao tốc Vân Phong-Nha Trang, Xã Diên Thọ, Tỉnh Khánh Hòa",0.0,5.0,1,0,-3.099999999999966,-0.6199999999999932,491.9,3.4273896772769987,5.0,1,Moving,0,0,0,0,0,VALID,VALID
92H-07095,2026-08-01 00:40:00,484.6,76,"Cao tốc Vân Phong-Nha Trang, Xã Diên Lâm, Tỉnh Khánh Hòa",0.0,5.0,1,0,-3.0,-0.6,490.7,3.6990539330893997,5.0,1,Moving,0,0,0,0,0,VALID,VALID
92H-07095,2026-08-01 00:45:00,482.2,70,"Cao tốc Vân Phong-Nha Trang, Xã Bắc Khánh Vĩnh, Tỉnh Khánh Hòa",0.0,5.0,1,0,-2.400000000000034,-0.4800000000000068,487.6,4.063865155231332,5.0,1,Moving,0,0,0,0,0,VALID,VALID
92H-07095,2026-08-01 00:50:00,481.3,79,"Cao tốc Vân Phong-Nha Trang, Xã Nam Ninh Hòa, Tỉnh Khánh Hòa",0.0,5.0,1,0,-0.8999999999999773,-0.17999999999999544,484.6,3.8906297690608938,5.0,1,Moving,0,0,0,0,0,VALID,VALID
92H-07095,2026-08-01 00:55:00,478.1,74,"Cao tốc Vân Phong-Nha Trang, Xã Nam Ninh Hòa, Tỉnh Khánh Hòa",0.0,5.0,1,0,-3.1999999999999886,-0.6399999999999977,482.2,3.5697338836252626,5.0,1,Moving,0,0,0,0,0,VALID,VALID
92H-07095,2026-08-01 01:00:00,476.2,77,"Cao tốc Vân Phong-Nha Trang, Xã Tân Định, Tỉnh Khánh Hòa",0.0,5.0,1,0,-1.900000000000034,-0.38000000000000683,481.3,3.3387123266166263,5.0,1,Moving,0,0,0,0,0,VALID,VALID
92H-07095,2026-08-01 01:05:00,474.9,75,"Cao tốc Vân Phong-Nha Trang, Xã Hòa Trí, Tỉnh Khánh Hòa",0.0,5.0,1,0,-1.3000000000000114,-0.2600000000000023,478.1,3.159588580796767,5.0,1,Moving,0,0,0,0,0,VALID,VALID
92H-07095,2026-08-01 01:10:00,470.6,77,"Cao tốc Vân Phong-Nha Trang, Xã Bắc Ninh Hòa, Tỉnh Khánh Hòa",0.0,5.0,1,0,-4.2999999999999545,-0.8599999999999909,476.2,3.9581561363721818,5.0,1,Moving,0,0,0,0,0,VALID,VALID
92H-07095,2026-08-01 01:15:00,470.7,79,"Cao tốc Vân Phong-Nha Trang, Xã Vạn Hưng, Tỉnh Khánh Hòa",0.0,5.0,1,0,0.0999999999999659,0.01999999999999318,474.9,3.3488804099131766,5.0,1,Moving,0,0,0,0,0,VALID,VALID
92H-07095,2026-08-01 01:20:00,468.5,72,"Cao tốc Vân Phong-Nha Trang, Xã Vạn Ninh, Tỉnh Khánh Hòa",0.0,5.0,1,0,-2.1999999999999886,-0.4399999999999977,470.7,3.2321819255573856,5.0,1,Moving,0,0,0,0,0,VALID,VALID
92H-07095,2026-08-01 01:25:00,465.6,71,"Cao tốc Vân Phong-Nha Trang, Xã Vạn Thắng, Tỉnh Khánh Hòa",0.0,5.0,1,0,-2.8999999999999773,-0.5799999999999954,470.6,3.4077852044839303,5.0,1,Moving,0,0,0,0,0,VALID,VALID
92H-07095,2026-08-01 01:30:00,462.5,53,"Cao tốc Vân Phong-Nha Trang, Xã Vạn Thắng, Tỉnh Khánh Hòa",0.0,5.0,1,0,-3.1000000000000227,-0.6200000000000045,468.5,3.515252480249352,5.0,1,Moving,0,0,0,0,0,VALID,VALID
92H-07095,2026-08-01 01:35:00,460.0,0,"Cao tốc Vân Phong-Nha Trang, Xã Vạn Thắng, Tỉnh Khánh Hòa",0.0,5.0,1,0,-2.5,-0.5,465.6,4.3385481442412095,5.0,1,Stopped,0,0,0,0,0,VALID,VALID
92H-07095,2026-08-01 01:40:00,460.0,0,"Cao tốc Vân Phong-Nha Trang, Xã Vạn Thắng, Tỉnh Khánh Hòa",0.0,5.0,1,0,0.0,0.0,462.5,3.699594572368506,5.0,1,Stopped,0,0,0,0,0,VALID,VALID
92H-07095,2026-08-01 01:45:00,460.0,0,"Cao tốc Vân Phong-Nha Trang, Xã Vạn Thắng, Tỉnh Khánh Hòa",0.0,5.0,1,0,0.0,0.0,460.0,2.4742675683721527,5.0,1,Stopped,0,0,0,0,0,VALID,VALID
92H-07095,2026-08-01 01:50:00,460.0,0,"Cao tốc Vân Phong-Nha Trang, Xã Vạn Thắng, Tỉnh Khánh Hòa",0.0,5.0,1,0,0.0,0.0,460.0,1.1180339887043047,5.0,1,Stopped,0,0,0,0,0,VALID,VALID
92H-07095,2026-08-01 01:55:00,460.0,0,"Cao tốc Vân Phong-Nha Trang, Xã Vạn Thắng, Tỉnh Khánh Hòa",0.0,5.0,1,0,0.0,0.0,460.0,0.0,5.0,1,Stopped,0,0,0,0,0,VALID,VALID
92H-07095,2026-08-01 02:00:00,460.0,0,"Cao tốc Vân Phong-Nha Trang, Xã Vạn Thắng, Tỉnh Khánh Hòa",0.0,5.0,1,0,0.0,0.0,460.0,0.0,5.0,1,Stopped,0,0,0,0,0,VALID,VALID
92H-07095,2026-08-01 02:05:00,460.0,0,"Cao tốc Vân Phong-Nha Trang, Xã Vạn Thắng, Tỉnh Khánh Hòa",0.0,5.0,1,0,0.0,0.0,460.0,0.0,5.0,1,Stopped,0,0,0,0,0,VALID,VALID
92H-07095,2026-08-01 02:10:00,460.0,0,"Cao tốc Vân Phong-Nha Trang, Xã Vạn Thắng, Tỉnh Khánh Hòa",0.0,5.0,1,0,0.0,0.0,460.0,0.0,5.0,1,Stopped,0,0,0,0,0,VALID,VALID
92H-07095,2026-08-01 02:15:00,460.0,0,"Cao tốc Vân Phong-Nha Trang, Xã Vạn Thắng, Tỉnh Khánh Hòa",0.0,5.0,1,0,0.0,0.0,460.0,0.0,5.0,1,Stopped,0,0,0,0,0,VALID,VALID
92H-07095,2026-08-01 02:20:00,460.0,0,"Cao tốc Vân Phong-Nha Trang, Xã Vạn Thắng, Tỉnh Khánh Hòa",0.0,5.0,1,0,0.0,0.0,460.0,0.0,5.0,1,Stopped,0,0,0,0,0,VALID,VALID
92H-07095,2026-08-01 02:25:00,460.0,0,"Cao tốc Vân Phong-Nha Trang, Xã Vạn Thắng, Tỉnh Khánh Hòa",0.0,5.0,1,0,0.0,0.0,460.0,0.0,5.0,1,Stopped,0,0,0,0,0,VALID,VALID
92H-07095,2026-08-01 02:30:00,460.0,0,"Cao tốc Vân Phong-Nha Trang, Xã Vạn Thắng, Tỉnh Khánh Hòa",0.0,5.0,1,0,0.0,0.0,460.0,0.0,5.0,1,Stopped,0,0,0,0,0,VALID,VALID
92H-07095,2026-08-01 02:35:00,460.0,0,"Cao tốc Vân Phong-Nha Trang, Xã Vạn Thắng, Tỉnh Khánh Hòa",0.0,5.0,1,0,0.0,0.0,460.0,0.0,5.0,1,Stopped,0,0,0,0,0,VALID,VALID
92H-07095,2026-08-01 02:40:00,460.0,0,"Cao tốc Vân Phong-Nha Trang, Xã Vạn Thắng, Tỉnh Khánh Hòa",0.0,5.0,1,0,0.0,0.0,460.0,0.0,5.0,1,Stopped,0,0,0,0,0,VALID,VALID
92H-07095,2026-08-01 02:45:00,460.0,0,"Cao tốc Vân Phong-Nha Trang, Xã Vạn Thắng, Tỉnh Khánh Hòa",0.0,5.0,1,0,0.0,0.0,460.0,0.0,5.0,1,Stopped,0,0,0,0,0,VALID,VALID
92H-07095,2026-08-01 02:50:00,460.0,0,"Cao tốc Vân Phong-Nha Trang, Xã Vạn Thắng, Tỉnh Khánh Hòa",0.0,5.0,1,0,0.0,0.0,460.0,0.0,5.0,1,Stopped,0,0,0,0,0,VALID,VALID
92H-07095,2026-08-01 02:55:00,460.0,0,"Cao tốc Vân Phong-Nha Trang, Xã Vạn Thắng, Tỉnh Khánh Hòa",0.0,5.0,1,0,0.0,0.0,460.0,0.0,5.0,1,Stopped,0,0,0,0,0,VALID,VALID
92H-07095,2026-08-01 03:00:00,460.0,0,"Cao tốc Vân Phong-Nha Trang, Xã Vạn Thắng, Tỉnh Khánh Hòa",0.0,5.0,1,0,0.0,0.0,460.0,0.0,5.0,1,Stopped,0,0,0,0,0,VALID,VALID
92H-07095,2026-08-01 03:05:00,460.0,0,"Cao tốc Vân Phong-Nha Trang, Xã Vạn Thắng, Tỉnh Khánh Hòa",0.0,5.0,1,0,0.0,0.0,460.0,0.0,5.0,1,Stopped,0,0,0,0,0,VALID,VALID
92H-07095,2026-08-01 03:10:00,460.0,0,"Cao tốc Vân Phong-Nha Trang, Xã Vạn Thắng, Tỉnh Khánh Hòa",0.0,5.0,1,0,0.0,0.0,460.0,0.0,5.0,1,Stopped,0,0,0,0,0,VALID,VALID
92H-07095,2026-08-01 03:15:00,460.0,0,"Cao tốc Vân Phong-Nha Trang, Xã Vạn Thắng, Tỉnh Khánh Hòa",0.0,5.0,1,0,0.0,0.0,460.0,0.0,5.0,1,Stopped,0,0,0,0,0,VALID,VALID
92H-07095,2026-08-01 03:20:00,460.0,0,"Cao tốc Vân Phong-Nha Trang, Xã Vạn Thắng, Tỉnh Khánh Hòa",0.0,5.0,1,0,0.0,0.0,460.0,0.0,5.0,1,Stopped,0,0,0,0,0,VALID,VALID
92H-07095,2026-08-01 03:25:00,460.0,0,"Cao tốc Vân Phong-Nha Trang, Xã Vạn Thắng, Tỉnh Khánh Hòa",0.0,5.0,1,0,0.0,0.0,460.0,0.0,5.0,1,Stopped,0,0,0,0,0,VALID,VALID
92H-07095,2026-08-01 03:30:00,460.0,0,"Cao tốc Vân Phong-Nha Trang, Xã Vạn Thắng, Tỉnh Khánh Hòa",0.0,5.0,1,0,0.0,0.0,460.0,0.0,5.0,1,Stopped,0,0,0,0,0,VALID,VALID
92H-07095,2026-08-01 03:35:00,460.0,0,"Cao tốc Vân Phong-Nha Trang, Xã Vạn Thắng, Tỉnh Khánh Hòa",0.0,5.0,1,0,0.0,0.0,460.0,0.0,5.0,1,Stopped,0,0,0,0,0,VALID,VALID
92H-07095,2026-08-01 03:40:00,460.0,0,"Cao tốc Vân Phong-Nha Trang, Xã Vạn Thắng, Tỉnh Khánh Hòa",0.0,5.0,1,0,0.0,0.0,460.0,0.0,5.0,1,Stopped,0,0,0,0,0,VALID,VALID
92H-07095,2026-08-01 03:45:00,460.0,0,"Cao tốc Vân Phong-Nha Trang, Xã Vạn Thắng, Tỉnh Khánh Hòa",0.0,5.0,1,0,0.0,0.0,460.0,0.0,5.0,1,Stopped,0,0,0,0,0,VALID,VALID
92H-07095,2026-08-01 03:50:00,460.0,0,"Cao tốc Vân Phong-Nha Trang, Xã Vạn Thắng, Tỉnh Khánh Hòa",0.0,5.0,1,0,0.0,0.0,460.0,0.0,5.0,1,Stopped,0,0,0,0,0,VALID,VALID
92H-07095,2026-08-01 03:55:00,460.0,0,"Cao tốc Vân Phong-Nha Trang, Xã Vạn Thắng, Tỉnh Khánh Hòa",0.0,5.0,1,0,0.0,0.0,460.0,0.0,5.0,1,Stopped,0,0,0,0,0,VALID,VALID
92H-07095,2026-08-01 04:00:00,460.0,0,"Cao tốc Vân Phong-Nha Trang, Xã Vạn Thắng, Tỉnh Khánh Hòa",0.0,5.0,1,0,0.0,0.0,460.0,0.0,5.0,1,Stopped,0,0,0,0,0,VALID,VALID
92H-07095,2026-08-01 04:05:00,460.0,0,"Cao tốc Vân Phong-Nha Trang, Xã Vạn Thắng, Tỉnh Khánh Hòa",0.0,5.0,1,0,0.0,0.0,460.0,0.0,5.0,1,Stopped,0,0,0,0,0,VALID,VALID
92H-07095,2026-08-01 04:10:00,460.0,0,"Cao tốc Vân Phong-Nha Trang, Xã Vạn Thắng, Tỉnh Khánh Hòa",0.0,5.0,1,0,0.0,0.0,460.0,0.0,5.0,1,Stopped,0,0,0,0,0,VALID,VALID
92H-07095,2026-08-01 04:15:00,460.0,0,"Cao tốc Vân Phong-Nha Trang, Xã Vạn Thắng, Tỉnh Khánh Hòa",0.0,5.0,1,0,0.0,0.0,460.0,0.0,5.0,1,Stopped,0,0,0,0,0,VALID,VALID
92H-07095,2026-08-01 04:20:00,460.0,0,"Cao tốc Vân Phong-Nha Trang, Xã Vạn Thắng, Tỉnh Khánh Hòa",0.0,5.0,1,0,0.0,0.0,460.0,0.0,5.0,1,Stopped,0,0,0,0,0,VALID,VALID
92H-07095,2026-08-01 04:25:00,460.0,0,"Cao tốc Vân Phong-Nha Trang, Xã Vạn Thắng, Tỉnh Khánh Hòa",0.0,5.0,1,0,0.0,0.0,460.0,0.0,5.0,1,Stopped,0,0,0,0,0,VALID,VALID
92H-07095,2026-08-01 04:30:00,460.0,0,"Cao tốc Vân Phong-Nha Trang, Xã Vạn Thắng, Tỉnh Khánh Hòa",0.0,5.0,1,0,0.0,0.0,460.0,0.0,5.0,1,Stopped,0,0,0,0,0,VALID,VALID
92H-07095,2026-08-01 04:35:00,460.0,0,"Cao tốc Vân Phong-Nha Trang, Xã Vạn Thắng, Tỉnh Khánh Hòa",0.0,5.0,1,0,0.0,0.0,460.0,0.0,5.0,1,Stopped,0,0,0,0,0,VALID,VALID
92H-07095,2026-08-01 04:40:00,460.0,0,"Cao tốc Vân Phong-Nha Trang, Xã Vạn Thắng, Tỉnh Khánh Hòa",0.0,5.0,1,0,0.0,0.0,460.0,0.0,5.0,1,Stopped,0,0,0,0,0,VALID,VALID
92H-07095,2026-08-01 04:45:00,460.0,0,"Cao tốc Vân Phong-Nha Trang, Xã Vạn Thắng, Tỉnh Khánh Hòa",0.0,5.0,1,0,0.0,0.0,460.0,0.0,5.0,1,Stopped,0,0,0,0,0,VALID,VALID
92H-07095,2026-08-01 04:50:00,460.0,0,"Cao tốc Vân Phong-Nha Trang, Xã Vạn Thắng, Tỉnh Khánh Hòa",0.0,5.0,1,0,0.0,0.0,460.0,0.0,5.0,1,Stopped,0,0,0,0,0,VALID,VALID
92H-07095,2026-08-01 04:55:00,459.9,0,"Cao tốc Vân Phong-Nha Trang, Xã Vạn Thắng, Tỉnh Khánh Hòa",0.0,5.0,1,0,-0.10000000000002274,-0.02000000000000455,460.0,0.044721358409517444,5.0,1,Stopped,0,0,0,0,0,VALID,VALID
92H-07095,2026-08-01 05:00:00,459.7,0,"Cao tốc Vân Phong-Nha Trang, Xã Vạn Thắng, Tỉnh Khánh Hòa",0.0,5.0,1,0,-0.19999999999998863,-0.039999999999997725,460.0,0.13038404771285797,5.0,1,Stopped,0,0,0,0,0,VALID,VALID
92H-07095,2026-08-01 05:05:00,461.1,58,"Quốc Lộ 1, Xã Tu Bông, Tỉnh Khánh Hòa",0.0,5.0,1,0,1.400000000000034,0.2800000000000068,460.0,0.550454357688273,5.0,1,Moving,0,0,0,0,0,VALID,VALID
92H-07095,2026-08-01 05:10:00,460.9,46,"Quốc Lộ 1, Xã Tu Bông, Tỉnh Khánh Hòa",0.0,5.0,1,0,-0.20000000000004547,-0.0400000000000091,460.0,0.6340346992854745,5.0,1,Moving,0,0,0,0,0,VALID,VALID
92H-07095,2026-08-01 05:15:00,461.1,0,"Quốc Lộ 1, Xã Đại Lãnh, Tỉnh Khánh Hòa",0.0,5.0,1,0,0.20000000000004547,0.0400000000000091,460.9,0.6841052549849763,5.0,1,Stopped,0,0,0,0,0,VALID,VALID
92H-07095,2026-08-01 05:20:00,461.1,0,"Quốc Lộ 1, Xã Đại Lãnh, Tỉnh Khánh Hòa",0.0,5.0,1,0,0.0,0.0,461.1,0.6099180271955256,5.0,1,Stopped,0,0,0,0,0,VALID,VALID
92H-07095,2026-08-01 05:25:00,461.1,0,"Quốc Lộ 1, Xã Đại Lãnh, Tỉnh Khánh Hòa",0.0,5.0,1,0,0.0,0.0,461.1,0.08944271853034211,5.0,1,Stopped,0,0,0,0,0,VALID,VALID
92H-07095,2026-08-01 05:30:00,460.9,0,"Quốc Lộ 1, Xã Đại Lãnh, Tỉnh Khánh Hòa",0.0,5.0,1,0,-0.20000000000004547,-0.0400000000000091,461.1,0.10954451103590651,5.0,1,Stopped,0,0,0,0,0,VALID,VALID
92H-07095,2026-08-01 05:35:00,457.7,53,"Đường dẫn hầm Cổ Mã, Xã Đại Lãnh, Tỉnh Khánh Hòa",0.0,5.0,1,0,-3.1999999999999886,-0.6399999999999977,461.1,1.5006665185503512,5.0,1,Moving,0,0,0,0,0,VALID,VALID
92H-07095,2026-08-01 05:40:00,454.1,0,"Đường dẫn Hầm Đèo Cả, Xã Đại Lãnh, Tỉnh Khánh Hòa",0.0,5.0,1,0,-3.599999999999966,-0.7199999999999932,460.9,3.0873937228506816,5.0,1,Stopped,0,0,0,0,0,VALID,VALID
92H-07095,2026-08-01 05:45:00,454.1,68,"Đường dẫn Hầm Đèo Cả, Xã Hòa Xuân, Tỉnh Đắk Lắk",0.0,5.0,1,0,0.0,0.0,457.7,3.4513765369628273,5.0,1,Moving,0,0,0,0,0,VALID,VALID
92H-07095,2026-08-01 05:50:00,448.1,62,"Xã Hòa Xuân, Tỉnh Đắk Lắk",0.0,5.0,1,0,-6.0,-1.2,454.1,4.778284210874971,5.0,1,Moving,0,0,0,0,0,VALID,VALID
92H-07095,2026-08-01 05:55:00,448.3,78,"Cao tốc Chí Thạnh-Vân Phong, Phường Đông Hòa, Tỉnh Đắk Lắk",0.0,5.0,1,0,0.19999999999998863,0.039999999999997725,454.1,4.157884077255744,5.0,1,Moving,0,0,0,0,0,VALID,VALID
92H-07095,2026-08-01 06:00:00,446.7,77,"Cao tốc Chí Thạnh-Vân Phong, Xã Tây Hòa, Tỉnh Đắk Lắk",0.0,5.0,1,0,-1.6000000000000227,-0.32000000000000456,448.3,3.5592133962291186,5.0,1,Moving,0,0,0,0,0,VALID,VALID
92H-07095,2026-08-01 06:05:00,444.2,77,"Cao tốc Chí Thạnh-Vân Phong, Phường Tuy Hòa, Tỉnh Đắk Lắk",0.0,5.0,1,0,-2.5,-0.5,448.1,3.641702898356298,5.0,1,Moving,0,0,0,0,0,VALID,VALID
92H-07095,2026-08-01 06:10:00,442.5,75,"Cao tốc Chí Thạnh-Vân Phong, Phường Bình Kiến, Tỉnh Đắk Lắk",0.0,5.0,1,0,-1.6999999999999886,-0.33999999999999775,446.7,2.533377192582323,5.0,1,Moving,0,0,0,0,0,VALID,VALID
92H-07095,2026-08-01 06:15:00,434.3,50,"Cao tốc Chí Thạnh-Vân Phong, Phường Bình Kiến, Tỉnh Đắk Lắk",0.0,5.0,1,0,-8.199999999999989,-1.6399999999999977,444.2,5.453439281764828,5.0,1,Moving,0,0,0,0,0,VALID,VALID
92H-07095,2026-08-01 06:20:00,436.5,73,"Cao tốc Chí Thạnh-Vân Phong, Xã Ô Loan, Tỉnh Đắk Lắk",0.0,5.0,1,0,2.1999999999999886,0.4399999999999977,442.5,5.243853544855653,5.0,1,Moving,0,0,0,0,0,VALID,VALID
92H-07095,2026-08-01 06:25:00,427.6,0,"Cao tốc Chí Thạnh-Vân Phong, Xã Ô Loan, Tỉnh Đắk Lắk",0.0,5.0,1,0,-8.899999999999977,-1.7799999999999954,436.5,6.67060716875865,5.0,1,Stopped,0,0,0,0,0,VALID,VALID
92H-07095,2026-08-01 06:30:00,431.8,58,"Xã Tuy An Bắc, Tỉnh Đắk Lắk",0.0,5.0,1,0,4.199999999999989,0.8399999999999977,434.3,5.543735202901908,5.0,1,Moving,0,0,0,0,0,VALID,VALID
92H-07095,2026-08-01 06:35:00,423.0,35,"Cao tốc Quy Nhơn–Chí Thạnh, Xã Tuy An Bắc, Tỉnh Đắk Lắk",0.0,5.0,1,0,-8.800000000000011,-1.7600000000000022,431.8,5.401203569566051,5.0,1,Moving,0,0,0,0,0,VALID,VALID
92H-07095,2026-08-01 06:40:00,422.6,65,"Xã Xuân Thọ, Tỉnh Đắk Lắk",0.0,5.0,1,0,-0.39999999999997726,-0.07999999999999545,427.6,5.927900134102512,5.0,1,Moving,0,0,0,0,0,VALID,VALID
92H-07095,2026-08-01 06:45:00,424.9,52,"Xã Xuân Thọ, Tỉnh Đắk Lắk",0.0,5.0,1,0,2.2999999999999545,0.4599999999999909,424.9,3.8068359565250955,5.0,1,Moving,0,0,0,0,0,VALID,VALID
92H-07095,2026-08-01 06:50:00,425.4,65,"Cao tốc Quy Nhơn–Chí Thạnh, Xã Xuân Thọ, Tỉnh Đắk Lắk",0.0,5.0,1,0,0.5,0.1,424.9,3.6983780228489715,5.0,1,Moving,0,0,0,0,0,VALID,VALID
92H-07095,2026-08-01 06:55:00,418.9,62,"Xã Xuân Thọ, Tỉnh Đắk Lắk",0.0,5.0,1,0,-6.5,-1.3,423.0,2.565735761899907,5.0,1,Moving,0,0,0,0,0,VALID,VALID
92H-07095,2026-08-01 07:00:00,409.2,52,"Cao tốc Quy Nhơn–Chí Thạnh, Xã Xuân Cảnh, Tỉnh Đắk Lắk",0.0,5.0,1,0,-9.699999999999989,-1.9399999999999977,422.6,6.662957301370923,5.0,1,Moving,0,0,1,0,1,LARGE_DELTA,VALID
92H-07095,2026-08-01 07:05:00,416.4,73,"Cao tốc Quy Nhơn–Chí Thạnh, Xã Xuân Lộc, Tỉnh Đắk Lắk",0.0,5.0,1,0,7.199999999999989,1.4399999999999977,418.9,6.681541738243654,5.0,1,Moving,0,0,0,0,0,VALID,VALID
92H-07095,2026-08-01 07:10:00,413.0,74,"Cao tốc Quy Nhơn–Chí Thạnh, Xã Xuân Lộc, Tỉnh Đắk Lắk",0.0,5.0,1,0,-3.3999999999999773,-0.6799999999999955,416.4,6.133677526565279,5.0,1,Moving,0,0,0,0,0,VALID,VALID
92H-07095,2026-08-01 07:15:00,404.8,0,"Cao tốc Quy Nhơn–Chí Thạnh, Xã Xuân Lộc, Tỉnh Đắk Lắk",0.0,5.0,1,0,-8.199999999999989,-1.6399999999999977,413.0,5.625655517350128,5.0,1,Stopped,0,0,0,0,0,VALID,VALID
92H-07095,2026-08-01 07:20:00,404.7,0,"Cao tốc Quy Nhơn–Chí Thạnh, Xã Xuân Lộc, Tỉnh Đắk Lắk",0.0,5.0,1,0,-0.10000000000002274,-0.02000000000000455,409.2,5.12367055926626,5.0,1,Stopped,0,0,0,0,0,VALID,VALID
92H-07095,2026-08-01 07:25:00,404.5,0,"Cao tốc Quy Nhơn–Chí Thạnh, Xã Xuân Lộc, Tỉnh Đắk Lắk",0.0,5.0,1,0,-0.19999999999998863,-0.039999999999997725,404.8,5.626455367270914,5.0,1,Stopped,0,0,0,0,0,VALID,VALID
92H-07095,2026-08-01 07:30:00,405.1,0,"Cao tốc Quy Nhơn–Chí Thạnh, Xã Xuân Lộc, Tỉnh Đắk Lắk",0.0,5.0,1,0,0.6000000000000227,0.12000000000000455,404.8,3.684698088024512,5.0,1,Stopped,0,0,0,0,0,VALID,VALID
92H-07095,2026-08-01 07:35:00,412.3,70,"Cao tốc Quy Nhơn–Chí Thạnh, Phường Quy Nhơn Tây, Tỉnh Gia Lai",0.0,5.0,1,0,7.199999999999989,1.4399999999999977,404.8,3.37223961187391,5.0,1,Moving,0,0,0,0,0,VALID,VALID
92H-07095,2026-08-01 07:40:00,407.7,69,"Cao tốc Quy Nhơn–Chí Thạnh, Phường Quy Nhơn Tây, Tỉnh Gia Lai",0.0,5.0,1,0,-4.600000000000023,-0.9200000000000046,405.1,3.3027261466690727,5.0,1,Moving,0,0,0,0,0,VALID,VALID
92H-07095,2026-08-01 07:45:00,405.7,77,"Cao tốc Quy Nhơn–Chí Thạnh, Xã Tuy Phước Tây, Tỉnh Gia Lai",0.0,5.0,1,0,-2.0,-0.4,405.7,3.166701754174455,5.0,1,Moving,0,0,0,0,0,VALID,VALID
92H-07095,2026-08-01 07:50:00,405.2,78,"Phường An Nhơn Nam, Tỉnh Gia Lai",0.0,5.0,1,0,-0.5,-0.1,405.7,3.038091506174818,5.0,1,Moving,0,0,0,0,0,VALID,VALID
92H-07095,2026-08-01 07:55:00,400.2,79,"Cao tốc Hoài Nhơn-Quy Nhơn, Xã An Nhơn Tây, Tỉnh Gia Lai",0.0,5.0,1,0,-5.0,-1.0,405.7,4.379155169652197,5.0,1,Moving,0,0,0,0,0,VALID,VALID
92H-07095,2026-08-01 08:00:00,398.3,78,"Xã Bình An, Tỉnh Gia Lai",0.0,5.0,1,0,-1.8999999999999773,-0.37999999999999545,405.2,3.977059215034543,5.0,1,Moving,0,0,0,0,0,VALID,VALID
92H-07095,2026-08-01 08:05:00,396.9,80,"Cao tốc Hoài Nhơn-Quy Nhơn, Xã Bình Hiệp, Tỉnh Gia Lai",0.0,5.0,1,0,-1.400000000000034,-0.2800000000000068,400.2,4.004122875223875,5.0,1,Moving,0,0,0,0,0,VALID,VALID
92H-07095,2026-08-01 08:10:00,394.1,76,"Cao tốc Hoài Nhơn-Quy Nhơn, Xã Hòa Hội, Tỉnh Gia Lai",0.0,5.0,1,0,-2.7999999999999545,-0.559999999999991,398.3,4.1464442598316715,5.0,1,Moving,0,0,0,0,0,VALID,VALID
92H-07095,2026-08-01 08:15:00,391.3,79,"Cao tốc Hoài Nhơn-Quy Nhơn, Xã Phù Mỹ Nam, Tỉnh Gia Lai",0.0,5.0,1,0,-2.8000000000000114,-0.5600000000000023,396.9,3.5111251757650366,5.0,1,Moving,0,0,0,0,0,VALID,VALID
92H-07095,2026-08-01 08:20:00,389.4,79,"Xã Phù Mỹ Nam, Tỉnh Gia Lai",0.0,5.0,1,0,-1.900000000000034,-0.38000000000000683,394.1,3.720215047533039,5.0,1,Moving,0,0,0,0,0,VALID,VALID
92H-07095,2026-08-01 08:25:00,386.3,80,"Cao tốc Hoài Nhơn-Quy Nhơn, Xã Phù Mỹ Tây, Tỉnh Gia Lai",0.0,5.0,1,0,-3.099999999999966,-0.6199999999999932,391.3,4.103656905723389,5.0,1,Moving,0,0,0,0,0,VALID,VALID
92H-07095,2026-08-01 08:30:00,380.0,67,"Cao tốc Hoài Nhơn-Quy Nhơn, Xã Hoài Ân, Tỉnh Gia Lai",0.0,5.0,1,0,-6.300000000000011,-1.2600000000000022,389.4,5.401573844713367,5.0,1,Moving,0,0,0,0,0,VALID,VALID
92H-07095,2026-08-01 08:35:00,382.8,73,"Cao tốc Hoài Nhơn-Quy Nhơn, Xã Hoài Ân, Tỉnh Gia Lai",0.0,5.0,1,0,2.8000000000000114,0.5600000000000023,386.3,4.636054356874117,5.0,1,Moving,0,0,0,0,0,VALID,VALID
92H-07095,2026-08-01 08:40:00,380.4,79,"Cao tốc Hoài Nhơn-Quy Nhơn, Xã Hoài Ân, Tỉnh Gia Lai",0.0,5.0,1,0,-2.400000000000034,-0.4800000000000068,382.8,4.0189550880659795,5.0,1,Moving,0,0,0,0,0,VALID,VALID
92H-07095,2026-08-01 08:45:00,378.5,78,"Cao tốc Quảng Ngãi-Hoài Nhơn, Xã Ân Hảo, Tỉnh Gia Lai",0.0,5.0,1,0,-1.8999999999999773,-0.37999999999999545,380.4,3.04712979702071,5.0,1,Moving,0,0,0,0,0,VALID,VALID
92H-07095,2026-08-01 08:50:00,376.5,83,"Cao tốc Quảng Ngãi-Hoài Nhơn, Phường Hoài Nhơn Nam, Tỉnh Gia Lai",0.0,5.0,1,0,-2.0,-0.4,380.0,2.337306141670681,5.0,1,Moving,0,0,0,0,0,VALID,VALID
92H-07095,2026-08-01 08:55:00,375.0,71,"Cao tốc Quảng Ngãi-Hoài Nhơn, Phường Hoài Nhơn Tây, Tỉnh Gia Lai",0.0,5.0,1,0,-1.5,-0.3,378.5,3.0924100633472626,5.0,1,Moving,0,0,0,0,0,VALID,VALID
92H-07095,2026-08-01 09:00:00,372.3,80,"Cao tốc Quảng Ngãi-Hoài Nhơn, Phường Hoài Nhơn Bắc, Tỉnh Gia Lai",0.0,5.0,1,0,-2.6999999999999886,-0.5399999999999977,376.5,3.1261797772826867,5.0,1,Moving,0,0,0,0,0,VALID,VALID
92H-07095,2026-08-01 09:05:00,370.1,79,"Cao tốc Quảng Ngãi-Hoài Nhơn, Phường Hoài Nhơn Bắc, Tỉnh Gia Lai",0.0,5.0,1,0,-2.1999999999999886,-0.4399999999999977,375.0,3.333466663983755,5.0,1,Moving,0,0,0,0,0,VALID,VALID
92H-07095,2026-08-01 09:10:00,362.6,0,"Cao tốc Quảng Ngãi-Hoài Nhơn, Phường Hoài Nhơn Bắc, Tỉnh Gia Lai",0.0,5.0,1,0,-7.5,-1.5,372.3,5.451146668352503,5.0,1,Stopped,0,0,0,0,0,VALID,VALID
92H-07095,2026-08-01 09:15:00,369.8,75,"Cao tốc Quảng Ngãi-Hoài Nhơn, Xã Khánh Cường, Tỉnh Quảng Ngãi",0.0,5.0,1,0,7.199999999999989,1.4399999999999977,370.1,4.612266254228006,5.0,1,Moving,0,0,0,0,0,VALID,VALID
92H-07095,2026-08-01 09:20:00,362.2,0,"Cao tốc Quảng Ngãi-Hoài Nhơn, Xã Khánh Cường, Tỉnh Quảng Ngãi",0.0,5.0,1,0,-7.600000000000023,-1.5200000000000045,369.8,4.667440412034242,5.0,1,Stopped,0,0,0,0,0,VALID,VALID
92H-07095,2026-08-01 09:25:00,362.2,74,"Cao tốc Quảng Ngãi-Hoài Nhơn, Phường Đức Phổ, Tỉnh Quảng Ngãi",0.0,5.0,1,0,0.0,0.0,362.6,4.176362053257616,5.0,1,Moving,0,0,0,0,0,VALID,VALID
92H-07095,2026-08-01 09:30:00,360.1,76,"Cao tốc Quảng Ngãi-Hoài Nhơn, Xã Nguyễn Nghiêm, Tỉnh Quảng Ngãi",0.0,5.0,1,0,-2.099999999999966,-0.41999999999999316,362.2,3.7204838394877866,5.0,1,Moving,0,0,0,0,0,VALID,VALID
92H-07095,2026-08-01 09:35:00,358.4,79,"Cao tốc Quảng Ngãi-Hoài Nhơn, Xã Mộ Đức, Tỉnh Quảng Ngãi",0.0,5.0,1,0,-1.7000000000000455,-0.3400000000000091,362.2,4.359816509887745,5.0,1,Moving,0,0,0,0,0,VALID,VALID
92H-07095,2026-08-01 09:40:00,356.0,75,"Cao tốc Quảng Ngãi-Hoài Nhơn, Xã Đình Cương, Tỉnh Quảng Ngãi",0.0,5.0,1,0,-2.3999999999999773,-0.47999999999999543,360.1,2.6461292485231143,5.0,1,Moving,0,0,0,0,0,VALID,VALID
92H-07095,2026-08-01 09:45:00,354.4,68,"Cao tốc Quảng Ngãi-Hoài Nhơn, Xã Đình Cương, Tỉnh Quảng Ngãi",0.0,5.0,1,0,-1.6000000000000227,-0.32000000000000456,358.4,3.119615360888172,5.0,1,Moving,0,0,0,0,0,VALID,VALID
92H-07095,2026-08-01 09:50:00,351.6,79,"Cao tốc Quảng Ngãi-Hoài Nhơn, Xã Phước Giang, Tỉnh Quảng Ngãi",0.0,5.0,1,0,-2.7999999999999545,-0.559999999999991,356.0,3.3331666624831784,5.0,1,Moving,0,0,0,0,0,VALID,VALID
92H-07095,2026-08-01 09:55:00,350.6,71,"Cao tốc Quảng Ngãi-Hoài Nhơn, Xã Nghĩa Giang, Tỉnh Quảng Ngãi",0.0,5.0,1,0,-1.0,-0.2,354.4,3.187475490084439,5.0,1,Moving,0,0,0,0,0,VALID,VALID
92H-07095,2026-08-01 10:00:00,347.5,79,"Cao tốc Đà Nẵng-Quảng Ngãi, Xã Sơn Tịnh, Tỉnh Quảng Ngãi",0.0,5.0,1,0,-3.1000000000000227,-0.6200000000000045,351.6,3.3214454684502943,5.0,1,Moving,0,0,0,0,0,VALID,VALID
92H-07095,2026-08-01 10:05:00,344.4,79,"Cao tốc Đà Nẵng-Quảng Ngãi, Xã Thọ Phong, Tỉnh Quảng Ngãi",0.0,5.0,1,0,-3.1000000000000227,-0.6200000000000045,350.6,3.8548670534648752,5.0,1,Moving,0,0,0,0,0,VALID,VALID
92H-07095,2026-08-01 10:10:00,340.3,79,"Cao tốc Đà Nẵng-Quảng Ngãi, Xã Bình Sơn, Tỉnh Quảng Ngãi",0.0,5.0,1,0,-4.099999999999966,-0.8199999999999932,347.5,4.635407209716197,5.0,1,Moving,0,0,0,0,0,VALID,VALID
92H-07095,2026-08-01 10:15:00,340.6,80,"Cao tốc Đà Nẵng-Quảng Ngãi, Xã Bình Sơn, Tỉnh Quảng Ngãi",0.0,5.0,1,0,0.30000000000001137,0.060000000000002274,344.4,4.441508752652499,5.0,1,Moving,0,0,0,0,0,VALID,VALID
92H-07095,2026-08-01 10:20:00,337.5,80,"Cao tốc Đà Nẵng-Quảng Ngãi, Xã Núi Thành, TP Đà Nẵng",0.0,5.0,1,0,-3.1000000000000227,-0.6200000000000045,340.6,3.9080685766614525,5.0,1,Moving,0,0,0,0,0,VALID,VALID
92H-07095,2026-08-01 10:25:00,339.1,0,"Xã Núi Thành, TP Đà Nẵng",0.0,5.0,1,0,1.6000000000000227,0.32000000000000456,340.3,2.556755756791923,5.0,1,Stopped,0,0,0,0,0,VALID,VALID
92H-07095,2026-08-01 10:30:00,338.8,0,"Xã Núi Thành, TP Đà Nẵng",0.0,5.0,1,0,-0.30000000000001137,-0.060000000000002274,339.1,1.2461942063292863,5.0,1,Stopped,0,0,0,0,0,VALID,VALID
92H-07095,2026-08-01 10:35:00,338.7,0,"Xã Núi Thành, TP Đà Nẵng",0.0,5.0,1,0,-0.10000000000002274,-0.02000000000000455,338.8,1.1104053313491753,5.0,1,Stopped,0,0,0,0,0,VALID,VALID
92H-07095,2026-08-01 10:40:00,334.0,74,"Cao tốc Đà Nẵng-Quảng Ngãi, Xã Núi Thành, TP Đà Nẵng",0.0,5.0,1,0,-4.699999999999989,-0.9399999999999977,338.7,2.113527856425986,5.0,1,Moving,0,0,0,0,0,VALID,VALID
92H-07095,2026-08-01 10:45:00,333.3,82,"Cao tốc Đà Nẵng-Quảng Ngãi, Xã Tam Mỹ, TP Đà Nẵng",0.0,5.0,1,0,-0.6999999999999886,-0.13999999999999774,338.7,2.871759042797385,5.0,1,Moving,0,0,0,0,0,VALID,VALID
92H-07095,2026-08-01 10:50:00,330.9,78,"Cao tốc Đà Nẵng-Quảng Ngãi, Xã Tam Anh, TP Đà Nẵng",0.0,5.0,1,0,-2.400000000000034,-0.4800000000000068,334.0,3.4904154480360003,5.0,1,Moving,0,0,0,0,0,VALID,VALID
92H-07095,2026-08-01 10:55:00,329.9,79,"Cao tốc Đà Nẵng-Quảng Ngãi, Xã Tam Anh, TP Đà Nẵng",0.0,5.0,1,0,-1.0,-0.2,333.3,3.4260764731523468,5.0,1,Moving,0,0,0,0,0,VALID,VALID
92H-07095,2026-08-01 11:00:00,327.8,77,"Cao tốc Đà Nẵng-Quảng Ngãi, Xã Tam Xuân, TP Đà Nẵng",0.0,5.0,1,0,-2.099999999999966,-0.41999999999999316,330.9,2.5292291315512436,5.0,1,Moving,0,0,0,0,0,VALID,VALID
92H-07095,2026-08-01 11:05:00,324.7,77,"Cao tốc Đà Nẵng-Quảng Ngãi, Xã Chiên Đàn, TP Đà Nẵng",0.0,5.0,1,0,-3.1000000000000227,-0.6200000000000045,329.9,3.252998616643872,5.0,1,Moving,0,0,0,0,0,VALID,VALID
92H-07095,2026-08-01 11:10:00,323.0,75,"Cao tốc Đà Nẵng-Quảng Ngãi, Xã Tây Hồ, TP Đà Nẵng",0.0,5.0,1,0,-1.6999999999999886,-0.33999999999999775,327.8,3.3619934562527383,5.0,1,Moving,0,0,0,0,0,VALID,VALID
92H-07095,2026-08-01 11:15:00,320.5,78,"Cao tốc Đà Nẵng-Quảng Ngãi, Xã Thăng Phú, TP Đà Nẵng",0.0,5.0,1,0,-2.5,-0.5,324.7,3.7425926842077906,5.0,1,Moving,0,0,0,0,0,VALID,VALID
92H-07095,2026-08-01 11:20:00,317.8,80,"Cao tốc Đà Nẵng-Quảng Ngãi, Xã Thăng Bình, TP Đà Nẵng",0.0,5.0,1,0,-2.6999999999999886,-0.5399999999999977,323.0,3.838359024359911,5.0,1,Moving,0,0,0,0,0,VALID,VALID
92H-07095,2026-08-01 11:25:00,314.8,0,"Quốc Lộ 14E, Xã Thăng Bình, TP Đà Nẵng",0.0,5.0,1,0,-3.0,-0.6,320.5,3.9715236370799247,5.0,1,Stopped,0,0,0,0,0,VALID,VALID
92H-07095,2026-08-01 11:30:00,315.1,55,"Xã Thăng Bình, TP Đà Nẵng",0.0,5.0,1,0,0.30000000000001137,0.060000000000002274,317.8,3.5232087647319528,5.0,1,Moving,0,0,0,0,0,VALID,VALID
92H-07095,2026-08-01 11:35:00,319.3,0,"Huỳnh Thúc Kháng, Xã Thăng Bình, TP Đà Nẵng",0.0,5.0,1,0,4.199999999999989,0.8399999999999977,317.8,2.518928343538945,5.0,1,Stopped,0,0,0,0,0,VALID,VALID
92H-07095,2026-08-01 11:40:00,313.0,55,"Quốc Lộ 1, Xã Thăng Bình, TP Đà Nẵng",0.0,5.0,1,0,-6.300000000000011,-1.2600000000000022,315.1,2.5189283435388687,5.0,1,Moving,0,0,0,0,0,VALID,VALID
92H-07095,2026-08-01 11:45:00,319.3,27,"Quốc Lộ 1, Xã Xuân Phú, TP Đà Nẵng",0.0,5.0,1,0,6.300000000000011,1.2600000000000022,315.1,2.853944638545667,5.0,1,Moving,0,0,0,0,0,VALID,VALID
92H-07095,2026-08-01 11:50:00,311.5,51,"Quốc Lộ 1, Xã Xuân Phú, TP Đà Nẵng",0.0,5.0,1,0,-7.800000000000011,-1.5600000000000023,315.1,3.577429244567018,5.0,1,Moving,0,0,0,0,0,VALID,VALID
92H-07095,2026-08-01 11:55:00,309.9,47,"Quốc Lộ 1, Xã Nam Phước, TP Đà Nẵng",0.0,5.0,1,0,-1.6000000000000227,-0.32000000000000456,313.0,4.428317965083713,5.0,1,Moving,0,0,0,0,0,VALID,VALID
92H-07095,2026-08-01 12:00:00,309.9,0,"Nguyễn Hoàng, Xã Nam Phước, TP Đà Nẵng",0.0,5.0,1,0,0.0,0.0,311.5,3.8976916245237723,5.0,1,Stopped,0,0,0,0,0,VALID,VALID
92H-07095,2026-08-01 12:05:00,309.3,0,"Nguyễn Hoàng, Xã Nam Phước, TP Đà Nẵng",0.0,5.0,1,0,-0.5999999999999659,-0.11999999999999318,309.9,4.172768864900446,5.0,1,Stopped,0,0,0,0,0,VALID,VALID
92H-07095,2026-08-01 12:10:00,307.1,0,"Nguyễn Hoàng, Xã Nam Phước, TP Đà Nẵng",0.0,5.0,1,0,-2.1999999999999886,-0.4399999999999977,309.9,1.5899685531109908,5.0,1,Stopped,0,0,0,0,0,VALID,VALID
92H-07095,2026-08-01 12:15:00,307.1,0,"Nguyễn Hoàng, Xã Nam Phước, TP Đà Nẵng",0.0,5.0,1,0,0.0,0.0,309.3,1.4449913494141229,5.0,1,Stopped,0,0,0,0,0,VALID,VALID
92H-07095,2026-08-01 12:20:00,307.1,0,"Nguyễn Hoàng, Xã Nam Phước, TP Đà Nẵng",0.0,5.0,1,0,0.0,0.0,307.1,1.3856406460123551,5.0,1,Stopped,0,0,0,0,0,VALID,VALID
92H-07095,2026-08-01 12:25:00,307.1,0,"Nguyễn Hoàng, Xã Nam Phước, TP Đà Nẵng",0.0,5.0,1,0,0.0,0.0,307.1,0.9838699100396424,5.0,1,Stopped,0,0,0,0,0,VALID,VALID
92H-07095,2026-08-01 12:30:00,307.1,0,"Nguyễn Hoàng, Xã Nam Phước, TP Đà Nẵng",0.0,5.0,1,0,0.0,0.0,307.1,0.0,5.0,1,Stopped,0,0,0,0,0,VALID,VALID
92H-07095,2026-08-01 12:35:00,307.4,0,"Nguyễn Hoàng, Xã Nam Phước, TP Đà Nẵng",0.0,5.0,1,0,0.2999999999999545,0.05999999999999091,307.1,0.13416407820769513,5.0,1,Stopped,0,0,0,0,0,VALID,VALID
92H-07095,2026-08-01 12:40:00,307.4,0,"Nguyễn Hoàng, Xã Nam Phước, TP Đà Nẵng",0.0,5.0,1,0,0.0,0.0,307.1,0.16431676689045357,5.0,1,Stopped,0,0,0,0,0,VALID,VALID
92H-07095,2026-08-01 12:45:00,307.4,0,"Nguyễn Hoàng, Xã Nam Phước, TP Đà Nẵng",0.0,5.0,1,0,0.0,0.0,307.4,0.1643167668904938,5.0,1,Stopped,0,0,0,0,0,VALID,VALID
92H-07095,2026-08-01 12:50:00,307.4,0,"Nguyễn Hoàng, Xã Nam Phước, TP Đà Nẵng",0.0,5.0,1,0,0.0,0.0,307.4,0.1341640782078429,5.0,1,Stopped,0,0,0,0,0,VALID,VALID
92H-07095,2026-08-01 12:55:00,307.4,0,"Nguyễn Hoàng, Xã Nam Phước, TP Đà Nẵng",0.0,5.0,1,0,0.0,0.0,307.4,0.0,5.0,1,Stopped,0,0,0,0,0,VALID,VALID
92H-07095,2026-08-01 13:00:00,307.4,0,"Nguyễn Hoàng, Xã Nam Phước, TP Đà Nẵng",0.0,5.0,1,0,0.0,0.0,307.4,0.0,5.0,1,Stopped,0,0,0,0,0,VALID,VALID
92H-07095,2026-08-01 13:05:00,307.4,0,"Nguyễn Hoàng, Xã Nam Phước, TP Đà Nẵng",0.0,5.0,1,0,0.0,0.0,307.4,0.0,5.0,1,Stopped,0,0,0,0,0,VALID,VALID
92H-07095,2026-08-01 13:10:00,307.0,0,"Nguyễn Hoàng, Xã Nam Phước, TP Đà Nẵng",0.0,5.0,1,0,-0.39999999999997726,-0.07999999999999545,307.4,0.17888543786835925,5.0,1,Stopped,0,0,0,0,0,VALID,VALID
92H-07095,2026-08-01 13:15:00,307.0,0,"Nguyễn Hoàng, Xã Nam Phước, TP Đà Nẵng",0.0,5.0,1,0,0.0,0.0,307.4,0.21908902273124514,5.0,1,Stopped,0,0,0,0,0,VALID,VALID
92H-07095,2026-08-01 13:20:00,307.0,0,"Nguyễn Hoàng, Xã Nam Phước, TP Đà Nẵng",0.0,5.0,1,0,0.0,0.0,307.0,0.21908902273120492,5.0,1,Stopped,0,0,0,0,0,VALID,VALID
92H-07095,2026-08-01 13:25:00,307.0,0,"Nguyễn Hoàng, Xã Nam Phước, TP Đà Nẵng",0.0,5.0,1,0,0.0,0.0,307.0,0.17888543786821148,5.0,1,Stopped,0,0,0,0,0,VALID,VALID
92H-07095,2026-08-01 13:30:00,307.0,0,"Nguyễn Hoàng, Xã Nam Phước, TP Đà Nẵng",0.0,5.0,1,0,0.0,0.0,307.0,0.0,5.0,1,Stopped,0,0,0,0,0,VALID,VALID
92H-07095,2026-08-01 13:35:00,307.0,0,"Nguyễn Hoàng, Xã Nam Phước, TP Đà Nẵng",0.0,5.0,1,0,0.0,0.0,307.0,0.0,5.0,1,Stopped,0,0,0,0,0,VALID,VALID
92H-07095,2026-08-01 13:40:00,307.0,0,"Nguyễn Hoàng, Xã Nam Phước, TP Đà Nẵng",0.0,5.0,1,0,0.0,0.0,307.0,0.0,5.0,1,Stopped,0,0,0,0,0,VALID,VALID
92H-07095,2026-08-01 13:45:00,307.0,0,"Nguyễn Hoàng, Xã Nam Phước, TP Đà Nẵng",0.0,5.0,1,0,0.0,0.0,307.0,0.0,5.0,1,Stopped,0,0,0,0,0,VALID,VALID
92H-07095,2026-08-01 13:50:00,307.0,0,"Nguyễn Hoàng, Xã Nam Phước, TP Đà Nẵng",0.0,5.0,1,0,0.0,0.0,307.0,0.0,5.0,1,Stopped,0,0,0,0,0,VALID,VALID
92H-07095,2026-08-01 13:55:00,307.0,0,"Nguyễn Hoàng, Xã Nam Phước, TP Đà Nẵng",0.0,5.0,1,0,0.0,0.0,307.0,0.0,5.0,1,Stopped,0,0,0,0,0,VALID,VALID
92H-07095,2026-08-01 14:00:00,307.0,0,"Nguyễn Hoàng, Xã Nam Phước, TP Đà Nẵng",0.0,5.0,1,0,0.0,0.0,307.0,0.0,5.0,1,Stopped,0,0,0,0,0,VALID,VALID
92H-07095,2026-08-01 14:05:00,307.0,0,"Nguyễn Hoàng, Xã Nam Phước, TP Đà Nẵng",0.0,5.0,1,0,0.0,0.0,307.0,0.0,5.0,1,Stopped,0,0,0,0,0,VALID,VALID
92H-07095,2026-08-01 14:10:00,307.0,0,"Nguyễn Hoàng, Xã Nam Phước, TP Đà Nẵng",0.0,5.0,1,0,0.0,0.0,307.0,0.0,5.0,1,Stopped,0,0,0,0,0,VALID,VALID
92H-07095,2026-08-01 14:15:00,307.0,0,"Nguyễn Hoàng, Xã Nam Phước, TP Đà Nẵng",0.0,5.0,1,0,0.0,0.0,307.0,0.0,5.0,1,Stopped,0,0,0,0,0,VALID,VALID
92H-07095,2026-08-01 14:20:00,307.0,0,"Nguyễn Hoàng, Xã Nam Phước, TP Đà Nẵng",0.0,5.0,1,0,0.0,0.0,307.0,0.0,5.0,1,Stopped,0,0,0,0,0,VALID,VALID
92H-07095,2026-08-01 14:25:00,307.0,0,"Nguyễn Hoàng, Xã Nam Phước, TP Đà Nẵng",0.0,5.0,1,0,0.0,0.0,307.0,0.0,5.0,1,Stopped,0,0,0,0,0,VALID,VALID
92H-07095,2026-08-01 14:30:00,307.0,0,"Nguyễn Hoàng, Xã Nam Phước, TP Đà Nẵng",0.0,5.0,1,0,0.0,0.0,307.0,0.0,5.0,1,Stopped,0,0,0,0,0,VALID,VALID
92H-07095,2026-08-01 14:35:00,307.0,0,"Nguyễn Hoàng, Xã Nam Phước, TP Đà Nẵng",0.0,5.0,1,0,0.0,0.0,307.0,0.0,5.0,1,Stopped,0,0,0,0,0,VALID,VALID
92H-07095,2026-08-01 14:40:00,306.8,0,"Nguyễn Hoàng, Xã Nam Phước, TP Đà Nẵng",0.0,5.0,1,0,-0.19999999999998863,-0.039999999999997725,307.0,0.08944271843632685,5.0,1,Stopped,0,0,0,0,0,VALID,VALID
92H-07095,2026-08-01 14:45:00,306.8,0,"Nguyễn Hoàng, Xã Nam Phước, TP Đà Nẵng",0.0,5.0,1,0,0.0,0.0,307.0,0.10954451095912586,5.0,1,Stopped,0,0,0,0,0,VALID,VALID
92H-07095,2026-08-01 14:50:00,306.8,0,"Nguyễn Hoàng, Xã Nam Phước, TP Đà Nẵng",0.0,5.0,1,0,0.0,0.0,306.8,0.10954451095911419,5.0,1,Stopped,0,0,0,0,0,VALID,VALID
92H-07095,2026-08-01 14:55:00,306.8,0,"Nguyễn Hoàng, Xã Nam Phước, TP Đà Nẵng",0.0,5.0,1,0,0.0,0.0,306.8,0.08944271843628394,5.0,1,Stopped,0,0,0,0,0,VALID,VALID
92H-07095,2026-08-01 15:00:00,306.8,0,"Nguyễn Hoàng, Xã Nam Phước, TP Đà Nẵng",0.0,5.0,1,0,0.0,0.0,306.8,0.0,5.0,1,Stopped,0,0,0,0,0,VALID,VALID
92H-07095,2026-08-01 15:05:00,306.8,0,"Nguyễn Hoàng, Xã Nam Phước, TP Đà Nẵng",0.0,5.0,1,0,0.0,0.0,306.8,0.0,5.0,1,Stopped,0,0,0,0,0,VALID,VALID
92H-07095,2026-08-01 15:10:00,306.8,0,"Nguyễn Hoàng, Xã Nam Phước, TP Đà Nẵng",0.0,5.0,1,0,0.0,0.0,306.8,0.0,5.0,1,Stopped,0,0,0,0,0,VALID,VALID
92H-07095,2026-08-01 15:15:00,306.8,0,"Nguyễn Hoàng, Xã Nam Phước, TP Đà Nẵng",0.0,5.0,1,0,0.0,0.0,306.8,0.0,5.0,1,Stopped,0,0,0,0,0,VALID,VALID
92H-07095,2026-08-01 15:20:00,306.8,0,"Nguyễn Hoàng, Xã Nam Phước, TP Đà Nẵng",0.0,5.0,1,0,0.0,0.0,306.8,0.0,5.0,1,Stopped,0,0,0,0,0,VALID,VALID
92H-07095,2026-08-01 15:25:00,306.1,46,"Hoàng Sa, Xã Nam Phước, TP Đà Nẵng",0.0,5.0,1,0,-0.6999999999999886,-0.13999999999999774,306.8,0.3130495166603734,5.0,1,Moving,0,0,0,0,0,VALID,VALID
92H-07095,2026-08-01 15:30:00,304.9,50,"Quốc Lộ 1, Phường Điện Bàn, TP Đà Nẵng",0.0,5.0,1,0,-1.2000000000000455,-0.2400000000000091,306.8,0.828854631332536,5.0,1,Moving,0,0,0,0,0,VALID,VALID
92H-07095,2026-08-01 15:35:00,302.7,48,"Quốc Lộ 1, Phường An Thắng, TP Đà Nẵng",0.0,5.0,1,0,-2.1999999999999886,-0.4399999999999977,306.1,1.7271363582188806,5.0,1,Moving,0,0,0,0,0,VALID,VALID
92H-07095,2026-08-01 15:40:00,302.9,48,"Quốc Lộ 1, Phường Điện Bàn Bắc, TP Đà Nẵng",0.0,5.0,1,0,0.19999999999998863,0.039999999999997725,304.9,1.8471599822110034,5.0,1,Moving,0,0,0,0,0,VALID,VALID
92H-07095,2026-08-01 15:45:00,298.5,39,"Quốc Lộ 1, Phường Hòa Xuân, TP Đà Nẵng",0.0,5.0,1,0,-4.399999999999977,-0.8799999999999955,302.9,2.8968948893396305,5.0,1,Moving,0,0,0,0,0,VALID,VALID
92H-07095,2026-08-01 15:50:00,303.2,0,"Quốc Lộ 1, Phường Hòa Xuân, TP Đà Nẵng",0.0,5.0,1,0,4.699999999999989,0.9399999999999977,302.9,2.3681216184736282,5.0,1,Stopped,0,0,0,0,0,VALID,VALID
92H-07095,2026-08-01 15:55:00,298.8,42,"Trường Chinh, Phường Cẩm Lệ, TP Đà Nẵng",0.0,5.0,1,0,-4.399999999999977,-0.8799999999999955,302.7,2.355206997247282,5.0,1,Moving,0,0,0,0,0,VALID,VALID
92H-07095,2026-08-01 16:00:00,290.8,39,"Trường Sơn, Phường Cẩm Lệ, TP Đà Nẵng",0.0,5.0,1,0,-8.0,-1.6,298.8,5.006296035981433,5.0,1,Moving,0,0,0,0,0,VALID,VALID
92H-07095,2026-08-01 16:05:00,294.5,42,"Trường Sơn, Phường Cẩm Lệ, TP Đà Nẵng",0.0,5.0,1,0,3.6999999999999886,0.7399999999999978,298.5,4.703509328138302,5.0,1,Moving,0,0,0,0,0,VALID,VALID
92H-07095,2026-08-01 16:10:00,300.4,0,"Phường Cẩm Lệ, TP Đà Nẵng",0.0,5.0,1,0,5.899999999999977,1.1799999999999955,298.8,4.9110080431499865,5.0,1,Stopped,0,0,0,0,0,VALID,VALID
92H-07095,2026-08-01 16:15:00,296.7,0,"Phường Cẩm Lệ, TP Đà Nẵng",0.0,5.0,1,0,-3.6999999999999886,-0.7399999999999978,296.7,3.764704503660857,5.0,1,Stopped,0,0,0,0,0,VALID,VALID
92H-07095,2026-08-01 16:20:00,296.7,0,"Phường Cẩm Lệ, TP Đà Nẵng",0.0,5.0,1,0,0.0,0.0,296.7,3.5166745655355207,5.0,1,Stopped,0,0,0,0,0,VALID,VALID
92H-07095,2026-08-01 16:25:00,296.7,0,"Phường Cẩm Lệ, TP Đà Nẵng",0.0,5.0,1,0,0.0,0.0,296.7,2.12602916251968,5.0,1,Stopped,0,0,0,0,0,VALID,VALID
92H-07095,2026-08-01 16:30:00,296.8,0,"Phường Cẩm Lệ, TP Đà Nẵng",0.0,5.0,1,0,0.10000000000002274,0.02000000000000455,296.7,1.6440802899749167,5.0,1,Stopped,0,0,0,0,0,VALID,VALID
92H-07095,2026-08-01 16:35:00,296.8,0,"Phường Cẩm Lệ, TP Đà Nẵng",0.0,5.0,1,0,0.0,0.0,296.7,0.05477225469364578,5.0,1,Stopped,0,0,0,0,0,VALID,VALID
92H-07095,2026-08-01 16:40:00,296.8,0,"Phường Cẩm Lệ, TP Đà Nẵng",0.0,5.0,1,0,0.0,0.0,296.8,0.05477225469358221,5.0,1,Stopped,0,0,0,0,0,VALID,VALID
92H-07095,2026-08-01 16:45:00,296.8,0,"Phường Cẩm Lệ, TP Đà Nẵng",0.0,5.0,1,0,0.0,0.0,296.8,0.044721358255428334,5.0,1,Stopped,0,0,0,0,0,VALID,VALID
92H-07095,2026-08-01 16:50:00,296.8,0,"Phường Cẩm Lệ, TP Đà Nẵng",0.0,5.0,1,0,0.0,0.0,296.8,0.0,5.0,1,Stopped,0,0,0,0,0,VALID,VALID
92H-07095,2026-08-01 16:55:00,296.8,0,"Phường Cẩm Lệ, TP Đà Nẵng",0.0,5.0,1,0,0.0,0.0,296.8,0.0,5.0,1,Stopped,0,0,0,0,0,VALID,VALID
92H-07095,2026-08-01 17:00:00,296.8,0,"Phường Cẩm Lệ, TP Đà Nẵng",0.0,5.0,1,0,0.0,0.0,296.8,0.0,5.0,1,Stopped,0,0,0,0,0,VALID,VALID
92H-07095,2026-08-01 17:05:00,296.8,0,"Phường Cẩm Lệ, TP Đà Nẵng",0.0,5.0,1,0,0.0,0.0,296.8,0.0,5.0,1,Stopped,0,0,0,0,0,VALID,VALID
92H-07095,2026-08-01 17:10:00,296.8,0,"Phường Cẩm Lệ, TP Đà Nẵng",0.0,5.0,1,0,0.0,0.0,296.8,0.0,5.0,1,Stopped,0,0,0,0,0,VALID,VALID
92H-07095,2026-08-01 17:15:00,296.8,0,"Phường Cẩm Lệ, TP Đà Nẵng",0.0,5.0,1,0,0.0,0.0,296.8,0.0,5.0,1,Stopped,0,0,0,0,0,VALID,VALID
92H-07095,2026-08-01 17:20:00,296.8,0,"Phường Cẩm Lệ, TP Đà Nẵng",0.0,5.0,1,0,0.0,0.0,296.8,0.0,5.0,1,Stopped,0,0,0,0,0,VALID,VALID
92H-07095,2026-08-01 17:25:00,296.8,0,"Phường Cẩm Lệ, TP Đà Nẵng",0.0,5.0,1,0,0.0,0.0,296.8,0.0,5.0,1,Stopped,0,0,0,0,0,VALID,VALID
92H-07095,2026-08-01 17:30:00,296.8,0,"Phường Cẩm Lệ, TP Đà Nẵng",0.0,5.0,1,0,0.0,0.0,296.8,0.0,5.0,1,Stopped,0,0,0,0,0,VALID,VALID
92H-07095,2026-08-01 17:35:00,296.8,0,"Phường Cẩm Lệ, TP Đà Nẵng",0.0,5.0,1,0,0.0,0.0,296.8,0.0,5.0,1,Stopped,0,0,0,0,0,VALID,VALID
92H-07095,2026-08-01 17:40:00,296.8,0,"Phường Cẩm Lệ, TP Đà Nẵng",0.0,5.0,1,0,0.0,0.0,296.8,0.0,5.0,1,Stopped,0,0,0,0,0,VALID,VALID
92H-07095,2026-08-01 17:45:00,296.8,0,"Phường Cẩm Lệ, TP Đà Nẵng",0.0,5.0,1,0,0.0,0.0,296.8,0.0,5.0,1,Stopped,0,0,0,0,0,VALID,VALID
92H-07095,2026-08-01 17:50:00,296.8,0,"Phường Cẩm Lệ, TP Đà Nẵng",0.0,5.0,1,0,0.0,0.0,296.8,0.0,5.0,1,Stopped,0,0,0,0,0,VALID,VALID
92H-07095,2026-08-01 17:55:00,296.8,0,"Phường Cẩm Lệ, TP Đà Nẵng",0.0,5.0,1,0,0.0,0.0,296.8,0.0,5.0,1,Stopped,0,0,0,0,0,VALID,VALID
92H-07095,2026-08-01 18:00:00,296.8,0,"Phường Cẩm Lệ, TP Đà Nẵng",0.0,5.0,1,0,0.0,0.0,296.8,0.0,5.0,1,Stopped,0,0,0,0,0,VALID,VALID
92H-07095,2026-08-01 18:05:00,296.8,0,"Phường Cẩm Lệ, TP Đà Nẵng",0.0,5.0,1,0,0.0,0.0,296.8,0.0,5.0,1,Stopped,0,0,0,0,0,VALID,VALID
92H-07095,2026-08-01 18:10:00,296.8,0,"Phường Cẩm Lệ, TP Đà Nẵng",0.0,5.0,1,0,0.0,0.0,296.8,0.0,5.0,1,Stopped,0,0,0,0,0,VALID,VALID
92H-07095,2026-08-01 18:15:00,296.8,0,"Phường Cẩm Lệ, TP Đà Nẵng",0.0,5.0,1,0,0.0,0.0,296.8,0.0,5.0,1,Stopped,0,0,0,0,0,VALID,VALID
92H-07095,2026-08-01 18:20:00,296.8,0,"Phường Cẩm Lệ, TP Đà Nẵng",0.0,5.0,1,0,0.0,0.0,296.8,0.0,5.0,1,Stopped,0,0,0,0,0,VALID,VALID
92H-07095,2026-08-01 18:25:00,296.4,0,"Phường Cẩm Lệ, TP Đà Nẵng",0.0,5.0,1,0,-0.4000000000000341,-0.08000000000000682,296.8,0.1788854378764112,5.0,1,Stopped,0,0,0,0,0,VALID,VALID
92H-07095,2026-08-01 18:30:00,291.6,41,"Trường Sơn, Phường Cẩm Lệ, TP Đà Nẵng",0.0,5.0,1,0,-4.7999999999999545,-0.9599999999999909,296.8,2.287356552854081,5.0,1,Moving,0,0,0,0,0,VALID,VALID
92H-07095,2026-08-01 18:35:00,287.0,35,"Trường Sơn, Phường Cẩm Lệ, TP Đà Nẵng",0.0,5.0,1,0,-4.600000000000023,-0.9200000000000046,296.4,4.353389484055513,5.0,1,Moving,0,0,0,0,0,VALID,VALID
92H-07095,2026-08-01 18:40:00,292.0,39,"Trường Sơn, Xã Bà Nà, TP Đà Nẵng",0.0,5.0,1,0,5.0,1.0,292.0,4.0209451625066235,5.0,1,Moving,0,0,0,0,0,VALID,VALID
92H-07095,2026-08-01 18:45:00,291.1,62,"Hải Vân - Túy Loan, Xã Bà Nà, TP Đà Nẵng",0.0,5.0,1,0,-0.8999999999999773,-0.17999999999999544,291.6,3.339461034341569,5.0,1,Moving,0,0,0,0,0,VALID,VALID
92H-07095,2026-08-01 18:50:00,290.1,65,"Hải Vân - Túy Loan, Phường Hòa Khánh, TP Đà Nẵng",0.0,5.0,1,0,-1.0,-0.2,291.1,2.008233054176267,5.0,1,Moving,0,0,0,0,0,VALID,VALID
92H-07095,2026-08-01 18:55:00,288.2,36,"Phường Liên Chiểu, TP Đà Nẵng",0.0,5.0,1,0,-1.900000000000034,-0.38000000000000683,290.1,2.058397434871692,5.0,1,Moving,0,0,0,0,0,VALID,VALID
92H-07095,2026-08-01 19:00:00,283.2,0,"Phường Liên Chiểu, TP Đà Nẵng",0.0,5.0,1,0,-5.0,-1.0,290.1,3.495282535058737,5.0,1,Stopped,0,0,0,0,0,VALID,VALID
92H-07095,2026-08-01 19:05:00,287.7,0,"Phường Liên Chiểu, TP Đà Nẵng",0.0,5.0,1,0,4.5,0.9,288.2,3.0484422251187406,5.0,1,Stopped,0,0,0,0,0,VALID,VALID
92H-07095,2026-08-01 19:10:00,284.8,0,"Phường Liên Chiểu, TP Đà Nẵng",0.0,5.0,1,0,-2.8999999999999773,-0.5799999999999954,287.7,2.7667670664309982,5.0,1,Stopped,0,0,0,0,0,VALID,VALID
92H-07095,2026-08-01 19:15:00,284.8,0,"Phường Liên Chiểu, TP Đà Nẵng",0.0,5.0,1,0,0.0,0.0,284.8,2.1279097724968166,5.0,1,Stopped,0,0,0,0,0,VALID,VALID
92H-07095,2026-08-01 19:20:00,284.8,0,"Phường Liên Chiểu, TP Đà Nẵng",0.0,5.0,1,0,0.0,0.0,284.8,1.630337388360976,5.0,1,Stopped,0,0,0,0,0,VALID,VALID
92H-07095,2026-08-01 19:25:00,284.8,0,"Phường Liên Chiểu, TP Đà Nẵng",0.0,5.0,1,0,0.0,0.0,284.8,1.2969194269065358,5.0,1,Stopped,0,0,0,0,0,VALID,VALID
92H-07095,2026-08-01 19:30:00,284.8,0,"Phường Liên Chiểu, TP Đà Nẵng",0.0,5.0,1,0,0.0,0.0,284.8,0.0,5.0,1,Stopped,0,0,0,0,0,VALID,VALID
92H-07095,2026-08-01 19:35:00,284.8,0,"Phường Liên Chiểu, TP Đà Nẵng",0.0,5.0,1,0,0.0,0.0,284.8,0.0,5.0,1,Stopped,0,0,0,0,0,VALID,VALID
92H-07095,2026-08-01 19:40:00,284.8,0,"Phường Liên Chiểu, TP Đà Nẵng",0.0,5.0,1,0,0.0,0.0,284.8,0.0,5.0,1,Stopped,0,0,0,0,0,VALID,VALID
92H-07095,2026-08-01 19:45:00,284.8,0,"Phường Liên Chiểu, TP Đà Nẵng",0.0,5.0,1,0,0.0,0.0,284.8,0.0,5.0,1,Stopped,0,0,0,0,0,VALID,VALID
92H-07095,2026-08-01 19:50:00,284.8,0,"Phường Liên Chiểu, TP Đà Nẵng",0.0,5.0,1,0,0.0,0.0,284.8,0.0,5.0,1,Stopped,0,0,0,0,0,VALID,VALID
92H-07095,2026-08-01 19:55:00,284.8,0,"Phường Liên Chiểu, TP Đà Nẵng",0.0,5.0,1,0,0.0,0.0,284.8,0.0,5.0,1,Stopped,0,0,0,0,0,VALID,VALID
92H-07095,2026-08-01 20:00:00,284.8,0,"Phường Liên Chiểu, TP Đà Nẵng",0.0,5.0,1,0,0.0,0.0,284.8,0.0,5.0,1,Stopped,0,0,0,0,0,VALID,VALID
92H-07095,2026-08-01 20:05:00,286.0,37,"Phường Liên Chiểu, TP Đà Nẵng",0.0,5.0,1,0,1.1999999999999886,0.23999999999999772,284.8,0.5366563144952831,5.0,1,Moving,0,0,0,0,0,VALID,VALID
92H-07095,2026-08-01 20:10:00,282.6,64,"Hải Vân - Túy Loan, Phường Hòa Khánh, TP Đà Nẵng",0.0,5.0,1,0,-3.3999999999999773,-0.6799999999999955,284.8,1.2328828005482806,5.0,1,Moving,0,0,0,0,0,VALID,VALID
92H-07095,2026-08-01 20:15:00,281.4,57,"Hải Vân - Túy Loan, Phường Hòa Khánh, TP Đà Nẵng",0.0,5.0,1,0,-1.2000000000000455,-0.2400000000000091,284.8,1.8686893802577347,5.0,1,Moving,0,0,0,0,0,VALID,VALID
92H-07095,2026-08-01 20:20:00,282.0,0,"Hải Vân - Túy Loan, Xã Bà Nà, TP Đà Nẵng",0.0,5.0,1,0,0.6000000000000227,0.12000000000000455,282.6,1.9565275361947272,5.0,1,Stopped,0,0,0,0,0,VALID,VALID
92H-07095,2026-08-01 20:25:00,277.0,40,"Trường Sơn, Phường Cẩm Lệ, TP Đà Nẵng",0.0,5.0,1,0,-5.0,-1.0,282.0,3.2218007387001313,5.0,1,Moving,0,0,0,0,0,VALID,VALID
92H-07095,2026-08-01 20:30:00,279.5,0,"Trường Sơn, Phường Cẩm Lệ, TP Đà Nẵng",0.0,5.0,1,0,2.5,0.5,281.4,2.275961335323852,5.0,1,Stopped,0,0,0,0,0,VALID,VALID
92H-07095,2026-08-01 20:35:00,274.8,0,"Trường Sơn, Phường Cẩm Lệ, TP Đà Nẵng",0.0,5.0,1,0,-4.699999999999989,-0.9399999999999977,279.5,3.026218762728417,5.0,1,Stopped,0,0,0,0,0,VALID,VALID
92H-07095,2026-08-01 20:40:00,283.0,0,"Cách Mạng Tháng 8, Phường Cẩm Lệ, TP Đà Nẵng",0.0,5.0,1,0,8.199999999999989,1.6399999999999977,279.5,3.411451304047803,5.0,1,Stopped,0,0,0,0,0,VALID,VALID
92H-07095,2026-08-01 20:45:00,277.9,0,"Cách Mạng Tháng 8, Phường Cẩm Lệ, TP Đà Nẵng",0.0,5.0,1,0,-5.100000000000023,-1.0200000000000045,277.9,3.063168294411801,5.0,1,Stopped,0,0,0,0,0,VALID,VALID
92H-07095,2026-08-01 20:50:00,278.0,0,"Cách Mạng Tháng 8, Phường Cẩm Lệ, TP Đà Nẵng",0.0,5.0,1,0,0.10000000000002274,0.02000000000000455,278.0,2.9770791054135,5.0,1,Stopped,0,0,0,0,0,VALID,VALID
92H-07095,2026-08-01 20:55:00,278.0,0,"Cách Mạng Tháng 8, Phường Cẩm Lệ, TP Đà Nẵng",0.0,5.0,1,0,0.0,0.0,278.0,2.9441467354548956,5.0,1,Stopped,0,0,0,0,0,VALID,VALID
92H-07095,2026-08-01 21:00:00,277.9,0,"Cách Mạng Tháng 8, Phường Cẩm Lệ, TP Đà Nẵng",0.0,5.0,1,0,-0.10000000000002274,-0.02000000000000455,278.0,2.258982071617569,5.0,1,Stopped,0,0,0,0,0,VALID,VALID
92H-07095,2026-08-01 21:05:00,277.9,0,"Cách Mạng Tháng 8, Phường Cẩm Lệ, TP Đà Nẵng",0.0,5.0,1,0,0.0,0.0,277.9,0.054772254744776934,5.0,1,Stopped,0,0,0,0,0,VALID,VALID
92H-07095,2026-08-01 21:10:00,277.9,0,"Cách Mạng Tháng 8, Phường Cẩm Lệ, TP Đà Nẵng",0.0,5.0,1,0,0.0,0.0,277.9,0.054772254744776934,5.0,1,Stopped,0,0,0,0,0,VALID,VALID
92H-07095,2026-08-01 21:15:00,277.9,0,"Cách Mạng Tháng 8, Phường Cẩm Lệ, TP Đà Nẵng",0.0,5.0,1,0,0.0,0.0,277.9,0.04472135831825592,5.0,1,Stopped,0,0,0,0,0,VALID,VALID
92H-07095,2026-08-01 21:20:00,277.9,0,"Cách Mạng Tháng 8, Phường Cẩm Lệ, TP Đà Nẵng",0.0,5.0,1,0,0.0,0.0,277.9,0.0,5.0,1,Stopped,0,0,0,0,0,VALID,VALID
92H-07095,2026-08-01 21:25:00,277.9,0,"Cách Mạng Tháng 8, Phường Cẩm Lệ, TP Đà Nẵng",0.0,5.0,1,0,0.0,0.0,277.9,0.0,5.0,1,Stopped,0,0,0,0,0,VALID,VALID
92H-07095,2026-08-01 21:30:00,277.9,0,"Cách Mạng Tháng 8, Phường Cẩm Lệ, TP Đà Nẵng",0.0,5.0,1,0,0.0,0.0,277.9,0.0,5.0,1,Stopped,0,0,0,0,0,VALID,VALID
92H-07095,2026-08-01 21:35:00,277.9,0,"Cách Mạng Tháng 8, Phường Cẩm Lệ, TP Đà Nẵng",0.0,5.0,1,0,0.0,0.0,277.9,0.0,5.0,1,Stopped,0,0,0,0,0,VALID,VALID
92H-07095,2026-08-01 21:40:00,277.9,0,"Cách Mạng Tháng 8, Phường Cẩm Lệ, TP Đà Nẵng",0.0,5.0,1,0,0.0,0.0,277.9,0.0,5.0,1,Stopped,0,0,0,0,0,VALID,VALID
92H-07095,2026-08-01 21:45:00,277.9,0,"Cách Mạng Tháng 8, Phường Cẩm Lệ, TP Đà Nẵng",0.0,5.0,1,0,0.0,0.0,277.9,0.0,5.0,1,Stopped,0,0,0,0,0,VALID,VALID
92H-07095,2026-08-01 21:50:00,277.9,0,"Cách Mạng Tháng 8, Phường Cẩm Lệ, TP Đà Nẵng",0.0,5.0,1,0,0.0,0.0,277.9,0.0,5.0,1,Stopped,0,0,0,0,0,VALID,VALID
92H-07095,2026-08-01 21:55:00,277.9,0,"Cách Mạng Tháng 8, Phường Cẩm Lệ, TP Đà Nẵng",0.0,5.0,1,0,0.0,0.0,277.9,0.0,5.0,1,Stopped,0,0,0,0,0,VALID,VALID
92H-07095,2026-08-01 22:00:00,277.9,0,"Cách Mạng Tháng 8, Phường Cẩm Lệ, TP Đà Nẵng",0.0,5.0,1,0,0.0,0.0,277.9,0.0,5.0,1,Stopped,0,0,0,0,0,VALID,VALID
92H-07095,2026-08-01 22:05:00,277.7,0,"Cách Mạng Tháng 8, Phường Cẩm Lệ, TP Đà Nẵng",0.0,5.0,1,0,-0.19999999999998863,-0.039999999999997725,277.9,0.08944271848418774,5.0,1,Stopped,0,0,0,0,0,VALID,VALID
92H-07095,2026-08-01 22:10:00,277.6,0,"Cách Mạng Tháng 8, Phường Cẩm Lệ, TP Đà Nẵng",0.0,5.0,1,0,-0.0999999999999659,-0.01999999999999318,277.9,0.1414213558478688,5.0,1,Stopped,0,0,0,0,0,VALID,VALID
92H-07095,2026-08-01 22:15:00,277.6,0,"Cách Mạng Tháng 8, Phường Cẩm Lệ, TP Đà Nẵng",0.0,5.0,1,0,0.0,0.0,277.7,0.15165750851790852,5.0,1,Stopped,0,0,0,0,0,VALID,VALID
92H-07095,2026-08-01 22:20:00,277.6,0,"Cách Mạng Tháng 8, Phường Cẩm Lệ, TP Đà Nẵng",0.0,5.0,1,0,0.0,0.0,277.6,0.13038404768172962,5.0,1,Stopped,0,0,0,0,0,VALID,VALID
92H-07095,2026-08-01 22:25:00,277.6,0,"Cách Mạng Tháng 8, Phường Cẩm Lệ, TP Đà Nẵng",0.0,5.0,1,0,0.0,0.0,277.6,0.04472135831888425,5.0,1,Stopped,0,0,0,0,0,VALID,VALID
92H-07095,2026-08-01 22:30:00,277.6,0,"Cách Mạng Tháng 8, Phường Cẩm Lệ, TP Đà Nẵng",0.0,5.0,1,0,0.0,0.0,277.6,0.0,5.0,1,Stopped,0,0,0,0,0,VALID,VALID
92H-07095,2026-08-01 22:35:00,277.6,0,"Cách Mạng Tháng 8, Phường Cẩm Lệ, TP Đà Nẵng",0.0,5.0,1,0,0.0,0.0,277.6,0.0,5.0,1,Stopped,0,0,0,0,0,VALID,VALID
92H-07095,2026-08-01 22:40:00,277.6,0,"Cách Mạng Tháng 8, Phường Cẩm Lệ, TP Đà Nẵng",0.0,5.0,1,0,0.0,0.0,277.6,0.0,5.0,1,Stopped,0,0,0,0,0,VALID,VALID
92H-07095,2026-08-01 22:45:00,277.6,0,"Cách Mạng Tháng 8, Phường Cẩm Lệ, TP Đà Nẵng",0.0,5.0,1,0,0.0,0.0,277.6,0.0,5.0,1,Stopped,0,0,0,0,0,VALID,VALID
92H-07095,2026-08-01 22:50:00,277.6,0,"Cách Mạng Tháng 8, Phường Cẩm Lệ, TP Đà Nẵng",0.0,5.0,1,0,0.0,0.0,277.6,0.0,5.0,1,Stopped,0,0,0,0,0,VALID,VALID
92H-07095,2026-08-01 22:55:00,277.6,0,"Cách Mạng Tháng 8, Phường Cẩm Lệ, TP Đà Nẵng",0.0,5.0,1,0,0.0,0.0,277.6,0.0,5.0,1,Stopped,0,0,0,0,0,VALID,VALID
92H-07095,2026-08-01 23:00:00,277.6,0,"Cách Mạng Tháng 8, Phường Cẩm Lệ, TP Đà Nẵng",0.0,5.0,1,0,0.0,0.0,277.6,0.0,5.0,1,Stopped,0,0,0,0,0,VALID,VALID
92H-07095,2026-08-01 23:05:00,277.6,0,"Cách Mạng Tháng 8, Phường Cẩm Lệ, TP Đà Nẵng",0.0,5.0,1,0,0.0,0.0,277.6,0.0,5.0,1,Stopped,0,0,0,0,0,VALID,VALID
92H-07095,2026-08-01 23:10:00,277.6,0,"Cách Mạng Tháng 8, Phường Cẩm Lệ, TP Đà Nẵng",0.0,5.0,1,0,0.0,0.0,277.6,0.0,5.0,1,Stopped,0,0,0,0,0,VALID,VALID
92H-07095,2026-08-01 23:15:00,277.6,0,"Cách Mạng Tháng 8, Phường Cẩm Lệ, TP Đà Nẵng",0.0,5.0,1,0,0.0,0.0,277.6,0.0,5.0,1,Stopped,0,0,0,0,0,VALID,VALID
92H-07095,2026-08-01 23:20:00,277.6,0,"Cách Mạng Tháng 8, Phường Cẩm Lệ, TP Đà Nẵng",0.0,5.0,1,0,0.0,0.0,277.6,0.0,5.0,1,Stopped,0,0,0,0,0,VALID,VALID
92H-07095,2026-08-01 23:25:00,277.6,0,"Cách Mạng Tháng 8, Phường Cẩm Lệ, TP Đà Nẵng",0.0,5.0,1,0,0.0,0.0,277.6,0.0,5.0,1,Stopped,0,0,0,0,0,VALID,VALID
92H-07095,2026-08-01 23:30:00,277.6,0,"Cách Mạng Tháng 8, Phường Cẩm Lệ, TP Đà Nẵng",0.0,5.0,1,0,0.0,0.0,277.6,0.0,5.0,1,Stopped,0,0,0,0,0,VALID,VALID
92H-07095,2026-08-01 23:35:00,277.6,0,"Cách Mạng Tháng 8, Phường Cẩm Lệ, TP Đà Nẵng",0.0,5.0,1,0,0.0,0.0,277.6,0.0,5.0,1,Stopped,0,0,0,0,0,VALID,VALID
92H-07095,2026-08-01 23:40:00,277.7,0,"Cách Mạng Tháng 8, Phường Cẩm Lệ, TP Đà Nẵng",0.0,5.0,1,0,0.0999999999999659,0.01999999999999318,277.6,0.04472135831888425,5.0,1,Stopped,0,0,0,0,0,VALID,VALID
92H-07095,2026-08-01 23:45:00,277.7,0,"Cách Mạng Tháng 8, Phường Cẩm Lệ, TP Đà Nẵng",0.0,5.0,1,0,0.0,0.0,277.6,0.054772254745272454,5.0,1,Stopped,0,0,0,0,0,VALID,VALID
92H-07095,2026-08-01 23:50:00,277.7,0,"Cách Mạng Tháng 8, Phường Cẩm Lệ, TP Đà Nẵng",0.0,5.0,1,0,0.0,0.0,277.7,0.054772254745237434,5.0,1,Stopped,0,0,0,0,0,VALID,VALID
92H-07095,2026-08-01 23:55:00,277.7,0,"Cách Mạng Tháng 8, Phường Cẩm Lệ, TP Đà Nẵng",0.0,5.0,1,0,0.0,0.0,277.7,0.04472135831875555,5.0,1,Stopped,0,0,0,0,0,VALID,VALID
92H-07095,2026-08-02 00:00:00,277.7,0,"Cách Mạng Tháng 8, Phường Cẩm Lệ, TP Đà Nẵng",0.0,5.0,1,0,0.0,0.0,277.7,0.0,5.0,1,Stopped,0,0,0,0,0,VALID,VALID
92H-07095,2026-08-02 00:05:00,277.7,0,"Cách Mạng Tháng 8, Phường Cẩm Lệ, TP Đà Nẵng",0.0,5.0,1,0,0.0,0.0,277.7,0.0,5.0,1,Stopped,0,0,0,0,0,VALID,VALID
92H-07095,2026-08-02 00:10:00,277.7,0,"Cách Mạng Tháng 8, Phường Cẩm Lệ, TP Đà Nẵng",0.0,5.0,1,0,0.0,0.0,277.7,0.0,5.0,1,Stopped,0,0,0,0,0,VALID,VALID
92H-07095,2026-08-02 00:15:00,277.7,0,"Cách Mạng Tháng 8, Phường Cẩm Lệ, TP Đà Nẵng",0.0,5.0,1,0,0.0,0.0,277.7,0.0,5.0,1,Stopped,0,0,0,0,0,VALID,VALID
92H-07095,2026-08-02 00:20:00,277.7,0,"Cách Mạng Tháng 8, Phường Cẩm Lệ, TP Đà Nẵng",0.0,5.0,1,0,0.0,0.0,277.7,0.0,5.0,1,Stopped,0,0,0,0,0,VALID,VALID
92H-07095,2026-08-02 00:25:00,277.7,0,"Cách Mạng Tháng 8, Phường Cẩm Lệ, TP Đà Nẵng",0.0,5.0,1,0,0.0,0.0,277.7,0.0,5.0,1,Stopped,0,0,0,0,0,VALID,VALID
92H-07095,2026-08-02 00:30:00,277.7,0,"Cách Mạng Tháng 8, Phường Cẩm Lệ, TP Đà Nẵng",0.0,5.0,1,0,0.0,0.0,277.7,0.0,5.0,1,Stopped,0,0,0,0,0,VALID,VALID
92H-07095,2026-08-02 00:35:00,277.7,0,"Cách Mạng Tháng 8, Phường Cẩm Lệ, TP Đà Nẵng",0.0,5.0,1,0,0.0,0.0,277.7,0.0,5.0,1,Stopped,0,0,0,0,0,VALID,VALID
92H-07095,2026-08-02 00:40:00,277.7,0,"Cách Mạng Tháng 8, Phường Cẩm Lệ, TP Đà Nẵng",0.0,5.0,1,0,0.0,0.0,277.7,0.0,5.0,1,Stopped,0,0,0,0,0,VALID,VALID
92H-07095,2026-08-02 00:45:00,277.7,0,"Cách Mạng Tháng 8, Phường Cẩm Lệ, TP Đà Nẵng",0.0,5.0,1,0,0.0,0.0,277.7,0.0,5.0,1,Stopped,0,0,0,0,0,VALID,VALID
92H-07095,2026-08-02 00:50:00,277.7,0,"Cách Mạng Tháng 8, Phường Cẩm Lệ, TP Đà Nẵng",0.0,5.0,1,0,0.0,0.0,277.7,0.0,5.0,1,Stopped,0,0,0,0,0,VALID,VALID
92H-07095,2026-08-02 00:55:00,277.7,0,"Cách Mạng Tháng 8, Phường Cẩm Lệ, TP Đà Nẵng",0.0,5.0,1,0,0.0,0.0,277.7,0.0,5.0,1,Stopped,0,0,0,0,0,VALID,VALID
92H-07095,2026-08-02 01:00:00,277.7,0,"Cách Mạng Tháng 8, Phường Cẩm Lệ, TP Đà Nẵng",0.0,5.0,1,0,0.0,0.0,277.7,0.0,5.0,1,Stopped,0,0,0,0,0,VALID,VALID
92H-07095,2026-08-02 01:05:00,277.7,0,"Cách Mạng Tháng 8, Phường Cẩm Lệ, TP Đà Nẵng",0.0,5.0,1,0,0.0,0.0,277.7,0.0,5.0,1,Stopped,0,0,0,0,0,VALID,VALID
92H-07095,2026-08-02 01:10:00,277.7,0,"Cách Mạng Tháng 8, Phường Cẩm Lệ, TP Đà Nẵng",0.0,5.0,1,0,0.0,0.0,277.7,0.0,5.0,1,Stopped,0,0,0,0,0,VALID,VALID
92H-07095,2026-08-02 01:15:00,277.7,0,"Cách Mạng Tháng 8, Phường Cẩm Lệ, TP Đà Nẵng",0.0,5.0,1,0,0.0,0.0,277.7,0.0,5.0,1,Stopped,0,0,0,0,0,VALID,VALID
92H-07095,2026-08-02 01:20:00,277.7,0,"Cách Mạng Tháng 8, Phường Cẩm Lệ, TP Đà Nẵng",0.0,5.0,1,0,0.0,0.0,277.7,0.0,5.0,1,Stopped,0,0,0,0,0,VALID,VALID
92H-07095,2026-08-02 01:25:00,277.7,0,"Cách Mạng Tháng 8, Phường Cẩm Lệ, TP Đà Nẵng",0.0,5.0,1,0,0.0,0.0,277.7,0.0,5.0,1,Stopped,0,0,0,0,0,VALID,VALID
92H-07095,2026-08-02 01:30:00,277.7,0,"Cách Mạng Tháng 8, Phường Cẩm Lệ, TP Đà Nẵng",0.0,5.0,1,0,0.0,0.0,277.7,0.0,5.0,1,Stopped,0,0,0,0,0,VALID,VALID
92H-07095,2026-08-02 01:35:00,277.7,0,"Cách Mạng Tháng 8, Phường Cẩm Lệ, TP Đà Nẵng",0.0,5.0,1,0,0.0,0.0,277.7,0.0,5.0,1,Stopped,0,0,0,0,0,VALID,VALID
92H-07095,2026-08-02 01:40:00,277.7,0,"Cách Mạng Tháng 8, Phường Cẩm Lệ, TP Đà Nẵng",0.0,5.0,1,0,0.0,0.0,277.7,0.0,5.0,1,Stopped,0,0,0,0,0,VALID,VALID
92H-07095,2026-08-02 01:45:00,277.7,0,"Cách Mạng Tháng 8, Phường Cẩm Lệ, TP Đà Nẵng",0.0,5.0,1,0,0.0,0.0,277.7,0.0,5.0,1,Stopped,0,0,0,0,0,VALID,VALID
92H-07095,2026-08-02 01:50:00,277.7,0,"Cách Mạng Tháng 8, Phường Cẩm Lệ, TP Đà Nẵng",0.0,5.0,1,0,0.0,0.0,277.7,0.0,5.0,1,Stopped,0,0,0,0,0,VALID,VALID
92H-07095,2026-08-02 01:55:00,277.7,0,"Cách Mạng Tháng 8, Phường Cẩm Lệ, TP Đà Nẵng",0.0,5.0,1,0,0.0,0.0,277.7,0.0,5.0,1,Stopped,0,0,0,0,0,VALID,VALID
92H-07095,2026-08-02 02:00:00,277.7,0,"Cách Mạng Tháng 8, Phường Cẩm Lệ, TP Đà Nẵng",0.0,5.0,1,0,0.0,0.0,277.7,0.0,5.0,1,Stopped,0,0,0,0,0,VALID,VALID
92H-07095,2026-08-02 02:05:00,277.7,0,"Cách Mạng Tháng 8, Phường Cẩm Lệ, TP Đà Nẵng",0.0,5.0,1,0,0.0,0.0,277.7,0.0,5.0,1,Stopped,0,0,0,0,0,VALID,VALID
92H-07095,2026-08-02 02:10:00,277.7,0,"Cách Mạng Tháng 8, Phường Cẩm Lệ, TP Đà Nẵng",0.0,5.0,1,0,0.0,0.0,277.7,0.0,5.0,1,Stopped,0,0,0,0,0,VALID,VALID
92H-07095,2026-08-02 02:15:00,277.7,0,"Cách Mạng Tháng 8, Phường Cẩm Lệ, TP Đà Nẵng",0.0,5.0,1,0,0.0,0.0,277.7,0.0,5.0,1,Stopped,0,0,0,0,0,VALID,VALID
92H-07095,2026-08-02 02:20:00,277.7,0,"Cách Mạng Tháng 8, Phường Cẩm Lệ, TP Đà Nẵng",0.0,5.0,1,0,0.0,0.0,277.7,0.0,5.0,1,Stopped,0,0,0,0,0,VALID,VALID
92H-07095,2026-08-02 02:25:00,277.7,0,"Cách Mạng Tháng 8, Phường Cẩm Lệ, TP Đà Nẵng",0.0,5.0,1,0,0.0,0.0,277.7,0.0,5.0,1,Stopped,0,0,0,0,0,VALID,VALID
92H-07095,2026-08-02 02:30:00,277.7,0,"Cách Mạng Tháng 8, Phường Cẩm Lệ, TP Đà Nẵng",0.0,5.0,1,0,0.0,0.0,277.7,0.0,5.0,1,Stopped,0,0,0,0,0,VALID,VALID
92H-07095,2026-08-02 02:35:00,277.7,0,"Cách Mạng Tháng 8, Phường Cẩm Lệ, TP Đà Nẵng",0.0,5.0,1,0,0.0,0.0,277.7,0.0,5.0,1,Stopped,0,0,0,0,0,VALID,VALID
92H-07095,2026-08-02 02:40:00,277.7,0,"Cách Mạng Tháng 8, Phường Cẩm Lệ, TP Đà Nẵng",0.0,5.0,1,0,0.0,0.0,277.7,0.0,5.0,1,Stopped,0,0,0,0,0,VALID,VALID
92H-07095,2026-08-02 02:45:00,277.7,0,"Cách Mạng Tháng 8, Phường Cẩm Lệ, TP Đà Nẵng",0.0,5.0,1,0,0.0,0.0,277.7,0.0,5.0,1,Stopped,0,0,0,0,0,VALID,VALID
92H-07095,2026-08-02 02:50:00,277.7,0,"Cách Mạng Tháng 8, Phường Cẩm Lệ, TP Đà Nẵng",0.0,5.0,1,0,0.0,0.0,277.7,0.0,5.0,1,Stopped,0,0,0,0,0,VALID,VALID
92H-07095,2026-08-02 02:55:00,277.7,0,"Cách Mạng Tháng 8, Phường Cẩm Lệ, TP Đà Nẵng",0.0,5.0,1,0,0.0,0.0,277.7,0.0,5.0,1,Stopped,0,0,0,0,0,VALID,VALID
92H-07095,2026-08-02 03:00:00,277.7,0,"Cách Mạng Tháng 8, Phường Cẩm Lệ, TP Đà Nẵng",0.0,5.0,1,0,0.0,0.0,277.7,0.0,5.0,1,Stopped,0,0,0,0,0,VALID,VALID
92H-07095,2026-08-02 03:05:00,277.7,0,"Cách Mạng Tháng 8, Phường Cẩm Lệ, TP Đà Nẵng",0.0,5.0,1,0,0.0,0.0,277.7,0.0,5.0,1,Stopped,0,0,0,0,0,VALID,VALID
92H-07095,2026-08-02 03:10:00,277.7,0,"Cách Mạng Tháng 8, Phường Cẩm Lệ, TP Đà Nẵng",0.0,5.0,1,0,0.0,0.0,277.7,0.0,5.0,1,Stopped,0,0,0,0,0,VALID,VALID
92H-07095,2026-08-02 03:15:00,277.7,0,"Cách Mạng Tháng 8, Phường Cẩm Lệ, TP Đà Nẵng",0.0,5.0,1,0,0.0,0.0,277.7,0.0,5.0,1,Stopped,0,0,0,0,0,VALID,VALID
92H-07095,2026-08-02 03:20:00,277.7,0,"Cách Mạng Tháng 8, Phường Cẩm Lệ, TP Đà Nẵng",0.0,5.0,1,0,0.0,0.0,277.7,0.0,5.0,1,Stopped,0,0,0,0,0,VALID,VALID
92H-07095,2026-08-02 03:25:00,277.9,0,"Cách Mạng Tháng 8, Phường Cẩm Lệ, TP Đà Nẵng",0.0,5.0,1,0,0.19999999999998863,0.039999999999997725,277.7,0.08944271848433907,5.0,1,Stopped,0,0,0,0,0,VALID,VALID
92H-07095,2026-08-02 03:30:00,277.9,0,"Cách Mạng Tháng 8, Phường Cẩm Lệ, TP Đà Nẵng",0.0,5.0,1,0,0.0,0.0,277.7,0.10954451099835102,5.0,1,Stopped,0,0,0,0,0,VALID,VALID
92H-07095,2026-08-02 03:35:00,277.9,0,"Cách Mạng Tháng 8, Phường Cẩm Lệ, TP Đà Nẵng",0.0,5.0,1,0,0.0,0.0,277.9,0.1095445109983627,5.0,1,Stopped,0,0,0,0,0,VALID,VALID
92H-07095,2026-08-02 03:40:00,277.9,0,"Cách Mạng Tháng 8, Phường Cẩm Lệ, TP Đà Nẵng",0.0,5.0,1,0,0.0,0.0,277.9,0.08944271848438196,5.0,1,Stopped,0,0,0,0,0,VALID,VALID
92H-07095,2026-08-02 03:45:00,277.9,0,"Cách Mạng Tháng 8, Phường Cẩm Lệ, TP Đà Nẵng",0.0,5.0,1,0,0.0,0.0,277.9,0.0,5.0,1,Stopped,0,0,0,0,0,VALID,VALID
92H-07095,2026-08-02 03:50:00,277.9,0,"Cách Mạng Tháng 8, Phường Cẩm Lệ, TP Đà Nẵng",0.0,5.0,1,0,0.0,0.0,277.9,0.0,5.0,1,Stopped,0,0,0,0,0,VALID,VALID
92H-07095,2026-08-02 03:55:00,277.7,0,"Cách Mạng Tháng 8, Phường Cẩm Lệ, TP Đà Nẵng",0.0,5.0,1,0,-0.19999999999998863,-0.039999999999997725,277.9,0.08944271848438196,5.0,1,Stopped,0,0,0,0,0,VALID,VALID
92H-07095,2026-08-02 04:00:00,277.6,0,"Cách Mạng Tháng 8, Phường Cẩm Lệ, TP Đà Nẵng",0.0,5.0,1,0,-0.0999999999999659,-0.01999999999999318,277.9,0.1414213558479228,5.0,1,Stopped,0,0,0,0,0,VALID,VALID
92H-07095,2026-08-02 04:05:00,277.6,0,"Cách Mạng Tháng 8, Phường Cẩm Lệ, TP Đà Nẵng",0.0,5.0,1,0,0.0,0.0,277.7,0.15165750851791646,5.0,1,Stopped,0,0,0,0,0,VALID,VALID
92H-07095,2026-08-02 04:10:00,277.6,0,"Cách Mạng Tháng 8, Phường Cẩm Lệ, TP Đà Nẵng",0.0,5.0,1,0,0.0,0.0,277.6,0.13038404768171488,5.0,1,Stopped,0,0,0,0,0,VALID,VALID
92H-07095,2026-08-02 04:15:00,277.6,0,"Cách Mạng Tháng 8, Phường Cẩm Lệ, TP Đà Nẵng",0.0,5.0,1,0,0.0,0.0,277.6,0.04472135831884131,5.0,1,Stopped,0,0,0,0,0,VALID,VALID
92H-07095,2026-08-02 04:20:00,277.6,0,"Cách Mạng Tháng 8, Phường Cẩm Lệ, TP Đà Nẵng",0.0,5.0,1,0,0.0,0.0,277.6,0.0,5.0,1,Stopped,0,0,0,0,0,VALID,VALID
92H-07095,2026-08-02 04:25:00,277.6,0,"Cách Mạng Tháng 8, Phường Cẩm Lệ, TP Đà Nẵng",0.0,5.0,1,0,0.0,0.0,277.6,0.0,5.0,1,Stopped,0,0,0,0,0,VALID,VALID
92H-07095,2026-08-02 04:30:00,277.6,0,"Cách Mạng Tháng 8, Phường Cẩm Lệ, TP Đà Nẵng",0.0,5.0,1,0,0.0,0.0,277.6,0.0,5.0,1,Stopped,0,0,0,0,0,VALID,VALID
92H-07095,2026-08-02 04:35:00,277.6,0,"Cách Mạng Tháng 8, Phường Cẩm Lệ, TP Đà Nẵng",0.0,5.0,1,0,0.0,0.0,277.6,0.0,5.0,1,Stopped,0,0,0,0,0,VALID,VALID
92H-07095,2026-08-02 04:40:00,277.6,0,"Cách Mạng Tháng 8, Phường Cẩm Lệ, TP Đà Nẵng",0.0,5.0,1,0,0.0,0.0,277.6,0.0,5.0,1,Stopped,0,0,0,0,0,VALID,VALID
92H-07095,2026-08-02 04:45:00,277.6,0,"Cách Mạng Tháng 8, Phường Cẩm Lệ, TP Đà Nẵng",0.0,5.0,1,0,0.0,0.0,277.6,0.0,5.0,1,Stopped,0,0,0,0,0,VALID,VALID
92H-07095,2026-08-02 04:50:00,277.6,0,"Cách Mạng Tháng 8, Phường Cẩm Lệ, TP Đà Nẵng",0.0,5.0,1,0,0.0,0.0,277.6,0.0,5.0,1,Stopped,0,0,0,0,0,VALID,VALID
92H-07095,2026-08-02 04:55:00,277.6,0,"Cách Mạng Tháng 8, Phường Cẩm Lệ, TP Đà Nẵng",0.0,5.0,1,0,0.0,0.0,277.6,0.0,5.0,1,Stopped,0,0,0,0,0,VALID,VALID
92H-07095,2026-08-02 05:00:00,277.6,0,"Cách Mạng Tháng 8, Phường Cẩm Lệ, TP Đà Nẵng",0.0,5.0,1,0,0.0,0.0,277.6,0.0,5.0,1,Stopped,0,0,0,0,0,VALID,VALID
92H-07095,2026-08-02 05:05:00,277.6,0,"Cách Mạng Tháng 8, Phường Cẩm Lệ, TP Đà Nẵng",0.0,5.0,1,0,0.0,0.0,277.6,0.0,5.0,1,Stopped,0,0,0,0,0,VALID,VALID
92H-07095,2026-08-02 05:10:00,277.6,0,"Cách Mạng Tháng 8, Phường Cẩm Lệ, TP Đà Nẵng",0.0,5.0,1,0,0.0,0.0,277.6,0.0,5.0,1,Stopped,0,0,0,0,0,VALID,VALID
92H-07095,2026-08-02 05:15:00,277.6,0,"Cách Mạng Tháng 8, Phường Cẩm Lệ, TP Đà Nẵng",0.0,5.0,1,0,0.0,0.0,277.6,0.0,5.0,1,Stopped,0,0,0,0,0,VALID,VALID
92H-07095,2026-08-02 05:20:00,277.6,0,"Cách Mạng Tháng 8, Phường Cẩm Lệ, TP Đà Nẵng",0.0,5.0,1,0,0.0,0.0,277.6,0.0,5.0,1,Stopped,0,0,0,0,0,VALID,VALID
92H-07095,2026-08-02 05:25:00,277.6,0,"Cách Mạng Tháng 8, Phường Cẩm Lệ, TP Đà Nẵng",0.0,5.0,1,0,0.0,0.0,277.6,0.0,5.0,1,Stopped,0,0,0,0,0,VALID,VALID
92H-07095,2026-08-02 05:30:00,277.6,0,"Cách Mạng Tháng 8, Phường Cẩm Lệ, TP Đà Nẵng",0.0,5.0,1,0,0.0,0.0,277.6,0.0,5.0,1,Stopped,0,0,0,0,0,VALID,VALID
92H-07095,2026-08-02 05:35:00,277.6,0,"Cách Mạng Tháng 8, Phường Cẩm Lệ, TP Đà Nẵng",0.0,5.0,1,0,0.0,0.0,277.6,0.0,5.0,1,Stopped,0,0,0,0,0,VALID,VALID
92H-07095,2026-08-02 05:40:00,277.6,0,"Cách Mạng Tháng 8, Phường Cẩm Lệ, TP Đà Nẵng",0.0,5.0,1,0,0.0,0.0,277.6,0.0,5.0,1,Stopped,0,0,0,0,0,VALID,VALID
92H-07095,2026-08-02 05:45:00,277.6,0,"Cách Mạng Tháng 8, Phường Cẩm Lệ, TP Đà Nẵng",0.0,5.0,1,0,0.0,0.0,277.6,0.0,5.0,1,Stopped,0,0,0,0,0,VALID,VALID
92H-07095,2026-08-02 05:50:00,277.6,0,"Cách Mạng Tháng 8, Phường Cẩm Lệ, TP Đà Nẵng",0.0,5.0,1,0,0.0,0.0,277.6,0.0,5.0,1,Stopped,0,0,0,0,0,VALID,VALID
92H-07095,2026-08-02 05:55:00,277.6,0,"Cách Mạng Tháng 8, Phường Cẩm Lệ, TP Đà Nẵng",0.0,5.0,1,0,0.0,0.0,277.6,0.0,5.0,1,Stopped,0,0,0,0,0,VALID,VALID
92H-07095,2026-08-02 06:00:00,276.1,30,"Cầu vượt Hòa Cầm, Phường Cẩm Lệ, TP Đà Nẵng",0.0,5.0,1,0,-1.5,-0.3,277.6,0.6708203931679185,5.0,1,Moving,0,0,0,0,0,VALID,VALID
92H-07095,2026-08-02 06:05:00,278.0,0,"Trường Chinh, Phường An Khê, TP Đà Nẵng",0.0,5.0,1,0,1.8999999999999773,0.37999999999999545,277.6,0.7362064926974882,5.0,1,Stopped,0,0,0,0,0,VALID,VALID
92H-07095,2026-08-02 06:10:00,275.7,38,"Trường Chinh, Phường An Khê, TP Đà Nẵng",0.0,5.0,1,0,-2.3000000000000114,-0.4600000000000023,277.6,1.0271319291551873,5.0,1,Moving,0,0,0,0,0,VALID,VALID
92H-07095,2026-08-02 06:15:00,275.7,0,"Trường Chinh, Phường An Khê, TP Đà Nẵng",0.0,5.0,1,0,0.0,0.0,276.1,1.098635517307793,5.0,1,Stopped,0,0,0,0,0,VALID,VALID
92H-07095,2026-08-02 06:20:00,275.7,0,"Trường Chinh, Phường An Khê, TP Đà Nẵng",0.0,5.0,1,0,0.0,0.0,275.7,0.9989994994444409,5.0,1,Stopped,0,0,0,0,0,VALID,VALID
92H-07095,2026-08-02 06:25:00,275.7,0,"Trường Chinh, Phường An Khê, TP Đà Nẵng",0.0,5.0,1,0,0.0,0.0,275.7,1.0285912695965604,5.0,1,Stopped,0,0,0,0,0,VALID,VALID
92H-07095,2026-08-02 06:30:00,275.7,0,"Trường Chinh, Phường An Khê, TP Đà Nẵng",0.0,5.0,1,0,0.0,0.0,275.7,0.0,5.0,1,Stopped,0,0,0,0,0,VALID,VALID
92H-07095,2026-08-02 06:35:00,275.7,0,"Trường Chinh, Phường An Khê, TP Đà Nẵng",0.0,5.0,1,0,0.0,0.0,275.7,0.0,5.0,1,Stopped,0,0,0,0,0,VALID,VALID
92H-07095,2026-08-02 06:40:00,275.5,0,"Trường Chinh, Phường An Khê, TP Đà Nẵng",0.0,5.0,1,0,-0.19999999999998863,-0.039999999999997725,275.7,0.0894427184871506,5.0,1,Stopped,0,0,0,0,0,VALID,VALID
92H-07095,2026-08-02 06:45:00,275.3,0,"Trường Chinh, Phường An Khê, TP Đà Nẵng",0.0,5.0,1,0,-0.19999999999998863,-0.039999999999997725,275.7,0.17888543789364683,5.0,1,Stopped,0,0,0,0,0,VALID,VALID
92H-07095,2026-08-02 06:50:00,275.3,0,"Trường Chinh, Phường An Khê, TP Đà Nẵng",0.0,5.0,1,0,0.0,0.0,275.5,0.19999999972608068,5.0,1,Stopped,0,0,0,0,0,VALID,VALID
92H-07095,2026-08-02 06:55:00,275.3,0,"Trường Chinh, Phường An Khê, TP Đà Nẵng",0.0,5.0,1,0,0.0,0.0,275.3,0.17888543789383113,5.0,1,Stopped,0,0,0,0,0,VALID,VALID
92H-07095,2026-08-02 07:00:00,275.3,0,"Trường Chinh, Phường An Khê, TP Đà Nẵng",0.0,5.0,1,0,0.0,0.0,275.3,0.08944271848791327,5.0,1,Stopped,0,0,0,0,0,VALID,VALID
92H-07095,2026-08-02 07:05:00,275.1,0,"Trường Chinh, Phường An Khê, TP Đà Nẵng",0.0,5.0,1,0,-0.19999999999998863,-0.039999999999997725,275.3,0.08944271848812617,5.0,1,Stopped,0,0,0,0,0,VALID,VALID
92H-07095,2026-08-02 07:10:00,275.1,0,"Trường Chinh, Phường An Khê, TP Đà Nẵng",0.0,5.0,1,0,0.0,0.0,275.3,0.10954451100154697,5.0,1,Stopped,0,0,0,0,0,VALID,VALID
92H-07095,2026-08-02 07:15:00,275.3,0,"Trường Chinh, Phường An Khê, TP Đà Nẵng",0.0,5.0,1,0,0.19999999999998863,0.039999999999997725,275.3,0.10954451100154697,5.0,1,Stopped,0,0,0,0,0,VALID,VALID
92H-07095,2026-08-02 07:20:00,280.4,0,"Trường Chinh, Phường An Khê, TP Đà Nẵng",0.0,5.0,1,0,5.099999999999966,1.0199999999999931,275.3,2.3276597689288434,5.0,1,Stopped,0,0,0,0,0,VALID,VALID
92H-07095,2026-08-02 07:25:00,274.7,0,"Trường Chinh, Phường An Khê, TP Đà Nẵng",0.0,5.0,1,0,-5.699999999999989,-1.1399999999999977,275.1,2.4024986992483393,5.0,1,Stopped,0,0,0,0,0,VALID,VALID
92H-07095,2026-08-02 07:30:00,274.7,0,"Trường Chinh, Phường An Khê, TP Đà Nẵng",0.0,5.0,1,0,0.0,0.0,275.1,2.4511221919541337,5.0,1,Stopped,0,0,0,0,0,VALID,VALID
92H-07095,2026-08-02 07:35:00,274.7,0,"Trường Chinh, Phường An Khê, TP Đà Nẵng",0.0,5.0,1,0,0.0,0.0,274.7,2.4955961211482345,5.0,1,Stopped,0,0,0,0,0,VALID,VALID
92H-07095,2026-08-02 07:40:00,274.7,0,"Trường Chinh, Phường An Khê, TP Đà Nẵng",0.0,5.0,1,0,0.0,0.0,274.7,2.5491174943282244,5.0,1,Stopped,0,0,0,0,0,VALID,VALID
92H-07095,2026-08-02 07:45:00,274.7,0,"Trường Chinh, Phường An Khê, TP Đà Nẵng",0.0,5.0,1,0,0.0,0.0,274.7,0.0,5.0,1,Stopped,0,0,0,0,0,VALID,VALID
92H-07095,2026-08-02 07:50:00,274.7,0,"Trường Chinh, Phường An Khê, TP Đà Nẵng",0.0,5.0,1,0,0.0,0.0,274.7,0.0,5.0,1,Stopped,0,0,0,0,0,VALID,VALID
92H-07095,2026-08-02 07:55:00,274.7,0,"Trường Chinh, Phường An Khê, TP Đà Nẵng",0.0,5.0,1,0,0.0,0.0,274.7,0.0,5.0,1,Stopped,0,0,0,0,0,VALID,VALID
92H-07095,2026-08-02 08:00:00,274.8,0,"Trường Chinh, Phường An Khê, TP Đà Nẵng",0.0,5.0,1,0,0.10000000000002274,0.02000000000000455,274.7,0.04472135833128981,5.0,1,Stopped,0,0,0,0,0,VALID,VALID
92H-07095,2026-08-02 08:05:00,274.8,0,"Trường Chinh, Phường An Khê, TP Đà Nẵng",0.0,5.0,1,0,0.0,0.0,274.7,0.05477225475533864,5.0,1,Stopped,0,0,0,0,0,VALID,VALID
92H-07095,2026-08-02 08:10:00,274.5,0,"Trường Chinh, Phường An Khê, TP Đà Nẵng",0.0,5.0,1,0,-0.30000000000001137,-0.060000000000002274,274.7,0.1224744866941902,5.0,1,Stopped,0,0,0,0,0,VALID,VALID
92H-07095,2026-08-02 08:15:00,274.5,0,"Trường Chinh, Phường An Khê, TP Đà Nẵng",0.0,5.0,1,0,0.0,0.0,274.7,0.15165750852175458,5.0,1,Stopped,0,0,0,0,0,VALID,VALID
92H-07095,2026-08-02 08:20:00,273.9,40,"Trường Chinh, Phường An Khê, TP Đà Nẵng",0.0,5.0,1,0,-0.6000000000000227,-0.12000000000000455,274.5,0.367423461269311,5.0,1,Moving,0,0,0,0,0,VALID,VALID
92H-07095,2026-08-02 08:25:00,276.0,0,"Trường Chinh, Phường An Khê, TP Đà Nẵng",0.0,5.0,1,0,2.1000000000000227,0.42000000000000454,274.5,0.7765307462624879,5.0,1,Stopped,0,0,0,0,0,VALID,VALID
92H-07095,2026-08-02 08:30:00,271.0,9,"Lê Đại Hành, Phường An Khê, TP Đà Nẵng",0.0,5.0,1,0,-5.0,-1.0,274.5,1.8376615574940458,5.0,1,Moving,0,0,0,0,0,VALID,VALID
92H-07095,2026-08-02 08:35:00,272.6,0,"Cách Mạng Tháng 8, Phường Cẩm Lệ, TP Đà Nẵng",0.0,5.0,1,0,1.6000000000000227,0.32000000000000456,273.9,1.8986837545762232,5.0,1,Stopped,0,0,0,0,0,VALID,VALID
92H-07095,2026-08-02 08:40:00,272.6,0,"Cách Mạng Tháng 8, Phường Cẩm Lệ, TP Đà Nẵng",0.0,5.0,1,0,0.0,0.0,272.6,1.8633303517873328,5.0,1,Stopped,0,0,0,0,0,VALID,VALID
92H-07095,2026-08-02 08:45:00,272.6,0,"Cách Mạng Tháng 8, Phường Cẩm Lệ, TP Đà Nẵng",0.0,5.0,1,0,0.0,0.0,272.6,1.8352111594833087,5.0,1,Stopped,0,0,0,0,0,VALID,VALID
92H-07095,2026-08-02 08:50:00,272.6,0,"Cách Mạng Tháng 8, Phường Cẩm Lệ, TP Đà Nẵng",0.0,5.0,1,0,0.0,0.0,272.6,0.7155417527248311,5.0,1,Stopped,0,0,0,0,0,VALID,VALID
92H-07095,2026-08-02 08:55:00,272.6,0,"Cách Mạng Tháng 8, Phường Cẩm Lệ, TP Đà Nẵng",0.0,5.0,1,0,0.0,0.0,272.6,0.0,5.0,1,Stopped,0,0,0,0,0,VALID,VALID
92H-07095,2026-08-02 09:00:00,272.5,0,"Lê Đại Hành, Phường Cẩm Lệ, TP Đà Nẵng",0.0,5.0,1,0,-0.10000000000002274,-0.02000000000000455,272.6,0.04472135834626674,5.0,1,Stopped,0,0,0,0,0,VALID,VALID
92H-07095,2026-08-02 09:05:00,268.9,0,"Cách Mạng Tháng 8, Phường Cẩm Lệ, TP Đà Nẵng",0.0,5.0,1,0,-3.6000000000000227,-0.7200000000000045,272.6,1.6440802899776081,5.0,1,Stopped,0,0,0,0,0,VALID,VALID
92H-07095,2026-08-02 09:10:00,267.2,40,"Tiên Sơn, Phường Hòa Cường, TP Đà Nẵng",0.0,5.0,1,0,-1.6999999999999886,-0.33999999999999775,272.5,2.546173599716559,5.0,1,Moving,0,0,0,0,0,VALID,VALID
92H-07095,2026-08-02 09:15:00,268.2,0,"Ngũ Hành Sơn, Phường Ngũ Hành Sơn, TP Đà Nẵng",0.0,5.0,1,0,1.0,0.2,268.9,2.511374125831152,5.0,1,Stopped,0,0,0,0,0,VALID,VALID
92H-07095,2026-08-02 09:20:00,270.0,0,"Ngũ Hành Sơn, Phường Ngũ Hành Sơn, TP Đà Nẵng",0.0,5.0,1,0,1.8000000000000114,0.36000000000000226,268.9,2.030517175473901,5.0,1,Stopped,0,0,0,0,0,VALID,VALID
92H-07095,2026-08-02 09:25:00,267.9,0,"Ngô Quyền, Phường An Hải, TP Đà Nẵng",0.0,5.0,1,0,-2.1000000000000227,-0.42000000000000454,268.2,1.0644247272095104,5.0,1,Stopped,0,0,0,0,0,VALID,VALID
92H-07095,2026-08-02 09:30:00,269.2,0,"Ngô Quyền, Phường An Hải, TP Đà Nẵng",0.0,5.0,1,0,1.3000000000000114,0.2600000000000023,268.2,1.1045361016711988,5.0,1,Stopped,0,0,0,0,0,VALID,VALID
92H-07095,2026-08-02 09:35:00,265.7,42,"Phạm Văn Xảo, Phường Sơn Trà, TP Đà Nẵng",0.0,5.0,1,0,-3.5,-0.7,268.2,1.626345596696832,5.0,1,Moving,0,0,0,0,0,VALID,VALID
92H-07095,2026-08-02 09:40:00,266.4,0,"Bùi Quốc Hưng, Phường Sơn Trà, TP Đà Nẵng",0.0,5.0,1,0,0.6999999999999886,0.13999999999999774,267.9,1.8146625030278722,5.0,1,Stopped,0,0,0,0,0,VALID,VALID
92H-07095,2026-08-02 09:45:00,266.6,0,"Bùi Quốc Hưng, Phường Sơn Trà, TP Đà Nẵng",0.0,5.0,1,0,0.20000000000004547,0.0400000000000091,266.6,1.3903237032776607,5.0,1,Stopped,0,0,0,0,0,VALID,VALID
92H-07095,2026-08-02 09:50:00,266.6,0,"Bùi Quốc Hưng, Phường Sơn Trà, TP Đà Nẵng",0.0,5.0,1,0,0.0,0.0,266.6,1.33790881598704,5.0,1,Stopped,0,0,0,0,0,VALID,VALID
92H-07095,2026-08-02 09:55:00,266.6,0,"Bùi Quốc Hưng, Phường Sơn Trà, TP Đà Nẵng",0.0,5.0,1,0,0.0,0.0,266.6,0.38987177365915415,5.0,1,Stopped,0,0,0,0,0,VALID,VALID
92H-07095,2026-08-02 10:00:00,266.6,0,"Bùi Quốc Hưng, Phường Sơn Trà, TP Đà Nẵng",0.0,5.0,1,0,0.0,0.0,266.6,0.08944271851876762,5.0,1,Stopped,0,0,0,0,0,VALID,VALID
92H-07095,2026-08-02 10:05:00,266.6,0,"Bùi Quốc Hưng, Phường Sơn Trà, TP Đà Nẵng",0.0,5.0,1,0,0.0,0.0,266.6,0.0,5.0,1,Stopped,0,0,0,0,0,VALID,VALID
92H-07095,2026-08-02 10:10:00,266.6,0,"Bùi Quốc Hưng, Phường Sơn Trà, TP Đà Nẵng",0.0,5.0,1,0,0.0,0.0,266.6,0.0,5.0,1,Stopped,0,0,0,0,0,VALID,VALID
92H-07095,2026-08-02 10:15:00,266.6,0,"Bùi Quốc Hưng, Phường Sơn Trà, TP Đà Nẵng",0.0,5.0,1,0,0.0,0.0,266.6,0.0,5.0,1,Stopped,0,0,0,0,0,VALID,VALID
92H-07095,2026-08-02 10:20:00,260.9,35,"Ngô Quyền, Phường An Hải, TP Đà Nẵng",0.0,5.0,1,0,-5.7000000000000455,-1.140000000000009,266.6,2.5491174943295154,5.0,1,Moving,0,0,0,0,0,VALID,VALID
92H-07095,2026-08-02 10:25:00,260.7,0,"Bùng binh, Phường An Hải, TP Đà Nẵng",0.0,5.0,1,0,-0.19999999999998863,-0.039999999999997725,266.6,3.1775776937625815,5.0,1,Stopped,0,0,0,0,0,VALID,VALID
92H-07095,2026-08-02 10:30:00,266.1,0,"Ngô Quyền, Phường An Hải, TP Đà Nẵng",0.0,5.0,1,0,5.400000000000034,1.0800000000000067,266.1,3.093056740491122,5.0,1,Stopped,0,0,0,0,0,VALID,VALID
92H-07095,2026-08-02 10:35:00,261.2,42,"Ngũ Hành Sơn, Phường Ngũ Hành Sơn, TP Đà Nẵng",0.0,5.0,1,0,-4.900000000000034,-0.9800000000000069,261.2,2.977414986174814,5.0,1,Moving,0,0,0,0,0,VALID,VALID
92H-07095,2026-08-02 10:40:00,261.3,39,"Tiên Sơn, Phường Hòa Cường, TP Đà Nẵng",0.0,5.0,1,0,0.10000000000002274,0.02000000000000455,261.2,2.282104292073241,5.0,1,Moving,0,0,0,0,0,VALID,VALID
92H-07095,2026-08-02 10:45:00,260.3,0,"Cách Mạng Tháng 8, Phường Cẩm Lệ, TP Đà Nẵng",0.0,5.0,1,0,-1.0,-0.2,261.2,2.37107570522309,5.0,1,Stopped,0,0,0,0,0,VALID,VALID
92H-07095,2026-08-02 10:50:00,262.3,0,"Cách Mạng Tháng 8, Phường Cẩm Lệ, TP Đà Nẵng",0.0,5.0,1,0,2.0,0.4,261.3,2.2711230701789216,5.0,1,Stopped,0,0,0,0,0,VALID,VALID
92H-07095,2026-08-02 10:55:00,373.2,0,"Cầu vượt Hòa Cầm, Phường Cẩm Lệ, TP Đà Nẵng",0.0,5.0,1,0,110.89999999999998,22.179999999999996,261.3,50.05939472266801,5.0,1,Stopped,0,0,1,0,1,LARGE_DELTA,VALID
92H-07095,2026-08-02 11:00:00,562.7,0,"Cầu vượt Hòa Cầm, Phường Cẩm Lệ, TP Đà Nẵng",0.0,5.0,1,0,189.50000000000006,37.90000000000001,262.3,131.5315475465861,5.0,1,Stopped,0,0,1,0,1,LARGE_DELTA,VALID
92H-07095,2026-08-02 11:05:00,567.1,0,"Cách Mạng Tháng 8, Phường Cẩm Lệ, TP Đà Nẵng",0.0,5.0,1,0,4.399999999999977,0.8799999999999955,373.2,152.85470879236857,5.0,1,Stopped,0,0,0,0,0,VALID,VALID
92H-07095,2026-08-02 11:10:00,563.9,0,"Cách Mạng Tháng 8, Phường Cẩm Lệ, TP Đà Nẵng",0.0,5.0,1,0,-3.2000000000000455,-0.6400000000000091,562.7,140.76746072867743,5.0,1,Stopped,0,0,0,0,0,VALID,VALID
92H-07095,2026-08-02 11:15:00,563.9,0,"Cách Mạng Tháng 8, Phường Cẩm Lệ, TP Đà Nẵng",0.0,5.0,1,0,0.0,0.0,563.9,85.52285074761998,5.0,1,Stopped,0,0,0,0,0,VALID,VALID
92H-07095,2026-08-02 11:20:00,563.9,0,"Cách Mạng Tháng 8, Phường Cẩm Lệ, TP Đà Nẵng",0.0,5.0,1,0,0.0,0.0,563.9,1.6492422501384818,5.0,1,Stopped,0,0,0,0,0,VALID,VALID
92H-07095,2026-08-02 11:25:00,563.9,0,"Cách Mạng Tháng 8, Phường Cẩm Lệ, TP Đà Nẵng",0.0,5.0,1,0,0.0,0.0,563.9,1.4310835054746633,5.0,1,Stopped,0,0,0,0,0,VALID,VALID
92H-07095,2026-08-02 11:30:00,563.9,0,"Cách Mạng Tháng 8, Phường Cẩm Lệ, TP Đà Nẵng",0.0,5.0,1,0,0.0,0.0,563.9,0.0,5.0,1,Stopped,0,0,0,0,0,VALID,VALID
92H-07095,2026-08-02 11:35:00,563.9,0,"Cách Mạng Tháng 8, Phường Cẩm Lệ, TP Đà Nẵng",0.0,5.0,1,0,0.0,0.0,563.9,0.0,5.0,1,Stopped,0,0,0,0,0,VALID,VALID
92H-07095,2026-08-02 11:40:00,563.9,0,"Cách Mạng Tháng 8, Phường Cẩm Lệ, TP Đà Nẵng",0.0,5.0,1,0,0.0,0.0,563.9,0.0,5.0,1,Stopped,0,0,0,0,0,VALID,VALID
92H-07095,2026-08-02 11:45:00,563.9,0,"Cách Mạng Tháng 8, Phường Cẩm Lệ, TP Đà Nẵng",0.0,5.0,1,0,0.0,0.0,563.9,0.0,5.0,1,Stopped,0,0,0,0,0,VALID,VALID
92H-07095,2026-08-02 11:50:00,563.9,0,"Cách Mạng Tháng 8, Phường Cẩm Lệ, TP Đà Nẵng",0.0,5.0,1,0,0.0,0.0,563.9,0.0,5.0,1,Stopped,0,0,0,0,0,VALID,VALID
92H-07095,2026-08-02 11:55:00,563.9,0,"Cách Mạng Tháng 8, Phường Cẩm Lệ, TP Đà Nẵng",0.0,5.0,1,0,0.0,0.0,563.9,0.0,5.0,1,Stopped,0,0,0,0,0,VALID,VALID
92H-07095,2026-08-02 12:00:00,563.9,0,"Cách Mạng Tháng 8, Phường Cẩm Lệ, TP Đà Nẵng",0.0,5.0,1,0,0.0,0.0,563.9,0.0,5.0,1,Stopped,0,0,0,0,0,VALID,VALID
92H-07095,2026-08-02 12:05:00,563.9,0,"Cách Mạng Tháng 8, Phường Cẩm Lệ, TP Đà Nẵng",0.0,5.0,1,0,0.0,0.0,563.9,0.0,5.0,1,Stopped,0,0,0,0,0,VALID,VALID
92H-07095,2026-08-02 12:10:00,563.9,0,"Cách Mạng Tháng 8, Phường Cẩm Lệ, TP Đà Nẵng",0.0,5.0,1,0,0.0,0.0,563.9,0.0,5.0,1,Stopped,0,0,0,0,0,VALID,VALID
92H-07095,2026-08-02 12:15:00,563.9,0,"Cách Mạng Tháng 8, Phường Cẩm Lệ, TP Đà Nẵng",0.0,5.0,1,0,0.0,0.0,563.9,0.0,5.0,1,Stopped,0,0,0,0,0,VALID,VALID
92H-07095,2026-08-02 12:20:00,564.0,0,"Cách Mạng Tháng 8, Phường Cẩm Lệ, TP Đà Nẵng",0.0,5.0,1,0,0.10000000000002274,0.02000000000000455,563.9,0.044721355550569185,5.0,1,Stopped,0,0,0,0,0,VALID,VALID
92H-07095,2026-08-02 12:25:00,564.0,0,"Cách Mạng Tháng 8, Phường Cẩm Lệ, TP Đà Nẵng",0.0,5.0,1,0,0.0,0.0,563.9,0.05477225248480937,5.0,1,Stopped,0,0,0,0,0,VALID,VALID
92H-07095,2026-08-02 12:30:00,564.0,0,"Cách Mạng Tháng 8, Phường Cẩm Lệ, TP Đà Nẵng",0.0,5.0,1,0,0.0,0.0,564.0,0.05477225248462516,5.0,1,Stopped,0,0,0,0,0,VALID,VALID
92H-07095,2026-08-02 12:35:00,564.0,0,"Cách Mạng Tháng 8, Phường Cẩm Lệ, TP Đà Nẵng",0.0,5.0,1,0,0.0,0.0,564.0,0.04472135554989235,5.0,1,Stopped,0,0,0,0,0,VALID,VALID
92H-07095,2026-08-02 12:40:00,564.0,0,"Cách Mạng Tháng 8, Phường Cẩm Lệ, TP Đà Nẵng",0.0,5.0,1,0,0.0,0.0,564.0,0.0,5.0,1,Stopped,0,0,0,0,0,VALID,VALID
92H-07095,2026-08-02 12:45:00,564.0,0,"Cách Mạng Tháng 8, Phường Cẩm Lệ, TP Đà Nẵng",0.0,5.0,1,0,0.0,0.0,564.0,0.0,5.0,1,Stopped,0,0,0,0,0,VALID,VALID
92H-07095,2026-08-02 12:50:00,564.0,0,"Cách Mạng Tháng 8, Phường Cẩm Lệ, TP Đà Nẵng",0.0,5.0,1,0,0.0,0.0,564.0,0.0,5.0,1,Stopped,0,0,0,0,0,VALID,VALID
92H-07095,2026-08-02 12:55:00,564.3,0,"Cách Mạng Tháng 8, Phường Cẩm Lệ, TP Đà Nẵng",0.0,5.0,1,0,0.2999999999999545,0.05999999999999091,564.0,0.13416407731631202,5.0,1,Stopped,0,0,0,0,0,VALID,VALID
92H-07095,2026-08-02 13:00:00,564.0,0,"Cách Mạng Tháng 8, Phường Cẩm Lệ, TP Đà Nẵng",0.0,5.0,1,0,-0.2999999999999545,-0.05999999999999091,564.0,0.13416407731631202,5.0,1,Stopped,0,0,0,0,0,VALID,VALID
92H-07095,2026-08-02 13:05:00,564.0,0,"Cách Mạng Tháng 8, Phường Cẩm Lệ, TP Đà Nẵng",0.0,5.0,1,0,0.0,0.0,564.0,0.13416407731631202,5.0,1,Stopped,0,0,0,0,0,VALID,VALID
92H-07095,2026-08-02 13:10:00,564.0,0,"Cách Mạng Tháng 8, Phường Cẩm Lệ, TP Đà Nẵng",0.0,5.0,1,0,0.0,0.0,564.0,0.13416407731631202,5.0,1,Stopped,0,0,0,0,0,VALID,VALID
92H-07095,2026-08-02 13:15:00,564.0,0,"Phường Cẩm Lệ, TP Đà Nẵng",0.0,5.0,1,0,0.0,0.0,564.0,0.13416407731631202,5.0,1,Stopped,0,0,0,0,0,VALID,VALID
92H-07095,2026-08-02 13:20:00,563.9,0,"Phường Cẩm Lệ, TP Đà Nẵng",0.0,5.0,1,0,-0.10000000000002274,-0.02000000000000455,564.0,0.044721355549892365,5.0,1,Stopped,0,0,0,0,0,VALID,VALID
92H-07095,2026-08-02 13:25:00,557.1,38,"Trường Sơn, Phường Cẩm Lệ, TP Đà Nẵng",0.0,5.0,1,0,-6.7999999999999545,-1.359999999999991,564.0,3.0748983722463796,5.0,1,Moving,0,0,0,0,0,VALID,VALID
92H-07095,2026-08-02 13:30:00,562.1,23,"Trường Sơn, Xã Bà Nà, TP Đà Nẵng",0.0,5.0,1,0,5.0,1.0,563.9,2.974390693847024,5.0,1,Moving,0,0,0,0,0,VALID,VALID
92H-07095,2026-08-02 13:35:00,561.7,0,"Trường Sơn, Xã Bà Nà, TP Đà Nẵng",0.0,5.0,1,0,-0.39999999999997726,-0.07999999999999545,562.1,2.8032124428312937,5.0,1,Stopped,0,0,0,0,0,VALID,VALID
92H-07095,2026-08-02 13:40:00,558.6,36,"Quốc Lộ 14B, Xã Bà Nà, TP Đà Nẵng",0.0,5.0,1,0,-3.1000000000000227,-0.6200000000000045,561.7,2.7644167557814074,5.0,1,Moving,0,0,0,0,0,VALID,VALID
92H-07095,2026-08-02 13:45:00,559.8,0,"Quốc Lộ 14B, Xã Hòa Vang, TP Đà Nẵng",0.0,5.0,1,0,1.1999999999999318,0.23999999999998636,559.8,2.0983326713478063,5.0,1,Stopped,0,0,0,0,0,VALID,VALID
92H-07095,2026-08-02 13:50:00,558.3,39,"Quốc Lộ 14B, Xã Hòa Tiến, TP Đà Nẵng",0.0,5.0,1,0,-1.5,-0.3,559.8,1.7421251389167094,5.0,1,Moving,0,0,0,0,0,VALID,VALID
92H-07095,2026-08-02 13:55:00,557.7,35,"Quốc Lộ 14B, Xã Đại Lộc, TP Đà Nẵng",0.0,5.0,1,0,-0.599999999999909,-0.11999999999998182,558.6,1.5833508769840299,5.0,1,Moving,0,0,0,0,0,VALID,VALID
92H-07095,2026-08-02 14:00:00,557.3,56,"Quốc Lộ 14B, Xã Đại Lộc, TP Đà Nẵng",0.0,5.0,1,0,-0.40000000000009095,-0.0800000000000182,558.3,0.9607288897741452,5.0,1,Moving,0,0,0,0,0,VALID,VALID
92H-07095,2026-08-02 14:05:00,554.8,59,"Quốc Lộ 14B, Xã Hà Nha, TP Đà Nẵng",0.0,5.0,1,0,-2.5,-0.5,557.7,1.8212632977269447,5.0,1,Moving,0,0,0,0,0,VALID,VALID
92H-07095,2026-08-02 14:10:00,562.5,0,"Quốc Lộ 14B, Xã Hà Nha, TP Đà Nẵng",0.0,5.0,1,0,7.7000000000000455,1.5400000000000091,557.7,2.7878306978091367,5.0,1,Stopped,0,0,0,0,0,VALID,VALID
92H-07095,2026-08-02 14:15:00,561.1,0,"Xã Hà Nha, TP Đà Nẵng",0.0,5.0,1,0,-1.3999999999999773,-0.2799999999999955,557.7,3.097095413390866,5.0,1,Stopped,0,0,0,0,0,VALID,VALID
92H-07095,2026-08-02 14:20:00,560.8,0,"Xã Hà Nha, TP Đà Nẵng",0.0,5.0,1,0,-0.3000000000000682,-0.06000000000001364,560.8,3.161486991851536,5.0,1,Stopped,0,0,0,0,0,VALID,VALID
92H-07095,2026-08-02 14:25:00,560.6,0,"Xã Hà Nha, TP Đà Nẵng",0.0,5.0,1,0,-0.1999999999999318,-0.03999999999998636,560.8,2.9787581304372743,5.0,1,Stopped,0,0,0,0,0,VALID,VALID
92H-07095,2026-08-02 14:30:00,560.5,0,"Xã Hà Nha, TP Đà Nẵng",0.0,5.0,1,0,-0.10000000000002274,-0.02000000000000455,560.8,0.8154753212976831,5.0,1,Stopped,0,0,0,0,0,VALID,VALID
92H-07095,2026-08-02 14:35:00,554.5,0,"Xã Hà Nha, TP Đà Nẵng",0.0,5.0,1,0,-6.0,-1.2,560.6,2.8044607324129784,5.0,1,Stopped,0,0,0,0,0,VALID,VALID
92H-07095,2026-08-02 14:40:00,554.2,0,"Xã Hà Nha, TP Đà Nẵng",0.0,5.0,1,0,-0.2999999999999545,-0.05999999999999091,560.5,3.4448512304085006,5.0,1,Stopped,0,0,0,0,0,VALID,VALID
92H-07095,2026-08-02 14:45:00,554.2,0,"Xã Hà Nha, TP Đà Nẵng",0.0,5.0,1,0,0.0,0.0,554.5,3.4256386265407017,5.0,1,Stopped,0,0,0,0,0,VALID,VALID
92H-07095,2026-08-02 14:50:00,554.2,0,"Xã Hà Nha, TP Đà Nẵng",0.0,5.0,1,0,0.0,0.0,554.2,2.7869337989353467,5.0,1,Stopped,0,0,0,0,0,VALID,VALID
92H-07095,2026-08-02 14:55:00,554.2,0,"Xã Hà Nha, TP Đà Nẵng",0.0,5.0,1,0,0.0,0.0,554.2,0.13416407734163882,5.0,1,Stopped,0,0,0,0,0,VALID,VALID
92H-07095,2026-08-02 15:00:00,554.2,0,"Xã Hà Nha, TP Đà Nẵng",0.0,5.0,1,0,0.0,0.0,554.2,0.0,5.0,1,Stopped,0,0,0,0,0,VALID,VALID
92H-07095,2026-08-02 15:05:00,554.2,0,"Xã Hà Nha, TP Đà Nẵng",0.0,5.0,1,0,0.0,0.0,554.2,0.0,5.0,1,Stopped,0,0,0,0,0,VALID,VALID
92H-07095,2026-08-02 15:10:00,554.2,0,"Xã Hà Nha, TP Đà Nẵng",0.0,5.0,1,0,0.0,0.0,554.2,0.0,5.0,1,Stopped,0,0,0,0,0,VALID,VALID
92H-07095,2026-08-02 15:15:00,554.0,0,"Xã Hà Nha, TP Đà Nẵng",0.0,5.0,1,0,-0.20000000000004547,-0.0400000000000091,554.2,0.08944271713776746,5.0,1,Stopped,0,0,0,0,0,VALID,VALID
92H-07095,2026-08-02 15:20:00,553.7,0,"Xã Hà Nha, TP Đà Nẵng",0.0,5.0,1,0,-0.2999999999999545,-0.05999999999999091,554.2,0.2190890222010651,5.0,1,Stopped,0,0,0,0,0,VALID,VALID
92H-07095,2026-08-02 15:25:00,553.7,0,"Xã Hà Nha, TP Đà Nẵng",0.0,5.0,1,0,0.0,0.0,554.0,0.2509980072611111,5.0,1,Stopped,0,0,0,0,0,VALID,VALID
92H-07095,2026-08-02 15:30:00,553.4,0,"Xã Hà Nha, TP Đà Nẵng",0.0,5.0,1,0,-0.3000000000000682,-0.06000000000001364,553.7,0.30822069957923737,5.0,1,Stopped,0,0,0,0,0,VALID,VALID
92H-07095,2026-08-02 15:35:00,548.2,0,"Quốc Lộ 14B, Xã Hà Nha, TP Đà Nẵng",0.0,5.0,1,0,-5.199999999999932,-1.0399999999999863,553.7,2.4688053790547535,5.0,1,Stopped,0,0,0,0,0,VALID,VALID
92H-07095,2026-08-02 15:40:00,550.8,44,"Quốc Lộ 14B, Xã Hà Nha, TP Đà Nẵng",0.0,5.0,1,0,2.599999999999909,0.5199999999999818,553.4,2.429609021972494,5.0,1,Moving,0,0,0,0,0,VALID,VALID
92H-07095,2026-08-02 15:45:00,550.4,50,"Quốc Lộ 14B, Xã Đại Lộc, TP Đà Nẵng",0.0,5.0,1,0,-0.39999999999997726,-0.07999999999999545,550.8,2.2825424420261156,5.0,1,Moving,0,0,0,0,0,VALID,VALID
92H-07095,2026-08-02 15:50:00,546.7,48,"Quốc Lộ 14B, Xã Đại Lộc, TP Đà Nẵng",0.0,5.0,1,0,-3.699999999999932,-0.7399999999999863,550.4,2.570992026368709,5.0,1,Moving,0,0,0,0,0,VALID,VALID
92H-07095,2026-08-02 15:55:00,548.4,35,"Quốc Lộ 14B, Xã Hòa Tiến, TP Đà Nẵng",0.0,5.0,1,0,1.6999999999999318,0.33999999999998637,548.4,1.6911534524259946,5.0,1,Moving,0,0,0,0,0,VALID,VALID
92H-07095,2026-08-02 16:00:00,544.8,37,"Xã Hòa Tiến, TP Đà Nẵng",0.0,5.0,1,0,-3.6000000000000227,-0.7200000000000045,548.4,2.5223005371392464,5.0,1,Moving,0,0,0,0,0,VALID,VALID
92H-07095,2026-08-02 16:05:00,544.6,36,"Xã Hòa Tiến, TP Đà Nẵng",0.0,5.0,1,0,-0.1999999999999318,-0.03999999999998636,546.7,2.4600812993992074,5.0,1,Moving,0,0,0,0,0,VALID,VALID
92H-07095,2026-08-02 16:10:00,541.7,0,"Xã Hòa Tiến, TP Đà Nẵng",0.0,5.0,1,0,-2.8999999999999773,-0.5799999999999954,544.8,2.512568406960249,5.0,1,Stopped,0,0,0,0,0,VALID,VALID
92H-07095,2026-08-02 16:15:00,543.0,33,"Phường Hòa Xuân, TP Đà Nẵng",0.0,5.0,1,0,1.2999999999999545,0.2599999999999909,544.6,2.5199206336023976,5.0,1,Moving,0,0,0,0,0,VALID,VALID
92H-07095,2026-08-02 16:20:00,541.5,41,"TOLL STATION DIEN BAN, QUANG NAM_180",0.0,5.0,1,0,-1.5,-0.3,543.0,1.5546703829609647,5.0,1,Moving,0,0,0,0,0,VALID,VALID
92H-07095,2026-08-02 16:25:00,540.1,46,"Quốc Lộ 1, Phường An Thắng, TP Đà Nẵng",0.0,5.0,1,0,-1.3999999999999773,-0.2799999999999955,541.7,1.699117417854488,5.0,1,Moving,0,0,0,0,0,VALID,VALID
92H-07095,2026-08-02 16:30:00,538.2,49,"Quốc Lộ 1, Phường Điện Bàn, TP Đà Nẵng",0.0,5.0,1,0,-1.8999999999999773,-0.37999999999999545,541.5,1.8261982366810727,5.0,1,Moving,0,0,0,0,0,VALID,VALID
92H-07095,2026-08-02 16:35:00,536.7,50,"Quốc Lộ 1, Phường Điện Bàn, TP Đà Nẵng",0.0,5.0,1,0,-1.5,-0.3,540.1,2.516942589662602,5.0,1,Moving,0,0,0,0,0,VALID,VALID
92H-07095,2026-08-02 16:40:00,539.3,0,"Xã Nam Phước, TP Đà Nẵng",0.0,5.0,1,0,2.599999999999909,0.5199999999999818,539.3,1.827019430563846,5.0,1,Stopped,0,0,0,0,0,VALID,VALID
92H-07095,2026-08-02 16:45:00,534.6,0,"Xã Nam Phước, TP Đà Nẵng",0.0,5.0,1,0,-4.699999999999932,-0.9399999999999864,538.2,2.187921387906457,5.0,1,Stopped,0,0,0,0,0,VALID,VALID
92H-07095,2026-08-02 16:50:00,534.6,0,"Xã Nam Phước, TP Đà Nẵng",0.0,5.0,1,0,0.0,0.0,536.7,2.111160818047508,5.0,1,Stopped,0,0,0,0,0,VALID,VALID
92H-07095,2026-08-02 16:55:00,534.6,0,"Xã Nam Phước, TP Đà Nẵng",0.0,5.0,1,0,0.0,0.0,534.6,2.076776348011322,5.0,1,Stopped,0,0,0,0,0,VALID,VALID
92H-07095,2026-08-02 17:00:00,534.6,0,"Xã Nam Phước, TP Đà Nẵng",0.0,5.0,1,0,0.0,0.0,534.6,2.101903898768778,5.0,1,Stopped,0,0,0,0,0,VALID,VALID
92H-07095,2026-08-02 17:05:00,534.6,0,"Xã Nam Phước, TP Đà Nẵng",0.0,5.0,1,0,0.0,0.0,534.6,0.0,5.0,1,Stopped,0,0,0,0,0,VALID,VALID
92H-07095,2026-08-02 17:10:00,534.6,0,"Xã Nam Phước, TP Đà Nẵng",0.0,5.0,1,0,0.0,0.0,534.6,0.0,5.0,1,Stopped,0,0,0,0,0,VALID,VALID
92H-07095,2026-08-02 17:15:00,534.6,0,"Xã Nam Phước, TP Đà Nẵng",0.0,5.0,1,0,0.0,0.0,534.6,0.0,5.0,1,Stopped,0,0,0,0,0,VALID,VALID
92H-07095,2026-08-02 17:20:00,534.6,0,"Xã Nam Phước, TP Đà Nẵng",0.0,5.0,1,0,0.0,0.0,534.6,0.0,5.0,1,Stopped,0,0,0,0,0,VALID,VALID
92H-07095,2026-08-02 17:25:00,534.6,0,"Xã Nam Phước, TP Đà Nẵng",0.0,5.0,1,0,0.0,0.0,534.6,0.0,5.0,1,Stopped,0,0,0,0,0,VALID,VALID
92H-07095,2026-08-02 17:30:00,534.6,0,"Xã Nam Phước, TP Đà Nẵng",0.0,5.0,1,0,0.0,0.0,534.6,0.0,5.0,1,Stopped,0,0,0,0,0,VALID,VALID
92H-07095,2026-08-02 17:35:00,534.6,0,"Xã Nam Phước, TP Đà Nẵng",0.0,5.0,1,0,0.0,0.0,534.6,0.0,5.0,1,Stopped,0,0,0,0,0,VALID,VALID
92H-07095,2026-08-02 17:40:00,534.6,0,"Xã Nam Phước, TP Đà Nẵng",0.0,5.0,1,0,0.0,0.0,534.6,0.0,5.0,1,Stopped,0,0,0,0,0,VALID,VALID
92H-07095,2026-08-02 17:45:00,534.6,0,"Xã Nam Phước, TP Đà Nẵng",0.0,5.0,1,0,0.0,0.0,534.6,0.0,5.0,1,Stopped,0,0,0,0,0,VALID,VALID
92H-07095,2026-08-02 17:50:00,534.6,0,"Xã Nam Phước, TP Đà Nẵng",0.0,5.0,1,0,0.0,0.0,534.6,0.0,5.0,1,Stopped,0,0,0,0,0,VALID,VALID
92H-07095,2026-08-02 17:55:00,534.6,0,"Xã Nam Phước, TP Đà Nẵng",0.0,5.0,1,0,0.0,0.0,534.6,0.0,5.0,1,Stopped,0,0,0,0,0,VALID,VALID
92H-07095,2026-08-02 18:00:00,534.6,0,"Xã Nam Phước, TP Đà Nẵng",0.0,5.0,1,0,0.0,0.0,534.6,0.0,5.0,1,Stopped,0,0,0,0,0,VALID,VALID
92H-07095,2026-08-02 18:05:00,534.6,0,"Xã Nam Phước, TP Đà Nẵng",0.0,5.0,1,0,0.0,0.0,534.6,0.0,5.0,1,Stopped,0,0,0,0,0,VALID,VALID
92H-07095,2026-08-02 18:10:00,534.6,0,"Xã Nam Phước, TP Đà Nẵng",0.0,5.0,1,0,0.0,0.0,534.6,0.0,5.0,1,Stopped,0,0,0,0,0,VALID,VALID
92H-07095,2026-08-02 18:15:00,534.6,0,"Xã Nam Phước, TP Đà Nẵng",0.0,5.0,1,0,0.0,0.0,534.6,0.0,5.0,1,Stopped,0,0,0,0,0,VALID,VALID
92H-07095,2026-08-02 18:20:00,534.6,0,"Xã Nam Phước, TP Đà Nẵng",0.0,5.0,1,0,0.0,0.0,534.6,0.0,5.0,1,Stopped,0,0,0,0,0,VALID,VALID
92H-07095,2026-08-02 18:25:00,534.6,0,"Xã Nam Phước, TP Đà Nẵng",0.0,5.0,1,0,0.0,0.0,534.6,0.0,5.0,1,Stopped,0,0,0,0,0,VALID,VALID
92H-07095,2026-08-02 18:30:00,534.8,0,"Xã Nam Phước, TP Đà Nẵng",0.0,5.0,1,0,0.1999999999999318,0.03999999999998636,534.6,0.08944271719883502,5.0,1,Stopped,0,0,0,0,0,VALID,VALID
92H-07095,2026-08-02 18:35:00,534.8,0,"Xã Nam Phước, TP Đà Nẵng",0.0,5.0,1,0,0.0,0.0,534.6,0.10954450994858635,5.0,1,Stopped,0,0,0,0,0,VALID,VALID
92H-07095,2026-08-02 18:40:00,534.8,0,"Xã Nam Phước, TP Đà Nẵng",0.0,5.0,1,0,0.0,0.0,534.8,0.10954450994844883,5.0,1,Stopped,0,0,0,0,0,VALID,VALID
92H-07095,2026-08-02 18:45:00,534.8,0,"Xã Nam Phước, TP Đà Nẵng",0.0,5.0,1,0,0.0,0.0,534.8,0.08944271719832977,5.0,1,Stopped,0,0,0,0,0,VALID,VALID
92H-07095,2026-08-02 18:50:00,534.9,0,"Xã Nam Phước, TP Đà Nẵng",0.0,5.0,1,0,0.10000000000002274,0.02000000000000455,534.8,0.044721355746285656,5.0,1,Stopped,0,0,0,0,0,VALID,VALID
92H-07095,2026-08-02 18:55:00,534.9,0,"Xã Nam Phước, TP Đà Nẵng",0.0,5.0,1,0,0.0,0.0,534.8,0.05477225264465789,5.0,1,Stopped,0,0,0,0,0,VALID,VALID
92H-07095,2026-08-02 19:00:00,534.9,0,"Xã Nam Phước, TP Đà Nẵng",0.0,5.0,1,0,0.0,0.0,534.9,0.054772252644520375,5.0,1,Stopped,0,0,0,0,0,VALID,VALID
92H-07095,2026-08-02 19:05:00,534.8,0,"Xã Nam Phước, TP Đà Nẵng",0.0,5.0,1,0,-0.10000000000002274,-0.02000000000000455,534.9,0.054772252644520375,5.0,1,Stopped,0,0,0,0,0,VALID,VALID
92H-07095,2026-08-02 19:10:00,534.8,0,"Xã Nam Phước, TP Đà Nẵng",0.0,5.0,1,0,0.0,0.0,534.9,0.054772252644520375,5.0,1,Stopped,0,0,0,0,0,VALID,VALID
92H-07095,2026-08-02 19:15:00,534.8,0,"Xã Nam Phước, TP Đà Nẵng",0.0,5.0,1,0,0.0,0.0,534.8,0.05477225264465789,5.0,1,Stopped,0,0,0,0,0,VALID,VALID
92H-07095,2026-08-02 19:20:00,534.8,0,"Xã Nam Phước, TP Đà Nẵng",0.0,5.0,1,0,0.0,0.0,534.8,0.044721355746252286,5.0,1,Stopped,0,0,0,0,0,VALID,VALID
92H-07095,2026-08-02 19:25:00,534.8,0,"Xã Nam Phước, TP Đà Nẵng",0.0,5.0,1,0,0.0,0.0,534.8,0.0,5.0,1,Stopped,0,0,0,0,0,VALID,VALID
92H-07095,2026-08-02 19:30:00,534.8,0,"Xã Nam Phước, TP Đà Nẵng",0.0,5.0,1,0,0.0,0.0,534.8,0.0,5.0,1,Stopped,0,0,0,0,0,VALID,VALID
92H-07095,2026-08-02 19:35:00,534.8,0,"Xã Nam Phước, TP Đà Nẵng",0.0,5.0,1,0,0.0,0.0,534.8,0.0,5.0,1,Stopped,0,0,0,0,0,VALID,VALID
92H-07095,2026-08-02 19:40:00,534.8,0,"Xã Nam Phước, TP Đà Nẵng",0.0,5.0,1,0,0.0,0.0,534.8,0.0,5.0,1,Stopped,0,0,0,0,0,VALID,VALID
92H-07095,2026-08-02 19:45:00,534.8,0,"Xã Nam Phước, TP Đà Nẵng",0.0,5.0,1,0,0.0,0.0,534.8,0.0,5.0,1,Stopped,0,0,0,0,0,VALID,VALID
92H-07095,2026-08-02 19:50:00,534.8,0,"Xã Nam Phước, TP Đà Nẵng",0.0,5.0,1,0,0.0,0.0,534.8,0.0,5.0,1,Stopped,0,0,0,0,0,VALID,VALID
92H-07095,2026-08-02 19:55:00,534.8,0,"Xã Nam Phước, TP Đà Nẵng",0.0,5.0,1,0,0.0,0.0,534.8,0.0,5.0,1,Stopped,0,0,0,0,0,VALID,VALID
92H-07095,2026-08-02 20:00:00,534.8,0,"Xã Nam Phước, TP Đà Nẵng",0.0,5.0,1,0,0.0,0.0,534.8,0.0,5.0,1,Stopped,0,0,0,0,0,VALID,VALID
92H-07095,2026-08-02 20:05:00,534.8,0,"Xã Nam Phước, TP Đà Nẵng",0.0,5.0,1,0,0.0,0.0,534.8,0.0,5.0,1,Stopped,0,0,0,0,0,VALID,VALID
92H-07095,2026-08-02 20:10:00,534.8,0,"Xã Nam Phước, TP Đà Nẵng",0.0,5.0,1,0,0.0,0.0,534.8,0.0,5.0,1,Stopped,0,0,0,0,0,VALID,VALID
92H-07095,2026-08-02 20:15:00,534.8,0,"Xã Nam Phước, TP Đà Nẵng",0.0,5.0,1,0,0.0,0.0,534.8,0.0,5.0,1,Stopped,0,0,0,0,0,VALID,VALID
92H-07095,2026-08-02 20:20:00,534.9,0,"Xã Nam Phước, TP Đà Nẵng",0.0,5.0,1,0,0.10000000000002274,0.02000000000000455,534.8,0.044721355746252286,5.0,1,Stopped,0,0,0,0,0,VALID,VALID
92H-07095,2026-08-02 20:25:00,534.9,0,"Xã Nam Phước, TP Đà Nẵng",0.0,5.0,1,0,0.0,0.0,534.8,0.05477225264465789,5.0,1,Stopped,0,0,0,0,0,VALID,VALID
92H-07095,2026-08-02 20:30:00,534.9,0,"Xã Nam Phước, TP Đà Nẵng",0.0,5.0,1,0,0.0,0.0,534.9,0.054772252644520375,5.0,1,Stopped,0,0,0,0,0,VALID,VALID
92H-07095,2026-08-02 20:35:00,534.9,0,"Xã Nam Phước, TP Đà Nẵng",0.0,5.0,1,0,0.0,0.0,534.9,0.04472135574578041,5.0,1,Stopped,0,0,0,0,0,VALID,VALID
92H-07095,2026-08-02 20:40:00,534.9,0,"Xã Nam Phước, TP Đà Nẵng",0.0,5.0,1,0,0.0,0.0,534.9,0.0,5.0,1,Stopped,0,0,0,0,0,VALID,VALID
92H-07095,2026-08-02 20:45:00,534.9,0,"Xã Nam Phước, TP Đà Nẵng",0.0,5.0,1,0,0.0,0.0,534.9,0.0,5.0,1,Stopped,0,0,0,0,0,VALID,VALID
92H-07095,2026-08-02 20:50:00,534.9,0,"Xã Nam Phước, TP Đà Nẵng",0.0,5.0,1,0,0.0,0.0,534.9,0.0,5.0,1,Stopped,0,0,0,0,0,VALID,VALID
92H-07095,2026-08-02 20:55:00,534.9,0,"Xã Nam Phước, TP Đà Nẵng",0.0,5.0,1,0,0.0,0.0,534.9,0.0,5.0,1,Stopped,0,0,0,0,0,VALID,VALID
92H-07095,2026-08-02 21:00:00,534.9,0,"Xã Nam Phước, TP Đà Nẵng",0.0,5.0,1,0,0.0,0.0,534.9,0.0,5.0,1,Stopped,0,0,0,0,0,VALID,VALID
92H-07095,2026-08-02 21:05:00,534.9,0,"Xã Nam Phước, TP Đà Nẵng",0.0,5.0,1,0,0.0,0.0,534.9,0.0,5.0,1,Stopped,0,0,0,0,0,VALID,VALID
92H-07095,2026-08-02 21:10:00,534.9,0,"Xã Nam Phước, TP Đà Nẵng",0.0,5.0,1,0,0.0,0.0,534.9,0.0,5.0,1,Stopped,0,0,0,0,0,VALID,VALID
92H-07095,2026-08-02 21:15:00,534.9,0,"Xã Nam Phước, TP Đà Nẵng",0.0,5.0,1,0,0.0,0.0,534.9,0.0,5.0,1,Stopped,0,0,0,0,0,VALID,VALID
92H-07095,2026-08-02 21:20:00,534.9,0,"Xã Nam Phước, TP Đà Nẵng",0.0,5.0,1,0,0.0,0.0,534.9,0.0,5.0,1,Stopped,0,0,0,0,0,VALID,VALID
92H-07095,2026-08-02 21:25:00,534.9,0,"Xã Nam Phước, TP Đà Nẵng",0.0,5.0,1,0,0.0,0.0,534.9,0.0,5.0,1,Stopped,0,0,0,0,0,VALID,VALID
92H-07095,2026-08-02 21:30:00,534.9,0,"Xã Nam Phước, TP Đà Nẵng",0.0,5.0,1,0,0.0,0.0,534.9,0.0,5.0,1,Stopped,0,0,0,0,0,VALID,VALID
92H-07095,2026-08-02 21:35:00,534.9,0,"Xã Nam Phước, TP Đà Nẵng",0.0,5.0,1,0,0.0,0.0,534.9,0.0,5.0,1,Stopped,0,0,0,0,0,VALID,VALID
92H-07095,2026-08-02 21:40:00,534.9,0,"Xã Nam Phước, TP Đà Nẵng",0.0,5.0,1,0,0.0,0.0,534.9,0.0,5.0,1,Stopped,0,0,0,0,0,VALID,VALID
92H-07095,2026-08-02 21:45:00,534.9,0,"Xã Nam Phước, TP Đà Nẵng",0.0,5.0,1,0,0.0,0.0,534.9,0.0,5.0,1,Stopped,0,0,0,0,0,VALID,VALID
92H-07095,2026-08-02 21:50:00,534.9,0,"Xã Nam Phước, TP Đà Nẵng",0.0,5.0,1,0,0.0,0.0,534.9,0.0,5.0,1,Stopped,0,0,0,0,0,VALID,VALID
92H-07095,2026-08-02 21:55:00,534.9,0,"Xã Nam Phước, TP Đà Nẵng",0.0,5.0,1,0,0.0,0.0,534.9,0.0,5.0,1,Stopped,0,0,0,0,0,VALID,VALID
92H-07095,2026-08-02 22:00:00,534.9,0,"Xã Nam Phước, TP Đà Nẵng",0.0,5.0,1,0,0.0,0.0,534.9,0.0,5.0,1,Stopped,0,0,0,0,0,VALID,VALID
92H-07095,2026-08-02 22:05:00,534.9,0,"Xã Nam Phước, TP Đà Nẵng",0.0,5.0,1,0,0.0,0.0,534.9,0.0,5.0,1,Stopped,0,0,0,0,0,VALID,VALID
92H-07095,2026-08-02 22:10:00,534.9,0,"Xã Nam Phước, TP Đà Nẵng",0.0,5.0,1,0,0.0,0.0,534.9,0.0,5.0,1,Stopped,0,0,0,0,0,VALID,VALID
92H-07095,2026-08-02 22:15:00,534.9,0,"Xã Nam Phước, TP Đà Nẵng",0.0,5.0,1,0,0.0,0.0,534.9,0.0,5.0,1,Stopped,0,0,0,0,0,VALID,VALID
92H-07095,2026-08-02 22:20:00,534.9,0,"Xã Nam Phước, TP Đà Nẵng",0.0,5.0,1,0,0.0,0.0,534.9,0.0,5.0,1,Stopped,0,0,0,0,0,VALID,VALID
92H-07095,2026-08-02 22:25:00,534.9,0,"Xã Nam Phước, TP Đà Nẵng",0.0,5.0,1,0,0.0,0.0,534.9,0.0,5.0,1,Stopped,0,0,0,0,0,VALID,VALID
92H-07095,2026-08-02 22:30:00,534.9,0,"Xã Nam Phước, TP Đà Nẵng",0.0,5.0,1,0,0.0,0.0,534.9,0.0,5.0,1,Stopped,0,0,0,0,0,VALID,VALID
92H-07095,2026-08-02 22:35:00,534.9,0,"Xã Nam Phước, TP Đà Nẵng",0.0,5.0,1,0,0.0,0.0,534.9,0.0,5.0,1,Stopped,0,0,0,0,0,VALID,VALID
92H-07095,2026-08-02 22:40:00,534.9,0,"Xã Nam Phước, TP Đà Nẵng",0.0,5.0,1,0,0.0,0.0,534.9,0.0,5.0,1,Stopped,0,0,0,0,0,VALID,VALID
92H-07095,2026-08-02 22:45:00,534.9,0,"Xã Nam Phước, TP Đà Nẵng",0.0,5.0,1,0,0.0,0.0,534.9,0.0,5.0,1,Stopped,0,0,0,0,0,VALID,VALID
92H-07095,2026-08-02 22:50:00,535.1,0,"Xã Nam Phước, TP Đà Nẵng",0.0,5.0,1,0,0.20000000000004547,0.0400000000000091,534.9,0.08944271719766723,5.0,1,Stopped,0,0,0,0,0,VALID,VALID
92H-07095,2026-08-02 22:55:00,535.1,0,"Xã Nam Phước, TP Đà Nẵng",0.0,5.0,1,0,0.0,0.0,534.9,0.10954450994764842,5.0,1,Stopped,0,0,0,0,0,VALID,VALID
92H-07095,2026-08-02 23:00:00,535.1,0,"Xã Nam Phước, TP Đà Nẵng",0.0,5.0,1,0,0.0,0.0,535.1,0.10954450994748756,5.0,1,Stopped,0,0,0,0,0,VALID,VALID
92H-07095,2026-08-02 23:05:00,535.1,0,"Xã Nam Phước, TP Đà Nẵng",0.0,5.0,1,0,0.0,0.0,535.1,0.08944271719710956,5.0,1,Stopped,0,0,0,0,0,VALID,VALID
92H-07095,2026-08-02 23:10:00,535.1,0,"Xã Nam Phước, TP Đà Nẵng",0.0,5.0,1,0,0.0,0.0,535.1,0.0,5.0,1,Stopped,0,0,0,0,0,VALID,VALID
92H-07095,2026-08-02 23:15:00,535.1,0,"Xã Nam Phước, TP Đà Nẵng",0.0,5.0,1,0,0.0,0.0,535.1,0.0,5.0,1,Stopped,0,0,0,0,0,VALID,VALID
92H-07095,2026-08-02 23:20:00,535.1,0,"Xã Nam Phước, TP Đà Nẵng",0.0,5.0,1,0,0.0,0.0,535.1,0.0,5.0,1,Stopped,0,0,0,0,0,VALID,VALID
92H-07095,2026-08-02 23:25:00,535.1,0,"Xã Nam Phước, TP Đà Nẵng",0.0,5.0,1,0,0.0,0.0,535.1,0.0,5.0,1,Stopped,0,0,0,0,0,VALID,VALID
92H-07095,2026-08-02 23:30:00,535.1,0,"Xã Nam Phước, TP Đà Nẵng",0.0,5.0,1,0,0.0,0.0,535.1,0.0,5.0,1,Stopped,0,0,0,0,0,VALID,VALID
92H-07095,2026-08-02 23:35:00,535.1,0,"Xã Nam Phước, TP Đà Nẵng",0.0,5.0,1,0,0.0,0.0,535.1,0.0,5.0,1,Stopped,0,0,0,0,0,VALID,VALID
92H-07095,2026-08-02 23:40:00,535.1,0,"Xã Nam Phước, TP Đà Nẵng",0.0,5.0,1,0,0.0,0.0,535.1,0.0,5.0,1,Stopped,0,0,0,0,0,VALID,VALID
92H-07095,2026-08-02 23:45:00,535.1,0,"Xã Nam Phước, TP Đà Nẵng",0.0,5.0,1,0,0.0,0.0,535.1,0.0,5.0,1,Stopped,0,0,0,0,0,VALID,VALID
92H-07095,2026-08-02 23:50:00,535.1,0,"Xã Nam Phước, TP Đà Nẵng",0.0,5.0,1,0,0.0,0.0,535.1,0.0,5.0,1,Stopped,0,0,0,0,0,VALID,VALID
92H-07095,2026-08-02 23:55:00,535.2,0,"Xã Nam Phước, TP Đà Nẵng",0.0,5.0,1,0,0.10000000000002274,0.02000000000000455,535.1,0.04472135574373082,5.0,1,Stopped,0,0,0,0,0,VALID,VALID
92H-07095,2026-08-03 00:00:00,535.2,0,"Xã Nam Phước, TP Đà Nẵng",0.0,5.0,1,0,0.0,0.0,535.1,0.05477225264257187,5.0,1,Stopped,0,0,0,0,0,VALID,VALID
92H-07095,2026-08-03 00:05:00,535.2,0,"Xã Nam Phước, TP Đà Nẵng",0.0,5.0,1,0,0.0,0.0,535.2,0.05477225264243436,5.0,1,Stopped,0,0,0,0,0,VALID,VALID
92H-07095,2026-08-03 00:10:00,535.2,0,"Xã Nam Phước, TP Đà Nẵng",0.0,5.0,1,0,0.0,0.0,535.2,0.04472135574322557,5.0,1,Stopped,0,0,0,0,0,VALID,VALID
92H-07095,2026-08-03 00:15:00,535.2,0,"Xã Nam Phước, TP Đà Nẵng",0.0,5.0,1,0,0.0,0.0,535.2,0.0,5.0,1,Stopped,0,0,0,0,0,VALID,VALID
92H-07095,2026-08-03 00:20:00,535.2,0,"Xã Nam Phước, TP Đà Nẵng",0.0,5.0,1,0,0.0,0.0,535.2,0.0,5.0,1,Stopped,0,0,0,0,0,VALID,VALID
92H-07095,2026-08-03 00:25:00,535.2,0,"Xã Nam Phước, TP Đà Nẵng",0.0,5.0,1,0,0.0,0.0,535.2,0.0,5.0,1,Stopped,0,0,0,0,0,VALID,VALID
92H-07095,2026-08-03 00:30:00,535.2,0,"Xã Nam Phước, TP Đà Nẵng",0.0,5.0,1,0,0.0,0.0,535.2,0.0,5.0,1,Stopped,0,0,0,0,0,VALID,VALID
92H-07095,2026-08-03 00:35:00,535.2,0,"Xã Nam Phước, TP Đà Nẵng",0.0,5.0,1,0,0.0,0.0,535.2,0.0,5.0,1,Stopped,0,0,0,0,0,VALID,VALID
92H-07095,2026-08-03 00:40:00,535.2,0,"Xã Nam Phước, TP Đà Nẵng",0.0,5.0,1,0,0.0,0.0,535.2,0.0,5.0,1,Stopped,0,0,0,0,0,VALID,VALID
92H-07095,2026-08-03 00:45:00,535.2,0,"Xã Nam Phước, TP Đà Nẵng",0.0,5.0,1,0,0.0,0.0,535.2,0.0,5.0,1,Stopped,0,0,0,0,0,VALID,VALID
92H-07095,2026-08-03 00:50:00,535.2,0,"Xã Nam Phước, TP Đà Nẵng",0.0,5.0,1,0,0.0,0.0,535.2,0.0,5.0,1,Stopped,0,0,0,0,0,VALID,VALID
92H-07095,2026-08-03 00:55:00,535.4,0,"Xã Nam Phước, TP Đà Nẵng",0.0,5.0,1,0,0.1999999999999318,0.03999999999998636,535.2,0.08944271719638983,5.0,1,Stopped,0,0,0,0,0,VALID,VALID
92H-07095,2026-08-03 01:00:00,535.4,0,"Xã Nam Phước, TP Đà Nẵng",0.0,5.0,1,0,0.0,0.0,535.2,0.1095445099466573,5.0,1,Stopped,0,0,0,0,0,VALID,VALID
92H-07095,2026-08-03 01:05:00,535.4,0,"Xã Nam Phước, TP Đà Nẵng",0.0,5.0,1,0,0.0,0.0,535.4,0.10954450994658725,5.0,1,Stopped,0,0,0,0,0,VALID,VALID
92H-07095,2026-08-03 01:10:00,535.4,0,"Xã Nam Phước, TP Đà Nẵng",0.0,5.0,1,0,0.0,0.0,535.4,0.08944271719613243,5.0,1,Stopped,0,0,0,0,0,VALID,VALID
92H-07095,2026-08-03 01:15:00,535.4,0,"Xã Nam Phước, TP Đà Nẵng",0.0,5.0,1,0,0.0,0.0,535.4,0.0,5.0,1,Stopped,0,0,0,0,0,VALID,VALID
92H-07095,2026-08-03 01:20:00,535.4,0,"Xã Nam Phước, TP Đà Nẵng",0.0,5.0,1,0,0.0,0.0,535.4,0.0,5.0,1,Stopped,0,0,0,0,0,VALID,VALID
92H-07095,2026-08-03 01:25:00,535.4,0,"Xã Nam Phước, TP Đà Nẵng",0.0,5.0,1,0,0.0,0.0,535.4,0.0,5.0,1,Stopped,0,0,0,0,0,VALID,VALID
92H-07095,2026-08-03 01:30:00,535.4,0,"Xã Nam Phước, TP Đà Nẵng",0.0,5.0,1,0,0.0,0.0,535.4,0.0,5.0,1,Stopped,0,0,0,0,0,VALID,VALID
92H-07095,2026-08-03 01:35:00,535.4,0,"Xã Nam Phước, TP Đà Nẵng",0.0,5.0,1,0,0.0,0.0,535.4,0.0,5.0,1,Stopped,0,0,0,0,0,VALID,VALID
92H-07095,2026-08-03 01:40:00,535.4,0,"Xã Nam Phước, TP Đà Nẵng",0.0,5.0,1,0,0.0,0.0,535.4,0.0,5.0,1,Stopped,0,0,0,0,0,VALID,VALID
92H-07095,2026-08-03 01:45:00,535.4,0,"Xã Nam Phước, TP Đà Nẵng",0.0,5.0,1,0,0.0,0.0,535.4,0.0,5.0,1,Stopped,0,0,0,0,0,VALID,VALID
92H-07095,2026-08-03 01:50:00,535.4,0,"Xã Nam Phước, TP Đà Nẵng",0.0,5.0,1,0,0.0,0.0,535.4,0.0,5.0,1,Stopped,0,0,0,0,0,VALID,VALID
92H-07095,2026-08-03 01:55:00,535.4,0,"Xã Nam Phước, TP Đà Nẵng",0.0,5.0,1,0,0.0,0.0,535.4,0.0,5.0,1,Stopped,0,0,0,0,0,VALID,VALID
92H-07095,2026-08-03 02:00:00,535.4,0,"Xã Nam Phước, TP Đà Nẵng",0.0,5.0,1,0,0.0,0.0,535.4,0.0,5.0,1,Stopped,0,0,0,0,0,VALID,VALID
92H-07095,2026-08-03 02:05:00,535.4,0,"Xã Nam Phước, TP Đà Nẵng",0.0,5.0,1,0,0.0,0.0,535.4,0.0,5.0,1,Stopped,0,0,0,0,0,VALID,VALID
92H-07095,2026-08-03 02:10:00,535.4,0,"Xã Nam Phước, TP Đà Nẵng",0.0,5.0,1,0,0.0,0.0,535.4,0.0,5.0,1,Stopped,0,0,0,0,0,VALID,VALID
92H-07095,2026-08-03 02:15:00,535.4,0,"Xã Nam Phước, TP Đà Nẵng",0.0,5.0,1,0,0.0,0.0,535.4,0.0,5.0,1,Stopped,0,0,0,0,0,VALID,VALID
92H-07095,2026-08-03 02:20:00,535.4,0,"Xã Nam Phước, TP Đà Nẵng",0.0,5.0,1,0,0.0,0.0,535.4,0.0,5.0,1,Stopped,0,0,0,0,0,VALID,VALID
92H-07095,2026-08-03 02:25:00,535.4,0,"Xã Nam Phước, TP Đà Nẵng",0.0,5.0,1,0,0.0,0.0,535.4,0.0,5.0,1,Stopped,0,0,0,0,0,VALID,VALID
92H-07095,2026-08-03 02:30:00,535.4,0,"Xã Nam Phước, TP Đà Nẵng",0.0,5.0,1,0,0.0,0.0,535.4,0.0,5.0,1,Stopped,0,0,0,0,0,VALID,VALID
92H-07095,2026-08-03 02:35:00,535.4,0,"Xã Nam Phước, TP Đà Nẵng",0.0,5.0,1,0,0.0,0.0,535.4,0.0,5.0,1,Stopped,0,0,0,0,0,VALID,VALID
92H-07095,2026-08-03 02:40:00,535.4,0,"Xã Nam Phước, TP Đà Nẵng",0.0,5.0,1,0,0.0,0.0,535.4,0.0,5.0,1,Stopped,0,0,0,0,0,VALID,VALID
92H-07095,2026-08-03 02:45:00,535.4,0,"Xã Nam Phước, TP Đà Nẵng",0.0,5.0,1,0,0.0,0.0,535.4,0.0,5.0,1,Stopped,0,0,0,0,0,VALID,VALID
92H-07095,2026-08-03 02:50:00,535.4,0,"Xã Nam Phước, TP Đà Nẵng",0.0,5.0,1,0,0.0,0.0,535.4,0.0,5.0,1,Stopped,0,0,0,0,0,VALID,VALID
92H-07095,2026-08-03 02:55:00,535.4,0,"Xã Nam Phước, TP Đà Nẵng",0.0,5.0,1,0,0.0,0.0,535.4,0.0,5.0,1,Stopped,0,0,0,0,0,VALID,VALID
92H-07095,2026-08-03 03:00:00,535.4,0,"Xã Nam Phước, TP Đà Nẵng",0.0,5.0,1,0,0.0,0.0,535.4,0.0,5.0,1,Stopped,0,0,0,0,0,VALID,VALID
92H-07095,2026-08-03 03:05:00,535.4,0,"Xã Nam Phước, TP Đà Nẵng",0.0,5.0,1,0,0.0,0.0,535.4,0.0,5.0,1,Stopped,0,0,0,0,0,VALID,VALID
92H-07095,2026-08-03 03:10:00,535.4,0,"Xã Nam Phước, TP Đà Nẵng",0.0,5.0,1,0,0.0,0.0,535.4,0.0,5.0,1,Stopped,0,0,0,0,0,VALID,VALID
92H-07095,2026-08-03 03:15:00,535.4,0,"Xã Nam Phước, TP Đà Nẵng",0.0,5.0,1,0,0.0,0.0,535.4,0.0,5.0,1,Stopped,0,0,0,0,0,VALID,VALID
92H-07095,2026-08-03 03:20:00,535.4,0,"Xã Nam Phước, TP Đà Nẵng",0.0,5.0,1,0,0.0,0.0,535.4,0.0,5.0,1,Stopped,0,0,0,0,0,VALID,VALID
92H-07095,2026-08-03 03:25:00,535.4,0,"Xã Nam Phước, TP Đà Nẵng",0.0,5.0,1,0,0.0,0.0,535.4,0.0,5.0,1,Stopped,0,0,0,0,0,VALID,VALID
92H-07095,2026-08-03 03:30:00,535.4,0,"Xã Nam Phước, TP Đà Nẵng",0.0,5.0,1,0,0.0,0.0,535.4,0.0,5.0,1,Stopped,0,0,0,0,0,VALID,VALID
92H-07095,2026-08-03 03:35:00,535.4,0,"Xã Nam Phước, TP Đà Nẵng",0.0,5.0,1,0,0.0,0.0,535.4,0.0,5.0,1,Stopped,0,0,0,0,0,VALID,VALID
92H-07095,2026-08-03 03:40:00,535.4,0,"Xã Nam Phước, TP Đà Nẵng",0.0,5.0,1,0,0.0,0.0,535.4,0.0,5.0,1,Stopped,0,0,0,0,0,VALID,VALID
92H-07095,2026-08-03 03:45:00,535.4,0,"Xã Nam Phước, TP Đà Nẵng",0.0,5.0,1,0,0.0,0.0,535.4,0.0,5.0,1,Stopped,0,0,0,0,0,VALID,VALID
92H-07095,2026-08-03 03:50:00,535.4,0,"Xã Nam Phước, TP Đà Nẵng",0.0,5.0,1,0,0.0,0.0,535.4,0.0,5.0,1,Stopped,0,0,0,0,0,VALID,VALID
92H-07095,2026-08-03 03:55:00,535.4,0,"Xã Nam Phước, TP Đà Nẵng",0.0,5.0,1,0,0.0,0.0,535.4,0.0,5.0,1,Stopped,0,0,0,0,0,VALID,VALID
92H-07095,2026-08-03 04:00:00,535.5,0,"Xã Nam Phước, TP Đà Nẵng",0.0,5.0,1,0,0.10000000000002274,0.02000000000000455,535.4,0.044721355742170586,5.0,1,Stopped,0,0,0,0,0,VALID,VALID
92H-07095,2026-08-03 04:05:00,535.5,0,"Xã Nam Phước, TP Đà Nẵng",0.0,5.0,1,0,0.0,0.0,535.4,0.05477225264141211,5.0,1,Stopped,0,0,0,0,0,VALID,VALID
92H-07095,2026-08-03 04:10:00,535.5,0,"Xã Nam Phước, TP Đà Nẵng",0.0,5.0,1,0,0.0,0.0,535.5,0.05477225264138876,5.0,1,Stopped,0,0,0,0,0,VALID,VALID
92H-07095,2026-08-03 04:15:00,535.5,0,"Xã Nam Phước, TP Đà Nẵng",0.0,5.0,1,0,0.0,0.0,535.5,0.044721355742084794,5.0,1,Stopped,0,0,0,0,0,VALID,VALID
92H-07095,2026-08-03 04:20:00,535.5,0,"Xã Nam Phước, TP Đà Nẵng",0.0,5.0,1,0,0.0,0.0,535.5,0.0,5.0,1,Stopped,0,0,0,0,0,VALID,VALID
92H-07095,2026-08-03 04:25:00,535.5,0,"Xã Nam Phước, TP Đà Nẵng",0.0,5.0,1,0,0.0,0.0,535.5,0.0,5.0,1,Stopped,0,0,0,0,0,VALID,VALID
92H-07095,2026-08-03 04:30:00,535.5,0,"Xã Nam Phước, TP Đà Nẵng",0.0,5.0,1,0,0.0,0.0,535.5,0.0,5.0,1,Stopped,0,0,0,0,0,VALID,VALID
92H-07095,2026-08-03 04:35:00,535.5,0,"Xã Nam Phước, TP Đà Nẵng",0.0,5.0,1,0,0.0,0.0,535.5,0.0,5.0,1,Stopped,0,0,0,0,0,VALID,VALID
92H-07095,2026-08-03 04:40:00,535.5,0,"Xã Nam Phước, TP Đà Nẵng",0.0,5.0,1,0,0.0,0.0,535.5,0.0,5.0,1,Stopped,0,0,0,0,0,VALID,VALID
92H-07095,2026-08-03 04:45:00,535.5,0,"Xã Nam Phước, TP Đà Nẵng",0.0,5.0,1,0,0.0,0.0,535.5,0.0,5.0,1,Stopped,0,0,0,0,0,VALID,VALID
92H-07095,2026-08-03 04:50:00,535.5,0,"Xã Nam Phước, TP Đà Nẵng",0.0,5.0,1,0,0.0,0.0,535.5,0.0,5.0,1,Stopped,0,0,0,0,0,VALID,VALID
92H-07095,2026-08-03 04:55:00,535.5,0,"Xã Nam Phước, TP Đà Nẵng",0.0,5.0,1,0,0.0,0.0,535.5,0.0,5.0,1,Stopped,0,0,0,0,0,VALID,VALID
92H-07095,2026-08-03 05:00:00,535.5,0,"Xã Nam Phước, TP Đà Nẵng",0.0,5.0,1,0,0.0,0.0,535.5,0.0,5.0,1,Stopped,0,0,0,0,0,VALID,VALID
92H-07095,2026-08-03 05:05:00,535.5,0,"Xã Nam Phước, TP Đà Nẵng",0.0,5.0,1,0,0.0,0.0,535.5,0.0,5.0,1,Stopped,0,0,0,0,0,VALID,VALID
92H-07095,2026-08-03 05:10:00,535.1,0,"Xã Nam Phước, TP Đà Nẵng",0.0,5.0,1,0,-0.39999999999997726,-0.07999999999999545,535.5,0.17888543724797845,5.0,1,Stopped,0,0,0,0,0,VALID,VALID
92H-07095,2026-08-03 05:15:00,534.8,44,"Quốc Lộ 1, Xã Xuân Phú, TP Đà Nẵng",0.0,5.0,1,0,-0.3000000000000682,-0.06000000000001364,535.5,0.3193743879202032,5.0,1,Moving,0,0,0,0,0,VALID,VALID
92H-07095,2026-08-03 05:20:00,535.2,0,"Quốc Lộ 1, Xã Xuân Phú, TP Đà Nẵng",0.0,5.0,1,0,0.40000000000009095,0.0800000000000182,535.2,0.29495762349767474,5.0,1,Stopped,0,0,0,0,0,VALID,VALID
92H-07095,2026-08-03 05:25:00,532.6,53,"Quốc Lộ 1, Xã Xuân Phú, TP Đà Nẵng",0.0,5.0,1,0,-2.6000000000000227,-0.5200000000000046,535.1,1.1674759096697465,5.0,1,Moving,0,0,0,0,0,VALID,VALID
92H-07095,2026-08-03 05:30:00,530.8,53,"Quốc Lộ 1, Xã Thăng Bình, TP Đà Nẵng",0.0,5.0,1,0,-1.8000000000000682,-0.36000000000001364,534.8,1.9390719428785843,5.0,1,Moving,0,0,0,0,0,VALID,VALID
92H-07095,2026-08-03 05:35:00,526.3,50,"Quốc Lộ 1, Xã Thăng Bình, TP Đà Nẵng",0.0,5.0,1,0,-4.5,-0.9,532.6,3.6177340974231798,5.0,1,Moving,0,0,0,0,0,VALID,VALID
92H-07095,2026-08-03 05:40:00,531.7,0,"Xã Thăng Bình, TP Đà Nẵng",0.0,5.0,1,0,5.400000000000091,1.0800000000000183,531.7,3.2522300041138132,5.0,1,Stopped,0,0,0,0,0,VALID,VALID
92H-07095,2026-08-03 05:45:00,530.7,0,"Xã Thăng Bình, TP Đà Nẵng",0.0,5.0,1,0,-1.0,-0.2,530.8,2.4283739414797005,5.0,1,Stopped,0,0,0,0,0,VALID,VALID
92H-07095,2026-08-03 05:50:00,530.7,0,"Xã Thăng Bình, TP Đà Nẵng",0.0,5.0,1,0,0.0,0.0,530.7,2.132604041930307,5.0,1,Stopped,0,0,0,0,0,VALID,VALID
92H-07095,2026-08-03 05:55:00,530.7,0,"Xã Thăng Bình, TP Đà Nẵng",0.0,5.0,1,0,0.0,0.0,530.7,2.1241468874956615,5.0,1,Stopped,0,0,0,0,0,VALID,VALID
92H-07095,2026-08-03 06:00:00,526.4,47,"Xã Thăng Bình, TP Đà Nẵng",0.0,5.0,1,0,-4.300000000000068,-0.8600000000000136,530.7,2.0803845797490053,5.0,1,Moving,0,0,0,0,0,VALID,VALID
92H-07095,2026-08-03 06:05:00,527.6,10,"Quốc Lộ 14E, Xã Thăng Bình, TP Đà Nẵng",0.0,5.0,1,0,1.2000000000000455,0.2400000000000091,530.7,2.070507184159721,5.0,1,Moving,0,0,0,0,0,VALID,VALID
92H-07095,2026-08-03 06:10:00,524.1,74,"Cao tốc Đà Nẵng-Quảng Ngãi, Xã Thăng Bình, TP Đà Nẵng",0.0,5.0,1,0,-3.5,-0.7,527.6,2.8486839065884655,5.0,1,Moving,0,0,0,0,0,VALID,VALID
92H-07095,2026-08-03 06:15:00,521.9,70,"Cao tốc Đà Nẵng-Quảng Ngãi, Xã Thăng Điền, TP Đà Nẵng",0.0,5.0,1,0,-2.2000000000000455,-0.4400000000000091,526.4,3.359017713507186,5.0,1,Moving,0,0,0,0,0,VALID,VALID
92H-07095,2026-08-03 06:20:00,520.8,71,"Cao tốc Đà Nẵng-Quảng Ngãi, Xã Tây Hồ, TP Đà Nẵng",0.0,5.0,1,0,-1.1000000000000227,-0.22000000000000455,524.1,2.883227358300715,5.0,1,Moving,0,0,0,0,0,VALID,VALID
92H-07095,2026-08-03 06:25:00,518.3,73,"Cao tốc Đà Nẵng-Quảng Ngãi, Xã Chiên Đàn, TP Đà Nẵng",0.0,5.0,1,0,-2.5,-0.5,521.9,3.516105800406582,5.0,1,Moving,0,0,0,0,0,VALID,VALID
92H-07095,2026-08-03 06:30:00,516.9,72,"Cao tốc Đà Nẵng-Quảng Ngãi, Phường Hương Trà, TP Đà Nẵng",0.0,5.0,1,0,-1.3999999999999773,-0.2799999999999955,520.8,2.861817604189918,5.0,1,Moving,0,0,0,0,0,VALID,VALID
92H-07095,2026-08-03 06:35:00,514.2,72,"Cao tốc Đà Nẵng-Quảng Ngãi, Xã Tam Xuân, TP Đà Nẵng",0.0,5.0,1,0,-2.699999999999932,-0.5399999999999864,518.3,3.0784736477108092,5.0,1,Moving,0,0,0,0,0,VALID,VALID
92H-07095,2026-08-03 06:40:00,511.7,74,"Cao tốc Đà Nẵng-Quảng Ngãi, Xã Tam Anh, TP Đà Nẵng",0.0,5.0,1,0,-2.500000000000057,-0.5000000000000113,516.9,3.5407626296673405,5.0,1,Moving,0,0,0,0,0,VALID,VALID
92H-07095,2026-08-03 06:45:00,509.1,78,"Cao tốc Đà Nẵng-Quảng Ngãi, Xã Tam Mỹ, TP Đà Nẵng",0.0,5.0,1,0,-2.599999999999966,-0.5199999999999931,514.2,3.749399951945337,5.0,1,Moving,0,0,0,0,0,VALID,VALID
92H-07095,2026-08-03 06:50:00,506.7,79,"Cao tốc Đà Nẵng-Quảng Ngãi, Xã Núi Thành, TP Đà Nẵng",0.0,5.0,1,0,-2.400000000000034,-0.4800000000000068,511.7,4.032617016237339,5.0,1,Moving,0,0,0,0,0,VALID,VALID
92H-07095,2026-08-03 06:55:00,508.9,0,"Xã Núi Thành, TP Đà Nẵng",0.0,5.0,1,0,2.1999999999999886,0.4399999999999977,509.1,2.8882520665008604,5.0,1,Stopped,0,0,0,0,0,VALID,VALID
92H-07095,2026-08-03 07:00:00,505.3,0,"Xã Núi Thành, TP Đà Nẵng",0.0,5.0,1,0,-3.599999999999966,-0.7199999999999932,508.9,2.455198566235699,5.0,1,Stopped,0,0,0,0,0,VALID,VALID
92H-07095,2026-08-03 07:05:00,503.5,73,"Cao tốc Đà Nẵng-Quảng Ngãi, Xã Bình Sơn, Tỉnh Quảng Ngãi",0.0,5.0,1,0,-1.8000000000000114,-0.36000000000000226,506.7,2.3874672771883816,5.0,1,Moving,0,0,0,0,0,VALID,VALID
92H-07095,2026-08-03 07:10:00,500.9,71,"Cao tốc Đà Nẵng-Quảng Ngãi, Xã Bình Sơn, Tỉnh Quảng Ngãi",0.0,5.0,1,0,-2.6000000000000227,-0.5200000000000046,505.3,3.0509015060543736,5.0,1,Moving,0,0,0,0,0,VALID,VALID
92H-07095,2026-08-03 07:15:00,495.4,79,"Cao tốc Đà Nẵng-Quảng Ngãi, Xã Thọ Phong, Tỉnh Quảng Ngãi",0.0,5.0,1,0,-5.5,-1.1,503.5,5.057667446525557,5.0,1,Moving,0,0,0,0,0,VALID,VALID
92H-07095,2026-08-03 07:20:00,496.6,75,"Cao tốc Đà Nẵng-Quảng Ngãi, Xã Thọ Phong, Tỉnh Quảng Ngãi",0.0,5.0,1,0,1.2000000000000455,0.2400000000000091,500.9,4.280537349404132,5.0,1,Moving,0,0,0,0,0,VALID,VALID
92H-07095,2026-08-03 07:25:00,493.2,77,"Cao tốc Đà Nẵng-Quảng Ngãi, Xã Nghĩa Giang, Tỉnh Quảng Ngãi",0.0,5.0,1,0,-3.400000000000034,-0.6800000000000068,496.6,4.194877828929379,5.0,1,Moving,0,0,0,0,0,VALID,VALID
92H-07095,2026-08-03 07:30:00,491.3,69,"Cao tốc Quảng Ngãi-Hoài Nhơn, Xã Nghĩa Giang, Tỉnh Quảng Ngãi",0.0,5.0,1,0,-1.8999999999999773,-0.37999999999999545,495.4,3.650616386261724,5.0,1,Moving,0,0,0,0,0,VALID,VALID
92H-07095,2026-08-03 07:35:00,489.1,72,"Cao tốc Quảng Ngãi-Hoài Nhơn, Xã Phước Giang, Tỉnh Quảng Ngãi",0.0,5.0,1,0,-2.1999999999999886,-0.4399999999999977,493.2,3.032655601884602,5.0,1,Moving,0,0,0,0,0,VALID,VALID
92H-07095,2026-08-03 07:40:00,487.3,75,"Cao tốc Quảng Ngãi-Hoài Nhơn, Xã Đình Cương, Tỉnh Quảng Ngãi",0.0,5.0,1,0,-1.8000000000000114,-0.36000000000000226,491.3,3.6173194494876415,5.0,1,Moving,0,0,0,0,0,VALID,VALID
92H-07095,2026-08-03 07:45:00,484.6,72,"Cao tốc Quảng Ngãi-Hoài Nhơn, Xã Mộ Đức, Tỉnh Quảng Ngãi",0.0,5.0,1,0,-2.6999999999999886,-0.5399999999999977,489.1,3.3593154063946997,5.0,1,Moving,0,0,0,0,0,VALID,VALID
92H-07095,2026-08-03 07:50:00,483.1,74,"Cao tốc Quảng Ngãi-Hoài Nhơn, Xã Mộ Đức, Tỉnh Quảng Ngãi",0.0,5.0,1,0,-1.5,-0.3,487.3,3.313910077180777,5.0,1,Moving,0,0,0,0,0,VALID,VALID
92H-07095,2026-08-03 07:55:00,480.6,68,"Cao tốc Quảng Ngãi-Hoài Nhơn, Xã Nguyễn Nghiêm, Tỉnh Quảng Ngãi",0.0,5.0,1,0,-2.5,-0.5,484.6,3.361993456216099,5.0,1,Moving,0,0,0,0,0,VALID,VALID
92H-07095,2026-08-03 08:00:00,477.1,72,"Cao tốc Quảng Ngãi-Hoài Nhơn, Xã Nguyễn Nghiêm, Tỉnh Quảng Ngãi",0.0,5.0,1,0,-3.5,-0.7,483.1,3.891400776023901,5.0,1,Moving,0,0,0,0,0,VALID,VALID
92H-07095,2026-08-03 08:05:00,476.5,72,"Cao tốc Quảng Ngãi-Hoài Nhơn, Phường Đức Phổ, Tỉnh Quảng Ngãi",0.0,5.0,1,0,-0.6000000000000227,-0.12000000000000455,480.6,3.5730938974002986,5.0,1,Moving,0,0,0,0,0,VALID,VALID
92H-07095,2026-08-03 08:10:00,473.4,70,"Cao tốc Quảng Ngãi-Hoài Nhơn, Xã Khánh Cường, Tỉnh Quảng Ngãi",0.0,5.0,1,0,-3.1000000000000227,-0.6200000000000045,477.1,3.771339284609542,5.0,1,Moving,0,0,0,0,0,VALID,VALID
92H-07095,2026-08-03 08:15:00,466.9,0,"Cao tốc Quảng Ngãi-Hoài Nhơn, Xã Khánh Cường, Tỉnh Quảng Ngãi",0.0,5.0,1,0,-6.5,-1.3,476.5,5.15121344924078,5.0,1,Stopped,0,0,0,0,0,VALID,VALID
92H-07095,2026-08-03 08:20:00,472.4,0,"Cao tốc Quảng Ngãi-Hoài Nhơn, Phường Hoài Nhơn Bắc, Tỉnh Gia Lai",0.0,5.0,1,0,5.5,1.1,473.4,4.075904807480044,5.0,1,Stopped,0,0,0,0,0,VALID,VALID
92H-07095,2026-08-03 08:25:00,468.1,75,"Cao tốc Quảng Ngãi-Hoài Nhơn, Phường Hoài Nhơn Bắc, Tỉnh Gia Lai",0.0,5.0,1,0,-4.2999999999999545,-0.8599999999999909,472.4,3.9411927128267568,5.0,1,Moving,0,0,0,0,0,VALID,VALID
92H-07095,2026-08-03 08:30:00,465.3,73,"Cao tốc Quảng Ngãi-Hoài Nhơn, Phường Hoài Nhơn Tây, Tỉnh Gia Lai",0.0,5.0,1,0,-2.8000000000000114,-0.5600000000000023,468.1,3.520937375137282,5.0,1,Moving,0,0,0,0,0,VALID,VALID
92H-07095,2026-08-03 08:35:00,462.2,70,"Cao tốc Quảng Ngãi-Hoài Nhơn, Phường Hoài Nhơn, Tỉnh Gia Lai",0.0,5.0,1,0,-3.1000000000000227,-0.6200000000000045,466.9,3.75193283517156,5.0,1,Moving,0,0,0,0,0,VALID,VALID
92H-07095,2026-08-03 08:40:00,459.1,74,"Cao tốc Quảng Ngãi-Hoài Nhơn, Phường Bồng Sơn, Tỉnh Gia Lai",0.0,5.0,1,0,-3.099999999999966,-0.6199999999999932,465.3,5.15334842598851,5.0,1,Moving,0,0,0,0,0,VALID,VALID
92H-07095,2026-08-03 08:45:00,458.3,75,"Cao tốc Hoài Nhơn-Quy Nhơn, Phường Bồng Sơn, Tỉnh Gia Lai",0.0,5.0,1,0,-0.8000000000000114,-0.16000000000000228,462.2,4.1364235759455354,5.0,1,Moving,0,0,0,0,0,VALID,VALID
92H-07095,2026-08-03 08:50:00,454.0,69,"Cao tốc Hoài Nhơn-Quy Nhơn, Xã Hoài Ân, Tỉnh Gia Lai",0.0,5.0,1,0,-4.300000000000011,-0.8600000000000023,459.1,4.254056887212226,5.0,1,Moving,0,0,0,0,0,VALID,VALID
92H-07095,2026-08-03 08:55:00,453.7,69,"Cao tốc Hoài Nhơn-Quy Nhơn, Xã Hoài Ân, Tỉnh Gia Lai",0.0,5.0,1,0,-0.30000000000001137,-0.060000000000002274,458.3,3.6045804193605724,5.0,1,Moving,0,0,0,0,0,VALID,VALID
92H-07095,2026-08-03 09:00:00,448.1,73,"Cao tốc Hoài Nhơn-Quy Nhơn, Xã Phù Mỹ Tây, Tỉnh Gia Lai",0.0,5.0,1,0,-5.599999999999966,-1.1199999999999932,454.0,4.397499289327682,5.0,1,Moving,0,0,0,0,0,VALID,VALID
92H-07095,2026-08-03 09:05:00,449.3,71,"Cao tốc Hoài Nhơn-Quy Nhơn, Xã Phù Mỹ Tây, Tỉnh Gia Lai",0.0,5.0,1,0,1.1999999999999886,0.23999999999999772,453.7,4.085584413475914,5.0,1,Moving,0,0,0,0,0,VALID,VALID
92H-07095,2026-08-03 09:10:00,448.0,72,"Xã Phù Mỹ Nam, Tỉnh Gia Lai",0.0,5.0,1,0,-1.3000000000000114,-0.2600000000000023,449.3,2.9944949490084736,5.0,1,Moving,0,0,0,0,0,VALID,VALID
92H-07095,2026-08-03 09:15:00,446.7,72,"Cao tốc Hoài Nhơn-Quy Nhơn, Xã Phù Mỹ Nam, Tỉnh Gia Lai",0.0,5.0,1,0,-1.3000000000000114,-0.2600000000000023,448.1,2.6996296041563226,5.0,1,Moving,0,0,0,0,0,VALID,VALID
92H-07095,2026-08-03 09:20:00,443.0,73,"Cao tốc Hoài Nhơn-Quy Nhơn, Xã Hòa Hội, Tỉnh Gia Lai",0.0,5.0,1,0,-3.6999999999999886,-0.7399999999999978,448.0,2.4283739414754755,5.0,1,Moving,0,0,0,0,0,VALID,VALID
92H-07095,2026-08-03 09:25:00,441.1,74,"Cao tốc Hoài Nhơn-Quy Nhơn, Xã Bình Hiệp, Tỉnh Gia Lai",0.0,5.0,1,0,-1.8999999999999773,-0.37999999999999545,446.7,3.4521008095994334,5.0,1,Moving,0,0,0,0,0,VALID,VALID
92H-07095,2026-08-03 09:30:00,439.2,74,"Xã Bình Hiệp, Tỉnh Gia Lai",0.0,5.0,1,0,-1.900000000000034,-0.38000000000000683,443.0,3.7060760919923115,5.0,1,Moving,0,0,0,0,0,VALID,VALID
92H-07095,2026-08-03 09:35:00,437.1,70,"Cao tốc Hoài Nhơn-Quy Nhơn, Phường Bình Định, Tỉnh Gia Lai",0.0,5.0,1,0,-2.099999999999966,-0.41999999999999316,441.1,3.6765472932680634,5.0,1,Moving,0,0,0,0,0,VALID,VALID
92H-07095,2026-08-03 09:40:00,434.6,72,"Cao tốc Hoài Nhơn-Quy Nhơn, Phường An Nhơn Nam, Tỉnh Gia Lai",0.0,5.0,1,0,-2.5,-0.5,439.2,3.294692701851958,5.0,1,Moving,0,0,0,0,0,VALID,VALID
92H-07095,2026-08-03 09:45:00,436.2,77,"Cao tốc Quy Nhơn–Chí Thạnh, Xã Tuy Phước Tây, Tỉnh Gia Lai",0.0,5.0,1,0,1.599999999999966,0.3199999999999932,437.1,2.550098037259853,5.0,1,Moving,0,0,0,0,0,VALID,VALID
92H-07095,2026-08-03 09:50:00,429.9,76,"Xã Tuy Phước Tây, Tỉnh Gia Lai",0.0,5.0,1,0,-6.300000000000011,-1.2600000000000022,436.2,3.4949964234082525,5.0,1,Moving,0,0,0,0,0,VALID,VALID
92H-07095,2026-08-03 09:55:00,429.2,75,"Cao tốc Quy Nhơn–Chí Thạnh, Phường Quy Nhơn Tây, Tỉnh Gia Lai",0.0,5.0,1,0,-0.6999999999999886,-0.13999999999999774,434.6,3.6352441458087035,5.0,1,Moving,0,0,0,0,0,VALID,VALID
92H-07095,2026-08-03 10:00:00,421.8,13,"Cao tốc Quy Nhơn–Chí Thạnh, Phường Quy Nhơn Tây, Tỉnh Gia Lai",0.0,5.0,1,0,-7.399999999999977,-1.4799999999999955,429.9,5.632761312148435,5.0,1,Moving,0,0,0,0,0,VALID,VALID
92H-07095,2026-08-03 10:05:00,425.7,0,"Cao tốc Quy Nhơn–Chí Thạnh, Phường Quy Nhơn Tây, Tỉnh Gia Lai",0.0,5.0,1,0,3.8999999999999773,0.7799999999999955,429.2,5.349112075815578,5.0,1,Stopped,0,0,0,0,0,VALID,VALID
92H-07095,2026-08-03 10:10:00,425.4,0,"Cao tốc Quy Nhơn–Chí Thạnh, Phường Quy Nhơn Tây, Tỉnh Gia Lai",0.0,5.0,1,0,-0.30000000000001137,-0.060000000000002274,425.7,3.2687918256805606,5.0,1,Stopped,0,0,0,0,0,VALID,VALID
92H-07095,2026-08-03 10:15:00,423.9,0,"Xã Xuân Lộc, Tỉnh Đắk Lắk",0.0,5.0,1,0,-1.5,-0.3,425.4,2.717535648273276,5.0,1,Stopped,0,0,0,0,0,VALID,VALID
92H-07095,2026-08-03 10:20:00,423.6,0,"Xã Xuân Lộc, Tỉnh Đắk Lắk",0.0,5.0,1,0,-0.2999999999999545,-0.05999999999999091,423.9,1.5674820571974808,5.0,1,Stopped,0,0,0,0,0,VALID,VALID
92H-07095,2026-08-03 10:25:00,423.5,0,"Xã Xuân Lộc, Tỉnh Đắk Lắk",0.0,5.0,1,0,-0.10000000000002274,-0.02000000000000455,423.9,1.0473776776483583,5.0,1,Stopped,0,0,0,0,0,VALID,VALID
92H-07095,2026-08-03 10:30:00,423.3,0,"Xã Xuân Lộc, Tỉnh Đắk Lắk",0.0,5.0,1,0,-0.19999999999998863,-0.039999999999997725,423.6,0.8443932730878659,5.0,1,Stopped,0,0,0,0,0,VALID,VALID
92H-07095,2026-08-03 10:35:00,421.4,72,"Cao tốc Quy Nhơn–Chí Thạnh, Xã Xuân Lộc, Tỉnh Đắk Lắk",0.0,5.0,1,0,-1.900000000000034,-0.38000000000000683,423.5,0.99649385328564,5.0,1,Moving,0,0,0,0,0,VALID,VALID
92H-07095,2026-08-03 10:40:00,414.1,38,"Cao tốc Quy Nhơn–Chí Thạnh, Xã Xuân Lộc, Tỉnh Đắk Lắk",0.0,5.0,1,0,-7.2999999999999545,-1.4599999999999909,423.3,4.059187110695437,5.0,1,Moving,0,0,0,0,0,VALID,VALID
92H-07095,2026-08-03 10:45:00,412.9,66,"Cao tốc Quy Nhơn–Chí Thạnh, Xã Xuân Cảnh, Tỉnh Đắk Lắk",0.0,5.0,1,0,-1.2000000000000455,-0.2400000000000091,421.4,5.140817055647471,5.0,1,Moving,0,0,0,0,0,VALID,VALID
92H-07095,2026-08-03 10:50:00,413.0,74,"Cao tốc Quy Nhơn–Chí Thạnh, Xã Xuân Thọ, Tỉnh Đắk Lắk",0.0,5.0,1,0,0.10000000000002274,0.02000000000000455,414.1,5.006296035956694,5.0,1,Moving,0,0,0,0,0,VALID,VALID
92H-07095,2026-08-03 10:55:00,408.0,45,"Cao tốc Quy Nhơn–Chí Thạnh, Xã Xuân Thọ, Tỉnh Đắk Lắk",0.0,5.0,1,0,-5.0,-1.0,413.0,4.819439801432855,5.0,1,Moving,0,0,0,0,0,VALID,VALID
92H-07095,2026-08-03 11:00:00,409.5,55,"Cao tốc Quy Nhơn–Chí Thạnh, Xã Xuân Thọ, Tỉnh Đắk Lắk",0.0,5.0,1,0,1.5,0.3,412.9,2.608639492079146,5.0,1,Moving,0,0,0,0,0,VALID,VALID
92H-07095,2026-08-03 11:05:00,398.9,25,"Cao tốc Quy Nhơn–Chí Thạnh, Xã Xuân Thọ, Tỉnh Đắk Lắk",0.0,5.0,1,0,-10.600000000000023,-2.1200000000000045,409.5,5.7665414244271656,5.0,1,Moving,0,0,1,0,1,LARGE_DELTA,VALID
92H-07095,2026-08-03 11:10:00,408.2,81,"Cao tốc Quy Nhơn–Chí Thạnh, Xã Tuy An Bắc, Tỉnh Đắk Lắk",0.0,5.0,1,0,9.300000000000011,1.8600000000000023,408.2,5.218907931707012,5.0,1,Moving,0,0,1,0,1,LARGE_DELTA,VALID
92H-07095,2026-08-03 11:15:00,401.3,70,"Cao tốc Chí Thạnh-Vân Phong, Xã Tuy An Bắc, Tỉnh Đắk Lắk",0.0,5.0,1,0,-6.899999999999977,-1.3799999999999955,408.0,4.749421017306632,5.0,1,Moving,0,0,0,0,0,VALID,VALID
92H-07095,2026-08-03 11:20:00,403.8,71,"Cao tốc Chí Thạnh-Vân Phong, Xã Ô Loan, Tỉnh Đắk Lắk",0.0,5.0,1,0,2.5,0.5,403.8,4.490322928212827,5.0,1,Moving,0,0,0,0,0,VALID,VALID
92H-07095,2026-08-03 11:25:00,398.9,74,"Cao tốc Chí Thạnh-Vân Phong, Xã Tuy An Nam, Tỉnh Đắk Lắk",0.0,5.0,1,0,-4.900000000000034,-0.9800000000000069,401.3,3.9098593324611337,5.0,1,Moving,0,0,0,0,0,VALID,VALID
92H-07095,2026-08-03 11:30:00,398.5,73,"Cao tốc Chí Thạnh-Vân Phong, Phường Bình Kiến, Tỉnh Đắk Lắk",0.0,5.0,1,0,-0.39999999999997726,-0.07999999999999545,401.3,3.9978744352009583,5.0,1,Moving,0,0,0,0,0,VALID,VALID
92H-07095,2026-08-03 11:35:00,391.4,74,"Cao tốc Chí Thạnh-Vân Phong, Phường Bình Kiến, Tỉnh Đắk Lắk",0.0,5.0,1,0,-7.100000000000023,-1.4200000000000046,398.9,4.639719819087442,5.0,1,Moving,0,0,0,0,0,VALID,VALID
92H-07095,2026-08-03 11:40:00,389.8,70,"Cao tốc Chí Thạnh-Vân Phong, Phường Tuy Hòa, Tỉnh Đắk Lắk",0.0,5.0,1,0,-1.599999999999966,-0.3199999999999932,398.5,5.78679531343836,5.0,1,Moving,0,0,0,0,0,VALID,VALID
92H-07095,2026-08-03 11:45:00,387.3,74,"Cao tốc Chí Thạnh-Vân Phong, Phường Đông Hòa, Tỉnh Đắk Lắk",0.0,5.0,1,0,-2.5,-0.5,391.4,5.248523601893319,5.0,1,Moving,0,0,0,0,0,VALID,VALID
92H-07095,2026-08-03 11:50:00,385.7,68,"Cao tốc Chí Thạnh-Vân Phong, Phường Đông Hòa, Tỉnh Đắk Lắk",0.0,5.0,1,0,-1.6000000000000227,-0.32000000000000456,389.8,4.9641716327732555,5.0,1,Moving,0,0,0,0,0,VALID,VALID
92H-07095,2026-08-03 11:55:00,384.5,52,"Quốc Lộ 1, Xã Hòa Xuân, Tỉnh Đắk Lắk",0.0,5.0,1,0,-1.1999999999999886,-0.23999999999999772,387.3,2.850087717883445,5.0,1,Moving,0,0,0,0,0,VALID,VALID
92H-07095,2026-08-03 12:00:00,383.4,0,"Quốc Lộ 1, Xã Hòa Xuân, Tỉnh Đắk Lắk",0.0,5.0,1,0,-1.1000000000000227,-0.22000000000000455,385.7,2.5065913108501987,5.0,1,Stopped,0,0,0,0,0,VALID,VALID
92H-07095,2026-08-03 12:05:00,383.2,0,"Quốc Lộ 1, Xã Hòa Xuân, Tỉnh Đắk Lắk",0.0,5.0,1,0,-0.19999999999998863,-0.039999999999997725,384.5,1.7079227147705784,5.0,1,Stopped,0,0,0,0,0,VALID,VALID
92H-07095,2026-08-03 12:10:00,383.2,0,"Quốc Lộ 1, Xã Hòa Xuân, Tỉnh Đắk Lắk",0.0,5.0,1,0,0.0,0.0,383.4,1.0931605552840842,5.0,1,Stopped,0,0,0,0,0,VALID,VALID
92H-07095,2026-08-03 12:15:00,383.2,0,"Quốc Lộ 1, Xã Hòa Xuân, Tỉnh Đắk Lắk",0.0,5.0,1,0,0.0,0.0,383.2,0.5656854246211602,5.0,1,Stopped,0,0,0,0,0,VALID,VALID
92H-07095,2026-08-03 12:20:00,383.2,0,"Quốc Lộ 1, Xã Hòa Xuân, Tỉnh Đắk Lắk",0.0,5.0,1,0,0.0,0.0,383.2,0.08944271702440695,5.0,1,Stopped,0,0,0,0,0,VALID,VALID
92H-07095,2026-08-03 12:25:00,383.2,0,"Quốc Lộ 1, Xã Hòa Xuân, Tỉnh Đắk Lắk",0.0,5.0,1,0,0.0,0.0,383.2,0.0,5.0,1,Stopped,0,0,0,0,0,VALID,VALID
92H-07095,2026-08-03 12:30:00,383.2,0,"Quốc Lộ 1, Xã Hòa Xuân, Tỉnh Đắk Lắk",0.0,5.0,1,0,0.0,0.0,383.2,0.0,5.0,1,Stopped,0,0,0,0,0,VALID,VALID
92H-07095,2026-08-03 12:35:00,383.2,0,"Quốc Lộ 1, Xã Hòa Xuân, Tỉnh Đắk Lắk",0.0,5.0,1,0,0.0,0.0,383.2,0.0,5.0,1,Stopped,0,0,0,0,0,VALID,VALID
92H-07095,2026-08-03 12:40:00,383.2,0,"Quốc Lộ 1, Xã Hòa Xuân, Tỉnh Đắk Lắk",0.0,5.0,1,0,0.0,0.0,383.2,0.0,5.0,1,Stopped,0,0,0,0,0,VALID,VALID
92H-07095,2026-08-03 12:45:00,383.2,0,"Quốc Lộ 1, Xã Hòa Xuân, Tỉnh Đắk Lắk",0.0,5.0,1,0,0.0,0.0,383.2,0.0,5.0,1,Stopped,0,0,0,0,0,VALID,VALID
92H-07095,2026-08-03 12:50:00,383.2,0,"Quốc Lộ 1, Xã Hòa Xuân, Tỉnh Đắk Lắk",0.0,5.0,1,0,0.0,0.0,383.2,0.0,5.0,1,Stopped,0,0,0,0,0,VALID,VALID
92H-07095,2026-08-03 12:55:00,383.2,0,"Quốc Lộ 1, Xã Hòa Xuân, Tỉnh Đắk Lắk",0.0,5.0,1,0,0.0,0.0,383.2,0.0,5.0,1,Stopped,0,0,0,0,0,VALID,VALID
92H-07095,2026-08-03 13:00:00,383.2,0,"Quốc Lộ 1, Xã Hòa Xuân, Tỉnh Đắk Lắk",0.0,5.0,1,0,0.0,0.0,383.2,0.0,5.0,1,Stopped,0,0,0,0,0,VALID,VALID
92H-07095,2026-08-03 13:05:00,381.3,48,"Quốc Lộ 1, Xã Hòa Xuân, Tỉnh Đắk Lắk",0.0,5.0,1,0,-1.8999999999999773,-0.37999999999999545,383.2,0.8497058312313496,5.0,1,Moving,0,0,0,0,0,VALID,VALID
92H-07095,2026-08-03 13:10:00,372.9,37,"Đường dẫn hầm Cổ Mã, Xã Hòa Xuân, Tỉnh Đắk Lắk",0.0,5.0,1,0,-8.400000000000034,-1.6800000000000068,383.2,4.4702348931155775,5.0,1,Moving,0,0,0,0,0,VALID,VALID
92H-07095,2026-08-03 13:15:00,381.4,0,"Hầm Đèo Cả, Xã Hòa Xuân, Tỉnh Đắk Lắk",0.0,5.0,1,0,8.5,1.7,381.4,4.293599888162373,5.0,1,Stopped,0,0,0,0,0,VALID,VALID
92H-07095,2026-08-03 13:20:00,377.2,0,"Đường dẫn hầm Cổ Mã, Xã Đại Lãnh, Tỉnh Khánh Hòa",0.0,5.0,1,0,-4.199999999999989,-0.8399999999999977,381.3,4.151505750884558,5.0,1,Stopped,0,0,0,0,0,VALID,VALID
92H-07095,2026-08-03 13:25:00,376.7,71,"Cao tốc Vân Phong-Nha Trang, Xã Tu Bông, Tỉnh Khánh Hòa",0.0,5.0,1,0,-0.5,-0.1,377.2,3.5616007636492824,5.0,1,Moving,0,0,0,0,0,VALID,VALID
92H-07095,2026-08-03 13:30:00,371.6,72,"Cao tốc Vân Phong-Nha Trang, Xã Tu Bông, Tỉnh Khánh Hòa",0.0,5.0,1,0,-5.099999999999966,-1.0199999999999931,376.7,3.8746612754699523,5.0,1,Moving,0,0,0,0,0,VALID,VALID
92H-07095,2026-08-03 13:35:00,370.9,74,"Cao tốc Vân Phong-Nha Trang, Xã Vạn Thắng, Tỉnh Khánh Hòa",0.0,5.0,1,0,-0.7000000000000455,-0.1400000000000091,376.7,4.344306618969979,5.0,1,Moving,0,0,0,0,0,VALID,VALID
92H-07095,2026-08-03 13:40:00,368.2,74,"Cao tốc Vân Phong-Nha Trang, Xã Vạn Ninh, Tỉnh Khánh Hòa",0.0,5.0,1,0,-2.6999999999999886,-0.5399999999999977,371.6,3.8957669334324576,5.0,1,Moving,0,0,0,0,0,VALID,VALID
92H-07095,2026-08-03 13:45:00,367.2,73,"Cao tốc Vân Phong-Nha Trang, Xã Vạn Hưng, Tỉnh Khánh Hòa",0.0,5.0,1,0,-1.0,-0.2,370.9,3.7117381372647182,5.0,1,Moving,0,0,0,0,0,VALID,VALID
92H-07095,2026-08-03 13:50:00,364.6,75,"Cao tốc Vân Phong-Nha Trang, Xã Bắc Ninh Hòa, Tỉnh Khánh Hòa",0.0,5.0,1,0,-2.599999999999966,-0.5199999999999931,368.2,2.8442925305996356,5.0,1,Moving,0,0,0,0,0,VALID,VALID
92H-07095,2026-08-03 13:55:00,362.9,72,"Cao tốc Vân Phong-Nha Trang, Xã Hòa Trí, Tỉnh Khánh Hòa",0.0,5.0,1,0,-1.7000000000000455,-0.3400000000000091,367.2,3.1213779008035214,5.0,1,Moving,0,0,0,0,0,VALID,VALID
92H-07095,2026-08-03 14:00:00,359.9,73,"Cao tốc Vân Phong-Nha Trang, Xã Tân Định, Tỉnh Khánh Hòa",0.0,5.0,1,0,-3.0,-0.6,364.6,3.3426037754457743,5.0,1,Moving,0,0,0,0,0,VALID,VALID
92H-07095,2026-08-03 14:05:00,357.5,72,"Cao tốc Vân Phong-Nha Trang, Xã Nam Ninh Hòa, Tỉnh Khánh Hòa",0.0,5.0,1,0,-2.3999999999999773,-0.47999999999999543,362.9,3.8206020467491864,5.0,1,Moving,0,0,0,0,0,VALID,VALID
92H-07095,2026-08-03 14:10:00,352.8,58,"Cao tốc Vân Phong-Nha Trang, Xã Nam Ninh Hòa, Tỉnh Khánh Hòa",0.0,5.0,1,0,-4.699999999999989,-0.9399999999999977,359.9,4.653278414153168,5.0,1,Moving,0,0,0,0,0,VALID,VALID
92H-07095,2026-08-03 14:15:00,355.2,72,"Cao tốc Vân Phong-Nha Trang, Xã Bắc Khánh Vĩnh, Tỉnh Khánh Hòa",0.0,5.0,1,0,2.3999999999999773,0.47999999999999543,357.5,3.942461160192152,5.0,1,Moving,0,0,0,0,0,VALID,VALID
92H-07095,2026-08-03 14:20:00,351.2,75,"Cao tốc Vân Phong-Nha Trang, Xã Diên Lâm, Tỉnh Khánh Hòa",0.0,5.0,1,0,-4.0,-0.8,355.2,3.502427729393371,5.0,1,Moving,0,0,0,0,0,VALID,VALID
92H-07095,2026-08-03 14:25:00,349.6,76,"Cao tốc Vân Phong-Nha Trang, Xã Diên Lâm, Tỉnh Khánh Hòa",0.0,5.0,1,0,-1.599999999999966,-0.3199999999999932,352.8,3.1461087075343754,5.0,1,Moving,0,0,0,0,0,VALID,VALID
92H-07095,2026-08-03 14:30:00,346.9,65,"Cao tốc Vân Phong-Nha Trang, Xã Diên Thọ, Tỉnh Khánh Hòa",0.0,5.0,1,0,-2.7000000000000455,-0.5400000000000091,351.2,3.1461087075343754,5.0,1,Moving,0,0,0,0,0,VALID,VALID
92H-07095,2026-08-03 14:35:00,345.5,75,"Cao tốc Nha Trang-Cam Lâm, Xã Suối Hiệp, Tỉnh Khánh Hòa",0.0,5.0,1,0,-1.3999999999999773,-0.2799999999999955,349.6,3.807492613206687,5.0,1,Moving,0,0,0,0,0,VALID,VALID
92H-07095,2026-08-03 14:40:00,341.2,67,"Cao tốc Nha Trang-Cam Lâm, Xã Cam Hiệp, Tỉnh Khánh Hòa",0.0,5.0,1,0,-4.300000000000011,-0.8600000000000023,346.9,3.8803350370326575,5.0,1,Moving,0,0,0,0,0,VALID,VALID
92H-07095,2026-08-03 14:45:00,340.9,72,"Cao tốc Nha Trang-Cam Lâm, Xã Cam Hiệp, Tỉnh Khánh Hòa",0.0,5.0,1,0,-0.30000000000001137,-0.060000000000002274,345.5,3.7452636755805404,5.0,1,Moving,0,0,0,0,0,VALID,VALID
92H-07095,2026-08-03 14:50:00,337.7,73,"Cao tốc Nha Trang-Cam Lâm, Xã Cam Hiệp, Tỉnh Khánh Hòa",0.0,5.0,1,0,-3.1999999999999886,-0.6399999999999977,341.2,3.72934310564508,5.0,1,Moving,0,0,0,0,0,VALID,VALID
92H-07095,2026-08-03 14:55:00,332.8,66,"Cao tốc Nha Trang-Cam Lâm, Xã Cam An, Tỉnh Khánh Hòa",0.0,5.0,1,0,-4.899999999999977,-0.9799999999999954,340.9,4.714551940494638,5.0,1,Moving,0,0,0,0,0,VALID,VALID
92H-07095,2026-08-03 15:00:00,334.4,71,"Cao tốc Nha Trang-Cam Lâm, Xã Cam An, Tỉnh Khánh Hòa",0.0,5.0,1,0,1.599999999999966,0.3199999999999932,337.7,3.772929895932492,5.0,1,Moving,0,0,0,0,0,VALID,VALID
92H-07095,2026-08-03 15:05:00,330.6,75,"Cao tốc Nha Trang-Cam Lâm, Phường Ba Ngòi, Tỉnh Khánh Hòa",0.0,5.0,1,0,-3.7999999999999545,-0.7599999999999909,334.4,4.070257977035409,5.0,1,Moving,0,0,0,0,0,VALID,VALID
92H-07095,2026-08-03 15:10:00,330.9,73,"Cao tốc Cam Lâm-Vĩnh Hảo, Xã Nam Cam Ranh, Tỉnh Khánh Hòa",0.0,5.0,1,0,0.2999999999999545,0.05999999999999091,332.8,2.90981099035999,5.0,1,Moving,0,0,0,0,0,VALID,VALID
92H-07095,2026-08-03 15:15:00,320.6,37,"Cao tốc Cam Lâm-Vĩnh Hảo, Xã Nam Cam Ranh, Tỉnh Khánh Hòa",0.0,5.0,1,0,-10.299999999999955,-2.0599999999999907,330.9,5.399814811604067,5.0,1,Moving,0,0,1,0,1,LARGE_DELTA,VALID
92H-07095,2026-08-03 15:20:00,328.4,81,"Cao tốc Cam Lâm-Vĩnh Hảo, Xã Công Hải, Tỉnh Khánh Hòa",0.0,5.0,1,0,7.7999999999999545,1.559999999999991,330.6,5.15383352463178,5.0,1,Moving,0,0,0,0,0,VALID,VALID
92H-07095,2026-08-03 15:25:00,319.8,73,"Cao tốc Cam Lâm-Vĩnh Hảo, Xã Thuận Bắc, Tỉnh Khánh Hòa",0.0,5.0,1,0,-8.599999999999966,-1.719999999999993,328.4,5.443160846384917,5.0,1,Moving,0,0,0,0,0,VALID,VALID
92H-07095,2026-08-03 15:30:00,318.6,76,"Cao tốc Cam Lâm-Vĩnh Hảo, Xã Thuận Bắc, Tỉnh Khánh Hòa",0.0,5.0,1,0,-1.1999999999999886,-0.23999999999999772,320.6,5.584621741856549,5.0,1,Moving,0,0,0,0,0,VALID,VALID
92H-07095,2026-08-03 15:35:00,317.6,73,"Cao tốc Cam Lâm-Vĩnh Hảo, Xã Mỹ Sơn, Tỉnh Khánh Hòa",0.0,5.0,1,0,-1.0,-0.2,319.8,4.291852746730235,5.0,1,Moving,0,0,0,0,0,VALID,VALID
92H-07095,2026-08-03 15:40:00,317.3,68,"Cao tốc Cam Lâm-Vĩnh Hảo, Phường Đô Vinh, Tỉnh Khánh Hòa",0.0,5.0,1,0,-0.30000000000001137,-0.060000000000002274,318.6,4.610639868783465,5.0,1,Moving,0,0,0,0,0,VALID,VALID
92H-07095,2026-08-03 15:45:00,313.1,73,"Cao tốc Cam Lâm-Vĩnh Hảo, Xã Phước Hậu, Tỉnh Khánh Hòa",0.0,5.0,1,0,-4.199999999999989,-0.8399999999999977,317.6,2.5331798198340687,5.0,1,Moving,0,0,0,0,0,VALID,VALID
92H-07095,2026-08-03 15:50:00,308.9,70,"Cao tốc Cam Lâm-Vĩnh Hảo, Xã Phước Hữu, Tỉnh Khánh Hòa",0.0,5.0,1,0,-4.2000000000000455,-0.8400000000000091,317.3,4.055243519150707,5.0,1,Moving,0,0,0,0,0,VALID,VALID
92H-07095,2026-08-03 15:55:00,307.7,74,"Cao tốc Cam Lâm-Vĩnh Hảo, Xã Phước Hữu, Tỉnh Khánh Hòa",0.0,5.0,1,0,-1.1999999999999886,-0.23999999999999772,313.1,4.596955514208609,5.0,1,Moving,0,0,0,0,0,VALID,VALID
92H-07095,2026-08-03 16:00:00,306.5,72,"Cao tốc Cam Lâm-Vĩnh Hảo, Xã Phước Hà, Tỉnh Khánh Hòa",0.0,5.0,1,0,-1.1999999999999886,-0.23999999999999772,308.9,4.4497190922137895,5.0,1,Moving,0,0,0,0,0,VALID,VALID
92H-07095,2026-08-03 16:05:00,306.5,0,"Cao tốc Cam Lâm-Vĩnh Hảo, Xã Phước Hà, Tỉnh Khánh Hòa",0.0,5.0,1,0,0.0,0.0,307.7,2.73642102016684,5.0,1,Stopped,0,0,0,0,0,VALID,VALID
92H-07095,2026-08-03 16:10:00,306.2,0,"Cao tốc Cam Lâm-Vĩnh Hảo, Xã Phước Hà, Tỉnh Khánh Hòa",0.0,5.0,1,0,-0.30000000000001137,-0.060000000000002274,306.5,1.130486620712671,5.0,1,Stopped,0,0,0,0,0,VALID,VALID
92H-07095,2026-08-03 16:15:00,306.1,0,"Cao tốc Cam Lâm-Vĩnh Hảo, Xã Phước Hà, Tỉnh Khánh Hòa",0.0,5.0,1,0,-0.0999999999999659,-0.01999999999999318,306.5,0.6403124234388656,5.0,1,Stopped,0,0,0,0,0,VALID,VALID
92H-07095,2026-08-03 16:20:00,305.9,0,"Cao tốc Cam Lâm-Vĩnh Hảo, Xã Phước Hà, Tỉnh Khánh Hòa",0.0,5.0,1,0,-0.20000000000004547,-0.0400000000000091,306.2,0.26076809546037477,5.0,1,Stopped,0,0,0,0,0,VALID,VALID
92H-07095,2026-08-03 16:25:00,301.7,72,"Cao tốc Cam Lâm-Vĩnh Hảo, Xã Phước Hà, Tỉnh Khánh Hòa",0.0,5.0,1,0,-4.199999999999989,-0.8399999999999977,306.1,2.012958022316812,5.0,1,Moving,0,0,0,0,0,VALID,VALID
92H-07095,2026-08-03 16:30:00,297.9,59,"Cao tốc Cam Lâm-Vĩnh Hảo, Xã Phước Hà, Tỉnh Khánh Hòa",0.0,5.0,1,0,-3.8000000000000114,-0.7600000000000022,305.9,3.687546609821869,5.0,1,Moving,0,0,0,0,0,VALID,VALID
92H-07095,2026-08-03 16:35:00,302.3,74,"Cao tốc Cam Lâm-Vĩnh Hảo, Xã Tuy Phong, Tỉnh Lâm Đồng",0.0,5.0,1,0,4.400000000000034,0.8800000000000068,302.3,3.3899852506476136,5.0,1,Moving,0,0,0,0,0,VALID,VALID
92H-07095,2026-08-03 16:40:00,297.1,72,"Cao tốc Cam Lâm-Vĩnh Hảo, Xã Vĩnh Hảo, Tỉnh Lâm Đồng",0.0,5.0,1,0,-5.199999999999989,-1.0399999999999978,301.7,3.57099425925153,5.0,1,Moving,0,0,0,0,0,VALID,VALID
92H-07095,2026-08-03 16:45:00,290.1,64,"Cao tốc Vĩnh Hảo-Phan Thiết, Xã Liên Hương, Tỉnh Lâm Đồng",0.0,5.0,1,0,-7.0,-1.4,297.9,4.879754092124507,5.0,1,Moving,0,0,0,0,0,VALID,VALID
92H-07095,2026-08-03 16:50:00,291.4,73,"Cao tốc Vĩnh Hảo-Phan Thiết, Xã Tuy Phong, Tỉnh Lâm Đồng",0.0,5.0,1,0,1.2999999999999545,0.2599999999999909,297.1,5.004797698169734,5.0,1,Moving,0,0,0,0,0,VALID,VALID
92H-07095,2026-08-03 16:55:00,290.1,73,"Cao tốc Vĩnh Hảo-Phan Thiết, Xã Tuy Phong, Tỉnh Lâm Đồng",0.0,5.0,1,0,-1.2999999999999545,-0.2599999999999909,291.4,5.37308105276706,5.0,1,Moving,0,0,0,0,0,VALID,VALID
92H-07095,2026-08-03 17:00:00,288.0,74,"Cao tốc Vĩnh Hảo-Phan Thiết, Xã Bắc Bình, Tỉnh Lâm Đồng",0.0,5.0,1,0,-2.1000000000000227,-0.42000000000000454,290.1,3.4428186126490963,5.0,1,Moving,0,0,0,0,0,VALID,VALID
92H-07095,2026-08-03 17:05:00,285.4,73,"Cao tốc Vĩnh Hảo-Phan Thiết, Xã Hải Ninh, Tỉnh Lâm Đồng",0.0,5.0,1,0,-2.6000000000000227,-0.5200000000000046,290.1,2.3526580711190967,5.0,1,Moving,0,0,0,0,0,VALID,VALID
92H-07095,2026-08-03 17:10:00,283.8,74,"Cao tốc Vĩnh Hảo-Phan Thiết, Xã Hải Ninh, Tỉnh Lâm Đồng",0.0,5.0,1,0,-1.599999999999966,-0.3199999999999932,288.0,3.1635423182883096,5.0,1,Moving,0,0,0,0,0,VALID,VALID
92H-07095,2026-08-03 17:15:00,282.3,71,"Cao tốc Vĩnh Hảo-Phan Thiết, Xã Lương Sơn, Tỉnh Lâm Đồng",0.0,5.0,1,0,-1.5,-0.3,285.4,3.149126863052636,5.0,1,Moving,0,0,0,0,0,VALID,VALID
92H-07095,2026-08-03 17:20:00,278.9,70,"Cao tốc Vĩnh Hảo-Phan Thiết, Xã Lương Sơn, Tỉnh Lâm Đồng",0.0,5.0,1,0,-3.400000000000034,-0.6800000000000068,283.8,3.405436829482851,5.0,1,Moving,0,0,0,0,0,VALID,VALID
92H-07095,2026-08-03 17:25:00,275.4,73,"Cao tốc Vĩnh Hảo-Phan Thiết, Xã Sông Lũy, Tỉnh Lâm Đồng",0.0,5.0,1,0,-3.5,-0.7,282.3,4.016590593973532,5.0,1,Moving,0,0,0,0,0,VALID,VALID
92H-07095,2026-08-03 17:30:00,274.1,75,"Cao tốc Vĩnh Hảo-Phan Thiết, Xã Sông Lũy, Tỉnh Lâm Đồng",0.0,5.0,1,0,-1.2999999999999545,-0.2599999999999909,278.9,4.208919101098903,5.0,1,Moving,0,0,0,0,0,VALID,VALID
92H-07095,2026-08-03 17:35:00,272.3,79,"Cao tốc Vĩnh Hảo-Phan Thiết, Xã Hồng Sơn, Tỉnh Lâm Đồng",0.0,5.0,1,0,-1.8000000000000114,-0.36000000000000226,275.4,3.998749804575631,5.0,1,Moving,0,0,0,0,0,VALID,VALID
92H-07095,2026-08-03 17:40:00,270.7,75,"Cao tốc Vĩnh Hảo-Phan Thiết, Xã Hàm Thuận Bắc, Tỉnh Lâm Đồng",0.0,5.0,1,0,-1.6000000000000227,-0.32000000000000456,274.1,3.1371962003661995,5.0,1,Moving,0,0,0,0,0,VALID,VALID
92H-07095,2026-08-03 17:45:00,268.6,72,"Cao tốc Vĩnh Hảo-Phan Thiết, Xã Hàm Thuận, Tỉnh Lâm Đồng",0.0,5.0,1,0,-2.099999999999966,-0.41999999999999316,272.3,2.6957373758567007,5.0,1,Moving,0,0,0,0,0,VALID,VALID
92H-07095,2026-08-03 17:50:00,265.6,71,"Cao tốc Vĩnh Hảo-Phan Thiết, Xã Hàm Liêm, Tỉnh Lâm Đồng",0.0,5.0,1,0,-3.0,-0.6,270.7,3.3004545140918857,5.0,1,Moving,0,0,0,0,0,VALID,VALID
92H-07095,2026-08-03 17:55:00,265.0,71,"Cao tốc Vĩnh Hảo-Phan Thiết, Xã Hàm Liêm, Tỉnh Lâm Đồng",0.0,5.0,1,0,-0.6000000000000227,-0.12000000000000455,268.6,3.159588580747251,5.0,1,Moving,0,0,0,0,0,VALID,VALID
92H-07095,2026-08-03 18:00:00,263.4,70,"Cao tốc Vĩnh Hảo-Phan Thiết, Xã Hàm Thạnh, Tỉnh Lâm Đồng",0.0,5.0,1,0,-1.6000000000000227,-0.32000000000000456,265.6,2.9407482040438855,5.0,1,Moving,0,0,0,0,0,VALID,VALID
92H-07095,2026-08-03 18:05:00,259.7,72,"Cao tốc Vĩnh Hảo-Phan Thiết, Xã Hàm Kiệm, Tỉnh Lâm Đồng",0.0,5.0,1,0,-3.6999999999999886,-0.7399999999999978,265.0,3.2600613490525028,5.0,1,Moving,0,0,0,0,0,VALID,VALID
92H-07095,2026-08-03 18:10:00,258.2,76,"Cao tốc Phan Thiết - Dầu Giây, Xã Hàm Kiệm, Tỉnh Lâm Đồng",0.0,5.0,1,0,-1.5,-0.3,263.4,3.2759731377996086,5.0,1,Moving,0,0,0,0,0,VALID,VALID
92H-07095,2026-08-03 18:15:00,256.9,77,"Cao tốc Phan Thiết - Dầu Giây, Xã Tân Lập, Tỉnh Lâm Đồng",0.0,5.0,1,0,-1.3000000000000114,-0.2600000000000023,259.7,3.444270604871715,5.0,1,Moving,0,0,0,0,0,VALID,VALID
92H-07095,2026-08-03 18:20:00,253.7,73,"Cao tốc Phan Thiết - Dầu Giây, Xã Tân Lập, Tỉnh Lâm Đồng",0.0,5.0,1,0,-3.1999999999999886,-0.6399999999999977,258.2,3.573093897392244,5.0,1,Moving,0,0,0,0,0,VALID,VALID
92H-07095,2026-08-03 18:25:00,251.3,76,"Cao tốc Phan Thiết - Dầu Giây, Xã Tân Lập, Tỉnh Lâm Đồng",0.0,5.0,1,0,-2.3999999999999773,-0.47999999999999543,256.9,3.4173088826706977,5.0,1,Moving,0,0,0,0,0,VALID,VALID
92H-07095,2026-08-03 18:30:00,246.6,39,"Xã Tân Lập, Tỉnh Lâm Đồng",0.0,5.0,1,0,-4.700000000000017,-0.9400000000000034,253.7,4.637132734737955,5.0,1,Moving,0,0,0,0,0,VALID,VALID
92H-07095,2026-08-03 18:35:00,253.2,0,"Xã Hàm Tân, Tỉnh Lâm Đồng",0.0,5.0,1,0,6.599999999999994,1.319999999999999,253.2,3.7885353369841543,5.0,1,Stopped,0,0,0,0,0,VALID,VALID
92H-07095,2026-08-03 18:40:00,250.7,0,"Xã Hàm Tân, Tỉnh Lâm Đồng",0.0,5.0,1,0,-2.5,-0.5,251.3,2.8115831838266545,5.0,1,Stopped,0,0,0,0,0,VALID,VALID
92H-07095,2026-08-03 18:45:00,250.7,0,"Xã Hàm Tân, Tỉnh Lâm Đồng",0.0,5.0,1,0,0.0,0.0,250.7,2.4093567605434467,5.0,1,Stopped,0,0,0,0,0,VALID,VALID
92H-07095,2026-08-03 18:50:00,250.7,0,"Xã Hàm Tân, Tỉnh Lâm Đồng",0.0,5.0,1,0,0.0,0.0,250.7,2.374236719363998,5.0,1,Stopped,0,0,0,0,0,VALID,VALID
92H-07095,2026-08-03 18:55:00,250.7,0,"Xã Hàm Tân, Tỉnh Lâm Đồng",0.0,5.0,1,0,0.0,0.0,250.7,1.1180339885606765,5.0,1,Stopped,0,0,0,0,0,VALID,VALID
92H-07095,2026-08-03 19:00:00,250.7,0,"Xã Hàm Tân, Tỉnh Lâm Đồng",0.0,5.0,1,0,0.0,0.0,250.7,0.0,5.0,1,Stopped,0,0,0,0,0,VALID,VALID
92H-07095,2026-08-03 19:05:00,250.7,0,"Xã Hàm Tân, Tỉnh Lâm Đồng",0.0,5.0,1,0,0.0,0.0,250.7,0.0,5.0,1,Stopped,0,0,0,0,0,VALID,VALID
92H-07095,2026-08-03 19:10:00,250.7,0,"Xã Hàm Tân, Tỉnh Lâm Đồng",0.0,5.0,1,0,0.0,0.0,250.7,0.0,5.0,1,Stopped,0,0,0,0,0,VALID,VALID
92H-07095,2026-08-03 19:15:00,245.0,44,"Quốc Lộ 1, Xã Hàm Tân, Tỉnh Lâm Đồng",0.0,5.0,1,0,-5.699999999999989,-1.1399999999999977,250.7,2.549117494266544,5.0,1,Moving,0,0,0,0,0,VALID,VALID
92H-07095,2026-08-03 19:20:00,335.3,0,"Quốc Lộ 1, Xã Hàm Tân, Tỉnh Lâm Đồng",0.0,5.0,1,0,90.30000000000001,18.060000000000002,250.7,38.550642017994825,5.0,1,Stopped,0,0,1,0,1,LARGE_DELTA,VALID
92H-07095,2026-08-03 19:25:00,473.8,0,"Quốc Lộ 1, Xã Hàm Tân, Tỉnh Lâm Đồng",0.0,5.0,1,0,138.5,27.7,250.7,98.39011637354444,5.0,1,Stopped,0,0,1,0,1,LARGE_DELTA,VALID
92H-07095,2026-08-03 19:30:00,588.4,0,"Quốc Lộ 1, Xã Hàm Tân, Tỉnh Lâm Đồng",0.0,5.0,1,0,114.59999999999997,22.919999999999995,335.3,149.299474212067,5.0,1,Stopped,0,0,1,0,1,LARGE_DELTA,VALID
92H-07095,2026-08-03 19:35:00,589.0,0,"Quốc Lộ 1, Xã Hàm Tân, Tỉnh Lâm Đồng",0.0,5.0,1,0,0.6000000000000227,0.12000000000000455,473.8,153.42314036676376,5.0,1,Stopped,0,0,0,0,0,VALID,VALID
92H-07095,2026-08-03 19:40:00,589.0,0,"Quốc Lộ 1, Xã Hàm Tân, Tỉnh Lâm Đồng",0.0,5.0,1,0,0.0,0.0,588.4,112.1706735292239,5.0,1,Stopped,0,0,0,0,0,VALID,VALID
92H-07095,2026-08-03 19:45:00,588.4,0,"Quốc Lộ 1, Xã Hàm Tân, Tỉnh Lâm Đồng",0.0,5.0,1,0,-0.6000000000000227,-0.12000000000000455,588.4,51.38571786011907,5.0,1,Stopped,0,0,0,0,0,VALID,VALID
92H-07095,2026-08-03 19:50:00,588.1,0,"Quốc Lộ 1, Xã Hàm Tân, Tỉnh Lâm Đồng",0.0,5.0,1,0,-0.2999999999999545,-0.05999999999999091,588.4,0.40249223566816417,5.0,1,Stopped,0,0,0,0,0,VALID,VALID
92H-07095,2026-08-03 19:55:00,588.1,0,"Quốc Lộ 1, Xã Hàm Tân, Tỉnh Lâm Đồng",0.0,5.0,1,0,0.0,0.0,588.4,0.45497252639376906,5.0,1,Stopped,0,0,0,0,0,VALID,VALID
92H-07095,2026-08-03 20:00:00,588.1,0,"Quốc Lộ 1, Xã Hàm Tân, Tỉnh Lâm Đồng",0.0,5.0,1,0,0.0,0.0,588.1,0.3911521440220868,5.0,1,Stopped,0,0,0,0,0,VALID,VALID
92H-07095,2026-08-03 20:05:00,588.1,0,"Quốc Lộ 1, Xã Hàm Tân, Tỉnh Lâm Đồng",0.0,5.0,1,0,0.0,0.0,588.1,0.13416407780419062,5.0,1,Stopped,0,0,0,0,0,VALID,VALID
92H-07095,2026-08-03 20:10:00,588.1,0,"Quốc Lộ 1, Xã Hàm Tân, Tỉnh Lâm Đồng",0.0,5.0,1,0,0.0,0.0,588.1,0.0,5.0,1,Stopped,0,0,0,0,0,VALID,VALID
92H-07095,2026-08-03 20:15:00,588.1,0,"Quốc Lộ 1, Xã Hàm Tân, Tỉnh Lâm Đồng",0.0,5.0,1,0,0.0,0.0,588.1,0.0,5.0,1,Stopped,0,0,0,0,0,VALID,VALID
92H-07095,2026-08-03 20:20:00,588.1,0,"Quốc Lộ 1, Xã Hàm Tân, Tỉnh Lâm Đồng",0.0,5.0,1,0,0.0,0.0,588.1,0.0,5.0,1,Stopped,0,0,0,0,0,VALID,VALID
92H-07095,2026-08-03 20:25:00,588.1,0,"Quốc Lộ 1, Xã Hàm Tân, Tỉnh Lâm Đồng",0.0,5.0,1,0,0.0,0.0,588.1,0.0,5.0,1,Stopped,0,0,0,0,0,VALID,VALID
92H-07095,2026-08-03 20:30:00,589.4,39,"Quốc Lộ 1, Xã Hàm Tân, Tỉnh Lâm Đồng",0.0,5.0,1,0,1.2999999999999545,0.2599999999999909,588.1,0.5813776739547942,5.0,1,Moving,0,0,0,0,0,VALID,VALID
92H-07095,2026-08-03 20:35:00,588.2,56,"Quốc Lộ 1, Xã Tân Minh, Tỉnh Lâm Đồng",0.0,5.0,1,0,-1.1999999999999318,-0.23999999999998636,588.1,0.5718391380214285,5.0,1,Moving,0,0,0,0,0,VALID,VALID
92H-07095,2026-08-03 20:40:00,585.6,51,"Nguyễn Huệ, Xã Tân Minh, Tỉnh Lâm Đồng",0.0,5.0,1,0,-2.6000000000000227,-0.5200000000000046,588.1,1.3881642553289217,5.0,1,Moving,0,0,0,0,0,VALID,VALID
92H-07095,2026-08-03 20:45:00,582.4,48,"Quốc Lộ 55, Xã Tân Minh, Tỉnh Lâm Đồng",0.0,5.0,1,0,-3.2000000000000455,-0.6400000000000091,588.1,2.7924899283207085,5.0,1,Moving,0,0,0,0,0,VALID,VALID
92H-07095,2026-08-03 20:50:00,576.9,61,"Cao tốc Phan Thiết - Dầu Giây, Xã Tân Minh, Tỉnh Lâm Đồng",0.0,5.0,1,0,-5.5,-1.1,585.6,5.026927491000049,5.0,1,Moving,0,0,0,0,0,VALID,VALID
92H-07095,2026-08-03 20:55:00,579.1,47,"Cao tốc Phan Thiết - Dầu Giây, Xã Tân Minh, Tỉnh Lâm Đồng",0.0,5.0,1,0,2.2000000000000455,0.4400000000000091,582.4,4.610097612824652,5.0,1,Moving,0,0,0,0,0,VALID,VALID
92H-07095,2026-08-03 21:00:00,573.0,79,"Cao tốc Phan Thiết - Dầu Giây, Xã Xuân Hòa, Tỉnh Đồng Nai",0.0,5.0,1,0,-6.100000000000023,-1.2200000000000046,579.1,4.866723743933971,5.0,1,Moving,0,0,0,0,0,VALID,VALID
92H-07095,2026-08-03 21:05:00,569.0,91,"Cao tốc Phan Thiết - Dầu Giây, Xã Xuân Hòa, Tỉnh Đồng Nai",0.0,5.0,1,0,-4.0,-0.8,576.9,5.228479702530101,5.0,1,Moving,0,0,0,0,0,VALID,VALID
92H-07095,2026-08-03 21:10:00,566.4,77,"Cao tốc Phan Thiết - Dầu Giây, Xã Xuân Lộc, Tỉnh Đồng Nai",0.0,5.0,1,0,-2.6000000000000227,-0.5200000000000046,573.0,5.289328879902237,5.0,1,Moving,0,0,0,0,0,VALID,VALID
92H-07095,2026-08-03 21:15:00,563.1,88,"Cao tốc Phan Thiết - Dầu Giây, Xã Xuân Phú, Tỉnh Đồng Nai",0.0,5.0,1,0,-3.2999999999999545,-0.6599999999999909,569.0,6.190880389715699,5.0,1,Moving,0,0,0,0,0,VALID,VALID
92H-07095,2026-08-03 21:20:00,556.5,80,"Cao tốc Phan Thiết - Dầu Giây, Xã Xuân Định, Tỉnh Đồng Nai",0.0,5.0,1,0,-6.600000000000023,-1.3200000000000045,566.4,6.245398305934062,5.0,1,Moving,0,0,0,0,0,VALID,VALID
92H-07095,2026-08-03 21:25:00,553.7,74,"Cao tốc Phan Thiết - Dầu Giây, Xã Cẩm Mỹ, Tỉnh Đồng Nai",0.0,5.0,1,0,-2.7999999999999545,-0.559999999999991,563.1,6.48791183662062,5.0,1,Moving,0,0,0,0,0,VALID,VALID
92H-07095,2026-08-03 21:30:00,556.5,71,"Cao tốc Phan Thiết - Dầu Giây, Xã Xuân Quế, Tỉnh Đồng Nai",0.0,5.0,1,0,2.7999999999999545,0.559999999999991,556.5,5.288478041909656,5.0,1,Moving,0,0,0,0,0,VALID,VALID
92H-07095,2026-08-03 21:35:00,558.0,70,"Cao tốc Phan Thiết - Dầu Giây, Xã Xuân Quế, Tỉnh Đồng Nai",0.0,5.0,1,0,1.5,0.3,556.5,3.4652561232554993,5.0,1,Moving,0,0,0,0,0,VALID,VALID
92H-07095,2026-08-03 21:40:00,550.1,86,"Cao tốc Hồ Chí Minh - Long Thành - Dầu Giây, Xã Xuân Quế, Tỉnh Đồng Na",0.0,5.0,1,0,-7.899999999999977,-1.5799999999999954,556.5,3.1301757138789577,5.0,1,Moving,0,0,0,0,0,VALID,VALID
92H-07095,2026-08-03 21:45:00,549.3,84,"Cao tốc Hồ Chí Minh - Long Thành - Dầu Giây, Xã Long Thành, Tỉnh Đồng ",0.0,5.0,1,0,-0.8000000000000682,-0.16000000000001363,553.7,3.8238723827759395,5.0,1,Moving,0,0,0,0,0,VALID,VALID
92H-07095,2026-08-03 21:50:00,549.6,60,"Cao tốc Long Thành - Dầu Giây, Xã Long Thành, Tỉnh Đồng Nai",0.0,5.0,1,0,0.3000000000000682,0.06000000000001364,550.1,4.197022754257574,5.0,1,Moving,0,0,0,0,0,VALID,VALID
92H-07095,2026-08-03 21:55:00,549.0,8,"Trường Chinh, Xã Long Thành, Tỉnh Đồng Nai",0.0,5.0,1,0,-0.6000000000000227,-0.12000000000000455,549.6,3.822956970690982,5.0,1,Moving,0,0,0,0,0,VALID,VALID
92H-07095,2026-08-03 22:00:00,544.0,50,"Trường Chinh, Xã Long Thành, Tỉnh Đồng Nai",0.0,5.0,1,0,-5.0,-1.0,549.3,2.4929901724140113,5.0,1,Moving,0,0,0,0,0,VALID,VALID
92H-07095,2026-08-03 22:05:00,543.3,30,"Quốc Lộ 51, Xã An Phước, Tỉnh Đồng Nai",0.0,5.0,1,0,-0.7000000000000455,-0.1400000000000091,549.0,3.11175191809245,5.0,1,Moving,0,0,0,0,0,VALID,VALID
92H-07095,2026-08-03 22:10:00,542.1,18,"Quốc Lộ 51, Xã An Phước, Tỉnh Đồng Nai",0.0,5.0,1,0,-1.1999999999999318,-0.23999999999998636,544.0,3.4518111187826004,5.0,1,Moving,0,0,0,0,0,VALID,VALID
92H-07095,2026-08-03 22:15:00,542.9,47,"Quốc Lộ 51, Phường Phước Tân, Tỉnh Đồng Nai",0.0,5.0,1,0,0.7999999999999545,0.1599999999999909,543.3,2.737334469835641,5.0,1,Moving,0,0,0,0,0,VALID,VALID
92H-07095,2026-08-03 22:20:00,542.3,0,"Quốc Lộ 51, Phường Phước Tân, Tỉnh Đồng Nai",0.0,5.0,1,0,-0.6000000000000227,-0.12000000000000455,542.9,0.7694153623041247,5.0,1,Stopped,0,0,0,0,0,VALID,VALID
92H-07095,2026-08-03 22:25:00,540.7,0,"Quốc Lộ 51, Phường Long Hưng, Tỉnh Đồng Nai",0.0,5.0,1,0,-1.599999999999909,-0.3199999999999818,542.3,0.9939818910569255,5.0,1,Stopped,0,0,0,0,0,VALID,VALID
92H-07095,2026-08-03 22:30:00,534.3,31,"Cầu Đồng Nai, Phường Trấn Biên, Tỉnh Đồng Nai",0.0,5.0,1,0,-6.400000000000091,-1.2800000000000182,542.1,3.5366650957856374,5.0,1,Moving,0,0,0,0,0,VALID,VALID
92H-07095,2026-08-03 22:35:00,534.2,34,"Phường Đông Hòa, TP Hồ Chí Minh",0.0,5.0,1,0,-0.09999999999990905,-0.01999999999998181,540.7,4.3025573790186025,5.0,1,Moving,0,0,0,0,0,VALID,VALID
92H-07095,2026-08-03 22:40:00,532.1,20,"Cao Tốc Mỹ Phước - Tân Vạn, Phường Đông Hòa, TP Hồ Chí Minh",0.0,5.0,1,0,-2.1000000000000227,-0.42000000000000454,534.3,4.4868697328701606,5.0,1,Moving,0,0,0,0,0,VALID,VALID
92H-07095,2026-08-03 22:45:00,535.5,0,"Cao Tốc Mỹ Phước - Tân Vạn, Phường Tân Đông Hiệp, TP Hồ Chí Minh",0.0,5.0,1,0,3.3999999999999773,0.6799999999999955,534.3,3.226143208189292,5.0,1,Stopped,0,0,0,0,0,VALID,VALID
92H-07095,2026-08-03 22:50:00,527.6,39,"Cao Tốc Mỹ Phước - Tân Vạn, Phường Tân Đông Hiệp, TP Hồ Chí Minh",0.0,5.0,1,0,-7.899999999999977,-1.5799999999999954,534.2,3.1229793466728215,5.0,1,Moving,0,0,0,0,0,VALID,VALID
92H-07095,2026-08-03 22:55:00,529.1,0,"Cao Tốc Mỹ Phước - Tân Vạn, Phường An Phú, TP Hồ Chí Minh",0.0,5.0,1,0,1.5,0.3,532.1,3.3324165405520376,5.0,1,Stopped,0,0,0,0,0,VALID,VALID
92H-07095,2026-08-03 23:00:00,533.3,27,"Tỉnh Lộ 743, Phường An Phú, TP Hồ Chí Minh",0.0,5.0,1,0,4.199999999999932,0.8399999999999863,532.1,3.184650687241011,5.0,1,Moving,0,0,0,0,0,VALID,VALID
92H-07095,2026-08-03 23:05:00,529.8,47,"Tỉnh Lộ 745, Phường Tân Khánh, TP Hồ Chí Minh",0.0,5.0,1,0,-3.5,-0.7,529.8,3.2454583651226594,5.0,1,Moving,0,0,0,0,0,VALID,VALID
92H-07095,2026-08-03 23:10:00,521.9,0,"Tỉnh Lộ 745, Phường Tân Hiệp, TP Hồ Chí Minh",0.0,5.0,1,0,-7.899999999999977,-1.5799999999999954,529.1,4.163291966670642,5.0,1,Stopped,0,0,0,0,0,VALID,VALID
92H-07095,2026-08-03 23:15:00,520.8,47,"Tỉnh Lộ 745, Phường Tân Hiệp, TP Hồ Chí Minh",0.0,5.0,1,0,-1.1000000000000227,-0.22000000000000455,529.1,5.394163512514625,5.0,1,Moving,0,0,0,0,0,VALID,VALID
92H-07095,2026-08-03 23:20:00,519.4,55,"Tỉnh Lộ 745, Phường Tân Uyên, TP Hồ Chí Minh",0.0,5.0,1,0,-1.3999999999999773,-0.2799999999999955,521.9,6.1345741498284525,5.0,1,Moving,0,0,0,0,0,VALID,VALID
92H-07095,2026-08-03 23:25:00,518.5,45,"Tỉnh Lộ 747, Phường Bình Cơ, TP Hồ Chí Minh",0.0,5.0,1,0,-0.8999999999999773,-0.17999999999999544,520.8,4.507438296831416,5.0,1,Moving,0,0,0,0,0,VALID,VALID
92H-07095,2026-08-03 23:30:00,517.0,51,"Tỉnh Lộ 747, Phường Bình Cơ, TP Hồ Chí Minh",0.0,5.0,1,0,-1.5,-0.3,519.4,1.9175505207794148,5.0,1,Moving,0,0,0,0,0,VALID,VALID
92H-07095,2026-08-03 23:35:00,516.1,45,"Tỉnh Lộ 747, Phường Bình Cơ, TP Hồ Chí Minh",0.0,5.0,1,0,-0.8999999999999773,-0.17999999999999544,518.5,1.871630305306247,5.0,1,Moving,0,0,0,0,0,VALID,VALID
92H-07095,2026-08-03 23:40:00,517.3,40,"Tỉnh Lộ 741, Xã Phước Hòa, TP Hồ Chí Minh",0.0,5.0,1,0,1.1999999999999318,0.23999999999998636,517.3,1.29730489852636,5.0,1,Moving,0,0,0,0,0,VALID,VALID
92H-07095,2026-08-03 23:45:00,516.0,21,Trạm Số 1 (ĐT 741),0.0,5.0,1,0,-1.2999999999999545,-0.2599999999999909,517.0,1.0183319693205302,5.0,1,Moving,0,0,0,0,0,VALID,VALID
92H-07095,2026-08-03 23:50:00,511.9,44,"Tỉnh Lộ 741, Xã Phước Hòa, TP Hồ Chí Minh",0.0,5.0,1,0,-4.100000000000023,-0.8200000000000045,516.1,2.175545908442167,5.0,1,Moving,0,0,0,0,0,VALID,VALID
92H-07095,2026-08-03 23:55:00,506.3,31,"Tỉnh Lộ 741, Xã Phước Hòa, TP Hồ Chí Minh",0.0,5.0,1,0,-5.599999999999966,-1.1199999999999932,516.0,4.5234942245722065,5.0,1,Moving,0,0,0,0,0,VALID,VALID
92H-07095,2026-08-04 00:00:00,510.3,34,"Tỉnh Lộ 741, Xã Phước Hòa, TP Hồ Chí Minh",0.0,5.0,1,0,4.0,0.8,511.9,4.439369324547943,5.0,1,Moving,0,0,0,0,0,VALID,VALID
92H-07095,2026-08-04 00:05:00,506.6,43,"Tỉnh Lộ 741, Xã Phú Giáo, TP Hồ Chí Minh",0.0,5.0,1,0,-3.6999999999999886,-0.7399999999999978,510.3,4.022064146646051,5.0,1,Moving,0,0,0,0,0,VALID,VALID
92H-07095,2026-08-04 00:10:00,504.2,39,"Tỉnh Lộ 741, Xã Phú Giáo, TP Hồ Chí Minh",0.0,5.0,1,0,-2.400000000000034,-0.4800000000000068,506.6,3.150079364037344,5.0,1,Moving,0,0,0,0,0,VALID,VALID
92H-07095,2026-08-04 00:15:00,503.6,46,"Tỉnh Lộ 741, Xã Phú Giáo, TP Hồ Chí Minh",0.0,5.0,1,0,-0.5999999999999659,-0.11999999999999318,506.3,2.63343881640202,5.0,1,Moving,0,0,0,0,0,VALID,VALID
92H-07095,2026-08-04 00:20:00,502.5,0,"Xã Phú Giáo, TP Hồ Chí Minh",0.0,5.0,1,0,-1.1000000000000227,-0.22000000000000455,504.2,3.103707460398361,5.0,1,Stopped,0,0,0,0,0,VALID,VALID
92H-07095,2026-08-04 00:25:00,502.5,0,"Xã Phú Giáo, TP Hồ Chí Minh",0.0,5.0,1,0,0.0,0.0,503.6,1.6873055442721303,5.0,1,Stopped,0,0,0,0,0,VALID,VALID
92H-07095,2026-08-04 00:30:00,502.5,0,"Xã Phú Giáo, TP Hồ Chí Minh",0.0,5.0,1,0,0.0,0.0,502.5,0.7956129710675639,5.0,1,Stopped,0,0,0,0,0,VALID,VALID
92H-07095,2026-08-04 00:35:00,502.5,0,"Xã Phú Giáo, TP Hồ Chí Minh",0.0,5.0,1,0,0.0,0.0,502.5,0.4919349547763247,5.0,1,Stopped,0,0,0,0,0,VALID,VALID
92H-07095,2026-08-04 00:40:00,502.5,0,"Xã Phú Giáo, TP Hồ Chí Minh",0.0,5.0,1,0,0.0,0.0,502.5,0.0,5.0,1,Stopped,0,0,0,0,0,VALID,VALID
92H-07095,2026-08-04 00:45:00,502.5,0,"Xã Phú Giáo, TP Hồ Chí Minh",0.0,5.0,1,0,0.0,0.0,502.5,0.0,5.0,1,Stopped,0,0,0,0,0,VALID,VALID
92H-07095,2026-08-04 00:50:00,502.5,0,"Xã Phú Giáo, TP Hồ Chí Minh",0.0,5.0,1,0,0.0,0.0,502.5,0.0,5.0,1,Stopped,0,0,0,0,0,VALID,VALID
92H-07095,2026-08-04 00:55:00,502.5,0,"Xã Phú Giáo, TP Hồ Chí Minh",0.0,5.0,1,0,0.0,0.0,502.5,0.0,5.0,1,Stopped,0,0,0,0,0,VALID,VALID
92H-07095,2026-08-04 01:02:00,502.5,0,"Xã Phú Giáo, TP Hồ Chí Minh",0.0,7.0,1,0,0.0,0.0,502.5,0.0,5.0,1,Stopped,0,0,0,0,0,VALID,VALID
92H-07095,2026-08-04 01:07:00,502.5,0,"Xã Phú Giáo, TP Hồ Chí Minh",0.0,5.0,1,0,0.0,0.0,502.5,0.0,5.0,1,Stopped,0,0,0,0,0,VALID,VALID
92H-07095,2026-08-04 01:10:00,502.5,0,"Xã Phú Giáo, TP Hồ Chí Minh",0.0,3.0,1,0,0.0,0.0,502.5,0.0,5.0,1,Stopped,0,0,0,0,0,VALID,VALID
92H-07095,2026-08-04 01:15:00,502.5,0,"Xã Phú Giáo, TP Hồ Chí Minh",0.0,5.0,1,0,0.0,0.0,502.5,0.0,5.0,1,Stopped,0,0,0,0,0,VALID,VALID
92H-07095,2026-08-04 01:20:00,502.5,0,"Xã Phú Giáo, TP Hồ Chí Minh",0.0,5.0,1,0,0.0,0.0,502.5,0.0,5.0,1,Stopped,0,0,0,0,0,VALID,VALID
92H-07095,2026-08-04 01:25:00,502.5,0,"Xã Phú Giáo, TP Hồ Chí Minh",0.0,5.0,1,0,0.0,0.0,502.5,0.0,5.0,1,Stopped,0,0,0,0,0,VALID,VALID
92H-07095,2026-08-04 01:30:00,502.5,0,"Xã Phú Giáo, TP Hồ Chí Minh",0.0,5.0,1,0,0.0,0.0,502.5,0.0,5.0,1,Stopped,0,0,0,0,0,VALID,VALID
92H-07095,2026-08-04 01:35:00,502.5,0,"Xã Phú Giáo, TP Hồ Chí Minh",0.0,5.0,1,0,0.0,0.0,502.5,0.0,5.0,1,Stopped,0,0,0,0,0,VALID,VALID
92H-07095,2026-08-04 01:40:00,502.5,0,"Xã Phú Giáo, TP Hồ Chí Minh",0.0,5.0,1,0,0.0,0.0,502.5,0.0,5.0,1,Stopped,0,0,0,0,0,VALID,VALID
92H-07095,2026-08-04 01:45:00,502.5,0,"Xã Phú Giáo, TP Hồ Chí Minh",0.0,5.0,1,0,0.0,0.0,502.5,0.0,5.0,1,Stopped,0,0,0,0,0,VALID,VALID
92H-07095,2026-08-04 01:50:00,502.5,0,"Xã Phú Giáo, TP Hồ Chí Minh",0.0,5.0,1,0,0.0,0.0,502.5,0.0,5.0,1,Stopped,0,0,0,0,0,VALID,VALID
92H-07095,2026-08-04 01:55:00,502.5,0,"Xã Phú Giáo, TP Hồ Chí Minh",0.0,5.0,1,0,0.0,0.0,502.5,0.0,5.0,1,Stopped,0,0,0,0,0,VALID,VALID
92H-07095,2026-08-04 02:00:00,502.5,0,"Xã Phú Giáo, TP Hồ Chí Minh",0.0,5.0,1,0,0.0,0.0,502.5,0.0,5.0,1,Stopped,0,0,0,0,0,VALID,VALID
92H-07095,2026-08-04 02:05:00,502.5,0,"Xã Phú Giáo, TP Hồ Chí Minh",0.0,5.0,1,0,0.0,0.0,502.5,0.0,5.0,1,Stopped,0,0,0,0,0,VALID,VALID
92H-07095,2026-08-04 02:10:00,502.5,0,"Xã Phú Giáo, TP Hồ Chí Minh",0.0,5.0,1,0,0.0,0.0,502.5,0.0,5.0,1,Stopped,0,0,0,0,0,VALID,VALID
92H-07095,2026-08-04 02:15:00,502.5,0,"Xã Phú Giáo, TP Hồ Chí Minh",0.0,5.0,1,0,0.0,0.0,502.5,0.0,5.0,1,Stopped,0,0,0,0,0,VALID,VALID
92H-07095,2026-08-04 02:20:00,502.5,0,"Xã Phú Giáo, TP Hồ Chí Minh",0.0,5.0,1,0,0.0,0.0,502.5,0.0,5.0,1,Stopped,0,0,0,0,0,VALID,VALID
92H-07095,2026-08-04 02:25:00,502.5,0,"Xã Phú Giáo, TP Hồ Chí Minh",0.0,5.0,1,0,0.0,0.0,502.5,0.0,5.0,1,Stopped,0,0,0,0,0,VALID,VALID
92H-07095,2026-08-04 02:30:00,502.5,0,"Xã Phú Giáo, TP Hồ Chí Minh",0.0,5.0,1,0,0.0,0.0,502.5,0.0,5.0,1,Stopped,0,0,0,0,0,VALID,VALID
92H-07095,2026-08-04 02:35:00,502.5,0,"Xã Phú Giáo, TP Hồ Chí Minh",0.0,5.0,1,0,0.0,0.0,502.5,0.0,5.0,1,Stopped,0,0,0,0,0,VALID,VALID
92H-07095,2026-08-04 02:40:00,502.5,0,"Xã Phú Giáo, TP Hồ Chí Minh",0.0,5.0,1,0,0.0,0.0,502.5,0.0,5.0,1,Stopped,0,0,0,0,0,VALID,VALID
92H-07095,2026-08-04 02:45:00,502.5,0,"Xã Phú Giáo, TP Hồ Chí Minh",0.0,5.0,1,0,0.0,0.0,502.5,0.0,5.0,1,Stopped,0,0,0,0,0,VALID,VALID
92H-07095,2026-08-04 02:50:00,502.5,0,"Xã Phú Giáo, TP Hồ Chí Minh",0.0,5.0,1,0,0.0,0.0,502.5,0.0,5.0,1,Stopped,0,0,0,0,0,VALID,VALID
92H-07095,2026-08-04 02:55:00,502.5,0,"Xã Phú Giáo, TP Hồ Chí Minh",0.0,5.0,1,0,0.0,0.0,502.5,0.0,5.0,1,Stopped,0,0,0,0,0,VALID,VALID
92H-07095,2026-08-04 03:00:00,502.5,0,"Xã Phú Giáo, TP Hồ Chí Minh",0.0,5.0,1,0,0.0,0.0,502.5,0.0,5.0,1,Stopped,0,0,0,0,0,VALID,VALID
92H-07095,2026-08-04 03:05:00,502.5,0,"Xã Phú Giáo, TP Hồ Chí Minh",0.0,5.0,1,0,0.0,0.0,502.5,0.0,5.0,1,Stopped,0,0,0,0,0,VALID,VALID
92H-07095,2026-08-04 03:10:00,502.5,0,"Xã Phú Giáo, TP Hồ Chí Minh",0.0,5.0,1,0,0.0,0.0,502.5,0.0,5.0,1,Stopped,0,0,0,0,0,VALID,VALID
92H-07095,2026-08-04 03:15:00,502.5,0,"Xã Phú Giáo, TP Hồ Chí Minh",0.0,5.0,1,0,0.0,0.0,502.5,0.0,5.0,1,Stopped,0,0,0,0,0,VALID,VALID
92H-07095,2026-08-04 03:20:00,502.5,0,"Xã Phú Giáo, TP Hồ Chí Minh",0.0,5.0,1,0,0.0,0.0,502.5,0.0,5.0,1,Stopped,0,0,0,0,0,VALID,VALID
92H-07095,2026-08-04 03:25:00,502.5,0,"Xã Phú Giáo, TP Hồ Chí Minh",0.0,5.0,1,0,0.0,0.0,502.5,0.0,5.0,1,Stopped,0,0,0,0,0,VALID,VALID
92H-07095,2026-08-04 03:30:00,502.5,0,"Xã Phú Giáo, TP Hồ Chí Minh",0.0,5.0,1,0,0.0,0.0,502.5,0.0,5.0,1,Stopped,0,0,0,0,0,VALID,VALID
92H-07095,2026-08-04 03:35:00,502.5,0,"Xã Phú Giáo, TP Hồ Chí Minh",0.0,5.0,1,0,0.0,0.0,502.5,0.0,5.0,1,Stopped,0,0,0,0,0,VALID,VALID
92H-07095,2026-08-04 03:40:00,502.5,0,"Xã Phú Giáo, TP Hồ Chí Minh",0.0,5.0,1,0,0.0,0.0,502.5,0.0,5.0,1,Stopped,0,0,0,0,0,VALID,VALID
92H-07095,2026-08-04 03:45:00,502.5,0,"Xã Phú Giáo, TP Hồ Chí Minh",0.0,5.0,1,0,0.0,0.0,502.5,0.0,5.0,1,Stopped,0,0,0,0,0,VALID,VALID
92H-07095,2026-08-04 03:50:00,502.5,0,"Xã Phú Giáo, TP Hồ Chí Minh",0.0,5.0,1,0,0.0,0.0,502.5,0.0,5.0,1,Stopped,0,0,0,0,0,VALID,VALID
92H-07095,2026-08-04 03:55:00,502.5,0,"Xã Phú Giáo, TP Hồ Chí Minh",0.0,5.0,1,0,0.0,0.0,502.5,0.0,5.0,1,Stopped,0,0,0,0,0,VALID,VALID
92H-07095,2026-08-04 04:00:00,502.5,0,"Xã Phú Giáo, TP Hồ Chí Minh",0.0,5.0,1,0,0.0,0.0,502.5,0.0,5.0,1,Stopped,0,0,0,0,0,VALID,VALID
92H-07095,2026-08-04 04:05:00,502.5,0,"Xã Phú Giáo, TP Hồ Chí Minh",0.0,5.0,1,0,0.0,0.0,502.5,0.0,5.0,1,Stopped,0,0,0,0,0,VALID,VALID
92H-07095,2026-08-04 04:10:00,502.5,0,"Xã Phú Giáo, TP Hồ Chí Minh",0.0,5.0,1,0,0.0,0.0,502.5,0.0,5.0,1,Stopped,0,0,0,0,0,VALID,VALID
92H-07095,2026-08-04 04:15:00,502.5,0,"Xã Phú Giáo, TP Hồ Chí Minh",0.0,5.0,1,0,0.0,0.0,502.5,0.0,5.0,1,Stopped,0,0,0,0,0,VALID,VALID
92H-07095,2026-08-04 04:20:00,502.6,0,"Xã Phú Giáo, TP Hồ Chí Minh",0.0,5.0,1,0,0.10000000000002274,0.02000000000000455,502.5,0.04472135653889144,5.0,1,Stopped,0,0,0,0,0,VALID,VALID
92H-07095,2026-08-04 04:25:00,502.6,0,"Xã Phú Giáo, TP Hồ Chí Minh",0.0,5.0,1,0,0.0,0.0,502.5,0.054772253292059085,5.0,1,Stopped,0,0,0,0,0,VALID,VALID
92H-07095,2026-08-04 04:30:00,502.6,0,"Xã Phú Giáo, TP Hồ Chí Minh",0.0,5.0,1,0,0.0,0.0,502.6,0.05477225329216286,5.0,1,Stopped,0,0,0,0,0,VALID,VALID
92H-07095,2026-08-04 04:35:00,502.6,0,"Xã Phú Giáo, TP Hồ Chí Minh",0.0,5.0,1,0,0.0,0.0,502.6,0.044721356539272755,5.0,1,Stopped,0,0,0,0,0,VALID,VALID
92H-07095,2026-08-04 04:40:00,502.6,0,"Xã Phú Giáo, TP Hồ Chí Minh",0.0,5.0,1,0,0.0,0.0,502.6,0.0,5.0,1,Stopped,0,0,0,0,0,VALID,VALID
92H-07095,2026-08-04 04:45:00,502.6,0,"Xã Phú Giáo, TP Hồ Chí Minh",0.0,5.0,1,0,0.0,0.0,502.6,0.0,5.0,1,Stopped,0,0,0,0,0,VALID,VALID
92H-07095,2026-08-04 04:50:00,502.6,0,"Xã Phú Giáo, TP Hồ Chí Minh",0.0,5.0,1,0,0.0,0.0,502.6,0.0,5.0,1,Stopped,0,0,0,0,0,VALID,VALID
92H-07095,2026-08-04 04:55:00,502.6,0,"Xã Phú Giáo, TP Hồ Chí Minh",0.0,5.0,1,0,0.0,0.0,502.6,0.0,5.0,1,Stopped,0,0,0,0,0,VALID,VALID
92H-07095,2026-08-04 05:00:00,502.6,0,"Xã Phú Giáo, TP Hồ Chí Minh",0.0,5.0,1,0,0.0,0.0,502.6,0.0,5.0,1,Stopped,0,0,0,0,0,VALID,VALID
92H-07095,2026-08-04 05:05:00,502.6,0,"Xã Phú Giáo, TP Hồ Chí Minh",0.0,5.0,1,0,0.0,0.0,502.6,0.0,5.0,1,Stopped,0,0,0,0,0,VALID,VALID
92H-07095,2026-08-04 05:10:00,502.6,0,"Xã Phú Giáo, TP Hồ Chí Minh",0.0,5.0,1,0,0.0,0.0,502.6,0.0,5.0,1,Stopped,0,0,0,0,0,VALID,VALID
92H-07095,2026-08-04 05:15:00,502.6,0,"Xã Phú Giáo, TP Hồ Chí Minh",0.0,5.0,1,0,0.0,0.0,502.6,0.0,5.0,1,Stopped,0,0,0,0,0,VALID,VALID
92H-07095,2026-08-04 05:20:00,502.6,0,"Xã Phú Giáo, TP Hồ Chí Minh",0.0,5.0,1,0,0.0,0.0,502.6,0.0,5.0,1,Stopped,0,0,0,0,0,VALID,VALID
92H-07095,2026-08-04 05:25:00,502.6,0,"Xã Phú Giáo, TP Hồ Chí Minh",0.0,5.0,1,0,0.0,0.0,502.6,0.0,5.0,1,Stopped,0,0,0,0,0,VALID,VALID
92H-07095,2026-08-04 05:30:00,502.6,0,"Xã Phú Giáo, TP Hồ Chí Minh",0.0,5.0,1,0,0.0,0.0,502.6,0.0,5.0,1,Stopped,0,0,0,0,0,VALID,VALID
92H-07095,2026-08-04 05:35:00,502.6,0,"Xã Phú Giáo, TP Hồ Chí Minh",0.0,5.0,1,0,0.0,0.0,502.6,0.0,5.0,1,Stopped,0,0,0,0,0,VALID,VALID
92H-07095,2026-08-04 05:40:00,502.6,0,"Xã Phú Giáo, TP Hồ Chí Minh",0.0,5.0,1,0,0.0,0.0,502.6,0.0,5.0,1,Stopped,0,0,0,0,0,VALID,VALID
92H-07095,2026-08-04 05:45:00,502.6,0,"Xã Phú Giáo, TP Hồ Chí Minh",0.0,5.0,1,0,0.0,0.0,502.6,0.0,5.0,1,Stopped,0,0,0,0,0,VALID,VALID
92H-07095,2026-08-04 05:50:00,502.6,0,"Xã Phú Giáo, TP Hồ Chí Minh",0.0,5.0,1,0,0.0,0.0,502.6,0.0,5.0,1,Stopped,0,0,0,0,0,VALID,VALID
92H-07095,2026-08-04 05:55:00,502.6,0,"Xã Phú Giáo, TP Hồ Chí Minh",0.0,5.0,1,0,0.0,0.0,502.6,0.0,5.0,1,Stopped,0,0,0,0,0,VALID,VALID
92H-07095,2026-08-04 06:00:00,502.6,0,"Xã Phú Giáo, TP Hồ Chí Minh",0.0,5.0,1,0,0.0,0.0,502.6,0.0,5.0,1,Stopped,0,0,0,0,0,VALID,VALID
92H-07095,2026-08-04 06:05:00,502.6,0,"Xã Phú Giáo, TP Hồ Chí Minh",0.0,5.0,1,0,0.0,0.0,502.6,0.0,5.0,1,Stopped,0,0,0,0,0,VALID,VALID
92H-07095,2026-08-04 06:10:00,502.8,55,"Tỉnh Lộ 741, Xã Đồng Phú, Tỉnh Đồng Nai",0.0,5.0,1,0,0.19999999999998863,0.039999999999997725,502.6,0.08944271759484397,5.0,1,Moving,0,0,0,0,0,VALID,VALID
92H-07095,2026-08-04 06:15:00,503.4,0,"Tỉnh Lộ 741, Xã Đồng Phú, Tỉnh Đồng Nai",0.0,5.0,1,0,0.5999999999999659,0.11999999999999318,502.6,0.3464101611252868,5.0,1,Stopped,0,0,0,0,0,VALID,VALID
92H-07095,2026-08-04 06:20:00,499.1,53,"Tỉnh Lộ 741, Xã Đồng Phú, Tỉnh Đồng Nai",0.0,5.0,1,0,-4.2999999999999545,-0.8599999999999909,502.6,1.7088007489846089,5.0,1,Moving,0,0,0,0,0,VALID,VALID
92H-07095,2026-08-04 06:25:00,494.4,55,"Cách Mạng Tháng 8, Xã Đồng Phú, Tỉnh Đồng Nai",0.0,5.0,1,0,-4.7000000000000455,-0.940000000000009,502.6,3.783913318210315,5.0,1,Moving,0,0,0,0,0,VALID,VALID
92H-07095,2026-08-04 06:30:00,495.0,56,"Tỉnh Lộ 741, Xã Đồng Phú, Tỉnh Đồng Nai",0.0,5.0,1,0,0.6000000000000227,0.12000000000000455,499.1,4.211650507785321,5.0,1,Moving,0,0,0,0,0,VALID,VALID
92H-07095,2026-08-04 06:35:00,489.8,55,"Tỉnh Lộ 741, Phường Bình Phước, Tỉnh Đồng Nai",0.0,5.0,1,0,-5.199999999999989,-1.0399999999999978,495.0,5.142761903853447,5.0,1,Moving,0,0,0,0,0,VALID,VALID
92H-07095,2026-08-04 06:40:00,490.3,37,"Nguyễn Huệ, Phường Bình Phước, Tỉnh Đồng Nai",0.0,5.0,1,0,0.5,0.1,494.4,3.8114301777317547,5.0,1,Moving,0,0,0,0,0,VALID,VALID
92H-07095,2026-08-04 06:45:00,491.5,31,"Nguyễn Huệ, Phường Bình Phước, Tỉnh Đồng Nai",0.0,5.0,1,0,1.1999999999999886,0.23999999999999772,491.5,2.373815494035509,5.0,1,Moving,0,0,0,0,0,VALID,VALID
92H-07095,2026-08-04 06:50:00,486.6,36,"Phú Riềng Đỏ, Phường Bình Phước, Tỉnh Đồng Nai",0.0,5.0,1,0,-4.899999999999977,-0.9799999999999954,490.3,3.0369392486057207,5.0,1,Moving,0,0,0,0,0,VALID,VALID
92H-07095,2026-08-04 06:55:00,484.7,49,"Tỉnh Lộ 741, Xã Thuận Lợi, Tỉnh Đồng Nai",0.0,5.0,1,0,-1.900000000000034,-0.38000000000000683,489.8,2.826128093296611,5.0,1,Moving,0,0,0,0,0,VALID,VALID
92H-07095,2026-08-04 07:00:00,480.0,51,"Tỉnh Lộ 741, Xã Thuận Lợi, Tỉnh Đồng Nai",0.0,5.0,1,0,-4.699999999999989,-0.9399999999999977,486.6,4.606191485350878,5.0,1,Moving,0,0,0,0,0,VALID,VALID
92H-07095,2026-08-04 07:05:00,479.1,53,"Tỉnh Lộ 741, Xã Thuận Lợi, Tỉnh Đồng Nai",0.0,5.0,1,0,-0.8999999999999773,-0.17999999999999544,484.7,5.069220847400244,5.0,1,Moving,0,0,0,0,0,VALID,VALID
92H-07095,2026-08-04 07:10:00,489.8,0,"Tỉnh Lộ 741, Xã Thuận Lợi, Tỉnh Đồng Nai",0.0,5.0,1,0,10.699999999999989,2.139999999999998,484.7,4.496998999301322,5.0,1,Stopped,0,0,1,0,1,LARGE_DELTA,VALID
92H-07095,2026-08-04 07:15:00,489.8,0,"Tỉnh Lộ 741, Xã Thuận Lợi, Tỉnh Đồng Nai",0.0,5.0,1,0,0.0,0.0,484.7,5.134880719132396,5.0,1,Stopped,0,0,0,0,0,VALID,VALID
92H-07095,2026-08-04 07:20:00,489.8,0,"Tỉnh Lộ 741, Xã Thuận Lợi, Tỉnh Đồng Nai",0.0,5.0,1,0,0.0,0.0,489.8,5.623166367778783,5.0,1,Stopped,0,0,0,0,0,VALID,VALID
92H-07095,2026-08-04 07:25:00,489.8,0,"Tỉnh Lộ 741, Xã Thuận Lợi, Tỉnh Đồng Nai",0.0,5.0,1,0,0.0,0.0,489.8,4.785185471820274,5.0,1,Stopped,0,0,0,0,0,VALID,VALID
92H-07095,2026-08-04 07:30:00,489.8,0,"Tỉnh Lộ 741, Xã Thuận Lợi, Tỉnh Đồng Nai",0.0,5.0,1,0,0.0,0.0,489.8,0.0,5.0,1,Stopped,0,0,0,0,0,VALID,VALID
92H-07095,2026-08-04 07:35:00,489.8,0,"Tỉnh Lộ 741, Xã Thuận Lợi, Tỉnh Đồng Nai",0.0,5.0,1,0,0.0,0.0,489.8,0.0,5.0,1,Stopped,0,0,0,0,0,VALID,VALID
92H-07095,2026-08-04 07:40:00,489.8,0,"Tỉnh Lộ 741, Xã Thuận Lợi, Tỉnh Đồng Nai",0.0,5.0,1,0,0.0,0.0,489.8,0.0,5.0,1,Stopped,0,0,0,0,0,VALID,VALID
92H-07095,2026-08-04 07:45:00,489.8,0,"Tỉnh Lộ 741, Xã Thuận Lợi, Tỉnh Đồng Nai",0.0,5.0,1,0,0.0,0.0,489.8,0.0,5.0,1,Stopped,0,0,0,0,0,VALID,VALID
92H-07095,2026-08-04 07:50:00,489.4,0,"Tỉnh Lộ 741, Xã Thuận Lợi, Tỉnh Đồng Nai",0.0,5.0,1,0,-0.4000000000000341,-0.08000000000000682,489.8,0.17888543742091922,5.0,1,Stopped,0,0,0,0,0,VALID,VALID
92H-07095,2026-08-04 07:55:00,475.9,0,"Tỉnh Lộ 741, Xã Phú Riềng, Tỉnh Đồng Nai",0.0,5.0,1,0,-13.5,-2.7,489.8,6.173977648138985,5.0,1,Stopped,0,0,1,0,1,LARGE_DELTA,VALID
92H-07095,2026-08-04 08:00:00,475.7,0,"Tỉnh Lộ 741, Xã Phú Riềng, Tỉnh Đồng Nai",0.0,5.0,1,0,-0.19999999999998863,-0.039999999999997725,489.4,7.597170525907523,5.0,1,Stopped,0,0,0,0,0,VALID,VALID
92H-07095,2026-08-04 08:05:00,475.7,0,"Tỉnh Lộ 741, Xã Phú Riềng, Tỉnh Đồng Nai",0.0,5.0,1,0,0.0,0.0,475.9,7.578588259017376,5.0,1,Stopped,0,0,0,0,0,VALID,VALID
92H-07095,2026-08-04 08:10:00,475.6,0,"Tỉnh Lộ 741, Xã Phú Riềng, Tỉnh Đồng Nai",0.0,5.0,1,0,-0.0999999999999659,-0.01999999999999318,475.7,6.116616711852562,5.0,1,Stopped,0,0,0,0,0,VALID,VALID
92H-07095,2026-08-04 08:15:00,475.4,0,"Tỉnh Lộ 741, Xã Phú Riềng, Tỉnh Đồng Nai",0.0,5.0,1,0,-0.20000000000004547,-0.0400000000000091,475.7,0.18165902045435775,5.0,1,Stopped,0,0,0,0,0,VALID,VALID
92H-07095,2026-08-04 08:20:00,475.3,0,"Tỉnh Lộ 741, Xã Phú Riềng, Tỉnh Đồng Nai",0.0,5.0,1,0,-0.0999999999999659,-0.01999999999999318,475.6,0.1816590204541489,5.0,1,Stopped,0,0,0,0,0,VALID,VALID
92H-07095,2026-08-04 08:25:00,475.2,0,"Tỉnh Lộ 741, Xã Phú Riềng, Tỉnh Đồng Nai",0.0,5.0,1,0,-0.10000000000002274,-0.02000000000000455,475.4,0.20736441283955803,5.0,1,Stopped,0,0,0,0,0,VALID,VALID
92H-07095,2026-08-04 08:30:00,475.0,0,"Tỉnh Lộ 741, Xã Phú Riềng, Tỉnh Đồng Nai",0.0,5.0,1,0,-0.19999999999998863,-0.039999999999997725,475.3,0.22360679710643797,5.0,1,Stopped,0,0,0,0,0,VALID,VALID
92H-07095,2026-08-04 08:35:00,474.9,0,"Tỉnh Lộ 741, Xã Phú Riềng, Tỉnh Đồng Nai",0.0,5.0,1,0,-0.10000000000002274,-0.02000000000000455,475.2,0.20736441283910795,5.0,1,Stopped,0,0,0,0,0,VALID,VALID
92H-07095,2026-08-04 08:40:00,474.7,0,"Tỉnh Lộ 741, Xã Phú Riềng, Tỉnh Đồng Nai",0.0,5.0,1,0,-0.19999999999998863,-0.039999999999997725,475.0,0.23874672712316825,5.0,1,Stopped,0,0,0,0,0,VALID,VALID
92H-07095,2026-08-04 08:45:00,474.7,0,"Tỉnh Lộ 741, Xã Phú Riềng, Tỉnh Đồng Nai",0.0,5.0,1,0,0.0,0.0,474.9,0.21213203367702732,5.0,1,Stopped,0,0,0,0,0,VALID,VALID
92H-07095,2026-08-04 08:50:00,477.4,0,"Tỉnh Lộ 741, Xã Phú Riềng, Tỉnh Đồng Nai",0.0,5.0,1,0,2.6999999999999886,0.5399999999999977,474.9,1.1588787683412773,5.0,1,Stopped,0,0,0,0,0,VALID,VALID
92H-07095,2026-08-04 08:55:00,476.9,0,"Tỉnh Lộ 741, Xã Phú Riềng, Tỉnh Đồng Nai",0.0,5.0,1,0,-0.5,-0.1,474.9,1.3198484760427722,5.0,1,Stopped,0,0,0,0,0,VALID,VALID
92H-07095,2026-08-04 09:00:00,476.9,0,"Tỉnh Lộ 741, Xã Phú Riềng, Tỉnh Đồng Nai",0.0,5.0,1,0,0.0,0.0,476.9,1.3122499760764614,5.0,1,Stopped,0,0,0,0,0,VALID,VALID
92H-07095,2026-08-04 09:05:00,476.9,0,"Tỉnh Lộ 741, Xã Phú Riềng, Tỉnh Đồng Nai",0.0,5.0,1,0,0.0,0.0,476.9,1.0620734436530055,5.0,1,Stopped,0,0,0,0,0,VALID,VALID
92H-07095,2026-08-04 09:10:00,476.9,0,"Tỉnh Lộ 741, Xã Phú Riềng, Tỉnh Đồng Nai",0.0,5.0,1,0,0.0,0.0,476.9,0.22360679710880535,5.0,1,Stopped,0,0,0,0,0,VALID,VALID
92H-07095,2026-08-04 09:15:00,476.9,0,"Tỉnh Lộ 741, Xã Phú Riềng, Tỉnh Đồng Nai",0.0,5.0,1,0,0.0,0.0,476.9,0.0,5.0,1,Stopped,0,0,0,0,0,VALID,VALID
92H-07095,2026-08-04 09:20:00,476.9,0,"Tỉnh Lộ 741, Xã Phú Riềng, Tỉnh Đồng Nai",0.0,5.0,1,0,0.0,0.0,476.9,0.0,5.0,1,Stopped,0,0,0,0,0,VALID,VALID
92H-07095,2026-08-04 09:25:00,476.9,0,"Tỉnh Lộ 741, Xã Phú Riềng, Tỉnh Đồng Nai",0.0,5.0,1,0,0.0,0.0,476.9,0.0,5.0,1,Stopped,0,0,0,0,0,VALID,VALID
92H-07095,2026-08-04 09:30:00,476.9,0,"Tỉnh Lộ 741, Xã Phú Riềng, Tỉnh Đồng Nai",0.0,5.0,1,0,0.0,0.0,476.9,0.0,5.0,1,Stopped,0,0,0,0,0,VALID,VALID
92H-07095,2026-08-04 09:35:00,476.9,0,"Tỉnh Lộ 741, Xã Phú Riềng, Tỉnh Đồng Nai",0.0,5.0,1,0,0.0,0.0,476.9,0.0,5.0,1,Stopped,0,0,0,0,0,VALID,VALID
92H-07095,2026-08-04 09:40:00,476.9,0,"Tỉnh Lộ 741, Xã Phú Riềng, Tỉnh Đồng Nai",0.0,5.0,1,0,0.0,0.0,476.9,0.0,5.0,1,Stopped,0,0,0,0,0,VALID,VALID
92H-07095,2026-08-04 09:45:00,476.9,0,"Tỉnh Lộ 741, Xã Phú Riềng, Tỉnh Đồng Nai",0.0,5.0,1,0,0.0,0.0,476.9,0.0,5.0,1,Stopped,0,0,0,0,0,VALID,VALID
92H-07095,2026-08-04 09:50:00,476.9,0,"Tỉnh Lộ 741, Xã Phú Riềng, Tỉnh Đồng Nai",0.0,5.0,1,0,0.0,0.0,476.9,0.0,5.0,1,Stopped,0,0,0,0,0,VALID,VALID
92H-07095,2026-08-04 09:55:00,476.9,0,"Tỉnh Lộ 741, Xã Phú Riềng, Tỉnh Đồng Nai",0.0,5.0,1,0,0.0,0.0,476.9,0.0,5.0,1,Stopped,0,0,0,0,0,VALID,VALID
92H-07095,2026-08-04 10:00:00,476.9,0,"Tỉnh Lộ 741, Xã Phú Riềng, Tỉnh Đồng Nai",0.0,5.0,1,0,0.0,0.0,476.9,0.0,5.0,1,Stopped,0,0,0,0,0,VALID,VALID
92H-07095,2026-08-04 10:05:00,476.9,0,"Tỉnh Lộ 741, Xã Phú Riềng, Tỉnh Đồng Nai",0.0,5.0,1,0,0.0,0.0,476.9,0.0,5.0,1,Stopped,0,0,0,0,0,VALID,VALID
92H-07095,2026-08-04 10:10:00,476.9,0,"Tỉnh Lộ 741, Xã Phú Riềng, Tỉnh Đồng Nai",0.0,5.0,1,0,0.0,0.0,476.9,0.0,5.0,1,Stopped,0,0,0,0,0,VALID,VALID
92H-07095,2026-08-04 10:15:00,476.9,0,"Tỉnh Lộ 741, Xã Phú Riềng, Tỉnh Đồng Nai",0.0,5.0,1,0,0.0,0.0,476.9,0.0,5.0,1,Stopped,0,0,0,0,0,VALID,VALID
92H-07095,2026-08-04 10:20:00,476.9,0,"Tỉnh Lộ 741, Xã Phú Riềng, Tỉnh Đồng Nai",0.0,5.0,1,0,0.0,0.0,476.9,0.0,5.0,1,Stopped,0,0,0,0,0,VALID,VALID
92H-07095,2026-08-04 10:25:00,476.9,0,"Tỉnh Lộ 741, Xã Phú Riềng, Tỉnh Đồng Nai",0.0,5.0,1,0,0.0,0.0,476.9,0.0,5.0,1,Stopped,0,0,0,0,0,VALID,VALID
92H-07095,2026-08-04 10:30:00,476.9,0,"Tỉnh Lộ 741, Xã Phú Riềng, Tỉnh Đồng Nai",0.0,5.0,1,0,0.0,0.0,476.9,0.0,5.0,1,Stopped,0,0,0,0,0,VALID,VALID
92H-07095,2026-08-04 10:35:00,476.9,0,"Tỉnh Lộ 741, Xã Phú Riềng, Tỉnh Đồng Nai",0.0,5.0,1,0,0.0,0.0,476.9,0.0,5.0,1,Stopped,0,0,0,0,0,VALID,VALID
92H-07095,2026-08-04 10:40:00,477.1,0,"Tỉnh Lộ 741, Xã Phú Riềng, Tỉnh Đồng Nai",0.0,5.0,1,0,0.20000000000004547,0.0400000000000091,476.9,0.08944271749685699,5.0,1,Stopped,0,0,0,0,0,VALID,VALID
92H-07095,2026-08-04 10:45:00,477.1,0,"Tỉnh Lộ 741, Xã Phú Riềng, Tỉnh Đồng Nai",0.0,5.0,1,0,0.0,0.0,476.9,0.10954451019221022,5.0,1,Stopped,0,0,0,0,0,VALID,VALID
92H-07095,2026-08-04 10:50:00,477.2,0,"Tỉnh Lộ 741, Xã Phú Riềng, Tỉnh Đồng Nai",0.0,5.0,1,0,0.0999999999999659,0.01999999999999318,477.1,0.13416407758148044,5.0,1,Stopped,0,0,0,0,0,VALID,VALID
92H-07095,2026-08-04 10:55:00,477.2,0,"Tỉnh Lộ 741, Xã Phú Riềng, Tỉnh Đồng Nai",0.0,5.0,1,0,0.0,0.0,477.1,0.12247448596881114,5.0,1,Stopped,0,0,0,0,0,VALID,VALID
92H-07095,2026-08-04 11:00:00,477.2,0,"Tỉnh Lộ 741, Xã Phú Riềng, Tỉnh Đồng Nai",0.0,5.0,1,0,0.0,0.0,477.2,0.05477225313386061,5.0,1,Stopped,0,0,0,0,0,VALID,VALID
92H-07095,2026-08-04 11:05:00,477.2,0,"Tỉnh Lộ 741, Xã Phú Riềng, Tỉnh Đồng Nai",0.0,5.0,1,0,0.0,0.0,477.2,0.04472135634541433,5.0,1,Stopped,0,0,0,0,0,VALID,VALID
92H-07095,2026-08-04 11:10:00,477.4,0,"Tỉnh Lộ 741, Xã Phú Riềng, Tỉnh Đồng Nai",0.0,5.0,1,0,0.19999999999998863,0.039999999999997725,477.2,0.08944271749792906,5.0,1,Stopped,0,0,0,0,0,VALID,VALID
92H-07095,2026-08-04 11:15:00,477.1,0,"Tỉnh Lộ 741, Xã Phú Riềng, Tỉnh Đồng Nai",0.0,5.0,1,0,-0.2999999999999545,-0.05999999999999091,477.2,0.10954451019288707,5.0,1,Stopped,0,0,0,0,0,VALID,VALID
92H-07095,2026-08-04 11:20:00,477.8,30,"Tỉnh Lộ 741, Xã Phú Riềng, Tỉnh Đồng Nai",0.0,5.0,1,0,0.6999999999999886,0.13999999999999774,477.2,0.2792848003624229,5.0,1,Moving,0,0,0,0,0,VALID,VALID
92H-07095,2026-08-04 11:25:00,479.6,51,"Tỉnh Lộ 741, Xã Thuận Lợi, Tỉnh Đồng Nai",0.0,5.0,1,0,1.8000000000000114,0.36000000000000226,477.4,1.030533842100218,5.0,1,Moving,0,0,0,0,0,VALID,VALID
92H-07095,2026-08-04 11:30:00,479.3,46,"Tỉnh Lộ 741, Xã Thuận Lợi, Tỉnh Đồng Nai",0.0,5.0,1,0,-0.30000000000001137,-0.060000000000002274,477.8,1.1371015784502916,5.0,1,Moving,0,0,0,0,0,VALID,VALID
92H-07095,2026-08-04 11:35:00,475.3,50,"Phú Riềng Đỏ, Phường Bình Phước, Tỉnh Đồng Nai",0.0,5.0,1,0,-4.0,-0.8,477.8,1.7484278651731142,5.0,1,Moving,0,0,0,0,0,VALID,VALID
92H-07095,2026-08-04 11:40:00,475.0,27,"Phú Riềng Đỏ, Phường Bình Phước, Tỉnh Đồng Nai",0.0,5.0,1,0,-0.30000000000001137,-0.060000000000002274,477.8,2.166794867935947,5.0,1,Moving,0,0,0,0,0,VALID,VALID
92H-07095,2026-08-04 11:45:00,469.9,0,Bến xe Trường Hải Bình Phước,0.0,5.0,1,0,-5.100000000000023,-1.0200000000000045,475.3,3.949303736066972,5.0,1,Stopped,0,0,0,0,0,VALID,VALID
92H-07095,2026-08-04 11:50:00,468.2,51,"Tỉnh Lộ 741, Phường Bình Phước, Tỉnh Đồng Nai",0.0,5.0,1,0,-1.6999999999999886,-0.33999999999999775,475.0,4.476940919837,5.0,1,Moving,0,0,0,0,0,VALID,VALID
92H-07095,2026-08-04 11:55:00,470.7,48,"Cách Mạng Tháng 8, Xã Đồng Phú, Tỉnh Đồng Nai",0.0,5.0,1,0,2.5,0.5,470.7,3.172853605149445,5.0,1,Moving,0,0,0,0,0,VALID,VALID
92H-07095,2026-08-04 12:00:00,469.9,54,"Cách Mạng Tháng 8, Xã Đồng Phú, Tỉnh Đồng Nai",0.0,5.0,1,0,-0.8000000000000114,-0.16000000000000228,469.9,2.5500980372740942,5.0,1,Moving,0,0,0,0,0,VALID,VALID
92H-07095,2026-08-04 12:05:00,469.9,54,"Tỉnh Lộ 741, Xã Đồng Phú, Tỉnh Đồng Nai",0.0,5.0,1,0,0.0,0.0,469.9,0.9176055795975894,5.0,1,Moving,0,0,0,0,0,VALID,VALID
92H-07095,2026-08-04 12:10:00,467.1,54,"Tỉnh Lộ 741, Xã Phú Giáo, TP Hồ Chí Minh",0.0,5.0,1,0,-2.7999999999999545,-0.559999999999991,469.9,1.469013274177027,5.0,1,Moving,0,0,0,0,0,VALID,VALID
92H-07095,2026-08-04 12:15:00,467.8,33,"Tỉnh Lộ 741, Xã Phú Giáo, TP Hồ Chí Minh",0.0,5.0,1,0,0.6999999999999886,0.13999999999999774,469.9,1.5433729295631244,5.0,1,Moving,0,0,0,0,0,VALID,VALID
92H-07095,2026-08-04 12:20:00,465.6,54,"Tỉnh Lộ 741, Xã Phú Giáo, TP Hồ Chí Minh",0.0,5.0,1,0,-2.1999999999999886,-0.4399999999999977,467.8,1.8582249593921065,5.0,1,Moving,0,0,0,0,0,VALID,VALID
92H-07095,2026-08-04 12:25:00,463.1,42,"Tỉnh Lộ 741, Xã Phú Giáo, TP Hồ Chí Minh",0.0,5.0,1,0,-2.5,-0.5,467.1,2.5387004548995526,5.0,1,Moving,0,0,0,0,0,VALID,VALID
92H-07095,2026-08-04 12:30:00,458.7,45,"Tỉnh Lộ 741, Xã Phước Hòa, TP Hồ Chí Minh",0.0,5.0,1,0,-4.400000000000034,-0.8800000000000068,465.6,3.6895799218483107,5.0,1,Moving,0,0,0,0,0,VALID,VALID
92H-07095,2026-08-04 12:35:00,467.7,31,"Tỉnh Lộ 741, Xã Phước Hòa, TP Hồ Chí Minh",0.0,5.0,1,0,9.0,1.8,465.6,3.8048653063815867,5.0,1,Moving,0,0,1,0,1,LARGE_DELTA,VALID
92H-07095,2026-08-04 12:40:00,463.8,0,"Tỉnh Lộ 741, Xã Phước Hòa, TP Hồ Chí Minh",0.0,5.0,1,0,-3.8999999999999773,-0.7799999999999955,463.8,3.3521634804564253,5.0,1,Stopped,0,0,0,0,0,VALID,VALID
92H-07095,2026-08-04 12:45:00,459.3,53,"Tỉnh Lộ 741, Xã Phước Hòa, TP Hồ Chí Minh",0.0,5.0,1,0,-4.5,-0.9,463.1,3.6663333181402,5.0,1,Moving,0,0,0,0,0,VALID,VALID
92H-07095,2026-08-04 12:50:00,460.6,30,Ngã 3 Cổng Xanh ( đi),0.0,5.0,1,0,1.3000000000000114,0.2600000000000023,460.6,3.737244974537337,5.0,1,Moving,0,0,0,0,0,VALID,VALID
92H-07095,2026-08-04 12:55:00,459.7,45,"Tỉnh Lộ 747, Phường Bình Cơ, TP Hồ Chí Minh",0.0,5.0,1,0,-0.9000000000000341,-0.18000000000000682,460.6,3.536523716830511,5.0,1,Moving,0,0,0,0,0,VALID,VALID
92H-07095,2026-08-04 13:00:00,458.1,55,"Tỉnh Lộ 747, Phường Bình Cơ, TP Hồ Chí Minh",0.0,5.0,1,0,-1.599999999999966,-0.3199999999999932,459.7,2.152905014092229,5.0,1,Moving,0,0,0,0,0,VALID,VALID
92H-07095,2026-08-04 13:05:00,455.6,0,"Tỉnh Lộ 747, Phường Bình Cơ, TP Hồ Chí Minh",0.0,5.0,1,0,-2.5,-0.5,459.3,1.9320973059611442,5.0,1,Stopped,0,0,0,0,0,VALID,VALID
92H-07095,2026-08-04 13:10:00,459.1,15,"Tỉnh Lộ 747, Phường Bình Cơ, TP Hồ Chí Minh",0.0,5.0,1,0,3.5,0.7,459.1,1.9175505207692154,5.0,1,Moving,0,0,0,0,0,VALID,VALID
92H-07095,2026-08-04 13:15:00,455.0,45,"Tỉnh Lộ 745, Phường Tân Hiệp, TP Hồ Chí Minh",0.0,5.0,1,0,-4.100000000000023,-0.8200000000000045,458.1,2.0988091861104206,5.0,1,Moving,0,0,0,0,0,VALID,VALID
92H-07095,2026-08-04 13:20:00,460.3,0,"Tỉnh Lộ 745, Phường Tân Hiệp, TP Hồ Chí Minh",0.0,5.0,1,0,5.300000000000011,1.0600000000000023,458.1,2.2664950914797055,5.0,1,Stopped,0,0,0,0,0,VALID,VALID
92H-07095,2026-08-04 13:25:00,455.8,38,"Tỉnh Lộ 745, Phường Tân Hiệp, TP Hồ Chí Minh",0.0,5.0,1,0,-4.5,-0.9,455.8,2.375499947316622,5.0,1,Moving,0,0,0,0,0,VALID,VALID
92H-07095,2026-08-04 13:30:00,458.1,0,"Tỉnh Lộ 745, Phường Tân Khánh, TP Hồ Chí Minh",0.0,5.0,1,0,2.3000000000000114,0.4600000000000023,458.1,2.2232858564974562,5.0,1,Stopped,0,0,0,0,0,VALID,VALID
92H-07095,2026-08-04 13:35:00,458.1,0,"Tỉnh Lộ 745, Phường Tân Khánh, TP Hồ Chí Minh",0.0,5.0,1,0,0.0,0.0,458.1,2.1030929603090502,5.0,1,Stopped,0,0,0,0,0,VALID,VALID
92H-07095,2026-08-04 13:40:00,458.0,0,"Tỉnh Lộ 745, Phường Tân Khánh, TP Hồ Chí Minh",0.0,5.0,1,0,-0.10000000000002274,-0.02000000000000455,458.1,1.5915401344929532,5.0,1,Stopped,0,0,0,0,0,VALID,VALID
92H-07095,2026-08-04 13:45:00,458.0,0,"Tỉnh Lộ 745, Phường Tân Khánh, TP Hồ Chí Minh",0.0,5.0,1,0,0.0,0.0,458.0,1.0074720838323863,5.0,1,Stopped,0,0,0,0,0,VALID,VALID
92H-07095,2026-08-04 13:50:00,458.0,0,"Tỉnh Lộ 745, Phường Tân Khánh, TP Hồ Chí Minh",0.0,5.0,1,0,0.0,0.0,458.0,0.054772253028469685,5.0,1,Stopped,0,0,0,0,0,VALID,VALID
92H-07095,2026-08-04 13:55:00,447.8,23,"Tỉnh Lộ 745, Phường Tân Khánh, TP Hồ Chí Minh",0.0,5.0,1,0,-10.199999999999989,-2.039999999999998,458.0,4.572964027816172,5.0,1,Moving,0,0,1,0,1,LARGE_DELTA,VALID
92H-07095,2026-08-04 14:00:00,449.9,33,"Tỉnh Lộ 743, Phường An Phú, TP Hồ Chí Minh",0.0,5.0,1,0,2.099999999999966,0.41999999999999316,458.0,5.066359639790662,5.0,1,Moving,0,0,0,0,0,VALID,VALID
92H-07095,2026-08-04 14:05:00,450.6,38,"Tỉnh Lộ 743, Phường An Phú, TP Hồ Chí Minh",0.0,5.0,1,0,0.7000000000000455,0.1400000000000091,450.6,4.803956702521242,5.0,1,Moving,0,0,0,0,0,VALID,VALID
92H-07095,2026-08-04 14:10:00,451.7,0,"Tỉnh Lộ 743, Phường An Phú, TP Hồ Chí Minh",0.0,5.0,1,0,1.099999999999966,0.21999999999999317,450.6,3.85032466159646,5.0,1,Stopped,0,0,0,0,0,VALID,VALID
92H-07095,2026-08-04 14:15:00,451.1,0,"Tỉnh Lộ 743, Phường An Phú, TP Hồ Chí Minh",0.0,5.0,1,0,-0.5999999999999659,-0.11999999999999318,450.6,1.5056560031086061,5.0,1,Stopped,0,0,0,0,0,VALID,VALID
92H-07095,2026-08-04 14:20:00,447.0,49,"Tỉnh Lộ 743, Phường Bình Hòa, TP Hồ Chí Minh",0.0,5.0,1,0,-4.100000000000023,-0.8200000000000045,450.6,1.8338484124095236,5.0,1,Moving,0,0,0,0,0,VALID,VALID
92H-07095,2026-08-04 14:25:00,453.6,0,"Tỉnh Lộ 743, Phường Bình Hòa, TP Hồ Chí Minh",0.0,5.0,1,0,6.600000000000023,1.3200000000000045,451.1,2.4093567605685458,5.0,1,Stopped,0,0,0,0,0,VALID,VALID
92H-07095,2026-08-04 14:30:00,447.0,40,"Đại Lộ Thống Nhất, Phường Dĩ An, TP Hồ Chí Minh",0.0,5.0,1,0,-6.600000000000023,-1.3200000000000045,451.1,2.9592228709066517,5.0,1,Moving,0,0,0,0,0,VALID,VALID
92H-07095,2026-08-04 14:35:00,448.0,13,"Số 2, Phường Dĩ An, TP Hồ Chí Minh",0.0,5.0,1,0,1.0,0.2,448.0,2.9151329300216617,5.0,1,Moving,0,0,0,0,0,VALID,VALID
92H-07095,2026-08-04 14:40:00,448.1,0,"Đại Lộ Độc Lập, Phường Dĩ An, TP Hồ Chí Minh",0.0,5.0,1,0,0.10000000000002274,0.02000000000000455,448.0,2.7673091622903914,5.0,1,Stopped,0,0,0,0,0,VALID,VALID
92H-07095,2026-08-04 14:45:00,447.8,0,"Đại Lộ Độc Lập, Phường Tam Bình, TP Hồ Chí Minh",0.0,5.0,1,0,-0.30000000000001137,-0.060000000000002274,448.0,2.6627053910818668,5.0,1,Stopped,0,0,0,0,0,VALID,VALID
92H-07095,2026-08-04 14:50:00,447.1,0,"Cầu vượt Sóng Thần, Phường Dĩ An, TP Hồ Chí Minh",0.0,5.0,1,0,-0.6999999999999886,-0.13999999999999774,447.8,0.5147815067538015,5.0,1,Stopped,0,0,0,0,0,VALID,VALID
92H-07095,2026-08-04 14:55:00,447.2,0,"Cầu vượt Sóng Thần, Phường Dĩ An, TP Hồ Chí Minh",0.0,5.0,1,0,0.0999999999999659,0.01999999999999318,447.8,0.4615192300389434,5.0,1,Stopped,0,0,0,0,0,VALID,VALID
92H-07095,2026-08-04 15:00:00,447.4,0,"Số 6, Phường Dĩ An, TP Hồ Chí Minh",0.0,5.0,1,0,0.19999999999998863,0.039999999999997725,447.4,0.42071367899758977,5.0,1,Stopped,0,0,0,0,0,VALID,VALID
92H-07095,2026-08-04 15:05:00,446.7,4,"Số 6, Phường Dĩ An, TP Hồ Chí Minh",0.0,5.0,1,0,-0.6999999999999886,-0.13999999999999774,447.2,0.4037325843866927,5.0,1,Moving,0,0,0,0,0,VALID,VALID
92H-07095,2026-08-04 15:10:00,446.5,0,"Phường Dĩ An, TP Hồ Chí Minh",0.0,5.0,1,0,-0.19999999999998863,-0.039999999999997725,447.1,0.37013511005503114,5.0,1,Stopped,0,0,0,0,0,VALID,VALID
92H-07095,2026-08-04 15:15:00,446.7,0,"Phường Dĩ An, TP Hồ Chí Minh",0.0,5.0,1,0,0.19999999999998863,0.039999999999997725,446.7,0.3807886548932635,5.0,1,Stopped,0,0,0,0,0,VALID,VALID
92H-07095,2026-08-04 15:20:00,447.1,0,"Phường Dĩ An, TP Hồ Chí Minh",0.0,5.0,1,0,0.4000000000000341,0.08000000000000682,446.7,0.363318042072531,5.0,1,Stopped,0,0,0,0,0,VALID,VALID
92H-07095,2026-08-04 15:25:00,446.8,0,"Phường Dĩ An, TP Hồ Chí Minh",0.0,5.0,1,0,-0.30000000000001137,-0.060000000000002274,446.7,0.21908902230689759,5.0,1,Stopped,0,0,0,0,0,VALID,VALID
92H-07095,2026-08-04 15:30:00,446.8,0,"Phường Dĩ An, TP Hồ Chí Minh",0.0,5.0,1,0,0.0,0.0,446.8,0.2167948331842698,5.0,1,Stopped,0,0,0,0,0,VALID,VALID
92H-07095,2026-08-04 15:35:00,446.8,0,"Phường Dĩ An, TP Hồ Chí Minh",0.0,5.0,1,0,0.0,0.0,446.8,0.1516575078768173,5.0,1,Stopped,0,0,0,0,0,VALID,VALID
92H-07095,2026-08-04 15:40:00,446.8,0,"Phường Dĩ An, TP Hồ Chí Minh",0.0,5.0,1,0,0.0,0.0,446.8,0.134164077514846,5.0,1,Stopped,0,0,0,0,0,VALID,VALID
92H-07095,2026-08-04 15:45:00,446.8,0,"Phường Dĩ An, TP Hồ Chí Minh",0.0,5.0,1,0,0.0,0.0,446.8,0.0,5.0,1,Stopped,0,0,0,0,0,VALID,VALID
92H-07095,2026-08-04 15:50:00,445.2,0,"Phường Dĩ An, TP Hồ Chí Minh",0.0,5.0,1,0,-1.6000000000000227,-0.32000000000000456,446.8,0.7155417525870071,5.0,1,Stopped,0,0,0,0,0,VALID,VALID
92H-07095,2026-08-04 15:55:00,446.5,0,"Phường Dĩ An, TP Hồ Chí Minh",0.0,5.0,1,0,1.3000000000000114,0.2600000000000023,446.8,0.6942621980889214,5.0,1,Stopped,0,0,0,0,0,VALID,VALID
92H-07095,2026-08-04 16:00:00,446.4,0,"Phường Dĩ An, TP Hồ Chí Minh",0.0,5.0,1,0,-0.10000000000002274,-0.02000000000000455,446.5,0.6618156840807169,5.0,1,Stopped,0,0,0,0,0,VALID,VALID
92H-07095,2026-08-04 16:05:00,446.4,0,"Phường Dĩ An, TP Hồ Chí Minh",0.0,5.0,1,0,0.0,0.0,446.4,0.6148170457096924,5.0,1,Stopped,0,0,0,0,0,VALID,VALID
92H-07095,2026-08-04 16:10:00,446.2,0,"Phường Dĩ An, TP Hồ Chí Minh",0.0,5.0,1,0,-0.19999999999998863,-0.039999999999997725,446.4,0.5366563143159093,5.0,1,Stopped,0,0,0,0,0,VALID,VALID
92H-07095,2026-08-04 16:15:00,446.1,0,"Phường Dĩ An, TP Hồ Chí Minh",0.0,5.0,1,0,-0.0999999999999659,-0.01999999999999318,446.4,0.1643167663241036,5.0,1,Stopped,0,0,0,0,0,VALID,VALID
92H-07095,2026-08-04 16:20:00,446.1,0,"Phường Dĩ An, TP Hồ Chí Minh",0.0,5.0,1,0,0.0,0.0,446.2,0.15165750787603213,5.0,1,Stopped,0,0,0,0,0,VALID,VALID
92H-07095,2026-08-04 16:25:00,445.9,0,"Phường Dĩ An, TP Hồ Chí Minh",0.0,5.0,1,0,-0.20000000000004547,-0.0400000000000091,446.1,0.18165902040668203,5.0,1,Stopped,0,0,0,0,0,VALID,VALID
92H-07095,2026-08-04 16:30:00,445.9,0,"Phường Dĩ An, TP Hồ Chí Minh",0.0,5.0,1,0,0.0,0.0,446.1,0.13416407751354217,5.0,1,Stopped,0,0,0,0,0,VALID,VALID
92H-07095,2026-08-04 16:35:00,445.5,0,"Phường Dĩ An, TP Hồ Chí Minh",0.0,5.0,1,0,-0.39999999999997726,-0.07999999999999545,445.9,0.24494897365567503,5.0,1,Stopped,0,0,0,0,0,VALID,VALID
92H-07095,2026-08-04 16:40:00,445.5,0,"Phường Dĩ An, TP Hồ Chí Minh",0.0,5.0,1,0,0.0,0.0,445.9,0.2683281567314357,5.0,1,Stopped,0,0,0,0,0,VALID,VALID
92H-07095,2026-08-04 16:45:00,445.5,0,"Phường Dĩ An, TP Hồ Chí Minh",0.0,5.0,1,0,0.0,0.0,445.5,0.21908902230557312,5.0,1,Stopped,0,0,0,0,0,VALID,VALID
92H-07095,2026-08-04 16:50:00,445.5,0,"Phường Dĩ An, TP Hồ Chí Minh",0.0,5.0,1,0,0.0,0.0,445.5,0.17888543734682258,5.0,1,Stopped,0,0,0,0,0,VALID,VALID
92H-07095,2026-08-04 16:55:00,444.9,0,"Phường Dĩ An, TP Hồ Chí Minh",0.0,5.0,1,0,-0.6000000000000227,-0.12000000000000455,445.5,0.268328156731004,5.0,1,Stopped,0,0,0,0,0,VALID,VALID
92H-07095,2026-08-04 17:00:00,444.6,0,"Phường Dĩ An, TP Hồ Chí Minh",0.0,5.0,1,0,-0.2999999999999545,-0.05999999999999091,445.5,0.42426406835194025,5.0,1,Stopped,0,0,0,0,0,VALID,VALID
92H-07095,2026-08-04 17:05:00,444.5,0,"Phường Dĩ An, TP Hồ Chí Minh",0.0,5.0,1,0,-0.10000000000002274,-0.02000000000000455,444.9,0.4795831520126881,5.0,1,Stopped,0,0,0,0,0,VALID,VALID
92H-07095,2026-08-04 17:10:00,444.3,0,"Phường Dĩ An, TP Hồ Chí Minh",0.0,5.0,1,0,-0.19999999999998863,-0.039999999999997725,444.6,0.46690470086976466,5.0,1,Stopped,0,0,0,0,0,VALID,VALID
92H-07095,2026-08-04 17:15:00,443.0,10,"Số 6, Phường Dĩ An, TP Hồ Chí Minh",0.0,5.0,1,0,-1.3000000000000114,-0.2600000000000023,444.5,0.7368853368699834,5.0,1,Moving,0,0,0,0,0,VALID,VALID
92H-07095,2026-08-04 17:20:00,443.9,0,"Số 8, Phường Dĩ An, TP Hồ Chí Minh",0.0,5.0,1,0,0.8999999999999773,0.17999999999999544,444.3,0.6503845014250217,5.0,1,Stopped,0,0,0,0,0,VALID,VALID
92H-07095,2026-08-04 17:25:00,443.1,0,"Số 18 KCN Sóng Thần I, Phường Dĩ An, TP Hồ Chí Minh",0.0,5.0,1,0,-0.7999999999999545,-0.1599999999999909,443.9,0.684105254835566,5.0,1,Stopped,0,0,0,0,0,VALID,VALID
92H-07095,2026-08-04 17:30:00,441.5,0,"Số 8, Phường Dĩ An, TP Hồ Chí Minh",0.0,5.0,1,0,-1.6000000000000227,-0.32000000000000456,443.1,1.0761040840426268,5.0,1,Stopped,0,0,0,0,0,VALID,VALID
92H-07095,2026-08-04 17:35:00,441.5,0,"Số 8, Phường Dĩ An, TP Hồ Chí Minh",0.0,5.0,1,0,0.0,0.0,443.0,1.063014581128989,5.0,1,Stopped,0,0,0,0,0,VALID,VALID
92H-07095,2026-08-04 17:40:00,441.5,0,"Số 8, Phường Dĩ An, TP Hồ Chí Minh",0.0,5.0,1,0,0.0,0.0,441.5,1.1313708497626396,5.0,1,Stopped,0,0,0,0,0,VALID,VALID
92H-07095,2026-08-04 17:45:00,441.5,0,"Số 8, Phường Dĩ An, TP Hồ Chí Minh",0.0,5.0,1,0,0.0,0.0,441.5,0.7155417525849328,5.0,1,Stopped,0,0,0,0,0,VALID,VALID
92H-07095,2026-08-04 17:50:00,441.5,0,"Số 8, Phường Dĩ An, TP Hồ Chí Minh",0.0,5.0,1,0,0.0,0.0,441.5,0.0,5.0,1,Stopped,0,0,0,0,0,VALID,VALID
92H-07095,2026-08-04 17:55:00,442.4,11,"Số 18 KCN Sóng Thần 2, Phường Dĩ An, TP Hồ Chí Minh",0.0,5.0,1,0,0.8999999999999773,0.17999999999999544,441.5,0.402492235567582,5.0,1,Moving,0,0,0,0,0,VALID,VALID
92H-07095,2026-08-04 18:00:00,443.6,0,"Đại Lộ Thống Nhất, Phường Dĩ An, TP Hồ Chí Minh",0.0,5.0,1,0,1.2000000000000455,0.2400000000000091,441.5,0.9246621002790593,5.0,1,Stopped,0,0,0,0,0,VALID,VALID
92H-07095,2026-08-04 18:05:00,440.9,0,"Tỉnh Lộ 743, Phường Dĩ An, TP Hồ Chí Minh",0.0,5.0,1,0,-2.7000000000000455,-0.5400000000000091,441.5,1.0521406748588389,5.0,1,Stopped,0,0,0,0,0,VALID,VALID
92H-07095,2026-08-04 18:10:00,440.8,0,"Tỉnh Lộ 743, Phường Dĩ An, TP Hồ Chí Minh",0.0,5.0,1,0,-0.0999999999999659,-0.01999999999999318,441.5,1.1717508266232712,5.0,1,Stopped,0,0,0,0,0,VALID,VALID
92H-07095,2026-08-04 18:15:00,440.6,0,"Tỉnh Lộ 743, Phường Dĩ An, TP Hồ Chí Minh",0.0,5.0,1,0,-0.19999999999998863,-0.039999999999997725,440.9,1.2992305413944778,5.0,1,Stopped,0,0,0,0,0,VALID,VALID
92H-07095,2026-08-04 18:20:00,440.0,31,"Tỉnh Lộ 743, Phường Dĩ An, TP Hồ Chí Minh",0.0,5.0,1,0,-0.6000000000000227,-0.12000000000000455,440.8,1.397139935615571,5.0,1,Moving,0,0,0,0,0,VALID,VALID
92H-07095,2026-08-04 18:25:00,439.6,28,"Nguyễn Văn Tiết, Phường An Phú, TP Hồ Chí Minh",0.0,5.0,1,0,-0.39999999999997726,-0.07999999999999545,440.6,0.558569601474408,5.0,1,Moving,0,0,0,0,0,VALID,VALID
92H-07095,2026-08-04 18:30:00,439.6,19,"Độc Lập, Phường Bình Hòa, TP Hồ Chí Minh",0.0,5.0,1,0,0.0,0.0,440.0,0.558569601474246,5.0,1,Moving,0,0,0,0,0,VALID,VALID
92H-07095,2026-08-04 18:35:00,438.4,0,"Số 3, Phường Bình Hòa, TP Hồ Chí Minh",0.0,5.0,1,0,-1.2000000000000455,-0.2400000000000091,439.6,0.8049844717078495,5.0,1,Stopped,0,0,0,0,0,VALID,VALID
92H-07095,2026-08-04 18:40:00,438.3,0,"Số 3, Phường Bình Hòa, TP Hồ Chí Minh",0.0,5.0,1,0,-0.0999999999999659,-0.01999999999999318,439.6,0.7758865894513286,5.0,1,Stopped,0,0,0,0,0,VALID,VALID
92H-07095,2026-08-04 18:45:00,438.1,0,"Số 3, Phường Bình Hòa, TP Hồ Chí Minh",0.0,5.0,1,0,-0.19999999999998863,-0.039999999999997725,438.4,0.7382411528018158,5.0,1,Stopped,0,0,0,0,0,VALID,VALID
92H-07095,2026-08-04 18:50:00,438.1,0,"Số 3, Phường Bình Hòa, TP Hồ Chí Minh",0.0,5.0,1,0,0.0,0.0,438.3,0.6284902542521614,5.0,1,Stopped,0,0,0,0,0,VALID,VALID
92H-07095,2026-08-04 18:55:00,438.1,0,"Số 3, Phường Bình Hòa, TP Hồ Chí Minh",0.0,5.0,1,0,0.0,0.0,438.1,0.14142135514041027,5.0,1,Stopped,0,0,0,0,0,VALID,VALID
92H-07095,2026-08-04 19:00:00,438.1,0,"Số 3, Phường Bình Hòa, TP Hồ Chí Minh",0.0,5.0,1,0,0.0,0.0,438.1,0.08944271736544984,5.0,1,Stopped,0,0,0,0,0,VALID,VALID
92H-07095,2026-08-04 19:05:00,438.1,0,"Số 3, Phường Bình Hòa, TP Hồ Chí Minh",0.0,5.0,1,0,0.0,0.0,438.1,0.0,5.0,1,Stopped,0,0,0,0,0,VALID,VALID
92H-07095,2026-08-04 19:10:00,438.1,0,"Số 3, Phường Bình Hòa, TP Hồ Chí Minh",0.0,5.0,1,0,0.0,0.0,438.1,0.0,5.0,1,Stopped,0,0,0,0,0,VALID,VALID
92H-07095,2026-08-04 19:15:00,438.1,0,"Số 3, Phường Bình Hòa, TP Hồ Chí Minh",0.0,5.0,1,0,0.0,0.0,438.1,0.0,5.0,1,Stopped,0,0,0,0,0,VALID,VALID
92H-07095,2026-08-04 19:20:00,438.1,0,"Số 3, Phường Bình Hòa, TP Hồ Chí Minh",0.0,5.0,1,0,0.0,0.0,438.1,0.0,5.0,1,Stopped,0,0,0,0,0,VALID,VALID
92H-07095,2026-08-04 19:25:00,438.0,0,"Số 3, Phường Bình Hòa, TP Hồ Chí Minh",0.0,5.0,1,0,-0.10000000000002274,-0.02000000000000455,438.1,0.04472135608048447,5.0,1,Stopped,0,0,0,0,0,VALID,VALID
92H-07095,2026-08-04 19:30:00,437.8,0,"Số 3, Phường Bình Hòa, TP Hồ Chí Minh",0.0,5.0,1,0,-0.19999999999998863,-0.039999999999997725,438.1,0.13038404691387548,5.0,1,Stopped,0,0,0,0,0,VALID,VALID
92H-07095,2026-08-04 19:35:00,437.8,0,"Số 3, Phường Bình Hòa, TP Hồ Chí Minh",0.0,5.0,1,0,0.0,0.0,438.0,0.15165750785766804,5.0,1,Stopped,0,0,0,0,0,VALID,VALID
92H-07095,2026-08-04 19:40:00,437.7,0,"Số 3, Phường Bình Hòa, TP Hồ Chí Minh",0.0,5.0,1,0,-0.10000000000002274,-0.02000000000000455,437.8,0.16431676630686395,5.0,1,Stopped,0,0,0,0,0,VALID,VALID
92H-07095,2026-08-04 19:45:00,437.7,0,"Số 3, Phường Bình Hòa, TP Hồ Chí Minh",0.0,5.0,1,0,0.0,0.0,437.8,0.12247448587148996,5.0,1,Stopped,0,0,0,0,0,VALID,VALID
92H-07095,2026-08-04 19:50:00,437.7,0,"Số 3, Phường Bình Hòa, TP Hồ Chí Minh",0.0,5.0,1,0,0.0,0.0,437.7,0.05477225291555108,5.0,1,Stopped,0,0,0,0,0,VALID,VALID
92H-07095,2026-08-04 19:55:00,437.7,0,"Số 3, Phường Bình Hòa, TP Hồ Chí Minh",0.0,5.0,1,0,0.0,0.0,437.7,0.044721356077736585,5.0,1,Stopped,0,0,0,0,0,VALID,VALID
92H-07095,2026-08-04 20:00:00,437.7,0,"Số 3, Phường Bình Hòa, TP Hồ Chí Minh",0.0,5.0,1,0,0.0,0.0,437.7,0.0,5.0,1,Stopped,0,0,0,0,0,VALID,VALID
92H-07095,2026-08-04 20:05:00,437.7,0,"Số 3, Phường Bình Hòa, TP Hồ Chí Minh",0.0,5.0,1,0,0.0,0.0,437.7,0.0,5.0,1,Stopped,0,0,0,0,0,VALID,VALID
92H-07095,2026-08-04 20:10:00,437.6,0,"Số 3, Phường Bình Hòa, TP Hồ Chí Minh",0.0,5.0,1,0,-0.0999999999999659,-0.01999999999999318,437.7,0.04472135607745377,5.0,1,Stopped,0,0,0,0,0,VALID,VALID
92H-07095,2026-08-04 20:15:00,437.1,0,"Số 3, Phường Bình Hòa, TP Hồ Chí Minh",0.0,5.0,1,0,-0.5,-0.1,437.7,0.2607680956124314,5.0,1,Stopped,0,0,0,0,0,VALID,VALID
92H-07095,2026-08-04 20:20:00,437.3,0,"Số 3, Phường Bình Hòa, TP Hồ Chí Minh",0.0,5.0,1,0,0.19999999999998863,0.039999999999997725,437.6,0.26832815672100513,5.0,1,Stopped,0,0,0,0,0,VALID,VALID
92H-07095,2026-08-04 20:25:00,437.1,0,"Số 3, Phường Bình Hòa, TP Hồ Chí Minh",0.0,5.0,1,0,-0.19999999999998863,-0.039999999999997725,437.3,0.27928480031900393,5.0,1,Stopped,0,0,0,0,0,VALID,VALID
92H-07095,2026-08-04 20:30:00,437.1,0,"Số 3, Phường Bình Hòa, TP Hồ Chí Minh",0.0,5.0,1,0,0.0,0.0,437.1,0.2190890222926836,5.0,1,Stopped,0,0,0,0,0,VALID,VALID
92H-07095,2026-08-04 20:35:00,437.1,0,"Số 3, Phường Bình Hòa, TP Hồ Chí Minh",0.0,5.0,1,0,0.0,0.0,437.1,0.089442717362047,5.0,1,Stopped,0,0,0,0,0,VALID,VALID
92H-07095,2026-08-04 20:40:00,437.1,0,"Số 3, Phường Bình Hòa, TP Hồ Chí Minh",0.0,5.0,1,0,0.0,0.0,437.1,0.089442717362047,5.0,1,Stopped,0,0,0,0,0,VALID,VALID
92H-07095,2026-08-04 20:45:00,437.1,0,"Số 3, Phường Bình Hòa, TP Hồ Chí Minh",0.0,5.0,1,0,0.0,0.0,437.1,0.0,5.0,1,Stopped,0,0,0,0,0,VALID,VALID
92H-07095,2026-08-04 20:50:00,437.1,0,"Số 3, Phường Bình Hòa, TP Hồ Chí Minh",0.0,5.0,1,0,0.0,0.0,437.1,0.0,5.0,1,Stopped,0,0,0,0,0,VALID,VALID
92H-07095,2026-08-04 20:55:00,437.1,0,"Số 3, Phường Bình Hòa, TP Hồ Chí Minh",0.0,5.0,1,0,0.0,0.0,437.1,0.0,5.0,1,Stopped,0,0,0,0,0,VALID,VALID
92H-07095,2026-08-04 21:00:00,437.1,0,"Số 3, Phường Bình Hòa, TP Hồ Chí Minh",0.0,5.0,1,0,0.0,0.0,437.1,0.0,5.0,1,Stopped,0,0,0,0,0,VALID,VALID
92H-07095,2026-08-04 21:05:00,437.1,0,"Số 3, Phường Bình Hòa, TP Hồ Chí Minh",0.0,5.0,1,0,0.0,0.0,437.1,0.0,5.0,1,Stopped,0,0,0,0,0,VALID,VALID
92H-07095,2026-08-04 21:10:00,437.1,0,"Số 3, Phường Bình Hòa, TP Hồ Chí Minh",0.0,5.0,1,0,0.0,0.0,437.1,0.0,5.0,1,Stopped,0,0,0,0,0,VALID,VALID
92H-07095,2026-08-04 21:15:00,437.1,0,"Số 3, Phường Bình Hòa, TP Hồ Chí Minh",0.0,5.0,1,0,0.0,0.0,437.1,0.0,5.0,1,Stopped,0,0,0,0,0,VALID,VALID
92H-07095,2026-08-04 21:20:00,437.1,0,"Số 3, Phường Bình Hòa, TP Hồ Chí Minh",0.0,5.0,1,0,0.0,0.0,437.1,0.0,5.0,1,Stopped,0,0,0,0,0,VALID,VALID
92H-07095,2026-08-04 21:25:00,437.1,0,"Số 3, Phường Bình Hòa, TP Hồ Chí Minh",0.0,5.0,1,0,0.0,0.0,437.1,0.0,5.0,1,Stopped,0,0,0,0,0,VALID,VALID
92H-07095,2026-08-04 21:30:00,437.1,0,"Số 3, Phường Bình Hòa, TP Hồ Chí Minh",0.0,5.0,1,0,0.0,0.0,437.1,0.0,5.0,1,Stopped,0,0,0,0,0,VALID,VALID
92H-07095,2026-08-04 21:35:00,437.0,0,"Số 3, Phường Bình Hòa, TP Hồ Chí Minh",0.0,5.0,1,0,-0.10000000000002274,-0.02000000000000455,437.1,0.04472135607380271,5.0,1,Stopped,0,0,0,0,0,VALID,VALID
92H-07095,2026-08-04 21:40:00,437.0,0,"Số 3, Phường Bình Hòa, TP Hồ Chí Minh",0.0,5.0,1,0,0.0,0.0,437.1,0.054772252912131524,5.0,1,Stopped,0,0,0,0,0,VALID,VALID
92H-07095,2026-08-04 21:45:00,436.7,0,"Số 3, Phường Bình Hòa, TP Hồ Chí Minh",0.0,5.0,1,0,-0.30000000000001137,-0.060000000000002274,437.0,0.16431676630532585,5.0,1,Stopped,0,0,0,0,0,VALID,VALID
92H-07095,2026-08-04 21:50:00,436.7,0,"Số 3, Phường Bình Hòa, TP Hồ Chí Minh",0.0,5.0,1,0,0.0,0.0,437.0,0.18708286850754138,5.0,1,Stopped,0,0,0,0,0,VALID,VALID
92H-07095,2026-08-04 21:55:00,436.5,0,"Số 3, Phường Bình Hòa, TP Hồ Chí Minh",0.0,5.0,1,0,-0.19999999999998863,-0.039999999999997725,436.7,0.21679483316943243,5.0,1,Stopped,0,0,0,0,0,VALID,VALID
92H-07095,2026-08-04 22:00:00,436.5,0,"Số 3, Phường Bình Hòa, TP Hồ Chí Minh",0.0,5.0,1,0,0.0,0.0,436.7,0.20493901456024102,5.0,1,Stopped,0,0,0,0,0,VALID,VALID
92H-07095,2026-08-04 22:05:00,436.4,0,"Số 3, Phường Bình Hòa, TP Hồ Chí Minh",0.0,5.0,1,0,-0.10000000000002274,-0.02000000000000455,436.5,0.13416407749049442,5.0,1,Stopped,0,0,0,0,0,VALID,VALID
92H-07095,2026-08-04 22:10:00,436.4,0,"Số 3, Phường Bình Hòa, TP Hồ Chí Minh",0.0,5.0,1,0,0.0,0.0,436.5,0.12247448586890772,5.0,1,Stopped,0,0,0,0,0,VALID,VALID
92H-07095,2026-08-04 22:15:00,436.4,0,"Số 3, Phường Bình Hòa, TP Hồ Chí Minh",0.0,5.0,1,0,0.0,0.0,436.4,0.054772252909948256,5.0,1,Stopped,0,0,0,0,0,VALID,VALID
92H-07095,2026-08-04 22:20:00,436.4,0,"Số 3, Phường Bình Hòa, TP Hồ Chí Minh",0.0,5.0,1,0,0.0,0.0,436.4,0.04472135607093176,5.0,1,Stopped,0,0,0,0,0,VALID,VALID
92H-07095,2026-08-04 22:25:00,436.4,0,"Số 3, Phường Bình Hòa, TP Hồ Chí Minh",0.0,5.0,1,0,0.0,0.0,436.4,0.0,5.0,1,Stopped,0,0,0,0,0,VALID,VALID
92H-07095,2026-08-04 22:30:00,436.2,0,"Số 3, Phường Bình Hòa, TP Hồ Chí Minh",0.0,5.0,1,0,-0.19999999999998863,-0.039999999999997725,436.4,0.08944271736036365,5.0,1,Stopped,0,0,0,0,0,VALID,VALID
92H-07095,2026-08-04 22:35:00,436.2,0,"Số 3, Phường Bình Hòa, TP Hồ Chí Minh",0.0,5.0,1,0,0.0,0.0,436.4,0.10954451008060559,5.0,1,Stopped,0,0,0,0,0,VALID,VALID
92H-07095,2026-08-04 22:40:00,436.2,0,"Số 3, Phường Bình Hòa, TP Hồ Chí Minh",0.0,5.0,1,0,0.0,0.0,436.2,0.10954451008059392,5.0,1,Stopped,0,0,0,0,0,VALID,VALID
92H-07095,2026-08-04 22:45:00,436.2,0,"Số 3, Phường Bình Hòa, TP Hồ Chí Minh",0.0,5.0,1,0,0.0,0.0,436.2,0.08944271736032075,5.0,1,Stopped,0,0,0,0,0,VALID,VALID
92H-07095,2026-08-04 22:50:00,436.2,0,"Số 3, Phường Bình Hòa, TP Hồ Chí Minh",0.0,5.0,1,0,0.0,0.0,436.2,0.0,5.0,1,Stopped,0,0,0,0,0,VALID,VALID
92H-07095,2026-08-04 22:55:00,436.2,0,"Số 3, Phường Bình Hòa, TP Hồ Chí Minh",0.0,5.0,1,0,0.0,0.0,436.2,0.0,5.0,1,Stopped,0,0,0,0,0,VALID,VALID
92H-07095,2026-08-04 23:00:00,436.2,0,"Số 3, Phường Bình Hòa, TP Hồ Chí Minh",0.0,5.0,1,0,0.0,0.0,436.2,0.0,5.0,1,Stopped,0,0,0,0,0,VALID,VALID
92H-07095,2026-08-04 23:05:00,436.2,0,"Số 3, Phường Bình Hòa, TP Hồ Chí Minh",0.0,5.0,1,0,0.0,0.0,436.2,0.0,5.0,1,Stopped,0,0,0,0,0,VALID,VALID
92H-07095,2026-08-04 23:10:00,436.2,0,"Số 3, Phường Bình Hòa, TP Hồ Chí Minh",0.0,5.0,1,0,0.0,0.0,436.2,0.0,5.0,1,Stopped,0,0,0,0,0,VALID,VALID
92H-07095,2026-08-04 23:15:00,435.9,0,"Số 3, Phường Bình Hòa, TP Hồ Chí Minh",0.0,5.0,1,0,-0.30000000000001137,-0.060000000000002274,436.2,0.1341640774902566,5.0,1,Stopped,0,0,0,0,0,VALID,VALID
92H-07095,2026-08-04 23:20:00,435.8,0,"Số 3, Phường Bình Hòa, TP Hồ Chí Minh",0.0,5.0,1,0,-0.0999999999999659,-0.01999999999999318,436.2,0.19493588609802062,5.0,1,Stopped,0,0,0,0,0,VALID,VALID
92H-07095,2026-08-04 23:25:00,434.8,21,"Độc Lập, Phường Bình Hòa, TP Hồ Chí Minh",0.0,5.0,1,0,-1.0,-0.2,435.9,0.57619441136553,5.0,1,Moving,0,0,0,0,0,VALID,VALID
92H-07095,2026-08-04 23:30:00,435.3,0,"Nguyễn Văn Tiết, Phường An Phú, TP Hồ Chí Minh",0.0,5.0,1,0,0.5,0.1,435.8,0.552268050577717,5.0,1,Stopped,0,0,0,0,0,VALID,VALID
92H-07095,2026-08-04 23:35:00,435.2,0,"Tỉnh Lộ 743, Phường An Phú, TP Hồ Chí Minh",0.0,5.0,1,0,-0.10000000000002274,-0.02000000000000455,435.3,0.4527692565633823,5.0,1,Stopped,0,0,0,0,0,VALID,VALID
92H-07095,2026-08-04 23:40:00,427.7,26,"Cao Tốc Mỹ Phước - Tân Vạn, Phường Tân Đông Hiệp, TP Hồ Chí Minh",0.0,5.0,1,0,-7.5,-1.5,435.2,3.4063176598328666,5.0,1,Moving,0,0,0,0,0,VALID,VALID
92H-07095,2026-08-04 23:45:00,428.4,44,"Cao Tốc Mỹ Phước - Tân Vạn, Phường Dĩ An, TP Hồ Chí Minh",0.0,5.0,1,0,0.6999999999999886,0.13999999999999774,434.8,3.873886936874829,5.0,1,Moving,0,0,0,0,0,VALID,VALID
92H-07095,2026-08-04 23:50:00,434.3,0,"Cao Tốc Mỹ Phước - Tân Vạn, Phường Tân Đông Hiệp, TP Hồ Chí Minh",0.0,5.0,1,0,5.900000000000034,1.1800000000000068,434.3,3.7982890884830587,5.0,1,Stopped,0,0,0,0,0,VALID,VALID
92H-07095,2026-08-04 23:55:00,434.3,0,"Cao Tốc Mỹ Phước - Tân Vạn, Phường Tân Đông Hiệp, TP Hồ Chí Minh",0.0,5.0,1,0,0.0,0.0,434.3,3.614830563067858,5.0,1,Stopped,0,0,0,0,0,VALID,VALID
92H-07095,2026-08-05 00:00:00,434.0,0,"Cao Tốc Mỹ Phước - Tân Vạn, Phường Tân Đông Hiệp, TP Hồ Chí Minh",0.0,5.0,1,0,-0.30000000000001137,-0.060000000000002274,434.0,3.379792893017188,5.0,1,Stopped,0,0,0,0,0,VALID,VALID
92H-07095,2026-08-05 00:05:00,434.0,0,"Cao Tốc Mỹ Phước - Tân Vạn, Phường Tân Đông Hiệp, TP Hồ Chí Minh",0.0,5.0,1,0,0.0,0.0,434.0,2.575849374418003,5.0,1,Stopped,0,0,0,0,0,VALID,VALID
92H-07095,2026-08-05 00:10:00,434.0,0,"Cao Tốc Mỹ Phước - Tân Vạn, Phường Tân Đông Hiệp, TP Hồ Chí Minh",0.0,5.0,1,0,0.0,0.0,434.0,0.16431676630742026,5.0,1,Stopped,0,0,0,0,0,VALID,VALID
92H-07095,2026-08-05 00:15:00,434.0,0,"Cao Tốc Mỹ Phước - Tân Vạn, Phường Tân Đông Hiệp, TP Hồ Chí Minh",0.0,5.0,1,0,0.0,0.0,434.0,0.1341640774936352,5.0,1,Stopped,0,0,0,0,0,VALID,VALID
92H-07095,2026-08-05 00:20:00,434.0,0,"Cao Tốc Mỹ Phước - Tân Vạn, Phường Tân Đông Hiệp, TP Hồ Chí Minh",0.0,5.0,1,0,0.0,0.0,434.0,0.0,5.0,1,Stopped,0,0,0,0,0,VALID,VALID
92H-07095,2026-08-05 00:25:00,434.0,0,"Cao Tốc Mỹ Phước - Tân Vạn, Phường Tân Đông Hiệp, TP Hồ Chí Minh",0.0,5.0,1,0,0.0,0.0,434.0,0.0,5.0,1,Stopped,0,0,0,0,0,VALID,VALID
92H-07095,2026-08-05 00:30:00,430.4,46,"Cao Tốc Mỹ Phước - Tân Vạn, Phường Đông Hòa, TP Hồ Chí Minh",0.0,5.0,1,0,-3.6000000000000227,-0.7200000000000045,434.0,1.609968943703474,5.0,1,Moving,0,0,0,0,0,VALID,VALID
92H-07095,2026-08-05 00:35:00,426.8,25,"Tỉnh Lộ 743C, Phường Đông Hòa, TP Hồ Chí Minh",0.0,5.0,1,0,-3.599999999999966,-0.7199999999999932,434.0,3.2199378875514904,5.0,1,Moving,0,0,0,0,0,VALID,VALID
92H-07095,2026-08-05 00:40:00,425.5,0,"Xa Lộ Hà Nội, Phường Đông Hòa, TP Hồ Chí Minh",0.0,5.0,1,0,-1.3000000000000114,-0.2600000000000023,430.4,3.954491117664755,5.0,1,Stopped,0,0,0,0,0,VALID,VALID
92H-07095,2026-08-05 00:45:00,424.9,38,"Quốc Lộ 51, Phường Long Hưng, Tỉnh Đồng Nai",0.0,5.0,1,0,-0.6000000000000227,-0.12000000000000455,426.8,3.8258332425354507,5.0,1,Moving,0,0,0,0,0,VALID,VALID
92H-07095,2026-08-05 00:50:00,423.5,52,"Quốc Lộ 51, Phường Long Hưng, Tỉnh Đồng Nai",0.0,5.0,1,0,-1.3999999999999773,-0.2799999999999955,425.5,2.620496136171348,5.0,1,Moving,0,0,0,0,0,VALID,VALID
92H-07095,2026-08-05 00:55:00,422.9,48,"Quốc Lộ 51, Phường Phước Tân, Tỉnh Đồng Nai",0.0,5.0,1,0,-0.6000000000000227,-0.12000000000000455,424.9,1.562689988349809,5.0,1,Moving,0,0,0,0,0,VALID,VALID
92H-07095,2026-08-05 01:00:00,417.9,37,"Quốc Lộ 51, Phường Tam Phước, Tỉnh Đồng Nai",0.0,5.0,1,0,-5.0,-1.0,423.5,3.0046630426203063,5.0,1,Moving,0,0,0,0,0,VALID,VALID
92H-07095,2026-08-05 01:05:00,421.4,54,"Quốc Lộ 51, Phường Tam Phước, Tỉnh Đồng Nai",0.0,5.0,1,0,3.5,0.7,422.9,2.6724520575097466,5.0,1,Moving,0,0,0,0,0,VALID,VALID
92H-07095,2026-08-05 01:10:00,419.8,52,"Trường Chinh, Xã Bình An, Tỉnh Đồng Nai",0.0,5.0,1,0,-1.599999999999966,-0.3199999999999932,421.4,2.292378677201432,5.0,1,Moving,0,0,0,0,0,VALID,VALID
92H-07095,2026-08-05 01:15:00,417.7,35,"Trường Chinh, Xã Long Thành, Tỉnh Đồng Nai",0.0,5.0,1,0,-2.1000000000000227,-0.42000000000000454,419.8,2.2412050329426383,5.0,1,Moving,0,0,0,0,0,VALID,VALID
92H-07095,2026-08-05 01:20:00,415.7,61,"Cao tốc Hồ Chí Minh - Long Thành - Dầu Giây, Xã Long Thành, Tỉnh Đồng ",0.0,5.0,1,0,-2.0,-0.4,417.9,2.1760055146269925,5.0,1,Moving,0,0,0,0,0,VALID,VALID
92H-07095,2026-08-05 01:25:00,412.0,66,"Cao tốc Long Thành - Dầu Giây, Xã Long Thành, Tỉnh Đồng Nai",0.0,5.0,1,0,-3.6999999999999886,-0.7399999999999978,417.7,3.6697411352419307,5.0,1,Moving,0,0,0,0,0,VALID,VALID
92H-07095,2026-08-05 01:30:00,407.9,76,"Cao tốc Hồ Chí Minh - Long Thành - Dầu Giây, Xã Long Thành, Tỉnh Đồng ",0.0,5.0,1,0,-4.100000000000023,-0.8200000000000045,415.7,4.730433383918017,5.0,1,Moving,0,0,0,0,0,VALID,VALID
92H-07095,2026-08-05 01:35:00,408.5,53,"Xã Xuân Quế, Tỉnh Đồng Nai",0.0,5.0,1,0,0.6000000000000227,0.12000000000000455,412.0,4.318333011670759,5.0,1,Moving,0,0,0,0,0,VALID,VALID
92H-07095,2026-08-05 01:40:00,402.7,39,"Cao tốc Phan Thiết - Dầu Giây, Xã Xuân Quế, Tỉnh Đồng Nai",0.0,5.0,1,0,-5.800000000000011,-1.1600000000000024,408.5,4.8577772694602555,5.0,1,Moving,0,0,0,0,0,VALID,VALID
92H-07095,2026-08-05 01:45:00,398.8,59,"Cao tốc Phan Thiết - Dầu Giây, Xã Cẩm Mỹ, Tỉnh Đồng Nai",0.0,5.0,1,0,-3.8999999999999773,-0.7799999999999955,407.9,5.210278303477066,5.0,1,Moving,0,0,0,0,0,VALID,VALID
92H-07095,2026-08-05 01:50:00,398.6,75,"Cao tốc Phan Thiết - Dầu Giây, Phường Hàng Gòn, Tỉnh Đồng Nai",0.0,5.0,1,0,-0.19999999999998863,-0.039999999999997725,402.7,4.767074574587995,5.0,1,Moving,0,0,0,0,0,VALID,VALID
92H-07095,2026-08-05 01:55:00,398.9,94,"Cao tốc Phan Thiết - Dầu Giây, Xã Xuân Định, Tỉnh Đồng Nai",0.0,5.0,1,0,0.2999999999999545,0.05999999999999091,398.9,4.2690748411902195,5.0,1,Moving,0,0,0,0,0,VALID,VALID
92H-07095,2026-08-05 02:00:00,396.7,80,"Cao tốc Phan Thiết - Dầu Giây, Xã Xuân Lộc, Tỉnh Đồng Nai",0.0,5.0,1,0,-2.1999999999999886,-0.4399999999999977,398.8,2.1847196615774993,5.0,1,Moving,0,0,0,0,0,VALID,VALID
92H-07095,2026-08-05 02:05:00,392.9,80,"Cao tốc Phan Thiết - Dầu Giây, Xã Xuân Hòa, Tỉnh Đồng Nai",0.0,5.0,1,0,-3.8000000000000114,-0.7600000000000022,398.6,2.5567557567517816,5.0,1,Moving,0,0,0,0,0,VALID,VALID
92H-07095,2026-08-05 02:10:00,393.2,84,"Cao tốc Phan Thiết - Dầu Giây, Xã Xuân Hòa, Tỉnh Đồng Nai",0.0,5.0,1,0,0.30000000000001137,0.060000000000002274,396.7,2.876282322666425,5.0,1,Moving,0,0,0,0,0,VALID,VALID
92H-07095,2026-08-05 02:15:00,391.4,79,"Cao tốc Phan Thiết - Dầu Giây, Xã Xuân Hòa, Tỉnh Đồng Nai",0.0,5.0,1,0,-1.8000000000000114,-0.36000000000000226,393.2,3.0817202987427974,5.0,1,Moving,0,0,0,0,0,VALID,VALID
92H-07095,2026-08-05 02:20:00,388.1,71,"Cao tốc Phan Thiết - Dầu Giây, Xã Tân Minh, Tỉnh Lâm Đồng",0.0,5.0,1,0,-3.2999999999999545,-0.6599999999999909,392.9,3.116568625858169,5.0,1,Moving,0,0,0,0,0,VALID,VALID
92H-07095,2026-08-05 02:25:00,387.5,34,"Cao tốc Phan Thiết - Dầu Giây, Xã Tân Minh, Tỉnh Lâm Đồng",0.0,5.0,1,0,-0.6000000000000227,-0.12000000000000455,391.4,2.6715164232479682,5.0,1,Moving,0,0,0,0,0,VALID,VALID
92H-07095,2026-08-05 02:30:00,388.2,56,"Nguyễn Huệ, Xã Tân Minh, Tỉnh Lâm Đồng",0.0,5.0,1,0,0.6999999999999886,0.13999999999999774,388.2,2.4893774321471773,5.0,1,Moving,0,0,0,0,0,VALID,VALID
92H-07095,2026-08-05 02:35:00,384.7,57,"Quốc Lộ 1, Xã Tân Minh, Tỉnh Lâm Đồng",0.0,5.0,1,0,-3.5,-0.7,388.1,2.3847431726883634,5.0,1,Moving,0,0,0,0,0,VALID,VALID
92H-07095,2026-08-05 02:40:00,384.5,46,"Quốc Lộ 1, Xã Hàm Tân, Tỉnh Lâm Đồng",0.0,5.0,1,0,-0.19999999999998863,-0.039999999999997725,387.5,1.846618531176334,5.0,1,Moving,0,0,0,0,0,VALID,VALID
92H-07095,2026-08-05 02:45:00,469.4,0,"Xã Hàm Tân, Tỉnh Lâm Đồng",0.0,5.0,1,0,84.89999999999998,16.979999999999997,387.5,37.233358698882945,5.0,1,Stopped,0,0,1,0,1,LARGE_DELTA,VALID
92H-07095,2026-08-05 02:50:00,564.9,0,"Xã Hàm Tân, Tỉnh Lâm Đồng",0.0,5.0,1,0,95.5,19.1,388.2,79.48611828489096,5.0,1,Stopped,0,0,1,0,1,LARGE_DELTA,VALID
92H-07095,2026-08-05 02:55:00,568.0,0,"Xã Hàm Tân, Tỉnh Lâm Đồng",0.0,5.0,1,0,3.1000000000000227,0.6200000000000045,469.4,90.97288057437598,5.0,1,Stopped,0,0,0,0,0,VALID,VALID
92H-07095,2026-08-05 03:00:00,567.1,0,"Xã Hàm Tân, Tỉnh Lâm Đồng",0.0,5.0,1,0,-0.8999999999999773,-0.17999999999999544,564.9,82.2100784575691,5.0,1,Stopped,0,0,0,0,0,VALID,VALID
92H-07095,2026-08-05 03:05:00,567.1,0,"Xã Hàm Tân, Tỉnh Lâm Đồng",0.0,5.0,1,0,0.0,0.0,567.1,43.562426470522254,5.0,1,Stopped,0,0,0,0,0,VALID,VALID
92H-07095,2026-08-05 03:10:00,567.1,0,"Xã Hàm Tân, Tỉnh Lâm Đồng",0.0,5.0,1,0,0.0,0.0,567.1,1.1523888231205823,5.0,1,Stopped,0,0,0,0,0,VALID,VALID
92H-07095,2026-08-05 03:15:00,567.1,0,"Xã Hàm Tân, Tỉnh Lâm Đồng",0.0,5.0,1,0,0.0,0.0,567.1,0.40249223551912044,5.0,1,Stopped,0,0,0,0,0,VALID,VALID
92H-07095,2026-08-05 03:20:00,567.1,0,"Xã Hàm Tân, Tỉnh Lâm Đồng",0.0,5.0,1,0,0.0,0.0,567.1,0.0,5.0,1,Stopped,0,0,0,0,0,VALID,VALID
92H-07095,2026-08-05 03:25:00,567.1,0,"Xã Hàm Tân, Tỉnh Lâm Đồng",0.0,5.0,1,0,0.0,0.0,567.1,0.0,5.0,1,Stopped,0,0,0,0,0,VALID,VALID
92H-07095,2026-08-05 03:30:00,567.1,0,"Xã Hàm Tân, Tỉnh Lâm Đồng",0.0,5.0,1,0,0.0,0.0,567.1,0.0,5.0,1,Stopped,0,0,0,0,0,VALID,VALID
92H-07095,2026-08-05 03:35:00,567.1,0,"Xã Hàm Tân, Tỉnh Lâm Đồng",0.0,5.0,1,0,0.0,0.0,567.1,0.0,5.0,1,Stopped,0,0,0,0,0,VALID,VALID
92H-07095,2026-08-05 03:40:00,567.1,0,"Xã Hàm Tân, Tỉnh Lâm Đồng",0.0,5.0,1,0,0.0,0.0,567.1,0.0,5.0,1,Stopped,0,0,0,0,0,VALID,VALID
92H-07095,2026-08-05 03:45:00,567.1,0,"Xã Hàm Tân, Tỉnh Lâm Đồng",0.0,5.0,1,0,0.0,0.0,567.1,0.0,5.0,1,Stopped,0,0,0,0,0,VALID,VALID
92H-07095,2026-08-05 03:50:00,567.1,0,"Xã Hàm Tân, Tỉnh Lâm Đồng",0.0,5.0,1,0,0.0,0.0,567.1,0.0,5.0,1,Stopped,0,0,0,0,0,VALID,VALID
92H-07095,2026-08-05 03:55:00,567.1,0,"Xã Hàm Tân, Tỉnh Lâm Đồng",0.0,5.0,1,0,0.0,0.0,567.1,0.0,5.0,1,Stopped,0,0,0,0,0,VALID,VALID
92H-07095,2026-08-05 04:00:00,567.1,0,"Xã Hàm Tân, Tỉnh Lâm Đồng",0.0,5.0,1,0,0.0,0.0,567.1,0.0,5.0,1,Stopped,0,0,0,0,0,VALID,VALID
92H-07095,2026-08-05 04:05:00,567.1,0,"Xã Hàm Tân, Tỉnh Lâm Đồng",0.0,5.0,1,0,0.0,0.0,567.1,0.0,5.0,1,Stopped,0,0,0,0,0,VALID,VALID
92H-07095,2026-08-05 04:10:00,567.1,0,"Xã Hàm Tân, Tỉnh Lâm Đồng",0.0,5.0,1,0,0.0,0.0,567.1,0.0,5.0,1,Stopped,0,0,0,0,0,VALID,VALID
92H-07095,2026-08-05 04:15:00,567.1,0,"Xã Hàm Tân, Tỉnh Lâm Đồng",0.0,5.0,1,0,0.0,0.0,567.1,0.0,5.0,1,Stopped,0,0,0,0,0,VALID,VALID
92H-07095,2026-08-05 04:20:00,567.1,0,"Xã Hàm Tân, Tỉnh Lâm Đồng",0.0,5.0,1,0,0.0,0.0,567.1,0.0,5.0,1,Stopped,0,0,0,0,0,VALID,VALID
92H-07095,2026-08-05 04:25:00,567.1,0,"Xã Hàm Tân, Tỉnh Lâm Đồng",0.0,5.0,1,0,0.0,0.0,567.1,0.0,5.0,1,Stopped,0,0,0,0,0,VALID,VALID
92H-07095,2026-08-05 04:30:00,567.1,0,"Xã Hàm Tân, Tỉnh Lâm Đồng",0.0,5.0,1,0,0.0,0.0,567.1,0.0,5.0,1,Stopped,0,0,0,0,0,VALID,VALID
92H-07095,2026-08-05 04:35:00,567.1,0,"Xã Hàm Tân, Tỉnh Lâm Đồng",0.0,5.0,1,0,0.0,0.0,567.1,0.0,5.0,1,Stopped,0,0,0,0,0,VALID,VALID
92H-07095,2026-08-05 04:40:00,567.1,0,"Xã Hàm Tân, Tỉnh Lâm Đồng",0.0,5.0,1,0,0.0,0.0,567.1,0.0,5.0,1,Stopped,0,0,0,0,0,VALID,VALID
92H-07095,2026-08-05 04:45:00,567.1,0,"Xã Hàm Tân, Tỉnh Lâm Đồng",0.0,5.0,1,0,0.0,0.0,567.1,0.0,5.0,1,Stopped,0,0,0,0,0,VALID,VALID
92H-07095,2026-08-05 04:50:00,567.1,0,"Xã Hàm Tân, Tỉnh Lâm Đồng",0.0,5.0,1,0,0.0,0.0,567.1,0.0,5.0,1,Stopped,0,0,0,0,0,VALID,VALID
92H-07095,2026-08-05 04:55:00,567.1,0,"Xã Hàm Tân, Tỉnh Lâm Đồng",0.0,5.0,1,0,0.0,0.0,567.1,0.0,5.0,1,Stopped,0,0,0,0,0,VALID,VALID
92H-07095,2026-08-05 05:00:00,567.1,0,"Xã Hàm Tân, Tỉnh Lâm Đồng",0.0,5.0,1,0,0.0,0.0,567.1,0.0,5.0,1,Stopped,0,0,0,0,0,VALID,VALID
92H-07095,2026-08-05 05:05:00,567.1,0,"Xã Hàm Tân, Tỉnh Lâm Đồng",0.0,5.0,1,0,0.0,0.0,567.1,0.0,5.0,1,Stopped,0,0,0,0,0,VALID,VALID
92H-07095,2026-08-05 05:10:00,567.1,0,"Xã Hàm Tân, Tỉnh Lâm Đồng",0.0,5.0,1,0,0.0,0.0,567.1,0.0,5.0,1,Stopped,0,0,0,0,0,VALID,VALID
92H-07095,2026-08-05 05:15:00,567.1,0,"Xã Hàm Tân, Tỉnh Lâm Đồng",0.0,5.0,1,0,0.0,0.0,567.1,0.0,5.0,1,Stopped,0,0,0,0,0,VALID,VALID
92H-07095,2026-08-05 05:20:00,567.1,0,"Xã Hàm Tân, Tỉnh Lâm Đồng",0.0,5.0,1,0,0.0,0.0,567.1,0.0,5.0,1,Stopped,0,0,0,0,0,VALID,VALID
92H-07095,2026-08-05 05:25:00,567.1,0,"Xã Hàm Tân, Tỉnh Lâm Đồng",0.0,5.0,1,0,0.0,0.0,567.1,0.0,5.0,1,Stopped,0,0,0,0,0,VALID,VALID
92H-07095,2026-08-05 05:30:00,567.1,0,"Xã Hàm Tân, Tỉnh Lâm Đồng",0.0,5.0,1,0,0.0,0.0,567.1,0.0,5.0,1,Stopped,0,0,0,0,0,VALID,VALID
92H-07095,2026-08-05 05:35:00,567.1,0,"Xã Hàm Tân, Tỉnh Lâm Đồng",0.0,5.0,1,0,0.0,0.0,567.1,0.0,5.0,1,Stopped,0,0,0,0,0,VALID,VALID
92H-07095,2026-08-05 05:40:00,567.1,0,"Xã Hàm Tân, Tỉnh Lâm Đồng",0.0,5.0,1,0,0.0,0.0,567.1,0.0,5.0,1,Stopped,0,0,0,0,0,VALID,VALID
92H-07095,2026-08-05 05:45:00,567.1,0,"Xã Hàm Tân, Tỉnh Lâm Đồng",0.0,5.0,1,0,0.0,0.0,567.1,0.0,5.0,1,Stopped,0,0,0,0,0,VALID,VALID
92H-07095,2026-08-05 05:50:00,567.1,0,"Xã Hàm Tân, Tỉnh Lâm Đồng",0.0,5.0,1,0,0.0,0.0,567.1,0.0,5.0,1,Stopped,0,0,0,0,0,VALID,VALID
92H-07095,2026-08-05 05:55:00,567.1,0,"Xã Hàm Tân, Tỉnh Lâm Đồng",0.0,5.0,1,0,0.0,0.0,567.1,0.0,5.0,1,Stopped,0,0,0,0,0,VALID,VALID
92H-07095,2026-08-05 06:00:00,567.1,0,"Xã Hàm Tân, Tỉnh Lâm Đồng",0.0,5.0,1,0,0.0,0.0,567.1,0.0,5.0,1,Stopped,0,0,0,0,0,VALID,VALID
92H-07095,2026-08-05 06:05:00,567.1,0,"Xã Hàm Tân, Tỉnh Lâm Đồng",0.0,5.0,1,0,0.0,0.0,567.1,0.0,5.0,1,Stopped,0,0,0,0,0,VALID,VALID
92H-07095,2026-08-05 06:10:00,567.1,0,"Xã Hàm Tân, Tỉnh Lâm Đồng",0.0,5.0,1,0,0.0,0.0,567.1,0.0,5.0,1,Stopped,0,0,0,0,0,VALID,VALID
92H-07095,2026-08-05 06:15:00,567.1,0,"Xã Hàm Tân, Tỉnh Lâm Đồng",0.0,5.0,1,0,0.0,0.0,567.1,0.0,5.0,1,Stopped,0,0,0,0,0,VALID,VALID
92H-07095,2026-08-05 06:20:00,567.1,0,"Xã Hàm Tân, Tỉnh Lâm Đồng",0.0,5.0,1,0,0.0,0.0,567.1,0.0,5.0,1,Stopped,0,0,0,0,0,VALID,VALID
92H-07095,2026-08-05 06:25:00,567.1,0,"Xã Hàm Tân, Tỉnh Lâm Đồng",0.0,5.0,1,0,0.0,0.0,567.1,0.0,5.0,1,Stopped,0,0,0,0,0,VALID,VALID
92H-07095,2026-08-05 06:30:00,567.1,0,"Xã Hàm Tân, Tỉnh Lâm Đồng",0.0,5.0,1,0,0.0,0.0,567.1,0.0,5.0,1,Stopped,0,0,0,0,0,VALID,VALID
92H-07095,2026-08-05 06:35:00,567.1,0,"Xã Hàm Tân, Tỉnh Lâm Đồng",0.0,5.0,1,0,0.0,0.0,567.1,0.0,5.0,1,Stopped,0,0,0,0,0,VALID,VALID
92H-07095,2026-08-05 06:40:00,567.1,0,"Xã Hàm Tân, Tỉnh Lâm Đồng",0.0,5.0,1,0,0.0,0.0,567.1,0.0,5.0,1,Stopped,0,0,0,0,0,VALID,VALID
92H-07095,2026-08-05 06:45:00,567.1,0,"Xã Hàm Tân, Tỉnh Lâm Đồng",0.0,5.0,1,0,0.0,0.0,567.1,0.0,5.0,1,Stopped,0,0,0,0,0,VALID,VALID
92H-07095,2026-08-05 06:50:00,567.1,0,"Xã Hàm Tân, Tỉnh Lâm Đồng",0.0,5.0,1,0,0.0,0.0,567.1,0.0,5.0,1,Stopped,0,0,0,0,0,VALID,VALID
92H-07095,2026-08-05 06:55:00,567.1,0,"Xã Hàm Tân, Tỉnh Lâm Đồng",0.0,5.0,1,0,0.0,0.0,567.1,0.0,5.0,1,Stopped,0,0,0,0,0,VALID,VALID
92H-07095,2026-08-05 07:00:00,567.1,0,"Xã Hàm Tân, Tỉnh Lâm Đồng",0.0,5.0,1,0,0.0,0.0,567.1,0.0,5.0,1,Stopped,0,0,0,0,0,VALID,VALID
92H-07095,2026-08-05 07:05:00,567.0,0,"Xã Hàm Tân, Tỉnh Lâm Đồng",0.0,5.0,1,0,-0.10000000000002274,-0.02000000000000455,567.1,0.04472135567298591,5.0,1,Stopped,0,0,0,0,0,VALID,VALID
92H-07095,2026-08-05 07:10:00,566.7,0,"Xã Hàm Tân, Tỉnh Lâm Đồng",0.0,5.0,1,0,-0.2999999999999545,-0.05999999999999091,567.1,0.17320507975589555,5.0,1,Stopped,0,0,0,0,0,VALID,VALID
92H-07095,2026-08-05 07:15:00,566.7,0,"Xã Hàm Tân, Tỉnh Lâm Đồng",0.0,5.0,1,0,0.0,0.0,567.0,0.20493901447322982,5.0,1,Stopped,0,0,0,0,0,VALID,VALID
92H-07095,2026-08-05 07:20:00,571.7,32,"Xã Tân Lập, Tỉnh Lâm Đồng",0.0,5.0,1,0,5.0,1.0,567.0,2.165178976355784,5.0,1,Moving,0,0,0,0,0,VALID,VALID
92H-07095,2026-08-05 07:25:00,570.2,0,"Xã Tân Lập, Tỉnh Lâm Đồng",0.0,5.0,1,0,-1.5,-0.3,567.0,2.3373061416196403,5.0,1,Stopped,0,0,0,0,0,VALID,VALID
92H-07095,2026-08-05 07:30:00,571.8,0,"Xã Tân Lập, Tỉnh Lâm Đồng",0.0,5.0,1,0,1.599999999999909,0.3199999999999818,570.2,2.5626158509719237,5.0,1,Stopped,0,0,0,0,0,VALID,VALID
92H-07095,2026-08-05 07:35:00,571.8,0,"Xã Tân Lập, Tỉnh Lâm Đồng",0.0,5.0,1,0,0.0,0.0,571.7,2.1984085151882864,5.0,1,Stopped,0,0,0,0,0,VALID,VALID
92H-07095,2026-08-05 07:40:00,571.8,0,"Xã Tân Lập, Tỉnh Lâm Đồng",0.0,5.0,1,0,0.0,0.0,571.8,0.7056911503288004,5.0,1,Stopped,0,0,0,0,0,VALID,VALID
92H-07095,2026-08-05 07:45:00,571.7,0,"Xã Tân Lập, Tỉnh Lâm Đồng",0.0,5.0,1,0,-0.09999999999990905,-0.01999999999998181,571.8,0.7056911503288004,5.0,1,Stopped,0,0,0,0,0,VALID,VALID
92H-07095,2026-08-05 07:50:00,571.7,0,"Xã Tân Lập, Tỉnh Lâm Đồng",0.0,5.0,1,0,0.0,0.0,571.8,0.05477225257716305,5.0,1,Stopped,0,0,0,0,0,VALID,VALID
92H-07095,2026-08-05 07:55:00,571.7,0,"Xã Tân Lập, Tỉnh Lâm Đồng",0.0,5.0,1,0,0.0,0.0,571.7,0.054772252577209746,5.0,1,Stopped,0,0,0,0,0,VALID,VALID
92H-07095,2026-08-05 08:00:00,565.6,71,"Cao tốc Phan Thiết - Dầu Giây, Xã Tân Lập, Tỉnh Lâm Đồng",0.0,5.0,1,0,-6.100000000000023,-1.2200000000000046,571.7,2.7395255062971517,5.0,1,Moving,0,0,0,0,0,VALID,VALID
92H-07095,2026-08-05 08:05:00,564.3,76,"Cao tốc Phan Thiết - Dầu Giây, Xã Tân Lập, Tỉnh Lâm Đồng",0.0,5.0,1,0,-1.3000000000000682,-0.26000000000001366,571.7,3.725587201992903,5.0,1,Moving,0,0,0,0,0,VALID,VALID
92H-07095,2026-08-05 08:10:00,560.5,81,"Cao tốc Phan Thiết - Dầu Giây, Xã Tân Lập, Tỉnh Lâm Đồng",0.0,5.0,1,0,-3.7999999999999545,-0.7599999999999909,565.6,4.883441409462582,5.0,1,Moving,0,0,0,0,0,VALID,VALID
92H-07095,2026-08-05 08:15:00,559.8,89,"Cao tốc Phan Thiết - Dầu Giây, Xã Hàm Kiệm, Tỉnh Lâm Đồng",0.0,5.0,1,0,-0.7000000000000455,-0.1400000000000091,564.3,4.772525536825803,5.0,1,Moving,0,0,0,0,0,VALID,VALID
92H-07095,2026-08-05 08:20:00,557.3,82,"Cao tốc Vĩnh Hảo-Phan Thiết, Xã Hàm Kiệm, Tỉnh Lâm Đồng",0.0,5.0,1,0,-2.5,-0.5,560.5,3.3977934015556714,5.0,1,Moving,0,0,0,0,0,VALID,VALID
92H-07095,2026-08-05 08:25:00,555.3,74,"Cao tốc Vĩnh Hảo-Phan Thiết, Xã Hàm Thạnh, Tỉnh Lâm Đồng",0.0,5.0,1,0,-2.0,-0.4,559.8,3.4129166411818224,5.0,1,Moving,0,0,0,0,0,VALID,VALID
92H-07095,2026-08-05 08:30:00,551.5,74,"Cao tốc Vĩnh Hảo-Phan Thiết, Xã Hàm Liêm, Tỉnh Lâm Đồng",0.0,5.0,1,0,-3.7999999999999545,-0.7599999999999909,557.3,3.648561360270175,5.0,1,Moving,0,0,0,0,0,VALID,VALID
92H-07095,2026-08-05 08:35:00,550.2,73,"Cao tốc Vĩnh Hảo-Phan Thiết, Xã Hàm Liêm, Tỉnh Lâm Đồng",0.0,5.0,1,0,-1.2999999999999545,-0.2599999999999909,555.3,3.9858499720457456,5.0,1,Moving,0,0,0,0,0,VALID,VALID
92H-07095,2026-08-05 08:40:00,548.7,67,"Cao tốc Vĩnh Hảo-Phan Thiết, Xã Hàm Thuận, Tỉnh Lâm Đồng",0.0,5.0,1,0,-1.5,-0.3,551.5,3.5902646141556565,5.0,1,Moving,0,0,0,0,0,VALID,VALID
92H-07095,2026-08-05 08:45:00,549.0,11,"Cao tốc Vĩnh Hảo-Phan Thiết, Xã Hàm Thuận Bắc, Tỉnh Lâm Đồng",0.0,5.0,1,0,0.2999999999999545,0.05999999999999091,550.2,2.676378149600578,5.0,1,Moving,0,0,0,0,0,VALID,VALID
92H-07095,2026-08-05 08:50:00,544.3,0,"Xã Hàm Thuận Bắc, Tỉnh Lâm Đồng",0.0,5.0,1,0,-4.7000000000000455,-0.940000000000009,549.0,2.717167642907068,5.0,1,Stopped,0,0,0,0,0,VALID,VALID
92H-07095,2026-08-05 08:55:00,544.8,0,"Xã Hàm Thuận Bắc, Tỉnh Lâm Đồng",0.0,5.0,1,0,0.5,0.1,548.7,2.667395733606467,5.0,1,Stopped,0,0,0,0,0,VALID,VALID
92H-07095,2026-08-05 09:00:00,544.9,0,"Xã Hàm Thuận Bắc, Tỉnh Lâm Đồng",0.0,5.0,1,0,0.10000000000002274,0.02000000000000455,544.9,2.3049945769269207,5.0,1,Stopped,0,0,0,0,0,VALID,VALID
92H-07095,2026-08-05 09:05:00,544.9,0,"Xã Hàm Thuận Bắc, Tỉnh Lâm Đồng",0.0,5.0,1,0,0.0,0.0,544.9,1.9279522814797492,5.0,1,Stopped,0,0,0,0,0,VALID,VALID
92H-07095,2026-08-05 09:10:00,544.9,0,"Xã Hàm Thuận Bắc, Tỉnh Lâm Đồng",0.0,5.0,1,0,0.0,0.0,544.9,0.2607680955629712,5.0,1,Stopped,0,0,0,0,0,VALID,VALID
92H-07095,2026-08-05 09:15:00,544.9,0,"Xã Hàm Thuận Bắc, Tỉnh Lâm Đồng",0.0,5.0,1,0,0.0,0.0,544.9,0.04472135578694419,5.0,1,Stopped,0,0,0,0,0,VALID,VALID
92H-07095,2026-08-05 09:20:00,542.3,47,"Cao tốc Vĩnh Hảo-Phan Thiết, Xã Hàm Thuận Bắc, Tỉnh Lâm Đồng",0.0,5.0,1,0,-2.6000000000000227,-0.5200000000000046,544.9,1.1627553481553632,5.0,1,Moving,0,0,0,0,0,VALID,VALID
92H-07095,2026-08-05 09:25:00,541.5,74,"Cao tốc Vĩnh Hảo-Phan Thiết, Xã Hồng Sơn, Tỉnh Lâm Đồng",0.0,5.0,1,0,-0.7999999999999545,-0.1599999999999909,544.9,1.6673331999527077,5.0,1,Moving,0,0,0,0,0,VALID,VALID
92H-07095,2026-08-05 09:30:00,540.7,74,"Cao tốc Vĩnh Hảo-Phan Thiết, Xã Hồng Sơn, Tỉnh Lâm Đồng",0.0,5.0,1,0,-0.7999999999999545,-0.1599999999999909,542.3,1.9462785000265033,5.0,1,Moving,0,0,0,0,0,VALID,VALID
92H-07095,2026-08-05 09:35:00,539.8,75,"Cao tốc Vĩnh Hảo-Phan Thiết, Xã Sông Lũy, Tỉnh Lâm Đồng",0.0,5.0,1,0,-0.900000000000091,-0.1800000000000182,541.5,1.9462785000268348,5.0,1,Moving,0,0,0,0,0,VALID,VALID
92H-07095,2026-08-05 09:40:00,537.1,74,"Cao tốc Vĩnh Hảo-Phan Thiết, Xã Lương Sơn, Tỉnh Lâm Đồng",0.0,5.0,1,0,-2.699999999999932,-0.5399999999999864,540.7,2.005492458143053,5.0,1,Moving,0,0,0,0,0,VALID,VALID
92H-07095,2026-08-05 09:45:00,538.3,72,"Cao tốc Vĩnh Hảo-Phan Thiết, Xã Lương Sơn, Tỉnh Lâm Đồng",0.0,5.0,1,0,1.1999999999999318,0.23999999999998636,539.8,1.7838161339302296,5.0,1,Moving,0,0,0,0,0,VALID,VALID
92H-07095,2026-08-05 09:50:00,536.1,73,"Cao tốc Vĩnh Hảo-Phan Thiết, Xã Hải Ninh, Tỉnh Lâm Đồng",0.0,5.0,1,0,-2.199999999999932,-0.43999999999998635,538.3,1.8867962263241382,5.0,1,Moving,0,0,0,0,0,VALID,VALID
92H-07095,2026-08-05 09:55:00,532.0,76,"Cao tốc Vĩnh Hảo-Phan Thiết, Xã Hải Ninh, Tỉnh Lâm Đồng",0.0,5.0,1,0,-4.100000000000023,-0.8200000000000045,537.1,2.948389390781473,5.0,1,Moving,0,0,0,0,0,VALID,VALID
92H-07095,2026-08-05 10:00:00,529.9,75,"Cao tốc Vĩnh Hảo-Phan Thiết, Xã Bắc Bình, Tỉnh Lâm Đồng",0.0,5.0,1,0,-2.1000000000000227,-0.42000000000000454,536.1,3.570994259261002,5.0,1,Moving,0,0,0,0,0,VALID,VALID
92H-07095,2026-08-05 10:05:00,524.9,75,"Cao tốc Vĩnh Hảo-Phan Thiết, Xã Tuy Phong, Tỉnh Lâm Đồng",0.0,5.0,1,0,-5.0,-1.0,532.0,5.268586148074019,5.0,1,Moving,0,0,0,0,0,VALID,VALID
92H-07095,2026-08-05 10:10:00,526.0,75,"Cao tốc Vĩnh Hảo-Phan Thiết, Xã Tuy Phong, Tỉnh Lâm Đồng",0.0,5.0,1,0,1.1000000000000227,0.22000000000000455,529.9,4.554887484854036,5.0,1,Moving,0,0,0,0,0,VALID,VALID
92H-07095,2026-08-05 10:15:00,518.6,74,"Cao tốc Vĩnh Hảo-Phan Thiết, Xã Liên Hương, Tỉnh Lâm Đồng",0.0,5.0,1,0,-7.399999999999977,-1.4799999999999955,526.0,5.166913972545252,5.0,1,Moving,0,0,0,0,0,VALID,VALID
92H-07095,2026-08-05 10:20:00,519.5,74,"Cao tốc Cam Lâm-Vĩnh Hảo, Xã Vĩnh Hảo, Tỉnh Lâm Đồng",0.0,5.0,1,0,0.8999999999999773,0.17999999999999544,524.9,4.71136922769657,5.0,1,Moving,0,0,0,0,0,VALID,VALID
92H-07095,2026-08-05 10:25:00,514.4,32,"Cao tốc Cam Lâm-Vĩnh Hảo, Xã Tuy Phong, Tỉnh Lâm Đồng",0.0,5.0,1,0,-5.100000000000023,-1.0200000000000045,519.5,4.776714351904425,5.0,1,Moving,0,0,0,0,0,VALID,VALID
92H-07095,2026-08-05 10:30:00,513.8,0,"Cao tốc Cam Lâm-Vĩnh Hảo, Xã Tuy Phong, Tỉnh Lâm Đồng",0.0,5.0,1,0,-0.6000000000000227,-0.12000000000000455,518.6,4.902856310324827,5.0,1,Stopped,0,0,0,0,0,VALID,VALID
92H-07095,2026-08-05 10:35:00,514.4,74,"Cao tốc Cam Lâm-Vĩnh Hảo, Xã Phước Hà, Tỉnh Khánh Hòa",0.0,5.0,1,0,0.6000000000000227,0.12000000000000455,514.4,2.6866335812116784,5.0,1,Moving,0,0,0,0,0,VALID,VALID
92H-07095,2026-08-05 10:40:00,512.0,0,"Cao tốc Cam Lâm-Vĩnh Hảo, Xã Phước Hà, Tỉnh Khánh Hòa",0.0,5.0,1,0,-2.3999999999999773,-0.47999999999999543,514.4,2.794995527670064,5.0,1,Stopped,0,0,0,0,0,VALID,VALID
92H-07095,2026-08-05 10:45:00,511.6,0,"Cao tốc Cam Lâm-Vĩnh Hảo, Xã Phước Hà, Tỉnh Khánh Hòa",0.0,5.0,1,0,-0.39999999999997726,-0.07999999999999545,513.8,1.3446189050051731,5.0,1,Stopped,0,0,0,0,0,VALID,VALID
92H-07095,2026-08-05 10:50:00,511.4,0,"Cao tốc Cam Lâm-Vĩnh Hảo, Xã Phước Hà, Tỉnh Khánh Hòa",0.0,5.0,1,0,-0.20000000000004547,-0.0400000000000091,512.0,1.3667479649511276,5.0,1,Stopped,0,0,0,0,0,VALID,VALID
92H-07095,2026-08-05 10:55:00,511.1,0,"Cao tốc Cam Lâm-Vĩnh Hảo, Xã Phước Hà, Tỉnh Khánh Hòa",0.0,5.0,1,0,-0.2999999999999545,-0.05999999999999091,511.6,1.326649916028601,5.0,1,Stopped,0,0,0,0,0,VALID,VALID
92H-07095,2026-08-05 11:00:00,509.4,73,"Cao tốc Cam Lâm-Vĩnh Hảo, Xã Phước Hữu, Tỉnh Khánh Hòa",0.0,5.0,1,0,-1.7000000000000455,-0.3400000000000091,511.4,1.004987561962806,5.0,1,Moving,0,0,0,0,0,VALID,VALID
92H-07095,2026-08-05 11:05:00,506.6,74,"Cao tốc Cam Lâm-Vĩnh Hảo, Xã Phước Hữu, Tỉnh Khánh Hòa",0.0,5.0,1,0,-2.7999999999999545,-0.559999999999991,511.1,2.100476136427433,5.0,1,Moving,0,0,0,0,0,VALID,VALID
92H-07095,2026-08-05 11:10:00,506.1,73,"Cao tốc Cam Lâm-Vĩnh Hảo, Xã Phước Hậu, Tỉnh Khánh Hòa",0.0,5.0,1,0,-0.5,-0.1,509.4,2.473256961923349,5.0,1,Moving,0,0,0,0,0,VALID,VALID
92H-07095,2026-08-05 11:15:00,502.5,64,"Cao tốc Cam Lâm-Vĩnh Hảo, Phường Đô Vinh, Tỉnh Khánh Hòa",0.0,5.0,1,0,-3.6000000000000227,-0.7200000000000045,506.6,3.3049962178048533,5.0,1,Moving,0,0,0,0,0,VALID,VALID
92H-07095,2026-08-05 11:20:00,500.3,74,"Cao tốc Cam Lâm-Vĩnh Hảo, Xã Mỹ Sơn, Tỉnh Khánh Hòa",0.0,5.0,1,0,-2.1999999999999886,-0.4399999999999977,506.1,3.5870600775156576,5.0,1,Moving,0,0,0,0,0,VALID,VALID
92H-07095,2026-08-05 11:25:00,498.9,75,"Cao tốc Cam Lâm-Vĩnh Hảo, Xã Thuận Bắc, Tỉnh Khánh Hòa",0.0,5.0,1,0,-1.400000000000034,-0.2800000000000068,502.5,3.422279941750657,5.0,1,Moving,0,0,0,0,0,VALID,VALID
92H-07095,2026-08-05 11:30:00,498.1,71,"Cao tốc Cam Lâm-Vĩnh Hảo, Xã Thuận Bắc, Tỉnh Khánh Hòa",0.0,5.0,1,0,-0.7999999999999545,-0.1599999999999909,500.3,3.217452408305442,5.0,1,Moving,0,0,0,0,0,VALID,VALID
92H-07095,2026-08-05 11:35:00,497.5,69,"Cao tốc Cam Lâm-Vĩnh Hảo, Xã Công Hải, Tỉnh Khánh Hòa",0.0,5.0,1,0,-0.6000000000000227,-0.12000000000000455,498.9,1.9969977465465854,5.0,1,Moving,0,0,0,0,0,VALID,VALID
92H-07095,2026-08-05 11:40:00,487.9,54,"Cao tốc Cam Lâm-Vĩnh Hảo, Xã Công Hải, Tỉnh Khánh Hòa",0.0,5.0,1,0,-9.600000000000023,-1.9200000000000046,498.1,4.942469018589312,5.0,1,Moving,0,0,1,0,1,LARGE_DELTA,VALID
92H-07095,2026-08-05 11:45:00,490.0,66,"Cao tốc Cam Lâm-Vĩnh Hảo, Xã Nam Cam Ranh, Tỉnh Khánh Hòa",0.0,5.0,1,0,2.1000000000000227,0.42000000000000454,497.5,5.126597312030403,5.0,1,Moving,0,0,0,0,0,VALID,VALID
92H-07095,2026-08-05 11:50:00,486.9,72,"Cao tốc Nha Trang-Cam Lâm, Phường Ba Ngòi, Tỉnh Khánh Hòa",0.0,5.0,1,0,-3.1000000000000227,-0.6200000000000045,490.0,5.34434280335009,5.0,1,Moving,0,0,0,0,0,VALID,VALID
92H-07095,2026-08-05 11:55:00,483.8,75,"Cao tốc Nha Trang-Cam Lâm, Xã Cam An, Tỉnh Khánh Hòa",0.0,5.0,1,0,-3.099999999999966,-0.6199999999999932,487.9,5.13974707546224,5.0,1,Moving,0,0,0,0,0,VALID,VALID
92H-07095,2026-08-05 12:00:00,479.6,51,"Cao tốc Nha Trang-Cam Lâm, Xã Cam An, Tỉnh Khánh Hòa",0.0,5.0,1,0,-4.199999999999989,-0.8399999999999977,486.9,4.048826990589553,5.0,1,Moving,0,0,0,0,0,VALID,VALID
92H-07095,2026-08-05 12:05:00,478.2,75,"Cao tốc Nha Trang-Cam Lâm, Xã Cam Hiệp, Tỉnh Khánh Hòa",0.0,5.0,1,0,-1.400000000000034,-0.2800000000000068,483.8,4.924428900870503,5.0,1,Moving,0,0,0,0,0,VALID,VALID
92H-07095,2026-08-05 12:10:00,479.7,69,"Cao tốc Nha Trang-Cam Lâm, Xã Cam Hiệp, Tỉnh Khánh Hòa",0.0,5.0,1,0,1.5,0.3,479.7,3.6087393920496664,5.0,1,Moving,0,0,0,0,0,VALID,VALID
92H-07095,2026-08-05 12:15:00,475.3,75,"Cao tốc Nha Trang-Cam Lâm, Xã Cam Hiệp, Tỉnh Khánh Hòa",0.0,5.0,1,0,-4.399999999999977,-0.8799999999999955,479.6,3.0703420004510273,5.0,1,Moving,0,0,0,0,0,VALID,VALID
92H-07095,2026-08-05 12:20:00,474.0,74,"Cao tốc Nha Trang-Cam Lâm, Xã Suối Hiệp, Tỉnh Khánh Hòa",0.0,5.0,1,0,-1.3000000000000114,-0.2600000000000023,478.2,2.5851498988909327,5.0,1,Moving,0,0,0,0,0,VALID,VALID
92H-07095,2026-08-05 12:25:00,472.5,74,"Cao tốc Nha Trang-Cam Lâm, Xã Diên Lạc, Tỉnh Khánh Hòa",0.0,5.0,1,0,-1.5,-0.3,475.3,2.968669735712851,5.0,1,Moving,0,0,0,0,0,VALID,VALID
92H-07095,2026-08-05 12:30:00,470.6,71,"Cao tốc Vân Phong-Nha Trang, Xã Diên Thọ, Tỉnh Khánh Hòa",0.0,5.0,1,0,-1.8999999999999773,-0.37999999999999545,474.0,3.431763395069526,5.0,1,Moving,0,0,0,0,0,VALID,VALID
92H-07095,2026-08-05 12:35:00,467.1,66,"Cao tốc Vân Phong-Nha Trang, Xã Diên Lâm, Tỉnh Khánh Hòa",0.0,5.0,1,0,-3.5,-0.7,472.5,3.2039038686799097,5.0,1,Moving,0,0,0,0,0,VALID,VALID
92H-07095,2026-08-05 12:40:00,464.6,72,"Cao tốc Vân Phong-Nha Trang, Xã Bắc Khánh Vĩnh, Tỉnh Khánh Hòa",0.0,5.0,1,0,-2.5,-0.5,470.6,3.869496091191293,5.0,1,Moving,0,0,0,0,0,VALID,VALID
92H-07095,2026-08-05 12:45:00,459.0,72,"Cao tốc Vân Phong-Nha Trang, Xã Bắc Khánh Vĩnh, Tỉnh Khánh Hòa",0.0,5.0,1,0,-5.600000000000023,-1.1200000000000045,467.1,5.3078244130480075,5.0,1,Moving,0,0,0,0,0,VALID,VALID
92H-07095,2026-08-05 12:50:00,457.4,69,"Cao tốc Vân Phong-Nha Trang, Xã Nam Ninh Hòa, Tỉnh Khánh Hòa",0.0,5.0,1,0,-1.6000000000000227,-0.32000000000000456,464.6,5.5170644367953665,5.0,1,Moving,0,0,0,0,0,VALID,VALID
92H-07095,2026-08-05 12:55:00,461.2,67,"Cao tốc Vân Phong-Nha Trang, Xã Tân Định, Tỉnh Khánh Hòa",0.0,5.0,1,0,3.8000000000000114,0.7600000000000022,461.2,3.9834658276122066,5.0,1,Moving,0,0,0,0,0,VALID,VALID
92H-07095,2026-08-05 13:00:00,456.5,69,"Cao tốc Vân Phong-Nha Trang, Xã Hòa Trí, Tỉnh Khánh Hòa",0.0,5.0,1,0,-4.699999999999989,-0.9399999999999977,459.0,3.25084604368714,5.0,1,Moving,0,0,0,0,0,VALID,VALID
92H-07095,2026-08-05 13:05:00,454.9,77,"Cao tốc Vân Phong-Nha Trang, Xã Bắc Ninh Hòa, Tỉnh Khánh Hòa",0.0,5.0,1,0,-1.6000000000000227,-0.32000000000000456,457.4,2.411431110307371,5.0,1,Moving,0,0,0,0,0,VALID,VALID
92H-07095,2026-08-05 13:10:00,452.4,75,"Cao tốc Vân Phong-Nha Trang, Xã Vạn Hưng, Tỉnh Khánh Hòa",0.0,5.0,1,0,-2.5,-0.5,456.5,3.250692233934128,5.0,1,Moving,0,0,0,0,0,VALID,VALID
92H-07095,2026-08-05 13:15:00,450.6,74,"Cao tốc Vân Phong-Nha Trang, Xã Vạn Hưng, Tỉnh Khánh Hòa",0.0,5.0,1,0,-1.7999999999999545,-0.3599999999999909,454.9,4.08497246009823,5.0,1,Moving,0,0,0,0,0,VALID,VALID
92H-07095,2026-08-05 13:20:00,448.6,73,"Cao tốc Vân Phong-Nha Trang, Xã Vạn Ninh, Tỉnh Khánh Hòa",0.0,5.0,1,0,-2.0,-0.4,452.4,3.1835514759091614,5.0,1,Moving,0,0,0,0,0,VALID,VALID
92H-07095,2026-08-05 13:25:00,444.9,75,"Cao tốc Vân Phong-Nha Trang, Xã Vạn Thắng, Tỉnh Khánh Hòa",0.0,5.0,1,0,-3.7000000000000455,-0.7400000000000091,450.6,3.79828908849308,5.0,1,Moving,0,0,0,0,0,VALID,VALID
92H-07095,2026-08-05 13:30:00,444.5,65,"Cao tốc Vân Phong-Nha Trang, Xã Tu Bông, Tỉnh Khánh Hòa",0.0,5.0,1,0,-0.39999999999997726,-0.07999999999999545,448.6,3.4691497517068326,5.0,1,Moving,0,0,0,0,0,VALID,VALID
92H-07095,2026-08-05 13:35:00,440.2,67,"Cao tốc Vân Phong-Nha Trang, Xã Đại Lãnh, Tỉnh Khánh Hòa",0.0,5.0,1,0,-4.300000000000011,-0.8600000000000023,444.9,4.022809963168785,5.0,1,Moving,0,0,0,0,0,VALID,VALID
92H-07095,2026-08-05 13:40:00,439.9,66,"Đường dẫn hầm Đèo Cả, Xã Đại Lãnh, Tỉnh Khánh Hòa",0.0,5.0,1,0,-0.30000000000001137,-0.060000000000002274,444.5,3.6313909180604638,5.0,1,Moving,0,0,0,0,0,VALID,VALID
92H-07095,2026-08-05 13:45:00,434.2,0,"Đường dẫn Hầm Đèo Cả, Xã Đại Lãnh, Tỉnh Khánh Hòa",0.0,5.0,1,0,-5.699999999999989,-1.1399999999999977,440.2,4.336242613112711,5.0,1,Stopped,0,0,0,0,0,VALID,VALID
92H-07095,2026-08-05 13:50:00,437.0,51,"Quốc Lộ 1, Xã Hòa Xuân, Tỉnh Đắk Lắk",0.0,5.0,1,0,2.8000000000000114,0.5600000000000023,439.9,3.8539590033854814,5.0,1,Moving,0,0,0,0,0,VALID,VALID
92H-07095,2026-08-05 13:55:00,435.2,0,"Quốc Lộ 1, Xã Hòa Xuân, Tỉnh Đắk Lắk",0.0,5.0,1,0,-1.8000000000000114,-0.36000000000000226,437.0,2.705549851652653,5.0,1,Stopped,0,0,0,0,0,VALID,VALID
92H-07095,2026-08-05 14:00:00,435.3,0,"Quốc Lộ 1, Xã Hòa Xuân, Tỉnh Đắk Lắk",0.0,5.0,1,0,0.10000000000002274,0.02000000000000455,435.3,2.2398660673751376,5.0,1,Stopped,0,0,0,0,0,VALID,VALID
92H-07095,2026-08-05 14:05:00,435.3,0,"Quốc Lộ 1, Xã Hòa Xuân, Tỉnh Đắk Lắk",0.0,5.0,1,0,0.0,0.0,435.3,1.0074720838709974,5.0,1,Stopped,0,0,0,0,0,VALID,VALID
92H-07095,2026-08-05 14:10:00,435.3,0,"Quốc Lộ 1, Xã Hòa Xuân, Tỉnh Đắk Lắk",0.0,5.0,1,0,0.0,0.0,435.3,0.7726577507403811,5.0,1,Stopped,0,0,0,0,0,VALID,VALID
92H-07095,2026-08-05 14:15:00,435.3,0,"Quốc Lộ 1, Xã Hòa Xuân, Tỉnh Đắk Lắk",0.0,5.0,1,0,0.0,0.0,435.3,0.04472135708400671,5.0,1,Stopped,0,0,0,0,0,VALID,VALID
92H-07095,2026-08-05 14:20:00,435.3,0,"Quốc Lộ 1, Xã Hòa Xuân, Tỉnh Đắk Lắk",0.0,5.0,1,0,0.0,0.0,435.3,0.0,5.0,1,Stopped,0,0,0,0,0,VALID,VALID
92H-07095,2026-08-05 14:25:00,435.3,0,"Quốc Lộ 1, Xã Hòa Xuân, Tỉnh Đắk Lắk",0.0,5.0,1,0,0.0,0.0,435.3,0.0,5.0,1,Stopped,0,0,0,0,0,VALID,VALID
92H-07095,2026-08-05 14:30:00,435.3,0,"Quốc Lộ 1, Xã Hòa Xuân, Tỉnh Đắk Lắk",0.0,5.0,1,0,0.0,0.0,435.3,0.0,5.0,1,Stopped,0,0,0,0,0,VALID,VALID
92H-07095,2026-08-05 14:35:00,435.3,0,"Quốc Lộ 1, Xã Hòa Xuân, Tỉnh Đắk Lắk",0.0,5.0,1,0,0.0,0.0,435.3,0.0,5.0,1,Stopped,0,0,0,0,0,VALID,VALID
92H-07095,2026-08-05 14:40:00,435.3,0,"Quốc Lộ 1, Xã Hòa Xuân, Tỉnh Đắk Lắk",0.0,5.0,1,0,0.0,0.0,435.3,0.0,5.0,1,Stopped,0,0,0,0,0,VALID,VALID
92H-07095,2026-08-05 14:45:00,435.2,0,"Quốc Lộ 1, Xã Hòa Xuân, Tỉnh Đắk Lắk",0.0,5.0,1,0,-0.10000000000002274,-0.02000000000000455,435.3,0.04472135708400671,5.0,1,Stopped,0,0,0,0,0,VALID,VALID
92H-07095,2026-08-05 14:50:00,433.1,50,"Quốc Lộ 1, Xã Hòa Xuân, Tỉnh Đắk Lắk",0.0,5.0,1,0,-2.099999999999966,-0.41999999999999316,435.3,0.9736529154579426,5.0,1,Moving,0,0,0,0,0,VALID,VALID
92H-07095,2026-08-05 14:55:00,431.7,48,"Quốc Lộ 1, Phường Đông Hòa, Tỉnh Đắk Lắk",0.0,5.0,1,0,-1.400000000000034,-0.2800000000000068,435.2,1.6468151079524047,5.0,1,Moving,0,0,0,0,0,VALID,VALID
92H-07095,2026-08-05 15:00:00,432.9,8,"Đi Hòa Tân, Phường Đông Hòa, Tỉnh Đắk Lắk",0.0,5.0,1,0,1.1999999999999886,0.23999999999999772,433.1,1.5646085771785414,5.0,1,Moving,0,0,0,0,0,VALID,VALID
92H-07095,2026-08-05 15:05:00,428.4,55,"Cao tốc Chí Thạnh-Vân Phong, Phường Đông Hòa, Tỉnh Đắk Lắk",0.0,5.0,1,0,-4.5,-0.9,432.9,2.4985996077366717,5.0,1,Moving,0,0,0,0,0,VALID,VALID
92H-07095,2026-08-05 15:10:00,426.5,76,"Cao tốc Chí Thạnh-Vân Phong, Phường Tuy Hòa, Tỉnh Đắk Lắk",0.0,5.0,1,0,-1.8999999999999773,-0.37999999999999545,431.7,2.931211353652843,5.0,1,Moving,0,0,0,0,0,VALID,VALID
92H-07095,2026-08-05 15:15:00,424.6,77,"Cao tốc Chí Thạnh-Vân Phong, Phường Bình Kiến, Tỉnh Đắk Lắk",0.0,5.0,1,0,-1.8999999999999773,-0.37999999999999545,428.4,3.4751978360641025,5.0,1,Moving,0,0,0,0,0,VALID,VALID
92H-07095,2026-08-05 15:20:00,419.5,32,"Cao tốc Chí Thạnh-Vân Phong, Phường Bình Kiến, Tỉnh Đắk Lắk",0.0,5.0,1,0,-5.100000000000023,-1.0200000000000045,426.5,4.927169572867032,5.0,1,Moving,0,0,0,0,0,VALID,VALID
92H-07095,2026-08-05 15:25:00,418.2,48,"Cao tốc Chí Thạnh-Vân Phong, Xã Tuy An Nam, Tỉnh Đắk Lắk",0.0,5.0,1,0,-1.3000000000000114,-0.2600000000000023,424.6,4.424138334160607,5.0,1,Moving,0,0,0,0,0,VALID,VALID
92H-07095,2026-08-05 15:30:00,413.6,36,"Cao tốc Chí Thạnh-Vân Phong, Xã Ô Loan, Tỉnh Đắk Lắk",0.0,5.0,1,0,-4.599999999999966,-0.9199999999999932,419.5,5.164978218714187,5.0,1,Moving,0,0,0,0,0,VALID,VALID
92H-07095,2026-08-05 15:35:00,419.2,72,"Cao tốc Quy Nhơn–Chí Thạnh, Xã Tuy An Bắc, Tỉnh Đắk Lắk",0.0,5.0,1,0,5.599999999999966,1.1199999999999932,419.2,3.9194387353029674,5.0,1,Moving,0,0,0,0,0,VALID,VALID
92H-07095,2026-08-05 15:40:00,413.9,61,"Cao tốc Quy Nhơn–Chí Thạnh, Xã Tuy An Bắc, Tỉnh Đắk Lắk",0.0,5.0,1,0,-5.300000000000011,-1.0600000000000023,418.2,2.899482712449798,5.0,1,Moving,0,0,0,0,0,VALID,VALID
92H-07095,2026-08-05 15:45:00,400.8,37,"Xã Xuân Thọ, Tỉnh Đắk Lắk",0.0,5.0,1,0,-13.099999999999966,-2.619999999999993,413.9,7.338119650141873,5.0,1,Moving,0,0,1,0,1,LARGE_DELTA,VALID
92H-07095,2026-08-05 15:50:00,406.0,74,"Cao tốc Quy Nhơn–Chí Thạnh, Xã Xuân Thọ, Tỉnh Đắk Lắk",0.0,5.0,1,0,5.199999999999989,1.0399999999999978,413.6,7.262919523153226,5.0,1,Moving,0,0,0,0,0,VALID,VALID
92H-07095,2026-08-05 15:55:00,409.6,71,"Cao tốc Quy Nhơn–Chí Thạnh, Xã Xuân Thọ, Tỉnh Đắk Lắk",0.0,5.0,1,0,3.6000000000000227,0.7200000000000045,409.6,7.081666470528028,5.0,1,Moving,0,0,0,0,0,VALID,VALID
92H-07095,2026-08-05 16:00:00,400.2,49,"Cao tốc Quy Nhơn–Chí Thạnh, Xã Xuân Thọ, Tỉnh Đắk Lắk",0.0,5.0,1,0,-9.400000000000034,-1.8800000000000068,406.0,5.83095189482849,5.0,1,Moving,0,0,1,0,1,LARGE_DELTA,VALID
92H-07095,2026-08-05 16:05:00,393.0,28,"Xã Xuân Cảnh, Tỉnh Đắk Lắk",0.0,5.0,1,0,-7.199999999999989,-1.4399999999999977,400.8,6.312844050014796,5.0,1,Moving,0,0,0,0,0,VALID,VALID
92H-07095,2026-08-05 16:10:00,400.8,75,"Cao tốc Quy Nhơn–Chí Thạnh, Xã Xuân Lộc, Tỉnh Đắk Lắk",0.0,5.0,1,0,7.800000000000011,1.5600000000000023,400.8,6.312844050014796,5.0,1,Moving,0,0,0,0,0,VALID,VALID
92H-07095,2026-08-05 16:15:00,395.8,73,"Cao tốc Quy Nhơn–Chí Thạnh, Xã Xuân Lộc, Tỉnh Đắk Lắk",0.0,5.0,1,0,-5.0,-1.0,400.2,6.312844050014913,5.0,1,Moving,0,0,0,0,0,VALID,VALID
92H-07095,2026-08-05 16:20:00,393.5,0,"Xã Xuân Lộc, Tỉnh Đắk Lắk",0.0,5.0,1,0,-2.3000000000000114,-0.4600000000000023,395.8,3.6671514830738485,5.0,1,Stopped,0,0,0,0,0,VALID,VALID
92H-07095,2026-08-05 16:25:00,393.5,0,"Xã Xuân Lộc, Tỉnh Đắk Lắk",0.0,5.0,1,0,0.0,0.0,393.5,3.2506922339421207,5.0,1,Stopped,0,0,0,0,0,VALID,VALID
92H-07095,2026-08-05 16:30:00,393.3,0,"Xã Xuân Lộc, Tỉnh Đắk Lắk",0.0,5.0,1,0,-0.19999999999998863,-0.039999999999997725,393.5,3.1995312156332467,5.0,1,Stopped,0,0,0,0,0,VALID,VALID
92H-07095,2026-08-05 16:35:00,393.3,0,"Xã Xuân Lộc, Tỉnh Đắk Lắk",0.0,5.0,1,0,0.0,0.0,393.5,1.0779610381699913,5.0,1,Stopped,0,0,0,0,0,VALID,VALID
92H-07095,2026-08-05 16:40:00,392.8,0,"Xã Xuân Lộc, Tỉnh Đắk Lắk",0.0,5.0,1,0,-0.5,-0.1,393.3,0.2863564209388496,5.0,1,Stopped,0,0,0,0,0,VALID,VALID
92H-07095,2026-08-05 16:45:00,390.8,0,"Cao tốc Quy Nhơn–Chí Thạnh, Xã Xuân Lộc, Tỉnh Đắk Lắk",0.0,5.0,1,0,-2.0,-0.4,393.3,1.1148990984897342,5.0,1,Stopped,0,0,0,0,0,VALID,VALID
92H-07095,2026-08-05 16:50:00,389.5,73,"Cao tốc Quy Nhơn–Chí Thạnh, Phường Quy Nhơn Tây, Tỉnh Gia Lai",0.0,5.0,1,0,-1.3000000000000114,-0.2600000000000023,392.8,1.709678332264197,5.0,1,Moving,0,0,0,0,0,VALID,VALID
92H-07095,2026-08-05 16:55:00,389.7,70,"Xã Tuy Phước Tây, Tỉnh Gia Lai",0.0,5.0,1,0,0.19999999999998863,0.039999999999997725,390.8,1.7512852422760994,5.0,1,Moving,0,0,0,0,0,VALID,VALID
92H-07095,2026-08-05 17:00:00,385.4,54,"Cao tốc Quy Nhơn–Chí Thạnh, Xã Tuy Phước Tây, Tỉnh Gia Lai",0.0,5.0,1,0,-4.300000000000011,-0.8600000000000023,389.7,2.7079512550662614,5.0,1,Moving,0,0,0,0,0,VALID,VALID
92H-07095,2026-08-05 17:05:00,385.1,71,"Cao tốc Hoài Nhơn-Quy Nhơn, Phường An Nhơn Nam, Tỉnh Gia Lai",0.0,5.0,1,0,-0.2999999999999545,-0.05999999999999091,389.5,2.6504716561049393,5.0,1,Moving,0,0,0,0,0,VALID,VALID
92H-07095,2026-08-05 17:10:00,382.6,72,"Cao tốc Hoài Nhơn-Quy Nhơn, Phường Bình Định, Tỉnh Gia Lai",0.0,5.0,1,0,-2.5,-0.5,385.4,3.066431150346669,5.0,1,Moving,0,0,0,0,0,VALID,VALID
92H-07095,2026-08-05 17:15:00,380.6,69,"Xã Bình Hiệp, Tỉnh Gia Lai",0.0,5.0,1,0,-2.0,-0.4,385.1,3.4230103709771793,5.0,1,Moving,0,0,0,0,0,VALID,VALID
92H-07095,2026-08-05 17:20:00,378.1,72,"Cao tốc Hoài Nhơn-Quy Nhơn, Xã Bình Hiệp, Tỉnh Gia Lai",0.0,5.0,1,0,-2.5,-0.5,382.6,3.084315158964576,5.0,1,Moving,0,0,0,0,0,VALID,VALID
92H-07095,2026-08-05 17:25:00,376.7,71,"Cao tốc Hoài Nhơn-Quy Nhơn, Xã Hòa Hội, Tỉnh Gia Lai",0.0,5.0,1,0,-1.400000000000034,-0.2800000000000068,380.6,3.380384593477462,5.0,1,Moving,0,0,0,0,0,VALID,VALID
92H-07095,2026-08-05 17:30:00,374.5,73,"Cao tốc Hoài Nhơn-Quy Nhơn, Xã Phù Mỹ Nam, Tỉnh Gia Lai",0.0,5.0,1,0,-2.1999999999999886,-0.4399999999999977,378.1,3.186691073797544,5.0,1,Moving,0,0,0,0,0,VALID,VALID
92H-07095,2026-08-05 17:35:00,371.5,73,"Xã Phù Mỹ Nam, Tỉnh Gia Lai",0.0,5.0,1,0,-3.0,-0.6,376.7,3.4701584977954587,5.0,1,Moving,0,0,0,0,0,VALID,VALID
92H-07095,2026-08-05 17:40:00,370.7,72,"Xã Phù Mỹ Tây, Tỉnh Gia Lai",0.0,5.0,1,0,-0.8000000000000114,-0.16000000000000228,374.5,3.2031234755817772,5.0,1,Moving,0,0,0,0,0,VALID,VALID
92H-07095,2026-08-05 17:45:00,368.1,61,"Cao tốc Hoài Nhơn-Quy Nhơn, Xã Phù Mỹ Tây, Tỉnh Gia Lai",0.0,5.0,1,0,-2.599999999999966,-0.5199999999999931,371.5,3.3555923470863074,5.0,1,Moving,0,0,0,0,0,VALID,VALID
92H-07095,2026-08-05 17:50:00,367.8,73,"Cao tốc Hoài Nhơn-Quy Nhơn, Xã Hoài Ân, Tỉnh Gia Lai",0.0,5.0,1,0,-0.30000000000001137,-0.060000000000002274,370.7,2.7426264783643424,5.0,1,Moving,0,0,0,0,0,VALID,VALID
92H-07095,2026-08-05 17:55:00,365.1,74,"Cao tốc Hoài Nhơn-Quy Nhơn, Xã Hoài Ân, Tỉnh Gia Lai",0.0,5.0,1,0,-2.6999999999999886,-0.5399999999999977,368.1,2.5471552759551463,5.0,1,Moving,0,0,0,0,0,VALID,VALID
92H-07095,2026-08-05 18:00:00,362.8,71,"Cao tốc Hoài Nhơn-Quy Nhơn, Xã Vạn Đức, Tỉnh Gia Lai",0.0,5.0,1,0,-2.3000000000000114,-0.4600000000000023,367.8,3.0306764921098313,5.0,1,Moving,0,0,0,0,0,VALID,VALID
92H-07095,2026-08-05 18:05:00,359.1,73,"Cao tốc Quảng Ngãi-Hoài Nhơn, Phường Hoài Nhơn Nam, Tỉnh Gia Lai",0.0,5.0,1,0,-3.6999999999999886,-0.7399999999999978,365.1,3.7492665949260853,5.0,1,Moving,0,0,0,0,0,VALID,VALID
92H-07095,2026-08-05 18:10:00,357.5,75,"Cao tốc Quảng Ngãi-Hoài Nhơn, Phường Hoài Nhơn, Tỉnh Gia Lai",0.0,5.0,1,0,-1.6000000000000227,-0.32000000000000456,362.8,4.227647099726987,5.0,1,Moving,0,0,0,0,0,VALID,VALID
92H-07095,2026-08-05 18:15:00,356.9,68,"Cao tốc Quảng Ngãi-Hoài Nhơn, Phường Hoài Nhơn Tây, Tỉnh Gia Lai",0.0,5.0,1,0,-0.6000000000000227,-0.12000000000000455,359.1,3.540056496700507,5.0,1,Moving,0,0,0,0,0,VALID,VALID
92H-07095,2026-08-05 18:20:00,355.2,70,"Cao tốc Quảng Ngãi-Hoài Nhơn, Phường Hoài Nhơn Bắc, Tỉnh Gia Lai",0.0,5.0,1,0,-1.6999999999999886,-0.33999999999999775,357.5,2.876629972699425,5.0,1,Moving,0,0,0,0,0,VALID,VALID
92H-07095,2026-08-05 18:25:00,352.2,64,"Cao tốc Quảng Ngãi-Hoài Nhơn, Phường Hoài Nhơn Bắc, Tỉnh Gia Lai",0.0,5.0,1,0,-3.0,-0.6,356.9,2.626214004957316,5.0,1,Moving,0,0,0,0,0,VALID,VALID
92H-07095,2026-08-05 18:30:00,345.2,0,"Cao tốc Quảng Ngãi-Hoài Nhơn, Phường Hoài Nhơn Bắc, Tỉnh Gia Lai",0.0,5.0,1,0,-7.0,-1.4,355.2,5.024440267316893,5.0,1,Stopped,0,0,0,0,0,VALID,VALID
92H-07095,2026-08-05 18:35:00,352.7,74,"Cao tốc Quảng Ngãi-Hoài Nhơn, Xã Khánh Cường, Tỉnh Quảng Ngãi",0.0,5.0,1,0,7.5,1.5,352.7,4.473589163058664,5.0,1,Moving,0,0,0,0,0,VALID,VALID
92H-07095,2026-08-05 18:40:00,345.5,0,"Cao tốc Quảng Ngãi-Hoài Nhơn, Xã Khánh Cường, Tỉnh Quảng Ngãi",0.0,5.0,1,0,-7.199999999999989,-1.4399999999999977,352.2,4.536849126854119,5.0,1,Stopped,0,0,0,0,0,VALID,VALID
92H-07095,2026-08-05 18:45:00,345.3,66,"Cao tốc Quảng Ngãi-Hoài Nhơn, Phường Đức Phổ, Tỉnh Quảng Ngãi",0.0,5.0,1,0,-0.19999999999998863,-0.039999999999997725,345.5,3.903460003617052,5.0,1,Moving,0,0,0,0,0,VALID,VALID
92H-07095,2026-08-05 18:50:00,342.8,68,"Cao tốc Quảng Ngãi-Hoài Nhơn, Xã Nguyễn Nghiêm, Tỉnh Quảng Ngãi",0.0,5.0,1,0,-2.5,-0.5,345.3,3.743661309445494,5.0,1,Moving,0,0,0,0,0,VALID,VALID
92H-07095,2026-08-05 18:55:00,341.2,71,"Cao tốc Quảng Ngãi-Hoài Nhơn, Xã Lân Phong, Tỉnh Quảng Ngãi",0.0,5.0,1,0,-1.6000000000000227,-0.32000000000000456,345.3,4.406245567355457,5.0,1,Moving,0,0,0,0,0,VALID,VALID
92H-07095,2026-08-05 19:00:00,339.7,74,"Cao tốc Quảng Ngãi-Hoài Nhơn, Xã Mộ Đức, Tỉnh Quảng Ngãi",0.0,5.0,1,0,-1.5,-0.3,342.8,2.53278502835142,5.0,1,Moving,0,0,0,0,0,VALID,VALID
92H-07095,2026-08-05 19:05:00,336.8,74,"Cao tốc Quảng Ngãi-Hoài Nhơn, Xã Đình Cương, Tỉnh Quảng Ngãi",0.0,5.0,1,0,-2.8999999999999773,-0.5799999999999954,341.2,3.2004687156480536,5.0,1,Moving,0,0,0,0,0,VALID,VALID
92H-07095,2026-08-05 19:10:00,335.6,67,"Cao tốc Quảng Ngãi-Hoài Nhơn, Xã Đình Cương, Tỉnh Quảng Ngãi",0.0,5.0,1,0,-1.1999999999999886,-0.23999999999999772,339.7,2.996998498471888,5.0,1,Moving,0,0,0,0,0,VALID,VALID
92H-07095,2026-08-05 19:15:00,333.7,73,"Cao tốc Quảng Ngãi-Hoài Nhơn, Xã Phước Giang, Tỉnh Quảng Ngãi",0.0,5.0,1,0,-1.900000000000034,-0.38000000000000683,336.8,3.0422031490095636,5.0,1,Moving,0,0,0,0,0,VALID,VALID
92H-07095,2026-08-05 19:20:00,331.9,71,"Cao tốc Quảng Ngãi-Hoài Nhơn, Xã Nghĩa Giang, Tỉnh Quảng Ngãi",0.0,5.0,1,0,-1.8000000000000114,-0.36000000000000226,335.6,2.980436209658704,5.0,1,Moving,0,0,0,0,0,VALID,VALID
92H-07095,2026-08-05 19:25:00,329.7,76,"Cao tốc Đà Nẵng-Quảng Ngãi, Xã Sơn Tịnh, Tỉnh Quảng Ngãi",0.0,5.0,1,0,-2.1999999999999886,-0.4399999999999977,333.7,2.8430617298690026,5.0,1,Moving,0,0,0,0,0,VALID,VALID
92H-07095,2026-08-05 19:30:00,327.4,84,"Cao tốc Đà Nẵng-Quảng Ngãi, Xã Thọ Phong, Tỉnh Quảng Ngãi",0.0,5.0,1,0,-2.3000000000000114,-0.4600000000000023,331.9,3.2300154798153344,5.0,1,Moving,0,0,0,0,0,VALID,VALID
92H-07095,2026-08-05 19:35:00,327.4,93,"Cao tốc Đà Nẵng-Quảng Ngãi, Xã Bình Sơn, Tỉnh Quảng Ngãi",0.0,5.0,1,0,0.0,0.0,329.7,2.77974819000705,5.0,1,Moving,0,0,0,0,0,VALID,VALID
92H-07095,2026-08-05 19:40:00,321.7,66,"Cao tốc Đà Nẵng-Quảng Ngãi, Xã Bình Sơn, Tỉnh Quảng Ngãi",0.0,5.0,1,0,-5.699999999999989,-1.1399999999999977,327.4,3.8009209410153084,5.0,1,Moving,0,0,0,0,0,VALID,VALID
92H-07095,2026-08-05 19:45:00,319.6,73,"Cao tốc Đà Nẵng-Quảng Ngãi, Xã Núi Thành, TP Đà Nẵng",0.0,5.0,1,0,-2.099999999999966,-0.41999999999999316,327.4,4.287540087258642,5.0,1,Moving,0,0,0,0,0,VALID,VALID
92H-07095,2026-08-05 19:50:00,320.0,0,"Xã Núi Thành, TP Đà Nẵng",0.0,5.0,1,0,0.39999999999997726,0.07999999999999545,321.7,3.8964086027842173,5.0,1,Stopped,0,0,0,0,0,VALID,VALID
92H-07095,2026-08-05 19:55:00,319.9,0,"Xã Núi Thành, TP Đà Nẵng",0.0,5.0,1,0,-0.10000000000002274,-0.02000000000000455,320.0,3.27978657839983,5.0,1,Stopped,0,0,0,0,0,VALID,VALID
92H-07095,2026-08-05 20:00:00,319.6,0,"Xã Núi Thành, TP Đà Nẵng",0.0,5.0,1,0,-0.2999999999999545,-0.05999999999999091,319.9,0.8792041855294405,5.0,1,Stopped,0,0,0,0,0,VALID,VALID
92H-07095,2026-08-05 20:05:00,319.5,0,"Xã Núi Thành, TP Đà Nẵng",0.0,5.0,1,0,-0.10000000000002274,-0.02000000000000455,319.6,0.21679483354711052,5.0,1,Stopped,0,0,0,0,0,VALID,VALID
92H-07095,2026-08-05 20:10:00,319.3,0,"Xã Núi Thành, TP Đà Nẵng",0.0,5.0,1,0,-0.19999999999998863,-0.039999999999997725,319.6,0.28809720556219703,5.0,1,Stopped,0,0,0,0,0,VALID,VALID
92H-07095,2026-08-05 20:15:00,317.0,70,"Cao tốc Đà Nẵng-Quảng Ngãi, Xã Núi Thành, TP Đà Nẵng",0.0,5.0,1,0,-2.3000000000000114,-0.4600000000000023,319.5,1.1717508266918695,5.0,1,Moving,0,0,0,0,0,VALID,VALID
92H-07095,2026-08-05 20:20:00,314.3,77,"Cao tốc Đà Nẵng-Quảng Ngãi, Xã Tam Mỹ, TP Đà Nẵng",0.0,5.0,1,0,-2.6999999999999886,-0.5399999999999977,319.3,2.300652081444243,5.0,1,Moving,0,0,0,0,0,VALID,VALID
92H-07095,2026-08-05 20:25:00,314.0,79,"Cao tốc Đà Nẵng-Quảng Ngãi, Xã Tam Anh, TP Đà Nẵng",0.0,5.0,1,0,-0.30000000000001137,-0.060000000000002274,317.0,2.6300190113104334,5.0,1,Moving,0,0,0,0,0,VALID,VALID
92H-07095,2026-08-05 20:30:00,312.3,78,"Cao tốc Đà Nẵng-Quảng Ngãi, Xã Tam Anh, TP Đà Nẵng",0.0,5.0,1,0,-1.6999999999999886,-0.33999999999999775,314.3,2.7635122579527427,5.0,1,Moving,0,0,0,0,0,VALID,VALID
92H-07095,2026-08-05 20:35:00,308.4,67,"Cao tốc Đà Nẵng-Quảng Ngãi, Xã Tam Xuân, TP Đà Nẵng",0.0,5.0,1,0,-3.900000000000034,-0.7800000000000068,314.0,3.1678068122687453,5.0,1,Moving,0,0,0,0,0,VALID,VALID
92H-07095,2026-08-05 20:40:00,307.0,69,"Cao tốc Đà Nẵng-Quảng Ngãi, Xã Chiên Đàn, TP Đà Nẵng",0.0,5.0,1,0,-1.3999999999999773,-0.2799999999999955,312.3,3.321897048353151,5.0,1,Moving,0,0,0,0,0,VALID,VALID
92H-07095,2026-08-05 20:45:00,306.5,74,"Cao tốc Đà Nẵng-Quảng Ngãi, Xã Chiên Đàn, TP Đà Nẵng",0.0,5.0,1,0,-0.5,-0.1,308.4,3.333616654604761,5.0,1,Moving,0,0,0,0,0,VALID,VALID
92H-07095,2026-08-05 20:50:00,302.9,71,"Cao tốc Đà Nẵng-Quảng Ngãi, Xã Thăng Điền, TP Đà Nẵng",0.0,5.0,1,0,-3.6000000000000227,-0.7200000000000045,307.0,3.3995587948820045,5.0,1,Moving,0,0,0,0,0,VALID,VALID
92H-07095,2026-08-05 20:55:00,302.1,67,"Cao tốc Đà Nẵng-Quảng Ngãi, Xã Thăng Phú, TP Đà Nẵng",0.0,5.0,1,0,-0.7999999999999545,-0.1599999999999909,306.5,2.7344103568887883,5.0,1,Moving,0,0,0,0,0,VALID,VALID
92H-07095,2026-08-05 21:00:00,300.8,49,"Cao tốc Đà Nẵng-Quảng Ngãi, Xã Thăng Bình, TP Đà Nẵng",0.0,5.0,1,0,-1.3000000000000114,-0.2600000000000023,302.9,2.7482721844572753,5.0,1,Moving,0,0,0,0,0,VALID,VALID
92H-07095,2026-08-05 21:05:00,297.1,0,"Quốc Lộ 14E, Xã Thăng Bình, TP Đà Nẵng",0.0,5.0,1,0,-3.6999999999999886,-0.7399999999999978,302.1,3.407638478457275,5.0,1,Stopped,0,0,0,0,0,VALID,VALID
92H-07095,2026-08-05 21:10:00,298.8,46,"Xã Thăng Bình, TP Đà Nẵng",0.0,5.0,1,0,1.6999999999999886,0.33999999999999775,300.8,2.383904360469062,5.0,1,Moving,0,0,0,0,0,VALID,VALID
92H-07095,2026-08-05 21:15:00,296.0,50,"Quốc Lộ 1, Xã Thăng Bình, TP Đà Nẵng",0.0,5.0,1,0,-2.8000000000000114,-0.5600000000000023,298.8,2.5244801444781,5.0,1,Moving,0,0,0,0,0,VALID,VALID
92H-07095,2026-08-05 21:20:00,296.0,50,"Quốc Lộ 1, Xã Thăng Bình, TP Đà Nẵng",0.0,5.0,1,0,0.0,0.0,297.1,2.058640327950641,5.0,1,Moving,0,0,0,0,0,VALID,VALID
92H-07095,2026-08-05 21:25:00,295.2,48,"Cầu Hương An, Xã Xuân Phú, TP Đà Nẵng",0.0,5.0,1,0,-0.8000000000000114,-0.16000000000000228,296.0,1.3935566008832367,5.0,1,Moving,0,0,0,0,0,VALID,VALID
92H-07095,2026-08-05 21:30:00,294.1,51,"Quốc Lộ 1, Xã Xuân Phú, TP Đà Nẵng",0.0,5.0,1,0,-1.099999999999966,-0.21999999999999317,296.0,1.7383900597580217,5.0,1,Moving,0,0,0,0,0,VALID,VALID
92H-07095,2026-08-05 21:35:00,293.3,25,"Quốc Lộ 1, Xã Nam Phước, TP Đà Nẵng",0.0,5.0,1,0,-0.8000000000000114,-0.16000000000000228,295.2,1.1945710526653806,5.0,1,Moving,0,0,0,0,0,VALID,VALID
92H-07095,2026-08-05 21:40:00,290.5,42,"Điện Biên Phủ, Xã Nam Phước, TP Đà Nẵng",0.0,5.0,1,0,-2.8000000000000114,-0.5600000000000023,294.1,2.122969618215672,5.0,1,Moving,0,0,0,0,0,VALID,VALID
92H-07095,2026-08-05 21:45:00,289.8,50,"Quốc Lộ 1, Phường Điện Bàn, TP Đà Nẵng",0.0,5.0,1,0,-0.6999999999999886,-0.13999999999999774,293.3,2.331737549525588,5.0,1,Moving,0,0,0,0,0,VALID,VALID
92H-07095,2026-08-05 21:50:00,289.5,45,"Quốc Lộ 1, Phường An Thắng, TP Đà Nẵng",0.0,5.0,1,0,-0.30000000000001137,-0.060000000000002274,290.5,2.1137644144673273,5.0,1,Moving,0,0,0,0,0,VALID,VALID
92H-07095,2026-08-05 21:55:00,288.0,43,"Quốc Lộ 1, Phường Điện Bàn Bắc, TP Đà Nẵng",0.0,5.0,1,0,-1.5,-0.3,289.8,1.9485892332323838,5.0,1,Moving,0,0,0,0,0,VALID,VALID
92H-07095,2026-08-05 22:00:00,288.6,4,Bến Xe khách Liên tỉnh Phía Nam Đà Nẵng,0.0,5.0,1,0,0.6000000000000227,0.12000000000000455,289.5,0.9884331033862387,5.0,1,Moving,0,0,0,0,0,VALID,VALID
92H-07095,2026-08-05 22:05:00,282.9,38,TT Đăng kiểm xe CG Hòa Châu,0.0,5.0,1,0,-5.7000000000000455,-1.140000000000009,288.6,2.8094483444033473,5.0,1,Moving,0,0,0,0,0,VALID,VALID
92H-07095,2026-08-05 22:10:00,284.5,47,"Trường Chinh, Phường Cẩm Lệ, TP Đà Nẵng",0.0,5.0,1,0,1.6000000000000227,0.32000000000000456,288.0,2.846928169074746,5.0,1,Moving,0,0,0,0,0,VALID,VALID
92H-07095,2026-08-05 22:15:00,284.5,0,"Cách Mạng Tháng 8, Phường Cẩm Lệ, TP Đà Nẵng",0.0,5.0,1,0,0.0,0.0,284.5,2.4708298200952328,5.0,1,Stopped,0,0,0,0,0,VALID,VALID
92H-07095,2026-08-05 22:20:00,283.5,0,"Cách Mạng Tháng 8, Phường Cẩm Lệ, TP Đà Nẵng",0.0,5.0,1,0,-1.0,-0.2,284.5,2.2315913604135384,5.0,1,Stopped,0,0,0,0,0,VALID,VALID
92H-07095,2026-08-05 22:25:00,283.8,0,"Cách Mạng Tháng 8, Phường Cẩm Lệ, TP Đà Nẵng",0.0,5.0,1,0,0.30000000000001137,0.060000000000002274,283.8,0.6841052549665734,5.0,1,Stopped,0,0,0,0,0,VALID,VALID
92H-07095,2026-08-05 22:30:00,283.8,0,"Cách Mạng Tháng 8, Phường Cẩm Lệ, TP Đà Nẵng",0.0,5.0,1,0,0.0,0.0,283.8,0.4549725265032492,5.0,1,Stopped,0,0,0,0,0,VALID,VALID
92H-07095,2026-08-05 22:35:00,283.8,0,"Cách Mạng Tháng 8, Phường Cẩm Lệ, TP Đà Nẵng",0.0,5.0,1,0,0.0,0.0,283.8,0.37013511029466084,5.0,1,Stopped,0,0,0,0,0,VALID,VALID
92H-07095,2026-08-05 22:40:00,283.8,0,"Cách Mạng Tháng 8, Phường Cẩm Lệ, TP Đà Nẵng",0.0,5.0,1,0,0.0,0.0,283.8,0.1341640781764655,5.0,1,Stopped,0,0,0,0,0,VALID,VALID
92H-07095,2026-08-05 22:45:00,281.1,0,"Cầu vượt Hòa Cầm, Phường Cẩm Lệ, TP Đà Nẵng",0.0,5.0,1,0,-2.6999999999999886,-0.5399999999999977,283.8,1.2074767077973994,5.0,1,Stopped,0,0,0,0,0,VALID,VALID
92H-07095,2026-08-05 22:50:00,410.4,0,"Cầu vượt Hòa Cầm, Phường Cẩm Lệ, TP Đà Nẵng",0.0,5.0,1,0,129.29999999999995,25.859999999999992,283.8,56.93111627220966,5.0,1,Stopped,0,0,1,0,1,LARGE_DELTA,VALID
92H-07095,2026-08-05 22:55:00,563.9,0,"Cầu vượt Hòa Cầm, Phường Cẩm Lệ, TP Đà Nẵng",0.0,5.0,1,0,153.5,30.7,283.8,124.34594886846864,5.0,1,Stopped,0,0,1,0,1,LARGE_DELTA,VALID
92H-07095,2026-08-05 23:00:00,578.8,0,"Cầu vượt Hòa Cầm, Phường Cẩm Lệ, TP Đà Nẵng",0.0,5.0,1,0,14.899999999999977,2.9799999999999955,410.4,144.73740014246414,5.0,1,Stopped,0,0,1,0,1,LARGE_DELTA,VALID
92H-07095,2026-08-05 23:05:00,579.1,0,"Cầu vượt Hòa Cầm, Phường Cẩm Lệ, TP Đà Nẵng",0.0,5.0,1,0,0.3000000000000682,0.06000000000001364,563.9,133.22110568524698,5.0,1,Stopped,0,0,0,0,0,VALID,VALID
92H-07095,2026-08-05 23:10:00,579.1,0,"Cầu vượt Hòa Cầm, Phường Cẩm Lệ, TP Đà Nẵng",0.0,5.0,1,0,0.0,0.0,578.8,74.00150674141514,5.0,1,Stopped,0,0,0,0,0,VALID,VALID
92H-07095,2026-08-05 23:15:00,579.0,0,"Cầu vượt Hòa Cầm, Phường Cẩm Lệ, TP Đà Nẵng",0.0,5.0,1,0,-0.10000000000002274,-0.02000000000000455,579.0,6.754035830501014,5.0,1,Stopped,0,0,0,0,0,VALID,VALID
92H-07095,2026-08-05 23:20:00,579.0,0,"Cầu vượt Hòa Cầm, Phường Cẩm Lệ, TP Đà Nẵng",0.0,5.0,1,0,0.0,0.0,579.0,0.12247448587114389,5.0,1,Stopped,0,0,0,0,0,VALID,VALID
92H-07095,2026-08-05 23:25:00,574.6,35,"Trường Sơn, Phường Cẩm Lệ, TP Đà Nẵng",0.0,5.0,1,0,-4.399999999999977,-0.8799999999999955,579.0,1.990728509789771,5.0,1,Moving,0,0,0,0,0,VALID,VALID
92H-07095,2026-08-05 23:30:00,580.2,29,"Trường Sơn, Xã Bà Nà, TP Đà Nẵng",0.0,5.0,1,0,5.600000000000023,1.1200000000000045,579.0,2.173016336728694,5.0,1,Moving,0,0,0,0,0,VALID,VALID
92H-07095,2026-08-05 23:35:00,572.1,50,"Hải Vân - Túy Loan, Xã Bà Nà, TP Đà Nẵng",0.0,5.0,1,0,-8.100000000000023,-1.6200000000000045,579.0,3.4643902782005043,5.0,1,Moving,0,0,0,0,0,VALID,VALID
92H-07095,2026-08-05 23:40:00,573.4,68,"Hải Vân - Túy Loan, Phường Hòa Khánh, TP Đà Nẵng",0.0,5.0,1,0,1.2999999999999545,0.2599999999999909,574.6,3.5521824277042042,5.0,1,Moving,0,0,0,0,0,VALID,VALID
92H-07095,2026-08-05 23:45:00,571.9,64,"Hải Vân - Túy Loan, Phường Liên Chiểu, TP Đà Nẵng",0.0,5.0,1,0,-1.5,-0.3,573.4,3.3989704323060903,5.0,1,Moving,0,0,0,0,0,VALID,VALID
92H-07095,2026-08-05 23:50:00,571.4,53,"Hải Vân - Túy Loan, Phường Hải Vân, TP Đà Nẵng",0.0,5.0,1,0,-0.5,-0.1,572.1,3.653080891479322,5.0,1,Moving,0,0,0,0,0,VALID,VALID
92H-07095,2026-08-05 23:55:00,572.1,0,"Hải Vân - Túy Loan, Phường Hải Vân, TP Đà Nẵng",0.0,5.0,1,0,0.7000000000000455,0.1400000000000091,572.1,0.7395944832758035,5.0,1,Stopped,0,0,0,0,0,VALID,VALID
92H-07095,2026-08-06 00:00:00,569.2,0,"Hải Vân - Túy Loan, Phường Hải Vân, TP Đà Nẵng",0.0,5.0,1,0,-2.8999999999999773,-0.5799999999999954,571.9,1.5313392830108825,5.0,1,Stopped,0,0,0,0,0,VALID,VALID
92H-07095,2026-08-06 00:05:00,560.3,33,"Đường phía Nam hầm Hải Vân, Phường Hải Vân, TP Đà Nẵng",0.0,5.0,1,0,-8.900000000000091,-1.7800000000000182,571.4,4.987684833637163,5.0,1,Moving,0,0,0,0,0,VALID,VALID
92H-07095,2026-08-06 00:10:00,560.9,0,"Suối Lương, Phường Hải Vân, TP Đà Nẵng",0.0,5.0,1,0,0.6000000000000227,0.12000000000000455,569.2,5.746042116073971,5.0,1,Stopped,0,0,0,0,0,VALID,VALID
92H-07095,2026-08-06 00:15:00,568.6,45,"Quốc Lộ 1, Xã Chân Mây - Lăng Cô, TP Huế",0.0,5.0,1,0,7.7000000000000455,1.5400000000000091,568.6,5.302546557994221,5.0,1,Moving,0,0,0,0,0,VALID,VALID
92H-07095,2026-08-06 00:20:00,560.6,44,"Lạc Long Quân, Xã Chân Mây - Lăng Cô, TP Huế",0.0,5.0,1,0,-8.0,-1.6,560.9,4.555985074569318,5.0,1,Moving,0,0,0,0,0,VALID,VALID
92H-07095,2026-08-06 00:25:00,559.5,43,"Quốc Lộ 1, Xã Chân Mây - Lăng Cô, TP Huế",0.0,5.0,1,0,-1.1000000000000227,-0.22000000000000455,560.6,3.7372449745367438,5.0,1,Moving,0,0,0,0,0,VALID,VALID
92H-07095,2026-08-06 00:30:00,557.8,48,"Quốc Lộ 1, Xã Chân Mây - Lăng Cô, TP Huế",0.0,5.0,1,0,-1.7000000000000455,-0.3400000000000091,560.6,4.161369966693737,5.0,1,Moving,0,0,0,0,0,VALID,VALID
92H-07095,2026-08-06 00:35:00,556.5,44,"Quốc Lộ 1, Xã Chân Mây - Lăng Cô, TP Huế",0.0,5.0,1,0,-1.2999999999999545,-0.2599999999999909,559.5,4.73972573043013,5.0,1,Moving,0,0,0,0,0,VALID,VALID
92H-07095,2026-08-06 00:40:00,555.5,49,"Quốc Lộ 1, Xã Chân Mây - Lăng Cô, TP Huế",0.0,5.0,1,0,-1.0,-0.2,557.8,2.094516650615069,5.0,1,Moving,0,0,0,0,0,VALID,VALID
92H-07095,2026-08-06 00:45:00,553.1,0,"Đường dẫn hầm Phước Tượng, Xã Phú Lộc, TP Huế",0.0,5.0,1,0,-2.3999999999999773,-0.47999999999999543,556.5,2.4108089927875067,5.0,1,Stopped,0,0,0,0,0,VALID,VALID
92H-07095,2026-08-06 00:50:00,552.4,0,"Xã Phú Lộc, TP Huế",0.0,5.0,1,0,-0.7000000000000455,-0.1400000000000091,555.5,2.2744230036882978,5.0,1,Stopped,0,0,0,0,0,VALID,VALID
92H-07095,2026-08-06 00:55:00,553.6,0,"Xã Phú Lộc, TP Huế",0.0,5.0,1,0,1.2000000000000455,0.2400000000000091,553.6,1.7166828477349436,5.0,1,Stopped,0,0,0,0,0,VALID,VALID
92H-07095,2026-08-06 01:00:00,553.6,0,"Xã Phú Lộc, TP Huế",0.0,5.0,1,0,0.0,0.0,553.6,1.150217370633861,5.0,1,Stopped,0,0,0,0,0,VALID,VALID
92H-07095,2026-08-06 01:05:00,553.6,0,"Xã Phú Lộc, TP Huế",0.0,5.0,1,0,0.0,0.0,553.6,0.5272570527818358,5.0,1,Stopped,0,0,0,0,0,VALID,VALID
92H-07095,2026-08-06 01:10:00,553.6,0,"Xã Phú Lộc, TP Huế",0.0,5.0,1,0,0.0,0.0,553.6,0.5366563143279957,5.0,1,Stopped,0,0,0,0,0,VALID,VALID
92H-07095,2026-08-06 01:15:00,553.6,0,"Xã Phú Lộc, TP Huế",0.0,5.0,1,0,0.0,0.0,553.6,0.0,5.0,1,Stopped,0,0,0,0,0,VALID,VALID
92H-07095,2026-08-06 01:20:00,553.6,0,"Xã Phú Lộc, TP Huế",0.0,5.0,1,0,0.0,0.0,553.6,0.0,5.0,1,Stopped,0,0,0,0,0,VALID,VALID
92H-07095,2026-08-06 01:25:00,553.6,0,"Xã Phú Lộc, TP Huế",0.0,5.0,1,0,0.0,0.0,553.6,0.0,5.0,1,Stopped,0,0,0,0,0,VALID,VALID
92H-07095,2026-08-06 01:30:00,553.6,0,"Xã Phú Lộc, TP Huế",0.0,5.0,1,0,0.0,0.0,553.6,0.0,5.0,1,Stopped,0,0,0,0,0,VALID,VALID
92H-07095,2026-08-06 01:35:00,553.6,0,"Xã Phú Lộc, TP Huế",0.0,5.0,1,0,0.0,0.0,553.6,0.0,5.0,1,Stopped,0,0,0,0,0,VALID,VALID
92H-07095,2026-08-06 01:40:00,553.6,0,"Xã Phú Lộc, TP Huế",0.0,5.0,1,0,0.0,0.0,553.6,0.0,5.0,1,Stopped,0,0,0,0,0,VALID,VALID
92H-07095,2026-08-06 01:45:00,553.6,0,"Xã Phú Lộc, TP Huế",0.0,5.0,1,0,0.0,0.0,553.6,0.0,5.0,1,Stopped,0,0,0,0,0,VALID,VALID
92H-07095,2026-08-06 01:50:00,553.6,0,"Xã Phú Lộc, TP Huế",0.0,5.0,1,0,0.0,0.0,553.6,0.0,5.0,1,Stopped,0,0,0,0,0,VALID,VALID
92H-07095,2026-08-06 01:55:00,553.6,0,"Xã Phú Lộc, TP Huế",0.0,5.0,1,0,0.0,0.0,553.6,0.0,5.0,1,Stopped,0,0,0,0,0,VALID,VALID
92H-07095,2026-08-06 02:00:00,553.7,0,"Xã Phú Lộc, TP Huế",0.0,5.0,1,0,0.10000000000002274,0.02000000000000455,553.6,0.04472135628376036,5.0,1,Stopped,0,0,0,0,0,VALID,VALID
92H-07095,2026-08-06 02:05:00,553.7,0,"Xã Phú Lộc, TP Huế",0.0,5.0,1,0,0.0,0.0,553.6,0.05477225308350414,5.0,1,Stopped,0,0,0,0,0,VALID,VALID
92H-07095,2026-08-06 02:10:00,553.7,0,"Xã Phú Lộc, TP Huế",0.0,5.0,1,0,0.0,0.0,553.7,0.054772253083366626,5.0,1,Stopped,0,0,0,0,0,VALID,VALID
92H-07095,2026-08-06 02:15:00,553.7,0,"Xã Phú Lộc, TP Huế",0.0,5.0,1,0,0.0,0.0,553.7,0.04472135628325511,5.0,1,Stopped,0,0,0,0,0,VALID,VALID
92H-07095,2026-08-06 02:20:00,553.7,0,"Xã Phú Lộc, TP Huế",0.0,5.0,1,0,0.0,0.0,553.7,0.0,5.0,1,Stopped,0,0,0,0,0,VALID,VALID
92H-07095,2026-08-06 02:25:00,553.7,0,"Xã Phú Lộc, TP Huế",0.0,5.0,1,0,0.0,0.0,553.7,0.0,5.0,1,Stopped,0,0,0,0,0,VALID,VALID
92H-07095,2026-08-06 02:30:00,553.7,0,"Xã Phú Lộc, TP Huế",0.0,5.0,1,0,0.0,0.0,553.7,0.0,5.0,1,Stopped,0,0,0,0,0,VALID,VALID
92H-07095,2026-08-06 02:35:00,553.7,0,"Xã Phú Lộc, TP Huế",0.0,5.0,1,0,0.0,0.0,553.7,0.0,5.0,1,Stopped,0,0,0,0,0,VALID,VALID
92H-07095,2026-08-06 02:40:00,553.7,0,"Xã Phú Lộc, TP Huế",0.0,5.0,1,0,0.0,0.0,553.7,0.0,5.0,1,Stopped,0,0,0,0,0,VALID,VALID
92H-07095,2026-08-06 02:45:00,553.7,0,"Xã Phú Lộc, TP Huế",0.0,5.0,1,0,0.0,0.0,553.7,0.0,5.0,1,Stopped,0,0,0,0,0,VALID,VALID
92H-07095,2026-08-06 02:50:00,553.7,0,"Xã Phú Lộc, TP Huế",0.0,5.0,1,0,0.0,0.0,553.7,0.0,5.0,1,Stopped,0,0,0,0,0,VALID,VALID
92H-07095,2026-08-06 02:55:00,553.7,0,"Xã Phú Lộc, TP Huế",0.0,5.0,1,0,0.0,0.0,553.7,0.0,5.0,1,Stopped,0,0,0,0,0,VALID,VALID
92H-07095,2026-08-06 03:00:00,553.7,0,"Xã Phú Lộc, TP Huế",0.0,5.0,1,0,0.0,0.0,553.7,0.0,5.0,1,Stopped,0,0,0,0,0,VALID,VALID
92H-07095,2026-08-06 03:05:00,553.7,0,"Xã Phú Lộc, TP Huế",0.0,5.0,1,0,0.0,0.0,553.7,0.0,5.0,1,Stopped,0,0,0,0,0,VALID,VALID
92H-07095,2026-08-06 03:10:00,553.7,0,"Xã Phú Lộc, TP Huế",0.0,5.0,1,0,0.0,0.0,553.7,0.0,5.0,1,Stopped,0,0,0,0,0,VALID,VALID
92H-07095,2026-08-06 03:15:00,553.7,0,"Xã Phú Lộc, TP Huế",0.0,5.0,1,0,0.0,0.0,553.7,0.0,5.0,1,Stopped,0,0,0,0,0,VALID,VALID
92H-07095,2026-08-06 03:20:00,553.7,0,"Xã Phú Lộc, TP Huế",0.0,5.0,1,0,0.0,0.0,553.7,0.0,5.0,1,Stopped,0,0,0,0,0,VALID,VALID
92H-07095,2026-08-06 03:25:00,553.7,0,"Xã Phú Lộc, TP Huế",0.0,5.0,1,0,0.0,0.0,553.7,0.0,5.0,1,Stopped,0,0,0,0,0,VALID,VALID
92H-07095,2026-08-06 03:30:00,553.7,0,"Xã Phú Lộc, TP Huế",0.0,5.0,1,0,0.0,0.0,553.7,0.0,5.0,1,Stopped,0,0,0,0,0,VALID,VALID
92H-07095,2026-08-06 03:35:00,553.7,0,"Xã Phú Lộc, TP Huế",0.0,5.0,1,0,0.0,0.0,553.7,0.0,5.0,1,Stopped,0,0,0,0,0,VALID,VALID
92H-07095,2026-08-06 03:40:00,553.7,0,"Xã Phú Lộc, TP Huế",0.0,5.0,1,0,0.0,0.0,553.7,0.0,5.0,1,Stopped,0,0,0,0,0,VALID,VALID
92H-07095,2026-08-06 03:45:00,553.7,0,"Xã Phú Lộc, TP Huế",0.0,5.0,1,0,0.0,0.0,553.7,0.0,5.0,1,Stopped,0,0,0,0,0,VALID,VALID
92H-07095,2026-08-06 03:50:00,553.7,0,"Xã Phú Lộc, TP Huế",0.0,5.0,1,0,0.0,0.0,553.7,0.0,5.0,1,Stopped,0,0,0,0,0,VALID,VALID
92H-07095,2026-08-06 03:55:00,553.7,0,"Xã Phú Lộc, TP Huế",0.0,5.0,1,0,0.0,0.0,553.7,0.0,5.0,1,Stopped,0,0,0,0,0,VALID,VALID
92H-07095,2026-08-06 04:00:00,553.7,0,"Xã Phú Lộc, TP Huế",0.0,5.0,1,0,0.0,0.0,553.7,0.0,5.0,1,Stopped,0,0,0,0,0,VALID,VALID
92H-07095,2026-08-06 04:05:00,553.7,0,"Xã Phú Lộc, TP Huế",0.0,5.0,1,0,0.0,0.0,553.7,0.0,5.0,1,Stopped,0,0,0,0,0,VALID,VALID
92H-07095,2026-08-06 04:10:00,553.7,0,"Xã Phú Lộc, TP Huế",0.0,5.0,1,0,0.0,0.0,553.7,0.0,5.0,1,Stopped,0,0,0,0,0,VALID,VALID
92H-07095,2026-08-06 04:15:00,553.7,0,"Xã Phú Lộc, TP Huế",0.0,5.0,1,0,0.0,0.0,553.7,0.0,5.0,1,Stopped,0,0,0,0,0,VALID,VALID
92H-07095,2026-08-06 04:20:00,553.7,0,"Xã Phú Lộc, TP Huế",0.0,5.0,1,0,0.0,0.0,553.7,0.0,5.0,1,Stopped,0,0,0,0,0,VALID,VALID
92H-07095,2026-08-06 04:25:00,553.7,0,"Xã Phú Lộc, TP Huế",0.0,5.0,1,0,0.0,0.0,553.7,0.0,5.0,1,Stopped,0,0,0,0,0,VALID,VALID
92H-07095,2026-08-06 04:30:00,553.7,0,"Xã Phú Lộc, TP Huế",0.0,5.0,1,0,0.0,0.0,553.7,0.0,5.0,1,Stopped,0,0,0,0,0,VALID,VALID
92H-07095,2026-08-06 04:35:00,553.7,0,"Xã Phú Lộc, TP Huế",0.0,5.0,1,0,0.0,0.0,553.7,0.0,5.0,1,Stopped,0,0,0,0,0,VALID,VALID
92H-07095,2026-08-06 04:40:00,553.7,0,"Xã Phú Lộc, TP Huế",0.0,5.0,1,0,0.0,0.0,553.7,0.0,5.0,1,Stopped,0,0,0,0,0,VALID,VALID
92H-07095,2026-08-06 04:45:00,553.7,0,"Xã Phú Lộc, TP Huế",0.0,5.0,1,0,0.0,0.0,553.7,0.0,5.0,1,Stopped,0,0,0,0,0,VALID,VALID
92H-07095,2026-08-06 04:50:00,553.7,0,"Xã Phú Lộc, TP Huế",0.0,5.0,1,0,0.0,0.0,553.7,0.0,5.0,1,Stopped,0,0,0,0,0,VALID,VALID
92H-07095,2026-08-06 04:55:00,553.7,0,"Xã Phú Lộc, TP Huế",0.0,5.0,1,0,0.0,0.0,553.7,0.0,5.0,1,Stopped,0,0,0,0,0,VALID,VALID
92H-07095,2026-08-06 05:00:00,553.7,0,"Xã Phú Lộc, TP Huế",0.0,5.0,1,0,0.0,0.0,553.7,0.0,5.0,1,Stopped,0,0,0,0,0,VALID,VALID
92H-07095,2026-08-06 05:05:00,553.7,0,"Xã Phú Lộc, TP Huế",0.0,5.0,1,0,0.0,0.0,553.7,0.0,5.0,1,Stopped,0,0,0,0,0,VALID,VALID
92H-07095,2026-08-06 05:10:00,553.7,0,"Xã Phú Lộc, TP Huế",0.0,5.0,1,0,0.0,0.0,553.7,0.0,5.0,1,Stopped,0,0,0,0,0,VALID,VALID
92H-07095,2026-08-06 05:15:00,553.7,0,"Xã Phú Lộc, TP Huế",0.0,5.0,1,0,0.0,0.0,553.7,0.0,5.0,1,Stopped,0,0,0,0,0,VALID,VALID
92H-07095,2026-08-06 05:20:00,553.7,0,"Xã Phú Lộc, TP Huế",0.0,5.0,1,0,0.0,0.0,553.7,0.0,5.0,1,Stopped,0,0,0,0,0,VALID,VALID
92H-07095,2026-08-06 05:25:00,553.7,0,"Xã Phú Lộc, TP Huế",0.0,5.0,1,0,0.0,0.0,553.7,0.0,5.0,1,Stopped,0,0,0,0,0,VALID,VALID
92H-07095,2026-08-06 05:30:00,553.7,0,"Xã Phú Lộc, TP Huế",0.0,5.0,1,0,0.0,0.0,553.7,0.0,5.0,1,Stopped,0,0,0,0,0,VALID,VALID
92H-07095,2026-08-06 05:35:00,553.7,0,"Xã Phú Lộc, TP Huế",0.0,5.0,1,0,0.0,0.0,553.7,0.0,5.0,1,Stopped,0,0,0,0,0,VALID,VALID
92H-07095,2026-08-06 05:40:00,553.7,0,"Xã Phú Lộc, TP Huế",0.0,5.0,1,0,0.0,0.0,553.7,0.0,5.0,1,Stopped,0,0,0,0,0,VALID,VALID
92H-07095,2026-08-06 05:45:00,553.7,0,"Xã Phú Lộc, TP Huế",0.0,5.0,1,0,0.0,0.0,553.7,0.0,5.0,1,Stopped,0,0,0,0,0,VALID,VALID
92H-07095,2026-08-06 05:50:00,550.9,43,"Quốc Lộ 1, Xã Phú Lộc, TP Huế",0.0,5.0,1,0,-2.800000000000068,-0.5600000000000136,553.7,1.2521980672833395,5.0,1,Moving,0,0,0,0,0,VALID,VALID
92H-07095,2026-08-06 05:55:00,550.1,44,"Lý Thánh Tông, Xã Phú Lộc, TP Huế",0.0,5.0,1,0,-0.7999999999999545,-0.1599999999999909,553.7,1.7753872816116554,5.0,1,Moving,0,0,0,0,0,VALID,VALID
92H-07095,2026-08-06 06:00:00,548.6,59,"Quốc Lộ 1, Xã Lộc An, TP Huế",0.0,5.0,1,0,-1.5,-0.3,550.9,2.2561028344711738,5.0,1,Moving,0,0,0,0,0,VALID,VALID
92H-07095,2026-08-06 06:05:00,547.7,54,"Quốc Lộ 1, Xã Lộc An, TP Huế",0.0,5.0,1,0,-0.8999999999999773,-0.17999999999999544,550.1,2.321637353186201,5.0,1,Moving,0,0,0,0,0,VALID,VALID
92H-07095,2026-08-06 06:10:00,545.4,53,"Quốc Lộ 1, Xã Lộc An, TP Huế",0.0,5.0,1,0,-2.300000000000068,-0.4600000000000136,548.6,2.1547621677833306,5.0,1,Moving,0,0,0,0,0,VALID,VALID
92H-07095,2026-08-06 06:15:00,544.5,51,"Quốc Lộ 1, Xã Hưng Lộc, TP Huế",0.0,5.0,1,0,-0.8999999999999773,-0.17999999999999544,547.7,2.298477757062493,5.0,1,Moving,0,0,0,0,0,VALID,VALID
92H-07095,2026-08-06 06:20:00,545.8,0,"Quốc Lộ 1, Phường Phú Bài, TP Huế",0.0,5.0,1,0,1.2999999999999545,0.2599999999999909,545.8,1.6955824956962406,5.0,1,Stopped,0,0,0,0,0,VALID,VALID
92H-07095,2026-08-06 06:25:00,542.9,0,"Quốc Lộ 1, Phường Phú Bài, TP Huế",0.0,5.0,1,0,-2.8999999999999773,-0.5799999999999954,545.4,1.7615334228200386,5.0,1,Stopped,0,0,0,0,0,VALID,VALID
92H-07095,2026-08-06 06:30:00,542.9,0,"Quốc Lộ 1, Phường Phú Bài, TP Huế",0.0,5.0,1,0,0.0,0.0,544.5,1.3619838470821295,5.0,1,Stopped,0,0,0,0,0,VALID,VALID
92H-07095,2026-08-06 06:35:00,542.9,0,"Quốc Lộ 1, Phường Phú Bài, TP Huế",0.0,5.0,1,0,0.0,0.0,542.9,1.3152946436874922,5.0,1,Stopped,0,0,0,0,0,VALID,VALID
92H-07095,2026-08-06 06:40:00,542.9,0,"Quốc Lộ 1, Phường Phú Bài, TP Huế",0.0,5.0,1,0,0.0,0.0,542.9,1.296919426839321,5.0,1,Stopped,0,0,0,0,0,VALID,VALID
92H-07095,2026-08-06 06:45:00,538.6,43,"Đường tránh Thành phố Huế, Phường Phú Bài, TP Huế",0.0,5.0,1,0,-4.2999999999999545,-0.8599999999999909,542.9,1.923018460575512,5.0,1,Moving,0,0,0,0,0,VALID,VALID
92H-07095,2026-08-06 06:50:00,538.9,51,"Đường tránh Thành phố Huế, Phường Phú Bài, TP Huế",0.0,5.0,1,0,0.2999999999999545,0.05999999999999091,542.9,2.275521918091518,5.0,1,Moving,0,0,0,0,0,VALID,VALID
92H-07095,2026-08-06 06:55:00,539.2,48,"Đường tránh Thành phố Huế, Phường Thanh Thủy, TP Huế",0.0,5.0,1,0,0.3000000000000682,0.06000000000001364,539.2,2.201136070240916,5.0,1,Moving,0,0,0,0,0,VALID,VALID
92H-07095,2026-08-06 07:00:00,538.2,49,"Đường tránh Thành phố Huế, Phường Thanh Thủy, TP Huế",0.0,5.0,1,0,-1.0,-0.2,538.9,1.9034179781951845,5.0,1,Moving,0,0,0,0,0,VALID,VALID
92H-07095,2026-08-06 07:05:00,536.0,32,"Cao tốc Cam Lộ - La Sơn, Phường Thủy Xuân, TP Huế",0.0,5.0,1,0,-2.2000000000000455,-0.4400000000000091,538.6,1.273577637883941,5.0,1,Moving,0,0,0,0,0,VALID,VALID
92H-07095,2026-08-06 07:10:00,534.1,50,"Cao tốc Cam Lộ - La Sơn, Phường Kim Long, TP Huế",0.0,5.0,1,0,-1.8999999999999773,-0.37999999999999545,538.2,2.17416650689843,5.0,1,Moving,0,0,0,0,0,VALID,VALID
92H-07095,2026-08-06 07:15:00,532.4,56,"Cao tốc Cam Lộ - La Sơn, Phường Kim Long, TP Huế",0.0,5.0,1,0,-1.7000000000000455,-0.3400000000000091,536.0,2.812827758630178,5.0,1,Moving,0,0,0,0,0,VALID,VALID
92H-07095,2026-08-06 07:20:00,531.1,48,"Đường tránh Thành phố Huế, Phường Hương An, TP Huế",0.0,5.0,1,0,-1.2999999999999545,-0.2599999999999909,534.1,2.827189417022201,5.0,1,Moving,0,0,0,0,0,VALID,VALID
92H-07095,2026-08-06 07:25:00,531.4,0,"Đường tránh Thành phố Huế, Phường Hương Trà, TP Huế",0.0,5.0,1,0,0.2999999999999545,0.05999999999999091,532.4,2.0457272544803686,5.0,1,Stopped,0,0,0,0,0,VALID,VALID
92H-07095,2026-08-06 07:30:00,528.3,41,"Cách Mạng Tháng 8, Phường Hương Trà, TP Huế",0.0,5.0,1,0,-3.1000000000000227,-0.6200000000000045,531.4,2.119669785538694,5.0,1,Moving,0,0,0,0,0,VALID,VALID
92H-07095,2026-08-06 07:35:00,528.3,11,"Cầu An Lỗ, Phường Phong Thái, TP Huế",0.0,5.0,1,0,0.0,0.0,531.1,1.888120758777664,5.0,1,Moving,0,0,0,0,0,VALID,VALID
92H-07095,2026-08-06 07:40:00,523.5,57,"Quốc Lộ 1, Phường Phong Thái, TP Huế",0.0,5.0,1,0,-4.7999999999999545,-0.9599999999999909,528.3,3.1720655730500824,5.0,1,Moving,0,0,0,0,0,VALID,VALID
92H-07095,2026-08-06 07:45:00,524.2,0,"Quốc Lộ 1, Phường Phong Điền, TP Huế",0.0,5.0,1,0,0.7000000000000455,0.1400000000000091,528.3,3.2684858879504644,5.0,1,Stopped,0,0,0,0,0,VALID,VALID
92H-07095,2026-08-06 07:50:00,521.6,44,"Quốc Lộ 1, Phường Phong Điền, TP Huế",0.0,5.0,1,0,-2.6000000000000227,-0.5200000000000046,524.2,3.0028319965882564,5.0,1,Moving,0,0,0,0,0,VALID,VALID
92H-07095,2026-08-06 07:55:00,519.4,65,"Quốc Lộ 1, Xã Nam Hải Lăng, Tỉnh Quảng Trị",0.0,5.0,1,0,-2.2000000000000455,-0.4400000000000091,523.5,3.3128537546558197,5.0,1,Moving,0,0,0,0,0,VALID,VALID
92H-07095,2026-08-06 08:00:00,518.9,54,"Quốc Lộ 1, Xã Nam Hải Lăng, Tỉnh Quảng Trị",0.0,5.0,1,0,-0.5,-0.1,521.6,2.3700210968977675,5.0,1,Moving,0,0,0,0,0,VALID,VALID
92H-07095,2026-08-06 08:05:00,516.3,57,"Quốc Lộ 1, Xã Diên Sanh, Tỉnh Quảng Trị",0.0,5.0,1,0,-2.6000000000000227,-0.5200000000000046,519.4,2.97607123566336,5.0,1,Moving,0,0,0,0,0,VALID,VALID
92H-07095,2026-08-06 08:10:00,515.4,55,"Quốc Lộ 1, Xã Hải Lăng, Tỉnh Quảng Trị",0.0,5.0,1,0,-0.8999999999999773,-0.17999999999999544,518.9,2.4933912648730923,5.0,1,Moving,0,0,0,0,0,VALID,VALID
92H-07095,2026-08-06 08:15:00,509.8,47,"Quốc Lộ 1, Xã Hải Lăng, Tỉnh Quảng Trị",0.0,5.0,1,0,-5.599999999999966,-1.1199999999999932,516.3,3.835752859576466,5.0,1,Moving,0,0,0,0,0,VALID,VALID
92H-07095,2026-08-06 08:20:00,511.9,42,"Lê Duẩn, Xã Hải Lăng, Tỉnh Quảng Trị",0.0,5.0,1,0,2.099999999999966,0.41999999999999316,515.4,3.6142772444503306,5.0,1,Moving,0,0,0,0,0,VALID,VALID
92H-07095,2026-08-06 08:25:00,510.3,50,"Lê Duẩn, Xã Triệu Phong, Tỉnh Quảng Trị",0.0,5.0,1,0,-1.599999999999966,-0.3199999999999932,511.9,2.9602364769988037,5.0,1,Moving,0,0,0,0,0,VALID,VALID
92H-07095,2026-08-06 08:30:00,509.7,47,"Lê Duẩn, Xã Ái Tử, Tỉnh Quảng Trị",0.0,5.0,1,0,-0.6000000000000227,-0.12000000000000455,510.3,2.393115124634979,5.0,1,Moving,0,0,0,0,0,VALID,VALID
92H-07095,2026-08-06 08:35:00,511.0,7,"Lê Duẩn, Phường Nam Đông Hà, Tỉnh Quảng Trị",0.0,5.0,1,0,1.3000000000000114,0.2600000000000023,510.3,0.9181503143594025,5.0,1,Moving,0,0,0,0,0,VALID,VALID
92H-07095,2026-08-06 08:40:00,505.3,44,"Tránh Nam Đông Hà, Phường Nam Đông Hà, Tỉnh Quảng Trị",0.0,5.0,1,0,-5.699999999999989,-1.1399999999999977,510.3,2.5608592307582736,5.0,1,Moving,0,0,0,0,0,VALID,VALID
92H-07095,2026-08-06 08:45:00,504.4,48,"Tránh Nam Đông Hà, Phường Đông Hà, Tỉnh Quảng Trị",0.0,5.0,1,0,-0.9000000000000341,-0.18000000000000682,509.7,3.0549959083053846,5.0,1,Moving,0,0,0,0,0,VALID,VALID
92H-07095,2026-08-06 08:50:00,508.8,0,"Tránh Nam Đông Hà, Xã Hiếu Giang, Tỉnh Quảng Trị",0.0,5.0,1,0,4.400000000000034,0.8800000000000068,508.8,2.8570964281527447,5.0,1,Stopped,0,0,0,0,0,VALID,VALID
92H-07095,2026-08-06 08:55:00,500.6,21,"Xã Hiếu Giang, Tỉnh Quảng Trị",0.0,5.0,1,0,-8.199999999999989,-1.6399999999999977,505.3,4.03261701625218,5.0,1,Moving,0,0,0,0,0,VALID,VALID
92H-07095,2026-08-06 09:00:00,496.5,53,"Cao tốc Vạn Ninh-Cam Lộ, Xã Hiếu Giang, Tỉnh Quảng Trị",0.0,5.0,1,0,-4.100000000000023,-0.8200000000000045,504.4,4.7124303708142365,5.0,1,Moving,0,0,0,0,0,VALID,VALID
92H-07095,2026-08-06 09:05:00,496.5,59,"Cao tốc Vạn Ninh-Cam Lộ, Xã Cồn Tiên, Tỉnh Quảng Trị",0.0,5.0,1,0,0.0,0.0,500.6,5.301226273210374,5.0,1,Moving,0,0,0,0,0,VALID,VALID
92H-07095,2026-08-06 09:10:00,497.0,72,"Cao tốc Vạn Ninh-Cam Lộ, Xã Cồn Tiên, Tỉnh Quảng Trị",0.0,5.0,1,0,0.5,0.1,497.0,5.273234301619744,5.0,1,Moving,0,0,0,0,0,VALID,VALID
92H-07095,2026-08-06 09:15:00,493.5,62,"Cao tốc Vạn Ninh-Cam Lộ, Xã Vĩnh Thủy, Tỉnh Quảng Trị",0.0,5.0,1,0,-3.5,-0.7,496.5,2.5272514714182064,5.0,1,Moving,0,0,0,0,0,VALID,VALID
92H-07095,2026-08-06 09:20:00,491.6,69,"Cao tốc Vạn Ninh-Cam Lộ, Xã Vĩnh Thủy, Tỉnh Quảng Trị",0.0,5.0,1,0,-1.8999999999999773,-0.37999999999999545,496.5,2.3615672761513973,5.0,1,Moving,0,0,0,0,0,VALID,VALID
92H-07095,2026-08-06 09:25:00,487.6,60,"Cao tốc Vạn Ninh-Cam Lộ, Xã Bến Quan, Tỉnh Quảng Trị",0.0,5.0,1,0,-4.0,-0.8,493.5,3.851363394928197,5.0,1,Moving,0,0,0,0,0,VALID,VALID
92H-07095,2026-08-06 09:30:00,488.2,76,"Cao tốc Vạn Ninh-Cam Lộ, Xã Kim Ngân, Tỉnh Quảng Trị",0.0,5.0,1,0,0.5999999999999659,0.11999999999999318,491.6,3.883555072326965,5.0,1,Moving,0,0,0,0,0,VALID,VALID
92H-07095,2026-08-06 09:35:00,484.1,66,"Cao tốc Vạn Ninh-Cam Lộ, Xã Kim Ngân, Tỉnh Quảng Trị",0.0,5.0,1,0,-4.099999999999966,-0.8199999999999932,488.2,3.661283927777548,5.0,1,Moving,0,0,0,0,0,VALID,VALID
92H-07095,2026-08-06 09:40:00,482.9,66,"Cao tốc Vạn Ninh-Cam Lộ, Xã Trường Phú, Tỉnh Quảng Trị",0.0,5.0,1,0,-1.2000000000000455,-0.2400000000000091,487.6,3.467996539762843,5.0,1,Moving,0,0,0,0,0,VALID,VALID
92H-07095,2026-08-06 09:45:00,480.7,73,"Cao tốc Vạn Ninh-Cam Lộ, Xã Trường Phú, Tỉnh Quảng Trị",0.0,5.0,1,0,-2.1999999999999886,-0.4399999999999977,484.1,3.172538415813421,5.0,1,Moving,0,0,0,0,0,VALID,VALID
92H-07095,2026-08-06 09:50:00,476.8,74,"Cao tốc Vạn Ninh-Cam Lộ, Xã Lệ Ninh, Tỉnh Quảng Trị",0.0,5.0,1,0,-3.8999999999999773,-0.7799999999999955,482.9,4.2110568744457275,5.0,1,Moving,0,0,0,0,0,VALID,VALID
92H-07095,2026-08-06 09:55:00,476.5,70,"Cao tốc Bùng-Vạn Ninh, Xã Trường Ninh, Tỉnh Quảng Trị",0.0,5.0,1,0,-0.30000000000001137,-0.060000000000002274,480.7,3.464101615112019,5.0,1,Moving,0,0,0,0,0,VALID,VALID
92H-07095,2026-08-06 10:00:00,477.6,0,"Cao tốc Bùng-Vạn Ninh, Xã Trường Ninh, Tỉnh Quảng Trị",0.0,5.0,1,0,1.1000000000000227,0.22000000000000455,477.6,2.788368698688241,5.0,1,Stopped,0,0,0,0,0,VALID,VALID
92H-07095,2026-08-06 10:05:00,470.7,75,"Cao tốc Bùng-Vạn Ninh, Xã Trường Ninh, Tỉnh Quảng Trị",0.0,5.0,1,0,-6.900000000000034,-1.3800000000000068,476.8,3.625327571382972,5.0,1,Moving,0,0,0,0,0,VALID,VALID
92H-07095,2026-08-06 10:10:00,468.7,76,"Cao tốc Bùng-Vạn Ninh, Xã Quảng Ninh, Tỉnh Quảng Trị",0.0,5.0,1,0,-2.0,-0.4,476.5,4.062388459986894,5.0,1,Moving,0,0,0,0,0,VALID,VALID
92H-07095,2026-08-06 10:15:00,467.4,68,"Cao tốc Bùng-Vạn Ninh, Phường Đồng Sơn, Tỉnh Quảng Trị",0.0,5.0,1,0,-1.3000000000000114,-0.2600000000000023,470.7,4.614867278680805,5.0,1,Moving,0,0,0,0,0,VALID,VALID
92H-07095,2026-08-06 10:20:00,463.4,71,"Cao tốc Bùng-Vạn Ninh, Phường Đồng Sơn, Tỉnh Quảng Trị",0.0,5.0,1,0,-4.0,-0.8,468.7,5.227140709780483,5.0,1,Moving,0,0,0,0,0,VALID,VALID
92H-07095,2026-08-06 10:25:00,469.0,0,"Hồ Chí Minh Đông, Xã Nam Trạch, Tỉnh Quảng Trị",0.0,5.0,1,0,5.600000000000023,1.1200000000000045,468.7,2.746452256975899,5.0,1,Stopped,0,0,0,0,0,VALID,VALID
92H-07095,2026-08-06 10:30:00,462.5,0,"Hồ Chí Minh Đông, Xã Nam Trạch, Tỉnh Quảng Trị",0.0,5.0,1,0,-6.5,-1.3,467.4,3.0438462510205277,5.0,1,Stopped,0,0,0,0,0,VALID,VALID
92H-07095,2026-08-06 10:35:00,462.4,0,"Hồ Chí Minh Đông, Xã Nam Trạch, Tỉnh Quảng Trị",0.0,5.0,1,0,-0.10000000000002274,-0.02000000000000455,463.4,3.05417746698757,5.0,1,Stopped,0,0,0,0,0,VALID,VALID
92H-07095,2026-08-06 10:40:00,462.2,0,"Hồ Chí Minh Đông, Xã Nam Trạch, Tỉnh Quảng Trị",0.0,5.0,1,0,-0.19999999999998863,-0.039999999999997725,462.5,2.8879058156139705,5.0,1,Stopped,0,0,0,0,0,VALID,VALID
92H-07095,2026-08-06 10:45:00,462.1,0,"Hồ Chí Minh Đông, Xã Nam Trạch, Tỉnh Quảng Trị",0.0,5.0,1,0,-0.0999999999999659,-0.01999999999999318,462.4,3.0004999583165386,5.0,1,Stopped,0,0,0,0,0,VALID,VALID
92H-07095,2026-08-06 10:50:00,460.3,74,"Cao tốc Bùng-Vạn Ninh, Xã Nam Trạch, Tỉnh Quảng Trị",0.0,5.0,1,0,-1.8000000000000114,-0.36000000000000226,462.2,0.9082951061529406,5.0,1,Moving,0,0,0,0,0,VALID,VALID
92H-07095,2026-08-06 10:55:00,457.4,72,"Cao tốc Bùng-Vạn Ninh, Xã Hoàn Lão, Tỉnh Quảng Trị",0.0,5.0,1,0,-2.900000000000034,-0.5800000000000068,462.1,2.120613118855897,5.0,1,Moving,0,0,0,0,0,VALID,VALID
92H-07095,2026-08-06 11:00:00,454.1,71,"Cao tốc Bùng-Vạn Ninh, Xã Bố Trạch, Tỉnh Quảng Trị",0.0,5.0,1,0,-3.2999999999999545,-0.6599999999999909,460.3,3.459335196228823,5.0,1,Moving,0,0,0,0,0,VALID,VALID
92H-07095,2026-08-06 11:05:00,452.1,74,"Cao tốc Vũng Áng - Bùng, Xã Bố Trạch, Tỉnh Quảng Trị",0.0,5.0,1,0,-2.0,-0.4,457.4,4.161730409321608,5.0,1,Moving,0,0,0,0,0,VALID,VALID
92H-07095,2026-08-06 11:10:00,445.9,76,"Cao tốc Vũng Áng - Bùng, Xã Nam Gianh, Tỉnh Quảng Trị",0.0,5.0,1,0,-6.2000000000000455,-1.240000000000009,454.1,5.487986880439843,5.0,1,Moving,0,0,0,0,0,VALID,VALID
92H-07095,2026-08-06 11:15:00,449.3,66,"Cao tốc Vũng Áng - Bùng, Xã Nam Gianh, Tỉnh Quảng Trị",0.0,5.0,1,0,3.400000000000034,0.6800000000000068,452.1,4.409988662103909,5.0,1,Moving,0,0,0,0,0,VALID,VALID
92H-07095,2026-08-06 11:20:00,446.5,72,"Cao tốc Vũng Áng - Bùng, Xã Quảng Trạch, Tỉnh Quảng Trị",0.0,5.0,1,0,-2.8000000000000114,-0.5600000000000023,449.3,3.531571887968635,5.0,1,Moving,0,0,0,0,0,VALID,VALID
92H-07095,2026-08-06 11:25:00,443.4,65,"Cao tốc Vũng Áng - Bùng, Xã Trung Thuần, Tỉnh Quảng Trị",0.0,5.0,1,0,-3.1000000000000227,-0.6200000000000045,446.5,3.344846782723453,5.0,1,Moving,0,0,0,0,0,VALID,VALID
92H-07095,2026-08-06 11:30:00,440.0,71,"Cao tốc Vũng Áng - Bùng, Xã Hòa Trạch, Tỉnh Quảng Trị",0.0,5.0,1,0,-3.3999999999999773,-0.6799999999999955,445.9,3.5038550198176477,5.0,1,Moving,0,0,0,0,0,VALID,VALID
92H-07095,2026-08-06 11:35:00,441.1,64,"Cao tốc Vũng Áng - Bùng, Xã Phú Trạch, Tỉnh Quảng Trị",0.0,5.0,1,0,1.1000000000000227,0.22000000000000455,443.4,3.8435660524965276,5.0,1,Moving,0,0,0,0,0,VALID,VALID
92H-07095,2026-08-06 11:40:00,434.3,30,"Cao tốc Vũng Áng - Bùng, Xã Phú Trạch, Tỉnh Quảng Trị",0.0,5.0,1,0,-6.800000000000011,-1.3600000000000023,441.1,4.52470993544462,5.0,1,Moving,0,0,0,0,0,VALID,VALID
92H-07095,2026-08-06 11:45:00,432.7,42,"Cao tốc Vũng Áng - Bùng, Xã Kỳ Hoa, Tỉnh Hà Tĩnh",0.0,5.0,1,0,-1.6000000000000227,-0.32000000000000456,440.0,4.5853026072352545,5.0,1,Moving,0,0,0,0,0,VALID,VALID
92H-07095,2026-08-06 11:50:00,439.5,71,"Cao tốc Vũng Áng - Bùng, Xã Kỳ Hoa, Tỉnh Hà Tĩnh",0.0,5.0,1,0,6.800000000000011,1.3600000000000023,439.5,3.7579249593253614,5.0,1,Moving,0,0,0,0,0,VALID,VALID
92H-07095,2026-08-06 11:55:00,431.4,71,"Cao tốc Hàm Nghi-Vũng Áng, Xã Kỳ Hoa, Tỉnh Hà Tĩnh",0.0,5.0,1,0,-8.100000000000023,-1.6200000000000045,434.3,4.272001872649965,5.0,1,Moving,0,0,0,0,0,VALID,VALID
92H-07095,2026-08-06 12:00:00,424.5,50,"Cao tốc Hàm Nghi-Vũng Áng, Xã Kỳ Văn, Tỉnh Hà Tĩnh",0.0,5.0,1,0,-6.899999999999977,-1.3799999999999955,432.7,5.419594080734539,5.0,1,Moving,0,0,0,0,0,VALID,VALID
92H-07095,2026-08-06 12:05:00,428.0,67,"Cao tốc Hàm Nghi-Vũng Áng, Xã Kỳ Văn, Tỉnh Hà Tĩnh",0.0,5.0,1,0,3.5,0.7,431.4,5.619341598438019,5.0,1,Moving,0,0,0,0,0,VALID,VALID
92H-07095,2026-08-06 12:10:00,428.9,75,"Cao tốc Hàm Nghi-Vũng Áng, Xã Kỳ Xuân, Tỉnh Hà Tĩnh",0.0,5.0,1,0,0.8999999999999773,0.17999999999999544,428.9,5.626099892459953,5.0,1,Moving,0,0,0,0,0,VALID,VALID
92H-07095,2026-08-06 12:15:00,423.6,72,"Cao tốc Hàm Nghi-Vũng Áng, Xã Cẩm Lạc, Tỉnh Hà Tĩnh",0.0,5.0,1,0,-5.2999999999999545,-1.059999999999991,428.0,3.2166753022252292,5.0,1,Moving,0,0,0,0,0,VALID,VALID
92H-07095,2026-08-06 12:20:00,421.2,70,"Cao tốc Hàm Nghi-Vũng Áng, Xã Cẩm Hưng, Tỉnh Hà Tĩnh",0.0,5.0,1,0,-2.400000000000034,-0.4800000000000068,424.5,3.184807686493945,5.0,1,Moving,0,0,0,0,0,VALID,VALID
92H-07095,2026-08-06 12:25:00,419.5,72,"Cao tốc Hàm Nghi-Vũng Áng, Xã Cẩm Xuyên, Tỉnh Hà Tĩnh",0.0,5.0,1,0,-1.6999999999999886,-0.33999999999999775,423.6,4.122256663522219,5.0,1,Moving,0,0,0,0,0,VALID,VALID
92H-07095,2026-08-06 12:30:00,417.9,71,"Cao tốc Hàm Nghi-Vũng Áng, Xã Cẩm Duệ, Tỉnh Hà Tĩnh",0.0,5.0,1,0,-1.6000000000000227,-0.32000000000000456,421.2,4.290337982019393,5.0,1,Moving,0,0,0,0,0,VALID,VALID
92H-07095,2026-08-06 12:35:00,415.5,72,"Cao tốc Hàm Nghi-Vũng Áng, Phường Hà Huy Tập, Tỉnh Hà Tĩnh",0.0,5.0,1,0,-2.3999999999999773,-0.47999999999999543,419.5,3.09241006335912,5.0,1,Moving,0,0,0,0,0,VALID,VALID
92H-07095,2026-08-06 12:40:00,413.5,73,"Cao tốc Hàm Nghi-Vũng Áng, Phường Hà Huy Tập, Tỉnh Hà Tĩnh",0.0,5.0,1,0,-2.0,-0.4,417.9,3.076036410702854,5.0,1,Moving,0,0,0,0,0,VALID,VALID
92H-07095,2026-08-06 12:45:00,411.6,74,"Cao tốc Bãi Vọt - Hàm Nghi, Xã Việt Xuyên, Tỉnh Hà Tĩnh",0.0,5.0,1,0,-1.8999999999999773,-0.37999999999999545,415.5,3.198437118339921,5.0,1,Moving,0,0,0,0,0,VALID,VALID
92H-07095,2026-08-06 12:50:00,408.9,75,"Cao tốc Bãi Vọt - Hàm Nghi, Xã Xuân Lộc, Tỉnh Hà Tĩnh",0.0,5.0,1,0,-2.7000000000000455,-0.5400000000000091,413.5,3.4687173421857502,5.0,1,Moving,0,0,0,0,0,VALID,VALID
92H-07095,2026-08-06 12:55:00,407.1,73,"Cao tốc Bãi Vọt - Hàm Nghi, Xã Đồng Lộc, Tỉnh Hà Tĩnh",0.0,5.0,1,0,-1.7999999999999545,-0.3599999999999909,411.6,3.389985250703291,5.0,1,Moving,0,0,0,0,0,VALID,VALID
92H-07095,2026-08-06 13:00:00,405.8,70,"Cao tốc Bãi Vọt - Hàm Nghi, Xã Trường Lưu, Tỉnh Hà Tĩnh",0.0,5.0,1,0,-1.3000000000000114,-0.2600000000000023,408.9,3.168122472378718,5.0,1,Moving,0,0,0,0,0,VALID,VALID
92H-07095,2026-08-06 13:05:00,403.8,74,"Cao tốc Bãi Vọt - Hàm Nghi, Xã Đức Thịnh, Tỉnh Hà Tĩnh",0.0,5.0,1,0,-2.0,-0.4,407.1,2.9787581304960304,5.0,1,Moving,0,0,0,0,0,VALID,VALID
92H-07095,2026-08-06 13:10:00,404.1,0,"Quốc Lộ 8A, Phường Bắc Hồng Lĩnh, Tỉnh Hà Tĩnh",0.0,5.0,1,0,0.30000000000001137,0.060000000000002274,405.8,2.126734586167292,5.0,1,Stopped,0,0,0,0,0,VALID,VALID
92H-07095,2026-08-06 13:15:00,402.6,0,"Quốc Lộ 8A, Phường Bắc Hồng Lĩnh, Tỉnh Hà Tĩnh",0.0,5.0,1,0,-1.5,-0.3,404.1,1.7711578134100818,5.0,1,Stopped,0,0,0,0,0,VALID,VALID
92H-07095,2026-08-06 13:20:00,402.4,0,"Quốc Lộ 8A, Phường Bắc Hồng Lĩnh, Tỉnh Hà Tĩnh",0.0,5.0,1,0,-0.20000000000004547,-0.0400000000000091,403.8,1.3667479650638292,5.0,1,Stopped,0,0,0,0,0,VALID,VALID
92H-07095,2026-08-06 13:25:00,402.4,0,"Quốc Lộ 8A, Phường Bắc Hồng Lĩnh, Tỉnh Hà Tĩnh",0.0,5.0,1,0,0.0,0.0,402.6,0.8234075540144025,5.0,1,Stopped,0,0,0,0,0,VALID,VALID
92H-07095,2026-08-06 13:30:00,402.4,0,"Quốc Lộ 8A, Phường Bắc Hồng Lĩnh, Tỉnh Hà Tĩnh",0.0,5.0,1,0,0.0,0.0,402.4,0.7429670248461537,5.0,1,Stopped,0,0,0,0,0,VALID,VALID
92H-07095,2026-08-06 13:35:00,402.4,0,"Quốc Lộ 8A, Phường Bắc Hồng Lĩnh, Tỉnh Hà Tĩnh",0.0,5.0,1,0,0.0,0.0,402.4,0.08944271915410518,5.0,1,Stopped,0,0,0,0,0,VALID,VALID
92H-07095,2026-08-06 13:40:00,402.4,0,"Quốc Lộ 8A, Phường Bắc Hồng Lĩnh, Tỉnh Hà Tĩnh",0.0,5.0,1,0,0.0,0.0,402.4,0.0,5.0,1,Stopped,0,0,0,0,0,VALID,VALID
92H-07095,2026-08-06 13:45:00,402.4,0,"Quốc Lộ 8A, Phường Bắc Hồng Lĩnh, Tỉnh Hà Tĩnh",0.0,5.0,1,0,0.0,0.0,402.4,0.0,5.0,1,Stopped,0,0,0,0,0,VALID,VALID
92H-07095,2026-08-06 13:50:00,399.1,40,"Trần Phú, Phường Bắc Hồng Lĩnh, Tỉnh Hà Tĩnh",0.0,5.0,1,0,-3.2999999999999545,-0.6599999999999909,402.4,1.4758048651537998,5.0,1,Moving,0,0,0,0,0,VALID,VALID
92H-07095,2026-08-06 13:55:00,399.2,56,"Nguyễn Nghiễm, Phường Nam Hồng Lĩnh, Tỉnh Hà Tĩnh",0.0,5.0,1,0,0.0999999999999659,0.01999999999999318,402.4,1.7804493814802598,5.0,1,Moving,0,0,0,0,0,VALID,VALID
92H-07095,2026-08-06 14:00:00,400.5,0,"Phường Nam Hồng Lĩnh, Tỉnh Hà Tĩnh",0.0,5.0,1,0,1.3000000000000114,0.2600000000000023,400.5,1.6300306745624487,5.0,1,Stopped,0,0,0,0,0,VALID,VALID
92H-07095,2026-08-06 14:05:00,572.1,0,"Phường Nam Hồng Lĩnh, Tỉnh Hà Tĩnh",0.0,5.0,1,0,171.60000000000002,34.32000000000001,400.5,76.84284612115772,5.0,1,Stopped,0,0,1,0,1,LARGE_DELTA,VALID
92H-07095,2026-08-06 14:10:00,572.1,0,"Phường Nam Hồng Lĩnh, Tỉnh Hà Tĩnh",0.0,5.0,1,0,0.0,0.0,400.5,94.48375521749666,5.0,1,Stopped,0,0,0,0,0,VALID,VALID
92H-07095,2026-08-06 14:15:00,571.7,0,"Nguyễn Nghiễm, Phường Nam Hồng Lĩnh, Tỉnh Hà Tĩnh",0.0,5.0,1,0,-0.39999999999997726,-0.07999999999999545,571.7,94.27344270790017,5.0,1,Stopped,0,0,0,0,0,VALID,VALID
92H-07095,2026-08-06 14:20:00,570.3,0,"Nguyễn Nghiễm, Phường Nam Hồng Lĩnh, Tỉnh Hà Tĩnh",0.0,5.0,1,0,-1.400000000000091,-0.2800000000000182,571.7,76.49946405040782,5.0,1,Stopped,0,0,0,0,0,VALID,VALID
92H-07095,2026-08-06 14:25:00,570.2,0,"Nguyễn Nghiễm, Phường Nam Hồng Lĩnh, Tỉnh Hà Tĩnh",0.0,5.0,1,0,-0.09999999999990905,-0.01999999999998181,571.7,0.9549869106690763,5.0,1,Stopped,0,0,0,0,0,VALID,VALID
92H-07095,2026-08-06 14:30:00,570.0,0,"Nguyễn Nghiễm, Phường Nam Hồng Lĩnh, Tỉnh Hà Tĩnh",0.0,5.0,1,0,-0.20000000000004547,-0.0400000000000091,570.3,0.9659192510507497,5.0,1,Stopped,0,0,0,0,0,VALID,VALID
92H-07095,2026-08-06 14:35:00,569.9,0,"Nguyễn Nghiễm, Phường Nam Hồng Lĩnh, Tỉnh Hà Tĩnh",0.0,5.0,1,0,-0.10000000000002274,-0.02000000000000455,570.2,0.7328028381165608,5.0,1,Stopped,0,0,0,0,0,VALID,VALID
92H-07095,2026-08-06 14:40:00,569.7,0,"Nguyễn Nghiễm, Phường Nam Hồng Lĩnh, Tỉnh Hà Tĩnh",0.0,5.0,1,0,-0.1999999999999318,-0.03999999999998636,570.0,0.23874672678960518,5.0,1,Stopped,0,0,0,0,0,VALID,VALID
92H-07095,2026-08-06 14:45:00,569.4,0,"Nguyễn Nghiễm, Phường Nam Hồng Lĩnh, Tỉnh Hà Tĩnh",0.0,5.0,1,0,-0.3000000000000682,-0.06000000000001364,569.9,0.3049590129071044,5.0,1,Stopped,0,0,0,0,0,VALID,VALID
92H-07095,2026-08-06 14:50:00,569.3,0,"Nguyễn Nghiễm, Phường Nam Hồng Lĩnh, Tỉnh Hà Tĩnh",0.0,5.0,1,0,-0.10000000000002274,-0.02000000000000455,569.7,0.304959012907981,5.0,1,Stopped,0,0,0,0,0,VALID,VALID
92H-07095,2026-08-06 14:55:00,569.2,0,"Nguyễn Nghiễm, Phường Nam Hồng Lĩnh, Tỉnh Hà Tĩnh",0.0,5.0,1,0,-0.09999999999990905,-0.01999999999998181,569.4,0.29154759397788366,5.0,1,Stopped,0,0,0,0,0,VALID,VALID
92H-07095,2026-08-06 15:00:00,568.9,0,"Nguyễn Nghiễm, Phường Nam Hồng Lĩnh, Tỉnh Hà Tĩnh",0.0,5.0,1,0,-0.3000000000000682,-0.06000000000001364,569.3,0.2915475939789658,5.0,1,Stopped,0,0,0,0,0,VALID,VALID
92H-07095,2026-08-06 15:05:00,568.7,0,"Nguyễn Nghiễm, Phường Nam Hồng Lĩnh, Tỉnh Hà Tĩnh",0.0,5.0,1,0,-0.1999999999999318,-0.03999999999998636,569.2,0.2915475939799845,5.0,1,Stopped,0,0,0,0,0,VALID,VALID
92H-07095,2026-08-06 15:10:00,568.3,0,"Nguyễn Nghiễm, Phường Nam Hồng Lĩnh, Tỉnh Hà Tĩnh",0.0,5.0,1,0,-0.40000000000009095,-0.0800000000000182,568.9,0.4024922353986806,5.0,1,Stopped,0,0,0,0,0,VALID,VALID
92H-07095,2026-08-06 15:15:00,568.0,0,"Nguyễn Nghiễm, Phường Nam Hồng Lĩnh, Tỉnh Hà Tĩnh",0.0,5.0,1,0,-0.2999999999999545,-0.05999999999999091,568.7,0.47644516951801735,5.0,1,Stopped,0,0,0,0,0,VALID,VALID
92H-07095,2026-08-06 15:20:00,567.7,0,"Nguyễn Nghiễm, Phường Nam Hồng Lĩnh, Tỉnh Hà Tĩnh",0.0,5.0,1,0,-0.2999999999999545,-0.05999999999999091,568.3,0.49193495460063547,5.0,1,Stopped,0,0,0,0,0,VALID,VALID
92H-07095,2026-08-06 15:25:00,567.4,0,"Nguyễn Nghiễm, Phường Nam Hồng Lĩnh, Tỉnh Hà Tĩnh",0.0,5.0,1,0,-0.3000000000000682,-0.06000000000001364,568.0,0.5069516737903745,5.0,1,Stopped,0,0,0,0,0,VALID,VALID
92H-07095,2026-08-06 15:30:00,567.2,0,"Nguyễn Nghiễm, Phường Nam Hồng Lĩnh, Tỉnh Hà Tĩnh",0.0,5.0,1,0,-0.1999999999999318,-0.03999999999998636,567.7,0.4438468199274755,5.0,1,Stopped,0,0,0,0,0,VALID,VALID
92H-07095,2026-08-06 15:35:00,567.0,0,"Nguyễn Nghiễm, Phường Nam Hồng Lĩnh, Tỉnh Hà Tĩnh",0.0,5.0,1,0,-0.20000000000004547,-0.0400000000000091,567.4,0.39749213773418696,5.0,1,Stopped,0,0,0,0,0,VALID,VALID
92H-07095,2026-08-06 15:40:00,566.7,0,"Nguyễn Nghiễm, Phường Nam Hồng Lĩnh, Tỉnh Hà Tĩnh",0.0,5.0,1,0,-0.2999999999999545,-0.05999999999999091,567.2,0.38078865471706264,5.0,1,Stopped,0,0,0,0,0,VALID,VALID
92H-07095,2026-08-06 15:45:00,566.5,0,"Nguyễn Nghiễm, Phường Nam Hồng Lĩnh, Tỉnh Hà Tĩnh",0.0,5.0,1,0,-0.20000000000004547,-0.0400000000000091,567.0,0.3646916499755777,5.0,1,Stopped,0,0,0,0,0,VALID,VALID
92H-07095,2026-08-06 15:50:00,566.2,0,"Nguyễn Nghiễm, Phường Nam Hồng Lĩnh, Tỉnh Hà Tĩnh",0.0,5.0,1,0,-0.2999999999999545,-0.05999999999999091,566.7,0.39623225457124545,5.0,1,Stopped,0,0,0,0,0,VALID,VALID
92H-07095,2026-08-06 15:55:00,566.1,0,"Nguyễn Nghiễm, Phường Nam Hồng Lĩnh, Tỉnh Hà Tĩnh",0.0,5.0,1,0,-0.10000000000002274,-0.02000000000000455,566.5,0.3674234608231433,5.0,1,Stopped,0,0,0,0,0,VALID,VALID
92H-07095,2026-08-06 16:00:00,565.8,0,"Nguyễn Nghiễm, Phường Nam Hồng Lĩnh, Tỉnh Hà Tĩnh",0.0,5.0,1,0,-0.3000000000000682,-0.06000000000001364,566.2,0.3507135577134473,5.0,1,Stopped,0,0,0,0,0,VALID,VALID
92H-07095,2026-08-06 16:05:00,565.8,0,"Nguyễn Nghiễm, Phường Nam Hồng Lĩnh, Tỉnh Hà Tĩnh",0.0,5.0,1,0,0.0,0.0,566.1,0.29495762333695585,5.0,1,Stopped,0,0,0,0,0,VALID,VALID
92H-07095,2026-08-06 16:10:00,565.8,0,"Nguyễn Nghiễm, Phường Nam Hồng Lĩnh, Tỉnh Hà Tĩnh",0.0,5.0,1,0,0.0,0.0,565.8,0.19493588578053486,5.0,1,Stopped,0,0,0,0,0,VALID,VALID
92H-07095,2026-08-06 16:15:00,565.6,0,"Nguyễn Nghiễm, Phường Nam Hồng Lĩnh, Tỉnh Hà Tĩnh",0.0,5.0,1,0,-0.1999999999999318,-0.03999999999998636,565.8,0.17888543698529158,5.0,1,Stopped,0,0,0,0,0,VALID,VALID
92H-07095,2026-08-06 16:20:00,565.6,0,"Nguyễn Nghiễm, Phường Nam Hồng Lĩnh, Tỉnh Hà Tĩnh",0.0,5.0,1,0,0.0,0.0,565.8,0.10954450951889139,5.0,1,Stopped,0,0,0,0,0,VALID,VALID
92H-07095,2026-08-06 16:25:00,565.6,0,"Nguyễn Nghiễm, Phường Nam Hồng Lĩnh, Tỉnh Hà Tĩnh",0.0,5.0,1,0,0.0,0.0,565.6,0.10954450951949071,5.0,1,Stopped,0,0,0,0,0,VALID,VALID
92H-07095,2026-08-06 16:30:00,565.6,0,"Nguyễn Nghiễm, Phường Nam Hồng Lĩnh, Tỉnh Hà Tĩnh",0.0,5.0,1,0,0.0,0.0,565.6,0.08944271667386797,5.0,1,Stopped,0,0,0,0,0,VALID,VALID
92H-07095,2026-08-06 16:35:00,565.6,0,"Nguyễn Nghiễm, Phường Nam Hồng Lĩnh, Tỉnh Hà Tĩnh",0.0,5.0,1,0,0.0,0.0,565.6,0.0,5.0,1,Stopped,0,0,0,0,0,VALID,VALID
92H-07095,2026-08-06 16:40:00,565.6,0,"Nguyễn Nghiễm, Phường Nam Hồng Lĩnh, Tỉnh Hà Tĩnh",0.0,5.0,1,0,0.0,0.0,565.6,0.0,5.0,1,Stopped,0,0,0,0,0,VALID,VALID
92H-07095,2026-08-06 16:45:00,565.6,0,"Nguyễn Nghiễm, Phường Nam Hồng Lĩnh, Tỉnh Hà Tĩnh",0.0,5.0,1,0,0.0,0.0,565.6,0.0,5.0,1,Stopped,0,0,0,0,0,VALID,VALID
92H-07095,2026-08-06 16:50:00,565.6,0,"Nguyễn Nghiễm, Phường Nam Hồng Lĩnh, Tỉnh Hà Tĩnh",0.0,5.0,1,0,0.0,0.0,565.6,0.0,5.0,1,Stopped,0,0,0,0,0,VALID,VALID
92H-07095,2026-08-06 16:55:00,565.6,0,"Nguyễn Nghiễm, Phường Nam Hồng Lĩnh, Tỉnh Hà Tĩnh",0.0,5.0,1,0,0.0,0.0,565.6,0.0,5.0,1,Stopped,0,0,0,0,0,VALID,VALID
92H-07095,2026-08-06 17:00:00,565.3,0,"Nguyễn Nghiễm, Phường Nam Hồng Lĩnh, Tỉnh Hà Tĩnh",0.0,5.0,1,0,-0.3000000000000682,-0.06000000000001364,565.6,0.1341640770338766,5.0,1,Stopped,0,0,0,0,0,VALID,VALID
92H-07095,2026-08-06 17:05:00,563.6,45,"Nguyễn Nghiễm, Phường Nam Hồng Lĩnh, Tỉnh Hà Tĩnh",0.0,5.0,1,0,-1.6999999999999318,-0.33999999999998637,565.6,0.870631954138877,5.0,1,Moving,0,0,0,0,0,VALID,VALID
92H-07095,2026-08-06 17:10:00,564.7,25,"Phan Hưng Tạo, Phường Bắc Hồng Lĩnh, Tỉnh Hà Tĩnh",0.0,5.0,1,0,1.1000000000000227,0.22000000000000455,565.3,0.8443932730477416,5.0,1,Moving,0,0,0,0,0,VALID,VALID
92H-07095,2026-08-06 17:15:00,563.3,0,"Quốc Lộ 8A, Xã Đức Thịnh, Tỉnh Hà Tĩnh",0.0,5.0,1,0,-1.400000000000091,-0.2800000000000182,564.7,1.0173494972574113,5.0,1,Stopped,0,0,0,0,0,VALID,VALID
92H-07095,2026-08-06 17:20:00,560.2,0,"Quốc Lộ 8A, Xã Đức Thịnh, Tỉnh Hà Tĩnh",0.0,5.0,1,0,-3.099999999999909,-0.6199999999999818,563.6,1.9740820650554507,5.0,1,Stopped,0,0,0,0,0,VALID,VALID
92H-07095,2026-08-06 17:25:00,557.8,63,"Cao tốc Diễn Châu-Bãi Vọt, Xã Đức Quang, Tỉnh Hà Tĩnh",0.0,5.0,1,0,-2.400000000000091,-0.4800000000000182,563.3,2.845522798991292,5.0,1,Moving,0,0,0,0,0,VALID,VALID
92H-07095,2026-08-06 17:30:00,556.4,71,"Cao tốc Diễn Châu-Bãi Vọt, Xã Lam Thành, Tỉnh Nghệ An",0.0,5.0,1,0,-1.3999999999999773,-0.2799999999999955,560.2,3.5237763833115956,5.0,1,Moving,0,0,0,0,0,VALID,VALID
92H-07095,2026-08-06 17:35:00,554.5,73,"Cao tốc Diễn Châu-Bãi Vọt, Xã Hưng Nguyên, Tỉnh Nghệ An",0.0,5.0,1,0,-1.8999999999999773,-0.37999999999999545,557.8,3.420964776140227,5.0,1,Moving,0,0,0,0,0,VALID,VALID
92H-07095,2026-08-06 17:40:00,552.1,73,"Cao tốc Diễn Châu-Bãi Vọt, Xã Hưng Nguyên, Tỉnh Nghệ An",0.0,5.0,1,0,-2.3999999999999773,-0.47999999999999543,556.4,3.094349689288669,5.0,1,Moving,0,0,0,0,0,VALID,VALID
92H-07095,2026-08-06 17:45:00,550.1,75,"Cao tốc Diễn Châu-Bãi Vọt, Xã Yên Trung, Tỉnh Nghệ An",0.0,5.0,1,0,-2.0,-0.4,554.5,3.126819470261813,5.0,1,Moving,0,0,0,0,0,VALID,VALID
92H-07095,2026-08-06 17:50:00,548.6,69,"Cao tốc Diễn Châu-Bãi Vọt, Xã Thần Lĩnh, Tỉnh Nghệ An",0.0,5.0,1,0,-1.5,-0.3,552.1,3.1706466216870384,5.0,1,Moving,0,0,0,0,0,VALID,VALID
92H-07095,2026-08-06 17:55:00,540.8,26,"Cao tốc Diễn Châu-Bãi Vọt, Xã Thần Lĩnh, Tỉnh Nghệ An",0.0,5.0,1,0,-7.800000000000068,-1.5600000000000136,550.1,5.201634358509582,5.0,1,Moving,0,0,0,0,0,VALID,VALID
92H-07095,2026-08-06 18:00:00,548.3,74,"Cao tốc Diễn Châu-Bãi Vọt, Xã Tân Châu, Tỉnh Nghệ An",0.0,5.0,1,0,7.5,1.5,548.6,4.28684032821752,5.0,1,Moving,0,0,0,0,0,VALID,VALID
92H-07095,2026-08-06 18:05:00,540.5,74,"Cao tốc Diễn Châu-Bãi Vọt, Xã Minh Châu, Tỉnh Nghệ An",0.0,5.0,1,0,-7.7999999999999545,-1.559999999999991,548.3,4.62525674959138,5.0,1,Moving,0,0,0,0,0,VALID,VALID
92H-07095,2026-08-06 18:10:00,538.9,68,"Cao tốc Nghi Sơn - Diễn Châu, Xã Minh Châu, Tỉnh Nghệ An",0.0,5.0,1,0,-1.6000000000000227,-0.32000000000000456,540.8,4.6494085645002885,5.0,1,Moving,0,0,0,0,0,VALID,VALID
92H-07095,2026-08-06 18:15:00,537.0,74,"Cao tốc Nghi Sơn - Diễn Châu, Xã Quảng Châu, Tỉnh Nghệ An",0.0,5.0,1,0,-1.8999999999999773,-0.37999999999999545,540.5,4.299418565301248,5.0,1,Moving,0,0,0,0,0,VALID,VALID
92H-07095,2026-08-06 18:20:00,535.2,75,"Cao tốc Nghi Sơn - Diễn Châu, Xã Hùng Châu, Tỉnh Nghệ An",0.0,5.0,1,0,-1.7999999999999545,-0.3599999999999909,538.9,5.0593477840193115,5.0,1,Moving,0,0,0,0,0,VALID,VALID
92H-07095,2026-08-06 18:25:00,532.3,74,"Cao tốc Nghi Sơn - Diễn Châu, Xã Quỳnh Sơn, Tỉnh Nghệ An",0.0,5.0,1,0,-2.900000000000091,-0.5800000000000182,537.0,3.199531215611692,5.0,1,Moving,0,0,0,0,0,VALID,VALID
92H-07095,2026-08-06 18:30:00,530.8,74,"Cao tốc Nghi Sơn - Diễn Châu, Xã Quỳnh Sơn, Tỉnh Nghệ An",0.0,5.0,1,0,-1.5,-0.3,535.2,3.3185840353502054,5.0,1,Moving,0,0,0,0,0,VALID,VALID
92H-07095,2026-08-06 18:35:00,530.4,76,"Cao tốc Nghi Sơn - Diễn Châu, Xã Quỳnh Văn, Tỉnh Nghệ An",0.0,5.0,1,0,-0.39999999999997726,-0.07999999999999545,532.3,2.86496073266069,5.0,1,Moving,0,0,0,0,0,VALID,VALID
92H-07095,2026-08-06 18:40:00,526.9,74,"Cao tốc Nghi Sơn - Diễn Châu, Phường Hoàng Mai, Tỉnh Nghệ An",0.0,5.0,1,0,-3.5,-0.7,530.8,3.0194370335701466,5.0,1,Moving,0,0,0,0,0,VALID,VALID
92H-07095,2026-08-06 18:45:00,520.4,0,"Cao tốc Nghi Sơn - Diễn Châu, Phường Hoàng Mai, Tỉnh Nghệ An",0.0,5.0,1,0,-6.5,-1.3,530.4,4.767913589790084,5.0,1,Stopped,0,0,0,0,0,VALID,VALID
92H-07095,2026-08-06 18:50:00,522.7,67,"Cao tốc Nghi Sơn - Diễn Châu, Xã Trường Lâm, Tỉnh Thanh Hóa",0.0,5.0,1,0,2.300000000000068,0.4600000000000136,526.9,4.614433876404722,5.0,1,Moving,0,0,0,0,0,VALID,VALID
92H-07095,2026-08-06 18:55:00,519.5,73,"Cao tốc Quốc lộ 45-Nghi Sơn, Phường Trúc Lâm, Tỉnh Thanh Hóa",0.0,5.0,1,0,-3.2000000000000455,-0.6400000000000091,522.7,4.589880172697259,5.0,1,Moving,0,0,0,0,0,VALID,VALID
92H-07095,2026-08-06 19:00:00,517.0,76,"Cao tốc Quốc lộ 45-Nghi Sơn, Phường Trúc Lâm, Tỉnh Thanh Hóa",0.0,5.0,1,0,-2.5,-0.5,520.4,3.736977388174649,5.0,1,Moving,0,0,0,0,0,VALID,VALID
92H-07095,2026-08-06 19:05:00,517.2,69,"Cao tốc Quốc lộ 45-Nghi Sơn, Xã Công Chính, Tỉnh Thanh Hóa",0.0,5.0,1,0,0.20000000000004547,0.0400000000000091,519.5,2.37128657056357,5.0,1,Moving,0,0,0,0,0,VALID,VALID
92H-07095,2026-08-06 19:10:00,513.6,74,"Cao tốc Quốc lộ 45-Nghi Sơn, Xã Công Chính, Tỉnh Thanh Hóa",0.0,5.0,1,0,-3.6000000000000227,-0.7200000000000045,517.2,3.366749173867838,5.0,1,Moving,0,0,0,0,0,VALID,VALID
92H-07095,2026-08-06 19:15:00,512.3,63,"Cao tốc Quốc lộ 45-Nghi Sơn, Xã Nông Cống, Tỉnh Thanh Hóa",0.0,5.0,1,0,-1.3000000000000682,-0.26000000000001366,517.0,2.9201027378752697,5.0,1,Moving,0,0,0,0,0,VALID,VALID
92H-07095,2026-08-06 19:20:00,509.8,74,"Cao tốc Quốc lộ 45-Nghi Sơn, Xã Thắng Lợi, Tỉnh Thanh Hóa",0.0,5.0,1,0,-2.499999999999943,-0.4999999999999886,513.6,3.1594303283587646,5.0,1,Moving,0,0,0,0,0,VALID,VALID
92H-07095,2026-08-06 19:25:00,508.3,72,"Cao tốc Quốc lộ 45-Nghi Sơn, Xã Trung Chính, Tỉnh Thanh Hóa",0.0,5.0,1,0,-1.5,-0.3,512.3,3.4616470068103635,5.0,1,Moving,0,0,0,0,0,VALID,VALID
92H-07095,2026-08-06 19:30:00,504.5,58,"Cao tốc Mai Sơn - Quốc lộ 45, Xã Đồng Tiến, Tỉnh Thanh Hóa",0.0,5.0,1,0,-3.8000000000000114,-0.7600000000000022,509.8,3.5700140055422303,5.0,1,Moving,0,0,0,0,0,VALID,VALID
92H-07095,2026-08-06 19:35:00,503.5,64,"Cao tốc Mai Sơn - Quốc lộ 45, Phường Đông Sơn, Tỉnh Thanh Hóa",0.0,5.0,1,0,-1.0,-0.2,508.3,3.6676968249535524,5.0,1,Moving,0,0,0,0,0,VALID,VALID
92H-07095,2026-08-06 19:40:00,501.6,70,"Cao tốc Mai Sơn - Quốc lộ 45, Phường Đông Tiến, Tỉnh Thanh Hóa",0.0,5.0,1,0,-1.8999999999999773,-0.37999999999999545,504.5,3.4107183993671435,5.0,1,Moving,0,0,0,0,0,VALID,VALID
92H-07095,2026-08-06 19:45:00,500.7,59,"Cao tốc Mai Sơn - Quốc lộ 45, Xã Thiệu Quang, Tỉnh Thanh Hóa",0.0,5.0,1,0,-0.9000000000000341,-0.18000000000000682,503.5,2.9685013053370266,5.0,1,Moving,0,0,0,0,0,VALID,VALID
92H-07095,2026-08-06 19:50:00,497.8,66,"Cao tốc Mai Sơn - Quốc lộ 45, Xã Định Hòa, Tỉnh Thanh Hóa",0.0,5.0,1,0,-2.8999999999999773,-0.5799999999999954,501.6,2.6109385285361455,5.0,1,Moving,0,0,0,0,0,VALID,VALID
92H-07095,2026-08-06 19:55:00,496.2,75,"Cao tốc Mai Sơn - Quốc lộ 45, Xã Tống Sơn, Tỉnh Thanh Hóa",0.0,5.0,1,0,-1.6000000000000227,-0.32000000000000456,500.7,2.9398979573787773,5.0,1,Moving,0,0,0,0,0,VALID,VALID
92H-07095,2026-08-06 20:00:00,493.2,74,"Cao tốc Mai Sơn - Quốc lộ 45, Xã Tống Sơn, Tỉnh Thanh Hóa",0.0,5.0,1,0,-3.0,-0.6,497.8,3.4102785809676344,5.0,1,Moving,0,0,0,0,0,VALID,VALID
92H-07095,2026-08-06 20:05:00,490.1,74,"Cao tốc Mai Sơn - Quốc lộ 45, Xã Hà Long, Tỉnh Thanh Hóa",0.0,5.0,1,0,-3.099999999999966,-0.6199999999999932,496.2,4.099390198531227,5.0,1,Moving,0,0,0,0,0,VALID,VALID
92H-07095,2026-08-06 20:10:00,488.4,74,"Cao tốc Mai Sơn - Quốc lộ 45, Phường Tam Điệp, Tỉnh Ninh Bình",0.0,5.0,1,0,-1.7000000000000455,-0.3400000000000091,493.2,3.962070165938727,5.0,1,Moving,0,0,0,0,0,VALID,VALID
92H-07095,2026-08-06 20:15:00,486.6,73,"Cao tốc Mai Sơn - Quốc lộ 45, Phường Tam Điệp, Tỉnh Ninh Bình",0.0,5.0,1,0,-1.7999999999999545,-0.3599999999999909,490.1,3.8327535793249985,5.0,1,Moving,0,0,0,0,0,VALID,VALID
92H-07095,2026-08-06 20:20:00,484.3,65,"Cao tốc Cao Bồ - Mai Sơn, Phường Yên Thắng, Tỉnh Ninh Bình",0.0,5.0,1,0,-2.3000000000000114,-0.4600000000000023,488.4,3.387772129266648,5.0,1,Moving,0,0,0,0,0,VALID,VALID
92H-07095,2026-08-06 20:25:00,486.9,22,"Phường Đông Hoa Lư, Tỉnh Ninh Bình",0.0,5.0,1,0,2.599999999999966,0.5199999999999931,486.9,2.1617122842413186,5.0,1,Moving,0,0,0,0,0,VALID,VALID
92H-07095,2026-08-06 20:30:00,481.3,0,"Phường Đông Hoa Lư, Tỉnh Ninh Bình",0.0,5.0,1,0,-5.599999999999966,-1.1199999999999932,486.6,2.7685736399534724,5.0,1,Stopped,0,0,0,0,0,VALID,VALID
92H-07095,2026-08-06 20:35:00,481.2,0,"Phường Đông Hoa Lư, Tỉnh Ninh Bình",0.0,5.0,1,0,-0.10000000000002274,-0.02000000000000455,484.3,2.755539874480097,5.0,1,Stopped,0,0,0,0,0,VALID,VALID
92H-07095,2026-08-06 20:40:00,481.0,0,"Phường Đông Hoa Lư, Tỉnh Ninh Bình",0.0,5.0,1,0,-0.19999999999998863,-0.039999999999997725,481.3,2.598653497458489,5.0,1,Stopped,0,0,0,0,0,VALID,VALID
92H-07095,2026-08-06 20:45:00,481.0,0,"Phường Đông Hoa Lư, Tỉnh Ninh Bình",0.0,5.0,1,0,0.0,0.0,481.2,2.585923432713211,5.0,1,Stopped,0,0,0,0,0,VALID,VALID
92H-07095,2026-08-06 20:50:00,481.0,0,"Phường Đông Hoa Lư, Tỉnh Ninh Bình",0.0,5.0,1,0,0.0,0.0,481.0,0.14142135573862213,5.0,1,Stopped,0,0,0,0,0,VALID,VALID
92H-07095,2026-08-06 20:55:00,481.0,0,"Phường Đông Hoa Lư, Tỉnh Ninh Bình",0.0,5.0,1,0,0.0,0.0,481.0,0.08944271831251892,5.0,1,Stopped,0,0,0,0,0,VALID,VALID
92H-07095,2026-08-06 21:00:00,481.0,0,"Phường Đông Hoa Lư, Tỉnh Ninh Bình",0.0,5.0,1,0,0.0,0.0,481.0,0.0,5.0,1,Stopped,0,0,0,0,0,VALID,VALID
92H-07095,2026-08-06 21:05:00,481.0,0,"Phường Đông Hoa Lư, Tỉnh Ninh Bình",0.0,5.0,1,0,0.0,0.0,481.0,0.0,5.0,1,Stopped,0,0,0,0,0,VALID,VALID
92H-07095,2026-08-06 21:10:00,481.0,0,"Phường Đông Hoa Lư, Tỉnh Ninh Bình",0.0,5.0,1,0,0.0,0.0,481.0,0.0,5.0,1,Stopped,0,0,0,0,0,VALID,VALID
92H-07095,2026-08-06 21:15:00,481.0,0,"Phường Đông Hoa Lư, Tỉnh Ninh Bình",0.0,5.0,1,0,0.0,0.0,481.0,0.0,5.0,1,Stopped,0,0,0,0,0,VALID,VALID
92H-07095,2026-08-06 21:20:00,480.6,0,"Phường Đông Hoa Lư, Tỉnh Ninh Bình",0.0,5.0,1,0,-0.39999999999997726,-0.07999999999999545,481.0,0.17888543780728944,5.0,1,Stopped,0,0,0,0,0,VALID,VALID
92H-07095,2026-08-06 21:25:00,480.4,0,"Phường Đông Hoa Lư, Tỉnh Ninh Bình",0.0,5.0,1,0,-0.20000000000004547,-0.0400000000000091,481.0,0.28284271222693436,5.0,1,Stopped,0,0,0,0,0,VALID,VALID
92H-07095,2026-08-06 21:30:00,480.3,0,"Phường Đông Hoa Lư, Tỉnh Ninh Bình",0.0,5.0,1,0,-0.0999999999999659,-0.01999999999999318,480.6,0.3286335342906005,5.0,1,Stopped,0,0,0,0,0,VALID,VALID
92H-07095,2026-08-06 21:35:00,480.1,0,"Phường Đông Hoa Lư, Tỉnh Ninh Bình",0.0,5.0,1,0,-0.19999999999998863,-0.039999999999997725,480.4,0.34205262732640584,5.0,1,Stopped,0,0,0,0,0,VALID,VALID
92H-07095,2026-08-06 21:40:00,480.0,0,"Phường Đông Hoa Lư, Tỉnh Ninh Bình",0.0,5.0,1,0,-0.10000000000002274,-0.02000000000000455,480.3,0.23874672743628994,5.0,1,Stopped,0,0,0,0,0,VALID,VALID
92H-07095,2026-08-06 21:45:00,480.0,0,"Phường Đông Hoa Lư, Tỉnh Ninh Bình",0.0,5.0,1,0,0.0,0.0,480.1,0.18165902086578428,5.0,1,Stopped,0,0,0,0,0,VALID,VALID
92H-07095,2026-08-06 21:50:00,480.0,0,"Phường Đông Hoa Lư, Tỉnh Ninh Bình",0.0,5.0,1,0,0.0,0.0,480.0,0.1303840475755206,5.0,1,Stopped,0,0,0,0,0,VALID,VALID
92H-07095,2026-08-06 21:55:00,479.9,0,"Phường Đông Hoa Lư, Tỉnh Ninh Bình",0.0,5.0,1,0,-0.10000000000002274,-0.02000000000000455,480.0,0.07071067714592472,5.0,1,Stopped,0,0,0,0,0,VALID,VALID
92H-07095,2026-08-06 22:00:00,479.9,0,"Phường Đông Hoa Lư, Tỉnh Ninh Bình",0.0,5.0,1,0,0.0,0.0,480.0,0.05477225449590557,5.0,1,Stopped,0,0,0,0,0,VALID,VALID
92H-07095,2026-08-06 22:05:00,479.9,0,"Phường Đông Hoa Lư, Tỉnh Ninh Bình",0.0,5.0,1,0,0.0,0.0,479.9,0.054772254496504906,5.0,1,Stopped,0,0,0,0,0,VALID,VALID
92H-07095,2026-08-06 22:10:00,479.9,0,"Phường Đông Hoa Lư, Tỉnh Ninh Bình",0.0,5.0,1,0,0.0,0.0,479.9,0.04472135801489146,5.0,1,Stopped,0,0,0,0,0,VALID,VALID
92H-07095,2026-08-06 22:15:00,479.9,0,"Phường Đông Hoa Lư, Tỉnh Ninh Bình",0.0,5.0,1,0,0.0,0.0,479.9,0.0,5.0,1,Stopped,0,0,0,0,0,VALID,VALID
92H-07095,2026-08-06 22:19:00,479.9,0,"Phường Đông Hoa Lư, Tỉnh Ninh Bình",0.0,4.0,1,0,0.0,0.0,479.9,0.0,5.0,1,Stopped,0,0,0,0,0,VALID,VALID
92H-07095,2026-08-06 22:21:00,479.9,0,"Phường Đông Hoa Lư, Tỉnh Ninh Bình",0.0,2.0,1,0,0.0,0.0,479.9,0.0,5.0,1,Stopped,0,0,0,0,0,VALID,VALID
92H-07095,2026-08-06 22:23:00,479.9,0,"Phường Đông Hoa Lư, Tỉnh Ninh Bình",0.0,2.0,1,0,0.0,0.0,479.9,0.0,5.0,1,Stopped,0,0,0,0,0,VALID,VALID
92H-07095,2026-08-06 22:25:00,479.9,0,"Phường Đông Hoa Lư, Tỉnh Ninh Bình",0.0,2.0,1,0,0.0,0.0,479.9,0.0,5.0,1,Stopped,0,0,0,0,0,VALID,VALID
92H-07095,2026-08-06 22:26:00,479.9,0,"Phường Đông Hoa Lư, Tỉnh Ninh Bình",0.0,1.0,1,0,0.0,0.0,479.9,0.0,5.0,1,Stopped,0,0,0,0,0,VALID,VALID
92H-07095,2026-08-06 22:28:00,479.9,0,"Phường Đông Hoa Lư, Tỉnh Ninh Bình",0.0,2.0,1,0,0.0,0.0,479.9,0.0,5.0,1,Stopped,0,0,0,0,0,VALID,VALID
92H-07095,2026-08-06 22:30:00,480.0,0,"Phường Đông Hoa Lư, Tỉnh Ninh Bình",0.0,2.0,1,0,0.10000000000002274,0.05000000000001137,479.9,0.04472135801489146,5.0,1,Stopped,0,0,0,0,0,VALID,VALID
92H-07095,2026-08-06 22:32:00,480.0,0,"Phường Đông Hoa Lư, Tỉnh Ninh Bình",0.0,2.0,1,0,0.0,0.0,479.9,0.054772254496504906,5.0,1,Stopped,0,0,0,0,0,VALID,VALID
92H-07095,2026-08-06 22:34:00,480.0,0,"Phường Đông Hoa Lư, Tỉnh Ninh Bình",0.0,2.0,1,0,0.0,0.0,480.0,0.05477225449590557,5.0,1,Stopped,0,0,0,0,0,VALID,VALID
92H-07095,2026-08-06 22:36:00,480.0,0,"Phường Đông Hoa Lư, Tỉnh Ninh Bình",0.0,2.0,1,0,0.0,0.0,480.0,0.04472135801268935,5.0,1,Stopped,0,0,0,0,0,VALID,VALID
92H-07095,2026-08-06 22:38:00,480.0,0,"Phường Đông Hoa Lư, Tỉnh Ninh Bình",0.0,2.0,1,0,0.0,0.0,480.0,0.0,5.0,1,Stopped,0,0,0,0,0,VALID,VALID
92H-07095,2026-08-06 22:40:00,480.0,0,"Phường Đông Hoa Lư, Tỉnh Ninh Bình",0.0,2.0,1,0,0.0,0.0,480.0,0.0,5.0,1,Stopped,0,0,0,0,0,VALID,VALID
92H-07095,2026-08-06 22:42:00,480.0,0,"Phường Đông Hoa Lư, Tỉnh Ninh Bình",0.0,2.0,1,0,0.0,0.0,480.0,0.0,5.0,1,Stopped,0,0,0,0,0,VALID,VALID
92H-07095,2026-08-06 22:44:00,480.0,0,"Phường Đông Hoa Lư, Tỉnh Ninh Bình",0.0,2.0,1,0,0.0,0.0,480.0,0.0,5.0,1,Stopped,0,0,0,0,0,VALID,VALID
92H-07095,2026-08-06 22:46:00,480.0,0,"Phường Đông Hoa Lư, Tỉnh Ninh Bình",0.0,2.0,1,0,0.0,0.0,480.0,0.0,5.0,1,Stopped,0,0,0,0,0,VALID,VALID
92H-07095,2026-08-06 22:48:00,480.0,0,"Phường Đông Hoa Lư, Tỉnh Ninh Bình",0.0,2.0,1,0,0.0,0.0,480.0,0.0,5.0,1,Stopped,0,0,0,0,0,VALID,VALID
92H-07095,2026-08-06 22:50:00,480.0,0,"Phường Đông Hoa Lư, Tỉnh Ninh Bình",0.0,2.0,1,0,0.0,0.0,480.0,0.0,5.0,1,Stopped,0,0,0,0,0,VALID,VALID
92H-07095,2026-08-06 22:52:00,480.0,0,"Phường Đông Hoa Lư, Tỉnh Ninh Bình",0.0,2.0,1,0,0.0,0.0,480.0,0.0,5.0,1,Stopped,0,0,0,0,0,VALID,VALID
92H-07095,2026-08-06 22:54:00,480.0,0,"Phường Đông Hoa Lư, Tỉnh Ninh Bình",0.0,2.0,1,0,0.0,0.0,480.0,0.0,5.0,1,Stopped,0,0,0,0,0,VALID,VALID
92H-07095,2026-08-06 22:56:00,480.0,0,"Phường Đông Hoa Lư, Tỉnh Ninh Bình",0.0,2.0,1,0,0.0,0.0,480.0,0.0,5.0,1,Stopped,0,0,0,0,0,VALID,VALID
92H-07095,2026-08-06 22:58:00,480.0,0,"Phường Đông Hoa Lư, Tỉnh Ninh Bình",0.0,2.0,1,0,0.0,0.0,480.0,0.0,5.0,1,Stopped,0,0,0,0,0,VALID,VALID
92H-07095,2026-08-06 23:00:00,480.0,0,"Phường Đông Hoa Lư, Tỉnh Ninh Bình",0.0,2.0,1,0,0.0,0.0,480.0,0.0,5.0,1,Stopped,0,0,0,0,0,VALID,VALID
92H-07095,2026-08-06 23:02:00,480.0,0,"Phường Đông Hoa Lư, Tỉnh Ninh Bình",0.0,2.0,1,0,0.0,0.0,480.0,0.0,5.0,1,Stopped,0,0,0,0,0,VALID,VALID
92H-07095,2026-08-06 23:04:00,480.0,0,"Phường Đông Hoa Lư, Tỉnh Ninh Bình",0.0,2.0,1,0,0.0,0.0,480.0,0.0,5.0,1,Stopped,0,0,0,0,0,VALID,VALID
92H-07095,2026-08-06 23:06:00,480.0,0,"Phường Đông Hoa Lư, Tỉnh Ninh Bình",0.0,2.0,1,0,0.0,0.0,480.0,0.0,5.0,1,Stopped,0,0,0,0,0,VALID,VALID
92H-07095,2026-08-06 23:08:00,480.0,0,"Phường Đông Hoa Lư, Tỉnh Ninh Bình",0.0,2.0,1,0,0.0,0.0,480.0,0.0,5.0,1,Stopped,0,0,0,0,0,VALID,VALID
92H-07095,2026-08-06 23:10:00,480.0,0,"Phường Đông Hoa Lư, Tỉnh Ninh Bình",0.0,2.0,1,0,0.0,0.0,480.0,0.0,5.0,1,Stopped,0,0,0,0,0,VALID,VALID
92H-07095,2026-08-06 23:12:00,480.0,0,"Phường Đông Hoa Lư, Tỉnh Ninh Bình",0.0,2.0,1,0,0.0,0.0,480.0,0.0,5.0,1,Stopped,0,0,0,0,0,VALID,VALID
92H-07095,2026-08-06 23:14:00,480.0,0,"Phường Đông Hoa Lư, Tỉnh Ninh Bình",0.0,2.0,1,0,0.0,0.0,480.0,0.0,5.0,1,Stopped,0,0,0,0,0,VALID,VALID
92H-07095,2026-08-06 23:16:00,480.0,0,"Phường Đông Hoa Lư, Tỉnh Ninh Bình",0.0,2.0,1,0,0.0,0.0,480.0,0.0,5.0,1,Stopped,0,0,0,0,0,VALID,VALID
92H-07095,2026-08-06 23:18:00,480.0,0,"Phường Đông Hoa Lư, Tỉnh Ninh Bình",0.0,2.0,1,0,0.0,0.0,480.0,0.0,5.0,1,Stopped,0,0,0,0,0,VALID,VALID
92H-07095,2026-08-06 23:20:00,480.0,0,"Phường Đông Hoa Lư, Tỉnh Ninh Bình",0.0,2.0,1,0,0.0,0.0,480.0,0.0,5.0,1,Stopped,0,0,0,0,0,VALID,VALID
92H-07095,2026-08-06 23:22:00,480.0,0,"Phường Đông Hoa Lư, Tỉnh Ninh Bình",0.0,2.0,1,0,0.0,0.0,480.0,0.0,5.0,1,Stopped,0,0,0,0,0,VALID,VALID
92H-07095,2026-08-06 23:24:00,480.0,0,"Phường Đông Hoa Lư, Tỉnh Ninh Bình",0.0,2.0,1,0,0.0,0.0,480.0,0.0,5.0,1,Stopped,0,0,0,0,0,VALID,VALID
92H-07095,2026-08-06 23:26:00,480.0,0,"Phường Đông Hoa Lư, Tỉnh Ninh Bình",0.0,2.0,1,0,0.0,0.0,480.0,0.0,5.0,1,Stopped,0,0,0,0,0,VALID,VALID
92H-07095,2026-08-06 23:28:00,480.0,0,"Phường Đông Hoa Lư, Tỉnh Ninh Bình",0.0,2.0,1,0,0.0,0.0,480.0,0.0,5.0,1,Stopped,0,0,0,0,0,VALID,VALID
92H-07095,2026-08-06 23:30:00,480.0,0,"Phường Đông Hoa Lư, Tỉnh Ninh Bình",0.0,2.0,1,0,0.0,0.0,480.0,0.0,5.0,1,Stopped,0,0,0,0,0,VALID,VALID
92H-07095,2026-08-06 23:32:00,480.0,0,"Phường Đông Hoa Lư, Tỉnh Ninh Bình",0.0,2.0,1,0,0.0,0.0,480.0,0.0,5.0,1,Stopped,0,0,0,0,0,VALID,VALID
92H-07095,2026-08-06 23:34:00,480.0,0,"Phường Đông Hoa Lư, Tỉnh Ninh Bình",0.0,2.0,1,0,0.0,0.0,480.0,0.0,5.0,1,Stopped,0,0,0,0,0,VALID,VALID
92H-07095,2026-08-06 23:36:00,480.0,0,"Phường Đông Hoa Lư, Tỉnh Ninh Bình",0.0,2.0,1,0,0.0,0.0,480.0,0.0,5.0,1,Stopped,0,0,0,0,0,VALID,VALID
92H-07095,2026-08-06 23:38:00,480.0,0,"Phường Đông Hoa Lư, Tỉnh Ninh Bình",0.0,2.0,1,0,0.0,0.0,480.0,0.0,5.0,1,Stopped,0,0,0,0,0,VALID,VALID
92H-07095,2026-08-06 23:40:00,480.0,0,"Phường Đông Hoa Lư, Tỉnh Ninh Bình",0.0,2.0,1,0,0.0,0.0,480.0,0.0,5.0,1,Stopped,0,0,0,0,0,VALID,VALID
92H-07095,2026-08-06 23:42:00,480.0,0,"Phường Đông Hoa Lư, Tỉnh Ninh Bình",0.0,2.0,1,0,0.0,0.0,480.0,0.0,5.0,1,Stopped,0,0,0,0,0,VALID,VALID
92H-07095,2026-08-06 23:45:00,480.0,0,"Phường Đông Hoa Lư, Tỉnh Ninh Bình",0.0,3.0,1,0,0.0,0.0,480.0,0.0,5.0,1,Stopped,0,0,0,0,0,VALID,VALID
92H-07095,2026-08-06 23:47:00,480.0,0,"Phường Đông Hoa Lư, Tỉnh Ninh Bình",0.0,2.0,1,0,0.0,0.0,480.0,0.0,5.0,1,Stopped,0,0,0,0,0,VALID,VALID
92H-07095,2026-08-06 23:49:00,480.0,0,"Phường Đông Hoa Lư, Tỉnh Ninh Bình",0.0,2.0,1,0,0.0,0.0,480.0,0.0,5.0,1,Stopped,0,0,0,0,0,VALID,VALID
92H-07095,2026-08-06 23:51:00,480.0,0,"Phường Đông Hoa Lư, Tỉnh Ninh Bình",0.0,2.0,1,0,0.0,0.0,480.0,0.0,5.0,1,Stopped,0,0,0,0,0,VALID,VALID
92H-07095,2026-08-06 23:53:00,480.0,0,"Phường Đông Hoa Lư, Tỉnh Ninh Bình",0.0,2.0,1,0,0.0,0.0,480.0,0.0,5.0,1,Stopped,0,0,0,0,0,VALID,VALID
92H-07095,2026-08-06 23:55:00,480.0,0,"Phường Đông Hoa Lư, Tỉnh Ninh Bình",0.0,2.0,1,0,0.0,0.0,480.0,0.0,5.0,1,Stopped,0,0,0,0,0,VALID,VALID
92H-07095,2026-08-06 23:57:00,480.0,0,"Phường Đông Hoa Lư, Tỉnh Ninh Bình",0.0,2.0,1,0,0.0,0.0,480.0,0.0,5.0,1,Stopped,0,0,0,0,0,VALID,VALID
92H-07095,2026-08-06 23:59:00,480.0,0,"Phường Đông Hoa Lư, Tỉnh Ninh Bình",0.0,2.0,1,0,0.0,0.0,480.0,0.0,5.0,1,Stopped,0,0,0,0,0,VALID,VALID
92H-07095,2026-08-07 00:00:00,480.0,0,"Phường Đông Hoa Lư, Tỉnh Ninh Bình",0.0,1.0,1,0,0.0,0.0,480.0,0.0,5.0,1,Stopped,0,0,0,0,0,VALID,VALID
92H-07095,2026-08-07 00:02:00,480.0,0,"Phường Đông Hoa Lư, Tỉnh Ninh Bình",0.0,2.0,1,0,0.0,0.0,480.0,0.0,5.0,1,Stopped,0,0,0,0,0,VALID,VALID
92H-07095,2026-08-07 00:04:00,480.0,0,"Phường Đông Hoa Lư, Tỉnh Ninh Bình",0.0,2.0,1,0,0.0,0.0,480.0,0.0,5.0,1,Stopped,0,0,0,0,0,VALID,VALID
92H-07095,2026-08-07 00:06:00,480.0,0,"Phường Đông Hoa Lư, Tỉnh Ninh Bình",0.0,2.0,1,0,0.0,0.0,480.0,0.0,5.0,1,Stopped,0,0,0,0,0,VALID,VALID
92H-07095,2026-08-07 00:08:00,480.0,0,"Phường Đông Hoa Lư, Tỉnh Ninh Bình",0.0,2.0,1,0,0.0,0.0,480.0,0.0,5.0,1,Stopped,0,0,0,0,0,VALID,VALID
92H-07095,2026-08-07 00:10:00,480.0,0,"Phường Đông Hoa Lư, Tỉnh Ninh Bình",0.0,2.0,1,0,0.0,0.0,480.0,0.0,5.0,1,Stopped,0,0,0,0,0,VALID,VALID
92H-07095,2026-08-07 00:12:00,480.0,0,"Phường Đông Hoa Lư, Tỉnh Ninh Bình",0.0,2.0,1,0,0.0,0.0,480.0,0.0,5.0,1,Stopped,0,0,0,0,0,VALID,VALID
92H-07095,2026-08-07 00:14:00,480.0,0,"Phường Đông Hoa Lư, Tỉnh Ninh Bình",0.0,2.0,1,0,0.0,0.0,480.0,0.0,5.0,1,Stopped,0,0,0,0,0,VALID,VALID
92H-07095,2026-08-07 00:16:00,480.0,0,"Phường Đông Hoa Lư, Tỉnh Ninh Bình",0.0,2.0,1,0,0.0,0.0,480.0,0.0,5.0,1,Stopped,0,0,0,0,0,VALID,VALID
92H-07095,2026-08-07 00:18:00,480.0,0,"Phường Đông Hoa Lư, Tỉnh Ninh Bình",0.0,2.0,1,0,0.0,0.0,480.0,0.0,5.0,1,Stopped,0,0,0,0,0,VALID,VALID
92H-07095,2026-08-07 00:20:00,480.0,0,"Phường Đông Hoa Lư, Tỉnh Ninh Bình",0.0,2.0,1,0,0.0,0.0,480.0,0.0,5.0,1,Stopped,0,0,0,0,0,VALID,VALID
92H-07095,2026-08-07 00:22:00,480.0,0,"Phường Đông Hoa Lư, Tỉnh Ninh Bình",0.0,2.0,1,0,0.0,0.0,480.0,0.0,5.0,1,Stopped,0,0,0,0,0,VALID,VALID
92H-07095,2026-08-07 00:24:00,480.0,0,"Phường Đông Hoa Lư, Tỉnh Ninh Bình",0.0,2.0,1,0,0.0,0.0,480.0,0.0,5.0,1,Stopped,0,0,0,0,0,VALID,VALID
92H-07095,2026-08-07 00:26:00,480.0,0,"Phường Đông Hoa Lư, Tỉnh Ninh Bình",0.0,2.0,1,0,0.0,0.0,480.0,0.0,5.0,1,Stopped,0,0,0,0,0,VALID,VALID
92H-07095,2026-08-07 00:28:00,480.0,0,"Phường Đông Hoa Lư, Tỉnh Ninh Bình",0.0,2.0,1,0,0.0,0.0,480.0,0.0,5.0,1,Stopped,0,0,0,0,0,VALID,VALID
92H-07095,2026-08-07 00:30:00,480.0,0,"Phường Đông Hoa Lư, Tỉnh Ninh Bình",0.0,2.0,1,0,0.0,0.0,480.0,0.0,5.0,1,Stopped,0,0,0,0,0,VALID,VALID
92H-07095,2026-08-07 00:32:00,480.0,0,"Phường Đông Hoa Lư, Tỉnh Ninh Bình",0.0,2.0,1,0,0.0,0.0,480.0,0.0,5.0,1,Stopped,0,0,0,0,0,VALID,VALID
92H-07095,2026-08-07 00:34:00,480.0,0,"Phường Đông Hoa Lư, Tỉnh Ninh Bình",0.0,2.0,1,0,0.0,0.0,480.0,0.0,5.0,1,Stopped,0,0,0,0,0,VALID,VALID
92H-07095,2026-08-07 00:36:00,480.0,0,"Phường Đông Hoa Lư, Tỉnh Ninh Bình",0.0,2.0,1,0,0.0,0.0,480.0,0.0,5.0,1,Stopped,0,0,0,0,0,VALID,VALID
92H-07095,2026-08-07 00:38:00,480.0,0,"Phường Đông Hoa Lư, Tỉnh Ninh Bình",0.0,2.0,1,0,0.0,0.0,480.0,0.0,5.0,1,Stopped,0,0,0,0,0,VALID,VALID
92H-07095,2026-08-07 00:40:00,480.0,0,"Phường Đông Hoa Lư, Tỉnh Ninh Bình",0.0,2.0,1,0,0.0,0.0,480.0,0.0,5.0,1,Stopped,0,0,0,0,0,VALID,VALID
92H-07095,2026-08-07 00:42:00,480.0,0,"Phường Đông Hoa Lư, Tỉnh Ninh Bình",0.0,2.0,1,0,0.0,0.0,480.0,0.0,5.0,1,Stopped,0,0,0,0,0,VALID,VALID
92H-07095,2026-08-07 00:44:00,480.0,0,"Phường Đông Hoa Lư, Tỉnh Ninh Bình",0.0,2.0,1,0,0.0,0.0,480.0,0.0,5.0,1,Stopped,0,0,0,0,0,VALID,VALID
92H-07095,2026-08-07 00:47:00,480.0,0,"Phường Đông Hoa Lư, Tỉnh Ninh Bình",0.0,3.0,1,0,0.0,0.0,480.0,0.0,5.0,1,Stopped,0,0,0,0,0,VALID,VALID
92H-07095,2026-08-07 00:49:00,480.0,0,"Phường Đông Hoa Lư, Tỉnh Ninh Bình",0.0,2.0,1,0,0.0,0.0,480.0,0.0,5.0,1,Stopped,0,0,0,0,0,VALID,VALID
92H-07095,2026-08-07 00:51:00,480.0,0,"Phường Đông Hoa Lư, Tỉnh Ninh Bình",0.0,2.0,1,0,0.0,0.0,480.0,0.0,5.0,1,Stopped,0,0,0,0,0,VALID,VALID
92H-07095,2026-08-07 00:53:00,480.0,0,"Phường Đông Hoa Lư, Tỉnh Ninh Bình",0.0,2.0,1,0,0.0,0.0,480.0,0.0,5.0,1,Stopped,0,0,0,0,0,VALID,VALID
92H-07095,2026-08-07 00:55:00,480.0,0,"Phường Đông Hoa Lư, Tỉnh Ninh Bình",0.0,2.0,1,0,0.0,0.0,480.0,0.0,5.0,1,Stopped,0,0,0,0,0,VALID,VALID
92H-07095,2026-08-07 00:57:00,480.0,0,"Phường Đông Hoa Lư, Tỉnh Ninh Bình",0.0,2.0,1,0,0.0,0.0,480.0,0.0,5.0,1,Stopped,0,0,0,0,0,VALID,VALID
92H-07095,2026-08-07 00:59:00,480.0,0,"Phường Đông Hoa Lư, Tỉnh Ninh Bình",0.0,2.0,1,0,0.0,0.0,480.0,0.0,5.0,1,Stopped,0,0,0,0,0,VALID,VALID
92H-07095,2026-08-07 01:01:00,480.0,0,"Phường Đông Hoa Lư, Tỉnh Ninh Bình",0.0,2.0,1,0,0.0,0.0,480.0,0.0,5.0,1,Stopped,0,0,0,0,0,VALID,VALID
92H-07095,2026-08-07 01:03:00,479.9,0,"Phường Đông Hoa Lư, Tỉnh Ninh Bình",0.0,2.0,1,0,-0.10000000000002274,-0.05000000000001137,480.0,0.04472135801268935,5.0,1,Stopped,0,0,0,0,0,VALID,VALID
92H-07095,2026-08-07 01:05:00,479.9,0,"Phường Đông Hoa Lư, Tỉnh Ninh Bình",0.0,2.0,1,0,0.0,0.0,480.0,0.05477225449590557,5.0,1,Stopped,0,0,0,0,0,VALID,VALID
92H-07095,2026-08-07 01:07:00,479.9,0,"Phường Đông Hoa Lư, Tỉnh Ninh Bình",0.0,2.0,1,0,0.0,0.0,479.9,0.054772254496504906,5.0,1,Stopped,0,0,0,0,0,VALID,VALID
92H-07095,2026-08-07 01:09:00,479.9,0,"Phường Đông Hoa Lư, Tỉnh Ninh Bình",0.0,2.0,1,0,0.0,0.0,479.9,0.04472135801489146,5.0,1,Stopped,0,0,0,0,0,VALID,VALID
92H-07095,2026-08-07 01:11:00,479.9,0,"Phường Đông Hoa Lư, Tỉnh Ninh Bình",0.0,2.0,1,0,0.0,0.0,479.9,0.0,5.0,1,Stopped,0,0,0,0,0,VALID,VALID
92H-07095,2026-08-07 01:13:00,479.9,0,"Phường Đông Hoa Lư, Tỉnh Ninh Bình",0.0,2.0,1,0,0.0,0.0,479.9,0.0,5.0,1,Stopped,0,0,0,0,0,VALID,VALID
92H-07095,2026-08-07 01:15:00,479.9,0,"Phường Đông Hoa Lư, Tỉnh Ninh Bình",0.0,2.0,1,0,0.0,0.0,479.9,0.0,5.0,1,Stopped,0,0,0,0,0,VALID,VALID
92H-07095,2026-08-07 01:17:00,479.9,0,"Phường Đông Hoa Lư, Tỉnh Ninh Bình",0.0,2.0,1,0,0.0,0.0,479.9,0.0,5.0,1,Stopped,0,0,0,0,0,VALID,VALID
92H-07095,2026-08-07 01:19:00,479.9,0,"Phường Đông Hoa Lư, Tỉnh Ninh Bình",0.0,2.0,1,0,0.0,0.0,479.9,0.0,5.0,1,Stopped,0,0,0,0,0,VALID,VALID
92H-07095,2026-08-07 01:21:00,479.9,0,"Phường Đông Hoa Lư, Tỉnh Ninh Bình",0.0,2.0,1,0,0.0,0.0,479.9,0.0,5.0,1,Stopped,0,0,0,0,0,VALID,VALID
92H-07095,2026-08-07 01:23:00,479.9,0,"Phường Đông Hoa Lư, Tỉnh Ninh Bình",0.0,2.0,1,0,0.0,0.0,479.9,0.0,5.0,1,Stopped,0,0,0,0,0,VALID,VALID
92H-07095,2026-08-07 01:25:00,479.9,0,"Phường Đông Hoa Lư, Tỉnh Ninh Bình",0.0,2.0,1,0,0.0,0.0,479.9,0.0,5.0,1,Stopped,0,0,0,0,0,VALID,VALID
92H-07095,2026-08-07 01:27:00,479.9,0,"Phường Đông Hoa Lư, Tỉnh Ninh Bình",0.0,2.0,1,0,0.0,0.0,479.9,0.0,5.0,1,Stopped,0,0,0,0,0,VALID,VALID
92H-07095,2026-08-07 01:29:00,479.9,0,"Phường Đông Hoa Lư, Tỉnh Ninh Bình",0.0,2.0,1,0,0.0,0.0,479.9,0.0,5.0,1,Stopped,0,0,0,0,0,VALID,VALID
92H-07095,2026-08-07 01:31:00,479.9,0,"Phường Đông Hoa Lư, Tỉnh Ninh Bình",0.0,2.0,1,0,0.0,0.0,479.9,0.0,5.0,1,Stopped,0,0,0,0,0,VALID,VALID
92H-07095,2026-08-07 01:33:00,479.9,0,"Phường Đông Hoa Lư, Tỉnh Ninh Bình",0.0,2.0,1,0,0.0,0.0,479.9,0.0,5.0,1,Stopped,0,0,0,0,0,VALID,VALID
92H-07095,2026-08-07 01:35:00,479.9,0,"Phường Đông Hoa Lư, Tỉnh Ninh Bình",0.0,2.0,1,0,0.0,0.0,479.9,0.0,5.0,1,Stopped,0,0,0,0,0,VALID,VALID
92H-07095,2026-08-07 01:37:00,479.9,0,"Phường Đông Hoa Lư, Tỉnh Ninh Bình",0.0,2.0,1,0,0.0,0.0,479.9,0.0,5.0,1,Stopped,0,0,0,0,0,VALID,VALID
92H-07095,2026-08-07 01:39:00,479.9,0,"Phường Đông Hoa Lư, Tỉnh Ninh Bình",0.0,2.0,1,0,0.0,0.0,479.9,0.0,5.0,1,Stopped,0,0,0,0,0,VALID,VALID
92H-07095,2026-08-07 01:41:00,479.9,0,"Phường Đông Hoa Lư, Tỉnh Ninh Bình",0.0,2.0,1,0,0.0,0.0,479.9,0.0,5.0,1,Stopped,0,0,0,0,0,VALID,VALID
92H-07095,2026-08-07 01:43:00,479.9,0,"Phường Đông Hoa Lư, Tỉnh Ninh Bình",0.0,2.0,1,0,0.0,0.0,479.9,0.0,5.0,1,Stopped,0,0,0,0,0,VALID,VALID
92H-07095,2026-08-07 01:45:00,479.9,0,"Phường Đông Hoa Lư, Tỉnh Ninh Bình",0.0,2.0,1,0,0.0,0.0,479.9,0.0,5.0,1,Stopped,0,0,0,0,0,VALID,VALID
92H-07095,2026-08-07 01:47:00,479.9,0,"Phường Đông Hoa Lư, Tỉnh Ninh Bình",0.0,2.0,1,0,0.0,0.0,479.9,0.0,5.0,1,Stopped,0,0,0,0,0,VALID,VALID
92H-07095,2026-08-07 01:49:00,479.9,0,"Phường Đông Hoa Lư, Tỉnh Ninh Bình",0.0,2.0,1,0,0.0,0.0,479.9,0.0,5.0,1,Stopped,0,0,0,0,0,VALID,VALID
92H-07095,2026-08-07 01:51:00,479.9,0,"Phường Đông Hoa Lư, Tỉnh Ninh Bình",0.0,2.0,1,0,0.0,0.0,479.9,0.0,5.0,1,Stopped,0,0,0,0,0,VALID,VALID
92H-07095,2026-08-07 01:53:00,479.9,0,"Phường Đông Hoa Lư, Tỉnh Ninh Bình",0.0,2.0,1,0,0.0,0.0,479.9,0.0,5.0,1,Stopped,0,0,0,0,0,VALID,VALID
92H-07095,2026-08-07 01:55:00,479.9,0,"Phường Đông Hoa Lư, Tỉnh Ninh Bình",0.0,2.0,1,0,0.0,0.0,479.9,0.0,5.0,1,Stopped,0,0,0,0,0,VALID,VALID
92H-07095,2026-08-07 01:57:00,479.9,0,"Phường Đông Hoa Lư, Tỉnh Ninh Bình",0.0,2.0,1,0,0.0,0.0,479.9,0.0,5.0,1,Stopped,0,0,0,0,0,VALID,VALID
92H-07095,2026-08-07 01:59:00,479.9,0,"Phường Đông Hoa Lư, Tỉnh Ninh Bình",0.0,2.0,1,0,0.0,0.0,479.9,0.0,5.0,1,Stopped,0,0,0,0,0,VALID,VALID
92H-07095,2026-08-07 02:01:00,479.9,0,"Phường Đông Hoa Lư, Tỉnh Ninh Bình",0.0,2.0,1,0,0.0,0.0,479.9,0.0,5.0,1,Stopped,0,0,0,0,0,VALID,VALID
92H-07095,2026-08-07 02:03:00,479.9,0,"Phường Đông Hoa Lư, Tỉnh Ninh Bình",0.0,2.0,1,0,0.0,0.0,479.9,0.0,5.0,1,Stopped,0,0,0,0,0,VALID,VALID
92H-07095,2026-08-07 02:05:00,479.9,0,"Phường Đông Hoa Lư, Tỉnh Ninh Bình",0.0,2.0,1,0,0.0,0.0,479.9,0.0,5.0,1,Stopped,0,0,0,0,0,VALID,VALID
92H-07095,2026-08-07 02:07:00,480.0,0,"Phường Đông Hoa Lư, Tỉnh Ninh Bình",0.0,2.0,1,0,0.10000000000002274,0.05000000000001137,479.9,0.04472135801489146,5.0,1,Stopped,0,0,0,0,0,VALID,VALID
92H-07095,2026-08-07 02:09:00,480.0,0,"Phường Đông Hoa Lư, Tỉnh Ninh Bình",0.0,2.0,1,0,0.0,0.0,479.9,0.054772254496504906,5.0,1,Stopped,0,0,0,0,0,VALID,VALID
92H-07095,2026-08-07 02:11:00,480.0,0,"Phường Đông Hoa Lư, Tỉnh Ninh Bình",0.0,2.0,1,0,0.0,0.0,480.0,0.05477225449590557,5.0,1,Stopped,0,0,0,0,0,VALID,VALID
92H-07095,2026-08-07 02:13:00,480.0,0,"Phường Đông Hoa Lư, Tỉnh Ninh Bình",0.0,2.0,1,0,0.0,0.0,480.0,0.04472135801268935,5.0,1,Stopped,0,0,0,0,0,VALID,VALID
92H-07095,2026-08-07 02:15:00,480.0,0,"Phường Đông Hoa Lư, Tỉnh Ninh Bình",0.0,2.0,1,0,0.0,0.0,480.0,0.0,5.0,1,Stopped,0,0,0,0,0,VALID,VALID
92H-07095,2026-08-07 02:17:00,480.0,0,"Phường Đông Hoa Lư, Tỉnh Ninh Bình",0.0,2.0,1,0,0.0,0.0,480.0,0.0,5.0,1,Stopped,0,0,0,0,0,VALID,VALID
92H-07095,2026-08-07 02:19:00,480.0,0,"Phường Đông Hoa Lư, Tỉnh Ninh Bình",0.0,2.0,1,0,0.0,0.0,480.0,0.0,5.0,1,Stopped,0,0,0,0,0,VALID,VALID
92H-07095,2026-08-07 02:21:00,480.0,0,"Phường Đông Hoa Lư, Tỉnh Ninh Bình",0.0,2.0,1,0,0.0,0.0,480.0,0.0,5.0,1,Stopped,0,0,0,0,0,VALID,VALID
92H-07095,2026-08-07 02:23:00,480.0,0,"Phường Đông Hoa Lư, Tỉnh Ninh Bình",0.0,2.0,1,0,0.0,0.0,480.0,0.0,5.0,1,Stopped,0,0,0,0,0,VALID,VALID
92H-07095,2026-08-07 02:25:00,480.0,0,"Phường Đông Hoa Lư, Tỉnh Ninh Bình",0.0,2.0,1,0,0.0,0.0,480.0,0.0,5.0,1,Stopped,0,0,0,0,0,VALID,VALID
92H-07095,2026-08-07 02:27:00,480.0,0,"Phường Đông Hoa Lư, Tỉnh Ninh Bình",0.0,2.0,1,0,0.0,0.0,480.0,0.0,5.0,1,Stopped,0,0,0,0,0,VALID,VALID
92H-07095,2026-08-07 02:29:00,480.0,0,"Phường Đông Hoa Lư, Tỉnh Ninh Bình",0.0,2.0,1,0,0.0,0.0,480.0,0.0,5.0,1,Stopped,0,0,0,0,0,VALID,VALID
92H-07095,2026-08-07 02:31:00,480.0,0,"Phường Đông Hoa Lư, Tỉnh Ninh Bình",0.0,2.0,1,0,0.0,0.0,480.0,0.0,5.0,1,Stopped,0,0,0,0,0,VALID,VALID
92H-07095,2026-08-07 02:33:00,480.0,0,"Phường Đông Hoa Lư, Tỉnh Ninh Bình",0.0,2.0,1,0,0.0,0.0,480.0,0.0,5.0,1,Stopped,0,0,0,0,0,VALID,VALID
92H-07095,2026-08-07 02:35:00,480.0,0,"Phường Đông Hoa Lư, Tỉnh Ninh Bình",0.0,2.0,1,0,0.0,0.0,480.0,0.0,5.0,1,Stopped,0,0,0,0,0,VALID,VALID
92H-07095,2026-08-07 02:37:00,480.0,0,"Phường Đông Hoa Lư, Tỉnh Ninh Bình",0.0,2.0,1,0,0.0,0.0,480.0,0.0,5.0,1,Stopped,0,0,0,0,0,VALID,VALID
92H-07095,2026-08-07 02:39:00,480.0,0,"Phường Đông Hoa Lư, Tỉnh Ninh Bình",0.0,2.0,1,0,0.0,0.0,480.0,0.0,5.0,1,Stopped,0,0,0,0,0,VALID,VALID
92H-07095,2026-08-07 02:41:00,480.0,0,"Phường Đông Hoa Lư, Tỉnh Ninh Bình",0.0,2.0,1,0,0.0,0.0,480.0,0.0,5.0,1,Stopped,0,0,0,0,0,VALID,VALID
92H-07095,2026-08-07 02:43:00,480.0,0,"Phường Đông Hoa Lư, Tỉnh Ninh Bình",0.0,2.0,1,0,0.0,0.0,480.0,0.0,5.0,1,Stopped,0,0,0,0,0,VALID,VALID
92H-07095,2026-08-07 02:45:00,480.0,0,"Phường Đông Hoa Lư, Tỉnh Ninh Bình",0.0,2.0,1,0,0.0,0.0,480.0,0.0,5.0,1,Stopped,0,0,0,0,0,VALID,VALID
92H-07095,2026-08-07 02:47:00,480.0,0,"Phường Đông Hoa Lư, Tỉnh Ninh Bình",0.0,2.0,1,0,0.0,0.0,480.0,0.0,5.0,1,Stopped,0,0,0,0,0,VALID,VALID
92H-07095,2026-08-07 02:49:00,480.0,0,"Phường Đông Hoa Lư, Tỉnh Ninh Bình",0.0,2.0,1,0,0.0,0.0,480.0,0.0,5.0,1,Stopped,0,0,0,0,0,VALID,VALID
92H-07095,2026-08-07 02:51:00,480.0,0,"Phường Đông Hoa Lư, Tỉnh Ninh Bình",0.0,2.0,1,0,0.0,0.0,480.0,0.0,5.0,1,Stopped,0,0,0,0,0,VALID,VALID
92H-07095,2026-08-07 02:53:00,480.0,0,"Phường Đông Hoa Lư, Tỉnh Ninh Bình",0.0,2.0,1,0,0.0,0.0,480.0,0.0,5.0,1,Stopped,0,0,0,0,0,VALID,VALID
92H-07095,2026-08-07 02:55:00,480.0,0,"Phường Đông Hoa Lư, Tỉnh Ninh Bình",0.0,2.0,1,0,0.0,0.0,480.0,0.0,5.0,1,Stopped,0,0,0,0,0,VALID,VALID
92H-07095,2026-08-07 02:57:00,480.0,0,"Phường Đông Hoa Lư, Tỉnh Ninh Bình",0.0,2.0,1,0,0.0,0.0,480.0,0.0,5.0,1,Stopped,0,0,0,0,0,VALID,VALID
92H-07095,2026-08-07 02:59:00,480.0,0,"Phường Đông Hoa Lư, Tỉnh Ninh Bình",0.0,2.0,1,0,0.0,0.0,480.0,0.0,5.0,1,Stopped,0,0,0,0,0,VALID,VALID
92H-07095,2026-08-07 03:01:00,480.0,0,"Phường Đông Hoa Lư, Tỉnh Ninh Bình",0.0,2.0,1,0,0.0,0.0,480.0,0.0,5.0,1,Stopped,0,0,0,0,0,VALID,VALID
92H-07095,2026-08-07 03:02:00,480.0,0,"Phường Đông Hoa Lư, Tỉnh Ninh Bình",0.0,1.0,1,0,0.0,0.0,480.0,0.0,5.0,1,Stopped,0,0,0,0,0,VALID,VALID
92H-07095,2026-08-07 03:04:00,480.0,0,"Phường Đông Hoa Lư, Tỉnh Ninh Bình",0.0,2.0,1,0,0.0,0.0,480.0,0.0,5.0,1,Stopped,0,0,0,0,0,VALID,VALID
92H-07095,2026-08-07 03:06:00,479.9,0,"Phường Đông Hoa Lư, Tỉnh Ninh Bình",0.0,2.0,1,0,-0.10000000000002274,-0.05000000000001137,480.0,0.04472135801268935,5.0,1,Stopped,0,0,0,0,0,VALID,VALID
92H-07095,2026-08-07 03:09:00,479.1,0,"Phường Đông Hoa Lư, Tỉnh Ninh Bình",0.0,3.0,1,0,-0.7999999999999545,-0.2666666666666515,480.0,0.3937003935266984,5.0,1,Stopped,0,0,0,0,0,VALID,VALID
92H-07095,2026-08-07 03:11:00,479.1,0,"Phường Đông Hoa Lư, Tỉnh Ninh Bình",0.0,2.0,1,0,0.0,0.0,479.9,0.47644516983978635,5.0,1,Stopped,0,0,0,0,0,VALID,VALID
92H-07095,2026-08-07 03:13:00,479.1,0,"Phường Đông Hoa Lư, Tỉnh Ninh Bình",0.0,2.0,1,0,0.0,0.0,479.1,0.4669047010517731,5.0,1,Stopped,0,0,0,0,0,VALID,VALID
92H-07095,2026-08-07 03:16:00,479.1,0,"Phường Đông Hoa Lư, Tỉnh Ninh Bình",0.0,3.0,1,0,0.0,0.0,479.1,0.3577708762110724,5.0,1,Stopped,0,0,0,0,0,VALID,VALID
92H-07095,2026-08-07 03:18:00,478.7,0,"Phường Đông Hoa Lư, Tỉnh Ninh Bình",0.0,2.0,1,0,-0.4000000000000341,-0.20000000000001705,479.1,0.1788854378245327,5.0,1,Stopped,0,0,0,0,0,VALID,VALID
92H-07095,2026-08-07 03:20:00,478.2,55,"Cao tốc Cao Bồ - Mai Sơn, Phường Đông Hoa Lư, Tỉnh Ninh Bình",0.0,2.0,1,0,-0.5,-0.25,479.1,0.3974921381188681,5.0,1,Moving,0,0,0,0,0,VALID,VALID
92H-07095,2026-08-07 03:22:00,477.5,60,"Cao tốc Cao Bồ - Mai Sơn, Phường Đông Hoa Lư, Tỉnh Ninh Bình",0.0,2.0,1,0,-0.6999999999999886,-0.3499999999999943,478.7,0.679705818621132,5.0,1,Moving,0,0,0,0,0,VALID,VALID
92H-07095,2026-08-07 03:24:00,475.6,48,"Cao tốc Cầu Giẽ - Ninh Bình, Phường Đông Hoa Lư, Tỉnh Ninh Bình",0.0,2.0,1,0,-1.8999999999999773,-0.9499999999999886,478.2,1.3773162308888458,5.0,1,Moving,0,0,0,0,0,VALID,VALID
92H-07095,2026-08-07 03:26:00,478.4,58,"Cao tốc Cầu Giẽ - Ninh Bình, Xã Yên Đồng, Tỉnh Ninh Bình",0.0,2.0,1,0,2.7999999999999545,1.3999999999999773,478.2,1.2437845472067588,5.0,1,Moving,0,0,0,0,0,VALID,VALID
92H-07095,2026-08-07 03:28:00,476.2,57,"Cao tốc Cầu Giẽ - Ninh Bình, Xã Ý Yên, Tỉnh Ninh Bình",0.0,2.0,1,0,-2.1999999999999886,-1.0999999999999943,477.5,1.2336936410114603,5.0,1,Moving,0,0,0,0,0,VALID,VALID
92H-07095,2026-08-07 03:30:00,477.4,53,"Cao tốc Cầu Giẽ - Ninh Bình, Xã Ý Yên, Tỉnh Ninh Bình",0.0,2.0,1,0,1.1999999999999886,0.5999999999999943,477.4,1.114450537203284,5.0,1,Moving,0,0,0,0,0,VALID,VALID
92H-07095,2026-08-07 03:32:00,474.9,61,"Cao tốc Cầu Giẽ - Ninh Bình, Xã Ý Yên, Tỉnh Ninh Bình",0.0,2.0,1,0,-2.5,-1.25,476.2,1.4035668847171145,5.0,1,Moving,0,0,0,0,0,VALID,VALID
92H-07095,2026-08-07 03:34:00,474.3,60,"Cao tốc Cầu Giẽ - Ninh Bình, Xã Ý Yên, Tỉnh Ninh Bình",0.0,2.0,1,0,-0.5999999999999659,-0.29999999999998295,476.2,1.700882124038995,5.0,1,Moving,0,0,0,0,0,VALID,VALID
92H-07095,2026-08-07 03:36:00,472.9,58,"Cao tốc Cầu Giẽ - Ninh Bình, Xã Phong Doanh, Tỉnh Ninh Bình",0.0,2.0,1,0,-1.400000000000034,-0.700000000000017,474.9,1.7329166165396699,5.0,1,Moving,0,0,0,0,0,VALID,VALID
92H-07095,2026-08-07 03:38:00,472.4,57,"Cao tốc Cầu Giẽ - Ninh Bình, Xã Phong Doanh, Tỉnh Ninh Bình",0.0,2.0,1,0,-0.5,-0.25,474.3,1.9690099034494497,5.0,1,Moving,0,0,0,0,0,VALID,VALID
92H-07095,2026-08-07 03:40:00,471.9,59,"Cao tốc Cầu Giẽ - Ninh Bình, Xã Tân Minh, Tỉnh Ninh Bình",0.0,2.0,1,0,-0.5,-0.25,472.9,1.2735776379498598,5.0,1,Moving,0,0,0,0,0,VALID,VALID
92H-07095,2026-08-07 03:42:00,470.7,65,"Cao tốc Cầu Giẽ - Ninh Bình, Xã Tân Minh, Tỉnh Ninh Bình",0.0,2.0,1,0,-1.1999999999999886,-0.5999999999999943,472.4,1.3221195104410695,5.0,1,Moving,0,0,0,0,0,VALID,VALID
92H-07095,2026-08-07 03:44:00,470.3,67,"Cao tốc Cầu Giẽ - Ninh Bình, Xã Tân Minh, Tỉnh Ninh Bình",0.0,2.0,1,0,-0.39999999999997726,-0.19999999999998863,471.9,1.108151614126765,5.0,1,Moving,0,0,0,0,0,VALID,VALID
92H-07095,2026-08-07 03:46:00,470.2,56,"Cao tốc Cầu Giẽ - Ninh Bình, Xã Thanh Bình, Tỉnh Ninh Bình",0.0,2.0,1,0,-0.10000000000002274,-0.05000000000001137,470.7,0.9924716620103903,5.0,1,Moving,0,0,0,0,0,VALID,VALID
92H-07095,2026-08-07 03:48:00,469.4,65,"Cao tốc Cầu Giẽ - Ninh Bình, Xã Thanh Bình, Tỉnh Ninh Bình",0.0,2.0,1,0,-0.8000000000000114,-0.4000000000000057,470.3,0.9137833440678228,5.0,1,Moving,0,0,0,0,0,VALID,VALID
92H-07095,2026-08-07 03:50:00,468.1,66,"Cao tốc Cầu Giẽ - Ninh Bình, Xã Thanh Bình, Tỉnh Ninh Bình",0.0,2.0,1,0,-1.2999999999999545,-0.6499999999999773,470.2,1.0310189134532641,5.0,1,Moving,0,0,0,0,0,VALID,VALID
92H-07095,2026-08-07 03:52:00,466.9,64,"Cao tốc Cầu Giẽ - Ninh Bình, Xã Liêm Hà, Tỉnh Ninh Bình",0.0,2.0,1,0,-1.2000000000000455,-0.6000000000000227,469.4,1.4584238066834307,5.0,1,Moving,0,0,0,0,0,VALID,VALID
92H-07095,2026-08-07 03:54:00,466.8,62,"Cao tốc Cầu Giẽ - Ninh Bình, Xã Liêm Hà, Tỉnh Ninh Bình",0.0,2.0,1,0,-0.0999999999999659,-0.04999999999998295,468.1,1.5056560031771544,5.0,1,Moving,0,0,0,0,0,VALID,VALID
92H-07095,2026-08-07 03:56:00,466.5,61,"Cao tốc Cầu Giẽ - Ninh Bình, Phường Phủ Lý, Tỉnh Ninh Bình",0.0,2.0,1,0,-0.30000000000001137,-0.15000000000000568,466.9,1.2054044963853556,5.0,1,Moving,0,0,0,0,0,VALID,VALID
92H-07095,2026-08-07 03:58:00,464.9,61,"Cao tốc Cầu Giẽ - Ninh Bình, Phường Hà Nam, Tỉnh Ninh Bình",0.0,2.0,1,0,-1.6000000000000227,-0.8000000000000114,466.8,1.1480418110458086,5.0,1,Moving,0,0,0,0,0,VALID,VALID
92H-07095,2026-08-07 04:00:00,464.7,63,"Cao tốc Cầu Giẽ - Ninh Bình, Phường Hà Nam, Tỉnh Ninh Bình",0.0,2.0,1,0,-0.19999999999998863,-0.09999999999999432,466.5,1.0714476188371471,5.0,1,Moving,0,0,0,0,0,VALID,VALID
92H-07095,2026-08-07 04:02:00,463.7,64,"Cao tốc Cầu Giẽ - Ninh Bình, Phường Hà Nam, Tỉnh Ninh Bình",0.0,2.0,1,0,-1.0,-0.5,464.9,1.3007690032877346,5.0,1,Moving,0,0,0,0,0,VALID,VALID
92H-07095,2026-08-07 04:04:00,463.1,66,"Cao tốc Cầu Giẽ - Ninh Bình, Phường Tiên Sơn, Tỉnh Ninh Bình",0.0,2.0,1,0,-0.5999999999999659,-0.29999999999998295,464.7,1.3007690032887858,5.0,1,Moving,0,0,0,0,0,VALID,VALID
92H-07095,2026-08-07 04:06:00,462.4,61,"Cao tốc Cầu Giẽ - Ninh Bình, Phường Tiên Sơn, Tỉnh Ninh Bình",0.0,2.0,1,0,-0.7000000000000455,-0.35000000000002274,463.7,1.0573551909930905,5.0,1,Moving,0,0,0,0,0,VALID,VALID
92H-07095,2026-08-07 04:08:00,461.8,61,"Cao tốc Cầu Giẽ - Ninh Bình, Phường Đồng Văn, Tỉnh Ninh Bình",0.0,2.0,1,0,-0.5999999999999659,-0.29999999999998295,463.1,1.1282730165710775,5.0,1,Moving,0,0,0,0,0,VALID,VALID
92H-07095,2026-08-07 04:10:00,460.8,65,"Cao tốc Cầu Giẽ - Ninh Bình, Phường Đồng Văn, Tỉnh Ninh Bình",0.0,2.0,1,0,-1.0,-0.5,462.4,1.1282730165724086,5.0,1,Moving,0,0,0,0,0,VALID,VALID
92H-07095,2026-08-07 04:12:00,459.6,62,"Cao tốc Cầu Giẽ - Ninh Bình, Xã Đại Xuyên, TP Hà Nội",0.0,2.0,1,0,-1.1999999999999886,-0.5999999999999943,461.8,1.3740451229594113,5.0,1,Moving,0,0,0,0,0,VALID,VALID
92H-07095,2026-08-07 04:14:00,459.6,62,"Cao tốc Cầu Giẽ - Ninh Bình, Xã Đại Xuyên, TP Hà Nội",0.0,2.0,1,0,0.0,0.0,460.8,1.268069398704656,5.0,1,Moving,0,0,0,0,0,VALID,VALID
92H-07095,2026-08-07 04:16:00,458.4,63,"Cao tốc Pháp Vân - Cầu Giẽ, Xã Đại Xuyên, TP Hà Nội",0.0,2.0,1,0,-1.2000000000000455,-0.6000000000000227,459.6,1.299230541487624,5.0,1,Moving,0,0,0,0,0,VALID,VALID
92H-07095,2026-08-07 04:18:00,458.0,65,"Cao tốc Pháp Vân - Cầu Giẽ, Xã Phú Xuyên, TP Hà Nội",0.0,2.0,1,0,-0.39999999999997726,-0.19999999999998863,459.6,1.1099549540125568,5.0,1,Moving,0,0,0,0,0,VALID,VALID
92H-07095,2026-08-07 04:20:00,457.1,66,"Cao tốc Pháp Vân - Cầu Giẽ, Xã Phú Xuyên, TP Hà Nội",0.0,2.0,1,0,-0.8999999999999773,-0.44999999999998863,458.4,1.0761040841571303,5.0,1,Moving,0,0,0,0,0,VALID,VALID
92H-07095,2026-08-07 04:22:00,457.1,61,"Cao tốc Pháp Vân - Cầu Giẽ, Xã Phú Xuyên, TP Hà Nội",0.0,2.0,1,0,0.0,0.0,458.0,1.040672859231675,5.0,1,Moving,0,0,0,0,0,VALID,VALID
92H-07095,2026-08-07 04:24:00,456.4,61,"Cao tốc Pháp Vân - Cầu Giẽ, Xã Phú Xuyên, TP Hà Nội",0.0,2.0,1,0,-0.7000000000000455,-0.35000000000002274,457.1,0.7968688724901543,5.0,1,Moving,0,0,0,0,0,VALID,VALID
92H-07095,2026-08-07 04:26:00,455.2,59,"Cao tốc Pháp Vân - Cầu Giẽ, Xã Phú Xuyên, TP Hà Nội",0.0,2.0,1,0,-1.1999999999999886,-0.5999999999999943,457.1,1.0406728592338925,5.0,1,Moving,0,0,0,0,0,VALID,VALID
92H-07095,2026-08-07 04:28:00,454.3,66,"Cao tốc Pháp Vân - Cầu Giẽ, Xã Chương Dương, TP Hà Nội",0.0,2.0,1,0,-0.8999999999999773,-0.44999999999998863,456.4,1.2357184145057607,5.0,1,Moving,0,0,0,0,0,VALID,VALID
92H-07095,2026-08-07 04:30:00,453.6,62,"Cao tốc Pháp Vân - Cầu Giẽ, Xã Thượng Phúc, TP Hà Nội",0.0,2.0,1,0,-0.6999999999999886,-0.3499999999999943,455.2,1.4446452851655531,5.0,1,Moving,0,0,0,0,0,VALID,VALID
92H-07095,2026-08-07 04:32:00,453.3,59,"Cao tốc Pháp Vân - Cầu Giẽ, Xã Hồng Vân, TP Hà Nội",0.0,2.0,1,0,-0.30000000000001137,-0.15000000000000568,454.3,1.2621410380594231,5.0,1,Moving,0,0,0,0,0,VALID,VALID
92H-07095,2026-08-07 04:34:00,455.9,0,Trạm thu phí Hồng Vân 1,0.0,2.0,1,0,2.599999999999966,1.299999999999983,454.3,1.0876580344731932,5.0,1,Stopped,0,0,0,0,0,VALID,VALID
92H-07095,2026-08-07 04:36:00,447.0,32,"Cao tốc Pháp Vân - Cầu Giẽ, Xã Hồng Vân, TP Hà Nội",0.0,2.0,1,0,-8.899999999999977,-4.449999999999989,453.6,3.405436829535947,5.0,1,Moving,0,0,0,0,0,VALID,VALID
92H-07095,2026-08-07 04:38:00,451.8,30,"Tỉnh Lộ 427, Xã Thường Tín, TP Hà Nội",0.0,2.0,1,0,4.800000000000011,2.4000000000000057,453.3,3.3161724924921483,5.0,1,Moving,0,0,0,0,0,VALID,VALID
92H-07095,2026-08-07 04:40:00,453.6,0,"Tỉnh Lộ 427, Xã Thường Tín, TP Hà Nội",0.0,2.0,1,0,1.8000000000000114,0.9000000000000057,453.3,3.3161724924921483,5.0,1,Stopped,0,0,0,0,0,VALID,VALID
92H-07095,2026-08-07 04:42:00,450.8,30,"Quốc Lộ 1, Xã Thường Tín, TP Hà Nội",0.0,2.0,1,0,-2.8000000000000114,-1.4000000000000057,451.8,3.3199397584840806,5.0,1,Moving,0,0,0,0,0,VALID,VALID
92H-07095,2026-08-07 04:44:00,450.0,35,"Quốc Lộ 1, Xã Hồng Vân, TP Hà Nội",0.0,2.0,1,0,-0.8000000000000114,-0.4000000000000057,450.8,2.4388521890363846,5.0,1,Moving,0,0,0,0,0,VALID,VALID
92H-07095,2026-08-07 04:46:00,451.5,28,"Quốc Lộ 1, Xã Thượng Phúc, TP Hà Nội",0.0,2.0,1,0,1.5,0.75,451.5,1.3446189051044855,5.0,1,Moving,0,0,0,0,0,VALID,VALID
92H-07095,2026-08-07 04:48:00,452.5,0,"Quốc Lộ 1, Xã Thượng Phúc, TP Hà Nội",0.0,2.0,1,0,1.0,0.5,451.5,1.413152504142382,5.0,1,Stopped,0,0,0,0,0,VALID,VALID
92H-07095,2026-08-07 04:50:00,452.2,0,"Xã Thượng Phúc, TP Hà Nội",0.0,2.0,1,0,-0.30000000000001137,-0.15000000000000568,451.5,1.0222524149958525,5.0,1,Stopped,0,0,0,0,0,VALID,VALID
92H-07095,2026-08-07 04:53:00,451.1,0,"Xã Thượng Phúc, TP Hà Nội",0.0,3.0,1,0,-1.099999999999966,-0.3666666666666553,451.5,0.9864076236346924,5.0,1,Stopped,0,0,0,0,1,DUPLICATE_TIME,VALID
92H-07095,2026-08-07 04:53:00,450.3,0,"Xã Thượng Phúc, TP Hà Nội",0.0,0.0,1,0,-0.8000000000000114,,451.5,0.8786353054393068,5.0,1,Stopped,0,0,0,0,1,DUPLICATE_TIME,VALID
92H-07095,2026-08-07 04:55:00,450.3,0,"Xã Thượng Phúc, TP Hà Nội",0.0,2.0,1,0,0.0,0.0,451.1,1.0353743284268029,5.0,1,Stopped,0,0,0,0,0,VALID,VALID
92H-07095,2026-08-07 04:57:00,450.3,0,"Xã Thượng Phúc, TP Hà Nội",0.0,2.0,1,0,0.0,0.0,450.3,0.835463942948334,5.0,1,Stopped,0,0,0,0,0,VALID,VALID
92H-07095,2026-08-07 04:59:00,450.3,0,"Xã Thượng Phúc, TP Hà Nội",0.0,2.0,1,0,0.0,0.0,450.3,0.3577708763554096,5.0,1,Stopped,0,0,0,0,0,VALID,VALID
92H-07095,2026-08-07 05:01:00,450.3,0,"Xã Thượng Phúc, TP Hà Nội",0.0,2.0,1,0,0.0,0.0,450.3,0.0,5.0,1,Stopped,0,0,0,0,0,VALID,VALID
92H-07095,2026-08-07 05:03:00,450.3,0,"Xã Thượng Phúc, TP Hà Nội",0.0,2.0,1,0,0.0,0.0,450.3,0.0,5.0,1,Stopped,0,0,0,0,0,VALID,VALID
92H-07095,2026-08-07 05:05:00,450.3,0,"Xã Thượng Phúc, TP Hà Nội",0.0,2.0,1,0,0.0,0.0,450.3,0.0,5.0,1,Stopped,0,0,0,0,0,VALID,VALID
92H-07095,2026-08-07 05:07:00,450.3,0,"Xã Thượng Phúc, TP Hà Nội",0.0,2.0,1,0,0.0,0.0,450.3,0.0,5.0,1,Stopped,0,0,0,0,0,VALID,VALID
92H-07095,2026-08-07 05:09:00,450.3,0,"Xã Thượng Phúc, TP Hà Nội",0.0,2.0,1,0,0.0,0.0,450.3,0.0,5.0,1,Stopped,0,0,0,0,0,VALID,VALID
92H-07095,2026-08-07 05:10:00,450.3,0,"Xã Thượng Phúc, TP Hà Nội",0.0,1.0,1,0,0.0,0.0,450.3,0.0,5.0,1,Stopped,0,0,0,0,0,VALID,VALID
92H-07095,2026-08-07 05:12:00,450.3,0,"Xã Thượng Phúc, TP Hà Nội",0.0,2.0,1,0,0.0,0.0,450.3,0.0,5.0,1,Stopped,0,0,0,0,0,VALID,VALID
92H-07095,2026-08-07 05:14:00,450.3,0,"Xã Thượng Phúc, TP Hà Nội",0.0,2.0,1,0,0.0,0.0,450.3,0.0,5.0,1,Stopped,0,0,0,0,0,VALID,VALID
92H-07095,2026-08-07 05:16:00,450.3,0,"Xã Thượng Phúc, TP Hà Nội",0.0,2.0,1,0,0.0,0.0,450.3,0.0,5.0,1,Stopped,0,0,0,0,0,VALID,VALID
92H-07095,2026-08-07 05:18:00,450.3,0,"Xã Thượng Phúc, TP Hà Nội",0.0,2.0,1,0,0.0,0.0,450.3,0.0,5.0,1,Stopped,0,0,0,0,0,VALID,VALID
92H-07095,2026-08-07 05:20:00,450.3,0,"Xã Thượng Phúc, TP Hà Nội",0.0,2.0,1,0,0.0,0.0,450.3,0.0,5.0,1,Stopped,0,0,0,0,0,VALID,VALID
92H-07095,2026-08-07 05:22:00,450.3,0,"Xã Thượng Phúc, TP Hà Nội",0.0,2.0,1,0,0.0,0.0,450.3,0.0,5.0,1,Stopped,0,0,0,0,0,VALID,VALID
92H-07095,2026-08-07 05:24:00,450.3,0,"Xã Thượng Phúc, TP Hà Nội",0.0,2.0,1,0,0.0,0.0,450.3,0.0,5.0,1,Stopped,0,0,0,0,0,VALID,VALID
92H-07095,2026-08-07 05:26:00,450.2,0,"Xã Thượng Phúc, TP Hà Nội",0.0,2.0,1,0,-0.10000000000002274,-0.05000000000001137,450.3,0.04472135920054647,5.0,1,Stopped,0,0,0,0,0,VALID,VALID
92H-07095,2026-08-07 05:28:00,450.2,0,"Xã Thượng Phúc, TP Hà Nội",0.0,2.0,1,0,0.0,0.0,450.3,0.054772255465833544,5.0,1,Stopped,0,0,0,0,0,VALID,VALID
92H-07095,2026-08-07 05:30:00,450.2,0,"Xã Thượng Phúc, TP Hà Nội",0.0,2.0,1,0,0.0,0.0,450.2,0.05477225546647958,5.0,1,Stopped,0,0,0,0,0,VALID,VALID
92H-07095,2026-08-07 05:32:00,450.2,0,"Xã Thượng Phúc, TP Hà Nội",0.0,2.0,1,0,0.0,0.0,450.2,0.044721359202920176,5.0,1,Stopped,0,0,0,0,0,VALID,VALID
92H-07095,2026-08-07 05:34:00,450.2,0,"Xã Thượng Phúc, TP Hà Nội",0.0,2.0,1,0,0.0,0.0,450.2,0.0,5.0,1,Stopped,0,0,0,0,0,VALID,VALID
92H-07095,2026-08-07 05:36:00,450.2,0,"Xã Thượng Phúc, TP Hà Nội",0.0,2.0,1,0,0.0,0.0,450.2,0.0,5.0,1,Stopped,0,0,0,0,0,VALID,VALID
92H-07095,2026-08-07 05:38:00,450.0,0,"Xã Thượng Phúc, TP Hà Nội",0.0,2.0,1,0,-0.19999999999998863,-0.09999999999999432,450.2,0.08944271892769243,5.0,1,Stopped,0,0,0,0,0,VALID,VALID
92H-07095,2026-08-07 05:39:00,450.2,0,"Xã Thượng Phúc, TP Hà Nội",0.0,1.0,1,0,0.19999999999998863,0.19999999999998863,450.2,0.08944271892769243,5.0,1,Stopped,0,0,0,0,0,VALID,VALID
92H-07095,2026-08-07 05:40:00,449.7,0,"Xã Thượng Phúc, TP Hà Nội",0.0,1.0,1,0,-0.5,-0.5,450.2,0.21908902293260482,5.0,1,Stopped,0,0,0,0,0,VALID,VALID
92H-07095,2026-08-07 05:42:00,449.7,0,"Xã Thượng Phúc, TP Hà Nội",0.0,2.0,1,0,0.0,0.0,450.0,0.25099800790035626,5.0,1,Stopped,0,0,0,0,0,VALID,VALID
92H-07095,2026-08-07 05:44:00,449.7,0,"Xã Thượng Phúc, TP Hà Nội",0.0,2.0,1,0,0.0,0.0,449.7,0.23021728859999163,5.0,1,Stopped,0,0,0,0,0,VALID,VALID
92H-07095,2026-08-07 05:46:00,449.7,0,"Xã Thượng Phúc, TP Hà Nội",0.0,2.0,1,0,0.0,0.0,449.7,0.22360679768415764,5.0,1,Stopped,0,0,0,0,0,VALID,VALID
92H-07095,2026-08-07 05:48:00,449.7,0,"Xã Thượng Phúc, TP Hà Nội",0.0,2.0,1,0,0.0,0.0,449.7,0.0,5.0,1,Stopped,0,0,0,0,0,VALID,VALID
92H-07095,2026-08-07 05:50:00,449.7,0,"Xã Thượng Phúc, TP Hà Nội",0.0,2.0,1,0,0.0,0.0,449.7,0.0,5.0,1,Stopped,0,0,0,0,0,VALID,VALID
92H-07095,2026-08-07 05:52:00,449.7,0,"Xã Thượng Phúc, TP Hà Nội",0.0,2.0,1,0,0.0,0.0,449.7,0.0,5.0,1,Stopped,0,0,0,0,0,VALID,VALID
92H-07095,2026-08-07 05:54:00,449.7,0,"Xã Thượng Phúc, TP Hà Nội",0.0,2.0,1,0,0.0,0.0,449.7,0.0,5.0,1,Stopped,0,0,0,0,0,VALID,VALID
92H-07095,2026-08-07 05:56:00,449.7,0,"Xã Thượng Phúc, TP Hà Nội",0.0,2.0,1,0,0.0,0.0,449.7,0.0,5.0,1,Stopped,0,0,0,0,0,VALID,VALID
92H-07095,2026-08-07 05:58:00,449.7,0,"Xã Thượng Phúc, TP Hà Nội",0.0,2.0,1,0,0.0,0.0,449.7,0.0,5.0,1,Stopped,0,0,0,0,0,VALID,VALID
92H-07095,2026-08-07 06:00:00,449.7,0,"Xã Thượng Phúc, TP Hà Nội",0.0,2.0,1,0,0.0,0.0,449.7,0.0,5.0,1,Stopped,0,0,0,0,0,VALID,VALID
92H-07095,2026-08-07 06:02:00,449.7,0,"Xã Thượng Phúc, TP Hà Nội",0.0,2.0,1,0,0.0,0.0,449.7,0.0,5.0,1,Stopped,0,0,0,0,0,VALID,VALID
92H-07095,2026-08-07 06:04:00,449.7,0,"Xã Thượng Phúc, TP Hà Nội",0.0,2.0,1,0,0.0,0.0,449.7,0.0,5.0,1,Stopped,0,0,0,0,0,VALID,VALID
92H-07095,2026-08-07 06:06:00,449.7,0,"Xã Thượng Phúc, TP Hà Nội",0.0,2.0,1,0,0.0,0.0,449.7,0.0,5.0,1,Stopped,0,0,0,0,0,VALID,VALID
92H-07095,2026-08-07 06:08:00,449.7,0,"Xã Thượng Phúc, TP Hà Nội",0.0,2.0,1,0,0.0,0.0,449.7,0.0,5.0,1,Stopped,0,0,0,0,0,VALID,VALID
92H-07095,2026-08-07 06:10:00,449.7,0,"Xã Thượng Phúc, TP Hà Nội",0.0,2.0,1,0,0.0,0.0,449.7,0.0,5.0,1,Stopped,0,0,0,0,0,VALID,VALID
92H-07095,2026-08-07 06:12:00,449.7,0,"Xã Thượng Phúc, TP Hà Nội",0.0,2.0,1,0,0.0,0.0,449.7,0.0,5.0,1,Stopped,0,0,0,0,0,VALID,VALID
92H-07095,2026-08-07 06:15:00,449.7,0,"Xã Thượng Phúc, TP Hà Nội",0.0,3.0,1,0,0.0,0.0,449.7,0.0,5.0,1,Stopped,0,0,0,0,0,VALID,VALID
92H-07095,2026-08-07 06:17:00,449.7,0,"Xã Thượng Phúc, TP Hà Nội",0.0,2.0,1,0,0.0,0.0,449.7,0.0,5.0,1,Stopped,0,0,0,0,0,VALID,VALID
92H-07095,2026-08-07 06:19:00,449.7,0,"Xã Thượng Phúc, TP Hà Nội",0.0,2.0,1,0,0.0,0.0,449.7,0.0,5.0,1,Stopped,0,0,0,0,0,VALID,VALID
92H-07095,2026-08-07 06:21:00,449.7,0,"Xã Thượng Phúc, TP Hà Nội",0.0,2.0,1,0,0.0,0.0,449.7,0.0,5.0,1,Stopped,0,0,0,0,0,VALID,VALID
92H-07095,2026-08-07 06:23:00,449.7,0,"Xã Thượng Phúc, TP Hà Nội",0.0,2.0,1,0,0.0,0.0,449.7,0.0,5.0,1,Stopped,0,0,0,0,0,VALID,VALID
92H-07095,2026-08-07 06:25:00,449.7,0,"Xã Thượng Phúc, TP Hà Nội",0.0,2.0,1,0,0.0,0.0,449.7,0.0,5.0,1,Stopped,0,0,0,0,0,VALID,VALID
92H-07095,2026-08-07 06:27:00,449.7,0,"Xã Thượng Phúc, TP Hà Nội",0.0,2.0,1,0,0.0,0.0,449.7,0.0,5.0,1,Stopped,0,0,0,0,0,VALID,VALID
92H-07095,2026-08-07 06:29:00,449.7,0,"Xã Thượng Phúc, TP Hà Nội",0.0,2.0,1,0,0.0,0.0,449.7,0.0,5.0,1,Stopped,0,0,0,0,0,VALID,VALID
92H-07095,2026-08-07 06:31:00,449.7,0,"Xã Thượng Phúc, TP Hà Nội",0.0,2.0,1,0,0.0,0.0,449.7,0.0,5.0,1,Stopped,0,0,0,0,0,VALID,VALID
92H-07095,2026-08-07 06:33:00,449.7,0,"Xã Thượng Phúc, TP Hà Nội",0.0,2.0,1,0,0.0,0.0,449.7,0.0,5.0,1,Stopped,0,0,0,0,0,VALID,VALID
92H-07095,2026-08-07 06:34:00,449.7,0,"Xã Thượng Phúc, TP Hà Nội",0.0,1.0,1,0,0.0,0.0,449.7,0.0,5.0,1,Stopped,0,0,0,0,0,VALID,VALID
92H-07095,2026-08-07 06:36:00,449.7,0,"Xã Thượng Phúc, TP Hà Nội",0.0,2.0,1,0,0.0,0.0,449.7,0.0,5.0,1,Stopped,0,0,0,0,0,VALID,VALID
92H-07095,2026-08-07 06:38:00,449.2,13,"Xã Thượng Phúc, TP Hà Nội",0.0,2.0,1,0,-0.5,-0.25,449.7,0.22360679768589584,5.0,1,Moving,0,0,0,0,0,VALID,VALID
92H-07095,2026-08-07 06:39:00,449.7,0,"Xã Thượng Phúc, TP Hà Nội",0.0,1.0,1,0,0.5,0.5,449.7,0.22360679768589584,5.0,1,Stopped,0,0,0,0,0,VALID,VALID
92H-07095,2026-08-07 06:40:00,449.7,0,"Xã Thượng Phúc, TP Hà Nội",0.0,1.0,1,0,0.0,0.0,449.7,0.22360679768589584,5.0,1,Stopped,0,0,0,0,0,VALID,VALID
92H-07095,2026-08-07 06:41:00,449.7,0,"Xã Thượng Phúc, TP Hà Nội",0.0,1.0,1,0,0.0,0.0,449.7,0.22360679768589584,5.0,1,Stopped,0,0,0,0,0,VALID,VALID
92H-07095,2026-08-07 06:42:00,448.3,7,"Xã Thượng Phúc, TP Hà Nội",0.0,1.0,1,0,-1.3999999999999773,-1.3999999999999773,449.7,0.6099180272564855,5.0,1,Moving,0,0,0,0,0,VALID,VALID
92H-07095,2026-08-07 06:44:00,448.7,0,"Xã Thượng Phúc, TP Hà Nội",0.0,2.0,1,0,0.39999999999997726,0.19999999999998863,449.7,0.672309452538662,5.0,1,Stopped,0,0,0,0,0,VALID,VALID
92H-07095,2026-08-07 06:46:00,448.7,0,"Xã Thượng Phúc, TP Hà Nội",0.0,2.0,1,0,0.0,0.0,448.7,0.6418722614147018,5.0,1,Stopped,0,0,0,0,0,VALID,VALID
92H-07095,2026-08-07 06:48:00,448.7,0,"Xã Thượng Phúc, TP Hà Nội",0.0,2.0,1,0,0.0,0.0,448.7,0.5215361923916817,5.0,1,Stopped,0,0,0,0,0,VALID,VALID
92H-07095,2026-08-07 06:50:00,448.7,0,"Xã Thượng Phúc, TP Hà Nội",0.0,2.0,1,0,0.0,0.0,448.7,0.17888543813068408,5.0,1,Stopped,0,0,0,0,0,VALID,VALID
92H-07095,2026-08-07 06:52:00,448.7,0,"Xã Thượng Phúc, TP Hà Nội",0.0,2.0,1,0,0.0,0.0,448.7,0.0,5.0,1,Stopped,0,0,0,0,0,VALID,VALID
92H-07095,2026-08-07 06:54:00,448.6,0,"Xã Thượng Phúc, TP Hà Nội",0.0,2.0,1,0,-0.0999999999999659,-0.04999999999998295,448.7,0.04472135927023192,5.0,1,Stopped,0,0,0,0,0,VALID,VALID
92H-07095,2026-08-07 06:56:00,448.6,0,"Xã Thượng Phúc, TP Hà Nội",0.0,2.0,1,0,0.0,0.0,448.7,0.0547722555227944,5.0,1,Stopped,0,0,0,0,0,VALID,VALID
92H-07095,2026-08-07 06:58:00,448.6,0,"Xã Thượng Phúc, TP Hà Nội",0.0,2.0,1,0,0.0,0.0,448.6,0.054772255523509186,5.0,1,Stopped,0,0,0,0,0,VALID,VALID
92H-07095,2026-08-07 07:00:00,448.6,0,"Xã Thượng Phúc, TP Hà Nội",0.0,2.0,1,0,0.0,0.0,448.6,0.044721359272858245,5.0,1,Stopped,0,0,0,0,0,VALID,VALID
92H-07095,2026-08-07 07:02:00,448.6,0,"Xã Thượng Phúc, TP Hà Nội",0.0,2.0,1,0,0.0,0.0,448.6,0.0,5.0,1,Stopped,0,0,0,0,0,VALID,VALID
92H-07095,2026-08-07 07:04:00,448.6,0,"Xã Thượng Phúc, TP Hà Nội",0.0,2.0,1,0,0.0,0.0,448.6,0.0,5.0,1,Stopped,0,0,0,0,0,VALID,VALID
92H-07095,2026-08-07 07:06:00,448.6,0,"Xã Thượng Phúc, TP Hà Nội",0.0,2.0,1,0,0.0,0.0,448.6,0.0,5.0,1,Stopped,0,0,0,0,0,VALID,VALID
92H-07095,2026-08-07 07:08:00,448.6,0,"Xã Thượng Phúc, TP Hà Nội",0.0,2.0,1,0,0.0,0.0,448.6,0.0,5.0,1,Stopped,0,0,0,0,0,VALID,VALID
92H-07095,2026-08-07 07:10:00,448.6,0,"Xã Thượng Phúc, TP Hà Nội",0.0,2.0,1,0,0.0,0.0,448.6,0.0,5.0,1,Stopped,0,0,0,0,0,VALID,VALID
92H-07095,2026-08-07 07:12:00,448.6,0,"Xã Thượng Phúc, TP Hà Nội",0.0,2.0,1,0,0.0,0.0,448.6,0.0,5.0,1,Stopped,0,0,0,0,0,VALID,VALID
92H-07095,2026-08-07 07:14:00,448.6,0,"Xã Thượng Phúc, TP Hà Nội",0.0,2.0,1,0,0.0,0.0,448.6,0.0,5.0,1,Stopped,0,0,0,0,0,VALID,VALID
92H-07095,2026-08-07 07:17:00,448.6,0,"Xã Thượng Phúc, TP Hà Nội",0.0,3.0,1,0,0.0,0.0,448.6,0.0,5.0,1,Stopped,0,0,0,0,0,VALID,VALID
92H-07095,2026-08-07 07:19:00,448.6,0,"Xã Thượng Phúc, TP Hà Nội",0.0,2.0,1,0,0.0,0.0,448.6,0.0,5.0,1,Stopped,0,0,0,0,0,VALID,VALID
92H-07095,2026-08-07 07:21:00,448.6,0,"Xã Thượng Phúc, TP Hà Nội",0.0,2.0,1,0,0.0,0.0,448.6,0.0,5.0,1,Stopped,0,0,0,0,0,VALID,VALID
92H-07095,2026-08-07 07:23:00,448.6,0,"Xã Thượng Phúc, TP Hà Nội",0.0,2.0,1,0,0.0,0.0,448.6,0.0,5.0,1,Stopped,0,0,0,0,0,VALID,VALID
92H-07095,2026-08-07 07:25:00,448.6,0,"Xã Thượng Phúc, TP Hà Nội",0.0,2.0,1,0,0.0,0.0,448.6,0.0,5.0,1,Stopped,0,0,0,0,0,VALID,VALID
92H-07095,2026-08-07 07:27:00,448.6,0,"Xã Thượng Phúc, TP Hà Nội",0.0,2.0,1,0,0.0,0.0,448.6,0.0,5.0,1,Stopped,0,0,0,0,0,VALID,VALID
92H-07095,2026-08-07 07:29:00,448.6,0,"Xã Thượng Phúc, TP Hà Nội",0.0,2.0,1,0,0.0,0.0,448.6,0.0,5.0,1,Stopped,0,0,0,0,0,VALID,VALID
92H-07095,2026-08-07 07:31:00,448.6,0,"Xã Thượng Phúc, TP Hà Nội",0.0,2.0,1,0,0.0,0.0,448.6,0.0,5.0,1,Stopped,0,0,0,0,0,VALID,VALID
92H-07095,2026-08-07 07:33:00,448.6,0,"Xã Thượng Phúc, TP Hà Nội",0.0,2.0,1,0,0.0,0.0,448.6,0.0,5.0,1,Stopped,0,0,0,0,0,VALID,VALID
92H-07095,2026-08-07 07:35:00,448.6,0,"Xã Thượng Phúc, TP Hà Nội",0.0,2.0,1,0,0.0,0.0,448.6,0.0,5.0,1,Stopped,0,0,0,0,0,VALID,VALID
92H-07095,2026-08-07 07:37:00,448.6,0,"Xã Thượng Phúc, TP Hà Nội",0.0,2.0,1,0,0.0,0.0,448.6,0.0,5.0,1,Stopped,0,0,0,0,0,VALID,VALID
92H-07095,2026-08-07 07:39:00,448.6,0,"Xã Thượng Phúc, TP Hà Nội",0.0,2.0,1,0,0.0,0.0,448.6,0.0,5.0,1,Stopped,0,0,0,0,0,VALID,VALID
92H-07095,2026-08-07 07:41:00,448.6,0,"Xã Thượng Phúc, TP Hà Nội",0.0,2.0,1,0,0.0,0.0,448.6,0.0,5.0,1,Stopped,0,0,0,0,0,VALID,VALID
92H-07095,2026-08-07 07:43:00,448.6,0,"Xã Thượng Phúc, TP Hà Nội",0.0,2.0,1,0,0.0,0.0,448.6,0.0,5.0,1,Stopped,0,0,0,0,0,VALID,VALID
92H-07095,2026-08-07 07:45:00,448.6,0,"Xã Thượng Phúc, TP Hà Nội",0.0,2.0,1,0,0.0,0.0,448.6,0.0,5.0,1,Stopped,0,0,0,0,0,VALID,VALID
92H-07095,2026-08-07 07:47:00,448.6,0,"Xã Thượng Phúc, TP Hà Nội",0.0,2.0,1,0,0.0,0.0,448.6,0.0,5.0,1,Stopped,0,0,0,0,0,VALID,VALID
92H-07095,2026-08-07 07:49:00,448.6,0,"Xã Thượng Phúc, TP Hà Nội",0.0,2.0,1,0,0.0,0.0,448.6,0.0,5.0,1,Stopped,0,0,0,0,0,VALID,VALID
92H-07095,2026-08-07 07:51:00,448.6,0,"Xã Thượng Phúc, TP Hà Nội",0.0,2.0,1,0,0.0,0.0,448.6,0.0,5.0,1,Stopped,0,0,0,0,0,VALID,VALID
92H-07095,2026-08-07 07:53:00,448.6,0,"Xã Thượng Phúc, TP Hà Nội",0.0,2.0,1,0,0.0,0.0,448.6,0.0,5.0,1,Stopped,0,0,0,0,0,VALID,VALID
92H-07095,2026-08-07 07:55:00,448.6,0,"Xã Thượng Phúc, TP Hà Nội",0.0,2.0,1,0,0.0,0.0,448.6,0.0,5.0,1,Stopped,0,0,0,0,0,VALID,VALID
92H-07095,2026-08-07 07:57:00,448.6,0,"Xã Thượng Phúc, TP Hà Nội",0.0,2.0,1,0,0.0,0.0,448.6,0.0,5.0,1,Stopped,0,0,0,0,0,VALID,VALID
92H-07095,2026-08-07 07:59:00,448.6,0,"Xã Thượng Phúc, TP Hà Nội",0.0,2.0,1,0,0.0,0.0,448.6,0.0,5.0,1,Stopped,0,0,0,0,0,VALID,VALID
92H-07095,2026-08-07 08:01:00,448.6,0,"Xã Thượng Phúc, TP Hà Nội",0.0,2.0,1,0,0.0,0.0,448.6,0.0,5.0,1,Stopped,0,0,0,0,0,VALID,VALID
92H-07095,2026-08-07 08:03:00,448.6,0,"Xã Thượng Phúc, TP Hà Nội",0.0,2.0,1,0,0.0,0.0,448.6,0.0,5.0,1,Stopped,0,0,0,0,0,VALID,VALID
92H-07095,2026-08-07 08:05:00,448.6,0,"Xã Thượng Phúc, TP Hà Nội",0.0,2.0,1,0,0.0,0.0,448.6,0.0,5.0,1,Stopped,0,0,0,0,0,VALID,VALID
92H-07095,2026-08-07 08:07:00,448.6,0,"Xã Thượng Phúc, TP Hà Nội",0.0,2.0,1,0,0.0,0.0,448.6,0.0,5.0,1,Stopped,0,0,0,0,0,VALID,VALID
92H-07095,2026-08-07 08:09:00,448.6,0,"Xã Thượng Phúc, TP Hà Nội",0.0,2.0,1,0,0.0,0.0,448.6,0.0,5.0,1,Stopped,0,0,0,0,0,VALID,VALID
92H-07095,2026-08-07 08:11:00,448.6,0,"Xã Thượng Phúc, TP Hà Nội",0.0,2.0,1,0,0.0,0.0,448.6,0.0,5.0,1,Stopped,0,0,0,0,0,VALID,VALID
92H-07095,2026-08-07 08:13:00,448.6,0,"Xã Thượng Phúc, TP Hà Nội",0.0,2.0,1,0,0.0,0.0,448.6,0.0,5.0,1,Stopped,0,0,0,0,0,VALID,VALID
92H-07095,2026-08-07 08:15:00,448.6,0,"Xã Thượng Phúc, TP Hà Nội",0.0,2.0,1,0,0.0,0.0,448.6,0.0,5.0,1,Stopped,0,0,0,0,0,VALID,VALID
92H-07095,2026-08-07 08:16:00,448.6,0,"Xã Thượng Phúc, TP Hà Nội",0.0,1.0,1,0,0.0,0.0,448.6,0.0,5.0,1,Stopped,0,0,0,0,0,VALID,VALID
92H-07095,2026-08-07 08:18:00,448.6,0,"Xã Thượng Phúc, TP Hà Nội",0.0,2.0,1,0,0.0,0.0,448.6,0.0,5.0,1,Stopped,0,0,0,0,0,VALID,VALID
92H-07095,2026-08-07 08:20:00,448.6,0,"Xã Thượng Phúc, TP Hà Nội",0.0,2.0,1,0,0.0,0.0,448.6,0.0,5.0,1,Stopped,0,0,0,0,0,VALID,VALID
92H-07095,2026-08-07 08:22:00,448.6,0,"Xã Thượng Phúc, TP Hà Nội",0.0,2.0,1,0,0.0,0.0,448.6,0.0,5.0,1,Stopped,0,0,0,0,0,VALID,VALID
92H-07095,2026-08-07 08:24:00,448.6,0,"Xã Thượng Phúc, TP Hà Nội",0.0,2.0,1,0,0.0,0.0,448.6,0.0,5.0,1,Stopped,0,0,0,0,0,VALID,VALID
92H-07095,2026-08-07 08:26:00,448.6,0,"Xã Thượng Phúc, TP Hà Nội",0.0,2.0,1,0,0.0,0.0,448.6,0.0,5.0,1,Stopped,0,0,0,0,0,VALID,VALID
92H-07095,2026-08-07 08:28:00,448.6,0,"Xã Thượng Phúc, TP Hà Nội",0.0,2.0,1,0,0.0,0.0,448.6,0.0,5.0,1,Stopped,0,0,0,0,0,VALID,VALID
92H-07095,2026-08-07 08:30:00,448.6,0,"Xã Thượng Phúc, TP Hà Nội",0.0,2.0,1,0,0.0,0.0,448.6,0.0,5.0,1,Stopped,0,0,0,0,0,VALID,VALID
92H-07095,2026-08-07 08:32:00,448.6,0,"Xã Thượng Phúc, TP Hà Nội",0.0,2.0,1,0,0.0,0.0,448.6,0.0,5.0,1,Stopped,0,0,0,0,0,VALID,VALID
92H-07095,2026-08-07 08:34:00,448.6,0,"Xã Thượng Phúc, TP Hà Nội",0.0,2.0,1,0,0.0,0.0,448.6,0.0,5.0,1,Stopped,0,0,0,0,0,VALID,VALID
92H-07095,2026-08-07 08:36:00,448.6,0,"Xã Thượng Phúc, TP Hà Nội",0.0,2.0,1,0,0.0,0.0,448.6,0.0,5.0,1,Stopped,0,0,0,0,0,VALID,VALID
92H-07095,2026-08-07 08:37:00,448.6,0,"Xã Thượng Phúc, TP Hà Nội",0.0,1.0,1,0,0.0,0.0,448.6,0.0,5.0,1,Stopped,0,0,0,0,0,VALID,VALID
92H-07095,2026-08-07 08:38:00,448.4,0,"Xã Thượng Phúc, TP Hà Nội",0.0,1.0,1,0,-0.20000000000004547,-0.20000000000004547,448.6,0.08944271896278062,5.0,1,Stopped,0,0,0,0,0,VALID,VALID
92H-07095,2026-08-07 08:39:00,448.6,0,"Xã Thượng Phúc, TP Hà Nội",0.0,1.0,1,0,0.20000000000004547,0.20000000000004547,448.6,0.08944271896278062,5.0,1,Stopped,0,0,0,0,0,VALID,VALID
92H-07095,2026-08-07 08:40:00,448.7,0,"Xã Thượng Phúc, TP Hà Nội",0.0,1.0,1,0,0.0999999999999659,0.0999999999999659,448.6,0.10954451138863369,5.0,1,Stopped,0,0,0,0,0,VALID,VALID
92H-07095,2026-08-07 08:41:00,448.4,0,"Xã Thượng Phúc, TP Hà Nội",0.0,1.0,1,0,-0.30000000000001137,-0.30000000000001137,448.6,0.13416407855880444,5.0,1,Stopped,0,0,0,0,0,VALID,VALID
92H-07095,2026-08-07 08:42:00,448.1,0,"Xã Thượng Phúc, TP Hà Nội",0.0,1.0,1,0,-0.2999999999999545,-0.2999999999999545,448.4,0.2302172886121086,5.0,1,Stopped,0,0,0,0,0,VALID,VALID
92H-07095,2026-08-07 08:44:00,447.7,0,"Xã Thượng Phúc, TP Hà Nội",0.0,2.0,1,0,-0.4000000000000341,-0.20000000000001705,448.4,0.40620192020281487,5.0,1,Stopped,0,0,0,0,0,VALID,VALID
92H-07095,2026-08-07 08:46:00,447.7,0,"Xã Thượng Phúc, TP Hà Nội",0.0,2.0,1,0,0.0,0.0,448.1,0.43817804597806104,5.0,1,Stopped,0,0,0,0,0,VALID,VALID
92H-07095,2026-08-07 08:48:00,447.7,0,"Xã Thượng Phúc, TP Hà Nội",0.0,2.0,1,0,0.0,0.0,447.7,0.31937438841887994,5.0,1,Stopped,0,0,0,0,0,VALID,VALID
92H-07095,2026-08-07 08:49:00,447.7,0,"Xã Thượng Phúc, TP Hà Nội",0.0,1.0,1,0,0.0,0.0,447.7,0.17888543813984448,5.0,1,Stopped,0,0,0,0,0,VALID,VALID
92H-07095,2026-08-07 08:50:00,448.0,0,"Xã Thượng Phúc, TP Hà Nội",0.0,1.0,1,0,0.30000000000001137,0.30000000000001137,447.7,0.13416407857007528,5.0,1,Stopped,0,0,0,0,0,VALID,VALID
92H-07095,2026-08-07 08:51:00,447.7,0,"Xã Thượng Phúc, TP Hà Nội",0.0,1.0,1,0,-0.30000000000001137,-0.30000000000001137,447.7,0.13416407857007528,5.0,1,Stopped,0,0,0,0,0,VALID,VALID
92H-07095,2026-08-07 08:53:00,447.2,0,"Xã Thượng Phúc, TP Hà Nội",0.0,2.0,1,0,-0.5,-0.25,447.7,0.28809720578122777,5.0,1,Stopped,0,0,0,0,0,VALID,VALID
92H-07095,2026-08-07 08:55:00,447.1,0,"Xã Thượng Phúc, TP Hà Nội",0.0,2.0,1,0,-0.0999999999999659,-0.04999999999998295,447.7,0.37815340799656305,5.0,1,Stopped,0,0,0,0,0,VALID,VALID
92H-07095,2026-08-07 08:57:00,447.1,0,"Xã Thượng Phúc, TP Hà Nội",0.0,2.0,1,0,0.0,0.0,447.2,0.4086563348094298,5.0,1,Stopped,0,0,0,0,0,VALID,VALID
92H-07095,2026-08-07 08:59:00,447.1,0,"Xã Thượng Phúc, TP Hà Nội",0.0,2.0,1,0,0.0,0.0,447.1,0.2607680961708456,5.0,1,Stopped,0,0,0,0,0,VALID,VALID
92H-07095,2026-08-07 09:01:00,447.1,0,"Xã Thượng Phúc, TP Hà Nội",0.0,2.0,1,0,0.0,0.0,447.1,0.04472135933794428,5.0,1,Stopped,0,0,0,0,0,VALID,VALID
92H-07095,2026-08-07 09:03:00,447.1,0,"Xã Thượng Phúc, TP Hà Nội",0.0,2.0,1,0,0.0,0.0,447.1,0.0,5.0,1,Stopped,0,0,0,0,0,VALID,VALID
92H-07095,2026-08-07 09:05:00,447.1,0,"Xã Thượng Phúc, TP Hà Nội",0.0,2.0,1,0,0.0,0.0,447.1,0.0,5.0,1,Stopped,0,0,0,0,0,VALID,VALID
92H-07095,2026-08-07 09:07:00,447.1,0,"Xã Thượng Phúc, TP Hà Nội",0.0,2.0,1,0,0.0,0.0,447.1,0.0,5.0,1,Stopped,0,0,0,0,0,VALID,VALID
92H-07095,2026-08-07 09:09:00,447.1,0,"Xã Thượng Phúc, TP Hà Nội",0.0,2.0,1,0,0.0,0.0,447.1,0.0,5.0,1,Stopped,0,0,0,0,0,VALID,VALID
92H-07095,2026-08-07 09:11:00,447.1,0,"Xã Thượng Phúc, TP Hà Nội",0.0,2.0,1,0,0.0,0.0,447.1,0.0,5.0,1,Stopped,0,0,0,0,0,VALID,VALID
92H-07095,2026-08-07 09:13:00,447.1,0,"Xã Thượng Phúc, TP Hà Nội",0.0,2.0,1,0,0.0,0.0,447.1,0.0,5.0,1,Stopped,0,0,0,0,0,VALID,VALID
92H-07095,2026-08-07 09:15:00,447.1,0,"Xã Thượng Phúc, TP Hà Nội",0.0,2.0,1,0,0.0,0.0,447.1,0.0,5.0,1,Stopped,0,0,0,0,0,VALID,VALID
92H-07095,2026-08-07 09:17:00,447.1,0,"Xã Thượng Phúc, TP Hà Nội",0.0,2.0,1,0,0.0,0.0,447.1,0.0,5.0,1,Stopped,0,0,0,0,0,VALID,VALID
92H-07095,2026-08-07 09:19:00,447.1,0,"Xã Thượng Phúc, TP Hà Nội",0.0,2.0,1,0,0.0,0.0,447.1,0.0,5.0,1,Stopped,0,0,0,0,0,VALID,VALID
92H-07095,2026-08-07 09:21:00,447.1,0,"Xã Thượng Phúc, TP Hà Nội",0.0,2.0,1,0,0.0,0.0,447.1,0.0,5.0,1,Stopped,0,0,0,0,0,VALID,VALID
92H-07095,2026-08-07 09:23:00,447.1,0,"Xã Thượng Phúc, TP Hà Nội",0.0,2.0,1,0,0.0,0.0,447.1,0.0,5.0,1,Stopped,0,0,0,0,0,VALID,VALID
92H-07095,2026-08-07 09:25:00,447.1,0,"Xã Thượng Phúc, TP Hà Nội",0.0,2.0,1,0,0.0,0.0,447.1,0.0,5.0,1,Stopped,0,0,0,0,0,VALID,VALID
92H-07095,2026-08-07 09:27:00,447.1,0,"Xã Thượng Phúc, TP Hà Nội",0.0,2.0,1,0,0.0,0.0,447.1,0.0,5.0,1,Stopped,0,0,0,0,0,VALID,VALID
92H-07095,2026-08-07 09:28:00,447.1,0,"Xã Thượng Phúc, TP Hà Nội",0.0,1.0,1,0,0.0,0.0,447.1,0.0,5.0,1,Stopped,0,0,0,0,0,VALID,VALID
92H-07095,2026-08-07 09:30:00,447.0,0,"Xã Thượng Phúc, TP Hà Nội",0.0,2.0,1,0,-0.10000000000002274,-0.05000000000001137,447.1,0.04472135933969516,5.0,1,Stopped,0,0,0,0,0,VALID,VALID
92H-07095,2026-08-07 09:32:00,446.8,0,"Xã Thượng Phúc, TP Hà Nội",0.0,2.0,1,0,-0.19999999999998863,-0.09999999999999432,447.1,0.1303840480328218,5.0,1,Stopped,0,0,0,0,0,VALID,VALID
92H-07095,2026-08-07 09:33:00,447.0,0,"Xã Thượng Phúc, TP Hà Nội",0.0,1.0,1,0,0.19999999999998863,0.19999999999998863,447.0,0.12247448706364175,5.0,1,Stopped,0,0,0,0,0,VALID,VALID
92H-07095,2026-08-07 09:34:00,446.8,0,"Xã Thượng Phúc, TP Hà Nội",0.0,1.0,1,0,-0.19999999999998863,-0.19999999999998863,447.0,0.134164078581895,5.0,1,Stopped,0,0,0,0,0,VALID,VALID
92H-07095,2026-08-07 09:35:00,447.0,0,"Xã Thượng Phúc, TP Hà Nội",0.0,1.0,1,0,0.19999999999998863,0.19999999999998863,447.0,0.10954451141797525,5.0,1,Stopped,0,0,0,0,0,VALID,VALID
92H-07095,2026-08-07 09:36:00,446.8,0,"Xã Thượng Phúc, TP Hà Nội",0.0,1.0,1,0,-0.19999999999998863,-0.19999999999998863,446.8,0.10954451141867318,5.0,1,Stopped,0,0,0,0,0,VALID,VALID
92H-07095,2026-08-07 09:37:00,446.8,0,"Xã Thượng Phúc, TP Hà Nội",0.0,1.0,1,0,0.0,0.0,446.8,0.10954451141867318,5.0,1,Stopped,0,0,0,0,0,VALID,VALID
92H-07095,2026-08-07 09:38:00,447.4,0,"Xã Thượng Phúc, TP Hà Nội",0.0,1.0,1,0,0.5999999999999659,0.5999999999999659,446.8,0.2607680961729166,5.0,1,Stopped,0,0,0,0,0,VALID,VALID
92H-07095,2026-08-07 09:40:00,447.2,0,"Xã Thượng Phúc, TP Hà Nội",0.0,2.0,1,0,-0.19999999999998863,-0.09999999999999432,447.0,0.26076809617234004,5.0,1,Stopped,0,0,0,0,0,VALID,VALID
92H-07095,2026-08-07 09:41:00,447.5,0,"Xã Thượng Phúc, TP Hà Nội",0.0,1.0,1,0,0.30000000000001137,0.30000000000001137,447.2,0.32863353447414373,5.0,1,Stopped,0,0,0,0,0,VALID,VALID
92H-07095,2026-08-07 09:42:00,447.2,0,"Xã Thượng Phúc, TP Hà Nội",0.0,1.0,1,0,-0.30000000000001137,-0.30000000000001137,447.2,0.26832815726394876,5.0,1,Stopped,0,0,0,0,0,VALID,VALID
92H-07095,2026-08-07 09:43:00,447.2,0,"Xã Thượng Phúc, TP Hà Nội",0.0,1.0,1,0,0.0,0.0,447.2,0.14142135616790547,5.0,1,Stopped,0,0,0,0,0,VALID,VALID
92H-07095,2026-08-07 09:44:00,447.2,0,"Xã Thượng Phúc, TP Hà Nội",0.0,1.0,1,0,0.0,0.0,447.2,0.13416407857738763,5.0,1,Stopped,0,0,0,0,0,VALID,VALID
92H-07095,2026-08-07 09:45:00,447.4,0,"Xã Thượng Phúc, TP Hà Nội",0.0,1.0,1,0,0.19999999999998863,0.19999999999998863,447.2,0.14142135616790547,5.0,1,Stopped,0,0,0,0,0,VALID,VALID
92H-07095,2026-08-07 09:46:00,447.1,0,"Xã Thượng Phúc, TP Hà Nội",0.0,1.0,1,0,-0.2999999999999545,-0.2999999999999545,447.2,0.10954451141279342,5.0,1,Stopped,0,0,0,0,0,VALID,VALID
92H-07095,2026-08-07 09:48:00,447.0,0,"Xã Thượng Phúc, TP Hà Nội",0.0,2.0,1,0,-0.10000000000002274,-0.05000000000001137,447.2,0.14832396967726003,5.0,1,Stopped,0,0,0,0,0,VALID,VALID
92H-07095,2026-08-07 09:49:00,447.2,0,"Xã Thượng Phúc, TP Hà Nội",0.0,1.0,1,0,0.19999999999998863,0.19999999999998863,447.2,0.14832396967726003,5.0,1,Stopped,0,0,0,0,0,VALID,VALID
92H-07095,2026-08-07 09:50:00,447.0,0,"Xã Thượng Phúc, TP Hà Nội",0.0,1.0,1,0,-0.19999999999998863,-0.19999999999998863,447.1,0.16733200524997396,5.0,1,Stopped,0,0,0,0,0,VALID,VALID
92H-07095,2026-08-07 09:51:00,447.1,0,"Xã Thượng Phúc, TP Hà Nội",0.0,1.0,1,0,0.10000000000002274,0.10000000000002274,447.1,0.0836660025411633,5.0,1,Stopped,0,0,0,0,0,VALID,VALID
92H-07095,2026-08-07 09:52:00,447.0,0,"Xã Thượng Phúc, TP Hà Nội",0.0,1.0,1,0,-0.10000000000002274,-0.10000000000002274,447.0,0.08944271899543856,5.0,1,Stopped,0,0,0,0,0,VALID,VALID
92H-07095,2026-08-07 09:53:00,447.0,0,"Xã Thượng Phúc, TP Hà Nội",0.0,1.0,1,0,0.0,0.0,447.0,0.08944271899543856,5.0,1,Stopped,0,0,0,0,0,VALID,VALID
92H-07095,2026-08-07 09:54:00,446.8,0,"Xã Thượng Phúc, TP Hà Nội",0.0,1.0,1,0,-0.19999999999998863,-0.19999999999998863,447.0,0.10954451141713539,5.0,1,Stopped,0,0,0,0,0,VALID,VALID
92H-07095,2026-08-07 09:55:00,447.0,0,"Xã Thượng Phúc, TP Hà Nội",0.0,1.0,1,0,0.19999999999998863,0.19999999999998863,447.0,0.10954451141713539,5.0,1,Stopped,0,0,0,0,0,VALID,VALID
92H-07095,2026-08-07 09:56:00,446.7,0,"Xã Thượng Phúc, TP Hà Nội",0.0,1.0,1,0,-0.30000000000001137,-0.30000000000001137,447.0,0.14142135617344123,5.0,1,Stopped,0,0,0,0,0,VALID,VALID
92H-07095,2026-08-07 09:58:00,446.5,0,"Xã Thượng Phúc, TP Hà Nội",0.0,2.0,1,0,-0.19999999999998863,-0.09999999999999432,446.8,0.21213203431429814,5.0,1,Stopped,0,0,0,0,0,VALID,VALID
92H-07095,2026-08-07 09:59:00,446.8,0,"Xã Thượng Phúc, TP Hà Nội",0.0,1.0,1,0,0.30000000000001137,0.30000000000001137,446.8,0.18165902119762092,5.0,1,Stopped,0,0,0,0,0,VALID,VALID
92H-07095,2026-08-07 10:00:00,446.5,0,"Xã Thượng Phúc, TP Hà Nội",0.0,1.0,1,0,-0.30000000000001137,-0.30000000000001137,446.7,0.21213203431520586,5.0,1,Stopped,0,0,0,0,0,VALID,VALID
92H-07095,2026-08-07 10:01:00,446.5,0,"Xã Thượng Phúc, TP Hà Nội",0.0,1.0,1,0,0.0,0.0,446.5,0.14142135617753224,5.0,1,Stopped,0,0,0,0,0,VALID,VALID
92H-07095,2026-08-07 10:02:00,447.8,0,"Xã Thượng Phúc, TP Hà Nội",0.0,1.0,1,0,1.3000000000000114,1.3000000000000114,446.5,0.563027530394587,5.0,1,Stopped,0,0,0,0,0,VALID,VALID
92H-07095,2026-08-07 10:03:00,446.5,0,"Xã Thượng Phúc, TP Hà Nội",0.0,1.0,1,0,-1.3000000000000114,-1.3000000000000114,446.5,0.563027530394587,5.0,1,Stopped,0,0,0,0,0,VALID,VALID
92H-07095,2026-08-07 10:04:00,445.0,0,"Xã Thượng Phúc, TP Hà Nội",0.0,1.0,1,0,-1.5,-1.5,446.5,0.9914635646273879,5.0,1,Stopped,0,0,0,0,0,VALID,VALID
92H-07095,2026-08-07 10:06:00,438.1,0,"Xã Thượng Phúc, TP Hà Nội",0.0,2.0,1,0,-6.899999999999977,-3.4499999999999886,446.5,3.8635475925618117,5.0,1,Stopped,0,0,0,0,0,VALID,VALID
92H-07095,2026-08-07 10:07:00,445.8,0,"Xã Thượng Phúc, TP Hà Nội",0.0,1.0,1,0,7.699999999999989,7.699999999999989,445.8,3.797762499155354,5.0,1,Stopped,0,0,0,0,0,VALID,VALID
92H-07095,2026-08-07 10:08:00,438.0,0,"Xã Thượng Phúc, TP Hà Nội",0.0,1.0,1,0,-7.800000000000011,-7.800000000000011,445.0,4.259929576882503,5.0,1,Stopped,0,0,0,0,0,VALID,VALID
92H-07095,2026-08-07 10:09:00,438.4,0,"Xã Thượng Phúc, TP Hà Nội",0.0,1.0,1,0,0.39999999999997726,0.39999999999997726,438.4,3.9746697976064205,5.0,1,Stopped,0,0,0,0,0,VALID,VALID
92H-07095,2026-08-07 10:10:00,437.8,0,"Xã Thượng Phúc, TP Hà Nội",0.0,1.0,1,0,-0.5999999999999659,-0.5999999999999659,438.1,3.4615025639178985,5.0,1,Stopped,0,0,0,0,0,VALID,VALID
92H-07095,2026-08-07 10:11:00,438.0,0,"Xã Thượng Phúc, TP Hà Nội",0.0,1.0,1,0,0.19999999999998863,0.19999999999998863,438.0,3.4727510708385494,5.0,1,Stopped,0,0,0,0,0,VALID,VALID
92H-07095,2026-08-07 10:12:00,437.8,0,"Xã Thượng Phúc, TP Hà Nội",0.0,1.0,1,0,-0.19999999999998863,-0.19999999999998863,438.0,0.24494897431194393,5.0,1,Stopped,0,0,0,0,0,VALID,VALID
92H-07095,2026-08-07 10:13:00,438.0,0,"Xã Thượng Phúc, TP Hà Nội",0.0,1.0,1,0,0.19999999999998863,0.19999999999998863,438.0,0.24494897431194393,5.0,1,Stopped,0,0,0,0,0,VALID,VALID
92H-07095,2026-08-07 10:14:00,437.7,0,"Xã Thượng Phúc, TP Hà Nội",0.0,1.0,1,0,-0.30000000000001137,-0.30000000000001137,437.8,0.13416407871340288,5.0,1,Stopped,0,0,0,0,0,VALID,VALID
92H-07095,2026-08-07 10:16:00,437.7,0,"Xã Thượng Phúc, TP Hà Nội",0.0,2.0,1,0,0.0,0.0,437.8,0.15165750893739355,5.0,1,Stopped,0,0,0,0,0,VALID,VALID
92H-07095,2026-08-07 10:17:00,437.7,0,"Xã Thượng Phúc, TP Hà Nội",0.0,1.0,1,0,0.0,0.0,437.7,0.13038404817051125,5.0,1,Stopped,0,0,0,0,0,VALID,VALID
92H-07095,2026-08-07 10:18:00,437.6,0,"Xã Thượng Phúc, TP Hà Nội",0.0,1.0,1,0,-0.0999999999999659,-0.0999999999999659,437.7,0.15165750893868313,5.0,1,Stopped,0,0,0,0,0,VALID,VALID
92H-07095,2026-08-07 10:19:00,437.7,0,"Xã Thượng Phúc, TP Hà Nội",0.0,1.0,1,0,0.0999999999999659,0.0999999999999659,437.7,0.04472135974818687,5.0,1,Stopped,0,0,0,0,0,VALID,VALID
92H-07095,2026-08-07 10:20:00,437.6,0,"Xã Thượng Phúc, TP Hà Nội",0.0,1.0,1,0,-0.0999999999999659,-0.0999999999999659,437.7,0.05477225591306632,5.0,1,Stopped,0,0,0,0,0,VALID,VALID
92H-07095,2026-08-07 10:21:00,437.6,0,"Xã Thượng Phúc, TP Hà Nội",0.0,1.0,1,0,0.0,0.0,437.6,0.05477225591380447,5.0,1,Stopped,0,0,0,0,0,VALID,VALID
92H-07095,2026-08-07 10:22:00,437.4,0,"Xã Thượng Phúc, TP Hà Nội",0.0,1.0,1,0,-0.20000000000004547,-0.20000000000004547,437.6,0.10954451158380889,5.0,1,Stopped,0,0,0,0,0,VALID,VALID
92H-07095,2026-08-07 10:23:00,437.6,0,"Xã Thượng Phúc, TP Hà Nội",0.0,1.0,1,0,0.20000000000004547,0.20000000000004547,437.6,0.10954451158380889,5.0,1,Stopped,0,0,0,0,0,VALID,VALID
92H-07095,2026-08-07 10:24:00,437.3,0,"Xã Thượng Phúc, TP Hà Nội",0.0,1.0,1,0,-0.30000000000001137,-0.30000000000001137,437.6,0.14142135630258817,5.0,1,Stopped,0,0,0,0,0,VALID,VALID
92H-07095,2026-08-07 10:26:00,437.3,0,"Xã Thượng Phúc, TP Hà Nội",0.0,2.0,1,0,0.0,0.0,437.4,0.1516575089427131,5.0,1,Stopped,0,0,0,0,0,VALID,VALID
92H-07095,2026-08-07 10:27:00,437.3,0,"Xã Thượng Phúc, TP Hà Nội",0.0,1.0,1,0,0.0,0.0,437.3,0.13038404817672816,5.0,1,Stopped,0,0,0,0,0,VALID,VALID
92H-07095,2026-08-07 10:28:00,437.3,0,"Xã Thượng Phúc, TP Hà Nội",0.0,1.0,1,0,0.0,0.0,437.3,0.13416407872092145,5.0,1,Stopped,0,0,0,0,0,VALID,VALID
92H-07095,2026-08-07 10:30:00,437.3,0,"Xã Thượng Phúc, TP Hà Nội",0.0,2.0,1,0,0.0,0.0,437.3,0.0,5.0,1,Stopped,0,0,0,0,0,VALID,VALID
92H-07095,2026-08-07 10:32:00,437.3,0,"Xã Thượng Phúc, TP Hà Nội",0.0,2.0,1,0,0.0,0.0,437.3,0.0,5.0,1,Stopped,0,0,0,0,0,VALID,VALID
92H-07095,2026-08-07 10:34:00,437.3,0,"Xã Thượng Phúc, TP Hà Nội",0.0,2.0,1,0,0.0,0.0,437.3,0.0,5.0,1,Stopped,0,0,0,0,0,VALID,VALID
92H-07095,2026-08-07 10:36:00,437.3,0,"Xã Thượng Phúc, TP Hà Nội",0.0,2.0,1,0,0.0,0.0,437.3,0.0,5.0,1,Stopped,0,0,0,0,0,VALID,VALID
92H-07095,2026-08-07 10:38:00,437.3,0,"Xã Thượng Phúc, TP Hà Nội",0.0,2.0,1,0,0.0,0.0,437.3,0.0,5.0,1,Stopped,0,0,0,0,0,VALID,VALID
92H-07095,2026-08-07 10:40:00,437.3,0,"Xã Thượng Phúc, TP Hà Nội",0.0,2.0,1,0,0.0,0.0,437.3,0.0,5.0,1,Stopped,0,0,0,0,0,VALID,VALID
92H-07095,2026-08-07 10:42:00,437.3,0,"Xã Thượng Phúc, TP Hà Nội",0.0,2.0,1,0,0.0,0.0,437.3,0.0,5.0,1,Stopped,0,0,0,0,0,VALID,VALID
92H-07095,2026-08-07 10:44:00,437.3,0,"Xã Thượng Phúc, TP Hà Nội",0.0,2.0,1,0,0.0,0.0,437.3,0.0,5.0,1,Stopped,0,0,0,0,0,VALID,VALID
92H-07095,2026-08-07 10:46:00,437.3,0,"Xã Thượng Phúc, TP Hà Nội",0.0,2.0,1,0,0.0,0.0,437.3,0.0,5.0,1,Stopped,0,0,0,0,0,VALID,VALID
92H-07095,2026-08-07 10:48:00,437.3,0,"Xã Thượng Phúc, TP Hà Nội",0.0,2.0,1,0,0.0,0.0,437.3,0.0,5.0,1,Stopped,0,0,0,0,0,VALID,VALID
92H-07095,2026-08-07 10:50:00,437.3,0,"Xã Thượng Phúc, TP Hà Nội",0.0,2.0,1,0,0.0,0.0,437.3,0.0,5.0,1,Stopped,0,0,0,0,0,VALID,VALID
92H-07095,2026-08-07 10:52:00,437.3,0,"Xã Thượng Phúc, TP Hà Nội",0.0,2.0,1,0,0.0,0.0,437.3,0.0,5.0,1,Stopped,0,0,0,0,0,VALID,VALID
92H-07095,2026-08-07 10:54:00,437.3,0,"Xã Thượng Phúc, TP Hà Nội",0.0,2.0,1,0,0.0,0.0,437.3,0.0,5.0,1,Stopped,0,0,0,0,0,VALID,VALID
92H-07095,2026-08-07 10:56:00,437.3,0,"Xã Thượng Phúc, TP Hà Nội",0.0,2.0,1,0,0.0,0.0,437.3,0.0,5.0,1,Stopped,0,0,0,0,0,VALID,VALID
92H-07095,2026-08-07 10:58:00,437.4,0,"Xã Thượng Phúc, TP Hà Nội",0.0,2.0,1,0,0.0999999999999659,0.04999999999998295,437.3,0.04472135976460733,5.0,1,Stopped,0,0,0,0,0,VALID,VALID
92H-07095,2026-08-07 11:00:00,437.4,0,"Xã Thượng Phúc, TP Hà Nội",0.0,2.0,1,0,0.0,0.0,437.3,0.054772255924997286,5.0,1,Stopped,0,0,0,0,0,VALID,VALID
92H-07095,2026-08-07 11:02:00,437.4,0,"Xã Thượng Phúc, TP Hà Nội",0.0,2.0,1,0,0.0,0.0,437.4,0.05477225592425914,5.0,1,Stopped,0,0,0,0,0,VALID,VALID
92H-07095,2026-08-07 11:04:00,437.4,0,"Xã Thượng Phúc, TP Hà Nội",0.0,2.0,1,0,0.0,0.0,437.4,0.04472135976189521,5.0,1,Stopped,0,0,0,0,0,VALID,VALID
92H-07095,2026-08-07 11:06:00,437.4,0,"Xã Thượng Phúc, TP Hà Nội",0.0,2.0,1,0,0.0,0.0,437.4,0.0,5.0,1,Stopped,0,0,0,0,0,VALID,VALID
92H-07095,2026-08-07 11:08:00,437.4,0,"Xã Thượng Phúc, TP Hà Nội",0.0,2.0,1,0,0.0,0.0,437.4,0.0,5.0,1,Stopped,0,0,0,0,0,VALID,VALID
92H-07095,2026-08-07 11:10:00,437.4,0,"Xã Thượng Phúc, TP Hà Nội",0.0,2.0,1,0,0.0,0.0,437.4,0.0,5.0,1,Stopped,0,0,0,0,0,VALID,VALID
92H-07095,2026-08-07 11:12:00,437.4,0,"Xã Thượng Phúc, TP Hà Nội",0.0,2.0,1,0,0.0,0.0,437.4,0.0,5.0,1,Stopped,0,0,0,0,0,VALID,VALID
92H-07095,2026-08-07 11:14:00,437.6,0,"Xã Thượng Phúc, TP Hà Nội",0.0,2.0,1,0,0.20000000000004547,0.10000000000002274,437.4,0.08944271920462989,5.0,1,Stopped,0,0,0,0,0,VALID,VALID
92H-07095,2026-08-07 11:16:00,437.6,0,"Xã Thượng Phúc, TP Hà Nội",0.0,2.0,1,0,0.0,0.0,437.4,0.10954451158574732,5.0,1,Stopped,0,0,0,0,0,VALID,VALID
92H-07095,2026-08-07 11:18:00,437.6,0,"Xã Thượng Phúc, TP Hà Nội",0.0,2.0,1,0,0.0,0.0,437.6,0.10954451158500397,5.0,1,Stopped,0,0,0,0,0,VALID,VALID
92H-07095,2026-08-07 11:20:00,437.6,0,"Xã Thượng Phúc, TP Hà Nội",0.0,2.0,1,0,0.0,0.0,437.6,0.0894427192019114,5.0,1,Stopped,0,0,0,0,0,VALID,VALID
92H-07095,2026-08-07 11:22:00,437.7,0,"Xã Thượng Phúc, TP Hà Nội",0.0,2.0,1,0,0.0999999999999659,0.04999999999998295,437.6,0.04472135975103398,5.0,1,Stopped,0,0,0,0,0,VALID,VALID
92H-07095,2026-08-07 11:24:00,437.7,0,"Xã Thượng Phúc, TP Hà Nội",0.0,2.0,1,0,0.0,0.0,437.6,0.054772255913914686,5.0,1,Stopped,0,0,0,0,0,VALID,VALID
92H-07095,2026-08-07 11:26:00,437.7,0,"Xã Thượng Phúc, TP Hà Nội",0.0,2.0,1,0,0.0,0.0,437.7,0.05477225591317654,5.0,1,Stopped,0,0,0,0,0,VALID,VALID
92H-07095,2026-08-07 11:28:00,437.7,0,"Xã Thượng Phúc, TP Hà Nội",0.0,2.0,1,0,0.0,0.0,437.7,0.04472135974832186,5.0,1,Stopped,0,0,0,0,0,VALID,VALID
92H-07095,2026-08-07 11:30:00,437.8,0,"Xã Thượng Phúc, TP Hà Nội",0.0,2.0,1,0,0.10000000000002274,0.05000000000001137,437.7,0.04472135974657098,5.0,1,Stopped,0,0,0,0,0,VALID,VALID
92H-07095,2026-08-07 11:32:00,437.8,0,"Xã Thượng Phúc, TP Hà Nội",0.0,2.0,1,0,0.0,0.0,437.7,0.05477225591031153,5.0,1,Stopped,0,0,0,0,0,VALID,VALID
92H-07095,2026-08-07 11:34:00,437.8,0,"Xã Thượng Phúc, TP Hà Nội",0.0,2.0,1,0,0.0,0.0,437.8,0.054772255909608415,5.0,1,Stopped,0,0,0,0,0,VALID,VALID
92H-07095,2026-08-07 11:36:00,437.8,0,"Xã Thượng Phúc, TP Hà Nội",0.0,2.0,1,0,0.0,0.0,437.8,0.04472135974398756,5.0,1,Stopped,0,0,0,0,0,VALID,VALID
92H-07095,2026-08-07 11:38:00,437.8,0,"Xã Thượng Phúc, TP Hà Nội",0.0,2.0,1,0,0.0,0.0,437.8,0.0,5.0,1,Stopped,0,0,0,0,0,VALID,VALID
92H-07095,2026-08-07 11:40:00,438.0,0,"Xã Thượng Phúc, TP Hà Nội",0.0,2.0,1,0,0.19999999999998863,0.09999999999999432,437.8,0.08944271919571896,5.0,1,Stopped,0,0,0,0,0,VALID,VALID
92H-07095,2026-08-07 11:42:00,438.0,0,"Xã Thượng Phúc, TP Hà Nội",0.0,2.0,1,0,0.0,0.0,437.8,0.10954451157850077,5.0,1,Stopped,0,0,0,0,0,VALID,VALID
92H-07095,2026-08-07 11:43:00,438.0,0,"Xã Thượng Phúc, TP Hà Nội",0.0,1.0,1,0,0.0,0.0,438.0,0.10954451157780284,5.0,1,Stopped,0,0,0,0,0,VALID,VALID
92H-07095,2026-08-07 11:44:00,438.0,0,"Xã Thượng Phúc, TP Hà Nội",0.0,1.0,1,0,0.0,0.0,438.0,0.08944271919315858,5.0,1,Stopped,0,0,0,0,0,VALID,VALID
92H-07095,2026-08-07 11:45:00,438.0,0,"Xã Thượng Phúc, TP Hà Nội",0.0,1.0,1,0,0.0,0.0,438.0,0.0,5.0,1,Stopped,0,0,0,0,0,VALID,VALID
92H-07095,2026-08-07 11:46:00,438.0,0,"Xã Thượng Phúc, TP Hà Nội",0.0,1.0,1,0,0.0,0.0,438.0,0.0,5.0,1,Stopped,0,0,0,0,0,VALID,VALID
92H-07095,2026-08-07 11:47:00,438.0,0,"Xã Thượng Phúc, TP Hà Nội",0.0,1.0,1,0,0.0,0.0,438.0,0.0,5.0,1,Stopped,0,0,0,0,0,VALID,VALID
92H-07095,2026-08-07 11:48:00,438.0,0,"Xã Thượng Phúc, TP Hà Nội",0.0,1.0,1,0,0.0,0.0,438.0,0.0,5.0,1,Stopped,0,0,0,0,0,VALID,VALID
92H-07095,2026-08-07 11:49:00,438.0,0,"Xã Thượng Phúc, TP Hà Nội",0.0,1.0,1,0,0.0,0.0,438.0,0.0,5.0,1,Stopped,0,0,0,0,0,VALID,VALID
92H-07095,2026-08-07 11:50:00,437.7,0,"Xã Thượng Phúc, TP Hà Nội",0.0,1.0,1,0,-0.30000000000001137,-0.30000000000001137,438.0,0.13416407871236563,5.0,1,Stopped,0,0,0,0,0,VALID,VALID
92H-07095,2026-08-07 11:51:00,438.0,0,"Xã Thượng Phúc, TP Hà Nội",0.0,1.0,1,0,0.30000000000001137,0.30000000000001137,438.0,0.13416407871236563,5.0,1,Stopped,0,0,0,0,0,VALID,VALID
92H-07095,2026-08-07 11:52:00,447.2,0,"Xã Thượng Phúc, TP Hà Nội",0.0,1.0,1,0,9.199999999999989,9.199999999999989,438.0,4.149939758600116,5.0,1,Stopped,0,0,1,0,1,LARGE_DELTA,VALID
92H-07095,2026-08-07 11:54:00,447.2,0,"Xã Thượng Phúc, TP Hà Nội",0.0,2.0,1,0,0.0,0.0,438.0,5.095291944531065,5.0,1,Stopped,0,0,0,0,0,VALID,VALID
92H-07095,2026-08-07 11:55:00,447.1,0,"Xã Thượng Phúc, TP Hà Nội",0.0,1.0,1,0,-0.0999999999999659,-0.0999999999999659,447.1,5.104213945358921,5.0,1,Stopped,0,0,0,0,0,VALID,VALID
92H-07095,2026-08-07 11:56:00,446.1,0,"Xã Thượng Phúc, TP Hà Nội",0.0,1.0,1,0,-1.0,-1.0,447.1,4.007118665573843,5.0,1,Stopped,0,0,0,0,0,VALID,VALID
92H-07095,2026-08-07 11:57:00,447.2,0,"Xã Thượng Phúc, TP Hà Nội",0.0,1.0,1,0,1.099999999999966,1.099999999999966,447.2,0.48270073542877634,5.0,1,Stopped,0,0,0,0,0,VALID,VALID
92H-07095,2026-08-07 11:58:00,445.8,6,"Xã Thượng Phúc, TP Hà Nội",0.0,1.0,1,0,-1.3999999999999773,-1.3999999999999773,447.1,0.6760177512347456,5.0,1,Moving,0,0,0,0,0,VALID,VALID
92H-07095,2026-08-07 12:00:00,447.5,0,"Xã Thượng Phúc, TP Hà Nội",0.0,2.0,1,0,1.6999999999999886,0.8499999999999943,447.1,0.743639697692553,5.0,1,Stopped,0,0,0,0,0,VALID,VALID
92H-07095,2026-08-07 12:02:00,445.8,0,"Xã Thượng Phúc, TP Hà Nội",0.0,2.0,1,0,-1.6999999999999886,-0.8499999999999943,446.1,0.8105553651572461,5.0,1,Stopped,0,0,0,0,0,VALID,VALID
92H-07095,2026-08-07 12:04:00,445.6,0,"Xã Thượng Phúc, TP Hà Nội",0.0,2.0,1,0,-0.19999999999998863,-0.09999999999999432,445.8,0.8955445270814625,5.0,1,Stopped,0,0,0,0,0,VALID,VALID
92H-07095,2026-08-07 12:06:00,445.6,0,"Xã Thượng Phúc, TP Hà Nội",0.0,2.0,1,0,0.0,0.0,445.8,0.811171991618754,5.0,1,Stopped,0,0,0,0,0,VALID,VALID
92H-07095,2026-08-07 12:08:00,445.6,0,"Xã Thượng Phúc, TP Hà Nội",0.0,2.0,1,0,0.0,0.0,445.6,0.8318653737155287,5.0,1,Stopped,0,0,0,0,0,VALID,VALID
92H-07095,2026-08-07 12:10:00,445.6,0,"Xã Thượng Phúc, TP Hà Nội",0.0,2.0,1,0,0.0,0.0,445.6,0.08944271903431653,5.0,1,Stopped,0,0,0,0,0,VALID,VALID
92H-07095,2026-08-07 12:12:00,445.6,0,"Xã Thượng Phúc, TP Hà Nội",0.0,2.0,1,0,0.0,0.0,445.6,0.0,5.0,1,Stopped,0,0,0,0,0,VALID,VALID
92H-07095,2026-08-07 12:14:00,445.6,0,"Xã Thượng Phúc, TP Hà Nội",0.0,2.0,1,0,0.0,0.0,445.6,0.0,5.0,1,Stopped,0,0,0,0,0,VALID,VALID
92H-07095,2026-08-07 12:16:00,445.6,0,"Xã Thượng Phúc, TP Hà Nội",0.0,2.0,1,0,0.0,0.0,445.6,0.0,5.0,1,Stopped,0,0,0,0,0,VALID,VALID
92H-07095,2026-08-07 12:18:00,445.6,0,"Xã Thượng Phúc, TP Hà Nội",0.0,2.0,1,0,0.0,0.0,445.6,0.0,5.0,1,Stopped,0,0,0,0,0,VALID,VALID
92H-07095,2026-08-07 12:20:00,445.6,0,"Xã Thượng Phúc, TP Hà Nội",0.0,2.0,1,0,0.0,0.0,445.6,0.0,5.0,1,Stopped,0,0,0,0,0,VALID,VALID
92H-07095,2026-08-07 12:22:00,445.6,0,"Xã Thượng Phúc, TP Hà Nội",0.0,2.0,1,0,0.0,0.0,445.6,0.0,5.0,1,Stopped,0,0,0,0,0,VALID,VALID
92H-07095,2026-08-07 12:24:00,445.6,0,"Xã Thượng Phúc, TP Hà Nội",0.0,2.0,1,0,0.0,0.0,445.6,0.0,5.0,1,Stopped,0,0,0,0,0,VALID,VALID
92H-07095,2026-08-07 12:26:00,445.6,0,"Xã Thượng Phúc, TP Hà Nội",0.0,2.0,1,0,0.0,0.0,445.6,0.0,5.0,1,Stopped,0,0,0,0,0,VALID,VALID
92H-07095,2026-08-07 12:28:00,445.6,0,"Xã Thượng Phúc, TP Hà Nội",0.0,2.0,1,0,0.0,0.0,445.6,0.0,5.0,1,Stopped,0,0,0,0,0,VALID,VALID
92H-07095,2026-08-07 12:29:00,445.6,0,"Xã Thượng Phúc, TP Hà Nội",0.0,1.0,1,0,0.0,0.0,445.6,0.0,5.0,1,Stopped,0,0,0,0,0,VALID,VALID
92H-07095,2026-08-07 12:30:00,445.5,0,"Xã Thượng Phúc, TP Hà Nội",0.0,1.0,1,0,-0.10000000000002274,-0.10000000000002274,445.6,0.04472135942109691,5.0,1,Stopped,0,0,0,0,0,VALID,VALID
92H-07095,2026-08-07 12:31:00,445.6,0,"Xã Thượng Phúc, TP Hà Nội",0.0,1.0,1,0,0.10000000000002274,0.10000000000002274,445.6,0.04472135942109691,5.0,1,Stopped,0,0,0,0,0,VALID,VALID
92H-07095,2026-08-07 12:32:00,445.3,0,"Xã Thượng Phúc, TP Hà Nội",0.0,1.0,1,0,-0.30000000000001137,-0.30000000000001137,445.6,0.13038404806067044,5.0,1,Stopped,0,0,0,0,0,VALID,VALID
92H-07095,2026-08-07 12:33:00,445.5,0,"Xã Thượng Phúc, TP Hà Nội",0.0,1.0,1,0,0.19999999999998863,0.19999999999998863,445.5,0.12247448709326801,5.0,1,Stopped,0,0,0,0,0,VALID,VALID
92H-07095,2026-08-07 12:34:00,445.3,0,"Xã Thượng Phúc, TP Hà Nội",0.0,1.0,1,0,-0.19999999999998863,-0.19999999999998863,445.5,0.13416407860891136,5.0,1,Stopped,0,0,0,0,0,VALID,VALID
92H-07095,2026-08-07 12:36:00,445.3,0,"Xã Thượng Phúc, TP Hà Nội",0.0,2.0,1,0,0.0,0.0,445.3,0.14142135619885657,5.0,1,Stopped,0,0,0,0,0,VALID,VALID
92H-07095,2026-08-07 12:37:00,445.3,0,"Xã Thượng Phúc, TP Hà Nội",0.0,1.0,1,0,0.0,0.0,445.3,0.0894427190404041,5.0,1,Stopped,0,0,0,0,0,VALID,VALID
92H-07095,2026-08-07 12:38:00,445.2,0,"Xã Thượng Phúc, TP Hà Nội",0.0,1.0,1,0,-0.10000000000002274,-0.10000000000002274,445.3,0.10954451145272194,5.0,1,Stopped,0,0,0,0,0,VALID,VALID
92H-07095,2026-08-07 12:39:00,445.3,0,"Xã Thượng Phúc, TP Hà Nội",0.0,1.0,1,0,0.10000000000002274,0.10000000000002274,445.3,0.04472135943330781,5.0,1,Stopped,0,0,0,0,0,VALID,VALID
92H-07095,2026-08-07 12:40:00,445.2,0,"Xã Thượng Phúc, TP Hà Nội",0.0,1.0,1,0,-0.10000000000002274,-0.10000000000002274,445.3,0.05477225565593946,5.0,1,Stopped,0,0,0,0,0,VALID,VALID
92H-07095,2026-08-07 12:42:00,445.0,0,"Xã Thượng Phúc, TP Hà Nội",0.0,2.0,1,0,-0.19999999999998863,-0.09999999999999432,445.2,0.12247448709780165,5.0,1,Stopped,0,0,0,0,0,VALID,VALID
92H-07095,2026-08-07 12:43:00,445.2,0,"Xã Thượng Phúc, TP Hà Nội",0.0,1.0,1,0,0.19999999999998863,0.19999999999998863,445.2,0.10954451145513812,5.0,1,Stopped,0,0,0,0,0,VALID,VALID
92H-07095,2026-08-07 12:44:00,444.9,0,"Xã Thượng Phúc, TP Hà Nội",0.0,1.0,1,0,-0.30000000000001137,-0.30000000000001137,445.2,0.16431676722164498,5.0,1,Stopped,0,0,0,0,0,VALID,VALID
92H-07095,2026-08-07 12:45:00,445.2,0,"Xã Thượng Phúc, TP Hà Nội",0.0,1.0,1,0,0.30000000000001137,0.30000000000001137,445.2,0.14142135620281773,5.0,1,Stopped,0,0,0,0,0,VALID,VALID
92H-07095,2026-08-07 12:46:00,444.9,0,"Xã Thượng Phúc, TP Hà Nội",0.0,1.0,1,0,-0.30000000000001137,-0.30000000000001137,445.0,0.15165750884961482,5.0,1,Stopped,0,0,0,0,0,VALID,VALID
92H-07095,2026-08-07 12:47:00,444.9,0,"Xã Thượng Phúc, TP Hà Nội",0.0,1.0,1,0,0.0,0.0,444.9,0.1643167672227896,5.0,1,Stopped,0,0,0,0,0,VALID,VALID
92H-07095,2026-08-07 12:48:00,444.7,0,"Xã Thượng Phúc, TP Hà Nội",0.0,1.0,1,0,-0.19999999999998863,-0.19999999999998863,444.9,0.17888543817462854,5.0,1,Stopped,0,0,0,0,0,VALID,VALID
92H-07095,2026-08-07 12:49:00,444.9,0,"Xã Thượng Phúc, TP Hà Nội",0.0,1.0,1,0,0.19999999999998863,0.19999999999998863,444.9,0.17888543817462854,5.0,1,Stopped,0,0,0,0,0,VALID,VALID
92H-07095,2026-08-07 12:50:00,444.7,0,"Xã Thượng Phúc, TP Hà Nội",0.0,1.0,1,0,-0.19999999999998863,-0.19999999999998863,444.9,0.10954451146132997,5.0,1,Stopped,0,0,0,0,0,VALID,VALID
92H-07095,2026-08-07 12:52:00,444.7,0,"Xã Thượng Phúc, TP Hà Nội",0.0,2.0,1,0,0.0,0.0,444.7,0.10954451146200456,5.0,1,Stopped,0,0,0,0,0,VALID,VALID
92H-07095,2026-08-07 12:53:00,444.7,0,"Xã Thượng Phúc, TP Hà Nội",0.0,1.0,1,0,0.0,0.0,444.7,0.08944271905301221,5.0,1,Stopped,0,0,0,0,0,VALID,VALID
92H-07095,2026-08-07 12:54:00,444.7,0,"Xã Thượng Phúc, TP Hà Nội",0.0,1.0,1,0,0.0,0.0,444.7,0.08944271905301221,5.0,1,Stopped,0,0,0,0,0,VALID,VALID
92H-07095,2026-08-07 12:55:00,444.7,0,"Xã Thượng Phúc, TP Hà Nội",0.0,1.0,1,0,0.0,0.0,444.7,0.0,5.0,1,Stopped,0,0,0,0,0,VALID,VALID
92H-07095,2026-08-07 12:56:00,444.6,0,"Xã Thượng Phúc, TP Hà Nội",0.0,1.0,1,0,-0.0999999999999659,-0.0999999999999659,444.7,0.04472135945848828,5.0,1,Stopped,0,0,0,0,0,VALID,VALID
92H-07095,2026-08-07 12:57:00,444.7,0,"Xã Thượng Phúc, TP Hà Nội",0.0,1.0,1,0,0.0999999999999659,0.0999999999999659,444.7,0.04472135945848828,5.0,1,Stopped,0,0,0,0,0,VALID,VALID
92H-07095,2026-08-07 12:58:00,444.6,0,"Xã Thượng Phúc, TP Hà Nội",0.0,1.0,1,0,-0.0999999999999659,-0.0999999999999659,444.7,0.05477225567648172,5.0,1,Stopped,0,0,0,0,0,VALID,VALID
92H-07095,2026-08-07 12:59:00,444.6,0,"Xã Thượng Phúc, TP Hà Nội",0.0,1.0,1,0,0.0,0.0,444.6,0.05477225567717316,5.0,1,Stopped,0,0,0,0,0,VALID,VALID
92H-07095,2026-08-07 13:00:00,444.5,0,"Xã Thượng Phúc, TP Hà Nội",0.0,1.0,1,0,-0.10000000000002274,-0.10000000000002274,444.6,0.07071067806293835,5.0,1,Stopped,0,0,0,0,0,VALID,VALID
92H-07095,2026-08-07 13:02:00,444.5,0,"Xã Thượng Phúc, TP Hà Nội",0.0,2.0,1,0,0.0,0.0,444.6,0.08366600260678773,5.0,1,Stopped,0,0,0,0,0,VALID,VALID
92H-07095,2026-08-07 13:03:00,444.5,0,"Xã Thượng Phúc, TP Hà Nội",0.0,1.0,1,0,0.0,0.0,444.5,0.05477225568076463,5.0,1,Stopped,0,0,0,0,0,VALID,VALID
92H-07095,2026-08-07 13:04:00,444.5,0,"Xã Thượng Phúc, TP Hà Nội",0.0,1.0,1,0,0.0,0.0,444.5,0.04472135946546319,5.0,1,Stopped,0,0,0,0,0,VALID,VALID
92H-07095,2026-08-07 13:05:00,444.5,0,"Xã Thượng Phúc, TP Hà Nội",0.0,1.0,1,0,0.0,0.0,444.5,0.0,5.0,1,Stopped,0,0,0,0,0,VALID,VALID
92H-07095,2026-08-07 13:06:00,444.3,0,"Xã Thượng Phúc, TP Hà Nội",0.0,1.0,1,0,-0.19999999999998863,-0.19999999999998863,444.5,0.08944271905908309,5.0,1,Stopped,0,0,0,0,0,VALID,VALID
92H-07095,2026-08-07 13:07:00,444.5,0,"Xã Thượng Phúc, TP Hà Nội",0.0,1.0,1,0,0.19999999999998863,0.19999999999998863,444.5,0.08944271905908309,5.0,1,Stopped,0,0,0,0,0,VALID,VALID
92H-07095,2026-08-07 13:08:00,444.3,0,"Xã Thượng Phúc, TP Hà Nội",0.0,1.0,1,0,-0.19999999999998863,-0.19999999999998863,444.5,0.10954451146836763,5.0,1,Stopped,0,0,0,0,0,VALID,VALID
92H-07095,2026-08-07 13:09:00,444.3,0,"Xã Thượng Phúc, TP Hà Nội",0.0,1.0,1,0,0.0,0.0,444.3,0.10954451146910578,5.0,1,Stopped,0,0,0,0,0,VALID,VALID
92H-07095,2026-08-07 13:10:00,444.2,0,"Xã Thượng Phúc, TP Hà Nội",0.0,1.0,1,0,-0.10000000000002274,-0.10000000000002274,444.3,0.1095445114702383,5.0,1,Stopped,0,0,0,0,0,VALID,VALID
92H-07095,2026-08-07 13:12:00,444.0,0,"Xã Thượng Phúc, TP Hà Nội",0.0,2.0,1,0,-0.19999999999998863,-0.09999999999999432,444.3,0.18165902122795427,5.0,1,Stopped,0,0,0,0,0,VALID,VALID
92H-07095,2026-08-07 13:13:00,444.2,0,"Xã Thượng Phúc, TP Hà Nội",0.0,1.0,1,0,0.19999999999998863,0.19999999999998863,444.2,0.12247448711361641,5.0,1,Stopped,0,0,0,0,0,VALID,VALID
92H-07095,2026-08-07 13:14:00,444.0,0,"Xã Thượng Phúc, TP Hà Nội",0.0,1.0,1,0,-0.19999999999998863,-0.19999999999998863,444.2,0.13416407862758534,5.0,1,Stopped,0,0,0,0,0,VALID,VALID
92H-07095,2026-08-07 13:15:00,444.2,0,"Xã Thượng Phúc, TP Hà Nội",0.0,1.0,1,0,0.19999999999998863,0.19999999999998863,444.2,0.10954451147396278,5.0,1,Stopped,0,0,0,0,0,VALID,VALID
92H-07095,2026-08-07 13:16:00,444.0,0,"Xã Thượng Phúc, TP Hà Nội",0.0,1.0,1,0,-0.19999999999998863,-0.19999999999998863,444.0,0.1095445114747178,5.0,1,Stopped,0,0,0,0,0,VALID,VALID
92H-07095,2026-08-07 13:18:00,444.0,0,"Xã Thượng Phúc, TP Hà Nội",0.0,2.0,1,0,0.0,0.0,444.0,0.1095445114747178,5.0,1,Stopped,0,0,0,0,0,VALID,VALID
92H-07095,2026-08-07 13:20:00,444.0,0,"Xã Thượng Phúc, TP Hà Nội",0.0,2.0,1,0,0.0,0.0,444.0,0.08944271906868519,5.0,1,Stopped,0,0,0,0,0,VALID,VALID
92H-07095,2026-08-07 13:22:00,444.0,0,"Xã Thượng Phúc, TP Hà Nội",0.0,2.0,1,0,0.0,0.0,444.0,0.08944271906868519,5.0,1,Stopped,0,0,0,0,0,VALID,VALID
92H-07095,2026-08-07 13:24:00,443.9,0,"Xã Thượng Phúc, TP Hà Nội",0.0,2.0,1,0,-0.10000000000002274,-0.05000000000001137,444.0,0.04472135949021554,5.0,1,Stopped,0,0,0,0,0,VALID,VALID
92H-07095,2026-08-07 13:26:00,443.9,0,"Xã Thượng Phúc, TP Hà Nội",0.0,2.0,1,0,0.0,0.0,444.0,0.054772255702464745,5.0,1,Stopped,0,0,0,0,0,VALID,VALID
92H-07095,2026-08-07 13:28:00,443.9,0,"Xã Thượng Phúc, TP Hà Nội",0.0,2.0,1,0,0.0,0.0,443.9,0.05477225570321456,5.0,1,Stopped,0,0,0,0,0,VALID,VALID
92H-07095,2026-08-07 13:30:00,443.9,0,"Xã Thượng Phúc, TP Hà Nội",0.0,2.0,1,0,0.0,0.0,443.9,0.04472135949298723,5.0,1,Stopped,0,0,0,0,0,VALID,VALID
92H-07095,2026-08-07 13:32:00,443.9,0,"Xã Thượng Phúc, TP Hà Nội",0.0,2.0,1,0,0.0,0.0,443.9,0.0,5.0,1,Stopped,0,0,0,0,0,VALID,VALID
92H-07095,2026-08-07 13:34:00,443.9,0,"Xã Thượng Phúc, TP Hà Nội",0.0,2.0,1,0,0.0,0.0,443.9,0.0,5.0,1,Stopped,0,0,0,0,0,VALID,VALID
92H-07095,2026-08-07 13:36:00,443.9,0,"Xã Thượng Phúc, TP Hà Nội",0.0,2.0,1,0,0.0,0.0,443.9,0.0,5.0,1,Stopped,0,0,0,0,0,VALID,VALID
92H-07095,2026-08-07 13:38:00,443.9,0,"Xã Thượng Phúc, TP Hà Nội",0.0,2.0,1,0,0.0,0.0,443.9,0.0,5.0,1,Stopped,0,0,0,0,0,VALID,VALID
92H-07095,2026-08-07 13:40:00,443.9,0,"Xã Thượng Phúc, TP Hà Nội",0.0,2.0,1,0,0.0,0.0,443.9,0.0,5.0,1,Stopped,0,0,0,0,0,VALID,VALID
92H-07095,2026-08-07 13:42:00,443.9,0,"Xã Thượng Phúc, TP Hà Nội",0.0,2.0,1,0,0.0,0.0,443.9,0.0,5.0,1,Stopped,0,0,0,0,0,VALID,VALID
92H-07095,2026-08-07 13:44:00,443.9,0,"Xã Thượng Phúc, TP Hà Nội",0.0,2.0,1,0,0.0,0.0,443.9,0.0,5.0,1,Stopped,0,0,0,0,0,VALID,VALID
92H-07095,2026-08-07 13:46:00,443.9,0,"Xã Thượng Phúc, TP Hà Nội",0.0,2.0,1,0,0.0,0.0,443.9,0.0,5.0,1,Stopped,0,0,0,0,0,VALID,VALID
92H-07095,2026-08-07 13:48:00,443.9,0,"Xã Thượng Phúc, TP Hà Nội",0.0,2.0,1,0,0.0,0.0,443.9,0.0,5.0,1,Stopped,0,0,0,0,0,VALID,VALID
92H-07095,2026-08-07 13:50:00,443.9,0,"Xã Thượng Phúc, TP Hà Nội",0.0,2.0,1,0,0.0,0.0,443.9,0.0,5.0,1,Stopped,0,0,0,0,0,VALID,VALID
92H-07095,2026-08-07 13:52:00,443.9,0,"Xã Thượng Phúc, TP Hà Nội",0.0,2.0,1,0,0.0,0.0,443.9,0.0,5.0,1,Stopped,0,0,0,0,0,VALID,VALID
92H-07095,2026-08-07 13:54:00,443.9,0,"Xã Thượng Phúc, TP Hà Nội",0.0,2.0,1,0,0.0,0.0,443.9,0.0,5.0,1,Stopped,0,0,0,0,0,VALID,VALID
92H-07095,2026-08-07 13:56:00,443.9,0,"Xã Thượng Phúc, TP Hà Nội",0.0,2.0,1,0,0.0,0.0,443.9,0.0,5.0,1,Stopped,0,0,0,0,0,VALID,VALID
92H-07095,2026-08-07 13:58:00,443.9,0,"Xã Thượng Phúc, TP Hà Nội",0.0,2.0,1,0,0.0,0.0,443.9,0.0,5.0,1,Stopped,0,0,0,0,0,VALID,VALID
92H-07095,2026-08-07 14:00:00,443.9,0,"Xã Thượng Phúc, TP Hà Nội",0.0,2.0,1,0,0.0,0.0,443.9,0.0,5.0,1,Stopped,0,0,0,0,0,VALID,VALID
92H-07095,2026-08-07 14:02:00,443.9,0,"Xã Thượng Phúc, TP Hà Nội",0.0,2.0,1,0,0.0,0.0,443.9,0.0,5.0,1,Stopped,0,0,0,0,0,VALID,VALID
92H-07095,2026-08-07 14:04:00,443.9,0,"Xã Thượng Phúc, TP Hà Nội",0.0,2.0,1,0,0.0,0.0,443.9,0.0,5.0,1,Stopped,0,0,0,0,0,VALID,VALID
92H-07095,2026-08-07 14:06:00,443.9,0,"Xã Thượng Phúc, TP Hà Nội",0.0,2.0,1,0,0.0,0.0,443.9,0.0,5.0,1,Stopped,0,0,0,0,0,VALID,VALID
92H-07095,2026-08-07 14:08:00,443.9,0,"Xã Thượng Phúc, TP Hà Nội",0.0,2.0,1,0,0.0,0.0,443.9,0.0,5.0,1,Stopped,0,0,0,0,0,VALID,VALID
92H-07095,2026-08-07 14:10:00,443.9,0,"Xã Thượng Phúc, TP Hà Nội",0.0,2.0,1,0,0.0,0.0,443.9,0.0,5.0,1,Stopped,0,0,0,0,0,VALID,VALID
92H-07095,2026-08-07 14:12:00,443.9,0,"Xã Thượng Phúc, TP Hà Nội",0.0,2.0,1,0,0.0,0.0,443.9,0.0,5.0,1,Stopped,0,0,0,0,0,VALID,VALID
92H-07095,2026-08-07 14:14:00,443.9,0,"Xã Thượng Phúc, TP Hà Nội",0.0,2.0,1,0,0.0,0.0,443.9,0.0,5.0,1,Stopped,0,0,0,0,0,VALID,VALID
92H-07095,2026-08-07 14:16:00,443.9,0,"Xã Thượng Phúc, TP Hà Nội",0.0,2.0,1,0,0.0,0.0,443.9,0.0,5.0,1,Stopped,0,0,0,0,0,VALID,VALID
92H-07095,2026-08-07 14:18:00,443.9,0,"Xã Thượng Phúc, TP Hà Nội",0.0,2.0,1,0,0.0,0.0,443.9,0.0,5.0,1,Stopped,0,0,0,0,0,VALID,VALID
92H-07095,2026-08-07 14:20:00,443.9,0,"Xã Thượng Phúc, TP Hà Nội",0.0,2.0,1,0,0.0,0.0,443.9,0.0,5.0,1,Stopped,0,0,0,0,0,VALID,VALID
92H-07095,2026-08-07 14:22:00,443.9,0,"Xã Thượng Phúc, TP Hà Nội",0.0,2.0,1,0,0.0,0.0,443.9,0.0,5.0,1,Stopped,0,0,0,0,0,VALID,VALID
92H-07095,2026-08-07 14:24:00,443.9,0,"Xã Thượng Phúc, TP Hà Nội",0.0,2.0,1,0,0.0,0.0,443.9,0.0,5.0,1,Stopped,0,0,0,0,0,VALID,VALID
92H-07095,2026-08-07 14:26:00,443.9,0,"Xã Thượng Phúc, TP Hà Nội",0.0,2.0,1,0,0.0,0.0,443.9,0.0,5.0,1,Stopped,0,0,0,0,0,VALID,VALID
92H-07095,2026-08-07 14:28:00,443.9,0,"Xã Thượng Phúc, TP Hà Nội",0.0,2.0,1,0,0.0,0.0,443.9,0.0,5.0,1,Stopped,0,0,0,0,0,VALID,VALID
92H-07095,2026-08-07 14:31:00,443.9,0,"Xã Thượng Phúc, TP Hà Nội",0.0,3.0,1,0,0.0,0.0,443.9,0.0,5.0,1,Stopped,0,0,0,0,0,VALID,VALID
92H-07095,2026-08-07 14:33:00,443.9,0,"Xã Thượng Phúc, TP Hà Nội",0.0,2.0,1,0,0.0,0.0,443.9,0.0,5.0,1,Stopped,0,0,0,0,0,VALID,VALID
92H-07095,2026-08-07 14:35:00,443.9,0,"Xã Thượng Phúc, TP Hà Nội",0.0,2.0,1,0,0.0,0.0,443.9,0.0,5.0,1,Stopped,0,0,0,0,0,VALID,VALID
92H-07095,2026-08-07 14:37:00,443.9,0,"Xã Thượng Phúc, TP Hà Nội",0.0,2.0,1,0,0.0,0.0,443.9,0.0,5.0,1,Stopped,0,0,0,0,0,VALID,VALID
92H-07095,2026-08-07 14:39:00,443.9,0,"Xã Thượng Phúc, TP Hà Nội",0.0,2.0,1,0,0.0,0.0,443.9,0.0,5.0,1,Stopped,0,0,0,0,0,VALID,VALID
92H-07095,2026-08-07 14:41:00,443.9,0,"Xã Thượng Phúc, TP Hà Nội",0.0,2.0,1,0,0.0,0.0,443.9,0.0,5.0,1,Stopped,0,0,0,0,0,VALID,VALID
92H-07095,2026-08-07 14:43:00,443.9,0,"Xã Thượng Phúc, TP Hà Nội",0.0,2.0,1,0,0.0,0.0,443.9,0.0,5.0,1,Stopped,0,0,0,0,0,VALID,VALID
92H-07095,2026-08-07 14:45:00,443.9,0,"Xã Thượng Phúc, TP Hà Nội",0.0,2.0,1,0,0.0,0.0,443.9,0.0,5.0,1,Stopped,0,0,0,0,0,VALID,VALID
92H-07095,2026-08-07 14:47:00,443.9,0,"Xã Thượng Phúc, TP Hà Nội",0.0,2.0,1,0,0.0,0.0,443.9,0.0,5.0,1,Stopped,0,0,0,0,0,VALID,VALID
92H-07095,2026-08-07 14:49:00,443.9,0,"Xã Thượng Phúc, TP Hà Nội",0.0,2.0,1,0,0.0,0.0,443.9,0.0,5.0,1,Stopped,0,0,0,0,0,VALID,VALID
92H-07095,2026-08-07 14:51:00,443.9,0,"Xã Thượng Phúc, TP Hà Nội",0.0,2.0,1,0,0.0,0.0,443.9,0.0,5.0,1,Stopped,0,0,0,0,0,VALID,VALID
92H-07095,2026-08-07 14:53:00,443.9,0,"Xã Thượng Phúc, TP Hà Nội",0.0,2.0,1,0,0.0,0.0,443.9,0.0,5.0,1,Stopped,0,0,0,0,0,VALID,VALID
92H-07095,2026-08-07 14:55:00,443.9,0,"Xã Thượng Phúc, TP Hà Nội",0.0,2.0,1,0,0.0,0.0,443.9,0.0,5.0,1,Stopped,0,0,0,0,0,VALID,VALID
92H-07095,2026-08-07 14:57:00,443.9,0,"Xã Thượng Phúc, TP Hà Nội",0.0,2.0,1,0,0.0,0.0,443.9,0.0,5.0,1,Stopped,0,0,0,0,0,VALID,VALID
92H-07095,2026-08-07 14:59:00,443.9,0,"Xã Thượng Phúc, TP Hà Nội",0.0,2.0,1,0,0.0,0.0,443.9,0.0,5.0,1,Stopped,0,0,0,0,0,VALID,VALID
92H-07095,2026-08-07 15:01:00,443.9,0,"Xã Thượng Phúc, TP Hà Nội",0.0,2.0,1,0,0.0,0.0,443.9,0.0,5.0,1,Stopped,0,0,0,0,0,VALID,VALID
92H-07095,2026-08-07 15:03:00,443.9,0,"Xã Thượng Phúc, TP Hà Nội",0.0,2.0,1,0,0.0,0.0,443.9,0.0,5.0,1,Stopped,0,0,0,0,0,VALID,VALID
92H-07095,2026-08-07 15:05:00,443.9,0,"Xã Thượng Phúc, TP Hà Nội",0.0,2.0,1,0,0.0,0.0,443.9,0.0,5.0,1,Stopped,0,0,0,0,0,VALID,VALID
92H-07095,2026-08-07 15:07:00,443.9,0,"Xã Thượng Phúc, TP Hà Nội",0.0,2.0,1,0,0.0,0.0,443.9,0.0,5.0,1,Stopped,0,0,0,0,0,VALID,VALID
92H-07095,2026-08-07 15:09:00,443.9,0,"Xã Thượng Phúc, TP Hà Nội",0.0,2.0,1,0,0.0,0.0,443.9,0.0,5.0,1,Stopped,0,0,0,0,0,VALID,VALID
92H-07095,2026-08-07 15:11:00,443.9,0,"Xã Thượng Phúc, TP Hà Nội",0.0,2.0,1,0,0.0,0.0,443.9,0.0,5.0,1,Stopped,0,0,0,0,0,VALID,VALID
92H-07095,2026-08-07 15:13:00,443.9,0,"Xã Thượng Phúc, TP Hà Nội",0.0,2.0,1,0,0.0,0.0,443.9,0.0,5.0,1,Stopped,0,0,0,0,0,VALID,VALID
92H-07095,2026-08-07 15:15:00,443.9,0,"Xã Thượng Phúc, TP Hà Nội",0.0,2.0,1,0,0.0,0.0,443.9,0.0,5.0,1,Stopped,0,0,0,0,0,VALID,VALID
92H-07095,2026-08-07 15:17:00,443.9,0,"Xã Thượng Phúc, TP Hà Nội",0.0,2.0,1,0,0.0,0.0,443.9,0.0,5.0,1,Stopped,0,0,0,0,0,VALID,VALID
92H-07095,2026-08-07 15:20:00,443.9,0,"Xã Thượng Phúc, TP Hà Nội",0.0,3.0,1,0,0.0,0.0,443.9,0.0,5.0,1,Stopped,0,0,0,0,0,VALID,VALID
92H-07095,2026-08-07 15:22:00,443.9,0,"Xã Thượng Phúc, TP Hà Nội",0.0,2.0,1,0,0.0,0.0,443.9,0.0,5.0,1,Stopped,0,0,0,0,0,VALID,VALID
92H-07095,2026-08-07 15:24:00,443.9,0,"Xã Thượng Phúc, TP Hà Nội",0.0,2.0,1,0,0.0,0.0,443.9,0.0,5.0,1,Stopped,0,0,0,0,0,VALID,VALID
92H-07095,2026-08-07 15:26:00,443.9,0,"Xã Thượng Phúc, TP Hà Nội",0.0,2.0,1,0,0.0,0.0,443.9,0.0,5.0,1,Stopped,0,0,0,0,0,VALID,VALID
92H-07095,2026-08-07 15:28:00,443.9,0,"Xã Thượng Phúc, TP Hà Nội",0.0,2.0,1,0,0.0,0.0,443.9,0.0,5.0,1,Stopped,0,0,0,0,0,VALID,VALID
92H-07095,2026-08-07 15:30:00,443.9,0,"Xã Thượng Phúc, TP Hà Nội",0.0,2.0,1,0,0.0,0.0,443.9,0.0,5.0,1,Stopped,0,0,0,0,0,VALID,VALID
92H-07095,2026-08-07 15:33:00,443.9,0,"Xã Thượng Phúc, TP Hà Nội",0.0,3.0,1,0,0.0,0.0,443.9,0.0,5.0,1,Stopped,0,0,0,0,0,VALID,VALID
92H-07095,2026-08-07 15:35:00,444.0,0,"Xã Thượng Phúc, TP Hà Nội",0.0,2.0,1,0,0.10000000000002274,0.05000000000001137,443.9,0.044721359492958634,5.0,1,Stopped,0,0,0,0,0,VALID,VALID
92H-07095,2026-08-07 15:37:00,444.0,0,"Xã Thượng Phúc, TP Hà Nội",0.0,2.0,1,0,0.0,0.0,443.9,0.054772255703147754,5.0,1,Stopped,0,0,0,0,0,VALID,VALID
92H-07095,2026-08-07 15:39:00,444.0,0,"Xã Thượng Phúc, TP Hà Nội",0.0,2.0,1,0,0.0,0.0,444.0,0.05477225570234085,5.0,1,Stopped,0,0,0,0,0,VALID,VALID
92H-07095,2026-08-07 15:41:00,444.0,0,"Xã Thượng Phúc, TP Hà Nội",0.0,2.0,1,0,0.0,0.0,444.0,0.04472135949001056,5.0,1,Stopped,0,0,0,0,0,VALID,VALID
92H-07095,2026-08-07 15:43:00,444.0,0,"Xã Thượng Phúc, TP Hà Nội",0.0,2.0,1,0,0.0,0.0,444.0,0.0,5.0,1,Stopped,0,0,0,0,0,VALID,VALID
92H-07095,2026-08-07 15:45:00,444.0,0,"Xã Thượng Phúc, TP Hà Nội",0.0,2.0,1,0,0.0,0.0,444.0,0.0,5.0,1,Stopped,0,0,0,0,0,VALID,VALID
92H-07095,2026-08-07 15:47:00,444.0,0,"Xã Thượng Phúc, TP Hà Nội",0.0,2.0,1,0,0.0,0.0,444.0,0.0,5.0,1,Stopped,0,0,0,0,0,VALID,VALID
92H-07095,2026-08-07 15:49:00,444.0,0,"Xã Thượng Phúc, TP Hà Nội",0.0,2.0,1,0,0.0,0.0,444.0,0.0,5.0,1,Stopped,0,0,0,0,0,VALID,VALID
92H-07095,2026-08-07 15:51:00,444.0,0,"Xã Thượng Phúc, TP Hà Nội",0.0,2.0,1,0,0.0,0.0,444.0,0.0,5.0,1,Stopped,0,0,0,0,0,VALID,VALID
92H-07095,2026-08-07 15:53:00,444.0,0,"Xã Thượng Phúc, TP Hà Nội",0.0,2.0,1,0,0.0,0.0,444.0,0.0,5.0,1,Stopped,0,0,0,0,0,VALID,VALID
92H-07095,2026-08-07 15:54:00,444.0,0,"Xã Thượng Phúc, TP Hà Nội",0.0,1.0,1,0,0.0,0.0,444.0,0.0,5.0,1,Stopped,0,0,0,0,0,VALID,VALID
92H-07095,2026-08-07 15:56:00,444.0,0,"Xã Thượng Phúc, TP Hà Nội",0.0,2.0,1,0,0.0,0.0,444.0,0.0,5.0,1,Stopped,0,0,0,0,0,VALID,VALID
92H-07095,2026-08-07 15:58:00,444.0,0,"Xã Thượng Phúc, TP Hà Nội",0.0,2.0,1,0,0.0,0.0,444.0,0.0,5.0,1,Stopped,0,0,0,0,0,VALID,VALID
92H-07095,2026-08-07 16:00:00,444.0,0,"Xã Thượng Phúc, TP Hà Nội",0.0,2.0,1,0,0.0,0.0,444.0,0.0,5.0,1,Stopped,0,0,0,0,0,VALID,VALID
92H-07095,2026-08-07 16:02:00,444.0,0,"Xã Thượng Phúc, TP Hà Nội",0.0,2.0,1,0,0.0,0.0,444.0,0.0,5.0,1,Stopped,0,0,0,0,0,VALID,VALID
92H-07095,2026-08-07 16:04:00,443.9,0,"Xã Thượng Phúc, TP Hà Nội",0.0,2.0,1,0,-0.10000000000002274,-0.05000000000001137,444.0,0.04472135949001056,5.0,1,Stopped,0,0,0,0,0,VALID,VALID
92H-07095,2026-08-07 16:06:00,443.9,0,"Xã Thượng Phúc, TP Hà Nội",0.0,2.0,1,0,0.0,0.0,444.0,0.05477225570234085,5.0,1,Stopped,0,0,0,0,0,VALID,VALID
92H-07095,2026-08-07 16:08:00,443.7,0,"Xã Thượng Phúc, TP Hà Nội",0.0,2.0,1,0,-0.19999999999998863,-0.09999999999999432,443.9,0.12247448711869222,5.0,1,Stopped,0,0,0,0,0,VALID,VALID
92H-07095,2026-08-07 16:10:00,443.6,0,"Xã Thượng Phúc, TP Hà Nội",0.0,2.0,1,0,-0.0999999999999659,-0.04999999999998295,443.9,0.16431676723734473,5.0,1,Stopped,0,0,0,0,0,VALID,VALID
92H-07095,2026-08-07 16:12:00,443.6,0,"Xã Thượng Phúc, TP Hà Nội",0.0,2.0,1,0,0.0,0.0,443.7,0.151657508866794,5.0,1,Stopped,0,0,0,0,0,VALID,VALID
92H-07095,2026-08-07 16:14:00,443.4,0,"Xã Thượng Phúc, TP Hà Nội",0.0,2.0,1,0,-0.20000000000004547,-0.10000000000002274,443.6,0.1816590212351896,5.0,1,Stopped,0,0,0,0,0,VALID,VALID
92H-07095,2026-08-07 16:16:00,443.4,0,"Xã Thượng Phúc, TP Hà Nội",0.0,2.0,1,0,0.0,0.0,443.6,0.1341640786372149,5.0,1,Stopped,0,0,0,0,0,VALID,VALID
92H-07095,2026-08-07 16:18:00,443.4,0,"Xã Thượng Phúc, TP Hà Nội",0.0,2.0,1,0,0.0,0.0,443.4,0.10954451148661665,5.0,1,Stopped,0,0,0,0,0,VALID,VALID
92H-07095,2026-08-07 16:20:00,443.3,0,"Xã Thượng Phúc, TP Hà Nội",0.0,2.0,1,0,-0.0999999999999659,-0.04999999999998295,443.4,0.10954451148781921,5.0,1,Stopped,0,0,0,0,0,VALID,VALID
92H-07095,2026-08-07 16:22:00,443.3,0,"Xã Thượng Phúc, TP Hà Nội",0.0,2.0,1,0,0.0,0.0,443.4,0.05477225572649527,5.0,1,Stopped,0,0,0,0,0,VALID,VALID
92H-07095,2026-08-07 16:24:00,443.1,0,"Xã Thượng Phúc, TP Hà Nội",0.0,2.0,1,0,-0.19999999999998863,-0.09999999999999432,443.3,0.12247448712949963,5.0,1,Stopped,0,0,0,0,0,VALID,VALID
92H-07095,2026-08-07 16:26:00,443.1,0,"Xã Thượng Phúc, TP Hà Nội",0.0,2.0,1,0,0.0,0.0,443.3,0.13416407864217575,5.0,1,Stopped,0,0,0,0,0,VALID,VALID
92H-07095,2026-08-07 16:29:00,443.0,0,"Xã Thượng Phúc, TP Hà Nội",0.0,3.0,1,0,-0.10000000000002274,-0.03333333333334091,443.1,0.1341640786435591,5.0,1,Stopped,0,0,0,0,0,VALID,VALID
92H-07095,2026-08-07 16:31:00,443.0,0,"Xã Thượng Phúc, TP Hà Nội",0.0,2.0,1,0,0.0,0.0,443.1,0.12247448713323465,5.0,1,Stopped,0,0,0,0,0,VALID,VALID
92H-07095,2026-08-07 16:33:00,443.0,0,"Xã Thượng Phúc, TP Hà Nội",0.0,2.0,1,0,0.0,0.0,443.0,0.0547722557397702,5.0,1,Stopped,0,0,0,0,0,VALID,VALID
92H-07095,2026-08-07 16:35:00,443.0,0,"Xã Thượng Phúc, TP Hà Nội",0.0,2.0,1,0,0.0,0.0,443.0,0.04472135953785707,5.0,1,Stopped,0,0,0,0,0,VALID,VALID
92H-07095,2026-08-07 16:37:00,443.0,0,"Xã Thượng Phúc, TP Hà Nội",0.0,2.0,1,0,0.0,0.0,443.0,0.0,5.0,1,Stopped,0,0,0,0,0,VALID,VALID
92H-07095,2026-08-07 16:39:00,443.0,0,"Xã Thượng Phúc, TP Hà Nội",0.0,2.0,1,0,0.0,0.0,443.0,0.0,5.0,1,Stopped,0,0,0,0,0,VALID,VALID
92H-07095,2026-08-07 16:41:00,443.0,0,"Xã Thượng Phúc, TP Hà Nội",0.0,2.0,1,0,0.0,0.0,443.0,0.0,5.0,1,Stopped,0,0,0,0,0,VALID,VALID
92H-07095,2026-08-07 16:43:00,443.0,0,"Xã Thượng Phúc, TP Hà Nội",0.0,2.0,1,0,0.0,0.0,443.0,0.0,5.0,1,Stopped,0,0,0,0,0,VALID,VALID
92H-07095,2026-08-07 16:45:00,443.0,0,"Xã Thượng Phúc, TP Hà Nội",0.0,2.0,1,0,0.0,0.0,443.0,0.0,5.0,1,Stopped,0,0,0,0,0,VALID,VALID
92H-07095,2026-08-07 16:47:00,443.0,0,"Xã Thượng Phúc, TP Hà Nội",0.0,2.0,1,0,0.0,0.0,443.0,0.0,5.0,1,Stopped,0,0,0,0,0,VALID,VALID
92H-07095,2026-08-07 16:49:00,443.0,0,"Xã Thượng Phúc, TP Hà Nội",0.0,2.0,1,0,0.0,0.0,443.0,0.0,5.0,1,Stopped,0,0,0,0,0,VALID,VALID
92H-07095,2026-08-07 16:51:00,443.0,0,"Xã Thượng Phúc, TP Hà Nội",0.0,2.0,1,0,0.0,0.0,443.0,0.0,5.0,1,Stopped,0,0,0,0,0,VALID,VALID
92H-07095,2026-08-07 16:53:00,443.0,0,"Xã Thượng Phúc, TP Hà Nội",0.0,2.0,1,0,0.0,0.0,443.0,0.0,5.0,1,Stopped,0,0,0,0,0,VALID,VALID
92H-07095,2026-08-07 16:55:00,443.0,0,"Xã Thượng Phúc, TP Hà Nội",0.0,2.0,1,0,0.0,0.0,443.0,0.0,5.0,1,Stopped,0,0,0,0,0,VALID,VALID
92H-07095,2026-08-07 16:57:00,443.0,0,"Xã Thượng Phúc, TP Hà Nội",0.0,2.0,1,0,0.0,0.0,443.0,0.0,5.0,1,Stopped,0,0,0,0,0,VALID,VALID
92H-07095,2026-08-07 16:59:00,443.0,0,"Xã Thượng Phúc, TP Hà Nội",0.0,2.0,1,0,0.0,0.0,443.0,0.0,5.0,1,Stopped,0,0,0,0,0,VALID,VALID
92H-07095,2026-08-07 17:01:00,443.0,0,"Xã Thượng Phúc, TP Hà Nội",0.0,2.0,1,0,0.0,0.0,443.0,0.0,5.0,1,Stopped,0,0,0,0,0,VALID,VALID
92H-07095,2026-08-07 17:03:00,443.0,0,"Xã Thượng Phúc, TP Hà Nội",0.0,2.0,1,0,0.0,0.0,443.0,0.0,5.0,1,Stopped,0,0,0,0,0,VALID,VALID
92H-07095,2026-08-07 17:05:00,443.0,0,"Xã Thượng Phúc, TP Hà Nội",0.0,2.0,1,0,0.0,0.0,443.0,0.0,5.0,1,Stopped,0,0,0,0,0,VALID,VALID
92H-07095,2026-08-07 17:07:00,443.0,0,"Xã Thượng Phúc, TP Hà Nội",0.0,2.0,1,0,0.0,0.0,443.0,0.0,5.0,1,Stopped,0,0,0,0,0,VALID,VALID
92H-07095,2026-08-07 17:09:00,443.0,0,"Xã Thượng Phúc, TP Hà Nội",0.0,2.0,1,0,0.0,0.0,443.0,0.0,5.0,1,Stopped,0,0,0,0,0,VALID,VALID
92H-07095,2026-08-07 17:11:00,443.0,0,"Xã Thượng Phúc, TP Hà Nội",0.0,2.0,1,0,0.0,0.0,443.0,0.0,5.0,1,Stopped,0,0,0,0,0,VALID,VALID
92H-07095,2026-08-07 17:13:00,443.0,0,"Xã Thượng Phúc, TP Hà Nội",0.0,2.0,1,0,0.0,0.0,443.0,0.0,5.0,1,Stopped,0,0,0,0,0,VALID,VALID
92H-07095,2026-08-07 17:15:00,443.0,0,"Xã Thượng Phúc, TP Hà Nội",0.0,2.0,1,0,0.0,0.0,443.0,0.0,5.0,1,Stopped,0,0,0,0,0,VALID,VALID
92H-07095,2026-08-07 17:17:00,443.0,0,"Xã Thượng Phúc, TP Hà Nội",0.0,2.0,1,0,0.0,0.0,443.0,0.0,5.0,1,Stopped,0,0,0,0,0,VALID,VALID
92H-07095,2026-08-07 17:19:00,443.0,0,"Xã Thượng Phúc, TP Hà Nội",0.0,2.0,1,0,0.0,0.0,443.0,0.0,5.0,1,Stopped,0,0,0,0,0,VALID,VALID
92H-07095,2026-08-07 17:21:00,443.0,0,"Xã Thượng Phúc, TP Hà Nội",0.0,2.0,1,0,0.0,0.0,443.0,0.0,5.0,1,Stopped,0,0,0,0,0,VALID,VALID
92H-07095,2026-08-07 17:23:00,443.0,0,"Xã Thượng Phúc, TP Hà Nội",0.0,2.0,1,0,0.0,0.0,443.0,0.0,5.0,1,Stopped,0,0,0,0,0,VALID,VALID
92H-07095,2026-08-07 17:25:00,443.0,0,"Xã Thượng Phúc, TP Hà Nội",0.0,2.0,1,0,0.0,0.0,443.0,0.0,5.0,1,Stopped,0,0,0,0,0,VALID,VALID
92H-07095,2026-08-07 17:27:00,443.0,0,"Xã Thượng Phúc, TP Hà Nội",0.0,2.0,1,0,0.0,0.0,443.0,0.0,5.0,1,Stopped,0,0,0,0,0,VALID,VALID
92H-07095,2026-08-07 17:29:00,443.0,0,"Xã Thượng Phúc, TP Hà Nội",0.0,2.0,1,0,0.0,0.0,443.0,0.0,5.0,1,Stopped,0,0,0,0,0,VALID,VALID
92H-07095,2026-08-07 17:31:00,443.0,0,"Xã Thượng Phúc, TP Hà Nội",0.0,2.0,1,0,0.0,0.0,443.0,0.0,5.0,1,Stopped,0,0,0,0,0,VALID,VALID
92H-07095,2026-08-07 17:33:00,443.0,0,"Xã Thượng Phúc, TP Hà Nội",0.0,2.0,1,0,0.0,0.0,443.0,0.0,5.0,1,Stopped,0,0,0,0,0,VALID,VALID
92H-07095,2026-08-07 17:34:00,443.0,0,"Xã Thượng Phúc, TP Hà Nội",0.0,1.0,1,0,0.0,0.0,443.0,0.0,5.0,1,Stopped,0,0,0,0,0,VALID,VALID
92H-07095,2026-08-07 17:36:00,443.0,0,"Xã Thượng Phúc, TP Hà Nội",0.0,2.0,1,0,0.0,0.0,443.0,0.0,5.0,1,Stopped,0,0,0,0,0,VALID,VALID
92H-07095,2026-08-07 17:38:00,443.0,0,"Xã Thượng Phúc, TP Hà Nội",0.0,2.0,1,0,0.0,0.0,443.0,0.0,5.0,1,Stopped,0,0,0,0,0,VALID,VALID
92H-07095,2026-08-07 17:40:00,443.0,0,"Xã Thượng Phúc, TP Hà Nội",0.0,2.0,1,0,0.0,0.0,443.0,0.0,5.0,1,Stopped,0,0,0,0,0,VALID,VALID
92H-07095,2026-08-07 17:42:00,443.0,0,"Xã Thượng Phúc, TP Hà Nội",0.0,2.0,1,0,0.0,0.0,443.0,0.0,5.0,1,Stopped,0,0,0,0,0,VALID,VALID
92H-07095,2026-08-07 17:44:00,443.0,0,"Xã Thượng Phúc, TP Hà Nội",0.0,2.0,1,0,0.0,0.0,443.0,0.0,5.0,1,Stopped,0,0,0,0,0,VALID,VALID
92H-07095,2026-08-07 17:46:00,443.0,0,"Xã Thượng Phúc, TP Hà Nội",0.0,2.0,1,0,0.0,0.0,443.0,0.0,5.0,1,Stopped,0,0,0,0,0,VALID,VALID
92H-07095,2026-08-07 17:48:00,443.0,0,"Xã Thượng Phúc, TP Hà Nội",0.0,2.0,1,0,0.0,0.0,443.0,0.0,5.0,1,Stopped,0,0,0,0,0,VALID,VALID
92H-07095,2026-08-07 17:50:00,443.0,0,"Xã Thượng Phúc, TP Hà Nội",0.0,2.0,1,0,0.0,0.0,443.0,0.0,5.0,1,Stopped,0,0,0,0,0,VALID,VALID
92H-07095,2026-08-07 17:52:00,443.0,0,"Xã Thượng Phúc, TP Hà Nội",0.0,2.0,1,0,0.0,0.0,443.0,0.0,5.0,1,Stopped,0,0,0,0,0,VALID,VALID
92H-07095,2026-08-07 17:54:00,443.0,0,"Xã Thượng Phúc, TP Hà Nội",0.0,2.0,1,0,0.0,0.0,443.0,0.0,5.0,1,Stopped,0,0,0,0,0,VALID,VALID
92H-07095,2026-08-07 17:56:00,443.0,0,"Xã Thượng Phúc, TP Hà Nội",0.0,2.0,1,0,0.0,0.0,443.0,0.0,5.0,1,Stopped,0,0,0,0,0,VALID,VALID
92H-07095,2026-08-07 17:58:00,443.0,0,"Xã Thượng Phúc, TP Hà Nội",0.0,2.0,1,0,0.0,0.0,443.0,0.0,5.0,1,Stopped,0,0,0,0,0,VALID,VALID
92H-07095,2026-08-07 18:00:00,443.0,0,"Xã Thượng Phúc, TP Hà Nội",0.0,2.0,1,0,0.0,0.0,443.0,0.0,5.0,1,Stopped,0,0,0,0,0,VALID,VALID
92H-07095,2026-08-07 18:02:00,443.0,0,"Xã Thượng Phúc, TP Hà Nội",0.0,2.0,1,0,0.0,0.0,443.0,0.0,5.0,1,Stopped,0,0,0,0,0,VALID,VALID
92H-07095,2026-08-07 18:04:00,443.0,0,"Xã Thượng Phúc, TP Hà Nội",0.0,2.0,1,0,0.0,0.0,443.0,0.0,5.0,1,Stopped,0,0,0,0,0,VALID,VALID
92H-07095,2026-08-07 18:06:00,443.0,0,"Xã Thượng Phúc, TP Hà Nội",0.0,2.0,1,0,0.0,0.0,443.0,0.0,5.0,1,Stopped,0,0,0,0,0,VALID,VALID
92H-07095,2026-08-07 18:08:00,443.0,0,"Xã Thượng Phúc, TP Hà Nội",0.0,2.0,1,0,0.0,0.0,443.0,0.0,5.0,1,Stopped,0,0,0,0,0,VALID,VALID
92H-07095,2026-08-07 18:10:00,443.0,0,"Xã Thượng Phúc, TP Hà Nội",0.0,2.0,1,0,0.0,0.0,443.0,0.0,5.0,1,Stopped,0,0,0,0,0,VALID,VALID
92H-07095,2026-08-07 18:12:00,443.0,0,"Xã Thượng Phúc, TP Hà Nội",0.0,2.0,1,0,0.0,0.0,443.0,0.0,5.0,1,Stopped,0,0,0,0,0,VALID,VALID
92H-07095,2026-08-07 18:14:00,443.0,0,"Xã Thượng Phúc, TP Hà Nội",0.0,2.0,1,0,0.0,0.0,443.0,0.0,5.0,1,Stopped,0,0,0,0,0,VALID,VALID
92H-07095,2026-08-07 18:16:00,443.0,0,"Xã Thượng Phúc, TP Hà Nội",0.0,2.0,1,0,0.0,0.0,443.0,0.0,5.0,1,Stopped,0,0,0,0,0,VALID,VALID
92H-07095,2026-08-07 18:18:00,443.0,0,"Xã Thượng Phúc, TP Hà Nội",0.0,2.0,1,0,0.0,0.0,443.0,0.0,5.0,1,Stopped,0,0,0,0,0,VALID,VALID
92H-07095,2026-08-07 18:20:00,443.0,0,"Xã Thượng Phúc, TP Hà Nội",0.0,2.0,1,0,0.0,0.0,443.0,0.0,5.0,1,Stopped,0,0,0,0,0,VALID,VALID
92H-07095,2026-08-07 18:22:00,443.0,0,"Xã Thượng Phúc, TP Hà Nội",0.0,2.0,1,0,0.0,0.0,443.0,0.0,5.0,1,Stopped,0,0,0,0,0,VALID,VALID
92H-07095,2026-08-07 18:24:00,443.0,0,"Xã Thượng Phúc, TP Hà Nội",0.0,2.0,1,0,0.0,0.0,443.0,0.0,5.0,1,Stopped,0,0,0,0,0,VALID,VALID
92H-07095,2026-08-07 18:26:00,443.0,0,"Xã Thượng Phúc, TP Hà Nội",0.0,2.0,1,0,0.0,0.0,443.0,0.0,5.0,1,Stopped,0,0,0,0,0,VALID,VALID
92H-07095,2026-08-07 18:28:00,443.0,0,"Xã Thượng Phúc, TP Hà Nội",0.0,2.0,1,0,0.0,0.0,443.0,0.0,5.0,1,Stopped,0,0,0,0,0,VALID,VALID
92H-07095,2026-08-07 18:30:00,443.0,0,"Xã Thượng Phúc, TP Hà Nội",0.0,2.0,1,0,0.0,0.0,443.0,0.0,5.0,1,Stopped,0,0,0,0,0,VALID,VALID
92H-07095,2026-08-07 18:32:00,443.0,0,"Xã Thượng Phúc, TP Hà Nội",0.0,2.0,1,0,0.0,0.0,443.0,0.0,5.0,1,Stopped,0,0,0,0,0,VALID,VALID
92H-07095,2026-08-07 18:34:00,443.0,0,"Xã Thượng Phúc, TP Hà Nội",0.0,2.0,1,0,0.0,0.0,443.0,0.0,5.0,1,Stopped,0,0,0,0,0,VALID,VALID
92H-07095,2026-08-07 18:37:00,443.0,0,"Xã Thượng Phúc, TP Hà Nội",0.0,3.0,1,0,0.0,0.0,443.0,0.0,5.0,1,Stopped,0,0,0,0,0,VALID,VALID
92H-07095,2026-08-07 18:39:00,443.0,0,"Xã Thượng Phúc, TP Hà Nội",0.0,2.0,1,0,0.0,0.0,443.0,0.0,5.0,1,Stopped,0,0,0,0,0,VALID,VALID
92H-07095,2026-08-07 18:41:00,443.0,0,"Xã Thượng Phúc, TP Hà Nội",0.0,2.0,1,0,0.0,0.0,443.0,0.0,5.0,1,Stopped,0,0,0,0,0,VALID,VALID
92H-07095,2026-08-07 18:43:00,443.0,0,"Xã Thượng Phúc, TP Hà Nội",0.0,2.0,1,0,0.0,0.0,443.0,0.0,5.0,1,Stopped,0,0,0,0,0,VALID,VALID
92H-07095,2026-08-07 18:45:00,443.0,0,"Xã Thượng Phúc, TP Hà Nội",0.0,2.0,1,0,0.0,0.0,443.0,0.0,5.0,1,Stopped,0,0,0,0,0,VALID,VALID
92H-07095,2026-08-07 18:47:00,443.0,0,"Xã Thượng Phúc, TP Hà Nội",0.0,2.0,1,0,0.0,0.0,443.0,0.0,5.0,1,Stopped,0,0,0,0,0,VALID,VALID
92H-07095,2026-08-07 18:49:00,443.0,0,"Xã Thượng Phúc, TP Hà Nội",0.0,2.0,1,0,0.0,0.0,443.0,0.0,5.0,1,Stopped,0,0,0,0,0,VALID,VALID
92H-07095,2026-08-07 18:51:00,443.0,0,"Xã Thượng Phúc, TP Hà Nội",0.0,2.0,1,0,0.0,0.0,443.0,0.0,5.0,1,Stopped,0,0,0,0,0,VALID,VALID
92H-07095,2026-08-07 18:53:00,443.0,0,"Xã Thượng Phúc, TP Hà Nội",0.0,2.0,1,0,0.0,0.0,443.0,0.0,5.0,1,Stopped,0,0,0,0,0,VALID,VALID
92H-07095,2026-08-07 18:55:00,443.0,0,"Xã Thượng Phúc, TP Hà Nội",0.0,2.0,1,0,0.0,0.0,443.0,0.0,5.0,1,Stopped,0,0,0,0,0,VALID,VALID
92H-07095,2026-08-07 18:57:00,443.0,0,"Xã Thượng Phúc, TP Hà Nội",0.0,2.0,1,0,0.0,0.0,443.0,0.0,5.0,1,Stopped,0,0,0,0,0,VALID,VALID
92H-07095,2026-08-07 18:59:00,443.0,0,"Xã Thượng Phúc, TP Hà Nội",0.0,2.0,1,0,0.0,0.0,443.0,0.0,5.0,1,Stopped,0,0,0,0,0,VALID,VALID
92H-07095,2026-08-07 19:01:00,443.0,0,"Xã Thượng Phúc, TP Hà Nội",0.0,2.0,1,0,0.0,0.0,443.0,0.0,5.0,1,Stopped,0,0,0,0,0,VALID,VALID
92H-07095,2026-08-07 19:03:00,443.0,0,"Xã Thượng Phúc, TP Hà Nội",0.0,2.0,1,0,0.0,0.0,443.0,0.0,5.0,1,Stopped,0,0,0,0,0,VALID,VALID
92H-07095,2026-08-07 19:05:00,443.0,0,"Xã Thượng Phúc, TP Hà Nội",0.0,2.0,1,0,0.0,0.0,443.0,0.0,5.0,1,Stopped,0,0,0,0,0,VALID,VALID
92H-07095,2026-08-07 19:07:00,443.0,0,"Xã Thượng Phúc, TP Hà Nội",0.0,2.0,1,0,0.0,0.0,443.0,0.0,5.0,1,Stopped,0,0,0,0,0,VALID,VALID
92H-07095,2026-08-07 19:09:00,443.0,0,"Xã Thượng Phúc, TP Hà Nội",0.0,2.0,1,0,0.0,0.0,443.0,0.0,5.0,1,Stopped,0,0,0,0,0,VALID,VALID
92H-07095,2026-08-07 19:11:00,443.0,0,"Xã Thượng Phúc, TP Hà Nội",0.0,2.0,1,0,0.0,0.0,443.0,0.0,5.0,1,Stopped,0,0,0,0,0,VALID,VALID
92H-07095,2026-08-07 19:13:00,443.0,0,"Xã Thượng Phúc, TP Hà Nội",0.0,2.0,1,0,0.0,0.0,443.0,0.0,5.0,1,Stopped,0,0,0,0,0,VALID,VALID
92H-07095,2026-08-07 19:15:00,443.0,0,"Xã Thượng Phúc, TP Hà Nội",0.0,2.0,1,0,0.0,0.0,443.0,0.0,5.0,1,Stopped,0,0,0,0,0,VALID,VALID
92H-07095,2026-08-07 19:17:00,443.0,0,"Xã Thượng Phúc, TP Hà Nội",0.0,2.0,1,0,0.0,0.0,443.0,0.0,5.0,1,Stopped,0,0,0,0,0,VALID,VALID
92H-07095,2026-08-07 19:20:00,443.0,0,"Xã Thượng Phúc, TP Hà Nội",0.0,3.0,1,0,0.0,0.0,443.0,0.0,5.0,1,Stopped,0,0,0,0,0,VALID,VALID
92H-07095,2026-08-07 19:22:00,443.0,0,"Xã Thượng Phúc, TP Hà Nội",0.0,2.0,1,0,0.0,0.0,443.0,0.0,5.0,1,Stopped,0,0,0,0,0,VALID,VALID
92H-07095,2026-08-07 19:24:00,443.0,0,"Xã Thượng Phúc, TP Hà Nội",0.0,2.0,1,0,0.0,0.0,443.0,0.0,5.0,1,Stopped,0,0,0,0,0,VALID,VALID
92H-07095,2026-08-07 19:26:00,443.0,0,"Xã Thượng Phúc, TP Hà Nội",0.0,2.0,1,0,0.0,0.0,443.0,0.0,5.0,1,Stopped,0,0,0,0,0,VALID,VALID
92H-07095,2026-08-07 19:28:00,443.0,0,"Xã Thượng Phúc, TP Hà Nội",0.0,2.0,1,0,0.0,0.0,443.0,0.0,5.0,1,Stopped,0,0,0,0,0,VALID,VALID
92H-07095,2026-08-07 19:30:00,443.0,0,"Xã Thượng Phúc, TP Hà Nội",0.0,2.0,1,0,0.0,0.0,443.0,0.0,5.0,1,Stopped,0,0,0,0,0,VALID,VALID
92H-07095,2026-08-07 19:32:00,443.0,0,"Xã Thượng Phúc, TP Hà Nội",0.0,2.0,1,0,0.0,0.0,443.0,0.0,5.0,1,Stopped,0,0,0,0,0,VALID,VALID
92H-07095,2026-08-07 19:34:00,443.0,0,"Xã Thượng Phúc, TP Hà Nội",0.0,2.0,1,0,0.0,0.0,443.0,0.0,5.0,1,Stopped,0,0,0,0,0,VALID,VALID
92H-07095,2026-08-07 19:36:00,443.0,0,"Xã Thượng Phúc, TP Hà Nội",0.0,2.0,1,0,0.0,0.0,443.0,0.0,5.0,1,Stopped,0,0,0,0,0,VALID,VALID
92H-07095,2026-08-07 19:38:00,443.0,0,"Xã Thượng Phúc, TP Hà Nội",0.0,2.0,1,0,0.0,0.0,443.0,0.0,5.0,1,Stopped,0,0,0,0,0,VALID,VALID
92H-07095,2026-08-07 19:40:00,443.0,0,"Xã Thượng Phúc, TP Hà Nội",0.0,2.0,1,0,0.0,0.0,443.0,0.0,5.0,1,Stopped,0,0,0,0,0,VALID,VALID
92H-07095,2026-08-07 19:42:00,443.0,0,"Xã Thượng Phúc, TP Hà Nội",0.0,2.0,1,0,0.0,0.0,443.0,0.0,5.0,1,Stopped,0,0,0,0,0,VALID,VALID
92H-07095,2026-08-07 19:44:00,443.0,0,"Xã Thượng Phúc, TP Hà Nội",0.0,2.0,1,0,0.0,0.0,443.0,0.0,5.0,1,Stopped,0,0,0,0,0,VALID,VALID
92H-07095,2026-08-07 19:46:00,443.0,0,"Xã Thượng Phúc, TP Hà Nội",0.0,2.0,1,0,0.0,0.0,443.0,0.0,5.0,1,Stopped,0,0,0,0,0,VALID,VALID
92H-07095,2026-08-07 19:48:00,443.0,0,"Xã Thượng Phúc, TP Hà Nội",0.0,2.0,1,0,0.0,0.0,443.0,0.0,5.0,1,Stopped,0,0,0,0,0,VALID,VALID
92H-07095,2026-08-07 19:50:00,443.1,0,"Xã Thượng Phúc, TP Hà Nội",0.0,2.0,1,0,0.10000000000002274,0.05000000000001137,443.0,0.04472135953785707,5.0,1,Stopped,0,0,0,0,0,VALID,VALID
92H-07095,2026-08-07 19:52:00,443.1,0,"Xã Thượng Phúc, TP Hà Nội",0.0,2.0,1,0,0.0,0.0,443.0,0.0547722557397702,5.0,1,Stopped,0,0,0,0,0,VALID,VALID
92H-07095,2026-08-07 19:54:00,443.1,0,"Xã Thượng Phúc, TP Hà Nội",0.0,2.0,1,0,0.0,0.0,443.1,0.05477225573893995,5.0,1,Stopped,0,0,0,0,0,VALID,VALID
92H-07095,2026-08-07 19:56:00,443.1,0,"Xã Thượng Phúc, TP Hà Nội",0.0,2.0,1,0,0.0,0.0,443.1,0.04472135953480653,5.0,1,Stopped,0,0,0,0,0,VALID,VALID
92H-07095,2026-08-07 19:58:00,443.1,0,"Xã Thượng Phúc, TP Hà Nội",0.0,2.0,1,0,0.0,0.0,443.1,0.0,5.0,1,Stopped,0,0,0,0,0,VALID,VALID
92H-07095,2026-08-07 20:00:00,443.1,0,"Xã Thượng Phúc, TP Hà Nội",0.0,2.0,1,0,0.0,0.0,443.1,0.0,5.0,1,Stopped,0,0,0,0,0,VALID,VALID
92H-07095,2026-08-07 20:02:00,443.1,0,"Xã Thượng Phúc, TP Hà Nội",0.0,2.0,1,0,0.0,0.0,443.1,0.0,5.0,1,Stopped,0,0,0,0,0,VALID,VALID
92H-07095,2026-08-07 20:04:00,443.1,0,"Xã Thượng Phúc, TP Hà Nội",0.0,2.0,1,0,0.0,0.0,443.1,0.0,5.0,1,Stopped,0,0,0,0,0,VALID,VALID
92H-07095,2026-08-07 20:06:00,443.1,0,"Xã Thượng Phúc, TP Hà Nội",0.0,2.0,1,0,0.0,0.0,443.1,0.0,5.0,1,Stopped,0,0,0,0,0,VALID,VALID
92H-07095,2026-08-07 20:08:00,443.1,0,"Xã Thượng Phúc, TP Hà Nội",0.0,2.0,1,0,0.0,0.0,443.1,0.0,5.0,1,Stopped,0,0,0,0,0,VALID,VALID
92H-07095,2026-08-07 20:10:00,443.1,0,"Xã Thượng Phúc, TP Hà Nội",0.0,2.0,1,0,0.0,0.0,443.1,0.0,5.0,1,Stopped,0,0,0,0,0,VALID,VALID
92H-07095,2026-08-07 20:12:00,442.4,0,"Xã Thượng Phúc, TP Hà Nội",0.0,2.0,1,0,-0.7000000000000455,-0.35000000000002274,443.1,0.31304951684867205,5.0,1,Stopped,0,0,0,0,0,VALID,VALID
92H-07095,2026-08-07 20:14:00,442.8,0,"Xã Thượng Phúc, TP Hà Nội",0.0,2.0,1,0,0.4000000000000341,0.20000000000001705,443.1,0.30822070014756164,5.0,1,Stopped,0,0,0,0,0,VALID,VALID
92H-07095,2026-08-07 20:16:00,442.7,0,"Xã Thượng Phúc, TP Hà Nội",0.0,2.0,1,0,-0.10000000000002274,-0.05000000000001137,442.8,0.29495762407473164,5.0,1,Stopped,0,0,0,0,0,VALID,VALID
92H-07095,2026-08-07 20:18:00,442.7,0,"Xã Thượng Phúc, TP Hà Nội",0.0,2.0,1,0,0.0,0.0,442.7,0.25099800796056265,5.0,1,Stopped,0,0,0,0,0,VALID,VALID
92H-07095,2026-08-07 20:20:00,442.7,0,"Xã Thượng Phúc, TP Hà Nội",0.0,2.0,1,0,0.0,0.0,442.7,0.15165750888277582,5.0,1,Stopped,0,0,0,0,0,VALID,VALID
92H-07095,2026-08-07 20:22:00,442.5,0,"Xã Thượng Phúc, TP Hà Nội",0.0,2.0,1,0,-0.19999999999998863,-0.09999999999999432,442.7,0.10954451150302058,5.0,1,Stopped,0,0,0,0,0,VALID,VALID
92H-07095,2026-08-07 20:24:00,442.5,0,"Xã Thượng Phúc, TP Hà Nội",0.0,2.0,1,0,0.0,0.0,442.7,0.10954451150422313,5.0,1,Stopped,0,0,0,0,0,VALID,VALID
92H-07095,2026-08-07 20:26:00,442.5,0,"Xã Thượng Phúc, TP Hà Nội",0.0,2.0,1,0,0.0,0.0,442.5,0.10954451150502484,5.0,1,Stopped,0,0,0,0,0,VALID,VALID
92H-07095,2026-08-07 20:28:00,442.4,0,"Xã Thượng Phúc, TP Hà Nội",0.0,2.0,1,0,-0.10000000000002274,-0.05000000000001137,442.5,0.1095445115062274,5.0,1,Stopped,0,0,0,0,0,VALID,VALID
92H-07095,2026-08-07 20:30:00,442.4,0,"Xã Thượng Phúc, TP Hà Nội",0.0,2.0,1,0,0.0,0.0,442.5,0.05477225576331168,5.0,1,Stopped,0,0,0,0,0,VALID,VALID
92H-07095,2026-08-07 20:32:00,442.3,0,"Xã Thượng Phúc, TP Hà Nội",0.0,2.0,1,0,-0.0999999999999659,-0.04999999999998295,442.4,0.08366600266283511,5.0,1,Stopped,0,0,0,0,0,VALID,VALID
92H-07095,2026-08-07 20:34:00,442.3,0,"Xã Thượng Phúc, TP Hà Nội",0.0,2.0,1,0,0.0,0.0,442.4,0.08366600266390688,5.0,1,Stopped,0,0,0,0,0,VALID,VALID
92H-07095,2026-08-07 20:36:00,442.3,0,"Xã Thượng Phúc, TP Hà Nội",0.0,2.0,1,0,0.0,0.0,442.3,0.05477225576822313,5.0,1,Stopped,0,0,0,0,0,VALID,VALID
92H-07095,2026-08-07 20:38:00,442.1,0,"Xã Thượng Phúc, TP Hà Nội",0.0,2.0,1,0,-0.19999999999998863,-0.09999999999999432,442.3,0.10954451151114762,5.0,1,Stopped,0,0,0,0,0,VALID,VALID
92H-07095,2026-08-07 20:40:00,442.1,0,"Xã Thượng Phúc, TP Hà Nội",0.0,2.0,1,0,0.0,0.0,442.3,0.1095445115124183,5.0,1,Stopped,0,0,0,0,0,VALID,VALID
92H-07095,2026-08-07 20:42:00,442.0,0,"Xã Thượng Phúc, TP Hà Nội",0.0,2.0,1,0,-0.10000000000002274,-0.05000000000001137,442.1,0.13416407866031557,5.0,1,Stopped,0,0,0,0,0,VALID,VALID
92H-07095,2026-08-07 20:44:00,442.0,0,"Xã Thượng Phúc, TP Hà Nội",0.0,2.0,1,0,0.0,0.0,442.1,0.12247448715159047,5.0,1,Stopped,0,0,0,0,0,VALID,VALID
92H-07095,2026-08-07 20:46:00,441.8,0,"Xã Thượng Phúc, TP Hà Nội",0.0,2.0,1,0,-0.19999999999998863,-0.09999999999999432,442.0,0.12247448715344697,5.0,1,Stopped,0,0,0,0,0,VALID,VALID
92H-07095,2026-08-07 20:48:00,441.8,0,"Xã Thượng Phúc, TP Hà Nội",0.0,2.0,1,0,0.0,0.0,442.0,0.13416407866404398,5.0,1,Stopped,0,0,0,0,0,VALID,VALID
92H-07095,2026-08-07 20:50:00,441.8,0,"Xã Thượng Phúc, TP Hà Nội",0.0,2.0,1,0,0.0,0.0,441.8,0.10954451151947542,5.0,1,Stopped,0,0,0,0,0,VALID,VALID
92H-07095,2026-08-07 20:52:00,441.8,0,"Xã Thượng Phúc, TP Hà Nội",0.0,2.0,1,0,0.0,0.0,441.8,0.08944271912360034,5.0,1,Stopped,0,0,0,0,0,VALID,VALID
92H-07095,2026-08-07 20:54:00,441.8,0,"Xã Thượng Phúc, TP Hà Nội",0.0,2.0,1,0,0.0,0.0,441.8,0.0,5.0,1,Stopped,0,0,0,0,0,VALID,VALID
92H-07095,2026-08-07 20:56:00,441.8,0,"Xã Thượng Phúc, TP Hà Nội",0.0,2.0,1,0,0.0,0.0,441.8,0.0,5.0,1,Stopped,0,0,0,0,0,VALID,VALID
92H-07095,2026-08-07 20:58:00,441.8,0,"Xã Thượng Phúc, TP Hà Nội",0.0,2.0,1,0,0.0,0.0,441.8,0.0,5.0,1,Stopped,0,0,0,0,0,VALID,VALID
92H-07095,2026-08-07 21:00:00,441.8,0,"Xã Thượng Phúc, TP Hà Nội",0.0,2.0,1,0,0.0,0.0,441.8,0.0,5.0,1,Stopped,0,0,0,0,0,VALID,VALID
92H-07095,2026-08-07 21:02:00,441.8,0,"Xã Thượng Phúc, TP Hà Nội",0.0,2.0,1,0,0.0,0.0,441.8,0.0,5.0,1,Stopped,0,0,0,0,0,VALID,VALID
92H-07095,2026-08-07 21:04:00,441.7,0,"Xã Thượng Phúc, TP Hà Nội",0.0,2.0,1,0,-0.10000000000002274,-0.05000000000001137,441.8,0.044721359600341376,5.0,1,Stopped,0,0,0,0,0,VALID,VALID
92H-07095,2026-08-07 21:06:00,441.7,0,"Xã Thượng Phúc, TP Hà Nội",0.0,2.0,1,0,0.0,0.0,441.8,0.054772255792472274,5.0,1,Stopped,0,0,0,0,0,VALID,VALID
92H-07095,2026-08-07 21:08:00,441.7,0,"Xã Thượng Phúc, TP Hà Nội",0.0,2.0,1,0,0.0,0.0,441.7,0.05477225579332588,5.0,1,Stopped,0,0,0,0,0,VALID,VALID
92H-07095,2026-08-07 21:10:00,441.7,0,"Xã Thượng Phúc, TP Hà Nội",0.0,2.0,1,0,0.0,0.0,441.7,0.044721359603477714,5.0,1,Stopped,0,0,0,0,0,VALID,VALID
92H-07095,2026-08-07 21:12:00,441.7,0,"Xã Thượng Phúc, TP Hà Nội",0.0,2.0,1,0,0.0,0.0,441.7,0.0,5.0,1,Stopped,0,0,0,0,0,VALID,VALID
92H-07095,2026-08-07 21:14:00,441.7,0,"Xã Thượng Phúc, TP Hà Nội",0.0,2.0,1,0,0.0,0.0,441.7,0.0,5.0,1,Stopped,0,0,0,0,0,VALID,VALID
92H-07095,2026-08-07 21:16:00,441.7,0,"Xã Thượng Phúc, TP Hà Nội",0.0,2.0,1,0,0.0,0.0,441.7,0.0,5.0,1,Stopped,0,0,0,0,0,VALID,VALID
92H-07095,2026-08-07 21:18:00,441.7,0,"Xã Thượng Phúc, TP Hà Nội",0.0,2.0,1,0,0.0,0.0,441.7,0.0,5.0,1,Stopped,0,0,0,0,0,VALID,VALID
92H-07095,2026-08-07 21:20:00,441.7,0,"Xã Thượng Phúc, TP Hà Nội",0.0,2.0,1,0,0.0,0.0,441.7,0.0,5.0,1,Stopped,0,0,0,0,0,VALID,VALID
92H-07095,2026-08-07 21:22:00,441.7,0,"Xã Thượng Phúc, TP Hà Nội",0.0,2.0,1,0,0.0,0.0,441.7,0.0,5.0,1,Stopped,0,0,0,0,0,VALID,VALID
92H-07095,2026-08-07 21:24:00,441.7,0,"Xã Thượng Phúc, TP Hà Nội",0.0,2.0,1,0,0.0,0.0,441.7,0.0,5.0,1,Stopped,0,0,0,0,0,VALID,VALID
92H-07095,2026-08-07 21:26:00,441.7,0,"Xã Thượng Phúc, TP Hà Nội",0.0,2.0,1,0,0.0,0.0,441.7,0.0,5.0,1,Stopped,0,0,0,0,0,VALID,VALID
92H-07095,2026-08-07 21:28:00,441.7,0,"Xã Thượng Phúc, TP Hà Nội",0.0,2.0,1,0,0.0,0.0,441.7,0.0,5.0,1,Stopped,0,0,0,0,0,VALID,VALID
92H-07095,2026-08-07 21:30:00,441.7,0,"Xã Thượng Phúc, TP Hà Nội",0.0,2.0,1,0,0.0,0.0,441.7,0.0,5.0,1,Stopped,0,0,0,0,0,VALID,VALID
92H-07095,2026-08-07 21:32:00,441.7,0,"Xã Thượng Phúc, TP Hà Nội",0.0,2.0,1,0,0.0,0.0,441.7,0.0,5.0,1,Stopped,0,0,0,0,0,VALID,VALID
92H-07095,2026-08-07 21:34:00,441.7,0,"Xã Thượng Phúc, TP Hà Nội",0.0,2.0,1,0,0.0,0.0,441.7,0.0,5.0,1,Stopped,0,0,0,0,0,VALID,VALID
92H-07095,2026-08-07 21:36:00,441.7,0,"Xã Thượng Phúc, TP Hà Nội",0.0,2.0,1,0,0.0,0.0,441.7,0.0,5.0,1,Stopped,0,0,0,0,0,VALID,VALID
92H-07095,2026-08-07 21:38:00,441.7,0,"Xã Thượng Phúc, TP Hà Nội",0.0,2.0,1,0,0.0,0.0,441.7,0.0,5.0,1,Stopped,0,0,0,0,0,VALID,VALID
92H-07095,2026-08-07 21:40:00,441.7,0,"Xã Thượng Phúc, TP Hà Nội",0.0,2.0,1,0,0.0,0.0,441.7,0.0,5.0,1,Stopped,0,0,0,0,0,VALID,VALID
92H-07095,2026-08-07 21:42:00,441.7,0,"Xã Thượng Phúc, TP Hà Nội",0.0,2.0,1,0,0.0,0.0,441.7,0.0,5.0,1,Stopped,0,0,0,0,0,VALID,VALID
92H-07095,2026-08-07 21:44:00,441.7,0,"Xã Thượng Phúc, TP Hà Nội",0.0,2.0,1,0,0.0,0.0,441.7,0.0,5.0,1,Stopped,0,0,0,0,0,VALID,VALID
92H-07095,2026-08-07 21:46:00,441.7,0,"Xã Thượng Phúc, TP Hà Nội",0.0,2.0,1,0,0.0,0.0,441.7,0.0,5.0,1,Stopped,0,0,0,0,0,VALID,VALID
