VehicleID,FuelTime,FuelLevel,Speed,Address,DistanceMeters,TimeGapMinutes,SegmentID,IsSegmentStart,DeltaFuel,FuelRate,RollingMedian,RollingStd,RollingCount,RollingWindowReady,MovementState,FlagFuelZero,FlagLongGap,FlagLargeDelta,FlagSuspiciousGap,QualityFlag,QualityReason,FeatureStatus
35H-09245,2026-07-29 00:00:00,355.8,0,"Lê Chân, Phường Phù Vân, Tỉnh Ninh Bình",0.0,,1,1,,,355.8,,1.0,0,Stopped,0,0,0,0,0,VALID,VALID
35H-09245,2026-07-29 00:05:00,355.8,0,"Lê Chân, Phường Phù Vân, Tỉnh Ninh Bình",0.0,5.0,1,0,0.0,0.0,355.8,0.0,2.0,0,Stopped,0,0,0,0,0,VALID,VALID
35H-09245,2026-07-29 00:10:00,355.8,0,"Lê Chân, Phường Phù Vân, Tỉnh Ninh Bình",0.0,5.0,1,0,0.0,0.0,355.8,0.0,3.0,1,Stopped,0,0,0,0,0,VALID,VALID
35H-09245,2026-07-29 00:15:00,355.8,0,"Lê Chân, Phường Phù Vân, Tỉnh Ninh Bình",0.0,5.0,1,0,0.0,0.0,355.8,0.0,4.0,1,Stopped,0,0,0,0,0,VALID,VALID
35H-09245,2026-07-29 00:20:00,355.8,0,"Lê Chân, Phường Phù Vân, Tỉnh Ninh Bình",0.0,5.0,1,0,0.0,0.0,355.8,0.0,5.0,1,Stopped,0,0,0,0,0,VALID,VALID
35H-09245,2026-07-29 00:25:00,355.8,0,"Lê Chân, Phường Phù Vân, Tỉnh Ninh Bình",0.0,5.0,1,0,0.0,0.0,355.8,0.0,5.0,1,Stopped,0,0,0,0,0,VALID,VALID
35H-09245,2026-07-29 00:30:00,355.8,0,"Lê Chân, Phường Phù Vân, Tỉnh Ninh Bình",0.0,5.0,1,0,0.0,0.0,355.8,0.0,5.0,1,Stopped,0,0,0,0,0,VALID,VALID
35H-09245,2026-07-29 00:35:00,355.8,0,"Lê Chân, Phường Phù Vân, Tỉnh Ninh Bình",0.0,5.0,1,0,0.0,0.0,355.8,0.0,5.0,1,Stopped,0,0,0,0,0,VALID,VALID
35H-09245,2026-07-29 00:40:00,355.8,0,"Lê Chân, Phường Phù Vân, Tỉnh Ninh Bình",0.0,5.0,1,0,0.0,0.0,355.8,0.0,5.0,1,Stopped,0,0,0,0,0,VALID,VALID
35H-09245,2026-07-29 00:45:00,355.8,0,"Lê Chân, Phường Phù Vân, Tỉnh Ninh Bình",0.0,5.0,1,0,0.0,0.0,355.8,0.0,5.0,1,Stopped,0,0,0,0,0,VALID,VALID
35H-09245,2026-07-29 00:50:00,355.8,0,"Lê Chân, Phường Phù Vân, Tỉnh Ninh Bình",0.0,5.0,1,0,0.0,0.0,355.8,0.0,5.0,1,Stopped,0,0,0,0,0,VALID,VALID
35H-09245,2026-07-29 00:55:00,355.8,0,"Lê Chân, Phường Phù Vân, Tỉnh Ninh Bình",0.0,5.0,1,0,0.0,0.0,355.8,0.0,5.0,1,Stopped,0,0,0,0,0,VALID,VALID
35H-09245,2026-07-29 01:00:00,355.8,0,"Lê Chân, Phường Phù Vân, Tỉnh Ninh Bình",0.0,5.0,1,0,0.0,0.0,355.8,0.0,5.0,1,Stopped,0,0,0,0,0,VALID,VALID
35H-09245,2026-07-29 01:05:00,355.8,0,"Lê Chân, Phường Phù Vân, Tỉnh Ninh Bình",0.0,5.0,1,0,0.0,0.0,355.8,0.0,5.0,1,Stopped,0,0,0,0,0,VALID,VALID
35H-09245,2026-07-29 01:10:00,355.8,0,"Lê Chân, Phường Phù Vân, Tỉnh Ninh Bình",0.0,5.0,1,0,0.0,0.0,355.8,0.0,5.0,1,Stopped,0,0,0,0,0,VALID,VALID
35H-09245,2026-07-29 01:15:00,355.8,0,"Lê Chân, Phường Phù Vân, Tỉnh Ninh Bình",0.0,5.0,1,0,0.0,0.0,355.8,0.0,5.0,1,Stopped,0,0,0,0,0,VALID,VALID
35H-09245,2026-07-29 01:20:00,355.8,0,"Lê Chân, Phường Phù Vân, Tỉnh Ninh Bình",0.0,5.0,1,0,0.0,0.0,355.8,0.0,5.0,1,Stopped,0,0,0,0,0,VALID,VALID
35H-09245,2026-07-29 01:25:00,355.8,0,"Lê Chân, Phường Phù Vân, Tỉnh Ninh Bình",0.0,5.0,1,0,0.0,0.0,355.8,0.0,5.0,1,Stopped,0,0,0,0,0,VALID,VALID
35H-09245,2026-07-29 01:30:00,355.8,0,"Lê Chân, Phường Phù Vân, Tỉnh Ninh Bình",0.0,5.0,1,0,0.0,0.0,355.8,0.0,5.0,1,Stopped,0,0,0,0,0,VALID,VALID
35H-09245,2026-07-29 01:35:00,355.8,0,"Lê Chân, Phường Phù Vân, Tỉnh Ninh Bình",0.0,5.0,1,0,0.0,0.0,355.8,0.0,5.0,1,Stopped,0,0,0,0,0,VALID,VALID
35H-09245,2026-07-29 01:40:00,355.8,0,"Lê Chân, Phường Phù Vân, Tỉnh Ninh Bình",0.0,5.0,1,0,0.0,0.0,355.8,0.0,5.0,1,Stopped,0,0,0,0,0,VALID,VALID
35H-09245,2026-07-29 01:45:00,355.8,0,"Lê Chân, Phường Phù Vân, Tỉnh Ninh Bình",0.0,5.0,1,0,0.0,0.0,355.8,0.0,5.0,1,Stopped,0,0,0,0,0,VALID,VALID
35H-09245,2026-07-29 01:50:00,355.8,0,"Lê Chân, Phường Phù Vân, Tỉnh Ninh Bình",0.0,5.0,1,0,0.0,0.0,355.8,0.0,5.0,1,Stopped,0,0,0,0,0,VALID,VALID
35H-09245,2026-07-29 01:55:00,355.8,0,"Lê Chân, Phường Phù Vân, Tỉnh Ninh Bình",0.0,5.0,1,0,0.0,0.0,355.8,0.0,5.0,1,Stopped,0,0,0,0,0,VALID,VALID
35H-09245,2026-07-29 02:00:00,355.8,0,"Lê Chân, Phường Phù Vân, Tỉnh Ninh Bình",0.0,5.0,1,0,0.0,0.0,355.8,0.0,5.0,1,Stopped,0,0,0,0,0,VALID,VALID
35H-09245,2026-07-29 02:05:00,355.8,0,"Lê Chân, Phường Phù Vân, Tỉnh Ninh Bình",0.0,5.0,1,0,0.0,0.0,355.8,0.0,5.0,1,Stopped,0,0,0,0,0,VALID,VALID
35H-09245,2026-07-29 02:10:00,355.8,0,"Lê Chân, Phường Phù Vân, Tỉnh Ninh Bình",0.0,5.0,1,0,0.0,0.0,355.8,0.0,5.0,1,Stopped,0,0,0,0,0,VALID,VALID
35H-09245,2026-07-29 02:15:00,355.8,0,"Lê Chân, Phường Phù Vân, Tỉnh Ninh Bình",0.0,5.0,1,0,0.0,0.0,355.8,0.0,5.0,1,Stopped,0,0,0,0,0,VALID,VALID
35H-09245,2026-07-29 02:20:00,355.8,0,"Lê Chân, Phường Phù Vân, Tỉnh Ninh Bình",0.0,5.0,1,0,0.0,0.0,355.8,0.0,5.0,1,Stopped,0,0,0,0,0,VALID,VALID
35H-09245,2026-07-29 02:25:00,355.8,0,"Lê Chân, Phường Phù Vân, Tỉnh Ninh Bình",0.0,5.0,1,0,0.0,0.0,355.8,0.0,5.0,1,Stopped,0,0,0,0,0,VALID,VALID
35H-09245,2026-07-29 02:30:00,355.9,0,"Lê Chân, Phường Phù Vân, Tỉnh Ninh Bình",0.0,5.0,1,0,0.0999999999999659,0.01999999999999318,355.8,0.04472135954998372,5.0,1,Stopped,0,0,0,0,0,VALID,VALID
35H-09245,2026-07-29 02:35:00,355.9,0,"Lê Chân, Phường Phù Vân, Tỉnh Ninh Bình",0.0,5.0,1,0,0.0,0.0,355.8,0.05477225575050766,5.0,1,Stopped,0,0,0,0,0,VALID,VALID
35H-09245,2026-07-29 02:40:00,355.9,0,"Lê Chân, Phường Phù Vân, Tỉnh Ninh Bình",0.0,5.0,1,0,0.0,0.0,355.9,0.05477225575051934,5.0,1,Stopped,0,0,0,0,0,VALID,VALID
35H-09245,2026-07-29 02:45:00,355.9,0,"Lê Chân, Phường Phù Vân, Tỉnh Ninh Bình",0.0,5.0,1,0,0.0,0.0,355.9,0.044721359550026624,5.0,1,Stopped,0,0,0,0,0,VALID,VALID
35H-09245,2026-07-29 02:50:00,355.9,0,"Lê Chân, Phường Phù Vân, Tỉnh Ninh Bình",0.0,5.0,1,0,0.0,0.0,355.9,0.0,5.0,1,Stopped,0,0,0,0,0,VALID,VALID
35H-09245,2026-07-29 02:55:00,355.9,0,"Lê Chân, Phường Phù Vân, Tỉnh Ninh Bình",0.0,5.0,1,0,0.0,0.0,355.9,0.0,5.0,1,Stopped,0,0,0,0,0,VALID,VALID
35H-09245,2026-07-29 03:00:00,355.8,0,"Lê Chân, Phường Phù Vân, Tỉnh Ninh Bình",0.0,5.0,1,0,-0.0999999999999659,-0.01999999999999318,355.9,0.044721359550026624,5.0,1,Stopped,0,0,0,0,0,VALID,VALID
35H-09245,2026-07-29 03:05:00,355.8,0,"Lê Chân, Phường Phù Vân, Tỉnh Ninh Bình",0.0,5.0,1,0,0.0,0.0,355.9,0.05477225575051934,5.0,1,Stopped,0,0,0,0,0,VALID,VALID
35H-09245,2026-07-29 03:10:00,355.8,0,"Lê Chân, Phường Phù Vân, Tỉnh Ninh Bình",0.0,5.0,1,0,0.0,0.0,355.8,0.05477225575050766,5.0,1,Stopped,0,0,0,0,0,VALID,VALID
35H-09245,2026-07-29 03:15:00,355.8,0,"Lê Chân, Phường Phù Vân, Tỉnh Ninh Bình",0.0,5.0,1,0,0.0,0.0,355.8,0.04472135954998372,5.0,1,Stopped,0,0,0,0,0,VALID,VALID
35H-09245,2026-07-29 03:20:00,355.8,0,"Lê Chân, Phường Phù Vân, Tỉnh Ninh Bình",0.0,5.0,1,0,0.0,0.0,355.8,0.0,5.0,1,Stopped,0,0,0,0,0,VALID,VALID
35H-09245,2026-07-29 03:25:00,355.8,0,"Lê Chân, Phường Phù Vân, Tỉnh Ninh Bình",0.0,5.0,1,0,0.0,0.0,355.8,0.0,5.0,1,Stopped,0,0,0,0,0,VALID,VALID
35H-09245,2026-07-29 03:30:00,355.8,0,"Lê Chân, Phường Phù Vân, Tỉnh Ninh Bình",0.0,5.0,1,0,0.0,0.0,355.8,0.0,5.0,1,Stopped,0,0,0,0,0,VALID,VALID
35H-09245,2026-07-29 03:35:00,355.9,0,"Lê Chân, Phường Phù Vân, Tỉnh Ninh Bình",0.0,5.0,1,0,0.0999999999999659,0.01999999999999318,355.8,0.04472135954998372,5.0,1,Stopped,0,0,0,0,0,VALID,VALID
35H-09245,2026-07-29 03:40:00,355.9,0,"Lê Chân, Phường Phù Vân, Tỉnh Ninh Bình",0.0,5.0,1,0,0.0,0.0,355.8,0.05477225575050766,5.0,1,Stopped,0,0,0,0,0,VALID,VALID
35H-09245,2026-07-29 03:45:00,355.9,0,"Lê Chân, Phường Phù Vân, Tỉnh Ninh Bình",0.0,5.0,1,0,0.0,0.0,355.9,0.05477225575051934,5.0,1,Stopped,0,0,0,0,0,VALID,VALID
35H-09245,2026-07-29 03:50:00,355.9,0,"Lê Chân, Phường Phù Vân, Tỉnh Ninh Bình",0.0,5.0,1,0,0.0,0.0,355.9,0.044721359550026624,5.0,1,Stopped,0,0,0,0,0,VALID,VALID
35H-09245,2026-07-29 03:55:00,355.9,0,"Lê Chân, Phường Phù Vân, Tỉnh Ninh Bình",0.0,5.0,1,0,0.0,0.0,355.9,0.0,5.0,1,Stopped,0,0,0,0,0,VALID,VALID
35H-09245,2026-07-29 04:00:00,355.9,0,"Lê Chân, Phường Phù Vân, Tỉnh Ninh Bình",0.0,5.0,1,0,0.0,0.0,355.9,0.0,5.0,1,Stopped,0,0,0,0,0,VALID,VALID
35H-09245,2026-07-29 04:05:00,355.9,0,"Lê Chân, Phường Phù Vân, Tỉnh Ninh Bình",0.0,5.0,1,0,0.0,0.0,355.9,0.0,5.0,1,Stopped,0,0,0,0,0,VALID,VALID
35H-09245,2026-07-29 04:10:00,355.9,0,"Lê Chân, Phường Phù Vân, Tỉnh Ninh Bình",0.0,5.0,1,0,0.0,0.0,355.9,0.0,5.0,1,Stopped,0,0,0,0,0,VALID,VALID
35H-09245,2026-07-29 04:15:00,355.9,0,"Lê Chân, Phường Phù Vân, Tỉnh Ninh Bình",0.0,5.0,1,0,0.0,0.0,355.9,0.0,5.0,1,Stopped,0,0,0,0,0,VALID,VALID
35H-09245,2026-07-29 04:20:00,355.9,0,"Lê Chân, Phường Phù Vân, Tỉnh Ninh Bình",0.0,5.0,1,0,0.0,0.0,355.9,0.0,5.0,1,Stopped,0,0,0,0,0,VALID,VALID
35H-09245,2026-07-29 04:25:00,355.9,0,"Lê Chân, Phường Phù Vân, Tỉnh Ninh Bình",0.0,5.0,1,0,0.0,0.0,355.9,0.0,5.0,1,Stopped,0,0,0,0,0,VALID,VALID
35H-09245,2026-07-29 04:30:00,355.9,0,"Lê Chân, Phường Phù Vân, Tỉnh Ninh Bình",0.0,5.0,1,0,0.0,0.0,355.9,0.0,5.0,1,Stopped,0,0,0,0,0,VALID,VALID
35H-09245,2026-07-29 04:35:00,355.9,0,"Lê Chân, Phường Phù Vân, Tỉnh Ninh Bình",0.0,5.0,1,0,0.0,0.0,355.9,0.0,5.0,1,Stopped,0,0,0,0,0,VALID,VALID
35H-09245,2026-07-29 04:40:00,355.9,0,"Lê Chân, Phường Phù Vân, Tỉnh Ninh Bình",0.0,5.0,1,0,0.0,0.0,355.9,0.0,5.0,1,Stopped,0,0,0,0,0,VALID,VALID
35H-09245,2026-07-29 04:45:00,356.0,0,"Lê Chân, Phường Phù Vân, Tỉnh Ninh Bình",0.0,5.0,1,0,0.10000000000002274,0.02000000000000455,355.9,0.04472135955009653,5.0,1,Stopped,0,0,0,0,0,VALID,VALID
35H-09245,2026-07-29 04:50:00,356.0,0,"Lê Chân, Phường Phù Vân, Tỉnh Ninh Bình",0.0,5.0,1,0,0.0,0.0,355.9,0.05477225575061728,5.0,1,Stopped,0,0,0,0,0,VALID,VALID
35H-09245,2026-07-29 04:55:00,356.0,0,"Lê Chân, Phường Phù Vân, Tỉnh Ninh Bình",0.0,5.0,1,0,0.0,0.0,356.0,0.05477225575064063,5.0,1,Stopped,0,0,0,0,0,VALID,VALID
35H-09245,2026-07-29 05:00:00,356.0,0,"Lê Chân, Phường Phù Vân, Tỉnh Ninh Bình",0.0,5.0,1,0,0.0,0.0,356.0,0.044721359550182326,5.0,1,Stopped,0,0,0,0,0,VALID,VALID
35H-09245,2026-07-29 05:05:00,356.0,0,"Lê Chân, Phường Phù Vân, Tỉnh Ninh Bình",0.0,5.0,1,0,0.0,0.0,356.0,0.0,5.0,1,Stopped,0,0,0,0,0,VALID,VALID
35H-09245,2026-07-29 05:10:00,356.0,0,"Lê Chân, Phường Phù Vân, Tỉnh Ninh Bình",0.0,5.0,1,0,0.0,0.0,356.0,0.0,5.0,1,Stopped,0,0,0,0,0,VALID,VALID
35H-09245,2026-07-29 05:15:00,356.0,0,"Lê Chân, Phường Phù Vân, Tỉnh Ninh Bình",0.0,5.0,1,0,0.0,0.0,356.0,0.0,5.0,1,Stopped,0,0,0,0,0,VALID,VALID
35H-09245,2026-07-29 05:20:00,356.0,0,"Lê Chân, Phường Phù Vân, Tỉnh Ninh Bình",0.0,5.0,1,0,0.0,0.0,356.0,0.0,5.0,1,Stopped,0,0,0,0,0,VALID,VALID
35H-09245,2026-07-29 05:25:00,356.0,0,"Lê Chân, Phường Phù Vân, Tỉnh Ninh Bình",0.0,5.0,1,0,0.0,0.0,356.0,0.0,5.0,1,Stopped,0,0,0,0,0,VALID,VALID
35H-09245,2026-07-29 05:30:00,356.0,0,"Lê Chân, Phường Phù Vân, Tỉnh Ninh Bình",0.0,5.0,1,0,0.0,0.0,356.0,0.0,5.0,1,Stopped,0,0,0,0,0,VALID,VALID
35H-09245,2026-07-29 05:35:00,356.0,0,"Lê Chân, Phường Phù Vân, Tỉnh Ninh Bình",0.0,5.0,1,0,0.0,0.0,356.0,0.0,5.0,1,Stopped,0,0,0,0,0,VALID,VALID
35H-09245,2026-07-29 05:40:00,356.0,0,"Lê Chân, Phường Phù Vân, Tỉnh Ninh Bình",0.0,5.0,1,0,0.0,0.0,356.0,0.0,5.0,1,Stopped,0,0,0,0,0,VALID,VALID
35H-09245,2026-07-29 05:45:00,356.0,0,"Lê Chân, Phường Phù Vân, Tỉnh Ninh Bình",0.0,5.0,1,0,0.0,0.0,356.0,0.0,5.0,1,Stopped,0,0,0,0,0,VALID,VALID
35H-09245,2026-07-29 05:50:00,356.0,0,"Lê Chân, Phường Phù Vân, Tỉnh Ninh Bình",0.0,5.0,1,0,0.0,0.0,356.0,0.0,5.0,1,Stopped,0,0,0,0,0,VALID,VALID
35H-09245,2026-07-29 05:55:00,356.0,0,"Lê Chân, Phường Phù Vân, Tỉnh Ninh Bình",0.0,5.0,1,0,0.0,0.0,356.0,0.0,5.0,1,Stopped,0,0,0,0,0,VALID,VALID
35H-09245,2026-07-29 06:00:00,356.0,0,"Lê Chân, Phường Phù Vân, Tỉnh Ninh Bình",0.0,5.0,1,0,0.0,0.0,356.0,0.0,5.0,1,Stopped,0,0,0,0,0,VALID,VALID
35H-09245,2026-07-29 06:05:00,356.0,0,"Lê Chân, Phường Phù Vân, Tỉnh Ninh Bình",0.0,5.0,1,0,0.0,0.0,356.0,0.0,5.0,1,Stopped,0,0,0,0,0,VALID,VALID
35H-09245,2026-07-29 06:10:00,356.0,0,"Lê Chân, Phường Phù Vân, Tỉnh Ninh Bình",0.0,5.0,1,0,0.0,0.0,356.0,0.0,5.0,1,Stopped,0,0,0,0,0,VALID,VALID
35H-09245,2026-07-29 06:15:00,356.0,0,"Lê Chân, Phường Phù Vân, Tỉnh Ninh Bình",0.0,5.0,1,0,0.0,0.0,356.0,0.0,5.0,1,Stopped,0,0,0,0,0,VALID,VALID
35H-09245,2026-07-29 06:20:00,356.0,0,"Lê Chân, Phường Phù Vân, Tỉnh Ninh Bình",0.0,5.0,1,0,0.0,0.0,356.0,0.0,5.0,1,Stopped,0,0,0,0,0,VALID,VALID
35H-09245,2026-07-29 06:25:00,356.0,0,"Lê Chân, Phường Phù Vân, Tỉnh Ninh Bình",0.0,5.0,1,0,0.0,0.0,356.0,0.0,5.0,1,Stopped,0,0,0,0,0,VALID,VALID
35H-09245,2026-07-29 06:30:00,356.0,0,"Lê Chân, Phường Phù Vân, Tỉnh Ninh Bình",0.0,5.0,1,0,0.0,0.0,356.0,0.0,5.0,1,Stopped,0,0,0,0,0,VALID,VALID
35H-09245,2026-07-29 06:35:00,356.0,0,"Lê Chân, Phường Phù Vân, Tỉnh Ninh Bình",0.0,5.0,1,0,0.0,0.0,356.0,0.0,5.0,1,Stopped,0,0,0,0,0,VALID,VALID
35H-09245,2026-07-29 06:40:00,355.9,0,"Lê Chân, Phường Phù Vân, Tỉnh Ninh Bình",0.0,5.0,1,0,-0.10000000000002274,-0.02000000000000455,356.0,0.044721359550182326,5.0,1,Stopped,0,0,0,0,0,VALID,VALID
35H-09245,2026-07-29 06:45:00,355.7,0,"Lê Chân, Phường Phù Vân, Tỉnh Ninh Bình",0.0,5.0,1,0,-0.19999999999998863,-0.039999999999997725,356.0,0.13038404810407336,5.0,1,Stopped,0,0,0,0,0,VALID,VALID
35H-09245,2026-07-29 06:50:00,354.0,47,"Phủ Lý - Kiện Khê, Phường Lý Thường Kiệt, Tỉnh Ninh Bình",0.0,5.0,1,0,-1.6999999999999886,-0.33999999999999775,355.9,0.8584870412533235,5.0,1,Moving,0,0,0,0,0,VALID,VALID
35H-09245,2026-07-29 06:55:00,351.3,0,"Phan Trọng Tuệ, Phường Lý Thường Kiệt, Tỉnh Ninh Bình",0.0,5.0,1,0,-2.6999999999999886,-0.5399999999999977,355.7,2.006738647656835,5.0,1,Stopped,0,0,0,0,0,VALID,VALID
35H-09245,2026-07-29 07:00:00,351.4,0,"Phường Lý Thường Kiệt, Tỉnh Ninh Bình",0.0,5.0,1,0,0.0999999999999659,0.01999999999999318,354.0,2.2345021816949107,5.0,1,Stopped,0,0,0,0,0,VALID,VALID
35H-09245,2026-07-29 07:05:00,350.8,0,"Phường Lý Thường Kiệt, Tỉnh Ninh Bình",0.0,5.0,1,0,-0.5999999999999659,-0.11999999999999318,351.4,2.117309613636824,5.0,1,Stopped,0,0,0,0,0,VALID,VALID
35H-09245,2026-07-29 07:10:00,351.1,0,"Phường Lý Thường Kiệt, Tỉnh Ninh Bình",0.0,5.0,1,0,0.30000000000001137,0.060000000000002274,351.3,1.2949903474537965,5.0,1,Stopped,0,0,0,0,0,VALID,VALID
35H-09245,2026-07-29 07:15:00,351.1,0,"Phường Lý Thường Kiệt, Tỉnh Ninh Bình",0.0,5.0,1,0,0.0,0.0,351.1,0.23021728866054852,5.0,1,Stopped,0,0,0,0,0,VALID,VALID
35H-09245,2026-07-29 07:20:00,351.0,0,"Phường Lý Thường Kiệt, Tỉnh Ninh Bình",0.0,5.0,1,0,-0.10000000000002274,-0.02000000000000455,351.1,0.21679483388260698,5.0,1,Stopped,0,0,0,0,0,VALID,VALID
35H-09245,2026-07-29 07:25:00,351.0,0,"Phường Lý Thường Kiệt, Tỉnh Ninh Bình",0.0,5.0,1,0,0.0,0.0,351.0,0.12247448713162433,5.0,1,Stopped,0,0,0,0,0,VALID,VALID
35H-09245,2026-07-29 07:30:00,351.0,0,"Phường Lý Thường Kiệt, Tỉnh Ninh Bình",0.0,5.0,1,0,0.0,0.0,351.0,0.054772255733839516,5.0,1,Stopped,0,0,0,0,0,VALID,VALID
35H-09245,2026-07-29 07:35:00,351.0,0,"Phường Lý Thường Kiệt, Tỉnh Ninh Bình",0.0,5.0,1,0,0.0,0.0,351.0,0.04472135952947814,5.0,1,Stopped,0,0,0,0,0,VALID,VALID
35H-09245,2026-07-29 07:40:00,351.0,0,"Phường Lý Thường Kiệt, Tỉnh Ninh Bình",0.0,5.0,1,0,0.0,0.0,351.0,0.0,5.0,1,Stopped,0,0,0,0,0,VALID,VALID
35H-09245,2026-07-29 07:45:00,351.0,0,"Phường Lý Thường Kiệt, Tỉnh Ninh Bình",0.0,5.0,1,0,0.0,0.0,351.0,0.0,5.0,1,Stopped,0,0,0,0,0,VALID,VALID
35H-09245,2026-07-29 07:50:00,351.0,0,"Phường Lý Thường Kiệt, Tỉnh Ninh Bình",0.0,5.0,1,0,0.0,0.0,351.0,0.0,5.0,1,Stopped,0,0,0,0,0,VALID,VALID
35H-09245,2026-07-29 07:55:00,351.0,0,"Phường Lý Thường Kiệt, Tỉnh Ninh Bình",0.0,5.0,1,0,0.0,0.0,351.0,0.0,5.0,1,Stopped,0,0,0,0,0,VALID,VALID
35H-09245,2026-07-29 08:00:00,350.8,0,"Phường Lý Thường Kiệt, Tỉnh Ninh Bình",0.0,5.0,1,0,-0.19999999999998863,-0.039999999999997725,351.0,0.08944271908963679,5.0,1,Stopped,0,0,0,0,0,VALID,VALID
35H-09245,2026-07-29 08:05:00,350.8,0,"Phường Lý Thường Kiệt, Tỉnh Ninh Bình",0.0,5.0,1,0,0.0,0.0,351.0,0.10954451149255119,5.0,1,Stopped,0,0,0,0,0,VALID,VALID
35H-09245,2026-07-29 08:10:00,350.8,0,"Phường Lý Thường Kiệt, Tỉnh Ninh Bình",0.0,5.0,1,0,0.0,0.0,350.8,0.10954451149253952,5.0,1,Stopped,0,0,0,0,0,VALID,VALID
35H-09245,2026-07-29 08:15:00,350.7,0,"Phường Lý Thường Kiệt, Tỉnh Ninh Bình",0.0,5.0,1,0,-0.10000000000002274,-0.02000000000000455,350.8,0.1095445114925473,5.0,1,Stopped,0,0,0,0,0,VALID,VALID
35H-09245,2026-07-29 08:20:00,350.5,0,"Phường Lý Thường Kiệt, Tỉnh Ninh Bình",0.0,5.0,1,0,-0.19999999999998863,-0.039999999999997725,350.8,0.1303840480969054,5.0,1,Stopped,0,0,0,0,0,VALID,VALID
35H-09245,2026-07-29 08:25:00,350.5,0,"Phường Lý Thường Kiệt, Tỉnh Ninh Bình",0.0,5.0,1,0,0.0,0.0,350.7,0.15165750887486318,5.0,1,Stopped,0,0,0,0,0,VALID,VALID
35H-09245,2026-07-29 08:30:00,350.5,0,"Phường Lý Thường Kiệt, Tỉnh Ninh Bình",0.0,5.0,1,0,0.0,0.0,350.5,0.1414213562306713,5.0,1,Stopped,0,0,0,0,0,VALID,VALID
35H-09245,2026-07-29 08:35:00,350.4,0,"Phường Lý Thường Kiệt, Tỉnh Ninh Bình",0.0,5.0,1,0,-0.10000000000002274,-0.02000000000000455,350.5,0.10954451149243509,5.0,1,Stopped,0,0,0,0,0,VALID,VALID
35H-09245,2026-07-29 08:40:00,351.3,0,"Phường Lý Thường Kiệt, Tỉnh Ninh Bình",0.0,5.0,1,0,0.9000000000000341,0.18000000000000682,350.5,0.37148351241761385,5.0,1,Stopped,0,0,0,0,0,VALID,VALID
35H-09245,2026-07-29 08:45:00,351.3,0,"Phường Lý Thường Kiệt, Tỉnh Ninh Bình",0.0,5.0,1,0,0.0,0.0,350.5,0.4582575694935608,5.0,1,Stopped,0,0,0,0,0,VALID,VALID
35H-09245,2026-07-29 08:50:00,351.3,0,"Phường Lý Thường Kiệt, Tỉnh Ninh Bình",0.0,5.0,1,0,0.0,0.0,351.3,0.4669047011951833,5.0,1,Stopped,0,0,0,0,0,VALID,VALID
35H-09245,2026-07-29 08:55:00,351.3,0,"Phường Lý Thường Kiệt, Tỉnh Ninh Bình",0.0,5.0,1,0,0.0,0.0,351.3,0.40249223594768757,5.0,1,Stopped,0,0,0,0,0,VALID,VALID
35H-09245,2026-07-29 09:00:00,351.2,0,"Phường Lý Thường Kiệt, Tỉnh Ninh Bình",0.0,5.0,1,0,-0.10000000000002274,-0.02000000000000455,351.3,0.04472135952940418,5.0,1,Stopped,0,0,0,0,0,VALID,VALID
35H-09245,2026-07-29 09:05:00,351.2,0,"Phường Lý Thường Kiệt, Tỉnh Ninh Bình",0.0,5.0,1,0,0.0,0.0,351.3,0.054772255733722054,5.0,1,Stopped,0,0,0,0,0,VALID,VALID
35H-09245,2026-07-29 09:10:00,351.2,0,"Phường Lý Thường Kiệt, Tỉnh Ninh Bình",0.0,5.0,1,0,0.0,0.0,351.2,0.054772255733745404,5.0,1,Stopped,0,0,0,0,0,VALID,VALID
35H-09245,2026-07-29 09:15:00,351.2,0,"Phường Lý Thường Kiệt, Tỉnh Ninh Bình",0.0,5.0,1,0,0.0,0.0,351.2,0.04472135952948998,5.0,1,Stopped,0,0,0,0,0,VALID,VALID
35H-09245,2026-07-29 09:20:00,350.2,0,"Phường Lý Thường Kiệt, Tỉnh Ninh Bình",0.0,5.0,1,0,-1.0,-0.2,351.2,0.4472135954979559,5.0,1,Stopped,0,0,0,0,0,VALID,VALID
35H-09245,2026-07-29 09:25:00,349.9,0,"Phường Lý Thường Kiệt, Tỉnh Ninh Bình",0.0,5.0,1,0,-0.30000000000001137,-0.060000000000002274,351.2,0.638748776905474,5.0,1,Stopped,0,0,0,0,0,VALID,VALID
35H-09245,2026-07-29 09:30:00,350.3,7,"Phường Lý Thường Kiệt, Tỉnh Ninh Bình",0.0,5.0,1,0,0.4000000000000341,0.08000000000000682,350.3,0.6024948132542236,5.0,1,Moving,0,0,0,0,0,VALID,VALID
35H-09245,2026-07-29 09:35:00,348.2,25,"Phan Trọng Tuệ, Phường Lý Thường Kiệt, Tỉnh Ninh Bình",0.0,5.0,1,0,-2.1000000000000227,-0.42000000000000454,350.2,1.0968135666548955,5.0,1,Moving,0,0,0,0,0,VALID,VALID
35H-09245,2026-07-29 09:40:00,349.6,24,"Phan Trọng Tuệ, Phường Châu Sơn, Tỉnh Ninh Bình",0.0,5.0,1,0,1.400000000000034,0.2800000000000068,349.9,0.8502940667782087,5.0,1,Moving,0,0,0,0,0,VALID,VALID
35H-09245,2026-07-29 09:45:00,346.8,34,"Tỉnh Lộ 494, Phường Châu Sơn, Tỉnh Ninh Bình",0.0,5.0,1,0,-2.8000000000000114,-0.5600000000000023,349.6,1.4432601983004307,5.0,1,Moving,0,0,0,0,0,VALID,VALID
35H-09245,2026-07-29 09:50:00,345.5,42,"Tỉnh Lộ 494, Xã Liêm Hà, Tỉnh Ninh Bình",0.0,5.0,1,0,-1.3000000000000114,-0.2600000000000023,348.2,1.971547615452937,5.0,1,Moving,0,0,0,0,0,VALID,VALID
35H-09245,2026-07-29 09:55:00,344.0,0,"Tỉnh Lộ 494, Phường Phủ Lý, Tỉnh Ninh Bình",0.0,5.0,1,0,-1.5,-0.3,346.8,2.198181066245022,5.0,1,Stopped,0,0,0,0,0,VALID,VALID
35H-09245,2026-07-29 10:00:00,341.8,22,"Lê Duẩn, Phường Phủ Lý, Tỉnh Ninh Bình",0.0,5.0,1,0,-2.1999999999999886,-0.4399999999999977,345.5,2.9339393313424424,5.0,1,Moving,0,0,0,0,0,VALID,VALID
35H-09245,2026-07-29 10:05:00,339.5,0,"Phường Liêm Tuyền, Tỉnh Ninh Bình",0.0,5.0,1,0,-2.3000000000000114,-0.4600000000000023,344.0,2.916676190460338,5.0,1,Stopped,0,0,0,0,0,VALID,VALID
35H-09245,2026-07-29 10:10:00,339.5,0,"Phường Liêm Tuyền, Tỉnh Ninh Bình",0.0,5.0,1,0,0.0,0.0,341.8,2.681976882823258,5.0,1,Stopped,0,0,0,0,0,VALID,VALID
35H-09245,2026-07-29 10:15:00,339.5,0,"Phường Liêm Tuyền, Tỉnh Ninh Bình",0.0,5.0,1,0,0.0,0.0,339.5,2.0181674856162175,5.0,1,Stopped,0,0,0,0,0,VALID,VALID
35H-09245,2026-07-29 10:20:00,339.5,0,"Phường Liêm Tuyền, Tỉnh Ninh Bình",0.0,5.0,1,0,0.0,0.0,339.5,1.028591269649196,5.0,1,Stopped,0,0,0,0,0,VALID,VALID
35H-09245,2026-07-29 10:25:00,339.6,0,"Phường Liêm Tuyền, Tỉnh Ninh Bình",0.0,5.0,1,0,0.10000000000002274,0.02000000000000455,339.5,0.04472135953410791,5.0,1,Stopped,0,0,0,0,0,VALID,VALID
35H-09245,2026-07-29 10:30:00,339.6,0,"Phường Liêm Tuyền, Tỉnh Ninh Bình",0.0,5.0,1,0,0.0,0.0,339.5,0.054772255737539285,5.0,1,Stopped,0,0,0,0,0,VALID,VALID
35H-09245,2026-07-29 10:35:00,339.6,0,"Phường Liêm Tuyền, Tỉnh Ninh Bình",0.0,5.0,1,0,0.0,0.0,339.6,0.054772255737539285,5.0,1,Stopped,0,0,0,0,0,VALID,VALID
35H-09245,2026-07-29 10:40:00,339.6,0,"Phường Liêm Tuyền, Tỉnh Ninh Bình",0.0,5.0,1,0,0.0,0.0,339.6,0.04472135953410791,5.0,1,Stopped,0,0,0,0,0,VALID,VALID
35H-09245,2026-07-29 10:45:00,339.6,0,"Phường Liêm Tuyền, Tỉnh Ninh Bình",0.0,5.0,1,0,0.0,0.0,339.6,0.0,5.0,1,Stopped,0,0,0,0,0,VALID,VALID
35H-09245,2026-07-29 10:50:00,339.5,0,"Phường Liêm Tuyền, Tỉnh Ninh Bình",0.0,5.0,1,0,-0.10000000000002274,-0.02000000000000455,339.6,0.04472135953410791,5.0,1,Stopped,0,0,0,0,0,VALID,VALID
35H-09245,2026-07-29 10:55:00,339.5,0,"Phường Liêm Tuyền, Tỉnh Ninh Bình",0.0,5.0,1,0,0.0,0.0,339.6,0.054772255737539285,5.0,1,Stopped,0,0,0,0,0,VALID,VALID
35H-09245,2026-07-29 11:00:00,339.5,0,"Phường Liêm Tuyền, Tỉnh Ninh Bình",0.0,5.0,1,0,0.0,0.0,339.5,0.054772255737539285,5.0,1,Stopped,0,0,0,0,0,VALID,VALID
35H-09245,2026-07-29 11:05:00,339.1,0,"Phường Liêm Tuyền, Tỉnh Ninh Bình",0.0,5.0,1,0,-0.39999999999997726,-0.07999999999999545,339.5,0.19493588689254446,5.0,1,Stopped,0,0,0,0,0,VALID,VALID
35H-09245,2026-07-29 11:10:00,339.1,0,"Phường Liêm Tuyền, Tỉnh Ninh Bình",0.0,5.0,1,0,0.0,0.0,339.5,0.2190890229988628,5.0,1,Stopped,0,0,0,0,0,VALID,VALID
35H-09245,2026-07-29 11:15:00,339.1,0,"Phường Liêm Tuyền, Tỉnh Ninh Bình",0.0,5.0,1,0,0.0,0.0,339.1,0.21908902299890304,5.0,1,Stopped,0,0,0,0,0,VALID,VALID
35H-09245,2026-07-29 11:20:00,339.0,0,"Phường Liêm Tuyền, Tỉnh Ninh Bình",0.0,5.0,1,0,-0.10000000000002274,-0.02000000000000455,339.1,0.19493588689270264,5.0,1,Stopped,0,0,0,0,0,VALID,VALID
35H-09245,2026-07-29 11:25:00,338.9,0,"Phường Liêm Tuyền, Tỉnh Ninh Bình",0.0,5.0,1,0,-0.10000000000002274,-0.02000000000000455,339.1,0.0894427190926464,5.0,1,Stopped,0,0,0,0,0,VALID,VALID
35H-09245,2026-07-29 11:30:00,338.9,0,"Phường Liêm Tuyền, Tỉnh Ninh Bình",0.0,5.0,1,0,0.0,0.0,339.0,0.09999999999349271,5.0,1,Stopped,0,0,0,0,0,VALID,VALID
35H-09245,2026-07-29 11:35:00,338.6,0,"Phường Liêm Tuyền, Tỉnh Ninh Bình",0.0,5.0,1,0,-0.2999999999999545,-0.05999999999999091,338.9,0.18708286933527385,5.0,1,Stopped,0,0,0,0,0,VALID,VALID
35H-09245,2026-07-29 11:40:00,338.6,0,"Phường Liêm Tuyền, Tỉnh Ninh Bình",0.0,5.0,1,0,0.0,0.0,338.9,0.18708286933533272,5.0,1,Stopped,0,0,0,0,0,VALID,VALID
35H-09245,2026-07-29 11:45:00,338.6,0,"Phường Liêm Tuyền, Tỉnh Ninh Bình",0.0,5.0,1,0,0.0,0.0,338.6,0.16431676724779606,5.0,1,Stopped,0,0,0,0,0,VALID,VALID
35H-09245,2026-07-29 11:50:00,336.6,0,"Phường Liêm Tuyền, Tỉnh Ninh Bình",0.0,5.0,1,0,-2.0,-0.4,338.6,0.9370165420092235,5.0,1,Stopped,0,0,0,0,0,VALID,VALID
35H-09245,2026-07-29 11:55:00,336.7,0,"Phường Liêm Tuyền, Tỉnh Ninh Bình",0.0,5.0,1,0,0.0999999999999659,0.01999999999999318,338.6,1.0686440005909885,5.0,1,Stopped,0,0,0,0,0,VALID,VALID
35H-09245,2026-07-29 12:00:00,337.0,0,"Phường Liêm Tuyền, Tỉnh Ninh Bình",0.0,5.0,1,0,0.30000000000001137,0.060000000000002274,337.0,1.0148891565088487,5.0,1,Stopped,0,0,0,0,0,VALID,VALID
35H-09245,2026-07-29 12:05:00,337.1,0,"Phường Liêm Tuyền, Tỉnh Ninh Bình",0.0,5.0,1,0,0.10000000000002274,0.02000000000000455,337.0,0.8093207028115297,5.0,1,Stopped,0,0,0,0,0,VALID,VALID
35H-09245,2026-07-29 12:10:00,338.6,22,"Phường Phủ Lý, Tỉnh Ninh Bình",0.0,5.0,1,0,1.5,0.3,337.0,0.8093207028115297,5.0,1,Moving,0,0,0,0,0,VALID,VALID
35H-09245,2026-07-29 12:15:00,337.5,49,"Đinh Tiên Hoàng, Phường Phủ Lý, Tỉnh Ninh Bình",0.0,5.0,1,0,-1.1000000000000227,-0.22000000000000455,337.1,0.7395944834835406,5.0,1,Moving,0,0,0,0,0,VALID,VALID
35H-09245,2026-07-29 12:20:00,335.7,52,"Tỉnh Lộ 494, Xã Liêm Hà, Tỉnh Ninh Bình",0.0,5.0,1,0,-1.8000000000000114,-0.36000000000000226,337.1,1.0425929215179561,5.0,1,Moving,0,0,0,0,0,VALID,VALID
35H-09245,2026-07-29 12:25:00,333.8,46,"Cầu Phủ Lý, Phường Phù Vân, Tỉnh Ninh Bình",0.0,5.0,1,0,-1.8999999999999773,-0.37999999999999545,337.1,1.8501351301998255,5.0,1,Moving,0,0,0,0,0,VALID,VALID
35H-09245,2026-07-29 12:30:00,334.0,0,"Lê Chân, Phường Phù Vân, Tỉnh Ninh Bình",0.0,5.0,1,0,0.19999999999998863,0.039999999999997725,335.7,2.1158922467837797,5.0,1,Stopped,0,0,0,0,0,VALID,VALID
35H-09245,2026-07-29 12:35:00,334.0,0,"Lê Chân, Phường Phù Vân, Tỉnh Ninh Bình",0.0,5.0,1,0,0.0,0.0,334.0,1.5953056133543746,5.0,1,Stopped,0,0,0,0,0,VALID,VALID
35H-09245,2026-07-29 12:40:00,333.6,40,"Phủ Lý - Kiện Khê, Phường Lý Thường Kiệt, Tỉnh Ninh Bình",0.0,5.0,1,0,-0.39999999999997726,-0.07999999999999545,334.0,0.8438009243892561,5.0,1,Moving,0,0,0,0,0,VALID,VALID
35H-09245,2026-07-29 12:45:00,328.5,0,"Phường Lý Thường Kiệt, Tỉnh Ninh Bình",0.0,5.0,1,0,-5.100000000000023,-1.0200000000000045,333.8,2.398332754227512,5.0,1,Stopped,0,0,0,0,0,VALID,VALID
35H-09245,2026-07-29 12:50:00,329.6,17,"Phường Lý Thường Kiệt, Tỉnh Ninh Bình",0.0,5.0,1,0,1.1000000000000227,0.22000000000000455,333.6,2.6717035763723174,5.0,1,Moving,0,0,0,0,0,VALID,VALID
35H-09245,2026-07-29 12:55:00,331.1,0,"Phường Lý Thường Kiệt, Tỉnh Ninh Bình",0.0,5.0,1,0,1.5,0.3,331.1,2.415160450156616,5.0,1,Stopped,0,0,0,0,0,VALID,VALID
35H-09245,2026-07-29 13:00:00,331.1,0,"Phường Lý Thường Kiệt, Tỉnh Ninh Bình",0.0,5.0,1,0,0.0,0.0,331.1,1.9201562436429023,5.0,1,Stopped,0,0,0,0,0,VALID,VALID
35H-09245,2026-07-29 13:05:00,331.1,0,"Phường Lý Thường Kiệt, Tỉnh Ninh Bình",0.0,5.0,1,0,0.0,0.0,331.1,1.1882760622014148,5.0,1,Stopped,0,0,0,0,0,VALID,VALID
35H-09245,2026-07-29 13:10:00,331.1,0,"Phường Lý Thường Kiệt, Tỉnh Ninh Bình",0.0,5.0,1,0,0.0,0.0,331.1,0.6708203932505136,5.0,1,Stopped,0,0,0,0,0,VALID,VALID
35H-09245,2026-07-29 13:15:00,331.1,0,"Phường Lý Thường Kiệt, Tỉnh Ninh Bình",0.0,5.0,1,0,0.0,0.0,331.1,0.0,5.0,1,Stopped,0,0,0,0,0,VALID,VALID
35H-09245,2026-07-29 13:20:00,331.1,0,"Phường Lý Thường Kiệt, Tỉnh Ninh Bình",0.0,5.0,1,0,0.0,0.0,331.1,0.0,5.0,1,Stopped,0,0,0,0,0,VALID,VALID
35H-09245,2026-07-29 13:25:00,331.1,0,"Phường Châu Sơn, Tỉnh Ninh Bình",0.0,5.0,1,0,0.0,0.0,331.1,0.0,5.0,1,Stopped,0,0,0,0,0,VALID,VALID
35H-09245,2026-07-29 13:30:00,331.1,0,"Phường Châu Sơn, Tỉnh Ninh Bình",0.0,5.0,1,0,0.0,0.0,331.1,0.0,5.0,1,Stopped,0,0,0,0,0,VALID,VALID
35H-09245,2026-07-29 13:35:00,331.1,0,"Phường Châu Sơn, Tỉnh Ninh Bình",0.0,5.0,1,0,0.0,0.0,331.1,0.0,5.0,1,Stopped,0,0,0,0,0,VALID,VALID
35H-09245,2026-07-29 13:40:00,331.1,0,"Phường Châu Sơn, Tỉnh Ninh Bình",0.0,5.0,1,0,0.0,0.0,331.1,0.0,5.0,1,Stopped,0,0,0,0,0,VALID,VALID
35H-09245,2026-07-29 13:45:00,331.1,0,"Phường Châu Sơn, Tỉnh Ninh Bình",0.0,5.0,1,0,0.0,0.0,331.1,0.0,5.0,1,Stopped,0,0,0,0,0,VALID,VALID
35H-09245,2026-07-29 13:50:00,331.1,0,"Phường Châu Sơn, Tỉnh Ninh Bình",0.0,5.0,1,0,0.0,0.0,331.1,0.0,5.0,1,Stopped,0,0,0,0,0,VALID,VALID
35H-09245,2026-07-29 13:55:00,331.1,0,"Phường Châu Sơn, Tỉnh Ninh Bình",0.0,5.0,1,0,0.0,0.0,331.1,0.0,5.0,1,Stopped,0,0,0,0,0,VALID,VALID
35H-09245,2026-07-29 14:00:00,331.1,0,"Phường Châu Sơn, Tỉnh Ninh Bình",0.0,5.0,1,0,0.0,0.0,331.1,0.0,5.0,1,Stopped,0,0,0,0,0,VALID,VALID
35H-09245,2026-07-29 14:05:00,331.1,0,"Phường Châu Sơn, Tỉnh Ninh Bình",0.0,5.0,1,0,0.0,0.0,331.1,0.0,5.0,1,Stopped,0,0,0,0,0,VALID,VALID
35H-09245,2026-07-29 14:10:00,331.1,0,"Phường Châu Sơn, Tỉnh Ninh Bình",0.0,5.0,1,0,0.0,0.0,331.1,0.0,5.0,1,Stopped,0,0,0,0,0,VALID,VALID
35H-09245,2026-07-29 14:15:00,331.1,0,"Phường Châu Sơn, Tỉnh Ninh Bình",0.0,5.0,1,0,0.0,0.0,331.1,0.0,5.0,1,Stopped,0,0,0,0,0,VALID,VALID
35H-09245,2026-07-29 14:20:00,331.1,0,"Phường Châu Sơn, Tỉnh Ninh Bình",0.0,5.0,1,0,0.0,0.0,331.1,0.0,5.0,1,Stopped,0,0,0,0,0,VALID,VALID
35H-09245,2026-07-29 14:25:00,331.1,0,"Phường Châu Sơn, Tỉnh Ninh Bình",0.0,5.0,1,0,0.0,0.0,331.1,0.0,5.0,1,Stopped,0,0,0,0,0,VALID,VALID
35H-09245,2026-07-29 14:30:00,331.0,0,"Phường Châu Sơn, Tỉnh Ninh Bình",0.0,5.0,1,0,-0.10000000000002274,-0.02000000000000455,331.1,0.04472135955789347,5.0,1,Stopped,0,0,0,0,0,VALID,VALID
35H-09245,2026-07-29 14:35:00,330.9,0,"Phường Lý Thường Kiệt, Tỉnh Ninh Bình",0.0,5.0,1,0,-0.10000000000002274,-0.02000000000000455,331.1,0.0894427191039942,5.0,1,Stopped,0,0,0,0,0,VALID,VALID
35H-09245,2026-07-29 14:40:00,330.5,0,"Phường Lý Thường Kiệt, Tỉnh Ninh Bình",0.0,5.0,1,0,-0.39999999999997726,-0.07999999999999545,331.0,0.24899799196125488,5.0,1,Stopped,0,0,0,0,0,VALID,VALID
35H-09245,2026-07-29 14:45:00,330.9,0,"Phường Lý Thường Kiệt, Tỉnh Ninh Bình",0.0,5.0,1,0,0.39999999999997726,0.07999999999999545,330.9,0.22803508502145575,5.0,1,Stopped,0,0,0,0,0,VALID,VALID
35H-09245,2026-07-29 14:50:00,331.4,43,"Phường Lý Thường Kiệt, Tỉnh Ninh Bình",0.0,5.0,1,0,0.5,0.1,330.9,0.32093613071873944,5.0,1,Moving,0,0,0,0,0,VALID,VALID
35H-09245,2026-07-29 14:55:00,328.2,53,"Phường Lý Thường Kiệt, Tỉnh Ninh Bình",0.0,5.0,1,0,-3.1999999999999886,-0.6399999999999977,330.9,1.2597618822622298,5.0,1,Moving,0,0,0,0,0,VALID,VALID
35H-09245,2026-07-29 15:00:00,326.9,56,"Phường Phù Vân, Tỉnh Ninh Bình",0.0,5.0,1,0,-1.3000000000000114,-0.2600000000000023,330.5,1.9357169214534204,5.0,1,Moving,0,0,0,0,0,VALID,VALID
35H-09245,2026-07-29 15:05:00,322.7,52,"Phường Kim Thanh, Tỉnh Ninh Bình",0.0,5.0,1,0,-4.199999999999989,-0.8399999999999977,328.2,3.5109827683999737,5.0,1,Moving,0,0,0,0,0,VALID,VALID
35H-09245,2026-07-29 15:10:00,322.9,0,"Quốc Lộ 1, Phường Hà Nam, Tỉnh Ninh Bình",0.0,5.0,1,0,0.19999999999998863,0.039999999999997725,326.9,3.688766731578725,5.0,1,Stopped,0,0,0,0,0,VALID,VALID
35H-09245,2026-07-29 15:15:00,319.1,51,"Phường Hà Nam, Tỉnh Ninh Bình",0.0,5.0,1,0,-3.7999999999999545,-0.7599999999999909,322.9,3.6384062444980394,5.0,1,Moving,0,0,0,0,0,VALID,VALID
35H-09245,2026-07-29 15:20:00,317.4,41,"Quốc Lộ 38B, Phường Đồng Văn, Tỉnh Ninh Bình",0.0,5.0,1,0,-1.7000000000000455,-0.3400000000000091,322.7,3.697296309467575,5.0,1,Moving,0,0,0,0,0,VALID,VALID
35H-09245,2026-07-29 15:25:00,315.5,48,"Quốc Lộ 38B, Phường Duy Tân, Tỉnh Ninh Bình",0.0,5.0,1,0,-1.8999999999999773,-0.37999999999999545,319.1,3.2545352970897024,5.0,1,Moving,0,0,0,0,0,VALID,VALID
35H-09245,2026-07-29 15:30:00,313.6,40,"Đường Huyện 01, Phường Duy Tân, Tỉnh Ninh Bình",0.0,5.0,1,0,-1.8999999999999773,-0.37999999999999545,317.4,3.5616007637020273,5.0,1,Moving,0,0,0,0,0,VALID,VALID
35H-09245,2026-07-29 15:35:00,312.3,30,"Đường Huyện 01, Phường Duy Tân, Tỉnh Ninh Bình",0.0,5.0,1,0,-1.3000000000000114,-0.2600000000000023,315.5,2.756265589525668,5.0,1,Moving,0,0,0,0,0,VALID,VALID
35H-09245,2026-07-29 15:40:00,312.7,0,"Đường Huyện 01, Phường Duy Tân, Tỉnh Ninh Bình",0.0,5.0,1,0,0.39999999999997726,0.07999999999999545,313.6,2.1272047386190907,5.0,1,Stopped,0,0,0,0,0,VALID,VALID
35H-09245,2026-07-29 15:45:00,313.5,0,"Đường Huyện 01, Phường Duy Tân, Tỉnh Ninh Bình",0.0,5.0,1,0,0.8000000000000114,0.16000000000000228,313.5,1.2336936410647867,5.0,1,Stopped,0,0,0,0,0,VALID,VALID
35H-09245,2026-07-29 15:50:00,313.7,0,"Đường Huyện 01, Phường Duy Tân, Tỉnh Ninh Bình",0.0,5.0,1,0,0.19999999999998863,0.039999999999997725,313.5,0.6228964600989202,5.0,1,Stopped,0,0,0,0,0,VALID,VALID
35H-09245,2026-07-29 15:55:00,314.1,0,"Đường Huyện 01, Phường Duy Tân, Tỉnh Ninh Bình",0.0,5.0,1,0,0.4000000000000341,0.08000000000000682,313.5,0.7402702209354113,5.0,1,Stopped,0,0,0,0,0,VALID,VALID
35H-09245,2026-07-29 16:00:00,314.3,0,"Đường Huyện 01, Phường Duy Tân, Tỉnh Ninh Bình",0.0,5.0,1,0,0.19999999999998863,0.039999999999997725,313.7,0.6228964600988921,5.0,1,Stopped,0,0,0,0,0,VALID,VALID
35H-09245,2026-07-29 16:05:00,312.7,0,"Đường Huyện 01, Phường Duy Tân, Tỉnh Ninh Bình",0.0,5.0,1,0,-1.6000000000000227,-0.32000000000000456,313.7,0.6228964600988921,5.0,1,Stopped,0,0,0,0,0,VALID,VALID
35H-09245,2026-07-29 16:10:00,312.1,0,"Đường Huyện 01, Phường Duy Tân, Tỉnh Ninh Bình",0.0,5.0,1,0,-0.5999999999999659,-0.11999999999999318,313.7,0.9444575162513911,5.0,1,Stopped,0,0,0,0,0,VALID,VALID
35H-09245,2026-07-29 16:15:00,312.0,0,"Đường Huyện 01, Phường Duy Tân, Tỉnh Ninh Bình",0.0,5.0,1,0,-0.10000000000002274,-0.02000000000000455,312.7,1.094531863402707,5.0,1,Stopped,0,0,0,0,0,VALID,VALID
35H-09245,2026-07-29 16:20:00,311.5,0,"Đường Huyện 01, Phường Duy Tân, Tỉnh Ninh Bình",0.0,5.0,1,0,-0.5,-0.1,312.1,1.0825894882197462,5.0,1,Stopped,0,0,0,0,0,VALID,VALID
35H-09245,2026-07-29 16:25:00,311.3,0,"Đường Huyện 01, Phường Duy Tân, Tỉnh Ninh Bình",0.0,5.0,1,0,-0.19999999999998863,-0.039999999999997725,312.0,0.5495452665650077,5.0,1,Stopped,0,0,0,0,0,VALID,VALID
35H-09245,2026-07-29 16:30:00,311.9,29,"Phường Duy Tân, Tỉnh Ninh Bình",0.0,5.0,1,0,0.5999999999999659,0.11999999999999318,311.9,0.34351128075222936,5.0,1,Moving,0,0,0,0,0,VALID,VALID
35H-09245,2026-07-29 16:35:00,311.0,34,"Đường Huyện 01, Phường Duy Tân, Tỉnh Ninh Bình",0.0,5.0,1,0,-0.8999999999999773,-0.17999999999999544,311.5,0.4159326868665959,5.0,1,Moving,0,0,0,0,0,VALID,VALID
35H-09245,2026-07-29 16:40:00,308.6,21,"Đường Huyện 01, Phường Duy Tân, Tỉnh Ninh Bình",0.0,5.0,1,0,-2.3999999999999773,-0.47999999999999543,311.3,1.3049904214223735,5.0,1,Moving,0,0,0,0,0,VALID,VALID
35H-09245,2026-07-29 16:45:00,308.9,45,"Quốc Lộ 38B, Phường Đồng Văn, Tỉnh Ninh Bình",0.0,5.0,1,0,0.2999999999999545,0.05999999999999091,311.0,1.4909728367761332,5.0,1,Moving,0,0,0,0,0,VALID,VALID
35H-09245,2026-07-29 16:50:00,308.8,43,"Cầu vượt Vực Vòng, Phường Đồng Văn, Tỉnh Ninh Bình",0.0,5.0,1,0,-0.0999999999999659,-0.01999999999999318,308.9,1.507647173580205,5.0,1,Moving,0,0,0,0,0,VALID,VALID
35H-09245,2026-07-29 16:55:00,306.9,44,"Phường Hà Nam, Tỉnh Ninh Bình",0.0,5.0,1,0,-1.900000000000034,-0.38000000000000683,308.8,1.4570518178859135,5.0,1,Moving,0,0,0,0,0,VALID,VALID
35H-09245,2026-07-29 17:00:00,307.1,53,"Quốc Lộ 1, Phường Hà Nam, Tỉnh Ninh Bình",0.0,5.0,1,0,0.20000000000004547,0.0400000000000091,308.6,0.9762171889517339,5.0,1,Moving,0,0,0,0,0,VALID,VALID
35H-09245,2026-07-29 17:05:00,307.3,49,"Lê Hoàn, Phường Hà Nam, Tỉnh Ninh Bình",0.0,5.0,1,0,0.19999999999998863,0.039999999999997725,307.3,0.9695359714857861,5.0,1,Moving,0,0,0,0,0,VALID,VALID
35H-09245,2026-07-29 17:10:00,307.1,0,"Lê Hoàn, Phường Phủ Lý, Tỉnh Ninh Bình",0.0,5.0,1,0,-0.19999999999998863,-0.039999999999997725,307.1,0.773304597170484,5.0,1,Stopped,0,0,0,0,0,VALID,VALID
35H-09245,2026-07-29 17:15:00,304.2,42,"Lê Chân, Phường Châu Sơn, Tỉnh Ninh Bình",0.0,5.0,1,0,-2.900000000000034,-0.5800000000000068,307.1,1.3046072205860477,5.0,1,Moving,0,0,0,0,0,VALID,VALID
35H-09245,2026-07-29 17:20:00,303.6,0,"Lê Chân, Phường Phù Vân, Tỉnh Ninh Bình",0.0,5.0,1,0,-0.5999999999999659,-0.11999999999999318,307.1,1.8036074961047963,5.0,1,Stopped,0,0,0,0,0,VALID,VALID
35H-09245,2026-07-29 17:25:00,303.5,0,"Lê Chân, Phường Phù Vân, Tỉnh Ninh Bình",0.0,5.0,1,0,-0.10000000000002274,-0.02000000000000455,304.2,1.9007893097357365,5.0,1,Stopped,0,0,0,0,0,VALID,VALID
35H-09245,2026-07-29 17:30:00,304.7,0,"Lê Chân, Phường Phù Vân, Tỉnh Ninh Bình",0.0,5.0,1,0,1.1999999999999886,0.23999999999999772,304.2,1.468672870317228,5.0,1,Stopped,0,0,0,0,0,VALID,VALID
35H-09245,2026-07-29 17:35:00,304.7,0,"Lê Chân, Phường Phù Vân, Tỉnh Ninh Bình",0.0,5.0,1,0,0.0,0.0,304.2,0.5770615218553631,5.0,1,Stopped,0,0,0,0,0,VALID,VALID
35H-09245,2026-07-29 17:40:00,304.7,0,"Lê Chân, Phường Phù Vân, Tỉnh Ninh Bình",0.0,5.0,1,0,0.0,0.0,304.7,0.6308724118282393,5.0,1,Stopped,0,0,0,0,0,VALID,VALID
35H-09245,2026-07-29 17:45:00,304.7,0,"Lê Chân, Phường Phù Vân, Tỉnh Ninh Bình",0.0,5.0,1,0,0.0,0.0,304.7,0.5366563146054409,5.0,1,Stopped,0,0,0,0,0,VALID,VALID
35H-09245,2026-07-29 17:50:00,304.7,0,"Lê Chân, Phường Phù Vân, Tỉnh Ninh Bình",0.0,5.0,1,0,0.0,0.0,304.7,0.0,5.0,1,Stopped,0,0,0,0,0,VALID,VALID
35H-09245,2026-07-29 17:55:00,304.7,0,"Lê Chân, Phường Phù Vân, Tỉnh Ninh Bình",0.0,5.0,1,0,0.0,0.0,304.7,0.0,5.0,1,Stopped,0,0,0,0,0,VALID,VALID
35H-09245,2026-07-29 18:00:00,304.7,0,"Lê Chân, Phường Phù Vân, Tỉnh Ninh Bình",0.0,5.0,1,0,0.0,0.0,304.7,0.0,5.0,1,Stopped,0,0,0,0,0,VALID,VALID
35H-09245,2026-07-29 18:05:00,304.7,0,"Lê Chân, Phường Phù Vân, Tỉnh Ninh Bình",0.0,5.0,1,0,0.0,0.0,304.7,0.0,5.0,1,Stopped,0,0,0,0,0,VALID,VALID
35H-09245,2026-07-29 18:10:00,304.7,0,"Lê Chân, Phường Phù Vân, Tỉnh Ninh Bình",0.0,5.0,1,0,0.0,0.0,304.7,0.0,5.0,1,Stopped,0,0,0,0,0,VALID,VALID
35H-09245,2026-07-29 18:15:00,304.7,0,"Lê Chân, Phường Phù Vân, Tỉnh Ninh Bình",0.0,5.0,1,0,0.0,0.0,304.7,0.0,5.0,1,Stopped,0,0,0,0,0,VALID,VALID
35H-09245,2026-07-29 18:20:00,304.8,0,"Lê Chân, Phường Phù Vân, Tỉnh Ninh Bình",0.0,5.0,1,0,0.10000000000002274,0.02000000000000455,304.7,0.04472135961489258,5.0,1,Stopped,0,0,0,0,0,VALID,VALID
35H-09245,2026-07-29 18:25:00,304.8,0,"Lê Chân, Phường Phù Vân, Tỉnh Ninh Bình",0.0,5.0,1,0,0.0,0.0,304.7,0.054772255803432875,5.0,1,Stopped,0,0,0,0,0,VALID,VALID
35H-09245,2026-07-29 18:30:00,304.8,0,"Lê Chân, Phường Phù Vân, Tỉnh Ninh Bình",0.0,5.0,1,0,0.0,0.0,304.8,0.054772255803352446,5.0,1,Stopped,0,0,0,0,0,VALID,VALID
35H-09245,2026-07-29 18:35:00,304.9,0,"Lê Chân, Phường Phù Vân, Tỉnh Ninh Bình",0.0,5.0,1,0,0.0999999999999659,0.01999999999999318,304.8,0.07071067815944998,5.0,1,Stopped,0,0,0,0,0,VALID,VALID
35H-09245,2026-07-29 18:40:00,304.9,0,"Lê Chân, Phường Phù Vân, Tỉnh Ninh Bình",0.0,5.0,1,0,0.0,0.0,304.8,0.05477225580301451,5.0,1,Stopped,0,0,0,0,0,VALID,VALID
35H-09245,2026-07-29 18:45:00,305.1,0,"Lê Chân, Phường Phù Vân, Tỉnh Ninh Bình",0.0,5.0,1,0,0.20000000000004547,0.0400000000000091,304.9,0.1224744871625557,5.0,1,Stopped,0,0,0,0,0,VALID,VALID
35H-09245,2026-07-29 18:50:00,305.3,0,"Lê Chân, Phường Phù Vân, Tỉnh Ninh Bình",0.0,5.0,1,0,0.19999999999998863,0.039999999999997725,304.9,0.20000000001423696,5.0,1,Stopped,0,0,0,0,0,VALID,VALID
35H-09245,2026-07-29 18:55:00,305.3,0,"Lê Chân, Phường Phù Vân, Tỉnh Ninh Bình",0.0,5.0,1,0,0.0,0.0,305.1,0.20000000001414991,5.0,1,Stopped,0,0,0,0,0,VALID,VALID
35H-09245,2026-07-29 19:00:00,305.3,0,"Lê Chân, Phường Phù Vân, Tỉnh Ninh Bình",0.0,5.0,1,0,0.0,0.0,305.3,0.17888543821571007,5.0,1,Stopped,0,0,0,0,0,VALID,VALID
35H-09245,2026-07-29 19:05:00,305.3,0,"Lê Chân, Phường Phù Vân, Tỉnh Ninh Bình",0.0,5.0,1,0,0.0,0.0,305.3,0.08944271913122707,5.0,1,Stopped,0,0,0,0,0,VALID,VALID
35H-09245,2026-07-29 19:10:00,305.3,0,"Lê Chân, Phường Phù Vân, Tỉnh Ninh Bình",0.0,5.0,1,0,0.0,0.0,305.3,0.0,5.0,1,Stopped,0,0,0,0,0,VALID,VALID
35H-09245,2026-07-29 19:15:00,305.3,0,"Lê Chân, Phường Phù Vân, Tỉnh Ninh Bình",0.0,5.0,1,0,0.0,0.0,305.3,0.0,5.0,1,Stopped,0,0,0,0,0,VALID,VALID
35H-09245,2026-07-29 19:20:00,305.3,0,"Lê Chân, Phường Phù Vân, Tỉnh Ninh Bình",0.0,5.0,1,0,0.0,0.0,305.3,0.0,5.0,1,Stopped,0,0,0,0,0,VALID,VALID
35H-09245,2026-07-29 19:25:00,305.1,0,"Lê Chân, Phường Phù Vân, Tỉnh Ninh Bình",0.0,5.0,1,0,-0.19999999999998863,-0.039999999999997725,305.3,0.08944271913122707,5.0,1,Stopped,0,0,0,0,0,VALID,VALID
35H-09245,2026-07-29 19:30:00,305.1,0,"Lê Chân, Phường Phù Vân, Tỉnh Ninh Bình",0.0,5.0,1,0,0.0,0.0,305.3,0.1095445115266133,5.0,1,Stopped,0,0,0,0,0,VALID,VALID
35H-09245,2026-07-29 19:35:00,305.1,0,"Lê Chân, Phường Phù Vân, Tỉnh Ninh Bình",0.0,5.0,1,0,0.0,0.0,305.1,0.10954451152670541,5.0,1,Stopped,0,0,0,0,0,VALID,VALID
35H-09245,2026-07-29 19:40:00,305.1,0,"Lê Chân, Phường Phù Vân, Tỉnh Ninh Bình",0.0,5.0,1,0,0.0,0.0,305.1,0.08944271913156551,5.0,1,Stopped,0,0,0,0,0,VALID,VALID
35H-09245,2026-07-29 19:45:00,305.1,0,"Lê Chân, Phường Phù Vân, Tỉnh Ninh Bình",0.0,5.0,1,0,0.0,0.0,305.1,0.0,5.0,1,Stopped,0,0,0,0,0,VALID,VALID
35H-09245,2026-07-29 19:50:00,305.1,0,"Lê Chân, Phường Phù Vân, Tỉnh Ninh Bình",0.0,5.0,1,0,0.0,0.0,305.1,0.0,5.0,1,Stopped,0,0,0,0,0,VALID,VALID
35H-09245,2026-07-29 19:55:00,305.1,0,"Lê Chân, Phường Phù Vân, Tỉnh Ninh Bình",0.0,5.0,1,0,0.0,0.0,305.1,0.0,5.0,1,Stopped,0,0,0,0,0,VALID,VALID
35H-09245,2026-07-29 20:00:00,305.1,0,"Lê Chân, Phường Phù Vân, Tỉnh Ninh Bình",0.0,5.0,1,0,0.0,0.0,305.1,0.0,5.0,1,Stopped,0,0,0,0,0,VALID,VALID
35H-09245,2026-07-29 20:05:00,305.1,0,"Lê Chân, Phường Phù Vân, Tỉnh Ninh Bình",0.0,5.0,1,0,0.0,0.0,305.1,0.0,5.0,1,Stopped,0,0,0,0,0,VALID,VALID
35H-09245,2026-07-29 20:10:00,305.1,0,"Lê Chân, Phường Phù Vân, Tỉnh Ninh Bình",0.0,5.0,1,0,0.0,0.0,305.1,0.0,5.0,1,Stopped,0,0,0,0,0,VALID,VALID
35H-09245,2026-07-29 20:15:00,305.1,0,"Lê Chân, Phường Phù Vân, Tỉnh Ninh Bình",0.0,5.0,1,0,0.0,0.0,305.1,0.0,5.0,1,Stopped,0,0,0,0,0,VALID,VALID
35H-09245,2026-07-29 20:20:00,305.1,0,"Lê Chân, Phường Phù Vân, Tỉnh Ninh Bình",0.0,5.0,1,0,0.0,0.0,305.1,0.0,5.0,1,Stopped,0,0,0,0,0,VALID,VALID
35H-09245,2026-07-29 20:25:00,305.1,0,"Lê Chân, Phường Phù Vân, Tỉnh Ninh Bình",0.0,5.0,1,0,0.0,0.0,305.1,0.0,5.0,1,Stopped,0,0,0,0,0,VALID,VALID
35H-09245,2026-07-29 20:30:00,305.1,0,"Lê Chân, Phường Phù Vân, Tỉnh Ninh Bình",0.0,5.0,1,0,0.0,0.0,305.1,0.0,5.0,1,Stopped,0,0,0,0,0,VALID,VALID
35H-09245,2026-07-29 20:35:00,305.1,0,"Lê Chân, Phường Phù Vân, Tỉnh Ninh Bình",0.0,5.0,1,0,0.0,0.0,305.1,0.0,5.0,1,Stopped,0,0,0,0,0,VALID,VALID
35H-09245,2026-07-29 20:40:00,305.1,0,"Lê Chân, Phường Phù Vân, Tỉnh Ninh Bình",0.0,5.0,1,0,0.0,0.0,305.1,0.0,5.0,1,Stopped,0,0,0,0,0,VALID,VALID
35H-09245,2026-07-29 20:45:00,305.1,0,"Lê Chân, Phường Phù Vân, Tỉnh Ninh Bình",0.0,5.0,1,0,0.0,0.0,305.1,0.0,5.0,1,Stopped,0,0,0,0,0,VALID,VALID
35H-09245,2026-07-29 20:50:00,305.1,0,"Lê Chân, Phường Phù Vân, Tỉnh Ninh Bình",0.0,5.0,1,0,0.0,0.0,305.1,0.0,5.0,1,Stopped,0,0,0,0,0,VALID,VALID
35H-09245,2026-07-29 20:55:00,305.1,0,"Lê Chân, Phường Phù Vân, Tỉnh Ninh Bình",0.0,5.0,1,0,0.0,0.0,305.1,0.0,5.0,1,Stopped,0,0,0,0,0,VALID,VALID
35H-09245,2026-07-29 21:00:00,305.1,0,"Lê Chân, Phường Phù Vân, Tỉnh Ninh Bình",0.0,5.0,1,0,0.0,0.0,305.1,0.0,5.0,1,Stopped,0,0,0,0,0,VALID,VALID
35H-09245,2026-07-29 21:05:00,305.1,0,"Lê Chân, Phường Phù Vân, Tỉnh Ninh Bình",0.0,5.0,1,0,0.0,0.0,305.1,0.0,5.0,1,Stopped,0,0,0,0,0,VALID,VALID
35H-09245,2026-07-29 21:10:00,305.1,0,"Lê Chân, Phường Phù Vân, Tỉnh Ninh Bình",0.0,5.0,1,0,0.0,0.0,305.1,0.0,5.0,1,Stopped,0,0,0,0,0,VALID,VALID
35H-09245,2026-07-29 21:15:00,305.1,0,"Lê Chân, Phường Phù Vân, Tỉnh Ninh Bình",0.0,5.0,1,0,0.0,0.0,305.1,0.0,5.0,1,Stopped,0,0,0,0,0,VALID,VALID
35H-09245,2026-07-29 21:20:00,305.1,0,"Lê Chân, Phường Phù Vân, Tỉnh Ninh Bình",0.0,5.0,1,0,0.0,0.0,305.1,0.0,5.0,1,Stopped,0,0,0,0,0,VALID,VALID
35H-09245,2026-07-29 21:25:00,305.1,0,"Lê Chân, Phường Phù Vân, Tỉnh Ninh Bình",0.0,5.0,1,0,0.0,0.0,305.1,0.0,5.0,1,Stopped,0,0,0,0,0,VALID,VALID
35H-09245,2026-07-29 21:30:00,305.1,0,"Lê Chân, Phường Phù Vân, Tỉnh Ninh Bình",0.0,5.0,1,0,0.0,0.0,305.1,0.0,5.0,1,Stopped,0,0,0,0,0,VALID,VALID
35H-09245,2026-07-29 21:35:00,305.1,0,"Lê Chân, Phường Phù Vân, Tỉnh Ninh Bình",0.0,5.0,1,0,0.0,0.0,305.1,0.0,5.0,1,Stopped,0,0,0,0,0,VALID,VALID
35H-09245,2026-07-29 21:40:00,305.1,0,"Lê Chân, Phường Phù Vân, Tỉnh Ninh Bình",0.0,5.0,1,0,0.0,0.0,305.1,0.0,5.0,1,Stopped,0,0,0,0,0,VALID,VALID
35H-09245,2026-07-29 21:45:00,305.1,0,"Lê Chân, Phường Phù Vân, Tỉnh Ninh Bình",0.0,5.0,1,0,0.0,0.0,305.1,0.0,5.0,1,Stopped,0,0,0,0,0,VALID,VALID
35H-09245,2026-07-29 21:50:00,305.1,0,"Lê Chân, Phường Phù Vân, Tỉnh Ninh Bình",0.0,5.0,1,0,0.0,0.0,305.1,0.0,5.0,1,Stopped,0,0,0,0,0,VALID,VALID
35H-09245,2026-07-29 21:55:00,305.1,0,"Lê Chân, Phường Phù Vân, Tỉnh Ninh Bình",0.0,5.0,1,0,0.0,0.0,305.1,0.0,5.0,1,Stopped,0,0,0,0,0,VALID,VALID
35H-09245,2026-07-29 22:00:00,305.1,0,"Lê Chân, Phường Phù Vân, Tỉnh Ninh Bình",0.0,5.0,1,0,0.0,0.0,305.1,0.0,5.0,1,Stopped,0,0,0,0,0,VALID,VALID
35H-09245,2026-07-29 22:05:00,305.1,0,"Lê Chân, Phường Phù Vân, Tỉnh Ninh Bình",0.0,5.0,1,0,0.0,0.0,305.1,0.0,5.0,1,Stopped,0,0,0,0,0,VALID,VALID
35H-09245,2026-07-29 22:10:00,305.1,0,"Lê Chân, Phường Phù Vân, Tỉnh Ninh Bình",0.0,5.0,1,0,0.0,0.0,305.1,0.0,5.0,1,Stopped,0,0,0,0,0,VALID,VALID
35H-09245,2026-07-29 22:15:00,305.1,0,"Lê Chân, Phường Phù Vân, Tỉnh Ninh Bình",0.0,5.0,1,0,0.0,0.0,305.1,0.0,5.0,1,Stopped,0,0,0,0,0,VALID,VALID
35H-09245,2026-07-29 22:20:00,305.1,0,"Lê Chân, Phường Phù Vân, Tỉnh Ninh Bình",0.0,5.0,1,0,0.0,0.0,305.1,0.0,5.0,1,Stopped,0,0,0,0,0,VALID,VALID
35H-09245,2026-07-29 22:25:00,305.1,0,"Lê Chân, Phường Phù Vân, Tỉnh Ninh Bình",0.0,5.0,1,0,0.0,0.0,305.1,0.0,5.0,1,Stopped,0,0,0,0,0,VALID,VALID
35H-09245,2026-07-29 22:30:00,305.1,0,"Lê Chân, Phường Phù Vân, Tỉnh Ninh Bình",0.0,5.0,1,0,0.0,0.0,305.1,0.0,5.0,1,Stopped,0,0,0,0,0,VALID,VALID
35H-09245,2026-07-29 22:35:00,305.1,0,"Lê Chân, Phường Phù Vân, Tỉnh Ninh Bình",0.0,5.0,1,0,0.0,0.0,305.1,0.0,5.0,1,Stopped,0,0,0,0,0,VALID,VALID
35H-09245,2026-07-29 22:40:00,305.1,0,"Lê Chân, Phường Phù Vân, Tỉnh Ninh Bình",0.0,5.0,1,0,0.0,0.0,305.1,0.0,5.0,1,Stopped,0,0,0,0,0,VALID,VALID
35H-09245,2026-07-29 22:45:00,305.1,0,"Lê Chân, Phường Phù Vân, Tỉnh Ninh Bình",0.0,5.0,1,0,0.0,0.0,305.1,0.0,5.0,1,Stopped,0,0,0,0,0,VALID,VALID
35H-09245,2026-07-29 22:50:00,305.1,0,"Lê Chân, Phường Phù Vân, Tỉnh Ninh Bình",0.0,5.0,1,0,0.0,0.0,305.1,0.0,5.0,1,Stopped,0,0,0,0,0,VALID,VALID
35H-09245,2026-07-29 22:55:00,305.1,0,"Lê Chân, Phường Phù Vân, Tỉnh Ninh Bình",0.0,5.0,1,0,0.0,0.0,305.1,0.0,5.0,1,Stopped,0,0,0,0,0,VALID,VALID
35H-09245,2026-07-29 23:00:00,305.1,0,"Lê Chân, Phường Phù Vân, Tỉnh Ninh Bình",0.0,5.0,1,0,0.0,0.0,305.1,0.0,5.0,1,Stopped,0,0,0,0,0,VALID,VALID
35H-09245,2026-07-29 23:05:00,305.1,0,"Lê Chân, Phường Phù Vân, Tỉnh Ninh Bình",0.0,5.0,1,0,0.0,0.0,305.1,0.0,5.0,1,Stopped,0,0,0,0,0,VALID,VALID
35H-09245,2026-07-29 23:10:00,305.1,0,"Lê Chân, Phường Phù Vân, Tỉnh Ninh Bình",0.0,5.0,1,0,0.0,0.0,305.1,0.0,5.0,1,Stopped,0,0,0,0,0,VALID,VALID
35H-09245,2026-07-29 23:15:00,305.1,0,"Lê Chân, Phường Phù Vân, Tỉnh Ninh Bình",0.0,5.0,1,0,0.0,0.0,305.1,0.0,5.0,1,Stopped,0,0,0,0,0,VALID,VALID
35H-09245,2026-07-29 23:20:00,305.1,0,"Lê Chân, Phường Phù Vân, Tỉnh Ninh Bình",0.0,5.0,1,0,0.0,0.0,305.1,0.0,5.0,1,Stopped,0,0,0,0,0,VALID,VALID
35H-09245,2026-07-29 23:25:00,305.1,0,"Lê Chân, Phường Phù Vân, Tỉnh Ninh Bình",0.0,5.0,1,0,0.0,0.0,305.1,0.0,5.0,1,Stopped,0,0,0,0,0,VALID,VALID
35H-09245,2026-07-29 23:30:00,305.1,0,"Lê Chân, Phường Phù Vân, Tỉnh Ninh Bình",0.0,5.0,1,0,0.0,0.0,305.1,0.0,5.0,1,Stopped,0,0,0,0,0,VALID,VALID
35H-09245,2026-07-29 23:35:00,305.1,0,"Lê Chân, Phường Phù Vân, Tỉnh Ninh Bình",0.0,5.0,1,0,0.0,0.0,305.1,0.0,5.0,1,Stopped,0,0,0,0,0,VALID,VALID
35H-09245,2026-07-29 23:40:00,305.1,0,"Lê Chân, Phường Phù Vân, Tỉnh Ninh Bình",0.0,5.0,1,0,0.0,0.0,305.1,0.0,5.0,1,Stopped,0,0,0,0,0,VALID,VALID
35H-09245,2026-07-29 23:45:00,305.1,0,"Lê Chân, Phường Phù Vân, Tỉnh Ninh Bình",0.0,5.0,1,0,0.0,0.0,305.1,0.0,5.0,1,Stopped,0,0,0,0,0,VALID,VALID
35H-09245,2026-07-29 23:50:00,305.1,0,"Lê Chân, Phường Phù Vân, Tỉnh Ninh Bình",0.0,5.0,1,0,0.0,0.0,305.1,0.0,5.0,1,Stopped,0,0,0,0,0,VALID,VALID
35H-09245,2026-07-29 23:55:00,305.1,0,"Lê Chân, Phường Phù Vân, Tỉnh Ninh Bình",0.0,5.0,1,0,0.0,0.0,305.1,0.0,5.0,1,Stopped,0,0,0,0,0,VALID,VALID
35H-09245,2026-07-30 00:00:00,305.1,0,"Lê Chân, Phường Phù Vân, Tỉnh Ninh Bình",0.0,5.0,1,0,0.0,0.0,305.1,0.0,5.0,1,Stopped,0,0,0,0,0,VALID,VALID
35H-09245,2026-07-30 00:05:00,305.1,0,"Lê Chân, Phường Phù Vân, Tỉnh Ninh Bình",0.0,5.0,1,0,0.0,0.0,305.1,0.0,5.0,1,Stopped,0,0,0,0,0,VALID,VALID
35H-09245,2026-07-30 00:10:00,305.1,0,"Lê Chân, Phường Phù Vân, Tỉnh Ninh Bình",0.0,5.0,1,0,0.0,0.0,305.1,0.0,5.0,1,Stopped,0,0,0,0,0,VALID,VALID
35H-09245,2026-07-30 00:15:00,305.1,0,"Lê Chân, Phường Phù Vân, Tỉnh Ninh Bình",0.0,5.0,1,0,0.0,0.0,305.1,0.0,5.0,1,Stopped,0,0,0,0,0,VALID,VALID
35H-09245,2026-07-30 00:20:00,305.1,0,"Lê Chân, Phường Phù Vân, Tỉnh Ninh Bình",0.0,5.0,1,0,0.0,0.0,305.1,0.0,5.0,1,Stopped,0,0,0,0,0,VALID,VALID
35H-09245,2026-07-30 00:25:00,305.1,0,"Lê Chân, Phường Phù Vân, Tỉnh Ninh Bình",0.0,5.0,1,0,0.0,0.0,305.1,0.0,5.0,1,Stopped,0,0,0,0,0,VALID,VALID
35H-09245,2026-07-30 00:30:00,305.1,0,"Lê Chân, Phường Phù Vân, Tỉnh Ninh Bình",0.0,5.0,1,0,0.0,0.0,305.1,0.0,5.0,1,Stopped,0,0,0,0,0,VALID,VALID
35H-09245,2026-07-30 00:35:00,305.1,0,"Lê Chân, Phường Phù Vân, Tỉnh Ninh Bình",0.0,5.0,1,0,0.0,0.0,305.1,0.0,5.0,1,Stopped,0,0,0,0,0,VALID,VALID
35H-09245,2026-07-30 00:40:00,305.1,0,"Lê Chân, Phường Phù Vân, Tỉnh Ninh Bình",0.0,5.0,1,0,0.0,0.0,305.1,0.0,5.0,1,Stopped,0,0,0,0,0,VALID,VALID
35H-09245,2026-07-30 00:45:00,305.1,0,"Lê Chân, Phường Phù Vân, Tỉnh Ninh Bình",0.0,5.0,1,0,0.0,0.0,305.1,0.0,5.0,1,Stopped,0,0,0,0,0,VALID,VALID
35H-09245,2026-07-30 00:50:00,305.2,0,"Lê Chân, Phường Phù Vân, Tỉnh Ninh Bình",0.0,5.0,1,0,0.0999999999999659,0.01999999999999318,305.1,0.04472135961327837,5.0,1,Stopped,0,0,0,0,0,VALID,VALID
35H-09245,2026-07-30 00:55:00,305.2,0,"Lê Chân, Phường Phù Vân, Tỉnh Ninh Bình",0.0,5.0,1,0,0.0,0.0,305.1,0.054772255802060396,5.0,1,Stopped,0,0,0,0,0,VALID,VALID
35H-09245,2026-07-30 01:00:00,305.2,0,"Lê Chân, Phường Phù Vân, Tỉnh Ninh Bình",0.0,5.0,1,0,0.0,0.0,305.2,0.05477225580194493,5.0,1,Stopped,0,0,0,0,0,VALID,VALID
35H-09245,2026-07-30 01:05:00,305.2,0,"Lê Chân, Phường Phù Vân, Tỉnh Ninh Bình",0.0,5.0,1,0,0.0,0.0,305.2,0.04472135961285415,5.0,1,Stopped,0,0,0,0,0,VALID,VALID
35H-09245,2026-07-30 01:10:00,305.2,0,"Lê Chân, Phường Phù Vân, Tỉnh Ninh Bình",0.0,5.0,1,0,0.0,0.0,305.2,0.0,5.0,1,Stopped,0,0,0,0,0,VALID,VALID
35H-09245,2026-07-30 01:15:00,305.2,0,"Lê Chân, Phường Phù Vân, Tỉnh Ninh Bình",0.0,5.0,1,0,0.0,0.0,305.2,0.0,5.0,1,Stopped,0,0,0,0,0,VALID,VALID
35H-09245,2026-07-30 01:20:00,305.2,0,"Lê Chân, Phường Phù Vân, Tỉnh Ninh Bình",0.0,5.0,1,0,0.0,0.0,305.2,0.0,5.0,1,Stopped,0,0,0,0,0,VALID,VALID
35H-09245,2026-07-30 01:25:00,305.2,0,"Lê Chân, Phường Phù Vân, Tỉnh Ninh Bình",0.0,5.0,1,0,0.0,0.0,305.2,0.0,5.0,1,Stopped,0,0,0,0,0,VALID,VALID
35H-09245,2026-07-30 01:30:00,305.2,0,"Lê Chân, Phường Phù Vân, Tỉnh Ninh Bình",0.0,5.0,1,0,0.0,0.0,305.2,0.0,5.0,1,Stopped,0,0,0,0,0,VALID,VALID
35H-09245,2026-07-30 01:35:00,305.2,0,"Lê Chân, Phường Phù Vân, Tỉnh Ninh Bình",0.0,5.0,1,0,0.0,0.0,305.2,0.0,5.0,1,Stopped,0,0,0,0,0,VALID,VALID
35H-09245,2026-07-30 01:40:00,305.2,0,"Lê Chân, Phường Phù Vân, Tỉnh Ninh Bình",0.0,5.0,1,0,0.0,0.0,305.2,0.0,5.0,1,Stopped,0,0,0,0,0,VALID,VALID
35H-09245,2026-07-30 01:45:00,305.2,0,"Lê Chân, Phường Phù Vân, Tỉnh Ninh Bình",0.0,5.0,1,0,0.0,0.0,305.2,0.0,5.0,1,Stopped,0,0,0,0,0,VALID,VALID
35H-09245,2026-07-30 01:50:00,305.2,0,"Lê Chân, Phường Phù Vân, Tỉnh Ninh Bình",0.0,5.0,1,0,0.0,0.0,305.2,0.0,5.0,1,Stopped,0,0,0,0,0,VALID,VALID
35H-09245,2026-07-30 01:55:00,305.2,0,"Lê Chân, Phường Phù Vân, Tỉnh Ninh Bình",0.0,5.0,1,0,0.0,0.0,305.2,0.0,5.0,1,Stopped,0,0,0,0,0,VALID,VALID
35H-09245,2026-07-30 02:00:00,305.2,0,"Lê Chân, Phường Phù Vân, Tỉnh Ninh Bình",0.0,5.0,1,0,0.0,0.0,305.2,0.0,5.0,1,Stopped,0,0,0,0,0,VALID,VALID
35H-09245,2026-07-30 02:05:00,305.2,0,"Lê Chân, Phường Phù Vân, Tỉnh Ninh Bình",0.0,5.0,1,0,0.0,0.0,305.2,0.0,5.0,1,Stopped,0,0,0,0,0,VALID,VALID
35H-09245,2026-07-30 02:10:00,305.2,0,"Lê Chân, Phường Phù Vân, Tỉnh Ninh Bình",0.0,5.0,1,0,0.0,0.0,305.2,0.0,5.0,1,Stopped,0,0,0,0,0,VALID,VALID
35H-09245,2026-07-30 02:15:00,305.2,0,"Lê Chân, Phường Phù Vân, Tỉnh Ninh Bình",0.0,5.0,1,0,0.0,0.0,305.2,0.0,5.0,1,Stopped,0,0,0,0,0,VALID,VALID
35H-09245,2026-07-30 02:20:00,305.2,0,"Lê Chân, Phường Phù Vân, Tỉnh Ninh Bình",0.0,5.0,1,0,0.0,0.0,305.2,0.0,5.0,1,Stopped,0,0,0,0,0,VALID,VALID
35H-09245,2026-07-30 02:25:00,305.4,0,"Lê Chân, Phường Phù Vân, Tỉnh Ninh Bình",0.0,5.0,1,0,0.19999999999998863,0.039999999999997725,305.2,0.0894427191312247,5.0,1,Stopped,0,0,0,0,0,VALID,VALID
35H-09245,2026-07-30 02:30:00,305.4,0,"Lê Chân, Phường Phù Vân, Tỉnh Ninh Bình",0.0,5.0,1,0,0.0,0.0,305.2,0.10954451152642715,5.0,1,Stopped,0,0,0,0,0,VALID,VALID
35H-09245,2026-07-30 02:35:00,305.4,0,"Lê Chân, Phường Phù Vân, Tỉnh Ninh Bình",0.0,5.0,1,0,0.0,0.0,305.4,0.10954451152633504,5.0,1,Stopped,0,0,0,0,0,VALID,VALID
35H-09245,2026-07-30 02:40:00,305.4,0,"Lê Chân, Phường Phù Vân, Tỉnh Ninh Bình",0.0,5.0,1,0,0.0,0.0,305.4,0.08944271913088628,5.0,1,Stopped,0,0,0,0,0,VALID,VALID
35H-09245,2026-07-30 02:45:00,305.4,0,"Lê Chân, Phường Phù Vân, Tỉnh Ninh Bình",0.0,5.0,1,0,0.0,0.0,305.4,0.0,5.0,1,Stopped,0,0,0,0,0,VALID,VALID
35H-09245,2026-07-30 02:50:00,305.4,0,"Lê Chân, Phường Phù Vân, Tỉnh Ninh Bình",0.0,5.0,1,0,0.0,0.0,305.4,0.0,5.0,1,Stopped,0,0,0,0,0,VALID,VALID
35H-09245,2026-07-30 02:55:00,305.4,0,"Lê Chân, Phường Phù Vân, Tỉnh Ninh Bình",0.0,5.0,1,0,0.0,0.0,305.4,0.0,5.0,1,Stopped,0,0,0,0,0,VALID,VALID
35H-09245,2026-07-30 03:00:00,305.4,0,"Lê Chân, Phường Phù Vân, Tỉnh Ninh Bình",0.0,5.0,1,0,0.0,0.0,305.4,0.0,5.0,1,Stopped,0,0,0,0,0,VALID,VALID
35H-09245,2026-07-30 03:05:00,305.4,0,"Lê Chân, Phường Phù Vân, Tỉnh Ninh Bình",0.0,5.0,1,0,0.0,0.0,305.4,0.0,5.0,1,Stopped,0,0,0,0,0,VALID,VALID
35H-09245,2026-07-30 03:10:00,305.4,0,"Lê Chân, Phường Phù Vân, Tỉnh Ninh Bình",0.0,5.0,1,0,0.0,0.0,305.4,0.0,5.0,1,Stopped,0,0,0,0,0,VALID,VALID
35H-09245,2026-07-30 03:15:00,305.4,0,"Lê Chân, Phường Phù Vân, Tỉnh Ninh Bình",0.0,5.0,1,0,0.0,0.0,305.4,0.0,5.0,1,Stopped,0,0,0,0,0,VALID,VALID
35H-09245,2026-07-30 03:20:00,305.4,0,"Lê Chân, Phường Phù Vân, Tỉnh Ninh Bình",0.0,5.0,1,0,0.0,0.0,305.4,0.0,5.0,1,Stopped,0,0,0,0,0,VALID,VALID
35H-09245,2026-07-30 03:25:00,305.4,0,"Lê Chân, Phường Phù Vân, Tỉnh Ninh Bình",0.0,5.0,1,0,0.0,0.0,305.4,0.0,5.0,1,Stopped,0,0,0,0,0,VALID,VALID
35H-09245,2026-07-30 03:30:00,305.3,0,"Lê Chân, Phường Phù Vân, Tỉnh Ninh Bình",0.0,5.0,1,0,-0.0999999999999659,-0.01999999999999318,305.4,0.04472135961166569,5.0,1,Stopped,0,0,0,0,0,VALID,VALID
35H-09245,2026-07-30 03:35:00,305.3,0,"Lê Chân, Phường Phù Vân, Tỉnh Ninh Bình",0.0,5.0,1,0,0.0,0.0,305.4,0.05477225580089413,5.0,1,Stopped,0,0,0,0,0,VALID,VALID
35H-09245,2026-07-30 03:40:00,305.3,0,"Lê Chân, Phường Phù Vân, Tỉnh Ninh Bình",0.0,5.0,1,0,0.0,0.0,305.3,0.054772255800929155,5.0,1,Stopped,0,0,0,0,0,VALID,VALID
35H-09245,2026-07-30 03:45:00,305.3,0,"Lê Chân, Phường Phù Vân, Tỉnh Ninh Bình",0.0,5.0,1,0,0.0,0.0,305.3,0.04472135961179438,5.0,1,Stopped,0,0,0,0,0,VALID,VALID
35H-09245,2026-07-30 03:50:00,305.3,0,"Lê Chân, Phường Phù Vân, Tỉnh Ninh Bình",0.0,5.0,1,0,0.0,0.0,305.3,0.0,5.0,1,Stopped,0,0,0,0,0,VALID,VALID
35H-09245,2026-07-30 03:55:00,305.3,0,"Lê Chân, Phường Phù Vân, Tỉnh Ninh Bình",0.0,5.0,1,0,0.0,0.0,305.3,0.0,5.0,1,Stopped,0,0,0,0,0,VALID,VALID
35H-09245,2026-07-30 04:00:00,305.3,0,"Lê Chân, Phường Phù Vân, Tỉnh Ninh Bình",0.0,5.0,1,0,0.0,0.0,305.3,0.0,5.0,1,Stopped,0,0,0,0,0,VALID,VALID
35H-09245,2026-07-30 04:05:00,305.3,0,"Lê Chân, Phường Phù Vân, Tỉnh Ninh Bình",0.0,5.0,1,0,0.0,0.0,305.3,0.0,5.0,1,Stopped,0,0,0,0,0,VALID,VALID
35H-09245,2026-07-30 04:10:00,305.3,0,"Lê Chân, Phường Phù Vân, Tỉnh Ninh Bình",0.0,5.0,1,0,0.0,0.0,305.3,0.0,5.0,1,Stopped,0,0,0,0,0,VALID,VALID
35H-09245,2026-07-30 04:15:00,305.3,0,"Lê Chân, Phường Phù Vân, Tỉnh Ninh Bình",0.0,5.0,1,0,0.0,0.0,305.3,0.0,5.0,1,Stopped,0,0,0,0,0,VALID,VALID
35H-09245,2026-07-30 04:20:00,305.3,0,"Lê Chân, Phường Phù Vân, Tỉnh Ninh Bình",0.0,5.0,1,0,0.0,0.0,305.3,0.0,5.0,1,Stopped,0,0,0,0,0,VALID,VALID
35H-09245,2026-07-30 04:25:00,305.3,0,"Lê Chân, Phường Phù Vân, Tỉnh Ninh Bình",0.0,5.0,1,0,0.0,0.0,305.3,0.0,5.0,1,Stopped,0,0,0,0,0,VALID,VALID
35H-09245,2026-07-30 04:30:00,305.3,0,"Lê Chân, Phường Phù Vân, Tỉnh Ninh Bình",0.0,5.0,1,0,0.0,0.0,305.3,0.0,5.0,1,Stopped,0,0,0,0,0,VALID,VALID
35H-09245,2026-07-30 04:35:00,305.3,0,"Lê Chân, Phường Phù Vân, Tỉnh Ninh Bình",0.0,5.0,1,0,0.0,0.0,305.3,0.0,5.0,1,Stopped,0,0,0,0,0,VALID,VALID
35H-09245,2026-07-30 04:40:00,305.3,0,"Lê Chân, Phường Phù Vân, Tỉnh Ninh Bình",0.0,5.0,1,0,0.0,0.0,305.3,0.0,5.0,1,Stopped,0,0,0,0,0,VALID,VALID
35H-09245,2026-07-30 04:45:00,305.4,0,"Lê Chân, Phường Phù Vân, Tỉnh Ninh Bình",0.0,5.0,1,0,0.0999999999999659,0.01999999999999318,305.3,0.04472135961176578,5.0,1,Stopped,0,0,0,0,0,VALID,VALID
35H-09245,2026-07-30 04:50:00,305.4,0,"Lê Chân, Phường Phù Vân, Tỉnh Ninh Bình",0.0,5.0,1,0,0.0,0.0,305.3,0.054772255800872076,5.0,1,Stopped,0,0,0,0,0,VALID,VALID
35H-09245,2026-07-30 04:55:00,305.4,0,"Lê Chân, Phường Phù Vân, Tỉnh Ninh Bình",0.0,5.0,1,0,0.0,0.0,305.4,0.05477225580080332,5.0,1,Stopped,0,0,0,0,0,VALID,VALID
35H-09245,2026-07-30 05:00:00,305.4,0,"Lê Chân, Phường Phù Vân, Tỉnh Ninh Bình",0.0,5.0,1,0,0.0,0.0,305.4,0.04472135961151316,5.0,1,Stopped,0,0,0,0,0,VALID,VALID
35H-09245,2026-07-30 05:05:00,305.4,0,"Lê Chân, Phường Phù Vân, Tỉnh Ninh Bình",0.0,5.0,1,0,0.0,0.0,305.4,0.0,5.0,1,Stopped,0,0,0,0,0,VALID,VALID
35H-09245,2026-07-30 05:10:00,305.4,0,"Lê Chân, Phường Phù Vân, Tỉnh Ninh Bình",0.0,5.0,1,0,0.0,0.0,305.4,0.0,5.0,1,Stopped,0,0,0,0,0,VALID,VALID
35H-09245,2026-07-30 05:15:00,305.4,0,"Lê Chân, Phường Phù Vân, Tỉnh Ninh Bình",0.0,5.0,1,0,0.0,0.0,305.4,0.0,5.0,1,Stopped,0,0,0,0,0,VALID,VALID
35H-09245,2026-07-30 05:20:00,305.3,0,"Lê Chân, Phường Phù Vân, Tỉnh Ninh Bình",0.0,5.0,1,0,-0.0999999999999659,-0.01999999999999318,305.4,0.04472135961148456,5.0,1,Stopped,0,0,0,0,0,VALID,VALID
35H-09245,2026-07-30 05:25:00,305.3,0,"Lê Chân, Phường Phù Vân, Tỉnh Ninh Bình",0.0,5.0,1,0,0.0,0.0,305.4,0.05477225580074624,5.0,1,Stopped,0,0,0,0,0,VALID,VALID
35H-09245,2026-07-30 05:30:00,305.3,0,"Lê Chân, Phường Phù Vân, Tỉnh Ninh Bình",0.0,5.0,1,0,0.0,0.0,305.3,0.05477225580078126,5.0,1,Stopped,0,0,0,0,0,VALID,VALID
35H-09245,2026-07-30 05:35:00,305.3,0,"Lê Chân, Phường Phù Vân, Tỉnh Ninh Bình",0.0,5.0,1,0,0.0,0.0,305.3,0.044721359611613255,5.0,1,Stopped,0,0,0,0,0,VALID,VALID
35H-09245,2026-07-30 05:40:00,305.3,0,"Lê Chân, Phường Phù Vân, Tỉnh Ninh Bình",0.0,5.0,1,0,0.0,0.0,305.3,0.0,5.0,1,Stopped,0,0,0,0,0,VALID,VALID
35H-09245,2026-07-30 05:45:00,305.3,0,"Lê Chân, Phường Phù Vân, Tỉnh Ninh Bình",0.0,5.0,1,0,0.0,0.0,305.3,0.0,5.0,1,Stopped,0,0,0,0,0,VALID,VALID
35H-09245,2026-07-30 05:50:00,305.3,0,"Lê Chân, Phường Phù Vân, Tỉnh Ninh Bình",0.0,5.0,1,0,0.0,0.0,305.3,0.0,5.0,1,Stopped,0,0,0,0,0,VALID,VALID
35H-09245,2026-07-30 05:55:00,305.3,0,"Lê Chân, Phường Phù Vân, Tỉnh Ninh Bình",0.0,5.0,1,0,0.0,0.0,305.3,0.0,5.0,1,Stopped,0,0,0,0,0,VALID,VALID
35H-09245,2026-07-30 06:00:00,305.4,0,"Lê Chân, Phường Phù Vân, Tỉnh Ninh Bình",0.0,5.0,1,0,0.0999999999999659,0.01999999999999318,305.3,0.04472135961158465,5.0,1,Stopped,0,0,0,0,0,VALID,VALID
35H-09245,2026-07-30 06:05:00,305.2,0,"Lê Chân, Phường Phù Vân, Tỉnh Ninh Bình",0.0,5.0,1,0,-0.19999999999998863,-0.039999999999997725,305.3,0.0707106781576759,5.0,1,Stopped,0,0,0,0,0,VALID,VALID
35H-09245,2026-07-30 06:10:00,304.2,0,"Lê Chân, Phường Phù Vân, Tỉnh Ninh Bình",0.0,5.0,1,0,-1.0,-0.2,305.3,0.49699094559723594,5.0,1,Stopped,0,0,0,0,0,VALID,VALID
35H-09245,2026-07-30 06:15:00,300.7,17,"Phủ Lý - Kiện Khê, Phường Lý Thường Kiệt, Tỉnh Ninh Bình",0.0,5.0,1,0,-3.5,-0.7,305.2,1.9932385707702232,5.0,1,Moving,0,0,0,0,0,VALID,VALID
35H-09245,2026-07-30 06:20:00,304.5,0,"Phan Trọng Tuệ, Phường Lý Thường Kiệt, Tỉnh Ninh Bình",0.0,5.0,1,0,3.8000000000000114,0.7600000000000022,304.5,1.9091883092053006,5.0,1,Stopped,0,0,0,0,0,VALID,VALID
35H-09245,2026-07-30 06:25:00,301.2,0,"Phan Trọng Tuệ, Phường Lý Thường Kiệt, Tỉnh Ninh Bình",0.0,5.0,1,0,-3.3000000000000114,-0.6600000000000023,304.2,2.0574255758122955,5.0,1,Stopped,0,0,0,0,0,VALID,VALID
35H-09245,2026-07-30 06:30:00,301.5,0,"Phường Lý Thường Kiệt, Tỉnh Ninh Bình",0.0,5.0,1,0,0.30000000000001137,0.060000000000002274,301.5,1.7880156598885992,5.0,1,Stopped,0,0,0,0,0,VALID,VALID
35H-09245,2026-07-30 06:35:00,301.5,0,"Phường Lý Thường Kiệt, Tỉnh Ninh Bình",0.0,5.0,1,0,0.0,0.0,301.5,1.500666518586704,5.0,1,Stopped,0,0,0,0,0,VALID,VALID
35H-09245,2026-07-30 06:40:00,301.5,0,"Phường Lý Thường Kiệt, Tỉnh Ninh Bình",0.0,5.0,1,0,0.0,0.0,301.5,1.3813037319891102,5.0,1,Stopped,0,0,0,0,0,VALID,VALID
35H-09245,2026-07-30 06:45:00,301.5,0,"Phường Lý Thường Kiệt, Tỉnh Ninh Bình",0.0,5.0,1,0,0.0,0.0,301.5,0.13416407867759225,5.0,1,Stopped,0,0,0,0,0,VALID,VALID
35H-09245,2026-07-30 06:50:00,301.5,0,"Phường Lý Thường Kiệt, Tỉnh Ninh Bình",0.0,5.0,1,0,0.0,0.0,301.5,0.0,5.0,1,Stopped,0,0,0,0,0,VALID,VALID
35H-09245,2026-07-30 06:55:00,301.5,0,"Phường Lý Thường Kiệt, Tỉnh Ninh Bình",0.0,5.0,1,0,0.0,0.0,301.5,0.0,5.0,1,Stopped,0,0,0,0,0,VALID,VALID
35H-09245,2026-07-30 07:00:00,301.5,0,"Phường Lý Thường Kiệt, Tỉnh Ninh Bình",0.0,5.0,1,0,0.0,0.0,301.5,0.0,5.0,1,Stopped,0,0,0,0,0,VALID,VALID
35H-09245,2026-07-30 07:05:00,301.1,0,"Phường Lý Thường Kiệt, Tỉnh Ninh Bình",0.0,5.0,1,0,-0.39999999999997726,-0.07999999999999545,301.5,0.1788854382207078,5.0,1,Stopped,0,0,0,0,0,VALID,VALID
35H-09245,2026-07-30 07:10:00,301.2,0,"Phường Lý Thường Kiệt, Tỉnh Ninh Bình",0.0,5.0,1,0,0.0999999999999659,0.01999999999999318,301.5,0.19493588691529562,5.0,1,Stopped,0,0,0,0,0,VALID,VALID
35H-09245,2026-07-30 07:15:00,301.2,0,"Phường Lý Thường Kiệt, Tỉnh Ninh Bình",0.0,5.0,1,0,0.0,0.0,301.2,0.18708286935870944,5.0,1,Stopped,0,0,0,0,0,VALID,VALID
35H-09245,2026-07-30 07:20:00,301.3,0,"Phường Lý Thường Kiệt, Tỉnh Ninh Bình",0.0,5.0,1,0,0.10000000000002274,0.02000000000000455,301.2,0.15165750890579655,5.0,1,Stopped,0,0,0,0,0,VALID,VALID
35H-09245,2026-07-30 07:25:00,301.4,0,"Phường Lý Thường Kiệt, Tỉnh Ninh Bình",0.0,5.0,1,0,0.0999999999999659,0.01999999999999318,301.2,0.11401754254288995,5.0,1,Stopped,0,0,0,0,0,VALID,VALID
35H-09245,2026-07-30 07:30:00,301.4,0,"Phường Lý Thường Kiệt, Tỉnh Ninh Bình",0.0,5.0,1,0,0.0,0.0,301.3,0.10000000003741663,5.0,1,Stopped,0,0,0,0,0,VALID,VALID
35H-09245,2026-07-30 07:35:00,301.2,0,"Phường Lý Thường Kiệt, Tỉnh Ninh Bình",0.0,5.0,1,0,-0.19999999999998863,-0.039999999999997725,301.3,0.10000000003741663,5.0,1,Stopped,0,0,0,0,0,VALID,VALID
35H-09245,2026-07-30 07:40:00,299.1,24,"Phan Trọng Tuệ, Phường Lý Thường Kiệt, Tỉnh Ninh Bình",0.0,5.0,1,0,-2.099999999999966,-0.41999999999999316,301.3,0.9984988733131805,5.0,1,Moving,0,0,0,0,0,VALID,VALID
35H-09245,2026-07-30 07:45:00,298.7,31,"Ngô Gia Tự, Phường Lý Thường Kiệt, Tỉnh Ninh Bình",0.0,5.0,1,0,-0.4000000000000341,-0.08000000000000682,301.2,1.3427583550318947,5.0,1,Moving,0,0,0,0,0,VALID,VALID
35H-09245,2026-07-30 07:50:00,296.4,39,"Phường Lý Thường Kiệt, Tỉnh Ninh Bình",0.0,5.0,1,0,-2.3000000000000114,-0.4600000000000023,299.1,2.0501219475944574,5.0,1,Moving,0,0,0,0,0,VALID,VALID
35H-09245,2026-07-30 07:55:00,296.0,0,"Phường Kim Bảng, Tỉnh Ninh Bình",0.0,5.0,1,0,-0.39999999999997726,-0.07999999999999545,298.7,2.1276747871817836,5.0,1,Stopped,0,0,0,0,0,VALID,VALID
35H-09245,2026-07-30 08:00:00,293.2,37,"Phường Kim Thanh, Tỉnh Ninh Bình",0.0,5.0,1,0,-2.8000000000000114,-0.5600000000000023,296.4,2.376341726269571,5.0,1,Moving,0,0,0,0,0,VALID,VALID
35H-09245,2026-07-30 08:05:00,290.7,42,"Quốc Lộ 1, Phường Hà Nam, Tỉnh Ninh Bình",0.0,5.0,1,0,-2.5,-0.5,296.0,3.0975797003484136,5.0,1,Moving,0,0,0,0,0,VALID,VALID
35H-09245,2026-07-30 08:10:00,290.5,15,"Phường Hà Nam, Tỉnh Ninh Bình",0.0,5.0,1,0,-0.19999999999998863,-0.039999999999997725,293.2,2.805886669131757,5.0,1,Moving,0,0,0,0,0,VALID,VALID
35H-09245,2026-07-30 08:15:00,289.8,0,"Phường Hà Nam, Tỉnh Ninh Bình",0.0,5.0,1,0,-0.6999999999999886,-0.13999999999999774,290.7,2.559882809820006,5.0,1,Stopped,0,0,0,0,0,VALID,VALID
35H-09245,2026-07-30 08:20:00,289.8,0,"Phường Hà Nam, Tỉnh Ninh Bình",0.0,5.0,1,0,0.0,0.0,290.5,1.401784576892096,5.0,1,Stopped,0,0,0,0,0,VALID,VALID
35H-09245,2026-07-30 08:25:00,289.8,0,"Phường Hà Nam, Tỉnh Ninh Bình",0.0,5.0,1,0,0.0,0.0,289.8,0.4438468204379372,5.0,1,Stopped,0,0,0,0,0,VALID,VALID
35H-09245,2026-07-30 08:30:00,289.8,0,"Phường Hà Nam, Tỉnh Ninh Bình",0.0,5.0,1,0,0.0,0.0,289.8,0.3130495168706636,5.0,1,Stopped,0,0,0,0,0,VALID,VALID
35H-09245,2026-07-30 08:35:00,289.8,0,"Phường Hà Nam, Tỉnh Ninh Bình",0.0,5.0,1,0,0.0,0.0,289.8,0.0,5.0,1,Stopped,0,0,0,0,0,VALID,VALID
35H-09245,2026-07-30 08:40:00,289.7,0,"Phường Hà Nam, Tỉnh Ninh Bình",0.0,5.0,1,0,-0.10000000000002274,-0.02000000000000455,289.8,0.04472135969589412,5.0,1,Stopped,0,0,0,0,0,VALID,VALID
35H-09245,2026-07-30 08:45:00,289.7,0,"Phường Hà Nam, Tỉnh Ninh Bình",0.0,5.0,1,0,0.0,0.0,289.8,0.0547722558697643,5.0,1,Stopped,0,0,0,0,0,VALID,VALID
35H-09245,2026-07-30 08:50:00,289.7,0,"Phường Hà Nam, Tỉnh Ninh Bình",0.0,5.0,1,0,0.0,0.0,289.7,0.054772255869891436,5.0,1,Stopped,0,0,0,0,0,VALID,VALID
35H-09245,2026-07-30 08:55:00,289.7,0,"Phường Hà Nam, Tỉnh Ninh Bình",0.0,5.0,1,0,0.0,0.0,289.7,0.04472135969636124,5.0,1,Stopped,0,0,0,0,0,VALID,VALID
35H-09245,2026-07-30 09:00:00,288.7,8,"Phường Hà Nam, Tỉnh Ninh Bình",0.0,5.0,1,0,-1.0,-0.2,289.7,0.44721359551478285,5.0,1,Moving,0,0,0,0,0,VALID,VALID
35H-09245,2026-07-30 09:05:00,288.6,0,"Phường Hà Nam, Tỉnh Ninh Bình",0.0,5.0,1,0,-0.0999999999999659,-0.01999999999999318,289.7,0.5761944116471643,5.0,1,Stopped,0,0,0,0,0,VALID,VALID
35H-09245,2026-07-30 09:10:00,288.5,0,"Phường Hà Nam, Tỉnh Ninh Bình",0.0,5.0,1,0,-0.10000000000002274,-0.02000000000000455,288.7,0.6066300355353462,5.0,1,Stopped,0,0,0,0,0,VALID,VALID
35H-09245,2026-07-30 09:15:00,287.3,0,"Phường Hà Nam, Tỉnh Ninh Bình",0.0,5.0,1,0,-1.1999999999999886,-0.23999999999999772,288.6,0.8532291603162662,5.0,1,Stopped,0,0,0,0,0,VALID,VALID
35H-09245,2026-07-30 09:20:00,287.3,0,"Phường Hà Nam, Tỉnh Ninh Bình",0.0,5.0,1,0,0.0,0.0,288.5,0.7155417528100033,5.0,1,Stopped,0,0,0,0,0,VALID,VALID
35H-09245,2026-07-30 09:25:00,286.2,0,"Phường Hà Nam, Tỉnh Ninh Bình",0.0,5.0,1,0,-1.1000000000000227,-0.22000000000000455,287.3,0.9934787365690483,5.0,1,Stopped,0,0,0,0,0,VALID,VALID
35H-09245,2026-07-30 09:30:00,286.0,0,"Phường Hà Nam, Tỉnh Ninh Bình",0.0,5.0,1,0,-0.19999999999998863,-0.039999999999997725,287.3,1.0064790112144508,5.0,1,Stopped,0,0,0,0,0,VALID,VALID
35H-09245,2026-07-30 09:35:00,286.0,0,"Phường Hà Nam, Tỉnh Ninh Bình",0.0,5.0,1,0,0.0,0.0,286.2,0.6804410334596167,5.0,1,Stopped,0,0,0,0,0,VALID,VALID
35H-09245,2026-07-30 09:40:00,286.0,0,"Phường Hà Nam, Tỉnh Ninh Bình",0.0,5.0,1,0,0.0,0.0,286.0,0.565685424963176,5.0,1,Stopped,0,0,0,0,0,VALID,VALID
35H-09245,2026-07-30 09:45:00,286.0,0,"Phường Hà Nam, Tỉnh Ninh Bình",0.0,5.0,1,0,0.0,0.0,286.0,0.08944271918915746,5.0,1,Stopped,0,0,0,0,0,VALID,VALID
35H-09245,2026-07-30 09:50:00,285.7,0,"Phường Hà Nam, Tỉnh Ninh Bình",0.0,5.0,1,0,-0.30000000000001137,-0.060000000000002274,286.0,0.1341640787097406,5.0,1,Stopped,0,0,0,0,0,VALID,VALID
35H-09245,2026-07-30 09:55:00,286.2,0,"Phường Hà Nam, Tỉnh Ninh Bình",0.0,5.0,1,0,0.5,0.1,286.0,0.17888543824470804,5.0,1,Stopped,0,0,0,0,0,VALID,VALID
35H-09245,2026-07-30 10:00:00,286.2,0,"Phường Hà Nam, Tỉnh Ninh Bình",0.0,5.0,1,0,0.0,0.0,286.0,0.20493901535816084,5.0,1,Stopped,0,0,0,0,0,VALID,VALID
35H-09245,2026-07-30 10:05:00,286.4,0,"Phường Hà Nam, Tỉnh Ninh Bình",0.0,5.0,1,0,0.19999999999998863,0.039999999999997725,286.2,0.26457513113654135,5.0,1,Stopped,0,0,0,0,0,VALID,VALID
35H-09245,2026-07-30 10:10:00,286.7,0,"Phường Hà Nam, Tỉnh Ninh Bình",0.0,5.0,1,0,0.30000000000001137,0.060000000000002274,286.2,0.3646916505978954,5.0,1,Stopped,0,0,0,0,0,VALID,VALID
35H-09245,2026-07-30 10:15:00,285.4,0,"Phường Hà Nam, Tỉnh Ninh Bình",0.0,5.0,1,0,-1.3000000000000114,-0.2600000000000023,286.2,0.48166378316816166,5.0,1,Stopped,0,0,0,0,0,VALID,VALID
35H-09245,2026-07-30 10:20:00,285.4,0,"Phường Hà Nam, Tỉnh Ninh Bình",0.0,5.0,1,0,0.0,0.0,286.2,0.5932958789811232,5.0,1,Stopped,0,0,0,0,0,VALID,VALID
35H-09245,2026-07-30 10:25:00,285.4,0,"Phường Hà Nam, Tỉnh Ninh Bình",0.0,5.0,1,0,0.0,0.0,285.4,0.6387487769194604,5.0,1,Stopped,0,0,0,0,0,VALID,VALID
35H-09245,2026-07-30 10:30:00,285.6,0,"Phường Hà Nam, Tỉnh Ninh Bình",0.0,5.0,1,0,0.20000000000004547,0.0400000000000091,285.4,0.5656854249635829,5.0,1,Stopped,0,0,0,0,0,VALID,VALID
35H-09245,2026-07-30 10:35:00,286.3,52,"Phường Hà Nam, Tỉnh Ninh Bình",0.0,5.0,1,0,0.6999999999999886,0.13999999999999774,285.4,0.38987177381325044,5.0,1,Moving,0,0,0,0,0,VALID,VALID
35H-09245,2026-07-30 10:40:00,283.3,44,"Phường Phủ Lý, Tỉnh Ninh Bình",0.0,5.0,1,0,-3.0,-0.6,285.4,1.1247221879275635,5.0,1,Moving,0,0,0,0,0,VALID,VALID
35H-09245,2026-07-30 10:45:00,284.2,0,"Đinh Tiên Hoàng, Phường Phủ Lý, Tỉnh Ninh Bình",0.0,5.0,1,0,0.8999999999999773,0.17999999999999544,285.4,1.197079780138621,5.0,1,Stopped,0,0,0,0,0,VALID,VALID
35H-09245,2026-07-30 10:50:00,282.0,63,"Quốc Lộ 21, Xã Liêm Hà, Tỉnh Ninh Bình",0.0,5.0,1,0,-2.1999999999999886,-0.4399999999999977,284.2,1.7311845655554008,5.0,1,Moving,0,0,0,0,0,VALID,VALID
35H-09245,2026-07-30 10:55:00,279.7,37,"Trần Tử Bình, Xã Bình Mỹ, Tỉnh Ninh Bình",0.0,5.0,1,0,-2.3000000000000114,-0.4600000000000023,283.3,2.462722071208637,5.0,1,Moving,0,0,0,0,0,VALID,VALID
35H-09245,2026-07-30 11:00:00,280.3,0,"Xã Bình Mỹ, Tỉnh Ninh Bình",0.0,5.0,1,0,0.6000000000000227,0.12000000000000455,282.0,1.9144189719126496,5.0,1,Stopped,0,0,0,0,0,VALID,VALID
35H-09245,2026-07-30 11:05:00,280.3,0,"Xã Bình Mỹ, Tỉnh Ninh Bình",0.0,5.0,1,0,0.0,0.0,280.3,1.8343936327897472,5.0,1,Stopped,0,0,0,0,0,VALID,VALID
35H-09245,2026-07-30 11:10:00,278.6,34,"Quốc Lộ 37B, Xã Bình Mỹ, Tỉnh Ninh Bình",0.0,5.0,1,0,-1.6999999999999886,-0.33999999999999775,280.3,1.2316655390245161,5.0,1,Moving,0,0,0,0,0,VALID,VALID
35H-09245,2026-07-30 11:15:00,278.7,48,"Tỉnh Lộ 495, Xã Thanh Bình, Tỉnh Ninh Bình",0.0,5.0,1,0,0.0999999999999659,0.01999999999999318,279.7,0.8318653737361084,5.0,1,Moving,0,0,0,0,0,VALID,VALID
35H-09245,2026-07-30 11:20:00,277.0,0,"Tỉnh Lộ 495, Xã Thanh Liêm, Tỉnh Ninh Bình",0.0,5.0,1,0,-1.6999999999999886,-0.33999999999999775,278.7,1.3809417076841384,5.0,1,Stopped,0,0,0,0,0,VALID,VALID
35H-09245,2026-07-30 11:25:00,276.4,0,"Quốc Lộ 1, Xã Thanh Liêm, Tỉnh Ninh Bình",0.0,5.0,1,0,-0.6000000000000227,-0.12000000000000455,278.6,1.5411035007494693,5.0,1,Stopped,0,0,0,0,0,VALID,VALID
35H-09245,2026-07-30 11:30:00,274.0,0,"Xã Thanh Lâm, Tỉnh Ninh Bình",0.0,5.0,1,0,-2.3999999999999773,-0.47999999999999543,277.0,1.9230184606558771,5.0,1,Stopped,0,0,0,0,0,VALID,VALID
35H-09245,2026-07-30 11:35:00,272.6,34,"Xã Thanh Lâm, Tỉnh Ninh Bình",0.0,5.0,1,0,-1.3999999999999773,-0.2799999999999955,276.4,2.432693979937525,5.0,1,Moving,0,0,0,0,0,VALID,VALID
35H-09245,2026-07-30 11:40:00,271.1,23,"Xã Thanh Lâm, Tỉnh Ninh Bình",0.0,5.0,1,0,-1.5,-0.3,274.0,2.4943937139163954,5.0,1,Moving,0,0,0,0,0,VALID,VALID
35H-09245,2026-07-30 11:45:00,272.6,0,"Xã Thanh Lâm, Tỉnh Ninh Bình",0.0,5.0,1,0,1.5,0.3,272.6,1.994492416637979,5.0,1,Stopped,0,0,0,0,0,VALID,VALID
35H-09245,2026-07-30 11:50:00,272.6,0,"Xã Thanh Lâm, Tỉnh Ninh Bình",0.0,5.0,1,0,0.0,0.0,272.6,1.0256705124098964,5.0,1,Stopped,0,0,0,0,0,VALID,VALID
35H-09245,2026-07-30 11:55:00,272.5,0,"Xã Thanh Lâm, Tỉnh Ninh Bình",0.0,5.0,1,0,-0.10000000000002274,-0.02000000000000455,272.6,0.661059755262311,5.0,1,Stopped,0,0,0,0,0,VALID,VALID
35H-09245,2026-07-30 12:00:00,271.9,28,"Xã Thanh Lâm, Tỉnh Ninh Bình",0.0,5.0,1,0,-0.6000000000000227,-0.12000000000000455,272.5,0.6503845016815738,5.0,1,Moving,0,0,0,0,0,VALID,VALID
35H-09245,2026-07-30 12:05:00,270.8,0,"Xã Thanh Lâm, Tỉnh Ninh Bình",0.0,5.0,1,0,-1.099999999999966,-0.21999999999999317,272.5,0.7726577509011632,5.0,1,Stopped,0,0,0,0,0,VALID,VALID
35H-09245,2026-07-30 12:10:00,271.9,0,"Xã Thanh Lâm, Tỉnh Ninh Bình",0.0,5.0,1,0,1.099999999999966,0.21999999999999317,271.9,0.7162401831981701,5.0,1,Stopped,0,0,0,0,0,VALID,VALID
35H-09245,2026-07-30 12:15:00,271.5,0,"Xã Thanh Lâm, Tỉnh Ninh Bình",0.0,5.0,1,0,-0.39999999999997726,-0.07999999999999545,271.9,0.6260990337222103,5.0,1,Stopped,0,0,0,0,0,VALID,VALID
35H-09245,2026-07-30 12:20:00,271.3,0,"Xã Thanh Lâm, Tỉnh Ninh Bình",0.0,5.0,1,0,-0.19999999999998863,-0.039999999999997725,271.5,0.4604345773592993,5.0,1,Stopped,0,0,0,0,0,VALID,VALID
35H-09245,2026-07-30 12:25:00,271.3,0,"Xã Thanh Lâm, Tỉnh Ninh Bình",0.0,5.0,1,0,0.0,0.0,271.3,0.397492138322408,5.0,1,Stopped,0,0,0,0,0,VALID,VALID
35H-09245,2026-07-30 12:30:00,271.3,0,"Xã Thanh Lâm, Tỉnh Ninh Bình",0.0,5.0,1,0,0.0,0.0,271.3,0.26076809626188907,5.0,1,Stopped,0,0,0,0,0,VALID,VALID
35H-09245,2026-07-30 12:35:00,271.3,0,"Xã Thanh Lâm, Tỉnh Ninh Bình",0.0,5.0,1,0,0.0,0.0,271.3,0.08944271925729379,5.0,1,Stopped,0,0,0,0,0,VALID,VALID
35H-09245,2026-07-30 12:40:00,271.2,0,"Xã Thanh Lâm, Tỉnh Ninh Bình",0.0,5.0,1,0,-0.10000000000002274,-0.02000000000000455,271.3,0.04472135986514485,5.0,1,Stopped,0,0,0,0,0,VALID,VALID
35H-09245,2026-07-30 12:45:00,271.3,0,"Xã Thanh Lâm, Tỉnh Ninh Bình",0.0,5.0,1,0,0.10000000000002274,0.02000000000000455,271.3,0.04472135986514485,5.0,1,Stopped,0,0,0,0,0,VALID,VALID
35H-09245,2026-07-30 12:50:00,271.3,0,"Xã Thanh Lâm, Tỉnh Ninh Bình",0.0,5.0,1,0,0.0,0.0,271.3,0.04472135986514485,5.0,1,Stopped,0,0,0,0,0,VALID,VALID
35H-09245,2026-07-30 12:55:00,271.2,0,"Xã Thanh Lâm, Tỉnh Ninh Bình",0.0,5.0,1,0,-0.10000000000002274,-0.02000000000000455,271.3,0.05477225600797056,5.0,1,Stopped,0,0,0,0,0,VALID,VALID
35H-09245,2026-07-30 13:00:00,271.2,0,"Xã Thanh Lâm, Tỉnh Ninh Bình",0.0,5.0,1,0,0.0,0.0,271.2,0.054772256008097694,5.0,1,Stopped,0,0,0,0,0,VALID,VALID
35H-09245,2026-07-30 13:05:00,271.2,0,"Xã Thanh Lâm, Tỉnh Ninh Bình",0.0,5.0,1,0,0.0,0.0,271.2,0.054772256008097694,5.0,1,Stopped,0,0,0,0,0,VALID,VALID
35H-09245,2026-07-30 13:10:00,271.2,0,"Xã Thanh Lâm, Tỉnh Ninh Bình",0.0,5.0,1,0,0.0,0.0,271.2,0.04472135986562864,5.0,1,Stopped,0,0,0,0,0,VALID,VALID
35H-09245,2026-07-30 13:15:00,271.2,0,"Xã Thanh Lâm, Tỉnh Ninh Bình",0.0,5.0,1,0,0.0,0.0,271.2,0.0,5.0,1,Stopped,0,0,0,0,0,VALID,VALID
35H-09245,2026-07-30 13:20:00,271.2,0,"Xã Thanh Lâm, Tỉnh Ninh Bình",0.0,5.0,1,0,0.0,0.0,271.2,0.0,5.0,1,Stopped,0,0,0,0,0,VALID,VALID
35H-09245,2026-07-30 13:25:00,271.3,0,"Xã Thanh Lâm, Tỉnh Ninh Bình",0.0,5.0,1,0,0.10000000000002274,0.02000000000000455,271.2,0.04472135986562864,5.0,1,Stopped,0,0,0,0,0,VALID,VALID
35H-09245,2026-07-30 13:30:00,271.3,0,"Xã Thanh Lâm, Tỉnh Ninh Bình",0.0,5.0,1,0,0.0,0.0,271.2,0.054772256008097694,5.0,1,Stopped,0,0,0,0,0,VALID,VALID
35H-09245,2026-07-30 13:35:00,271.3,0,"Xã Thanh Lâm, Tỉnh Ninh Bình",0.0,5.0,1,0,0.0,0.0,271.3,0.05477225600797057,5.0,1,Stopped,0,0,0,0,0,VALID,VALID
35H-09245,2026-07-30 13:40:00,271.4,0,"Xã Thanh Lâm, Tỉnh Ninh Bình",0.0,5.0,1,0,0.0999999999999659,0.01999999999999318,271.3,0.0707106783178867,5.0,1,Stopped,0,0,0,0,0,VALID,VALID
35H-09245,2026-07-30 13:45:00,271.4,0,"Xã Thanh Lâm, Tỉnh Ninh Bình",0.0,5.0,1,0,0.0,0.0,271.3,0.054772256007508735,5.0,1,Stopped,0,0,0,0,0,VALID,VALID
35H-09245,2026-07-30 13:50:00,271.4,0,"Xã Thanh Lâm, Tỉnh Ninh Bình",0.0,5.0,1,0,0.0,0.0,271.4,0.054772256007416635,5.0,1,Stopped,0,0,0,0,0,VALID,VALID
35H-09245,2026-07-30 13:55:00,271.5,0,"Xã Thanh Lâm, Tỉnh Ninh Bình",0.0,5.0,1,0,0.10000000000002274,0.02000000000000455,271.4,0.07071067831751741,5.0,1,Stopped,0,0,0,0,0,VALID,VALID
35H-09245,2026-07-30 14:00:00,271.5,0,"Xã Thanh Lâm, Tỉnh Ninh Bình",0.0,5.0,1,0,0.0,0.0,271.4,0.0547722560070787,5.0,1,Stopped,0,0,0,0,0,VALID,VALID
35H-09245,2026-07-30 14:05:00,271.5,0,"Xã Thanh Lâm, Tỉnh Ninh Bình",0.0,5.0,1,0,0.0,0.0,271.5,0.05477225600699826,5.0,1,Stopped,0,0,0,0,0,VALID,VALID
35H-09245,2026-07-30 14:10:00,271.5,0,"Xã Thanh Lâm, Tỉnh Ninh Bình",0.0,5.0,1,0,0.0,0.0,271.5,0.044721359864027914,5.0,1,Stopped,0,0,0,0,0,VALID,VALID
35H-09245,2026-07-30 14:15:00,271.5,0,"Xã Thanh Lâm, Tỉnh Ninh Bình",0.0,5.0,1,0,0.0,0.0,271.5,0.0,5.0,1,Stopped,0,0,0,0,0,VALID,VALID
35H-09245,2026-07-30 14:20:00,271.5,0,"Xã Thanh Lâm, Tỉnh Ninh Bình",0.0,5.0,1,0,0.0,0.0,271.5,0.0,5.0,1,Stopped,0,0,0,0,0,VALID,VALID
35H-09245,2026-07-30 14:25:00,271.5,0,"Xã Thanh Lâm, Tỉnh Ninh Bình",0.0,5.0,1,0,0.0,0.0,271.5,0.0,5.0,1,Stopped,0,0,0,0,0,VALID,VALID
35H-09245,2026-07-30 14:30:00,271.4,0,"Xã Thanh Lâm, Tỉnh Ninh Bình",0.0,5.0,1,0,-0.10000000000002274,-0.02000000000000455,271.5,0.04472135986399931,5.0,1,Stopped,0,0,0,0,0,VALID,VALID
35H-09245,2026-07-30 14:35:00,271.4,0,"Xã Thanh Lâm, Tỉnh Ninh Bình",0.0,5.0,1,0,0.0,0.0,271.5,0.054772256006931454,5.0,1,Stopped,0,0,0,0,0,VALID,VALID
35H-09245,2026-07-30 14:40:00,271.4,0,"Xã Thanh Lâm, Tỉnh Ninh Bình",0.0,5.0,1,0,0.0,0.0,271.4,0.0547722560069548,5.0,1,Stopped,0,0,0,0,0,VALID,VALID
35H-09245,2026-07-30 14:45:00,271.4,0,"Xã Thanh Lâm, Tỉnh Ninh Bình",0.0,5.0,1,0,0.0,0.0,271.4,0.04472135986410179,5.0,1,Stopped,0,0,0,0,0,VALID,VALID
35H-09245,2026-07-30 14:50:00,271.4,0,"Xã Thanh Lâm, Tỉnh Ninh Bình",0.0,5.0,1,0,0.0,0.0,271.4,0.0,5.0,1,Stopped,0,0,0,0,0,VALID,VALID
35H-09245,2026-07-30 14:55:00,271.4,0,"Xã Thanh Lâm, Tỉnh Ninh Bình",0.0,5.0,1,0,0.0,0.0,271.4,0.0,5.0,1,Stopped,0,0,0,0,0,VALID,VALID
35H-09245,2026-07-30 15:00:00,271.4,0,"Xã Thanh Lâm, Tỉnh Ninh Bình",0.0,5.0,1,0,0.0,0.0,271.4,0.0,5.0,1,Stopped,0,0,0,0,0,VALID,VALID
35H-09245,2026-07-30 15:05:00,271.4,0,"Xã Thanh Lâm, Tỉnh Ninh Bình",0.0,5.0,1,0,0.0,0.0,271.4,0.0,5.0,1,Stopped,0,0,0,0,0,VALID,VALID
35H-09245,2026-07-30 15:10:00,271.1,0,"Xã Thanh Lâm, Tỉnh Ninh Bình",0.0,5.0,1,0,-0.2999999999999545,-0.05999999999999091,271.4,0.1341640787547366,5.0,1,Stopped,0,0,0,0,0,VALID,VALID
35H-09245,2026-07-30 15:15:00,271.4,0,"Xã Gia Trấn, Tỉnh Ninh Bình",0.0,5.0,1,0,0.2999999999999545,0.05999999999999091,271.4,0.1341640787547366,5.0,1,Stopped,0,0,0,0,0,VALID,VALID
35H-09245,2026-07-30 15:22:00,270.1,0,"Xã Gia Trấn, Tỉnh Ninh Bình",0.0,7.0,1,0,-1.2999999999999545,-0.18571428571427923,271.4,0.5630275304353719,5.0,1,Stopped,0,0,0,0,0,VALID,VALID
35H-09245,2026-07-30 15:27:00,270.1,0,"Xã Thanh Lâm, Tỉnh Ninh Bình",0.0,5.0,1,0,0.0,0.0,271.1,0.6685805860389695,5.0,1,Stopped,0,0,0,0,0,VALID,VALID
35H-09245,2026-07-30 15:30:00,270.1,0,"Xã Thanh Lâm, Tỉnh Ninh Bình",0.0,3.0,1,0,0.0,0.0,270.1,0.6387487769289911,5.0,1,Stopped,0,0,0,0,0,VALID,VALID
35H-09245,2026-07-30 15:35:00,270.1,0,"Xã Thanh Lâm, Tỉnh Ninh Bình",0.0,5.0,1,0,0.0,0.0,270.1,0.5813776741743071,5.0,1,Stopped,0,0,0,0,0,VALID,VALID
35H-09245,2026-07-30 15:40:00,270.1,0,"Xã Thanh Lâm, Tỉnh Ninh Bình",0.0,5.0,1,0,0.0,0.0,270.1,0.0,5.0,1,Stopped,0,0,0,0,0,VALID,VALID
35H-09245,2026-07-30 15:45:00,270.1,0,"Xã Thanh Lâm, Tỉnh Ninh Bình",0.0,5.0,1,0,0.0,0.0,270.1,0.0,5.0,1,Stopped,0,0,0,0,0,VALID,VALID
35H-09245,2026-07-30 15:50:00,269.8,0,"Xã Thanh Lâm, Tỉnh Ninh Bình",0.0,5.0,1,0,-0.30000000000001137,-0.060000000000002274,270.1,0.13416407875595313,5.0,1,Stopped,0,0,0,0,0,VALID,VALID
35H-09245,2026-07-30 15:55:00,270.1,0,"Xã Thanh Lâm, Tỉnh Ninh Bình",0.0,5.0,1,0,0.30000000000001137,0.060000000000002274,270.1,0.13416407875595313,5.0,1,Stopped,0,0,0,0,0,VALID,VALID
35H-09245,2026-07-30 16:00:00,270.1,0,"Xã Thanh Lâm, Tỉnh Ninh Bình",0.0,5.0,1,0,0.0,0.0,270.1,0.13416407875595313,5.0,1,Stopped,0,0,0,0,0,VALID,VALID
35H-09245,2026-07-30 16:05:00,268.4,30,"Xã Thanh Lâm, Tỉnh Ninh Bình",0.0,5.0,1,0,-1.7000000000000455,-0.3400000000000091,270.1,0.7382411530310024,5.0,1,Moving,0,0,0,0,0,VALID,VALID
35H-09245,2026-07-30 16:10:00,268.0,32,"Xã Thanh Lâm, Tỉnh Ninh Bình",0.0,5.0,1,0,-0.39999999999997726,-0.07999999999999545,269.8,1.0034938963584399,5.0,1,Moving,0,0,0,0,0,VALID,VALID
35H-09245,2026-07-30 16:15:00,266.3,38,"Xã Thanh Liêm, Tỉnh Ninh Bình",0.0,5.0,1,0,-1.6999999999999886,-0.33999999999999775,268.4,1.5959323294014607,5.0,1,Moving,0,0,0,0,0,VALID,VALID
35H-09245,2026-07-30 16:20:00,264.5,56,"Xã Thanh Bình, Tỉnh Ninh Bình",0.0,5.0,1,0,-1.8000000000000114,-0.36000000000000226,268.0,2.136117974276936,5.0,1,Moving,0,0,0,0,0,VALID,VALID
35H-09245,2026-07-30 16:25:00,262.3,27,"Xã Thanh Bình, Tỉnh Ninh Bình",0.0,5.0,1,0,-2.1999999999999886,-0.4399999999999977,266.3,2.536730178798943,5.0,1,Moving,0,0,0,0,0,VALID,VALID
35H-09245,2026-07-30 16:30:00,261.2,0,"Quốc Lộ 37B, Xã Bình Sơn, Tỉnh Ninh Bình",0.0,5.0,1,0,-1.1000000000000227,-0.22000000000000455,264.5,2.7933850432816576,5.0,1,Stopped,0,0,0,0,0,VALID,VALID
35H-09245,2026-07-30 16:35:00,258.9,42,"Quốc Lộ 37B, Xã Bình Mỹ, Tỉnh Ninh Bình",0.0,5.0,1,0,-2.3000000000000114,-0.4600000000000023,262.3,2.873673607080338,5.0,1,Moving,0,0,0,0,0,VALID,VALID
35H-09245,2026-07-30 16:40:00,258.4,0,"Xã Bình Mỹ, Tỉnh Ninh Bình",0.0,5.0,1,0,-0.5,-0.1,261.2,2.5065913109301565,5.0,1,Stopped,0,0,0,0,0,VALID,VALID
35H-09245,2026-07-30 16:45:00,260.0,0,"Xã Bình Mỹ, Tỉnh Ninh Bình",0.0,5.0,1,0,1.6000000000000227,0.32000000000000456,260.0,1.6102794788578891,5.0,1,Stopped,0,0,0,0,0,VALID,VALID
35H-09245,2026-07-30 16:50:00,260.2,0,"Xã Bình Mỹ, Tỉnh Ninh Bình",0.0,5.0,1,0,0.19999999999998863,0.039999999999997725,260.0,1.1081516141895769,5.0,1,Stopped,0,0,0,0,0,VALID,VALID
35H-09245,2026-07-30 16:55:00,260.9,0,"Xã Bình Mỹ, Tỉnh Ninh Bình",0.0,5.0,1,0,0.6999999999999886,0.13999999999999774,260.0,1.013410084827943,5.0,1,Stopped,0,0,0,0,0,VALID,VALID
35H-09245,2026-07-30 17:00:00,256.9,0,"Xã Bình Mỹ, Tỉnh Ninh Bình",0.0,5.0,1,0,-4.0,-0.8,260.0,1.614620698502018,5.0,1,Stopped,0,0,0,0,0,VALID,VALID
35H-09245,2026-07-30 17:05:00,256.8,0,"Xã Bình Mỹ, Tỉnh Ninh Bình",0.0,5.0,1,0,-0.0999999999999659,-0.01999999999999318,260.0,1.9552493447208301,5.0,1,Stopped,0,0,0,0,0,VALID,VALID
35H-09245,2026-07-30 17:10:00,256.4,0,"Xã Bình Mỹ, Tỉnh Ninh Bình",0.0,5.0,1,0,-0.4000000000000341,-0.08000000000000682,256.9,2.1314314438966817,5.0,1,Stopped,0,0,0,0,0,VALID,VALID
35H-09245,2026-07-30 17:15:00,256.0,0,"Xã Bình Mỹ, Tỉnh Ninh Bình",0.0,5.0,1,0,-0.39999999999997726,-0.07999999999999545,256.8,1.9887181801431264,5.0,1,Stopped,0,0,0,0,0,VALID,VALID
35H-09245,2026-07-30 17:20:00,258.1,0,"Xã Bình Mỹ, Tỉnh Ninh Bình",0.0,5.0,1,0,2.1000000000000227,0.42000000000000454,256.8,0.7893034904471592,5.0,1,Stopped,0,0,0,0,0,VALID,VALID
35H-09245,2026-07-30 17:25:00,258.6,0,"Trần Tử Bình, Xã Bình Mỹ, Tỉnh Ninh Bình",0.0,5.0,1,0,0.5,0.1,256.8,1.1189280584702408,5.0,1,Stopped,0,0,0,0,0,VALID,VALID
35H-09245,2026-07-30 17:30:00,256.3,51,"Quốc Lộ 21, Xã Liêm Hà, Tỉnh Ninh Bình",0.0,5.0,1,0,-2.3000000000000114,-0.4600000000000023,256.4,1.1819475453809296,5.0,1,Moving,0,0,0,0,0,VALID,VALID
35H-09245,2026-07-30 17:35:00,254.3,65,"Tỉnh Lộ 494, Xã Liêm Hà, Tỉnh Ninh Bình",0.0,5.0,1,0,-2.0,-0.4,256.3,1.730028901501957,5.0,1,Moving,0,0,0,0,0,VALID,VALID
35H-09245,2026-07-30 17:40:00,253.6,47,"Quốc Lộ 1, Xã Liêm Hà, Tỉnh Ninh Bình",0.0,5.0,1,0,-0.700000000000017,-0.1400000000000034,256.3,2.2219360926975735,5.0,1,Moving,0,0,0,0,0,VALID,VALID
35H-09245,2026-07-30 17:45:00,255.1,0,"Lê Hoàn, Phường Phủ Lý, Tỉnh Ninh Bình",0.0,5.0,1,0,1.5,0.3,255.1,1.9639246421470022,5.0,1,Stopped,0,0,0,0,0,VALID,VALID
35H-09245,2026-07-30 17:50:00,254.7,0,"Lê Chân, Phường Phù Vân, Tỉnh Ninh Bình",0.0,5.0,1,0,-0.4000000000000057,-0.08000000000000114,254.7,1.0049875621281679,5.0,1,Stopped,0,0,0,0,0,VALID,VALID
35H-09245,2026-07-30 17:55:00,252.9,0,"Lê Chân, Phường Phù Vân, Tỉnh Ninh Bình",0.0,5.0,1,0,-1.799999999999983,-0.3599999999999966,254.3,0.8786353054779931,5.0,1,Stopped,0,0,0,0,0,VALID,VALID
35H-09245,2026-07-30 18:00:00,252.9,0,"Lê Chân, Phường Phù Vân, Tỉnh Ninh Bình",0.0,5.0,1,0,0.0,0.0,253.6,1.0188228501719245,5.0,1,Stopped,0,0,0,0,0,VALID,VALID
35H-09245,2026-07-30 18:05:00,253.0,0,"Lê Chân, Phường Phù Vân, Tỉnh Ninh Bình",0.0,5.0,1,0,0.09999999999999432,0.019999999999998862,253.0,1.0871982340090829,5.0,1,Stopped,0,0,0,0,0,VALID,VALID
35H-09245,2026-07-30 18:10:00,253.0,0,"Lê Chân, Phường Phù Vân, Tỉnh Ninh Bình",0.0,5.0,1,0,0.0,0.0,253.0,0.7842193570886694,5.0,1,Stopped,0,0,0,0,0,VALID,VALID
35H-09245,2026-07-30 18:15:00,253.0,0,"Lê Chân, Phường Phù Vân, Tỉnh Ninh Bình",0.0,5.0,1,0,0.0,0.0,253.0,0.05477225604866443,5.0,1,Stopped,0,0,0,0,0,VALID,VALID
35H-09245,2026-07-30 18:20:00,253.0,0,"Lê Chân, Phường Phù Vân, Tỉnh Ninh Bình",0.0,5.0,1,0,0.0,0.0,253.0,0.044721359915104016,5.0,1,Stopped,0,0,0,0,0,VALID,VALID
35H-09245,2026-07-30 18:25:00,253.0,0,"Lê Chân, Phường Phù Vân, Tỉnh Ninh Bình",0.0,5.0,1,0,0.0,0.0,253.0,0.0,5.0,1,Stopped,0,0,0,0,0,VALID,VALID
35H-09245,2026-07-30 18:30:00,253.0,0,"Lê Chân, Phường Phù Vân, Tỉnh Ninh Bình",0.0,5.0,1,0,0.0,0.0,253.0,0.0,5.0,1,Stopped,0,0,0,0,0,VALID,VALID
35H-09245,2026-07-30 18:35:00,253.1,0,"Lê Chân, Phường Phù Vân, Tỉnh Ninh Bình",0.0,5.0,1,0,0.09999999999999432,0.019999999999998862,253.0,0.04472135991504046,5.0,1,Stopped,0,0,0,0,0,VALID,VALID
35H-09245,2026-07-30 18:40:00,253.1,0,"Lê Chân, Phường Phù Vân, Tỉnh Ninh Bình",0.0,5.0,1,0,0.0,0.0,253.0,0.05477225604856065,5.0,1,Stopped,0,0,0,0,0,VALID,VALID
35H-09245,2026-07-30 18:45:00,253.1,0,"Lê Chân, Phường Phù Vân, Tỉnh Ninh Bình",0.0,5.0,1,0,0.0,0.0,253.1,0.05477225604855481,5.0,1,Stopped,0,0,0,0,0,VALID,VALID
35H-09245,2026-07-30 18:50:00,253.1,0,"Lê Chân, Phường Phù Vân, Tỉnh Ninh Bình",0.0,5.0,1,0,0.0,0.0,253.1,0.044721359915019014,5.0,1,Stopped,0,0,0,0,0,VALID,VALID
35H-09245,2026-07-30 18:55:00,253.1,0,"Lê Chân, Phường Phù Vân, Tỉnh Ninh Bình",0.0,5.0,1,0,0.0,0.0,253.1,0.0,5.0,1,Stopped,0,0,0,0,0,VALID,VALID
35H-09245,2026-07-30 19:00:00,253.1,0,"Lê Chân, Phường Phù Vân, Tỉnh Ninh Bình",0.0,5.0,1,0,0.0,0.0,253.1,0.0,5.0,1,Stopped,0,0,0,0,0,VALID,VALID
35H-09245,2026-07-30 19:05:00,253.1,0,"Lê Chân, Phường Phù Vân, Tỉnh Ninh Bình",0.0,5.0,1,0,0.0,0.0,253.1,0.0,5.0,1,Stopped,0,0,0,0,0,VALID,VALID
35H-09245,2026-07-30 19:10:00,253.1,0,"Lê Chân, Phường Phù Vân, Tỉnh Ninh Bình",0.0,5.0,1,0,0.0,0.0,253.1,0.0,5.0,1,Stopped,0,0,0,0,0,VALID,VALID
35H-09245,2026-07-30 19:15:00,253.1,0,"Lê Chân, Phường Phù Vân, Tỉnh Ninh Bình",0.0,5.0,1,0,0.0,0.0,253.1,0.0,5.0,1,Stopped,0,0,0,0,0,VALID,VALID
35H-09245,2026-07-30 19:20:00,253.1,0,"Lê Chân, Phường Phù Vân, Tỉnh Ninh Bình",0.0,5.0,1,0,0.0,0.0,253.1,0.0,5.0,1,Stopped,0,0,0,0,0,VALID,VALID
35H-09245,2026-07-30 19:25:00,253.1,0,"Lê Chân, Phường Phù Vân, Tỉnh Ninh Bình",0.0,5.0,1,0,0.0,0.0,253.1,0.0,5.0,1,Stopped,0,0,0,0,0,VALID,VALID
35H-09245,2026-07-30 19:30:00,253.1,0,"Lê Chân, Phường Phù Vân, Tỉnh Ninh Bình",0.0,5.0,1,0,0.0,0.0,253.1,0.0,5.0,1,Stopped,0,0,0,0,0,VALID,VALID
35H-09245,2026-07-30 19:35:00,253.1,0,"Lê Chân, Phường Phù Vân, Tỉnh Ninh Bình",0.0,5.0,1,0,0.0,0.0,253.1,0.0,5.0,1,Stopped,0,0,0,0,0,VALID,VALID
35H-09245,2026-07-30 19:40:00,253.1,0,"Lê Chân, Phường Phù Vân, Tỉnh Ninh Bình",0.0,5.0,1,0,0.0,0.0,253.1,0.0,5.0,1,Stopped,0,0,0,0,0,VALID,VALID
35H-09245,2026-07-30 19:45:00,253.1,0,"Lê Chân, Phường Phù Vân, Tỉnh Ninh Bình",0.0,5.0,1,0,0.0,0.0,253.1,0.0,5.0,1,Stopped,0,0,0,0,0,VALID,VALID
35H-09245,2026-07-30 19:50:00,253.1,0,"Lê Chân, Phường Phù Vân, Tỉnh Ninh Bình",0.0,5.0,1,0,0.0,0.0,253.1,0.0,5.0,1,Stopped,0,0,0,0,0,VALID,VALID
35H-09245,2026-07-30 19:55:00,253.2,0,"Lê Chân, Phường Phù Vân, Tỉnh Ninh Bình",0.0,5.0,1,0,0.09999999999999432,0.019999999999998862,253.1,0.044721359915039664,5.0,1,Stopped,0,0,0,0,0,VALID,VALID
35H-09245,2026-07-30 20:00:00,253.2,0,"Lê Chân, Phường Phù Vân, Tỉnh Ninh Bình",0.0,5.0,1,0,0.0,0.0,253.1,0.05477225604857849,5.0,1,Stopped,0,0,0,0,0,VALID,VALID
35H-09245,2026-07-30 20:05:00,253.2,0,"Lê Chân, Phường Phù Vân, Tỉnh Ninh Bình",0.0,5.0,1,0,0.0,0.0,253.2,0.05477225604858432,5.0,1,Stopped,0,0,0,0,0,VALID,VALID
35H-09245,2026-07-30 20:10:00,253.2,0,"Lê Chân, Phường Phù Vân, Tỉnh Ninh Bình",0.0,5.0,1,0,0.0,0.0,253.2,0.04472135991506946,5.0,1,Stopped,0,0,0,0,0,VALID,VALID
35H-09245,2026-07-30 20:15:00,253.2,0,"Lê Chân, Phường Phù Vân, Tỉnh Ninh Bình",0.0,5.0,1,0,0.0,0.0,253.2,0.0,5.0,1,Stopped,0,0,0,0,0,VALID,VALID
35H-09245,2026-07-30 20:20:00,253.2,0,"Lê Chân, Phường Phù Vân, Tỉnh Ninh Bình",0.0,5.0,1,0,0.0,0.0,253.2,0.0,5.0,1,Stopped,0,0,0,0,0,VALID,VALID
35H-09245,2026-07-30 20:25:00,253.2,0,"Lê Chân, Phường Phù Vân, Tỉnh Ninh Bình",0.0,5.0,1,0,0.0,0.0,253.2,0.0,5.0,1,Stopped,0,0,0,0,0,VALID,VALID
35H-09245,2026-07-30 20:30:00,253.2,0,"Lê Chân, Phường Phù Vân, Tỉnh Ninh Bình",0.0,5.0,1,0,0.0,0.0,253.2,0.0,5.0,1,Stopped,0,0,0,0,0,VALID,VALID
35H-09245,2026-07-30 20:35:00,253.2,0,"Lê Chân, Phường Phù Vân, Tỉnh Ninh Bình",0.0,5.0,1,0,0.0,0.0,253.2,0.0,5.0,1,Stopped,0,0,0,0,0,VALID,VALID
35H-09245,2026-07-30 20:40:00,253.3,0,"Lê Chân, Phường Phù Vân, Tỉnh Ninh Bình",0.0,5.0,1,0,0.10000000000002274,0.02000000000000455,253.2,0.04472135991513301,5.0,1,Stopped,0,0,0,0,0,VALID,VALID
35H-09245,2026-07-30 20:45:00,253.3,0,"Lê Chân, Phường Phù Vân, Tỉnh Ninh Bình",0.0,5.0,1,0,0.0,0.0,253.2,0.05477225604867514,5.0,1,Stopped,0,0,0,0,0,VALID,VALID
35H-09245,2026-07-30 20:50:00,253.3,0,"Lê Chân, Phường Phù Vân, Tỉnh Ninh Bình",0.0,5.0,1,0,0.0,0.0,253.3,0.05477225604869525,5.0,1,Stopped,0,0,0,0,0,VALID,VALID
35H-09245,2026-07-30 20:55:00,253.3,0,"Lê Chân, Phường Phù Vân, Tỉnh Ninh Bình",0.0,5.0,1,0,0.0,0.0,253.3,0.0447213599152069,5.0,1,Stopped,0,0,0,0,0,VALID,VALID
35H-09245,2026-07-30 21:00:00,253.3,0,"Lê Chân, Phường Phù Vân, Tỉnh Ninh Bình",0.0,5.0,1,0,0.0,0.0,253.3,0.0,5.0,1,Stopped,0,0,0,0,0,VALID,VALID
35H-09245,2026-07-30 21:05:00,253.3,0,"Lê Chân, Phường Phù Vân, Tỉnh Ninh Bình",0.0,5.0,1,0,0.0,0.0,253.3,0.0,5.0,1,Stopped,0,0,0,0,0,VALID,VALID
35H-09245,2026-07-30 21:10:00,253.3,0,"Lê Chân, Phường Phù Vân, Tỉnh Ninh Bình",0.0,5.0,1,0,0.0,0.0,253.3,0.0,5.0,1,Stopped,0,0,0,0,0,VALID,VALID
35H-09245,2026-07-30 21:15:00,253.3,0,"Lê Chân, Phường Phù Vân, Tỉnh Ninh Bình",0.0,5.0,1,0,0.0,0.0,253.3,0.0,5.0,1,Stopped,0,0,0,0,0,VALID,VALID
35H-09245,2026-07-30 21:20:00,253.3,0,"Lê Chân, Phường Phù Vân, Tỉnh Ninh Bình",0.0,5.0,1,0,0.0,0.0,253.3,0.0,5.0,1,Stopped,0,0,0,0,0,VALID,VALID
35H-09245,2026-07-30 21:25:00,253.3,0,"Lê Chân, Phường Phù Vân, Tỉnh Ninh Bình",0.0,5.0,1,0,0.0,0.0,253.3,0.0,5.0,1,Stopped,0,0,0,0,0,VALID,VALID
35H-09245,2026-07-30 21:30:00,253.3,0,"Lê Chân, Phường Phù Vân, Tỉnh Ninh Bình",0.0,5.0,1,0,0.0,0.0,253.3,0.0,5.0,1,Stopped,0,0,0,0,0,VALID,VALID
35H-09245,2026-07-30 21:35:00,253.3,0,"Lê Chân, Phường Phù Vân, Tỉnh Ninh Bình",0.0,5.0,1,0,0.0,0.0,253.3,0.0,5.0,1,Stopped,0,0,0,0,0,VALID,VALID
35H-09245,2026-07-30 21:40:00,253.4,0,"Lê Chân, Phường Phù Vân, Tỉnh Ninh Bình",0.0,5.0,1,0,0.09999999999999432,0.019999999999998862,253.3,0.04472135991524185,5.0,1,Stopped,0,0,0,0,0,VALID,VALID
35H-09245,2026-07-30 21:45:00,253.4,0,"Lê Chân, Phường Phù Vân, Tỉnh Ninh Bình",0.0,5.0,1,0,0.0,0.0,253.3,0.05477225604875525,5.0,1,Stopped,0,0,0,0,0,VALID,VALID
35H-09245,2026-07-30 21:50:00,253.4,0,"Lê Chân, Phường Phù Vân, Tỉnh Ninh Bình",0.0,5.0,1,0,0.0,0.0,253.4,0.054772256048769515,5.0,1,Stopped,0,0,0,0,0,VALID,VALID
35H-09245,2026-07-30 21:55:00,253.4,0,"Lê Chân, Phường Phù Vân, Tỉnh Ninh Bình",0.0,5.0,1,0,0.0,0.0,253.4,0.044721359915296265,5.0,1,Stopped,0,0,0,0,0,VALID,VALID
35H-09245,2026-07-30 22:00:00,253.4,0,"Lê Chân, Phường Phù Vân, Tỉnh Ninh Bình",0.0,5.0,1,0,0.0,0.0,253.4,0.0,5.0,1,Stopped,0,0,0,0,0,VALID,VALID
35H-09245,2026-07-30 22:05:00,253.4,0,"Lê Chân, Phường Phù Vân, Tỉnh Ninh Bình",0.0,5.0,1,0,0.0,0.0,253.4,0.0,5.0,1,Stopped,0,0,0,0,0,VALID,VALID
35H-09245,2026-07-30 22:10:00,253.4,0,"Lê Chân, Phường Phù Vân, Tỉnh Ninh Bình",0.0,5.0,1,0,0.0,0.0,253.4,0.0,5.0,1,Stopped,0,0,0,0,0,VALID,VALID
35H-09245,2026-07-30 22:15:00,253.4,0,"Lê Chân, Phường Phù Vân, Tỉnh Ninh Bình",0.0,5.0,1,0,0.0,0.0,253.4,0.0,5.0,1,Stopped,0,0,0,0,0,VALID,VALID
35H-09245,2026-07-30 22:20:00,253.4,0,"Lê Chân, Phường Phù Vân, Tỉnh Ninh Bình",0.0,5.0,1,0,0.0,0.0,253.4,0.0,5.0,1,Stopped,0,0,0,0,0,VALID,VALID
35H-09245,2026-07-30 22:25:00,253.4,0,"Lê Chân, Phường Phù Vân, Tỉnh Ninh Bình",0.0,5.0,1,0,0.0,0.0,253.4,0.0,5.0,1,Stopped,0,0,0,0,0,VALID,VALID
35H-09245,2026-07-30 22:30:00,253.4,0,"Lê Chân, Phường Phù Vân, Tỉnh Ninh Bình",0.0,5.0,1,0,0.0,0.0,253.4,0.0,5.0,1,Stopped,0,0,0,0,0,VALID,VALID
35H-09245,2026-07-30 22:35:00,253.4,0,"Lê Chân, Phường Phù Vân, Tỉnh Ninh Bình",0.0,5.0,1,0,0.0,0.0,253.4,0.0,5.0,1,Stopped,0,0,0,0,0,VALID,VALID
35H-09245,2026-07-30 22:40:00,253.5,0,"Lê Chân, Phường Phù Vân, Tỉnh Ninh Bình",0.0,5.0,1,0,0.09999999999999432,0.019999999999998862,253.4,0.044721359915359825,5.0,1,Stopped,0,0,0,0,0,VALID,VALID
35H-09245,2026-07-30 22:45:00,253.5,0,"Lê Chân, Phường Phù Vân, Tỉnh Ninh Bình",0.0,5.0,1,0,0.0,0.0,253.4,0.0547722560488733,5.0,1,Stopped,0,0,0,0,0,VALID,VALID
35H-09245,2026-07-30 22:50:00,253.5,0,"Lê Chân, Phường Phù Vân, Tỉnh Ninh Bình",0.0,5.0,1,0,0.0,0.0,253.5,0.05477225604891935,5.0,1,Stopped,0,0,0,0,0,VALID,VALID
35H-09245,2026-07-30 22:55:00,253.5,0,"Lê Chân, Phường Phù Vân, Tỉnh Ninh Bình",0.0,5.0,1,0,0.0,0.0,253.5,0.04472135991552904,5.0,1,Stopped,0,0,0,0,0,VALID,VALID
35H-09245,2026-07-30 23:00:00,253.5,0,"Lê Chân, Phường Phù Vân, Tỉnh Ninh Bình",0.0,5.0,1,0,0.0,0.0,253.5,0.0,5.0,1,Stopped,0,0,0,0,0,VALID,VALID
35H-09245,2026-07-30 23:05:00,253.5,0,"Lê Chân, Phường Phù Vân, Tỉnh Ninh Bình",0.0,5.0,1,0,0.0,0.0,253.5,0.0,5.0,1,Stopped,0,0,0,0,0,VALID,VALID
35H-09245,2026-07-30 23:10:00,253.5,0,"Lê Chân, Phường Phù Vân, Tỉnh Ninh Bình",0.0,5.0,1,0,0.0,0.0,253.5,0.0,5.0,1,Stopped,0,0,0,0,0,VALID,VALID
35H-09245,2026-07-30 23:15:00,253.5,0,"Lê Chân, Phường Phù Vân, Tỉnh Ninh Bình",0.0,5.0,1,0,0.0,0.0,253.5,0.0,5.0,1,Stopped,0,0,0,0,0,VALID,VALID
35H-09245,2026-07-30 23:20:00,253.5,0,"Lê Chân, Phường Phù Vân, Tỉnh Ninh Bình",0.0,5.0,1,0,0.0,0.0,253.5,0.0,5.0,1,Stopped,0,0,0,0,0,VALID,VALID
35H-09245,2026-07-30 23:25:00,253.5,0,"Lê Chân, Phường Phù Vân, Tỉnh Ninh Bình",0.0,5.0,1,0,0.0,0.0,253.5,0.0,5.0,1,Stopped,0,0,0,0,0,VALID,VALID
35H-09245,2026-07-30 23:30:00,253.5,0,"Lê Chân, Phường Phù Vân, Tỉnh Ninh Bình",0.0,5.0,1,0,0.0,0.0,253.5,0.0,5.0,1,Stopped,0,0,0,0,0,VALID,VALID
35H-09245,2026-07-30 23:35:00,253.5,0,"Lê Chân, Phường Phù Vân, Tỉnh Ninh Bình",0.0,5.0,1,0,0.0,0.0,253.5,0.0,5.0,1,Stopped,0,0,0,0,0,VALID,VALID
35H-09245,2026-07-30 23:40:00,253.5,0,"Lê Chân, Phường Phù Vân, Tỉnh Ninh Bình",0.0,5.0,1,0,0.0,0.0,253.5,0.0,5.0,1,Stopped,0,0,0,0,0,VALID,VALID
35H-09245,2026-07-30 23:45:00,253.5,0,"Lê Chân, Phường Phù Vân, Tỉnh Ninh Bình",0.0,5.0,1,0,0.0,0.0,253.5,0.0,5.0,1,Stopped,0,0,0,0,0,VALID,VALID
35H-09245,2026-07-30 23:50:00,253.5,0,"Lê Chân, Phường Phù Vân, Tỉnh Ninh Bình",0.0,5.0,1,0,0.0,0.0,253.5,0.0,5.0,1,Stopped,0,0,0,0,0,VALID,VALID
35H-09245,2026-07-30 23:55:00,253.5,0,"Lê Chân, Phường Phù Vân, Tỉnh Ninh Bình",0.0,5.0,1,0,0.0,0.0,253.5,0.0,5.0,1,Stopped,0,0,0,0,0,VALID,VALID
35H-09245,2026-07-31 00:00:00,253.5,0,"Lê Chân, Phường Phù Vân, Tỉnh Ninh Bình",0.0,5.0,1,0,0.0,0.0,253.5,0.0,5.0,1,Stopped,0,0,0,0,0,VALID,VALID
35H-09245,2026-07-31 00:05:00,253.5,0,"Lê Chân, Phường Phù Vân, Tỉnh Ninh Bình",0.0,5.0,1,0,0.0,0.0,253.5,0.0,5.0,1,Stopped,0,0,0,0,0,VALID,VALID
35H-09245,2026-07-31 00:10:00,253.5,0,"Lê Chân, Phường Phù Vân, Tỉnh Ninh Bình",0.0,5.0,1,0,0.0,0.0,253.5,0.0,5.0,1,Stopped,0,0,0,0,0,VALID,VALID
35H-09245,2026-07-31 00:15:00,253.5,0,"Lê Chân, Phường Phù Vân, Tỉnh Ninh Bình",0.0,5.0,1,0,0.0,0.0,253.5,0.0,5.0,1,Stopped,0,0,0,0,0,VALID,VALID
35H-09245,2026-07-31 00:20:00,253.5,0,"Lê Chân, Phường Phù Vân, Tỉnh Ninh Bình",0.0,5.0,1,0,0.0,0.0,253.5,0.0,5.0,1,Stopped,0,0,0,0,0,VALID,VALID
35H-09245,2026-07-31 00:25:00,253.5,0,"Lê Chân, Phường Phù Vân, Tỉnh Ninh Bình",0.0,5.0,1,0,0.0,0.0,253.5,0.0,5.0,1,Stopped,0,0,0,0,0,VALID,VALID
35H-09245,2026-07-31 00:30:00,253.5,0,"Lê Chân, Phường Phù Vân, Tỉnh Ninh Bình",0.0,5.0,1,0,0.0,0.0,253.5,0.0,5.0,1,Stopped,0,0,0,0,0,VALID,VALID
35H-09245,2026-07-31 00:35:00,253.5,0,"Lê Chân, Phường Phù Vân, Tỉnh Ninh Bình",0.0,5.0,1,0,0.0,0.0,253.5,0.0,5.0,1,Stopped,0,0,0,0,0,VALID,VALID
35H-09245,2026-07-31 00:40:00,253.5,0,"Lê Chân, Phường Phù Vân, Tỉnh Ninh Bình",0.0,5.0,1,0,0.0,0.0,253.5,0.0,5.0,1,Stopped,0,0,0,0,0,VALID,VALID
35H-09245,2026-07-31 00:45:00,253.5,0,"Lê Chân, Phường Phù Vân, Tỉnh Ninh Bình",0.0,5.0,1,0,0.0,0.0,253.5,0.0,5.0,1,Stopped,0,0,0,0,0,VALID,VALID
35H-09245,2026-07-31 00:50:00,253.5,0,"Lê Chân, Phường Phù Vân, Tỉnh Ninh Bình",0.0,5.0,1,0,0.0,0.0,253.5,0.0,5.0,1,Stopped,0,0,0,0,0,VALID,VALID
35H-09245,2026-07-31 00:55:00,253.5,0,"Lê Chân, Phường Phù Vân, Tỉnh Ninh Bình",0.0,5.0,1,0,0.0,0.0,253.5,0.0,5.0,1,Stopped,0,0,0,0,0,VALID,VALID
35H-09245,2026-07-31 01:00:00,253.5,0,"Lê Chân, Phường Phù Vân, Tỉnh Ninh Bình",0.0,5.0,1,0,0.0,0.0,253.5,0.0,5.0,1,Stopped,0,0,0,0,0,VALID,VALID
35H-09245,2026-07-31 01:05:00,253.5,0,"Lê Chân, Phường Phù Vân, Tỉnh Ninh Bình",0.0,5.0,1,0,0.0,0.0,253.5,0.0,5.0,1,Stopped,0,0,0,0,0,VALID,VALID
35H-09245,2026-07-31 01:10:00,253.6,0,"Lê Chân, Phường Phù Vân, Tỉnh Ninh Bình",0.0,5.0,1,0,0.09999999999999432,0.019999999999998862,253.5,0.0447213599156768,5.0,1,Stopped,0,0,0,0,0,VALID,VALID
35H-09245,2026-07-31 01:15:00,253.6,0,"Lê Chân, Phường Phù Vân, Tỉnh Ninh Bình",0.0,5.0,1,0,0.0,0.0,253.5,0.05477225604915059,5.0,1,Stopped,0,0,0,0,0,VALID,VALID
35H-09245,2026-07-31 01:20:00,253.6,0,"Lê Chân, Phường Phù Vân, Tỉnh Ninh Bình",0.0,5.0,1,0,0.0,0.0,253.6,0.05477225604920832,5.0,1,Stopped,0,0,0,0,0,VALID,VALID
35H-09245,2026-07-31 01:25:00,253.6,0,"Lê Chân, Phường Phù Vân, Tỉnh Ninh Bình",0.0,5.0,1,0,0.0,0.0,253.6,0.04472135991589725,5.0,1,Stopped,0,0,0,0,0,VALID,VALID
35H-09245,2026-07-31 01:30:00,253.6,0,"Lê Chân, Phường Phù Vân, Tỉnh Ninh Bình",0.0,5.0,1,0,0.0,0.0,253.6,0.0,5.0,1,Stopped,0,0,0,0,0,VALID,VALID
35H-09245,2026-07-31 01:35:00,253.6,0,"Lê Chân, Phường Phù Vân, Tỉnh Ninh Bình",0.0,5.0,1,0,0.0,0.0,253.6,0.0,5.0,1,Stopped,0,0,0,0,0,VALID,VALID
35H-09245,2026-07-31 01:40:00,253.6,0,"Lê Chân, Phường Phù Vân, Tỉnh Ninh Bình",0.0,5.0,1,0,0.0,0.0,253.6,0.0,5.0,1,Stopped,0,0,0,0,0,VALID,VALID
35H-09245,2026-07-31 01:45:00,253.6,0,"Lê Chân, Phường Phù Vân, Tỉnh Ninh Bình",0.0,5.0,1,0,0.0,0.0,253.6,0.0,5.0,1,Stopped,0,0,0,0,0,VALID,VALID
35H-09245,2026-07-31 01:50:00,253.6,0,"Lê Chân, Phường Phù Vân, Tỉnh Ninh Bình",0.0,5.0,1,0,0.0,0.0,253.6,0.0,5.0,1,Stopped,0,0,0,0,0,VALID,VALID
35H-09245,2026-07-31 01:55:00,253.6,0,"Lê Chân, Phường Phù Vân, Tỉnh Ninh Bình",0.0,5.0,1,0,0.0,0.0,253.6,0.0,5.0,1,Stopped,0,0,0,0,0,VALID,VALID
35H-09245,2026-07-31 02:00:00,253.6,0,"Lê Chân, Phường Phù Vân, Tỉnh Ninh Bình",0.0,5.0,1,0,0.0,0.0,253.6,0.0,5.0,1,Stopped,0,0,0,0,0,VALID,VALID
35H-09245,2026-07-31 02:05:00,253.6,0,"Lê Chân, Phường Phù Vân, Tỉnh Ninh Bình",0.0,5.0,1,0,0.0,0.0,253.6,0.0,5.0,1,Stopped,0,0,0,0,0,VALID,VALID
35H-09245,2026-07-31 02:10:00,253.7,0,"Lê Chân, Phường Phù Vân, Tỉnh Ninh Bình",0.0,5.0,1,0,0.09999999999999432,0.019999999999998862,253.6,0.04472135991607361,5.0,1,Stopped,0,0,0,0,0,VALID,VALID
35H-09245,2026-07-31 02:15:00,253.7,0,"Lê Chân, Phường Phù Vân, Tỉnh Ninh Bình",0.0,5.0,1,0,0.0,0.0,253.6,0.05477225604948627,5.0,1,Stopped,0,0,0,0,0,VALID,VALID
35H-09245,2026-07-31 02:20:00,253.7,0,"Lê Chân, Phường Phù Vân, Tỉnh Ninh Bình",0.0,5.0,1,0,0.0,0.0,253.7,0.05477225604955242,5.0,1,Stopped,0,0,0,0,0,VALID,VALID
35H-09245,2026-07-31 02:25:00,253.7,0,"Lê Chân, Phường Phù Vân, Tỉnh Ninh Bình",0.0,5.0,1,0,0.0,0.0,253.7,0.04472135991631869,5.0,1,Stopped,0,0,0,0,0,VALID,VALID
35H-09245,2026-07-31 02:30:00,253.7,0,"Lê Chân, Phường Phù Vân, Tỉnh Ninh Bình",0.0,5.0,1,0,0.0,0.0,253.7,0.0,5.0,1,Stopped,0,0,0,0,0,VALID,VALID
35H-09245,2026-07-31 02:35:00,253.7,0,"Lê Chân, Phường Phù Vân, Tỉnh Ninh Bình",0.0,5.0,1,0,0.0,0.0,253.7,0.0,5.0,1,Stopped,0,0,0,0,0,VALID,VALID
35H-09245,2026-07-31 02:40:00,253.7,0,"Lê Chân, Phường Phù Vân, Tỉnh Ninh Bình",0.0,5.0,1,0,0.0,0.0,253.7,0.0,5.0,1,Stopped,0,0,0,0,0,VALID,VALID
35H-09245,2026-07-31 02:45:00,253.7,0,"Lê Chân, Phường Phù Vân, Tỉnh Ninh Bình",0.0,5.0,1,0,0.0,0.0,253.7,0.0,5.0,1,Stopped,0,0,0,0,0,VALID,VALID
35H-09245,2026-07-31 02:50:00,253.7,0,"Lê Chân, Phường Phù Vân, Tỉnh Ninh Bình",0.0,5.0,1,0,0.0,0.0,253.7,0.0,5.0,1,Stopped,0,0,0,0,0,VALID,VALID
35H-09245,2026-07-31 02:55:00,253.7,0,"Lê Chân, Phường Phù Vân, Tỉnh Ninh Bình",0.0,5.0,1,0,0.0,0.0,253.7,0.0,5.0,1,Stopped,0,0,0,0,0,VALID,VALID
35H-09245,2026-07-31 03:00:00,253.7,0,"Lê Chân, Phường Phù Vân, Tỉnh Ninh Bình",0.0,5.0,1,0,0.0,0.0,253.7,0.0,5.0,1,Stopped,0,0,0,0,0,VALID,VALID
35H-09245,2026-07-31 03:05:00,253.7,0,"Lê Chân, Phường Phù Vân, Tỉnh Ninh Bình",0.0,5.0,1,0,0.0,0.0,253.7,0.0,5.0,1,Stopped,0,0,0,0,0,VALID,VALID
35H-09245,2026-07-31 03:10:00,253.7,0,"Lê Chân, Phường Phù Vân, Tỉnh Ninh Bình",0.0,5.0,1,0,0.0,0.0,253.7,0.0,5.0,1,Stopped,0,0,0,0,0,VALID,VALID
35H-09245,2026-07-31 03:15:00,253.7,0,"Lê Chân, Phường Phù Vân, Tỉnh Ninh Bình",0.0,5.0,1,0,0.0,0.0,253.7,0.0,5.0,1,Stopped,0,0,0,0,0,VALID,VALID
35H-09245,2026-07-31 03:20:00,253.7,0,"Lê Chân, Phường Phù Vân, Tỉnh Ninh Bình",0.0,5.0,1,0,0.0,0.0,253.7,0.0,5.0,1,Stopped,0,0,0,0,0,VALID,VALID
35H-09245,2026-07-31 03:25:00,253.7,0,"Lê Chân, Phường Phù Vân, Tỉnh Ninh Bình",0.0,5.0,1,0,0.0,0.0,253.7,0.0,5.0,1,Stopped,0,0,0,0,0,VALID,VALID
35H-09245,2026-07-31 03:30:00,253.7,0,"Lê Chân, Phường Phù Vân, Tỉnh Ninh Bình",0.0,5.0,1,0,0.0,0.0,253.7,0.0,5.0,1,Stopped,0,0,0,0,0,VALID,VALID
35H-09245,2026-07-31 03:35:00,253.7,0,"Lê Chân, Phường Phù Vân, Tỉnh Ninh Bình",0.0,5.0,1,0,0.0,0.0,253.7,0.0,5.0,1,Stopped,0,0,0,0,0,VALID,VALID
35H-09245,2026-07-31 03:40:00,253.7,0,"Lê Chân, Phường Phù Vân, Tỉnh Ninh Bình",0.0,5.0,1,0,0.0,0.0,253.7,0.0,5.0,1,Stopped,0,0,0,0,0,VALID,VALID
35H-09245,2026-07-31 03:45:00,253.7,0,"Lê Chân, Phường Phù Vân, Tỉnh Ninh Bình",0.0,5.0,1,0,0.0,0.0,253.7,0.0,5.0,1,Stopped,0,0,0,0,0,VALID,VALID
35H-09245,2026-07-31 03:50:00,253.7,0,"Lê Chân, Phường Phù Vân, Tỉnh Ninh Bình",0.0,5.0,1,0,0.0,0.0,253.7,0.0,5.0,1,Stopped,0,0,0,0,0,VALID,VALID
35H-09245,2026-07-31 03:55:00,253.7,0,"Lê Chân, Phường Phù Vân, Tỉnh Ninh Bình",0.0,5.0,1,0,0.0,0.0,253.7,0.0,5.0,1,Stopped,0,0,0,0,0,VALID,VALID
35H-09245,2026-07-31 04:00:00,253.7,0,"Lê Chân, Phường Phù Vân, Tỉnh Ninh Bình",0.0,5.0,1,0,0.0,0.0,253.7,0.0,5.0,1,Stopped,0,0,0,0,0,VALID,VALID
35H-09245,2026-07-31 04:05:00,253.7,0,"Lê Chân, Phường Phù Vân, Tỉnh Ninh Bình",0.0,5.0,1,0,0.0,0.0,253.7,0.0,5.0,1,Stopped,0,0,0,0,0,VALID,VALID
35H-09245,2026-07-31 04:10:00,253.7,0,"Lê Chân, Phường Phù Vân, Tỉnh Ninh Bình",0.0,5.0,1,0,0.0,0.0,253.7,0.0,5.0,1,Stopped,0,0,0,0,0,VALID,VALID
35H-09245,2026-07-31 04:15:00,253.7,0,"Lê Chân, Phường Phù Vân, Tỉnh Ninh Bình",0.0,5.0,1,0,0.0,0.0,253.7,0.0,5.0,1,Stopped,0,0,0,0,0,VALID,VALID
35H-09245,2026-07-31 04:20:00,253.7,0,"Lê Chân, Phường Phù Vân, Tỉnh Ninh Bình",0.0,5.0,1,0,0.0,0.0,253.7,0.0,5.0,1,Stopped,0,0,0,0,0,VALID,VALID
35H-09245,2026-07-31 04:25:00,253.7,0,"Lê Chân, Phường Phù Vân, Tỉnh Ninh Bình",0.0,5.0,1,0,0.0,0.0,253.7,0.0,5.0,1,Stopped,0,0,0,0,0,VALID,VALID
35H-09245,2026-07-31 04:30:00,253.7,0,"Lê Chân, Phường Phù Vân, Tỉnh Ninh Bình",0.0,5.0,1,0,0.0,0.0,253.7,0.0,5.0,1,Stopped,0,0,0,0,0,VALID,VALID
35H-09245,2026-07-31 04:35:00,253.7,0,"Lê Chân, Phường Phù Vân, Tỉnh Ninh Bình",0.0,5.0,1,0,0.0,0.0,253.7,0.0,5.0,1,Stopped,0,0,0,0,0,VALID,VALID
35H-09245,2026-07-31 04:40:00,253.7,0,"Lê Chân, Phường Phù Vân, Tỉnh Ninh Bình",0.0,5.0,1,0,0.0,0.0,253.7,0.0,5.0,1,Stopped,0,0,0,0,0,VALID,VALID
35H-09245,2026-07-31 04:45:00,253.7,0,"Lê Chân, Phường Phù Vân, Tỉnh Ninh Bình",0.0,5.0,1,0,0.0,0.0,253.7,0.0,5.0,1,Stopped,0,0,0,0,0,VALID,VALID
35H-09245,2026-07-31 04:50:00,253.7,0,"Lê Chân, Phường Phù Vân, Tỉnh Ninh Bình",0.0,5.0,1,0,0.0,0.0,253.7,0.0,5.0,1,Stopped,0,0,0,0,0,VALID,VALID
35H-09245,2026-07-31 04:55:00,253.7,0,"Lê Chân, Phường Phù Vân, Tỉnh Ninh Bình",0.0,5.0,1,0,0.0,0.0,253.7,0.0,5.0,1,Stopped,0,0,0,0,0,VALID,VALID
35H-09245,2026-07-31 05:00:00,253.7,0,"Lê Chân, Phường Phù Vân, Tỉnh Ninh Bình",0.0,5.0,1,0,0.0,0.0,253.7,0.0,5.0,1,Stopped,0,0,0,0,0,VALID,VALID
35H-09245,2026-07-31 05:05:00,253.7,0,"Lê Chân, Phường Phù Vân, Tỉnh Ninh Bình",0.0,5.0,1,0,0.0,0.0,253.7,0.0,5.0,1,Stopped,0,0,0,0,0,VALID,VALID
35H-09245,2026-07-31 05:10:00,253.7,0,"Lê Chân, Phường Phù Vân, Tỉnh Ninh Bình",0.0,5.0,1,0,0.0,0.0,253.7,0.0,5.0,1,Stopped,0,0,0,0,0,VALID,VALID
35H-09245,2026-07-31 05:15:00,253.7,0,"Lê Chân, Phường Phù Vân, Tỉnh Ninh Bình",0.0,5.0,1,0,0.0,0.0,253.7,0.0,5.0,1,Stopped,0,0,0,0,0,VALID,VALID
35H-09245,2026-07-31 05:20:00,253.7,0,"Lê Chân, Phường Phù Vân, Tỉnh Ninh Bình",0.0,5.0,1,0,0.0,0.0,253.7,0.0,5.0,1,Stopped,0,0,0,0,0,VALID,VALID
35H-09245,2026-07-31 05:25:00,253.7,0,"Lê Chân, Phường Phù Vân, Tỉnh Ninh Bình",0.0,5.0,1,0,0.0,0.0,253.7,0.0,5.0,1,Stopped,0,0,0,0,0,VALID,VALID
35H-09245,2026-07-31 05:30:00,253.7,0,"Lê Chân, Phường Phù Vân, Tỉnh Ninh Bình",0.0,5.0,1,0,0.0,0.0,253.7,0.0,5.0,1,Stopped,0,0,0,0,0,VALID,VALID
35H-09245,2026-07-31 05:35:00,253.7,0,"Lê Chân, Phường Phù Vân, Tỉnh Ninh Bình",0.0,5.0,1,0,0.0,0.0,253.7,0.0,5.0,1,Stopped,0,0,0,0,0,VALID,VALID
35H-09245,2026-07-31 05:40:00,253.7,0,"Lê Chân, Phường Phù Vân, Tỉnh Ninh Bình",0.0,5.0,1,0,0.0,0.0,253.7,0.0,5.0,1,Stopped,0,0,0,0,0,VALID,VALID
35H-09245,2026-07-31 05:45:00,253.7,0,"Lê Chân, Phường Phù Vân, Tỉnh Ninh Bình",0.0,5.0,1,0,0.0,0.0,253.7,0.0,5.0,1,Stopped,0,0,0,0,0,VALID,VALID
35H-09245,2026-07-31 05:50:00,253.7,0,"Lê Chân, Phường Phù Vân, Tỉnh Ninh Bình",0.0,5.0,1,0,0.0,0.0,253.7,0.0,5.0,1,Stopped,0,0,0,0,0,VALID,VALID
35H-09245,2026-07-31 05:55:00,253.7,0,"Lê Chân, Phường Phù Vân, Tỉnh Ninh Bình",0.0,5.0,1,0,0.0,0.0,253.7,0.0,5.0,1,Stopped,0,0,0,0,0,VALID,VALID
35H-09245,2026-07-31 06:00:00,253.7,0,"Lê Chân, Phường Phù Vân, Tỉnh Ninh Bình",0.0,5.0,1,0,0.0,0.0,253.7,0.0,5.0,1,Stopped,0,0,0,0,0,VALID,VALID
35H-09245,2026-07-31 06:05:00,253.7,0,"Lê Chân, Phường Phù Vân, Tỉnh Ninh Bình",0.0,5.0,1,0,0.0,0.0,253.7,0.0,5.0,1,Stopped,0,0,0,0,0,VALID,VALID
35H-09245,2026-07-31 06:10:00,253.7,0,"Lê Chân, Phường Phù Vân, Tỉnh Ninh Bình",0.0,5.0,1,0,0.0,0.0,253.7,0.0,5.0,1,Stopped,0,0,0,0,0,VALID,VALID
35H-09245,2026-07-31 06:15:00,253.5,0,"Lê Chân, Phường Phù Vân, Tỉnh Ninh Bình",0.0,5.0,1,0,-0.19999999999998863,-0.039999999999997725,253.7,0.08944271928308806,5.0,1,Stopped,0,0,0,0,0,VALID,VALID
35H-09245,2026-07-31 06:20:00,254.3,0,"Lê Chân, Phường Phù Vân, Tỉnh Ninh Bình",0.0,5.0,1,0,0.8000000000000114,0.16000000000000228,253.7,0.30331501781615844,5.0,1,Stopped,0,0,0,0,0,VALID,VALID
35H-09245,2026-07-31 06:25:00,254.3,0,"Lê Chân, Phường Phù Vân, Tỉnh Ninh Bình",0.0,5.0,1,0,0.0,0.0,253.7,0.37416573872132786,5.0,1,Stopped,0,0,0,0,0,VALID,VALID
35H-09245,2026-07-31 06:30:00,254.4,0,"Lê Chân, Phường Phù Vân, Tỉnh Ninh Bình",0.0,5.0,1,0,0.09999999999999432,0.019999999999998862,254.3,0.40987803067856965,5.0,1,Stopped,0,0,0,0,0,VALID,VALID
35H-09245,2026-07-31 06:35:00,254.4,0,"Lê Chân, Phường Phù Vân, Tỉnh Ninh Bình",0.0,5.0,1,0,0.0,0.0,254.3,0.38340579029665817,5.0,1,Stopped,0,0,0,0,0,VALID,VALID
35H-09245,2026-07-31 06:40:00,254.4,0,"Lê Chân, Phường Phù Vân, Tỉnh Ninh Bình",0.0,5.0,1,0,0.0,0.0,254.4,0.05477225605258768,5.0,1,Stopped,0,0,0,0,0,VALID,VALID
35H-09245,2026-07-31 06:45:00,254.3,0,"Lê Chân, Phường Phù Vân, Tỉnh Ninh Bình",0.0,5.0,1,0,-0.09999999999999432,-0.019999999999998862,254.4,0.05477225605258768,5.0,1,Stopped,0,0,0,0,0,VALID,VALID
35H-09245,2026-07-31 06:50:00,254.3,0,"Lê Chân, Phường Phù Vân, Tỉnh Ninh Bình",0.0,5.0,1,0,0.0,0.0,254.4,0.05477225605258768,5.0,1,Stopped,0,0,0,0,0,VALID,VALID
35H-09245,2026-07-31 06:55:00,254.3,0,"Lê Chân, Phường Phù Vân, Tỉnh Ninh Bình",0.0,5.0,1,0,0.0,0.0,254.3,0.05477225605249817,5.0,1,Stopped,0,0,0,0,0,VALID,VALID
35H-09245,2026-07-31 07:00:00,254.3,0,"Lê Chân, Phường Phù Vân, Tỉnh Ninh Bình",0.0,5.0,1,0,0.0,0.0,254.3,0.04472135991973582,5.0,1,Stopped,0,0,0,0,0,VALID,VALID
35H-09245,2026-07-31 07:05:00,254.3,0,"Lê Chân, Phường Phù Vân, Tỉnh Ninh Bình",0.0,5.0,1,0,0.0,0.0,254.3,0.0,5.0,1,Stopped,0,0,0,0,0,VALID,VALID
35H-09245,2026-07-31 07:10:00,254.3,0,"Lê Chân, Phường Phù Vân, Tỉnh Ninh Bình",0.0,5.0,1,0,0.0,0.0,254.3,0.0,5.0,1,Stopped,0,0,0,0,0,VALID,VALID
35H-09245,2026-07-31 07:15:00,254.3,0,"Lê Chân, Phường Phù Vân, Tỉnh Ninh Bình",0.0,5.0,1,0,0.0,0.0,254.3,0.0,5.0,1,Stopped,0,0,0,0,0,VALID,VALID
35H-09245,2026-07-31 07:20:00,254.3,0,"Lê Chân, Phường Phù Vân, Tỉnh Ninh Bình",0.0,5.0,1,0,0.0,0.0,254.3,0.0,5.0,1,Stopped,0,0,0,0,0,VALID,VALID
35H-09245,2026-07-31 07:25:00,254.3,0,"Lê Chân, Phường Phù Vân, Tỉnh Ninh Bình",0.0,5.0,1,0,0.0,0.0,254.3,0.0,5.0,1,Stopped,0,0,0,0,0,VALID,VALID
35H-09245,2026-07-31 07:30:00,254.3,0,"Lê Chân, Phường Phù Vân, Tỉnh Ninh Bình",0.0,5.0,1,0,0.0,0.0,254.3,0.0,5.0,1,Stopped,0,0,0,0,0,VALID,VALID
35H-09245,2026-07-31 07:35:00,254.3,0,"Lê Chân, Phường Phù Vân, Tỉnh Ninh Bình",0.0,5.0,1,0,0.0,0.0,254.3,0.0,5.0,1,Stopped,0,0,0,0,0,VALID,VALID
35H-09245,2026-07-31 07:40:00,254.3,0,"Lê Chân, Phường Phù Vân, Tỉnh Ninh Bình",0.0,5.0,1,0,0.0,0.0,254.3,0.0,5.0,1,Stopped,0,0,0,0,0,VALID,VALID
35H-09245,2026-07-31 07:45:00,254.3,0,"Lê Chân, Phường Phù Vân, Tỉnh Ninh Bình",0.0,5.0,1,0,0.0,0.0,254.3,0.0,5.0,1,Stopped,0,0,0,0,0,VALID,VALID
35H-09245,2026-07-31 07:50:00,254.3,0,"Lê Chân, Phường Phù Vân, Tỉnh Ninh Bình",0.0,5.0,1,0,0.0,0.0,254.3,0.0,5.0,1,Stopped,0,0,0,0,0,VALID,VALID
35H-09245,2026-07-31 07:55:00,254.3,0,"Lê Chân, Phường Phù Vân, Tỉnh Ninh Bình",0.0,5.0,1,0,0.0,0.0,254.3,0.0,5.0,1,Stopped,0,0,0,0,0,VALID,VALID
35H-09245,2026-07-31 08:00:00,254.1,0,"Lê Chân, Phường Phù Vân, Tỉnh Ninh Bình",0.0,5.0,1,0,-0.20000000000001705,-0.04000000000000341,254.3,0.08944271928471559,5.0,1,Stopped,0,0,0,0,0,VALID,VALID
35H-09245,2026-07-31 08:05:00,254.1,0,"Lê Chân, Phường Phù Vân, Tỉnh Ninh Bình",0.0,5.0,1,0,0.0,0.0,254.3,0.10954451165177917,5.0,1,Stopped,0,0,0,0,0,VALID,VALID
35H-09245,2026-07-31 08:10:00,254.1,0,"Lê Chân, Phường Phù Vân, Tỉnh Ninh Bình",0.0,5.0,1,0,0.0,0.0,254.1,0.10954451165170133,5.0,1,Stopped,0,0,0,0,0,VALID,VALID
35H-09245,2026-07-31 08:15:00,254.1,0,"Lê Chân, Phường Phù Vân, Tỉnh Ninh Bình",0.0,5.0,1,0,0.0,0.0,254.1,0.0894427192844296,5.0,1,Stopped,0,0,0,0,0,VALID,VALID
35H-09245,2026-07-31 08:20:00,254.1,0,"Lê Chân, Phường Phù Vân, Tỉnh Ninh Bình",0.0,5.0,1,0,0.0,0.0,254.1,0.0,5.0,1,Stopped,0,0,0,0,0,VALID,VALID
35H-09245,2026-07-31 08:25:00,254.1,0,"Lê Chân, Phường Phù Vân, Tỉnh Ninh Bình",0.0,5.0,1,0,0.0,0.0,254.1,0.0,5.0,1,Stopped,0,0,0,0,0,VALID,VALID
35H-09245,2026-07-31 08:30:00,254.1,0,"Lê Chân, Phường Phù Vân, Tỉnh Ninh Bình",0.0,5.0,1,0,0.0,0.0,254.1,0.0,5.0,1,Stopped,0,0,0,0,0,VALID,VALID
35H-09245,2026-07-31 08:35:00,254.1,0,"Lê Chân, Phường Phù Vân, Tỉnh Ninh Bình",0.0,5.0,1,0,0.0,0.0,254.1,0.0,5.0,1,Stopped,0,0,0,0,0,VALID,VALID
35H-09245,2026-07-31 08:40:00,254.1,0,"Lê Chân, Phường Phù Vân, Tỉnh Ninh Bình",0.0,5.0,1,0,0.0,0.0,254.1,0.0,5.0,1,Stopped,0,0,0,0,0,VALID,VALID
35H-09245,2026-07-31 08:45:00,254.1,0,"Lê Chân, Phường Phù Vân, Tỉnh Ninh Bình",0.0,5.0,1,0,0.0,0.0,254.1,0.0,5.0,1,Stopped,0,0,0,0,0,VALID,VALID
35H-09245,2026-07-31 08:50:00,254.1,0,"Lê Chân, Phường Phù Vân, Tỉnh Ninh Bình",0.0,5.0,1,0,0.0,0.0,254.1,0.0,5.0,1,Stopped,0,0,0,0,0,VALID,VALID
35H-09245,2026-07-31 08:55:00,254.0,0,"Lê Chân, Phường Phù Vân, Tỉnh Ninh Bình",0.0,5.0,1,0,-0.09999999999999432,-0.019999999999998862,254.1,0.044721359918591844,5.0,1,Stopped,0,0,0,0,0,VALID,VALID
35H-09245,2026-07-31 09:00:00,254.0,0,"Lê Chân, Phường Phù Vân, Tỉnh Ninh Bình",0.0,5.0,1,0,0.0,0.0,254.1,0.054772256051408445,5.0,1,Stopped,0,0,0,0,0,VALID,VALID
35H-09245,2026-07-31 09:05:00,254.0,0,"Lê Chân, Phường Phù Vân, Tỉnh Ninh Bình",0.0,5.0,1,0,0.0,0.0,254.0,0.05477225605135072,5.0,1,Stopped,0,0,0,0,0,VALID,VALID
35H-09245,2026-07-31 09:10:00,254.0,0,"Lê Chân, Phường Phù Vân, Tỉnh Ninh Bình",0.0,5.0,1,0,0.0,0.0,254.0,0.044721359918379736,5.0,1,Stopped,0,0,0,0,0,VALID,VALID
35H-09245,2026-07-31 09:15:00,254.0,0,"Lê Chân, Phường Phù Vân, Tỉnh Ninh Bình",0.0,5.0,1,0,0.0,0.0,254.0,0.0,5.0,1,Stopped,0,0,0,0,0,VALID,VALID
35H-09245,2026-07-31 09:20:00,254.0,0,"Lê Chân, Phường Phù Vân, Tỉnh Ninh Bình",0.0,5.0,1,0,0.0,0.0,254.0,0.0,5.0,1,Stopped,0,0,0,0,0,VALID,VALID
35H-09245,2026-07-31 09:25:00,252.2,0,"Phường Phù Vân, Tỉnh Ninh Bình",0.0,5.0,1,0,-1.8000000000000114,-0.36000000000000226,254.0,0.8049844719203398,5.0,1,Stopped,0,0,0,0,0,VALID,VALID
35H-09245,2026-07-31 09:30:00,252.1,0,"Phường Phù Vân, Tỉnh Ninh Bình",0.0,5.0,1,0,-0.09999999999999432,-0.019999999999998862,254.0,1.0139033484670898,5.0,1,Stopped,0,0,0,0,0,VALID,VALID
35H-09245,2026-07-31 09:35:00,250.4,25,"Phủ Lý - Kiện Khê, Phường Lý Thường Kiệt, Tỉnh Ninh Bình",0.0,5.0,1,0,-1.6999999999999886,-0.33999999999999775,252.2,1.5126136321058976,5.0,1,Moving,0,0,0,0,0,VALID,VALID
35H-09245,2026-07-31 09:40:00,251.8,0,"Phan Trọng Tuệ, Phường Lý Thường Kiệt, Tỉnh Ninh Bình",0.0,5.0,1,0,1.4000000000000057,0.28000000000000114,252.1,1.2845232578791628,5.0,1,Stopped,0,0,0,0,0,VALID,VALID
35H-09245,2026-07-31 09:45:00,248.6,0,"Phường Lý Thường Kiệt, Tỉnh Ninh Bình",0.0,5.0,1,0,-3.200000000000017,-0.6400000000000035,251.8,1.5336231610249798,5.0,1,Stopped,0,0,0,0,0,VALID,VALID
35H-09245,2026-07-31 09:50:00,248.8,0,"Phường Lý Thường Kiệt, Tỉnh Ninh Bình",0.0,5.0,1,0,0.20000000000001705,0.04000000000000341,250.4,1.6303373884052619,5.0,1,Stopped,0,0,0,0,0,VALID,VALID
35H-09245,2026-07-31 09:55:00,248.8,0,"Phường Lý Thường Kiệt, Tỉnh Ninh Bình",0.0,5.0,1,0,0.0,0.0,248.8,1.3899640283230181,5.0,1,Stopped,0,0,0,0,0,VALID,VALID
35H-09245,2026-07-31 10:00:00,248.8,0,"Phường Lý Thường Kiệt, Tỉnh Ninh Bình",0.0,5.0,1,0,0.0,0.0,248.8,1.3667479650732517,5.0,1,Stopped,0,0,0,0,0,VALID,VALID
35H-09245,2026-07-31 10:05:00,248.8,0,"Phường Lý Thường Kiệt, Tỉnh Ninh Bình",0.0,5.0,1,0,0.0,0.0,248.8,0.0894427192772878,5.0,1,Stopped,0,0,0,0,0,VALID,VALID
35H-09245,2026-07-31 10:10:00,248.8,0,"Phường Lý Thường Kiệt, Tỉnh Ninh Bình",0.0,5.0,1,0,0.0,0.0,248.8,0.0,5.0,1,Stopped,0,0,0,0,0,VALID,VALID
35H-09245,2026-07-31 10:15:00,248.8,0,"Phường Lý Thường Kiệt, Tỉnh Ninh Bình",0.0,5.0,1,0,0.0,0.0,248.8,0.0,5.0,1,Stopped,0,0,0,0,0,VALID,VALID
35H-09245,2026-07-31 10:20:00,248.7,0,"Phường Lý Thường Kiệt, Tỉnh Ninh Bình",0.0,5.0,1,0,-0.10000000000002274,-0.02000000000000455,248.8,0.044721359904640316,5.0,1,Stopped,0,0,0,0,0,VALID,VALID
35H-09245,2026-07-31 10:25:00,248.6,0,"Phường Lý Thường Kiệt, Tỉnh Ninh Bình",0.0,5.0,1,0,-0.09999999999999432,-0.019999999999998862,248.8,0.08944271927726992,5.0,1,Stopped,0,0,0,0,0,VALID,VALID
35H-09245,2026-07-31 10:30:00,248.6,0,"Phường Lý Thường Kiệt, Tỉnh Ninh Bình",0.0,5.0,1,0,0.0,0.0,248.7,0.10000000015852625,5.0,1,Stopped,0,0,0,0,0,VALID,VALID
35H-09245,2026-07-31 10:35:00,248.6,0,"Phường Lý Thường Kiệt, Tỉnh Ninh Bình",0.0,5.0,1,0,0.0,0.0,248.6,0.08944271927718274,5.0,1,Stopped,0,0,0,0,0,VALID,VALID
35H-09245,2026-07-31 10:40:00,248.5,0,"Phường Lý Thường Kiệt, Tỉnh Ninh Bình",0.0,5.0,1,0,-0.09999999999999432,-0.019999999999998862,248.6,0.0707106783426837,5.0,1,Stopped,0,0,0,0,0,VALID,VALID
35H-09245,2026-07-31 10:45:00,248.2,0,"Phường Lý Thường Kiệt, Tỉnh Ninh Bình",0.0,5.0,1,0,-0.30000000000001137,-0.060000000000002274,248.6,0.17320508084827949,5.0,1,Stopped,0,0,0,0,0,VALID,VALID
35H-09245,2026-07-31 10:50:00,248.1,0,"Phường Lý Thường Kiệt, Tỉnh Ninh Bình",0.0,5.0,1,0,-0.09999999999999432,-0.019999999999998862,248.5,0.23452078805861082,5.0,1,Stopped,0,0,0,0,0,VALID,VALID
35H-09245,2026-07-31 10:55:00,248.1,0,"Phường Lý Thường Kiệt, Tỉnh Ninh Bình",0.0,5.0,1,0,0.0,0.0,248.2,0.2345207880585502,5.0,1,Stopped,0,0,0,0,0,VALID,VALID
35H-09245,2026-07-31 11:00:00,248.1,0,"Phường Lý Thường Kiệt, Tỉnh Ninh Bình",0.0,5.0,1,0,0.0,0.0,248.1,0.17320508084803332,5.0,1,Stopped,0,0,0,0,0,VALID,VALID
35H-09245,2026-07-31 11:05:00,248.1,0,"Phường Lý Thường Kiệt, Tỉnh Ninh Bình",0.0,5.0,1,0,0.0,0.0,248.1,0.044721359902708716,5.0,1,Stopped,0,0,0,0,0,VALID,VALID
35H-09245,2026-07-31 11:10:00,248.1,0,"Phường Lý Thường Kiệt, Tỉnh Ninh Bình",0.0,5.0,1,0,0.0,0.0,248.1,0.0,5.0,1,Stopped,0,0,0,0,0,VALID,VALID
35H-09245,2026-07-31 11:15:00,248.1,0,"Phường Lý Thường Kiệt, Tỉnh Ninh Bình",0.0,5.0,1,0,0.0,0.0,248.1,0.0,5.0,1,Stopped,0,0,0,0,0,VALID,VALID
35H-09245,2026-07-31 11:20:00,248.1,0,"Phường Lý Thường Kiệt, Tỉnh Ninh Bình",0.0,5.0,1,0,0.0,0.0,248.1,0.0,5.0,1,Stopped,0,0,0,0,0,VALID,VALID
35H-09245,2026-07-31 11:25:00,248.1,0,"Phường Lý Thường Kiệt, Tỉnh Ninh Bình",0.0,5.0,1,0,0.0,0.0,248.1,0.0,5.0,1,Stopped,0,0,0,0,0,VALID,VALID
35H-09245,2026-07-31 11:30:00,248.1,0,"Phường Lý Thường Kiệt, Tỉnh Ninh Bình",0.0,5.0,1,0,0.0,0.0,248.1,0.0,5.0,1,Stopped,0,0,0,0,0,VALID,VALID
35H-09245,2026-07-31 11:35:00,248.1,0,"Phường Lý Thường Kiệt, Tỉnh Ninh Bình",0.0,5.0,1,0,0.0,0.0,248.1,0.0,5.0,1,Stopped,0,0,0,0,0,VALID,VALID
35H-09245,2026-07-31 11:40:00,248.1,0,"Phường Lý Thường Kiệt, Tỉnh Ninh Bình",0.0,5.0,1,0,0.0,0.0,248.1,0.0,5.0,1,Stopped,0,0,0,0,0,VALID,VALID
35H-09245,2026-07-31 11:45:00,248.0,0,"Phường Lý Thường Kiệt, Tỉnh Ninh Bình",0.0,5.0,1,0,-0.09999999999999432,-0.019999999999998862,248.1,0.04472135990256095,5.0,1,Stopped,0,0,0,0,0,VALID,VALID
35H-09245,2026-07-31 11:50:00,247.6,0,"Phường Lý Thường Kiệt, Tỉnh Ninh Bình",0.0,5.0,1,0,-0.4000000000000057,-0.08000000000000114,248.1,0.21679483395944837,5.0,1,Stopped,0,0,0,0,0,VALID,VALID
35H-09245,2026-07-31 11:55:00,247.5,0,"Phường Lý Thường Kiệt, Tỉnh Ninh Bình",0.0,5.0,1,0,-0.09999999999999432,-0.019999999999998862,248.0,0.2880972058723716,5.0,1,Stopped,0,0,0,0,0,VALID,VALID
35H-09245,2026-07-31 12:00:00,247.3,0,"Phường Lý Thường Kiệt, Tỉnh Ninh Bình",0.0,5.0,1,0,-0.19999999999998863,-0.039999999999997725,247.6,0.33911649920258247,5.0,1,Stopped,0,0,0,0,0,VALID,VALID
35H-09245,2026-07-31 12:05:00,244.9,20,"Phan Trọng Tuệ, Phường Lý Thường Kiệt, Tỉnh Ninh Bình",0.0,5.0,1,0,-2.4000000000000057,-0.48000000000000115,247.5,1.234098861530641,5.0,1,Moving,0,0,0,0,0,VALID,VALID
35H-09245,2026-07-31 12:10:00,246.3,38,"Phan Trọng Tuệ, Phường Lý Thường Kiệt, Tỉnh Ninh Bình",0.0,5.0,1,0,1.4000000000000057,0.28000000000000114,247.3,1.1410521460613159,5.0,1,Moving,0,0,0,0,0,VALID,VALID
35H-09245,2026-07-31 12:15:00,243.3,32,"Cầu Kiện Khê, Phường Châu Sơn, Tỉnh Ninh Bình",0.0,5.0,1,0,-3.0,-0.6,246.3,1.7629520696918903,5.0,1,Moving,0,0,0,0,0,VALID,VALID
35H-09245,2026-07-31 12:20:00,242.2,35,"Tỉnh Lộ 494, Xã Liêm Hà, Tỉnh Ninh Bình",0.0,5.0,1,0,-1.1000000000000227,-0.22000000000000455,244.9,2.0928449536529623,5.0,1,Moving,0,0,0,0,0,VALID,VALID
35H-09245,2026-07-31 12:25:00,239.9,47,"Tỉnh Lộ 494, Xã Liêm Hà, Tỉnh Ninh Bình",0.0,5.0,1,0,-2.299999999999983,-0.4599999999999966,243.3,2.4661711214005955,5.0,1,Moving,0,0,0,0,0,VALID,VALID
35H-09245,2026-07-31 12:30:00,238.0,26,"Tỉnh Lộ 494, Phường Phủ Lý, Tỉnh Ninh Bình",0.0,5.0,1,0,-1.9000000000000057,-0.3800000000000011,242.2,3.1863772532501504,5.0,1,Moving,0,0,0,0,0,VALID,VALID
35H-09245,2026-07-31 12:35:00,234.3,16,"Phường Liêm Tuyền, Tỉnh Ninh Bình",0.0,5.0,1,0,-3.6999999999999886,-0.7399999999999978,239.9,3.576730350477843,5.0,1,Moving,0,0,0,0,0,VALID,VALID
35H-09245,2026-07-31 12:40:00,234.9,0,"Phường Liêm Tuyền, Tỉnh Ninh Bình",0.0,5.0,1,0,0.5999999999999943,0.11999999999999886,238.0,3.3336166546303607,5.0,1,Stopped,0,0,0,0,0,VALID,VALID
35H-09245,2026-07-31 12:45:00,234.8,0,"Phường Liêm Tuyền, Tỉnh Ninh Bình",0.0,5.0,1,0,-0.09999999999999432,-0.019999999999998862,234.9,2.4509181952950896,5.0,1,Stopped,0,0,0,0,0,VALID,VALID
35H-09245,2026-07-31 12:50:00,234.8,0,"Phường Liêm Tuyền, Tỉnh Ninh Bình",0.0,5.0,1,0,0.0,0.0,234.8,1.4943225890108973,5.0,1,Stopped,0,0,0,0,0,VALID,VALID
35H-09245,2026-07-31 12:55:00,234.8,0,"Phường Liêm Tuyền, Tỉnh Ninh Bình",0.0,5.0,1,0,0.0,0.0,234.8,0.23874672778505537,5.0,1,Stopped,0,0,0,0,0,VALID,VALID
35H-09245,2026-07-31 13:00:00,235.5,0,"Phường Liêm Tuyền, Tỉnh Ninh Bình",0.0,5.0,1,0,0.6999999999999886,0.13999999999999774,234.8,0.3049590136856643,5.0,1,Stopped,0,0,0,0,0,VALID,VALID
35H-09245,2026-07-31 13:05:00,235.6,0,"Phường Liêm Tuyền, Tỉnh Ninh Bình",0.0,5.0,1,0,0.09999999999999432,0.019999999999998862,234.8,0.41231056259593096,5.0,1,Stopped,0,0,0,0,0,VALID,VALID
35H-09245,2026-07-31 13:10:00,235.6,0,"Phường Liêm Tuyền, Tỉnh Ninh Bình",0.0,5.0,1,0,0.0,0.0,235.5,0.42190046222802796,5.0,1,Stopped,0,0,0,0,0,VALID,VALID
35H-09245,2026-07-31 13:15:00,235.6,0,"Phường Liêm Tuyền, Tỉnh Ninh Bình",0.0,5.0,1,0,0.0,0.0,235.6,0.3492849839719395,5.0,1,Stopped,0,0,0,0,0,VALID,VALID
35H-09245,2026-07-31 13:20:00,235.3,0,"Phường Liêm Tuyền, Tỉnh Ninh Bình",0.0,5.0,1,0,-0.29999999999998295,-0.05999999999999659,235.6,0.1303840482126219,5.0,1,Stopped,0,0,0,0,0,VALID,VALID
35H-09245,2026-07-31 13:25:00,235.2,0,"Phường Liêm Tuyền, Tỉnh Ninh Bình",0.0,5.0,1,0,-0.10000000000002274,-0.02000000000000455,235.6,0.19493588696874933,5.0,1,Stopped,0,0,0,0,0,VALID,VALID
35H-09245,2026-07-31 13:30:00,235.2,0,"Phường Liêm Tuyền, Tỉnh Ninh Bình",0.0,5.0,1,0,0.0,0.0,235.3,0.20493901538816214,5.0,1,Stopped,0,0,0,0,0,VALID,VALID
35H-09245,2026-07-31 13:35:00,235.2,0,"Phường Liêm Tuyền, Tỉnh Ninh Bình",0.0,5.0,1,0,0.0,0.0,235.2,0.1732050808384275,5.0,1,Stopped,0,0,0,0,0,VALID,VALID
35H-09245,2026-07-31 13:40:00,235.5,0,"Phường Liêm Tuyền, Tỉnh Ninh Bình",0.0,5.0,1,0,0.30000000000001137,0.060000000000002274,235.2,0.13038404821234725,5.0,1,Stopped,0,0,0,0,0,VALID,VALID
35H-09245,2026-07-31 13:45:00,235.6,0,"Phường Liêm Tuyền, Tỉnh Ninh Bình",0.0,5.0,1,0,0.09999999999999432,0.019999999999998862,235.2,0.1949358869686523,5.0,1,Stopped,0,0,0,0,0,VALID,VALID
35H-09245,2026-07-31 13:50:00,235.6,0,"Phường Liêm Tuyền, Tỉnh Ninh Bình",0.0,5.0,1,0,0.0,0.0,235.5,0.2049390153881808,5.0,1,Stopped,0,0,0,0,0,VALID,VALID
35H-09245,2026-07-31 13:55:00,235.6,0,"Phường Liêm Tuyền, Tỉnh Ninh Bình",0.0,5.0,1,0,0.0,0.0,235.6,0.17320508083858085,5.0,1,Stopped,0,0,0,0,0,VALID,VALID
35H-09245,2026-07-31 14:00:00,235.6,0,"Phường Liêm Tuyền, Tỉnh Ninh Bình",0.0,5.0,1,0,0.0,0.0,235.6,0.04472135986660782,5.0,1,Stopped,0,0,0,0,0,VALID,VALID
35H-09245,2026-07-31 14:05:00,234.2,0,"Phường Liêm Tuyền, Tỉnh Ninh Bình",0.0,5.0,1,0,-1.4000000000000057,-0.28000000000000114,235.6,0.6260990337225135,5.0,1,Stopped,0,0,0,0,0,VALID,VALID
35H-09245,2026-07-31 14:10:00,233.4,0,"Phường Liêm Tuyền, Tỉnh Ninh Bình",0.0,5.0,1,0,-0.799999999999983,-0.1599999999999966,235.6,1.025670512410375,5.0,1,Stopped,0,0,0,0,0,VALID,VALID
35H-09245,2026-07-31 14:15:00,232.5,0,"Phường Liêm Tuyền, Tỉnh Ninh Bình",0.0,5.0,1,0,-0.9000000000000057,-0.18000000000000113,234.2,1.363084736921375,5.0,1,Stopped,0,0,0,0,0,VALID,VALID
35H-09245,2026-07-31 14:20:00,232.4,0,"Phường Liêm Tuyền, Tỉnh Ninh Bình",0.0,5.0,1,0,-0.09999999999999432,-0.019999999999998862,233.4,1.3274034804941106,5.0,1,Stopped,0,0,0,0,0,VALID,VALID
35H-09245,2026-07-31 14:25:00,232.4,0,"Phường Liêm Tuyền, Tỉnh Ninh Bình",0.0,5.0,1,0,0.0,0.0,232.5,0.8012490249777177,5.0,1,Stopped,0,0,0,0,0,VALID,VALID
35H-09245,2026-07-31 14:30:00,232.5,0,"Phường Liêm Tuyền, Tỉnh Ninh Bình",0.0,5.0,1,0,0.09999999999999432,0.019999999999998862,232.5,0.42778499275649773,5.0,1,Stopped,0,0,0,0,0,VALID,VALID
35H-09245,2026-07-31 14:35:00,232.5,0,"Phường Liêm Tuyền, Tỉnh Ninh Bình",0.0,5.0,1,0,0.0,0.0,232.5,0.05477225600284523,5.0,1,Stopped,0,0,0,0,0,VALID,VALID
35H-09245,2026-07-31 14:40:00,232.6,0,"Phường Liêm Tuyền, Tỉnh Ninh Bình",0.0,5.0,1,0,0.09999999999999432,0.019999999999998862,232.5,0.08366600281861392,5.0,1,Stopped,0,0,0,0,0,VALID,VALID
35H-09245,2026-07-31 14:45:00,232.7,0,"Phường Liêm Tuyền, Tỉnh Ninh Bình",0.0,5.0,1,0,0.09999999999999432,0.019999999999998862,232.5,0.11401754263118276,5.0,1,Stopped,0,0,0,0,0,VALID,VALID
35H-09245,2026-07-31 14:50:00,232.0,0,"Phường Liêm Tuyền, Tỉnh Ninh Bình",0.0,5.0,1,0,-0.6999999999999886,-0.13999999999999774,232.5,0.27018512177328413,5.0,1,Stopped,0,0,0,0,0,VALID,VALID
35H-09245,2026-07-31 14:55:00,232.0,0,"Phường Liêm Tuyền, Tỉnh Ninh Bình",0.0,5.0,1,0,0.0,0.0,232.5,0.33615472632053245,5.0,1,Stopped,0,0,0,0,0,VALID,VALID
35H-09245,2026-07-31 15:00:00,232.0,0,"Phường Liêm Tuyền, Tỉnh Ninh Bình",0.0,5.0,1,0,0.0,0.0,232.0,0.3577708764385637,5.0,1,Stopped,0,0,0,0,0,VALID,VALID
35H-09245,2026-07-31 15:05:00,232.2,0,"Phường Liêm Tuyền, Tỉnh Ninh Bình",0.0,5.0,1,0,0.19999999999998863,0.039999999999997725,232.0,0.3033150178075698,5.0,1,Stopped,0,0,0,0,0,VALID,VALID
35H-09245,2026-07-31 15:10:00,234.2,0,"Phường Liêm Tuyền, Tỉnh Ninh Bình",0.0,5.0,1,0,2.0,0.4,232.0,0.9654014709060811,5.0,1,Stopped,0,0,0,0,0,VALID,VALID
35H-09245,2026-07-31 15:15:00,234.3,0,"Phường Liêm Tuyền, Tỉnh Ninh Bình",0.0,5.0,1,0,0.10000000000002274,0.02000000000000455,232.2,1.1991663771252379,5.0,1,Stopped,0,0,0,0,0,VALID,VALID
35H-09245,2026-07-31 15:20:00,234.3,0,"Phường Liêm Tuyền, Tỉnh Ninh Bình",0.0,5.0,1,0,0.0,0.0,234.2,1.1895377253486794,5.0,1,Stopped,0,0,0,0,0,VALID,VALID
35H-09245,2026-07-31 15:25:00,234.3,0,"Phường Liêm Tuyền, Tỉnh Ninh Bình",0.0,5.0,1,0,0.0,0.0,234.3,0.9289779330144168,5.0,1,Stopped,0,0,0,0,0,VALID,VALID
35H-09245,2026-07-31 15:30:00,233.1,43,"Nam Định - Phủ Lý, Phường Liêm Tuyền, Tỉnh Ninh Bình",0.0,5.0,1,0,-1.200000000000017,-0.2400000000000034,234.3,0.5272570530848688,5.0,1,Moving,0,0,0,0,0,VALID,VALID
35H-09245,2026-07-31 15:35:00,233.6,0,"Phường Liêm Tuyền, Tỉnh Ninh Bình",0.0,5.0,1,0,0.5,0.1,234.3,0.549545266586603,5.0,1,Stopped,0,0,0,0,0,VALID,VALID
35H-09245,2026-07-31 15:40:00,232.4,35,"Tỉnh Lộ 494, Phường Phủ Lý, Tỉnh Ninh Bình",0.0,5.0,1,0,-1.1999999999999886,-0.23999999999999772,233.6,0.8142481194499167,5.0,1,Moving,0,0,0,0,0,VALID,VALID
35H-09245,2026-07-31 15:45:00,231.3,55,"Tỉnh Lộ 494, Xã Liêm Hà, Tỉnh Ninh Bình",0.0,5.0,1,0,-1.0999999999999943,-0.21999999999999886,233.1,1.1502173707728918,5.0,1,Moving,0,0,0,0,0,VALID,VALID
35H-09245,2026-07-31 15:50:00,230.9,51,"Lê Hoàn, Phường Phủ Lý, Tỉnh Ninh Bình",0.0,5.0,1,0,-0.4000000000000057,-0.08000000000000114,232.4,1.1502173707728822,5.0,1,Moving,0,0,0,0,0,VALID,VALID
35H-09245,2026-07-31 15:55:00,230.0,40,"Lê Chân, Phường Phù Vân, Tỉnh Ninh Bình",0.0,5.0,1,0,-0.9000000000000057,-0.18000000000000113,231.3,1.3939153489461493,5.0,1,Moving,0,0,0,0,0,VALID,VALID
35H-09245,2026-07-31 16:00:00,226.3,0,"Lê Chân, Phường Phù Vân, Tỉnh Ninh Bình",0.0,5.0,1,0,-3.6999999999999886,-0.7399999999999978,230.9,2.333880888140519,5.0,1,Stopped,0,0,0,0,0,VALID,VALID
35H-09245,2026-07-31 16:05:00,226.6,10,"Phủ Lý - Kiện Khê, Phường Lý Thường Kiệt, Tỉnh Ninh Bình",0.0,5.0,1,0,0.29999999999998295,0.05999999999999659,230.0,2.3952035404172896,5.0,1,Moving,0,0,0,0,0,VALID,VALID
35H-09245,2026-07-31 16:10:00,218.6,0,"Phường Lý Thường Kiệt, Tỉnh Ninh Bình",0.0,5.0,1,0,-8.0,-1.6,226.6,4.849432956545277,5.0,1,Stopped,0,0,0,0,0,VALID,VALID
35H-09245,2026-07-31 16:15:00,218.5,0,"Phường Lý Thường Kiệt, Tỉnh Ninh Bình",0.0,5.0,1,0,-0.09999999999999432,-0.019999999999998862,226.3,5.183145762953945,5.0,1,Stopped,0,0,0,0,0,VALID,VALID
35H-09245,2026-07-31 16:20:00,225.6,0,"Phường Lý Thường Kiệt, Tỉnh Ninh Bình",0.0,5.0,1,0,7.099999999999994,1.4199999999999988,225.6,4.1877201434703615,5.0,1,Stopped,0,0,0,0,0,VALID,VALID
35H-09245,2026-07-31 16:25:00,225.8,0,"Phường Lý Thường Kiệt, Tỉnh Ninh Bình",0.0,5.0,1,0,0.20000000000001705,0.04000000000000341,225.6,4.097804290107989,5.0,1,Stopped,0,0,0,0,0,VALID,VALID
35H-09245,2026-07-31 16:30:00,225.8,0,"Phường Lý Thường Kiệt, Tỉnh Ninh Bình",0.0,5.0,1,0,0.0,0.0,225.6,3.935479640403118,5.0,1,Stopped,0,0,0,0,0,VALID,VALID
35H-09245,2026-07-31 16:35:00,225.8,0,"Phường Lý Thường Kiệt, Tỉnh Ninh Bình",0.0,5.0,1,0,0.0,0.0,225.8,3.243454948049611,5.0,1,Stopped,0,0,0,0,0,VALID,VALID
35H-09245,2026-07-31 16:40:00,225.9,0,"Phường Lý Thường Kiệt, Tỉnh Ninh Bình",0.0,5.0,1,0,0.09999999999999432,0.019999999999998862,225.8,0.10954451162691223,5.0,1,Stopped,0,0,0,0,0,VALID,VALID
35H-09245,2026-07-31 16:45:00,225.9,0,"Phường Lý Thường Kiệt, Tỉnh Ninh Bình",0.0,5.0,1,0,0.0,0.0,225.8,0.05477225600231119,5.0,1,Stopped,0,0,0,0,0,VALID,VALID
35H-09245,2026-07-31 16:50:00,225.9,0,"Phường Lý Thường Kiệt, Tỉnh Ninh Bình",0.0,5.0,1,0,0.0,0.0,225.9,0.05477225600232546,5.0,1,Stopped,0,0,0,0,0,VALID,VALID
35H-09245,2026-07-31 16:55:00,225.9,0,"Phường Lý Thường Kiệt, Tỉnh Ninh Bình",0.0,5.0,1,0,0.0,0.0,225.9,0.04472135985841415,5.0,1,Stopped,0,0,0,0,0,VALID,VALID
35H-09245,2026-07-31 17:00:00,225.9,0,"Phường Lý Thường Kiệt, Tỉnh Ninh Bình",0.0,5.0,1,0,0.0,0.0,225.9,0.0,5.0,1,Stopped,0,0,0,0,0,VALID,VALID
35H-09245,2026-07-31 17:05:00,225.9,0,"Phường Lý Thường Kiệt, Tỉnh Ninh Bình",0.0,5.0,1,0,0.0,0.0,225.9,0.0,5.0,1,Stopped,0,0,0,0,0,VALID,VALID
35H-09245,2026-07-31 17:10:00,225.9,0,"Phường Lý Thường Kiệt, Tỉnh Ninh Bình",0.0,5.0,1,0,0.0,0.0,225.9,0.0,5.0,1,Stopped,0,0,0,0,0,VALID,VALID
35H-09245,2026-07-31 17:15:00,225.9,0,"Phường Lý Thường Kiệt, Tỉnh Ninh Bình",0.0,5.0,1,0,0.0,0.0,225.9,0.0,5.0,1,Stopped,0,0,0,0,0,VALID,VALID
35H-09245,2026-07-31 17:20:00,225.9,0,"Phường Lý Thường Kiệt, Tỉnh Ninh Bình",0.0,5.0,1,0,0.0,0.0,225.9,0.0,5.0,1,Stopped,0,0,0,0,0,VALID,VALID
35H-09245,2026-07-31 17:25:00,225.9,0,"Phường Lý Thường Kiệt, Tỉnh Ninh Bình",0.0,5.0,1,0,0.0,0.0,225.9,0.0,5.0,1,Stopped,0,0,0,0,0,VALID,VALID
35H-09245,2026-07-31 17:30:00,225.9,0,"Phường Lý Thường Kiệt, Tỉnh Ninh Bình",0.0,5.0,1,0,0.0,0.0,225.9,0.0,5.0,1,Stopped,0,0,0,0,0,VALID,VALID
35H-09245,2026-07-31 17:35:00,225.9,0,"Phường Lý Thường Kiệt, Tỉnh Ninh Bình",0.0,5.0,1,0,0.0,0.0,225.9,0.0,5.0,1,Stopped,0,0,0,0,0,VALID,VALID
35H-09245,2026-07-31 17:40:00,226.0,0,"Phường Lý Thường Kiệt, Tỉnh Ninh Bình",0.0,5.0,1,0,0.09999999999999432,0.019999999999998862,225.9,0.0447213598584777,5.0,1,Stopped,0,0,0,0,0,VALID,VALID
35H-09245,2026-07-31 17:45:00,226.0,0,"Phường Lý Thường Kiệt, Tỉnh Ninh Bình",0.0,5.0,1,0,0.0,0.0,225.9,0.05477225600242924,5.0,1,Stopped,0,0,0,0,0,VALID,VALID
35H-09245,2026-07-31 17:50:00,226.0,0,"Phường Lý Thường Kiệt, Tỉnh Ninh Bình",0.0,5.0,1,0,0.0,0.0,226.0,0.054772256002475296,5.0,1,Stopped,0,0,0,0,0,VALID,VALID
35H-09245,2026-07-31 17:55:00,226.0,0,"Phường Lý Thường Kiệt, Tỉnh Ninh Bình",0.0,5.0,1,0,0.0,0.0,226.0,0.04472135985864692,5.0,1,Stopped,0,0,0,0,0,VALID,VALID
35H-09245,2026-07-31 18:00:00,226.0,0,"Phường Lý Thường Kiệt, Tỉnh Ninh Bình",0.0,5.0,1,0,0.0,0.0,226.0,0.0,5.0,1,Stopped,0,0,0,0,0,VALID,VALID
35H-09245,2026-07-31 18:05:00,226.0,0,"Phường Lý Thường Kiệt, Tỉnh Ninh Bình",0.0,5.0,1,0,0.0,0.0,226.0,0.0,5.0,1,Stopped,0,0,0,0,0,VALID,VALID
35H-09245,2026-07-31 18:10:00,226.0,0,"Phường Lý Thường Kiệt, Tỉnh Ninh Bình",0.0,5.0,1,0,0.0,0.0,226.0,0.0,5.0,1,Stopped,0,0,0,0,0,VALID,VALID
35H-09245,2026-07-31 18:15:00,226.0,0,"Phường Lý Thường Kiệt, Tỉnh Ninh Bình",0.0,5.0,1,0,0.0,0.0,226.0,0.0,5.0,1,Stopped,0,0,0,0,0,VALID,VALID
35H-09245,2026-07-31 18:20:00,226.0,0,"Phường Lý Thường Kiệt, Tỉnh Ninh Bình",0.0,5.0,1,0,0.0,0.0,226.0,0.0,5.0,1,Stopped,0,0,0,0,0,VALID,VALID
35H-09245,2026-07-31 18:25:00,226.0,0,"Phường Lý Thường Kiệt, Tỉnh Ninh Bình",0.0,5.0,1,0,0.0,0.0,226.0,0.0,5.0,1,Stopped,0,0,0,0,0,VALID,VALID
35H-09245,2026-07-31 18:30:00,226.0,0,"Phường Lý Thường Kiệt, Tỉnh Ninh Bình",0.0,5.0,1,0,0.0,0.0,226.0,0.0,5.0,1,Stopped,0,0,0,0,0,VALID,VALID
35H-09245,2026-07-31 18:35:00,226.0,0,"Phường Lý Thường Kiệt, Tỉnh Ninh Bình",0.0,5.0,1,0,0.0,0.0,226.0,0.0,5.0,1,Stopped,0,0,0,0,0,VALID,VALID
35H-09245,2026-07-31 18:40:00,226.0,0,"Phường Lý Thường Kiệt, Tỉnh Ninh Bình",0.0,5.0,1,0,0.0,0.0,226.0,0.0,5.0,1,Stopped,0,0,0,0,0,VALID,VALID
35H-09245,2026-07-31 18:45:00,226.0,0,"Phường Lý Thường Kiệt, Tỉnh Ninh Bình",0.0,5.0,1,0,0.0,0.0,226.0,0.0,5.0,1,Stopped,0,0,0,0,0,VALID,VALID
35H-09245,2026-07-31 18:50:00,226.0,0,"Phường Lý Thường Kiệt, Tỉnh Ninh Bình",0.0,5.0,1,0,0.0,0.0,226.0,0.0,5.0,1,Stopped,0,0,0,0,0,VALID,VALID
35H-09245,2026-07-31 18:55:00,226.0,0,"Phường Lý Thường Kiệt, Tỉnh Ninh Bình",0.0,5.0,1,0,0.0,0.0,226.0,0.0,5.0,1,Stopped,0,0,0,0,0,VALID,VALID
35H-09245,2026-07-31 19:00:00,226.0,0,"Phường Lý Thường Kiệt, Tỉnh Ninh Bình",0.0,5.0,1,0,0.0,0.0,226.0,0.0,5.0,1,Stopped,0,0,0,0,0,VALID,VALID
35H-09245,2026-07-31 19:05:00,226.0,0,"Phường Lý Thường Kiệt, Tỉnh Ninh Bình",0.0,5.0,1,0,0.0,0.0,226.0,0.0,5.0,1,Stopped,0,0,0,0,0,VALID,VALID
35H-09245,2026-07-31 19:10:00,226.0,0,"Phường Lý Thường Kiệt, Tỉnh Ninh Bình",0.0,5.0,1,0,0.0,0.0,226.0,0.0,5.0,1,Stopped,0,0,0,0,0,VALID,VALID
35H-09245,2026-07-31 19:15:00,226.0,0,"Phường Lý Thường Kiệt, Tỉnh Ninh Bình",0.0,5.0,1,0,0.0,0.0,226.0,0.0,5.0,1,Stopped,0,0,0,0,0,VALID,VALID
35H-09245,2026-07-31 19:20:00,226.0,0,"Phường Lý Thường Kiệt, Tỉnh Ninh Bình",0.0,5.0,1,0,0.0,0.0,226.0,0.0,5.0,1,Stopped,0,0,0,0,0,VALID,VALID
35H-09245,2026-07-31 19:25:00,226.0,0,"Phường Lý Thường Kiệt, Tỉnh Ninh Bình",0.0,5.0,1,0,0.0,0.0,226.0,0.0,5.0,1,Stopped,0,0,0,0,0,VALID,VALID
35H-09245,2026-07-31 19:30:00,226.0,0,"Phường Lý Thường Kiệt, Tỉnh Ninh Bình",0.0,5.0,1,0,0.0,0.0,226.0,0.0,5.0,1,Stopped,0,0,0,0,0,VALID,VALID
35H-09245,2026-07-31 19:35:00,226.0,0,"Phường Lý Thường Kiệt, Tỉnh Ninh Bình",0.0,5.0,1,0,0.0,0.0,226.0,0.0,5.0,1,Stopped,0,0,0,0,0,VALID,VALID
35H-09245,2026-07-31 19:40:00,226.0,0,"Phường Lý Thường Kiệt, Tỉnh Ninh Bình",0.0,5.0,1,0,0.0,0.0,226.0,0.0,5.0,1,Stopped,0,0,0,0,0,VALID,VALID
35H-09245,2026-07-31 19:45:00,226.0,0,"Phường Lý Thường Kiệt, Tỉnh Ninh Bình",0.0,5.0,1,0,0.0,0.0,226.0,0.0,5.0,1,Stopped,0,0,0,0,0,VALID,VALID
35H-09245,2026-07-31 19:50:00,226.0,0,"Phường Lý Thường Kiệt, Tỉnh Ninh Bình",0.0,5.0,1,0,0.0,0.0,226.0,0.0,5.0,1,Stopped,0,0,0,0,0,VALID,VALID
35H-09245,2026-07-31 19:55:00,226.0,0,"Phường Lý Thường Kiệt, Tỉnh Ninh Bình",0.0,5.0,1,0,0.0,0.0,226.0,0.0,5.0,1,Stopped,0,0,0,0,0,VALID,VALID
35H-09245,2026-07-31 20:00:00,226.2,0,"Phường Lý Thường Kiệt, Tỉnh Ninh Bình",0.0,5.0,1,0,0.19999999999998863,0.039999999999997725,226.0,0.08944271925442931,5.0,1,Stopped,0,0,0,0,0,VALID,VALID
35H-09245,2026-07-31 20:05:00,226.2,0,"Phường Lý Thường Kiệt, Tỉnh Ninh Bình",0.0,5.0,1,0,0.0,0.0,226.0,0.10954451162719746,5.0,1,Stopped,0,0,0,0,0,VALID,VALID
35H-09245,2026-07-31 20:10:00,226.2,0,"Phường Lý Thường Kiệt, Tỉnh Ninh Bình",0.0,5.0,1,0,0.0,0.0,226.2,0.10954451162726946,5.0,1,Stopped,0,0,0,0,0,VALID,VALID
35H-09245,2026-07-31 20:15:00,226.2,0,"Phường Lý Thường Kiệt, Tỉnh Ninh Bình",0.0,5.0,1,0,0.0,0.0,226.2,0.08944271925468553,5.0,1,Stopped,0,0,0,0,0,VALID,VALID
35H-09245,2026-07-31 20:20:00,226.2,0,"Phường Lý Thường Kiệt, Tỉnh Ninh Bình",0.0,5.0,1,0,0.0,0.0,226.2,0.0,5.0,1,Stopped,0,0,0,0,0,VALID,VALID
35H-09245,2026-07-31 20:25:00,226.2,0,"Phường Lý Thường Kiệt, Tỉnh Ninh Bình",0.0,5.0,1,0,0.0,0.0,226.2,0.0,5.0,1,Stopped,0,0,0,0,0,VALID,VALID
35H-09245,2026-07-31 20:30:00,226.2,0,"Phường Lý Thường Kiệt, Tỉnh Ninh Bình",0.0,5.0,1,0,0.0,0.0,226.2,0.0,5.0,1,Stopped,0,0,0,0,0,VALID,VALID
35H-09245,2026-07-31 20:35:00,226.2,0,"Phường Lý Thường Kiệt, Tỉnh Ninh Bình",0.0,5.0,1,0,0.0,0.0,226.2,0.0,5.0,1,Stopped,0,0,0,0,0,VALID,VALID
35H-09245,2026-07-31 20:40:00,226.2,0,"Phường Lý Thường Kiệt, Tỉnh Ninh Bình",0.0,5.0,1,0,0.0,0.0,226.2,0.0,5.0,1,Stopped,0,0,0,0,0,VALID,VALID
35H-09245,2026-07-31 20:45:00,226.2,0,"Phường Lý Thường Kiệt, Tỉnh Ninh Bình",0.0,5.0,1,0,0.0,0.0,226.2,0.0,5.0,1,Stopped,0,0,0,0,0,VALID,VALID
35H-09245,2026-07-31 20:50:00,226.2,0,"Phường Lý Thường Kiệt, Tỉnh Ninh Bình",0.0,5.0,1,0,0.0,0.0,226.2,0.0,5.0,1,Stopped,0,0,0,0,0,VALID,VALID
35H-09245,2026-07-31 20:55:00,226.2,0,"Phường Lý Thường Kiệt, Tỉnh Ninh Bình",0.0,5.0,1,0,0.0,0.0,226.2,0.0,5.0,1,Stopped,0,0,0,0,0,VALID,VALID
35H-09245,2026-07-31 21:00:00,226.2,0,"Phường Lý Thường Kiệt, Tỉnh Ninh Bình",0.0,5.0,1,0,0.0,0.0,226.2,0.0,5.0,1,Stopped,0,0,0,0,0,VALID,VALID
35H-09245,2026-07-31 21:05:00,226.2,0,"Phường Lý Thường Kiệt, Tỉnh Ninh Bình",0.0,5.0,1,0,0.0,0.0,226.2,0.0,5.0,1,Stopped,0,0,0,0,0,VALID,VALID
35H-09245,2026-07-31 21:10:00,226.2,0,"Phường Lý Thường Kiệt, Tỉnh Ninh Bình",0.0,5.0,1,0,0.0,0.0,226.2,0.0,5.0,1,Stopped,0,0,0,0,0,VALID,VALID
35H-09245,2026-07-31 21:15:00,226.2,0,"Phường Lý Thường Kiệt, Tỉnh Ninh Bình",0.0,5.0,1,0,0.0,0.0,226.2,0.0,5.0,1,Stopped,0,0,0,0,0,VALID,VALID
35H-09245,2026-07-31 21:20:00,226.2,0,"Phường Lý Thường Kiệt, Tỉnh Ninh Bình",0.0,5.0,1,0,0.0,0.0,226.2,0.0,5.0,1,Stopped,0,0,0,0,0,VALID,VALID
35H-09245,2026-07-31 21:25:00,226.2,0,"Phường Lý Thường Kiệt, Tỉnh Ninh Bình",0.0,5.0,1,0,0.0,0.0,226.2,0.0,5.0,1,Stopped,0,0,0,0,0,VALID,VALID
35H-09245,2026-07-31 21:30:00,226.2,0,"Phường Lý Thường Kiệt, Tỉnh Ninh Bình",0.0,5.0,1,0,0.0,0.0,226.2,0.0,5.0,1,Stopped,0,0,0,0,0,VALID,VALID
35H-09245,2026-07-31 21:35:00,226.2,0,"Phường Lý Thường Kiệt, Tỉnh Ninh Bình",0.0,5.0,1,0,0.0,0.0,226.2,0.0,5.0,1,Stopped,0,0,0,0,0,VALID,VALID
35H-09245,2026-07-31 21:40:00,226.2,0,"Phường Lý Thường Kiệt, Tỉnh Ninh Bình",0.0,5.0,1,0,0.0,0.0,226.2,0.0,5.0,1,Stopped,0,0,0,0,0,VALID,VALID
35H-09245,2026-07-31 21:45:00,226.2,0,"Phường Lý Thường Kiệt, Tỉnh Ninh Bình",0.0,5.0,1,0,0.0,0.0,226.2,0.0,5.0,1,Stopped,0,0,0,0,0,VALID,VALID
35H-09245,2026-07-31 21:50:00,226.2,0,"Phường Lý Thường Kiệt, Tỉnh Ninh Bình",0.0,5.0,1,0,0.0,0.0,226.2,0.0,5.0,1,Stopped,0,0,0,0,0,VALID,VALID
35H-09245,2026-07-31 21:55:00,226.2,0,"Phường Lý Thường Kiệt, Tỉnh Ninh Bình",0.0,5.0,1,0,0.0,0.0,226.2,0.0,5.0,1,Stopped,0,0,0,0,0,VALID,VALID
35H-09245,2026-07-31 22:00:00,226.2,0,"Phường Lý Thường Kiệt, Tỉnh Ninh Bình",0.0,5.0,1,0,0.0,0.0,226.2,0.0,5.0,1,Stopped,0,0,0,0,0,VALID,VALID
35H-09245,2026-07-31 22:05:00,226.2,0,"Phường Lý Thường Kiệt, Tỉnh Ninh Bình",0.0,5.0,1,0,0.0,0.0,226.2,0.0,5.0,1,Stopped,0,0,0,0,0,VALID,VALID
35H-09245,2026-07-31 22:10:00,226.2,0,"Phường Lý Thường Kiệt, Tỉnh Ninh Bình",0.0,5.0,1,0,0.0,0.0,226.2,0.0,5.0,1,Stopped,0,0,0,0,0,VALID,VALID
35H-09245,2026-07-31 22:15:00,226.2,0,"Phường Lý Thường Kiệt, Tỉnh Ninh Bình",0.0,5.0,1,0,0.0,0.0,226.2,0.0,5.0,1,Stopped,0,0,0,0,0,VALID,VALID
35H-09245,2026-07-31 22:20:00,226.2,0,"Phường Lý Thường Kiệt, Tỉnh Ninh Bình",0.0,5.0,1,0,0.0,0.0,226.2,0.0,5.0,1,Stopped,0,0,0,0,0,VALID,VALID
35H-09245,2026-07-31 22:25:00,226.2,0,"Phường Lý Thường Kiệt, Tỉnh Ninh Bình",0.0,5.0,1,0,0.0,0.0,226.2,0.0,5.0,1,Stopped,0,0,0,0,0,VALID,VALID
35H-09245,2026-07-31 22:30:00,226.3,0,"Phường Lý Thường Kiệt, Tỉnh Ninh Bình",0.0,5.0,1,0,0.10000000000002274,0.02000000000000455,226.2,0.044721359859632805,5.0,1,Stopped,0,0,0,0,0,VALID,VALID
35H-09245,2026-07-31 22:35:00,226.3,0,"Phường Lý Thường Kiệt, Tỉnh Ninh Bình",0.0,5.0,1,0,0.0,0.0,226.2,0.05477225600339962,5.0,1,Stopped,0,0,0,0,0,VALID,VALID
35H-09245,2026-07-31 22:40:00,226.3,0,"Phường Lý Thường Kiệt, Tỉnh Ninh Bình",0.0,5.0,1,0,0.0,0.0,226.3,0.054772256003459946,5.0,1,Stopped,0,0,0,0,0,VALID,VALID
35H-09245,2026-07-31 22:45:00,226.3,0,"Phường Lý Thường Kiệt, Tỉnh Ninh Bình",0.0,5.0,1,0,0.0,0.0,226.3,0.04472135985984809,5.0,1,Stopped,0,0,0,0,0,VALID,VALID
35H-09245,2026-07-31 22:50:00,226.3,0,"Phường Lý Thường Kiệt, Tỉnh Ninh Bình",0.0,5.0,1,0,0.0,0.0,226.3,0.0,5.0,1,Stopped,0,0,0,0,0,VALID,VALID
35H-09245,2026-07-31 22:55:00,226.3,0,"Phường Lý Thường Kiệt, Tỉnh Ninh Bình",0.0,5.0,1,0,0.0,0.0,226.3,0.0,5.0,1,Stopped,0,0,0,0,0,VALID,VALID
35H-09245,2026-07-31 23:00:00,226.3,0,"Phường Lý Thường Kiệt, Tỉnh Ninh Bình",0.0,5.0,1,0,0.0,0.0,226.3,0.0,5.0,1,Stopped,0,0,0,0,0,VALID,VALID
35H-09245,2026-07-31 23:05:00,226.3,0,"Phường Lý Thường Kiệt, Tỉnh Ninh Bình",0.0,5.0,1,0,0.0,0.0,226.3,0.0,5.0,1,Stopped,0,0,0,0,0,VALID,VALID
35H-09245,2026-07-31 23:10:00,226.3,0,"Phường Lý Thường Kiệt, Tỉnh Ninh Bình",0.0,5.0,1,0,0.0,0.0,226.3,0.0,5.0,1,Stopped,0,0,0,0,0,VALID,VALID
35H-09245,2026-07-31 23:15:00,226.3,0,"Phường Lý Thường Kiệt, Tỉnh Ninh Bình",0.0,5.0,1,0,0.0,0.0,226.3,0.0,5.0,1,Stopped,0,0,0,0,0,VALID,VALID
35H-09245,2026-07-31 23:20:00,226.3,0,"Phường Lý Thường Kiệt, Tỉnh Ninh Bình",0.0,5.0,1,0,0.0,0.0,226.3,0.0,5.0,1,Stopped,0,0,0,0,0,VALID,VALID
35H-09245,2026-07-31 23:25:00,226.3,0,"Phường Lý Thường Kiệt, Tỉnh Ninh Bình",0.0,5.0,1,0,0.0,0.0,226.3,0.0,5.0,1,Stopped,0,0,0,0,0,VALID,VALID
35H-09245,2026-07-31 23:30:00,226.3,0,"Phường Lý Thường Kiệt, Tỉnh Ninh Bình",0.0,5.0,1,0,0.0,0.0,226.3,0.0,5.0,1,Stopped,0,0,0,0,0,VALID,VALID
35H-09245,2026-07-31 23:35:00,226.4,0,"Phường Lý Thường Kiệt, Tỉnh Ninh Bình",0.0,5.0,1,0,0.09999999999999432,0.019999999999998862,226.3,0.044721359859960896,5.0,1,Stopped,0,0,0,0,0,VALID,VALID
35H-09245,2026-07-31 23:40:00,226.4,0,"Phường Lý Thường Kiệt, Tỉnh Ninh Bình",0.0,5.0,1,0,0.0,0.0,226.3,0.05477225600365194,5.0,1,Stopped,0,0,0,0,0,VALID,VALID
35H-09245,2026-07-31 23:45:00,226.4,0,"Phường Lý Thường Kiệt, Tỉnh Ninh Bình",0.0,5.0,1,0,0.0,0.0,226.4,0.05477225600370966,5.0,1,Stopped,0,0,0,0,0,VALID,VALID
35H-09245,2026-07-31 23:50:00,226.4,0,"Phường Lý Thường Kiệt, Tỉnh Ninh Bình",0.0,5.0,1,0,0.0,0.0,226.4,0.044721359860173,5.0,1,Stopped,0,0,0,0,0,VALID,VALID
35H-09245,2026-07-31 23:55:00,226.4,0,"Phường Lý Thường Kiệt, Tỉnh Ninh Bình",0.0,5.0,1,0,0.0,0.0,226.4,0.0,5.0,1,Stopped,0,0,0,0,0,VALID,VALID
35H-09245,2026-08-01 00:02:00,226.4,0,"Phường Lý Thường Kiệt, Tỉnh Ninh Bình",0.0,7.0,1,0,0.0,0.0,226.4,0.0,5.0,1,Stopped,0,0,0,0,0,VALID,VALID
35H-09245,2026-08-01 00:07:00,226.4,0,"Phường Lý Thường Kiệt, Tỉnh Ninh Bình",0.0,5.0,1,0,0.0,0.0,226.4,0.0,5.0,1,Stopped,0,0,0,0,0,VALID,VALID
35H-09245,2026-08-01 00:10:00,226.4,0,"Phường Lý Thường Kiệt, Tỉnh Ninh Bình",0.0,3.0,1,0,0.0,0.0,226.4,0.0,5.0,1,Stopped,0,0,0,0,0,VALID,VALID
35H-09245,2026-08-01 00:15:00,226.4,0,"Phường Lý Thường Kiệt, Tỉnh Ninh Bình",0.0,5.0,1,0,0.0,0.0,226.4,0.0,5.0,1,Stopped,0,0,0,0,0,VALID,VALID
35H-09245,2026-08-01 00:20:00,226.3,0,"Phường Lý Thường Kiệt, Tỉnh Ninh Bình",0.0,5.0,1,0,-0.09999999999999432,-0.019999999999998862,226.4,0.044721359860173,5.0,1,Stopped,0,0,0,0,0,VALID,VALID
35H-09245,2026-08-01 00:25:00,226.3,0,"Phường Lý Thường Kiệt, Tỉnh Ninh Bình",0.0,5.0,1,0,0.0,0.0,226.4,0.05477225600370966,5.0,1,Stopped,0,0,0,0,0,VALID,VALID
35H-09245,2026-08-01 00:30:00,226.3,0,"Phường Lý Thường Kiệt, Tỉnh Ninh Bình",0.0,5.0,1,0,0.0,0.0,226.3,0.05477225600365194,5.0,1,Stopped,0,0,0,0,0,VALID,VALID
35H-09245,2026-08-01 00:35:00,226.3,0,"Phường Lý Thường Kiệt, Tỉnh Ninh Bình",0.0,5.0,1,0,0.0,0.0,226.3,0.044721359859960896,5.0,1,Stopped,0,0,0,0,0,VALID,VALID
35H-09245,2026-08-01 00:40:00,226.3,0,"Phường Lý Thường Kiệt, Tỉnh Ninh Bình",0.0,5.0,1,0,0.0,0.0,226.3,0.0,5.0,1,Stopped,0,0,0,0,0,VALID,VALID
35H-09245,2026-08-01 00:45:00,226.3,0,"Phường Lý Thường Kiệt, Tỉnh Ninh Bình",0.0,5.0,1,0,0.0,0.0,226.3,0.0,5.0,1,Stopped,0,0,0,0,0,VALID,VALID
35H-09245,2026-08-01 00:50:00,226.4,0,"Phường Lý Thường Kiệt, Tỉnh Ninh Bình",0.0,5.0,1,0,0.09999999999999432,0.019999999999998862,226.3,0.044721359859960896,5.0,1,Stopped,0,0,0,0,0,VALID,VALID
35H-09245,2026-08-01 00:55:00,226.4,0,"Phường Lý Thường Kiệt, Tỉnh Ninh Bình",0.0,5.0,1,0,0.0,0.0,226.3,0.05477225600365194,5.0,1,Stopped,0,0,0,0,0,VALID,VALID
35H-09245,2026-08-01 01:00:00,226.4,0,"Phường Lý Thường Kiệt, Tỉnh Ninh Bình",0.0,5.0,1,0,0.0,0.0,226.4,0.05477225600370966,5.0,1,Stopped,0,0,0,0,0,VALID,VALID
35H-09245,2026-08-01 01:06:00,226.4,0,"Phường Lý Thường Kiệt, Tỉnh Ninh Bình",0.0,6.0,1,0,0.0,0.0,226.4,0.044721359860173,5.0,1,Stopped,0,0,0,0,0,VALID,VALID
35H-09245,2026-08-01 01:10:00,226.4,0,"Phường Lý Thường Kiệt, Tỉnh Ninh Bình",0.0,4.0,1,0,0.0,0.0,226.4,0.0,5.0,1,Stopped,0,0,0,0,0,VALID,VALID
35H-09245,2026-08-01 01:15:00,226.4,0,"Phường Lý Thường Kiệt, Tỉnh Ninh Bình",0.0,5.0,1,0,0.0,0.0,226.4,0.0,5.0,1,Stopped,0,0,0,0,0,VALID,VALID
35H-09245,2026-08-01 01:20:00,226.4,0,"Phường Lý Thường Kiệt, Tỉnh Ninh Bình",0.0,5.0,1,0,0.0,0.0,226.4,0.0,5.0,1,Stopped,0,0,0,0,0,VALID,VALID
35H-09245,2026-08-01 01:25:00,226.4,0,"Phường Lý Thường Kiệt, Tỉnh Ninh Bình",0.0,5.0,1,0,0.0,0.0,226.4,0.0,5.0,1,Stopped,0,0,0,0,0,VALID,VALID
35H-09245,2026-08-01 01:30:00,226.4,0,"Phường Lý Thường Kiệt, Tỉnh Ninh Bình",0.0,5.0,1,0,0.0,0.0,226.4,0.0,5.0,1,Stopped,0,0,0,0,0,VALID,VALID
35H-09245,2026-08-01 01:35:00,226.4,0,"Phường Lý Thường Kiệt, Tỉnh Ninh Bình",0.0,5.0,1,0,0.0,0.0,226.4,0.0,5.0,1,Stopped,0,0,0,0,0,VALID,VALID
35H-09245,2026-08-01 01:40:00,226.4,0,"Phường Lý Thường Kiệt, Tỉnh Ninh Bình",0.0,5.0,1,0,0.0,0.0,226.4,0.0,5.0,1,Stopped,0,0,0,0,0,VALID,VALID
35H-09245,2026-08-01 01:45:00,226.4,0,"Phường Lý Thường Kiệt, Tỉnh Ninh Bình",0.0,5.0,1,0,0.0,0.0,226.4,0.0,5.0,1,Stopped,0,0,0,0,0,VALID,VALID
35H-09245,2026-08-01 01:50:00,226.4,0,"Phường Lý Thường Kiệt, Tỉnh Ninh Bình",0.0,5.0,1,0,0.0,0.0,226.4,0.0,5.0,1,Stopped,0,0,0,0,0,VALID,VALID
35H-09245,2026-08-01 01:55:00,226.4,0,"Phường Lý Thường Kiệt, Tỉnh Ninh Bình",0.0,5.0,1,0,0.0,0.0,226.4,0.0,5.0,1,Stopped,0,0,0,0,0,VALID,VALID
35H-09245,2026-08-01 02:00:00,226.4,0,"Phường Lý Thường Kiệt, Tỉnh Ninh Bình",0.0,5.0,1,0,0.0,0.0,226.4,0.0,5.0,1,Stopped,0,0,0,0,0,VALID,VALID
35H-09245,2026-08-01 02:05:00,226.4,0,"Phường Lý Thường Kiệt, Tỉnh Ninh Bình",0.0,5.0,1,0,0.0,0.0,226.4,0.0,5.0,1,Stopped,0,0,0,0,0,VALID,VALID
35H-09245,2026-08-01 02:10:00,226.4,0,"Phường Lý Thường Kiệt, Tỉnh Ninh Bình",0.0,5.0,1,0,0.0,0.0,226.4,0.0,5.0,1,Stopped,0,0,0,0,0,VALID,VALID
35H-09245,2026-08-01 02:17:00,226.4,0,"Phường Lý Thường Kiệt, Tỉnh Ninh Bình",0.0,7.0,1,0,0.0,0.0,226.4,0.0,5.0,1,Stopped,0,0,0,0,0,VALID,VALID
35H-09245,2026-08-01 02:22:00,226.4,0,"Phường Lý Thường Kiệt, Tỉnh Ninh Bình",0.0,5.0,1,0,0.0,0.0,226.4,0.0,5.0,1,Stopped,0,0,0,0,0,VALID,VALID
35H-09245,2026-08-01 02:25:00,226.4,0,"Phường Lý Thường Kiệt, Tỉnh Ninh Bình",0.0,3.0,1,0,0.0,0.0,226.4,0.0,5.0,1,Stopped,0,0,0,0,0,VALID,VALID
35H-09245,2026-08-01 02:30:00,226.4,0,"Phường Lý Thường Kiệt, Tỉnh Ninh Bình",0.0,5.0,1,0,0.0,0.0,226.4,0.0,5.0,1,Stopped,0,0,0,0,0,VALID,VALID
35H-09245,2026-08-01 02:35:00,226.4,0,"Phường Lý Thường Kiệt, Tỉnh Ninh Bình",0.0,5.0,1,0,0.0,0.0,226.4,0.0,5.0,1,Stopped,0,0,0,0,0,VALID,VALID
35H-09245,2026-08-01 02:40:00,226.4,0,"Phường Lý Thường Kiệt, Tỉnh Ninh Bình",0.0,5.0,1,0,0.0,0.0,226.4,0.0,5.0,1,Stopped,0,0,0,0,0,VALID,VALID
35H-09245,2026-08-01 02:45:00,226.4,0,"Phường Lý Thường Kiệt, Tỉnh Ninh Bình",0.0,5.0,1,0,0.0,0.0,226.4,0.0,5.0,1,Stopped,0,0,0,0,0,VALID,VALID
35H-09245,2026-08-01 02:50:00,226.4,0,"Phường Lý Thường Kiệt, Tỉnh Ninh Bình",0.0,5.0,1,0,0.0,0.0,226.4,0.0,5.0,1,Stopped,0,0,0,0,0,VALID,VALID
35H-09245,2026-08-01 02:55:00,226.4,0,"Phường Lý Thường Kiệt, Tỉnh Ninh Bình",0.0,5.0,1,0,0.0,0.0,226.4,0.0,5.0,1,Stopped,0,0,0,0,0,VALID,VALID
35H-09245,2026-08-01 03:00:00,226.4,0,"Phường Lý Thường Kiệt, Tỉnh Ninh Bình",0.0,5.0,1,0,0.0,0.0,226.4,0.0,5.0,1,Stopped,0,0,0,0,0,VALID,VALID
35H-09245,2026-08-01 03:05:00,226.4,0,"Phường Lý Thường Kiệt, Tỉnh Ninh Bình",0.0,5.0,1,0,0.0,0.0,226.4,0.0,5.0,1,Stopped,0,0,0,0,0,VALID,VALID
35H-09245,2026-08-01 03:10:00,226.4,0,"Phường Lý Thường Kiệt, Tỉnh Ninh Bình",0.0,5.0,1,0,0.0,0.0,226.4,0.0,5.0,1,Stopped,0,0,0,0,0,VALID,VALID
35H-09245,2026-08-01 03:15:00,226.4,0,"Phường Lý Thường Kiệt, Tỉnh Ninh Bình",0.0,5.0,1,0,0.0,0.0,226.4,0.0,5.0,1,Stopped,0,0,0,0,0,VALID,VALID
35H-09245,2026-08-01 03:20:00,226.4,0,"Phường Lý Thường Kiệt, Tỉnh Ninh Bình",0.0,5.0,1,0,0.0,0.0,226.4,0.0,5.0,1,Stopped,0,0,0,0,0,VALID,VALID
35H-09245,2026-08-01 03:25:00,226.4,0,"Phường Lý Thường Kiệt, Tỉnh Ninh Bình",0.0,5.0,1,0,0.0,0.0,226.4,0.0,5.0,1,Stopped,0,0,0,0,0,VALID,VALID
35H-09245,2026-08-01 03:30:00,226.4,0,"Phường Lý Thường Kiệt, Tỉnh Ninh Bình",0.0,5.0,1,0,0.0,0.0,226.4,0.0,5.0,1,Stopped,0,0,0,0,0,VALID,VALID
35H-09245,2026-08-01 03:35:00,226.4,0,"Phường Lý Thường Kiệt, Tỉnh Ninh Bình",0.0,5.0,1,0,0.0,0.0,226.4,0.0,5.0,1,Stopped,0,0,0,0,0,VALID,VALID
35H-09245,2026-08-01 03:40:00,226.4,0,"Phường Lý Thường Kiệt, Tỉnh Ninh Bình",0.0,5.0,1,0,0.0,0.0,226.4,0.0,5.0,1,Stopped,0,0,0,0,0,VALID,VALID
35H-09245,2026-08-01 03:45:00,226.4,0,"Phường Lý Thường Kiệt, Tỉnh Ninh Bình",0.0,5.0,1,0,0.0,0.0,226.4,0.0,5.0,1,Stopped,0,0,0,0,0,VALID,VALID
35H-09245,2026-08-01 03:50:00,226.4,0,"Phường Lý Thường Kiệt, Tỉnh Ninh Bình",0.0,5.0,1,0,0.0,0.0,226.4,0.0,5.0,1,Stopped,0,0,0,0,0,VALID,VALID
35H-09245,2026-08-01 03:55:00,226.4,0,"Phường Lý Thường Kiệt, Tỉnh Ninh Bình",0.0,5.0,1,0,0.0,0.0,226.4,0.0,5.0,1,Stopped,0,0,0,0,0,VALID,VALID
35H-09245,2026-08-01 04:00:00,226.4,0,"Phường Lý Thường Kiệt, Tỉnh Ninh Bình",0.0,5.0,1,0,0.0,0.0,226.4,0.0,5.0,1,Stopped,0,0,0,0,0,VALID,VALID
35H-09245,2026-08-01 04:05:00,226.2,0,"Phường Lý Thường Kiệt, Tỉnh Ninh Bình",0.0,5.0,1,0,-0.20000000000001705,-0.04000000000000341,226.4,0.08944271925504381,5.0,1,Stopped,0,0,0,0,0,VALID,VALID
35H-09245,2026-08-01 04:10:00,225.4,0,"Phường Lý Thường Kiệt, Tỉnh Ninh Bình",0.0,5.0,1,0,-0.799999999999983,-0.1599999999999966,226.4,0.43358966780546077,5.0,1,Stopped,0,0,0,0,0,VALID,VALID
35H-09245,2026-08-01 04:15:00,225.3,0,"Phường Lý Thường Kiệt, Tỉnh Ninh Bình",0.0,5.0,1,0,-0.09999999999999432,-0.019999999999998862,226.2,0.5458937625834832,5.0,1,Stopped,0,0,0,0,0,VALID,VALID
35H-09245,2026-08-01 04:20:00,225.1,0,"Phường Lý Thường Kiệt, Tỉnh Ninh Bình",0.0,5.0,1,0,-0.20000000000001705,-0.04000000000000341,225.4,0.5805170109716369,5.0,1,Stopped,0,0,0,0,0,VALID,VALID
35H-09245,2026-08-01 04:27:00,224.9,0,"Phường Lý Thường Kiệt, Tỉnh Ninh Bình",0.0,7.0,1,0,-0.19999999999998863,-0.028571428571426947,225.3,0.49699094561905366,5.0,1,Stopped,0,0,0,0,0,VALID,VALID
35H-09245,2026-08-01 04:32:00,224.9,0,"Phường Lý Thường Kiệt, Tỉnh Ninh Bình",0.0,5.0,1,0,0.0,0.0,225.1,0.22803508507953307,5.0,1,Stopped,0,0,0,0,0,VALID,VALID
35H-09245,2026-08-01 04:35:00,225.1,0,"Phường Lý Thường Kiệt, Tỉnh Ninh Bình",0.0,3.0,1,0,0.19999999999998863,0.06666666666666288,225.1,0.16733200538811763,5.0,1,Stopped,0,0,0,0,0,VALID,VALID
35H-09245,2026-08-01 04:41:00,225.6,0,"Phường Lý Thường Kiệt, Tỉnh Ninh Bình",0.0,6.0,1,0,0.5,0.08333333333333333,225.1,0.28635642131306627,5.0,1,Stopped,0,0,0,0,0,VALID,VALID
35H-09245,2026-08-01 04:45:00,225.7,0,"Phường Lý Thường Kiệt, Tỉnh Ninh Bình",0.0,4.0,1,0,0.09999999999999432,0.02499999999999858,225.1,0.3847076812688613,5.0,1,Stopped,0,0,0,0,0,VALID,VALID
35H-09245,2026-08-01 04:50:00,225.6,0,"Phường Lý Thường Kiệt, Tỉnh Ninh Bình",0.0,5.0,1,0,-0.09999999999999432,-0.019999999999998862,225.6,0.35637059366243146,5.0,1,Stopped,0,0,0,0,0,VALID,VALID
35H-09245,2026-08-01 04:55:00,225.6,0,"Phường Lý Thường Kiệt, Tỉnh Ninh Bình",0.0,5.0,1,0,0.0,0.0,225.6,0.2387467277835746,5.0,1,Stopped,0,0,0,0,0,VALID,VALID
35H-09245,2026-08-01 05:00:00,225.5,0,"Phường Lý Thường Kiệt, Tỉnh Ninh Bình",0.0,5.0,1,0,-0.09999999999999432,-0.019999999999998862,225.6,0.07071067831232607,5.0,1,Stopped,0,0,0,0,0,VALID,VALID
35H-09245,2026-08-01 05:05:00,225.5,0,"Phường Lý Thường Kiệt, Tỉnh Ninh Bình",0.0,5.0,1,0,0.0,0.0,225.6,0.08366600281704926,5.0,1,Stopped,0,0,0,0,0,VALID,VALID
35H-09245,2026-08-01 05:10:00,225.4,0,"Phường Lý Thường Kiệt, Tỉnh Ninh Bình",0.0,5.0,1,0,-0.09999999999999432,-0.019999999999998862,225.5,0.08366600281693588,5.0,1,Stopped,0,0,0,0,0,VALID,VALID
35H-09245,2026-08-01 05:15:00,225.4,0,"Phường Lý Thường Kiệt, Tỉnh Ninh Bình",0.0,5.0,1,0,0.0,0.0,225.5,0.08366600281685689,5.0,1,Stopped,0,0,0,0,0,VALID,VALID
35H-09245,2026-08-01 05:20:00,225.4,0,"Phường Lý Thường Kiệt, Tỉnh Ninh Bình",0.0,5.0,1,0,0.0,0.0,225.4,0.05477225600008025,5.0,1,Stopped,0,0,0,0,0,VALID,VALID
35H-09245,2026-08-01 05:25:00,225.3,0,"Phường Lý Thường Kiệt, Tỉnh Ninh Bình",0.0,5.0,1,0,-0.09999999999999432,-0.019999999999998862,225.4,0.07071067831187085,5.0,1,Stopped,0,0,0,0,0,VALID,VALID
35H-09245,2026-08-01 05:30:00,227.6,16,"Phường Lý Thường Kiệt, Tỉnh Ninh Bình",0.0,5.0,1,0,2.299999999999983,0.4599999999999966,225.4,0.9959919678528886,5.0,1,Moving,0,0,0,0,0,VALID,VALID
35H-09245,2026-08-01 05:35:00,222.9,50,"Phường Lý Thường Kiệt, Tỉnh Ninh Bình",0.0,5.0,1,0,-4.699999999999989,-0.9399999999999977,225.4,1.663430190908917,5.0,1,Moving,0,0,0,0,0,VALID,VALID
35H-09245,2026-08-01 05:40:00,221.6,39,"Phường Lý Thường Kiệt, Tỉnh Ninh Bình",0.0,5.0,1,0,-1.3000000000000114,-0.2600000000000023,225.3,2.3458473948718424,5.0,1,Moving,0,0,0,0,0,VALID,VALID
35H-09245,2026-08-01 05:45:00,218.9,52,"Phường Lê Hồ, Tỉnh Ninh Bình",0.0,5.0,1,0,-2.6999999999999886,-0.5399999999999977,222.9,3.350074626038429,5.0,1,Moving,0,0,0,0,0,VALID,VALID
35H-09245,2026-08-01 05:50:00,217.6,52,"Phường Hà Nam, Tỉnh Ninh Bình",0.0,5.0,1,0,-1.3000000000000114,-0.2600000000000023,221.6,3.902178878527469,5.0,1,Moving,0,0,0,0,0,VALID,VALID
35H-09245,2026-08-01 05:55:00,215.4,44,"Phường Hà Nam, Tỉnh Ninh Bình",0.0,5.0,1,0,-2.1999999999999886,-0.4399999999999977,218.9,3.021092517620873,5.0,1,Moving,0,0,0,0,0,VALID,VALID
35H-09245,2026-08-01 06:00:00,213.1,45,"Cầu vượt Vực Vòng, Phường Đồng Văn, Tỉnh Ninh Bình",0.0,5.0,1,0,-2.3000000000000114,-0.4600000000000023,217.6,3.255303365283174,5.0,1,Moving,0,0,0,0,0,VALID,VALID
35H-09245,2026-08-01 06:05:00,210.8,35,"Quốc Lộ 38, Phường Đồng Văn, Tỉnh Ninh Bình",0.0,5.0,1,0,-2.299999999999983,-0.4599999999999966,215.4,3.288312637208174,5.0,1,Moving,0,0,0,0,0,VALID,VALID
35H-09245,2026-08-01 06:10:00,211.6,0,"Cầu Hòa Mạc, Phường Duy Tân, Tỉnh Ninh Bình",0.0,5.0,1,0,0.799999999999983,0.1599999999999966,213.1,2.796426290825912,5.0,1,Stopped,0,0,0,0,0,VALID,VALID
35H-09245,2026-08-01 06:15:00,207.8,0,"Quốc Lộ 38, Phường Duy Tân, Tỉnh Ninh Bình",0.0,5.0,1,0,-3.799999999999983,-0.7599999999999966,211.6,2.813894098935063,5.0,1,Stopped,0,0,0,0,0,VALID,VALID
35H-09245,2026-08-01 06:20:00,209.1,0,"Quốc Lộ 38, Phường Duy Tân, Tỉnh Ninh Bình",0.0,5.0,1,0,1.299999999999983,0.25999999999999657,210.8,2.0801442257740295,5.0,1,Stopped,0,0,0,0,0,VALID,VALID
35H-09245,2026-08-01 06:25:00,209.1,0,"Quốc Lộ 38, Phường Duy Tân, Tỉnh Ninh Bình",0.0,5.0,1,0,0.0,0.0,209.1,1.5122830422975297,5.0,1,Stopped,0,0,0,0,0,VALID,VALID
35H-09245,2026-08-01 06:30:00,208.8,0,"Quốc Lộ 38, Phường Duy Tân, Tỉnh Ninh Bình",0.0,5.0,1,0,-0.29999999999998295,-0.05999999999999659,209.1,1.402497771841533,5.0,1,Stopped,0,0,0,0,0,VALID,VALID
35H-09245,2026-08-01 06:35:00,208.2,0,"Quốc Lộ 38, Phường Duy Tân, Tỉnh Ninh Bình",0.0,5.0,1,0,-0.6000000000000227,-0.12000000000000455,208.8,0.5787918451569128,5.0,1,Stopped,0,0,0,0,0,VALID,VALID
35H-09245,2026-08-01 06:40:00,208.2,0,"Quốc Lộ 38, Phường Duy Tân, Tỉnh Ninh Bình",0.0,5.0,1,0,0.0,0.0,208.8,0.45497252666528315,5.0,1,Stopped,0,0,0,0,0,VALID,VALID
35H-09245,2026-08-01 06:45:00,208.6,0,"Quốc Lộ 38, Phường Duy Tân, Tỉnh Ninh Bình",0.0,5.0,1,0,0.4000000000000057,0.08000000000000114,208.6,0.389871773818186,5.0,1,Stopped,0,0,0,0,0,VALID,VALID
35H-09245,2026-08-01 06:50:00,209.3,0,"Quốc Lộ 38, Phường Duy Tân, Tỉnh Ninh Bình",0.0,5.0,1,0,0.700000000000017,0.1400000000000034,208.6,0.46043457735075444,5.0,1,Stopped,0,0,0,0,0,VALID,VALID
35H-09245,2026-08-01 06:55:00,208.4,34,"Cầu Hòa Mạc, Phường Duy Tân, Tỉnh Ninh Bình",0.0,5.0,1,0,-0.9000000000000057,-0.18000000000000113,208.4,0.456070170061713,5.0,1,Moving,0,0,0,0,0,VALID,VALID
35H-09245,2026-08-01 07:00:00,205.6,40,"Quốc Lộ 38, Phường Đồng Văn, Tỉnh Ninh Bình",0.0,5.0,1,0,-2.8000000000000114,-0.5600000000000023,208.4,1.41492049247293,5.0,1,Moving,0,0,0,0,0,VALID,VALID
35H-09245,2026-08-01 07:05:00,206.8,31,Trạm Thu phí Vực Vòng,0.0,5.0,1,0,1.200000000000017,0.2400000000000034,208.4,1.5059880477678713,5.0,1,Moving,0,0,0,0,0,VALID,VALID
35H-09245,2026-08-01 07:10:00,206.6,0,"Phường Hà Nam, Tỉnh Ninh Bình",0.0,5.0,1,0,-0.20000000000001705,-0.04000000000000341,206.8,1.4859340496870874,5.0,1,Stopped,0,0,0,0,0,VALID,VALID
35H-09245,2026-08-01 07:15:00,205.8,0,"Phường Hà Nam, Tỉnh Ninh Bình",0.0,5.0,1,0,-0.799999999999983,-0.1599999999999966,206.6,1.1081516141841992,5.0,1,Stopped,0,0,0,0,0,VALID,VALID
35H-09245,2026-08-01 07:20:00,205.8,0,"Phường Hà Nam, Tỉnh Ninh Bình",0.0,5.0,1,0,0.0,0.0,205.8,0.5403702434615825,5.0,1,Stopped,0,0,0,0,0,VALID,VALID
35H-09245,2026-08-01 07:25:00,205.5,30,"Phường Hà Nam, Tỉnh Ninh Bình",0.0,5.0,1,0,-0.30000000000001137,-0.060000000000002274,205.8,0.5656854249657799,5.0,1,Moving,0,0,0,0,0,VALID,VALID
35H-09245,2026-08-01 07:30:00,203.6,49,"Phường Hà Nam, Tỉnh Ninh Bình",0.0,5.0,1,0,-1.9000000000000057,-0.3800000000000011,205.8,1.1171392035097187,5.0,1,Moving,0,0,0,0,0,VALID,VALID
35H-09245,2026-08-01 07:35:00,202.1,40,"Phường Phủ Lý, Tỉnh Ninh Bình",0.0,5.0,1,0,-1.5,-0.3,205.5,1.6531787562202056,5.0,1,Moving,0,0,0,0,0,VALID,VALID
35H-09245,2026-08-01 07:40:00,202.1,0,"Đinh Tiên Hoàng, Phường Phủ Lý, Tỉnh Ninh Bình",0.0,5.0,1,0,0.0,0.0,203.6,1.7824140933064103,5.0,1,Stopped,0,0,0,0,0,VALID,VALID
35H-09245,2026-08-01 07:45:00,199.7,56,"Quốc Lộ 21, Xã Liêm Hà, Tỉnh Ninh Bình",0.0,5.0,1,0,-2.4000000000000057,-0.48000000000000115,202.1,2.14009345590713,5.0,1,Moving,0,0,0,0,0,VALID,VALID
35H-09245,2026-08-01 07:50:00,198.4,24,"Trần Hưng Đạo, Xã Bình Mỹ, Tỉnh Ninh Bình",0.0,5.0,1,0,-1.299999999999983,-0.25999999999999657,202.1,2.0897368255394153,5.0,1,Moving,0,0,0,0,0,VALID,VALID
35H-09245,2026-08-01 07:55:00,197.7,36,"Quốc Lộ 37B, Xã Bình Mỹ, Tỉnh Ninh Bình",0.0,5.0,1,0,-0.700000000000017,-0.1400000000000034,199.7,2.0469489490494737,5.0,1,Moving,0,0,0,0,0,VALID,VALID
35H-09245,2026-08-01 08:00:00,195.7,55,"Xã Bình Sơn, Tỉnh Ninh Bình",0.0,5.0,1,0,-2.0,-0.4,198.4,2.379495744903502,5.0,1,Moving,0,0,0,0,0,VALID,VALID
35H-09245,2026-08-01 08:05:00,197.3,0,"Quốc Lộ 37B, Xã Bình Mỹ, Tỉnh Ninh Bình",0.0,5.0,1,0,1.6000000000000227,0.32000000000000456,197.7,1.4690132742808053,5.0,1,Stopped,0,0,0,0,0,VALID,VALID
35H-09245,2026-08-01 08:10:00,197.4,0,"Quốc Lộ 37B, Xã Bình Mỹ, Tỉnh Ninh Bình",0.0,5.0,1,0,0.09999999999999432,0.019999999999998862,197.4,0.9924716620704688,5.0,1,Stopped,0,0,0,0,0,VALID,VALID
35H-09245,2026-08-01 08:15:00,197.4,0,"Quốc Lộ 37B, Xã Bình Mỹ, Tỉnh Ninh Bình",0.0,5.0,1,0,0.0,0.0,197.4,0.7968688725334802,5.0,1,Stopped,0,0,0,0,0,VALID,VALID
35H-09245,2026-08-01 08:20:00,197.4,0,"Quốc Lộ 37B, Xã Bình Mỹ, Tỉnh Ninh Bình",0.0,5.0,1,0,0.0,0.0,197.4,0.7503332593006563,5.0,1,Stopped,0,0,0,0,0,VALID,VALID
35H-09245,2026-08-01 08:25:00,197.4,0,"Quốc Lộ 37B, Xã Bình Mỹ, Tỉnh Ninh Bình",0.0,5.0,1,0,0.0,0.0,197.4,0.04472135969495497,5.0,1,Stopped,0,0,0,0,0,VALID,VALID
35H-09245,2026-08-01 08:30:00,197.4,0,"Quốc Lộ 37B, Xã Bình Mỹ, Tỉnh Ninh Bình",0.0,5.0,1,0,0.0,0.0,197.4,0.0,5.0,1,Stopped,0,0,0,0,0,VALID,VALID
35H-09245,2026-08-01 08:35:00,197.4,0,"Quốc Lộ 37B, Xã Bình Mỹ, Tỉnh Ninh Bình",0.0,5.0,1,0,0.0,0.0,197.4,0.0,5.0,1,Stopped,0,0,0,0,0,VALID,VALID
35H-09245,2026-08-01 08:40:00,197.4,0,"Quốc Lộ 37B, Xã Bình Mỹ, Tỉnh Ninh Bình",0.0,5.0,1,0,0.0,0.0,197.4,0.0,5.0,1,Stopped,0,0,0,0,0,VALID,VALID
35H-09245,2026-08-01 08:45:00,197.4,0,"Quốc Lộ 37B, Xã Bình Mỹ, Tỉnh Ninh Bình",0.0,5.0,1,0,0.0,0.0,197.4,0.0,5.0,1,Stopped,0,0,0,0,0,VALID,VALID
35H-09245,2026-08-01 08:50:00,197.4,0,"Quốc Lộ 37B, Xã Bình Mỹ, Tỉnh Ninh Bình",0.0,5.0,1,0,0.0,0.0,197.4,0.0,5.0,1,Stopped,0,0,0,0,0,VALID,VALID
35H-09245,2026-08-01 08:55:00,197.4,0,"Quốc Lộ 37B, Xã Bình Mỹ, Tỉnh Ninh Bình",0.0,5.0,1,0,0.0,0.0,197.4,0.0,5.0,1,Stopped,0,0,0,0,0,VALID,VALID
35H-09245,2026-08-01 09:00:00,195.1,50,"Quốc Lộ 37B, Xã Bình Mỹ, Tỉnh Ninh Bình",0.0,5.0,1,0,-2.3000000000000114,-0.4600000000000023,197.4,1.028591269656054,5.0,1,Moving,0,0,0,0,0,VALID,VALID
35H-09245,2026-08-01 09:05:00,194.6,28,"Trần Hưng Đạo, Xã Bình Mỹ, Tỉnh Ninh Bình",0.0,5.0,1,0,-0.5,-0.1,197.4,1.4078352176345987,5.0,1,Moving,0,0,0,0,0,VALID,VALID
35H-09245,2026-08-01 09:10:00,194.8,0,"Đường Huyện 01, Xã Bình Mỹ, Tỉnh Ninh Bình",0.0,5.0,1,0,0.20000000000001705,0.04000000000000341,195.1,1.4170391667176545,5.0,1,Stopped,0,0,0,0,0,VALID,VALID
35H-09245,2026-08-01 09:15:00,193.8,0,"Nam Định - Phủ Lý, Xã Bình Mỹ, Tỉnh Ninh Bình",0.0,5.0,1,0,-1.0,-0.2,194.8,1.352035502496629,5.0,1,Stopped,0,0,0,0,0,VALID,VALID
35H-09245,2026-08-01 09:20:00,192.9,45,"Ngô Gia Bẩy, Xã Bình Mỹ, Tỉnh Ninh Bình",0.0,5.0,1,0,-0.9000000000000057,-0.18000000000000113,194.6,0.8905054744416906,5.0,1,Moving,0,0,0,0,0,VALID,VALID
35H-09245,2026-08-01 09:25:00,192.2,37,"Quốc Lộ 21, Xã Liêm Hà, Tỉnh Ninh Bình",0.0,5.0,1,0,-0.700000000000017,-0.1400000000000034,193.8,1.1081516141802117,5.0,1,Moving,0,0,0,0,0,VALID,VALID
35H-09245,2026-08-01 09:30:00,192.0,47,"Tỉnh Lộ 494, Phường Phủ Lý, Tỉnh Ninh Bình",0.0,5.0,1,0,-0.19999999999998863,-0.039999999999997725,192.9,1.165332570560797,5.0,1,Moving,0,0,0,0,0,VALID,VALID
35H-09245,2026-08-01 09:35:00,190.2,46,"Quốc Lộ 1, Xã Liêm Hà, Tỉnh Ninh Bình",0.0,5.0,1,0,-1.8000000000000114,-0.36000000000000226,192.2,1.331164903386932,5.0,1,Moving,0,0,0,0,0,VALID,VALID
35H-09245,2026-08-01 09:40:00,188.4,0,"Lê Hoàn, Phường Phủ Lý, Tỉnh Ninh Bình",0.0,5.0,1,0,-1.799999999999983,-0.3599999999999966,192.0,1.8270194306597412,5.0,1,Stopped,0,0,0,0,0,VALID,VALID
35H-09245,2026-08-01 09:45:00,190.1,0,"Lê Chân, Phường Phù Vân, Tỉnh Ninh Bình",0.0,5.0,1,0,1.6999999999999886,0.33999999999999775,190.2,1.5626899884518948,5.0,1,Stopped,0,0,0,0,0,VALID,VALID
35H-09245,2026-08-01 09:50:00,189.3,0,"Lê Chân, Phường Phù Vân, Tỉnh Ninh Bình",0.0,5.0,1,0,-0.799999999999983,-0.1599999999999966,190.1,1.332291259450165,5.0,1,Stopped,0,0,0,0,0,VALID,VALID
35H-09245,2026-08-01 09:55:00,188.1,0,"Phủ Lý - Kiện Khê, Phường Lý Thường Kiệt, Tỉnh Ninh Bình",0.0,5.0,1,0,-1.200000000000017,-0.2400000000000034,189.3,0.9576011695933987,5.0,1,Stopped,0,0,0,0,0,VALID,VALID
35H-09245,2026-08-01 10:00:00,187.4,20,"Phan Trọng Tuệ, Phường Lý Thường Kiệt, Tỉnh Ninh Bình",0.0,5.0,1,0,-0.6999999999999886,-0.13999999999999774,188.4,1.0549881515951565,5.0,1,Moving,0,0,0,0,0,VALID,VALID
35H-09245,2026-08-01 10:05:00,186.3,0,"Phan Trọng Tuệ, Phường Lý Thường Kiệt, Tỉnh Ninh Bình",0.0,5.0,1,0,-1.0999999999999943,-0.21999999999999886,188.1,1.5059880477632612,5.0,1,Stopped,0,0,0,0,0,VALID,VALID
35H-09245,2026-08-01 10:10:00,185.4,0,"Phường Lý Thường Kiệt, Tỉnh Ninh Bình",0.0,5.0,1,0,-0.9000000000000057,-0.18000000000000113,187.4,1.5215124054719416,5.0,1,Stopped,0,0,0,0,0,VALID,VALID
35H-09245,2026-08-01 10:15:00,185.4,0,"Phường Lý Thường Kiệt, Tỉnh Ninh Bình",0.0,5.0,1,0,0.0,0.0,186.3,1.2070625501623156,5.0,1,Stopped,0,0,0,0,0,VALID,VALID
35H-09245,2026-08-01 10:20:00,185.4,0,"Phường Lý Thường Kiệt, Tỉnh Ninh Bình",0.0,5.0,1,0,0.0,0.0,185.4,0.8843076387795815,5.0,1,Stopped,0,0,0,0,0,VALID,VALID
35H-09245,2026-08-01 10:25:00,186.4,0,"Phường Lý Thường Kiệt, Tỉnh Ninh Bình",0.0,5.0,1,0,1.0,0.2,185.4,0.5215361924198106,5.0,1,Stopped,0,0,0,0,0,VALID,VALID
35H-09245,2026-08-01 10:30:00,186.4,0,"Phường Lý Thường Kiệt, Tỉnh Ninh Bình",0.0,5.0,1,0,0.0,0.0,185.4,0.547722557508604,5.0,1,Stopped,0,0,0,0,0,VALID,VALID
35H-09245,2026-08-01 10:35:00,186.4,0,"Phường Lý Thường Kiệt, Tỉnh Ninh Bình",0.0,5.0,1,0,0.0,0.0,186.4,0.5477225575087397,5.0,1,Stopped,0,0,0,0,0,VALID,VALID
35H-09245,2026-08-01 10:40:00,186.4,0,"Phường Lý Thường Kiệt, Tỉnh Ninh Bình",0.0,5.0,1,0,0.0,0.0,186.4,0.447213595504499,5.0,1,Stopped,0,0,0,0,0,VALID,VALID
35H-09245,2026-08-01 10:45:00,186.4,0,"Phường Lý Thường Kiệt, Tỉnh Ninh Bình",0.0,5.0,1,0,0.0,0.0,186.4,0.0,5.0,1,Stopped,0,0,0,0,0,VALID,VALID
35H-09245,2026-08-01 10:50:00,186.4,0,"Phường Lý Thường Kiệt, Tỉnh Ninh Bình",0.0,5.0,1,0,0.0,0.0,186.4,0.0,5.0,1,Stopped,0,0,0,0,0,VALID,VALID
35H-09245,2026-08-01 10:55:00,186.4,0,"Phường Lý Thường Kiệt, Tỉnh Ninh Bình",0.0,5.0,1,0,0.0,0.0,186.4,0.0,5.0,1,Stopped,0,0,0,0,0,VALID,VALID
35H-09245,2026-08-01 11:00:00,186.4,0,"Phường Lý Thường Kiệt, Tỉnh Ninh Bình",0.0,5.0,1,0,0.0,0.0,186.4,0.0,5.0,1,Stopped,0,0,0,0,0,VALID,VALID
35H-09245,2026-08-01 11:05:00,186.4,0,"Phường Lý Thường Kiệt, Tỉnh Ninh Bình",0.0,5.0,1,0,0.0,0.0,186.4,0.0,5.0,1,Stopped,0,0,0,0,0,VALID,VALID
35H-09245,2026-08-01 11:10:00,186.4,0,"Phường Lý Thường Kiệt, Tỉnh Ninh Bình",0.0,5.0,1,0,0.0,0.0,186.4,0.0,5.0,1,Stopped,0,0,0,0,0,VALID,VALID
35H-09245,2026-08-01 11:15:00,186.4,0,"Phường Lý Thường Kiệt, Tỉnh Ninh Bình",0.0,5.0,1,0,0.0,0.0,186.4,0.0,5.0,1,Stopped,0,0,0,0,0,VALID,VALID
35H-09245,2026-08-01 11:20:00,186.4,0,"Phường Lý Thường Kiệt, Tỉnh Ninh Bình",0.0,5.0,1,0,0.0,0.0,186.4,0.0,5.0,1,Stopped,0,0,0,0,0,VALID,VALID
35H-09245,2026-08-01 11:25:00,185.7,0,"Phường Lý Thường Kiệt, Tỉnh Ninh Bình",0.0,5.0,1,0,-0.700000000000017,-0.1400000000000034,186.4,0.31304951685653853,5.0,1,Stopped,0,0,0,0,0,VALID,VALID
35H-09245,2026-08-01 11:30:00,185.7,0,"Phường Lý Thường Kiệt, Tỉnh Ninh Bình",0.0,5.0,1,0,0.0,0.0,186.4,0.38340579025884397,5.0,1,Stopped,0,0,0,0,0,VALID,VALID
35H-09245,2026-08-01 11:35:00,185.6,0,"Phường Lý Thường Kiệt, Tỉnh Ninh Bình",0.0,5.0,1,0,-0.09999999999999432,-0.019999999999998862,185.7,0.40373258476853935,5.0,1,Stopped,0,0,0,0,0,VALID,VALID
35H-09245,2026-08-01 11:40:00,186.0,0,"Phường Lý Thường Kiệt, Tỉnh Ninh Bình",0.0,5.0,1,0,0.4000000000000057,0.08000000000000114,185.7,0.32710854468176664,5.0,1,Stopped,0,0,0,0,0,VALID,VALID
35H-09245,2026-08-01 11:45:00,185.9,0,"Phường Lý Thường Kiệt, Tỉnh Ninh Bình",0.0,5.0,1,0,-0.09999999999999432,-0.019999999999998862,185.7,0.16431676726295705,5.0,1,Stopped,0,0,0,0,0,VALID,VALID
35H-09245,2026-08-01 11:50:00,183.5,0,"Phường Lý Thường Kiệt, Tỉnh Ninh Bình",0.0,5.0,1,0,-2.4000000000000057,-0.48000000000000115,185.7,1.0406728592614667,5.0,1,Stopped,0,0,0,0,0,VALID,VALID
35H-09245,2026-08-01 11:55:00,183.6,0,"Phường Lý Thường Kiệt, Tỉnh Ninh Bình",0.0,5.0,1,0,0.09999999999999432,0.019999999999998862,185.6,1.2597618822631353,5.0,1,Stopped,0,0,0,0,0,VALID,VALID
35H-09245,2026-08-01 12:00:00,183.6,0,"Phường Lý Thường Kiệt, Tỉnh Ninh Bình",0.0,5.0,1,0,0.0,0.0,183.6,1.3065221008474714,5.0,1,Stopped,0,0,0,0,0,VALID,VALID
35H-09245,2026-08-01 12:05:00,184.9,0,"Phan Trọng Tuệ, Phường Lý Thường Kiệt, Tỉnh Ninh Bình",0.0,5.0,1,0,1.3000000000000114,0.2600000000000023,183.6,1.065363787634413,5.0,1,Stopped,0,0,0,0,0,VALID,VALID
35H-09245,2026-08-01 12:10:00,185.2,35,"Phan Trọng Tuệ, Phường Châu Sơn, Tỉnh Ninh Bình",0.0,5.0,1,0,0.29999999999998295,0.05999999999999659,183.6,0.8203657720813515,5.0,1,Moving,0,0,0,0,0,VALID,VALID
35H-09245,2026-08-01 12:15:00,182.7,20,"Cầu Kiện Khê, Phường Châu Sơn, Tỉnh Ninh Bình",0.0,5.0,1,0,-2.5,-0.5,183.6,1.0319883720287444,5.0,1,Moving,0,0,0,0,0,VALID,VALID
35H-09245,2026-08-01 12:20:00,182.6,38,"Tỉnh Lộ 494, Xã Liêm Hà, Tỉnh Ninh Bình",0.0,5.0,1,0,-0.09999999999999432,-0.019999999999998862,183.6,1.210371843692019,5.0,1,Moving,0,0,0,0,0,VALID,VALID
35H-09245,2026-08-01 12:25:00,181.2,27,"Tỉnh Lộ 494, Phường Phủ Lý, Tỉnh Ninh Bình",0.0,5.0,1,0,-1.4000000000000057,-0.28000000000000114,182.7,1.6902662512166888,5.0,1,Moving,0,0,0,0,0,VALID,VALID
35H-09245,2026-08-01 12:30:00,179.2,45,"Quốc Lộ 21, Xã Liêm Hà, Tỉnh Ninh Bình",0.0,5.0,1,0,-2.0,-0.4,182.6,2.202725584361649,5.0,1,Moving,0,0,0,0,0,VALID,VALID
35H-09245,2026-08-01 12:35:00,178.7,29,"Ngô Gia Bẩy, Xã Bình Mỹ, Tỉnh Ninh Bình",0.0,5.0,1,0,-0.5,-0.1,181.2,1.8673510650117546,5.0,1,Moving,0,0,0,0,0,VALID,VALID
35H-09245,2026-08-01 12:40:00,175.9,44,"Nam Định - Phủ Lý, Xã Bình Mỹ, Tỉnh Ninh Bình",0.0,5.0,1,0,-2.799999999999983,-0.5599999999999966,179.2,2.558710612789111,5.0,1,Moving,0,0,0,0,0,VALID,VALID
35H-09245,2026-08-01 12:45:00,173.8,0,"Đường Huyện 01, Xã Bình Mỹ, Tỉnh Ninh Bình",0.0,5.0,1,0,-2.0999999999999943,-0.4199999999999989,178.7,2.91255901227742,5.0,1,Stopped,0,0,0,0,0,VALID,VALID
35H-09245,2026-08-01 12:50:00,173.7,0,"Đường Huyện 01, Xã Bình Mỹ, Tỉnh Ninh Bình",0.0,5.0,1,0,-0.10000000000002274,-0.02000000000000455,175.9,2.614000765110343,5.0,1,Stopped,0,0,0,0,0,VALID,VALID
35H-09245,2026-08-01 12:55:00,173.6,0,"Đường Huyện 01, Xã Bình Mỹ, Tỉnh Ninh Bình",0.0,5.0,1,0,-0.09999999999999432,-0.019999999999998862,173.8,2.207487259305642,5.0,1,Stopped,0,0,0,0,0,VALID,VALID
35H-09245,2026-08-01 13:00:00,173.4,0,"Xã Bình Mỹ, Tỉnh Ninh Bình",0.0,5.0,1,0,-0.19999999999998863,-0.039999999999997725,173.7,1.0281050529960618,5.0,1,Stopped,0,0,0,0,0,VALID,VALID
35H-09245,2026-08-01 13:05:00,174.1,0,"Xã Bình Mỹ, Tỉnh Ninh Bình",0.0,5.0,1,0,0.6999999999999886,0.13999999999999774,173.7,0.2588435821027529,5.0,1,Stopped,0,0,0,0,0,VALID,VALID
35H-09245,2026-08-01 13:10:00,174.0,0,"Xã Bình Mỹ, Tỉnh Ninh Bình",0.0,5.0,1,0,-0.09999999999999432,-0.019999999999998862,173.7,0.2880972058104921,5.0,1,Stopped,0,0,0,0,0,VALID,VALID
35H-09245,2026-08-01 13:15:00,174.0,0,"Xã Bình Mỹ, Tỉnh Ninh Bình",0.0,5.0,1,0,0.0,0.0,174.0,0.3033150177552314,5.0,1,Stopped,0,0,0,0,0,VALID,VALID
35H-09245,2026-08-01 13:20:00,174.3,0,"Xã Bình Mỹ, Tỉnh Ninh Bình",0.0,5.0,1,0,0.30000000000001137,0.060000000000002274,174.0,0.33615472627342596,5.0,1,Stopped,0,0,0,0,0,VALID,VALID
35H-09245,2026-08-01 13:25:00,174.3,0,"Xã Bình Mỹ, Tỉnh Ninh Bình",0.0,5.0,1,0,0.0,0.0,174.1,0.1516575088681747,5.0,1,Stopped,0,0,0,0,0,VALID,VALID
35H-09245,2026-08-01 13:30:00,174.2,0,"Xã Bình Mỹ, Tỉnh Ninh Bình",0.0,5.0,1,0,-0.10000000000002274,-0.02000000000000455,174.2,0.15165750886822155,5.0,1,Stopped,0,0,0,0,0,VALID,VALID
35H-09245,2026-08-01 13:35:00,174.6,0,"Đường Huyện 01, Xã Bình Mỹ, Tỉnh Ninh Bình",0.0,5.0,1,0,0.4000000000000057,0.08000000000000114,174.3,0.21679483387802084,5.0,1,Stopped,0,0,0,0,0,VALID,VALID
35H-09245,2026-08-01 13:40:00,173.3,52,"Nam Định - Phủ Lý, Xã Bình An, Tỉnh Ninh Bình",0.0,5.0,1,0,-1.299999999999983,-0.25999999999999657,174.3,0.4929503017506925,5.0,1,Moving,0,0,0,0,0,VALID,VALID
35H-09245,2026-08-01 13:45:00,172.3,45,"Xã Bình An, Tỉnh Ninh Bình",0.0,5.0,1,0,-1.0,-0.2,174.2,0.9396807968644525,5.0,1,Moving,0,0,0,0,0,VALID,VALID
35H-09245,2026-08-01 13:50:00,170.4,26,"Xã Bình An, Tỉnh Ninh Bình",0.0,5.0,1,0,-1.9000000000000057,-0.3800000000000011,173.3,1.683151805392271,5.0,1,Moving,0,0,0,0,0,VALID,VALID
35H-09245,2026-08-01 13:55:00,172.2,0,"Xã Bình An, Tỉnh Ninh Bình",0.0,5.0,1,0,1.799999999999983,0.3599999999999966,172.3,1.546932448426562,5.0,1,Stopped,0,0,0,0,0,VALID,VALID
35H-09245,2026-08-01 14:00:00,165.6,0,"Xã Bình An, Tỉnh Ninh Bình",0.0,5.0,1,0,-6.599999999999994,-1.319999999999999,172.2,3.0680612770923794,5.0,1,Stopped,0,0,0,0,0,VALID,VALID
35H-09245,2026-08-01 14:05:00,165.1,0,"Xã Bình An, Tỉnh Ninh Bình",0.0,5.0,1,0,-0.5,-0.1,170.4,3.5280306121110248,5.0,1,Stopped,0,0,0,0,0,VALID,VALID
35H-09245,2026-08-01 14:10:00,164.7,0,"Xã Bình An, Tỉnh Ninh Bình",0.0,5.0,1,0,-0.4000000000000057,-0.08000000000000114,165.6,3.4518111188173832,5.0,1,Stopped,0,0,0,0,0,VALID,VALID
35H-09245,2026-08-01 14:15:00,170.0,47,"Xã Trần Thương, Tỉnh Ninh Bình",0.0,5.0,1,0,5.300000000000011,1.0600000000000023,165.6,3.374462920227637,5.0,1,Moving,0,0,0,0,0,VALID,VALID
35H-09245,2026-08-01 14:20:00,168.5,37,"Xã Trần Thương, Tỉnh Ninh Bình",0.0,5.0,1,0,-1.5,-0.3,165.6,2.338161671055,5.0,1,Moving,0,0,0,0,0,VALID,VALID
35H-09245,2026-08-01 14:25:00,168.5,0,"Xã Trần Thương, Tỉnh Ninh Bình",0.0,5.0,1,0,0.0,0.0,168.5,2.3319519720592767,5.0,1,Stopped,0,0,0,0,0,VALID,VALID
35H-09245,2026-08-01 14:30:00,169.5,0,"Xã Trần Thương, Tỉnh Ninh Bình",0.0,5.0,1,0,1.0,0.2,168.5,2.082786594923208,5.0,1,Stopped,0,0,0,0,0,VALID,VALID
35H-09245,2026-08-01 14:35:00,169.6,0,"Xã Trần Thương, Tỉnh Ninh Bình",0.0,5.0,1,0,0.09999999999999432,0.019999999999998862,169.5,0.6833739825253227,5.0,1,Stopped,0,0,0,0,0,VALID,VALID
35H-09245,2026-08-01 14:40:00,169.6,0,"Xã Trần Thương, Tỉnh Ninh Bình",0.0,5.0,1,0,0.0,0.0,169.5,0.5856620185674181,5.0,1,Stopped,0,0,0,0,0,VALID,VALID
35H-09245,2026-08-01 14:45:00,169.6,0,"Xã Trần Thương, Tỉnh Ninh Bình",0.0,5.0,1,0,0.0,0.0,169.6,0.48270073543825165,5.0,1,Stopped,0,0,0,0,0,VALID,VALID
35H-09245,2026-08-01 14:50:00,169.6,0,"Xã Trần Thương, Tỉnh Ninh Bình",0.0,5.0,1,0,0.0,0.0,169.6,0.04472135946944081,5.0,1,Stopped,0,0,0,0,0,VALID,VALID
35H-09245,2026-08-01 14:55:00,169.7,0,"Xã Trần Thương, Tỉnh Ninh Bình",0.0,5.0,1,0,0.09999999999999432,0.019999999999998862,169.6,0.04472135946977287,5.0,1,Stopped,0,0,0,0,0,VALID,VALID
35H-09245,2026-08-01 15:00:00,169.7,0,"Xã Trần Thương, Tỉnh Ninh Bình",0.0,5.0,1,0,0.0,0.0,169.6,0.054772255685156854,5.0,1,Stopped,0,0,0,0,0,VALID,VALID
35H-09245,2026-08-01 15:05:00,169.7,0,"Xã Trần Thương, Tỉnh Ninh Bình",0.0,5.0,1,0,0.0,0.0,169.7,0.054772255685306685,5.0,1,Stopped,0,0,0,0,0,VALID,VALID
35H-09245,2026-08-01 15:10:00,169.7,0,"Xã Trần Thương, Tỉnh Ninh Bình",0.0,5.0,1,0,0.0,0.0,169.7,0.044721359470323394,5.0,1,Stopped,0,0,0,0,0,VALID,VALID
35H-09245,2026-08-01 15:15:00,169.7,0,"Xã Trần Thương, Tỉnh Ninh Bình",0.0,5.0,1,0,0.0,0.0,169.7,0.0,5.0,1,Stopped,0,0,0,0,0,VALID,VALID
35H-09245,2026-08-01 15:20:00,169.7,0,"Xã Trần Thương, Tỉnh Ninh Bình",0.0,5.0,1,0,0.0,0.0,169.7,0.0,5.0,1,Stopped,0,0,0,0,0,VALID,VALID
35H-09245,2026-08-01 15:25:00,169.8,0,"Xã Trần Thương, Tỉnh Ninh Bình",0.0,5.0,1,0,0.10000000000002274,0.02000000000000455,169.7,0.044721359470739665,5.0,1,Stopped,0,0,0,0,0,VALID,VALID
35H-09245,2026-08-01 15:30:00,169.8,0,"Xã Trần Thương, Tỉnh Ninh Bình",0.0,5.0,1,0,0.0,0.0,169.7,0.054772255685973485,5.0,1,Stopped,0,0,0,0,0,VALID,VALID
35H-09245,2026-08-01 15:35:00,169.8,0,"Xã Trần Thương, Tỉnh Ninh Bình",0.0,5.0,1,0,0.0,0.0,169.8,0.05477225568613759,5.0,1,Stopped,0,0,0,0,0,VALID,VALID
35H-09245,2026-08-01 15:40:00,169.8,0,"Xã Trần Thương, Tỉnh Ninh Bình",0.0,5.0,1,0,0.0,0.0,169.8,0.04472135947133627,5.0,1,Stopped,0,0,0,0,0,VALID,VALID
35H-09245,2026-08-01 15:45:00,169.8,0,"Xã Trần Thương, Tỉnh Ninh Bình",0.0,5.0,1,0,0.0,0.0,169.8,0.0,5.0,1,Stopped,0,0,0,0,0,VALID,VALID
35H-09245,2026-08-01 15:50:00,169.9,0,"Xã Trần Thương, Tỉnh Ninh Bình",0.0,5.0,1,0,0.09999999999999432,0.019999999999998862,169.8,0.04472135947170329,5.0,1,Stopped,0,0,0,0,0,VALID,VALID
35H-09245,2026-08-01 15:55:00,169.9,0,"Xã Trần Thương, Tỉnh Ninh Bình",0.0,5.0,1,0,0.0,0.0,169.8,0.054772255686744716,5.0,1,Stopped,0,0,0,0,0,VALID,VALID
35H-09245,2026-08-01 16:00:00,169.9,0,"Xã Trần Thương, Tỉnh Ninh Bình",0.0,5.0,1,0,0.0,0.0,169.9,0.054772255686906225,5.0,1,Stopped,0,0,0,0,0,VALID,VALID
35H-09245,2026-08-01 16:05:00,169.9,0,"Xã Trần Thương, Tỉnh Ninh Bình",0.0,5.0,1,0,0.0,0.0,169.9,0.04472135947229672,5.0,1,Stopped,0,0,0,0,0,VALID,VALID
35H-09245,2026-08-01 16:10:00,169.9,0,"Xã Trần Thương, Tỉnh Ninh Bình",0.0,5.0,1,0,0.0,0.0,169.9,0.0,5.0,1,Stopped,0,0,0,0,0,VALID,VALID
35H-09245,2026-08-01 16:15:00,169.9,0,"Xã Trần Thương, Tỉnh Ninh Bình",0.0,5.0,1,0,0.0,0.0,169.9,0.0,5.0,1,Stopped,0,0,0,0,0,VALID,VALID
35H-09245,2026-08-01 16:20:00,169.9,0,"Xã Trần Thương, Tỉnh Ninh Bình",0.0,5.0,1,0,0.0,0.0,169.9,0.0,5.0,1,Stopped,0,0,0,0,0,VALID,VALID
35H-09245,2026-08-01 16:25:00,169.9,0,"Xã Trần Thương, Tỉnh Ninh Bình",0.0,5.0,1,0,0.0,0.0,169.9,0.0,5.0,1,Stopped,0,0,0,0,0,VALID,VALID
35H-09245,2026-08-01 16:30:00,169.9,0,"Xã Trần Thương, Tỉnh Ninh Bình",0.0,5.0,1,0,0.0,0.0,169.9,0.0,5.0,1,Stopped,0,0,0,0,0,VALID,VALID
35H-09245,2026-08-01 16:35:00,169.9,0,"Xã Trần Thương, Tỉnh Ninh Bình",0.0,5.0,1,0,0.0,0.0,169.9,0.0,5.0,1,Stopped,0,0,0,0,0,VALID,VALID
35H-09245,2026-08-01 16:40:00,169.9,0,"Xã Trần Thương, Tỉnh Ninh Bình",0.0,5.0,1,0,0.0,0.0,169.9,0.0,5.0,1,Stopped,0,0,0,0,0,VALID,VALID
35H-09245,2026-08-01 16:45:00,169.9,0,"Xã Trần Thương, Tỉnh Ninh Bình",0.0,5.0,1,0,0.0,0.0,169.9,0.0,5.0,1,Stopped,0,0,0,0,0,VALID,VALID
35H-09245,2026-08-01 16:50:00,169.9,0,"Xã Trần Thương, Tỉnh Ninh Bình",0.0,5.0,1,0,0.0,0.0,169.9,0.0,5.0,1,Stopped,0,0,0,0,0,VALID,VALID
35H-09245,2026-08-01 16:55:00,169.9,0,"Xã Trần Thương, Tỉnh Ninh Bình",0.0,5.0,1,0,0.0,0.0,169.9,0.0,5.0,1,Stopped,0,0,0,0,0,VALID,VALID
35H-09245,2026-08-01 17:00:00,170.0,0,"Xã Trần Thương, Tỉnh Ninh Bình",0.0,5.0,1,0,0.09999999999999432,0.019999999999998862,169.9,0.04472135947272729,5.0,1,Stopped,0,0,0,0,0,VALID,VALID
35H-09245,2026-08-01 17:05:00,170.0,0,"Xã Trần Thương, Tỉnh Ninh Bình",0.0,5.0,1,0,0.0,0.0,169.9,0.05477225568759929,5.0,1,Stopped,0,0,0,0,0,VALID,VALID
35H-09245,2026-08-01 17:10:00,170.0,0,"Xã Trần Thương, Tỉnh Ninh Bình",0.0,5.0,1,0,0.0,0.0,170.0,0.05477225568776923,5.0,1,Stopped,0,0,0,0,0,VALID,VALID
35H-09245,2026-08-01 17:15:00,170.0,0,"Xã Trần Thương, Tỉnh Ninh Bình",0.0,5.0,1,0,0.0,0.0,170.0,0.04472135947335368,5.0,1,Stopped,0,0,0,0,0,VALID,VALID
35H-09245,2026-08-01 17:20:00,170.0,0,"Xã Trần Thương, Tỉnh Ninh Bình",0.0,5.0,1,0,0.0,0.0,170.0,0.0,5.0,1,Stopped,0,0,0,0,0,VALID,VALID
35H-09245,2026-08-01 17:25:00,170.0,0,"Xã Trần Thương, Tỉnh Ninh Bình",0.0,5.0,1,0,0.0,0.0,170.0,0.0,5.0,1,Stopped,0,0,0,0,0,VALID,VALID
35H-09245,2026-08-01 17:30:00,170.0,0,"Xã Trần Thương, Tỉnh Ninh Bình",0.0,5.0,1,0,0.0,0.0,170.0,0.0,5.0,1,Stopped,0,0,0,0,0,VALID,VALID
35H-09245,2026-08-01 17:35:00,170.0,0,"Xã Trần Thương, Tỉnh Ninh Bình",0.0,5.0,1,0,0.0,0.0,170.0,0.0,5.0,1,Stopped,0,0,0,0,0,VALID,VALID
35H-09245,2026-08-01 17:40:00,170.0,0,"Xã Trần Thương, Tỉnh Ninh Bình",0.0,5.0,1,0,0.0,0.0,170.0,0.0,5.0,1,Stopped,0,0,0,0,0,VALID,VALID
35H-09245,2026-08-01 17:45:00,170.0,0,"Xã Trần Thương, Tỉnh Ninh Bình",0.0,5.0,1,0,0.0,0.0,170.0,0.0,5.0,1,Stopped,0,0,0,0,0,VALID,VALID
35H-09245,2026-08-01 17:50:00,170.0,0,"Xã Trần Thương, Tỉnh Ninh Bình",0.0,5.0,1,0,0.0,0.0,170.0,0.0,5.0,1,Stopped,0,0,0,0,0,VALID,VALID
35H-09245,2026-08-01 17:55:00,170.0,0,"Xã Trần Thương, Tỉnh Ninh Bình",0.0,5.0,1,0,0.0,0.0,170.0,0.0,5.0,1,Stopped,0,0,0,0,0,VALID,VALID
35H-09245,2026-08-01 18:00:00,170.1,0,"Xã Trần Thương, Tỉnh Ninh Bình",0.0,5.0,1,0,0.09999999999999432,0.019999999999998862,170.0,0.04472135947379855,5.0,1,Stopped,0,0,0,0,0,VALID,VALID
35H-09245,2026-08-01 18:05:00,170.1,0,"Xã Trần Thương, Tỉnh Ninh Bình",0.0,5.0,1,0,0.0,0.0,170.0,0.0547722556884957,5.0,1,Stopped,0,0,0,0,0,VALID,VALID
35H-09245,2026-08-01 18:10:00,170.1,0,"Xã Trần Thương, Tỉnh Ninh Bình",0.0,5.0,1,0,0.0,0.0,170.1,0.054772255688697424,5.0,1,Stopped,0,0,0,0,0,VALID,VALID
35H-09245,2026-08-01 18:15:00,170.1,0,"Xã Trần Thương, Tỉnh Ninh Bình",0.0,5.0,1,0,0.0,0.0,170.1,0.04472135947453974,5.0,1,Stopped,0,0,0,0,0,VALID,VALID
35H-09245,2026-08-01 18:20:00,170.1,0,"Xã Trần Thương, Tỉnh Ninh Bình",0.0,5.0,1,0,0.0,0.0,170.1,0.0,5.0,1,Stopped,0,0,0,0,0,VALID,VALID
35H-09245,2026-08-01 18:25:00,170.1,0,"Xã Trần Thương, Tỉnh Ninh Bình",0.0,5.0,1,0,0.0,0.0,170.1,0.0,5.0,1,Stopped,0,0,0,0,0,VALID,VALID
35H-09245,2026-08-01 18:30:00,170.1,0,"Xã Trần Thương, Tỉnh Ninh Bình",0.0,5.0,1,0,0.0,0.0,170.1,0.0,5.0,1,Stopped,0,0,0,0,0,VALID,VALID
35H-09245,2026-08-01 18:35:00,170.2,0,"Xã Trần Thương, Tỉnh Ninh Bình",0.0,5.0,1,0,0.09999999999999432,0.019999999999998862,170.1,0.04472135947506882,5.0,1,Stopped,0,0,0,0,0,VALID,VALID
35H-09245,2026-08-01 18:40:00,170.2,0,"Xã Trần Thương, Tỉnh Ninh Bình",0.0,5.0,1,0,0.0,0.0,170.1,0.05477225568955135,5.0,1,Stopped,0,0,0,0,0,VALID,VALID
35H-09245,2026-08-01 18:45:00,170.2,0,"Xã Trần Thương, Tỉnh Ninh Bình",0.0,5.0,1,0,0.0,0.0,170.2,0.05477225568976475,5.0,1,Stopped,0,0,0,0,0,VALID,VALID
35H-09245,2026-08-01 18:50:00,170.2,0,"Xã Trần Thương, Tỉnh Ninh Bình",0.0,5.0,1,0,0.0,0.0,170.2,0.04472135947586124,5.0,1,Stopped,0,0,0,0,0,VALID,VALID
35H-09245,2026-08-01 18:55:00,170.2,0,"Xã Trần Thương, Tỉnh Ninh Bình",0.0,5.0,1,0,0.0,0.0,170.2,0.0,5.0,1,Stopped,0,0,0,0,0,VALID,VALID
35H-09245,2026-08-01 19:00:00,170.2,0,"Xã Trần Thương, Tỉnh Ninh Bình",0.0,5.0,1,0,0.0,0.0,170.2,0.0,5.0,1,Stopped,0,0,0,0,0,VALID,VALID
35H-09245,2026-08-01 19:05:00,170.2,0,"Xã Trần Thương, Tỉnh Ninh Bình",0.0,5.0,1,0,0.0,0.0,170.2,0.0,5.0,1,Stopped,0,0,0,0,0,VALID,VALID
35H-09245,2026-08-01 19:10:00,170.2,0,"Xã Trần Thương, Tỉnh Ninh Bình",0.0,5.0,1,0,0.0,0.0,170.2,0.0,5.0,1,Stopped,0,0,0,0,0,VALID,VALID
35H-09245,2026-08-01 19:15:00,170.2,0,"Xã Trần Thương, Tỉnh Ninh Bình",0.0,5.0,1,0,0.0,0.0,170.2,0.0,5.0,1,Stopped,0,0,0,0,0,VALID,VALID
35H-09245,2026-08-01 19:20:00,170.2,0,"Xã Trần Thương, Tỉnh Ninh Bình",0.0,5.0,1,0,0.0,0.0,170.2,0.0,5.0,1,Stopped,0,0,0,0,0,VALID,VALID
35H-09245,2026-08-01 19:25:00,170.2,0,"Xã Trần Thương, Tỉnh Ninh Bình",0.0,5.0,1,0,0.0,0.0,170.2,0.0,5.0,1,Stopped,0,0,0,0,0,VALID,VALID
35H-09245,2026-08-01 19:30:00,170.3,0,"Xã Trần Thương, Tỉnh Ninh Bình",0.0,5.0,1,0,0.10000000000002274,0.02000000000000455,170.2,0.044721359476433215,5.0,1,Stopped,0,0,0,0,0,VALID,VALID
35H-09245,2026-08-01 19:35:00,170.3,0,"Xã Trần Thương, Tỉnh Ninh Bình",0.0,5.0,1,0,0.0,0.0,170.2,0.054772255690685806,5.0,1,Stopped,0,0,0,0,0,VALID,VALID
35H-09245,2026-08-01 19:40:00,170.3,0,"Xã Trần Thương, Tỉnh Ninh Bình",0.0,5.0,1,0,0.0,0.0,170.3,0.05477225569091348,5.0,1,Stopped,0,0,0,0,0,VALID,VALID
35H-09245,2026-08-01 19:45:00,170.3,0,"Xã Trần Thương, Tỉnh Ninh Bình",0.0,5.0,1,0,0.0,0.0,170.3,0.044721359477269726,5.0,1,Stopped,0,0,0,0,0,VALID,VALID
35H-09245,2026-08-01 19:50:00,170.3,0,"Xã Trần Thương, Tỉnh Ninh Bình",0.0,5.0,1,0,0.0,0.0,170.3,0.0,5.0,1,Stopped,0,0,0,0,0,VALID,VALID
35H-09245,2026-08-01 19:55:00,170.3,0,"Xã Trần Thương, Tỉnh Ninh Bình",0.0,5.0,1,0,0.0,0.0,170.3,0.0,5.0,1,Stopped,0,0,0,0,0,VALID,VALID
35H-09245,2026-08-01 20:00:00,170.3,0,"Xã Trần Thương, Tỉnh Ninh Bình",0.0,5.0,1,0,0.0,0.0,170.3,0.0,5.0,1,Stopped,0,0,0,0,0,VALID,VALID
35H-09245,2026-08-01 20:05:00,170.3,0,"Xã Trần Thương, Tỉnh Ninh Bình",0.0,5.0,1,0,0.0,0.0,170.3,0.0,5.0,1,Stopped,0,0,0,0,0,VALID,VALID
35H-09245,2026-08-01 20:10:00,170.3,0,"Xã Trần Thương, Tỉnh Ninh Bình",0.0,5.0,1,0,0.0,0.0,170.3,0.0,5.0,1,Stopped,0,0,0,0,0,VALID,VALID
35H-09245,2026-08-01 20:15:00,170.3,0,"Xã Trần Thương, Tỉnh Ninh Bình",0.0,5.0,1,0,0.0,0.0,170.3,0.0,5.0,1,Stopped,0,0,0,0,0,VALID,VALID
35H-09245,2026-08-01 20:20:00,170.3,0,"Xã Trần Thương, Tỉnh Ninh Bình",0.0,5.0,1,0,0.0,0.0,170.3,0.0,5.0,1,Stopped,0,0,0,0,0,VALID,VALID
35H-09245,2026-08-01 20:25:00,170.3,0,"Xã Trần Thương, Tỉnh Ninh Bình",0.0,5.0,1,0,0.0,0.0,170.3,0.0,5.0,1,Stopped,0,0,0,0,0,VALID,VALID
35H-09245,2026-08-01 20:30:00,170.3,0,"Xã Trần Thương, Tỉnh Ninh Bình",0.0,5.0,1,0,0.0,0.0,170.3,0.0,5.0,1,Stopped,0,0,0,0,0,VALID,VALID
35H-09245,2026-08-01 20:35:00,170.3,0,"Xã Trần Thương, Tỉnh Ninh Bình",0.0,5.0,1,0,0.0,0.0,170.3,0.0,5.0,1,Stopped,0,0,0,0,0,VALID,VALID
35H-09245,2026-08-01 20:40:00,170.3,0,"Xã Trần Thương, Tỉnh Ninh Bình",0.0,5.0,1,0,0.0,0.0,170.3,0.0,5.0,1,Stopped,0,0,0,0,0,VALID,VALID
35H-09245,2026-08-01 20:45:00,170.3,0,"Xã Trần Thương, Tỉnh Ninh Bình",0.0,5.0,1,0,0.0,0.0,170.3,0.0,5.0,1,Stopped,0,0,0,0,0,VALID,VALID
35H-09245,2026-08-01 20:50:00,170.3,0,"Xã Trần Thương, Tỉnh Ninh Bình",0.0,5.0,1,0,0.0,0.0,170.3,0.0,5.0,1,Stopped,0,0,0,0,0,VALID,VALID
35H-09245,2026-08-01 20:55:00,170.3,0,"Xã Trần Thương, Tỉnh Ninh Bình",0.0,5.0,1,0,0.0,0.0,170.3,0.0,5.0,1,Stopped,0,0,0,0,0,VALID,VALID
35H-09245,2026-08-01 21:00:00,170.3,0,"Xã Trần Thương, Tỉnh Ninh Bình",0.0,5.0,1,0,0.0,0.0,170.3,0.0,5.0,1,Stopped,0,0,0,0,0,VALID,VALID
35H-09245,2026-08-01 21:05:00,170.3,0,"Xã Trần Thương, Tỉnh Ninh Bình",0.0,5.0,1,0,0.0,0.0,170.3,0.0,5.0,1,Stopped,0,0,0,0,0,VALID,VALID
35H-09245,2026-08-01 21:10:00,170.3,0,"Xã Trần Thương, Tỉnh Ninh Bình",0.0,5.0,1,0,0.0,0.0,170.3,0.0,5.0,1,Stopped,0,0,0,0,0,VALID,VALID
35H-09245,2026-08-01 21:15:00,170.3,0,"Xã Trần Thương, Tỉnh Ninh Bình",0.0,5.0,1,0,0.0,0.0,170.3,0.0,5.0,1,Stopped,0,0,0,0,0,VALID,VALID
35H-09245,2026-08-01 21:20:00,170.3,0,"Xã Trần Thương, Tỉnh Ninh Bình",0.0,5.0,1,0,0.0,0.0,170.3,0.0,5.0,1,Stopped,0,0,0,0,0,VALID,VALID
35H-09245,2026-08-01 21:25:00,170.3,0,"Xã Trần Thương, Tỉnh Ninh Bình",0.0,5.0,1,0,0.0,0.0,170.3,0.0,5.0,1,Stopped,0,0,0,0,0,VALID,VALID
35H-09245,2026-08-01 21:30:00,170.3,0,"Xã Trần Thương, Tỉnh Ninh Bình",0.0,5.0,1,0,0.0,0.0,170.3,0.0,5.0,1,Stopped,0,0,0,0,0,VALID,VALID
35H-09245,2026-08-01 21:35:00,170.3,0,"Xã Trần Thương, Tỉnh Ninh Bình",0.0,5.0,1,0,0.0,0.0,170.3,0.0,5.0,1,Stopped,0,0,0,0,0,VALID,VALID
35H-09245,2026-08-01 21:40:00,170.3,0,"Xã Trần Thương, Tỉnh Ninh Bình",0.0,5.0,1,0,0.0,0.0,170.3,0.0,5.0,1,Stopped,0,0,0,0,0,VALID,VALID
35H-09245,2026-08-01 21:45:00,170.3,0,"Xã Trần Thương, Tỉnh Ninh Bình",0.0,5.0,1,0,0.0,0.0,170.3,0.0,5.0,1,Stopped,0,0,0,0,0,VALID,VALID
35H-09245,2026-08-01 21:50:00,170.3,0,"Xã Trần Thương, Tỉnh Ninh Bình",0.0,5.0,1,0,0.0,0.0,170.3,0.0,5.0,1,Stopped,0,0,0,0,0,VALID,VALID
35H-09245,2026-08-01 21:55:00,170.3,0,"Xã Trần Thương, Tỉnh Ninh Bình",0.0,5.0,1,0,0.0,0.0,170.3,0.0,5.0,1,Stopped,0,0,0,0,0,VALID,VALID
35H-09245,2026-08-01 22:00:00,170.3,0,"Xã Trần Thương, Tỉnh Ninh Bình",0.0,5.0,1,0,0.0,0.0,170.3,0.0,5.0,1,Stopped,0,0,0,0,0,VALID,VALID
35H-09245,2026-08-01 22:05:00,170.3,0,"Xã Trần Thương, Tỉnh Ninh Bình",0.0,5.0,1,0,0.0,0.0,170.3,0.0,5.0,1,Stopped,0,0,0,0,0,VALID,VALID
35H-09245,2026-08-01 22:10:00,170.3,0,"Xã Trần Thương, Tỉnh Ninh Bình",0.0,5.0,1,0,0.0,0.0,170.3,0.0,5.0,1,Stopped,0,0,0,0,0,VALID,VALID
35H-09245,2026-08-01 22:15:00,170.3,0,"Xã Trần Thương, Tỉnh Ninh Bình",0.0,5.0,1,0,0.0,0.0,170.3,0.0,5.0,1,Stopped,0,0,0,0,0,VALID,VALID
35H-09245,2026-08-01 22:20:00,170.3,0,"Xã Trần Thương, Tỉnh Ninh Bình",0.0,5.0,1,0,0.0,0.0,170.3,0.0,5.0,1,Stopped,0,0,0,0,0,VALID,VALID
35H-09245,2026-08-01 22:25:00,170.3,0,"Xã Trần Thương, Tỉnh Ninh Bình",0.0,5.0,1,0,0.0,0.0,170.3,0.0,5.0,1,Stopped,0,0,0,0,0,VALID,VALID
35H-09245,2026-08-01 22:30:00,170.3,0,"Xã Trần Thương, Tỉnh Ninh Bình",0.0,5.0,1,0,0.0,0.0,170.3,0.0,5.0,1,Stopped,0,0,0,0,0,VALID,VALID
35H-09245,2026-08-01 22:35:00,170.3,0,"Xã Trần Thương, Tỉnh Ninh Bình",0.0,5.0,1,0,0.0,0.0,170.3,0.0,5.0,1,Stopped,0,0,0,0,0,VALID,VALID
35H-09245,2026-08-01 22:40:00,170.3,0,"Xã Trần Thương, Tỉnh Ninh Bình",0.0,5.0,1,0,0.0,0.0,170.3,0.0,5.0,1,Stopped,0,0,0,0,0,VALID,VALID
35H-09245,2026-08-01 22:45:00,170.3,0,"Xã Trần Thương, Tỉnh Ninh Bình",0.0,5.0,1,0,0.0,0.0,170.3,0.0,5.0,1,Stopped,0,0,0,0,0,VALID,VALID
35H-09245,2026-08-01 22:50:00,170.3,0,"Xã Trần Thương, Tỉnh Ninh Bình",0.0,5.0,1,0,0.0,0.0,170.3,0.0,5.0,1,Stopped,0,0,0,0,0,VALID,VALID
35H-09245,2026-08-01 22:55:00,170.3,0,"Xã Trần Thương, Tỉnh Ninh Bình",0.0,5.0,1,0,0.0,0.0,170.3,0.0,5.0,1,Stopped,0,0,0,0,0,VALID,VALID
35H-09245,2026-08-01 23:00:00,170.4,0,"Xã Trần Thương, Tỉnh Ninh Bình",0.0,5.0,1,0,0.09999999999999432,0.019999999999998862,170.3,0.0447213594778131,5.0,1,Stopped,0,0,0,0,0,VALID,VALID
35H-09245,2026-08-01 23:05:00,170.4,0,"Xã Trần Thương, Tỉnh Ninh Bình",0.0,5.0,1,0,0.0,0.0,170.3,0.054772255691803724,5.0,1,Stopped,0,0,0,0,0,VALID,VALID
35H-09245,2026-08-01 23:10:00,170.4,0,"Xã Trần Thương, Tỉnh Ninh Bình",0.0,5.0,1,0,0.0,0.0,170.4,0.054772255692025554,5.0,1,Stopped,0,0,0,0,0,VALID,VALID
35H-09245,2026-08-01 23:15:00,170.4,0,"Xã Trần Thương, Tỉnh Ninh Bình",0.0,5.0,1,0,0.0,0.0,170.4,0.044721359478630145,5.0,1,Stopped,0,0,0,0,0,VALID,VALID
35H-09245,2026-08-01 23:20:00,170.4,0,"Xã Trần Thương, Tỉnh Ninh Bình",0.0,5.0,1,0,0.0,0.0,170.4,0.0,5.0,1,Stopped,0,0,0,0,0,VALID,VALID
35H-09245,2026-08-01 23:25:00,170.4,0,"Xã Trần Thương, Tỉnh Ninh Bình",0.0,5.0,1,0,0.0,0.0,170.4,0.0,5.0,1,Stopped,0,0,0,0,0,VALID,VALID
35H-09245,2026-08-01 23:30:00,170.4,0,"Xã Trần Thương, Tỉnh Ninh Bình",0.0,5.0,1,0,0.0,0.0,170.4,0.0,5.0,1,Stopped,0,0,0,0,0,VALID,VALID
35H-09245,2026-08-01 23:35:00,170.4,0,"Xã Trần Thương, Tỉnh Ninh Bình",0.0,5.0,1,0,0.0,0.0,170.4,0.0,5.0,1,Stopped,0,0,0,0,0,VALID,VALID
35H-09245,2026-08-01 23:40:00,170.4,0,"Xã Trần Thương, Tỉnh Ninh Bình",0.0,5.0,1,0,0.0,0.0,170.4,0.0,5.0,1,Stopped,0,0,0,0,0,VALID,VALID
35H-09245,2026-08-01 23:45:00,170.4,0,"Xã Trần Thương, Tỉnh Ninh Bình",0.0,5.0,1,0,0.0,0.0,170.4,0.0,5.0,1,Stopped,0,0,0,0,0,VALID,VALID
35H-09245,2026-08-01 23:50:00,170.4,0,"Xã Trần Thương, Tỉnh Ninh Bình",0.0,5.0,1,0,0.0,0.0,170.4,0.0,5.0,1,Stopped,0,0,0,0,0,VALID,VALID
35H-09245,2026-08-01 23:55:00,170.5,0,"Xã Trần Thương, Tỉnh Ninh Bình",0.0,5.0,1,0,0.09999999999999432,0.019999999999998862,170.4,0.04472135947920212,5.0,1,Stopped,0,0,0,0,0,VALID,VALID
35H-09245,2026-08-02 00:00:00,170.5,0,"Xã Trần Thương, Tỉnh Ninh Bình",0.0,5.0,1,0,0.0,0.0,170.4,0.054772255692959584,5.0,1,Stopped,0,0,0,0,0,VALID,VALID
35H-09245,2026-08-02 00:05:00,170.7,0,"Xã Trần Thương, Tỉnh Ninh Bình",0.0,5.0,1,0,0.19999999999998863,0.039999999999997725,170.5,0.1224744871137565,5.0,1,Stopped,0,0,0,0,0,VALID,VALID
35H-09245,2026-08-02 00:10:00,170.7,0,"Xã Trần Thương, Tỉnh Ninh Bình",0.0,5.0,1,0,0.0,0.0,170.5,0.13416407862711224,5.0,1,Stopped,0,0,0,0,0,VALID,VALID
35H-09245,2026-08-02 00:15:00,170.7,0,"Xã Trần Thương, Tỉnh Ninh Bình",0.0,5.0,1,0,0.0,0.0,170.7,0.10954451147340671,5.0,1,Stopped,0,0,0,0,0,VALID,VALID
35H-09245,2026-08-02 00:20:00,170.7,0,"Xã Trần Thương, Tỉnh Ninh Bình",0.0,5.0,1,0,0.0,0.0,170.7,0.08944271906647053,5.0,1,Stopped,0,0,0,0,0,VALID,VALID
35H-09245,2026-08-02 00:25:00,170.7,0,"Xã Trần Thương, Tỉnh Ninh Bình",0.0,5.0,1,0,0.0,0.0,170.7,0.0,5.0,1,Stopped,0,0,0,0,0,VALID,VALID
35H-09245,2026-08-02 00:30:00,170.7,0,"Xã Trần Thương, Tỉnh Ninh Bình",0.0,5.0,1,0,0.0,0.0,170.7,0.0,5.0,1,Stopped,0,0,0,0,0,VALID,VALID
35H-09245,2026-08-02 00:35:00,170.7,0,"Xã Trần Thương, Tỉnh Ninh Bình",0.0,5.0,1,0,0.0,0.0,170.7,0.0,5.0,1,Stopped,0,0,0,0,0,VALID,VALID
35H-09245,2026-08-02 00:40:00,170.7,0,"Xã Trần Thương, Tỉnh Ninh Bình",0.0,5.0,1,0,0.0,0.0,170.7,0.0,5.0,1,Stopped,0,0,0,0,0,VALID,VALID
35H-09245,2026-08-02 00:45:00,170.7,0,"Xã Trần Thương, Tỉnh Ninh Bình",0.0,5.0,1,0,0.0,0.0,170.7,0.0,5.0,1,Stopped,0,0,0,0,0,VALID,VALID
35H-09245,2026-08-02 00:50:00,170.7,0,"Xã Trần Thương, Tỉnh Ninh Bình",0.0,5.0,1,0,0.0,0.0,170.7,0.0,5.0,1,Stopped,0,0,0,0,0,VALID,VALID
35H-09245,2026-08-02 00:55:00,170.5,0,"Xã Trần Thương, Tỉnh Ninh Bình",0.0,5.0,1,0,-0.19999999999998863,-0.039999999999997725,170.7,0.08944271906647053,5.0,1,Stopped,0,0,0,0,0,VALID,VALID
35H-09245,2026-08-02 01:00:00,170.5,0,"Xã Trần Thương, Tỉnh Ninh Bình",0.0,5.0,1,0,0.0,0.0,170.7,0.10954451147340673,5.0,1,Stopped,0,0,0,0,0,VALID,VALID
35H-09245,2026-08-02 01:05:00,170.5,0,"Xã Trần Thương, Tỉnh Ninh Bình",0.0,5.0,1,0,0.0,0.0,170.5,0.10954451147314727,5.0,1,Stopped,0,0,0,0,0,VALID,VALID
35H-09245,2026-08-02 01:10:00,170.5,0,"Xã Trần Thương, Tỉnh Ninh Bình",0.0,5.0,1,0,0.0,0.0,170.5,0.08944271906551723,5.0,1,Stopped,0,0,0,0,0,VALID,VALID
35H-09245,2026-08-02 01:15:00,170.5,0,"Xã Trần Thương, Tỉnh Ninh Bình",0.0,5.0,1,0,0.0,0.0,170.5,0.0,5.0,1,Stopped,0,0,0,0,0,VALID,VALID
35H-09245,2026-08-02 01:20:00,170.5,0,"Xã Trần Thương, Tỉnh Ninh Bình",0.0,5.0,1,0,0.0,0.0,170.5,0.0,5.0,1,Stopped,0,0,0,0,0,VALID,VALID
35H-09245,2026-08-02 01:25:00,170.5,0,"Xã Trần Thương, Tỉnh Ninh Bình",0.0,5.0,1,0,0.0,0.0,170.5,0.0,5.0,1,Stopped,0,0,0,0,0,VALID,VALID
35H-09245,2026-08-02 01:30:00,170.5,0,"Xã Trần Thương, Tỉnh Ninh Bình",0.0,5.0,1,0,0.0,0.0,170.5,0.0,5.0,1,Stopped,0,0,0,0,0,VALID,VALID
35H-09245,2026-08-02 01:35:00,170.5,0,"Xã Trần Thương, Tỉnh Ninh Bình",0.0,5.0,1,0,0.0,0.0,170.5,0.0,5.0,1,Stopped,0,0,0,0,0,VALID,VALID
35H-09245,2026-08-02 01:40:00,170.5,0,"Xã Trần Thương, Tỉnh Ninh Bình",0.0,5.0,1,0,0.0,0.0,170.5,0.0,5.0,1,Stopped,0,0,0,0,0,VALID,VALID
35H-09245,2026-08-02 01:45:00,170.5,0,"Xã Trần Thương, Tỉnh Ninh Bình",0.0,5.0,1,0,0.0,0.0,170.5,0.0,5.0,1,Stopped,0,0,0,0,0,VALID,VALID
35H-09245,2026-08-02 01:50:00,170.5,0,"Xã Trần Thương, Tỉnh Ninh Bình",0.0,5.0,1,0,0.0,0.0,170.5,0.0,5.0,1,Stopped,0,0,0,0,0,VALID,VALID
35H-09245,2026-08-02 01:55:00,170.5,0,"Xã Trần Thương, Tỉnh Ninh Bình",0.0,5.0,1,0,0.0,0.0,170.5,0.0,5.0,1,Stopped,0,0,0,0,0,VALID,VALID
35H-09245,2026-08-02 02:00:00,170.5,0,"Xã Trần Thương, Tỉnh Ninh Bình",0.0,5.0,1,0,0.0,0.0,170.5,0.0,5.0,1,Stopped,0,0,0,0,0,VALID,VALID
35H-09245,2026-08-02 02:05:00,170.5,0,"Xã Trần Thương, Tỉnh Ninh Bình",0.0,5.0,1,0,0.0,0.0,170.5,0.0,5.0,1,Stopped,0,0,0,0,0,VALID,VALID
35H-09245,2026-08-02 02:10:00,170.5,0,"Xã Trần Thương, Tỉnh Ninh Bình",0.0,5.0,1,0,0.0,0.0,170.5,0.0,5.0,1,Stopped,0,0,0,0,0,VALID,VALID
35H-09245,2026-08-02 02:15:00,170.5,0,"Xã Trần Thương, Tỉnh Ninh Bình",0.0,5.0,1,0,0.0,0.0,170.5,0.0,5.0,1,Stopped,0,0,0,0,0,VALID,VALID
35H-09245,2026-08-02 02:20:00,170.5,0,"Xã Trần Thương, Tỉnh Ninh Bình",0.0,5.0,1,0,0.0,0.0,170.5,0.0,5.0,1,Stopped,0,0,0,0,0,VALID,VALID
35H-09245,2026-08-02 02:25:00,170.5,0,"Xã Trần Thương, Tỉnh Ninh Bình",0.0,5.0,1,0,0.0,0.0,170.5,0.0,5.0,1,Stopped,0,0,0,0,0,VALID,VALID
35H-09245,2026-08-02 02:30:00,170.5,0,"Xã Trần Thương, Tỉnh Ninh Bình",0.0,5.0,1,0,0.0,0.0,170.5,0.0,5.0,1,Stopped,0,0,0,0,0,VALID,VALID
35H-09245,2026-08-02 02:35:00,170.5,0,"Xã Trần Thương, Tỉnh Ninh Bình",0.0,5.0,1,0,0.0,0.0,170.5,0.0,5.0,1,Stopped,0,0,0,0,0,VALID,VALID
35H-09245,2026-08-02 02:40:00,170.5,0,"Xã Trần Thương, Tỉnh Ninh Bình",0.0,5.0,1,0,0.0,0.0,170.5,0.0,5.0,1,Stopped,0,0,0,0,0,VALID,VALID
35H-09245,2026-08-02 02:45:00,170.5,0,"Xã Trần Thương, Tỉnh Ninh Bình",0.0,5.0,1,0,0.0,0.0,170.5,0.0,5.0,1,Stopped,0,0,0,0,0,VALID,VALID
35H-09245,2026-08-02 02:50:00,170.5,0,"Xã Trần Thương, Tỉnh Ninh Bình",0.0,5.0,1,0,0.0,0.0,170.5,0.0,5.0,1,Stopped,0,0,0,0,0,VALID,VALID
35H-09245,2026-08-02 02:55:00,170.5,0,"Xã Trần Thương, Tỉnh Ninh Bình",0.0,5.0,1,0,0.0,0.0,170.5,0.0,5.0,1,Stopped,0,0,0,0,0,VALID,VALID
35H-09245,2026-08-02 03:00:00,170.5,0,"Xã Trần Thương, Tỉnh Ninh Bình",0.0,5.0,1,0,0.0,0.0,170.5,0.0,5.0,1,Stopped,0,0,0,0,0,VALID,VALID
35H-09245,2026-08-02 03:05:00,170.5,0,"Xã Trần Thương, Tỉnh Ninh Bình",0.0,5.0,1,0,0.0,0.0,170.5,0.0,5.0,1,Stopped,0,0,0,0,0,VALID,VALID
35H-09245,2026-08-02 03:10:00,170.5,0,"Xã Trần Thương, Tỉnh Ninh Bình",0.0,5.0,1,0,0.0,0.0,170.5,0.0,5.0,1,Stopped,0,0,0,0,0,VALID,VALID
35H-09245,2026-08-02 03:15:00,170.5,0,"Xã Trần Thương, Tỉnh Ninh Bình",0.0,5.0,1,0,0.0,0.0,170.5,0.0,5.0,1,Stopped,0,0,0,0,0,VALID,VALID
35H-09245,2026-08-02 03:20:00,170.5,0,"Xã Trần Thương, Tỉnh Ninh Bình",0.0,5.0,1,0,0.0,0.0,170.5,0.0,5.0,1,Stopped,0,0,0,0,0,VALID,VALID
35H-09245,2026-08-02 03:25:00,170.5,0,"Xã Trần Thương, Tỉnh Ninh Bình",0.0,5.0,1,0,0.0,0.0,170.5,0.0,5.0,1,Stopped,0,0,0,0,0,VALID,VALID
35H-09245,2026-08-02 03:30:00,170.5,0,"Xã Trần Thương, Tỉnh Ninh Bình",0.0,5.0,1,0,0.0,0.0,170.5,0.0,5.0,1,Stopped,0,0,0,0,0,VALID,VALID
35H-09245,2026-08-02 03:35:00,170.5,0,"Xã Trần Thương, Tỉnh Ninh Bình",0.0,5.0,1,0,0.0,0.0,170.5,0.0,5.0,1,Stopped,0,0,0,0,0,VALID,VALID
35H-09245,2026-08-02 03:40:00,170.5,0,"Xã Trần Thương, Tỉnh Ninh Bình",0.0,5.0,1,0,0.0,0.0,170.5,0.0,5.0,1,Stopped,0,0,0,0,0,VALID,VALID
35H-09245,2026-08-02 03:45:00,170.5,0,"Xã Trần Thương, Tỉnh Ninh Bình",0.0,5.0,1,0,0.0,0.0,170.5,0.0,5.0,1,Stopped,0,0,0,0,0,VALID,VALID
35H-09245,2026-08-02 03:50:00,170.5,0,"Xã Trần Thương, Tỉnh Ninh Bình",0.0,5.0,1,0,0.0,0.0,170.5,0.0,5.0,1,Stopped,0,0,0,0,0,VALID,VALID
35H-09245,2026-08-02 03:55:00,170.5,0,"Xã Trần Thương, Tỉnh Ninh Bình",0.0,5.0,1,0,0.0,0.0,170.5,0.0,5.0,1,Stopped,0,0,0,0,0,VALID,VALID
35H-09245,2026-08-02 04:00:00,170.5,0,"Xã Trần Thương, Tỉnh Ninh Bình",0.0,5.0,1,0,0.0,0.0,170.5,0.0,5.0,1,Stopped,0,0,0,0,0,VALID,VALID
35H-09245,2026-08-02 04:05:00,170.5,0,"Xã Trần Thương, Tỉnh Ninh Bình",0.0,5.0,1,0,0.0,0.0,170.5,0.0,5.0,1,Stopped,0,0,0,0,0,VALID,VALID
35H-09245,2026-08-02 04:10:00,170.5,0,"Xã Trần Thương, Tỉnh Ninh Bình",0.0,5.0,1,0,0.0,0.0,170.5,0.0,5.0,1,Stopped,0,0,0,0,0,VALID,VALID
35H-09245,2026-08-02 04:15:00,170.5,0,"Xã Trần Thương, Tỉnh Ninh Bình",0.0,5.0,1,0,0.0,0.0,170.5,0.0,5.0,1,Stopped,0,0,0,0,0,VALID,VALID
35H-09245,2026-08-02 04:20:00,170.5,0,"Xã Trần Thương, Tỉnh Ninh Bình",0.0,5.0,1,0,0.0,0.0,170.5,0.0,5.0,1,Stopped,0,0,0,0,0,VALID,VALID
35H-09245,2026-08-02 04:25:00,170.5,0,"Xã Trần Thương, Tỉnh Ninh Bình",0.0,5.0,1,0,0.0,0.0,170.5,0.0,5.0,1,Stopped,0,0,0,0,0,VALID,VALID
35H-09245,2026-08-02 04:30:00,170.5,0,"Xã Trần Thương, Tỉnh Ninh Bình",0.0,5.0,1,0,0.0,0.0,170.5,0.0,5.0,1,Stopped,0,0,0,0,0,VALID,VALID
35H-09245,2026-08-02 04:35:00,170.5,0,"Xã Trần Thương, Tỉnh Ninh Bình",0.0,5.0,1,0,0.0,0.0,170.5,0.0,5.0,1,Stopped,0,0,0,0,0,VALID,VALID
35H-09245,2026-08-02 04:40:00,170.5,0,"Xã Trần Thương, Tỉnh Ninh Bình",0.0,5.0,1,0,0.0,0.0,170.5,0.0,5.0,1,Stopped,0,0,0,0,0,VALID,VALID
35H-09245,2026-08-02 04:45:00,170.5,0,"Xã Trần Thương, Tỉnh Ninh Bình",0.0,5.0,1,0,0.0,0.0,170.5,0.0,5.0,1,Stopped,0,0,0,0,0,VALID,VALID
35H-09245,2026-08-02 04:50:00,170.5,0,"Xã Trần Thương, Tỉnh Ninh Bình",0.0,5.0,1,0,0.0,0.0,170.5,0.0,5.0,1,Stopped,0,0,0,0,0,VALID,VALID
35H-09245,2026-08-02 04:55:00,170.5,0,"Xã Trần Thương, Tỉnh Ninh Bình",0.0,5.0,1,0,0.0,0.0,170.5,0.0,5.0,1,Stopped,0,0,0,0,0,VALID,VALID
35H-09245,2026-08-02 05:00:00,170.5,0,"Xã Trần Thương, Tỉnh Ninh Bình",0.0,5.0,1,0,0.0,0.0,170.5,0.0,5.0,1,Stopped,0,0,0,0,0,VALID,VALID
35H-09245,2026-08-02 05:05:00,170.5,0,"Xã Trần Thương, Tỉnh Ninh Bình",0.0,5.0,1,0,0.0,0.0,170.5,0.0,5.0,1,Stopped,0,0,0,0,0,VALID,VALID
35H-09245,2026-08-02 05:10:00,170.5,0,"Xã Trần Thương, Tỉnh Ninh Bình",0.0,5.0,1,0,0.0,0.0,170.5,0.0,5.0,1,Stopped,0,0,0,0,0,VALID,VALID
35H-09245,2026-08-02 05:15:00,170.5,0,"Xã Trần Thương, Tỉnh Ninh Bình",0.0,5.0,1,0,0.0,0.0,170.5,0.0,5.0,1,Stopped,0,0,0,0,0,VALID,VALID
35H-09245,2026-08-02 05:20:00,170.5,0,"Xã Trần Thương, Tỉnh Ninh Bình",0.0,5.0,1,0,0.0,0.0,170.5,0.0,5.0,1,Stopped,0,0,0,0,0,VALID,VALID
35H-09245,2026-08-02 05:25:00,170.7,0,"Xã Trần Thương, Tỉnh Ninh Bình",0.0,5.0,1,0,0.19999999999998863,0.039999999999997725,170.5,0.08944271906551723,5.0,1,Stopped,0,0,0,0,0,VALID,VALID
35H-09245,2026-08-02 05:30:00,170.7,0,"Xã Trần Thương, Tỉnh Ninh Bình",0.0,5.0,1,0,0.0,0.0,170.5,0.10954451147314727,5.0,1,Stopped,0,0,0,0,0,VALID,VALID
35H-09245,2026-08-02 05:35:00,170.3,0,"Xã Trần Thương, Tỉnh Ninh Bình",0.0,5.0,1,0,-0.39999999999997726,-0.07999999999999545,170.5,0.16733200528838377,5.0,1,Stopped,0,0,0,0,0,VALID,VALID
35H-09245,2026-08-02 05:40:00,168.4,0,"Xã Trần Thương, Tỉnh Ninh Bình",0.0,5.0,1,0,-1.9000000000000057,-0.3800000000000011,170.5,0.9757048734085576,5.0,1,Stopped,0,0,0,0,0,VALID,VALID
35H-09245,2026-08-02 05:45:00,168.4,0,"Xã Trần Thương, Tỉnh Ninh Bình",0.0,5.0,1,0,0.0,0.0,170.3,1.1979148550680017,5.0,1,Stopped,0,0,0,0,0,VALID,VALID
35H-09245,2026-08-02 05:50:00,168.5,22,"Xã Trần Thương, Tỉnh Ninh Bình",0.0,5.0,1,0,0.09999999999999432,0.019999999999998862,168.5,1.1414902540065606,5.0,1,Moving,0,0,0,0,0,VALID,VALID
35H-09245,2026-08-02 05:55:00,167.1,20,"Quốc Lộ 38B, Xã Trần Thương, Tỉnh Ninh Bình",0.0,5.0,1,0,-1.4000000000000057,-0.28000000000000114,168.4,1.1414902540061167,5.0,1,Moving,0,0,0,0,0,VALID,VALID
35H-09245,2026-08-02 06:00:00,166.9,46,"Xã Bình An, Tỉnh Ninh Bình",0.0,5.0,1,0,-0.19999999999998863,-0.039999999999997725,168.4,0.7893034904204818,5.0,1,Moving,0,0,0,0,0,VALID,VALID
35H-09245,2026-08-02 06:05:00,166.3,45,"Xã Bình An, Tỉnh Ninh Bình",0.0,5.0,1,0,-0.5999999999999943,-0.11999999999999886,167.1,0.9685040010187589,5.0,1,Moving,0,0,0,0,0,VALID,VALID
35H-09245,2026-08-02 06:10:00,165.2,52,"Nam Định - Phủ Lý, Xã Bình Mỹ, Tỉnh Ninh Bình",0.0,5.0,1,0,-1.1000000000000227,-0.22000000000000455,166.9,1.2041594578744235,5.0,1,Moving,0,0,0,0,0,VALID,VALID
35H-09245,2026-08-02 06:15:00,164.2,52,"Nam Định - Phủ Lý, Xã Liêm Hà, Tỉnh Ninh Bình",0.0,5.0,1,0,-1.0,-0.2,166.3,1.2218837915232217,5.0,1,Moving,0,0,0,0,0,VALID,VALID
35H-09245,2026-08-02 06:20:00,163.2,38,"Nam Định - Phủ Lý, Phường Liêm Tuyền, Tỉnh Ninh Bình",0.0,5.0,1,0,-1.0,-0.2,165.2,1.5076471735741095,5.0,1,Moving,0,0,0,0,0,VALID,VALID
35H-09245,2026-08-02 06:25:00,162.3,40,"Lương Văn Can, Phường Hà Nam, Tỉnh Ninh Bình",0.0,5.0,1,0,-0.8999999999999773,-0.17999999999999544,164.2,1.5820872289430237,5.0,1,Moving,0,0,0,0,0,VALID,VALID
35H-09245,2026-08-02 06:30:00,163.0,0,"Phường Hà Nam, Tỉnh Ninh Bình",0.0,5.0,1,0,0.6999999999999886,0.13999999999999774,163.2,1.1322543883702223,5.0,1,Stopped,0,0,0,0,0,VALID,VALID
35H-09245,2026-08-02 06:35:00,162.2,0,"Phường Hà Nam, Tỉnh Ninh Bình",0.0,5.0,1,0,-0.8000000000000114,-0.16000000000000228,163.0,0.8074651695167836,5.0,1,Stopped,0,0,0,0,0,VALID,VALID
35H-09245,2026-08-02 06:40:00,161.9,0,"Phường Hà Nam, Tỉnh Ninh Bình",0.0,5.0,1,0,-0.29999999999998295,-0.05999999999999659,162.3,0.5540758070716543,5.0,1,Stopped,0,0,0,0,0,VALID,VALID
35H-09245,2026-08-02 06:45:00,161.9,0,"Phường Hà Nam, Tỉnh Ninh Bình",0.0,5.0,1,0,0.0,0.0,162.2,0.45055521302248003,5.0,1,Stopped,0,0,0,0,0,VALID,VALID
35H-09245,2026-08-02 06:50:00,161.9,0,"Phường Hà Nam, Tỉnh Ninh Bình",0.0,5.0,1,0,0.0,0.0,161.9,0.47644516996356806,5.0,1,Stopped,0,0,0,0,0,VALID,VALID
35H-09245,2026-08-02 06:55:00,162.1,36,"Phường Hà Nam, Tỉnh Ninh Bình",0.0,5.0,1,0,0.19999999999998863,0.039999999999997725,161.9,0.14142135617135887,5.0,1,Moving,0,0,0,0,0,VALID,VALID
35H-09245,2026-08-02 07:00:00,160.3,45,"Lê Hoàn, Phường Hà Nam, Tỉnh Ninh Bình",0.0,5.0,1,0,-1.799999999999983,-0.3599999999999966,161.9,0.7429670248273287,5.0,1,Moving,0,0,0,0,0,VALID,VALID
35H-09245,2026-08-02 07:05:00,159.0,35,"Lê Hoàn, Phường Phủ Lý, Tỉnh Ninh Bình",0.0,5.0,1,0,-1.3000000000000114,-0.2600000000000023,161.9,1.3520355024850235,5.0,1,Moving,0,0,0,0,0,VALID,VALID
35H-09245,2026-08-02 07:10:00,159.2,25,"Lê Chân, Phường Châu Sơn, Tỉnh Ninh Bình",0.0,5.0,1,0,0.19999999999998863,0.039999999999997725,160.3,1.457737973704177,5.0,1,Moving,0,0,0,0,0,VALID,VALID
35H-09245,2026-08-02 07:15:00,157.7,0,"Lê Chân, Phường Phù Vân, Tỉnh Ninh Bình",0.0,5.0,1,0,-1.5,-0.3,159.2,1.6471186963840756,5.0,1,Stopped,0,0,0,0,0,VALID,VALID
35H-09245,2026-08-02 07:20:00,158.2,0,"Lê Chân, Phường Phù Vân, Tỉnh Ninh Bình",0.0,5.0,1,0,0.5,0.1,159.0,0.9984988732977438,5.0,1,Stopped,0,0,0,0,0,VALID,VALID
35H-09245,2026-08-02 07:25:00,158.6,46,"Phủ Lý - Kiện Khê, Phường Lý Thường Kiệt, Tỉnh Ninh Bình",0.0,5.0,1,0,0.4000000000000057,0.08000000000000114,158.6,0.6066300355046488,5.0,1,Moving,0,0,0,0,0,VALID,VALID
35H-09245,2026-08-02 07:30:00,154.8,0,"Phường Lý Thường Kiệt, Tỉnh Ninh Bình",0.0,5.0,1,0,-3.799999999999983,-0.7599999999999966,158.2,1.7117242768551053,5.0,1,Stopped,0,0,0,0,0,VALID,VALID
35H-09245,2026-08-02 07:35:00,153.0,0,"Phường Lý Thường Kiệt, Tỉnh Ninh Bình",0.0,5.0,1,0,-1.8000000000000114,-0.36000000000000226,157.7,2.4429490375309384,5.0,1,Stopped,0,0,0,0,0,VALID,VALID
35H-09245,2026-08-02 07:40:00,154.3,0,"Phường Lý Thường Kiệt, Tỉnh Ninh Bình",0.0,5.0,1,0,1.3000000000000114,0.2600000000000023,154.8,2.4843510218912974,5.0,1,Stopped,0,0,0,0,0,VALID,VALID
35H-09245,2026-08-02 07:45:00,154.2,0,"Phường Lý Thường Kiệt, Tỉnh Ninh Bình",0.0,5.0,1,0,-0.10000000000002274,-0.02000000000000455,154.3,2.128849454510859,5.0,1,Stopped,0,0,0,0,0,VALID,VALID
35H-09245,2026-08-02 07:50:00,154.2,0,"Phường Lý Thường Kiệt, Tỉnh Ninh Bình",0.0,5.0,1,0,0.0,0.0,154.2,0.6633249580484066,5.0,1,Stopped,0,0,0,0,0,VALID,VALID
35H-09245,2026-08-02 07:55:00,154.2,0,"Phường Lý Thường Kiệt, Tỉnh Ninh Bình",0.0,5.0,1,0,0.0,0.0,154.2,0.5495452665338328,5.0,1,Stopped,0,0,0,0,0,VALID,VALID
35H-09245,2026-08-02 08:00:00,154.9,0,"Phường Lý Thường Kiệt, Tỉnh Ninh Bình",0.0,5.0,1,0,0.700000000000017,0.1400000000000034,154.2,0.3049590135908282,5.0,1,Stopped,0,0,0,0,0,VALID,VALID
35H-09245,2026-08-02 08:05:00,154.7,0,"Phường Lý Thường Kiệt, Tỉnh Ninh Bình",0.0,5.0,1,0,-0.20000000000001705,-0.04000000000000341,154.2,0.33615472623541737,5.0,1,Stopped,0,0,0,0,0,VALID,VALID
35H-09245,2026-08-02 08:10:00,154.8,0,"Phường Lý Thường Kiệt, Tỉnh Ninh Bình",0.0,5.0,1,0,0.10000000000002274,0.02000000000000455,154.7,0.33615472623568243,5.0,1,Stopped,0,0,0,0,0,VALID,VALID
35H-09245,2026-08-02 08:15:00,154.8,0,"Phường Lý Thường Kiệt, Tỉnh Ninh Bình",0.0,5.0,1,0,0.0,0.0,154.8,0.27748873845754907,5.0,1,Stopped,0,0,0,0,0,VALID,VALID
35H-09245,2026-08-02 08:20:00,154.8,0,"Phường Lý Thường Kiệt, Tỉnh Ninh Bình",0.0,5.0,1,0,0.0,0.0,154.8,0.07071067791313282,5.0,1,Stopped,0,0,0,0,0,VALID,VALID
35H-09245,2026-08-02 08:25:00,154.8,0,"Phường Lý Thường Kiệt, Tỉnh Ninh Bình",0.0,5.0,1,0,0.0,0.0,154.8,0.044721359224708046,5.0,1,Stopped,0,0,0,0,0,VALID,VALID
35H-09245,2026-08-02 08:30:00,154.7,0,"Phường Lý Thường Kiệt, Tỉnh Ninh Bình",0.0,5.0,1,0,-0.10000000000002274,-0.02000000000000455,154.8,0.044721359224708046,5.0,1,Stopped,0,0,0,0,0,VALID,VALID
35H-09245,2026-08-02 08:35:00,154.6,0,"Phường Lý Thường Kiệt, Tỉnh Ninh Bình",0.0,5.0,1,0,-0.09999999999999432,-0.019999999999998862,154.8,0.08944271893700767,5.0,1,Stopped,0,0,0,0,0,VALID,VALID
35H-09245,2026-08-02 08:40:00,154.6,0,"Phường Lý Thường Kiệt, Tỉnh Ninh Bình",0.0,5.0,1,0,0.0,0.0,154.7,0.09999999985391501,5.0,1,Stopped,0,0,0,0,0,VALID,VALID
35H-09245,2026-08-02 08:45:00,154.6,0,"Phường Lý Thường Kiệt, Tỉnh Ninh Bình",0.0,5.0,1,0,0.0,0.0,154.6,0.08944271893632288,5.0,1,Stopped,0,0,0,0,0,VALID,VALID
35H-09245,2026-08-02 08:50:00,154.6,0,"Phường Lý Thường Kiệt, Tỉnh Ninh Bình",0.0,5.0,1,0,0.0,0.0,154.6,0.044721359221983614,5.0,1,Stopped,0,0,0,0,0,VALID,VALID
35H-09245,2026-08-02 08:55:00,154.5,0,"Phường Lý Thường Kiệt, Tỉnh Ninh Bình",0.0,5.0,1,0,-0.09999999999999432,-0.019999999999998862,154.6,0.04472135922132743,5.0,1,Stopped,0,0,0,0,0,VALID,VALID
35H-09245,2026-08-02 09:00:00,154.3,0,"Phường Lý Thường Kiệt, Tỉnh Ninh Bình",0.0,5.0,1,0,-0.19999999999998863,-0.039999999999997725,154.6,0.13038404799098074,5.0,1,Stopped,0,0,0,0,0,VALID,VALID
35H-09245,2026-08-02 09:05:00,154.3,0,"Phường Lý Thường Kiệt, Tỉnh Ninh Bình",0.0,5.0,1,0,0.0,0.0,154.5,0.15165750878352563,5.0,1,Stopped,0,0,0,0,0,VALID,VALID
35H-09245,2026-08-02 09:10:00,154.3,0,"Phường Lý Thường Kiệt, Tỉnh Ninh Bình",0.0,5.0,1,0,0.0,0.0,154.3,0.1414213561324352,5.0,1,Stopped,0,0,0,0,0,VALID,VALID
35H-09245,2026-08-02 09:15:00,154.3,0,"Phường Lý Thường Kiệt, Tỉnh Ninh Bình",0.0,5.0,1,0,0.0,0.0,154.3,0.08944271893367513,5.0,1,Stopped,0,0,0,0,0,VALID,VALID
35H-09245,2026-08-02 09:20:00,155.1,0,"Phường Lý Thường Kiệt, Tỉnh Ninh Bình",0.0,5.0,1,0,0.799999999999983,0.1599999999999966,154.3,0.35777087635862953,5.0,1,Stopped,0,0,0,0,0,VALID,VALID
35H-09245,2026-08-02 09:25:00,155.1,0,"Phường Lý Thường Kiệt, Tỉnh Ninh Bình",0.0,5.0,1,0,0.0,0.0,154.3,0.43817804597065085,5.0,1,Stopped,0,0,0,0,0,VALID,VALID
35H-09245,2026-08-02 09:30:00,155.1,0,"Phường Lý Thường Kiệt, Tỉnh Ninh Bình",0.0,5.0,1,0,0.0,0.0,155.1,0.4381780459709246,5.0,1,Stopped,0,0,0,0,0,VALID,VALID
35H-09245,2026-08-02 09:35:00,154.9,0,"Phường Lý Thường Kiệt, Tỉnh Ninh Bình",0.0,5.0,1,0,-0.19999999999998863,-0.039999999999997725,155.1,0.34641016147203524,5.0,1,Stopped,0,0,0,0,0,VALID,VALID
35H-09245,2026-08-02 09:40:00,154.9,0,"Phường Lý Thường Kiệt, Tỉnh Ninh Bình",0.0,5.0,1,0,0.0,0.0,155.1,0.1095445113699095,5.0,1,Stopped,0,0,0,0,0,VALID,VALID
35H-09245,2026-08-02 09:45:00,154.8,0,"Phường Lý Thường Kiệt, Tỉnh Ninh Bình",0.0,5.0,1,0,-0.09999999999999432,-0.019999999999998862,154.9,0.13416407854257853,5.0,1,Stopped,0,0,0,0,0,VALID,VALID
35H-09245,2026-08-02 09:50:00,154.6,0,"Phường Lý Thường Kiệt, Tỉnh Ninh Bình",0.0,5.0,1,0,-0.20000000000001705,-0.04000000000000341,154.9,0.18165902116609292,5.0,1,Stopped,0,0,0,0,0,VALID,VALID
35H-09245,2026-08-02 09:55:00,154.3,0,"Phường Lý Thường Kiệt, Tỉnh Ninh Bình",0.0,5.0,1,0,-0.29999999999998295,-0.05999999999999659,154.8,0.2549509756223108,5.0,1,Stopped,0,0,0,0,0,VALID,VALID
35H-09245,2026-08-02 10:00:00,154.7,0,"Phường Lý Thường Kiệt, Tỉnh Ninh Bình",0.0,5.0,1,0,0.39999999999997726,0.07999999999999545,154.7,0.2302172886007992,5.0,1,Stopped,0,0,0,0,0,VALID,VALID
35H-09245,2026-08-02 10:05:00,209.6,0,"Phan Trọng Tuệ, Phường Lý Thường Kiệt, Tỉnh Ninh Bình",0.0,5.0,1,0,54.900000000000006,10.98,154.7,24.597459218382447,5.0,1,Stopped,0,0,1,0,1,LARGE_DELTA,VALID
35H-09245,2026-08-02 10:10:00,402.3,0,"Phan Trọng Tuệ, Phường Lý Thường Kiệt, Tỉnh Ninh Bình",0.0,5.0,1,0,192.70000000000002,38.540000000000006,154.7,107.33026134320212,5.0,1,Stopped,0,0,1,0,1,LARGE_DELTA,VALID
35H-09245,2026-08-02 10:15:00,413.7,38,"Phường Lý Thường Kiệt, Tỉnh Ninh Bình",0.0,5.0,1,0,11.399999999999977,2.2799999999999954,209.6,130.79974006090436,5.0,1,Moving,0,0,1,0,1,LARGE_DELTA,VALID
35H-09245,2026-08-02 10:20:00,411.0,54,"Phường Lý Thường Kiệt, Tỉnh Ninh Bình",0.0,5.0,1,0,-2.6999999999999886,-0.5399999999999977,402.3,125.82834736258846,5.0,1,Moving,0,0,0,0,0,VALID,VALID
35H-09245,2026-08-02 10:25:00,407.7,26,"Quốc Lộ 21B, Phường Phù Vân, Tỉnh Ninh Bình",0.0,5.0,1,0,-3.3000000000000114,-0.6600000000000023,407.7,89.13042690350076,5.0,1,Moving,0,0,0,0,0,VALID,VALID
35H-09245,2026-08-02 10:30:00,405.9,36,"Quốc Lộ 21B, Phường Phù Vân, Tỉnh Ninh Bình",0.0,5.0,1,0,-1.8000000000000114,-0.36000000000000226,407.7,4.427414595488671,5.0,1,Moving,0,0,0,0,0,VALID,VALID
35H-09245,2026-08-02 10:35:00,405.4,0,"Phường Hà Nam, Tỉnh Ninh Bình",0.0,5.0,1,0,-0.5,-0.1,407.7,3.5359581445977355,5.0,1,Stopped,0,0,0,0,0,VALID,VALID
35H-09245,2026-08-02 10:40:00,404.1,0,"Phường Hà Nam, Tỉnh Ninh Bình",0.0,5.0,1,0,-1.2999999999999545,-0.2599999999999909,405.9,2.6696441711105323,5.0,1,Stopped,0,0,0,0,0,VALID,VALID
35H-09245,2026-08-02 10:45:00,404.2,0,"Phường Hà Nam, Tỉnh Ninh Bình",0.0,5.0,1,0,0.0999999999999659,0.01999999999999318,405.4,1.4707141123762568,5.0,1,Stopped,0,0,0,0,0,VALID,VALID
35H-09245,2026-08-02 10:50:00,404.4,0,"Phường Hà Nam, Tỉnh Ninh Bình",0.0,5.0,1,0,0.19999999999998863,0.039999999999997725,404.4,0.8031189204232693,5.0,1,Stopped,0,0,0,0,0,VALID,VALID
35H-09245,2026-08-02 10:55:00,405.2,0,"Phường Hà Nam, Tỉnh Ninh Bình",0.0,5.0,1,0,0.8000000000000114,0.16000000000000228,404.4,0.5983310123515875,5.0,1,Stopped,0,0,0,0,0,VALID,VALID
35H-09245,2026-08-02 11:00:00,402.0,0,"Phường Hà Nam, Tỉnh Ninh Bình",0.0,5.0,1,0,-3.1999999999999886,-0.6399999999999977,404.2,1.188276062344461,5.0,1,Stopped,0,0,0,0,0,VALID,VALID
35H-09245,2026-08-02 11:05:00,401.2,0,"Phường Hà Nam, Tỉnh Ninh Bình",0.0,5.0,1,0,-0.8000000000000114,-0.16000000000000228,404.2,1.7088007491630248,5.0,1,Stopped,0,0,0,0,0,VALID,VALID
35H-09245,2026-08-02 11:10:00,402.7,50,"Cầu Liêm Chính, Phường Hà Nam, Tỉnh Ninh Bình",0.0,5.0,1,0,1.5,0.3,402.7,1.6643316978113878,5.0,1,Moving,0,0,0,0,0,VALID,VALID
35H-09245,2026-08-02 11:15:00,401.8,48,"Đinh Tiên Hoàng, Phường Phủ Lý, Tỉnh Ninh Bình",0.0,5.0,1,0,-0.8999999999999773,-0.17999999999999544,402.0,1.5594870952781648,5.0,1,Moving,0,0,0,0,0,VALID,VALID
35H-09245,2026-08-02 11:20:00,401.4,0,"Tỉnh Lộ 494, Xã Liêm Hà, Tỉnh Ninh Bình",0.0,5.0,1,0,-0.4000000000000341,-0.08000000000000682,401.8,0.5848076609777183,5.0,1,Stopped,0,0,0,0,0,VALID,VALID
35H-09245,2026-08-02 11:25:00,398.8,0,"Tỉnh Lộ 494, Xã Liêm Hà, Tỉnh Ninh Bình",0.0,5.0,1,0,-2.599999999999966,-0.5199999999999931,401.4,1.4498275760715118,5.0,1,Stopped,0,0,0,0,0,VALID,VALID
35H-09245,2026-08-02 11:30:00,398.8,0,"Tỉnh Lộ 494, Xã Liêm Hà, Tỉnh Ninh Bình",0.0,5.0,1,0,0.0,0.0,401.4,1.7972200756548455,5.0,1,Stopped,0,0,0,0,0,VALID,VALID
35H-09245,2026-08-02 11:35:00,398.9,35,"Tỉnh Lộ 494, Xã Liêm Hà, Tỉnh Ninh Bình",0.0,5.0,1,0,0.0999999999999659,0.01999999999999318,398.9,1.5224979475637905,5.0,1,Moving,0,0,0,0,0,VALID,VALID
35H-09245,2026-08-02 11:40:00,399.1,0,"Lê Hoàn, Phường Phủ Lý, Tỉnh Ninh Bình",0.0,5.0,1,0,0.20000000000004547,0.0400000000000091,398.9,1.1247221880692757,5.0,1,Stopped,0,0,0,0,0,VALID,VALID
35H-09245,2026-08-02 11:45:00,400.7,0,"Lê Chân, Phường Phù Vân, Tỉnh Ninh Bình",0.0,5.0,1,0,1.599999999999966,0.3199999999999932,398.9,0.8142481196387258,5.0,1,Stopped,0,0,0,0,0,VALID,VALID
35H-09245,2026-08-02 11:50:00,397.4,0,"Lê Chân, Phường Phù Vân, Tỉnh Ninh Bình",0.0,5.0,1,0,-3.3000000000000114,-0.6600000000000023,398.9,1.173456433079185,5.0,1,Stopped,0,0,0,0,0,VALID,VALID
35H-09245,2026-08-02 11:55:00,397.4,0,"Lê Chân, Phường Phù Vân, Tỉnh Ninh Bình",0.0,5.0,1,0,0.0,0.0,398.9,1.3765899899151708,5.0,1,Stopped,0,0,0,0,0,VALID,VALID
35H-09245,2026-08-02 12:00:00,397.3,0,"Lê Chân, Phường Phù Vân, Tỉnh Ninh Bình",0.0,5.0,1,0,-0.0999999999999659,-0.01999999999999318,397.4,1.4989996665557772,5.0,1,Stopped,0,0,0,0,0,VALID,VALID
35H-09245,2026-08-02 12:05:00,397.3,0,"Lê Chân, Phường Phù Vân, Tỉnh Ninh Bình",0.0,5.0,1,0,0.0,0.0,397.4,1.4989996665556484,5.0,1,Stopped,0,0,0,0,0,VALID,VALID
35H-09245,2026-08-02 12:10:00,397.3,0,"Lê Chân, Phường Phù Vân, Tỉnh Ninh Bình",0.0,5.0,1,0,0.0,0.0,397.3,0.05477225879254062,5.0,1,Stopped,0,0,0,0,0,VALID,VALID
35H-09245,2026-08-02 12:15:00,397.3,0,"Lê Chân, Phường Phù Vân, Tỉnh Ninh Bình",0.0,5.0,1,0,0.0,0.0,397.3,0.04472136327547232,5.0,1,Stopped,0,0,0,0,0,VALID,VALID
35H-09245,2026-08-02 12:20:00,397.3,0,"Lê Chân, Phường Phù Vân, Tỉnh Ninh Bình",0.0,5.0,1,0,0.0,0.0,397.3,0.0,5.0,1,Stopped,0,0,0,0,0,VALID,VALID
35H-09245,2026-08-02 12:25:00,397.3,0,"Lê Chân, Phường Phù Vân, Tỉnh Ninh Bình",0.0,5.0,1,0,0.0,0.0,397.3,0.0,5.0,1,Stopped,0,0,0,0,0,VALID,VALID
35H-09245,2026-08-02 12:30:00,397.3,0,"Lê Chân, Phường Phù Vân, Tỉnh Ninh Bình",0.0,5.0,1,0,0.0,0.0,397.3,0.0,5.0,1,Stopped,0,0,0,0,0,VALID,VALID
35H-09245,2026-08-02 12:35:00,397.3,0,"Lê Chân, Phường Phù Vân, Tỉnh Ninh Bình",0.0,5.0,1,0,0.0,0.0,397.3,0.0,5.0,1,Stopped,0,0,0,0,0,VALID,VALID
35H-09245,2026-08-02 12:40:00,397.3,0,"Lê Chân, Phường Phù Vân, Tỉnh Ninh Bình",0.0,5.0,1,0,0.0,0.0,397.3,0.0,5.0,1,Stopped,0,0,0,0,0,VALID,VALID
35H-09245,2026-08-02 12:45:00,397.3,0,"Lê Chân, Phường Phù Vân, Tỉnh Ninh Bình",0.0,5.0,1,0,0.0,0.0,397.3,0.0,5.0,1,Stopped,0,0,0,0,0,VALID,VALID
35H-09245,2026-08-02 12:50:00,397.3,0,"Lê Chân, Phường Phù Vân, Tỉnh Ninh Bình",0.0,5.0,1,0,0.0,0.0,397.3,0.0,5.0,1,Stopped,0,0,0,0,0,VALID,VALID
35H-09245,2026-08-02 12:55:00,397.3,0,"Lê Chân, Phường Phù Vân, Tỉnh Ninh Bình",0.0,5.0,1,0,0.0,0.0,397.3,0.0,5.0,1,Stopped,0,0,0,0,0,VALID,VALID
35H-09245,2026-08-02 13:00:00,397.3,0,"Lê Chân, Phường Phù Vân, Tỉnh Ninh Bình",0.0,5.0,1,0,0.0,0.0,397.3,0.0,5.0,1,Stopped,0,0,0,0,0,VALID,VALID
35H-09245,2026-08-02 13:05:00,397.3,0,"Lê Chân, Phường Phù Vân, Tỉnh Ninh Bình",0.0,5.0,1,0,0.0,0.0,397.3,0.0,5.0,1,Stopped,0,0,0,0,0,VALID,VALID
35H-09245,2026-08-02 13:10:00,397.3,0,"Lê Chân, Phường Phù Vân, Tỉnh Ninh Bình",0.0,5.0,1,0,0.0,0.0,397.3,0.0,5.0,1,Stopped,0,0,0,0,0,VALID,VALID
35H-09245,2026-08-02 13:15:00,397.3,0,"Lê Chân, Phường Phù Vân, Tỉnh Ninh Bình",0.0,5.0,1,0,0.0,0.0,397.3,0.0,5.0,1,Stopped,0,0,0,0,0,VALID,VALID
35H-09245,2026-08-02 13:20:00,397.3,0,"Lê Chân, Phường Phù Vân, Tỉnh Ninh Bình",0.0,5.0,1,0,0.0,0.0,397.3,0.0,5.0,1,Stopped,0,0,0,0,0,VALID,VALID
35H-09245,2026-08-02 13:25:00,397.3,0,"Lê Chân, Phường Phù Vân, Tỉnh Ninh Bình",0.0,5.0,1,0,0.0,0.0,397.3,0.0,5.0,1,Stopped,0,0,0,0,0,VALID,VALID
35H-09245,2026-08-02 13:30:00,397.3,0,"Lê Chân, Phường Phù Vân, Tỉnh Ninh Bình",0.0,5.0,1,0,0.0,0.0,397.3,0.0,5.0,1,Stopped,0,0,0,0,0,VALID,VALID
35H-09245,2026-08-02 13:35:00,397.3,0,"Lê Chân, Phường Phù Vân, Tỉnh Ninh Bình",0.0,5.0,1,0,0.0,0.0,397.3,0.0,5.0,1,Stopped,0,0,0,0,0,VALID,VALID
35H-09245,2026-08-02 13:40:00,397.3,0,"Lê Chân, Phường Phù Vân, Tỉnh Ninh Bình",0.0,5.0,1,0,0.0,0.0,397.3,0.0,5.0,1,Stopped,0,0,0,0,0,VALID,VALID
35H-09245,2026-08-02 13:45:00,397.3,0,"Lê Chân, Phường Phù Vân, Tỉnh Ninh Bình",0.0,5.0,1,0,0.0,0.0,397.3,0.0,5.0,1,Stopped,0,0,0,0,0,VALID,VALID
35H-09245,2026-08-02 13:50:00,397.3,0,"Lê Chân, Phường Phù Vân, Tỉnh Ninh Bình",0.0,5.0,1,0,0.0,0.0,397.3,0.0,5.0,1,Stopped,0,0,0,0,0,VALID,VALID
35H-09245,2026-08-02 13:55:00,397.3,0,"Lê Chân, Phường Phù Vân, Tỉnh Ninh Bình",0.0,5.0,1,0,0.0,0.0,397.3,0.0,5.0,1,Stopped,0,0,0,0,0,VALID,VALID
35H-09245,2026-08-02 14:00:00,397.3,0,"Lê Chân, Phường Phù Vân, Tỉnh Ninh Bình",0.0,5.0,1,0,0.0,0.0,397.3,0.0,5.0,1,Stopped,0,0,0,0,0,VALID,VALID
35H-09245,2026-08-02 14:05:00,397.3,0,"Lê Chân, Phường Phù Vân, Tỉnh Ninh Bình",0.0,5.0,1,0,0.0,0.0,397.3,0.0,5.0,1,Stopped,0,0,0,0,0,VALID,VALID
35H-09245,2026-08-02 14:10:00,397.3,0,"Lê Chân, Phường Phù Vân, Tỉnh Ninh Bình",0.0,5.0,1,0,0.0,0.0,397.3,0.0,5.0,1,Stopped,0,0,0,0,0,VALID,VALID
35H-09245,2026-08-02 14:15:00,397.3,0,"Lê Chân, Phường Phù Vân, Tỉnh Ninh Bình",0.0,5.0,1,0,0.0,0.0,397.3,0.0,5.0,1,Stopped,0,0,0,0,0,VALID,VALID
35H-09245,2026-08-02 14:20:00,397.3,0,"Lê Chân, Phường Phù Vân, Tỉnh Ninh Bình",0.0,5.0,1,0,0.0,0.0,397.3,0.0,5.0,1,Stopped,0,0,0,0,0,VALID,VALID
35H-09245,2026-08-02 14:25:00,397.3,0,"Lê Chân, Phường Phù Vân, Tỉnh Ninh Bình",0.0,5.0,1,0,0.0,0.0,397.3,0.0,5.0,1,Stopped,0,0,0,0,0,VALID,VALID
35H-09245,2026-08-02 14:30:00,397.3,0,"Lê Chân, Phường Phù Vân, Tỉnh Ninh Bình",0.0,5.0,1,0,0.0,0.0,397.3,0.0,5.0,1,Stopped,0,0,0,0,0,VALID,VALID
35H-09245,2026-08-02 14:35:00,397.3,0,"Lê Chân, Phường Phù Vân, Tỉnh Ninh Bình",0.0,5.0,1,0,0.0,0.0,397.3,0.0,5.0,1,Stopped,0,0,0,0,0,VALID,VALID
35H-09245,2026-08-02 14:40:00,397.3,0,"Lê Chân, Phường Phù Vân, Tỉnh Ninh Bình",0.0,5.0,1,0,0.0,0.0,397.3,0.0,5.0,1,Stopped,0,0,0,0,0,VALID,VALID
35H-09245,2026-08-02 14:45:00,397.3,0,"Lê Chân, Phường Phù Vân, Tỉnh Ninh Bình",0.0,5.0,1,0,0.0,0.0,397.3,0.0,5.0,1,Stopped,0,0,0,0,0,VALID,VALID
35H-09245,2026-08-02 14:50:00,397.3,0,"Lê Chân, Phường Phù Vân, Tỉnh Ninh Bình",0.0,5.0,1,0,0.0,0.0,397.3,0.0,5.0,1,Stopped,0,0,0,0,0,VALID,VALID
35H-09245,2026-08-02 14:55:00,397.3,0,"Lê Chân, Phường Phù Vân, Tỉnh Ninh Bình",0.0,5.0,1,0,0.0,0.0,397.3,0.0,5.0,1,Stopped,0,0,0,0,0,VALID,VALID
35H-09245,2026-08-02 15:00:00,397.3,0,"Lê Chân, Phường Phù Vân, Tỉnh Ninh Bình",0.0,5.0,1,0,0.0,0.0,397.3,0.0,5.0,1,Stopped,0,0,0,0,0,VALID,VALID
35H-09245,2026-08-02 15:05:00,397.3,0,"Lê Chân, Phường Phù Vân, Tỉnh Ninh Bình",0.0,5.0,1,0,0.0,0.0,397.3,0.0,5.0,1,Stopped,0,0,0,0,0,VALID,VALID
35H-09245,2026-08-02 15:10:00,397.3,0,"Lê Chân, Phường Phù Vân, Tỉnh Ninh Bình",0.0,5.0,1,0,0.0,0.0,397.3,0.0,5.0,1,Stopped,0,0,0,0,0,VALID,VALID
35H-09245,2026-08-02 15:15:00,397.3,0,"Lê Chân, Phường Phù Vân, Tỉnh Ninh Bình",0.0,5.0,1,0,0.0,0.0,397.3,0.0,5.0,1,Stopped,0,0,0,0,0,VALID,VALID
35H-09245,2026-08-02 15:20:00,397.4,0,"Lê Chân, Phường Phù Vân, Tỉnh Ninh Bình",0.0,5.0,1,0,0.0999999999999659,0.01999999999999318,397.3,0.04472136327547232,5.0,1,Stopped,0,0,0,0,0,VALID,VALID
35H-09245,2026-08-02 15:25:00,397.4,0,"Lê Chân, Phường Phù Vân, Tỉnh Ninh Bình",0.0,5.0,1,0,0.0,0.0,397.3,0.05477225879254062,5.0,1,Stopped,0,0,0,0,0,VALID,VALID
35H-09245,2026-08-02 15:30:00,397.4,0,"Lê Chân, Phường Phù Vân, Tỉnh Ninh Bình",0.0,5.0,1,0,0.0,0.0,397.4,0.054772258792736506,5.0,1,Stopped,0,0,0,0,0,VALID,VALID
35H-09245,2026-08-02 15:35:00,397.4,0,"Lê Chân, Phường Phù Vân, Tỉnh Ninh Bình",0.0,5.0,1,0,0.0,0.0,397.4,0.044721363276192055,5.0,1,Stopped,0,0,0,0,0,VALID,VALID
35H-09245,2026-08-02 15:40:00,397.4,0,"Lê Chân, Phường Phù Vân, Tỉnh Ninh Bình",0.0,5.0,1,0,0.0,0.0,397.4,0.0,5.0,1,Stopped,0,0,0,0,0,VALID,VALID
35H-09245,2026-08-02 15:45:00,397.4,0,"Lê Chân, Phường Phù Vân, Tỉnh Ninh Bình",0.0,5.0,1,0,0.0,0.0,397.4,0.0,5.0,1,Stopped,0,0,0,0,0,VALID,VALID
35H-09245,2026-08-02 15:50:00,397.4,0,"Lê Chân, Phường Phù Vân, Tỉnh Ninh Bình",0.0,5.0,1,0,0.0,0.0,397.4,0.0,5.0,1,Stopped,0,0,0,0,0,VALID,VALID
35H-09245,2026-08-02 15:55:00,397.4,0,"Lê Chân, Phường Phù Vân, Tỉnh Ninh Bình",0.0,5.0,1,0,0.0,0.0,397.4,0.0,5.0,1,Stopped,0,0,0,0,0,VALID,VALID
35H-09245,2026-08-02 16:00:00,397.4,0,"Lê Chân, Phường Phù Vân, Tỉnh Ninh Bình",0.0,5.0,1,0,0.0,0.0,397.4,0.0,5.0,1,Stopped,0,0,0,0,0,VALID,VALID
35H-09245,2026-08-02 16:05:00,397.4,0,"Lê Chân, Phường Phù Vân, Tỉnh Ninh Bình",0.0,5.0,1,0,0.0,0.0,397.4,0.0,5.0,1,Stopped,0,0,0,0,0,VALID,VALID
35H-09245,2026-08-02 16:10:00,397.5,0,"Lê Chân, Phường Phù Vân, Tỉnh Ninh Bình",0.0,5.0,1,0,0.10000000000002274,0.02000000000000455,397.4,0.044721363276729084,5.0,1,Stopped,0,0,0,0,0,VALID,VALID
35H-09245,2026-08-02 16:15:00,397.5,0,"Lê Chân, Phường Phù Vân, Tỉnh Ninh Bình",0.0,5.0,1,0,0.0,0.0,397.4,0.05477225879360763,5.0,1,Stopped,0,0,0,0,0,VALID,VALID
35H-09245,2026-08-02 16:20:00,397.5,0,"Lê Chân, Phường Phù Vân, Tỉnh Ninh Bình",0.0,5.0,1,0,0.0,0.0,397.5,0.054772258793838534,5.0,1,Stopped,0,0,0,0,0,VALID,VALID
35H-09245,2026-08-02 16:25:00,397.6,0,"Lê Chân, Phường Phù Vân, Tỉnh Ninh Bình",0.0,5.0,1,0,0.10000000000002274,0.02000000000000455,397.5,0.0707106804763755,5.0,1,Stopped,0,0,0,0,0,VALID,VALID
35H-09245,2026-08-02 16:30:00,397.6,0,"Lê Chân, Phường Phù Vân, Tỉnh Ninh Bình",0.0,5.0,1,0,0.0,0.0,397.5,0.054772258794782945,5.0,1,Stopped,0,0,0,0,0,VALID,VALID
35H-09245,2026-08-02 16:35:00,397.6,0,"Lê Chân, Phường Phù Vân, Tỉnh Ninh Bình",0.0,5.0,1,0,0.0,0.0,397.6,0.05477225879501386,5.0,1,Stopped,0,0,0,0,0,VALID,VALID
35H-09245,2026-08-02 16:40:00,397.6,0,"Lê Chân, Phường Phù Vân, Tỉnh Ninh Bình",0.0,5.0,1,0,0.0,0.0,397.6,0.044721363279016976,5.0,1,Stopped,0,0,0,0,0,VALID,VALID
35H-09245,2026-08-02 16:45:00,397.6,0,"Lê Chân, Phường Phù Vân, Tỉnh Ninh Bình",0.0,5.0,1,0,0.0,0.0,397.6,0.0,5.0,1,Stopped,0,0,0,0,0,VALID,VALID
35H-09245,2026-08-02 16:50:00,397.6,0,"Lê Chân, Phường Phù Vân, Tỉnh Ninh Bình",0.0,5.0,1,0,0.0,0.0,397.6,0.0,5.0,1,Stopped,0,0,0,0,0,VALID,VALID
35H-09245,2026-08-02 16:55:00,397.6,0,"Lê Chân, Phường Phù Vân, Tỉnh Ninh Bình",0.0,5.0,1,0,0.0,0.0,397.6,0.0,5.0,1,Stopped,0,0,0,0,0,VALID,VALID
35H-09245,2026-08-02 17:00:00,397.6,0,"Lê Chân, Phường Phù Vân, Tỉnh Ninh Bình",0.0,5.0,1,0,0.0,0.0,397.6,0.0,5.0,1,Stopped,0,0,0,0,0,VALID,VALID
35H-09245,2026-08-02 17:05:00,397.6,0,"Lê Chân, Phường Phù Vân, Tỉnh Ninh Bình",0.0,5.0,1,0,0.0,0.0,397.6,0.0,5.0,1,Stopped,0,0,0,0,0,VALID,VALID
35H-09245,2026-08-02 17:10:00,397.6,0,"Lê Chân, Phường Phù Vân, Tỉnh Ninh Bình",0.0,5.0,1,0,0.0,0.0,397.6,0.0,5.0,1,Stopped,0,0,0,0,0,VALID,VALID
35H-09245,2026-08-02 17:15:00,397.6,0,"Lê Chân, Phường Phù Vân, Tỉnh Ninh Bình",0.0,5.0,1,0,0.0,0.0,397.6,0.0,5.0,1,Stopped,0,0,0,0,0,VALID,VALID
35H-09245,2026-08-02 17:20:00,397.6,0,"Lê Chân, Phường Phù Vân, Tỉnh Ninh Bình",0.0,5.0,1,0,0.0,0.0,397.6,0.0,5.0,1,Stopped,0,0,0,0,0,VALID,VALID
35H-09245,2026-08-02 17:25:00,397.6,0,"Lê Chân, Phường Phù Vân, Tỉnh Ninh Bình",0.0,5.0,1,0,0.0,0.0,397.6,0.0,5.0,1,Stopped,0,0,0,0,0,VALID,VALID
35H-09245,2026-08-02 17:30:00,397.6,0,"Lê Chân, Phường Phù Vân, Tỉnh Ninh Bình",0.0,5.0,1,0,0.0,0.0,397.6,0.0,5.0,1,Stopped,0,0,0,0,0,VALID,VALID
35H-09245,2026-08-02 17:35:00,397.6,0,"Lê Chân, Phường Phù Vân, Tỉnh Ninh Bình",0.0,5.0,1,0,0.0,0.0,397.6,0.0,5.0,1,Stopped,0,0,0,0,0,VALID,VALID
35H-09245,2026-08-02 17:40:00,397.6,0,"Lê Chân, Phường Phù Vân, Tỉnh Ninh Bình",0.0,5.0,1,0,0.0,0.0,397.6,0.0,5.0,1,Stopped,0,0,0,0,0,VALID,VALID
35H-09245,2026-08-02 17:45:00,397.6,0,"Lê Chân, Phường Phù Vân, Tỉnh Ninh Bình",0.0,5.0,1,0,0.0,0.0,397.6,0.0,5.0,1,Stopped,0,0,0,0,0,VALID,VALID
35H-09245,2026-08-02 17:50:00,397.6,0,"Lê Chân, Phường Phù Vân, Tỉnh Ninh Bình",0.0,5.0,1,0,0.0,0.0,397.6,0.0,5.0,1,Stopped,0,0,0,0,0,VALID,VALID
35H-09245,2026-08-02 17:55:00,397.6,0,"Lê Chân, Phường Phù Vân, Tỉnh Ninh Bình",0.0,5.0,1,0,0.0,0.0,397.6,0.0,5.0,1,Stopped,0,0,0,0,0,VALID,VALID
35H-09245,2026-08-02 18:00:00,397.6,0,"Lê Chân, Phường Phù Vân, Tỉnh Ninh Bình",0.0,5.0,1,0,0.0,0.0,397.6,0.0,5.0,1,Stopped,0,0,0,0,0,VALID,VALID
35H-09245,2026-08-02 18:05:00,397.6,0,"Lê Chân, Phường Phù Vân, Tỉnh Ninh Bình",0.0,5.0,1,0,0.0,0.0,397.6,0.0,5.0,1,Stopped,0,0,0,0,0,VALID,VALID
35H-09245,2026-08-02 18:10:00,397.7,0,"Lê Chân, Phường Phù Vân, Tỉnh Ninh Bình",0.0,5.0,1,0,0.0999999999999659,0.01999999999999318,397.6,0.04472136327959531,5.0,1,Stopped,0,0,0,0,0,VALID,VALID
35H-09245,2026-08-02 18:15:00,397.7,0,"Lê Chân, Phường Phù Vân, Tỉnh Ninh Bình",0.0,5.0,1,0,0.0,0.0,397.6,0.05477225879595373,5.0,1,Stopped,0,0,0,0,0,VALID,VALID
35H-09245,2026-08-02 18:20:00,397.7,0,"Lê Chân, Phường Phù Vân, Tỉnh Ninh Bình",0.0,5.0,1,0,0.0,0.0,397.7,0.054772258796196314,5.0,1,Stopped,0,0,0,0,0,VALID,VALID
35H-09245,2026-08-02 18:25:00,397.7,0,"Lê Chân, Phường Phù Vân, Tỉnh Ninh Bình",0.0,5.0,1,0,0.0,0.0,397.7,0.04472136328048664,5.0,1,Stopped,0,0,0,0,0,VALID,VALID
35H-09245,2026-08-02 18:30:00,397.7,0,"Lê Chân, Phường Phù Vân, Tỉnh Ninh Bình",0.0,5.0,1,0,0.0,0.0,397.7,0.0,5.0,1,Stopped,0,0,0,0,0,VALID,VALID
35H-09245,2026-08-02 18:35:00,397.7,0,"Lê Chân, Phường Phù Vân, Tỉnh Ninh Bình",0.0,5.0,1,0,0.0,0.0,397.7,0.0,5.0,1,Stopped,0,0,0,0,0,VALID,VALID
35H-09245,2026-08-02 18:40:00,397.7,0,"Lê Chân, Phường Phù Vân, Tỉnh Ninh Bình",0.0,5.0,1,0,0.0,0.0,397.7,0.0,5.0,1,Stopped,0,0,0,0,0,VALID,VALID
35H-09245,2026-08-02 18:45:00,397.7,0,"Lê Chân, Phường Phù Vân, Tỉnh Ninh Bình",0.0,5.0,1,0,0.0,0.0,397.7,0.0,5.0,1,Stopped,0,0,0,0,0,VALID,VALID
35H-09245,2026-08-02 18:50:00,397.7,0,"Lê Chân, Phường Phù Vân, Tỉnh Ninh Bình",0.0,5.0,1,0,0.0,0.0,397.7,0.0,5.0,1,Stopped,0,0,0,0,0,VALID,VALID
35H-09245,2026-08-02 18:55:00,397.7,0,"Lê Chân, Phường Phù Vân, Tỉnh Ninh Bình",0.0,5.0,1,0,0.0,0.0,397.7,0.0,5.0,1,Stopped,0,0,0,0,0,VALID,VALID
35H-09245,2026-08-02 19:00:00,397.7,0,"Lê Chân, Phường Phù Vân, Tỉnh Ninh Bình",0.0,5.0,1,0,0.0,0.0,397.7,0.0,5.0,1,Stopped,0,0,0,0,0,VALID,VALID
35H-09245,2026-08-02 19:05:00,397.7,0,"Lê Chân, Phường Phù Vân, Tỉnh Ninh Bình",0.0,5.0,1,0,0.0,0.0,397.7,0.0,5.0,1,Stopped,0,0,0,0,0,VALID,VALID
35H-09245,2026-08-02 19:10:00,397.7,0,"Lê Chân, Phường Phù Vân, Tỉnh Ninh Bình",0.0,5.0,1,0,0.0,0.0,397.7,0.0,5.0,1,Stopped,0,0,0,0,0,VALID,VALID
35H-09245,2026-08-02 19:15:00,397.7,0,"Lê Chân, Phường Phù Vân, Tỉnh Ninh Bình",0.0,5.0,1,0,0.0,0.0,397.7,0.0,5.0,1,Stopped,0,0,0,0,0,VALID,VALID
35H-09245,2026-08-02 19:20:00,397.7,0,"Lê Chân, Phường Phù Vân, Tỉnh Ninh Bình",0.0,5.0,1,0,0.0,0.0,397.7,0.0,5.0,1,Stopped,0,0,0,0,0,VALID,VALID
35H-09245,2026-08-02 19:25:00,397.7,0,"Lê Chân, Phường Phù Vân, Tỉnh Ninh Bình",0.0,5.0,1,0,0.0,0.0,397.7,0.0,5.0,1,Stopped,0,0,0,0,0,VALID,VALID
35H-09245,2026-08-02 19:30:00,397.7,0,"Lê Chân, Phường Phù Vân, Tỉnh Ninh Bình",0.0,5.0,1,0,0.0,0.0,397.7,0.0,5.0,1,Stopped,0,0,0,0,0,VALID,VALID
35H-09245,2026-08-02 19:35:00,397.7,0,"Lê Chân, Phường Phù Vân, Tỉnh Ninh Bình",0.0,5.0,1,0,0.0,0.0,397.7,0.0,5.0,1,Stopped,0,0,0,0,0,VALID,VALID
35H-09245,2026-08-02 19:40:00,397.7,0,"Lê Chân, Phường Phù Vân, Tỉnh Ninh Bình",0.0,5.0,1,0,0.0,0.0,397.7,0.0,5.0,1,Stopped,0,0,0,0,0,VALID,VALID
35H-09245,2026-08-02 19:45:00,397.7,0,"Lê Chân, Phường Phù Vân, Tỉnh Ninh Bình",0.0,5.0,1,0,0.0,0.0,397.7,0.0,5.0,1,Stopped,0,0,0,0,0,VALID,VALID
35H-09245,2026-08-02 19:50:00,397.7,0,"Lê Chân, Phường Phù Vân, Tỉnh Ninh Bình",0.0,5.0,1,0,0.0,0.0,397.7,0.0,5.0,1,Stopped,0,0,0,0,0,VALID,VALID
35H-09245,2026-08-02 19:55:00,397.7,0,"Lê Chân, Phường Phù Vân, Tỉnh Ninh Bình",0.0,5.0,1,0,0.0,0.0,397.7,0.0,5.0,1,Stopped,0,0,0,0,0,VALID,VALID
35H-09245,2026-08-02 20:00:00,397.7,0,"Lê Chân, Phường Phù Vân, Tỉnh Ninh Bình",0.0,5.0,1,0,0.0,0.0,397.7,0.0,5.0,1,Stopped,0,0,0,0,0,VALID,VALID
35H-09245,2026-08-02 20:05:00,397.7,0,"Lê Chân, Phường Phù Vân, Tỉnh Ninh Bình",0.0,5.0,1,0,0.0,0.0,397.7,0.0,5.0,1,Stopped,0,0,0,0,0,VALID,VALID
35H-09245,2026-08-02 20:10:00,397.7,0,"Lê Chân, Phường Phù Vân, Tỉnh Ninh Bình",0.0,5.0,1,0,0.0,0.0,397.7,0.0,5.0,1,Stopped,0,0,0,0,0,VALID,VALID
35H-09245,2026-08-02 20:15:00,397.7,0,"Lê Chân, Phường Phù Vân, Tỉnh Ninh Bình",0.0,5.0,1,0,0.0,0.0,397.7,0.0,5.0,1,Stopped,0,0,0,0,0,VALID,VALID
35H-09245,2026-08-02 20:20:00,397.7,0,"Lê Chân, Phường Phù Vân, Tỉnh Ninh Bình",0.0,5.0,1,0,0.0,0.0,397.7,0.0,5.0,1,Stopped,0,0,0,0,0,VALID,VALID
35H-09245,2026-08-02 20:25:00,397.7,0,"Lê Chân, Phường Phù Vân, Tỉnh Ninh Bình",0.0,5.0,1,0,0.0,0.0,397.7,0.0,5.0,1,Stopped,0,0,0,0,0,VALID,VALID
35H-09245,2026-08-02 20:30:00,397.7,0,"Lê Chân, Phường Phù Vân, Tỉnh Ninh Bình",0.0,5.0,1,0,0.0,0.0,397.7,0.0,5.0,1,Stopped,0,0,0,0,0,VALID,VALID
35H-09245,2026-08-02 20:35:00,397.7,0,"Lê Chân, Phường Phù Vân, Tỉnh Ninh Bình",0.0,5.0,1,0,0.0,0.0,397.7,0.0,5.0,1,Stopped,0,0,0,0,0,VALID,VALID
35H-09245,2026-08-02 20:40:00,397.7,0,"Lê Chân, Phường Phù Vân, Tỉnh Ninh Bình",0.0,5.0,1,0,0.0,0.0,397.7,0.0,5.0,1,Stopped,0,0,0,0,0,VALID,VALID
35H-09245,2026-08-02 20:45:00,397.7,0,"Lê Chân, Phường Phù Vân, Tỉnh Ninh Bình",0.0,5.0,1,0,0.0,0.0,397.7,0.0,5.0,1,Stopped,0,0,0,0,0,VALID,VALID
35H-09245,2026-08-02 20:50:00,397.7,0,"Lê Chân, Phường Phù Vân, Tỉnh Ninh Bình",0.0,5.0,1,0,0.0,0.0,397.7,0.0,5.0,1,Stopped,0,0,0,0,0,VALID,VALID
35H-09245,2026-08-02 20:55:00,397.7,0,"Lê Chân, Phường Phù Vân, Tỉnh Ninh Bình",0.0,5.0,1,0,0.0,0.0,397.7,0.0,5.0,1,Stopped,0,0,0,0,0,VALID,VALID
35H-09245,2026-08-02 21:00:00,397.7,0,"Lê Chân, Phường Phù Vân, Tỉnh Ninh Bình",0.0,5.0,1,0,0.0,0.0,397.7,0.0,5.0,1,Stopped,0,0,0,0,0,VALID,VALID
35H-09245,2026-08-02 21:05:00,397.7,0,"Lê Chân, Phường Phù Vân, Tỉnh Ninh Bình",0.0,5.0,1,0,0.0,0.0,397.7,0.0,5.0,1,Stopped,0,0,0,0,0,VALID,VALID
35H-09245,2026-08-02 21:10:00,397.7,0,"Lê Chân, Phường Phù Vân, Tỉnh Ninh Bình",0.0,5.0,1,0,0.0,0.0,397.7,0.0,5.0,1,Stopped,0,0,0,0,0,VALID,VALID
35H-09245,2026-08-02 21:15:00,397.7,0,"Lê Chân, Phường Phù Vân, Tỉnh Ninh Bình",0.0,5.0,1,0,0.0,0.0,397.7,0.0,5.0,1,Stopped,0,0,0,0,0,VALID,VALID
35H-09245,2026-08-02 21:20:00,397.7,0,"Lê Chân, Phường Phù Vân, Tỉnh Ninh Bình",0.0,5.0,1,0,0.0,0.0,397.7,0.0,5.0,1,Stopped,0,0,0,0,0,VALID,VALID
35H-09245,2026-08-02 21:25:00,397.7,0,"Lê Chân, Phường Phù Vân, Tỉnh Ninh Bình",0.0,5.0,1,0,0.0,0.0,397.7,0.0,5.0,1,Stopped,0,0,0,0,0,VALID,VALID
35H-09245,2026-08-02 21:30:00,397.8,0,"Lê Chân, Phường Phù Vân, Tỉnh Ninh Bình",0.0,5.0,1,0,0.10000000000002274,0.02000000000000455,397.7,0.04472136328115076,5.0,1,Stopped,0,0,0,0,0,VALID,VALID
35H-09245,2026-08-02 21:35:00,397.8,0,"Lê Chân, Phường Phù Vân, Tỉnh Ninh Bình",0.0,5.0,1,0,0.0,0.0,397.7,0.05477225879727499,5.0,1,Stopped,0,0,0,0,0,VALID,VALID
35H-09245,2026-08-02 21:40:00,397.8,0,"Lê Chân, Phường Phù Vân, Tỉnh Ninh Bình",0.0,5.0,1,0,0.0,0.0,397.8,0.05477225879756299,5.0,1,Stopped,0,0,0,0,0,VALID,VALID
35H-09245,2026-08-02 21:45:00,397.8,0,"Lê Chân, Phường Phù Vân, Tỉnh Ninh Bình",0.0,5.0,1,0,0.0,0.0,397.8,0.04472136328220892,5.0,1,Stopped,0,0,0,0,0,VALID,VALID
35H-09245,2026-08-02 21:50:00,397.8,0,"Lê Chân, Phường Phù Vân, Tỉnh Ninh Bình",0.0,5.0,1,0,0.0,0.0,397.8,0.0,5.0,1,Stopped,0,0,0,0,0,VALID,VALID
35H-09245,2026-08-02 21:55:00,397.8,0,"Lê Chân, Phường Phù Vân, Tỉnh Ninh Bình",0.0,5.0,1,0,0.0,0.0,397.8,0.0,5.0,1,Stopped,0,0,0,0,0,VALID,VALID
35H-09245,2026-08-02 22:00:00,397.8,0,"Lê Chân, Phường Phù Vân, Tỉnh Ninh Bình",0.0,5.0,1,0,0.0,0.0,397.8,0.0,5.0,1,Stopped,0,0,0,0,0,VALID,VALID
35H-09245,2026-08-02 22:05:00,397.8,0,"Lê Chân, Phường Phù Vân, Tỉnh Ninh Bình",0.0,5.0,1,0,0.0,0.0,397.8,0.0,5.0,1,Stopped,0,0,0,0,0,VALID,VALID
35H-09245,2026-08-02 22:10:00,397.8,0,"Lê Chân, Phường Phù Vân, Tỉnh Ninh Bình",0.0,5.0,1,0,0.0,0.0,397.8,0.0,5.0,1,Stopped,0,0,0,0,0,VALID,VALID
35H-09245,2026-08-02 22:15:00,397.9,0,"Lê Chân, Phường Phù Vân, Tỉnh Ninh Bình",0.0,5.0,1,0,0.0999999999999659,0.01999999999999318,397.8,0.04472136328294296,5.0,1,Stopped,0,0,0,0,0,VALID,VALID
35H-09245,2026-08-02 22:20:00,397.9,0,"Lê Chân, Phường Phù Vân, Tỉnh Ninh Bình",0.0,5.0,1,0,0.0,0.0,397.8,0.0547722587987675,5.0,1,Stopped,0,0,0,0,0,VALID,VALID
35H-09245,2026-08-02 22:25:00,397.9,0,"Lê Chân, Phường Phù Vân, Tỉnh Ninh Bình",0.0,5.0,1,0,0.0,0.0,397.9,0.05477225879909052,5.0,1,Stopped,0,0,0,0,0,VALID,VALID
35H-09245,2026-08-02 22:30:00,397.9,0,"Lê Chân, Phường Phù Vân, Tỉnh Ninh Bình",0.0,5.0,1,0,0.0,0.0,397.9,0.0447213632841298,5.0,1,Stopped,0,0,0,0,0,VALID,VALID
35H-09245,2026-08-02 22:35:00,397.9,0,"Lê Chân, Phường Phù Vân, Tỉnh Ninh Bình",0.0,5.0,1,0,0.0,0.0,397.9,0.0,5.0,1,Stopped,0,0,0,0,0,VALID,VALID
35H-09245,2026-08-02 22:40:00,397.9,0,"Lê Chân, Phường Phù Vân, Tỉnh Ninh Bình",0.0,5.0,1,0,0.0,0.0,397.9,0.0,5.0,1,Stopped,0,0,0,0,0,VALID,VALID
35H-09245,2026-08-02 22:45:00,397.8,0,"Lê Chân, Phường Phù Vân, Tỉnh Ninh Bình",0.0,5.0,1,0,-0.0999999999999659,-0.01999999999999318,397.9,0.0447213632841298,5.0,1,Stopped,0,0,0,0,0,VALID,VALID
35H-09245,2026-08-02 22:50:00,397.8,0,"Lê Chân, Phường Phù Vân, Tỉnh Ninh Bình",0.0,5.0,1,0,0.0,0.0,397.9,0.05477225879909052,5.0,1,Stopped,0,0,0,0,0,VALID,VALID
35H-09245,2026-08-02 22:55:00,397.8,0,"Lê Chân, Phường Phù Vân, Tỉnh Ninh Bình",0.0,5.0,1,0,0.0,0.0,397.8,0.0547722587987675,5.0,1,Stopped,0,0,0,0,0,VALID,VALID
35H-09245,2026-08-02 23:00:00,397.9,0,"Lê Chân, Phường Phù Vân, Tỉnh Ninh Bình",0.0,5.0,1,0,0.0999999999999659,0.01999999999999318,397.8,0.0547722587987675,5.0,1,Stopped,0,0,0,0,0,VALID,VALID
35H-09245,2026-08-02 23:05:00,397.9,0,"Lê Chân, Phường Phù Vân, Tỉnh Ninh Bình",0.0,5.0,1,0,0.0,0.0,397.8,0.0547722587987675,5.0,1,Stopped,0,0,0,0,0,VALID,VALID
35H-09245,2026-08-02 23:10:00,397.9,0,"Lê Chân, Phường Phù Vân, Tỉnh Ninh Bình",0.0,5.0,1,0,0.0,0.0,397.9,0.05477225879909052,5.0,1,Stopped,0,0,0,0,0,VALID,VALID
35H-09245,2026-08-02 23:15:00,397.9,0,"Lê Chân, Phường Phù Vân, Tỉnh Ninh Bình",0.0,5.0,1,0,0.0,0.0,397.9,0.0447213632841298,5.0,1,Stopped,0,0,0,0,0,VALID,VALID
35H-09245,2026-08-02 23:20:00,397.9,0,"Lê Chân, Phường Phù Vân, Tỉnh Ninh Bình",0.0,5.0,1,0,0.0,0.0,397.9,0.0,5.0,1,Stopped,0,0,0,0,0,VALID,VALID
35H-09245,2026-08-02 23:25:00,397.9,0,"Lê Chân, Phường Phù Vân, Tỉnh Ninh Bình",0.0,5.0,1,0,0.0,0.0,397.9,0.0,5.0,1,Stopped,0,0,0,0,0,VALID,VALID
35H-09245,2026-08-02 23:30:00,397.9,0,"Lê Chân, Phường Phù Vân, Tỉnh Ninh Bình",0.0,5.0,1,0,0.0,0.0,397.9,0.0,5.0,1,Stopped,0,0,0,0,0,VALID,VALID
35H-09245,2026-08-02 23:35:00,397.9,0,"Lê Chân, Phường Phù Vân, Tỉnh Ninh Bình",0.0,5.0,1,0,0.0,0.0,397.9,0.0,5.0,1,Stopped,0,0,0,0,0,VALID,VALID
35H-09245,2026-08-02 23:40:00,397.9,0,"Lê Chân, Phường Phù Vân, Tỉnh Ninh Bình",0.0,5.0,1,0,0.0,0.0,397.9,0.0,5.0,1,Stopped,0,0,0,0,0,VALID,VALID
35H-09245,2026-08-02 23:45:00,397.9,0,"Lê Chân, Phường Phù Vân, Tỉnh Ninh Bình",0.0,5.0,1,0,0.0,0.0,397.9,0.0,5.0,1,Stopped,0,0,0,0,0,VALID,VALID
35H-09245,2026-08-02 23:50:00,397.9,0,"Lê Chân, Phường Phù Vân, Tỉnh Ninh Bình",0.0,5.0,1,0,0.0,0.0,397.9,0.0,5.0,1,Stopped,0,0,0,0,0,VALID,VALID
35H-09245,2026-08-02 23:55:00,397.9,0,"Lê Chân, Phường Phù Vân, Tỉnh Ninh Bình",0.0,5.0,1,0,0.0,0.0,397.9,0.0,5.0,1,Stopped,0,0,0,0,0,VALID,VALID
35H-09245,2026-08-03 00:00:00,397.9,0,"Lê Chân, Phường Phù Vân, Tỉnh Ninh Bình",0.0,5.0,1,0,0.0,0.0,397.9,0.0,5.0,1,Stopped,0,0,0,0,0,VALID,VALID
35H-09245,2026-08-03 00:05:00,397.9,0,"Lê Chân, Phường Phù Vân, Tỉnh Ninh Bình",0.0,5.0,1,0,0.0,0.0,397.9,0.0,5.0,1,Stopped,0,0,0,0,0,VALID,VALID
35H-09245,2026-08-03 00:10:00,397.9,0,"Lê Chân, Phường Phù Vân, Tỉnh Ninh Bình",0.0,5.0,1,0,0.0,0.0,397.9,0.0,5.0,1,Stopped,0,0,0,0,0,VALID,VALID
35H-09245,2026-08-03 00:15:00,397.9,0,"Lê Chân, Phường Phù Vân, Tỉnh Ninh Bình",0.0,5.0,1,0,0.0,0.0,397.9,0.0,5.0,1,Stopped,0,0,0,0,0,VALID,VALID
35H-09245,2026-08-03 00:20:00,397.9,0,"Lê Chân, Phường Phù Vân, Tỉnh Ninh Bình",0.0,5.0,1,0,0.0,0.0,397.9,0.0,5.0,1,Stopped,0,0,0,0,0,VALID,VALID
35H-09245,2026-08-03 00:25:00,397.9,0,"Lê Chân, Phường Phù Vân, Tỉnh Ninh Bình",0.0,5.0,1,0,0.0,0.0,397.9,0.0,5.0,1,Stopped,0,0,0,0,0,VALID,VALID
35H-09245,2026-08-03 00:30:00,397.9,0,"Lê Chân, Phường Phù Vân, Tỉnh Ninh Bình",0.0,5.0,1,0,0.0,0.0,397.9,0.0,5.0,1,Stopped,0,0,0,0,0,VALID,VALID
35H-09245,2026-08-03 00:35:00,397.9,0,"Lê Chân, Phường Phù Vân, Tỉnh Ninh Bình",0.0,5.0,1,0,0.0,0.0,397.9,0.0,5.0,1,Stopped,0,0,0,0,0,VALID,VALID
35H-09245,2026-08-03 00:40:00,397.9,0,"Lê Chân, Phường Phù Vân, Tỉnh Ninh Bình",0.0,5.0,1,0,0.0,0.0,397.9,0.0,5.0,1,Stopped,0,0,0,0,0,VALID,VALID
35H-09245,2026-08-03 00:45:00,397.9,0,"Lê Chân, Phường Phù Vân, Tỉnh Ninh Bình",0.0,5.0,1,0,0.0,0.0,397.9,0.0,5.0,1,Stopped,0,0,0,0,0,VALID,VALID
35H-09245,2026-08-03 00:50:00,397.9,0,"Lê Chân, Phường Phù Vân, Tỉnh Ninh Bình",0.0,5.0,1,0,0.0,0.0,397.9,0.0,5.0,1,Stopped,0,0,0,0,0,VALID,VALID
35H-09245,2026-08-03 00:55:00,397.9,0,"Lê Chân, Phường Phù Vân, Tỉnh Ninh Bình",0.0,5.0,1,0,0.0,0.0,397.9,0.0,5.0,1,Stopped,0,0,0,0,0,VALID,VALID
35H-09245,2026-08-03 01:00:00,397.9,0,"Lê Chân, Phường Phù Vân, Tỉnh Ninh Bình",0.0,5.0,1,0,0.0,0.0,397.9,0.0,5.0,1,Stopped,0,0,0,0,0,VALID,VALID
35H-09245,2026-08-03 01:05:00,397.8,0,"Lê Chân, Phường Phù Vân, Tỉnh Ninh Bình",0.0,5.0,1,0,-0.0999999999999659,-0.01999999999999318,397.9,0.0447213632841298,5.0,1,Stopped,0,0,0,0,0,VALID,VALID
35H-09245,2026-08-03 01:10:00,397.8,0,"Lê Chân, Phường Phù Vân, Tỉnh Ninh Bình",0.0,5.0,1,0,0.0,0.0,397.9,0.05477225879909052,5.0,1,Stopped,0,0,0,0,0,VALID,VALID
35H-09245,2026-08-03 01:15:00,397.9,0,"Lê Chân, Phường Phù Vân, Tỉnh Ninh Bình",0.0,5.0,1,0,0.0999999999999659,0.01999999999999318,397.9,0.05477225879909052,5.0,1,Stopped,0,0,0,0,0,VALID,VALID
35H-09245,2026-08-03 01:20:00,397.9,0,"Lê Chân, Phường Phù Vân, Tỉnh Ninh Bình",0.0,5.0,1,0,0.0,0.0,397.9,0.05477225879909052,5.0,1,Stopped,0,0,0,0,0,VALID,VALID
35H-09245,2026-08-03 01:25:00,397.9,0,"Lê Chân, Phường Phù Vân, Tỉnh Ninh Bình",0.0,5.0,1,0,0.0,0.0,397.9,0.05477225879909052,5.0,1,Stopped,0,0,0,0,0,VALID,VALID
35H-09245,2026-08-03 01:31:00,397.9,0,"Lê Chân, Phường Phù Vân, Tỉnh Ninh Bình",0.0,6.0,1,0,0.0,0.0,397.9,0.0447213632841298,5.0,1,Stopped,0,0,0,0,0,VALID,VALID
35H-09245,2026-08-03 01:35:00,397.9,0,"Lê Chân, Phường Phù Vân, Tỉnh Ninh Bình",0.0,4.0,1,0,0.0,0.0,397.9,0.0,5.0,1,Stopped,0,0,0,0,0,VALID,VALID
35H-09245,2026-08-03 01:40:00,397.9,0,"Lê Chân, Phường Phù Vân, Tỉnh Ninh Bình",0.0,5.0,1,0,0.0,0.0,397.9,0.0,5.0,1,Stopped,0,0,0,0,0,VALID,VALID
35H-09245,2026-08-03 01:45:00,397.9,0,"Lê Chân, Phường Phù Vân, Tỉnh Ninh Bình",0.0,5.0,1,0,0.0,0.0,397.9,0.0,5.0,1,Stopped,0,0,0,0,0,VALID,VALID
35H-09245,2026-08-03 01:50:00,397.9,0,"Lê Chân, Phường Phù Vân, Tỉnh Ninh Bình",0.0,5.0,1,0,0.0,0.0,397.9,0.0,5.0,1,Stopped,0,0,0,0,0,VALID,VALID
35H-09245,2026-08-03 01:55:00,397.9,0,"Lê Chân, Phường Phù Vân, Tỉnh Ninh Bình",0.0,5.0,1,0,0.0,0.0,397.9,0.0,5.0,1,Stopped,0,0,0,0,0,VALID,VALID
35H-09245,2026-08-03 02:00:00,397.9,0,"Lê Chân, Phường Phù Vân, Tỉnh Ninh Bình",0.0,5.0,1,0,0.0,0.0,397.9,0.0,5.0,1,Stopped,0,0,0,0,0,VALID,VALID
35H-09245,2026-08-03 02:05:00,397.9,0,"Lê Chân, Phường Phù Vân, Tỉnh Ninh Bình",0.0,5.0,1,0,0.0,0.0,397.9,0.0,5.0,1,Stopped,0,0,0,0,0,VALID,VALID
35H-09245,2026-08-03 02:10:00,397.9,0,"Lê Chân, Phường Phù Vân, Tỉnh Ninh Bình",0.0,5.0,1,0,0.0,0.0,397.9,0.0,5.0,1,Stopped,0,0,0,0,0,VALID,VALID
35H-09245,2026-08-03 02:15:00,397.9,0,"Lê Chân, Phường Phù Vân, Tỉnh Ninh Bình",0.0,5.0,1,0,0.0,0.0,397.9,0.0,5.0,1,Stopped,0,0,0,0,0,VALID,VALID
35H-09245,2026-08-03 02:20:00,397.9,0,"Lê Chân, Phường Phù Vân, Tỉnh Ninh Bình",0.0,5.0,1,0,0.0,0.0,397.9,0.0,5.0,1,Stopped,0,0,0,0,0,VALID,VALID
35H-09245,2026-08-03 02:25:00,397.9,0,"Lê Chân, Phường Phù Vân, Tỉnh Ninh Bình",0.0,5.0,1,0,0.0,0.0,397.9,0.0,5.0,1,Stopped,0,0,0,0,0,VALID,VALID
35H-09245,2026-08-03 02:30:00,397.9,0,"Lê Chân, Phường Phù Vân, Tỉnh Ninh Bình",0.0,5.0,1,0,0.0,0.0,397.9,0.0,5.0,1,Stopped,0,0,0,0,0,VALID,VALID
35H-09245,2026-08-03 02:35:00,397.9,0,"Lê Chân, Phường Phù Vân, Tỉnh Ninh Bình",0.0,5.0,1,0,0.0,0.0,397.9,0.0,5.0,1,Stopped,0,0,0,0,0,VALID,VALID
35H-09245,2026-08-03 02:40:00,397.9,0,"Lê Chân, Phường Phù Vân, Tỉnh Ninh Bình",0.0,5.0,1,0,0.0,0.0,397.9,0.0,5.0,1,Stopped,0,0,0,0,0,VALID,VALID
35H-09245,2026-08-03 02:45:00,397.9,0,"Lê Chân, Phường Phù Vân, Tỉnh Ninh Bình",0.0,5.0,1,0,0.0,0.0,397.9,0.0,5.0,1,Stopped,0,0,0,0,0,VALID,VALID
35H-09245,2026-08-03 02:50:00,397.9,0,"Lê Chân, Phường Phù Vân, Tỉnh Ninh Bình",0.0,5.0,1,0,0.0,0.0,397.9,0.0,5.0,1,Stopped,0,0,0,0,0,VALID,VALID
35H-09245,2026-08-03 02:55:00,397.9,0,"Lê Chân, Phường Phù Vân, Tỉnh Ninh Bình",0.0,5.0,1,0,0.0,0.0,397.9,0.0,5.0,1,Stopped,0,0,0,0,0,VALID,VALID
35H-09245,2026-08-03 03:00:00,397.9,0,"Lê Chân, Phường Phù Vân, Tỉnh Ninh Bình",0.0,5.0,1,0,0.0,0.0,397.9,0.0,5.0,1,Stopped,0,0,0,0,0,VALID,VALID
35H-09245,2026-08-03 03:05:00,397.9,0,"Lê Chân, Phường Phù Vân, Tỉnh Ninh Bình",0.0,5.0,1,0,0.0,0.0,397.9,0.0,5.0,1,Stopped,0,0,0,0,0,VALID,VALID
35H-09245,2026-08-03 03:10:00,397.9,0,"Lê Chân, Phường Phù Vân, Tỉnh Ninh Bình",0.0,5.0,1,0,0.0,0.0,397.9,0.0,5.0,1,Stopped,0,0,0,0,0,VALID,VALID
35H-09245,2026-08-03 03:15:00,397.9,0,"Lê Chân, Phường Phù Vân, Tỉnh Ninh Bình",0.0,5.0,1,0,0.0,0.0,397.9,0.0,5.0,1,Stopped,0,0,0,0,0,VALID,VALID
35H-09245,2026-08-03 03:20:00,397.9,0,"Lê Chân, Phường Phù Vân, Tỉnh Ninh Bình",0.0,5.0,1,0,0.0,0.0,397.9,0.0,5.0,1,Stopped,0,0,0,0,0,VALID,VALID
35H-09245,2026-08-03 03:25:00,397.9,0,"Lê Chân, Phường Phù Vân, Tỉnh Ninh Bình",0.0,5.0,1,0,0.0,0.0,397.9,0.0,5.0,1,Stopped,0,0,0,0,0,VALID,VALID
35H-09245,2026-08-03 03:30:00,397.9,0,"Lê Chân, Phường Phù Vân, Tỉnh Ninh Bình",0.0,5.0,1,0,0.0,0.0,397.9,0.0,5.0,1,Stopped,0,0,0,0,0,VALID,VALID
35H-09245,2026-08-03 03:35:00,397.9,0,"Lê Chân, Phường Phù Vân, Tỉnh Ninh Bình",0.0,5.0,1,0,0.0,0.0,397.9,0.0,5.0,1,Stopped,0,0,0,0,0,VALID,VALID
35H-09245,2026-08-03 03:40:00,397.9,0,"Lê Chân, Phường Phù Vân, Tỉnh Ninh Bình",0.0,5.0,1,0,0.0,0.0,397.9,0.0,5.0,1,Stopped,0,0,0,0,0,VALID,VALID
35H-09245,2026-08-03 03:45:00,397.9,0,"Lê Chân, Phường Phù Vân, Tỉnh Ninh Bình",0.0,5.0,1,0,0.0,0.0,397.9,0.0,5.0,1,Stopped,0,0,0,0,0,VALID,VALID
35H-09245,2026-08-03 03:50:00,397.9,0,"Lê Chân, Phường Phù Vân, Tỉnh Ninh Bình",0.0,5.0,1,0,0.0,0.0,397.9,0.0,5.0,1,Stopped,0,0,0,0,0,VALID,VALID
35H-09245,2026-08-03 03:55:00,397.9,0,"Lê Chân, Phường Phù Vân, Tỉnh Ninh Bình",0.0,5.0,1,0,0.0,0.0,397.9,0.0,5.0,1,Stopped,0,0,0,0,0,VALID,VALID
35H-09245,2026-08-03 04:00:00,397.9,0,"Lê Chân, Phường Phù Vân, Tỉnh Ninh Bình",0.0,5.0,1,0,0.0,0.0,397.9,0.0,5.0,1,Stopped,0,0,0,0,0,VALID,VALID
35H-09245,2026-08-03 04:05:00,397.9,0,"Lê Chân, Phường Phù Vân, Tỉnh Ninh Bình",0.0,5.0,1,0,0.0,0.0,397.9,0.0,5.0,1,Stopped,0,0,0,0,0,VALID,VALID
35H-09245,2026-08-03 04:10:00,397.9,0,"Lê Chân, Phường Phù Vân, Tỉnh Ninh Bình",0.0,5.0,1,0,0.0,0.0,397.9,0.0,5.0,1,Stopped,0,0,0,0,0,VALID,VALID
35H-09245,2026-08-03 04:15:00,397.9,0,"Lê Chân, Phường Phù Vân, Tỉnh Ninh Bình",0.0,5.0,1,0,0.0,0.0,397.9,0.0,5.0,1,Stopped,0,0,0,0,0,VALID,VALID
35H-09245,2026-08-03 04:20:00,397.9,0,"Lê Chân, Phường Phù Vân, Tỉnh Ninh Bình",0.0,5.0,1,0,0.0,0.0,397.9,0.0,5.0,1,Stopped,0,0,0,0,0,VALID,VALID
35H-09245,2026-08-03 04:25:00,397.9,0,"Lê Chân, Phường Phù Vân, Tỉnh Ninh Bình",0.0,5.0,1,0,0.0,0.0,397.9,0.0,5.0,1,Stopped,0,0,0,0,0,VALID,VALID
35H-09245,2026-08-03 04:30:00,397.9,0,"Lê Chân, Phường Phù Vân, Tỉnh Ninh Bình",0.0,5.0,1,0,0.0,0.0,397.9,0.0,5.0,1,Stopped,0,0,0,0,0,VALID,VALID
35H-09245,2026-08-03 04:35:00,397.9,0,"Lê Chân, Phường Phù Vân, Tỉnh Ninh Bình",0.0,5.0,1,0,0.0,0.0,397.9,0.0,5.0,1,Stopped,0,0,0,0,0,VALID,VALID
35H-09245,2026-08-03 04:40:00,397.9,0,"Lê Chân, Phường Phù Vân, Tỉnh Ninh Bình",0.0,5.0,1,0,0.0,0.0,397.9,0.0,5.0,1,Stopped,0,0,0,0,0,VALID,VALID
35H-09245,2026-08-03 04:45:00,397.9,0,"Lê Chân, Phường Phù Vân, Tỉnh Ninh Bình",0.0,5.0,1,0,0.0,0.0,397.9,0.0,5.0,1,Stopped,0,0,0,0,0,VALID,VALID
35H-09245,2026-08-03 04:50:00,397.9,0,"Lê Chân, Phường Phù Vân, Tỉnh Ninh Bình",0.0,5.0,1,0,0.0,0.0,397.9,0.0,5.0,1,Stopped,0,0,0,0,0,VALID,VALID
35H-09245,2026-08-03 04:55:00,397.9,0,"Lê Chân, Phường Phù Vân, Tỉnh Ninh Bình",0.0,5.0,1,0,0.0,0.0,397.9,0.0,5.0,1,Stopped,0,0,0,0,0,VALID,VALID
35H-09245,2026-08-03 05:00:00,397.9,0,"Lê Chân, Phường Phù Vân, Tỉnh Ninh Bình",0.0,5.0,1,0,0.0,0.0,397.9,0.0,5.0,1,Stopped,0,0,0,0,0,VALID,VALID
35H-09245,2026-08-03 05:05:00,397.9,0,"Lê Chân, Phường Phù Vân, Tỉnh Ninh Bình",0.0,5.0,1,0,0.0,0.0,397.9,0.0,5.0,1,Stopped,0,0,0,0,0,VALID,VALID
35H-09245,2026-08-03 05:10:00,397.9,0,"Lê Chân, Phường Phù Vân, Tỉnh Ninh Bình",0.0,5.0,1,0,0.0,0.0,397.9,0.0,5.0,1,Stopped,0,0,0,0,0,VALID,VALID
35H-09245,2026-08-03 05:15:00,397.9,0,"Lê Chân, Phường Phù Vân, Tỉnh Ninh Bình",0.0,5.0,1,0,0.0,0.0,397.9,0.0,5.0,1,Stopped,0,0,0,0,0,VALID,VALID
35H-09245,2026-08-03 05:20:00,397.9,0,"Lê Chân, Phường Phù Vân, Tỉnh Ninh Bình",0.0,5.0,1,0,0.0,0.0,397.9,0.0,5.0,1,Stopped,0,0,0,0,0,VALID,VALID
35H-09245,2026-08-03 05:25:00,397.9,0,"Lê Chân, Phường Phù Vân, Tỉnh Ninh Bình",0.0,5.0,1,0,0.0,0.0,397.9,0.0,5.0,1,Stopped,0,0,0,0,0,VALID,VALID
35H-09245,2026-08-03 05:30:00,397.9,0,"Lê Chân, Phường Phù Vân, Tỉnh Ninh Bình",0.0,5.0,1,0,0.0,0.0,397.9,0.0,5.0,1,Stopped,0,0,0,0,0,VALID,VALID
35H-09245,2026-08-03 05:35:00,397.9,0,"Lê Chân, Phường Phù Vân, Tỉnh Ninh Bình",0.0,5.0,1,0,0.0,0.0,397.9,0.0,5.0,1,Stopped,0,0,0,0,0,VALID,VALID
35H-09245,2026-08-03 05:40:00,397.9,0,"Lê Chân, Phường Phù Vân, Tỉnh Ninh Bình",0.0,5.0,1,0,0.0,0.0,397.9,0.0,5.0,1,Stopped,0,0,0,0,0,VALID,VALID
35H-09245,2026-08-03 05:45:00,397.9,0,"Lê Chân, Phường Phù Vân, Tỉnh Ninh Bình",0.0,5.0,1,0,0.0,0.0,397.9,0.0,5.0,1,Stopped,0,0,0,0,0,VALID,VALID
35H-09245,2026-08-03 05:50:00,397.9,0,"Lê Chân, Phường Phù Vân, Tỉnh Ninh Bình",0.0,5.0,1,0,0.0,0.0,397.9,0.0,5.0,1,Stopped,0,0,0,0,0,VALID,VALID
35H-09245,2026-08-03 05:55:00,397.9,0,"Lê Chân, Phường Phù Vân, Tỉnh Ninh Bình",0.0,5.0,1,0,0.0,0.0,397.9,0.0,5.0,1,Stopped,0,0,0,0,0,VALID,VALID
35H-09245,2026-08-03 06:00:00,397.9,0,"Lê Chân, Phường Phù Vân, Tỉnh Ninh Bình",0.0,5.0,1,0,0.0,0.0,397.9,0.0,5.0,1,Stopped,0,0,0,0,0,VALID,VALID
35H-09245,2026-08-03 06:05:00,397.9,0,"Lê Chân, Phường Phù Vân, Tỉnh Ninh Bình",0.0,5.0,1,0,0.0,0.0,397.9,0.0,5.0,1,Stopped,0,0,0,0,0,VALID,VALID
35H-09245,2026-08-03 06:10:00,397.9,0,"Lê Chân, Phường Phù Vân, Tỉnh Ninh Bình",0.0,5.0,1,0,0.0,0.0,397.9,0.0,5.0,1,Stopped,0,0,0,0,0,VALID,VALID
35H-09245,2026-08-03 06:15:00,397.9,0,"Lê Chân, Phường Phù Vân, Tỉnh Ninh Bình",0.0,5.0,1,0,0.0,0.0,397.9,0.0,5.0,1,Stopped,0,0,0,0,0,VALID,VALID
35H-09245,2026-08-03 06:20:00,398.0,0,"Lê Chân, Phường Phù Vân, Tỉnh Ninh Bình",0.0,5.0,1,0,0.10000000000002274,0.02000000000000455,397.9,0.044721363284962345,5.0,1,Stopped,0,0,0,0,0,VALID,VALID
35H-09245,2026-08-03 06:25:00,398.1,0,"Lê Chân, Phường Phù Vân, Tỉnh Ninh Bình",0.0,5.0,1,0,0.10000000000002274,0.02000000000000455,397.9,0.08944272096788142,5.0,1,Stopped,0,0,0,0,0,VALID,VALID
35H-09245,2026-08-03 06:30:00,398.1,0,"Lê Chân, Phường Phù Vân, Tỉnh Ninh Bình",0.0,5.0,1,0,0.0,0.0,398.0,0.10000000167104382,5.0,1,Stopped,0,0,0,0,0,VALID,VALID
35H-09245,2026-08-03 06:35:00,398.1,0,"Lê Chân, Phường Phù Vân, Tỉnh Ninh Bình",0.0,5.0,1,0,0.0,0.0,398.1,0.08944272096864406,5.0,1,Stopped,0,0,0,0,0,VALID,VALID
35H-09245,2026-08-03 06:40:00,398.1,0,"Lê Chân, Phường Phù Vân, Tỉnh Ninh Bình",0.0,5.0,1,0,0.0,0.0,398.1,0.04472136328801288,5.0,1,Stopped,0,0,0,0,0,VALID,VALID
35H-09245,2026-08-03 06:45:00,398.1,0,"Lê Chân, Phường Phù Vân, Tỉnh Ninh Bình",0.0,5.0,1,0,0.0,0.0,398.1,0.0,5.0,1,Stopped,0,0,0,0,0,VALID,VALID
35H-09245,2026-08-03 06:50:00,398.1,0,"Lê Chân, Phường Phù Vân, Tỉnh Ninh Bình",0.0,5.0,1,0,0.0,0.0,398.1,0.0,5.0,1,Stopped,0,0,0,0,0,VALID,VALID
35H-09245,2026-08-03 06:55:00,398.0,0,"Lê Chân, Phường Phù Vân, Tỉnh Ninh Bình",0.0,5.0,1,0,-0.10000000000002274,-0.02000000000000455,398.1,0.04472136328801288,5.0,1,Stopped,0,0,0,0,0,VALID,VALID
35H-09245,2026-08-03 07:00:00,398.0,0,"Lê Chân, Phường Phù Vân, Tỉnh Ninh Bình",0.0,5.0,1,0,0.0,0.0,398.1,0.054772258802301896,5.0,1,Stopped,0,0,0,0,0,VALID,VALID
35H-09245,2026-08-03 07:05:00,398.0,0,"Lê Chân, Phường Phù Vân, Tỉnh Ninh Bình",0.0,5.0,1,0,0.0,0.0,398.0,0.054772258802013904,5.0,1,Stopped,0,0,0,0,0,VALID,VALID
35H-09245,2026-08-03 07:10:00,398.0,0,"Lê Chân, Phường Phù Vân, Tỉnh Ninh Bình",0.0,5.0,1,0,0.0,0.0,398.0,0.04472136328695472,5.0,1,Stopped,0,0,0,0,0,VALID,VALID
35H-09245,2026-08-03 07:15:00,398.0,0,"Lê Chân, Phường Phù Vân, Tỉnh Ninh Bình",0.0,5.0,1,0,0.0,0.0,398.0,0.0,5.0,1,Stopped,0,0,0,0,0,VALID,VALID
35H-09245,2026-08-03 07:20:00,398.0,0,"Lê Chân, Phường Phù Vân, Tỉnh Ninh Bình",0.0,5.0,1,0,0.0,0.0,398.0,0.0,5.0,1,Stopped,0,0,0,0,0,VALID,VALID
35H-09245,2026-08-03 07:25:00,398.0,0,"Lê Chân, Phường Phù Vân, Tỉnh Ninh Bình",0.0,5.0,1,0,0.0,0.0,398.0,0.0,5.0,1,Stopped,0,0,0,0,0,VALID,VALID
35H-09245,2026-08-03 07:30:00,398.0,0,"Lê Chân, Phường Phù Vân, Tỉnh Ninh Bình",0.0,5.0,1,0,0.0,0.0,398.0,0.0,5.0,1,Stopped,0,0,0,0,0,VALID,VALID
35H-09245,2026-08-03 07:35:00,398.0,0,"Lê Chân, Phường Phù Vân, Tỉnh Ninh Bình",0.0,5.0,1,0,0.0,0.0,398.0,0.0,5.0,1,Stopped,0,0,0,0,0,VALID,VALID
35H-09245,2026-08-03 07:40:00,398.0,0,"Lê Chân, Phường Phù Vân, Tỉnh Ninh Bình",0.0,5.0,1,0,0.0,0.0,398.0,0.0,5.0,1,Stopped,0,0,0,0,0,VALID,VALID
35H-09245,2026-08-03 07:45:00,398.0,0,"Lê Chân, Phường Phù Vân, Tỉnh Ninh Bình",0.0,5.0,1,0,0.0,0.0,398.0,0.0,5.0,1,Stopped,0,0,0,0,0,VALID,VALID
35H-09245,2026-08-03 07:50:00,398.0,0,"Lê Chân, Phường Phù Vân, Tỉnh Ninh Bình",0.0,5.0,1,0,0.0,0.0,398.0,0.0,5.0,1,Stopped,0,0,0,0,0,VALID,VALID
35H-09245,2026-08-03 07:55:00,397.9,0,"Lê Chân, Phường Phù Vân, Tỉnh Ninh Bình",0.0,5.0,1,0,-0.10000000000002274,-0.02000000000000455,398.0,0.04472136328631919,5.0,1,Stopped,0,0,0,0,0,VALID,VALID
35H-09245,2026-08-03 08:00:00,397.9,0,"Lê Chân, Phường Phù Vân, Tỉnh Ninh Bình",0.0,5.0,1,0,0.0,0.0,398.0,0.05477225880097609,5.0,1,Stopped,0,0,0,0,0,VALID,VALID
35H-09245,2026-08-03 08:05:00,397.9,0,"Lê Chân, Phường Phù Vân, Tỉnh Ninh Bình",0.0,5.0,1,0,0.0,0.0,397.9,0.054772258800745176,5.0,1,Stopped,0,0,0,0,0,VALID,VALID
35H-09245,2026-08-03 08:10:00,397.9,0,"Lê Chân, Phường Phù Vân, Tỉnh Ninh Bình",0.0,5.0,1,0,0.0,0.0,397.9,0.044721363285470765,5.0,1,Stopped,0,0,0,0,0,VALID,VALID
35H-09245,2026-08-03 08:15:00,397.9,0,"Lê Chân, Phường Phù Vân, Tỉnh Ninh Bình",0.0,5.0,1,0,0.0,0.0,397.9,0.0,5.0,1,Stopped,0,0,0,0,0,VALID,VALID
35H-09245,2026-08-03 08:20:00,397.9,0,"Lê Chân, Phường Phù Vân, Tỉnh Ninh Bình",0.0,5.0,1,0,0.0,0.0,397.9,0.0,5.0,1,Stopped,0,0,0,0,0,VALID,VALID
35H-09245,2026-08-03 08:25:00,397.9,0,"Lê Chân, Phường Phù Vân, Tỉnh Ninh Bình",0.0,5.0,1,0,0.0,0.0,397.9,0.0,5.0,1,Stopped,0,0,0,0,0,VALID,VALID
35H-09245,2026-08-03 08:30:00,397.8,0,"Lê Chân, Phường Phù Vân, Tỉnh Ninh Bình",0.0,5.0,1,0,-0.0999999999999659,-0.01999999999999318,397.9,0.044721363284933736,5.0,1,Stopped,0,0,0,0,0,VALID,VALID
35H-09245,2026-08-03 08:35:00,397.8,0,"Lê Chân, Phường Phù Vân, Tỉnh Ninh Bình",0.0,5.0,1,0,0.0,0.0,397.9,0.05477225879987406,5.0,1,Stopped,0,0,0,0,0,VALID,VALID
35H-09245,2026-08-03 08:40:00,397.8,0,"Lê Chân, Phường Phù Vân, Tỉnh Ninh Bình",0.0,5.0,1,0,0.0,0.0,397.8,0.05477225879967817,5.0,1,Stopped,0,0,0,0,0,VALID,VALID
35H-09245,2026-08-03 08:45:00,397.8,0,"Lê Chân, Phường Phù Vân, Tỉnh Ninh Bình",0.0,5.0,1,0,0.0,0.0,397.8,0.044721363284214,5.0,1,Stopped,0,0,0,0,0,VALID,VALID
35H-09245,2026-08-03 08:50:00,397.8,0,"Lê Chân, Phường Phù Vân, Tỉnh Ninh Bình",0.0,5.0,1,0,0.0,0.0,397.8,0.0,5.0,1,Stopped,0,0,0,0,0,VALID,VALID
35H-09245,2026-08-03 08:55:00,397.8,0,"Lê Chân, Phường Phù Vân, Tỉnh Ninh Bình",0.0,5.0,1,0,0.0,0.0,397.8,0.0,5.0,1,Stopped,0,0,0,0,0,VALID,VALID
35H-09245,2026-08-03 09:00:00,397.7,0,"Lê Chân, Phường Phù Vân, Tỉnh Ninh Bình",0.0,5.0,1,0,-0.10000000000002274,-0.02000000000000455,397.8,0.04472136328377548,5.0,1,Stopped,0,0,0,0,0,VALID,VALID
35H-09245,2026-08-03 09:05:00,397.7,0,"Lê Chân, Phường Phù Vân, Tỉnh Ninh Bình",0.0,5.0,1,0,0.0,0.0,397.8,0.05477225879894586,5.0,1,Stopped,0,0,0,0,0,VALID,VALID
35H-09245,2026-08-03 09:10:00,397.7,0,"Lê Chân, Phường Phù Vân, Tỉnh Ninh Bình",0.0,5.0,1,0,0.0,0.0,397.7,0.05477225879876165,5.0,1,Stopped,0,0,0,0,0,VALID,VALID
35H-09245,2026-08-03 09:15:00,397.7,0,"Lê Chân, Phường Phù Vân, Tỉnh Ninh Bình",0.0,5.0,1,0,0.0,0.0,397.7,0.04472136328309865,5.0,1,Stopped,0,0,0,0,0,VALID,VALID
35H-09245,2026-08-03 09:20:00,397.7,0,"Lê Chân, Phường Phù Vân, Tỉnh Ninh Bình",0.0,5.0,1,0,0.0,0.0,397.7,0.0,5.0,1,Stopped,0,0,0,0,0,VALID,VALID
35H-09245,2026-08-03 09:25:00,397.7,0,"Lê Chân, Phường Phù Vân, Tỉnh Ninh Bình",0.0,5.0,1,0,0.0,0.0,397.7,0.0,5.0,1,Stopped,0,0,0,0,0,VALID,VALID
35H-09245,2026-08-03 09:30:00,397.7,0,"Lê Chân, Phường Phù Vân, Tỉnh Ninh Bình",0.0,5.0,1,0,0.0,0.0,397.7,0.0,5.0,1,Stopped,0,0,0,0,0,VALID,VALID
35H-09245,2026-08-03 09:35:00,397.7,0,"Lê Chân, Phường Phù Vân, Tỉnh Ninh Bình",0.0,5.0,1,0,0.0,0.0,397.7,0.0,5.0,1,Stopped,0,0,0,0,0,VALID,VALID
35H-09245,2026-08-03 09:40:00,397.7,0,"Lê Chân, Phường Phù Vân, Tỉnh Ninh Bình",0.0,5.0,1,0,0.0,0.0,397.7,0.0,5.0,1,Stopped,0,0,0,0,0,VALID,VALID
35H-09245,2026-08-03 09:45:00,397.7,0,"Lê Chân, Phường Phù Vân, Tỉnh Ninh Bình",0.0,5.0,1,0,0.0,0.0,397.7,0.0,5.0,1,Stopped,0,0,0,0,0,VALID,VALID
35H-09245,2026-08-03 09:50:00,397.7,0,"Lê Chân, Phường Phù Vân, Tỉnh Ninh Bình",0.0,5.0,1,0,0.0,0.0,397.7,0.0,5.0,1,Stopped,0,0,0,0,0,VALID,VALID
35H-09245,2026-08-03 09:55:00,397.7,0,"Lê Chân, Phường Phù Vân, Tỉnh Ninh Bình",0.0,5.0,1,0,0.0,0.0,397.7,0.0,5.0,1,Stopped,0,0,0,0,0,VALID,VALID
35H-09245,2026-08-03 10:00:00,397.7,0,"Lê Chân, Phường Phù Vân, Tỉnh Ninh Bình",0.0,5.0,1,0,0.0,0.0,397.7,0.0,5.0,1,Stopped,0,0,0,0,0,VALID,VALID
35H-09245,2026-08-03 10:05:00,397.7,0,"Lê Chân, Phường Phù Vân, Tỉnh Ninh Bình",0.0,5.0,1,0,0.0,0.0,397.7,0.0,5.0,1,Stopped,0,0,0,0,0,VALID,VALID
35H-09245,2026-08-03 10:10:00,397.7,0,"Lê Chân, Phường Phù Vân, Tỉnh Ninh Bình",0.0,5.0,1,0,0.0,0.0,397.7,0.0,5.0,1,Stopped,0,0,0,0,0,VALID,VALID
35H-09245,2026-08-03 10:15:00,397.7,0,"Lê Chân, Phường Phù Vân, Tỉnh Ninh Bình",0.0,5.0,1,0,0.0,0.0,397.7,0.0,5.0,1,Stopped,0,0,0,0,0,VALID,VALID
35H-09245,2026-08-03 10:20:00,397.7,0,"Lê Chân, Phường Phù Vân, Tỉnh Ninh Bình",0.0,5.0,1,0,0.0,0.0,397.7,0.0,5.0,1,Stopped,0,0,0,0,0,VALID,VALID
35H-09245,2026-08-03 10:25:00,397.6,0,"Lê Chân, Phường Phù Vân, Tỉnh Ninh Bình",0.0,5.0,1,0,-0.0999999999999659,-0.01999999999999318,397.7,0.044721363282688734,5.0,1,Stopped,0,0,0,0,0,VALID,VALID
35H-09245,2026-08-03 10:30:00,397.6,0,"Lê Chân, Phường Phù Vân, Tỉnh Ninh Bình",0.0,5.0,1,0,0.0,0.0,397.7,0.0547722587980981,5.0,1,Stopped,0,0,0,0,0,VALID,VALID
35H-09245,2026-08-03 10:35:00,397.6,0,"Lê Chân, Phường Phù Vân, Tỉnh Ninh Bình",0.0,5.0,1,0,0.0,0.0,397.6,0.05477225879795929,5.0,1,Stopped,0,0,0,0,0,VALID,VALID
35H-09245,2026-08-03 10:40:00,397.6,0,"Lê Chân, Phường Phù Vân, Tỉnh Ninh Bình",0.0,5.0,1,0,0.0,0.0,397.6,0.04472136328217872,5.0,1,Stopped,0,0,0,0,0,VALID,VALID
35H-09245,2026-08-03 10:45:00,397.6,0,"Lê Chân, Phường Phù Vân, Tỉnh Ninh Bình",0.0,5.0,1,0,0.0,0.0,397.6,0.0,5.0,1,Stopped,0,0,0,0,0,VALID,VALID
35H-09245,2026-08-03 10:50:00,397.6,0,"Lê Chân, Phường Phù Vân, Tỉnh Ninh Bình",0.0,5.0,1,0,0.0,0.0,397.6,0.0,5.0,1,Stopped,0,0,0,0,0,VALID,VALID
35H-09245,2026-08-03 10:55:00,397.6,0,"Lê Chân, Phường Phù Vân, Tỉnh Ninh Bình",0.0,5.0,1,0,0.0,0.0,397.6,0.0,5.0,1,Stopped,0,0,0,0,0,VALID,VALID
35H-09245,2026-08-03 11:00:00,397.6,0,"Lê Chân, Phường Phù Vân, Tỉnh Ninh Bình",0.0,5.0,1,0,0.0,0.0,397.6,0.0,5.0,1,Stopped,0,0,0,0,0,VALID,VALID
35H-09245,2026-08-03 11:05:00,397.6,0,"Lê Chân, Phường Phù Vân, Tỉnh Ninh Bình",0.0,5.0,1,0,0.0,0.0,397.6,0.0,5.0,1,Stopped,0,0,0,0,0,VALID,VALID
35H-09245,2026-08-03 11:10:00,397.6,0,"Lê Chân, Phường Phù Vân, Tỉnh Ninh Bình",0.0,5.0,1,0,0.0,0.0,397.6,0.0,5.0,1,Stopped,0,0,0,0,0,VALID,VALID
35H-09245,2026-08-03 11:15:00,397.9,0,"Lê Chân, Phường Phù Vân, Tỉnh Ninh Bình",0.0,5.0,1,0,0.2999999999999545,0.05999999999999091,397.6,0.1341640798941327,5.0,1,Stopped,0,0,0,0,0,VALID,VALID
35H-09245,2026-08-03 11:20:00,397.9,0,"Lê Chân, Phường Phù Vân, Tỉnh Ninh Bình",0.0,5.0,1,0,0.0,0.0,397.6,0.16431676826750452,5.0,1,Stopped,0,0,0,0,0,VALID,VALID
35H-09245,2026-08-03 11:25:00,397.8,0,"Lê Chân, Phường Phù Vân, Tỉnh Ninh Bình",0.0,5.0,1,0,-0.0999999999999659,-0.01999999999999318,397.8,0.1516575099818849,5.0,1,Stopped,0,0,0,0,0,VALID,VALID
35H-09245,2026-08-03 11:30:00,397.7,0,"Lê Chân, Phường Phù Vân, Tỉnh Ninh Bình",0.0,5.0,1,0,-0.10000000000002274,-0.02000000000000455,397.8,0.130384049384588,5.0,1,Stopped,0,0,0,0,0,VALID,VALID
35H-09245,2026-08-03 11:35:00,397.7,0,"Lê Chân, Phường Phù Vân, Tỉnh Ninh Bình",0.0,5.0,1,0,0.0,0.0,397.8,0.10000000166970516,5.0,1,Stopped,0,0,0,0,0,VALID,VALID
35H-09245,2026-08-03 11:40:00,397.7,0,"Lê Chân, Phường Phù Vân, Tỉnh Ninh Bình",0.0,5.0,1,0,0.0,0.0,397.7,0.08944272096659964,5.0,1,Stopped,0,0,0,0,0,VALID,VALID
35H-09245,2026-08-03 11:45:00,397.7,0,"Lê Chân, Phường Phù Vân, Tỉnh Ninh Bình",0.0,5.0,1,0,0.0,0.0,397.7,0.04472136328284284,5.0,1,Stopped,0,0,0,0,0,VALID,VALID
35H-09245,2026-08-03 11:50:00,397.5,0,"Lê Chân, Phường Phù Vân, Tỉnh Ninh Bình",0.0,5.0,1,0,-0.19999999999998863,-0.039999999999997725,397.7,0.08944272096609994,5.0,1,Stopped,0,0,0,0,0,VALID,VALID
35H-09245,2026-08-03 11:55:00,397.5,0,"Lê Chân, Phường Phù Vân, Tỉnh Ninh Bình",0.0,5.0,1,0,0.0,0.0,397.7,0.10954451302452971,5.0,1,Stopped,0,0,0,0,0,VALID,VALID
35H-09245,2026-08-03 12:00:00,397.3,0,"Lê Chân, Phường Phù Vân, Tỉnh Ninh Bình",0.0,5.0,1,0,-0.19999999999998863,-0.039999999999997725,397.5,0.1673320063039438,5.0,1,Stopped,0,0,0,0,0,VALID,VALID
35H-09245,2026-08-03 12:05:00,397.3,0,"Lê Chân, Phường Phù Vân, Tỉnh Ninh Bình",0.0,5.0,1,0,0.0,0.0,397.5,0.1673320063037247,5.0,1,Stopped,0,0,0,0,0,VALID,VALID
35H-09245,2026-08-03 12:10:00,397.1,0,"Lê Chân, Phường Phù Vân, Tỉnh Ninh Bình",0.0,5.0,1,0,-0.19999999999998863,-0.039999999999997725,397.3,0.16733200630338585,5.0,1,Stopped,0,0,0,0,0,VALID,VALID
35H-09245,2026-08-03 12:15:00,397.1,0,"Lê Chân, Phường Phù Vân, Tỉnh Ninh Bình",0.0,5.0,1,0,0.0,0.0,397.3,0.16733200630316672,5.0,1,Stopped,0,0,0,0,0,VALID,VALID
35H-09245,2026-08-03 12:20:00,397.0,0,"Lê Chân, Phường Phù Vân, Tỉnh Ninh Bình",0.0,5.0,1,0,-0.10000000000002274,-0.02000000000000455,397.1,0.13416407989234688,5.0,1,Stopped,0,0,0,0,0,VALID,VALID
35H-09245,2026-08-03 12:25:00,396.9,0,"Lê Chân, Phường Phù Vân, Tỉnh Ninh Bình",0.0,5.0,1,0,-0.10000000000002274,-0.02000000000000455,397.1,0.14832397086546362,5.0,1,Stopped,0,0,0,0,0,VALID,VALID
35H-09245,2026-08-03 12:30:00,396.8,0,"Lê Chân, Phường Phù Vân, Tỉnh Ninh Bình",0.0,5.0,1,0,-0.0999999999999659,-0.01999999999999318,397.0,0.1303840493819101,5.0,1,Stopped,0,0,0,0,0,VALID,VALID
35H-09245,2026-08-03 12:35:00,396.8,0,"Lê Chân, Phường Phù Vân, Tỉnh Ninh Bình",0.0,5.0,1,0,0.0,0.0,396.9,0.1303840493817433,5.0,1,Stopped,0,0,0,0,0,VALID,VALID
35H-09245,2026-08-03 12:40:00,396.6,0,"Lê Chân, Phường Phù Vân, Tỉnh Ninh Bình",0.0,5.0,1,0,-0.19999999999998863,-0.039999999999997725,396.8,0.14832397086481522,5.0,1,Stopped,0,0,0,0,0,VALID,VALID
35H-09245,2026-08-03 12:45:00,396.6,0,"Lê Chân, Phường Phù Vân, Tỉnh Ninh Bình",0.0,5.0,1,0,0.0,0.0,396.8,0.1341640798911812,5.0,1,Stopped,0,0,0,0,0,VALID,VALID
35H-09245,2026-08-03 12:50:00,396.6,0,"Lê Chân, Phường Phù Vân, Tỉnh Ninh Bình",0.0,5.0,1,0,0.0,0.0,396.6,0.10954451302099269,5.0,1,Stopped,0,0,0,0,0,VALID,VALID
35H-09245,2026-08-03 12:55:00,396.5,0,"Lê Chân, Phường Phù Vân, Tỉnh Ninh Bình",0.0,5.0,1,0,-0.10000000000002274,-0.02000000000000455,396.6,0.10954451302079421,5.0,1,Stopped,0,0,0,0,0,VALID,VALID
35H-09245,2026-08-03 13:00:00,396.5,0,"Lê Chân, Phường Phù Vân, Tỉnh Ninh Bình",0.0,5.0,1,0,0.0,0.0,396.6,0.05477225878964312,5.0,1,Stopped,0,0,0,0,0,VALID,VALID
35H-09245,2026-08-03 13:05:00,396.8,0,"Lê Chân, Phường Phù Vân, Tỉnh Ninh Bình",0.0,5.0,1,0,0.30000000000001137,0.060000000000002274,396.6,0.12247448849843072,5.0,1,Stopped,0,0,0,0,0,VALID,VALID
35H-09245,2026-08-03 13:10:00,396.8,0,"Lê Chân, Phường Phù Vân, Tỉnh Ninh Bình",0.0,5.0,1,0,0.0,0.0,396.6,0.15165750997886085,5.0,1,Stopped,0,0,0,0,0,VALID,VALID
35H-09245,2026-08-03 13:15:00,397.0,0,"Lê Chân, Phường Phù Vân, Tỉnh Ninh Bình",0.0,5.0,1,0,0.19999999999998863,0.039999999999997725,396.8,0.21679483465494248,5.0,1,Stopped,0,0,0,0,0,VALID,VALID
35H-09245,2026-08-03 13:20:00,397.1,0,"Lê Chân, Phường Phù Vân, Tỉnh Ninh Bình",0.0,5.0,1,0,0.10000000000002274,0.02000000000000455,396.8,0.23021728938804684,5.0,1,Stopped,0,0,0,0,0,VALID,VALID
35H-09245,2026-08-03 13:25:00,397.3,0,"Lê Chân, Phường Phù Vân, Tỉnh Ninh Bình",0.0,5.0,1,0,0.19999999999998863,0.039999999999997725,397.0,0.2121320351416151,5.0,1,Stopped,0,0,0,0,0,VALID,VALID
35H-09245,2026-08-03 13:30:00,397.4,0,"Lê Chân, Phường Phù Vân, Tỉnh Ninh Bình",0.0,5.0,1,0,0.0999999999999659,0.01999999999999318,397.1,0.23874672842454847,5.0,1,Stopped,0,0,0,0,0,VALID,VALID
35H-09245,2026-08-03 13:35:00,397.4,0,"Lê Chân, Phường Phù Vân, Tỉnh Ninh Bình",0.0,5.0,1,0,0.0,0.0,397.3,0.18165902216384536,5.0,1,Stopped,0,0,0,0,0,VALID,VALID
35H-09245,2026-08-03 13:40:00,397.3,0,"Lê Chân, Phường Phù Vân, Tỉnh Ninh Bình",0.0,5.0,1,0,-0.0999999999999659,-0.01999999999999318,397.3,0.12247448850096312,5.0,1,Stopped,0,0,0,0,0,VALID,VALID
35H-09245,2026-08-03 13:45:00,397.3,0,"Lê Chân, Phường Phù Vân, Tỉnh Ninh Bình",0.0,5.0,1,0,0.0,0.0,397.3,0.05477225879592843,5.0,1,Stopped,0,0,0,0,0,VALID,VALID
35H-09245,2026-08-03 13:50:00,397.1,0,"Lê Chân, Phường Phù Vân, Tỉnh Ninh Bình",0.0,5.0,1,0,-0.19999999999998863,-0.039999999999997725,397.3,0.12247448850096312,5.0,1,Stopped,0,0,0,0,0,VALID,VALID
35H-09245,2026-08-03 13:55:00,397.1,0,"Lê Chân, Phường Phù Vân, Tỉnh Ninh Bình",0.0,5.0,1,0,0.0,0.0,397.3,0.13416407989295037,5.0,1,Stopped,0,0,0,0,0,VALID,VALID
35H-09245,2026-08-03 14:00:00,397.1,0,"Lê Chân, Phường Phù Vân, Tỉnh Ninh Bình",0.0,5.0,1,0,0.0,0.0,397.1,0.10954451302312446,5.0,1,Stopped,0,0,0,0,0,VALID,VALID
35H-09245,2026-08-03 14:05:00,397.3,0,"Lê Chân, Phường Phù Vân, Tỉnh Ninh Bình",0.0,5.0,1,0,0.19999999999998863,0.039999999999997725,397.1,0.10954451302312446,5.0,1,Stopped,0,0,0,0,0,VALID,VALID
35H-09245,2026-08-03 14:10:00,397.3,0,"Lê Chân, Phường Phù Vân, Tỉnh Ninh Bình",0.0,5.0,1,0,0.0,0.0,397.1,0.10954451302312446,5.0,1,Stopped,0,0,0,0,0,VALID,VALID
35H-09245,2026-08-03 14:15:00,397.3,0,"Lê Chân, Phường Phù Vân, Tỉnh Ninh Bình",0.0,5.0,1,0,0.0,0.0,397.3,0.10954451302328012,5.0,1,Stopped,0,0,0,0,0,VALID,VALID
35H-09245,2026-08-03 14:20:00,397.4,0,"Lê Chân, Phường Phù Vân, Tỉnh Ninh Bình",0.0,5.0,1,0,0.0999999999999659,0.01999999999999318,397.3,0.10954451302349613,5.0,1,Stopped,0,0,0,0,0,VALID,VALID
35H-09245,2026-08-03 14:25:00,397.5,0,"Lê Chân, Phường Phù Vân, Tỉnh Ninh Bình",0.0,5.0,1,0,0.10000000000002274,0.02000000000000455,397.3,0.08944272096499414,5.0,1,Stopped,0,0,0,0,0,VALID,VALID
35H-09245,2026-08-03 14:30:00,397.5,0,"Lê Chân, Phường Phù Vân, Tỉnh Ninh Bình",0.0,5.0,1,0,0.0,0.0,397.4,0.10000000166826917,5.0,1,Stopped,0,0,0,0,0,VALID,VALID
35H-09245,2026-08-03 14:35:00,397.5,0,"Lê Chân, Phường Phù Vân, Tỉnh Ninh Bình",0.0,5.0,1,0,0.0,0.0,397.5,0.08944272096534688,5.0,1,Stopped,0,0,0,0,0,VALID,VALID
35H-09245,2026-08-03 14:40:00,397.6,0,"Lê Chân, Phường Phù Vân, Tỉnh Ninh Bình",0.0,5.0,1,0,0.10000000000002274,0.02000000000000455,397.5,0.07071068047848926,5.0,1,Stopped,0,0,0,0,0,VALID,VALID
35H-09245,2026-08-03 14:45:00,397.6,0,"Lê Chân, Phường Phù Vân, Tỉnh Ninh Bình",0.0,5.0,1,0,0.0,0.0,397.5,0.05477225879730421,5.0,1,Stopped,0,0,0,0,0,VALID,VALID
35H-09245,2026-08-03 14:50:00,397.6,0,"Lê Chân, Phường Phù Vân, Tỉnh Ninh Bình",0.0,5.0,1,0,0.0,0.0,397.6,0.05477225879743135,5.0,1,Stopped,0,0,0,0,0,VALID,VALID
35H-09245,2026-08-03 14:55:00,397.7,0,"Lê Chân, Phường Phù Vân, Tỉnh Ninh Bình",0.0,5.0,1,0,0.0999999999999659,0.01999999999999318,397.6,0.07071068047897511,5.0,1,Stopped,0,0,0,0,0,VALID,VALID
35H-09245,2026-08-03 15:00:00,397.9,0,"Lê Chân, Phường Phù Vân, Tỉnh Ninh Bình",0.0,5.0,1,0,0.19999999999998863,0.039999999999997725,397.6,0.13038404938431472,5.0,1,Stopped,0,0,0,0,0,VALID,VALID
35H-09245,2026-08-03 15:05:00,397.9,0,"Lê Chân, Phường Phù Vân, Tỉnh Ninh Bình",0.0,5.0,1,0,0.0,0.0,397.7,0.15165750998184113,5.0,1,Stopped,0,0,0,0,0,VALID,VALID
35H-09245,2026-08-03 15:10:00,397.9,0,"Lê Chân, Phường Phù Vân, Tỉnh Ninh Bình",0.0,5.0,1,0,0.0,0.0,397.9,0.14142135741794853,5.0,1,Stopped,0,0,0,0,0,VALID,VALID
35H-09245,2026-08-03 15:15:00,397.8,0,"Lê Chân, Phường Phù Vân, Tỉnh Ninh Bình",0.0,5.0,1,0,-0.0999999999999659,-0.01999999999999318,397.9,0.08944272096690752,5.0,1,Stopped,0,0,0,0,0,VALID,VALID
35H-09245,2026-08-03 15:20:00,397.8,0,"Lê Chân, Phường Phù Vân, Tỉnh Ninh Bình",0.0,5.0,1,0,0.0,0.0,397.9,0.054772258799282575,5.0,1,Stopped,0,0,0,0,0,VALID,VALID
35H-09245,2026-08-03 15:25:00,397.8,0,"Lê Chân, Phường Phù Vân, Tỉnh Ninh Bình",0.0,5.0,1,0,0.0,0.0,397.8,0.05477225879916712,5.0,1,Stopped,0,0,0,0,0,VALID,VALID
35H-09245,2026-08-03 15:30:00,397.8,0,"Lê Chân, Phường Phù Vân, Tỉnh Ninh Bình",0.0,5.0,1,0,0.0,0.0,397.8,0.044721363283686595,5.0,1,Stopped,0,0,0,0,0,VALID,VALID
35H-09245,2026-08-03 15:35:00,397.7,0,"Lê Chân, Phường Phù Vân, Tỉnh Ninh Bình",0.0,5.0,1,0,-0.10000000000002274,-0.02000000000000455,397.8,0.044721363283460984,5.0,1,Stopped,0,0,0,0,0,VALID,VALID
35H-09245,2026-08-03 15:40:00,397.7,0,"Lê Chân, Phường Phù Vân, Tỉnh Ninh Bình",0.0,5.0,1,0,0.0,0.0,397.8,0.054772258798792856,5.0,1,Stopped,0,0,0,0,0,VALID,VALID
35H-09245,2026-08-03 15:45:00,397.7,0,"Lê Chân, Phường Phù Vân, Tỉnh Ninh Bình",0.0,5.0,1,0,0.0,0.0,397.7,0.05477225879871243,5.0,1,Stopped,0,0,0,0,0,VALID,VALID
35H-09245,2026-08-03 15:50:00,397.7,0,"Lê Chân, Phường Phù Vân, Tỉnh Ninh Bình",0.0,5.0,1,0,0.0,0.0,397.7,0.04472136328316546,5.0,1,Stopped,0,0,0,0,0,VALID,VALID
35H-09245,2026-08-03 15:55:00,397.9,0,"Lê Chân, Phường Phù Vân, Tỉnh Ninh Bình",0.0,5.0,1,0,0.19999999999998863,0.039999999999997725,397.7,0.08944272096660762,5.0,1,Stopped,0,0,0,0,0,VALID,VALID
35H-09245,2026-08-03 16:00:00,397.9,0,"Lê Chân, Phường Phù Vân, Tỉnh Ninh Bình",0.0,5.0,1,0,0.0,0.0,397.7,0.10954451302519524,5.0,1,Stopped,0,0,0,0,0,VALID,VALID
35H-09245,2026-08-03 16:05:00,398.0,0,"Lê Chân, Phường Phù Vân, Tỉnh Ninh Bình",0.0,5.0,1,0,0.10000000000002274,0.02000000000000455,397.9,0.13416407989457443,5.0,1,Stopped,0,0,0,0,0,VALID,VALID
35H-09245,2026-08-03 16:10:00,398.0,0,"Lê Chân, Phường Phù Vân, Tỉnh Ninh Bình",0.0,5.0,1,0,0.0,0.0,397.9,0.12247448850264733,5.0,1,Stopped,0,0,0,0,0,VALID,VALID
35H-09245,2026-08-03 16:15:00,398.0,0,"Lê Chân, Phường Phù Vân, Tỉnh Ninh Bình",0.0,5.0,1,0,0.0,0.0,398.0,0.05477225879962052,5.0,1,Stopped,0,0,0,0,0,VALID,VALID
35H-09245,2026-08-03 16:20:00,398.0,0,"Lê Chân, Phường Phù Vân, Tỉnh Ninh Bình",0.0,5.0,1,0,0.0,0.0,398.0,0.04472136328445798,5.0,1,Stopped,0,0,0,0,0,VALID,VALID
35H-09245,2026-08-03 16:25:00,397.9,0,"Lê Chân, Phường Phù Vân, Tỉnh Ninh Bình",0.0,5.0,1,0,-0.10000000000002274,-0.02000000000000455,398.0,0.04472136328445798,5.0,1,Stopped,0,0,0,0,0,VALID,VALID
35H-09245,2026-08-03 16:30:00,397.9,0,"Lê Chân, Phường Phù Vân, Tỉnh Ninh Bình",0.0,5.0,1,0,0.0,0.0,398.0,0.05477225879962052,5.0,1,Stopped,0,0,0,0,0,VALID,VALID
35H-09245,2026-08-03 16:35:00,397.9,0,"Lê Chân, Phường Phù Vân, Tỉnh Ninh Bình",0.0,5.0,1,0,0.0,0.0,397.9,0.054772258799540084,5.0,1,Stopped,0,0,0,0,0,VALID,VALID
35H-09245,2026-08-03 16:40:00,397.9,0,"Lê Chân, Phường Phù Vân, Tỉnh Ninh Bình",0.0,5.0,1,0,0.0,0.0,397.9,0.04472136328417914,5.0,1,Stopped,0,0,0,0,0,VALID,VALID
35H-09245,2026-08-03 16:45:00,397.9,0,"Lê Chân, Phường Phù Vân, Tỉnh Ninh Bình",0.0,5.0,1,0,0.0,0.0,397.9,0.0,5.0,1,Stopped,0,0,0,0,0,VALID,VALID
35H-09245,2026-08-03 16:50:00,397.8,0,"Lê Chân, Phường Phù Vân, Tỉnh Ninh Bình",0.0,5.0,1,0,-0.0999999999999659,-0.01999999999999318,397.9,0.04472136328402343,5.0,1,Stopped,0,0,0,0,0,VALID,VALID
35H-09245,2026-08-03 16:55:00,397.8,0,"Lê Chân, Phường Phù Vân, Tỉnh Ninh Bình",0.0,5.0,1,0,0.0,0.0,397.9,0.05477225879929166,5.0,1,Stopped,0,0,0,0,0,VALID,VALID
35H-09245,2026-08-03 17:00:00,397.8,0,"Lê Chân, Phường Phù Vân, Tỉnh Ninh Bình",0.0,5.0,1,0,0.0,0.0,397.8,0.05477225879925664,5.0,1,Stopped,0,0,0,0,0,VALID,VALID
35H-09245,2026-08-03 17:05:00,397.8,0,"Lê Chân, Phường Phù Vân, Tỉnh Ninh Bình",0.0,5.0,1,0,0.0,0.0,397.8,0.044721363283894734,5.0,1,Stopped,0,0,0,0,0,VALID,VALID
35H-09245,2026-08-03 17:10:00,397.8,0,"Lê Chân, Phường Phù Vân, Tỉnh Ninh Bình",0.0,5.0,1,0,0.0,0.0,397.8,0.0,5.0,1,Stopped,0,0,0,0,0,VALID,VALID
35H-09245,2026-08-03 17:15:00,397.8,0,"Lê Chân, Phường Phù Vân, Tỉnh Ninh Bình",0.0,5.0,1,0,0.0,0.0,397.8,0.0,5.0,1,Stopped,0,0,0,0,0,VALID,VALID
35H-09245,2026-08-03 17:20:00,397.8,0,"Lê Chân, Phường Phù Vân, Tỉnh Ninh Bình",0.0,5.0,1,0,0.0,0.0,397.8,0.0,5.0,1,Stopped,0,0,0,0,0,VALID,VALID
35H-09245,2026-08-03 17:25:00,397.8,0,"Lê Chân, Phường Phù Vân, Tỉnh Ninh Bình",0.0,5.0,1,0,0.0,0.0,397.8,0.0,5.0,1,Stopped,0,0,0,0,0,VALID,VALID
35H-09245,2026-08-03 17:30:00,397.7,0,"Lê Chân, Phường Phù Vân, Tỉnh Ninh Bình",0.0,5.0,1,0,-0.10000000000002274,-0.02000000000000455,397.8,0.04472136328386614,5.0,1,Stopped,0,0,0,0,0,VALID,VALID
35H-09245,2026-08-03 17:35:00,397.7,0,"Lê Chân, Phường Phù Vân, Tỉnh Ninh Bình",0.0,5.0,1,0,0.0,0.0,397.8,0.054772258799204096,5.0,1,Stopped,0,0,0,0,0,VALID,VALID
35H-09245,2026-08-03 17:40:00,397.7,0,"Lê Chân, Phường Phù Vân, Tỉnh Ninh Bình",0.0,5.0,1,0,0.0,0.0,397.7,0.054772258799204096,5.0,1,Stopped,0,0,0,0,0,VALID,VALID
35H-09245,2026-08-03 17:45:00,397.7,0,"Lê Chân, Phường Phù Vân, Tỉnh Ninh Bình",0.0,5.0,1,0,0.0,0.0,397.7,0.04472136328386614,5.0,1,Stopped,0,0,0,0,0,VALID,VALID
35H-09245,2026-08-03 17:50:00,397.7,0,"Lê Chân, Phường Phù Vân, Tỉnh Ninh Bình",0.0,5.0,1,0,0.0,0.0,397.7,0.0,5.0,1,Stopped,0,0,0,0,0,VALID,VALID
35H-09245,2026-08-03 17:55:00,397.7,0,"Lê Chân, Phường Phù Vân, Tỉnh Ninh Bình",0.0,5.0,1,0,0.0,0.0,397.7,0.0,5.0,1,Stopped,0,0,0,0,0,VALID,VALID
35H-09245,2026-08-03 18:00:00,397.7,0,"Lê Chân, Phường Phù Vân, Tỉnh Ninh Bình",0.0,5.0,1,0,0.0,0.0,397.7,0.0,5.0,1,Stopped,0,0,0,0,0,VALID,VALID
35H-09245,2026-08-03 18:05:00,397.7,0,"Lê Chân, Phường Phù Vân, Tỉnh Ninh Bình",0.0,5.0,1,0,0.0,0.0,397.7,0.0,5.0,1,Stopped,0,0,0,0,0,VALID,VALID
35H-09245,2026-08-03 18:10:00,397.8,0,"Lê Chân, Phường Phù Vân, Tỉnh Ninh Bình",0.0,5.0,1,0,0.10000000000002274,0.02000000000000455,397.7,0.04472136328386614,5.0,1,Stopped,0,0,0,0,0,VALID,VALID
35H-09245,2026-08-03 18:15:00,397.8,0,"Lê Chân, Phường Phù Vân, Tỉnh Ninh Bình",0.0,5.0,1,0,0.0,0.0,397.7,0.054772258799204096,5.0,1,Stopped,0,0,0,0,0,VALID,VALID
35H-09245,2026-08-03 18:20:00,397.8,0,"Lê Chân, Phường Phù Vân, Tỉnh Ninh Bình",0.0,5.0,1,0,0.0,0.0,397.8,0.054772258799204096,5.0,1,Stopped,0,0,0,0,0,VALID,VALID
35H-09245,2026-08-03 18:25:00,397.8,0,"Lê Chân, Phường Phù Vân, Tỉnh Ninh Bình",0.0,5.0,1,0,0.0,0.0,397.8,0.04472136328386614,5.0,1,Stopped,0,0,0,0,0,VALID,VALID
35H-09245,2026-08-03 18:30:00,397.8,0,"Lê Chân, Phường Phù Vân, Tỉnh Ninh Bình",0.0,5.0,1,0,0.0,0.0,397.8,0.0,5.0,1,Stopped,0,0,0,0,0,VALID,VALID
35H-09245,2026-08-03 18:35:00,397.8,0,"Lê Chân, Phường Phù Vân, Tỉnh Ninh Bình",0.0,5.0,1,0,0.0,0.0,397.8,0.0,5.0,1,Stopped,0,0,0,0,0,VALID,VALID
35H-09245,2026-08-03 18:40:00,397.8,0,"Lê Chân, Phường Phù Vân, Tỉnh Ninh Bình",0.0,5.0,1,0,0.0,0.0,397.8,0.0,5.0,1,Stopped,0,0,0,0,0,VALID,VALID
35H-09245,2026-08-03 18:45:00,397.8,0,"Lê Chân, Phường Phù Vân, Tỉnh Ninh Bình",0.0,5.0,1,0,0.0,0.0,397.8,0.0,5.0,1,Stopped,0,0,0,0,0,VALID,VALID
35H-09245,2026-08-03 18:50:00,397.8,0,"Lê Chân, Phường Phù Vân, Tỉnh Ninh Bình",0.0,5.0,1,0,0.0,0.0,397.8,0.0,5.0,1,Stopped,0,0,0,0,0,VALID,VALID
35H-09245,2026-08-03 18:55:00,397.8,0,"Lê Chân, Phường Phù Vân, Tỉnh Ninh Bình",0.0,5.0,1,0,0.0,0.0,397.8,0.0,5.0,1,Stopped,0,0,0,0,0,VALID,VALID
35H-09245,2026-08-03 19:00:00,397.8,0,"Lê Chân, Phường Phù Vân, Tỉnh Ninh Bình",0.0,5.0,1,0,0.0,0.0,397.8,0.0,5.0,1,Stopped,0,0,0,0,0,VALID,VALID
35H-09245,2026-08-03 19:05:00,397.8,0,"Lê Chân, Phường Phù Vân, Tỉnh Ninh Bình",0.0,5.0,1,0,0.0,0.0,397.8,0.0,5.0,1,Stopped,0,0,0,0,0,VALID,VALID
35H-09245,2026-08-03 19:10:00,397.8,0,"Lê Chân, Phường Phù Vân, Tỉnh Ninh Bình",0.0,5.0,1,0,0.0,0.0,397.8,0.0,5.0,1,Stopped,0,0,0,0,0,VALID,VALID
35H-09245,2026-08-03 19:15:00,397.8,0,"Lê Chân, Phường Phù Vân, Tỉnh Ninh Bình",0.0,5.0,1,0,0.0,0.0,397.8,0.0,5.0,1,Stopped,0,0,0,0,0,VALID,VALID
35H-09245,2026-08-03 19:20:00,397.8,0,"Lê Chân, Phường Phù Vân, Tỉnh Ninh Bình",0.0,5.0,1,0,0.0,0.0,397.8,0.0,5.0,1,Stopped,0,0,0,0,0,VALID,VALID
35H-09245,2026-08-03 19:25:00,397.8,0,"Lê Chân, Phường Phù Vân, Tỉnh Ninh Bình",0.0,5.0,1,0,0.0,0.0,397.8,0.0,5.0,1,Stopped,0,0,0,0,0,VALID,VALID
35H-09245,2026-08-03 19:30:00,397.8,0,"Lê Chân, Phường Phù Vân, Tỉnh Ninh Bình",0.0,5.0,1,0,0.0,0.0,397.8,0.0,5.0,1,Stopped,0,0,0,0,0,VALID,VALID
35H-09245,2026-08-03 19:35:00,397.8,0,"Lê Chân, Phường Phù Vân, Tỉnh Ninh Bình",0.0,5.0,1,0,0.0,0.0,397.8,0.0,5.0,1,Stopped,0,0,0,0,0,VALID,VALID
35H-09245,2026-08-03 19:40:00,397.8,0,"Lê Chân, Phường Phù Vân, Tỉnh Ninh Bình",0.0,5.0,1,0,0.0,0.0,397.8,0.0,5.0,1,Stopped,0,0,0,0,0,VALID,VALID
35H-09245,2026-08-03 19:45:00,397.8,0,"Lê Chân, Phường Phù Vân, Tỉnh Ninh Bình",0.0,5.0,1,0,0.0,0.0,397.8,0.0,5.0,1,Stopped,0,0,0,0,0,VALID,VALID
35H-09245,2026-08-03 19:50:00,397.8,0,"Lê Chân, Phường Phù Vân, Tỉnh Ninh Bình",0.0,5.0,1,0,0.0,0.0,397.8,0.0,5.0,1,Stopped,0,0,0,0,0,VALID,VALID
35H-09245,2026-08-03 19:55:00,397.8,0,"Lê Chân, Phường Phù Vân, Tỉnh Ninh Bình",0.0,5.0,1,0,0.0,0.0,397.8,0.0,5.0,1,Stopped,0,0,0,0,0,VALID,VALID
35H-09245,2026-08-03 20:00:00,397.8,0,"Lê Chân, Phường Phù Vân, Tỉnh Ninh Bình",0.0,5.0,1,0,0.0,0.0,397.8,0.0,5.0,1,Stopped,0,0,0,0,0,VALID,VALID
35H-09245,2026-08-03 20:05:00,397.8,0,"Lê Chân, Phường Phù Vân, Tỉnh Ninh Bình",0.0,5.0,1,0,0.0,0.0,397.8,0.0,5.0,1,Stopped,0,0,0,0,0,VALID,VALID
35H-09245,2026-08-03 20:10:00,397.8,0,"Lê Chân, Phường Phù Vân, Tỉnh Ninh Bình",0.0,5.0,1,0,0.0,0.0,397.8,0.0,5.0,1,Stopped,0,0,0,0,0,VALID,VALID
35H-09245,2026-08-03 20:15:00,397.8,0,"Lê Chân, Phường Phù Vân, Tỉnh Ninh Bình",0.0,5.0,1,0,0.0,0.0,397.8,0.0,5.0,1,Stopped,0,0,0,0,0,VALID,VALID
35H-09245,2026-08-03 20:20:00,397.8,0,"Lê Chân, Phường Phù Vân, Tỉnh Ninh Bình",0.0,5.0,1,0,0.0,0.0,397.8,0.0,5.0,1,Stopped,0,0,0,0,0,VALID,VALID
35H-09245,2026-08-03 20:25:00,397.8,0,"Lê Chân, Phường Phù Vân, Tỉnh Ninh Bình",0.0,5.0,1,0,0.0,0.0,397.8,0.0,5.0,1,Stopped,0,0,0,0,0,VALID,VALID
35H-09245,2026-08-03 20:30:00,397.8,0,"Lê Chân, Phường Phù Vân, Tỉnh Ninh Bình",0.0,5.0,1,0,0.0,0.0,397.8,0.0,5.0,1,Stopped,0,0,0,0,0,VALID,VALID
35H-09245,2026-08-03 20:35:00,397.8,0,"Lê Chân, Phường Phù Vân, Tỉnh Ninh Bình",0.0,5.0,1,0,0.0,0.0,397.8,0.0,5.0,1,Stopped,0,0,0,0,0,VALID,VALID
35H-09245,2026-08-03 20:40:00,397.8,0,"Lê Chân, Phường Phù Vân, Tỉnh Ninh Bình",0.0,5.0,1,0,0.0,0.0,397.8,0.0,5.0,1,Stopped,0,0,0,0,0,VALID,VALID
35H-09245,2026-08-03 20:45:00,397.8,0,"Lê Chân, Phường Phù Vân, Tỉnh Ninh Bình",0.0,5.0,1,0,0.0,0.0,397.8,0.0,5.0,1,Stopped,0,0,0,0,0,VALID,VALID
35H-09245,2026-08-03 20:50:00,397.8,0,"Lê Chân, Phường Phù Vân, Tỉnh Ninh Bình",0.0,5.0,1,0,0.0,0.0,397.8,0.0,5.0,1,Stopped,0,0,0,0,0,VALID,VALID
35H-09245,2026-08-03 20:55:00,397.8,0,"Lê Chân, Phường Phù Vân, Tỉnh Ninh Bình",0.0,5.0,1,0,0.0,0.0,397.8,0.0,5.0,1,Stopped,0,0,0,0,0,VALID,VALID
35H-09245,2026-08-03 21:00:00,397.8,0,"Lê Chân, Phường Phù Vân, Tỉnh Ninh Bình",0.0,5.0,1,0,0.0,0.0,397.8,0.0,5.0,1,Stopped,0,0,0,0,0,VALID,VALID
35H-09245,2026-08-03 21:05:00,397.8,0,"Lê Chân, Phường Phù Vân, Tỉnh Ninh Bình",0.0,5.0,1,0,0.0,0.0,397.8,0.0,5.0,1,Stopped,0,0,0,0,0,VALID,VALID
35H-09245,2026-08-03 21:10:00,397.8,0,"Lê Chân, Phường Phù Vân, Tỉnh Ninh Bình",0.0,5.0,1,0,0.0,0.0,397.8,0.0,5.0,1,Stopped,0,0,0,0,0,VALID,VALID
35H-09245,2026-08-03 21:15:00,397.8,0,"Lê Chân, Phường Phù Vân, Tỉnh Ninh Bình",0.0,5.0,1,0,0.0,0.0,397.8,0.0,5.0,1,Stopped,0,0,0,0,0,VALID,VALID
35H-09245,2026-08-03 21:20:00,397.8,0,"Lê Chân, Phường Phù Vân, Tỉnh Ninh Bình",0.0,5.0,1,0,0.0,0.0,397.8,0.0,5.0,1,Stopped,0,0,0,0,0,VALID,VALID
35H-09245,2026-08-03 21:25:00,397.8,0,"Lê Chân, Phường Phù Vân, Tỉnh Ninh Bình",0.0,5.0,1,0,0.0,0.0,397.8,0.0,5.0,1,Stopped,0,0,0,0,0,VALID,VALID
35H-09245,2026-08-03 21:30:00,397.8,0,"Lê Chân, Phường Phù Vân, Tỉnh Ninh Bình",0.0,5.0,1,0,0.0,0.0,397.8,0.0,5.0,1,Stopped,0,0,0,0,0,VALID,VALID
35H-09245,2026-08-03 21:35:00,397.8,0,"Lê Chân, Phường Phù Vân, Tỉnh Ninh Bình",0.0,5.0,1,0,0.0,0.0,397.8,0.0,5.0,1,Stopped,0,0,0,0,0,VALID,VALID
35H-09245,2026-08-03 21:40:00,397.8,0,"Lê Chân, Phường Phù Vân, Tỉnh Ninh Bình",0.0,5.0,1,0,0.0,0.0,397.8,0.0,5.0,1,Stopped,0,0,0,0,0,VALID,VALID
35H-09245,2026-08-03 21:45:00,397.8,0,"Lê Chân, Phường Phù Vân, Tỉnh Ninh Bình",0.0,5.0,1,0,0.0,0.0,397.8,0.0,5.0,1,Stopped,0,0,0,0,0,VALID,VALID
35H-09245,2026-08-03 21:50:00,397.8,0,"Lê Chân, Phường Phù Vân, Tỉnh Ninh Bình",0.0,5.0,1,0,0.0,0.0,397.8,0.0,5.0,1,Stopped,0,0,0,0,0,VALID,VALID
35H-09245,2026-08-03 21:55:00,397.8,0,"Lê Chân, Phường Phù Vân, Tỉnh Ninh Bình",0.0,5.0,1,0,0.0,0.0,397.8,0.0,5.0,1,Stopped,0,0,0,0,0,VALID,VALID
35H-09245,2026-08-03 22:00:00,397.8,0,"Lê Chân, Phường Phù Vân, Tỉnh Ninh Bình",0.0,5.0,1,0,0.0,0.0,397.8,0.0,5.0,1,Stopped,0,0,0,0,0,VALID,VALID
35H-09245,2026-08-03 22:05:00,397.8,0,"Lê Chân, Phường Phù Vân, Tỉnh Ninh Bình",0.0,5.0,1,0,0.0,0.0,397.8,0.0,5.0,1,Stopped,0,0,0,0,0,VALID,VALID
35H-09245,2026-08-03 22:10:00,397.8,0,"Lê Chân, Phường Phù Vân, Tỉnh Ninh Bình",0.0,5.0,1,0,0.0,0.0,397.8,0.0,5.0,1,Stopped,0,0,0,0,0,VALID,VALID
35H-09245,2026-08-03 22:15:00,397.8,0,"Lê Chân, Phường Phù Vân, Tỉnh Ninh Bình",0.0,5.0,1,0,0.0,0.0,397.8,0.0,5.0,1,Stopped,0,0,0,0,0,VALID,VALID
35H-09245,2026-08-03 22:20:00,397.8,0,"Lê Chân, Phường Phù Vân, Tỉnh Ninh Bình",0.0,5.0,1,0,0.0,0.0,397.8,0.0,5.0,1,Stopped,0,0,0,0,0,VALID,VALID
35H-09245,2026-08-03 22:25:00,397.8,0,"Lê Chân, Phường Phù Vân, Tỉnh Ninh Bình",0.0,5.0,1,0,0.0,0.0,397.8,0.0,5.0,1,Stopped,0,0,0,0,0,VALID,VALID
35H-09245,2026-08-03 22:30:00,397.8,0,"Lê Chân, Phường Phù Vân, Tỉnh Ninh Bình",0.0,5.0,1,0,0.0,0.0,397.8,0.0,5.0,1,Stopped,0,0,0,0,0,VALID,VALID
35H-09245,2026-08-03 22:35:00,397.8,0,"Lê Chân, Phường Phù Vân, Tỉnh Ninh Bình",0.0,5.0,1,0,0.0,0.0,397.8,0.0,5.0,1,Stopped,0,0,0,0,0,VALID,VALID
35H-09245,2026-08-03 22:40:00,397.8,0,"Lê Chân, Phường Phù Vân, Tỉnh Ninh Bình",0.0,5.0,1,0,0.0,0.0,397.8,0.0,5.0,1,Stopped,0,0,0,0,0,VALID,VALID
35H-09245,2026-08-03 22:45:00,397.8,0,"Lê Chân, Phường Phù Vân, Tỉnh Ninh Bình",0.0,5.0,1,0,0.0,0.0,397.8,0.0,5.0,1,Stopped,0,0,0,0,0,VALID,VALID
35H-09245,2026-08-03 22:50:00,397.8,0,"Lê Chân, Phường Phù Vân, Tỉnh Ninh Bình",0.0,5.0,1,0,0.0,0.0,397.8,0.0,5.0,1,Stopped,0,0,0,0,0,VALID,VALID
35H-09245,2026-08-03 22:55:00,397.9,0,"Lê Chân, Phường Phù Vân, Tỉnh Ninh Bình",0.0,5.0,1,0,0.0999999999999659,0.01999999999999318,397.8,0.044721363283894734,5.0,1,Stopped,0,0,0,0,0,VALID,VALID
35H-09245,2026-08-03 23:00:00,397.9,0,"Lê Chân, Phường Phù Vân, Tỉnh Ninh Bình",0.0,5.0,1,0,0.0,0.0,397.8,0.05477225879925663,5.0,1,Stopped,0,0,0,0,0,VALID,VALID
35H-09245,2026-08-03 23:05:00,397.9,0,"Lê Chân, Phường Phù Vân, Tỉnh Ninh Bình",0.0,5.0,1,0,0.0,0.0,397.9,0.05477225879929166,5.0,1,Stopped,0,0,0,0,0,VALID,VALID
35H-09245,2026-08-03 23:10:00,397.9,0,"Lê Chân, Phường Phù Vân, Tỉnh Ninh Bình",0.0,5.0,1,0,0.0,0.0,397.9,0.04472136328402342,5.0,1,Stopped,0,0,0,0,0,VALID,VALID
35H-09245,2026-08-03 23:15:00,397.9,0,"Lê Chân, Phường Phù Vân, Tỉnh Ninh Bình",0.0,5.0,1,0,0.0,0.0,397.9,0.0,5.0,1,Stopped,0,0,0,0,0,VALID,VALID
35H-09245,2026-08-03 23:20:00,397.9,0,"Lê Chân, Phường Phù Vân, Tỉnh Ninh Bình",0.0,5.0,1,0,0.0,0.0,397.9,0.0,5.0,1,Stopped,0,0,0,0,0,VALID,VALID
35H-09245,2026-08-03 23:25:00,397.9,0,"Lê Chân, Phường Phù Vân, Tỉnh Ninh Bình",0.0,5.0,1,0,0.0,0.0,397.9,0.0,5.0,1,Stopped,0,0,0,0,0,VALID,VALID
35H-09245,2026-08-03 23:30:00,397.9,0,"Lê Chân, Phường Phù Vân, Tỉnh Ninh Bình",0.0,5.0,1,0,0.0,0.0,397.9,0.0,5.0,1,Stopped,0,0,0,0,0,VALID,VALID
35H-09245,2026-08-03 23:35:00,397.9,0,"Lê Chân, Phường Phù Vân, Tỉnh Ninh Bình",0.0,5.0,1,0,0.0,0.0,397.9,0.0,5.0,1,Stopped,0,0,0,0,0,VALID,VALID
35H-09245,2026-08-03 23:40:00,397.9,0,"Lê Chân, Phường Phù Vân, Tỉnh Ninh Bình",0.0,5.0,1,0,0.0,0.0,397.9,0.0,5.0,1,Stopped,0,0,0,0,0,VALID,VALID
35H-09245,2026-08-03 23:45:00,397.9,0,"Lê Chân, Phường Phù Vân, Tỉnh Ninh Bình",0.0,5.0,1,0,0.0,0.0,397.9,0.0,5.0,1,Stopped,0,0,0,0,0,VALID,VALID
35H-09245,2026-08-03 23:50:00,397.9,0,"Lê Chân, Phường Phù Vân, Tỉnh Ninh Bình",0.0,5.0,1,0,0.0,0.0,397.9,0.0,5.0,1,Stopped,0,0,0,0,0,VALID,VALID
35H-09245,2026-08-03 23:55:00,397.9,0,"Lê Chân, Phường Phù Vân, Tỉnh Ninh Bình",0.0,5.0,1,0,0.0,0.0,397.9,0.0,5.0,1,Stopped,0,0,0,0,0,VALID,VALID
35H-09245,2026-08-04 00:00:00,397.9,0,"Lê Chân, Phường Phù Vân, Tỉnh Ninh Bình",0.0,5.0,1,0,0.0,0.0,397.9,0.0,5.0,1,Stopped,0,0,0,0,0,VALID,VALID
35H-09245,2026-08-04 00:05:00,397.9,0,"Lê Chân, Phường Phù Vân, Tỉnh Ninh Bình",0.0,5.0,1,0,0.0,0.0,397.9,0.0,5.0,1,Stopped,0,0,0,0,0,VALID,VALID
35H-09245,2026-08-04 00:10:00,397.9,0,"Lê Chân, Phường Phù Vân, Tỉnh Ninh Bình",0.0,5.0,1,0,0.0,0.0,397.9,0.0,5.0,1,Stopped,0,0,0,0,0,VALID,VALID
35H-09245,2026-08-04 00:15:00,397.9,0,"Lê Chân, Phường Phù Vân, Tỉnh Ninh Bình",0.0,5.0,1,0,0.0,0.0,397.9,0.0,5.0,1,Stopped,0,0,0,0,0,VALID,VALID
35H-09245,2026-08-04 00:20:00,397.9,0,"Lê Chân, Phường Phù Vân, Tỉnh Ninh Bình",0.0,5.0,1,0,0.0,0.0,397.9,0.0,5.0,1,Stopped,0,0,0,0,0,VALID,VALID
35H-09245,2026-08-04 00:25:00,397.9,0,"Lê Chân, Phường Phù Vân, Tỉnh Ninh Bình",0.0,5.0,1,0,0.0,0.0,397.9,0.0,5.0,1,Stopped,0,0,0,0,0,VALID,VALID
35H-09245,2026-08-04 00:30:00,397.9,0,"Lê Chân, Phường Phù Vân, Tỉnh Ninh Bình",0.0,5.0,1,0,0.0,0.0,397.9,0.0,5.0,1,Stopped,0,0,0,0,0,VALID,VALID
35H-09245,2026-08-04 00:35:00,397.9,0,"Lê Chân, Phường Phù Vân, Tỉnh Ninh Bình",0.0,5.0,1,0,0.0,0.0,397.9,0.0,5.0,1,Stopped,0,0,0,0,0,VALID,VALID
35H-09245,2026-08-04 00:40:00,397.9,0,"Lê Chân, Phường Phù Vân, Tỉnh Ninh Bình",0.0,5.0,1,0,0.0,0.0,397.9,0.0,5.0,1,Stopped,0,0,0,0,0,VALID,VALID
35H-09245,2026-08-04 00:45:00,397.9,0,"Lê Chân, Phường Phù Vân, Tỉnh Ninh Bình",0.0,5.0,1,0,0.0,0.0,397.9,0.0,5.0,1,Stopped,0,0,0,0,0,VALID,VALID
35H-09245,2026-08-04 00:50:00,397.9,0,"Lê Chân, Phường Phù Vân, Tỉnh Ninh Bình",0.0,5.0,1,0,0.0,0.0,397.9,0.0,5.0,1,Stopped,0,0,0,0,0,VALID,VALID
35H-09245,2026-08-04 00:55:00,397.9,0,"Lê Chân, Phường Phù Vân, Tỉnh Ninh Bình",0.0,5.0,1,0,0.0,0.0,397.9,0.0,5.0,1,Stopped,0,0,0,0,0,VALID,VALID
35H-09245,2026-08-04 01:00:00,397.9,0,"Lê Chân, Phường Phù Vân, Tỉnh Ninh Bình",0.0,5.0,1,0,0.0,0.0,397.9,0.0,5.0,1,Stopped,0,0,0,0,0,VALID,VALID
35H-09245,2026-08-04 01:05:00,397.9,0,"Lê Chân, Phường Phù Vân, Tỉnh Ninh Bình",0.0,5.0,1,0,0.0,0.0,397.9,0.0,5.0,1,Stopped,0,0,0,0,0,VALID,VALID
35H-09245,2026-08-04 01:10:00,397.9,0,"Lê Chân, Phường Phù Vân, Tỉnh Ninh Bình",0.0,5.0,1,0,0.0,0.0,397.9,0.0,5.0,1,Stopped,0,0,0,0,0,VALID,VALID
35H-09245,2026-08-04 01:15:00,397.9,0,"Lê Chân, Phường Phù Vân, Tỉnh Ninh Bình",0.0,5.0,1,0,0.0,0.0,397.9,0.0,5.0,1,Stopped,0,0,0,0,0,VALID,VALID
35H-09245,2026-08-04 01:20:00,397.9,0,"Lê Chân, Phường Phù Vân, Tỉnh Ninh Bình",0.0,5.0,1,0,0.0,0.0,397.9,0.0,5.0,1,Stopped,0,0,0,0,0,VALID,VALID
35H-09245,2026-08-04 01:25:00,397.9,0,"Lê Chân, Phường Phù Vân, Tỉnh Ninh Bình",0.0,5.0,1,0,0.0,0.0,397.9,0.0,5.0,1,Stopped,0,0,0,0,0,VALID,VALID
35H-09245,2026-08-04 01:30:00,397.9,0,"Lê Chân, Phường Phù Vân, Tỉnh Ninh Bình",0.0,5.0,1,0,0.0,0.0,397.9,0.0,5.0,1,Stopped,0,0,0,0,0,VALID,VALID
35H-09245,2026-08-04 01:35:00,397.9,0,"Lê Chân, Phường Phù Vân, Tỉnh Ninh Bình",0.0,5.0,1,0,0.0,0.0,397.9,0.0,5.0,1,Stopped,0,0,0,0,0,VALID,VALID
35H-09245,2026-08-04 01:40:00,397.9,0,"Lê Chân, Phường Phù Vân, Tỉnh Ninh Bình",0.0,5.0,1,0,0.0,0.0,397.9,0.0,5.0,1,Stopped,0,0,0,0,0,VALID,VALID
35H-09245,2026-08-04 01:45:00,397.9,0,"Lê Chân, Phường Phù Vân, Tỉnh Ninh Bình",0.0,5.0,1,0,0.0,0.0,397.9,0.0,5.0,1,Stopped,0,0,0,0,0,VALID,VALID
35H-09245,2026-08-04 01:50:00,397.9,0,"Lê Chân, Phường Phù Vân, Tỉnh Ninh Bình",0.0,5.0,1,0,0.0,0.0,397.9,0.0,5.0,1,Stopped,0,0,0,0,0,VALID,VALID
35H-09245,2026-08-04 01:55:00,397.9,0,"Lê Chân, Phường Phù Vân, Tỉnh Ninh Bình",0.0,5.0,1,0,0.0,0.0,397.9,0.0,5.0,1,Stopped,0,0,0,0,0,VALID,VALID
35H-09245,2026-08-04 02:00:00,397.9,0,"Lê Chân, Phường Phù Vân, Tỉnh Ninh Bình",0.0,5.0,1,0,0.0,0.0,397.9,0.0,5.0,1,Stopped,0,0,0,0,0,VALID,VALID
35H-09245,2026-08-04 02:05:00,397.9,0,"Lê Chân, Phường Phù Vân, Tỉnh Ninh Bình",0.0,5.0,1,0,0.0,0.0,397.9,0.0,5.0,1,Stopped,0,0,0,0,0,VALID,VALID
35H-09245,2026-08-04 02:10:00,397.9,0,"Lê Chân, Phường Phù Vân, Tỉnh Ninh Bình",0.0,5.0,1,0,0.0,0.0,397.9,0.0,5.0,1,Stopped,0,0,0,0,0,VALID,VALID
35H-09245,2026-08-04 02:15:00,397.9,0,"Lê Chân, Phường Phù Vân, Tỉnh Ninh Bình",0.0,5.0,1,0,0.0,0.0,397.9,0.0,5.0,1,Stopped,0,0,0,0,0,VALID,VALID
35H-09245,2026-08-04 02:20:00,397.9,0,"Lê Chân, Phường Phù Vân, Tỉnh Ninh Bình",0.0,5.0,1,0,0.0,0.0,397.9,0.0,5.0,1,Stopped,0,0,0,0,0,VALID,VALID
35H-09245,2026-08-04 02:25:00,397.9,0,"Lê Chân, Phường Phù Vân, Tỉnh Ninh Bình",0.0,5.0,1,0,0.0,0.0,397.9,0.0,5.0,1,Stopped,0,0,0,0,0,VALID,VALID
35H-09245,2026-08-04 02:30:00,398.0,0,"Lê Chân, Phường Phù Vân, Tỉnh Ninh Bình",0.0,5.0,1,0,0.10000000000002274,0.02000000000000455,397.9,0.04472136328415053,5.0,1,Stopped,0,0,0,0,0,VALID,VALID
35H-09245,2026-08-04 02:35:00,398.0,0,"Lê Chân, Phường Phù Vân, Tỉnh Ninh Bình",0.0,5.0,1,0,0.0,0.0,397.9,0.05477225879947327,5.0,1,Stopped,0,0,0,0,0,VALID,VALID
35H-09245,2026-08-04 02:40:00,398.0,0,"Lê Chân, Phường Phù Vân, Tỉnh Ninh Bình",0.0,5.0,1,0,0.0,0.0,398.0,0.05477225879949662,5.0,1,Stopped,0,0,0,0,0,VALID,VALID
35H-09245,2026-08-04 02:45:00,398.0,0,"Lê Chân, Phường Phù Vân, Tỉnh Ninh Bình",0.0,5.0,1,0,0.0,0.0,398.0,0.04472136328425301,5.0,1,Stopped,0,0,0,0,0,VALID,VALID
35H-09245,2026-08-04 02:50:00,398.0,0,"Lê Chân, Phường Phù Vân, Tỉnh Ninh Bình",0.0,5.0,1,0,0.0,0.0,398.0,0.0,5.0,1,Stopped,0,0,0,0,0,VALID,VALID
35H-09245,2026-08-04 02:55:00,398.0,0,"Lê Chân, Phường Phù Vân, Tỉnh Ninh Bình",0.0,5.0,1,0,0.0,0.0,398.0,0.0,5.0,1,Stopped,0,0,0,0,0,VALID,VALID
35H-09245,2026-08-04 03:00:00,398.0,0,"Lê Chân, Phường Phù Vân, Tỉnh Ninh Bình",0.0,5.0,1,0,0.0,0.0,398.0,0.0,5.0,1,Stopped,0,0,0,0,0,VALID,VALID
35H-09245,2026-08-04 03:05:00,398.0,0,"Lê Chân, Phường Phù Vân, Tỉnh Ninh Bình",0.0,5.0,1,0,0.0,0.0,398.0,0.0,5.0,1,Stopped,0,0,0,0,0,VALID,VALID
35H-09245,2026-08-04 03:10:00,398.0,0,"Lê Chân, Phường Phù Vân, Tỉnh Ninh Bình",0.0,5.0,1,0,0.0,0.0,398.0,0.0,5.0,1,Stopped,0,0,0,0,0,VALID,VALID
35H-09245,2026-08-04 03:15:00,398.0,0,"Lê Chân, Phường Phù Vân, Tỉnh Ninh Bình",0.0,5.0,1,0,0.0,0.0,398.0,0.0,5.0,1,Stopped,0,0,0,0,0,VALID,VALID
35H-09245,2026-08-04 03:20:00,398.0,0,"Lê Chân, Phường Phù Vân, Tỉnh Ninh Bình",0.0,5.0,1,0,0.0,0.0,398.0,0.0,5.0,1,Stopped,0,0,0,0,0,VALID,VALID
35H-09245,2026-08-04 03:25:00,398.0,0,"Lê Chân, Phường Phù Vân, Tỉnh Ninh Bình",0.0,5.0,1,0,0.0,0.0,398.0,0.0,5.0,1,Stopped,0,0,0,0,0,VALID,VALID
35H-09245,2026-08-04 03:30:00,398.0,0,"Lê Chân, Phường Phù Vân, Tỉnh Ninh Bình",0.0,5.0,1,0,0.0,0.0,398.0,0.0,5.0,1,Stopped,0,0,0,0,0,VALID,VALID
35H-09245,2026-08-04 03:35:00,398.0,0,"Lê Chân, Phường Phù Vân, Tỉnh Ninh Bình",0.0,5.0,1,0,0.0,0.0,398.0,0.0,5.0,1,Stopped,0,0,0,0,0,VALID,VALID
35H-09245,2026-08-04 03:40:00,398.0,0,"Lê Chân, Phường Phù Vân, Tỉnh Ninh Bình",0.0,5.0,1,0,0.0,0.0,398.0,0.0,5.0,1,Stopped,0,0,0,0,0,VALID,VALID
35H-09245,2026-08-04 03:45:00,398.0,0,"Lê Chân, Phường Phù Vân, Tỉnh Ninh Bình",0.0,5.0,1,0,0.0,0.0,398.0,0.0,5.0,1,Stopped,0,0,0,0,0,VALID,VALID
35H-09245,2026-08-04 03:50:00,398.0,0,"Lê Chân, Phường Phù Vân, Tỉnh Ninh Bình",0.0,5.0,1,0,0.0,0.0,398.0,0.0,5.0,1,Stopped,0,0,0,0,0,VALID,VALID
35H-09245,2026-08-04 03:55:00,398.0,0,"Lê Chân, Phường Phù Vân, Tỉnh Ninh Bình",0.0,5.0,1,0,0.0,0.0,398.0,0.0,5.0,1,Stopped,0,0,0,0,0,VALID,VALID
35H-09245,2026-08-04 04:00:00,398.0,0,"Lê Chân, Phường Phù Vân, Tỉnh Ninh Bình",0.0,5.0,1,0,0.0,0.0,398.0,0.0,5.0,1,Stopped,0,0,0,0,0,VALID,VALID
35H-09245,2026-08-04 04:05:00,398.0,0,"Lê Chân, Phường Phù Vân, Tỉnh Ninh Bình",0.0,5.0,1,0,0.0,0.0,398.0,0.0,5.0,1,Stopped,0,0,0,0,0,VALID,VALID
35H-09245,2026-08-04 04:10:00,398.0,0,"Lê Chân, Phường Phù Vân, Tỉnh Ninh Bình",0.0,5.0,1,0,0.0,0.0,398.0,0.0,5.0,1,Stopped,0,0,0,0,0,VALID,VALID
35H-09245,2026-08-04 04:15:00,398.0,0,"Lê Chân, Phường Phù Vân, Tỉnh Ninh Bình",0.0,5.0,1,0,0.0,0.0,398.0,0.0,5.0,1,Stopped,0,0,0,0,0,VALID,VALID
35H-09245,2026-08-04 04:20:00,398.0,0,"Lê Chân, Phường Phù Vân, Tỉnh Ninh Bình",0.0,5.0,1,0,0.0,0.0,398.0,0.0,5.0,1,Stopped,0,0,0,0,0,VALID,VALID
35H-09245,2026-08-04 04:25:00,398.0,0,"Lê Chân, Phường Phù Vân, Tỉnh Ninh Bình",0.0,5.0,1,0,0.0,0.0,398.0,0.0,5.0,1,Stopped,0,0,0,0,0,VALID,VALID
35H-09245,2026-08-04 04:30:00,398.0,0,"Lê Chân, Phường Phù Vân, Tỉnh Ninh Bình",0.0,5.0,1,0,0.0,0.0,398.0,0.0,5.0,1,Stopped,0,0,0,0,0,VALID,VALID
35H-09245,2026-08-04 04:35:00,398.0,0,"Lê Chân, Phường Phù Vân, Tỉnh Ninh Bình",0.0,5.0,1,0,0.0,0.0,398.0,0.0,5.0,1,Stopped,0,0,0,0,0,VALID,VALID
35H-09245,2026-08-04 04:40:00,398.0,0,"Lê Chân, Phường Phù Vân, Tỉnh Ninh Bình",0.0,5.0,1,0,0.0,0.0,398.0,0.0,5.0,1,Stopped,0,0,0,0,0,VALID,VALID
35H-09245,2026-08-04 04:45:00,398.0,0,"Lê Chân, Phường Phù Vân, Tỉnh Ninh Bình",0.0,5.0,1,0,0.0,0.0,398.0,0.0,5.0,1,Stopped,0,0,0,0,0,VALID,VALID
35H-09245,2026-08-04 04:50:00,398.0,0,"Lê Chân, Phường Phù Vân, Tỉnh Ninh Bình",0.0,5.0,1,0,0.0,0.0,398.0,0.0,5.0,1,Stopped,0,0,0,0,0,VALID,VALID
35H-09245,2026-08-04 04:55:00,398.0,0,"Lê Chân, Phường Phù Vân, Tỉnh Ninh Bình",0.0,5.0,1,0,0.0,0.0,398.0,0.0,5.0,1,Stopped,0,0,0,0,0,VALID,VALID
35H-09245,2026-08-04 05:00:00,398.0,0,"Lê Chân, Phường Phù Vân, Tỉnh Ninh Bình",0.0,5.0,1,0,0.0,0.0,398.0,0.0,5.0,1,Stopped,0,0,0,0,0,VALID,VALID
35H-09245,2026-08-04 05:05:00,398.0,0,"Lê Chân, Phường Phù Vân, Tỉnh Ninh Bình",0.0,5.0,1,0,0.0,0.0,398.0,0.0,5.0,1,Stopped,0,0,0,0,0,VALID,VALID
35H-09245,2026-08-04 05:10:00,398.0,0,"Lê Chân, Phường Phù Vân, Tỉnh Ninh Bình",0.0,5.0,1,0,0.0,0.0,398.0,0.0,5.0,1,Stopped,0,0,0,0,0,VALID,VALID
35H-09245,2026-08-04 05:15:00,398.0,0,"Lê Chân, Phường Phù Vân, Tỉnh Ninh Bình",0.0,5.0,1,0,0.0,0.0,398.0,0.0,5.0,1,Stopped,0,0,0,0,0,VALID,VALID
35H-09245,2026-08-04 05:20:00,398.0,0,"Lê Chân, Phường Phù Vân, Tỉnh Ninh Bình",0.0,5.0,1,0,0.0,0.0,398.0,0.0,5.0,1,Stopped,0,0,0,0,0,VALID,VALID
35H-09245,2026-08-04 05:25:00,398.0,0,"Lê Chân, Phường Phù Vân, Tỉnh Ninh Bình",0.0,5.0,1,0,0.0,0.0,398.0,0.0,5.0,1,Stopped,0,0,0,0,0,VALID,VALID
35H-09245,2026-08-04 05:30:00,398.0,0,"Lê Chân, Phường Phù Vân, Tỉnh Ninh Bình",0.0,5.0,1,0,0.0,0.0,398.0,0.0,5.0,1,Stopped,0,0,0,0,0,VALID,VALID
35H-09245,2026-08-04 05:35:00,398.0,0,"Lê Chân, Phường Phù Vân, Tỉnh Ninh Bình",0.0,5.0,1,0,0.0,0.0,398.0,0.0,5.0,1,Stopped,0,0,0,0,0,VALID,VALID
35H-09245,2026-08-04 05:40:00,398.0,0,"Lê Chân, Phường Phù Vân, Tỉnh Ninh Bình",0.0,5.0,1,0,0.0,0.0,398.0,0.0,5.0,1,Stopped,0,0,0,0,0,VALID,VALID
35H-09245,2026-08-04 05:45:00,398.0,0,"Lê Chân, Phường Phù Vân, Tỉnh Ninh Bình",0.0,5.0,1,0,0.0,0.0,398.0,0.0,5.0,1,Stopped,0,0,0,0,0,VALID,VALID
35H-09245,2026-08-04 05:50:00,398.0,0,"Lê Chân, Phường Phù Vân, Tỉnh Ninh Bình",0.0,5.0,1,0,0.0,0.0,398.0,0.0,5.0,1,Stopped,0,0,0,0,0,VALID,VALID
35H-09245,2026-08-04 05:55:00,398.0,0,"Lê Chân, Phường Phù Vân, Tỉnh Ninh Bình",0.0,5.0,1,0,0.0,0.0,398.0,0.0,5.0,1,Stopped,0,0,0,0,0,VALID,VALID
35H-09245,2026-08-04 06:00:00,398.0,0,"Lê Chân, Phường Phù Vân, Tỉnh Ninh Bình",0.0,5.0,1,0,0.0,0.0,398.0,0.0,5.0,1,Stopped,0,0,0,0,0,VALID,VALID
35H-09245,2026-08-04 06:05:00,398.0,0,"Lê Chân, Phường Phù Vân, Tỉnh Ninh Bình",0.0,5.0,1,0,0.0,0.0,398.0,0.0,5.0,1,Stopped,0,0,0,0,0,VALID,VALID
35H-09245,2026-08-04 06:10:00,398.0,0,"Lê Chân, Phường Phù Vân, Tỉnh Ninh Bình",0.0,5.0,1,0,0.0,0.0,398.0,0.0,5.0,1,Stopped,0,0,0,0,0,VALID,VALID
35H-09245,2026-08-04 06:15:00,397.9,0,"Lê Chân, Phường Phù Vân, Tỉnh Ninh Bình",0.0,5.0,1,0,-0.10000000000002274,-0.02000000000000455,398.0,0.04472136328425301,5.0,1,Stopped,0,0,0,0,0,VALID,VALID
35H-09245,2026-08-04 06:20:00,397.9,0,"Lê Chân, Phường Phù Vân, Tỉnh Ninh Bình",0.0,5.0,1,0,0.0,0.0,398.0,0.05477225879949662,5.0,1,Stopped,0,0,0,0,0,VALID,VALID
35H-09245,2026-08-04 06:25:00,397.9,0,"Lê Chân, Phường Phù Vân, Tỉnh Ninh Bình",0.0,5.0,1,0,0.0,0.0,397.9,0.05477225879947327,5.0,1,Stopped,0,0,0,0,0,VALID,VALID
35H-09245,2026-08-04 06:30:00,397.9,0,"Lê Chân, Phường Phù Vân, Tỉnh Ninh Bình",0.0,5.0,1,0,0.0,0.0,397.9,0.04472136328416721,5.0,1,Stopped,0,0,0,0,0,VALID,VALID
35H-09245,2026-08-04 06:35:00,397.9,0,"Lê Chân, Phường Phù Vân, Tỉnh Ninh Bình",0.0,5.0,1,0,0.0,0.0,397.9,0.0,5.0,1,Stopped,0,0,0,0,0,VALID,VALID
35H-09245,2026-08-04 06:40:00,397.9,0,"Lê Chân, Phường Phù Vân, Tỉnh Ninh Bình",0.0,5.0,1,0,0.0,0.0,397.9,0.0,5.0,1,Stopped,0,0,0,0,0,VALID,VALID
35H-09245,2026-08-04 06:45:00,397.9,0,"Lê Chân, Phường Phù Vân, Tỉnh Ninh Bình",0.0,5.0,1,0,0.0,0.0,397.9,0.0,5.0,1,Stopped,0,0,0,0,0,VALID,VALID
35H-09245,2026-08-04 06:50:00,397.9,0,"Lê Chân, Phường Phù Vân, Tỉnh Ninh Bình",0.0,5.0,1,0,0.0,0.0,397.9,0.0,5.0,1,Stopped,0,0,0,0,0,VALID,VALID
35H-09245,2026-08-04 06:55:00,397.9,0,"Lê Chân, Phường Phù Vân, Tỉnh Ninh Bình",0.0,5.0,1,0,0.0,0.0,397.9,0.0,5.0,1,Stopped,0,0,0,0,0,VALID,VALID
35H-09245,2026-08-04 07:00:00,397.9,0,"Lê Chân, Phường Phù Vân, Tỉnh Ninh Bình",0.0,5.0,1,0,0.0,0.0,397.9,0.0,5.0,1,Stopped,0,0,0,0,0,VALID,VALID
35H-09245,2026-08-04 07:05:00,397.9,0,"Lê Chân, Phường Phù Vân, Tỉnh Ninh Bình",0.0,5.0,1,0,0.0,0.0,397.9,0.0,5.0,1,Stopped,0,0,0,0,0,VALID,VALID
35H-09245,2026-08-04 07:10:00,397.9,0,"Lê Chân, Phường Phù Vân, Tỉnh Ninh Bình",0.0,5.0,1,0,0.0,0.0,397.9,0.0,5.0,1,Stopped,0,0,0,0,0,VALID,VALID
35H-09245,2026-08-04 07:15:00,397.8,0,"Lê Chân, Phường Phù Vân, Tỉnh Ninh Bình",0.0,5.0,1,0,-0.0999999999999659,-0.01999999999999318,397.9,0.044721363284138616,5.0,1,Stopped,0,0,0,0,0,VALID,VALID
35H-09245,2026-08-04 07:20:00,397.8,0,"Lê Chân, Phường Phù Vân, Tỉnh Ninh Bình",0.0,5.0,1,0,0.0,0.0,397.9,0.054772258799432406,5.0,1,Stopped,0,0,0,0,0,VALID,VALID
35H-09245,2026-08-04 07:25:00,397.8,0,"Lê Chân, Phường Phù Vân, Tỉnh Ninh Bình",0.0,5.0,1,0,0.0,0.0,397.8,0.054772258799444085,5.0,1,Stopped,0,0,0,0,0,VALID,VALID
35H-09245,2026-08-04 07:30:00,397.8,0,"Lê Chân, Phường Phù Vân, Tỉnh Ninh Bình",0.0,5.0,1,0,0.0,0.0,397.8,0.04472136328418151,5.0,1,Stopped,0,0,0,0,0,VALID,VALID
35H-09245,2026-08-04 07:35:00,397.8,0,"Lê Chân, Phường Phù Vân, Tỉnh Ninh Bình",0.0,5.0,1,0,0.0,0.0,397.8,0.0,5.0,1,Stopped,0,0,0,0,0,VALID,VALID
35H-09245,2026-08-04 07:40:00,397.8,0,"Lê Chân, Phường Phù Vân, Tỉnh Ninh Bình",0.0,5.0,1,0,0.0,0.0,397.8,0.0,5.0,1,Stopped,0,0,0,0,0,VALID,VALID
35H-09245,2026-08-04 07:45:00,397.8,0,"Lê Chân, Phường Phù Vân, Tỉnh Ninh Bình",0.0,5.0,1,0,0.0,0.0,397.8,0.0,5.0,1,Stopped,0,0,0,0,0,VALID,VALID
35H-09245,2026-08-04 07:50:00,397.8,0,"Lê Chân, Phường Phù Vân, Tỉnh Ninh Bình",0.0,5.0,1,0,0.0,0.0,397.8,0.0,5.0,1,Stopped,0,0,0,0,0,VALID,VALID
35H-09245,2026-08-04 07:55:00,397.8,0,"Lê Chân, Phường Phù Vân, Tỉnh Ninh Bình",0.0,5.0,1,0,0.0,0.0,397.8,0.0,5.0,1,Stopped,0,0,0,0,0,VALID,VALID
35H-09245,2026-08-04 08:00:00,397.8,0,"Lê Chân, Phường Phù Vân, Tỉnh Ninh Bình",0.0,5.0,1,0,0.0,0.0,397.8,0.0,5.0,1,Stopped,0,0,0,0,0,VALID,VALID
35H-09245,2026-08-04 08:05:00,397.8,0,"Lê Chân, Phường Phù Vân, Tỉnh Ninh Bình",0.0,5.0,1,0,0.0,0.0,397.8,0.0,5.0,1,Stopped,0,0,0,0,0,VALID,VALID
35H-09245,2026-08-04 08:10:00,397.8,0,"Lê Chân, Phường Phù Vân, Tỉnh Ninh Bình",0.0,5.0,1,0,0.0,0.0,397.8,0.0,5.0,1,Stopped,0,0,0,0,0,VALID,VALID
35H-09245,2026-08-04 08:15:00,397.8,0,"Lê Chân, Phường Phù Vân, Tỉnh Ninh Bình",0.0,5.0,1,0,0.0,0.0,397.8,0.0,5.0,1,Stopped,0,0,0,0,0,VALID,VALID
35H-09245,2026-08-04 08:20:00,397.8,0,"Lê Chân, Phường Phù Vân, Tỉnh Ninh Bình",0.0,5.0,1,0,0.0,0.0,397.8,0.0,5.0,1,Stopped,0,0,0,0,0,VALID,VALID
35H-09245,2026-08-04 08:25:00,397.8,0,"Lê Chân, Phường Phù Vân, Tỉnh Ninh Bình",0.0,5.0,1,0,0.0,0.0,397.8,0.0,5.0,1,Stopped,0,0,0,0,0,VALID,VALID
35H-09245,2026-08-04 08:30:00,397.8,0,"Lê Chân, Phường Phù Vân, Tỉnh Ninh Bình",0.0,5.0,1,0,0.0,0.0,397.8,0.0,5.0,1,Stopped,0,0,0,0,0,VALID,VALID
35H-09245,2026-08-04 08:35:00,397.8,0,"Lê Chân, Phường Phù Vân, Tỉnh Ninh Bình",0.0,5.0,1,0,0.0,0.0,397.8,0.0,5.0,1,Stopped,0,0,0,0,0,VALID,VALID
35H-09245,2026-08-04 08:40:00,397.8,0,"Lê Chân, Phường Phù Vân, Tỉnh Ninh Bình",0.0,5.0,1,0,0.0,0.0,397.8,0.0,5.0,1,Stopped,0,0,0,0,0,VALID,VALID
35H-09245,2026-08-04 08:45:00,397.8,0,"Lê Chân, Phường Phù Vân, Tỉnh Ninh Bình",0.0,5.0,1,0,0.0,0.0,397.8,0.0,5.0,1,Stopped,0,0,0,0,0,VALID,VALID
35H-09245,2026-08-04 08:50:00,397.8,0,"Lê Chân, Phường Phù Vân, Tỉnh Ninh Bình",0.0,5.0,1,0,0.0,0.0,397.8,0.0,5.0,1,Stopped,0,0,0,0,0,VALID,VALID
35H-09245,2026-08-04 08:55:00,397.7,0,"Lê Chân, Phường Phù Vân, Tỉnh Ninh Bình",0.0,5.0,1,0,-0.10000000000002274,-0.02000000000000455,397.8,0.04472136328425142,5.0,1,Stopped,0,0,0,0,0,VALID,VALID
35H-09245,2026-08-04 09:00:00,397.7,0,"Lê Chân, Phường Phù Vân, Tỉnh Ninh Bình",0.0,5.0,1,0,0.0,0.0,397.8,0.05477225879954203,5.0,1,Stopped,0,0,0,0,0,VALID,VALID
35H-09245,2026-08-04 09:05:00,397.7,0,"Lê Chân, Phường Phù Vân, Tỉnh Ninh Bình",0.0,5.0,1,0,0.0,0.0,397.7,0.054772258799565376,5.0,1,Stopped,0,0,0,0,0,VALID,VALID
35H-09245,2026-08-04 09:10:00,397.7,0,"Lê Chân, Phường Phù Vân, Tỉnh Ninh Bình",0.0,5.0,1,0,0.0,0.0,397.7,0.04472136328433722,5.0,1,Stopped,0,0,0,0,0,VALID,VALID
35H-09245,2026-08-04 09:15:00,397.7,0,"Lê Chân, Phường Phù Vân, Tỉnh Ninh Bình",0.0,5.0,1,0,0.0,0.0,397.7,0.0,5.0,1,Stopped,0,0,0,0,0,VALID,VALID
35H-09245,2026-08-04 09:20:00,397.7,0,"Lê Chân, Phường Phù Vân, Tỉnh Ninh Bình",0.0,5.0,1,0,0.0,0.0,397.7,0.0,5.0,1,Stopped,0,0,0,0,0,VALID,VALID
35H-09245,2026-08-04 09:25:00,397.7,0,"Lê Chân, Phường Phù Vân, Tỉnh Ninh Bình",0.0,5.0,1,0,0.0,0.0,397.7,0.0,5.0,1,Stopped,0,0,0,0,0,VALID,VALID
35H-09245,2026-08-04 09:30:00,397.7,0,"Lê Chân, Phường Phù Vân, Tỉnh Ninh Bình",0.0,5.0,1,0,0.0,0.0,397.7,0.0,5.0,1,Stopped,0,0,0,0,0,VALID,VALID
35H-09245,2026-08-04 09:35:00,397.6,0,"Lê Chân, Phường Phù Vân, Tỉnh Ninh Bình",0.0,5.0,1,0,-0.0999999999999659,-0.01999999999999318,397.7,0.044721363284435725,5.0,1,Stopped,0,0,0,0,0,VALID,VALID
35H-09245,2026-08-04 09:40:00,397.6,0,"Lê Chân, Phường Phù Vân, Tỉnh Ninh Bình",0.0,5.0,1,0,0.0,0.0,397.7,0.054772258799732076,5.0,1,Stopped,0,0,0,0,0,VALID,VALID
35H-09245,2026-08-04 09:45:00,397.6,0,"Lê Chân, Phường Phù Vân, Tỉnh Ninh Bình",0.0,5.0,1,0,0.0,0.0,397.6,0.054772258799800834,5.0,1,Stopped,0,0,0,0,0,VALID,VALID
35H-09245,2026-08-04 09:50:00,397.6,0,"Lê Chân, Phường Phù Vân, Tỉnh Ninh Bình",0.0,5.0,1,0,0.0,0.0,397.6,0.04472136328468835,5.0,1,Stopped,0,0,0,0,0,VALID,VALID
35H-09245,2026-08-04 09:55:00,397.6,0,"Lê Chân, Phường Phù Vân, Tỉnh Ninh Bình",0.0,5.0,1,0,0.0,0.0,397.6,0.0,5.0,1,Stopped,0,0,0,0,0,VALID,VALID
35H-09245,2026-08-04 10:00:00,397.6,0,"Lê Chân, Phường Phù Vân, Tỉnh Ninh Bình",0.0,5.0,1,0,0.0,0.0,397.6,0.0,5.0,1,Stopped,0,0,0,0,0,VALID,VALID
35H-09245,2026-08-04 10:05:00,397.6,0,"Lê Chân, Phường Phù Vân, Tỉnh Ninh Bình",0.0,5.0,1,0,0.0,0.0,397.6,0.0,5.0,1,Stopped,0,0,0,0,0,VALID,VALID
35H-09245,2026-08-04 10:10:00,397.6,0,"Lê Chân, Phường Phù Vân, Tỉnh Ninh Bình",0.0,5.0,1,0,0.0,0.0,397.6,0.0,5.0,1,Stopped,0,0,0,0,0,VALID,VALID
35H-09245,2026-08-04 10:15:00,397.6,0,"Lê Chân, Phường Phù Vân, Tỉnh Ninh Bình",0.0,5.0,1,0,0.0,0.0,397.6,0.0,5.0,1,Stopped,0,0,0,0,0,VALID,VALID
35H-09245,2026-08-04 10:20:00,397.6,0,"Lê Chân, Phường Phù Vân, Tỉnh Ninh Bình",0.0,5.0,1,0,0.0,0.0,397.6,0.0,5.0,1,Stopped,0,0,0,0,0,VALID,VALID
35H-09245,2026-08-04 10:25:00,397.6,0,"Lê Chân, Phường Phù Vân, Tỉnh Ninh Bình",0.0,5.0,1,0,0.0,0.0,397.6,0.0,5.0,1,Stopped,0,0,0,0,0,VALID,VALID
35H-09245,2026-08-04 10:30:00,397.6,0,"Lê Chân, Phường Phù Vân, Tỉnh Ninh Bình",0.0,5.0,1,0,0.0,0.0,397.6,0.0,5.0,1,Stopped,0,0,0,0,0,VALID,VALID
35H-09245,2026-08-04 10:35:00,397.5,0,"Lê Chân, Phường Phù Vân, Tỉnh Ninh Bình",0.0,5.0,1,0,-0.10000000000002274,-0.02000000000000455,397.6,0.04472136328491396,5.0,1,Stopped,0,0,0,0,0,VALID,VALID
35H-09245,2026-08-04 10:40:00,397.5,0,"Lê Chân, Phường Phù Vân, Tỉnh Ninh Bình",0.0,5.0,1,0,0.0,0.0,397.6,0.05477225880016342,5.0,1,Stopped,0,0,0,0,0,VALID,VALID
35H-09245,2026-08-04 10:45:00,397.5,0,"Lê Chân, Phường Phù Vân, Tỉnh Ninh Bình",0.0,5.0,1,0,0.0,0.0,397.5,0.0547722588002672,5.0,1,Stopped,0,0,0,0,0,VALID,VALID
35H-09245,2026-08-04 10:50:00,397.5,0,"Lê Chân, Phường Phù Vân, Tỉnh Ninh Bình",0.0,5.0,1,0,0.0,0.0,397.5,0.04472136328529528,5.0,1,Stopped,0,0,0,0,0,VALID,VALID
35H-09245,2026-08-04 10:55:00,397.5,0,"Lê Chân, Phường Phù Vân, Tỉnh Ninh Bình",0.0,5.0,1,0,0.0,0.0,397.5,0.0,5.0,1,Stopped,0,0,0,0,0,VALID,VALID
35H-09245,2026-08-04 11:00:00,397.5,0,"Lê Chân, Phường Phù Vân, Tỉnh Ninh Bình",0.0,5.0,1,0,0.0,0.0,397.5,0.0,5.0,1,Stopped,0,0,0,0,0,VALID,VALID
35H-09245,2026-08-04 11:05:00,397.5,0,"Lê Chân, Phường Phù Vân, Tỉnh Ninh Bình",0.0,5.0,1,0,0.0,0.0,397.5,0.0,5.0,1,Stopped,0,0,0,0,0,VALID,VALID
35H-09245,2026-08-04 11:10:00,397.5,0,"Lê Chân, Phường Phù Vân, Tỉnh Ninh Bình",0.0,5.0,1,0,0.0,0.0,397.5,0.0,5.0,1,Stopped,0,0,0,0,0,VALID,VALID
35H-09245,2026-08-04 11:15:00,397.5,0,"Lê Chân, Phường Phù Vân, Tỉnh Ninh Bình",0.0,5.0,1,0,0.0,0.0,397.5,0.0,5.0,1,Stopped,0,0,0,0,0,VALID,VALID
35H-09245,2026-08-04 11:20:00,397.5,0,"Lê Chân, Phường Phù Vân, Tỉnh Ninh Bình",0.0,5.0,1,0,0.0,0.0,397.5,0.0,5.0,1,Stopped,0,0,0,0,0,VALID,VALID
35H-09245,2026-08-04 11:25:00,397.4,0,"Lê Chân, Phường Phù Vân, Tỉnh Ninh Bình",0.0,5.0,1,0,-0.10000000000002274,-0.02000000000000455,397.5,0.0447213632855908,5.0,1,Stopped,0,0,0,0,0,VALID,VALID
35H-09245,2026-08-04 11:30:00,397.4,0,"Lê Chân, Phường Phù Vân, Tỉnh Ninh Bình",0.0,5.0,1,0,0.0,0.0,397.5,0.0547722588007394,5.0,1,Stopped,0,0,0,0,0,VALID,VALID
35H-09245,2026-08-04 11:35:00,397.4,0,"Lê Chân, Phường Phù Vân, Tỉnh Ninh Bình",0.0,5.0,1,0,0.0,0.0,397.4,0.05477225880086654,5.0,1,Stopped,0,0,0,0,0,VALID,VALID
35H-09245,2026-08-04 11:40:00,397.4,0,"Lê Chân, Phường Phù Vân, Tỉnh Ninh Bình",0.0,5.0,1,0,0.0,0.0,397.4,0.044721363286057914,5.0,1,Stopped,0,0,0,0,0,VALID,VALID
35H-09245,2026-08-04 11:45:00,397.5,0,"Lê Chân, Phường Phù Vân, Tỉnh Ninh Bình",0.0,5.0,1,0,0.10000000000002274,0.02000000000000455,397.4,0.044721363286057914,5.0,1,Stopped,0,0,0,0,0,VALID,VALID
35H-09245,2026-08-04 11:50:00,397.5,0,"Lê Chân, Phường Phù Vân, Tỉnh Ninh Bình",0.0,5.0,1,0,0.0,0.0,397.4,0.054772258800846435,5.0,1,Stopped,0,0,0,0,0,VALID,VALID
35H-09245,2026-08-04 11:55:00,397.6,0,"Lê Chân, Phường Phù Vân, Tỉnh Ninh Bình",0.0,5.0,1,0,0.10000000000002274,0.02000000000000455,397.5,0.08366600465011151,5.0,1,Stopped,0,0,0,0,0,VALID,VALID
35H-09245,2026-08-04 12:00:00,397.6,0,"Lê Chân, Phường Phù Vân, Tỉnh Ninh Bình",0.0,5.0,1,0,0.0,0.0,397.5,0.0836660046498924,5.0,1,Stopped,0,0,0,0,0,VALID,VALID
35H-09245,2026-08-04 12:05:00,397.6,0,"Lê Chân, Phường Phù Vân, Tỉnh Ninh Bình",0.0,5.0,1,0,0.0,0.0,397.6,0.05477225879984235,5.0,1,Stopped,0,0,0,0,0,VALID,VALID
35H-09245,2026-08-04 12:10:00,397.6,0,"Lê Chân, Phường Phù Vân, Tỉnh Ninh Bình",0.0,5.0,1,0,0.0,0.0,397.6,0.04472136328442223,5.0,1,Stopped,0,0,0,0,0,VALID,VALID
35H-09245,2026-08-04 12:15:00,397.6,0,"Lê Chân, Phường Phù Vân, Tỉnh Ninh Bình",0.0,5.0,1,0,0.0,0.0,397.6,0.0,5.0,1,Stopped,0,0,0,0,0,VALID,VALID
35H-09245,2026-08-04 12:20:00,397.6,0,"Lê Chân, Phường Phù Vân, Tỉnh Ninh Bình",0.0,5.0,1,0,0.0,0.0,397.6,0.0,5.0,1,Stopped,0,0,0,0,0,VALID,VALID
35H-09245,2026-08-04 12:25:00,397.7,0,"Lê Chân, Phường Phù Vân, Tỉnh Ninh Bình",0.0,5.0,1,0,0.0999999999999659,0.01999999999999318,397.6,0.04472136328398371,5.0,1,Stopped,0,0,0,0,0,VALID,VALID
35H-09245,2026-08-04 12:30:00,397.7,0,"Lê Chân, Phường Phù Vân, Tỉnh Ninh Bình",0.0,5.0,1,0,0.0,0.0,397.6,0.05477225879912172,5.0,1,Stopped,0,0,0,0,0,VALID,VALID
35H-09245,2026-08-04 12:35:00,397.7,0,"Lê Chân, Phường Phù Vân, Tỉnh Ninh Bình",0.0,5.0,1,0,0.0,0.0,397.7,0.05477225879894918,5.0,1,Stopped,0,0,0,0,0,VALID,VALID
35H-09245,2026-08-04 12:40:00,397.7,0,"Lê Chân, Phường Phù Vân, Tỉnh Ninh Bình",0.0,5.0,1,0,0.0,0.0,397.7,0.044721363283349774,5.0,1,Stopped,0,0,0,0,0,VALID,VALID
35H-09245,2026-08-04 12:45:00,397.7,0,"Lê Chân, Phường Phù Vân, Tỉnh Ninh Bình",0.0,5.0,1,0,0.0,0.0,397.7,0.0,5.0,1,Stopped,0,0,0,0,0,VALID,VALID
35H-09245,2026-08-04 12:50:00,397.7,0,"Lê Chân, Phường Phù Vân, Tỉnh Ninh Bình",0.0,5.0,1,0,0.0,0.0,397.7,0.0,5.0,1,Stopped,0,0,0,0,0,VALID,VALID
35H-09245,2026-08-04 12:55:00,398.0,0,"Lê Chân, Phường Phù Vân, Tỉnh Ninh Bình",0.0,5.0,1,0,0.30000000000001137,0.060000000000002274,397.7,0.1341640798941979,5.0,1,Stopped,0,0,0,0,0,VALID,VALID
35H-09245,2026-08-04 13:00:00,398.1,0,"Lê Chân, Phường Phù Vân, Tỉnh Ninh Bình",0.0,5.0,1,0,0.10000000000002274,0.02000000000000455,397.7,0.1949358877523289,5.0,1,Stopped,0,0,0,0,0,VALID,VALID
35H-09245,2026-08-04 13:05:00,398.1,0,"Lê Chân, Phường Phù Vân, Tỉnh Ninh Bình",0.0,5.0,1,0,0.0,0.0,398.0,0.20493901613337856,5.0,1,Stopped,0,0,0,0,0,VALID,VALID
35H-09245,2026-08-04 13:10:00,398.1,0,"Lê Chân, Phường Phù Vân, Tỉnh Ninh Bình",0.0,5.0,1,0,0.0,0.0,398.1,0.17320508172002894,5.0,1,Stopped,0,0,0,0,0,VALID,VALID
35H-09245,2026-08-04 13:15:00,398.1,0,"Lê Chân, Phường Phù Vân, Tỉnh Ninh Bình",0.0,5.0,1,0,0.0,0.0,398.1,0.0447213632793157,5.0,1,Stopped,0,0,0,0,0,VALID,VALID
35H-09245,2026-08-04 13:20:00,398.1,0,"Lê Chân, Phường Phù Vân, Tỉnh Ninh Bình",0.0,5.0,1,0,0.0,0.0,398.1,0.0,5.0,1,Stopped,0,0,0,0,0,VALID,VALID
35H-09245,2026-08-04 13:25:00,398.1,0,"Lê Chân, Phường Phù Vân, Tỉnh Ninh Bình",0.0,5.0,1,0,0.0,0.0,398.1,0.0,5.0,1,Stopped,0,0,0,0,0,VALID,VALID
35H-09245,2026-08-04 13:30:00,398.1,0,"Lê Chân, Phường Phù Vân, Tỉnh Ninh Bình",0.0,5.0,1,0,0.0,0.0,398.1,0.0,5.0,1,Stopped,0,0,0,0,0,VALID,VALID
35H-09245,2026-08-04 13:35:00,398.1,0,"Lê Chân, Phường Phù Vân, Tỉnh Ninh Bình",0.0,5.0,1,0,0.0,0.0,398.1,0.0,5.0,1,Stopped,0,0,0,0,0,VALID,VALID
35H-09245,2026-08-04 13:40:00,398.1,0,"Lê Chân, Phường Phù Vân, Tỉnh Ninh Bình",0.0,5.0,1,0,0.0,0.0,398.1,0.0,5.0,1,Stopped,0,0,0,0,0,VALID,VALID
35H-09245,2026-08-04 13:45:00,398.1,0,"Lê Chân, Phường Phù Vân, Tỉnh Ninh Bình",0.0,5.0,1,0,0.0,0.0,398.1,0.0,5.0,1,Stopped,0,0,0,0,0,VALID,VALID
35H-09245,2026-08-04 13:50:00,398.1,0,"Lê Chân, Phường Phù Vân, Tỉnh Ninh Bình",0.0,5.0,1,0,0.0,0.0,398.1,0.0,5.0,1,Stopped,0,0,0,0,0,VALID,VALID
35H-09245,2026-08-04 13:55:00,398.1,0,"Lê Chân, Phường Phù Vân, Tỉnh Ninh Bình",0.0,5.0,1,0,0.0,0.0,398.1,0.0,5.0,1,Stopped,0,0,0,0,0,VALID,VALID
35H-09245,2026-08-04 14:00:00,398.1,0,"Lê Chân, Phường Phù Vân, Tỉnh Ninh Bình",0.0,5.0,1,0,0.0,0.0,398.1,0.0,5.0,1,Stopped,0,0,0,0,0,VALID,VALID
35H-09245,2026-08-04 14:05:00,398.1,0,"Lê Chân, Phường Phù Vân, Tỉnh Ninh Bình",0.0,5.0,1,0,0.0,0.0,398.1,0.0,5.0,1,Stopped,0,0,0,0,0,VALID,VALID
35H-09245,2026-08-04 14:10:00,398.1,0,"Lê Chân, Phường Phù Vân, Tỉnh Ninh Bình",0.0,5.0,1,0,0.0,0.0,398.1,0.0,5.0,1,Stopped,0,0,0,0,0,VALID,VALID
35H-09245,2026-08-04 14:15:00,398.1,0,"Lê Chân, Phường Phù Vân, Tỉnh Ninh Bình",0.0,5.0,1,0,0.0,0.0,398.1,0.0,5.0,1,Stopped,0,0,0,0,0,VALID,VALID
35H-09245,2026-08-04 14:20:00,398.1,0,"Lê Chân, Phường Phù Vân, Tỉnh Ninh Bình",0.0,5.0,1,0,0.0,0.0,398.1,0.0,5.0,1,Stopped,0,0,0,0,0,VALID,VALID
35H-09245,2026-08-04 14:25:00,398.1,0,"Lê Chân, Phường Phù Vân, Tỉnh Ninh Bình",0.0,5.0,1,0,0.0,0.0,398.1,0.0,5.0,1,Stopped,0,0,0,0,0,VALID,VALID
35H-09245,2026-08-04 14:30:00,398.1,0,"Lê Chân, Phường Phù Vân, Tỉnh Ninh Bình",0.0,5.0,1,0,0.0,0.0,398.1,0.0,5.0,1,Stopped,0,0,0,0,0,VALID,VALID
35H-09245,2026-08-04 14:35:00,398.1,0,"Lê Chân, Phường Phù Vân, Tỉnh Ninh Bình",0.0,5.0,1,0,0.0,0.0,398.1,0.0,5.0,1,Stopped,0,0,0,0,0,VALID,VALID
35H-09245,2026-08-04 14:40:00,398.1,0,"Lê Chân, Phường Phù Vân, Tỉnh Ninh Bình",0.0,5.0,1,0,0.0,0.0,398.1,0.0,5.0,1,Stopped,0,0,0,0,0,VALID,VALID
35H-09245,2026-08-04 14:45:00,398.1,0,"Lê Chân, Phường Phù Vân, Tỉnh Ninh Bình",0.0,5.0,1,0,0.0,0.0,398.1,0.0,5.0,1,Stopped,0,0,0,0,0,VALID,VALID
35H-09245,2026-08-04 14:50:00,398.1,0,"Lê Chân, Phường Phù Vân, Tỉnh Ninh Bình",0.0,5.0,1,0,0.0,0.0,398.1,0.0,5.0,1,Stopped,0,0,0,0,0,VALID,VALID
35H-09245,2026-08-04 14:55:00,398.1,0,"Lê Chân, Phường Phù Vân, Tỉnh Ninh Bình",0.0,5.0,1,0,0.0,0.0,398.1,0.0,5.0,1,Stopped,0,0,0,0,0,VALID,VALID
35H-09245,2026-08-04 15:00:00,398.1,0,"Lê Chân, Phường Phù Vân, Tỉnh Ninh Bình",0.0,5.0,1,0,0.0,0.0,398.1,0.0,5.0,1,Stopped,0,0,0,0,0,VALID,VALID
35H-09245,2026-08-04 15:05:00,398.1,0,"Lê Chân, Phường Phù Vân, Tỉnh Ninh Bình",0.0,5.0,1,0,0.0,0.0,398.1,0.0,5.0,1,Stopped,0,0,0,0,0,VALID,VALID
35H-09245,2026-08-04 15:10:00,398.1,0,"Lê Chân, Phường Phù Vân, Tỉnh Ninh Bình",0.0,5.0,1,0,0.0,0.0,398.1,0.0,5.0,1,Stopped,0,0,0,0,0,VALID,VALID
35H-09245,2026-08-04 15:15:00,398.1,0,"Lê Chân, Phường Phù Vân, Tỉnh Ninh Bình",0.0,5.0,1,0,0.0,0.0,398.1,0.0,5.0,1,Stopped,0,0,0,0,0,VALID,VALID
35H-09245,2026-08-04 15:20:00,398.1,0,"Lê Chân, Phường Phù Vân, Tỉnh Ninh Bình",0.0,5.0,1,0,0.0,0.0,398.1,0.0,5.0,1,Stopped,0,0,0,0,0,VALID,VALID
35H-09245,2026-08-04 15:25:00,398.1,0,"Lê Chân, Phường Phù Vân, Tỉnh Ninh Bình",0.0,5.0,1,0,0.0,0.0,398.1,0.0,5.0,1,Stopped,0,0,0,0,0,VALID,VALID
35H-09245,2026-08-04 15:30:00,398.1,0,"Lê Chân, Phường Phù Vân, Tỉnh Ninh Bình",0.0,5.0,1,0,0.0,0.0,398.1,0.0,5.0,1,Stopped,0,0,0,0,0,VALID,VALID
35H-09245,2026-08-04 15:35:00,398.0,0,"Lê Chân, Phường Phù Vân, Tỉnh Ninh Bình",0.0,5.0,1,0,-0.10000000000002274,-0.02000000000000455,398.1,0.0447213632793157,5.0,1,Stopped,0,0,0,0,0,VALID,VALID
35H-09245,2026-08-04 15:40:00,398.0,0,"Lê Chân, Phường Phù Vân, Tỉnh Ninh Bình",0.0,5.0,1,0,0.0,0.0,398.1,0.054772258795672886,5.0,1,Stopped,0,0,0,0,0,VALID,VALID
35H-09245,2026-08-04 15:45:00,398.0,0,"Lê Chân, Phường Phù Vân, Tỉnh Ninh Bình",0.0,5.0,1,0,0.0,0.0,398.0,0.0547722587958571,5.0,1,Stopped,0,0,0,0,0,VALID,VALID
35H-09245,2026-08-04 15:50:00,398.0,0,"Lê Chân, Phường Phù Vân, Tỉnh Ninh Bình",0.0,5.0,1,0,0.0,0.0,398.0,0.044721363279992536,5.0,1,Stopped,0,0,0,0,0,VALID,VALID
35H-09245,2026-08-04 15:55:00,398.0,0,"Lê Chân, Phường Phù Vân, Tỉnh Ninh Bình",0.0,5.0,1,0,0.0,0.0,398.0,0.0,5.0,1,Stopped,0,0,0,0,0,VALID,VALID
35H-09245,2026-08-04 16:00:00,398.0,0,"Lê Chân, Phường Phù Vân, Tỉnh Ninh Bình",0.0,5.0,1,0,0.0,0.0,398.0,0.0,5.0,1,Stopped,0,0,0,0,0,VALID,VALID
35H-09245,2026-08-04 16:05:00,398.0,0,"Lê Chân, Phường Phù Vân, Tỉnh Ninh Bình",0.0,5.0,1,0,0.0,0.0,398.0,0.0,5.0,1,Stopped,0,0,0,0,0,VALID,VALID
35H-09245,2026-08-04 16:10:00,398.0,0,"Lê Chân, Phường Phù Vân, Tỉnh Ninh Bình",0.0,5.0,1,0,0.0,0.0,398.0,0.0,5.0,1,Stopped,0,0,0,0,0,VALID,VALID
35H-09245,2026-08-04 16:15:00,398.0,0,"Lê Chân, Phường Phù Vân, Tỉnh Ninh Bình",0.0,5.0,1,0,0.0,0.0,398.0,0.0,5.0,1,Stopped,0,0,0,0,0,VALID,VALID
35H-09245,2026-08-04 16:20:00,397.9,0,"Lê Chân, Phường Phù Vân, Tỉnh Ninh Bình",0.0,5.0,1,0,-0.10000000000002274,-0.02000000000000455,398.0,0.04472136328050096,5.0,1,Stopped,0,0,0,0,0,VALID,VALID
35H-09245,2026-08-04 16:25:00,397.9,0,"Lê Chân, Phường Phù Vân, Tỉnh Ninh Bình",0.0,5.0,1,0,0.0,0.0,398.0,0.05477225879668735,5.0,1,Stopped,0,0,0,0,0,VALID,VALID
35H-09245,2026-08-04 16:30:00,397.9,0,"Lê Chân, Phường Phù Vân, Tỉnh Ninh Bình",0.0,5.0,1,0,0.0,0.0,397.9,0.054772258796918265,5.0,1,Stopped,0,0,0,0,0,VALID,VALID
35H-09245,2026-08-04 16:35:00,397.9,0,"Lê Chân, Phường Phù Vân, Tỉnh Ninh Bình",0.0,5.0,1,0,0.0,0.0,397.9,0.04472136328134939,5.0,1,Stopped,0,0,0,0,0,VALID,VALID
35H-09245,2026-08-04 16:40:00,397.9,0,"Lê Chân, Phường Phù Vân, Tỉnh Ninh Bình",0.0,5.0,1,0,0.0,0.0,397.9,0.0,5.0,1,Stopped,0,0,0,0,0,VALID,VALID
35H-09245,2026-08-04 16:45:00,397.9,0,"Lê Chân, Phường Phù Vân, Tỉnh Ninh Bình",0.0,5.0,1,0,0.0,0.0,397.9,0.0,5.0,1,Stopped,0,0,0,0,0,VALID,VALID
35H-09245,2026-08-04 16:50:00,397.9,0,"Lê Chân, Phường Phù Vân, Tỉnh Ninh Bình",0.0,5.0,1,0,0.0,0.0,397.9,0.0,5.0,1,Stopped,0,0,0,0,0,VALID,VALID
35H-09245,2026-08-04 16:55:00,397.9,0,"Lê Chân, Phường Phù Vân, Tỉnh Ninh Bình",0.0,5.0,1,0,0.0,0.0,397.9,0.0,5.0,1,Stopped,0,0,0,0,0,VALID,VALID
35H-09245,2026-08-04 17:00:00,397.9,0,"Lê Chân, Phường Phù Vân, Tỉnh Ninh Bình",0.0,5.0,1,0,0.0,0.0,397.9,0.0,5.0,1,Stopped,0,0,0,0,0,VALID,VALID
35H-09245,2026-08-04 17:05:00,397.9,0,"Lê Chân, Phường Phù Vân, Tỉnh Ninh Bình",0.0,5.0,1,0,0.0,0.0,397.9,0.0,5.0,1,Stopped,0,0,0,0,0,VALID,VALID
35H-09245,2026-08-04 17:10:00,397.9,0,"Lê Chân, Phường Phù Vân, Tỉnh Ninh Bình",0.0,5.0,1,0,0.0,0.0,397.9,0.0,5.0,1,Stopped,0,0,0,0,0,VALID,VALID
35H-09245,2026-08-04 17:15:00,397.9,0,"Lê Chân, Phường Phù Vân, Tỉnh Ninh Bình",0.0,5.0,1,0,0.0,0.0,397.9,0.0,5.0,1,Stopped,0,0,0,0,0,VALID,VALID
35H-09245,2026-08-04 17:20:00,397.9,0,"Lê Chân, Phường Phù Vân, Tỉnh Ninh Bình",0.0,5.0,1,0,0.0,0.0,397.9,0.0,5.0,1,Stopped,0,0,0,0,0,VALID,VALID
35H-09245,2026-08-04 17:25:00,397.9,0,"Lê Chân, Phường Phù Vân, Tỉnh Ninh Bình",0.0,5.0,1,0,0.0,0.0,397.9,0.0,5.0,1,Stopped,0,0,0,0,0,VALID,VALID
35H-09245,2026-08-04 17:30:00,397.9,0,"Lê Chân, Phường Phù Vân, Tỉnh Ninh Bình",0.0,5.0,1,0,0.0,0.0,397.9,0.0,5.0,1,Stopped,0,0,0,0,0,VALID,VALID
35H-09245,2026-08-04 17:35:00,397.9,0,"Lê Chân, Phường Phù Vân, Tỉnh Ninh Bình",0.0,5.0,1,0,0.0,0.0,397.9,0.0,5.0,1,Stopped,0,0,0,0,0,VALID,VALID
35H-09245,2026-08-04 17:40:00,397.9,0,"Lê Chân, Phường Phù Vân, Tỉnh Ninh Bình",0.0,5.0,1,0,0.0,0.0,397.9,0.0,5.0,1,Stopped,0,0,0,0,0,VALID,VALID
35H-09245,2026-08-04 17:45:00,397.9,0,"Lê Chân, Phường Phù Vân, Tỉnh Ninh Bình",0.0,5.0,1,0,0.0,0.0,397.9,0.0,5.0,1,Stopped,0,0,0,0,0,VALID,VALID
35H-09245,2026-08-04 17:50:00,397.9,0,"Lê Chân, Phường Phù Vân, Tỉnh Ninh Bình",0.0,5.0,1,0,0.0,0.0,397.9,0.0,5.0,1,Stopped,0,0,0,0,0,VALID,VALID
35H-09245,2026-08-04 17:55:00,397.9,0,"Lê Chân, Phường Phù Vân, Tỉnh Ninh Bình",0.0,5.0,1,0,0.0,0.0,397.9,0.0,5.0,1,Stopped,0,0,0,0,0,VALID,VALID
35H-09245,2026-08-04 18:00:00,398.0,0,"Lê Chân, Phường Phù Vân, Tỉnh Ninh Bình",0.0,5.0,1,0,0.10000000000002274,0.02000000000000455,397.9,0.04472136328134939,5.0,1,Stopped,0,0,0,0,0,VALID,VALID
35H-09245,2026-08-04 18:05:00,398.0,0,"Lê Chân, Phường Phù Vân, Tỉnh Ninh Bình",0.0,5.0,1,0,0.0,0.0,397.9,0.054772258796918265,5.0,1,Stopped,0,0,0,0,0,VALID,VALID
35H-09245,2026-08-04 18:10:00,398.0,0,"Lê Chân, Phường Phù Vân, Tỉnh Ninh Bình",0.0,5.0,1,0,0.0,0.0,398.0,0.05477225879668735,5.0,1,Stopped,0,0,0,0,0,VALID,VALID
35H-09245,2026-08-04 18:15:00,398.0,0,"Lê Chân, Phường Phù Vân, Tỉnh Ninh Bình",0.0,5.0,1,0,0.0,0.0,398.0,0.04472136328050096,5.0,1,Stopped,0,0,0,0,0,VALID,VALID
35H-09245,2026-08-04 18:20:00,398.0,0,"Lê Chân, Phường Phù Vân, Tỉnh Ninh Bình",0.0,5.0,1,0,0.0,0.0,398.0,0.0,5.0,1,Stopped,0,0,0,0,0,VALID,VALID
35H-09245,2026-08-04 18:25:00,398.0,0,"Lê Chân, Phường Phù Vân, Tỉnh Ninh Bình",0.0,5.0,1,0,0.0,0.0,398.0,0.0,5.0,1,Stopped,0,0,0,0,0,VALID,VALID
35H-09245,2026-08-04 18:30:00,398.0,0,"Lê Chân, Phường Phù Vân, Tỉnh Ninh Bình",0.0,5.0,1,0,0.0,0.0,398.0,0.0,5.0,1,Stopped,0,0,0,0,0,VALID,VALID
35H-09245,2026-08-04 18:35:00,398.0,0,"Lê Chân, Phường Phù Vân, Tỉnh Ninh Bình",0.0,5.0,1,0,0.0,0.0,398.0,0.0,5.0,1,Stopped,0,0,0,0,0,VALID,VALID
35H-09245,2026-08-04 18:40:00,398.0,0,"Lê Chân, Phường Phù Vân, Tỉnh Ninh Bình",0.0,5.0,1,0,0.0,0.0,398.0,0.0,5.0,1,Stopped,0,0,0,0,0,VALID,VALID
35H-09245,2026-08-04 18:45:00,398.0,0,"Lê Chân, Phường Phù Vân, Tỉnh Ninh Bình",0.0,5.0,1,0,0.0,0.0,398.0,0.0,5.0,1,Stopped,0,0,0,0,0,VALID,VALID
35H-09245,2026-08-04 18:50:00,398.0,0,"Lê Chân, Phường Phù Vân, Tỉnh Ninh Bình",0.0,5.0,1,0,0.0,0.0,398.0,0.0,5.0,1,Stopped,0,0,0,0,0,VALID,VALID
35H-09245,2026-08-04 18:55:00,398.0,0,"Lê Chân, Phường Phù Vân, Tỉnh Ninh Bình",0.0,5.0,1,0,0.0,0.0,398.0,0.0,5.0,1,Stopped,0,0,0,0,0,VALID,VALID
35H-09245,2026-08-04 19:00:00,398.0,0,"Lê Chân, Phường Phù Vân, Tỉnh Ninh Bình",0.0,5.0,1,0,0.0,0.0,398.0,0.0,5.0,1,Stopped,0,0,0,0,0,VALID,VALID
35H-09245,2026-08-04 19:05:00,398.0,0,"Lê Chân, Phường Phù Vân, Tỉnh Ninh Bình",0.0,5.0,1,0,0.0,0.0,398.0,0.0,5.0,1,Stopped,0,0,0,0,0,VALID,VALID
35H-09245,2026-08-04 19:10:00,398.0,0,"Lê Chân, Phường Phù Vân, Tỉnh Ninh Bình",0.0,5.0,1,0,0.0,0.0,398.0,0.0,5.0,1,Stopped,0,0,0,0,0,VALID,VALID
35H-09245,2026-08-04 19:15:00,398.0,0,"Lê Chân, Phường Phù Vân, Tỉnh Ninh Bình",0.0,5.0,1,0,0.0,0.0,398.0,0.0,5.0,1,Stopped,0,0,0,0,0,VALID,VALID
35H-09245,2026-08-04 19:20:00,398.0,0,"Lê Chân, Phường Phù Vân, Tỉnh Ninh Bình",0.0,5.0,1,0,0.0,0.0,398.0,0.0,5.0,1,Stopped,0,0,0,0,0,VALID,VALID
35H-09245,2026-08-04 19:25:00,398.0,0,"Lê Chân, Phường Phù Vân, Tỉnh Ninh Bình",0.0,5.0,1,0,0.0,0.0,398.0,0.0,5.0,1,Stopped,0,0,0,0,0,VALID,VALID
35H-09245,2026-08-04 19:30:00,398.0,0,"Lê Chân, Phường Phù Vân, Tỉnh Ninh Bình",0.0,5.0,1,0,0.0,0.0,398.0,0.0,5.0,1,Stopped,0,0,0,0,0,VALID,VALID
35H-09245,2026-08-04 19:35:00,398.0,0,"Lê Chân, Phường Phù Vân, Tỉnh Ninh Bình",0.0,5.0,1,0,0.0,0.0,398.0,0.0,5.0,1,Stopped,0,0,0,0,0,VALID,VALID
35H-09245,2026-08-04 19:40:00,398.0,0,"Lê Chân, Phường Phù Vân, Tỉnh Ninh Bình",0.0,5.0,1,0,0.0,0.0,398.0,0.0,5.0,1,Stopped,0,0,0,0,0,VALID,VALID
35H-09245,2026-08-04 19:45:00,398.0,0,"Lê Chân, Phường Phù Vân, Tỉnh Ninh Bình",0.0,5.0,1,0,0.0,0.0,398.0,0.0,5.0,1,Stopped,0,0,0,0,0,VALID,VALID
35H-09245,2026-08-04 19:50:00,398.0,0,"Lê Chân, Phường Phù Vân, Tỉnh Ninh Bình",0.0,5.0,1,0,0.0,0.0,398.0,0.0,5.0,1,Stopped,0,0,0,0,0,VALID,VALID
35H-09245,2026-08-04 19:55:00,398.0,0,"Lê Chân, Phường Phù Vân, Tỉnh Ninh Bình",0.0,5.0,1,0,0.0,0.0,398.0,0.0,5.0,1,Stopped,0,0,0,0,0,VALID,VALID
35H-09245,2026-08-04 20:00:00,398.0,0,"Lê Chân, Phường Phù Vân, Tỉnh Ninh Bình",0.0,5.0,1,0,0.0,0.0,398.0,0.0,5.0,1,Stopped,0,0,0,0,0,VALID,VALID
35H-09245,2026-08-04 20:05:00,398.0,0,"Lê Chân, Phường Phù Vân, Tỉnh Ninh Bình",0.0,5.0,1,0,0.0,0.0,398.0,0.0,5.0,1,Stopped,0,0,0,0,0,VALID,VALID
35H-09245,2026-08-04 20:10:00,398.0,0,"Lê Chân, Phường Phù Vân, Tỉnh Ninh Bình",0.0,5.0,1,0,0.0,0.0,398.0,0.0,5.0,1,Stopped,0,0,0,0,0,VALID,VALID
35H-09245,2026-08-04 20:15:00,398.0,0,"Lê Chân, Phường Phù Vân, Tỉnh Ninh Bình",0.0,5.0,1,0,0.0,0.0,398.0,0.0,5.0,1,Stopped,0,0,0,0,0,VALID,VALID
35H-09245,2026-08-04 20:20:00,398.0,0,"Lê Chân, Phường Phù Vân, Tỉnh Ninh Bình",0.0,5.0,1,0,0.0,0.0,398.0,0.0,5.0,1,Stopped,0,0,0,0,0,VALID,VALID
35H-09245,2026-08-04 20:25:00,398.0,0,"Lê Chân, Phường Phù Vân, Tỉnh Ninh Bình",0.0,5.0,1,0,0.0,0.0,398.0,0.0,5.0,1,Stopped,0,0,0,0,0,VALID,VALID
35H-09245,2026-08-04 20:30:00,398.0,0,"Lê Chân, Phường Phù Vân, Tỉnh Ninh Bình",0.0,5.0,1,0,0.0,0.0,398.0,0.0,5.0,1,Stopped,0,0,0,0,0,VALID,VALID
35H-09245,2026-08-04 20:35:00,398.0,0,"Lê Chân, Phường Phù Vân, Tỉnh Ninh Bình",0.0,5.0,1,0,0.0,0.0,398.0,0.0,5.0,1,Stopped,0,0,0,0,0,VALID,VALID
35H-09245,2026-08-04 20:40:00,398.0,0,"Lê Chân, Phường Phù Vân, Tỉnh Ninh Bình",0.0,5.0,1,0,0.0,0.0,398.0,0.0,5.0,1,Stopped,0,0,0,0,0,VALID,VALID
35H-09245,2026-08-04 20:45:00,398.1,0,"Lê Chân, Phường Phù Vân, Tỉnh Ninh Bình",0.0,5.0,1,0,0.10000000000002274,0.02000000000000455,398.0,0.044721363279992536,5.0,1,Stopped,0,0,0,0,0,VALID,VALID
35H-09245,2026-08-04 20:50:00,398.1,0,"Lê Chân, Phường Phù Vân, Tỉnh Ninh Bình",0.0,5.0,1,0,0.0,0.0,398.0,0.0547722587958571,5.0,1,Stopped,0,0,0,0,0,VALID,VALID
35H-09245,2026-08-04 20:55:00,398.1,0,"Lê Chân, Phường Phù Vân, Tỉnh Ninh Bình",0.0,5.0,1,0,0.0,0.0,398.1,0.054772258795672886,5.0,1,Stopped,0,0,0,0,0,VALID,VALID
35H-09245,2026-08-04 21:00:00,398.1,0,"Lê Chân, Phường Phù Vân, Tỉnh Ninh Bình",0.0,5.0,1,0,0.0,0.0,398.1,0.0447213632793157,5.0,1,Stopped,0,0,0,0,0,VALID,VALID
35H-09245,2026-08-04 21:05:00,398.1,0,"Lê Chân, Phường Phù Vân, Tỉnh Ninh Bình",0.0,5.0,1,0,0.0,0.0,398.1,0.0,5.0,1,Stopped,0,0,0,0,0,VALID,VALID
35H-09245,2026-08-04 21:10:00,398.1,0,"Lê Chân, Phường Phù Vân, Tỉnh Ninh Bình",0.0,5.0,1,0,0.0,0.0,398.1,0.0,5.0,1,Stopped,0,0,0,0,0,VALID,VALID
35H-09245,2026-08-04 21:15:00,398.1,0,"Lê Chân, Phường Phù Vân, Tỉnh Ninh Bình",0.0,5.0,1,0,0.0,0.0,398.1,0.0,5.0,1,Stopped,0,0,0,0,0,VALID,VALID
35H-09245,2026-08-04 21:20:00,398.1,0,"Lê Chân, Phường Phù Vân, Tỉnh Ninh Bình",0.0,5.0,1,0,0.0,0.0,398.1,0.0,5.0,1,Stopped,0,0,0,0,0,VALID,VALID
35H-09245,2026-08-04 21:25:00,398.1,0,"Lê Chân, Phường Phù Vân, Tỉnh Ninh Bình",0.0,5.0,1,0,0.0,0.0,398.1,0.0,5.0,1,Stopped,0,0,0,0,0,VALID,VALID
35H-09245,2026-08-04 21:30:00,398.1,0,"Lê Chân, Phường Phù Vân, Tỉnh Ninh Bình",0.0,5.0,1,0,0.0,0.0,398.1,0.0,5.0,1,Stopped,0,0,0,0,0,VALID,VALID
35H-09245,2026-08-04 21:35:00,398.1,0,"Lê Chân, Phường Phù Vân, Tỉnh Ninh Bình",0.0,5.0,1,0,0.0,0.0,398.1,0.0,5.0,1,Stopped,0,0,0,0,0,VALID,VALID
35H-09245,2026-08-04 21:40:00,398.1,0,"Lê Chân, Phường Phù Vân, Tỉnh Ninh Bình",0.0,5.0,1,0,0.0,0.0,398.1,0.0,5.0,1,Stopped,0,0,0,0,0,VALID,VALID
35H-09245,2026-08-04 21:45:00,398.2,0,"Lê Chân, Phường Phù Vân, Tỉnh Ninh Bình",0.0,5.0,1,0,0.0999999999999659,0.01999999999999318,398.1,0.044721363278877185,5.0,1,Stopped,0,0,0,0,0,VALID,VALID
35H-09245,2026-08-04 21:50:00,398.2,0,"Lê Chân, Phường Phù Vân, Tỉnh Ninh Bình",0.0,5.0,1,0,0.0,0.0,398.1,0.05477225879495226,5.0,1,Stopped,0,0,0,0,0,VALID,VALID
35H-09245,2026-08-04 21:55:00,398.2,0,"Lê Chân, Phường Phù Vân, Tỉnh Ninh Bình",0.0,5.0,1,0,0.0,0.0,398.2,0.054772258794779725,5.0,1,Stopped,0,0,0,0,0,VALID,VALID
35H-09245,2026-08-04 22:00:00,398.4,0,"Lê Chân, Phường Phù Vân, Tỉnh Ninh Bình",0.0,5.0,1,0,0.19999999999998863,0.039999999999997725,398.2,0.10954451302290426,5.0,1,Stopped,0,0,0,0,0,VALID,VALID
35H-09245,2026-08-04 22:05:00,398.2,0,"Lê Chân, Phường Phù Vân, Tỉnh Ninh Bình",0.0,5.0,1,0,-0.19999999999998863,-0.039999999999997725,398.2,0.08944272096380174,5.0,1,Stopped,0,0,0,0,0,VALID,VALID
35H-09245,2026-08-04 22:10:00,398.2,0,"Lê Chân, Phường Phù Vân, Tỉnh Ninh Bình",0.0,5.0,1,0,0.0,0.0,398.2,0.08944272096380174,5.0,1,Stopped,0,0,0,0,0,VALID,VALID
35H-09245,2026-08-04 22:15:00,398.2,0,"Lê Chân, Phường Phù Vân, Tỉnh Ninh Bình",0.0,5.0,1,0,0.0,0.0,398.2,0.08944272096380174,5.0,1,Stopped,0,0,0,0,0,VALID,VALID
35H-09245,2026-08-04 22:20:00,398.2,0,"Lê Chân, Phường Phù Vân, Tỉnh Ninh Bình",0.0,5.0,1,0,0.0,0.0,398.2,0.08944272096380174,5.0,1,Stopped,0,0,0,0,0,VALID,VALID
35H-09245,2026-08-04 22:25:00,398.2,0,"Lê Chân, Phường Phù Vân, Tỉnh Ninh Bình",0.0,5.0,1,0,0.0,0.0,398.2,0.0,5.0,1,Stopped,0,0,0,0,0,VALID,VALID
35H-09245,2026-08-04 22:30:00,398.2,0,"Lê Chân, Phường Phù Vân, Tỉnh Ninh Bình",0.0,5.0,1,0,0.0,0.0,398.2,0.0,5.0,1,Stopped,0,0,0,0,0,VALID,VALID
35H-09245,2026-08-04 22:35:00,398.2,0,"Lê Chân, Phường Phù Vân, Tỉnh Ninh Bình",0.0,5.0,1,0,0.0,0.0,398.2,0.0,5.0,1,Stopped,0,0,0,0,0,VALID,VALID
35H-09245,2026-08-04 22:40:00,398.2,0,"Lê Chân, Phường Phù Vân, Tỉnh Ninh Bình",0.0,5.0,1,0,0.0,0.0,398.2,0.0,5.0,1,Stopped,0,0,0,0,0,VALID,VALID
35H-09245,2026-08-04 22:45:00,398.2,0,"Lê Chân, Phường Phù Vân, Tỉnh Ninh Bình",0.0,5.0,1,0,0.0,0.0,398.2,0.0,5.0,1,Stopped,0,0,0,0,0,VALID,VALID
35H-09245,2026-08-04 22:50:00,398.2,0,"Lê Chân, Phường Phù Vân, Tỉnh Ninh Bình",0.0,5.0,1,0,0.0,0.0,398.2,0.0,5.0,1,Stopped,0,0,0,0,0,VALID,VALID
35H-09245,2026-08-04 22:55:00,398.2,0,"Lê Chân, Phường Phù Vân, Tỉnh Ninh Bình",0.0,5.0,1,0,0.0,0.0,398.2,0.0,5.0,1,Stopped,0,0,0,0,0,VALID,VALID
35H-09245,2026-08-04 23:00:00,398.2,0,"Lê Chân, Phường Phù Vân, Tỉnh Ninh Bình",0.0,5.0,1,0,0.0,0.0,398.2,0.0,5.0,1,Stopped,0,0,0,0,0,VALID,VALID
35H-09245,2026-08-04 23:05:00,398.2,0,"Lê Chân, Phường Phù Vân, Tỉnh Ninh Bình",0.0,5.0,1,0,0.0,0.0,398.2,0.0,5.0,1,Stopped,0,0,0,0,0,VALID,VALID
35H-09245,2026-08-04 23:10:00,398.2,0,"Lê Chân, Phường Phù Vân, Tỉnh Ninh Bình",0.0,5.0,1,0,0.0,0.0,398.2,0.0,5.0,1,Stopped,0,0,0,0,0,VALID,VALID
35H-09245,2026-08-04 23:15:00,398.2,0,"Lê Chân, Phường Phù Vân, Tỉnh Ninh Bình",0.0,5.0,1,0,0.0,0.0,398.2,0.0,5.0,1,Stopped,0,0,0,0,0,VALID,VALID
35H-09245,2026-08-04 23:20:00,398.2,0,"Lê Chân, Phường Phù Vân, Tỉnh Ninh Bình",0.0,5.0,1,0,0.0,0.0,398.2,0.0,5.0,1,Stopped,0,0,0,0,0,VALID,VALID
35H-09245,2026-08-04 23:25:00,398.2,0,"Lê Chân, Phường Phù Vân, Tỉnh Ninh Bình",0.0,5.0,1,0,0.0,0.0,398.2,0.0,5.0,1,Stopped,0,0,0,0,0,VALID,VALID
35H-09245,2026-08-04 23:30:00,398.2,0,"Lê Chân, Phường Phù Vân, Tỉnh Ninh Bình",0.0,5.0,1,0,0.0,0.0,398.2,0.0,5.0,1,Stopped,0,0,0,0,0,VALID,VALID
35H-09245,2026-08-04 23:35:00,398.2,0,"Lê Chân, Phường Phù Vân, Tỉnh Ninh Bình",0.0,5.0,1,0,0.0,0.0,398.2,0.0,5.0,1,Stopped,0,0,0,0,0,VALID,VALID
35H-09245,2026-08-04 23:40:00,398.2,0,"Lê Chân, Phường Phù Vân, Tỉnh Ninh Bình",0.0,5.0,1,0,0.0,0.0,398.2,0.0,5.0,1,Stopped,0,0,0,0,0,VALID,VALID
35H-09245,2026-08-04 23:45:00,398.2,0,"Lê Chân, Phường Phù Vân, Tỉnh Ninh Bình",0.0,5.0,1,0,0.0,0.0,398.2,0.0,5.0,1,Stopped,0,0,0,0,0,VALID,VALID
35H-09245,2026-08-04 23:50:00,398.2,0,"Lê Chân, Phường Phù Vân, Tỉnh Ninh Bình",0.0,5.0,1,0,0.0,0.0,398.2,0.0,5.0,1,Stopped,0,0,0,0,0,VALID,VALID
35H-09245,2026-08-04 23:55:00,398.2,0,"Lê Chân, Phường Phù Vân, Tỉnh Ninh Bình",0.0,5.0,1,0,0.0,0.0,398.2,0.0,5.0,1,Stopped,0,0,0,0,0,VALID,VALID
35H-09245,2026-08-05 00:00:00,398.2,0,"Lê Chân, Phường Phù Vân, Tỉnh Ninh Bình",0.0,5.0,1,0,0.0,0.0,398.2,0.0,5.0,1,Stopped,0,0,0,0,0,VALID,VALID
35H-09245,2026-08-05 00:05:00,398.2,0,"Lê Chân, Phường Phù Vân, Tỉnh Ninh Bình",0.0,5.0,1,0,0.0,0.0,398.2,0.0,5.0,1,Stopped,0,0,0,0,0,VALID,VALID
35H-09245,2026-08-05 00:10:00,398.2,0,"Lê Chân, Phường Phù Vân, Tỉnh Ninh Bình",0.0,5.0,1,0,0.0,0.0,398.2,0.0,5.0,1,Stopped,0,0,0,0,0,VALID,VALID
35H-09245,2026-08-05 00:15:00,398.2,0,"Lê Chân, Phường Phù Vân, Tỉnh Ninh Bình",0.0,5.0,1,0,0.0,0.0,398.2,0.0,5.0,1,Stopped,0,0,0,0,0,VALID,VALID
35H-09245,2026-08-05 00:20:00,398.2,0,"Lê Chân, Phường Phù Vân, Tỉnh Ninh Bình",0.0,5.0,1,0,0.0,0.0,398.2,0.0,5.0,1,Stopped,0,0,0,0,0,VALID,VALID
35H-09245,2026-08-05 00:25:00,398.2,0,"Lê Chân, Phường Phù Vân, Tỉnh Ninh Bình",0.0,5.0,1,0,0.0,0.0,398.2,0.0,5.0,1,Stopped,0,0,0,0,0,VALID,VALID
35H-09245,2026-08-05 00:30:00,398.2,0,"Lê Chân, Phường Phù Vân, Tỉnh Ninh Bình",0.0,5.0,1,0,0.0,0.0,398.2,0.0,5.0,1,Stopped,0,0,0,0,0,VALID,VALID
35H-09245,2026-08-05 00:35:00,398.2,0,"Lê Chân, Phường Phù Vân, Tỉnh Ninh Bình",0.0,5.0,1,0,0.0,0.0,398.2,0.0,5.0,1,Stopped,0,0,0,0,0,VALID,VALID
35H-09245,2026-08-05 00:40:00,398.2,0,"Lê Chân, Phường Phù Vân, Tỉnh Ninh Bình",0.0,5.0,1,0,0.0,0.0,398.2,0.0,5.0,1,Stopped,0,0,0,0,0,VALID,VALID
35H-09245,2026-08-05 00:45:00,398.2,0,"Lê Chân, Phường Phù Vân, Tỉnh Ninh Bình",0.0,5.0,1,0,0.0,0.0,398.2,0.0,5.0,1,Stopped,0,0,0,0,0,VALID,VALID
35H-09245,2026-08-05 00:50:00,398.2,0,"Lê Chân, Phường Phù Vân, Tỉnh Ninh Bình",0.0,5.0,1,0,0.0,0.0,398.2,0.0,5.0,1,Stopped,0,0,0,0,0,VALID,VALID
35H-09245,2026-08-05 00:55:00,398.2,0,"Lê Chân, Phường Phù Vân, Tỉnh Ninh Bình",0.0,5.0,1,0,0.0,0.0,398.2,0.0,5.0,1,Stopped,0,0,0,0,0,VALID,VALID
35H-09245,2026-08-05 01:05:00,398.2,0,"Lê Chân, Phường Phù Vân, Tỉnh Ninh Bình",0.0,10.0,1,0,0.0,0.0,398.2,0.0,5.0,1,Stopped,0,0,0,0,0,VALID,VALID
35H-09245,2026-08-05 01:10:00,398.1,0,"Lê Chân, Phường Phù Vân, Tỉnh Ninh Bình",0.0,5.0,1,0,-0.0999999999999659,-0.01999999999999318,398.2,0.04472136327818923,5.0,1,Stopped,0,0,0,0,0,VALID,VALID
35H-09245,2026-08-05 01:15:00,398.1,0,"Lê Chân, Phường Phù Vân, Tỉnh Ninh Bình",0.0,5.0,1,0,0.0,0.0,398.2,0.054772258794701885,5.0,1,Stopped,0,0,0,0,0,VALID,VALID
35H-09245,2026-08-05 01:20:00,398.1,0,"Lê Chân, Phường Phù Vân, Tỉnh Ninh Bình",0.0,5.0,1,0,0.0,0.0,398.1,0.05477225879484069,5.0,1,Stopped,0,0,0,0,0,VALID,VALID
35H-09245,2026-08-05 01:25:00,398.2,0,"Lê Chân, Phường Phù Vân, Tỉnh Ninh Bình",0.0,5.0,1,0,0.0999999999999659,0.01999999999999318,398.1,0.05477225879484069,5.0,1,Stopped,0,0,0,0,0,VALID,VALID
35H-09245,2026-08-05 01:30:00,398.2,0,"Lê Chân, Phường Phù Vân, Tỉnh Ninh Bình",0.0,5.0,1,0,0.0,0.0,398.1,0.05477225879484069,5.0,1,Stopped,0,0,0,0,0,VALID,VALID
35H-09245,2026-08-05 01:35:00,398.2,0,"Lê Chân, Phường Phù Vân, Tỉnh Ninh Bình",0.0,5.0,1,0,0.0,0.0,398.2,0.05477225879468502,5.0,1,Stopped,0,0,0,0,0,VALID,VALID
35H-09245,2026-08-05 01:40:00,398.2,0,"Lê Chân, Phường Phù Vân, Tỉnh Ninh Bình",0.0,5.0,1,0,0.0,0.0,398.2,0.044721363278127264,5.0,1,Stopped,0,0,0,0,0,VALID,VALID
35H-09245,2026-08-05 01:45:00,398.2,0,"Lê Chân, Phường Phù Vân, Tỉnh Ninh Bình",0.0,5.0,1,0,0.0,0.0,398.2,0.0,5.0,1,Stopped,0,0,0,0,0,VALID,VALID
35H-09245,2026-08-05 01:50:00,398.2,0,"Lê Chân, Phường Phù Vân, Tỉnh Ninh Bình",0.0,5.0,1,0,0.0,0.0,398.2,0.0,5.0,1,Stopped,0,0,0,0,0,VALID,VALID
35H-09245,2026-08-05 01:55:00,398.2,0,"Lê Chân, Phường Phù Vân, Tỉnh Ninh Bình",0.0,5.0,1,0,0.0,0.0,398.2,0.0,5.0,1,Stopped,0,0,0,0,0,VALID,VALID
35H-09245,2026-08-05 02:00:00,398.2,0,"Lê Chân, Phường Phù Vân, Tỉnh Ninh Bình",0.0,5.0,1,0,0.0,0.0,398.2,0.0,5.0,1,Stopped,0,0,0,0,0,VALID,VALID
35H-09245,2026-08-05 02:05:00,398.2,0,"Lê Chân, Phường Phù Vân, Tỉnh Ninh Bình",0.0,5.0,1,0,0.0,0.0,398.2,0.0,5.0,1,Stopped,0,0,0,0,0,VALID,VALID
35H-09245,2026-08-05 02:10:00,398.2,0,"Lê Chân, Phường Phù Vân, Tỉnh Ninh Bình",0.0,5.0,1,0,0.0,0.0,398.2,0.0,5.0,1,Stopped,0,0,0,0,0,VALID,VALID
35H-09245,2026-08-05 02:15:00,398.2,0,"Lê Chân, Phường Phù Vân, Tỉnh Ninh Bình",0.0,5.0,1,0,0.0,0.0,398.2,0.0,5.0,1,Stopped,0,0,0,0,0,VALID,VALID
35H-09245,2026-08-05 02:20:00,398.2,0,"Lê Chân, Phường Phù Vân, Tỉnh Ninh Bình",0.0,5.0,1,0,0.0,0.0,398.2,0.0,5.0,1,Stopped,0,0,0,0,0,VALID,VALID
35H-09245,2026-08-05 02:25:00,398.2,0,"Lê Chân, Phường Phù Vân, Tỉnh Ninh Bình",0.0,5.0,1,0,0.0,0.0,398.2,0.0,5.0,1,Stopped,0,0,0,0,0,VALID,VALID
35H-09245,2026-08-05 02:30:00,398.2,0,"Lê Chân, Phường Phù Vân, Tỉnh Ninh Bình",0.0,5.0,1,0,0.0,0.0,398.2,0.0,5.0,1,Stopped,0,0,0,0,0,VALID,VALID
35H-09245,2026-08-05 02:35:00,398.2,0,"Lê Chân, Phường Phù Vân, Tỉnh Ninh Bình",0.0,5.0,1,0,0.0,0.0,398.2,0.0,5.0,1,Stopped,0,0,0,0,0,VALID,VALID
35H-09245,2026-08-05 02:40:00,398.2,0,"Lê Chân, Phường Phù Vân, Tỉnh Ninh Bình",0.0,5.0,1,0,0.0,0.0,398.2,0.0,5.0,1,Stopped,0,0,0,0,0,VALID,VALID
35H-09245,2026-08-05 02:45:00,398.2,0,"Lê Chân, Phường Phù Vân, Tỉnh Ninh Bình",0.0,5.0,1,0,0.0,0.0,398.2,0.0,5.0,1,Stopped,0,0,0,0,0,VALID,VALID
35H-09245,2026-08-05 02:50:00,398.2,0,"Lê Chân, Phường Phù Vân, Tỉnh Ninh Bình",0.0,5.0,1,0,0.0,0.0,398.2,0.0,5.0,1,Stopped,0,0,0,0,0,VALID,VALID
35H-09245,2026-08-05 02:55:00,398.2,0,"Lê Chân, Phường Phù Vân, Tỉnh Ninh Bình",0.0,5.0,1,0,0.0,0.0,398.2,0.0,5.0,1,Stopped,0,0,0,0,0,VALID,VALID
35H-09245,2026-08-05 03:00:00,398.2,0,"Lê Chân, Phường Phù Vân, Tỉnh Ninh Bình",0.0,5.0,1,0,0.0,0.0,398.2,0.0,5.0,1,Stopped,0,0,0,0,0,VALID,VALID
35H-09245,2026-08-05 03:05:00,398.2,0,"Lê Chân, Phường Phù Vân, Tỉnh Ninh Bình",0.0,5.0,1,0,0.0,0.0,398.2,0.0,5.0,1,Stopped,0,0,0,0,0,VALID,VALID
35H-09245,2026-08-05 03:10:00,398.2,0,"Lê Chân, Phường Phù Vân, Tỉnh Ninh Bình",0.0,5.0,1,0,0.0,0.0,398.2,0.0,5.0,1,Stopped,0,0,0,0,0,VALID,VALID
35H-09245,2026-08-05 03:15:00,398.2,0,"Lê Chân, Phường Phù Vân, Tỉnh Ninh Bình",0.0,5.0,1,0,0.0,0.0,398.2,0.0,5.0,1,Stopped,0,0,0,0,0,VALID,VALID
35H-09245,2026-08-05 03:20:00,398.2,0,"Lê Chân, Phường Phù Vân, Tỉnh Ninh Bình",0.0,5.0,1,0,0.0,0.0,398.2,0.0,5.0,1,Stopped,0,0,0,0,0,VALID,VALID
35H-09245,2026-08-05 03:25:00,398.2,0,"Lê Chân, Phường Phù Vân, Tỉnh Ninh Bình",0.0,5.0,1,0,0.0,0.0,398.2,0.0,5.0,1,Stopped,0,0,0,0,0,VALID,VALID
35H-09245,2026-08-05 03:30:00,398.2,0,"Lê Chân, Phường Phù Vân, Tỉnh Ninh Bình",0.0,5.0,1,0,0.0,0.0,398.2,0.0,5.0,1,Stopped,0,0,0,0,0,VALID,VALID
35H-09245,2026-08-05 03:35:00,398.2,0,"Lê Chân, Phường Phù Vân, Tỉnh Ninh Bình",0.0,5.0,1,0,0.0,0.0,398.2,0.0,5.0,1,Stopped,0,0,0,0,0,VALID,VALID
35H-09245,2026-08-05 03:40:00,398.2,0,"Lê Chân, Phường Phù Vân, Tỉnh Ninh Bình",0.0,5.0,1,0,0.0,0.0,398.2,0.0,5.0,1,Stopped,0,0,0,0,0,VALID,VALID
35H-09245,2026-08-05 03:45:00,398.2,0,"Lê Chân, Phường Phù Vân, Tỉnh Ninh Bình",0.0,5.0,1,0,0.0,0.0,398.2,0.0,5.0,1,Stopped,0,0,0,0,0,VALID,VALID
35H-09245,2026-08-05 03:50:00,398.2,0,"Lê Chân, Phường Phù Vân, Tỉnh Ninh Bình",0.0,5.0,1,0,0.0,0.0,398.2,0.0,5.0,1,Stopped,0,0,0,0,0,VALID,VALID
35H-09245,2026-08-05 03:55:00,398.2,0,"Lê Chân, Phường Phù Vân, Tỉnh Ninh Bình",0.0,5.0,1,0,0.0,0.0,398.2,0.0,5.0,1,Stopped,0,0,0,0,0,VALID,VALID
35H-09245,2026-08-05 04:00:00,398.2,0,"Lê Chân, Phường Phù Vân, Tỉnh Ninh Bình",0.0,5.0,1,0,0.0,0.0,398.2,0.0,5.0,1,Stopped,0,0,0,0,0,VALID,VALID
35H-09245,2026-08-05 04:05:00,398.2,0,"Lê Chân, Phường Phù Vân, Tỉnh Ninh Bình",0.0,5.0,1,0,0.0,0.0,398.2,0.0,5.0,1,Stopped,0,0,0,0,0,VALID,VALID
35H-09245,2026-08-05 04:10:00,398.2,0,"Lê Chân, Phường Phù Vân, Tỉnh Ninh Bình",0.0,5.0,1,0,0.0,0.0,398.2,0.0,5.0,1,Stopped,0,0,0,0,0,VALID,VALID
35H-09245,2026-08-05 04:15:00,398.2,0,"Lê Chân, Phường Phù Vân, Tỉnh Ninh Bình",0.0,5.0,1,0,0.0,0.0,398.2,0.0,5.0,1,Stopped,0,0,0,0,0,VALID,VALID
35H-09245,2026-08-05 04:20:00,398.2,0,"Lê Chân, Phường Phù Vân, Tỉnh Ninh Bình",0.0,5.0,1,0,0.0,0.0,398.2,0.0,5.0,1,Stopped,0,0,0,0,0,VALID,VALID
35H-09245,2026-08-05 04:25:00,398.2,0,"Lê Chân, Phường Phù Vân, Tỉnh Ninh Bình",0.0,5.0,1,0,0.0,0.0,398.2,0.0,5.0,1,Stopped,0,0,0,0,0,VALID,VALID
35H-09245,2026-08-05 04:30:00,398.2,0,"Lê Chân, Phường Phù Vân, Tỉnh Ninh Bình",0.0,5.0,1,0,0.0,0.0,398.2,0.0,5.0,1,Stopped,0,0,0,0,0,VALID,VALID
35H-09245,2026-08-05 04:35:00,398.2,0,"Lê Chân, Phường Phù Vân, Tỉnh Ninh Bình",0.0,5.0,1,0,0.0,0.0,398.2,0.0,5.0,1,Stopped,0,0,0,0,0,VALID,VALID
35H-09245,2026-08-05 04:40:00,398.2,0,"Lê Chân, Phường Phù Vân, Tỉnh Ninh Bình",0.0,5.0,1,0,0.0,0.0,398.2,0.0,5.0,1,Stopped,0,0,0,0,0,VALID,VALID
35H-09245,2026-08-05 04:45:00,398.2,0,"Lê Chân, Phường Phù Vân, Tỉnh Ninh Bình",0.0,5.0,1,0,0.0,0.0,398.2,0.0,5.0,1,Stopped,0,0,0,0,0,VALID,VALID
35H-09245,2026-08-05 04:50:00,398.2,0,"Lê Chân, Phường Phù Vân, Tỉnh Ninh Bình",0.0,5.0,1,0,0.0,0.0,398.2,0.0,5.0,1,Stopped,0,0,0,0,0,VALID,VALID
35H-09245,2026-08-05 04:55:00,398.2,0,"Lê Chân, Phường Phù Vân, Tỉnh Ninh Bình",0.0,5.0,1,0,0.0,0.0,398.2,0.0,5.0,1,Stopped,0,0,0,0,0,VALID,VALID
35H-09245,2026-08-05 05:00:00,398.2,0,"Lê Chân, Phường Phù Vân, Tỉnh Ninh Bình",0.0,5.0,1,0,0.0,0.0,398.2,0.0,5.0,1,Stopped,0,0,0,0,0,VALID,VALID
35H-09245,2026-08-05 05:05:00,398.2,0,"Lê Chân, Phường Phù Vân, Tỉnh Ninh Bình",0.0,5.0,1,0,0.0,0.0,398.2,0.0,5.0,1,Stopped,0,0,0,0,0,VALID,VALID
35H-09245,2026-08-05 05:10:00,398.2,0,"Lê Chân, Phường Phù Vân, Tỉnh Ninh Bình",0.0,5.0,1,0,0.0,0.0,398.2,0.0,5.0,1,Stopped,0,0,0,0,0,VALID,VALID
35H-09245,2026-08-05 05:15:00,398.2,0,"Lê Chân, Phường Phù Vân, Tỉnh Ninh Bình",0.0,5.0,1,0,0.0,0.0,398.2,0.0,5.0,1,Stopped,0,0,0,0,0,VALID,VALID
35H-09245,2026-08-05 05:20:00,398.2,0,"Lê Chân, Phường Phù Vân, Tỉnh Ninh Bình",0.0,5.0,1,0,0.0,0.0,398.2,0.0,5.0,1,Stopped,0,0,0,0,0,VALID,VALID
35H-09245,2026-08-05 05:25:00,398.2,0,"Lê Chân, Phường Phù Vân, Tỉnh Ninh Bình",0.0,5.0,1,0,0.0,0.0,398.2,0.0,5.0,1,Stopped,0,0,0,0,0,VALID,VALID
35H-09245,2026-08-05 05:30:00,398.2,0,"Lê Chân, Phường Phù Vân, Tỉnh Ninh Bình",0.0,5.0,1,0,0.0,0.0,398.2,0.0,5.0,1,Stopped,0,0,0,0,0,VALID,VALID
35H-09245,2026-08-05 05:35:00,398.2,0,"Lê Chân, Phường Phù Vân, Tỉnh Ninh Bình",0.0,5.0,1,0,0.0,0.0,398.2,0.0,5.0,1,Stopped,0,0,0,0,0,VALID,VALID
35H-09245,2026-08-05 05:40:00,398.2,0,"Lê Chân, Phường Phù Vân, Tỉnh Ninh Bình",0.0,5.0,1,0,0.0,0.0,398.2,0.0,5.0,1,Stopped,0,0,0,0,0,VALID,VALID
35H-09245,2026-08-05 05:45:00,398.2,0,"Lê Chân, Phường Phù Vân, Tỉnh Ninh Bình",0.0,5.0,1,0,0.0,0.0,398.2,0.0,5.0,1,Stopped,0,0,0,0,0,VALID,VALID
35H-09245,2026-08-05 05:50:00,398.2,0,"Lê Chân, Phường Phù Vân, Tỉnh Ninh Bình",0.0,5.0,1,0,0.0,0.0,398.2,0.0,5.0,1,Stopped,0,0,0,0,0,VALID,VALID
35H-09245,2026-08-05 05:55:00,398.2,0,"Lê Chân, Phường Phù Vân, Tỉnh Ninh Bình",0.0,5.0,1,0,0.0,0.0,398.2,0.0,5.0,1,Stopped,0,0,0,0,0,VALID,VALID
35H-09245,2026-08-05 06:00:00,398.1,0,"Lê Chân, Phường Phù Vân, Tỉnh Ninh Bình",0.0,5.0,1,0,-0.0999999999999659,-0.01999999999999318,398.2,0.04472136327809866,5.0,1,Stopped,0,0,0,0,0,VALID,VALID
35H-09245,2026-08-05 06:05:00,398.1,0,"Lê Chân, Phường Phù Vân, Tỉnh Ninh Bình",0.0,5.0,1,0,0.0,0.0,398.2,0.054772258794627944,5.0,1,Stopped,0,0,0,0,0,VALID,VALID
35H-09245,2026-08-05 06:10:00,398.1,0,"Lê Chân, Phường Phù Vân, Tỉnh Ninh Bình",0.0,5.0,1,0,0.0,0.0,398.1,0.05477225879476674,5.0,1,Stopped,0,0,0,0,0,VALID,VALID
35H-09245,2026-08-05 06:15:00,398.1,0,"Lê Chân, Phường Phù Vân, Tỉnh Ninh Bình",0.0,5.0,1,0,0.0,0.0,398.1,0.04472136327860868,5.0,1,Stopped,0,0,0,0,0,VALID,VALID
35H-09245,2026-08-05 06:20:00,397.9,0,"Lê Chân, Phường Phù Vân, Tỉnh Ninh Bình",0.0,5.0,1,0,-0.20000000000004547,-0.0400000000000091,398.1,0.08944272096459774,5.0,1,Stopped,0,0,0,0,0,VALID,VALID
35H-09245,2026-08-05 06:25:00,397.7,0,"Lê Chân, Phường Phù Vân, Tỉnh Ninh Bình",0.0,5.0,1,0,-0.19999999999998863,-0.039999999999997725,398.1,0.1788854391324673,5.0,1,Stopped,0,0,0,0,0,VALID,VALID
35H-09245,2026-08-05 06:30:00,395.5,0,"Phủ Lý - Kiện Khê, Phường Lý Thường Kiệt, Tỉnh Ninh Bình",0.0,5.0,1,0,-2.1999999999999886,-0.4399999999999977,397.9,1.1081516143263173,5.0,1,Stopped,0,0,0,0,0,VALID,VALID
35H-09245,2026-08-05 06:35:00,395.5,46,"Phan Trọng Tuệ, Phường Lý Thường Kiệt, Tỉnh Ninh Bình",0.0,5.0,1,0,0.0,0.0,397.7,1.322119510609553,5.0,1,Moving,0,0,0,0,0,VALID,VALID
35H-09245,2026-08-05 06:40:00,394.8,0,"Phường Lý Thường Kiệt, Tỉnh Ninh Bình",0.0,5.0,1,0,-0.6999999999999886,-0.13999999999999774,395.5,1.4184498582378577,5.0,1,Stopped,0,0,0,0,0,VALID,VALID
35H-09245,2026-08-05 06:45:00,394.5,0,"Phường Lý Thường Kiệt, Tỉnh Ninh Bình",0.0,5.0,1,0,-0.30000000000001137,-0.060000000000002274,395.5,1.2529964087481023,5.0,1,Stopped,0,0,0,0,0,VALID,VALID
35H-09245,2026-08-05 06:50:00,394.5,0,"Phường Lý Thường Kiệt, Tỉnh Ninh Bình",0.0,5.0,1,0,0.0,0.0,394.8,0.5079370042989894,5.0,1,Stopped,0,0,0,0,0,VALID,VALID
35H-09245,2026-08-05 06:55:00,394.4,0,"Phường Lý Thường Kiệt, Tỉnh Ninh Bình",0.0,5.0,1,0,-0.10000000000002274,-0.02000000000000455,394.5,0.4505552134161282,5.0,1,Stopped,0,0,0,0,0,VALID,VALID
35H-09245,2026-08-05 07:00:00,394.1,0,"Phường Lý Thường Kiệt, Tỉnh Ninh Bình",0.0,5.0,1,0,-0.2999999999999545,-0.05999999999999091,394.5,0.2509980086310251,5.0,1,Stopped,0,0,0,0,0,VALID,VALID
35H-09245,2026-08-05 07:05:00,394.5,0,"Phường Lý Thường Kiệt, Tỉnh Ninh Bình",0.0,5.0,1,0,0.39999999999997726,0.07999999999999545,394.5,0.17320508172915924,5.0,1,Stopped,0,0,0,0,0,VALID,VALID
35H-09245,2026-08-05 07:10:00,394.5,0,"Phường Lý Thường Kiệt, Tỉnh Ninh Bình",0.0,5.0,1,0,0.0,0.0,394.5,0.17320508172915924,5.0,1,Stopped,0,0,0,0,0,VALID,VALID
35H-09245,2026-08-05 07:15:00,394.5,0,"Phường Lý Thường Kiệt, Tỉnh Ninh Bình",0.0,5.0,1,0,0.0,0.0,394.5,0.17320508172915924,5.0,1,Stopped,0,0,0,0,0,VALID,VALID
35H-09245,2026-08-05 07:20:00,394.5,0,"Phường Lý Thường Kiệt, Tỉnh Ninh Bình",0.0,5.0,1,0,0.0,0.0,394.5,0.1788854391413216,5.0,1,Stopped,0,0,0,0,0,VALID,VALID
35H-09245,2026-08-05 07:25:00,394.5,0,"Phường Lý Thường Kiệt, Tỉnh Ninh Bình",0.0,5.0,1,0,0.0,0.0,394.5,0.0,5.0,1,Stopped,0,0,0,0,0,VALID,VALID
35H-09245,2026-08-05 07:30:00,394.5,0,"Phường Lý Thường Kiệt, Tỉnh Ninh Bình",0.0,5.0,1,0,0.0,0.0,394.5,0.0,5.0,1,Stopped,0,0,0,0,0,VALID,VALID
35H-09245,2026-08-05 07:35:00,394.5,0,"Phường Lý Thường Kiệt, Tỉnh Ninh Bình",0.0,5.0,1,0,0.0,0.0,394.5,0.0,5.0,1,Stopped,0,0,0,0,0,VALID,VALID
35H-09245,2026-08-05 07:40:00,394.9,0,"Phường Lý Thường Kiệt, Tỉnh Ninh Bình",0.0,5.0,1,0,0.39999999999997726,0.07999999999999545,394.5,0.17888543914087038,5.0,1,Stopped,0,0,0,0,0,VALID,VALID
35H-09245,2026-08-05 07:45:00,394.0,0,"Phường Lý Thường Kiệt, Tỉnh Ninh Bình",0.0,5.0,1,0,-0.8999999999999773,-0.17999999999999544,394.5,0.3193743889805727,5.0,1,Stopped,0,0,0,0,0,VALID,VALID
35H-09245,2026-08-05 07:50:00,394.0,0,"Phường Lý Thường Kiệt, Tỉnh Ninh Bình",0.0,5.0,1,0,0.0,0.0,394.5,0.38340579069285174,5.0,1,Stopped,0,0,0,0,0,VALID,VALID
35H-09245,2026-08-05 07:55:00,393.8,0,"Phường Lý Thường Kiệt, Tỉnh Ninh Bình",0.0,5.0,1,0,-0.19999999999998863,-0.039999999999997725,394.0,0.45055521341667504,5.0,1,Stopped,0,0,0,0,0,VALID,VALID
35H-09245,2026-08-05 08:00:00,393.8,0,"Phường Lý Thường Kiệt, Tỉnh Ninh Bình",0.0,5.0,1,0,0.0,0.0,394.0,0.4582575698633787,5.0,1,Stopped,0,0,0,0,0,VALID,VALID
35H-09245,2026-08-05 08:05:00,393.8,0,"Phường Lý Thường Kiệt, Tỉnh Ninh Bình",0.0,5.0,1,0,0.0,0.0,393.8,0.10954451304075237,5.0,1,Stopped,0,0,0,0,0,VALID,VALID
35H-09245,2026-08-05 08:10:00,392.9,0,"Phường Lý Thường Kiệt, Tỉnh Ninh Bình",0.0,5.0,1,0,-0.9000000000000341,-0.18000000000000682,393.8,0.4335896681628913,5.0,1,Stopped,0,0,0,0,0,VALID,VALID
35H-09245,2026-08-05 08:15:00,393.0,21,"Phan Trọng Tuệ, Phường Lý Thường Kiệt, Tỉnh Ninh Bình",0.0,5.0,1,0,0.10000000000002274,0.02000000000000455,393.8,0.4669047015589482,5.0,1,Moving,0,0,0,0,0,VALID,VALID
35H-09245,2026-08-05 08:20:00,390.0,24,"Phường Lý Thường Kiệt, Tỉnh Ninh Bình",0.0,5.0,1,0,-3.0,-0.6,393.0,1.5684387142438168,5.0,1,Moving,0,0,0,0,0,VALID,VALID
35H-09245,2026-08-05 08:25:00,388.0,50,"Phường Kim Bảng, Tỉnh Ninh Bình",0.0,5.0,1,0,-2.0,-0.4,392.9,2.4490814605358247,5.0,1,Moving,0,0,0,0,0,VALID,VALID
35H-09245,2026-08-05 08:30:00,384.7,46,"Phường Kim Thanh, Tỉnh Ninh Bình",0.0,5.0,1,0,-3.3000000000000114,-0.6600000000000023,390.0,3.5038550198806324,5.0,1,Moving,0,0,0,0,0,VALID,VALID
35H-09245,2026-08-05 08:35:00,383.2,43,"Phường Hà Nam, Tỉnh Ninh Bình",0.0,5.0,1,0,-1.5,-0.3,388.0,3.958787693264875,5.0,1,Moving,0,0,0,0,0,VALID,VALID
35H-09245,2026-08-05 08:40:00,382.3,0,"Phường Hà Nam, Tỉnh Ninh Bình",0.0,5.0,1,0,-0.8999999999999773,-0.17999999999999544,384.7,3.2623611082080384,5.0,1,Stopped,0,0,0,0,0,VALID,VALID
35H-09245,2026-08-05 08:45:00,382.4,0,"Phường Hà Nam, Tỉnh Ninh Bình",0.0,5.0,1,0,0.0999999999999659,0.01999999999999318,383.2,2.372129844749338,5.0,1,Stopped,0,0,0,0,0,VALID,VALID
35H-09245,2026-08-05 08:50:00,381.5,0,"Phường Hà Nam, Tỉnh Ninh Bình",0.0,5.0,1,0,-0.8999999999999773,-0.17999999999999544,382.4,1.2111977544366475,5.0,1,Stopped,0,0,0,0,0,VALID,VALID
35H-09245,2026-08-05 08:55:00,381.5,0,"Phường Hà Nam, Tỉnh Ninh Bình",0.0,5.0,1,0,0.0,0.0,382.3,0.7120393250048008,5.0,1,Stopped,0,0,0,0,0,VALID,VALID
35H-09245,2026-08-05 09:00:00,381.5,0,"Phường Hà Nam, Tỉnh Ninh Bình",0.0,5.0,1,0,0.0,0.0,381.5,0.4669047015760295,5.0,1,Stopped,0,0,0,0,0,VALID,VALID
35H-09245,2026-08-05 09:05:00,381.5,0,"Phường Hà Nam, Tỉnh Ninh Bình",0.0,5.0,1,0,0.0,0.0,381.5,0.40249223638977427,5.0,1,Stopped,0,0,0,0,0,VALID,VALID
35H-09245,2026-08-05 09:10:00,381.5,0,"Phường Hà Nam, Tỉnh Ninh Bình",0.0,5.0,1,0,0.0,0.0,381.5,0.0,5.0,1,Stopped,0,0,0,0,0,VALID,VALID
35H-09245,2026-08-05 09:15:00,381.5,0,"Phường Hà Nam, Tỉnh Ninh Bình",0.0,5.0,1,0,0.0,0.0,381.5,0.0,5.0,1,Stopped,0,0,0,0,0,VALID,VALID
35H-09245,2026-08-05 09:20:00,381.5,0,"Phường Hà Nam, Tỉnh Ninh Bình",0.0,5.0,1,0,0.0,0.0,381.5,0.0,5.0,1,Stopped,0,0,0,0,0,VALID,VALID
35H-09245,2026-08-05 09:25:00,381.5,0,"Phường Hà Nam, Tỉnh Ninh Bình",0.0,5.0,1,0,0.0,0.0,381.5,0.0,5.0,1,Stopped,0,0,0,0,0,VALID,VALID
35H-09245,2026-08-05 09:30:00,381.5,0,"Phường Hà Nam, Tỉnh Ninh Bình",0.0,5.0,1,0,0.0,0.0,381.5,0.0,5.0,1,Stopped,0,0,0,0,0,VALID,VALID
35H-09245,2026-08-05 09:35:00,381.5,0,"Phường Hà Nam, Tỉnh Ninh Bình",0.0,5.0,1,0,0.0,0.0,381.5,0.0,5.0,1,Stopped,0,0,0,0,0,VALID,VALID
35H-09245,2026-08-05 09:40:00,381.5,0,"Phường Hà Nam, Tỉnh Ninh Bình",0.0,5.0,1,0,0.0,0.0,381.5,0.0,5.0,1,Stopped,0,0,0,0,0,VALID,VALID
35H-09245,2026-08-05 09:45:00,381.9,0,"Phường Hà Nam, Tỉnh Ninh Bình",0.0,5.0,1,0,0.39999999999997726,0.07999999999999545,381.5,0.17888543919002442,5.0,1,Stopped,0,0,0,0,0,VALID,VALID
35H-09245,2026-08-05 09:50:00,381.9,0,"Phường Hà Nam, Tỉnh Ninh Bình",0.0,5.0,1,0,0.0,0.0,381.5,0.2190890238101493,5.0,1,Stopped,0,0,0,0,0,VALID,VALID
35H-09245,2026-08-05 09:55:00,381.9,0,"Phường Hà Nam, Tỉnh Ninh Bình",0.0,5.0,1,0,0.0,0.0,381.9,0.2190890238098782,5.0,1,Stopped,0,0,0,0,0,VALID,VALID
35H-09245,2026-08-05 10:00:00,382.0,0,"Phường Hà Nam, Tỉnh Ninh Bình",0.0,5.0,1,0,0.10000000000002274,0.02000000000000455,381.9,0.19493588780370075,5.0,1,Stopped,0,0,0,0,0,VALID,VALID
35H-09245,2026-08-05 10:05:00,381.9,0,"Phường Hà Nam, Tỉnh Ninh Bình",0.0,5.0,1,0,-0.10000000000002274,-0.02000000000000455,381.9,0.04472136350444957,5.0,1,Stopped,0,0,0,0,0,VALID,VALID
35H-09245,2026-08-05 10:10:00,380.5,0,"Phường Hà Nam, Tỉnh Ninh Bình",0.0,5.0,1,0,-1.3999999999999773,-0.2799999999999955,381.9,0.6387487771840517,5.0,1,Stopped,0,0,0,0,0,VALID,VALID
35H-09245,2026-08-05 10:15:00,379.7,0,"Phường Hà Nam, Tỉnh Ninh Bình",0.0,5.0,1,0,-0.8000000000000114,-0.16000000000000228,381.9,1.0440306510609814,5.0,1,Stopped,0,0,0,0,0,VALID,VALID
35H-09245,2026-08-05 10:20:00,379.6,0,"Phường Hà Nam, Tỉnh Ninh Bình",0.0,5.0,1,0,-0.0999999999999659,-0.01999999999999318,380.5,1.1588787686188435,5.0,1,Stopped,0,0,0,0,0,VALID,VALID
35H-09245,2026-08-05 10:25:00,379.2,0,"Phường Hà Nam, Tỉnh Ninh Bình",0.0,5.0,1,0,-0.4000000000000341,-0.08000000000000682,379.7,1.070980859005626,5.0,1,Stopped,0,0,0,0,0,VALID,VALID
35H-09245,2026-08-05 10:30:00,379.1,0,"Phường Hà Nam, Tỉnh Ninh Bình",0.0,5.0,1,0,-0.0999999999999659,-0.01999999999999318,379.6,0.5540758074102603,5.0,1,Stopped,0,0,0,0,0,VALID,VALID
35H-09245,2026-08-05 10:35:00,378.2,0,"Phường Hà Nam, Tỉnh Ninh Bình",0.0,5.0,1,0,-0.9000000000000341,-0.18000000000000682,379.2,0.5941380314018324,5.0,1,Stopped,0,0,0,0,0,VALID,VALID
35H-09245,2026-08-05 10:40:00,378.2,0,"Phường Hà Nam, Tỉnh Ninh Bình",0.0,5.0,1,0,0.0,0.0,379.1,0.6308724121076434,5.0,1,Stopped,0,0,0,0,0,VALID,VALID
35H-09245,2026-08-05 10:45:00,378.5,0,"Phường Hà Nam, Tỉnh Ninh Bình",0.0,5.0,1,0,0.30000000000001137,0.060000000000002274,378.5,0.48270073581760925,5.0,1,Stopped,0,0,0,0,0,VALID,VALID
35H-09245,2026-08-05 10:50:00,378.5,0,"Phường Hà Nam, Tỉnh Ninh Bình",0.0,5.0,1,0,0.0,0.0,378.5,0.3674234619061517,5.0,1,Stopped,0,0,0,0,0,VALID,VALID
35H-09245,2026-08-05 10:55:00,380.1,0,"Phường Hà Nam, Tỉnh Ninh Bình",0.0,5.0,1,0,1.6000000000000227,0.32000000000000456,378.5,0.7968688727505814,5.0,1,Stopped,0,0,0,0,0,VALID,VALID
35H-09245,2026-08-05 11:00:00,377.4,48,"Quốc Lộ 1, Phường Hà Nam, Tỉnh Ninh Bình",0.0,5.0,1,0,-2.7000000000000455,-0.5400000000000091,378.5,0.9813256342107107,5.0,1,Moving,0,0,0,0,0,VALID,VALID
35H-09245,2026-08-05 11:05:00,377.9,31,"Phường Kim Thanh, Tỉnh Ninh Bình",0.0,5.0,1,0,0.5,0.1,378.5,1.0158740081127948,5.0,1,Moving,0,0,0,0,0,VALID,VALID
35H-09245,2026-08-05 11:10:00,374.9,56,"Phường Lý Thường Kiệt, Tỉnh Ninh Bình",0.0,5.0,1,0,-3.0,-0.6,377.9,1.8942016789033806,5.0,1,Moving,0,0,0,0,0,VALID,VALID
35H-09245,2026-08-05 11:15:00,376.8,0,"Ngô Gia Tự, Phường Lý Thường Kiệt, Tỉnh Ninh Bình",0.0,5.0,1,0,1.900000000000034,0.38000000000000683,377.4,1.8806913623348618,5.0,1,Stopped,0,0,0,0,0,VALID,VALID
35H-09245,2026-08-05 11:20:00,374.3,51,"Phan Trọng Tuệ, Phường Lý Thường Kiệt, Tỉnh Ninh Bình",0.0,5.0,1,0,-2.5,-0.5,376.8,1.5789236841478114,5.0,1,Moving,0,0,0,0,0,VALID,VALID
35H-09245,2026-08-05 11:25:00,374.6,0,"Phan Trọng Tuệ, Phường Lý Thường Kiệt, Tỉnh Ninh Bình",0.0,5.0,1,0,0.30000000000001137,0.060000000000002274,374.9,1.5700318469266243,5.0,1,Stopped,0,0,0,0,0,VALID,VALID
35H-09245,2026-08-05 11:30:00,372.4,0,"Phường Lý Thường Kiệt, Tỉnh Ninh Bình",0.0,5.0,1,0,-2.2000000000000455,-0.4400000000000091,374.6,1.5700318469272216,5.0,1,Stopped,0,0,0,0,0,VALID,VALID
35H-09245,2026-08-05 11:35:00,371.9,0,"Phường Lý Thường Kiệt, Tỉnh Ninh Bình",0.0,5.0,1,0,-0.5,-0.1,374.3,1.9532024985563428,5.0,1,Stopped,0,0,0,0,0,VALID,VALID
35H-09245,2026-08-05 11:40:00,371.9,0,"Phường Lý Thường Kiệt, Tỉnh Ninh Bình",0.0,5.0,1,0,0.0,0.0,372.4,1.3255187665093286,5.0,1,Stopped,0,0,0,0,0,VALID,VALID
35H-09245,2026-08-05 11:45:00,372.0,0,"Phường Lý Thường Kiệt, Tỉnh Ninh Bình",0.0,5.0,1,0,0.10000000000002274,0.02000000000000455,372.0,1.1588787686247324,5.0,1,Stopped,0,0,0,0,0,VALID,VALID
35H-09245,2026-08-05 11:50:00,373.2,0,"Phường Lý Thường Kiệt, Tỉnh Ninh Bình",0.0,5.0,1,0,1.1999999999999886,0.23999999999999772,372.0,0.5540758074213472,5.0,1,Stopped,0,0,0,0,0,VALID,VALID
35H-09245,2026-08-05 11:55:00,373.0,0,"Phường Lý Thường Kiệt, Tỉnh Ninh Bình",0.0,5.0,1,0,-0.19999999999998863,-0.039999999999997725,372.0,0.6442049366229683,5.0,1,Stopped,0,0,0,0,0,VALID,VALID
35H-09245,2026-08-05 12:00:00,373.0,0,"Phường Lý Thường Kiệt, Tỉnh Ninh Bình",0.0,5.0,1,0,0.0,0.0,373.0,0.618061485913018,5.0,1,Stopped,0,0,0,0,0,VALID,VALID
35H-09245,2026-08-05 12:05:00,373.0,0,"Phường Lý Thường Kiệt, Tỉnh Ninh Bình",0.0,5.0,1,0,0.0,0.0,373.0,0.4774934558385258,5.0,1,Stopped,0,0,0,0,0,VALID,VALID
35H-09245,2026-08-05 12:10:00,373.0,0,"Phường Lý Thường Kiệt, Tỉnh Ninh Bình",0.0,5.0,1,0,0.0,0.0,373.0,0.08944272115866558,5.0,1,Stopped,0,0,0,0,0,VALID,VALID
35H-09245,2026-08-05 12:15:00,373.0,0,"Phường Lý Thường Kiệt, Tỉnh Ninh Bình",0.0,5.0,1,0,0.0,0.0,373.0,0.0,5.0,1,Stopped,0,0,0,0,0,VALID,VALID
35H-09245,2026-08-05 12:20:00,372.3,0,"Phan Trọng Tuệ, Phường Lý Thường Kiệt, Tỉnh Ninh Bình",0.0,5.0,1,0,-0.6999999999999886,-0.13999999999999774,373.0,0.313049517438687,5.0,1,Stopped,0,0,0,0,0,VALID,VALID
35H-09245,2026-08-05 12:25:00,372.3,0,"Phan Trọng Tuệ, Phường Lý Thường Kiệt, Tỉnh Ninh Bình",0.0,5.0,1,0,0.0,0.0,373.0,0.3834057907346462,5.0,1,Stopped,0,0,0,0,0,VALID,VALID
35H-09245,2026-08-05 12:30:00,370.8,0,"Ngô Gia Tự, Phường Lý Thường Kiệt, Tỉnh Ninh Bình",0.0,5.0,1,0,-1.5,-0.3,372.3,0.8983317874647916,5.0,1,Stopped,0,0,0,0,0,VALID,VALID
35H-09245,2026-08-05 12:35:00,370.8,0,"Ngô Gia Tự, Phường Lý Thường Kiệt, Tỉnh Ninh Bình",0.0,5.0,1,0,0.0,0.0,372.3,0.9914635648224873,5.0,1,Stopped,0,0,0,0,0,VALID,VALID
35H-09245,2026-08-05 12:40:00,369.3,0,"Ngô Gia Tự, Phường Lý Thường Kiệt, Tỉnh Ninh Bình",0.0,5.0,1,0,-1.5,-0.3,370.8,1.2549900399492955,5.0,1,Stopped,0,0,0,0,0,VALID,VALID
35H-09245,2026-08-05 12:45:00,368.5,0,"Ngô Gia Tự, Phường Lý Thường Kiệt, Tỉnh Ninh Bình",0.0,5.0,1,0,-0.8000000000000114,-0.16000000000000228,370.8,1.4774978850656262,5.0,1,Stopped,0,0,0,0,0,VALID,VALID
35H-09245,2026-08-05 12:50:00,367.6,17,"Lý Thường Kiệt, Phường Lý Thường Kiệt, Tỉnh Ninh Bình",0.0,5.0,1,0,-0.8999999999999773,-0.17999999999999544,369.3,1.4124446893153537,5.0,1,Moving,0,0,0,0,0,VALID,VALID
35H-09245,2026-08-05 12:55:00,368.6,21,"Phường Phù Vân, Tỉnh Ninh Bình",0.0,5.0,1,0,1.0,0.2,368.6,1.1928956368333268,5.0,1,Moving,0,0,0,0,0,VALID,VALID
35H-09245,2026-08-05 13:00:00,367.8,35,"Phủ Lý - Kiện Khê, Phường Lý Thường Kiệt, Tỉnh Ninh Bình",0.0,5.0,1,0,-0.8000000000000114,-0.16000000000000228,368.5,0.6804410337252819,5.0,1,Moving,0,0,0,0,0,VALID,VALID
35H-09245,2026-08-05 13:05:00,364.8,0,"Phường Lý Thường Kiệt, Tỉnh Ninh Bình",0.0,5.0,1,0,-3.0,-0.6,367.8,1.5485477068462385,5.0,1,Stopped,0,0,0,0,0,VALID,VALID
35H-09245,2026-08-05 13:10:00,365.5,0,"Phường Lý Thường Kiệt, Tỉnh Ninh Bình",0.0,5.0,1,0,0.6999999999999886,0.13999999999999774,367.6,1.624192106981133,5.0,1,Stopped,0,0,0,0,0,VALID,VALID
35H-09245,2026-08-05 13:15:00,365.6,0,"Phường Lý Thường Kiệt, Tỉnh Ninh Bình",0.0,5.0,1,0,0.10000000000002274,0.02000000000000455,365.6,1.642558979269996,5.0,1,Stopped,0,0,0,0,0,VALID,VALID
35H-09245,2026-08-05 13:20:00,365.6,0,"Phường Lý Thường Kiệt, Tỉnh Ninh Bình",0.0,5.0,1,0,0.0,0.0,365.6,1.134900876896972,5.0,1,Stopped,0,0,0,0,0,VALID,VALID
35H-09245,2026-08-05 13:25:00,365.7,0,"Phường Lý Thường Kiệt, Tỉnh Ninh Bình",0.0,5.0,1,0,0.0999999999999659,0.01999999999999318,365.6,0.36469165110025,5.0,1,Stopped,0,0,0,0,0,VALID,VALID
35H-09245,2026-08-05 13:30:00,365.7,0,"Phường Lý Thường Kiệt, Tỉnh Ninh Bình",0.0,5.0,1,0,0.0,0.0,365.6,0.08366600493588167,5.0,1,Stopped,0,0,0,0,0,VALID,VALID
35H-09245,2026-08-05 13:35:00,365.7,0,"Phường Lý Thường Kiệt, Tỉnh Ninh Bình",0.0,5.0,1,0,0.0,0.0,365.7,0.054772259236485404,5.0,1,Stopped,0,0,0,0,0,VALID,VALID
35H-09245,2026-08-05 13:40:00,365.7,0,"Phường Lý Thường Kiệt, Tỉnh Ninh Bình",0.0,5.0,1,0,0.0,0.0,365.7,0.0447213638190929,5.0,1,Stopped,0,0,0,0,0,VALID,VALID
35H-09245,2026-08-05 13:45:00,365.5,0,"Phường Lý Thường Kiệt, Tỉnh Ninh Bình",0.0,5.0,1,0,-0.19999999999998863,-0.039999999999997725,365.7,0.08944272123471277,5.0,1,Stopped,0,0,0,0,0,VALID,VALID
35H-09245,2026-08-05 13:50:00,364.6,0,"Phường Lý Thường Kiệt, Tỉnh Ninh Bình",0.0,5.0,1,0,-0.8999999999999773,-0.17999999999999544,365.7,0.47749345585274894,5.0,1,Stopped,0,0,0,0,0,VALID,VALID
35H-09245,2026-08-05 13:55:00,364.5,0,"Phường Lý Thường Kiệt, Tỉnh Ninh Bình",0.0,5.0,1,0,-0.10000000000002274,-0.02000000000000455,365.5,0.6000000003188156,5.0,1,Stopped,0,0,0,0,0,VALID,VALID
35H-09245,2026-08-05 14:00:00,364.4,0,"Phường Lý Thường Kiệt, Tỉnh Ninh Bình",0.0,5.0,1,0,-0.10000000000002274,-0.02000000000000455,364.6,0.6107372596976492,5.0,1,Stopped,0,0,0,0,0,VALID,VALID
35H-09245,2026-08-05 14:05:00,364.3,0,"Phường Lý Thường Kiệt, Tỉnh Ninh Bình",0.0,5.0,1,0,-0.0999999999999659,-0.01999999999999318,364.5,0.48270073584306905,5.0,1,Stopped,0,0,0,0,0,VALID,VALID
35H-09245,2026-08-05 14:10:00,362.7,33,"Phan Trọng Tuệ, Phường Lý Thường Kiệt, Tỉnh Ninh Bình",0.0,5.0,1,0,-1.6000000000000227,-0.32000000000000456,364.4,0.7905694152851946,5.0,1,Moving,0,0,0,0,0,VALID,VALID
35H-09245,2026-08-05 14:15:00,363.0,35,"Tỉnh Lộ 494, Phường Châu Sơn, Tỉnh Ninh Bình",0.0,5.0,1,0,0.30000000000001137,0.060000000000002274,364.3,0.8584870414775583,5.0,1,Moving,0,0,0,0,0,VALID,VALID
35H-09245,2026-08-05 14:20:00,361.4,40,"Tỉnh Lộ 494, Phường Châu Sơn, Tỉnh Ninh Bình",0.0,5.0,1,0,-1.6000000000000227,-0.32000000000000456,363.0,1.2421755111037756,5.0,1,Moving,0,0,0,0,0,VALID,VALID
35H-09245,2026-08-05 14:25:00,360.5,0,"Tỉnh Lộ 494, Xã Liêm Hà, Tỉnh Ninh Bình",0.0,5.0,1,0,-0.8999999999999773,-0.17999999999999544,362.7,1.4720733678683378,5.0,1,Stopped,0,0,0,0,0,VALID,VALID
35H-09245,2026-08-05 14:30:00,356.4,33,"Tỉnh Lộ 494, Phường Liêm Tuyền, Tỉnh Ninh Bình",0.0,5.0,1,0,-4.100000000000023,-0.8200000000000045,361.4,2.658006772073741,5.0,1,Moving,0,0,0,0,0,VALID,VALID
35H-09245,2026-08-05 14:35:00,354.7,34,"Nam Định - Phủ Lý, Phường Liêm Tuyền, Tỉnh Ninh Bình",0.0,5.0,1,0,-1.6999999999999886,-0.33999999999999775,360.5,3.5021422016235157,5.0,1,Moving,0,0,0,0,0,VALID,VALID
35H-09245,2026-08-05 14:40:00,353.8,0,"Phường Liêm Tuyền, Tỉnh Ninh Bình",0.0,5.0,1,0,-0.8999999999999773,-0.17999999999999544,356.4,3.422426040164387,5.0,1,Stopped,0,0,0,0,0,VALID,VALID
35H-09245,2026-08-05 14:45:00,352.5,0,"Phường Liêm Tuyền, Tỉnh Ninh Bình",0.0,5.0,1,0,-1.3000000000000114,-0.2600000000000023,354.7,3.0946728422239147,5.0,1,Stopped,0,0,0,0,0,VALID,VALID
35H-09245,2026-08-05 14:50:00,352.7,0,"Phường Liêm Tuyền, Tỉnh Ninh Bình",0.0,5.0,1,0,0.19999999999998863,0.039999999999997725,353.8,1.5990622253060784,5.0,1,Stopped,0,0,0,0,0,VALID,VALID
35H-09245,2026-08-05 14:55:00,353.1,0,"Phường Liêm Tuyền, Tỉnh Ninh Bình",0.0,5.0,1,0,0.4000000000000341,0.08000000000000682,353.1,0.898888202393365,5.0,1,Stopped,0,0,0,0,0,VALID,VALID
35H-09245,2026-08-05 15:00:00,353.1,0,"Phường Liêm Tuyền, Tỉnh Ninh Bình",0.0,5.0,1,0,0.0,0.0,353.1,0.49799598432371556,5.0,1,Stopped,0,0,0,0,0,VALID,VALID
35H-09245,2026-08-05 15:05:00,353.1,0,"Phường Liêm Tuyền, Tỉnh Ninh Bình",0.0,5.0,1,0,0.0,0.0,353.1,0.28284271318665555,5.0,1,Stopped,0,0,0,0,0,VALID,VALID
35H-09245,2026-08-05 15:10:00,353.1,0,"Phường Liêm Tuyền, Tỉnh Ninh Bình",0.0,5.0,1,0,0.0,0.0,353.1,0.17888543932520895,5.0,1,Stopped,0,0,0,0,0,VALID,VALID
35H-09245,2026-08-05 15:15:00,352.7,0,"Phường Liêm Tuyền, Tỉnh Ninh Bình",0.0,5.0,1,0,-0.4000000000000341,-0.08000000000000682,353.1,0.17888543932520895,5.0,1,Stopped,0,0,0,0,0,VALID,VALID
35H-09245,2026-08-05 15:20:00,352.7,0,"Phường Liêm Tuyền, Tỉnh Ninh Bình",0.0,5.0,1,0,0.0,0.0,353.1,0.21908902392114388,5.0,1,Stopped,0,0,0,0,0,VALID,VALID
35H-09245,2026-08-05 15:25:00,352.7,0,"Phường Liêm Tuyền, Tỉnh Ninh Bình",0.0,5.0,1,0,0.0,0.0,352.7,0.2190890239214669,5.0,1,Stopped,0,0,0,0,0,VALID,VALID
35H-09245,2026-08-05 15:30:00,352.7,0,"Phường Liêm Tuyền, Tỉnh Ninh Bình",0.0,5.0,1,0,0.0,0.0,352.7,0.1788854393263958,5.0,1,Stopped,0,0,0,0,0,VALID,VALID
35H-09245,2026-08-05 15:35:00,352.7,0,"Phường Liêm Tuyền, Tỉnh Ninh Bình",0.0,5.0,1,0,0.0,0.0,352.7,0.0,5.0,1,Stopped,0,0,0,0,0,VALID,VALID
35H-09245,2026-08-05 15:40:00,352.9,0,"Phường Liêm Tuyền, Tỉnh Ninh Bình",0.0,5.0,1,0,0.19999999999998863,0.039999999999997725,352.7,0.08944272135318797,5.0,1,Stopped,0,0,0,0,0,VALID,VALID
35H-09245,2026-08-05 15:45:00,353.0,0,"Phường Liêm Tuyền, Tỉnh Ninh Bình",0.0,5.0,1,0,0.10000000000002274,0.02000000000000455,352.7,0.14142135766199046,5.0,1,Stopped,0,0,0,0,0,VALID,VALID
35H-09245,2026-08-05 15:50:00,353.1,0,"Phường Liêm Tuyền, Tỉnh Ninh Bình",0.0,5.0,1,0,0.10000000000002274,0.02000000000000455,352.9,0.17888543932591955,5.0,1,Stopped,0,0,0,0,0,VALID,VALID
35H-09245,2026-08-05 15:55:00,353.1,0,"Phường Liêm Tuyền, Tỉnh Ninh Bình",0.0,5.0,1,0,0.0,0.0,353.0,0.16733200651007926,5.0,1,Stopped,0,0,0,0,0,VALID,VALID
35H-09245,2026-08-05 16:00:00,353.0,0,"Phường Liêm Tuyền, Tỉnh Ninh Bình",0.0,5.0,1,0,-0.10000000000002274,-0.02000000000000455,353.0,0.083666005059286,5.0,1,Stopped,0,0,0,0,0,VALID,VALID
35H-09245,2026-08-05 16:05:00,353.0,0,"Phường Liêm Tuyền, Tỉnh Ninh Bình",0.0,5.0,1,0,0.0,0.0,353.0,0.05477225942521434,5.0,1,Stopped,0,0,0,0,0,VALID,VALID
35H-09245,2026-08-05 16:10:00,352.5,13,"Phường Liêm Tuyền, Tỉnh Ninh Bình",0.0,5.0,1,0,-0.5,-0.1,353.0,0.25099800876250067,5.0,1,Moving,0,0,0,0,0,VALID,VALID
35H-09245,2026-08-05 16:15:00,352.1,0,"Phường Liêm Tuyền, Tỉnh Ninh Bình",0.0,5.0,1,0,-0.39999999999997726,-0.07999999999999545,353.0,0.42778499319533275,5.0,1,Stopped,0,0,0,0,0,VALID,VALID
35H-09245,2026-08-05 16:20:00,352.9,0,"Phường Liêm Tuyền, Tỉnh Ninh Bình",0.0,5.0,1,0,0.7999999999999545,0.1599999999999909,352.9,0.3937003942126618,5.0,1,Stopped,0,0,0,0,0,VALID,VALID
35H-09245,2026-08-05 16:25:00,353.0,0,"Phường Liêm Tuyền, Tỉnh Ninh Bình",0.0,5.0,1,0,0.10000000000002274,0.02000000000000455,352.9,0.3937003942126618,5.0,1,Stopped,0,0,0,0,0,VALID,VALID
35H-09245,2026-08-05 16:30:00,353.1,0,"Phường Liêm Tuyền, Tỉnh Ninh Bình",0.0,5.0,1,0,0.10000000000002274,0.02000000000000455,352.9,0.414728827552623,5.0,1,Stopped,0,0,0,0,0,VALID,VALID
35H-09245,2026-08-05 16:35:00,353.2,0,"Phường Liêm Tuyền, Tỉnh Ninh Bình",0.0,5.0,1,0,0.0999999999999659,0.01999999999999318,353.0,0.43931765318833527,5.0,1,Stopped,0,0,0,0,0,VALID,VALID
35H-09245,2026-08-05 16:40:00,353.4,0,"Phường Liêm Tuyền, Tỉnh Ninh Bình",0.0,5.0,1,0,0.19999999999998863,0.039999999999997725,353.1,0.19235384166277864,5.0,1,Stopped,0,0,0,0,0,VALID,VALID
35H-09245,2026-08-05 16:45:00,353.4,0,"Phường Liêm Tuyền, Tỉnh Ninh Bình",0.0,5.0,1,0,0.0,0.0,353.2,0.17888543932428122,5.0,1,Stopped,0,0,0,0,0,VALID,VALID
35H-09245,2026-08-05 16:50:00,353.5,0,"Phường Liêm Tuyền, Tỉnh Ninh Bình",0.0,5.0,1,0,0.10000000000002274,0.02000000000000455,353.4,0.16431676847498694,5.0,1,Stopped,0,0,0,0,0,VALID,VALID
35H-09245,2026-08-05 16:55:00,353.8,0,"Phường Liêm Tuyền, Tỉnh Ninh Bình",0.0,5.0,1,0,0.30000000000001137,0.060000000000002274,353.4,0.21908902391907598,5.0,1,Stopped,0,0,0,0,0,VALID,VALID
35H-09245,2026-08-05 17:00:00,354.0,0,"Phường Liêm Tuyền, Tỉnh Ninh Bình",0.0,5.0,1,0,0.19999999999998863,0.039999999999997725,353.5,0.2683281580481817,5.0,1,Stopped,0,0,0,0,0,VALID,VALID
35H-09245,2026-08-05 17:05:00,353.8,0,"Phường Liêm Tuyền, Tỉnh Ninh Bình",0.0,5.0,1,0,-0.19999999999998863,-0.039999999999997725,353.8,0.24494897509765276,5.0,1,Stopped,0,0,0,0,0,VALID,VALID
35H-09245,2026-08-05 17:10:00,353.7,0,"Phường Liêm Tuyền, Tỉnh Ninh Bình",0.0,5.0,1,0,-0.10000000000002274,-0.02000000000000455,353.8,0.18165902235035564,5.0,1,Stopped,0,0,0,0,0,VALID,VALID
35H-09245,2026-08-05 17:15:00,353.5,34,"Phường Liêm Tuyền, Tỉnh Ninh Bình",0.0,5.0,1,0,-0.19999999999998863,-0.039999999999997725,353.8,0.18165902235035564,5.0,1,Moving,0,0,0,0,0,VALID,VALID
35H-09245,2026-08-05 17:20:00,351.4,17,"Nam Định - Phủ Lý, Phường Liêm Tuyền, Tỉnh Ninh Bình",0.0,5.0,1,0,-2.1000000000000227,-0.42000000000000454,353.7,1.066302021193861,5.0,1,Moving,0,0,0,0,0,VALID,VALID
35H-09245,2026-08-05 17:25:00,349.8,60,"Tỉnh Lộ 494, Xã Liêm Hà, Tỉnh Ninh Bình",0.0,5.0,1,0,-1.599999999999966,-0.3199999999999932,353.5,1.7756688881667924,5.0,1,Moving,0,0,0,0,0,VALID,VALID
35H-09245,2026-08-05 17:30:00,349.0,49,"Quốc Lộ 1, Xã Liêm Hà, Tỉnh Ninh Bình",0.0,5.0,1,0,-0.8000000000000114,-0.16000000000000228,351.4,2.1206131189835307,5.0,1,Moving,0,0,0,0,0,VALID,VALID
35H-09245,2026-08-05 17:35:00,348.1,0,"Lê Hoàn, Phường Phủ Lý, Tỉnh Ninh Bình",0.0,5.0,1,0,-0.8999999999999773,-0.17999999999999544,349.8,2.133775995836218,5.0,1,Stopped,0,0,0,0,0,VALID,VALID
35H-09245,2026-08-05 17:40:00,349.2,0,"Lê Chân, Phường Phù Vân, Tỉnh Ninh Bình",0.0,5.0,1,0,1.099999999999966,0.21999999999999317,349.2,1.2247448715582387,5.0,1,Stopped,0,0,0,0,0,VALID,VALID
35H-09245,2026-08-05 17:45:00,348.7,0,"Lê Chân, Phường Phù Vân, Tỉnh Ninh Bình",0.0,5.0,1,0,-0.5,-0.1,349.0,0.626897121072565,5.0,1,Stopped,0,0,0,0,0,VALID,VALID
35H-09245,2026-08-05 17:50:00,348.8,0,"Lê Chân, Phường Phù Vân, Tỉnh Ninh Bình",0.0,5.0,1,0,0.10000000000002274,0.02000000000000455,348.8,0.4159326873538121,5.0,1,Stopped,0,0,0,0,0,VALID,VALID
35H-09245,2026-08-05 17:55:00,348.9,0,"Lê Chân, Phường Phù Vân, Tỉnh Ninh Bình",0.0,5.0,1,0,0.0999999999999659,0.01999999999999318,348.8,0.4037325852707361,5.0,1,Stopped,0,0,0,0,0,VALID,VALID
35H-09245,2026-08-05 18:00:00,349.0,0,"Lê Chân, Phường Phù Vân, Tỉnh Ninh Bình",0.0,5.0,1,0,0.10000000000002274,0.02000000000000455,348.9,0.19235384168016578,5.0,1,Stopped,0,0,0,0,0,VALID,VALID
35H-09245,2026-08-05 18:05:00,349.0,0,"Lê Chân, Phường Phù Vân, Tỉnh Ninh Bình",0.0,5.0,1,0,0.0,0.0,348.9,0.13038404967320008,5.0,1,Stopped,0,0,0,0,0,VALID,VALID
35H-09245,2026-08-05 18:10:00,349.0,0,"Lê Chân, Phường Phù Vân, Tỉnh Ninh Bình",0.0,5.0,1,0,0.0,0.0,349.0,0.08944272138681633,5.0,1,Stopped,0,0,0,0,0,VALID,VALID
35H-09245,2026-08-05 18:15:00,349.1,0,"Lê Chân, Phường Phù Vân, Tỉnh Ninh Bình",0.0,5.0,1,0,0.10000000000002274,0.02000000000000455,349.0,0.07071068101059169,5.0,1,Stopped,0,0,0,0,0,VALID,VALID
35H-09245,2026-08-05 18:20:00,349.2,0,"Lê Chân, Phường Phù Vân, Tỉnh Ninh Bình",0.0,5.0,1,0,0.0999999999999659,0.01999999999999318,349.0,0.08944272138567239,5.0,1,Stopped,0,0,0,0,0,VALID,VALID
35H-09245,2026-08-05 18:25:00,349.2,0,"Lê Chân, Phường Phù Vân, Tỉnh Ninh Bình",0.0,5.0,1,0,0.0,0.0,349.1,0.1000000020440382,5.0,1,Stopped,0,0,0,0,0,VALID,VALID
35H-09245,2026-08-05 18:30:00,349.2,0,"Lê Chân, Phường Phù Vân, Tỉnh Ninh Bình",0.0,5.0,1,0,0.0,0.0,349.2,0.08944272138493835,5.0,1,Stopped,0,0,0,0,0,VALID,VALID
35H-09245,2026-08-05 18:35:00,349.2,0,"Lê Chân, Phường Phù Vân, Tỉnh Ninh Bình",0.0,5.0,1,0,0.0,0.0,349.2,0.04472136411921278,5.0,1,Stopped,0,0,0,0,0,VALID,VALID
35H-09245,2026-08-05 18:40:00,349.2,0,"Lê Chân, Phường Phù Vân, Tỉnh Ninh Bình",0.0,5.0,1,0,0.0,0.0,349.2,0.0,5.0,1,Stopped,0,0,0,0,0,VALID,VALID
35H-09245,2026-08-05 18:45:00,349.2,0,"Lê Chân, Phường Phù Vân, Tỉnh Ninh Bình",0.0,5.0,1,0,0.0,0.0,349.2,0.0,5.0,1,Stopped,0,0,0,0,0,VALID,VALID
35H-09245,2026-08-05 18:50:00,349.2,0,"Lê Chân, Phường Phù Vân, Tỉnh Ninh Bình",0.0,5.0,1,0,0.0,0.0,349.2,0.0,5.0,1,Stopped,0,0,0,0,0,VALID,VALID
35H-09245,2026-08-05 18:55:00,349.2,0,"Lê Chân, Phường Phù Vân, Tỉnh Ninh Bình",0.0,5.0,1,0,0.0,0.0,349.2,0.0,5.0,1,Stopped,0,0,0,0,0,VALID,VALID
35H-09245,2026-08-05 19:00:00,349.2,0,"Lê Chân, Phường Phù Vân, Tỉnh Ninh Bình",0.0,5.0,1,0,0.0,0.0,349.2,0.0,5.0,1,Stopped,0,0,0,0,0,VALID,VALID
35H-09245,2026-08-05 19:05:00,349.2,0,"Lê Chân, Phường Phù Vân, Tỉnh Ninh Bình",0.0,5.0,1,0,0.0,0.0,349.2,0.0,5.0,1,Stopped,0,0,0,0,0,VALID,VALID
35H-09245,2026-08-05 19:10:00,349.2,0,"Lê Chân, Phường Phù Vân, Tỉnh Ninh Bình",0.0,5.0,1,0,0.0,0.0,349.2,0.0,5.0,1,Stopped,0,0,0,0,0,VALID,VALID
35H-09245,2026-08-05 19:15:00,349.2,0,"Lê Chân, Phường Phù Vân, Tỉnh Ninh Bình",0.0,5.0,1,0,0.0,0.0,349.2,0.0,5.0,1,Stopped,0,0,0,0,0,VALID,VALID
35H-09245,2026-08-05 19:20:00,349.2,0,"Lê Chân, Phường Phù Vân, Tỉnh Ninh Bình",0.0,5.0,1,0,0.0,0.0,349.2,0.0,5.0,1,Stopped,0,0,0,0,0,VALID,VALID
35H-09245,2026-08-05 19:25:00,349.2,0,"Lê Chân, Phường Phù Vân, Tỉnh Ninh Bình",0.0,5.0,1,0,0.0,0.0,349.2,0.0,5.0,1,Stopped,0,0,0,0,0,VALID,VALID
35H-09245,2026-08-05 19:30:00,349.2,0,"Lê Chân, Phường Phù Vân, Tỉnh Ninh Bình",0.0,5.0,1,0,0.0,0.0,349.2,0.0,5.0,1,Stopped,0,0,0,0,0,VALID,VALID
35H-09245,2026-08-05 19:35:00,349.2,0,"Lê Chân, Phường Phù Vân, Tỉnh Ninh Bình",0.0,5.0,1,0,0.0,0.0,349.2,0.0,5.0,1,Stopped,0,0,0,0,0,VALID,VALID
35H-09245,2026-08-05 19:40:00,349.2,0,"Lê Chân, Phường Phù Vân, Tỉnh Ninh Bình",0.0,5.0,1,0,0.0,0.0,349.2,0.0,5.0,1,Stopped,0,0,0,0,0,VALID,VALID
35H-09245,2026-08-05 19:45:00,349.2,0,"Lê Chân, Phường Phù Vân, Tỉnh Ninh Bình",0.0,5.0,1,0,0.0,0.0,349.2,0.0,5.0,1,Stopped,0,0,0,0,0,VALID,VALID
35H-09245,2026-08-05 19:50:00,349.2,0,"Lê Chân, Phường Phù Vân, Tỉnh Ninh Bình",0.0,5.0,1,0,0.0,0.0,349.2,0.0,5.0,1,Stopped,0,0,0,0,0,VALID,VALID
35H-09245,2026-08-05 19:55:00,349.2,0,"Lê Chân, Phường Phù Vân, Tỉnh Ninh Bình",0.0,5.0,1,0,0.0,0.0,349.2,0.0,5.0,1,Stopped,0,0,0,0,0,VALID,VALID
35H-09245,2026-08-05 20:00:00,349.2,0,"Lê Chân, Phường Phù Vân, Tỉnh Ninh Bình",0.0,5.0,1,0,0.0,0.0,349.2,0.0,5.0,1,Stopped,0,0,0,0,0,VALID,VALID
35H-09245,2026-08-05 20:05:00,349.2,0,"Lê Chân, Phường Phù Vân, Tỉnh Ninh Bình",0.0,5.0,1,0,0.0,0.0,349.2,0.0,5.0,1,Stopped,0,0,0,0,0,VALID,VALID
35H-09245,2026-08-05 20:10:00,349.2,0,"Lê Chân, Phường Phù Vân, Tỉnh Ninh Bình",0.0,5.0,1,0,0.0,0.0,349.2,0.0,5.0,1,Stopped,0,0,0,0,0,VALID,VALID
35H-09245,2026-08-05 20:15:00,349.2,0,"Lê Chân, Phường Phù Vân, Tỉnh Ninh Bình",0.0,5.0,1,0,0.0,0.0,349.2,0.0,5.0,1,Stopped,0,0,0,0,0,VALID,VALID
35H-09245,2026-08-05 20:20:00,349.2,0,"Lê Chân, Phường Phù Vân, Tỉnh Ninh Bình",0.0,5.0,1,0,0.0,0.0,349.2,0.0,5.0,1,Stopped,0,0,0,0,0,VALID,VALID
35H-09245,2026-08-05 20:25:00,349.2,0,"Lê Chân, Phường Phù Vân, Tỉnh Ninh Bình",0.0,5.0,1,0,0.0,0.0,349.2,0.0,5.0,1,Stopped,0,0,0,0,0,VALID,VALID
35H-09245,2026-08-05 20:30:00,349.2,0,"Lê Chân, Phường Phù Vân, Tỉnh Ninh Bình",0.0,5.0,1,0,0.0,0.0,349.2,0.0,5.0,1,Stopped,0,0,0,0,0,VALID,VALID
35H-09245,2026-08-05 20:35:00,349.2,0,"Lê Chân, Phường Phù Vân, Tỉnh Ninh Bình",0.0,5.0,1,0,0.0,0.0,349.2,0.0,5.0,1,Stopped,0,0,0,0,0,VALID,VALID
35H-09245,2026-08-05 20:40:00,349.2,0,"Lê Chân, Phường Phù Vân, Tỉnh Ninh Bình",0.0,5.0,1,0,0.0,0.0,349.2,0.0,5.0,1,Stopped,0,0,0,0,0,VALID,VALID
35H-09245,2026-08-05 20:45:00,349.2,0,"Lê Chân, Phường Phù Vân, Tỉnh Ninh Bình",0.0,5.0,1,0,0.0,0.0,349.2,0.0,5.0,1,Stopped,0,0,0,0,0,VALID,VALID
35H-09245,2026-08-05 20:50:00,349.2,0,"Lê Chân, Phường Phù Vân, Tỉnh Ninh Bình",0.0,5.0,1,0,0.0,0.0,349.2,0.0,5.0,1,Stopped,0,0,0,0,0,VALID,VALID
35H-09245,2026-08-05 20:55:00,349.1,0,"Lê Chân, Phường Phù Vân, Tỉnh Ninh Bình",0.0,5.0,1,0,-0.0999999999999659,-0.01999999999999318,349.2,0.04472136411921278,5.0,1,Stopped,0,0,0,0,0,VALID,VALID
35H-09245,2026-08-05 21:00:00,349.1,0,"Lê Chân, Phường Phù Vân, Tỉnh Ninh Bình",0.0,5.0,1,0,0.0,0.0,349.2,0.05477225948153227,5.0,1,Stopped,0,0,0,0,0,VALID,VALID
35H-09245,2026-08-05 21:05:00,349.1,0,"Lê Chân, Phường Phù Vân, Tỉnh Ninh Bình",0.0,5.0,1,0,0.0,0.0,349.1,0.05477225948180859,5.0,1,Stopped,0,0,0,0,0,VALID,VALID
35H-09245,2026-08-05 21:10:00,349.1,0,"Lê Chân, Phường Phù Vân, Tỉnh Ninh Bình",0.0,5.0,1,0,0.0,0.0,349.1,0.04472136412022804,5.0,1,Stopped,0,0,0,0,0,VALID,VALID
35H-09245,2026-08-05 21:15:00,349.1,0,"Lê Chân, Phường Phù Vân, Tỉnh Ninh Bình",0.0,5.0,1,0,0.0,0.0,349.1,0.0,5.0,1,Stopped,0,0,0,0,0,VALID,VALID
35H-09245,2026-08-05 21:20:00,349.1,0,"Lê Chân, Phường Phù Vân, Tỉnh Ninh Bình",0.0,5.0,1,0,0.0,0.0,349.1,0.0,5.0,1,Stopped,0,0,0,0,0,VALID,VALID
35H-09245,2026-08-05 21:25:00,349.1,0,"Lê Chân, Phường Phù Vân, Tỉnh Ninh Bình",0.0,5.0,1,0,0.0,0.0,349.1,0.0,5.0,1,Stopped,0,0,0,0,0,VALID,VALID
35H-09245,2026-08-05 21:30:00,349.1,0,"Lê Chân, Phường Phù Vân, Tỉnh Ninh Bình",0.0,5.0,1,0,0.0,0.0,349.1,0.0,5.0,1,Stopped,0,0,0,0,0,VALID,VALID
35H-09245,2026-08-05 21:35:00,349.1,0,"Lê Chân, Phường Phù Vân, Tỉnh Ninh Bình",0.0,5.0,1,0,0.0,0.0,349.1,0.0,5.0,1,Stopped,0,0,0,0,0,VALID,VALID
35H-09245,2026-08-05 21:40:00,349.1,0,"Lê Chân, Phường Phù Vân, Tỉnh Ninh Bình",0.0,5.0,1,0,0.0,0.0,349.1,0.0,5.0,1,Stopped,0,0,0,0,0,VALID,VALID
35H-09245,2026-08-05 21:45:00,349.1,0,"Lê Chân, Phường Phù Vân, Tỉnh Ninh Bình",0.0,5.0,1,0,0.0,0.0,349.1,0.0,5.0,1,Stopped,0,0,0,0,0,VALID,VALID
35H-09245,2026-08-05 21:50:00,349.1,0,"Lê Chân, Phường Phù Vân, Tỉnh Ninh Bình",0.0,5.0,1,0,0.0,0.0,349.1,0.0,5.0,1,Stopped,0,0,0,0,0,VALID,VALID
35H-09245,2026-08-05 21:55:00,349.1,0,"Lê Chân, Phường Phù Vân, Tỉnh Ninh Bình",0.0,5.0,1,0,0.0,0.0,349.1,0.0,5.0,1,Stopped,0,0,0,0,0,VALID,VALID
35H-09245,2026-08-05 22:00:00,349.1,0,"Lê Chân, Phường Phù Vân, Tỉnh Ninh Bình",0.0,5.0,1,0,0.0,0.0,349.1,0.0,5.0,1,Stopped,0,0,0,0,0,VALID,VALID
35H-09245,2026-08-05 22:05:00,349.1,0,"Lê Chân, Phường Phù Vân, Tỉnh Ninh Bình",0.0,5.0,1,0,0.0,0.0,349.1,0.0,5.0,1,Stopped,0,0,0,0,0,VALID,VALID
35H-09245,2026-08-05 22:10:00,349.1,0,"Lê Chân, Phường Phù Vân, Tỉnh Ninh Bình",0.0,5.0,1,0,0.0,0.0,349.1,0.0,5.0,1,Stopped,0,0,0,0,0,VALID,VALID
35H-09245,2026-08-05 22:15:00,349.1,0,"Lê Chân, Phường Phù Vân, Tỉnh Ninh Bình",0.0,5.0,1,0,0.0,0.0,349.1,0.0,5.0,1,Stopped,0,0,0,0,0,VALID,VALID
35H-09245,2026-08-05 22:20:00,349.1,0,"Lê Chân, Phường Phù Vân, Tỉnh Ninh Bình",0.0,5.0,1,0,0.0,0.0,349.1,0.0,5.0,1,Stopped,0,0,0,0,0,VALID,VALID
35H-09245,2026-08-05 22:25:00,349.1,0,"Lê Chân, Phường Phù Vân, Tỉnh Ninh Bình",0.0,5.0,1,0,0.0,0.0,349.1,0.0,5.0,1,Stopped,0,0,0,0,0,VALID,VALID
35H-09245,2026-08-05 22:30:00,349.1,0,"Lê Chân, Phường Phù Vân, Tỉnh Ninh Bình",0.0,5.0,1,0,0.0,0.0,349.1,0.0,5.0,1,Stopped,0,0,0,0,0,VALID,VALID
35H-09245,2026-08-05 22:35:00,349.1,0,"Lê Chân, Phường Phù Vân, Tỉnh Ninh Bình",0.0,5.0,1,0,0.0,0.0,349.1,0.0,5.0,1,Stopped,0,0,0,0,0,VALID,VALID
35H-09245,2026-08-05 22:40:00,349.1,0,"Lê Chân, Phường Phù Vân, Tỉnh Ninh Bình",0.0,5.0,1,0,0.0,0.0,349.1,0.0,5.0,1,Stopped,0,0,0,0,0,VALID,VALID
35H-09245,2026-08-05 22:45:00,349.1,0,"Lê Chân, Phường Phù Vân, Tỉnh Ninh Bình",0.0,5.0,1,0,0.0,0.0,349.1,0.0,5.0,1,Stopped,0,0,0,0,0,VALID,VALID
35H-09245,2026-08-05 22:50:00,349.1,0,"Lê Chân, Phường Phù Vân, Tỉnh Ninh Bình",0.0,5.0,1,0,0.0,0.0,349.1,0.0,5.0,1,Stopped,0,0,0,0,0,VALID,VALID
35H-09245,2026-08-05 22:55:00,349.1,0,"Lê Chân, Phường Phù Vân, Tỉnh Ninh Bình",0.0,5.0,1,0,0.0,0.0,349.1,0.0,5.0,1,Stopped,0,0,0,0,0,VALID,VALID
35H-09245,2026-08-05 23:00:00,349.1,0,"Lê Chân, Phường Phù Vân, Tỉnh Ninh Bình",0.0,5.0,1,0,0.0,0.0,349.1,0.0,5.0,1,Stopped,0,0,0,0,0,VALID,VALID
35H-09245,2026-08-05 23:05:00,349.1,0,"Lê Chân, Phường Phù Vân, Tỉnh Ninh Bình",0.0,5.0,1,0,0.0,0.0,349.1,0.0,5.0,1,Stopped,0,0,0,0,0,VALID,VALID
35H-09245,2026-08-05 23:10:00,349.1,0,"Lê Chân, Phường Phù Vân, Tỉnh Ninh Bình",0.0,5.0,1,0,0.0,0.0,349.1,0.0,5.0,1,Stopped,0,0,0,0,0,VALID,VALID
35H-09245,2026-08-05 23:15:00,349.1,0,"Lê Chân, Phường Phù Vân, Tỉnh Ninh Bình",0.0,5.0,1,0,0.0,0.0,349.1,0.0,5.0,1,Stopped,0,0,0,0,0,VALID,VALID
35H-09245,2026-08-05 23:20:00,349.2,0,"Lê Chân, Phường Phù Vân, Tỉnh Ninh Bình",0.0,5.0,1,0,0.0999999999999659,0.01999999999999318,349.1,0.04472136412022804,5.0,1,Stopped,0,0,0,0,0,VALID,VALID
35H-09245,2026-08-05 23:25:00,349.2,0,"Lê Chân, Phường Phù Vân, Tỉnh Ninh Bình",0.0,5.0,1,0,0.0,0.0,349.1,0.05477225948180859,5.0,1,Stopped,0,0,0,0,0,VALID,VALID
35H-09245,2026-08-05 23:30:00,349.2,0,"Lê Chân, Phường Phù Vân, Tỉnh Ninh Bình",0.0,5.0,1,0,0.0,0.0,349.2,0.05477225948153227,5.0,1,Stopped,0,0,0,0,0,VALID,VALID
35H-09245,2026-08-05 23:35:00,349.2,0,"Lê Chân, Phường Phù Vân, Tỉnh Ninh Bình",0.0,5.0,1,0,0.0,0.0,349.2,0.04472136411921278,5.0,1,Stopped,0,0,0,0,0,VALID,VALID
35H-09245,2026-08-05 23:40:00,349.2,0,"Lê Chân, Phường Phù Vân, Tỉnh Ninh Bình",0.0,5.0,1,0,0.0,0.0,349.2,0.0,5.0,1,Stopped,0,0,0,0,0,VALID,VALID
35H-09245,2026-08-05 23:45:00,349.2,0,"Lê Chân, Phường Phù Vân, Tỉnh Ninh Bình",0.0,5.0,1,0,0.0,0.0,349.2,0.0,5.0,1,Stopped,0,0,0,0,0,VALID,VALID
35H-09245,2026-08-05 23:50:00,349.2,0,"Lê Chân, Phường Phù Vân, Tỉnh Ninh Bình",0.0,5.0,1,0,0.0,0.0,349.2,0.0,5.0,1,Stopped,0,0,0,0,0,VALID,VALID
35H-09245,2026-08-05 23:55:00,349.2,0,"Lê Chân, Phường Phù Vân, Tỉnh Ninh Bình",0.0,5.0,1,0,0.0,0.0,349.2,0.0,5.0,1,Stopped,0,0,0,0,0,VALID,VALID
35H-09245,2026-08-06 00:00:00,349.2,0,"Lê Chân, Phường Phù Vân, Tỉnh Ninh Bình",0.0,5.0,1,0,0.0,0.0,349.2,0.0,5.0,1,Stopped,0,0,0,0,0,VALID,VALID
35H-09245,2026-08-06 00:05:00,349.2,0,"Lê Chân, Phường Phù Vân, Tỉnh Ninh Bình",0.0,5.0,1,0,0.0,0.0,349.2,0.0,5.0,1,Stopped,0,0,0,0,0,VALID,VALID
35H-09245,2026-08-06 00:10:00,349.2,0,"Lê Chân, Phường Phù Vân, Tỉnh Ninh Bình",0.0,5.0,1,0,0.0,0.0,349.2,0.0,5.0,1,Stopped,0,0,0,0,0,VALID,VALID
35H-09245,2026-08-06 00:15:00,349.2,0,"Lê Chân, Phường Phù Vân, Tỉnh Ninh Bình",0.0,5.0,1,0,0.0,0.0,349.2,0.0,5.0,1,Stopped,0,0,0,0,0,VALID,VALID
35H-09245,2026-08-06 00:20:00,349.2,0,"Lê Chân, Phường Phù Vân, Tỉnh Ninh Bình",0.0,5.0,1,0,0.0,0.0,349.2,0.0,5.0,1,Stopped,0,0,0,0,0,VALID,VALID
35H-09245,2026-08-06 00:25:00,349.2,0,"Lê Chân, Phường Phù Vân, Tỉnh Ninh Bình",0.0,5.0,1,0,0.0,0.0,349.2,0.0,5.0,1,Stopped,0,0,0,0,0,VALID,VALID
35H-09245,2026-08-06 00:30:00,349.2,0,"Lê Chân, Phường Phù Vân, Tỉnh Ninh Bình",0.0,5.0,1,0,0.0,0.0,349.2,0.0,5.0,1,Stopped,0,0,0,0,0,VALID,VALID
35H-09245,2026-08-06 00:35:00,349.2,0,"Lê Chân, Phường Phù Vân, Tỉnh Ninh Bình",0.0,5.0,1,0,0.0,0.0,349.2,0.0,5.0,1,Stopped,0,0,0,0,0,VALID,VALID
35H-09245,2026-08-06 00:40:00,349.2,0,"Lê Chân, Phường Phù Vân, Tỉnh Ninh Bình",0.0,5.0,1,0,0.0,0.0,349.2,0.0,5.0,1,Stopped,0,0,0,0,0,VALID,VALID
35H-09245,2026-08-06 00:45:00,349.2,0,"Lê Chân, Phường Phù Vân, Tỉnh Ninh Bình",0.0,5.0,1,0,0.0,0.0,349.2,0.0,5.0,1,Stopped,0,0,0,0,0,VALID,VALID
35H-09245,2026-08-06 00:50:00,349.2,0,"Lê Chân, Phường Phù Vân, Tỉnh Ninh Bình",0.0,5.0,1,0,0.0,0.0,349.2,0.0,5.0,1,Stopped,0,0,0,0,0,VALID,VALID
35H-09245,2026-08-06 00:55:00,349.2,0,"Lê Chân, Phường Phù Vân, Tỉnh Ninh Bình",0.0,5.0,1,0,0.0,0.0,349.2,0.0,5.0,1,Stopped,0,0,0,0,0,VALID,VALID
35H-09245,2026-08-06 01:00:00,349.2,0,"Lê Chân, Phường Phù Vân, Tỉnh Ninh Bình",0.0,5.0,1,0,0.0,0.0,349.2,0.0,5.0,1,Stopped,0,0,0,0,0,VALID,VALID
35H-09245,2026-08-06 01:05:00,349.2,0,"Lê Chân, Phường Phù Vân, Tỉnh Ninh Bình",0.0,5.0,1,0,0.0,0.0,349.2,0.0,5.0,1,Stopped,0,0,0,0,0,VALID,VALID
35H-09245,2026-08-06 01:10:00,349.2,0,"Lê Chân, Phường Phù Vân, Tỉnh Ninh Bình",0.0,5.0,1,0,0.0,0.0,349.2,0.0,5.0,1,Stopped,0,0,0,0,0,VALID,VALID
35H-09245,2026-08-06 01:15:00,349.2,0,"Lê Chân, Phường Phù Vân, Tỉnh Ninh Bình",0.0,5.0,1,0,0.0,0.0,349.2,0.0,5.0,1,Stopped,0,0,0,0,0,VALID,VALID
35H-09245,2026-08-06 01:20:00,349.2,0,"Lê Chân, Phường Phù Vân, Tỉnh Ninh Bình",0.0,5.0,1,0,0.0,0.0,349.2,0.0,5.0,1,Stopped,0,0,0,0,0,VALID,VALID
35H-09245,2026-08-06 01:25:00,349.2,0,"Lê Chân, Phường Phù Vân, Tỉnh Ninh Bình",0.0,5.0,1,0,0.0,0.0,349.2,0.0,5.0,1,Stopped,0,0,0,0,0,VALID,VALID
35H-09245,2026-08-06 01:30:00,349.2,0,"Lê Chân, Phường Phù Vân, Tỉnh Ninh Bình",0.0,5.0,1,0,0.0,0.0,349.2,0.0,5.0,1,Stopped,0,0,0,0,0,VALID,VALID
35H-09245,2026-08-06 01:35:00,349.2,0,"Lê Chân, Phường Phù Vân, Tỉnh Ninh Bình",0.0,5.0,1,0,0.0,0.0,349.2,0.0,5.0,1,Stopped,0,0,0,0,0,VALID,VALID
35H-09245,2026-08-06 01:40:00,349.2,0,"Lê Chân, Phường Phù Vân, Tỉnh Ninh Bình",0.0,5.0,1,0,0.0,0.0,349.2,0.0,5.0,1,Stopped,0,0,0,0,0,VALID,VALID
35H-09245,2026-08-06 01:45:00,349.2,0,"Lê Chân, Phường Phù Vân, Tỉnh Ninh Bình",0.0,5.0,1,0,0.0,0.0,349.2,0.0,5.0,1,Stopped,0,0,0,0,0,VALID,VALID
35H-09245,2026-08-06 01:50:00,349.2,0,"Lê Chân, Phường Phù Vân, Tỉnh Ninh Bình",0.0,5.0,1,0,0.0,0.0,349.2,0.0,5.0,1,Stopped,0,0,0,0,0,VALID,VALID
35H-09245,2026-08-06 01:55:00,349.2,0,"Lê Chân, Phường Phù Vân, Tỉnh Ninh Bình",0.0,5.0,1,0,0.0,0.0,349.2,0.0,5.0,1,Stopped,0,0,0,0,0,VALID,VALID
35H-09245,2026-08-06 02:00:00,349.2,0,"Lê Chân, Phường Phù Vân, Tỉnh Ninh Bình",0.0,5.0,1,0,0.0,0.0,349.2,0.0,5.0,1,Stopped,0,0,0,0,0,VALID,VALID
35H-09245,2026-08-06 02:05:00,349.2,0,"Lê Chân, Phường Phù Vân, Tỉnh Ninh Bình",0.0,5.0,1,0,0.0,0.0,349.2,0.0,5.0,1,Stopped,0,0,0,0,0,VALID,VALID
35H-09245,2026-08-06 02:10:00,349.2,0,"Lê Chân, Phường Phù Vân, Tỉnh Ninh Bình",0.0,5.0,1,0,0.0,0.0,349.2,0.0,5.0,1,Stopped,0,0,0,0,0,VALID,VALID
35H-09245,2026-08-06 02:15:00,349.2,0,"Lê Chân, Phường Phù Vân, Tỉnh Ninh Bình",0.0,5.0,1,0,0.0,0.0,349.2,0.0,5.0,1,Stopped,0,0,0,0,0,VALID,VALID
35H-09245,2026-08-06 02:20:00,349.2,0,"Lê Chân, Phường Phù Vân, Tỉnh Ninh Bình",0.0,5.0,1,0,0.0,0.0,349.2,0.0,5.0,1,Stopped,0,0,0,0,0,VALID,VALID
35H-09245,2026-08-06 02:25:00,349.2,0,"Lê Chân, Phường Phù Vân, Tỉnh Ninh Bình",0.0,5.0,1,0,0.0,0.0,349.2,0.0,5.0,1,Stopped,0,0,0,0,0,VALID,VALID
35H-09245,2026-08-06 02:30:00,349.2,0,"Lê Chân, Phường Phù Vân, Tỉnh Ninh Bình",0.0,5.0,1,0,0.0,0.0,349.2,0.0,5.0,1,Stopped,0,0,0,0,0,VALID,VALID
35H-09245,2026-08-06 02:35:00,349.2,0,"Lê Chân, Phường Phù Vân, Tỉnh Ninh Bình",0.0,5.0,1,0,0.0,0.0,349.2,0.0,5.0,1,Stopped,0,0,0,0,0,VALID,VALID
35H-09245,2026-08-06 02:40:00,349.2,0,"Lê Chân, Phường Phù Vân, Tỉnh Ninh Bình",0.0,5.0,1,0,0.0,0.0,349.2,0.0,5.0,1,Stopped,0,0,0,0,0,VALID,VALID
35H-09245,2026-08-06 02:45:00,349.2,0,"Lê Chân, Phường Phù Vân, Tỉnh Ninh Bình",0.0,5.0,1,0,0.0,0.0,349.2,0.0,5.0,1,Stopped,0,0,0,0,0,VALID,VALID
35H-09245,2026-08-06 02:50:00,349.2,0,"Lê Chân, Phường Phù Vân, Tỉnh Ninh Bình",0.0,5.0,1,0,0.0,0.0,349.2,0.0,5.0,1,Stopped,0,0,0,0,0,VALID,VALID
35H-09245,2026-08-06 02:55:00,349.2,0,"Lê Chân, Phường Phù Vân, Tỉnh Ninh Bình",0.0,5.0,1,0,0.0,0.0,349.2,0.0,5.0,1,Stopped,0,0,0,0,0,VALID,VALID
35H-09245,2026-08-06 03:00:00,349.2,0,"Lê Chân, Phường Phù Vân, Tỉnh Ninh Bình",0.0,5.0,1,0,0.0,0.0,349.2,0.0,5.0,1,Stopped,0,0,0,0,0,VALID,VALID
35H-09245,2026-08-06 03:05:00,349.2,0,"Lê Chân, Phường Phù Vân, Tỉnh Ninh Bình",0.0,5.0,1,0,0.0,0.0,349.2,0.0,5.0,1,Stopped,0,0,0,0,0,VALID,VALID
35H-09245,2026-08-06 03:10:00,349.2,0,"Lê Chân, Phường Phù Vân, Tỉnh Ninh Bình",0.0,5.0,1,0,0.0,0.0,349.2,0.0,5.0,1,Stopped,0,0,0,0,0,VALID,VALID
35H-09245,2026-08-06 03:15:00,349.2,0,"Lê Chân, Phường Phù Vân, Tỉnh Ninh Bình",0.0,5.0,1,0,0.0,0.0,349.2,0.0,5.0,1,Stopped,0,0,0,0,0,VALID,VALID
35H-09245,2026-08-06 03:20:00,349.2,0,"Lê Chân, Phường Phù Vân, Tỉnh Ninh Bình",0.0,5.0,1,0,0.0,0.0,349.2,0.0,5.0,1,Stopped,0,0,0,0,0,VALID,VALID
35H-09245,2026-08-06 03:25:00,349.2,0,"Lê Chân, Phường Phù Vân, Tỉnh Ninh Bình",0.0,5.0,1,0,0.0,0.0,349.2,0.0,5.0,1,Stopped,0,0,0,0,0,VALID,VALID
35H-09245,2026-08-06 03:30:00,349.2,0,"Lê Chân, Phường Phù Vân, Tỉnh Ninh Bình",0.0,5.0,1,0,0.0,0.0,349.2,0.0,5.0,1,Stopped,0,0,0,0,0,VALID,VALID
35H-09245,2026-08-06 03:35:00,349.2,0,"Lê Chân, Phường Phù Vân, Tỉnh Ninh Bình",0.0,5.0,1,0,0.0,0.0,349.2,0.0,5.0,1,Stopped,0,0,0,0,0,VALID,VALID
35H-09245,2026-08-06 03:40:00,349.2,0,"Lê Chân, Phường Phù Vân, Tỉnh Ninh Bình",0.0,5.0,1,0,0.0,0.0,349.2,0.0,5.0,1,Stopped,0,0,0,0,0,VALID,VALID
35H-09245,2026-08-06 03:45:00,349.2,0,"Lê Chân, Phường Phù Vân, Tỉnh Ninh Bình",0.0,5.0,1,0,0.0,0.0,349.2,0.0,5.0,1,Stopped,0,0,0,0,0,VALID,VALID
35H-09245,2026-08-06 03:50:00,349.2,0,"Lê Chân, Phường Phù Vân, Tỉnh Ninh Bình",0.0,5.0,1,0,0.0,0.0,349.2,0.0,5.0,1,Stopped,0,0,0,0,0,VALID,VALID
35H-09245,2026-08-06 03:55:00,349.2,0,"Lê Chân, Phường Phù Vân, Tỉnh Ninh Bình",0.0,5.0,1,0,0.0,0.0,349.2,0.0,5.0,1,Stopped,0,0,0,0,0,VALID,VALID
35H-09245,2026-08-06 04:00:00,349.2,0,"Lê Chân, Phường Phù Vân, Tỉnh Ninh Bình",0.0,5.0,1,0,0.0,0.0,349.2,0.0,5.0,1,Stopped,0,0,0,0,0,VALID,VALID
35H-09245,2026-08-06 04:05:00,349.2,0,"Lê Chân, Phường Phù Vân, Tỉnh Ninh Bình",0.0,5.0,1,0,0.0,0.0,349.2,0.0,5.0,1,Stopped,0,0,0,0,0,VALID,VALID
35H-09245,2026-08-06 04:10:00,349.2,0,"Lê Chân, Phường Phù Vân, Tỉnh Ninh Bình",0.0,5.0,1,0,0.0,0.0,349.2,0.0,5.0,1,Stopped,0,0,0,0,0,VALID,VALID
35H-09245,2026-08-06 04:15:00,347.3,0,"Phường Phù Vân, Tỉnh Ninh Bình",0.0,5.0,1,0,-1.8999999999999773,-0.37999999999999545,349.2,0.8497058316907028,5.0,1,Stopped,0,0,0,0,0,VALID,VALID
35H-09245,2026-08-06 04:20:00,343.7,43,"Phan Trọng Tuệ, Phường Lý Thường Kiệt, Tỉnh Ninh Bình",0.0,5.0,1,0,-3.6000000000000227,-0.7200000000000045,349.2,2.3931151247716302,5.0,1,Moving,0,0,0,0,0,VALID,VALID
35H-09245,2026-08-06 04:25:00,344.7,0,"Phường Lý Thường Kiệt, Tỉnh Ninh Bình",0.0,5.0,1,0,1.0,0.2,347.3,2.5390943268047397,5.0,1,Stopped,0,0,0,0,0,VALID,VALID
35H-09245,2026-08-06 04:30:00,345.3,0,"Phường Lý Thường Kiệt, Tỉnh Ninh Bình",0.0,5.0,1,0,0.6000000000000227,0.12000000000000455,345.3,2.201817431217477,5.0,1,Stopped,0,0,0,0,0,VALID,VALID
35H-09245,2026-08-06 04:35:00,345.3,0,"Phường Lý Thường Kiệt, Tỉnh Ninh Bình",0.0,5.0,1,0,0.0,0.0,345.3,1.3145341381699829,5.0,1,Stopped,0,0,0,0,0,VALID,VALID
35H-09245,2026-08-06 04:40:00,345.2,0,"Phường Lý Thường Kiệt, Tỉnh Ninh Bình",0.0,5.0,1,0,-0.10000000000002274,-0.02000000000000455,345.2,0.6841052553627528,5.0,1,Stopped,0,0,0,0,0,VALID,VALID
35H-09245,2026-08-06 04:45:00,345.2,0,"Phường Lý Thường Kiệt, Tỉnh Ninh Bình",0.0,5.0,1,0,0.0,0.0,345.2,0.25099800878581735,5.0,1,Stopped,0,0,0,0,0,VALID,VALID
35H-09245,2026-08-06 04:50:00,345.2,0,"Phường Lý Thường Kiệt, Tỉnh Ninh Bình",0.0,5.0,1,0,0.0,0.0,345.2,0.05477225953242143,5.0,1,Stopped,0,0,0,0,0,VALID,VALID
35H-09245,2026-08-06 04:55:00,345.1,0,"Phường Lý Thường Kiệt, Tỉnh Ninh Bình",0.0,5.0,1,0,-0.0999999999999659,-0.01999999999999318,345.2,0.07071068104855775,5.0,1,Stopped,0,0,0,0,0,VALID,VALID
35H-09245,2026-08-06 05:00:00,344.6,0,"Phường Lý Thường Kiệt, Tỉnh Ninh Bình",0.0,5.0,1,0,-0.5,-0.1,345.2,0.2607680970030357,5.0,1,Stopped,0,0,0,0,0,VALID,VALID
35H-09245,2026-08-06 05:05:00,344.6,0,"Phường Lý Thường Kiệt, Tỉnh Ninh Bình",0.0,5.0,1,0,0.0,0.0,345.1,0.3130495175124789,5.0,1,Stopped,0,0,0,0,0,VALID,VALID
35H-09245,2026-08-06 05:10:00,344.6,0,"Phường Lý Thường Kiệt, Tỉnh Ninh Bình",0.0,5.0,1,0,0.0,0.0,344.6,0.30331501844619235,5.0,1,Stopped,0,0,0,0,0,VALID,VALID
35H-09245,2026-08-06 05:15:00,344.6,0,"Phường Lý Thường Kiệt, Tỉnh Ninh Bình",0.0,5.0,1,0,0.0,0.0,344.6,0.22360679867847646,5.0,1,Stopped,0,0,0,0,0,VALID,VALID
35H-09245,2026-08-06 05:20:00,344.6,0,"Phường Lý Thường Kiệt, Tỉnh Ninh Bình",0.0,5.0,1,0,0.0,0.0,344.6,0.0,5.0,1,Stopped,0,0,0,0,0,VALID,VALID
35H-09245,2026-08-06 05:25:00,343.6,0,"Phường Lý Thường Kiệt, Tỉnh Ninh Bình",0.0,5.0,1,0,-1.0,-0.2,344.6,0.44721359596481997,5.0,1,Stopped,0,0,0,0,0,VALID,VALID
35H-09245,2026-08-06 05:30:00,344.8,39,"Phan Trọng Tuệ, Phường Lý Thường Kiệt, Tỉnh Ninh Bình",0.0,5.0,1,0,1.1999999999999886,0.23999999999999772,344.6,0.47749345588784053,5.0,1,Moving,0,0,0,0,0,VALID,VALID
35H-09245,2026-08-06 05:35:00,343.2,0,"Ngô Gia Tự, Phường Lý Thường Kiệt, Tỉnh Ninh Bình",0.0,5.0,1,0,-1.6000000000000227,-0.32000000000000456,344.6,0.7127411875402,5.0,1,Stopped,0,0,0,0,0,VALID,VALID
35H-09245,2026-08-06 05:40:00,343.1,0,"Ngô Gia Tự, Phường Lý Thường Kiệt, Tỉnh Ninh Bình",0.0,5.0,1,0,-0.0999999999999659,-0.01999999999999318,343.6,0.792464510509285,5.0,1,Stopped,0,0,0,0,0,VALID,VALID
35H-09245,2026-08-06 05:45:00,341.2,48,"Phường Lý Thường Kiệt, Tỉnh Ninh Bình",0.0,5.0,1,0,-1.900000000000034,-0.38000000000000683,343.2,1.29691942711099,5.0,1,Moving,0,0,0,0,0,VALID,VALID
35H-09245,2026-08-06 05:50:00,340.1,22,"Quốc Lộ 21B, Phường Phù Vân, Tỉnh Ninh Bình",0.0,5.0,1,0,-1.099999999999966,-0.21999999999999317,343.1,1.8430952228300803,5.0,1,Moving,0,0,0,0,0,VALID,VALID
35H-09245,2026-08-06 05:55:00,337.8,43,"Quốc Lộ 21B, Phường Phù Vân, Tỉnh Ninh Bình",0.0,5.0,1,0,-2.3000000000000114,-0.4600000000000023,341.2,2.2532199183438615,5.0,1,Moving,0,0,0,0,0,VALID,VALID
35H-09245,2026-08-06 06:00:00,336.3,18,"Phường Hà Nam, Tỉnh Ninh Bình",0.0,5.0,1,0,-1.5,-0.3,340.1,2.699073915331707,5.0,1,Moving,0,0,0,0,0,VALID,VALID
35H-09245,2026-08-06 06:05:00,335.2,9,"Quốc Lộ 1, Phường Hà Nam, Tỉnh Ninh Bình",0.0,5.0,1,0,-1.1000000000000227,-0.22000000000000455,337.8,2.5173398658955315,5.0,1,Moving,0,0,0,0,0,VALID,VALID
35H-09245,2026-08-06 06:10:00,333.8,0,"Phường Hà Nam, Tỉnh Ninh Bình",0.0,5.0,1,0,-1.3999999999999773,-0.2799999999999955,336.3,2.4275502055425493,5.0,1,Stopped,0,0,0,0,0,VALID,VALID
35H-09245,2026-08-06 06:15:00,334.1,0,"Phường Hà Nam, Tỉnh Ninh Bình",0.0,5.0,1,0,0.30000000000001137,0.060000000000002274,335.2,1.6471186965218287,5.0,1,Stopped,0,0,0,0,0,VALID,VALID
35H-09245,2026-08-06 06:20:00,334.1,0,"Phường Hà Nam, Tỉnh Ninh Bình",0.0,5.0,1,0,0.0,0.0,334.1,1.0416333330078849,5.0,1,Stopped,0,0,0,0,0,VALID,VALID
35H-09245,2026-08-06 06:25:00,334.1,0,"Phường Hà Nam, Tỉnh Ninh Bình",0.0,5.0,1,0,0.0,0.0,334.1,0.5412947445097804,5.0,1,Stopped,0,0,0,0,0,VALID,VALID
35H-09245,2026-08-06 06:30:00,334.1,0,"Phường Hà Nam, Tỉnh Ninh Bình",0.0,5.0,1,0,0.0,0.0,334.1,0.13416408026857118,5.0,1,Stopped,0,0,0,0,0,VALID,VALID
35H-09245,2026-08-06 06:35:00,334.1,0,"Phường Hà Nam, Tỉnh Ninh Bình",0.0,5.0,1,0,0.0,0.0,334.1,0.0,5.0,1,Stopped,0,0,0,0,0,VALID,VALID
35H-09245,2026-08-06 06:40:00,334.1,0,"Phường Hà Nam, Tỉnh Ninh Bình",0.0,5.0,1,0,0.0,0.0,334.1,0.0,5.0,1,Stopped,0,0,0,0,0,VALID,VALID
35H-09245,2026-08-06 06:45:00,334.1,0,"Phường Hà Nam, Tỉnh Ninh Bình",0.0,5.0,1,0,0.0,0.0,334.1,0.0,5.0,1,Stopped,0,0,0,0,0,VALID,VALID
35H-09245,2026-08-06 06:50:00,334.1,0,"Phường Hà Nam, Tỉnh Ninh Bình",0.0,5.0,1,0,0.0,0.0,334.1,0.0,5.0,1,Stopped,0,0,0,0,0,VALID,VALID
35H-09245,2026-08-06 06:55:00,334.1,0,"Phường Hà Nam, Tỉnh Ninh Bình",0.0,5.0,1,0,0.0,0.0,334.1,0.0,5.0,1,Stopped,0,0,0,0,0,VALID,VALID
35H-09245,2026-08-06 07:00:00,335.9,0,"Phường Hà Nam, Tỉnh Ninh Bình",0.0,5.0,1,0,1.7999999999999545,0.3599999999999909,334.1,0.8049844721692159,5.0,1,Stopped,0,0,0,0,0,VALID,VALID
35H-09245,2026-08-06 07:05:00,332.4,0,"Phường Hà Nam, Tỉnh Ninh Bình",0.0,5.0,1,0,-3.5,-0.7,334.1,1.2377398759166482,5.0,1,Stopped,0,0,0,0,0,VALID,VALID
35H-09245,2026-08-06 07:10:00,335.3,0,"Phường Hà Nam, Tỉnh Ninh Bình",0.0,5.0,1,0,2.900000000000034,0.5800000000000068,334.1,1.344618905279021,5.0,1,Stopped,0,0,0,0,0,VALID,VALID
35H-09245,2026-08-06 07:15:00,336.0,0,"Phường Hà Nam, Tỉnh Ninh Bình",0.0,5.0,1,0,0.6999999999999886,0.13999999999999774,335.3,1.5109599599040004,5.0,1,Stopped,0,0,0,0,0,VALID,VALID
35H-09245,2026-08-06 07:20:00,336.0,0,"Phường Hà Nam, Tỉnh Ninh Bình",0.0,5.0,1,0,0.0,0.0,335.9,1.5482247900199901,5.0,1,Stopped,0,0,0,0,0,VALID,VALID
35H-09245,2026-08-06 07:25:00,336.2,0,"Phường Hà Nam, Tỉnh Ninh Bình",0.0,5.0,1,0,0.19999999999998863,0.039999999999997725,336.0,1.5912259426091389,5.0,1,Stopped,0,0,0,0,0,VALID,VALID
35H-09245,2026-08-06 07:30:00,334.6,0,"Phường Hà Nam, Tỉnh Ninh Bình",0.0,5.0,1,0,-1.599999999999966,-0.3199999999999932,336.0,0.6648308058683342,5.0,1,Stopped,0,0,0,0,0,VALID,VALID
35H-09245,2026-08-06 07:35:00,334.6,0,"Phường Hà Nam, Tỉnh Ninh Bình",0.0,5.0,1,0,0.0,0.0,336.0,0.8074651697948161,5.0,1,Stopped,0,0,0,0,0,VALID,VALID
35H-09245,2026-08-06 07:40:00,334.6,0,"Phường Hà Nam, Tỉnh Ninh Bình",0.0,5.0,1,0,0.0,0.0,334.6,0.8246211253856275,5.0,1,Stopped,0,0,0,0,0,VALID,VALID
35H-09245,2026-08-06 07:45:00,334.5,0,"Phường Hà Nam, Tỉnh Ninh Bình",0.0,5.0,1,0,-0.10000000000002274,-0.02000000000000455,334.6,0.7280109892253023,5.0,1,Stopped,0,0,0,0,0,VALID,VALID
35H-09245,2026-08-06 07:50:00,330.3,0,"Phường Hà Nam, Tỉnh Ninh Bình",0.0,5.0,1,0,-4.199999999999989,-0.8399999999999977,334.6,1.9123284237899354,5.0,1,Stopped,0,0,0,0,0,VALID,VALID
35H-09245,2026-08-06 07:55:00,332.4,0,"Phường Hà Nam, Tỉnh Ninh Bình",0.0,5.0,1,0,2.099999999999966,0.41999999999999316,334.5,1.9123284237901421,5.0,1,Stopped,0,0,0,0,0,VALID,VALID
35H-09245,2026-08-06 08:00:00,332.1,27,"Quốc Lộ 21B, Phường Phù Vân, Tỉnh Ninh Bình",0.0,5.0,1,0,-0.2999999999999545,-0.05999999999999091,332.4,1.8047160442675068,5.0,1,Moving,0,0,0,0,0,VALID,VALID
35H-09245,2026-08-06 08:05:00,329.3,0,"Quốc Lộ 21B, Phường Phù Vân, Tỉnh Ninh Bình",0.0,5.0,1,0,-2.8000000000000114,-0.5600000000000023,332.1,2.0129580225226786,5.0,1,Stopped,0,0,0,0,0,VALID,VALID
35H-09245,2026-08-06 08:10:00,328.9,65,"Phường Lý Thường Kiệt, Tỉnh Ninh Bình",0.0,5.0,1,0,-0.4000000000000341,-0.08000000000000682,330.3,1.5937377451890942,5.0,1,Moving,0,0,0,0,0,VALID,VALID
35H-09245,2026-08-06 08:15:00,328.8,0,"Phường Lý Thường Kiệt, Tỉnh Ninh Bình",0.0,5.0,1,0,-0.0999999999999659,-0.01999999999999318,329.3,1.7930421078270664,5.0,1,Stopped,0,0,0,0,0,VALID,VALID
35H-09245,2026-08-06 08:20:00,323.5,0,"Phường Lý Thường Kiệt, Tỉnh Ninh Bình",0.0,5.0,1,0,-5.300000000000011,-1.0600000000000023,328.9,3.1164081889964477,5.0,1,Stopped,0,0,0,0,0,VALID,VALID
35H-09245,2026-08-06 08:25:00,324.6,19,"Phường Lý Thường Kiệt, Tỉnh Ninh Bình",0.0,5.0,1,0,1.1000000000000227,0.22000000000000455,328.8,2.745359721502222,5.0,1,Moving,0,0,0,0,0,VALID,VALID
35H-09245,2026-08-06 08:30:00,324.7,0,"Phường Lý Thường Kiệt, Tỉnh Ninh Bình",0.0,5.0,1,0,0.0999999999999659,0.01999999999999318,324.7,2.55440795497673,5.0,1,Stopped,0,0,0,0,0,VALID,VALID
35H-09245,2026-08-06 08:35:00,324.7,0,"Phường Lý Thường Kiệt, Tỉnh Ninh Bình",0.0,5.0,1,0,0.0,0.0,324.7,2.0427922068702755,5.0,1,Stopped,0,0,0,0,0,VALID,VALID
35H-09245,2026-08-06 08:40:00,324.7,0,"Phường Lý Thường Kiệt, Tỉnh Ninh Bình",0.0,5.0,1,0,0.0,0.0,324.7,0.5272570534866262,5.0,1,Stopped,0,0,0,0,0,VALID,VALID
35H-09245,2026-08-06 08:45:00,324.7,0,"Phường Lý Thường Kiệt, Tỉnh Ninh Bình",0.0,5.0,1,0,0.0,0.0,324.7,0.044721364591846155,5.0,1,Stopped,0,0,0,0,0,VALID,VALID
35H-09245,2026-08-06 08:50:00,325.2,0,"Phường Lý Thường Kiệt, Tỉnh Ninh Bình",0.0,5.0,1,0,0.5,0.1,324.7,0.223606798757838,5.0,1,Stopped,0,0,0,0,0,VALID,VALID
35H-09245,2026-08-06 08:55:00,325.4,0,"Phường Lý Thường Kiệt, Tỉnh Ninh Bình",0.0,5.0,1,0,0.19999999999998863,0.039999999999997725,324.7,0.33615472694944915,5.0,1,Stopped,0,0,0,0,0,VALID,VALID
35H-09245,2026-08-06 09:00:00,325.4,0,"Phường Lý Thường Kiệt, Tỉnh Ninh Bình",0.0,5.0,1,0,0.0,0.0,325.2,0.3563705942557525,5.0,1,Stopped,0,0,0,0,0,VALID,VALID
35H-09245,2026-08-06 09:05:00,325.4,0,"Phường Lý Thường Kiệt, Tỉnh Ninh Bình",0.0,5.0,1,0,0.0,0.0,325.4,0.30331501850376413,5.0,1,Stopped,0,0,0,0,0,VALID,VALID
35H-09245,2026-08-06 09:10:00,325.4,0,"Phường Lý Thường Kiệt, Tỉnh Ninh Bình",0.0,5.0,1,0,0.0,0.0,325.4,0.08944272161382613,5.0,1,Stopped,0,0,0,0,0,VALID,VALID
35H-09245,2026-08-06 09:15:00,325.4,0,"Phường Lý Thường Kiệt, Tỉnh Ninh Bình",0.0,5.0,1,0,0.0,0.0,325.4,0.0,5.0,1,Stopped,0,0,0,0,0,VALID,VALID
35H-09245,2026-08-06 09:20:00,325.3,0,"Phường Lý Thường Kiệt, Tỉnh Ninh Bình",0.0,5.0,1,0,-0.0999999999999659,-0.01999999999999318,325.4,0.04472136457726555,5.0,1,Stopped,0,0,0,0,0,VALID,VALID
35H-09245,2026-08-06 09:25:00,325.3,0,"Phường Lý Thường Kiệt, Tỉnh Ninh Bình",0.0,5.0,1,0,0.0,0.0,325.4,0.05477225985560086,5.0,1,Stopped,0,0,0,0,0,VALID,VALID
35H-09245,2026-08-06 09:30:00,324.7,0,"Phường Lý Thường Kiệt, Tỉnh Ninh Bình",0.0,5.0,1,0,-0.6000000000000227,-0.12000000000000455,325.3,0.2949576248378023,5.0,1,Stopped,0,0,0,0,0,VALID,VALID
35H-09245,2026-08-06 09:35:00,324.6,0,"Phường Lý Thường Kiệt, Tỉnh Ninh Bình",0.0,5.0,1,0,-0.0999999999999659,-0.01999999999999318,325.3,0.3781534086191322,5.0,1,Stopped,0,0,0,0,0,VALID,VALID
35H-09245,2026-08-06 09:40:00,324.4,0,"Phường Lý Thường Kiệt, Tỉnh Ninh Bình",0.0,5.0,1,0,-0.20000000000004547,-0.0400000000000091,324.7,0.4159326874034759,5.0,1,Stopped,0,0,0,0,0,VALID,VALID
35H-09245,2026-08-06 09:45:00,326.0,28,"Phan Trọng Tuệ, Phường Lý Thường Kiệt, Tỉnh Ninh Bình",0.0,5.0,1,0,1.6000000000000227,0.32000000000000456,324.7,0.6519202408657014,5.0,1,Moving,0,0,0,0,0,VALID,VALID
35H-09245,2026-08-06 09:50:00,322.0,50,"Phường Lý Thường Kiệt, Tỉnh Ninh Bình",0.0,5.0,1,0,-4.0,-0.8,324.6,1.4518953131860697,5.0,1,Moving,0,0,0,0,0,VALID,VALID
35H-09245,2026-08-06 09:55:00,320.9,20,"Phường Lý Thường Kiệt, Tỉnh Ninh Bình",0.0,5.0,1,0,-1.1000000000000227,-0.22000000000000455,324.4,2.0765355764959064,5.0,1,Moving,0,0,0,0,0,VALID,VALID
35H-09245,2026-08-06 10:00:00,319.7,44,"Phường Kim Bảng, Tỉnh Ninh Bình",0.0,5.0,1,0,-1.1999999999999886,-0.23999999999999772,322.0,2.571964230010804,5.0,1,Moving,0,0,0,0,0,VALID,VALID
35H-09245,2026-08-06 10:05:00,316.6,51,"Phường Kim Thanh, Tỉnh Ninh Bình",0.0,5.0,1,0,-3.099999999999966,-0.6199999999999932,320.9,3.42972302095344,5.0,1,Moving,0,0,0,0,0,VALID,VALID
35H-09245,2026-08-06 10:10:00,315.7,47,"Phường Hà Nam, Tỉnh Ninh Bình",0.0,5.0,1,0,-0.9000000000000341,-0.18000000000000682,319.7,2.727086357353206,5.0,1,Moving,0,0,0,0,0,VALID,VALID
35H-09245,2026-08-06 10:15:00,313.6,52,"Phường Đồng Văn, Tỉnh Ninh Bình",0.0,5.0,1,0,-2.099999999999966,-0.41999999999999316,316.6,2.977414986269982,5.0,1,Moving,0,0,0,0,0,VALID,VALID
35H-09245,2026-08-06 10:20:00,311.9,36,"Quốc Lộ 38, Phường Đồng Văn, Tỉnh Ninh Bình",0.0,5.0,1,0,-1.7000000000000455,-0.3400000000000091,315.7,2.977414986270564,5.0,1,Moving,0,0,0,0,0,VALID,VALID
35H-09245,2026-08-06 10:25:00,310.3,22,"Thịnh Hòa, Phường Duy Tiên, Tỉnh Ninh Bình",0.0,5.0,1,0,-1.599999999999966,-0.3199999999999932,313.6,2.607105674972168,5.0,1,Moving,0,0,0,0,0,VALID,VALID
35H-09245,2026-08-06 10:30:00,309.8,0,"Quốc Lộ 38, Phường Duy Tân, Tỉnh Ninh Bình",0.0,5.0,1,0,-0.5,-0.1,311.9,2.4316660955967047,5.0,1,Stopped,0,0,0,0,0,VALID,VALID
35H-09245,2026-08-06 10:35:00,308.1,0,"Quốc Lộ 38, Phường Duy Tân, Tỉnh Ninh Bình",0.0,5.0,1,0,-1.6999999999999886,-0.33999999999999775,310.3,2.095948472762919,5.0,1,Stopped,0,0,0,0,0,VALID,VALID
35H-09245,2026-08-06 10:40:00,308.1,0,"Quốc Lộ 38, Phường Duy Tân, Tỉnh Ninh Bình",0.0,5.0,1,0,0.0,0.0,309.8,1.6056151470632987,5.0,1,Stopped,0,0,0,0,0,VALID,VALID
35H-09245,2026-08-06 10:45:00,308.2,0,"Quốc Lộ 38, Phường Duy Tân, Tỉnh Ninh Bình",0.0,5.0,1,0,0.0999999999999659,0.01999999999999318,308.2,1.0653637878586193,5.0,1,Stopped,0,0,0,0,0,VALID,VALID
35H-09245,2026-08-06 10:50:00,307.8,0,"Quốc Lộ 38, Phường Duy Tân, Tỉnh Ninh Bình",0.0,5.0,1,0,-0.39999999999997726,-0.07999999999999545,308.1,0.7968688728274759,5.0,1,Stopped,0,0,0,0,0,VALID,VALID
35H-09245,2026-08-06 10:55:00,307.3,0,"Quốc Lộ 38, Phường Duy Tân, Tỉnh Ninh Bình",0.0,5.0,1,0,-0.5,-0.1,308.1,0.36742346207366605,5.0,1,Stopped,0,0,0,0,0,VALID,VALID
35H-09245,2026-08-06 11:00:00,307.4,0,"Quốc Lộ 38, Phường Duy Tân, Tỉnh Ninh Bình",0.0,5.0,1,0,0.0999999999999659,0.01999999999999318,307.8,0.4037325853612064,5.0,1,Stopped,0,0,0,0,0,VALID,VALID
35H-09245,2026-08-06 11:05:00,307.8,0,"Quốc Lộ 38, Phường Duy Tân, Tỉnh Ninh Bình",0.0,5.0,1,0,0.4000000000000341,0.08000000000000682,307.8,0.360555128215565,5.0,1,Stopped,0,0,0,0,0,VALID,VALID
35H-09245,2026-08-06 11:10:00,308.2,0,"Quốc Lộ 38, Phường Duy Tân, Tỉnh Ninh Bình",0.0,5.0,1,0,0.39999999999997726,0.07999999999999545,307.8,0.360555128215565,5.0,1,Stopped,0,0,0,0,0,VALID,VALID
35H-09245,2026-08-06 11:15:00,308.9,0,"Đông Hòa, Phường Duy Tân, Tỉnh Ninh Bình",0.0,5.0,1,0,0.6999999999999886,0.13999999999999774,307.8,0.653452370477104,5.0,1,Stopped,0,0,0,0,0,VALID,VALID
35H-09245,2026-08-06 11:20:00,305.7,46,"Quốc Lộ 38, Phường Đồng Văn, Tỉnh Ninh Bình",0.0,5.0,1,0,-3.1999999999999886,-0.6399999999999977,307.8,1.1979148552725611,5.0,1,Moving,0,0,0,0,0,VALID,VALID
35H-09245,2026-08-06 11:25:00,305.6,56,"Phường Đồng Văn, Tỉnh Ninh Bình",0.0,5.0,1,0,-0.0999999999999659,-0.01999999999999318,307.8,1.5043270922519711,5.0,1,Moving,0,0,0,0,0,VALID,VALID
35H-09245,2026-08-06 11:30:00,304.4,0,"Phường Duy Hà, Tỉnh Ninh Bình",0.0,5.0,1,0,-1.2000000000000455,-0.2400000000000091,305.7,1.9034179783968816,5.0,1,Stopped,0,0,0,0,0,VALID,VALID
35H-09245,2026-08-06 11:35:00,304.4,0,"Phường Duy Hà, Tỉnh Ninh Bình",0.0,5.0,1,0,0.0,0.0,305.6,1.8425525774006637,5.0,1,Stopped,0,0,0,0,0,VALID,VALID
35H-09245,2026-08-06 11:40:00,304.3,0,"Phường Duy Hà, Tỉnh Ninh Bình",0.0,5.0,1,0,-0.0999999999999659,-0.01999999999999318,304.4,0.7049822696263257,5.0,1,Stopped,0,0,0,0,0,VALID,VALID
35H-09245,2026-08-06 11:45:00,303.1,71,"Quốc Lộ 1, Phường Hà Nam, Tỉnh Ninh Bình",0.0,5.0,1,0,-1.1999999999999886,-0.23999999999999772,304.4,0.8848728725011508,5.0,1,Moving,0,0,0,0,0,VALID,VALID
35H-09245,2026-08-06 11:50:00,301.6,49,"Lê Hoàn, Phường Hà Nam, Tỉnh Ninh Bình",0.0,5.0,1,0,-1.5,-0.3,304.3,1.2259690047019456,5.0,1,Moving,0,0,0,0,0,VALID,VALID
35H-09245,2026-08-06 11:55:00,300.9,39,"Lê Hoàn, Phường Phủ Lý, Tỉnh Ninh Bình",0.0,5.0,1,0,-0.7000000000000455,-0.1400000000000091,303.1,1.5757537880301045,5.0,1,Moving,0,0,0,0,0,VALID,VALID
35H-09245,2026-08-06 12:00:00,301.3,0,"Phường Phù Vân, Tỉnh Ninh Bình",0.0,5.0,1,0,0.4000000000000341,0.08000000000000682,301.6,1.4205632687396914,5.0,1,Stopped,0,0,0,0,0,VALID,VALID
35H-09245,2026-08-06 12:05:00,299.7,0,"Phường Phù Vân, Tỉnh Ninh Bình",0.0,5.0,1,0,-1.6000000000000227,-0.32000000000000456,301.3,1.229634092116067,5.0,1,Stopped,0,0,0,0,0,VALID,VALID
35H-09245,2026-08-06 12:10:00,299.6,0,"Phường Phù Vân, Tỉnh Ninh Bình",0.0,5.0,1,0,-0.0999999999999659,-0.01999999999999318,300.9,0.9203260294565994,5.0,1,Stopped,0,0,0,0,0,VALID,VALID
35H-09245,2026-08-06 12:15:00,299.3,0,"Phường Phù Vân, Tỉnh Ninh Bình",0.0,5.0,1,0,-0.30000000000001137,-0.060000000000002274,299.7,0.8820430831292582,5.0,1,Stopped,0,0,0,0,0,VALID,VALID
35H-09245,2026-08-06 12:20:00,299.3,0,"Phường Phù Vân, Tỉnh Ninh Bình",0.0,5.0,1,0,0.0,0.0,299.6,0.8354639432654994,5.0,1,Stopped,0,0,0,0,0,VALID,VALID
35H-09245,2026-08-06 12:25:00,299.5,0,"Phường Phù Vân, Tỉnh Ninh Bình",0.0,5.0,1,0,0.19999999999998863,0.039999999999997725,299.5,0.1788854395901601,5.0,1,Stopped,0,0,0,0,0,VALID,VALID
35H-09245,2026-08-06 12:30:00,299.5,0,"Phường Phù Vân, Tỉnh Ninh Bình",0.0,5.0,1,0,0.0,0.0,299.5,0.13416408050382259,5.0,1,Stopped,0,0,0,0,0,VALID,VALID
35H-09245,2026-08-06 12:35:00,299.5,0,"Phường Phù Vân, Tỉnh Ninh Bình",0.0,5.0,1,0,0.0,0.0,299.5,0.10954451377165676,5.0,1,Stopped,0,0,0,0,0,VALID,VALID
35H-09245,2026-08-06 12:40:00,299.3,0,"Phường Phù Vân, Tỉnh Ninh Bình",0.0,5.0,1,0,-0.19999999999998863,-0.039999999999997725,299.5,0.10954451377165676,5.0,1,Stopped,0,0,0,0,0,VALID,VALID
35H-09245,2026-08-06 12:45:00,299.5,0,"Phường Phù Vân, Tỉnh Ninh Bình",0.0,5.0,1,0,0.19999999999998863,0.039999999999997725,299.5,0.08944272188057832,5.0,1,Stopped,0,0,0,0,0,VALID,VALID
35H-09245,2026-08-06 12:50:00,299.6,0,"Phường Phù Vân, Tỉnh Ninh Bình",0.0,5.0,1,0,0.10000000000002274,0.02000000000000455,299.5,0.10954451377124748,5.0,1,Stopped,0,0,0,0,0,VALID,VALID
35H-09245,2026-08-06 12:55:00,299.6,0,"Phường Phù Vân, Tỉnh Ninh Bình",0.0,5.0,1,0,0.0,0.0,299.5,0.12247448916959039,5.0,1,Stopped,0,0,0,0,0,VALID,VALID
35H-09245,2026-08-06 13:00:00,299.6,0,"Phường Phù Vân, Tỉnh Ninh Bình",0.0,5.0,1,0,0.0,0.0,299.6,0.1303840500112101,5.0,1,Stopped,0,0,0,0,0,VALID,VALID
35H-09245,2026-08-06 13:05:00,299.6,0,"Phường Phù Vân, Tỉnh Ninh Bình",0.0,5.0,1,0,0.0,0.0,299.6,0.04472136510937331,5.0,1,Stopped,0,0,0,0,0,VALID,VALID
35H-09245,2026-08-06 13:10:00,299.6,0,"Phường Phù Vân, Tỉnh Ninh Bình",0.0,5.0,1,0,0.0,0.0,299.6,0.0,5.0,1,Stopped,0,0,0,0,0,VALID,VALID
35H-09245,2026-08-06 13:15:00,299.6,0,"Phường Phù Vân, Tỉnh Ninh Bình",0.0,5.0,1,0,0.0,0.0,299.6,0.0,5.0,1,Stopped,0,0,0,0,0,VALID,VALID
35H-09245,2026-08-06 13:20:00,299.8,0,"Phường Phù Vân, Tỉnh Ninh Bình",0.0,5.0,1,0,0.19999999999998863,0.039999999999997725,299.6,0.0894427218792175,5.0,1,Stopped,0,0,0,0,0,VALID,VALID
35H-09245,2026-08-06 13:25:00,299.8,0,"Phường Phù Vân, Tỉnh Ninh Bình",0.0,5.0,1,0,0.0,0.0,299.6,0.10954451377002673,5.0,1,Stopped,0,0,0,0,0,VALID,VALID
35H-09245,2026-08-06 13:30:00,299.8,0,"Phường Phù Vân, Tỉnh Ninh Bình",0.0,5.0,1,0,0.0,0.0,299.8,0.1095445137698075,5.0,1,Stopped,0,0,0,0,0,VALID,VALID
35H-09245,2026-08-06 13:35:00,299.9,0,"Phường Phù Vân, Tỉnh Ninh Bình",0.0,5.0,1,0,0.0999999999999659,0.01999999999999318,299.8,0.10954451376949616,5.0,1,Stopped,0,0,0,0,0,VALID,VALID
35H-09245,2026-08-06 13:40:00,299.9,0,"Phường Phù Vân, Tỉnh Ninh Bình",0.0,5.0,1,0,0.0,0.0,299.8,0.05477226028689905,5.0,1,Stopped,0,0,0,0,0,VALID,VALID
35H-09245,2026-08-06 13:45:00,299.9,0,"Phường Phù Vân, Tỉnh Ninh Bình",0.0,5.0,1,0,0.0,0.0,299.9,0.054772260286726514,5.0,1,Stopped,0,0,0,0,0,VALID,VALID
35H-09245,2026-08-06 13:50:00,300.0,0,"Phường Phù Vân, Tỉnh Ninh Bình",0.0,5.0,1,0,0.10000000000002274,0.02000000000000455,299.9,0.07071068163213205,5.0,1,Stopped,0,0,0,0,0,VALID,VALID
35H-09245,2026-08-06 13:55:00,300.0,0,"Phường Phù Vân, Tỉnh Ninh Bình",0.0,5.0,1,0,0.0,0.0,299.9,0.05477226028605712,5.0,1,Stopped,0,0,0,0,0,VALID,VALID
35H-09245,2026-08-06 14:00:00,299.9,0,"Phường Phù Vân, Tỉnh Ninh Bình",0.0,5.0,1,0,-0.10000000000002274,-0.02000000000000455,299.9,0.05477226028605712,5.0,1,Stopped,0,0,0,0,0,VALID,VALID
35H-09245,2026-08-06 14:05:00,299.9,0,"Phường Phù Vân, Tỉnh Ninh Bình",0.0,5.0,1,0,0.0,0.0,299.9,0.05477226028605712,5.0,1,Stopped,0,0,0,0,0,VALID,VALID
35H-09245,2026-08-06 14:10:00,299.8,0,"Phường Phù Vân, Tỉnh Ninh Bình",0.0,5.0,1,0,-0.0999999999999659,-0.01999999999999318,299.9,0.0836660056227312,5.0,1,Stopped,0,0,0,0,0,VALID,VALID
35H-09245,2026-08-06 14:15:00,299.8,0,"Phường Phù Vân, Tỉnh Ninh Bình",0.0,5.0,1,0,0.0,0.0,299.9,0.08366600562298768,5.0,1,Stopped,0,0,0,0,0,VALID,VALID
35H-09245,2026-08-06 14:20:00,299.8,0,"Phường Phù Vân, Tỉnh Ninh Bình",0.0,5.0,1,0,0.0,0.0,299.8,0.05477226028704823,5.0,1,Stopped,0,0,0,0,0,VALID,VALID
35H-09245,2026-08-06 14:25:00,299.8,0,"Phường Phù Vân, Tỉnh Ninh Bình",0.0,5.0,1,0,0.0,0.0,299.8,0.04472136510637121,5.0,1,Stopped,0,0,0,0,0,VALID,VALID
35H-09245,2026-08-06 14:30:00,299.8,0,"Phường Phù Vân, Tỉnh Ninh Bình",0.0,5.0,1,0,0.0,0.0,299.8,0.0,5.0,1,Stopped,0,0,0,0,0,VALID,VALID
35H-09245,2026-08-06 14:35:00,299.8,0,"Phường Phù Vân, Tỉnh Ninh Bình",0.0,5.0,1,0,0.0,0.0,299.8,0.0,5.0,1,Stopped,0,0,0,0,0,VALID,VALID
35H-09245,2026-08-06 14:40:00,299.7,0,"Phường Phù Vân, Tỉnh Ninh Bình",0.0,5.0,1,0,-0.10000000000002274,-0.02000000000000455,299.8,0.044721365106949545,5.0,1,Stopped,0,0,0,0,0,VALID,VALID
35H-09245,2026-08-06 14:45:00,299.7,0,"Phường Phù Vân, Tỉnh Ninh Bình",0.0,5.0,1,0,0.0,0.0,299.8,0.054772260287976424,5.0,1,Stopped,0,0,0,0,0,VALID,VALID
35H-09245,2026-08-06 14:50:00,299.7,0,"Phường Phù Vân, Tỉnh Ninh Bình",0.0,5.0,1,0,0.0,0.0,299.7,0.05477226028820734,5.0,1,Stopped,0,0,0,0,0,VALID,VALID
35H-09245,2026-08-06 14:55:00,299.7,0,"Phường Phù Vân, Tỉnh Ninh Bình",0.0,5.0,1,0,0.0,0.0,299.7,0.04472136510779797,5.0,1,Stopped,0,0,0,0,0,VALID,VALID
35H-09245,2026-08-06 15:00:00,299.7,0,"Phường Phù Vân, Tỉnh Ninh Bình",0.0,5.0,1,0,0.0,0.0,299.7,0.0,5.0,1,Stopped,0,0,0,0,0,VALID,VALID
35H-09245,2026-08-06 15:05:00,299.7,0,"Phường Phù Vân, Tỉnh Ninh Bình",0.0,5.0,1,0,0.0,0.0,299.7,0.0,5.0,1,Stopped,0,0,0,0,0,VALID,VALID
35H-09245,2026-08-06 15:10:00,299.7,0,"Phường Phù Vân, Tỉnh Ninh Bình",0.0,5.0,1,0,0.0,0.0,299.7,0.0,5.0,1,Stopped,0,0,0,0,0,VALID,VALID
35H-09245,2026-08-06 15:15:00,299.7,0,"Phường Phù Vân, Tỉnh Ninh Bình",0.0,5.0,1,0,0.0,0.0,299.7,0.0,5.0,1,Stopped,0,0,0,0,0,VALID,VALID
35H-09245,2026-08-06 15:20:00,299.7,0,"Phường Phù Vân, Tỉnh Ninh Bình",0.0,5.0,1,0,0.0,0.0,299.7,0.0,5.0,1,Stopped,0,0,0,0,0,VALID,VALID
35H-09245,2026-08-06 15:25:00,299.7,0,"Phường Phù Vân, Tỉnh Ninh Bình",0.0,5.0,1,0,0.0,0.0,299.7,0.0,5.0,1,Stopped,0,0,0,0,0,VALID,VALID
35H-09245,2026-08-06 15:30:00,299.7,0,"Phường Phù Vân, Tỉnh Ninh Bình",0.0,5.0,1,0,0.0,0.0,299.7,0.0,5.0,1,Stopped,0,0,0,0,0,VALID,VALID
35H-09245,2026-08-06 15:35:00,299.7,0,"Phường Phù Vân, Tỉnh Ninh Bình",0.0,5.0,1,0,0.0,0.0,299.7,0.0,5.0,1,Stopped,0,0,0,0,0,VALID,VALID
35H-09245,2026-08-06 15:40:00,299.7,0,"Phường Phù Vân, Tỉnh Ninh Bình",0.0,5.0,1,0,0.0,0.0,299.7,0.0,5.0,1,Stopped,0,0,0,0,0,VALID,VALID
35H-09245,2026-08-06 15:45:00,299.7,0,"Phường Phù Vân, Tỉnh Ninh Bình",0.0,5.0,1,0,0.0,0.0,299.7,0.0,5.0,1,Stopped,0,0,0,0,0,VALID,VALID
35H-09245,2026-08-06 15:50:00,299.8,0,"Phường Phù Vân, Tỉnh Ninh Bình",0.0,5.0,1,0,0.10000000000002274,0.02000000000000455,299.7,0.044721365107769376,5.0,1,Stopped,0,0,0,0,0,VALID,VALID
35H-09245,2026-08-06 15:55:00,299.9,0,"Phường Phù Vân, Tỉnh Ninh Bình",0.0,5.0,1,0,0.0999999999999659,0.01999999999999318,299.7,0.08944272187852595,5.0,1,Stopped,0,0,0,0,0,VALID,VALID
35H-09245,2026-08-06 16:00:00,299.9,0,"Phường Phù Vân, Tỉnh Ninh Bình",0.0,5.0,1,0,0.0,0.0,299.8,0.10000000248487653,5.0,1,Stopped,0,0,0,0,0,VALID,VALID
35H-09245,2026-08-06 16:05:00,299.9,0,"Phường Phù Vân, Tỉnh Ninh Bình",0.0,5.0,1,0,0.0,0.0,299.9,0.08944272187781059,5.0,1,Stopped,0,0,0,0,0,VALID,VALID
35H-09245,2026-08-06 16:10:00,299.9,0,"Phường Phù Vân, Tỉnh Ninh Bình",0.0,5.0,1,0,0.0,0.0,299.9,0.04472136510495718,5.0,1,Stopped,0,0,0,0,0,VALID,VALID
35H-09245,2026-08-06 16:15:00,299.9,0,"Phường Phù Vân, Tỉnh Ninh Bình",0.0,5.0,1,0,0.0,0.0,299.9,0.0,5.0,1,Stopped,0,0,0,0,0,VALID,VALID
35H-09245,2026-08-06 16:20:00,299.9,0,"Phường Phù Vân, Tỉnh Ninh Bình",0.0,5.0,1,0,0.0,0.0,299.9,0.0,5.0,1,Stopped,0,0,0,0,0,VALID,VALID
35H-09245,2026-08-06 16:25:00,299.9,0,"Phường Phù Vân, Tỉnh Ninh Bình",0.0,5.0,1,0,0.0,0.0,299.9,0.0,5.0,1,Stopped,0,0,0,0,0,VALID,VALID
35H-09245,2026-08-06 16:30:00,299.9,0,"Phường Phù Vân, Tỉnh Ninh Bình",0.0,5.0,1,0,0.0,0.0,299.9,0.0,5.0,1,Stopped,0,0,0,0,0,VALID,VALID
35H-09245,2026-08-06 16:35:00,299.9,0,"Phường Phù Vân, Tỉnh Ninh Bình",0.0,5.0,1,0,0.0,0.0,299.9,0.0,5.0,1,Stopped,0,0,0,0,0,VALID,VALID
35H-09245,2026-08-06 16:40:00,299.9,0,"Phường Phù Vân, Tỉnh Ninh Bình",0.0,5.0,1,0,0.0,0.0,299.9,0.0,5.0,1,Stopped,0,0,0,0,0,VALID,VALID
35H-09245,2026-08-06 16:45:00,299.9,0,"Phường Phù Vân, Tỉnh Ninh Bình",0.0,5.0,1,0,0.0,0.0,299.9,0.0,5.0,1,Stopped,0,0,0,0,0,VALID,VALID
35H-09245,2026-08-06 16:50:00,299.9,0,"Phường Phù Vân, Tỉnh Ninh Bình",0.0,5.0,1,0,0.0,0.0,299.9,0.0,5.0,1,Stopped,0,0,0,0,0,VALID,VALID
35H-09245,2026-08-06 16:55:00,299.9,0,"Phường Phù Vân, Tỉnh Ninh Bình",0.0,5.0,1,0,0.0,0.0,299.9,0.0,5.0,1,Stopped,0,0,0,0,0,VALID,VALID
35H-09245,2026-08-06 17:00:00,299.9,0,"Phường Phù Vân, Tỉnh Ninh Bình",0.0,5.0,1,0,0.0,0.0,299.9,0.0,5.0,1,Stopped,0,0,0,0,0,VALID,VALID
35H-09245,2026-08-06 17:05:00,299.9,0,"Phường Phù Vân, Tỉnh Ninh Bình",0.0,5.0,1,0,0.0,0.0,299.9,0.0,5.0,1,Stopped,0,0,0,0,0,VALID,VALID
35H-09245,2026-08-06 17:10:00,300.0,0,"Phường Phù Vân, Tỉnh Ninh Bình",0.0,5.0,1,0,0.10000000000002274,0.02000000000000455,299.9,0.04472136510435025,5.0,1,Stopped,0,0,0,0,0,VALID,VALID
35H-09245,2026-08-06 17:15:00,300.0,0,"Phường Phù Vân, Tỉnh Ninh Bình",0.0,5.0,1,0,0.0,0.0,299.9,0.05477226028539228,5.0,1,Stopped,0,0,0,0,0,VALID,VALID
35H-09245,2026-08-06 17:20:00,300.1,0,"Phường Phù Vân, Tỉnh Ninh Bình",0.0,5.0,1,0,0.10000000000002274,0.02000000000000455,300.0,0.08366600562189595,5.0,1,Stopped,0,0,0,0,0,VALID,VALID
35H-09245,2026-08-06 17:25:00,300.1,0,"Phường Phù Vân, Tỉnh Ninh Bình",0.0,5.0,1,0,0.0,0.0,300.0,0.0836660056216242,5.0,1,Stopped,0,0,0,0,0,VALID,VALID
35H-09245,2026-08-06 17:30:00,300.1,0,"Phường Phù Vân, Tỉnh Ninh Bình",0.0,5.0,1,0,0.0,0.0,300.1,0.05477226028414691,5.0,1,Stopped,0,0,0,0,0,VALID,VALID
35H-09245,2026-08-06 17:35:00,300.1,0,"Phường Phù Vân, Tỉnh Ninh Bình",0.0,5.0,1,0,0.0,0.0,300.1,0.044721365102316564,5.0,1,Stopped,0,0,0,0,0,VALID,VALID
35H-09245,2026-08-06 17:40:00,300.1,0,"Phường Phù Vân, Tỉnh Ninh Bình",0.0,5.0,1,0,0.0,0.0,300.1,0.0,5.0,1,Stopped,0,0,0,0,0,VALID,VALID
35H-09245,2026-08-06 17:45:00,300.1,0,"Phường Phù Vân, Tỉnh Ninh Bình",0.0,5.0,1,0,0.0,0.0,300.1,0.0,5.0,1,Stopped,0,0,0,0,0,VALID,VALID
35H-09245,2026-08-06 17:50:00,300.1,0,"Phường Phù Vân, Tỉnh Ninh Bình",0.0,5.0,1,0,0.0,0.0,300.1,0.0,5.0,1,Stopped,0,0,0,0,0,VALID,VALID
35H-09245,2026-08-06 17:55:00,300.1,0,"Phường Phù Vân, Tỉnh Ninh Bình",0.0,5.0,1,0,0.0,0.0,300.1,0.0,5.0,1,Stopped,0,0,0,0,0,VALID,VALID
35H-09245,2026-08-06 18:00:00,300.1,0,"Phường Phù Vân, Tỉnh Ninh Bình",0.0,5.0,1,0,0.0,0.0,300.1,0.0,5.0,1,Stopped,0,0,0,0,0,VALID,VALID
35H-09245,2026-08-06 18:05:00,300.1,0,"Phường Phù Vân, Tỉnh Ninh Bình",0.0,5.0,1,0,0.0,0.0,300.1,0.0,5.0,1,Stopped,0,0,0,0,0,VALID,VALID
35H-09245,2026-08-06 18:10:00,300.1,0,"Phường Phù Vân, Tỉnh Ninh Bình",0.0,5.0,1,0,0.0,0.0,300.1,0.0,5.0,1,Stopped,0,0,0,0,0,VALID,VALID
35H-09245,2026-08-06 18:15:00,300.2,0,"Phường Phù Vân, Tỉnh Ninh Bình",0.0,5.0,1,0,0.0999999999999659,0.01999999999999318,300.1,0.04472136510187805,5.0,1,Stopped,0,0,0,0,0,VALID,VALID
35H-09245,2026-08-06 18:20:00,300.2,0,"Phường Phù Vân, Tỉnh Ninh Bình",0.0,5.0,1,0,0.0,0.0,300.1,0.05477226028342628,5.0,1,Stopped,0,0,0,0,0,VALID,VALID
35H-09245,2026-08-06 18:25:00,300.2,0,"Phường Phù Vân, Tỉnh Ninh Bình",0.0,5.0,1,0,0.0,0.0,300.2,0.05477226028325374,5.0,1,Stopped,0,0,0,0,0,VALID,VALID
35H-09245,2026-08-06 18:30:00,300.2,0,"Phường Phù Vân, Tỉnh Ninh Bình",0.0,5.0,1,0,0.0,0.0,300.2,0.04472136510124411,5.0,1,Stopped,0,0,0,0,0,VALID,VALID
35H-09245,2026-08-06 18:35:00,300.2,0,"Phường Phù Vân, Tỉnh Ninh Bình",0.0,5.0,1,0,0.0,0.0,300.2,0.0,5.0,1,Stopped,0,0,0,0,0,VALID,VALID
35H-09245,2026-08-06 18:40:00,300.2,0,"Phường Phù Vân, Tỉnh Ninh Bình",0.0,5.0,1,0,0.0,0.0,300.2,0.0,5.0,1,Stopped,0,0,0,0,0,VALID,VALID
35H-09245,2026-08-06 18:45:00,300.2,0,"Phường Phù Vân, Tỉnh Ninh Bình",0.0,5.0,1,0,0.0,0.0,300.2,0.0,5.0,1,Stopped,0,0,0,0,0,VALID,VALID
35H-09245,2026-08-06 18:50:00,300.2,0,"Phường Phù Vân, Tỉnh Ninh Bình",0.0,5.0,1,0,0.0,0.0,300.2,0.0,5.0,1,Stopped,0,0,0,0,0,VALID,VALID
35H-09245,2026-08-06 18:55:00,300.2,0,"Phường Phù Vân, Tỉnh Ninh Bình",0.0,5.0,1,0,0.0,0.0,300.2,0.0,5.0,1,Stopped,0,0,0,0,0,VALID,VALID
35H-09245,2026-08-06 19:00:00,300.2,0,"Phường Phù Vân, Tỉnh Ninh Bình",0.0,5.0,1,0,0.0,0.0,300.2,0.0,5.0,1,Stopped,0,0,0,0,0,VALID,VALID
35H-09245,2026-08-06 19:05:00,300.3,0,"Phường Phù Vân, Tỉnh Ninh Bình",0.0,5.0,1,0,0.10000000000002274,0.02000000000000455,300.2,0.04472136510089139,5.0,1,Stopped,0,0,0,0,0,VALID,VALID
35H-09245,2026-08-06 19:10:00,300.3,0,"Phường Phù Vân, Tỉnh Ninh Bình",0.0,5.0,1,0,0.0,0.0,300.2,0.05477226028267192,5.0,1,Stopped,0,0,0,0,0,VALID,VALID
35H-09245,2026-08-06 19:15:00,300.3,0,"Phường Phù Vân, Tỉnh Ninh Bình",0.0,5.0,1,0,0.0,0.0,300.3,0.05477226028254479,5.0,1,Stopped,0,0,0,0,0,VALID,VALID
35H-09245,2026-08-06 19:20:00,300.3,0,"Phường Phù Vân, Tỉnh Ninh Bình",0.0,5.0,1,0,0.0,0.0,300.3,0.04472136510042428,5.0,1,Stopped,0,0,0,0,0,VALID,VALID
35H-09245,2026-08-06 19:25:00,300.3,0,"Phường Phù Vân, Tỉnh Ninh Bình",0.0,5.0,1,0,0.0,0.0,300.3,0.0,5.0,1,Stopped,0,0,0,0,0,VALID,VALID
35H-09245,2026-08-06 19:30:00,300.3,0,"Phường Phù Vân, Tỉnh Ninh Bình",0.0,5.0,1,0,0.0,0.0,300.3,0.0,5.0,1,Stopped,0,0,0,0,0,VALID,VALID
35H-09245,2026-08-06 19:35:00,300.3,0,"Phường Phù Vân, Tỉnh Ninh Bình",0.0,5.0,1,0,0.0,0.0,300.3,0.0,5.0,1,Stopped,0,0,0,0,0,VALID,VALID
35H-09245,2026-08-06 19:40:00,300.3,0,"Phường Phù Vân, Tỉnh Ninh Bình",0.0,5.0,1,0,0.0,0.0,300.3,0.0,5.0,1,Stopped,0,0,0,0,0,VALID,VALID
35H-09245,2026-08-06 19:45:00,300.3,0,"Phường Phù Vân, Tỉnh Ninh Bình",0.0,5.0,1,0,0.0,0.0,300.3,0.0,5.0,1,Stopped,0,0,0,0,0,VALID,VALID
35H-09245,2026-08-06 19:50:00,300.3,0,"Phường Phù Vân, Tỉnh Ninh Bình",0.0,5.0,1,0,0.0,0.0,300.3,0.0,5.0,1,Stopped,0,0,0,0,0,VALID,VALID
35H-09245,2026-08-06 19:55:00,300.3,0,"Phường Phù Vân, Tỉnh Ninh Bình",0.0,5.0,1,0,0.0,0.0,300.3,0.0,5.0,1,Stopped,0,0,0,0,0,VALID,VALID
35H-09245,2026-08-06 20:00:00,300.3,0,"Phường Phù Vân, Tỉnh Ninh Bình",0.0,5.0,1,0,0.0,0.0,300.3,0.0,5.0,1,Stopped,0,0,0,0,0,VALID,VALID
35H-09245,2026-08-06 20:05:00,300.3,0,"Phường Phù Vân, Tỉnh Ninh Bình",0.0,5.0,1,0,0.0,0.0,300.3,0.0,5.0,1,Stopped,0,0,0,0,0,VALID,VALID
35H-09245,2026-08-06 20:10:00,300.3,0,"Phường Phù Vân, Tỉnh Ninh Bình",0.0,5.0,1,0,0.0,0.0,300.3,0.0,5.0,1,Stopped,0,0,0,0,0,VALID,VALID
35H-09245,2026-08-06 20:15:00,300.3,0,"Phường Phù Vân, Tỉnh Ninh Bình",0.0,5.0,1,0,0.0,0.0,300.3,0.0,5.0,1,Stopped,0,0,0,0,0,VALID,VALID
35H-09245,2026-08-06 20:20:00,300.3,0,"Phường Phù Vân, Tỉnh Ninh Bình",0.0,5.0,1,0,0.0,0.0,300.3,0.0,5.0,1,Stopped,0,0,0,0,0,VALID,VALID
35H-09245,2026-08-06 20:25:00,300.3,0,"Phường Phù Vân, Tỉnh Ninh Bình",0.0,5.0,1,0,0.0,0.0,300.3,0.0,5.0,1,Stopped,0,0,0,0,0,VALID,VALID
35H-09245,2026-08-06 20:30:00,300.4,0,"Phường Phù Vân, Tỉnh Ninh Bình",0.0,5.0,1,0,0.0999999999999659,0.01999999999999318,300.3,0.044721365100141464,5.0,1,Stopped,0,0,0,0,0,VALID,VALID
35H-09245,2026-08-06 20:35:00,300.4,0,"Phường Phù Vân, Tỉnh Ninh Bình",0.0,5.0,1,0,0.0,0.0,300.3,0.0547722602820888,5.0,1,Stopped,0,0,0,0,0,VALID,VALID
35H-09245,2026-08-06 20:40:00,300.4,0,"Phường Phù Vân, Tỉnh Ninh Bình",0.0,5.0,1,0,0.0,0.0,300.4,0.05477226028199669,5.0,1,Stopped,0,0,0,0,0,VALID,VALID
35H-09245,2026-08-06 20:45:00,300.5,0,"Phường Phù Vân, Tỉnh Ninh Bình",0.0,5.0,1,0,0.10000000000002274,0.02000000000000455,300.4,0.07071068162859295,5.0,1,Stopped,0,0,0,0,0,VALID,VALID
35H-09245,2026-08-06 20:50:00,300.7,0,"Phường Phù Vân, Tỉnh Ninh Bình",0.0,5.0,1,0,0.19999999999998863,0.039999999999997725,300.4,0.1303840500074338,5.0,1,Stopped,0,0,0,0,0,VALID,VALID
35H-09245,2026-08-06 20:55:00,300.7,0,"Phường Phù Vân, Tỉnh Ninh Bình",0.0,5.0,1,0,0.0,0.0,300.5,0.15165751051732004,5.0,1,Stopped,0,0,0,0,0,VALID,VALID
35H-09245,2026-08-06 21:00:00,300.8,0,"Phường Phù Vân, Tỉnh Ninh Bình",0.0,5.0,1,0,0.10000000000002274,0.02000000000000455,300.7,0.16431676876164272,5.0,1,Stopped,0,0,0,0,0,VALID,VALID
35H-09245,2026-08-06 21:05:00,300.8,0,"Phường Phù Vân, Tỉnh Ninh Bình",0.0,5.0,1,0,0.0,0.0,300.7,0.12247448916496306,5.0,1,Stopped,0,0,0,0,0,VALID,VALID
35H-09245,2026-08-06 21:10:00,300.8,0,"Phường Phù Vân, Tỉnh Ninh Bình",0.0,5.0,1,0,0.0,0.0,300.8,0.05477226028005078,5.0,1,Stopped,0,0,0,0,0,VALID,VALID
35H-09245,2026-08-06 21:15:00,300.8,0,"Phường Phù Vân, Tỉnh Ninh Bình",0.0,5.0,1,0,0.0,0.0,300.8,0.04472136509739835,5.0,1,Stopped,0,0,0,0,0,VALID,VALID
35H-09245,2026-08-06 21:20:00,300.8,0,"Phường Phù Vân, Tỉnh Ninh Bình",0.0,5.0,1,0,0.0,0.0,300.8,0.0,5.0,1,Stopped,0,0,0,0,0,VALID,VALID
35H-09245,2026-08-06 21:25:00,300.8,0,"Phường Phù Vân, Tỉnh Ninh Bình",0.0,5.0,1,0,0.0,0.0,300.8,0.0,5.0,1,Stopped,0,0,0,0,0,VALID,VALID
35H-09245,2026-08-06 21:30:00,300.9,0,"Phường Phù Vân, Tỉnh Ninh Bình",0.0,5.0,1,0,0.0999999999999659,0.01999999999999318,300.8,0.04472136509717274,5.0,1,Stopped,0,0,0,0,0,VALID,VALID
35H-09245,2026-08-06 21:35:00,300.9,0,"Phường Phù Vân, Tỉnh Ninh Bình",0.0,5.0,1,0,0.0,0.0,300.8,0.05477226027968819,5.0,1,Stopped,0,0,0,0,0,VALID,VALID
35H-09245,2026-08-06 21:40:00,300.9,0,"Phường Phù Vân, Tỉnh Ninh Bình",0.0,5.0,1,0,0.0,0.0,300.9,0.054772260279619435,5.0,1,Stopped,0,0,0,0,0,VALID,VALID
35H-09245,2026-08-06 21:45:00,301.0,0,"Phường Phù Vân, Tỉnh Ninh Bình",0.0,5.0,1,0,0.10000000000002274,0.02000000000000455,300.9,0.07071068162678772,5.0,1,Stopped,0,0,0,0,0,VALID,VALID
35H-09245,2026-08-06 21:50:00,301.0,0,"Phường Phù Vân, Tỉnh Ninh Bình",0.0,5.0,1,0,0.0,0.0,300.9,0.05477226027936518,5.0,1,Stopped,0,0,0,0,0,VALID,VALID
35H-09245,2026-08-06 21:55:00,301.0,0,"Phường Phù Vân, Tỉnh Ninh Bình",0.0,5.0,1,0,0.0,0.0,301.0,0.054772260279284744,5.0,1,Stopped,0,0,0,0,0,VALID,VALID
35H-09245,2026-08-06 22:00:00,301.0,0,"Phường Phù Vân, Tỉnh Ninh Bình",0.0,5.0,1,0,0.0,0.0,301.0,0.044721365096488754,5.0,1,Stopped,0,0,0,0,0,VALID,VALID
35H-09245,2026-08-06 22:05:00,301.0,0,"Phường Phù Vân, Tỉnh Ninh Bình",0.0,5.0,1,0,0.0,0.0,301.0,0.0,5.0,1,Stopped,0,0,0,0,0,VALID,VALID
35H-09245,2026-08-06 22:10:00,301.0,0,"Phường Phù Vân, Tỉnh Ninh Bình",0.0,5.0,1,0,0.0,0.0,301.0,0.0,5.0,1,Stopped,0,0,0,0,0,VALID,VALID
35H-09245,2026-08-06 22:15:00,301.0,0,"Phường Phù Vân, Tỉnh Ninh Bình",0.0,5.0,1,0,0.0,0.0,301.0,0.0,5.0,1,Stopped,0,0,0,0,0,VALID,VALID
35H-09245,2026-08-06 22:17:00,301.0,0,"Phường Phù Vân, Tỉnh Ninh Bình",0.0,2.0,1,0,0.0,0.0,301.0,0.0,5.0,1,Stopped,0,0,0,0,0,VALID,VALID
35H-09245,2026-08-06 22:19:00,301.0,0,"Phường Phù Vân, Tỉnh Ninh Bình",0.0,2.0,1,0,0.0,0.0,301.0,0.0,5.0,1,Stopped,0,0,0,0,0,VALID,VALID
35H-09245,2026-08-06 22:21:00,301.0,0,"Phường Phù Vân, Tỉnh Ninh Bình",0.0,2.0,1,0,0.0,0.0,301.0,0.0,5.0,1,Stopped,0,0,0,0,0,VALID,VALID
35H-09245,2026-08-06 22:23:00,301.0,0,"Phường Phù Vân, Tỉnh Ninh Bình",0.0,2.0,1,0,0.0,0.0,301.0,0.0,5.0,1,Stopped,0,0,0,0,0,VALID,VALID
35H-09245,2026-08-06 22:25:00,301.0,0,"Phường Phù Vân, Tỉnh Ninh Bình",0.0,2.0,1,0,0.0,0.0,301.0,0.0,5.0,1,Stopped,0,0,0,0,0,VALID,VALID
35H-09245,2026-08-06 22:26:00,301.0,0,"Phường Phù Vân, Tỉnh Ninh Bình",0.0,1.0,1,0,0.0,0.0,301.0,0.0,5.0,1,Stopped,0,0,0,0,0,VALID,VALID
35H-09245,2026-08-06 22:28:00,301.0,0,"Phường Phù Vân, Tỉnh Ninh Bình",0.0,2.0,1,0,0.0,0.0,301.0,0.0,5.0,1,Stopped,0,0,0,0,0,VALID,VALID
35H-09245,2026-08-06 22:30:00,301.0,0,"Phường Phù Vân, Tỉnh Ninh Bình",0.0,2.0,1,0,0.0,0.0,301.0,0.0,5.0,1,Stopped,0,0,0,0,0,VALID,VALID
35H-09245,2026-08-06 22:32:00,301.0,0,"Phường Phù Vân, Tỉnh Ninh Bình",0.0,2.0,1,0,0.0,0.0,301.0,0.0,5.0,1,Stopped,0,0,0,0,0,VALID,VALID
35H-09245,2026-08-06 22:34:00,301.0,0,"Phường Phù Vân, Tỉnh Ninh Bình",0.0,2.0,1,0,0.0,0.0,301.0,0.0,5.0,1,Stopped,0,0,0,0,0,VALID,VALID
35H-09245,2026-08-06 22:36:00,301.1,0,"Phường Phù Vân, Tỉnh Ninh Bình",0.0,2.0,1,0,0.10000000000002274,0.05000000000001137,301.0,0.04472136509636165,5.0,1,Stopped,0,0,0,0,0,VALID,VALID
35H-09245,2026-08-06 22:38:00,301.1,0,"Phường Phù Vân, Tỉnh Ninh Bình",0.0,2.0,1,0,0.0,0.0,301.0,0.05477226027907718,5.0,1,Stopped,0,0,0,0,0,VALID,VALID
35H-09245,2026-08-06 22:40:00,301.1,0,"Phường Phù Vân, Tỉnh Ninh Bình",0.0,2.0,1,0,0.0,0.0,301.1,0.05477226027905383,5.0,1,Stopped,0,0,0,0,0,VALID,VALID
35H-09245,2026-08-06 22:42:00,301.1,0,"Phường Phù Vân, Tỉnh Ninh Bình",0.0,2.0,1,0,0.0,0.0,301.1,0.04472136509627585,5.0,1,Stopped,0,0,0,0,0,VALID,VALID
35H-09245,2026-08-06 22:44:00,301.1,0,"Phường Phù Vân, Tỉnh Ninh Bình",0.0,2.0,1,0,0.0,0.0,301.1,0.0,5.0,1,Stopped,0,0,0,0,0,VALID,VALID
35H-09245,2026-08-06 22:46:00,301.1,0,"Phường Phù Vân, Tỉnh Ninh Bình",0.0,2.0,1,0,0.0,0.0,301.1,0.0,5.0,1,Stopped,0,0,0,0,0,VALID,VALID
35H-09245,2026-08-06 22:48:00,301.1,0,"Phường Phù Vân, Tỉnh Ninh Bình",0.0,2.0,1,0,0.0,0.0,301.1,0.0,5.0,1,Stopped,0,0,0,0,0,VALID,VALID
35H-09245,2026-08-06 22:50:00,301.1,0,"Phường Phù Vân, Tỉnh Ninh Bình",0.0,2.0,1,0,0.0,0.0,301.1,0.0,5.0,1,Stopped,0,0,0,0,0,VALID,VALID
35H-09245,2026-08-06 22:52:00,301.1,0,"Phường Phù Vân, Tỉnh Ninh Bình",0.0,2.0,1,0,0.0,0.0,301.1,0.0,5.0,1,Stopped,0,0,0,0,0,VALID,VALID
35H-09245,2026-08-06 22:54:00,301.1,0,"Phường Phù Vân, Tỉnh Ninh Bình",0.0,2.0,1,0,0.0,0.0,301.1,0.0,5.0,1,Stopped,0,0,0,0,0,VALID,VALID
35H-09245,2026-08-06 22:56:00,301.1,0,"Phường Phù Vân, Tỉnh Ninh Bình",0.0,2.0,1,0,0.0,0.0,301.1,0.0,5.0,1,Stopped,0,0,0,0,0,VALID,VALID
35H-09245,2026-08-06 22:58:00,301.1,0,"Phường Phù Vân, Tỉnh Ninh Bình",0.0,2.0,1,0,0.0,0.0,301.1,0.0,5.0,1,Stopped,0,0,0,0,0,VALID,VALID
35H-09245,2026-08-06 23:00:00,301.1,0,"Phường Phù Vân, Tỉnh Ninh Bình",0.0,2.0,1,0,0.0,0.0,301.1,0.0,5.0,1,Stopped,0,0,0,0,0,VALID,VALID
35H-09245,2026-08-06 23:04:00,301.1,0,"Phường Phù Vân, Tỉnh Ninh Bình",0.0,4.0,1,0,0.0,0.0,301.1,0.0,5.0,1,Stopped,0,0,0,0,0,VALID,VALID
35H-09245,2026-08-06 23:06:00,301.1,0,"Phường Phù Vân, Tỉnh Ninh Bình",0.0,2.0,1,0,0.0,0.0,301.1,0.0,5.0,1,Stopped,0,0,0,0,0,VALID,VALID
35H-09245,2026-08-06 23:08:00,301.1,0,"Phường Phù Vân, Tỉnh Ninh Bình",0.0,2.0,1,0,0.0,0.0,301.1,0.0,5.0,1,Stopped,0,0,0,0,0,VALID,VALID
35H-09245,2026-08-06 23:10:00,301.1,0,"Phường Phù Vân, Tỉnh Ninh Bình",0.0,2.0,1,0,0.0,0.0,301.1,0.0,5.0,1,Stopped,0,0,0,0,0,VALID,VALID
35H-09245,2026-08-06 23:12:00,301.1,0,"Phường Phù Vân, Tỉnh Ninh Bình",0.0,2.0,1,0,0.0,0.0,301.1,0.0,5.0,1,Stopped,0,0,0,0,0,VALID,VALID
35H-09245,2026-08-06 23:14:00,301.1,0,"Phường Phù Vân, Tỉnh Ninh Bình",0.0,2.0,1,0,0.0,0.0,301.1,0.0,5.0,1,Stopped,0,0,0,0,0,VALID,VALID
35H-09245,2026-08-06 23:16:00,301.1,0,"Phường Phù Vân, Tỉnh Ninh Bình",0.0,2.0,1,0,0.0,0.0,301.1,0.0,5.0,1,Stopped,0,0,0,0,0,VALID,VALID
35H-09245,2026-08-06 23:18:00,301.1,0,"Phường Phù Vân, Tỉnh Ninh Bình",0.0,2.0,1,0,0.0,0.0,301.1,0.0,5.0,1,Stopped,0,0,0,0,0,VALID,VALID
35H-09245,2026-08-06 23:20:00,301.1,0,"Phường Phù Vân, Tỉnh Ninh Bình",0.0,2.0,1,0,0.0,0.0,301.1,0.0,5.0,1,Stopped,0,0,0,0,0,VALID,VALID
35H-09245,2026-08-06 23:22:00,301.1,0,"Phường Phù Vân, Tỉnh Ninh Bình",0.0,2.0,1,0,0.0,0.0,301.1,0.0,5.0,1,Stopped,0,0,0,0,0,VALID,VALID
35H-09245,2026-08-06 23:24:00,301.1,0,"Phường Phù Vân, Tỉnh Ninh Bình",0.0,2.0,1,0,0.0,0.0,301.1,0.0,5.0,1,Stopped,0,0,0,0,0,VALID,VALID
35H-09245,2026-08-06 23:26:00,301.1,0,"Phường Phù Vân, Tỉnh Ninh Bình",0.0,2.0,1,0,0.0,0.0,301.1,0.0,5.0,1,Stopped,0,0,0,0,0,VALID,VALID
35H-09245,2026-08-06 23:28:00,301.1,0,"Phường Phù Vân, Tỉnh Ninh Bình",0.0,2.0,1,0,0.0,0.0,301.1,0.0,5.0,1,Stopped,0,0,0,0,0,VALID,VALID
35H-09245,2026-08-06 23:30:00,301.1,0,"Phường Phù Vân, Tỉnh Ninh Bình",0.0,2.0,1,0,0.0,0.0,301.1,0.0,5.0,1,Stopped,0,0,0,0,0,VALID,VALID
35H-09245,2026-08-06 23:32:00,301.1,0,"Phường Phù Vân, Tỉnh Ninh Bình",0.0,2.0,1,0,0.0,0.0,301.1,0.0,5.0,1,Stopped,0,0,0,0,0,VALID,VALID
35H-09245,2026-08-06 23:34:00,301.1,0,"Phường Phù Vân, Tỉnh Ninh Bình",0.0,2.0,1,0,0.0,0.0,301.1,0.0,5.0,1,Stopped,0,0,0,0,0,VALID,VALID
35H-09245,2026-08-06 23:36:00,301.1,0,"Phường Phù Vân, Tỉnh Ninh Bình",0.0,2.0,1,0,0.0,0.0,301.1,0.0,5.0,1,Stopped,0,0,0,0,0,VALID,VALID
35H-09245,2026-08-06 23:38:00,301.1,0,"Phường Phù Vân, Tỉnh Ninh Bình",0.0,2.0,1,0,0.0,0.0,301.1,0.0,5.0,1,Stopped,0,0,0,0,0,VALID,VALID
35H-09245,2026-08-06 23:40:00,301.1,0,"Phường Phù Vân, Tỉnh Ninh Bình",0.0,2.0,1,0,0.0,0.0,301.1,0.0,5.0,1,Stopped,0,0,0,0,0,VALID,VALID
35H-09245,2026-08-06 23:42:00,301.1,0,"Phường Phù Vân, Tỉnh Ninh Bình",0.0,2.0,1,0,0.0,0.0,301.1,0.0,5.0,1,Stopped,0,0,0,0,0,VALID,VALID
35H-09245,2026-08-06 23:44:00,301.1,0,"Phường Phù Vân, Tỉnh Ninh Bình",0.0,2.0,1,0,0.0,0.0,301.1,0.0,5.0,1,Stopped,0,0,0,0,0,VALID,VALID
35H-09245,2026-08-06 23:46:00,301.1,0,"Phường Phù Vân, Tỉnh Ninh Bình",0.0,2.0,1,0,0.0,0.0,301.1,0.0,5.0,1,Stopped,0,0,0,0,0,VALID,VALID
35H-09245,2026-08-06 23:48:00,301.1,0,"Phường Phù Vân, Tỉnh Ninh Bình",0.0,2.0,1,0,0.0,0.0,301.1,0.0,5.0,1,Stopped,0,0,0,0,0,VALID,VALID
35H-09245,2026-08-06 23:50:00,301.1,0,"Phường Phù Vân, Tỉnh Ninh Bình",0.0,2.0,1,0,0.0,0.0,301.1,0.0,5.0,1,Stopped,0,0,0,0,0,VALID,VALID
35H-09245,2026-08-06 23:52:00,301.1,0,"Phường Phù Vân, Tỉnh Ninh Bình",0.0,2.0,1,0,0.0,0.0,301.1,0.0,5.0,1,Stopped,0,0,0,0,0,VALID,VALID
35H-09245,2026-08-06 23:54:00,301.1,0,"Phường Phù Vân, Tỉnh Ninh Bình",0.0,2.0,1,0,0.0,0.0,301.1,0.0,5.0,1,Stopped,0,0,0,0,0,VALID,VALID
35H-09245,2026-08-06 23:56:00,301.1,0,"Phường Phù Vân, Tỉnh Ninh Bình",0.0,2.0,1,0,0.0,0.0,301.1,0.0,5.0,1,Stopped,0,0,0,0,0,VALID,VALID
35H-09245,2026-08-06 23:58:00,301.1,0,"Phường Phù Vân, Tỉnh Ninh Bình",0.0,2.0,1,0,0.0,0.0,301.1,0.0,5.0,1,Stopped,0,0,0,0,0,VALID,VALID
35H-09245,2026-08-07 00:00:00,301.1,0,"Phường Phù Vân, Tỉnh Ninh Bình",0.0,2.0,1,0,0.0,0.0,301.1,0.0,5.0,1,Stopped,0,0,0,0,0,VALID,VALID
35H-09245,2026-08-07 00:02:00,301.1,0,"Phường Phù Vân, Tỉnh Ninh Bình",0.0,2.0,1,0,0.0,0.0,301.1,0.0,5.0,1,Stopped,0,0,0,0,0,VALID,VALID
35H-09245,2026-08-07 00:04:00,301.1,0,"Phường Phù Vân, Tỉnh Ninh Bình",0.0,2.0,1,0,0.0,0.0,301.1,0.0,5.0,1,Stopped,0,0,0,0,0,VALID,VALID
35H-09245,2026-08-07 00:06:00,301.1,0,"Phường Phù Vân, Tỉnh Ninh Bình",0.0,2.0,1,0,0.0,0.0,301.1,0.0,5.0,1,Stopped,0,0,0,0,0,VALID,VALID
35H-09245,2026-08-07 00:08:00,301.2,0,"Phường Phù Vân, Tỉnh Ninh Bình",0.0,2.0,1,0,0.0999999999999659,0.04999999999998295,301.1,0.04472136509624725,5.0,1,Stopped,0,0,0,0,0,VALID,VALID
35H-09245,2026-08-07 00:10:00,301.2,0,"Phường Phù Vân, Tỉnh Ninh Bình",0.0,2.0,1,0,0.0,0.0,301.1,0.05477226027901296,5.0,1,Stopped,0,0,0,0,0,VALID,VALID
35H-09245,2026-08-07 00:12:00,301.2,0,"Phường Phù Vân, Tỉnh Ninh Bình",0.0,2.0,1,0,0.0,0.0,301.2,0.05477226027902464,5.0,1,Stopped,0,0,0,0,0,VALID,VALID
35H-09245,2026-08-07 00:14:00,301.2,0,"Phường Phù Vân, Tỉnh Ninh Bình",0.0,2.0,1,0,0.0,0.0,301.2,0.04472136509629015,5.0,1,Stopped,0,0,0,0,0,VALID,VALID
35H-09245,2026-08-07 00:16:00,301.2,0,"Phường Phù Vân, Tỉnh Ninh Bình",0.0,2.0,1,0,0.0,0.0,301.2,0.0,5.0,1,Stopped,0,0,0,0,0,VALID,VALID
35H-09245,2026-08-07 00:18:00,301.2,0,"Phường Phù Vân, Tỉnh Ninh Bình",0.0,2.0,1,0,0.0,0.0,301.2,0.0,5.0,1,Stopped,0,0,0,0,0,VALID,VALID
35H-09245,2026-08-07 00:20:00,301.2,0,"Phường Phù Vân, Tỉnh Ninh Bình",0.0,2.0,1,0,0.0,0.0,301.2,0.0,5.0,1,Stopped,0,0,0,0,0,VALID,VALID
35H-09245,2026-08-07 00:22:00,301.2,0,"Phường Phù Vân, Tỉnh Ninh Bình",0.0,2.0,1,0,0.0,0.0,301.2,0.0,5.0,1,Stopped,0,0,0,0,0,VALID,VALID
35H-09245,2026-08-07 00:24:00,301.2,0,"Phường Phù Vân, Tỉnh Ninh Bình",0.0,2.0,1,0,0.0,0.0,301.2,0.0,5.0,1,Stopped,0,0,0,0,0,VALID,VALID
35H-09245,2026-08-07 00:26:00,301.2,0,"Phường Phù Vân, Tỉnh Ninh Bình",0.0,2.0,1,0,0.0,0.0,301.2,0.0,5.0,1,Stopped,0,0,0,0,0,VALID,VALID
35H-09245,2026-08-07 00:28:00,301.2,0,"Phường Phù Vân, Tỉnh Ninh Bình",0.0,2.0,1,0,0.0,0.0,301.2,0.0,5.0,1,Stopped,0,0,0,0,0,VALID,VALID
35H-09245,2026-08-07 00:30:00,301.2,0,"Phường Phù Vân, Tỉnh Ninh Bình",0.0,2.0,1,0,0.0,0.0,301.2,0.0,5.0,1,Stopped,0,0,0,0,0,VALID,VALID
35H-09245,2026-08-07 00:32:00,301.2,0,"Phường Phù Vân, Tỉnh Ninh Bình",0.0,2.0,1,0,0.0,0.0,301.2,0.0,5.0,1,Stopped,0,0,0,0,0,VALID,VALID
35H-09245,2026-08-07 00:34:00,301.2,0,"Phường Phù Vân, Tỉnh Ninh Bình",0.0,2.0,1,0,0.0,0.0,301.2,0.0,5.0,1,Stopped,0,0,0,0,0,VALID,VALID
35H-09245,2026-08-07 00:36:00,301.2,0,"Phường Phù Vân, Tỉnh Ninh Bình",0.0,2.0,1,0,0.0,0.0,301.2,0.0,5.0,1,Stopped,0,0,0,0,0,VALID,VALID
35H-09245,2026-08-07 00:38:00,301.2,0,"Phường Phù Vân, Tỉnh Ninh Bình",0.0,2.0,1,0,0.0,0.0,301.2,0.0,5.0,1,Stopped,0,0,0,0,0,VALID,VALID
35H-09245,2026-08-07 00:40:00,301.2,0,"Phường Phù Vân, Tỉnh Ninh Bình",0.0,2.0,1,0,0.0,0.0,301.2,0.0,5.0,1,Stopped,0,0,0,0,0,VALID,VALID
35H-09245,2026-08-07 00:42:00,301.2,0,"Phường Phù Vân, Tỉnh Ninh Bình",0.0,2.0,1,0,0.0,0.0,301.2,0.0,5.0,1,Stopped,0,0,0,0,0,VALID,VALID
35H-09245,2026-08-07 00:44:00,301.2,0,"Phường Phù Vân, Tỉnh Ninh Bình",0.0,2.0,1,0,0.0,0.0,301.2,0.0,5.0,1,Stopped,0,0,0,0,0,VALID,VALID
35H-09245,2026-08-07 00:46:00,301.2,0,"Phường Phù Vân, Tỉnh Ninh Bình",0.0,2.0,1,0,0.0,0.0,301.2,0.0,5.0,1,Stopped,0,0,0,0,0,VALID,VALID
35H-09245,2026-08-07 00:48:00,301.2,0,"Phường Phù Vân, Tỉnh Ninh Bình",0.0,2.0,1,0,0.0,0.0,301.2,0.0,5.0,1,Stopped,0,0,0,0,0,VALID,VALID
35H-09245,2026-08-07 00:50:00,301.2,0,"Phường Phù Vân, Tỉnh Ninh Bình",0.0,2.0,1,0,0.0,0.0,301.2,0.0,5.0,1,Stopped,0,0,0,0,0,VALID,VALID
35H-09245,2026-08-07 00:52:00,301.2,0,"Phường Phù Vân, Tỉnh Ninh Bình",0.0,2.0,1,0,0.0,0.0,301.2,0.0,5.0,1,Stopped,0,0,0,0,0,VALID,VALID
35H-09245,2026-08-07 00:54:00,301.2,0,"Phường Phù Vân, Tỉnh Ninh Bình",0.0,2.0,1,0,0.0,0.0,301.2,0.0,5.0,1,Stopped,0,0,0,0,0,VALID,VALID
35H-09245,2026-08-07 00:56:00,301.2,0,"Phường Phù Vân, Tỉnh Ninh Bình",0.0,2.0,1,0,0.0,0.0,301.2,0.0,5.0,1,Stopped,0,0,0,0,0,VALID,VALID
35H-09245,2026-08-07 00:58:00,301.2,0,"Phường Phù Vân, Tỉnh Ninh Bình",0.0,2.0,1,0,0.0,0.0,301.2,0.0,5.0,1,Stopped,0,0,0,0,0,VALID,VALID
35H-09245,2026-08-07 01:00:00,301.2,0,"Phường Phù Vân, Tỉnh Ninh Bình",0.0,2.0,1,0,0.0,0.0,301.2,0.0,5.0,1,Stopped,0,0,0,0,0,VALID,VALID
35H-09245,2026-08-07 01:03:00,301.1,0,"Phường Phù Vân, Tỉnh Ninh Bình",0.0,3.0,1,0,-0.0999999999999659,-0.03333333333332197,301.2,0.04472136509629015,5.0,1,Stopped,0,0,0,0,0,VALID,VALID
35H-09245,2026-08-07 01:05:00,301.1,0,"Phường Phù Vân, Tỉnh Ninh Bình",0.0,2.0,1,0,0.0,0.0,301.2,0.05477226027902464,5.0,1,Stopped,0,0,0,0,0,VALID,VALID
35H-09245,2026-08-07 01:07:00,301.1,0,"Phường Phù Vân, Tỉnh Ninh Bình",0.0,2.0,1,0,0.0,0.0,301.1,0.05477226027901296,5.0,1,Stopped,0,0,0,0,0,VALID,VALID
35H-09245,2026-08-07 01:09:00,301.1,0,"Phường Phù Vân, Tỉnh Ninh Bình",0.0,2.0,1,0,0.0,0.0,301.1,0.044721365096247245,5.0,1,Stopped,0,0,0,0,0,VALID,VALID
35H-09245,2026-08-07 01:11:00,301.1,0,"Phường Phù Vân, Tỉnh Ninh Bình",0.0,2.0,1,0,0.0,0.0,301.1,0.0,5.0,1,Stopped,0,0,0,0,0,VALID,VALID
35H-09245,2026-08-07 01:13:00,301.1,0,"Phường Phù Vân, Tỉnh Ninh Bình",0.0,2.0,1,0,0.0,0.0,301.1,0.0,5.0,1,Stopped,0,0,0,0,0,VALID,VALID
35H-09245,2026-08-07 01:15:00,301.1,0,"Phường Phù Vân, Tỉnh Ninh Bình",0.0,2.0,1,0,0.0,0.0,301.1,0.0,5.0,1,Stopped,0,0,0,0,0,VALID,VALID
35H-09245,2026-08-07 01:17:00,301.1,0,"Phường Phù Vân, Tỉnh Ninh Bình",0.0,2.0,1,0,0.0,0.0,301.1,0.0,5.0,1,Stopped,0,0,0,0,0,VALID,VALID
35H-09245,2026-08-07 01:19:00,301.1,0,"Phường Phù Vân, Tỉnh Ninh Bình",0.0,2.0,1,0,0.0,0.0,301.1,0.0,5.0,1,Stopped,0,0,0,0,0,VALID,VALID
35H-09245,2026-08-07 01:21:00,301.1,0,"Phường Phù Vân, Tỉnh Ninh Bình",0.0,2.0,1,0,0.0,0.0,301.1,0.0,5.0,1,Stopped,0,0,0,0,0,VALID,VALID
35H-09245,2026-08-07 01:23:00,301.1,0,"Phường Phù Vân, Tỉnh Ninh Bình",0.0,2.0,1,0,0.0,0.0,301.1,0.0,5.0,1,Stopped,0,0,0,0,0,VALID,VALID
35H-09245,2026-08-07 01:25:00,301.1,0,"Phường Phù Vân, Tỉnh Ninh Bình",0.0,2.0,1,0,0.0,0.0,301.1,0.0,5.0,1,Stopped,0,0,0,0,0,VALID,VALID
35H-09245,2026-08-07 01:27:00,301.1,0,"Phường Phù Vân, Tỉnh Ninh Bình",0.0,2.0,1,0,0.0,0.0,301.1,0.0,5.0,1,Stopped,0,0,0,0,0,VALID,VALID
35H-09245,2026-08-07 01:29:00,301.1,0,"Phường Phù Vân, Tỉnh Ninh Bình",0.0,2.0,1,0,0.0,0.0,301.1,0.0,5.0,1,Stopped,0,0,0,0,0,VALID,VALID
35H-09245,2026-08-07 01:31:00,301.1,0,"Phường Phù Vân, Tỉnh Ninh Bình",0.0,2.0,1,0,0.0,0.0,301.1,0.0,5.0,1,Stopped,0,0,0,0,0,VALID,VALID
35H-09245,2026-08-07 01:33:00,301.1,0,"Phường Phù Vân, Tỉnh Ninh Bình",0.0,2.0,1,0,0.0,0.0,301.1,0.0,5.0,1,Stopped,0,0,0,0,0,VALID,VALID
35H-09245,2026-08-07 01:35:00,301.1,0,"Phường Phù Vân, Tỉnh Ninh Bình",0.0,2.0,1,0,0.0,0.0,301.1,0.0,5.0,1,Stopped,0,0,0,0,0,VALID,VALID
35H-09245,2026-08-07 01:36:00,301.1,0,"Phường Phù Vân, Tỉnh Ninh Bình",0.0,1.0,1,0,0.0,0.0,301.1,0.0,5.0,1,Stopped,0,0,0,0,0,VALID,VALID
35H-09245,2026-08-07 01:38:00,301.1,0,"Phường Phù Vân, Tỉnh Ninh Bình",0.0,2.0,1,0,0.0,0.0,301.1,0.0,5.0,1,Stopped,0,0,0,0,0,VALID,VALID
35H-09245,2026-08-07 01:40:00,301.1,0,"Phường Phù Vân, Tỉnh Ninh Bình",0.0,2.0,1,0,0.0,0.0,301.1,0.0,5.0,1,Stopped,0,0,0,0,0,VALID,VALID
35H-09245,2026-08-07 01:42:00,301.1,0,"Phường Phù Vân, Tỉnh Ninh Bình",0.0,2.0,1,0,0.0,0.0,301.1,0.0,5.0,1,Stopped,0,0,0,0,0,VALID,VALID
35H-09245,2026-08-07 01:44:00,301.2,0,"Phường Phù Vân, Tỉnh Ninh Bình",0.0,2.0,1,0,0.0999999999999659,0.04999999999998295,301.1,0.044721365096247245,5.0,1,Stopped,0,0,0,0,0,VALID,VALID
35H-09245,2026-08-07 01:46:00,301.2,0,"Phường Phù Vân, Tỉnh Ninh Bình",0.0,2.0,1,0,0.0,0.0,301.1,0.05477226027901296,5.0,1,Stopped,0,0,0,0,0,VALID,VALID
35H-09245,2026-08-07 01:48:00,301.2,0,"Phường Phù Vân, Tỉnh Ninh Bình",0.0,2.0,1,0,0.0,0.0,301.2,0.05477226027902464,5.0,1,Stopped,0,0,0,0,0,VALID,VALID
35H-09245,2026-08-07 01:50:00,301.2,0,"Phường Phù Vân, Tỉnh Ninh Bình",0.0,2.0,1,0,0.0,0.0,301.2,0.04472136509629015,5.0,1,Stopped,0,0,0,0,0,VALID,VALID
35H-09245,2026-08-07 01:52:00,301.2,0,"Phường Phù Vân, Tỉnh Ninh Bình",0.0,2.0,1,0,0.0,0.0,301.2,0.0,5.0,1,Stopped,0,0,0,0,0,VALID,VALID
35H-09245,2026-08-07 01:54:00,301.2,0,"Phường Phù Vân, Tỉnh Ninh Bình",0.0,2.0,1,0,0.0,0.0,301.2,0.0,5.0,1,Stopped,0,0,0,0,0,VALID,VALID
35H-09245,2026-08-07 01:56:00,301.2,0,"Phường Phù Vân, Tỉnh Ninh Bình",0.0,2.0,1,0,0.0,0.0,301.2,0.0,5.0,1,Stopped,0,0,0,0,0,VALID,VALID
35H-09245,2026-08-07 01:58:00,301.2,0,"Phường Phù Vân, Tỉnh Ninh Bình",0.0,2.0,1,0,0.0,0.0,301.2,0.0,5.0,1,Stopped,0,0,0,0,0,VALID,VALID
35H-09245,2026-08-07 02:00:00,301.2,0,"Phường Phù Vân, Tỉnh Ninh Bình",0.0,2.0,1,0,0.0,0.0,301.2,0.0,5.0,1,Stopped,0,0,0,0,0,VALID,VALID
35H-09245,2026-08-07 02:03:00,301.2,0,"Phường Phù Vân, Tỉnh Ninh Bình",0.0,3.0,1,0,0.0,0.0,301.2,0.0,5.0,1,Stopped,0,0,0,0,0,VALID,VALID
35H-09245,2026-08-07 02:05:00,301.2,0,"Phường Phù Vân, Tỉnh Ninh Bình",0.0,2.0,1,0,0.0,0.0,301.2,0.0,5.0,1,Stopped,0,0,0,0,0,VALID,VALID
35H-09245,2026-08-07 02:07:00,301.2,0,"Phường Phù Vân, Tỉnh Ninh Bình",0.0,2.0,1,0,0.0,0.0,301.2,0.0,5.0,1,Stopped,0,0,0,0,0,VALID,VALID
35H-09245,2026-08-07 02:09:00,301.2,0,"Phường Phù Vân, Tỉnh Ninh Bình",0.0,2.0,1,0,0.0,0.0,301.2,0.0,5.0,1,Stopped,0,0,0,0,0,VALID,VALID
35H-09245,2026-08-07 02:11:00,301.2,0,"Phường Phù Vân, Tỉnh Ninh Bình",0.0,2.0,1,0,0.0,0.0,301.2,0.0,5.0,1,Stopped,0,0,0,0,0,VALID,VALID
35H-09245,2026-08-07 02:13:00,301.2,0,"Phường Phù Vân, Tỉnh Ninh Bình",0.0,2.0,1,0,0.0,0.0,301.2,0.0,5.0,1,Stopped,0,0,0,0,0,VALID,VALID
35H-09245,2026-08-07 02:15:00,301.2,0,"Phường Phù Vân, Tỉnh Ninh Bình",0.0,2.0,1,0,0.0,0.0,301.2,0.0,5.0,1,Stopped,0,0,0,0,0,VALID,VALID
35H-09245,2026-08-07 02:17:00,301.2,0,"Phường Phù Vân, Tỉnh Ninh Bình",0.0,2.0,1,0,0.0,0.0,301.2,0.0,5.0,1,Stopped,0,0,0,0,0,VALID,VALID
35H-09245,2026-08-07 02:19:00,301.2,0,"Phường Phù Vân, Tỉnh Ninh Bình",0.0,2.0,1,0,0.0,0.0,301.2,0.0,5.0,1,Stopped,0,0,0,0,0,VALID,VALID
35H-09245,2026-08-07 02:21:00,301.2,0,"Phường Phù Vân, Tỉnh Ninh Bình",0.0,2.0,1,0,0.0,0.0,301.2,0.0,5.0,1,Stopped,0,0,0,0,0,VALID,VALID
35H-09245,2026-08-07 02:23:00,301.2,0,"Phường Phù Vân, Tỉnh Ninh Bình",0.0,2.0,1,0,0.0,0.0,301.2,0.0,5.0,1,Stopped,0,0,0,0,0,VALID,VALID
35H-09245,2026-08-07 02:25:00,301.2,0,"Phường Phù Vân, Tỉnh Ninh Bình",0.0,2.0,1,0,0.0,0.0,301.2,0.0,5.0,1,Stopped,0,0,0,0,0,VALID,VALID
35H-09245,2026-08-07 02:27:00,301.2,0,"Phường Phù Vân, Tỉnh Ninh Bình",0.0,2.0,1,0,0.0,0.0,301.2,0.0,5.0,1,Stopped,0,0,0,0,0,VALID,VALID
35H-09245,2026-08-07 02:29:00,301.2,0,"Phường Phù Vân, Tỉnh Ninh Bình",0.0,2.0,1,0,0.0,0.0,301.2,0.0,5.0,1,Stopped,0,0,0,0,0,VALID,VALID
35H-09245,2026-08-07 02:31:00,301.2,0,"Phường Phù Vân, Tỉnh Ninh Bình",0.0,2.0,1,0,0.0,0.0,301.2,0.0,5.0,1,Stopped,0,0,0,0,0,VALID,VALID
35H-09245,2026-08-07 02:33:00,301.2,0,"Phường Phù Vân, Tỉnh Ninh Bình",0.0,2.0,1,0,0.0,0.0,301.2,0.0,5.0,1,Stopped,0,0,0,0,0,VALID,VALID
35H-09245,2026-08-07 02:35:00,301.2,0,"Phường Phù Vân, Tỉnh Ninh Bình",0.0,2.0,1,0,0.0,0.0,301.2,0.0,5.0,1,Stopped,0,0,0,0,0,VALID,VALID
35H-09245,2026-08-07 02:37:00,301.2,0,"Phường Phù Vân, Tỉnh Ninh Bình",0.0,2.0,1,0,0.0,0.0,301.2,0.0,5.0,1,Stopped,0,0,0,0,0,VALID,VALID
35H-09245,2026-08-07 02:39:00,301.2,0,"Phường Phù Vân, Tỉnh Ninh Bình",0.0,2.0,1,0,0.0,0.0,301.2,0.0,5.0,1,Stopped,0,0,0,0,0,VALID,VALID
35H-09245,2026-08-07 02:41:00,301.2,0,"Phường Phù Vân, Tỉnh Ninh Bình",0.0,2.0,1,0,0.0,0.0,301.2,0.0,5.0,1,Stopped,0,0,0,0,0,VALID,VALID
35H-09245,2026-08-07 02:43:00,301.2,0,"Phường Phù Vân, Tỉnh Ninh Bình",0.0,2.0,1,0,0.0,0.0,301.2,0.0,5.0,1,Stopped,0,0,0,0,0,VALID,VALID
35H-09245,2026-08-07 02:45:00,301.2,0,"Phường Phù Vân, Tỉnh Ninh Bình",0.0,2.0,1,0,0.0,0.0,301.2,0.0,5.0,1,Stopped,0,0,0,0,0,VALID,VALID
35H-09245,2026-08-07 02:47:00,301.2,0,"Phường Phù Vân, Tỉnh Ninh Bình",0.0,2.0,1,0,0.0,0.0,301.2,0.0,5.0,1,Stopped,0,0,0,0,0,VALID,VALID
35H-09245,2026-08-07 02:49:00,301.2,0,"Phường Phù Vân, Tỉnh Ninh Bình",0.0,2.0,1,0,0.0,0.0,301.2,0.0,5.0,1,Stopped,0,0,0,0,0,VALID,VALID
35H-09245,2026-08-07 02:51:00,301.2,0,"Phường Phù Vân, Tỉnh Ninh Bình",0.0,2.0,1,0,0.0,0.0,301.2,0.0,5.0,1,Stopped,0,0,0,0,0,VALID,VALID
35H-09245,2026-08-07 02:53:00,301.2,0,"Phường Phù Vân, Tỉnh Ninh Bình",0.0,2.0,1,0,0.0,0.0,301.2,0.0,5.0,1,Stopped,0,0,0,0,0,VALID,VALID
35H-09245,2026-08-07 02:55:00,301.2,0,"Phường Phù Vân, Tỉnh Ninh Bình",0.0,2.0,1,0,0.0,0.0,301.2,0.0,5.0,1,Stopped,0,0,0,0,0,VALID,VALID
35H-09245,2026-08-07 02:57:00,301.2,0,"Phường Phù Vân, Tỉnh Ninh Bình",0.0,2.0,1,0,0.0,0.0,301.2,0.0,5.0,1,Stopped,0,0,0,0,0,VALID,VALID
35H-09245,2026-08-07 02:59:00,301.2,0,"Phường Phù Vân, Tỉnh Ninh Bình",0.0,2.0,1,0,0.0,0.0,301.2,0.0,5.0,1,Stopped,0,0,0,0,0,VALID,VALID
35H-09245,2026-08-07 03:01:00,301.2,0,"Phường Phù Vân, Tỉnh Ninh Bình",0.0,2.0,1,0,0.0,0.0,301.2,0.0,5.0,1,Stopped,0,0,0,0,0,VALID,VALID
35H-09245,2026-08-07 03:02:00,301.2,0,"Phường Phù Vân, Tỉnh Ninh Bình",0.0,1.0,1,0,0.0,0.0,301.2,0.0,5.0,1,Stopped,0,0,0,0,0,VALID,VALID
35H-09245,2026-08-07 03:04:00,301.2,0,"Phường Phù Vân, Tỉnh Ninh Bình",0.0,2.0,1,0,0.0,0.0,301.2,0.0,5.0,1,Stopped,0,0,0,0,0,VALID,VALID
35H-09245,2026-08-07 03:06:00,301.2,0,"Phường Phù Vân, Tỉnh Ninh Bình",0.0,2.0,1,0,0.0,0.0,301.2,0.0,5.0,1,Stopped,0,0,0,0,0,VALID,VALID
35H-09245,2026-08-07 03:08:00,301.2,0,"Phường Phù Vân, Tỉnh Ninh Bình",0.0,2.0,1,0,0.0,0.0,301.2,0.0,5.0,1,Stopped,0,0,0,0,0,VALID,VALID
35H-09245,2026-08-07 03:10:00,301.2,0,"Phường Phù Vân, Tỉnh Ninh Bình",0.0,2.0,1,0,0.0,0.0,301.2,0.0,5.0,1,Stopped,0,0,0,0,0,VALID,VALID
35H-09245,2026-08-07 03:12:00,301.2,0,"Phường Phù Vân, Tỉnh Ninh Bình",0.0,2.0,1,0,0.0,0.0,301.2,0.0,5.0,1,Stopped,0,0,0,0,0,VALID,VALID
35H-09245,2026-08-07 03:14:00,301.2,0,"Phường Phù Vân, Tỉnh Ninh Bình",0.0,2.0,1,0,0.0,0.0,301.2,0.0,5.0,1,Stopped,0,0,0,0,0,VALID,VALID
35H-09245,2026-08-07 03:16:00,301.2,0,"Phường Phù Vân, Tỉnh Ninh Bình",0.0,2.0,1,0,0.0,0.0,301.2,0.0,5.0,1,Stopped,0,0,0,0,0,VALID,VALID
35H-09245,2026-08-07 03:18:00,301.2,0,"Phường Phù Vân, Tỉnh Ninh Bình",0.0,2.0,1,0,0.0,0.0,301.2,0.0,5.0,1,Stopped,0,0,0,0,0,VALID,VALID
35H-09245,2026-08-07 03:20:00,301.2,0,"Phường Phù Vân, Tỉnh Ninh Bình",0.0,2.0,1,0,0.0,0.0,301.2,0.0,5.0,1,Stopped,0,0,0,0,0,VALID,VALID
35H-09245,2026-08-07 03:22:00,301.2,0,"Phường Phù Vân, Tỉnh Ninh Bình",0.0,2.0,1,0,0.0,0.0,301.2,0.0,5.0,1,Stopped,0,0,0,0,0,VALID,VALID
35H-09245,2026-08-07 03:24:00,301.2,0,"Phường Phù Vân, Tỉnh Ninh Bình",0.0,2.0,1,0,0.0,0.0,301.2,0.0,5.0,1,Stopped,0,0,0,0,0,VALID,VALID
35H-09245,2026-08-07 03:26:00,301.2,0,"Phường Phù Vân, Tỉnh Ninh Bình",0.0,2.0,1,0,0.0,0.0,301.2,0.0,5.0,1,Stopped,0,0,0,0,0,VALID,VALID
35H-09245,2026-08-07 03:28:00,301.2,0,"Phường Phù Vân, Tỉnh Ninh Bình",0.0,2.0,1,0,0.0,0.0,301.2,0.0,5.0,1,Stopped,0,0,0,0,0,VALID,VALID
35H-09245,2026-08-07 03:30:00,301.2,0,"Phường Phù Vân, Tỉnh Ninh Bình",0.0,2.0,1,0,0.0,0.0,301.2,0.0,5.0,1,Stopped,0,0,0,0,0,VALID,VALID
35H-09245,2026-08-07 03:32:00,301.2,0,"Phường Phù Vân, Tỉnh Ninh Bình",0.0,2.0,1,0,0.0,0.0,301.2,0.0,5.0,1,Stopped,0,0,0,0,0,VALID,VALID
35H-09245,2026-08-07 03:34:00,301.2,0,"Phường Phù Vân, Tỉnh Ninh Bình",0.0,2.0,1,0,0.0,0.0,301.2,0.0,5.0,1,Stopped,0,0,0,0,0,VALID,VALID
35H-09245,2026-08-07 03:36:00,301.2,0,"Phường Phù Vân, Tỉnh Ninh Bình",0.0,2.0,1,0,0.0,0.0,301.2,0.0,5.0,1,Stopped,0,0,0,0,0,VALID,VALID
35H-09245,2026-08-07 03:38:00,301.2,0,"Phường Phù Vân, Tỉnh Ninh Bình",0.0,2.0,1,0,0.0,0.0,301.2,0.0,5.0,1,Stopped,0,0,0,0,0,VALID,VALID
35H-09245,2026-08-07 03:40:00,301.2,0,"Phường Phù Vân, Tỉnh Ninh Bình",0.0,2.0,1,0,0.0,0.0,301.2,0.0,5.0,1,Stopped,0,0,0,0,0,VALID,VALID
35H-09245,2026-08-07 03:42:00,301.2,0,"Phường Phù Vân, Tỉnh Ninh Bình",0.0,2.0,1,0,0.0,0.0,301.2,0.0,5.0,1,Stopped,0,0,0,0,0,VALID,VALID
35H-09245,2026-08-07 03:44:00,301.2,0,"Phường Phù Vân, Tỉnh Ninh Bình",0.0,2.0,1,0,0.0,0.0,301.2,0.0,5.0,1,Stopped,0,0,0,0,0,VALID,VALID
35H-09245,2026-08-07 03:46:00,301.2,0,"Phường Phù Vân, Tỉnh Ninh Bình",0.0,2.0,1,0,0.0,0.0,301.2,0.0,5.0,1,Stopped,0,0,0,0,0,VALID,VALID
35H-09245,2026-08-07 03:48:00,301.2,0,"Phường Phù Vân, Tỉnh Ninh Bình",0.0,2.0,1,0,0.0,0.0,301.2,0.0,5.0,1,Stopped,0,0,0,0,0,VALID,VALID
35H-09245,2026-08-07 03:50:00,301.2,0,"Phường Phù Vân, Tỉnh Ninh Bình",0.0,2.0,1,0,0.0,0.0,301.2,0.0,5.0,1,Stopped,0,0,0,0,0,VALID,VALID
35H-09245,2026-08-07 03:52:00,301.2,0,"Phường Phù Vân, Tỉnh Ninh Bình",0.0,2.0,1,0,0.0,0.0,301.2,0.0,5.0,1,Stopped,0,0,0,0,0,VALID,VALID
35H-09245,2026-08-07 03:54:00,301.2,0,"Phường Phù Vân, Tỉnh Ninh Bình",0.0,2.0,1,0,0.0,0.0,301.2,0.0,5.0,1,Stopped,0,0,0,0,0,VALID,VALID
35H-09245,2026-08-07 03:56:00,301.2,0,"Phường Phù Vân, Tỉnh Ninh Bình",0.0,2.0,1,0,0.0,0.0,301.2,0.0,5.0,1,Stopped,0,0,0,0,0,VALID,VALID
35H-09245,2026-08-07 03:58:00,301.2,0,"Phường Phù Vân, Tỉnh Ninh Bình",0.0,2.0,1,0,0.0,0.0,301.2,0.0,5.0,1,Stopped,0,0,0,0,0,VALID,VALID
35H-09245,2026-08-07 04:00:00,301.2,0,"Phường Phù Vân, Tỉnh Ninh Bình",0.0,2.0,1,0,0.0,0.0,301.2,0.0,5.0,1,Stopped,0,0,0,0,0,VALID,VALID
35H-09245,2026-08-07 04:02:00,301.2,0,"Phường Phù Vân, Tỉnh Ninh Bình",0.0,2.0,1,0,0.0,0.0,301.2,0.0,5.0,1,Stopped,0,0,0,0,0,VALID,VALID
35H-09245,2026-08-07 04:06:00,301.2,0,"Phường Phù Vân, Tỉnh Ninh Bình",0.0,4.0,1,0,0.0,0.0,301.2,0.0,5.0,1,Stopped,0,0,0,0,0,VALID,VALID
35H-09245,2026-08-07 04:08:00,301.2,0,"Phường Phù Vân, Tỉnh Ninh Bình",0.0,2.0,1,0,0.0,0.0,301.2,0.0,5.0,1,Stopped,0,0,0,0,0,VALID,VALID
35H-09245,2026-08-07 04:10:00,301.2,0,"Phường Phù Vân, Tỉnh Ninh Bình",0.0,2.0,1,0,0.0,0.0,301.2,0.0,5.0,1,Stopped,0,0,0,0,0,VALID,VALID
35H-09245,2026-08-07 04:12:00,301.2,0,"Phường Phù Vân, Tỉnh Ninh Bình",0.0,2.0,1,0,0.0,0.0,301.2,0.0,5.0,1,Stopped,0,0,0,0,0,VALID,VALID
35H-09245,2026-08-07 04:14:00,301.2,0,"Phường Phù Vân, Tỉnh Ninh Bình",0.0,2.0,1,0,0.0,0.0,301.2,0.0,5.0,1,Stopped,0,0,0,0,0,VALID,VALID
35H-09245,2026-08-07 04:16:00,301.2,0,"Phường Phù Vân, Tỉnh Ninh Bình",0.0,2.0,1,0,0.0,0.0,301.2,0.0,5.0,1,Stopped,0,0,0,0,0,VALID,VALID
35H-09245,2026-08-07 04:18:00,301.2,0,"Phường Phù Vân, Tỉnh Ninh Bình",0.0,2.0,1,0,0.0,0.0,301.2,0.0,5.0,1,Stopped,0,0,0,0,0,VALID,VALID
35H-09245,2026-08-07 04:20:00,301.2,0,"Phường Phù Vân, Tỉnh Ninh Bình",0.0,2.0,1,0,0.0,0.0,301.2,0.0,5.0,1,Stopped,0,0,0,0,0,VALID,VALID
35H-09245,2026-08-07 04:22:00,301.2,0,"Phường Phù Vân, Tỉnh Ninh Bình",0.0,2.0,1,0,0.0,0.0,301.2,0.0,5.0,1,Stopped,0,0,0,0,0,VALID,VALID
35H-09245,2026-08-07 04:24:00,301.2,0,"Phường Phù Vân, Tỉnh Ninh Bình",0.0,2.0,1,0,0.0,0.0,301.2,0.0,5.0,1,Stopped,0,0,0,0,0,VALID,VALID
35H-09245,2026-08-07 04:26:00,301.2,0,"Phường Phù Vân, Tỉnh Ninh Bình",0.0,2.0,1,0,0.0,0.0,301.2,0.0,5.0,1,Stopped,0,0,0,0,0,VALID,VALID
35H-09245,2026-08-07 04:28:00,301.2,0,"Phường Phù Vân, Tỉnh Ninh Bình",0.0,2.0,1,0,0.0,0.0,301.2,0.0,5.0,1,Stopped,0,0,0,0,0,VALID,VALID
35H-09245,2026-08-07 04:30:00,301.2,0,"Phường Phù Vân, Tỉnh Ninh Bình",0.0,2.0,1,0,0.0,0.0,301.2,0.0,5.0,1,Stopped,0,0,0,0,0,VALID,VALID
35H-09245,2026-08-07 04:32:00,301.2,0,"Phường Phù Vân, Tỉnh Ninh Bình",0.0,2.0,1,0,0.0,0.0,301.2,0.0,5.0,1,Stopped,0,0,0,0,0,VALID,VALID
35H-09245,2026-08-07 04:34:00,301.2,0,"Phường Phù Vân, Tỉnh Ninh Bình",0.0,2.0,1,0,0.0,0.0,301.2,0.0,5.0,1,Stopped,0,0,0,0,0,VALID,VALID
35H-09245,2026-08-07 04:36:00,301.2,0,"Phường Phù Vân, Tỉnh Ninh Bình",0.0,2.0,1,0,0.0,0.0,301.2,0.0,5.0,1,Stopped,0,0,0,0,0,VALID,VALID
35H-09245,2026-08-07 04:38:00,301.2,0,"Phường Phù Vân, Tỉnh Ninh Bình",0.0,2.0,1,0,0.0,0.0,301.2,0.0,5.0,1,Stopped,0,0,0,0,0,VALID,VALID
35H-09245,2026-08-07 04:40:00,301.2,0,"Phường Phù Vân, Tỉnh Ninh Bình",0.0,2.0,1,0,0.0,0.0,301.2,0.0,5.0,1,Stopped,0,0,0,0,0,VALID,VALID
35H-09245,2026-08-07 04:42:00,301.2,0,"Phường Phù Vân, Tỉnh Ninh Bình",0.0,2.0,1,0,0.0,0.0,301.2,0.0,5.0,1,Stopped,0,0,0,0,0,VALID,VALID
35H-09245,2026-08-07 04:44:00,301.2,0,"Phường Phù Vân, Tỉnh Ninh Bình",0.0,2.0,1,0,0.0,0.0,301.2,0.0,5.0,1,Stopped,0,0,0,0,0,VALID,VALID
35H-09245,2026-08-07 04:46:00,301.2,0,"Phường Phù Vân, Tỉnh Ninh Bình",0.0,2.0,1,0,0.0,0.0,301.2,0.0,5.0,1,Stopped,0,0,0,0,0,VALID,VALID
35H-09245,2026-08-07 04:48:00,301.2,0,"Phường Phù Vân, Tỉnh Ninh Bình",0.0,2.0,1,0,0.0,0.0,301.2,0.0,5.0,1,Stopped,0,0,0,0,0,VALID,VALID
35H-09245,2026-08-07 04:50:00,301.2,0,"Phường Phù Vân, Tỉnh Ninh Bình",0.0,2.0,1,0,0.0,0.0,301.2,0.0,5.0,1,Stopped,0,0,0,0,0,VALID,VALID
35H-09245,2026-08-07 04:52:00,301.2,0,"Phường Phù Vân, Tỉnh Ninh Bình",0.0,2.0,1,0,0.0,0.0,301.2,0.0,5.0,1,Stopped,0,0,0,0,0,VALID,VALID
35H-09245,2026-08-07 04:54:00,301.2,0,"Phường Phù Vân, Tỉnh Ninh Bình",0.0,2.0,1,0,0.0,0.0,301.2,0.0,5.0,1,Stopped,0,0,0,0,0,VALID,VALID
35H-09245,2026-08-07 04:56:00,301.2,0,"Phường Phù Vân, Tỉnh Ninh Bình",0.0,2.0,1,0,0.0,0.0,301.2,0.0,5.0,1,Stopped,0,0,0,0,0,VALID,VALID
35H-09245,2026-08-07 04:58:00,301.3,0,"Phường Phù Vân, Tỉnh Ninh Bình",0.0,2.0,1,0,0.10000000000002274,0.05000000000001137,301.2,0.04472136509636006,5.0,1,Stopped,0,0,0,0,0,VALID,VALID
35H-09245,2026-08-07 05:00:00,301.3,0,"Phường Phù Vân, Tỉnh Ninh Bình",0.0,2.0,1,0,0.0,0.0,301.2,0.05477226027912258,5.0,1,Stopped,0,0,0,0,0,VALID,VALID
35H-09245,2026-08-07 05:02:00,301.3,0,"Phường Phù Vân, Tỉnh Ninh Bình",0.0,2.0,1,0,0.0,0.0,301.3,0.05477226027914593,5.0,1,Stopped,0,0,0,0,0,VALID,VALID
35H-09245,2026-08-07 05:04:00,301.3,0,"Phường Phù Vân, Tỉnh Ninh Bình",0.0,2.0,1,0,0.0,0.0,301.3,0.04472136509644586,5.0,1,Stopped,0,0,0,0,0,VALID,VALID
35H-09245,2026-08-07 05:07:00,301.4,0,"Phường Phù Vân, Tỉnh Ninh Bình",0.0,3.0,1,0,0.0999999999999659,0.03333333333332197,301.3,0.04472136509651577,5.0,1,Stopped,0,0,0,0,0,VALID,VALID
35H-09245,2026-08-07 05:09:00,301.4,0,"Phường Phù Vân, Tỉnh Ninh Bình",0.0,2.0,1,0,0.0,0.0,301.3,0.05477226027925555,5.0,1,Stopped,0,0,0,0,0,VALID,VALID
35H-09245,2026-08-07 05:11:00,301.4,0,"Phường Phù Vân, Tỉnh Ninh Bình",0.0,2.0,1,0,0.0,0.0,301.4,0.05477226027929058,5.0,1,Stopped,0,0,0,0,0,VALID,VALID
35H-09245,2026-08-07 05:13:00,301.4,0,"Phường Phù Vân, Tỉnh Ninh Bình",0.0,2.0,1,0,0.0,0.0,301.4,0.044721365096644455,5.0,1,Stopped,0,0,0,0,0,VALID,VALID
35H-09245,2026-08-07 05:15:00,301.4,0,"Phường Phù Vân, Tỉnh Ninh Bình",0.0,2.0,1,0,0.0,0.0,301.4,0.0,5.0,1,Stopped,0,0,0,0,0,VALID,VALID
35H-09245,2026-08-07 05:17:00,301.4,0,"Phường Phù Vân, Tỉnh Ninh Bình",0.0,2.0,1,0,0.0,0.0,301.4,0.0,5.0,1,Stopped,0,0,0,0,0,VALID,VALID
35H-09245,2026-08-07 05:19:00,301.4,0,"Phường Phù Vân, Tỉnh Ninh Bình",0.0,2.0,1,0,0.0,0.0,301.4,0.0,5.0,1,Stopped,0,0,0,0,0,VALID,VALID
35H-09245,2026-08-07 05:21:00,301.4,0,"Phường Phù Vân, Tỉnh Ninh Bình",0.0,2.0,1,0,0.0,0.0,301.4,0.0,5.0,1,Stopped,0,0,0,0,0,VALID,VALID
35H-09245,2026-08-07 05:23:00,301.4,0,"Phường Phù Vân, Tỉnh Ninh Bình",0.0,2.0,1,0,0.0,0.0,301.4,0.0,5.0,1,Stopped,0,0,0,0,0,VALID,VALID
35H-09245,2026-08-07 05:25:00,301.4,0,"Phường Phù Vân, Tỉnh Ninh Bình",0.0,2.0,1,0,0.0,0.0,301.4,0.0,5.0,1,Stopped,0,0,0,0,0,VALID,VALID
35H-09245,2026-08-07 05:27:00,301.4,0,"Phường Phù Vân, Tỉnh Ninh Bình",0.0,2.0,1,0,0.0,0.0,301.4,0.0,5.0,1,Stopped,0,0,0,0,0,VALID,VALID
35H-09245,2026-08-07 05:29:00,301.4,0,"Phường Phù Vân, Tỉnh Ninh Bình",0.0,2.0,1,0,0.0,0.0,301.4,0.0,5.0,1,Stopped,0,0,0,0,0,VALID,VALID
35H-09245,2026-08-07 05:30:00,301.4,0,"Phường Phù Vân, Tỉnh Ninh Bình",0.0,1.0,1,0,0.0,0.0,301.4,0.0,5.0,1,Stopped,0,0,0,0,0,VALID,VALID
35H-09245,2026-08-07 05:32:00,301.4,0,"Phường Phù Vân, Tỉnh Ninh Bình",0.0,2.0,1,0,0.0,0.0,301.4,0.0,5.0,1,Stopped,0,0,0,0,0,VALID,VALID
35H-09245,2026-08-07 05:34:00,301.4,0,"Phường Phù Vân, Tỉnh Ninh Bình",0.0,2.0,1,0,0.0,0.0,301.4,0.0,5.0,1,Stopped,0,0,0,0,0,VALID,VALID
35H-09245,2026-08-07 05:35:00,301.4,0,"Phường Phù Vân, Tỉnh Ninh Bình",0.0,1.0,1,0,0.0,0.0,301.4,0.0,5.0,1,Stopped,0,0,0,0,0,VALID,VALID
35H-09245,2026-08-07 05:36:00,301.3,0,"Phường Phù Vân, Tỉnh Ninh Bình",0.0,1.0,1,0,-0.0999999999999659,-0.0999999999999659,301.4,0.044721365096644455,5.0,1,Stopped,0,0,0,0,0,VALID,VALID
35H-09245,2026-08-07 05:37:00,301.4,0,"Phường Phù Vân, Tỉnh Ninh Bình",0.0,1.0,1,0,0.0999999999999659,0.0999999999999659,301.4,0.044721365096644455,5.0,1,Stopped,0,0,0,0,0,VALID,VALID
35H-09245,2026-08-07 05:38:00,301.2,0,"Phường Phù Vân, Tỉnh Ninh Bình",0.0,1.0,1,0,-0.19999999999998863,-0.19999999999998863,301.4,0.08944272187327292,5.0,1,Stopped,0,0,0,0,0,VALID,VALID
35H-09245,2026-08-07 05:40:00,300.7,0,"Phường Phù Vân, Tỉnh Ninh Bình",0.0,2.0,1,0,-0.5,-0.25,301.3,0.29154759559303844,5.0,1,Stopped,0,0,0,0,0,VALID,VALID
35H-09245,2026-08-07 05:41:00,301.2,0,"Phường Phù Vân, Tỉnh Ninh Bình",0.0,1.0,1,0,0.5,0.5,301.2,0.27018512264015915,5.0,1,Stopped,0,0,0,0,0,VALID,VALID
35H-09245,2026-08-07 05:42:00,301.4,32,"Lê Chân, Phường Phù Vân, Tỉnh Ninh Bình",0.0,1.0,1,0,0.19999999999998863,0.19999999999998863,301.2,0.2863564221317201,5.0,1,Moving,0,0,0,0,0,VALID,VALID
35H-09245,2026-08-07 05:43:00,301.1,0,"Phường Phù Vân, Tỉnh Ninh Bình",0.0,1.0,1,0,-0.2999999999999545,-0.2999999999999545,301.2,0.2588435830691338,5.0,1,Stopped,0,0,0,0,0,VALID,VALID
35H-09245,2026-08-07 05:44:00,300.4,29,"Phủ Lý - Kiện Khê, Phường Lý Thường Kiệt, Tỉnh Ninh Bình",0.0,1.0,1,0,-0.7000000000000455,-0.7000000000000455,301.1,0.4037325853780264,5.0,1,Moving,0,0,0,0,0,VALID,VALID
35H-09245,2026-08-07 05:45:00,301.5,0,"Lê Chân, Phường Phù Vân, Tỉnh Ninh Bình",0.0,1.0,1,0,1.1000000000000227,1.1000000000000227,301.2,0.43243496678237,5.0,1,Stopped,0,0,0,0,0,VALID,VALID
35H-09245,2026-08-07 05:46:00,299.5,53,"Phủ Lý - Kiện Khê, Phường Lý Thường Kiệt, Tỉnh Ninh Bình",0.0,1.0,1,0,-2.0,-2.0,301.1,0.8348652588867024,5.0,1,Moving,0,0,0,0,0,VALID,VALID
35H-09245,2026-08-07 05:48:00,298.1,0,"Phan Trọng Tuệ, Phường Lý Thường Kiệt, Tỉnh Ninh Bình",0.0,2.0,1,0,-1.3999999999999773,-0.6999999999999886,300.4,1.360882067078457,5.0,1,Stopped,0,0,0,0,0,VALID,VALID
35H-09245,2026-08-07 05:50:00,295.8,28,"Phan Trọng Tuệ, Phường Lý Thường Kiệt, Tỉnh Ninh Bình",0.0,2.0,1,0,-2.3000000000000114,-1.1500000000000057,299.5,2.207487259418598,5.0,1,Moving,0,0,0,0,0,VALID,VALID
35H-09245,2026-08-07 05:52:00,302.0,0,"Phan Trọng Tuệ, Phường Lý Thường Kiệt, Tỉnh Ninh Bình",0.0,2.0,1,0,6.199999999999989,3.0999999999999943,299.5,2.5410627698849844,5.0,1,Stopped,0,0,0,0,0,VALID,VALID
35H-09245,2026-08-07 05:53:00,295.9,0,"Phan Trọng Tuệ, Phường Lý Thường Kiệt, Tỉnh Ninh Bình",0.0,1.0,1,0,-6.100000000000023,-6.100000000000023,298.1,2.6063384278514645,5.0,1,Stopped,0,0,0,0,0,VALID,VALID
35H-09245,2026-08-07 05:54:00,298.0,11,"Phường Lý Thường Kiệt, Tỉnh Ninh Bình",0.0,1.0,1,0,2.1000000000000227,2.1000000000000227,298.0,2.512568407127484,5.0,1,Moving,0,0,0,0,0,VALID,VALID
35H-09245,2026-08-07 05:56:00,298.7,0,"Phường Lý Thường Kiệt, Tỉnh Ninh Bình",0.0,2.0,1,0,0.6999999999999886,0.3499999999999943,298.0,2.5351528554497804,5.0,1,Stopped,0,0,0,0,0,VALID,VALID
35H-09245,2026-08-07 05:57:00,298.2,0,"Phường Lý Thường Kiệt, Tỉnh Ninh Bình",0.0,1.0,1,0,-0.5,-0.5,298.2,2.2006817126734473,5.0,1,Stopped,0,0,0,0,0,VALID,VALID
35H-09245,2026-08-07 05:58:00,298.4,0,"Phường Lý Thường Kiệt, Tỉnh Ninh Bình",0.0,1.0,1,0,0.19999999999998863,0.19999999999998863,298.2,1.1148990987955527,5.0,1,Stopped,0,0,0,0,0,VALID,VALID
35H-09245,2026-08-07 05:59:00,298.4,0,"Phường Lý Thường Kiệt, Tỉnh Ninh Bình",0.0,1.0,1,0,0.0,0.0,298.4,0.2607680971575991,5.0,1,Stopped,0,0,0,0,0,VALID,VALID
35H-09245,2026-08-07 06:01:00,298.4,0,"Phường Lý Thường Kiệt, Tỉnh Ninh Bình",0.0,2.0,1,0,0.0,0.0,298.4,0.17888543958414155,5.0,1,Stopped,0,0,0,0,0,VALID,VALID
35H-09245,2026-08-07 06:03:00,298.2,0,"Phường Lý Thường Kiệt, Tỉnh Ninh Bình",0.0,2.0,1,0,-0.19999999999998863,-0.09999999999999432,298.4,0.10954451376127458,5.0,1,Stopped,0,0,0,0,0,VALID,VALID
35H-09245,2026-08-07 06:04:00,296.5,0,"Phường Lý Thường Kiệt, Tỉnh Ninh Bình",0.0,1.0,1,0,-1.6999999999999886,-1.6999999999999886,298.4,0.8318653740210135,5.0,1,Stopped,0,0,0,0,0,VALID,VALID
35H-09245,2026-08-07 06:06:00,296.8,0,"Phường Lý Thường Kiệt, Tỉnh Ninh Bình",0.0,2.0,1,0,0.30000000000001137,0.15000000000000568,298.2,0.9316651761738483,5.0,1,Stopped,0,0,0,0,0,VALID,VALID
35H-09245,2026-08-07 06:08:00,296.7,0,"Phường Lý Thường Kiệt, Tỉnh Ninh Bình",0.0,2.0,1,0,-0.10000000000002274,-0.05000000000001137,296.8,0.9038805233519512,5.0,1,Stopped,0,0,0,0,0,VALID,VALID
35H-09245,2026-08-07 06:09:00,297.0,0,"Phường Lý Thường Kiệt, Tỉnh Ninh Bình",0.0,1.0,1,0,0.30000000000001137,0.30000000000001137,296.8,0.6730527471862636,5.0,1,Stopped,0,0,0,0,0,VALID,VALID
35H-09245,2026-08-07 06:10:00,296.6,0,"Phường Lý Thường Kiệt, Tỉnh Ninh Bình",0.0,1.0,1,0,-0.39999999999997726,-0.39999999999997726,296.7,0.19235384190327437,5.0,1,Stopped,0,0,0,0,0,VALID,VALID
35H-09245,2026-08-07 06:11:00,296.7,0,"Phường Lý Thường Kiệt, Tỉnh Ninh Bình",0.0,1.0,1,0,0.0999999999999659,0.0999999999999659,296.7,0.15165751051284282,5.0,1,Stopped,0,0,0,0,0,VALID,VALID
35H-09245,2026-08-07 06:12:00,296.5,0,"Phường Lý Thường Kiệt, Tỉnh Ninh Bình",0.0,1.0,1,0,-0.19999999999998863,-0.19999999999998863,296.7,0.18708287066151177,5.0,1,Stopped,0,0,0,0,0,VALID,VALID
35H-09245,2026-08-07 06:13:00,296.6,0,"Phường Lý Thường Kiệt, Tỉnh Ninh Bình",0.0,1.0,1,0,0.10000000000002274,0.10000000000002274,296.6,0.19235384190327695,5.0,1,Stopped,0,0,0,0,0,VALID,VALID
35H-09245,2026-08-07 06:14:00,296.5,0,"Phường Lý Thường Kiệt, Tỉnh Ninh Bình",0.0,1.0,1,0,-0.10000000000002274,-0.10000000000002274,296.6,0.08366600561132846,5.0,1,Stopped,0,0,0,0,0,VALID,VALID
35H-09245,2026-08-07 06:15:00,296.5,0,"Phường Lý Thường Kiệt, Tỉnh Ninh Bình",0.0,1.0,1,0,0.0,0.0,296.5,0.08944272186688453,5.0,1,Stopped,0,0,0,0,0,VALID,VALID
35H-09245,2026-08-07 06:16:00,296.4,0,"Phường Lý Thường Kiệt, Tỉnh Ninh Bình",0.0,1.0,1,0,-0.10000000000002274,-0.10000000000002274,296.5,0.07071068161861302,5.0,1,Stopped,0,0,0,0,0,VALID,VALID
35H-09245,2026-08-07 06:19:00,296.4,0,"Phường Lý Thường Kiệt, Tỉnh Ninh Bình",0.0,3.0,1,0,0.0,0.0,296.5,0.08366600561142783,5.0,1,Stopped,0,0,0,0,1,DUPLICATE_TIME,VALID
35H-09245,2026-08-07 06:19:00,296.2,0,"Phường Lý Thường Kiệt, Tỉnh Ninh Bình",0.0,0.0,1,0,-0.19999999999998863,,296.4,0.12247448915989675,5.0,1,Stopped,0,0,0,0,1,DUPLICATE_TIME,VALID
35H-09245,2026-08-07 06:21:00,296.2,0,"Phường Lý Thường Kiệt, Tỉnh Ninh Bình",0.0,2.0,1,0,0.0,0.0,296.4,0.13416408049468542,5.0,1,Stopped,0,0,0,0,0,VALID,VALID
35H-09245,2026-08-07 06:23:00,296.2,0,"Phường Lý Thường Kiệt, Tỉnh Ninh Bình",0.0,2.0,1,0,0.0,0.0,296.2,0.10954451376034934,5.0,1,Stopped,0,0,0,0,0,VALID,VALID
35H-09245,2026-08-07 06:25:00,296.2,0,"Phường Lý Thường Kiệt, Tỉnh Ninh Bình",0.0,2.0,1,0,0.0,0.0,296.2,0.08944272186711091,5.0,1,Stopped,0,0,0,0,0,VALID,VALID
35H-09245,2026-08-07 06:27:00,296.2,0,"Phường Lý Thường Kiệt, Tỉnh Ninh Bình",0.0,2.0,1,0,0.0,0.0,296.2,0.0,5.0,1,Stopped,0,0,0,0,0,VALID,VALID
35H-09245,2026-08-07 06:29:00,296.2,0,"Phường Lý Thường Kiệt, Tỉnh Ninh Bình",0.0,2.0,1,0,0.0,0.0,296.2,0.0,5.0,1,Stopped,0,0,0,0,0,VALID,VALID
35H-09245,2026-08-07 06:31:00,296.2,0,"Phường Lý Thường Kiệt, Tỉnh Ninh Bình",0.0,2.0,1,0,0.0,0.0,296.2,0.0,5.0,1,Stopped,0,0,0,0,0,VALID,VALID
35H-09245,2026-08-07 06:33:00,296.2,0,"Phường Lý Thường Kiệt, Tỉnh Ninh Bình",0.0,2.0,1,0,0.0,0.0,296.2,0.0,5.0,1,Stopped,0,0,0,0,0,VALID,VALID
35H-09245,2026-08-07 06:35:00,296.2,0,"Phường Lý Thường Kiệt, Tỉnh Ninh Bình",0.0,2.0,1,0,0.0,0.0,296.2,0.0,5.0,1,Stopped,0,0,0,0,0,VALID,VALID
35H-09245,2026-08-07 06:36:00,296.0,0,"Phường Lý Thường Kiệt, Tỉnh Ninh Bình",0.0,1.0,1,0,-0.19999999999998863,-0.19999999999998863,296.2,0.08944272186723803,5.0,1,Stopped,0,0,0,0,0,VALID,VALID
35H-09245,2026-08-07 06:38:00,297.1,0,"Phường Lý Thường Kiệt, Tỉnh Ninh Bình",0.0,2.0,1,0,1.1000000000000227,0.5500000000000114,296.2,0.43358966834434653,5.0,1,Stopped,0,0,0,0,0,VALID,VALID
35H-09245,2026-08-07 06:40:00,297.1,0,"Phường Lý Thường Kiệt, Tỉnh Ninh Bình",0.0,2.0,1,0,0.0,0.0,296.2,0.5357238099010555,5.0,1,Stopped,0,0,0,0,0,VALID,VALID
35H-09245,2026-08-07 06:42:00,297.1,0,"Phường Lý Thường Kiệt, Tỉnh Ninh Bình",0.0,2.0,1,0,0.0,0.0,297.1,0.552268051307366,5.0,1,Stopped,0,0,0,0,0,VALID,VALID
35H-09245,2026-08-07 06:44:00,297.1,0,"Phường Lý Thường Kiệt, Tỉnh Ninh Bình",0.0,2.0,1,0,0.0,0.0,297.1,0.49193495555282496,5.0,1,Stopped,0,0,0,0,0,VALID,VALID
35H-09245,2026-08-07 06:46:00,297.1,0,"Phường Lý Thường Kiệt, Tỉnh Ninh Bình",0.0,2.0,1,0,0.0,0.0,297.1,0.0,5.0,1,Stopped,0,0,0,0,0,VALID,VALID
35H-09245,2026-08-07 06:47:00,297.1,0,"Phường Lý Thường Kiệt, Tỉnh Ninh Bình",0.0,1.0,1,0,0.0,0.0,297.1,0.0,5.0,1,Stopped,0,0,0,0,0,VALID,VALID
35H-09245,2026-08-07 06:48:00,297.1,0,"Phường Lý Thường Kiệt, Tỉnh Ninh Bình",0.0,1.0,1,0,0.0,0.0,297.1,0.0,5.0,1,Stopped,0,0,0,0,0,VALID,VALID
35H-09245,2026-08-07 06:49:00,297.1,0,"Phường Lý Thường Kiệt, Tỉnh Ninh Bình",0.0,1.0,1,0,0.0,0.0,297.1,0.0,5.0,1,Stopped,0,0,0,0,0,VALID,VALID
35H-09245,2026-08-07 06:50:00,297.1,0,"Phường Lý Thường Kiệt, Tỉnh Ninh Bình",0.0,1.0,1,0,0.0,0.0,297.1,0.0,5.0,1,Stopped,0,0,0,0,0,VALID,VALID
35H-09245,2026-08-07 06:51:00,297.1,0,"Phường Lý Thường Kiệt, Tỉnh Ninh Bình",0.0,1.0,1,0,0.0,0.0,297.1,0.0,5.0,1,Stopped,0,0,0,0,0,VALID,VALID
35H-09245,2026-08-07 06:53:00,297.1,0,"Phường Lý Thường Kiệt, Tỉnh Ninh Bình",0.0,2.0,1,0,0.0,0.0,297.1,0.0,5.0,1,Stopped,0,0,0,0,0,VALID,VALID
35H-09245,2026-08-07 06:55:00,297.1,0,"Phường Lý Thường Kiệt, Tỉnh Ninh Bình",0.0,2.0,1,0,0.0,0.0,297.1,0.0,5.0,1,Stopped,0,0,0,0,0,VALID,VALID
35H-09245,2026-08-07 06:57:00,297.1,0,"Phường Lý Thường Kiệt, Tỉnh Ninh Bình",0.0,2.0,1,0,0.0,0.0,297.1,0.0,5.0,1,Stopped,0,0,0,0,0,VALID,VALID
35H-09245,2026-08-07 06:59:00,297.1,0,"Phường Lý Thường Kiệt, Tỉnh Ninh Bình",0.0,2.0,1,0,0.0,0.0,297.1,0.0,5.0,1,Stopped,0,0,0,0,0,VALID,VALID
35H-09245,2026-08-07 07:01:00,297.1,0,"Phường Lý Thường Kiệt, Tỉnh Ninh Bình",0.0,2.0,1,0,0.0,0.0,297.1,0.0,5.0,1,Stopped,0,0,0,0,0,VALID,VALID
35H-09245,2026-08-07 07:02:00,296.9,11,"Phường Lý Thường Kiệt, Tỉnh Ninh Bình",0.0,1.0,1,0,-0.20000000000004547,-0.20000000000004547,297.1,0.0894427218653649,5.0,1,Moving,0,0,0,0,0,VALID,VALID
35H-09245,2026-08-07 07:04:00,296.6,0,"Phường Lý Thường Kiệt, Tỉnh Ninh Bình",0.0,2.0,1,0,-0.2999999999999545,-0.14999999999997726,297.1,0.21908902413106948,5.0,1,Stopped,0,0,0,0,0,VALID,VALID
35H-09245,2026-08-07 07:06:00,296.6,0,"Phường Lý Thường Kiệt, Tỉnh Ninh Bình",0.0,2.0,1,0,0.0,0.0,296.9,0.25099800894574076,5.0,1,Stopped,0,0,0,0,0,VALID,VALID
35H-09245,2026-08-07 07:07:00,296.6,0,"Phường Lý Thường Kiệt, Tỉnh Ninh Bình",0.0,1.0,1,0,0.0,0.0,296.6,0.23021728973897,5.0,1,Stopped,0,0,0,0,0,VALID,VALID
35H-09245,2026-08-07 07:09:00,296.5,0,"Phường Lý Thường Kiệt, Tỉnh Ninh Bình",0.0,2.0,1,0,-0.10000000000002274,-0.05000000000001137,296.6,0.15165751051233287,5.0,1,Stopped,0,0,0,0,1,DUPLICATE_TIME,VALID
35H-09245,2026-08-07 07:09:00,296.6,0,"Phường Lý Thường Kiệt, Tỉnh Ninh Bình",0.0,0.0,1,0,0.10000000000002274,,296.6,0.04472136508232589,5.0,1,Stopped,0,0,0,0,1,DUPLICATE_TIME,VALID
35H-09245,2026-08-07 07:11:00,296.5,0,"Phường Lý Thường Kiệt, Tỉnh Ninh Bình",0.0,2.0,1,0,-0.10000000000002274,-0.05000000000001137,296.6,0.054772260267700705,5.0,1,Stopped,0,0,0,0,0,VALID,VALID
35H-09245,2026-08-07 07:13:00,296.5,0,"Phường Lý Thường Kiệt, Tỉnh Ninh Bình",0.0,2.0,1,0,0.0,0.0,296.5,0.054772260267740916,5.0,1,Stopped,0,0,0,0,0,VALID,VALID
35H-09245,2026-08-07 07:14:00,296.5,0,"Phường Lý Thường Kiệt, Tỉnh Ninh Bình",0.0,1.0,1,0,0.0,0.0,296.5,0.04472136508247762,5.0,1,Stopped,0,0,0,0,0,VALID,VALID
35H-09245,2026-08-07 07:16:00,296.5,0,"Phường Lý Thường Kiệt, Tỉnh Ninh Bình",0.0,2.0,1,0,0.0,0.0,296.5,0.04472136508247762,5.0,1,Stopped,0,0,0,0,0,VALID,VALID
35H-09245,2026-08-07 07:18:00,296.5,0,"Phường Lý Thường Kiệt, Tỉnh Ninh Bình",0.0,2.0,1,0,0.0,0.0,296.5,0.0,5.0,1,Stopped,0,0,0,0,0,VALID,VALID
35H-09245,2026-08-07 07:20:00,296.5,0,"Phường Lý Thường Kiệt, Tỉnh Ninh Bình",0.0,2.0,1,0,0.0,0.0,296.5,0.0,5.0,1,Stopped,0,0,0,0,0,VALID,VALID
35H-09245,2026-08-07 07:22:00,296.5,0,"Phường Lý Thường Kiệt, Tỉnh Ninh Bình",0.0,2.0,1,0,0.0,0.0,296.5,0.0,5.0,1,Stopped,0,0,0,0,0,VALID,VALID
35H-09245,2026-08-07 07:24:00,296.5,0,"Phường Lý Thường Kiệt, Tỉnh Ninh Bình",0.0,2.0,1,0,0.0,0.0,296.5,0.0,5.0,1,Stopped,0,0,0,0,0,VALID,VALID
35H-09245,2026-08-07 07:26:00,296.5,0,"Phường Lý Thường Kiệt, Tỉnh Ninh Bình",0.0,2.0,1,0,0.0,0.0,296.5,0.0,5.0,1,Stopped,0,0,0,0,0,VALID,VALID
35H-09245,2026-08-07 07:28:00,296.4,0,"Phường Lý Thường Kiệt, Tỉnh Ninh Bình",0.0,2.0,1,0,-0.10000000000002274,-0.05000000000001137,296.5,0.044721365082576126,5.0,1,Stopped,0,0,0,0,0,VALID,VALID
35H-09245,2026-08-07 07:29:00,296.5,0,"Phường Lý Thường Kiệt, Tỉnh Ninh Bình",0.0,1.0,1,0,0.10000000000002274,0.10000000000002274,296.5,0.044721365082576126,5.0,1,Stopped,0,0,0,0,0,VALID,VALID
35H-09245,2026-08-07 07:30:00,296.6,0,"Phường Lý Thường Kiệt, Tỉnh Ninh Bình",0.0,1.0,1,0,0.10000000000002274,0.10000000000002274,296.5,0.07071068161775447,5.0,1,Stopped,0,0,0,0,0,VALID,VALID
35H-09245,2026-08-07 07:33:00,296.6,0,"Phường Lý Thường Kiệt, Tỉnh Ninh Bình",0.0,3.0,1,0,0.0,0.0,296.5,0.08366600561068013,5.0,1,Stopped,0,0,0,0,1,DUPLICATE_TIME,VALID
35H-09245,2026-08-07 07:33:00,297.8,0,"Phường Lý Thường Kiệt, Tỉnh Ninh Bình",0.0,0.0,1,0,1.1999999999999886,,296.6,0.5761944120649162,5.0,1,Stopped,0,0,0,0,1,DUPLICATE_TIME,VALID
35H-09245,2026-08-07 07:35:00,297.8,0,"Phường Lý Thường Kiệt, Tỉnh Ninh Bình",0.0,2.0,1,0,0.0,0.0,296.6,0.676756972993113,5.0,1,Stopped,0,0,0,0,0,VALID,VALID
35H-09245,2026-08-07 07:37:00,297.8,0,"Phường Lý Thường Kiệt, Tỉnh Ninh Bình",0.0,2.0,1,0,0.0,0.0,297.8,0.657267069382587,5.0,1,Stopped,0,0,0,0,0,VALID,VALID
35H-09245,2026-08-07 07:39:00,297.8,0,"Phường Lý Thường Kiệt, Tỉnh Ninh Bình",0.0,2.0,1,0,0.0,0.0,297.8,0.5366563150609112,5.0,1,Stopped,0,0,0,0,0,VALID,VALID
35H-09245,2026-08-07 07:41:00,297.8,0,"Phường Lý Thường Kiệt, Tỉnh Ninh Bình",0.0,2.0,1,0,0.0,0.0,297.8,0.0,5.0,1,Stopped,0,0,0,0,0,VALID,VALID
35H-09245,2026-08-07 07:43:00,297.8,0,"Phường Lý Thường Kiệt, Tỉnh Ninh Bình",0.0,2.0,1,0,0.0,0.0,297.8,0.0,5.0,1,Stopped,0,0,0,0,0,VALID,VALID
35H-09245,2026-08-07 07:45:00,297.8,0,"Phường Lý Thường Kiệt, Tỉnh Ninh Bình",0.0,2.0,1,0,0.0,0.0,297.8,0.0,5.0,1,Stopped,0,0,0,0,0,VALID,VALID
35H-09245,2026-08-07 07:47:00,297.8,0,"Phường Lý Thường Kiệt, Tỉnh Ninh Bình",0.0,2.0,1,0,0.0,0.0,297.8,0.0,5.0,1,Stopped,0,0,0,0,0,VALID,VALID
35H-09245,2026-08-07 07:49:00,297.8,0,"Phường Lý Thường Kiệt, Tỉnh Ninh Bình",0.0,2.0,1,0,0.0,0.0,297.8,0.0,5.0,1,Stopped,0,0,0,0,0,VALID,VALID
35H-09245,2026-08-07 07:51:00,297.8,0,"Phường Lý Thường Kiệt, Tỉnh Ninh Bình",0.0,2.0,1,0,0.0,0.0,297.8,0.0,5.0,1,Stopped,0,0,0,0,0,VALID,VALID
35H-09245,2026-08-07 07:53:00,297.8,0,"Phường Lý Thường Kiệt, Tỉnh Ninh Bình",0.0,2.0,1,0,0.0,0.0,297.8,0.0,5.0,1,Stopped,0,0,0,0,0,VALID,VALID
35H-09245,2026-08-07 07:55:00,297.8,0,"Phường Lý Thường Kiệt, Tỉnh Ninh Bình",0.0,2.0,1,0,0.0,0.0,297.8,0.0,5.0,1,Stopped,0,0,0,0,0,VALID,VALID
35H-09245,2026-08-07 07:57:00,297.8,0,"Phường Lý Thường Kiệt, Tỉnh Ninh Bình",0.0,2.0,1,0,0.0,0.0,297.8,0.0,5.0,1,Stopped,0,0,0,0,0,VALID,VALID
35H-09245,2026-08-07 07:59:00,297.8,0,"Phường Lý Thường Kiệt, Tỉnh Ninh Bình",0.0,2.0,1,0,0.0,0.0,297.8,0.0,5.0,1,Stopped,0,0,0,0,0,VALID,VALID
35H-09245,2026-08-07 08:01:00,297.8,0,"Phường Lý Thường Kiệt, Tỉnh Ninh Bình",0.0,2.0,1,0,0.0,0.0,297.8,0.0,5.0,1,Stopped,0,0,0,0,0,VALID,VALID
35H-09245,2026-08-07 08:03:00,297.8,0,"Phường Lý Thường Kiệt, Tỉnh Ninh Bình",0.0,2.0,1,0,0.0,0.0,297.8,0.0,5.0,1,Stopped,0,0,0,0,0,VALID,VALID
35H-09245,2026-08-07 08:05:00,297.8,0,"Phường Lý Thường Kiệt, Tỉnh Ninh Bình",0.0,2.0,1,0,0.0,0.0,297.8,0.0,5.0,1,Stopped,0,0,0,0,0,VALID,VALID
35H-09245,2026-08-07 08:07:00,297.8,0,"Phường Lý Thường Kiệt, Tỉnh Ninh Bình",0.0,2.0,1,0,0.0,0.0,297.8,0.0,5.0,1,Stopped,0,0,0,0,0,VALID,VALID
35H-09245,2026-08-07 08:09:00,297.8,0,"Phường Lý Thường Kiệt, Tỉnh Ninh Bình",0.0,2.0,1,0,0.0,0.0,297.8,0.0,5.0,1,Stopped,0,0,0,0,0,VALID,VALID
35H-09245,2026-08-07 08:11:00,297.8,0,"Phường Lý Thường Kiệt, Tỉnh Ninh Bình",0.0,2.0,1,0,0.0,0.0,297.8,0.0,5.0,1,Stopped,0,0,0,0,0,VALID,VALID
35H-09245,2026-08-07 08:13:00,297.8,0,"Phường Lý Thường Kiệt, Tỉnh Ninh Bình",0.0,2.0,1,0,0.0,0.0,297.8,0.0,5.0,1,Stopped,0,0,0,0,0,VALID,VALID
35H-09245,2026-08-07 08:15:00,297.8,0,"Phường Lý Thường Kiệt, Tỉnh Ninh Bình",0.0,2.0,1,0,0.0,0.0,297.8,0.0,5.0,1,Stopped,0,0,0,0,0,VALID,VALID
35H-09245,2026-08-07 08:16:00,297.8,0,"Phường Lý Thường Kiệt, Tỉnh Ninh Bình",0.0,1.0,1,0,0.0,0.0,297.8,0.0,5.0,1,Stopped,0,0,0,0,0,VALID,VALID
35H-09245,2026-08-07 08:18:00,297.8,0,"Phường Lý Thường Kiệt, Tỉnh Ninh Bình",0.0,2.0,1,0,0.0,0.0,297.8,0.0,5.0,1,Stopped,0,0,0,0,0,VALID,VALID
35H-09245,2026-08-07 08:20:00,297.8,0,"Phường Lý Thường Kiệt, Tỉnh Ninh Bình",0.0,2.0,1,0,0.0,0.0,297.8,0.0,5.0,1,Stopped,0,0,0,0,0,VALID,VALID
35H-09245,2026-08-07 08:22:00,297.8,0,"Phường Lý Thường Kiệt, Tỉnh Ninh Bình",0.0,2.0,1,0,0.0,0.0,297.8,0.0,5.0,1,Stopped,0,0,0,0,0,VALID,VALID
35H-09245,2026-08-07 08:24:00,297.8,0,"Phường Lý Thường Kiệt, Tỉnh Ninh Bình",0.0,2.0,1,0,0.0,0.0,297.8,0.0,5.0,1,Stopped,0,0,0,0,0,VALID,VALID
35H-09245,2026-08-07 08:26:00,297.8,0,"Phường Lý Thường Kiệt, Tỉnh Ninh Bình",0.0,2.0,1,0,0.0,0.0,297.8,0.0,5.0,1,Stopped,0,0,0,0,0,VALID,VALID
35H-09245,2026-08-07 08:28:00,297.8,0,"Phường Lý Thường Kiệt, Tỉnh Ninh Bình",0.0,2.0,1,0,0.0,0.0,297.8,0.0,5.0,1,Stopped,0,0,0,0,0,VALID,VALID
35H-09245,2026-08-07 08:30:00,297.7,0,"Phường Lý Thường Kiệt, Tỉnh Ninh Bình",0.0,2.0,1,0,-0.10000000000002274,-0.05000000000001137,297.8,0.04472136508131993,5.0,1,Stopped,0,0,0,0,0,VALID,VALID
35H-09245,2026-08-07 08:32:00,297.7,0,"Phường Lý Thường Kiệt, Tỉnh Ninh Bình",0.0,2.0,1,0,0.0,0.0,297.8,0.05477226026684237,5.0,1,Stopped,0,0,0,0,0,VALID,VALID
35H-09245,2026-08-07 08:34:00,297.7,0,"Phường Lý Thường Kiệt, Tỉnh Ninh Bình",0.0,2.0,1,0,0.0,0.0,297.7,0.05477226026686572,5.0,1,Stopped,0,0,0,0,0,VALID,VALID
35H-09245,2026-08-07 08:36:00,297.7,0,"Phường Lý Thường Kiệt, Tỉnh Ninh Bình",0.0,2.0,1,0,0.0,0.0,297.7,0.04472136508140573,5.0,1,Stopped,0,0,0,0,0,VALID,VALID
35H-09245,2026-08-07 08:38:00,297.7,0,"Phường Lý Thường Kiệt, Tỉnh Ninh Bình",0.0,2.0,1,0,0.0,0.0,297.7,0.0,5.0,1,Stopped,0,0,0,0,0,VALID,VALID
35H-09245,2026-08-07 08:40:00,297.7,0,"Phường Lý Thường Kiệt, Tỉnh Ninh Bình",0.0,2.0,1,0,0.0,0.0,297.7,0.0,5.0,1,Stopped,0,0,0,0,0,VALID,VALID
35H-09245,2026-08-07 08:42:00,297.7,0,"Phường Lý Thường Kiệt, Tỉnh Ninh Bình",0.0,2.0,1,0,0.0,0.0,297.7,0.0,5.0,1,Stopped,0,0,0,0,0,VALID,VALID
35H-09245,2026-08-07 08:44:00,297.7,0,"Phường Lý Thường Kiệt, Tỉnh Ninh Bình",0.0,2.0,1,0,0.0,0.0,297.7,0.0,5.0,1,Stopped,0,0,0,0,0,VALID,VALID
35H-09245,2026-08-07 08:46:00,297.6,0,"Phường Lý Thường Kiệt, Tỉnh Ninh Bình",0.0,2.0,1,0,-0.0999999999999659,-0.04999999999998295,297.7,0.04472136508150423,5.0,1,Stopped,0,0,0,0,0,VALID,VALID
35H-09245,2026-08-07 08:48:00,297.5,0,"Phường Lý Thường Kiệt, Tỉnh Ninh Bình",0.0,2.0,1,0,-0.10000000000002274,-0.05000000000001137,297.7,0.08944272186582991,5.0,1,Stopped,0,0,0,0,0,VALID,VALID
35H-09245,2026-08-07 08:50:00,297.5,0,"Phường Lý Thường Kiệt, Tỉnh Ninh Bình",0.0,2.0,1,0,0.0,0.0,297.6,0.1000000024739333,5.0,1,Stopped,0,0,0,0,0,VALID,VALID
35H-09245,2026-08-07 08:52:00,297.3,0,"Phường Lý Thường Kiệt, Tỉnh Ninh Bình",0.0,2.0,1,0,-0.19999999999998863,-0.09999999999999432,297.5,0.1483239714099786,5.0,1,Stopped,0,0,0,0,0,VALID,VALID
35H-09245,2026-08-07 08:53:00,297.5,0,"Phường Lý Thường Kiệt, Tỉnh Ninh Bình",0.0,1.0,1,0,0.19999999999998863,0.19999999999998863,297.5,0.1095445137597036,5.0,1,Stopped,0,0,0,0,0,VALID,VALID
35H-09245,2026-08-07 08:54:00,297.3,0,"Phường Lý Thường Kiệt, Tỉnh Ninh Bình",0.0,1.0,1,0,-0.19999999999998863,-0.19999999999998863,297.5,0.10954451375981647,5.0,1,Stopped,0,0,0,0,0,VALID,VALID
35H-09245,2026-08-07 08:55:00,297.4,0,"Phường Lý Thường Kiệt, Tỉnh Ninh Bình",0.0,1.0,1,0,0.0999999999999659,0.0999999999999659,297.4,0.10000000247441683,5.0,1,Stopped,0,0,0,0,0,VALID,VALID
35H-09245,2026-08-07 08:56:00,297.1,0,"Phường Lý Thường Kiệt, Tỉnh Ninh Bình",0.0,1.0,1,0,-0.2999999999999545,-0.2999999999999545,297.3,0.14832397141025477,5.0,1,Stopped,0,0,0,0,0,VALID,VALID
35H-09245,2026-08-07 08:58:00,296.5,0,"Phường Lý Thường Kiệt, Tỉnh Ninh Bình",0.0,2.0,1,0,-0.6000000000000227,-0.30000000000001137,297.3,0.39749213890966956,5.0,1,Stopped,0,0,0,0,0,VALID,VALID
35H-09245,2026-08-07 08:59:00,297.1,0,"Phường Lý Thường Kiệt, Tỉnh Ninh Bình",0.0,1.0,1,0,0.6000000000000227,0.6000000000000227,297.1,0.3492849846400867,5.0,1,Stopped,0,0,0,0,0,VALID,VALID
35H-09245,2026-08-07 09:00:00,296.2,0,"Phường Lý Thường Kiệt, Tỉnh Ninh Bình",0.0,1.0,1,0,-0.9000000000000341,-0.9000000000000341,297.1,0.4929503022568689,5.0,1,Stopped,0,0,0,0,0,VALID,VALID
35H-09245,2026-08-07 09:01:00,296.5,0,"Phường Lý Thường Kiệt, Tỉnh Ninh Bình",0.0,1.0,1,0,0.30000000000001137,0.30000000000001137,296.5,0.4024922365651683,5.0,1,Stopped,0,0,0,0,0,VALID,VALID
35H-09245,2026-08-07 09:02:00,296.2,0,"Phường Lý Thường Kiệt, Tỉnh Ninh Bình",0.0,1.0,1,0,-0.30000000000001137,-0.30000000000001137,296.5,0.36742346209150295,5.0,1,Stopped,0,0,0,0,0,VALID,VALID
35H-09245,2026-08-07 09:03:00,296.3,0,"Phường Lý Thường Kiệt, Tỉnh Ninh Bình",0.0,1.0,1,0,0.10000000000002274,0.10000000000002274,296.3,0.3781534086787061,5.0,1,Stopped,0,0,0,0,0,VALID,VALID
35H-09245,2026-08-07 09:04:00,296.2,0,"Phường Lý Thường Kiệt, Tỉnh Ninh Bình",0.0,1.0,1,0,-0.10000000000002274,-0.10000000000002274,296.2,0.13038405000384898,5.0,1,Stopped,0,0,0,0,0,VALID,VALID
35H-09245,2026-08-07 09:06:00,296.5,17,"Phường Lý Thường Kiệt, Tỉnh Ninh Bình",0.0,2.0,1,0,0.30000000000001137,0.15000000000000568,296.3,0.1516575105142381,5.0,1,Moving,0,0,0,0,0,VALID,VALID
35H-09245,2026-08-07 09:07:00,296.2,0,"Phường Lý Thường Kiệt, Tỉnh Ninh Bình",0.0,1.0,1,0,-0.30000000000001137,-0.30000000000001137,296.2,0.13038405000384898,5.0,1,Stopped,0,0,0,0,0,VALID,VALID
35H-09245,2026-08-07 09:08:00,296.4,0,"Phường Lý Thường Kiệt, Tỉnh Ninh Bình",0.0,1.0,1,0,0.19999999999998863,0.19999999999998863,296.3,0.1303840500037716,5.0,1,Stopped,0,0,0,0,0,VALID,VALID
35H-09245,2026-08-07 09:10:00,295.8,19,"Phường Lý Thường Kiệt, Tỉnh Ninh Bình",0.0,2.0,1,0,-0.5999999999999659,-0.29999999999998295,296.2,0.26832815822315403,5.0,1,Moving,0,0,0,0,0,VALID,VALID
35H-09245,2026-08-07 09:12:00,295.8,32,"Phan Trọng Tuệ, Phường Lý Thường Kiệt, Tỉnh Ninh Bình",0.0,2.0,1,0,0.0,0.0,296.2,0.328633535256932,5.0,1,Moving,0,0,0,0,0,VALID,VALID
35H-09245,2026-08-07 09:14:00,295.7,50,"Phan Trọng Tuệ, Phường Châu Sơn, Tỉnh Ninh Bình",0.0,2.0,1,0,-0.10000000000002274,-0.05000000000001137,295.8,0.30331501857897475,5.0,1,Moving,0,0,0,0,0,VALID,VALID
35H-09245,2026-08-07 09:16:00,294.4,45,"Tỉnh Lộ 494, Phường Châu Sơn, Tỉnh Ninh Bình",0.0,2.0,1,0,-1.3000000000000114,-0.6500000000000057,295.8,0.7362064931089596,5.0,1,Moving,0,0,0,0,0,VALID,VALID
35H-09245,2026-08-07 09:18:00,293.7,49,"Tỉnh Lộ 494, Phường Châu Sơn, Tỉnh Ninh Bình",0.0,2.0,1,0,-0.6999999999999886,-0.3499999999999943,295.7,0.9731392503111355,5.0,1,Moving,0,0,0,0,0,VALID,VALID
35H-09245,2026-08-07 09:20:00,294.1,44,"Tỉnh Lộ 494, Phường Châu Sơn, Tỉnh Ninh Bình",0.0,2.0,1,0,0.4000000000000341,0.20000000000001705,294.4,0.955510335106999,5.0,1,Moving,0,0,0,0,0,VALID,VALID
35H-09245,2026-08-07 09:22:00,291.3,32,"Tỉnh Lộ 494, Phường Châu Sơn, Tỉnh Ninh Bình",0.0,2.0,1,0,-2.8000000000000114,-1.4000000000000057,294.1,1.6056151470688196,5.0,1,Moving,0,0,0,0,0,VALID,VALID
35H-09245,2026-08-07 09:24:00,292.5,40,"Tỉnh Lộ 494, Xã Liêm Hà, Tỉnh Ninh Bình",0.0,2.0,1,0,1.1999999999999886,0.5999999999999943,293.7,1.284523258060074,5.0,1,Moving,0,0,0,0,0,VALID,VALID
35H-09245,2026-08-07 09:25:00,293.2,0,"Tỉnh Lộ 494, Phường Châu Sơn, Tỉnh Ninh Bình",0.0,1.0,1,0,0.6999999999999886,0.6999999999999886,293.2,1.103630373131077,5.0,1,Stopped,0,0,0,0,0,VALID,VALID
35H-09245,2026-08-07 09:26:00,291.2,51,"Tỉnh Lộ 494, Xã Liêm Hà, Tỉnh Ninh Bình",0.0,1.0,1,0,-2.0,-2.0,292.5,1.2421755111487978,5.0,1,Moving,0,0,0,0,0,VALID,VALID
35H-09245,2026-08-07 09:28:00,290.1,35,Trung Tâm đăng kiểm xe cơ giới 9001S - Hà Nam,0.0,2.0,1,0,-1.099999999999966,-0.549999999999983,291.3,1.209545369342643,5.0,1,Moving,0,0,0,0,0,VALID,VALID
35H-09245,2026-08-07 09:30:00,288.5,67,"Quốc Lộ 21, Xã Liêm Hà, Tỉnh Ninh Bình",0.0,2.0,1,0,-1.6000000000000227,-0.8000000000000114,291.2,1.8801595678289114,5.0,1,Moving,0,0,0,0,0,VALID,VALID
35H-09245,2026-08-07 09:32:00,288.2,59,"Quốc Lộ 21, Xã Liêm Hà, Tỉnh Ninh Bình",0.0,2.0,1,0,-0.30000000000001137,-0.15000000000000568,290.1,2.0549939173873972,5.0,1,Moving,0,0,0,0,0,VALID,VALID
35H-09245,2026-08-07 09:34:00,287.4,55,"Trần Hưng Đạo, Xã Bình Mỹ, Tỉnh Ninh Bình",0.0,2.0,1,0,-0.8000000000000114,-0.4000000000000057,288.5,1.5385057687574817,5.0,1,Moving,0,0,0,0,0,VALID,VALID
35H-09245,2026-08-07 09:36:00,287.7,46,"Ngô Gia Bẩy, Xã Bình Mỹ, Tỉnh Ninh Bình",0.0,2.0,1,0,0.30000000000001137,0.15000000000000568,288.2,1.052140675242884,5.0,1,Moving,0,0,0,0,0,VALID,VALID
35H-09245,2026-08-07 09:38:00,285.9,37,"Quốc Lộ 37B, Xã Bình Mỹ, Tỉnh Ninh Bình",0.0,2.0,1,0,-1.8000000000000114,-0.9000000000000057,287.7,1.0114346249269426,5.0,1,Moving,0,0,0,0,0,VALID,VALID
35H-09245,2026-08-07 09:40:00,285.1,54,"Nam Định - Phủ Lý, Xã Bình Mỹ, Tỉnh Ninh Bình",0.0,2.0,1,0,-0.7999999999999545,-0.39999999999997726,287.4,1.304990421612929,5.0,1,Moving,0,0,0,0,0,VALID,VALID
35H-09245,2026-08-07 09:42:00,284.8,0,"Đường Huyện 01, Xã Bình Mỹ, Tỉnh Ninh Bình",0.0,2.0,1,0,-0.30000000000001137,-0.15000000000000568,285.9,1.3179529583797398,5.0,1,Stopped,0,0,0,0,0,VALID,VALID
35H-09245,2026-08-07 09:44:00,285.2,0,"Đường Huyện 01, Xã Bình Mỹ, Tỉnh Ninh Bình",0.0,2.0,1,0,0.39999999999997726,0.19999999999998863,285.2,1.1674759100307732,5.0,1,Stopped,0,0,0,0,0,VALID,VALID
35H-09245,2026-08-07 09:45:00,284.4,0,"Đường Huyện 01, Xã Bình Mỹ, Tỉnh Ninh Bình",0.0,1.0,1,0,-0.8000000000000114,-0.8000000000000114,285.1,0.554075807541333,5.0,1,Stopped,0,0,0,0,0,VALID,VALID
35H-09245,2026-08-07 09:46:00,285.2,0,"Đường Huyện 01, Xã Bình Mỹ, Tỉnh Ninh Bình",0.0,1.0,1,0,0.8000000000000114,0.8000000000000114,285.1,0.3435112814780103,5.0,1,Stopped,0,0,0,0,0,VALID,VALID
35H-09245,2026-08-07 09:48:00,285.1,0,"Đường Huyện 01, Xã Bình Mỹ, Tỉnh Ninh Bình",0.0,2.0,1,0,-0.0999999999999659,-0.04999999999998295,285.1,0.3435112814780103,5.0,1,Stopped,0,0,0,0,0,VALID,VALID
35H-09245,2026-08-07 09:50:00,285.1,0,"Đường Huyện 01, Xã Bình Mỹ, Tỉnh Ninh Bình",0.0,2.0,1,0,0.0,0.0,285.1,0.3391164998973583,5.0,1,Stopped,0,0,0,0,0,VALID,VALID
35H-09245,2026-08-07 09:52:00,285.1,0,"Đường Huyện 01, Xã Bình Mỹ, Tỉnh Ninh Bình",0.0,2.0,1,0,0.0,0.0,285.1,0.3271085454442429,5.0,1,Stopped,0,0,0,0,0,VALID,VALID
35H-09245,2026-08-07 09:54:00,284.8,0,"Đường Huyện 01, Xã Bình Mỹ, Tỉnh Ninh Bình",0.0,2.0,1,0,-0.30000000000001137,-0.15000000000000568,285.1,0.15165751053802354,5.0,1,Stopped,0,0,0,0,0,VALID,VALID
35H-09245,2026-08-07 09:56:00,284.7,0,"Đường Huyện 01, Xã Bình Mỹ, Tỉnh Ninh Bình",0.0,2.0,1,0,-0.10000000000002274,-0.05000000000001137,285.1,0.19493588818549903,5.0,1,Stopped,0,0,0,0,0,VALID,VALID
35H-09245,2026-08-07 09:58:00,284.6,0,"Đường Huyện 01, Xã Bình Mỹ, Tỉnh Ninh Bình",0.0,2.0,1,0,-0.0999999999999659,-0.04999999999998295,284.8,0.23021728975632574,5.0,1,Stopped,0,0,0,0,0,VALID,VALID
35H-09245,2026-08-07 10:00:00,284.5,0,"Đường Huyện 01, Xã Bình Mỹ, Tỉnh Ninh Bình",0.0,2.0,1,0,-0.10000000000002274,-0.05000000000001137,284.7,0.23021728975654054,5.0,1,Stopped,0,0,0,0,0,VALID,VALID
35H-09245,2026-08-07 10:02:00,284.4,0,"Đường Huyện 01, Xã Bình Mỹ, Tỉnh Ninh Bình",0.0,2.0,1,0,-0.10000000000002274,-0.05000000000001137,284.6,0.1581138845989419,5.0,1,Stopped,0,0,0,0,0,VALID,VALID
35H-09245,2026-08-07 10:05:00,284.5,0,"Đường Huyện 01, Xã Bình Mỹ, Tỉnh Ninh Bình",0.0,3.0,1,0,0.10000000000002274,0.03333333333334091,284.5,0.1140175447158088,5.0,1,Stopped,0,0,0,0,0,VALID,VALID
35H-09245,2026-08-07 10:07:00,283.0,0,"Xã Bình Mỹ, Tỉnh Ninh Bình",0.0,2.0,1,0,-1.5,-0.75,284.5,0.6745368785347027,5.0,1,Stopped,0,0,0,0,0,VALID,VALID
35H-09245,2026-08-07 10:09:00,283.0,0,"Xã Bình Mỹ, Tỉnh Ninh Bình",0.0,2.0,1,0,0.0,0.0,284.4,0.8043631024006784,5.0,1,Stopped,0,0,0,0,0,VALID,VALID
35H-09245,2026-08-07 10:11:00,283.0,0,"Xã Bình Mỹ, Tỉnh Ninh Bình",0.0,2.0,1,0,0.0,0.0,283.0,0.7949842768910168,5.0,1,Stopped,0,0,0,0,0,VALID,VALID
35H-09245,2026-08-07 10:13:00,283.1,0,"Xã Bình Mỹ, Tỉnh Ninh Bình",0.0,2.0,1,0,0.10000000000002274,0.05000000000001137,283.0,0.6610597556228813,5.0,1,Stopped,0,0,0,0,0,VALID,VALID
35H-09245,2026-08-07 10:15:00,283.2,0,"Xã Bình Mỹ, Tỉnh Ninh Bình",0.0,2.0,1,0,0.0999999999999659,0.04999999999998295,283.0,0.08944272191987712,5.0,1,Stopped,0,0,0,0,0,VALID,VALID
35H-09245,2026-08-07 10:17:00,283.3,0,"Xã Bình Mỹ, Tỉnh Ninh Bình",0.0,2.0,1,0,0.10000000000002274,0.05000000000001137,283.1,0.13038405003825224,5.0,1,Stopped,0,0,0,0,0,VALID,VALID
35H-09245,2026-08-07 10:19:00,283.5,0,"Xã Bình Mỹ, Tỉnh Ninh Bình",0.0,2.0,1,0,0.19999999999998863,0.09999999999999432,283.2,0.19235384192753016,5.0,1,Stopped,0,0,0,0,0,VALID,VALID
35H-09245,2026-08-07 10:21:00,283.5,0,"Xã Bình Mỹ, Tỉnh Ninh Bình",0.0,2.0,1,0,0.0,0.0,283.3,0.17888543960924808,5.0,1,Stopped,0,0,0,0,0,VALID,VALID
35H-09245,2026-08-07 10:22:00,283.6,0,"Xã Bình Mỹ, Tỉnh Ninh Bình",0.0,1.0,1,0,0.10000000000002274,0.10000000000002274,283.5,0.1643167687855363,5.0,1,Stopped,0,0,0,0,0,VALID,VALID
35H-09245,2026-08-07 10:24:00,284.1,0,"Xã Bình Mỹ, Tỉnh Ninh Bình",0.0,2.0,1,0,0.5,0.25,283.5,0.30000000083998385,5.0,1,Stopped,0,0,0,0,0,VALID,VALID
35H-09245,2026-08-07 10:26:00,284.4,0,"Đường Huyện 01, Xã Bình Mỹ, Tỉnh Ninh Bình",0.0,2.0,1,0,0.2999999999999545,0.14999999999997726,283.6,0.408656335450468,5.0,1,Stopped,0,0,0,0,0,VALID,VALID
35H-09245,2026-08-07 10:27:00,284.1,0,"Xã Bình Mỹ, Tỉnh Ninh Bình",0.0,1.0,1,0,-0.2999999999999545,-0.2999999999999545,284.1,0.3781534086897873,5.0,1,Stopped,0,0,0,0,0,VALID,VALID
35H-09245,2026-08-07 10:28:00,283.1,40,"Đường Huyện 01, Xã Bình Mỹ, Tỉnh Ninh Bình",0.0,1.0,1,0,-1.0,-1.0,284.1,0.5128352566894812,5.0,1,Moving,0,0,0,0,0,VALID,VALID
35H-09245,2026-08-07 10:30:00,282.5,69,"Nam Định - Phủ Lý, Xã Bình Mỹ, Tỉnh Ninh Bình",0.0,2.0,1,0,-0.6000000000000227,-0.30000000000001137,284.1,0.804984472212941,5.0,1,Moving,0,0,0,0,0,VALID,VALID
35H-09245,2026-08-07 10:32:00,282.6,30,"Xã Bình Mỹ, Tỉnh Ninh Bình",0.0,2.0,1,0,0.10000000000002274,0.05000000000001137,283.1,0.8677557262871819,5.0,1,Moving,0,0,0,0,0,VALID,VALID
35H-09245,2026-08-07 10:34:00,282.6,22,"Cát Tường, Xã Bình Mỹ, Tỉnh Ninh Bình",0.0,2.0,1,0,0.0,0.0,282.6,0.6685805863952051,5.0,1,Moving,0,0,0,0,0,VALID,VALID
35H-09245,2026-08-07 10:36:00,282.6,0,"Cát Tường, Xã Bình Mỹ, Tỉnh Ninh Bình",0.0,2.0,1,0,0.0,0.0,282.6,0.23874672878355166,5.0,1,Stopped,0,0,0,0,0,VALID,VALID
35H-09245,2026-08-07 10:38:00,282.6,0,"Cát Tường, Xã Bình Mỹ, Tỉnh Ninh Bình",0.0,2.0,1,0,0.0,0.0,282.6,0.04472136519542322,5.0,1,Stopped,0,0,0,0,0,VALID,VALID
35H-09245,2026-08-07 10:39:00,282.9,0,"Cát Tường, Xã Bình Mỹ, Tỉnh Ninh Bình",0.0,1.0,1,0,0.2999999999999545,0.2999999999999545,282.6,0.13416408053150491,5.0,1,Stopped,0,0,0,0,0,VALID,VALID
35H-09245,2026-08-07 10:40:00,282.5,0,"Cát Tường, Xã Bình Mỹ, Tỉnh Ninh Bình",0.0,1.0,1,0,-0.39999999999997726,-0.39999999999997726,282.6,0.15165751054558482,5.0,1,Stopped,0,0,0,0,0,VALID,VALID
35H-09245,2026-08-07 10:41:00,282.6,0,"Cát Tường, Xã Bình Mỹ, Tỉnh Ninh Bình",0.0,1.0,1,0,0.10000000000002274,0.10000000000002274,282.6,0.15165751054558482,5.0,1,Stopped,0,0,0,0,0,VALID,VALID
35H-09245,2026-08-07 10:42:00,281.9,0,"Cát Tường, Xã Bình Mỹ, Tỉnh Ninh Bình",0.0,1.0,1,0,-0.7000000000000455,-0.7000000000000455,282.6,0.3674234621047363,5.0,1,Stopped,0,0,0,0,0,VALID,VALID
35H-09245,2026-08-07 10:43:00,282.5,0,"Cát Tường, Xã Bình Mỹ, Tỉnh Ninh Bình",0.0,1.0,1,0,0.6000000000000227,0.6000000000000227,282.5,0.36331804318674993,5.0,1,Stopped,0,0,0,0,0,VALID,VALID
35H-09245,2026-08-07 10:44:00,282.4,56,"Trần Hưng Đạo, Xã Bình Mỹ, Tỉnh Ninh Bình",0.0,1.0,1,0,-0.10000000000002274,-0.10000000000002274,282.5,0.2774887394204398,5.0,1,Moving,0,0,0,0,0,VALID,VALID
35H-09245,2026-08-07 10:46:00,283.3,0,"Trần Hưng Đạo, Xã Bình Mỹ, Tỉnh Ninh Bình",0.0,2.0,1,0,0.9000000000000341,0.45000000000001705,282.5,0.5029910541003777,5.0,1,Stopped,0,0,0,0,0,VALID,VALID
35H-09245,2026-08-07 10:48:00,279.9,34,"Quốc Lộ 37B, Xã Bình Mỹ, Tỉnh Ninh Bình",0.0,2.0,1,0,-3.400000000000034,-1.700000000000017,282.4,1.2767145336783392,5.0,1,Moving,0,0,0,0,0,VALID,VALID
35H-09245,2026-08-07 10:50:00,280.8,0,"Xã Bình Mỹ, Tỉnh Ninh Bình",0.0,2.0,1,0,0.9000000000000341,0.45000000000001705,282.4,1.3881642555928637,5.0,1,Stopped,0,0,0,0,0,VALID,VALID
35H-09245,2026-08-07 10:52:00,280.2,0,"Xã Bình Mỹ, Tỉnh Ninh Bình",0.0,2.0,1,0,-0.6000000000000227,-0.30000000000001137,280.8,1.468672870487549,5.0,1,Stopped,0,0,0,0,0,VALID,VALID
35H-09245,2026-08-07 10:54:00,281.1,32,"Xã Bình Mỹ, Tỉnh Ninh Bình",0.0,2.0,1,0,0.9000000000000341,0.45000000000001705,280.8,1.339029499490737,5.0,1,Moving,0,0,0,0,0,VALID,VALID
35H-09245,2026-08-07 10:56:00,279.2,54,"Quốc Lộ 37B, Xã Bình Mỹ, Tỉnh Ninh Bình",0.0,2.0,1,0,-1.900000000000034,-0.950000000000017,280.2,0.7503332596301713,5.0,1,Moving,0,0,0,0,0,VALID,VALID
35H-09245,2026-08-07 10:57:00,281.3,0,"Xã Bình Mỹ, Tỉnh Ninh Bình",0.0,1.0,1,0,2.1000000000000227,2.1000000000000227,280.8,0.846758525500017,5.0,1,Stopped,0,0,0,0,0,VALID,VALID
35H-09245,2026-08-07 10:58:00,280.2,52,"Quốc Lộ 37B, Xã Bình Mỹ, Tỉnh Ninh Bình",0.0,1.0,1,0,-1.1000000000000227,-1.1000000000000227,280.2,0.8396427814892944,5.0,1,Moving,0,0,0,0,0,VALID,VALID
35H-09245,2026-08-07 11:00:00,278.0,65,"Xã Bình Mỹ, Tỉnh Ninh Bình",0.0,2.0,1,0,-2.1999999999999886,-1.0999999999999943,280.2,1.3758633654936472,5.0,1,Moving,0,0,0,0,0,VALID,VALID
35H-09245,2026-08-07 11:02:00,279.0,69,"Xã Thanh Bình, Tỉnh Ninh Bình",0.0,2.0,1,0,1.0,0.5,279.2,1.256184699997529,5.0,1,Moving,0,0,0,0,0,VALID,VALID
35H-09245,2026-08-07 11:04:00,278.9,71,"Xã Thanh Bình, Tỉnh Ninh Bình",0.0,2.0,1,0,-0.10000000000002274,-0.05000000000001137,279.0,1.2833549783703422,5.0,1,Moving,0,0,0,0,0,VALID,VALID
35H-09245,2026-08-07 11:06:00,276.5,73,"Xã Thanh Bình, Tỉnh Ninh Bình",0.0,2.0,1,0,-2.3999999999999773,-1.1999999999999886,278.9,1.3736811859047764,5.0,1,Moving,0,0,0,0,0,VALID,VALID
35H-09245,2026-08-07 11:08:00,275.6,71,"Xã Thanh Liêm, Tỉnh Ninh Bình",0.0,2.0,1,0,-0.8999999999999773,-0.44999999999998863,278.0,1.5016657419377728,5.0,1,Moving,0,0,0,0,0,VALID,VALID
35H-09245,2026-08-07 11:10:00,275.6,61,"Xã Thanh Liêm, Tỉnh Ninh Bình",0.0,2.0,1,0,0.0,0.0,276.5,1.7108477432284646,5.0,1,Moving,0,0,0,0,0,VALID,VALID
35H-09245,2026-08-07 11:12:00,275.4,59,"Xã Thanh Lâm, Tỉnh Ninh Bình",0.0,2.0,1,0,-0.20000000000004547,-0.10000000000002274,275.6,1.4611639197949544,5.0,1,Moving,0,0,0,0,0,VALID,VALID
35H-09245,2026-08-07 11:14:00,275.4,0,"Xã Thanh Lâm, Tỉnh Ninh Bình",0.0,2.0,1,0,0.0,0.0,275.6,0.4582575700533207,5.0,1,Stopped,0,0,0,0,0,VALID,VALID
35H-09245,2026-08-07 11:16:00,274.1,0,"Xã Thanh Lâm, Tỉnh Ninh Bình",0.0,2.0,1,0,-1.2999999999999545,-0.6499999999999773,275.4,0.6340346997692967,5.0,1,Stopped,0,0,0,0,0,VALID,VALID
35H-09245,2026-08-07 11:18:00,271.9,0,"Xã Thanh Lâm, Tỉnh Ninh Bình",0.0,2.0,1,0,-2.2000000000000455,-1.1000000000000227,275.4,1.5610893633972867,5.0,1,Stopped,0,0,0,0,0,VALID,VALID
35H-09245,2026-08-07 11:19:00,274.1,0,"Xã Thanh Lâm, Tỉnh Ninh Bình",0.0,1.0,1,0,2.2000000000000455,2.2000000000000455,274.1,1.4307340774974082,5.0,1,Stopped,0,0,0,0,0,VALID,VALID
35H-09245,2026-08-07 11:20:00,273.8,37,"Xã Thanh Lâm, Tỉnh Ninh Bình",0.0,1.0,1,0,-0.30000000000001137,-0.30000000000001137,274.1,1.2581732792078364,5.0,1,Moving,0,0,0,0,0,VALID,VALID
35H-09245,2026-08-07 11:22:00,273.6,38,"Xã Thanh Lâm, Tỉnh Ninh Bình",0.0,2.0,1,0,-0.19999999999998863,-0.09999999999999432,273.8,0.9192388158214854,5.0,1,Moving,0,0,0,0,0,VALID,VALID
35H-09245,2026-08-07 11:24:00,272.9,45,"Xã Thanh Lâm, Tỉnh Ninh Bình",0.0,2.0,1,0,-0.7000000000000455,-0.35000000000002274,273.6,0.8792041859051032,5.0,1,Moving,0,0,0,0,0,VALID,VALID
35H-09245,2026-08-07 11:26:00,273.1,25,"Tỉnh Lộ 495C, Xã Thanh Lâm, Tỉnh Ninh Bình",0.0,2.0,1,0,0.20000000000004547,0.10000000000002274,273.6,0.49497474734865415,5.0,1,Moving,0,0,0,0,0,VALID,VALID
35H-09245,2026-08-07 11:29:00,273.6,0,"Xã Thanh Lâm, Tỉnh Ninh Bình",0.0,3.0,1,0,0.5,0.16666666666666666,273.6,0.38078865596670375,5.0,1,Stopped,0,0,0,0,0,VALID,VALID
35H-09245,2026-08-07 11:31:00,273.6,0,"Xã Thanh Lâm, Tỉnh Ninh Bình",0.0,2.0,1,0,0.0,0.0,273.6,0.33615472704241234,5.0,1,Stopped,0,0,0,0,0,VALID,VALID
35H-09245,2026-08-07 11:33:00,273.6,0,"Xã Thanh Lâm, Tỉnh Ninh Bình",0.0,2.0,1,0,0.0,0.0,273.6,0.33615472704241234,5.0,1,Stopped,0,0,0,0,0,VALID,VALID
35H-09245,2026-08-07 11:35:00,273.5,0,"Xã Thanh Lâm, Tỉnh Ninh Bình",0.0,2.0,1,0,-0.10000000000002274,-0.05000000000001137,273.6,0.2167948350695706,5.0,1,Stopped,0,0,0,0,0,VALID,VALID
35H-09245,2026-08-07 11:37:00,273.5,0,"Xã Thanh Lâm, Tỉnh Ninh Bình",0.0,2.0,1,0,0.0,0.0,273.6,0.05477226043149468,5.0,1,Stopped,0,0,0,0,0,VALID,VALID
35H-09245,2026-08-07 11:39:00,273.5,0,"Xã Thanh Lâm, Tỉnh Ninh Bình",0.0,2.0,1,0,0.0,0.0,273.5,0.05477226043163868,5.0,1,Stopped,0,0,0,0,0,VALID,VALID
35H-09245,2026-08-07 11:40:00,273.5,0,"Xã Thanh Lâm, Tỉnh Ninh Bình",0.0,1.0,1,0,0.0,0.0,273.5,0.04472136528333766,5.0,1,Stopped,0,0,0,0,0,VALID,VALID
35H-09245,2026-08-07 11:42:00,273.4,32,"Xã Thanh Lâm, Tỉnh Ninh Bình",0.0,2.0,1,0,-0.10000000000002274,-0.05000000000001137,273.5,0.044721365283690376,5.0,1,Moving,0,0,0,0,0,VALID,VALID
35H-09245,2026-08-07 11:44:00,273.4,0,"Xã Thanh Lâm, Tỉnh Ninh Bình",0.0,2.0,1,0,0.0,0.0,273.5,0.05477226043219456,5.0,1,Stopped,0,0,0,0,0,VALID,VALID
35H-09245,2026-08-07 11:47:00,273.2,0,"Xã Thanh Lâm, Tỉnh Ninh Bình",0.0,3.0,1,0,-0.19999999999998863,-0.06666666666666288,273.4,0.12247448923303517,5.0,1,Stopped,0,0,0,0,0,VALID,VALID
35H-09245,2026-08-07 11:49:00,273.2,0,"Xã Thanh Lâm, Tỉnh Ninh Bình",0.0,2.0,1,0,0.0,0.0,273.4,0.13416408056157847,5.0,1,Stopped,0,0,0,0,0,VALID,VALID
35H-09245,2026-08-07 11:51:00,273.2,0,"Xã Thanh Lâm, Tỉnh Ninh Bình",0.0,2.0,1,0,0.0,0.0,273.2,0.10954451384241634,5.0,1,Stopped,0,0,0,0,0,VALID,VALID
35H-09245,2026-08-07 11:53:00,273.3,0,"Xã Thanh Lâm, Tỉnh Ninh Bình",0.0,2.0,1,0,0.10000000000002274,0.05000000000001137,273.2,0.08944272196767132,5.0,1,Stopped,0,0,0,0,0,VALID,VALID
35H-09245,2026-08-07 11:54:00,273.3,0,"Xã Thanh Lâm, Tỉnh Ninh Bình",0.0,1.0,1,0,0.0,0.0,273.2,0.05477226043356382,5.0,1,Stopped,0,0,0,0,0,VALID,VALID
35H-09245,2026-08-07 11:57:00,274.3,0,"Xã Thanh Lâm, Tỉnh Ninh Bình",0.0,3.0,1,0,1.0,0.3333333333333333,273.3,0.4722287586677238,5.0,1,Stopped,0,0,0,0,0,VALID,VALID
35H-09245,2026-08-07 11:59:00,274.3,0,"Xã Thanh Lâm, Tỉnh Ninh Bình",0.0,2.0,1,0,0.0,0.0,273.3,0.5674504388162237,5.0,1,Stopped,0,0,0,0,0,VALID,VALID
35H-09245,2026-08-07 12:01:00,274.3,0,"Xã Thanh Lâm, Tỉnh Ninh Bình",0.0,2.0,1,0,0.0,0.0,274.3,0.547722557973096,5.0,1,Stopped,0,0,0,0,0,VALID,VALID
35H-09245,2026-08-07 12:03:00,274.4,0,"Xã Thanh Lâm, Tỉnh Ninh Bình",0.0,2.0,1,0,0.0999999999999659,0.04999999999998295,274.3,0.4604345778853467,5.0,1,Stopped,0,0,0,0,0,VALID,VALID
35H-09245,2026-08-07 12:05:00,274.4,0,"Xã Thanh Lâm, Tỉnh Ninh Bình",0.0,2.0,1,0,0.0,0.0,274.3,0.05477226042750663,5.0,1,Stopped,0,0,0,0,0,VALID,VALID
35H-09245,2026-08-07 12:07:00,274.4,0,"Xã Thanh Lâm, Tỉnh Ninh Bình",0.0,2.0,1,0,0.0,0.0,274.4,0.05477226042741453,5.0,1,Stopped,0,0,0,0,0,VALID,VALID
35H-09245,2026-08-07 12:09:00,274.4,0,"Xã Thanh Lâm, Tỉnh Ninh Bình",0.0,2.0,1,0,0.0,0.0,274.4,0.04472136527790279,5.0,1,Stopped,0,0,0,0,0,VALID,VALID
35H-09245,2026-08-07 12:11:00,274.4,0,"Xã Thanh Lâm, Tỉnh Ninh Bình",0.0,2.0,1,0,0.0,0.0,274.4,0.0,5.0,1,Stopped,0,0,0,0,0,VALID,VALID
35H-09245,2026-08-07 12:13:00,274.4,0,"Xã Thanh Lâm, Tỉnh Ninh Bình",0.0,2.0,1,0,0.0,0.0,274.4,0.0,5.0,1,Stopped,0,0,0,0,0,VALID,VALID
35H-09245,2026-08-07 12:15:00,274.4,0,"Xã Thanh Lâm, Tỉnh Ninh Bình",0.0,2.0,1,0,0.0,0.0,274.4,0.0,5.0,1,Stopped,0,0,0,0,0,VALID,VALID
35H-09245,2026-08-07 12:17:00,274.4,0,"Xã Thanh Lâm, Tỉnh Ninh Bình",0.0,2.0,1,0,0.0,0.0,274.4,0.0,5.0,1,Stopped,0,0,0,0,0,VALID,VALID
35H-09245,2026-08-07 12:19:00,274.4,0,"Xã Thanh Lâm, Tỉnh Ninh Bình",0.0,2.0,1,0,0.0,0.0,274.4,0.0,5.0,1,Stopped,0,0,0,0,0,VALID,VALID
35H-09245,2026-08-07 12:21:00,274.5,0,"Xã Thanh Lâm, Tỉnh Ninh Bình",0.0,2.0,1,0,0.10000000000002274,0.05000000000001137,274.4,0.044721365277718486,5.0,1,Stopped,0,0,0,0,0,VALID,VALID
35H-09245,2026-08-07 12:23:00,274.5,0,"Xã Thanh Lâm, Tỉnh Ninh Bình",0.0,2.0,1,0,0.0,0.0,274.4,0.05477226042709734,5.0,1,Stopped,0,0,0,0,0,VALID,VALID
35H-09245,2026-08-07 12:25:00,274.5,0,"Xã Thanh Lâm, Tỉnh Ninh Bình",0.0,2.0,1,0,0.0,0.0,274.5,0.05477226042701691,5.0,1,Stopped,0,0,0,0,0,VALID,VALID
35H-09245,2026-08-07 12:30:00,274.5,0,"Xã Thanh Lâm, Tỉnh Ninh Bình",0.0,5.0,1,0,0.0,0.0,274.5,0.04472136527742296,5.0,1,Stopped,0,0,0,0,0,VALID,VALID
35H-09245,2026-08-07 12:32:00,273.1,0,"Xã Thanh Lâm, Tỉnh Ninh Bình",0.0,2.0,1,0,-1.3999999999999773,-0.6999999999999886,274.5,0.6260990341091031,5.0,1,Stopped,0,0,0,0,0,VALID,VALID
35H-09245,2026-08-07 12:36:00,272.6,0,"Xã Thanh Lâm, Tỉnh Ninh Bình",0.0,4.0,1,0,-0.5,-0.125,274.5,0.9208691549359672,5.0,1,Stopped,0,0,0,0,0,VALID,VALID
35H-09245,2026-08-07 12:38:00,272.6,0,"Xã Thanh Lâm, Tỉnh Ninh Bình",0.0,2.0,1,0,0.0,0.0,273.1,0.9710818711687551,5.0,1,Stopped,0,0,0,0,0,VALID,VALID
35H-09245,2026-08-07 12:40:00,272.5,0,"Xã Thanh Lâm, Tỉnh Ninh Bình",0.0,2.0,1,0,-0.10000000000002274,-0.05000000000001137,272.6,0.8384509529559517,5.0,1,Stopped,0,0,0,0,0,VALID,VALID
35H-09245,2026-08-07 12:43:00,272.5,0,"Xã Thanh Lâm, Tỉnh Ninh Bình",0.0,3.0,1,0,0.0,0.0,272.6,0.25099800898187685,5.0,1,Stopped,0,0,0,0,0,VALID,VALID
35H-09245,2026-08-07 12:45:00,272.5,0,"Xã Thanh Lâm, Tỉnh Ninh Bình",0.0,2.0,1,0,0.0,0.0,272.5,0.05477226043266138,5.0,1,Stopped,0,0,0,0,0,VALID,VALID
35H-09245,2026-08-07 12:47:00,272.4,0,"Xã Thanh Lâm, Tỉnh Ninh Bình",0.0,2.0,1,0,-0.10000000000002274,-0.05000000000001137,272.5,0.07071068174551688,5.0,1,Stopped,0,0,0,0,0,VALID,VALID
35H-09245,2026-08-07 12:49:00,272.4,0,"Xã Thanh Lâm, Tỉnh Ninh Bình",0.0,2.0,1,0,0.0,0.0,272.5,0.05477226043286894,5.0,1,Stopped,0,0,0,0,0,VALID,VALID
35H-09245,2026-08-07 12:51:00,272.4,0,"Xã Thanh Lâm, Tỉnh Ninh Bình",0.0,2.0,1,0,0.0,0.0,272.4,0.054772260432909156,5.0,1,Stopped,0,0,0,0,0,VALID,VALID
35H-09245,2026-08-07 12:53:00,272.4,0,"Xã Thanh Lâm, Tỉnh Ninh Bình",0.0,2.0,1,0,0.0,0.0,272.4,0.044721365284766564,5.0,1,Stopped,0,0,0,0,0,VALID,VALID
35H-09245,2026-08-07 12:58:00,272.3,0,"Xã Thanh Lâm, Tỉnh Ninh Bình",0.0,5.0,1,0,-0.0999999999999659,-0.01999999999999318,272.4,0.04472136528483647,5.0,1,Stopped,0,0,0,0,0,VALID,VALID
35H-09245,2026-08-07 13:00:00,272.7,0,"Xã Thanh Lâm, Tỉnh Ninh Bình",0.0,2.0,1,0,0.39999999999997726,0.19999999999998863,272.4,0.15165751057211393,5.0,1,Stopped,0,0,0,0,0,VALID,VALID
35H-09245,2026-08-07 13:02:00,272.7,0,"Xã Thanh Lâm, Tỉnh Ninh Bình",0.0,2.0,1,0,0.0,0.0,272.4,0.18708287070953902,5.0,1,Stopped,0,0,0,0,0,VALID,VALID
35H-09245,2026-08-07 13:04:00,272.7,0,"Xã Thanh Lâm, Tỉnh Ninh Bình",0.0,2.0,1,0,0.0,0.0,272.7,0.19493588821176594,5.0,1,Stopped,0,0,0,0,0,VALID,VALID
35H-09245,2026-08-07 13:06:00,272.7,0,"Xã Thanh Lâm, Tỉnh Ninh Bình",0.0,2.0,1,0,0.0,0.0,272.7,0.17888543963357745,5.0,1,Stopped,0,0,0,0,0,VALID,VALID
35H-09245,2026-08-07 13:08:00,272.7,0,"Xã Thanh Lâm, Tỉnh Ninh Bình",0.0,2.0,1,0,0.0,0.0,272.7,0.0,5.0,1,Stopped,0,0,0,0,0,VALID,VALID
35H-09245,2026-08-07 13:10:00,272.7,0,"Xã Thanh Lâm, Tỉnh Ninh Bình",0.0,2.0,1,0,0.0,0.0,272.7,0.0,5.0,1,Stopped,0,0,0,0,0,VALID,VALID
35H-09245,2026-08-07 13:12:00,272.6,0,"Xã Thanh Lâm, Tỉnh Ninh Bình",0.0,2.0,1,0,-0.0999999999999659,-0.04999999999998295,272.7,0.04472136528430262,5.0,1,Stopped,0,0,0,0,0,VALID,VALID
35H-09245,2026-08-07 13:14:00,272.6,0,"Xã Thanh Lâm, Tỉnh Ninh Bình",0.0,2.0,1,0,0.0,0.0,272.7,0.05477226043258289,5.0,1,Stopped,0,0,0,0,0,VALID,VALID
35H-09245,2026-08-07 13:16:00,272.6,0,"Xã Thanh Lâm, Tỉnh Ninh Bình",0.0,2.0,1,0,0.0,0.0,272.6,0.05477226043261792,5.0,1,Stopped,0,0,0,0,0,VALID,VALID
35H-09245,2026-08-07 13:18:00,272.6,0,"Xã Thanh Lâm, Tỉnh Ninh Bình",0.0,2.0,1,0,0.0,0.0,272.6,0.04472136528443131,5.0,1,Stopped,0,0,0,0,0,VALID,VALID
35H-09245,2026-08-07 13:20:00,271.6,12,"Xã Thanh Lâm, Tỉnh Ninh Bình",0.0,2.0,1,0,-1.0,-0.5,272.6,0.44721359607345296,5.0,1,Moving,0,0,0,0,0,VALID,VALID
35H-09245,2026-08-07 13:22:00,272.0,0,"Xã Thanh Lâm, Tỉnh Ninh Bình",0.0,2.0,1,0,0.39999999999997726,0.19999999999998863,272.6,0.4604345778859105,5.0,1,Stopped,0,0,0,0,0,VALID,VALID
35H-09245,2026-08-07 13:24:00,271.3,0,"Xã Thanh Lâm, Tỉnh Ninh Bình",0.0,2.0,1,0,-0.6999999999999886,-0.3499999999999943,272.0,0.5848076611271646,5.0,1,Stopped,0,0,0,0,0,VALID,VALID
35H-09245,2026-08-07 13:26:00,270.3,32,"Xã Thanh Lâm, Tỉnh Ninh Bình",0.0,2.0,1,0,-1.0,-0.5,271.6,0.8561541920198279,5.0,1,Moving,0,0,0,0,0,VALID,VALID
35H-09245,2026-08-07 13:28:00,269.2,40,"Xã Thanh Lâm, Tỉnh Ninh Bình",0.0,2.0,1,0,-1.1000000000000227,-0.5500000000000114,271.3,1.1300442471484478,5.0,1,Moving,0,0,0,0,0,VALID,VALID
35H-09245,2026-08-07 13:30:00,271.5,0,"Quốc Lộ 1, Xã Thanh Liêm, Tỉnh Ninh Bình",0.0,2.0,1,0,2.3000000000000114,1.1500000000000057,271.3,1.1148990988036966,5.0,1,Stopped,0,0,0,0,0,VALID,VALID
35H-09245,2026-08-07 13:32:00,269.5,46,"Xã Thanh Liêm, Tỉnh Ninh Bình",0.0,2.0,1,0,-2.0,-1.0,270.3,1.0334408548695249,5.0,1,Moving,0,0,0,0,0,VALID,VALID
35H-09245,2026-08-07 13:34:00,268.2,48,"Xã Thanh Liêm, Tỉnh Ninh Bình",0.0,2.0,1,0,-1.3000000000000114,-0.6500000000000057,269.5,1.238143772149931,5.0,1,Moving,0,0,0,0,0,VALID,VALID
35H-09245,2026-08-07 13:36:00,269.2,28,"Xã Thanh Liêm, Tỉnh Ninh Bình",0.0,2.0,1,0,1.0,0.5,269.2,1.211197754503252,5.0,1,Moving,0,0,0,0,0,VALID,VALID
35H-09245,2026-08-07 13:38:00,266.3,54,"Xã Thanh Bình, Tỉnh Ninh Bình",0.0,2.0,1,0,-2.8999999999999773,-1.4499999999999886,269.2,1.900789309869419,5.0,1,Moving,0,0,0,0,0,VALID,VALID
35H-09245,2026-08-07 13:40:00,266.6,36,"Xã Thanh Bình, Tỉnh Ninh Bình",0.0,2.0,1,0,0.30000000000001137,0.15000000000000568,268.2,1.4638989037888157,5.0,1,Moving,0,0,0,0,0,VALID,VALID
35H-09245,2026-08-07 13:42:00,265.4,40,"Xã Thanh Bình, Tỉnh Ninh Bình",0.0,2.0,1,0,-1.2000000000000455,-0.6000000000000227,266.6,1.5323185049180543,5.0,1,Moving,0,0,0,0,0,VALID,VALID
35H-09245,2026-08-07 13:44:00,264.5,60,"Xã Thanh Bình, Tỉnh Ninh Bình",0.0,2.0,1,0,-0.8999999999999773,-0.44999999999998863,266.3,1.7677669531118856,5.0,1,Moving,0,0,0,0,0,VALID,VALID
35H-09245,2026-08-07 13:46:00,263.4,45,"Quốc Lộ 37B, Xã Bình Sơn, Tỉnh Ninh Bình",0.0,2.0,1,0,-1.1000000000000227,-0.5500000000000114,265.4,1.3164345788966334,5.0,1,Moving,0,0,0,0,0,VALID,VALID
35H-09245,2026-08-07 13:48:00,262.2,62,"Xã Bình Sơn, Tỉnh Ninh Bình",0.0,2.0,1,0,-1.1999999999999886,-0.5999999999999943,264.5,1.709385854777938,5.0,1,Moving,0,0,0,0,0,VALID,VALID
35H-09245,2026-08-07 13:50:00,262.2,63,"Xã Bình An, Tỉnh Ninh Bình",0.0,2.0,1,0,0.0,0.0,263.4,1.4135062789089634,5.0,1,Moving,0,0,0,0,0,VALID,VALID
35H-09245,2026-08-07 13:52:00,260.0,58,"Xã Bình An, Tỉnh Ninh Bình",0.0,2.0,1,0,-2.1999999999999886,-1.0999999999999943,262.2,1.6757088054060332,5.0,1,Moving,0,0,0,0,0,VALID,VALID
35H-09245,2026-08-07 13:54:00,261.4,16,"Nam Định - Phủ Lý, Xã Bình An, Tỉnh Ninh Bình",0.0,2.0,1,0,1.3999999999999773,0.6999999999999886,262.2,1.2521980676057025,5.0,1,Moving,0,0,0,0,0,VALID,VALID
35H-09245,2026-08-07 13:56:00,259.6,28,"Nam Định - Phủ Lý, Xã Bình An, Tỉnh Ninh Bình",0.0,2.0,1,0,-1.7999999999999545,-0.8999999999999773,261.4,1.2214745189792633,5.0,1,Moving,0,0,0,0,0,VALID,VALID
35H-09245,2026-08-07 13:58:00,261.1,5,"Xã Bình Mỹ, Tỉnh Ninh Bình",0.0,2.0,1,0,1.5,0.75,261.1,1.0573551912747603,5.0,1,Moving,0,0,0,0,0,VALID,VALID
35H-09245,2026-08-07 14:00:00,258.5,27,"Xã Bình Mỹ, Tỉnh Ninh Bình",0.0,2.0,1,0,-2.6000000000000227,-1.3000000000000114,260.0,1.1734564331563044,5.0,1,Moving,0,0,0,0,0,VALID,VALID
35H-09245,2026-08-07 14:02:00,258.6,0,"Cát Tường, Xã Bình Mỹ, Tỉnh Ninh Bình",0.0,2.0,1,0,0.10000000000002274,0.05000000000001137,259.6,1.36124942626838,5.0,1,Stopped,0,0,0,0,0,VALID,VALID
35H-09245,2026-08-07 14:04:00,257.5,0,"Cát Tường, Xã Bình Mỹ, Tỉnh Ninh Bình",0.0,2.0,1,0,-1.1000000000000227,-0.5500000000000114,258.6,1.3612494262684796,5.0,1,Stopped,0,0,0,0,0,VALID,VALID
35H-09245,2026-08-07 14:06:00,257.5,0,"Cát Tường, Xã Bình Mỹ, Tỉnh Ninh Bình",0.0,2.0,1,0,0.0,0.0,258.5,1.4724129857198236,5.0,1,Stopped,0,0,0,0,0,VALID,VALID
35H-09245,2026-08-07 14:07:00,257.6,0,"Cát Tường, Xã Bình Mỹ, Tỉnh Ninh Bình",0.0,1.0,1,0,0.10000000000002274,0.10000000000002274,257.6,0.5594640296895559,5.0,1,Stopped,0,0,0,0,0,VALID,VALID
35H-09245,2026-08-07 14:08:00,257.5,0,"Cát Tường, Xã Bình Mỹ, Tỉnh Ninh Bình",0.0,1.0,1,0,-0.10000000000002274,-0.10000000000002274,257.5,0.48270073598090196,5.0,1,Stopped,0,0,0,0,0,VALID,VALID
35H-09245,2026-08-07 14:10:00,257.6,0,"Cát Tường, Xã Bình Mỹ, Tỉnh Ninh Bình",0.0,2.0,1,0,0.10000000000002274,0.05000000000001137,257.5,0.054772260465756284,5.0,1,Stopped,0,0,0,0,0,VALID,VALID
35H-09245,2026-08-07 14:12:00,257.7,0,"Cát Tường, Xã Bình Mỹ, Tỉnh Ninh Bình",0.0,2.0,1,0,0.0999999999999659,0.04999999999998295,257.6,0.08366600574022075,5.0,1,Stopped,0,0,0,0,0,VALID,VALID
35H-09245,2026-08-07 14:14:00,257.8,0,"Cát Tường, Xã Bình Mỹ, Tỉnh Ninh Bình",0.0,2.0,1,0,0.10000000000002274,0.05000000000001137,257.6,0.114017544775,5.0,1,Stopped,0,0,0,0,0,VALID,VALID
35H-09245,2026-08-07 14:16:00,256.9,0,"Cát Tường, Xã Bình Mỹ, Tỉnh Ninh Bình",0.0,2.0,1,0,-0.9000000000000341,-0.45000000000001705,257.6,0.3535533913237597,5.0,1,Stopped,0,0,0,0,0,VALID,VALID
35H-09245,2026-08-07 14:17:00,257.8,0,"Cát Tường, Xã Bình Mỹ, Tỉnh Ninh Bình",0.0,1.0,1,0,0.9000000000000341,0.9000000000000341,257.7,0.3781534087067482,5.0,1,Stopped,0,0,0,0,0,VALID,VALID
35H-09245,2026-08-07 14:18:00,257.1,0,"Cát Tường, Xã Bình Mỹ, Tỉnh Ninh Bình",0.0,1.0,1,0,-0.6999999999999886,-0.6999999999999886,257.7,0.4277849933278785,5.0,1,Stopped,0,0,0,0,0,VALID,VALID
35H-09245,2026-08-07 14:19:00,256.9,0,"Cát Tường, Xã Bình Mỹ, Tỉnh Ninh Bình",0.0,1.0,1,0,-0.20000000000004547,-0.20000000000004547,257.1,0.46368092533179467,5.0,1,Stopped,0,0,0,0,0,VALID,VALID
35H-09245,2026-08-07 14:20:00,257.1,0,"Cát Tường, Xã Bình Mỹ, Tỉnh Ninh Bình",0.0,1.0,1,0,0.20000000000004547,0.20000000000004547,257.1,0.3714835131153861,5.0,1,Stopped,0,0,0,0,0,VALID,VALID
35H-09245,2026-08-07 14:21:00,257.1,0,"Cát Tường, Xã Bình Mỹ, Tỉnh Ninh Bình",0.0,1.0,1,0,0.0,0.0,257.1,0.3464101622593412,5.0,1,Stopped,0,0,0,0,0,VALID,VALID
35H-09245,2026-08-07 14:22:00,257.1,0,"Cát Tường, Xã Bình Mỹ, Tỉnh Ninh Bình",0.0,1.0,1,0,0.0,0.0,257.1,0.08944272198763345,5.0,1,Stopped,0,0,0,0,0,VALID,VALID
35H-09245,2026-08-07 14:23:00,257.1,0,"Cát Tường, Xã Bình Mỹ, Tỉnh Ninh Bình",0.0,1.0,1,0,0.0,0.0,257.1,0.08944272198763345,5.0,1,Stopped,0,0,0,0,0,VALID,VALID
35H-09245,2026-08-07 14:24:00,257.1,0,"Cát Tường, Xã Bình Mỹ, Tỉnh Ninh Bình",0.0,1.0,1,0,0.0,0.0,257.1,0.0,5.0,1,Stopped,0,0,0,0,0,VALID,VALID
35H-09245,2026-08-07 14:26:00,257.1,0,"Cát Tường, Xã Bình Mỹ, Tỉnh Ninh Bình",0.0,2.0,1,0,0.0,0.0,257.1,0.0,5.0,1,Stopped,0,0,0,0,0,VALID,VALID
35H-09245,2026-08-07 14:27:00,257.1,0,"Cát Tường, Xã Bình Mỹ, Tỉnh Ninh Bình",0.0,1.0,1,0,0.0,0.0,257.1,0.0,5.0,1,Stopped,0,0,0,0,0,VALID,VALID
35H-09245,2026-08-07 14:28:00,257.1,0,"Cát Tường, Xã Bình Mỹ, Tỉnh Ninh Bình",0.0,1.0,1,0,0.0,0.0,257.1,0.0,5.0,1,Stopped,0,0,0,0,0,VALID,VALID
35H-09245,2026-08-07 14:29:00,257.1,0,"Cát Tường, Xã Bình Mỹ, Tỉnh Ninh Bình",0.0,1.0,1,0,0.0,0.0,257.1,0.0,5.0,1,Stopped,0,0,0,0,0,VALID,VALID
35H-09245,2026-08-07 14:30:00,257.1,0,"Cát Tường, Xã Bình Mỹ, Tỉnh Ninh Bình",0.0,1.0,1,0,0.0,0.0,257.1,0.0,5.0,1,Stopped,0,0,0,0,0,VALID,VALID
35H-09245,2026-08-07 14:31:00,257.1,0,"Cát Tường, Xã Bình Mỹ, Tỉnh Ninh Bình",0.0,1.0,1,0,0.0,0.0,257.1,0.0,5.0,1,Stopped,0,0,0,0,0,VALID,VALID
35H-09245,2026-08-07 14:32:00,257.1,0,"Cát Tường, Xã Bình Mỹ, Tỉnh Ninh Bình",0.0,1.0,1,0,0.0,0.0,257.1,0.0,5.0,1,Stopped,0,0,0,0,0,VALID,VALID
35H-09245,2026-08-07 14:34:00,257.0,0,"Cát Tường, Xã Bình Mỹ, Tỉnh Ninh Bình",0.0,2.0,1,0,-0.10000000000002274,-0.05000000000001137,257.1,0.04472136532521696,5.0,1,Stopped,0,0,0,0,0,VALID,VALID
35H-09245,2026-08-07 14:35:00,257.1,0,"Cát Tường, Xã Bình Mỹ, Tỉnh Ninh Bình",0.0,1.0,1,0,0.10000000000002274,0.10000000000002274,257.1,0.04472136532521696,5.0,1,Stopped,0,0,0,0,0,VALID,VALID
35H-09245,2026-08-07 14:36:00,257.0,0,"Cát Tường, Xã Bình Mỹ, Tỉnh Ninh Bình",0.0,1.0,1,0,-0.10000000000002274,-0.10000000000002274,257.1,0.05477226046598346,5.0,1,Stopped,0,0,0,0,0,VALID,VALID
35H-09245,2026-08-07 14:37:00,257.0,0,"Cát Tường, Xã Bình Mỹ, Tỉnh Ninh Bình",0.0,1.0,1,0,0.0,0.0,257.0,0.05477226046600681,5.0,1,Stopped,0,0,0,0,0,VALID,VALID
35H-09245,2026-08-07 14:38:00,258.0,27,"Trần Hưng Đạo, Xã Bình Mỹ, Tỉnh Ninh Bình",0.0,1.0,1,0,1.0,1.0,257.0,0.4381780465935279,5.0,1,Moving,0,0,0,0,0,VALID,VALID
35H-09245,2026-08-07 14:40:00,258.7,32,"Trần Hưng Đạo, Xã Bình Mỹ, Tỉnh Ninh Bình",0.0,2.0,1,0,0.6999999999999886,0.3499999999999943,257.1,0.7635443670910387,5.0,1,Moving,0,0,0,0,0,VALID,VALID
35H-09245,2026-08-07 14:42:00,258.5,33,"Trần Hưng Đạo, Xã Bình Mỹ, Tỉnh Ninh Bình",0.0,2.0,1,0,-0.19999999999998863,-0.09999999999999432,258.0,0.8080841543530145,5.0,1,Moving,0,0,0,0,0,VALID,VALID
35H-09245,2026-08-07 14:44:00,257.6,22,"Trần Tử Bình, Xã Bình Mỹ, Tỉnh Ninh Bình",0.0,2.0,1,0,-0.8999999999999773,-0.44999999999998863,258.0,0.6877499549374101,5.0,1,Moving,0,0,0,0,0,VALID,VALID
35H-09245,2026-08-07 14:46:00,257.4,0,"Quốc Lộ 37B, Xã Bình Mỹ, Tỉnh Ninh Bình",0.0,2.0,1,0,-0.20000000000004547,-0.10000000000002274,258.0,0.5594640296894942,5.0,1,Stopped,0,0,0,0,0,VALID,VALID
35H-09245,2026-08-07 14:49:00,259.0,0,"Xã Bình Mỹ, Tỉnh Ninh Bình",0.0,3.0,1,0,1.6000000000000227,0.5333333333333409,258.5,0.7021395876294133,5.0,1,Stopped,0,0,0,0,0,VALID,VALID
35H-09245,2026-08-07 14:51:00,259.0,0,"Xã Bình Mỹ, Tỉnh Ninh Bình",0.0,2.0,1,0,0.0,0.0,258.5,0.7615773109254269,5.0,1,Stopped,0,0,0,0,0,VALID,VALID
35H-09245,2026-08-07 14:53:00,259.0,0,"Xã Bình Mỹ, Tỉnh Ninh Bình",0.0,2.0,1,0,0.0,0.0,259.0,0.8246211254366512,5.0,1,Stopped,0,0,0,0,0,VALID,VALID
35H-09245,2026-08-07 14:55:00,259.3,0,"Xã Bình Mỹ, Tỉnh Ninh Bình",0.0,2.0,1,0,0.30000000000001137,0.15000000000000568,259.0,0.7602631126895798,5.0,1,Stopped,0,0,0,0,0,VALID,VALID
35H-09245,2026-08-07 14:56:00,259.8,0,"Xã Bình Mỹ, Tỉnh Ninh Bình",0.0,1.0,1,0,0.5,0.5,259.0,0.3492849846708177,5.0,1,Stopped,0,0,0,0,0,VALID,VALID
35H-09245,2026-08-07 14:58:00,257.5,0,"Xã Bình Mỹ, Tỉnh Ninh Bình",0.0,2.0,1,0,-2.3000000000000114,-1.1500000000000057,259.0,0.8584870415541928,5.0,1,Stopped,0,0,0,0,0,VALID,VALID
35H-09245,2026-08-07 15:00:00,255.3,0,"Xã Bình Mỹ, Tỉnh Ninh Bình",0.0,2.0,1,0,-2.1999999999999886,-1.0999999999999943,259.0,1.8240065790770712,5.0,1,Stopped,0,0,0,0,0,VALID,VALID
35H-09245,2026-08-07 15:01:00,259.0,0,"Xã Bình Mỹ, Tỉnh Ninh Bình",0.0,1.0,1,0,3.6999999999999886,3.6999999999999886,259.0,1.8240065790770712,5.0,1,Stopped,0,0,0,0,0,VALID,VALID
35H-09245,2026-08-07 15:02:00,254.9,0,"Xã Bình Mỹ, Tỉnh Ninh Bình",0.0,1.0,1,0,-4.099999999999994,-4.099999999999994,257.5,2.1760055148175463,5.0,1,Stopped,0,0,0,0,0,VALID,VALID
35H-09245,2026-08-07 15:03:00,255.3,0,"Xã Bình Mỹ, Tỉnh Ninh Bình",0.0,1.0,1,0,0.4000000000000057,0.4000000000000057,255.3,1.7776388836083292,5.0,1,Stopped,0,0,0,0,0,VALID,VALID
35H-09245,2026-08-07 15:04:00,254.5,0,"Xã Bình Mỹ, Tỉnh Ninh Bình",0.0,1.0,1,0,-0.8000000000000114,-0.8000000000000114,255.3,1.8193405400079072,5.0,1,Stopped,0,0,0,0,0,VALID,VALID
35H-09245,2026-08-07 15:05:00,255.1,0,"Xã Bình Mỹ, Tỉnh Ninh Bình",0.0,1.0,1,0,0.5999999999999943,0.5999999999999943,255.1,1.8352111596533711,5.0,1,Stopped,0,0,0,0,0,VALID,VALID
35H-09245,2026-08-07 15:06:00,254.4,0,"Xã Bình Mỹ, Tỉnh Ninh Bình",0.0,1.0,1,0,-0.6999999999999886,-0.6999999999999886,254.9,0.3847076819044632,5.0,1,Stopped,0,0,0,0,0,VALID,VALID
35H-09245,2026-08-07 15:07:00,254.6,0,"Xã Bình Mỹ, Tỉnh Ninh Bình",0.0,1.0,1,0,0.19999999999998863,0.19999999999998863,254.6,0.39623225577469773,5.0,1,Stopped,0,0,0,0,0,VALID,VALID
35H-09245,2026-08-07 15:08:00,255.7,21,"Xã Bình Mỹ, Tỉnh Ninh Bình",0.0,1.0,1,0,1.0999999999999943,1.0999999999999943,254.6,0.5412947445858799,5.0,1,Moving,0,0,0,0,0,VALID,VALID
35H-09245,2026-08-07 15:09:00,254.4,0,"Xã Bình Mỹ, Tỉnh Ninh Bình",0.0,1.0,1,0,-1.299999999999983,-1.299999999999983,254.6,0.5594640296893901,5.0,1,Stopped,0,0,0,0,0,VALID,VALID
35H-09245,2026-08-07 15:10:00,255.6,37,"Quốc Lộ 37B, Xã Bình Mỹ, Tỉnh Ninh Bình",0.0,1.0,1,0,1.1999999999999886,1.1999999999999886,254.6,0.654217089746431,5.0,1,Moving,0,0,0,0,0,VALID,VALID
35H-09245,2026-08-07 15:11:00,256.8,0,"Xã Bình Mỹ, Tỉnh Ninh Bình",0.0,1.0,1,0,1.200000000000017,1.200000000000017,255.6,0.9654014711591813,5.0,1,Stopped,0,0,0,0,0,VALID,VALID
35H-09245,2026-08-07 15:12:00,257.3,0,"Trần Tử Bình, Xã Bình Mỹ, Tỉnh Ninh Bình",0.0,1.0,1,0,0.5,0.5,255.7,1.1326958993994447,5.0,1,Stopped,0,0,0,0,0,VALID,VALID
35H-09245,2026-08-07 15:14:00,255.6,0,"Trần Tử Bình, Xã Bình Mỹ, Tỉnh Ninh Bình",0.0,2.0,1,0,-1.700000000000017,-0.8500000000000085,255.6,1.1392980297166846,5.0,1,Stopped,0,0,0,0,0,VALID,VALID
35H-09245,2026-08-07 15:15:00,257.3,0,"Trần Tử Bình, Xã Bình Mỹ, Tỉnh Ninh Bình",0.0,1.0,1,0,1.700000000000017,1.700000000000017,256.8,0.864291617751949,5.0,1,Stopped,0,0,0,0,0,VALID,VALID
35H-09245,2026-08-07 15:16:00,256.5,7,"Trần Hưng Đạo, Xã Bình Mỹ, Tỉnh Ninh Bình",0.0,1.0,1,0,-0.8000000000000114,-0.8000000000000114,256.8,0.7035623643404042,5.0,1,Moving,0,0,0,0,0,VALID,VALID
35H-09245,2026-08-07 15:17:00,255.6,0,"Trần Tử Bình, Xã Bình Mỹ, Tỉnh Ninh Bình",0.0,1.0,1,0,-0.9000000000000057,-0.9000000000000057,256.5,0.8502940670828472,5.0,1,Stopped,0,0,0,0,0,VALID,VALID
35H-09245,2026-08-07 15:18:00,255.3,14,"Triều Hội, Xã Bình Mỹ, Tỉnh Ninh Bình",0.0,1.0,1,0,-0.29999999999998295,-0.29999999999998295,255.6,0.8264381407681554,5.0,1,Moving,0,0,0,0,0,VALID,VALID
35H-09245,2026-08-07 15:20:00,255.4,0,"Đường Huyện 01, Xã Bình Mỹ, Tỉnh Ninh Bình",0.0,2.0,1,0,0.09999999999999432,0.04999999999999716,255.6,0.8584870415541073,5.0,1,Stopped,0,0,0,0,0,VALID,VALID
35H-09245,2026-08-07 15:22:00,254.6,0,"Đường Huyện 01, Xã Bình Mỹ, Tỉnh Ninh Bình",0.0,2.0,1,0,-0.8000000000000114,-0.4000000000000057,255.4,0.6833739829086055,5.0,1,Stopped,0,0,0,0,0,VALID,VALID
35H-09245,2026-08-07 15:23:00,255.4,0,"Đường Huyện 01, Xã Bình Mỹ, Tỉnh Ninh Bình",0.0,1.0,1,0,0.8000000000000114,0.8000000000000114,255.4,0.38470768190458005,5.0,1,Stopped,0,0,0,0,0,VALID,VALID
35H-09245,2026-08-07 15:24:00,254.0,23,"Đường Huyện 01, Xã Bình Mỹ, Tỉnh Ninh Bình",0.0,1.0,1,0,-1.4000000000000057,-1.4000000000000057,255.3,0.6228964605104443,5.0,1,Moving,0,0,0,0,0,VALID,VALID
35H-09245,2026-08-07 15:25:00,254.6,0,"Đường Huyện 01, Xã Bình Mỹ, Tỉnh Ninh Bình",0.0,1.0,1,0,0.5999999999999943,0.5999999999999943,254.6,0.6000000004303828,5.0,1,Stopped,0,0,0,0,0,VALID,VALID
35H-09245,2026-08-07 15:26:00,255.3,49,"Nam Định - Phủ Lý, Xã Bình Mỹ, Tỉnh Ninh Bình",0.0,1.0,1,0,0.700000000000017,0.700000000000017,254.6,0.5761944120836833,5.0,1,Moving,0,0,0,0,0,VALID,VALID
35H-09245,2026-08-07 15:28:00,256.2,7,"Nam Định - Phủ Lý, Xã Bình Mỹ, Tỉnh Ninh Bình",0.0,2.0,1,0,0.8999999999999773,0.44999999999998863,255.3,0.8366600268426769,5.0,1,Moving,0,0,0,0,0,VALID,VALID
35H-09245,2026-08-07 15:30:00,253.1,0,"Quốc Lộ 37B, Xã Bình Mỹ, Tỉnh Ninh Bình",0.0,2.0,1,0,-3.0999999999999943,-1.5499999999999972,254.6,1.188696765586782,5.0,1,Stopped,0,0,0,0,0,VALID,VALID
35H-09245,2026-08-07 15:32:00,253.1,0,"Quốc Lộ 37B, Xã Bình Mỹ, Tỉnh Ninh Bình",0.0,2.0,1,0,0.0,0.0,254.6,1.364917580118489,5.0,1,Stopped,0,0,0,0,0,VALID,VALID
35H-09245,2026-08-07 15:34:00,253.1,0,"Quốc Lộ 37B, Xã Bình Mỹ, Tỉnh Ninh Bình",0.0,2.0,1,0,0.0,0.0,253.1,1.485934049854352,5.0,1,Stopped,0,0,0,0,0,VALID,VALID
35H-09245,2026-08-07 15:35:00,253.1,0,"Quốc Lộ 37B, Xã Bình Mỹ, Tỉnh Ninh Bình",0.0,1.0,1,0,0.0,0.0,253.1,1.3863621462361866,5.0,1,Stopped,0,0,0,0,0,VALID,VALID
35H-09245,2026-08-07 15:36:00,253.1,0,"Quốc Lộ 37B, Xã Bình Mỹ, Tỉnh Ninh Bình",0.0,1.0,1,0,0.0,0.0,253.1,0.0,5.0,1,Stopped,0,0,0,0,0,VALID,VALID
35H-09245,2026-08-07 15:38:00,253.1,0,"Quốc Lộ 37B, Xã Bình Mỹ, Tỉnh Ninh Bình",0.0,2.0,1,0,0.0,0.0,253.1,0.0,5.0,1,Stopped,0,0,0,0,0,VALID,VALID
35H-09245,2026-08-07 15:40:00,253.8,36,"Quốc Lộ 37B, Xã Bình Mỹ, Tỉnh Ninh Bình",0.0,2.0,1,0,0.700000000000017,0.3500000000000085,253.1,0.3130495176752316,5.0,1,Moving,0,0,0,0,0,VALID,VALID
35H-09245,2026-08-07 15:42:00,254.3,23,"Ngô Gia Bẩy, Xã Bình Mỹ, Tỉnh Ninh Bình",0.0,2.0,1,0,0.5,0.25,253.1,0.5495452670314394,5.0,1,Moving,0,0,0,0,0,VALID,VALID
35H-09245,2026-08-07 15:44:00,254.1,46,"Quốc Lộ 21, Xã Liêm Hà, Tỉnh Ninh Bình",0.0,2.0,1,0,-0.20000000000001705,-0.10000000000000853,253.8,0.5585696022131995,5.0,1,Moving,0,0,0,0,0,VALID,VALID
35H-09245,2026-08-07 15:46:00,253.7,46,"Quốc Lộ 21, Xã Liêm Hà, Tỉnh Ninh Bình",0.0,2.0,1,0,-0.4000000000000057,-0.20000000000000284,253.8,0.45825757005922324,5.0,1,Moving,0,0,0,0,0,VALID,VALID
35H-09245,2026-08-07 15:48:00,253.6,40,"Quốc Lộ 21, Xã Liêm Hà, Tỉnh Ninh Bình",0.0,2.0,1,0,-0.09999999999999432,-0.04999999999999716,253.8,0.29154759562816773,5.0,1,Moving,0,0,0,0,0,VALID,VALID
35H-09245,2026-08-07 15:50:00,252.4,47,"Cao tốc Cầu Giẽ - Ninh Bình, Phường Liêm Tuyền, Tỉnh Ninh Bình",0.0,2.0,1,0,-1.1999999999999886,-0.5999999999999943,253.7,0.7395944838332712,5.0,1,Moving,0,0,0,0,0,VALID,VALID
35H-09245,2026-08-07 15:52:00,252.0,46,"Tỉnh Lộ 494, Phường Phủ Lý, Tỉnh Ninh Bình",0.0,2.0,1,0,-0.4000000000000057,-0.20000000000000284,253.6,0.9071934746880981,5.0,1,Moving,0,0,0,0,0,VALID,VALID
35H-09245,2026-08-07 15:54:00,251.8,52,"Tỉnh Lộ 494, Xã Liêm Hà, Tỉnh Ninh Bình",0.0,2.0,1,0,-0.19999999999998863,-0.09999999999999432,252.4,0.8944271912887722,5.0,1,Moving,0,0,0,0,0,VALID,VALID
35H-09245,2026-08-07 15:56:00,250.7,56,"Tỉnh Lộ 494, Xã Liêm Hà, Tỉnh Ninh Bình",0.0,2.0,1,0,-1.1000000000000227,-0.5500000000000114,252.0,1.048808848416521,5.0,1,Moving,0,0,0,0,0,VALID,VALID
35H-09245,2026-08-07 15:58:00,251.3,51,"Quốc Lộ 1, Xã Liêm Hà, Tỉnh Ninh Bình",0.0,2.0,1,0,0.6000000000000227,0.30000000000001137,251.8,0.6580273554471835,5.0,1,Moving,0,0,0,0,0,VALID,VALID
35H-09245,2026-08-07 16:00:00,251.8,52,"Lê Hoàn, Phường Phủ Lý, Tỉnh Ninh Bình",0.0,2.0,1,0,0.5,0.25,251.8,0.5263078951686152,5.0,1,Moving,0,0,0,0,0,VALID,VALID
35H-09245,2026-08-07 16:02:00,250.0,0,"Lê Hoàn, Phường Phủ Lý, Tỉnh Ninh Bình",0.0,2.0,1,0,-1.8000000000000114,-0.9000000000000057,251.3,0.7726577512177196,5.0,1,Stopped,0,0,0,0,0,VALID,VALID
35H-09245,2026-08-07 16:04:00,250.9,38,"Lê Chân, Phường Châu Sơn, Tỉnh Ninh Bình",0.0,2.0,1,0,0.9000000000000057,0.45000000000000284,250.9,0.6730527472024892,5.0,1,Moving,0,0,0,0,0,VALID,VALID
35H-09245,2026-08-07 16:06:00,253.4,0,"Lê Chân, Phường Phù Vân, Tỉnh Ninh Bình",0.0,2.0,1,0,2.5,1.25,251.3,1.2597618824670116,5.0,1,Stopped,0,0,0,0,0,VALID,VALID
35H-09245,2026-08-07 16:08:00,248.7,0,"Lê Chân, Phường Phù Vân, Tỉnh Ninh Bình",0.0,2.0,1,0,-4.700000000000017,-2.3500000000000085,250.9,1.7812916663244172,5.0,1,Stopped,0,0,0,0,0,VALID,VALID
35H-09245,2026-08-07 16:10:00,248.1,0,"Lê Chân, Phường Phù Vân, Tỉnh Ninh Bình",0.0,2.0,1,0,-0.5999999999999943,-0.29999999999999716,250.0,2.0873428085766776,5.0,1,Stopped,0,0,0,0,0,VALID,VALID
35H-09245,2026-08-07 16:12:00,248.1,0,"Lê Chân, Phường Phù Vân, Tỉnh Ninh Bình",0.0,2.0,1,0,0.0,0.0,248.7,2.2995651764011296,5.0,1,Stopped,0,0,0,0,0,VALID,VALID
35H-09245,2026-08-07 16:14:00,248.2,0,"Lê Chân, Phường Phù Vân, Tỉnh Ninh Bình",0.0,2.0,1,0,0.09999999999999432,0.04999999999999716,248.2,2.305428376791766,5.0,1,Stopped,0,0,0,0,0,VALID,VALID
35H-09245,2026-08-07 16:16:00,247.9,19,"Lê Chân, Phường Phù Vân, Tỉnh Ninh Bình",0.0,2.0,1,0,-0.29999999999998295,-0.14999999999999147,248.1,0.30000000086097356,5.0,1,Moving,0,0,0,0,0,VALID,VALID
35H-09245,2026-08-07 16:18:00,249.6,44,"Phủ Lý - Kiện Khê, Phường Lý Thường Kiệt, Tỉnh Ninh Bình",0.0,2.0,1,0,1.6999999999999886,0.8499999999999943,248.1,0.6906518663672726,5.0,1,Moving,0,0,0,0,0,VALID,VALID
35H-09245,2026-08-07 16:20:00,247.8,55,"Phường Lý Thường Kiệt, Tỉnh Ninh Bình",0.0,2.0,1,0,-1.799999999999983,-0.8999999999999915,248.1,0.7328028387749241,5.0,1,Moving,0,0,0,0,0,VALID,VALID
35H-09245,2026-08-07 16:22:00,248.9,13,"Tỉnh Lộ 495C, Phường Châu Sơn, Tỉnh Ninh Bình",0.0,2.0,1,0,1.0999999999999943,0.5499999999999972,248.2,0.7596051609333659,5.0,1,Moving,0,0,0,0,0,VALID,VALID
35H-09245,2026-08-07 16:24:00,247.0,29,"Tỉnh Lộ 495C, Phường Châu Sơn, Tỉnh Ninh Bình",0.0,2.0,1,0,-1.9000000000000057,-0.9500000000000028,247.9,1.0163660760358824,5.0,1,Moving,0,0,0,0,0,VALID,VALID
35H-09245,2026-08-07 16:26:00,245.1,50,"Tỉnh Lộ 495C, Xã Tân Thanh, Tỉnh Ninh Bình",0.0,2.0,1,0,-1.9000000000000057,-0.9500000000000028,247.8,1.7541379650747293,5.0,1,Moving,0,0,0,0,0,VALID,VALID
35H-09245,2026-08-07 16:28:00,247.3,0,"Tỉnh Lộ 495C, Xã Tân Thanh, Tỉnh Ninh Bình",0.0,2.0,1,0,2.200000000000017,1.1000000000000085,247.3,1.3881642555967428,5.0,1,Stopped,0,0,0,0,0,VALID,VALID
35H-09245,2026-08-07 16:30:00,246.9,0,"Tỉnh Lộ 495C, Xã Tân Thanh, Tỉnh Ninh Bình",0.0,2.0,1,0,-0.4000000000000057,-0.20000000000000284,247.0,1.3520355026834279,5.0,1,Stopped,0,0,0,0,0,VALID,VALID
35H-09245,2026-08-07 16:32:00,245.8,0,"Xã Tân Thanh, Tỉnh Ninh Bình",0.0,2.0,1,0,-1.0999999999999943,-0.5499999999999972,246.9,0.9311283480360437,5.0,1,Stopped,0,0,0,0,0,VALID,VALID
35H-09245,2026-08-07 16:34:00,244.3,0,"Xã Tân Thanh, Tỉnh Ninh Bình",0.0,2.0,1,0,-1.5,-0.75,245.8,1.2417729263099073,5.0,1,Stopped,0,0,0,0,0,VALID,VALID
35H-09245,2026-08-07 16:36:00,244.0,0,"Xã Tân Thanh, Tỉnh Ninh Bình",0.0,2.0,1,0,-0.30000000000001137,-0.15000000000000568,245.8,1.487615541904645,5.0,1,Stopped,0,0,0,0,0,VALID,VALID
35H-09245,2026-08-07 16:38:00,243.8,0,"Xã Tân Thanh, Tỉnh Ninh Bình",0.0,2.0,1,0,-0.19999999999998863,-0.09999999999999432,244.3,1.3390294994943759,5.0,1,Stopped,0,0,0,0,0,VALID,VALID
35H-09245,2026-08-07 16:40:00,243.6,0,"Xã Tân Thanh, Tỉnh Ninh Bình",0.0,2.0,1,0,-0.20000000000001705,-0.10000000000000853,244.0,0.8774964390332726,5.0,1,Stopped,0,0,0,0,0,VALID,VALID
35H-09245,2026-08-07 16:42:00,245.7,0,"Xã Tân Thanh, Tỉnh Ninh Bình",0.0,2.0,1,0,2.0999999999999943,1.0499999999999972,244.0,0.834865258898731,5.0,1,Stopped,0,0,0,0,0,VALID,VALID
35H-09245,2026-08-07 16:44:00,245.7,0,"Xã Tân Thanh, Tỉnh Ninh Bình",0.0,2.0,1,0,0.0,0.0,244.0,1.0502380684949737,5.0,1,Stopped,0,0,0,0,0,VALID,VALID
35H-09245,2026-08-07 16:46:00,245.7,0,"Xã Tân Thanh, Tỉnh Ninh Bình",0.0,2.0,1,0,0.0,0.0,245.7,1.0977249202400718,5.0,1,Stopped,0,0,0,0,0,VALID,VALID
35H-09245,2026-08-07 16:48:00,245.6,0,"Xã Tân Thanh, Tỉnh Ninh Bình",0.0,2.0,1,0,-0.09999999999999432,-0.04999999999999716,245.7,0.928977933277269,5.0,1,Stopped,0,0,0,0,0,VALID,VALID
35H-09245,2026-08-07 16:50:00,245.6,0,"Xã Tân Thanh, Tỉnh Ninh Bình",0.0,2.0,1,0,0.0,0.0,245.7,0.054772260462190206,5.0,1,Stopped,0,0,0,0,0,VALID,VALID
35H-09245,2026-08-07 16:52:00,245.5,0,"Xã Tân Thanh, Tỉnh Ninh Bình",0.0,2.0,1,0,-0.09999999999999432,-0.04999999999999716,245.6,0.08366600573791041,5.0,1,Stopped,0,0,0,0,0,VALID,VALID
35H-09245,2026-08-07 16:54:00,245.5,0,"Xã Tân Thanh, Tỉnh Ninh Bình",0.0,2.0,1,0,0.0,0.0,245.6,0.08366600573789937,5.0,1,Stopped,0,0,0,0,0,VALID,VALID
35H-09245,2026-08-07 16:56:00,245.4,0,"Xã Tân Thanh, Tỉnh Ninh Bình",0.0,2.0,1,0,-0.09999999999999432,-0.04999999999999716,245.5,0.0836660057378879,5.0,1,Stopped,0,0,0,0,0,VALID,VALID
35H-09245,2026-08-07 16:58:00,245.4,0,"Xã Tân Thanh, Tỉnh Ninh Bình",0.0,2.0,1,0,0.0,0.0,245.5,0.08366600573787686,5.0,1,Stopped,0,0,0,0,0,VALID,VALID
35H-09245,2026-08-07 17:00:00,245.1,0,"Xã Tân Thanh, Tỉnh Ninh Bình",0.0,2.0,1,0,-0.30000000000001137,-0.15000000000000568,245.4,0.16431676882208282,5.0,1,Stopped,0,0,0,0,0,VALID,VALID
35H-09245,2026-08-07 17:02:00,244.8,0,"Xã Tân Thanh, Tỉnh Ninh Bình",0.0,2.0,1,0,-0.29999999999998295,-0.14999999999999147,245.4,0.28809720671351063,5.0,1,Stopped,0,0,0,0,0,VALID,VALID
35H-09245,2026-08-07 17:04:00,244.8,0,"Xã Tân Thanh, Tỉnh Ninh Bình",0.0,2.0,1,0,0.0,0.0,245.1,0.30000000086021633,5.0,1,Stopped,0,0,0,0,0,VALID,VALID
35H-09245,2026-08-07 17:06:00,244.8,23,"Xã Tân Thanh, Tỉnh Ninh Bình",0.0,2.0,1,0,0.0,0.0,244.8,0.26832815826173545,5.0,1,Moving,0,0,0,0,0,VALID,VALID
35H-09245,2026-08-07 17:08:00,244.8,0,"Xã Tân Thanh, Tỉnh Ninh Bình",0.0,2.0,1,0,0.0,0.0,244.8,0.13416408057352489,5.0,1,Stopped,0,0,0,0,0,VALID,VALID
35H-09245,2026-08-07 17:10:00,244.8,6,"Xã Tân Thanh, Tỉnh Ninh Bình",0.0,2.0,1,0,0.0,0.0,244.8,0.0,5.0,1,Moving,0,0,0,0,0,VALID,VALID
35H-09245,2026-08-07 17:12:00,244.8,0,"Tỉnh Lộ 495C, Xã Tân Thanh, Tỉnh Ninh Bình",0.0,2.0,1,0,0.0,0.0,244.8,0.0,5.0,1,Stopped,0,0,0,0,0,VALID,VALID
35H-09245,2026-08-07 17:14:00,244.7,0,"Tỉnh Lộ 495C, Xã Tân Thanh, Tỉnh Ninh Bình",0.0,2.0,1,0,-0.10000000000002274,-0.05000000000001137,244.8,0.044721365320644205,5.0,1,Stopped,0,0,0,0,0,VALID,VALID
35H-09245,2026-08-07 17:16:00,244.7,0,"Tỉnh Lộ 495C, Xã Tân Thanh, Tỉnh Ninh Bình",0.0,2.0,1,0,0.0,0.0,244.8,0.05477226046223329,5.0,1,Stopped,0,0,0,0,0,VALID,VALID
35H-09245,2026-08-07 17:18:00,244.7,0,"Tỉnh Lộ 495C, Xã Tân Thanh, Tỉnh Ninh Bình",0.0,2.0,1,0,0.0,0.0,244.7,0.05477226046223329,5.0,1,Stopped,0,0,0,0,0,VALID,VALID
35H-09245,2026-08-07 17:20:00,244.7,0,"Tỉnh Lộ 495C, Xã Tân Thanh, Tỉnh Ninh Bình",0.0,2.0,1,0,0.0,0.0,244.7,0.044721365320652545,5.0,1,Stopped,0,0,0,0,0,VALID,VALID
35H-09245,2026-08-07 17:22:00,244.7,0,"Tỉnh Lộ 495C, Xã Tân Thanh, Tỉnh Ninh Bình",0.0,2.0,1,0,0.0,0.0,244.7,0.0,5.0,1,Stopped,0,0,0,0,0,VALID,VALID
35H-09245,2026-08-07 17:24:00,244.7,0,"Tỉnh Lộ 495C, Xã Tân Thanh, Tỉnh Ninh Bình",0.0,2.0,1,0,0.0,0.0,244.7,0.0,5.0,1,Stopped,0,0,0,0,0,VALID,VALID
35H-09245,2026-08-07 17:26:00,244.7,0,"Tỉnh Lộ 495C, Xã Tân Thanh, Tỉnh Ninh Bình",0.0,2.0,1,0,0.0,0.0,244.7,0.0,5.0,1,Stopped,0,0,0,0,0,VALID,VALID
35H-09245,2026-08-07 17:28:00,246.3,16,"Xã Tân Thanh, Tỉnh Ninh Bình",0.0,2.0,1,0,1.6000000000000227,0.8000000000000114,244.7,0.7155417531605842,5.0,1,Moving,0,0,0,0,0,VALID,VALID
35H-09245,2026-08-07 17:30:00,244.4,0,"Xã Tân Thanh, Tỉnh Ninh Bình",0.0,2.0,1,0,-1.9000000000000057,-0.9500000000000028,244.7,0.7602631126893664,5.0,1,Stopped,0,0,0,0,0,VALID,VALID
35H-09245,2026-08-07 17:32:00,245.1,0,"Tỉnh Lộ 495C, Xã Tân Thanh, Tỉnh Ninh Bình",0.0,2.0,1,0,0.6999999999999886,0.3499999999999943,244.7,0.7469939762247861,5.0,1,Stopped,0,0,0,0,0,VALID,VALID
35H-09245,2026-08-07 17:34:00,243.8,41,"Tỉnh Lộ 495C, Xã Tân Thanh, Tỉnh Ninh Bình",0.0,2.0,1,0,-1.299999999999983,-0.6499999999999915,244.7,0.9343446904200371,5.0,1,Moving,0,0,0,0,0,VALID,VALID
35H-09245,2026-08-07 17:36:00,243.2,38,"Phường Châu Sơn, Tỉnh Ninh Bình",0.0,2.0,1,0,-0.6000000000000227,-0.30000000000001137,244.4,1.2012493498504568,5.0,1,Moving,0,0,0,0,0,VALID,VALID
35H-09245,2026-08-07 17:38:00,242.6,16,"Cầu Kiện Khê, Phường Châu Sơn, Tỉnh Ninh Bình",0.0,2.0,1,0,-0.5999999999999943,-0.29999999999999716,243.8,0.9808159870822784,5.0,1,Moving,0,0,0,0,0,VALID,VALID
35H-09245,2026-08-07 17:40:00,242.0,48,"Tỉnh Lộ 494, Phường Châu Sơn, Tỉnh Ninh Bình",0.0,2.0,1,0,-0.5999999999999943,-0.29999999999999716,243.2,1.190798051945078,5.0,1,Moving,0,0,0,0,0,VALID,VALID
35H-09245,2026-08-07 17:42:00,242.3,26,"Tỉnh Lộ 494, Phường Châu Sơn, Tỉnh Ninh Bình",0.0,2.0,1,0,0.30000000000001137,0.15000000000000568,242.6,0.7224956750847723,5.0,1,Moving,0,0,0,0,0,VALID,VALID
35H-09245,2026-08-07 17:44:00,241.3,8,"Tỉnh Lộ 494, Xã Liêm Hà, Tỉnh Ninh Bình",0.0,2.0,1,0,-1.0,-0.5,242.3,0.7049822696466853,5.0,1,Moving,0,0,0,0,0,VALID,VALID
35H-09245,2026-08-07 17:46:00,240.3,54,"Tỉnh Lộ 494, Xã Liêm Hà, Tỉnh Ninh Bình",0.0,2.0,1,0,-1.0,-0.5,242.0,0.9192388158232891,5.0,1,Moving,0,0,0,0,0,VALID,VALID
35H-09245,2026-08-07 17:48:00,240.1,22,"Tỉnh Lộ 494, Phường Phủ Lý, Tỉnh Ninh Bình",0.0,2.0,1,0,-0.20000000000001705,-0.10000000000000853,241.3,0.9848857804416872,5.0,1,Moving,0,0,0,0,0,VALID,VALID
35H-09245,2026-08-07 17:50:00,237.9,55,"Quốc Lộ 21, Xã Liêm Hà, Tỉnh Ninh Bình",0.0,2.0,1,0,-2.1999999999999886,-1.0999999999999943,240.3,1.6407315443168238,5.0,1,Moving,0,0,0,0,0,VALID,VALID
35H-09245,2026-08-07 17:52:00,236.7,53,"Quốc Lộ 21, Xã Liêm Hà, Tỉnh Ninh Bình",0.0,2.0,1,0,-1.200000000000017,-0.6000000000000085,240.1,1.8942016789445473,5.0,1,Moving,0,0,0,0,0,VALID,VALID
35H-09245,2026-08-07 17:54:00,236.6,49,"Quốc Lộ 21, Xã Liêm Hà, Tỉnh Ninh Bình",0.0,2.0,1,0,-0.09999999999999432,-0.04999999999999716,237.9,1.7922053455216522,5.0,1,Moving,0,0,0,0,0,VALID,VALID
35H-09245,2026-08-07 17:56:00,236.8,0,"Ngô Gia Bẩy, Xã Bình Mỹ, Tỉnh Ninh Bình",0.0,2.0,1,0,0.20000000000001705,0.10000000000000853,236.8,1.4822280528030742,5.0,1,Stopped,0,0,0,0,0,VALID,VALID
35H-09245,2026-08-07 17:58:00,235.6,38,"Quốc Lộ 37B, Xã Bình Mỹ, Tỉnh Ninh Bình",0.0,2.0,1,0,-1.200000000000017,-0.6000000000000085,236.7,0.8167006798799716,5.0,1,Moving,0,0,0,0,0,VALID,VALID
35H-09245,2026-08-07 18:00:00,234.5,0,"Nam Định - Phủ Lý, Xã Bình Mỹ, Tỉnh Ninh Bình",0.0,2.0,1,0,-1.0999999999999943,-0.5499999999999972,236.6,0.9864076239143842,5.0,1,Stopped,0,0,0,0,0,VALID,VALID
35H-09245,2026-08-07 18:02:00,233.6,51,"Nam Định - Phủ Lý, Xã Bình Mỹ, Tỉnh Ninh Bình",0.0,2.0,1,0,-0.9000000000000057,-0.45000000000000284,235.6,1.368210510307702,5.0,1,Moving,0,0,0,0,0,VALID,VALID
35H-09245,2026-08-07 18:04:00,233.6,59,"Nam Định - Phủ Lý, Xã Bình Mỹ, Tỉnh Ninh Bình",0.0,2.0,1,0,0.0,0.0,234.5,1.379130160832001,5.0,1,Moving,0,0,0,0,0,VALID,VALID
35H-09245,2026-08-07 18:06:00,233.1,44,"Nam Định - Phủ Lý, Xã Bình An, Tỉnh Ninh Bình",0.0,2.0,1,0,-0.5,-0.25,233.6,0.9884331037134083,5.0,1,Moving,0,0,0,0,0,VALID,VALID
35H-09245,2026-08-07 18:08:00,234.8,25,"Nam Định - Phủ Lý, Xã Bình An, Tỉnh Ninh Bình",0.0,2.0,1,0,1.700000000000017,0.8500000000000085,233.6,0.7049822696469296,5.0,1,Moving,0,0,0,0,0,VALID,VALID
35H-09245,2026-08-07 18:10:00,232.3,29,"Xã Bình An, Tỉnh Ninh Bình",0.0,2.0,1,0,-2.5,-1.25,233.6,0.9093954038351816,5.0,1,Moving,0,0,0,0,0,VALID,VALID
35H-09245,2026-08-07 18:12:00,231.2,54,"Xã Bình An, Tỉnh Ninh Bình",0.0,2.0,1,0,-1.1000000000000227,-0.5500000000000114,233.1,1.3546217186050775,5.0,1,Moving,0,0,0,0,0,VALID,VALID
35H-09245,2026-08-07 18:14:00,231.3,49,"Xã Bình An, Tỉnh Ninh Bình",0.0,2.0,1,0,0.10000000000002274,0.05000000000001137,232.3,1.484250652860413,5.0,1,Moving,0,0,0,0,0,VALID,VALID
35H-09245,2026-08-07 18:16:00,229.8,47,"Xã Bình An, Tỉnh Ninh Bình",0.0,2.0,1,0,-1.5,-0.75,231.3,1.8593009440422847,5.0,1,Moving,0,0,0,0,0,VALID,VALID
35H-09245,2026-08-07 18:18:00,229.3,42,"Xã Trần Thương, Tỉnh Ninh Bình",0.0,2.0,1,0,-0.5,-0.25,231.2,1.215318888406027,5.0,1,Moving,0,0,0,0,0,VALID,VALID
35H-09245,2026-08-07 18:20:00,230.4,30,"Xã Trần Thương, Tỉnh Ninh Bình",0.0,2.0,1,0,1.0999999999999943,0.5499999999999972,230.4,0.8689073601463103,5.0,1,Moving,0,0,0,0,0,VALID,VALID
35H-09245,2026-08-07 18:22:00,228.0,18,"Xã Trần Thương, Tỉnh Ninh Bình",0.0,2.0,1,0,-2.4000000000000057,-1.2000000000000028,229.8,1.2340988617272188,5.0,1,Moving,0,0,0,0,0,VALID,VALID
35H-09245,2026-08-07 18:24:00,227.8,26,"Xã Trần Thương, Tỉnh Ninh Bình",0.0,2.0,1,0,-0.19999999999998863,-0.09999999999999432,229.3,1.1304866211134017,5.0,1,Moving,0,0,0,0,0,VALID,VALID
35H-09245,2026-08-07 18:26:00,227.8,0,"Xã Trần Thương, Tỉnh Ninh Bình",0.0,2.0,1,0,0.0,0.0,228.0,1.1567194994969112,5.0,1,Stopped,0,0,0,0,0,VALID,VALID
35H-09245,2026-08-07 18:28:00,229.8,0,"Xã Trần Thương, Tỉnh Ninh Bình",0.0,2.0,1,0,2.0,1.0,228.0,1.2441864814071844,5.0,1,Stopped,0,0,0,0,0,VALID,VALID
35H-09245,2026-08-07 18:30:00,230.1,0,"Xã Trần Thương, Tỉnh Ninh Bình",0.0,2.0,1,0,0.29999999999998295,0.14999999999999147,228.0,1.1489125295323313,5.0,1,Stopped,0,0,0,0,0,VALID,VALID
35H-09245,2026-08-07 18:32:00,230.0,0,"Xã Trần Thương, Tỉnh Ninh Bình",0.0,2.0,1,0,-0.09999999999999432,-0.04999999999999716,229.8,1.1916375289979686,5.0,1,Stopped,0,0,0,0,0,VALID,VALID
35H-09245,2026-08-07 18:34:00,230.0,0,"Xã Trần Thương, Tỉnh Ninh Bình",0.0,2.0,1,0,0.0,0.0,230.0,0.9787747445231735,5.0,1,Stopped,0,0,0,0,0,VALID,VALID
35H-09245,2026-08-07 18:36:00,230.0,0,"Xã Trần Thương, Tỉnh Ninh Bình",0.0,2.0,1,0,0.0,0.0,230.0,0.10954451385816366,5.0,1,Stopped,0,0,0,0,0,VALID,VALID
35H-09245,2026-08-07 18:38:00,230.0,0,"Xã Trần Thương, Tỉnh Ninh Bình",0.0,2.0,1,0,0.0,0.0,230.0,0.044721365323790514,5.0,1,Stopped,0,0,0,0,0,VALID,VALID
35H-09245,2026-08-07 18:40:00,230.0,0,"Xã Trần Thương, Tỉnh Ninh Bình",0.0,2.0,1,0,0.0,0.0,230.0,0.0,5.0,1,Stopped,0,0,0,0,0,VALID,VALID
35H-09245,2026-08-07 18:42:00,230.0,0,"Xã Trần Thương, Tỉnh Ninh Bình",0.0,2.0,1,0,0.0,0.0,230.0,0.0,5.0,1,Stopped,0,0,0,0,0,VALID,VALID
35H-09245,2026-08-07 18:44:00,228.4,0,"Xã Trần Thương, Tỉnh Ninh Bình",0.0,2.0,1,0,-1.5999999999999943,-0.7999999999999972,230.0,0.7155417531607791,5.0,1,Stopped,0,0,0,0,0,VALID,VALID
35H-09245,2026-08-07 18:46:00,227.0,0,"Xã Trần Thương, Tỉnh Ninh Bình",0.0,2.0,1,0,-1.4000000000000057,-0.7000000000000028,230.0,1.3535139454458414,5.0,1,Stopped,0,0,0,0,0,VALID,VALID
35H-09245,2026-08-07 18:48:00,228.0,0,"Xã Trần Thương, Tỉnh Ninh Bình",0.0,2.0,1,0,1.0,0.5,228.4,1.3084341789010043,5.0,1,Stopped,0,0,0,0,0,VALID,VALID
35H-09245,2026-08-07 18:50:00,228.0,0,"Xã Trần Thương, Tỉnh Ninh Bình",0.0,2.0,1,0,0.0,0.0,228.0,1.091787525352951,5.0,1,Stopped,0,0,0,0,0,VALID,VALID
35H-09245,2026-08-07 18:52:00,228.0,0,"Xã Trần Thương, Tỉnh Ninh Bình",0.0,2.0,1,0,0.0,0.0,228.0,0.5215361929111857,5.0,1,Stopped,0,0,0,0,0,VALID,VALID
35H-09245,2026-08-07 18:54:00,228.0,0,"Xã Trần Thương, Tỉnh Ninh Bình",0.0,2.0,1,0,0.0,0.0,228.0,0.44721359607718186,5.0,1,Stopped,0,0,0,0,0,VALID,VALID
35H-09245,2026-08-07 18:56:00,228.0,0,"Xã Trần Thương, Tỉnh Ninh Bình",0.0,2.0,1,0,0.0,0.0,228.0,0.0,5.0,1,Stopped,0,0,0,0,0,VALID,VALID
35H-09245,2026-08-07 18:58:00,228.0,0,"Xã Trần Thương, Tỉnh Ninh Bình",0.0,2.0,1,0,0.0,0.0,228.0,0.0,5.0,1,Stopped,0,0,0,0,0,VALID,VALID
35H-09245,2026-08-07 19:00:00,228.0,0,"Xã Trần Thương, Tỉnh Ninh Bình",0.0,2.0,1,0,0.0,0.0,228.0,0.0,5.0,1,Stopped,0,0,0,0,0,VALID,VALID
35H-09245,2026-08-07 19:02:00,228.0,0,"Xã Trần Thương, Tỉnh Ninh Bình",0.0,2.0,1,0,0.0,0.0,228.0,0.0,5.0,1,Stopped,0,0,0,0,0,VALID,VALID
35H-09245,2026-08-07 19:04:00,228.0,0,"Xã Trần Thương, Tỉnh Ninh Bình",0.0,2.0,1,0,0.0,0.0,228.0,0.0,5.0,1,Stopped,0,0,0,0,0,VALID,VALID
35H-09245,2026-08-07 19:06:00,228.0,0,"Xã Trần Thương, Tỉnh Ninh Bình",0.0,2.0,1,0,0.0,0.0,228.0,0.0,5.0,1,Stopped,0,0,0,0,0,VALID,VALID
35H-09245,2026-08-07 19:08:00,228.0,0,"Xã Trần Thương, Tỉnh Ninh Bình",0.0,2.0,1,0,0.0,0.0,228.0,0.0,5.0,1,Stopped,0,0,0,0,0,VALID,VALID
35H-09245,2026-08-07 19:10:00,228.0,0,"Xã Trần Thương, Tỉnh Ninh Bình",0.0,2.0,1,0,0.0,0.0,228.0,0.0,5.0,1,Stopped,0,0,0,0,0,VALID,VALID
35H-09245,2026-08-07 19:12:00,228.0,0,"Xã Trần Thương, Tỉnh Ninh Bình",0.0,2.0,1,0,0.0,0.0,228.0,0.0,5.0,1,Stopped,0,0,0,0,0,VALID,VALID
35H-09245,2026-08-07 19:14:00,228.0,0,"Xã Trần Thương, Tỉnh Ninh Bình",0.0,2.0,1,0,0.0,0.0,228.0,0.0,5.0,1,Stopped,0,0,0,0,0,VALID,VALID
35H-09245,2026-08-07 19:16:00,228.0,0,"Xã Trần Thương, Tỉnh Ninh Bình",0.0,2.0,1,0,0.0,0.0,228.0,0.0,5.0,1,Stopped,0,0,0,0,0,VALID,VALID
35H-09245,2026-08-07 19:18:00,228.0,0,"Xã Trần Thương, Tỉnh Ninh Bình",0.0,2.0,1,0,0.0,0.0,228.0,0.0,5.0,1,Stopped,0,0,0,0,0,VALID,VALID
35H-09245,2026-08-07 19:21:00,228.1,0,"Xã Trần Thương, Tỉnh Ninh Bình",0.0,3.0,1,0,0.09999999999999432,0.03333333333333144,228.0,0.0447213653225116,5.0,1,Stopped,0,0,0,0,0,VALID,VALID
35H-09245,2026-08-07 19:23:00,228.1,0,"Xã Trần Thương, Tỉnh Ninh Bình",0.0,2.0,1,0,0.0,0.0,228.0,0.05477226046377261,5.0,1,Stopped,0,0,0,0,0,VALID,VALID
35H-09245,2026-08-07 19:25:00,228.1,0,"Xã Trần Thương, Tỉnh Ninh Bình",0.0,2.0,1,0,0.0,0.0,228.1,0.05477226046378687,5.0,1,Stopped,0,0,0,0,0,VALID,VALID
35H-09245,2026-08-07 19:27:00,228.1,0,"Xã Trần Thương, Tỉnh Ninh Bình",0.0,2.0,1,0,0.0,0.0,228.1,0.044721365322566015,5.0,1,Stopped,0,0,0,0,0,VALID,VALID
35H-09245,2026-08-07 19:29:00,228.1,0,"Xã Trần Thương, Tỉnh Ninh Bình",0.0,2.0,1,0,0.0,0.0,228.1,0.0,5.0,1,Stopped,0,0,0,0,0,VALID,VALID
35H-09245,2026-08-07 19:31:00,228.1,0,"Xã Trần Thương, Tỉnh Ninh Bình",0.0,2.0,1,0,0.0,0.0,228.1,0.0,5.0,1,Stopped,0,0,0,0,0,VALID,VALID
35H-09245,2026-08-07 19:33:00,228.1,0,"Xã Trần Thương, Tỉnh Ninh Bình",0.0,2.0,1,0,0.0,0.0,228.1,0.0,5.0,1,Stopped,0,0,0,0,0,VALID,VALID
35H-09245,2026-08-07 19:35:00,228.1,0,"Xã Trần Thương, Tỉnh Ninh Bình",0.0,2.0,1,0,0.0,0.0,228.1,0.0,5.0,1,Stopped,0,0,0,0,0,VALID,VALID
35H-09245,2026-08-07 19:37:00,228.1,0,"Xã Trần Thương, Tỉnh Ninh Bình",0.0,2.0,1,0,0.0,0.0,228.1,0.0,5.0,1,Stopped,0,0,0,0,0,VALID,VALID
35H-09245,2026-08-07 19:39:00,228.1,0,"Xã Trần Thương, Tỉnh Ninh Bình",0.0,2.0,1,0,0.0,0.0,228.1,0.0,5.0,1,Stopped,0,0,0,0,0,VALID,VALID
35H-09245,2026-08-07 19:41:00,228.1,0,"Xã Trần Thương, Tỉnh Ninh Bình",0.0,2.0,1,0,0.0,0.0,228.1,0.0,5.0,1,Stopped,0,0,0,0,0,VALID,VALID
35H-09245,2026-08-07 19:43:00,228.1,0,"Xã Trần Thương, Tỉnh Ninh Bình",0.0,2.0,1,0,0.0,0.0,228.1,0.0,5.0,1,Stopped,0,0,0,0,0,VALID,VALID
35H-09245,2026-08-07 19:45:00,228.1,0,"Xã Trần Thương, Tỉnh Ninh Bình",0.0,2.0,1,0,0.0,0.0,228.1,0.0,5.0,1,Stopped,0,0,0,0,0,VALID,VALID
35H-09245,2026-08-07 19:47:00,228.1,0,"Xã Trần Thương, Tỉnh Ninh Bình",0.0,2.0,1,0,0.0,0.0,228.1,0.0,5.0,1,Stopped,0,0,0,0,0,VALID,VALID
35H-09245,2026-08-07 19:49:00,228.1,0,"Xã Trần Thương, Tỉnh Ninh Bình",0.0,2.0,1,0,0.0,0.0,228.1,0.0,5.0,1,Stopped,0,0,0,0,0,VALID,VALID
35H-09245,2026-08-07 19:51:00,228.1,0,"Xã Trần Thương, Tỉnh Ninh Bình",0.0,2.0,1,0,0.0,0.0,228.1,0.0,5.0,1,Stopped,0,0,0,0,0,VALID,VALID
35H-09245,2026-08-07 19:53:00,228.1,0,"Xã Trần Thương, Tỉnh Ninh Bình",0.0,2.0,1,0,0.0,0.0,228.1,0.0,5.0,1,Stopped,0,0,0,0,0,VALID,VALID
35H-09245,2026-08-07 19:55:00,228.1,0,"Xã Trần Thương, Tỉnh Ninh Bình",0.0,2.0,1,0,0.0,0.0,228.1,0.0,5.0,1,Stopped,0,0,0,0,0,VALID,VALID
35H-09245,2026-08-07 19:57:00,228.1,0,"Xã Trần Thương, Tỉnh Ninh Bình",0.0,2.0,1,0,0.0,0.0,228.1,0.0,5.0,1,Stopped,0,0,0,0,0,VALID,VALID
35H-09245,2026-08-07 19:59:00,228.1,0,"Xã Trần Thương, Tỉnh Ninh Bình",0.0,2.0,1,0,0.0,0.0,228.1,0.0,5.0,1,Stopped,0,0,0,0,0,VALID,VALID
35H-09245,2026-08-07 20:01:00,228.1,0,"Xã Trần Thương, Tỉnh Ninh Bình",0.0,2.0,1,0,0.0,0.0,228.1,0.0,5.0,1,Stopped,0,0,0,0,0,VALID,VALID
35H-09245,2026-08-07 20:03:00,228.1,0,"Xã Trần Thương, Tỉnh Ninh Bình",0.0,2.0,1,0,0.0,0.0,228.1,0.0,5.0,1,Stopped,0,0,0,0,0,VALID,VALID
35H-09245,2026-08-07 20:05:00,228.1,0,"Xã Trần Thương, Tỉnh Ninh Bình",0.0,2.0,1,0,0.0,0.0,228.1,0.0,5.0,1,Stopped,0,0,0,0,0,VALID,VALID
35H-09245,2026-08-07 20:07:00,228.1,0,"Xã Trần Thương, Tỉnh Ninh Bình",0.0,2.0,1,0,0.0,0.0,228.1,0.0,5.0,1,Stopped,0,0,0,0,0,VALID,VALID
35H-09245,2026-08-07 20:09:00,228.1,0,"Xã Trần Thương, Tỉnh Ninh Bình",0.0,2.0,1,0,0.0,0.0,228.1,0.0,5.0,1,Stopped,0,0,0,0,0,VALID,VALID
35H-09245,2026-08-07 20:11:00,228.1,0,"Xã Trần Thương, Tỉnh Ninh Bình",0.0,2.0,1,0,0.0,0.0,228.1,0.0,5.0,1,Stopped,0,0,0,0,0,VALID,VALID
35H-09245,2026-08-07 20:13:00,228.1,0,"Xã Trần Thương, Tỉnh Ninh Bình",0.0,2.0,1,0,0.0,0.0,228.1,0.0,5.0,1,Stopped,0,0,0,0,0,VALID,VALID
35H-09245,2026-08-07 20:15:00,228.1,0,"Xã Trần Thương, Tỉnh Ninh Bình",0.0,2.0,1,0,0.0,0.0,228.1,0.0,5.0,1,Stopped,0,0,0,0,0,VALID,VALID
35H-09245,2026-08-07 20:17:00,228.1,0,"Xã Trần Thương, Tỉnh Ninh Bình",0.0,2.0,1,0,0.0,0.0,228.1,0.0,5.0,1,Stopped,0,0,0,0,0,VALID,VALID
35H-09245,2026-08-07 20:19:00,228.1,0,"Xã Trần Thương, Tỉnh Ninh Bình",0.0,2.0,1,0,0.0,0.0,228.1,0.0,5.0,1,Stopped,0,0,0,0,0,VALID,VALID
35H-09245,2026-08-07 20:20:00,228.1,0,"Xã Trần Thương, Tỉnh Ninh Bình",0.0,1.0,1,0,0.0,0.0,228.1,0.0,5.0,1,Stopped,0,0,0,0,0,VALID,VALID
35H-09245,2026-08-07 20:22:00,228.1,0,"Xã Trần Thương, Tỉnh Ninh Bình",0.0,2.0,1,0,0.0,0.0,228.1,0.0,5.0,1,Stopped,0,0,0,0,0,VALID,VALID
35H-09245,2026-08-07 20:24:00,228.2,0,"Xã Trần Thương, Tỉnh Ninh Bình",0.0,2.0,1,0,0.09999999999999432,0.04999999999999716,228.1,0.044721365322629575,5.0,1,Stopped,0,0,0,0,0,VALID,VALID
35H-09245,2026-08-07 20:26:00,228.2,0,"Xã Trần Thương, Tỉnh Ninh Bình",0.0,2.0,1,0,0.0,0.0,228.1,0.054772260463890665,5.0,1,Stopped,0,0,0,0,0,VALID,VALID
35H-09245,2026-08-07 20:28:00,228.2,0,"Xã Trần Thương, Tỉnh Ninh Bình",0.0,2.0,1,0,0.0,0.0,228.2,0.05477226046393672,5.0,1,Stopped,0,0,0,0,0,VALID,VALID
35H-09245,2026-08-07 20:30:00,228.2,0,"Xã Trần Thương, Tỉnh Ninh Bình",0.0,2.0,1,0,0.0,0.0,228.2,0.04472136532279879,5.0,1,Stopped,0,0,0,0,0,VALID,VALID
35H-09245,2026-08-07 20:32:00,228.2,0,"Xã Trần Thương, Tỉnh Ninh Bình",0.0,2.0,1,0,0.0,0.0,228.2,0.0,5.0,1,Stopped,0,0,0,0,0,VALID,VALID
35H-09245,2026-08-07 20:34:00,228.2,0,"Xã Trần Thương, Tỉnh Ninh Bình",0.0,2.0,1,0,0.0,0.0,228.2,0.0,5.0,1,Stopped,0,0,0,0,0,VALID,VALID
35H-09245,2026-08-07 20:36:00,228.2,0,"Xã Trần Thương, Tỉnh Ninh Bình",0.0,2.0,1,0,0.0,0.0,228.2,0.0,5.0,1,Stopped,0,0,0,0,0,VALID,VALID
35H-09245,2026-08-07 20:38:00,228.2,0,"Xã Trần Thương, Tỉnh Ninh Bình",0.0,2.0,1,0,0.0,0.0,228.2,0.0,5.0,1,Stopped,0,0,0,0,0,VALID,VALID
35H-09245,2026-08-07 20:40:00,228.2,0,"Xã Trần Thương, Tỉnh Ninh Bình",0.0,2.0,1,0,0.0,0.0,228.2,0.0,5.0,1,Stopped,0,0,0,0,0,VALID,VALID
35H-09245,2026-08-07 20:42:00,228.2,0,"Xã Trần Thương, Tỉnh Ninh Bình",0.0,2.0,1,0,0.0,0.0,228.2,0.0,5.0,1,Stopped,0,0,0,0,0,VALID,VALID
35H-09245,2026-08-07 20:44:00,228.2,0,"Xã Trần Thương, Tỉnh Ninh Bình",0.0,2.0,1,0,0.0,0.0,228.2,0.0,5.0,1,Stopped,0,0,0,0,0,VALID,VALID
35H-09245,2026-08-07 20:46:00,228.2,0,"Xã Trần Thương, Tỉnh Ninh Bình",0.0,2.0,1,0,0.0,0.0,228.2,0.0,5.0,1,Stopped,0,0,0,0,0,VALID,VALID
35H-09245,2026-08-07 20:48:00,228.2,0,"Xã Trần Thương, Tỉnh Ninh Bình",0.0,2.0,1,0,0.0,0.0,228.2,0.0,5.0,1,Stopped,0,0,0,0,0,VALID,VALID
35H-09245,2026-08-07 20:50:00,228.2,0,"Xã Trần Thương, Tỉnh Ninh Bình",0.0,2.0,1,0,0.0,0.0,228.2,0.0,5.0,1,Stopped,0,0,0,0,0,VALID,VALID
35H-09245,2026-08-07 20:52:00,228.2,0,"Xã Trần Thương, Tỉnh Ninh Bình",0.0,2.0,1,0,0.0,0.0,228.2,0.0,5.0,1,Stopped,0,0,0,0,0,VALID,VALID
35H-09245,2026-08-07 20:54:00,228.2,0,"Xã Trần Thương, Tỉnh Ninh Bình",0.0,2.0,1,0,0.0,0.0,228.2,0.0,5.0,1,Stopped,0,0,0,0,0,VALID,VALID
35H-09245,2026-08-07 20:56:00,228.2,0,"Xã Trần Thương, Tỉnh Ninh Bình",0.0,2.0,1,0,0.0,0.0,228.2,0.0,5.0,1,Stopped,0,0,0,0,0,VALID,VALID
35H-09245,2026-08-07 20:58:00,228.2,0,"Xã Trần Thương, Tỉnh Ninh Bình",0.0,2.0,1,0,0.0,0.0,228.2,0.0,5.0,1,Stopped,0,0,0,0,0,VALID,VALID
35H-09245,2026-08-07 21:00:00,228.2,0,"Xã Trần Thương, Tỉnh Ninh Bình",0.0,2.0,1,0,0.0,0.0,228.2,0.0,5.0,1,Stopped,0,0,0,0,0,VALID,VALID
35H-09245,2026-08-07 21:02:00,228.2,0,"Xã Trần Thương, Tỉnh Ninh Bình",0.0,2.0,1,0,0.0,0.0,228.2,0.0,5.0,1,Stopped,0,0,0,0,0,VALID,VALID
35H-09245,2026-08-07 21:04:00,228.2,0,"Xã Trần Thương, Tỉnh Ninh Bình",0.0,2.0,1,0,0.0,0.0,228.2,0.0,5.0,1,Stopped,0,0,0,0,0,VALID,VALID
35H-09245,2026-08-07 21:06:00,228.2,0,"Xã Trần Thương, Tỉnh Ninh Bình",0.0,2.0,1,0,0.0,0.0,228.2,0.0,5.0,1,Stopped,0,0,0,0,0,VALID,VALID
35H-09245,2026-08-07 21:08:00,228.2,0,"Xã Trần Thương, Tỉnh Ninh Bình",0.0,2.0,1,0,0.0,0.0,228.2,0.0,5.0,1,Stopped,0,0,0,0,0,VALID,VALID
35H-09245,2026-08-07 21:10:00,228.2,0,"Xã Trần Thương, Tỉnh Ninh Bình",0.0,2.0,1,0,0.0,0.0,228.2,0.0,5.0,1,Stopped,0,0,0,0,0,VALID,VALID
35H-09245,2026-08-07 21:12:00,228.2,0,"Xã Trần Thương, Tỉnh Ninh Bình",0.0,2.0,1,0,0.0,0.0,228.2,0.0,5.0,1,Stopped,0,0,0,0,0,VALID,VALID
35H-09245,2026-08-07 21:14:00,228.2,0,"Xã Trần Thương, Tỉnh Ninh Bình",0.0,2.0,1,0,0.0,0.0,228.2,0.0,5.0,1,Stopped,0,0,0,0,0,VALID,VALID
35H-09245,2026-08-07 21:16:00,228.2,0,"Xã Trần Thương, Tỉnh Ninh Bình",0.0,2.0,1,0,0.0,0.0,228.2,0.0,5.0,1,Stopped,0,0,0,0,0,VALID,VALID
35H-09245,2026-08-07 21:18:00,228.2,0,"Xã Trần Thương, Tỉnh Ninh Bình",0.0,2.0,1,0,0.0,0.0,228.2,0.0,5.0,1,Stopped,0,0,0,0,0,VALID,VALID
35H-09245,2026-08-07 21:20:00,228.2,0,"Xã Trần Thương, Tỉnh Ninh Bình",0.0,2.0,1,0,0.0,0.0,228.2,0.0,5.0,1,Stopped,0,0,0,0,0,VALID,VALID
35H-09245,2026-08-07 21:23:00,228.2,0,"Xã Trần Thương, Tỉnh Ninh Bình",0.0,3.0,1,0,0.0,0.0,228.2,0.0,5.0,1,Stopped,0,0,0,0,0,VALID,VALID
35H-09245,2026-08-07 21:25:00,228.2,0,"Xã Trần Thương, Tỉnh Ninh Bình",0.0,2.0,1,0,0.0,0.0,228.2,0.0,5.0,1,Stopped,0,0,0,0,0,VALID,VALID
35H-09245,2026-08-07 21:27:00,228.2,0,"Xã Trần Thương, Tỉnh Ninh Bình",0.0,2.0,1,0,0.0,0.0,228.2,0.0,5.0,1,Stopped,0,0,0,0,0,VALID,VALID
35H-09245,2026-08-07 21:29:00,228.2,0,"Xã Trần Thương, Tỉnh Ninh Bình",0.0,2.0,1,0,0.0,0.0,228.2,0.0,5.0,1,Stopped,0,0,0,0,0,VALID,VALID
35H-09245,2026-08-07 21:31:00,228.2,0,"Xã Trần Thương, Tỉnh Ninh Bình",0.0,2.0,1,0,0.0,0.0,228.2,0.0,5.0,1,Stopped,0,0,0,0,0,VALID,VALID
35H-09245,2026-08-07 21:33:00,228.2,0,"Xã Trần Thương, Tỉnh Ninh Bình",0.0,2.0,1,0,0.0,0.0,228.2,0.0,5.0,1,Stopped,0,0,0,0,0,VALID,VALID
35H-09245,2026-08-07 21:35:00,228.2,0,"Xã Trần Thương, Tỉnh Ninh Bình",0.0,2.0,1,0,0.0,0.0,228.2,0.0,5.0,1,Stopped,0,0,0,0,0,VALID,VALID
35H-09245,2026-08-07 21:37:00,228.2,0,"Xã Trần Thương, Tỉnh Ninh Bình",0.0,2.0,1,0,0.0,0.0,228.2,0.0,5.0,1,Stopped,0,0,0,0,0,VALID,VALID
35H-09245,2026-08-07 21:39:00,228.2,0,"Xã Trần Thương, Tỉnh Ninh Bình",0.0,2.0,1,0,0.0,0.0,228.2,0.0,5.0,1,Stopped,0,0,0,0,0,VALID,VALID
35H-09245,2026-08-07 21:41:00,228.2,0,"Xã Trần Thương, Tỉnh Ninh Bình",0.0,2.0,1,0,0.0,0.0,228.2,0.0,5.0,1,Stopped,0,0,0,0,0,VALID,VALID
