VehicleID,FuelTime,FuelLevel,Speed,Address,FlagFuelZero,FlagDuplicateTime,FuelLevel_calc,TimeGapMinutes,DynamicGapThreshold,FlagLongGap,DistanceMeters,SegmentID,IsSegmentStart,FlagSuspiciousGap,FeatureStatus,DeltaFuel,FuelRate,RollingMedian,RollingStd,RollingCount,RollingWindowReady,MovementState,Acceleration,FlagLargeDelta,QualityFlag,QualityReason,CNN_Realtime,CNN_EMA,CNN_Adaptive_EMA,MovEncoded
92H-07095,2026-07-29 00:00:00,500.9,0.0,"Tỉnh Lộ 741, Xã Phước Hòa, TP Hồ Chí Minh",0,0,500.9,5.0,,0,0.0,1,1,0,VALID,,,500.9,0.0,1.0,0,Stopped,,0,0,,500.9,500.9,500.9,0.0
92H-07095,2026-07-29 00:05:00,500.6,0.0,"Tỉnh Lộ 741, Xã Phước Hòa, TP Hồ Chí Minh",0,0,500.6,5.0,15.0,0,0.0,1,0,0,VALID,-0.2999999999999545,-0.0599999999999909,500.75,0.2121320343559321,2.0,0,Stopped,0.0,0,0,,500.6,500.8,500.9,0.0
92H-07095,2026-07-29 00:10:00,500.4,0.0,"Tỉnh Lộ 741, Xã Phước Hòa, TP Hồ Chí Minh",0,0,500.4,5.0,15.0,0,0.0,1,0,0,VALID,-0.2000000000000454,-0.0400000000000091,500.6,0.2516611478423553,3.0,1,Stopped,0.0,0,0,,500.4,500.6,500.8,0.0
92H-07095,2026-07-29 00:15:00,502.2,31.0,"Tỉnh Lộ 741, Xã Phước Hòa, TP Hồ Chí Minh",0,0,502.2,5.0,15.0,0,0.0,1,0,0,VALID,1.8000000000000114,0.3600000000000022,500.75,0.8098353742170915,4.0,1,Moving,0.1033333333333333,0,0,,502.2,501.3,501.0,1.0
92H-07095,2026-07-29 00:20:00,499.8,53.0,"Tỉnh Lộ 741, Xã Phước Hòa, TP Hồ Chí Minh",0,0,499.8,5.0,15.0,0,0.0,1,0,0,VALID,-2.3999999999999773,-0.4799999999999954,500.6,0.8899438184514696,5.0,1,Moving,0.0733333333333333,0,0,,499.8,500.7,500.8,1.0
92H-07095,2026-07-29 00:25:00,496.0,49.0,"Tỉnh Lộ 741, Xã Phước Hòa, TP Hồ Chí Minh",0,0,496.0,5.0,15.0,0,0.0,1,0,0,VALID,-3.8000000000000114,-0.7600000000000022,500.4,2.302172886644267,5.0,1,Moving,-0.0133333333333333,0,0,,496.0,498.8,500.4,1.0
92H-07095,2026-07-29 00:30:00,501.4,0.0,Chợ Phú Giáo ( về ),0,0,501.4,5.0,15.0,0,0.0,1,0,0,VALID,5.399999999999977,1.0799999999999954,500.4,2.397498696558551,5.0,1,Stopped,-0.1633333333333333,0,0,,501.4,499.8,500.5,0.0
92H-07095,2026-07-29 00:35:00,495.7,41.0,"Tỉnh Lộ 741, Xã Phú Giáo, TP Hồ Chí Minh",0,0,495.7,5.0,15.0,0,0.0,1,0,0,VALID,-5.699999999999989,-1.1399999999999977,499.8,3.02191991952137,5.0,1,Moving,0.1366666666666666,0,0,,495.7,498.2,500.0,1.0
92H-07095,2026-07-29 00:40:00,493.1,47.0,"Tỉnh Lộ 741, Xã Phú Giáo, TP Hồ Chí Minh",0,0,493.1,5.0,15.0,0,0.0,1,0,0,VALID,-2.599999999999966,-0.5199999999999931,496.0,3.3503731135502135,5.0,1,Moving,0.02,0,0,,493.1,496.2,499.3,1.0
92H-07095,2026-07-29 00:45:00,492.3,44.0,"Tỉnh Lộ 741, Xã Phú Giáo, TP Hồ Chí Minh",0,0,492.3,5.0,15.0,0,0.0,1,0,0,VALID,-0.8000000000000114,-0.1600000000000022,495.7,3.567211796347436,5.0,1,Moving,-0.01,0,0,,496.9,496.5,499.1,1.0
92H-07095,2026-07-29 00:50:00,493.2,36.0,Trạm Tân Lập,0,0,493.2,5.0,15.0,0,0.0,1,0,0,VALID,0.8999999999999773,0.1799999999999954,493.2,3.724647634340781,5.0,1,Moving,-0.0266666666666666,0,0,,497.2,496.8,498.9,1.0
92H-07095,2026-07-29 00:55:00,488.5,43.0,"Tỉnh Lộ 741, Xã Đồng Phú, Tỉnh Đồng Nai",0,0,488.5,5.0,15.0,0,0.0,1,0,0,VALID,-4.699999999999989,-0.9399999999999976,493.1,2.6034592372458474,5.0,1,Moving,0.0233333333333333,0,0,,494.5,495.9,498.4,1.0
92H-07095,2026-07-29 01:00:00,487.2,38.0,"Cách Mạng Tháng 8, Xã Đồng Phú, Tỉnh Đồng Nai",0,0,487.2,5.0,15.0,0,0.0,1,0,0,VALID,-1.3000000000000114,-0.2600000000000023,492.3,2.8076680715499593,5.0,1,Moving,-0.0166666666666666,0,0,,494.0,495.1,498.0,1.0
92H-07095,2026-07-29 01:05:00,486.8,46.0,"Cách Mạng Tháng 8, Xã Đồng Phú, Tỉnh Đồng Nai",0,0,486.8,5.0,15.0,0,0.0,1,0,0,VALID,-0.3999999999999772,-0.0799999999999954,488.5,2.9605742686176995,5.0,1,Moving,0.0266666666666666,0,0,,492.5,494.1,497.4,1.0
92H-07095,2026-07-29 01:10:00,482.8,45.0,"Tỉnh Lộ 741, Phường Bình Phước, Tỉnh Đồng Nai",0,0,482.8,5.0,15.0,0,0.0,1,0,0,VALID,-4.0,-0.8,487.2,3.740320841853202,5.0,1,Moving,-0.0033333333333333,0,0,,489.3,492.2,496.6,1.0
92H-07095,2026-07-29 01:15:00,489.5,0.0,"Phường Bình Phước, Tỉnh Đồng Nai",0,0,489.5,5.0,15.0,0,0.0,1,0,0,VALID,6.699999999999989,1.3399999999999976,487.2,2.559882809817973,5.0,1,Stopped,-0.15,0,0,,493.7,492.8,496.3,0.0
92H-07095,2026-07-29 01:20:00,487.5,0.0,"Phường Bình Phước, Tỉnh Đồng Nai",0,0,487.5,5.0,15.0,0,0.0,1,0,0,VALID,-2.0,-0.4,487.2,2.446017170831304,5.0,1,Stopped,0.0,0,0,,490.8,492.0,495.8,0.0
92H-07095,2026-07-29 01:25:00,487.3,0.0,"Phường Bình Phước, Tỉnh Đồng Nai",0,0,487.3,5.0,15.0,0,0.0,1,0,0,VALID,-0.1999999999999886,-0.0399999999999977,487.3,2.4509181952895887,5.0,1,Stopped,0.0,0,0,,490.3,491.3,495.2,0.0
92H-07095,2026-07-29 01:30:00,487.2,0.0,"Phường Bình Phước, Tỉnh Đồng Nai",0,0,487.2,5.0,15.0,0,0.0,1,0,0,VALID,-0.1000000000000227,-0.0200000000000045,487.3,2.4582514110646936,5.0,1,Stopped,0.0,0,0,,489.9,490.7,494.7,0.0
92H-07095,2026-07-29 01:35:00,487.2,0.0,"Phường Bình Phước, Tỉnh Đồng Nai",0,0,487.2,5.0,15.0,0,0.0,1,0,0,VALID,0.0,0.0,487.3,0.9914635646363456,5.0,1,Stopped,0.0,0,0,,489.5,490.2,494.2,0.0
92H-07095,2026-07-29 01:40:00,487.2,0.0,"Phường Bình Phước, Tỉnh Đồng Nai",0,0,487.2,5.0,15.0,0,0.0,1,0,0,VALID,0.0,0.0,487.2,0.13038404810972043,5.0,1,Stopped,0.0,0,0,,488.2,489.4,493.6,0.0
92H-07095,2026-07-29 01:45:00,487.2,0.0,"Phường Bình Phước, Tỉnh Đồng Nai",0,0,487.2,5.0,15.0,0,0.0,1,0,0,VALID,0.0,0.0,487.2,0.04472135956656043,5.0,1,Stopped,0.0,0,0,,487.2,488.5,492.9,0.0
92H-07095,2026-07-29 01:50:00,487.2,0.0,"Phường Bình Phước, Tỉnh Đồng Nai",0,0,487.2,5.0,15.0,0,0.0,1,0,0,VALID,0.0,0.0,487.2,0.0,5.0,1,Stopped,0.0,0,0,,487.2,488.0,492.4,0.0
92H-07095,2026-07-29 01:55:00,487.2,0.0,"Phường Bình Phước, Tỉnh Đồng Nai",0,0,487.2,5.0,15.0,0,0.0,1,0,0,VALID,0.0,0.0,487.2,0.0,5.0,1,Stopped,0.0,0,0,,486.4,487.4,491.8,0.0
92H-07095,2026-07-29 02:00:00,487.2,0.0,"Phường Bình Phước, Tỉnh Đồng Nai",0,0,487.2,5.0,15.0,0,0.0,1,0,0,VALID,0.0,0.0,487.2,0.0,5.0,1,Stopped,0.0,0,0,,488.2,487.7,491.4,0.0
92H-07095,2026-07-29 02:05:00,487.2,0.0,"Phường Bình Phước, Tỉnh Đồng Nai",0,0,487.2,5.0,15.0,0,0.0,1,0,0,VALID,0.0,0.0,487.2,0.0,5.0,1,Stopped,0.0,0,0,,487.2,487.5,491.0,0.0
92H-07095,2026-07-29 02:10:00,487.2,0.0,"Phường Bình Phước, Tỉnh Đồng Nai",0,0,487.2,5.0,15.0,0,0.0,1,0,0,VALID,0.0,0.0,487.2,0.0,5.0,1,Stopped,0.0,0,0,,487.2,487.4,490.6,0.0
92H-07095,2026-07-29 02:15:00,487.2,0.0,"Phường Bình Phước, Tỉnh Đồng Nai",0,0,487.2,5.0,15.0,0,0.0,1,0,0,VALID,0.0,0.0,487.2,0.0,5.0,1,Stopped,0.0,0,0,,487.2,487.3,490.3,0.0
92H-07095,2026-07-29 02:20:00,487.2,0.0,"Phường Bình Phước, Tỉnh Đồng Nai",0,0,487.2,5.0,15.0,0,0.0,1,0,0,VALID,0.0,0.0,487.2,0.0,5.0,1,Stopped,0.0,0,0,,487.2,487.3,490.0,0.0
92H-07095,2026-07-29 02:25:00,487.2,0.0,"Phường Bình Phước, Tỉnh Đồng Nai",0,0,487.2,5.0,15.0,0,0.0,1,0,0,VALID,0.0,0.0,487.2,0.0,5.0,1,Stopped,0.0,0,0,,487.2,487.2,489.7,0.0
92H-07095,2026-07-29 02:30:00,487.2,0.0,"Phường Bình Phước, Tỉnh Đồng Nai",0,0,487.2,5.0,15.0,0,0.0,1,0,0,VALID,0.0,0.0,487.2,0.0,5.0,1,Stopped,0.0,0,0,,487.2,487.2,489.4,0.0
92H-07095,2026-07-29 02:35:00,487.2,0.0,"Phường Bình Phước, Tỉnh Đồng Nai",0,0,487.2,5.0,15.0,0,0.0,1,0,0,VALID,0.0,0.0,487.2,0.0,5.0,1,Stopped,0.0,0,0,,487.2,487.2,489.2,0.0
92H-07095,2026-07-29 02:40:00,487.2,0.0,"Phường Bình Phước, Tỉnh Đồng Nai",0,0,487.2,5.0,15.0,0,0.0,1,0,0,VALID,0.0,0.0,487.2,0.0,5.0,1,Stopped,0.0,0,0,,487.2,487.2,489.0,0.0
92H-07095,2026-07-29 02:45:00,487.2,0.0,"Phường Bình Phước, Tỉnh Đồng Nai",0,0,487.2,5.0,15.0,0,0.0,1,0,0,VALID,0.0,0.0,487.2,0.0,5.0,1,Stopped,0.0,0,0,,487.2,487.2,488.8,0.0
92H-07095,2026-07-29 02:50:00,487.2,0.0,"Phường Bình Phước, Tỉnh Đồng Nai",0,0,487.2,5.0,15.0,0,0.0,1,0,0,VALID,0.0,0.0,487.2,0.0,5.0,1,Stopped,0.0,0,0,,487.2,487.2,488.7,0.0
92H-07095,2026-07-29 02:55:00,487.2,0.0,"Phường Bình Phước, Tỉnh Đồng Nai",0,0,487.2,5.0,15.0,0,0.0,1,0,0,VALID,0.0,0.0,487.2,0.0,5.0,1,Stopped,0.0,0,0,,487.2,487.2,488.5,0.0
92H-07095,2026-07-29 03:00:00,487.2,0.0,"Phường Bình Phước, Tỉnh Đồng Nai",0,0,487.2,5.0,15.0,0,0.0,1,0,0,VALID,0.0,0.0,487.2,0.0,5.0,1,Stopped,0.0,0,0,,487.2,487.2,488.4,0.0
92H-07095,2026-07-29 03:05:00,487.2,0.0,"Phường Bình Phước, Tỉnh Đồng Nai",0,0,487.2,5.0,15.0,0,0.0,1,0,0,VALID,0.0,0.0,487.2,0.0,5.0,1,Stopped,0.0,0,0,,487.2,487.2,488.3,0.0
92H-07095,2026-07-29 03:10:00,487.2,0.0,"Phường Bình Phước, Tỉnh Đồng Nai",0,0,487.2,5.0,15.0,0,0.0,1,0,0,VALID,0.0,0.0,487.2,0.0,5.0,1,Stopped,0.0,0,0,,487.2,487.2,488.2,0.0
92H-07095,2026-07-29 03:15:00,487.2,0.0,"Phường Bình Phước, Tỉnh Đồng Nai",0,0,487.2,5.0,15.0,0,0.0,1,0,0,VALID,0.0,0.0,487.2,0.0,5.0,1,Stopped,0.0,0,0,,487.2,487.2,488.1,0.0
92H-07095,2026-07-29 03:20:00,487.2,0.0,"Phường Bình Phước, Tỉnh Đồng Nai",0,0,487.2,5.0,15.0,0,0.0,1,0,0,VALID,0.0,0.0,487.2,0.0,5.0,1,Stopped,0.0,0,0,,487.2,487.2,488.0,0.0
92H-07095,2026-07-29 03:25:00,487.2,0.0,"Phường Bình Phước, Tỉnh Đồng Nai",0,0,487.2,5.0,15.0,0,0.0,1,0,0,VALID,0.0,0.0,487.2,0.0,5.0,1,Stopped,0.0,0,0,,487.2,487.2,487.9,0.0
92H-07095,2026-07-29 03:30:00,487.2,0.0,"Phường Bình Phước, Tỉnh Đồng Nai",0,0,487.2,5.0,15.0,0,0.0,1,0,0,VALID,0.0,0.0,487.2,0.0,5.0,1,Stopped,0.0,0,0,,487.2,487.2,487.8,0.0
92H-07095,2026-07-29 03:35:00,487.2,0.0,"Phường Bình Phước, Tỉnh Đồng Nai",0,0,487.2,5.0,15.0,0,0.0,1,0,0,VALID,0.0,0.0,487.2,0.0,5.0,1,Stopped,0.0,0,0,,487.2,487.2,487.8,0.0
92H-07095,2026-07-29 03:40:00,487.2,0.0,"Phường Bình Phước, Tỉnh Đồng Nai",0,0,487.2,5.0,15.0,0,0.0,1,0,0,VALID,0.0,0.0,487.2,0.0,5.0,1,Stopped,0.0,0,0,,487.2,487.2,487.7,0.0
92H-07095,2026-07-29 03:45:00,487.2,0.0,"Phường Bình Phước, Tỉnh Đồng Nai",0,0,487.2,5.0,15.0,0,0.0,1,0,0,VALID,0.0,0.0,487.2,0.0,5.0,1,Stopped,0.0,0,0,,487.2,487.2,487.7,0.0
92H-07095,2026-07-29 03:50:00,487.2,0.0,"Phường Bình Phước, Tỉnh Đồng Nai",0,0,487.2,5.0,15.0,0,0.0,1,0,0,VALID,0.0,0.0,487.2,0.0,5.0,1,Stopped,0.0,0,0,,487.2,487.2,487.6,0.0
92H-07095,2026-07-29 03:55:00,487.2,0.0,"Phường Bình Phước, Tỉnh Đồng Nai",0,0,487.2,5.0,15.0,0,0.0,1,0,0,VALID,0.0,0.0,487.2,0.0,5.0,1,Stopped,0.0,0,0,,487.2,487.2,487.6,0.0
92H-07095,2026-07-29 04:00:00,487.2,0.0,"Phường Bình Phước, Tỉnh Đồng Nai",0,0,487.2,5.0,15.0,0,0.0,1,0,0,VALID,0.0,0.0,487.2,0.0,5.0,1,Stopped,0.0,0,0,,487.2,487.2,487.5,0.0
92H-07095,2026-07-29 04:05:00,487.2,0.0,"Phường Bình Phước, Tỉnh Đồng Nai",0,0,487.2,5.0,15.0,0,0.0,1,0,0,VALID,0.0,0.0,487.2,0.0,5.0,1,Stopped,0.0,0,0,,487.2,487.2,487.5,0.0
92H-07095,2026-07-29 04:10:00,487.2,0.0,"Phường Bình Phước, Tỉnh Đồng Nai",0,0,487.2,5.0,15.0,0,0.0,1,0,0,VALID,0.0,0.0,487.2,0.0,5.0,1,Stopped,0.0,0,0,,487.2,487.2,487.5,0.0
92H-07095,2026-07-29 04:15:00,487.2,0.0,"Phường Bình Phước, Tỉnh Đồng Nai",0,0,487.2,5.0,15.0,0,0.0,1,0,0,VALID,0.0,0.0,487.2,0.0,5.0,1,Stopped,0.0,0,0,,487.2,487.2,487.4,0.0
92H-07095,2026-07-29 04:20:00,487.3,0.0,"Phường Bình Phước, Tỉnh Đồng Nai",0,0,487.3,5.0,15.0,0,0.0,1,0,0,VALID,0.1000000000000227,0.0200000000000045,487.2,0.04472135956656043,5.0,1,Stopped,0.0,0,0,,487.3,487.2,487.4,0.0
92H-07095,2026-07-29 04:25:00,487.3,0.0,"Phường Bình Phước, Tỉnh Đồng Nai",0,0,487.3,5.0,15.0,0,0.0,1,0,0,VALID,0.0,0.0,487.2,0.05477225576403666,5.0,1,Stopped,0.0,0,0,,487.3,487.3,487.4,0.0
92H-07095,2026-07-29 04:30:00,487.3,0.0,"Phường Bình Phước, Tỉnh Đồng Nai",0,0,487.3,5.0,15.0,0,0.0,1,0,0,VALID,0.0,0.0,487.3,0.05477225576403666,5.0,1,Stopped,0.0,0,0,,487.3,487.3,487.4,0.0
92H-07095,2026-07-29 04:35:00,487.3,0.0,"Phường Bình Phước, Tỉnh Đồng Nai",0,0,487.3,5.0,15.0,0,0.0,1,0,0,VALID,0.0,0.0,487.3,0.04472135956656043,5.0,1,Stopped,0.0,0,0,,487.3,487.3,487.4,0.0
92H-07095,2026-07-29 04:40:00,487.3,0.0,"Phường Bình Phước, Tỉnh Đồng Nai",0,0,487.3,5.0,15.0,0,0.0,1,0,0,VALID,0.0,0.0,487.3,0.0,5.0,1,Stopped,0.0,0,0,,487.3,487.3,487.4,0.0
92H-07095,2026-07-29 04:45:00,487.3,0.0,"Phường Bình Phước, Tỉnh Đồng Nai",0,0,487.3,5.0,15.0,0,0.0,1,0,0,VALID,0.0,0.0,487.3,0.0,5.0,1,Stopped,0.0,0,0,,487.3,487.3,487.4,0.0
92H-07095,2026-07-29 04:50:00,487.3,0.0,"Phường Bình Phước, Tỉnh Đồng Nai",0,0,487.3,5.0,15.0,0,0.0,1,0,0,VALID,0.0,0.0,487.3,0.0,5.0,1,Stopped,0.0,0,0,,487.3,487.3,487.4,0.0
92H-07095,2026-07-29 04:55:00,487.3,0.0,"Phường Bình Phước, Tỉnh Đồng Nai",0,0,487.3,5.0,15.0,0,0.0,1,0,0,VALID,0.0,0.0,487.3,0.0,5.0,1,Stopped,0.0,0,0,,487.3,487.3,487.4,0.0
92H-07095,2026-07-29 05:00:00,487.3,0.0,"Phường Bình Phước, Tỉnh Đồng Nai",0,0,487.3,5.0,15.0,0,0.0,1,0,0,VALID,0.0,0.0,487.3,0.0,5.0,1,Stopped,0.0,0,0,,487.3,487.3,487.4,0.0
92H-07095,2026-07-29 05:05:00,487.3,0.0,"Phường Bình Phước, Tỉnh Đồng Nai",0,0,487.3,5.0,15.0,0,0.0,1,0,0,VALID,0.0,0.0,487.3,0.0,5.0,1,Stopped,0.0,0,0,,487.3,487.3,487.4,0.0
92H-07095,2026-07-29 05:10:00,487.3,0.0,"Phường Bình Phước, Tỉnh Đồng Nai",0,0,487.3,5.0,15.0,0,0.0,1,0,0,VALID,0.0,0.0,487.3,0.0,5.0,1,Stopped,0.0,0,0,,487.3,487.3,487.3,0.0
92H-07095,2026-07-29 05:15:00,487.3,0.0,"Phường Bình Phước, Tỉnh Đồng Nai",0,0,487.3,5.0,15.0,0,0.0,1,0,0,VALID,0.0,0.0,487.3,0.0,5.0,1,Stopped,0.0,0,0,,487.3,487.3,487.3,0.0
92H-07095,2026-07-29 05:20:00,487.3,0.0,"Phường Bình Phước, Tỉnh Đồng Nai",0,0,487.3,5.0,15.0,0,0.0,1,0,0,VALID,0.0,0.0,487.3,0.0,5.0,1,Stopped,0.0,0,0,,487.3,487.3,487.3,0.0
92H-07095,2026-07-29 05:25:00,487.3,0.0,"Phường Bình Phước, Tỉnh Đồng Nai",0,0,487.3,5.0,15.0,0,0.0,1,0,0,VALID,0.0,0.0,487.3,0.0,5.0,1,Stopped,0.0,0,0,,487.3,487.3,487.3,0.0
92H-07095,2026-07-29 05:30:00,487.3,0.0,"Phường Bình Phước, Tỉnh Đồng Nai",0,0,487.3,5.0,15.0,0,0.0,1,0,0,VALID,0.0,0.0,487.3,0.0,5.0,1,Stopped,0.0,0,0,,487.3,487.3,487.3,0.0
92H-07095,2026-07-29 05:35:00,487.3,0.0,"Phường Bình Phước, Tỉnh Đồng Nai",0,0,487.3,5.0,15.0,0,0.0,1,0,0,VALID,0.0,0.0,487.3,0.0,5.0,1,Stopped,0.0,0,0,,487.3,487.3,487.3,0.0
92H-07095,2026-07-29 05:40:00,487.3,0.0,"Phường Bình Phước, Tỉnh Đồng Nai",0,0,487.3,5.0,15.0,0,0.0,1,0,0,VALID,0.0,0.0,487.3,0.0,5.0,1,Stopped,0.0,0,0,,487.3,487.3,487.3,0.0
92H-07095,2026-07-29 05:45:00,487.5,0.0,"Phường Bình Phước, Tỉnh Đồng Nai",0,0,487.5,5.0,15.0,0,0.0,1,0,0,VALID,0.1999999999999886,0.0399999999999977,487.3,0.0894427191082971,5.0,1,Stopped,0.0,0,0,,487.5,487.4,487.3,0.0
92H-07095,2026-07-29 05:50:00,487.5,0.0,"Phường Bình Phước, Tỉnh Đồng Nai",0,0,487.5,5.0,15.0,0,0.0,1,0,0,VALID,0.0,0.0,487.3,0.10954451150782424,5.0,1,Stopped,0.0,0,0,,487.5,487.4,487.4,0.0
92H-07095,2026-07-29 05:55:00,487.5,0.0,"Phường Bình Phước, Tỉnh Đồng Nai",0,0,487.5,5.0,15.0,0,0.0,1,0,0,VALID,0.0,0.0,487.5,0.10954451150783592,5.0,1,Stopped,0.0,0,0,,487.5,487.5,487.4,0.0
92H-07095,2026-07-29 06:00:00,487.5,0.0,"Phường Bình Phước, Tỉnh Đồng Nai",0,0,487.5,5.0,15.0,0,0.0,1,0,0,VALID,0.0,0.0,487.5,0.08944271910835667,5.0,1,Stopped,0.0,0,0,,487.5,487.5,487.4,0.0
92H-07095,2026-07-29 06:05:00,487.5,0.0,"Phường Bình Phước, Tỉnh Đồng Nai",0,0,487.5,5.0,15.0,0,0.0,1,0,0,VALID,0.0,0.0,487.5,0.0,5.0,1,Stopped,0.0,0,0,,487.5,487.5,487.4,0.0
92H-07095,2026-07-29 06:10:00,487.5,0.0,"Phường Bình Phước, Tỉnh Đồng Nai",0,0,487.5,5.0,15.0,0,0.0,1,0,0,VALID,0.0,0.0,487.5,0.0,5.0,1,Stopped,0.0,0,0,,487.5,487.5,487.4,0.0
92H-07095,2026-07-29 06:15:00,487.5,0.0,"Phường Bình Phước, Tỉnh Đồng Nai",0,0,487.5,5.0,15.0,0,0.0,1,0,0,VALID,0.0,0.0,487.5,0.0,5.0,1,Stopped,0.0,0,0,,487.5,487.5,487.4,0.0
92H-07095,2026-07-29 06:20:00,487.5,0.0,"Phường Bình Phước, Tỉnh Đồng Nai",0,0,487.5,5.0,15.0,0,0.0,1,0,0,VALID,0.0,0.0,487.5,0.0,5.0,1,Stopped,0.0,0,0,,487.5,487.5,487.4,0.0
92H-07095,2026-07-29 06:25:00,487.5,0.0,"Phường Bình Phước, Tỉnh Đồng Nai",0,0,487.5,5.0,15.0,0,0.0,1,0,0,VALID,0.0,0.0,487.5,0.0,5.0,1,Stopped,0.0,0,0,,487.5,487.5,487.4,0.0
92H-07095,2026-07-29 06:30:00,487.5,0.0,"Phường Bình Phước, Tỉnh Đồng Nai",0,0,487.5,5.0,15.0,0,0.0,1,0,0,VALID,0.0,0.0,487.5,0.0,5.0,1,Stopped,0.0,0,0,,487.5,487.5,487.4,0.0
92H-07095,2026-07-29 06:35:00,487.5,0.0,"Phường Bình Phước, Tỉnh Đồng Nai",0,0,487.5,5.0,15.0,0,0.0,1,0,0,VALID,0.0,0.0,487.5,0.0,5.0,1,Stopped,0.0,0,0,,487.5,487.5,487.4,0.0
92H-07095,2026-07-29 06:40:00,487.5,0.0,"Phường Bình Phước, Tỉnh Đồng Nai",0,0,487.5,5.0,15.0,0,0.0,1,0,0,VALID,0.0,0.0,487.5,0.0,5.0,1,Stopped,0.0,0,0,,487.5,487.5,487.5,0.0
92H-07095,2026-07-29 06:45:00,487.5,0.0,"Phường Bình Phước, Tỉnh Đồng Nai",0,0,487.5,5.0,15.0,0,0.0,1,0,0,VALID,0.0,0.0,487.5,0.0,5.0,1,Stopped,0.0,0,0,,487.5,487.5,487.5,0.0
92H-07095,2026-07-29 06:50:00,487.5,0.0,"Phường Bình Phước, Tỉnh Đồng Nai",0,0,487.5,5.0,15.0,0,0.0,1,0,0,VALID,0.0,0.0,487.5,0.0,5.0,1,Stopped,0.0,0,0,,487.5,487.5,487.5,0.0
92H-07095,2026-07-29 06:55:00,487.5,0.0,"Phường Bình Phước, Tỉnh Đồng Nai",0,0,487.5,5.0,15.0,0,0.0,1,0,0,VALID,0.0,0.0,487.5,0.0,5.0,1,Stopped,0.0,0,0,,487.5,487.5,487.5,0.0
92H-07095,2026-07-29 07:00:00,487.3,0.0,"Phường Bình Phước, Tỉnh Đồng Nai",0,0,487.3,5.0,15.0,0,0.0,1,0,0,VALID,-0.1999999999999886,-0.0399999999999977,487.5,0.08944271910835667,5.0,1,Stopped,0.0,0,0,,487.3,487.4,487.4,0.0
92H-07095,2026-07-29 07:05:00,487.2,0.0,"Phường Bình Phước, Tỉnh Đồng Nai",0,0,487.2,5.0,15.0,0,0.0,1,0,0,VALID,-0.1000000000000227,-0.0200000000000045,487.5,0.1414213562425691,5.0,1,Stopped,0.0,0,0,,487.2,487.3,487.4,0.0
92H-07095,2026-07-29 07:10:00,487.2,0.0,"Phường Bình Phước, Tỉnh Đồng Nai",0,0,487.2,5.0,15.0,0,0.0,1,0,0,VALID,0.0,0.0,487.3,0.15165750888589608,5.0,1,Stopped,0.0,0,0,,487.2,487.3,487.4,0.0
92H-07095,2026-07-29 07:15:00,486.9,0.0,"Phường Bình Phước, Tỉnh Đồng Nai",0,0,486.9,5.0,15.0,0,0.0,1,0,0,VALID,-0.3000000000000113,-0.0600000000000022,487.2,0.21679483389014306,5.0,1,Stopped,0.0,0,0,,486.9,487.1,487.4,0.0
92H-07095,2026-07-29 07:20:00,486.9,0.0,"Phường Bình Phước, Tỉnh Đồng Nai",0,0,486.9,5.0,15.0,0,0.0,1,0,0,VALID,0.0,0.0,487.2,0.18708286934251267,5.0,1,Stopped,0.0,0,0,,486.9,487.0,487.3,0.0
92H-07095,2026-07-29 07:25:00,486.9,0.0,"Phường Bình Phước, Tỉnh Đồng Nai",0,0,486.9,5.0,15.0,0,0.0,1,0,0,VALID,0.0,0.0,486.9,0.1643167672558441,5.0,1,Stopped,0.0,0,0,,486.9,487.0,487.3,0.0
92H-07095,2026-07-29 07:30:00,482.4,0.0,"Phường Bình Phước, Tỉnh Đồng Nai",0,0,482.4,5.0,15.0,0,0.0,1,0,0,VALID,-4.5,-0.9,486.9,2.0501219475927046,5.0,1,Stopped,0.0,0,0,,484.5,486.0,487.0,0.0
92H-07095,2026-07-29 07:35:00,473.4,0.0,"Phường Bình Phước, Tỉnh Đồng Nai",0,0,473.4,5.0,15.0,0,0.0,1,0,0,VALID,-9.0,-1.8,486.9,5.867282164682474,5.0,1,Stopped,0.0,1,1,LARGE_DELTA,477.1,482.4,486.0,0.0
92H-07095,2026-07-29 07:40:00,464.0,0.0,"Phường Bình Phước, Tỉnh Đồng Nai",0,0,464.0,5.0,15.0,0,0.0,1,0,0,VALID,-9.399999999999975,-1.8799999999999957,482.4,9.903888125377872,5.0,1,Stopped,0.0,1,1,LARGE_DELTA,469.3,477.2,483.5,0.0
92H-07095,2026-07-29 07:45:00,463.8,0.0,"Phường Bình Phước, Tỉnh Đồng Nai",0,0,463.8,5.0,15.0,0,0.0,1,0,0,VALID,-0.1999999999999886,-0.0399999999999977,473.4,10.503808832990082,5.0,1,Stopped,0.0,0,0,,469.7,474.2,481.4,0.0
92H-07095,2026-07-29 07:50:00,463.8,0.0,"Phường Bình Phước, Tỉnh Đồng Nai",0,0,463.8,5.0,15.0,0,0.0,1,0,0,VALID,0.0,0.0,464.0,8.319374976523193,5.0,1,Stopped,0.0,0,0,,469.0,472.1,471.5,0.0
92H-07095,2026-07-29 07:55:00,463.7,0.0,"Phường Bình Phước, Tỉnh Đồng Nai",0,0,463.7,5.0,15.0,0,0.0,1,0,0,VALID,-0.1000000000000227,-0.0200000000000045,463.8,4.28345654816295,5.0,1,Stopped,0.0,0,0,,468.8,470.8,471.2,0.0
92H-07095,2026-07-29 08:00:00,466.3,0.0,"Phường Bình Phước, Tỉnh Đồng Nai",0,0,466.3,5.0,15.0,0,0.0,1,0,0,VALID,2.6000000000000227,0.5200000000000046,463.8,1.112205017071938,5.0,1,Stopped,0.0,0,0,,470.2,470.6,471.1,0.0
92H-07095,2026-07-29 08:05:00,475.0,0.0,"Phường Bình Phước, Tỉnh Đồng Nai",0,0,475.0,5.0,15.0,0,0.0,1,0,0,VALID,8.699999999999989,1.7399999999999978,463.8,4.865901766373872,5.0,1,Stopped,0.0,1,1,LARGE_DELTA,475.8,472.7,471.6,0.0
92H-07095,2026-07-29 08:10:00,471.6,0.0,"Phường Bình Phước, Tỉnh Đồng Nai",0,0,471.6,5.0,15.0,0,0.0,1,0,0,VALID,-3.3999999999999773,-0.6799999999999955,466.3,5.023644095674044,5.0,1,Stopped,0.0,0,0,,473.3,472.9,471.8,0.0
92H-07095,2026-07-29 08:15:00,463.3,0.0,"Phường Bình Phước, Tỉnh Đồng Nai",0,0,463.3,5.0,15.0,0,0.0,1,0,0,VALID,-8.300000000000011,-1.6600000000000024,466.3,5.133906894364244,5.0,1,Stopped,0.0,0,0,,466.9,470.5,471.3,0.0
92H-07095,2026-07-29 08:20:00,469.1,0.0,"Phường Bình Phước, Tỉnh Đồng Nai",0,0,469.1,5.0,15.0,0,0.0,1,0,0,VALID,5.800000000000011,1.1600000000000024,469.1,4.542356216766887,5.0,1,Stopped,0.0,0,0,,469.1,469.9,471.1,0.0
92H-07095,2026-07-29 08:25:00,469.1,0.0,"Phường Bình Phước, Tỉnh Đồng Nai",0,0,469.1,5.0,15.0,0,0.0,1,0,0,VALID,0.0,0.0,469.1,4.282172345901186,5.0,1,Stopped,0.0,0,0,,466.4,468.5,470.6,0.0
92H-07095,2026-07-29 08:30:00,469.1,0.0,"Phường Bình Phước, Tỉnh Đồng Nai",0,0,469.1,5.0,15.0,0,0.0,1,0,0,VALID,0.0,0.0,469.1,3.070504844484162,5.0,1,Stopped,0.0,0,0,,467.3,468.0,470.3,0.0
92H-07095,2026-07-29 08:35:00,469.1,0.0,"Phường Bình Phước, Tỉnh Đồng Nai",0,0,469.1,5.0,15.0,0,0.0,1,0,0,VALID,0.0,0.0,469.1,2.5938388538998725,5.0,1,Stopped,0.0,0,0,,467.7,467.9,470.0,0.0
92H-07095,2026-07-29 08:40:00,469.1,0.0,"Phường Bình Phước, Tỉnh Đồng Nai",0,0,469.1,5.0,15.0,0,0.0,1,0,0,VALID,0.0,0.0,469.1,0.0,5.0,1,Stopped,0.0,0,0,,467.9,467.9,469.8,0.0
92H-07095,2026-07-29 08:45:00,469.1,0.0,"Phường Bình Phước, Tỉnh Đồng Nai",0,0,469.1,5.0,15.0,0,0.0,1,0,0,VALID,0.0,0.0,469.1,0.0,5.0,1,Stopped,0.0,0,0,,469.1,468.4,469.7,0.0
92H-07095,2026-07-29 08:50:00,469.1,0.0,"Phường Bình Phước, Tỉnh Đồng Nai",0,0,469.1,5.0,15.0,0,0.0,1,0,0,VALID,0.0,0.0,469.1,0.0,5.0,1,Stopped,0.0,0,0,,470.3,469.1,469.8,0.0
92H-07095,2026-07-29 08:55:00,469.1,0.0,"Phường Bình Phước, Tỉnh Đồng Nai",0,0,469.1,5.0,15.0,0,0.0,1,0,0,VALID,0.0,0.0,469.1,0.0,5.0,1,Stopped,0.0,0,0,,469.1,469.1,469.7,0.0
92H-07095,2026-07-29 09:00:00,469.1,0.0,"Phường Bình Phước, Tỉnh Đồng Nai",0,0,469.1,5.0,15.0,0,0.0,1,0,0,VALID,0.0,0.0,469.1,0.0,5.0,1,Stopped,0.0,0,0,,467.9,468.6,469.5,0.0
92H-07095,2026-07-29 09:05:00,469.1,0.0,"Phường Bình Phước, Tỉnh Đồng Nai",0,0,469.1,5.0,15.0,0,0.0,1,0,0,VALID,0.0,0.0,469.1,0.0,5.0,1,Stopped,0.0,0,0,,469.1,468.8,469.5,0.0
92H-07095,2026-07-29 09:10:00,469.1,0.0,"Phường Bình Phước, Tỉnh Đồng Nai",0,0,469.1,5.0,15.0,0,0.0,1,0,0,VALID,0.0,0.0,469.1,0.0,5.0,1,Stopped,0.0,0,0,,469.1,468.9,469.4,0.0
92H-07095,2026-07-29 09:15:00,469.3,0.0,"Phường Bình Phước, Tỉnh Đồng Nai",0,0,469.3,5.0,15.0,0,0.0,1,0,0,VALID,0.1999999999999886,0.0399999999999977,469.1,0.08944271910464492,5.0,1,Stopped,0.0,0,0,,469.3,469.1,469.4,0.0
92H-07095,2026-07-29 09:20:00,469.3,0.0,"Phường Bình Phước, Tỉnh Đồng Nai",0,0,469.3,5.0,15.0,0,0.0,1,0,0,VALID,0.0,0.0,469.1,0.1095445115048656,5.0,1,Stopped,0.0,0,0,,469.3,469.2,469.4,0.0
92H-07095,2026-07-29 09:25:00,469.3,0.0,"Phường Bình Phước, Tỉnh Đồng Nai",0,0,469.3,5.0,15.0,0,0.0,1,0,0,VALID,0.0,0.0,469.3,0.10954451150489415,5.0,1,Stopped,0.0,0,0,,469.3,469.2,469.4,0.0
92H-07095,2026-07-29 09:30:00,469.3,0.0,"Phường Bình Phước, Tỉnh Đồng Nai",0,0,469.3,5.0,15.0,0,0.0,1,0,0,VALID,0.0,0.0,469.3,0.08944271910475377,5.0,1,Stopped,0.0,0,0,,469.3,469.3,469.4,0.0
92H-07095,2026-07-29 09:35:00,469.3,0.0,"Phường Bình Phước, Tỉnh Đồng Nai",0,0,469.3,5.0,15.0,0,0.0,1,0,0,VALID,0.0,0.0,469.3,0.0,5.0,1,Stopped,0.0,0,0,,469.3,469.3,469.4,0.0
92H-07095,2026-07-29 09:40:00,469.3,0.0,"Phường Bình Phước, Tỉnh Đồng Nai",0,0,469.3,5.0,15.0,0,0.0,1,0,0,VALID,0.0,0.0,469.3,0.0,5.0,1,Stopped,0.0,0,0,,469.3,469.3,469.4,0.0
92H-07095,2026-07-29 09:45:00,469.3,0.0,"Phường Bình Phước, Tỉnh Đồng Nai",0,0,469.3,5.0,15.0,0,0.0,1,0,0,VALID,0.0,0.0,469.3,0.0,5.0,1,Stopped,0.0,0,0,,469.3,469.3,469.4,0.0
92H-07095,2026-07-29 09:50:00,465.5,0.0,"Phường Bình Phước, Tỉnh Đồng Nai",0,0,465.5,5.0,15.0,0,0.0,1,0,0,VALID,-3.8000000000000114,-0.7600000000000022,469.3,1.6994116629000162,5.0,1,Stopped,0.0,0,0,,467.1,468.4,469.1,0.0
92H-07095,2026-07-29 09:55:00,462.7,0.0,"Phường Bình Phước, Tỉnh Đồng Nai",0,0,462.7,5.0,15.0,0,0.0,1,0,0,VALID,-2.800000000000012,-0.5600000000000023,469.3,3.015294347157523,5.0,1,Stopped,0.0,0,0,,465.3,467.2,468.8,0.0
92H-07095,2026-07-29 10:00:00,462.5,0.0,"Phường Bình Phước, Tỉnh Đồng Nai",0,0,462.5,5.0,15.0,0,0.0,1,0,0,VALID,-0.1999999999999886,-0.0399999999999977,465.5,3.356784175367787,5.0,1,Stopped,0.0,0,0,,465.4,466.5,468.4,0.0
92H-07095,2026-07-29 10:05:00,462.4,0.0,"Phường Bình Phước, Tỉnh Đồng Nai",0,0,462.4,5.0,15.0,0,0.0,1,0,0,VALID,-0.1000000000000227,-0.0200000000000045,462.7,2.986971710612436,5.0,1,Stopped,0.0,0,0,,465.3,466.0,468.1,0.0
92H-07095,2026-07-29 10:10:00,462.4,0.0,"Phường Bình Phước, Tỉnh Đồng Nai",0,0,462.4,5.0,15.0,0,0.0,1,0,0,VALID,0.0,0.0,462.5,1.3472193585301009,5.0,1,Stopped,0.0,0,0,,465.4,465.8,467.8,0.0
92H-07095,2026-07-29 10:15:00,462.4,0.0,"Phường Bình Phước, Tỉnh Đồng Nai",0,0,462.4,5.0,15.0,0,0.0,1,0,0,VALID,0.0,0.0,462.4,0.13038404809622098,5.0,1,Stopped,0.0,0,0,,465.3,465.6,467.6,0.0
92H-07095,2026-07-29 10:20:00,462.4,0.0,"Phường Bình Phước, Tỉnh Đồng Nai",0,0,462.4,5.0,15.0,0,0.0,1,0,0,VALID,0.0,0.0,462.4,0.04472135952682176,5.0,1,Stopped,0.0,0,0,,465.2,465.4,467.3,0.0
92H-07095,2026-07-29 10:25:00,462.4,0.0,"Phường Bình Phước, Tỉnh Đồng Nai",0,0,462.4,5.0,15.0,0,0.0,1,0,0,VALID,0.0,0.0,462.4,0.0,5.0,1,Stopped,0.0,0,0,,465.1,465.3,467.1,0.0
92H-07095,2026-07-29 10:30:00,462.4,0.0,"Phường Bình Phước, Tỉnh Đồng Nai",0,0,462.4,5.0,15.0,0,0.0,1,0,0,VALID,0.0,0.0,462.4,0.0,5.0,1,Stopped,0.0,0,0,,464.7,465.1,466.9,0.0
92H-07095,2026-07-29 10:35:00,462.4,0.0,"Phường Bình Phước, Tỉnh Đồng Nai",0,0,462.4,5.0,15.0,0,0.0,1,0,0,VALID,0.0,0.0,462.4,0.0,5.0,1,Stopped,0.0,0,0,,463.7,464.5,466.6,0.0
92H-07095,2026-07-29 10:40:00,462.4,0.0,"Phường Bình Phước, Tỉnh Đồng Nai",0,0,462.4,5.0,15.0,0,0.0,1,0,0,VALID,0.0,0.0,462.4,0.0,5.0,1,Stopped,0.0,0,0,,462.4,463.7,466.1,0.0
92H-07095,2026-07-29 10:45:00,462.5,0.0,"Phường Bình Phước, Tỉnh Đồng Nai",0,0,462.5,5.0,15.0,0,0.0,1,0,0,VALID,0.1000000000000227,0.0200000000000045,462.4,0.04472135952682176,5.0,1,Stopped,0.0,0,0,,462.5,463.2,465.8,0.0
92H-07095,2026-07-29 10:50:00,462.7,0.0,"Phường Bình Phước, Tỉnh Đồng Nai",0,0,462.7,5.0,15.0,0,0.0,1,0,0,VALID,0.1999999999999886,0.0399999999999977,462.4,0.13038404809622098,5.0,1,Stopped,0.0,0,0,,462.7,463.0,465.5,0.0
92H-07095,2026-07-29 10:55:00,462.7,0.0,"Phường Bình Phước, Tỉnh Đồng Nai",0,0,462.7,5.0,15.0,0,0.0,1,0,0,VALID,0.0,0.0,462.5,0.1516575088743872,5.0,1,Stopped,0.0,0,0,,462.7,462.9,465.2,0.0
92H-07095,2026-07-29 11:00:00,462.7,0.0,"Phường Bình Phước, Tỉnh Đồng Nai",0,0,462.7,5.0,15.0,0,0.0,1,0,0,VALID,0.0,0.0,462.7,0.1414213562302815,5.0,1,Stopped,0.0,0,0,,462.7,462.8,464.9,0.0
92H-07095,2026-07-29 11:05:00,463.1,0.0,"Phường Bình Phước, Tỉnh Đồng Nai",0,0,463.1,5.0,15.0,0,0.0,1,0,0,VALID,0.4000000000000341,0.0800000000000068,462.7,0.2190890229976997,5.0,1,Stopped,0.0,0,0,,463.1,462.9,464.8,0.0
92H-07095,2026-07-29 11:10:00,463.1,0.0,"Phường Bình Phước, Tỉnh Đồng Nai",0,0,463.1,5.0,15.0,0,0.0,1,0,0,VALID,0.0,0.0,462.7,0.21908902299785538,5.0,1,Stopped,0.0,0,0,,463.1,463.0,464.6,0.0
92H-07095,2026-07-29 11:15:00,463.4,0.0,"Phường Bình Phước, Tỉnh Đồng Nai",0,0,463.4,5.0,15.0,0,0.0,1,0,0,VALID,0.2999999999999545,0.0599999999999909,463.1,0.29999999999703797,5.0,1,Stopped,0.0,0,0,,463.4,463.2,464.5,0.0
92H-07095,2026-07-29 11:20:00,463.7,0.0,"Phường Bình Phước, Tỉnh Đồng Nai",0,0,463.7,5.0,15.0,0,0.0,1,0,0,VALID,0.3000000000000113,0.0600000000000022,463.1,0.3741657386751697,5.0,1,Stopped,0.0,0,0,,463.7,463.4,464.4,0.0
92H-07095,2026-07-29 11:25:00,467.2,0.0,"Phường Bình Phước, Tỉnh Đồng Nai",0,0,467.2,5.0,15.0,0,0.0,1,0,0,VALID,3.5,0.7,463.4,1.7507141400008366,5.0,1,Stopped,0.0,0,0,,465.6,464.3,464.5,0.0
92H-07095,2026-07-29 11:30:00,472.8,0.0,"Phường Bình Phước, Tỉnh Đồng Nai",0,0,472.8,5.0,15.0,0,0.0,1,0,0,VALID,5.600000000000023,1.1200000000000043,463.7,4.127105523245096,5.0,1,Stopped,0.0,0,0,,469.4,466.3,465.0,0.0
92H-07095,2026-07-29 11:35:00,472.7,0.0,"Phường Bình Phước, Tỉnh Đồng Nai",0,0,472.7,5.0,15.0,0,0.0,1,0,0,VALID,-0.1000000000000227,-0.0200000000000045,467.2,4.620930642197693,5.0,1,Stopped,0.0,0,0,,469.7,467.7,465.5,0.0
92H-07095,2026-07-29 11:40:00,482.6,10.0,"Tỉnh Lộ 741, Phường Bình Phước, Tỉnh Đồng Nai",0,0,482.6,5.0,15.0,0,0.0,1,0,0,VALID,9.900000000000034,1.9800000000000069,472.7,7.162750868207302,5.0,1,Moving,0.0333333333333333,1,1,LARGE_DELTA,476.9,471.4,466.6,1.0
92H-07095,2026-07-29 11:45:00,479.0,53.0,"Tổ 33, Xã Đồng Phú, Tỉnh Đồng Nai",0,0,479.0,5.0,15.0,0,0.0,1,0,0,VALID,-3.6000000000000227,-0.7200000000000045,472.8,6.013152251523865,5.0,1,Moving,0.1433333333333333,0,0,,474.8,472.7,467.4,1.0
92H-07095,2026-07-29 11:50:00,479.9,53.0,"Tỉnh Lộ 741, Xã Đồng Phú, Tỉnh Đồng Nai",0,0,479.9,5.0,15.0,0,0.0,1,0,0,VALID,0.8999999999999773,0.1799999999999954,479.0,4.44690903887276,5.0,1,Moving,0.0,0,0,,476.3,474.2,468.3,1.0
92H-07095,2026-07-29 11:55:00,477.8,50.0,"Tỉnh Lộ 741, Xã Đồng Phú, Tỉnh Đồng Nai",0,0,477.8,5.0,15.0,0,0.0,1,0,0,VALID,-2.099999999999966,-0.4199999999999931,479.0,3.6434873404485777,5.0,1,Moving,-0.01,0,0,,474.9,474.5,469.0,1.0
92H-07095,2026-07-29 12:00:00,476.8,0.0,"Tỉnh Lộ 741, Xã Phú Giáo, TP Hồ Chí Minh",0,0,476.8,5.0,15.0,0,0.0,1,0,0,VALID,-1.0,-0.2,479.0,2.2253089673143465,5.0,1,Stopped,-0.1666666666666666,0,0,,474.5,474.5,469.5,0.0
92H-07095,2026-07-29 12:05:00,476.3,0.0,"Tỉnh Lộ 741, Xã Phú Giáo, TP Hồ Chí Minh",0,0,476.3,5.0,15.0,0,0.0,1,0,0,VALID,-0.5,-0.1,477.8,1.4976648490261761,5.0,1,Stopped,0.0,0,0,,474.4,474.4,470.0,0.0
92H-07095,2026-07-29 12:10:00,476.3,0.0,"Tỉnh Lộ 741, Xã Phú Giáo, TP Hồ Chí Minh",0,0,476.3,5.0,15.0,0,0.0,1,0,0,VALID,0.0,0.0,476.8,1.5155856953693372,5.0,1,Stopped,0.0,0,0,,475.4,474.8,470.6,0.0
92H-07095,2026-07-29 12:15:00,476.3,0.0,"Tỉnh Lộ 741, Xã Phú Giáo, TP Hồ Chí Minh",0,0,476.3,5.0,15.0,0,0.0,1,0,0,VALID,0.0,0.0,476.3,0.6519202405261088,5.0,1,Stopped,0.0,0,0,,476.3,475.4,471.1,0.0
92H-07095,2026-07-29 12:20:00,476.3,0.0,"Tỉnh Lộ 741, Xã Phú Giáo, TP Hồ Chí Minh",0,0,476.3,5.0,15.0,0,0.0,1,0,0,VALID,0.0,0.0,476.3,0.22360679776649148,5.0,1,Stopped,0.0,0,0,,476.3,475.8,471.6,0.0
92H-07095,2026-07-29 12:25:00,476.3,0.0,"Tỉnh Lộ 741, Xã Phú Giáo, TP Hồ Chí Minh",0,0,476.3,5.0,15.0,0,0.0,1,0,0,VALID,0.0,0.0,476.3,0.0,5.0,1,Stopped,0.0,0,0,,478.3,476.8,472.3,0.0
92H-07095,2026-07-29 12:30:00,472.4,49.0,"Tỉnh Lộ 741, Xã Phú Giáo, TP Hồ Chí Minh",0,0,472.4,5.0,15.0,0,0.0,1,0,0,VALID,-3.900000000000034,-0.7800000000000068,476.3,1.7441330224517706,5.0,1,Moving,0.1633333333333333,0,0,,475.8,476.4,472.7,1.0
92H-07095,2026-07-29 12:35:00,478.1,0.0,"Tỉnh Lộ 741, Xã Phú Giáo, TP Hồ Chí Minh",0,0,478.1,5.0,15.0,0,0.0,1,0,0,VALID,5.7000000000000455,1.140000000000009,476.3,2.095709903590448,5.0,1,Stopped,-0.1633333333333333,0,0,,479.2,477.5,473.3,0.0
92H-07095,2026-07-29 12:40:00,473.4,54.0,"Tỉnh Lộ 741, Xã Phú Giáo, TP Hồ Chí Minh",0,0,473.4,5.0,15.0,0,0.0,1,0,0,VALID,-4.7000000000000455,-0.940000000000009,476.3,2.3377339455136084,5.0,1,Moving,0.18,0,0,,475.8,476.8,473.6,1.0
92H-07095,2026-07-29 12:45:00,476.9,42.0,Chợ Phú Giáo ( về ),0,0,476.9,5.0,15.0,0,0.0,1,0,0,VALID,3.5,0.7,476.3,2.4159884105696143,5.0,1,Moving,-0.04,0,0,,478.0,477.3,474.0,1.0
92H-07095,2026-07-29 12:50:00,470.5,50.0,"Tỉnh Lộ 741, Xã Phước Hòa, TP Hồ Chí Minh",0,0,470.5,5.0,15.0,0,0.0,1,0,0,VALID,-6.399999999999977,-1.2799999999999954,473.4,3.164332473051103,5.0,1,Moving,0.0266666666666666,0,0,,473.9,475.9,474.0,1.0
92H-07095,2026-07-29 12:55:00,470.9,42.0,"Tỉnh Lộ 741, Xã Phước Hòa, TP Hồ Chí Minh",0,0,470.9,5.0,15.0,0,0.0,1,0,0,VALID,0.3999999999999772,0.0799999999999954,473.4,3.4435446853504676,5.0,1,Moving,-0.0266666666666666,0,0,,474.6,475.4,474.1,1.0
92H-07095,2026-07-29 13:00:00,469.6,0.0,"Tỉnh Lộ 741, Xã Phước Hòa, TP Hồ Chí Minh",0,0,469.6,5.0,15.0,0,0.0,1,0,0,VALID,-1.2999999999999543,-0.2599999999999909,470.9,2.9517791245287732,5.0,1,Stopped,-0.14,0,0,,473.2,474.5,474.0,0.0
92H-07095,2026-07-29 13:05:00,466.6,51.0,"Tỉnh Lộ 741, Xã Phước Hòa, TP Hồ Chí Minh",0,0,466.6,5.0,15.0,0,0.0,1,0,0,VALID,-3.0,-0.6,470.5,3.752998800959389,5.0,1,Moving,0.17,0,0,,471.7,473.4,473.7,1.0
92H-07095,2026-07-29 13:10:00,468.7,8.0,Ngã 3 Cổng Xanh ( đi),0,0,468.7,5.0,15.0,0,0.0,1,0,0,VALID,2.099999999999966,0.4199999999999931,469.6,1.7126003620229542,5.0,1,Moving,-0.1433333333333333,0,0,,472.8,473.2,473.7,1.0
92H-07095,2026-07-29 13:15:00,467.7,43.0,"Tỉnh Lộ 747, Phường Bình Cơ, TP Hồ Chí Minh",0,0,467.7,5.0,15.0,0,0.0,1,0,0,VALID,-1.0,-0.2,468.7,1.662828914831764,5.0,1,Moving,0.1166666666666666,0,0,,471.2,472.4,473.4,1.0
92H-07095,2026-07-29 13:20:00,467.4,42.0,"Tỉnh Lộ 747, Phường Bình Cơ, TP Hồ Chí Minh",0,0,467.4,5.0,15.0,0,0.0,1,0,0,VALID,-0.3000000000000113,-0.0600000000000022,467.7,1.1683321445547612,5.0,1,Moving,-0.0033333333333333,0,0,,472.4,472.4,473.3,1.0
92H-07095,2026-07-29 13:25:00,464.6,0.0,"Tỉnh Lộ 747, Phường Bình Cơ, TP Hồ Chí Minh",0,0,464.6,5.0,15.0,0,0.0,1,0,0,VALID,-2.7999999999999545,-0.559999999999991,467.4,1.537855649922609,5.0,1,Stopped,-0.14,0,0,,469.7,471.3,472.9,0.0
92H-07095,2026-07-29 13:30:00,464.0,33.0,"Tỉnh Lộ 747, Phường Bình Cơ, TP Hồ Chí Minh",0,0,464.0,5.0,15.0,0,0.0,1,0,0,VALID,-0.6000000000000227,-0.1200000000000045,467.4,2.058397434898906,5.0,1,Moving,0.11,0,0,,469.6,470.6,472.6,1.0
92H-07095,2026-07-29 13:35:00,466.0,0.0,"Tỉnh Lộ 745, Phường Tân Hiệp, TP Hồ Chí Minh",0,0,466.0,5.0,15.0,0,0.0,1,0,0,VALID,2.0,0.4,466.0,1.6425589791535296,5.0,1,Stopped,-0.11,0,0,,469.2,470.1,472.3,0.0
92H-07095,2026-07-29 13:40:00,463.3,49.0,"Tỉnh Lộ 745, Phường Tân Hiệp, TP Hồ Chí Minh",0,0,463.3,5.0,15.0,0,0.0,1,0,0,VALID,-2.6999999999999886,-0.5399999999999977,464.6,1.6425589791532593,5.0,1,Moving,0.1633333333333333,0,0,,467.8,469.2,471.8,1.0
92H-07095,2026-07-29 13:45:00,462.4,36.0,"Tỉnh Lộ 745, Phường Tân Hiệp, TP Hồ Chí Minh",0,0,462.4,5.0,15.0,0,0.0,1,0,0,VALID,-0.9000000000000341,-0.1800000000000068,464.0,1.3594116374358671,5.0,1,Moving,-0.0433333333333333,0,0,,467.1,468.3,471.3,1.0
92H-07095,2026-07-29 13:50:00,466.3,0.0,"Tỉnh Lộ 745, Phường Tân Hiệp, TP Hồ Chí Minh",0,0,466.3,5.0,15.0,0,0.0,1,0,0,VALID,3.900000000000034,0.7800000000000068,464.0,1.69852877514525,5.0,1,Stopped,-0.12,0,0,,468.1,468.2,471.0,0.0
92H-07095,2026-07-29 13:55:00,462.2,13.0,"Tỉnh Lộ 745, Phường Tân Khánh, TP Hồ Chí Minh",0,0,462.2,5.0,15.0,0,0.0,1,0,0,VALID,-4.100000000000023,-0.8200000000000045,463.3,1.973068675945177,5.0,1,Moving,0.0433333333333333,0,0,,466.4,467.5,470.6,1.0
92H-07095,2026-07-29 14:00:00,457.2,33.0,"Tỉnh Lộ 743, Phường An Phú, TP Hồ Chí Minh",0,0,457.2,5.0,15.0,0,0.0,1,0,0,VALID,-5.0,-1.0,462.4,3.279786578421554,5.0,1,Moving,0.0666666666666666,0,0,,462.6,465.5,469.8,1.0
92H-07095,2026-07-29 14:05:00,458.0,58.0,"Tỉnh Lộ 743, Phường An Phú, TP Hồ Chí Minh",0,0,458.0,5.0,15.0,0,0.0,1,0,0,VALID,0.8000000000000114,0.1600000000000022,462.2,3.697566767482776,5.0,1,Moving,0.0833333333333333,0,0,,463.0,464.5,469.1,1.0
92H-07095,2026-07-29 14:10:00,460.2,0.0,Bến xe An Phú,0,0,460.2,5.0,15.0,0,0.0,1,0,0,VALID,2.1999999999999886,0.4399999999999977,460.2,3.6526702561266857,5.0,1,Stopped,-0.1933333333333333,0,0,,462.7,463.8,468.5,0.0
92H-07095,2026-07-29 14:15:00,461.5,0.0,Trạm thu phí BOT An Phú,0,0,461.5,5.0,15.0,0,0.0,1,0,0,VALID,1.3000000000000114,0.2600000000000023,460.2,2.1684095554095673,5.0,1,Stopped,0.0,0,0,,463.4,463.6,467.9,0.0
92H-07095,2026-07-29 14:20:00,460.0,29.0,"Tỉnh Lộ 743, Phường Dĩ An, TP Hồ Chí Minh",0,0,460.0,5.0,15.0,0,0.0,1,0,0,VALID,-1.5,-0.3,460.0,1.7469974241512478,5.0,1,Moving,0.0966666666666666,0,0,,463.0,463.4,467.5,1.0
92H-07095,2026-07-29 14:25:00,458.1,0.0,"Tỉnh Lộ 743, Phường Bình Hòa, TP Hồ Chí Minh",0,0,458.1,5.0,15.0,0,0.0,1,0,0,VALID,-1.8999999999999773,-0.3799999999999954,460.0,1.494322588998522,5.0,1,Stopped,-0.0966666666666666,0,0,,461.0,462.4,466.8,0.0
92H-07095,2026-07-29 14:30:00,457.8,0.0,"Số 18 KCN Sóng Thần I, Phường Dĩ An, TP Hồ Chí Minh",0,0,457.8,5.0,15.0,0,0.0,1,0,0,VALID,-0.3000000000000113,-0.0600000000000022,460.0,1.5482247898774852,5.0,1,Stopped,0.0,0,0,,460.6,461.7,466.2,0.0
92H-07095,2026-07-29 14:35:00,456.4,0.0,"Số 8, Phường Dĩ An, TP Hồ Chí Minh",0,0,456.4,5.0,15.0,0,0.0,1,0,0,VALID,-1.400000000000034,-0.2800000000000068,458.1,1.9982492337019355,5.0,1,Stopped,0.0,0,0,,460.0,461.0,465.6,0.0
92H-07095,2026-07-29 14:40:00,456.4,0.0,"Số 8, Phường Dĩ An, TP Hồ Chí Minh",0,0,456.4,5.0,15.0,0,0.0,1,0,0,VALID,0.0,0.0,457.8,1.4859340496769076,5.0,1,Stopped,0.0,0,0,,458.9,460.2,464.9,0.0
92H-07095,2026-07-29 14:45:00,456.4,0.0,"Số 8, Phường Dĩ An, TP Hồ Chí Minh",0,0,456.4,5.0,15.0,0,0.0,1,0,0,VALID,0.0,0.0,456.4,0.8555699854415272,5.0,1,Stopped,0.0,0,0,,457.7,459.2,464.2,0.0
92H-07095,2026-07-29 14:50:00,456.4,0.0,"Số 8, Phường Dĩ An, TP Hồ Chí Minh",0,0,456.4,5.0,15.0,0,0.0,1,0,0,VALID,0.0,0.0,456.4,0.6260990336903681,5.0,1,Stopped,0.0,0,0,,457.9,458.7,463.6,0.0
92H-07095,2026-07-29 14:55:00,456.4,0.0,"Số 8, Phường Dĩ An, TP Hồ Chí Minh",0,0,456.4,5.0,15.0,0,0.0,1,0,0,VALID,0.0,0.0,456.4,0.0,5.0,1,Stopped,0.0,0,0,,458.7,458.7,463.1,0.0
92H-07095,2026-07-29 15:00:00,456.4,0.0,"Số 8, Phường Dĩ An, TP Hồ Chí Minh",0,0,456.4,5.0,15.0,0,0.0,1,0,0,VALID,0.0,0.0,456.4,0.0,5.0,1,Stopped,0.0,0,0,,458.7,458.7,462.6,0.0
92H-07095,2026-07-29 15:05:00,456.4,0.0,"Số 8, Phường Dĩ An, TP Hồ Chí Minh",0,0,456.4,5.0,15.0,0,0.0,1,0,0,VALID,0.0,0.0,456.4,0.0,5.0,1,Stopped,0.0,0,0,,457.9,458.4,462.2,0.0
92H-07095,2026-07-29 15:10:00,456.4,0.0,"Số 8, Phường Dĩ An, TP Hồ Chí Minh",0,0,456.4,5.0,15.0,0,0.0,1,0,0,VALID,0.0,0.0,456.4,0.0,5.0,1,Stopped,0.0,0,0,,457.2,457.9,461.7,0.0
92H-07095,2026-07-29 15:15:00,456.4,0.0,"Số 8, Phường Dĩ An, TP Hồ Chí Minh",0,0,456.4,5.0,15.0,0,0.0,1,0,0,VALID,0.0,0.0,456.4,0.0,5.0,1,Stopped,0.0,0,0,,456.4,457.3,461.1,0.0
92H-07095,2026-07-29 15:20:00,456.4,0.0,"Số 8, Phường Dĩ An, TP Hồ Chí Minh",0,0,456.4,5.0,15.0,0,0.0,1,0,0,VALID,0.0,0.0,456.4,0.0,5.0,1,Stopped,0.0,0,0,,456.4,456.9,460.7,0.0
92H-07095,2026-07-29 15:25:00,456.4,0.0,"Số 8, Phường Dĩ An, TP Hồ Chí Minh",0,0,456.4,5.0,15.0,0,0.0,1,0,0,VALID,0.0,0.0,456.4,0.0,5.0,1,Stopped,0.0,0,0,,456.4,456.7,460.2,0.0
92H-07095,2026-07-29 15:30:00,456.4,0.0,"Số 8, Phường Dĩ An, TP Hồ Chí Minh",0,0,456.4,5.0,15.0,0,0.0,1,0,0,VALID,0.0,0.0,456.4,0.0,5.0,1,Stopped,0.0,0,0,,456.4,456.6,459.9,0.0
92H-07095,2026-07-29 15:35:00,456.4,0.0,"Số 8, Phường Dĩ An, TP Hồ Chí Minh",0,0,456.4,5.0,15.0,0,0.0,1,0,0,VALID,0.0,0.0,456.4,0.0,5.0,1,Stopped,0.0,0,0,,456.4,456.5,459.5,0.0
92H-07095,2026-07-29 15:40:00,456.4,0.0,"Số 8, Phường Dĩ An, TP Hồ Chí Minh",0,0,456.4,5.0,15.0,0,0.0,1,0,0,VALID,0.0,0.0,456.4,0.0,5.0,1,Stopped,0.0,0,0,,456.4,456.5,459.2,0.0
92H-07095,2026-07-29 15:45:00,456.4,0.0,"Số 8, Phường Dĩ An, TP Hồ Chí Minh",0,0,456.4,5.0,15.0,0,0.0,1,0,0,VALID,0.0,0.0,456.4,0.0,5.0,1,Stopped,0.0,0,0,,456.4,456.4,458.9,0.0
92H-07095,2026-07-29 15:50:00,456.4,0.0,"Số 8, Phường Dĩ An, TP Hồ Chí Minh",0,0,456.4,5.0,15.0,0,0.0,1,0,0,VALID,0.0,0.0,456.4,0.0,5.0,1,Stopped,0.0,0,0,,456.4,456.4,458.7,0.0
92H-07095,2026-07-29 15:55:00,456.4,0.0,"Số 8, Phường Dĩ An, TP Hồ Chí Minh",0,0,456.4,5.0,15.0,0,0.0,1,0,0,VALID,0.0,0.0,456.4,0.0,5.0,1,Stopped,0.0,0,0,,456.4,456.4,458.4,0.0
92H-07095,2026-07-29 16:00:00,456.4,0.0,"Số 8, Phường Dĩ An, TP Hồ Chí Minh",0,0,456.4,5.0,15.0,0,0.0,1,0,0,VALID,0.0,0.0,456.4,0.0,5.0,1,Stopped,0.0,0,0,,456.4,456.4,458.2,0.0
92H-07095,2026-07-29 16:05:00,456.4,0.0,"Số 8, Phường Dĩ An, TP Hồ Chí Minh",0,0,456.4,5.0,15.0,0,0.0,1,0,0,VALID,0.0,0.0,456.4,0.0,5.0,1,Stopped,0.0,0,0,,456.4,456.4,458.1,0.0
92H-07095,2026-07-29 16:10:00,456.4,0.0,"Số 8, Phường Dĩ An, TP Hồ Chí Minh",0,0,456.4,5.0,15.0,0,0.0,1,0,0,VALID,0.0,0.0,456.4,0.0,5.0,1,Stopped,0.0,0,0,,456.4,456.4,457.9,0.0
92H-07095,2026-07-29 16:15:00,456.4,0.0,"Số 8, Phường Dĩ An, TP Hồ Chí Minh",0,0,456.4,5.0,15.0,0,0.0,1,0,0,VALID,0.0,0.0,456.4,0.0,5.0,1,Stopped,0.0,0,0,,456.4,456.4,457.7,0.0
92H-07095,2026-07-29 16:20:00,456.4,0.0,"Số 8, Phường Dĩ An, TP Hồ Chí Minh",0,0,456.4,5.0,15.0,0,0.0,1,0,0,VALID,0.0,0.0,456.4,0.0,5.0,1,Stopped,0.0,0,0,,456.4,456.4,457.6,0.0
92H-07095,2026-07-29 16:25:00,456.4,0.0,"Số 8, Phường Dĩ An, TP Hồ Chí Minh",0,0,456.4,5.0,15.0,0,0.0,1,0,0,VALID,0.0,0.0,456.4,0.0,5.0,1,Stopped,0.0,0,0,,456.4,456.4,457.5,0.0
92H-07095,2026-07-29 16:30:00,456.4,0.0,"Số 8, Phường Dĩ An, TP Hồ Chí Minh",0,0,456.4,5.0,15.0,0,0.0,1,0,0,VALID,0.0,0.0,456.4,0.0,5.0,1,Stopped,0.0,0,0,,456.4,456.4,457.4,0.0
92H-07095,2026-07-29 16:35:00,456.4,0.0,"Số 8, Phường Dĩ An, TP Hồ Chí Minh",0,0,456.4,5.0,15.0,0,0.0,1,0,0,VALID,0.0,0.0,456.4,0.0,5.0,1,Stopped,0.0,0,0,,456.4,456.4,457.3,0.0
92H-07095,2026-07-29 16:40:00,456.5,0.0,"Số 8, Phường Dĩ An, TP Hồ Chí Minh",0,0,456.5,5.0,15.0,0,0.0,1,0,0,VALID,0.1000000000000227,0.0200000000000045,456.4,0.04472135941256098,5.0,1,Stopped,0.0,0,0,,456.5,456.4,457.2,0.0
92H-07095,2026-07-29 16:45:00,456.5,0.0,"Số 8, Phường Dĩ An, TP Hồ Chí Minh",0,0,456.5,5.0,15.0,0,0.0,1,0,0,VALID,0.0,0.0,456.4,0.05477225563852754,5.0,1,Stopped,0.0,0,0,,456.5,456.5,457.1,0.0
92H-07095,2026-07-29 16:50:00,456.1,0.0,"Số 8, Phường Dĩ An, TP Hồ Chí Minh",0,0,456.1,5.0,15.0,0,0.0,1,0,0,VALID,-0.3999999999999772,-0.0799999999999954,456.4,0.16431676721397356,5.0,1,Stopped,0.0,0,0,,456.1,456.3,457.0,0.0
92H-07095,2026-07-29 16:55:00,456.1,0.0,"Số 8, Phường Dĩ An, TP Hồ Chí Minh",0,0,456.1,5.0,15.0,0,0.0,1,0,0,VALID,0.0,0.0,456.4,0.20493901528887135,5.0,1,Stopped,0.0,0,0,,456.1,456.2,456.9,0.0
92H-07095,2026-07-29 17:00:00,455.9,0.0,"Số 8, Phường Dĩ An, TP Hồ Chí Minh",0,0,455.9,5.0,15.0,0,0.0,1,0,0,VALID,-0.2000000000000454,-0.0400000000000091,456.1,0.26832815727659776,5.0,1,Stopped,0.0,0,0,,455.9,456.1,456.8,0.0
92H-07095,2026-07-29 17:05:00,455.8,0.0,"Số 8, Phường Dĩ An, TP Hồ Chí Minh",0,0,455.8,5.0,15.0,0,0.0,1,0,0,VALID,-0.0999999999999659,-0.0199999999999931,456.1,0.26832815727628445,5.0,1,Stopped,0.0,0,0,,455.8,456.0,456.7,0.0
92H-07095,2026-07-29 17:10:00,455.6,0.0,"Số 8, Phường Dĩ An, TP Hồ Chí Minh",0,0,455.6,5.0,15.0,0,0.0,1,0,0,VALID,-0.1999999999999886,-0.0399999999999977,455.9,0.21213203432548236,5.0,1,Stopped,0.0,0,0,,455.6,455.8,456.6,0.0
92H-07095,2026-07-29 17:15:00,455.5,0.0,"Số 8, Phường Dĩ An, TP Hồ Chí Minh",0,0,455.5,5.0,15.0,0,0.0,1,0,0,VALID,-0.1000000000000227,-0.0200000000000045,455.8,0.23874672769887492,5.0,1,Stopped,0.0,0,0,,455.5,455.7,456.5,0.0
92H-07095,2026-07-29 17:20:00,455.3,0.0,"Số 8, Phường Dĩ An, TP Hồ Chí Minh",0,0,455.3,5.0,15.0,0,0.0,1,0,0,VALID,-0.1999999999999886,-0.0399999999999977,455.6,0.2387467276984416,5.0,1,Stopped,0.0,0,0,,455.3,455.5,456.4,0.0
92H-07095,2026-07-29 17:25:00,455.3,0.0,"Số 8, Phường Dĩ An, TP Hồ Chí Minh",0,0,455.3,5.0,15.0,0,0.0,1,0,0,VALID,0.0,0.0,455.5,0.2121320343243003,5.0,1,Stopped,0.0,0,0,,455.3,455.4,456.3,0.0
92H-07095,2026-07-29 17:30:00,455.3,0.0,"Số 8, Phường Dĩ An, TP Hồ Chí Minh",0,0,455.3,5.0,15.0,0,0.0,1,0,0,VALID,0.0,0.0,455.3,0.14142135618936513,5.0,1,Stopped,0.0,0,0,,455.3,455.4,456.2,0.0
92H-07095,2026-07-29 17:35:00,455.3,0.0,"Số 8, Phường Dĩ An, TP Hồ Chí Minh",0,0,455.3,5.0,15.0,0,0.0,1,0,0,VALID,0.0,0.0,455.3,0.08944271902376671,5.0,1,Stopped,0.0,0,0,,455.3,455.4,456.1,0.0
92H-07095,2026-07-29 17:40:00,455.3,0.0,"Số 8, Phường Dĩ An, TP Hồ Chí Minh",0,0,455.3,5.0,15.0,0,0.0,1,0,0,VALID,0.0,0.0,455.3,0.0,5.0,1,Stopped,0.0,0,0,,455.3,455.3,456.0,0.0
92H-07095,2026-07-29 17:45:00,452.5,33.0,"Số 6, Phường Dĩ An, TP Hồ Chí Minh",0,0,452.5,5.0,15.0,0,0.0,1,0,0,VALID,-2.800000000000012,-0.5600000000000023,455.3,1.2521980673941404,5.0,1,Moving,0.11,0,0,,454.2,454.9,455.8,1.0
92H-07095,2026-07-29 17:50:00,457.1,0.0,"Số 2, Phường Dĩ An, TP Hồ Chí Minh",0,0,457.1,5.0,15.0,0,0.0,1,0,0,VALID,4.600000000000023,0.9200000000000046,455.3,1.64924225024286,5.0,1,Stopped,-0.11,0,0,,457.1,455.8,456.0,0.0
92H-07095,2026-07-29 17:55:00,454.1,0.0,"Phường Dĩ An, TP Hồ Chí Minh",0,0,454.1,5.0,15.0,0,0.0,1,0,0,VALID,-3.0,-0.6,455.3,1.6994116628956608,5.0,1,Stopped,0.0,0,0,,454.8,455.4,455.8,0.0
92H-07095,2026-07-29 18:00:00,453.4,0.0,"Phường Dĩ An, TP Hồ Chí Minh",0,0,453.4,5.0,15.0,0,0.0,1,0,0,VALID,-0.7000000000000455,-0.1400000000000091,454.1,1.7866169147260653,5.0,1,Stopped,0.0,0,0,,454.7,455.1,455.7,0.0
92H-07095,2026-07-29 18:05:00,454.3,0.0,"Phường Dĩ An, TP Hồ Chí Minh",0,0,454.3,5.0,15.0,0,0.0,1,0,0,VALID,0.9000000000000341,0.1800000000000068,454.1,1.7268468374424526,5.0,1,Stopped,0.0,0,0,,455.1,455.1,455.7,0.0
92H-07095,2026-07-29 18:10:00,454.4,0.0,"Phường Dĩ An, TP Hồ Chí Minh",0,0,454.4,5.0,15.0,0,0.0,1,0,0,VALID,0.0999999999999659,0.0199999999999931,454.3,1.4188023118058097,5.0,1,Stopped,0.0,0,0,,455.1,455.1,455.6,0.0
92H-07095,2026-07-29 18:15:00,454.4,0.0,"Phường Dĩ An, TP Hồ Chí Minh",0,0,454.4,5.0,15.0,0,0.0,1,0,0,VALID,0.0,0.0,454.3,0.42071367934112647,5.0,1,Stopped,0.0,0,0,,455.1,455.1,455.6,0.0
92H-07095,2026-07-29 18:20:00,454.4,0.0,"Phường Dĩ An, TP Hồ Chí Minh",0,0,454.4,5.0,15.0,0,0.0,1,0,0,VALID,0.0,0.0,454.4,0.4381780459868211,5.0,1,Stopped,0.0,0,0,,455.1,455.1,455.5,0.0
92H-07095,2026-07-29 18:25:00,454.4,0.0,"Phường Dĩ An, TP Hồ Chí Minh",0,0,454.4,5.0,15.0,0,0.0,1,0,0,VALID,0.0,0.0,454.4,0.04472135938335701,5.0,1,Stopped,0.0,0,0,,454.4,454.8,455.4,0.0
92H-07095,2026-07-29 18:30:00,454.6,0.0,"Phường Dĩ An, TP Hồ Chí Minh",0,0,454.6,5.0,15.0,0,0.0,1,0,0,VALID,0.2000000000000454,0.0400000000000091,454.4,0.08944271901716251,5.0,1,Stopped,0.0,0,0,,454.6,454.7,455.3,0.0
92H-07095,2026-07-29 18:35:00,454.6,0.0,"Phường Dĩ An, TP Hồ Chí Minh",0,0,454.6,5.0,15.0,0,0.0,1,0,0,VALID,0.0,0.0,454.4,0.10954451143366159,5.0,1,Stopped,0.0,0,0,,455.6,455.1,455.3,0.0
92H-07095,2026-07-29 18:40:00,454.4,0.0,"Phường Dĩ An, TP Hồ Chí Minh",0,0,454.4,5.0,15.0,0,0.0,1,0,0,VALID,-0.2000000000000454,-0.0400000000000091,454.4,0.10954451143366158,5.0,1,Stopped,0.0,0,0,,454.4,454.8,455.3,0.0
92H-07095,2026-07-29 18:45:00,454.4,0.0,"Phường Dĩ An, TP Hồ Chí Minh",0,0,454.4,5.0,15.0,0,0.0,1,0,0,VALID,0.0,0.0,454.4,0.10954451143366158,5.0,1,Stopped,0.0,0,0,,454.4,454.6,455.2,0.0
92H-07095,2026-07-29 18:50:00,454.4,0.0,"Phường Dĩ An, TP Hồ Chí Minh",0,0,454.4,5.0,15.0,0,0.0,1,0,0,VALID,0.0,0.0,454.4,0.10954451143366158,5.0,1,Stopped,0.0,0,0,,454.4,454.5,455.1,0.0
92H-07095,2026-07-29 18:55:00,454.4,0.0,"Phường Dĩ An, TP Hồ Chí Minh",0,0,454.4,5.0,15.0,0,0.0,1,0,0,VALID,0.0,0.0,454.4,0.0894427190171625,5.0,1,Stopped,0.0,0,0,,454.4,454.5,455.0,0.0
92H-07095,2026-07-29 19:00:00,454.4,0.0,"Phường Dĩ An, TP Hồ Chí Minh",0,0,454.4,5.0,15.0,0,0.0,1,0,0,VALID,0.0,0.0,454.4,0.0,5.0,1,Stopped,0.0,0,0,,454.4,454.5,455.0,0.0
92H-07095,2026-07-29 19:05:00,454.4,0.0,"Phường Dĩ An, TP Hồ Chí Minh",0,0,454.4,5.0,15.0,0,0.0,1,0,0,VALID,0.0,0.0,454.4,0.0,5.0,1,Stopped,0.0,0,0,,454.4,454.4,454.9,0.0
92H-07095,2026-07-29 19:10:00,454.4,0.0,"Phường Dĩ An, TP Hồ Chí Minh",0,0,454.4,5.0,15.0,0,0.0,1,0,0,VALID,0.0,0.0,454.4,0.0,5.0,1,Stopped,0.0,0,0,,454.4,454.4,454.9,0.0
92H-07095,2026-07-29 19:15:00,454.4,0.0,"Phường Dĩ An, TP Hồ Chí Minh",0,0,454.4,5.0,15.0,0,0.0,1,0,0,VALID,0.0,0.0,454.4,0.0,5.0,1,Stopped,0.0,0,0,,454.4,454.4,454.8,0.0
92H-07095,2026-07-29 19:20:00,454.4,0.0,"Phường Dĩ An, TP Hồ Chí Minh",0,0,454.4,5.0,15.0,0,0.0,1,0,0,VALID,0.0,0.0,454.4,0.0,5.0,1,Stopped,0.0,0,0,,454.4,454.4,454.8,0.0
92H-07095,2026-07-29 19:25:00,454.4,0.0,"Phường Dĩ An, TP Hồ Chí Minh",0,0,454.4,5.0,15.0,0,0.0,1,0,0,VALID,0.0,0.0,454.4,0.0,5.0,1,Stopped,0.0,0,0,,454.4,454.4,454.7,0.0
92H-07095,2026-07-29 19:30:00,454.4,0.0,"Phường Dĩ An, TP Hồ Chí Minh",0,0,454.4,5.0,15.0,0,0.0,1,0,0,VALID,0.0,0.0,454.4,0.0,5.0,1,Stopped,0.0,0,0,,454.4,454.4,454.7,0.0
92H-07095,2026-07-29 19:35:00,454.4,0.0,"Phường Dĩ An, TP Hồ Chí Minh",0,0,454.4,5.0,15.0,0,0.0,1,0,0,VALID,0.0,0.0,454.4,0.0,5.0,1,Stopped,0.0,0,0,,454.4,454.4,454.7,0.0
92H-07095,2026-07-29 19:40:00,454.4,0.0,"Phường Dĩ An, TP Hồ Chí Minh",0,0,454.4,5.0,15.0,0,0.0,1,0,0,VALID,0.0,0.0,454.4,0.0,5.0,1,Stopped,0.0,0,0,,454.4,454.4,454.6,0.0
92H-07095,2026-07-29 19:45:00,454.4,0.0,"Phường Dĩ An, TP Hồ Chí Minh",0,0,454.4,5.0,15.0,0,0.0,1,0,0,VALID,0.0,0.0,454.4,0.0,5.0,1,Stopped,0.0,0,0,,454.4,454.4,454.6,0.0
92H-07095,2026-07-29 19:50:00,454.4,0.0,"Phường Dĩ An, TP Hồ Chí Minh",0,0,454.4,5.0,15.0,0,0.0,1,0,0,VALID,0.0,0.0,454.4,0.0,5.0,1,Stopped,0.0,0,0,,454.4,454.4,454.6,0.0
92H-07095,2026-07-29 19:55:00,454.4,0.0,"Phường Dĩ An, TP Hồ Chí Minh",0,0,454.4,5.0,15.0,0,0.0,1,0,0,VALID,0.0,0.0,454.4,0.0,5.0,1,Stopped,0.0,0,0,,454.4,454.4,454.6,0.0
92H-07095,2026-07-29 20:00:00,454.4,0.0,"Phường Dĩ An, TP Hồ Chí Minh",0,0,454.4,5.0,15.0,0,0.0,1,0,0,VALID,0.0,0.0,454.4,0.0,5.0,1,Stopped,0.0,0,0,,454.4,454.4,454.6,0.0
92H-07095,2026-07-29 20:05:00,454.4,0.0,"Phường Dĩ An, TP Hồ Chí Minh",0,0,454.4,5.0,15.0,0,0.0,1,0,0,VALID,0.0,0.0,454.4,0.0,5.0,1,Stopped,0.0,0,0,,454.4,454.4,454.5,0.0
92H-07095,2026-07-29 20:10:00,454.4,0.0,"Phường Dĩ An, TP Hồ Chí Minh",0,0,454.4,5.0,15.0,0,0.0,1,0,0,VALID,0.0,0.0,454.4,0.0,5.0,1,Stopped,0.0,0,0,,454.4,454.4,454.5,0.0
92H-07095,2026-07-29 20:15:00,454.4,0.0,"Phường Dĩ An, TP Hồ Chí Minh",0,0,454.4,5.0,15.0,0,0.0,1,0,0,VALID,0.0,0.0,454.4,0.0,5.0,1,Stopped,0.0,0,0,,454.4,454.4,454.5,0.0
92H-07095,2026-07-29 20:20:00,454.4,0.0,"Phường Dĩ An, TP Hồ Chí Minh",0,0,454.4,5.0,15.0,0,0.0,1,0,0,VALID,0.0,0.0,454.4,0.0,5.0,1,Stopped,0.0,0,0,,454.4,454.4,454.5,0.0
92H-07095,2026-07-29 20:25:00,454.4,0.0,"Phường Dĩ An, TP Hồ Chí Minh",0,0,454.4,5.0,15.0,0,0.0,1,0,0,VALID,0.0,0.0,454.4,0.0,5.0,1,Stopped,0.0,0,0,,454.4,454.4,454.5,0.0
92H-07095,2026-07-29 20:30:00,454.4,0.0,"Phường Dĩ An, TP Hồ Chí Minh",0,0,454.4,5.0,15.0,0,0.0,1,0,0,VALID,0.0,0.0,454.4,0.0,5.0,1,Stopped,0.0,0,0,,454.4,454.4,454.5,0.0
92H-07095,2026-07-29 20:35:00,454.4,0.0,"Phường Dĩ An, TP Hồ Chí Minh",0,0,454.4,5.0,15.0,0,0.0,1,0,0,VALID,0.0,0.0,454.4,0.0,5.0,1,Stopped,0.0,0,0,,454.4,454.4,454.5,0.0
92H-07095,2026-07-29 20:40:00,454.4,0.0,"Phường Dĩ An, TP Hồ Chí Minh",0,0,454.4,5.0,15.0,0,0.0,1,0,0,VALID,0.0,0.0,454.4,0.0,5.0,1,Stopped,0.0,0,0,,454.4,454.4,454.5,0.0
92H-07095,2026-07-29 20:45:00,454.4,0.0,"Phường Dĩ An, TP Hồ Chí Minh",0,0,454.4,5.0,15.0,0,0.0,1,0,0,VALID,0.0,0.0,454.4,0.0,5.0,1,Stopped,0.0,0,0,,454.4,454.4,454.5,0.0
92H-07095,2026-07-29 20:50:00,454.4,0.0,"Phường Dĩ An, TP Hồ Chí Minh",0,0,454.4,5.0,15.0,0,0.0,1,0,0,VALID,0.0,0.0,454.4,0.0,5.0,1,Stopped,0.0,0,0,,454.4,454.4,454.5,0.0
92H-07095,2026-07-29 20:55:00,454.4,0.0,"Phường Dĩ An, TP Hồ Chí Minh",0,0,454.4,5.0,15.0,0,0.0,1,0,0,VALID,0.0,0.0,454.4,0.0,5.0,1,Stopped,0.0,0,0,,454.4,454.4,454.4,0.0
92H-07095,2026-07-29 21:00:00,454.4,0.0,"Phường Dĩ An, TP Hồ Chí Minh",0,0,454.4,5.0,15.0,0,0.0,1,0,0,VALID,0.0,0.0,454.4,0.0,5.0,1,Stopped,0.0,0,0,,454.4,454.4,454.4,0.0
92H-07095,2026-07-29 21:05:00,454.4,0.0,"Phường Dĩ An, TP Hồ Chí Minh",0,0,454.4,5.0,15.0,0,0.0,1,0,0,VALID,0.0,0.0,454.4,0.0,5.0,1,Stopped,0.0,0,0,,454.4,454.4,454.4,0.0
92H-07095,2026-07-29 21:10:00,454.4,0.0,"Phường Dĩ An, TP Hồ Chí Minh",0,0,454.4,5.0,15.0,0,0.0,1,0,0,VALID,0.0,0.0,454.4,0.0,5.0,1,Stopped,0.0,0,0,,454.4,454.4,454.4,0.0
92H-07095,2026-07-29 21:15:00,454.4,0.0,"Phường Dĩ An, TP Hồ Chí Minh",0,0,454.4,5.0,15.0,0,0.0,1,0,0,VALID,0.0,0.0,454.4,0.0,5.0,1,Stopped,0.0,0,0,,454.4,454.4,454.4,0.0
92H-07095,2026-07-29 21:20:00,454.4,0.0,"Phường Dĩ An, TP Hồ Chí Minh",0,0,454.4,5.0,15.0,0,0.0,1,0,0,VALID,0.0,0.0,454.4,0.0,5.0,1,Stopped,0.0,0,0,,454.4,454.4,454.4,0.0
92H-07095,2026-07-29 21:25:00,454.3,0.0,"Phường Dĩ An, TP Hồ Chí Minh",0,0,454.3,5.0,15.0,0,0.0,1,0,0,VALID,-0.0999999999999659,-0.0199999999999931,454.4,0.04472135938335699,5.0,1,Stopped,0.0,0,0,,454.3,454.4,454.4,0.0
92H-07095,2026-07-29 21:30:00,454.3,0.0,"Phường Dĩ An, TP Hồ Chí Minh",0,0,454.3,5.0,15.0,0,0.0,1,0,0,VALID,0.0,0.0,454.4,0.05477225561420324,5.0,1,Stopped,0.0,0,0,,454.3,454.3,454.4,0.0
92H-07095,2026-07-29 21:35:00,454.3,0.0,"Phường Dĩ An, TP Hồ Chí Minh",0,0,454.3,5.0,15.0,0,0.0,1,0,0,VALID,0.0,0.0,454.3,0.05477225561396065,5.0,1,Stopped,0.0,0,0,,454.3,454.3,454.4,0.0
92H-07095,2026-07-29 21:40:00,454.3,0.0,"Phường Dĩ An, TP Hồ Chí Minh",0,0,454.3,5.0,15.0,0,0.0,1,0,0,VALID,0.0,0.0,454.3,0.04472135938246566,5.0,1,Stopped,0.0,0,0,,454.3,454.3,454.4,0.0
92H-07095,2026-07-29 21:45:00,454.3,0.0,"Phường Dĩ An, TP Hồ Chí Minh",0,0,454.3,5.0,15.0,0,0.0,1,0,0,VALID,0.0,0.0,454.3,0.0,5.0,1,Stopped,0.0,0,0,,454.3,454.3,454.4,0.0
92H-07095,2026-07-29 21:50:00,454.3,0.0,"Phường Dĩ An, TP Hồ Chí Minh",0,0,454.3,5.0,15.0,0,0.0,1,0,0,VALID,0.0,0.0,454.3,0.0,5.0,1,Stopped,0.0,0,0,,454.3,454.3,454.4,0.0
92H-07095,2026-07-29 21:55:00,454.3,0.0,"Phường Dĩ An, TP Hồ Chí Minh",0,0,454.3,5.0,15.0,0,0.0,1,0,0,VALID,0.0,0.0,454.3,0.0,5.0,1,Stopped,0.0,0,0,,454.3,454.3,454.4,0.0
92H-07095,2026-07-29 22:00:00,454.3,0.0,"Phường Dĩ An, TP Hồ Chí Minh",0,0,454.3,5.0,15.0,0,0.0,1,0,0,VALID,0.0,0.0,454.3,0.0,5.0,1,Stopped,0.0,0,0,,454.3,454.3,454.4,0.0
92H-07095,2026-07-29 22:05:00,454.3,0.0,"Phường Dĩ An, TP Hồ Chí Minh",0,0,454.3,5.0,15.0,0,0.0,1,0,0,VALID,0.0,0.0,454.3,0.0,5.0,1,Stopped,0.0,0,0,,454.3,454.3,454.4,0.0
92H-07095,2026-07-29 22:10:00,454.3,0.0,"Phường Dĩ An, TP Hồ Chí Minh",0,0,454.3,5.0,15.0,0,0.0,1,0,0,VALID,0.0,0.0,454.3,0.0,5.0,1,Stopped,0.0,0,0,,454.3,454.3,454.3,0.0
92H-07095,2026-07-29 22:15:00,454.3,0.0,"Phường Dĩ An, TP Hồ Chí Minh",0,0,454.3,5.0,15.0,0,0.0,1,0,0,VALID,0.0,0.0,454.3,0.0,5.0,1,Stopped,0.0,0,0,,454.3,454.3,454.3,0.0
92H-07095,2026-07-29 22:20:00,454.3,0.0,"Phường Dĩ An, TP Hồ Chí Minh",0,0,454.3,5.0,15.0,0,0.0,1,0,0,VALID,0.0,0.0,454.3,0.0,5.0,1,Stopped,0.0,0,0,,454.3,454.3,454.3,0.0
92H-07095,2026-07-29 22:25:00,454.3,0.0,"Phường Dĩ An, TP Hồ Chí Minh",0,0,454.3,5.0,15.0,0,0.0,1,0,0,VALID,0.0,0.0,454.3,0.0,5.0,1,Stopped,0.0,0,0,,454.3,454.3,454.3,0.0
92H-07095,2026-07-29 22:30:00,454.3,0.0,"Phường Dĩ An, TP Hồ Chí Minh",0,0,454.3,5.0,15.0,0,0.0,1,0,0,VALID,0.0,0.0,454.3,0.0,5.0,1,Stopped,0.0,0,0,,454.3,454.3,454.3,0.0
92H-07095,2026-07-29 22:35:00,454.3,0.0,"Phường Dĩ An, TP Hồ Chí Minh",0,0,454.3,5.0,15.0,0,0.0,1,0,0,VALID,0.0,0.0,454.3,0.0,5.0,1,Stopped,0.0,0,0,,454.3,454.3,454.3,0.0
92H-07095,2026-07-29 22:40:00,454.3,0.0,"Phường Dĩ An, TP Hồ Chí Minh",0,0,454.3,5.0,15.0,0,0.0,1,0,0,VALID,0.0,0.0,454.3,0.0,5.0,1,Stopped,0.0,0,0,,454.3,454.3,454.3,0.0
92H-07095,2026-07-29 22:45:00,454.3,0.0,"Phường Dĩ An, TP Hồ Chí Minh",0,0,454.3,5.0,15.0,0,0.0,1,0,0,VALID,0.0,0.0,454.3,0.0,5.0,1,Stopped,0.0,0,0,,454.3,454.3,454.3,0.0
92H-07095,2026-07-29 22:50:00,454.3,0.0,"Phường Dĩ An, TP Hồ Chí Minh",0,0,454.3,5.0,15.0,0,0.0,1,0,0,VALID,0.0,0.0,454.3,0.0,5.0,1,Stopped,0.0,0,0,,454.3,454.3,454.3,0.0
92H-07095,2026-07-29 22:55:00,454.3,0.0,"Phường Dĩ An, TP Hồ Chí Minh",0,0,454.3,5.0,15.0,0,0.0,1,0,0,VALID,0.0,0.0,454.3,0.0,5.0,1,Stopped,0.0,0,0,,454.3,454.3,454.3,0.0
92H-07095,2026-07-29 23:00:00,454.3,0.0,"Phường Dĩ An, TP Hồ Chí Minh",0,0,454.3,5.0,15.0,0,0.0,1,0,0,VALID,0.0,0.0,454.3,0.0,5.0,1,Stopped,0.0,0,0,,454.3,454.3,454.3,0.0
92H-07095,2026-07-29 23:05:00,454.3,0.0,"Phường Dĩ An, TP Hồ Chí Minh",0,0,454.3,5.0,15.0,0,0.0,1,0,0,VALID,0.0,0.0,454.3,0.0,5.0,1,Stopped,0.0,0,0,,454.3,454.3,454.3,0.0
92H-07095,2026-07-29 23:10:00,454.3,0.0,"Phường Dĩ An, TP Hồ Chí Minh",0,0,454.3,5.0,15.0,0,0.0,1,0,0,VALID,0.0,0.0,454.3,0.0,5.0,1,Stopped,0.0,0,0,,454.3,454.3,454.3,0.0
92H-07095,2026-07-29 23:15:00,454.3,0.0,"Phường Dĩ An, TP Hồ Chí Minh",0,0,454.3,5.0,15.0,0,0.0,1,0,0,VALID,0.0,0.0,454.3,0.0,5.0,1,Stopped,0.0,0,0,,454.3,454.3,454.3,0.0
92H-07095,2026-07-29 23:20:00,454.3,0.0,"Phường Dĩ An, TP Hồ Chí Minh",0,0,454.3,5.0,15.0,0,0.0,1,0,0,VALID,0.0,0.0,454.3,0.0,5.0,1,Stopped,0.0,0,0,,454.3,454.3,454.3,0.0
92H-07095,2026-07-29 23:25:00,454.3,0.0,"Phường Dĩ An, TP Hồ Chí Minh",0,0,454.3,5.0,15.0,0,0.0,1,0,0,VALID,0.0,0.0,454.3,0.0,5.0,1,Stopped,0.0,0,0,,454.3,454.3,454.3,0.0
92H-07095,2026-07-29 23:30:00,454.3,0.0,"Phường Dĩ An, TP Hồ Chí Minh",0,0,454.3,5.0,15.0,0,0.0,1,0,0,VALID,0.0,0.0,454.3,0.0,5.0,1,Stopped,0.0,0,0,,454.3,454.3,454.3,0.0
92H-07095,2026-07-29 23:35:00,454.3,0.0,"Phường Dĩ An, TP Hồ Chí Minh",0,0,454.3,5.0,15.0,0,0.0,1,0,0,VALID,0.0,0.0,454.3,0.0,5.0,1,Stopped,0.0,0,0,,454.3,454.3,454.3,0.0
92H-07095,2026-07-29 23:40:00,454.3,0.0,"Phường Dĩ An, TP Hồ Chí Minh",0,0,454.3,5.0,15.0,0,0.0,1,0,0,VALID,0.0,0.0,454.3,0.0,5.0,1,Stopped,0.0,0,0,,454.3,454.3,454.3,0.0
92H-07095,2026-07-29 23:45:00,454.3,0.0,"Phường Dĩ An, TP Hồ Chí Minh",0,0,454.3,5.0,15.0,0,0.0,1,0,0,VALID,0.0,0.0,454.3,0.0,5.0,1,Stopped,0.0,0,0,,454.3,454.3,454.3,0.0
92H-07095,2026-07-29 23:50:00,454.3,0.0,"Phường Dĩ An, TP Hồ Chí Minh",0,0,454.3,5.0,15.0,0,0.0,1,0,0,VALID,0.0,0.0,454.3,0.0,5.0,1,Stopped,0.0,0,0,,454.3,454.3,454.3,0.0
92H-07095,2026-07-29 23:55:00,454.3,0.0,"Phường Dĩ An, TP Hồ Chí Minh",0,0,454.3,5.0,15.0,0,0.0,1,0,0,VALID,0.0,0.0,454.3,0.0,5.0,1,Stopped,0.0,0,0,,454.3,454.3,454.3,0.0
92H-07095,2026-07-30 00:00:00,454.3,0.0,"Phường Dĩ An, TP Hồ Chí Minh",0,0,454.3,5.0,15.0,0,0.0,1,0,0,VALID,0.0,0.0,454.3,0.0,5.0,1,Stopped,0.0,0,0,,454.3,454.3,454.3,0.0
92H-07095,2026-07-30 00:05:00,454.3,0.0,"Phường Dĩ An, TP Hồ Chí Minh",0,0,454.3,5.0,15.0,0,0.0,1,0,0,VALID,0.0,0.0,454.3,0.0,5.0,1,Stopped,0.0,0,0,,454.3,454.3,454.3,0.0
92H-07095,2026-07-30 00:10:00,454.3,0.0,"Phường Dĩ An, TP Hồ Chí Minh",0,0,454.3,5.0,15.0,0,0.0,1,0,0,VALID,0.0,0.0,454.3,0.0,5.0,1,Stopped,0.0,0,0,,454.3,454.3,454.3,0.0
92H-07095,2026-07-30 00:15:00,454.3,0.0,"Phường Dĩ An, TP Hồ Chí Minh",0,0,454.3,5.0,15.0,0,0.0,1,0,0,VALID,0.0,0.0,454.3,0.0,5.0,1,Stopped,0.0,0,0,,454.3,454.3,454.3,0.0
92H-07095,2026-07-30 00:20:00,454.3,0.0,"Phường Dĩ An, TP Hồ Chí Minh",0,0,454.3,5.0,15.0,0,0.0,1,0,0,VALID,0.0,0.0,454.3,0.0,5.0,1,Stopped,0.0,0,0,,454.3,454.3,454.3,0.0
92H-07095,2026-07-30 00:25:00,454.3,0.0,"Phường Dĩ An, TP Hồ Chí Minh",0,0,454.3,5.0,15.0,0,0.0,1,0,0,VALID,0.0,0.0,454.3,0.0,5.0,1,Stopped,0.0,0,0,,454.3,454.3,454.3,0.0
92H-07095,2026-07-30 00:30:00,454.3,0.0,"Phường Dĩ An, TP Hồ Chí Minh",0,0,454.3,5.0,15.0,0,0.0,1,0,0,VALID,0.0,0.0,454.3,0.0,5.0,1,Stopped,0.0,0,0,,454.3,454.3,454.3,0.0
92H-07095,2026-07-30 00:35:00,454.3,0.0,"Phường Dĩ An, TP Hồ Chí Minh",0,0,454.3,5.0,15.0,0,0.0,1,0,0,VALID,0.0,0.0,454.3,0.0,5.0,1,Stopped,0.0,0,0,,454.3,454.3,454.3,0.0
92H-07095,2026-07-30 00:40:00,454.3,0.0,"Phường Dĩ An, TP Hồ Chí Minh",0,0,454.3,5.0,15.0,0,0.0,1,0,0,VALID,0.0,0.0,454.3,0.0,5.0,1,Stopped,0.0,0,0,,454.3,454.3,454.3,0.0
92H-07095,2026-07-30 00:45:00,454.3,0.0,"Phường Dĩ An, TP Hồ Chí Minh",0,0,454.3,5.0,15.0,0,0.0,1,0,0,VALID,0.0,0.0,454.3,0.0,5.0,1,Stopped,0.0,0,0,,454.3,454.3,454.3,0.0
92H-07095,2026-07-30 00:50:00,454.3,0.0,"Phường Dĩ An, TP Hồ Chí Minh",0,0,454.3,5.0,15.0,0,0.0,1,0,0,VALID,0.0,0.0,454.3,0.0,5.0,1,Stopped,0.0,0,0,,454.3,454.3,454.3,0.0
92H-07095,2026-07-30 00:55:00,454.3,0.0,"Phường Dĩ An, TP Hồ Chí Minh",0,0,454.3,5.0,15.0,0,0.0,1,0,0,VALID,0.0,0.0,454.3,0.0,5.0,1,Stopped,0.0,0,0,,454.3,454.3,454.3,0.0
92H-07095,2026-07-30 01:02:00,454.3,0.0,"Phường Dĩ An, TP Hồ Chí Minh",0,0,454.3,7.0,15.0,0,0.0,1,0,0,VALID,0.0,0.0,454.3,0.0,5.0,1,Stopped,0.0,0,0,,454.3,454.3,454.3,0.0
92H-07095,2026-07-30 01:05:00,454.3,0.0,"Phường Dĩ An, TP Hồ Chí Minh",0,0,454.3,3.0,15.0,0,0.0,1,0,0,VALID,0.0,0.0,454.3,0.0,5.0,1,Stopped,0.0,0,0,,454.3,454.3,454.3,0.0
92H-07095,2026-07-30 01:10:00,454.3,0.0,"Phường Dĩ An, TP Hồ Chí Minh",0,0,454.3,5.0,15.0,0,0.0,1,0,0,VALID,0.0,0.0,454.3,0.0,5.0,1,Stopped,0.0,0,0,,454.3,454.3,454.3,0.0
92H-07095,2026-07-30 01:15:00,454.3,0.0,"Phường Dĩ An, TP Hồ Chí Minh",0,0,454.3,5.0,15.0,0,0.0,1,0,0,VALID,0.0,0.0,454.3,0.0,5.0,1,Stopped,0.0,0,0,,454.3,454.3,454.3,0.0
92H-07095,2026-07-30 01:20:00,454.3,0.0,"Phường Dĩ An, TP Hồ Chí Minh",0,0,454.3,5.0,15.0,0,0.0,1,0,0,VALID,0.0,0.0,454.3,0.0,5.0,1,Stopped,0.0,0,0,,454.3,454.3,454.3,0.0
92H-07095,2026-07-30 01:25:00,454.3,0.0,"Phường Dĩ An, TP Hồ Chí Minh",0,0,454.3,5.0,15.0,0,0.0,1,0,0,VALID,0.0,0.0,454.3,0.0,5.0,1,Stopped,0.0,0,0,,454.3,454.3,454.3,0.0
92H-07095,2026-07-30 01:30:00,454.3,0.0,"Phường Dĩ An, TP Hồ Chí Minh",0,0,454.3,5.0,15.0,0,0.0,1,0,0,VALID,0.0,0.0,454.3,0.0,5.0,1,Stopped,0.0,0,0,,454.3,454.3,454.3,0.0
92H-07095,2026-07-30 01:35:00,454.3,0.0,"Phường Dĩ An, TP Hồ Chí Minh",0,0,454.3,5.0,15.0,0,0.0,1,0,0,VALID,0.0,0.0,454.3,0.0,5.0,1,Stopped,0.0,0,0,,454.3,454.3,454.3,0.0
92H-07095,2026-07-30 01:40:00,454.3,0.0,"Phường Dĩ An, TP Hồ Chí Minh",0,0,454.3,5.0,15.0,0,0.0,1,0,0,VALID,0.0,0.0,454.3,0.0,5.0,1,Stopped,0.0,0,0,,454.3,454.3,454.3,0.0
92H-07095,2026-07-30 01:45:00,454.4,0.0,"Phường Dĩ An, TP Hồ Chí Minh",0,0,454.4,5.0,15.0,0,0.0,1,0,0,VALID,0.0999999999999659,0.0199999999999931,454.3,0.04472135938246566,5.0,1,Stopped,0.0,0,0,,454.4,454.3,454.3,0.0
92H-07095,2026-07-30 01:50:00,454.4,0.0,"Phường Dĩ An, TP Hồ Chí Minh",0,0,454.4,5.0,15.0,0,0.0,1,0,0,VALID,0.0,0.0,454.3,0.05477225561396065,5.0,1,Stopped,0.0,0,0,,454.4,454.4,454.3,0.0
92H-07095,2026-07-30 01:55:00,454.4,0.0,"Phường Dĩ An, TP Hồ Chí Minh",0,0,454.4,5.0,15.0,0,0.0,1,0,0,VALID,0.0,0.0,454.4,0.05477225561420324,5.0,1,Stopped,0.0,0,0,,454.4,454.4,454.3,0.0
92H-07095,2026-07-30 02:00:00,454.4,0.0,"Phường Dĩ An, TP Hồ Chí Minh",0,0,454.4,5.0,15.0,0,0.0,1,0,0,VALID,0.0,0.0,454.4,0.04472135938335699,5.0,1,Stopped,0.0,0,0,,454.4,454.4,454.3,0.0
92H-07095,2026-07-30 02:05:00,454.4,0.0,"Phường Dĩ An, TP Hồ Chí Minh",0,0,454.4,5.0,15.0,0,0.0,1,0,0,VALID,0.0,0.0,454.4,0.0,5.0,1,Stopped,0.0,0,0,,454.4,454.4,454.3,0.0
92H-07095,2026-07-30 02:10:00,454.4,0.0,"Phường Dĩ An, TP Hồ Chí Minh",0,0,454.4,5.0,15.0,0,0.0,1,0,0,VALID,0.0,0.0,454.4,0.0,5.0,1,Stopped,0.0,0,0,,454.4,454.4,454.3,0.0
92H-07095,2026-07-30 02:15:00,454.4,0.0,"Phường Dĩ An, TP Hồ Chí Minh",0,0,454.4,5.0,15.0,0,0.0,1,0,0,VALID,0.0,0.0,454.4,0.0,5.0,1,Stopped,0.0,0,0,,454.4,454.4,454.4,0.0
92H-07095,2026-07-30 02:20:00,454.4,0.0,"Phường Dĩ An, TP Hồ Chí Minh",0,0,454.4,5.0,15.0,0,0.0,1,0,0,VALID,0.0,0.0,454.4,0.0,5.0,1,Stopped,0.0,0,0,,454.4,454.4,454.4,0.0
92H-07095,2026-07-30 02:25:00,454.4,0.0,"Phường Dĩ An, TP Hồ Chí Minh",0,0,454.4,5.0,15.0,0,0.0,1,0,0,VALID,0.0,0.0,454.4,0.0,5.0,1,Stopped,0.0,0,0,,454.4,454.4,454.4,0.0
92H-07095,2026-07-30 02:30:00,454.4,0.0,"Phường Dĩ An, TP Hồ Chí Minh",0,0,454.4,5.0,15.0,0,0.0,1,0,0,VALID,0.0,0.0,454.4,0.0,5.0,1,Stopped,0.0,0,0,,454.4,454.4,454.4,0.0
92H-07095,2026-07-30 02:35:00,454.4,0.0,"Phường Dĩ An, TP Hồ Chí Minh",0,0,454.4,5.0,15.0,0,0.0,1,0,0,VALID,0.0,0.0,454.4,0.0,5.0,1,Stopped,0.0,0,0,,454.4,454.4,454.4,0.0
92H-07095,2026-07-30 02:40:00,454.4,0.0,"Phường Dĩ An, TP Hồ Chí Minh",0,0,454.4,5.0,15.0,0,0.0,1,0,0,VALID,0.0,0.0,454.4,0.0,5.0,1,Stopped,0.0,0,0,,454.4,454.4,454.4,0.0
92H-07095,2026-07-30 02:45:00,454.4,0.0,"Phường Dĩ An, TP Hồ Chí Minh",0,0,454.4,5.0,15.0,0,0.0,1,0,0,VALID,0.0,0.0,454.4,0.0,5.0,1,Stopped,0.0,0,0,,454.4,454.4,454.4,0.0
92H-07095,2026-07-30 02:50:00,454.4,0.0,"Phường Dĩ An, TP Hồ Chí Minh",0,0,454.4,5.0,15.0,0,0.0,1,0,0,VALID,0.0,0.0,454.4,0.0,5.0,1,Stopped,0.0,0,0,,454.4,454.4,454.4,0.0
92H-07095,2026-07-30 02:55:00,454.4,0.0,"Phường Dĩ An, TP Hồ Chí Minh",0,0,454.4,5.0,15.0,0,0.0,1,0,0,VALID,0.0,0.0,454.4,0.0,5.0,1,Stopped,0.0,0,0,,454.4,454.4,454.4,0.0
92H-07095,2026-07-30 03:00:00,454.4,0.0,"Phường Dĩ An, TP Hồ Chí Minh",0,0,454.4,5.0,15.0,0,0.0,1,0,0,VALID,0.0,0.0,454.4,0.0,5.0,1,Stopped,0.0,0,0,,454.4,454.4,454.4,0.0
92H-07095,2026-07-30 03:05:00,454.4,0.0,"Phường Dĩ An, TP Hồ Chí Minh",0,0,454.4,5.0,15.0,0,0.0,1,0,0,VALID,0.0,0.0,454.4,0.0,5.0,1,Stopped,0.0,0,0,,454.4,454.4,454.4,0.0
92H-07095,2026-07-30 03:10:00,454.4,0.0,"Phường Dĩ An, TP Hồ Chí Minh",0,0,454.4,5.0,15.0,0,0.0,1,0,0,VALID,0.0,0.0,454.4,0.0,5.0,1,Stopped,0.0,0,0,,454.4,454.4,454.4,0.0
92H-07095,2026-07-30 03:15:00,454.4,0.0,"Phường Dĩ An, TP Hồ Chí Minh",0,0,454.4,5.0,15.0,0,0.0,1,0,0,VALID,0.0,0.0,454.4,0.0,5.0,1,Stopped,0.0,0,0,,454.4,454.4,454.4,0.0
92H-07095,2026-07-30 03:20:00,454.4,0.0,"Phường Dĩ An, TP Hồ Chí Minh",0,0,454.4,5.0,15.0,0,0.0,1,0,0,VALID,0.0,0.0,454.4,0.0,5.0,1,Stopped,0.0,0,0,,454.4,454.4,454.4,0.0
92H-07095,2026-07-30 03:25:00,454.4,0.0,"Phường Dĩ An, TP Hồ Chí Minh",0,0,454.4,5.0,15.0,0,0.0,1,0,0,VALID,0.0,0.0,454.4,0.0,5.0,1,Stopped,0.0,0,0,,454.4,454.4,454.4,0.0
92H-07095,2026-07-30 03:30:00,454.4,0.0,"Phường Dĩ An, TP Hồ Chí Minh",0,0,454.4,5.0,15.0,0,0.0,1,0,0,VALID,0.0,0.0,454.4,0.0,5.0,1,Stopped,0.0,0,0,,454.4,454.4,454.4,0.0
92H-07095,2026-07-30 03:35:00,454.4,0.0,"Phường Dĩ An, TP Hồ Chí Minh",0,0,454.4,5.0,15.0,0,0.0,1,0,0,VALID,0.0,0.0,454.4,0.0,5.0,1,Stopped,0.0,0,0,,454.4,454.4,454.4,0.0
92H-07095,2026-07-30 03:40:00,454.4,0.0,"Phường Dĩ An, TP Hồ Chí Minh",0,0,454.4,5.0,15.0,0,0.0,1,0,0,VALID,0.0,0.0,454.4,0.0,5.0,1,Stopped,0.0,0,0,,454.4,454.4,454.4,0.0
92H-07095,2026-07-30 03:45:00,454.4,0.0,"Phường Dĩ An, TP Hồ Chí Minh",0,0,454.4,5.0,15.0,0,0.0,1,0,0,VALID,0.0,0.0,454.4,0.0,5.0,1,Stopped,0.0,0,0,,454.4,454.4,454.4,0.0
92H-07095,2026-07-30 03:50:00,454.4,0.0,"Phường Dĩ An, TP Hồ Chí Minh",0,0,454.4,5.0,15.0,0,0.0,1,0,0,VALID,0.0,0.0,454.4,0.0,5.0,1,Stopped,0.0,0,0,,454.4,454.4,454.4,0.0
92H-07095,2026-07-30 03:55:00,454.4,0.0,"Phường Dĩ An, TP Hồ Chí Minh",0,0,454.4,5.0,15.0,0,0.0,1,0,0,VALID,0.0,0.0,454.4,0.0,5.0,1,Stopped,0.0,0,0,,454.4,454.4,454.4,0.0
92H-07095,2026-07-30 04:00:00,454.4,0.0,"Phường Dĩ An, TP Hồ Chí Minh",0,0,454.4,5.0,15.0,0,0.0,1,0,0,VALID,0.0,0.0,454.4,0.0,5.0,1,Stopped,0.0,0,0,,454.4,454.4,454.4,0.0
92H-07095,2026-07-30 04:05:00,454.4,0.0,"Phường Dĩ An, TP Hồ Chí Minh",0,0,454.4,5.0,15.0,0,0.0,1,0,0,VALID,0.0,0.0,454.4,0.0,5.0,1,Stopped,0.0,0,0,,454.4,454.4,454.4,0.0
92H-07095,2026-07-30 04:10:00,454.4,0.0,"Phường Dĩ An, TP Hồ Chí Minh",0,0,454.4,5.0,15.0,0,0.0,1,0,0,VALID,0.0,0.0,454.4,0.0,5.0,1,Stopped,0.0,0,0,,454.4,454.4,454.4,0.0
92H-07095,2026-07-30 04:15:00,454.4,0.0,"Phường Dĩ An, TP Hồ Chí Minh",0,0,454.4,5.0,15.0,0,0.0,1,0,0,VALID,0.0,0.0,454.4,0.0,5.0,1,Stopped,0.0,0,0,,454.4,454.4,454.4,0.0
92H-07095,2026-07-30 04:20:00,454.4,0.0,"Phường Dĩ An, TP Hồ Chí Minh",0,0,454.4,5.0,15.0,0,0.0,1,0,0,VALID,0.0,0.0,454.4,0.0,5.0,1,Stopped,0.0,0,0,,454.4,454.4,454.4,0.0
92H-07095,2026-07-30 04:25:00,454.4,0.0,"Phường Dĩ An, TP Hồ Chí Minh",0,0,454.4,5.0,15.0,0,0.0,1,0,0,VALID,0.0,0.0,454.4,0.0,5.0,1,Stopped,0.0,0,0,,454.4,454.4,454.4,0.0
92H-07095,2026-07-30 04:30:00,454.4,0.0,"Phường Dĩ An, TP Hồ Chí Minh",0,0,454.4,5.0,15.0,0,0.0,1,0,0,VALID,0.0,0.0,454.4,0.0,5.0,1,Stopped,0.0,0,0,,454.4,454.4,454.4,0.0
92H-07095,2026-07-30 04:35:00,454.4,0.0,"Phường Dĩ An, TP Hồ Chí Minh",0,0,454.4,5.0,15.0,0,0.0,1,0,0,VALID,0.0,0.0,454.4,0.0,5.0,1,Stopped,0.0,0,0,,454.4,454.4,454.4,0.0
92H-07095,2026-07-30 04:40:00,454.4,0.0,"Phường Dĩ An, TP Hồ Chí Minh",0,0,454.4,5.0,15.0,0,0.0,1,0,0,VALID,0.0,0.0,454.4,0.0,5.0,1,Stopped,0.0,0,0,,454.4,454.4,454.4,0.0
92H-07095,2026-07-30 04:45:00,454.4,0.0,"Phường Dĩ An, TP Hồ Chí Minh",0,0,454.4,5.0,15.0,0,0.0,1,0,0,VALID,0.0,0.0,454.4,0.0,5.0,1,Stopped,0.0,0,0,,454.4,454.4,454.4,0.0
92H-07095,2026-07-30 04:50:00,454.4,0.0,"Phường Dĩ An, TP Hồ Chí Minh",0,0,454.4,5.0,15.0,0,0.0,1,0,0,VALID,0.0,0.0,454.4,0.0,5.0,1,Stopped,0.0,0,0,,454.4,454.4,454.4,0.0
92H-07095,2026-07-30 04:55:00,454.4,0.0,"Phường Dĩ An, TP Hồ Chí Minh",0,0,454.4,5.0,15.0,0,0.0,1,0,0,VALID,0.0,0.0,454.4,0.0,5.0,1,Stopped,0.0,0,0,,454.4,454.4,454.4,0.0
92H-07095,2026-07-30 05:00:00,454.4,0.0,"Phường Dĩ An, TP Hồ Chí Minh",0,0,454.4,5.0,15.0,0,0.0,1,0,0,VALID,0.0,0.0,454.4,0.0,5.0,1,Stopped,0.0,0,0,,454.4,454.4,454.4,0.0
92H-07095,2026-07-30 05:05:00,454.4,0.0,"Phường Dĩ An, TP Hồ Chí Minh",0,0,454.4,5.0,15.0,0,0.0,1,0,0,VALID,0.0,0.0,454.4,0.0,5.0,1,Stopped,0.0,0,0,,454.4,454.4,454.4,0.0
92H-07095,2026-07-30 05:10:00,454.4,0.0,"Phường Dĩ An, TP Hồ Chí Minh",0,0,454.4,5.0,15.0,0,0.0,1,0,0,VALID,0.0,0.0,454.4,0.0,5.0,1,Stopped,0.0,0,0,,454.4,454.4,454.4,0.0
92H-07095,2026-07-30 05:15:00,454.4,0.0,"Phường Dĩ An, TP Hồ Chí Minh",0,0,454.4,5.0,15.0,0,0.0,1,0,0,VALID,0.0,0.0,454.4,0.0,5.0,1,Stopped,0.0,0,0,,454.4,454.4,454.4,0.0
92H-07095,2026-07-30 05:20:00,454.4,0.0,"Phường Dĩ An, TP Hồ Chí Minh",0,0,454.4,5.0,15.0,0,0.0,1,0,0,VALID,0.0,0.0,454.4,0.0,5.0,1,Stopped,0.0,0,0,,454.4,454.4,454.4,0.0
92H-07095,2026-07-30 05:25:00,454.4,0.0,"Phường Dĩ An, TP Hồ Chí Minh",0,0,454.4,5.0,15.0,0,0.0,1,0,0,VALID,0.0,0.0,454.4,0.0,5.0,1,Stopped,0.0,0,0,,454.4,454.4,454.4,0.0
92H-07095,2026-07-30 05:30:00,454.4,0.0,"Phường Dĩ An, TP Hồ Chí Minh",0,0,454.4,5.0,15.0,0,0.0,1,0,0,VALID,0.0,0.0,454.4,0.0,5.0,1,Stopped,0.0,0,0,,454.4,454.4,454.4,0.0
92H-07095,2026-07-30 05:35:00,454.4,0.0,"Phường Dĩ An, TP Hồ Chí Minh",0,0,454.4,5.0,15.0,0,0.0,1,0,0,VALID,0.0,0.0,454.4,0.0,5.0,1,Stopped,0.0,0,0,,454.4,454.4,454.4,0.0
92H-07095,2026-07-30 05:40:00,454.4,0.0,"Phường Dĩ An, TP Hồ Chí Minh",0,0,454.4,5.0,15.0,0,0.0,1,0,0,VALID,0.0,0.0,454.4,0.0,5.0,1,Stopped,0.0,0,0,,454.4,454.4,454.4,0.0
92H-07095,2026-07-30 05:45:00,454.4,0.0,"Phường Dĩ An, TP Hồ Chí Minh",0,0,454.4,5.0,15.0,0,0.0,1,0,0,VALID,0.0,0.0,454.4,0.0,5.0,1,Stopped,0.0,0,0,,454.4,454.4,454.4,0.0
92H-07095,2026-07-30 05:50:00,454.4,0.0,"Phường Dĩ An, TP Hồ Chí Minh",0,0,454.4,5.0,15.0,0,0.0,1,0,0,VALID,0.0,0.0,454.4,0.0,5.0,1,Stopped,0.0,0,0,,454.4,454.4,454.4,0.0
92H-07095,2026-07-30 05:55:00,454.4,0.0,"Phường Dĩ An, TP Hồ Chí Minh",0,0,454.4,5.0,15.0,0,0.0,1,0,0,VALID,0.0,0.0,454.4,0.0,5.0,1,Stopped,0.0,0,0,,454.4,454.4,454.4,0.0
92H-07095,2026-07-30 06:00:00,454.4,0.0,"Phường Dĩ An, TP Hồ Chí Minh",0,0,454.4,5.0,15.0,0,0.0,1,0,0,VALID,0.0,0.0,454.4,0.0,5.0,1,Stopped,0.0,0,0,,454.4,454.4,454.4,0.0
92H-07095,2026-07-30 06:05:00,454.4,0.0,"Phường Dĩ An, TP Hồ Chí Minh",0,0,454.4,5.0,15.0,0,0.0,1,0,0,VALID,0.0,0.0,454.4,0.0,5.0,1,Stopped,0.0,0,0,,454.4,454.4,454.4,0.0
92H-07095,2026-07-30 06:10:00,454.4,0.0,"Phường Dĩ An, TP Hồ Chí Minh",0,0,454.4,5.0,15.0,0,0.0,1,0,0,VALID,0.0,0.0,454.4,0.0,5.0,1,Stopped,0.0,0,0,,454.4,454.4,454.4,0.0
92H-07095,2026-07-30 06:15:00,454.4,0.0,"Phường Dĩ An, TP Hồ Chí Minh",0,0,454.4,5.0,15.0,0,0.0,1,0,0,VALID,0.0,0.0,454.4,0.0,5.0,1,Stopped,0.0,0,0,,454.4,454.4,454.4,0.0
92H-07095,2026-07-30 06:20:00,454.1,0.0,"Phường Dĩ An, TP Hồ Chí Minh",0,0,454.1,5.0,15.0,0,0.0,1,0,0,VALID,-0.2999999999999545,-0.0599999999999909,454.4,0.1341640785942299,5.0,1,Stopped,0.0,0,0,,454.1,454.3,454.4,0.0
92H-07095,2026-07-30 06:25:00,454.0,0.0,"Phường Dĩ An, TP Hồ Chí Minh",0,0,454.0,5.0,15.0,0,0.0,1,0,0,VALID,-0.1000000000000227,-0.0200000000000045,454.4,0.19493588685754137,5.0,1,Stopped,0.0,0,0,,454.0,454.2,454.3,0.0
92H-07095,2026-07-30 06:30:00,454.0,0.0,"Phường Dĩ An, TP Hồ Chí Minh",0,0,454.0,5.0,15.0,0,0.0,1,0,0,VALID,0.0,0.0,454.1,0.2049390152821908,5.0,1,Stopped,0.0,0,0,,454.0,454.1,454.3,0.0
92H-07095,2026-07-30 06:35:00,454.0,0.0,"Phường Dĩ An, TP Hồ Chí Minh",0,0,454.0,5.0,15.0,0,0.0,1,0,0,VALID,0.0,0.0,454.0,0.17320508071282678,5.0,1,Stopped,0.0,0,0,,454.0,454.1,454.3,0.0
92H-07095,2026-07-30 06:40:00,454.0,0.0,"Phường Dĩ An, TP Hồ Chí Minh",0,0,454.0,5.0,15.0,0,0.0,1,0,0,VALID,0.0,0.0,454.0,0.04472135937831717,5.0,1,Stopped,0.0,0,0,,454.0,454.0,454.2,0.0
92H-07095,2026-07-30 06:45:00,454.0,0.0,"Phường Dĩ An, TP Hồ Chí Minh",0,0,454.0,5.0,15.0,0,0.0,1,0,0,VALID,0.0,0.0,454.0,0.0,5.0,1,Stopped,0.0,0,0,,454.0,454.0,454.2,0.0
92H-07095,2026-07-30 06:50:00,454.0,0.0,"Phường Dĩ An, TP Hồ Chí Minh",0,0,454.0,5.0,15.0,0,0.0,1,0,0,VALID,0.0,0.0,454.0,0.0,5.0,1,Stopped,0.0,0,0,,454.0,454.0,454.2,0.0
92H-07095,2026-07-30 06:55:00,454.0,0.0,"Phường Dĩ An, TP Hồ Chí Minh",0,0,454.0,5.0,15.0,0,0.0,1,0,0,VALID,0.0,0.0,454.0,0.0,5.0,1,Stopped,0.0,0,0,,454.0,454.0,454.2,0.0
92H-07095,2026-07-30 07:00:00,454.0,0.0,"Phường Dĩ An, TP Hồ Chí Minh",0,0,454.0,5.0,15.0,0,0.0,1,0,0,VALID,0.0,0.0,454.0,0.0,5.0,1,Stopped,0.0,0,0,,454.0,454.0,454.2,0.0
92H-07095,2026-07-30 07:05:00,454.0,0.0,"Phường Dĩ An, TP Hồ Chí Minh",0,0,454.0,5.0,15.0,0,0.0,1,0,0,VALID,0.0,0.0,454.0,0.0,5.0,1,Stopped,0.0,0,0,,454.0,454.0,454.1,0.0
92H-07095,2026-07-30 07:10:00,454.0,0.0,"Phường Dĩ An, TP Hồ Chí Minh",0,0,454.0,5.0,15.0,0,0.0,1,0,0,VALID,0.0,0.0,454.0,0.0,5.0,1,Stopped,0.0,0,0,,454.0,454.0,454.1,0.0
92H-07095,2026-07-30 07:15:00,454.0,0.0,"Phường Dĩ An, TP Hồ Chí Minh",0,0,454.0,5.0,15.0,0,0.0,1,0,0,VALID,0.0,0.0,454.0,0.0,5.0,1,Stopped,0.0,0,0,,454.0,454.0,454.1,0.0
92H-07095,2026-07-30 07:20:00,454.0,0.0,"Phường Dĩ An, TP Hồ Chí Minh",0,0,454.0,5.0,15.0,0,0.0,1,0,0,VALID,0.0,0.0,454.0,0.0,5.0,1,Stopped,0.0,0,0,,454.0,454.0,454.1,0.0
92H-07095,2026-07-30 07:25:00,454.0,0.0,"Phường Dĩ An, TP Hồ Chí Minh",0,0,454.0,5.0,15.0,0,0.0,1,0,0,VALID,0.0,0.0,454.0,0.0,5.0,1,Stopped,0.0,0,0,,454.0,454.0,454.1,0.0
92H-07095,2026-07-30 07:30:00,454.0,0.0,"Phường Dĩ An, TP Hồ Chí Minh",0,0,454.0,5.0,15.0,0,0.0,1,0,0,VALID,0.0,0.0,454.0,0.0,5.0,1,Stopped,0.0,0,0,,454.0,454.0,454.1,0.0
92H-07095,2026-07-30 07:35:00,454.0,0.0,"Phường Dĩ An, TP Hồ Chí Minh",0,0,454.0,5.0,15.0,0,0.0,1,0,0,VALID,0.0,0.0,454.0,0.0,5.0,1,Stopped,0.0,0,0,,454.0,454.0,454.1,0.0
92H-07095,2026-07-30 07:40:00,454.0,0.0,"Phường Dĩ An, TP Hồ Chí Minh",0,0,454.0,5.0,15.0,0,0.0,1,0,0,VALID,0.0,0.0,454.0,0.0,5.0,1,Stopped,0.0,0,0,,454.0,454.0,454.1,0.0
92H-07095,2026-07-30 07:45:00,454.0,0.0,"Phường Dĩ An, TP Hồ Chí Minh",0,0,454.0,5.0,15.0,0,0.0,1,0,0,VALID,0.0,0.0,454.0,0.0,5.0,1,Stopped,0.0,0,0,,454.0,454.0,454.1,0.0
92H-07095,2026-07-30 07:50:00,454.0,0.0,"Phường Dĩ An, TP Hồ Chí Minh",0,0,454.0,5.0,15.0,0,0.0,1,0,0,VALID,0.0,0.0,454.0,0.0,5.0,1,Stopped,0.0,0,0,,454.0,454.0,454.1,0.0
92H-07095,2026-07-30 07:55:00,454.0,0.0,"Phường Dĩ An, TP Hồ Chí Minh",0,0,454.0,5.0,15.0,0,0.0,1,0,0,VALID,0.0,0.0,454.0,0.0,5.0,1,Stopped,0.0,0,0,,454.0,454.0,454.0,0.0
92H-07095,2026-07-30 08:00:00,454.0,0.0,"Phường Dĩ An, TP Hồ Chí Minh",0,0,454.0,5.0,15.0,0,0.0,1,0,0,VALID,0.0,0.0,454.0,0.0,5.0,1,Stopped,0.0,0,0,,454.0,454.0,454.0,0.0
92H-07095,2026-07-30 08:05:00,454.0,0.0,"Phường Dĩ An, TP Hồ Chí Minh",0,0,454.0,5.0,15.0,0,0.0,1,0,0,VALID,0.0,0.0,454.0,0.0,5.0,1,Stopped,0.0,0,0,,454.0,454.0,454.0,0.0
92H-07095,2026-07-30 08:10:00,454.0,0.0,"Phường Dĩ An, TP Hồ Chí Minh",0,0,454.0,5.0,15.0,0,0.0,1,0,0,VALID,0.0,0.0,454.0,0.0,5.0,1,Stopped,0.0,0,0,,454.0,454.0,454.0,0.0
92H-07095,2026-07-30 08:15:00,454.0,0.0,"Phường Dĩ An, TP Hồ Chí Minh",0,0,454.0,5.0,15.0,0,0.0,1,0,0,VALID,0.0,0.0,454.0,0.0,5.0,1,Stopped,0.0,0,0,,454.0,454.0,454.0,0.0
92H-07095,2026-07-30 08:20:00,454.0,0.0,"Phường Dĩ An, TP Hồ Chí Minh",0,0,454.0,5.0,15.0,0,0.0,1,0,0,VALID,0.0,0.0,454.0,0.0,5.0,1,Stopped,0.0,0,0,,454.0,454.0,454.0,0.0
92H-07095,2026-07-30 08:25:00,454.0,0.0,"Phường Dĩ An, TP Hồ Chí Minh",0,0,454.0,5.0,15.0,0,0.0,1,0,0,VALID,0.0,0.0,454.0,0.0,5.0,1,Stopped,0.0,0,0,,454.0,454.0,454.0,0.0
92H-07095,2026-07-30 08:30:00,454.0,0.0,"Phường Dĩ An, TP Hồ Chí Minh",0,0,454.0,5.0,15.0,0,0.0,1,0,0,VALID,0.0,0.0,454.0,0.0,5.0,1,Stopped,0.0,0,0,,454.0,454.0,454.0,0.0
92H-07095,2026-07-30 08:35:00,454.0,0.0,"Phường Dĩ An, TP Hồ Chí Minh",0,0,454.0,5.0,15.0,0,0.0,1,0,0,VALID,0.0,0.0,454.0,0.0,5.0,1,Stopped,0.0,0,0,,454.0,454.0,454.0,0.0
92H-07095,2026-07-30 08:40:00,454.0,0.0,"Phường Dĩ An, TP Hồ Chí Minh",0,0,454.0,5.0,15.0,0,0.0,1,0,0,VALID,0.0,0.0,454.0,0.0,5.0,1,Stopped,0.0,0,0,,454.0,454.0,454.0,0.0
92H-07095,2026-07-30 08:45:00,454.0,0.0,"Phường Dĩ An, TP Hồ Chí Minh",0,0,454.0,5.0,15.0,0,0.0,1,0,0,VALID,0.0,0.0,454.0,0.0,5.0,1,Stopped,0.0,0,0,,454.0,454.0,454.0,0.0
92H-07095,2026-07-30 08:50:00,454.0,0.0,"Phường Dĩ An, TP Hồ Chí Minh",0,0,454.0,5.0,15.0,0,0.0,1,0,0,VALID,0.0,0.0,454.0,0.0,5.0,1,Stopped,0.0,0,0,,454.0,454.0,454.0,0.0
92H-07095,2026-07-30 08:55:00,454.0,0.0,"Phường Dĩ An, TP Hồ Chí Minh",0,0,454.0,5.0,15.0,0,0.0,1,0,0,VALID,0.0,0.0,454.0,0.0,5.0,1,Stopped,0.0,0,0,,454.0,454.0,454.0,0.0
92H-07095,2026-07-30 09:00:00,454.0,0.0,"Phường Dĩ An, TP Hồ Chí Minh",0,0,454.0,5.0,15.0,0,0.0,1,0,0,VALID,0.0,0.0,454.0,0.0,5.0,1,Stopped,0.0,0,0,,454.0,454.0,454.0,0.0
92H-07095,2026-07-30 09:05:00,454.0,0.0,"Phường Dĩ An, TP Hồ Chí Minh",0,0,454.0,5.0,15.0,0,0.0,1,0,0,VALID,0.0,0.0,454.0,0.0,5.0,1,Stopped,0.0,0,0,,454.0,454.0,454.0,0.0
92H-07095,2026-07-30 09:10:00,454.0,0.0,"Phường Dĩ An, TP Hồ Chí Minh",0,0,454.0,5.0,15.0,0,0.0,1,0,0,VALID,0.0,0.0,454.0,0.0,5.0,1,Stopped,0.0,0,0,,454.0,454.0,454.0,0.0
92H-07095,2026-07-30 09:15:00,454.0,0.0,"Phường Dĩ An, TP Hồ Chí Minh",0,0,454.0,5.0,15.0,0,0.0,1,0,0,VALID,0.0,0.0,454.0,0.0,5.0,1,Stopped,0.0,0,0,,454.0,454.0,454.0,0.0
92H-07095,2026-07-30 09:20:00,454.0,0.0,"Phường Dĩ An, TP Hồ Chí Minh",0,0,454.0,5.0,15.0,0,0.0,1,0,0,VALID,0.0,0.0,454.0,0.0,5.0,1,Stopped,0.0,0,0,,454.0,454.0,454.0,0.0
92H-07095,2026-07-30 09:25:00,454.0,0.0,"Phường Dĩ An, TP Hồ Chí Minh",0,0,454.0,5.0,15.0,0,0.0,1,0,0,VALID,0.0,0.0,454.0,0.0,5.0,1,Stopped,0.0,0,0,,454.0,454.0,454.0,0.0
92H-07095,2026-07-30 09:30:00,454.0,0.0,"Phường Dĩ An, TP Hồ Chí Minh",0,0,454.0,5.0,15.0,0,0.0,1,0,0,VALID,0.0,0.0,454.0,0.0,5.0,1,Stopped,0.0,0,0,,454.0,454.0,454.0,0.0
92H-07095,2026-07-30 09:35:00,454.0,0.0,"Phường Dĩ An, TP Hồ Chí Minh",0,0,454.0,5.0,15.0,0,0.0,1,0,0,VALID,0.0,0.0,454.0,0.0,5.0,1,Stopped,0.0,0,0,,454.0,454.0,454.0,0.0
92H-07095,2026-07-30 09:40:00,454.0,0.0,"Phường Dĩ An, TP Hồ Chí Minh",0,0,454.0,5.0,15.0,0,0.0,1,0,0,VALID,0.0,0.0,454.0,0.0,5.0,1,Stopped,0.0,0,0,,454.0,454.0,454.0,0.0
92H-07095,2026-07-30 09:45:00,454.0,0.0,"Phường Dĩ An, TP Hồ Chí Minh",0,0,454.0,5.0,15.0,0,0.0,1,0,0,VALID,0.0,0.0,454.0,0.0,5.0,1,Stopped,0.0,0,0,,454.0,454.0,454.0,0.0
92H-07095,2026-07-30 09:50:00,454.0,0.0,"Phường Dĩ An, TP Hồ Chí Minh",0,0,454.0,5.0,15.0,0,0.0,1,0,0,VALID,0.0,0.0,454.0,0.0,5.0,1,Stopped,0.0,0,0,,454.0,454.0,454.0,0.0
92H-07095,2026-07-30 09:55:00,454.0,0.0,"Phường Dĩ An, TP Hồ Chí Minh",0,0,454.0,5.0,15.0,0,0.0,1,0,0,VALID,0.0,0.0,454.0,0.0,5.0,1,Stopped,0.0,0,0,,454.0,454.0,454.0,0.0
92H-07095,2026-07-30 10:00:00,454.0,0.0,"Phường Dĩ An, TP Hồ Chí Minh",0,0,454.0,5.0,15.0,0,0.0,1,0,0,VALID,0.0,0.0,454.0,0.0,5.0,1,Stopped,0.0,0,0,,454.0,454.0,454.0,0.0
92H-07095,2026-07-30 10:05:00,450.3,17.0,"Số 2, Phường Dĩ An, TP Hồ Chí Minh",0,0,450.3,5.0,15.0,0,0.0,1,0,0,VALID,-3.6999999999999886,-0.7399999999999978,454.0,1.6546903033449345,5.0,1,Moving,0.0566666666666666,0,0,,452.2,453.3,453.8,1.0
92H-07095,2026-07-30 10:10:00,451.1,0.0,"Phường Dĩ An, TP Hồ Chí Minh",0,0,451.1,5.0,15.0,0,0.0,1,0,0,VALID,0.8000000000000114,0.1600000000000022,454.0,1.8294808006598666,5.0,1,Stopped,-0.0566666666666666,0,0,,452.9,453.1,453.7,0.0
92H-07095,2026-07-30 10:15:00,452.7,0.0,"Phường Dĩ An, TP Hồ Chí Minh",0,0,452.7,5.0,15.0,0,0.0,1,0,0,VALID,1.599999999999966,0.3199999999999932,452.7,1.6813684902432235,5.0,1,Stopped,0.0,0,0,,453.5,453.3,453.7,0.0
92H-07095,2026-07-30 10:20:00,452.8,0.0,"Phường Dĩ An, TP Hồ Chí Minh",0,0,452.8,5.0,15.0,0,0.0,1,0,0,VALID,0.1000000000000227,0.0200000000000045,452.7,1.472073367730876,5.0,1,Stopped,0.0,0,0,,453.6,453.4,453.7,0.0
92H-07095,2026-07-30 10:25:00,452.8,0.0,"Phường Dĩ An, TP Hồ Chí Minh",0,0,452.8,5.0,15.0,0,0.0,1,0,0,VALID,0.0,0.0,452.7,1.1674759098081062,5.0,1,Stopped,0.0,0,0,,453.7,453.5,453.7,0.0
92H-07095,2026-07-30 10:30:00,452.8,0.0,"Phường Dĩ An, TP Hồ Chí Minh",0,0,452.8,5.0,15.0,0,0.0,1,0,0,VALID,0.0,0.0,452.8,0.7503332592807256,5.0,1,Stopped,0.0,0,0,,453.8,453.6,453.7,0.0
92H-07095,2026-07-30 10:35:00,452.7,0.0,"Phường Dĩ An, TP Hồ Chí Minh",0,0,452.7,5.0,15.0,0,0.0,1,0,0,VALID,-0.1000000000000227,-0.0200000000000045,452.8,0.05477225559739128,5.0,1,Stopped,0.0,0,0,,453.7,453.7,453.7,0.0
92H-07095,2026-07-30 10:40:00,452.7,0.0,"Phường Dĩ An, TP Hồ Chí Minh",0,0,452.7,5.0,15.0,0,0.0,1,0,0,VALID,0.0,0.0,452.8,0.05477225559739128,5.0,1,Stopped,0.0,0,0,,453.6,453.6,453.7,0.0
92H-07095,2026-07-30 10:45:00,452.7,0.0,"Phường Dĩ An, TP Hồ Chí Minh",0,0,452.7,5.0,15.0,0,0.0,1,0,0,VALID,0.0,0.0,452.7,0.05477225559718372,5.0,1,Stopped,0.0,0,0,,452.7,453.3,453.6,0.0
92H-07095,2026-07-30 10:50:00,452.7,0.0,"Phường Dĩ An, TP Hồ Chí Minh",0,0,452.7,5.0,15.0,0,0.0,1,0,0,VALID,0.0,0.0,452.7,0.04472135936195395,5.0,1,Stopped,0.0,0,0,,452.0,452.8,453.4,0.0
92H-07095,2026-07-30 10:55:00,451.9,0.0,"Số 6, Phường Dĩ An, TP Hồ Chí Minh",0,0,451.9,5.0,15.0,0,0.0,1,0,0,VALID,-0.8000000000000114,-0.1600000000000022,452.7,0.357770876376204,5.0,1,Stopped,0.0,0,0,,451.9,452.4,453.3,0.0
92H-07095,2026-07-30 11:00:00,451.5,0.0,"Số 6, Phường Dĩ An, TP Hồ Chí Minh",0,0,451.5,5.0,15.0,0,0.0,1,0,0,VALID,-0.3999999999999772,-0.0799999999999954,452.7,0.5656854249339726,5.0,1,Stopped,0.0,0,0,,452.1,452.3,453.2,0.0
92H-07095,2026-07-30 11:05:00,450.2,0.0,"Số 6, Phường Dĩ An, TP Hồ Chí Minh",0,0,450.2,5.0,15.0,0,0.0,1,0,0,VALID,-1.3000000000000114,-0.2600000000000023,451.9,1.0344080432702576,5.0,1,Stopped,0.0,0,0,,451.3,451.9,453.0,0.0
92H-07095,2026-07-30 11:10:00,450.2,0.0,"Số 6, Phường Dĩ An, TP Hồ Chí Minh",0,0,450.2,5.0,15.0,0,0.0,1,0,0,VALID,0.0,0.0,451.5,1.0931605554453918,5.0,1,Stopped,0.0,0,0,,451.4,451.7,452.8,0.0
92H-07095,2026-07-30 11:15:00,450.2,0.0,"Số 6, Phường Dĩ An, TP Hồ Chí Minh",0,0,450.2,5.0,15.0,0,0.0,1,0,0,VALID,0.0,0.0,450.2,0.8336666000153488,5.0,1,Stopped,0.0,0,0,,451.3,451.5,452.7,0.0
92H-07095,2026-07-30 11:20:00,450.2,0.0,"Số 6, Phường Dĩ An, TP Hồ Chí Minh",0,0,450.2,5.0,15.0,0,0.0,1,0,0,VALID,0.0,0.0,450.2,0.5813776741334322,5.0,1,Stopped,0.0,0,0,,451.2,451.4,452.5,0.0
92H-07095,2026-07-30 11:25:00,450.2,0.0,"Số 6, Phường Dĩ An, TP Hồ Chí Minh",0,0,450.2,5.0,15.0,0,0.0,1,0,0,VALID,0.0,0.0,450.2,0.0,5.0,1,Stopped,0.0,0,0,,451.2,451.3,452.4,0.0
92H-07095,2026-07-30 11:30:00,450.2,0.0,"Số 6, Phường Dĩ An, TP Hồ Chí Minh",0,0,450.2,5.0,15.0,0,0.0,1,0,0,VALID,0.0,0.0,450.2,0.0,5.0,1,Stopped,0.0,0,0,,451.1,451.2,452.3,0.0
92H-07095,2026-07-30 11:35:00,450.0,0.0,"Số 6, Phường Dĩ An, TP Hồ Chí Minh",0,0,450.0,5.0,15.0,0,0.0,1,0,0,VALID,-0.1999999999999886,-0.0399999999999977,450.2,0.08944271899089913,5.0,1,Stopped,0.0,0,0,,451.0,451.1,452.1,0.0
92H-07095,2026-07-30 11:40:00,450.0,0.0,"Số 6, Phường Dĩ An, TP Hồ Chí Minh",0,0,450.0,5.0,15.0,0,0.0,1,0,0,VALID,0.0,0.0,450.2,0.10954451141176165,5.0,1,Stopped,0.0,0,0,,450.7,451.0,452.0,0.0
92H-07095,2026-07-30 11:45:00,450.0,0.0,"Số 6, Phường Dĩ An, TP Hồ Chí Minh",0,0,450.0,5.0,15.0,0,0.0,1,0,0,VALID,0.0,0.0,450.0,0.10954451141156576,5.0,1,Stopped,0.0,0,0,,450.0,450.6,451.8,0.0
92H-07095,2026-07-30 11:50:00,449.9,0.0,"Số 6, Phường Dĩ An, TP Hồ Chí Minh",0,0,449.9,5.0,15.0,0,0.0,1,0,0,VALID,-0.1000000000000227,-0.0200000000000045,450.0,0.10954451141129724,5.0,1,Stopped,0.0,0,0,,449.9,450.3,451.6,0.0
92H-07095,2026-07-30 11:55:00,449.4,0.0,"Số 6, Phường Dĩ An, TP Hồ Chí Minh",0,0,449.4,5.0,15.0,0,0.0,1,0,0,VALID,-0.5,-0.1,450.0,0.2607680961700889,5.0,1,Stopped,0.0,0,0,,449.4,449.9,451.4,0.0
92H-07095,2026-07-30 12:00:00,449.3,16.0,"Đại Lộ Thống Nhất, Phường Dĩ An, TP Hồ Chí Minh",0,0,449.3,5.0,15.0,0,0.0,1,0,0,VALID,-0.0999999999999659,-0.0199999999999931,449.9,0.3420526275005375,5.0,1,Moving,0.0533333333333333,0,0,,449.9,449.9,451.2,1.0
92H-07095,2026-07-30 12:05:00,446.4,54.0,"Tỉnh Lộ 743, Phường Dĩ An, TP Hồ Chí Minh",0,0,446.4,5.0,15.0,0,0.0,1,0,0,VALID,-2.900000000000034,-0.5800000000000068,449.4,1.4849242404847673,5.0,1,Moving,0.1266666666666666,0,0,,448.6,449.4,451.0,1.0
92H-07095,2026-07-30 12:10:00,447.2,28.0,"Tỉnh Lộ 743, Phường Dĩ An, TP Hồ Chí Minh",0,0,447.2,5.0,15.0,0,0.0,1,0,0,VALID,0.8000000000000114,0.1600000000000022,449.3,1.5404544783857241,5.0,1,Moving,-0.0866666666666666,0,0,,449.4,449.4,450.8,1.0
92H-07095,2026-07-30 12:15:00,448.3,11.0,"Tỉnh Lộ 743, Phường An Phú, TP Hồ Chí Minh",0,0,448.3,5.0,15.0,0,0.0,1,0,0,VALID,1.1000000000000227,0.2200000000000045,448.3,1.3103434664156892,5.0,1,Moving,-0.0566666666666666,0,0,,450.0,449.6,450.7,1.0
92H-07095,2026-07-30 12:20:00,450.6,20.0,"Cao Tốc Mỹ Phước - Tân Vạn, Phường Tân Đông Hiệp, TP Hồ Chí Minh",0,0,450.6,5.0,15.0,0,0.0,1,0,0,VALID,2.300000000000012,0.4600000000000023,448.3,1.6652327164629548,5.0,1,Moving,0.03,0,0,,451.4,450.3,450.8,1.0
92H-07095,2026-07-30 12:25:00,439.9,7.0,"Cao Tốc Mỹ Phước - Tân Vạn, Phường Tân Đông Hiệp, TP Hồ Chí Minh",0,0,439.9,5.0,15.0,0,0.0,1,0,0,VALID,-10.700000000000044,-2.140000000000009,447.2,4.003373577369039,5.0,1,Moving,-0.0433333333333333,1,1,LARGE_DELTA,444.4,448.0,450.2,1.0
92H-07095,2026-07-30 12:30:00,444.5,0.0,"Cao Tốc Mỹ Phước - Tân Vạn, Phường Tân Đông Hiệp, TP Hồ Chí Minh",0,0,444.5,5.0,15.0,0,0.0,1,0,0,VALID,4.600000000000023,0.9200000000000046,447.2,4.10182886039583,5.0,1,Stopped,-0.0233333333333333,0,0,,448.3,448.1,450.0,0.0
92H-07095,2026-07-30 12:35:00,448.1,0.0,"Cao Tốc Mỹ Phước - Tân Vạn, Phường Dĩ An, TP Hồ Chí Minh",0,0,448.1,5.0,15.0,0,0.0,1,0,0,VALID,3.6000000000000227,0.7200000000000045,448.1,4.181148167665954,5.0,1,Stopped,0.0,0,0,,449.4,448.6,449.9,0.0
92H-07095,2026-07-30 12:40:00,444.5,0.0,"Số 4, Phường Tân Đông Hiệp, TP Hồ Chí Minh",0,0,444.5,5.0,15.0,0,0.0,1,0,0,VALID,-3.6000000000000227,-0.7200000000000045,444.5,4.065956222092849,5.0,1,Stopped,0.0,0,0,,447.4,448.1,449.7,0.0
92H-07095,2026-07-30 12:45:00,444.2,0.0,"Số 4, Phường Tân Đông Hiệp, TP Hồ Chí Minh",0,0,444.2,5.0,15.0,0,0.0,1,0,0,VALID,-0.3000000000000113,-0.0600000000000022,444.5,2.9099828178142504,5.0,1,Stopped,0.0,0,0,,447.1,447.7,449.4,0.0
92H-07095,2026-07-30 12:50:00,444.2,0.0,"Số 4, Phường Tân Đông Hiệp, TP Hồ Chí Minh",0,0,444.2,5.0,15.0,0,0.0,1,0,0,VALID,0.0,0.0,444.5,1.6837458240408312,5.0,1,Stopped,0.0,0,0,,445.9,447.0,449.1,0.0
92H-07095,2026-07-30 12:55:00,442.7,13.0,"Phường Tân Đông Hiệp, TP Hồ Chí Minh",0,0,442.7,5.0,15.0,0,0.0,1,0,0,VALID,-1.5,-0.3,444.2,2.005741758047284,5.0,1,Moving,0.0433333333333333,0,0,,445.4,446.4,448.7,1.0
92H-07095,2026-07-30 13:00:00,443.7,0.0,"Phường Tân Đông Hiệp, TP Hồ Chí Minh",0,0,443.7,5.0,15.0,0,0.0,1,0,0,VALID,1.0,0.2,444.2,0.7092249290413584,5.0,1,Stopped,-0.0433333333333333,0,0,,446.2,446.3,448.4,0.0
92H-07095,2026-07-30 13:05:00,439.6,0.0,"Phường Tân Đông Hiệp, TP Hồ Chí Minh",0,0,439.6,5.0,15.0,0,0.0,1,0,0,VALID,-4.099999999999966,-0.8199999999999932,443.7,1.933132173435844,5.0,1,Stopped,0.0,0,0,,443.5,445.2,447.9,0.0
92H-07095,2026-07-30 13:10:00,443.0,0.0,"Phường Tân Đông Hiệp, TP Hồ Chí Minh",0,0,443.0,5.0,15.0,0,0.0,1,0,0,VALID,3.3999999999999773,0.6799999999999955,443.0,1.7980545041718254,5.0,1,Stopped,0.0,0,0,,443.6,444.5,447.5,0.0
92H-07095,2026-07-30 13:15:00,443.0,0.0,"Phường Tân Đông Hiệp, TP Hồ Chí Minh",0,0,443.0,5.0,15.0,0,0.0,1,0,0,VALID,0.0,0.0,443.0,1.607793519072765,5.0,1,Stopped,0.0,0,0,,444.8,444.6,447.2,0.0
92H-07095,2026-07-30 13:20:00,442.7,0.0,"Phường Tân Đông Hiệp, TP Hồ Chí Minh",0,0,442.7,5.0,15.0,0,0.0,1,0,0,VALID,-0.3000000000000113,-0.0600000000000022,443.0,1.607793519072765,5.0,1,Stopped,0.0,0,0,,445.3,444.9,447.0,0.0
92H-07095,2026-07-30 13:25:00,442.7,0.0,"Phường Tân Đông Hiệp, TP Hồ Chí Minh",0,0,442.7,5.0,15.0,0,0.0,1,0,0,VALID,0.0,0.0,442.7,1.4611639196107344,5.0,1,Stopped,0.0,0,0,,444.1,444.6,446.8,0.0
92H-07095,2026-07-30 13:30:00,442.4,0.0,"Phường Tân Đông Hiệp, TP Hồ Chí Minh",0,0,442.4,5.0,15.0,0,0.0,1,0,0,VALID,-0.3000000000000113,-0.0600000000000022,442.7,0.2509980079059027,5.0,1,Stopped,0.0,0,0,,443.8,444.3,446.5,0.0
92H-07095,2026-07-30 13:35:00,442.3,0.0,"Phường Tân Đông Hiệp, TP Hồ Chí Minh",0,0,442.3,5.0,15.0,0,0.0,1,0,0,VALID,-0.0999999999999659,-0.0199999999999931,442.7,0.277488738460883,5.0,1,Stopped,0.0,0,0,,443.3,443.9,446.1,0.0
92H-07095,2026-07-30 13:40:00,442.1,0.0,"Phường Tân Đông Hiệp, TP Hồ Chí Minh",0,0,442.1,5.0,15.0,0,0.0,1,0,0,VALID,-0.1999999999999886,-0.0399999999999977,442.4,0.26076809615529245,5.0,1,Stopped,0.0,0,0,,442.1,443.2,445.7,0.0
92H-07095,2026-07-30 13:45:00,442.1,0.0,"Phường Tân Đông Hiệp, TP Hồ Chí Minh",0,0,442.1,5.0,15.0,0,0.0,1,0,0,VALID,0.0,0.0,442.3,0.2489979919042487,5.0,1,Stopped,0.0,0,0,,442.1,442.7,445.4,0.0
92H-07095,2026-07-30 13:50:00,443.3,0.0,"Phường Tân Đông Hiệp, TP Hồ Chí Minh",0,0,443.3,5.0,15.0,0,0.0,1,0,0,VALID,1.1999999999999886,0.2399999999999977,442.3,0.4979959838918975,5.0,1,Stopped,0.0,0,0,,442.4,442.6,445.1,0.0
92H-07095,2026-07-30 13:55:00,443.0,0.0,"Phường Tân Đông Hiệp, TP Hồ Chí Minh",0,0,443.0,5.0,15.0,0,0.0,1,0,0,VALID,-0.3000000000000113,-0.0600000000000022,442.3,0.5549774769957413,5.0,1,Stopped,0.0,0,0,,443.0,442.8,444.9,0.0
92H-07095,2026-07-30 14:00:00,443.0,0.0,"Phường Tân Đông Hiệp, TP Hồ Chí Minh",0,0,443.0,5.0,15.0,0,0.0,1,0,0,VALID,0.0,0.0,443.0,0.5612486079917565,5.0,1,Stopped,0.0,0,0,,443.0,442.9,444.7,0.0
92H-07095,2026-07-30 14:05:00,443.0,0.0,"Phường Tân Đông Hiệp, TP Hồ Chí Minh",0,0,443.0,5.0,15.0,0,0.0,1,0,0,VALID,0.0,0.0,443.0,0.4549725266132548,5.0,1,Stopped,0.0,0,0,,443.0,442.9,444.5,0.0
92H-07095,2026-07-30 14:10:00,443.0,0.0,"Phường Tân Đông Hiệp, TP Hồ Chí Minh",0,0,443.0,5.0,15.0,0,0.0,1,0,0,VALID,0.0,0.0,443.0,0.13416407854940307,5.0,1,Stopped,0.0,0,0,,443.0,442.9,444.4,0.0
92H-07095,2026-07-30 14:15:00,443.0,0.0,"Phường Tân Đông Hiệp, TP Hồ Chí Minh",0,0,443.0,5.0,15.0,0,0.0,1,0,0,VALID,0.0,0.0,443.0,0.0,5.0,1,Stopped,0.0,0,0,,443.0,443.0,444.2,0.0
92H-07095,2026-07-30 14:20:00,443.0,0.0,"Phường Tân Đông Hiệp, TP Hồ Chí Minh",0,0,443.0,5.0,15.0,0,0.0,1,0,0,VALID,0.0,0.0,443.0,0.0,5.0,1,Stopped,0.0,0,0,,443.0,443.0,444.1,0.0
92H-07095,2026-07-30 14:25:00,443.0,0.0,"Phường Tân Đông Hiệp, TP Hồ Chí Minh",0,0,443.0,5.0,15.0,0,0.0,1,0,0,VALID,0.0,0.0,443.0,0.0,5.0,1,Stopped,0.0,0,0,,443.0,443.0,444.0,0.0
92H-07095,2026-07-30 14:30:00,443.3,0.0,"Phường Tân Đông Hiệp, TP Hồ Chí Minh",0,0,443.3,5.0,15.0,0,0.0,1,0,0,VALID,0.3000000000000113,0.0600000000000022,443.0,0.13416407854940307,5.0,1,Stopped,0.0,0,0,,443.3,443.1,443.9,0.0
92H-07095,2026-07-30 14:35:00,441.8,0.0,"Phường Tân Đông Hiệp, TP Hồ Chí Minh",0,0,441.8,5.0,15.0,0,0.0,1,0,0,VALID,-1.5,-0.3,443.0,0.5848076606652832,5.0,1,Stopped,0.0,0,0,,442.4,442.8,443.8,0.0
92H-07095,2026-07-30 14:40:00,440.9,38.0,"Cao Tốc Mỹ Phước - Tân Vạn, Phường Dĩ An, TP Hồ Chí Minh",0,0,440.9,5.0,15.0,0,0.0,1,0,0,VALID,-0.9000000000000341,-0.1800000000000068,443.0,1.017349497455252,5.0,1,Moving,0.1266666666666666,0,0,,442.2,442.6,443.6,1.0
92H-07095,2026-07-30 14:45:00,436.1,28.0,"Cao Tốc Mỹ Phước - Tân Vạn, Phường Đông Hòa, TP Hồ Chí Minh",0,0,436.1,5.0,15.0,0,0.0,1,0,0,VALID,-4.7999999999999545,-0.9599999999999907,441.8,2.913245612709499,5.0,1,Moving,-0.0333333333333333,0,0,,439.0,441.1,443.2,1.0
92H-07095,2026-07-30 14:50:00,437.7,0.0,"Cao Tốc Mỹ Phước - Tân Vạn, Phường Đông Hòa, TP Hồ Chí Minh",0,0,437.7,5.0,15.0,0,0.0,1,0,0,VALID,1.599999999999966,0.3199999999999932,440.9,2.9762392376907765,5.0,1,Stopped,-0.0933333333333333,0,0,,440.3,440.8,442.9,0.0
92H-07095,2026-07-30 14:55:00,438.1,0.0,"Cao Tốc Mỹ Phước - Tân Vạn, Phường Đông Hòa, TP Hồ Chí Minh",0,0,438.1,5.0,15.0,0,0.0,1,0,0,VALID,0.4000000000000341,0.0800000000000068,438.1,2.3626256580273552,5.0,1,Stopped,0.0,0,0,,440.3,440.6,442.6,0.0
92H-07095,2026-07-30 15:00:00,438.3,0.0,"Cao Tốc Mỹ Phước - Tân Vạn, Phường Đông Hòa, TP Hồ Chí Minh",0,0,438.3,5.0,15.0,0,0.0,1,0,0,VALID,0.1999999999999886,0.0399999999999977,438.1,1.7297398648260711,5.0,1,Stopped,0.0,0,0,,440.4,440.5,442.4,0.0
92H-07095,2026-07-30 15:05:00,438.6,0.0,"Cao Tốc Mỹ Phước - Tân Vạn, Phường Đông Hòa, TP Hồ Chí Minh",0,0,438.6,5.0,15.0,0,0.0,1,0,0,VALID,0.3000000000000113,0.0600000000000022,438.1,0.983869910083715,5.0,1,Stopped,0.0,0,0,,440.6,440.6,442.2,0.0
92H-07095,2026-07-30 15:10:00,437.6,0.0,"Cao Tốc Mỹ Phước - Tân Vạn, Phường Đông Hòa, TP Hồ Chí Minh",0,0,437.6,5.0,15.0,0,0.0,1,0,0,VALID,-1.0,-0.2,438.1,0.41593268682374407,5.0,1,Stopped,0.0,0,0,,440.1,440.4,442.0,0.0
92H-07095,2026-07-30 15:15:00,437.6,0.0,"Cao Tốc Mỹ Phước - Tân Vạn, Phường Đông Hòa, TP Hồ Chí Minh",0,0,437.6,5.0,15.0,0,0.0,1,0,0,VALID,0.0,0.0,438.1,0.439317652693807,5.0,1,Stopped,0.0,0,0,,440.0,440.2,441.8,0.0
92H-07095,2026-07-30 15:20:00,437.3,0.0,"Cao Tốc Mỹ Phước - Tân Vạn, Phường Đông Hòa, TP Hồ Chí Minh",0,0,437.3,5.0,15.0,0,0.0,1,0,0,VALID,-0.3000000000000113,-0.0600000000000022,437.6,0.5449770637084244,5.0,1,Stopped,0.0,0,0,,439.2,439.8,441.5,0.0
92H-07095,2026-07-30 15:25:00,437.7,0.0,"Cao Tốc Mỹ Phước - Tân Vạn, Phường Đông Hòa, TP Hồ Chí Minh",0,0,437.7,5.0,15.0,0,0.0,1,0,0,VALID,0.3999999999999772,0.0799999999999954,437.6,0.49295030172234533,5.0,1,Stopped,0.0,0,0,,438.6,439.3,441.2,0.0
92H-07095,2026-07-30 15:30:00,436.2,20.0,"Phường Đông Hòa, TP Hồ Chí Minh",0,0,436.2,5.0,15.0,0,0.0,1,0,0,VALID,-1.5,-0.3,437.6,0.6220932405738857,5.0,1,Moving,0.0666666666666666,0,0,,436.2,438.1,440.7,1.0
92H-07095,2026-07-30 15:35:00,433.1,46.0,"Xa Lộ Hà Nội, Phường Đông Hòa, TP Hồ Chí Minh",0,0,433.1,5.0,15.0,0,0.0,1,0,0,VALID,-3.099999999999966,-0.6199999999999932,437.3,1.9279522815585612,5.0,1,Moving,0.0866666666666666,0,0,,435.7,437.1,440.2,1.0
92H-07095,2026-07-30 15:40:00,437.3,0.0,"Trường Sơn, Phường Linh Xuân, TP Hồ Chí Minh",0,0,437.3,5.0,15.0,0,0.0,1,0,0,VALID,4.199999999999989,0.8399999999999977,437.3,1.8846750382935522,5.0,1,Stopped,-0.1533333333333333,0,0,,438.3,437.6,440.0,0.0
92H-07095,2026-07-30 15:45:00,435.9,12.0,"Trường Sơn, Phường Đông Hòa, TP Hồ Chí Minh",0,0,435.9,5.0,15.0,0,0.0,1,0,0,VALID,-1.400000000000034,-0.2800000000000068,436.2,1.8049930747696963,5.0,1,Moving,0.04,0,0,,437.5,437.6,439.8,1.0
92H-07095,2026-07-30 15:50:00,429.5,0.0,"Trường Sơn, Phường Linh Xuân, TP Hồ Chí Minh",0,0,429.5,5.0,15.0,0,0.0,1,0,0,VALID,-6.399999999999977,-1.2799999999999954,435.9,3.146426544504938,5.0,1,Stopped,-0.04,0,0,,433.6,436.0,439.2,0.0
92H-07095,2026-07-30 15:55:00,435.3,0.0,"Cầu vượt Linh Xuân, Phường Linh Xuân, TP Hồ Chí Minh",0,0,435.3,5.0,15.0,0,0.0,1,0,0,VALID,5.800000000000011,1.1600000000000024,435.3,3.0417100453470516,5.0,1,Stopped,0.0,0,0,,437.3,436.5,439.0,0.0
92H-07095,2026-07-30 16:00:00,437.3,0.0,"Cầu vượt Sóng Thần, Phường Tam Bình, TP Hồ Chí Minh",0,0,437.3,5.0,15.0,0,0.0,1,0,0,VALID,2.0,0.4,435.9,3.2292413969794627,5.0,1,Stopped,0.0,0,0,,438.2,437.2,438.9,0.0
92H-07095,2026-07-30 16:05:00,430.9,0.0,"Đại Lộ Độc Lập, Phường Dĩ An, TP Hồ Chí Minh",0,0,430.9,5.0,15.0,0,0.0,1,0,0,VALID,-6.400000000000034,-1.280000000000007,435.3,3.384080377290815,5.0,1,Stopped,0.0,0,0,,434.7,436.2,438.5,0.0
92H-07095,2026-07-30 16:10:00,433.0,17.0,"Số 6, Phường Dĩ An, TP Hồ Chí Minh",0,0,433.0,5.0,15.0,0,0.0,1,0,0,VALID,2.1000000000000227,0.4200000000000045,433.0,3.171750305425104,5.0,1,Moving,0.0566666666666666,0,0,,436.3,436.2,438.3,1.0
92H-07095,2026-07-30 16:15:00,428.7,0.0,"Số 12, Phường Dĩ An, TP Hồ Chí Minh",0,0,428.7,5.0,15.0,0,0.0,1,0,0,VALID,-4.300000000000011,-0.8600000000000023,433.0,3.4158454297529466,5.0,1,Stopped,-0.0566666666666666,0,0,,432.4,434.7,437.7,0.0
92H-07095,2026-07-30 16:20:00,430.6,0.0,"Số 12, Phường Dĩ An, TP Hồ Chí Minh",0,0,430.6,5.0,15.0,0,0.0,1,0,0,VALID,1.900000000000034,0.3800000000000068,430.9,3.2825295124283587,5.0,1,Stopped,0.0,0,0,,433.0,434.0,437.2,0.0
92H-07095,2026-07-30 16:25:00,430.2,0.0,"Số 12, Phường Dĩ An, TP Hồ Chí Minh",0,0,430.2,5.0,15.0,0,0.0,1,0,0,VALID,-0.4000000000000341,-0.0800000000000068,430.6,1.54822478986798,5.0,1,Stopped,0.0,0,0,,433.4,433.8,436.8,0.0
92H-07095,2026-07-30 16:30:00,431.8,0.0,"Số 12, Phường Dĩ An, TP Hồ Chí Minh",0,0,431.8,5.0,15.0,0,0.0,1,0,0,VALID,1.6000000000000227,0.3200000000000045,430.6,1.6303373883837442,5.0,1,Stopped,0.0,0,0,,433.4,433.6,436.5,0.0
92H-07095,2026-07-30 16:35:00,429.5,0.0,"Số 12, Phường Dĩ An, TP Hồ Chí Minh",0,0,429.5,5.0,15.0,0,0.0,1,0,0,VALID,-2.300000000000012,-0.4600000000000023,430.2,1.1674759097991134,5.0,1,Stopped,0.0,0,0,,430.8,432.5,435.9,0.0
92H-07095,2026-07-30 16:40:00,429.3,0.0,"Số 12, Phường Dĩ An, TP Hồ Chí Minh",0,0,429.3,5.0,15.0,0,0.0,1,0,0,VALID,-0.1999999999999886,-0.0399999999999977,430.2,0.9984988732899835,5.0,1,Stopped,0.0,0,0,,432.5,432.5,435.6,0.0
92H-07095,2026-07-30 16:45:00,429.3,0.0,"Số 12, Phường Dĩ An, TP Hồ Chí Minh",0,0,429.3,5.0,15.0,0,0.0,1,0,0,VALID,0.0,0.0,429.5,1.0616025621489047,5.0,1,Stopped,0.0,0,0,,432.0,432.3,435.2,0.0
92H-07095,2026-07-30 16:50:00,429.3,0.0,"Số 12, Phường Dĩ An, TP Hồ Chí Minh",0,0,429.3,5.0,15.0,0,0.0,1,0,0,VALID,0.0,0.0,429.3,1.0990905331049654,5.0,1,Stopped,0.0,0,0,,430.6,431.6,434.8,0.0
92H-07095,2026-07-30 16:55:00,429.3,0.0,"Số 12, Phường Dĩ An, TP Hồ Chí Minh",0,0,429.3,5.0,15.0,0,0.0,1,0,0,VALID,0.0,0.0,429.3,0.08944271887917646,5.0,1,Stopped,0.0,0,0,,430.5,431.2,434.3,0.0
92H-07095,2026-07-30 17:00:00,429.3,0.0,"Số 12, Phường Dĩ An, TP Hồ Chí Minh",0,0,429.3,5.0,15.0,0,0.0,1,0,0,VALID,0.0,0.0,429.3,0.0,5.0,1,Stopped,0.0,0,0,,429.3,430.4,433.8,0.0
92H-07095,2026-07-30 17:05:00,429.3,0.0,"Số 12, Phường Dĩ An, TP Hồ Chí Minh",0,0,429.3,5.0,15.0,0,0.0,1,0,0,VALID,0.0,0.0,429.3,0.0,5.0,1,Stopped,0.0,0,0,,429.3,430.0,433.4,0.0
92H-07095,2026-07-30 17:10:00,429.3,0.0,"Số 12, Phường Dĩ An, TP Hồ Chí Minh",0,0,429.3,5.0,15.0,0,0.0,1,0,0,VALID,0.0,0.0,429.3,0.0,5.0,1,Stopped,0.0,0,0,,429.3,429.7,433.0,0.0
92H-07095,2026-07-30 17:15:00,429.3,0.0,"Số 12, Phường Dĩ An, TP Hồ Chí Minh",0,0,429.3,5.0,15.0,0,0.0,1,0,0,VALID,0.0,0.0,429.3,0.0,5.0,1,Stopped,0.0,0,0,,430.2,429.9,432.7,0.0
92H-07095,2026-07-30 17:20:00,429.3,0.0,"Số 12, Phường Dĩ An, TP Hồ Chí Minh",0,0,429.3,5.0,15.0,0,0.0,1,0,0,VALID,0.0,0.0,429.3,0.0,5.0,1,Stopped,0.0,0,0,,429.3,429.7,432.4,0.0
92H-07095,2026-07-30 17:25:00,429.3,0.0,"Số 12, Phường Dĩ An, TP Hồ Chí Minh",0,0,429.3,5.0,15.0,0,0.0,1,0,0,VALID,0.0,0.0,429.3,0.0,5.0,1,Stopped,0.0,0,0,,429.3,429.5,432.0,0.0
92H-07095,2026-07-30 17:30:00,429.3,0.0,"Số 12, Phường Dĩ An, TP Hồ Chí Minh",0,0,429.3,5.0,15.0,0,0.0,1,0,0,VALID,0.0,0.0,429.3,0.0,5.0,1,Stopped,0.0,0,0,,429.3,429.4,431.8,0.0
92H-07095,2026-07-30 17:35:00,429.3,0.0,"Số 12, Phường Dĩ An, TP Hồ Chí Minh",0,0,429.3,5.0,15.0,0,0.0,1,0,0,VALID,0.0,0.0,429.3,0.0,5.0,1,Stopped,0.0,0,0,,429.3,429.4,431.5,0.0
92H-07095,2026-07-30 17:40:00,429.3,0.0,"Số 12, Phường Dĩ An, TP Hồ Chí Minh",0,0,429.3,5.0,15.0,0,0.0,1,0,0,VALID,0.0,0.0,429.3,0.0,5.0,1,Stopped,0.0,0,0,,429.3,429.3,431.3,0.0
92H-07095,2026-07-30 17:45:00,429.3,0.0,"Số 12, Phường Dĩ An, TP Hồ Chí Minh",0,0,429.3,5.0,15.0,0,0.0,1,0,0,VALID,0.0,0.0,429.3,0.0,5.0,1,Stopped,0.0,0,0,,429.3,429.3,431.1,0.0
92H-07095,2026-07-30 17:50:00,429.3,0.0,"Số 12, Phường Dĩ An, TP Hồ Chí Minh",0,0,429.3,5.0,15.0,0,0.0,1,0,0,VALID,0.0,0.0,429.3,0.0,5.0,1,Stopped,0.0,0,0,,429.3,429.3,430.9,0.0
92H-07095,2026-07-30 17:55:00,429.3,0.0,"Số 12, Phường Dĩ An, TP Hồ Chí Minh",0,0,429.3,5.0,15.0,0,0.0,1,0,0,VALID,0.0,0.0,429.3,0.0,5.0,1,Stopped,0.0,0,0,,429.3,429.3,430.8,0.0
92H-07095,2026-07-30 18:00:00,429.3,0.0,"Số 12, Phường Dĩ An, TP Hồ Chí Minh",0,0,429.3,5.0,15.0,0,0.0,1,0,0,VALID,0.0,0.0,429.3,0.0,5.0,1,Stopped,0.0,0,0,,429.3,429.3,430.6,0.0
92H-07095,2026-07-30 18:05:00,429.2,0.0,"Số 12, Phường Dĩ An, TP Hồ Chí Minh",0,0,429.2,5.0,15.0,0,0.0,1,0,0,VALID,-0.1000000000000227,-0.0200000000000045,429.3,0.04472135910779483,5.0,1,Stopped,0.0,0,0,,429.2,429.3,430.5,0.0
92H-07095,2026-07-30 18:10:00,429.2,0.0,"Số 12, Phường Dĩ An, TP Hồ Chí Minh",0,0,429.2,5.0,15.0,0,0.0,1,0,0,VALID,0.0,0.0,429.3,0.05477225538932898,5.0,1,Stopped,0.0,0,0,,429.2,429.2,430.3,0.0
92H-07095,2026-07-30 18:15:00,429.2,0.0,"Số 12, Phường Dĩ An, TP Hồ Chí Minh",0,0,429.2,5.0,15.0,0,0.0,1,0,0,VALID,0.0,0.0,429.2,0.05477225538920185,5.0,1,Stopped,0.0,0,0,,429.2,429.2,430.2,0.0
92H-07095,2026-07-30 18:20:00,429.2,0.0,"Số 12, Phường Dĩ An, TP Hồ Chí Minh",0,0,429.2,5.0,15.0,0,0.0,1,0,0,VALID,0.0,0.0,429.2,0.04472135910732772,5.0,1,Stopped,0.0,0,0,,429.2,429.2,430.1,0.0
92H-07095,2026-07-30 18:25:00,429.2,0.0,"Số 12, Phường Dĩ An, TP Hồ Chí Minh",0,0,429.2,5.0,15.0,0,0.0,1,0,0,VALID,0.0,0.0,429.2,0.0,5.0,1,Stopped,0.0,0,0,,429.2,429.2,430.0,0.0
92H-07095,2026-07-30 18:30:00,429.0,0.0,"Số 12, Phường Dĩ An, TP Hồ Chí Minh",0,0,429.0,5.0,15.0,0,0.0,1,0,0,VALID,-0.1999999999999886,-0.0399999999999977,429.2,0.0894427188784472,5.0,1,Stopped,0.0,0,0,,429.0,429.1,429.9,0.0
92H-07095,2026-07-30 18:35:00,429.0,0.0,"Số 12, Phường Dĩ An, TP Hồ Chí Minh",0,0,429.0,5.0,15.0,0,0.0,1,0,0,VALID,0.0,0.0,429.2,0.10954451132003518,5.0,1,Stopped,0.0,0,0,,429.0,429.1,429.8,0.0
92H-07095,2026-07-30 18:40:00,429.0,0.0,"Số 12, Phường Dĩ An, TP Hồ Chí Minh",0,0,429.0,5.0,15.0,0,0.0,1,0,0,VALID,0.0,0.0,429.0,0.10954451131994307,5.0,1,Stopped,0.0,0,0,,429.0,429.0,429.8,0.0
92H-07095,2026-07-30 18:45:00,429.0,0.0,"Số 12, Phường Dĩ An, TP Hồ Chí Minh",0,0,429.0,5.0,15.0,0,0.0,1,0,0,VALID,0.0,0.0,429.0,0.08944271887810877,5.0,1,Stopped,0.0,0,0,,429.0,429.0,429.7,0.0
92H-07095,2026-07-30 18:50:00,429.0,0.0,"Số 12, Phường Dĩ An, TP Hồ Chí Minh",0,0,429.0,5.0,15.0,0,0.0,1,0,0,VALID,0.0,0.0,429.0,0.0,5.0,1,Stopped,0.0,0,0,,429.0,429.0,429.6,0.0
92H-07095,2026-07-30 18:55:00,426.2,34.0,"Số 18 KCN Sóng Thần 2, Phường Dĩ An, TP Hồ Chí Minh",0,0,426.2,5.0,15.0,0,0.0,1,0,0,VALID,-2.800000000000012,-0.5600000000000023,429.0,1.252198067383976,5.0,1,Moving,0.1133333333333333,0,0,,427.8,428.5,429.4,1.0
92H-07095,2026-07-30 19:00:00,427.3,19.0,"Đại Lộ Độc Lập, Phường Dĩ An, TP Hồ Chí Minh",0,0,427.3,5.0,15.0,0,0.0,1,0,0,VALID,1.1000000000000227,0.2200000000000045,429.0,1.2922847983165506,5.0,1,Moving,-0.05,0,0,,428.8,428.6,429.4,1.0
92H-07095,2026-07-30 19:05:00,427.3,33.0,"Trường Sơn, Phường Tam Bình, TP Hồ Chí Minh",0,0,427.3,5.0,15.0,0,0.0,1,0,0,VALID,0.0,0.0,427.3,1.217784874253219,5.0,1,Moving,0.0466666666666666,0,0,,428.8,428.7,429.3,1.0
92H-07095,2026-07-30 19:10:00,426.8,0.0,"Xa Lộ Đại Hàn, Phường Hiệp Bình, TP Hồ Chí Minh",0,0,426.8,5.0,15.0,0,0.0,1,0,0,VALID,-0.5,-0.1,427.3,1.0425929214989795,5.0,1,Stopped,-0.11,0,0,,428.5,428.6,429.2,0.0
92H-07095,2026-07-30 19:15:00,428.3,0.0,"Xa Lộ Đại Hàn, Phường An Phú Đông, TP Hồ Chí Minh",0,0,428.3,5.0,15.0,0,0.0,1,0,0,VALID,1.5,0.3,427.3,0.7726577508572212,5.0,1,Stopped,0.0,0,0,,429.3,428.9,429.2,0.0
92H-07095,2026-07-30 19:20:00,425.5,0.0,"Xa Lộ Đại Hàn, Phường An Phú Đông, TP Hồ Chí Minh",0,0,425.5,5.0,15.0,0,0.0,1,0,0,VALID,-2.800000000000012,-0.5600000000000023,427.3,1.0188228501362107,5.0,1,Stopped,0.0,0,0,,427.6,428.4,429.1,0.0
92H-07095,2026-07-30 19:25:00,423.3,0.0,"Xa Lộ Đại Hàn, Phường An Phú Đông, TP Hồ Chí Minh",0,0,423.3,5.0,15.0,0,0.0,1,0,0,VALID,-2.1999999999999886,-0.4399999999999977,426.8,1.9282116066343256,5.0,1,Stopped,0.0,0,0,,426.6,427.7,428.8,0.0
92H-07095,2026-07-30 19:30:00,424.0,0.0,"Xa Lộ Đại Hàn, Phường An Phú Đông, TP Hồ Chí Minh",0,0,424.0,5.0,15.0,0,0.0,1,0,0,VALID,0.6999999999999886,0.1399999999999977,425.5,2.0364184245775814,5.0,1,Stopped,0.0,0,0,,427.1,427.4,428.7,0.0
92H-07095,2026-07-30 19:35:00,425.5,0.0,"Xa Lộ Đại Hàn, Phường An Phú Đông, TP Hồ Chí Minh",0,0,425.5,5.0,15.0,0,0.0,1,0,0,VALID,1.5,0.3,425.5,1.9214577799053785,5.0,1,Stopped,0.0,0,0,,427.4,427.4,428.5,0.0
92H-07095,2026-07-30 19:40:00,423.5,0.0,"Xa Lộ Đại Hàn, Phường An Phú Đông, TP Hồ Chí Minh",0,0,423.5,5.0,15.0,0,0.0,1,0,0,VALID,-2.0,-0.4,424.0,1.071447618858913,5.0,1,Stopped,0.0,0,0,,425.1,426.5,428.2,0.0
92H-07095,2026-07-30 19:45:00,423.5,0.0,Bến xe Ngã tư Ga,0,0,423.5,5.0,15.0,0,0.0,1,0,0,VALID,0.0,0.0,423.5,0.898888202146521,5.0,1,Stopped,0.0,0,0,,425.4,426.1,427.9,0.0
92H-07095,2026-07-30 19:50:00,423.2,0.0,"Xa Lộ Đại Hàn, Phường Thới An, TP Hồ Chí Minh",0,0,423.2,5.0,15.0,0,0.0,1,0,0,VALID,-0.3000000000000113,-0.0600000000000022,423.5,0.9181503144682747,5.0,1,Stopped,0.0,0,0,,425.1,425.7,427.6,0.0
92H-07095,2026-07-30 19:55:00,421.4,0.0,"Xa Lộ Đại Hàn, Phường Thới An, TP Hồ Chí Minh",0,0,421.4,5.0,15.0,0,0.0,1,0,0,VALID,-1.8000000000000114,-0.3600000000000022,423.5,1.454991408894845,5.0,1,Stopped,0.0,0,0,,424.1,425.0,427.3,0.0
92H-07095,2026-07-30 20:00:00,416.4,9.0,"Xa Lộ Đại Hàn, Phường Thới An, TP Hồ Chí Minh",0,0,416.4,5.0,15.0,0,0.0,1,0,0,VALID,-5.0,-1.0,423.2,3.0356218473249235,5.0,1,Moving,0.03,0,0,,420.9,423.4,426.6,1.0
92H-07095,2026-07-30 20:05:00,419.3,5.0,"Xa Lộ Đại Hàn, Phường Thới An, TP Hồ Chí Minh",0,0,419.3,5.0,15.0,0,0.0,1,0,0,VALID,2.900000000000034,0.5800000000000068,421.4,2.958546940637534,5.0,1,Moving,-0.0133333333333333,0,0,,422.2,422.9,426.2,1.0
92H-07095,2026-07-30 20:10:00,420.4,0.0,"Xa Lộ Đại Hàn, Phường Tân Thới Hiệp, TP Hồ Chí Minh",0,0,420.4,5.0,15.0,0,0.0,1,0,0,VALID,1.099999999999966,0.2199999999999931,420.4,2.5353500744384916,5.0,1,Stopped,-0.0166666666666666,0,0,,421.9,422.5,425.8,0.0
92H-07095,2026-07-30 20:15:00,419.0,44.0,"Xa Lộ Đại Hàn, Phường Trung Mỹ Tây, TP Hồ Chí Minh",0,0,419.0,5.0,15.0,0,0.0,1,0,0,VALID,-1.3999999999999773,-0.2799999999999955,419.3,1.878829422793535,5.0,1,Moving,0.1466666666666666,0,0,,421.7,422.2,425.4,1.0
92H-07095,2026-07-30 20:20:00,420.2,0.0,"Xa Lộ Đại Hàn, Xã Bà Điểm, TP Hồ Chí Minh",0,0,420.2,5.0,15.0,0,0.0,1,0,0,VALID,1.1999999999999886,0.2399999999999977,419.3,1.5993748778677692,5.0,1,Stopped,-0.1466666666666666,0,0,,422.8,422.4,425.1,0.0
92H-07095,2026-07-30 20:25:00,419.0,0.0,"Cầu Bình Phú Tây, Phường Bình Tân, TP Hồ Chí Minh",0,0,419.0,5.0,15.0,0,0.0,1,0,0,VALID,-1.1999999999999886,-0.2399999999999977,419.3,0.6723094525252962,5.0,1,Stopped,0.0,0,0,,421.3,422.0,424.7,0.0
92H-07095,2026-07-30 20:30:00,416.4,19.0,Trạm thu phí An Sương,0,0,416.4,5.0,15.0,0,0.0,1,0,0,VALID,-2.6000000000000227,-0.5200000000000046,419.0,1.5937377450366659,5.0,1,Moving,0.0633333333333333,0,0,,420.1,421.2,424.3,1.0
92H-07095,2026-07-30 20:35:00,415.7,48.0,"Xa Lộ Đại Hàn, Phường Tân Tạo, TP Hồ Chí Minh",0,0,415.7,5.0,15.0,0,0.0,1,0,0,VALID,-0.6999999999999886,-0.1399999999999977,419.0,1.915202339167872,5.0,1,Moving,0.0966666666666666,0,0,,419.7,420.6,423.8,1.0
92H-07095,2026-07-30 20:40:00,411.7,25.0,"Số 3, Phường Tân Tạo, TP Hồ Chí Minh",0,0,411.7,5.0,15.0,0,0.0,1,0,0,VALID,-4.0,-0.8,416.4,3.3007574888127156,5.0,1,Moving,-0.0766666666666666,0,0,,416.2,418.8,423.0,1.0
92H-07095,2026-07-30 20:45:00,410.7,0.0,"Phường Tân Tạo, TP Hồ Chí Minh",0,0,410.7,5.0,15.0,0,0.0,1,0,0,VALID,-1.0,-0.2,415.7,3.441656577863648,5.0,1,Stopped,-0.0833333333333333,0,0,,414.3,417.0,422.2,0.0
92H-07095,2026-07-30 20:50:00,412.1,0.0,"Số 9, Phường Tân Tạo, TP Hồ Chí Minh",0,0,412.1,5.0,15.0,0,0.0,1,0,0,VALID,1.400000000000034,0.2800000000000068,412.1,2.5557777681072547,5.0,1,Stopped,0.0,0,0,,415.7,416.5,421.5,0.0
92H-07095,2026-07-30 20:55:00,419.5,0.0,"Số 9, Phường Tân Tạo, TP Hồ Chí Minh",0,0,419.5,5.0,15.0,0,0.0,1,0,0,VALID,7.399999999999977,1.4799999999999955,412.1,3.6370317567972488,5.0,1,Stopped,0.0,0,0,,420.5,418.1,421.4,0.0
92H-07095,2026-07-30 21:00:00,419.5,0.0,"Số 9, Phường Tân Tạo, TP Hồ Chí Minh",0,0,419.5,5.0,15.0,0,0.0,1,0,0,VALID,0.0,0.0,412.1,4.411349000017131,5.0,1,Stopped,0.0,0,0,,420.2,418.9,421.3,0.0
92H-07095,2026-07-30 21:05:00,419.5,0.0,"Số 9, Phường Tân Tạo, TP Hồ Chí Minh",0,0,419.5,5.0,15.0,0,0.0,1,0,0,VALID,0.0,0.0,419.5,4.46407885234491,5.0,1,Stopped,0.0,0,0,,420.7,419.6,421.2,0.0
92H-07095,2026-07-30 21:10:00,419.5,0.0,"Số 9, Phường Tân Tạo, TP Hồ Chí Minh",0,0,419.5,5.0,15.0,0,0.0,1,0,0,VALID,0.0,0.0,419.5,3.30938060669275,5.0,1,Stopped,0.0,0,0,,420.3,419.9,421.1,0.0
92H-07095,2026-07-30 21:15:00,419.3,0.0,"Số 9, Phường Tân Tạo, TP Hồ Chí Minh",0,0,419.3,5.0,15.0,0,0.0,1,0,0,VALID,-0.1999999999999886,-0.0399999999999977,419.5,0.08944271884889585,5.0,1,Stopped,0.0,0,0,,419.3,419.7,421.0,0.0
92H-07095,2026-07-30 21:20:00,413.6,0.0,"Số 9, Phường Tân Tạo, TP Hồ Chí Minh",0,0,413.6,5.0,15.0,0,0.0,1,0,0,VALID,-5.699999999999989,-1.1399999999999977,419.5,2.6176325181266944,5.0,1,Stopped,0.0,0,0,,415.0,417.8,420.4,0.0
92H-07095,2026-07-30 21:25:00,412.1,0.0,"Phường Tân Tạo, TP Hồ Chí Minh",0,0,412.1,5.0,15.0,0,0.0,1,0,0,VALID,-1.5,-0.3,419.3,3.6455452267052277,5.0,1,Stopped,0.0,0,0,,413.2,416.0,419.6,0.0
92H-07095,2026-07-30 21:30:00,412.0,0.0,"Phường Tân Tạo, TP Hồ Chí Minh",0,0,412.0,5.0,15.0,0,0.0,1,0,0,VALID,-0.1000000000000227,-0.0200000000000045,413.6,3.7967091013076373,5.0,1,Stopped,0.0,0,0,,413.0,414.8,419.0,0.0
92H-07095,2026-07-30 21:35:00,412.0,0.0,"Phường Tân Tạo, TP Hồ Chí Minh",0,0,412.0,5.0,15.0,0,0.0,1,0,0,VALID,0.0,0.0,412.1,3.1488092987590126,5.0,1,Stopped,0.0,0,0,,413.6,414.3,418.4,0.0
92H-07095,2026-07-30 21:40:00,412.0,0.0,"Phường Tân Tạo, TP Hồ Chí Minh",0,0,412.0,5.0,15.0,0,0.0,1,0,0,VALID,0.0,0.0,412.0,0.7056911505398177,5.0,1,Stopped,0.0,0,0,,415.4,414.7,418.1,0.0
92H-07095,2026-07-30 21:45:00,412.0,0.0,"Phường Tân Tạo, TP Hồ Chí Minh",0,0,412.0,5.0,15.0,0,0.0,1,0,0,VALID,0.0,0.0,412.0,0.0447213589909384,5.0,1,Stopped,0.0,0,0,,415.2,414.9,417.8,0.0
92H-07095,2026-07-30 21:50:00,412.0,0.0,"Phường Tân Tạo, TP Hồ Chí Minh",0,0,412.0,5.0,15.0,0,0.0,1,0,0,VALID,0.0,0.0,412.0,0.0,5.0,1,Stopped,0.0,0,0,,415.0,415.0,417.6,0.0
92H-07095,2026-07-30 21:55:00,412.0,0.0,"Phường Tân Tạo, TP Hồ Chí Minh",0,0,412.0,5.0,15.0,0,0.0,1,0,0,VALID,0.0,0.0,412.0,0.0,5.0,1,Stopped,0.0,0,0,,414.8,414.9,417.3,0.0
92H-07095,2026-07-30 22:00:00,412.0,0.0,"Phường Tân Tạo, TP Hồ Chí Minh",0,0,412.0,5.0,15.0,0,0.0,1,0,0,VALID,0.0,0.0,412.0,0.0,5.0,1,Stopped,0.0,0,0,,414.1,414.6,417.0,0.0
92H-07095,2026-07-30 22:05:00,412.0,0.0,"Phường Tân Tạo, TP Hồ Chí Minh",0,0,412.0,5.0,15.0,0,0.0,1,0,0,VALID,0.0,0.0,412.0,0.0,5.0,1,Stopped,0.0,0,0,,412.7,413.8,416.5,0.0
92H-07095,2026-07-30 22:10:00,412.0,0.0,"Phường Tân Tạo, TP Hồ Chí Minh",0,0,412.0,5.0,15.0,0,0.0,1,0,0,VALID,0.0,0.0,412.0,0.0,5.0,1,Stopped,0.0,0,0,,412.0,413.1,416.1,0.0
92H-07095,2026-07-30 22:15:00,411.8,0.0,"Phường Tân Tạo, TP Hồ Chí Minh",0,0,411.8,5.0,15.0,0,0.0,1,0,0,VALID,-0.1999999999999886,-0.0399999999999977,412.0,0.08944271882023345,5.0,1,Stopped,0.0,0,0,,411.8,412.6,415.7,0.0
92H-07095,2026-07-30 22:20:00,411.8,0.0,"Phường Tân Tạo, TP Hồ Chí Minh",0,0,411.8,5.0,15.0,0,0.0,1,0,0,VALID,0.0,0.0,412.0,0.10954451127250386,5.0,1,Stopped,0.0,0,0,,411.8,412.3,415.3,0.0
92H-07095,2026-07-30 22:25:00,412.0,0.0,"Phường Tân Tạo, TP Hồ Chí Minh",0,0,412.0,5.0,15.0,0,0.0,1,0,0,VALID,0.1999999999999886,0.0399999999999977,412.0,0.10954451127250386,5.0,1,Stopped,0.0,0,0,,412.0,412.2,414.9,0.0
92H-07095,2026-07-30 22:30:00,412.0,0.0,"Phường Tân Tạo, TP Hồ Chí Minh",0,0,412.0,5.0,15.0,0,0.0,1,0,0,VALID,0.0,0.0,412.0,0.10954451127250386,5.0,1,Stopped,0.0,0,0,,412.0,412.1,414.7,0.0
92H-07095,2026-07-30 22:35:00,412.0,0.0,"Phường Tân Tạo, TP Hồ Chí Minh",0,0,412.0,5.0,15.0,0,0.0,1,0,0,VALID,0.0,0.0,412.0,0.10954451127250386,5.0,1,Stopped,0.0,0,0,,412.0,412.1,414.4,0.0
92H-07095,2026-07-30 22:40:00,412.0,0.0,"Phường Tân Tạo, TP Hồ Chí Minh",0,0,412.0,5.0,15.0,0,0.0,1,0,0,VALID,0.0,0.0,412.0,0.08944271882023345,5.0,1,Stopped,0.0,0,0,,412.0,412.0,414.1,0.0
92H-07095,2026-07-30 22:45:00,412.0,0.0,"Phường Tân Tạo, TP Hồ Chí Minh",0,0,412.0,5.0,15.0,0,0.0,1,0,0,VALID,0.0,0.0,412.0,0.0,5.0,1,Stopped,0.0,0,0,,412.0,412.0,413.9,0.0
92H-07095,2026-07-30 22:50:00,412.0,0.0,"Phường Tân Tạo, TP Hồ Chí Minh",0,0,412.0,5.0,15.0,0,0.0,1,0,0,VALID,0.0,0.0,412.0,0.0,5.0,1,Stopped,0.0,0,0,,412.0,412.0,413.7,0.0
92H-07095,2026-07-30 22:55:00,412.0,0.0,"Phường Tân Tạo, TP Hồ Chí Minh",0,0,412.0,5.0,15.0,0,0.0,1,0,0,VALID,0.0,0.0,412.0,0.0,5.0,1,Stopped,0.0,0,0,,412.0,412.0,413.6,0.0
92H-07095,2026-07-30 23:00:00,412.0,0.0,"Phường Tân Tạo, TP Hồ Chí Minh",0,0,412.0,5.0,15.0,0,0.0,1,0,0,VALID,0.0,0.0,412.0,0.0,5.0,1,Stopped,0.0,0,0,,412.0,412.0,413.4,0.0
92H-07095,2026-07-30 23:05:00,412.0,0.0,"Phường Tân Tạo, TP Hồ Chí Minh",0,0,412.0,5.0,15.0,0,0.0,1,0,0,VALID,0.0,0.0,412.0,0.0,5.0,1,Stopped,0.0,0,0,,412.0,412.0,413.3,0.0
92H-07095,2026-07-30 23:10:00,412.0,0.0,"Phường Tân Tạo, TP Hồ Chí Minh",0,0,412.0,5.0,15.0,0,0.0,1,0,0,VALID,0.0,0.0,412.0,0.0,5.0,1,Stopped,0.0,0,0,,412.0,412.0,413.1,0.0
92H-07095,2026-07-30 23:15:00,412.0,0.0,"Phường Tân Tạo, TP Hồ Chí Minh",0,0,412.0,5.0,15.0,0,0.0,1,0,0,VALID,0.0,0.0,412.0,0.0,5.0,1,Stopped,0.0,0,0,,412.0,412.0,413.0,0.0
92H-07095,2026-07-30 23:20:00,412.0,0.0,"Phường Tân Tạo, TP Hồ Chí Minh",0,0,412.0,5.0,15.0,0,0.0,1,0,0,VALID,0.0,0.0,412.0,0.0,5.0,1,Stopped,0.0,0,0,,412.0,412.0,412.9,0.0
92H-07095,2026-07-30 23:25:00,412.0,0.0,"Phường Tân Tạo, TP Hồ Chí Minh",0,0,412.0,5.0,15.0,0,0.0,1,0,0,VALID,0.0,0.0,412.0,0.0,5.0,1,Stopped,0.0,0,0,,412.0,412.0,412.8,0.0
92H-07095,2026-07-30 23:30:00,412.0,0.0,"Phường Tân Tạo, TP Hồ Chí Minh",0,0,412.0,5.0,15.0,0,0.0,1,0,0,VALID,0.0,0.0,412.0,0.0,5.0,1,Stopped,0.0,0,0,,412.0,412.0,412.7,0.0
92H-07095,2026-07-30 23:35:00,412.0,0.0,"Phường Tân Tạo, TP Hồ Chí Minh",0,0,412.0,5.0,15.0,0,0.0,1,0,0,VALID,0.0,0.0,412.0,0.0,5.0,1,Stopped,0.0,0,0,,412.0,412.0,412.7,0.0
92H-07095,2026-07-30 23:40:00,412.0,0.0,"Phường Tân Tạo, TP Hồ Chí Minh",0,0,412.0,5.0,15.0,0,0.0,1,0,0,VALID,0.0,0.0,412.0,0.0,5.0,1,Stopped,0.0,0,0,,412.0,412.0,412.6,0.0
92H-07095,2026-07-30 23:45:00,412.0,0.0,"Phường Tân Tạo, TP Hồ Chí Minh",0,0,412.0,5.0,15.0,0,0.0,1,0,0,VALID,0.0,0.0,412.0,0.0,5.0,1,Stopped,0.0,0,0,,412.0,412.0,412.5,0.0
92H-07095,2026-07-30 23:50:00,412.0,0.0,"Phường Tân Tạo, TP Hồ Chí Minh",0,0,412.0,5.0,15.0,0,0.0,1,0,0,VALID,0.0,0.0,412.0,0.0,5.0,1,Stopped,0.0,0,0,,412.0,412.0,412.5,0.0
92H-07095,2026-07-30 23:55:00,412.0,0.0,"Phường Tân Tạo, TP Hồ Chí Minh",0,0,412.0,5.0,15.0,0,0.0,1,0,0,VALID,0.0,0.0,412.0,0.0,5.0,1,Stopped,0.0,0,0,,412.0,412.0,412.4,0.0
92H-07095,2026-07-31 00:00:00,412.0,0.0,"Phường Tân Tạo, TP Hồ Chí Minh",0,0,412.0,5.0,15.0,0,0.0,1,0,0,VALID,0.0,0.0,412.0,0.0,5.0,1,Stopped,0.0,0,0,,412.0,412.0,412.4,0.0
92H-07095,2026-07-31 00:05:00,412.0,0.0,"Phường Tân Tạo, TP Hồ Chí Minh",0,0,412.0,5.0,15.0,0,0.0,1,0,0,VALID,0.0,0.0,412.0,0.0,5.0,1,Stopped,0.0,0,0,,412.0,412.0,412.4,0.0
92H-07095,2026-07-31 00:10:00,412.0,0.0,"Phường Tân Tạo, TP Hồ Chí Minh",0,0,412.0,5.0,15.0,0,0.0,1,0,0,VALID,0.0,0.0,412.0,0.0,5.0,1,Stopped,0.0,0,0,,412.0,412.0,412.3,0.0
92H-07095,2026-07-31 00:15:00,412.0,0.0,"Phường Tân Tạo, TP Hồ Chí Minh",0,0,412.0,5.0,15.0,0,0.0,1,0,0,VALID,0.0,0.0,412.0,0.0,5.0,1,Stopped,0.0,0,0,,412.0,412.0,412.3,0.0
92H-07095,2026-07-31 00:20:00,412.0,0.0,"Phường Tân Tạo, TP Hồ Chí Minh",0,0,412.0,5.0,15.0,0,0.0,1,0,0,VALID,0.0,0.0,412.0,0.0,5.0,1,Stopped,0.0,0,0,,412.0,412.0,412.3,0.0
92H-07095,2026-07-31 00:25:00,412.0,0.0,"Phường Tân Tạo, TP Hồ Chí Minh",0,0,412.0,5.0,15.0,0,0.0,1,0,0,VALID,0.0,0.0,412.0,0.0,5.0,1,Stopped,0.0,0,0,,412.0,412.0,412.2,0.0
92H-07095,2026-07-31 00:30:00,412.0,0.0,"Phường Tân Tạo, TP Hồ Chí Minh",0,0,412.0,5.0,15.0,0,0.0,1,0,0,VALID,0.0,0.0,412.0,0.0,5.0,1,Stopped,0.0,0,0,,412.0,412.0,412.2,0.0
92H-07095,2026-07-31 00:35:00,412.0,0.0,"Phường Tân Tạo, TP Hồ Chí Minh",0,0,412.0,5.0,15.0,0,0.0,1,0,0,VALID,0.0,0.0,412.0,0.0,5.0,1,Stopped,0.0,0,0,,412.0,412.0,412.2,0.0
92H-07095,2026-07-31 00:40:00,412.0,0.0,"Phường Tân Tạo, TP Hồ Chí Minh",0,0,412.0,5.0,15.0,0,0.0,1,0,0,VALID,0.0,0.0,412.0,0.0,5.0,1,Stopped,0.0,0,0,,412.0,412.0,412.2,0.0
92H-07095,2026-07-31 00:45:00,412.0,0.0,"Phường Tân Tạo, TP Hồ Chí Minh",0,0,412.0,5.0,15.0,0,0.0,1,0,0,VALID,0.0,0.0,412.0,0.0,5.0,1,Stopped,0.0,0,0,,412.0,412.0,412.2,0.0
92H-07095,2026-07-31 00:50:00,412.0,0.0,"Phường Tân Tạo, TP Hồ Chí Minh",0,0,412.0,5.0,15.0,0,0.0,1,0,0,VALID,0.0,0.0,412.0,0.0,5.0,1,Stopped,0.0,0,0,,412.0,412.0,412.1,0.0
92H-07095,2026-07-31 00:55:00,412.0,0.0,"Phường Tân Tạo, TP Hồ Chí Minh",0,0,412.0,5.0,15.0,0,0.0,1,0,0,VALID,0.0,0.0,412.0,0.0,5.0,1,Stopped,0.0,0,0,,412.0,412.0,412.1,0.0
92H-07095,2026-07-31 01:00:00,412.0,0.0,"Phường Tân Tạo, TP Hồ Chí Minh",0,0,412.0,5.0,15.0,0,0.0,1,0,0,VALID,0.0,0.0,412.0,0.0,5.0,1,Stopped,0.0,0,0,,412.0,412.0,412.1,0.0
92H-07095,2026-07-31 01:05:00,412.0,0.0,"Phường Tân Tạo, TP Hồ Chí Minh",0,0,412.0,5.0,15.0,0,0.0,1,0,0,VALID,0.0,0.0,412.0,0.0,5.0,1,Stopped,0.0,0,0,,412.0,412.0,412.1,0.0
92H-07095,2026-07-31 01:10:00,412.0,0.0,"Phường Tân Tạo, TP Hồ Chí Minh",0,0,412.0,5.0,15.0,0,0.0,1,0,0,VALID,0.0,0.0,412.0,0.0,5.0,1,Stopped,0.0,0,0,,412.0,412.0,412.1,0.0
92H-07095,2026-07-31 01:15:00,412.0,0.0,"Phường Tân Tạo, TP Hồ Chí Minh",0,0,412.0,5.0,15.0,0,0.0,1,0,0,VALID,0.0,0.0,412.0,0.0,5.0,1,Stopped,0.0,0,0,,412.0,412.0,412.1,0.0
92H-07095,2026-07-31 01:20:00,412.0,0.0,"Phường Tân Tạo, TP Hồ Chí Minh",0,0,412.0,5.0,15.0,0,0.0,1,0,0,VALID,0.0,0.0,412.0,0.0,5.0,1,Stopped,0.0,0,0,,412.0,412.0,412.1,0.0
92H-07095,2026-07-31 01:25:00,412.0,0.0,"Phường Tân Tạo, TP Hồ Chí Minh",0,0,412.0,5.0,15.0,0,0.0,1,0,0,VALID,0.0,0.0,412.0,0.0,5.0,1,Stopped,0.0,0,0,,412.0,412.0,412.1,0.0
92H-07095,2026-07-31 01:30:00,412.0,0.0,"Phường Tân Tạo, TP Hồ Chí Minh",0,0,412.0,5.0,15.0,0,0.0,1,0,0,VALID,0.0,0.0,412.0,0.0,5.0,1,Stopped,0.0,0,0,,412.0,412.0,412.1,0.0
92H-07095,2026-07-31 01:35:00,412.1,0.0,"Phường Tân Tạo, TP Hồ Chí Minh",0,0,412.1,5.0,15.0,0,0.0,1,0,0,VALID,0.1000000000000227,0.0200000000000045,412.0,0.04472135899093839,5.0,1,Stopped,0.0,0,0,,412.1,412.0,412.1,0.0
92H-07095,2026-07-31 01:40:00,412.1,0.0,"Phường Tân Tạo, TP Hồ Chí Minh",0,0,412.1,5.0,15.0,0,0.0,1,0,0,VALID,0.0,0.0,412.0,0.05477225529417036,5.0,1,Stopped,0.0,0,0,,412.1,412.1,412.1,0.0
92H-07095,2026-07-31 01:45:00,412.1,0.0,"Phường Tân Tạo, TP Hồ Chí Minh",0,0,412.1,5.0,15.0,0,0.0,1,0,0,VALID,0.0,0.0,412.1,0.054772255294297495,5.0,1,Stopped,0.0,0,0,,412.1,412.1,412.1,0.0
92H-07095,2026-07-31 01:50:00,412.1,0.0,"Phường Tân Tạo, TP Hồ Chí Minh",0,0,412.1,5.0,15.0,0,0.0,1,0,0,VALID,0.0,0.0,412.1,0.04472135899140551,5.0,1,Stopped,0.0,0,0,,412.1,412.1,412.1,0.0
92H-07095,2026-07-31 01:55:00,412.1,0.0,"Phường Tân Tạo, TP Hồ Chí Minh",0,0,412.1,5.0,15.0,0,0.0,1,0,0,VALID,0.0,0.0,412.1,0.0,5.0,1,Stopped,0.0,0,0,,412.1,412.1,412.1,0.0
92H-07095,2026-07-31 02:00:00,412.1,0.0,"Phường Tân Tạo, TP Hồ Chí Minh",0,0,412.1,5.0,15.0,0,0.0,1,0,0,VALID,0.0,0.0,412.1,0.0,5.0,1,Stopped,0.0,0,0,,412.1,412.1,412.1,0.0
92H-07095,2026-07-31 02:05:00,412.1,0.0,"Phường Tân Tạo, TP Hồ Chí Minh",0,0,412.1,5.0,15.0,0,0.0,1,0,0,VALID,0.0,0.0,412.1,0.0,5.0,1,Stopped,0.0,0,0,,412.1,412.1,412.1,0.0
92H-07095,2026-07-31 02:10:00,412.1,0.0,"Phường Tân Tạo, TP Hồ Chí Minh",0,0,412.1,5.0,15.0,0,0.0,1,0,0,VALID,0.0,0.0,412.1,0.0,5.0,1,Stopped,0.0,0,0,,412.1,412.1,412.1,0.0
92H-07095,2026-07-31 02:15:00,412.1,0.0,"Phường Tân Tạo, TP Hồ Chí Minh",0,0,412.1,5.0,15.0,0,0.0,1,0,0,VALID,0.0,0.0,412.1,0.0,5.0,1,Stopped,0.0,0,0,,412.1,412.1,412.1,0.0
92H-07095,2026-07-31 02:20:00,412.1,0.0,"Phường Tân Tạo, TP Hồ Chí Minh",0,0,412.1,5.0,15.0,0,0.0,1,0,0,VALID,0.0,0.0,412.1,0.0,5.0,1,Stopped,0.0,0,0,,412.1,412.1,412.1,0.0
92H-07095,2026-07-31 02:25:00,412.1,0.0,"Phường Tân Tạo, TP Hồ Chí Minh",0,0,412.1,5.0,15.0,0,0.0,1,0,0,VALID,0.0,0.0,412.1,0.0,5.0,1,Stopped,0.0,0,0,,412.1,412.1,412.1,0.0
92H-07095,2026-07-31 02:30:00,412.1,0.0,"Phường Tân Tạo, TP Hồ Chí Minh",0,0,412.1,5.0,15.0,0,0.0,1,0,0,VALID,0.0,0.0,412.1,0.0,5.0,1,Stopped,0.0,0,0,,412.1,412.1,412.1,0.0
92H-07095,2026-07-31 02:35:00,412.1,0.0,"Phường Tân Tạo, TP Hồ Chí Minh",0,0,412.1,5.0,15.0,0,0.0,1,0,0,VALID,0.0,0.0,412.1,0.0,5.0,1,Stopped,0.0,0,0,,412.1,412.1,412.1,0.0
92H-07095,2026-07-31 02:40:00,412.1,0.0,"Phường Tân Tạo, TP Hồ Chí Minh",0,0,412.1,5.0,15.0,0,0.0,1,0,0,VALID,0.0,0.0,412.1,0.0,5.0,1,Stopped,0.0,0,0,,412.1,412.1,412.1,0.0
92H-07095,2026-07-31 02:45:00,412.1,0.0,"Phường Tân Tạo, TP Hồ Chí Minh",0,0,412.1,5.0,15.0,0,0.0,1,0,0,VALID,0.0,0.0,412.1,0.0,5.0,1,Stopped,0.0,0,0,,412.1,412.1,412.1,0.0
92H-07095,2026-07-31 02:50:00,412.1,0.0,"Phường Tân Tạo, TP Hồ Chí Minh",0,0,412.1,5.0,15.0,0,0.0,1,0,0,VALID,0.0,0.0,412.1,0.0,5.0,1,Stopped,0.0,0,0,,412.1,412.1,412.1,0.0
92H-07095,2026-07-31 02:55:00,412.1,0.0,"Phường Tân Tạo, TP Hồ Chí Minh",0,0,412.1,5.0,15.0,0,0.0,1,0,0,VALID,0.0,0.0,412.1,0.0,5.0,1,Stopped,0.0,0,0,,412.1,412.1,412.1,0.0
92H-07095,2026-07-31 03:00:00,412.1,0.0,"Phường Tân Tạo, TP Hồ Chí Minh",0,0,412.1,5.0,15.0,0,0.0,1,0,0,VALID,0.0,0.0,412.1,0.0,5.0,1,Stopped,0.0,0,0,,412.1,412.1,412.1,0.0
92H-07095,2026-07-31 03:05:00,412.3,0.0,"Phường Tân Tạo, TP Hồ Chí Minh",0,0,412.3,5.0,15.0,0,0.0,1,0,0,VALID,0.1999999999999886,0.0399999999999977,412.1,0.0894427188209818,5.0,1,Stopped,0.0,0,0,,412.3,412.2,412.1,0.0
92H-07095,2026-07-31 03:10:00,412.3,0.0,"Phường Tân Tạo, TP Hồ Chí Minh",0,0,412.3,5.0,15.0,0,0.0,1,0,0,VALID,0.0,0.0,412.1,0.10954451127340287,5.0,1,Stopped,0.0,0,0,,412.3,412.2,412.1,0.0
92H-07095,2026-07-31 03:15:00,412.3,0.0,"Phường Tân Tạo, TP Hồ Chí Minh",0,0,412.3,5.0,15.0,0,0.0,1,0,0,VALID,0.0,0.0,412.3,0.10954451127359875,5.0,1,Stopped,0.0,0,0,,412.3,412.3,412.1,0.0
92H-07095,2026-07-31 03:20:00,412.3,0.0,"Phường Tân Tạo, TP Hồ Chí Minh",0,0,412.3,5.0,15.0,0,0.0,1,0,0,VALID,0.0,0.0,412.3,0.08944271882170153,5.0,1,Stopped,0.0,0,0,,412.3,412.3,412.2,0.0
92H-07095,2026-07-31 03:25:00,412.3,0.0,"Phường Tân Tạo, TP Hồ Chí Minh",0,0,412.3,5.0,15.0,0,0.0,1,0,0,VALID,0.0,0.0,412.3,0.0,5.0,1,Stopped,0.0,0,0,,412.3,412.3,412.2,0.0
92H-07095,2026-07-31 03:30:00,412.3,0.0,"Phường Tân Tạo, TP Hồ Chí Minh",0,0,412.3,5.0,15.0,0,0.0,1,0,0,VALID,0.0,0.0,412.3,0.0,5.0,1,Stopped,0.0,0,0,,412.3,412.3,412.2,0.0
92H-07095,2026-07-31 03:35:00,412.3,0.0,"Phường Tân Tạo, TP Hồ Chí Minh",0,0,412.3,5.0,15.0,0,0.0,1,0,0,VALID,0.0,0.0,412.3,0.0,5.0,1,Stopped,0.0,0,0,,412.3,412.3,412.2,0.0
92H-07095,2026-07-31 03:40:00,412.3,0.0,"Phường Tân Tạo, TP Hồ Chí Minh",0,0,412.3,5.0,15.0,0,0.0,1,0,0,VALID,0.0,0.0,412.3,0.0,5.0,1,Stopped,0.0,0,0,,412.3,412.3,412.2,0.0
92H-07095,2026-07-31 03:45:00,412.3,0.0,"Phường Tân Tạo, TP Hồ Chí Minh",0,0,412.3,5.0,15.0,0,0.0,1,0,0,VALID,0.0,0.0,412.3,0.0,5.0,1,Stopped,0.0,0,0,,412.3,412.3,412.2,0.0
92H-07095,2026-07-31 03:50:00,412.3,0.0,"Phường Tân Tạo, TP Hồ Chí Minh",0,0,412.3,5.0,15.0,0,0.0,1,0,0,VALID,0.0,0.0,412.3,0.0,5.0,1,Stopped,0.0,0,0,,412.3,412.3,412.2,0.0
92H-07095,2026-07-31 03:55:00,412.3,0.0,"Phường Tân Tạo, TP Hồ Chí Minh",0,0,412.3,5.0,15.0,0,0.0,1,0,0,VALID,0.0,0.0,412.3,0.0,5.0,1,Stopped,0.0,0,0,,412.3,412.3,412.2,0.0
92H-07095,2026-07-31 04:00:00,412.3,0.0,"Phường Tân Tạo, TP Hồ Chí Minh",0,0,412.3,5.0,15.0,0,0.0,1,0,0,VALID,0.0,0.0,412.3,0.0,5.0,1,Stopped,0.0,0,0,,412.3,412.3,412.2,0.0
92H-07095,2026-07-31 04:05:00,412.3,0.0,"Phường Tân Tạo, TP Hồ Chí Minh",0,0,412.3,5.0,15.0,0,0.0,1,0,0,VALID,0.0,0.0,412.3,0.0,5.0,1,Stopped,0.0,0,0,,412.3,412.3,412.2,0.0
92H-07095,2026-07-31 04:10:00,412.3,0.0,"Phường Tân Tạo, TP Hồ Chí Minh",0,0,412.3,5.0,15.0,0,0.0,1,0,0,VALID,0.0,0.0,412.3,0.0,5.0,1,Stopped,0.0,0,0,,412.3,412.3,412.3,0.0
92H-07095,2026-07-31 04:15:00,412.3,0.0,"Phường Tân Tạo, TP Hồ Chí Minh",0,0,412.3,5.0,15.0,0,0.0,1,0,0,VALID,0.0,0.0,412.3,0.0,5.0,1,Stopped,0.0,0,0,,412.3,412.3,412.3,0.0
92H-07095,2026-07-31 04:20:00,412.3,0.0,"Phường Tân Tạo, TP Hồ Chí Minh",0,0,412.3,5.0,15.0,0,0.0,1,0,0,VALID,0.0,0.0,412.3,0.0,5.0,1,Stopped,0.0,0,0,,412.3,412.3,412.3,0.0
92H-07095,2026-07-31 04:25:00,412.3,0.0,"Phường Tân Tạo, TP Hồ Chí Minh",0,0,412.3,5.0,15.0,0,0.0,1,0,0,VALID,0.0,0.0,412.3,0.0,5.0,1,Stopped,0.0,0,0,,412.3,412.3,412.3,0.0
92H-07095,2026-07-31 04:30:00,412.3,0.0,"Phường Tân Tạo, TP Hồ Chí Minh",0,0,412.3,5.0,15.0,0,0.0,1,0,0,VALID,0.0,0.0,412.3,0.0,5.0,1,Stopped,0.0,0,0,,412.3,412.3,412.3,0.0
92H-07095,2026-07-31 04:35:00,412.3,0.0,"Phường Tân Tạo, TP Hồ Chí Minh",0,0,412.3,5.0,15.0,0,0.0,1,0,0,VALID,0.0,0.0,412.3,0.0,5.0,1,Stopped,0.0,0,0,,412.3,412.3,412.3,0.0
92H-07095,2026-07-31 04:40:00,412.3,0.0,"Phường Tân Tạo, TP Hồ Chí Minh",0,0,412.3,5.0,15.0,0,0.0,1,0,0,VALID,0.0,0.0,412.3,0.0,5.0,1,Stopped,0.0,0,0,,412.3,412.3,412.3,0.0
92H-07095,2026-07-31 04:45:00,412.3,0.0,"Phường Tân Tạo, TP Hồ Chí Minh",0,0,412.3,5.0,15.0,0,0.0,1,0,0,VALID,0.0,0.0,412.3,0.0,5.0,1,Stopped,0.0,0,0,,412.3,412.3,412.3,0.0
92H-07095,2026-07-31 04:50:00,412.3,0.0,"Phường Tân Tạo, TP Hồ Chí Minh",0,0,412.3,5.0,15.0,0,0.0,1,0,0,VALID,0.0,0.0,412.3,0.0,5.0,1,Stopped,0.0,0,0,,412.3,412.3,412.3,0.0
92H-07095,2026-07-31 04:55:00,412.3,0.0,"Phường Tân Tạo, TP Hồ Chí Minh",0,0,412.3,5.0,15.0,0,0.0,1,0,0,VALID,0.0,0.0,412.3,0.0,5.0,1,Stopped,0.0,0,0,,412.3,412.3,412.3,0.0
92H-07095,2026-07-31 05:00:00,412.3,0.0,"Phường Tân Tạo, TP Hồ Chí Minh",0,0,412.3,5.0,15.0,0,0.0,1,0,0,VALID,0.0,0.0,412.3,0.0,5.0,1,Stopped,0.0,0,0,,412.3,412.3,412.3,0.0
92H-07095,2026-07-31 05:05:00,412.3,0.0,"Phường Tân Tạo, TP Hồ Chí Minh",0,0,412.3,5.0,15.0,0,0.0,1,0,0,VALID,0.0,0.0,412.3,0.0,5.0,1,Stopped,0.0,0,0,,412.3,412.3,412.3,0.0
92H-07095,2026-07-31 05:10:00,412.3,0.0,"Phường Tân Tạo, TP Hồ Chí Minh",0,0,412.3,5.0,15.0,0,0.0,1,0,0,VALID,0.0,0.0,412.3,0.0,5.0,1,Stopped,0.0,0,0,,412.3,412.3,412.3,0.0
92H-07095,2026-07-31 05:15:00,412.3,0.0,"Phường Tân Tạo, TP Hồ Chí Minh",0,0,412.3,5.0,15.0,0,0.0,1,0,0,VALID,0.0,0.0,412.3,0.0,5.0,1,Stopped,0.0,0,0,,412.3,412.3,412.3,0.0
92H-07095,2026-07-31 05:20:00,412.3,0.0,"Phường Tân Tạo, TP Hồ Chí Minh",0,0,412.3,5.0,15.0,0,0.0,1,0,0,VALID,0.0,0.0,412.3,0.0,5.0,1,Stopped,0.0,0,0,,412.3,412.3,412.3,0.0
92H-07095,2026-07-31 05:25:00,412.3,0.0,"Phường Tân Tạo, TP Hồ Chí Minh",0,0,412.3,5.0,15.0,0,0.0,1,0,0,VALID,0.0,0.0,412.3,0.0,5.0,1,Stopped,0.0,0,0,,412.3,412.3,412.3,0.0
92H-07095,2026-07-31 05:30:00,412.3,0.0,"Phường Tân Tạo, TP Hồ Chí Minh",0,0,412.3,5.0,15.0,0,0.0,1,0,0,VALID,0.0,0.0,412.3,0.0,5.0,1,Stopped,0.0,0,0,,412.3,412.3,412.3,0.0
92H-07095,2026-07-31 05:35:00,412.1,0.0,"Phường Tân Tạo, TP Hồ Chí Minh",0,0,412.1,5.0,15.0,0,0.0,1,0,0,VALID,-0.1999999999999886,-0.0399999999999977,412.3,0.08944271882170153,5.0,1,Stopped,0.0,0,0,,412.1,412.2,412.3,0.0
92H-07095,2026-07-31 05:40:00,412.0,0.0,"Phường Tân Tạo, TP Hồ Chí Minh",0,0,412.0,5.0,15.0,0,0.0,1,0,0,VALID,-0.1000000000000227,-0.0200000000000045,412.3,0.14142135606105843,5.0,1,Stopped,0.0,0,0,,412.0,412.1,412.2,0.0
92H-07095,2026-07-31 05:45:00,410.1,0.0,"Số 5B, Phường Tân Tạo, TP Hồ Chí Minh",0,0,410.1,5.0,15.0,0,0.0,1,0,0,VALID,-1.8999999999999773,-0.3799999999999954,412.1,0.9370165419829052,5.0,1,Stopped,0.0,0,0,,411.1,411.7,412.1,0.0
92H-07095,2026-07-31 05:50:00,409.8,0.0,"Số 5B, Phường Tân Tạo, TP Hồ Chí Minh",0,0,409.8,5.0,15.0,0,0.0,1,0,0,VALID,-0.3000000000000113,-0.0600000000000022,412.0,1.2054044964031843,5.0,1,Stopped,0.0,0,0,,411.0,411.4,412.0,0.0
92H-07095,2026-07-31 05:55:00,410.8,0.0,"Trần Đại Nghĩa, Phường Tân Tạo, TP Hồ Chí Minh",0,0,410.8,5.0,15.0,0,0.0,1,0,0,VALID,1.0,0.2,410.8,1.0597169433148939,5.0,1,Stopped,0.0,0,0,,411.4,411.4,412.0,0.0
92H-07095,2026-07-31 06:00:00,408.6,31.0,"Cầu Rạch Tam, Xã Tân Nhựt, TP Hồ Chí Minh",0,0,408.6,5.0,15.0,0,0.0,1,0,0,VALID,-2.1999999999999886,-0.4399999999999977,410.1,1.2561846997745936,5.0,1,Moving,0.1033333333333333,0,0,,410.4,411.0,411.8,1.0
92H-07095,2026-07-31 06:05:00,405.2,17.0,"Cao tốc Trung Lương-TP Hồ Chí Minh, Xã Tân Nhựt, TP Hồ Chí Minh",0,0,405.2,5.0,15.0,0,0.0,1,0,0,VALID,-3.400000000000034,-0.6800000000000068,409.8,2.215851980603898,5.0,1,Moving,-0.0466666666666666,0,0,,408.6,410.0,411.5,1.0
92H-07095,2026-07-31 06:10:00,403.2,41.0,"Cao tốc Trung Lương-TP Hồ Chí Minh, Xã Tân Nhựt, TP Hồ Chí Minh",0,0,403.2,5.0,15.0,0,0.0,1,0,0,VALID,-2.0,-0.4,408.6,3.208114711157408,5.0,1,Moving,0.08,0,0,,407.5,409.0,411.1,1.0
92H-07095,2026-07-31 06:15:00,404.9,0.0,"Nguyễn Văn Linh, Phường Bình Đông, TP Hồ Chí Minh",0,0,404.9,5.0,15.0,0,0.0,1,0,0,VALID,1.6999999999999886,0.3399999999999977,405.2,3.0835044997443135,5.0,1,Stopped,-0.1366666666666666,0,0,,408.2,408.7,410.8,0.0
92H-07095,2026-07-31 06:20:00,403.3,0.0,"Phường Bình Đông, TP Hồ Chí Minh",0,0,403.3,5.0,15.0,0,0.0,1,0,0,VALID,-1.599999999999966,-0.3199999999999932,404.9,2.1870070873094045,5.0,1,Stopped,0.0,0,0,,407.2,408.1,410.4,0.0
92H-07095,2026-07-31 06:25:00,405.2,0.0,"Phường Bình Đông, TP Hồ Chí Minh",0,0,405.2,5.0,15.0,0,0.0,1,0,0,VALID,1.8999999999999773,0.3799999999999954,404.9,1.0212737145059094,5.0,1,Stopped,0.0,0,0,,408.2,408.1,410.2,0.0
92H-07095,2026-07-31 06:30:00,405.2,0.0,"Phường Bình Đông, TP Hồ Chí Minh",0,0,405.2,5.0,15.0,0,0.0,1,0,0,VALID,0.0,0.0,404.9,1.0212737145059094,5.0,1,Stopped,0.0,0,0,,407.4,407.8,409.9,0.0
92H-07095,2026-07-31 06:35:00,405.2,0.0,"Phường Bình Đông, TP Hồ Chí Minh",0,0,405.2,5.0,15.0,0,0.0,1,0,0,VALID,0.0,0.0,405.2,0.8264381404201819,5.0,1,Stopped,0.0,0,0,,407.5,407.7,409.7,0.0
92H-07095,2026-07-31 06:40:00,405.2,0.0,"Phường Bình Đông, TP Hồ Chí Minh",0,0,405.2,5.0,15.0,0,0.0,1,0,0,VALID,0.0,0.0,405.2,0.8497058314153405,5.0,1,Stopped,0.0,0,0,,407.2,407.5,409.4,0.0
92H-07095,2026-07-31 06:45:00,405.2,0.0,"Phường Bình Đông, TP Hồ Chí Minh",0,0,405.2,5.0,15.0,0,0.0,1,0,0,VALID,0.0,0.0,405.2,0.0,5.0,1,Stopped,0.0,0,0,,406.4,407.1,409.1,0.0
92H-07095,2026-07-31 06:50:00,405.2,0.0,"Phường Bình Đông, TP Hồ Chí Minh",0,0,405.2,5.0,15.0,0,0.0,1,0,0,VALID,0.0,0.0,405.2,0.0,5.0,1,Stopped,0.0,0,0,,405.2,406.3,408.7,0.0
92H-07095,2026-07-31 06:55:00,405.2,0.0,"Phường Bình Đông, TP Hồ Chí Minh",0,0,405.2,5.0,15.0,0,0.0,1,0,0,VALID,0.0,0.0,405.2,0.0,5.0,1,Stopped,0.0,0,0,,405.2,405.9,408.4,0.0
92H-07095,2026-07-31 07:00:00,405.2,0.0,"Phường Bình Đông, TP Hồ Chí Minh",0,0,405.2,5.0,15.0,0,0.0,1,0,0,VALID,0.0,0.0,405.2,0.0,5.0,1,Stopped,0.0,0,0,,405.2,405.6,408.1,0.0
92H-07095,2026-07-31 07:05:00,405.2,0.0,"Phường Bình Đông, TP Hồ Chí Minh",0,0,405.2,5.0,15.0,0,0.0,1,0,0,VALID,0.0,0.0,405.2,0.0,5.0,1,Stopped,0.0,0,0,,405.2,405.4,407.8,0.0
92H-07095,2026-07-31 07:10:00,405.2,0.0,"Phường Bình Đông, TP Hồ Chí Minh",0,0,405.2,5.0,15.0,0,0.0,1,0,0,VALID,0.0,0.0,405.2,0.0,5.0,1,Stopped,0.0,0,0,,405.2,405.3,407.5,0.0
92H-07095,2026-07-31 07:15:00,405.2,0.0,"Phường Bình Đông, TP Hồ Chí Minh",0,0,405.2,5.0,15.0,0,0.0,1,0,0,VALID,0.0,0.0,405.2,0.0,5.0,1,Stopped,0.0,0,0,,405.2,405.3,407.3,0.0
92H-07095,2026-07-31 07:20:00,405.2,0.0,"Phường Bình Đông, TP Hồ Chí Minh",0,0,405.2,5.0,15.0,0,0.0,1,0,0,VALID,0.0,0.0,405.2,0.0,5.0,1,Stopped,0.0,0,0,,405.2,405.3,407.1,0.0
92H-07095,2026-07-31 07:25:00,405.2,0.0,"Phường Bình Đông, TP Hồ Chí Minh",0,0,405.2,5.0,15.0,0,0.0,1,0,0,VALID,0.0,0.0,405.2,0.0,5.0,1,Stopped,0.0,0,0,,405.2,405.2,406.9,0.0
92H-07095,2026-07-31 07:30:00,405.2,0.0,"Phường Bình Đông, TP Hồ Chí Minh",0,0,405.2,5.0,15.0,0,0.0,1,0,0,VALID,0.0,0.0,405.2,0.0,5.0,1,Stopped,0.0,0,0,,405.2,405.2,406.7,0.0
92H-07095,2026-07-31 07:35:00,405.2,0.0,"Phường Bình Đông, TP Hồ Chí Minh",0,0,405.2,5.0,15.0,0,0.0,1,0,0,VALID,0.0,0.0,405.2,0.0,5.0,1,Stopped,0.0,0,0,,405.2,405.2,406.6,0.0
92H-07095,2026-07-31 07:40:00,405.2,0.0,"Phường Bình Đông, TP Hồ Chí Minh",0,0,405.2,5.0,15.0,0,0.0,1,0,0,VALID,0.0,0.0,405.2,0.0,5.0,1,Stopped,0.0,0,0,,405.2,405.2,406.4,0.0
92H-07095,2026-07-31 07:45:00,405.2,0.0,"Phường Bình Đông, TP Hồ Chí Minh",0,0,405.2,5.0,15.0,0,0.0,1,0,0,VALID,0.0,0.0,405.2,0.0,5.0,1,Stopped,0.0,0,0,,405.2,405.2,406.3,0.0
92H-07095,2026-07-31 07:50:00,405.2,0.0,"Phường Bình Đông, TP Hồ Chí Minh",0,0,405.2,5.0,15.0,0,0.0,1,0,0,VALID,0.0,0.0,405.2,0.0,5.0,1,Stopped,0.0,0,0,,405.2,405.2,406.2,0.0
92H-07095,2026-07-31 07:55:00,405.2,0.0,"Phường Bình Đông, TP Hồ Chí Minh",0,0,405.2,5.0,15.0,0,0.0,1,0,0,VALID,0.0,0.0,405.2,0.0,5.0,1,Stopped,0.0,0,0,,405.2,405.2,406.1,0.0
92H-07095,2026-07-31 08:00:00,405.2,0.0,"Phường Bình Đông, TP Hồ Chí Minh",0,0,405.2,5.0,15.0,0,0.0,1,0,0,VALID,0.0,0.0,405.2,0.0,5.0,1,Stopped,0.0,0,0,,405.2,405.2,406.0,0.0
92H-07095,2026-07-31 08:05:00,405.2,0.0,"Phường Bình Đông, TP Hồ Chí Minh",0,0,405.2,5.0,15.0,0,0.0,1,0,0,VALID,0.0,0.0,405.2,0.0,5.0,1,Stopped,0.0,0,0,,405.2,405.2,405.9,0.0
92H-07095,2026-07-31 08:10:00,405.2,0.0,"Phường Bình Đông, TP Hồ Chí Minh",0,0,405.2,5.0,15.0,0,0.0,1,0,0,VALID,0.0,0.0,405.2,0.0,5.0,1,Stopped,0.0,0,0,,405.2,405.2,405.9,0.0
92H-07095,2026-07-31 08:15:00,405.2,0.0,"Phường Bình Đông, TP Hồ Chí Minh",0,0,405.2,5.0,15.0,0,0.0,1,0,0,VALID,0.0,0.0,405.2,0.0,5.0,1,Stopped,0.0,0,0,,405.2,405.2,405.8,0.0
92H-07095,2026-07-31 08:20:00,405.2,0.0,"Phường Bình Đông, TP Hồ Chí Minh",0,0,405.2,5.0,15.0,0,0.0,1,0,0,VALID,0.0,0.0,405.2,0.0,5.0,1,Stopped,0.0,0,0,,405.2,405.2,405.7,0.0
92H-07095,2026-07-31 08:25:00,405.2,0.0,"Phường Bình Đông, TP Hồ Chí Minh",0,0,405.2,5.0,15.0,0,0.0,1,0,0,VALID,0.0,0.0,405.2,0.0,5.0,1,Stopped,0.0,0,0,,405.2,405.2,405.7,0.0
92H-07095,2026-07-31 08:30:00,405.2,0.0,"Phường Bình Đông, TP Hồ Chí Minh",0,0,405.2,5.0,15.0,0,0.0,1,0,0,VALID,0.0,0.0,405.2,0.0,5.0,1,Stopped,0.0,0,0,,405.2,405.2,405.6,0.0
92H-07095,2026-07-31 08:35:00,405.2,0.0,"Phường Bình Đông, TP Hồ Chí Minh",0,0,405.2,5.0,15.0,0,0.0,1,0,0,VALID,0.0,0.0,405.2,0.0,5.0,1,Stopped,0.0,0,0,,405.2,405.2,405.6,0.0
92H-07095,2026-07-31 08:40:00,405.2,0.0,"Phường Bình Đông, TP Hồ Chí Minh",0,0,405.2,5.0,15.0,0,0.0,1,0,0,VALID,0.0,0.0,405.2,0.0,5.0,1,Stopped,0.0,0,0,,405.2,405.2,405.5,0.0
92H-07095,2026-07-31 08:45:00,405.2,0.0,"Phường Bình Đông, TP Hồ Chí Minh",0,0,405.2,5.0,15.0,0,0.0,1,0,0,VALID,0.0,0.0,405.2,0.0,5.0,1,Stopped,0.0,0,0,,405.2,405.2,405.5,0.0
92H-07095,2026-07-31 08:50:00,404.9,0.0,"Phường Bình Đông, TP Hồ Chí Minh",0,0,404.9,5.0,15.0,0,0.0,1,0,0,VALID,-0.3000000000000113,-0.0600000000000022,405.2,0.13416407843240852,5.0,1,Stopped,0.0,0,0,,404.9,405.1,405.5,0.0
92H-07095,2026-07-31 08:55:00,404.8,0.0,"Phường Bình Đông, TP Hồ Chí Minh",0,0,404.8,5.0,15.0,0,0.0,1,0,0,VALID,-0.0999999999999659,-0.0199999999999931,405.2,0.1949358867461945,5.0,1,Stopped,0.0,0,0,,404.8,405.0,405.4,0.0
92H-07095,2026-07-31 09:00:00,404.8,0.0,"Phường Bình Đông, TP Hồ Chí Minh",0,0,404.8,5.0,15.0,0,0.0,1,0,0,VALID,0.0,0.0,404.9,0.20493901517629598,5.0,1,Stopped,0.0,0,0,,404.8,404.9,405.3,0.0
92H-07095,2026-07-31 09:05:00,405.2,0.0,"Phường Bình Đông, TP Hồ Chí Minh",0,0,405.2,5.0,15.0,0,0.0,1,0,0,VALID,0.3999999999999772,0.0799999999999954,404.9,0.20493901517629598,5.0,1,Stopped,0.0,0,0,,405.2,405.0,405.3,0.0
92H-07095,2026-07-31 09:10:00,405.5,0.0,"Phường Bình Đông, TP Hồ Chí Minh",0,0,405.5,5.0,15.0,0,0.0,1,0,0,VALID,0.3000000000000113,0.0600000000000022,404.9,0.30495901354363175,5.0,1,Stopped,0.0,0,0,,405.5,405.2,405.3,0.0
92H-07095,2026-07-31 09:15:00,405.5,0.0,"Phường Bình Đông, TP Hồ Chí Minh",0,0,405.5,5.0,15.0,0,0.0,1,0,0,VALID,0.0,0.0,405.2,0.35071355825182005,5.0,1,Stopped,0.0,0,0,,405.5,405.3,405.4,0.0
92H-07095,2026-07-31 09:20:00,405.5,0.0,"Phường Bình Đông, TP Hồ Chí Minh",0,0,405.5,5.0,15.0,0,0.0,1,0,0,VALID,0.0,0.0,405.5,0.3082207000540824,5.0,1,Stopped,0.0,0,0,,405.5,405.4,405.4,0.0
92H-07095,2026-07-31 09:25:00,405.5,0.0,"Phường Bình Đông, TP Hồ Chí Minh",0,0,405.5,5.0,15.0,0,0.0,1,0,0,VALID,0.0,0.0,405.5,0.1341640784338549,5.0,1,Stopped,0.0,0,0,,405.5,405.4,405.4,0.0
92H-07095,2026-07-31 09:30:00,405.5,0.0,"Phường Bình Đông, TP Hồ Chí Minh",0,0,405.5,5.0,15.0,0,0.0,1,0,0,VALID,0.0,0.0,405.5,0.0,5.0,1,Stopped,0.0,0,0,,405.5,405.5,405.4,0.0
92H-07095,2026-07-31 09:35:00,406.3,0.0,"Phường Bình Đông, TP Hồ Chí Minh",0,0,406.3,5.0,15.0,0,0.0,1,0,0,VALID,0.8000000000000114,0.1600000000000022,405.5,0.3577708763193023,5.0,1,Stopped,0.0,0,0,,406.3,405.8,405.5,0.0
92H-07095,2026-07-31 09:40:00,403.6,0.0,"Phường Bình Đông, TP Hồ Chí Minh",0,0,403.6,5.0,15.0,0,0.0,1,0,0,VALID,-2.6999999999999886,-0.5399999999999977,405.5,1.0009995004702996,5.0,1,Stopped,0.0,0,0,,404.3,405.2,405.4,0.0
92H-07095,2026-07-31 09:45:00,403.6,0.0,"Phường Bình Đông, TP Hồ Chí Minh",0,0,403.6,5.0,15.0,0,0.0,1,0,0,VALID,0.0,0.0,405.5,1.2308533624852787,5.0,1,Stopped,0.0,0,0,,404.4,404.9,405.3,0.0
92H-07095,2026-07-31 09:50:00,403.6,0.0,"Phường Bình Đông, TP Hồ Chí Minh",0,0,403.6,5.0,15.0,0,0.0,1,0,0,VALID,0.0,0.0,403.6,1.2911235417034512,5.0,1,Stopped,0.0,0,0,,404.4,404.7,405.2,0.0
92H-07095,2026-07-31 09:55:00,403.6,0.0,"Phường Bình Đông, TP Hồ Chí Minh",0,0,403.6,5.0,15.0,0,0.0,1,0,0,VALID,0.0,0.0,403.6,1.2074767078252102,5.0,1,Stopped,0.0,0,0,,404.5,404.6,405.1,0.0
92H-07095,2026-07-31 10:00:00,403.6,0.0,"Phường Bình Đông, TP Hồ Chí Minh",0,0,403.6,5.0,15.0,0,0.0,1,0,0,VALID,0.0,0.0,403.6,0.0,5.0,1,Stopped,0.0,0,0,,404.4,404.5,405.0,0.0
92H-07095,2026-07-31 10:05:00,403.6,0.0,"Phường Bình Đông, TP Hồ Chí Minh",0,0,403.6,5.0,15.0,0,0.0,1,0,0,VALID,0.0,0.0,403.6,0.0,5.0,1,Stopped,0.0,0,0,,404.4,404.5,405.0,0.0
92H-07095,2026-07-31 10:10:00,403.6,0.0,"Phường Bình Đông, TP Hồ Chí Minh",0,0,403.6,5.0,15.0,0,0.0,1,0,0,VALID,0.0,0.0,403.6,0.0,5.0,1,Stopped,0.0,0,0,,404.4,404.4,404.9,0.0
92H-07095,2026-07-31 10:15:00,403.6,0.0,"Phường Bình Đông, TP Hồ Chí Minh",0,0,403.6,5.0,15.0,0,0.0,1,0,0,VALID,0.0,0.0,403.6,0.0,5.0,1,Stopped,0.0,0,0,,404.4,404.4,404.9,0.0
92H-07095,2026-07-31 10:20:00,403.6,0.0,"Phường Bình Đông, TP Hồ Chí Minh",0,0,403.6,5.0,15.0,0,0.0,1,0,0,VALID,0.0,0.0,403.6,0.0,5.0,1,Stopped,0.0,0,0,,404.6,404.5,404.8,0.0
92H-07095,2026-07-31 10:25:00,403.6,0.0,"Phường Bình Đông, TP Hồ Chí Minh",0,0,403.6,5.0,15.0,0,0.0,1,0,0,VALID,0.0,0.0,403.6,0.0,5.0,1,Stopped,0.0,0,0,,403.6,404.1,404.7,0.0
92H-07095,2026-07-31 10:30:00,403.6,0.0,"Phường Bình Đông, TP Hồ Chí Minh",0,0,403.6,5.0,15.0,0,0.0,1,0,0,VALID,0.0,0.0,403.6,0.0,5.0,1,Stopped,0.0,0,0,,403.6,403.9,404.6,0.0
92H-07095,2026-07-31 10:35:00,403.6,0.0,"Phường Bình Đông, TP Hồ Chí Minh",0,0,403.6,5.0,15.0,0,0.0,1,0,0,VALID,0.0,0.0,403.6,0.0,5.0,1,Stopped,0.0,0,0,,403.6,403.8,404.5,0.0
92H-07095,2026-07-31 10:40:00,403.6,0.0,"Phường Bình Đông, TP Hồ Chí Minh",0,0,403.6,5.0,15.0,0,0.0,1,0,0,VALID,0.0,0.0,403.6,0.0,5.0,1,Stopped,0.0,0,0,,403.6,403.7,404.4,0.0
92H-07095,2026-07-31 10:45:00,403.6,0.0,"Phường Bình Đông, TP Hồ Chí Minh",0,0,403.6,5.0,15.0,0,0.0,1,0,0,VALID,0.0,0.0,403.6,0.0,5.0,1,Stopped,0.0,0,0,,403.6,403.7,404.3,0.0
92H-07095,2026-07-31 10:50:00,403.6,0.0,"Phường Bình Đông, TP Hồ Chí Minh",0,0,403.6,5.0,15.0,0,0.0,1,0,0,VALID,0.0,0.0,403.6,0.0,5.0,1,Stopped,0.0,0,0,,403.6,403.6,404.3,0.0
92H-07095,2026-07-31 10:55:00,403.6,0.0,"Phường Bình Đông, TP Hồ Chí Minh",0,0,403.6,5.0,15.0,0,0.0,1,0,0,VALID,0.0,0.0,403.6,0.0,5.0,1,Stopped,0.0,0,0,,403.6,403.6,404.2,0.0
92H-07095,2026-07-31 11:00:00,403.6,0.0,"Phường Bình Đông, TP Hồ Chí Minh",0,0,403.6,5.0,15.0,0,0.0,1,0,0,VALID,0.0,0.0,403.6,0.0,5.0,1,Stopped,0.0,0,0,,403.6,403.6,404.1,0.0
92H-07095,2026-07-31 11:05:00,403.6,0.0,"Phường Bình Đông, TP Hồ Chí Minh",0,0,403.6,5.0,15.0,0,0.0,1,0,0,VALID,0.0,0.0,403.6,0.0,5.0,1,Stopped,0.0,0,0,,403.6,403.6,404.1,0.0
92H-07095,2026-07-31 11:10:00,403.6,0.0,"Phường Bình Đông, TP Hồ Chí Minh",0,0,403.6,5.0,15.0,0,0.0,1,0,0,VALID,0.0,0.0,403.6,0.0,5.0,1,Stopped,0.0,0,0,,403.6,403.6,404.0,0.0
92H-07095,2026-07-31 11:15:00,403.6,0.0,"Phường Bình Đông, TP Hồ Chí Minh",0,0,403.6,5.0,15.0,0,0.0,1,0,0,VALID,0.0,0.0,403.6,0.0,5.0,1,Stopped,0.0,0,0,,403.6,403.6,404.0,0.0
92H-07095,2026-07-31 11:20:00,409.1,0.0,"Phường Bình Đông, TP Hồ Chí Minh",0,0,409.1,5.0,15.0,0,0.0,1,0,0,VALID,5.5,1.1,403.6,2.459674775237798,5.0,1,Stopped,0.0,0,0,,407.2,405.0,404.3,0.0
92H-07095,2026-07-31 11:25:00,404.2,0.0,"Phường Bình Đông, TP Hồ Chí Minh",0,0,404.2,5.0,15.0,0,0.0,1,0,0,VALID,-4.900000000000034,-0.9800000000000068,403.6,2.406657433026411,5.0,1,Stopped,0.0,0,0,,404.2,404.7,404.3,0.0
92H-07095,2026-07-31 11:30:00,404.2,0.0,"Phường Bình Đông, TP Hồ Chí Minh",0,0,404.2,5.0,15.0,0,0.0,1,0,0,VALID,0.0,0.0,404.2,2.3447814396956987,5.0,1,Stopped,0.0,0,0,,404.2,404.5,404.3,0.0
92H-07095,2026-07-31 11:35:00,404.5,0.0,"Phường Bình Đông, TP Hồ Chí Minh",0,0,404.5,5.0,15.0,0,0.0,1,0,0,VALID,0.3000000000000113,0.0600000000000022,404.2,2.2487774456227676,5.0,1,Stopped,0.0,0,0,,404.5,404.5,404.3,0.0
92H-07095,2026-07-31 11:40:00,400.1,0.0,"Phường Bình Đông, TP Hồ Chí Minh",0,0,400.1,5.0,15.0,0,0.0,1,0,0,VALID,-4.399999999999977,-0.8799999999999955,404.2,3.188573348684463,5.0,1,Stopped,0.0,0,0,,402.2,403.6,404.1,0.0
92H-07095,2026-07-31 11:45:00,400.4,0.0,"Phường Bình Đông, TP Hồ Chí Minh",0,0,400.4,5.0,15.0,0,0.0,1,0,0,VALID,0.2999999999999545,0.0599999999999909,404.2,2.224185244070032,5.0,1,Stopped,0.0,0,0,,402.8,403.3,404.0,0.0
92H-07095,2026-07-31 11:50:00,400.1,0.0,"Phường Bình Đông, TP Hồ Chí Minh",0,0,400.1,5.0,15.0,0,0.0,1,0,0,VALID,-0.2999999999999545,-0.0599999999999909,400.4,2.278815481766337,5.0,1,Stopped,0.0,0,0,,402.5,403.0,403.8,0.0
92H-07095,2026-07-31 11:55:00,400.0,0.0,"Phường Bình Đông, TP Hồ Chí Minh",0,0,400.0,5.0,15.0,0,0.0,1,0,0,VALID,-0.1000000000000227,-0.0200000000000045,400.1,1.9511535049649615,5.0,1,Stopped,0.0,0,0,,402.5,402.8,403.7,0.0
92H-07095,2026-07-31 12:00:00,399.5,0.0,Trạm thu phí chợ Bình Điền,0,0,399.5,5.0,15.0,0,0.0,1,0,0,VALID,-0.5,-0.1,400.1,0.32710854457809463,5.0,1,Stopped,0.0,0,0,,402.4,402.6,403.6,0.0
92H-07095,2026-07-31 12:05:00,399.7,0.0,Trạm thu phí Nguyễn Văn Linh,0,0,399.7,5.0,15.0,0,0.0,1,0,0,VALID,0.1999999999999886,0.0399999999999977,400.0,0.35071355824364486,5.0,1,Stopped,0.0,0,0,,403.5,403.0,403.6,0.0
92H-07095,2026-07-31 12:10:00,394.1,48.0,"Nguyễn Văn Linh, Xã Bình Hưng, TP Hồ Chí Minh",0,0,394.1,5.0,15.0,0,0.0,1,0,0,VALID,-5.599999999999966,-1.1199999999999932,399.7,2.571380951927308,5.0,1,Moving,0.16,0,0,,398.7,401.3,403.1,1.0
92H-07095,2026-07-31 12:15:00,395.3,0.0,"Nguyễn Văn Linh, Xã Bình Hưng, TP Hồ Chí Minh",0,0,395.3,5.0,15.0,0,0.0,1,0,0,VALID,1.1999999999999886,0.2399999999999977,399.5,2.7949955277126217,5.0,1,Stopped,-0.16,0,0,,400.0,400.8,402.8,0.0
92H-07095,2026-07-31 12:20:00,393.3,43.0,"Cầu Xóm Củi, Xã Bình Hưng, TP Hồ Chí Minh",0,0,393.3,5.0,15.0,0,0.0,1,0,0,VALID,-2.0,-0.4,395.3,3.0252272641790285,5.0,1,Moving,0.1433333333333333,0,0,,398.0,399.7,402.3,1.0
92H-07095,2026-07-31 12:25:00,393.0,0.0,"Nguyễn Văn Linh, Xã Bình Hưng, TP Hồ Chí Minh",0,0,393.0,5.0,15.0,0,0.0,1,0,0,VALID,-0.3000000000000113,-0.0600000000000022,394.1,2.7316661582138533,5.0,1,Stopped,-0.1433333333333333,0,0,,396.7,398.5,401.7,0.0
92H-07095,2026-07-31 12:30:00,391.4,30.0,"Nguyễn Văn Linh, Xã Bình Hưng, TP Hồ Chí Minh",0,0,391.4,5.0,15.0,0,0.0,1,0,0,VALID,-1.6000000000000227,-0.3200000000000045,393.3,1.4377065068814352,5.0,1,Moving,0.1,0,0,,396.0,397.5,401.2,1.0
92H-07095,2026-07-31 12:35:00,392.2,20.0,"Nguyễn Văn Linh, Phường Tân Hưng, TP Hồ Chí Minh",0,0,392.2,5.0,15.0,0,0.0,1,0,0,VALID,0.8000000000000114,0.1600000000000022,393.0,1.4638989035889267,5.0,1,Moving,-0.0333333333333333,0,0,,396.6,397.1,400.7,1.0
92H-07095,2026-07-31 12:40:00,391.3,22.0,"Cầu Phú Mỹ, Phường Phú Thuận, TP Hồ Chí Minh",0,0,391.3,5.0,15.0,0,0.0,1,0,0,VALID,-0.8999999999999773,-0.1799999999999954,392.2,0.9071934743636937,5.0,1,Moving,0.0066666666666666,0,0,,396.0,396.7,400.2,1.0
92H-07095,2026-07-31 12:45:00,388.3,32.0,"Cầu Phú Mỹ, Phường Cát Lái, TP Hồ Chí Minh",0,0,388.3,5.0,15.0,0,0.0,1,0,0,VALID,-3.0,-0.6,391.4,1.7812916661588774,5.0,1,Moving,0.0333333333333333,0,0,,394.5,395.8,399.7,1.0
92H-07095,2026-07-31 12:50:00,390.0,0.0,Trạm thu phí cầu Phú Mỹ,0,0,390.0,5.0,15.0,0,0.0,1,0,0,VALID,1.6999999999999886,0.3399999999999977,391.3,1.5274161187857334,5.0,1,Stopped,-0.1066666666666666,0,0,,394.9,395.4,399.2,0.0
92H-07095,2026-07-31 12:55:00,386.1,45.0,"Võ Chí Công, Phường Cát Lái, TP Hồ Chí Minh",0,0,386.1,5.0,15.0,0,0.0,1,0,0,VALID,-3.899999999999977,-0.7799999999999955,390.0,2.4365959861916657,5.0,1,Moving,0.15,0,0,,391.3,393.8,398.4,1.0
92H-07095,2026-07-31 13:00:00,389.2,0.0,"Võ Chí Công, Phường Long Trường, TP Hồ Chí Minh",0,0,389.2,5.0,15.0,0,0.0,1,0,0,VALID,3.099999999999966,0.6199999999999932,389.2,1.9511535049618056,5.0,1,Stopped,-0.15,0,0,,393.3,393.6,397.9,0.0
92H-07095,2026-07-31 13:05:00,386.0,0.0,"Võ Chí Công, Phường Long Trường, TP Hồ Chí Minh",0,0,386.0,5.0,15.0,0,0.0,1,0,0,VALID,-3.1999999999999886,-0.6399999999999977,388.3,1.8102486016908599,5.0,1,Stopped,0.0,0,0,,390.5,392.4,397.1,0.0
92H-07095,2026-07-31 13:10:00,386.9,0.0,"Võ Chí Công, Phường Long Trường, TP Hồ Chí Minh",0,0,386.9,5.0,15.0,0,0.0,1,0,0,VALID,0.8999999999999773,0.1799999999999954,386.9,1.8447222012876254,5.0,1,Stopped,0.0,0,0,,390.9,391.8,396.5,0.0
92H-07095,2026-07-31 13:15:00,385.4,0.0,"Cầu, Phường Long Trường, TP Hồ Chí Minh",0,0,385.4,5.0,15.0,0,0.0,1,0,0,VALID,-1.5,-0.3,386.1,1.4855975228582796,5.0,1,Stopped,0.0,0,0,,389.0,390.7,395.8,0.0
92H-07095,2026-07-31 13:20:00,385.6,0.0,"Võ Chí Công, Phường Long Trường, TP Hồ Chí Minh",0,0,385.6,5.0,15.0,0,0.0,1,0,0,VALID,0.2000000000000454,0.0400000000000091,386.0,1.5530614926404462,5.0,1,Stopped,0.0,0,0,,389.1,390.0,395.1,0.0
92H-07095,2026-07-31 13:25:00,384.2,51.0,"Cao tốc Hồ Chí Minh - Long Thành - Dầu Giây, Phường Long Trường, TP Hồ",0,0,384.2,5.0,15.0,0,0.0,1,0,0,VALID,-1.400000000000034,-0.2800000000000068,385.6,0.9808159867792448,5.0,1,Moving,0.17,0,0,,387.8,389.1,394.4,1.0
92H-07095,2026-07-31 13:30:00,383.8,27.0,Trạm Long Thành Dầu dây,0,0,383.8,5.0,15.0,0,0.0,1,0,0,VALID,-0.3999999999999772,-0.0799999999999954,385.4,1.2296340918831772,5.0,1,Moving,-0.08,0,0,,387.0,388.3,393.6,1.0
92H-07095,2026-07-31 13:35:00,380.7,63.0,"Cao tốc Long Thành - Dầu Giây, Xã An Phước, Tỉnh Đồng Nai",0,0,380.7,5.0,15.0,0,0.0,1,0,0,VALID,-3.1000000000000227,-0.6200000000000045,384.2,1.9667231630100834,5.0,1,Moving,0.12,0,0,,385.5,387.2,392.8,1.0
92H-07095,2026-07-31 13:40:00,378.5,48.0,"Xã Nhơn Trạch, Tỉnh Đồng Nai",0,0,378.5,5.0,15.0,0,0.0,1,0,0,VALID,-2.1999999999999886,-0.4399999999999977,383.8,2.890155705134112,5.0,1,Moving,-0.05,0,0,,383.1,385.5,391.8,1.0
92H-07095,2026-07-31 13:45:00,375.1,36.0,"Trần Phú, Xã Nhơn Trạch, Tỉnh Đồng Nai",0,0,375.1,5.0,15.0,0,0.0,1,0,0,VALID,-3.3999999999999773,-0.6799999999999955,380.7,3.800394716331093,5.0,1,Moving,-0.04,0,0,,381.4,383.9,390.8,1.0
92H-07095,2026-07-31 13:50:00,376.5,0.0,"Trần Phú, Xã Nhơn Trạch, Tỉnh Đồng Nai",0,0,376.5,5.0,15.0,0,0.0,1,0,0,VALID,1.3999999999999773,0.2799999999999955,378.5,3.4499275354586603,5.0,1,Stopped,-0.12,0,0,,381.1,382.8,389.8,0.0
92H-07095,2026-07-31 13:55:00,376.5,43.0,"Tôn Đức Thắng, Xã Nhơn Trạch, Tỉnh Đồng Nai",0,0,376.5,5.0,15.0,0,0.0,1,0,0,VALID,0.0,0.0,376.5,2.178990591974748,5.0,1,Moving,0.1433333333333333,0,0,,381.3,382.2,389.0,1.0
92H-07095,2026-07-31 14:00:00,371.6,57.0,"Quốc Lộ 51, Xã Long Thành, Tỉnh Đồng Nai",0,0,371.6,5.0,15.0,0,0.0,1,0,0,VALID,-4.899999999999977,-0.9799999999999954,376.5,2.562810956725593,5.0,1,Moving,0.0466666666666666,0,0,,378.1,380.5,387.9,1.0
92H-07095,2026-07-31 14:05:00,371.3,56.0,"Quốc Lộ 51, Xã Long Phước, Tỉnh Đồng Nai",0,0,371.3,5.0,15.0,0,0.0,1,0,0,VALID,-0.3000000000000113,-0.0600000000000022,375.1,2.5768197453278443,5.0,1,Moving,-0.0033333333333333,0,0,,378.0,379.5,386.9,1.0
92H-07095,2026-07-31 14:10:00,370.3,51.0,"Quốc Lộ 51, Xã Phước Thái, Tỉnh Đồng Nai",0,0,370.3,5.0,15.0,0,0.0,1,0,0,VALID,-1.0,-0.2,371.6,3.0146309890118568,5.0,1,Moving,-0.0166666666666666,0,0,,376.4,378.3,385.9,1.0
92H-07095,2026-07-31 14:15:00,369.7,0.0,"Quốc Lộ 51, Xã Phước Thái, Tỉnh Đồng Nai",0,0,369.7,5.0,15.0,0,0.0,1,0,0,VALID,-0.6000000000000227,-0.1200000000000045,371.3,2.6929537686171963,5.0,1,Stopped,-0.17,0,0,,375.5,377.2,384.8,0.0
92H-07095,2026-07-31 14:20:00,367.2,47.0,"Quốc Lộ 51, Phường Phú Mỹ, TP Hồ Chí Minh",0,0,367.2,5.0,15.0,0,0.0,1,0,0,VALID,-2.5,-0.5,370.3,1.7512852423029768,5.0,1,Moving,0.1566666666666666,0,0,,373.4,375.7,383.7,1.0
92H-07095,2026-07-31 14:25:00,369.3,0.0,"Quốc Lộ 51, Phường Phú Mỹ, TP Hồ Chí Minh",0,0,369.3,5.0,15.0,0,0.0,1,0,0,VALID,2.1000000000000227,0.4200000000000045,369.7,1.5192103211562953,5.0,1,Stopped,-0.1566666666666666,0,0,,373.7,374.9,382.7,0.0
92H-07095,2026-07-31 14:30:00,363.2,51.0,"Mỹ Xuân - Ngãi Giao, Phường Phú Mỹ, TP Hồ Chí Minh",0,0,363.2,5.0,15.0,0,0.0,1,0,0,VALID,-6.100000000000023,-1.2200000000000046,369.3,2.895341085244777,5.0,1,Moving,0.17,0,0,,369.1,372.6,380.6,1.0
92H-07095,2026-07-31 14:35:00,365.9,9.0,"Phường Tân Thành, TP Hồ Chí Minh",0,0,365.9,5.0,15.0,0,0.0,1,0,0,VALID,2.6999999999999886,0.5399999999999977,367.2,2.6576305235878155,5.0,1,Moving,-0.14,0,0,,371.5,372.1,379.7,1.0
92H-07095,2026-07-31 14:40:00,360.6,45.0,"Phường Tân Thành, TP Hồ Chí Minh",0,0,360.6,5.0,15.0,0,0.0,1,0,0,VALID,-5.2999999999999545,-1.059999999999991,365.9,3.4077852044845898,5.0,1,Moving,0.12,0,0,,367.2,370.2,377.8,1.0
92H-07095,2026-07-31 14:45:00,365.6,0.0,"Phường Tân Thành, TP Hồ Chí Minh",0,0,365.6,5.0,15.0,0,0.0,1,0,0,VALID,5.0,1.0,365.6,3.2491537359601557,5.0,1,Stopped,-0.15,0,0,,369.2,369.8,377.0,0.0
92H-07095,2026-07-31 14:50:00,367.2,0.0,"Phường Tân Thành, TP Hồ Chí Minh",0,0,367.2,5.0,15.0,0,0.0,1,0,0,VALID,1.599999999999966,0.3199999999999932,365.6,2.6153393661059483,5.0,1,Stopped,0.0,0,0,,369.6,369.7,376.2,0.0
92H-07095,2026-07-31 14:55:00,357.9,0.0,"Phường Tân Thành, TP Hồ Chí Minh",0,0,357.9,5.0,15.0,0,0.0,1,0,0,VALID,-9.300000000000011,-1.8600000000000023,365.6,3.987856567117558,5.0,1,Stopped,0.0,1,1,LARGE_DELTA,363.4,367.2,374.3,0.0
92H-07095,2026-07-31 15:00:00,357.9,0.0,"Phường Tân Thành, TP Hồ Chí Minh",0,0,357.9,5.0,15.0,0,0.0,1,0,0,VALID,0.0,0.0,360.6,4.343155534850371,5.0,1,Stopped,0.0,0,0,,363.3,365.6,373.2,0.0
92H-07095,2026-07-31 15:05:00,358.1,0.0,"Phường Tân Thành, TP Hồ Chí Minh",0,0,358.1,5.0,15.0,0,0.0,1,0,0,VALID,0.2000000000000454,0.0400000000000091,358.1,4.6543528014001065,5.0,1,Stopped,0.0,0,0,,362.4,364.3,372.1,0.0
92H-07095,2026-07-31 15:10:00,350.6,0.0,"Phường Tân Thành, TP Hồ Chí Minh",0,0,350.6,5.0,15.0,0,0.0,1,0,0,VALID,-7.5,-1.5,357.9,5.891773926407786,5.0,1,Stopped,0.0,0,0,,356.6,361.2,369.8,0.0
92H-07095,2026-07-31 15:15:00,350.6,0.0,"Phường Tân Thành, TP Hồ Chí Minh",0,0,350.6,5.0,15.0,0,0.0,1,0,0,VALID,0.0,0.0,357.9,4.035715549923708,5.0,1,Stopped,0.0,0,0,,355.9,359.1,367.7,0.0
92H-07095,2026-07-31 15:20:00,350.6,0.0,"Phường Tân Thành, TP Hồ Chí Minh",0,0,350.6,5.0,15.0,0,0.0,1,0,0,VALID,0.0,0.0,350.6,4.05376368328186,5.0,1,Stopped,0.0,0,0,,355.3,357.6,357.8,0.0
92H-07095,2026-07-31 15:25:00,350.6,0.0,"Phường Tân Thành, TP Hồ Chí Minh",0,0,350.6,5.0,15.0,0,0.0,1,0,0,VALID,0.0,0.0,350.6,3.354101966233881,5.0,1,Stopped,0.0,0,0,,354.5,356.4,357.5,0.0
92H-07095,2026-07-31 15:30:00,350.5,0.0,"Phường Tân Thành, TP Hồ Chí Minh",0,0,350.5,5.0,15.0,0,0.0,1,0,0,VALID,-0.1000000000000227,-0.0200000000000045,350.6,0.04472135835289779,5.0,1,Stopped,0.0,0,0,,355.5,356.0,357.3,0.0
92H-07095,2026-07-31 15:35:00,350.5,0.0,"Phường Tân Thành, TP Hồ Chí Minh",0,0,350.5,5.0,15.0,0,0.0,1,0,0,VALID,0.0,0.0,350.6,0.05477225477298148,5.0,1,Stopped,0.0,0,0,,354.8,355.5,357.0,0.0
92H-07095,2026-07-31 15:40:00,350.5,0.0,"Phường Tân Thành, TP Hồ Chí Minh",0,0,350.5,5.0,15.0,0,0.0,1,0,0,VALID,0.0,0.0,350.5,0.0547722547728777,5.0,1,Stopped,0.0,0,0,,353.1,354.6,356.6,0.0
92H-07095,2026-07-31 15:45:00,350.5,0.0,"Phường Tân Thành, TP Hồ Chí Minh",0,0,350.5,5.0,15.0,0,0.0,1,0,0,VALID,0.0,0.0,350.5,0.04472135835251648,5.0,1,Stopped,0.0,0,0,,353.0,353.9,356.3,0.0
92H-07095,2026-07-31 15:50:00,350.5,0.0,"Phường Tân Thành, TP Hồ Chí Minh",0,0,350.5,5.0,15.0,0,0.0,1,0,0,VALID,0.0,0.0,350.5,0.0,5.0,1,Stopped,0.0,0,0,,352.4,353.3,355.9,0.0
92H-07095,2026-07-31 15:55:00,350.5,0.0,"Phường Tân Thành, TP Hồ Chí Minh",0,0,350.5,5.0,15.0,0,0.0,1,0,0,VALID,0.0,0.0,350.5,0.0,5.0,1,Stopped,0.0,0,0,,350.5,352.2,355.3,0.0
92H-07095,2026-07-31 16:00:00,350.5,0.0,"Phường Tân Thành, TP Hồ Chí Minh",0,0,350.5,5.0,15.0,0,0.0,1,0,0,VALID,0.0,0.0,350.5,0.0,5.0,1,Stopped,0.0,0,0,,350.5,351.5,354.9,0.0
92H-07095,2026-07-31 16:05:00,350.5,0.0,"Phường Tân Thành, TP Hồ Chí Minh",0,0,350.5,5.0,15.0,0,0.0,1,0,0,VALID,0.0,0.0,350.5,0.0,5.0,1,Stopped,0.0,0,0,,350.5,351.1,354.4,0.0
92H-07095,2026-07-31 16:10:00,350.5,0.0,"Phường Tân Thành, TP Hồ Chí Minh",0,0,350.5,5.0,15.0,0,0.0,1,0,0,VALID,0.0,0.0,350.5,0.0,5.0,1,Stopped,0.0,0,0,,350.5,350.9,354.0,0.0
92H-07095,2026-07-31 16:15:00,350.3,0.0,"Phường Tân Thành, TP Hồ Chí Minh",0,0,350.3,5.0,15.0,0,0.0,1,0,0,VALID,-0.1999999999999886,-0.0399999999999977,350.5,0.08944271850108447,5.0,1,Stopped,0.0,0,0,,350.3,350.6,353.7,0.0
92H-07095,2026-07-31 16:20:00,350.3,0.0,"Phường Tân Thành, TP Hồ Chí Minh",0,0,350.3,5.0,15.0,0,0.0,1,0,0,VALID,0.0,0.0,350.5,0.10954451101193344,5.0,1,Stopped,0.0,0,0,,350.3,350.5,353.3,0.0
92H-07095,2026-07-31 16:25:00,350.2,0.0,"Phường Tân Thành, TP Hồ Chí Minh",0,0,350.2,5.0,15.0,0,0.0,1,0,0,VALID,-0.1000000000000227,-0.0200000000000045,350.3,0.13416407825052742,5.0,1,Stopped,0.0,0,0,,350.2,350.4,353.0,0.0
92H-07095,2026-07-31 16:30:00,350.2,0.0,"Phường Tân Thành, TP Hồ Chí Minh",0,0,350.2,5.0,15.0,0,0.0,1,0,0,VALID,0.0,0.0,350.3,0.12247448670143693,5.0,1,Stopped,0.0,0,0,,350.2,350.3,352.7,0.0
92H-07095,2026-07-31 16:35:00,350.0,0.0,"Phường Tân Thành, TP Hồ Chí Minh",0,0,350.0,5.0,15.0,0,0.0,1,0,0,VALID,-0.1999999999999886,-0.0399999999999977,350.2,0.12247448670120487,5.0,1,Stopped,0.0,0,0,,350.0,350.2,352.5,0.0
92H-07095,2026-07-31 16:40:00,349.9,0.0,"Phường Tân Thành, TP Hồ Chí Minh",0,0,349.9,5.0,15.0,0,0.0,1,0,0,VALID,-0.1000000000000227,-0.0200000000000045,350.2,0.16431676692498906,5.0,1,Stopped,0.0,0,0,,349.9,350.1,352.2,0.0
92H-07095,2026-07-31 16:45:00,349.7,0.0,"Phường Tân Thành, TP Hồ Chí Minh",0,0,349.7,5.0,15.0,0,0.0,1,0,0,VALID,-0.1999999999999886,-0.0399999999999977,350.0,0.21213203410284978,5.0,1,Stopped,0.0,0,0,,349.7,349.9,351.9,0.0
92H-07095,2026-07-31 16:50:00,349.7,0.0,"Phường Tân Thành, TP Hồ Chí Minh",0,0,349.7,5.0,15.0,0,0.0,1,0,0,VALID,0.0,0.0,349.9,0.2121320341027158,5.0,1,Stopped,0.0,0,0,,349.7,349.8,351.7,0.0
92H-07095,2026-07-31 16:55:00,350.2,0.0,"Phường Tân Thành, TP Hồ Chí Minh",0,0,350.2,5.0,15.0,0,0.0,1,0,0,VALID,0.5,0.1,349.9,0.2121320341027158,5.0,1,Stopped,0.0,0,0,,350.2,350.0,351.6,0.0
92H-07095,2026-07-31 17:00:00,355.6,0.0,"Phường Tân Thành, TP Hồ Chí Minh",0,0,355.6,5.0,15.0,0,0.0,1,0,0,VALID,5.400000000000034,1.0800000000000067,349.9,2.5684625751397157,5.0,1,Stopped,0.0,0,0,,353.7,351.5,351.8,0.0
92H-07095,2026-07-31 17:05:00,355.6,0.0,"Phường Tân Thành, TP Hồ Chí Minh",0,0,355.6,5.0,15.0,0,0.0,1,0,0,VALID,0.0,0.0,350.2,3.146903239677697,5.0,1,Stopped,0.0,0,0,,353.9,352.4,352.0,0.0
92H-07095,2026-07-31 17:10:00,355.4,0.0,"Phường Tân Thành, TP Hồ Chí Minh",0,0,355.4,5.0,15.0,0,0.0,1,0,0,VALID,-0.2000000000000454,-0.0400000000000091,355.4,3.0643106891917022,5.0,1,Stopped,0.0,0,0,,354.1,353.1,352.2,0.0
92H-07095,2026-07-31 17:15:00,355.3,0.0,"Phường Tân Thành, TP Hồ Chí Minh",0,0,355.3,5.0,15.0,0,0.0,1,0,0,VALID,-0.0999999999999659,-0.0199999999999931,355.4,2.3626256580116833,5.0,1,Stopped,0.0,0,0,,354.1,353.5,352.4,0.0
92H-07095,2026-07-31 17:20:00,359.0,36.0,"Phường Tân Thành, TP Hồ Chí Minh",0,0,359.0,5.0,15.0,0,0.0,1,0,0,VALID,3.6999999999999886,0.7399999999999978,355.6,1.5817711591428278,5.0,1,Moving,0.12,0,0,,356.5,354.7,352.8,1.0
92H-07095,2026-07-31 17:25:00,358.7,18.0,"Mỹ Xuân - Ngãi Giao, Phường Tân Thành, TP Hồ Chí Minh",0,0,358.7,5.0,15.0,0,0.0,1,0,0,VALID,-0.3000000000000113,-0.0600000000000022,355.6,1.8774983355242667,5.0,1,Moving,-0.06,0,0,,356.3,355.3,353.2,1.0
92H-07095,2026-07-31 17:30:00,352.4,40.0,"Phường Tân Thành, TP Hồ Chí Minh",0,0,352.4,5.0,15.0,0,0.0,1,0,0,VALID,-6.300000000000011,-1.2600000000000022,355.4,2.7373344698622657,5.0,1,Moving,0.0733333333333333,0,0,,352.4,354.2,353.1,1.0
92H-07095,2026-07-31 17:35:00,354.4,38.0,"Phường Tân Thành, TP Hồ Chí Minh",0,0,354.4,5.0,15.0,0,0.0,1,0,0,VALID,2.0,0.4,355.3,2.8413025181940843,5.0,1,Moving,-0.0066666666666666,0,0,,354.4,354.3,353.2,1.0
92H-07095,2026-07-31 17:40:00,357.9,0.0,"Mỹ Xuân - Ngãi Giao, Xã Kim Long, TP Hồ Chí Minh",0,0,357.9,5.0,15.0,0,0.0,1,0,0,VALID,3.5,0.7,357.9,2.9269437985544378,5.0,1,Stopped,-0.1266666666666666,0,0,,356.5,355.2,353.5,0.0
92H-07095,2026-07-31 17:45:00,350.5,43.0,"Mỹ Xuân - Ngãi Giao, Xã Kim Long, TP Hồ Chí Minh",0,0,350.5,5.0,15.0,0,0.0,1,0,0,VALID,-7.399999999999977,-1.4799999999999955,354.4,3.5081334067984655,5.0,1,Moving,0.1433333333333333,0,0,,354.0,354.7,353.6,1.0
92H-07095,2026-07-31 17:50:00,348.4,49.0,"Xã Kim Long, TP Hồ Chí Minh",0,0,348.4,5.0,15.0,0,0.0,1,0,0,VALID,-2.1000000000000227,-0.4200000000000045,352.4,3.6519857611845112,5.0,1,Moving,0.02,0,0,,352.8,353.9,353.5,1.0
92H-07095,2026-07-31 17:55:00,348.0,33.0,"Mỹ Xuân - Ngãi Giao, Xã Ngãi Giao, TP Hồ Chí Minh",0,0,348.0,5.0,15.0,0,0.0,1,0,0,VALID,-0.3999999999999772,-0.0799999999999954,350.5,4.2323752196484135,5.0,1,Moving,-0.0533333333333333,0,0,,352.3,353.3,353.4,1.0
92H-07095,2026-07-31 18:00:00,345.9,19.0,"Lê Lai, Xã Ngãi Giao, TP Hồ Chí Minh",0,0,345.9,5.0,15.0,0,0.0,1,0,0,VALID,-2.1000000000000227,-0.4200000000000045,348.4,4.634975728080271,5.0,1,Moving,-0.0466666666666666,0,0,,351.0,352.4,353.1,1.0
92H-07095,2026-07-31 18:05:00,345.8,0.0,"Hùng Vương, Xã Ngãi Giao, TP Hồ Chí Minh",0,0,345.8,5.0,15.0,0,0.0,1,0,0,VALID,-0.0999999999999659,-0.0199999999999931,348.0,1.9537144110366234,5.0,1,Stopped,-0.0633333333333333,0,0,,351.5,352.0,353.0,0.0
92H-07095,2026-07-31 18:10:00,341.3,45.0,"Quốc Lộ 56, Xã Kim Long, TP Hồ Chí Minh",0,0,341.3,5.0,15.0,0,0.0,1,0,0,VALID,-4.5,-0.9,345.9,2.820815484907027,5.0,1,Moving,0.15,0,0,,348.0,350.4,352.5,1.0
92H-07095,2026-07-31 18:15:00,336.5,0.0,"Quốc Lộ 56, Xã Kim Long, TP Hồ Chí Minh",0,0,336.5,5.0,15.0,0,0.0,1,0,0,VALID,-4.800000000000011,-0.9600000000000024,345.8,4.613566949757015,5.0,1,Stopped,-0.15,0,0,,342.8,347.4,351.5,0.0
92H-07095,2026-07-31 18:20:00,342.8,0.0,"Quốc Lộ 56, Xã Châu Đức, TP Hồ Chí Minh",0,0,342.8,5.0,15.0,0,0.0,1,0,0,VALID,6.300000000000011,1.2600000000000022,342.8,3.8720795446232494,5.0,1,Stopped,0.0,0,0,,347.4,347.4,351.1,0.0
92H-07095,2026-07-31 18:25:00,331.9,40.0,"Quốc Lộ 56, Xã Cẩm Mỹ, Tỉnh Đồng Nai",0,0,331.9,5.0,15.0,0,0.0,1,0,0,VALID,-10.900000000000034,-2.180000000000007,341.3,5.487531321084992,5.0,1,Moving,0.1333333333333333,1,1,LARGE_DELTA,339.5,344.2,349.4,1.0
92H-07095,2026-07-31 18:30:00,338.4,51.0,"Quốc Lộ 56, Xã Cẩm Mỹ, Tỉnh Đồng Nai",0,0,338.4,5.0,15.0,0,0.0,1,0,0,VALID,6.5,1.3,338.4,4.283339818399684,5.0,1,Moving,0.0366666666666666,0,0,,343.1,343.8,348.7,1.0
92H-07095,2026-07-31 18:35:00,331.1,27.0,"Quốc Lộ 56, Xã Cẩm Mỹ, Tỉnh Đồng Nai",0,0,331.1,5.0,15.0,0,0.0,1,0,0,VALID,-7.299999999999954,-1.4599999999999909,336.5,4.821099459655173,5.0,1,Moving,-0.08,0,0,,337.3,341.2,347.6,1.0
92H-07095,2026-07-31 18:40:00,326.8,38.0,"Quốc Lộ 56, Xã Cẩm Mỹ, Tỉnh Đồng Nai",0,0,326.8,5.0,15.0,0,0.0,1,0,0,VALID,-4.300000000000011,-0.8600000000000023,331.9,6.349409421346739,5.0,1,Moving,0.0366666666666666,0,0,,333.9,338.3,345.5,1.0
92H-07095,2026-07-31 18:45:00,330.2,44.0,"Quốc Lộ 56, Phường Hàng Gòn, Tỉnh Đồng Nai",0,0,330.2,5.0,15.0,0,0.0,1,0,0,VALID,3.3999999999999773,0.6799999999999955,331.1,4.229302542959761,5.0,1,Moving,0.02,0,0,,335.4,337.1,344.5,1.0
92H-07095,2026-07-31 18:50:00,331.1,76.0,"Cao tốc Phan Thiết - Dầu Giây, Xã Xuân Định, Tỉnh Đồng Nai",0,0,331.1,5.0,15.0,0,0.0,1,0,0,VALID,0.9000000000000341,0.1800000000000068,331.1,4.234028814248418,5.0,1,Moving,0.1066666666666666,0,0,,334.9,336.2,343.6,1.0
92H-07095,2026-07-31 18:55:00,329.9,66.0,"Cao tốc Phan Thiết - Dầu Giây, Xã Xuân Định, Tỉnh Đồng Nai",0,0,329.9,5.0,15.0,0,0.0,1,0,0,VALID,-1.2000000000000457,-0.2400000000000091,330.2,1.7711578133767807,5.0,1,Moving,-0.0333333333333333,0,0,,333.5,335.1,342.6,1.0
92H-07095,2026-07-31 19:00:00,324.3,65.0,"Cao tốc Phan Thiết - Dầu Giây, Xã Xuân Lộc, Tỉnh Đồng Nai",0,0,324.3,5.0,15.0,0,0.0,1,0,0,VALID,-5.599999999999966,-1.1199999999999932,329.9,2.8342547521147945,5.0,1,Moving,-0.0033333333333333,0,0,,329.5,332.9,340.6,1.0
92H-07095,2026-07-31 19:05:00,322.3,66.0,"Cao tốc Phan Thiết - Dầu Giây, Xã Xuân Hòa, Tỉnh Đồng Nai",0,0,322.3,5.0,15.0,0,0.0,1,0,0,VALID,-2.0,-0.4,329.9,3.9771849340815204,5.0,1,Moving,0.0033333333333333,0,0,,328.5,331.1,338.8,1.0
92H-07095,2026-07-31 19:10:00,320.6,72.0,"Cao tốc Phan Thiết - Dầu Giây, Xã Xuân Hòa, Tỉnh Đồng Nai",0,0,320.6,5.0,15.0,0,0.0,1,0,0,VALID,-1.6999999999999886,-0.3399999999999977,324.3,4.645212589310034,5.0,1,Moving,0.02,0,0,,325.6,328.9,328.2,1.0
92H-07095,2026-07-31 19:15:00,319.2,69.0,"Cao tốc Phan Thiết - Dầu Giây, Xã Xuân Hòa, Tỉnh Đồng Nai",0,0,319.2,5.0,15.0,0,0.0,1,0,0,VALID,-1.400000000000034,-0.2800000000000068,322.3,4.172888687693895,5.0,1,Moving,-0.01,0,0,,325.2,327.4,327.9,1.0
92H-07095,2026-07-31 19:20:00,316.5,68.0,"Cao tốc Phan Thiết - Dầu Giây, Xã Tân Minh, Tỉnh Lâm Đồng",0,0,316.5,5.0,15.0,0,0.0,1,0,0,VALID,-2.6999999999999886,-0.5399999999999977,320.6,2.9727092020382604,5.0,1,Moving,-0.0033333333333333,0,0,,321.9,325.2,327.3,1.0
92H-07095,2026-07-31 19:25:00,316.7,71.0,"Cao tốc Phan Thiết - Dầu Giây, Xã Tân Minh, Tỉnh Lâm Đồng",0,0,316.7,5.0,15.0,0,0.0,1,0,0,VALID,0.1999999999999886,0.0399999999999977,319.2,2.5005999279937807,5.0,1,Moving,0.01,0,0,,321.5,323.7,326.7,1.0
92H-07095,2026-07-31 19:30:00,314.9,44.0,"Lê Duẩn, Xã Tân Minh, Tỉnh Lâm Đồng",0,0,314.9,5.0,15.0,0,0.0,1,0,0,VALID,-1.8000000000000114,-0.3600000000000022,316.7,2.284075305212631,5.0,1,Moving,-0.09,0,0,,321.3,322.8,326.2,1.0
92H-07095,2026-07-31 19:35:00,310.8,53.0,"Quốc Lộ 1, Xã Tân Minh, Tỉnh Lâm Đồng",0,0,310.8,5.0,15.0,0,0.0,1,0,0,VALID,-4.099999999999966,-0.8199999999999932,316.5,3.1027407239216465,5.0,1,Moving,0.03,0,0,,318.4,321.0,325.4,1.0
92H-07095,2026-07-31 19:40:00,310.5,53.0,"Quốc Lộ 1, Xã Tân Minh, Tỉnh Lâm Đồng",0,0,310.5,5.0,15.0,0,0.0,1,0,0,VALID,-0.3000000000000113,-0.0600000000000022,314.9,3.03183112984242,5.0,1,Moving,0.0,0,0,,317.6,319.6,324.6,1.0
92H-07095,2026-07-31 19:45:00,310.1,0.0,"Xã Hàm Tân, Tỉnh Lâm Đồng",0,0,310.1,5.0,15.0,0,0.0,1,0,0,VALID,-0.3999999999999772,-0.0799999999999954,310.8,2.999999999980216,5.0,1,Stopped,-0.1766666666666666,0,0,,315.7,318.1,323.7,0.0
92H-07095,2026-07-31 19:50:00,429.6,0.0,"Xã Hàm Tân, Tỉnh Lâm Đồng",0,0,429.6,5.0,15.0,0,0.0,1,0,0,VALID,119.5,23.9,310.8,52.81786629541077,5.0,1,Stopped,0.0,1,1,LARGE_DELTA,411.0,355.2,336.8,0.0
92H-07095,2026-07-31 19:55:00,549.8,0.0,"Xã Hàm Tân, Tỉnh Lâm Đồng",0,0,549.8,5.0,15.0,0,0.0,1,0,0,VALID,120.19999999999992,24.039999999999985,310.8,106.97402955857974,5.0,1,Stopped,0.0,1,1,LARGE_DELTA,525.7,423.4,365.2,0.0
92H-07095,2026-07-31 20:00:00,589.1,0.0,"Xã Hàm Tân, Tỉnh Lâm Đồng",0,0,589.1,5.0,15.0,0,0.0,1,0,0,VALID,39.30000000000007,7.860000000000014,429.6,130.3989148727853,5.0,1,Stopped,0.0,1,1,LARGE_DELTA,570.9,482.4,529.8,0.0
92H-07095,2026-07-31 20:05:00,593.4,29.0,"Xã Tân Lập, Tỉnh Lâm Đồng",0,0,593.4,5.0,15.0,0,0.0,1,0,0,VALID,4.2999999999999545,0.8599999999999909,549.8,122.4783450247427,5.0,1,Moving,0.0966666666666666,0,0,,585.3,523.6,574.2,1.0
92H-07095,2026-07-31 20:10:00,590.0,0.0,"Xã Tân Lập, Tỉnh Lâm Đồng",0,0,590.0,5.0,15.0,0,0.0,1,0,0,VALID,-3.3999999999999773,-0.6799999999999955,589.1,69.83524897929361,5.0,1,Stopped,-0.0966666666666666,0,0,,586.2,548.6,583.8,0.0
92H-07095,2026-07-31 20:15:00,590.0,0.0,"Xã Tân Lập, Tỉnh Lâm Đồng",0,0,590.0,5.0,15.0,0,0.0,1,0,0,VALID,0.0,0.0,590.0,18.33133928549524,5.0,1,Stopped,0.0,0,0,,585.7,563.5,584.0,0.0
92H-07095,2026-07-31 20:20:00,589.9,0.0,"Xã Tân Lập, Tỉnh Lâm Đồng",0,0,589.9,5.0,15.0,0,0.0,1,0,0,VALID,-0.1000000000000227,-0.0200000000000045,590.0,1.675410397468045,5.0,1,Stopped,0.0,0,0,,584.9,572.0,584.1,0.0
92H-07095,2026-07-31 20:25:00,589.9,0.0,"Xã Tân Lập, Tỉnh Lâm Đồng",0,0,589.9,5.0,15.0,0,0.0,1,0,0,VALID,0.0,0.0,590.0,1.5436968614155244,5.0,1,Stopped,0.0,0,0,,584.2,576.9,584.1,0.0
92H-07095,2026-07-31 20:30:00,589.9,0.0,"Xã Tân Lập, Tỉnh Lâm Đồng",0,0,589.9,5.0,15.0,0,0.0,1,0,0,VALID,0.0,0.0,589.9,0.054772255237103946,5.0,1,Stopped,0.0,0,0,,586.3,580.7,584.3,0.0
92H-07095,2026-07-31 20:35:00,589.4,0.0,"Xã Tân Lập, Tỉnh Lâm Đồng",0,0,589.4,5.0,15.0,0,0.0,1,0,0,VALID,-0.5,-0.1,589.9,0.23874672760830434,5.0,1,Stopped,0.0,0,0,,587.5,583.4,584.6,0.0
92H-07095,2026-07-31 20:40:00,587.8,48.0,"Cao tốc Phan Thiết - Dầu Giây, Xã Tân Lập, Tỉnh Lâm Đồng",0,0,587.8,5.0,15.0,0,0.0,1,0,0,VALID,-1.6000000000000227,-0.3200000000000045,589.9,0.909395403520035,5.0,1,Moving,0.16,0,0,,587.8,585.2,584.9,1.0
92H-07095,2026-07-31 20:45:00,586.8,77.0,"Cao tốc Phan Thiết - Dầu Giây, Xã Tân Lập, Tỉnh Lâm Đồng",0,0,586.8,5.0,15.0,0,0.0,1,0,0,VALID,-1.0,-0.2,589.4,1.3939153489157337,5.0,1,Moving,0.0966666666666666,0,0,,589.8,587.0,585.4,1.0
92H-07095,2026-07-31 20:50:00,583.0,55.0,"Cao tốc Phan Thiết - Dầu Giây, Xã Tân Lập, Tỉnh Lâm Đồng",0,0,583.0,5.0,15.0,0,0.0,1,0,0,VALID,-3.7999999999999545,-0.7599999999999909,587.8,2.7444489428556857,5.0,1,Moving,-0.0733333333333333,0,0,,587.3,587.1,585.6,1.0
92H-07095,2026-07-31 20:55:00,578.4,80.0,"Cao tốc Phan Thiết - Dầu Giây, Xã Hàm Thuận Nam, Tỉnh Lâm Đồng",0,0,578.4,5.0,15.0,0,0.0,1,0,0,VALID,-4.600000000000023,-0.9200000000000046,586.8,4.414974518605926,5.0,1,Moving,0.0833333333333333,0,0,,582.9,585.4,585.3,1.0
92H-07095,2026-07-31 21:00:00,579.3,73.0,"Cao tốc Phan Thiết - Dầu Giây, Xã Hàm Kiệm, Tỉnh Lâm Đồng",0,0,579.3,5.0,15.0,0,0.0,1,0,0,VALID,0.8999999999999773,0.1799999999999954,583.0,4.251823138365216,5.0,1,Moving,-0.0233333333333333,0,0,,584.1,584.9,585.2,1.0
92H-07095,2026-07-31 21:05:00,577.7,73.0,"Cao tốc Vĩnh Hảo-Phan Thiết, Xã Hàm Kiệm, Tỉnh Lâm Đồng",0,0,577.7,5.0,15.0,0,0.0,1,0,0,VALID,-1.599999999999909,-0.3199999999999818,579.3,3.81352854977329,5.0,1,Moving,0.0,0,0,,582.6,584.0,585.0,1.0
92H-07095,2026-07-31 21:10:00,572.7,71.0,"Cao tốc Vĩnh Hảo-Phan Thiết, Phường Bình Thuận, Tỉnh Lâm Đồng",0,0,572.7,5.0,15.0,0,0.0,1,0,0,VALID,-5.0,-1.0,578.4,3.7009458250470972,5.0,1,Moving,-0.0066666666666666,0,0,,579.4,582.1,584.4,1.0
92H-07095,2026-07-31 21:15:00,570.3,77.0,"Cao tốc Vĩnh Hảo-Phan Thiết, Xã Hàm Liêm, Tỉnh Lâm Đồng",0,0,570.3,5.0,15.0,0,0.0,1,0,0,VALID,-2.400000000000091,-0.4800000000000182,577.7,3.949936708345061,5.0,1,Moving,0.02,0,0,,577.8,580.4,583.7,1.0
92H-07095,2026-07-31 21:20:00,570.8,76.0,"Cao tốc Vĩnh Hảo-Phan Thiết, Xã Hàm Thuận, Tỉnh Lâm Đồng",0,0,570.8,5.0,15.0,0,0.0,1,0,0,VALID,0.5,0.1,572.7,4.10097549370036,5.0,1,Moving,-0.0033333333333333,0,0,,577.5,579.2,583.1,1.0
92H-07095,2026-07-31 21:25:00,566.1,63.0,"Cao tốc Vĩnh Hảo-Phan Thiết, Xã Hàm Thuận Bắc, Tỉnh Lâm Đồng",0,0,566.1,5.0,15.0,0,0.0,1,0,0,VALID,-4.699999999999932,-0.9399999999999864,570.8,4.212125354251609,5.0,1,Moving,-0.0433333333333333,0,0,,573.8,577.1,582.2,1.0
92H-07095,2026-07-31 21:30:00,562.5,67.0,"Cao tốc Vĩnh Hảo-Phan Thiết, Xã Hồng Sơn, Tỉnh Lâm Đồng",0,0,562.5,5.0,15.0,0,0.0,1,0,0,VALID,-3.6000000000000227,-0.7200000000000045,570.3,4.120922226871947,5.0,1,Moving,0.0133333333333333,0,0,,570.5,574.4,580.4,1.0
92H-07095,2026-07-31 21:35:00,559.6,78.0,"Cao tốc Vĩnh Hảo-Phan Thiết, Xã Hồng Sơn, Tỉnh Lâm Đồng",0,0,559.6,5.0,15.0,0,0.0,1,0,0,VALID,-2.8999999999999773,-0.5799999999999954,566.1,4.864462971379847,5.0,1,Moving,0.0366666666666666,0,0,,567.4,571.6,578.5,1.0
92H-07095,2026-07-31 21:40:00,559.8,76.0,"Cao tốc Vĩnh Hảo-Phan Thiết, Xã Sông Lũy, Tỉnh Lâm Đồng",0,0,559.8,5.0,15.0,0,0.0,1,0,0,VALID,0.1999999999999318,0.0399999999999863,562.5,4.733180748706392,5.0,1,Moving,-0.0066666666666666,0,0,,566.4,569.5,568.8,1.0
92H-07095,2026-07-31 21:45:00,556.8,75.0,"Cao tốc Vĩnh Hảo-Phan Thiết, Xã Lương Sơn, Tỉnh Lâm Đồng",0,0,556.8,5.0,15.0,0,0.0,1,0,0,VALID,-3.0,-0.6,559.8,3.510413081095113,5.0,1,Moving,-0.0033333333333333,0,0,,564.3,567.4,568.4,1.0
92H-07095,2026-07-31 21:50:00,556.2,79.0,"Cao tốc Vĩnh Hảo-Phan Thiết, Xã Lương Sơn, Tỉnh Lâm Đồng",0,0,556.2,5.0,15.0,0,0.0,1,0,0,VALID,-0.599999999999909,-0.1199999999999818,559.6,2.5459772190501857,5.0,1,Moving,0.0133333333333333,0,0,,563.4,565.8,567.9,1.0
92H-07095,2026-07-31 21:55:00,555.2,76.0,"Cao tốc Vĩnh Hảo-Phan Thiết, Xã Hải Ninh, Tỉnh Lâm Đồng",0,0,555.2,5.0,15.0,0,0.0,1,0,0,VALID,-1.0,-0.2,556.8,2.0717142659936445,5.0,1,Moving,-0.01,0,0,,561.5,564.1,567.2,1.0
92H-07095,2026-07-31 22:00:00,550.8,76.0,"Cao tốc Vĩnh Hảo-Phan Thiết, Xã Hải Ninh, Tỉnh Lâm Đồng",0,0,550.8,5.0,15.0,0,0.0,1,0,0,VALID,-4.400000000000091,-0.8800000000000182,556.2,3.260061349103811,5.0,1,Moving,0.0,0,0,,558.1,561.7,566.3,1.0
92H-07095,2026-07-31 22:05:00,548.0,78.0,"Cao tốc Vĩnh Hảo-Phan Thiết, Xã Bắc Bình, Tỉnh Lâm Đồng",0,0,548.0,5.0,15.0,0,0.0,1,0,0,VALID,-2.7999999999999545,-0.559999999999991,555.2,3.8262252939312913,5.0,1,Moving,0.0066666666666666,0,0,,555.7,559.3,565.3,1.0
92H-07095,2026-07-31 22:10:00,543.7,77.0,"Cao tốc Vĩnh Hảo-Phan Thiết, Xã Tuy Phong, Tỉnh Lâm Đồng",0,0,543.7,5.0,15.0,0,0.0,1,0,0,VALID,-4.2999999999999545,-0.8599999999999909,550.8,5.166430102103253,5.0,1,Moving,-0.0033333333333333,0,0,,551.3,556.1,563.2,1.0
92H-07095,2026-07-31 22:15:00,543.7,76.0,"Cao tốc Vĩnh Hảo-Phan Thiết, Xã Tuy Phong, Tỉnh Lâm Đồng",0,0,543.7,5.0,15.0,0,0.0,1,0,0,VALID,0.0,0.0,548.0,4.905812878608145,5.0,1,Moving,-0.0033333333333333,0,0,,550.5,553.9,561.3,1.0
92H-07095,2026-07-31 22:20:00,538.6,67.0,"Cao tốc Vĩnh Hảo-Phan Thiết, Xã Liên Hương, Tỉnh Lâm Đồng",0,0,538.6,5.0,15.0,0,0.0,1,0,0,VALID,-5.100000000000023,-1.0200000000000045,543.7,4.662938987367976,5.0,1,Moving,-0.03,0,0,,546.1,550.8,549.1,1.0
92H-07095,2026-07-31 22:25:00,537.9,79.0,"Cao tốc Cam Lâm-Vĩnh Hảo, Xã Vĩnh Hảo, Tỉnh Lâm Đồng",0,0,537.9,5.0,15.0,0,0.0,1,0,0,VALID,-0.7000000000000455,-0.1400000000000091,543.7,4.166173304114448,5.0,1,Moving,0.04,0,0,,545.7,548.7,548.8,1.0
92H-07095,2026-07-31 22:30:00,529.2,38.0,"Cao tốc Cam Lâm-Vĩnh Hảo, Xã Tuy Phong, Tỉnh Lâm Đồng",0,0,529.2,5.0,15.0,0,0.0,1,0,0,VALID,-8.699999999999932,-1.7399999999999864,538.6,5.934391291439653,5.0,1,Moving,-0.1366666666666666,0,0,,537.7,544.3,547.7,1.0
92H-07095,2026-07-31 22:35:00,532.1,0.0,"Cao tốc Cam Lâm-Vĩnh Hảo, Xã Phước Hà, Tỉnh Khánh Hòa",0,0,532.1,5.0,15.0,0,0.0,1,0,0,VALID,2.8999999999999773,0.5799999999999954,537.9,5.715330261665914,5.0,1,Stopped,-0.1266666666666666,0,0,,539.7,542.5,546.9,0.0
92H-07095,2026-07-31 22:40:00,532.0,76.0,"Cao tốc Cam Lâm-Vĩnh Hảo, Xã Phước Hà, Tỉnh Khánh Hòa",0,0,532.0,5.0,15.0,0,0.0,1,0,0,VALID,-0.1000000000000227,-0.0200000000000045,532.1,4.0930428778493955,5.0,1,Moving,0.2533333333333333,0,0,,538.2,540.8,546.0,1.0
92H-07095,2026-07-31 22:45:00,532.6,0.0,"Cao tốc Cam Lâm-Vĩnh Hảo, Xã Phước Hà, Tỉnh Khánh Hòa",0,0,532.6,5.0,15.0,0,0.0,1,0,0,VALID,0.6000000000000227,0.1200000000000045,532.1,3.1674911207315843,5.0,1,Stopped,-0.2533333333333333,0,0,,537.6,539.5,545.2,0.0
92H-07095,2026-07-31 22:50:00,532.1,0.0,"Cao tốc Cam Lâm-Vĩnh Hảo, Xã Phước Hà, Tỉnh Khánh Hòa",0,0,532.1,5.0,15.0,0,0.0,1,0,0,VALID,-0.5,-0.1,532.1,1.361983847155872,5.0,1,Stopped,0.0,0,0,,536.4,538.3,544.3,0.0
92H-07095,2026-07-31 22:55:00,532.0,0.0,"Cao tốc Cam Lâm-Vĩnh Hảo, Xã Phước Hà, Tỉnh Khánh Hòa",0,0,532.0,5.0,15.0,0,0.0,1,0,0,VALID,-0.1000000000000227,-0.0200000000000045,532.1,0.25099800778797543,5.0,1,Stopped,0.0,0,0,,535.4,537.1,543.4,0.0
92H-07095,2026-07-31 23:00:00,531.7,0.0,"Cao tốc Cam Lâm-Vĩnh Hảo, Xã Phước Hà, Tỉnh Khánh Hòa",0,0,531.7,5.0,15.0,0,0.0,1,0,0,VALID,-0.2999999999999545,-0.0599999999999909,532.0,0.327108544543753,5.0,1,Stopped,0.0,0,0,,534.6,536.1,542.5,0.0
92H-07095,2026-07-31 23:05:00,528.0,72.0,"Cao tốc Cam Lâm-Vĩnh Hảo, Xã Phước Hà, Tỉnh Khánh Hòa",0,0,528.0,5.0,15.0,0,0.0,1,0,0,VALID,-3.7000000000000455,-0.7400000000000091,532.0,1.8619881846868744,5.0,1,Moving,0.24,0,0,,531.6,534.3,541.4,1.0
92H-07095,2026-07-31 23:10:00,525.5,76.0,"Cao tốc Cam Lâm-Vĩnh Hảo, Xã Phước Hữu, Tỉnh Khánh Hòa",0,0,525.5,5.0,15.0,0,0.0,1,0,0,VALID,-2.5,-0.5,531.7,2.977079105417466,5.0,1,Moving,0.0133333333333333,0,0,,529.4,532.3,539.6,1.0
92H-07095,2026-07-31 23:15:00,525.8,77.0,"Cao tốc Cam Lâm-Vĩnh Hảo, Xã Phước Hậu, Tỉnh Khánh Hòa",0,0,525.8,5.0,15.0,0,0.0,1,0,0,VALID,0.2999999999999545,0.0599999999999909,528.0,3.121698255743651,5.0,1,Moving,0.0033333333333333,0,0,,528.1,530.6,537.9,1.0
92H-07095,2026-07-31 23:20:00,524.4,51.0,"Cao tốc Cam Lâm-Vĩnh Hảo, Phường Đô Vinh, Tỉnh Khánh Hòa",0,0,524.4,5.0,15.0,0,0.0,1,0,0,VALID,-1.3999999999999773,-0.2799999999999955,525.8,2.894304752425469,5.0,1,Moving,-0.0866666666666666,0,0,,528.1,529.6,536.9,1.0
92H-07095,2026-07-31 23:25:00,518.8,72.0,"Cao tốc Cam Lâm-Vĩnh Hảo, Phường Đô Vinh, Tỉnh Khánh Hòa",0,0,518.8,5.0,15.0,0,0.0,1,0,0,VALID,-5.600000000000023,-1.1200000000000043,525.5,3.443835071531803,5.0,1,Moving,0.07,0,0,,524.3,527.5,535.0,1.0
92H-07095,2026-07-31 23:30:00,518.2,76.0,"Cao tốc Cam Lâm-Vĩnh Hảo, Xã Mỹ Sơn, Tỉnh Khánh Hòa",0,0,518.2,5.0,15.0,0,0.0,1,0,0,VALID,-0.599999999999909,-0.1199999999999818,524.4,3.7306835834619236,5.0,1,Moving,0.0133333333333333,0,0,,524.5,526.3,534.0,1.0
92H-07095,2026-07-31 23:35:00,517.2,74.0,"Cao tốc Cam Lâm-Vĩnh Hảo, Xã Thuận Bắc, Tỉnh Khánh Hòa",0,0,517.2,5.0,15.0,0,0.0,1,0,0,VALID,-1.0,-0.2,518.8,3.9258120179030596,5.0,1,Moving,-0.0066666666666666,0,0,,523.3,525.1,532.9,1.0
92H-07095,2026-07-31 23:40:00,515.5,83.0,"Cao tốc Cam Lâm-Vĩnh Hảo, Xã Công Hải, Tỉnh Khánh Hòa",0,0,515.5,5.0,15.0,0,0.0,1,0,0,VALID,-1.7000000000000457,-0.3400000000000091,518.2,3.3603571238652745,5.0,1,Moving,0.03,0,0,,522.2,523.9,531.8,1.0
92H-07095,2026-07-31 23:45:00,505.7,53.0,"Cao tốc Cam Lâm-Vĩnh Hảo, Xã Công Hải, Tỉnh Khánh Hòa",0,0,505.7,5.0,15.0,0,0.0,1,0,0,VALID,-9.800000000000011,-1.9600000000000024,517.2,5.390454526281781,5.0,1,Moving,-0.1,1,1,LARGE_DELTA,514.0,520.0,529.2,1.0
92H-07095,2026-07-31 23:50:00,512.9,64.0,"Cao tốc Cam Lâm-Vĩnh Hảo, Xã Nam Cam Ranh, Tỉnh Khánh Hòa",0,0,512.9,5.0,15.0,0,0.0,1,0,0,VALID,7.199999999999989,1.4399999999999975,515.5,5.004497976811615,5.0,1,Moving,0.0366666666666666,0,0,,518.4,519.3,528.1,1.0
92H-07095,2026-07-31 23:55:00,502.8,0.0,"Cao tốc Nha Trang-Cam Lâm, Xã Nam Cam Ranh, Tỉnh Khánh Hòa",0,0,502.8,5.0,15.0,0,0.0,1,0,0,VALID,-10.099999999999966,-2.0199999999999934,512.9,6.274312711358141,5.0,1,Stopped,-0.2133333333333333,1,1,LARGE_DELTA,510.1,515.6,525.4,0.0
92H-07095,2026-08-01 00:00:00,503.5,70.0,"Cao tốc Nha Trang-Cam Lâm, Xã Cam An, Tỉnh Khánh Hòa",0,0,503.5,5.0,15.0,0,0.0,1,0,0,VALID,0.6999999999999886,0.1399999999999977,505.7,5.762117666267269,5.0,1,Moving,0.2333333333333333,0,0,,511.0,513.8,523.2,1.0
92H-07095,2026-08-01 00:05:00,498.5,59.0,"Cao tốc Nha Trang-Cam Lâm, Xã Cam An, Tỉnh Khánh Hòa",0,0,498.5,5.0,15.0,0,0.0,1,0,0,VALID,-5.0,-1.0,503.5,5.285073320201749,5.0,1,Moving,-0.0366666666666666,0,0,,506.2,510.8,509.6,1.0
92H-07095,2026-08-01 00:10:00,497.3,64.0,"Cao tốc Nha Trang-Cam Lâm, Xã Cam Hiệp, Tỉnh Khánh Hòa",0,0,497.3,5.0,15.0,0,0.0,1,0,0,VALID,-1.1999999999999886,-0.2399999999999977,502.8,6.144916598287385,5.0,1,Moving,0.0166666666666666,0,0,,504.3,508.2,509.1,1.0
92H-07095,2026-08-01 00:15:00,496.7,78.0,"Cao tốc Nha Trang-Cam Lâm, Xã Cam Hiệp, Tỉnh Khánh Hòa",0,0,496.7,5.0,15.0,0,0.0,1,0,0,VALID,-0.6000000000000227,-0.1200000000000045,498.5,3.1714350064138235,5.0,1,Moving,0.0466666666666666,0,0,,503.2,506.2,508.5,1.0
92H-07095,2026-08-01 00:20:00,494.0,72.0,"Cao tốc Nha Trang-Cam Lâm, Xã Cam Hiệp, Tỉnh Khánh Hòa",0,0,494.0,5.0,15.0,0,0.0,1,0,0,VALID,-2.6999999999999886,-0.5399999999999977,497.3,3.488552708489076,5.0,1,Moving,-0.02,0,0,,501.0,504.1,507.7,1.0
92H-07095,2026-08-01 00:25:00,491.9,76.0,"Cao tốc Nha Trang-Cam Lâm, Xã Suối Hiệp, Tỉnh Khánh Hòa",0,0,491.9,5.0,15.0,0,0.0,1,0,0,VALID,-2.1000000000000227,-0.4200000000000045,496.7,2.679925372077725,5.0,1,Moving,0.0133333333333333,0,0,,499.0,502.1,506.9,1.0
92H-07095,2026-08-01 00:30:00,490.7,73.0,"Cao tốc Nha Trang-Cam Lâm, Xã Diên Lạc, Tỉnh Khánh Hòa",0,0,490.7,5.0,15.0,0,0.0,1,0,0,VALID,-1.1999999999999886,-0.2399999999999977,494.0,2.8899826988938035,5.0,1,Moving,-0.01,0,0,,496.7,499.9,505.8,1.0
92H-07095,2026-08-01 00:35:00,487.6,77.0,"Cao tốc Vân Phong-Nha Trang, Xã Diên Thọ, Tỉnh Khánh Hòa",0,0,487.6,5.0,15.0,0,0.0,1,0,0,VALID,-3.099999999999966,-0.6199999999999932,491.9,3.4273896772769987,5.0,1,Moving,0.0133333333333333,0,0,,495.3,498.1,504.8,1.0
92H-07095,2026-08-01 00:40:00,484.6,76.0,"Cao tốc Vân Phong-Nha Trang, Xã Diên Lâm, Tỉnh Khánh Hòa",0,0,484.6,5.0,15.0,0,0.0,1,0,0,VALID,-3.0,-0.6,490.7,3.6990539330893997,5.0,1,Moving,-0.0033333333333333,0,0,,491.5,495.4,502.8,1.0
92H-07095,2026-08-01 00:45:00,482.2,70.0,"Cao tốc Vân Phong-Nha Trang, Xã Bắc Khánh Vĩnh, Tỉnh Khánh Hòa",0,0,482.2,5.0,15.0,0,0.0,1,0,0,VALID,-2.400000000000034,-0.4800000000000068,487.6,4.063865155231332,5.0,1,Moving,-0.02,0,0,,489.7,493.1,500.8,1.0
92H-07095,2026-08-01 00:50:00,481.3,79.0,"Cao tốc Vân Phong-Nha Trang, Xã Nam Ninh Hòa, Tỉnh Khánh Hòa",0,0,481.3,5.0,15.0,0,0.0,1,0,0,VALID,-0.8999999999999773,-0.1799999999999954,484.6,3.8906297690608938,5.0,1,Moving,0.03,0,0,,487.9,491.0,490.5,1.0
92H-07095,2026-08-01 00:55:00,478.1,74.0,"Cao tốc Vân Phong-Nha Trang, Xã Nam Ninh Hòa, Tỉnh Khánh Hòa",0,0,478.1,5.0,15.0,0,0.0,1,0,0,VALID,-3.1999999999999886,-0.6399999999999977,482.2,3.5697338836252626,5.0,1,Moving,-0.0166666666666666,0,0,,485.7,488.9,490.0,1.0
92H-07095,2026-08-01 01:00:00,476.2,77.0,"Cao tốc Vân Phong-Nha Trang, Xã Tân Định, Tỉnh Khánh Hòa",0,0,476.2,5.0,15.0,0,0.0,1,0,0,VALID,-1.900000000000034,-0.3800000000000068,481.3,3.3387123266166263,5.0,1,Moving,0.01,0,0,,484.0,486.9,489.4,1.0
92H-07095,2026-08-01 01:05:00,474.9,75.0,"Cao tốc Vân Phong-Nha Trang, Xã Hòa Trí, Tỉnh Khánh Hòa",0,0,474.9,5.0,15.0,0,0.0,1,0,0,VALID,-1.3000000000000114,-0.2600000000000023,478.1,3.159588580796767,5.0,1,Moving,-0.0066666666666666,0,0,,482.2,485.0,488.7,1.0
92H-07095,2026-08-01 01:10:00,470.6,77.0,"Cao tốc Vân Phong-Nha Trang, Xã Bắc Ninh Hòa, Tỉnh Khánh Hòa",0,0,470.6,5.0,15.0,0,0.0,1,0,0,VALID,-4.2999999999999545,-0.8599999999999909,476.2,3.9581561363721818,5.0,1,Moving,0.0066666666666666,0,0,,478.5,482.4,487.7,1.0
92H-07095,2026-08-01 01:15:00,470.7,79.0,"Cao tốc Vân Phong-Nha Trang, Xã Vạn Hưng, Tỉnh Khánh Hòa",0,0,470.7,5.0,15.0,0,0.0,1,0,0,VALID,0.0999999999999659,0.0199999999999931,474.9,3.3488804099131766,5.0,1,Moving,0.0066666666666666,0,0,,478.0,480.7,486.7,1.0
92H-07095,2026-08-01 01:20:00,468.5,72.0,"Cao tốc Vân Phong-Nha Trang, Xã Vạn Ninh, Tỉnh Khánh Hòa",0,0,468.5,5.0,15.0,0,0.0,1,0,0,VALID,-2.1999999999999886,-0.4399999999999977,470.7,3.2321819255573856,5.0,1,Moving,-0.0233333333333333,0,0,,475.5,478.6,485.6,1.0
92H-07095,2026-08-01 01:25:00,465.6,71.0,"Cao tốc Vân Phong-Nha Trang, Xã Vạn Thắng, Tỉnh Khánh Hòa",0,0,465.6,5.0,15.0,0,0.0,1,0,0,VALID,-2.8999999999999773,-0.5799999999999954,470.6,3.4077852044839303,5.0,1,Moving,-0.0033333333333333,0,0,,473.0,476.4,483.7,1.0
92H-07095,2026-08-01 01:30:00,462.5,53.0,"Cao tốc Vân Phong-Nha Trang, Xã Vạn Thắng, Tỉnh Khánh Hòa",0,0,462.5,5.0,15.0,0,0.0,1,0,0,VALID,-3.1000000000000227,-0.6200000000000045,468.5,3.515252480249352,5.0,1,Moving,-0.06,0,0,,470.1,473.9,481.7,1.0
92H-07095,2026-08-01 01:35:00,460.0,0.0,"Cao tốc Vân Phong-Nha Trang, Xã Vạn Thắng, Tỉnh Khánh Hòa",0,0,460.0,5.0,15.0,0,0.0,1,0,0,VALID,-2.5,-0.5,465.6,4.3385481442412095,5.0,1,Stopped,-0.1766666666666666,0,0,,467.7,471.4,470.5,0.0
92H-07095,2026-08-01 01:40:00,460.0,0.0,"Cao tốc Vân Phong-Nha Trang, Xã Vạn Thắng, Tỉnh Khánh Hòa",0,0,460.0,5.0,15.0,0,0.0,1,0,0,VALID,0.0,0.0,462.5,3.699594572368506,5.0,1,Stopped,0.0,0,0,,466.7,469.5,470.1,0.0
92H-07095,2026-08-01 01:45:00,460.0,0.0,"Cao tốc Vân Phong-Nha Trang, Xã Vạn Thắng, Tỉnh Khánh Hòa",0,0,460.0,5.0,15.0,0,0.0,1,0,0,VALID,0.0,0.0,460.0,2.4742675683721527,5.0,1,Stopped,0.0,0,0,,466.0,468.1,469.7,0.0
92H-07095,2026-08-01 01:50:00,460.0,0.0,"Cao tốc Vân Phong-Nha Trang, Xã Vạn Thắng, Tỉnh Khánh Hòa",0,0,460.0,5.0,15.0,0,0.0,1,0,0,VALID,0.0,0.0,460.0,1.1180339887043047,5.0,1,Stopped,0.0,0,0,,465.3,467.0,469.3,0.0
92H-07095,2026-08-01 01:55:00,460.0,0.0,"Cao tốc Vân Phong-Nha Trang, Xã Vạn Thắng, Tỉnh Khánh Hòa",0,0,460.0,5.0,15.0,0,0.0,1,0,0,VALID,0.0,0.0,460.0,0.0,5.0,1,Stopped,0.0,0,0,,464.1,465.8,468.7,0.0
92H-07095,2026-08-01 02:00:00,460.0,0.0,"Cao tốc Vân Phong-Nha Trang, Xã Vạn Thắng, Tỉnh Khánh Hòa",0,0,460.0,5.0,15.0,0,0.0,1,0,0,VALID,0.0,0.0,460.0,0.0,5.0,1,Stopped,0.0,0,0,,463.6,464.9,468.2,0.0
92H-07095,2026-08-01 02:05:00,460.0,0.0,"Cao tốc Vân Phong-Nha Trang, Xã Vạn Thắng, Tỉnh Khánh Hòa",0,0,460.0,5.0,15.0,0,0.0,1,0,0,VALID,0.0,0.0,460.0,0.0,5.0,1,Stopped,0.0,0,0,,462.7,464.0,467.7,0.0
92H-07095,2026-08-01 02:10:00,460.0,0.0,"Cao tốc Vân Phong-Nha Trang, Xã Vạn Thắng, Tỉnh Khánh Hòa",0,0,460.0,5.0,15.0,0,0.0,1,0,0,VALID,0.0,0.0,460.0,0.0,5.0,1,Stopped,0.0,0,0,,461.7,463.1,467.1,0.0
92H-07095,2026-08-01 02:15:00,460.0,0.0,"Cao tốc Vân Phong-Nha Trang, Xã Vạn Thắng, Tỉnh Khánh Hòa",0,0,460.0,5.0,15.0,0,0.0,1,0,0,VALID,0.0,0.0,460.0,0.0,5.0,1,Stopped,0.0,0,0,,460.8,462.2,466.5,0.0
92H-07095,2026-08-01 02:20:00,460.0,0.0,"Cao tốc Vân Phong-Nha Trang, Xã Vạn Thắng, Tỉnh Khánh Hòa",0,0,460.0,5.0,15.0,0,0.0,1,0,0,VALID,0.0,0.0,460.0,0.0,5.0,1,Stopped,0.0,0,0,,460.0,461.3,465.8,0.0
92H-07095,2026-08-01 02:25:00,460.0,0.0,"Cao tốc Vân Phong-Nha Trang, Xã Vạn Thắng, Tỉnh Khánh Hòa",0,0,460.0,5.0,15.0,0,0.0,1,0,0,VALID,0.0,0.0,460.0,0.0,5.0,1,Stopped,0.0,0,0,,460.0,460.8,465.2,0.0
92H-07095,2026-08-01 02:30:00,460.0,0.0,"Cao tốc Vân Phong-Nha Trang, Xã Vạn Thắng, Tỉnh Khánh Hòa",0,0,460.0,5.0,15.0,0,0.0,1,0,0,VALID,0.0,0.0,460.0,0.0,5.0,1,Stopped,0.0,0,0,,460.0,460.5,464.7,0.0
92H-07095,2026-08-01 02:35:00,460.0,0.0,"Cao tốc Vân Phong-Nha Trang, Xã Vạn Thắng, Tỉnh Khánh Hòa",0,0,460.0,5.0,15.0,0,0.0,1,0,0,VALID,0.0,0.0,460.0,0.0,5.0,1,Stopped,0.0,0,0,,460.0,460.3,464.2,0.0
92H-07095,2026-08-01 02:40:00,460.0,0.0,"Cao tốc Vân Phong-Nha Trang, Xã Vạn Thắng, Tỉnh Khánh Hòa",0,0,460.0,5.0,15.0,0,0.0,1,0,0,VALID,0.0,0.0,460.0,0.0,5.0,1,Stopped,0.0,0,0,,460.0,460.2,463.8,0.0
92H-07095,2026-08-01 02:45:00,460.0,0.0,"Cao tốc Vân Phong-Nha Trang, Xã Vạn Thắng, Tỉnh Khánh Hòa",0,0,460.0,5.0,15.0,0,0.0,1,0,0,VALID,0.0,0.0,460.0,0.0,5.0,1,Stopped,0.0,0,0,,460.0,460.1,463.4,0.0
92H-07095,2026-08-01 02:50:00,460.0,0.0,"Cao tốc Vân Phong-Nha Trang, Xã Vạn Thắng, Tỉnh Khánh Hòa",0,0,460.0,5.0,15.0,0,0.0,1,0,0,VALID,0.0,0.0,460.0,0.0,5.0,1,Stopped,0.0,0,0,,460.0,460.1,463.1,0.0
92H-07095,2026-08-01 02:55:00,460.0,0.0,"Cao tốc Vân Phong-Nha Trang, Xã Vạn Thắng, Tỉnh Khánh Hòa",0,0,460.0,5.0,15.0,0,0.0,1,0,0,VALID,0.0,0.0,460.0,0.0,5.0,1,Stopped,0.0,0,0,,460.0,460.0,462.8,0.0
92H-07095,2026-08-01 03:00:00,460.0,0.0,"Cao tốc Vân Phong-Nha Trang, Xã Vạn Thắng, Tỉnh Khánh Hòa",0,0,460.0,5.0,15.0,0,0.0,1,0,0,VALID,0.0,0.0,460.0,0.0,5.0,1,Stopped,0.0,0,0,,460.0,460.0,462.5,0.0
92H-07095,2026-08-01 03:05:00,460.0,0.0,"Cao tốc Vân Phong-Nha Trang, Xã Vạn Thắng, Tỉnh Khánh Hòa",0,0,460.0,5.0,15.0,0,0.0,1,0,0,VALID,0.0,0.0,460.0,0.0,5.0,1,Stopped,0.0,0,0,,460.0,460.0,462.2,0.0
92H-07095,2026-08-01 03:10:00,460.0,0.0,"Cao tốc Vân Phong-Nha Trang, Xã Vạn Thắng, Tỉnh Khánh Hòa",0,0,460.0,5.0,15.0,0,0.0,1,0,0,VALID,0.0,0.0,460.0,0.0,5.0,1,Stopped,0.0,0,0,,460.0,460.0,462.0,0.0
92H-07095,2026-08-01 03:15:00,460.0,0.0,"Cao tốc Vân Phong-Nha Trang, Xã Vạn Thắng, Tỉnh Khánh Hòa",0,0,460.0,5.0,15.0,0,0.0,1,0,0,VALID,0.0,0.0,460.0,0.0,5.0,1,Stopped,0.0,0,0,,460.0,460.0,461.8,0.0
92H-07095,2026-08-01 03:20:00,460.0,0.0,"Cao tốc Vân Phong-Nha Trang, Xã Vạn Thắng, Tỉnh Khánh Hòa",0,0,460.0,5.0,15.0,0,0.0,1,0,0,VALID,0.0,0.0,460.0,0.0,5.0,1,Stopped,0.0,0,0,,460.0,460.0,461.6,0.0
92H-07095,2026-08-01 03:25:00,460.0,0.0,"Cao tốc Vân Phong-Nha Trang, Xã Vạn Thắng, Tỉnh Khánh Hòa",0,0,460.0,5.0,15.0,0,0.0,1,0,0,VALID,0.0,0.0,460.0,0.0,5.0,1,Stopped,0.0,0,0,,460.0,460.0,461.5,0.0
92H-07095,2026-08-01 03:30:00,460.0,0.0,"Cao tốc Vân Phong-Nha Trang, Xã Vạn Thắng, Tỉnh Khánh Hòa",0,0,460.0,5.0,15.0,0,0.0,1,0,0,VALID,0.0,0.0,460.0,0.0,5.0,1,Stopped,0.0,0,0,,460.0,460.0,461.3,0.0
92H-07095,2026-08-01 03:35:00,460.0,0.0,"Cao tốc Vân Phong-Nha Trang, Xã Vạn Thắng, Tỉnh Khánh Hòa",0,0,460.0,5.0,15.0,0,0.0,1,0,0,VALID,0.0,0.0,460.0,0.0,5.0,1,Stopped,0.0,0,0,,460.0,460.0,461.2,0.0
92H-07095,2026-08-01 03:40:00,460.0,0.0,"Cao tốc Vân Phong-Nha Trang, Xã Vạn Thắng, Tỉnh Khánh Hòa",0,0,460.0,5.0,15.0,0,0.0,1,0,0,VALID,0.0,0.0,460.0,0.0,5.0,1,Stopped,0.0,0,0,,460.0,460.0,461.1,0.0
92H-07095,2026-08-01 03:45:00,460.0,0.0,"Cao tốc Vân Phong-Nha Trang, Xã Vạn Thắng, Tỉnh Khánh Hòa",0,0,460.0,5.0,15.0,0,0.0,1,0,0,VALID,0.0,0.0,460.0,0.0,5.0,1,Stopped,0.0,0,0,,460.0,460.0,461.0,0.0
92H-07095,2026-08-01 03:50:00,460.0,0.0,"Cao tốc Vân Phong-Nha Trang, Xã Vạn Thắng, Tỉnh Khánh Hòa",0,0,460.0,5.0,15.0,0,0.0,1,0,0,VALID,0.0,0.0,460.0,0.0,5.0,1,Stopped,0.0,0,0,,460.0,460.0,460.9,0.0
92H-07095,2026-08-01 03:55:00,460.0,0.0,"Cao tốc Vân Phong-Nha Trang, Xã Vạn Thắng, Tỉnh Khánh Hòa",0,0,460.0,5.0,15.0,0,0.0,1,0,0,VALID,0.0,0.0,460.0,0.0,5.0,1,Stopped,0.0,0,0,,460.0,460.0,460.8,0.0
92H-07095,2026-08-01 04:00:00,460.0,0.0,"Cao tốc Vân Phong-Nha Trang, Xã Vạn Thắng, Tỉnh Khánh Hòa",0,0,460.0,5.0,15.0,0,0.0,1,0,0,VALID,0.0,0.0,460.0,0.0,5.0,1,Stopped,0.0,0,0,,460.0,460.0,460.7,0.0
92H-07095,2026-08-01 04:05:00,460.0,0.0,"Cao tốc Vân Phong-Nha Trang, Xã Vạn Thắng, Tỉnh Khánh Hòa",0,0,460.0,5.0,15.0,0,0.0,1,0,0,VALID,0.0,0.0,460.0,0.0,5.0,1,Stopped,0.0,0,0,,460.0,460.0,460.6,0.0
92H-07095,2026-08-01 04:10:00,460.0,0.0,"Cao tốc Vân Phong-Nha Trang, Xã Vạn Thắng, Tỉnh Khánh Hòa",0,0,460.0,5.0,15.0,0,0.0,1,0,0,VALID,0.0,0.0,460.0,0.0,5.0,1,Stopped,0.0,0,0,,460.0,460.0,460.6,0.0
92H-07095,2026-08-01 04:15:00,460.0,0.0,"Cao tốc Vân Phong-Nha Trang, Xã Vạn Thắng, Tỉnh Khánh Hòa",0,0,460.0,5.0,15.0,0,0.0,1,0,0,VALID,0.0,0.0,460.0,0.0,5.0,1,Stopped,0.0,0,0,,460.0,460.0,460.5,0.0
92H-07095,2026-08-01 04:20:00,460.0,0.0,"Cao tốc Vân Phong-Nha Trang, Xã Vạn Thắng, Tỉnh Khánh Hòa",0,0,460.0,5.0,15.0,0,0.0,1,0,0,VALID,0.0,0.0,460.0,0.0,5.0,1,Stopped,0.0,0,0,,460.0,460.0,460.5,0.0
92H-07095,2026-08-01 04:25:00,460.0,0.0,"Cao tốc Vân Phong-Nha Trang, Xã Vạn Thắng, Tỉnh Khánh Hòa",0,0,460.0,5.0,15.0,0,0.0,1,0,0,VALID,0.0,0.0,460.0,0.0,5.0,1,Stopped,0.0,0,0,,460.0,460.0,460.4,0.0
92H-07095,2026-08-01 04:30:00,460.0,0.0,"Cao tốc Vân Phong-Nha Trang, Xã Vạn Thắng, Tỉnh Khánh Hòa",0,0,460.0,5.0,15.0,0,0.0,1,0,0,VALID,0.0,0.0,460.0,0.0,5.0,1,Stopped,0.0,0,0,,460.0,460.0,460.4,0.0
92H-07095,2026-08-01 04:35:00,460.0,0.0,"Cao tốc Vân Phong-Nha Trang, Xã Vạn Thắng, Tỉnh Khánh Hòa",0,0,460.0,5.0,15.0,0,0.0,1,0,0,VALID,0.0,0.0,460.0,0.0,5.0,1,Stopped,0.0,0,0,,460.0,460.0,460.3,0.0
92H-07095,2026-08-01 04:40:00,460.0,0.0,"Cao tốc Vân Phong-Nha Trang, Xã Vạn Thắng, Tỉnh Khánh Hòa",0,0,460.0,5.0,15.0,0,0.0,1,0,0,VALID,0.0,0.0,460.0,0.0,5.0,1,Stopped,0.0,0,0,,460.0,460.0,460.3,0.0
92H-07095,2026-08-01 04:45:00,460.0,0.0,"Cao tốc Vân Phong-Nha Trang, Xã Vạn Thắng, Tỉnh Khánh Hòa",0,0,460.0,5.0,15.0,0,0.0,1,0,0,VALID,0.0,0.0,460.0,0.0,5.0,1,Stopped,0.0,0,0,,460.0,460.0,460.3,0.0
92H-07095,2026-08-01 04:50:00,460.0,0.0,"Cao tốc Vân Phong-Nha Trang, Xã Vạn Thắng, Tỉnh Khánh Hòa",0,0,460.0,5.0,15.0,0,0.0,1,0,0,VALID,0.0,0.0,460.0,0.0,5.0,1,Stopped,0.0,0,0,,460.0,460.0,460.2,0.0
92H-07095,2026-08-01 04:55:00,459.9,0.0,"Cao tốc Vân Phong-Nha Trang, Xã Vạn Thắng, Tỉnh Khánh Hòa",0,0,459.9,5.0,15.0,0,0.0,1,0,0,VALID,-0.1000000000000227,-0.0200000000000045,460.0,0.044721358409517444,5.0,1,Stopped,0.0,0,0,,459.9,460.0,460.2,0.0
92H-07095,2026-08-01 05:00:00,459.7,0.0,"Cao tốc Vân Phong-Nha Trang, Xã Vạn Thắng, Tỉnh Khánh Hòa",0,0,459.7,5.0,15.0,0,0.0,1,0,0,VALID,-0.1999999999999886,-0.0399999999999977,460.0,0.13038404771285797,5.0,1,Stopped,0.0,0,0,,459.7,459.9,460.2,0.0
92H-07095,2026-08-01 05:05:00,461.1,58.0,"Quốc Lộ 1, Xã Tu Bông, Tỉnh Khánh Hòa",0,0,461.1,5.0,15.0,0,0.0,1,0,0,VALID,1.400000000000034,0.2800000000000068,460.0,0.550454357688273,5.0,1,Moving,0.1933333333333333,0,0,,461.1,460.4,460.3,1.0
92H-07095,2026-08-01 05:10:00,460.9,46.0,"Quốc Lộ 1, Xã Tu Bông, Tỉnh Khánh Hòa",0,0,460.9,5.0,15.0,0,0.0,1,0,0,VALID,-0.2000000000000454,-0.0400000000000091,460.0,0.6340346992854745,5.0,1,Moving,-0.04,0,0,,460.9,460.6,460.3,1.0
92H-07095,2026-08-01 05:15:00,461.1,0.0,"Quốc Lộ 1, Xã Đại Lãnh, Tỉnh Khánh Hòa",0,0,461.1,5.0,15.0,0,0.0,1,0,0,VALID,0.2000000000000454,0.0400000000000091,460.9,0.6841052549849763,5.0,1,Stopped,-0.1533333333333333,0,0,,461.1,460.8,460.4,0.0
92H-07095,2026-08-01 05:20:00,461.1,0.0,"Quốc Lộ 1, Xã Đại Lãnh, Tỉnh Khánh Hòa",0,0,461.1,5.0,15.0,0,0.0,1,0,0,VALID,0.0,0.0,461.1,0.6099180271955256,5.0,1,Stopped,0.0,0,0,,461.1,460.9,460.5,0.0
92H-07095,2026-08-01 05:25:00,461.1,0.0,"Quốc Lộ 1, Xã Đại Lãnh, Tỉnh Khánh Hòa",0,0,461.1,5.0,15.0,0,0.0,1,0,0,VALID,0.0,0.0,461.1,0.08944271853034211,5.0,1,Stopped,0.0,0,0,,461.1,461.0,460.5,0.0
92H-07095,2026-08-01 05:30:00,460.9,0.0,"Quốc Lộ 1, Xã Đại Lãnh, Tỉnh Khánh Hòa",0,0,460.9,5.0,15.0,0,0.0,1,0,0,VALID,-0.2000000000000454,-0.0400000000000091,461.1,0.10954451103590651,5.0,1,Stopped,0.0,0,0,,460.9,461.0,460.6,0.0
92H-07095,2026-08-01 05:35:00,457.7,53.0,"Đường dẫn hầm Cổ Mã, Xã Đại Lãnh, Tỉnh Khánh Hòa",0,0,457.7,5.0,15.0,0,0.0,1,0,0,VALID,-3.1999999999999886,-0.6399999999999977,461.1,1.5006665185503512,5.0,1,Moving,0.1766666666666666,0,0,,459.4,460.3,460.5,1.0
92H-07095,2026-08-01 05:40:00,454.1,0.0,"Đường dẫn Hầm Đèo Cả, Xã Đại Lãnh, Tỉnh Khánh Hòa",0,0,454.1,5.0,15.0,0,0.0,1,0,0,VALID,-3.599999999999966,-0.7199999999999932,460.9,3.0873937228506816,5.0,1,Stopped,-0.1766666666666666,0,0,,456.8,458.9,460.1,0.0
92H-07095,2026-08-01 05:45:00,454.1,68.0,"Đường dẫn Hầm Đèo Cả, Xã Hòa Xuân, Tỉnh Đắk Lắk",0,0,454.1,5.0,15.0,0,0.0,1,0,0,VALID,0.0,0.0,457.7,3.4513765369628273,5.0,1,Moving,0.2266666666666666,0,0,,457.1,458.2,459.8,1.0
92H-07095,2026-08-01 05:50:00,448.1,62.0,"Xã Hòa Xuân, Tỉnh Đắk Lắk",0,0,448.1,5.0,15.0,0,0.0,1,0,0,VALID,-6.0,-1.2,454.1,4.778284210874971,5.0,1,Moving,-0.02,0,0,,452.8,456.0,459.1,1.0
92H-07095,2026-08-01 05:55:00,448.3,78.0,"Cao tốc Chí Thạnh-Vân Phong, Phường Đông Hòa, Tỉnh Đắk Lắk",0,0,448.3,5.0,15.0,0,0.0,1,0,0,VALID,0.1999999999999886,0.0399999999999977,454.1,4.157884077255744,5.0,1,Moving,0.0533333333333333,0,0,,453.4,455.0,458.5,1.0
92H-07095,2026-08-01 06:00:00,446.7,77.0,"Cao tốc Chí Thạnh-Vân Phong, Xã Tây Hòa, Tỉnh Đắk Lắk",0,0,446.7,5.0,15.0,0,0.0,1,0,0,VALID,-1.6000000000000227,-0.3200000000000045,448.3,3.5592133962291186,5.0,1,Moving,-0.0033333333333333,0,0,,452.1,453.8,457.9,1.0
92H-07095,2026-08-01 06:05:00,444.2,77.0,"Cao tốc Chí Thạnh-Vân Phong, Phường Tuy Hòa, Tỉnh Đắk Lắk",0,0,444.2,5.0,15.0,0,0.0,1,0,0,VALID,-2.5,-0.5,448.1,3.641702898356298,5.0,1,Moving,0.0,0,0,,450.7,452.6,457.2,1.0
92H-07095,2026-08-01 06:10:00,442.5,75.0,"Cao tốc Chí Thạnh-Vân Phong, Phường Bình Kiến, Tỉnh Đắk Lắk",0,0,442.5,5.0,15.0,0,0.0,1,0,0,VALID,-1.6999999999999886,-0.3399999999999977,446.7,2.533377192582323,5.0,1,Moving,-0.0066666666666666,0,0,,449.7,451.4,456.4,1.0
92H-07095,2026-08-01 06:15:00,434.3,50.0,"Cao tốc Chí Thạnh-Vân Phong, Phường Bình Kiến, Tỉnh Đắk Lắk",0,0,434.3,5.0,15.0,0,0.0,1,0,0,VALID,-8.199999999999989,-1.6399999999999977,444.2,5.453439281764828,5.0,1,Moving,-0.0833333333333333,0,0,,442.6,447.9,454.3,1.0
92H-07095,2026-08-01 06:20:00,436.5,73.0,"Cao tốc Chí Thạnh-Vân Phong, Xã Ô Loan, Tỉnh Đắk Lắk",0,0,436.5,5.0,15.0,0,0.0,1,0,0,VALID,2.1999999999999886,0.4399999999999977,442.5,5.243853544855653,5.0,1,Moving,0.0766666666666666,0,0,,443.9,446.3,453.3,1.0
92H-07095,2026-08-01 06:25:00,427.6,0.0,"Cao tốc Chí Thạnh-Vân Phong, Xã Ô Loan, Tỉnh Đắk Lắk",0,0,427.6,5.0,15.0,0,0.0,1,0,0,VALID,-8.899999999999977,-1.7799999999999954,436.5,6.67060716875865,5.0,1,Stopped,-0.2433333333333333,1,1,LARGE_DELTA,435.8,442.1,450.7,0.0
92H-07095,2026-08-01 06:30:00,431.8,58.0,"Xã Tuy An Bắc, Tỉnh Đắk Lắk",0,0,431.8,5.0,15.0,0,0.0,1,0,0,VALID,4.199999999999989,0.8399999999999977,434.3,5.543735202901908,5.0,1,Moving,0.1933333333333333,0,0,,438.6,440.7,448.9,1.0
92H-07095,2026-08-01 06:35:00,423.0,35.0,"Cao tốc Quy Nhơn–Chí Thạnh, Xã Tuy An Bắc, Tỉnh Đắk Lắk",0,0,423.0,5.0,15.0,0,0.0,1,0,0,VALID,-8.800000000000011,-1.7600000000000022,431.8,5.401203569566051,5.0,1,Moving,-0.0766666666666666,1,1,LARGE_DELTA,430.6,436.7,434.3,1.0
92H-07095,2026-08-01 06:40:00,422.6,65.0,"Xã Xuân Thọ, Tỉnh Đắk Lắk",0,0,422.6,5.0,15.0,0,0.0,1,0,0,VALID,-0.3999999999999772,-0.0799999999999954,427.6,5.927900134102512,5.0,1,Moving,0.1,0,0,,430.8,434.3,433.9,1.0
92H-07095,2026-08-01 06:45:00,424.9,52.0,"Xã Xuân Thọ, Tỉnh Đắk Lắk",0,0,424.9,5.0,15.0,0,0.0,1,0,0,VALID,2.2999999999999545,0.4599999999999909,424.9,3.8068359565250955,5.0,1,Moving,-0.0433333333333333,0,0,,430.8,432.9,433.6,1.0
92H-07095,2026-08-01 06:50:00,425.4,65.0,"Cao tốc Quy Nhơn–Chí Thạnh, Xã Xuân Thọ, Tỉnh Đắk Lắk",0,0,425.4,5.0,15.0,0,0.0,1,0,0,VALID,0.5,0.1,424.9,3.6983780228489715,5.0,1,Moving,0.0433333333333333,0,0,,430.3,431.9,433.3,1.0
92H-07095,2026-08-01 06:55:00,418.9,62.0,"Xã Xuân Thọ, Tỉnh Đắk Lắk",0,0,418.9,5.0,15.0,0,0.0,1,0,0,VALID,-6.5,-1.3,423.0,2.565735761899907,5.0,1,Moving,-0.01,0,0,,425.6,429.4,432.5,1.0
92H-07095,2026-08-01 07:00:00,409.2,52.0,"Cao tốc Quy Nhơn–Chí Thạnh, Xã Xuân Cảnh, Tỉnh Đắk Lắk",0,0,409.2,5.0,15.0,0,0.0,1,0,0,VALID,-9.699999999999989,-1.9399999999999975,422.6,6.662957301370923,5.0,1,Moving,-0.0333333333333333,1,1,LARGE_DELTA,416.1,424.1,430.0,1.0
92H-07095,2026-08-01 07:05:00,416.4,73.0,"Cao tốc Quy Nhơn–Chí Thạnh, Xã Xuân Lộc, Tỉnh Đắk Lắk",0,0,416.4,5.0,15.0,0,0.0,1,0,0,VALID,7.199999999999989,1.4399999999999975,418.9,6.681541738243654,5.0,1,Moving,0.07,0,0,,421.5,423.0,429.2,1.0
92H-07095,2026-08-01 07:10:00,413.0,74.0,"Cao tốc Quy Nhơn–Chí Thạnh, Xã Xuân Lộc, Tỉnh Đắk Lắk",0,0,413.0,5.0,15.0,0,0.0,1,0,0,VALID,-3.3999999999999773,-0.6799999999999955,416.4,6.133677526565279,5.0,1,Moving,0.0033333333333333,0,0,,417.2,420.7,427.4,1.0
92H-07095,2026-08-01 07:15:00,404.8,0.0,"Cao tốc Quy Nhơn–Chí Thạnh, Xã Xuân Lộc, Tỉnh Đắk Lắk",0,0,404.8,5.0,15.0,0,0.0,1,0,0,VALID,-8.199999999999989,-1.6399999999999977,413.0,5.625655517350128,5.0,1,Stopped,-0.2466666666666666,0,0,,411.7,417.1,425.0,0.0
92H-07095,2026-08-01 07:20:00,404.7,0.0,"Cao tốc Quy Nhơn–Chí Thạnh, Xã Xuân Lộc, Tỉnh Đắk Lắk",0,0,404.7,5.0,15.0,0,0.0,1,0,0,VALID,-0.1000000000000227,-0.0200000000000045,409.2,5.12367055926626,5.0,1,Stopped,0.0,0,0,,410.2,414.3,413.2,0.0
92H-07095,2026-08-01 07:25:00,404.5,0.0,"Cao tốc Quy Nhơn–Chí Thạnh, Xã Xuân Lộc, Tỉnh Đắk Lắk",0,0,404.5,5.0,15.0,0,0.0,1,0,0,VALID,-0.1999999999999886,-0.0399999999999977,404.8,5.626455367270914,5.0,1,Stopped,0.0,0,0,,409.6,412.4,412.8,0.0
92H-07095,2026-08-01 07:30:00,405.1,0.0,"Cao tốc Quy Nhơn–Chí Thạnh, Xã Xuân Lộc, Tỉnh Đắk Lắk",0,0,405.1,5.0,15.0,0,0.0,1,0,0,VALID,0.6000000000000227,0.1200000000000045,404.8,3.684698088024512,5.0,1,Stopped,0.0,0,0,,410.3,411.6,412.6,0.0
92H-07095,2026-08-01 07:35:00,412.3,70.0,"Cao tốc Quy Nhơn–Chí Thạnh, Phường Quy Nhơn Tây, Tỉnh Gia Lai",0,0,412.3,5.0,15.0,0,0.0,1,0,0,VALID,7.199999999999989,1.4399999999999975,404.8,3.37223961187391,5.0,1,Moving,0.2333333333333333,0,0,,414.4,412.7,412.7,1.0
92H-07095,2026-08-01 07:40:00,407.7,69.0,"Cao tốc Quy Nhơn–Chí Thạnh, Phường Quy Nhơn Tây, Tỉnh Gia Lai",0,0,407.7,5.0,15.0,0,0.0,1,0,0,VALID,-4.600000000000023,-0.9200000000000046,405.1,3.3027261466690727,5.0,1,Moving,-0.0033333333333333,0,0,,410.0,411.6,412.5,1.0
92H-07095,2026-08-01 07:45:00,405.7,77.0,"Cao tốc Quy Nhơn–Chí Thạnh, Xã Tuy Phước Tây, Tỉnh Gia Lai",0,0,405.7,5.0,15.0,0,0.0,1,0,0,VALID,-2.0,-0.4,405.7,3.166701754174455,5.0,1,Moving,0.0266666666666666,0,0,,408.3,410.3,412.1,1.0
92H-07095,2026-08-01 07:50:00,405.2,78.0,"Phường An Nhơn Nam, Tỉnh Gia Lai",0,0,405.2,5.0,15.0,0,0.0,1,0,0,VALID,-0.5,-0.1,405.7,3.038091506174818,5.0,1,Moving,0.0033333333333333,0,0,,409.0,409.8,411.7,1.0
92H-07095,2026-08-01 07:55:00,400.2,79.0,"Cao tốc Hoài Nhơn-Quy Nhơn, Xã An Nhơn Tây, Tỉnh Gia Lai",0,0,400.2,5.0,15.0,0,0.0,1,0,0,VALID,-5.0,-1.0,405.7,4.379155169652197,5.0,1,Moving,0.0033333333333333,0,0,,404.6,407.7,411.0,1.0
92H-07095,2026-08-01 08:00:00,398.3,78.0,"Xã Bình An, Tỉnh Gia Lai",0,0,398.3,5.0,15.0,0,0.0,1,0,0,VALID,-1.8999999999999773,-0.3799999999999954,405.2,3.977059215034543,5.0,1,Moving,-0.0033333333333333,0,0,,401.9,405.4,410.1,1.0
92H-07095,2026-08-01 08:05:00,396.9,80.0,"Cao tốc Hoài Nhơn-Quy Nhơn, Xã Bình Hiệp, Tỉnh Gia Lai",0,0,396.9,5.0,15.0,0,0.0,1,0,0,VALID,-1.400000000000034,-0.2800000000000068,400.2,4.004122875223875,5.0,1,Moving,0.0066666666666666,0,0,,400.9,403.6,409.2,1.0
92H-07095,2026-08-01 08:10:00,394.1,76.0,"Cao tốc Hoài Nhơn-Quy Nhơn, Xã Hòa Hội, Tỉnh Gia Lai",0,0,394.1,5.0,15.0,0,0.0,1,0,0,VALID,-2.7999999999999545,-0.559999999999991,398.3,4.1464442598316715,5.0,1,Moving,-0.0133333333333333,0,0,,399.2,401.8,408.2,1.0
92H-07095,2026-08-01 08:15:00,391.3,79.0,"Cao tốc Hoài Nhơn-Quy Nhơn, Xã Phù Mỹ Nam, Tỉnh Gia Lai",0,0,391.3,5.0,15.0,0,0.0,1,0,0,VALID,-2.800000000000012,-0.5600000000000023,396.9,3.5111251757650366,5.0,1,Moving,0.01,0,0,,397.8,400.2,407.2,1.0
92H-07095,2026-08-01 08:20:00,389.4,79.0,"Xã Phù Mỹ Nam, Tỉnh Gia Lai",0,0,389.4,5.0,15.0,0,0.0,1,0,0,VALID,-1.900000000000034,-0.3800000000000068,394.1,3.720215047533039,5.0,1,Moving,0.0,0,0,,397.3,399.1,406.2,1.0
92H-07095,2026-08-01 08:25:00,386.3,80.0,"Cao tốc Hoài Nhơn-Quy Nhơn, Xã Phù Mỹ Tây, Tỉnh Gia Lai",0,0,386.3,5.0,15.0,0,0.0,1,0,0,VALID,-3.099999999999966,-0.6199999999999932,391.3,4.103656905723389,5.0,1,Moving,0.0033333333333333,0,0,,394.1,397.1,404.4,1.0
92H-07095,2026-08-01 08:30:00,380.0,67.0,"Cao tốc Hoài Nhơn-Quy Nhơn, Xã Hoài Ân, Tỉnh Gia Lai",0,0,380.0,5.0,15.0,0,0.0,1,0,0,VALID,-6.300000000000011,-1.2600000000000022,389.4,5.401573844713367,5.0,1,Moving,-0.0433333333333333,0,0,,388.4,393.6,402.0,1.0
92H-07095,2026-08-01 08:35:00,382.8,73.0,"Cao tốc Hoài Nhơn-Quy Nhơn, Xã Hoài Ân, Tỉnh Gia Lai",0,0,382.8,5.0,15.0,0,0.0,1,0,0,VALID,2.800000000000012,0.5600000000000023,386.3,4.636054356874117,5.0,1,Moving,0.02,0,0,,390.0,392.2,392.4,1.0
92H-07095,2026-08-01 08:40:00,380.4,79.0,"Cao tốc Hoài Nhơn-Quy Nhơn, Xã Hoài Ân, Tỉnh Gia Lai",0,0,380.4,5.0,15.0,0,0.0,1,0,0,VALID,-2.400000000000034,-0.4800000000000068,382.8,4.0189550880659795,5.0,1,Moving,0.02,0,0,,386.9,390.1,391.8,1.0
92H-07095,2026-08-01 08:45:00,378.5,78.0,"Cao tốc Quảng Ngãi-Hoài Nhơn, Xã Ân Hảo, Tỉnh Gia Lai",0,0,378.5,5.0,15.0,0,0.0,1,0,0,VALID,-1.8999999999999773,-0.3799999999999954,380.4,3.04712979702071,5.0,1,Moving,-0.0033333333333333,0,0,,385.5,388.2,391.2,1.0
92H-07095,2026-08-01 08:50:00,376.5,83.0,"Cao tốc Quảng Ngãi-Hoài Nhơn, Phường Hoài Nhơn Nam, Tỉnh Gia Lai",0,0,376.5,5.0,15.0,0,0.0,1,0,0,VALID,-2.0,-0.4,380.0,2.337306141670681,5.0,1,Moving,0.0166666666666666,0,0,,383.6,386.4,390.4,1.0
92H-07095,2026-08-01 08:55:00,375.0,71.0,"Cao tốc Quảng Ngãi-Hoài Nhơn, Phường Hoài Nhơn Tây, Tỉnh Gia Lai",0,0,375.0,5.0,15.0,0,0.0,1,0,0,VALID,-1.5,-0.3,378.5,3.0924100633472626,5.0,1,Moving,-0.04,0,0,,381.8,384.5,389.6,1.0
92H-07095,2026-08-01 09:00:00,372.3,80.0,"Cao tốc Quảng Ngãi-Hoài Nhơn, Phường Hoài Nhơn Bắc, Tỉnh Gia Lai",0,0,372.3,5.0,15.0,0,0.0,1,0,0,VALID,-2.6999999999999886,-0.5399999999999977,376.5,3.1261797772826867,5.0,1,Moving,0.03,0,0,,379.3,382.4,388.6,1.0
92H-07095,2026-08-01 09:05:00,370.1,79.0,"Cao tốc Quảng Ngãi-Hoài Nhơn, Phường Hoài Nhơn Bắc, Tỉnh Gia Lai",0,0,370.1,5.0,15.0,0,0.0,1,0,0,VALID,-2.1999999999999886,-0.4399999999999977,375.0,3.333466663983755,5.0,1,Moving,-0.0033333333333333,0,0,,377.2,380.3,387.4,1.0
92H-07095,2026-08-01 09:10:00,362.6,0.0,"Cao tốc Quảng Ngãi-Hoài Nhơn, Phường Hoài Nhơn Bắc, Tỉnh Gia Lai",0,0,362.6,5.0,15.0,0,0.0,1,0,0,VALID,-7.5,-1.5,372.3,5.451146668352503,5.0,1,Stopped,-0.2633333333333333,0,0,,370.0,376.2,384.8,0.0
92H-07095,2026-08-01 09:15:00,369.8,75.0,"Cao tốc Quảng Ngãi-Hoài Nhơn, Xã Khánh Cường, Tỉnh Quảng Ngãi",0,0,369.8,5.0,15.0,0,0.0,1,0,0,VALID,7.199999999999989,1.4399999999999975,370.1,4.612266254228006,5.0,1,Moving,0.25,0,0,,373.9,375.3,383.7,1.0
92H-07095,2026-08-01 09:20:00,362.2,0.0,"Cao tốc Quảng Ngãi-Hoài Nhơn, Xã Khánh Cường, Tỉnh Quảng Ngãi",0,0,362.2,5.0,15.0,0,0.0,1,0,0,VALID,-7.600000000000023,-1.5200000000000045,369.8,4.667440412034242,5.0,1,Stopped,-0.25,0,0,,369.3,372.9,381.6,0.0
92H-07095,2026-08-01 09:25:00,362.2,74.0,"Cao tốc Quảng Ngãi-Hoài Nhơn, Phường Đức Phổ, Tỉnh Quảng Ngãi",0,0,362.2,5.0,15.0,0,0.0,1,0,0,VALID,0.0,0.0,362.6,4.176362053257616,5.0,1,Moving,0.2466666666666666,0,0,,369.2,371.4,379.7,1.0
92H-07095,2026-08-01 09:30:00,360.1,76.0,"Cao tốc Quảng Ngãi-Hoài Nhơn, Xã Nguyễn Nghiêm, Tỉnh Quảng Ngãi",0,0,360.1,5.0,15.0,0,0.0,1,0,0,VALID,-2.099999999999966,-0.4199999999999931,362.2,3.7204838394877866,5.0,1,Moving,0.0066666666666666,0,0,,366.6,369.5,369.2,1.0
92H-07095,2026-08-01 09:35:00,358.4,79.0,"Cao tốc Quảng Ngãi-Hoài Nhơn, Xã Mộ Đức, Tỉnh Quảng Ngãi",0,0,358.4,5.0,15.0,0,0.0,1,0,0,VALID,-1.7000000000000457,-0.3400000000000091,362.2,4.359816509887745,5.0,1,Moving,0.01,0,0,,364.8,367.6,368.8,1.0
92H-07095,2026-08-01 09:40:00,356.0,75.0,"Cao tốc Quảng Ngãi-Hoài Nhơn, Xã Đình Cương, Tỉnh Quảng Ngãi",0,0,356.0,5.0,15.0,0,0.0,1,0,0,VALID,-2.3999999999999773,-0.4799999999999954,360.1,2.6461292485231143,5.0,1,Moving,-0.0133333333333333,0,0,,362.7,365.6,368.2,1.0
92H-07095,2026-08-01 09:45:00,354.4,68.0,"Cao tốc Quảng Ngãi-Hoài Nhơn, Xã Đình Cương, Tỉnh Quảng Ngãi",0,0,354.4,5.0,15.0,0,0.0,1,0,0,VALID,-1.6000000000000227,-0.3200000000000045,358.4,3.119615360888172,5.0,1,Moving,-0.0233333333333333,0,0,,360.8,363.7,367.4,1.0
92H-07095,2026-08-01 09:50:00,351.6,79.0,"Cao tốc Quảng Ngãi-Hoài Nhơn, Xã Phước Giang, Tỉnh Quảng Ngãi",0,0,351.6,5.0,15.0,0,0.0,1,0,0,VALID,-2.7999999999999545,-0.559999999999991,356.0,3.3331666624831784,5.0,1,Moving,0.0366666666666666,0,0,,358.2,361.5,366.5,1.0
92H-07095,2026-08-01 09:55:00,350.6,71.0,"Cao tốc Quảng Ngãi-Hoài Nhơn, Xã Nghĩa Giang, Tỉnh Quảng Ngãi",0,0,350.6,5.0,15.0,0,0.0,1,0,0,VALID,-1.0,-0.2,354.4,3.187475490084439,5.0,1,Moving,-0.0266666666666666,0,0,,356.7,359.6,365.5,1.0
92H-07095,2026-08-01 10:00:00,347.5,79.0,"Cao tốc Đà Nẵng-Quảng Ngãi, Xã Sơn Tịnh, Tỉnh Quảng Ngãi",0,0,347.5,5.0,15.0,0,0.0,1,0,0,VALID,-3.1000000000000227,-0.6200000000000045,351.6,3.3214454684502943,5.0,1,Moving,0.0266666666666666,0,0,,355.2,357.8,364.5,1.0
92H-07095,2026-08-01 10:05:00,344.4,79.0,"Cao tốc Đà Nẵng-Quảng Ngãi, Xã Thọ Phong, Tỉnh Quảng Ngãi",0,0,344.4,5.0,15.0,0,0.0,1,0,0,VALID,-3.1000000000000227,-0.6200000000000045,350.6,3.8548670534648752,5.0,1,Moving,0.0,0,0,,351.7,355.4,362.6,1.0
92H-07095,2026-08-01 10:10:00,340.3,79.0,"Cao tốc Đà Nẵng-Quảng Ngãi, Xã Bình Sơn, Tỉnh Quảng Ngãi",0,0,340.3,5.0,15.0,0,0.0,1,0,0,VALID,-4.099999999999966,-0.8199999999999932,347.5,4.635407209716197,5.0,1,Moving,0.0,0,0,,348.2,352.5,360.4,1.0
92H-07095,2026-08-01 10:15:00,340.6,80.0,"Cao tốc Đà Nẵng-Quảng Ngãi, Xã Bình Sơn, Tỉnh Quảng Ngãi",0,0,340.6,5.0,15.0,0,0.0,1,0,0,VALID,0.3000000000000113,0.0600000000000022,344.4,4.441508752652499,5.0,1,Moving,0.0033333333333333,0,0,,347.9,350.7,350.4,1.0
92H-07095,2026-08-01 10:20:00,337.5,80.0,"Cao tốc Đà Nẵng-Quảng Ngãi, Xã Núi Thành, TP Đà Nẵng",0,0,337.5,5.0,15.0,0,0.0,1,0,0,VALID,-3.1000000000000227,-0.6200000000000045,340.6,3.9080685766614525,5.0,1,Moving,0.0,0,0,,345.0,348.4,349.9,1.0
92H-07095,2026-08-01 10:25:00,339.1,0.0,"Xã Núi Thành, TP Đà Nẵng",0,0,339.1,5.0,15.0,0,0.0,1,0,0,VALID,1.6000000000000227,0.3200000000000045,340.3,2.556755756791923,5.0,1,Stopped,-0.2666666666666666,0,0,,345.2,347.1,349.4,0.0
92H-07095,2026-08-01 10:30:00,338.8,0.0,"Xã Núi Thành, TP Đà Nẵng",0,0,338.8,5.0,15.0,0,0.0,1,0,0,VALID,-0.3000000000000113,-0.0600000000000022,339.1,1.2461942063292863,5.0,1,Stopped,0.0,0,0,,344.1,345.9,348.9,0.0
92H-07095,2026-08-01 10:35:00,338.7,0.0,"Xã Núi Thành, TP Đà Nẵng",0,0,338.7,5.0,15.0,0,0.0,1,0,0,VALID,-0.1000000000000227,-0.0200000000000045,338.8,1.1104053313491753,5.0,1,Stopped,0.0,0,0,,343.2,344.8,348.3,0.0
92H-07095,2026-08-01 10:40:00,334.0,74.0,"Cao tốc Đà Nẵng-Quảng Ngãi, Xã Núi Thành, TP Đà Nẵng",0,0,334.0,5.0,15.0,0,0.0,1,0,0,VALID,-4.699999999999989,-0.9399999999999976,338.7,2.113527856425986,5.0,1,Moving,0.2466666666666666,0,0,,339.9,342.9,347.5,1.0
92H-07095,2026-08-01 10:45:00,333.3,82.0,"Cao tốc Đà Nẵng-Quảng Ngãi, Xã Tam Mỹ, TP Đà Nẵng",0,0,333.3,5.0,15.0,0,0.0,1,0,0,VALID,-0.6999999999999886,-0.1399999999999977,338.7,2.871759042797385,5.0,1,Moving,0.0266666666666666,0,0,,339.0,341.3,346.6,1.0
92H-07095,2026-08-01 10:50:00,330.9,78.0,"Cao tốc Đà Nẵng-Quảng Ngãi, Xã Tam Anh, TP Đà Nẵng",0,0,330.9,5.0,15.0,0,0.0,1,0,0,VALID,-2.400000000000034,-0.4800000000000068,334.0,3.4904154480360003,5.0,1,Moving,-0.0133333333333333,0,0,,336.2,339.3,345.6,1.0
92H-07095,2026-08-01 10:55:00,329.9,79.0,"Cao tốc Đà Nẵng-Quảng Ngãi, Xã Tam Anh, TP Đà Nẵng",0,0,329.9,5.0,15.0,0,0.0,1,0,0,VALID,-1.0,-0.2,333.3,3.4260764731523468,5.0,1,Moving,0.0033333333333333,0,0,,334.7,337.4,344.5,1.0
92H-07095,2026-08-01 11:00:00,327.8,77.0,"Cao tốc Đà Nẵng-Quảng Ngãi, Xã Tam Xuân, TP Đà Nẵng",0,0,327.8,5.0,15.0,0,0.0,1,0,0,VALID,-2.099999999999966,-0.4199999999999931,330.9,2.5292291315512436,5.0,1,Moving,-0.0066666666666666,0,0,,333.3,335.8,343.4,1.0
92H-07095,2026-08-01 11:05:00,324.7,77.0,"Cao tốc Đà Nẵng-Quảng Ngãi, Xã Chiên Đàn, TP Đà Nẵng",0,0,324.7,5.0,15.0,0,0.0,1,0,0,VALID,-3.1000000000000227,-0.6200000000000045,329.9,3.252998616643872,5.0,1,Moving,0.0,0,0,,330.6,333.7,341.5,1.0
92H-07095,2026-08-01 11:10:00,323.0,75.0,"Cao tốc Đà Nẵng-Quảng Ngãi, Xã Tây Hồ, TP Đà Nẵng",0,0,323.0,5.0,15.0,0,0.0,1,0,0,VALID,-1.6999999999999886,-0.3399999999999977,327.8,3.3619934562527383,5.0,1,Moving,-0.0066666666666666,0,0,,329.9,332.2,339.7,1.0
92H-07095,2026-08-01 11:15:00,320.5,78.0,"Cao tốc Đà Nẵng-Quảng Ngãi, Xã Thăng Phú, TP Đà Nẵng",0,0,320.5,5.0,15.0,0,0.0,1,0,0,VALID,-2.5,-0.5,324.7,3.7425926842077906,5.0,1,Moving,0.01,0,0,,328.0,330.5,330.3,1.0
92H-07095,2026-08-01 11:20:00,317.8,80.0,"Cao tốc Đà Nẵng-Quảng Ngãi, Xã Thăng Bình, TP Đà Nẵng",0,0,317.8,5.0,15.0,0,0.0,1,0,0,VALID,-2.6999999999999886,-0.5399999999999977,323.0,3.838359024359911,5.0,1,Moving,0.0066666666666666,0,0,,325.7,328.6,329.9,1.0
92H-07095,2026-08-01 11:25:00,314.8,0.0,"Quốc Lộ 14E, Xã Thăng Bình, TP Đà Nẵng",0,0,314.8,5.0,15.0,0,0.0,1,0,0,VALID,-3.0,-0.6,320.5,3.9715236370799247,5.0,1,Stopped,-0.2666666666666666,0,0,,322.3,326.1,329.1,0.0
92H-07095,2026-08-01 11:30:00,315.1,55.0,"Xã Thăng Bình, TP Đà Nẵng",0,0,315.1,5.0,15.0,0,0.0,1,0,0,VALID,0.3000000000000113,0.0600000000000022,317.8,3.5232087647319528,5.0,1,Moving,0.1833333333333333,0,0,,322.0,324.4,328.4,1.0
92H-07095,2026-08-01 11:35:00,319.3,0.0,"Huỳnh Thúc Kháng, Xã Thăng Bình, TP Đà Nẵng",0,0,319.3,5.0,15.0,0,0.0,1,0,0,VALID,4.199999999999989,0.8399999999999977,317.8,2.518928343538945,5.0,1,Stopped,-0.1833333333333333,0,0,,323.6,324.1,327.9,0.0
92H-07095,2026-08-01 11:40:00,313.0,55.0,"Quốc Lộ 1, Xã Thăng Bình, TP Đà Nẵng",0,0,313.0,5.0,15.0,0,0.0,1,0,0,VALID,-6.300000000000011,-1.2600000000000022,315.1,2.5189283435388687,5.0,1,Moving,0.1833333333333333,0,0,,319.6,322.3,327.1,1.0
92H-07095,2026-08-01 11:45:00,319.3,27.0,"Quốc Lộ 1, Xã Xuân Phú, TP Đà Nẵng",0,0,319.3,5.0,15.0,0,0.0,1,0,0,VALID,6.300000000000011,1.2600000000000022,315.1,2.853944638545667,5.0,1,Moving,-0.0933333333333333,0,0,,322.9,322.5,326.7,1.0
92H-07095,2026-08-01 11:50:00,311.5,51.0,"Quốc Lộ 1, Xã Xuân Phú, TP Đà Nẵng",0,0,311.5,5.0,15.0,0,0.0,1,0,0,VALID,-7.800000000000011,-1.5600000000000025,315.1,3.577429244567018,5.0,1,Moving,0.08,0,0,,317.1,320.4,325.7,1.0
92H-07095,2026-08-01 11:55:00,309.9,47.0,"Quốc Lộ 1, Xã Nam Phước, TP Đà Nẵng",0,0,309.9,5.0,15.0,0,0.0,1,0,0,VALID,-1.6000000000000227,-0.3200000000000045,313.0,4.428317965083713,5.0,1,Moving,-0.0133333333333333,0,0,,315.7,318.5,324.7,1.0
92H-07095,2026-08-01 12:00:00,309.9,0.0,"Nguyễn Hoàng, Xã Nam Phước, TP Đà Nẵng",0,0,309.9,5.0,15.0,0,0.0,1,0,0,VALID,0.0,0.0,311.5,3.8976916245237723,5.0,1,Stopped,-0.1566666666666666,0,0,,314.4,316.9,323.7,0.0
92H-07095,2026-08-01 12:05:00,309.3,0.0,"Nguyễn Hoàng, Xã Nam Phước, TP Đà Nẵng",0,0,309.3,5.0,15.0,0,0.0,1,0,0,VALID,-0.5999999999999659,-0.1199999999999931,309.9,4.172768864900446,5.0,1,Stopped,0.0,0,0,,313.0,315.3,322.6,0.0
92H-07095,2026-08-01 12:10:00,307.1,0.0,"Nguyễn Hoàng, Xã Nam Phước, TP Đà Nẵng",0,0,307.1,5.0,15.0,0,0.0,1,0,0,VALID,-2.1999999999999886,-0.4399999999999977,309.9,1.5899685531109908,5.0,1,Stopped,0.0,0,0,,311.1,313.6,320.9,0.0
92H-07095,2026-08-01 12:15:00,307.1,0.0,"Nguyễn Hoàng, Xã Nam Phước, TP Đà Nẵng",0,0,307.1,5.0,15.0,0,0.0,1,0,0,VALID,0.0,0.0,309.3,1.4449913494141229,5.0,1,Stopped,0.0,0,0,,311.4,312.7,319.9,0.0
92H-07095,2026-08-01 12:20:00,307.1,0.0,"Nguyễn Hoàng, Xã Nam Phước, TP Đà Nẵng",0,0,307.1,5.0,15.0,0,0.0,1,0,0,VALID,0.0,0.0,307.1,1.3856406460123551,5.0,1,Stopped,0.0,0,0,,311.5,312.2,319.1,0.0
92H-07095,2026-08-01 12:25:00,307.1,0.0,"Nguyễn Hoàng, Xã Nam Phước, TP Đà Nẵng",0,0,307.1,5.0,15.0,0,0.0,1,0,0,VALID,0.0,0.0,307.1,0.9838699100396424,5.0,1,Stopped,0.0,0,0,,310.4,311.5,318.2,0.0
92H-07095,2026-08-01 12:30:00,307.1,0.0,"Nguyễn Hoàng, Xã Nam Phước, TP Đà Nẵng",0,0,307.1,5.0,15.0,0,0.0,1,0,0,VALID,0.0,0.0,307.1,0.0,5.0,1,Stopped,0.0,0,0,,310.7,311.2,317.5,0.0
92H-07095,2026-08-01 12:35:00,307.4,0.0,"Nguyễn Hoàng, Xã Nam Phước, TP Đà Nẵng",0,0,307.4,5.0,15.0,0,0.0,1,0,0,VALID,0.2999999999999545,0.0599999999999909,307.1,0.13416407820769513,5.0,1,Stopped,0.0,0,0,,309.0,310.3,316.6,0.0
92H-07095,2026-08-01 12:40:00,307.4,0.0,"Nguyễn Hoàng, Xã Nam Phước, TP Đà Nẵng",0,0,307.4,5.0,15.0,0,0.0,1,0,0,VALID,0.0,0.0,307.1,0.16431676689045357,5.0,1,Stopped,0.0,0,0,,308.6,309.6,315.8,0.0
92H-07095,2026-08-01 12:45:00,307.4,0.0,"Nguyễn Hoàng, Xã Nam Phước, TP Đà Nẵng",0,0,307.4,5.0,15.0,0,0.0,1,0,0,VALID,0.0,0.0,307.4,0.1643167668904938,5.0,1,Stopped,0.0,0,0,,308.7,309.3,315.1,0.0
92H-07095,2026-08-01 12:50:00,307.4,0.0,"Nguyễn Hoàng, Xã Nam Phước, TP Đà Nẵng",0,0,307.4,5.0,15.0,0,0.0,1,0,0,VALID,0.0,0.0,307.4,0.1341640782078429,5.0,1,Stopped,0.0,0,0,,308.2,308.8,314.4,0.0
92H-07095,2026-08-01 12:55:00,307.4,0.0,"Nguyễn Hoàng, Xã Nam Phước, TP Đà Nẵng",0,0,307.4,5.0,15.0,0,0.0,1,0,0,VALID,0.0,0.0,307.4,0.0,5.0,1,Stopped,0.0,0,0,,307.4,308.3,313.7,0.0
92H-07095,2026-08-01 13:00:00,307.4,0.0,"Nguyễn Hoàng, Xã Nam Phước, TP Đà Nẵng",0,0,307.4,5.0,15.0,0,0.0,1,0,0,VALID,0.0,0.0,307.4,0.0,5.0,1,Stopped,0.0,0,0,,307.4,307.9,313.1,0.0
92H-07095,2026-08-01 13:05:00,307.4,0.0,"Nguyễn Hoàng, Xã Nam Phước, TP Đà Nẵng",0,0,307.4,5.0,15.0,0,0.0,1,0,0,VALID,0.0,0.0,307.4,0.0,5.0,1,Stopped,0.0,0,0,,307.4,307.7,312.5,0.0
92H-07095,2026-08-01 13:10:00,307.0,0.0,"Nguyễn Hoàng, Xã Nam Phước, TP Đà Nẵng",0,0,307.0,5.0,15.0,0,0.0,1,0,0,VALID,-0.3999999999999772,-0.0799999999999954,307.4,0.17888543786835925,5.0,1,Stopped,0.0,0,0,,307.0,307.4,312.0,0.0
92H-07095,2026-08-01 13:15:00,307.0,0.0,"Nguyễn Hoàng, Xã Nam Phước, TP Đà Nẵng",0,0,307.0,5.0,15.0,0,0.0,1,0,0,VALID,0.0,0.0,307.4,0.21908902273124514,5.0,1,Stopped,0.0,0,0,,307.0,307.3,311.5,0.0
92H-07095,2026-08-01 13:20:00,307.0,0.0,"Nguyễn Hoàng, Xã Nam Phước, TP Đà Nẵng",0,0,307.0,5.0,15.0,0,0.0,1,0,0,VALID,0.0,0.0,307.0,0.21908902273120492,5.0,1,Stopped,0.0,0,0,,307.0,307.2,311.0,0.0
92H-07095,2026-08-01 13:25:00,307.0,0.0,"Nguyễn Hoàng, Xã Nam Phước, TP Đà Nẵng",0,0,307.0,5.0,15.0,0,0.0,1,0,0,VALID,0.0,0.0,307.0,0.17888543786821148,5.0,1,Stopped,0.0,0,0,,307.0,307.1,310.6,0.0
92H-07095,2026-08-01 13:30:00,307.0,0.0,"Nguyễn Hoàng, Xã Nam Phước, TP Đà Nẵng",0,0,307.0,5.0,15.0,0,0.0,1,0,0,VALID,0.0,0.0,307.0,0.0,5.0,1,Stopped,0.0,0,0,,307.0,307.1,310.3,0.0
92H-07095,2026-08-01 13:35:00,307.0,0.0,"Nguyễn Hoàng, Xã Nam Phước, TP Đà Nẵng",0,0,307.0,5.0,15.0,0,0.0,1,0,0,VALID,0.0,0.0,307.0,0.0,5.0,1,Stopped,0.0,0,0,,307.0,307.0,309.9,0.0
92H-07095,2026-08-01 13:40:00,307.0,0.0,"Nguyễn Hoàng, Xã Nam Phước, TP Đà Nẵng",0,0,307.0,5.0,15.0,0,0.0,1,0,0,VALID,0.0,0.0,307.0,0.0,5.0,1,Stopped,0.0,0,0,,307.0,307.0,309.6,0.0
92H-07095,2026-08-01 13:45:00,307.0,0.0,"Nguyễn Hoàng, Xã Nam Phước, TP Đà Nẵng",0,0,307.0,5.0,15.0,0,0.0,1,0,0,VALID,0.0,0.0,307.0,0.0,5.0,1,Stopped,0.0,0,0,,307.0,307.0,309.4,0.0
92H-07095,2026-08-01 13:50:00,307.0,0.0,"Nguyễn Hoàng, Xã Nam Phước, TP Đà Nẵng",0,0,307.0,5.0,15.0,0,0.0,1,0,0,VALID,0.0,0.0,307.0,0.0,5.0,1,Stopped,0.0,0,0,,307.0,307.0,309.1,0.0
92H-07095,2026-08-01 13:55:00,307.0,0.0,"Nguyễn Hoàng, Xã Nam Phước, TP Đà Nẵng",0,0,307.0,5.0,15.0,0,0.0,1,0,0,VALID,0.0,0.0,307.0,0.0,5.0,1,Stopped,0.0,0,0,,307.0,307.0,308.9,0.0
92H-07095,2026-08-01 14:00:00,307.0,0.0,"Nguyễn Hoàng, Xã Nam Phước, TP Đà Nẵng",0,0,307.0,5.0,15.0,0,0.0,1,0,0,VALID,0.0,0.0,307.0,0.0,5.0,1,Stopped,0.0,0,0,,307.0,307.0,308.7,0.0
92H-07095,2026-08-01 14:05:00,307.0,0.0,"Nguyễn Hoàng, Xã Nam Phước, TP Đà Nẵng",0,0,307.0,5.0,15.0,0,0.0,1,0,0,VALID,0.0,0.0,307.0,0.0,5.0,1,Stopped,0.0,0,0,,307.0,307.0,308.6,0.0
92H-07095,2026-08-01 14:10:00,307.0,0.0,"Nguyễn Hoàng, Xã Nam Phước, TP Đà Nẵng",0,0,307.0,5.0,15.0,0,0.0,1,0,0,VALID,0.0,0.0,307.0,0.0,5.0,1,Stopped,0.0,0,0,,307.0,307.0,308.4,0.0
92H-07095,2026-08-01 14:15:00,307.0,0.0,"Nguyễn Hoàng, Xã Nam Phước, TP Đà Nẵng",0,0,307.0,5.0,15.0,0,0.0,1,0,0,VALID,0.0,0.0,307.0,0.0,5.0,1,Stopped,0.0,0,0,,307.0,307.0,308.3,0.0
92H-07095,2026-08-01 14:20:00,307.0,0.0,"Nguyễn Hoàng, Xã Nam Phước, TP Đà Nẵng",0,0,307.0,5.0,15.0,0,0.0,1,0,0,VALID,0.0,0.0,307.0,0.0,5.0,1,Stopped,0.0,0,0,,307.0,307.0,308.1,0.0
92H-07095,2026-08-01 14:25:00,307.0,0.0,"Nguyễn Hoàng, Xã Nam Phước, TP Đà Nẵng",0,0,307.0,5.0,15.0,0,0.0,1,0,0,VALID,0.0,0.0,307.0,0.0,5.0,1,Stopped,0.0,0,0,,307.0,307.0,308.0,0.0
92H-07095,2026-08-01 14:30:00,307.0,0.0,"Nguyễn Hoàng, Xã Nam Phước, TP Đà Nẵng",0,0,307.0,5.0,15.0,0,0.0,1,0,0,VALID,0.0,0.0,307.0,0.0,5.0,1,Stopped,0.0,0,0,,307.0,307.0,307.9,0.0
92H-07095,2026-08-01 14:35:00,307.0,0.0,"Nguyễn Hoàng, Xã Nam Phước, TP Đà Nẵng",0,0,307.0,5.0,15.0,0,0.0,1,0,0,VALID,0.0,0.0,307.0,0.0,5.0,1,Stopped,0.0,0,0,,307.0,307.0,307.8,0.0
92H-07095,2026-08-01 14:40:00,306.8,0.0,"Nguyễn Hoàng, Xã Nam Phước, TP Đà Nẵng",0,0,306.8,5.0,15.0,0,0.0,1,0,0,VALID,-0.1999999999999886,-0.0399999999999977,307.0,0.08944271843632685,5.0,1,Stopped,0.0,0,0,,306.8,306.9,307.7,0.0
92H-07095,2026-08-01 14:45:00,306.8,0.0,"Nguyễn Hoàng, Xã Nam Phước, TP Đà Nẵng",0,0,306.8,5.0,15.0,0,0.0,1,0,0,VALID,0.0,0.0,307.0,0.10954451095912586,5.0,1,Stopped,0.0,0,0,,306.8,306.9,307.6,0.0
92H-07095,2026-08-01 14:50:00,306.8,0.0,"Nguyễn Hoàng, Xã Nam Phước, TP Đà Nẵng",0,0,306.8,5.0,15.0,0,0.0,1,0,0,VALID,0.0,0.0,306.8,0.10954451095911419,5.0,1,Stopped,0.0,0,0,,306.8,306.8,307.5,0.0
92H-07095,2026-08-01 14:55:00,306.8,0.0,"Nguyễn Hoàng, Xã Nam Phước, TP Đà Nẵng",0,0,306.8,5.0,15.0,0,0.0,1,0,0,VALID,0.0,0.0,306.8,0.08944271843628394,5.0,1,Stopped,0.0,0,0,,306.8,306.8,307.5,0.0
92H-07095,2026-08-01 15:00:00,306.8,0.0,"Nguyễn Hoàng, Xã Nam Phước, TP Đà Nẵng",0,0,306.8,5.0,15.0,0,0.0,1,0,0,VALID,0.0,0.0,306.8,0.0,5.0,1,Stopped,0.0,0,0,,306.8,306.8,307.4,0.0
92H-07095,2026-08-01 15:05:00,306.8,0.0,"Nguyễn Hoàng, Xã Nam Phước, TP Đà Nẵng",0,0,306.8,5.0,15.0,0,0.0,1,0,0,VALID,0.0,0.0,306.8,0.0,5.0,1,Stopped,0.0,0,0,,306.8,306.8,307.3,0.0
92H-07095,2026-08-01 15:10:00,306.8,0.0,"Nguyễn Hoàng, Xã Nam Phước, TP Đà Nẵng",0,0,306.8,5.0,15.0,0,0.0,1,0,0,VALID,0.0,0.0,306.8,0.0,5.0,1,Stopped,0.0,0,0,,306.8,306.8,307.3,0.0
92H-07095,2026-08-01 15:15:00,306.8,0.0,"Nguyễn Hoàng, Xã Nam Phước, TP Đà Nẵng",0,0,306.8,5.0,15.0,0,0.0,1,0,0,VALID,0.0,0.0,306.8,0.0,5.0,1,Stopped,0.0,0,0,,306.8,306.8,307.2,0.0
92H-07095,2026-08-01 15:20:00,306.8,0.0,"Nguyễn Hoàng, Xã Nam Phước, TP Đà Nẵng",0,0,306.8,5.0,15.0,0,0.0,1,0,0,VALID,0.0,0.0,306.8,0.0,5.0,1,Stopped,0.0,0,0,,306.8,306.8,307.2,0.0
92H-07095,2026-08-01 15:25:00,306.1,46.0,"Hoàng Sa, Xã Nam Phước, TP Đà Nẵng",0,0,306.1,5.0,15.0,0,0.0,1,0,0,VALID,-0.6999999999999886,-0.1399999999999977,306.8,0.3130495166603734,5.0,1,Moving,0.1533333333333333,0,0,,306.1,306.5,307.1,1.0
92H-07095,2026-08-01 15:30:00,304.9,50.0,"Quốc Lộ 1, Phường Điện Bàn, TP Đà Nẵng",0,0,304.9,5.0,15.0,0,0.0,1,0,0,VALID,-1.2000000000000457,-0.2400000000000091,306.8,0.828854631332536,5.0,1,Moving,0.0133333333333333,0,0,,306.2,306.4,307.0,1.0
92H-07095,2026-08-01 15:35:00,302.7,48.0,"Quốc Lộ 1, Phường An Thắng, TP Đà Nẵng",0,0,302.7,5.0,15.0,0,0.0,1,0,0,VALID,-2.1999999999999886,-0.4399999999999977,306.1,1.7271363582188806,5.0,1,Moving,-0.0066666666666666,0,0,,305.2,305.9,306.8,1.0
92H-07095,2026-08-01 15:40:00,302.9,48.0,"Quốc Lộ 1, Phường Điện Bàn Bắc, TP Đà Nẵng",0,0,302.9,5.0,15.0,0,0.0,1,0,0,VALID,0.1999999999999886,0.0399999999999977,304.9,1.8471599822110034,5.0,1,Moving,0.0,0,0,,305.6,305.8,306.7,1.0
92H-07095,2026-08-01 15:45:00,298.5,39.0,"Quốc Lộ 1, Phường Hòa Xuân, TP Đà Nẵng",0,0,298.5,5.0,15.0,0,0.0,1,0,0,VALID,-4.399999999999977,-0.8799999999999955,302.9,2.8968948893396305,5.0,1,Moving,-0.03,0,0,,302.9,304.6,306.3,1.0
92H-07095,2026-08-01 15:50:00,303.2,0.0,"Quốc Lộ 1, Phường Hòa Xuân, TP Đà Nẵng",0,0,303.2,5.0,15.0,0,0.0,1,0,0,VALID,4.699999999999989,0.9399999999999976,302.9,2.3681216184736282,5.0,1,Stopped,-0.13,0,0,,305.8,305.1,306.3,0.0
92H-07095,2026-08-01 15:55:00,298.8,42.0,"Trường Chinh, Phường Cẩm Lệ, TP Đà Nẵng",0,0,298.8,5.0,15.0,0,0.0,1,0,0,VALID,-4.399999999999977,-0.8799999999999955,302.7,2.355206997247282,5.0,1,Moving,0.14,0,0,,303.3,304.4,306.0,1.0
92H-07095,2026-08-01 16:00:00,290.8,39.0,"Trường Sơn, Phường Cẩm Lệ, TP Đà Nẵng",0,0,290.8,5.0,15.0,0,0.0,1,0,0,VALID,-8.0,-1.6,298.8,5.006296035981433,5.0,1,Moving,-0.01,0,0,,297.4,301.6,305.1,1.0
92H-07095,2026-08-01 16:05:00,294.5,42.0,"Trường Sơn, Phường Cẩm Lệ, TP Đà Nẵng",0,0,294.5,5.0,15.0,0,0.0,1,0,0,VALID,3.6999999999999886,0.7399999999999978,298.5,4.703509328138302,5.0,1,Moving,0.01,0,0,,300.3,301.1,304.6,1.0
92H-07095,2026-08-01 16:10:00,300.4,0.0,"Phường Cẩm Lệ, TP Đà Nẵng",0,0,300.4,5.0,15.0,0,0.0,1,0,0,VALID,5.899999999999977,1.1799999999999955,298.8,4.9110080431499865,5.0,1,Stopped,-0.14,0,0,,302.7,301.7,304.4,0.0
92H-07095,2026-08-01 16:15:00,296.7,0.0,"Phường Cẩm Lệ, TP Đà Nẵng",0,0,296.7,5.0,15.0,0,0.0,1,0,0,VALID,-3.6999999999999886,-0.7399999999999978,296.7,3.764704503660857,5.0,1,Stopped,0.0,0,0,,299.9,301.0,304.0,0.0
92H-07095,2026-08-01 16:20:00,296.7,0.0,"Phường Cẩm Lệ, TP Đà Nẵng",0,0,296.7,5.0,15.0,0,0.0,1,0,0,VALID,0.0,0.0,296.7,3.5166745655355207,5.0,1,Stopped,0.0,0,0,,299.6,300.4,303.5,0.0
92H-07095,2026-08-01 16:25:00,296.7,0.0,"Phường Cẩm Lệ, TP Đà Nẵng",0,0,296.7,5.0,15.0,0,0.0,1,0,0,VALID,0.0,0.0,296.7,2.12602916251968,5.0,1,Stopped,0.0,0,0,,299.0,299.9,303.1,0.0
92H-07095,2026-08-01 16:30:00,296.8,0.0,"Phường Cẩm Lệ, TP Đà Nẵng",0,0,296.8,5.0,15.0,0,0.0,1,0,0,VALID,0.1000000000000227,0.0200000000000045,296.7,1.6440802899749167,5.0,1,Stopped,0.0,0,0,,298.1,299.2,302.6,0.0
92H-07095,2026-08-01 16:35:00,296.8,0.0,"Phường Cẩm Lệ, TP Đà Nẵng",0,0,296.8,5.0,15.0,0,0.0,1,0,0,VALID,0.0,0.0,296.7,0.05477225469364578,5.0,1,Stopped,0.0,0,0,,298.4,298.9,302.2,0.0
92H-07095,2026-08-01 16:40:00,296.8,0.0,"Phường Cẩm Lệ, TP Đà Nẵng",0,0,296.8,5.0,15.0,0,0.0,1,0,0,VALID,0.0,0.0,296.8,0.05477225469358221,5.0,1,Stopped,0.0,0,0,,296.8,298.0,301.6,0.0
92H-07095,2026-08-01 16:45:00,296.8,0.0,"Phường Cẩm Lệ, TP Đà Nẵng",0,0,296.8,5.0,15.0,0,0.0,1,0,0,VALID,0.0,0.0,296.8,0.044721358255428334,5.0,1,Stopped,0.0,0,0,,295.6,297.1,301.0,0.0
92H-07095,2026-08-01 16:50:00,296.8,0.0,"Phường Cẩm Lệ, TP Đà Nẵng",0,0,296.8,5.0,15.0,0,0.0,1,0,0,VALID,0.0,0.0,296.8,0.0,5.0,1,Stopped,0.0,0,0,,296.8,297.0,300.6,0.0
92H-07095,2026-08-01 16:55:00,296.8,0.0,"Phường Cẩm Lệ, TP Đà Nẵng",0,0,296.8,5.0,15.0,0,0.0,1,0,0,VALID,0.0,0.0,296.8,0.0,5.0,1,Stopped,0.0,0,0,,298.1,297.4,300.4,0.0
92H-07095,2026-08-01 17:00:00,296.8,0.0,"Phường Cẩm Lệ, TP Đà Nẵng",0,0,296.8,5.0,15.0,0,0.0,1,0,0,VALID,0.0,0.0,296.8,0.0,5.0,1,Stopped,0.0,0,0,,296.8,297.2,300.0,0.0
92H-07095,2026-08-01 17:05:00,296.8,0.0,"Phường Cẩm Lệ, TP Đà Nẵng",0,0,296.8,5.0,15.0,0,0.0,1,0,0,VALID,0.0,0.0,296.8,0.0,5.0,1,Stopped,0.0,0,0,,296.8,297.0,299.7,0.0
92H-07095,2026-08-01 17:10:00,296.8,0.0,"Phường Cẩm Lệ, TP Đà Nẵng",0,0,296.8,5.0,15.0,0,0.0,1,0,0,VALID,0.0,0.0,296.8,0.0,5.0,1,Stopped,0.0,0,0,,296.8,296.9,299.4,0.0
92H-07095,2026-08-01 17:15:00,296.8,0.0,"Phường Cẩm Lệ, TP Đà Nẵng",0,0,296.8,5.0,15.0,0,0.0,1,0,0,VALID,0.0,0.0,296.8,0.0,5.0,1,Stopped,0.0,0,0,,296.8,296.9,299.1,0.0
92H-07095,2026-08-01 17:20:00,296.8,0.0,"Phường Cẩm Lệ, TP Đà Nẵng",0,0,296.8,5.0,15.0,0,0.0,1,0,0,VALID,0.0,0.0,296.8,0.0,5.0,1,Stopped,0.0,0,0,,296.8,296.8,298.9,0.0
92H-07095,2026-08-01 17:25:00,296.8,0.0,"Phường Cẩm Lệ, TP Đà Nẵng",0,0,296.8,5.0,15.0,0,0.0,1,0,0,VALID,0.0,0.0,296.8,0.0,5.0,1,Stopped,0.0,0,0,,296.8,296.8,298.7,0.0
92H-07095,2026-08-01 17:30:00,296.8,0.0,"Phường Cẩm Lệ, TP Đà Nẵng",0,0,296.8,5.0,15.0,0,0.0,1,0,0,VALID,0.0,0.0,296.8,0.0,5.0,1,Stopped,0.0,0,0,,296.8,296.8,298.5,0.0
92H-07095,2026-08-01 17:35:00,296.8,0.0,"Phường Cẩm Lệ, TP Đà Nẵng",0,0,296.8,5.0,15.0,0,0.0,1,0,0,VALID,0.0,0.0,296.8,0.0,5.0,1,Stopped,0.0,0,0,,296.8,296.8,298.3,0.0
92H-07095,2026-08-01 17:40:00,296.8,0.0,"Phường Cẩm Lệ, TP Đà Nẵng",0,0,296.8,5.0,15.0,0,0.0,1,0,0,VALID,0.0,0.0,296.8,0.0,5.0,1,Stopped,0.0,0,0,,296.8,296.8,298.2,0.0
92H-07095,2026-08-01 17:45:00,296.8,0.0,"Phường Cẩm Lệ, TP Đà Nẵng",0,0,296.8,5.0,15.0,0,0.0,1,0,0,VALID,0.0,0.0,296.8,0.0,5.0,1,Stopped,0.0,0,0,,296.8,296.8,298.0,0.0
92H-07095,2026-08-01 17:50:00,296.8,0.0,"Phường Cẩm Lệ, TP Đà Nẵng",0,0,296.8,5.0,15.0,0,0.0,1,0,0,VALID,0.0,0.0,296.8,0.0,5.0,1,Stopped,0.0,0,0,,296.8,296.8,297.9,0.0
92H-07095,2026-08-01 17:55:00,296.8,0.0,"Phường Cẩm Lệ, TP Đà Nẵng",0,0,296.8,5.0,15.0,0,0.0,1,0,0,VALID,0.0,0.0,296.8,0.0,5.0,1,Stopped,0.0,0,0,,296.8,296.8,297.8,0.0
92H-07095,2026-08-01 18:00:00,296.8,0.0,"Phường Cẩm Lệ, TP Đà Nẵng",0,0,296.8,5.0,15.0,0,0.0,1,0,0,VALID,0.0,0.0,296.8,0.0,5.0,1,Stopped,0.0,0,0,,296.8,296.8,297.7,0.0
92H-07095,2026-08-01 18:05:00,296.8,0.0,"Phường Cẩm Lệ, TP Đà Nẵng",0,0,296.8,5.0,15.0,0,0.0,1,0,0,VALID,0.0,0.0,296.8,0.0,5.0,1,Stopped,0.0,0,0,,296.8,296.8,297.6,0.0
92H-07095,2026-08-01 18:10:00,296.8,0.0,"Phường Cẩm Lệ, TP Đà Nẵng",0,0,296.8,5.0,15.0,0,0.0,1,0,0,VALID,0.0,0.0,296.8,0.0,5.0,1,Stopped,0.0,0,0,,296.8,296.8,297.5,0.0
92H-07095,2026-08-01 18:15:00,296.8,0.0,"Phường Cẩm Lệ, TP Đà Nẵng",0,0,296.8,5.0,15.0,0,0.0,1,0,0,VALID,0.0,0.0,296.8,0.0,5.0,1,Stopped,0.0,0,0,,296.8,296.8,297.5,0.0
92H-07095,2026-08-01 18:20:00,296.8,0.0,"Phường Cẩm Lệ, TP Đà Nẵng",0,0,296.8,5.0,15.0,0,0.0,1,0,0,VALID,0.0,0.0,296.8,0.0,5.0,1,Stopped,0.0,0,0,,296.8,296.8,297.4,0.0
92H-07095,2026-08-01 18:25:00,296.4,0.0,"Phường Cẩm Lệ, TP Đà Nẵng",0,0,296.4,5.0,15.0,0,0.0,1,0,0,VALID,-0.4000000000000341,-0.0800000000000068,296.8,0.1788854378764112,5.0,1,Stopped,0.0,0,0,,296.4,296.6,297.3,0.0
92H-07095,2026-08-01 18:30:00,291.6,41.0,"Trường Sơn, Phường Cẩm Lệ, TP Đà Nẵng",0,0,291.6,5.0,15.0,0,0.0,1,0,0,VALID,-4.7999999999999545,-0.9599999999999907,296.8,2.287356552854081,5.0,1,Moving,0.1366666666666666,0,0,,293.9,295.5,297.0,1.0
92H-07095,2026-08-01 18:35:00,287.0,35.0,"Trường Sơn, Phường Cẩm Lệ, TP Đà Nẵng",0,0,287.0,5.0,15.0,0,0.0,1,0,0,VALID,-4.600000000000023,-0.9200000000000046,296.4,4.353389484055513,5.0,1,Moving,-0.02,0,0,,290.5,293.5,296.3,1.0
92H-07095,2026-08-01 18:40:00,292.0,39.0,"Trường Sơn, Xã Bà Nà, TP Đà Nẵng",0,0,292.0,5.0,15.0,0,0.0,1,0,0,VALID,5.0,1.0,292.0,4.0209451625066235,5.0,1,Moving,0.0133333333333333,0,0,,293.9,293.7,296.1,1.0
92H-07095,2026-08-01 18:45:00,291.1,62.0,"Hải Vân - Túy Loan, Xã Bà Nà, TP Đà Nẵng",0,0,291.1,5.0,15.0,0,0.0,1,0,0,VALID,-0.8999999999999773,-0.1799999999999954,291.6,3.339461034341569,5.0,1,Moving,0.0766666666666666,0,0,,293.1,293.4,295.8,1.0
92H-07095,2026-08-01 18:50:00,290.1,65.0,"Hải Vân - Túy Loan, Phường Hòa Khánh, TP Đà Nẵng",0,0,290.1,5.0,15.0,0,0.0,1,0,0,VALID,-1.0,-0.2,291.1,2.008233054176267,5.0,1,Moving,0.01,0,0,,293.1,293.3,295.5,1.0
92H-07095,2026-08-01 18:55:00,288.2,36.0,"Phường Liên Chiểu, TP Đà Nẵng",0,0,288.2,5.0,15.0,0,0.0,1,0,0,VALID,-1.900000000000034,-0.3800000000000068,290.1,2.058397434871692,5.0,1,Moving,-0.0966666666666666,0,0,,292.2,292.9,295.2,1.0
92H-07095,2026-08-01 19:00:00,283.2,0.0,"Phường Liên Chiểu, TP Đà Nẵng",0,0,283.2,5.0,15.0,0,0.0,1,0,0,VALID,-5.0,-1.0,290.1,3.495282535058737,5.0,1,Stopped,-0.12,0,0,,288.5,291.1,294.5,0.0
92H-07095,2026-08-01 19:05:00,287.7,0.0,"Phường Liên Chiểu, TP Đà Nẵng",0,0,287.7,5.0,15.0,0,0.0,1,0,0,VALID,4.5,0.9,288.2,3.0484422251187406,5.0,1,Stopped,0.0,0,0,,291.5,291.3,294.2,0.0
92H-07095,2026-08-01 19:10:00,284.8,0.0,"Phường Liên Chiểu, TP Đà Nẵng",0,0,284.8,5.0,15.0,0,0.0,1,0,0,VALID,-2.8999999999999773,-0.5799999999999954,287.7,2.7667670664309982,5.0,1,Stopped,0.0,0,0,,289.1,290.4,293.7,0.0
92H-07095,2026-08-01 19:15:00,284.8,0.0,"Phường Liên Chiểu, TP Đà Nẵng",0,0,284.8,5.0,15.0,0,0.0,1,0,0,VALID,0.0,0.0,284.8,2.1279097724968166,5.0,1,Stopped,0.0,0,0,,287.9,289.4,293.1,0.0
92H-07095,2026-08-01 19:20:00,284.8,0.0,"Phường Liên Chiểu, TP Đà Nẵng",0,0,284.8,5.0,15.0,0,0.0,1,0,0,VALID,0.0,0.0,284.8,1.630337388360976,5.0,1,Stopped,0.0,0,0,,287.0,288.4,292.5,0.0
92H-07095,2026-08-01 19:25:00,284.8,0.0,"Phường Liên Chiểu, TP Đà Nẵng",0,0,284.8,5.0,15.0,0,0.0,1,0,0,VALID,0.0,0.0,284.8,1.2969194269065358,5.0,1,Stopped,0.0,0,0,,288.2,288.3,292.1,0.0
92H-07095,2026-08-01 19:30:00,284.8,0.0,"Phường Liên Chiểu, TP Đà Nẵng",0,0,284.8,5.0,15.0,0,0.0,1,0,0,VALID,0.0,0.0,284.8,0.0,5.0,1,Stopped,0.0,0,0,,287.5,288.0,291.6,0.0
92H-07095,2026-08-01 19:35:00,284.8,0.0,"Phường Liên Chiểu, TP Đà Nẵng",0,0,284.8,5.0,15.0,0,0.0,1,0,0,VALID,0.0,0.0,284.8,0.0,5.0,1,Stopped,0.0,0,0,,286.8,287.5,291.1,0.0
92H-07095,2026-08-01 19:40:00,284.8,0.0,"Phường Liên Chiểu, TP Đà Nẵng",0,0,284.8,5.0,15.0,0,0.0,1,0,0,VALID,0.0,0.0,284.8,0.0,5.0,1,Stopped,0.0,0,0,,286.0,286.9,290.6,0.0
92H-07095,2026-08-01 19:45:00,284.8,0.0,"Phường Liên Chiểu, TP Đà Nẵng",0,0,284.8,5.0,15.0,0,0.0,1,0,0,VALID,0.0,0.0,284.8,0.0,5.0,1,Stopped,0.0,0,0,,284.8,286.1,290.0,0.0
92H-07095,2026-08-01 19:50:00,284.8,0.0,"Phường Liên Chiểu, TP Đà Nẵng",0,0,284.8,5.0,15.0,0,0.0,1,0,0,VALID,0.0,0.0,284.8,0.0,5.0,1,Stopped,0.0,0,0,,286.0,286.0,289.6,0.0
92H-07095,2026-08-01 19:55:00,284.8,0.0,"Phường Liên Chiểu, TP Đà Nẵng",0,0,284.8,5.0,15.0,0,0.0,1,0,0,VALID,0.0,0.0,284.8,0.0,5.0,1,Stopped,0.0,0,0,,284.8,285.5,289.2,0.0
92H-07095,2026-08-01 20:00:00,284.8,0.0,"Phường Liên Chiểu, TP Đà Nẵng",0,0,284.8,5.0,15.0,0,0.0,1,0,0,VALID,0.0,0.0,284.8,0.0,5.0,1,Stopped,0.0,0,0,,284.8,285.2,288.7,0.0
92H-07095,2026-08-01 20:05:00,286.0,37.0,"Phường Liên Chiểu, TP Đà Nẵng",0,0,286.0,5.0,15.0,0,0.0,1,0,0,VALID,1.1999999999999886,0.2399999999999977,284.8,0.5366563144952831,5.0,1,Moving,0.1233333333333333,0,0,,286.0,285.5,288.4,1.0
92H-07095,2026-08-01 20:10:00,282.6,64.0,"Hải Vân - Túy Loan, Phường Hòa Khánh, TP Đà Nẵng",0,0,282.6,5.0,15.0,0,0.0,1,0,0,VALID,-3.3999999999999773,-0.6799999999999955,284.8,1.2328828005482806,5.0,1,Moving,0.09,0,0,,284.1,285.0,288.0,1.0
92H-07095,2026-08-01 20:15:00,281.4,57.0,"Hải Vân - Túy Loan, Phường Hòa Khánh, TP Đà Nẵng",0,0,281.4,5.0,15.0,0,0.0,1,0,0,VALID,-1.2000000000000457,-0.2400000000000091,284.8,1.8686893802577347,5.0,1,Moving,-0.0233333333333333,0,0,,283.8,284.5,287.6,1.0
92H-07095,2026-08-01 20:20:00,282.0,0.0,"Hải Vân - Túy Loan, Xã Bà Nà, TP Đà Nẵng",0,0,282.0,5.0,15.0,0,0.0,1,0,0,VALID,0.6000000000000227,0.1200000000000045,282.6,1.9565275361947272,5.0,1,Stopped,-0.19,0,0,,284.0,284.3,287.2,0.0
92H-07095,2026-08-01 20:25:00,277.0,40.0,"Trường Sơn, Phường Cẩm Lệ, TP Đà Nẵng",0,0,277.0,5.0,15.0,0,0.0,1,0,0,VALID,-5.0,-1.0,282.0,3.2218007387001313,5.0,1,Moving,0.1333333333333333,0,0,,281.0,283.0,286.6,1.0
92H-07095,2026-08-01 20:30:00,279.5,0.0,"Trường Sơn, Phường Cẩm Lệ, TP Đà Nẵng",0,0,279.5,5.0,15.0,0,0.0,1,0,0,VALID,2.5,0.5,281.4,2.275961335323852,5.0,1,Stopped,-0.1333333333333333,0,0,,282.9,282.9,286.2,0.0
92H-07095,2026-08-01 20:35:00,274.8,0.0,"Trường Sơn, Phường Cẩm Lệ, TP Đà Nẵng",0,0,274.8,5.0,15.0,0,0.0,1,0,0,VALID,-4.699999999999989,-0.9399999999999976,279.5,3.026218762728417,5.0,1,Stopped,0.0,0,0,,279.8,281.7,285.6,0.0
92H-07095,2026-08-01 20:40:00,283.0,0.0,"Cách Mạng Tháng 8, Phường Cẩm Lệ, TP Đà Nẵng",0,0,283.0,5.0,15.0,0,0.0,1,0,0,VALID,8.199999999999989,1.6399999999999977,279.5,3.411451304047803,5.0,1,Stopped,0.0,0,0,,285.0,283.0,285.5,0.0
92H-07095,2026-08-01 20:45:00,277.9,0.0,"Cách Mạng Tháng 8, Phường Cẩm Lệ, TP Đà Nẵng",0,0,277.9,5.0,15.0,0,0.0,1,0,0,VALID,-5.100000000000023,-1.0200000000000045,277.9,3.063168294411801,5.0,1,Stopped,0.0,0,0,,281.7,282.5,285.2,0.0
92H-07095,2026-08-01 20:50:00,278.0,0.0,"Cách Mạng Tháng 8, Phường Cẩm Lệ, TP Đà Nẵng",0,0,278.0,5.0,15.0,0,0.0,1,0,0,VALID,0.1000000000000227,0.0200000000000045,278.0,2.9770791054135,5.0,1,Stopped,0.0,0,0,,282.1,282.3,284.8,0.0
92H-07095,2026-08-01 20:55:00,278.0,0.0,"Cách Mạng Tháng 8, Phường Cẩm Lệ, TP Đà Nẵng",0,0,278.0,5.0,15.0,0,0.0,1,0,0,VALID,0.0,0.0,278.0,2.9441467354548956,5.0,1,Stopped,0.0,0,0,,280.6,281.6,284.4,0.0
92H-07095,2026-08-01 21:00:00,277.9,0.0,"Cách Mạng Tháng 8, Phường Cẩm Lệ, TP Đà Nẵng",0,0,277.9,5.0,15.0,0,0.0,1,0,0,VALID,-0.1000000000000227,-0.0200000000000045,278.0,2.258982071617569,5.0,1,Stopped,0.0,0,0,,280.3,281.1,284.0,0.0
92H-07095,2026-08-01 21:05:00,277.9,0.0,"Cách Mạng Tháng 8, Phường Cẩm Lệ, TP Đà Nẵng",0,0,277.9,5.0,15.0,0,0.0,1,0,0,VALID,0.0,0.0,277.9,0.054772254744776934,5.0,1,Stopped,0.0,0,0,,279.8,280.6,283.6,0.0
92H-07095,2026-08-01 21:10:00,277.9,0.0,"Cách Mạng Tháng 8, Phường Cẩm Lệ, TP Đà Nẵng",0,0,277.9,5.0,15.0,0,0.0,1,0,0,VALID,0.0,0.0,277.9,0.054772254744776934,5.0,1,Stopped,0.0,0,0,,277.9,279.5,283.0,0.0
92H-07095,2026-08-01 21:15:00,277.9,0.0,"Cách Mạng Tháng 8, Phường Cẩm Lệ, TP Đà Nẵng",0,0,277.9,5.0,15.0,0,0.0,1,0,0,VALID,0.0,0.0,277.9,0.04472135831825592,5.0,1,Stopped,0.0,0,0,,278.7,279.2,282.6,0.0
92H-07095,2026-08-01 21:20:00,277.9,0.0,"Cách Mạng Tháng 8, Phường Cẩm Lệ, TP Đà Nẵng",0,0,277.9,5.0,15.0,0,0.0,1,0,0,VALID,0.0,0.0,277.9,0.0,5.0,1,Stopped,0.0,0,0,,277.9,278.7,282.1,0.0
92H-07095,2026-08-01 21:25:00,277.9,0.0,"Cách Mạng Tháng 8, Phường Cẩm Lệ, TP Đà Nẵng",0,0,277.9,5.0,15.0,0,0.0,1,0,0,VALID,0.0,0.0,277.9,0.0,5.0,1,Stopped,0.0,0,0,,279.5,279.0,281.9,0.0
92H-07095,2026-08-01 21:30:00,277.9,0.0,"Cách Mạng Tháng 8, Phường Cẩm Lệ, TP Đà Nẵng",0,0,277.9,5.0,15.0,0,0.0,1,0,0,VALID,0.0,0.0,277.9,0.0,5.0,1,Stopped,0.0,0,0,,277.9,278.6,281.5,0.0
92H-07095,2026-08-01 21:35:00,277.9,0.0,"Cách Mạng Tháng 8, Phường Cẩm Lệ, TP Đà Nẵng",0,0,277.9,5.0,15.0,0,0.0,1,0,0,VALID,0.0,0.0,277.9,0.0,5.0,1,Stopped,0.0,0,0,,277.9,278.3,281.1,0.0
92H-07095,2026-08-01 21:40:00,277.9,0.0,"Cách Mạng Tháng 8, Phường Cẩm Lệ, TP Đà Nẵng",0,0,277.9,5.0,15.0,0,0.0,1,0,0,VALID,0.0,0.0,277.9,0.0,5.0,1,Stopped,0.0,0,0,,277.9,278.1,280.8,0.0
92H-07095,2026-08-01 21:45:00,277.9,0.0,"Cách Mạng Tháng 8, Phường Cẩm Lệ, TP Đà Nẵng",0,0,277.9,5.0,15.0,0,0.0,1,0,0,VALID,0.0,0.0,277.9,0.0,5.0,1,Stopped,0.0,0,0,,277.9,278.0,280.5,0.0
92H-07095,2026-08-01 21:50:00,277.9,0.0,"Cách Mạng Tháng 8, Phường Cẩm Lệ, TP Đà Nẵng",0,0,277.9,5.0,15.0,0,0.0,1,0,0,VALID,0.0,0.0,277.9,0.0,5.0,1,Stopped,0.0,0,0,,277.9,278.0,280.2,0.0
92H-07095,2026-08-01 21:55:00,277.9,0.0,"Cách Mạng Tháng 8, Phường Cẩm Lệ, TP Đà Nẵng",0,0,277.9,5.0,15.0,0,0.0,1,0,0,VALID,0.0,0.0,277.9,0.0,5.0,1,Stopped,0.0,0,0,,277.9,278.0,280.0,0.0
92H-07095,2026-08-01 22:00:00,277.9,0.0,"Cách Mạng Tháng 8, Phường Cẩm Lệ, TP Đà Nẵng",0,0,277.9,5.0,15.0,0,0.0,1,0,0,VALID,0.0,0.0,277.9,0.0,5.0,1,Stopped,0.0,0,0,,277.9,277.9,279.8,0.0
92H-07095,2026-08-01 22:05:00,277.7,0.0,"Cách Mạng Tháng 8, Phường Cẩm Lệ, TP Đà Nẵng",0,0,277.7,5.0,15.0,0,0.0,1,0,0,VALID,-0.1999999999999886,-0.0399999999999977,277.9,0.08944271848418774,5.0,1,Stopped,0.0,0,0,,277.7,277.8,279.6,0.0
92H-07095,2026-08-01 22:10:00,277.6,0.0,"Cách Mạng Tháng 8, Phường Cẩm Lệ, TP Đà Nẵng",0,0,277.6,5.0,15.0,0,0.0,1,0,0,VALID,-0.0999999999999659,-0.0199999999999931,277.9,0.1414213558478688,5.0,1,Stopped,0.0,0,0,,277.6,277.7,279.4,0.0
92H-07095,2026-08-01 22:15:00,277.6,0.0,"Cách Mạng Tháng 8, Phường Cẩm Lệ, TP Đà Nẵng",0,0,277.6,5.0,15.0,0,0.0,1,0,0,VALID,0.0,0.0,277.7,0.15165750851790852,5.0,1,Stopped,0.0,0,0,,277.6,277.7,279.2,0.0
92H-07095,2026-08-01 22:20:00,277.6,0.0,"Cách Mạng Tháng 8, Phường Cẩm Lệ, TP Đà Nẵng",0,0,277.6,5.0,15.0,0,0.0,1,0,0,VALID,0.0,0.0,277.6,0.13038404768172962,5.0,1,Stopped,0.0,0,0,,277.6,277.7,279.0,0.0
92H-07095,2026-08-01 22:25:00,277.6,0.0,"Cách Mạng Tháng 8, Phường Cẩm Lệ, TP Đà Nẵng",0,0,277.6,5.0,15.0,0,0.0,1,0,0,VALID,0.0,0.0,277.6,0.04472135831888425,5.0,1,Stopped,0.0,0,0,,277.6,277.6,278.9,0.0
92H-07095,2026-08-01 22:30:00,277.6,0.0,"Cách Mạng Tháng 8, Phường Cẩm Lệ, TP Đà Nẵng",0,0,277.6,5.0,15.0,0,0.0,1,0,0,VALID,0.0,0.0,277.6,0.0,5.0,1,Stopped,0.0,0,0,,277.6,277.6,278.8,0.0
92H-07095,2026-08-01 22:35:00,277.6,0.0,"Cách Mạng Tháng 8, Phường Cẩm Lệ, TP Đà Nẵng",0,0,277.6,5.0,15.0,0,0.0,1,0,0,VALID,0.0,0.0,277.6,0.0,5.0,1,Stopped,0.0,0,0,,277.6,277.6,278.7,0.0
92H-07095,2026-08-01 22:40:00,277.6,0.0,"Cách Mạng Tháng 8, Phường Cẩm Lệ, TP Đà Nẵng",0,0,277.6,5.0,15.0,0,0.0,1,0,0,VALID,0.0,0.0,277.6,0.0,5.0,1,Stopped,0.0,0,0,,277.6,277.6,278.5,0.0
92H-07095,2026-08-01 22:45:00,277.6,0.0,"Cách Mạng Tháng 8, Phường Cẩm Lệ, TP Đà Nẵng",0,0,277.6,5.0,15.0,0,0.0,1,0,0,VALID,0.0,0.0,277.6,0.0,5.0,1,Stopped,0.0,0,0,,277.6,277.6,278.5,0.0
92H-07095,2026-08-01 22:50:00,277.6,0.0,"Cách Mạng Tháng 8, Phường Cẩm Lệ, TP Đà Nẵng",0,0,277.6,5.0,15.0,0,0.0,1,0,0,VALID,0.0,0.0,277.6,0.0,5.0,1,Stopped,0.0,0,0,,277.6,277.6,278.4,0.0
92H-07095,2026-08-01 22:55:00,277.6,0.0,"Cách Mạng Tháng 8, Phường Cẩm Lệ, TP Đà Nẵng",0,0,277.6,5.0,15.0,0,0.0,1,0,0,VALID,0.0,0.0,277.6,0.0,5.0,1,Stopped,0.0,0,0,,277.6,277.6,278.3,0.0
92H-07095,2026-08-01 23:00:00,277.6,0.0,"Cách Mạng Tháng 8, Phường Cẩm Lệ, TP Đà Nẵng",0,0,277.6,5.0,15.0,0,0.0,1,0,0,VALID,0.0,0.0,277.6,0.0,5.0,1,Stopped,0.0,0,0,,277.6,277.6,278.2,0.0
92H-07095,2026-08-01 23:05:00,277.6,0.0,"Cách Mạng Tháng 8, Phường Cẩm Lệ, TP Đà Nẵng",0,0,277.6,5.0,15.0,0,0.0,1,0,0,VALID,0.0,0.0,277.6,0.0,5.0,1,Stopped,0.0,0,0,,277.6,277.6,278.2,0.0
92H-07095,2026-08-01 23:10:00,277.6,0.0,"Cách Mạng Tháng 8, Phường Cẩm Lệ, TP Đà Nẵng",0,0,277.6,5.0,15.0,0,0.0,1,0,0,VALID,0.0,0.0,277.6,0.0,5.0,1,Stopped,0.0,0,0,,277.6,277.6,278.1,0.0
92H-07095,2026-08-01 23:15:00,277.6,0.0,"Cách Mạng Tháng 8, Phường Cẩm Lệ, TP Đà Nẵng",0,0,277.6,5.0,15.0,0,0.0,1,0,0,VALID,0.0,0.0,277.6,0.0,5.0,1,Stopped,0.0,0,0,,277.6,277.6,278.1,0.0
92H-07095,2026-08-01 23:20:00,277.6,0.0,"Cách Mạng Tháng 8, Phường Cẩm Lệ, TP Đà Nẵng",0,0,277.6,5.0,15.0,0,0.0,1,0,0,VALID,0.0,0.0,277.6,0.0,5.0,1,Stopped,0.0,0,0,,277.6,277.6,278.0,0.0
92H-07095,2026-08-01 23:25:00,277.6,0.0,"Cách Mạng Tháng 8, Phường Cẩm Lệ, TP Đà Nẵng",0,0,277.6,5.0,15.0,0,0.0,1,0,0,VALID,0.0,0.0,277.6,0.0,5.0,1,Stopped,0.0,0,0,,277.6,277.6,278.0,0.0
92H-07095,2026-08-01 23:30:00,277.6,0.0,"Cách Mạng Tháng 8, Phường Cẩm Lệ, TP Đà Nẵng",0,0,277.6,5.0,15.0,0,0.0,1,0,0,VALID,0.0,0.0,277.6,0.0,5.0,1,Stopped,0.0,0,0,,277.6,277.6,277.9,0.0
92H-07095,2026-08-01 23:35:00,277.6,0.0,"Cách Mạng Tháng 8, Phường Cẩm Lệ, TP Đà Nẵng",0,0,277.6,5.0,15.0,0,0.0,1,0,0,VALID,0.0,0.0,277.6,0.0,5.0,1,Stopped,0.0,0,0,,277.6,277.6,277.9,0.0
92H-07095,2026-08-01 23:40:00,277.7,0.0,"Cách Mạng Tháng 8, Phường Cẩm Lệ, TP Đà Nẵng",0,0,277.7,5.0,15.0,0,0.0,1,0,0,VALID,0.0999999999999659,0.0199999999999931,277.6,0.04472135831888425,5.0,1,Stopped,0.0,0,0,,277.7,277.6,277.9,0.0
92H-07095,2026-08-01 23:45:00,277.7,0.0,"Cách Mạng Tháng 8, Phường Cẩm Lệ, TP Đà Nẵng",0,0,277.7,5.0,15.0,0,0.0,1,0,0,VALID,0.0,0.0,277.6,0.054772254745272454,5.0,1,Stopped,0.0,0,0,,277.7,277.7,277.9,0.0
92H-07095,2026-08-01 23:50:00,277.7,0.0,"Cách Mạng Tháng 8, Phường Cẩm Lệ, TP Đà Nẵng",0,0,277.7,5.0,15.0,0,0.0,1,0,0,VALID,0.0,0.0,277.7,0.054772254745237434,5.0,1,Stopped,0.0,0,0,,277.7,277.7,277.8,0.0
92H-07095,2026-08-01 23:55:00,277.7,0.0,"Cách Mạng Tháng 8, Phường Cẩm Lệ, TP Đà Nẵng",0,0,277.7,5.0,15.0,0,0.0,1,0,0,VALID,0.0,0.0,277.7,0.04472135831875555,5.0,1,Stopped,0.0,0,0,,277.7,277.7,277.8,0.0
92H-07095,2026-08-02 00:00:00,277.7,0.0,"Cách Mạng Tháng 8, Phường Cẩm Lệ, TP Đà Nẵng",0,0,277.7,5.0,15.0,0,0.0,1,0,0,VALID,0.0,0.0,277.7,0.0,5.0,1,Stopped,0.0,0,0,,277.7,277.7,277.8,0.0
92H-07095,2026-08-02 00:05:00,277.7,0.0,"Cách Mạng Tháng 8, Phường Cẩm Lệ, TP Đà Nẵng",0,0,277.7,5.0,15.0,0,0.0,1,0,0,VALID,0.0,0.0,277.7,0.0,5.0,1,Stopped,0.0,0,0,,277.7,277.7,277.8,0.0
92H-07095,2026-08-02 00:10:00,277.7,0.0,"Cách Mạng Tháng 8, Phường Cẩm Lệ, TP Đà Nẵng",0,0,277.7,5.0,15.0,0,0.0,1,0,0,VALID,0.0,0.0,277.7,0.0,5.0,1,Stopped,0.0,0,0,,277.7,277.7,277.8,0.0
92H-07095,2026-08-02 00:15:00,277.7,0.0,"Cách Mạng Tháng 8, Phường Cẩm Lệ, TP Đà Nẵng",0,0,277.7,5.0,15.0,0,0.0,1,0,0,VALID,0.0,0.0,277.7,0.0,5.0,1,Stopped,0.0,0,0,,277.7,277.7,277.8,0.0
92H-07095,2026-08-02 00:20:00,277.7,0.0,"Cách Mạng Tháng 8, Phường Cẩm Lệ, TP Đà Nẵng",0,0,277.7,5.0,15.0,0,0.0,1,0,0,VALID,0.0,0.0,277.7,0.0,5.0,1,Stopped,0.0,0,0,,277.7,277.7,277.8,0.0
92H-07095,2026-08-02 00:25:00,277.7,0.0,"Cách Mạng Tháng 8, Phường Cẩm Lệ, TP Đà Nẵng",0,0,277.7,5.0,15.0,0,0.0,1,0,0,VALID,0.0,0.0,277.7,0.0,5.0,1,Stopped,0.0,0,0,,277.7,277.7,277.8,0.0
92H-07095,2026-08-02 00:30:00,277.7,0.0,"Cách Mạng Tháng 8, Phường Cẩm Lệ, TP Đà Nẵng",0,0,277.7,5.0,15.0,0,0.0,1,0,0,VALID,0.0,0.0,277.7,0.0,5.0,1,Stopped,0.0,0,0,,277.7,277.7,277.8,0.0
92H-07095,2026-08-02 00:35:00,277.7,0.0,"Cách Mạng Tháng 8, Phường Cẩm Lệ, TP Đà Nẵng",0,0,277.7,5.0,15.0,0,0.0,1,0,0,VALID,0.0,0.0,277.7,0.0,5.0,1,Stopped,0.0,0,0,,277.7,277.7,277.8,0.0
92H-07095,2026-08-02 00:40:00,277.7,0.0,"Cách Mạng Tháng 8, Phường Cẩm Lệ, TP Đà Nẵng",0,0,277.7,5.0,15.0,0,0.0,1,0,0,VALID,0.0,0.0,277.7,0.0,5.0,1,Stopped,0.0,0,0,,277.7,277.7,277.8,0.0
92H-07095,2026-08-02 00:45:00,277.7,0.0,"Cách Mạng Tháng 8, Phường Cẩm Lệ, TP Đà Nẵng",0,0,277.7,5.0,15.0,0,0.0,1,0,0,VALID,0.0,0.0,277.7,0.0,5.0,1,Stopped,0.0,0,0,,277.7,277.7,277.7,0.0
92H-07095,2026-08-02 00:50:00,277.7,0.0,"Cách Mạng Tháng 8, Phường Cẩm Lệ, TP Đà Nẵng",0,0,277.7,5.0,15.0,0,0.0,1,0,0,VALID,0.0,0.0,277.7,0.0,5.0,1,Stopped,0.0,0,0,,277.7,277.7,277.7,0.0
92H-07095,2026-08-02 00:55:00,277.7,0.0,"Cách Mạng Tháng 8, Phường Cẩm Lệ, TP Đà Nẵng",0,0,277.7,5.0,15.0,0,0.0,1,0,0,VALID,0.0,0.0,277.7,0.0,5.0,1,Stopped,0.0,0,0,,277.7,277.7,277.7,0.0
92H-07095,2026-08-02 01:00:00,277.7,0.0,"Cách Mạng Tháng 8, Phường Cẩm Lệ, TP Đà Nẵng",0,0,277.7,5.0,15.0,0,0.0,1,0,0,VALID,0.0,0.0,277.7,0.0,5.0,1,Stopped,0.0,0,0,,277.7,277.7,277.7,0.0
92H-07095,2026-08-02 01:05:00,277.7,0.0,"Cách Mạng Tháng 8, Phường Cẩm Lệ, TP Đà Nẵng",0,0,277.7,5.0,15.0,0,0.0,1,0,0,VALID,0.0,0.0,277.7,0.0,5.0,1,Stopped,0.0,0,0,,277.7,277.7,277.7,0.0
92H-07095,2026-08-02 01:10:00,277.7,0.0,"Cách Mạng Tháng 8, Phường Cẩm Lệ, TP Đà Nẵng",0,0,277.7,5.0,15.0,0,0.0,1,0,0,VALID,0.0,0.0,277.7,0.0,5.0,1,Stopped,0.0,0,0,,277.7,277.7,277.7,0.0
92H-07095,2026-08-02 01:15:00,277.7,0.0,"Cách Mạng Tháng 8, Phường Cẩm Lệ, TP Đà Nẵng",0,0,277.7,5.0,15.0,0,0.0,1,0,0,VALID,0.0,0.0,277.7,0.0,5.0,1,Stopped,0.0,0,0,,277.7,277.7,277.7,0.0
92H-07095,2026-08-02 01:20:00,277.7,0.0,"Cách Mạng Tháng 8, Phường Cẩm Lệ, TP Đà Nẵng",0,0,277.7,5.0,15.0,0,0.0,1,0,0,VALID,0.0,0.0,277.7,0.0,5.0,1,Stopped,0.0,0,0,,277.7,277.7,277.7,0.0
92H-07095,2026-08-02 01:25:00,277.7,0.0,"Cách Mạng Tháng 8, Phường Cẩm Lệ, TP Đà Nẵng",0,0,277.7,5.0,15.0,0,0.0,1,0,0,VALID,0.0,0.0,277.7,0.0,5.0,1,Stopped,0.0,0,0,,277.7,277.7,277.7,0.0
92H-07095,2026-08-02 01:30:00,277.7,0.0,"Cách Mạng Tháng 8, Phường Cẩm Lệ, TP Đà Nẵng",0,0,277.7,5.0,15.0,0,0.0,1,0,0,VALID,0.0,0.0,277.7,0.0,5.0,1,Stopped,0.0,0,0,,277.7,277.7,277.7,0.0
92H-07095,2026-08-02 01:35:00,277.7,0.0,"Cách Mạng Tháng 8, Phường Cẩm Lệ, TP Đà Nẵng",0,0,277.7,5.0,15.0,0,0.0,1,0,0,VALID,0.0,0.0,277.7,0.0,5.0,1,Stopped,0.0,0,0,,277.7,277.7,277.7,0.0
92H-07095,2026-08-02 01:40:00,277.7,0.0,"Cách Mạng Tháng 8, Phường Cẩm Lệ, TP Đà Nẵng",0,0,277.7,5.0,15.0,0,0.0,1,0,0,VALID,0.0,0.0,277.7,0.0,5.0,1,Stopped,0.0,0,0,,277.7,277.7,277.7,0.0
92H-07095,2026-08-02 01:45:00,277.7,0.0,"Cách Mạng Tháng 8, Phường Cẩm Lệ, TP Đà Nẵng",0,0,277.7,5.0,15.0,0,0.0,1,0,0,VALID,0.0,0.0,277.7,0.0,5.0,1,Stopped,0.0,0,0,,277.7,277.7,277.7,0.0
92H-07095,2026-08-02 01:50:00,277.7,0.0,"Cách Mạng Tháng 8, Phường Cẩm Lệ, TP Đà Nẵng",0,0,277.7,5.0,15.0,0,0.0,1,0,0,VALID,0.0,0.0,277.7,0.0,5.0,1,Stopped,0.0,0,0,,277.7,277.7,277.7,0.0
92H-07095,2026-08-02 01:55:00,277.7,0.0,"Cách Mạng Tháng 8, Phường Cẩm Lệ, TP Đà Nẵng",0,0,277.7,5.0,15.0,0,0.0,1,0,0,VALID,0.0,0.0,277.7,0.0,5.0,1,Stopped,0.0,0,0,,277.7,277.7,277.7,0.0
92H-07095,2026-08-02 02:00:00,277.7,0.0,"Cách Mạng Tháng 8, Phường Cẩm Lệ, TP Đà Nẵng",0,0,277.7,5.0,15.0,0,0.0,1,0,0,VALID,0.0,0.0,277.7,0.0,5.0,1,Stopped,0.0,0,0,,277.7,277.7,277.7,0.0
92H-07095,2026-08-02 02:05:00,277.7,0.0,"Cách Mạng Tháng 8, Phường Cẩm Lệ, TP Đà Nẵng",0,0,277.7,5.0,15.0,0,0.0,1,0,0,VALID,0.0,0.0,277.7,0.0,5.0,1,Stopped,0.0,0,0,,277.7,277.7,277.7,0.0
92H-07095,2026-08-02 02:10:00,277.7,0.0,"Cách Mạng Tháng 8, Phường Cẩm Lệ, TP Đà Nẵng",0,0,277.7,5.0,15.0,0,0.0,1,0,0,VALID,0.0,0.0,277.7,0.0,5.0,1,Stopped,0.0,0,0,,277.7,277.7,277.7,0.0
92H-07095,2026-08-02 02:15:00,277.7,0.0,"Cách Mạng Tháng 8, Phường Cẩm Lệ, TP Đà Nẵng",0,0,277.7,5.0,15.0,0,0.0,1,0,0,VALID,0.0,0.0,277.7,0.0,5.0,1,Stopped,0.0,0,0,,277.7,277.7,277.7,0.0
92H-07095,2026-08-02 02:20:00,277.7,0.0,"Cách Mạng Tháng 8, Phường Cẩm Lệ, TP Đà Nẵng",0,0,277.7,5.0,15.0,0,0.0,1,0,0,VALID,0.0,0.0,277.7,0.0,5.0,1,Stopped,0.0,0,0,,277.7,277.7,277.7,0.0
92H-07095,2026-08-02 02:25:00,277.7,0.0,"Cách Mạng Tháng 8, Phường Cẩm Lệ, TP Đà Nẵng",0,0,277.7,5.0,15.0,0,0.0,1,0,0,VALID,0.0,0.0,277.7,0.0,5.0,1,Stopped,0.0,0,0,,277.7,277.7,277.7,0.0
92H-07095,2026-08-02 02:30:00,277.7,0.0,"Cách Mạng Tháng 8, Phường Cẩm Lệ, TP Đà Nẵng",0,0,277.7,5.0,15.0,0,0.0,1,0,0,VALID,0.0,0.0,277.7,0.0,5.0,1,Stopped,0.0,0,0,,277.7,277.7,277.7,0.0
92H-07095,2026-08-02 02:35:00,277.7,0.0,"Cách Mạng Tháng 8, Phường Cẩm Lệ, TP Đà Nẵng",0,0,277.7,5.0,15.0,0,0.0,1,0,0,VALID,0.0,0.0,277.7,0.0,5.0,1,Stopped,0.0,0,0,,277.7,277.7,277.7,0.0
92H-07095,2026-08-02 02:40:00,277.7,0.0,"Cách Mạng Tháng 8, Phường Cẩm Lệ, TP Đà Nẵng",0,0,277.7,5.0,15.0,0,0.0,1,0,0,VALID,0.0,0.0,277.7,0.0,5.0,1,Stopped,0.0,0,0,,277.7,277.7,277.7,0.0
92H-07095,2026-08-02 02:45:00,277.7,0.0,"Cách Mạng Tháng 8, Phường Cẩm Lệ, TP Đà Nẵng",0,0,277.7,5.0,15.0,0,0.0,1,0,0,VALID,0.0,0.0,277.7,0.0,5.0,1,Stopped,0.0,0,0,,277.7,277.7,277.7,0.0
92H-07095,2026-08-02 02:50:00,277.7,0.0,"Cách Mạng Tháng 8, Phường Cẩm Lệ, TP Đà Nẵng",0,0,277.7,5.0,15.0,0,0.0,1,0,0,VALID,0.0,0.0,277.7,0.0,5.0,1,Stopped,0.0,0,0,,277.7,277.7,277.7,0.0
92H-07095,2026-08-02 02:55:00,277.7,0.0,"Cách Mạng Tháng 8, Phường Cẩm Lệ, TP Đà Nẵng",0,0,277.7,5.0,15.0,0,0.0,1,0,0,VALID,0.0,0.0,277.7,0.0,5.0,1,Stopped,0.0,0,0,,277.7,277.7,277.7,0.0
92H-07095,2026-08-02 03:00:00,277.7,0.0,"Cách Mạng Tháng 8, Phường Cẩm Lệ, TP Đà Nẵng",0,0,277.7,5.0,15.0,0,0.0,1,0,0,VALID,0.0,0.0,277.7,0.0,5.0,1,Stopped,0.0,0,0,,277.7,277.7,277.7,0.0
92H-07095,2026-08-02 03:05:00,277.7,0.0,"Cách Mạng Tháng 8, Phường Cẩm Lệ, TP Đà Nẵng",0,0,277.7,5.0,15.0,0,0.0,1,0,0,VALID,0.0,0.0,277.7,0.0,5.0,1,Stopped,0.0,0,0,,277.7,277.7,277.7,0.0
92H-07095,2026-08-02 03:10:00,277.7,0.0,"Cách Mạng Tháng 8, Phường Cẩm Lệ, TP Đà Nẵng",0,0,277.7,5.0,15.0,0,0.0,1,0,0,VALID,0.0,0.0,277.7,0.0,5.0,1,Stopped,0.0,0,0,,277.7,277.7,277.7,0.0
92H-07095,2026-08-02 03:15:00,277.7,0.0,"Cách Mạng Tháng 8, Phường Cẩm Lệ, TP Đà Nẵng",0,0,277.7,5.0,15.0,0,0.0,1,0,0,VALID,0.0,0.0,277.7,0.0,5.0,1,Stopped,0.0,0,0,,277.7,277.7,277.7,0.0
92H-07095,2026-08-02 03:20:00,277.7,0.0,"Cách Mạng Tháng 8, Phường Cẩm Lệ, TP Đà Nẵng",0,0,277.7,5.0,15.0,0,0.0,1,0,0,VALID,0.0,0.0,277.7,0.0,5.0,1,Stopped,0.0,0,0,,277.7,277.7,277.7,0.0
92H-07095,2026-08-02 03:25:00,277.9,0.0,"Cách Mạng Tháng 8, Phường Cẩm Lệ, TP Đà Nẵng",0,0,277.9,5.0,15.0,0,0.0,1,0,0,VALID,0.1999999999999886,0.0399999999999977,277.7,0.08944271848433907,5.0,1,Stopped,0.0,0,0,,277.9,277.8,277.7,0.0
92H-07095,2026-08-02 03:30:00,277.9,0.0,"Cách Mạng Tháng 8, Phường Cẩm Lệ, TP Đà Nẵng",0,0,277.9,5.0,15.0,0,0.0,1,0,0,VALID,0.0,0.0,277.7,0.10954451099835102,5.0,1,Stopped,0.0,0,0,,277.9,277.8,277.7,0.0
92H-07095,2026-08-02 03:35:00,277.9,0.0,"Cách Mạng Tháng 8, Phường Cẩm Lệ, TP Đà Nẵng",0,0,277.9,5.0,15.0,0,0.0,1,0,0,VALID,0.0,0.0,277.9,0.1095445109983627,5.0,1,Stopped,0.0,0,0,,277.9,277.9,277.8,0.0
92H-07095,2026-08-02 03:40:00,277.9,0.0,"Cách Mạng Tháng 8, Phường Cẩm Lệ, TP Đà Nẵng",0,0,277.9,5.0,15.0,0,0.0,1,0,0,VALID,0.0,0.0,277.9,0.08944271848438196,5.0,1,Stopped,0.0,0,0,,277.9,277.9,277.8,0.0
92H-07095,2026-08-02 03:45:00,277.9,0.0,"Cách Mạng Tháng 8, Phường Cẩm Lệ, TP Đà Nẵng",0,0,277.9,5.0,15.0,0,0.0,1,0,0,VALID,0.0,0.0,277.9,0.0,5.0,1,Stopped,0.0,0,0,,277.9,277.9,277.8,0.0
92H-07095,2026-08-02 03:50:00,277.9,0.0,"Cách Mạng Tháng 8, Phường Cẩm Lệ, TP Đà Nẵng",0,0,277.9,5.0,15.0,0,0.0,1,0,0,VALID,0.0,0.0,277.9,0.0,5.0,1,Stopped,0.0,0,0,,277.9,277.9,277.8,0.0
92H-07095,2026-08-02 03:55:00,277.7,0.0,"Cách Mạng Tháng 8, Phường Cẩm Lệ, TP Đà Nẵng",0,0,277.7,5.0,15.0,0,0.0,1,0,0,VALID,-0.1999999999999886,-0.0399999999999977,277.9,0.08944271848438196,5.0,1,Stopped,0.0,0,0,,277.7,277.8,277.8,0.0
92H-07095,2026-08-02 04:00:00,277.6,0.0,"Cách Mạng Tháng 8, Phường Cẩm Lệ, TP Đà Nẵng",0,0,277.6,5.0,15.0,0,0.0,1,0,0,VALID,-0.0999999999999659,-0.0199999999999931,277.9,0.1414213558479228,5.0,1,Stopped,0.0,0,0,,277.6,277.7,277.8,0.0
92H-07095,2026-08-02 04:05:00,277.6,0.0,"Cách Mạng Tháng 8, Phường Cẩm Lệ, TP Đà Nẵng",0,0,277.6,5.0,15.0,0,0.0,1,0,0,VALID,0.0,0.0,277.7,0.15165750851791646,5.0,1,Stopped,0.0,0,0,,277.6,277.7,277.7,0.0
92H-07095,2026-08-02 04:10:00,277.6,0.0,"Cách Mạng Tháng 8, Phường Cẩm Lệ, TP Đà Nẵng",0,0,277.6,5.0,15.0,0,0.0,1,0,0,VALID,0.0,0.0,277.6,0.13038404768171488,5.0,1,Stopped,0.0,0,0,,277.6,277.6,277.7,0.0
92H-07095,2026-08-02 04:15:00,277.6,0.0,"Cách Mạng Tháng 8, Phường Cẩm Lệ, TP Đà Nẵng",0,0,277.6,5.0,15.0,0,0.0,1,0,0,VALID,0.0,0.0,277.6,0.04472135831884131,5.0,1,Stopped,0.0,0,0,,277.6,277.6,277.7,0.0
92H-07095,2026-08-02 04:20:00,277.6,0.0,"Cách Mạng Tháng 8, Phường Cẩm Lệ, TP Đà Nẵng",0,0,277.6,5.0,15.0,0,0.0,1,0,0,VALID,0.0,0.0,277.6,0.0,5.0,1,Stopped,0.0,0,0,,277.6,277.6,277.7,0.0
92H-07095,2026-08-02 04:25:00,277.6,0.0,"Cách Mạng Tháng 8, Phường Cẩm Lệ, TP Đà Nẵng",0,0,277.6,5.0,15.0,0,0.0,1,0,0,VALID,0.0,0.0,277.6,0.0,5.0,1,Stopped,0.0,0,0,,277.6,277.6,277.7,0.0
92H-07095,2026-08-02 04:30:00,277.6,0.0,"Cách Mạng Tháng 8, Phường Cẩm Lệ, TP Đà Nẵng",0,0,277.6,5.0,15.0,0,0.0,1,0,0,VALID,0.0,0.0,277.6,0.0,5.0,1,Stopped,0.0,0,0,,277.6,277.6,277.7,0.0
92H-07095,2026-08-02 04:35:00,277.6,0.0,"Cách Mạng Tháng 8, Phường Cẩm Lệ, TP Đà Nẵng",0,0,277.6,5.0,15.0,0,0.0,1,0,0,VALID,0.0,0.0,277.6,0.0,5.0,1,Stopped,0.0,0,0,,277.6,277.6,277.7,0.0
92H-07095,2026-08-02 04:40:00,277.6,0.0,"Cách Mạng Tháng 8, Phường Cẩm Lệ, TP Đà Nẵng",0,0,277.6,5.0,15.0,0,0.0,1,0,0,VALID,0.0,0.0,277.6,0.0,5.0,1,Stopped,0.0,0,0,,277.6,277.6,277.7,0.0
92H-07095,2026-08-02 04:45:00,277.6,0.0,"Cách Mạng Tháng 8, Phường Cẩm Lệ, TP Đà Nẵng",0,0,277.6,5.0,15.0,0,0.0,1,0,0,VALID,0.0,0.0,277.6,0.0,5.0,1,Stopped,0.0,0,0,,277.6,277.6,277.7,0.0
92H-07095,2026-08-02 04:50:00,277.6,0.0,"Cách Mạng Tháng 8, Phường Cẩm Lệ, TP Đà Nẵng",0,0,277.6,5.0,15.0,0,0.0,1,0,0,VALID,0.0,0.0,277.6,0.0,5.0,1,Stopped,0.0,0,0,,277.6,277.6,277.7,0.0
92H-07095,2026-08-02 04:55:00,277.6,0.0,"Cách Mạng Tháng 8, Phường Cẩm Lệ, TP Đà Nẵng",0,0,277.6,5.0,15.0,0,0.0,1,0,0,VALID,0.0,0.0,277.6,0.0,5.0,1,Stopped,0.0,0,0,,277.6,277.6,277.7,0.0
92H-07095,2026-08-02 05:00:00,277.6,0.0,"Cách Mạng Tháng 8, Phường Cẩm Lệ, TP Đà Nẵng",0,0,277.6,5.0,15.0,0,0.0,1,0,0,VALID,0.0,0.0,277.6,0.0,5.0,1,Stopped,0.0,0,0,,277.6,277.6,277.6,0.0
92H-07095,2026-08-02 05:05:00,277.6,0.0,"Cách Mạng Tháng 8, Phường Cẩm Lệ, TP Đà Nẵng",0,0,277.6,5.0,15.0,0,0.0,1,0,0,VALID,0.0,0.0,277.6,0.0,5.0,1,Stopped,0.0,0,0,,277.6,277.6,277.6,0.0
92H-07095,2026-08-02 05:10:00,277.6,0.0,"Cách Mạng Tháng 8, Phường Cẩm Lệ, TP Đà Nẵng",0,0,277.6,5.0,15.0,0,0.0,1,0,0,VALID,0.0,0.0,277.6,0.0,5.0,1,Stopped,0.0,0,0,,277.6,277.6,277.6,0.0
92H-07095,2026-08-02 05:15:00,277.6,0.0,"Cách Mạng Tháng 8, Phường Cẩm Lệ, TP Đà Nẵng",0,0,277.6,5.0,15.0,0,0.0,1,0,0,VALID,0.0,0.0,277.6,0.0,5.0,1,Stopped,0.0,0,0,,277.6,277.6,277.6,0.0
92H-07095,2026-08-02 05:20:00,277.6,0.0,"Cách Mạng Tháng 8, Phường Cẩm Lệ, TP Đà Nẵng",0,0,277.6,5.0,15.0,0,0.0,1,0,0,VALID,0.0,0.0,277.6,0.0,5.0,1,Stopped,0.0,0,0,,277.6,277.6,277.6,0.0
92H-07095,2026-08-02 05:25:00,277.6,0.0,"Cách Mạng Tháng 8, Phường Cẩm Lệ, TP Đà Nẵng",0,0,277.6,5.0,15.0,0,0.0,1,0,0,VALID,0.0,0.0,277.6,0.0,5.0,1,Stopped,0.0,0,0,,277.6,277.6,277.6,0.0
92H-07095,2026-08-02 05:30:00,277.6,0.0,"Cách Mạng Tháng 8, Phường Cẩm Lệ, TP Đà Nẵng",0,0,277.6,5.0,15.0,0,0.0,1,0,0,VALID,0.0,0.0,277.6,0.0,5.0,1,Stopped,0.0,0,0,,277.6,277.6,277.6,0.0
92H-07095,2026-08-02 05:35:00,277.6,0.0,"Cách Mạng Tháng 8, Phường Cẩm Lệ, TP Đà Nẵng",0,0,277.6,5.0,15.0,0,0.0,1,0,0,VALID,0.0,0.0,277.6,0.0,5.0,1,Stopped,0.0,0,0,,277.6,277.6,277.6,0.0
92H-07095,2026-08-02 05:40:00,277.6,0.0,"Cách Mạng Tháng 8, Phường Cẩm Lệ, TP Đà Nẵng",0,0,277.6,5.0,15.0,0,0.0,1,0,0,VALID,0.0,0.0,277.6,0.0,5.0,1,Stopped,0.0,0,0,,277.6,277.6,277.6,0.0
92H-07095,2026-08-02 05:45:00,277.6,0.0,"Cách Mạng Tháng 8, Phường Cẩm Lệ, TP Đà Nẵng",0,0,277.6,5.0,15.0,0,0.0,1,0,0,VALID,0.0,0.0,277.6,0.0,5.0,1,Stopped,0.0,0,0,,277.6,277.6,277.6,0.0
92H-07095,2026-08-02 05:50:00,277.6,0.0,"Cách Mạng Tháng 8, Phường Cẩm Lệ, TP Đà Nẵng",0,0,277.6,5.0,15.0,0,0.0,1,0,0,VALID,0.0,0.0,277.6,0.0,5.0,1,Stopped,0.0,0,0,,277.6,277.6,277.6,0.0
92H-07095,2026-08-02 05:55:00,277.6,0.0,"Cách Mạng Tháng 8, Phường Cẩm Lệ, TP Đà Nẵng",0,0,277.6,5.0,15.0,0,0.0,1,0,0,VALID,0.0,0.0,277.6,0.0,5.0,1,Stopped,0.0,0,0,,277.6,277.6,277.6,0.0
92H-07095,2026-08-02 06:00:00,276.1,30.0,"Cầu vượt Hòa Cầm, Phường Cẩm Lệ, TP Đà Nẵng",0,0,276.1,5.0,15.0,0,0.0,1,0,0,VALID,-1.5,-0.3,277.6,0.6708203931679185,5.0,1,Moving,0.1,0,0,,277.0,277.4,277.6,1.0
92H-07095,2026-08-02 06:05:00,278.0,0.0,"Trường Chinh, Phường An Khê, TP Đà Nẵng",0,0,278.0,5.0,15.0,0,0.0,1,0,0,VALID,1.8999999999999773,0.3799999999999954,277.6,0.7362064926974882,5.0,1,Stopped,-0.1,0,0,,278.0,277.6,277.6,0.0
92H-07095,2026-08-02 06:10:00,275.7,38.0,"Trường Chinh, Phường An Khê, TP Đà Nẵng",0,0,275.7,5.0,15.0,0,0.0,1,0,0,VALID,-2.300000000000012,-0.4600000000000023,277.6,1.0271319291551873,5.0,1,Moving,0.1266666666666666,0,0,,276.9,277.3,277.5,1.0
92H-07095,2026-08-02 06:15:00,275.7,0.0,"Trường Chinh, Phường An Khê, TP Đà Nẵng",0,0,275.7,5.0,15.0,0,0.0,1,0,0,VALID,0.0,0.0,276.1,1.098635517307793,5.0,1,Stopped,-0.1266666666666666,0,0,,277.0,277.2,277.5,0.0
92H-07095,2026-08-02 06:20:00,275.7,0.0,"Trường Chinh, Phường An Khê, TP Đà Nẵng",0,0,275.7,5.0,15.0,0,0.0,1,0,0,VALID,0.0,0.0,275.7,0.9989994994444409,5.0,1,Stopped,0.0,0,0,,276.9,277.1,277.4,0.0
92H-07095,2026-08-02 06:25:00,275.7,0.0,"Trường Chinh, Phường An Khê, TP Đà Nẵng",0,0,275.7,5.0,15.0,0,0.0,1,0,0,VALID,0.0,0.0,275.7,1.0285912695965604,5.0,1,Stopped,0.0,0,0,,276.8,277.0,277.4,0.0
92H-07095,2026-08-02 06:30:00,275.7,0.0,"Trường Chinh, Phường An Khê, TP Đà Nẵng",0,0,275.7,5.0,15.0,0,0.0,1,0,0,VALID,0.0,0.0,275.7,0.0,5.0,1,Stopped,0.0,0,0,,276.8,276.9,277.3,0.0
92H-07095,2026-08-02 06:35:00,275.7,0.0,"Trường Chinh, Phường An Khê, TP Đà Nẵng",0,0,275.7,5.0,15.0,0,0.0,1,0,0,VALID,0.0,0.0,275.7,0.0,5.0,1,Stopped,0.0,0,0,,276.8,276.9,277.3,0.0
92H-07095,2026-08-02 06:40:00,275.5,0.0,"Trường Chinh, Phường An Khê, TP Đà Nẵng",0,0,275.5,5.0,15.0,0,0.0,1,0,0,VALID,-0.1999999999999886,-0.0399999999999977,275.7,0.0894427184871506,5.0,1,Stopped,0.0,0,0,,276.4,276.7,277.2,0.0
92H-07095,2026-08-02 06:45:00,275.3,0.0,"Trường Chinh, Phường An Khê, TP Đà Nẵng",0,0,275.3,5.0,15.0,0,0.0,1,0,0,VALID,-0.1999999999999886,-0.0399999999999977,275.7,0.17888543789364683,5.0,1,Stopped,0.0,0,0,,275.9,276.4,277.0,0.0
92H-07095,2026-08-02 06:50:00,275.3,0.0,"Trường Chinh, Phường An Khê, TP Đà Nẵng",0,0,275.3,5.0,15.0,0,0.0,1,0,0,VALID,0.0,0.0,275.5,0.19999999972608068,5.0,1,Stopped,0.0,0,0,,276.3,276.3,277.0,0.0
92H-07095,2026-08-02 06:55:00,275.3,0.0,"Trường Chinh, Phường An Khê, TP Đà Nẵng",0,0,275.3,5.0,15.0,0,0.0,1,0,0,VALID,0.0,0.0,275.3,0.17888543789383113,5.0,1,Stopped,0.0,0,0,,275.3,275.9,276.8,0.0
92H-07095,2026-08-02 07:00:00,275.3,0.0,"Trường Chinh, Phường An Khê, TP Đà Nẵng",0,0,275.3,5.0,15.0,0,0.0,1,0,0,VALID,0.0,0.0,275.3,0.08944271848791327,5.0,1,Stopped,0.0,0,0,,275.3,275.7,276.6,0.0
92H-07095,2026-08-02 07:05:00,275.1,0.0,"Trường Chinh, Phường An Khê, TP Đà Nẵng",0,0,275.1,5.0,15.0,0,0.0,1,0,0,VALID,-0.1999999999999886,-0.0399999999999977,275.3,0.08944271848812617,5.0,1,Stopped,0.0,0,0,,275.1,275.4,276.5,0.0
92H-07095,2026-08-02 07:10:00,275.1,0.0,"Trường Chinh, Phường An Khê, TP Đà Nẵng",0,0,275.1,5.0,15.0,0,0.0,1,0,0,VALID,0.0,0.0,275.3,0.10954451100154697,5.0,1,Stopped,0.0,0,0,,275.1,275.3,276.4,0.0
92H-07095,2026-08-02 07:15:00,275.3,0.0,"Trường Chinh, Phường An Khê, TP Đà Nẵng",0,0,275.3,5.0,15.0,0,0.0,1,0,0,VALID,0.1999999999999886,0.0399999999999977,275.3,0.10954451100154697,5.0,1,Stopped,0.0,0,0,,275.3,275.3,276.2,0.0
92H-07095,2026-08-02 07:20:00,280.4,0.0,"Trường Chinh, Phường An Khê, TP Đà Nẵng",0,0,280.4,5.0,15.0,0,0.0,1,0,0,VALID,5.099999999999966,1.0199999999999931,275.3,2.3276597689288434,5.0,1,Stopped,0.0,0,0,,278.7,276.7,276.5,0.0
92H-07095,2026-08-02 07:25:00,274.7,0.0,"Trường Chinh, Phường An Khê, TP Đà Nẵng",0,0,274.7,5.0,15.0,0,0.0,1,0,0,VALID,-5.699999999999989,-1.1399999999999977,275.1,2.4024986992483393,5.0,1,Stopped,0.0,0,0,,275.3,276.1,276.4,0.0
92H-07095,2026-08-02 07:30:00,274.7,0.0,"Trường Chinh, Phường An Khê, TP Đà Nẵng",0,0,274.7,5.0,15.0,0,0.0,1,0,0,VALID,0.0,0.0,275.1,2.4511221919541337,5.0,1,Stopped,0.0,0,0,,275.8,276.0,276.3,0.0
92H-07095,2026-08-02 07:35:00,274.7,0.0,"Trường Chinh, Phường An Khê, TP Đà Nẵng",0,0,274.7,5.0,15.0,0,0.0,1,0,0,VALID,0.0,0.0,274.7,2.4955961211482345,5.0,1,Stopped,0.0,0,0,,275.5,275.8,276.2,0.0
92H-07095,2026-08-02 07:40:00,274.7,0.0,"Trường Chinh, Phường An Khê, TP Đà Nẵng",0,0,274.7,5.0,15.0,0,0.0,1,0,0,VALID,0.0,0.0,274.7,2.5491174943282244,5.0,1,Stopped,0.0,0,0,,275.5,275.7,276.2,0.0
92H-07095,2026-08-02 07:45:00,274.7,0.0,"Trường Chinh, Phường An Khê, TP Đà Nẵng",0,0,274.7,5.0,15.0,0,0.0,1,0,0,VALID,0.0,0.0,274.7,0.0,5.0,1,Stopped,0.0,0,0,,275.5,275.6,276.1,0.0
92H-07095,2026-08-02 07:50:00,274.7,0.0,"Trường Chinh, Phường An Khê, TP Đà Nẵng",0,0,274.7,5.0,15.0,0,0.0,1,0,0,VALID,0.0,0.0,274.7,0.0,5.0,1,Stopped,0.0,0,0,,275.3,275.5,276.0,0.0
92H-07095,2026-08-02 07:55:00,274.7,0.0,"Trường Chinh, Phường An Khê, TP Đà Nẵng",0,0,274.7,5.0,15.0,0,0.0,1,0,0,VALID,0.0,0.0,274.7,0.0,5.0,1,Stopped,0.0,0,0,,275.4,275.5,276.0,0.0
92H-07095,2026-08-02 08:00:00,274.8,0.0,"Trường Chinh, Phường An Khê, TP Đà Nẵng",0,0,274.8,5.0,15.0,0,0.0,1,0,0,VALID,0.1000000000000227,0.0200000000000045,274.7,0.04472135833128981,5.0,1,Stopped,0.0,0,0,,275.7,275.6,275.9,0.0
92H-07095,2026-08-02 08:05:00,274.8,0.0,"Trường Chinh, Phường An Khê, TP Đà Nẵng",0,0,274.8,5.0,15.0,0,0.0,1,0,0,VALID,0.0,0.0,274.7,0.05477225475533864,5.0,1,Stopped,0.0,0,0,,276.5,275.9,276.0,0.0
92H-07095,2026-08-02 08:10:00,274.5,0.0,"Trường Chinh, Phường An Khê, TP Đà Nẵng",0,0,274.5,5.0,15.0,0,0.0,1,0,0,VALID,-0.3000000000000113,-0.0600000000000022,274.7,0.1224744866941902,5.0,1,Stopped,0.0,0,0,,274.5,275.4,275.8,0.0
92H-07095,2026-08-02 08:15:00,274.5,0.0,"Trường Chinh, Phường An Khê, TP Đà Nẵng",0,0,274.5,5.0,15.0,0,0.0,1,0,0,VALID,0.0,0.0,274.7,0.15165750852175458,5.0,1,Stopped,0.0,0,0,,274.5,275.0,275.7,0.0
92H-07095,2026-08-02 08:20:00,273.9,40.0,"Trường Chinh, Phường An Khê, TP Đà Nẵng",0,0,273.9,5.0,15.0,0,0.0,1,0,0,VALID,-0.6000000000000227,-0.1200000000000045,274.5,0.367423461269311,5.0,1,Moving,0.1333333333333333,0,0,,274.5,274.8,275.6,1.0
92H-07095,2026-08-02 08:25:00,276.0,0.0,"Trường Chinh, Phường An Khê, TP Đà Nẵng",0,0,276.0,5.0,15.0,0,0.0,1,0,0,VALID,2.1000000000000227,0.4200000000000045,274.5,0.7765307462624879,5.0,1,Stopped,-0.1333333333333333,0,0,,276.0,275.3,275.6,0.0
92H-07095,2026-08-02 08:30:00,271.0,9.0,"Lê Đại Hành, Phường An Khê, TP Đà Nẵng",0,0,271.0,5.0,15.0,0,0.0,1,0,0,VALID,-5.0,-1.0,274.5,1.8376615574940458,5.0,1,Moving,0.03,0,0,,273.1,274.4,275.4,1.0
92H-07095,2026-08-02 08:35:00,272.6,0.0,"Cách Mạng Tháng 8, Phường Cẩm Lệ, TP Đà Nẵng",0,0,272.6,5.0,15.0,0,0.0,1,0,0,VALID,1.6000000000000227,0.3200000000000045,273.9,1.8986837545762232,5.0,1,Stopped,-0.03,0,0,,274.3,274.4,275.3,0.0
92H-07095,2026-08-02 08:40:00,272.6,0.0,"Cách Mạng Tháng 8, Phường Cẩm Lệ, TP Đà Nẵng",0,0,272.6,5.0,15.0,0,0.0,1,0,0,VALID,0.0,0.0,272.6,1.8633303517873328,5.0,1,Stopped,0.0,0,0,,274.0,274.2,275.1,0.0
92H-07095,2026-08-02 08:45:00,272.6,0.0,"Cách Mạng Tháng 8, Phường Cẩm Lệ, TP Đà Nẵng",0,0,272.6,5.0,15.0,0,0.0,1,0,0,VALID,0.0,0.0,272.6,1.8352111594833087,5.0,1,Stopped,0.0,0,0,,274.1,274.2,275.0,0.0
92H-07095,2026-08-02 08:50:00,272.6,0.0,"Cách Mạng Tháng 8, Phường Cẩm Lệ, TP Đà Nẵng",0,0,272.6,5.0,15.0,0,0.0,1,0,0,VALID,0.0,0.0,272.6,0.7155417527248311,5.0,1,Stopped,0.0,0,0,,274.1,274.1,274.9,0.0
92H-07095,2026-08-02 08:55:00,272.6,0.0,"Cách Mạng Tháng 8, Phường Cẩm Lệ, TP Đà Nẵng",0,0,272.6,5.0,15.0,0,0.0,1,0,0,VALID,0.0,0.0,272.6,0.0,5.0,1,Stopped,0.0,0,0,,274.0,274.1,274.8,0.0
92H-07095,2026-08-02 09:00:00,272.5,0.0,"Lê Đại Hành, Phường Cẩm Lệ, TP Đà Nẵng",0,0,272.5,5.0,15.0,0,0.0,1,0,0,VALID,-0.1000000000000227,-0.0200000000000045,272.6,0.04472135834626674,5.0,1,Stopped,0.0,0,0,,273.7,273.9,274.7,0.0
92H-07095,2026-08-02 09:05:00,268.9,0.0,"Cách Mạng Tháng 8, Phường Cẩm Lệ, TP Đà Nẵng",0,0,268.9,5.0,15.0,0,0.0,1,0,0,VALID,-3.6000000000000227,-0.7200000000000045,272.6,1.6440802899776081,5.0,1,Stopped,0.0,0,0,,271.6,273.0,274.4,0.0
92H-07095,2026-08-02 09:10:00,267.2,40.0,"Tiên Sơn, Phường Hòa Cường, TP Đà Nẵng",0,0,267.2,5.0,15.0,0,0.0,1,0,0,VALID,-1.6999999999999886,-0.3399999999999977,272.5,2.546173599716559,5.0,1,Moving,0.1333333333333333,0,0,,271.0,272.2,274.1,1.0
92H-07095,2026-08-02 09:15:00,268.2,0.0,"Ngũ Hành Sơn, Phường Ngũ Hành Sơn, TP Đà Nẵng",0,0,268.2,5.0,15.0,0,0.0,1,0,0,VALID,1.0,0.2,268.9,2.511374125831152,5.0,1,Stopped,-0.1333333333333333,0,0,,270.0,271.3,273.7,0.0
92H-07095,2026-08-02 09:20:00,270.0,0.0,"Ngũ Hành Sơn, Phường Ngũ Hành Sơn, TP Đà Nẵng",0,0,270.0,5.0,15.0,0,0.0,1,0,0,VALID,1.8000000000000114,0.3600000000000022,268.9,2.030517175473901,5.0,1,Stopped,0.0,0,0,,271.3,271.3,273.4,0.0
92H-07095,2026-08-02 09:25:00,267.9,0.0,"Ngô Quyền, Phường An Hải, TP Đà Nẵng",0,0,267.9,5.0,15.0,0,0.0,1,0,0,VALID,-2.1000000000000227,-0.4200000000000045,268.2,1.0644247272095104,5.0,1,Stopped,0.0,0,0,,270.1,270.8,273.1,0.0
92H-07095,2026-08-02 09:30:00,269.2,0.0,"Ngô Quyền, Phường An Hải, TP Đà Nẵng",0,0,269.2,5.0,15.0,0,0.0,1,0,0,VALID,1.3000000000000114,0.2600000000000023,268.2,1.1045361016711988,5.0,1,Stopped,0.0,0,0,,271.0,270.9,272.9,0.0
92H-07095,2026-08-02 09:35:00,265.7,42.0,"Phạm Văn Xảo, Phường Sơn Trà, TP Đà Nẵng",0,0,265.7,5.0,15.0,0,0.0,1,0,0,VALID,-3.5,-0.7,268.2,1.626345596696832,5.0,1,Moving,0.14,0,0,,269.2,270.2,272.5,1.0
92H-07095,2026-08-02 09:40:00,266.4,0.0,"Bùi Quốc Hưng, Phường Sơn Trà, TP Đà Nẵng",0,0,266.4,5.0,15.0,0,0.0,1,0,0,VALID,0.6999999999999886,0.1399999999999977,267.9,1.8146625030278722,5.0,1,Stopped,-0.14,0,0,,269.8,270.1,272.2,0.0
92H-07095,2026-08-02 09:45:00,266.6,0.0,"Bùi Quốc Hưng, Phường Sơn Trà, TP Đà Nẵng",0,0,266.6,5.0,15.0,0,0.0,1,0,0,VALID,0.2000000000000454,0.0400000000000091,266.6,1.3903237032776607,5.0,1,Stopped,0.0,0,0,,269.3,269.8,272.0,0.0
92H-07095,2026-08-02 09:50:00,266.6,0.0,"Bùi Quốc Hưng, Phường Sơn Trà, TP Đà Nẵng",0,0,266.6,5.0,15.0,0,0.0,1,0,0,VALID,0.0,0.0,266.6,1.33790881598704,5.0,1,Stopped,0.0,0,0,,268.1,269.1,271.6,0.0
92H-07095,2026-08-02 09:55:00,266.6,0.0,"Bùi Quốc Hưng, Phường Sơn Trà, TP Đà Nẵng",0,0,266.6,5.0,15.0,0,0.0,1,0,0,VALID,0.0,0.0,266.6,0.38987177365915415,5.0,1,Stopped,0.0,0,0,,267.5,268.5,271.2,0.0
92H-07095,2026-08-02 10:00:00,266.6,0.0,"Bùi Quốc Hưng, Phường Sơn Trà, TP Đà Nẵng",0,0,266.6,5.0,15.0,0,0.0,1,0,0,VALID,0.0,0.0,266.6,0.08944271851876762,5.0,1,Stopped,0.0,0,0,,267.9,268.2,270.8,0.0
92H-07095,2026-08-02 10:05:00,266.6,0.0,"Bùi Quốc Hưng, Phường Sơn Trà, TP Đà Nẵng",0,0,266.6,5.0,15.0,0,0.0,1,0,0,VALID,0.0,0.0,266.6,0.0,5.0,1,Stopped,0.0,0,0,,268.2,268.2,270.6,0.0
92H-07095,2026-08-02 10:10:00,266.6,0.0,"Bùi Quốc Hưng, Phường Sơn Trà, TP Đà Nẵng",0,0,266.6,5.0,15.0,0,0.0,1,0,0,VALID,0.0,0.0,266.6,0.0,5.0,1,Stopped,0.0,0,0,,267.6,268.0,270.3,0.0
92H-07095,2026-08-02 10:15:00,266.6,0.0,"Bùi Quốc Hưng, Phường Sơn Trà, TP Đà Nẵng",0,0,266.6,5.0,15.0,0,0.0,1,0,0,VALID,0.0,0.0,266.6,0.0,5.0,1,Stopped,0.0,0,0,,267.6,267.8,270.0,0.0
92H-07095,2026-08-02 10:20:00,260.9,35.0,"Ngô Quyền, Phường An Hải, TP Đà Nẵng",0,0,260.9,5.0,15.0,0,0.0,1,0,0,VALID,-5.7000000000000455,-1.140000000000009,266.6,2.5491174943295154,5.0,1,Moving,0.1166666666666666,0,0,,263.0,265.9,269.3,1.0
92H-07095,2026-08-02 10:25:00,260.7,0.0,"Bùng binh, Phường An Hải, TP Đà Nẵng",0,0,260.7,5.0,15.0,0,0.0,1,0,0,VALID,-0.1999999999999886,-0.0399999999999977,266.6,3.1775776937625815,5.0,1,Stopped,-0.1166666666666666,0,0,,263.6,265.0,268.7,0.0
92H-07095,2026-08-02 10:30:00,266.1,0.0,"Ngô Quyền, Phường An Hải, TP Đà Nẵng",0,0,266.1,5.0,15.0,0,0.0,1,0,0,VALID,5.400000000000034,1.0800000000000067,266.1,3.093056740491122,5.0,1,Stopped,0.0,0,0,,266.1,265.4,268.5,0.0
92H-07095,2026-08-02 10:35:00,261.2,42.0,"Ngũ Hành Sơn, Phường Ngũ Hành Sơn, TP Đà Nẵng",0,0,261.2,5.0,15.0,0,0.0,1,0,0,VALID,-4.900000000000034,-0.9800000000000068,261.2,2.977414986174814,5.0,1,Moving,0.14,0,0,,264.0,264.9,268.0,1.0
92H-07095,2026-08-02 10:40:00,261.3,39.0,"Tiên Sơn, Phường Hòa Cường, TP Đà Nẵng",0,0,261.3,5.0,15.0,0,0.0,1,0,0,VALID,0.1000000000000227,0.0200000000000045,261.2,2.282104292073241,5.0,1,Moving,-0.01,0,0,,264.9,264.9,267.7,1.0
92H-07095,2026-08-02 10:45:00,260.3,0.0,"Cách Mạng Tháng 8, Phường Cẩm Lệ, TP Đà Nẵng",0,0,260.3,5.0,15.0,0,0.0,1,0,0,VALID,-1.0,-0.2,261.2,2.37107570522309,5.0,1,Stopped,-0.13,0,0,,263.9,264.5,267.3,0.0
92H-07095,2026-08-02 10:50:00,262.3,0.0,"Cách Mạng Tháng 8, Phường Cẩm Lệ, TP Đà Nẵng",0,0,262.3,5.0,15.0,0,0.0,1,0,0,VALID,2.0,0.4,261.3,2.2711230701789216,5.0,1,Stopped,0.0,0,0,,264.9,264.7,267.1,0.0
92H-07095,2026-08-02 10:55:00,373.2,0.0,"Cầu vượt Hòa Cầm, Phường Cẩm Lệ, TP Đà Nẵng",0,0,373.2,5.0,15.0,0,0.0,1,0,0,VALID,110.89999999999998,22.18,261.3,50.05939472266801,5.0,1,Stopped,0.0,1,1,LARGE_DELTA,354.7,300.7,280.2,0.0
92H-07095,2026-08-02 11:00:00,562.7,0.0,"Cầu vượt Hòa Cầm, Phường Cẩm Lệ, TP Đà Nẵng",0,0,562.7,5.0,15.0,0,0.0,1,0,0,VALID,189.50000000000009,37.90000000000001,262.3,131.5315475465861,5.0,1,Stopped,0.0,1,1,LARGE_DELTA,536.0,394.8,318.6,0.0
92H-07095,2026-08-02 11:05:00,567.1,0.0,"Cách Mạng Tháng 8, Phường Cẩm Lệ, TP Đà Nẵng",0,0,567.1,5.0,15.0,0,0.0,1,0,0,VALID,4.399999999999977,0.8799999999999955,373.2,152.85470879236857,5.0,1,Stopped,0.0,0,0,,547.2,455.8,501.5,0.0
92H-07095,2026-08-02 11:10:00,563.9,0.0,"Cách Mạng Tháng 8, Phường Cẩm Lệ, TP Đà Nẵng",0,0,563.9,5.0,15.0,0,0.0,1,0,0,VALID,-3.200000000000045,-0.6400000000000091,562.7,140.76746072867743,5.0,1,Stopped,0.0,0,0,,557.7,496.5,546.5,0.0
92H-07095,2026-08-02 11:15:00,563.9,0.0,"Cách Mạng Tháng 8, Phường Cẩm Lệ, TP Đà Nẵng",0,0,563.9,5.0,15.0,0,0.0,1,0,0,VALID,0.0,0.0,563.9,85.52285074761998,5.0,1,Stopped,0.0,0,0,,560.0,521.9,557.3,0.0
92H-07095,2026-08-02 11:20:00,563.9,0.0,"Cách Mạng Tháng 8, Phường Cẩm Lệ, TP Đà Nẵng",0,0,563.9,5.0,15.0,0,0.0,1,0,0,VALID,0.0,0.0,563.9,1.6492422501384818,5.0,1,Stopped,0.0,0,0,,559.0,536.8,557.5,0.0
92H-07095,2026-08-02 11:25:00,563.9,0.0,"Cách Mạng Tháng 8, Phường Cẩm Lệ, TP Đà Nẵng",0,0,563.9,5.0,15.0,0,0.0,1,0,0,VALID,0.0,0.0,563.9,1.4310835054746633,5.0,1,Stopped,0.0,0,0,,558.9,545.6,557.6,0.0
92H-07095,2026-08-02 11:30:00,563.9,0.0,"Cách Mạng Tháng 8, Phường Cẩm Lệ, TP Đà Nẵng",0,0,563.9,5.0,15.0,0,0.0,1,0,0,VALID,0.0,0.0,563.9,0.0,5.0,1,Stopped,0.0,0,0,,558.9,550.9,557.7,0.0
92H-07095,2026-08-02 11:35:00,563.9,0.0,"Cách Mạng Tháng 8, Phường Cẩm Lệ, TP Đà Nẵng",0,0,563.9,5.0,15.0,0,0.0,1,0,0,VALID,0.0,0.0,563.9,0.0,5.0,1,Stopped,0.0,0,0,,560.7,554.8,558.0,0.0
92H-07095,2026-08-02 11:40:00,563.9,0.0,"Cách Mạng Tháng 8, Phường Cẩm Lệ, TP Đà Nẵng",0,0,563.9,5.0,15.0,0,0.0,1,0,0,VALID,0.0,0.0,563.9,0.0,5.0,1,Stopped,0.0,0,0,,563.9,558.5,558.6,0.0
92H-07095,2026-08-02 11:45:00,563.9,0.0,"Cách Mạng Tháng 8, Phường Cẩm Lệ, TP Đà Nẵng",0,0,563.9,5.0,15.0,0,0.0,1,0,0,VALID,0.0,0.0,563.9,0.0,5.0,1,Stopped,0.0,0,0,,565.1,561.1,559.3,0.0
92H-07095,2026-08-02 11:50:00,563.9,0.0,"Cách Mạng Tháng 8, Phường Cẩm Lệ, TP Đà Nẵng",0,0,563.9,5.0,15.0,0,0.0,1,0,0,VALID,0.0,0.0,563.9,0.0,5.0,1,Stopped,0.0,0,0,,566.0,563.1,559.9,0.0
92H-07095,2026-08-02 11:55:00,563.9,0.0,"Cách Mạng Tháng 8, Phường Cẩm Lệ, TP Đà Nẵng",0,0,563.9,5.0,15.0,0,0.0,1,0,0,VALID,0.0,0.0,563.9,0.0,5.0,1,Stopped,0.0,0,0,,565.3,564.0,560.5,0.0
92H-07095,2026-08-02 12:00:00,563.9,0.0,"Cách Mạng Tháng 8, Phường Cẩm Lệ, TP Đà Nẵng",0,0,563.9,5.0,15.0,0,0.0,1,0,0,VALID,0.0,0.0,563.9,0.0,5.0,1,Stopped,0.0,0,0,,563.9,563.9,560.8,0.0
92H-07095,2026-08-02 12:05:00,563.9,0.0,"Cách Mạng Tháng 8, Phường Cẩm Lệ, TP Đà Nẵng",0,0,563.9,5.0,15.0,0,0.0,1,0,0,VALID,0.0,0.0,563.9,0.0,5.0,1,Stopped,0.0,0,0,,563.9,563.9,561.1,0.0
92H-07095,2026-08-02 12:10:00,563.9,0.0,"Cách Mạng Tháng 8, Phường Cẩm Lệ, TP Đà Nẵng",0,0,563.9,5.0,15.0,0,0.0,1,0,0,VALID,0.0,0.0,563.9,0.0,5.0,1,Stopped,0.0,0,0,,563.9,563.9,561.4,0.0
92H-07095,2026-08-02 12:15:00,563.9,0.0,"Cách Mạng Tháng 8, Phường Cẩm Lệ, TP Đà Nẵng",0,0,563.9,5.0,15.0,0,0.0,1,0,0,VALID,0.0,0.0,563.9,0.0,5.0,1,Stopped,0.0,0,0,,563.9,563.9,561.7,0.0
92H-07095,2026-08-02 12:20:00,564.0,0.0,"Cách Mạng Tháng 8, Phường Cẩm Lệ, TP Đà Nẵng",0,0,564.0,5.0,15.0,0,0.0,1,0,0,VALID,0.1000000000000227,0.0200000000000045,563.9,0.044721355550569185,5.0,1,Stopped,0.0,0,0,,564.0,563.9,561.9,0.0
92H-07095,2026-08-02 12:25:00,564.0,0.0,"Cách Mạng Tháng 8, Phường Cẩm Lệ, TP Đà Nẵng",0,0,564.0,5.0,15.0,0,0.0,1,0,0,VALID,0.0,0.0,563.9,0.05477225248480937,5.0,1,Stopped,0.0,0,0,,564.0,564.0,562.1,0.0
92H-07095,2026-08-02 12:30:00,564.0,0.0,"Cách Mạng Tháng 8, Phường Cẩm Lệ, TP Đà Nẵng",0,0,564.0,5.0,15.0,0,0.0,1,0,0,VALID,0.0,0.0,564.0,0.05477225248462516,5.0,1,Stopped,0.0,0,0,,564.0,564.0,562.3,0.0
92H-07095,2026-08-02 12:35:00,564.0,0.0,"Cách Mạng Tháng 8, Phường Cẩm Lệ, TP Đà Nẵng",0,0,564.0,5.0,15.0,0,0.0,1,0,0,VALID,0.0,0.0,564.0,0.04472135554989235,5.0,1,Stopped,0.0,0,0,,564.0,564.0,562.5,0.0
92H-07095,2026-08-02 12:40:00,564.0,0.0,"Cách Mạng Tháng 8, Phường Cẩm Lệ, TP Đà Nẵng",0,0,564.0,5.0,15.0,0,0.0,1,0,0,VALID,0.0,0.0,564.0,0.0,5.0,1,Stopped,0.0,0,0,,564.0,564.0,562.6,0.0
92H-07095,2026-08-02 12:45:00,564.0,0.0,"Cách Mạng Tháng 8, Phường Cẩm Lệ, TP Đà Nẵng",0,0,564.0,5.0,15.0,0,0.0,1,0,0,VALID,0.0,0.0,564.0,0.0,5.0,1,Stopped,0.0,0,0,,564.0,564.0,562.8,0.0
92H-07095,2026-08-02 12:50:00,564.0,0.0,"Cách Mạng Tháng 8, Phường Cẩm Lệ, TP Đà Nẵng",0,0,564.0,5.0,15.0,0,0.0,1,0,0,VALID,0.0,0.0,564.0,0.0,5.0,1,Stopped,0.0,0,0,,564.0,564.0,562.9,0.0
92H-07095,2026-08-02 12:55:00,564.3,0.0,"Cách Mạng Tháng 8, Phường Cẩm Lệ, TP Đà Nẵng",0,0,564.3,5.0,15.0,0,0.0,1,0,0,VALID,0.2999999999999545,0.0599999999999909,564.0,0.13416407731631202,5.0,1,Stopped,0.0,0,0,,564.3,564.1,563.0,0.0
92H-07095,2026-08-02 13:00:00,564.0,0.0,"Cách Mạng Tháng 8, Phường Cẩm Lệ, TP Đà Nẵng",0,0,564.0,5.0,15.0,0,0.0,1,0,0,VALID,-0.2999999999999545,-0.0599999999999909,564.0,0.13416407731631202,5.0,1,Stopped,0.0,0,0,,564.0,564.1,563.1,0.0
92H-07095,2026-08-02 13:05:00,564.0,0.0,"Cách Mạng Tháng 8, Phường Cẩm Lệ, TP Đà Nẵng",0,0,564.0,5.0,15.0,0,0.0,1,0,0,VALID,0.0,0.0,564.0,0.13416407731631202,5.0,1,Stopped,0.0,0,0,,564.0,564.0,563.2,0.0
92H-07095,2026-08-02 13:10:00,564.0,0.0,"Cách Mạng Tháng 8, Phường Cẩm Lệ, TP Đà Nẵng",0,0,564.0,5.0,15.0,0,0.0,1,0,0,VALID,0.0,0.0,564.0,0.13416407731631202,5.0,1,Stopped,0.0,0,0,,564.0,564.0,563.3,0.0
92H-07095,2026-08-02 13:15:00,564.0,0.0,"Phường Cẩm Lệ, TP Đà Nẵng",0,0,564.0,5.0,15.0,0,0.0,1,0,0,VALID,0.0,0.0,564.0,0.13416407731631202,5.0,1,Stopped,0.0,0,0,,564.0,564.0,563.4,0.0
92H-07095,2026-08-02 13:20:00,563.9,0.0,"Phường Cẩm Lệ, TP Đà Nẵng",0,0,563.9,5.0,15.0,0,0.0,1,0,0,VALID,-0.1000000000000227,-0.0200000000000045,564.0,0.044721355549892365,5.0,1,Stopped,0.0,0,0,,563.9,564.0,563.4,0.0
92H-07095,2026-08-02 13:25:00,557.1,38.0,"Trường Sơn, Phường Cẩm Lệ, TP Đà Nẵng",0,0,557.1,5.0,15.0,0,0.0,1,0,0,VALID,-6.7999999999999545,-1.359999999999991,564.0,3.0748983722463796,5.0,1,Moving,0.1266666666666666,0,0,,559.6,562.2,563.0,1.0
92H-07095,2026-08-02 13:30:00,562.1,23.0,"Trường Sơn, Xã Bà Nà, TP Đà Nẵng",0,0,562.1,5.0,15.0,0,0.0,1,0,0,VALID,5.0,1.0,563.9,2.974390693847024,5.0,1,Moving,-0.05,0,0,,563.5,562.7,563.1,1.0
92H-07095,2026-08-02 13:35:00,561.7,0.0,"Trường Sơn, Xã Bà Nà, TP Đà Nẵng",0,0,561.7,5.0,15.0,0,0.0,1,0,0,VALID,-0.3999999999999772,-0.0799999999999954,562.1,2.8032124428312937,5.0,1,Stopped,-0.0766666666666666,0,0,,562.7,562.7,563.0,0.0
92H-07095,2026-08-02 13:40:00,558.6,36.0,"Quốc Lộ 14B, Xã Bà Nà, TP Đà Nẵng",0,0,558.6,5.0,15.0,0,0.0,1,0,0,VALID,-3.1000000000000227,-0.6200000000000045,561.7,2.7644167557814074,5.0,1,Moving,0.12,0,0,,561.6,562.3,562.9,1.0
92H-07095,2026-08-02 13:45:00,559.8,0.0,"Quốc Lộ 14B, Xã Hòa Vang, TP Đà Nẵng",0,0,559.8,5.0,15.0,0,0.0,1,0,0,VALID,1.1999999999999318,0.2399999999999863,559.8,2.0983326713478063,5.0,1,Stopped,-0.12,0,0,,562.4,562.3,562.8,0.0
92H-07095,2026-08-02 13:50:00,558.3,39.0,"Quốc Lộ 14B, Xã Hòa Tiến, TP Đà Nẵng",0,0,558.3,5.0,15.0,0,0.0,1,0,0,VALID,-1.5,-0.3,559.8,1.7421251389167094,5.0,1,Moving,0.13,0,0,,561.6,562.0,562.7,1.0
92H-07095,2026-08-02 13:55:00,557.7,35.0,"Quốc Lộ 14B, Xã Đại Lộc, TP Đà Nẵng",0,0,557.7,5.0,15.0,0,0.0,1,0,0,VALID,-0.599999999999909,-0.1199999999999818,558.6,1.5833508769840299,5.0,1,Moving,-0.0133333333333333,0,0,,561.6,561.9,562.6,1.0
92H-07095,2026-08-02 14:00:00,557.3,56.0,"Quốc Lộ 14B, Xã Đại Lộc, TP Đà Nẵng",0,0,557.3,5.0,15.0,0,0.0,1,0,0,VALID,-0.4000000000000909,-0.0800000000000182,558.3,0.9607288897741452,5.0,1,Moving,0.07,0,0,,561.6,561.8,562.5,1.0
92H-07095,2026-08-02 14:05:00,554.8,59.0,"Quốc Lộ 14B, Xã Hà Nha, TP Đà Nẵng",0,0,554.8,5.0,15.0,0,0.0,1,0,0,VALID,-2.5,-0.5,557.7,1.8212632977269447,5.0,1,Moving,0.01,0,0,,559.8,561.0,562.2,1.0
92H-07095,2026-08-02 14:10:00,562.5,0.0,"Quốc Lộ 14B, Xã Hà Nha, TP Đà Nẵng",0,0,562.5,5.0,15.0,0,0.0,1,0,0,VALID,7.700000000000045,1.5400000000000091,557.7,2.7878306978091367,5.0,1,Stopped,-0.1966666666666666,0,0,,562.5,561.6,562.3,0.0
92H-07095,2026-08-02 14:15:00,561.1,0.0,"Xã Hà Nha, TP Đà Nẵng",0,0,561.1,5.0,15.0,0,0.0,1,0,0,VALID,-1.3999999999999773,-0.2799999999999955,557.7,3.097095413390866,5.0,1,Stopped,0.0,0,0,,563.1,562.2,562.3,0.0
92H-07095,2026-08-02 14:20:00,560.8,0.0,"Xã Hà Nha, TP Đà Nẵng",0,0,560.8,5.0,15.0,0,0.0,1,0,0,VALID,-0.3000000000000682,-0.0600000000000136,560.8,3.161486991851536,5.0,1,Stopped,0.0,0,0,,562.9,562.5,562.4,0.0
92H-07095,2026-08-02 14:25:00,560.6,0.0,"Xã Hà Nha, TP Đà Nẵng",0,0,560.6,5.0,15.0,0,0.0,1,0,0,VALID,-0.1999999999999318,-0.0399999999999863,560.8,2.9787581304372743,5.0,1,Stopped,0.0,0,0,,561.7,562.2,562.3,0.0
92H-07095,2026-08-02 14:30:00,560.5,0.0,"Xã Hà Nha, TP Đà Nẵng",0,0,560.5,5.0,15.0,0,0.0,1,0,0,VALID,-0.1000000000000227,-0.0200000000000045,560.8,0.8154753212976831,5.0,1,Stopped,0.0,0,0,,561.8,562.0,562.3,0.0
92H-07095,2026-08-02 14:35:00,554.5,0.0,"Xã Hà Nha, TP Đà Nẵng",0,0,554.5,5.0,15.0,0,0.0,1,0,0,VALID,-6.0,-1.2,560.6,2.8044607324129784,5.0,1,Stopped,0.0,0,0,,556.9,560.0,561.7,0.0
92H-07095,2026-08-02 14:40:00,554.2,0.0,"Xã Hà Nha, TP Đà Nẵng",0,0,554.2,5.0,15.0,0,0.0,1,0,0,VALID,-0.2999999999999545,-0.0599999999999909,560.5,3.4448512304085006,5.0,1,Stopped,0.0,0,0,,556.9,558.7,561.3,0.0
92H-07095,2026-08-02 14:45:00,554.2,0.0,"Xã Hà Nha, TP Đà Nẵng",0,0,554.2,5.0,15.0,0,0.0,1,0,0,VALID,0.0,0.0,554.5,3.4256386265407017,5.0,1,Stopped,0.0,0,0,,556.0,557.6,560.7,0.0
92H-07095,2026-08-02 14:50:00,554.2,0.0,"Xã Hà Nha, TP Đà Nẵng",0,0,554.2,5.0,15.0,0,0.0,1,0,0,VALID,0.0,0.0,554.2,2.7869337989353467,5.0,1,Stopped,0.0,0,0,,555.8,556.9,560.2,0.0
92H-07095,2026-08-02 14:55:00,554.2,0.0,"Xã Hà Nha, TP Đà Nẵng",0,0,554.2,5.0,15.0,0,0.0,1,0,0,VALID,0.0,0.0,554.2,0.13416407734163882,5.0,1,Stopped,0.0,0,0,,558.0,557.3,560.0,0.0
92H-07095,2026-08-02 15:00:00,554.2,0.0,"Xã Hà Nha, TP Đà Nẵng",0,0,554.2,5.0,15.0,0,0.0,1,0,0,VALID,0.0,0.0,554.2,0.0,5.0,1,Stopped,0.0,0,0,,557.2,557.3,559.7,0.0
92H-07095,2026-08-02 15:05:00,554.2,0.0,"Xã Hà Nha, TP Đà Nẵng",0,0,554.2,5.0,15.0,0,0.0,1,0,0,VALID,0.0,0.0,554.2,0.0,5.0,1,Stopped,0.0,0,0,,556.9,557.1,559.4,0.0
92H-07095,2026-08-02 15:10:00,554.2,0.0,"Xã Hà Nha, TP Đà Nẵng",0,0,554.2,5.0,15.0,0,0.0,1,0,0,VALID,0.0,0.0,554.2,0.0,5.0,1,Stopped,0.0,0,0,,556.6,556.9,559.2,0.0
92H-07095,2026-08-02 15:15:00,554.0,0.0,"Xã Hà Nha, TP Đà Nẵng",0,0,554.0,5.0,15.0,0,0.0,1,0,0,VALID,-0.2000000000000454,-0.0400000000000091,554.2,0.08944271713776746,5.0,1,Stopped,0.0,0,0,,555.9,556.5,558.8,0.0
92H-07095,2026-08-02 15:20:00,553.7,0.0,"Xã Hà Nha, TP Đà Nẵng",0,0,553.7,5.0,15.0,0,0.0,1,0,0,VALID,-0.2999999999999545,-0.0599999999999909,554.2,0.2190890222010651,5.0,1,Stopped,0.0,0,0,,553.7,555.4,558.3,0.0
92H-07095,2026-08-02 15:25:00,553.7,0.0,"Xã Hà Nha, TP Đà Nẵng",0,0,553.7,5.0,15.0,0,0.0,1,0,0,VALID,0.0,0.0,554.0,0.2509980072611111,5.0,1,Stopped,0.0,0,0,,553.7,554.7,557.9,0.0
92H-07095,2026-08-02 15:30:00,553.4,0.0,"Xã Hà Nha, TP Đà Nẵng",0,0,553.4,5.0,15.0,0,0.0,1,0,0,VALID,-0.3000000000000682,-0.0600000000000136,553.7,0.30822069957923737,5.0,1,Stopped,0.0,0,0,,553.4,554.2,557.4,0.0
92H-07095,2026-08-02 15:35:00,548.2,0.0,"Quốc Lộ 14B, Xã Hà Nha, TP Đà Nẵng",0,0,548.2,5.0,15.0,0,0.0,1,0,0,VALID,-5.199999999999932,-1.0399999999999865,553.7,2.4688053790547535,5.0,1,Stopped,0.0,0,0,,550.5,552.7,556.7,0.0
92H-07095,2026-08-02 15:40:00,550.8,44.0,"Quốc Lộ 14B, Xã Hà Nha, TP Đà Nẵng",0,0,550.8,5.0,15.0,0,0.0,1,0,0,VALID,2.599999999999909,0.5199999999999818,553.4,2.429609021972494,5.0,1,Moving,0.1466666666666666,0,0,,552.8,552.7,556.3,1.0
92H-07095,2026-08-02 15:45:00,550.4,50.0,"Quốc Lộ 14B, Xã Đại Lộc, TP Đà Nẵng",0,0,550.4,5.0,15.0,0,0.0,1,0,0,VALID,-0.3999999999999772,-0.0799999999999954,550.8,2.2825424420261156,5.0,1,Moving,0.02,0,0,,552.4,552.6,555.9,1.0
92H-07095,2026-08-02 15:50:00,546.7,48.0,"Quốc Lộ 14B, Xã Đại Lộc, TP Đà Nẵng",0,0,546.7,5.0,15.0,0,0.0,1,0,0,VALID,-3.699999999999932,-0.7399999999999863,550.4,2.570992026368709,5.0,1,Moving,-0.0066666666666666,0,0,,550.8,551.9,555.4,1.0
92H-07095,2026-08-02 15:55:00,548.4,35.0,"Quốc Lộ 14B, Xã Hòa Tiến, TP Đà Nẵng",0,0,548.4,5.0,15.0,0,0.0,1,0,0,VALID,1.6999999999999318,0.3399999999999863,548.4,1.6911534524259946,5.0,1,Moving,-0.0433333333333333,0,0,,552.0,551.9,555.1,1.0
92H-07095,2026-08-02 16:00:00,544.8,37.0,"Xã Hòa Tiến, TP Đà Nẵng",0,0,544.8,5.0,15.0,0,0.0,1,0,0,VALID,-3.6000000000000227,-0.7200000000000045,548.4,2.5223005371392464,5.0,1,Moving,0.0066666666666666,0,0,,549.7,551.0,554.5,1.0
92H-07095,2026-08-02 16:05:00,544.6,36.0,"Xã Hòa Tiến, TP Đà Nẵng",0,0,544.6,5.0,15.0,0,0.0,1,0,0,VALID,-0.1999999999999318,-0.0399999999999863,546.7,2.4600812993992074,5.0,1,Moving,-0.0033333333333333,0,0,,549.9,550.6,554.1,1.0
92H-07095,2026-08-02 16:10:00,541.7,0.0,"Xã Hòa Tiến, TP Đà Nẵng",0,0,541.7,5.0,15.0,0,0.0,1,0,0,VALID,-2.8999999999999773,-0.5799999999999954,544.8,2.512568406960249,5.0,1,Stopped,-0.12,0,0,,547.9,549.5,553.5,0.0
92H-07095,2026-08-02 16:15:00,543.0,33.0,"Phường Hòa Xuân, TP Đà Nẵng",0,0,543.0,5.0,15.0,0,0.0,1,0,0,VALID,1.2999999999999543,0.2599999999999909,544.6,2.5199206336023976,5.0,1,Moving,0.11,0,0,,548.4,549.1,553.0,1.0
92H-07095,2026-08-02 16:20:00,541.5,41.0,"TOLL STATION DIEN BAN, QUANG NAM_180",0,0,541.5,5.0,15.0,0,0.0,1,0,0,VALID,-1.5,-0.3,543.0,1.5546703829609647,5.0,1,Moving,0.0266666666666666,0,0,,546.2,547.9,552.3,1.0
92H-07095,2026-08-02 16:25:00,540.1,46.0,"Quốc Lộ 1, Phường An Thắng, TP Đà Nẵng",0,0,540.1,5.0,15.0,0,0.0,1,0,0,VALID,-1.3999999999999773,-0.2799999999999955,541.7,1.699117417854488,5.0,1,Moving,0.0166666666666666,0,0,,546.1,547.2,551.7,1.0
92H-07095,2026-08-02 16:30:00,538.2,49.0,"Quốc Lộ 1, Phường Điện Bàn, TP Đà Nẵng",0,0,538.2,5.0,15.0,0,0.0,1,0,0,VALID,-1.8999999999999773,-0.3799999999999954,541.5,1.8261982366810727,5.0,1,Moving,0.01,0,0,,544.5,546.1,550.9,1.0
92H-07095,2026-08-02 16:35:00,536.7,50.0,"Quốc Lộ 1, Phường Điện Bàn, TP Đà Nẵng",0,0,536.7,5.0,15.0,0,0.0,1,0,0,VALID,-1.5,-0.3,540.1,2.516942589662602,5.0,1,Moving,0.0033333333333333,0,0,,542.8,544.8,550.1,1.0
92H-07095,2026-08-02 16:40:00,539.3,0.0,"Xã Nam Phước, TP Đà Nẵng",0,0,539.3,5.0,15.0,0,0.0,1,0,0,VALID,2.599999999999909,0.5199999999999818,539.3,1.827019430563846,5.0,1,Stopped,-0.1666666666666666,0,0,,543.9,544.4,549.5,0.0
92H-07095,2026-08-02 16:45:00,534.6,0.0,"Xã Nam Phước, TP Đà Nẵng",0,0,534.6,5.0,15.0,0,0.0,1,0,0,VALID,-4.699999999999932,-0.9399999999999864,538.2,2.187921387906457,5.0,1,Stopped,0.0,0,0,,540.2,542.7,548.6,0.0
92H-07095,2026-08-02 16:50:00,534.6,0.0,"Xã Nam Phước, TP Đà Nẵng",0,0,534.6,5.0,15.0,0,0.0,1,0,0,VALID,0.0,0.0,536.7,2.111160818047508,5.0,1,Stopped,0.0,0,0,,540.1,541.7,547.7,0.0
92H-07095,2026-08-02 16:55:00,534.6,0.0,"Xã Nam Phước, TP Đà Nẵng",0,0,534.6,5.0,15.0,0,0.0,1,0,0,VALID,0.0,0.0,534.6,2.076776348011322,5.0,1,Stopped,0.0,0,0,,539.0,540.6,546.9,0.0
92H-07095,2026-08-02 17:00:00,534.6,0.0,"Xã Nam Phước, TP Đà Nẵng",0,0,534.6,5.0,15.0,0,0.0,1,0,0,VALID,0.0,0.0,534.6,2.101903898768778,5.0,1,Stopped,0.0,0,0,,538.8,539.9,546.1,0.0
92H-07095,2026-08-02 17:05:00,534.6,0.0,"Xã Nam Phước, TP Đà Nẵng",0,0,534.6,5.0,15.0,0,0.0,1,0,0,VALID,0.0,0.0,534.6,0.0,5.0,1,Stopped,0.0,0,0,,538.0,539.1,545.2,0.0
92H-07095,2026-08-02 17:10:00,534.6,0.0,"Xã Nam Phước, TP Đà Nẵng",0,0,534.6,5.0,15.0,0,0.0,1,0,0,VALID,0.0,0.0,534.6,0.0,5.0,1,Stopped,0.0,0,0,,537.2,538.4,544.4,0.0
92H-07095,2026-08-02 17:15:00,534.6,0.0,"Xã Nam Phước, TP Đà Nẵng",0,0,534.6,5.0,15.0,0,0.0,1,0,0,VALID,0.0,0.0,534.6,0.0,5.0,1,Stopped,0.0,0,0,,536.3,537.5,543.6,0.0
92H-07095,2026-08-02 17:20:00,534.6,0.0,"Xã Nam Phước, TP Đà Nẵng",0,0,534.6,5.0,15.0,0,0.0,1,0,0,VALID,0.0,0.0,534.6,0.0,5.0,1,Stopped,0.0,0,0,,535.9,536.9,542.9,0.0
92H-07095,2026-08-02 17:25:00,534.6,0.0,"Xã Nam Phước, TP Đà Nẵng",0,0,534.6,5.0,15.0,0,0.0,1,0,0,VALID,0.0,0.0,534.6,0.0,5.0,1,Stopped,0.0,0,0,,536.2,536.6,542.2,0.0
92H-07095,2026-08-02 17:30:00,534.6,0.0,"Xã Nam Phước, TP Đà Nẵng",0,0,534.6,5.0,15.0,0,0.0,1,0,0,VALID,0.0,0.0,534.6,0.0,5.0,1,Stopped,0.0,0,0,,534.6,535.8,541.4,0.0
92H-07095,2026-08-02 17:35:00,534.6,0.0,"Xã Nam Phước, TP Đà Nẵng",0,0,534.6,5.0,15.0,0,0.0,1,0,0,VALID,0.0,0.0,534.6,0.0,5.0,1,Stopped,0.0,0,0,,534.6,535.3,540.7,0.0
92H-07095,2026-08-02 17:40:00,534.6,0.0,"Xã Nam Phước, TP Đà Nẵng",0,0,534.6,5.0,15.0,0,0.0,1,0,0,VALID,0.0,0.0,534.6,0.0,5.0,1,Stopped,0.0,0,0,,534.6,535.0,540.1,0.0
92H-07095,2026-08-02 17:45:00,534.6,0.0,"Xã Nam Phước, TP Đà Nẵng",0,0,534.6,5.0,15.0,0,0.0,1,0,0,VALID,0.0,0.0,534.6,0.0,5.0,1,Stopped,0.0,0,0,,534.6,534.9,539.6,0.0
92H-07095,2026-08-02 17:50:00,534.6,0.0,"Xã Nam Phước, TP Đà Nẵng",0,0,534.6,5.0,15.0,0,0.0,1,0,0,VALID,0.0,0.0,534.6,0.0,5.0,1,Stopped,0.0,0,0,,534.6,534.8,539.1,0.0
92H-07095,2026-08-02 17:55:00,534.6,0.0,"Xã Nam Phước, TP Đà Nẵng",0,0,534.6,5.0,15.0,0,0.0,1,0,0,VALID,0.0,0.0,534.6,0.0,5.0,1,Stopped,0.0,0,0,,534.6,534.7,538.6,0.0
92H-07095,2026-08-02 18:00:00,534.6,0.0,"Xã Nam Phước, TP Đà Nẵng",0,0,534.6,5.0,15.0,0,0.0,1,0,0,VALID,0.0,0.0,534.6,0.0,5.0,1,Stopped,0.0,0,0,,534.6,534.7,538.2,0.0
92H-07095,2026-08-02 18:05:00,534.6,0.0,"Xã Nam Phước, TP Đà Nẵng",0,0,534.6,5.0,15.0,0,0.0,1,0,0,VALID,0.0,0.0,534.6,0.0,5.0,1,Stopped,0.0,0,0,,534.6,534.6,537.9,0.0
92H-07095,2026-08-02 18:10:00,534.6,0.0,"Xã Nam Phước, TP Đà Nẵng",0,0,534.6,5.0,15.0,0,0.0,1,0,0,VALID,0.0,0.0,534.6,0.0,5.0,1,Stopped,0.0,0,0,,534.6,534.6,537.5,0.0
92H-07095,2026-08-02 18:15:00,534.6,0.0,"Xã Nam Phước, TP Đà Nẵng",0,0,534.6,5.0,15.0,0,0.0,1,0,0,VALID,0.0,0.0,534.6,0.0,5.0,1,Stopped,0.0,0,0,,534.6,534.6,537.2,0.0
92H-07095,2026-08-02 18:20:00,534.6,0.0,"Xã Nam Phước, TP Đà Nẵng",0,0,534.6,5.0,15.0,0,0.0,1,0,0,VALID,0.0,0.0,534.6,0.0,5.0,1,Stopped,0.0,0,0,,534.6,534.6,537.0,0.0
92H-07095,2026-08-02 18:25:00,534.6,0.0,"Xã Nam Phước, TP Đà Nẵng",0,0,534.6,5.0,15.0,0,0.0,1,0,0,VALID,0.0,0.0,534.6,0.0,5.0,1,Stopped,0.0,0,0,,534.6,534.6,536.7,0.0
92H-07095,2026-08-02 18:30:00,534.8,0.0,"Xã Nam Phước, TP Đà Nẵng",0,0,534.8,5.0,15.0,0,0.0,1,0,0,VALID,0.1999999999999318,0.0399999999999863,534.6,0.08944271719883502,5.0,1,Stopped,0.0,0,0,,534.8,534.7,536.5,0.0
92H-07095,2026-08-02 18:35:00,534.8,0.0,"Xã Nam Phước, TP Đà Nẵng",0,0,534.8,5.0,15.0,0,0.0,1,0,0,VALID,0.0,0.0,534.6,0.10954450994858635,5.0,1,Stopped,0.0,0,0,,534.8,534.7,536.4,0.0
92H-07095,2026-08-02 18:40:00,534.8,0.0,"Xã Nam Phước, TP Đà Nẵng",0,0,534.8,5.0,15.0,0,0.0,1,0,0,VALID,0.0,0.0,534.8,0.10954450994844883,5.0,1,Stopped,0.0,0,0,,534.8,534.8,536.2,0.0
92H-07095,2026-08-02 18:45:00,534.8,0.0,"Xã Nam Phước, TP Đà Nẵng",0,0,534.8,5.0,15.0,0,0.0,1,0,0,VALID,0.0,0.0,534.8,0.08944271719832977,5.0,1,Stopped,0.0,0,0,,534.8,534.8,536.1,0.0
92H-07095,2026-08-02 18:50:00,534.9,0.0,"Xã Nam Phước, TP Đà Nẵng",0,0,534.9,5.0,15.0,0,0.0,1,0,0,VALID,0.1000000000000227,0.0200000000000045,534.8,0.044721355746285656,5.0,1,Stopped,0.0,0,0,,534.9,534.8,536.0,0.0
92H-07095,2026-08-02 18:55:00,534.9,0.0,"Xã Nam Phước, TP Đà Nẵng",0,0,534.9,5.0,15.0,0,0.0,1,0,0,VALID,0.0,0.0,534.8,0.05477225264465789,5.0,1,Stopped,0.0,0,0,,534.9,534.9,535.9,0.0
92H-07095,2026-08-02 19:00:00,534.9,0.0,"Xã Nam Phước, TP Đà Nẵng",0,0,534.9,5.0,15.0,0,0.0,1,0,0,VALID,0.0,0.0,534.9,0.054772252644520375,5.0,1,Stopped,0.0,0,0,,534.9,534.9,535.8,0.0
92H-07095,2026-08-02 19:05:00,534.8,0.0,"Xã Nam Phước, TP Đà Nẵng",0,0,534.8,5.0,15.0,0,0.0,1,0,0,VALID,-0.1000000000000227,-0.0200000000000045,534.9,0.054772252644520375,5.0,1,Stopped,0.0,0,0,,534.8,534.8,535.7,0.0
92H-07095,2026-08-02 19:10:00,534.8,0.0,"Xã Nam Phước, TP Đà Nẵng",0,0,534.8,5.0,15.0,0,0.0,1,0,0,VALID,0.0,0.0,534.9,0.054772252644520375,5.0,1,Stopped,0.0,0,0,,534.8,534.8,535.6,0.0
92H-07095,2026-08-02 19:15:00,534.8,0.0,"Xã Nam Phước, TP Đà Nẵng",0,0,534.8,5.0,15.0,0,0.0,1,0,0,VALID,0.0,0.0,534.8,0.05477225264465789,5.0,1,Stopped,0.0,0,0,,534.8,534.8,535.5,0.0
92H-07095,2026-08-02 19:20:00,534.8,0.0,"Xã Nam Phước, TP Đà Nẵng",0,0,534.8,5.0,15.0,0,0.0,1,0,0,VALID,0.0,0.0,534.8,0.044721355746252286,5.0,1,Stopped,0.0,0,0,,534.8,534.8,535.4,0.0
92H-07095,2026-08-02 19:25:00,534.8,0.0,"Xã Nam Phước, TP Đà Nẵng",0,0,534.8,5.0,15.0,0,0.0,1,0,0,VALID,0.0,0.0,534.8,0.0,5.0,1,Stopped,0.0,0,0,,534.8,534.8,535.4,0.0
92H-07095,2026-08-02 19:30:00,534.8,0.0,"Xã Nam Phước, TP Đà Nẵng",0,0,534.8,5.0,15.0,0,0.0,1,0,0,VALID,0.0,0.0,534.8,0.0,5.0,1,Stopped,0.0,0,0,,534.8,534.8,535.3,0.0
92H-07095,2026-08-02 19:35:00,534.8,0.0,"Xã Nam Phước, TP Đà Nẵng",0,0,534.8,5.0,15.0,0,0.0,1,0,0,VALID,0.0,0.0,534.8,0.0,5.0,1,Stopped,0.0,0,0,,534.8,534.8,535.3,0.0
92H-07095,2026-08-02 19:40:00,534.8,0.0,"Xã Nam Phước, TP Đà Nẵng",0,0,534.8,5.0,15.0,0,0.0,1,0,0,VALID,0.0,0.0,534.8,0.0,5.0,1,Stopped,0.0,0,0,,534.8,534.8,535.2,0.0
92H-07095,2026-08-02 19:45:00,534.8,0.0,"Xã Nam Phước, TP Đà Nẵng",0,0,534.8,5.0,15.0,0,0.0,1,0,0,VALID,0.0,0.0,534.8,0.0,5.0,1,Stopped,0.0,0,0,,534.8,534.8,535.2,0.0
92H-07095,2026-08-02 19:50:00,534.8,0.0,"Xã Nam Phước, TP Đà Nẵng",0,0,534.8,5.0,15.0,0,0.0,1,0,0,VALID,0.0,0.0,534.8,0.0,5.0,1,Stopped,0.0,0,0,,534.8,534.8,535.1,0.0
92H-07095,2026-08-02 19:55:00,534.8,0.0,"Xã Nam Phước, TP Đà Nẵng",0,0,534.8,5.0,15.0,0,0.0,1,0,0,VALID,0.0,0.0,534.8,0.0,5.0,1,Stopped,0.0,0,0,,534.8,534.8,535.1,0.0
92H-07095,2026-08-02 20:00:00,534.8,0.0,"Xã Nam Phước, TP Đà Nẵng",0,0,534.8,5.0,15.0,0,0.0,1,0,0,VALID,0.0,0.0,534.8,0.0,5.0,1,Stopped,0.0,0,0,,534.8,534.8,535.1,0.0
92H-07095,2026-08-02 20:05:00,534.8,0.0,"Xã Nam Phước, TP Đà Nẵng",0,0,534.8,5.0,15.0,0,0.0,1,0,0,VALID,0.0,0.0,534.8,0.0,5.0,1,Stopped,0.0,0,0,,534.8,534.8,535.0,0.0
92H-07095,2026-08-02 20:10:00,534.8,0.0,"Xã Nam Phước, TP Đà Nẵng",0,0,534.8,5.0,15.0,0,0.0,1,0,0,VALID,0.0,0.0,534.8,0.0,5.0,1,Stopped,0.0,0,0,,534.8,534.8,535.0,0.0
92H-07095,2026-08-02 20:15:00,534.8,0.0,"Xã Nam Phước, TP Đà Nẵng",0,0,534.8,5.0,15.0,0,0.0,1,0,0,VALID,0.0,0.0,534.8,0.0,5.0,1,Stopped,0.0,0,0,,534.8,534.8,535.0,0.0
92H-07095,2026-08-02 20:20:00,534.9,0.0,"Xã Nam Phước, TP Đà Nẵng",0,0,534.9,5.0,15.0,0,0.0,1,0,0,VALID,0.1000000000000227,0.0200000000000045,534.8,0.044721355746252286,5.0,1,Stopped,0.0,0,0,,534.9,534.8,535.0,0.0
92H-07095,2026-08-02 20:25:00,534.9,0.0,"Xã Nam Phước, TP Đà Nẵng",0,0,534.9,5.0,15.0,0,0.0,1,0,0,VALID,0.0,0.0,534.8,0.05477225264465789,5.0,1,Stopped,0.0,0,0,,534.9,534.9,535.0,0.0
92H-07095,2026-08-02 20:30:00,534.9,0.0,"Xã Nam Phước, TP Đà Nẵng",0,0,534.9,5.0,15.0,0,0.0,1,0,0,VALID,0.0,0.0,534.9,0.054772252644520375,5.0,1,Stopped,0.0,0,0,,534.9,534.9,535.0,0.0
92H-07095,2026-08-02 20:35:00,534.9,0.0,"Xã Nam Phước, TP Đà Nẵng",0,0,534.9,5.0,15.0,0,0.0,1,0,0,VALID,0.0,0.0,534.9,0.04472135574578041,5.0,1,Stopped,0.0,0,0,,534.9,534.9,535.0,0.0
92H-07095,2026-08-02 20:40:00,534.9,0.0,"Xã Nam Phước, TP Đà Nẵng",0,0,534.9,5.0,15.0,0,0.0,1,0,0,VALID,0.0,0.0,534.9,0.0,5.0,1,Stopped,0.0,0,0,,534.9,534.9,535.0,0.0
92H-07095,2026-08-02 20:45:00,534.9,0.0,"Xã Nam Phước, TP Đà Nẵng",0,0,534.9,5.0,15.0,0,0.0,1,0,0,VALID,0.0,0.0,534.9,0.0,5.0,1,Stopped,0.0,0,0,,534.9,534.9,535.0,0.0
92H-07095,2026-08-02 20:50:00,534.9,0.0,"Xã Nam Phước, TP Đà Nẵng",0,0,534.9,5.0,15.0,0,0.0,1,0,0,VALID,0.0,0.0,534.9,0.0,5.0,1,Stopped,0.0,0,0,,534.9,534.9,534.9,0.0
92H-07095,2026-08-02 20:55:00,534.9,0.0,"Xã Nam Phước, TP Đà Nẵng",0,0,534.9,5.0,15.0,0,0.0,1,0,0,VALID,0.0,0.0,534.9,0.0,5.0,1,Stopped,0.0,0,0,,534.9,534.9,534.9,0.0
92H-07095,2026-08-02 21:00:00,534.9,0.0,"Xã Nam Phước, TP Đà Nẵng",0,0,534.9,5.0,15.0,0,0.0,1,0,0,VALID,0.0,0.0,534.9,0.0,5.0,1,Stopped,0.0,0,0,,534.9,534.9,534.9,0.0
92H-07095,2026-08-02 21:05:00,534.9,0.0,"Xã Nam Phước, TP Đà Nẵng",0,0,534.9,5.0,15.0,0,0.0,1,0,0,VALID,0.0,0.0,534.9,0.0,5.0,1,Stopped,0.0,0,0,,534.9,534.9,534.9,0.0
92H-07095,2026-08-02 21:10:00,534.9,0.0,"Xã Nam Phước, TP Đà Nẵng",0,0,534.9,5.0,15.0,0,0.0,1,0,0,VALID,0.0,0.0,534.9,0.0,5.0,1,Stopped,0.0,0,0,,534.9,534.9,534.9,0.0
92H-07095,2026-08-02 21:15:00,534.9,0.0,"Xã Nam Phước, TP Đà Nẵng",0,0,534.9,5.0,15.0,0,0.0,1,0,0,VALID,0.0,0.0,534.9,0.0,5.0,1,Stopped,0.0,0,0,,534.9,534.9,534.9,0.0
92H-07095,2026-08-02 21:20:00,534.9,0.0,"Xã Nam Phước, TP Đà Nẵng",0,0,534.9,5.0,15.0,0,0.0,1,0,0,VALID,0.0,0.0,534.9,0.0,5.0,1,Stopped,0.0,0,0,,534.9,534.9,534.9,0.0
92H-07095,2026-08-02 21:25:00,534.9,0.0,"Xã Nam Phước, TP Đà Nẵng",0,0,534.9,5.0,15.0,0,0.0,1,0,0,VALID,0.0,0.0,534.9,0.0,5.0,1,Stopped,0.0,0,0,,534.9,534.9,534.9,0.0
92H-07095,2026-08-02 21:30:00,534.9,0.0,"Xã Nam Phước, TP Đà Nẵng",0,0,534.9,5.0,15.0,0,0.0,1,0,0,VALID,0.0,0.0,534.9,0.0,5.0,1,Stopped,0.0,0,0,,534.9,534.9,534.9,0.0
92H-07095,2026-08-02 21:35:00,534.9,0.0,"Xã Nam Phước, TP Đà Nẵng",0,0,534.9,5.0,15.0,0,0.0,1,0,0,VALID,0.0,0.0,534.9,0.0,5.0,1,Stopped,0.0,0,0,,534.9,534.9,534.9,0.0
92H-07095,2026-08-02 21:40:00,534.9,0.0,"Xã Nam Phước, TP Đà Nẵng",0,0,534.9,5.0,15.0,0,0.0,1,0,0,VALID,0.0,0.0,534.9,0.0,5.0,1,Stopped,0.0,0,0,,534.9,534.9,534.9,0.0
92H-07095,2026-08-02 21:45:00,534.9,0.0,"Xã Nam Phước, TP Đà Nẵng",0,0,534.9,5.0,15.0,0,0.0,1,0,0,VALID,0.0,0.0,534.9,0.0,5.0,1,Stopped,0.0,0,0,,534.9,534.9,534.9,0.0
92H-07095,2026-08-02 21:50:00,534.9,0.0,"Xã Nam Phước, TP Đà Nẵng",0,0,534.9,5.0,15.0,0,0.0,1,0,0,VALID,0.0,0.0,534.9,0.0,5.0,1,Stopped,0.0,0,0,,534.9,534.9,534.9,0.0
92H-07095,2026-08-02 21:55:00,534.9,0.0,"Xã Nam Phước, TP Đà Nẵng",0,0,534.9,5.0,15.0,0,0.0,1,0,0,VALID,0.0,0.0,534.9,0.0,5.0,1,Stopped,0.0,0,0,,534.9,534.9,534.9,0.0
92H-07095,2026-08-02 22:00:00,534.9,0.0,"Xã Nam Phước, TP Đà Nẵng",0,0,534.9,5.0,15.0,0,0.0,1,0,0,VALID,0.0,0.0,534.9,0.0,5.0,1,Stopped,0.0,0,0,,534.9,534.9,534.9,0.0
92H-07095,2026-08-02 22:05:00,534.9,0.0,"Xã Nam Phước, TP Đà Nẵng",0,0,534.9,5.0,15.0,0,0.0,1,0,0,VALID,0.0,0.0,534.9,0.0,5.0,1,Stopped,0.0,0,0,,534.9,534.9,534.9,0.0
92H-07095,2026-08-02 22:10:00,534.9,0.0,"Xã Nam Phước, TP Đà Nẵng",0,0,534.9,5.0,15.0,0,0.0,1,0,0,VALID,0.0,0.0,534.9,0.0,5.0,1,Stopped,0.0,0,0,,534.9,534.9,534.9,0.0
92H-07095,2026-08-02 22:15:00,534.9,0.0,"Xã Nam Phước, TP Đà Nẵng",0,0,534.9,5.0,15.0,0,0.0,1,0,0,VALID,0.0,0.0,534.9,0.0,5.0,1,Stopped,0.0,0,0,,534.9,534.9,534.9,0.0
92H-07095,2026-08-02 22:20:00,534.9,0.0,"Xã Nam Phước, TP Đà Nẵng",0,0,534.9,5.0,15.0,0,0.0,1,0,0,VALID,0.0,0.0,534.9,0.0,5.0,1,Stopped,0.0,0,0,,534.9,534.9,534.9,0.0
92H-07095,2026-08-02 22:25:00,534.9,0.0,"Xã Nam Phước, TP Đà Nẵng",0,0,534.9,5.0,15.0,0,0.0,1,0,0,VALID,0.0,0.0,534.9,0.0,5.0,1,Stopped,0.0,0,0,,534.9,534.9,534.9,0.0
92H-07095,2026-08-02 22:30:00,534.9,0.0,"Xã Nam Phước, TP Đà Nẵng",0,0,534.9,5.0,15.0,0,0.0,1,0,0,VALID,0.0,0.0,534.9,0.0,5.0,1,Stopped,0.0,0,0,,534.9,534.9,534.9,0.0
92H-07095,2026-08-02 22:35:00,534.9,0.0,"Xã Nam Phước, TP Đà Nẵng",0,0,534.9,5.0,15.0,0,0.0,1,0,0,VALID,0.0,0.0,534.9,0.0,5.0,1,Stopped,0.0,0,0,,534.9,534.9,534.9,0.0
92H-07095,2026-08-02 22:40:00,534.9,0.0,"Xã Nam Phước, TP Đà Nẵng",0,0,534.9,5.0,15.0,0,0.0,1,0,0,VALID,0.0,0.0,534.9,0.0,5.0,1,Stopped,0.0,0,0,,534.9,534.9,534.9,0.0
92H-07095,2026-08-02 22:45:00,534.9,0.0,"Xã Nam Phước, TP Đà Nẵng",0,0,534.9,5.0,15.0,0,0.0,1,0,0,VALID,0.0,0.0,534.9,0.0,5.0,1,Stopped,0.0,0,0,,534.9,534.9,534.9,0.0
92H-07095,2026-08-02 22:50:00,535.1,0.0,"Xã Nam Phước, TP Đà Nẵng",0,0,535.1,5.0,15.0,0,0.0,1,0,0,VALID,0.2000000000000454,0.0400000000000091,534.9,0.08944271719766723,5.0,1,Stopped,0.0,0,0,,535.1,535.0,534.9,0.0
92H-07095,2026-08-02 22:55:00,535.1,0.0,"Xã Nam Phước, TP Đà Nẵng",0,0,535.1,5.0,15.0,0,0.0,1,0,0,VALID,0.0,0.0,534.9,0.10954450994764842,5.0,1,Stopped,0.0,0,0,,535.1,535.0,534.9,0.0
92H-07095,2026-08-02 23:00:00,535.1,0.0,"Xã Nam Phước, TP Đà Nẵng",0,0,535.1,5.0,15.0,0,0.0,1,0,0,VALID,0.0,0.0,535.1,0.10954450994748756,5.0,1,Stopped,0.0,0,0,,535.1,535.1,535.0,0.0
92H-07095,2026-08-02 23:05:00,535.1,0.0,"Xã Nam Phước, TP Đà Nẵng",0,0,535.1,5.0,15.0,0,0.0,1,0,0,VALID,0.0,0.0,535.1,0.08944271719710956,5.0,1,Stopped,0.0,0,0,,535.1,535.1,535.0,0.0
92H-07095,2026-08-02 23:10:00,535.1,0.0,"Xã Nam Phước, TP Đà Nẵng",0,0,535.1,5.0,15.0,0,0.0,1,0,0,VALID,0.0,0.0,535.1,0.0,5.0,1,Stopped,0.0,0,0,,535.1,535.1,535.0,0.0
92H-07095,2026-08-02 23:15:00,535.1,0.0,"Xã Nam Phước, TP Đà Nẵng",0,0,535.1,5.0,15.0,0,0.0,1,0,0,VALID,0.0,0.0,535.1,0.0,5.0,1,Stopped,0.0,0,0,,535.1,535.1,535.0,0.0
92H-07095,2026-08-02 23:20:00,535.1,0.0,"Xã Nam Phước, TP Đà Nẵng",0,0,535.1,5.0,15.0,0,0.0,1,0,0,VALID,0.0,0.0,535.1,0.0,5.0,1,Stopped,0.0,0,0,,535.1,535.1,535.0,0.0
92H-07095,2026-08-02 23:25:00,535.1,0.0,"Xã Nam Phước, TP Đà Nẵng",0,0,535.1,5.0,15.0,0,0.0,1,0,0,VALID,0.0,0.0,535.1,0.0,5.0,1,Stopped,0.0,0,0,,535.1,535.1,535.0,0.0
92H-07095,2026-08-02 23:30:00,535.1,0.0,"Xã Nam Phước, TP Đà Nẵng",0,0,535.1,5.0,15.0,0,0.0,1,0,0,VALID,0.0,0.0,535.1,0.0,5.0,1,Stopped,0.0,0,0,,535.1,535.1,535.0,0.0
92H-07095,2026-08-02 23:35:00,535.1,0.0,"Xã Nam Phước, TP Đà Nẵng",0,0,535.1,5.0,15.0,0,0.0,1,0,0,VALID,0.0,0.0,535.1,0.0,5.0,1,Stopped,0.0,0,0,,535.1,535.1,535.0,0.0
92H-07095,2026-08-02 23:40:00,535.1,0.0,"Xã Nam Phước, TP Đà Nẵng",0,0,535.1,5.0,15.0,0,0.0,1,0,0,VALID,0.0,0.0,535.1,0.0,5.0,1,Stopped,0.0,0,0,,535.1,535.1,535.0,0.0
92H-07095,2026-08-02 23:45:00,535.1,0.0,"Xã Nam Phước, TP Đà Nẵng",0,0,535.1,5.0,15.0,0,0.0,1,0,0,VALID,0.0,0.0,535.1,0.0,5.0,1,Stopped,0.0,0,0,,535.1,535.1,535.0,0.0
92H-07095,2026-08-02 23:50:00,535.1,0.0,"Xã Nam Phước, TP Đà Nẵng",0,0,535.1,5.0,15.0,0,0.0,1,0,0,VALID,0.0,0.0,535.1,0.0,5.0,1,Stopped,0.0,0,0,,535.1,535.1,535.1,0.0
92H-07095,2026-08-02 23:55:00,535.2,0.0,"Xã Nam Phước, TP Đà Nẵng",0,0,535.2,5.0,15.0,0,0.0,1,0,0,VALID,0.1000000000000227,0.0200000000000045,535.1,0.04472135574373082,5.0,1,Stopped,0.0,0,0,,535.2,535.1,535.1,0.0
92H-07095,2026-08-03 00:00:00,535.2,0.0,"Xã Nam Phước, TP Đà Nẵng",0,0,535.2,5.0,15.0,0,0.0,1,0,0,VALID,0.0,0.0,535.1,0.05477225264257187,5.0,1,Stopped,0.0,0,0,,535.2,535.2,535.1,0.0
92H-07095,2026-08-03 00:05:00,535.2,0.0,"Xã Nam Phước, TP Đà Nẵng",0,0,535.2,5.0,15.0,0,0.0,1,0,0,VALID,0.0,0.0,535.2,0.05477225264243436,5.0,1,Stopped,0.0,0,0,,535.2,535.2,535.1,0.0
92H-07095,2026-08-03 00:10:00,535.2,0.0,"Xã Nam Phước, TP Đà Nẵng",0,0,535.2,5.0,15.0,0,0.0,1,0,0,VALID,0.0,0.0,535.2,0.04472135574322557,5.0,1,Stopped,0.0,0,0,,535.2,535.2,535.1,0.0
92H-07095,2026-08-03 00:15:00,535.2,0.0,"Xã Nam Phước, TP Đà Nẵng",0,0,535.2,5.0,15.0,0,0.0,1,0,0,VALID,0.0,0.0,535.2,0.0,5.0,1,Stopped,0.0,0,0,,535.2,535.2,535.1,0.0
92H-07095,2026-08-03 00:20:00,535.2,0.0,"Xã Nam Phước, TP Đà Nẵng",0,0,535.2,5.0,15.0,0,0.0,1,0,0,VALID,0.0,0.0,535.2,0.0,5.0,1,Stopped,0.0,0,0,,535.2,535.2,535.1,0.0
92H-07095,2026-08-03 00:25:00,535.2,0.0,"Xã Nam Phước, TP Đà Nẵng",0,0,535.2,5.0,15.0,0,0.0,1,0,0,VALID,0.0,0.0,535.2,0.0,5.0,1,Stopped,0.0,0,0,,535.2,535.2,535.1,0.0
92H-07095,2026-08-03 00:30:00,535.2,0.0,"Xã Nam Phước, TP Đà Nẵng",0,0,535.2,5.0,15.0,0,0.0,1,0,0,VALID,0.0,0.0,535.2,0.0,5.0,1,Stopped,0.0,0,0,,535.2,535.2,535.1,0.0
92H-07095,2026-08-03 00:35:00,535.2,0.0,"Xã Nam Phước, TP Đà Nẵng",0,0,535.2,5.0,15.0,0,0.0,1,0,0,VALID,0.0,0.0,535.2,0.0,5.0,1,Stopped,0.0,0,0,,535.2,535.2,535.1,0.0
92H-07095,2026-08-03 00:40:00,535.2,0.0,"Xã Nam Phước, TP Đà Nẵng",0,0,535.2,5.0,15.0,0,0.0,1,0,0,VALID,0.0,0.0,535.2,0.0,5.0,1,Stopped,0.0,0,0,,535.2,535.2,535.1,0.0
92H-07095,2026-08-03 00:45:00,535.2,0.0,"Xã Nam Phước, TP Đà Nẵng",0,0,535.2,5.0,15.0,0,0.0,1,0,0,VALID,0.0,0.0,535.2,0.0,5.0,1,Stopped,0.0,0,0,,535.2,535.2,535.2,0.0
92H-07095,2026-08-03 00:50:00,535.2,0.0,"Xã Nam Phước, TP Đà Nẵng",0,0,535.2,5.0,15.0,0,0.0,1,0,0,VALID,0.0,0.0,535.2,0.0,5.0,1,Stopped,0.0,0,0,,535.2,535.2,535.2,0.0
92H-07095,2026-08-03 00:55:00,535.4,0.0,"Xã Nam Phước, TP Đà Nẵng",0,0,535.4,5.0,15.0,0,0.0,1,0,0,VALID,0.1999999999999318,0.0399999999999863,535.2,0.08944271719638983,5.0,1,Stopped,0.0,0,0,,535.4,535.3,535.2,0.0
92H-07095,2026-08-03 01:00:00,535.4,0.0,"Xã Nam Phước, TP Đà Nẵng",0,0,535.4,5.0,15.0,0,0.0,1,0,0,VALID,0.0,0.0,535.2,0.1095445099466573,5.0,1,Stopped,0.0,0,0,,535.4,535.3,535.2,0.0
92H-07095,2026-08-03 01:05:00,535.4,0.0,"Xã Nam Phước, TP Đà Nẵng",0,0,535.4,5.0,15.0,0,0.0,1,0,0,VALID,0.0,0.0,535.4,0.10954450994658725,5.0,1,Stopped,0.0,0,0,,535.4,535.4,535.2,0.0
92H-07095,2026-08-03 01:10:00,535.4,0.0,"Xã Nam Phước, TP Đà Nẵng",0,0,535.4,5.0,15.0,0,0.0,1,0,0,VALID,0.0,0.0,535.4,0.08944271719613243,5.0,1,Stopped,0.0,0,0,,535.4,535.4,535.2,0.0
92H-07095,2026-08-03 01:15:00,535.4,0.0,"Xã Nam Phước, TP Đà Nẵng",0,0,535.4,5.0,15.0,0,0.0,1,0,0,VALID,0.0,0.0,535.4,0.0,5.0,1,Stopped,0.0,0,0,,535.4,535.4,535.3,0.0
92H-07095,2026-08-03 01:20:00,535.4,0.0,"Xã Nam Phước, TP Đà Nẵng",0,0,535.4,5.0,15.0,0,0.0,1,0,0,VALID,0.0,0.0,535.4,0.0,5.0,1,Stopped,0.0,0,0,,535.4,535.4,535.3,0.0
92H-07095,2026-08-03 01:25:00,535.4,0.0,"Xã Nam Phước, TP Đà Nẵng",0,0,535.4,5.0,15.0,0,0.0,1,0,0,VALID,0.0,0.0,535.4,0.0,5.0,1,Stopped,0.0,0,0,,535.4,535.4,535.3,0.0
92H-07095,2026-08-03 01:30:00,535.4,0.0,"Xã Nam Phước, TP Đà Nẵng",0,0,535.4,5.0,15.0,0,0.0,1,0,0,VALID,0.0,0.0,535.4,0.0,5.0,1,Stopped,0.0,0,0,,535.4,535.4,535.3,0.0
92H-07095,2026-08-03 01:35:00,535.4,0.0,"Xã Nam Phước, TP Đà Nẵng",0,0,535.4,5.0,15.0,0,0.0,1,0,0,VALID,0.0,0.0,535.4,0.0,5.0,1,Stopped,0.0,0,0,,535.4,535.4,535.3,0.0
92H-07095,2026-08-03 01:40:00,535.4,0.0,"Xã Nam Phước, TP Đà Nẵng",0,0,535.4,5.0,15.0,0,0.0,1,0,0,VALID,0.0,0.0,535.4,0.0,5.0,1,Stopped,0.0,0,0,,535.4,535.4,535.3,0.0
92H-07095,2026-08-03 01:45:00,535.4,0.0,"Xã Nam Phước, TP Đà Nẵng",0,0,535.4,5.0,15.0,0,0.0,1,0,0,VALID,0.0,0.0,535.4,0.0,5.0,1,Stopped,0.0,0,0,,535.4,535.4,535.3,0.0
92H-07095,2026-08-03 01:50:00,535.4,0.0,"Xã Nam Phước, TP Đà Nẵng",0,0,535.4,5.0,15.0,0,0.0,1,0,0,VALID,0.0,0.0,535.4,0.0,5.0,1,Stopped,0.0,0,0,,535.4,535.4,535.3,0.0
92H-07095,2026-08-03 01:55:00,535.4,0.0,"Xã Nam Phước, TP Đà Nẵng",0,0,535.4,5.0,15.0,0,0.0,1,0,0,VALID,0.0,0.0,535.4,0.0,5.0,1,Stopped,0.0,0,0,,535.4,535.4,535.3,0.0
92H-07095,2026-08-03 02:00:00,535.4,0.0,"Xã Nam Phước, TP Đà Nẵng",0,0,535.4,5.0,15.0,0,0.0,1,0,0,VALID,0.0,0.0,535.4,0.0,5.0,1,Stopped,0.0,0,0,,535.4,535.4,535.3,0.0
92H-07095,2026-08-03 02:05:00,535.4,0.0,"Xã Nam Phước, TP Đà Nẵng",0,0,535.4,5.0,15.0,0,0.0,1,0,0,VALID,0.0,0.0,535.4,0.0,5.0,1,Stopped,0.0,0,0,,535.4,535.4,535.4,0.0
92H-07095,2026-08-03 02:10:00,535.4,0.0,"Xã Nam Phước, TP Đà Nẵng",0,0,535.4,5.0,15.0,0,0.0,1,0,0,VALID,0.0,0.0,535.4,0.0,5.0,1,Stopped,0.0,0,0,,535.4,535.4,535.4,0.0
92H-07095,2026-08-03 02:15:00,535.4,0.0,"Xã Nam Phước, TP Đà Nẵng",0,0,535.4,5.0,15.0,0,0.0,1,0,0,VALID,0.0,0.0,535.4,0.0,5.0,1,Stopped,0.0,0,0,,535.4,535.4,535.4,0.0
92H-07095,2026-08-03 02:20:00,535.4,0.0,"Xã Nam Phước, TP Đà Nẵng",0,0,535.4,5.0,15.0,0,0.0,1,0,0,VALID,0.0,0.0,535.4,0.0,5.0,1,Stopped,0.0,0,0,,535.4,535.4,535.4,0.0
92H-07095,2026-08-03 02:25:00,535.4,0.0,"Xã Nam Phước, TP Đà Nẵng",0,0,535.4,5.0,15.0,0,0.0,1,0,0,VALID,0.0,0.0,535.4,0.0,5.0,1,Stopped,0.0,0,0,,535.4,535.4,535.4,0.0
92H-07095,2026-08-03 02:30:00,535.4,0.0,"Xã Nam Phước, TP Đà Nẵng",0,0,535.4,5.0,15.0,0,0.0,1,0,0,VALID,0.0,0.0,535.4,0.0,5.0,1,Stopped,0.0,0,0,,535.4,535.4,535.4,0.0
92H-07095,2026-08-03 02:35:00,535.4,0.0,"Xã Nam Phước, TP Đà Nẵng",0,0,535.4,5.0,15.0,0,0.0,1,0,0,VALID,0.0,0.0,535.4,0.0,5.0,1,Stopped,0.0,0,0,,535.4,535.4,535.4,0.0
92H-07095,2026-08-03 02:40:00,535.4,0.0,"Xã Nam Phước, TP Đà Nẵng",0,0,535.4,5.0,15.0,0,0.0,1,0,0,VALID,0.0,0.0,535.4,0.0,5.0,1,Stopped,0.0,0,0,,535.4,535.4,535.4,0.0
92H-07095,2026-08-03 02:45:00,535.4,0.0,"Xã Nam Phước, TP Đà Nẵng",0,0,535.4,5.0,15.0,0,0.0,1,0,0,VALID,0.0,0.0,535.4,0.0,5.0,1,Stopped,0.0,0,0,,535.4,535.4,535.4,0.0
92H-07095,2026-08-03 02:50:00,535.4,0.0,"Xã Nam Phước, TP Đà Nẵng",0,0,535.4,5.0,15.0,0,0.0,1,0,0,VALID,0.0,0.0,535.4,0.0,5.0,1,Stopped,0.0,0,0,,535.4,535.4,535.4,0.0
92H-07095,2026-08-03 02:55:00,535.4,0.0,"Xã Nam Phước, TP Đà Nẵng",0,0,535.4,5.0,15.0,0,0.0,1,0,0,VALID,0.0,0.0,535.4,0.0,5.0,1,Stopped,0.0,0,0,,535.4,535.4,535.4,0.0
92H-07095,2026-08-03 03:00:00,535.4,0.0,"Xã Nam Phước, TP Đà Nẵng",0,0,535.4,5.0,15.0,0,0.0,1,0,0,VALID,0.0,0.0,535.4,0.0,5.0,1,Stopped,0.0,0,0,,535.4,535.4,535.4,0.0
92H-07095,2026-08-03 03:05:00,535.4,0.0,"Xã Nam Phước, TP Đà Nẵng",0,0,535.4,5.0,15.0,0,0.0,1,0,0,VALID,0.0,0.0,535.4,0.0,5.0,1,Stopped,0.0,0,0,,535.4,535.4,535.4,0.0
92H-07095,2026-08-03 03:10:00,535.4,0.0,"Xã Nam Phước, TP Đà Nẵng",0,0,535.4,5.0,15.0,0,0.0,1,0,0,VALID,0.0,0.0,535.4,0.0,5.0,1,Stopped,0.0,0,0,,535.4,535.4,535.4,0.0
92H-07095,2026-08-03 03:15:00,535.4,0.0,"Xã Nam Phước, TP Đà Nẵng",0,0,535.4,5.0,15.0,0,0.0,1,0,0,VALID,0.0,0.0,535.4,0.0,5.0,1,Stopped,0.0,0,0,,535.4,535.4,535.4,0.0
92H-07095,2026-08-03 03:20:00,535.4,0.0,"Xã Nam Phước, TP Đà Nẵng",0,0,535.4,5.0,15.0,0,0.0,1,0,0,VALID,0.0,0.0,535.4,0.0,5.0,1,Stopped,0.0,0,0,,535.4,535.4,535.4,0.0
92H-07095,2026-08-03 03:25:00,535.4,0.0,"Xã Nam Phước, TP Đà Nẵng",0,0,535.4,5.0,15.0,0,0.0,1,0,0,VALID,0.0,0.0,535.4,0.0,5.0,1,Stopped,0.0,0,0,,535.4,535.4,535.4,0.0
92H-07095,2026-08-03 03:30:00,535.4,0.0,"Xã Nam Phước, TP Đà Nẵng",0,0,535.4,5.0,15.0,0,0.0,1,0,0,VALID,0.0,0.0,535.4,0.0,5.0,1,Stopped,0.0,0,0,,535.4,535.4,535.4,0.0
92H-07095,2026-08-03 03:35:00,535.4,0.0,"Xã Nam Phước, TP Đà Nẵng",0,0,535.4,5.0,15.0,0,0.0,1,0,0,VALID,0.0,0.0,535.4,0.0,5.0,1,Stopped,0.0,0,0,,535.4,535.4,535.4,0.0
92H-07095,2026-08-03 03:40:00,535.4,0.0,"Xã Nam Phước, TP Đà Nẵng",0,0,535.4,5.0,15.0,0,0.0,1,0,0,VALID,0.0,0.0,535.4,0.0,5.0,1,Stopped,0.0,0,0,,535.4,535.4,535.4,0.0
92H-07095,2026-08-03 03:45:00,535.4,0.0,"Xã Nam Phước, TP Đà Nẵng",0,0,535.4,5.0,15.0,0,0.0,1,0,0,VALID,0.0,0.0,535.4,0.0,5.0,1,Stopped,0.0,0,0,,535.4,535.4,535.4,0.0
92H-07095,2026-08-03 03:50:00,535.4,0.0,"Xã Nam Phước, TP Đà Nẵng",0,0,535.4,5.0,15.0,0,0.0,1,0,0,VALID,0.0,0.0,535.4,0.0,5.0,1,Stopped,0.0,0,0,,535.4,535.4,535.4,0.0
92H-07095,2026-08-03 03:55:00,535.4,0.0,"Xã Nam Phước, TP Đà Nẵng",0,0,535.4,5.0,15.0,0,0.0,1,0,0,VALID,0.0,0.0,535.4,0.0,5.0,1,Stopped,0.0,0,0,,535.4,535.4,535.4,0.0
92H-07095,2026-08-03 04:00:00,535.5,0.0,"Xã Nam Phước, TP Đà Nẵng",0,0,535.5,5.0,15.0,0,0.0,1,0,0,VALID,0.1000000000000227,0.0200000000000045,535.4,0.044721355742170586,5.0,1,Stopped,0.0,0,0,,535.5,535.4,535.4,0.0
92H-07095,2026-08-03 04:05:00,535.5,0.0,"Xã Nam Phước, TP Đà Nẵng",0,0,535.5,5.0,15.0,0,0.0,1,0,0,VALID,0.0,0.0,535.4,0.05477225264141211,5.0,1,Stopped,0.0,0,0,,535.5,535.5,535.4,0.0
92H-07095,2026-08-03 04:10:00,535.5,0.0,"Xã Nam Phước, TP Đà Nẵng",0,0,535.5,5.0,15.0,0,0.0,1,0,0,VALID,0.0,0.0,535.5,0.05477225264138876,5.0,1,Stopped,0.0,0,0,,535.5,535.5,535.4,0.0
92H-07095,2026-08-03 04:15:00,535.5,0.0,"Xã Nam Phước, TP Đà Nẵng",0,0,535.5,5.0,15.0,0,0.0,1,0,0,VALID,0.0,0.0,535.5,0.044721355742084794,5.0,1,Stopped,0.0,0,0,,535.5,535.5,535.4,0.0
92H-07095,2026-08-03 04:20:00,535.5,0.0,"Xã Nam Phước, TP Đà Nẵng",0,0,535.5,5.0,15.0,0,0.0,1,0,0,VALID,0.0,0.0,535.5,0.0,5.0,1,Stopped,0.0,0,0,,535.5,535.5,535.4,0.0
92H-07095,2026-08-03 04:25:00,535.5,0.0,"Xã Nam Phước, TP Đà Nẵng",0,0,535.5,5.0,15.0,0,0.0,1,0,0,VALID,0.0,0.0,535.5,0.0,5.0,1,Stopped,0.0,0,0,,535.5,535.5,535.4,0.0
92H-07095,2026-08-03 04:30:00,535.5,0.0,"Xã Nam Phước, TP Đà Nẵng",0,0,535.5,5.0,15.0,0,0.0,1,0,0,VALID,0.0,0.0,535.5,0.0,5.0,1,Stopped,0.0,0,0,,535.5,535.5,535.4,0.0
92H-07095,2026-08-03 04:35:00,535.5,0.0,"Xã Nam Phước, TP Đà Nẵng",0,0,535.5,5.0,15.0,0,0.0,1,0,0,VALID,0.0,0.0,535.5,0.0,5.0,1,Stopped,0.0,0,0,,535.5,535.5,535.5,0.0
92H-07095,2026-08-03 04:40:00,535.5,0.0,"Xã Nam Phước, TP Đà Nẵng",0,0,535.5,5.0,15.0,0,0.0,1,0,0,VALID,0.0,0.0,535.5,0.0,5.0,1,Stopped,0.0,0,0,,535.5,535.5,535.5,0.0
92H-07095,2026-08-03 04:45:00,535.5,0.0,"Xã Nam Phước, TP Đà Nẵng",0,0,535.5,5.0,15.0,0,0.0,1,0,0,VALID,0.0,0.0,535.5,0.0,5.0,1,Stopped,0.0,0,0,,535.5,535.5,535.5,0.0
92H-07095,2026-08-03 04:50:00,535.5,0.0,"Xã Nam Phước, TP Đà Nẵng",0,0,535.5,5.0,15.0,0,0.0,1,0,0,VALID,0.0,0.0,535.5,0.0,5.0,1,Stopped,0.0,0,0,,535.5,535.5,535.5,0.0
92H-07095,2026-08-03 04:55:00,535.5,0.0,"Xã Nam Phước, TP Đà Nẵng",0,0,535.5,5.0,15.0,0,0.0,1,0,0,VALID,0.0,0.0,535.5,0.0,5.0,1,Stopped,0.0,0,0,,535.5,535.5,535.5,0.0
92H-07095,2026-08-03 05:00:00,535.5,0.0,"Xã Nam Phước, TP Đà Nẵng",0,0,535.5,5.0,15.0,0,0.0,1,0,0,VALID,0.0,0.0,535.5,0.0,5.0,1,Stopped,0.0,0,0,,535.5,535.5,535.5,0.0
92H-07095,2026-08-03 05:05:00,535.5,0.0,"Xã Nam Phước, TP Đà Nẵng",0,0,535.5,5.0,15.0,0,0.0,1,0,0,VALID,0.0,0.0,535.5,0.0,5.0,1,Stopped,0.0,0,0,,535.5,535.5,535.5,0.0
92H-07095,2026-08-03 05:10:00,535.1,0.0,"Xã Nam Phước, TP Đà Nẵng",0,0,535.1,5.0,15.0,0,0.0,1,0,0,VALID,-0.3999999999999772,-0.0799999999999954,535.5,0.17888543724797845,5.0,1,Stopped,0.0,0,0,,535.1,535.3,535.4,0.0
92H-07095,2026-08-03 05:15:00,534.8,44.0,"Quốc Lộ 1, Xã Xuân Phú, TP Đà Nẵng",0,0,534.8,5.0,15.0,0,0.0,1,0,0,VALID,-0.3000000000000682,-0.0600000000000136,535.5,0.3193743879202032,5.0,1,Moving,0.1466666666666666,0,0,,534.8,535.1,535.4,1.0
92H-07095,2026-08-03 05:20:00,535.2,0.0,"Quốc Lộ 1, Xã Xuân Phú, TP Đà Nẵng",0,0,535.2,5.0,15.0,0,0.0,1,0,0,VALID,0.4000000000000909,0.0800000000000182,535.2,0.29495762349767474,5.0,1,Stopped,-0.1466666666666666,0,0,,535.2,535.2,535.4,0.0
92H-07095,2026-08-03 05:25:00,532.6,53.0,"Quốc Lộ 1, Xã Xuân Phú, TP Đà Nẵng",0,0,532.6,5.0,15.0,0,0.0,1,0,0,VALID,-2.6000000000000227,-0.5200000000000046,535.1,1.1674759096697465,5.0,1,Moving,0.1766666666666666,0,0,,534.2,534.8,535.2,1.0
92H-07095,2026-08-03 05:30:00,530.8,53.0,"Quốc Lộ 1, Xã Thăng Bình, TP Đà Nẵng",0,0,530.8,5.0,15.0,0,0.0,1,0,0,VALID,-1.8000000000000682,-0.3600000000000136,534.8,1.9390719428785843,5.0,1,Moving,0.0,0,0,,533.6,534.3,535.1,1.0
92H-07095,2026-08-03 05:35:00,526.3,50.0,"Quốc Lộ 1, Xã Thăng Bình, TP Đà Nẵng",0,0,526.3,5.0,15.0,0,0.0,1,0,0,VALID,-4.5,-0.9,532.6,3.6177340974231798,5.0,1,Moving,-0.01,0,0,,530.3,532.7,534.6,1.0
92H-07095,2026-08-03 05:40:00,531.7,0.0,"Xã Thăng Bình, TP Đà Nẵng",0,0,531.7,5.0,15.0,0,0.0,1,0,0,VALID,5.400000000000091,1.0800000000000185,531.7,3.2522300041138132,5.0,1,Stopped,-0.1666666666666666,0,0,,533.7,533.1,534.5,0.0
92H-07095,2026-08-03 05:45:00,530.7,0.0,"Xã Thăng Bình, TP Đà Nẵng",0,0,530.7,5.0,15.0,0,0.0,1,0,0,VALID,-1.0,-0.2,530.8,2.4283739414797005,5.0,1,Stopped,0.0,0,0,,532.8,533.0,534.3,0.0
92H-07095,2026-08-03 05:50:00,530.7,0.0,"Xã Thăng Bình, TP Đà Nẵng",0,0,530.7,5.0,15.0,0,0.0,1,0,0,VALID,0.0,0.0,530.7,2.132604041930307,5.0,1,Stopped,0.0,0,0,,533.1,533.0,534.2,0.0
92H-07095,2026-08-03 05:55:00,530.7,0.0,"Xã Thăng Bình, TP Đà Nẵng",0,0,530.7,5.0,15.0,0,0.0,1,0,0,VALID,0.0,0.0,530.7,2.1241468874956615,5.0,1,Stopped,0.0,0,0,,532.9,533.0,534.1,0.0
92H-07095,2026-08-03 06:00:00,526.4,47.0,"Xã Thăng Bình, TP Đà Nẵng",0,0,526.4,5.0,15.0,0,0.0,1,0,0,VALID,-4.300000000000068,-0.8600000000000136,530.7,2.0803845797490053,5.0,1,Moving,0.1566666666666666,0,0,,530.5,532.0,533.7,1.0
92H-07095,2026-08-03 06:05:00,527.6,10.0,"Quốc Lộ 14E, Xã Thăng Bình, TP Đà Nẵng",0,0,527.6,5.0,15.0,0,0.0,1,0,0,VALID,1.2000000000000457,0.2400000000000091,530.7,2.070507184159721,5.0,1,Moving,-0.1233333333333333,0,0,,531.3,531.7,533.5,1.0
92H-07095,2026-08-03 06:10:00,524.1,74.0,"Cao tốc Đà Nẵng-Quảng Ngãi, Xã Thăng Bình, TP Đà Nẵng",0,0,524.1,5.0,15.0,0,0.0,1,0,0,VALID,-3.5,-0.7,527.6,2.8486839065884655,5.0,1,Moving,0.2133333333333333,0,0,,528.2,530.3,533.0,1.0
92H-07095,2026-08-03 06:15:00,521.9,70.0,"Cao tốc Đà Nẵng-Quảng Ngãi, Xã Thăng Điền, TP Đà Nẵng",0,0,521.9,5.0,15.0,0,0.0,1,0,0,VALID,-2.200000000000045,-0.4400000000000091,526.4,3.359017713507186,5.0,1,Moving,-0.0133333333333333,0,0,,526.3,528.7,532.3,1.0
92H-07095,2026-08-03 06:20:00,520.8,71.0,"Cao tốc Đà Nẵng-Quảng Ngãi, Xã Tây Hồ, TP Đà Nẵng",0,0,520.8,5.0,15.0,0,0.0,1,0,0,VALID,-1.1000000000000227,-0.2200000000000045,524.1,2.883227358300715,5.0,1,Moving,0.0033333333333333,0,0,,524.8,527.1,531.5,1.0
92H-07095,2026-08-03 06:25:00,518.3,73.0,"Cao tốc Đà Nẵng-Quảng Ngãi, Xã Chiên Đàn, TP Đà Nẵng",0,0,518.3,5.0,15.0,0,0.0,1,0,0,VALID,-2.5,-0.5,521.9,3.516105800406582,5.0,1,Moving,0.0066666666666666,0,0,,524.6,526.1,530.8,1.0
92H-07095,2026-08-03 06:30:00,516.9,72.0,"Cao tốc Đà Nẵng-Quảng Ngãi, Phường Hương Trà, TP Đà Nẵng",0,0,516.9,5.0,15.0,0,0.0,1,0,0,VALID,-1.3999999999999773,-0.2799999999999955,520.8,2.861817604189918,5.0,1,Moving,-0.0033333333333333,0,0,,523.4,525.0,530.1,1.0
92H-07095,2026-08-03 06:35:00,514.2,72.0,"Cao tốc Đà Nẵng-Quảng Ngãi, Xã Tam Xuân, TP Đà Nẵng",0,0,514.2,5.0,15.0,0,0.0,1,0,0,VALID,-2.699999999999932,-0.5399999999999864,518.3,3.0784736477108092,5.0,1,Moving,0.0,0,0,,521.5,523.6,529.2,1.0
92H-07095,2026-08-03 06:40:00,511.7,74.0,"Cao tốc Đà Nẵng-Quảng Ngãi, Xã Tam Anh, TP Đà Nẵng",0,0,511.7,5.0,15.0,0,0.0,1,0,0,VALID,-2.500000000000057,-0.5000000000000113,516.9,3.5407626296673405,5.0,1,Moving,0.0066666666666666,0,0,,519.3,521.9,528.2,1.0
92H-07095,2026-08-03 06:45:00,509.1,78.0,"Cao tốc Đà Nẵng-Quảng Ngãi, Xã Tam Mỹ, TP Đà Nẵng",0,0,509.1,5.0,15.0,0,0.0,1,0,0,VALID,-2.599999999999966,-0.5199999999999931,514.2,3.749399951945337,5.0,1,Moving,0.0133333333333333,0,0,,516.6,519.8,526.5,1.0
92H-07095,2026-08-03 06:50:00,506.7,79.0,"Cao tốc Đà Nẵng-Quảng Ngãi, Xã Núi Thành, TP Đà Nẵng",0,0,506.7,5.0,15.0,0,0.0,1,0,0,VALID,-2.400000000000034,-0.4800000000000068,511.7,4.032617016237339,5.0,1,Moving,0.0033333333333333,0,0,,514.6,517.7,524.7,1.0
92H-07095,2026-08-03 06:55:00,508.9,0.0,"Xã Núi Thành, TP Đà Nẵng",0,0,508.9,5.0,15.0,0,0.0,1,0,0,VALID,2.1999999999999886,0.4399999999999977,509.1,2.8882520665008604,5.0,1,Stopped,-0.2633333333333333,0,0,,514.7,516.5,523.7,0.0
92H-07095,2026-08-03 07:00:00,505.3,0.0,"Xã Núi Thành, TP Đà Nẵng",0,0,505.3,5.0,15.0,0,0.0,1,0,0,VALID,-3.599999999999966,-0.7199999999999932,508.9,2.455198566235699,5.0,1,Stopped,0.0,0,0,,511.8,514.6,521.9,0.0
92H-07095,2026-08-03 07:05:00,503.5,73.0,"Cao tốc Đà Nẵng-Quảng Ngãi, Xã Bình Sơn, Tỉnh Quảng Ngãi",0,0,503.5,5.0,15.0,0,0.0,1,0,0,VALID,-1.8000000000000114,-0.3600000000000022,506.7,2.3874672771883816,5.0,1,Moving,0.2433333333333333,0,0,,510.5,513.0,520.8,1.0
92H-07095,2026-08-03 07:10:00,500.9,71.0,"Cao tốc Đà Nẵng-Quảng Ngãi, Xã Bình Sơn, Tỉnh Quảng Ngãi",0,0,500.9,5.0,15.0,0,0.0,1,0,0,VALID,-2.6000000000000227,-0.5200000000000046,505.3,3.0509015060543736,5.0,1,Moving,-0.0066666666666666,0,0,,507.9,510.9,518.9,1.0
92H-07095,2026-08-03 07:15:00,495.4,79.0,"Cao tốc Đà Nẵng-Quảng Ngãi, Xã Thọ Phong, Tỉnh Quảng Ngãi",0,0,495.4,5.0,15.0,0,0.0,1,0,0,VALID,-5.5,-1.1,503.5,5.057667446525557,5.0,1,Moving,0.0266666666666666,0,0,,502.9,507.7,516.5,1.0
92H-07095,2026-08-03 07:20:00,496.6,75.0,"Cao tốc Đà Nẵng-Quảng Ngãi, Xã Thọ Phong, Tỉnh Quảng Ngãi",0,0,496.6,5.0,15.0,0,0.0,1,0,0,VALID,1.2000000000000457,0.2400000000000091,500.9,4.280537349404132,5.0,1,Moving,-0.0133333333333333,0,0,,503.2,505.9,505.9,1.0
92H-07095,2026-08-03 07:25:00,493.2,77.0,"Cao tốc Đà Nẵng-Quảng Ngãi, Xã Nghĩa Giang, Tỉnh Quảng Ngãi",0,0,493.2,5.0,15.0,0,0.0,1,0,0,VALID,-3.400000000000034,-0.6800000000000068,496.6,4.194877828929379,5.0,1,Moving,0.0066666666666666,0,0,,499.9,503.5,505.3,1.0
92H-07095,2026-08-03 07:30:00,491.3,69.0,"Cao tốc Quảng Ngãi-Hoài Nhơn, Xã Nghĩa Giang, Tỉnh Quảng Ngãi",0,0,491.3,5.0,15.0,0,0.0,1,0,0,VALID,-1.8999999999999773,-0.3799999999999954,495.4,3.650616386261724,5.0,1,Moving,-0.0266666666666666,0,0,,498.2,501.4,504.6,1.0
92H-07095,2026-08-03 07:35:00,489.1,72.0,"Cao tốc Quảng Ngãi-Hoài Nhơn, Xã Phước Giang, Tỉnh Quảng Ngãi",0,0,489.1,5.0,15.0,0,0.0,1,0,0,VALID,-2.1999999999999886,-0.4399999999999977,493.2,3.032655601884602,5.0,1,Moving,0.01,0,0,,496.2,499.3,503.7,1.0
92H-07095,2026-08-03 07:40:00,487.3,75.0,"Cao tốc Quảng Ngãi-Hoài Nhơn, Xã Đình Cương, Tỉnh Quảng Ngãi",0,0,487.3,5.0,15.0,0,0.0,1,0,0,VALID,-1.8000000000000114,-0.3600000000000022,491.3,3.6173194494876415,5.0,1,Moving,0.01,0,0,,494.9,497.5,502.8,1.0
92H-07095,2026-08-03 07:45:00,484.6,72.0,"Cao tốc Quảng Ngãi-Hoài Nhơn, Xã Mộ Đức, Tỉnh Quảng Ngãi",0,0,484.6,5.0,15.0,0,0.0,1,0,0,VALID,-2.6999999999999886,-0.5399999999999977,489.1,3.3593154063946997,5.0,1,Moving,-0.01,0,0,,492.3,495.4,501.8,1.0
92H-07095,2026-08-03 07:50:00,483.1,74.0,"Cao tốc Quảng Ngãi-Hoài Nhơn, Xã Mộ Đức, Tỉnh Quảng Ngãi",0,0,483.1,5.0,15.0,0,0.0,1,0,0,VALID,-1.5,-0.3,487.3,3.313910077180777,5.0,1,Moving,0.0066666666666666,0,0,,490.5,493.5,500.7,1.0
92H-07095,2026-08-03 07:55:00,480.6,68.0,"Cao tốc Quảng Ngãi-Hoài Nhơn, Xã Nguyễn Nghiêm, Tỉnh Quảng Ngãi",0,0,480.6,5.0,15.0,0,0.0,1,0,0,VALID,-2.5,-0.5,484.6,3.361993456216099,5.0,1,Moving,-0.02,0,0,,488.0,491.3,498.8,1.0
92H-07095,2026-08-03 08:00:00,477.1,72.0,"Cao tốc Quảng Ngãi-Hoài Nhơn, Xã Nguyễn Nghiêm, Tỉnh Quảng Ngãi",0,0,477.1,5.0,15.0,0,0.0,1,0,0,VALID,-3.5,-0.7,483.1,3.891400776023901,5.0,1,Moving,0.0133333333333333,0,0,,484.4,488.5,496.6,1.0
92H-07095,2026-08-03 08:05:00,476.5,72.0,"Cao tốc Quảng Ngãi-Hoài Nhơn, Phường Đức Phổ, Tỉnh Quảng Ngãi",0,0,476.5,5.0,15.0,0,0.0,1,0,0,VALID,-0.6000000000000227,-0.1200000000000045,480.6,3.5730938974002986,5.0,1,Moving,0.0,0,0,,484.0,486.7,486.5,1.0
92H-07095,2026-08-03 08:10:00,473.4,70.0,"Cao tốc Quảng Ngãi-Hoài Nhơn, Xã Khánh Cường, Tỉnh Quảng Ngãi",0,0,473.4,5.0,15.0,0,0.0,1,0,0,VALID,-3.1000000000000227,-0.6200000000000045,477.1,3.771339284609542,5.0,1,Moving,-0.0066666666666666,0,0,,481.0,484.4,486.0,1.0
92H-07095,2026-08-03 08:15:00,466.9,0.0,"Cao tốc Quảng Ngãi-Hoài Nhơn, Xã Khánh Cường, Tỉnh Quảng Ngãi",0,0,466.9,5.0,15.0,0,0.0,1,0,0,VALID,-6.5,-1.3,476.5,5.15121344924078,5.0,1,Stopped,-0.2333333333333333,0,0,,475.0,480.7,484.9,0.0
92H-07095,2026-08-03 08:20:00,472.4,0.0,"Cao tốc Quảng Ngãi-Hoài Nhơn, Phường Hoài Nhơn Bắc, Tỉnh Gia Lai",0,0,472.4,5.0,15.0,0,0.0,1,0,0,VALID,5.5,1.1,473.4,4.075904807480044,5.0,1,Stopped,0.0,0,0,,478.1,479.6,484.2,0.0
92H-07095,2026-08-03 08:25:00,468.1,75.0,"Cao tốc Quảng Ngãi-Hoài Nhơn, Phường Hoài Nhơn Bắc, Tỉnh Gia Lai",0,0,468.1,5.0,15.0,0,0.0,1,0,0,VALID,-4.2999999999999545,-0.8599999999999909,472.4,3.9411927128267568,5.0,1,Moving,0.25,0,0,,474.5,477.6,483.2,1.0
92H-07095,2026-08-03 08:30:00,465.3,73.0,"Cao tốc Quảng Ngãi-Hoài Nhơn, Phường Hoài Nhơn Tây, Tỉnh Gia Lai",0,0,465.3,5.0,15.0,0,0.0,1,0,0,VALID,-2.800000000000012,-0.5600000000000023,468.1,3.520937375137282,5.0,1,Moving,-0.0066666666666666,0,0,,472.4,475.5,482.1,1.0
92H-07095,2026-08-03 08:35:00,462.2,70.0,"Cao tốc Quảng Ngãi-Hoài Nhơn, Phường Hoài Nhơn, Tỉnh Gia Lai",0,0,462.2,5.0,15.0,0,0.0,1,0,0,VALID,-3.1000000000000227,-0.6200000000000045,466.9,3.75193283517156,5.0,1,Moving,-0.01,0,0,,469.5,473.1,480.2,1.0
92H-07095,2026-08-03 08:40:00,459.1,74.0,"Cao tốc Quảng Ngãi-Hoài Nhơn, Phường Bồng Sơn, Tỉnh Gia Lai",0,0,459.1,5.0,15.0,0,0.0,1,0,0,VALID,-3.099999999999966,-0.6199999999999932,465.3,5.15334842598851,5.0,1,Moving,0.0133333333333333,0,0,,466.5,470.5,478.2,1.0
92H-07095,2026-08-03 08:45:00,458.3,75.0,"Cao tốc Hoài Nhơn-Quy Nhơn, Phường Bồng Sơn, Tỉnh Gia Lai",0,0,458.3,5.0,15.0,0,0.0,1,0,0,VALID,-0.8000000000000114,-0.1600000000000022,462.2,4.1364235759455354,5.0,1,Moving,0.0033333333333333,0,0,,465.1,468.3,467.7,1.0
92H-07095,2026-08-03 08:50:00,454.0,69.0,"Cao tốc Hoài Nhơn-Quy Nhơn, Xã Hoài Ân, Tỉnh Gia Lai",0,0,454.0,5.0,15.0,0,0.0,1,0,0,VALID,-4.300000000000011,-0.8600000000000023,459.1,4.254056887212226,5.0,1,Moving,-0.02,0,0,,461.5,465.6,467.1,1.0
92H-07095,2026-08-03 08:55:00,453.7,69.0,"Cao tốc Hoài Nhơn-Quy Nhơn, Xã Hoài Ân, Tỉnh Gia Lai",0,0,453.7,5.0,15.0,0,0.0,1,0,0,VALID,-0.3000000000000113,-0.0600000000000022,458.3,3.6045804193605724,5.0,1,Moving,0.0,0,0,,460.5,463.6,466.4,1.0
92H-07095,2026-08-03 09:00:00,448.1,73.0,"Cao tốc Hoài Nhơn-Quy Nhơn, Xã Phù Mỹ Tây, Tỉnh Gia Lai",0,0,448.1,5.0,15.0,0,0.0,1,0,0,VALID,-5.599999999999966,-1.1199999999999932,454.0,4.397499289327682,5.0,1,Moving,0.0133333333333333,0,0,,455.5,460.3,465.3,1.0
92H-07095,2026-08-03 09:05:00,449.3,71.0,"Cao tốc Hoài Nhơn-Quy Nhơn, Xã Phù Mỹ Tây, Tỉnh Gia Lai",0,0,449.3,5.0,15.0,0,0.0,1,0,0,VALID,1.1999999999999886,0.2399999999999977,453.7,4.085584413475914,5.0,1,Moving,-0.0066666666666666,0,0,,456.8,458.9,464.5,1.0
92H-07095,2026-08-03 09:10:00,448.0,72.0,"Xã Phù Mỹ Nam, Tỉnh Gia Lai",0,0,448.0,5.0,15.0,0,0.0,1,0,0,VALID,-1.3000000000000114,-0.2600000000000023,449.3,2.9944949490084736,5.0,1,Moving,0.0033333333333333,0,0,,454.6,457.2,463.5,1.0
92H-07095,2026-08-03 09:15:00,446.7,72.0,"Cao tốc Hoài Nhơn-Quy Nhơn, Xã Phù Mỹ Nam, Tỉnh Gia Lai",0,0,446.7,5.0,15.0,0,0.0,1,0,0,VALID,-1.3000000000000114,-0.2600000000000023,448.1,2.6996296041563226,5.0,1,Moving,0.0,0,0,,453.3,455.6,462.5,1.0
92H-07095,2026-08-03 09:20:00,443.0,73.0,"Cao tốc Hoài Nhơn-Quy Nhơn, Xã Hòa Hội, Tỉnh Gia Lai",0,0,443.0,5.0,15.0,0,0.0,1,0,0,VALID,-3.6999999999999886,-0.7399999999999978,448.0,2.4283739414754755,5.0,1,Moving,0.0033333333333333,0,0,,450.1,453.4,460.6,1.0
92H-07095,2026-08-03 09:25:00,441.1,74.0,"Cao tốc Hoài Nhơn-Quy Nhơn, Xã Bình Hiệp, Tỉnh Gia Lai",0,0,441.1,5.0,15.0,0,0.0,1,0,0,VALID,-1.8999999999999773,-0.3799999999999954,446.7,3.4521008095994334,5.0,1,Moving,0.0033333333333333,0,0,,448.3,451.4,458.8,1.0
92H-07095,2026-08-03 09:30:00,439.2,74.0,"Xã Bình Hiệp, Tỉnh Gia Lai",0,0,439.2,5.0,15.0,0,0.0,1,0,0,VALID,-1.900000000000034,-0.3800000000000068,443.0,3.7060760919923115,5.0,1,Moving,0.0,0,0,,446.3,449.3,448.8,1.0
92H-07095,2026-08-03 09:35:00,437.1,70.0,"Cao tốc Hoài Nhơn-Quy Nhơn, Phường Bình Định, Tỉnh Gia Lai",0,0,437.1,5.0,15.0,0,0.0,1,0,0,VALID,-2.099999999999966,-0.4199999999999931,441.1,3.6765472932680634,5.0,1,Moving,-0.0133333333333333,0,0,,444.0,447.2,448.3,1.0
92H-07095,2026-08-03 09:40:00,434.6,72.0,"Cao tốc Hoài Nhơn-Quy Nhơn, Phường An Nhơn Nam, Tỉnh Gia Lai",0,0,434.6,5.0,15.0,0,0.0,1,0,0,VALID,-2.5,-0.5,439.2,3.294692701851958,5.0,1,Moving,0.0066666666666666,0,0,,441.9,445.1,447.7,1.0
92H-07095,2026-08-03 09:45:00,436.2,77.0,"Cao tốc Quy Nhơn–Chí Thạnh, Xã Tuy Phước Tây, Tỉnh Gia Lai",0,0,436.2,5.0,15.0,0,0.0,1,0,0,VALID,1.599999999999966,0.3199999999999932,437.1,2.550098037259853,5.0,1,Moving,0.0166666666666666,0,0,,441.6,443.7,447.1,1.0
92H-07095,2026-08-03 09:50:00,429.9,76.0,"Xã Tuy Phước Tây, Tỉnh Gia Lai",0,0,429.9,5.0,15.0,0,0.0,1,0,0,VALID,-6.300000000000011,-1.2600000000000022,436.2,3.4949964234082525,5.0,1,Moving,-0.0033333333333333,0,0,,437.4,441.2,446.1,1.0
92H-07095,2026-08-03 09:55:00,429.2,75.0,"Cao tốc Quy Nhơn–Chí Thạnh, Phường Quy Nhơn Tây, Tỉnh Gia Lai",0,0,429.2,5.0,15.0,0,0.0,1,0,0,VALID,-0.6999999999999886,-0.1399999999999977,434.6,3.6352441458087035,5.0,1,Moving,-0.0033333333333333,0,0,,436.8,439.4,445.2,1.0
92H-07095,2026-08-03 10:00:00,421.8,13.0,"Cao tốc Quy Nhơn–Chí Thạnh, Phường Quy Nhơn Tây, Tỉnh Gia Lai",0,0,421.8,5.0,15.0,0,0.0,1,0,0,VALID,-7.399999999999977,-1.4799999999999955,429.9,5.632761312148435,5.0,1,Moving,-0.2066666666666666,0,0,,429.9,435.6,442.9,1.0
92H-07095,2026-08-03 10:05:00,425.7,0.0,"Cao tốc Quy Nhơn–Chí Thạnh, Phường Quy Nhơn Tây, Tỉnh Gia Lai",0,0,425.7,5.0,15.0,0,0.0,1,0,0,VALID,3.899999999999977,0.7799999999999955,429.2,5.349112075815578,5.0,1,Stopped,-0.0433333333333333,0,0,,431.9,434.1,441.8,0.0
92H-07095,2026-08-03 10:10:00,425.4,0.0,"Cao tốc Quy Nhơn–Chí Thạnh, Phường Quy Nhơn Tây, Tỉnh Gia Lai",0,0,425.4,5.0,15.0,0,0.0,1,0,0,VALID,-0.3000000000000113,-0.0600000000000022,425.7,3.2687918256805606,5.0,1,Stopped,0.0,0,0,,430.4,432.6,440.6,0.0
92H-07095,2026-08-03 10:15:00,423.9,0.0,"Xã Xuân Lộc, Tỉnh Đắk Lắk",0,0,423.9,5.0,15.0,0,0.0,1,0,0,VALID,-1.5,-0.3,425.4,2.717535648273276,5.0,1,Stopped,0.0,0,0,,429.0,431.2,438.9,0.0
92H-07095,2026-08-03 10:20:00,423.6,0.0,"Xã Xuân Lộc, Tỉnh Đắk Lắk",0,0,423.6,5.0,15.0,0,0.0,1,0,0,VALID,-0.2999999999999545,-0.0599999999999909,423.9,1.5674820571974808,5.0,1,Stopped,0.0,0,0,,428.2,430.0,437.8,0.0
92H-07095,2026-08-03 10:25:00,423.5,0.0,"Xã Xuân Lộc, Tỉnh Đắk Lắk",0,0,423.5,5.0,15.0,0,0.0,1,0,0,VALID,-0.1000000000000227,-0.0200000000000045,423.9,1.0473776776483583,5.0,1,Stopped,0.0,0,0,,427.4,429.0,436.8,0.0
92H-07095,2026-08-03 10:30:00,423.3,0.0,"Xã Xuân Lộc, Tỉnh Đắk Lắk",0,0,423.3,5.0,15.0,0,0.0,1,0,0,VALID,-0.1999999999999886,-0.0399999999999977,423.6,0.8443932730878659,5.0,1,Stopped,0.0,0,0,,426.6,428.0,435.8,0.0
92H-07095,2026-08-03 10:35:00,421.4,72.0,"Cao tốc Quy Nhơn–Chí Thạnh, Xã Xuân Lộc, Tỉnh Đắk Lắk",0,0,421.4,5.0,15.0,0,0.0,1,0,0,VALID,-1.900000000000034,-0.3800000000000068,423.5,0.99649385328564,5.0,1,Moving,0.24,0,0,,424.5,426.6,434.6,1.0
92H-07095,2026-08-03 10:40:00,414.1,38.0,"Cao tốc Quy Nhơn–Chí Thạnh, Xã Xuân Lộc, Tỉnh Đắk Lắk",0,0,414.1,5.0,15.0,0,0.0,1,0,0,VALID,-7.299999999999954,-1.4599999999999909,423.3,4.059187110695437,5.0,1,Moving,-0.1133333333333333,0,0,,418.4,423.3,432.2,1.0
92H-07095,2026-08-03 10:45:00,412.9,66.0,"Cao tốc Quy Nhơn–Chí Thạnh, Xã Xuân Cảnh, Tỉnh Đắk Lắk",0,0,412.9,5.0,15.0,0,0.0,1,0,0,VALID,-1.2000000000000457,-0.2400000000000091,421.4,5.140817055647471,5.0,1,Moving,0.0933333333333333,0,0,,416.9,420.8,429.9,1.0
92H-07095,2026-08-03 10:50:00,413.0,74.0,"Cao tốc Quy Nhơn–Chí Thạnh, Xã Xuân Thọ, Tỉnh Đắk Lắk",0,0,413.0,5.0,15.0,0,0.0,1,0,0,VALID,0.1000000000000227,0.0200000000000045,414.1,5.006296035956694,5.0,1,Moving,0.0266666666666666,0,0,,417.9,419.6,420.3,1.0
92H-07095,2026-08-03 10:55:00,408.0,45.0,"Cao tốc Quy Nhơn–Chí Thạnh, Xã Xuân Thọ, Tỉnh Đắk Lắk",0,0,408.0,5.0,15.0,0,0.0,1,0,0,VALID,-5.0,-1.0,413.0,4.819439801432855,5.0,1,Moving,-0.0966666666666666,0,0,,414.3,417.5,419.7,1.0
92H-07095,2026-08-03 11:00:00,409.5,55.0,"Cao tốc Quy Nhơn–Chí Thạnh, Xã Xuân Thọ, Tỉnh Đắk Lắk",0,0,409.5,5.0,15.0,0,0.0,1,0,0,VALID,1.5,0.3,412.9,2.608639492079146,5.0,1,Moving,0.0333333333333333,0,0,,414.8,416.4,419.2,1.0
92H-07095,2026-08-03 11:05:00,398.9,25.0,"Cao tốc Quy Nhơn–Chí Thạnh, Xã Xuân Thọ, Tỉnh Đắk Lắk",0,0,398.9,5.0,15.0,0,0.0,1,0,0,VALID,-10.600000000000025,-2.1200000000000045,409.5,5.7665414244271656,5.0,1,Moving,-0.1,1,1,LARGE_DELTA,406.4,412.4,417.3,1.0
92H-07095,2026-08-03 11:10:00,408.2,81.0,"Cao tốc Quy Nhơn–Chí Thạnh, Xã Tuy An Bắc, Tỉnh Đắk Lắk",0,0,408.2,5.0,15.0,0,0.0,1,0,0,VALID,9.300000000000011,1.8600000000000023,408.2,5.218907931707012,5.0,1,Moving,0.1866666666666666,1,1,LARGE_DELTA,413.0,412.6,416.9,1.0
92H-07095,2026-08-03 11:15:00,401.3,70.0,"Cao tốc Chí Thạnh-Vân Phong, Xã Tuy An Bắc, Tỉnh Đắk Lắk",0,0,401.3,5.0,15.0,0,0.0,1,0,0,VALID,-6.899999999999977,-1.3799999999999957,408.0,4.749421017306632,5.0,1,Moving,-0.0366666666666666,0,0,,407.7,410.7,415.9,1.0
92H-07095,2026-08-03 11:20:00,403.8,71.0,"Cao tốc Chí Thạnh-Vân Phong, Xã Ô Loan, Tỉnh Đắk Lắk",0,0,403.8,5.0,15.0,0,0.0,1,0,0,VALID,2.5,0.5,403.8,4.490322928212827,5.0,1,Moving,0.0033333333333333,0,0,,409.0,410.0,415.3,1.0
92H-07095,2026-08-03 11:25:00,398.9,74.0,"Cao tốc Chí Thạnh-Vân Phong, Xã Tuy An Nam, Tỉnh Đắk Lắk",0,0,398.9,5.0,15.0,0,0.0,1,0,0,VALID,-4.900000000000034,-0.9800000000000068,401.3,3.9098593324611337,5.0,1,Moving,0.01,0,0,,403.9,407.6,414.1,1.0
92H-07095,2026-08-03 11:30:00,398.5,73.0,"Cao tốc Chí Thạnh-Vân Phong, Phường Bình Kiến, Tỉnh Đắk Lắk",0,0,398.5,5.0,15.0,0,0.0,1,0,0,VALID,-0.3999999999999772,-0.0799999999999954,401.3,3.9978744352009583,5.0,1,Moving,-0.0033333333333333,0,0,,403.7,406.0,413.1,1.0
92H-07095,2026-08-03 11:35:00,391.4,74.0,"Cao tốc Chí Thạnh-Vân Phong, Phường Bình Kiến, Tỉnh Đắk Lắk",0,0,391.4,5.0,15.0,0,0.0,1,0,0,VALID,-7.100000000000023,-1.4200000000000046,398.9,4.639719819087442,5.0,1,Moving,0.0033333333333333,0,0,,397.7,402.7,410.8,1.0
92H-07095,2026-08-03 11:40:00,389.8,70.0,"Cao tốc Chí Thạnh-Vân Phong, Phường Tuy Hòa, Tỉnh Đắk Lắk",0,0,389.8,5.0,15.0,0,0.0,1,0,0,VALID,-1.599999999999966,-0.3199999999999932,398.5,5.78679531343836,5.0,1,Moving,-0.0133333333333333,0,0,,396.0,400.0,408.6,1.0
92H-07095,2026-08-03 11:45:00,387.3,74.0,"Cao tốc Chí Thạnh-Vân Phong, Phường Đông Hòa, Tỉnh Đắk Lắk",0,0,387.3,5.0,15.0,0,0.0,1,0,0,VALID,-2.5,-0.5,391.4,5.248523601893319,5.0,1,Moving,0.0133333333333333,0,0,,393.7,397.5,396.7,1.0
92H-07095,2026-08-03 11:50:00,385.7,68.0,"Cao tốc Chí Thạnh-Vân Phong, Phường Đông Hòa, Tỉnh Đắk Lắk",0,0,385.7,5.0,15.0,0,0.0,1,0,0,VALID,-1.6000000000000227,-0.3200000000000045,389.8,4.9641716327732555,5.0,1,Moving,-0.02,0,0,,391.2,395.0,396.1,1.0
92H-07095,2026-08-03 11:55:00,384.5,52.0,"Quốc Lộ 1, Xã Hòa Xuân, Tỉnh Đắk Lắk",0,0,384.5,5.0,15.0,0,0.0,1,0,0,VALID,-1.1999999999999886,-0.2399999999999977,387.3,2.850087717883445,5.0,1,Moving,-0.0533333333333333,0,0,,391.8,393.7,395.7,1.0
92H-07095,2026-08-03 12:00:00,383.4,0.0,"Quốc Lộ 1, Xã Hòa Xuân, Tỉnh Đắk Lắk",0,0,383.4,5.0,15.0,0,0.0,1,0,0,VALID,-1.1000000000000227,-0.2200000000000045,385.7,2.5065913108501987,5.0,1,Stopped,-0.1733333333333333,0,0,,389.7,392.1,395.1,0.0
92H-07095,2026-08-03 12:05:00,383.2,0.0,"Quốc Lộ 1, Xã Hòa Xuân, Tỉnh Đắk Lắk",0,0,383.2,5.0,15.0,0,0.0,1,0,0,VALID,-0.1999999999999886,-0.0399999999999977,384.5,1.7079227147705784,5.0,1,Stopped,0.0,0,0,,389.5,391.1,394.5,0.0
92H-07095,2026-08-03 12:10:00,383.2,0.0,"Quốc Lộ 1, Xã Hòa Xuân, Tỉnh Đắk Lắk",0,0,383.2,5.0,15.0,0,0.0,1,0,0,VALID,0.0,0.0,383.4,1.0931605552840842,5.0,1,Stopped,0.0,0,0,,388.4,390.0,393.9,0.0
92H-07095,2026-08-03 12:15:00,383.2,0.0,"Quốc Lộ 1, Xã Hòa Xuân, Tỉnh Đắk Lắk",0,0,383.2,5.0,15.0,0,0.0,1,0,0,VALID,0.0,0.0,383.2,0.5656854246211602,5.0,1,Stopped,0.0,0,0,,387.6,389.0,393.3,0.0
92H-07095,2026-08-03 12:20:00,383.2,0.0,"Quốc Lộ 1, Xã Hòa Xuân, Tỉnh Đắk Lắk",0,0,383.2,5.0,15.0,0,0.0,1,0,0,VALID,0.0,0.0,383.2,0.08944271702440695,5.0,1,Stopped,0.0,0,0,,385.9,387.8,392.5,0.0
92H-07095,2026-08-03 12:25:00,383.2,0.0,"Quốc Lộ 1, Xã Hòa Xuân, Tỉnh Đắk Lắk",0,0,383.2,5.0,15.0,0,0.0,1,0,0,VALID,0.0,0.0,383.2,0.0,5.0,1,Stopped,0.0,0,0,,385.4,386.8,391.8,0.0
92H-07095,2026-08-03 12:30:00,383.2,0.0,"Quốc Lộ 1, Xã Hòa Xuân, Tỉnh Đắk Lắk",0,0,383.2,5.0,15.0,0,0.0,1,0,0,VALID,0.0,0.0,383.2,0.0,5.0,1,Stopped,0.0,0,0,,384.8,386.0,391.1,0.0
92H-07095,2026-08-03 12:35:00,383.2,0.0,"Quốc Lộ 1, Xã Hòa Xuân, Tỉnh Đắk Lắk",0,0,383.2,5.0,15.0,0,0.0,1,0,0,VALID,0.0,0.0,383.2,0.0,5.0,1,Stopped,0.0,0,0,,384.3,385.3,390.4,0.0
92H-07095,2026-08-03 12:40:00,383.2,0.0,"Quốc Lộ 1, Xã Hòa Xuân, Tỉnh Đắk Lắk",0,0,383.2,5.0,15.0,0,0.0,1,0,0,VALID,0.0,0.0,383.2,0.0,5.0,1,Stopped,0.0,0,0,,383.2,384.5,389.7,0.0
92H-07095,2026-08-03 12:45:00,383.2,0.0,"Quốc Lộ 1, Xã Hòa Xuân, Tỉnh Đắk Lắk",0,0,383.2,5.0,15.0,0,0.0,1,0,0,VALID,0.0,0.0,383.2,0.0,5.0,1,Stopped,0.0,0,0,,383.2,384.0,389.1,0.0
92H-07095,2026-08-03 12:50:00,383.2,0.0,"Quốc Lộ 1, Xã Hòa Xuân, Tỉnh Đắk Lắk",0,0,383.2,5.0,15.0,0,0.0,1,0,0,VALID,0.0,0.0,383.2,0.0,5.0,1,Stopped,0.0,0,0,,383.2,383.7,388.5,0.0
92H-07095,2026-08-03 12:55:00,383.2,0.0,"Quốc Lộ 1, Xã Hòa Xuân, Tỉnh Đắk Lắk",0,0,383.2,5.0,15.0,0,0.0,1,0,0,VALID,0.0,0.0,383.2,0.0,5.0,1,Stopped,0.0,0,0,,383.2,383.5,388.0,0.0
92H-07095,2026-08-03 13:00:00,383.2,0.0,"Quốc Lộ 1, Xã Hòa Xuân, Tỉnh Đắk Lắk",0,0,383.2,5.0,15.0,0,0.0,1,0,0,VALID,0.0,0.0,383.2,0.0,5.0,1,Stopped,0.0,0,0,,383.2,383.4,387.5,0.0
92H-07095,2026-08-03 13:05:00,381.3,48.0,"Quốc Lộ 1, Xã Hòa Xuân, Tỉnh Đắk Lắk",0,0,381.3,5.0,15.0,0,0.0,1,0,0,VALID,-1.8999999999999773,-0.3799999999999954,383.2,0.8497058312313496,5.0,1,Moving,0.16,0,0,,382.4,383.0,387.0,1.0
92H-07095,2026-08-03 13:10:00,372.9,37.0,"Đường dẫn hầm Cổ Mã, Xã Hòa Xuân, Tỉnh Đắk Lắk",0,0,372.9,5.0,15.0,0,0.0,1,0,0,VALID,-8.400000000000034,-1.6800000000000068,383.2,4.4702348931155775,5.0,1,Moving,-0.0366666666666666,0,0,,376.1,380.2,385.9,1.0
92H-07095,2026-08-03 13:15:00,381.4,0.0,"Hầm Đèo Cả, Xã Hòa Xuân, Tỉnh Đắk Lắk",0,0,381.4,5.0,15.0,0,0.0,1,0,0,VALID,8.5,1.7,381.4,4.293599888162373,5.0,1,Stopped,-0.1233333333333333,0,0,,382.1,381.0,385.5,0.0
92H-07095,2026-08-03 13:20:00,377.2,0.0,"Đường dẫn hầm Cổ Mã, Xã Đại Lãnh, Tỉnh Khánh Hòa",0,0,377.2,5.0,15.0,0,0.0,1,0,0,VALID,-4.199999999999989,-0.8399999999999977,381.3,4.151505750884558,5.0,1,Stopped,0.0,0,0,,379.0,380.2,384.9,0.0
92H-07095,2026-08-03 13:25:00,376.7,71.0,"Cao tốc Vân Phong-Nha Trang, Xã Tu Bông, Tỉnh Khánh Hòa",0,0,376.7,5.0,15.0,0,0.0,1,0,0,VALID,-0.5,-0.1,377.2,3.5616007636492824,5.0,1,Moving,0.2366666666666666,0,0,,379.7,380.0,384.3,1.0
92H-07095,2026-08-03 13:30:00,371.6,72.0,"Cao tốc Vân Phong-Nha Trang, Xã Tu Bông, Tỉnh Khánh Hòa",0,0,371.6,5.0,15.0,0,0.0,1,0,0,VALID,-5.099999999999966,-1.0199999999999931,376.7,3.8746612754699523,5.0,1,Moving,0.0033333333333333,0,0,,376.2,378.5,383.5,1.0
92H-07095,2026-08-03 13:35:00,370.9,74.0,"Cao tốc Vân Phong-Nha Trang, Xã Vạn Thắng, Tỉnh Khánh Hòa",0,0,370.9,5.0,15.0,0,0.0,1,0,0,VALID,-0.7000000000000455,-0.1400000000000091,376.7,4.344306618969979,5.0,1,Moving,0.0066666666666666,0,0,,376.1,377.5,382.8,1.0
92H-07095,2026-08-03 13:40:00,368.2,74.0,"Cao tốc Vân Phong-Nha Trang, Xã Vạn Ninh, Tỉnh Khánh Hòa",0,0,368.2,5.0,15.0,0,0.0,1,0,0,VALID,-2.6999999999999886,-0.5399999999999977,371.6,3.8957669334324576,5.0,1,Moving,0.0,0,0,,374.1,376.2,381.9,1.0
92H-07095,2026-08-03 13:45:00,367.2,73.0,"Cao tốc Vân Phong-Nha Trang, Xã Vạn Hưng, Tỉnh Khánh Hòa",0,0,367.2,5.0,15.0,0,0.0,1,0,0,VALID,-1.0,-0.2,370.9,3.7117381372647182,5.0,1,Moving,-0.0033333333333333,0,0,,373.2,375.0,381.0,1.0
92H-07095,2026-08-03 13:50:00,364.6,75.0,"Cao tốc Vân Phong-Nha Trang, Xã Bắc Ninh Hòa, Tỉnh Khánh Hòa",0,0,364.6,5.0,15.0,0,0.0,1,0,0,VALID,-2.599999999999966,-0.5199999999999931,368.2,2.8442925305996356,5.0,1,Moving,0.0066666666666666,0,0,,370.6,373.2,380.0,1.0
92H-07095,2026-08-03 13:55:00,362.9,72.0,"Cao tốc Vân Phong-Nha Trang, Xã Hòa Trí, Tỉnh Khánh Hòa",0,0,362.9,5.0,15.0,0,0.0,1,0,0,VALID,-1.7000000000000457,-0.3400000000000091,367.2,3.1213779008035214,5.0,1,Moving,-0.01,0,0,,368.2,371.2,378.2,1.0
92H-07095,2026-08-03 14:00:00,359.9,73.0,"Cao tốc Vân Phong-Nha Trang, Xã Tân Định, Tỉnh Khánh Hòa",0,0,359.9,5.0,15.0,0,0.0,1,0,0,VALID,-3.0,-0.6,364.6,3.3426037754457743,5.0,1,Moving,0.0033333333333333,0,0,,367.7,369.8,377.2,1.0
92H-07095,2026-08-03 14:05:00,357.5,72.0,"Cao tốc Vân Phong-Nha Trang, Xã Nam Ninh Hòa, Tỉnh Khánh Hòa",0,0,357.5,5.0,15.0,0,0.0,1,0,0,VALID,-2.3999999999999773,-0.4799999999999954,362.9,3.8206020467491864,5.0,1,Moving,-0.0033333333333333,0,0,,365.2,368.0,375.4,1.0
92H-07095,2026-08-03 14:10:00,352.8,58.0,"Cao tốc Vân Phong-Nha Trang, Xã Nam Ninh Hòa, Tỉnh Khánh Hòa",0,0,352.8,5.0,15.0,0,0.0,1,0,0,VALID,-4.699999999999989,-0.9399999999999976,359.9,4.653278414153168,5.0,1,Moving,-0.0466666666666666,0,0,,360.8,365.1,373.2,1.0
92H-07095,2026-08-03 14:15:00,355.2,72.0,"Cao tốc Vân Phong-Nha Trang, Xã Bắc Khánh Vĩnh, Tỉnh Khánh Hòa",0,0,355.2,5.0,15.0,0,0.0,1,0,0,VALID,2.3999999999999773,0.4799999999999954,357.5,3.942461160192152,5.0,1,Moving,0.0466666666666666,0,0,,361.4,363.6,363.8,1.0
92H-07095,2026-08-03 14:20:00,351.2,75.0,"Cao tốc Vân Phong-Nha Trang, Xã Diên Lâm, Tỉnh Khánh Hòa",0,0,351.2,5.0,15.0,0,0.0,1,0,0,VALID,-4.0,-0.8,355.2,3.502427729393371,5.0,1,Moving,0.01,0,0,,358.3,361.5,363.2,1.0
92H-07095,2026-08-03 14:25:00,349.6,76.0,"Cao tốc Vân Phong-Nha Trang, Xã Diên Lâm, Tỉnh Khánh Hòa",0,0,349.6,5.0,15.0,0,0.0,1,0,0,VALID,-1.599999999999966,-0.3199999999999932,352.8,3.1461087075343754,5.0,1,Moving,0.0033333333333333,0,0,,356.9,359.7,362.6,1.0
92H-07095,2026-08-03 14:30:00,346.9,65.0,"Cao tốc Vân Phong-Nha Trang, Xã Diên Thọ, Tỉnh Khánh Hòa",0,0,346.9,5.0,15.0,0,0.0,1,0,0,VALID,-2.700000000000045,-0.5400000000000091,351.2,3.1461087075343754,5.0,1,Moving,-0.0366666666666666,0,0,,354.4,357.6,361.8,1.0
92H-07095,2026-08-03 14:35:00,345.5,75.0,"Cao tốc Nha Trang-Cam Lâm, Xã Suối Hiệp, Tỉnh Khánh Hòa",0,0,345.5,5.0,15.0,0,0.0,1,0,0,VALID,-1.3999999999999773,-0.2799999999999955,349.6,3.807492613206687,5.0,1,Moving,0.0333333333333333,0,0,,352.7,355.6,360.9,1.0
92H-07095,2026-08-03 14:40:00,341.2,67.0,"Cao tốc Nha Trang-Cam Lâm, Xã Cam Hiệp, Tỉnh Khánh Hòa",0,0,341.2,5.0,15.0,0,0.0,1,0,0,VALID,-4.300000000000011,-0.8600000000000023,346.9,3.8803350370326575,5.0,1,Moving,-0.0266666666666666,0,0,,348.8,352.9,359.0,1.0
92H-07095,2026-08-03 14:45:00,340.9,72.0,"Cao tốc Nha Trang-Cam Lâm, Xã Cam Hiệp, Tỉnh Khánh Hòa",0,0,340.9,5.0,15.0,0,0.0,1,0,0,VALID,-0.3000000000000113,-0.0600000000000022,345.5,3.7452636755805404,5.0,1,Moving,0.0166666666666666,0,0,,348.0,350.9,357.9,1.0
92H-07095,2026-08-03 14:50:00,337.7,73.0,"Cao tốc Nha Trang-Cam Lâm, Xã Cam Hiệp, Tỉnh Khánh Hòa",0,0,337.7,5.0,15.0,0,0.0,1,0,0,VALID,-3.1999999999999886,-0.6399999999999977,341.2,3.72934310564508,5.0,1,Moving,0.0033333333333333,0,0,,344.9,348.5,356.0,1.0
92H-07095,2026-08-03 14:55:00,332.8,66.0,"Cao tốc Nha Trang-Cam Lâm, Xã Cam An, Tỉnh Khánh Hòa",0,0,332.8,5.0,15.0,0,0.0,1,0,0,VALID,-4.899999999999977,-0.9799999999999954,340.9,4.714551940494638,5.0,1,Moving,-0.0233333333333333,0,0,,340.3,345.2,353.6,1.0
92H-07095,2026-08-03 15:00:00,334.4,71.0,"Cao tốc Nha Trang-Cam Lâm, Xã Cam An, Tỉnh Khánh Hòa",0,0,334.4,5.0,15.0,0,0.0,1,0,0,VALID,1.599999999999966,0.3199999999999932,337.7,3.772929895932492,5.0,1,Moving,0.0166666666666666,0,0,,341.6,343.8,344.0,1.0
92H-07095,2026-08-03 15:05:00,330.6,75.0,"Cao tốc Nha Trang-Cam Lâm, Phường Ba Ngòi, Tỉnh Khánh Hòa",0,0,330.6,5.0,15.0,0,0.0,1,0,0,VALID,-3.7999999999999545,-0.7599999999999909,334.4,4.070257977035409,5.0,1,Moving,0.0133333333333333,0,0,,338.0,341.5,343.4,1.0
92H-07095,2026-08-03 15:10:00,330.9,73.0,"Cao tốc Cam Lâm-Vĩnh Hảo, Xã Nam Cam Ranh, Tỉnh Khánh Hòa",0,0,330.9,5.0,15.0,0,0.0,1,0,0,VALID,0.2999999999999545,0.0599999999999909,332.8,2.90981099035999,5.0,1,Moving,-0.0066666666666666,0,0,,337.7,340.0,342.8,1.0
92H-07095,2026-08-03 15:15:00,320.6,37.0,"Cao tốc Cam Lâm-Vĩnh Hảo, Xã Nam Cam Ranh, Tỉnh Khánh Hòa",0,0,320.6,5.0,15.0,0,0.0,1,0,0,VALID,-10.299999999999956,-2.0599999999999907,330.9,5.399814811604067,5.0,1,Moving,-0.12,1,1,LARGE_DELTA,328.7,335.5,340.7,1.0
92H-07095,2026-08-03 15:20:00,328.4,81.0,"Cao tốc Cam Lâm-Vĩnh Hảo, Xã Công Hải, Tỉnh Khánh Hòa",0,0,328.4,5.0,15.0,0,0.0,1,0,0,VALID,7.799999999999954,1.559999999999991,330.6,5.15383352463178,5.0,1,Moving,0.1466666666666666,0,0,,333.9,334.8,340.0,1.0
92H-07095,2026-08-03 15:25:00,319.8,73.0,"Cao tốc Cam Lâm-Vĩnh Hảo, Xã Thuận Bắc, Tỉnh Khánh Hòa",0,0,319.8,5.0,15.0,0,0.0,1,0,0,VALID,-8.599999999999966,-1.719999999999993,328.4,5.443160846384917,5.0,1,Moving,-0.0266666666666666,0,0,,326.8,331.6,338.0,1.0
92H-07095,2026-08-03 15:30:00,318.6,76.0,"Cao tốc Cam Lâm-Vĩnh Hảo, Xã Thuận Bắc, Tỉnh Khánh Hòa",0,0,318.6,5.0,15.0,0,0.0,1,0,0,VALID,-1.1999999999999886,-0.2399999999999977,320.6,5.584621741856549,5.0,1,Moving,0.01,0,0,,326.0,329.4,336.2,1.0
92H-07095,2026-08-03 15:35:00,317.6,73.0,"Cao tốc Cam Lâm-Vĩnh Hảo, Xã Mỹ Sơn, Tỉnh Khánh Hòa",0,0,317.6,5.0,15.0,0,0.0,1,0,0,VALID,-1.0,-0.2,319.8,4.291852746730235,5.0,1,Moving,-0.01,0,0,,323.8,327.1,326.3,1.0
92H-07095,2026-08-03 15:40:00,317.3,68.0,"Cao tốc Cam Lâm-Vĩnh Hảo, Phường Đô Vinh, Tỉnh Khánh Hòa",0,0,317.3,5.0,15.0,0,0.0,1,0,0,VALID,-0.3000000000000113,-0.0600000000000022,318.6,4.610639868783465,5.0,1,Moving,-0.0166666666666666,0,0,,322.5,325.3,325.9,1.0
92H-07095,2026-08-03 15:45:00,313.1,73.0,"Cao tốc Cam Lâm-Vĩnh Hảo, Xã Phước Hậu, Tỉnh Khánh Hòa",0,0,313.1,5.0,15.0,0,0.0,1,0,0,VALID,-4.199999999999989,-0.8399999999999977,317.6,2.5331798198340687,5.0,1,Moving,0.0166666666666666,0,0,,319.9,323.1,325.3,1.0
92H-07095,2026-08-03 15:50:00,308.9,70.0,"Cao tốc Cam Lâm-Vĩnh Hảo, Xã Phước Hữu, Tỉnh Khánh Hòa",0,0,308.9,5.0,15.0,0,0.0,1,0,0,VALID,-4.2000000000000455,-0.8400000000000091,317.3,4.055243519150707,5.0,1,Moving,-0.01,0,0,,315.9,320.2,324.4,1.0
92H-07095,2026-08-03 15:55:00,307.7,74.0,"Cao tốc Cam Lâm-Vĩnh Hảo, Xã Phước Hữu, Tỉnh Khánh Hòa",0,0,307.7,5.0,15.0,0,0.0,1,0,0,VALID,-1.1999999999999886,-0.2399999999999977,313.1,4.596955514208609,5.0,1,Moving,0.0133333333333333,0,0,,314.8,318.1,323.4,1.0
92H-07095,2026-08-03 16:00:00,306.5,72.0,"Cao tốc Cam Lâm-Vĩnh Hảo, Xã Phước Hà, Tỉnh Khánh Hòa",0,0,306.5,5.0,15.0,0,0.0,1,0,0,VALID,-1.1999999999999886,-0.2399999999999977,308.9,4.4497190922137895,5.0,1,Moving,-0.0066666666666666,0,0,,312.2,315.7,322.3,1.0
92H-07095,2026-08-03 16:05:00,306.5,0.0,"Cao tốc Cam Lâm-Vĩnh Hảo, Xã Phước Hà, Tỉnh Khánh Hòa",0,0,306.5,5.0,15.0,0,0.0,1,0,0,VALID,0.0,0.0,307.7,2.73642102016684,5.0,1,Stopped,-0.24,0,0,,313.0,314.6,321.4,0.0
92H-07095,2026-08-03 16:10:00,306.2,0.0,"Cao tốc Cam Lâm-Vĩnh Hảo, Xã Phước Hà, Tỉnh Khánh Hòa",0,0,306.2,5.0,15.0,0,0.0,1,0,0,VALID,-0.3000000000000113,-0.0600000000000022,306.5,1.130486620712671,5.0,1,Stopped,0.0,0,0,,310.9,313.1,320.3,0.0
92H-07095,2026-08-03 16:15:00,306.1,0.0,"Cao tốc Cam Lâm-Vĩnh Hảo, Xã Phước Hà, Tỉnh Khánh Hòa",0,0,306.1,5.0,15.0,0,0.0,1,0,0,VALID,-0.0999999999999659,-0.0199999999999931,306.5,0.6403124234388656,5.0,1,Stopped,0.0,0,0,,310.5,312.1,319.3,0.0
92H-07095,2026-08-03 16:20:00,305.9,0.0,"Cao tốc Cam Lâm-Vĩnh Hảo, Xã Phước Hà, Tỉnh Khánh Hòa",0,0,305.9,5.0,15.0,0,0.0,1,0,0,VALID,-0.2000000000000454,-0.0400000000000091,306.2,0.26076809546037477,5.0,1,Stopped,0.0,0,0,,310.0,311.2,318.4,0.0
92H-07095,2026-08-03 16:25:00,301.7,72.0,"Cao tốc Cam Lâm-Vĩnh Hảo, Xã Phước Hà, Tỉnh Khánh Hòa",0,0,301.7,5.0,15.0,0,0.0,1,0,0,VALID,-4.199999999999989,-0.8399999999999977,306.1,2.012958022316812,5.0,1,Moving,0.24,0,0,,307.0,309.5,317.3,1.0
92H-07095,2026-08-03 16:30:00,297.9,59.0,"Cao tốc Cam Lâm-Vĩnh Hảo, Xã Phước Hà, Tỉnh Khánh Hòa",0,0,297.9,5.0,15.0,0,0.0,1,0,0,VALID,-3.8000000000000114,-0.7600000000000022,305.9,3.687546609821869,5.0,1,Moving,-0.0433333333333333,0,0,,303.2,307.0,315.2,1.0
92H-07095,2026-08-03 16:35:00,302.3,74.0,"Cao tốc Cam Lâm-Vĩnh Hảo, Xã Tuy Phong, Tỉnh Lâm Đồng",0,0,302.3,5.0,15.0,0,0.0,1,0,0,VALID,4.400000000000034,0.8800000000000068,302.3,3.3899852506476136,5.0,1,Moving,0.05,0,0,,305.0,306.2,314.1,1.0
92H-07095,2026-08-03 16:40:00,297.1,72.0,"Cao tốc Cam Lâm-Vĩnh Hảo, Xã Vĩnh Hảo, Tỉnh Lâm Đồng",0,0,297.1,5.0,15.0,0,0.0,1,0,0,VALID,-5.199999999999989,-1.0399999999999978,301.7,3.57099425925153,5.0,1,Moving,-0.0066666666666666,0,0,,301.4,304.3,312.2,1.0
92H-07095,2026-08-03 16:45:00,290.1,64.0,"Cao tốc Vĩnh Hảo-Phan Thiết, Xã Liên Hương, Tỉnh Lâm Đồng",0,0,290.1,5.0,15.0,0,0.0,1,0,0,VALID,-7.0,-1.4,297.9,4.879754092124507,5.0,1,Moving,-0.0266666666666666,0,0,,295.9,300.9,309.8,1.0
92H-07095,2026-08-03 16:50:00,291.4,73.0,"Cao tốc Vĩnh Hảo-Phan Thiết, Xã Tuy Phong, Tỉnh Lâm Đồng",0,0,291.4,5.0,15.0,0,0.0,1,0,0,VALID,1.2999999999999543,0.2599999999999909,297.1,5.004797698169734,5.0,1,Moving,0.03,0,0,,297.4,299.5,299.9,1.0
92H-07095,2026-08-03 16:55:00,290.1,73.0,"Cao tốc Vĩnh Hảo-Phan Thiết, Xã Tuy Phong, Tỉnh Lâm Đồng",0,0,290.1,5.0,15.0,0,0.0,1,0,0,VALID,-1.2999999999999543,-0.2599999999999909,291.4,5.37308105276706,5.0,1,Moving,0.0,0,0,,295.7,298.0,299.5,1.0
92H-07095,2026-08-03 17:00:00,288.0,74.0,"Cao tốc Vĩnh Hảo-Phan Thiết, Xã Bắc Bình, Tỉnh Lâm Đồng",0,0,288.0,5.0,15.0,0,0.0,1,0,0,VALID,-2.1000000000000227,-0.4200000000000045,290.1,3.4428186126490963,5.0,1,Moving,0.0033333333333333,0,0,,294.6,296.6,299.0,1.0
92H-07095,2026-08-03 17:05:00,285.4,73.0,"Cao tốc Vĩnh Hảo-Phan Thiết, Xã Hải Ninh, Tỉnh Lâm Đồng",0,0,285.4,5.0,15.0,0,0.0,1,0,0,VALID,-2.6000000000000227,-0.5200000000000046,290.1,2.3526580711190967,5.0,1,Moving,-0.0033333333333333,0,0,,292.6,295.0,298.3,1.0
92H-07095,2026-08-03 17:10:00,283.8,74.0,"Cao tốc Vĩnh Hảo-Phan Thiết, Xã Hải Ninh, Tỉnh Lâm Đồng",0,0,283.8,5.0,15.0,0,0.0,1,0,0,VALID,-1.599999999999966,-0.3199999999999932,288.0,3.1635423182883096,5.0,1,Moving,0.0033333333333333,0,0,,290.2,293.1,297.5,1.0
92H-07095,2026-08-03 17:15:00,282.3,71.0,"Cao tốc Vĩnh Hảo-Phan Thiết, Xã Lương Sơn, Tỉnh Lâm Đồng",0,0,282.3,5.0,15.0,0,0.0,1,0,0,VALID,-1.5,-0.3,285.4,3.149126863052636,5.0,1,Moving,-0.01,0,0,,288.7,291.3,296.6,1.0
92H-07095,2026-08-03 17:20:00,278.9,70.0,"Cao tốc Vĩnh Hảo-Phan Thiết, Xã Lương Sơn, Tỉnh Lâm Đồng",0,0,278.9,5.0,15.0,0,0.0,1,0,0,VALID,-3.400000000000034,-0.6800000000000068,283.8,3.405436829482851,5.0,1,Moving,-0.0033333333333333,0,0,,286.6,289.4,295.6,1.0
92H-07095,2026-08-03 17:25:00,275.4,73.0,"Cao tốc Vĩnh Hảo-Phan Thiết, Xã Sông Lũy, Tỉnh Lâm Đồng",0,0,275.4,5.0,15.0,0,0.0,1,0,0,VALID,-3.5,-0.7,282.3,4.016590593973532,5.0,1,Moving,0.01,0,0,,282.7,286.7,293.7,1.0
92H-07095,2026-08-03 17:30:00,274.1,75.0,"Cao tốc Vĩnh Hảo-Phan Thiết, Xã Sông Lũy, Tỉnh Lâm Đồng",0,0,274.1,5.0,15.0,0,0.0,1,0,0,VALID,-1.2999999999999543,-0.2599999999999909,278.9,4.208919101098903,5.0,1,Moving,0.0066666666666666,0,0,,280.6,284.3,291.7,1.0
92H-07095,2026-08-03 17:35:00,272.3,79.0,"Cao tốc Vĩnh Hảo-Phan Thiết, Xã Hồng Sơn, Tỉnh Lâm Đồng",0,0,272.3,5.0,15.0,0,0.0,1,0,0,VALID,-1.8000000000000114,-0.3600000000000022,275.4,3.998749804575631,5.0,1,Moving,0.0133333333333333,0,0,,279.5,282.4,281.9,1.0
92H-07095,2026-08-03 17:40:00,270.7,75.0,"Cao tốc Vĩnh Hảo-Phan Thiết, Xã Hàm Thuận Bắc, Tỉnh Lâm Đồng",0,0,270.7,5.0,15.0,0,0.0,1,0,0,VALID,-1.6000000000000227,-0.3200000000000045,274.1,3.1371962003661995,5.0,1,Moving,-0.0133333333333333,0,0,,278.0,280.6,281.6,1.0
92H-07095,2026-08-03 17:45:00,268.6,72.0,"Cao tốc Vĩnh Hảo-Phan Thiết, Xã Hàm Thuận, Tỉnh Lâm Đồng",0,0,268.6,5.0,15.0,0,0.0,1,0,0,VALID,-2.099999999999966,-0.4199999999999931,272.3,2.6957373758567007,5.0,1,Moving,-0.01,0,0,,276.0,278.8,281.0,1.0
92H-07095,2026-08-03 17:50:00,265.6,71.0,"Cao tốc Vĩnh Hảo-Phan Thiết, Xã Hàm Liêm, Tỉnh Lâm Đồng",0,0,265.6,5.0,15.0,0,0.0,1,0,0,VALID,-3.0,-0.6,270.7,3.3004545140918857,5.0,1,Moving,-0.0033333333333333,0,0,,273.2,276.5,280.2,1.0
92H-07095,2026-08-03 17:55:00,265.0,71.0,"Cao tốc Vĩnh Hảo-Phan Thiết, Xã Hàm Liêm, Tỉnh Lâm Đồng",0,0,265.0,5.0,15.0,0,0.0,1,0,0,VALID,-0.6000000000000227,-0.1200000000000045,268.6,3.159588580747251,5.0,1,Moving,0.0,0,0,,272.2,274.8,279.4,1.0
92H-07095,2026-08-03 18:00:00,263.4,70.0,"Cao tốc Vĩnh Hảo-Phan Thiết, Xã Hàm Thạnh, Tỉnh Lâm Đồng",0,0,263.4,5.0,15.0,0,0.0,1,0,0,VALID,-1.6000000000000227,-0.3200000000000045,265.6,2.9407482040438855,5.0,1,Moving,-0.0033333333333333,0,0,,270.4,273.0,278.5,1.0
92H-07095,2026-08-03 18:05:00,259.7,72.0,"Cao tốc Vĩnh Hảo-Phan Thiết, Xã Hàm Kiệm, Tỉnh Lâm Đồng",0,0,259.7,5.0,15.0,0,0.0,1,0,0,VALID,-3.6999999999999886,-0.7399999999999978,265.0,3.2600613490525028,5.0,1,Moving,0.0066666666666666,0,0,,267.1,270.7,277.4,1.0
92H-07095,2026-08-03 18:10:00,258.2,76.0,"Cao tốc Phan Thiết - Dầu Giây, Xã Hàm Kiệm, Tỉnh Lâm Đồng",0,0,258.2,5.0,15.0,0,0.0,1,0,0,VALID,-1.5,-0.3,263.4,3.2759731377996086,5.0,1,Moving,0.0133333333333333,0,0,,265.4,268.6,275.6,1.0
92H-07095,2026-08-03 18:15:00,256.9,77.0,"Cao tốc Phan Thiết - Dầu Giây, Xã Tân Lập, Tỉnh Lâm Đồng",0,0,256.9,5.0,15.0,0,0.0,1,0,0,VALID,-1.3000000000000114,-0.2600000000000023,259.7,3.444270604871715,5.0,1,Moving,0.0033333333333333,0,0,,263.9,266.7,273.8,1.0
92H-07095,2026-08-03 18:20:00,253.7,73.0,"Cao tốc Phan Thiết - Dầu Giây, Xã Tân Lập, Tỉnh Lâm Đồng",0,0,253.7,5.0,15.0,0,0.0,1,0,0,VALID,-3.1999999999999886,-0.6399999999999977,258.2,3.573093897392244,5.0,1,Moving,-0.0133333333333333,0,0,,261.2,264.5,263.7,1.0
92H-07095,2026-08-03 18:25:00,251.3,76.0,"Cao tốc Phan Thiết - Dầu Giây, Xã Tân Lập, Tỉnh Lâm Đồng",0,0,251.3,5.0,15.0,0,0.0,1,0,0,VALID,-2.3999999999999773,-0.4799999999999954,256.9,3.4173088826706977,5.0,1,Moving,0.01,0,0,,259.0,262.3,263.3,1.0
92H-07095,2026-08-03 18:30:00,246.6,39.0,"Xã Tân Lập, Tỉnh Lâm Đồng",0,0,246.6,5.0,15.0,0,0.0,1,0,0,VALID,-4.700000000000017,-0.9400000000000034,253.7,4.637132734737955,5.0,1,Moving,-0.1233333333333333,0,0,,254.6,259.2,262.4,1.0
92H-07095,2026-08-03 18:35:00,253.2,0.0,"Xã Hàm Tân, Tỉnh Lâm Đồng",0,0,253.2,5.0,15.0,0,0.0,1,0,0,VALID,6.599999999999994,1.319999999999999,253.2,3.7885353369841543,5.0,1,Stopped,-0.13,0,0,,257.9,258.7,261.9,0.0
92H-07095,2026-08-03 18:40:00,250.7,0.0,"Xã Hàm Tân, Tỉnh Lâm Đồng",0,0,250.7,5.0,15.0,0,0.0,1,0,0,VALID,-2.5,-0.5,251.3,2.8115831838266545,5.0,1,Stopped,0.0,0,0,,255.5,257.4,261.3,0.0
92H-07095,2026-08-03 18:45:00,250.7,0.0,"Xã Hàm Tân, Tỉnh Lâm Đồng",0,0,250.7,5.0,15.0,0,0.0,1,0,0,VALID,0.0,0.0,250.7,2.4093567605434467,5.0,1,Stopped,0.0,0,0,,255.2,256.5,260.7,0.0
92H-07095,2026-08-03 18:50:00,250.7,0.0,"Xã Hàm Tân, Tỉnh Lâm Đồng",0,0,250.7,5.0,15.0,0,0.0,1,0,0,VALID,0.0,0.0,250.7,2.374236719363998,5.0,1,Stopped,0.0,0,0,,254.1,255.6,260.0,0.0
92H-07095,2026-08-03 18:55:00,250.7,0.0,"Xã Hàm Tân, Tỉnh Lâm Đồng",0,0,250.7,5.0,15.0,0,0.0,1,0,0,VALID,0.0,0.0,250.7,1.1180339885606765,5.0,1,Stopped,0.0,0,0,,253.5,254.7,259.4,0.0
92H-07095,2026-08-03 19:00:00,250.7,0.0,"Xã Hàm Tân, Tỉnh Lâm Đồng",0,0,250.7,5.0,15.0,0,0.0,1,0,0,VALID,0.0,0.0,250.7,0.0,5.0,1,Stopped,0.0,0,0,,252.6,253.9,258.7,0.0
92H-07095,2026-08-03 19:05:00,250.7,0.0,"Xã Hàm Tân, Tỉnh Lâm Đồng",0,0,250.7,5.0,15.0,0,0.0,1,0,0,VALID,0.0,0.0,250.7,0.0,5.0,1,Stopped,0.0,0,0,,251.5,252.9,258.0,0.0
92H-07095,2026-08-03 19:10:00,250.7,0.0,"Xã Hàm Tân, Tỉnh Lâm Đồng",0,0,250.7,5.0,15.0,0,0.0,1,0,0,VALID,0.0,0.0,250.7,0.0,5.0,1,Stopped,0.0,0,0,,250.7,252.0,257.2,0.0
92H-07095,2026-08-03 19:15:00,245.0,44.0,"Quốc Lộ 1, Xã Hàm Tân, Tỉnh Lâm Đồng",0,0,245.0,5.0,15.0,0,0.0,1,0,0,VALID,-5.699999999999989,-1.1399999999999977,250.7,2.549117494266544,5.0,1,Moving,0.1466666666666666,0,0,,246.6,249.9,256.2,1.0
92H-07095,2026-08-03 19:20:00,335.3,0.0,"Quốc Lộ 1, Xã Hàm Tân, Tỉnh Lâm Đồng",0,0,335.3,5.0,15.0,0,0.0,1,0,0,VALID,90.3,18.06,250.7,38.550642017994825,5.0,1,Stopped,-0.1466666666666666,1,1,LARGE_DELTA,319.5,277.7,265.7,0.0
92H-07095,2026-08-03 19:25:00,473.8,0.0,"Quốc Lộ 1, Xã Hàm Tân, Tỉnh Lâm Đồng",0,0,473.8,5.0,15.0,0,0.0,1,0,0,VALID,138.5,27.7,250.7,98.39011637354444,5.0,1,Stopped,0.0,1,1,LARGE_DELTA,449.0,346.2,293.2,0.0
92H-07095,2026-08-03 19:30:00,588.4,0.0,"Quốc Lộ 1, Xã Hàm Tân, Tỉnh Lâm Đồng",0,0,588.4,5.0,15.0,0,0.0,1,0,0,VALID,114.59999999999997,22.919999999999995,335.3,149.299474212067,5.0,1,Stopped,0.0,1,1,LARGE_DELTA,563.3,433.1,509.3,0.0
92H-07095,2026-08-03 19:35:00,589.0,0.0,"Quốc Lộ 1, Xã Hàm Tân, Tỉnh Lâm Đồng",0,0,589.0,5.0,15.0,0,0.0,1,0,0,VALID,0.6000000000000227,0.1200000000000045,473.8,153.42314036676376,5.0,1,Stopped,0.0,0,0,,574.1,489.5,561.1,0.0
92H-07095,2026-08-03 19:40:00,589.0,0.0,"Quốc Lộ 1, Xã Hàm Tân, Tỉnh Lâm Đồng",0,0,589.0,5.0,15.0,0,0.0,1,0,0,VALID,0.0,0.0,588.4,112.1706735292239,5.0,1,Stopped,0.0,0,0,,582.4,526.6,578.1,0.0
92H-07095,2026-08-03 19:45:00,588.4,0.0,"Quốc Lộ 1, Xã Hàm Tân, Tỉnh Lâm Đồng",0,0,588.4,5.0,15.0,0,0.0,1,0,0,VALID,-0.6000000000000227,-0.1200000000000045,588.4,51.38571786011907,5.0,1,Stopped,0.0,0,0,,582.5,549.0,578.6,0.0
92H-07095,2026-08-03 19:50:00,588.1,0.0,"Quốc Lộ 1, Xã Hàm Tân, Tỉnh Lâm Đồng",0,0,588.1,5.0,15.0,0,0.0,1,0,0,VALID,-0.2999999999999545,-0.0599999999999909,588.4,0.40249223566816417,5.0,1,Stopped,0.0,0,0,,582.5,562.4,579.0,0.0
92H-07095,2026-08-03 19:55:00,588.1,0.0,"Quốc Lộ 1, Xã Hàm Tân, Tỉnh Lâm Đồng",0,0,588.1,5.0,15.0,0,0.0,1,0,0,VALID,0.0,0.0,588.4,0.45497252639376906,5.0,1,Stopped,0.0,0,0,,581.7,570.1,579.2,0.0
92H-07095,2026-08-03 20:00:00,588.1,0.0,"Quốc Lộ 1, Xã Hàm Tân, Tỉnh Lâm Đồng",0,0,588.1,5.0,15.0,0,0.0,1,0,0,VALID,0.0,0.0,588.1,0.3911521440220868,5.0,1,Stopped,0.0,0,0,,583.0,575.3,579.6,0.0
92H-07095,2026-08-03 20:05:00,588.1,0.0,"Quốc Lộ 1, Xã Hàm Tân, Tỉnh Lâm Đồng",0,0,588.1,5.0,15.0,0,0.0,1,0,0,VALID,0.0,0.0,588.1,0.13416407780419062,5.0,1,Stopped,0.0,0,0,,585.7,579.4,580.2,0.0
92H-07095,2026-08-03 20:10:00,588.1,0.0,"Quốc Lộ 1, Xã Hàm Tân, Tỉnh Lâm Đồng",0,0,588.1,5.0,15.0,0,0.0,1,0,0,VALID,0.0,0.0,588.1,0.0,5.0,1,Stopped,0.0,0,0,,588.1,582.9,581.0,0.0
92H-07095,2026-08-03 20:15:00,588.1,0.0,"Quốc Lộ 1, Xã Hàm Tân, Tỉnh Lâm Đồng",0,0,588.1,5.0,15.0,0,0.0,1,0,0,VALID,0.0,0.0,588.1,0.0,5.0,1,Stopped,0.0,0,0,,589.4,585.5,581.9,0.0
92H-07095,2026-08-03 20:20:00,588.1,0.0,"Quốc Lộ 1, Xã Hàm Tân, Tỉnh Lâm Đồng",0,0,588.1,5.0,15.0,0,0.0,1,0,0,VALID,0.0,0.0,588.1,0.0,5.0,1,Stopped,0.0,0,0,,589.6,587.1,582.6,0.0
92H-07095,2026-08-03 20:25:00,588.1,0.0,"Quốc Lộ 1, Xã Hàm Tân, Tỉnh Lâm Đồng",0,0,588.1,5.0,15.0,0,0.0,1,0,0,VALID,0.0,0.0,588.1,0.0,5.0,1,Stopped,0.0,0,0,,588.1,587.5,583.2,0.0
92H-07095,2026-08-03 20:30:00,589.4,39.0,"Quốc Lộ 1, Xã Hàm Tân, Tỉnh Lâm Đồng",0,0,589.4,5.0,15.0,0,0.0,1,0,0,VALID,1.2999999999999543,0.2599999999999909,588.1,0.5813776739547942,5.0,1,Moving,0.13,0,0,,589.4,588.3,583.8,1.0
92H-07095,2026-08-03 20:35:00,588.2,56.0,"Quốc Lộ 1, Xã Tân Minh, Tỉnh Lâm Đồng",0,0,588.2,5.0,15.0,0,0.0,1,0,0,VALID,-1.1999999999999318,-0.2399999999999863,588.1,0.5718391380214285,5.0,1,Moving,0.0566666666666666,0,0,,588.2,588.2,584.2,1.0
92H-07095,2026-08-03 20:40:00,585.6,51.0,"Nguyễn Huệ, Xã Tân Minh, Tỉnh Lâm Đồng",0,0,585.6,5.0,15.0,0,0.0,1,0,0,VALID,-2.6000000000000227,-0.5200000000000046,588.1,1.3881642553289217,5.0,1,Moving,-0.0166666666666666,0,0,,587.5,587.9,584.6,1.0
92H-07095,2026-08-03 20:45:00,582.4,48.0,"Quốc Lộ 55, Xã Tân Minh, Tỉnh Lâm Đồng",0,0,582.4,5.0,15.0,0,0.0,1,0,0,VALID,-3.200000000000045,-0.6400000000000091,588.1,2.7924899283207085,5.0,1,Moving,-0.01,0,0,,585.5,587.0,584.7,1.0
92H-07095,2026-08-03 20:50:00,576.9,61.0,"Cao tốc Phan Thiết - Dầu Giây, Xã Tân Minh, Tỉnh Lâm Đồng",0,0,576.9,5.0,15.0,0,0.0,1,0,0,VALID,-5.5,-1.1,585.6,5.026927491000049,5.0,1,Moving,0.0433333333333333,0,0,,581.2,584.7,584.3,1.0
92H-07095,2026-08-03 20:55:00,579.1,47.0,"Cao tốc Phan Thiết - Dầu Giây, Xã Tân Minh, Tỉnh Lâm Đồng",0,0,579.1,5.0,15.0,0,0.0,1,0,0,VALID,2.200000000000045,0.4400000000000091,582.4,4.610097612824652,5.0,1,Moving,-0.0466666666666666,0,0,,583.0,584.0,584.2,1.0
92H-07095,2026-08-03 21:00:00,573.0,79.0,"Cao tốc Phan Thiết - Dầu Giây, Xã Xuân Hòa, Tỉnh Đồng Nai",0,0,573.0,5.0,15.0,0,0.0,1,0,0,VALID,-6.100000000000023,-1.2200000000000046,579.1,4.866723743933971,5.0,1,Moving,0.1066666666666666,0,0,,578.8,581.9,583.6,1.0
92H-07095,2026-08-03 21:05:00,569.0,91.0,"Cao tốc Phan Thiết - Dầu Giây, Xã Xuân Hòa, Tỉnh Đồng Nai",0,0,569.0,5.0,15.0,0,0.0,1,0,0,VALID,-4.0,-0.8,576.9,5.228479702530101,5.0,1,Moving,0.04,0,0,,575.9,579.5,582.9,1.0
92H-07095,2026-08-03 21:10:00,566.4,77.0,"Cao tốc Phan Thiết - Dầu Giây, Xã Xuân Lộc, Tỉnh Đồng Nai",0,0,566.4,5.0,15.0,0,0.0,1,0,0,VALID,-2.6000000000000227,-0.5200000000000046,573.0,5.289328879902237,5.0,1,Moving,-0.0466666666666666,0,0,,574.1,577.3,582.0,1.0
92H-07095,2026-08-03 21:15:00,563.1,88.0,"Cao tốc Phan Thiết - Dầu Giây, Xã Xuân Phú, Tỉnh Đồng Nai",0,0,563.1,5.0,15.0,0,0.0,1,0,0,VALID,-3.2999999999999545,-0.6599999999999909,569.0,6.190880389715699,5.0,1,Moving,0.0366666666666666,0,0,,571.5,575.0,580.9,1.0
92H-07095,2026-08-03 21:20:00,556.5,80.0,"Cao tốc Phan Thiết - Dầu Giây, Xã Xuân Định, Tỉnh Đồng Nai",0,0,556.5,5.0,15.0,0,0.0,1,0,0,VALID,-6.600000000000023,-1.3200000000000045,566.4,6.245398305934062,5.0,1,Moving,-0.0266666666666666,0,0,,565.3,571.1,578.6,1.0
92H-07095,2026-08-03 21:25:00,553.7,74.0,"Cao tốc Phan Thiết - Dầu Giây, Xã Cẩm Mỹ, Tỉnh Đồng Nai",0,0,553.7,5.0,15.0,0,0.0,1,0,0,VALID,-2.7999999999999545,-0.559999999999991,563.1,6.48791183662062,5.0,1,Moving,-0.02,0,0,,562.5,567.7,576.2,1.0
92H-07095,2026-08-03 21:30:00,556.5,71.0,"Cao tốc Phan Thiết - Dầu Giây, Xã Xuân Quế, Tỉnh Đồng Nai",0,0,556.5,5.0,15.0,0,0.0,1,0,0,VALID,2.7999999999999545,0.559999999999991,556.5,5.288478041909656,5.0,1,Moving,-0.01,0,0,,563.2,565.9,565.8,1.0
92H-07095,2026-08-03 21:35:00,558.0,70.0,"Cao tốc Phan Thiết - Dầu Giây, Xã Xuân Quế, Tỉnh Đồng Nai",0,0,558.0,5.0,15.0,0,0.0,1,0,0,VALID,1.5,0.3,556.5,3.4652561232554993,5.0,1,Moving,-0.0033333333333333,0,0,,562.9,564.7,565.5,1.0
92H-07095,2026-08-03 21:40:00,550.1,86.0,"Cao tốc Hồ Chí Minh - Long Thành - Dầu Giây, Xã Xuân Quế, Tỉnh Đồng Na",0,0,550.1,5.0,15.0,0,0.0,1,0,0,VALID,-7.899999999999977,-1.5799999999999954,556.5,3.1301757138789577,5.0,1,Moving,0.0533333333333333,0,0,,557.8,561.9,564.7,1.0
92H-07095,2026-08-03 21:45:00,549.3,84.0,"Cao tốc Hồ Chí Minh - Long Thành - Dầu Giây, Xã Long Thành, Tỉnh Đồng ",0,0,549.3,5.0,15.0,0,0.0,1,0,0,VALID,-0.8000000000000682,-0.1600000000000136,553.7,3.8238723827759395,5.0,1,Moving,-0.0066666666666666,0,0,,556.5,559.8,563.9,1.0
92H-07095,2026-08-03 21:50:00,549.6,60.0,"Cao tốc Long Thành - Dầu Giây, Xã Long Thành, Tỉnh Đồng Nai",0,0,549.6,5.0,15.0,0,0.0,1,0,0,VALID,0.3000000000000682,0.0600000000000136,550.1,4.197022754257574,5.0,1,Moving,-0.08,0,0,,555.3,558.0,563.1,1.0
92H-07095,2026-08-03 21:55:00,549.0,8.0,"Trường Chinh, Xã Long Thành, Tỉnh Đồng Nai",0,0,549.0,5.0,15.0,0,0.0,1,0,0,VALID,-0.6000000000000227,-0.1200000000000045,549.6,3.822956970690982,5.0,1,Moving,-0.1733333333333333,0,0,,554.1,556.4,562.2,1.0
92H-07095,2026-08-03 22:00:00,544.0,50.0,"Trường Chinh, Xã Long Thành, Tỉnh Đồng Nai",0,0,544.0,5.0,15.0,0,0.0,1,0,0,VALID,-5.0,-1.0,549.3,2.4929901724140113,5.0,1,Moving,0.14,0,0,,550.1,553.9,560.3,1.0
92H-07095,2026-08-03 22:05:00,543.3,30.0,"Quốc Lộ 51, Xã An Phước, Tỉnh Đồng Nai",0,0,543.3,5.0,15.0,0,0.0,1,0,0,VALID,-0.7000000000000455,-0.1400000000000091,549.0,3.11175191809245,5.0,1,Moving,-0.0666666666666666,0,0,,548.5,551.7,558.6,1.0
92H-07095,2026-08-03 22:10:00,542.1,18.0,"Quốc Lộ 51, Xã An Phước, Tỉnh Đồng Nai",0,0,542.1,5.0,15.0,0,0.0,1,0,0,VALID,-1.1999999999999318,-0.2399999999999863,544.0,3.4518111187826004,5.0,1,Moving,-0.04,0,0,,547.3,550.0,557.4,1.0
92H-07095,2026-08-03 22:15:00,542.9,47.0,"Quốc Lộ 51, Phường Phước Tân, Tỉnh Đồng Nai",0,0,542.9,5.0,15.0,0,0.0,1,0,0,VALID,0.7999999999999545,0.1599999999999909,543.3,2.737334469835641,5.0,1,Moving,0.0966666666666666,0,0,,548.5,549.4,556.5,1.0
92H-07095,2026-08-03 22:20:00,542.3,0.0,"Quốc Lộ 51, Phường Phước Tân, Tỉnh Đồng Nai",0,0,542.3,5.0,15.0,0,0.0,1,0,0,VALID,-0.6000000000000227,-0.1200000000000045,542.9,0.7694153623041247,5.0,1,Stopped,-0.1566666666666666,0,0,,547.6,548.7,555.7,0.0
92H-07095,2026-08-03 22:25:00,540.7,0.0,"Quốc Lộ 51, Phường Long Hưng, Tỉnh Đồng Nai",0,0,540.7,5.0,15.0,0,0.0,1,0,0,VALID,-1.599999999999909,-0.3199999999999818,542.3,0.9939818910569255,5.0,1,Stopped,0.0,0,0,,544.8,547.1,554.6,0.0
92H-07095,2026-08-03 22:30:00,534.3,31.0,"Cầu Đồng Nai, Phường Trấn Biên, Tỉnh Đồng Nai",0,0,534.3,5.0,15.0,0,0.0,1,0,0,VALID,-6.400000000000091,-1.2800000000000182,542.1,3.5366650957856374,5.0,1,Moving,0.1033333333333333,0,0,,540.1,544.3,552.4,1.0
92H-07095,2026-08-03 22:35:00,534.2,34.0,"Phường Đông Hòa, TP Hồ Chí Minh",0,0,534.2,5.0,15.0,0,0.0,1,0,0,VALID,-0.099999999999909,-0.0199999999999818,540.7,4.3025573790186025,5.0,1,Moving,0.01,0,0,,540.5,542.8,550.6,1.0
92H-07095,2026-08-03 22:40:00,532.1,20.0,"Cao Tốc Mỹ Phước - Tân Vạn, Phường Đông Hòa, TP Hồ Chí Minh",0,0,532.1,5.0,15.0,0,0.0,1,0,0,VALID,-2.1000000000000227,-0.4200000000000045,534.3,4.4868697328701606,5.0,1,Moving,-0.0466666666666666,0,0,,538.1,540.9,540.6,1.0
92H-07095,2026-08-03 22:45:00,535.5,0.0,"Cao Tốc Mỹ Phước - Tân Vạn, Phường Tân Đông Hiệp, TP Hồ Chí Minh",0,0,535.5,5.0,15.0,0,0.0,1,0,0,VALID,3.3999999999999773,0.6799999999999955,534.3,3.226143208189292,5.0,1,Stopped,-0.0666666666666666,0,0,,538.8,540.1,540.4,0.0
92H-07095,2026-08-03 22:50:00,527.6,39.0,"Cao Tốc Mỹ Phước - Tân Vạn, Phường Tân Đông Hiệp, TP Hồ Chí Minh",0,0,527.6,5.0,15.0,0,0.0,1,0,0,VALID,-7.899999999999977,-1.5799999999999954,534.2,3.1229793466728215,5.0,1,Moving,0.13,0,0,,533.4,537.4,539.7,1.0
92H-07095,2026-08-03 22:55:00,529.1,0.0,"Cao Tốc Mỹ Phước - Tân Vạn, Phường An Phú, TP Hồ Chí Minh",0,0,529.1,5.0,15.0,0,0.0,1,0,0,VALID,1.5,0.3,532.1,3.3324165405520376,5.0,1,Stopped,-0.13,0,0,,534.6,536.3,539.2,0.0
92H-07095,2026-08-03 23:00:00,533.3,27.0,"Tỉnh Lộ 743, Phường An Phú, TP Hồ Chí Minh",0,0,533.3,5.0,15.0,0,0.0,1,0,0,VALID,4.199999999999932,0.8399999999999863,532.1,3.184650687241011,5.0,1,Moving,0.09,0,0,,536.6,536.4,538.9,1.0
92H-07095,2026-08-03 23:05:00,529.8,47.0,"Tỉnh Lộ 745, Phường Tân Khánh, TP Hồ Chí Minh",0,0,529.8,5.0,15.0,0,0.0,1,0,0,VALID,-3.5,-0.7,529.8,3.2454583651226594,5.0,1,Moving,0.0666666666666666,0,0,,534.5,535.6,538.5,1.0
92H-07095,2026-08-03 23:10:00,521.9,0.0,"Tỉnh Lộ 745, Phường Tân Hiệp, TP Hồ Chí Minh",0,0,521.9,5.0,15.0,0,0.0,1,0,0,VALID,-7.899999999999977,-1.5799999999999954,529.1,4.163291966670642,5.0,1,Stopped,-0.1566666666666666,0,0,,528.2,532.7,537.5,0.0
92H-07095,2026-08-03 23:15:00,520.8,47.0,"Tỉnh Lộ 745, Phường Tân Hiệp, TP Hồ Chí Minh",0,0,520.8,5.0,15.0,0,0.0,1,0,0,VALID,-1.1000000000000227,-0.2200000000000045,529.1,5.394163512514625,5.0,1,Moving,0.1566666666666666,0,0,,526.3,530.1,536.4,1.0
92H-07095,2026-08-03 23:20:00,519.4,55.0,"Tỉnh Lộ 745, Phường Tân Uyên, TP Hồ Chí Minh",0,0,519.4,5.0,15.0,0,0.0,1,0,0,VALID,-1.3999999999999773,-0.2799999999999955,521.9,6.1345741498284525,5.0,1,Moving,0.0266666666666666,0,0,,525.0,528.1,535.2,1.0
92H-07095,2026-08-03 23:25:00,518.5,45.0,"Tỉnh Lộ 747, Phường Bình Cơ, TP Hồ Chí Minh",0,0,518.5,5.0,15.0,0,0.0,1,0,0,VALID,-0.8999999999999773,-0.1799999999999954,520.8,4.507438296831416,5.0,1,Moving,-0.0333333333333333,0,0,,524.2,526.5,534.1,1.0
92H-07095,2026-08-03 23:30:00,517.0,51.0,"Tỉnh Lộ 747, Phường Bình Cơ, TP Hồ Chí Minh",0,0,517.0,5.0,15.0,0,0.0,1,0,0,VALID,-1.5,-0.3,519.4,1.9175505207794148,5.0,1,Moving,0.02,0,0,,523.2,525.2,533.0,1.0
92H-07095,2026-08-03 23:35:00,516.1,45.0,"Tỉnh Lộ 747, Phường Bình Cơ, TP Hồ Chí Minh",0,0,516.1,5.0,15.0,0,0.0,1,0,0,VALID,-0.8999999999999773,-0.1799999999999954,518.5,1.871630305306247,5.0,1,Moving,-0.02,0,0,,521.1,523.6,531.2,1.0
92H-07095,2026-08-03 23:40:00,517.3,40.0,"Tỉnh Lộ 741, Xã Phước Hòa, TP Hồ Chí Minh",0,0,517.3,5.0,15.0,0,0.0,1,0,0,VALID,1.1999999999999318,0.2399999999999863,517.3,1.29730489852636,5.0,1,Moving,-0.0166666666666666,0,0,,522.4,523.1,530.4,1.0
92H-07095,2026-08-03 23:45:00,516.0,21.0,Trạm Số 1 (ĐT 741),0,0,516.0,5.0,15.0,0,0.0,1,0,0,VALID,-1.2999999999999543,-0.2599999999999909,517.0,1.0183319693205302,5.0,1,Moving,-0.0633333333333333,0,0,,521.7,522.5,529.5,1.0
92H-07095,2026-08-03 23:50:00,511.9,44.0,"Tỉnh Lộ 741, Xã Phước Hòa, TP Hồ Chí Minh",0,0,511.9,5.0,15.0,0,0.0,1,0,0,VALID,-4.100000000000023,-0.8200000000000045,516.1,2.175545908442167,5.0,1,Moving,0.0766666666666666,0,0,,518.4,520.9,528.4,1.0
92H-07095,2026-08-03 23:55:00,506.3,31.0,"Tỉnh Lộ 741, Xã Phước Hòa, TP Hồ Chí Minh",0,0,506.3,5.0,15.0,0,0.0,1,0,0,VALID,-5.599999999999966,-1.1199999999999932,516.0,4.5234942245722065,5.0,1,Moving,-0.0433333333333333,0,0,,512.4,517.5,526.0,1.0
92H-07095,2026-08-04 00:00:00,510.3,34.0,"Tỉnh Lộ 741, Xã Phước Hòa, TP Hồ Chí Minh",0,0,510.3,5.0,15.0,0,0.0,1,0,0,VALID,4.0,0.8,511.9,4.439369324547943,5.0,1,Moving,0.01,0,0,,514.9,516.5,524.9,1.0
92H-07095,2026-08-04 00:05:00,506.6,43.0,"Tỉnh Lộ 741, Xã Phú Giáo, TP Hồ Chí Minh",0,0,506.6,5.0,15.0,0,0.0,1,0,0,VALID,-3.6999999999999886,-0.7399999999999978,510.3,4.022064146646051,5.0,1,Moving,0.03,0,0,,512.1,514.7,523.0,1.0
92H-07095,2026-08-04 00:10:00,504.2,39.0,"Tỉnh Lộ 741, Xã Phú Giáo, TP Hồ Chí Minh",0,0,504.2,5.0,15.0,0,0.0,1,0,0,VALID,-2.400000000000034,-0.4800000000000068,506.6,3.150079364037344,5.0,1,Moving,-0.0133333333333333,0,0,,510.7,513.1,521.1,1.0
92H-07095,2026-08-04 00:15:00,503.6,46.0,"Tỉnh Lộ 741, Xã Phú Giáo, TP Hồ Chí Minh",0,0,503.6,5.0,15.0,0,0.0,1,0,0,VALID,-0.5999999999999659,-0.1199999999999931,506.3,2.63343881640202,5.0,1,Moving,0.0233333333333333,0,0,,509.5,511.7,511.8,1.0
92H-07095,2026-08-04 00:20:00,502.5,0.0,"Xã Phú Giáo, TP Hồ Chí Minh",0,0,502.5,5.0,15.0,0,0.0,1,0,0,VALID,-1.1000000000000227,-0.2200000000000045,504.2,3.103707460398361,5.0,1,Stopped,-0.1533333333333333,0,0,,508.1,510.2,511.5,0.0
92H-07095,2026-08-04 00:25:00,502.5,0.0,"Xã Phú Giáo, TP Hồ Chí Minh",0,0,502.5,5.0,15.0,0,0.0,1,0,0,VALID,0.0,0.0,503.6,1.6873055442721303,5.0,1,Stopped,0.0,0,0,,508.0,509.3,511.1,0.0
92H-07095,2026-08-04 00:30:00,502.5,0.0,"Xã Phú Giáo, TP Hồ Chí Minh",0,0,502.5,5.0,15.0,0,0.0,1,0,0,VALID,0.0,0.0,502.5,0.7956129710675639,5.0,1,Stopped,0.0,0,0,,507.1,508.4,510.7,0.0
92H-07095,2026-08-04 00:35:00,502.5,0.0,"Xã Phú Giáo, TP Hồ Chí Minh",0,0,502.5,5.0,15.0,0,0.0,1,0,0,VALID,0.0,0.0,502.5,0.4919349547763247,5.0,1,Stopped,0.0,0,0,,505.7,507.3,510.2,0.0
92H-07095,2026-08-04 00:40:00,502.5,0.0,"Xã Phú Giáo, TP Hồ Chí Minh",0,0,502.5,5.0,15.0,0,0.0,1,0,0,VALID,0.0,0.0,502.5,0.0,5.0,1,Stopped,0.0,0,0,,504.7,506.3,509.7,0.0
92H-07095,2026-08-04 00:45:00,502.5,0.0,"Xã Phú Giáo, TP Hồ Chí Minh",0,0,502.5,5.0,15.0,0,0.0,1,0,0,VALID,0.0,0.0,502.5,0.0,5.0,1,Stopped,0.0,0,0,,505.1,505.8,509.2,0.0
92H-07095,2026-08-04 00:50:00,502.5,0.0,"Xã Phú Giáo, TP Hồ Chí Minh",0,0,502.5,5.0,15.0,0,0.0,1,0,0,VALID,0.0,0.0,502.5,0.0,5.0,1,Stopped,0.0,0,0,,504.1,505.1,508.7,0.0
92H-07095,2026-08-04 00:55:00,502.5,0.0,"Xã Phú Giáo, TP Hồ Chí Minh",0,0,502.5,5.0,15.0,0,0.0,1,0,0,VALID,0.0,0.0,502.5,0.0,5.0,1,Stopped,0.0,0,0,,503.3,504.4,508.2,0.0
92H-07095,2026-08-04 01:02:00,502.5,0.0,"Xã Phú Giáo, TP Hồ Chí Minh",0,0,502.5,7.0,15.0,0,0.0,1,0,0,VALID,0.0,0.0,502.5,0.0,5.0,1,Stopped,0.0,0,0,,502.5,503.6,507.6,0.0
92H-07095,2026-08-04 01:07:00,502.5,0.0,"Xã Phú Giáo, TP Hồ Chí Minh",0,0,502.5,5.0,15.0,0,0.0,1,0,0,VALID,0.0,0.0,502.5,0.0,5.0,1,Stopped,0.0,0,0,,502.5,503.2,507.1,0.0
92H-07095,2026-08-04 01:10:00,502.5,0.0,"Xã Phú Giáo, TP Hồ Chí Minh",0,0,502.5,3.0,15.0,0,0.0,1,0,0,VALID,0.0,0.0,502.5,0.0,5.0,1,Stopped,0.0,0,0,,502.5,502.9,506.6,0.0
92H-07095,2026-08-04 01:15:00,502.5,0.0,"Xã Phú Giáo, TP Hồ Chí Minh",0,0,502.5,5.0,15.0,0,0.0,1,0,0,VALID,0.0,0.0,502.5,0.0,5.0,1,Stopped,0.0,0,0,,502.5,502.7,506.2,0.0
92H-07095,2026-08-04 01:20:00,502.5,0.0,"Xã Phú Giáo, TP Hồ Chí Minh",0,0,502.5,5.0,15.0,0,0.0,1,0,0,VALID,0.0,0.0,502.5,0.0,5.0,1,Stopped,0.0,0,0,,502.5,502.6,505.8,0.0
92H-07095,2026-08-04 01:25:00,502.5,0.0,"Xã Phú Giáo, TP Hồ Chí Minh",0,0,502.5,5.0,15.0,0,0.0,1,0,0,VALID,0.0,0.0,502.5,0.0,5.0,1,Stopped,0.0,0,0,,502.5,502.6,505.5,0.0
92H-07095,2026-08-04 01:30:00,502.5,0.0,"Xã Phú Giáo, TP Hồ Chí Minh",0,0,502.5,5.0,15.0,0,0.0,1,0,0,VALID,0.0,0.0,502.5,0.0,5.0,1,Stopped,0.0,0,0,,502.5,502.6,505.2,0.0
92H-07095,2026-08-04 01:35:00,502.5,0.0,"Xã Phú Giáo, TP Hồ Chí Minh",0,0,502.5,5.0,15.0,0,0.0,1,0,0,VALID,0.0,0.0,502.5,0.0,5.0,1,Stopped,0.0,0,0,,502.5,502.5,504.9,0.0
92H-07095,2026-08-04 01:40:00,502.5,0.0,"Xã Phú Giáo, TP Hồ Chí Minh",0,0,502.5,5.0,15.0,0,0.0,1,0,0,VALID,0.0,0.0,502.5,0.0,5.0,1,Stopped,0.0,0,0,,502.5,502.5,504.7,0.0
92H-07095,2026-08-04 01:45:00,502.5,0.0,"Xã Phú Giáo, TP Hồ Chí Minh",0,0,502.5,5.0,15.0,0,0.0,1,0,0,VALID,0.0,0.0,502.5,0.0,5.0,1,Stopped,0.0,0,0,,502.5,502.5,504.5,0.0
92H-07095,2026-08-04 01:50:00,502.5,0.0,"Xã Phú Giáo, TP Hồ Chí Minh",0,0,502.5,5.0,15.0,0,0.0,1,0,0,VALID,0.0,0.0,502.5,0.0,5.0,1,Stopped,0.0,0,0,,502.5,502.5,504.3,0.0
92H-07095,2026-08-04 01:55:00,502.5,0.0,"Xã Phú Giáo, TP Hồ Chí Minh",0,0,502.5,5.0,15.0,0,0.0,1,0,0,VALID,0.0,0.0,502.5,0.0,5.0,1,Stopped,0.0,0,0,,502.5,502.5,504.1,0.0
92H-07095,2026-08-04 02:00:00,502.5,0.0,"Xã Phú Giáo, TP Hồ Chí Minh",0,0,502.5,5.0,15.0,0,0.0,1,0,0,VALID,0.0,0.0,502.5,0.0,5.0,1,Stopped,0.0,0,0,,502.5,502.5,503.9,0.0
92H-07095,2026-08-04 02:05:00,502.5,0.0,"Xã Phú Giáo, TP Hồ Chí Minh",0,0,502.5,5.0,15.0,0,0.0,1,0,0,VALID,0.0,0.0,502.5,0.0,5.0,1,Stopped,0.0,0,0,,502.5,502.5,503.8,0.0
92H-07095,2026-08-04 02:10:00,502.5,0.0,"Xã Phú Giáo, TP Hồ Chí Minh",0,0,502.5,5.0,15.0,0,0.0,1,0,0,VALID,0.0,0.0,502.5,0.0,5.0,1,Stopped,0.0,0,0,,502.5,502.5,503.7,0.0
92H-07095,2026-08-04 02:15:00,502.5,0.0,"Xã Phú Giáo, TP Hồ Chí Minh",0,0,502.5,5.0,15.0,0,0.0,1,0,0,VALID,0.0,0.0,502.5,0.0,5.0,1,Stopped,0.0,0,0,,502.5,502.5,503.5,0.0
92H-07095,2026-08-04 02:20:00,502.5,0.0,"Xã Phú Giáo, TP Hồ Chí Minh",0,0,502.5,5.0,15.0,0,0.0,1,0,0,VALID,0.0,0.0,502.5,0.0,5.0,1,Stopped,0.0,0,0,,502.5,502.5,503.4,0.0
92H-07095,2026-08-04 02:25:00,502.5,0.0,"Xã Phú Giáo, TP Hồ Chí Minh",0,0,502.5,5.0,15.0,0,0.0,1,0,0,VALID,0.0,0.0,502.5,0.0,5.0,1,Stopped,0.0,0,0,,502.5,502.5,503.3,0.0
92H-07095,2026-08-04 02:30:00,502.5,0.0,"Xã Phú Giáo, TP Hồ Chí Minh",0,0,502.5,5.0,15.0,0,0.0,1,0,0,VALID,0.0,0.0,502.5,0.0,5.0,1,Stopped,0.0,0,0,,502.5,502.5,503.3,0.0
92H-07095,2026-08-04 02:35:00,502.5,0.0,"Xã Phú Giáo, TP Hồ Chí Minh",0,0,502.5,5.0,15.0,0,0.0,1,0,0,VALID,0.0,0.0,502.5,0.0,5.0,1,Stopped,0.0,0,0,,502.5,502.5,503.2,0.0
92H-07095,2026-08-04 02:40:00,502.5,0.0,"Xã Phú Giáo, TP Hồ Chí Minh",0,0,502.5,5.0,15.0,0,0.0,1,0,0,VALID,0.0,0.0,502.5,0.0,5.0,1,Stopped,0.0,0,0,,502.5,502.5,503.1,0.0
92H-07095,2026-08-04 02:45:00,502.5,0.0,"Xã Phú Giáo, TP Hồ Chí Minh",0,0,502.5,5.0,15.0,0,0.0,1,0,0,VALID,0.0,0.0,502.5,0.0,5.0,1,Stopped,0.0,0,0,,502.5,502.5,503.1,0.0
92H-07095,2026-08-04 02:50:00,502.5,0.0,"Xã Phú Giáo, TP Hồ Chí Minh",0,0,502.5,5.0,15.0,0,0.0,1,0,0,VALID,0.0,0.0,502.5,0.0,5.0,1,Stopped,0.0,0,0,,502.5,502.5,503.0,0.0
92H-07095,2026-08-04 02:55:00,502.5,0.0,"Xã Phú Giáo, TP Hồ Chí Minh",0,0,502.5,5.0,15.0,0,0.0,1,0,0,VALID,0.0,0.0,502.5,0.0,5.0,1,Stopped,0.0,0,0,,502.5,502.5,503.0,0.0
92H-07095,2026-08-04 03:00:00,502.5,0.0,"Xã Phú Giáo, TP Hồ Chí Minh",0,0,502.5,5.0,15.0,0,0.0,1,0,0,VALID,0.0,0.0,502.5,0.0,5.0,1,Stopped,0.0,0,0,,502.5,502.5,502.9,0.0
92H-07095,2026-08-04 03:05:00,502.5,0.0,"Xã Phú Giáo, TP Hồ Chí Minh",0,0,502.5,5.0,15.0,0,0.0,1,0,0,VALID,0.0,0.0,502.5,0.0,5.0,1,Stopped,0.0,0,0,,502.5,502.5,502.9,0.0
92H-07095,2026-08-04 03:10:00,502.5,0.0,"Xã Phú Giáo, TP Hồ Chí Minh",0,0,502.5,5.0,15.0,0,0.0,1,0,0,VALID,0.0,0.0,502.5,0.0,5.0,1,Stopped,0.0,0,0,,502.5,502.5,502.8,0.0
92H-07095,2026-08-04 03:15:00,502.5,0.0,"Xã Phú Giáo, TP Hồ Chí Minh",0,0,502.5,5.0,15.0,0,0.0,1,0,0,VALID,0.0,0.0,502.5,0.0,5.0,1,Stopped,0.0,0,0,,502.5,502.5,502.8,0.0
92H-07095,2026-08-04 03:20:00,502.5,0.0,"Xã Phú Giáo, TP Hồ Chí Minh",0,0,502.5,5.0,15.0,0,0.0,1,0,0,VALID,0.0,0.0,502.5,0.0,5.0,1,Stopped,0.0,0,0,,502.5,502.5,502.8,0.0
92H-07095,2026-08-04 03:25:00,502.5,0.0,"Xã Phú Giáo, TP Hồ Chí Minh",0,0,502.5,5.0,15.0,0,0.0,1,0,0,VALID,0.0,0.0,502.5,0.0,5.0,1,Stopped,0.0,0,0,,502.5,502.5,502.7,0.0
92H-07095,2026-08-04 03:30:00,502.5,0.0,"Xã Phú Giáo, TP Hồ Chí Minh",0,0,502.5,5.0,15.0,0,0.0,1,0,0,VALID,0.0,0.0,502.5,0.0,5.0,1,Stopped,0.0,0,0,,502.5,502.5,502.7,0.0
92H-07095,2026-08-04 03:35:00,502.5,0.0,"Xã Phú Giáo, TP Hồ Chí Minh",0,0,502.5,5.0,15.0,0,0.0,1,0,0,VALID,0.0,0.0,502.5,0.0,5.0,1,Stopped,0.0,0,0,,502.5,502.5,502.7,0.0
92H-07095,2026-08-04 03:40:00,502.5,0.0,"Xã Phú Giáo, TP Hồ Chí Minh",0,0,502.5,5.0,15.0,0,0.0,1,0,0,VALID,0.0,0.0,502.5,0.0,5.0,1,Stopped,0.0,0,0,,502.5,502.5,502.7,0.0
92H-07095,2026-08-04 03:45:00,502.5,0.0,"Xã Phú Giáo, TP Hồ Chí Minh",0,0,502.5,5.0,15.0,0,0.0,1,0,0,VALID,0.0,0.0,502.5,0.0,5.0,1,Stopped,0.0,0,0,,502.5,502.5,502.7,0.0
92H-07095,2026-08-04 03:50:00,502.5,0.0,"Xã Phú Giáo, TP Hồ Chí Minh",0,0,502.5,5.0,15.0,0,0.0,1,0,0,VALID,0.0,0.0,502.5,0.0,5.0,1,Stopped,0.0,0,0,,502.5,502.5,502.6,0.0
92H-07095,2026-08-04 03:55:00,502.5,0.0,"Xã Phú Giáo, TP Hồ Chí Minh",0,0,502.5,5.0,15.0,0,0.0,1,0,0,VALID,0.0,0.0,502.5,0.0,5.0,1,Stopped,0.0,0,0,,502.5,502.5,502.6,0.0
92H-07095,2026-08-04 04:00:00,502.5,0.0,"Xã Phú Giáo, TP Hồ Chí Minh",0,0,502.5,5.0,15.0,0,0.0,1,0,0,VALID,0.0,0.0,502.5,0.0,5.0,1,Stopped,0.0,0,0,,502.5,502.5,502.6,0.0
92H-07095,2026-08-04 04:05:00,502.5,0.0,"Xã Phú Giáo, TP Hồ Chí Minh",0,0,502.5,5.0,15.0,0,0.0,1,0,0,VALID,0.0,0.0,502.5,0.0,5.0,1,Stopped,0.0,0,0,,502.5,502.5,502.6,0.0
92H-07095,2026-08-04 04:10:00,502.5,0.0,"Xã Phú Giáo, TP Hồ Chí Minh",0,0,502.5,5.0,15.0,0,0.0,1,0,0,VALID,0.0,0.0,502.5,0.0,5.0,1,Stopped,0.0,0,0,,502.5,502.5,502.6,0.0
92H-07095,2026-08-04 04:15:00,502.5,0.0,"Xã Phú Giáo, TP Hồ Chí Minh",0,0,502.5,5.0,15.0,0,0.0,1,0,0,VALID,0.0,0.0,502.5,0.0,5.0,1,Stopped,0.0,0,0,,502.5,502.5,502.6,0.0
92H-07095,2026-08-04 04:20:00,502.6,0.0,"Xã Phú Giáo, TP Hồ Chí Minh",0,0,502.6,5.0,15.0,0,0.0,1,0,0,VALID,0.1000000000000227,0.0200000000000045,502.5,0.04472135653889144,5.0,1,Stopped,0.0,0,0,,502.6,502.5,502.6,0.0
92H-07095,2026-08-04 04:25:00,502.6,0.0,"Xã Phú Giáo, TP Hồ Chí Minh",0,0,502.6,5.0,15.0,0,0.0,1,0,0,VALID,0.0,0.0,502.5,0.054772253292059085,5.0,1,Stopped,0.0,0,0,,502.6,502.6,502.6,0.0
92H-07095,2026-08-04 04:30:00,502.6,0.0,"Xã Phú Giáo, TP Hồ Chí Minh",0,0,502.6,5.0,15.0,0,0.0,1,0,0,VALID,0.0,0.0,502.6,0.05477225329216286,5.0,1,Stopped,0.0,0,0,,502.6,502.6,502.6,0.0
92H-07095,2026-08-04 04:35:00,502.6,0.0,"Xã Phú Giáo, TP Hồ Chí Minh",0,0,502.6,5.0,15.0,0,0.0,1,0,0,VALID,0.0,0.0,502.6,0.044721356539272755,5.0,1,Stopped,0.0,0,0,,502.6,502.6,502.6,0.0
92H-07095,2026-08-04 04:40:00,502.6,0.0,"Xã Phú Giáo, TP Hồ Chí Minh",0,0,502.6,5.0,15.0,0,0.0,1,0,0,VALID,0.0,0.0,502.6,0.0,5.0,1,Stopped,0.0,0,0,,502.6,502.6,502.6,0.0
92H-07095,2026-08-04 04:45:00,502.6,0.0,"Xã Phú Giáo, TP Hồ Chí Minh",0,0,502.6,5.0,15.0,0,0.0,1,0,0,VALID,0.0,0.0,502.6,0.0,5.0,1,Stopped,0.0,0,0,,502.6,502.6,502.6,0.0
92H-07095,2026-08-04 04:50:00,502.6,0.0,"Xã Phú Giáo, TP Hồ Chí Minh",0,0,502.6,5.0,15.0,0,0.0,1,0,0,VALID,0.0,0.0,502.6,0.0,5.0,1,Stopped,0.0,0,0,,502.6,502.6,502.6,0.0
92H-07095,2026-08-04 04:55:00,502.6,0.0,"Xã Phú Giáo, TP Hồ Chí Minh",0,0,502.6,5.0,15.0,0,0.0,1,0,0,VALID,0.0,0.0,502.6,0.0,5.0,1,Stopped,0.0,0,0,,502.6,502.6,502.6,0.0
92H-07095,2026-08-04 05:00:00,502.6,0.0,"Xã Phú Giáo, TP Hồ Chí Minh",0,0,502.6,5.0,15.0,0,0.0,1,0,0,VALID,0.0,0.0,502.6,0.0,5.0,1,Stopped,0.0,0,0,,502.6,502.6,502.6,0.0
92H-07095,2026-08-04 05:05:00,502.6,0.0,"Xã Phú Giáo, TP Hồ Chí Minh",0,0,502.6,5.0,15.0,0,0.0,1,0,0,VALID,0.0,0.0,502.6,0.0,5.0,1,Stopped,0.0,0,0,,502.6,502.6,502.6,0.0
92H-07095,2026-08-04 05:10:00,502.6,0.0,"Xã Phú Giáo, TP Hồ Chí Minh",0,0,502.6,5.0,15.0,0,0.0,1,0,0,VALID,0.0,0.0,502.6,0.0,5.0,1,Stopped,0.0,0,0,,502.6,502.6,502.6,0.0
92H-07095,2026-08-04 05:15:00,502.6,0.0,"Xã Phú Giáo, TP Hồ Chí Minh",0,0,502.6,5.0,15.0,0,0.0,1,0,0,VALID,0.0,0.0,502.6,0.0,5.0,1,Stopped,0.0,0,0,,502.6,502.6,502.6,0.0
92H-07095,2026-08-04 05:20:00,502.6,0.0,"Xã Phú Giáo, TP Hồ Chí Minh",0,0,502.6,5.0,15.0,0,0.0,1,0,0,VALID,0.0,0.0,502.6,0.0,5.0,1,Stopped,0.0,0,0,,502.6,502.6,502.6,0.0
92H-07095,2026-08-04 05:25:00,502.6,0.0,"Xã Phú Giáo, TP Hồ Chí Minh",0,0,502.6,5.0,15.0,0,0.0,1,0,0,VALID,0.0,0.0,502.6,0.0,5.0,1,Stopped,0.0,0,0,,502.6,502.6,502.6,0.0
92H-07095,2026-08-04 05:30:00,502.6,0.0,"Xã Phú Giáo, TP Hồ Chí Minh",0,0,502.6,5.0,15.0,0,0.0,1,0,0,VALID,0.0,0.0,502.6,0.0,5.0,1,Stopped,0.0,0,0,,502.6,502.6,502.6,0.0
92H-07095,2026-08-04 05:35:00,502.6,0.0,"Xã Phú Giáo, TP Hồ Chí Minh",0,0,502.6,5.0,15.0,0,0.0,1,0,0,VALID,0.0,0.0,502.6,0.0,5.0,1,Stopped,0.0,0,0,,502.6,502.6,502.6,0.0
92H-07095,2026-08-04 05:40:00,502.6,0.0,"Xã Phú Giáo, TP Hồ Chí Minh",0,0,502.6,5.0,15.0,0,0.0,1,0,0,VALID,0.0,0.0,502.6,0.0,5.0,1,Stopped,0.0,0,0,,502.6,502.6,502.6,0.0
92H-07095,2026-08-04 05:45:00,502.6,0.0,"Xã Phú Giáo, TP Hồ Chí Minh",0,0,502.6,5.0,15.0,0,0.0,1,0,0,VALID,0.0,0.0,502.6,0.0,5.0,1,Stopped,0.0,0,0,,502.6,502.6,502.6,0.0
92H-07095,2026-08-04 05:50:00,502.6,0.0,"Xã Phú Giáo, TP Hồ Chí Minh",0,0,502.6,5.0,15.0,0,0.0,1,0,0,VALID,0.0,0.0,502.6,0.0,5.0,1,Stopped,0.0,0,0,,502.6,502.6,502.6,0.0
92H-07095,2026-08-04 05:55:00,502.6,0.0,"Xã Phú Giáo, TP Hồ Chí Minh",0,0,502.6,5.0,15.0,0,0.0,1,0,0,VALID,0.0,0.0,502.6,0.0,5.0,1,Stopped,0.0,0,0,,502.6,502.6,502.6,0.0
92H-07095,2026-08-04 06:00:00,502.6,0.0,"Xã Phú Giáo, TP Hồ Chí Minh",0,0,502.6,5.0,15.0,0,0.0,1,0,0,VALID,0.0,0.0,502.6,0.0,5.0,1,Stopped,0.0,0,0,,502.6,502.6,502.6,0.0
92H-07095,2026-08-04 06:05:00,502.6,0.0,"Xã Phú Giáo, TP Hồ Chí Minh",0,0,502.6,5.0,15.0,0,0.0,1,0,0,VALID,0.0,0.0,502.6,0.0,5.0,1,Stopped,0.0,0,0,,502.6,502.6,502.6,0.0
92H-07095,2026-08-04 06:10:00,502.8,55.0,"Tỉnh Lộ 741, Xã Đồng Phú, Tỉnh Đồng Nai",0,0,502.8,5.0,15.0,0,0.0,1,0,0,VALID,0.1999999999999886,0.0399999999999977,502.6,0.08944271759484397,5.0,1,Moving,0.1833333333333333,0,0,,502.8,502.7,502.6,1.0
92H-07095,2026-08-04 06:15:00,503.4,0.0,"Tỉnh Lộ 741, Xã Đồng Phú, Tỉnh Đồng Nai",0,0,503.4,5.0,15.0,0,0.0,1,0,0,VALID,0.5999999999999659,0.1199999999999931,502.6,0.3464101611252868,5.0,1,Stopped,-0.1833333333333333,0,0,,503.4,503.0,502.7,0.0
92H-07095,2026-08-04 06:20:00,499.1,53.0,"Tỉnh Lộ 741, Xã Đồng Phú, Tỉnh Đồng Nai",0,0,499.1,5.0,15.0,0,0.0,1,0,0,VALID,-4.2999999999999545,-0.8599999999999909,502.6,1.7088007489846089,5.0,1,Moving,0.1766666666666666,0,0,,501.1,502.2,502.5,1.0
92H-07095,2026-08-04 06:25:00,494.4,55.0,"Cách Mạng Tháng 8, Xã Đồng Phú, Tỉnh Đồng Nai",0,0,494.4,5.0,15.0,0,0.0,1,0,0,VALID,-4.7000000000000455,-0.940000000000009,502.6,3.783913318210315,5.0,1,Moving,0.0066666666666666,0,0,,497.7,500.4,502.1,1.0
92H-07095,2026-08-04 06:30:00,495.0,56.0,"Tỉnh Lộ 741, Xã Đồng Phú, Tỉnh Đồng Nai",0,0,495.0,5.0,15.0,0,0.0,1,0,0,VALID,0.6000000000000227,0.1200000000000045,499.1,4.211650507785321,5.0,1,Moving,0.0033333333333333,0,0,,498.5,499.6,501.7,1.0
92H-07095,2026-08-04 06:35:00,489.8,55.0,"Tỉnh Lộ 741, Phường Bình Phước, Tỉnh Đồng Nai",0,0,489.8,5.0,15.0,0,0.0,1,0,0,VALID,-5.199999999999989,-1.0399999999999978,495.0,5.142761903853447,5.0,1,Moving,-0.0033333333333333,0,0,,494.7,497.7,501.0,1.0
92H-07095,2026-08-04 06:40:00,490.3,37.0,"Nguyễn Huệ, Phường Bình Phước, Tỉnh Đồng Nai",0,0,490.3,5.0,15.0,0,0.0,1,0,0,VALID,0.5,0.1,494.4,3.8114301777317547,5.0,1,Moving,-0.06,0,0,,495.3,496.7,500.4,1.0
92H-07095,2026-08-04 06:45:00,491.5,31.0,"Nguyễn Huệ, Phường Bình Phước, Tỉnh Đồng Nai",0,0,491.5,5.0,15.0,0,0.0,1,0,0,VALID,1.1999999999999886,0.2399999999999977,491.5,2.373815494035509,5.0,1,Moving,-0.02,0,0,,495.6,496.3,499.9,1.0
92H-07095,2026-08-04 06:50:00,486.6,36.0,"Phú Riềng Đỏ, Phường Bình Phước, Tỉnh Đồng Nai",0,0,486.6,5.0,15.0,0,0.0,1,0,0,VALID,-4.899999999999977,-0.9799999999999954,490.3,3.0369392486057207,5.0,1,Moving,0.0166666666666666,0,0,,492.9,494.9,499.2,1.0
92H-07095,2026-08-04 06:55:00,484.7,49.0,"Tỉnh Lộ 741, Xã Thuận Lợi, Tỉnh Đồng Nai",0,0,484.7,5.0,15.0,0,0.0,1,0,0,VALID,-1.900000000000034,-0.3800000000000068,489.8,2.826128093296611,5.0,1,Moving,0.0433333333333333,0,0,,491.9,493.7,498.5,1.0
92H-07095,2026-08-04 07:00:00,480.0,51.0,"Tỉnh Lộ 741, Xã Thuận Lợi, Tỉnh Đồng Nai",0,0,480.0,5.0,15.0,0,0.0,1,0,0,VALID,-4.699999999999989,-0.9399999999999976,486.6,4.606191485350878,5.0,1,Moving,0.0066666666666666,0,0,,487.8,491.3,497.4,1.0
92H-07095,2026-08-04 07:05:00,479.1,53.0,"Tỉnh Lộ 741, Xã Thuận Lợi, Tỉnh Đồng Nai",0,0,479.1,5.0,15.0,0,0.0,1,0,0,VALID,-0.8999999999999773,-0.1799999999999954,484.7,5.069220847400244,5.0,1,Moving,0.0066666666666666,0,0,,486.3,489.3,496.3,1.0
92H-07095,2026-08-04 07:10:00,489.8,0.0,"Tỉnh Lộ 741, Xã Thuận Lợi, Tỉnh Đồng Nai",0,0,489.8,5.0,15.0,0,0.0,1,0,0,VALID,10.699999999999989,2.139999999999998,484.7,4.496998999301322,5.0,1,Stopped,-0.1766666666666666,1,1,LARGE_DELTA,491.6,490.2,495.9,0.0
92H-07095,2026-08-04 07:15:00,489.8,0.0,"Tỉnh Lộ 741, Xã Thuận Lợi, Tỉnh Đồng Nai",0,0,489.8,5.0,15.0,0,0.0,1,0,0,VALID,0.0,0.0,484.7,5.134880719132396,5.0,1,Stopped,0.0,0,0,,491.5,490.7,495.4,0.0
92H-07095,2026-08-04 07:20:00,489.8,0.0,"Tỉnh Lộ 741, Xã Thuận Lợi, Tỉnh Đồng Nai",0,0,489.8,5.0,15.0,0,0.0,1,0,0,VALID,0.0,0.0,489.8,5.623166367778783,5.0,1,Stopped,0.0,0,0,,490.9,490.8,495.0,0.0
92H-07095,2026-08-04 07:25:00,489.8,0.0,"Tỉnh Lộ 741, Xã Thuận Lợi, Tỉnh Đồng Nai",0,0,489.8,5.0,15.0,0,0.0,1,0,0,VALID,0.0,0.0,489.8,4.785185471820274,5.0,1,Stopped,0.0,0,0,,491.0,490.9,494.6,0.0
92H-07095,2026-08-04 07:30:00,489.8,0.0,"Tỉnh Lộ 741, Xã Thuận Lợi, Tỉnh Đồng Nai",0,0,489.8,5.0,15.0,0,0.0,1,0,0,VALID,0.0,0.0,489.8,0.0,5.0,1,Stopped,0.0,0,0,,490.6,490.8,494.2,0.0
92H-07095,2026-08-04 07:35:00,489.8,0.0,"Tỉnh Lộ 741, Xã Thuận Lợi, Tỉnh Đồng Nai",0,0,489.8,5.0,15.0,0,0.0,1,0,0,VALID,0.0,0.0,489.8,0.0,5.0,1,Stopped,0.0,0,0,,489.2,490.1,493.7,0.0
92H-07095,2026-08-04 07:40:00,489.8,0.0,"Tỉnh Lộ 741, Xã Thuận Lợi, Tỉnh Đồng Nai",0,0,489.8,5.0,15.0,0,0.0,1,0,0,VALID,0.0,0.0,489.8,0.0,5.0,1,Stopped,0.0,0,0,,488.3,489.4,493.1,0.0
92H-07095,2026-08-04 07:45:00,489.8,0.0,"Tỉnh Lộ 741, Xã Thuận Lợi, Tỉnh Đồng Nai",0,0,489.8,5.0,15.0,0,0.0,1,0,0,VALID,0.0,0.0,489.8,0.0,5.0,1,Stopped,0.0,0,0,,487.2,488.5,492.5,0.0
92H-07095,2026-08-04 07:50:00,489.4,0.0,"Tỉnh Lộ 741, Xã Thuận Lợi, Tỉnh Đồng Nai",0,0,489.4,5.0,15.0,0,0.0,1,0,0,VALID,-0.4000000000000341,-0.0800000000000068,489.8,0.17888543742091922,5.0,1,Stopped,0.0,0,0,,487.4,488.1,492.0,0.0
92H-07095,2026-08-04 07:55:00,475.9,0.0,"Tỉnh Lộ 741, Xã Phú Riềng, Tỉnh Đồng Nai",0,0,475.9,5.0,15.0,0,0.0,1,0,0,VALID,-13.5,-2.7,489.8,6.173977648138985,5.0,1,Stopped,0.0,1,1,LARGE_DELTA,478.9,484.4,490.1,0.0
92H-07095,2026-08-04 08:00:00,475.7,0.0,"Tỉnh Lộ 741, Xã Phú Riềng, Tỉnh Đồng Nai",0,0,475.7,5.0,15.0,0,0.0,1,0,0,VALID,-0.1999999999999886,-0.0399999999999977,489.4,7.597170525907523,5.0,1,Stopped,0.0,0,0,,479.5,482.4,489.0,0.0
92H-07095,2026-08-04 08:05:00,475.7,0.0,"Tỉnh Lộ 741, Xã Phú Riềng, Tỉnh Đồng Nai",0,0,475.7,5.0,15.0,0,0.0,1,0,0,VALID,0.0,0.0,475.9,7.578588259017376,5.0,1,Stopped,0.0,0,0,,479.2,481.1,488.0,0.0
92H-07095,2026-08-04 08:10:00,475.6,0.0,"Tỉnh Lộ 741, Xã Phú Riềng, Tỉnh Đồng Nai",0,0,475.6,5.0,15.0,0,0.0,1,0,0,VALID,-0.0999999999999659,-0.0199999999999931,475.7,6.116616711852562,5.0,1,Stopped,0.0,0,0,,479.1,480.3,487.1,0.0
92H-07095,2026-08-04 08:15:00,475.4,0.0,"Tỉnh Lộ 741, Xã Phú Riềng, Tỉnh Đồng Nai",0,0,475.4,5.0,15.0,0,0.0,1,0,0,VALID,-0.2000000000000454,-0.0400000000000091,475.7,0.18165902045435775,5.0,1,Stopped,0.0,0,0,,479.1,479.8,486.3,0.0
92H-07095,2026-08-04 08:20:00,475.3,0.0,"Tỉnh Lộ 741, Xã Phú Riềng, Tỉnh Đồng Nai",0,0,475.3,5.0,15.0,0,0.0,1,0,0,VALID,-0.0999999999999659,-0.0199999999999931,475.6,0.1816590204541489,5.0,1,Stopped,0.0,0,0,,478.7,479.4,485.6,0.0
92H-07095,2026-08-04 08:25:00,475.2,0.0,"Tỉnh Lộ 741, Xã Phú Riềng, Tỉnh Đồng Nai",0,0,475.2,5.0,15.0,0,0.0,1,0,0,VALID,-0.1000000000000227,-0.0200000000000045,475.4,0.20736441283955803,5.0,1,Stopped,0.0,0,0,,478.5,479.0,484.9,0.0
92H-07095,2026-08-04 08:30:00,475.0,0.0,"Tỉnh Lộ 741, Xã Phú Riềng, Tỉnh Đồng Nai",0,0,475.0,5.0,15.0,0,0.0,1,0,0,VALID,-0.1999999999999886,-0.0399999999999977,475.3,0.22360679710643797,5.0,1,Stopped,0.0,0,0,,478.3,478.7,484.2,0.0
92H-07095,2026-08-04 08:35:00,474.9,0.0,"Tỉnh Lộ 741, Xã Phú Riềng, Tỉnh Đồng Nai",0,0,474.9,5.0,15.0,0,0.0,1,0,0,VALID,-0.1000000000000227,-0.0200000000000045,475.2,0.20736441283910795,5.0,1,Stopped,0.0,0,0,,477.4,478.2,483.5,0.0
92H-07095,2026-08-04 08:40:00,474.7,0.0,"Tỉnh Lộ 741, Xã Phú Riềng, Tỉnh Đồng Nai",0,0,474.7,5.0,15.0,0,0.0,1,0,0,VALID,-0.1999999999999886,-0.0399999999999977,475.0,0.23874672712316825,5.0,1,Stopped,0.0,0,0,,474.7,476.8,482.6,0.0
92H-07095,2026-08-04 08:45:00,474.7,0.0,"Tỉnh Lộ 741, Xã Phú Riềng, Tỉnh Đồng Nai",0,0,474.7,5.0,15.0,0,0.0,1,0,0,VALID,0.0,0.0,474.9,0.21213203367702732,5.0,1,Stopped,0.0,0,0,,474.7,476.0,481.8,0.0
92H-07095,2026-08-04 08:50:00,477.4,0.0,"Tỉnh Lộ 741, Xã Phú Riềng, Tỉnh Đồng Nai",0,0,477.4,5.0,15.0,0,0.0,1,0,0,VALID,2.6999999999999886,0.5399999999999977,474.9,1.1588787683412773,5.0,1,Stopped,0.0,0,0,,476.7,476.3,481.3,0.0
92H-07095,2026-08-04 08:55:00,476.9,0.0,"Tỉnh Lộ 741, Xã Phú Riềng, Tỉnh Đồng Nai",0,0,476.9,5.0,15.0,0,0.0,1,0,0,VALID,-0.5,-0.1,474.9,1.3198484760427722,5.0,1,Stopped,0.0,0,0,,476.9,476.5,480.9,0.0
92H-07095,2026-08-04 09:00:00,476.9,0.0,"Tỉnh Lộ 741, Xã Phú Riềng, Tỉnh Đồng Nai",0,0,476.9,5.0,15.0,0,0.0,1,0,0,VALID,0.0,0.0,476.9,1.3122499760764614,5.0,1,Stopped,0.0,0,0,,476.9,476.7,480.5,0.0
92H-07095,2026-08-04 09:05:00,476.9,0.0,"Tỉnh Lộ 741, Xã Phú Riềng, Tỉnh Đồng Nai",0,0,476.9,5.0,15.0,0,0.0,1,0,0,VALID,0.0,0.0,476.9,1.0620734436530055,5.0,1,Stopped,0.0,0,0,,476.9,476.8,480.1,0.0
92H-07095,2026-08-04 09:10:00,476.9,0.0,"Tỉnh Lộ 741, Xã Phú Riềng, Tỉnh Đồng Nai",0,0,476.9,5.0,15.0,0,0.0,1,0,0,VALID,0.0,0.0,476.9,0.22360679710880535,5.0,1,Stopped,0.0,0,0,,476.9,476.8,479.8,0.0
92H-07095,2026-08-04 09:15:00,476.9,0.0,"Tỉnh Lộ 741, Xã Phú Riềng, Tỉnh Đồng Nai",0,0,476.9,5.0,15.0,0,0.0,1,0,0,VALID,0.0,0.0,476.9,0.0,5.0,1,Stopped,0.0,0,0,,476.9,476.8,479.5,0.0
92H-07095,2026-08-04 09:20:00,476.9,0.0,"Tỉnh Lộ 741, Xã Phú Riềng, Tỉnh Đồng Nai",0,0,476.9,5.0,15.0,0,0.0,1,0,0,VALID,0.0,0.0,476.9,0.0,5.0,1,Stopped,0.0,0,0,,476.9,476.9,479.3,0.0
92H-07095,2026-08-04 09:25:00,476.9,0.0,"Tỉnh Lộ 741, Xã Phú Riềng, Tỉnh Đồng Nai",0,0,476.9,5.0,15.0,0,0.0,1,0,0,VALID,0.0,0.0,476.9,0.0,5.0,1,Stopped,0.0,0,0,,476.3,476.6,479.0,0.0
92H-07095,2026-08-04 09:30:00,476.9,0.0,"Tỉnh Lộ 741, Xã Phú Riềng, Tỉnh Đồng Nai",0,0,476.9,5.0,15.0,0,0.0,1,0,0,VALID,0.0,0.0,476.9,0.0,5.0,1,Stopped,0.0,0,0,,476.9,476.7,478.8,0.0
92H-07095,2026-08-04 09:35:00,476.9,0.0,"Tỉnh Lộ 741, Xã Phú Riềng, Tỉnh Đồng Nai",0,0,476.9,5.0,15.0,0,0.0,1,0,0,VALID,0.0,0.0,476.9,0.0,5.0,1,Stopped,0.0,0,0,,476.9,476.8,478.6,0.0
92H-07095,2026-08-04 09:40:00,476.9,0.0,"Tỉnh Lộ 741, Xã Phú Riềng, Tỉnh Đồng Nai",0,0,476.9,5.0,15.0,0,0.0,1,0,0,VALID,0.0,0.0,476.9,0.0,5.0,1,Stopped,0.0,0,0,,476.9,476.8,478.4,0.0
92H-07095,2026-08-04 09:45:00,476.9,0.0,"Tỉnh Lộ 741, Xã Phú Riềng, Tỉnh Đồng Nai",0,0,476.9,5.0,15.0,0,0.0,1,0,0,VALID,0.0,0.0,476.9,0.0,5.0,1,Stopped,0.0,0,0,,476.9,476.9,478.3,0.0
92H-07095,2026-08-04 09:50:00,476.9,0.0,"Tỉnh Lộ 741, Xã Phú Riềng, Tỉnh Đồng Nai",0,0,476.9,5.0,15.0,0,0.0,1,0,0,VALID,0.0,0.0,476.9,0.0,5.0,1,Stopped,0.0,0,0,,476.9,476.9,478.1,0.0
92H-07095,2026-08-04 09:55:00,476.9,0.0,"Tỉnh Lộ 741, Xã Phú Riềng, Tỉnh Đồng Nai",0,0,476.9,5.0,15.0,0,0.0,1,0,0,VALID,0.0,0.0,476.9,0.0,5.0,1,Stopped,0.0,0,0,,476.9,476.9,478.0,0.0
92H-07095,2026-08-04 10:00:00,476.9,0.0,"Tỉnh Lộ 741, Xã Phú Riềng, Tỉnh Đồng Nai",0,0,476.9,5.0,15.0,0,0.0,1,0,0,VALID,0.0,0.0,476.9,0.0,5.0,1,Stopped,0.0,0,0,,476.9,476.9,477.9,0.0
92H-07095,2026-08-04 10:05:00,476.9,0.0,"Tỉnh Lộ 741, Xã Phú Riềng, Tỉnh Đồng Nai",0,0,476.9,5.0,15.0,0,0.0,1,0,0,VALID,0.0,0.0,476.9,0.0,5.0,1,Stopped,0.0,0,0,,476.9,476.9,477.8,0.0
92H-07095,2026-08-04 10:10:00,476.9,0.0,"Tỉnh Lộ 741, Xã Phú Riềng, Tỉnh Đồng Nai",0,0,476.9,5.0,15.0,0,0.0,1,0,0,VALID,0.0,0.0,476.9,0.0,5.0,1,Stopped,0.0,0,0,,476.9,476.9,477.7,0.0
92H-07095,2026-08-04 10:15:00,476.9,0.0,"Tỉnh Lộ 741, Xã Phú Riềng, Tỉnh Đồng Nai",0,0,476.9,5.0,15.0,0,0.0,1,0,0,VALID,0.0,0.0,476.9,0.0,5.0,1,Stopped,0.0,0,0,,476.9,476.9,477.6,0.0
92H-07095,2026-08-04 10:20:00,476.9,0.0,"Tỉnh Lộ 741, Xã Phú Riềng, Tỉnh Đồng Nai",0,0,476.9,5.0,15.0,0,0.0,1,0,0,VALID,0.0,0.0,476.9,0.0,5.0,1,Stopped,0.0,0,0,,476.9,476.9,477.5,0.0
92H-07095,2026-08-04 10:25:00,476.9,0.0,"Tỉnh Lộ 741, Xã Phú Riềng, Tỉnh Đồng Nai",0,0,476.9,5.0,15.0,0,0.0,1,0,0,VALID,0.0,0.0,476.9,0.0,5.0,1,Stopped,0.0,0,0,,476.9,476.9,477.5,0.0
92H-07095,2026-08-04 10:30:00,476.9,0.0,"Tỉnh Lộ 741, Xã Phú Riềng, Tỉnh Đồng Nai",0,0,476.9,5.0,15.0,0,0.0,1,0,0,VALID,0.0,0.0,476.9,0.0,5.0,1,Stopped,0.0,0,0,,476.9,476.9,477.4,0.0
92H-07095,2026-08-04 10:35:00,476.9,0.0,"Tỉnh Lộ 741, Xã Phú Riềng, Tỉnh Đồng Nai",0,0,476.9,5.0,15.0,0,0.0,1,0,0,VALID,0.0,0.0,476.9,0.0,5.0,1,Stopped,0.0,0,0,,476.9,476.9,477.4,0.0
92H-07095,2026-08-04 10:40:00,477.1,0.0,"Tỉnh Lộ 741, Xã Phú Riềng, Tỉnh Đồng Nai",0,0,477.1,5.0,15.0,0,0.0,1,0,0,VALID,0.2000000000000454,0.0400000000000091,476.9,0.08944271749685699,5.0,1,Stopped,0.0,0,0,,477.1,477.0,477.3,0.0
92H-07095,2026-08-04 10:45:00,477.1,0.0,"Tỉnh Lộ 741, Xã Phú Riềng, Tỉnh Đồng Nai",0,0,477.1,5.0,15.0,0,0.0,1,0,0,VALID,0.0,0.0,476.9,0.10954451019221022,5.0,1,Stopped,0.0,0,0,,477.1,477.0,477.3,0.0
92H-07095,2026-08-04 10:50:00,477.2,0.0,"Tỉnh Lộ 741, Xã Phú Riềng, Tỉnh Đồng Nai",0,0,477.2,5.0,15.0,0,0.0,1,0,0,VALID,0.0999999999999659,0.0199999999999931,477.1,0.13416407758148044,5.0,1,Stopped,0.0,0,0,,477.2,477.1,477.3,0.0
92H-07095,2026-08-04 10:55:00,477.2,0.0,"Tỉnh Lộ 741, Xã Phú Riềng, Tỉnh Đồng Nai",0,0,477.2,5.0,15.0,0,0.0,1,0,0,VALID,0.0,0.0,477.1,0.12247448596881114,5.0,1,Stopped,0.0,0,0,,477.2,477.1,477.3,0.0
92H-07095,2026-08-04 11:00:00,477.2,0.0,"Tỉnh Lộ 741, Xã Phú Riềng, Tỉnh Đồng Nai",0,0,477.2,5.0,15.0,0,0.0,1,0,0,VALID,0.0,0.0,477.2,0.05477225313386061,5.0,1,Stopped,0.0,0,0,,477.2,477.2,477.3,0.0
92H-07095,2026-08-04 11:05:00,477.2,0.0,"Tỉnh Lộ 741, Xã Phú Riềng, Tỉnh Đồng Nai",0,0,477.2,5.0,15.0,0,0.0,1,0,0,VALID,0.0,0.0,477.2,0.04472135634541433,5.0,1,Stopped,0.0,0,0,,477.2,477.2,477.3,0.0
92H-07095,2026-08-04 11:10:00,477.4,0.0,"Tỉnh Lộ 741, Xã Phú Riềng, Tỉnh Đồng Nai",0,0,477.4,5.0,15.0,0,0.0,1,0,0,VALID,0.1999999999999886,0.0399999999999977,477.2,0.08944271749792906,5.0,1,Stopped,0.0,0,0,,477.4,477.3,477.3,0.0
92H-07095,2026-08-04 11:15:00,477.1,0.0,"Tỉnh Lộ 741, Xã Phú Riềng, Tỉnh Đồng Nai",0,0,477.1,5.0,15.0,0,0.0,1,0,0,VALID,-0.2999999999999545,-0.0599999999999909,477.2,0.10954451019288707,5.0,1,Stopped,0.0,0,0,,477.1,477.2,477.3,0.0
92H-07095,2026-08-04 11:20:00,477.8,30.0,"Tỉnh Lộ 741, Xã Phú Riềng, Tỉnh Đồng Nai",0,0,477.8,5.0,15.0,0,0.0,1,0,0,VALID,0.6999999999999886,0.1399999999999977,477.2,0.2792848003624229,5.0,1,Moving,0.1,0,0,,477.8,477.4,477.3,1.0
92H-07095,2026-08-04 11:25:00,479.6,51.0,"Tỉnh Lộ 741, Xã Thuận Lợi, Tỉnh Đồng Nai",0,0,479.6,5.0,15.0,0,0.0,1,0,0,VALID,1.8000000000000114,0.3600000000000022,477.4,1.030533842100218,5.0,1,Moving,0.07,0,0,,478.9,478.0,477.5,1.0
92H-07095,2026-08-04 11:30:00,479.3,46.0,"Tỉnh Lộ 741, Xã Thuận Lợi, Tỉnh Đồng Nai",0,0,479.3,5.0,15.0,0,0.0,1,0,0,VALID,-0.3000000000000113,-0.0600000000000022,477.8,1.1371015784502916,5.0,1,Moving,-0.0166666666666666,0,0,,479.3,478.5,477.7,1.0
92H-07095,2026-08-04 11:35:00,475.3,50.0,"Phú Riềng Đỏ, Phường Bình Phước, Tỉnh Đồng Nai",0,0,475.3,5.0,15.0,0,0.0,1,0,0,VALID,-4.0,-0.8,477.8,1.7484278651731142,5.0,1,Moving,0.0133333333333333,0,0,,477.1,478.0,477.6,1.0
92H-07095,2026-08-04 11:40:00,475.0,27.0,"Phú Riềng Đỏ, Phường Bình Phước, Tỉnh Đồng Nai",0,0,475.0,5.0,15.0,0,0.0,1,0,0,VALID,-0.3000000000000113,-0.0600000000000022,477.8,2.166794867935947,5.0,1,Moving,-0.0766666666666666,0,0,,477.2,477.7,477.6,1.0
92H-07095,2026-08-04 11:45:00,469.9,0.0,Bến xe Trường Hải Bình Phước,0,0,469.9,5.0,15.0,0,0.0,1,0,0,VALID,-5.100000000000023,-1.0200000000000045,475.3,3.949303736066972,5.0,1,Stopped,-0.09,0,0,,473.4,476.0,477.1,0.0
92H-07095,2026-08-04 11:50:00,468.2,51.0,"Tỉnh Lộ 741, Phường Bình Phước, Tỉnh Đồng Nai",0,0,468.2,5.0,15.0,0,0.0,1,0,0,VALID,-1.6999999999999886,-0.3399999999999977,475.0,4.476940919837,5.0,1,Moving,0.17,0,0,,472.6,474.6,476.7,1.0
92H-07095,2026-08-04 11:55:00,470.7,48.0,"Cách Mạng Tháng 8, Xã Đồng Phú, Tỉnh Đồng Nai",0,0,470.7,5.0,15.0,0,0.0,1,0,0,VALID,2.5,0.5,470.7,3.172853605149445,5.0,1,Moving,-0.01,0,0,,474.0,474.4,476.4,1.0
92H-07095,2026-08-04 12:00:00,469.9,54.0,"Cách Mạng Tháng 8, Xã Đồng Phú, Tỉnh Đồng Nai",0,0,469.9,5.0,15.0,0,0.0,1,0,0,VALID,-0.8000000000000114,-0.1600000000000022,469.9,2.5500980372740942,5.0,1,Moving,0.02,0,0,,473.4,474.0,476.1,1.0
92H-07095,2026-08-04 12:05:00,469.9,54.0,"Tỉnh Lộ 741, Xã Đồng Phú, Tỉnh Đồng Nai",0,0,469.9,5.0,15.0,0,0.0,1,0,0,VALID,0.0,0.0,469.9,0.9176055795975894,5.0,1,Moving,0.0,0,0,,474.0,474.0,475.9,1.0
92H-07095,2026-08-04 12:10:00,467.1,54.0,"Tỉnh Lộ 741, Xã Phú Giáo, TP Hồ Chí Minh",0,0,467.1,5.0,15.0,0,0.0,1,0,0,VALID,-2.7999999999999545,-0.559999999999991,469.9,1.469013274177027,5.0,1,Moving,0.0,0,0,,472.8,473.5,475.6,1.0
92H-07095,2026-08-04 12:15:00,467.8,33.0,"Tỉnh Lộ 741, Xã Phú Giáo, TP Hồ Chí Minh",0,0,467.8,5.0,15.0,0,0.0,1,0,0,VALID,0.6999999999999886,0.1399999999999977,469.9,1.5433729295631244,5.0,1,Moving,-0.07,0,0,,472.8,473.2,475.3,1.0
92H-07095,2026-08-04 12:20:00,465.6,54.0,"Tỉnh Lộ 741, Xã Phú Giáo, TP Hồ Chí Minh",0,0,465.6,5.0,15.0,0,0.0,1,0,0,VALID,-2.1999999999999886,-0.4399999999999977,467.8,1.8582249593921065,5.0,1,Moving,0.07,0,0,,470.6,472.2,474.8,1.0
92H-07095,2026-08-04 12:25:00,463.1,42.0,"Tỉnh Lộ 741, Xã Phú Giáo, TP Hồ Chí Minh",0,0,463.1,5.0,15.0,0,0.0,1,0,0,VALID,-2.5,-0.5,467.1,2.5387004548995526,5.0,1,Moving,-0.04,0,0,,468.8,470.8,474.2,1.0
92H-07095,2026-08-04 12:30:00,458.7,45.0,"Tỉnh Lộ 741, Xã Phước Hòa, TP Hồ Chí Minh",0,0,458.7,5.0,15.0,0,0.0,1,0,0,VALID,-4.400000000000034,-0.8800000000000068,465.6,3.6895799218483107,5.0,1,Moving,0.01,0,0,,464.3,468.2,473.2,1.0
92H-07095,2026-08-04 12:35:00,467.7,31.0,"Tỉnh Lộ 741, Xã Phước Hòa, TP Hồ Chí Minh",0,0,467.7,5.0,15.0,0,0.0,1,0,0,VALID,9.0,1.8,465.6,3.8048653063815867,5.0,1,Moving,-0.0466666666666666,1,1,LARGE_DELTA,469.6,468.8,472.9,1.0
92H-07095,2026-08-04 12:40:00,463.8,0.0,"Tỉnh Lộ 741, Xã Phước Hòa, TP Hồ Chí Minh",0,0,463.8,5.0,15.0,0,0.0,1,0,0,VALID,-3.899999999999977,-0.7799999999999955,463.8,3.3521634804564253,5.0,1,Stopped,-0.1033333333333333,0,0,,467.5,468.3,472.3,0.0
92H-07095,2026-08-04 12:45:00,459.3,53.0,"Tỉnh Lộ 741, Xã Phước Hòa, TP Hồ Chí Minh",0,0,459.3,5.0,15.0,0,0.0,1,0,0,VALID,-4.5,-0.9,463.1,3.6663333181402,5.0,1,Moving,0.1766666666666666,0,0,,465.0,467.0,471.6,1.0
92H-07095,2026-08-04 12:50:00,460.6,30.0,Ngã 3 Cổng Xanh ( đi),0,0,460.6,5.0,15.0,0,0.0,1,0,0,VALID,1.3000000000000114,0.2600000000000023,460.6,3.737244974537337,5.0,1,Moving,-0.0766666666666666,0,0,,465.3,466.3,471.0,1.0
92H-07095,2026-08-04 12:55:00,459.7,45.0,"Tỉnh Lộ 747, Phường Bình Cơ, TP Hồ Chí Minh",0,0,459.7,5.0,15.0,0,0.0,1,0,0,VALID,-0.9000000000000341,-0.1800000000000068,460.6,3.536523716830511,5.0,1,Moving,0.05,0,0,,463.6,465.2,470.2,1.0
92H-07095,2026-08-04 13:00:00,458.1,55.0,"Tỉnh Lộ 747, Phường Bình Cơ, TP Hồ Chí Minh",0,0,458.1,5.0,15.0,0,0.0,1,0,0,VALID,-1.599999999999966,-0.3199999999999932,459.7,2.152905014092229,5.0,1,Moving,0.0333333333333333,0,0,,462.6,464.2,469.5,1.0
92H-07095,2026-08-04 13:05:00,455.6,0.0,"Tỉnh Lộ 747, Phường Bình Cơ, TP Hồ Chí Minh",0,0,455.6,5.0,15.0,0,0.0,1,0,0,VALID,-2.5,-0.5,459.3,1.9320973059611442,5.0,1,Stopped,-0.1833333333333333,0,0,,460.3,462.6,468.6,0.0
92H-07095,2026-08-04 13:10:00,459.1,15.0,"Tỉnh Lộ 747, Phường Bình Cơ, TP Hồ Chí Minh",0,0,459.1,5.0,15.0,0,0.0,1,0,0,VALID,3.5,0.7,459.1,1.9175505207692154,5.0,1,Moving,0.05,0,0,,461.5,462.2,467.9,1.0
92H-07095,2026-08-04 13:15:00,455.0,45.0,"Tỉnh Lộ 745, Phường Tân Hiệp, TP Hồ Chí Minh",0,0,455.0,5.0,15.0,0,0.0,1,0,0,VALID,-4.100000000000023,-0.8200000000000045,458.1,2.0988091861104206,5.0,1,Moving,0.1,0,0,,458.7,460.8,466.9,1.0
92H-07095,2026-08-04 13:20:00,460.3,0.0,"Tỉnh Lộ 745, Phường Tân Hiệp, TP Hồ Chí Minh",0,0,460.3,5.0,15.0,0,0.0,1,0,0,VALID,5.300000000000011,1.0600000000000025,458.1,2.2664950914797055,5.0,1,Stopped,-0.15,0,0,,463.6,461.9,466.6,0.0
92H-07095,2026-08-04 13:25:00,455.8,38.0,"Tỉnh Lộ 745, Phường Tân Hiệp, TP Hồ Chí Minh",0,0,455.8,5.0,15.0,0,0.0,1,0,0,VALID,-4.5,-0.9,455.8,2.375499947316622,5.0,1,Moving,0.1266666666666666,0,0,,460.0,461.1,465.9,1.0
92H-07095,2026-08-04 13:30:00,458.1,0.0,"Tỉnh Lộ 745, Phường Tân Khánh, TP Hồ Chí Minh",0,0,458.1,5.0,15.0,0,0.0,1,0,0,VALID,2.300000000000012,0.4600000000000023,458.1,2.2232858564974562,5.0,1,Stopped,-0.1266666666666666,0,0,,460.4,460.8,465.4,0.0
92H-07095,2026-08-04 13:35:00,458.1,0.0,"Tỉnh Lộ 745, Phường Tân Khánh, TP Hồ Chí Minh",0,0,458.1,5.0,15.0,0,0.0,1,0,0,VALID,0.0,0.0,458.1,2.1030929603090502,5.0,1,Stopped,0.0,0,0,,460.3,460.6,464.9,0.0
92H-07095,2026-08-04 13:40:00,458.0,0.0,"Tỉnh Lộ 745, Phường Tân Khánh, TP Hồ Chí Minh",0,0,458.0,5.0,15.0,0,0.0,1,0,0,VALID,-0.1000000000000227,-0.0200000000000045,458.1,1.5915401344929532,5.0,1,Stopped,0.0,0,0,,459.8,460.3,464.4,0.0
92H-07095,2026-08-04 13:45:00,458.0,0.0,"Tỉnh Lộ 745, Phường Tân Khánh, TP Hồ Chí Minh",0,0,458.0,5.0,15.0,0,0.0,1,0,0,VALID,0.0,0.0,458.0,1.0074720838323863,5.0,1,Stopped,0.0,0,0,,459.0,459.8,463.8,0.0
92H-07095,2026-08-04 13:50:00,458.0,0.0,"Tỉnh Lộ 745, Phường Tân Khánh, TP Hồ Chí Minh",0,0,458.0,5.0,15.0,0,0.0,1,0,0,VALID,0.0,0.0,458.0,0.054772253028469685,5.0,1,Stopped,0.0,0,0,,458.0,459.1,463.3,0.0
92H-07095,2026-08-04 13:55:00,447.8,23.0,"Tỉnh Lộ 745, Phường Tân Khánh, TP Hồ Chí Minh",0,0,447.8,5.0,15.0,0,0.0,1,0,0,VALID,-10.199999999999989,-2.039999999999998,458.0,4.572964027816172,5.0,1,Moving,0.0766666666666666,1,1,LARGE_DELTA,451.4,456.0,461.5,1.0
92H-07095,2026-08-04 14:00:00,449.9,33.0,"Tỉnh Lộ 743, Phường An Phú, TP Hồ Chí Minh",0,0,449.9,5.0,15.0,0,0.0,1,0,0,VALID,2.099999999999966,0.4199999999999931,458.0,5.066359639790662,5.0,1,Moving,0.0333333333333333,0,0,,453.0,454.8,460.6,1.0
92H-07095,2026-08-04 14:05:00,450.6,38.0,"Tỉnh Lộ 743, Phường An Phú, TP Hồ Chí Minh",0,0,450.6,5.0,15.0,0,0.0,1,0,0,VALID,0.7000000000000455,0.1400000000000091,450.6,4.803956702521242,5.0,1,Moving,0.0166666666666666,0,0,,453.6,454.3,459.9,1.0
92H-07095,2026-08-04 14:10:00,451.7,0.0,"Tỉnh Lộ 743, Phường An Phú, TP Hồ Chí Minh",0,0,451.7,5.0,15.0,0,0.0,1,0,0,VALID,1.099999999999966,0.2199999999999931,450.6,3.85032466159646,5.0,1,Stopped,-0.1266666666666666,0,0,,453.0,453.8,459.2,0.0
92H-07095,2026-08-04 14:15:00,451.1,0.0,"Tỉnh Lộ 743, Phường An Phú, TP Hồ Chí Minh",0,0,451.1,5.0,15.0,0,0.0,1,0,0,VALID,-0.5999999999999659,-0.1199999999999931,450.6,1.5056560031086061,5.0,1,Stopped,0.0,0,0,,453.3,453.6,458.6,0.0
92H-07095,2026-08-04 14:20:00,447.0,49.0,"Tỉnh Lộ 743, Phường Bình Hòa, TP Hồ Chí Minh",0,0,447.0,5.0,15.0,0,0.0,1,0,0,VALID,-4.100000000000023,-0.8200000000000045,450.6,1.8338484124095236,5.0,1,Moving,0.1633333333333333,0,0,,451.3,452.7,457.9,1.0
92H-07095,2026-08-04 14:25:00,453.6,0.0,"Tỉnh Lộ 743, Phường Bình Hòa, TP Hồ Chí Minh",0,0,453.6,5.0,15.0,0,0.0,1,0,0,VALID,6.600000000000023,1.3200000000000045,451.1,2.4093567605685458,5.0,1,Stopped,-0.1633333333333333,0,0,,455.1,453.6,457.6,0.0
92H-07095,2026-08-04 14:30:00,447.0,40.0,"Đại Lộ Thống Nhất, Phường Dĩ An, TP Hồ Chí Minh",0,0,447.0,5.0,15.0,0,0.0,1,0,0,VALID,-6.600000000000023,-1.3200000000000045,451.1,2.9592228709066517,5.0,1,Moving,0.1333333333333333,0,0,,451.3,452.7,457.0,1.0
92H-07095,2026-08-04 14:35:00,448.0,13.0,"Số 2, Phường Dĩ An, TP Hồ Chí Minh",0,0,448.0,5.0,15.0,0,0.0,1,0,0,VALID,1.0,0.2,448.0,2.9151329300216617,5.0,1,Moving,-0.09,0,0,,452.1,452.5,456.5,1.0
92H-07095,2026-08-04 14:40:00,448.1,0.0,"Đại Lộ Độc Lập, Phường Dĩ An, TP Hồ Chí Minh",0,0,448.1,5.0,15.0,0,0.0,1,0,0,VALID,0.1000000000000227,0.0200000000000045,448.0,2.7673091622903914,5.0,1,Stopped,-0.0433333333333333,0,0,,449.4,451.2,455.8,0.0
92H-07095,2026-08-04 14:45:00,447.8,0.0,"Đại Lộ Độc Lập, Phường Tam Bình, TP Hồ Chí Minh",0,0,447.8,5.0,15.0,0,0.0,1,0,0,VALID,-0.3000000000000113,-0.0600000000000022,448.0,2.6627053910818668,5.0,1,Stopped,0.0,0,0,,449.8,450.7,455.2,0.0
92H-07095,2026-08-04 14:50:00,447.1,0.0,"Cầu vượt Sóng Thần, Phường Dĩ An, TP Hồ Chí Minh",0,0,447.1,5.0,15.0,0,0.0,1,0,0,VALID,-0.6999999999999886,-0.1399999999999977,447.8,0.5147815067538015,5.0,1,Stopped,0.0,0,0,,449.9,450.4,454.7,0.0
92H-07095,2026-08-04 14:55:00,447.2,0.0,"Cầu vượt Sóng Thần, Phường Dĩ An, TP Hồ Chí Minh",0,0,447.2,5.0,15.0,0,0.0,1,0,0,VALID,0.0999999999999659,0.0199999999999931,447.8,0.4615192300389434,5.0,1,Stopped,0.0,0,0,,450.0,450.2,454.2,0.0
92H-07095,2026-08-04 15:00:00,447.4,0.0,"Số 6, Phường Dĩ An, TP Hồ Chí Minh",0,0,447.4,5.0,15.0,0,0.0,1,0,0,VALID,0.1999999999999886,0.0399999999999977,447.4,0.42071367899758977,5.0,1,Stopped,0.0,0,0,,449.4,449.9,453.7,0.0
92H-07095,2026-08-04 15:05:00,446.7,4.0,"Số 6, Phường Dĩ An, TP Hồ Chí Minh",0,0,446.7,5.0,15.0,0,0.0,1,0,0,VALID,-0.6999999999999886,-0.1399999999999977,447.2,0.4037325843866927,5.0,1,Moving,0.0133333333333333,0,0,,448.2,449.2,453.2,1.0
92H-07095,2026-08-04 15:10:00,446.5,0.0,"Phường Dĩ An, TP Hồ Chí Minh",0,0,446.5,5.0,15.0,0,0.0,1,0,0,VALID,-0.1999999999999886,-0.0399999999999977,447.1,0.37013511005503114,5.0,1,Stopped,-0.0133333333333333,0,0,,448.8,449.0,452.7,0.0
92H-07095,2026-08-04 15:15:00,446.7,0.0,"Phường Dĩ An, TP Hồ Chí Minh",0,0,446.7,5.0,15.0,0,0.0,1,0,0,VALID,0.1999999999999886,0.0399999999999977,446.7,0.3807886548932635,5.0,1,Stopped,0.0,0,0,,446.7,448.1,452.1,0.0
92H-07095,2026-08-04 15:20:00,447.1,0.0,"Phường Dĩ An, TP Hồ Chí Minh",0,0,447.1,5.0,15.0,0,0.0,1,0,0,VALID,0.4000000000000341,0.0800000000000068,446.7,0.363318042072531,5.0,1,Stopped,0.0,0,0,,447.1,447.7,451.6,0.0
92H-07095,2026-08-04 15:25:00,446.8,0.0,"Phường Dĩ An, TP Hồ Chí Minh",0,0,446.8,5.0,15.0,0,0.0,1,0,0,VALID,-0.3000000000000113,-0.0600000000000022,446.7,0.21908902230689759,5.0,1,Stopped,0.0,0,0,,447.4,447.6,451.2,0.0
92H-07095,2026-08-04 15:30:00,446.8,0.0,"Phường Dĩ An, TP Hồ Chí Minh",0,0,446.8,5.0,15.0,0,0.0,1,0,0,VALID,0.0,0.0,446.8,0.2167948331842698,5.0,1,Stopped,0.0,0,0,,446.8,447.3,450.8,0.0
92H-07095,2026-08-04 15:35:00,446.8,0.0,"Phường Dĩ An, TP Hồ Chí Minh",0,0,446.8,5.0,15.0,0,0.0,1,0,0,VALID,0.0,0.0,446.8,0.1516575078768173,5.0,1,Stopped,0.0,0,0,,446.8,447.1,450.4,0.0
92H-07095,2026-08-04 15:40:00,446.8,0.0,"Phường Dĩ An, TP Hồ Chí Minh",0,0,446.8,5.0,15.0,0,0.0,1,0,0,VALID,0.0,0.0,446.8,0.134164077514846,5.0,1,Stopped,0.0,0,0,,446.8,447.0,450.0,0.0
92H-07095,2026-08-04 15:45:00,446.8,0.0,"Phường Dĩ An, TP Hồ Chí Minh",0,0,446.8,5.0,15.0,0,0.0,1,0,0,VALID,0.0,0.0,446.8,0.0,5.0,1,Stopped,0.0,0,0,,446.8,446.9,449.7,0.0
92H-07095,2026-08-04 15:50:00,445.2,0.0,"Phường Dĩ An, TP Hồ Chí Minh",0,0,445.2,5.0,15.0,0,0.0,1,0,0,VALID,-1.6000000000000227,-0.3200000000000045,446.8,0.7155417525870071,5.0,1,Stopped,0.0,0,0,,445.8,446.5,449.3,0.0
92H-07095,2026-08-04 15:55:00,446.5,0.0,"Phường Dĩ An, TP Hồ Chí Minh",0,0,446.5,5.0,15.0,0,0.0,1,0,0,VALID,1.3000000000000114,0.2600000000000023,446.8,0.6942621980889214,5.0,1,Stopped,0.0,0,0,,446.5,446.5,449.0,0.0
92H-07095,2026-08-04 16:00:00,446.4,0.0,"Phường Dĩ An, TP Hồ Chí Minh",0,0,446.4,5.0,15.0,0,0.0,1,0,0,VALID,-0.1000000000000227,-0.0200000000000045,446.5,0.6618156840807169,5.0,1,Stopped,0.0,0,0,,446.4,446.4,448.8,0.0
92H-07095,2026-08-04 16:05:00,446.4,0.0,"Phường Dĩ An, TP Hồ Chí Minh",0,0,446.4,5.0,15.0,0,0.0,1,0,0,VALID,0.0,0.0,446.4,0.6148170457096924,5.0,1,Stopped,0.0,0,0,,446.4,446.4,448.5,0.0
92H-07095,2026-08-04 16:10:00,446.2,0.0,"Phường Dĩ An, TP Hồ Chí Minh",0,0,446.2,5.0,15.0,0,0.0,1,0,0,VALID,-0.1999999999999886,-0.0399999999999977,446.4,0.5366563143159093,5.0,1,Stopped,0.0,0,0,,446.2,446.3,448.3,0.0
92H-07095,2026-08-04 16:15:00,446.1,0.0,"Phường Dĩ An, TP Hồ Chí Minh",0,0,446.1,5.0,15.0,0,0.0,1,0,0,VALID,-0.0999999999999659,-0.0199999999999931,446.4,0.1643167663241036,5.0,1,Stopped,0.0,0,0,,446.1,446.2,448.1,0.0
92H-07095,2026-08-04 16:20:00,446.1,0.0,"Phường Dĩ An, TP Hồ Chí Minh",0,0,446.1,5.0,15.0,0,0.0,1,0,0,VALID,0.0,0.0,446.2,0.15165750787603213,5.0,1,Stopped,0.0,0,0,,446.1,446.2,447.9,0.0
92H-07095,2026-08-04 16:25:00,445.9,0.0,"Phường Dĩ An, TP Hồ Chí Minh",0,0,445.9,5.0,15.0,0,0.0,1,0,0,VALID,-0.2000000000000454,-0.0400000000000091,446.1,0.18165902040668203,5.0,1,Stopped,0.0,0,0,,445.9,446.1,447.7,0.0
92H-07095,2026-08-04 16:30:00,445.9,0.0,"Phường Dĩ An, TP Hồ Chí Minh",0,0,445.9,5.0,15.0,0,0.0,1,0,0,VALID,0.0,0.0,446.1,0.13416407751354217,5.0,1,Stopped,0.0,0,0,,445.9,446.0,447.5,0.0
92H-07095,2026-08-04 16:35:00,445.5,0.0,"Phường Dĩ An, TP Hồ Chí Minh",0,0,445.5,5.0,15.0,0,0.0,1,0,0,VALID,-0.3999999999999772,-0.0799999999999954,445.9,0.24494897365567503,5.0,1,Stopped,0.0,0,0,,445.5,445.8,447.3,0.0
92H-07095,2026-08-04 16:40:00,445.5,0.0,"Phường Dĩ An, TP Hồ Chí Minh",0,0,445.5,5.0,15.0,0,0.0,1,0,0,VALID,0.0,0.0,445.9,0.2683281567314357,5.0,1,Stopped,0.0,0,0,,445.5,445.7,447.1,0.0
92H-07095,2026-08-04 16:45:00,445.5,0.0,"Phường Dĩ An, TP Hồ Chí Minh",0,0,445.5,5.0,15.0,0,0.0,1,0,0,VALID,0.0,0.0,445.5,0.21908902230557312,5.0,1,Stopped,0.0,0,0,,445.5,445.6,447.0,0.0
92H-07095,2026-08-04 16:50:00,445.5,0.0,"Phường Dĩ An, TP Hồ Chí Minh",0,0,445.5,5.0,15.0,0,0.0,1,0,0,VALID,0.0,0.0,445.5,0.17888543734682258,5.0,1,Stopped,0.0,0,0,,445.5,445.6,446.8,0.0
92H-07095,2026-08-04 16:55:00,444.9,0.0,"Phường Dĩ An, TP Hồ Chí Minh",0,0,444.9,5.0,15.0,0,0.0,1,0,0,VALID,-0.6000000000000227,-0.1200000000000045,445.5,0.268328156731004,5.0,1,Stopped,0.0,0,0,,444.9,445.3,446.6,0.0
92H-07095,2026-08-04 17:00:00,444.6,0.0,"Phường Dĩ An, TP Hồ Chí Minh",0,0,444.6,5.0,15.0,0,0.0,1,0,0,VALID,-0.2999999999999545,-0.0599999999999909,445.5,0.42426406835194025,5.0,1,Stopped,0.0,0,0,,445.2,445.3,446.5,0.0
92H-07095,2026-08-04 17:05:00,444.5,0.0,"Phường Dĩ An, TP Hồ Chí Minh",0,0,444.5,5.0,15.0,0,0.0,1,0,0,VALID,-0.1000000000000227,-0.0200000000000045,444.9,0.4795831520126881,5.0,1,Stopped,0.0,0,0,,445.1,445.2,446.3,0.0
92H-07095,2026-08-04 17:10:00,444.3,0.0,"Phường Dĩ An, TP Hồ Chí Minh",0,0,444.3,5.0,15.0,0,0.0,1,0,0,VALID,-0.1999999999999886,-0.0399999999999977,444.6,0.46690470086976466,5.0,1,Stopped,0.0,0,0,,444.9,445.1,446.2,0.0
92H-07095,2026-08-04 17:15:00,443.0,10.0,"Số 6, Phường Dĩ An, TP Hồ Chí Minh",0,0,443.0,5.0,15.0,0,0.0,1,0,0,VALID,-1.3000000000000114,-0.2600000000000023,444.5,0.7368853368699834,5.0,1,Moving,0.0333333333333333,0,0,,444.4,444.8,446.0,1.0
92H-07095,2026-08-04 17:20:00,443.9,0.0,"Số 8, Phường Dĩ An, TP Hồ Chí Minh",0,0,443.9,5.0,15.0,0,0.0,1,0,0,VALID,0.8999999999999773,0.1799999999999954,444.3,0.6503845014250217,5.0,1,Stopped,-0.0333333333333333,0,0,,444.8,444.8,445.9,0.0
92H-07095,2026-08-04 17:25:00,443.1,0.0,"Số 18 KCN Sóng Thần I, Phường Dĩ An, TP Hồ Chí Minh",0,0,443.1,5.0,15.0,0,0.0,1,0,0,VALID,-0.7999999999999545,-0.1599999999999909,443.9,0.684105254835566,5.0,1,Stopped,0.0,0,0,,444.1,444.5,445.7,0.0
92H-07095,2026-08-04 17:30:00,441.5,0.0,"Số 8, Phường Dĩ An, TP Hồ Chí Minh",0,0,441.5,5.0,15.0,0,0.0,1,0,0,VALID,-1.6000000000000227,-0.3200000000000045,443.1,1.0761040840426268,5.0,1,Stopped,0.0,0,0,,443.3,444.0,445.5,0.0
92H-07095,2026-08-04 17:35:00,441.5,0.0,"Số 8, Phường Dĩ An, TP Hồ Chí Minh",0,0,441.5,5.0,15.0,0,0.0,1,0,0,VALID,0.0,0.0,443.0,1.063014581128989,5.0,1,Stopped,0.0,0,0,,443.3,443.7,445.3,0.0
92H-07095,2026-08-04 17:40:00,441.5,0.0,"Số 8, Phường Dĩ An, TP Hồ Chí Minh",0,0,441.5,5.0,15.0,0,0.0,1,0,0,VALID,0.0,0.0,441.5,1.1313708497626396,5.0,1,Stopped,0.0,0,0,,443.0,443.4,445.0,0.0
92H-07095,2026-08-04 17:45:00,441.5,0.0,"Số 8, Phường Dĩ An, TP Hồ Chí Minh",0,0,441.5,5.0,15.0,0,0.0,1,0,0,VALID,0.0,0.0,441.5,0.7155417525849328,5.0,1,Stopped,0.0,0,0,,442.9,443.2,444.8,0.0
92H-07095,2026-08-04 17:50:00,441.5,0.0,"Số 8, Phường Dĩ An, TP Hồ Chí Minh",0,0,441.5,5.0,15.0,0,0.0,1,0,0,VALID,0.0,0.0,441.5,0.0,5.0,1,Stopped,0.0,0,0,,442.8,443.1,444.6,0.0
92H-07095,2026-08-04 17:55:00,442.4,11.0,"Số 18 KCN Sóng Thần 2, Phường Dĩ An, TP Hồ Chí Minh",0,0,442.4,5.0,15.0,0,0.0,1,0,0,VALID,0.8999999999999773,0.1799999999999954,441.5,0.402492235567582,5.0,1,Moving,0.0366666666666666,0,0,,443.2,443.1,444.5,1.0
92H-07095,2026-08-04 18:00:00,443.6,0.0,"Đại Lộ Thống Nhất, Phường Dĩ An, TP Hồ Chí Minh",0,0,443.6,5.0,15.0,0,0.0,1,0,0,VALID,1.2000000000000457,0.2400000000000091,441.5,0.9246621002790593,5.0,1,Stopped,-0.0366666666666666,0,0,,443.6,443.3,444.4,0.0
92H-07095,2026-08-04 18:05:00,440.9,0.0,"Tỉnh Lộ 743, Phường Dĩ An, TP Hồ Chí Minh",0,0,440.9,5.0,15.0,0,0.0,1,0,0,VALID,-2.700000000000045,-0.5400000000000091,441.5,1.0521406748588389,5.0,1,Stopped,0.0,0,0,,442.3,442.9,444.2,0.0
92H-07095,2026-08-04 18:10:00,440.8,0.0,"Tỉnh Lộ 743, Phường Dĩ An, TP Hồ Chí Minh",0,0,440.8,5.0,15.0,0,0.0,1,0,0,VALID,-0.0999999999999659,-0.0199999999999931,441.5,1.1717508266232712,5.0,1,Stopped,0.0,0,0,,442.0,442.5,444.0,0.0
92H-07095,2026-08-04 18:15:00,440.6,0.0,"Tỉnh Lộ 743, Phường Dĩ An, TP Hồ Chí Minh",0,0,440.6,5.0,15.0,0,0.0,1,0,0,VALID,-0.1999999999999886,-0.0399999999999977,440.9,1.2992305413944778,5.0,1,Stopped,0.0,0,0,,441.3,442.0,443.7,0.0
92H-07095,2026-08-04 18:20:00,440.0,31.0,"Tỉnh Lộ 743, Phường Dĩ An, TP Hồ Chí Minh",0,0,440.0,5.0,15.0,0,0.0,1,0,0,VALID,-0.6000000000000227,-0.1200000000000045,440.8,1.397139935615571,5.0,1,Moving,0.1033333333333333,0,0,,441.2,441.7,443.4,1.0
92H-07095,2026-08-04 18:25:00,439.6,28.0,"Nguyễn Văn Tiết, Phường An Phú, TP Hồ Chí Minh",0,0,439.6,5.0,15.0,0,0.0,1,0,0,VALID,-0.3999999999999772,-0.0799999999999954,440.6,0.558569601474408,5.0,1,Moving,-0.01,0,0,,441.3,441.5,443.2,1.0
92H-07095,2026-08-04 18:30:00,439.6,19.0,"Độc Lập, Phường Bình Hòa, TP Hồ Chí Minh",0,0,439.6,5.0,15.0,0,0.0,1,0,0,VALID,0.0,0.0,440.0,0.558569601474246,5.0,1,Moving,-0.03,0,0,,441.4,441.5,443.0,1.0
92H-07095,2026-08-04 18:35:00,438.4,0.0,"Số 3, Phường Bình Hòa, TP Hồ Chí Minh",0,0,438.4,5.0,15.0,0,0.0,1,0,0,VALID,-1.2000000000000457,-0.2400000000000091,439.6,0.8049844717078495,5.0,1,Stopped,-0.0633333333333333,0,0,,440.6,441.1,442.8,0.0
92H-07095,2026-08-04 18:40:00,438.3,0.0,"Số 3, Phường Bình Hòa, TP Hồ Chí Minh",0,0,438.3,5.0,15.0,0,0.0,1,0,0,VALID,-0.0999999999999659,-0.0199999999999931,439.6,0.7758865894513286,5.0,1,Stopped,0.0,0,0,,440.8,441.0,442.6,0.0
92H-07095,2026-08-04 18:45:00,438.1,0.0,"Số 3, Phường Bình Hòa, TP Hồ Chí Minh",0,0,438.1,5.0,15.0,0,0.0,1,0,0,VALID,-0.1999999999999886,-0.0399999999999977,438.4,0.7382411528018158,5.0,1,Stopped,0.0,0,0,,440.9,441.0,442.4,0.0
92H-07095,2026-08-04 18:50:00,438.1,0.0,"Số 3, Phường Bình Hòa, TP Hồ Chí Minh",0,0,438.1,5.0,15.0,0,0.0,1,0,0,VALID,0.0,0.0,438.3,0.6284902542521614,5.0,1,Stopped,0.0,0,0,,439.9,440.5,442.2,0.0
92H-07095,2026-08-04 18:55:00,438.1,0.0,"Số 3, Phường Bình Hòa, TP Hồ Chí Minh",0,0,438.1,5.0,15.0,0,0.0,1,0,0,VALID,0.0,0.0,438.1,0.14142135514041027,5.0,1,Stopped,0.0,0,0,,439.8,440.2,441.9,0.0
92H-07095,2026-08-04 19:00:00,438.1,0.0,"Số 3, Phường Bình Hòa, TP Hồ Chí Minh",0,0,438.1,5.0,15.0,0,0.0,1,0,0,VALID,0.0,0.0,438.1,0.08944271736544984,5.0,1,Stopped,0.0,0,0,,439.5,439.9,441.7,0.0
92H-07095,2026-08-04 19:05:00,438.1,0.0,"Số 3, Phường Bình Hòa, TP Hồ Chí Minh",0,0,438.1,5.0,15.0,0,0.0,1,0,0,VALID,0.0,0.0,438.1,0.0,5.0,1,Stopped,0.0,0,0,,439.0,439.6,441.4,0.0
92H-07095,2026-08-04 19:10:00,438.1,0.0,"Số 3, Phường Bình Hòa, TP Hồ Chí Minh",0,0,438.1,5.0,15.0,0,0.0,1,0,0,VALID,0.0,0.0,438.1,0.0,5.0,1,Stopped,0.0,0,0,,438.1,439.0,441.1,0.0
92H-07095,2026-08-04 19:15:00,438.1,0.0,"Số 3, Phường Bình Hòa, TP Hồ Chí Minh",0,0,438.1,5.0,15.0,0,0.0,1,0,0,VALID,0.0,0.0,438.1,0.0,5.0,1,Stopped,0.0,0,0,,438.1,438.6,440.8,0.0
92H-07095,2026-08-04 19:20:00,438.1,0.0,"Số 3, Phường Bình Hòa, TP Hồ Chí Minh",0,0,438.1,5.0,15.0,0,0.0,1,0,0,VALID,0.0,0.0,438.1,0.0,5.0,1,Stopped,0.0,0,0,,438.1,438.4,440.5,0.0
92H-07095,2026-08-04 19:25:00,438.0,0.0,"Số 3, Phường Bình Hòa, TP Hồ Chí Minh",0,0,438.0,5.0,15.0,0,0.0,1,0,0,VALID,-0.1000000000000227,-0.0200000000000045,438.1,0.04472135608048447,5.0,1,Stopped,0.0,0,0,,438.0,438.3,440.3,0.0
92H-07095,2026-08-04 19:30:00,437.8,0.0,"Số 3, Phường Bình Hòa, TP Hồ Chí Minh",0,0,437.8,5.0,15.0,0,0.0,1,0,0,VALID,-0.1999999999999886,-0.0399999999999977,438.1,0.13038404691387548,5.0,1,Stopped,0.0,0,0,,437.8,438.1,440.0,0.0
92H-07095,2026-08-04 19:35:00,437.8,0.0,"Số 3, Phường Bình Hòa, TP Hồ Chí Minh",0,0,437.8,5.0,15.0,0,0.0,1,0,0,VALID,0.0,0.0,438.0,0.15165750785766804,5.0,1,Stopped,0.0,0,0,,437.8,438.0,439.8,0.0
92H-07095,2026-08-04 19:40:00,437.7,0.0,"Số 3, Phường Bình Hòa, TP Hồ Chí Minh",0,0,437.7,5.0,15.0,0,0.0,1,0,0,VALID,-0.1000000000000227,-0.0200000000000045,437.8,0.16431676630686395,5.0,1,Stopped,0.0,0,0,,437.7,437.9,439.6,0.0
92H-07095,2026-08-04 19:45:00,437.7,0.0,"Số 3, Phường Bình Hòa, TP Hồ Chí Minh",0,0,437.7,5.0,15.0,0,0.0,1,0,0,VALID,0.0,0.0,437.8,0.12247448587148996,5.0,1,Stopped,0.0,0,0,,437.7,437.8,439.4,0.0
92H-07095,2026-08-04 19:50:00,437.7,0.0,"Số 3, Phường Bình Hòa, TP Hồ Chí Minh",0,0,437.7,5.0,15.0,0,0.0,1,0,0,VALID,0.0,0.0,437.7,0.05477225291555108,5.0,1,Stopped,0.0,0,0,,437.7,437.8,439.2,0.0
92H-07095,2026-08-04 19:55:00,437.7,0.0,"Số 3, Phường Bình Hòa, TP Hồ Chí Minh",0,0,437.7,5.0,15.0,0,0.0,1,0,0,VALID,0.0,0.0,437.7,0.044721356077736585,5.0,1,Stopped,0.0,0,0,,437.7,437.7,439.1,0.0
92H-07095,2026-08-04 20:00:00,437.7,0.0,"Số 3, Phường Bình Hòa, TP Hồ Chí Minh",0,0,437.7,5.0,15.0,0,0.0,1,0,0,VALID,0.0,0.0,437.7,0.0,5.0,1,Stopped,0.0,0,0,,437.7,437.7,438.9,0.0
92H-07095,2026-08-04 20:05:00,437.7,0.0,"Số 3, Phường Bình Hòa, TP Hồ Chí Minh",0,0,437.7,5.0,15.0,0,0.0,1,0,0,VALID,0.0,0.0,437.7,0.0,5.0,1,Stopped,0.0,0,0,,437.7,437.7,438.8,0.0
92H-07095,2026-08-04 20:10:00,437.6,0.0,"Số 3, Phường Bình Hòa, TP Hồ Chí Minh",0,0,437.6,5.0,15.0,0,0.0,1,0,0,VALID,-0.0999999999999659,-0.0199999999999931,437.7,0.04472135607745377,5.0,1,Stopped,0.0,0,0,,437.6,437.7,438.7,0.0
92H-07095,2026-08-04 20:15:00,437.1,0.0,"Số 3, Phường Bình Hòa, TP Hồ Chí Minh",0,0,437.1,5.0,15.0,0,0.0,1,0,0,VALID,-0.5,-0.1,437.7,0.2607680956124314,5.0,1,Stopped,0.0,0,0,,437.1,437.4,438.5,0.0
92H-07095,2026-08-04 20:20:00,437.3,0.0,"Số 3, Phường Bình Hòa, TP Hồ Chí Minh",0,0,437.3,5.0,15.0,0,0.0,1,0,0,VALID,0.1999999999999886,0.0399999999999977,437.6,0.26832815672100513,5.0,1,Stopped,0.0,0,0,,437.3,437.4,438.4,0.0
92H-07095,2026-08-04 20:25:00,437.1,0.0,"Số 3, Phường Bình Hòa, TP Hồ Chí Minh",0,0,437.1,5.0,15.0,0,0.0,1,0,0,VALID,-0.1999999999999886,-0.0399999999999977,437.3,0.27928480031900393,5.0,1,Stopped,0.0,0,0,,437.1,437.3,438.3,0.0
92H-07095,2026-08-04 20:30:00,437.1,0.0,"Số 3, Phường Bình Hòa, TP Hồ Chí Minh",0,0,437.1,5.0,15.0,0,0.0,1,0,0,VALID,0.0,0.0,437.1,0.2190890222926836,5.0,1,Stopped,0.0,0,0,,437.1,437.2,438.2,0.0
92H-07095,2026-08-04 20:35:00,437.1,0.0,"Số 3, Phường Bình Hòa, TP Hồ Chí Minh",0,0,437.1,5.0,15.0,0,0.0,1,0,0,VALID,0.0,0.0,437.1,0.089442717362047,5.0,1,Stopped,0.0,0,0,,437.1,437.2,438.1,0.0
92H-07095,2026-08-04 20:40:00,437.1,0.0,"Số 3, Phường Bình Hòa, TP Hồ Chí Minh",0,0,437.1,5.0,15.0,0,0.0,1,0,0,VALID,0.0,0.0,437.1,0.089442717362047,5.0,1,Stopped,0.0,0,0,,437.1,437.1,438.0,0.0
92H-07095,2026-08-04 20:45:00,437.1,0.0,"Số 3, Phường Bình Hòa, TP Hồ Chí Minh",0,0,437.1,5.0,15.0,0,0.0,1,0,0,VALID,0.0,0.0,437.1,0.0,5.0,1,Stopped,0.0,0,0,,437.1,437.1,437.9,0.0
92H-07095,2026-08-04 20:50:00,437.1,0.0,"Số 3, Phường Bình Hòa, TP Hồ Chí Minh",0,0,437.1,5.0,15.0,0,0.0,1,0,0,VALID,0.0,0.0,437.1,0.0,5.0,1,Stopped,0.0,0,0,,437.1,437.1,437.8,0.0
92H-07095,2026-08-04 20:55:00,437.1,0.0,"Số 3, Phường Bình Hòa, TP Hồ Chí Minh",0,0,437.1,5.0,15.0,0,0.0,1,0,0,VALID,0.0,0.0,437.1,0.0,5.0,1,Stopped,0.0,0,0,,437.1,437.1,437.7,0.0
92H-07095,2026-08-04 21:00:00,437.1,0.0,"Số 3, Phường Bình Hòa, TP Hồ Chí Minh",0,0,437.1,5.0,15.0,0,0.0,1,0,0,VALID,0.0,0.0,437.1,0.0,5.0,1,Stopped,0.0,0,0,,437.1,437.1,437.7,0.0
92H-07095,2026-08-04 21:05:00,437.1,0.0,"Số 3, Phường Bình Hòa, TP Hồ Chí Minh",0,0,437.1,5.0,15.0,0,0.0,1,0,0,VALID,0.0,0.0,437.1,0.0,5.0,1,Stopped,0.0,0,0,,437.1,437.1,437.6,0.0
92H-07095,2026-08-04 21:10:00,437.1,0.0,"Số 3, Phường Bình Hòa, TP Hồ Chí Minh",0,0,437.1,5.0,15.0,0,0.0,1,0,0,VALID,0.0,0.0,437.1,0.0,5.0,1,Stopped,0.0,0,0,,437.1,437.1,437.6,0.0
92H-07095,2026-08-04 21:15:00,437.1,0.0,"Số 3, Phường Bình Hòa, TP Hồ Chí Minh",0,0,437.1,5.0,15.0,0,0.0,1,0,0,VALID,0.0,0.0,437.1,0.0,5.0,1,Stopped,0.0,0,0,,437.1,437.1,437.5,0.0
92H-07095,2026-08-04 21:20:00,437.1,0.0,"Số 3, Phường Bình Hòa, TP Hồ Chí Minh",0,0,437.1,5.0,15.0,0,0.0,1,0,0,VALID,0.0,0.0,437.1,0.0,5.0,1,Stopped,0.0,0,0,,437.1,437.1,437.5,0.0
92H-07095,2026-08-04 21:25:00,437.1,0.0,"Số 3, Phường Bình Hòa, TP Hồ Chí Minh",0,0,437.1,5.0,15.0,0,0.0,1,0,0,VALID,0.0,0.0,437.1,0.0,5.0,1,Stopped,0.0,0,0,,437.1,437.1,437.4,0.0
92H-07095,2026-08-04 21:30:00,437.1,0.0,"Số 3, Phường Bình Hòa, TP Hồ Chí Minh",0,0,437.1,5.0,15.0,0,0.0,1,0,0,VALID,0.0,0.0,437.1,0.0,5.0,1,Stopped,0.0,0,0,,437.1,437.1,437.4,0.0
92H-07095,2026-08-04 21:35:00,437.0,0.0,"Số 3, Phường Bình Hòa, TP Hồ Chí Minh",0,0,437.0,5.0,15.0,0,0.0,1,0,0,VALID,-0.1000000000000227,-0.0200000000000045,437.1,0.04472135607380271,5.0,1,Stopped,0.0,0,0,,437.0,437.1,437.4,0.0
92H-07095,2026-08-04 21:40:00,437.0,0.0,"Số 3, Phường Bình Hòa, TP Hồ Chí Minh",0,0,437.0,5.0,15.0,0,0.0,1,0,0,VALID,0.0,0.0,437.1,0.054772252912131524,5.0,1,Stopped,0.0,0,0,,437.0,437.0,437.3,0.0
92H-07095,2026-08-04 21:45:00,436.7,0.0,"Số 3, Phường Bình Hòa, TP Hồ Chí Minh",0,0,436.7,5.0,15.0,0,0.0,1,0,0,VALID,-0.3000000000000113,-0.0600000000000022,437.0,0.16431676630532585,5.0,1,Stopped,0.0,0,0,,436.7,436.9,437.3,0.0
92H-07095,2026-08-04 21:50:00,436.7,0.0,"Số 3, Phường Bình Hòa, TP Hồ Chí Minh",0,0,436.7,5.0,15.0,0,0.0,1,0,0,VALID,0.0,0.0,437.0,0.18708286850754138,5.0,1,Stopped,0.0,0,0,,436.7,436.8,437.2,0.0
92H-07095,2026-08-04 21:55:00,436.5,0.0,"Số 3, Phường Bình Hòa, TP Hồ Chí Minh",0,0,436.5,5.0,15.0,0,0.0,1,0,0,VALID,-0.1999999999999886,-0.0399999999999977,436.7,0.21679483316943243,5.0,1,Stopped,0.0,0,0,,436.5,436.7,437.1,0.0
92H-07095,2026-08-04 22:00:00,436.5,0.0,"Số 3, Phường Bình Hòa, TP Hồ Chí Minh",0,0,436.5,5.0,15.0,0,0.0,1,0,0,VALID,0.0,0.0,436.7,0.20493901456024102,5.0,1,Stopped,0.0,0,0,,436.5,436.6,437.1,0.0
92H-07095,2026-08-04 22:05:00,436.4,0.0,"Số 3, Phường Bình Hòa, TP Hồ Chí Minh",0,0,436.4,5.0,15.0,0,0.0,1,0,0,VALID,-0.1000000000000227,-0.0200000000000045,436.5,0.13416407749049442,5.0,1,Stopped,0.0,0,0,,436.4,436.5,437.0,0.0
92H-07095,2026-08-04 22:10:00,436.4,0.0,"Số 3, Phường Bình Hòa, TP Hồ Chí Minh",0,0,436.4,5.0,15.0,0,0.0,1,0,0,VALID,0.0,0.0,436.5,0.12247448586890772,5.0,1,Stopped,0.0,0,0,,436.4,436.5,436.9,0.0
92H-07095,2026-08-04 22:15:00,436.4,0.0,"Số 3, Phường Bình Hòa, TP Hồ Chí Minh",0,0,436.4,5.0,15.0,0,0.0,1,0,0,VALID,0.0,0.0,436.4,0.054772252909948256,5.0,1,Stopped,0.0,0,0,,436.4,436.4,436.9,0.0
92H-07095,2026-08-04 22:20:00,436.4,0.0,"Số 3, Phường Bình Hòa, TP Hồ Chí Minh",0,0,436.4,5.0,15.0,0,0.0,1,0,0,VALID,0.0,0.0,436.4,0.04472135607093176,5.0,1,Stopped,0.0,0,0,,436.4,436.4,436.8,0.0
92H-07095,2026-08-04 22:25:00,436.4,0.0,"Số 3, Phường Bình Hòa, TP Hồ Chí Minh",0,0,436.4,5.0,15.0,0,0.0,1,0,0,VALID,0.0,0.0,436.4,0.0,5.0,1,Stopped,0.0,0,0,,436.4,436.4,436.8,0.0
92H-07095,2026-08-04 22:30:00,436.2,0.0,"Số 3, Phường Bình Hòa, TP Hồ Chí Minh",0,0,436.2,5.0,15.0,0,0.0,1,0,0,VALID,-0.1999999999999886,-0.0399999999999977,436.4,0.08944271736036365,5.0,1,Stopped,0.0,0,0,,436.2,436.3,436.7,0.0
92H-07095,2026-08-04 22:35:00,436.2,0.0,"Số 3, Phường Bình Hòa, TP Hồ Chí Minh",0,0,436.2,5.0,15.0,0,0.0,1,0,0,VALID,0.0,0.0,436.4,0.10954451008060559,5.0,1,Stopped,0.0,0,0,,436.2,436.3,436.7,0.0
92H-07095,2026-08-04 22:40:00,436.2,0.0,"Số 3, Phường Bình Hòa, TP Hồ Chí Minh",0,0,436.2,5.0,15.0,0,0.0,1,0,0,VALID,0.0,0.0,436.2,0.10954451008059392,5.0,1,Stopped,0.0,0,0,,436.2,436.2,436.6,0.0
92H-07095,2026-08-04 22:45:00,436.2,0.0,"Số 3, Phường Bình Hòa, TP Hồ Chí Minh",0,0,436.2,5.0,15.0,0,0.0,1,0,0,VALID,0.0,0.0,436.2,0.08944271736032075,5.0,1,Stopped,0.0,0,0,,436.2,436.2,436.6,0.0
92H-07095,2026-08-04 22:50:00,436.2,0.0,"Số 3, Phường Bình Hòa, TP Hồ Chí Minh",0,0,436.2,5.0,15.0,0,0.0,1,0,0,VALID,0.0,0.0,436.2,0.0,5.0,1,Stopped,0.0,0,0,,436.2,436.2,436.6,0.0
92H-07095,2026-08-04 22:55:00,436.2,0.0,"Số 3, Phường Bình Hòa, TP Hồ Chí Minh",0,0,436.2,5.0,15.0,0,0.0,1,0,0,VALID,0.0,0.0,436.2,0.0,5.0,1,Stopped,0.0,0,0,,436.2,436.2,436.5,0.0
92H-07095,2026-08-04 23:00:00,436.2,0.0,"Số 3, Phường Bình Hòa, TP Hồ Chí Minh",0,0,436.2,5.0,15.0,0,0.0,1,0,0,VALID,0.0,0.0,436.2,0.0,5.0,1,Stopped,0.0,0,0,,436.2,436.2,436.5,0.0
92H-07095,2026-08-04 23:05:00,436.2,0.0,"Số 3, Phường Bình Hòa, TP Hồ Chí Minh",0,0,436.2,5.0,15.0,0,0.0,1,0,0,VALID,0.0,0.0,436.2,0.0,5.0,1,Stopped,0.0,0,0,,436.2,436.2,436.5,0.0
92H-07095,2026-08-04 23:10:00,436.2,0.0,"Số 3, Phường Bình Hòa, TP Hồ Chí Minh",0,0,436.2,5.0,15.0,0,0.0,1,0,0,VALID,0.0,0.0,436.2,0.0,5.0,1,Stopped,0.0,0,0,,436.2,436.2,436.4,0.0
92H-07095,2026-08-04 23:15:00,435.9,0.0,"Số 3, Phường Bình Hòa, TP Hồ Chí Minh",0,0,435.9,5.0,15.0,0,0.0,1,0,0,VALID,-0.3000000000000113,-0.0600000000000022,436.2,0.1341640774902566,5.0,1,Stopped,0.0,0,0,,435.9,436.1,436.4,0.0
92H-07095,2026-08-04 23:20:00,435.8,0.0,"Số 3, Phường Bình Hòa, TP Hồ Chí Minh",0,0,435.8,5.0,15.0,0,0.0,1,0,0,VALID,-0.0999999999999659,-0.0199999999999931,436.2,0.19493588609802062,5.0,1,Stopped,0.0,0,0,,435.8,436.0,436.3,0.0
92H-07095,2026-08-04 23:25:00,434.8,21.0,"Độc Lập, Phường Bình Hòa, TP Hồ Chí Minh",0,0,434.8,5.0,15.0,0,0.0,1,0,0,VALID,-1.0,-0.2,435.9,0.57619441136553,5.0,1,Moving,0.07,0,0,,435.6,435.8,436.2,1.0
92H-07095,2026-08-04 23:30:00,435.3,0.0,"Nguyễn Văn Tiết, Phường An Phú, TP Hồ Chí Minh",0,0,435.3,5.0,15.0,0,0.0,1,0,0,VALID,0.5,0.1,435.8,0.552268050577717,5.0,1,Stopped,-0.07,0,0,,435.3,435.6,436.2,0.0
92H-07095,2026-08-04 23:35:00,435.2,0.0,"Tỉnh Lộ 743, Phường An Phú, TP Hồ Chí Minh",0,0,435.2,5.0,15.0,0,0.0,1,0,0,VALID,-0.1000000000000227,-0.0200000000000045,435.3,0.4527692565633823,5.0,1,Stopped,0.0,0,0,,435.2,435.4,436.1,0.0
92H-07095,2026-08-04 23:40:00,427.7,26.0,"Cao Tốc Mỹ Phước - Tân Vạn, Phường Tân Đông Hiệp, TP Hồ Chí Minh",0,0,427.7,5.0,15.0,0,0.0,1,0,0,VALID,-7.5,-1.5,435.2,3.4063176598328666,5.0,1,Moving,0.0866666666666666,0,0,,430.7,433.5,435.5,1.0
92H-07095,2026-08-04 23:45:00,428.4,44.0,"Cao Tốc Mỹ Phước - Tân Vạn, Phường Dĩ An, TP Hồ Chí Minh",0,0,428.4,5.0,15.0,0,0.0,1,0,0,VALID,0.6999999999999886,0.1399999999999977,434.8,3.873886936874829,5.0,1,Moving,0.06,0,0,,432.1,433.0,435.2,1.0
92H-07095,2026-08-04 23:50:00,434.3,0.0,"Cao Tốc Mỹ Phước - Tân Vạn, Phường Tân Đông Hiệp, TP Hồ Chí Minh",0,0,434.3,5.0,15.0,0,0.0,1,0,0,VALID,5.900000000000034,1.1800000000000068,434.3,3.7982890884830587,5.0,1,Stopped,-0.1466666666666666,0,0,,435.0,433.8,435.2,0.0
92H-07095,2026-08-04 23:55:00,434.3,0.0,"Cao Tốc Mỹ Phước - Tân Vạn, Phường Tân Đông Hiệp, TP Hồ Chí Minh",0,0,434.3,5.0,15.0,0,0.0,1,0,0,VALID,0.0,0.0,434.3,3.614830563067858,5.0,1,Stopped,0.0,0,0,,435.0,434.3,435.1,0.0
92H-07095,2026-08-05 00:00:00,434.0,0.0,"Cao Tốc Mỹ Phước - Tân Vạn, Phường Tân Đông Hiệp, TP Hồ Chí Minh",0,0,434.0,5.0,15.0,0,0.0,1,0,0,VALID,-0.3000000000000113,-0.0600000000000022,434.0,3.379792893017188,5.0,1,Stopped,0.0,0,0,,435.2,434.6,435.2,0.0
92H-07095,2026-08-05 00:05:00,434.0,0.0,"Cao Tốc Mỹ Phước - Tân Vạn, Phường Tân Đông Hiệp, TP Hồ Chí Minh",0,0,434.0,5.0,15.0,0,0.0,1,0,0,VALID,0.0,0.0,434.0,2.575849374418003,5.0,1,Stopped,0.0,0,0,,435.1,434.8,435.1,0.0
92H-07095,2026-08-05 00:10:00,434.0,0.0,"Cao Tốc Mỹ Phước - Tân Vạn, Phường Tân Đông Hiệp, TP Hồ Chí Minh",0,0,434.0,5.0,15.0,0,0.0,1,0,0,VALID,0.0,0.0,434.0,0.16431676630742026,5.0,1,Stopped,0.0,0,0,,434.8,434.8,435.1,0.0
92H-07095,2026-08-05 00:15:00,434.0,0.0,"Cao Tốc Mỹ Phước - Tân Vạn, Phường Tân Đông Hiệp, TP Hồ Chí Minh",0,0,434.0,5.0,15.0,0,0.0,1,0,0,VALID,0.0,0.0,434.0,0.1341640774936352,5.0,1,Stopped,0.0,0,0,,434.7,434.8,435.1,0.0
92H-07095,2026-08-05 00:20:00,434.0,0.0,"Cao Tốc Mỹ Phước - Tân Vạn, Phường Tân Đông Hiệp, TP Hồ Chí Minh",0,0,434.0,5.0,15.0,0,0.0,1,0,0,VALID,0.0,0.0,434.0,0.0,5.0,1,Stopped,0.0,0,0,,434.0,434.5,435.0,0.0
92H-07095,2026-08-05 00:25:00,434.0,0.0,"Cao Tốc Mỹ Phước - Tân Vạn, Phường Tân Đông Hiệp, TP Hồ Chí Minh",0,0,434.0,5.0,15.0,0,0.0,1,0,0,VALID,0.0,0.0,434.0,0.0,5.0,1,Stopped,0.0,0,0,,432.3,433.6,434.7,0.0
92H-07095,2026-08-05 00:30:00,430.4,46.0,"Cao Tốc Mỹ Phước - Tân Vạn, Phường Đông Hòa, TP Hồ Chí Minh",0,0,430.4,5.0,15.0,0,0.0,1,0,0,VALID,-3.6000000000000227,-0.7200000000000045,434.0,1.609968943703474,5.0,1,Moving,0.1533333333333333,0,0,,431.1,432.6,434.3,1.0
92H-07095,2026-08-05 00:35:00,426.8,25.0,"Tỉnh Lộ 743C, Phường Đông Hòa, TP Hồ Chí Minh",0,0,426.8,5.0,15.0,0,0.0,1,0,0,VALID,-3.599999999999966,-0.7199999999999932,434.0,3.2199378875514904,5.0,1,Moving,-0.07,0,0,,430.2,431.6,433.9,1.0
92H-07095,2026-08-05 00:40:00,425.5,0.0,"Xa Lộ Hà Nội, Phường Đông Hòa, TP Hồ Chí Minh",0,0,425.5,5.0,15.0,0,0.0,1,0,0,VALID,-1.3000000000000114,-0.2600000000000023,430.4,3.954491117664755,5.0,1,Stopped,-0.0833333333333333,0,0,,429.4,430.7,433.5,0.0
92H-07095,2026-08-05 00:45:00,424.9,38.0,"Quốc Lộ 51, Phường Long Hưng, Tỉnh Đồng Nai",0,0,424.9,5.0,15.0,0,0.0,1,0,0,VALID,-0.6000000000000227,-0.1200000000000045,426.8,3.8258332425354507,5.0,1,Moving,0.1266666666666666,0,0,,428.7,429.9,433.0,1.0
92H-07095,2026-08-05 00:50:00,423.5,52.0,"Quốc Lộ 51, Phường Long Hưng, Tỉnh Đồng Nai",0,0,423.5,5.0,15.0,0,0.0,1,0,0,VALID,-1.3999999999999773,-0.2799999999999955,425.5,2.620496136171348,5.0,1,Moving,0.0466666666666666,0,0,,428.1,429.2,432.5,1.0
92H-07095,2026-08-05 00:55:00,422.9,48.0,"Quốc Lộ 51, Phường Phước Tân, Tỉnh Đồng Nai",0,0,422.9,5.0,15.0,0,0.0,1,0,0,VALID,-0.6000000000000227,-0.1200000000000045,424.9,1.562689988349809,5.0,1,Moving,-0.0133333333333333,0,0,,427.9,428.7,432.0,1.0
92H-07095,2026-08-05 01:00:00,417.9,37.0,"Quốc Lộ 51, Phường Tam Phước, Tỉnh Đồng Nai",0,0,417.9,5.0,15.0,0,0.0,1,0,0,VALID,-5.0,-1.0,423.5,3.0046630426203063,5.0,1,Moving,-0.0366666666666666,0,0,,424.5,427.0,431.3,1.0
92H-07095,2026-08-05 01:05:00,421.4,54.0,"Quốc Lộ 51, Phường Tam Phước, Tỉnh Đồng Nai",0,0,421.4,5.0,15.0,0,0.0,1,0,0,VALID,3.5,0.7,422.9,2.6724520575097466,5.0,1,Moving,0.0566666666666666,0,0,,427.0,427.0,430.9,1.0
92H-07095,2026-08-05 01:10:00,419.8,52.0,"Trường Chinh, Xã Bình An, Tỉnh Đồng Nai",0,0,419.8,5.0,15.0,0,0.0,1,0,0,VALID,-1.599999999999966,-0.3199999999999932,421.4,2.292378677201432,5.0,1,Moving,-0.0066666666666666,0,0,,425.4,426.4,430.3,1.0
92H-07095,2026-08-05 01:15:00,417.7,35.0,"Trường Chinh, Xã Long Thành, Tỉnh Đồng Nai",0,0,417.7,5.0,15.0,0,0.0,1,0,0,VALID,-2.1000000000000227,-0.4200000000000045,419.8,2.2412050329426383,5.0,1,Moving,-0.0566666666666666,0,0,,423.6,425.3,429.6,1.0
92H-07095,2026-08-05 01:20:00,415.7,61.0,"Cao tốc Hồ Chí Minh - Long Thành - Dầu Giây, Xã Long Thành, Tỉnh Đồng ",0,0,415.7,5.0,15.0,0,0.0,1,0,0,VALID,-2.0,-0.4,417.9,2.1760055146269925,5.0,1,Moving,0.0866666666666666,0,0,,421.5,423.8,428.8,1.0
92H-07095,2026-08-05 01:25:00,412.0,66.0,"Cao tốc Long Thành - Dầu Giây, Xã Long Thành, Tỉnh Đồng Nai",0,0,412.0,5.0,15.0,0,0.0,1,0,0,VALID,-3.6999999999999886,-0.7399999999999978,417.7,3.6697411352419307,5.0,1,Moving,0.0166666666666666,0,0,,418.6,421.7,427.8,1.0
92H-07095,2026-08-05 01:30:00,407.9,76.0,"Cao tốc Hồ Chí Minh - Long Thành - Dầu Giây, Xã Long Thành, Tỉnh Đồng ",0,0,407.9,5.0,15.0,0,0.0,1,0,0,VALID,-4.100000000000023,-0.8200000000000045,415.7,4.730433383918017,5.0,1,Moving,0.0333333333333333,0,0,,414.9,419.0,425.9,1.0
92H-07095,2026-08-05 01:35:00,408.5,53.0,"Xã Xuân Quế, Tỉnh Đồng Nai",0,0,408.5,5.0,15.0,0,0.0,1,0,0,VALID,0.6000000000000227,0.1200000000000045,412.0,4.318333011670759,5.0,1,Moving,-0.0766666666666666,0,0,,414.9,417.3,424.8,1.0
92H-07095,2026-08-05 01:40:00,402.7,39.0,"Cao tốc Phan Thiết - Dầu Giây, Xã Xuân Quế, Tỉnh Đồng Nai",0,0,402.7,5.0,15.0,0,0.0,1,0,0,VALID,-5.800000000000011,-1.1600000000000024,408.5,4.8577772694602555,5.0,1,Moving,-0.0466666666666666,0,0,,410.0,414.4,422.6,1.0
92H-07095,2026-08-05 01:45:00,398.8,59.0,"Cao tốc Phan Thiết - Dầu Giây, Xã Cẩm Mỹ, Tỉnh Đồng Nai",0,0,398.8,5.0,15.0,0,0.0,1,0,0,VALID,-3.899999999999977,-0.7799999999999955,407.9,5.210278303477066,5.0,1,Moving,0.0666666666666666,0,0,,406.0,411.0,420.1,1.0
92H-07095,2026-08-05 01:50:00,398.6,75.0,"Cao tốc Phan Thiết - Dầu Giây, Phường Hàng Gòn, Tỉnh Đồng Nai",0,0,398.6,5.0,15.0,0,0.0,1,0,0,VALID,-0.1999999999999886,-0.0399999999999977,402.7,4.767074574587995,5.0,1,Moving,0.0533333333333333,0,0,,406.4,409.2,409.1,1.0
92H-07095,2026-08-05 01:55:00,398.9,94.0,"Cao tốc Phan Thiết - Dầu Giây, Xã Xuân Định, Tỉnh Đồng Nai",0,0,398.9,5.0,15.0,0,0.0,1,0,0,VALID,0.2999999999999545,0.0599999999999909,398.9,4.2690748411902195,5.0,1,Moving,0.0633333333333333,0,0,,405.4,407.7,408.8,1.0
92H-07095,2026-08-05 02:00:00,396.7,80.0,"Cao tốc Phan Thiết - Dầu Giây, Xã Xuân Lộc, Tỉnh Đồng Nai",0,0,396.7,5.0,15.0,0,0.0,1,0,0,VALID,-2.1999999999999886,-0.4399999999999977,398.8,2.1847196615774993,5.0,1,Moving,-0.0466666666666666,0,0,,403.6,406.0,408.2,1.0
92H-07095,2026-08-05 02:05:00,392.9,80.0,"Cao tốc Phan Thiết - Dầu Giây, Xã Xuân Hòa, Tỉnh Đồng Nai",0,0,392.9,5.0,15.0,0,0.0,1,0,0,VALID,-3.8000000000000114,-0.7600000000000022,398.6,2.5567557567517816,5.0,1,Moving,0.0,0,0,,400.5,403.8,407.5,1.0
92H-07095,2026-08-05 02:10:00,393.2,84.0,"Cao tốc Phan Thiết - Dầu Giây, Xã Xuân Hòa, Tỉnh Đồng Nai",0,0,393.2,5.0,15.0,0,0.0,1,0,0,VALID,0.3000000000000113,0.0600000000000022,396.7,2.876282322666425,5.0,1,Moving,0.0133333333333333,0,0,,399.7,402.2,406.7,1.0
92H-07095,2026-08-05 02:15:00,391.4,79.0,"Cao tốc Phan Thiết - Dầu Giây, Xã Xuân Hòa, Tỉnh Đồng Nai",0,0,391.4,5.0,15.0,0,0.0,1,0,0,VALID,-1.8000000000000114,-0.3600000000000022,393.2,3.0817202987427974,5.0,1,Moving,-0.0166666666666666,0,0,,397.7,400.4,405.8,1.0
92H-07095,2026-08-05 02:20:00,388.1,71.0,"Cao tốc Phan Thiết - Dầu Giây, Xã Tân Minh, Tỉnh Lâm Đồng",0,0,388.1,5.0,15.0,0,0.0,1,0,0,VALID,-3.2999999999999545,-0.6599999999999909,392.9,3.116568625858169,5.0,1,Moving,-0.0266666666666666,0,0,,395.3,398.4,404.7,1.0
92H-07095,2026-08-05 02:25:00,387.5,34.0,"Cao tốc Phan Thiết - Dầu Giây, Xã Tân Minh, Tỉnh Lâm Đồng",0,0,387.5,5.0,15.0,0,0.0,1,0,0,VALID,-0.6000000000000227,-0.1200000000000045,391.4,2.6715164232479682,5.0,1,Moving,-0.1233333333333333,0,0,,393.7,396.5,403.6,1.0
92H-07095,2026-08-05 02:30:00,388.2,56.0,"Nguyễn Huệ, Xã Tân Minh, Tỉnh Lâm Đồng",0,0,388.2,5.0,15.0,0,0.0,1,0,0,VALID,0.6999999999999886,0.1399999999999977,388.2,2.4893774321471773,5.0,1,Moving,0.0733333333333333,0,0,,393.1,395.1,402.6,1.0
92H-07095,2026-08-05 02:35:00,384.7,57.0,"Quốc Lộ 1, Xã Tân Minh, Tỉnh Lâm Đồng",0,0,384.7,5.0,15.0,0,0.0,1,0,0,VALID,-3.5,-0.7,388.1,2.3847431726883634,5.0,1,Moving,0.0033333333333333,0,0,,391.2,393.6,401.4,1.0
92H-07095,2026-08-05 02:40:00,384.5,46.0,"Quốc Lộ 1, Xã Hàm Tân, Tỉnh Lâm Đồng",0,0,384.5,5.0,15.0,0,0.0,1,0,0,VALID,-0.1999999999999886,-0.0399999999999977,387.5,1.846618531176334,5.0,1,Moving,-0.0366666666666666,0,0,,391.0,392.5,400.4,1.0
92H-07095,2026-08-05 02:45:00,469.4,0.0,"Xã Hàm Tân, Tỉnh Lâm Đồng",0,0,469.4,5.0,15.0,0,0.0,1,0,0,VALID,84.89999999999998,16.979999999999997,387.5,37.233358698882945,5.0,1,Stopped,-0.1533333333333333,1,1,LARGE_DELTA,455.3,417.6,408.6,0.0
92H-07095,2026-08-05 02:50:00,564.9,0.0,"Xã Hàm Tân, Tỉnh Lâm Đồng",0,0,564.9,5.0,15.0,0,0.0,1,0,0,VALID,95.5,19.1,388.2,79.48611828489096,5.0,1,Stopped,0.0,1,1,LARGE_DELTA,543.7,468.1,428.9,0.0
92H-07095,2026-08-05 02:55:00,568.0,0.0,"Xã Hàm Tân, Tỉnh Lâm Đồng",0,0,568.0,5.0,15.0,0,0.0,1,0,0,VALID,3.1000000000000227,0.6200000000000045,469.4,90.97288057437598,5.0,1,Stopped,0.0,0,0,,556.2,503.3,530.7,0.0
92H-07095,2026-08-05 03:00:00,567.1,0.0,"Xã Hàm Tân, Tỉnh Lâm Đồng",0,0,567.1,5.0,15.0,0,0.0,1,0,0,VALID,-0.8999999999999773,-0.1799999999999954,564.9,82.2100784575691,5.0,1,Stopped,0.0,0,0,,563.7,527.5,557.1,0.0
92H-07095,2026-08-05 03:05:00,567.1,0.0,"Xã Hàm Tân, Tỉnh Lâm Đồng",0,0,567.1,5.0,15.0,0,0.0,1,0,0,VALID,0.0,0.0,567.1,43.562426470522254,5.0,1,Stopped,0.0,0,0,,564.0,542.1,557.8,0.0
92H-07095,2026-08-05 03:10:00,567.1,0.0,"Xã Hàm Tân, Tỉnh Lâm Đồng",0,0,567.1,5.0,15.0,0,0.0,1,0,0,VALID,0.0,0.0,567.1,1.1523888231205823,5.0,1,Stopped,0.0,0,0,,563.9,550.8,558.4,0.0
92H-07095,2026-08-05 03:15:00,567.1,0.0,"Xã Hàm Tân, Tỉnh Lâm Đồng",0,0,567.1,5.0,15.0,0,0.0,1,0,0,VALID,0.0,0.0,567.1,0.40249223551912044,5.0,1,Stopped,0.0,0,0,,563.0,555.7,558.9,0.0
92H-07095,2026-08-05 03:20:00,567.1,0.0,"Xã Hàm Tân, Tỉnh Lâm Đồng",0,0,567.1,5.0,15.0,0,0.0,1,0,0,VALID,0.0,0.0,567.1,0.0,5.0,1,Stopped,0.0,0,0,,562.2,558.3,559.2,0.0
92H-07095,2026-08-05 03:25:00,567.1,0.0,"Xã Hàm Tân, Tỉnh Lâm Đồng",0,0,567.1,5.0,15.0,0,0.0,1,0,0,VALID,0.0,0.0,567.1,0.0,5.0,1,Stopped,0.0,0,0,,563.5,560.4,559.6,0.0
92H-07095,2026-08-05 03:30:00,567.1,0.0,"Xã Hàm Tân, Tỉnh Lâm Đồng",0,0,567.1,5.0,15.0,0,0.0,1,0,0,VALID,0.0,0.0,567.1,0.0,5.0,1,Stopped,0.0,0,0,,565.3,562.3,560.2,0.0
92H-07095,2026-08-05 03:35:00,567.1,0.0,"Xã Hàm Tân, Tỉnh Lâm Đồng",0,0,567.1,5.0,15.0,0,0.0,1,0,0,VALID,0.0,0.0,567.1,0.0,5.0,1,Stopped,0.0,0,0,,566.2,563.9,560.8,0.0
92H-07095,2026-08-05 03:40:00,567.1,0.0,"Xã Hàm Tân, Tỉnh Lâm Đồng",0,0,567.1,5.0,15.0,0,0.0,1,0,0,VALID,0.0,0.0,567.1,0.0,5.0,1,Stopped,0.0,0,0,,567.1,565.2,561.4,0.0
92H-07095,2026-08-05 03:45:00,567.1,0.0,"Xã Hàm Tân, Tỉnh Lâm Đồng",0,0,567.1,5.0,15.0,0,0.0,1,0,0,VALID,0.0,0.0,567.1,0.0,5.0,1,Stopped,0.0,0,0,,567.1,565.9,562.0,0.0
92H-07095,2026-08-05 03:50:00,567.1,0.0,"Xã Hàm Tân, Tỉnh Lâm Đồng",0,0,567.1,5.0,15.0,0,0.0,1,0,0,VALID,0.0,0.0,567.1,0.0,5.0,1,Stopped,0.0,0,0,,567.1,566.4,562.5,0.0
92H-07095,2026-08-05 03:55:00,567.1,0.0,"Xã Hàm Tân, Tỉnh Lâm Đồng",0,0,567.1,5.0,15.0,0,0.0,1,0,0,VALID,0.0,0.0,567.1,0.0,5.0,1,Stopped,0.0,0,0,,567.1,566.7,563.0,0.0
92H-07095,2026-08-05 04:00:00,567.1,0.0,"Xã Hàm Tân, Tỉnh Lâm Đồng",0,0,567.1,5.0,15.0,0,0.0,1,0,0,VALID,0.0,0.0,567.1,0.0,5.0,1,Stopped,0.0,0,0,,567.1,566.9,563.4,0.0
92H-07095,2026-08-05 04:05:00,567.1,0.0,"Xã Hàm Tân, Tỉnh Lâm Đồng",0,0,567.1,5.0,15.0,0,0.0,1,0,0,VALID,0.0,0.0,567.1,0.0,5.0,1,Stopped,0.0,0,0,,567.1,567.0,563.8,0.0
92H-07095,2026-08-05 04:10:00,567.1,0.0,"Xã Hàm Tân, Tỉnh Lâm Đồng",0,0,567.1,5.0,15.0,0,0.0,1,0,0,VALID,0.0,0.0,567.1,0.0,5.0,1,Stopped,0.0,0,0,,567.1,567.0,564.1,0.0
92H-07095,2026-08-05 04:15:00,567.1,0.0,"Xã Hàm Tân, Tỉnh Lâm Đồng",0,0,567.1,5.0,15.0,0,0.0,1,0,0,VALID,0.0,0.0,567.1,0.0,5.0,1,Stopped,0.0,0,0,,567.1,567.0,564.4,0.0
92H-07095,2026-08-05 04:20:00,567.1,0.0,"Xã Hàm Tân, Tỉnh Lâm Đồng",0,0,567.1,5.0,15.0,0,0.0,1,0,0,VALID,0.0,0.0,567.1,0.0,5.0,1,Stopped,0.0,0,0,,567.1,567.1,564.7,0.0
92H-07095,2026-08-05 04:25:00,567.1,0.0,"Xã Hàm Tân, Tỉnh Lâm Đồng",0,0,567.1,5.0,15.0,0,0.0,1,0,0,VALID,0.0,0.0,567.1,0.0,5.0,1,Stopped,0.0,0,0,,567.1,567.1,564.9,0.0
92H-07095,2026-08-05 04:30:00,567.1,0.0,"Xã Hàm Tân, Tỉnh Lâm Đồng",0,0,567.1,5.0,15.0,0,0.0,1,0,0,VALID,0.0,0.0,567.1,0.0,5.0,1,Stopped,0.0,0,0,,567.1,567.1,565.1,0.0
92H-07095,2026-08-05 04:35:00,567.1,0.0,"Xã Hàm Tân, Tỉnh Lâm Đồng",0,0,567.1,5.0,15.0,0,0.0,1,0,0,VALID,0.0,0.0,567.1,0.0,5.0,1,Stopped,0.0,0,0,,567.1,567.1,565.3,0.0
92H-07095,2026-08-05 04:40:00,567.1,0.0,"Xã Hàm Tân, Tỉnh Lâm Đồng",0,0,567.1,5.0,15.0,0,0.0,1,0,0,VALID,0.0,0.0,567.1,0.0,5.0,1,Stopped,0.0,0,0,,567.1,567.1,565.5,0.0
92H-07095,2026-08-05 04:45:00,567.1,0.0,"Xã Hàm Tân, Tỉnh Lâm Đồng",0,0,567.1,5.0,15.0,0,0.0,1,0,0,VALID,0.0,0.0,567.1,0.0,5.0,1,Stopped,0.0,0,0,,567.1,567.1,565.7,0.0
92H-07095,2026-08-05 04:50:00,567.1,0.0,"Xã Hàm Tân, Tỉnh Lâm Đồng",0,0,567.1,5.0,15.0,0,0.0,1,0,0,VALID,0.0,0.0,567.1,0.0,5.0,1,Stopped,0.0,0,0,,567.1,567.1,565.8,0.0
92H-07095,2026-08-05 04:55:00,567.1,0.0,"Xã Hàm Tân, Tỉnh Lâm Đồng",0,0,567.1,5.0,15.0,0,0.0,1,0,0,VALID,0.0,0.0,567.1,0.0,5.0,1,Stopped,0.0,0,0,,567.1,567.1,565.9,0.0
92H-07095,2026-08-05 05:00:00,567.1,0.0,"Xã Hàm Tân, Tỉnh Lâm Đồng",0,0,567.1,5.0,15.0,0,0.0,1,0,0,VALID,0.0,0.0,567.1,0.0,5.0,1,Stopped,0.0,0,0,,567.1,567.1,566.0,0.0
92H-07095,2026-08-05 05:05:00,567.1,0.0,"Xã Hàm Tân, Tỉnh Lâm Đồng",0,0,567.1,5.0,15.0,0,0.0,1,0,0,VALID,0.0,0.0,567.1,0.0,5.0,1,Stopped,0.0,0,0,,567.1,567.1,566.2,0.0
92H-07095,2026-08-05 05:10:00,567.1,0.0,"Xã Hàm Tân, Tỉnh Lâm Đồng",0,0,567.1,5.0,15.0,0,0.0,1,0,0,VALID,0.0,0.0,567.1,0.0,5.0,1,Stopped,0.0,0,0,,567.1,567.1,566.2,0.0
92H-07095,2026-08-05 05:15:00,567.1,0.0,"Xã Hàm Tân, Tỉnh Lâm Đồng",0,0,567.1,5.0,15.0,0,0.0,1,0,0,VALID,0.0,0.0,567.1,0.0,5.0,1,Stopped,0.0,0,0,,567.1,567.1,566.3,0.0
92H-07095,2026-08-05 05:20:00,567.1,0.0,"Xã Hàm Tân, Tỉnh Lâm Đồng",0,0,567.1,5.0,15.0,0,0.0,1,0,0,VALID,0.0,0.0,567.1,0.0,5.0,1,Stopped,0.0,0,0,,567.1,567.1,566.4,0.0
92H-07095,2026-08-05 05:25:00,567.1,0.0,"Xã Hàm Tân, Tỉnh Lâm Đồng",0,0,567.1,5.0,15.0,0,0.0,1,0,0,VALID,0.0,0.0,567.1,0.0,5.0,1,Stopped,0.0,0,0,,567.1,567.1,566.5,0.0
92H-07095,2026-08-05 05:30:00,567.1,0.0,"Xã Hàm Tân, Tỉnh Lâm Đồng",0,0,567.1,5.0,15.0,0,0.0,1,0,0,VALID,0.0,0.0,567.1,0.0,5.0,1,Stopped,0.0,0,0,,567.1,567.1,566.5,0.0
92H-07095,2026-08-05 05:35:00,567.1,0.0,"Xã Hàm Tân, Tỉnh Lâm Đồng",0,0,567.1,5.0,15.0,0,0.0,1,0,0,VALID,0.0,0.0,567.1,0.0,5.0,1,Stopped,0.0,0,0,,567.1,567.1,566.6,0.0
92H-07095,2026-08-05 05:40:00,567.1,0.0,"Xã Hàm Tân, Tỉnh Lâm Đồng",0,0,567.1,5.0,15.0,0,0.0,1,0,0,VALID,0.0,0.0,567.1,0.0,5.0,1,Stopped,0.0,0,0,,567.1,567.1,566.6,0.0
92H-07095,2026-08-05 05:45:00,567.1,0.0,"Xã Hàm Tân, Tỉnh Lâm Đồng",0,0,567.1,5.0,15.0,0,0.0,1,0,0,VALID,0.0,0.0,567.1,0.0,5.0,1,Stopped,0.0,0,0,,567.1,567.1,566.7,0.0
92H-07095,2026-08-05 05:50:00,567.1,0.0,"Xã Hàm Tân, Tỉnh Lâm Đồng",0,0,567.1,5.0,15.0,0,0.0,1,0,0,VALID,0.0,0.0,567.1,0.0,5.0,1,Stopped,0.0,0,0,,567.1,567.1,566.7,0.0
92H-07095,2026-08-05 05:55:00,567.1,0.0,"Xã Hàm Tân, Tỉnh Lâm Đồng",0,0,567.1,5.0,15.0,0,0.0,1,0,0,VALID,0.0,0.0,567.1,0.0,5.0,1,Stopped,0.0,0,0,,567.1,567.1,566.8,0.0
92H-07095,2026-08-05 06:00:00,567.1,0.0,"Xã Hàm Tân, Tỉnh Lâm Đồng",0,0,567.1,5.0,15.0,0,0.0,1,0,0,VALID,0.0,0.0,567.1,0.0,5.0,1,Stopped,0.0,0,0,,567.1,567.1,566.8,0.0
92H-07095,2026-08-05 06:05:00,567.1,0.0,"Xã Hàm Tân, Tỉnh Lâm Đồng",0,0,567.1,5.0,15.0,0,0.0,1,0,0,VALID,0.0,0.0,567.1,0.0,5.0,1,Stopped,0.0,0,0,,567.1,567.1,566.8,0.0
92H-07095,2026-08-05 06:10:00,567.1,0.0,"Xã Hàm Tân, Tỉnh Lâm Đồng",0,0,567.1,5.0,15.0,0,0.0,1,0,0,VALID,0.0,0.0,567.1,0.0,5.0,1,Stopped,0.0,0,0,,567.1,567.1,566.9,0.0
92H-07095,2026-08-05 06:15:00,567.1,0.0,"Xã Hàm Tân, Tỉnh Lâm Đồng",0,0,567.1,5.0,15.0,0,0.0,1,0,0,VALID,0.0,0.0,567.1,0.0,5.0,1,Stopped,0.0,0,0,,567.1,567.1,566.9,0.0
92H-07095,2026-08-05 06:20:00,567.1,0.0,"Xã Hàm Tân, Tỉnh Lâm Đồng",0,0,567.1,5.0,15.0,0,0.0,1,0,0,VALID,0.0,0.0,567.1,0.0,5.0,1,Stopped,0.0,0,0,,567.1,567.1,566.9,0.0
92H-07095,2026-08-05 06:25:00,567.1,0.0,"Xã Hàm Tân, Tỉnh Lâm Đồng",0,0,567.1,5.0,15.0,0,0.0,1,0,0,VALID,0.0,0.0,567.1,0.0,5.0,1,Stopped,0.0,0,0,,567.1,567.1,566.9,0.0
92H-07095,2026-08-05 06:30:00,567.1,0.0,"Xã Hàm Tân, Tỉnh Lâm Đồng",0,0,567.1,5.0,15.0,0,0.0,1,0,0,VALID,0.0,0.0,567.1,0.0,5.0,1,Stopped,0.0,0,0,,567.1,567.1,566.9,0.0
92H-07095,2026-08-05 06:35:00,567.1,0.0,"Xã Hàm Tân, Tỉnh Lâm Đồng",0,0,567.1,5.0,15.0,0,0.0,1,0,0,VALID,0.0,0.0,567.1,0.0,5.0,1,Stopped,0.0,0,0,,567.1,567.1,567.0,0.0
92H-07095,2026-08-05 06:40:00,567.1,0.0,"Xã Hàm Tân, Tỉnh Lâm Đồng",0,0,567.1,5.0,15.0,0,0.0,1,0,0,VALID,0.0,0.0,567.1,0.0,5.0,1,Stopped,0.0,0,0,,567.1,567.1,567.0,0.0
92H-07095,2026-08-05 06:45:00,567.1,0.0,"Xã Hàm Tân, Tỉnh Lâm Đồng",0,0,567.1,5.0,15.0,0,0.0,1,0,0,VALID,0.0,0.0,567.1,0.0,5.0,1,Stopped,0.0,0,0,,567.1,567.1,567.0,0.0
92H-07095,2026-08-05 06:50:00,567.1,0.0,"Xã Hàm Tân, Tỉnh Lâm Đồng",0,0,567.1,5.0,15.0,0,0.0,1,0,0,VALID,0.0,0.0,567.1,0.0,5.0,1,Stopped,0.0,0,0,,567.1,567.1,567.0,0.0
92H-07095,2026-08-05 06:55:00,567.1,0.0,"Xã Hàm Tân, Tỉnh Lâm Đồng",0,0,567.1,5.0,15.0,0,0.0,1,0,0,VALID,0.0,0.0,567.1,0.0,5.0,1,Stopped,0.0,0,0,,567.1,567.1,567.0,0.0
92H-07095,2026-08-05 07:00:00,567.1,0.0,"Xã Hàm Tân, Tỉnh Lâm Đồng",0,0,567.1,5.0,15.0,0,0.0,1,0,0,VALID,0.0,0.0,567.1,0.0,5.0,1,Stopped,0.0,0,0,,567.1,567.1,567.0,0.0
92H-07095,2026-08-05 07:05:00,567.0,0.0,"Xã Hàm Tân, Tỉnh Lâm Đồng",0,0,567.0,5.0,15.0,0,0.0,1,0,0,VALID,-0.1000000000000227,-0.0200000000000045,567.1,0.04472135567298591,5.0,1,Stopped,0.0,0,0,,567.0,567.1,567.0,0.0
92H-07095,2026-08-05 07:10:00,566.7,0.0,"Xã Hàm Tân, Tỉnh Lâm Đồng",0,0,566.7,5.0,15.0,0,0.0,1,0,0,VALID,-0.2999999999999545,-0.0599999999999909,567.1,0.17320507975589555,5.0,1,Stopped,0.0,0,0,,566.7,566.9,567.0,0.0
92H-07095,2026-08-05 07:15:00,566.7,0.0,"Xã Hàm Tân, Tỉnh Lâm Đồng",0,0,566.7,5.0,15.0,0,0.0,1,0,0,VALID,0.0,0.0,567.0,0.20493901447322982,5.0,1,Stopped,0.0,0,0,,566.7,566.8,567.0,0.0
92H-07095,2026-08-05 07:20:00,571.7,32.0,"Xã Tân Lập, Tỉnh Lâm Đồng",0,0,571.7,5.0,15.0,0,0.0,1,0,0,VALID,5.0,1.0,567.0,2.165178976355784,5.0,1,Moving,0.1066666666666666,0,0,,570.1,568.1,567.3,1.0
92H-07095,2026-08-05 07:25:00,570.2,0.0,"Xã Tân Lập, Tỉnh Lâm Đồng",0,0,570.2,5.0,15.0,0,0.0,1,0,0,VALID,-1.5,-0.3,567.0,2.3373061416196403,5.0,1,Stopped,-0.1066666666666666,0,0,,569.2,568.6,567.5,0.0
92H-07095,2026-08-05 07:30:00,571.8,0.0,"Xã Tân Lập, Tỉnh Lâm Đồng",0,0,571.8,5.0,15.0,0,0.0,1,0,0,VALID,1.599999999999909,0.3199999999999818,570.2,2.5626158509719237,5.0,1,Stopped,0.0,0,0,,570.5,569.3,567.8,0.0
92H-07095,2026-08-05 07:35:00,571.8,0.0,"Xã Tân Lập, Tỉnh Lâm Đồng",0,0,571.8,5.0,15.0,0,0.0,1,0,0,VALID,0.0,0.0,571.7,2.1984085151882864,5.0,1,Stopped,0.0,0,0,,570.5,569.8,568.0,0.0
92H-07095,2026-08-05 07:40:00,571.8,0.0,"Xã Tân Lập, Tỉnh Lâm Đồng",0,0,571.8,5.0,15.0,0,0.0,1,0,0,VALID,0.0,0.0,571.8,0.7056911503288004,5.0,1,Stopped,0.0,0,0,,570.7,570.2,568.3,0.0
92H-07095,2026-08-05 07:45:00,571.7,0.0,"Xã Tân Lập, Tỉnh Lâm Đồng",0,0,571.7,5.0,15.0,0,0.0,1,0,0,VALID,-0.099999999999909,-0.0199999999999818,571.8,0.7056911503288004,5.0,1,Stopped,0.0,0,0,,570.6,570.3,568.5,0.0
92H-07095,2026-08-05 07:50:00,571.7,0.0,"Xã Tân Lập, Tỉnh Lâm Đồng",0,0,571.7,5.0,15.0,0,0.0,1,0,0,VALID,0.0,0.0,571.8,0.05477225257716305,5.0,1,Stopped,0.0,0,0,,570.5,570.4,568.7,0.0
92H-07095,2026-08-05 07:55:00,571.7,0.0,"Xã Tân Lập, Tỉnh Lâm Đồng",0,0,571.7,5.0,15.0,0,0.0,1,0,0,VALID,0.0,0.0,571.7,0.054772252577209746,5.0,1,Stopped,0.0,0,0,,570.4,570.4,568.9,0.0
92H-07095,2026-08-05 08:00:00,565.6,71.0,"Cao tốc Phan Thiết - Dầu Giây, Xã Tân Lập, Tỉnh Lâm Đồng",0,0,565.6,5.0,15.0,0,0.0,1,0,0,VALID,-6.100000000000023,-1.2200000000000046,571.7,2.7395255062971517,5.0,1,Moving,0.2366666666666666,0,0,,566.8,569.0,568.7,1.0
92H-07095,2026-08-05 08:05:00,564.3,76.0,"Cao tốc Phan Thiết - Dầu Giây, Xã Tân Lập, Tỉnh Lâm Đồng",0,0,564.3,5.0,15.0,0,0.0,1,0,0,VALID,-1.3000000000000682,-0.2600000000000136,571.7,3.725587201992903,5.0,1,Moving,0.0166666666666666,0,0,,567.5,568.4,568.6,1.0
92H-07095,2026-08-05 08:10:00,560.5,81.0,"Cao tốc Phan Thiết - Dầu Giây, Xã Tân Lập, Tỉnh Lâm Đồng",0,0,560.5,5.0,15.0,0,0.0,1,0,0,VALID,-3.7999999999999545,-0.7599999999999909,565.6,4.883441409462582,5.0,1,Moving,0.0166666666666666,0,0,,564.4,566.8,568.2,1.0
92H-07095,2026-08-05 08:15:00,559.8,89.0,"Cao tốc Phan Thiết - Dầu Giây, Xã Hàm Kiệm, Tỉnh Lâm Đồng",0,0,559.8,5.0,15.0,0,0.0,1,0,0,VALID,-0.7000000000000455,-0.1400000000000091,564.3,4.772525536825803,5.0,1,Moving,0.0266666666666666,0,0,,564.4,565.8,567.8,1.0
92H-07095,2026-08-05 08:20:00,557.3,82.0,"Cao tốc Vĩnh Hảo-Phan Thiết, Xã Hàm Kiệm, Tỉnh Lâm Đồng",0,0,557.3,5.0,15.0,0,0.0,1,0,0,VALID,-2.5,-0.5,560.5,3.3977934015556714,5.0,1,Moving,-0.0233333333333333,0,0,,562.8,564.6,567.3,1.0
92H-07095,2026-08-05 08:25:00,555.3,74.0,"Cao tốc Vĩnh Hảo-Phan Thiết, Xã Hàm Thạnh, Tỉnh Lâm Đồng",0,0,555.3,5.0,15.0,0,0.0,1,0,0,VALID,-2.0,-0.4,559.8,3.4129166411818224,5.0,1,Moving,-0.0266666666666666,0,0,,561.5,563.4,566.7,1.0
92H-07095,2026-08-05 08:30:00,551.5,74.0,"Cao tốc Vĩnh Hảo-Phan Thiết, Xã Hàm Liêm, Tỉnh Lâm Đồng",0,0,551.5,5.0,15.0,0,0.0,1,0,0,VALID,-3.7999999999999545,-0.7599999999999909,557.3,3.648561360270175,5.0,1,Moving,0.0,0,0,,558.7,561.5,565.9,1.0
92H-07095,2026-08-05 08:35:00,550.2,73.0,"Cao tốc Vĩnh Hảo-Phan Thiết, Xã Hàm Liêm, Tỉnh Lâm Đồng",0,0,550.2,5.0,15.0,0,0.0,1,0,0,VALID,-1.2999999999999543,-0.2599999999999909,555.3,3.9858499720457456,5.0,1,Moving,-0.0033333333333333,0,0,,558.0,560.1,565.1,1.0
92H-07095,2026-08-05 08:40:00,548.7,67.0,"Cao tốc Vĩnh Hảo-Phan Thiết, Xã Hàm Thuận, Tỉnh Lâm Đồng",0,0,548.7,5.0,15.0,0,0.0,1,0,0,VALID,-1.5,-0.3,551.5,3.5902646141556565,5.0,1,Moving,-0.02,0,0,,556.3,558.6,564.2,1.0
92H-07095,2026-08-05 08:45:00,549.0,11.0,"Cao tốc Vĩnh Hảo-Phan Thiết, Xã Hàm Thuận Bắc, Tỉnh Lâm Đồng",0,0,549.0,5.0,15.0,0,0.0,1,0,0,VALID,0.2999999999999545,0.0599999999999909,550.2,2.676378149600578,5.0,1,Moving,-0.1866666666666666,0,0,,555.2,557.2,563.3,1.0
92H-07095,2026-08-05 08:50:00,544.3,0.0,"Xã Hàm Thuận Bắc, Tỉnh Lâm Đồng",0,0,544.3,5.0,15.0,0,0.0,1,0,0,VALID,-4.7000000000000455,-0.940000000000009,549.0,2.717167642907068,5.0,1,Stopped,-0.0366666666666666,0,0,,551.5,554.9,561.6,0.0
92H-07095,2026-08-05 08:55:00,544.8,0.0,"Xã Hàm Thuận Bắc, Tỉnh Lâm Đồng",0,0,544.8,5.0,15.0,0,0.0,1,0,0,VALID,0.5,0.1,548.7,2.667395733606467,5.0,1,Stopped,0.0,0,0,,551.2,553.4,560.5,0.0
92H-07095,2026-08-05 09:00:00,544.9,0.0,"Xã Hàm Thuận Bắc, Tỉnh Lâm Đồng",0,0,544.9,5.0,15.0,0,0.0,1,0,0,VALID,0.1000000000000227,0.0200000000000045,544.9,2.3049945769269207,5.0,1,Stopped,0.0,0,0,,550.5,552.3,559.5,0.0
92H-07095,2026-08-05 09:05:00,544.9,0.0,"Xã Hàm Thuận Bắc, Tỉnh Lâm Đồng",0,0,544.9,5.0,15.0,0,0.0,1,0,0,VALID,0.0,0.0,544.9,1.9279522814797492,5.0,1,Stopped,0.0,0,0,,549.7,551.2,558.5,0.0
92H-07095,2026-08-05 09:10:00,544.9,0.0,"Xã Hàm Thuận Bắc, Tỉnh Lâm Đồng",0,0,544.9,5.0,15.0,0,0.0,1,0,0,VALID,0.0,0.0,544.9,0.2607680955629712,5.0,1,Stopped,0.0,0,0,,548.9,550.3,557.6,0.0
92H-07095,2026-08-05 09:15:00,544.9,0.0,"Xã Hàm Thuận Bắc, Tỉnh Lâm Đồng",0,0,544.9,5.0,15.0,0,0.0,1,0,0,VALID,0.0,0.0,544.9,0.04472135578694419,5.0,1,Stopped,0.0,0,0,,547.7,549.3,556.6,0.0
92H-07095,2026-08-05 09:20:00,542.3,47.0,"Cao tốc Vĩnh Hảo-Phan Thiết, Xã Hàm Thuận Bắc, Tỉnh Lâm Đồng",0,0,542.3,5.0,15.0,0,0.0,1,0,0,VALID,-2.6000000000000227,-0.5200000000000046,544.9,1.1627553481553632,5.0,1,Moving,0.1566666666666666,0,0,,546.0,548.0,555.5,1.0
92H-07095,2026-08-05 09:25:00,541.5,74.0,"Cao tốc Vĩnh Hảo-Phan Thiết, Xã Hồng Sơn, Tỉnh Lâm Đồng",0,0,541.5,5.0,15.0,0,0.0,1,0,0,VALID,-0.7999999999999545,-0.1599999999999909,544.9,1.6673331999527077,5.0,1,Moving,0.09,0,0,,545.5,547.0,554.5,1.0
92H-07095,2026-08-05 09:30:00,540.7,74.0,"Cao tốc Vĩnh Hảo-Phan Thiết, Xã Hồng Sơn, Tỉnh Lâm Đồng",0,0,540.7,5.0,15.0,0,0.0,1,0,0,VALID,-0.7999999999999545,-0.1599999999999909,542.3,1.9462785000265033,5.0,1,Moving,0.0,0,0,,544.6,546.0,553.5,1.0
92H-07095,2026-08-05 09:35:00,539.8,75.0,"Cao tốc Vĩnh Hảo-Phan Thiết, Xã Sông Lũy, Tỉnh Lâm Đồng",0,0,539.8,5.0,15.0,0,0.0,1,0,0,VALID,-0.900000000000091,-0.1800000000000182,541.5,1.9462785000268348,5.0,1,Moving,0.0033333333333333,0,0,,542.9,544.8,552.5,1.0
92H-07095,2026-08-05 09:40:00,537.1,74.0,"Cao tốc Vĩnh Hảo-Phan Thiết, Xã Lương Sơn, Tỉnh Lâm Đồng",0,0,537.1,5.0,15.0,0,0.0,1,0,0,VALID,-2.699999999999932,-0.5399999999999864,540.7,2.005492458143053,5.0,1,Moving,-0.0033333333333333,0,0,,541.7,543.5,551.4,1.0
92H-07095,2026-08-05 09:45:00,538.3,72.0,"Cao tốc Vĩnh Hảo-Phan Thiết, Xã Lương Sơn, Tỉnh Lâm Đồng",0,0,538.3,5.0,15.0,0,0.0,1,0,0,VALID,1.1999999999999318,0.2399999999999863,539.8,1.7838161339302296,5.0,1,Moving,-0.0066666666666666,0,0,,542.6,543.2,550.5,1.0
92H-07095,2026-08-05 09:50:00,536.1,73.0,"Cao tốc Vĩnh Hảo-Phan Thiết, Xã Hải Ninh, Tỉnh Lâm Đồng",0,0,536.1,5.0,15.0,0,0.0,1,0,0,VALID,-2.199999999999932,-0.4399999999999863,538.3,1.8867962263241382,5.0,1,Moving,0.0033333333333333,0,0,,541.4,542.5,549.6,1.0
92H-07095,2026-08-05 09:55:00,532.0,76.0,"Cao tốc Vĩnh Hảo-Phan Thiết, Xã Hải Ninh, Tỉnh Lâm Đồng",0,0,532.0,5.0,15.0,0,0.0,1,0,0,VALID,-4.100000000000023,-0.8200000000000045,537.1,2.948389390781473,5.0,1,Moving,0.01,0,0,,538.8,541.0,548.5,1.0
92H-07095,2026-08-05 10:00:00,529.9,75.0,"Cao tốc Vĩnh Hảo-Phan Thiết, Xã Bắc Bình, Tỉnh Lâm Đồng",0,0,529.9,5.0,15.0,0,0.0,1,0,0,VALID,-2.1000000000000227,-0.4200000000000045,536.1,3.570994259261002,5.0,1,Moving,-0.0033333333333333,0,0,,537.1,539.4,547.4,1.0
92H-07095,2026-08-05 10:05:00,524.9,75.0,"Cao tốc Vĩnh Hảo-Phan Thiết, Xã Tuy Phong, Tỉnh Lâm Đồng",0,0,524.9,5.0,15.0,0,0.0,1,0,0,VALID,-5.0,-1.0,532.0,5.268586148074019,5.0,1,Moving,0.0,0,0,,532.3,536.6,545.1,1.0
92H-07095,2026-08-05 10:10:00,526.0,75.0,"Cao tốc Vĩnh Hảo-Phan Thiết, Xã Tuy Phong, Tỉnh Lâm Đồng",0,0,526.0,5.0,15.0,0,0.0,1,0,0,VALID,1.1000000000000227,0.2200000000000045,529.9,4.554887484854036,5.0,1,Moving,0.0,0,0,,532.7,535.0,543.3,1.0
92H-07095,2026-08-05 10:15:00,518.6,74.0,"Cao tốc Vĩnh Hảo-Phan Thiết, Xã Liên Hương, Tỉnh Lâm Đồng",0,0,518.6,5.0,15.0,0,0.0,1,0,0,VALID,-7.399999999999977,-1.4799999999999955,526.0,5.166913972545252,5.0,1,Moving,-0.0033333333333333,0,0,,526.5,531.6,529.9,1.0
92H-07095,2026-08-05 10:20:00,519.5,74.0,"Cao tốc Cam Lâm-Vĩnh Hảo, Xã Vĩnh Hảo, Tỉnh Lâm Đồng",0,0,519.5,5.0,15.0,0,0.0,1,0,0,VALID,0.8999999999999773,0.1799999999999954,524.9,4.71136922769657,5.0,1,Moving,0.0,0,0,,527.1,529.8,529.6,1.0
92H-07095,2026-08-05 10:25:00,514.4,32.0,"Cao tốc Cam Lâm-Vĩnh Hảo, Xã Tuy Phong, Tỉnh Lâm Đồng",0,0,514.4,5.0,15.0,0,0.0,1,0,0,VALID,-5.100000000000023,-1.0200000000000045,519.5,4.776714351904425,5.0,1,Moving,-0.14,0,0,,522.3,526.8,528.8,1.0
92H-07095,2026-08-05 10:30:00,513.8,0.0,"Cao tốc Cam Lâm-Vĩnh Hảo, Xã Tuy Phong, Tỉnh Lâm Đồng",0,0,513.8,5.0,15.0,0,0.0,1,0,0,VALID,-0.6000000000000227,-0.1200000000000045,518.6,4.902856310324827,5.0,1,Stopped,-0.1066666666666666,0,0,,521.6,524.7,528.1,0.0
92H-07095,2026-08-05 10:35:00,514.4,74.0,"Cao tốc Cam Lâm-Vĩnh Hảo, Xã Phước Hà, Tỉnh Khánh Hòa",0,0,514.4,5.0,15.0,0,0.0,1,0,0,VALID,0.6000000000000227,0.1200000000000045,514.4,2.6866335812116784,5.0,1,Moving,0.2466666666666666,0,0,,520.9,523.2,527.4,1.0
92H-07095,2026-08-05 10:40:00,512.0,0.0,"Cao tốc Cam Lâm-Vĩnh Hảo, Xã Phước Hà, Tỉnh Khánh Hòa",0,0,512.0,5.0,15.0,0,0.0,1,0,0,VALID,-2.3999999999999773,-0.4799999999999954,514.4,2.794995527670064,5.0,1,Stopped,-0.2466666666666666,0,0,,518.5,521.3,526.5,0.0
92H-07095,2026-08-05 10:45:00,511.6,0.0,"Cao tốc Cam Lâm-Vĩnh Hảo, Xã Phước Hà, Tỉnh Khánh Hòa",0,0,511.6,5.0,15.0,0,0.0,1,0,0,VALID,-0.3999999999999772,-0.0799999999999954,513.8,1.3446189050051731,5.0,1,Stopped,0.0,0,0,,517.5,519.8,525.6,0.0
92H-07095,2026-08-05 10:50:00,511.4,0.0,"Cao tốc Cam Lâm-Vĩnh Hảo, Xã Phước Hà, Tỉnh Khánh Hòa",0,0,511.4,5.0,15.0,0,0.0,1,0,0,VALID,-0.2000000000000454,-0.0400000000000091,512.0,1.3667479649511276,5.0,1,Stopped,0.0,0,0,,516.3,518.4,524.7,0.0
92H-07095,2026-08-05 10:55:00,511.1,0.0,"Cao tốc Cam Lâm-Vĩnh Hảo, Xã Phước Hà, Tỉnh Khánh Hòa",0,0,511.1,5.0,15.0,0,0.0,1,0,0,VALID,-0.2999999999999545,-0.0599999999999909,511.6,1.326649916028601,5.0,1,Stopped,0.0,0,0,,515.7,517.3,523.8,0.0
92H-07095,2026-08-05 11:00:00,509.4,73.0,"Cao tốc Cam Lâm-Vĩnh Hảo, Xã Phước Hữu, Tỉnh Khánh Hòa",0,0,509.4,5.0,15.0,0,0.0,1,0,0,VALID,-1.7000000000000457,-0.3400000000000091,511.4,1.004987561962806,5.0,1,Moving,0.2433333333333333,0,0,,513.5,515.8,522.8,1.0
92H-07095,2026-08-05 11:05:00,506.6,74.0,"Cao tốc Cam Lâm-Vĩnh Hảo, Xã Phước Hữu, Tỉnh Khánh Hòa",0,0,506.6,5.0,15.0,0,0.0,1,0,0,VALID,-2.7999999999999545,-0.559999999999991,511.1,2.100476136427433,5.0,1,Moving,0.0033333333333333,0,0,,511.9,514.2,521.7,1.0
92H-07095,2026-08-05 11:10:00,506.1,73.0,"Cao tốc Cam Lâm-Vĩnh Hảo, Xã Phước Hậu, Tỉnh Khánh Hòa",0,0,506.1,5.0,15.0,0,0.0,1,0,0,VALID,-0.5,-0.1,509.4,2.473256961923349,5.0,1,Moving,-0.0033333333333333,0,0,,510.6,512.8,520.6,1.0
92H-07095,2026-08-05 11:15:00,502.5,64.0,"Cao tốc Cam Lâm-Vĩnh Hảo, Phường Đô Vinh, Tỉnh Khánh Hòa",0,0,502.5,5.0,15.0,0,0.0,1,0,0,VALID,-3.6000000000000227,-0.7200000000000045,506.6,3.3049962178048533,5.0,1,Moving,-0.03,0,0,,508.2,510.9,518.7,1.0
92H-07095,2026-08-05 11:20:00,500.3,74.0,"Cao tốc Cam Lâm-Vĩnh Hảo, Xã Mỹ Sơn, Tỉnh Khánh Hòa",0,0,500.3,5.0,15.0,0,0.0,1,0,0,VALID,-2.1999999999999886,-0.4399999999999977,506.1,3.5870600775156576,5.0,1,Moving,0.0333333333333333,0,0,,506.6,509.2,516.9,1.0
92H-07095,2026-08-05 11:25:00,498.9,75.0,"Cao tốc Cam Lâm-Vĩnh Hảo, Xã Thuận Bắc, Tỉnh Khánh Hòa",0,0,498.9,5.0,15.0,0,0.0,1,0,0,VALID,-1.400000000000034,-0.2800000000000068,502.5,3.422279941750657,5.0,1,Moving,0.0033333333333333,0,0,,504.8,507.4,507.2,1.0
92H-07095,2026-08-05 11:30:00,498.1,71.0,"Cao tốc Cam Lâm-Vĩnh Hảo, Xã Thuận Bắc, Tỉnh Khánh Hòa",0,0,498.1,5.0,15.0,0,0.0,1,0,0,VALID,-0.7999999999999545,-0.1599999999999909,500.3,3.217452408305442,5.0,1,Moving,-0.0133333333333333,0,0,,504.1,506.1,506.9,1.0
92H-07095,2026-08-05 11:35:00,497.5,69.0,"Cao tốc Cam Lâm-Vĩnh Hảo, Xã Công Hải, Tỉnh Khánh Hòa",0,0,497.5,5.0,15.0,0,0.0,1,0,0,VALID,-0.6000000000000227,-0.1200000000000045,498.9,1.9969977465465854,5.0,1,Moving,-0.0066666666666666,0,0,,503.7,505.1,506.6,1.0
92H-07095,2026-08-05 11:40:00,487.9,54.0,"Cao tốc Cam Lâm-Vĩnh Hảo, Xã Công Hải, Tỉnh Khánh Hòa",0,0,487.9,5.0,15.0,0,0.0,1,0,0,VALID,-9.600000000000025,-1.9200000000000048,498.1,4.942469018589312,5.0,1,Moving,-0.05,1,1,LARGE_DELTA,495.9,501.4,505.5,1.0
92H-07095,2026-08-05 11:45:00,490.0,66.0,"Cao tốc Cam Lâm-Vĩnh Hảo, Xã Nam Cam Ranh, Tỉnh Khánh Hòa",0,0,490.0,5.0,15.0,0,0.0,1,0,0,VALID,2.1000000000000227,0.4200000000000045,497.5,5.126597312030403,5.0,1,Moving,0.04,0,0,,497.5,499.9,504.7,1.0
92H-07095,2026-08-05 11:50:00,486.9,72.0,"Cao tốc Nha Trang-Cam Lâm, Phường Ba Ngòi, Tỉnh Khánh Hòa",0,0,486.9,5.0,15.0,0,0.0,1,0,0,VALID,-3.1000000000000227,-0.6200000000000045,490.0,5.34434280335009,5.0,1,Moving,0.02,0,0,,493.9,497.5,503.6,1.0
92H-07095,2026-08-05 11:55:00,483.8,75.0,"Cao tốc Nha Trang-Cam Lâm, Xã Cam An, Tỉnh Khánh Hòa",0,0,483.8,5.0,15.0,0,0.0,1,0,0,VALID,-3.099999999999966,-0.6199999999999932,487.9,5.13974707546224,5.0,1,Moving,0.01,0,0,,491.5,495.1,501.8,1.0
92H-07095,2026-08-05 12:00:00,479.6,51.0,"Cao tốc Nha Trang-Cam Lâm, Xã Cam An, Tỉnh Khánh Hòa",0,0,479.6,5.0,15.0,0,0.0,1,0,0,VALID,-4.199999999999989,-0.8399999999999977,486.9,4.048826990589553,5.0,1,Moving,-0.08,0,0,,487.3,492.0,499.6,1.0
92H-07095,2026-08-05 12:05:00,478.2,75.0,"Cao tốc Nha Trang-Cam Lâm, Xã Cam Hiệp, Tỉnh Khánh Hòa",0,0,478.2,5.0,15.0,0,0.0,1,0,0,VALID,-1.400000000000034,-0.2800000000000068,483.8,4.924428900870503,5.0,1,Moving,0.08,0,0,,485.9,489.5,488.6,1.0
92H-07095,2026-08-05 12:10:00,479.7,69.0,"Cao tốc Nha Trang-Cam Lâm, Xã Cam Hiệp, Tỉnh Khánh Hòa",0,0,479.7,5.0,15.0,0,0.0,1,0,0,VALID,1.5,0.3,479.7,3.6087393920496664,5.0,1,Moving,-0.02,0,0,,485.9,488.1,488.4,1.0
92H-07095,2026-08-05 12:15:00,475.3,75.0,"Cao tốc Nha Trang-Cam Lâm, Xã Cam Hiệp, Tỉnh Khánh Hòa",0,0,475.3,5.0,15.0,0,0.0,1,0,0,VALID,-4.399999999999977,-0.8799999999999955,479.6,3.0703420004510273,5.0,1,Moving,0.02,0,0,,482.8,486.0,487.8,1.0
92H-07095,2026-08-05 12:20:00,474.0,74.0,"Cao tốc Nha Trang-Cam Lâm, Xã Suối Hiệp, Tỉnh Khánh Hòa",0,0,474.0,5.0,15.0,0,0.0,1,0,0,VALID,-1.3000000000000114,-0.2600000000000023,478.2,2.5851498988909327,5.0,1,Moving,-0.0033333333333333,0,0,,481.5,484.2,487.2,1.0
92H-07095,2026-08-05 12:25:00,472.5,74.0,"Cao tốc Nha Trang-Cam Lâm, Xã Diên Lạc, Tỉnh Khánh Hòa",0,0,472.5,5.0,15.0,0,0.0,1,0,0,VALID,-1.5,-0.3,475.3,2.968669735712851,5.0,1,Moving,0.0,0,0,,478.4,481.9,486.3,1.0
92H-07095,2026-08-05 12:30:00,470.6,71.0,"Cao tốc Vân Phong-Nha Trang, Xã Diên Thọ, Tỉnh Khánh Hòa",0,0,470.6,5.0,15.0,0,0.0,1,0,0,VALID,-1.8999999999999773,-0.3799999999999954,474.0,3.431763395069526,5.0,1,Moving,-0.01,0,0,,477.6,480.2,485.4,1.0
92H-07095,2026-08-05 12:35:00,467.1,66.0,"Cao tốc Vân Phong-Nha Trang, Xã Diên Lâm, Tỉnh Khánh Hòa",0,0,467.1,5.0,15.0,0,0.0,1,0,0,VALID,-3.5,-0.7,472.5,3.2039038686799097,5.0,1,Moving,-0.0166666666666666,0,0,,474.4,477.9,484.3,1.0
92H-07095,2026-08-05 12:40:00,464.6,72.0,"Cao tốc Vân Phong-Nha Trang, Xã Bắc Khánh Vĩnh, Tỉnh Khánh Hòa",0,0,464.6,5.0,15.0,0,0.0,1,0,0,VALID,-2.5,-0.5,470.6,3.869496091191293,5.0,1,Moving,0.02,0,0,,471.8,475.4,482.5,1.0
92H-07095,2026-08-05 12:45:00,459.0,72.0,"Cao tốc Vân Phong-Nha Trang, Xã Bắc Khánh Vĩnh, Tỉnh Khánh Hòa",0,0,459.0,5.0,15.0,0,0.0,1,0,0,VALID,-5.600000000000023,-1.1200000000000043,467.1,5.3078244130480075,5.0,1,Moving,0.0,0,0,,466.3,471.8,480.0,1.0
92H-07095,2026-08-05 12:50:00,457.4,69.0,"Cao tốc Vân Phong-Nha Trang, Xã Nam Ninh Hòa, Tỉnh Khánh Hòa",0,0,457.4,5.0,15.0,0,0.0,1,0,0,VALID,-1.6000000000000227,-0.3200000000000045,464.6,5.5170644367953665,5.0,1,Moving,-0.01,0,0,,465.3,469.2,468.2,1.0
92H-07095,2026-08-05 12:55:00,461.2,67.0,"Cao tốc Vân Phong-Nha Trang, Xã Tân Định, Tỉnh Khánh Hòa",0,0,461.2,5.0,15.0,0,0.0,1,0,0,VALID,3.8000000000000114,0.7600000000000022,461.2,3.9834658276122066,5.0,1,Moving,-0.0066666666666666,0,0,,466.8,468.2,468.1,1.0
92H-07095,2026-08-05 13:00:00,456.5,69.0,"Cao tốc Vân Phong-Nha Trang, Xã Hòa Trí, Tỉnh Khánh Hòa",0,0,456.5,5.0,15.0,0,0.0,1,0,0,VALID,-4.699999999999989,-0.9399999999999976,459.0,3.25084604368714,5.0,1,Moving,0.0066666666666666,0,0,,463.1,466.2,467.6,1.0
92H-07095,2026-08-05 13:05:00,454.9,77.0,"Cao tốc Vân Phong-Nha Trang, Xã Bắc Ninh Hòa, Tỉnh Khánh Hòa",0,0,454.9,5.0,15.0,0,0.0,1,0,0,VALID,-1.6000000000000227,-0.3200000000000045,457.4,2.411431110307371,5.0,1,Moving,0.0266666666666666,0,0,,462.0,464.5,467.0,1.0
92H-07095,2026-08-05 13:10:00,452.4,75.0,"Cao tốc Vân Phong-Nha Trang, Xã Vạn Hưng, Tỉnh Khánh Hòa",0,0,452.4,5.0,15.0,0,0.0,1,0,0,VALID,-2.5,-0.5,456.5,3.250692233934128,5.0,1,Moving,-0.0066666666666666,0,0,,459.5,462.5,466.3,1.0
92H-07095,2026-08-05 13:15:00,450.6,74.0,"Cao tốc Vân Phong-Nha Trang, Xã Vạn Hưng, Tỉnh Khánh Hòa",0,0,450.6,5.0,15.0,0,0.0,1,0,0,VALID,-1.7999999999999543,-0.3599999999999909,454.9,4.08497246009823,5.0,1,Moving,-0.0033333333333333,0,0,,457.5,460.5,465.4,1.0
92H-07095,2026-08-05 13:20:00,448.6,73.0,"Cao tốc Vân Phong-Nha Trang, Xã Vạn Ninh, Tỉnh Khánh Hòa",0,0,448.6,5.0,15.0,0,0.0,1,0,0,VALID,-2.0,-0.4,452.4,3.1835514759091614,5.0,1,Moving,-0.0033333333333333,0,0,,455.3,458.4,464.4,1.0
92H-07095,2026-08-05 13:25:00,444.9,75.0,"Cao tốc Vân Phong-Nha Trang, Xã Vạn Thắng, Tỉnh Khánh Hòa",0,0,444.9,5.0,15.0,0,0.0,1,0,0,VALID,-3.7000000000000455,-0.7400000000000091,450.6,3.79828908849308,5.0,1,Moving,0.0066666666666666,0,0,,451.8,455.8,462.5,1.0
92H-07095,2026-08-05 13:30:00,444.5,65.0,"Cao tốc Vân Phong-Nha Trang, Xã Tu Bông, Tỉnh Khánh Hòa",0,0,444.5,5.0,15.0,0,0.0,1,0,0,VALID,-0.3999999999999772,-0.0799999999999954,448.6,3.4691497517068326,5.0,1,Moving,-0.0333333333333333,0,0,,450.4,453.6,460.7,1.0
92H-07095,2026-08-05 13:35:00,440.2,67.0,"Cao tốc Vân Phong-Nha Trang, Xã Đại Lãnh, Tỉnh Khánh Hòa",0,0,440.2,5.0,15.0,0,0.0,1,0,0,VALID,-4.300000000000011,-0.8600000000000023,444.9,4.022809963168785,5.0,1,Moving,0.0066666666666666,0,0,,447.4,451.1,450.1,1.0
92H-07095,2026-08-05 13:40:00,439.9,66.0,"Đường dẫn hầm Đèo Cả, Xã Đại Lãnh, Tỉnh Khánh Hòa",0,0,439.9,5.0,15.0,0,0.0,1,0,0,VALID,-0.3000000000000113,-0.0600000000000022,444.5,3.6313909180604638,5.0,1,Moving,-0.0033333333333333,0,0,,447.5,449.7,449.8,1.0
92H-07095,2026-08-05 13:45:00,434.2,0.0,"Đường dẫn Hầm Đèo Cả, Xã Đại Lãnh, Tỉnh Khánh Hòa",0,0,434.2,5.0,15.0,0,0.0,1,0,0,VALID,-5.699999999999989,-1.1399999999999977,440.2,4.336242613112711,5.0,1,Stopped,-0.22,0,0,,442.0,446.6,449.0,0.0
92H-07095,2026-08-05 13:50:00,437.0,51.0,"Quốc Lộ 1, Xã Hòa Xuân, Tỉnh Đắk Lắk",0,0,437.0,5.0,15.0,0,0.0,1,0,0,VALID,2.800000000000012,0.5600000000000023,439.9,3.8539590033854814,5.0,1,Moving,0.17,0,0,,443.5,445.4,448.5,1.0
92H-07095,2026-08-05 13:55:00,435.2,0.0,"Quốc Lộ 1, Xã Hòa Xuân, Tỉnh Đắk Lắk",0,0,435.2,5.0,15.0,0,0.0,1,0,0,VALID,-1.8000000000000114,-0.3600000000000022,437.0,2.705549851652653,5.0,1,Stopped,-0.17,0,0,,441.2,443.7,447.7,0.0
92H-07095,2026-08-05 14:00:00,435.3,0.0,"Quốc Lộ 1, Xã Hòa Xuân, Tỉnh Đắk Lắk",0,0,435.3,5.0,15.0,0,0.0,1,0,0,VALID,0.1000000000000227,0.0200000000000045,435.3,2.2398660673751376,5.0,1,Stopped,0.0,0,0,,440.8,442.5,447.0,0.0
92H-07095,2026-08-05 14:05:00,435.3,0.0,"Quốc Lộ 1, Xã Hòa Xuân, Tỉnh Đắk Lắk",0,0,435.3,5.0,15.0,0,0.0,1,0,0,VALID,0.0,0.0,435.3,1.0074720838709974,5.0,1,Stopped,0.0,0,0,,439.9,441.5,446.3,0.0
92H-07095,2026-08-05 14:10:00,435.3,0.0,"Quốc Lộ 1, Xã Hòa Xuân, Tỉnh Đắk Lắk",0,0,435.3,5.0,15.0,0,0.0,1,0,0,VALID,0.0,0.0,435.3,0.7726577507403811,5.0,1,Stopped,0.0,0,0,,438.9,440.5,445.6,0.0
92H-07095,2026-08-05 14:15:00,435.3,0.0,"Quốc Lộ 1, Xã Hòa Xuân, Tỉnh Đắk Lắk",0,0,435.3,5.0,15.0,0,0.0,1,0,0,VALID,0.0,0.0,435.3,0.04472135708400671,5.0,1,Stopped,0.0,0,0,,438.2,439.6,444.9,0.0
92H-07095,2026-08-05 14:20:00,435.3,0.0,"Quốc Lộ 1, Xã Hòa Xuân, Tỉnh Đắk Lắk",0,0,435.3,5.0,15.0,0,0.0,1,0,0,VALID,0.0,0.0,435.3,0.0,5.0,1,Stopped,0.0,0,0,,437.1,438.6,444.1,0.0
92H-07095,2026-08-05 14:25:00,435.3,0.0,"Quốc Lộ 1, Xã Hòa Xuân, Tỉnh Đắk Lắk",0,0,435.3,5.0,15.0,0,0.0,1,0,0,VALID,0.0,0.0,435.3,0.0,5.0,1,Stopped,0.0,0,0,,436.6,437.8,443.3,0.0
92H-07095,2026-08-05 14:30:00,435.3,0.0,"Quốc Lộ 1, Xã Hòa Xuân, Tỉnh Đắk Lắk",0,0,435.3,5.0,15.0,0,0.0,1,0,0,VALID,0.0,0.0,435.3,0.0,5.0,1,Stopped,0.0,0,0,,435.3,436.8,442.5,0.0
92H-07095,2026-08-05 14:35:00,435.3,0.0,"Quốc Lộ 1, Xã Hòa Xuân, Tỉnh Đắk Lắk",0,0,435.3,5.0,15.0,0,0.0,1,0,0,VALID,0.0,0.0,435.3,0.0,5.0,1,Stopped,0.0,0,0,,436.0,436.5,441.9,0.0
92H-07095,2026-08-05 14:40:00,435.3,0.0,"Quốc Lộ 1, Xã Hòa Xuân, Tỉnh Đắk Lắk",0,0,435.3,5.0,15.0,0,0.0,1,0,0,VALID,0.0,0.0,435.3,0.0,5.0,1,Stopped,0.0,0,0,,435.3,436.0,441.2,0.0
92H-07095,2026-08-05 14:45:00,435.2,0.0,"Quốc Lộ 1, Xã Hòa Xuân, Tỉnh Đắk Lắk",0,0,435.2,5.0,15.0,0,0.0,1,0,0,VALID,-0.1000000000000227,-0.0200000000000045,435.3,0.04472135708400671,5.0,1,Stopped,0.0,0,0,,435.2,435.7,440.6,0.0
92H-07095,2026-08-05 14:50:00,433.1,50.0,"Quốc Lộ 1, Xã Hòa Xuân, Tỉnh Đắk Lắk",0,0,433.1,5.0,15.0,0,0.0,1,0,0,VALID,-2.099999999999966,-0.4199999999999931,435.3,0.9736529154579426,5.0,1,Moving,0.1666666666666666,0,0,,434.3,435.1,440.0,1.0
92H-07095,2026-08-05 14:55:00,431.7,48.0,"Quốc Lộ 1, Phường Đông Hòa, Tỉnh Đắk Lắk",0,0,431.7,5.0,15.0,0,0.0,1,0,0,VALID,-1.400000000000034,-0.2800000000000068,435.2,1.6468151079524047,5.0,1,Moving,-0.0066666666666666,0,0,,433.9,434.6,439.4,1.0
92H-07095,2026-08-05 15:00:00,432.9,8.0,"Đi Hòa Tân, Phường Đông Hòa, Tỉnh Đắk Lắk",0,0,432.9,5.0,15.0,0,0.0,1,0,0,VALID,1.1999999999999886,0.2399999999999977,433.1,1.5646085771785414,5.0,1,Moving,-0.1333333333333333,0,0,,434.7,434.7,438.9,1.0
92H-07095,2026-08-05 15:05:00,428.4,55.0,"Cao tốc Chí Thạnh-Vân Phong, Phường Đông Hòa, Tỉnh Đắk Lắk",0,0,428.4,5.0,15.0,0,0.0,1,0,0,VALID,-4.5,-0.9,432.9,2.4985996077366717,5.0,1,Moving,0.1566666666666666,0,0,,432.2,433.7,438.2,1.0
92H-07095,2026-08-05 15:10:00,426.5,76.0,"Cao tốc Chí Thạnh-Vân Phong, Phường Tuy Hòa, Tỉnh Đắk Lắk",0,0,426.5,5.0,15.0,0,0.0,1,0,0,VALID,-1.8999999999999773,-0.3799999999999954,431.7,2.931211353652843,5.0,1,Moving,0.07,0,0,,431.3,432.7,437.5,1.0
92H-07095,2026-08-05 15:15:00,424.6,77.0,"Cao tốc Chí Thạnh-Vân Phong, Phường Bình Kiến, Tỉnh Đắk Lắk",0,0,424.6,5.0,15.0,0,0.0,1,0,0,VALID,-1.8999999999999773,-0.3799999999999954,428.4,3.4751978360641025,5.0,1,Moving,0.0033333333333333,0,0,,430.0,431.6,436.8,1.0
92H-07095,2026-08-05 15:20:00,419.5,32.0,"Cao tốc Chí Thạnh-Vân Phong, Phường Bình Kiến, Tỉnh Đắk Lắk",0,0,419.5,5.0,15.0,0,0.0,1,0,0,VALID,-5.100000000000023,-1.0200000000000045,426.5,4.927169572867032,5.0,1,Moving,-0.15,0,0,,426.2,429.5,435.7,1.0
92H-07095,2026-08-05 15:25:00,418.2,48.0,"Cao tốc Chí Thạnh-Vân Phong, Xã Tuy An Nam, Tỉnh Đắk Lắk",0,0,418.2,5.0,15.0,0,0.0,1,0,0,VALID,-1.3000000000000114,-0.2600000000000023,424.6,4.424138334160607,5.0,1,Moving,0.0533333333333333,0,0,,425.5,427.9,434.7,1.0
92H-07095,2026-08-05 15:30:00,413.6,36.0,"Cao tốc Chí Thạnh-Vân Phong, Xã Ô Loan, Tỉnh Đắk Lắk",0,0,413.6,5.0,15.0,0,0.0,1,0,0,VALID,-4.599999999999966,-0.9199999999999932,419.5,5.164978218714187,5.0,1,Moving,-0.04,0,0,,421.6,425.4,432.7,1.0
92H-07095,2026-08-05 15:35:00,419.2,72.0,"Cao tốc Quy Nhơn–Chí Thạnh, Xã Tuy An Bắc, Tỉnh Đắk Lắk",0,0,419.2,5.0,15.0,0,0.0,1,0,0,VALID,5.599999999999966,1.1199999999999932,419.2,3.9194387353029674,5.0,1,Moving,0.12,0,0,,424.2,424.9,431.9,1.0
92H-07095,2026-08-05 15:40:00,413.9,61.0,"Cao tốc Quy Nhơn–Chí Thạnh, Xã Tuy An Bắc, Tỉnh Đắk Lắk",0,0,413.9,5.0,15.0,0,0.0,1,0,0,VALID,-5.300000000000011,-1.0600000000000025,418.2,2.899482712449798,5.0,1,Moving,-0.0366666666666666,0,0,,420.4,423.1,430.2,1.0
92H-07095,2026-08-05 15:45:00,400.8,37.0,"Xã Xuân Thọ, Tỉnh Đắk Lắk",0,0,400.8,5.0,15.0,0,0.0,1,0,0,VALID,-13.099999999999966,-2.619999999999993,413.9,7.338119650141873,5.0,1,Moving,-0.08,1,1,LARGE_DELTA,409.2,417.5,427.0,1.0
92H-07095,2026-08-05 15:50:00,406.0,74.0,"Cao tốc Quy Nhơn–Chí Thạnh, Xã Xuân Thọ, Tỉnh Đắk Lắk",0,0,406.0,5.0,15.0,0,0.0,1,0,0,VALID,5.199999999999989,1.0399999999999978,413.6,7.262919523153226,5.0,1,Moving,0.1233333333333333,0,0,,413.2,415.8,416.0,1.0
92H-07095,2026-08-05 15:55:00,409.6,71.0,"Cao tốc Quy Nhơn–Chí Thạnh, Xã Xuân Thọ, Tỉnh Đắk Lắk",0,0,409.6,5.0,15.0,0,0.0,1,0,0,VALID,3.6000000000000227,0.7200000000000045,409.6,7.081666470528028,5.0,1,Moving,-0.01,0,0,,413.1,414.7,415.7,1.0
92H-07095,2026-08-05 16:00:00,400.2,49.0,"Cao tốc Quy Nhơn–Chí Thạnh, Xã Xuân Thọ, Tỉnh Đắk Lắk",0,0,400.2,5.0,15.0,0,0.0,1,0,0,VALID,-9.400000000000034,-1.8800000000000068,406.0,5.83095189482849,5.0,1,Moving,-0.0733333333333333,1,1,LARGE_DELTA,406.8,411.6,414.8,1.0
92H-07095,2026-08-05 16:05:00,393.0,28.0,"Xã Xuân Cảnh, Tỉnh Đắk Lắk",0,0,393.0,5.0,15.0,0,0.0,1,0,0,VALID,-7.199999999999989,-1.4399999999999975,400.8,6.312844050014796,5.0,1,Moving,-0.07,0,0,,399.9,406.9,412.6,1.0
92H-07095,2026-08-05 16:10:00,400.8,75.0,"Cao tốc Quy Nhơn–Chí Thạnh, Xã Xuân Lộc, Tỉnh Đắk Lắk",0,0,400.8,5.0,15.0,0,0.0,1,0,0,VALID,7.800000000000011,1.5600000000000025,400.8,6.312844050014796,5.0,1,Moving,0.1566666666666666,0,0,,404.5,405.9,411.8,1.0
92H-07095,2026-08-05 16:15:00,395.8,73.0,"Cao tốc Quy Nhơn–Chí Thạnh, Xã Xuân Lộc, Tỉnh Đắk Lắk",0,0,395.8,5.0,15.0,0,0.0,1,0,0,VALID,-5.0,-1.0,400.2,6.312844050014913,5.0,1,Moving,-0.0066666666666666,0,0,,400.4,403.7,410.6,1.0
92H-07095,2026-08-05 16:20:00,393.5,0.0,"Xã Xuân Lộc, Tỉnh Đắk Lắk",0,0,393.5,5.0,15.0,0,0.0,1,0,0,VALID,-2.300000000000012,-0.4600000000000023,395.8,3.6671514830738485,5.0,1,Stopped,-0.2433333333333333,0,0,,399.8,402.2,409.5,0.0
92H-07095,2026-08-05 16:25:00,393.5,0.0,"Xã Xuân Lộc, Tỉnh Đắk Lắk",0,0,393.5,5.0,15.0,0,0.0,1,0,0,VALID,0.0,0.0,393.5,3.2506922339421207,5.0,1,Stopped,0.0,0,0,,397.8,400.4,407.8,0.0
92H-07095,2026-08-05 16:30:00,393.3,0.0,"Xã Xuân Lộc, Tỉnh Đắk Lắk",0,0,393.3,5.0,15.0,0,0.0,1,0,0,VALID,-0.1999999999999886,-0.0399999999999977,393.5,3.1995312156332467,5.0,1,Stopped,0.0,0,0,,395.9,398.6,406.0,0.0
92H-07095,2026-08-05 16:35:00,393.3,0.0,"Xã Xuân Lộc, Tỉnh Đắk Lắk",0,0,393.3,5.0,15.0,0,0.0,1,0,0,VALID,0.0,0.0,393.5,1.0779610381699913,5.0,1,Stopped,0.0,0,0,,396.9,397.9,405.1,0.0
92H-07095,2026-08-05 16:40:00,392.8,0.0,"Xã Xuân Lộc, Tỉnh Đắk Lắk",0,0,392.8,5.0,15.0,0,0.0,1,0,0,VALID,-0.5,-0.1,393.3,0.2863564209388496,5.0,1,Stopped,0.0,0,0,,396.5,397.4,404.2,0.0
92H-07095,2026-08-05 16:45:00,390.8,0.0,"Cao tốc Quy Nhơn–Chí Thạnh, Xã Xuân Lộc, Tỉnh Đắk Lắk",0,0,390.8,5.0,15.0,0,0.0,1,0,0,VALID,-2.0,-0.4,393.3,1.1148990984897342,5.0,1,Stopped,0.0,0,0,,393.2,395.7,403.1,0.0
92H-07095,2026-08-05 16:50:00,389.5,73.0,"Cao tốc Quy Nhơn–Chí Thạnh, Phường Quy Nhơn Tây, Tỉnh Gia Lai",0,0,389.5,5.0,15.0,0,0.0,1,0,0,VALID,-1.3000000000000114,-0.2600000000000023,392.8,1.709678332264197,5.0,1,Moving,0.2433333333333333,0,0,,392.2,394.3,402.0,1.0
92H-07095,2026-08-05 16:55:00,389.7,70.0,"Xã Tuy Phước Tây, Tỉnh Gia Lai",0,0,389.7,5.0,15.0,0,0.0,1,0,0,VALID,0.1999999999999886,0.0399999999999977,390.8,1.7512852422760994,5.0,1,Moving,-0.01,0,0,,393.9,394.1,401.2,1.0
92H-07095,2026-08-05 17:00:00,385.4,54.0,"Cao tốc Quy Nhơn–Chí Thạnh, Xã Tuy Phước Tây, Tỉnh Gia Lai",0,0,385.4,5.0,15.0,0,0.0,1,0,0,VALID,-4.300000000000011,-0.8600000000000023,389.7,2.7079512550662614,5.0,1,Moving,-0.0533333333333333,0,0,,390.2,392.6,400.1,1.0
92H-07095,2026-08-05 17:05:00,385.1,71.0,"Cao tốc Hoài Nhơn-Quy Nhơn, Phường An Nhơn Nam, Tỉnh Gia Lai",0,0,385.1,5.0,15.0,0,0.0,1,0,0,VALID,-0.2999999999999545,-0.0599999999999909,389.5,2.6504716561049393,5.0,1,Moving,0.0566666666666666,0,0,,389.8,391.5,399.1,1.0
92H-07095,2026-08-05 17:10:00,382.6,72.0,"Cao tốc Hoài Nhơn-Quy Nhơn, Phường Bình Định, Tỉnh Gia Lai",0,0,382.6,5.0,15.0,0,0.0,1,0,0,VALID,-2.5,-0.5,385.4,3.066431150346669,5.0,1,Moving,0.0033333333333333,0,0,,388.0,390.1,398.0,1.0
92H-07095,2026-08-05 17:15:00,380.6,69.0,"Xã Bình Hiệp, Tỉnh Gia Lai",0,0,380.6,5.0,15.0,0,0.0,1,0,0,VALID,-2.0,-0.4,385.1,3.4230103709771793,5.0,1,Moving,-0.01,0,0,,386.8,388.8,396.9,1.0
92H-07095,2026-08-05 17:20:00,378.1,72.0,"Cao tốc Hoài Nhơn-Quy Nhơn, Xã Bình Hiệp, Tỉnh Gia Lai",0,0,378.1,5.0,15.0,0,0.0,1,0,0,VALID,-2.5,-0.5,382.6,3.084315158964576,5.0,1,Moving,0.01,0,0,,385.1,387.3,395.1,1.0
92H-07095,2026-08-05 17:25:00,376.7,71.0,"Cao tốc Hoài Nhơn-Quy Nhơn, Xã Hòa Hội, Tỉnh Gia Lai",0,0,376.7,5.0,15.0,0,0.0,1,0,0,VALID,-1.400000000000034,-0.2800000000000068,380.6,3.380384593477462,5.0,1,Moving,-0.0033333333333333,0,0,,383.8,385.9,394.0,1.0
92H-07095,2026-08-05 17:30:00,374.5,73.0,"Cao tốc Hoài Nhơn-Quy Nhơn, Xã Phù Mỹ Nam, Tỉnh Gia Lai",0,0,374.5,5.0,15.0,0,0.0,1,0,0,VALID,-2.1999999999999886,-0.4399999999999977,378.1,3.186691073797544,5.0,1,Moving,0.0066666666666666,0,0,,381.7,384.2,392.1,1.0
92H-07095,2026-08-05 17:35:00,371.5,73.0,"Xã Phù Mỹ Nam, Tỉnh Gia Lai",0,0,371.5,5.0,15.0,0,0.0,1,0,0,VALID,-3.0,-0.6,376.7,3.4701584977954587,5.0,1,Moving,0.0,0,0,,379.1,382.2,390.2,1.0
92H-07095,2026-08-05 17:40:00,370.7,72.0,"Xã Phù Mỹ Tây, Tỉnh Gia Lai",0,0,370.7,5.0,15.0,0,0.0,1,0,0,VALID,-0.8000000000000114,-0.1600000000000022,374.5,3.2031234755817772,5.0,1,Moving,-0.0033333333333333,0,0,,378.0,380.5,380.4,1.0
92H-07095,2026-08-05 17:45:00,368.1,61.0,"Cao tốc Hoài Nhơn-Quy Nhơn, Xã Phù Mỹ Tây, Tỉnh Gia Lai",0,0,368.1,5.0,15.0,0,0.0,1,0,0,VALID,-2.599999999999966,-0.5199999999999931,371.5,3.3555923470863074,5.0,1,Moving,-0.0366666666666666,0,0,,375.4,378.5,379.9,1.0
92H-07095,2026-08-05 17:50:00,367.8,73.0,"Cao tốc Hoài Nhơn-Quy Nhơn, Xã Hoài Ân, Tỉnh Gia Lai",0,0,367.8,5.0,15.0,0,0.0,1,0,0,VALID,-0.3000000000000113,-0.0600000000000022,370.7,2.7426264783643424,5.0,1,Moving,0.04,0,0,,374.7,377.0,379.4,1.0
92H-07095,2026-08-05 17:55:00,365.1,74.0,"Cao tốc Hoài Nhơn-Quy Nhơn, Xã Hoài Ân, Tỉnh Gia Lai",0,0,365.1,5.0,15.0,0,0.0,1,0,0,VALID,-2.6999999999999886,-0.5399999999999977,368.1,2.5471552759551463,5.0,1,Moving,0.0033333333333333,0,0,,372.2,375.1,378.7,1.0
92H-07095,2026-08-05 18:00:00,362.8,71.0,"Cao tốc Hoài Nhơn-Quy Nhơn, Xã Vạn Đức, Tỉnh Gia Lai",0,0,362.8,5.0,15.0,0,0.0,1,0,0,VALID,-2.300000000000012,-0.4600000000000023,367.8,3.0306764921098313,5.0,1,Moving,-0.01,0,0,,370.2,373.1,377.8,1.0
92H-07095,2026-08-05 18:05:00,359.1,73.0,"Cao tốc Quảng Ngãi-Hoài Nhơn, Phường Hoài Nhơn Nam, Tỉnh Gia Lai",0,0,359.1,5.0,15.0,0,0.0,1,0,0,VALID,-3.6999999999999886,-0.7399999999999978,365.1,3.7492665949260853,5.0,1,Moving,0.0066666666666666,0,0,,366.7,370.5,376.7,1.0
92H-07095,2026-08-05 18:10:00,357.5,75.0,"Cao tốc Quảng Ngãi-Hoài Nhơn, Phường Hoài Nhơn, Tỉnh Gia Lai",0,0,357.5,5.0,15.0,0,0.0,1,0,0,VALID,-1.6000000000000227,-0.3200000000000045,362.8,4.227647099726987,5.0,1,Moving,0.0066666666666666,0,0,,365.1,368.4,375.0,1.0
92H-07095,2026-08-05 18:15:00,356.9,68.0,"Cao tốc Quảng Ngãi-Hoài Nhơn, Phường Hoài Nhơn Tây, Tỉnh Gia Lai",0,0,356.9,5.0,15.0,0,0.0,1,0,0,VALID,-0.6000000000000227,-0.1200000000000045,359.1,3.540056496700507,5.0,1,Moving,-0.0233333333333333,0,0,,363.7,366.5,373.9,1.0
92H-07095,2026-08-05 18:20:00,355.2,70.0,"Cao tốc Quảng Ngãi-Hoài Nhơn, Phường Hoài Nhơn Bắc, Tỉnh Gia Lai",0,0,355.2,5.0,15.0,0,0.0,1,0,0,VALID,-1.6999999999999886,-0.3399999999999977,357.5,2.876629972699425,5.0,1,Moving,0.0066666666666666,0,0,,361.8,364.6,372.0,1.0
92H-07095,2026-08-05 18:25:00,352.2,64.0,"Cao tốc Quảng Ngãi-Hoài Nhơn, Phường Hoài Nhơn Bắc, Tỉnh Gia Lai",0,0,352.2,5.0,15.0,0,0.0,1,0,0,VALID,-3.0,-0.6,356.9,2.626214004957316,5.0,1,Moving,-0.02,0,0,,359.6,362.6,370.2,1.0
92H-07095,2026-08-05 18:30:00,345.2,0.0,"Cao tốc Quảng Ngãi-Hoài Nhơn, Phường Hoài Nhơn Bắc, Tỉnh Gia Lai",0,0,345.2,5.0,15.0,0,0.0,1,0,0,VALID,-7.0,-1.4,355.2,5.024440267316893,5.0,1,Stopped,-0.2133333333333333,0,0,,353.1,358.8,356.5,0.0
92H-07095,2026-08-05 18:35:00,352.7,74.0,"Cao tốc Quảng Ngãi-Hoài Nhơn, Xã Khánh Cường, Tỉnh Quảng Ngãi",0,0,352.7,5.0,15.0,0,0.0,1,0,0,VALID,7.5,1.5,352.7,4.473589163058664,5.0,1,Moving,0.2466666666666666,0,0,,357.8,358.4,356.6,1.0
92H-07095,2026-08-05 18:40:00,345.5,0.0,"Cao tốc Quảng Ngãi-Hoài Nhơn, Xã Khánh Cường, Tỉnh Quảng Ngãi",0,0,345.5,5.0,15.0,0,0.0,1,0,0,VALID,-7.199999999999989,-1.4399999999999975,352.2,4.536849126854119,5.0,1,Stopped,-0.2466666666666666,0,0,,352.1,355.9,356.2,0.0
92H-07095,2026-08-05 18:45:00,345.3,66.0,"Cao tốc Quảng Ngãi-Hoài Nhơn, Phường Đức Phổ, Tỉnh Quảng Ngãi",0,0,345.3,5.0,15.0,0,0.0,1,0,0,VALID,-0.1999999999999886,-0.0399999999999977,345.5,3.903460003617052,5.0,1,Moving,0.22,0,0,,351.9,354.3,355.8,1.0
92H-07095,2026-08-05 18:50:00,342.8,68.0,"Cao tốc Quảng Ngãi-Hoài Nhơn, Xã Nguyễn Nghiêm, Tỉnh Quảng Ngãi",0,0,342.8,5.0,15.0,0,0.0,1,0,0,VALID,-2.5,-0.5,345.3,3.743661309445494,5.0,1,Moving,0.0066666666666666,0,0,,348.9,352.1,355.1,1.0
92H-07095,2026-08-05 18:55:00,341.2,71.0,"Cao tốc Quảng Ngãi-Hoài Nhơn, Xã Lân Phong, Tỉnh Quảng Ngãi",0,0,341.2,5.0,15.0,0,0.0,1,0,0,VALID,-1.6000000000000227,-0.3200000000000045,345.3,4.406245567355457,5.0,1,Moving,0.01,0,0,,347.4,350.2,354.3,1.0
92H-07095,2026-08-05 19:00:00,339.7,74.0,"Cao tốc Quảng Ngãi-Hoài Nhơn, Xã Mộ Đức, Tỉnh Quảng Ngãi",0,0,339.7,5.0,15.0,0,0.0,1,0,0,VALID,-1.5,-0.3,342.8,2.53278502835142,5.0,1,Moving,0.01,0,0,,346.0,348.5,353.5,1.0
92H-07095,2026-08-05 19:05:00,336.8,74.0,"Cao tốc Quảng Ngãi-Hoài Nhơn, Xã Đình Cương, Tỉnh Quảng Ngãi",0,0,336.8,5.0,15.0,0,0.0,1,0,0,VALID,-2.8999999999999773,-0.5799999999999954,341.2,3.2004687156480536,5.0,1,Moving,0.0,0,0,,343.4,346.5,352.5,1.0
92H-07095,2026-08-05 19:10:00,335.6,67.0,"Cao tốc Quảng Ngãi-Hoài Nhơn, Xã Đình Cương, Tỉnh Quảng Ngãi",0,0,335.6,5.0,15.0,0,0.0,1,0,0,VALID,-1.1999999999999886,-0.2399999999999977,339.7,2.996998498471888,5.0,1,Moving,-0.0233333333333333,0,0,,341.8,344.6,351.4,1.0
92H-07095,2026-08-05 19:15:00,333.7,73.0,"Cao tốc Quảng Ngãi-Hoài Nhơn, Xã Phước Giang, Tỉnh Quảng Ngãi",0,0,333.7,5.0,15.0,0,0.0,1,0,0,VALID,-1.900000000000034,-0.3800000000000068,336.8,3.0422031490095636,5.0,1,Moving,0.02,0,0,,339.7,342.6,349.6,1.0
92H-07095,2026-08-05 19:20:00,331.9,71.0,"Cao tốc Quảng Ngãi-Hoài Nhơn, Xã Nghĩa Giang, Tỉnh Quảng Ngãi",0,0,331.9,5.0,15.0,0,0.0,1,0,0,VALID,-1.8000000000000114,-0.3600000000000022,335.6,2.980436209658704,5.0,1,Moving,-0.0066666666666666,0,0,,339.3,341.3,348.6,1.0
92H-07095,2026-08-05 19:25:00,329.7,76.0,"Cao tốc Đà Nẵng-Quảng Ngãi, Xã Sơn Tịnh, Tỉnh Quảng Ngãi",0,0,329.7,5.0,15.0,0,0.0,1,0,0,VALID,-2.1999999999999886,-0.4399999999999977,333.7,2.8430617298690026,5.0,1,Moving,0.0166666666666666,0,0,,336.7,339.5,346.8,1.0
92H-07095,2026-08-05 19:30:00,327.4,84.0,"Cao tốc Đà Nẵng-Quảng Ngãi, Xã Thọ Phong, Tỉnh Quảng Ngãi",0,0,327.4,5.0,15.0,0,0.0,1,0,0,VALID,-2.300000000000012,-0.4600000000000023,331.9,3.2300154798153344,5.0,1,Moving,0.0266666666666666,0,0,,334.8,337.6,345.0,1.0
92H-07095,2026-08-05 19:35:00,327.4,93.0,"Cao tốc Đà Nẵng-Quảng Ngãi, Xã Bình Sơn, Tỉnh Quảng Ngãi",0,0,327.4,5.0,15.0,0,0.0,1,0,0,VALID,0.0,0.0,329.7,2.77974819000705,5.0,1,Moving,0.03,0,0,,333.9,336.1,343.9,1.0
92H-07095,2026-08-05 19:40:00,321.7,66.0,"Cao tốc Đà Nẵng-Quảng Ngãi, Xã Bình Sơn, Tỉnh Quảng Ngãi",0,0,321.7,5.0,15.0,0,0.0,1,0,0,VALID,-5.699999999999989,-1.1399999999999977,327.4,3.8009209410153084,5.0,1,Moving,-0.09,0,0,,329.3,333.4,341.7,1.0
92H-07095,2026-08-05 19:45:00,319.6,73.0,"Cao tốc Đà Nẵng-Quảng Ngãi, Xã Núi Thành, TP Đà Nẵng",0,0,319.6,5.0,15.0,0,0.0,1,0,0,VALID,-2.099999999999966,-0.4199999999999931,327.4,4.287540087258642,5.0,1,Moving,0.0233333333333333,0,0,,327.4,331.0,339.6,1.0
92H-07095,2026-08-05 19:50:00,320.0,0.0,"Xã Núi Thành, TP Đà Nẵng",0,0,320.0,5.0,15.0,0,0.0,1,0,0,VALID,0.3999999999999772,0.0799999999999954,321.7,3.8964086027842173,5.0,1,Stopped,-0.2433333333333333,0,0,,326.5,329.2,329.1,0.0
92H-07095,2026-08-05 19:55:00,319.9,0.0,"Xã Núi Thành, TP Đà Nẵng",0,0,319.9,5.0,15.0,0,0.0,1,0,0,VALID,-0.1000000000000227,-0.0200000000000045,320.0,3.27978657839983,5.0,1,Stopped,0.0,0,0,,325.6,327.8,328.8,0.0
92H-07095,2026-08-05 20:00:00,319.6,0.0,"Xã Núi Thành, TP Đà Nẵng",0,0,319.6,5.0,15.0,0,0.0,1,0,0,VALID,-0.2999999999999545,-0.0599999999999909,319.9,0.8792041855294405,5.0,1,Stopped,0.0,0,0,,324.7,326.5,328.4,0.0
92H-07095,2026-08-05 20:05:00,319.5,0.0,"Xã Núi Thành, TP Đà Nẵng",0,0,319.5,5.0,15.0,0,0.0,1,0,0,VALID,-0.1000000000000227,-0.0200000000000045,319.6,0.21679483354711052,5.0,1,Stopped,0.0,0,0,,323.8,325.4,327.9,0.0
92H-07095,2026-08-05 20:10:00,319.3,0.0,"Xã Núi Thành, TP Đà Nẵng",0,0,319.3,5.0,15.0,0,0.0,1,0,0,VALID,-0.1999999999999886,-0.0399999999999977,319.6,0.28809720556219703,5.0,1,Stopped,0.0,0,0,,322.8,324.4,327.4,0.0
92H-07095,2026-08-05 20:15:00,317.0,70.0,"Cao tốc Đà Nẵng-Quảng Ngãi, Xã Núi Thành, TP Đà Nẵng",0,0,317.0,5.0,15.0,0,0.0,1,0,0,VALID,-2.300000000000012,-0.4600000000000023,319.5,1.1717508266918695,5.0,1,Moving,0.2333333333333333,0,0,,321.0,323.0,326.8,1.0
92H-07095,2026-08-05 20:20:00,314.3,77.0,"Cao tốc Đà Nẵng-Quảng Ngãi, Xã Tam Mỹ, TP Đà Nẵng",0,0,314.3,5.0,15.0,0,0.0,1,0,0,VALID,-2.6999999999999886,-0.5399999999999977,319.3,2.300652081444243,5.0,1,Moving,0.0233333333333333,0,0,,319.0,321.4,326.0,1.0
92H-07095,2026-08-05 20:25:00,314.0,79.0,"Cao tốc Đà Nẵng-Quảng Ngãi, Xã Tam Anh, TP Đà Nẵng",0,0,314.0,5.0,15.0,0,0.0,1,0,0,VALID,-0.3000000000000113,-0.0600000000000022,317.0,2.6300190113104334,5.0,1,Moving,0.0066666666666666,0,0,,317.5,319.9,325.1,1.0
92H-07095,2026-08-05 20:30:00,312.3,78.0,"Cao tốc Đà Nẵng-Quảng Ngãi, Xã Tam Anh, TP Đà Nẵng",0,0,312.3,5.0,15.0,0,0.0,1,0,0,VALID,-1.6999999999999886,-0.3399999999999977,314.3,2.7635122579527427,5.0,1,Moving,-0.0033333333333333,0,0,,316.0,318.3,324.2,1.0
92H-07095,2026-08-05 20:35:00,308.4,67.0,"Cao tốc Đà Nẵng-Quảng Ngãi, Xã Tam Xuân, TP Đà Nẵng",0,0,308.4,5.0,15.0,0,0.0,1,0,0,VALID,-3.900000000000034,-0.7800000000000068,314.0,3.1678068122687453,5.0,1,Moving,-0.0366666666666666,0,0,,313.8,316.5,323.2,1.0
92H-07095,2026-08-05 20:40:00,307.0,69.0,"Cao tốc Đà Nẵng-Quảng Ngãi, Xã Chiên Đàn, TP Đà Nẵng",0,0,307.0,5.0,15.0,0,0.0,1,0,0,VALID,-1.3999999999999773,-0.2799999999999955,312.3,3.321897048353151,5.0,1,Moving,0.0066666666666666,0,0,,313.0,315.1,322.2,1.0
92H-07095,2026-08-05 20:45:00,306.5,74.0,"Cao tốc Đà Nẵng-Quảng Ngãi, Xã Chiên Đàn, TP Đà Nẵng",0,0,306.5,5.0,15.0,0,0.0,1,0,0,VALID,-0.5,-0.1,308.4,3.333616654604761,5.0,1,Moving,0.0166666666666666,0,0,,312.4,314.0,321.2,1.0
92H-07095,2026-08-05 20:50:00,302.9,71.0,"Cao tốc Đà Nẵng-Quảng Ngãi, Xã Thăng Điền, TP Đà Nẵng",0,0,302.9,5.0,15.0,0,0.0,1,0,0,VALID,-3.6000000000000227,-0.7200000000000045,307.0,3.3995587948820045,5.0,1,Moving,-0.01,0,0,,310.1,312.5,320.1,1.0
92H-07095,2026-08-05 20:55:00,302.1,67.0,"Cao tốc Đà Nẵng-Quảng Ngãi, Xã Thăng Phú, TP Đà Nẵng",0,0,302.1,5.0,15.0,0,0.0,1,0,0,VALID,-0.7999999999999545,-0.1599999999999909,306.5,2.7344103568887883,5.0,1,Moving,-0.0133333333333333,0,0,,309.3,311.2,319.0,1.0
92H-07095,2026-08-05 21:00:00,300.8,49.0,"Cao tốc Đà Nẵng-Quảng Ngãi, Xã Thăng Bình, TP Đà Nẵng",0,0,300.8,5.0,15.0,0,0.0,1,0,0,VALID,-1.3000000000000114,-0.2600000000000023,302.9,2.7482721844572753,5.0,1,Moving,-0.06,0,0,,307.5,309.7,317.3,1.0
92H-07095,2026-08-05 21:05:00,297.1,0.0,"Quốc Lộ 14E, Xã Thăng Bình, TP Đà Nẵng",0,0,297.1,5.0,15.0,0,0.0,1,0,0,VALID,-3.6999999999999886,-0.7399999999999978,302.1,3.407638478457275,5.0,1,Stopped,-0.1633333333333333,0,0,,304.3,307.5,315.3,0.0
92H-07095,2026-08-05 21:10:00,298.8,46.0,"Xã Thăng Bình, TP Đà Nẵng",0,0,298.8,5.0,15.0,0,0.0,1,0,0,VALID,1.6999999999999886,0.3399999999999977,300.8,2.383904360469062,5.0,1,Moving,0.1533333333333333,0,0,,305.0,306.5,314.3,1.0
92H-07095,2026-08-05 21:15:00,296.0,50.0,"Quốc Lộ 1, Xã Thăng Bình, TP Đà Nẵng",0,0,296.0,5.0,15.0,0,0.0,1,0,0,VALID,-2.800000000000012,-0.5600000000000023,298.8,2.5244801444781,5.0,1,Moving,0.0133333333333333,0,0,,302.6,305.0,312.5,1.0
92H-07095,2026-08-05 21:20:00,296.0,50.0,"Quốc Lộ 1, Xã Thăng Bình, TP Đà Nẵng",0,0,296.0,5.0,15.0,0,0.0,1,0,0,VALID,0.0,0.0,297.1,2.058640327950641,5.0,1,Moving,0.0,0,0,,301.9,303.7,311.5,1.0
92H-07095,2026-08-05 21:25:00,295.2,48.0,"Cầu Hương An, Xã Xuân Phú, TP Đà Nẵng",0,0,295.2,5.0,15.0,0,0.0,1,0,0,VALID,-0.8000000000000114,-0.1600000000000022,296.0,1.3935566008832367,5.0,1,Moving,-0.0066666666666666,0,0,,301.0,302.6,310.4,1.0
92H-07095,2026-08-05 21:30:00,294.1,51.0,"Quốc Lộ 1, Xã Xuân Phú, TP Đà Nẵng",0,0,294.1,5.0,15.0,0,0.0,1,0,0,VALID,-1.099999999999966,-0.2199999999999931,296.0,1.7383900597580217,5.0,1,Moving,0.01,0,0,,300.0,301.6,309.4,1.0
92H-07095,2026-08-05 21:35:00,293.3,25.0,"Quốc Lộ 1, Xã Nam Phước, TP Đà Nẵng",0,0,293.3,5.0,15.0,0,0.0,1,0,0,VALID,-0.8000000000000114,-0.1600000000000022,295.2,1.1945710526653806,5.0,1,Moving,-0.0866666666666666,0,0,,298.9,300.5,308.3,1.0
92H-07095,2026-08-05 21:40:00,290.5,42.0,"Điện Biên Phủ, Xã Nam Phước, TP Đà Nẵng",0,0,290.5,5.0,15.0,0,0.0,1,0,0,VALID,-2.800000000000012,-0.5600000000000023,294.1,2.122969618215672,5.0,1,Moving,0.0566666666666666,0,0,,296.9,299.1,307.2,1.0
92H-07095,2026-08-05 21:45:00,289.8,50.0,"Quốc Lộ 1, Phường Điện Bàn, TP Đà Nẵng",0,0,289.8,5.0,15.0,0,0.0,1,0,0,VALID,-0.6999999999999886,-0.1399999999999977,293.3,2.331737549525588,5.0,1,Moving,0.0266666666666666,0,0,,295.9,297.8,306.1,1.0
92H-07095,2026-08-05 21:50:00,289.5,45.0,"Quốc Lộ 1, Phường An Thắng, TP Đà Nẵng",0,0,289.5,5.0,15.0,0,0.0,1,0,0,VALID,-0.3000000000000113,-0.0600000000000022,290.5,2.1137644144673273,5.0,1,Moving,-0.0166666666666666,0,0,,294.9,296.6,304.9,1.0
92H-07095,2026-08-05 21:55:00,288.0,43.0,"Quốc Lộ 1, Phường Điện Bàn Bắc, TP Đà Nẵng",0,0,288.0,5.0,15.0,0,0.0,1,0,0,VALID,-1.5,-0.3,289.8,1.9485892332323838,5.0,1,Moving,-0.0066666666666666,0,0,,294.1,295.6,303.9,1.0
92H-07095,2026-08-05 22:00:00,288.6,4.0,Bến Xe khách Liên tỉnh Phía Nam Đà Nẵng,0,0,288.6,5.0,15.0,0,0.0,1,0,0,VALID,0.6000000000000227,0.1200000000000045,289.5,0.9884331033862387,5.0,1,Moving,-0.13,0,0,,293.7,294.9,302.8,1.0
92H-07095,2026-08-05 22:05:00,282.9,38.0,TT Đăng kiểm xe CG Hòa Châu,0,0,282.9,5.0,15.0,0,0.0,1,0,0,VALID,-5.7000000000000455,-1.140000000000009,288.6,2.8094483444033473,5.0,1,Moving,0.1133333333333333,0,0,,289.7,292.8,300.9,1.0
92H-07095,2026-08-05 22:10:00,284.5,47.0,"Trường Chinh, Phường Cẩm Lệ, TP Đà Nẵng",0,0,284.5,5.0,15.0,0,0.0,1,0,0,VALID,1.6000000000000227,0.3200000000000045,288.0,2.846928169074746,5.0,1,Moving,0.03,0,0,,290.5,291.9,299.8,1.0
92H-07095,2026-08-05 22:15:00,284.5,0.0,"Cách Mạng Tháng 8, Phường Cẩm Lệ, TP Đà Nẵng",0,0,284.5,5.0,15.0,0,0.0,1,0,0,VALID,0.0,0.0,284.5,2.4708298200952328,5.0,1,Stopped,-0.1566666666666666,0,0,,289.4,290.9,298.8,0.0
92H-07095,2026-08-05 22:20:00,283.5,0.0,"Cách Mạng Tháng 8, Phường Cẩm Lệ, TP Đà Nẵng",0,0,283.5,5.0,15.0,0,0.0,1,0,0,VALID,-1.0,-0.2,284.5,2.2315913604135384,5.0,1,Stopped,0.0,0,0,,288.3,289.9,297.7,0.0
92H-07095,2026-08-05 22:25:00,283.8,0.0,"Cách Mạng Tháng 8, Phường Cẩm Lệ, TP Đà Nẵng",0,0,283.8,5.0,15.0,0,0.0,1,0,0,VALID,0.3000000000000113,0.0600000000000022,283.8,0.6841052549665734,5.0,1,Stopped,0.0,0,0,,287.6,289.0,296.7,0.0
92H-07095,2026-08-05 22:30:00,283.8,0.0,"Cách Mạng Tháng 8, Phường Cẩm Lệ, TP Đà Nẵng",0,0,283.8,5.0,15.0,0,0.0,1,0,0,VALID,0.0,0.0,283.8,0.4549725265032492,5.0,1,Stopped,0.0,0,0,,287.0,288.2,295.8,0.0
92H-07095,2026-08-05 22:35:00,283.8,0.0,"Cách Mạng Tháng 8, Phường Cẩm Lệ, TP Đà Nẵng",0,0,283.8,5.0,15.0,0,0.0,1,0,0,VALID,0.0,0.0,283.8,0.37013511029466084,5.0,1,Stopped,0.0,0,0,,286.4,287.5,294.8,0.0
92H-07095,2026-08-05 22:40:00,283.8,0.0,"Cách Mạng Tháng 8, Phường Cẩm Lệ, TP Đà Nẵng",0,0,283.8,5.0,15.0,0,0.0,1,0,0,VALID,0.0,0.0,283.8,0.1341640781764655,5.0,1,Stopped,0.0,0,0,,285.8,286.8,293.9,0.0
92H-07095,2026-08-05 22:45:00,281.1,0.0,"Cầu vượt Hòa Cầm, Phường Cẩm Lệ, TP Đà Nẵng",0,0,281.1,5.0,15.0,0,0.0,1,0,0,VALID,-2.6999999999999886,-0.5399999999999977,283.8,1.2074767077973994,5.0,1,Stopped,0.0,0,0,,283.7,285.6,292.9,0.0
92H-07095,2026-08-05 22:50:00,410.4,0.0,"Cầu vượt Hòa Cầm, Phường Cẩm Lệ, TP Đà Nẵng",0,0,410.4,5.0,15.0,0,0.0,1,0,0,VALID,129.29999999999995,25.859999999999992,283.8,56.93111627220966,5.0,1,Stopped,0.0,1,1,LARGE_DELTA,389.4,327.1,307.4,0.0
92H-07095,2026-08-05 22:55:00,563.9,0.0,"Cầu vượt Hòa Cầm, Phường Cẩm Lệ, TP Đà Nẵng",0,0,563.9,5.0,15.0,0,0.0,1,0,0,VALID,153.5,30.7,283.8,124.34594886846864,5.0,1,Stopped,0.0,1,1,LARGE_DELTA,537.7,411.3,341.9,0.0
92H-07095,2026-08-05 23:00:00,578.8,0.0,"Cầu vượt Hòa Cầm, Phường Cẩm Lệ, TP Đà Nẵng",0,0,578.8,5.0,15.0,0,0.0,1,0,0,VALID,14.899999999999975,2.9799999999999955,410.4,144.73740014246414,5.0,1,Stopped,0.0,1,1,LARGE_DELTA,559.9,470.8,516.3,0.0
92H-07095,2026-08-05 23:05:00,579.1,0.0,"Cầu vượt Hòa Cầm, Phường Cẩm Lệ, TP Đà Nẵng",0,0,579.1,5.0,15.0,0,0.0,1,0,0,VALID,0.3000000000000682,0.0600000000000136,563.9,133.22110568524698,5.0,1,Stopped,0.0,0,0,,571.1,510.9,560.1,0.0
92H-07095,2026-08-05 23:10:00,579.1,0.0,"Cầu vượt Hòa Cầm, Phường Cẩm Lệ, TP Đà Nẵng",0,0,579.1,5.0,15.0,0,0.0,1,0,0,VALID,0.0,0.0,578.8,74.00150674141514,5.0,1,Stopped,0.0,0,0,,573.7,536.0,571.0,0.0
92H-07095,2026-08-05 23:15:00,579.0,0.0,"Cầu vượt Hòa Cầm, Phường Cẩm Lệ, TP Đà Nẵng",0,0,579.0,5.0,15.0,0,0.0,1,0,0,VALID,-0.1000000000000227,-0.0200000000000045,579.0,6.754035830501014,5.0,1,Stopped,0.0,0,0,,574.0,551.2,571.3,0.0
92H-07095,2026-08-05 23:20:00,579.0,0.0,"Cầu vượt Hòa Cầm, Phường Cẩm Lệ, TP Đà Nẵng",0,0,579.0,5.0,15.0,0,0.0,1,0,0,VALID,0.0,0.0,579.0,0.12247448587114389,5.0,1,Stopped,0.0,0,0,,574.2,560.4,571.6,0.0
92H-07095,2026-08-05 23:25:00,574.6,35.0,"Trường Sơn, Phường Cẩm Lệ, TP Đà Nẵng",0,0,574.6,5.0,15.0,0,0.0,1,0,0,VALID,-4.399999999999977,-0.8799999999999955,579.0,1.990728509789771,5.0,1,Moving,0.1166666666666666,0,0,,571.1,564.7,571.5,1.0
92H-07095,2026-08-05 23:30:00,580.2,29.0,"Trường Sơn, Xã Bà Nà, TP Đà Nẵng",0,0,580.2,5.0,15.0,0,0.0,1,0,0,VALID,5.600000000000023,1.1200000000000043,579.0,2.173016336728694,5.0,1,Moving,-0.02,0,0,,577.0,569.6,572.1,1.0
92H-07095,2026-08-05 23:35:00,572.1,50.0,"Hải Vân - Túy Loan, Xã Bà Nà, TP Đà Nẵng",0,0,572.1,5.0,15.0,0,0.0,1,0,0,VALID,-8.100000000000023,-1.6200000000000043,579.0,3.4643902782005043,5.0,1,Moving,0.07,0,0,,574.4,571.5,572.3,1.0
92H-07095,2026-08-05 23:40:00,573.4,68.0,"Hải Vân - Túy Loan, Phường Hòa Khánh, TP Đà Nẵng",0,0,573.4,5.0,15.0,0,0.0,1,0,0,VALID,1.2999999999999543,0.2599999999999909,574.6,3.5521824277042042,5.0,1,Moving,0.06,0,0,,576.6,573.6,572.7,1.0
92H-07095,2026-08-05 23:45:00,571.9,64.0,"Hải Vân - Túy Loan, Phường Liên Chiểu, TP Đà Nẵng",0,0,571.9,5.0,15.0,0,0.0,1,0,0,VALID,-1.5,-0.3,573.4,3.3989704323060903,5.0,1,Moving,-0.0133333333333333,0,0,,576.9,574.9,573.2,1.0
92H-07095,2026-08-05 23:50:00,571.4,53.0,"Hải Vân - Túy Loan, Phường Hải Vân, TP Đà Nẵng",0,0,571.4,5.0,15.0,0,0.0,1,0,0,VALID,-0.5,-0.1,572.1,3.653080891479322,5.0,1,Moving,-0.0366666666666666,0,0,,576.3,575.5,573.5,1.0
92H-07095,2026-08-05 23:55:00,572.1,0.0,"Hải Vân - Túy Loan, Phường Hải Vân, TP Đà Nẵng",0,0,572.1,5.0,15.0,0,0.0,1,0,0,VALID,0.7000000000000455,0.1400000000000091,572.1,0.7395944832758035,5.0,1,Stopped,-0.1766666666666666,0,0,,576.1,575.7,573.7,0.0
92H-07095,2026-08-06 00:00:00,569.2,0.0,"Hải Vân - Túy Loan, Phường Hải Vân, TP Đà Nẵng",0,0,569.2,5.0,15.0,0,0.0,1,0,0,VALID,-2.8999999999999773,-0.5799999999999954,571.9,1.5313392830108825,5.0,1,Stopped,0.0,0,0,,574.0,575.0,573.8,0.0
92H-07095,2026-08-06 00:05:00,560.3,33.0,"Đường phía Nam hầm Hải Vân, Phường Hải Vân, TP Đà Nẵng",0,0,560.3,5.0,15.0,0,0.0,1,0,0,VALID,-8.900000000000091,-1.7800000000000182,571.4,4.987684833637163,5.0,1,Moving,0.11,1,1,LARGE_DELTA,566.6,571.7,573.0,1.0
92H-07095,2026-08-06 00:10:00,560.9,0.0,"Suối Lương, Phường Hải Vân, TP Đà Nẵng",0,0,560.9,5.0,15.0,0,0.0,1,0,0,VALID,0.6000000000000227,0.1200000000000045,569.2,5.746042116073971,5.0,1,Stopped,-0.11,0,0,,566.9,569.8,572.4,0.0
92H-07095,2026-08-06 00:15:00,568.6,45.0,"Quốc Lộ 1, Xã Chân Mây - Lăng Cô, TP Huế",0,0,568.6,5.0,15.0,0,0.0,1,0,0,VALID,7.700000000000045,1.5400000000000091,568.6,5.302546557994221,5.0,1,Moving,0.15,0,0,,571.2,570.3,572.3,1.0
92H-07095,2026-08-06 00:20:00,560.6,44.0,"Lạc Long Quân, Xã Chân Mây - Lăng Cô, TP Huế",0,0,560.6,5.0,15.0,0,0.0,1,0,0,VALID,-8.0,-1.6,560.9,4.555985074569318,5.0,1,Moving,-0.0033333333333333,0,0,,565.2,568.3,571.6,1.0
92H-07095,2026-08-06 00:25:00,559.5,43.0,"Quốc Lộ 1, Xã Chân Mây - Lăng Cô, TP Huế",0,0,559.5,5.0,15.0,0,0.0,1,0,0,VALID,-1.1000000000000227,-0.2200000000000045,560.6,3.7372449745367438,5.0,1,Moving,-0.0033333333333333,0,0,,565.1,567.0,570.9,1.0
92H-07095,2026-08-06 00:30:00,557.8,48.0,"Quốc Lộ 1, Xã Chân Mây - Lăng Cô, TP Huế",0,0,557.8,5.0,15.0,0,0.0,1,0,0,VALID,-1.7000000000000457,-0.3400000000000091,560.6,4.161369966693737,5.0,1,Moving,0.0166666666666666,0,0,,562.9,565.4,570.1,1.0
92H-07095,2026-08-06 00:35:00,556.5,44.0,"Quốc Lộ 1, Xã Chân Mây - Lăng Cô, TP Huế",0,0,556.5,5.0,15.0,0,0.0,1,0,0,VALID,-1.2999999999999543,-0.2599999999999909,559.5,4.73972573043013,5.0,1,Moving,-0.0133333333333333,0,0,,561.9,564.0,569.3,1.0
92H-07095,2026-08-06 00:40:00,555.5,49.0,"Quốc Lộ 1, Xã Chân Mây - Lăng Cô, TP Huế",0,0,555.5,5.0,15.0,0,0.0,1,0,0,VALID,-1.0,-0.2,557.8,2.094516650615069,5.0,1,Moving,0.0166666666666666,0,0,,561.2,562.9,568.5,1.0
92H-07095,2026-08-06 00:45:00,553.1,0.0,"Đường dẫn hầm Phước Tượng, Xã Phú Lộc, TP Huế",0,0,553.1,5.0,15.0,0,0.0,1,0,0,VALID,-2.3999999999999773,-0.4799999999999954,556.5,2.4108089927875067,5.0,1,Stopped,-0.1633333333333333,0,0,,558.6,561.2,567.5,0.0
92H-07095,2026-08-06 00:50:00,552.4,0.0,"Xã Phú Lộc, TP Huế",0,0,552.4,5.0,15.0,0,0.0,1,0,0,VALID,-0.7000000000000455,-0.1400000000000091,555.5,2.2744230036882978,5.0,1,Stopped,0.0,0,0,,556.5,559.3,566.4,0.0
92H-07095,2026-08-06 00:55:00,553.6,0.0,"Xã Phú Lộc, TP Huế",0,0,553.6,5.0,15.0,0,0.0,1,0,0,VALID,1.2000000000000457,0.2400000000000091,553.6,1.7166828477349436,5.0,1,Stopped,0.0,0,0,,557.7,558.7,565.5,0.0
92H-07095,2026-08-06 01:00:00,553.6,0.0,"Xã Phú Lộc, TP Huế",0,0,553.6,5.0,15.0,0,0.0,1,0,0,VALID,0.0,0.0,553.6,1.150217370633861,5.0,1,Stopped,0.0,0,0,,558.1,558.4,564.8,0.0
92H-07095,2026-08-06 01:05:00,553.6,0.0,"Xã Phú Lộc, TP Huế",0,0,553.6,5.0,15.0,0,0.0,1,0,0,VALID,0.0,0.0,553.6,0.5272570527818358,5.0,1,Stopped,0.0,0,0,,556.5,557.7,564.0,0.0
92H-07095,2026-08-06 01:10:00,553.6,0.0,"Xã Phú Lộc, TP Huế",0,0,553.6,5.0,15.0,0,0.0,1,0,0,VALID,0.0,0.0,553.6,0.5366563143279957,5.0,1,Stopped,0.0,0,0,,556.0,557.0,563.2,0.0
92H-07095,2026-08-06 01:15:00,553.6,0.0,"Xã Phú Lộc, TP Huế",0,0,553.6,5.0,15.0,0,0.0,1,0,0,VALID,0.0,0.0,553.6,0.0,5.0,1,Stopped,0.0,0,0,,555.5,556.4,562.4,0.0
92H-07095,2026-08-06 01:20:00,553.6,0.0,"Xã Phú Lộc, TP Huế",0,0,553.6,5.0,15.0,0,0.0,1,0,0,VALID,0.0,0.0,553.6,0.0,5.0,1,Stopped,0.0,0,0,,555.0,555.8,561.7,0.0
92H-07095,2026-08-06 01:25:00,553.6,0.0,"Xã Phú Lộc, TP Huế",0,0,553.6,5.0,15.0,0,0.0,1,0,0,VALID,0.0,0.0,553.6,0.0,5.0,1,Stopped,0.0,0,0,,554.4,555.3,560.9,0.0
92H-07095,2026-08-06 01:30:00,553.6,0.0,"Xã Phú Lộc, TP Huế",0,0,553.6,5.0,15.0,0,0.0,1,0,0,VALID,0.0,0.0,553.6,0.0,5.0,1,Stopped,0.0,0,0,,553.6,554.6,560.2,0.0
92H-07095,2026-08-06 01:35:00,553.6,0.0,"Xã Phú Lộc, TP Huế",0,0,553.6,5.0,15.0,0,0.0,1,0,0,VALID,0.0,0.0,553.6,0.0,5.0,1,Stopped,0.0,0,0,,553.6,554.2,559.5,0.0
92H-07095,2026-08-06 01:40:00,553.6,0.0,"Xã Phú Lộc, TP Huế",0,0,553.6,5.0,15.0,0,0.0,1,0,0,VALID,0.0,0.0,553.6,0.0,5.0,1,Stopped,0.0,0,0,,553.6,554.0,558.9,0.0
92H-07095,2026-08-06 01:45:00,553.6,0.0,"Xã Phú Lộc, TP Huế",0,0,553.6,5.0,15.0,0,0.0,1,0,0,VALID,0.0,0.0,553.6,0.0,5.0,1,Stopped,0.0,0,0,,553.6,553.8,558.4,0.0
92H-07095,2026-08-06 01:50:00,553.6,0.0,"Xã Phú Lộc, TP Huế",0,0,553.6,5.0,15.0,0,0.0,1,0,0,VALID,0.0,0.0,553.6,0.0,5.0,1,Stopped,0.0,0,0,,553.6,553.7,557.9,0.0
92H-07095,2026-08-06 01:55:00,553.6,0.0,"Xã Phú Lộc, TP Huế",0,0,553.6,5.0,15.0,0,0.0,1,0,0,VALID,0.0,0.0,553.6,0.0,5.0,1,Stopped,0.0,0,0,,553.6,553.7,557.5,0.0
92H-07095,2026-08-06 02:00:00,553.7,0.0,"Xã Phú Lộc, TP Huế",0,0,553.7,5.0,15.0,0,0.0,1,0,0,VALID,0.1000000000000227,0.0200000000000045,553.6,0.04472135628376036,5.0,1,Stopped,0.0,0,0,,553.7,553.7,557.1,0.0
92H-07095,2026-08-06 02:05:00,553.7,0.0,"Xã Phú Lộc, TP Huế",0,0,553.7,5.0,15.0,0,0.0,1,0,0,VALID,0.0,0.0,553.6,0.05477225308350414,5.0,1,Stopped,0.0,0,0,,553.7,553.7,556.8,0.0
92H-07095,2026-08-06 02:10:00,553.7,0.0,"Xã Phú Lộc, TP Huế",0,0,553.7,5.0,15.0,0,0.0,1,0,0,VALID,0.0,0.0,553.7,0.054772253083366626,5.0,1,Stopped,0.0,0,0,,553.7,553.7,556.5,0.0
92H-07095,2026-08-06 02:15:00,553.7,0.0,"Xã Phú Lộc, TP Huế",0,0,553.7,5.0,15.0,0,0.0,1,0,0,VALID,0.0,0.0,553.7,0.04472135628325511,5.0,1,Stopped,0.0,0,0,,553.7,553.7,556.2,0.0
92H-07095,2026-08-06 02:20:00,553.7,0.0,"Xã Phú Lộc, TP Huế",0,0,553.7,5.0,15.0,0,0.0,1,0,0,VALID,0.0,0.0,553.7,0.0,5.0,1,Stopped,0.0,0,0,,553.7,553.7,555.9,0.0
92H-07095,2026-08-06 02:25:00,553.7,0.0,"Xã Phú Lộc, TP Huế",0,0,553.7,5.0,15.0,0,0.0,1,0,0,VALID,0.0,0.0,553.7,0.0,5.0,1,Stopped,0.0,0,0,,553.7,553.7,555.7,0.0
92H-07095,2026-08-06 02:30:00,553.7,0.0,"Xã Phú Lộc, TP Huế",0,0,553.7,5.0,15.0,0,0.0,1,0,0,VALID,0.0,0.0,553.7,0.0,5.0,1,Stopped,0.0,0,0,,553.7,553.7,555.5,0.0
92H-07095,2026-08-06 02:35:00,553.7,0.0,"Xã Phú Lộc, TP Huế",0,0,553.7,5.0,15.0,0,0.0,1,0,0,VALID,0.0,0.0,553.7,0.0,5.0,1,Stopped,0.0,0,0,,553.7,553.7,555.3,0.0
92H-07095,2026-08-06 02:40:00,553.7,0.0,"Xã Phú Lộc, TP Huế",0,0,553.7,5.0,15.0,0,0.0,1,0,0,VALID,0.0,0.0,553.7,0.0,5.0,1,Stopped,0.0,0,0,,553.7,553.7,555.2,0.0
92H-07095,2026-08-06 02:45:00,553.7,0.0,"Xã Phú Lộc, TP Huế",0,0,553.7,5.0,15.0,0,0.0,1,0,0,VALID,0.0,0.0,553.7,0.0,5.0,1,Stopped,0.0,0,0,,553.7,553.7,555.0,0.0
92H-07095,2026-08-06 02:50:00,553.7,0.0,"Xã Phú Lộc, TP Huế",0,0,553.7,5.0,15.0,0,0.0,1,0,0,VALID,0.0,0.0,553.7,0.0,5.0,1,Stopped,0.0,0,0,,553.7,553.7,554.9,0.0
92H-07095,2026-08-06 02:55:00,553.7,0.0,"Xã Phú Lộc, TP Huế",0,0,553.7,5.0,15.0,0,0.0,1,0,0,VALID,0.0,0.0,553.7,0.0,5.0,1,Stopped,0.0,0,0,,553.7,553.7,554.8,0.0
92H-07095,2026-08-06 03:00:00,553.7,0.0,"Xã Phú Lộc, TP Huế",0,0,553.7,5.0,15.0,0,0.0,1,0,0,VALID,0.0,0.0,553.7,0.0,5.0,1,Stopped,0.0,0,0,,553.7,553.7,554.7,0.0
92H-07095,2026-08-06 03:05:00,553.7,0.0,"Xã Phú Lộc, TP Huế",0,0,553.7,5.0,15.0,0,0.0,1,0,0,VALID,0.0,0.0,553.7,0.0,5.0,1,Stopped,0.0,0,0,,553.7,553.7,554.6,0.0
92H-07095,2026-08-06 03:10:00,553.7,0.0,"Xã Phú Lộc, TP Huế",0,0,553.7,5.0,15.0,0,0.0,1,0,0,VALID,0.0,0.0,553.7,0.0,5.0,1,Stopped,0.0,0,0,,553.7,553.7,554.5,0.0
92H-07095,2026-08-06 03:15:00,553.7,0.0,"Xã Phú Lộc, TP Huế",0,0,553.7,5.0,15.0,0,0.0,1,0,0,VALID,0.0,0.0,553.7,0.0,5.0,1,Stopped,0.0,0,0,,553.7,553.7,554.4,0.0
92H-07095,2026-08-06 03:20:00,553.7,0.0,"Xã Phú Lộc, TP Huế",0,0,553.7,5.0,15.0,0,0.0,1,0,0,VALID,0.0,0.0,553.7,0.0,5.0,1,Stopped,0.0,0,0,,553.7,553.7,554.3,0.0
92H-07095,2026-08-06 03:25:00,553.7,0.0,"Xã Phú Lộc, TP Huế",0,0,553.7,5.0,15.0,0,0.0,1,0,0,VALID,0.0,0.0,553.7,0.0,5.0,1,Stopped,0.0,0,0,,553.7,553.7,554.3,0.0
92H-07095,2026-08-06 03:30:00,553.7,0.0,"Xã Phú Lộc, TP Huế",0,0,553.7,5.0,15.0,0,0.0,1,0,0,VALID,0.0,0.0,553.7,0.0,5.0,1,Stopped,0.0,0,0,,553.7,553.7,554.2,0.0
92H-07095,2026-08-06 03:35:00,553.7,0.0,"Xã Phú Lộc, TP Huế",0,0,553.7,5.0,15.0,0,0.0,1,0,0,VALID,0.0,0.0,553.7,0.0,5.0,1,Stopped,0.0,0,0,,553.7,553.7,554.2,0.0
92H-07095,2026-08-06 03:40:00,553.7,0.0,"Xã Phú Lộc, TP Huế",0,0,553.7,5.0,15.0,0,0.0,1,0,0,VALID,0.0,0.0,553.7,0.0,5.0,1,Stopped,0.0,0,0,,553.7,553.7,554.1,0.0
92H-07095,2026-08-06 03:45:00,553.7,0.0,"Xã Phú Lộc, TP Huế",0,0,553.7,5.0,15.0,0,0.0,1,0,0,VALID,0.0,0.0,553.7,0.0,5.0,1,Stopped,0.0,0,0,,553.7,553.7,554.1,0.0
92H-07095,2026-08-06 03:50:00,553.7,0.0,"Xã Phú Lộc, TP Huế",0,0,553.7,5.0,15.0,0,0.0,1,0,0,VALID,0.0,0.0,553.7,0.0,5.0,1,Stopped,0.0,0,0,,553.7,553.7,554.0,0.0
92H-07095,2026-08-06 03:55:00,553.7,0.0,"Xã Phú Lộc, TP Huế",0,0,553.7,5.0,15.0,0,0.0,1,0,0,VALID,0.0,0.0,553.7,0.0,5.0,1,Stopped,0.0,0,0,,553.7,553.7,554.0,0.0
92H-07095,2026-08-06 04:00:00,553.7,0.0,"Xã Phú Lộc, TP Huế",0,0,553.7,5.0,15.0,0,0.0,1,0,0,VALID,0.0,0.0,553.7,0.0,5.0,1,Stopped,0.0,0,0,,553.7,553.7,554.0,0.0
92H-07095,2026-08-06 04:05:00,553.7,0.0,"Xã Phú Lộc, TP Huế",0,0,553.7,5.0,15.0,0,0.0,1,0,0,VALID,0.0,0.0,553.7,0.0,5.0,1,Stopped,0.0,0,0,,553.7,553.7,553.9,0.0
92H-07095,2026-08-06 04:10:00,553.7,0.0,"Xã Phú Lộc, TP Huế",0,0,553.7,5.0,15.0,0,0.0,1,0,0,VALID,0.0,0.0,553.7,0.0,5.0,1,Stopped,0.0,0,0,,553.7,553.7,553.9,0.0
92H-07095,2026-08-06 04:15:00,553.7,0.0,"Xã Phú Lộc, TP Huế",0,0,553.7,5.0,15.0,0,0.0,1,0,0,VALID,0.0,0.0,553.7,0.0,5.0,1,Stopped,0.0,0,0,,553.7,553.7,553.9,0.0
92H-07095,2026-08-06 04:20:00,553.7,0.0,"Xã Phú Lộc, TP Huế",0,0,553.7,5.0,15.0,0,0.0,1,0,0,VALID,0.0,0.0,553.7,0.0,5.0,1,Stopped,0.0,0,0,,553.7,553.7,553.9,0.0
92H-07095,2026-08-06 04:25:00,553.7,0.0,"Xã Phú Lộc, TP Huế",0,0,553.7,5.0,15.0,0,0.0,1,0,0,VALID,0.0,0.0,553.7,0.0,5.0,1,Stopped,0.0,0,0,,553.7,553.7,553.9,0.0
92H-07095,2026-08-06 04:30:00,553.7,0.0,"Xã Phú Lộc, TP Huế",0,0,553.7,5.0,15.0,0,0.0,1,0,0,VALID,0.0,0.0,553.7,0.0,5.0,1,Stopped,0.0,0,0,,553.7,553.7,553.8,0.0
92H-07095,2026-08-06 04:35:00,553.7,0.0,"Xã Phú Lộc, TP Huế",0,0,553.7,5.0,15.0,0,0.0,1,0,0,VALID,0.0,0.0,553.7,0.0,5.0,1,Stopped,0.0,0,0,,553.7,553.7,553.8,0.0
92H-07095,2026-08-06 04:40:00,553.7,0.0,"Xã Phú Lộc, TP Huế",0,0,553.7,5.0,15.0,0,0.0,1,0,0,VALID,0.0,0.0,553.7,0.0,5.0,1,Stopped,0.0,0,0,,553.7,553.7,553.8,0.0
92H-07095,2026-08-06 04:45:00,553.7,0.0,"Xã Phú Lộc, TP Huế",0,0,553.7,5.0,15.0,0,0.0,1,0,0,VALID,0.0,0.0,553.7,0.0,5.0,1,Stopped,0.0,0,0,,553.7,553.7,553.8,0.0
92H-07095,2026-08-06 04:50:00,553.7,0.0,"Xã Phú Lộc, TP Huế",0,0,553.7,5.0,15.0,0,0.0,1,0,0,VALID,0.0,0.0,553.7,0.0,5.0,1,Stopped,0.0,0,0,,553.7,553.7,553.8,0.0
92H-07095,2026-08-06 04:55:00,553.7,0.0,"Xã Phú Lộc, TP Huế",0,0,553.7,5.0,15.0,0,0.0,1,0,0,VALID,0.0,0.0,553.7,0.0,5.0,1,Stopped,0.0,0,0,,553.7,553.7,553.8,0.0
92H-07095,2026-08-06 05:00:00,553.7,0.0,"Xã Phú Lộc, TP Huế",0,0,553.7,5.0,15.0,0,0.0,1,0,0,VALID,0.0,0.0,553.7,0.0,5.0,1,Stopped,0.0,0,0,,553.7,553.7,553.8,0.0
92H-07095,2026-08-06 05:05:00,553.7,0.0,"Xã Phú Lộc, TP Huế",0,0,553.7,5.0,15.0,0,0.0,1,0,0,VALID,0.0,0.0,553.7,0.0,5.0,1,Stopped,0.0,0,0,,553.7,553.7,553.8,0.0
92H-07095,2026-08-06 05:10:00,553.7,0.0,"Xã Phú Lộc, TP Huế",0,0,553.7,5.0,15.0,0,0.0,1,0,0,VALID,0.0,0.0,553.7,0.0,5.0,1,Stopped,0.0,0,0,,553.7,553.7,553.8,0.0
92H-07095,2026-08-06 05:15:00,553.7,0.0,"Xã Phú Lộc, TP Huế",0,0,553.7,5.0,15.0,0,0.0,1,0,0,VALID,0.0,0.0,553.7,0.0,5.0,1,Stopped,0.0,0,0,,553.7,553.7,553.8,0.0
92H-07095,2026-08-06 05:20:00,553.7,0.0,"Xã Phú Lộc, TP Huế",0,0,553.7,5.0,15.0,0,0.0,1,0,0,VALID,0.0,0.0,553.7,0.0,5.0,1,Stopped,0.0,0,0,,553.7,553.7,553.8,0.0
92H-07095,2026-08-06 05:25:00,553.7,0.0,"Xã Phú Lộc, TP Huế",0,0,553.7,5.0,15.0,0,0.0,1,0,0,VALID,0.0,0.0,553.7,0.0,5.0,1,Stopped,0.0,0,0,,553.7,553.7,553.7,0.0
92H-07095,2026-08-06 05:30:00,553.7,0.0,"Xã Phú Lộc, TP Huế",0,0,553.7,5.0,15.0,0,0.0,1,0,0,VALID,0.0,0.0,553.7,0.0,5.0,1,Stopped,0.0,0,0,,553.7,553.7,553.7,0.0
92H-07095,2026-08-06 05:35:00,553.7,0.0,"Xã Phú Lộc, TP Huế",0,0,553.7,5.0,15.0,0,0.0,1,0,0,VALID,0.0,0.0,553.7,0.0,5.0,1,Stopped,0.0,0,0,,553.7,553.7,553.7,0.0
92H-07095,2026-08-06 05:40:00,553.7,0.0,"Xã Phú Lộc, TP Huế",0,0,553.7,5.0,15.0,0,0.0,1,0,0,VALID,0.0,0.0,553.7,0.0,5.0,1,Stopped,0.0,0,0,,553.7,553.7,553.7,0.0
92H-07095,2026-08-06 05:45:00,553.7,0.0,"Xã Phú Lộc, TP Huế",0,0,553.7,5.0,15.0,0,0.0,1,0,0,VALID,0.0,0.0,553.7,0.0,5.0,1,Stopped,0.0,0,0,,553.7,553.7,553.7,0.0
92H-07095,2026-08-06 05:50:00,550.9,43.0,"Quốc Lộ 1, Xã Phú Lộc, TP Huế",0,0,550.9,5.0,15.0,0,0.0,1,0,0,VALID,-2.800000000000068,-0.5600000000000136,553.7,1.2521980672833395,5.0,1,Moving,0.1433333333333333,0,0,,552.4,553.2,553.6,1.0
92H-07095,2026-08-06 05:55:00,550.1,44.0,"Lý Thánh Tông, Xã Phú Lộc, TP Huế",0,0,550.1,5.0,15.0,0,0.0,1,0,0,VALID,-0.7999999999999545,-0.1599999999999909,553.7,1.7753872816116554,5.0,1,Moving,0.0033333333333333,0,0,,552.4,552.9,553.5,1.0
92H-07095,2026-08-06 06:00:00,548.6,59.0,"Quốc Lộ 1, Xã Lộc An, TP Huế",0,0,548.6,5.0,15.0,0,0.0,1,0,0,VALID,-1.5,-0.3,550.9,2.2561028344711738,5.0,1,Moving,0.05,0,0,,551.5,552.3,553.3,1.0
92H-07095,2026-08-06 06:05:00,547.7,54.0,"Quốc Lộ 1, Xã Lộc An, TP Huế",0,0,547.7,5.0,15.0,0,0.0,1,0,0,VALID,-0.8999999999999773,-0.1799999999999954,550.1,2.321637353186201,5.0,1,Moving,-0.0166666666666666,0,0,,551.1,551.8,553.1,1.0
92H-07095,2026-08-06 06:10:00,545.4,53.0,"Quốc Lộ 1, Xã Lộc An, TP Huế",0,0,545.4,5.0,15.0,0,0.0,1,0,0,VALID,-2.300000000000068,-0.4600000000000136,548.6,2.1547621677833306,5.0,1,Moving,-0.0033333333333333,0,0,,549.9,551.1,552.7,1.0
92H-07095,2026-08-06 06:15:00,544.5,51.0,"Quốc Lộ 1, Xã Hưng Lộc, TP Huế",0,0,544.5,5.0,15.0,0,0.0,1,0,0,VALID,-0.8999999999999773,-0.1799999999999954,547.7,2.298477757062493,5.0,1,Moving,-0.0066666666666666,0,0,,549.6,550.5,552.4,1.0
92H-07095,2026-08-06 06:20:00,545.8,0.0,"Quốc Lộ 1, Phường Phú Bài, TP Huế",0,0,545.8,5.0,15.0,0,0.0,1,0,0,VALID,1.2999999999999543,0.2599999999999909,545.8,1.6955824956962406,5.0,1,Stopped,-0.17,0,0,,550.2,550.4,552.2,0.0
92H-07095,2026-08-06 06:25:00,542.9,0.0,"Quốc Lộ 1, Phường Phú Bài, TP Huế",0,0,542.9,5.0,15.0,0,0.0,1,0,0,VALID,-2.8999999999999773,-0.5799999999999954,545.4,1.7615334228200386,5.0,1,Stopped,0.0,0,0,,548.5,549.6,551.8,0.0
92H-07095,2026-08-06 06:30:00,542.9,0.0,"Quốc Lộ 1, Phường Phú Bài, TP Huế",0,0,542.9,5.0,15.0,0,0.0,1,0,0,VALID,0.0,0.0,544.5,1.3619838470821295,5.0,1,Stopped,0.0,0,0,,548.2,549.1,551.5,0.0
92H-07095,2026-08-06 06:35:00,542.9,0.0,"Quốc Lộ 1, Phường Phú Bài, TP Huế",0,0,542.9,5.0,15.0,0,0.0,1,0,0,VALID,0.0,0.0,542.9,1.3152946436874922,5.0,1,Stopped,0.0,0,0,,547.2,548.3,551.0,0.0
92H-07095,2026-08-06 06:40:00,542.9,0.0,"Quốc Lộ 1, Phường Phú Bài, TP Huế",0,0,542.9,5.0,15.0,0,0.0,1,0,0,VALID,0.0,0.0,542.9,1.296919426839321,5.0,1,Stopped,0.0,0,0,,546.5,547.6,550.6,0.0
92H-07095,2026-08-06 06:45:00,538.6,43.0,"Đường tránh Thành phố Huế, Phường Phú Bài, TP Huế",0,0,538.6,5.0,15.0,0,0.0,1,0,0,VALID,-4.2999999999999545,-0.8599999999999909,542.9,1.923018460575512,5.0,1,Moving,0.1433333333333333,0,0,,543.5,546.0,549.9,1.0
92H-07095,2026-08-06 06:50:00,538.9,51.0,"Đường tránh Thành phố Huế, Phường Phú Bài, TP Huế",0,0,538.9,5.0,15.0,0,0.0,1,0,0,VALID,0.2999999999999545,0.0599999999999909,542.9,2.275521918091518,5.0,1,Moving,0.0266666666666666,0,0,,543.5,545.0,549.2,1.0
92H-07095,2026-08-06 06:55:00,539.2,48.0,"Đường tránh Thành phố Huế, Phường Thanh Thủy, TP Huế",0,0,539.2,5.0,15.0,0,0.0,1,0,0,VALID,0.3000000000000682,0.0600000000000136,539.2,2.201136070240916,5.0,1,Moving,-0.01,0,0,,542.5,544.0,548.6,1.0
92H-07095,2026-08-06 07:00:00,538.2,49.0,"Đường tránh Thành phố Huế, Phường Thanh Thủy, TP Huế",0,0,538.2,5.0,15.0,0,0.0,1,0,0,VALID,-1.0,-0.2,538.9,1.9034179781951845,5.0,1,Moving,0.0033333333333333,0,0,,542.0,543.2,547.9,1.0
92H-07095,2026-08-06 07:05:00,536.0,32.0,"Cao tốc Cam Lộ - La Sơn, Phường Thủy Xuân, TP Huế",0,0,536.0,5.0,15.0,0,0.0,1,0,0,VALID,-2.200000000000045,-0.4400000000000091,538.6,1.273577637883941,5.0,1,Moving,-0.0566666666666666,0,0,,541.3,542.4,547.3,1.0
92H-07095,2026-08-06 07:10:00,534.1,50.0,"Cao tốc Cam Lộ - La Sơn, Phường Kim Long, TP Huế",0,0,534.1,5.0,15.0,0,0.0,1,0,0,VALID,-1.8999999999999773,-0.3799999999999954,538.2,2.17416650689843,5.0,1,Moving,0.06,0,0,,539.4,541.2,546.5,1.0
92H-07095,2026-08-06 07:15:00,532.4,56.0,"Cao tốc Cam Lộ - La Sơn, Phường Kim Long, TP Huế",0,0,532.4,5.0,15.0,0,0.0,1,0,0,VALID,-1.7000000000000457,-0.3400000000000091,536.0,2.812827758630178,5.0,1,Moving,0.02,0,0,,538.2,540.0,545.6,1.0
92H-07095,2026-08-06 07:20:00,531.1,48.0,"Đường tránh Thành phố Huế, Phường Hương An, TP Huế",0,0,531.1,5.0,15.0,0,0.0,1,0,0,VALID,-1.2999999999999543,-0.2599999999999909,534.1,2.827189417022201,5.0,1,Moving,-0.0266666666666666,0,0,,537.4,539.0,544.8,1.0
92H-07095,2026-08-06 07:25:00,531.4,0.0,"Đường tránh Thành phố Huế, Phường Hương Trà, TP Huế",0,0,531.4,5.0,15.0,0,0.0,1,0,0,VALID,0.2999999999999545,0.0599999999999909,532.4,2.0457272544803686,5.0,1,Stopped,-0.16,0,0,,537.0,538.2,544.0,0.0
92H-07095,2026-08-06 07:30:00,528.3,41.0,"Cách Mạng Tháng 8, Phường Hương Trà, TP Huế",0,0,528.3,5.0,15.0,0,0.0,1,0,0,VALID,-3.1000000000000227,-0.6200000000000045,531.4,2.119669785538694,5.0,1,Moving,0.1366666666666666,0,0,,534.2,536.6,543.1,1.0
92H-07095,2026-08-06 07:35:00,528.3,11.0,"Cầu An Lỗ, Phường Phong Thái, TP Huế",0,0,528.3,5.0,15.0,0,0.0,1,0,0,VALID,0.0,0.0,531.1,1.888120758777664,5.0,1,Moving,-0.1,0,0,,534.4,535.7,542.2,1.0
92H-07095,2026-08-06 07:40:00,523.5,57.0,"Quốc Lộ 1, Phường Phong Thái, TP Huế",0,0,523.5,5.0,15.0,0,0.0,1,0,0,VALID,-4.7999999999999545,-0.9599999999999907,528.3,3.1720655730500824,5.0,1,Moving,0.1533333333333333,0,0,,530.7,533.7,540.5,1.0
92H-07095,2026-08-06 07:45:00,524.2,0.0,"Quốc Lộ 1, Phường Phong Điền, TP Huế",0,0,524.2,5.0,15.0,0,0.0,1,0,0,VALID,0.7000000000000455,0.1400000000000091,528.3,3.2684858879504644,5.0,1,Stopped,-0.19,0,0,,530.6,532.5,539.5,0.0
92H-07095,2026-08-06 07:50:00,521.6,44.0,"Quốc Lộ 1, Phường Phong Điền, TP Huế",0,0,521.6,5.0,15.0,0,0.0,1,0,0,VALID,-2.6000000000000227,-0.5200000000000046,524.2,3.0028319965882564,5.0,1,Moving,0.1466666666666666,0,0,,528.1,530.7,538.3,1.0
92H-07095,2026-08-06 07:55:00,519.4,65.0,"Quốc Lộ 1, Xã Nam Hải Lăng, Tỉnh Quảng Trị",0,0,519.4,5.0,15.0,0,0.0,1,0,0,VALID,-2.200000000000045,-0.4400000000000091,523.5,3.3128537546558197,5.0,1,Moving,0.07,0,0,,526.2,528.9,536.5,1.0
92H-07095,2026-08-06 08:00:00,518.9,54.0,"Quốc Lộ 1, Xã Nam Hải Lăng, Tỉnh Quảng Trị",0,0,518.9,5.0,15.0,0,0.0,1,0,0,VALID,-0.5,-0.1,521.6,2.3700210968977675,5.0,1,Moving,-0.0366666666666666,0,0,,525.2,527.4,535.4,1.0
92H-07095,2026-08-06 08:05:00,516.3,57.0,"Quốc Lộ 1, Xã Diên Sanh, Tỉnh Quảng Trị",0,0,516.3,5.0,15.0,0,0.0,1,0,0,VALID,-2.6000000000000227,-0.5200000000000046,519.4,2.97607123566336,5.0,1,Moving,0.01,0,0,,523.1,525.7,533.5,1.0
92H-07095,2026-08-06 08:10:00,515.4,55.0,"Quốc Lộ 1, Xã Hải Lăng, Tỉnh Quảng Trị",0,0,515.4,5.0,15.0,0,0.0,1,0,0,VALID,-0.8999999999999773,-0.1799999999999954,518.9,2.4933912648730923,5.0,1,Moving,-0.0066666666666666,0,0,,522.2,524.3,532.4,1.0
92H-07095,2026-08-06 08:15:00,509.8,47.0,"Quốc Lộ 1, Xã Hải Lăng, Tỉnh Quảng Trị",0,0,509.8,5.0,15.0,0,0.0,1,0,0,VALID,-5.599999999999966,-1.1199999999999932,516.3,3.835752859576466,5.0,1,Moving,-0.0266666666666666,0,0,,517.2,521.5,530.1,1.0
92H-07095,2026-08-06 08:20:00,511.9,42.0,"Lê Duẩn, Xã Hải Lăng, Tỉnh Quảng Trị",0,0,511.9,5.0,15.0,0,0.0,1,0,0,VALID,2.099999999999966,0.4199999999999931,515.4,3.6142772444503306,5.0,1,Moving,-0.0166666666666666,0,0,,518.4,520.2,528.4,1.0
92H-07095,2026-08-06 08:25:00,510.3,50.0,"Lê Duẩn, Xã Triệu Phong, Tỉnh Quảng Trị",0,0,510.3,5.0,15.0,0,0.0,1,0,0,VALID,-1.599999999999966,-0.3199999999999932,511.9,2.9602364769988037,5.0,1,Moving,0.0266666666666666,0,0,,516.1,518.6,518.6,1.0
92H-07095,2026-08-06 08:30:00,509.7,47.0,"Lê Duẩn, Xã Ái Tử, Tỉnh Quảng Trị",0,0,509.7,5.0,15.0,0,0.0,1,0,0,VALID,-0.6000000000000227,-0.1200000000000045,510.3,2.393115124634979,5.0,1,Moving,-0.01,0,0,,515.8,517.5,518.3,1.0
92H-07095,2026-08-06 08:35:00,511.0,7.0,"Lê Duẩn, Phường Nam Đông Hà, Tỉnh Quảng Trị",0,0,511.0,5.0,15.0,0,0.0,1,0,0,VALID,1.3000000000000114,0.2600000000000023,510.3,0.9181503143594025,5.0,1,Moving,-0.1333333333333333,0,0,,515.8,516.8,518.0,1.0
92H-07095,2026-08-06 08:40:00,505.3,44.0,"Tránh Nam Đông Hà, Phường Nam Đông Hà, Tỉnh Quảng Trị",0,0,505.3,5.0,15.0,0,0.0,1,0,0,VALID,-5.699999999999989,-1.1399999999999977,510.3,2.5608592307582736,5.0,1,Moving,0.1233333333333333,0,0,,511.8,514.8,517.4,1.0
92H-07095,2026-08-06 08:45:00,504.4,48.0,"Tránh Nam Đông Hà, Phường Đông Hà, Tỉnh Quảng Trị",0,0,504.4,5.0,15.0,0,0.0,1,0,0,VALID,-0.9000000000000341,-0.1800000000000068,509.7,3.0549959083053846,5.0,1,Moving,0.0133333333333333,0,0,,511.0,513.3,516.8,1.0
92H-07095,2026-08-06 08:50:00,508.8,0.0,"Tránh Nam Đông Hà, Xã Hiếu Giang, Tỉnh Quảng Trị",0,0,508.8,5.0,15.0,0,0.0,1,0,0,VALID,4.400000000000034,0.8800000000000068,508.8,2.8570964281527447,5.0,1,Stopped,-0.16,0,0,,512.3,512.9,516.3,0.0
92H-07095,2026-08-06 08:55:00,500.6,21.0,"Xã Hiếu Giang, Tỉnh Quảng Trị",0,0,500.6,5.0,15.0,0,0.0,1,0,0,VALID,-8.199999999999989,-1.6399999999999977,505.3,4.03261701625218,5.0,1,Moving,0.07,0,0,,506.7,510.4,515.4,1.0
92H-07095,2026-08-06 09:00:00,496.5,53.0,"Cao tốc Vạn Ninh-Cam Lộ, Xã Hiếu Giang, Tỉnh Quảng Trị",0,0,496.5,5.0,15.0,0,0.0,1,0,0,VALID,-4.100000000000023,-0.8200000000000045,504.4,4.7124303708142365,5.0,1,Moving,0.1066666666666666,0,0,,502.6,507.3,513.4,1.0
92H-07095,2026-08-06 09:05:00,496.5,59.0,"Cao tốc Vạn Ninh-Cam Lộ, Xã Cồn Tiên, Tỉnh Quảng Trị",0,0,496.5,5.0,15.0,0,0.0,1,0,0,VALID,0.0,0.0,500.6,5.301226273210374,5.0,1,Moving,0.02,0,0,,503.0,505.6,512.4,1.0
92H-07095,2026-08-06 09:10:00,497.0,72.0,"Cao tốc Vạn Ninh-Cam Lộ, Xã Cồn Tiên, Tỉnh Quảng Trị",0,0,497.0,5.0,15.0,0,0.0,1,0,0,VALID,0.5,0.1,497.0,5.273234301619744,5.0,1,Moving,0.0433333333333333,0,0,,502.1,504.2,511.4,1.0
92H-07095,2026-08-06 09:15:00,493.5,62.0,"Cao tốc Vạn Ninh-Cam Lộ, Xã Vĩnh Thủy, Tỉnh Quảng Trị",0,0,493.5,5.0,15.0,0,0.0,1,0,0,VALID,-3.5,-0.7,496.5,2.5272514714182064,5.0,1,Moving,-0.0333333333333333,0,0,,500.0,502.5,510.2,1.0
92H-07095,2026-08-06 09:20:00,491.6,69.0,"Cao tốc Vạn Ninh-Cam Lộ, Xã Vĩnh Thủy, Tỉnh Quảng Trị",0,0,491.6,5.0,15.0,0,0.0,1,0,0,VALID,-1.8999999999999773,-0.3799999999999954,496.5,2.3615672761513973,5.0,1,Moving,0.0233333333333333,0,0,,498.6,500.9,508.5,1.0
92H-07095,2026-08-06 09:25:00,487.6,60.0,"Cao tốc Vạn Ninh-Cam Lộ, Xã Bến Quan, Tỉnh Quảng Trị",0,0,487.6,5.0,15.0,0,0.0,1,0,0,VALID,-4.0,-0.8,493.5,3.851363394928197,5.0,1,Moving,-0.03,0,0,,494.3,498.3,506.4,1.0
92H-07095,2026-08-06 09:30:00,488.2,76.0,"Cao tốc Vạn Ninh-Cam Lộ, Xã Kim Ngân, Tỉnh Quảng Trị",0,0,488.2,5.0,15.0,0,0.0,1,0,0,VALID,0.5999999999999659,0.1199999999999931,491.6,3.883555072326965,5.0,1,Moving,0.0533333333333333,0,0,,494.7,496.9,497.0,1.0
92H-07095,2026-08-06 09:35:00,484.1,66.0,"Cao tốc Vạn Ninh-Cam Lộ, Xã Kim Ngân, Tỉnh Quảng Trị",0,0,484.1,5.0,15.0,0,0.0,1,0,0,VALID,-4.099999999999966,-0.8199999999999932,488.2,3.661283927777548,5.0,1,Moving,-0.0333333333333333,0,0,,491.8,494.8,496.5,1.0
92H-07095,2026-08-06 09:40:00,482.9,66.0,"Cao tốc Vạn Ninh-Cam Lộ, Xã Trường Phú, Tỉnh Quảng Trị",0,0,482.9,5.0,15.0,0,0.0,1,0,0,VALID,-1.2000000000000457,-0.2400000000000091,487.6,3.467996539762843,5.0,1,Moving,0.0,0,0,,489.5,492.7,495.8,1.0
92H-07095,2026-08-06 09:45:00,480.7,73.0,"Cao tốc Vạn Ninh-Cam Lộ, Xã Trường Phú, Tỉnh Quảng Trị",0,0,480.7,5.0,15.0,0,0.0,1,0,0,VALID,-2.1999999999999886,-0.4399999999999977,484.1,3.172538415813421,5.0,1,Moving,0.0233333333333333,0,0,,487.0,490.4,494.9,1.0
92H-07095,2026-08-06 09:50:00,476.8,74.0,"Cao tốc Vạn Ninh-Cam Lộ, Xã Lệ Ninh, Tỉnh Quảng Trị",0,0,476.8,5.0,15.0,0,0.0,1,0,0,VALID,-3.899999999999977,-0.7799999999999955,482.9,4.2110568744457275,5.0,1,Moving,0.0033333333333333,0,0,,484.4,488.0,493.9,1.0
92H-07095,2026-08-06 09:55:00,476.5,70.0,"Cao tốc Bùng-Vạn Ninh, Xã Trường Ninh, Tỉnh Quảng Trị",0,0,476.5,5.0,15.0,0,0.0,1,0,0,VALID,-0.3000000000000113,-0.0600000000000022,480.7,3.464101615112019,5.0,1,Moving,-0.0133333333333333,0,0,,484.0,486.4,492.9,1.0
92H-07095,2026-08-06 10:00:00,477.6,0.0,"Cao tốc Bùng-Vạn Ninh, Xã Trường Ninh, Tỉnh Quảng Trị",0,0,477.6,5.0,15.0,0,0.0,1,0,0,VALID,1.1000000000000227,0.2200000000000045,477.6,2.788368698688241,5.0,1,Stopped,-0.2333333333333333,0,0,,483.3,485.2,491.9,0.0
92H-07095,2026-08-06 10:05:00,470.7,75.0,"Cao tốc Bùng-Vạn Ninh, Xã Trường Ninh, Tỉnh Quảng Trị",0,0,470.7,5.0,15.0,0,0.0,1,0,0,VALID,-6.900000000000034,-1.3800000000000068,476.8,3.625327571382972,5.0,1,Moving,0.25,0,0,,478.0,482.3,489.8,1.0
92H-07095,2026-08-06 10:10:00,468.7,76.0,"Cao tốc Bùng-Vạn Ninh, Xã Quảng Ninh, Tỉnh Quảng Trị",0,0,468.7,5.0,15.0,0,0.0,1,0,0,VALID,-2.0,-0.4,476.5,4.062388459986894,5.0,1,Moving,0.0033333333333333,0,0,,476.0,479.8,487.8,1.0
92H-07095,2026-08-06 10:15:00,467.4,68.0,"Cao tốc Bùng-Vạn Ninh, Phường Đồng Sơn, Tỉnh Quảng Trị",0,0,467.4,5.0,15.0,0,0.0,1,0,0,VALID,-1.3000000000000114,-0.2600000000000023,470.7,4.614867278680805,5.0,1,Moving,-0.0266666666666666,0,0,,474.7,477.7,477.3,1.0
92H-07095,2026-08-06 10:20:00,463.4,71.0,"Cao tốc Bùng-Vạn Ninh, Phường Đồng Sơn, Tỉnh Quảng Trị",0,0,463.4,5.0,15.0,0,0.0,1,0,0,VALID,-4.0,-0.8,468.7,5.227140709780483,5.0,1,Moving,0.01,0,0,,470.9,475.0,476.7,1.0
92H-07095,2026-08-06 10:25:00,469.0,0.0,"Hồ Chí Minh Đông, Xã Nam Trạch, Tỉnh Quảng Trị",0,0,469.0,5.0,15.0,0,0.0,1,0,0,VALID,5.600000000000023,1.1200000000000043,468.7,2.746452256975899,5.0,1,Stopped,-0.2366666666666666,0,0,,473.6,474.4,476.4,0.0
92H-07095,2026-08-06 10:30:00,462.5,0.0,"Hồ Chí Minh Đông, Xã Nam Trạch, Tỉnh Quảng Trị",0,0,462.5,5.0,15.0,0,0.0,1,0,0,VALID,-6.5,-1.3,467.4,3.0438462510205277,5.0,1,Stopped,0.0,0,0,,468.8,472.2,475.6,0.0
92H-07095,2026-08-06 10:35:00,462.4,0.0,"Hồ Chí Minh Đông, Xã Nam Trạch, Tỉnh Quảng Trị",0,0,462.4,5.0,15.0,0,0.0,1,0,0,VALID,-0.1000000000000227,-0.0200000000000045,463.4,3.05417746698757,5.0,1,Stopped,0.0,0,0,,468.4,470.7,474.9,0.0
92H-07095,2026-08-06 10:40:00,462.2,0.0,"Hồ Chí Minh Đông, Xã Nam Trạch, Tỉnh Quảng Trị",0,0,462.2,5.0,15.0,0,0.0,1,0,0,VALID,-0.1999999999999886,-0.0399999999999977,462.5,2.8879058156139705,5.0,1,Stopped,0.0,0,0,,467.6,469.4,474.2,0.0
92H-07095,2026-08-06 10:45:00,462.1,0.0,"Hồ Chí Minh Đông, Xã Nam Trạch, Tỉnh Quảng Trị",0,0,462.1,5.0,15.0,0,0.0,1,0,0,VALID,-0.0999999999999659,-0.0199999999999931,462.4,3.0004999583165386,5.0,1,Stopped,0.0,0,0,,467.0,468.5,473.4,0.0
92H-07095,2026-08-06 10:50:00,460.3,74.0,"Cao tốc Bùng-Vạn Ninh, Xã Nam Trạch, Tỉnh Quảng Trị",0,0,460.3,5.0,15.0,0,0.0,1,0,0,VALID,-1.8000000000000114,-0.3600000000000022,462.2,0.9082951061529406,5.0,1,Moving,0.2466666666666666,0,0,,464.9,467.0,472.6,1.0
92H-07095,2026-08-06 10:55:00,457.4,72.0,"Cao tốc Bùng-Vạn Ninh, Xã Hoàn Lão, Tỉnh Quảng Trị",0,0,457.4,5.0,15.0,0,0.0,1,0,0,VALID,-2.900000000000034,-0.5800000000000068,462.1,2.120613118855897,5.0,1,Moving,-0.0066666666666666,0,0,,462.7,465.3,471.6,1.0
92H-07095,2026-08-06 11:00:00,454.1,71.0,"Cao tốc Bùng-Vạn Ninh, Xã Bố Trạch, Tỉnh Quảng Trị",0,0,454.1,5.0,15.0,0,0.0,1,0,0,VALID,-3.2999999999999545,-0.6599999999999909,460.3,3.459335196228823,5.0,1,Moving,-0.0033333333333333,0,0,,459.8,463.1,469.8,1.0
92H-07095,2026-08-06 11:05:00,452.1,74.0,"Cao tốc Vũng Áng - Bùng, Xã Bố Trạch, Tỉnh Quảng Trị",0,0,452.1,5.0,15.0,0,0.0,1,0,0,VALID,-2.0,-0.4,457.4,4.161730409321608,5.0,1,Moving,0.01,0,0,,457.9,461.0,468.0,1.0
92H-07095,2026-08-06 11:10:00,445.9,76.0,"Cao tốc Vũng Áng - Bùng, Xã Nam Gianh, Tỉnh Quảng Trị",0,0,445.9,5.0,15.0,0,0.0,1,0,0,VALID,-6.2000000000000455,-1.240000000000009,454.1,5.487986880439843,5.0,1,Moving,0.0066666666666666,0,0,,453.6,458.1,456.5,1.0
92H-07095,2026-08-06 11:15:00,449.3,66.0,"Cao tốc Vũng Áng - Bùng, Xã Nam Gianh, Tỉnh Quảng Trị",0,0,449.3,5.0,15.0,0,0.0,1,0,0,VALID,3.400000000000034,0.6800000000000068,452.1,4.409988662103909,5.0,1,Moving,-0.0333333333333333,0,0,,454.6,456.7,456.3,1.0
92H-07095,2026-08-06 11:20:00,446.5,72.0,"Cao tốc Vũng Áng - Bùng, Xã Quảng Trạch, Tỉnh Quảng Trị",0,0,446.5,5.0,15.0,0,0.0,1,0,0,VALID,-2.800000000000012,-0.5600000000000023,449.3,3.531571887968635,5.0,1,Moving,0.02,0,0,,452.4,455.0,455.9,1.0
92H-07095,2026-08-06 11:25:00,443.4,65.0,"Cao tốc Vũng Áng - Bùng, Xã Trung Thuần, Tỉnh Quảng Trị",0,0,443.4,5.0,15.0,0,0.0,1,0,0,VALID,-3.1000000000000227,-0.6200000000000045,446.5,3.344846782723453,5.0,1,Moving,-0.0233333333333333,0,0,,450.6,453.2,455.4,1.0
92H-07095,2026-08-06 11:30:00,440.0,71.0,"Cao tốc Vũng Áng - Bùng, Xã Hòa Trạch, Tỉnh Quảng Trị",0,0,440.0,5.0,15.0,0,0.0,1,0,0,VALID,-3.3999999999999773,-0.6799999999999955,445.9,3.5038550198176477,5.0,1,Moving,0.02,0,0,,447.7,451.0,454.6,1.0
92H-07095,2026-08-06 11:35:00,441.1,64.0,"Cao tốc Vũng Áng - Bùng, Xã Phú Trạch, Tỉnh Quảng Trị",0,0,441.1,5.0,15.0,0,0.0,1,0,0,VALID,1.1000000000000227,0.2200000000000045,443.4,3.8435660524965276,5.0,1,Moving,-0.0233333333333333,0,0,,447.6,449.6,453.9,1.0
92H-07095,2026-08-06 11:40:00,434.3,30.0,"Cao tốc Vũng Áng - Bùng, Xã Phú Trạch, Tỉnh Quảng Trị",0,0,434.3,5.0,15.0,0,0.0,1,0,0,VALID,-6.800000000000011,-1.3600000000000023,441.1,4.52470993544462,5.0,1,Moving,-0.1133333333333333,0,0,,441.8,446.5,452.1,1.0
92H-07095,2026-08-06 11:45:00,432.7,42.0,"Cao tốc Vũng Áng - Bùng, Xã Kỳ Hoa, Tỉnh Hà Tĩnh",0,0,432.7,5.0,15.0,0,0.0,1,0,0,VALID,-1.6000000000000227,-0.3200000000000045,440.0,4.5853026072352545,5.0,1,Moving,0.04,0,0,,440.1,443.9,450.3,1.0
92H-07095,2026-08-06 11:50:00,439.5,71.0,"Cao tốc Vũng Áng - Bùng, Xã Kỳ Hoa, Tỉnh Hà Tĩnh",0,0,439.5,5.0,15.0,0,0.0,1,0,0,VALID,6.800000000000011,1.3600000000000023,439.5,3.7579249593253614,5.0,1,Moving,0.0966666666666666,0,0,,443.0,443.6,449.6,1.0
92H-07095,2026-08-06 11:55:00,431.4,71.0,"Cao tốc Hàm Nghi-Vũng Áng, Xã Kỳ Hoa, Tỉnh Hà Tĩnh",0,0,431.4,5.0,15.0,0,0.0,1,0,0,VALID,-8.100000000000023,-1.6200000000000043,434.3,4.272001872649965,5.0,1,Moving,0.0,0,0,,437.2,441.0,447.7,1.0
92H-07095,2026-08-06 12:00:00,424.5,50.0,"Cao tốc Hàm Nghi-Vũng Áng, Xã Kỳ Văn, Tỉnh Hà Tĩnh",0,0,424.5,5.0,15.0,0,0.0,1,0,0,VALID,-6.899999999999977,-1.3799999999999957,432.7,5.419594080734539,5.0,1,Moving,-0.07,0,0,,432.2,437.5,445.4,1.0
92H-07095,2026-08-06 12:05:00,428.0,67.0,"Cao tốc Hàm Nghi-Vũng Áng, Xã Kỳ Văn, Tỉnh Hà Tĩnh",0,0,428.0,5.0,15.0,0,0.0,1,0,0,VALID,3.5,0.7,431.4,5.619341598438019,5.0,1,Moving,0.0566666666666666,0,0,,434.1,436.1,444.3,1.0
92H-07095,2026-08-06 12:10:00,428.9,75.0,"Cao tốc Hàm Nghi-Vũng Áng, Xã Kỳ Xuân, Tỉnh Hà Tĩnh",0,0,428.9,5.0,15.0,0,0.0,1,0,0,VALID,0.8999999999999773,0.1799999999999954,428.9,5.626099892459953,5.0,1,Moving,0.0266666666666666,0,0,,432.9,434.8,443.1,1.0
92H-07095,2026-08-06 12:15:00,423.6,72.0,"Cao tốc Hàm Nghi-Vũng Áng, Xã Cẩm Lạc, Tỉnh Hà Tĩnh",0,0,423.6,5.0,15.0,0,0.0,1,0,0,VALID,-5.2999999999999545,-1.059999999999991,428.0,3.2166753022252292,5.0,1,Moving,-0.01,0,0,,429.5,432.7,441.1,1.0
92H-07095,2026-08-06 12:20:00,421.2,70.0,"Cao tốc Hàm Nghi-Vũng Áng, Xã Cẩm Hưng, Tỉnh Hà Tĩnh",0,0,421.2,5.0,15.0,0,0.0,1,0,0,VALID,-2.400000000000034,-0.4800000000000068,424.5,3.184807686493945,5.0,1,Moving,-0.0066666666666666,0,0,,427.5,430.6,439.0,1.0
92H-07095,2026-08-06 12:25:00,419.5,72.0,"Cao tốc Hàm Nghi-Vũng Áng, Xã Cẩm Xuyên, Tỉnh Hà Tĩnh",0,0,419.5,5.0,15.0,0,0.0,1,0,0,VALID,-1.6999999999999886,-0.3399999999999977,423.6,4.122256663522219,5.0,1,Moving,0.0066666666666666,0,0,,425.0,428.4,427.8,1.0
92H-07095,2026-08-06 12:30:00,417.9,71.0,"Cao tốc Hàm Nghi-Vũng Áng, Xã Cẩm Duệ, Tỉnh Hà Tĩnh",0,0,417.9,5.0,15.0,0,0.0,1,0,0,VALID,-1.6000000000000227,-0.3200000000000045,421.2,4.290337982019393,5.0,1,Moving,-0.0033333333333333,0,0,,423.8,426.5,427.4,1.0
92H-07095,2026-08-06 12:35:00,415.5,72.0,"Cao tốc Hàm Nghi-Vũng Áng, Phường Hà Huy Tập, Tỉnh Hà Tĩnh",0,0,415.5,5.0,15.0,0,0.0,1,0,0,VALID,-2.3999999999999773,-0.4799999999999954,419.5,3.09241006335912,5.0,1,Moving,0.0033333333333333,0,0,,422.7,425.0,426.9,1.0
92H-07095,2026-08-06 12:40:00,413.5,73.0,"Cao tốc Hàm Nghi-Vũng Áng, Phường Hà Huy Tập, Tỉnh Hà Tĩnh",0,0,413.5,5.0,15.0,0,0.0,1,0,0,VALID,-2.0,-0.4,417.9,3.076036410702854,5.0,1,Moving,0.0033333333333333,0,0,,419.6,422.8,426.2,1.0
92H-07095,2026-08-06 12:45:00,411.6,74.0,"Cao tốc Bãi Vọt - Hàm Nghi, Xã Việt Xuyên, Tỉnh Hà Tĩnh",0,0,411.6,5.0,15.0,0,0.0,1,0,0,VALID,-1.8999999999999773,-0.3799999999999954,415.5,3.198437118339921,5.0,1,Moving,0.0033333333333333,0,0,,417.2,420.6,425.3,1.0
92H-07095,2026-08-06 12:50:00,408.9,75.0,"Cao tốc Bãi Vọt - Hàm Nghi, Xã Xuân Lộc, Tỉnh Hà Tĩnh",0,0,408.9,5.0,15.0,0,0.0,1,0,0,VALID,-2.700000000000045,-0.5400000000000091,413.5,3.4687173421857502,5.0,1,Moving,0.0033333333333333,0,0,,416.4,418.9,424.4,1.0
92H-07095,2026-08-06 12:55:00,407.1,73.0,"Cao tốc Bãi Vọt - Hàm Nghi, Xã Đồng Lộc, Tỉnh Hà Tĩnh",0,0,407.1,5.0,15.0,0,0.0,1,0,0,VALID,-1.7999999999999543,-0.3599999999999909,411.6,3.389985250703291,5.0,1,Moving,-0.0066666666666666,0,0,,414.8,417.3,423.5,1.0
92H-07095,2026-08-06 13:00:00,405.8,70.0,"Cao tốc Bãi Vọt - Hàm Nghi, Xã Trường Lưu, Tỉnh Hà Tĩnh",0,0,405.8,5.0,15.0,0,0.0,1,0,0,VALID,-1.3000000000000114,-0.2600000000000023,408.9,3.168122472378718,5.0,1,Moving,-0.01,0,0,,412.8,415.5,422.4,1.0
92H-07095,2026-08-06 13:05:00,403.8,74.0,"Cao tốc Bãi Vọt - Hàm Nghi, Xã Đức Thịnh, Tỉnh Hà Tĩnh",0,0,403.8,5.0,15.0,0,0.0,1,0,0,VALID,-2.0,-0.4,407.1,2.9787581304960304,5.0,1,Moving,0.0133333333333333,0,0,,410.8,413.6,420.6,1.0
92H-07095,2026-08-06 13:10:00,404.1,0.0,"Quốc Lộ 8A, Phường Bắc Hồng Lĩnh, Tỉnh Hà Tĩnh",0,0,404.1,5.0,15.0,0,0.0,1,0,0,VALID,0.3000000000000113,0.0600000000000022,405.8,2.126734586167292,5.0,1,Stopped,-0.2466666666666666,0,0,,410.3,412.3,419.6,0.0
92H-07095,2026-08-06 13:15:00,402.6,0.0,"Quốc Lộ 8A, Phường Bắc Hồng Lĩnh, Tỉnh Hà Tĩnh",0,0,402.6,5.0,15.0,0,0.0,1,0,0,VALID,-1.5,-0.3,404.1,1.7711578134100818,5.0,1,Stopped,0.0,0,0,,408.7,410.9,418.5,0.0
92H-07095,2026-08-06 13:20:00,402.4,0.0,"Quốc Lộ 8A, Phường Bắc Hồng Lĩnh, Tỉnh Hà Tĩnh",0,0,402.4,5.0,15.0,0,0.0,1,0,0,VALID,-0.2000000000000454,-0.0400000000000091,403.8,1.3667479650638292,5.0,1,Stopped,0.0,0,0,,407.9,409.7,417.5,0.0
92H-07095,2026-08-06 13:25:00,402.4,0.0,"Quốc Lộ 8A, Phường Bắc Hồng Lĩnh, Tỉnh Hà Tĩnh",0,0,402.4,5.0,15.0,0,0.0,1,0,0,VALID,0.0,0.0,402.6,0.8234075540144025,5.0,1,Stopped,0.0,0,0,,407.0,408.6,416.4,0.0
92H-07095,2026-08-06 13:30:00,402.4,0.0,"Quốc Lộ 8A, Phường Bắc Hồng Lĩnh, Tỉnh Hà Tĩnh",0,0,402.4,5.0,15.0,0,0.0,1,0,0,VALID,0.0,0.0,402.4,0.7429670248461537,5.0,1,Stopped,0.0,0,0,,406.1,407.6,415.4,0.0
92H-07095,2026-08-06 13:35:00,402.4,0.0,"Quốc Lộ 8A, Phường Bắc Hồng Lĩnh, Tỉnh Hà Tĩnh",0,0,402.4,5.0,15.0,0,0.0,1,0,0,VALID,0.0,0.0,402.4,0.08944271915410518,5.0,1,Stopped,0.0,0,0,,405.2,406.6,414.4,0.0
92H-07095,2026-08-06 13:40:00,402.4,0.0,"Quốc Lộ 8A, Phường Bắc Hồng Lĩnh, Tỉnh Hà Tĩnh",0,0,402.4,5.0,15.0,0,0.0,1,0,0,VALID,0.0,0.0,402.4,0.0,5.0,1,Stopped,0.0,0,0,,404.5,405.8,413.4,0.0
92H-07095,2026-08-06 13:45:00,402.4,0.0,"Quốc Lộ 8A, Phường Bắc Hồng Lĩnh, Tỉnh Hà Tĩnh",0,0,402.4,5.0,15.0,0,0.0,1,0,0,VALID,0.0,0.0,402.4,0.0,5.0,1,Stopped,0.0,0,0,,403.8,405.0,412.4,0.0
92H-07095,2026-08-06 13:50:00,399.1,40.0,"Trần Phú, Phường Bắc Hồng Lĩnh, Tỉnh Hà Tĩnh",0,0,399.1,5.0,15.0,0,0.0,1,0,0,VALID,-3.2999999999999545,-0.6599999999999909,402.4,1.4758048651537998,5.0,1,Moving,0.1333333333333333,0,0,,401.5,403.6,411.3,1.0
92H-07095,2026-08-06 13:55:00,399.2,56.0,"Nguyễn Nghiễm, Phường Nam Hồng Lĩnh, Tỉnh Hà Tĩnh",0,0,399.2,5.0,15.0,0,0.0,1,0,0,VALID,0.0999999999999659,0.0199999999999931,402.4,1.7804493814802598,5.0,1,Moving,0.0533333333333333,0,0,,401.9,402.9,410.4,1.0
92H-07095,2026-08-06 14:00:00,400.5,0.0,"Phường Nam Hồng Lĩnh, Tỉnh Hà Tĩnh",0,0,400.5,5.0,15.0,0,0.0,1,0,0,VALID,1.3000000000000114,0.2600000000000023,400.5,1.6300306745624487,5.0,1,Stopped,-0.1866666666666666,0,0,,401.9,402.5,409.5,0.0
92H-07095,2026-08-06 14:05:00,572.1,0.0,"Phường Nam Hồng Lĩnh, Tỉnh Hà Tĩnh",0,0,572.1,5.0,15.0,0,0.0,1,0,0,VALID,171.60000000000002,34.32000000000001,400.5,76.84284612115772,5.0,1,Stopped,0.0,1,1,LARGE_DELTA,548.3,460.8,430.4,0.0
92H-07095,2026-08-06 14:10:00,572.1,0.0,"Phường Nam Hồng Lĩnh, Tỉnh Hà Tĩnh",0,0,572.1,5.0,15.0,0,0.0,1,0,0,VALID,0.0,0.0,400.5,94.48375521749666,5.0,1,Stopped,0.0,0,0,,554.4,498.3,449.0,0.0
92H-07095,2026-08-06 14:15:00,571.7,0.0,"Nguyễn Nghiễm, Phường Nam Hồng Lĩnh, Tỉnh Hà Tĩnh",0,0,571.7,5.0,15.0,0,0.0,1,0,0,VALID,-0.3999999999999772,-0.0799999999999954,571.7,94.27344270790017,5.0,1,Stopped,0.0,0,0,,567.4,525.9,543.7,0.0
92H-07095,2026-08-06 14:20:00,570.3,0.0,"Nguyễn Nghiễm, Phường Nam Hồng Lĩnh, Tỉnh Hà Tĩnh",0,0,570.3,5.0,15.0,0,0.0,1,0,0,VALID,-1.400000000000091,-0.2800000000000182,571.7,76.49946405040782,5.0,1,Stopped,0.0,0,0,,566.7,542.2,562.1,0.0
92H-07095,2026-08-06 14:25:00,570.2,0.0,"Nguyễn Nghiễm, Phường Nam Hồng Lĩnh, Tỉnh Hà Tĩnh",0,0,570.2,5.0,15.0,0,0.0,1,0,0,VALID,-0.099999999999909,-0.0199999999999818,571.7,0.9549869106690763,5.0,1,Stopped,0.0,0,0,,567.4,552.3,562.6,0.0
92H-07095,2026-08-06 14:30:00,570.0,0.0,"Nguyễn Nghiễm, Phường Nam Hồng Lĩnh, Tỉnh Hà Tĩnh",0,0,570.0,5.0,15.0,0,0.0,1,0,0,VALID,-0.2000000000000454,-0.0400000000000091,570.3,0.9659192510507497,5.0,1,Stopped,0.0,0,0,,566.8,558.1,563.0,0.0
92H-07095,2026-08-06 14:35:00,569.9,0.0,"Nguyễn Nghiễm, Phường Nam Hồng Lĩnh, Tỉnh Hà Tĩnh",0,0,569.9,5.0,15.0,0,0.0,1,0,0,VALID,-0.1000000000000227,-0.0200000000000045,570.2,0.7328028381165608,5.0,1,Stopped,0.0,0,0,,565.5,561.1,563.3,0.0
92H-07095,2026-08-06 14:40:00,569.7,0.0,"Nguyễn Nghiễm, Phường Nam Hồng Lĩnh, Tỉnh Hà Tĩnh",0,0,569.7,5.0,15.0,0,0.0,1,0,0,VALID,-0.1999999999999318,-0.0399999999999863,570.0,0.23874672678960518,5.0,1,Stopped,0.0,0,0,,565.4,562.8,563.5,0.0
92H-07095,2026-08-06 14:45:00,569.4,0.0,"Nguyễn Nghiễm, Phường Nam Hồng Lĩnh, Tỉnh Hà Tĩnh",0,0,569.4,5.0,15.0,0,0.0,1,0,0,VALID,-0.3000000000000682,-0.0600000000000136,569.9,0.3049590129071044,5.0,1,Stopped,0.0,0,0,,568.5,565.1,564.0,0.0
92H-07095,2026-08-06 14:50:00,569.3,0.0,"Nguyễn Nghiễm, Phường Nam Hồng Lĩnh, Tỉnh Hà Tĩnh",0,0,569.3,5.0,15.0,0,0.0,1,0,0,VALID,-0.1000000000000227,-0.0200000000000045,569.7,0.304959012907981,5.0,1,Stopped,0.0,0,0,,569.3,566.8,564.5,0.0
92H-07095,2026-08-06 14:55:00,569.2,0.0,"Nguyễn Nghiễm, Phường Nam Hồng Lĩnh, Tỉnh Hà Tĩnh",0,0,569.2,5.0,15.0,0,0.0,1,0,0,VALID,-0.099999999999909,-0.0199999999999818,569.4,0.29154759397788366,5.0,1,Stopped,0.0,0,0,,570.2,568.1,565.1,0.0
92H-07095,2026-08-06 15:00:00,568.9,0.0,"Nguyễn Nghiễm, Phường Nam Hồng Lĩnh, Tỉnh Hà Tĩnh",0,0,568.9,5.0,15.0,0,0.0,1,0,0,VALID,-0.3000000000000682,-0.0600000000000136,569.3,0.2915475939789658,5.0,1,Stopped,0.0,0,0,,570.2,569.0,565.6,0.0
92H-07095,2026-08-06 15:05:00,568.7,0.0,"Nguyễn Nghiễm, Phường Nam Hồng Lĩnh, Tỉnh Hà Tĩnh",0,0,568.7,5.0,15.0,0,0.0,1,0,0,VALID,-0.1999999999999318,-0.0399999999999863,569.2,0.2915475939799845,5.0,1,Stopped,0.0,0,0,,568.7,568.9,565.9,0.0
92H-07095,2026-08-06 15:10:00,568.3,0.0,"Nguyễn Nghiễm, Phường Nam Hồng Lĩnh, Tỉnh Hà Tĩnh",0,0,568.3,5.0,15.0,0,0.0,1,0,0,VALID,-0.4000000000000909,-0.0800000000000182,568.9,0.4024922353986806,5.0,1,Stopped,0.0,0,0,,569.0,568.9,566.2,0.0
92H-07095,2026-08-06 15:15:00,568.0,0.0,"Nguyễn Nghiễm, Phường Nam Hồng Lĩnh, Tỉnh Hà Tĩnh",0,0,568.0,5.0,15.0,0,0.0,1,0,0,VALID,-0.2999999999999545,-0.0599999999999909,568.7,0.47644516951801735,5.0,1,Stopped,0.0,0,0,,568.8,568.9,566.5,0.0
92H-07095,2026-08-06 15:20:00,567.7,0.0,"Nguyễn Nghiễm, Phường Nam Hồng Lĩnh, Tỉnh Hà Tĩnh",0,0,567.7,5.0,15.0,0,0.0,1,0,0,VALID,-0.2999999999999545,-0.0599999999999909,568.3,0.49193495460063547,5.0,1,Stopped,0.0,0,0,,568.5,568.7,566.7,0.0
92H-07095,2026-08-06 15:25:00,567.4,0.0,"Nguyễn Nghiễm, Phường Nam Hồng Lĩnh, Tỉnh Hà Tĩnh",0,0,567.4,5.0,15.0,0,0.0,1,0,0,VALID,-0.3000000000000682,-0.0600000000000136,568.0,0.5069516737903745,5.0,1,Stopped,0.0,0,0,,568.2,568.5,566.8,0.0
92H-07095,2026-08-06 15:30:00,567.2,0.0,"Nguyễn Nghiễm, Phường Nam Hồng Lĩnh, Tỉnh Hà Tĩnh",0,0,567.2,5.0,15.0,0,0.0,1,0,0,VALID,-0.1999999999999318,-0.0399999999999863,567.7,0.4438468199274755,5.0,1,Stopped,0.0,0,0,,568.0,568.3,567.0,0.0
92H-07095,2026-08-06 15:35:00,567.0,0.0,"Nguyễn Nghiễm, Phường Nam Hồng Lĩnh, Tỉnh Hà Tĩnh",0,0,567.0,5.0,15.0,0,0.0,1,0,0,VALID,-0.2000000000000454,-0.0400000000000091,567.4,0.39749213773418696,5.0,1,Stopped,0.0,0,0,,567.8,568.1,567.0,0.0
92H-07095,2026-08-06 15:40:00,566.7,0.0,"Nguyễn Nghiễm, Phường Nam Hồng Lĩnh, Tỉnh Hà Tĩnh",0,0,566.7,5.0,15.0,0,0.0,1,0,0,VALID,-0.2999999999999545,-0.0599999999999909,567.2,0.38078865471706264,5.0,1,Stopped,0.0,0,0,,567.6,567.9,567.1,0.0
92H-07095,2026-08-06 15:45:00,566.5,0.0,"Nguyễn Nghiễm, Phường Nam Hồng Lĩnh, Tỉnh Hà Tĩnh",0,0,566.5,5.0,15.0,0,0.0,1,0,0,VALID,-0.2000000000000454,-0.0400000000000091,567.0,0.3646916499755777,5.0,1,Stopped,0.0,0,0,,567.4,567.7,567.1,0.0
92H-07095,2026-08-06 15:50:00,566.2,0.0,"Nguyễn Nghiễm, Phường Nam Hồng Lĩnh, Tỉnh Hà Tĩnh",0,0,566.2,5.0,15.0,0,0.0,1,0,0,VALID,-0.2999999999999545,-0.0599999999999909,566.7,0.39623225457124545,5.0,1,Stopped,0.0,0,0,,567.1,567.5,567.1,0.0
92H-07095,2026-08-06 15:55:00,566.1,0.0,"Nguyễn Nghiễm, Phường Nam Hồng Lĩnh, Tỉnh Hà Tĩnh",0,0,566.1,5.0,15.0,0,0.0,1,0,0,VALID,-0.1000000000000227,-0.0200000000000045,566.5,0.3674234608231433,5.0,1,Stopped,0.0,0,0,,566.9,567.2,567.1,0.0
92H-07095,2026-08-06 16:00:00,565.8,0.0,"Nguyễn Nghiễm, Phường Nam Hồng Lĩnh, Tỉnh Hà Tĩnh",0,0,565.8,5.0,15.0,0,0.0,1,0,0,VALID,-0.3000000000000682,-0.0600000000000136,566.2,0.3507135577134473,5.0,1,Stopped,0.0,0,0,,566.6,567.0,567.1,0.0
92H-07095,2026-08-06 16:05:00,565.8,0.0,"Nguyễn Nghiễm, Phường Nam Hồng Lĩnh, Tỉnh Hà Tĩnh",0,0,565.8,5.0,15.0,0,0.0,1,0,0,VALID,0.0,0.0,566.1,0.29495762333695585,5.0,1,Stopped,0.0,0,0,,566.5,566.8,567.0,0.0
92H-07095,2026-08-06 16:10:00,565.8,0.0,"Nguyễn Nghiễm, Phường Nam Hồng Lĩnh, Tỉnh Hà Tĩnh",0,0,565.8,5.0,15.0,0,0.0,1,0,0,VALID,0.0,0.0,565.8,0.19493588578053486,5.0,1,Stopped,0.0,0,0,,565.8,566.4,566.9,0.0
92H-07095,2026-08-06 16:15:00,565.6,0.0,"Nguyễn Nghiễm, Phường Nam Hồng Lĩnh, Tỉnh Hà Tĩnh",0,0,565.6,5.0,15.0,0,0.0,1,0,0,VALID,-0.1999999999999318,-0.0399999999999863,565.8,0.17888543698529158,5.0,1,Stopped,0.0,0,0,,565.6,566.1,566.7,0.0
92H-07095,2026-08-06 16:20:00,565.6,0.0,"Nguyễn Nghiễm, Phường Nam Hồng Lĩnh, Tỉnh Hà Tĩnh",0,0,565.6,5.0,15.0,0,0.0,1,0,0,VALID,0.0,0.0,565.8,0.10954450951889139,5.0,1,Stopped,0.0,0,0,,565.6,565.9,566.6,0.0
92H-07095,2026-08-06 16:25:00,565.6,0.0,"Nguyễn Nghiễm, Phường Nam Hồng Lĩnh, Tỉnh Hà Tĩnh",0,0,565.6,5.0,15.0,0,0.0,1,0,0,VALID,0.0,0.0,565.6,0.10954450951949071,5.0,1,Stopped,0.0,0,0,,565.6,565.8,566.5,0.0
92H-07095,2026-08-06 16:30:00,565.6,0.0,"Nguyễn Nghiễm, Phường Nam Hồng Lĩnh, Tỉnh Hà Tĩnh",0,0,565.6,5.0,15.0,0,0.0,1,0,0,VALID,0.0,0.0,565.6,0.08944271667386797,5.0,1,Stopped,0.0,0,0,,565.6,565.7,566.4,0.0
92H-07095,2026-08-06 16:35:00,565.6,0.0,"Nguyễn Nghiễm, Phường Nam Hồng Lĩnh, Tỉnh Hà Tĩnh",0,0,565.6,5.0,15.0,0,0.0,1,0,0,VALID,0.0,0.0,565.6,0.0,5.0,1,Stopped,0.0,0,0,,565.6,565.7,566.4,0.0
92H-07095,2026-08-06 16:40:00,565.6,0.0,"Nguyễn Nghiễm, Phường Nam Hồng Lĩnh, Tỉnh Hà Tĩnh",0,0,565.6,5.0,15.0,0,0.0,1,0,0,VALID,0.0,0.0,565.6,0.0,5.0,1,Stopped,0.0,0,0,,565.6,565.6,566.3,0.0
92H-07095,2026-08-06 16:45:00,565.6,0.0,"Nguyễn Nghiễm, Phường Nam Hồng Lĩnh, Tỉnh Hà Tĩnh",0,0,565.6,5.0,15.0,0,0.0,1,0,0,VALID,0.0,0.0,565.6,0.0,5.0,1,Stopped,0.0,0,0,,565.6,565.6,566.2,0.0
92H-07095,2026-08-06 16:50:00,565.6,0.0,"Nguyễn Nghiễm, Phường Nam Hồng Lĩnh, Tỉnh Hà Tĩnh",0,0,565.6,5.0,15.0,0,0.0,1,0,0,VALID,0.0,0.0,565.6,0.0,5.0,1,Stopped,0.0,0,0,,565.6,565.6,566.1,0.0
92H-07095,2026-08-06 16:55:00,565.6,0.0,"Nguyễn Nghiễm, Phường Nam Hồng Lĩnh, Tỉnh Hà Tĩnh",0,0,565.6,5.0,15.0,0,0.0,1,0,0,VALID,0.0,0.0,565.6,0.0,5.0,1,Stopped,0.0,0,0,,565.6,565.6,566.1,0.0
92H-07095,2026-08-06 17:00:00,565.3,0.0,"Nguyễn Nghiễm, Phường Nam Hồng Lĩnh, Tỉnh Hà Tĩnh",0,0,565.3,5.0,15.0,0,0.0,1,0,0,VALID,-0.3000000000000682,-0.0600000000000136,565.6,0.1341640770338766,5.0,1,Stopped,0.0,0,0,,565.3,565.5,566.0,0.0
92H-07095,2026-08-06 17:05:00,563.6,45.0,"Nguyễn Nghiễm, Phường Nam Hồng Lĩnh, Tỉnh Hà Tĩnh",0,0,563.6,5.0,15.0,0,0.0,1,0,0,VALID,-1.6999999999999318,-0.3399999999999863,565.6,0.870631954138877,5.0,1,Moving,0.15,0,0,,564.7,565.2,565.9,1.0
92H-07095,2026-08-06 17:10:00,564.7,25.0,"Phan Hưng Tạo, Phường Bắc Hồng Lĩnh, Tỉnh Hà Tĩnh",0,0,564.7,5.0,15.0,0,0.0,1,0,0,VALID,1.1000000000000227,0.2200000000000045,565.3,0.8443932730477416,5.0,1,Moving,-0.0666666666666666,0,0,,565.6,565.3,565.9,1.0
92H-07095,2026-08-06 17:15:00,563.3,0.0,"Quốc Lộ 8A, Xã Đức Thịnh, Tỉnh Hà Tĩnh",0,0,563.3,5.0,15.0,0,0.0,1,0,0,VALID,-1.400000000000091,-0.2800000000000182,564.7,1.0173494972574113,5.0,1,Stopped,-0.0833333333333333,0,0,,564.7,565.1,565.7,0.0
92H-07095,2026-08-06 17:20:00,560.2,0.0,"Quốc Lộ 8A, Xã Đức Thịnh, Tỉnh Hà Tĩnh",0,0,560.2,5.0,15.0,0,0.0,1,0,0,VALID,-3.099999999999909,-0.6199999999999818,563.6,1.9740820650554507,5.0,1,Stopped,0.0,0,0,,563.1,564.3,565.5,0.0
92H-07095,2026-08-06 17:25:00,557.8,63.0,"Cao tốc Diễn Châu-Bãi Vọt, Xã Đức Quang, Tỉnh Hà Tĩnh",0,0,557.8,5.0,15.0,0,0.0,1,0,0,VALID,-2.400000000000091,-0.4800000000000182,563.3,2.845522798991292,5.0,1,Moving,0.21,0,0,,561.7,563.3,565.1,1.0
92H-07095,2026-08-06 17:30:00,556.4,71.0,"Cao tốc Diễn Châu-Bãi Vọt, Xã Lam Thành, Tỉnh Nghệ An",0,0,556.4,5.0,15.0,0,0.0,1,0,0,VALID,-1.3999999999999773,-0.2799999999999955,560.2,3.5237763833115956,5.0,1,Moving,0.0266666666666666,0,0,,560.9,562.3,564.7,1.0
92H-07095,2026-08-06 17:35:00,554.5,73.0,"Cao tốc Diễn Châu-Bãi Vọt, Xã Hưng Nguyên, Tỉnh Nghệ An",0,0,554.5,5.0,15.0,0,0.0,1,0,0,VALID,-1.8999999999999773,-0.3799999999999954,557.8,3.420964776140227,5.0,1,Moving,0.0066666666666666,0,0,,559.6,561.2,564.2,1.0
92H-07095,2026-08-06 17:40:00,552.1,73.0,"Cao tốc Diễn Châu-Bãi Vọt, Xã Hưng Nguyên, Tỉnh Nghệ An",0,0,552.1,5.0,15.0,0,0.0,1,0,0,VALID,-2.3999999999999773,-0.4799999999999954,556.4,3.094349689288669,5.0,1,Moving,0.0,0,0,,558.2,560.0,563.6,1.0
92H-07095,2026-08-06 17:45:00,550.1,75.0,"Cao tốc Diễn Châu-Bãi Vọt, Xã Yên Trung, Tỉnh Nghệ An",0,0,550.1,5.0,15.0,0,0.0,1,0,0,VALID,-2.0,-0.4,554.5,3.126819470261813,5.0,1,Moving,0.0066666666666666,0,0,,556.7,558.7,562.9,1.0
92H-07095,2026-08-06 17:50:00,548.6,69.0,"Cao tốc Diễn Châu-Bãi Vọt, Xã Thần Lĩnh, Tỉnh Nghệ An",0,0,548.6,5.0,15.0,0,0.0,1,0,0,VALID,-1.5,-0.3,552.1,3.1706466216870384,5.0,1,Moving,-0.02,0,0,,555.0,557.2,562.1,1.0
92H-07095,2026-08-06 17:55:00,540.8,26.0,"Cao tốc Diễn Châu-Bãi Vọt, Xã Thần Lĩnh, Tỉnh Nghệ An",0,0,540.8,5.0,15.0,0,0.0,1,0,0,VALID,-7.800000000000068,-1.5600000000000136,550.1,5.201634358509582,5.0,1,Moving,-0.1433333333333333,0,0,,548.9,553.9,560.1,1.0
92H-07095,2026-08-06 18:00:00,548.3,74.0,"Cao tốc Diễn Châu-Bãi Vọt, Xã Tân Châu, Tỉnh Nghệ An",0,0,548.3,5.0,15.0,0,0.0,1,0,0,VALID,7.5,1.5,548.6,4.28684032821752,5.0,1,Moving,0.16,0,0,,553.6,553.8,559.5,1.0
92H-07095,2026-08-06 18:05:00,540.5,74.0,"Cao tốc Diễn Châu-Bãi Vọt, Xã Minh Châu, Tỉnh Nghệ An",0,0,540.5,5.0,15.0,0,0.0,1,0,0,VALID,-7.799999999999954,-1.559999999999991,548.3,4.62525674959138,5.0,1,Moving,0.0,0,0,,547.5,551.3,557.7,1.0
92H-07095,2026-08-06 18:10:00,538.9,68.0,"Cao tốc Nghi Sơn - Diễn Châu, Xã Minh Châu, Tỉnh Nghệ An",0,0,538.9,5.0,15.0,0,0.0,1,0,0,VALID,-1.6000000000000227,-0.3200000000000045,540.8,4.6494085645002885,5.0,1,Moving,-0.02,0,0,,546.1,549.2,555.9,1.0
92H-07095,2026-08-06 18:15:00,537.0,74.0,"Cao tốc Nghi Sơn - Diễn Châu, Xã Quảng Châu, Tỉnh Nghệ An",0,0,537.0,5.0,15.0,0,0.0,1,0,0,VALID,-1.8999999999999773,-0.3799999999999954,540.5,4.299418565301248,5.0,1,Moving,0.02,0,0,,543.8,547.0,546.2,1.0
92H-07095,2026-08-06 18:20:00,535.2,75.0,"Cao tốc Nghi Sơn - Diễn Châu, Xã Hùng Châu, Tỉnh Nghệ An",0,0,535.2,5.0,15.0,0,0.0,1,0,0,VALID,-1.7999999999999543,-0.3599999999999909,538.9,5.0593477840193115,5.0,1,Moving,0.0033333333333333,0,0,,541.8,544.9,545.8,1.0
92H-07095,2026-08-06 18:25:00,532.3,74.0,"Cao tốc Nghi Sơn - Diễn Châu, Xã Quỳnh Sơn, Tỉnh Nghệ An",0,0,532.3,5.0,15.0,0,0.0,1,0,0,VALID,-2.900000000000091,-0.5800000000000182,537.0,3.199531215611692,5.0,1,Moving,-0.0033333333333333,0,0,,539.2,542.6,545.1,1.0
92H-07095,2026-08-06 18:30:00,530.8,74.0,"Cao tốc Nghi Sơn - Diễn Châu, Xã Quỳnh Sơn, Tỉnh Nghệ An",0,0,530.8,5.0,15.0,0,0.0,1,0,0,VALID,-1.5,-0.3,535.2,3.3185840353502054,5.0,1,Moving,0.0,0,0,,537.5,540.6,544.4,1.0
92H-07095,2026-08-06 18:35:00,530.4,76.0,"Cao tốc Nghi Sơn - Diễn Châu, Xã Quỳnh Văn, Tỉnh Nghệ An",0,0,530.4,5.0,15.0,0,0.0,1,0,0,VALID,-0.3999999999999772,-0.0799999999999954,532.3,2.86496073266069,5.0,1,Moving,0.0066666666666666,0,0,,536.3,538.9,543.6,1.0
92H-07095,2026-08-06 18:40:00,526.9,74.0,"Cao tốc Nghi Sơn - Diễn Châu, Phường Hoàng Mai, Tỉnh Nghệ An",0,0,526.9,5.0,15.0,0,0.0,1,0,0,VALID,-3.5,-0.7,530.8,3.0194370335701466,5.0,1,Moving,-0.0066666666666666,0,0,,533.2,536.6,542.5,1.0
92H-07095,2026-08-06 18:45:00,520.4,0.0,"Cao tốc Nghi Sơn - Diễn Châu, Phường Hoàng Mai, Tỉnh Nghệ An",0,0,520.4,5.0,15.0,0,0.0,1,0,0,VALID,-6.5,-1.3,530.4,4.767913589790084,5.0,1,Stopped,-0.2466666666666666,0,0,,528.6,533.4,540.4,0.0
92H-07095,2026-08-06 18:50:00,522.7,67.0,"Cao tốc Nghi Sơn - Diễn Châu, Xã Trường Lâm, Tỉnh Thanh Hóa",0,0,522.7,5.0,15.0,0,0.0,1,0,0,VALID,2.300000000000068,0.4600000000000136,526.9,4.614433876404722,5.0,1,Moving,0.2233333333333333,0,0,,529.1,531.7,539.3,1.0
92H-07095,2026-08-06 18:55:00,519.5,73.0,"Cao tốc Quốc lộ 45-Nghi Sơn, Phường Trúc Lâm, Tỉnh Thanh Hóa",0,0,519.5,5.0,15.0,0,0.0,1,0,0,VALID,-3.200000000000045,-0.6400000000000091,522.7,4.589880172697259,5.0,1,Moving,0.02,0,0,,526.3,529.5,537.3,1.0
92H-07095,2026-08-06 19:00:00,517.0,76.0,"Cao tốc Quốc lộ 45-Nghi Sơn, Phường Trúc Lâm, Tỉnh Thanh Hóa",0,0,517.0,5.0,15.0,0,0.0,1,0,0,VALID,-2.5,-0.5,520.4,3.736977388174649,5.0,1,Moving,0.01,0,0,,524.5,527.5,535.4,1.0
92H-07095,2026-08-06 19:05:00,517.2,69.0,"Cao tốc Quốc lộ 45-Nghi Sơn, Xã Công Chính, Tỉnh Thanh Hóa",0,0,517.2,5.0,15.0,0,0.0,1,0,0,VALID,0.2000000000000454,0.0400000000000091,519.5,2.37128657056357,5.0,1,Moving,-0.0233333333333333,0,0,,523.7,526.0,526.0,1.0
92H-07095,2026-08-06 19:10:00,513.6,74.0,"Cao tốc Quốc lộ 45-Nghi Sơn, Xã Công Chính, Tỉnh Thanh Hóa",0,0,513.6,5.0,15.0,0,0.0,1,0,0,VALID,-3.6000000000000227,-0.7200000000000045,517.2,3.366749173867838,5.0,1,Moving,0.0166666666666666,0,0,,520.7,523.9,525.5,1.0
92H-07095,2026-08-06 19:15:00,512.3,63.0,"Cao tốc Quốc lộ 45-Nghi Sơn, Xã Nông Cống, Tỉnh Thanh Hóa",0,0,512.3,5.0,15.0,0,0.0,1,0,0,VALID,-1.3000000000000682,-0.2600000000000136,517.0,2.9201027378752697,5.0,1,Moving,-0.0366666666666666,0,0,,519.5,522.1,524.9,1.0
92H-07095,2026-08-06 19:20:00,509.8,74.0,"Cao tốc Quốc lộ 45-Nghi Sơn, Xã Thắng Lợi, Tỉnh Thanh Hóa",0,0,509.8,5.0,15.0,0,0.0,1,0,0,VALID,-2.499999999999943,-0.4999999999999886,513.6,3.1594303283587646,5.0,1,Moving,0.0366666666666666,0,0,,517.2,520.2,524.1,1.0
92H-07095,2026-08-06 19:25:00,508.3,72.0,"Cao tốc Quốc lộ 45-Nghi Sơn, Xã Trung Chính, Tỉnh Thanh Hóa",0,0,508.3,5.0,15.0,0,0.0,1,0,0,VALID,-1.5,-0.3,512.3,3.4616470068103635,5.0,1,Moving,-0.0066666666666666,0,0,,515.2,518.2,523.2,1.0
92H-07095,2026-08-06 19:30:00,504.5,58.0,"Cao tốc Mai Sơn - Quốc lộ 45, Xã Đồng Tiến, Tỉnh Thanh Hóa",0,0,504.5,5.0,15.0,0,0.0,1,0,0,VALID,-3.8000000000000114,-0.7600000000000022,509.8,3.5700140055422303,5.0,1,Moving,-0.0466666666666666,0,0,,511.4,515.5,521.5,1.0
92H-07095,2026-08-06 19:35:00,503.5,64.0,"Cao tốc Mai Sơn - Quốc lộ 45, Phường Đông Sơn, Tỉnh Thanh Hóa",0,0,503.5,5.0,15.0,0,0.0,1,0,0,VALID,-1.0,-0.2,508.3,3.6676968249535524,5.0,1,Moving,0.02,0,0,,511.0,513.7,520.4,1.0
92H-07095,2026-08-06 19:40:00,501.6,70.0,"Cao tốc Mai Sơn - Quốc lộ 45, Phường Đông Tiến, Tỉnh Thanh Hóa",0,0,501.6,5.0,15.0,0,0.0,1,0,0,VALID,-1.8999999999999773,-0.3799999999999954,504.5,3.4107183993671435,5.0,1,Moving,0.02,0,0,,508.7,511.7,518.7,1.0
92H-07095,2026-08-06 19:45:00,500.7,59.0,"Cao tốc Mai Sơn - Quốc lộ 45, Xã Thiệu Quang, Tỉnh Thanh Hóa",0,0,500.7,5.0,15.0,0,0.0,1,0,0,VALID,-0.9000000000000341,-0.1800000000000068,503.5,2.9685013053370266,5.0,1,Moving,-0.0366666666666666,0,0,,507.5,510.0,517.5,1.0
92H-07095,2026-08-06 19:50:00,497.8,66.0,"Cao tốc Mai Sơn - Quốc lộ 45, Xã Định Hòa, Tỉnh Thanh Hóa",0,0,497.8,5.0,15.0,0,0.0,1,0,0,VALID,-2.8999999999999773,-0.5799999999999954,501.6,2.6109385285361455,5.0,1,Moving,0.0233333333333333,0,0,,505.3,508.1,515.7,1.0
92H-07095,2026-08-06 19:55:00,496.2,75.0,"Cao tốc Mai Sơn - Quốc lộ 45, Xã Tống Sơn, Tỉnh Thanh Hóa",0,0,496.2,5.0,15.0,0,0.0,1,0,0,VALID,-1.6000000000000227,-0.3200000000000045,500.7,2.9398979573787773,5.0,1,Moving,0.03,0,0,,503.5,506.3,513.9,1.0
92H-07095,2026-08-06 20:00:00,493.2,74.0,"Cao tốc Mai Sơn - Quốc lộ 45, Xã Tống Sơn, Tỉnh Thanh Hóa",0,0,493.2,5.0,15.0,0,0.0,1,0,0,VALID,-3.0,-0.6,497.8,3.4102785809676344,5.0,1,Moving,-0.0033333333333333,0,0,,500.8,504.1,503.4,1.0
92H-07095,2026-08-06 20:05:00,490.1,74.0,"Cao tốc Mai Sơn - Quốc lộ 45, Xã Hà Long, Tỉnh Thanh Hóa",0,0,490.1,5.0,15.0,0,0.0,1,0,0,VALID,-3.099999999999966,-0.6199999999999932,496.2,4.099390198531227,5.0,1,Moving,0.0,0,0,,497.8,501.6,502.9,1.0
92H-07095,2026-08-06 20:10:00,488.4,74.0,"Cao tốc Mai Sơn - Quốc lộ 45, Phường Tam Điệp, Tỉnh Ninh Bình",0,0,488.4,5.0,15.0,0,0.0,1,0,0,VALID,-1.7000000000000457,-0.3400000000000091,493.2,3.962070165938727,5.0,1,Moving,0.0,0,0,,496.0,499.3,502.2,1.0
92H-07095,2026-08-06 20:15:00,486.6,73.0,"Cao tốc Mai Sơn - Quốc lộ 45, Phường Tam Điệp, Tỉnh Ninh Bình",0,0,486.6,5.0,15.0,0,0.0,1,0,0,VALID,-1.7999999999999543,-0.3599999999999909,490.1,3.8327535793249985,5.0,1,Moving,-0.0033333333333333,0,0,,493.7,497.1,501.3,1.0
92H-07095,2026-08-06 20:20:00,484.3,65.0,"Cao tốc Cao Bồ - Mai Sơn, Phường Yên Thắng, Tỉnh Ninh Bình",0,0,484.3,5.0,15.0,0,0.0,1,0,0,VALID,-2.300000000000012,-0.4600000000000023,488.4,3.387772129266648,5.0,1,Moving,-0.0266666666666666,0,0,,491.8,495.0,500.4,1.0
92H-07095,2026-08-06 20:25:00,486.9,22.0,"Phường Đông Hoa Lư, Tỉnh Ninh Bình",0,0,486.9,5.0,15.0,0,0.0,1,0,0,VALID,2.599999999999966,0.5199999999999931,486.9,2.1617122842413186,5.0,1,Moving,-0.1433333333333333,0,0,,492.6,494.0,499.6,1.0
92H-07095,2026-08-06 20:30:00,481.3,0.0,"Phường Đông Hoa Lư, Tỉnh Ninh Bình",0,0,481.3,5.0,15.0,0,0.0,1,0,0,VALID,-5.599999999999966,-1.1199999999999932,486.6,2.7685736399534724,5.0,1,Stopped,-0.0733333333333333,0,0,,488.5,491.8,498.5,0.0
92H-07095,2026-08-06 20:35:00,481.2,0.0,"Phường Đông Hoa Lư, Tỉnh Ninh Bình",0,0,481.2,5.0,15.0,0,0.0,1,0,0,VALID,-0.1000000000000227,-0.0200000000000045,484.3,2.755539874480097,5.0,1,Stopped,0.0,0,0,,488.0,490.3,497.4,0.0
92H-07095,2026-08-06 20:40:00,481.0,0.0,"Phường Đông Hoa Lư, Tỉnh Ninh Bình",0,0,481.0,5.0,15.0,0,0.0,1,0,0,VALID,-0.1999999999999886,-0.0399999999999977,481.3,2.598653497458489,5.0,1,Stopped,0.0,0,0,,486.8,488.9,496.4,0.0
92H-07095,2026-08-06 20:45:00,481.0,0.0,"Phường Đông Hoa Lư, Tỉnh Ninh Bình",0,0,481.0,5.0,15.0,0,0.0,1,0,0,VALID,0.0,0.0,481.2,2.585923432713211,5.0,1,Stopped,0.0,0,0,,485.9,487.7,495.3,0.0
92H-07095,2026-08-06 20:50:00,481.0,0.0,"Phường Đông Hoa Lư, Tỉnh Ninh Bình",0,0,481.0,5.0,15.0,0,0.0,1,0,0,VALID,0.0,0.0,481.0,0.14142135573862213,5.0,1,Stopped,0.0,0,0,,485.0,486.6,494.3,0.0
92H-07095,2026-08-06 20:55:00,481.0,0.0,"Phường Đông Hoa Lư, Tỉnh Ninh Bình",0,0,481.0,5.0,15.0,0,0.0,1,0,0,VALID,0.0,0.0,481.0,0.08944271831251892,5.0,1,Stopped,0.0,0,0,,484.2,485.7,493.3,0.0
92H-07095,2026-08-06 21:00:00,481.0,0.0,"Phường Đông Hoa Lư, Tỉnh Ninh Bình",0,0,481.0,5.0,15.0,0,0.0,1,0,0,VALID,0.0,0.0,481.0,0.0,5.0,1,Stopped,0.0,0,0,,483.5,484.8,492.3,0.0
92H-07095,2026-08-06 21:05:00,481.0,0.0,"Phường Đông Hoa Lư, Tỉnh Ninh Bình",0,0,481.0,5.0,15.0,0,0.0,1,0,0,VALID,0.0,0.0,481.0,0.0,5.0,1,Stopped,0.0,0,0,,482.9,484.0,491.4,0.0
92H-07095,2026-08-06 21:10:00,481.0,0.0,"Phường Đông Hoa Lư, Tỉnh Ninh Bình",0,0,481.0,5.0,15.0,0,0.0,1,0,0,VALID,0.0,0.0,481.0,0.0,5.0,1,Stopped,0.0,0,0,,482.8,483.5,490.5,0.0
92H-07095,2026-08-06 21:15:00,481.0,0.0,"Phường Đông Hoa Lư, Tỉnh Ninh Bình",0,0,481.0,5.0,15.0,0,0.0,1,0,0,VALID,0.0,0.0,481.0,0.0,5.0,1,Stopped,0.0,0,0,,481.0,482.5,489.6,0.0
92H-07095,2026-08-06 21:20:00,480.6,0.0,"Phường Đông Hoa Lư, Tỉnh Ninh Bình",0,0,480.6,5.0,15.0,0,0.0,1,0,0,VALID,-0.3999999999999772,-0.0799999999999954,481.0,0.17888543780728944,5.0,1,Stopped,0.0,0,0,,480.6,481.8,488.7,0.0
92H-07095,2026-08-06 21:25:00,480.4,0.0,"Phường Đông Hoa Lư, Tỉnh Ninh Bình",0,0,480.4,5.0,15.0,0,0.0,1,0,0,VALID,-0.2000000000000454,-0.0400000000000091,481.0,0.28284271222693436,5.0,1,Stopped,0.0,0,0,,480.4,481.2,487.8,0.0
92H-07095,2026-08-06 21:30:00,480.3,0.0,"Phường Đông Hoa Lư, Tỉnh Ninh Bình",0,0,480.3,5.0,15.0,0,0.0,1,0,0,VALID,-0.0999999999999659,-0.0199999999999931,480.6,0.3286335342906005,5.0,1,Stopped,0.0,0,0,,480.3,480.8,487.1,0.0
92H-07095,2026-08-06 21:35:00,480.1,0.0,"Phường Đông Hoa Lư, Tỉnh Ninh Bình",0,0,480.1,5.0,15.0,0,0.0,1,0,0,VALID,-0.1999999999999886,-0.0399999999999977,480.4,0.34205262732640584,5.0,1,Stopped,0.0,0,0,,480.1,480.5,486.4,0.0
92H-07095,2026-08-06 21:40:00,480.0,0.0,"Phường Đông Hoa Lư, Tỉnh Ninh Bình",0,0,480.0,5.0,15.0,0,0.0,1,0,0,VALID,-0.1000000000000227,-0.0200000000000045,480.3,0.23874672743628994,5.0,1,Stopped,0.0,0,0,,480.0,480.3,485.7,0.0
92H-07095,2026-08-06 21:45:00,480.0,0.0,"Phường Đông Hoa Lư, Tỉnh Ninh Bình",0,0,480.0,5.0,15.0,0,0.0,1,0,0,VALID,0.0,0.0,480.1,0.18165902086578428,5.0,1,Stopped,0.0,0,0,,480.0,480.2,485.2,0.0
92H-07095,2026-08-06 21:50:00,480.0,0.0,"Phường Đông Hoa Lư, Tỉnh Ninh Bình",0,0,480.0,5.0,15.0,0,0.0,1,0,0,VALID,0.0,0.0,480.0,0.1303840475755206,5.0,1,Stopped,0.0,0,0,,480.0,480.1,484.7,0.0
92H-07095,2026-08-06 21:55:00,479.9,0.0,"Phường Đông Hoa Lư, Tỉnh Ninh Bình",0,0,479.9,5.0,15.0,0,0.0,1,0,0,VALID,-0.1000000000000227,-0.0200000000000045,480.0,0.07071067714592472,5.0,1,Stopped,0.0,0,0,,479.9,480.0,484.2,0.0
92H-07095,2026-08-06 22:00:00,479.9,0.0,"Phường Đông Hoa Lư, Tỉnh Ninh Bình",0,0,479.9,5.0,15.0,0,0.0,1,0,0,VALID,0.0,0.0,480.0,0.05477225449590557,5.0,1,Stopped,0.0,0,0,,479.9,480.0,483.8,0.0
92H-07095,2026-08-06 22:05:00,479.9,0.0,"Phường Đông Hoa Lư, Tỉnh Ninh Bình",0,0,479.9,5.0,15.0,0,0.0,1,0,0,VALID,0.0,0.0,479.9,0.054772254496504906,5.0,1,Stopped,0.0,0,0,,479.9,479.9,483.4,0.0
92H-07095,2026-08-06 22:10:00,479.9,0.0,"Phường Đông Hoa Lư, Tỉnh Ninh Bình",0,0,479.9,5.0,15.0,0,0.0,1,0,0,VALID,0.0,0.0,479.9,0.04472135801489146,5.0,1,Stopped,0.0,0,0,,479.9,479.9,483.0,0.0
92H-07095,2026-08-06 22:15:00,479.9,0.0,"Phường Đông Hoa Lư, Tỉnh Ninh Bình",0,0,479.9,5.0,15.0,0,0.0,1,0,0,VALID,0.0,0.0,479.9,0.0,5.0,1,Stopped,0.0,0,0,,479.9,479.9,482.7,0.0
92H-07095,2026-08-06 22:19:00,479.9,0.0,"Phường Đông Hoa Lư, Tỉnh Ninh Bình",0,0,479.9,4.0,15.0,0,0.0,1,0,0,VALID,0.0,0.0,479.9,0.0,5.0,1,Stopped,0.0,0,0,,479.9,479.9,482.4,0.0
92H-07095,2026-08-06 22:21:00,479.9,0.0,"Phường Đông Hoa Lư, Tỉnh Ninh Bình",0,0,479.9,2.0,15.0,0,0.0,1,0,0,VALID,0.0,0.0,479.9,0.0,5.0,1,Stopped,0.0,0,0,,479.9,479.9,482.2,0.0
92H-07095,2026-08-06 22:23:00,479.9,0.0,"Phường Đông Hoa Lư, Tỉnh Ninh Bình",0,0,479.9,2.0,15.0,0,0.0,1,0,0,VALID,0.0,0.0,479.9,0.0,5.0,1,Stopped,0.0,0,0,,479.9,479.9,481.9,0.0
92H-07095,2026-08-06 22:25:00,479.9,0.0,"Phường Đông Hoa Lư, Tỉnh Ninh Bình",0,0,479.9,2.0,15.0,0,0.0,1,0,0,VALID,0.0,0.0,479.9,0.0,5.0,1,Stopped,0.0,0,0,,479.9,479.9,481.7,0.0
92H-07095,2026-08-06 22:26:00,479.9,0.0,"Phường Đông Hoa Lư, Tỉnh Ninh Bình",0,0,479.9,1.0,15.0,0,0.0,1,0,0,VALID,0.0,0.0,479.9,0.0,5.0,1,Stopped,0.0,0,0,,479.9,479.9,481.6,0.0
92H-07095,2026-08-06 22:28:00,479.9,0.0,"Phường Đông Hoa Lư, Tỉnh Ninh Bình",0,0,479.9,2.0,15.0,0,0.0,1,0,0,VALID,0.0,0.0,479.9,0.0,5.0,1,Stopped,0.0,0,0,,479.9,479.9,481.4,0.0
92H-07095,2026-08-06 22:30:00,480.0,0.0,"Phường Đông Hoa Lư, Tỉnh Ninh Bình",0,0,480.0,2.0,15.0,0,0.0,1,0,0,VALID,0.1000000000000227,0.0500000000000113,479.9,0.04472135801489146,5.0,1,Stopped,0.0,0,0,,480.0,479.9,481.3,0.0
92H-07095,2026-08-06 22:32:00,480.0,0.0,"Phường Đông Hoa Lư, Tỉnh Ninh Bình",0,0,480.0,2.0,15.0,0,0.0,1,0,0,VALID,0.0,0.0,479.9,0.054772254496504906,5.0,1,Stopped,0.0,0,0,,480.0,480.0,481.1,0.0
92H-07095,2026-08-06 22:34:00,480.0,0.0,"Phường Đông Hoa Lư, Tỉnh Ninh Bình",0,0,480.0,2.0,15.0,0,0.0,1,0,0,VALID,0.0,0.0,480.0,0.05477225449590557,5.0,1,Stopped,0.0,0,0,,480.0,480.0,481.0,0.0
92H-07095,2026-08-06 22:36:00,480.0,0.0,"Phường Đông Hoa Lư, Tỉnh Ninh Bình",0,0,480.0,2.0,13.5,0,0.0,1,0,0,VALID,0.0,0.0,480.0,0.04472135801268935,5.0,1,Stopped,0.0,0,0,,480.0,480.0,480.9,0.0
92H-07095,2026-08-06 22:38:00,480.0,0.0,"Phường Đông Hoa Lư, Tỉnh Ninh Bình",0,0,480.0,2.0,9.0,0,0.0,1,0,0,VALID,0.0,0.0,480.0,0.0,5.0,1,Stopped,0.0,0,0,,480.0,480.0,480.8,0.0
92H-07095,2026-08-06 22:40:00,480.0,0.0,"Phường Đông Hoa Lư, Tỉnh Ninh Bình",0,0,480.0,2.0,6.0,0,0.0,1,0,0,VALID,0.0,0.0,480.0,0.0,5.0,1,Stopped,0.0,0,0,,480.0,480.0,480.7,0.0
92H-07095,2026-08-06 22:42:00,480.0,0.0,"Phường Đông Hoa Lư, Tỉnh Ninh Bình",0,0,480.0,2.0,6.0,0,0.0,1,0,0,VALID,0.0,0.0,480.0,0.0,5.0,1,Stopped,0.0,0,0,,480.0,480.0,480.7,0.0
92H-07095,2026-08-06 22:44:00,480.0,0.0,"Phường Đông Hoa Lư, Tỉnh Ninh Bình",0,0,480.0,2.0,6.0,0,0.0,1,0,0,VALID,0.0,0.0,480.0,0.0,5.0,1,Stopped,0.0,0,0,,480.0,480.0,480.6,0.0
92H-07095,2026-08-06 22:46:00,480.0,0.0,"Phường Đông Hoa Lư, Tỉnh Ninh Bình",0,0,480.0,2.0,6.0,0,0.0,1,0,0,VALID,0.0,0.0,480.0,0.0,5.0,1,Stopped,0.0,0,0,,480.0,480.0,480.5,0.0
92H-07095,2026-08-06 22:48:00,480.0,0.0,"Phường Đông Hoa Lư, Tỉnh Ninh Bình",0,0,480.0,2.0,6.0,0,0.0,1,0,0,VALID,0.0,0.0,480.0,0.0,5.0,1,Stopped,0.0,0,0,,480.0,480.0,480.5,0.0
92H-07095,2026-08-06 22:50:00,480.0,0.0,"Phường Đông Hoa Lư, Tỉnh Ninh Bình",0,0,480.0,2.0,6.0,0,0.0,1,0,0,VALID,0.0,0.0,480.0,0.0,5.0,1,Stopped,0.0,0,0,,480.0,480.0,480.4,0.0
92H-07095,2026-08-06 22:52:00,480.0,0.0,"Phường Đông Hoa Lư, Tỉnh Ninh Bình",0,0,480.0,2.0,6.0,0,0.0,1,0,0,VALID,0.0,0.0,480.0,0.0,5.0,1,Stopped,0.0,0,0,,480.0,480.0,480.4,0.0
92H-07095,2026-08-06 22:54:00,480.0,0.0,"Phường Đông Hoa Lư, Tỉnh Ninh Bình",0,0,480.0,2.0,6.0,0,0.0,1,0,0,VALID,0.0,0.0,480.0,0.0,5.0,1,Stopped,0.0,0,0,,480.0,480.0,480.4,0.0
92H-07095,2026-08-06 22:56:00,480.0,0.0,"Phường Đông Hoa Lư, Tỉnh Ninh Bình",0,0,480.0,2.0,6.0,0,0.0,1,0,0,VALID,0.0,0.0,480.0,0.0,5.0,1,Stopped,0.0,0,0,,480.0,480.0,480.3,0.0
92H-07095,2026-08-06 22:58:00,480.0,0.0,"Phường Đông Hoa Lư, Tỉnh Ninh Bình",0,0,480.0,2.0,6.0,0,0.0,1,0,0,VALID,0.0,0.0,480.0,0.0,5.0,1,Stopped,0.0,0,0,,480.0,480.0,480.3,0.0
92H-07095,2026-08-06 23:00:00,480.0,0.0,"Phường Đông Hoa Lư, Tỉnh Ninh Bình",0,0,480.0,2.0,6.0,0,0.0,1,0,0,VALID,0.0,0.0,480.0,0.0,5.0,1,Stopped,0.0,0,0,,480.0,480.0,480.3,0.0
92H-07095,2026-08-06 23:02:00,480.0,0.0,"Phường Đông Hoa Lư, Tỉnh Ninh Bình",0,0,480.0,2.0,6.0,0,0.0,1,0,0,VALID,0.0,0.0,480.0,0.0,5.0,1,Stopped,0.0,0,0,,480.0,480.0,480.2,0.0
92H-07095,2026-08-06 23:04:00,480.0,0.0,"Phường Đông Hoa Lư, Tỉnh Ninh Bình",0,0,480.0,2.0,6.0,0,0.0,1,0,0,VALID,0.0,0.0,480.0,0.0,5.0,1,Stopped,0.0,0,0,,480.0,480.0,480.2,0.0
92H-07095,2026-08-06 23:06:00,480.0,0.0,"Phường Đông Hoa Lư, Tỉnh Ninh Bình",0,0,480.0,2.0,6.0,0,0.0,1,0,0,VALID,0.0,0.0,480.0,0.0,5.0,1,Stopped,0.0,0,0,,480.0,480.0,480.2,0.0
92H-07095,2026-08-06 23:08:00,480.0,0.0,"Phường Đông Hoa Lư, Tỉnh Ninh Bình",0,0,480.0,2.0,6.0,0,0.0,1,0,0,VALID,0.0,0.0,480.0,0.0,5.0,1,Stopped,0.0,0,0,,480.0,480.0,480.2,0.0
92H-07095,2026-08-06 23:10:00,480.0,0.0,"Phường Đông Hoa Lư, Tỉnh Ninh Bình",0,0,480.0,2.0,6.0,0,0.0,1,0,0,VALID,0.0,0.0,480.0,0.0,5.0,1,Stopped,0.0,0,0,,480.0,480.0,480.2,0.0
92H-07095,2026-08-06 23:12:00,480.0,0.0,"Phường Đông Hoa Lư, Tỉnh Ninh Bình",0,0,480.0,2.0,6.0,0,0.0,1,0,0,VALID,0.0,0.0,480.0,0.0,5.0,1,Stopped,0.0,0,0,,480.0,480.0,480.1,0.0
92H-07095,2026-08-06 23:14:00,480.0,0.0,"Phường Đông Hoa Lư, Tỉnh Ninh Bình",0,0,480.0,2.0,6.0,0,0.0,1,0,0,VALID,0.0,0.0,480.0,0.0,5.0,1,Stopped,0.0,0,0,,480.0,480.0,480.1,0.0
92H-07095,2026-08-06 23:16:00,480.0,0.0,"Phường Đông Hoa Lư, Tỉnh Ninh Bình",0,0,480.0,2.0,6.0,0,0.0,1,0,0,VALID,0.0,0.0,480.0,0.0,5.0,1,Stopped,0.0,0,0,,480.0,480.0,480.1,0.0
92H-07095,2026-08-06 23:18:00,480.0,0.0,"Phường Đông Hoa Lư, Tỉnh Ninh Bình",0,0,480.0,2.0,6.0,0,0.0,1,0,0,VALID,0.0,0.0,480.0,0.0,5.0,1,Stopped,0.0,0,0,,480.0,480.0,480.1,0.0
92H-07095,2026-08-06 23:20:00,480.0,0.0,"Phường Đông Hoa Lư, Tỉnh Ninh Bình",0,0,480.0,2.0,6.0,0,0.0,1,0,0,VALID,0.0,0.0,480.0,0.0,5.0,1,Stopped,0.0,0,0,,480.0,480.0,480.1,0.0
92H-07095,2026-08-06 23:22:00,480.0,0.0,"Phường Đông Hoa Lư, Tỉnh Ninh Bình",0,0,480.0,2.0,6.0,0,0.0,1,0,0,VALID,0.0,0.0,480.0,0.0,5.0,1,Stopped,0.0,0,0,,480.0,480.0,480.1,0.0
92H-07095,2026-08-06 23:24:00,480.0,0.0,"Phường Đông Hoa Lư, Tỉnh Ninh Bình",0,0,480.0,2.0,6.0,0,0.0,1,0,0,VALID,0.0,0.0,480.0,0.0,5.0,1,Stopped,0.0,0,0,,480.0,480.0,480.1,0.0
92H-07095,2026-08-06 23:26:00,480.0,0.0,"Phường Đông Hoa Lư, Tỉnh Ninh Bình",0,0,480.0,2.0,6.0,0,0.0,1,0,0,VALID,0.0,0.0,480.0,0.0,5.0,1,Stopped,0.0,0,0,,480.0,480.0,480.1,0.0
92H-07095,2026-08-06 23:28:00,480.0,0.0,"Phường Đông Hoa Lư, Tỉnh Ninh Bình",0,0,480.0,2.0,6.0,0,0.0,1,0,0,VALID,0.0,0.0,480.0,0.0,5.0,1,Stopped,0.0,0,0,,480.0,480.0,480.1,0.0
92H-07095,2026-08-06 23:30:00,480.0,0.0,"Phường Đông Hoa Lư, Tỉnh Ninh Bình",0,0,480.0,2.0,6.0,0,0.0,1,0,0,VALID,0.0,0.0,480.0,0.0,5.0,1,Stopped,0.0,0,0,,480.0,480.0,480.1,0.0
92H-07095,2026-08-06 23:32:00,480.0,0.0,"Phường Đông Hoa Lư, Tỉnh Ninh Bình",0,0,480.0,2.0,6.0,0,0.0,1,0,0,VALID,0.0,0.0,480.0,0.0,5.0,1,Stopped,0.0,0,0,,480.0,480.0,480.0,0.0
92H-07095,2026-08-06 23:34:00,480.0,0.0,"Phường Đông Hoa Lư, Tỉnh Ninh Bình",0,0,480.0,2.0,6.0,0,0.0,1,0,0,VALID,0.0,0.0,480.0,0.0,5.0,1,Stopped,0.0,0,0,,480.0,480.0,480.0,0.0
92H-07095,2026-08-06 23:36:00,480.0,0.0,"Phường Đông Hoa Lư, Tỉnh Ninh Bình",0,0,480.0,2.0,6.0,0,0.0,1,0,0,VALID,0.0,0.0,480.0,0.0,5.0,1,Stopped,0.0,0,0,,480.0,480.0,480.0,0.0
92H-07095,2026-08-06 23:38:00,480.0,0.0,"Phường Đông Hoa Lư, Tỉnh Ninh Bình",0,0,480.0,2.0,6.0,0,0.0,1,0,0,VALID,0.0,0.0,480.0,0.0,5.0,1,Stopped,0.0,0,0,,480.0,480.0,480.0,0.0
92H-07095,2026-08-06 23:40:00,480.0,0.0,"Phường Đông Hoa Lư, Tỉnh Ninh Bình",0,0,480.0,2.0,6.0,0,0.0,1,0,0,VALID,0.0,0.0,480.0,0.0,5.0,1,Stopped,0.0,0,0,,480.0,480.0,480.0,0.0
92H-07095,2026-08-06 23:42:00,480.0,0.0,"Phường Đông Hoa Lư, Tỉnh Ninh Bình",0,0,480.0,2.0,6.0,0,0.0,1,0,0,VALID,0.0,0.0,480.0,0.0,5.0,1,Stopped,0.0,0,0,,480.0,480.0,480.0,0.0
92H-07095,2026-08-06 23:45:00,480.0,0.0,"Phường Đông Hoa Lư, Tỉnh Ninh Bình",0,0,480.0,3.0,6.0,0,0.0,1,0,0,VALID,0.0,0.0,480.0,0.0,5.0,1,Stopped,0.0,0,0,,480.0,480.0,480.0,0.0
92H-07095,2026-08-06 23:47:00,480.0,0.0,"Phường Đông Hoa Lư, Tỉnh Ninh Bình",0,0,480.0,2.0,6.0,0,0.0,1,0,0,VALID,0.0,0.0,480.0,0.0,5.0,1,Stopped,0.0,0,0,,480.0,480.0,480.0,0.0
92H-07095,2026-08-06 23:49:00,480.0,0.0,"Phường Đông Hoa Lư, Tỉnh Ninh Bình",0,0,480.0,2.0,6.0,0,0.0,1,0,0,VALID,0.0,0.0,480.0,0.0,5.0,1,Stopped,0.0,0,0,,480.0,480.0,480.0,0.0
92H-07095,2026-08-06 23:51:00,480.0,0.0,"Phường Đông Hoa Lư, Tỉnh Ninh Bình",0,0,480.0,2.0,6.0,0,0.0,1,0,0,VALID,0.0,0.0,480.0,0.0,5.0,1,Stopped,0.0,0,0,,480.0,480.0,480.0,0.0
92H-07095,2026-08-06 23:53:00,480.0,0.0,"Phường Đông Hoa Lư, Tỉnh Ninh Bình",0,0,480.0,2.0,6.0,0,0.0,1,0,0,VALID,0.0,0.0,480.0,0.0,5.0,1,Stopped,0.0,0,0,,480.0,480.0,480.0,0.0
92H-07095,2026-08-06 23:55:00,480.0,0.0,"Phường Đông Hoa Lư, Tỉnh Ninh Bình",0,0,480.0,2.0,6.0,0,0.0,1,0,0,VALID,0.0,0.0,480.0,0.0,5.0,1,Stopped,0.0,0,0,,480.0,480.0,480.0,0.0
92H-07095,2026-08-06 23:57:00,480.0,0.0,"Phường Đông Hoa Lư, Tỉnh Ninh Bình",0,0,480.0,2.0,6.0,0,0.0,1,0,0,VALID,0.0,0.0,480.0,0.0,5.0,1,Stopped,0.0,0,0,,480.0,480.0,480.0,0.0
92H-07095,2026-08-06 23:59:00,480.0,0.0,"Phường Đông Hoa Lư, Tỉnh Ninh Bình",0,0,480.0,2.0,6.0,0,0.0,1,0,0,VALID,0.0,0.0,480.0,0.0,5.0,1,Stopped,0.0,0,0,,480.0,480.0,480.0,0.0
92H-07095,2026-08-07 00:00:00,480.0,0.0,"Phường Đông Hoa Lư, Tỉnh Ninh Bình",0,0,480.0,1.0,6.0,0,0.0,1,0,0,VALID,0.0,0.0,480.0,0.0,5.0,1,Stopped,0.0,0,0,,480.0,480.0,480.0,0.0
92H-07095,2026-08-07 00:02:00,480.0,0.0,"Phường Đông Hoa Lư, Tỉnh Ninh Bình",0,0,480.0,2.0,6.0,0,0.0,1,0,0,VALID,0.0,0.0,480.0,0.0,5.0,1,Stopped,0.0,0,0,,480.0,480.0,480.0,0.0
92H-07095,2026-08-07 00:04:00,480.0,0.0,"Phường Đông Hoa Lư, Tỉnh Ninh Bình",0,0,480.0,2.0,6.0,0,0.0,1,0,0,VALID,0.0,0.0,480.0,0.0,5.0,1,Stopped,0.0,0,0,,480.0,480.0,480.0,0.0
92H-07095,2026-08-07 00:06:00,480.0,0.0,"Phường Đông Hoa Lư, Tỉnh Ninh Bình",0,0,480.0,2.0,6.0,0,0.0,1,0,0,VALID,0.0,0.0,480.0,0.0,5.0,1,Stopped,0.0,0,0,,480.0,480.0,480.0,0.0
92H-07095,2026-08-07 00:08:00,480.0,0.0,"Phường Đông Hoa Lư, Tỉnh Ninh Bình",0,0,480.0,2.0,6.0,0,0.0,1,0,0,VALID,0.0,0.0,480.0,0.0,5.0,1,Stopped,0.0,0,0,,480.0,480.0,480.0,0.0
92H-07095,2026-08-07 00:10:00,480.0,0.0,"Phường Đông Hoa Lư, Tỉnh Ninh Bình",0,0,480.0,2.0,6.0,0,0.0,1,0,0,VALID,0.0,0.0,480.0,0.0,5.0,1,Stopped,0.0,0,0,,480.0,480.0,480.0,0.0
92H-07095,2026-08-07 00:12:00,480.0,0.0,"Phường Đông Hoa Lư, Tỉnh Ninh Bình",0,0,480.0,2.0,6.0,0,0.0,1,0,0,VALID,0.0,0.0,480.0,0.0,5.0,1,Stopped,0.0,0,0,,480.0,480.0,480.0,0.0
92H-07095,2026-08-07 00:14:00,480.0,0.0,"Phường Đông Hoa Lư, Tỉnh Ninh Bình",0,0,480.0,2.0,6.0,0,0.0,1,0,0,VALID,0.0,0.0,480.0,0.0,5.0,1,Stopped,0.0,0,0,,480.0,480.0,480.0,0.0
92H-07095,2026-08-07 00:16:00,480.0,0.0,"Phường Đông Hoa Lư, Tỉnh Ninh Bình",0,0,480.0,2.0,6.0,0,0.0,1,0,0,VALID,0.0,0.0,480.0,0.0,5.0,1,Stopped,0.0,0,0,,480.0,480.0,480.0,0.0
92H-07095,2026-08-07 00:18:00,480.0,0.0,"Phường Đông Hoa Lư, Tỉnh Ninh Bình",0,0,480.0,2.0,6.0,0,0.0,1,0,0,VALID,0.0,0.0,480.0,0.0,5.0,1,Stopped,0.0,0,0,,480.0,480.0,480.0,0.0
92H-07095,2026-08-07 00:20:00,480.0,0.0,"Phường Đông Hoa Lư, Tỉnh Ninh Bình",0,0,480.0,2.0,6.0,0,0.0,1,0,0,VALID,0.0,0.0,480.0,0.0,5.0,1,Stopped,0.0,0,0,,480.0,480.0,480.0,0.0
92H-07095,2026-08-07 00:22:00,480.0,0.0,"Phường Đông Hoa Lư, Tỉnh Ninh Bình",0,0,480.0,2.0,6.0,0,0.0,1,0,0,VALID,0.0,0.0,480.0,0.0,5.0,1,Stopped,0.0,0,0,,480.0,480.0,480.0,0.0
92H-07095,2026-08-07 00:24:00,480.0,0.0,"Phường Đông Hoa Lư, Tỉnh Ninh Bình",0,0,480.0,2.0,6.0,0,0.0,1,0,0,VALID,0.0,0.0,480.0,0.0,5.0,1,Stopped,0.0,0,0,,480.0,480.0,480.0,0.0
92H-07095,2026-08-07 00:26:00,480.0,0.0,"Phường Đông Hoa Lư, Tỉnh Ninh Bình",0,0,480.0,2.0,6.0,0,0.0,1,0,0,VALID,0.0,0.0,480.0,0.0,5.0,1,Stopped,0.0,0,0,,480.0,480.0,480.0,0.0
92H-07095,2026-08-07 00:28:00,480.0,0.0,"Phường Đông Hoa Lư, Tỉnh Ninh Bình",0,0,480.0,2.0,6.0,0,0.0,1,0,0,VALID,0.0,0.0,480.0,0.0,5.0,1,Stopped,0.0,0,0,,480.0,480.0,480.0,0.0
92H-07095,2026-08-07 00:30:00,480.0,0.0,"Phường Đông Hoa Lư, Tỉnh Ninh Bình",0,0,480.0,2.0,6.0,0,0.0,1,0,0,VALID,0.0,0.0,480.0,0.0,5.0,1,Stopped,0.0,0,0,,480.0,480.0,480.0,0.0
92H-07095,2026-08-07 00:32:00,480.0,0.0,"Phường Đông Hoa Lư, Tỉnh Ninh Bình",0,0,480.0,2.0,6.0,0,0.0,1,0,0,VALID,0.0,0.0,480.0,0.0,5.0,1,Stopped,0.0,0,0,,480.0,480.0,480.0,0.0
92H-07095,2026-08-07 00:34:00,480.0,0.0,"Phường Đông Hoa Lư, Tỉnh Ninh Bình",0,0,480.0,2.0,6.0,0,0.0,1,0,0,VALID,0.0,0.0,480.0,0.0,5.0,1,Stopped,0.0,0,0,,480.0,480.0,480.0,0.0
92H-07095,2026-08-07 00:36:00,480.0,0.0,"Phường Đông Hoa Lư, Tỉnh Ninh Bình",0,0,480.0,2.0,6.0,0,0.0,1,0,0,VALID,0.0,0.0,480.0,0.0,5.0,1,Stopped,0.0,0,0,,480.0,480.0,480.0,0.0
92H-07095,2026-08-07 00:38:00,480.0,0.0,"Phường Đông Hoa Lư, Tỉnh Ninh Bình",0,0,480.0,2.0,6.0,0,0.0,1,0,0,VALID,0.0,0.0,480.0,0.0,5.0,1,Stopped,0.0,0,0,,480.0,480.0,480.0,0.0
92H-07095,2026-08-07 00:40:00,480.0,0.0,"Phường Đông Hoa Lư, Tỉnh Ninh Bình",0,0,480.0,2.0,6.0,0,0.0,1,0,0,VALID,0.0,0.0,480.0,0.0,5.0,1,Stopped,0.0,0,0,,480.0,480.0,480.0,0.0
92H-07095,2026-08-07 00:42:00,480.0,0.0,"Phường Đông Hoa Lư, Tỉnh Ninh Bình",0,0,480.0,2.0,6.0,0,0.0,1,0,0,VALID,0.0,0.0,480.0,0.0,5.0,1,Stopped,0.0,0,0,,480.0,480.0,480.0,0.0
92H-07095,2026-08-07 00:44:00,480.0,0.0,"Phường Đông Hoa Lư, Tỉnh Ninh Bình",0,0,480.0,2.0,6.0,0,0.0,1,0,0,VALID,0.0,0.0,480.0,0.0,5.0,1,Stopped,0.0,0,0,,480.0,480.0,480.0,0.0
92H-07095,2026-08-07 00:47:00,480.0,0.0,"Phường Đông Hoa Lư, Tỉnh Ninh Bình",0,0,480.0,3.0,6.0,0,0.0,1,0,0,VALID,0.0,0.0,480.0,0.0,5.0,1,Stopped,0.0,0,0,,480.0,480.0,480.0,0.0
92H-07095,2026-08-07 00:49:00,480.0,0.0,"Phường Đông Hoa Lư, Tỉnh Ninh Bình",0,0,480.0,2.0,6.0,0,0.0,1,0,0,VALID,0.0,0.0,480.0,0.0,5.0,1,Stopped,0.0,0,0,,480.0,480.0,480.0,0.0
92H-07095,2026-08-07 00:51:00,480.0,0.0,"Phường Đông Hoa Lư, Tỉnh Ninh Bình",0,0,480.0,2.0,6.0,0,0.0,1,0,0,VALID,0.0,0.0,480.0,0.0,5.0,1,Stopped,0.0,0,0,,480.0,480.0,480.0,0.0
92H-07095,2026-08-07 00:53:00,480.0,0.0,"Phường Đông Hoa Lư, Tỉnh Ninh Bình",0,0,480.0,2.0,6.0,0,0.0,1,0,0,VALID,0.0,0.0,480.0,0.0,5.0,1,Stopped,0.0,0,0,,480.0,480.0,480.0,0.0
92H-07095,2026-08-07 00:55:00,480.0,0.0,"Phường Đông Hoa Lư, Tỉnh Ninh Bình",0,0,480.0,2.0,6.0,0,0.0,1,0,0,VALID,0.0,0.0,480.0,0.0,5.0,1,Stopped,0.0,0,0,,480.0,480.0,480.0,0.0
92H-07095,2026-08-07 00:57:00,480.0,0.0,"Phường Đông Hoa Lư, Tỉnh Ninh Bình",0,0,480.0,2.0,6.0,0,0.0,1,0,0,VALID,0.0,0.0,480.0,0.0,5.0,1,Stopped,0.0,0,0,,480.0,480.0,480.0,0.0
92H-07095,2026-08-07 00:59:00,480.0,0.0,"Phường Đông Hoa Lư, Tỉnh Ninh Bình",0,0,480.0,2.0,6.0,0,0.0,1,0,0,VALID,0.0,0.0,480.0,0.0,5.0,1,Stopped,0.0,0,0,,480.0,480.0,480.0,0.0
92H-07095,2026-08-07 01:01:00,480.0,0.0,"Phường Đông Hoa Lư, Tỉnh Ninh Bình",0,0,480.0,2.0,6.0,0,0.0,1,0,0,VALID,0.0,0.0,480.0,0.0,5.0,1,Stopped,0.0,0,0,,480.0,480.0,480.0,0.0
92H-07095,2026-08-07 01:03:00,479.9,0.0,"Phường Đông Hoa Lư, Tỉnh Ninh Bình",0,0,479.9,2.0,6.0,0,0.0,1,0,0,VALID,-0.1000000000000227,-0.0500000000000113,480.0,0.04472135801268935,5.0,1,Stopped,0.0,0,0,,479.9,480.0,480.0,0.0
92H-07095,2026-08-07 01:05:00,479.9,0.0,"Phường Đông Hoa Lư, Tỉnh Ninh Bình",0,0,479.9,2.0,6.0,0,0.0,1,0,0,VALID,0.0,0.0,480.0,0.05477225449590557,5.0,1,Stopped,0.0,0,0,,479.9,479.9,480.0,0.0
92H-07095,2026-08-07 01:07:00,479.9,0.0,"Phường Đông Hoa Lư, Tỉnh Ninh Bình",0,0,479.9,2.0,6.0,0,0.0,1,0,0,VALID,0.0,0.0,479.9,0.054772254496504906,5.0,1,Stopped,0.0,0,0,,479.9,479.9,480.0,0.0
92H-07095,2026-08-07 01:09:00,479.9,0.0,"Phường Đông Hoa Lư, Tỉnh Ninh Bình",0,0,479.9,2.0,6.0,0,0.0,1,0,0,VALID,0.0,0.0,479.9,0.04472135801489146,5.0,1,Stopped,0.0,0,0,,479.9,479.9,480.0,0.0
92H-07095,2026-08-07 01:11:00,479.9,0.0,"Phường Đông Hoa Lư, Tỉnh Ninh Bình",0,0,479.9,2.0,6.0,0,0.0,1,0,0,VALID,0.0,0.0,479.9,0.0,5.0,1,Stopped,0.0,0,0,,479.9,479.9,480.0,0.0
92H-07095,2026-08-07 01:13:00,479.9,0.0,"Phường Đông Hoa Lư, Tỉnh Ninh Bình",0,0,479.9,2.0,6.0,0,0.0,1,0,0,VALID,0.0,0.0,479.9,0.0,5.0,1,Stopped,0.0,0,0,,479.9,479.9,480.0,0.0
92H-07095,2026-08-07 01:15:00,479.9,0.0,"Phường Đông Hoa Lư, Tỉnh Ninh Bình",0,0,479.9,2.0,6.0,0,0.0,1,0,0,VALID,0.0,0.0,479.9,0.0,5.0,1,Stopped,0.0,0,0,,479.9,479.9,479.9,0.0
92H-07095,2026-08-07 01:17:00,479.9,0.0,"Phường Đông Hoa Lư, Tỉnh Ninh Bình",0,0,479.9,2.0,6.0,0,0.0,1,0,0,VALID,0.0,0.0,479.9,0.0,5.0,1,Stopped,0.0,0,0,,479.9,479.9,479.9,0.0
92H-07095,2026-08-07 01:19:00,479.9,0.0,"Phường Đông Hoa Lư, Tỉnh Ninh Bình",0,0,479.9,2.0,6.0,0,0.0,1,0,0,VALID,0.0,0.0,479.9,0.0,5.0,1,Stopped,0.0,0,0,,479.9,479.9,479.9,0.0
92H-07095,2026-08-07 01:21:00,479.9,0.0,"Phường Đông Hoa Lư, Tỉnh Ninh Bình",0,0,479.9,2.0,6.0,0,0.0,1,0,0,VALID,0.0,0.0,479.9,0.0,5.0,1,Stopped,0.0,0,0,,479.9,479.9,479.9,0.0
92H-07095,2026-08-07 01:23:00,479.9,0.0,"Phường Đông Hoa Lư, Tỉnh Ninh Bình",0,0,479.9,2.0,6.0,0,0.0,1,0,0,VALID,0.0,0.0,479.9,0.0,5.0,1,Stopped,0.0,0,0,,479.9,479.9,479.9,0.0
92H-07095,2026-08-07 01:25:00,479.9,0.0,"Phường Đông Hoa Lư, Tỉnh Ninh Bình",0,0,479.9,2.0,6.0,0,0.0,1,0,0,VALID,0.0,0.0,479.9,0.0,5.0,1,Stopped,0.0,0,0,,479.9,479.9,479.9,0.0
92H-07095,2026-08-07 01:27:00,479.9,0.0,"Phường Đông Hoa Lư, Tỉnh Ninh Bình",0,0,479.9,2.0,6.0,0,0.0,1,0,0,VALID,0.0,0.0,479.9,0.0,5.0,1,Stopped,0.0,0,0,,479.9,479.9,479.9,0.0
92H-07095,2026-08-07 01:29:00,479.9,0.0,"Phường Đông Hoa Lư, Tỉnh Ninh Bình",0,0,479.9,2.0,6.0,0,0.0,1,0,0,VALID,0.0,0.0,479.9,0.0,5.0,1,Stopped,0.0,0,0,,479.9,479.9,479.9,0.0
92H-07095,2026-08-07 01:31:00,479.9,0.0,"Phường Đông Hoa Lư, Tỉnh Ninh Bình",0,0,479.9,2.0,6.0,0,0.0,1,0,0,VALID,0.0,0.0,479.9,0.0,5.0,1,Stopped,0.0,0,0,,479.9,479.9,479.9,0.0
92H-07095,2026-08-07 01:33:00,479.9,0.0,"Phường Đông Hoa Lư, Tỉnh Ninh Bình",0,0,479.9,2.0,6.0,0,0.0,1,0,0,VALID,0.0,0.0,479.9,0.0,5.0,1,Stopped,0.0,0,0,,479.9,479.9,479.9,0.0
92H-07095,2026-08-07 01:35:00,479.9,0.0,"Phường Đông Hoa Lư, Tỉnh Ninh Bình",0,0,479.9,2.0,6.0,0,0.0,1,0,0,VALID,0.0,0.0,479.9,0.0,5.0,1,Stopped,0.0,0,0,,479.9,479.9,479.9,0.0
92H-07095,2026-08-07 01:37:00,479.9,0.0,"Phường Đông Hoa Lư, Tỉnh Ninh Bình",0,0,479.9,2.0,6.0,0,0.0,1,0,0,VALID,0.0,0.0,479.9,0.0,5.0,1,Stopped,0.0,0,0,,479.9,479.9,479.9,0.0
92H-07095,2026-08-07 01:39:00,479.9,0.0,"Phường Đông Hoa Lư, Tỉnh Ninh Bình",0,0,479.9,2.0,6.0,0,0.0,1,0,0,VALID,0.0,0.0,479.9,0.0,5.0,1,Stopped,0.0,0,0,,479.9,479.9,479.9,0.0
92H-07095,2026-08-07 01:41:00,479.9,0.0,"Phường Đông Hoa Lư, Tỉnh Ninh Bình",0,0,479.9,2.0,6.0,0,0.0,1,0,0,VALID,0.0,0.0,479.9,0.0,5.0,1,Stopped,0.0,0,0,,479.9,479.9,479.9,0.0
92H-07095,2026-08-07 01:43:00,479.9,0.0,"Phường Đông Hoa Lư, Tỉnh Ninh Bình",0,0,479.9,2.0,6.0,0,0.0,1,0,0,VALID,0.0,0.0,479.9,0.0,5.0,1,Stopped,0.0,0,0,,479.9,479.9,479.9,0.0
92H-07095,2026-08-07 01:45:00,479.9,0.0,"Phường Đông Hoa Lư, Tỉnh Ninh Bình",0,0,479.9,2.0,6.0,0,0.0,1,0,0,VALID,0.0,0.0,479.9,0.0,5.0,1,Stopped,0.0,0,0,,479.9,479.9,479.9,0.0
92H-07095,2026-08-07 01:47:00,479.9,0.0,"Phường Đông Hoa Lư, Tỉnh Ninh Bình",0,0,479.9,2.0,6.0,0,0.0,1,0,0,VALID,0.0,0.0,479.9,0.0,5.0,1,Stopped,0.0,0,0,,479.9,479.9,479.9,0.0
92H-07095,2026-08-07 01:49:00,479.9,0.0,"Phường Đông Hoa Lư, Tỉnh Ninh Bình",0,0,479.9,2.0,6.0,0,0.0,1,0,0,VALID,0.0,0.0,479.9,0.0,5.0,1,Stopped,0.0,0,0,,479.9,479.9,479.9,0.0
92H-07095,2026-08-07 01:51:00,479.9,0.0,"Phường Đông Hoa Lư, Tỉnh Ninh Bình",0,0,479.9,2.0,6.0,0,0.0,1,0,0,VALID,0.0,0.0,479.9,0.0,5.0,1,Stopped,0.0,0,0,,479.9,479.9,479.9,0.0
92H-07095,2026-08-07 01:53:00,479.9,0.0,"Phường Đông Hoa Lư, Tỉnh Ninh Bình",0,0,479.9,2.0,6.0,0,0.0,1,0,0,VALID,0.0,0.0,479.9,0.0,5.0,1,Stopped,0.0,0,0,,479.9,479.9,479.9,0.0
92H-07095,2026-08-07 01:55:00,479.9,0.0,"Phường Đông Hoa Lư, Tỉnh Ninh Bình",0,0,479.9,2.0,6.0,0,0.0,1,0,0,VALID,0.0,0.0,479.9,0.0,5.0,1,Stopped,0.0,0,0,,479.9,479.9,479.9,0.0
92H-07095,2026-08-07 01:57:00,479.9,0.0,"Phường Đông Hoa Lư, Tỉnh Ninh Bình",0,0,479.9,2.0,6.0,0,0.0,1,0,0,VALID,0.0,0.0,479.9,0.0,5.0,1,Stopped,0.0,0,0,,479.9,479.9,479.9,0.0
92H-07095,2026-08-07 01:59:00,479.9,0.0,"Phường Đông Hoa Lư, Tỉnh Ninh Bình",0,0,479.9,2.0,6.0,0,0.0,1,0,0,VALID,0.0,0.0,479.9,0.0,5.0,1,Stopped,0.0,0,0,,479.9,479.9,479.9,0.0
92H-07095,2026-08-07 02:01:00,479.9,0.0,"Phường Đông Hoa Lư, Tỉnh Ninh Bình",0,0,479.9,2.0,6.0,0,0.0,1,0,0,VALID,0.0,0.0,479.9,0.0,5.0,1,Stopped,0.0,0,0,,479.9,479.9,479.9,0.0
92H-07095,2026-08-07 02:03:00,479.9,0.0,"Phường Đông Hoa Lư, Tỉnh Ninh Bình",0,0,479.9,2.0,6.0,0,0.0,1,0,0,VALID,0.0,0.0,479.9,0.0,5.0,1,Stopped,0.0,0,0,,479.9,479.9,479.9,0.0
92H-07095,2026-08-07 02:05:00,479.9,0.0,"Phường Đông Hoa Lư, Tỉnh Ninh Bình",0,0,479.9,2.0,6.0,0,0.0,1,0,0,VALID,0.0,0.0,479.9,0.0,5.0,1,Stopped,0.0,0,0,,479.9,479.9,479.9,0.0
92H-07095,2026-08-07 02:07:00,480.0,0.0,"Phường Đông Hoa Lư, Tỉnh Ninh Bình",0,0,480.0,2.0,6.0,0,0.0,1,0,0,VALID,0.1000000000000227,0.0500000000000113,479.9,0.04472135801489146,5.0,1,Stopped,0.0,0,0,,480.0,479.9,479.9,0.0
92H-07095,2026-08-07 02:09:00,480.0,0.0,"Phường Đông Hoa Lư, Tỉnh Ninh Bình",0,0,480.0,2.0,6.0,0,0.0,1,0,0,VALID,0.0,0.0,479.9,0.054772254496504906,5.0,1,Stopped,0.0,0,0,,480.0,480.0,479.9,0.0
92H-07095,2026-08-07 02:11:00,480.0,0.0,"Phường Đông Hoa Lư, Tỉnh Ninh Bình",0,0,480.0,2.0,6.0,0,0.0,1,0,0,VALID,0.0,0.0,480.0,0.05477225449590557,5.0,1,Stopped,0.0,0,0,,480.0,480.0,479.9,0.0
92H-07095,2026-08-07 02:13:00,480.0,0.0,"Phường Đông Hoa Lư, Tỉnh Ninh Bình",0,0,480.0,2.0,6.0,0,0.0,1,0,0,VALID,0.0,0.0,480.0,0.04472135801268935,5.0,1,Stopped,0.0,0,0,,480.0,480.0,479.9,0.0
92H-07095,2026-08-07 02:15:00,480.0,0.0,"Phường Đông Hoa Lư, Tỉnh Ninh Bình",0,0,480.0,2.0,6.0,0,0.0,1,0,0,VALID,0.0,0.0,480.0,0.0,5.0,1,Stopped,0.0,0,0,,480.0,480.0,479.9,0.0
92H-07095,2026-08-07 02:17:00,480.0,0.0,"Phường Đông Hoa Lư, Tỉnh Ninh Bình",0,0,480.0,2.0,6.0,0,0.0,1,0,0,VALID,0.0,0.0,480.0,0.0,5.0,1,Stopped,0.0,0,0,,480.0,480.0,479.9,0.0
92H-07095,2026-08-07 02:19:00,480.0,0.0,"Phường Đông Hoa Lư, Tỉnh Ninh Bình",0,0,480.0,2.0,6.0,0,0.0,1,0,0,VALID,0.0,0.0,480.0,0.0,5.0,1,Stopped,0.0,0,0,,480.0,480.0,480.0,0.0
92H-07095,2026-08-07 02:21:00,480.0,0.0,"Phường Đông Hoa Lư, Tỉnh Ninh Bình",0,0,480.0,2.0,6.0,0,0.0,1,0,0,VALID,0.0,0.0,480.0,0.0,5.0,1,Stopped,0.0,0,0,,480.0,480.0,480.0,0.0
92H-07095,2026-08-07 02:23:00,480.0,0.0,"Phường Đông Hoa Lư, Tỉnh Ninh Bình",0,0,480.0,2.0,6.0,0,0.0,1,0,0,VALID,0.0,0.0,480.0,0.0,5.0,1,Stopped,0.0,0,0,,480.0,480.0,480.0,0.0
92H-07095,2026-08-07 02:25:00,480.0,0.0,"Phường Đông Hoa Lư, Tỉnh Ninh Bình",0,0,480.0,2.0,6.0,0,0.0,1,0,0,VALID,0.0,0.0,480.0,0.0,5.0,1,Stopped,0.0,0,0,,480.0,480.0,480.0,0.0
92H-07095,2026-08-07 02:27:00,480.0,0.0,"Phường Đông Hoa Lư, Tỉnh Ninh Bình",0,0,480.0,2.0,6.0,0,0.0,1,0,0,VALID,0.0,0.0,480.0,0.0,5.0,1,Stopped,0.0,0,0,,480.0,480.0,480.0,0.0
92H-07095,2026-08-07 02:29:00,480.0,0.0,"Phường Đông Hoa Lư, Tỉnh Ninh Bình",0,0,480.0,2.0,6.0,0,0.0,1,0,0,VALID,0.0,0.0,480.0,0.0,5.0,1,Stopped,0.0,0,0,,480.0,480.0,480.0,0.0
92H-07095,2026-08-07 02:31:00,480.0,0.0,"Phường Đông Hoa Lư, Tỉnh Ninh Bình",0,0,480.0,2.0,6.0,0,0.0,1,0,0,VALID,0.0,0.0,480.0,0.0,5.0,1,Stopped,0.0,0,0,,480.0,480.0,480.0,0.0
92H-07095,2026-08-07 02:33:00,480.0,0.0,"Phường Đông Hoa Lư, Tỉnh Ninh Bình",0,0,480.0,2.0,6.0,0,0.0,1,0,0,VALID,0.0,0.0,480.0,0.0,5.0,1,Stopped,0.0,0,0,,480.0,480.0,480.0,0.0
92H-07095,2026-08-07 02:35:00,480.0,0.0,"Phường Đông Hoa Lư, Tỉnh Ninh Bình",0,0,480.0,2.0,6.0,0,0.0,1,0,0,VALID,0.0,0.0,480.0,0.0,5.0,1,Stopped,0.0,0,0,,480.0,480.0,480.0,0.0
92H-07095,2026-08-07 02:37:00,480.0,0.0,"Phường Đông Hoa Lư, Tỉnh Ninh Bình",0,0,480.0,2.0,6.0,0,0.0,1,0,0,VALID,0.0,0.0,480.0,0.0,5.0,1,Stopped,0.0,0,0,,480.0,480.0,480.0,0.0
92H-07095,2026-08-07 02:39:00,480.0,0.0,"Phường Đông Hoa Lư, Tỉnh Ninh Bình",0,0,480.0,2.0,6.0,0,0.0,1,0,0,VALID,0.0,0.0,480.0,0.0,5.0,1,Stopped,0.0,0,0,,480.0,480.0,480.0,0.0
92H-07095,2026-08-07 02:41:00,480.0,0.0,"Phường Đông Hoa Lư, Tỉnh Ninh Bình",0,0,480.0,2.0,6.0,0,0.0,1,0,0,VALID,0.0,0.0,480.0,0.0,5.0,1,Stopped,0.0,0,0,,480.0,480.0,480.0,0.0
92H-07095,2026-08-07 02:43:00,480.0,0.0,"Phường Đông Hoa Lư, Tỉnh Ninh Bình",0,0,480.0,2.0,6.0,0,0.0,1,0,0,VALID,0.0,0.0,480.0,0.0,5.0,1,Stopped,0.0,0,0,,480.0,480.0,480.0,0.0
92H-07095,2026-08-07 02:45:00,480.0,0.0,"Phường Đông Hoa Lư, Tỉnh Ninh Bình",0,0,480.0,2.0,6.0,0,0.0,1,0,0,VALID,0.0,0.0,480.0,0.0,5.0,1,Stopped,0.0,0,0,,480.0,480.0,480.0,0.0
92H-07095,2026-08-07 02:47:00,480.0,0.0,"Phường Đông Hoa Lư, Tỉnh Ninh Bình",0,0,480.0,2.0,6.0,0,0.0,1,0,0,VALID,0.0,0.0,480.0,0.0,5.0,1,Stopped,0.0,0,0,,480.0,480.0,480.0,0.0
92H-07095,2026-08-07 02:49:00,480.0,0.0,"Phường Đông Hoa Lư, Tỉnh Ninh Bình",0,0,480.0,2.0,6.0,0,0.0,1,0,0,VALID,0.0,0.0,480.0,0.0,5.0,1,Stopped,0.0,0,0,,480.0,480.0,480.0,0.0
92H-07095,2026-08-07 02:51:00,480.0,0.0,"Phường Đông Hoa Lư, Tỉnh Ninh Bình",0,0,480.0,2.0,6.0,0,0.0,1,0,0,VALID,0.0,0.0,480.0,0.0,5.0,1,Stopped,0.0,0,0,,480.0,480.0,480.0,0.0
92H-07095,2026-08-07 02:53:00,480.0,0.0,"Phường Đông Hoa Lư, Tỉnh Ninh Bình",0,0,480.0,2.0,6.0,0,0.0,1,0,0,VALID,0.0,0.0,480.0,0.0,5.0,1,Stopped,0.0,0,0,,480.0,480.0,480.0,0.0
92H-07095,2026-08-07 02:55:00,480.0,0.0,"Phường Đông Hoa Lư, Tỉnh Ninh Bình",0,0,480.0,2.0,6.0,0,0.0,1,0,0,VALID,0.0,0.0,480.0,0.0,5.0,1,Stopped,0.0,0,0,,480.0,480.0,480.0,0.0
92H-07095,2026-08-07 02:57:00,480.0,0.0,"Phường Đông Hoa Lư, Tỉnh Ninh Bình",0,0,480.0,2.0,6.0,0,0.0,1,0,0,VALID,0.0,0.0,480.0,0.0,5.0,1,Stopped,0.0,0,0,,480.0,480.0,480.0,0.0
92H-07095,2026-08-07 02:59:00,480.0,0.0,"Phường Đông Hoa Lư, Tỉnh Ninh Bình",0,0,480.0,2.0,6.0,0,0.0,1,0,0,VALID,0.0,0.0,480.0,0.0,5.0,1,Stopped,0.0,0,0,,480.0,480.0,480.0,0.0
92H-07095,2026-08-07 03:01:00,480.0,0.0,"Phường Đông Hoa Lư, Tỉnh Ninh Bình",0,0,480.0,2.0,6.0,0,0.0,1,0,0,VALID,0.0,0.0,480.0,0.0,5.0,1,Stopped,0.0,0,0,,480.0,480.0,480.0,0.0
92H-07095,2026-08-07 03:02:00,480.0,0.0,"Phường Đông Hoa Lư, Tỉnh Ninh Bình",0,0,480.0,1.0,6.0,0,0.0,1,0,0,VALID,0.0,0.0,480.0,0.0,5.0,1,Stopped,0.0,0,0,,480.0,480.0,480.0,0.0
92H-07095,2026-08-07 03:04:00,480.0,0.0,"Phường Đông Hoa Lư, Tỉnh Ninh Bình",0,0,480.0,2.0,6.0,0,0.0,1,0,0,VALID,0.0,0.0,480.0,0.0,5.0,1,Stopped,0.0,0,0,,480.0,480.0,480.0,0.0
92H-07095,2026-08-07 03:06:00,479.9,0.0,"Phường Đông Hoa Lư, Tỉnh Ninh Bình",0,0,479.9,2.0,6.0,0,0.0,1,0,0,VALID,-0.1000000000000227,-0.0500000000000113,480.0,0.04472135801268935,5.0,1,Stopped,0.0,0,0,,479.9,480.0,480.0,0.0
92H-07095,2026-08-07 03:09:00,479.1,0.0,"Phường Đông Hoa Lư, Tỉnh Ninh Bình",0,0,479.1,3.0,6.0,0,0.0,1,0,0,VALID,-0.7999999999999545,-0.2666666666666515,480.0,0.3937003935266984,5.0,1,Stopped,0.0,0,0,,479.8,479.9,480.0,0.0
92H-07095,2026-08-07 03:11:00,479.1,0.0,"Phường Đông Hoa Lư, Tỉnh Ninh Bình",0,0,479.1,2.0,6.0,0,0.0,1,0,0,VALID,0.0,0.0,479.9,0.47644516983978635,5.0,1,Stopped,0.0,0,0,,479.8,479.9,480.0,0.0
92H-07095,2026-08-07 03:13:00,479.1,0.0,"Phường Đông Hoa Lư, Tỉnh Ninh Bình",0,0,479.1,2.0,6.0,0,0.0,1,0,0,VALID,0.0,0.0,479.1,0.4669047010517731,5.0,1,Stopped,0.0,0,0,,479.8,479.8,479.9,0.0
92H-07095,2026-08-07 03:16:00,479.1,0.0,"Phường Đông Hoa Lư, Tỉnh Ninh Bình",0,0,479.1,3.0,6.0,0,0.0,1,0,0,VALID,0.0,0.0,479.1,0.3577708762110724,5.0,1,Stopped,0.0,0,0,,479.7,479.8,479.9,0.0
92H-07095,2026-08-07 03:18:00,478.7,0.0,"Phường Đông Hoa Lư, Tỉnh Ninh Bình",0,0,478.7,2.0,6.0,0,0.0,1,0,0,VALID,-0.4000000000000341,-0.200000000000017,479.1,0.1788854378245327,5.0,1,Stopped,0.0,0,0,,479.5,479.7,479.9,0.0
92H-07095,2026-08-07 03:20:00,478.2,55.0,"Cao tốc Cao Bồ - Mai Sơn, Phường Đông Hoa Lư, Tỉnh Ninh Bình",0,0,478.2,2.0,6.0,0,0.0,1,0,0,VALID,-0.5,-0.25,479.1,0.3974921381188681,5.0,1,Moving,0.4583333333333333,0,0,,479.4,479.6,479.8,1.0
92H-07095,2026-08-07 03:22:00,477.5,60.0,"Cao tốc Cao Bồ - Mai Sơn, Phường Đông Hoa Lư, Tỉnh Ninh Bình",0,0,477.5,2.0,6.0,0,0.0,1,0,0,VALID,-0.6999999999999886,-0.3499999999999943,478.7,0.679705818621132,5.0,1,Moving,0.0416666666666666,0,0,,479.2,479.4,479.8,1.0
92H-07095,2026-08-07 03:24:00,475.6,48.0,"Cao tốc Cầu Giẽ - Ninh Bình, Phường Đông Hoa Lư, Tỉnh Ninh Bình",0,0,475.6,2.0,6.0,0,0.0,1,0,0,VALID,-1.8999999999999773,-0.9499999999999886,478.2,1.3773162308888458,5.0,1,Moving,-0.1,0,0,,478.3,479.0,479.6,1.0
92H-07095,2026-08-07 03:26:00,478.4,58.0,"Cao tốc Cầu Giẽ - Ninh Bình, Xã Yên Đồng, Tỉnh Ninh Bình",0,0,478.4,2.0,6.0,0,0.0,1,0,0,VALID,2.7999999999999545,1.3999999999999773,478.2,1.2437845472067588,5.0,1,Moving,0.0833333333333333,0,0,,480.0,479.4,479.7,1.0
92H-07095,2026-08-07 03:28:00,476.2,57.0,"Cao tốc Cầu Giẽ - Ninh Bình, Xã Ý Yên, Tỉnh Ninh Bình",0,0,476.2,2.0,6.0,0,0.0,1,0,0,VALID,-2.1999999999999886,-1.0999999999999943,477.5,1.2336936410114603,5.0,1,Moving,-0.0083333333333333,0,0,,478.6,479.1,479.5,1.0
92H-07095,2026-08-07 03:30:00,477.4,53.0,"Cao tốc Cầu Giẽ - Ninh Bình, Xã Ý Yên, Tỉnh Ninh Bình",0,0,477.4,2.0,6.0,0,0.0,1,0,0,VALID,1.1999999999999886,0.5999999999999943,477.4,1.114450537203284,5.0,1,Moving,-0.0333333333333333,0,0,,479.6,479.3,479.6,1.0
92H-07095,2026-08-07 03:32:00,474.9,61.0,"Cao tốc Cầu Giẽ - Ninh Bình, Xã Ý Yên, Tỉnh Ninh Bình",0,0,474.9,2.0,6.0,0,0.0,1,0,0,VALID,-2.5,-1.25,476.2,1.4035668847171145,5.0,1,Moving,0.0666666666666666,0,0,,478.2,478.8,479.4,1.0
92H-07095,2026-08-07 03:34:00,474.3,60.0,"Cao tốc Cầu Giẽ - Ninh Bình, Xã Ý Yên, Tỉnh Ninh Bình",0,0,474.3,2.0,6.0,0,0.0,1,0,0,VALID,-0.5999999999999659,-0.2999999999999829,476.2,1.700882124038995,5.0,1,Moving,-0.0083333333333333,0,0,,478.1,478.5,479.3,1.0
92H-07095,2026-08-07 03:36:00,472.9,58.0,"Cao tốc Cầu Giẽ - Ninh Bình, Xã Phong Doanh, Tỉnh Ninh Bình",0,0,472.9,2.0,6.0,0,0.0,1,0,0,VALID,-1.400000000000034,-0.700000000000017,474.9,1.7329166165396699,5.0,1,Moving,-0.0166666666666666,0,0,,476.9,477.9,479.0,1.0
92H-07095,2026-08-07 03:38:00,472.4,57.0,"Cao tốc Cầu Giẽ - Ninh Bình, Xã Phong Doanh, Tỉnh Ninh Bình",0,0,472.4,2.0,6.0,0,0.0,1,0,0,VALID,-0.5,-0.25,474.3,1.9690099034494497,5.0,1,Moving,-0.0083333333333333,0,0,,476.2,477.2,478.8,1.0
92H-07095,2026-08-07 03:40:00,471.9,59.0,"Cao tốc Cầu Giẽ - Ninh Bình, Xã Tân Minh, Tỉnh Ninh Bình",0,0,471.9,2.0,6.0,0,0.0,1,0,0,VALID,-0.5,-0.25,472.9,1.2735776379498598,5.0,1,Moving,0.0166666666666666,0,0,,475.5,476.5,478.4,1.0
92H-07095,2026-08-07 03:42:00,470.7,65.0,"Cao tốc Cầu Giẽ - Ninh Bình, Xã Tân Minh, Tỉnh Ninh Bình",0,0,470.7,2.0,6.0,0,0.0,1,0,0,VALID,-1.1999999999999886,-0.5999999999999943,472.4,1.3221195104410695,5.0,1,Moving,0.05,0,0,,474.3,475.6,478.0,1.0
92H-07095,2026-08-07 03:44:00,470.3,67.0,"Cao tốc Cầu Giẽ - Ninh Bình, Xã Tân Minh, Tỉnh Ninh Bình",0,0,470.3,2.0,6.0,0,0.0,1,0,0,VALID,-0.3999999999999772,-0.1999999999999886,471.9,1.108151614126765,5.0,1,Moving,0.0166666666666666,0,0,,474.8,475.3,477.7,1.0
92H-07095,2026-08-07 03:46:00,470.2,56.0,"Cao tốc Cầu Giẽ - Ninh Bình, Xã Thanh Bình, Tỉnh Ninh Bình",0,0,470.2,2.0,6.0,0,0.0,1,0,0,VALID,-0.1000000000000227,-0.0500000000000113,470.7,0.9924716620103903,5.0,1,Moving,-0.0916666666666666,0,0,,474.1,474.8,477.3,1.0
92H-07095,2026-08-07 03:48:00,469.4,65.0,"Cao tốc Cầu Giẽ - Ninh Bình, Xã Thanh Bình, Tỉnh Ninh Bình",0,0,469.4,2.0,6.0,0,0.0,1,0,0,VALID,-0.8000000000000114,-0.4000000000000057,470.3,0.9137833440678228,5.0,1,Moving,0.075,0,0,,473.7,474.4,477.0,1.0
92H-07095,2026-08-07 03:50:00,468.1,66.0,"Cao tốc Cầu Giẽ - Ninh Bình, Xã Thanh Bình, Tỉnh Ninh Bình",0,0,468.1,2.0,6.0,0,0.0,1,0,0,VALID,-1.2999999999999543,-0.6499999999999773,470.2,1.0310189134532641,5.0,1,Moving,0.0083333333333333,0,0,,472.4,473.6,476.5,1.0
92H-07095,2026-08-07 03:52:00,466.9,64.0,"Cao tốc Cầu Giẽ - Ninh Bình, Xã Liêm Hà, Tỉnh Ninh Bình",0,0,466.9,2.0,6.0,0,0.0,1,0,0,VALID,-1.2000000000000457,-0.6000000000000227,469.4,1.4584238066834307,5.0,1,Moving,-0.0166666666666666,0,0,,471.4,472.7,476.0,1.0
92H-07095,2026-08-07 03:54:00,466.8,62.0,"Cao tốc Cầu Giẽ - Ninh Bình, Xã Liêm Hà, Tỉnh Ninh Bình",0,0,466.8,2.0,6.0,0,0.0,1,0,0,VALID,-0.0999999999999659,-0.0499999999999829,468.1,1.5056560031771544,5.0,1,Moving,-0.0166666666666666,0,0,,470.9,472.0,475.5,1.0
92H-07095,2026-08-07 03:56:00,466.5,61.0,"Cao tốc Cầu Giẽ - Ninh Bình, Phường Phủ Lý, Tỉnh Ninh Bình",0,0,466.5,2.0,6.0,0,0.0,1,0,0,VALID,-0.3000000000000113,-0.1500000000000056,466.9,1.2054044963853556,5.0,1,Moving,-0.0083333333333333,0,0,,470.5,471.4,475.0,1.0
92H-07095,2026-08-07 03:58:00,464.9,61.0,"Cao tốc Cầu Giẽ - Ninh Bình, Phường Hà Nam, Tỉnh Ninh Bình",0,0,464.9,2.0,6.0,0,0.0,1,0,0,VALID,-1.6000000000000227,-0.8000000000000114,466.8,1.1480418110458086,5.0,1,Moving,0.0,0,0,,469.4,470.6,474.4,1.0
92H-07095,2026-08-07 04:00:00,464.7,63.0,"Cao tốc Cầu Giẽ - Ninh Bình, Phường Hà Nam, Tỉnh Ninh Bình",0,0,464.7,2.0,6.0,0,0.0,1,0,0,VALID,-0.1999999999999886,-0.0999999999999943,466.5,1.0714476188371471,5.0,1,Moving,0.0166666666666666,0,0,,468.9,469.9,473.9,1.0
92H-07095,2026-08-07 04:02:00,463.7,64.0,"Cao tốc Cầu Giẽ - Ninh Bình, Phường Hà Nam, Tỉnh Ninh Bình",0,0,463.7,2.0,6.0,0,0.0,1,0,0,VALID,-1.0,-0.5,464.9,1.3007690032877346,5.0,1,Moving,0.0083333333333333,0,0,,468.0,469.2,473.3,1.0
92H-07095,2026-08-07 04:04:00,463.1,66.0,"Cao tốc Cầu Giẽ - Ninh Bình, Phường Tiên Sơn, Tỉnh Ninh Bình",0,0,463.1,2.0,6.0,0,0.0,1,0,0,VALID,-0.5999999999999659,-0.2999999999999829,464.7,1.3007690032887858,5.0,1,Moving,0.0166666666666666,0,0,,467.5,468.5,472.7,1.0
92H-07095,2026-08-07 04:06:00,462.4,61.0,"Cao tốc Cầu Giẽ - Ninh Bình, Phường Tiên Sơn, Tỉnh Ninh Bình",0,0,462.4,2.0,6.0,0,0.0,1,0,0,VALID,-0.7000000000000455,-0.3500000000000227,463.7,1.0573551909930905,5.0,1,Moving,-0.0416666666666666,0,0,,466.7,467.8,472.1,1.0
92H-07095,2026-08-07 04:08:00,461.8,61.0,"Cao tốc Cầu Giẽ - Ninh Bình, Phường Đồng Văn, Tỉnh Ninh Bình",0,0,461.8,2.0,6.0,0,0.0,1,0,0,VALID,-0.5999999999999659,-0.2999999999999829,463.1,1.1282730165710775,5.0,1,Moving,0.0,0,0,,465.9,467.0,471.5,1.0
92H-07095,2026-08-07 04:10:00,460.8,65.0,"Cao tốc Cầu Giẽ - Ninh Bình, Phường Đồng Văn, Tỉnh Ninh Bình",0,0,460.8,2.0,6.0,0,0.0,1,0,0,VALID,-1.0,-0.5,462.4,1.1282730165724086,5.0,1,Moving,0.0333333333333333,0,0,,465.0,466.2,470.8,1.0
92H-07095,2026-08-07 04:12:00,459.6,62.0,"Cao tốc Cầu Giẽ - Ninh Bình, Xã Đại Xuyên, TP Hà Nội",0,0,459.6,2.0,6.0,0,0.0,1,0,0,VALID,-1.1999999999999886,-0.5999999999999943,461.8,1.3740451229594113,5.0,1,Moving,-0.025,0,0,,464.2,465.4,470.2,1.0
92H-07095,2026-08-07 04:14:00,459.6,62.0,"Cao tốc Cầu Giẽ - Ninh Bình, Xã Đại Xuyên, TP Hà Nội",0,0,459.6,2.0,6.0,0,0.0,1,0,0,VALID,0.0,0.0,460.8,1.268069398704656,5.0,1,Moving,0.0,0,0,,463.9,464.8,469.6,1.0
92H-07095,2026-08-07 04:16:00,458.4,63.0,"Cao tốc Pháp Vân - Cầu Giẽ, Xã Đại Xuyên, TP Hà Nội",0,0,458.4,2.0,6.0,0,0.0,1,0,0,VALID,-1.2000000000000457,-0.6000000000000227,459.6,1.299230541487624,5.0,1,Moving,0.0083333333333333,0,0,,462.7,464.0,468.9,1.0
92H-07095,2026-08-07 04:18:00,458.0,65.0,"Cao tốc Pháp Vân - Cầu Giẽ, Xã Phú Xuyên, TP Hà Nội",0,0,458.0,2.0,6.0,0,0.0,1,0,0,VALID,-0.3999999999999772,-0.1999999999999886,459.6,1.1099549540125568,5.0,1,Moving,0.0166666666666666,0,0,,462.3,463.3,468.2,1.0
92H-07095,2026-08-07 04:20:00,457.1,66.0,"Cao tốc Pháp Vân - Cầu Giẽ, Xã Phú Xuyên, TP Hà Nội",0,0,457.1,2.0,6.0,0,0.0,1,0,0,VALID,-0.8999999999999773,-0.4499999999999886,458.4,1.0761040841571303,5.0,1,Moving,0.0083333333333333,0,0,,461.4,462.5,467.5,1.0
92H-07095,2026-08-07 04:22:00,457.1,61.0,"Cao tốc Pháp Vân - Cầu Giẽ, Xã Phú Xuyên, TP Hà Nội",0,0,457.1,2.0,6.0,0,0.0,1,0,0,VALID,0.0,0.0,458.0,1.040672859231675,5.0,1,Moving,-0.0416666666666666,0,0,,461.2,462.0,466.9,1.0
92H-07095,2026-08-07 04:24:00,456.4,61.0,"Cao tốc Pháp Vân - Cầu Giẽ, Xã Phú Xuyên, TP Hà Nội",0,0,456.4,2.0,6.0,0,0.0,1,0,0,VALID,-0.7000000000000455,-0.3500000000000227,457.1,0.7968688724901543,5.0,1,Moving,0.0,0,0,,460.5,461.4,466.3,1.0
92H-07095,2026-08-07 04:26:00,455.2,59.0,"Cao tốc Pháp Vân - Cầu Giẽ, Xã Phú Xuyên, TP Hà Nội",0,0,455.2,2.0,6.0,0,0.0,1,0,0,VALID,-1.1999999999999886,-0.5999999999999943,457.1,1.0406728592338925,5.0,1,Moving,-0.0166666666666666,0,0,,459.6,460.7,465.6,1.0
92H-07095,2026-08-07 04:28:00,454.3,66.0,"Cao tốc Pháp Vân - Cầu Giẽ, Xã Chương Dương, TP Hà Nội",0,0,454.3,2.0,6.0,0,0.0,1,0,0,VALID,-0.8999999999999773,-0.4499999999999886,456.4,1.2357184145057607,5.0,1,Moving,0.0583333333333333,0,0,,458.7,459.9,464.9,1.0
92H-07095,2026-08-07 04:30:00,453.6,62.0,"Cao tốc Pháp Vân - Cầu Giẽ, Xã Thượng Phúc, TP Hà Nội",0,0,453.6,2.0,6.0,0,0.0,1,0,0,VALID,-0.6999999999999886,-0.3499999999999943,455.2,1.4446452851655531,5.0,1,Moving,-0.0333333333333333,0,0,,457.9,459.1,464.2,1.0
92H-07095,2026-08-07 04:32:00,453.3,59.0,"Cao tốc Pháp Vân - Cầu Giẽ, Xã Hồng Vân, TP Hà Nội",0,0,453.3,2.0,6.0,0,0.0,1,0,0,VALID,-0.3000000000000113,-0.1500000000000056,454.3,1.2621410380594231,5.0,1,Moving,-0.025,0,0,,457.5,458.5,463.5,1.0
92H-07095,2026-08-07 04:34:00,455.9,0.0,Trạm thu phí Hồng Vân 1,0,0,455.9,2.0,6.0,0,0.0,1,0,0,VALID,2.599999999999966,1.299999999999983,454.3,1.0876580344731932,5.0,1,Stopped,-0.4916666666666666,0,0,,458.4,458.4,463.0,0.0
92H-07095,2026-08-07 04:36:00,447.0,32.0,"Cao tốc Pháp Vân - Cầu Giẽ, Xã Hồng Vân, TP Hà Nội",0,0,447.0,2.0,6.0,0,0.0,1,0,0,VALID,-8.899999999999977,-4.449999999999989,453.6,3.405436829535947,5.0,1,Moving,0.2666666666666666,1,1,LARGE_DELTA,452.3,456.0,461.9,1.0
92H-07095,2026-08-07 04:38:00,451.8,30.0,"Tỉnh Lộ 427, Xã Thường Tín, TP Hà Nội",0,0,451.8,2.0,6.0,0,0.0,1,0,0,VALID,4.800000000000011,2.4000000000000057,453.3,3.3161724924921483,5.0,1,Moving,-0.0166666666666666,0,0,,455.6,455.8,461.3,1.0
92H-07095,2026-08-07 04:40:00,453.6,0.0,"Tỉnh Lộ 427, Xã Thường Tín, TP Hà Nội",0,0,453.6,2.0,6.0,0,0.0,1,0,0,VALID,1.8000000000000114,0.9000000000000057,453.3,3.3161724924921483,5.0,1,Stopped,-0.25,0,0,,455.5,455.7,460.7,0.0
92H-07095,2026-08-07 04:42:00,450.8,30.0,"Quốc Lộ 1, Xã Thường Tín, TP Hà Nội",0,0,450.8,2.0,6.0,0,0.0,1,0,0,VALID,-2.800000000000012,-1.4000000000000057,451.8,3.3199397584840806,5.0,1,Moving,0.25,0,0,,454.0,455.0,460.1,1.0
92H-07095,2026-08-07 04:44:00,450.0,35.0,"Quốc Lộ 1, Xã Hồng Vân, TP Hà Nội",0,0,450.0,2.0,6.0,0,0.0,1,0,0,VALID,-0.8000000000000114,-0.4000000000000057,450.8,2.4388521890363846,5.0,1,Moving,0.0416666666666666,0,0,,453.2,454.3,459.4,1.0
92H-07095,2026-08-07 04:46:00,451.5,28.0,"Quốc Lộ 1, Xã Thượng Phúc, TP Hà Nội",0,0,451.5,2.0,6.0,0,0.0,1,0,0,VALID,1.5,0.75,451.5,1.3446189051044855,5.0,1,Moving,-0.0583333333333333,0,0,,453.4,453.9,458.8,1.0
92H-07095,2026-08-07 04:48:00,452.5,0.0,"Quốc Lộ 1, Xã Thượng Phúc, TP Hà Nội",0,0,452.5,2.0,6.0,0,0.0,1,0,0,VALID,1.0,0.5,451.5,1.413152504142382,5.0,1,Stopped,-0.2333333333333333,0,0,,453.4,453.7,458.2,0.0
92H-07095,2026-08-07 04:50:00,452.2,0.0,"Xã Thượng Phúc, TP Hà Nội",0,0,452.2,2.0,6.0,0,0.0,1,0,0,VALID,-0.3000000000000113,-0.1500000000000056,451.5,1.0222524149958525,5.0,1,Stopped,0.0,0,0,,453.2,453.5,457.7,0.0
92H-07095,2026-08-07 04:53:00,451.1,0.0,"Xã Thượng Phúc, TP Hà Nội",0,1,451.1,3.0,6.0,0,0.0,1,0,0,VALID,-1.099999999999966,-0.3666666666666553,451.5,0.9864076236346924,5.0,1,Stopped,0.0,0,1,DUPLICATE_TIME,452.6,453.1,457.2,0.0
92H-07095,2026-08-07 04:53:00,450.3,0.0,"Xã Thượng Phúc, TP Hà Nội",0,1,450.3,0.0,6.0,0,0.0,1,0,0,VALID,-0.8000000000000114,,451.5,0.8786353054393068,5.0,1,Stopped,0.0,0,1,DUPLICATE_TIME,450.3,452.0,456.5,0.0
92H-07095,2026-08-07 04:55:00,450.3,0.0,"Xã Thượng Phúc, TP Hà Nội",0,0,450.3,2.0,6.0,0,0.0,1,0,0,VALID,0.0,0.0,451.1,1.0353743284268029,5.0,1,Stopped,0.0,0,0,,451.5,451.8,456.0,0.0
92H-07095,2026-08-07 04:57:00,450.3,0.0,"Xã Thượng Phúc, TP Hà Nội",0,0,450.3,2.0,6.0,0,0.0,1,0,0,VALID,0.0,0.0,450.3,0.835463942948334,5.0,1,Stopped,0.0,0,0,,451.7,451.8,455.6,0.0
92H-07095,2026-08-07 04:59:00,450.3,0.0,"Xã Thượng Phúc, TP Hà Nội",0,0,450.3,2.0,6.0,0,0.0,1,0,0,VALID,0.0,0.0,450.3,0.3577708763554096,5.0,1,Stopped,0.0,0,0,,450.3,451.2,455.1,0.0
92H-07095,2026-08-07 05:01:00,450.3,0.0,"Xã Thượng Phúc, TP Hà Nội",0,0,450.3,2.0,6.0,0,0.0,1,0,0,VALID,0.0,0.0,450.3,0.0,5.0,1,Stopped,0.0,0,0,,450.3,450.8,454.6,0.0
92H-07095,2026-08-07 05:03:00,450.3,0.0,"Xã Thượng Phúc, TP Hà Nội",0,0,450.3,2.0,6.0,0,0.0,1,0,0,VALID,0.0,0.0,450.3,0.0,5.0,1,Stopped,0.0,0,0,,451.1,450.9,454.2,0.0
92H-07095,2026-08-07 05:05:00,450.3,0.0,"Xã Thượng Phúc, TP Hà Nội",0,0,450.3,2.0,6.0,0,0.0,1,0,0,VALID,0.0,0.0,450.3,0.0,5.0,1,Stopped,0.0,0,0,,451.4,451.1,454.0,0.0
92H-07095,2026-08-07 05:07:00,450.3,0.0,"Xã Thượng Phúc, TP Hà Nội",0,0,450.3,2.0,6.0,0,0.0,1,0,0,VALID,0.0,0.0,450.3,0.0,5.0,1,Stopped,0.0,0,0,,451.3,451.2,453.7,0.0
92H-07095,2026-08-07 05:09:00,450.3,0.0,"Xã Thượng Phúc, TP Hà Nội",0,0,450.3,2.0,6.0,0,0.0,1,0,0,VALID,0.0,0.0,450.3,0.0,5.0,1,Stopped,0.0,0,0,,450.9,451.1,453.4,0.0
92H-07095,2026-08-07 05:10:00,450.3,0.0,"Xã Thượng Phúc, TP Hà Nội",0,0,450.3,1.0,6.0,0,0.0,1,0,0,VALID,0.0,0.0,450.3,0.0,5.0,1,Stopped,0.0,0,0,,450.3,450.8,453.1,0.0
92H-07095,2026-08-07 05:12:00,450.3,0.0,"Xã Thượng Phúc, TP Hà Nội",0,0,450.3,2.0,6.0,0,0.0,1,0,0,VALID,0.0,0.0,450.3,0.0,5.0,1,Stopped,0.0,0,0,,450.3,450.6,452.8,0.0
92H-07095,2026-08-07 05:14:00,450.3,0.0,"Xã Thượng Phúc, TP Hà Nội",0,0,450.3,2.0,6.0,0,0.0,1,0,0,VALID,0.0,0.0,450.3,0.0,5.0,1,Stopped,0.0,0,0,,450.3,450.5,452.6,0.0
92H-07095,2026-08-07 05:16:00,450.3,0.0,"Xã Thượng Phúc, TP Hà Nội",0,0,450.3,2.0,6.0,0,0.0,1,0,0,VALID,0.0,0.0,450.3,0.0,5.0,1,Stopped,0.0,0,0,,450.3,450.4,452.3,0.0
92H-07095,2026-08-07 05:18:00,450.3,0.0,"Xã Thượng Phúc, TP Hà Nội",0,0,450.3,2.0,6.0,0,0.0,1,0,0,VALID,0.0,0.0,450.3,0.0,5.0,1,Stopped,0.0,0,0,,450.3,450.4,452.1,0.0
92H-07095,2026-08-07 05:20:00,450.3,0.0,"Xã Thượng Phúc, TP Hà Nội",0,0,450.3,2.0,6.0,0,0.0,1,0,0,VALID,0.0,0.0,450.3,0.0,5.0,1,Stopped,0.0,0,0,,450.3,450.3,452.0,0.0
92H-07095,2026-08-07 05:22:00,450.3,0.0,"Xã Thượng Phúc, TP Hà Nội",0,0,450.3,2.0,6.0,0,0.0,1,0,0,VALID,0.0,0.0,450.3,0.0,5.0,1,Stopped,0.0,0,0,,450.3,450.3,451.8,0.0
92H-07095,2026-08-07 05:24:00,450.3,0.0,"Xã Thượng Phúc, TP Hà Nội",0,0,450.3,2.0,6.0,0,0.0,1,0,0,VALID,0.0,0.0,450.3,0.0,5.0,1,Stopped,0.0,0,0,,450.3,450.3,451.6,0.0
92H-07095,2026-08-07 05:26:00,450.2,0.0,"Xã Thượng Phúc, TP Hà Nội",0,0,450.2,2.0,6.0,0,0.0,1,0,0,VALID,-0.1000000000000227,-0.0500000000000113,450.3,0.04472135920054647,5.0,1,Stopped,0.0,0,0,,450.2,450.3,451.5,0.0
92H-07095,2026-08-07 05:28:00,450.2,0.0,"Xã Thượng Phúc, TP Hà Nội",0,0,450.2,2.0,6.0,0,0.0,1,0,0,VALID,0.0,0.0,450.3,0.054772255465833544,5.0,1,Stopped,0.0,0,0,,450.2,450.2,451.4,0.0
92H-07095,2026-08-07 05:30:00,450.2,0.0,"Xã Thượng Phúc, TP Hà Nội",0,0,450.2,2.0,6.0,0,0.0,1,0,0,VALID,0.0,0.0,450.2,0.05477225546647958,5.0,1,Stopped,0.0,0,0,,450.2,450.2,451.2,0.0
92H-07095,2026-08-07 05:32:00,450.2,0.0,"Xã Thượng Phúc, TP Hà Nội",0,0,450.2,2.0,6.0,0,0.0,1,0,0,VALID,0.0,0.0,450.2,0.044721359202920176,5.0,1,Stopped,0.0,0,0,,450.2,450.2,451.1,0.0
92H-07095,2026-08-07 05:34:00,450.2,0.0,"Xã Thượng Phúc, TP Hà Nội",0,0,450.2,2.0,6.0,0,0.0,1,0,0,VALID,0.0,0.0,450.2,0.0,5.0,1,Stopped,0.0,0,0,,450.2,450.2,451.0,0.0
92H-07095,2026-08-07 05:36:00,450.2,0.0,"Xã Thượng Phúc, TP Hà Nội",0,0,450.2,2.0,6.0,0,0.0,1,0,0,VALID,0.0,0.0,450.2,0.0,5.0,1,Stopped,0.0,0,0,,450.2,450.2,451.0,0.0
92H-07095,2026-08-07 05:38:00,450.0,0.0,"Xã Thượng Phúc, TP Hà Nội",0,0,450.0,2.0,6.0,0,0.0,1,0,0,VALID,-0.1999999999999886,-0.0999999999999943,450.2,0.08944271892769243,5.0,1,Stopped,0.0,0,0,,450.0,450.1,450.9,0.0
92H-07095,2026-08-07 05:39:00,450.2,0.0,"Xã Thượng Phúc, TP Hà Nội",0,0,450.2,1.0,6.0,0,0.0,1,0,0,VALID,0.1999999999999886,0.1999999999999886,450.2,0.08944271892769243,5.0,1,Stopped,0.0,0,0,,450.2,450.2,450.8,0.0
92H-07095,2026-08-07 05:40:00,449.7,0.0,"Xã Thượng Phúc, TP Hà Nội",0,0,449.7,1.0,6.0,0,0.0,1,0,0,VALID,-0.5,-0.5,450.2,0.21908902293260482,5.0,1,Stopped,0.0,0,0,,450.3,450.2,450.8,0.0
92H-07095,2026-08-07 05:42:00,449.7,0.0,"Xã Thượng Phúc, TP Hà Nội",0,0,449.7,2.0,6.0,0,0.0,1,0,0,VALID,0.0,0.0,450.0,0.25099800790035626,5.0,1,Stopped,0.0,0,0,,450.3,450.2,450.7,0.0
92H-07095,2026-08-07 05:44:00,449.7,0.0,"Xã Thượng Phúc, TP Hà Nội",0,0,449.7,2.0,6.0,0,0.0,1,0,0,VALID,0.0,0.0,449.7,0.23021728859999163,5.0,1,Stopped,0.0,0,0,,449.7,450.0,450.6,0.0
92H-07095,2026-08-07 05:46:00,449.7,0.0,"Xã Thượng Phúc, TP Hà Nội",0,0,449.7,2.0,6.0,0,0.0,1,0,0,VALID,0.0,0.0,449.7,0.22360679768415764,5.0,1,Stopped,0.0,0,0,,449.7,449.9,450.5,0.0
92H-07095,2026-08-07 05:48:00,449.7,0.0,"Xã Thượng Phúc, TP Hà Nội",0,0,449.7,2.0,6.0,0,0.0,1,0,0,VALID,0.0,0.0,449.7,0.0,5.0,1,Stopped,0.0,0,0,,449.7,449.8,450.4,0.0
92H-07095,2026-08-07 05:50:00,449.7,0.0,"Xã Thượng Phúc, TP Hà Nội",0,0,449.7,2.0,6.0,0,0.0,1,0,0,VALID,0.0,0.0,449.7,0.0,5.0,1,Stopped,0.0,0,0,,449.7,449.8,450.4,0.0
92H-07095,2026-08-07 05:52:00,449.7,0.0,"Xã Thượng Phúc, TP Hà Nội",0,0,449.7,2.0,6.0,0,0.0,1,0,0,VALID,0.0,0.0,449.7,0.0,5.0,1,Stopped,0.0,0,0,,449.7,449.7,450.3,0.0
92H-07095,2026-08-07 05:54:00,449.7,0.0,"Xã Thượng Phúc, TP Hà Nội",0,0,449.7,2.0,6.0,0,0.0,1,0,0,VALID,0.0,0.0,449.7,0.0,5.0,1,Stopped,0.0,0,0,,449.7,449.7,450.2,0.0
92H-07095,2026-08-07 05:56:00,449.7,0.0,"Xã Thượng Phúc, TP Hà Nội",0,0,449.7,2.0,6.0,0,0.0,1,0,0,VALID,0.0,0.0,449.7,0.0,5.0,1,Stopped,0.0,0,0,,449.7,449.7,450.2,0.0
92H-07095,2026-08-07 05:58:00,449.7,0.0,"Xã Thượng Phúc, TP Hà Nội",0,0,449.7,2.0,6.0,0,0.0,1,0,0,VALID,0.0,0.0,449.7,0.0,5.0,1,Stopped,0.0,0,0,,449.7,449.7,450.1,0.0
92H-07095,2026-08-07 06:00:00,449.7,0.0,"Xã Thượng Phúc, TP Hà Nội",0,0,449.7,2.0,6.0,0,0.0,1,0,0,VALID,0.0,0.0,449.7,0.0,5.0,1,Stopped,0.0,0,0,,449.7,449.7,450.1,0.0
92H-07095,2026-08-07 06:02:00,449.7,0.0,"Xã Thượng Phúc, TP Hà Nội",0,0,449.7,2.0,6.0,0,0.0,1,0,0,VALID,0.0,0.0,449.7,0.0,5.0,1,Stopped,0.0,0,0,,449.7,449.7,450.1,0.0
92H-07095,2026-08-07 06:04:00,449.7,0.0,"Xã Thượng Phúc, TP Hà Nội",0,0,449.7,2.0,6.0,0,0.0,1,0,0,VALID,0.0,0.0,449.7,0.0,5.0,1,Stopped,0.0,0,0,,449.7,449.7,450.0,0.0
92H-07095,2026-08-07 06:06:00,449.7,0.0,"Xã Thượng Phúc, TP Hà Nội",0,0,449.7,2.0,6.0,0,0.0,1,0,0,VALID,0.0,0.0,449.7,0.0,5.0,1,Stopped,0.0,0,0,,449.7,449.7,450.0,0.0
92H-07095,2026-08-07 06:08:00,449.7,0.0,"Xã Thượng Phúc, TP Hà Nội",0,0,449.7,2.0,6.0,0,0.0,1,0,0,VALID,0.0,0.0,449.7,0.0,5.0,1,Stopped,0.0,0,0,,449.7,449.7,450.0,0.0
92H-07095,2026-08-07 06:10:00,449.7,0.0,"Xã Thượng Phúc, TP Hà Nội",0,0,449.7,2.0,6.0,0,0.0,1,0,0,VALID,0.0,0.0,449.7,0.0,5.0,1,Stopped,0.0,0,0,,449.7,449.7,449.9,0.0
92H-07095,2026-08-07 06:12:00,449.7,0.0,"Xã Thượng Phúc, TP Hà Nội",0,0,449.7,2.0,6.0,0,0.0,1,0,0,VALID,0.0,0.0,449.7,0.0,5.0,1,Stopped,0.0,0,0,,449.7,449.7,449.9,0.0
92H-07095,2026-08-07 06:15:00,449.7,0.0,"Xã Thượng Phúc, TP Hà Nội",0,0,449.7,3.0,6.0,0,0.0,1,0,0,VALID,0.0,0.0,449.7,0.0,5.0,1,Stopped,0.0,0,0,,449.7,449.7,449.9,0.0
92H-07095,2026-08-07 06:17:00,449.7,0.0,"Xã Thượng Phúc, TP Hà Nội",0,0,449.7,2.0,6.0,0,0.0,1,0,0,VALID,0.0,0.0,449.7,0.0,5.0,1,Stopped,0.0,0,0,,449.7,449.7,449.9,0.0
92H-07095,2026-08-07 06:19:00,449.7,0.0,"Xã Thượng Phúc, TP Hà Nội",0,0,449.7,2.0,6.0,0,0.0,1,0,0,VALID,0.0,0.0,449.7,0.0,5.0,1,Stopped,0.0,0,0,,449.7,449.7,449.9,0.0
92H-07095,2026-08-07 06:21:00,449.7,0.0,"Xã Thượng Phúc, TP Hà Nội",0,0,449.7,2.0,6.0,0,0.0,1,0,0,VALID,0.0,0.0,449.7,0.0,5.0,1,Stopped,0.0,0,0,,449.7,449.7,449.8,0.0
92H-07095,2026-08-07 06:23:00,449.7,0.0,"Xã Thượng Phúc, TP Hà Nội",0,0,449.7,2.0,6.0,0,0.0,1,0,0,VALID,0.0,0.0,449.7,0.0,5.0,1,Stopped,0.0,0,0,,449.7,449.7,449.8,0.0
92H-07095,2026-08-07 06:25:00,449.7,0.0,"Xã Thượng Phúc, TP Hà Nội",0,0,449.7,2.0,6.0,0,0.0,1,0,0,VALID,0.0,0.0,449.7,0.0,5.0,1,Stopped,0.0,0,0,,449.7,449.7,449.8,0.0
92H-07095,2026-08-07 06:27:00,449.7,0.0,"Xã Thượng Phúc, TP Hà Nội",0,0,449.7,2.0,6.0,0,0.0,1,0,0,VALID,0.0,0.0,449.7,0.0,5.0,1,Stopped,0.0,0,0,,449.7,449.7,449.8,0.0
92H-07095,2026-08-07 06:29:00,449.7,0.0,"Xã Thượng Phúc, TP Hà Nội",0,0,449.7,2.0,6.0,0,0.0,1,0,0,VALID,0.0,0.0,449.7,0.0,5.0,1,Stopped,0.0,0,0,,449.7,449.7,449.8,0.0
92H-07095,2026-08-07 06:31:00,449.7,0.0,"Xã Thượng Phúc, TP Hà Nội",0,0,449.7,2.0,6.0,0,0.0,1,0,0,VALID,0.0,0.0,449.7,0.0,5.0,1,Stopped,0.0,0,0,,449.7,449.7,449.8,0.0
92H-07095,2026-08-07 06:33:00,449.7,0.0,"Xã Thượng Phúc, TP Hà Nội",0,0,449.7,2.0,6.0,0,0.0,1,0,0,VALID,0.0,0.0,449.7,0.0,5.0,1,Stopped,0.0,0,0,,449.7,449.7,449.8,0.0
92H-07095,2026-08-07 06:34:00,449.7,0.0,"Xã Thượng Phúc, TP Hà Nội",0,0,449.7,1.0,6.0,0,0.0,1,0,0,VALID,0.0,0.0,449.7,0.0,5.0,1,Stopped,0.0,0,0,,449.7,449.7,449.8,0.0
92H-07095,2026-08-07 06:36:00,449.7,0.0,"Xã Thượng Phúc, TP Hà Nội",0,0,449.7,2.0,6.0,0,0.0,1,0,0,VALID,0.0,0.0,449.7,0.0,5.0,1,Stopped,0.0,0,0,,449.7,449.7,449.8,0.0
92H-07095,2026-08-07 06:38:00,449.2,13.0,"Xã Thượng Phúc, TP Hà Nội",0,0,449.2,2.0,6.0,0,0.0,1,0,0,VALID,-0.5,-0.25,449.7,0.22360679768589584,5.0,1,Moving,0.1083333333333333,0,0,,450.0,449.8,449.8,1.0
92H-07095,2026-08-07 06:39:00,449.7,0.0,"Xã Thượng Phúc, TP Hà Nội",0,0,449.7,1.0,6.0,0,0.0,1,0,0,VALID,0.5,0.5,449.7,0.22360679768589584,5.0,1,Stopped,-0.2166666666666666,0,0,,449.7,449.8,449.8,0.0
92H-07095,2026-08-07 06:40:00,449.7,0.0,"Xã Thượng Phúc, TP Hà Nội",0,0,449.7,1.0,6.0,0,0.0,1,0,0,VALID,0.0,0.0,449.7,0.22360679768589584,5.0,1,Stopped,0.0,0,0,,449.7,449.7,449.8,0.0
92H-07095,2026-08-07 06:41:00,449.7,0.0,"Xã Thượng Phúc, TP Hà Nội",0,0,449.7,1.0,6.0,0,0.0,1,0,0,VALID,0.0,0.0,449.7,0.22360679768589584,5.0,1,Stopped,0.0,0,0,,449.7,449.7,449.8,0.0
92H-07095,2026-08-07 06:42:00,448.3,7.0,"Xã Thượng Phúc, TP Hà Nội",0,0,448.3,1.0,6.0,0,0.0,1,0,0,VALID,-1.3999999999999773,-1.3999999999999773,449.7,0.6099180272564855,5.0,1,Moving,0.1166666666666666,0,0,,449.6,449.7,449.7,1.0
92H-07095,2026-08-07 06:44:00,448.7,0.0,"Xã Thượng Phúc, TP Hà Nội",0,0,448.7,2.0,6.0,0,0.0,1,0,0,VALID,0.3999999999999772,0.1999999999999886,449.7,0.672309452538662,5.0,1,Stopped,-0.0583333333333333,0,0,,449.9,449.8,449.8,0.0
92H-07095,2026-08-07 06:46:00,448.7,0.0,"Xã Thượng Phúc, TP Hà Nội",0,0,448.7,2.0,6.0,0,0.0,1,0,0,VALID,0.0,0.0,448.7,0.6418722614147018,5.0,1,Stopped,0.0,0,0,,449.7,449.7,449.8,0.0
92H-07095,2026-08-07 06:48:00,448.7,0.0,"Xã Thượng Phúc, TP Hà Nội",0,0,448.7,2.0,6.0,0,0.0,1,0,0,VALID,0.0,0.0,448.7,0.5215361923916817,5.0,1,Stopped,0.0,0,0,,449.7,449.7,449.7,0.0
92H-07095,2026-08-07 06:50:00,448.7,0.0,"Xã Thượng Phúc, TP Hà Nội",0,0,448.7,2.0,6.0,0,0.0,1,0,0,VALID,0.0,0.0,448.7,0.17888543813068408,5.0,1,Stopped,0.0,0,0,,449.5,449.6,449.7,0.0
92H-07095,2026-08-07 06:52:00,448.7,0.0,"Xã Thượng Phúc, TP Hà Nội",0,0,448.7,2.0,6.0,0,0.0,1,0,0,VALID,0.0,0.0,448.7,0.0,5.0,1,Stopped,0.0,0,0,,449.4,449.5,449.7,0.0
92H-07095,2026-08-07 06:54:00,448.6,0.0,"Xã Thượng Phúc, TP Hà Nội",0,0,448.6,2.0,6.0,0,0.0,1,0,0,VALID,-0.0999999999999659,-0.0499999999999829,448.7,0.04472135927023192,5.0,1,Stopped,0.0,0,0,,449.5,449.5,449.7,0.0
92H-07095,2026-08-07 06:56:00,448.6,0.0,"Xã Thượng Phúc, TP Hà Nội",0,0,448.6,2.0,6.0,0,0.0,1,0,0,VALID,0.0,0.0,448.7,0.0547722555227944,5.0,1,Stopped,0.0,0,0,,449.5,449.5,449.7,0.0
92H-07095,2026-08-07 06:58:00,448.6,0.0,"Xã Thượng Phúc, TP Hà Nội",0,0,448.6,2.0,6.0,0,0.0,1,0,0,VALID,0.0,0.0,448.6,0.054772255523509186,5.0,1,Stopped,0.0,0,0,,449.2,449.4,449.6,0.0
92H-07095,2026-08-07 07:00:00,448.6,0.0,"Xã Thượng Phúc, TP Hà Nội",0,0,448.6,2.0,6.0,0,0.0,1,0,0,VALID,0.0,0.0,448.6,0.044721359272858245,5.0,1,Stopped,0.0,0,0,,448.6,449.1,449.5,0.0
92H-07095,2026-08-07 07:02:00,448.6,0.0,"Xã Thượng Phúc, TP Hà Nội",0,0,448.6,2.0,6.0,0,0.0,1,0,0,VALID,0.0,0.0,448.6,0.0,5.0,1,Stopped,0.0,0,0,,448.6,448.9,449.4,0.0
92H-07095,2026-08-07 07:04:00,448.6,0.0,"Xã Thượng Phúc, TP Hà Nội",0,0,448.6,2.0,6.0,0,0.0,1,0,0,VALID,0.0,0.0,448.6,0.0,5.0,1,Stopped,0.0,0,0,,448.6,448.8,449.3,0.0
92H-07095,2026-08-07 07:06:00,448.6,0.0,"Xã Thượng Phúc, TP Hà Nội",0,0,448.6,2.0,6.0,0,0.0,1,0,0,VALID,0.0,0.0,448.6,0.0,5.0,1,Stopped,0.0,0,0,,448.6,448.7,449.3,0.0
92H-07095,2026-08-07 07:08:00,448.6,0.0,"Xã Thượng Phúc, TP Hà Nội",0,0,448.6,2.0,6.0,0,0.0,1,0,0,VALID,0.0,0.0,448.6,0.0,5.0,1,Stopped,0.0,0,0,,448.6,448.7,449.2,0.0
92H-07095,2026-08-07 07:10:00,448.6,0.0,"Xã Thượng Phúc, TP Hà Nội",0,0,448.6,2.0,6.0,0,0.0,1,0,0,VALID,0.0,0.0,448.6,0.0,5.0,1,Stopped,0.0,0,0,,448.6,448.6,449.1,0.0
92H-07095,2026-08-07 07:12:00,448.6,0.0,"Xã Thượng Phúc, TP Hà Nội",0,0,448.6,2.0,6.0,0,0.0,1,0,0,VALID,0.0,0.0,448.6,0.0,5.0,1,Stopped,0.0,0,0,,448.6,448.6,449.1,0.0
92H-07095,2026-08-07 07:14:00,448.6,0.0,"Xã Thượng Phúc, TP Hà Nội",0,0,448.6,2.0,6.0,0,0.0,1,0,0,VALID,0.0,0.0,448.6,0.0,5.0,1,Stopped,0.0,0,0,,448.6,448.6,449.0,0.0
92H-07095,2026-08-07 07:17:00,448.6,0.0,"Xã Thượng Phúc, TP Hà Nội",0,0,448.6,3.0,6.0,0,0.0,1,0,0,VALID,0.0,0.0,448.6,0.0,5.0,1,Stopped,0.0,0,0,,448.6,448.6,449.0,0.0
92H-07095,2026-08-07 07:19:00,448.6,0.0,"Xã Thượng Phúc, TP Hà Nội",0,0,448.6,2.0,6.0,0,0.0,1,0,0,VALID,0.0,0.0,448.6,0.0,5.0,1,Stopped,0.0,0,0,,448.6,448.6,449.0,0.0
92H-07095,2026-08-07 07:21:00,448.6,0.0,"Xã Thượng Phúc, TP Hà Nội",0,0,448.6,2.0,6.0,0,0.0,1,0,0,VALID,0.0,0.0,448.6,0.0,5.0,1,Stopped,0.0,0,0,,448.6,448.6,448.9,0.0
92H-07095,2026-08-07 07:23:00,448.6,0.0,"Xã Thượng Phúc, TP Hà Nội",0,0,448.6,2.0,6.0,0,0.0,1,0,0,VALID,0.0,0.0,448.6,0.0,5.0,1,Stopped,0.0,0,0,,448.6,448.6,448.9,0.0
92H-07095,2026-08-07 07:25:00,448.6,0.0,"Xã Thượng Phúc, TP Hà Nội",0,0,448.6,2.0,6.0,0,0.0,1,0,0,VALID,0.0,0.0,448.6,0.0,5.0,1,Stopped,0.0,0,0,,448.6,448.6,448.9,0.0
92H-07095,2026-08-07 07:27:00,448.6,0.0,"Xã Thượng Phúc, TP Hà Nội",0,0,448.6,2.0,6.0,0,0.0,1,0,0,VALID,0.0,0.0,448.6,0.0,5.0,1,Stopped,0.0,0,0,,448.6,448.6,448.8,0.0
92H-07095,2026-08-07 07:29:00,448.6,0.0,"Xã Thượng Phúc, TP Hà Nội",0,0,448.6,2.0,6.0,0,0.0,1,0,0,VALID,0.0,0.0,448.6,0.0,5.0,1,Stopped,0.0,0,0,,448.6,448.6,448.8,0.0
92H-07095,2026-08-07 07:31:00,448.6,0.0,"Xã Thượng Phúc, TP Hà Nội",0,0,448.6,2.0,6.0,0,0.0,1,0,0,VALID,0.0,0.0,448.6,0.0,5.0,1,Stopped,0.0,0,0,,448.6,448.6,448.8,0.0
92H-07095,2026-08-07 07:33:00,448.6,0.0,"Xã Thượng Phúc, TP Hà Nội",0,0,448.6,2.0,6.0,0,0.0,1,0,0,VALID,0.0,0.0,448.6,0.0,5.0,1,Stopped,0.0,0,0,,448.6,448.6,448.8,0.0
92H-07095,2026-08-07 07:35:00,448.6,0.0,"Xã Thượng Phúc, TP Hà Nội",0,0,448.6,2.0,6.0,0,0.0,1,0,0,VALID,0.0,0.0,448.6,0.0,5.0,1,Stopped,0.0,0,0,,448.6,448.6,448.8,0.0
92H-07095,2026-08-07 07:37:00,448.6,0.0,"Xã Thượng Phúc, TP Hà Nội",0,0,448.6,2.0,6.0,0,0.0,1,0,0,VALID,0.0,0.0,448.6,0.0,5.0,1,Stopped,0.0,0,0,,448.6,448.6,448.7,0.0
92H-07095,2026-08-07 07:39:00,448.6,0.0,"Xã Thượng Phúc, TP Hà Nội",0,0,448.6,2.0,6.0,0,0.0,1,0,0,VALID,0.0,0.0,448.6,0.0,5.0,1,Stopped,0.0,0,0,,448.6,448.6,448.7,0.0
92H-07095,2026-08-07 07:41:00,448.6,0.0,"Xã Thượng Phúc, TP Hà Nội",0,0,448.6,2.0,6.0,0,0.0,1,0,0,VALID,0.0,0.0,448.6,0.0,5.0,1,Stopped,0.0,0,0,,448.6,448.6,448.7,0.0
92H-07095,2026-08-07 07:43:00,448.6,0.0,"Xã Thượng Phúc, TP Hà Nội",0,0,448.6,2.0,6.0,0,0.0,1,0,0,VALID,0.0,0.0,448.6,0.0,5.0,1,Stopped,0.0,0,0,,448.6,448.6,448.7,0.0
92H-07095,2026-08-07 07:45:00,448.6,0.0,"Xã Thượng Phúc, TP Hà Nội",0,0,448.6,2.0,6.0,0,0.0,1,0,0,VALID,0.0,0.0,448.6,0.0,5.0,1,Stopped,0.0,0,0,,448.6,448.6,448.7,0.0
92H-07095,2026-08-07 07:47:00,448.6,0.0,"Xã Thượng Phúc, TP Hà Nội",0,0,448.6,2.0,6.0,0,0.0,1,0,0,VALID,0.0,0.0,448.6,0.0,5.0,1,Stopped,0.0,0,0,,448.6,448.6,448.7,0.0
92H-07095,2026-08-07 07:49:00,448.6,0.0,"Xã Thượng Phúc, TP Hà Nội",0,0,448.6,2.0,6.0,0,0.0,1,0,0,VALID,0.0,0.0,448.6,0.0,5.0,1,Stopped,0.0,0,0,,448.6,448.6,448.7,0.0
92H-07095,2026-08-07 07:51:00,448.6,0.0,"Xã Thượng Phúc, TP Hà Nội",0,0,448.6,2.0,6.0,0,0.0,1,0,0,VALID,0.0,0.0,448.6,0.0,5.0,1,Stopped,0.0,0,0,,448.6,448.6,448.7,0.0
92H-07095,2026-08-07 07:53:00,448.6,0.0,"Xã Thượng Phúc, TP Hà Nội",0,0,448.6,2.0,6.0,0,0.0,1,0,0,VALID,0.0,0.0,448.6,0.0,5.0,1,Stopped,0.0,0,0,,448.6,448.6,448.7,0.0
92H-07095,2026-08-07 07:55:00,448.6,0.0,"Xã Thượng Phúc, TP Hà Nội",0,0,448.6,2.0,6.0,0,0.0,1,0,0,VALID,0.0,0.0,448.6,0.0,5.0,1,Stopped,0.0,0,0,,448.6,448.6,448.7,0.0
92H-07095,2026-08-07 07:57:00,448.6,0.0,"Xã Thượng Phúc, TP Hà Nội",0,0,448.6,2.0,6.0,0,0.0,1,0,0,VALID,0.0,0.0,448.6,0.0,5.0,1,Stopped,0.0,0,0,,448.6,448.6,448.6,0.0
92H-07095,2026-08-07 07:59:00,448.6,0.0,"Xã Thượng Phúc, TP Hà Nội",0,0,448.6,2.0,6.0,0,0.0,1,0,0,VALID,0.0,0.0,448.6,0.0,5.0,1,Stopped,0.0,0,0,,448.6,448.6,448.6,0.0
92H-07095,2026-08-07 08:01:00,448.6,0.0,"Xã Thượng Phúc, TP Hà Nội",0,0,448.6,2.0,6.0,0,0.0,1,0,0,VALID,0.0,0.0,448.6,0.0,5.0,1,Stopped,0.0,0,0,,448.6,448.6,448.6,0.0
92H-07095,2026-08-07 08:03:00,448.6,0.0,"Xã Thượng Phúc, TP Hà Nội",0,0,448.6,2.0,6.0,0,0.0,1,0,0,VALID,0.0,0.0,448.6,0.0,5.0,1,Stopped,0.0,0,0,,448.6,448.6,448.6,0.0
92H-07095,2026-08-07 08:05:00,448.6,0.0,"Xã Thượng Phúc, TP Hà Nội",0,0,448.6,2.0,6.0,0,0.0,1,0,0,VALID,0.0,0.0,448.6,0.0,5.0,1,Stopped,0.0,0,0,,448.6,448.6,448.6,0.0
92H-07095,2026-08-07 08:07:00,448.6,0.0,"Xã Thượng Phúc, TP Hà Nội",0,0,448.6,2.0,6.0,0,0.0,1,0,0,VALID,0.0,0.0,448.6,0.0,5.0,1,Stopped,0.0,0,0,,448.6,448.6,448.6,0.0
92H-07095,2026-08-07 08:09:00,448.6,0.0,"Xã Thượng Phúc, TP Hà Nội",0,0,448.6,2.0,6.0,0,0.0,1,0,0,VALID,0.0,0.0,448.6,0.0,5.0,1,Stopped,0.0,0,0,,448.6,448.6,448.6,0.0
92H-07095,2026-08-07 08:11:00,448.6,0.0,"Xã Thượng Phúc, TP Hà Nội",0,0,448.6,2.0,6.0,0,0.0,1,0,0,VALID,0.0,0.0,448.6,0.0,5.0,1,Stopped,0.0,0,0,,448.6,448.6,448.6,0.0
92H-07095,2026-08-07 08:13:00,448.6,0.0,"Xã Thượng Phúc, TP Hà Nội",0,0,448.6,2.0,6.0,0,0.0,1,0,0,VALID,0.0,0.0,448.6,0.0,5.0,1,Stopped,0.0,0,0,,448.6,448.6,448.6,0.0
92H-07095,2026-08-07 08:15:00,448.6,0.0,"Xã Thượng Phúc, TP Hà Nội",0,0,448.6,2.0,6.0,0,0.0,1,0,0,VALID,0.0,0.0,448.6,0.0,5.0,1,Stopped,0.0,0,0,,448.6,448.6,448.6,0.0
92H-07095,2026-08-07 08:16:00,448.6,0.0,"Xã Thượng Phúc, TP Hà Nội",0,0,448.6,1.0,6.0,0,0.0,1,0,0,VALID,0.0,0.0,448.6,0.0,5.0,1,Stopped,0.0,0,0,,448.6,448.6,448.6,0.0
92H-07095,2026-08-07 08:18:00,448.6,0.0,"Xã Thượng Phúc, TP Hà Nội",0,0,448.6,2.0,6.0,0,0.0,1,0,0,VALID,0.0,0.0,448.6,0.0,5.0,1,Stopped,0.0,0,0,,448.6,448.6,448.6,0.0
92H-07095,2026-08-07 08:20:00,448.6,0.0,"Xã Thượng Phúc, TP Hà Nội",0,0,448.6,2.0,6.0,0,0.0,1,0,0,VALID,0.0,0.0,448.6,0.0,5.0,1,Stopped,0.0,0,0,,448.6,448.6,448.6,0.0
92H-07095,2026-08-07 08:22:00,448.6,0.0,"Xã Thượng Phúc, TP Hà Nội",0,0,448.6,2.0,6.0,0,0.0,1,0,0,VALID,0.0,0.0,448.6,0.0,5.0,1,Stopped,0.0,0,0,,448.6,448.6,448.6,0.0
92H-07095,2026-08-07 08:24:00,448.6,0.0,"Xã Thượng Phúc, TP Hà Nội",0,0,448.6,2.0,6.0,0,0.0,1,0,0,VALID,0.0,0.0,448.6,0.0,5.0,1,Stopped,0.0,0,0,,448.6,448.6,448.6,0.0
92H-07095,2026-08-07 08:26:00,448.6,0.0,"Xã Thượng Phúc, TP Hà Nội",0,0,448.6,2.0,6.0,0,0.0,1,0,0,VALID,0.0,0.0,448.6,0.0,5.0,1,Stopped,0.0,0,0,,448.6,448.6,448.6,0.0
92H-07095,2026-08-07 08:28:00,448.6,0.0,"Xã Thượng Phúc, TP Hà Nội",0,0,448.6,2.0,6.0,0,0.0,1,0,0,VALID,0.0,0.0,448.6,0.0,5.0,1,Stopped,0.0,0,0,,448.6,448.6,448.6,0.0
92H-07095,2026-08-07 08:30:00,448.6,0.0,"Xã Thượng Phúc, TP Hà Nội",0,0,448.6,2.0,6.0,0,0.0,1,0,0,VALID,0.0,0.0,448.6,0.0,5.0,1,Stopped,0.0,0,0,,448.6,448.6,448.6,0.0
92H-07095,2026-08-07 08:32:00,448.6,0.0,"Xã Thượng Phúc, TP Hà Nội",0,0,448.6,2.0,6.0,0,0.0,1,0,0,VALID,0.0,0.0,448.6,0.0,5.0,1,Stopped,0.0,0,0,,448.6,448.6,448.6,0.0
92H-07095,2026-08-07 08:34:00,448.6,0.0,"Xã Thượng Phúc, TP Hà Nội",0,0,448.6,2.0,6.0,0,0.0,1,0,0,VALID,0.0,0.0,448.6,0.0,5.0,1,Stopped,0.0,0,0,,448.6,448.6,448.6,0.0
92H-07095,2026-08-07 08:36:00,448.6,0.0,"Xã Thượng Phúc, TP Hà Nội",0,0,448.6,2.0,6.0,0,0.0,1,0,0,VALID,0.0,0.0,448.6,0.0,5.0,1,Stopped,0.0,0,0,,448.6,448.6,448.6,0.0
92H-07095,2026-08-07 08:37:00,448.6,0.0,"Xã Thượng Phúc, TP Hà Nội",0,0,448.6,1.0,6.0,0,0.0,1,0,0,VALID,0.0,0.0,448.6,0.0,5.0,1,Stopped,0.0,0,0,,448.6,448.6,448.6,0.0
92H-07095,2026-08-07 08:38:00,448.4,0.0,"Xã Thượng Phúc, TP Hà Nội",0,0,448.4,1.0,6.0,0,0.0,1,0,0,VALID,-0.2000000000000454,-0.2000000000000454,448.6,0.08944271896278062,5.0,1,Stopped,0.0,0,0,,448.4,448.5,448.6,0.0
92H-07095,2026-08-07 08:39:00,448.6,0.0,"Xã Thượng Phúc, TP Hà Nội",0,0,448.6,1.0,6.0,0,0.0,1,0,0,VALID,0.2000000000000454,0.2000000000000454,448.6,0.08944271896278062,5.0,1,Stopped,0.0,0,0,,448.6,448.6,448.6,0.0
92H-07095,2026-08-07 08:40:00,448.7,0.0,"Xã Thượng Phúc, TP Hà Nội",0,0,448.7,1.0,6.0,0,0.0,1,0,0,VALID,0.0999999999999659,0.0999999999999659,448.6,0.10954451138863369,5.0,1,Stopped,0.0,0,0,,448.7,448.6,448.6,0.0
92H-07095,2026-08-07 08:41:00,448.4,0.0,"Xã Thượng Phúc, TP Hà Nội",0,0,448.4,1.0,6.0,0,0.0,1,0,0,VALID,-0.3000000000000113,-0.3000000000000113,448.6,0.13416407855880444,5.0,1,Stopped,0.0,0,0,,448.4,448.5,448.6,0.0
92H-07095,2026-08-07 08:42:00,448.1,0.0,"Xã Thượng Phúc, TP Hà Nội",0,0,448.1,1.0,6.0,0,0.0,1,0,0,VALID,-0.2999999999999545,-0.2999999999999545,448.4,0.2302172886121086,5.0,1,Stopped,0.0,0,0,,448.7,448.6,448.6,0.0
92H-07095,2026-08-07 08:44:00,447.7,0.0,"Xã Thượng Phúc, TP Hà Nội",0,0,447.7,2.0,6.0,0,0.0,1,0,0,VALID,-0.4000000000000341,-0.200000000000017,448.4,0.40620192020281487,5.0,1,Stopped,0.0,0,0,,448.5,448.6,448.6,0.0
92H-07095,2026-08-07 08:46:00,447.7,0.0,"Xã Thượng Phúc, TP Hà Nội",0,0,447.7,2.0,6.0,0,0.0,1,0,0,VALID,0.0,0.0,448.1,0.43817804597806104,5.0,1,Stopped,0.0,0,0,,448.5,448.5,448.6,0.0
92H-07095,2026-08-07 08:48:00,447.7,0.0,"Xã Thượng Phúc, TP Hà Nội",0,0,447.7,2.0,6.0,0,0.0,1,0,0,VALID,0.0,0.0,447.7,0.31937438841887994,5.0,1,Stopped,0.0,0,0,,448.4,448.5,448.6,0.0
92H-07095,2026-08-07 08:49:00,447.7,0.0,"Xã Thượng Phúc, TP Hà Nội",0,0,447.7,1.0,6.0,0,0.0,1,0,0,VALID,0.0,0.0,447.7,0.17888543813984448,5.0,1,Stopped,0.0,0,0,,448.3,448.4,448.5,0.0
92H-07095,2026-08-07 08:50:00,448.0,0.0,"Xã Thượng Phúc, TP Hà Nội",0,0,448.0,1.0,6.0,0,0.0,1,0,0,VALID,0.3000000000000113,0.3000000000000113,447.7,0.13416407857007528,5.0,1,Stopped,0.0,0,0,,448.0,448.2,448.5,0.0
92H-07095,2026-08-07 08:51:00,447.7,0.0,"Xã Thượng Phúc, TP Hà Nội",0,0,447.7,1.0,6.0,0,0.0,1,0,0,VALID,-0.3000000000000113,-0.3000000000000113,447.7,0.13416407857007528,5.0,1,Stopped,0.0,0,0,,448.4,448.3,448.5,0.0
92H-07095,2026-08-07 08:53:00,447.2,0.0,"Xã Thượng Phúc, TP Hà Nội",0,0,447.2,2.0,6.0,0,0.0,1,0,0,VALID,-0.5,-0.25,447.7,0.28809720578122777,5.0,1,Stopped,0.0,0,0,,448.1,448.2,448.4,0.0
92H-07095,2026-08-07 08:55:00,447.1,0.0,"Xã Thượng Phúc, TP Hà Nội",0,0,447.1,2.0,6.0,0,0.0,1,0,0,VALID,-0.0999999999999659,-0.0499999999999829,447.7,0.37815340799656305,5.0,1,Stopped,0.0,0,0,,447.9,448.1,448.4,0.0
92H-07095,2026-08-07 08:57:00,447.1,0.0,"Xã Thượng Phúc, TP Hà Nội",0,0,447.1,2.0,6.0,0,0.0,1,0,0,VALID,0.0,0.0,447.2,0.4086563348094298,5.0,1,Stopped,0.0,0,0,,447.8,448.0,448.3,0.0
92H-07095,2026-08-07 08:59:00,447.1,0.0,"Xã Thượng Phúc, TP Hà Nội",0,0,447.1,2.0,6.0,0,0.0,1,0,0,VALID,0.0,0.0,447.1,0.2607680961708456,5.0,1,Stopped,0.0,0,0,,447.7,447.9,448.3,0.0
92H-07095,2026-08-07 09:01:00,447.1,0.0,"Xã Thượng Phúc, TP Hà Nội",0,0,447.1,2.0,6.0,0,0.0,1,0,0,VALID,0.0,0.0,447.1,0.04472135933794428,5.0,1,Stopped,0.0,0,0,,447.7,447.8,448.2,0.0
92H-07095,2026-08-07 09:03:00,447.1,0.0,"Xã Thượng Phúc, TP Hà Nội",0,0,447.1,2.0,6.0,0,0.0,1,0,0,VALID,0.0,0.0,447.1,0.0,5.0,1,Stopped,0.0,0,0,,447.1,447.5,448.1,0.0
92H-07095,2026-08-07 09:05:00,447.1,0.0,"Xã Thượng Phúc, TP Hà Nội",0,0,447.1,2.0,6.0,0,0.0,1,0,0,VALID,0.0,0.0,447.1,0.0,5.0,1,Stopped,0.0,0,0,,447.1,447.4,448.0,0.0
92H-07095,2026-08-07 09:07:00,447.1,0.0,"Xã Thượng Phúc, TP Hà Nội",0,0,447.1,2.0,6.0,0,0.0,1,0,0,VALID,0.0,0.0,447.1,0.0,5.0,1,Stopped,0.0,0,0,,447.1,447.3,447.9,0.0
92H-07095,2026-08-07 09:09:00,447.1,0.0,"Xã Thượng Phúc, TP Hà Nội",0,0,447.1,2.0,6.0,0,0.0,1,0,0,VALID,0.0,0.0,447.1,0.0,5.0,1,Stopped,0.0,0,0,,447.1,447.2,447.8,0.0
92H-07095,2026-08-07 09:11:00,447.1,0.0,"Xã Thượng Phúc, TP Hà Nội",0,0,447.1,2.0,6.0,0,0.0,1,0,0,VALID,0.0,0.0,447.1,0.0,5.0,1,Stopped,0.0,0,0,,447.1,447.2,447.8,0.0
92H-07095,2026-08-07 09:13:00,447.1,0.0,"Xã Thượng Phúc, TP Hà Nội",0,0,447.1,2.0,6.0,0,0.0,1,0,0,VALID,0.0,0.0,447.1,0.0,5.0,1,Stopped,0.0,0,0,,447.1,447.1,447.7,0.0
92H-07095,2026-08-07 09:15:00,447.1,0.0,"Xã Thượng Phúc, TP Hà Nội",0,0,447.1,2.0,6.0,0,0.0,1,0,0,VALID,0.0,0.0,447.1,0.0,5.0,1,Stopped,0.0,0,0,,447.1,447.1,447.6,0.0
92H-07095,2026-08-07 09:17:00,447.1,0.0,"Xã Thượng Phúc, TP Hà Nội",0,0,447.1,2.0,6.0,0,0.0,1,0,0,VALID,0.0,0.0,447.1,0.0,5.0,1,Stopped,0.0,0,0,,447.1,447.1,447.6,0.0
92H-07095,2026-08-07 09:19:00,447.1,0.0,"Xã Thượng Phúc, TP Hà Nội",0,0,447.1,2.0,6.0,0,0.0,1,0,0,VALID,0.0,0.0,447.1,0.0,5.0,1,Stopped,0.0,0,0,,447.1,447.1,447.5,0.0
92H-07095,2026-08-07 09:21:00,447.1,0.0,"Xã Thượng Phúc, TP Hà Nội",0,0,447.1,2.0,6.0,0,0.0,1,0,0,VALID,0.0,0.0,447.1,0.0,5.0,1,Stopped,0.0,0,0,,447.1,447.1,447.5,0.0
92H-07095,2026-08-07 09:23:00,447.1,0.0,"Xã Thượng Phúc, TP Hà Nội",0,0,447.1,2.0,6.0,0,0.0,1,0,0,VALID,0.0,0.0,447.1,0.0,5.0,1,Stopped,0.0,0,0,,447.1,447.1,447.4,0.0
92H-07095,2026-08-07 09:25:00,447.1,0.0,"Xã Thượng Phúc, TP Hà Nội",0,0,447.1,2.0,6.0,0,0.0,1,0,0,VALID,0.0,0.0,447.1,0.0,5.0,1,Stopped,0.0,0,0,,447.1,447.1,447.4,0.0
92H-07095,2026-08-07 09:27:00,447.1,0.0,"Xã Thượng Phúc, TP Hà Nội",0,0,447.1,2.0,6.0,0,0.0,1,0,0,VALID,0.0,0.0,447.1,0.0,5.0,1,Stopped,0.0,0,0,,447.1,447.1,447.4,0.0
92H-07095,2026-08-07 09:28:00,447.1,0.0,"Xã Thượng Phúc, TP Hà Nội",0,0,447.1,1.0,6.0,0,0.0,1,0,0,VALID,0.0,0.0,447.1,0.0,5.0,1,Stopped,0.0,0,0,,447.1,447.1,447.4,0.0
92H-07095,2026-08-07 09:30:00,447.0,0.0,"Xã Thượng Phúc, TP Hà Nội",0,0,447.0,2.0,6.0,0,0.0,1,0,0,VALID,-0.1000000000000227,-0.0500000000000113,447.1,0.04472135933969516,5.0,1,Stopped,0.0,0,0,,447.0,447.1,447.3,0.0
92H-07095,2026-08-07 09:32:00,446.8,0.0,"Xã Thượng Phúc, TP Hà Nội",0,0,446.8,2.0,6.0,0,0.0,1,0,0,VALID,-0.1999999999999886,-0.0999999999999943,447.1,0.1303840480328218,5.0,1,Stopped,0.0,0,0,,446.8,447.0,447.3,0.0
92H-07095,2026-08-07 09:33:00,447.0,0.0,"Xã Thượng Phúc, TP Hà Nội",0,0,447.0,1.0,6.0,0,0.0,1,0,0,VALID,0.1999999999999886,0.1999999999999886,447.0,0.12247448706364175,5.0,1,Stopped,0.0,0,0,,447.0,447.0,447.2,0.0
92H-07095,2026-08-07 09:34:00,446.8,0.0,"Xã Thượng Phúc, TP Hà Nội",0,0,446.8,1.0,6.0,0,0.0,1,0,0,VALID,-0.1999999999999886,-0.1999999999999886,447.0,0.134164078581895,5.0,1,Stopped,0.0,0,0,,446.8,446.9,447.2,0.0
92H-07095,2026-08-07 09:35:00,447.0,0.0,"Xã Thượng Phúc, TP Hà Nội",0,0,447.0,1.0,6.0,0,0.0,1,0,0,VALID,0.1999999999999886,0.1999999999999886,447.0,0.10954451141797525,5.0,1,Stopped,0.0,0,0,,447.0,446.9,447.2,0.0
92H-07095,2026-08-07 09:36:00,446.8,0.0,"Xã Thượng Phúc, TP Hà Nội",0,0,446.8,1.0,6.0,0,0.0,1,0,0,VALID,-0.1999999999999886,-0.1999999999999886,446.8,0.10954451141867318,5.0,1,Stopped,0.0,0,0,,446.8,446.9,447.1,0.0
92H-07095,2026-08-07 09:37:00,446.8,0.0,"Xã Thượng Phúc, TP Hà Nội",0,0,446.8,1.0,6.0,0,0.0,1,0,0,VALID,0.0,0.0,446.8,0.10954451141867318,5.0,1,Stopped,0.0,0,0,,446.8,446.9,447.1,0.0
92H-07095,2026-08-07 09:38:00,447.4,0.0,"Xã Thượng Phúc, TP Hà Nội",0,0,447.4,1.0,6.0,0,0.0,1,0,0,VALID,0.5999999999999659,0.5999999999999659,446.8,0.2607680961729166,5.0,1,Stopped,0.0,0,0,,447.4,447.1,447.1,0.0
92H-07095,2026-08-07 09:40:00,447.2,0.0,"Xã Thượng Phúc, TP Hà Nội",0,0,447.2,2.0,6.0,0,0.0,1,0,0,VALID,-0.1999999999999886,-0.0999999999999943,447.0,0.26076809617234004,5.0,1,Stopped,0.0,0,0,,447.2,447.1,447.1,0.0
92H-07095,2026-08-07 09:41:00,447.5,0.0,"Xã Thượng Phúc, TP Hà Nội",0,0,447.5,1.0,6.0,0,0.0,1,0,0,VALID,0.3000000000000113,0.3000000000000113,447.2,0.32863353447414373,5.0,1,Stopped,0.0,0,0,,447.5,447.3,447.2,0.0
92H-07095,2026-08-07 09:42:00,447.2,0.0,"Xã Thượng Phúc, TP Hà Nội",0,0,447.2,1.0,6.0,0,0.0,1,0,0,VALID,-0.3000000000000113,-0.3000000000000113,447.2,0.26832815726394876,5.0,1,Stopped,0.0,0,0,,447.2,447.2,447.2,0.0
92H-07095,2026-08-07 09:43:00,447.2,0.0,"Xã Thượng Phúc, TP Hà Nội",0,0,447.2,1.0,5.0,0,0.0,1,0,0,VALID,0.0,0.0,447.2,0.14142135616790547,5.0,1,Stopped,0.0,0,0,,447.2,447.2,447.2,0.0
92H-07095,2026-08-07 09:44:00,447.2,0.0,"Xã Thượng Phúc, TP Hà Nội",0,0,447.2,1.0,5.0,0,0.0,1,0,0,VALID,0.0,0.0,447.2,0.13416407857738763,5.0,1,Stopped,0.0,0,0,,447.2,447.2,447.2,0.0
92H-07095,2026-08-07 09:45:00,447.4,0.0,"Xã Thượng Phúc, TP Hà Nội",0,0,447.4,1.0,5.0,0,0.0,1,0,0,VALID,0.1999999999999886,0.1999999999999886,447.2,0.14142135616790547,5.0,1,Stopped,0.0,0,0,,447.4,447.3,447.2,0.0
92H-07095,2026-08-07 09:46:00,447.1,0.0,"Xã Thượng Phúc, TP Hà Nội",0,0,447.1,1.0,5.0,0,0.0,1,0,0,VALID,-0.2999999999999545,-0.2999999999999545,447.2,0.10954451141279342,5.0,1,Stopped,0.0,0,0,,447.1,447.2,447.2,0.0
92H-07095,2026-08-07 09:48:00,447.0,0.0,"Xã Thượng Phúc, TP Hà Nội",0,0,447.0,2.0,5.0,0,0.0,1,0,0,VALID,-0.1000000000000227,-0.0500000000000113,447.2,0.14832396967726003,5.0,1,Stopped,0.0,0,0,,447.0,447.1,447.2,0.0
92H-07095,2026-08-07 09:49:00,447.2,0.0,"Xã Thượng Phúc, TP Hà Nội",0,0,447.2,1.0,5.0,0,0.0,1,0,0,VALID,0.1999999999999886,0.1999999999999886,447.2,0.14832396967726003,5.0,1,Stopped,0.0,0,0,,447.2,447.2,447.2,0.0
92H-07095,2026-08-07 09:50:00,447.0,0.0,"Xã Thượng Phúc, TP Hà Nội",0,0,447.0,1.0,5.0,0,0.0,1,0,0,VALID,-0.1999999999999886,-0.1999999999999886,447.1,0.16733200524997396,5.0,1,Stopped,0.0,0,0,,447.0,447.1,447.2,0.0
92H-07095,2026-08-07 09:51:00,447.1,0.0,"Xã Thượng Phúc, TP Hà Nội",0,0,447.1,1.0,5.0,0,0.0,1,0,0,VALID,0.1000000000000227,0.1000000000000227,447.1,0.0836660025411633,5.0,1,Stopped,0.0,0,0,,447.1,447.1,447.2,0.0
92H-07095,2026-08-07 09:52:00,447.0,0.0,"Xã Thượng Phúc, TP Hà Nội",0,0,447.0,1.0,5.0,0,0.0,1,0,0,VALID,-0.1000000000000227,-0.1000000000000227,447.0,0.08944271899543856,5.0,1,Stopped,0.0,0,0,,447.0,447.1,447.1,0.0
92H-07095,2026-08-07 09:53:00,447.0,0.0,"Xã Thượng Phúc, TP Hà Nội",0,0,447.0,1.0,5.0,0,0.0,1,0,0,VALID,0.0,0.0,447.0,0.08944271899543856,5.0,1,Stopped,0.0,0,0,,447.0,447.0,447.1,0.0
92H-07095,2026-08-07 09:54:00,446.8,0.0,"Xã Thượng Phúc, TP Hà Nội",0,0,446.8,1.0,5.0,0,0.0,1,0,0,VALID,-0.1999999999999886,-0.1999999999999886,447.0,0.10954451141713539,5.0,1,Stopped,0.0,0,0,,447.4,447.2,447.2,0.0
92H-07095,2026-08-07 09:55:00,447.0,0.0,"Xã Thượng Phúc, TP Hà Nội",0,0,447.0,1.0,5.0,0,0.0,1,0,0,VALID,0.1999999999999886,0.1999999999999886,447.0,0.10954451141713539,5.0,1,Stopped,0.0,0,0,,447.0,447.1,447.1,0.0
92H-07095,2026-08-07 09:56:00,446.7,0.0,"Xã Thượng Phúc, TP Hà Nội",0,0,446.7,1.0,5.0,0,0.0,1,0,0,VALID,-0.3000000000000113,-0.3000000000000113,447.0,0.14142135617344123,5.0,1,Stopped,0.0,0,0,,446.7,446.9,447.1,0.0
92H-07095,2026-08-07 09:58:00,446.5,0.0,"Xã Thượng Phúc, TP Hà Nội",0,0,446.5,2.0,5.0,0,0.0,1,0,0,VALID,-0.1999999999999886,-0.0999999999999943,446.8,0.21213203431429814,5.0,1,Stopped,0.0,0,0,,447.2,447.0,447.1,0.0
92H-07095,2026-08-07 09:59:00,446.8,0.0,"Xã Thượng Phúc, TP Hà Nội",0,0,446.8,1.0,5.0,0,0.0,1,0,0,VALID,0.3000000000000113,0.3000000000000113,446.8,0.18165902119762092,5.0,1,Stopped,0.0,0,0,,446.8,446.9,447.1,0.0
92H-07095,2026-08-07 10:00:00,446.5,0.0,"Xã Thượng Phúc, TP Hà Nội",0,0,446.5,1.0,5.0,0,0.0,1,0,0,VALID,-0.3000000000000113,-0.3000000000000113,446.7,0.21213203431520586,5.0,1,Stopped,0.0,0,0,,447.1,447.0,447.1,0.0
92H-07095,2026-08-07 10:01:00,446.5,0.0,"Xã Thượng Phúc, TP Hà Nội",0,0,446.5,1.0,5.0,0,0.0,1,0,0,VALID,0.0,0.0,446.5,0.14142135617753224,5.0,1,Stopped,0.0,0,0,,447.1,447.0,447.1,0.0
92H-07095,2026-08-07 10:02:00,447.8,0.0,"Xã Thượng Phúc, TP Hà Nội",0,0,447.8,1.0,5.0,0,0.0,1,0,0,VALID,1.3000000000000114,1.3000000000000114,446.5,0.563027530394587,5.0,1,Stopped,0.0,0,0,,447.8,447.3,447.2,0.0
92H-07095,2026-08-07 10:03:00,446.5,0.0,"Xã Thượng Phúc, TP Hà Nội",0,0,446.5,1.0,5.0,0,0.0,1,0,0,VALID,-1.3000000000000114,-1.3000000000000114,446.5,0.563027530394587,5.0,1,Stopped,0.0,0,0,,447.1,447.2,447.1,0.0
92H-07095,2026-08-07 10:04:00,445.0,0.0,"Xã Thượng Phúc, TP Hà Nội",0,0,445.0,1.0,5.0,0,0.0,1,0,0,VALID,-1.5,-1.5,446.5,0.9914635646273879,5.0,1,Stopped,0.0,0,0,,446.3,446.9,447.1,0.0
92H-07095,2026-08-07 10:06:00,438.1,0.0,"Xã Thượng Phúc, TP Hà Nội",0,0,438.1,2.0,5.0,0,0.0,1,0,0,VALID,-6.899999999999977,-3.4499999999999886,446.5,3.8635475925618117,5.0,1,Stopped,0.0,0,0,,441.2,444.6,446.5,0.0
92H-07095,2026-08-07 10:07:00,445.8,0.0,"Xã Thượng Phúc, TP Hà Nội",0,0,445.8,1.0,5.0,0,0.0,1,0,0,VALID,7.699999999999989,7.699999999999989,445.8,3.797762499155354,5.0,1,Stopped,0.0,0,0,,445.8,445.1,446.4,0.0
92H-07095,2026-08-07 10:08:00,438.0,0.0,"Xã Thượng Phúc, TP Hà Nội",0,0,438.0,1.0,5.0,0,0.0,1,0,0,VALID,-7.800000000000011,-7.800000000000011,445.0,4.259929576882503,5.0,1,Stopped,0.0,0,0,,441.2,443.5,445.9,0.0
92H-07095,2026-08-07 10:09:00,438.4,0.0,"Xã Thượng Phúc, TP Hà Nội",0,0,438.4,1.0,5.0,0,0.0,1,0,0,VALID,0.3999999999999772,0.3999999999999772,438.4,3.9746697976064205,5.0,1,Stopped,0.0,0,0,,442.0,442.9,445.5,0.0
92H-07095,2026-08-07 10:10:00,437.8,0.0,"Xã Thượng Phúc, TP Hà Nội",0,0,437.8,1.0,5.0,0,0.0,1,0,0,VALID,-0.5999999999999659,-0.5999999999999659,438.1,3.4615025639178985,5.0,1,Stopped,0.0,0,0,,440.7,442.0,445.0,0.0
92H-07095,2026-08-07 10:11:00,438.0,0.0,"Xã Thượng Phúc, TP Hà Nội",0,0,438.0,1.0,5.0,0,0.0,1,0,0,VALID,0.1999999999999886,0.1999999999999886,438.0,3.4727510708385494,5.0,1,Stopped,0.0,0,0,,440.8,441.5,444.6,0.0
92H-07095,2026-08-07 10:12:00,437.8,0.0,"Xã Thượng Phúc, TP Hà Nội",0,0,437.8,1.0,5.0,0,0.0,1,0,0,VALID,-0.1999999999999886,-0.1999999999999886,438.0,0.24494897431194393,5.0,1,Stopped,0.0,0,0,,440.9,441.3,444.2,0.0
92H-07095,2026-08-07 10:13:00,438.0,0.0,"Xã Thượng Phúc, TP Hà Nội",0,0,438.0,1.0,5.0,0,0.0,1,0,0,VALID,0.1999999999999886,0.1999999999999886,438.0,0.24494897431194393,5.0,1,Stopped,0.0,0,0,,440.4,440.9,443.8,0.0
92H-07095,2026-08-07 10:14:00,437.7,0.0,"Xã Thượng Phúc, TP Hà Nội",0,0,437.7,1.0,5.0,0,0.0,1,0,0,VALID,-0.3000000000000113,-0.3000000000000113,437.8,0.13416407871340288,5.0,1,Stopped,0.0,0,0,,439.5,440.4,443.4,0.0
92H-07095,2026-08-07 10:16:00,437.7,0.0,"Xã Thượng Phúc, TP Hà Nội",0,0,437.7,2.0,5.0,0,0.0,1,0,0,VALID,0.0,0.0,437.8,0.15165750893739355,5.0,1,Stopped,0.0,0,0,,438.6,439.7,442.9,0.0
92H-07095,2026-08-07 10:17:00,437.7,0.0,"Xã Thượng Phúc, TP Hà Nội",0,0,437.7,1.0,5.0,0,0.0,1,0,0,VALID,0.0,0.0,437.7,0.13038404817051125,5.0,1,Stopped,0.0,0,0,,439.5,439.6,442.6,0.0
92H-07095,2026-08-07 10:18:00,437.6,0.0,"Xã Thượng Phúc, TP Hà Nội",0,0,437.6,1.0,5.0,0,0.0,1,0,0,VALID,-0.0999999999999659,-0.0999999999999659,437.7,0.15165750893868313,5.0,1,Stopped,0.0,0,0,,437.6,438.8,442.1,0.0
92H-07095,2026-08-07 10:19:00,437.7,0.0,"Xã Thượng Phúc, TP Hà Nội",0,0,437.7,1.0,5.0,0,0.0,1,0,0,VALID,0.0999999999999659,0.0999999999999659,437.7,0.04472135974818687,5.0,1,Stopped,0.0,0,0,,437.7,438.4,441.6,0.0
92H-07095,2026-08-07 10:20:00,437.6,0.0,"Xã Thượng Phúc, TP Hà Nội",0,0,437.6,1.0,5.0,0,0.0,1,0,0,VALID,-0.0999999999999659,-0.0999999999999659,437.7,0.05477225591306632,5.0,1,Stopped,0.0,0,0,,437.6,438.1,441.2,0.0
92H-07095,2026-08-07 10:21:00,437.6,0.0,"Xã Thượng Phúc, TP Hà Nội",0,0,437.6,1.0,5.0,0,0.0,1,0,0,VALID,0.0,0.0,437.6,0.05477225591380447,5.0,1,Stopped,0.0,0,0,,438.2,438.1,440.9,0.0
92H-07095,2026-08-07 10:22:00,437.4,0.0,"Xã Thượng Phúc, TP Hà Nội",0,0,437.4,1.0,5.0,0,0.0,1,0,0,VALID,-0.2000000000000454,-0.2000000000000454,437.6,0.10954451158380889,5.0,1,Stopped,0.0,0,0,,437.4,437.8,440.6,0.0
92H-07095,2026-08-07 10:23:00,437.6,0.0,"Xã Thượng Phúc, TP Hà Nội",0,0,437.6,1.0,5.0,0,0.0,1,0,0,VALID,0.2000000000000454,0.2000000000000454,437.6,0.10954451158380889,5.0,1,Stopped,0.0,0,0,,437.6,437.7,440.3,0.0
92H-07095,2026-08-07 10:24:00,437.3,0.0,"Xã Thượng Phúc, TP Hà Nội",0,0,437.3,1.0,5.0,0,0.0,1,0,0,VALID,-0.3000000000000113,-0.3000000000000113,437.6,0.14142135630258817,5.0,1,Stopped,0.0,0,0,,437.3,437.6,440.0,0.0
92H-07095,2026-08-07 10:26:00,437.3,0.0,"Xã Thượng Phúc, TP Hà Nội",0,0,437.3,2.0,5.0,0,0.0,1,0,0,VALID,0.0,0.0,437.4,0.1516575089427131,5.0,1,Stopped,0.0,0,0,,437.9,437.7,439.8,0.0
92H-07095,2026-08-07 10:27:00,437.3,0.0,"Xã Thượng Phúc, TP Hà Nội",0,0,437.3,1.0,5.0,0,0.0,1,0,0,VALID,0.0,0.0,437.3,0.13038404817672816,5.0,1,Stopped,0.0,0,0,,437.3,437.5,439.5,0.0
92H-07095,2026-08-07 10:28:00,437.3,0.0,"Xã Thượng Phúc, TP Hà Nội",0,0,437.3,1.0,5.0,0,0.0,1,0,0,VALID,0.0,0.0,437.3,0.13416407872092145,5.0,1,Stopped,0.0,0,0,,437.3,437.4,439.3,0.0
92H-07095,2026-08-07 10:30:00,437.3,0.0,"Xã Thượng Phúc, TP Hà Nội",0,0,437.3,2.0,5.0,0,0.0,1,0,0,VALID,0.0,0.0,437.3,0.0,5.0,1,Stopped,0.0,0,0,,437.3,437.4,439.1,0.0
92H-07095,2026-08-07 10:32:00,437.3,0.0,"Xã Thượng Phúc, TP Hà Nội",0,0,437.3,2.0,5.0,0,0.0,1,0,0,VALID,0.0,0.0,437.3,0.0,5.0,1,Stopped,0.0,0,0,,437.3,437.4,438.9,0.0
92H-07095,2026-08-07 10:34:00,437.3,0.0,"Xã Thượng Phúc, TP Hà Nội",0,0,437.3,2.0,5.0,0,0.0,1,0,0,VALID,0.0,0.0,437.3,0.0,5.0,1,Stopped,0.0,0,0,,437.3,437.3,438.8,0.0
92H-07095,2026-08-07 10:36:00,437.3,0.0,"Xã Thượng Phúc, TP Hà Nội",0,0,437.3,2.0,5.0,0,0.0,1,0,0,VALID,0.0,0.0,437.3,0.0,5.0,1,Stopped,0.0,0,0,,437.3,437.3,438.6,0.0
92H-07095,2026-08-07 10:38:00,437.3,0.0,"Xã Thượng Phúc, TP Hà Nội",0,0,437.3,2.0,5.0,0,0.0,1,0,0,VALID,0.0,0.0,437.3,0.0,5.0,1,Stopped,0.0,0,0,,437.3,437.3,438.5,0.0
92H-07095,2026-08-07 10:40:00,437.3,0.0,"Xã Thượng Phúc, TP Hà Nội",0,0,437.3,2.0,5.0,0,0.0,1,0,0,VALID,0.0,0.0,437.3,0.0,5.0,1,Stopped,0.0,0,0,,437.3,437.3,438.4,0.0
92H-07095,2026-08-07 10:42:00,437.3,0.0,"Xã Thượng Phúc, TP Hà Nội",0,0,437.3,2.0,5.0,0,0.0,1,0,0,VALID,0.0,0.0,437.3,0.0,5.0,1,Stopped,0.0,0,0,,437.3,437.3,438.3,0.0
92H-07095,2026-08-07 10:44:00,437.3,0.0,"Xã Thượng Phúc, TP Hà Nội",0,0,437.3,2.0,5.0,0,0.0,1,0,0,VALID,0.0,0.0,437.3,0.0,5.0,1,Stopped,0.0,0,0,,437.3,437.3,438.2,0.0
92H-07095,2026-08-07 10:46:00,437.3,0.0,"Xã Thượng Phúc, TP Hà Nội",0,0,437.3,2.0,5.0,0,0.0,1,0,0,VALID,0.0,0.0,437.3,0.0,5.0,1,Stopped,0.0,0,0,,437.3,437.3,438.1,0.0
92H-07095,2026-08-07 10:48:00,437.3,0.0,"Xã Thượng Phúc, TP Hà Nội",0,0,437.3,2.0,6.0,0,0.0,1,0,0,VALID,0.0,0.0,437.3,0.0,5.0,1,Stopped,0.0,0,0,,437.3,437.3,438.0,0.0
92H-07095,2026-08-07 10:50:00,437.3,0.0,"Xã Thượng Phúc, TP Hà Nội",0,0,437.3,2.0,6.0,0,0.0,1,0,0,VALID,0.0,0.0,437.3,0.0,5.0,1,Stopped,0.0,0,0,,437.3,437.3,437.9,0.0
92H-07095,2026-08-07 10:52:00,437.3,0.0,"Xã Thượng Phúc, TP Hà Nội",0,0,437.3,2.0,6.0,0,0.0,1,0,0,VALID,0.0,0.0,437.3,0.0,5.0,1,Stopped,0.0,0,0,,437.3,437.3,437.9,0.0
92H-07095,2026-08-07 10:54:00,437.3,0.0,"Xã Thượng Phúc, TP Hà Nội",0,0,437.3,2.0,6.0,0,0.0,1,0,0,VALID,0.0,0.0,437.3,0.0,5.0,1,Stopped,0.0,0,0,,437.3,437.3,437.8,0.0
92H-07095,2026-08-07 10:56:00,437.3,0.0,"Xã Thượng Phúc, TP Hà Nội",0,0,437.3,2.0,6.0,0,0.0,1,0,0,VALID,0.0,0.0,437.3,0.0,5.0,1,Stopped,0.0,0,0,,437.3,437.3,437.8,0.0
92H-07095,2026-08-07 10:58:00,437.4,0.0,"Xã Thượng Phúc, TP Hà Nội",0,0,437.4,2.0,6.0,0,0.0,1,0,0,VALID,0.0999999999999659,0.0499999999999829,437.3,0.04472135976460733,5.0,1,Stopped,0.0,0,0,,437.4,437.3,437.7,0.0
92H-07095,2026-08-07 11:00:00,437.4,0.0,"Xã Thượng Phúc, TP Hà Nội",0,0,437.4,2.0,6.0,0,0.0,1,0,0,VALID,0.0,0.0,437.3,0.054772255924997286,5.0,1,Stopped,0.0,0,0,,437.4,437.4,437.7,0.0
92H-07095,2026-08-07 11:02:00,437.4,0.0,"Xã Thượng Phúc, TP Hà Nội",0,0,437.4,2.0,6.0,0,0.0,1,0,0,VALID,0.0,0.0,437.4,0.05477225592425914,5.0,1,Stopped,0.0,0,0,,437.4,437.4,437.7,0.0
92H-07095,2026-08-07 11:04:00,437.4,0.0,"Xã Thượng Phúc, TP Hà Nội",0,0,437.4,2.0,6.0,0,0.0,1,0,0,VALID,0.0,0.0,437.4,0.04472135976189521,5.0,1,Stopped,0.0,0,0,,437.4,437.4,437.6,0.0
92H-07095,2026-08-07 11:06:00,437.4,0.0,"Xã Thượng Phúc, TP Hà Nội",0,0,437.4,2.0,6.0,0,0.0,1,0,0,VALID,0.0,0.0,437.4,0.0,5.0,1,Stopped,0.0,0,0,,437.4,437.4,437.6,0.0
92H-07095,2026-08-07 11:08:00,437.4,0.0,"Xã Thượng Phúc, TP Hà Nội",0,0,437.4,2.0,6.0,0,0.0,1,0,0,VALID,0.0,0.0,437.4,0.0,5.0,1,Stopped,0.0,0,0,,437.4,437.4,437.6,0.0
92H-07095,2026-08-07 11:10:00,437.4,0.0,"Xã Thượng Phúc, TP Hà Nội",0,0,437.4,2.0,6.0,0,0.0,1,0,0,VALID,0.0,0.0,437.4,0.0,5.0,1,Stopped,0.0,0,0,,437.4,437.4,437.6,0.0
92H-07095,2026-08-07 11:12:00,437.4,0.0,"Xã Thượng Phúc, TP Hà Nội",0,0,437.4,2.0,6.0,0,0.0,1,0,0,VALID,0.0,0.0,437.4,0.0,5.0,1,Stopped,0.0,0,0,,437.4,437.4,437.6,0.0
92H-07095,2026-08-07 11:14:00,437.6,0.0,"Xã Thượng Phúc, TP Hà Nội",0,0,437.6,2.0,6.0,0,0.0,1,0,0,VALID,0.2000000000000454,0.1000000000000227,437.4,0.08944271920462989,5.0,1,Stopped,0.0,0,0,,437.6,437.5,437.6,0.0
92H-07095,2026-08-07 11:16:00,437.6,0.0,"Xã Thượng Phúc, TP Hà Nội",0,0,437.6,2.0,6.0,0,0.0,1,0,0,VALID,0.0,0.0,437.4,0.10954451158574732,5.0,1,Stopped,0.0,0,0,,437.6,437.5,437.6,0.0
92H-07095,2026-08-07 11:18:00,437.6,0.0,"Xã Thượng Phúc, TP Hà Nội",0,0,437.6,2.0,6.0,0,0.0,1,0,0,VALID,0.0,0.0,437.6,0.10954451158500397,5.0,1,Stopped,0.0,0,0,,437.6,437.6,437.6,0.0
92H-07095,2026-08-07 11:20:00,437.6,0.0,"Xã Thượng Phúc, TP Hà Nội",0,0,437.6,2.0,6.0,0,0.0,1,0,0,VALID,0.0,0.0,437.6,0.0894427192019114,5.0,1,Stopped,0.0,0,0,,437.6,437.6,437.6,0.0
92H-07095,2026-08-07 11:22:00,437.7,0.0,"Xã Thượng Phúc, TP Hà Nội",0,0,437.7,2.0,6.0,0,0.0,1,0,0,VALID,0.0999999999999659,0.0499999999999829,437.6,0.04472135975103398,5.0,1,Stopped,0.0,0,0,,437.7,437.6,437.6,0.0
92H-07095,2026-08-07 11:24:00,437.7,0.0,"Xã Thượng Phúc, TP Hà Nội",0,0,437.7,2.0,6.0,0,0.0,1,0,0,VALID,0.0,0.0,437.6,0.054772255913914686,5.0,1,Stopped,0.0,0,0,,437.7,437.7,437.6,0.0
92H-07095,2026-08-07 11:26:00,437.7,0.0,"Xã Thượng Phúc, TP Hà Nội",0,0,437.7,2.0,6.0,0,0.0,1,0,0,VALID,0.0,0.0,437.7,0.05477225591317654,5.0,1,Stopped,0.0,0,0,,437.7,437.7,437.6,0.0
92H-07095,2026-08-07 11:28:00,437.7,0.0,"Xã Thượng Phúc, TP Hà Nội",0,0,437.7,2.0,6.0,0,0.0,1,0,0,VALID,0.0,0.0,437.7,0.04472135974832186,5.0,1,Stopped,0.0,0,0,,437.7,437.7,437.6,0.0
92H-07095,2026-08-07 11:30:00,437.8,0.0,"Xã Thượng Phúc, TP Hà Nội",0,0,437.8,2.0,6.0,0,0.0,1,0,0,VALID,0.1000000000000227,0.0500000000000113,437.7,0.04472135974657098,5.0,1,Stopped,0.0,0,0,,437.8,437.7,437.6,0.0
92H-07095,2026-08-07 11:32:00,437.8,0.0,"Xã Thượng Phúc, TP Hà Nội",0,0,437.8,2.0,6.0,0,0.0,1,0,0,VALID,0.0,0.0,437.7,0.05477225591031153,5.0,1,Stopped,0.0,0,0,,437.8,437.8,437.7,0.0
92H-07095,2026-08-07 11:34:00,437.8,0.0,"Xã Thượng Phúc, TP Hà Nội",0,0,437.8,2.0,6.0,0,0.0,1,0,0,VALID,0.0,0.0,437.8,0.054772255909608415,5.0,1,Stopped,0.0,0,0,,437.8,437.8,437.7,0.0
92H-07095,2026-08-07 11:36:00,437.8,0.0,"Xã Thượng Phúc, TP Hà Nội",0,0,437.8,2.0,6.0,0,0.0,1,0,0,VALID,0.0,0.0,437.8,0.04472135974398756,5.0,1,Stopped,0.0,0,0,,437.8,437.8,437.7,0.0
92H-07095,2026-08-07 11:38:00,437.8,0.0,"Xã Thượng Phúc, TP Hà Nội",0,0,437.8,2.0,6.0,0,0.0,1,0,0,VALID,0.0,0.0,437.8,0.0,5.0,1,Stopped,0.0,0,0,,437.8,437.8,437.7,0.0
92H-07095,2026-08-07 11:40:00,438.0,0.0,"Xã Thượng Phúc, TP Hà Nội",0,0,438.0,2.0,6.0,0,0.0,1,0,0,VALID,0.1999999999999886,0.0999999999999943,437.8,0.08944271919571896,5.0,1,Stopped,0.0,0,0,,438.0,437.9,437.7,0.0
92H-07095,2026-08-07 11:42:00,438.0,0.0,"Xã Thượng Phúc, TP Hà Nội",0,0,438.0,2.0,6.0,0,0.0,1,0,0,VALID,0.0,0.0,437.8,0.10954451157850077,5.0,1,Stopped,0.0,0,0,,438.0,437.9,437.7,0.0
92H-07095,2026-08-07 11:43:00,438.0,0.0,"Xã Thượng Phúc, TP Hà Nội",0,0,438.0,1.0,6.0,0,0.0,1,0,0,VALID,0.0,0.0,438.0,0.10954451157780284,5.0,1,Stopped,0.0,0,0,,438.0,438.0,437.8,0.0
92H-07095,2026-08-07 11:44:00,438.0,0.0,"Xã Thượng Phúc, TP Hà Nội",0,0,438.0,1.0,6.0,0,0.0,1,0,0,VALID,0.0,0.0,438.0,0.08944271919315858,5.0,1,Stopped,0.0,0,0,,438.0,438.0,437.8,0.0
92H-07095,2026-08-07 11:45:00,438.0,0.0,"Xã Thượng Phúc, TP Hà Nội",0,0,438.0,1.0,6.0,0,0.0,1,0,0,VALID,0.0,0.0,438.0,0.0,5.0,1,Stopped,0.0,0,0,,438.0,438.0,437.8,0.0
92H-07095,2026-08-07 11:46:00,438.0,0.0,"Xã Thượng Phúc, TP Hà Nội",0,0,438.0,1.0,6.0,0,0.0,1,0,0,VALID,0.0,0.0,438.0,0.0,5.0,1,Stopped,0.0,0,0,,438.0,438.0,437.8,0.0
92H-07095,2026-08-07 11:47:00,438.0,0.0,"Xã Thượng Phúc, TP Hà Nội",0,0,438.0,1.0,6.0,0,0.0,1,0,0,VALID,0.0,0.0,438.0,0.0,5.0,1,Stopped,0.0,0,0,,438.0,438.0,437.9,0.0
92H-07095,2026-08-07 11:48:00,438.0,0.0,"Xã Thượng Phúc, TP Hà Nội",0,0,438.0,1.0,6.0,0,0.0,1,0,0,VALID,0.0,0.0,438.0,0.0,5.0,1,Stopped,0.0,0,0,,438.0,438.0,437.9,0.0
92H-07095,2026-08-07 11:49:00,438.0,0.0,"Xã Thượng Phúc, TP Hà Nội",0,0,438.0,1.0,6.0,0,0.0,1,0,0,VALID,0.0,0.0,438.0,0.0,5.0,1,Stopped,0.0,0,0,,438.0,438.0,437.9,0.0
92H-07095,2026-08-07 11:50:00,437.7,0.0,"Xã Thượng Phúc, TP Hà Nội",0,0,437.7,1.0,6.0,0,0.0,1,0,0,VALID,-0.3000000000000113,-0.3000000000000113,438.0,0.13416407871236563,5.0,1,Stopped,0.0,0,0,,437.7,437.9,437.9,0.0
92H-07095,2026-08-07 11:51:00,438.0,0.0,"Xã Thượng Phúc, TP Hà Nội",0,0,438.0,1.0,6.0,0,0.0,1,0,0,VALID,0.3000000000000113,0.3000000000000113,438.0,0.13416407871236563,5.0,1,Stopped,0.0,0,0,,438.0,437.9,437.9,0.0
92H-07095,2026-08-07 11:52:00,447.2,0.0,"Xã Thượng Phúc, TP Hà Nội",0,0,447.2,1.0,5.0,0,0.0,1,0,0,VALID,9.199999999999989,9.199999999999989,438.0,4.149939758600116,5.0,1,Stopped,0.0,1,1,LARGE_DELTA,444.5,440.6,438.5,0.0
92H-07095,2026-08-07 11:54:00,447.2,0.0,"Xã Thượng Phúc, TP Hà Nội",0,0,447.2,2.0,5.0,0,0.0,1,0,0,VALID,0.0,0.0,438.0,5.095291944531065,5.0,1,Stopped,0.0,0,0,,444.7,442.2,439.2,0.0
92H-07095,2026-08-07 11:55:00,447.1,0.0,"Xã Thượng Phúc, TP Hà Nội",0,0,447.1,1.0,5.0,0,0.0,1,0,0,VALID,-0.0999999999999659,-0.0999999999999659,447.1,5.104213945358921,5.0,1,Stopped,0.0,0,0,,445.2,443.4,439.8,0.0
92H-07095,2026-08-07 11:56:00,446.1,0.0,"Xã Thượng Phúc, TP Hà Nội",0,0,446.1,1.0,5.0,0,0.0,1,0,0,VALID,-1.0,-1.0,447.1,4.007118665573843,5.0,1,Stopped,0.0,0,0,,444.6,443.9,440.2,0.0
92H-07095,2026-08-07 11:57:00,447.2,0.0,"Xã Thượng Phúc, TP Hà Nội",0,0,447.2,1.0,5.0,0,0.0,1,0,0,VALID,1.099999999999966,1.099999999999966,447.2,0.48270073542877634,5.0,1,Stopped,0.0,0,0,,445.4,444.5,440.8,0.0
92H-07095,2026-08-07 11:58:00,445.8,6.0,"Xã Thượng Phúc, TP Hà Nội",0,0,445.8,1.0,5.0,0,0.0,1,0,0,VALID,-1.3999999999999773,-1.3999999999999773,447.1,0.6760177512347456,5.0,1,Moving,0.1,0,0,,444.6,444.5,441.1,1.0
92H-07095,2026-08-07 12:00:00,447.5,0.0,"Xã Thượng Phúc, TP Hà Nội",0,0,447.5,2.0,5.0,0,0.0,1,0,0,VALID,1.6999999999999886,0.8499999999999943,447.1,0.743639697692553,5.0,1,Stopped,-0.05,0,0,,445.5,444.9,441.6,0.0
92H-07095,2026-08-07 12:02:00,445.8,0.0,"Xã Thượng Phúc, TP Hà Nội",0,0,445.8,2.0,5.0,0,0.0,1,0,0,VALID,-1.6999999999999886,-0.8499999999999943,446.1,0.8105553651572461,5.0,1,Stopped,0.0,0,0,,444.3,444.7,441.9,0.0
92H-07095,2026-08-07 12:04:00,445.6,0.0,"Xã Thượng Phúc, TP Hà Nội",0,0,445.6,2.0,5.0,0,0.0,1,0,0,VALID,-0.1999999999999886,-0.0999999999999943,445.8,0.8955445270814625,5.0,1,Stopped,0.0,0,0,,444.7,444.7,442.1,0.0
92H-07095,2026-08-07 12:06:00,445.6,0.0,"Xã Thượng Phúc, TP Hà Nội",0,0,445.6,2.0,5.0,0,0.0,1,0,0,VALID,0.0,0.0,445.8,0.811171991618754,5.0,1,Stopped,0.0,0,0,,446.3,445.3,442.6,0.0
92H-07095,2026-08-07 12:08:00,445.6,0.0,"Xã Thượng Phúc, TP Hà Nội",0,0,445.6,2.0,5.0,0,0.0,1,0,0,VALID,0.0,0.0,445.6,0.8318653737155287,5.0,1,Stopped,0.0,0,0,,446.5,445.8,442.9,0.0
92H-07095,2026-08-07 12:10:00,445.6,0.0,"Xã Thượng Phúc, TP Hà Nội",0,0,445.6,2.0,5.0,0,0.0,1,0,0,VALID,0.0,0.0,445.6,0.08944271903431653,5.0,1,Stopped,0.0,0,0,,446.6,446.1,443.3,0.0
92H-07095,2026-08-07 12:12:00,445.6,0.0,"Xã Thượng Phúc, TP Hà Nội",0,0,445.6,2.0,5.0,0,0.0,1,0,0,VALID,0.0,0.0,445.6,0.0,5.0,1,Stopped,0.0,0,0,,446.4,446.2,443.6,0.0
92H-07095,2026-08-07 12:14:00,445.6,0.0,"Xã Thượng Phúc, TP Hà Nội",0,0,445.6,2.0,5.0,0,0.0,1,0,0,VALID,0.0,0.0,445.6,0.0,5.0,1,Stopped,0.0,0,0,,446.4,446.3,443.9,0.0
92H-07095,2026-08-07 12:16:00,445.6,0.0,"Xã Thượng Phúc, TP Hà Nội",0,0,445.6,2.0,5.0,0,0.0,1,0,0,VALID,0.0,0.0,445.6,0.0,5.0,1,Stopped,0.0,0,0,,445.6,446.0,444.1,0.0
92H-07095,2026-08-07 12:18:00,445.6,0.0,"Xã Thượng Phúc, TP Hà Nội",0,0,445.6,2.0,6.0,0,0.0,1,0,0,VALID,0.0,0.0,445.6,0.0,5.0,1,Stopped,0.0,0,0,,446.5,446.2,444.3,0.0
92H-07095,2026-08-07 12:20:00,445.6,0.0,"Xã Thượng Phúc, TP Hà Nội",0,0,445.6,2.0,6.0,0,0.0,1,0,0,VALID,0.0,0.0,445.6,0.0,5.0,1,Stopped,0.0,0,0,,445.6,446.0,444.4,0.0
92H-07095,2026-08-07 12:22:00,445.6,0.0,"Xã Thượng Phúc, TP Hà Nội",0,0,445.6,2.0,6.0,0,0.0,1,0,0,VALID,0.0,0.0,445.6,0.0,5.0,1,Stopped,0.0,0,0,,445.6,445.8,444.6,0.0
92H-07095,2026-08-07 12:24:00,445.6,0.0,"Xã Thượng Phúc, TP Hà Nội",0,0,445.6,2.0,6.0,0,0.0,1,0,0,VALID,0.0,0.0,445.6,0.0,5.0,1,Stopped,0.0,0,0,,445.6,445.7,444.7,0.0
92H-07095,2026-08-07 12:26:00,445.6,0.0,"Xã Thượng Phúc, TP Hà Nội",0,0,445.6,2.0,6.0,0,0.0,1,0,0,VALID,0.0,0.0,445.6,0.0,5.0,1,Stopped,0.0,0,0,,445.6,445.7,444.8,0.0
92H-07095,2026-08-07 12:28:00,445.6,0.0,"Xã Thượng Phúc, TP Hà Nội",0,0,445.6,2.0,6.0,0,0.0,1,0,0,VALID,0.0,0.0,445.6,0.0,5.0,1,Stopped,0.0,0,0,,445.6,445.6,444.8,0.0
92H-07095,2026-08-07 12:29:00,445.6,0.0,"Xã Thượng Phúc, TP Hà Nội",0,0,445.6,1.0,6.0,0,0.0,1,0,0,VALID,0.0,0.0,445.6,0.0,5.0,1,Stopped,0.0,0,0,,445.6,445.6,444.9,0.0
92H-07095,2026-08-07 12:30:00,445.5,0.0,"Xã Thượng Phúc, TP Hà Nội",0,0,445.5,1.0,6.0,0,0.0,1,0,0,VALID,-0.1000000000000227,-0.1000000000000227,445.6,0.04472135942109691,5.0,1,Stopped,0.0,0,0,,445.5,445.6,445.0,0.0
92H-07095,2026-08-07 12:31:00,445.6,0.0,"Xã Thượng Phúc, TP Hà Nội",0,0,445.6,1.0,6.0,0,0.0,1,0,0,VALID,0.1000000000000227,0.1000000000000227,445.6,0.04472135942109691,5.0,1,Stopped,0.0,0,0,,445.6,445.6,445.0,0.0
92H-07095,2026-08-07 12:32:00,445.3,0.0,"Xã Thượng Phúc, TP Hà Nội",0,0,445.3,1.0,6.0,0,0.0,1,0,0,VALID,-0.3000000000000113,-0.3000000000000113,445.6,0.13038404806067044,5.0,1,Stopped,0.0,0,0,,445.3,445.5,445.1,0.0
92H-07095,2026-08-07 12:33:00,445.5,0.0,"Xã Thượng Phúc, TP Hà Nội",0,0,445.5,1.0,6.0,0,0.0,1,0,0,VALID,0.1999999999999886,0.1999999999999886,445.5,0.12247448709326801,5.0,1,Stopped,0.0,0,0,,445.5,445.5,445.1,0.0
92H-07095,2026-08-07 12:34:00,445.3,0.0,"Xã Thượng Phúc, TP Hà Nội",0,0,445.3,1.0,6.0,0,0.0,1,0,0,VALID,-0.1999999999999886,-0.1999999999999886,445.5,0.13416407860891136,5.0,1,Stopped,0.0,0,0,,445.3,445.4,445.1,0.0
92H-07095,2026-08-07 12:36:00,445.3,0.0,"Xã Thượng Phúc, TP Hà Nội",0,0,445.3,2.0,6.0,0,0.0,1,0,0,VALID,0.0,0.0,445.3,0.14142135619885657,5.0,1,Stopped,0.0,0,0,,445.3,445.4,445.1,0.0
92H-07095,2026-08-07 12:37:00,445.3,0.0,"Xã Thượng Phúc, TP Hà Nội",0,0,445.3,1.0,6.0,0,0.0,1,0,0,VALID,0.0,0.0,445.3,0.0894427190404041,5.0,1,Stopped,0.0,0,0,,445.3,445.3,445.2,0.0
92H-07095,2026-08-07 12:38:00,445.2,0.0,"Xã Thượng Phúc, TP Hà Nội",0,0,445.2,1.0,6.0,0,0.0,1,0,0,VALID,-0.1000000000000227,-0.1000000000000227,445.3,0.10954451145272194,5.0,1,Stopped,0.0,0,0,,445.2,445.3,445.2,0.0
92H-07095,2026-08-07 12:39:00,445.3,0.0,"Xã Thượng Phúc, TP Hà Nội",0,0,445.3,1.0,6.0,0,0.0,1,0,0,VALID,0.1000000000000227,0.1000000000000227,445.3,0.04472135943330781,5.0,1,Stopped,0.0,0,0,,445.3,445.3,445.2,0.0
92H-07095,2026-08-07 12:40:00,445.2,0.0,"Xã Thượng Phúc, TP Hà Nội",0,0,445.2,1.0,5.0,0,0.0,1,0,0,VALID,-0.1000000000000227,-0.1000000000000227,445.3,0.05477225565593946,5.0,1,Stopped,0.0,0,0,,445.2,445.3,445.2,0.0
92H-07095,2026-08-07 12:42:00,445.0,0.0,"Xã Thượng Phúc, TP Hà Nội",0,0,445.0,2.0,5.0,0,0.0,1,0,0,VALID,-0.1999999999999886,-0.0999999999999943,445.2,0.12247448709780165,5.0,1,Stopped,0.0,0,0,,445.6,445.4,445.2,0.0
92H-07095,2026-08-07 12:43:00,445.2,0.0,"Xã Thượng Phúc, TP Hà Nội",0,0,445.2,1.0,5.0,0,0.0,1,0,0,VALID,0.1999999999999886,0.1999999999999886,445.2,0.10954451145513812,5.0,1,Stopped,0.0,0,0,,445.2,445.3,445.2,0.0
92H-07095,2026-08-07 12:44:00,444.9,0.0,"Xã Thượng Phúc, TP Hà Nội",0,0,444.9,1.0,5.0,0,0.0,1,0,0,VALID,-0.3000000000000113,-0.3000000000000113,445.2,0.16431676722164498,5.0,1,Stopped,0.0,0,0,,445.5,445.4,445.2,0.0
92H-07095,2026-08-07 12:45:00,445.2,0.0,"Xã Thượng Phúc, TP Hà Nội",0,0,445.2,1.0,5.0,0,0.0,1,0,0,VALID,0.3000000000000113,0.3000000000000113,445.2,0.14142135620281773,5.0,1,Stopped,0.0,0,0,,445.2,445.3,445.2,0.0
92H-07095,2026-08-07 12:46:00,444.9,0.0,"Xã Thượng Phúc, TP Hà Nội",0,0,444.9,1.0,5.0,0,0.0,1,0,0,VALID,-0.3000000000000113,-0.3000000000000113,445.0,0.15165750884961482,5.0,1,Stopped,0.0,0,0,,444.9,445.1,445.2,0.0
92H-07095,2026-08-07 12:47:00,444.9,0.0,"Xã Thượng Phúc, TP Hà Nội",0,0,444.9,1.0,5.0,0,0.0,1,0,0,VALID,0.0,0.0,444.9,0.1643167672227896,5.0,1,Stopped,0.0,0,0,,444.9,445.0,445.2,0.0
92H-07095,2026-08-07 12:48:00,444.7,0.0,"Xã Thượng Phúc, TP Hà Nội",0,0,444.7,1.0,5.0,0,0.0,1,0,0,VALID,-0.1999999999999886,-0.1999999999999886,444.9,0.17888543817462854,5.0,1,Stopped,0.0,0,0,,445.3,445.1,445.2,0.0
92H-07095,2026-08-07 12:49:00,444.9,0.0,"Xã Thượng Phúc, TP Hà Nội",0,0,444.9,1.0,5.0,0,0.0,1,0,0,VALID,0.1999999999999886,0.1999999999999886,444.9,0.17888543817462854,5.0,1,Stopped,0.0,0,0,,444.9,445.0,445.2,0.0
92H-07095,2026-08-07 12:50:00,444.7,0.0,"Xã Thượng Phúc, TP Hà Nội",0,0,444.7,1.0,5.0,0,0.0,1,0,0,VALID,-0.1999999999999886,-0.1999999999999886,444.9,0.10954451146132997,5.0,1,Stopped,0.0,0,0,,445.3,445.1,445.2,0.0
92H-07095,2026-08-07 12:52:00,444.7,0.0,"Xã Thượng Phúc, TP Hà Nội",0,0,444.7,2.0,5.0,0,0.0,1,0,0,VALID,0.0,0.0,444.7,0.10954451146200456,5.0,1,Stopped,0.0,0,0,,444.7,445.0,445.1,0.0
92H-07095,2026-08-07 12:53:00,444.7,0.0,"Xã Thượng Phúc, TP Hà Nội",0,0,444.7,1.0,5.0,0,0.0,1,0,0,VALID,0.0,0.0,444.7,0.08944271905301221,5.0,1,Stopped,0.0,0,0,,444.7,444.9,445.1,0.0
92H-07095,2026-08-07 12:54:00,444.7,0.0,"Xã Thượng Phúc, TP Hà Nội",0,0,444.7,1.0,5.0,0,0.0,1,0,0,VALID,0.0,0.0,444.7,0.08944271905301221,5.0,1,Stopped,0.0,0,0,,444.7,444.8,445.0,0.0
92H-07095,2026-08-07 12:55:00,444.7,0.0,"Xã Thượng Phúc, TP Hà Nội",0,0,444.7,1.0,5.0,0,0.0,1,0,0,VALID,0.0,0.0,444.7,0.0,5.0,1,Stopped,0.0,0,0,,444.7,444.8,445.0,0.0
92H-07095,2026-08-07 12:56:00,444.6,0.0,"Xã Thượng Phúc, TP Hà Nội",0,0,444.6,1.0,5.0,0,0.0,1,0,0,VALID,-0.0999999999999659,-0.0999999999999659,444.7,0.04472135945848828,5.0,1,Stopped,0.0,0,0,,444.6,444.7,445.0,0.0
92H-07095,2026-08-07 12:57:00,444.7,0.0,"Xã Thượng Phúc, TP Hà Nội",0,0,444.7,1.0,5.0,0,0.0,1,0,0,VALID,0.0999999999999659,0.0999999999999659,444.7,0.04472135945848828,5.0,1,Stopped,0.0,0,0,,444.7,444.7,444.9,0.0
92H-07095,2026-08-07 12:58:00,444.6,0.0,"Xã Thượng Phúc, TP Hà Nội",0,0,444.6,1.0,5.0,0,0.0,1,0,0,VALID,-0.0999999999999659,-0.0999999999999659,444.7,0.05477225567648172,5.0,1,Stopped,0.0,0,0,,444.6,444.7,444.9,0.0
92H-07095,2026-08-07 12:59:00,444.6,0.0,"Xã Thượng Phúc, TP Hà Nội",0,0,444.6,1.0,5.0,0,0.0,1,0,0,VALID,0.0,0.0,444.6,0.05477225567717316,5.0,1,Stopped,0.0,0,0,,444.6,444.6,444.9,0.0
92H-07095,2026-08-07 13:00:00,444.5,0.0,"Xã Thượng Phúc, TP Hà Nội",0,0,444.5,1.0,5.0,0,0.0,1,0,0,VALID,-0.1000000000000227,-0.1000000000000227,444.6,0.07071067806293835,5.0,1,Stopped,0.0,0,0,,444.5,444.6,444.8,0.0
92H-07095,2026-08-07 13:02:00,444.5,0.0,"Xã Thượng Phúc, TP Hà Nội",0,0,444.5,2.0,5.0,0,0.0,1,0,0,VALID,0.0,0.0,444.6,0.08366600260678773,5.0,1,Stopped,0.0,0,0,,444.5,444.5,444.8,0.0
92H-07095,2026-08-07 13:03:00,444.5,0.0,"Xã Thượng Phúc, TP Hà Nội",0,0,444.5,1.0,5.0,0,0.0,1,0,0,VALID,0.0,0.0,444.5,0.05477225568076463,5.0,1,Stopped,0.0,0,0,,444.5,444.5,444.8,0.0
92H-07095,2026-08-07 13:04:00,444.5,0.0,"Xã Thượng Phúc, TP Hà Nội",0,0,444.5,1.0,5.0,0,0.0,1,0,0,VALID,0.0,0.0,444.5,0.04472135946546319,5.0,1,Stopped,0.0,0,0,,444.5,444.5,444.7,0.0
92H-07095,2026-08-07 13:05:00,444.5,0.0,"Xã Thượng Phúc, TP Hà Nội",0,0,444.5,1.0,5.0,0,0.0,1,0,0,VALID,0.0,0.0,444.5,0.0,5.0,1,Stopped,0.0,0,0,,444.5,444.5,444.7,0.0
92H-07095,2026-08-07 13:06:00,444.3,0.0,"Xã Thượng Phúc, TP Hà Nội",0,0,444.3,1.0,5.0,0,0.0,1,0,0,VALID,-0.1999999999999886,-0.1999999999999886,444.5,0.08944271905908309,5.0,1,Stopped,0.0,0,0,,444.3,444.4,444.7,0.0
92H-07095,2026-08-07 13:07:00,444.5,0.0,"Xã Thượng Phúc, TP Hà Nội",0,0,444.5,1.0,5.0,0,0.0,1,0,0,VALID,0.1999999999999886,0.1999999999999886,444.5,0.08944271905908309,5.0,1,Stopped,0.0,0,0,,444.5,444.5,444.7,0.0
92H-07095,2026-08-07 13:08:00,444.3,0.0,"Xã Thượng Phúc, TP Hà Nội",0,0,444.3,1.0,5.0,0,0.0,1,0,0,VALID,-0.1999999999999886,-0.1999999999999886,444.5,0.10954451146836763,5.0,1,Stopped,0.0,0,0,,444.3,444.4,444.6,0.0
92H-07095,2026-08-07 13:09:00,444.3,0.0,"Xã Thượng Phúc, TP Hà Nội",0,0,444.3,1.0,5.0,0,0.0,1,0,0,VALID,0.0,0.0,444.3,0.10954451146910578,5.0,1,Stopped,0.0,0,0,,444.3,444.4,444.6,0.0
92H-07095,2026-08-07 13:10:00,444.2,0.0,"Xã Thượng Phúc, TP Hà Nội",0,0,444.2,1.0,5.0,0,0.0,1,0,0,VALID,-0.1000000000000227,-0.1000000000000227,444.3,0.1095445114702383,5.0,1,Stopped,0.0,0,0,,444.2,444.3,444.6,0.0
92H-07095,2026-08-07 13:12:00,444.0,0.0,"Xã Thượng Phúc, TP Hà Nội",0,0,444.0,2.0,5.0,0,0.0,1,0,0,VALID,-0.1999999999999886,-0.0999999999999943,444.3,0.18165902122795427,5.0,1,Stopped,0.0,0,0,,444.6,444.4,444.6,0.0
92H-07095,2026-08-07 13:13:00,444.2,0.0,"Xã Thượng Phúc, TP Hà Nội",0,0,444.2,1.0,5.0,0,0.0,1,0,0,VALID,0.1999999999999886,0.1999999999999886,444.2,0.12247448711361641,5.0,1,Stopped,0.0,0,0,,444.2,444.3,444.5,0.0
92H-07095,2026-08-07 13:14:00,444.0,0.0,"Xã Thượng Phúc, TP Hà Nội",0,0,444.0,1.0,5.0,0,0.0,1,0,0,VALID,-0.1999999999999886,-0.1999999999999886,444.2,0.13416407862758534,5.0,1,Stopped,0.0,0,0,,444.6,444.4,444.5,0.0
92H-07095,2026-08-07 13:15:00,444.2,0.0,"Xã Thượng Phúc, TP Hà Nội",0,0,444.2,1.0,5.0,0,0.0,1,0,0,VALID,0.1999999999999886,0.1999999999999886,444.2,0.10954451147396278,5.0,1,Stopped,0.0,0,0,,444.2,444.3,444.5,0.0
92H-07095,2026-08-07 13:16:00,444.0,0.0,"Xã Thượng Phúc, TP Hà Nội",0,0,444.0,1.0,5.0,0,0.0,1,0,0,VALID,-0.1999999999999886,-0.1999999999999886,444.0,0.1095445114747178,5.0,1,Stopped,0.0,0,0,,444.0,444.2,444.4,0.0
92H-07095,2026-08-07 13:18:00,444.0,0.0,"Xã Thượng Phúc, TP Hà Nội",0,0,444.0,2.0,5.0,0,0.0,1,0,0,VALID,0.0,0.0,444.0,0.1095445114747178,5.0,1,Stopped,0.0,0,0,,444.0,444.1,444.4,0.0
92H-07095,2026-08-07 13:20:00,444.0,0.0,"Xã Thượng Phúc, TP Hà Nội",0,0,444.0,2.0,5.0,0,0.0,1,0,0,VALID,0.0,0.0,444.0,0.08944271906868519,5.0,1,Stopped,0.0,0,0,,444.0,444.1,444.4,0.0
92H-07095,2026-08-07 13:22:00,444.0,0.0,"Xã Thượng Phúc, TP Hà Nội",0,0,444.0,2.0,5.0,0,0.0,1,0,0,VALID,0.0,0.0,444.0,0.08944271906868519,5.0,1,Stopped,0.0,0,0,,444.0,444.0,444.3,0.0
92H-07095,2026-08-07 13:24:00,443.9,0.0,"Xã Thượng Phúc, TP Hà Nội",0,0,443.9,2.0,5.0,0,0.0,1,0,0,VALID,-0.1000000000000227,-0.0500000000000113,444.0,0.04472135949021554,5.0,1,Stopped,0.0,0,0,,443.9,444.0,444.3,0.0
92H-07095,2026-08-07 13:26:00,443.9,0.0,"Xã Thượng Phúc, TP Hà Nội",0,0,443.9,2.0,5.0,0,0.0,1,0,0,VALID,0.0,0.0,444.0,0.054772255702464745,5.0,1,Stopped,0.0,0,0,,443.9,444.0,444.2,0.0
92H-07095,2026-08-07 13:28:00,443.9,0.0,"Xã Thượng Phúc, TP Hà Nội",0,0,443.9,2.0,5.0,0,0.0,1,0,0,VALID,0.0,0.0,443.9,0.05477225570321456,5.0,1,Stopped,0.0,0,0,,443.9,443.9,444.2,0.0
92H-07095,2026-08-07 13:30:00,443.9,0.0,"Xã Thượng Phúc, TP Hà Nội",0,0,443.9,2.0,5.0,0,0.0,1,0,0,VALID,0.0,0.0,443.9,0.04472135949298723,5.0,1,Stopped,0.0,0,0,,443.9,443.9,444.2,0.0
92H-07095,2026-08-07 13:32:00,443.9,0.0,"Xã Thượng Phúc, TP Hà Nội",0,0,443.9,2.0,5.0,0,0.0,1,0,0,VALID,0.0,0.0,443.9,0.0,5.0,1,Stopped,0.0,0,0,,443.9,443.9,444.2,0.0
92H-07095,2026-08-07 13:34:00,443.9,0.0,"Xã Thượng Phúc, TP Hà Nội",0,0,443.9,2.0,5.0,0,0.0,1,0,0,VALID,0.0,0.0,443.9,0.0,5.0,1,Stopped,0.0,0,0,,443.9,443.9,444.1,0.0
92H-07095,2026-08-07 13:36:00,443.9,0.0,"Xã Thượng Phúc, TP Hà Nội",0,0,443.9,2.0,6.0,0,0.0,1,0,0,VALID,0.0,0.0,443.9,0.0,5.0,1,Stopped,0.0,0,0,,443.9,443.9,444.1,0.0
92H-07095,2026-08-07 13:38:00,443.9,0.0,"Xã Thượng Phúc, TP Hà Nội",0,0,443.9,2.0,6.0,0,0.0,1,0,0,VALID,0.0,0.0,443.9,0.0,5.0,1,Stopped,0.0,0,0,,443.9,443.9,444.1,0.0
92H-07095,2026-08-07 13:40:00,443.9,0.0,"Xã Thượng Phúc, TP Hà Nội",0,0,443.9,2.0,6.0,0,0.0,1,0,0,VALID,0.0,0.0,443.9,0.0,5.0,1,Stopped,0.0,0,0,,443.9,443.9,444.1,0.0
92H-07095,2026-08-07 13:42:00,443.9,0.0,"Xã Thượng Phúc, TP Hà Nội",0,0,443.9,2.0,6.0,0,0.0,1,0,0,VALID,0.0,0.0,443.9,0.0,5.0,1,Stopped,0.0,0,0,,443.9,443.9,444.0,0.0
92H-07095,2026-08-07 13:44:00,443.9,0.0,"Xã Thượng Phúc, TP Hà Nội",0,0,443.9,2.0,6.0,0,0.0,1,0,0,VALID,0.0,0.0,443.9,0.0,5.0,1,Stopped,0.0,0,0,,443.9,443.9,444.0,0.0
92H-07095,2026-08-07 13:46:00,443.9,0.0,"Xã Thượng Phúc, TP Hà Nội",0,0,443.9,2.0,6.0,0,0.0,1,0,0,VALID,0.0,0.0,443.9,0.0,5.0,1,Stopped,0.0,0,0,,443.9,443.9,444.0,0.0
92H-07095,2026-08-07 13:48:00,443.9,0.0,"Xã Thượng Phúc, TP Hà Nội",0,0,443.9,2.0,6.0,0,0.0,1,0,0,VALID,0.0,0.0,443.9,0.0,5.0,1,Stopped,0.0,0,0,,443.9,443.9,444.0,0.0
92H-07095,2026-08-07 13:50:00,443.9,0.0,"Xã Thượng Phúc, TP Hà Nội",0,0,443.9,2.0,6.0,0,0.0,1,0,0,VALID,0.0,0.0,443.9,0.0,5.0,1,Stopped,0.0,0,0,,443.9,443.9,444.0,0.0
92H-07095,2026-08-07 13:52:00,443.9,0.0,"Xã Thượng Phúc, TP Hà Nội",0,0,443.9,2.0,6.0,0,0.0,1,0,0,VALID,0.0,0.0,443.9,0.0,5.0,1,Stopped,0.0,0,0,,443.9,443.9,444.0,0.0
92H-07095,2026-08-07 13:54:00,443.9,0.0,"Xã Thượng Phúc, TP Hà Nội",0,0,443.9,2.0,6.0,0,0.0,1,0,0,VALID,0.0,0.0,443.9,0.0,5.0,1,Stopped,0.0,0,0,,443.9,443.9,444.0,0.0
92H-07095,2026-08-07 13:56:00,443.9,0.0,"Xã Thượng Phúc, TP Hà Nội",0,0,443.9,2.0,6.0,0,0.0,1,0,0,VALID,0.0,0.0,443.9,0.0,5.0,1,Stopped,0.0,0,0,,443.9,443.9,444.0,0.0
92H-07095,2026-08-07 13:58:00,443.9,0.0,"Xã Thượng Phúc, TP Hà Nội",0,0,443.9,2.0,6.0,0,0.0,1,0,0,VALID,0.0,0.0,443.9,0.0,5.0,1,Stopped,0.0,0,0,,443.9,443.9,444.0,0.0
92H-07095,2026-08-07 14:00:00,443.9,0.0,"Xã Thượng Phúc, TP Hà Nội",0,0,443.9,2.0,6.0,0,0.0,1,0,0,VALID,0.0,0.0,443.9,0.0,5.0,1,Stopped,0.0,0,0,,443.9,443.9,444.0,0.0
92H-07095,2026-08-07 14:02:00,443.9,0.0,"Xã Thượng Phúc, TP Hà Nội",0,0,443.9,2.0,6.0,0,0.0,1,0,0,VALID,0.0,0.0,443.9,0.0,5.0,1,Stopped,0.0,0,0,,443.9,443.9,444.0,0.0
92H-07095,2026-08-07 14:04:00,443.9,0.0,"Xã Thượng Phúc, TP Hà Nội",0,0,443.9,2.0,6.0,0,0.0,1,0,0,VALID,0.0,0.0,443.9,0.0,5.0,1,Stopped,0.0,0,0,,443.9,443.9,443.9,0.0
92H-07095,2026-08-07 14:06:00,443.9,0.0,"Xã Thượng Phúc, TP Hà Nội",0,0,443.9,2.0,6.0,0,0.0,1,0,0,VALID,0.0,0.0,443.9,0.0,5.0,1,Stopped,0.0,0,0,,443.9,443.9,443.9,0.0
92H-07095,2026-08-07 14:08:00,443.9,0.0,"Xã Thượng Phúc, TP Hà Nội",0,0,443.9,2.0,6.0,0,0.0,1,0,0,VALID,0.0,0.0,443.9,0.0,5.0,1,Stopped,0.0,0,0,,443.9,443.9,443.9,0.0
92H-07095,2026-08-07 14:10:00,443.9,0.0,"Xã Thượng Phúc, TP Hà Nội",0,0,443.9,2.0,6.0,0,0.0,1,0,0,VALID,0.0,0.0,443.9,0.0,5.0,1,Stopped,0.0,0,0,,443.9,443.9,443.9,0.0
92H-07095,2026-08-07 14:12:00,443.9,0.0,"Xã Thượng Phúc, TP Hà Nội",0,0,443.9,2.0,6.0,0,0.0,1,0,0,VALID,0.0,0.0,443.9,0.0,5.0,1,Stopped,0.0,0,0,,443.9,443.9,443.9,0.0
92H-07095,2026-08-07 14:14:00,443.9,0.0,"Xã Thượng Phúc, TP Hà Nội",0,0,443.9,2.0,6.0,0,0.0,1,0,0,VALID,0.0,0.0,443.9,0.0,5.0,1,Stopped,0.0,0,0,,443.9,443.9,443.9,0.0
92H-07095,2026-08-07 14:16:00,443.9,0.0,"Xã Thượng Phúc, TP Hà Nội",0,0,443.9,2.0,6.0,0,0.0,1,0,0,VALID,0.0,0.0,443.9,0.0,5.0,1,Stopped,0.0,0,0,,443.9,443.9,443.9,0.0
92H-07095,2026-08-07 14:18:00,443.9,0.0,"Xã Thượng Phúc, TP Hà Nội",0,0,443.9,2.0,6.0,0,0.0,1,0,0,VALID,0.0,0.0,443.9,0.0,5.0,1,Stopped,0.0,0,0,,443.9,443.9,443.9,0.0
92H-07095,2026-08-07 14:20:00,443.9,0.0,"Xã Thượng Phúc, TP Hà Nội",0,0,443.9,2.0,6.0,0,0.0,1,0,0,VALID,0.0,0.0,443.9,0.0,5.0,1,Stopped,0.0,0,0,,443.9,443.9,443.9,0.0
92H-07095,2026-08-07 14:22:00,443.9,0.0,"Xã Thượng Phúc, TP Hà Nội",0,0,443.9,2.0,6.0,0,0.0,1,0,0,VALID,0.0,0.0,443.9,0.0,5.0,1,Stopped,0.0,0,0,,443.9,443.9,443.9,0.0
92H-07095,2026-08-07 14:24:00,443.9,0.0,"Xã Thượng Phúc, TP Hà Nội",0,0,443.9,2.0,6.0,0,0.0,1,0,0,VALID,0.0,0.0,443.9,0.0,5.0,1,Stopped,0.0,0,0,,443.9,443.9,443.9,0.0
92H-07095,2026-08-07 14:26:00,443.9,0.0,"Xã Thượng Phúc, TP Hà Nội",0,0,443.9,2.0,6.0,0,0.0,1,0,0,VALID,0.0,0.0,443.9,0.0,5.0,1,Stopped,0.0,0,0,,443.9,443.9,443.9,0.0
92H-07095,2026-08-07 14:28:00,443.9,0.0,"Xã Thượng Phúc, TP Hà Nội",0,0,443.9,2.0,6.0,0,0.0,1,0,0,VALID,0.0,0.0,443.9,0.0,5.0,1,Stopped,0.0,0,0,,443.9,443.9,443.9,0.0
92H-07095,2026-08-07 14:31:00,443.9,0.0,"Xã Thượng Phúc, TP Hà Nội",0,0,443.9,3.0,6.0,0,0.0,1,0,0,VALID,0.0,0.0,443.9,0.0,5.0,1,Stopped,0.0,0,0,,443.9,443.9,443.9,0.0
92H-07095,2026-08-07 14:33:00,443.9,0.0,"Xã Thượng Phúc, TP Hà Nội",0,0,443.9,2.0,6.0,0,0.0,1,0,0,VALID,0.0,0.0,443.9,0.0,5.0,1,Stopped,0.0,0,0,,443.9,443.9,443.9,0.0
92H-07095,2026-08-07 14:35:00,443.9,0.0,"Xã Thượng Phúc, TP Hà Nội",0,0,443.9,2.0,6.0,0,0.0,1,0,0,VALID,0.0,0.0,443.9,0.0,5.0,1,Stopped,0.0,0,0,,443.9,443.9,443.9,0.0
92H-07095,2026-08-07 14:37:00,443.9,0.0,"Xã Thượng Phúc, TP Hà Nội",0,0,443.9,2.0,6.0,0,0.0,1,0,0,VALID,0.0,0.0,443.9,0.0,5.0,1,Stopped,0.0,0,0,,443.9,443.9,443.9,0.0
92H-07095,2026-08-07 14:39:00,443.9,0.0,"Xã Thượng Phúc, TP Hà Nội",0,0,443.9,2.0,6.0,0,0.0,1,0,0,VALID,0.0,0.0,443.9,0.0,5.0,1,Stopped,0.0,0,0,,443.9,443.9,443.9,0.0
92H-07095,2026-08-07 14:41:00,443.9,0.0,"Xã Thượng Phúc, TP Hà Nội",0,0,443.9,2.0,6.0,0,0.0,1,0,0,VALID,0.0,0.0,443.9,0.0,5.0,1,Stopped,0.0,0,0,,443.9,443.9,443.9,0.0
92H-07095,2026-08-07 14:43:00,443.9,0.0,"Xã Thượng Phúc, TP Hà Nội",0,0,443.9,2.0,6.0,0,0.0,1,0,0,VALID,0.0,0.0,443.9,0.0,5.0,1,Stopped,0.0,0,0,,443.9,443.9,443.9,0.0
92H-07095,2026-08-07 14:45:00,443.9,0.0,"Xã Thượng Phúc, TP Hà Nội",0,0,443.9,2.0,6.0,0,0.0,1,0,0,VALID,0.0,0.0,443.9,0.0,5.0,1,Stopped,0.0,0,0,,443.9,443.9,443.9,0.0
92H-07095,2026-08-07 14:47:00,443.9,0.0,"Xã Thượng Phúc, TP Hà Nội",0,0,443.9,2.0,6.0,0,0.0,1,0,0,VALID,0.0,0.0,443.9,0.0,5.0,1,Stopped,0.0,0,0,,443.9,443.9,443.9,0.0
92H-07095,2026-08-07 14:49:00,443.9,0.0,"Xã Thượng Phúc, TP Hà Nội",0,0,443.9,2.0,6.0,0,0.0,1,0,0,VALID,0.0,0.0,443.9,0.0,5.0,1,Stopped,0.0,0,0,,443.9,443.9,443.9,0.0
92H-07095,2026-08-07 14:51:00,443.9,0.0,"Xã Thượng Phúc, TP Hà Nội",0,0,443.9,2.0,6.0,0,0.0,1,0,0,VALID,0.0,0.0,443.9,0.0,5.0,1,Stopped,0.0,0,0,,443.9,443.9,443.9,0.0
92H-07095,2026-08-07 14:53:00,443.9,0.0,"Xã Thượng Phúc, TP Hà Nội",0,0,443.9,2.0,6.0,0,0.0,1,0,0,VALID,0.0,0.0,443.9,0.0,5.0,1,Stopped,0.0,0,0,,443.9,443.9,443.9,0.0
92H-07095,2026-08-07 14:55:00,443.9,0.0,"Xã Thượng Phúc, TP Hà Nội",0,0,443.9,2.0,6.0,0,0.0,1,0,0,VALID,0.0,0.0,443.9,0.0,5.0,1,Stopped,0.0,0,0,,443.9,443.9,443.9,0.0
92H-07095,2026-08-07 14:57:00,443.9,0.0,"Xã Thượng Phúc, TP Hà Nội",0,0,443.9,2.0,6.0,0,0.0,1,0,0,VALID,0.0,0.0,443.9,0.0,5.0,1,Stopped,0.0,0,0,,443.9,443.9,443.9,0.0
92H-07095,2026-08-07 14:59:00,443.9,0.0,"Xã Thượng Phúc, TP Hà Nội",0,0,443.9,2.0,6.0,0,0.0,1,0,0,VALID,0.0,0.0,443.9,0.0,5.0,1,Stopped,0.0,0,0,,443.9,443.9,443.9,0.0
92H-07095,2026-08-07 15:01:00,443.9,0.0,"Xã Thượng Phúc, TP Hà Nội",0,0,443.9,2.0,6.0,0,0.0,1,0,0,VALID,0.0,0.0,443.9,0.0,5.0,1,Stopped,0.0,0,0,,443.9,443.9,443.9,0.0
92H-07095,2026-08-07 15:03:00,443.9,0.0,"Xã Thượng Phúc, TP Hà Nội",0,0,443.9,2.0,6.0,0,0.0,1,0,0,VALID,0.0,0.0,443.9,0.0,5.0,1,Stopped,0.0,0,0,,443.9,443.9,443.9,0.0
92H-07095,2026-08-07 15:05:00,443.9,0.0,"Xã Thượng Phúc, TP Hà Nội",0,0,443.9,2.0,6.0,0,0.0,1,0,0,VALID,0.0,0.0,443.9,0.0,5.0,1,Stopped,0.0,0,0,,443.9,443.9,443.9,0.0
92H-07095,2026-08-07 15:07:00,443.9,0.0,"Xã Thượng Phúc, TP Hà Nội",0,0,443.9,2.0,6.0,0,0.0,1,0,0,VALID,0.0,0.0,443.9,0.0,5.0,1,Stopped,0.0,0,0,,443.9,443.9,443.9,0.0
92H-07095,2026-08-07 15:09:00,443.9,0.0,"Xã Thượng Phúc, TP Hà Nội",0,0,443.9,2.0,6.0,0,0.0,1,0,0,VALID,0.0,0.0,443.9,0.0,5.0,1,Stopped,0.0,0,0,,443.9,443.9,443.9,0.0
92H-07095,2026-08-07 15:11:00,443.9,0.0,"Xã Thượng Phúc, TP Hà Nội",0,0,443.9,2.0,6.0,0,0.0,1,0,0,VALID,0.0,0.0,443.9,0.0,5.0,1,Stopped,0.0,0,0,,443.9,443.9,443.9,0.0
92H-07095,2026-08-07 15:13:00,443.9,0.0,"Xã Thượng Phúc, TP Hà Nội",0,0,443.9,2.0,6.0,0,0.0,1,0,0,VALID,0.0,0.0,443.9,0.0,5.0,1,Stopped,0.0,0,0,,443.9,443.9,443.9,0.0
92H-07095,2026-08-07 15:15:00,443.9,0.0,"Xã Thượng Phúc, TP Hà Nội",0,0,443.9,2.0,6.0,0,0.0,1,0,0,VALID,0.0,0.0,443.9,0.0,5.0,1,Stopped,0.0,0,0,,443.9,443.9,443.9,0.0
92H-07095,2026-08-07 15:17:00,443.9,0.0,"Xã Thượng Phúc, TP Hà Nội",0,0,443.9,2.0,6.0,0,0.0,1,0,0,VALID,0.0,0.0,443.9,0.0,5.0,1,Stopped,0.0,0,0,,443.9,443.9,443.9,0.0
92H-07095,2026-08-07 15:20:00,443.9,0.0,"Xã Thượng Phúc, TP Hà Nội",0,0,443.9,3.0,6.0,0,0.0,1,0,0,VALID,0.0,0.0,443.9,0.0,5.0,1,Stopped,0.0,0,0,,443.9,443.9,443.9,0.0
92H-07095,2026-08-07 15:22:00,443.9,0.0,"Xã Thượng Phúc, TP Hà Nội",0,0,443.9,2.0,6.0,0,0.0,1,0,0,VALID,0.0,0.0,443.9,0.0,5.0,1,Stopped,0.0,0,0,,443.9,443.9,443.9,0.0
92H-07095,2026-08-07 15:24:00,443.9,0.0,"Xã Thượng Phúc, TP Hà Nội",0,0,443.9,2.0,6.0,0,0.0,1,0,0,VALID,0.0,0.0,443.9,0.0,5.0,1,Stopped,0.0,0,0,,443.9,443.9,443.9,0.0
92H-07095,2026-08-07 15:26:00,443.9,0.0,"Xã Thượng Phúc, TP Hà Nội",0,0,443.9,2.0,6.0,0,0.0,1,0,0,VALID,0.0,0.0,443.9,0.0,5.0,1,Stopped,0.0,0,0,,443.9,443.9,443.9,0.0
92H-07095,2026-08-07 15:28:00,443.9,0.0,"Xã Thượng Phúc, TP Hà Nội",0,0,443.9,2.0,6.0,0,0.0,1,0,0,VALID,0.0,0.0,443.9,0.0,5.0,1,Stopped,0.0,0,0,,443.9,443.9,443.9,0.0
92H-07095,2026-08-07 15:30:00,443.9,0.0,"Xã Thượng Phúc, TP Hà Nội",0,0,443.9,2.0,6.0,0,0.0,1,0,0,VALID,0.0,0.0,443.9,0.0,5.0,1,Stopped,0.0,0,0,,443.9,443.9,443.9,0.0
92H-07095,2026-08-07 15:33:00,443.9,0.0,"Xã Thượng Phúc, TP Hà Nội",0,0,443.9,3.0,6.0,0,0.0,1,0,0,VALID,0.0,0.0,443.9,0.0,5.0,1,Stopped,0.0,0,0,,443.9,443.9,443.9,0.0
92H-07095,2026-08-07 15:35:00,444.0,0.0,"Xã Thượng Phúc, TP Hà Nội",0,0,444.0,2.0,6.0,0,0.0,1,0,0,VALID,0.1000000000000227,0.0500000000000113,443.9,0.044721359492958634,5.0,1,Stopped,0.0,0,0,,444.0,443.9,443.9,0.0
92H-07095,2026-08-07 15:37:00,444.0,0.0,"Xã Thượng Phúc, TP Hà Nội",0,0,444.0,2.0,6.0,0,0.0,1,0,0,VALID,0.0,0.0,443.9,0.054772255703147754,5.0,1,Stopped,0.0,0,0,,444.0,444.0,443.9,0.0
92H-07095,2026-08-07 15:39:00,444.0,0.0,"Xã Thượng Phúc, TP Hà Nội",0,0,444.0,2.0,6.0,0,0.0,1,0,0,VALID,0.0,0.0,444.0,0.05477225570234085,5.0,1,Stopped,0.0,0,0,,444.0,444.0,443.9,0.0
92H-07095,2026-08-07 15:41:00,444.0,0.0,"Xã Thượng Phúc, TP Hà Nội",0,0,444.0,2.0,6.0,0,0.0,1,0,0,VALID,0.0,0.0,444.0,0.04472135949001056,5.0,1,Stopped,0.0,0,0,,444.0,444.0,443.9,0.0
92H-07095,2026-08-07 15:43:00,444.0,0.0,"Xã Thượng Phúc, TP Hà Nội",0,0,444.0,2.0,6.0,0,0.0,1,0,0,VALID,0.0,0.0,444.0,0.0,5.0,1,Stopped,0.0,0,0,,444.0,444.0,443.9,0.0
92H-07095,2026-08-07 15:45:00,444.0,0.0,"Xã Thượng Phúc, TP Hà Nội",0,0,444.0,2.0,6.0,0,0.0,1,0,0,VALID,0.0,0.0,444.0,0.0,5.0,1,Stopped,0.0,0,0,,444.0,444.0,443.9,0.0
92H-07095,2026-08-07 15:47:00,444.0,0.0,"Xã Thượng Phúc, TP Hà Nội",0,0,444.0,2.0,6.0,0,0.0,1,0,0,VALID,0.0,0.0,444.0,0.0,5.0,1,Stopped,0.0,0,0,,444.0,444.0,444.0,0.0
92H-07095,2026-08-07 15:49:00,444.0,0.0,"Xã Thượng Phúc, TP Hà Nội",0,0,444.0,2.0,6.0,0,0.0,1,0,0,VALID,0.0,0.0,444.0,0.0,5.0,1,Stopped,0.0,0,0,,444.0,444.0,444.0,0.0
92H-07095,2026-08-07 15:51:00,444.0,0.0,"Xã Thượng Phúc, TP Hà Nội",0,0,444.0,2.0,6.0,0,0.0,1,0,0,VALID,0.0,0.0,444.0,0.0,5.0,1,Stopped,0.0,0,0,,444.0,444.0,444.0,0.0
92H-07095,2026-08-07 15:53:00,444.0,0.0,"Xã Thượng Phúc, TP Hà Nội",0,0,444.0,2.0,6.0,0,0.0,1,0,0,VALID,0.0,0.0,444.0,0.0,5.0,1,Stopped,0.0,0,0,,444.0,444.0,444.0,0.0
92H-07095,2026-08-07 15:54:00,444.0,0.0,"Xã Thượng Phúc, TP Hà Nội",0,0,444.0,1.0,6.0,0,0.0,1,0,0,VALID,0.0,0.0,444.0,0.0,5.0,1,Stopped,0.0,0,0,,444.0,444.0,444.0,0.0
92H-07095,2026-08-07 15:56:00,444.0,0.0,"Xã Thượng Phúc, TP Hà Nội",0,0,444.0,2.0,6.0,0,0.0,1,0,0,VALID,0.0,0.0,444.0,0.0,5.0,1,Stopped,0.0,0,0,,444.0,444.0,444.0,0.0
92H-07095,2026-08-07 15:58:00,444.0,0.0,"Xã Thượng Phúc, TP Hà Nội",0,0,444.0,2.0,6.0,0,0.0,1,0,0,VALID,0.0,0.0,444.0,0.0,5.0,1,Stopped,0.0,0,0,,444.0,444.0,444.0,0.0
92H-07095,2026-08-07 16:00:00,444.0,0.0,"Xã Thượng Phúc, TP Hà Nội",0,0,444.0,2.0,6.0,0,0.0,1,0,0,VALID,0.0,0.0,444.0,0.0,5.0,1,Stopped,0.0,0,0,,444.0,444.0,444.0,0.0
92H-07095,2026-08-07 16:02:00,444.0,0.0,"Xã Thượng Phúc, TP Hà Nội",0,0,444.0,2.0,6.0,0,0.0,1,0,0,VALID,0.0,0.0,444.0,0.0,5.0,1,Stopped,0.0,0,0,,444.0,444.0,444.0,0.0
92H-07095,2026-08-07 16:04:00,443.9,0.0,"Xã Thượng Phúc, TP Hà Nội",0,0,443.9,2.0,6.0,0,0.0,1,0,0,VALID,-0.1000000000000227,-0.0500000000000113,444.0,0.04472135949001056,5.0,1,Stopped,0.0,0,0,,443.9,444.0,444.0,0.0
92H-07095,2026-08-07 16:06:00,443.9,0.0,"Xã Thượng Phúc, TP Hà Nội",0,0,443.9,2.0,6.0,0,0.0,1,0,0,VALID,0.0,0.0,444.0,0.05477225570234085,5.0,1,Stopped,0.0,0,0,,443.9,443.9,444.0,0.0
92H-07095,2026-08-07 16:08:00,443.7,0.0,"Xã Thượng Phúc, TP Hà Nội",0,0,443.7,2.0,6.0,0,0.0,1,0,0,VALID,-0.1999999999999886,-0.0999999999999943,443.9,0.12247448711869222,5.0,1,Stopped,0.0,0,0,,443.7,443.8,443.9,0.0
92H-07095,2026-08-07 16:10:00,443.6,0.0,"Xã Thượng Phúc, TP Hà Nội",0,0,443.6,2.0,6.0,0,0.0,1,0,0,VALID,-0.0999999999999659,-0.0499999999999829,443.9,0.16431676723734473,5.0,1,Stopped,0.0,0,0,,443.6,443.7,443.9,0.0
92H-07095,2026-08-07 16:12:00,443.6,0.0,"Xã Thượng Phúc, TP Hà Nội",0,0,443.6,2.0,6.0,0,0.0,1,0,0,VALID,0.0,0.0,443.7,0.151657508866794,5.0,1,Stopped,0.0,0,0,,443.6,443.7,443.9,0.0
92H-07095,2026-08-07 16:14:00,443.4,0.0,"Xã Thượng Phúc, TP Hà Nội",0,0,443.4,2.0,6.0,0,0.0,1,0,0,VALID,-0.2000000000000454,-0.1000000000000227,443.6,0.1816590212351896,5.0,1,Stopped,0.0,0,0,,443.4,443.6,443.8,0.0
92H-07095,2026-08-07 16:16:00,443.4,0.0,"Xã Thượng Phúc, TP Hà Nội",0,0,443.4,2.0,6.0,0,0.0,1,0,0,VALID,0.0,0.0,443.6,0.1341640786372149,5.0,1,Stopped,0.0,0,0,,443.4,443.5,443.8,0.0
92H-07095,2026-08-07 16:18:00,443.4,0.0,"Xã Thượng Phúc, TP Hà Nội",0,0,443.4,2.0,6.0,0,0.0,1,0,0,VALID,0.0,0.0,443.4,0.10954451148661665,5.0,1,Stopped,0.0,0,0,,443.4,443.5,443.7,0.0
92H-07095,2026-08-07 16:20:00,443.3,0.0,"Xã Thượng Phúc, TP Hà Nội",0,0,443.3,2.0,6.0,0,0.0,1,0,0,VALID,-0.0999999999999659,-0.0499999999999829,443.4,0.10954451148781921,5.0,1,Stopped,0.0,0,0,,443.3,443.4,443.7,0.0
92H-07095,2026-08-07 16:22:00,443.3,0.0,"Xã Thượng Phúc, TP Hà Nội",0,0,443.3,2.0,6.0,0,0.0,1,0,0,VALID,0.0,0.0,443.4,0.05477225572649527,5.0,1,Stopped,0.0,0,0,,443.3,443.4,443.7,0.0
92H-07095,2026-08-07 16:24:00,443.1,0.0,"Xã Thượng Phúc, TP Hà Nội",0,0,443.1,2.0,6.0,0,0.0,1,0,0,VALID,-0.1999999999999886,-0.0999999999999943,443.3,0.12247448712949963,5.0,1,Stopped,0.0,0,0,,443.7,443.5,443.7,0.0
92H-07095,2026-08-07 16:26:00,443.1,0.0,"Xã Thượng Phúc, TP Hà Nội",0,0,443.1,2.0,6.0,0,0.0,1,0,0,VALID,0.0,0.0,443.3,0.13416407864217575,5.0,1,Stopped,0.0,0,0,,443.1,443.3,443.6,0.0
92H-07095,2026-08-07 16:29:00,443.0,0.0,"Xã Thượng Phúc, TP Hà Nội",0,0,443.0,3.0,6.0,0,0.0,1,0,0,VALID,-0.1000000000000227,-0.0333333333333409,443.1,0.1341640786435591,5.0,1,Stopped,0.0,0,0,,443.0,443.2,443.5,0.0
92H-07095,2026-08-07 16:31:00,443.0,0.0,"Xã Thượng Phúc, TP Hà Nội",0,0,443.0,2.0,6.0,0,0.0,1,0,0,VALID,0.0,0.0,443.1,0.12247448713323465,5.0,1,Stopped,0.0,0,0,,443.0,443.1,443.5,0.0
92H-07095,2026-08-07 16:33:00,443.0,0.0,"Xã Thượng Phúc, TP Hà Nội",0,0,443.0,2.0,6.0,0,0.0,1,0,0,VALID,0.0,0.0,443.0,0.0547722557397702,5.0,1,Stopped,0.0,0,0,,443.0,443.1,443.4,0.0
92H-07095,2026-08-07 16:35:00,443.0,0.0,"Xã Thượng Phúc, TP Hà Nội",0,0,443.0,2.0,6.0,0,0.0,1,0,0,VALID,0.0,0.0,443.0,0.04472135953785707,5.0,1,Stopped,0.0,0,0,,443.0,443.0,443.4,0.0
92H-07095,2026-08-07 16:37:00,443.0,0.0,"Xã Thượng Phúc, TP Hà Nội",0,0,443.0,2.0,6.0,0,0.0,1,0,0,VALID,0.0,0.0,443.0,0.0,5.0,1,Stopped,0.0,0,0,,443.0,443.0,443.4,0.0
92H-07095,2026-08-07 16:39:00,443.0,0.0,"Xã Thượng Phúc, TP Hà Nội",0,0,443.0,2.0,6.0,0,0.0,1,0,0,VALID,0.0,0.0,443.0,0.0,5.0,1,Stopped,0.0,0,0,,443.0,443.0,443.3,0.0
92H-07095,2026-08-07 16:41:00,443.0,0.0,"Xã Thượng Phúc, TP Hà Nội",0,0,443.0,2.0,6.0,0,0.0,1,0,0,VALID,0.0,0.0,443.0,0.0,5.0,1,Stopped,0.0,0,0,,443.0,443.0,443.3,0.0
92H-07095,2026-08-07 16:43:00,443.0,0.0,"Xã Thượng Phúc, TP Hà Nội",0,0,443.0,2.0,6.0,0,0.0,1,0,0,VALID,0.0,0.0,443.0,0.0,5.0,1,Stopped,0.0,0,0,,443.0,443.0,443.3,0.0
92H-07095,2026-08-07 16:45:00,443.0,0.0,"Xã Thượng Phúc, TP Hà Nội",0,0,443.0,2.0,6.0,0,0.0,1,0,0,VALID,0.0,0.0,443.0,0.0,5.0,1,Stopped,0.0,0,0,,443.0,443.0,443.2,0.0
92H-07095,2026-08-07 16:47:00,443.0,0.0,"Xã Thượng Phúc, TP Hà Nội",0,0,443.0,2.0,6.0,0,0.0,1,0,0,VALID,0.0,0.0,443.0,0.0,5.0,1,Stopped,0.0,0,0,,443.0,443.0,443.2,0.0
92H-07095,2026-08-07 16:49:00,443.0,0.0,"Xã Thượng Phúc, TP Hà Nội",0,0,443.0,2.0,6.0,0,0.0,1,0,0,VALID,0.0,0.0,443.0,0.0,5.0,1,Stopped,0.0,0,0,,443.0,443.0,443.2,0.0
92H-07095,2026-08-07 16:51:00,443.0,0.0,"Xã Thượng Phúc, TP Hà Nội",0,0,443.0,2.0,6.0,0,0.0,1,0,0,VALID,0.0,0.0,443.0,0.0,5.0,1,Stopped,0.0,0,0,,443.0,443.0,443.2,0.0
92H-07095,2026-08-07 16:53:00,443.0,0.0,"Xã Thượng Phúc, TP Hà Nội",0,0,443.0,2.0,6.0,0,0.0,1,0,0,VALID,0.0,0.0,443.0,0.0,5.0,1,Stopped,0.0,0,0,,443.0,443.0,443.2,0.0
92H-07095,2026-08-07 16:55:00,443.0,0.0,"Xã Thượng Phúc, TP Hà Nội",0,0,443.0,2.0,6.0,0,0.0,1,0,0,VALID,0.0,0.0,443.0,0.0,5.0,1,Stopped,0.0,0,0,,443.0,443.0,443.1,0.0
92H-07095,2026-08-07 16:57:00,443.0,0.0,"Xã Thượng Phúc, TP Hà Nội",0,0,443.0,2.0,6.0,0,0.0,1,0,0,VALID,0.0,0.0,443.0,0.0,5.0,1,Stopped,0.0,0,0,,443.0,443.0,443.1,0.0
92H-07095,2026-08-07 16:59:00,443.0,0.0,"Xã Thượng Phúc, TP Hà Nội",0,0,443.0,2.0,6.0,0,0.0,1,0,0,VALID,0.0,0.0,443.0,0.0,5.0,1,Stopped,0.0,0,0,,443.0,443.0,443.1,0.0
92H-07095,2026-08-07 17:01:00,443.0,0.0,"Xã Thượng Phúc, TP Hà Nội",0,0,443.0,2.0,6.0,0,0.0,1,0,0,VALID,0.0,0.0,443.0,0.0,5.0,1,Stopped,0.0,0,0,,443.0,443.0,443.1,0.0
92H-07095,2026-08-07 17:03:00,443.0,0.0,"Xã Thượng Phúc, TP Hà Nội",0,0,443.0,2.0,6.0,0,0.0,1,0,0,VALID,0.0,0.0,443.0,0.0,5.0,1,Stopped,0.0,0,0,,443.0,443.0,443.1,0.0
92H-07095,2026-08-07 17:05:00,443.0,0.0,"Xã Thượng Phúc, TP Hà Nội",0,0,443.0,2.0,6.0,0,0.0,1,0,0,VALID,0.0,0.0,443.0,0.0,5.0,1,Stopped,0.0,0,0,,443.0,443.0,443.1,0.0
92H-07095,2026-08-07 17:07:00,443.0,0.0,"Xã Thượng Phúc, TP Hà Nội",0,0,443.0,2.0,6.0,0,0.0,1,0,0,VALID,0.0,0.0,443.0,0.0,5.0,1,Stopped,0.0,0,0,,443.0,443.0,443.1,0.0
92H-07095,2026-08-07 17:09:00,443.0,0.0,"Xã Thượng Phúc, TP Hà Nội",0,0,443.0,2.0,6.0,0,0.0,1,0,0,VALID,0.0,0.0,443.0,0.0,5.0,1,Stopped,0.0,0,0,,443.0,443.0,443.1,0.0
92H-07095,2026-08-07 17:11:00,443.0,0.0,"Xã Thượng Phúc, TP Hà Nội",0,0,443.0,2.0,6.0,0,0.0,1,0,0,VALID,0.0,0.0,443.0,0.0,5.0,1,Stopped,0.0,0,0,,443.0,443.0,443.1,0.0
92H-07095,2026-08-07 17:13:00,443.0,0.0,"Xã Thượng Phúc, TP Hà Nội",0,0,443.0,2.0,6.0,0,0.0,1,0,0,VALID,0.0,0.0,443.0,0.0,5.0,1,Stopped,0.0,0,0,,443.0,443.0,443.1,0.0
92H-07095,2026-08-07 17:15:00,443.0,0.0,"Xã Thượng Phúc, TP Hà Nội",0,0,443.0,2.0,6.0,0,0.0,1,0,0,VALID,0.0,0.0,443.0,0.0,5.0,1,Stopped,0.0,0,0,,443.0,443.0,443.0,0.0
92H-07095,2026-08-07 17:17:00,443.0,0.0,"Xã Thượng Phúc, TP Hà Nội",0,0,443.0,2.0,6.0,0,0.0,1,0,0,VALID,0.0,0.0,443.0,0.0,5.0,1,Stopped,0.0,0,0,,443.0,443.0,443.0,0.0
92H-07095,2026-08-07 17:19:00,443.0,0.0,"Xã Thượng Phúc, TP Hà Nội",0,0,443.0,2.0,6.0,0,0.0,1,0,0,VALID,0.0,0.0,443.0,0.0,5.0,1,Stopped,0.0,0,0,,443.0,443.0,443.0,0.0
92H-07095,2026-08-07 17:21:00,443.0,0.0,"Xã Thượng Phúc, TP Hà Nội",0,0,443.0,2.0,6.0,0,0.0,1,0,0,VALID,0.0,0.0,443.0,0.0,5.0,1,Stopped,0.0,0,0,,443.0,443.0,443.0,0.0
92H-07095,2026-08-07 17:23:00,443.0,0.0,"Xã Thượng Phúc, TP Hà Nội",0,0,443.0,2.0,6.0,0,0.0,1,0,0,VALID,0.0,0.0,443.0,0.0,5.0,1,Stopped,0.0,0,0,,443.0,443.0,443.0,0.0
92H-07095,2026-08-07 17:25:00,443.0,0.0,"Xã Thượng Phúc, TP Hà Nội",0,0,443.0,2.0,6.0,0,0.0,1,0,0,VALID,0.0,0.0,443.0,0.0,5.0,1,Stopped,0.0,0,0,,443.0,443.0,443.0,0.0
92H-07095,2026-08-07 17:27:00,443.0,0.0,"Xã Thượng Phúc, TP Hà Nội",0,0,443.0,2.0,6.0,0,0.0,1,0,0,VALID,0.0,0.0,443.0,0.0,5.0,1,Stopped,0.0,0,0,,443.0,443.0,443.0,0.0
92H-07095,2026-08-07 17:29:00,443.0,0.0,"Xã Thượng Phúc, TP Hà Nội",0,0,443.0,2.0,6.0,0,0.0,1,0,0,VALID,0.0,0.0,443.0,0.0,5.0,1,Stopped,0.0,0,0,,443.0,443.0,443.0,0.0
92H-07095,2026-08-07 17:31:00,443.0,0.0,"Xã Thượng Phúc, TP Hà Nội",0,0,443.0,2.0,6.0,0,0.0,1,0,0,VALID,0.0,0.0,443.0,0.0,5.0,1,Stopped,0.0,0,0,,443.0,443.0,443.0,0.0
92H-07095,2026-08-07 17:33:00,443.0,0.0,"Xã Thượng Phúc, TP Hà Nội",0,0,443.0,2.0,6.0,0,0.0,1,0,0,VALID,0.0,0.0,443.0,0.0,5.0,1,Stopped,0.0,0,0,,443.0,443.0,443.0,0.0
92H-07095,2026-08-07 17:34:00,443.0,0.0,"Xã Thượng Phúc, TP Hà Nội",0,0,443.0,1.0,6.0,0,0.0,1,0,0,VALID,0.0,0.0,443.0,0.0,5.0,1,Stopped,0.0,0,0,,443.0,443.0,443.0,0.0
92H-07095,2026-08-07 17:36:00,443.0,0.0,"Xã Thượng Phúc, TP Hà Nội",0,0,443.0,2.0,6.0,0,0.0,1,0,0,VALID,0.0,0.0,443.0,0.0,5.0,1,Stopped,0.0,0,0,,443.0,443.0,443.0,0.0
92H-07095,2026-08-07 17:38:00,443.0,0.0,"Xã Thượng Phúc, TP Hà Nội",0,0,443.0,2.0,6.0,0,0.0,1,0,0,VALID,0.0,0.0,443.0,0.0,5.0,1,Stopped,0.0,0,0,,443.0,443.0,443.0,0.0
92H-07095,2026-08-07 17:40:00,443.0,0.0,"Xã Thượng Phúc, TP Hà Nội",0,0,443.0,2.0,6.0,0,0.0,1,0,0,VALID,0.0,0.0,443.0,0.0,5.0,1,Stopped,0.0,0,0,,443.0,443.0,443.0,0.0
92H-07095,2026-08-07 17:42:00,443.0,0.0,"Xã Thượng Phúc, TP Hà Nội",0,0,443.0,2.0,6.0,0,0.0,1,0,0,VALID,0.0,0.0,443.0,0.0,5.0,1,Stopped,0.0,0,0,,443.0,443.0,443.0,0.0
92H-07095,2026-08-07 17:44:00,443.0,0.0,"Xã Thượng Phúc, TP Hà Nội",0,0,443.0,2.0,6.0,0,0.0,1,0,0,VALID,0.0,0.0,443.0,0.0,5.0,1,Stopped,0.0,0,0,,443.0,443.0,443.0,0.0
92H-07095,2026-08-07 17:46:00,443.0,0.0,"Xã Thượng Phúc, TP Hà Nội",0,0,443.0,2.0,6.0,0,0.0,1,0,0,VALID,0.0,0.0,443.0,0.0,5.0,1,Stopped,0.0,0,0,,443.0,443.0,443.0,0.0
92H-07095,2026-08-07 17:48:00,443.0,0.0,"Xã Thượng Phúc, TP Hà Nội",0,0,443.0,2.0,6.0,0,0.0,1,0,0,VALID,0.0,0.0,443.0,0.0,5.0,1,Stopped,0.0,0,0,,443.0,443.0,443.0,0.0
92H-07095,2026-08-07 17:50:00,443.0,0.0,"Xã Thượng Phúc, TP Hà Nội",0,0,443.0,2.0,6.0,0,0.0,1,0,0,VALID,0.0,0.0,443.0,0.0,5.0,1,Stopped,0.0,0,0,,443.0,443.0,443.0,0.0
92H-07095,2026-08-07 17:52:00,443.0,0.0,"Xã Thượng Phúc, TP Hà Nội",0,0,443.0,2.0,6.0,0,0.0,1,0,0,VALID,0.0,0.0,443.0,0.0,5.0,1,Stopped,0.0,0,0,,443.0,443.0,443.0,0.0
92H-07095,2026-08-07 17:54:00,443.0,0.0,"Xã Thượng Phúc, TP Hà Nội",0,0,443.0,2.0,6.0,0,0.0,1,0,0,VALID,0.0,0.0,443.0,0.0,5.0,1,Stopped,0.0,0,0,,443.0,443.0,443.0,0.0
92H-07095,2026-08-07 17:56:00,443.0,0.0,"Xã Thượng Phúc, TP Hà Nội",0,0,443.0,2.0,6.0,0,0.0,1,0,0,VALID,0.0,0.0,443.0,0.0,5.0,1,Stopped,0.0,0,0,,443.0,443.0,443.0,0.0
92H-07095,2026-08-07 17:58:00,443.0,0.0,"Xã Thượng Phúc, TP Hà Nội",0,0,443.0,2.0,6.0,0,0.0,1,0,0,VALID,0.0,0.0,443.0,0.0,5.0,1,Stopped,0.0,0,0,,443.0,443.0,443.0,0.0
92H-07095,2026-08-07 18:00:00,443.0,0.0,"Xã Thượng Phúc, TP Hà Nội",0,0,443.0,2.0,6.0,0,0.0,1,0,0,VALID,0.0,0.0,443.0,0.0,5.0,1,Stopped,0.0,0,0,,443.0,443.0,443.0,0.0
92H-07095,2026-08-07 18:02:00,443.0,0.0,"Xã Thượng Phúc, TP Hà Nội",0,0,443.0,2.0,6.0,0,0.0,1,0,0,VALID,0.0,0.0,443.0,0.0,5.0,1,Stopped,0.0,0,0,,443.0,443.0,443.0,0.0
92H-07095,2026-08-07 18:04:00,443.0,0.0,"Xã Thượng Phúc, TP Hà Nội",0,0,443.0,2.0,6.0,0,0.0,1,0,0,VALID,0.0,0.0,443.0,0.0,5.0,1,Stopped,0.0,0,0,,443.0,443.0,443.0,0.0
92H-07095,2026-08-07 18:06:00,443.0,0.0,"Xã Thượng Phúc, TP Hà Nội",0,0,443.0,2.0,6.0,0,0.0,1,0,0,VALID,0.0,0.0,443.0,0.0,5.0,1,Stopped,0.0,0,0,,443.0,443.0,443.0,0.0
92H-07095,2026-08-07 18:08:00,443.0,0.0,"Xã Thượng Phúc, TP Hà Nội",0,0,443.0,2.0,6.0,0,0.0,1,0,0,VALID,0.0,0.0,443.0,0.0,5.0,1,Stopped,0.0,0,0,,443.0,443.0,443.0,0.0
92H-07095,2026-08-07 18:10:00,443.0,0.0,"Xã Thượng Phúc, TP Hà Nội",0,0,443.0,2.0,6.0,0,0.0,1,0,0,VALID,0.0,0.0,443.0,0.0,5.0,1,Stopped,0.0,0,0,,443.0,443.0,443.0,0.0
92H-07095,2026-08-07 18:12:00,443.0,0.0,"Xã Thượng Phúc, TP Hà Nội",0,0,443.0,2.0,6.0,0,0.0,1,0,0,VALID,0.0,0.0,443.0,0.0,5.0,1,Stopped,0.0,0,0,,443.0,443.0,443.0,0.0
92H-07095,2026-08-07 18:14:00,443.0,0.0,"Xã Thượng Phúc, TP Hà Nội",0,0,443.0,2.0,6.0,0,0.0,1,0,0,VALID,0.0,0.0,443.0,0.0,5.0,1,Stopped,0.0,0,0,,443.0,443.0,443.0,0.0
92H-07095,2026-08-07 18:16:00,443.0,0.0,"Xã Thượng Phúc, TP Hà Nội",0,0,443.0,2.0,6.0,0,0.0,1,0,0,VALID,0.0,0.0,443.0,0.0,5.0,1,Stopped,0.0,0,0,,443.0,443.0,443.0,0.0
92H-07095,2026-08-07 18:18:00,443.0,0.0,"Xã Thượng Phúc, TP Hà Nội",0,0,443.0,2.0,6.0,0,0.0,1,0,0,VALID,0.0,0.0,443.0,0.0,5.0,1,Stopped,0.0,0,0,,443.0,443.0,443.0,0.0
92H-07095,2026-08-07 18:20:00,443.0,0.0,"Xã Thượng Phúc, TP Hà Nội",0,0,443.0,2.0,6.0,0,0.0,1,0,0,VALID,0.0,0.0,443.0,0.0,5.0,1,Stopped,0.0,0,0,,443.0,443.0,443.0,0.0
92H-07095,2026-08-07 18:22:00,443.0,0.0,"Xã Thượng Phúc, TP Hà Nội",0,0,443.0,2.0,6.0,0,0.0,1,0,0,VALID,0.0,0.0,443.0,0.0,5.0,1,Stopped,0.0,0,0,,443.0,443.0,443.0,0.0
92H-07095,2026-08-07 18:24:00,443.0,0.0,"Xã Thượng Phúc, TP Hà Nội",0,0,443.0,2.0,6.0,0,0.0,1,0,0,VALID,0.0,0.0,443.0,0.0,5.0,1,Stopped,0.0,0,0,,443.0,443.0,443.0,0.0
92H-07095,2026-08-07 18:26:00,443.0,0.0,"Xã Thượng Phúc, TP Hà Nội",0,0,443.0,2.0,6.0,0,0.0,1,0,0,VALID,0.0,0.0,443.0,0.0,5.0,1,Stopped,0.0,0,0,,443.0,443.0,443.0,0.0
92H-07095,2026-08-07 18:28:00,443.0,0.0,"Xã Thượng Phúc, TP Hà Nội",0,0,443.0,2.0,6.0,0,0.0,1,0,0,VALID,0.0,0.0,443.0,0.0,5.0,1,Stopped,0.0,0,0,,443.0,443.0,443.0,0.0
92H-07095,2026-08-07 18:30:00,443.0,0.0,"Xã Thượng Phúc, TP Hà Nội",0,0,443.0,2.0,6.0,0,0.0,1,0,0,VALID,0.0,0.0,443.0,0.0,5.0,1,Stopped,0.0,0,0,,443.0,443.0,443.0,0.0
92H-07095,2026-08-07 18:32:00,443.0,0.0,"Xã Thượng Phúc, TP Hà Nội",0,0,443.0,2.0,6.0,0,0.0,1,0,0,VALID,0.0,0.0,443.0,0.0,5.0,1,Stopped,0.0,0,0,,443.0,443.0,443.0,0.0
92H-07095,2026-08-07 18:34:00,443.0,0.0,"Xã Thượng Phúc, TP Hà Nội",0,0,443.0,2.0,6.0,0,0.0,1,0,0,VALID,0.0,0.0,443.0,0.0,5.0,1,Stopped,0.0,0,0,,443.0,443.0,443.0,0.0
92H-07095,2026-08-07 18:37:00,443.0,0.0,"Xã Thượng Phúc, TP Hà Nội",0,0,443.0,3.0,6.0,0,0.0,1,0,0,VALID,0.0,0.0,443.0,0.0,5.0,1,Stopped,0.0,0,0,,443.0,443.0,443.0,0.0
92H-07095,2026-08-07 18:39:00,443.0,0.0,"Xã Thượng Phúc, TP Hà Nội",0,0,443.0,2.0,6.0,0,0.0,1,0,0,VALID,0.0,0.0,443.0,0.0,5.0,1,Stopped,0.0,0,0,,443.0,443.0,443.0,0.0
92H-07095,2026-08-07 18:41:00,443.0,0.0,"Xã Thượng Phúc, TP Hà Nội",0,0,443.0,2.0,6.0,0,0.0,1,0,0,VALID,0.0,0.0,443.0,0.0,5.0,1,Stopped,0.0,0,0,,443.0,443.0,443.0,0.0
92H-07095,2026-08-07 18:43:00,443.0,0.0,"Xã Thượng Phúc, TP Hà Nội",0,0,443.0,2.0,6.0,0,0.0,1,0,0,VALID,0.0,0.0,443.0,0.0,5.0,1,Stopped,0.0,0,0,,443.0,443.0,443.0,0.0
92H-07095,2026-08-07 18:45:00,443.0,0.0,"Xã Thượng Phúc, TP Hà Nội",0,0,443.0,2.0,6.0,0,0.0,1,0,0,VALID,0.0,0.0,443.0,0.0,5.0,1,Stopped,0.0,0,0,,443.0,443.0,443.0,0.0
92H-07095,2026-08-07 18:47:00,443.0,0.0,"Xã Thượng Phúc, TP Hà Nội",0,0,443.0,2.0,6.0,0,0.0,1,0,0,VALID,0.0,0.0,443.0,0.0,5.0,1,Stopped,0.0,0,0,,443.0,443.0,443.0,0.0
92H-07095,2026-08-07 18:49:00,443.0,0.0,"Xã Thượng Phúc, TP Hà Nội",0,0,443.0,2.0,6.0,0,0.0,1,0,0,VALID,0.0,0.0,443.0,0.0,5.0,1,Stopped,0.0,0,0,,443.0,443.0,443.0,0.0
92H-07095,2026-08-07 18:51:00,443.0,0.0,"Xã Thượng Phúc, TP Hà Nội",0,0,443.0,2.0,6.0,0,0.0,1,0,0,VALID,0.0,0.0,443.0,0.0,5.0,1,Stopped,0.0,0,0,,443.0,443.0,443.0,0.0
92H-07095,2026-08-07 18:53:00,443.0,0.0,"Xã Thượng Phúc, TP Hà Nội",0,0,443.0,2.0,6.0,0,0.0,1,0,0,VALID,0.0,0.0,443.0,0.0,5.0,1,Stopped,0.0,0,0,,443.0,443.0,443.0,0.0
92H-07095,2026-08-07 18:55:00,443.0,0.0,"Xã Thượng Phúc, TP Hà Nội",0,0,443.0,2.0,6.0,0,0.0,1,0,0,VALID,0.0,0.0,443.0,0.0,5.0,1,Stopped,0.0,0,0,,443.0,443.0,443.0,0.0
92H-07095,2026-08-07 18:57:00,443.0,0.0,"Xã Thượng Phúc, TP Hà Nội",0,0,443.0,2.0,6.0,0,0.0,1,0,0,VALID,0.0,0.0,443.0,0.0,5.0,1,Stopped,0.0,0,0,,443.0,443.0,443.0,0.0
92H-07095,2026-08-07 18:59:00,443.0,0.0,"Xã Thượng Phúc, TP Hà Nội",0,0,443.0,2.0,6.0,0,0.0,1,0,0,VALID,0.0,0.0,443.0,0.0,5.0,1,Stopped,0.0,0,0,,443.0,443.0,443.0,0.0
92H-07095,2026-08-07 19:01:00,443.0,0.0,"Xã Thượng Phúc, TP Hà Nội",0,0,443.0,2.0,6.0,0,0.0,1,0,0,VALID,0.0,0.0,443.0,0.0,5.0,1,Stopped,0.0,0,0,,443.0,443.0,443.0,0.0
92H-07095,2026-08-07 19:03:00,443.0,0.0,"Xã Thượng Phúc, TP Hà Nội",0,0,443.0,2.0,6.0,0,0.0,1,0,0,VALID,0.0,0.0,443.0,0.0,5.0,1,Stopped,0.0,0,0,,443.0,443.0,443.0,0.0
92H-07095,2026-08-07 19:05:00,443.0,0.0,"Xã Thượng Phúc, TP Hà Nội",0,0,443.0,2.0,6.0,0,0.0,1,0,0,VALID,0.0,0.0,443.0,0.0,5.0,1,Stopped,0.0,0,0,,443.0,443.0,443.0,0.0
92H-07095,2026-08-07 19:07:00,443.0,0.0,"Xã Thượng Phúc, TP Hà Nội",0,0,443.0,2.0,6.0,0,0.0,1,0,0,VALID,0.0,0.0,443.0,0.0,5.0,1,Stopped,0.0,0,0,,443.0,443.0,443.0,0.0
92H-07095,2026-08-07 19:09:00,443.0,0.0,"Xã Thượng Phúc, TP Hà Nội",0,0,443.0,2.0,6.0,0,0.0,1,0,0,VALID,0.0,0.0,443.0,0.0,5.0,1,Stopped,0.0,0,0,,443.0,443.0,443.0,0.0
92H-07095,2026-08-07 19:11:00,443.0,0.0,"Xã Thượng Phúc, TP Hà Nội",0,0,443.0,2.0,6.0,0,0.0,1,0,0,VALID,0.0,0.0,443.0,0.0,5.0,1,Stopped,0.0,0,0,,443.0,443.0,443.0,0.0
92H-07095,2026-08-07 19:13:00,443.0,0.0,"Xã Thượng Phúc, TP Hà Nội",0,0,443.0,2.0,6.0,0,0.0,1,0,0,VALID,0.0,0.0,443.0,0.0,5.0,1,Stopped,0.0,0,0,,443.0,443.0,443.0,0.0
92H-07095,2026-08-07 19:15:00,443.0,0.0,"Xã Thượng Phúc, TP Hà Nội",0,0,443.0,2.0,6.0,0,0.0,1,0,0,VALID,0.0,0.0,443.0,0.0,5.0,1,Stopped,0.0,0,0,,443.0,443.0,443.0,0.0
92H-07095,2026-08-07 19:17:00,443.0,0.0,"Xã Thượng Phúc, TP Hà Nội",0,0,443.0,2.0,6.0,0,0.0,1,0,0,VALID,0.0,0.0,443.0,0.0,5.0,1,Stopped,0.0,0,0,,443.0,443.0,443.0,0.0
92H-07095,2026-08-07 19:20:00,443.0,0.0,"Xã Thượng Phúc, TP Hà Nội",0,0,443.0,3.0,6.0,0,0.0,1,0,0,VALID,0.0,0.0,443.0,0.0,5.0,1,Stopped,0.0,0,0,,443.0,443.0,443.0,0.0
92H-07095,2026-08-07 19:22:00,443.0,0.0,"Xã Thượng Phúc, TP Hà Nội",0,0,443.0,2.0,6.0,0,0.0,1,0,0,VALID,0.0,0.0,443.0,0.0,5.0,1,Stopped,0.0,0,0,,443.0,443.0,443.0,0.0
92H-07095,2026-08-07 19:24:00,443.0,0.0,"Xã Thượng Phúc, TP Hà Nội",0,0,443.0,2.0,6.0,0,0.0,1,0,0,VALID,0.0,0.0,443.0,0.0,5.0,1,Stopped,0.0,0,0,,443.0,443.0,443.0,0.0
92H-07095,2026-08-07 19:26:00,443.0,0.0,"Xã Thượng Phúc, TP Hà Nội",0,0,443.0,2.0,6.0,0,0.0,1,0,0,VALID,0.0,0.0,443.0,0.0,5.0,1,Stopped,0.0,0,0,,443.0,443.0,443.0,0.0
92H-07095,2026-08-07 19:28:00,443.0,0.0,"Xã Thượng Phúc, TP Hà Nội",0,0,443.0,2.0,6.0,0,0.0,1,0,0,VALID,0.0,0.0,443.0,0.0,5.0,1,Stopped,0.0,0,0,,443.0,443.0,443.0,0.0
92H-07095,2026-08-07 19:30:00,443.0,0.0,"Xã Thượng Phúc, TP Hà Nội",0,0,443.0,2.0,6.0,0,0.0,1,0,0,VALID,0.0,0.0,443.0,0.0,5.0,1,Stopped,0.0,0,0,,443.0,443.0,443.0,0.0
92H-07095,2026-08-07 19:32:00,443.0,0.0,"Xã Thượng Phúc, TP Hà Nội",0,0,443.0,2.0,6.0,0,0.0,1,0,0,VALID,0.0,0.0,443.0,0.0,5.0,1,Stopped,0.0,0,0,,443.0,443.0,443.0,0.0
92H-07095,2026-08-07 19:34:00,443.0,0.0,"Xã Thượng Phúc, TP Hà Nội",0,0,443.0,2.0,6.0,0,0.0,1,0,0,VALID,0.0,0.0,443.0,0.0,5.0,1,Stopped,0.0,0,0,,443.0,443.0,443.0,0.0
92H-07095,2026-08-07 19:36:00,443.0,0.0,"Xã Thượng Phúc, TP Hà Nội",0,0,443.0,2.0,6.0,0,0.0,1,0,0,VALID,0.0,0.0,443.0,0.0,5.0,1,Stopped,0.0,0,0,,443.0,443.0,443.0,0.0
92H-07095,2026-08-07 19:38:00,443.0,0.0,"Xã Thượng Phúc, TP Hà Nội",0,0,443.0,2.0,6.0,0,0.0,1,0,0,VALID,0.0,0.0,443.0,0.0,5.0,1,Stopped,0.0,0,0,,443.0,443.0,443.0,0.0
92H-07095,2026-08-07 19:40:00,443.0,0.0,"Xã Thượng Phúc, TP Hà Nội",0,0,443.0,2.0,6.0,0,0.0,1,0,0,VALID,0.0,0.0,443.0,0.0,5.0,1,Stopped,0.0,0,0,,443.0,443.0,443.0,0.0
92H-07095,2026-08-07 19:42:00,443.0,0.0,"Xã Thượng Phúc, TP Hà Nội",0,0,443.0,2.0,6.0,0,0.0,1,0,0,VALID,0.0,0.0,443.0,0.0,5.0,1,Stopped,0.0,0,0,,443.0,443.0,443.0,0.0
92H-07095,2026-08-07 19:44:00,443.0,0.0,"Xã Thượng Phúc, TP Hà Nội",0,0,443.0,2.0,6.0,0,0.0,1,0,0,VALID,0.0,0.0,443.0,0.0,5.0,1,Stopped,0.0,0,0,,443.0,443.0,443.0,0.0
92H-07095,2026-08-07 19:46:00,443.0,0.0,"Xã Thượng Phúc, TP Hà Nội",0,0,443.0,2.0,6.0,0,0.0,1,0,0,VALID,0.0,0.0,443.0,0.0,5.0,1,Stopped,0.0,0,0,,443.0,443.0,443.0,0.0
92H-07095,2026-08-07 19:48:00,443.0,0.0,"Xã Thượng Phúc, TP Hà Nội",0,0,443.0,2.0,6.0,0,0.0,1,0,0,VALID,0.0,0.0,443.0,0.0,5.0,1,Stopped,0.0,0,0,,443.0,443.0,443.0,0.0
92H-07095,2026-08-07 19:50:00,443.1,0.0,"Xã Thượng Phúc, TP Hà Nội",0,0,443.1,2.0,6.0,0,0.0,1,0,0,VALID,0.1000000000000227,0.0500000000000113,443.0,0.04472135953785707,5.0,1,Stopped,0.0,0,0,,443.1,443.0,443.0,0.0
92H-07095,2026-08-07 19:52:00,443.1,0.0,"Xã Thượng Phúc, TP Hà Nội",0,0,443.1,2.0,6.0,0,0.0,1,0,0,VALID,0.0,0.0,443.0,0.0547722557397702,5.0,1,Stopped,0.0,0,0,,443.1,443.1,443.0,0.0
92H-07095,2026-08-07 19:54:00,443.1,0.0,"Xã Thượng Phúc, TP Hà Nội",0,0,443.1,2.0,6.0,0,0.0,1,0,0,VALID,0.0,0.0,443.1,0.05477225573893995,5.0,1,Stopped,0.0,0,0,,443.1,443.1,443.0,0.0
92H-07095,2026-08-07 19:56:00,443.1,0.0,"Xã Thượng Phúc, TP Hà Nội",0,0,443.1,2.0,6.0,0,0.0,1,0,0,VALID,0.0,0.0,443.1,0.04472135953480653,5.0,1,Stopped,0.0,0,0,,443.1,443.1,443.0,0.0
92H-07095,2026-08-07 19:58:00,443.1,0.0,"Xã Thượng Phúc, TP Hà Nội",0,0,443.1,2.0,6.0,0,0.0,1,0,0,VALID,0.0,0.0,443.1,0.0,5.0,1,Stopped,0.0,0,0,,443.1,443.1,443.0,0.0
92H-07095,2026-08-07 20:00:00,443.1,0.0,"Xã Thượng Phúc, TP Hà Nội",0,0,443.1,2.0,6.0,0,0.0,1,0,0,VALID,0.0,0.0,443.1,0.0,5.0,1,Stopped,0.0,0,0,,443.1,443.1,443.0,0.0
92H-07095,2026-08-07 20:02:00,443.1,0.0,"Xã Thượng Phúc, TP Hà Nội",0,0,443.1,2.0,6.0,0,0.0,1,0,0,VALID,0.0,0.0,443.1,0.0,5.0,1,Stopped,0.0,0,0,,443.1,443.1,443.1,0.0
92H-07095,2026-08-07 20:04:00,443.1,0.0,"Xã Thượng Phúc, TP Hà Nội",0,0,443.1,2.0,6.0,0,0.0,1,0,0,VALID,0.0,0.0,443.1,0.0,5.0,1,Stopped,0.0,0,0,,443.1,443.1,443.1,0.0
92H-07095,2026-08-07 20:06:00,443.1,0.0,"Xã Thượng Phúc, TP Hà Nội",0,0,443.1,2.0,6.0,0,0.0,1,0,0,VALID,0.0,0.0,443.1,0.0,5.0,1,Stopped,0.0,0,0,,443.1,443.1,443.1,0.0
92H-07095,2026-08-07 20:08:00,443.1,0.0,"Xã Thượng Phúc, TP Hà Nội",0,0,443.1,2.0,6.0,0,0.0,1,0,0,VALID,0.0,0.0,443.1,0.0,5.0,1,Stopped,0.0,0,0,,443.1,443.1,443.1,0.0
92H-07095,2026-08-07 20:10:00,443.1,0.0,"Xã Thượng Phúc, TP Hà Nội",0,0,443.1,2.0,6.0,0,0.0,1,0,0,VALID,0.0,0.0,443.1,0.0,5.0,1,Stopped,0.0,0,0,,443.1,443.1,443.1,0.0
92H-07095,2026-08-07 20:12:00,442.4,0.0,"Xã Thượng Phúc, TP Hà Nội",0,0,442.4,2.0,6.0,0,0.0,1,0,0,VALID,-0.7000000000000455,-0.3500000000000227,443.1,0.31304951684867205,5.0,1,Stopped,0.0,0,0,,443.0,443.1,443.1,0.0
92H-07095,2026-08-07 20:14:00,442.8,0.0,"Xã Thượng Phúc, TP Hà Nội",0,0,442.8,2.0,6.0,0,0.0,1,0,0,VALID,0.4000000000000341,0.200000000000017,443.1,0.30822070014756164,5.0,1,Stopped,0.0,0,0,,442.8,443.0,443.0,0.0
92H-07095,2026-08-07 20:16:00,442.7,0.0,"Xã Thượng Phúc, TP Hà Nội",0,0,442.7,2.0,6.0,0,0.0,1,0,0,VALID,-0.1000000000000227,-0.0500000000000113,442.8,0.29495762407473164,5.0,1,Stopped,0.0,0,0,,442.7,442.9,443.0,0.0
92H-07095,2026-08-07 20:18:00,442.7,0.0,"Xã Thượng Phúc, TP Hà Nội",0,0,442.7,2.0,6.0,0,0.0,1,0,0,VALID,0.0,0.0,442.7,0.25099800796056265,5.0,1,Stopped,0.0,0,0,,442.7,442.8,443.0,0.0
92H-07095,2026-08-07 20:20:00,442.7,0.0,"Xã Thượng Phúc, TP Hà Nội",0,0,442.7,2.0,6.0,0,0.0,1,0,0,VALID,0.0,0.0,442.7,0.15165750888277582,5.0,1,Stopped,0.0,0,0,,442.7,442.8,442.9,0.0
92H-07095,2026-08-07 20:22:00,442.5,0.0,"Xã Thượng Phúc, TP Hà Nội",0,0,442.5,2.0,6.0,0,0.0,1,0,0,VALID,-0.1999999999999886,-0.0999999999999943,442.7,0.10954451150302058,5.0,1,Stopped,0.0,0,0,,442.5,442.7,442.9,0.0
92H-07095,2026-08-07 20:24:00,442.5,0.0,"Xã Thượng Phúc, TP Hà Nội",0,0,442.5,2.0,6.0,0,0.0,1,0,0,VALID,0.0,0.0,442.7,0.10954451150422313,5.0,1,Stopped,0.0,0,0,,442.5,442.6,442.9,0.0
92H-07095,2026-08-07 20:26:00,442.5,0.0,"Xã Thượng Phúc, TP Hà Nội",0,0,442.5,2.0,6.0,0,0.0,1,0,0,VALID,0.0,0.0,442.5,0.10954451150502484,5.0,1,Stopped,0.0,0,0,,442.5,442.6,442.8,0.0
92H-07095,2026-08-07 20:28:00,442.4,0.0,"Xã Thượng Phúc, TP Hà Nội",0,0,442.4,2.0,6.0,0,0.0,1,0,0,VALID,-0.1000000000000227,-0.0500000000000113,442.5,0.1095445115062274,5.0,1,Stopped,0.0,0,0,,442.4,442.5,442.8,0.0
92H-07095,2026-08-07 20:30:00,442.4,0.0,"Xã Thượng Phúc, TP Hà Nội",0,0,442.4,2.0,6.0,0,0.0,1,0,0,VALID,0.0,0.0,442.5,0.05477225576331168,5.0,1,Stopped,0.0,0,0,,442.4,442.5,442.7,0.0
92H-07095,2026-08-07 20:32:00,442.3,0.0,"Xã Thượng Phúc, TP Hà Nội",0,0,442.3,2.0,6.0,0,0.0,1,0,0,VALID,-0.0999999999999659,-0.0499999999999829,442.4,0.08366600266283511,5.0,1,Stopped,0.0,0,0,,442.3,442.4,442.7,0.0
92H-07095,2026-08-07 20:34:00,442.3,0.0,"Xã Thượng Phúc, TP Hà Nội",0,0,442.3,2.0,6.0,0,0.0,1,0,0,VALID,0.0,0.0,442.4,0.08366600266390688,5.0,1,Stopped,0.0,0,0,,442.3,442.4,442.7,0.0
92H-07095,2026-08-07 20:36:00,442.3,0.0,"Xã Thượng Phúc, TP Hà Nội",0,0,442.3,2.0,6.0,0,0.0,1,0,0,VALID,0.0,0.0,442.3,0.05477225576822313,5.0,1,Stopped,0.0,0,0,,442.3,442.3,442.6,0.0
92H-07095,2026-08-07 20:38:00,442.1,0.0,"Xã Thượng Phúc, TP Hà Nội",0,0,442.1,2.0,6.0,0,0.0,1,0,0,VALID,-0.1999999999999886,-0.0999999999999943,442.3,0.10954451151114762,5.0,1,Stopped,0.0,0,0,,442.1,442.2,442.6,0.0
92H-07095,2026-08-07 20:40:00,442.1,0.0,"Xã Thượng Phúc, TP Hà Nội",0,0,442.1,2.0,6.0,0,0.0,1,0,0,VALID,0.0,0.0,442.3,0.1095445115124183,5.0,1,Stopped,0.0,0,0,,442.1,442.2,442.5,0.0
92H-07095,2026-08-07 20:42:00,442.0,0.0,"Xã Thượng Phúc, TP Hà Nội",0,0,442.0,2.0,6.0,0,0.0,1,0,0,VALID,-0.1000000000000227,-0.0500000000000113,442.1,0.13416407866031557,5.0,1,Stopped,0.0,0,0,,442.0,442.1,442.5,0.0
92H-07095,2026-08-07 20:44:00,442.0,0.0,"Xã Thượng Phúc, TP Hà Nội",0,0,442.0,2.0,6.0,0,0.0,1,0,0,VALID,0.0,0.0,442.1,0.12247448715159047,5.0,1,Stopped,0.0,0,0,,442.0,442.1,442.4,0.0
92H-07095,2026-08-07 20:46:00,441.8,0.0,"Xã Thượng Phúc, TP Hà Nội",0,0,441.8,2.0,6.0,0,0.0,1,0,0,VALID,-0.1999999999999886,-0.0999999999999943,442.0,0.12247448715344697,5.0,1,Stopped,0.0,0,0,,441.8,442.0,442.4,0.0
92H-07095,2026-08-07 20:48:00,441.8,0.0,"Xã Thượng Phúc, TP Hà Nội",0,0,441.8,2.0,6.0,0,0.0,1,0,0,VALID,0.0,0.0,442.0,0.13416407866404398,5.0,1,Stopped,0.0,0,0,,441.8,441.9,442.3,0.0
92H-07095,2026-08-07 20:50:00,441.8,0.0,"Xã Thượng Phúc, TP Hà Nội",0,0,441.8,2.0,6.0,0,0.0,1,0,0,VALID,0.0,0.0,441.8,0.10954451151947542,5.0,1,Stopped,0.0,0,0,,441.8,441.9,442.3,0.0
92H-07095,2026-08-07 20:52:00,441.8,0.0,"Xã Thượng Phúc, TP Hà Nội",0,0,441.8,2.0,6.0,0,0.0,1,0,0,VALID,0.0,0.0,441.8,0.08944271912360034,5.0,1,Stopped,0.0,0,0,,441.8,441.8,442.2,0.0
92H-07095,2026-08-07 20:54:00,441.8,0.0,"Xã Thượng Phúc, TP Hà Nội",0,0,441.8,2.0,6.0,0,0.0,1,0,0,VALID,0.0,0.0,441.8,0.0,5.0,1,Stopped,0.0,0,0,,441.8,441.8,442.2,0.0
92H-07095,2026-08-07 20:56:00,441.8,0.0,"Xã Thượng Phúc, TP Hà Nội",0,0,441.8,2.0,6.0,0,0.0,1,0,0,VALID,0.0,0.0,441.8,0.0,5.0,1,Stopped,0.0,0,0,,441.8,441.8,442.1,0.0
92H-07095,2026-08-07 20:58:00,441.8,0.0,"Xã Thượng Phúc, TP Hà Nội",0,0,441.8,2.0,6.0,0,0.0,1,0,0,VALID,0.0,0.0,441.8,0.0,5.0,1,Stopped,0.0,0,0,,441.8,441.8,442.1,0.0
92H-07095,2026-08-07 21:00:00,441.8,0.0,"Xã Thượng Phúc, TP Hà Nội",0,0,441.8,2.0,6.0,0,0.0,1,0,0,VALID,0.0,0.0,441.8,0.0,5.0,1,Stopped,0.0,0,0,,441.8,441.8,442.1,0.0
92H-07095,2026-08-07 21:02:00,441.8,0.0,"Xã Thượng Phúc, TP Hà Nội",0,0,441.8,2.0,6.0,0,0.0,1,0,0,VALID,0.0,0.0,441.8,0.0,5.0,1,Stopped,0.0,0,0,,441.8,441.8,442.0,0.0
92H-07095,2026-08-07 21:04:00,441.7,0.0,"Xã Thượng Phúc, TP Hà Nội",0,0,441.7,2.0,6.0,0,0.0,1,0,0,VALID,-0.1000000000000227,-0.0500000000000113,441.8,0.044721359600341376,5.0,1,Stopped,0.0,0,0,,441.7,441.8,442.0,0.0
92H-07095,2026-08-07 21:06:00,441.7,0.0,"Xã Thượng Phúc, TP Hà Nội",0,0,441.7,2.0,6.0,0,0.0,1,0,0,VALID,0.0,0.0,441.8,0.054772255792472274,5.0,1,Stopped,0.0,0,0,,441.7,441.7,442.0,0.0
92H-07095,2026-08-07 21:08:00,441.7,0.0,"Xã Thượng Phúc, TP Hà Nội",0,0,441.7,2.0,6.0,0,0.0,1,0,0,VALID,0.0,0.0,441.7,0.05477225579332588,5.0,1,Stopped,0.0,0,0,,441.7,441.7,441.9,0.0
92H-07095,2026-08-07 21:10:00,441.7,0.0,"Xã Thượng Phúc, TP Hà Nội",0,0,441.7,2.0,6.0,0,0.0,1,0,0,VALID,0.0,0.0,441.7,0.044721359603477714,5.0,1,Stopped,0.0,0,0,,441.7,441.7,441.9,0.0
92H-07095,2026-08-07 21:12:00,441.7,0.0,"Xã Thượng Phúc, TP Hà Nội",0,0,441.7,2.0,6.0,0,0.0,1,0,0,VALID,0.0,0.0,441.7,0.0,5.0,1,Stopped,0.0,0,0,,441.7,441.7,441.9,0.0
92H-07095,2026-08-07 21:14:00,441.7,0.0,"Xã Thượng Phúc, TP Hà Nội",0,0,441.7,2.0,6.0,0,0.0,1,0,0,VALID,0.0,0.0,441.7,0.0,5.0,1,Stopped,0.0,0,0,,441.7,441.7,441.9,0.0
92H-07095,2026-08-07 21:16:00,441.7,0.0,"Xã Thượng Phúc, TP Hà Nội",0,0,441.7,2.0,6.0,0,0.0,1,0,0,VALID,0.0,0.0,441.7,0.0,5.0,1,Stopped,0.0,0,0,,441.7,441.7,441.9,0.0
92H-07095,2026-08-07 21:18:00,441.7,0.0,"Xã Thượng Phúc, TP Hà Nội",0,0,441.7,2.0,6.0,0,0.0,1,0,0,VALID,0.0,0.0,441.7,0.0,5.0,1,Stopped,0.0,0,0,,441.7,441.7,441.8,0.0
92H-07095,2026-08-07 21:20:00,441.7,0.0,"Xã Thượng Phúc, TP Hà Nội",0,0,441.7,2.0,6.0,0,0.0,1,0,0,VALID,0.0,0.0,441.7,0.0,5.0,1,Stopped,0.0,0,0,,441.7,441.7,441.8,0.0
92H-07095,2026-08-07 21:22:00,441.7,0.0,"Xã Thượng Phúc, TP Hà Nội",0,0,441.7,2.0,6.0,0,0.0,1,0,0,VALID,0.0,0.0,441.7,0.0,5.0,1,Stopped,0.0,0,0,,441.7,441.7,441.8,0.0
92H-07095,2026-08-07 21:24:00,441.7,0.0,"Xã Thượng Phúc, TP Hà Nội",0,0,441.7,2.0,6.0,0,0.0,1,0,0,VALID,0.0,0.0,441.7,0.0,5.0,1,Stopped,0.0,0,0,,441.7,441.7,441.8,0.0
92H-07095,2026-08-07 21:26:00,441.7,0.0,"Xã Thượng Phúc, TP Hà Nội",0,0,441.7,2.0,6.0,0,0.0,1,0,0,VALID,0.0,0.0,441.7,0.0,5.0,1,Stopped,0.0,0,0,,441.7,441.7,441.8,0.0
92H-07095,2026-08-07 21:28:00,441.7,0.0,"Xã Thượng Phúc, TP Hà Nội",0,0,441.7,2.0,6.0,0,0.0,1,0,0,VALID,0.0,0.0,441.7,0.0,5.0,1,Stopped,0.0,0,0,,441.7,441.7,441.8,0.0
92H-07095,2026-08-07 21:30:00,441.7,0.0,"Xã Thượng Phúc, TP Hà Nội",0,0,441.7,2.0,6.0,0,0.0,1,0,0,VALID,0.0,0.0,441.7,0.0,5.0,1,Stopped,0.0,0,0,,441.7,441.7,441.8,0.0
92H-07095,2026-08-07 21:32:00,441.7,0.0,"Xã Thượng Phúc, TP Hà Nội",0,0,441.7,2.0,6.0,0,0.0,1,0,0,VALID,0.0,0.0,441.7,0.0,5.0,1,Stopped,0.0,0,0,,441.7,441.7,441.8,0.0
92H-07095,2026-08-07 21:34:00,441.7,0.0,"Xã Thượng Phúc, TP Hà Nội",0,0,441.7,2.0,6.0,0,0.0,1,0,0,VALID,0.0,0.0,441.7,0.0,5.0,1,Stopped,0.0,0,0,,441.7,441.7,441.8,0.0
92H-07095,2026-08-07 21:36:00,441.7,0.0,"Xã Thượng Phúc, TP Hà Nội",0,0,441.7,2.0,6.0,0,0.0,1,0,0,VALID,0.0,0.0,441.7,0.0,5.0,1,Stopped,0.0,0,0,,441.7,441.7,441.8,0.0
92H-07095,2026-08-07 21:38:00,441.7,0.0,"Xã Thượng Phúc, TP Hà Nội",0,0,441.7,2.0,6.0,0,0.0,1,0,0,VALID,0.0,0.0,441.7,0.0,5.0,1,Stopped,0.0,0,0,,441.7,441.7,441.8,0.0
92H-07095,2026-08-07 21:40:00,441.7,0.0,"Xã Thượng Phúc, TP Hà Nội",0,0,441.7,2.0,6.0,0,0.0,1,0,0,VALID,0.0,0.0,441.7,0.0,5.0,1,Stopped,0.0,0,0,,441.7,441.7,441.7,0.0
92H-07095,2026-08-07 21:42:00,441.7,0.0,"Xã Thượng Phúc, TP Hà Nội",0,0,441.7,2.0,6.0,0,0.0,1,0,0,VALID,0.0,0.0,441.7,0.0,5.0,1,Stopped,0.0,0,0,,441.7,441.7,441.7,0.0
92H-07095,2026-08-07 21:44:00,441.7,0.0,"Xã Thượng Phúc, TP Hà Nội",0,0,441.7,2.0,6.0,0,0.0,1,0,0,VALID,0.0,0.0,441.7,0.0,5.0,1,Stopped,0.0,0,0,,441.7,441.7,441.7,0.0
92H-07095,2026-08-07 21:46:00,441.7,0.0,"Xã Thượng Phúc, TP Hà Nội",0,0,441.7,2.0,6.0,0,0.0,1,0,0,VALID,0.0,0.0,441.7,0.0,5.0,1,Stopped,0.0,0,0,,441.7,441.7,441.7,0.0
92H-07095,2026-08-09 00:00:00,259.7,76.0,"Cao tốc Vũng Áng - Bùng, Xã Bố Trạch, Tỉnh Quảng Trị",0,0,259.7,1574.0,6.0,1,0.0,2,1,1,VALID,,,259.7,0.0,1.0,0,Moving,0.0,0,1,LONG_GAP|SIGNAL_LOSS_MOVING,259.7,259.7,259.7,1.0
92H-07095,2026-08-09 00:02:00,256.2,68.0,"Cao tốc Vũng Áng - Bùng, Xã Bố Trạch, Tỉnh Quảng Trị",0,0,256.2,2.0,6.0,0,0.0,2,0,0,VALID,-3.5,-1.75,257.95,2.4748737341529163,2.0,0,Moving,-0.0666666666666666,0,0,,256.2,258.3,259.3,1.0
92H-07095,2026-08-09 00:04:00,257.6,72.0,"Cao tốc Bùng-Vạn Ninh, Xã Bố Trạch, Tỉnh Quảng Trị",0,0,257.6,2.0,6.0,0,0.0,2,0,0,VALID,1.400000000000034,0.700000000000017,257.6,1.761628034896505,3.0,1,Moving,0.0333333333333333,0,0,,257.6,258.0,259.2,1.0
92H-07095,2026-08-09 00:06:00,255.6,50.0,"Cao tốc Bùng-Vạn Ninh, Xã Bố Trạch, Tỉnh Quảng Trị",0,0,255.6,2.0,6.0,0,0.0,2,0,0,VALID,-2.0000000000000284,-1.0000000000000142,256.9,1.8209429791548404,4.0,1,Moving,-0.1833333333333333,0,0,,255.6,257.1,258.8,1.0
92H-07095,2026-08-09 00:08:00,257.2,75.0,"Cao tốc Bùng-Vạn Ninh, Xã Bố Trạch, Tỉnh Quảng Trị",0,0,257.2,2.0,6.0,0,0.0,2,0,0,VALID,1.5999999999999943,0.7999999999999972,257.2,1.5773395322504218,5.0,1,Moving,0.2083333333333333,0,0,,257.2,257.1,258.7,1.0
92H-07095,2026-08-09 00:10:00,254.4,73.0,"Cao tốc Bùng-Vạn Ninh, Xã Hoàn Lão, Tỉnh Quảng Trị",0,0,254.4,2.0,6.0,0,0.0,2,0,0,VALID,-2.799999999999983,-1.3999999999999917,256.2,1.2806248474865507,5.0,1,Moving,-0.0166666666666666,0,0,,254.4,256.0,258.2,1.0
92H-07095,2026-08-09 00:12:00,255.1,76.0,"Cao tốc Bùng-Vạn Ninh, Xã Nam Trạch, Tỉnh Quảng Trị",0,0,255.1,2.0,6.0,0,0.0,2,0,0,VALID,0.6999999999999886,0.3499999999999943,255.6,1.3718600511713828,5.0,1,Moving,0.025,0,0,,255.1,255.7,257.9,1.0
92H-07095,2026-08-09 00:14:00,254.0,72.0,"Cao tốc Bùng-Vạn Ninh, Xã Nam Trạch, Tỉnh Quảng Trị",0,0,254.0,2.0,6.0,0,0.0,2,0,0,VALID,-1.0999999999999943,-0.5499999999999972,255.1,1.2481987021303584,5.0,1,Moving,-0.0333333333333333,0,0,,254.0,255.0,257.5,1.0
92H-07095,2026-08-09 00:16:00,252.0,73.0,"Cao tốc Bùng-Vạn Ninh, Xã Nam Trạch, Tỉnh Quảng Trị",0,0,252.0,2.0,6.0,0,0.0,2,0,0,VALID,-2.0,-1.0,254.4,1.8809572031282085,5.0,1,Moving,0.0083333333333333,0,0,,252.0,253.8,257.0,1.0
92H-07095,2026-08-09 00:18:00,252.6,69.0,"Cao tốc Bùng-Vạn Ninh, Xã Nam Trạch, Tỉnh Quảng Trị",0,0,252.6,2.0,6.0,0,0.0,2,0,0,VALID,0.5999999999999943,0.2999999999999971,254.0,1.2853015210447343,5.0,1,Moving,-0.0333333333333333,0,0,,256.8,255.0,257.0,1.0
92H-07095,2026-08-09 00:20:00,249.3,74.0,"Cao tốc Bùng-Vạn Ninh, Phường Đồng Sơn, Tỉnh Quảng Trị",0,0,249.3,2.0,6.0,0,0.0,2,0,0,VALID,-3.299999999999983,-1.6499999999999917,252.6,2.2056745000112596,5.0,1,Moving,0.0416666666666666,0,0,,253.7,254.5,256.6,1.0
92H-07095,2026-08-09 00:22:00,247.8,56.0,"Cao tốc Bùng-Vạn Ninh, Phường Đồng Sơn, Tỉnh Quảng Trị",0,0,247.8,2.0,6.0,0,0.0,2,0,0,VALID,-1.5,-0.75,252.0,2.5294268125407333,5.0,1,Moving,-0.15,0,0,,253.0,253.9,256.3,1.0
92H-07095,2026-08-09 00:24:00,250.6,66.0,"Cao tốc Bùng-Vạn Ninh, Phường Đồng Sơn, Tỉnh Quảng Trị",0,0,250.6,2.0,6.0,0,0.0,2,0,0,VALID,2.799999999999983,1.3999999999999917,250.6,1.9616319736382748,5.0,1,Moving,0.0833333333333333,0,0,,253.8,253.9,256.0,1.0
92H-07095,2026-08-09 00:26:00,247.6,73.0,"Cao tốc Bùng-Vạn Ninh, Phường Đồng Sơn, Tỉnh Quảng Trị",0,0,247.6,2.0,6.0,0,0.0,2,0,0,VALID,-3.0,-1.5,249.3,2.0813457185196373,5.0,1,Moving,0.0583333333333333,0,0,,252.1,253.2,255.6,1.0
92H-07095,2026-08-09 00:28:00,247.2,71.0,"Cao tốc Bùng-Vạn Ninh, Xã Quảng Ninh, Tỉnh Quảng Trị",0,0,247.2,2.0,6.0,0,0.0,2,0,0,VALID,-0.4000000000000057,-0.2000000000000028,247.8,1.4177446878758087,5.0,1,Moving,-0.0166666666666666,0,0,,251.5,252.5,255.2,1.0
92H-07095,2026-08-09 00:30:00,246.0,77.0,"Cao tốc Bùng-Vạn Ninh, Xã Quảng Ninh, Tỉnh Quảng Trị",0,0,246.0,2.0,6.0,0,0.0,2,0,0,VALID,-1.1999999999999886,-0.5999999999999943,247.6,1.693517050401347,5.0,1,Moving,0.05,0,0,,250.5,251.7,254.7,1.0
92H-07095,2026-08-09 00:32:00,246.2,75.0,"Cao tốc Bùng-Vạn Ninh, Xã Quảng Ninh, Tỉnh Quảng Trị",0,0,246.2,2.0,6.0,0,0.0,2,0,0,VALID,0.1999999999999886,0.0999999999999943,247.2,1.847159982243032,5.0,1,Moving,-0.0166666666666666,0,0,,250.1,251.1,254.3,1.0
92H-07095,2026-08-09 00:34:00,245.1,70.0,"Cao tốc Bùng-Vạn Ninh, Xã Trường Ninh, Tỉnh Quảng Trị",0,0,245.1,2.0,6.0,0,0.0,2,0,0,VALID,-1.0999999999999943,-0.5499999999999972,246.2,0.9959919678391178,5.0,1,Moving,-0.0416666666666666,0,0,,249.0,250.2,253.8,1.0
92H-07095,2026-08-09 00:36:00,245.4,75.0,"Cao tốc Bùng-Vạn Ninh, Xã Trường Ninh, Tỉnh Quảng Trị",0,0,245.4,2.0,6.0,0,0.0,2,0,0,VALID,0.3000000000000113,0.1500000000000056,246.0,0.8136338242723404,5.0,1,Moving,0.0416666666666666,0,0,,249.0,249.7,253.3,1.0
92H-07095,2026-08-09 00:38:00,242.2,72.0,"Cao tốc Bùng-Vạn Ninh, Xã Trường Ninh, Tỉnh Quảng Trị",0,0,242.2,2.0,6.0,0,0.0,2,0,0,VALID,-3.200000000000017,-1.6000000000000083,245.4,1.6161683080669629,5.0,1,Moving,-0.025,0,0,,246.4,248.4,252.6,1.0
92H-07095,2026-08-09 00:40:00,242.1,75.0,"Cao tốc Bùng-Vạn Ninh, Xã Trường Ninh, Tỉnh Quảng Trị",0,0,242.1,2.0,6.0,0,0.0,2,0,0,VALID,-0.0999999999999943,-0.0499999999999971,245.1,1.9144189719076703,5.0,1,Moving,0.025,0,0,,246.3,247.6,252.0,1.0
92H-07095,2026-08-09 00:42:00,243.4,65.0,"Cao tốc Bùng-Vạn Ninh, Xã Trường Ninh, Tỉnh Quảng Trị",0,0,243.4,2.0,6.0,0,0.0,2,0,0,VALID,1.3000000000000114,0.6500000000000057,243.4,1.559807680452952,5.0,1,Moving,-0.0833333333333333,0,0,,247.1,247.4,251.5,1.0
92H-07095,2026-08-09 00:44:00,240.9,73.0,"Cao tốc Vạn Ninh-Cam Lộ, Xã Lệ Ninh, Tỉnh Quảng Trị",0,0,240.9,2.0,6.0,0,0.0,2,0,0,VALID,-2.5,-1.25,242.2,1.7014699527173502,5.0,1,Moving,0.0666666666666666,0,0,,245.0,246.4,250.8,1.0
92H-07095,2026-08-09 00:46:00,242.2,75.0,"Cao tốc Vạn Ninh-Cam Lộ, Xã Lệ Ninh, Tỉnh Quảng Trị",0,0,242.2,2.0,6.0,0,0.0,2,0,0,VALID,1.299999999999983,0.6499999999999915,242.2,0.8848728722251266,5.0,1,Moving,0.0166666666666666,0,0,,245.7,246.1,250.3,1.0
92H-07095,2026-08-09 00:48:00,237.5,77.0,"Cao tốc Vạn Ninh-Cam Lộ, Xã Trường Phú, Tỉnh Quảng Trị",0,0,237.5,2.0,6.0,0,0.0,2,0,0,VALID,-4.699999999999989,-2.3499999999999943,242.1,2.2598672527385073,5.0,1,Moving,0.0166666666666666,0,0,,242.5,244.7,249.5,1.0
92H-07095,2026-08-09 00:50:00,238.7,73.0,"Cao tốc Vạn Ninh-Cam Lộ, Xã Trường Phú, Tỉnh Quảng Trị",0,0,238.7,2.0,6.0,0,0.0,2,0,0,VALID,1.1999999999999886,0.5999999999999943,240.9,2.4337214302380326,5.0,1,Moving,-0.0333333333333333,0,0,,243.1,244.0,248.9,1.0
92H-07095,2026-08-09 00:52:00,237.8,75.0,"Cao tốc Vạn Ninh-Cam Lộ, Xã Trường Phú, Tỉnh Quảng Trị",0,0,237.8,2.0,6.0,0,0.0,2,0,0,VALID,-0.8999999999999773,-0.4499999999999886,238.7,2.0462160198766255,5.0,1,Moving,0.0166666666666666,0,0,,241.7,243.1,248.2,1.0
92H-07095,2026-08-09 00:54:00,237.5,73.0,"Cao tốc Vạn Ninh-Cam Lộ, Xã Trường Phú, Tỉnh Quảng Trị",0,0,237.5,2.0,6.0,0,0.0,2,0,0,VALID,-0.3000000000000113,-0.1500000000000056,237.8,1.9957454747536483,5.0,1,Moving,-0.0166666666666666,0,0,,241.4,242.4,247.5,1.0
92H-07095,2026-08-09 00:56:00,236.3,75.0,"Cao tốc Vạn Ninh-Cam Lộ, Xã Trường Phú, Tỉnh Quảng Trị",0,0,236.3,2.0,6.0,0,0.0,2,0,0,VALID,-1.1999999999999886,-0.5999999999999943,237.5,0.8590692637963127,5.0,1,Moving,0.0166666666666666,0,0,,240.0,241.5,246.7,1.0
92H-07095,2026-08-09 00:58:00,233.4,74.0,"Cao tốc Vạn Ninh-Cam Lộ, Xã Trường Phú, Tỉnh Quảng Trị",0,0,233.4,2.0,6.0,0,0.0,2,0,0,VALID,-2.9000000000000057,-1.4500000000000028,237.5,2.0549939172657967,5.0,1,Moving,-0.0083333333333333,0,0,,238.3,240.2,245.9,1.0
92H-07095,2026-08-09 01:00:00,234.1,74.0,"Cao tốc Vạn Ninh-Cam Lộ, Xã Kim Ngân, Tỉnh Quảng Trị",0,0,234.1,2.0,6.0,0,0.0,2,0,0,VALID,0.6999999999999886,0.3499999999999943,236.3,1.9867058161689015,5.0,1,Moving,0.0,0,0,,238.5,239.5,245.2,1.0
92H-07095,2026-08-09 01:02:00,231.2,65.0,"Cao tốc Vạn Ninh-Cam Lộ, Xã Kim Ngân, Tỉnh Quảng Trị",0,0,231.2,2.0,6.0,0,0.0,2,0,0,VALID,-2.9000000000000057,-1.4500000000000028,234.1,2.474873734152764,5.0,1,Moving,-0.075,0,0,,236.0,238.1,244.2,1.0
92H-07095,2026-08-09 01:04:00,233.1,62.0,"Cao tốc Vạn Ninh-Cam Lộ, Xã Kim Ngân, Tỉnh Quảng Trị",0,0,233.1,2.0,6.0,0,0.0,2,0,0,VALID,1.9000000000000057,0.9500000000000028,233.4,1.843095222716176,5.0,1,Moving,-0.025,0,0,,237.1,237.7,243.5,1.0
92H-07095,2026-08-09 01:06:00,230.6,75.0,"Cao tốc Vạn Ninh-Cam Lộ, Xã Kim Ngân, Tỉnh Quảng Trị",0,0,230.6,2.0,6.0,0,0.0,2,0,0,VALID,-2.5,-1.25,233.1,1.5023315213357842,5.0,1,Moving,0.1083333333333333,0,0,,234.5,236.4,242.6,1.0
92H-07095,2026-08-09 01:08:00,229.3,72.0,"Cao tốc Vạn Ninh-Cam Lộ, Xã Kim Ngân, Tỉnh Quảng Trị",0,0,229.3,2.0,6.0,0,0.0,2,0,0,VALID,-1.299999999999983,-0.6499999999999915,231.2,1.9320973060379214,5.0,1,Moving,-0.025,0,0,,234.1,235.5,241.8,1.0
92H-07095,2026-08-09 01:10:00,230.0,72.0,"Cao tốc Vạn Ninh-Cam Lộ, Xã Bến Quan, Tỉnh Quảng Trị",0,0,230.0,2.0,6.0,0,0.0,2,0,0,VALID,0.6999999999999886,0.3499999999999943,230.6,1.4467204291081717,5.0,1,Moving,0.0,0,0,,234.0,234.9,241.0,1.0
92H-07095,2026-08-09 01:12:00,230.6,75.0,"Cao tốc Vạn Ninh-Cam Lộ, Xã Bến Quan, Tỉnh Quảng Trị",0,0,230.6,2.0,6.0,0,0.0,2,0,0,VALID,0.5999999999999943,0.2999999999999971,230.6,1.434224529144209,5.0,1,Moving,0.025,0,0,,234.0,234.5,240.3,1.0
92H-07095,2026-08-09 01:14:00,228.2,71.0,"Cao tốc Vạn Ninh-Cam Lộ, Xã Bến Quan, Tỉnh Quảng Trị",0,0,228.2,2.0,6.0,0,0.0,2,0,0,VALID,-2.4000000000000057,-1.2000000000000028,230.0,1.0139033484503768,5.0,1,Moving,-0.0333333333333333,0,0,,232.4,233.7,239.5,1.0
92H-07095,2026-08-09 01:16:00,226.6,73.0,"Cao tốc Vạn Ninh-Cam Lộ, Xã Vĩnh Thủy, Tỉnh Quảng Trị",0,0,226.6,2.0,6.0,0,0.0,2,0,0,VALID,-1.5999999999999943,-0.7999999999999972,229.3,1.5836666315859695,5.0,1,Moving,0.0166666666666666,0,0,,230.9,232.6,238.6,1.0
92H-07095,2026-08-09 01:18:00,227.4,64.0,"Cao tốc Vạn Ninh-Cam Lộ, Xã Vĩnh Thủy, Tỉnh Quảng Trị",0,0,227.4,2.0,6.0,0,0.0,2,0,0,VALID,0.8000000000000114,0.4000000000000057,228.2,1.6994116628994926,5.0,1,Moving,-0.075,0,0,,231.1,232.0,237.9,1.0
92H-07095,2026-08-09 01:20:00,225.9,76.0,"Cao tốc Vạn Ninh-Cam Lộ, Xã Vĩnh Thủy, Tỉnh Quảng Trị",0,0,225.9,2.0,6.0,0,0.0,2,0,0,VALID,-1.5,-0.75,227.4,1.8160396471439597,5.0,1,Moving,0.1,0,0,,229.6,231.0,237.1,1.0
92H-07095,2026-08-09 01:22:00,223.8,70.0,"Cao tốc Vạn Ninh-Cam Lộ, Xã Cồn Tiên, Tỉnh Quảng Trị",0,0,223.8,2.0,6.0,0,0.0,2,0,0,VALID,-2.0999999999999943,-1.0499999999999972,226.6,1.6798809481623092,5.0,1,Moving,-0.05,0,0,,228.7,230.1,236.2,1.0
92H-07095,2026-08-09 01:24:00,223.0,57.0,"Cao tốc Vạn Ninh-Cam Lộ, Xã Cồn Tiên, Tỉnh Quảng Trị",0,0,223.0,2.0,6.0,0,0.0,2,0,0,VALID,-0.8000000000000114,-0.4000000000000057,225.9,1.8702940945206243,5.0,1,Moving,-0.1083333333333333,0,0,,227.4,229.0,235.3,1.0
92H-07095,2026-08-09 01:26:00,218.8,66.0,"Cao tốc Vạn Ninh-Cam Lộ, Xã Cồn Tiên, Tỉnh Quảng Trị",0,0,218.8,2.0,6.0,0,0.0,2,0,0,VALID,-4.199999999999989,-2.0999999999999943,223.8,3.279024245106874,5.0,1,Moving,0.075,0,0,,224.2,227.1,234.2,1.0
92H-07095,2026-08-09 01:28:00,222.1,76.0,"Cao tốc Vạn Ninh-Cam Lộ, Xã Cồn Tiên, Tỉnh Quảng Trị",0,0,222.1,2.0,6.0,0,0.0,2,0,0,VALID,3.299999999999983,1.6499999999999917,223.0,2.6032671779897463,5.0,1,Moving,0.0833333333333333,0,0,,226.2,226.7,233.4,1.0
92H-07095,2026-08-09 01:30:00,223.1,71.0,"Cao tốc Vạn Ninh-Cam Lộ, Xã Cồn Tiên, Tỉnh Quảng Trị",0,0,223.1,2.0,6.0,0,0.0,2,0,0,VALID,1.0,0.5,223.0,1.9730686759458451,5.0,1,Moving,-0.0416666666666666,0,0,,226.1,226.5,232.7,1.0
92H-07095,2026-08-09 01:32:00,220.5,67.0,"Cao tốc Vạn Ninh-Cam Lộ, Xã Hiếu Giang, Tỉnh Quảng Trị",0,0,220.5,2.0,6.0,0,0.0,2,0,0,VALID,-2.5999999999999943,-1.2999999999999972,222.1,1.834393632784054,5.0,1,Moving,-0.0333333333333333,0,0,,224.3,225.6,231.9,1.0
92H-07095,2026-08-09 01:34:00,220.0,73.0,"Cao tốc Vạn Ninh-Cam Lộ, Xã Hiếu Giang, Tỉnh Quảng Trị",0,0,220.0,2.0,6.0,0,0.0,2,0,0,VALID,-0.5,-0.25,220.5,1.7073371078960007,5.0,1,Moving,0.05,0,0,,223.7,224.8,231.0,1.0
92H-07095,2026-08-09 01:36:00,220.2,56.0,"Cao tốc Vạn Ninh-Cam Lộ, Xã Hiếu Giang, Tỉnh Quảng Trị",0,0,220.2,2.0,6.0,0,0.0,2,0,0,VALID,0.1999999999999886,0.0999999999999943,220.5,1.355359730845909,5.0,1,Moving,-0.1416666666666666,0,0,,223.6,224.3,230.3,1.0
92H-07095,2026-08-09 01:38:00,220.0,26.0,"Xã Hiếu Giang, Tỉnh Quảng Trị",0,0,220.0,2.0,6.0,0,0.0,2,0,0,VALID,-0.1999999999999886,-0.0999999999999943,220.2,1.3240090634126005,5.0,1,Moving,-0.25,0,0,,222.9,223.8,229.6,1.0
92H-07095,2026-08-09 01:40:00,217.7,41.0,"Quốc Lộ 9, Xã Hiếu Giang, Tỉnh Quảng Trị",0,0,217.7,2.0,6.0,0,0.0,2,0,0,VALID,-2.300000000000012,-1.1500000000000057,220.0,1.125610945219867,5.0,1,Moving,0.125,0,0,,221.2,222.7,228.7,1.0
92H-07095,2026-08-09 01:42:00,216.5,36.0,"Tránh Nam Đông Hà, Xã Hiếu Giang, Tỉnh Quảng Trị",0,0,216.5,2.0,6.0,0,0.0,2,0,0,VALID,-1.1999999999999886,-0.5999999999999943,220.0,1.6813684902479884,5.0,1,Moving,-0.0416666666666666,0,0,,220.0,221.6,227.8,1.0
92H-07095,2026-08-09 01:44:00,217.4,25.0,"Tránh Nam Đông Hà, Xã Hiếu Giang, Tỉnh Quảng Trị",0,0,217.4,2.0,6.0,0,0.0,2,0,0,VALID,0.9000000000000057,0.4500000000000028,217.7,1.650151508195178,5.0,1,Moving,-0.0916666666666666,0,0,,219.8,220.9,227.0,1.0
92H-07095,2026-08-09 01:46:00,210.6,29.0,"Tránh Nam Đông Hà, Xã Hiếu Giang, Tỉnh Quảng Trị",0,0,210.6,2.0,6.0,0,0.0,2,0,0,VALID,-6.800000000000011,-3.4000000000000057,217.4,3.5104130811058365,5.0,1,Moving,0.0333333333333333,0,0,,216.1,219.0,225.9,1.0
92H-07095,2026-08-09 01:48:00,219.9,28.0,"Tránh Nam Đông Hà, Phường Đông Hà, Tỉnh Quảng Trị",0,0,219.9,2.0,6.0,0,0.0,2,0,0,VALID,9.300000000000011,4.650000000000006,217.4,3.4852546535366633,5.0,1,Moving,-0.0083333333333333,1,1,LARGE_DELTA,222.0,220.2,225.6,1.0
92H-07095,2026-08-09 01:50:00,212.5,23.0,"Tránh Nam Đông Hà, Phường Đông Hà, Tỉnh Quảng Trị",0,0,212.5,2.0,6.0,0,0.0,2,0,0,VALID,-7.400000000000006,-3.700000000000003,216.5,3.7718695629619927,5.0,1,Moving,-0.0416666666666666,0,0,,216.4,218.7,224.6,1.0
92H-07095,2026-08-09 01:52:00,213.7,23.0,"Tránh Nam Đông Hà, Phường Nam Đông Hà, Tỉnh Quảng Trị",0,0,213.7,2.0,6.0,0,0.0,2,0,0,VALID,1.1999999999999886,0.5999999999999943,213.7,3.7718695629620043,5.0,1,Moving,0.0,0,0,,217.6,218.2,223.9,1.0
92H-07095,2026-08-09 01:54:00,216.4,29.0,"Tránh Nam Đông Hà, Phường Nam Đông Hà, Tỉnh Quảng Trị",0,0,216.4,2.0,6.0,0,0.0,2,0,0,VALID,2.700000000000017,1.3500000000000083,213.7,3.6244999655123737,5.0,1,Moving,0.05,0,0,,218.0,218.1,223.3,1.0
92H-07095,2026-08-09 01:56:00,215.2,29.0,"Tránh Nam Đông Hà, Phường Nam Đông Hà, Tỉnh Quảng Trị",0,0,215.2,2.0,6.0,0,0.0,2,0,0,VALID,-1.200000000000017,-0.6000000000000085,215.2,2.850087717948176,5.0,1,Moving,0.0,0,0,,217.1,217.7,222.7,1.0
92H-07095,2026-08-09 01:58:00,215.6,30.0,"Tránh Nam Đông Hà, Phường Nam Đông Hà, Tỉnh Quảng Trị",0,0,215.6,2.0,6.0,0,0.0,2,0,0,VALID,0.4000000000000057,0.2000000000000028,215.2,1.5642889758606593,5.0,1,Moving,0.0083333333333333,0,0,,216.9,217.4,222.1,1.0
92H-07095,2026-08-09 02:00:00,214.6,16.0,"Tránh Nam Đông Hà, Phường Nam Đông Hà, Tỉnh Quảng Trị",0,0,214.6,2.0,6.0,0,0.0,2,0,0,VALID,-1.0,-0.5,215.2,1.019803902718114,5.0,1,Moving,-0.1166666666666666,0,0,,216.0,216.8,221.5,1.0
92H-07095,2026-08-09 02:02:00,215.2,38.0,"Tránh Nam Đông Hà, Phường Nam Đông Hà, Tỉnh Quảng Trị",0,0,215.2,2.0,6.0,0,0.0,2,0,0,VALID,0.5999999999999943,0.2999999999999971,215.2,0.6633249580703481,5.0,1,Moving,0.1833333333333333,0,0,,216.2,216.6,221.0,1.0
92H-07095,2026-08-09 02:04:00,216.4,11.0,"Tránh Nam Đông Hà, Phường Nam Đông Hà, Tỉnh Quảng Trị",0,0,216.4,2.0,6.0,0,0.0,2,0,0,VALID,1.200000000000017,0.6000000000000085,215.2,0.6633249580703481,5.0,1,Moving,-0.225,0,0,,216.4,216.5,220.5,1.0
92H-07095,2026-08-09 02:06:00,215.0,0.0,"Lê Duẩn, Phường Nam Đông Hà, Tỉnh Quảng Trị",0,0,215.0,2.0,6.0,0,0.0,2,0,0,VALID,-1.4000000000000057,-0.7000000000000028,215.2,0.6841052550587768,5.0,1,Stopped,-0.0916666666666666,0,0,,216.6,216.5,220.1,0.0
92H-07095,2026-08-09 02:08:00,211.7,32.0,"Lê Duẩn, Phường Nam Đông Hà, Tỉnh Quảng Trị",0,0,211.7,2.0,6.0,0,0.0,2,0,0,VALID,-3.300000000000012,-1.6500000000000057,215.0,1.7441330224496057,5.0,1,Moving,0.2666666666666666,0,0,,213.7,215.4,219.5,1.0
92H-07095,2026-08-09 02:10:00,213.3,31.0,"Lê Duẩn, Xã Ái Tử, Tỉnh Quảng Trị",0,0,213.3,2.0,6.0,0,0.0,2,0,0,VALID,1.6000000000000227,0.8000000000000114,215.0,1.8349386910736942,5.0,1,Moving,-0.0083333333333333,0,0,,215.1,215.3,219.1,1.0
92H-07095,2026-08-09 02:12:00,213.1,32.0,"Lê Duẩn, Xã Ái Tử, Tỉnh Quảng Trị",0,0,213.1,2.0,6.0,0,0.0,2,0,0,VALID,-0.200000000000017,-0.1000000000000085,213.3,1.823458252880866,5.0,1,Moving,0.0083333333333333,0,0,,215.5,215.4,218.7,1.0
92H-07095,2026-08-09 02:14:00,212.4,34.0,"Lê Duẩn, Xã Ái Tử, Tỉnh Quảng Trị",0,0,212.4,2.0,6.0,0,0.0,2,0,0,VALID,-0.6999999999999886,-0.3499999999999943,213.1,1.2349089035226526,5.0,1,Moving,0.0166666666666666,0,0,,215.1,215.3,218.3,1.0
92H-07095,2026-08-09 02:16:00,212.1,34.0,"Lê Duẩn, Xã Triệu Phong, Tỉnh Quảng Trị",0,0,212.1,2.0,6.0,0,0.0,2,0,0,VALID,-0.3000000000000113,-0.1500000000000056,212.4,0.6723094525586297,5.0,1,Moving,0.0,0,0,,215.0,215.2,218.0,1.0
92H-07095,2026-08-09 02:18:00,213.6,0.0,"Lê Duẩn, Xã Triệu Phong, Tỉnh Quảng Trị",0,0,213.6,2.0,6.0,0,0.0,2,0,0,VALID,1.5,0.75,213.1,0.6284902544984738,5.0,1,Stopped,-0.2833333333333333,0,0,,215.2,215.2,217.7,0.0
92H-07095,2026-08-09 02:20:00,212.1,35.0,"Lê Duẩn, Xã Triệu Phong, Tỉnh Quảng Trị",0,0,212.1,2.0,6.0,0,0.0,2,0,0,VALID,-1.5,-0.75,212.4,0.6655824516914691,5.0,1,Moving,0.2916666666666667,0,0,,214.7,215.0,217.4,1.0
92H-07095,2026-08-09 02:22:00,214.3,0.0,"Quốc Lộ 1, Phường Quảng Trị, Tỉnh Quảng Trị",0,0,214.3,2.0,6.0,0,0.0,2,0,0,VALID,2.200000000000017,1.1000000000000083,212.4,0.997496867162791,5.0,1,Stopped,-0.2916666666666667,0,0,,216.1,215.4,217.3,0.0
92H-07095,2026-08-09 02:24:00,211.5,0.0,"Quốc Lộ 1, Phường Quảng Trị, Tỉnh Quảng Trị",0,0,211.5,2.0,6.0,0,0.0,2,0,0,VALID,-2.800000000000012,-1.4000000000000057,212.1,1.1755849607746875,5.0,1,Stopped,0.0,0,0,,213.8,214.8,216.9,0.0
92H-07095,2026-08-09 02:26:00,211.4,0.0,"Quốc Lộ 1, Phường Quảng Trị, Tỉnh Quảng Trị",0,0,211.4,2.0,6.0,0,0.0,2,0,0,VALID,-0.0999999999999943,-0.0499999999999971,212.1,1.3026895255584323,5.0,1,Stopped,0.0,0,0,,213.0,214.1,216.5,0.0
92H-07095,2026-08-09 02:28:00,211.4,0.0,"Quốc Lộ 1, Phường Quảng Trị, Tỉnh Quảng Trị",0,0,211.4,2.0,6.0,0,0.0,2,0,0,VALID,0.0,0.0,211.5,1.2421755109483388,5.0,1,Stopped,0.0,0,0,,213.1,213.7,216.2,0.0
92H-07095,2026-08-09 02:30:00,211.2,0.0,"Quốc Lộ 1, Phường Quảng Trị, Tỉnh Quảng Trị",0,0,211.2,2.0,6.0,0,0.0,2,0,0,VALID,-0.200000000000017,-0.1000000000000085,211.4,1.3126309458487613,5.0,1,Stopped,0.0,0,0,,212.8,213.3,215.9,0.0
92H-07095,2026-08-09 02:32:00,211.1,0.0,"Quốc Lộ 1, Phường Quảng Trị, Tỉnh Quảng Trị",0,0,211.1,2.0,6.0,0,0.0,2,0,0,VALID,-0.0999999999999943,-0.0499999999999971,211.4,0.16431676725138428,5.0,1,Stopped,0.0,0,0,,212.2,212.9,215.5,0.0
92H-07095,2026-08-09 02:34:00,210.9,0.0,"Quốc Lộ 1, Phường Quảng Trị, Tỉnh Quảng Trị",0,0,210.9,2.0,6.0,0,0.0,2,0,0,VALID,-0.1999999999999886,-0.0999999999999943,211.2,0.2121320343558862,5.0,1,Stopped,0.0,0,0,,212.0,212.5,215.1,0.0
92H-07095,2026-08-09 02:36:00,210.9,0.0,"Quốc Lộ 1, Phường Quảng Trị, Tỉnh Quảng Trị",0,0,210.9,2.0,6.0,0,0.0,2,0,0,VALID,0.0,0.0,211.1,0.21213203435592723,5.0,1,Stopped,0.0,0,0,,212.3,212.4,214.9,0.0
92H-07095,2026-08-09 02:38:00,210.9,0.0,"Quốc Lộ 1, Phường Quảng Trị, Tỉnh Quảng Trị",0,0,210.9,2.0,6.0,0,0.0,2,0,0,VALID,0.0,0.0,210.9,0.14142135623731739,5.0,1,Stopped,0.0,0,0,,211.9,212.2,214.6,0.0
92H-07095,2026-08-09 02:40:00,210.8,0.0,"Quốc Lộ 1, Phường Quảng Trị, Tỉnh Quảng Trị",0,0,210.8,2.0,6.0,0,0.0,2,0,0,VALID,-0.0999999999999943,-0.0499999999999971,210.9,0.10954451150111987,5.0,1,Stopped,0.0,0,0,,212.4,212.3,214.3,0.0
92H-07095,2026-08-09 02:42:00,210.8,0.0,"Quốc Lộ 1, Phường Quảng Trị, Tỉnh Quảng Trị",0,0,210.8,2.0,6.0,0,0.0,2,0,0,VALID,0.0,0.0,210.9,0.05477225575078777,5.0,1,Stopped,0.0,0,0,,211.4,211.9,214.1,0.0
92H-07095,2026-08-09 02:44:00,210.8,0.0,"Quốc Lộ 1, Phường Quảng Trị, Tỉnh Quảng Trị",0,0,210.8,2.0,6.0,0,0.0,2,0,0,VALID,0.0,0.0,210.8,0.054772255750813716,5.0,1,Stopped,0.0,0,0,,210.8,211.5,213.7,0.0
92H-07095,2026-08-09 02:46:00,210.6,0.0,"Quốc Lộ 1, Phường Quảng Trị, Tỉnh Quảng Trị",0,0,210.6,2.0,6.0,0,0.0,2,0,0,VALID,-0.200000000000017,-0.1000000000000085,210.8,0.10954451150122381,5.0,1,Stopped,0.0,0,0,,211.2,211.4,213.5,0.0
92H-07095,2026-08-09 02:48:00,210.6,0.0,"Quốc Lộ 1, Phường Quảng Trị, Tỉnh Quảng Trị",0,0,210.6,2.0,6.0,0,0.0,2,0,0,VALID,0.0,0.0,210.8,0.10954451150125884,5.0,1,Stopped,0.0,0,0,,210.6,211.1,213.2,0.0
92H-07095,2026-08-09 02:50:00,210.6,0.0,"Quốc Lộ 1, Phường Quảng Trị, Tỉnh Quảng Trị",0,0,210.6,2.0,6.0,0,0.0,2,0,0,VALID,0.0,0.0,210.6,0.10954451150128479,5.0,1,Stopped,0.0,0,0,,210.6,210.9,212.9,0.0
92H-07095,2026-08-09 02:52:00,210.6,0.0,"Quốc Lộ 1, Phường Quảng Trị, Tỉnh Quảng Trị",0,0,210.6,2.0,6.0,0,0.0,2,0,0,VALID,0.0,0.0,210.6,0.0894427191003348,5.0,1,Stopped,0.0,0,0,,210.6,210.8,212.7,0.0
92H-07095,2026-08-09 02:54:00,210.6,0.0,"Quốc Lộ 1, Phường Quảng Trị, Tỉnh Quảng Trị",0,0,210.6,2.0,6.0,0,0.0,2,0,0,VALID,0.0,0.0,210.6,0.0,5.0,1,Stopped,0.0,0,0,,210.6,210.7,212.5,0.0
92H-07095,2026-08-09 02:56:00,210.5,0.0,"Quốc Lộ 1, Phường Quảng Trị, Tỉnh Quảng Trị",0,0,210.5,2.0,6.0,0,0.0,2,0,0,VALID,-0.0999999999999943,-0.0499999999999971,210.6,0.044721359550783595,5.0,1,Stopped,0.0,0,0,,210.5,210.6,212.3,0.0
92H-07095,2026-08-09 02:58:00,210.5,0.0,"Quốc Lộ 1, Phường Quảng Trị, Tỉnh Quảng Trị",0,0,210.5,2.0,6.0,0,0.0,2,0,0,VALID,0.0,0.0,210.6,0.05477225575119805,5.0,1,Stopped,0.0,0,0,,210.5,210.6,212.1,0.0
92H-07095,2026-08-09 03:00:00,210.3,0.0,"Quốc Lộ 1, Phường Quảng Trị, Tỉnh Quảng Trị",0,0,210.3,2.0,6.0,0,0.0,2,0,0,VALID,-0.1999999999999886,-0.0999999999999943,210.5,0.12247448713952307,5.0,1,Stopped,0.0,0,0,,210.3,210.5,211.9,0.0
92H-07095,2026-08-09 03:02:00,210.3,0.0,"Quốc Lộ 1, Phường Quảng Trị, Tỉnh Quảng Trị",0,0,210.3,2.0,6.0,0,0.0,2,0,0,VALID,0.0,0.0,210.5,0.13416407865037958,5.0,1,Stopped,0.0,0,0,,210.3,210.4,211.8,0.0
92H-07095,2026-08-09 03:04:00,210.2,0.0,"Quốc Lộ 1, Phường Quảng Trị, Tỉnh Quảng Trị",0,0,210.2,2.0,6.0,0,0.0,2,0,0,VALID,-0.1000000000000227,-0.0500000000000113,210.3,0.13416407865047386,5.0,1,Stopped,0.0,0,0,,210.2,210.3,211.6,0.0
92H-07095,2026-08-09 03:06:00,210.2,0.0,"Quốc Lộ 1, Phường Quảng Trị, Tỉnh Quảng Trị",0,0,210.2,2.0,6.0,0,0.0,2,0,0,VALID,0.0,0.0,210.3,0.1224744871397721,5.0,1,Stopped,0.0,0,0,,210.2,210.3,211.5,0.0
92H-07095,2026-08-09 03:08:00,210.0,0.0,"Quốc Lộ 1, Phường Quảng Trị, Tỉnh Quảng Trị",0,0,210.0,2.0,6.0,0,0.0,2,0,0,VALID,-0.1999999999999886,-0.0999999999999943,210.2,0.12247448713990698,5.0,1,Stopped,0.0,0,0,,210.0,210.2,211.3,0.0
92H-07095,2026-08-09 03:10:00,210.0,0.0,"Quốc Lộ 1, Phường Quảng Trị, Tỉnh Quảng Trị",0,0,210.0,2.0,6.0,0,0.0,2,0,0,VALID,0.0,0.0,210.2,0.1341640786507384,5.0,1,Stopped,0.0,0,0,,210.0,210.1,211.2,0.0
92H-07095,2026-08-09 03:12:00,210.0,0.0,"Quốc Lộ 1, Phường Quảng Trị, Tỉnh Quảng Trị",0,0,210.0,2.0,6.0,0,0.0,2,0,0,VALID,0.0,0.0,210.0,0.10954451150203721,5.0,1,Stopped,0.0,0,0,,210.0,210.1,211.1,0.0
92H-07095,2026-08-09 03:14:00,210.0,0.0,"Quốc Lộ 1, Phường Quảng Trị, Tỉnh Quảng Trị",0,0,210.0,2.0,6.0,0,0.0,2,0,0,VALID,0.0,0.0,210.0,0.08944271910129566,5.0,1,Stopped,0.0,0,0,,210.0,210.0,211.0,0.0
92H-07095,2026-08-09 03:16:00,209.9,0.0,"Quốc Lộ 1, Phường Quảng Trị, Tỉnh Quảng Trị",0,0,209.9,2.0,6.0,0,0.0,2,0,0,VALID,-0.0999999999999943,-0.0499999999999971,210.0,0.04472135955283876,5.0,1,Stopped,0.0,0,0,,209.9,210.0,210.9,0.0
92H-07095,2026-08-09 03:18:00,209.7,0.0,"Quốc Lộ 1, Phường Quảng Trị, Tỉnh Quảng Trị",0,0,209.7,2.0,6.0,0,0.0,2,0,0,VALID,-0.200000000000017,-0.1000000000000085,210.0,0.13038404810510876,5.0,1,Stopped,0.0,0,0,,209.7,209.9,210.7,0.0
92H-07095,2026-08-09 03:20:00,209.7,0.0,"Quốc Lộ 1, Phường Quảng Trị, Tỉnh Quảng Trị",0,0,209.7,2.0,6.0,0,0.0,2,0,0,VALID,0.0,0.0,209.9,0.15165750888200297,5.0,1,Stopped,0.0,0,0,,209.7,209.8,210.6,0.0
92H-07095,2026-08-09 03:22:00,209.6,0.0,"Quốc Lộ 1, Phường Quảng Trị, Tỉnh Quảng Trị",0,0,209.6,2.0,6.0,0,0.0,2,0,0,VALID,-0.0999999999999943,-0.0499999999999971,209.7,0.16431676725252403,5.0,1,Stopped,0.0,0,0,,209.6,209.7,210.5,0.0
92H-07095,2026-08-09 03:24:00,206.7,38.0,"Quốc Lộ 1, Phường Quảng Trị, Tỉnh Quảng Trị",0,0,206.7,2.0,6.0,0,0.0,2,0,0,VALID,-2.9000000000000057,-1.4500000000000028,209.7,1.3572030061860765,5.0,1,Moving,0.3166666666666666,0,0,,208.8,209.4,210.4,1.0
92H-07095,2026-08-09 03:26:00,208.0,49.0,"Lê Duẩn, Phường Quảng Trị, Tỉnh Quảng Trị",0,0,208.0,2.0,6.0,0,0.0,2,0,0,VALID,1.3000000000000114,0.6500000000000057,209.6,1.350185172485847,5.0,1,Moving,0.0916666666666666,0,0,,209.8,209.5,210.3,1.0
92H-07095,2026-08-09 03:28:00,208.4,50.0,"Quốc Lộ 1, Xã Hải Lăng, Tỉnh Quảng Trị",0,0,208.4,2.0,6.0,0,0.0,2,0,0,VALID,0.4000000000000057,0.2000000000000028,208.4,1.2397580409098892,5.0,1,Moving,0.0083333333333333,0,0,,209.9,209.7,210.3,1.0
92H-07095,2026-08-09 03:30:00,206.2,54.0,"Quốc Lộ 1, Xã Hải Lăng, Tỉnh Quảng Trị",0,0,206.2,2.0,6.0,0,0.0,2,0,0,VALID,-2.200000000000017,-1.1000000000000083,208.0,1.3608820668966848,5.0,1,Moving,0.0333333333333333,0,0,,209.0,209.4,210.1,1.0
92H-07095,2026-08-09 03:32:00,209.0,0.0,"Quốc Lộ 1, Xã Hải Lăng, Tỉnh Quảng Trị",0,0,209.0,2.0,6.0,0,0.0,2,0,0,VALID,2.800000000000012,1.4000000000000057,208.0,1.17388244726678,5.0,1,Stopped,-0.45,0,0,,210.6,209.9,210.2,0.0
92H-07095,2026-08-09 03:34:00,205.2,62.0,"Quốc Lộ 1, Xã Hải Lăng, Tỉnh Quảng Trị",0,0,205.2,2.0,6.0,0,0.0,2,0,0,VALID,-3.8000000000000114,-1.9000000000000057,208.0,1.5962455951391532,5.0,1,Moving,0.5166666666666667,0,0,,208.5,209.3,210.0,1.0
92H-07095,2026-08-09 03:36:00,205.2,63.0,"Quốc Lộ 1, Xã Hải Lăng, Tỉnh Quảng Trị",0,0,205.2,2.0,6.0,0,0.0,2,0,0,VALID,0.0,0.0,206.2,1.7944358444930084,5.0,1,Moving,0.0083333333333333,0,0,,208.9,209.2,209.9,1.0
92H-07095,2026-08-09 03:38:00,204.2,66.0,"Quốc Lộ 1, Xã Diên Sanh, Tỉnh Quảng Trị",0,0,204.2,2.0,6.0,0,0.0,2,0,0,VALID,-1.0,-0.5,205.2,1.8406520583753998,5.0,1,Moving,0.025,0,0,,208.0,208.7,209.7,1.0
92H-07095,2026-08-09 03:40:00,205.3,60.0,"Quốc Lộ 1, Xã Diên Sanh, Tỉnh Quảng Trị",0,0,205.3,2.0,6.0,0,0.0,2,0,0,VALID,1.1000000000000227,0.5500000000000114,205.2,1.8552627846215337,5.0,1,Moving,-0.05,0,0,,208.4,208.6,209.6,1.0
92H-07095,2026-08-09 03:42:00,205.2,63.0,"Quốc Lộ 1, Xã Diên Sanh, Tỉnh Quảng Trị",0,0,205.2,2.0,6.0,0,0.0,2,0,0,VALID,-0.1000000000000227,-0.0500000000000113,205.2,0.4604345773308737,5.0,1,Moving,0.025,0,0,,207.5,208.1,209.4,1.0
92H-07095,2026-08-09 03:44:00,203.7,65.0,"Quốc Lộ 1, Xã Nam Hải Lăng, Tỉnh Quảng Trị",0,0,203.7,2.0,6.0,0,0.0,2,0,0,VALID,-1.5,-0.75,205.2,0.7259476565166046,5.0,1,Moving,0.0166666666666666,0,0,,207.1,207.7,209.1,1.0
92H-07095,2026-08-09 03:46:00,206.1,36.0,"Quốc Lộ 1, Xã Nam Hải Lăng, Tỉnh Quảng Trị",0,0,206.1,2.0,6.0,0,0.0,2,0,0,VALID,2.4000000000000057,1.2000000000000028,205.2,0.9513148795230194,5.0,1,Moving,-0.2416666666666666,0,0,,208.4,208.0,209.1,1.0
92H-07095,2026-08-09 03:48:00,199.3,53.0,"Quốc Lộ 1, Xã Nam Hải Lăng, Tỉnh Quảng Trị",0,0,199.3,2.0,6.0,0,0.0,2,0,0,VALID,-6.799999999999983,-3.3999999999999915,205.2,2.724334781190113,5.0,1,Moving,0.1416666666666666,0,0,,203.7,206.3,208.5,1.0
92H-07095,2026-08-09 03:50:00,202.3,56.0,"Quốc Lộ 1, Xã Nam Hải Lăng, Tỉnh Quảng Trị",0,0,202.3,2.0,6.0,0,0.0,2,0,0,VALID,3.0,1.5,203.7,2.6743223440719257,5.0,1,Moving,0.025,0,0,,206.1,206.2,208.3,1.0
92H-07095,2026-08-09 03:52:00,200.3,62.0,"Quốc Lộ 1, Phường Phong Điền, TP Huế",0,0,200.3,2.0,6.0,0,0.0,2,0,0,VALID,-2.0,-1.0,202.3,2.7107194616932775,5.0,1,Moving,0.05,0,0,,203.3,205.0,207.8,1.0
92H-07095,2026-08-09 03:54:00,200.8,63.0,"Quốc Lộ 1, Phường Phong Điền, TP Huế",0,0,200.8,2.0,6.0,0,0.0,2,0,0,VALID,0.5,0.25,200.8,2.6566896694952717,5.0,1,Moving,0.0083333333333333,0,0,,203.7,204.5,207.4,1.0
92H-07095,2026-08-09 03:56:00,201.4,46.0,"Quốc Lộ 1, Phường Phong Điền, TP Huế",0,0,201.4,2.0,6.0,0,0.0,2,0,0,VALID,0.5999999999999943,0.2999999999999971,200.8,1.1300442469227645,5.0,1,Moving,-0.1416666666666666,0,0,,203.7,204.2,207.0,1.0
92H-07095,2026-08-09 03:58:00,200.2,48.0,"Quốc Lộ 1, Phường Phong Điền, TP Huế",0,0,200.2,2.0,6.0,0,0.0,2,0,0,VALID,-1.200000000000017,-0.6000000000000085,200.8,0.868907359850973,5.0,1,Moving,0.0166666666666666,0,0,,203.4,203.9,206.7,1.0
92H-07095,2026-08-09 04:00:00,198.3,57.0,"Quốc Lộ 1, Phường Phong Điền, TP Huế",0,0,198.3,2.0,6.0,0,0.0,2,0,0,VALID,-1.8999999999999773,-0.9499999999999886,200.3,1.1640446726837312,5.0,1,Moving,0.075,0,0,,202.1,203.2,206.2,1.0
92H-07095,2026-08-09 04:02:00,198.3,62.0,"Quốc Lộ 1, Phường Phong Thái, TP Huế",0,0,198.3,2.0,6.0,0,0.0,2,0,0,VALID,0.0,0.0,200.2,1.433527118684353,5.0,1,Moving,0.0416666666666666,0,0,,201.8,202.6,205.8,1.0
92H-07095,2026-08-09 04:04:00,196.5,67.0,"Quốc Lộ 1, Phường Phong Thái, TP Huế",0,0,196.5,2.0,6.0,0,0.0,2,0,0,VALID,-1.8000000000000114,-0.9000000000000057,198.3,1.8981570008836675,5.0,1,Moving,0.0416666666666666,0,0,,200.6,201.8,205.2,1.0
92H-07095,2026-08-09 04:06:00,198.3,49.0,"Quốc Lộ 1, Phường Phong Thái, TP Huế",0,0,198.3,2.0,6.0,0,0.0,2,0,0,VALID,1.8000000000000114,0.9000000000000057,198.3,1.308434178705157,5.0,1,Moving,-0.15,0,0,,200.4,201.2,204.8,1.0
92H-07095,2026-08-09 04:08:00,195.9,52.0,"Quốc Lộ 1, Phường Phong Thái, TP Huế",0,0,195.9,2.0,6.0,0,0.0,2,0,0,VALID,-2.4000000000000057,-1.2000000000000028,198.3,1.1696153213788223,5.0,1,Moving,0.025,0,0,,199.6,200.6,204.2,1.0
92H-07095,2026-08-09 04:10:00,195.8,64.0,"Cách Mạng Tháng 8, Phường Hương Trà, TP Huế",0,0,195.8,2.0,6.0,0,0.0,2,0,0,VALID,-0.0999999999999943,-0.0499999999999971,196.5,1.2521980674015671,5.0,1,Moving,0.1,0,0,,199.4,200.1,203.8,1.0
92H-07095,2026-08-09 04:12:00,196.1,49.0,"Cách Mạng Tháng 8, Phường Hương Trà, TP Huế",0,0,196.1,2.0,6.0,0,0.0,2,0,0,VALID,0.2999999999999829,0.1499999999999914,196.1,1.030533842241167,5.0,1,Moving,-0.125,0,0,,199.7,199.9,203.4,1.0
92H-07095,2026-08-09 04:14:00,194.5,51.0,"Đường tránh Thành phố Huế, Phường Hương Trà, TP Huế",0,0,194.5,2.0,6.0,0,0.0,2,0,0,VALID,-1.5999999999999943,-0.7999999999999972,195.9,1.371860051173027,5.0,1,Moving,0.0166666666666666,0,0,,198.7,199.4,202.9,1.0
92H-07095,2026-08-09 04:16:00,193.9,51.0,"Đường tránh Thành phố Huế, Phường Hương Trà, TP Huế",0,0,193.9,2.0,6.0,0,0.0,2,0,0,VALID,-0.5999999999999943,-0.2999999999999971,195.8,0.9787747442617808,5.0,1,Moving,0.0,0,0,,198.0,198.9,202.4,1.0
92H-07095,2026-08-09 04:18:00,193.1,55.0,"Đường tránh Thành phố Huế, Phường Kim Trà, TP Huế",0,0,193.1,2.0,6.0,0,0.0,2,0,0,VALID,-0.8000000000000114,-0.4000000000000057,194.5,1.2657013865856714,5.0,1,Moving,0.0333333333333333,0,0,,196.9,198.1,201.8,1.0
92H-07095,2026-08-09 04:20:00,192.9,55.0,"Đường tránh Thành phố Huế, Phường Hương An, TP Huế",0,0,192.9,2.0,6.0,0,0.0,2,0,0,VALID,-0.1999999999999886,-0.0999999999999943,193.9,1.288409872674472,5.0,1,Moving,0.0,0,0,,196.7,197.5,201.3,1.0
92H-07095,2026-08-09 04:22:00,192.4,57.0,"Đường tránh Thành phố Huế, Phường Hương An, TP Huế",0,0,192.4,2.0,6.0,0,0.0,2,0,0,VALID,-0.5,-0.25,193.1,0.835463942971359,5.0,1,Moving,0.0166666666666666,0,0,,196.1,197.0,200.8,1.0
92H-07095,2026-08-09 04:24:00,192.3,47.0,"Đường tránh Thành phố Huế, Phường Kim Long, TP Huế",0,0,192.3,2.0,6.0,0,0.0,2,0,0,VALID,-0.0999999999999943,-0.0499999999999971,192.9,0.6418722614394227,5.0,1,Moving,-0.0833333333333333,0,0,,196.2,196.7,200.3,1.0
92H-07095,2026-08-09 04:26:00,191.1,54.0,"Cao tốc Cam Lộ - La Sơn, Phường Kim Long, TP Huế",0,0,191.1,2.0,6.0,0,0.0,2,0,0,VALID,-1.200000000000017,-0.6000000000000085,192.4,0.7797435475882436,5.0,1,Moving,0.0583333333333333,0,0,,195.0,196.0,199.8,1.0
92H-07095,2026-08-09 04:28:00,189.5,54.0,"Cao tốc Cam Lộ - La Sơn, Phường Kim Long, TP Huế",0,0,189.5,2.0,6.0,0,0.0,2,0,0,VALID,-1.5999999999999943,-0.7999999999999972,192.3,1.3667479650636696,5.0,1,Moving,0.0,0,0,,194.1,195.2,199.2,1.0
92H-07095,2026-08-09 04:30:00,192.1,55.0,"Đường tránh Thành phố Huế, Phường Kim Long, TP Huế",0,0,192.1,2.0,6.0,0,0.0,2,0,0,VALID,2.5999999999999943,1.2999999999999972,192.1,1.2214745187705374,5.0,1,Moving,0.0083333333333333,0,0,,195.3,195.3,198.8,1.0
92H-07095,2026-08-09 04:32:00,188.9,56.0,"Cao tốc Cam Lộ - La Sơn, Phường Kim Long, TP Huế",0,0,188.9,2.0,6.0,0,0.0,2,0,0,VALID,-3.1999999999999886,-1.5999999999999943,191.1,1.527088733507607,5.0,1,Moving,0.0083333333333333,0,0,,193.0,194.4,198.3,1.0
92H-07095,2026-08-09 04:34:00,189.5,46.0,"Cao tốc Cam Lộ - La Sơn, Phường Kim Long, TP Huế",0,0,189.5,2.0,6.0,0,0.0,2,0,0,VALID,0.5999999999999943,0.2999999999999971,189.5,1.3311649033857407,5.0,1,Moving,-0.0833333333333333,0,0,,193.3,193.9,197.8,1.0
92H-07095,2026-08-09 04:36:00,185.2,59.0,"Cao tốc Cam Lộ - La Sơn, Phường Thủy Xuân, TP Huế",0,0,185.2,2.0,6.0,0,0.0,2,0,0,VALID,-4.300000000000011,-2.1500000000000057,189.5,2.47749873864877,5.0,1,Moving,0.1083333333333333,0,0,,190.2,192.4,197.0,1.0
92H-07095,2026-08-09 04:38:00,187.9,55.0,"Đường tránh Thành phố Huế, Phường Thủy Xuân, TP Huế",0,0,187.9,2.0,6.0,0,0.0,2,0,0,VALID,2.700000000000017,1.3500000000000083,188.9,2.506391828905909,5.0,1,Moving,-0.0333333333333333,0,0,,191.5,192.1,196.5,1.0
92H-07095,2026-08-09 04:40:00,185.5,54.0,"Đường tránh Thành phố Huế, Phường Thanh Thủy, TP Huế",0,0,185.5,2.0,6.0,0,0.0,2,0,0,VALID,-2.4000000000000057,-1.2000000000000028,187.9,1.9595917942282293,5.0,1,Moving,-0.0083333333333333,0,0,,189.5,191.0,195.8,1.0
92H-07095,2026-08-09 04:42:00,186.4,58.0,"Đường tránh Thành phố Huế, Phường Thanh Thủy, TP Huế",0,0,186.4,2.0,6.0,0,0.0,2,0,0,VALID,0.9000000000000057,0.4500000000000028,186.4,1.7930421077059848,5.0,1,Moving,0.0333333333333333,0,0,,189.9,190.6,195.2,1.0
92H-07095,2026-08-09 04:44:00,185.7,55.0,"Đường tránh Thành phố Huế, Phường Thanh Thủy, TP Huế",0,0,185.7,2.0,6.0,0,0.0,2,0,0,VALID,-0.700000000000017,-0.3500000000000085,185.7,1.0784247771666309,5.0,1,Moving,-0.025,0,0,,189.0,189.9,194.6,1.0
92H-07095,2026-08-09 04:46:00,184.5,54.0,"Đường tránh Thành phố Huế, Phường Hương Thủy, TP Huế",0,0,184.5,2.0,6.0,0,0.0,2,0,0,VALID,-1.1999999999999886,-0.5999999999999943,185.7,1.2609520212945922,5.0,1,Moving,-0.0083333333333333,0,0,,188.1,189.2,193.9,1.0
92H-07095,2026-08-09 04:48:00,185.2,56.0,"Đường tránh Thành phố Huế, Phường Phú Bài, TP Huế",0,0,185.2,2.0,6.0,0,0.0,2,0,0,VALID,0.6999999999999886,0.3499999999999943,185.5,0.6949820141608115,5.0,1,Moving,0.0166666666666666,0,0,,188.7,189.0,193.4,1.0
92H-07095,2026-08-09 04:50:00,184.6,50.0,"Đường tránh Thành phố Huế, Phường Phú Bài, TP Huế",0,0,184.6,2.0,6.0,0,0.0,2,0,0,VALID,-0.5999999999999943,-0.2999999999999971,185.2,0.791833315797616,5.0,1,Moving,-0.05,0,0,,187.7,188.5,192.8,1.0
92H-07095,2026-08-09 04:52:00,184.2,53.0,"Đường tránh Thành phố Huế, Phường Phú Bài, TP Huế",0,0,184.2,2.0,6.0,0,0.0,2,0,0,VALID,-0.4000000000000057,-0.2000000000000028,184.6,0.6024948132615743,5.0,1,Moving,0.025,0,0,,187.4,188.1,192.3,1.0
92H-07095,2026-08-09 04:54:00,184.0,55.0,"Quốc Lộ 1, Phường Phú Bài, TP Huế",0,0,184.0,2.0,6.0,0,0.0,2,0,0,VALID,-0.1999999999999886,-0.0999999999999943,184.5,0.458257569503376,5.0,1,Moving,0.0166666666666666,0,0,,186.6,187.5,191.7,1.0
92H-07095,2026-08-09 04:56:00,184.8,41.0,TPTĐ - Phú Bài,0,0,184.8,2.0,6.0,0,0.0,2,0,0,VALID,0.8000000000000114,0.4000000000000057,184.6,0.4774934554600044,5.0,1,Moving,-0.1166666666666666,0,0,,187.6,187.5,191.3,1.0
92H-07095,2026-08-09 04:58:00,182.4,53.0,"Quốc Lộ 1, Xã Hưng Lộc, TP Huế",0,0,182.4,2.0,6.0,0,0.0,2,0,0,VALID,-2.4000000000000057,-1.2000000000000028,184.2,0.9486832980543293,5.0,1,Moving,0.1,0,0,,185.8,186.8,190.8,1.0
92H-07095,2026-08-09 05:00:00,180.2,55.0,"Cầu La Sơn, Xã Hưng Lộc, TP Huế",0,0,180.2,2.0,6.0,0,0.0,2,0,0,VALID,-2.200000000000017,-1.1000000000000083,184.0,1.8579558660009803,5.0,1,Moving,0.0166666666666666,0,0,,184.8,186.0,190.2,1.0
92H-07095,2026-08-09 05:02:00,181.7,49.0,"Quốc Lộ 1, Xã Hưng Lộc, TP Huế",0,0,181.7,2.0,6.0,0,0.0,2,0,0,VALID,1.5,0.75,182.4,1.8308467986173982,5.0,1,Moving,-0.05,0,0,,185.1,185.7,189.7,1.0
92H-07095,2026-08-09 05:04:00,180.2,57.0,"Quốc Lộ 1, Xã Lộc An, TP Huế",0,0,180.2,2.0,6.0,0,0.0,2,0,0,VALID,-1.5,-0.75,181.7,1.9021040980997246,5.0,1,Moving,0.0666666666666666,0,0,,183.6,184.8,189.0,1.0
92H-07095,2026-08-09 05:06:00,180.5,61.0,"Quốc Lộ 1, Xã Lộc An, TP Huế",0,0,180.5,2.0,6.0,0,0.0,2,0,0,VALID,0.3000000000000113,0.1500000000000056,180.5,0.9974968671669853,5.0,1,Moving,0.0333333333333333,0,0,,184.1,184.5,188.6,1.0
92H-07095,2026-08-09 05:08:00,179.2,64.0,"Quốc Lộ 1, Xã Lộc An, TP Huế",0,0,179.2,2.0,6.0,0,0.0,2,0,0,VALID,-1.3000000000000114,-0.6500000000000057,180.2,0.8961026726932992,5.0,1,Moving,0.025,0,0,,183.0,183.9,188.0,1.0
92H-07095,2026-08-09 05:10:00,179.2,66.0,"Quốc Lộ 1, Xã Lộc An, TP Huế",0,0,179.2,2.0,6.0,0,0.0,2,0,0,VALID,0.0,0.0,180.2,1.0406728592637162,5.0,1,Moving,0.0166666666666666,0,0,,182.8,183.5,187.5,1.0
92H-07095,2026-08-09 05:12:00,177.7,67.0,"Quốc Lộ 1, Xã Lộc An, TP Huế",0,0,177.7,2.0,6.0,0,0.0,2,0,0,VALID,-1.5,-0.75,179.2,1.0968135666594792,5.0,1,Moving,0.0083333333333333,0,0,,181.9,182.8,186.9,1.0
92H-07095,2026-08-09 05:14:00,176.8,61.0,"Lý Thánh Tông, Xã Phú Lộc, TP Huế",0,0,176.8,2.0,6.0,0,0.0,2,0,0,VALID,-0.8999999999999773,-0.4499999999999886,179.2,1.4446452851853977,5.0,1,Moving,-0.05,0,0,,181.3,182.2,186.4,1.0
92H-07095,2026-08-09 05:16:00,178.6,47.0,"Lý Thánh Tông, Xã Phú Lộc, TP Huế",0,0,178.6,2.0,6.0,0,0.0,2,0,0,VALID,1.799999999999983,0.8999999999999915,178.6,1.039230484545396,5.0,1,Moving,-0.1166666666666666,0,0,,181.5,181.9,185.9,1.0
92H-07095,2026-08-09 05:18:00,176.7,48.0,"Lý Thánh Tông, Xã Phú Lộc, TP Huế",0,0,176.7,2.0,6.0,0,0.0,2,0,0,VALID,-1.9000000000000057,-0.9500000000000028,177.7,1.0977249200089085,5.0,1,Moving,0.0083333333333333,0,0,,180.1,181.2,185.3,1.0
92H-07095,2026-08-09 05:20:00,175.2,46.0,"Quốc Lộ 1, Xã Phú Lộc, TP Huế",0,0,175.2,2.0,6.0,0,0.0,2,0,0,VALID,-1.5,-0.75,176.8,1.266885945935444,5.0,1,Moving,-0.0166666666666666,0,0,,179.7,180.6,184.7,1.0
92H-07095,2026-08-09 05:22:00,179.3,0.0,"Quốc Lộ 1, Xã Phú Lộc, TP Huế",0,0,179.3,2.0,6.0,0,0.0,2,0,0,VALID,4.100000000000023,2.050000000000012,176.8,1.6361540269817811,5.0,1,Stopped,-0.3833333333333333,0,0,,181.5,181.0,184.4,0.0
92H-07095,2026-08-09 05:24:00,174.6,0.0,"Quốc Lộ 1, Xã Phú Lộc, TP Huế",0,0,174.6,2.0,6.0,0,0.0,2,0,0,VALID,-4.700000000000017,-2.3500000000000085,176.7,2.05353354002529,5.0,1,Stopped,0.0,0,0,,178.5,180.0,183.8,0.0
92H-07095,2026-08-09 05:26:00,174.6,0.0,"Quốc Lộ 1, Xã Phú Lộc, TP Huế",0,0,174.6,2.0,6.0,0,0.0,2,0,0,VALID,0.0,0.0,175.2,1.9942417105278305,5.0,1,Stopped,0.0,0,0,,178.3,179.3,183.3,0.0
92H-07095,2026-08-09 05:28:00,174.6,0.0,"Quốc Lộ 1, Xã Phú Lộc, TP Huế",0,0,174.6,2.0,6.0,0,0.0,2,0,0,VALID,0.0,0.0,174.6,2.051341024795501,5.0,1,Stopped,0.0,0,0,,177.6,178.6,182.7,0.0
92H-07095,2026-08-09 05:30:00,174.5,0.0,"Quốc Lộ 1, Xã Phú Lộc, TP Huế",0,0,174.5,2.0,6.0,0,0.0,2,0,0,VALID,-0.0999999999999943,-0.0499999999999971,174.6,2.1135278564544815,5.0,1,Stopped,0.0,0,0,,177.0,178.0,182.1,0.0
92H-07095,2026-08-09 05:32:00,174.5,0.0,"Quốc Lộ 1, Xã Phú Lộc, TP Huế",0,0,174.5,2.0,6.0,0,0.0,2,0,0,VALID,0.0,0.0,174.6,0.05477225583451936,5.0,1,Stopped,0.0,0,0,,176.7,177.5,181.6,0.0
92H-07095,2026-08-09 05:34:00,174.3,0.0,"Quốc Lộ 1, Xã Phú Lộc, TP Huế",0,0,174.3,2.0,6.0,0,0.0,2,0,0,VALID,-0.1999999999999886,-0.0999999999999943,174.5,0.1224744871767556,5.0,1,Stopped,0.0,0,0,,176.5,177.1,181.1,0.0
92H-07095,2026-08-09 05:36:00,174.3,0.0,"Quốc Lộ 1, Xã Phú Lộc, TP Huế",0,0,174.3,2.0,6.0,0,0.0,2,0,0,VALID,0.0,0.0,174.5,0.1341640786843395,5.0,1,Stopped,0.0,0,0,,175.7,176.5,180.5,0.0
92H-07095,2026-08-09 05:38:00,174.3,0.0,"Quốc Lộ 1, Xã Phú Lộc, TP Huế",0,0,174.3,2.0,6.0,0,0.0,2,0,0,VALID,0.0,0.0,174.3,0.10954451154314132,5.0,1,Stopped,0.0,0,0,,175.4,176.1,180.0,0.0
92H-07095,2026-08-09 05:40:00,174.3,0.0,"Quốc Lộ 1, Xã Phú Lộc, TP Huế",0,0,174.3,2.0,6.0,0,0.0,2,0,0,VALID,0.0,0.0,174.3,0.08944271915159481,5.0,1,Stopped,0.0,0,0,,176.0,176.0,179.6,0.0
92H-07095,2026-08-09 05:42:00,174.3,0.0,"Quốc Lộ 1, Xã Phú Lộc, TP Huế",0,0,174.3,2.0,6.0,0,0.0,2,0,0,VALID,0.0,0.0,174.3,0.0,5.0,1,Stopped,0.0,0,0,,174.3,175.3,179.1,0.0
92H-07095,2026-08-09 05:44:00,174.3,0.0,"Quốc Lộ 1, Xã Phú Lộc, TP Huế",0,0,174.3,2.0,6.0,0,0.0,2,0,0,VALID,0.0,0.0,174.3,0.0,5.0,1,Stopped,0.0,0,0,,174.3,174.9,178.6,0.0
92H-07095,2026-08-09 05:46:00,174.2,0.0,"Quốc Lộ 1, Xã Phú Lộc, TP Huế",0,0,174.2,2.0,6.0,0,0.0,2,0,0,VALID,-0.1000000000000227,-0.0500000000000113,174.3,0.0447213596533036,5.0,1,Stopped,0.0,0,0,,174.2,174.6,178.2,0.0
92H-07095,2026-08-09 05:48:00,174.1,0.0,"Quốc Lộ 1, Xã Phú Lộc, TP Huế",0,0,174.1,2.0,6.0,0,0.0,2,0,0,VALID,-0.0999999999999943,-0.0499999999999971,174.3,0.08944271915167246,5.0,1,Stopped,0.0,0,0,,174.1,174.4,177.8,0.0
92H-07095,2026-08-09 05:50:00,174.1,0.0,"Quốc Lộ 1, Xã Phú Lộc, TP Huế",0,0,174.1,2.0,6.0,0,0.0,2,0,0,VALID,0.0,0.0,174.2,0.1000000000462453,5.0,1,Stopped,0.0,0,0,,174.1,174.3,177.4,0.0
92H-07095,2026-08-09 05:52:00,174.1,0.0,"Quốc Lộ 1, Xã Phú Lộc, TP Huế",0,0,174.1,2.0,6.0,0,0.0,2,0,0,VALID,0.0,0.0,174.1,0.08944271915172171,5.0,1,Stopped,0.0,0,0,,174.1,174.2,177.1,0.0
92H-07095,2026-08-09 05:54:00,173.9,0.0,"Quốc Lộ 1, Xã Phú Lộc, TP Huế",0,0,173.9,2.0,6.0,0,0.0,2,0,0,VALID,-0.1999999999999886,-0.0999999999999943,174.1,0.10954451154330591,5.0,1,Stopped,0.0,0,0,,173.9,174.1,176.8,0.0
92H-07095,2026-08-09 05:56:00,173.8,0.0,"Quốc Lộ 1, Xã Phú Lộc, TP Huế",0,0,173.8,2.0,6.0,0,0.0,2,0,0,VALID,-0.0999999999999943,-0.0499999999999971,174.1,0.14142135627008925,5.0,1,Stopped,0.0,0,0,,173.8,174.0,176.5,0.0
92H-07095,2026-08-09 05:58:00,173.8,0.0,"Quốc Lộ 1, Xã Phú Lộc, TP Huế",0,0,173.8,2.0,6.0,0,0.0,2,0,0,VALID,0.0,0.0,173.9,0.15165750891162585,5.0,1,Stopped,0.0,0,0,,173.8,173.9,176.2,0.0
92H-07095,2026-08-09 06:00:00,173.6,0.0,"Quốc Lộ 1, Xã Phú Lộc, TP Huế",0,0,173.6,2.0,6.0,0,0.0,2,0,0,VALID,-0.200000000000017,-0.1000000000000085,173.8,0.1816590212714322,5.0,1,Stopped,0.0,0,0,,174.2,174.0,176.0,0.0
92H-07095,2026-08-09 06:02:00,173.6,0.0,"Quốc Lộ 1, Xã Phú Lộc, TP Huế",0,0,173.6,2.0,6.0,0,0.0,2,0,0,VALID,0.0,0.0,173.8,0.13416407868469415,5.0,1,Stopped,0.0,0,0,,174.2,174.1,175.8,0.0
92H-07095,2026-08-09 06:04:00,173.2,40.0,"Đường dẫn hầm Phước Tượng, Xã Phú Lộc, TP Huế",0,0,173.2,2.0,6.0,0,0.0,2,0,0,VALID,-0.4000000000000057,-0.2000000000000028,173.6,0.24494897429737258,5.0,1,Moving,0.3333333333333333,0,0,,174.1,174.1,175.6,1.0
92H-07095,2026-08-09 06:06:00,171.6,39.0,"Hầm Phước Tượng, Xã Phú Lộc, TP Huế",0,0,171.6,2.0,6.0,0,0.0,2,0,0,VALID,-1.5999999999999943,-0.7999999999999972,173.6,0.8988882021749968,5.0,1,Moving,-0.0083333333333333,0,0,,173.5,173.9,175.4,1.0
92H-07095,2026-08-09 06:08:00,173.3,51.0,"Đường dẫn hầm Phước Tượng, Xã Chân Mây - Lăng Cô, TP Huế",0,0,173.3,2.0,6.0,0,0.0,2,0,0,VALID,1.700000000000017,0.8500000000000085,173.3,0.8354639429738469,5.0,1,Moving,0.1,0,0,,174.6,174.2,175.3,1.0
92H-07095,2026-08-09 06:10:00,172.4,38.0,"Quốc Lộ 1, Xã Chân Mây - Lăng Cô, TP Huế",0,0,172.4,2.0,6.0,0,0.0,2,0,0,VALID,-0.9000000000000057,-0.4500000000000028,173.2,0.8136338242781211,5.0,1,Moving,-0.1083333333333333,0,0,,174.2,174.2,175.2,1.0
92H-07095,2026-08-09 06:12:00,171.1,53.0,"Quốc Lộ 1, Xã Chân Mây - Lăng Cô, TP Huế",0,0,171.1,2.0,6.0,0,0.0,2,0,0,VALID,-1.3000000000000114,-0.6500000000000057,172.4,0.9679876032313154,5.0,1,Moving,0.125,0,0,,173.8,174.0,175.1,1.0
92H-07095,2026-08-09 06:14:00,171.1,59.0,"Quốc Lộ 1, Xã Chân Mây - Lăng Cô, TP Huế",0,0,171.1,2.0,6.0,0,0.0,2,0,0,VALID,0.0,0.0,171.6,0.9460443964262869,5.0,1,Moving,0.05,0,0,,173.9,174.0,175.0,1.0
92H-07095,2026-08-09 06:16:00,169.4,54.0,"Quốc Lộ 1, Xã Chân Mây - Lăng Cô, TP Huế",0,0,169.4,2.0,6.0,0,0.0,2,0,0,VALID,-1.6999999999999886,-0.8499999999999943,171.1,1.4808781178779167,5.0,1,Moving,-0.0416666666666666,0,0,,172.9,173.5,174.8,1.0
92H-07095,2026-08-09 06:18:00,170.2,60.0,"Quốc Lộ 1, Xã Chân Mây - Lăng Cô, TP Huế",0,0,170.2,2.0,6.0,0,0.0,2,0,0,VALID,0.799999999999983,0.3999999999999915,171.1,1.1238327277712352,5.0,1,Moving,0.05,0,0,,173.5,173.5,174.6,1.0
92H-07095,2026-08-09 06:20:00,169.6,57.0,"Quốc Lộ 1, Xã Chân Mây - Lăng Cô, TP Huế",0,0,169.6,2.0,6.0,0,0.0,2,0,0,VALID,-0.5999999999999943,-0.2999999999999971,170.2,0.8043631020937098,5.0,1,Moving,-0.025,0,0,,173.1,173.4,174.5,1.0
92H-07095,2026-08-09 06:22:00,168.8,53.0,"Quốc Lộ 1, Xã Chân Mây - Lăng Cô, TP Huế",0,0,168.8,2.0,6.0,0,0.0,2,0,0,VALID,-0.799999999999983,-0.3999999999999915,169.6,0.872926113717465,5.0,1,Moving,-0.0333333333333333,0,0,,172.4,173.0,174.3,1.0
92H-07095,2026-08-09 06:24:00,167.3,61.0,"Quốc Lộ 1, Xã Chân Mây - Lăng Cô, TP Huế",0,0,167.3,2.0,6.0,0,0.0,2,0,0,VALID,-1.5,-0.75,169.4,1.1036303729102264,5.0,1,Moving,0.0666666666666666,0,0,,171.1,172.2,174.0,1.0
92H-07095,2026-08-09 06:26:00,168.2,44.0,"Lạc Long Quân, Xã Chân Mây - Lăng Cô, TP Huế",0,0,168.2,2.0,6.0,0,0.0,2,0,0,VALID,0.8999999999999773,0.4499999999999886,168.8,1.1410521460520562,5.0,1,Moving,-0.1416666666666666,0,0,,172.0,172.1,173.8,1.0
92H-07095,2026-08-09 06:28:00,170.4,0.0,"Lạc Long Quân, Xã Chân Mây - Lăng Cô, TP Huế",0,0,170.4,2.0,6.0,0,0.0,2,0,0,VALID,2.200000000000017,1.1000000000000083,168.8,1.2033287165234616,5.0,1,Stopped,-0.3666666666666666,0,0,,172.7,172.4,173.7,0.0
92H-07095,2026-08-09 06:32:00,167.6,0.0,"Lạc Long Quân, Xã Chân Mây - Lăng Cô, TP Huế",0,0,167.6,4.0,6.0,0,0.0,2,0,0,VALID,-2.800000000000012,-0.7000000000000028,168.2,1.2280065146448038,5.0,1,Stopped,0.0,0,0,,170.5,171.6,173.3,0.0
92H-07095,2026-08-09 06:34:00,167.7,0.0,"Lạc Long Quân, Xã Chân Mây - Lăng Cô, TP Huế",0,0,167.7,2.0,6.0,0,0.0,2,0,0,VALID,0.0999999999999943,0.0499999999999971,167.7,1.2501999840066056,5.0,1,Stopped,0.0,0,0,,170.3,171.1,173.0,0.0
92H-07095,2026-08-09 06:36:00,167.7,0.0,"Lạc Long Quân, Xã Chân Mây - Lăng Cô, TP Huế",0,0,167.7,2.0,6.0,0,0.0,2,0,0,VALID,0.0,0.0,167.7,1.1861703081809587,5.0,1,Stopped,0.0,0,0,,169.6,170.5,172.7,0.0
92H-07095,2026-08-09 06:38:00,167.7,0.0,"Lạc Long Quân, Xã Chân Mây - Lăng Cô, TP Huế",0,0,167.7,2.0,6.0,0,0.0,2,0,0,VALID,0.0,0.0,167.7,1.21942609452567,5.0,1,Stopped,0.0,0,0,,169.6,170.1,172.4,0.0
92H-07095,2026-08-09 06:40:00,167.7,0.0,"Lạc Long Quân, Xã Chân Mây - Lăng Cô, TP Huế",0,0,167.7,2.0,6.0,0,0.0,2,0,0,VALID,0.0,0.0,167.7,0.04472135966398486,5.0,1,Stopped,0.0,0,0,,169.1,169.7,172.1,0.0
92H-07095,2026-08-09 06:42:00,167.7,0.0,"Lạc Long Quân, Xã Chân Mây - Lăng Cô, TP Huế",0,0,167.7,2.0,6.0,0,0.0,2,0,0,VALID,0.0,0.0,167.7,0.0,5.0,1,Stopped,0.0,0,0,,168.6,169.3,171.7,0.0
92H-07095,2026-08-09 06:44:00,167.7,0.0,"Lạc Long Quân, Xã Chân Mây - Lăng Cô, TP Huế",0,0,167.7,2.0,6.0,0,0.0,2,0,0,VALID,0.0,0.0,167.7,0.0,5.0,1,Stopped,0.0,0,0,,167.7,168.6,171.3,0.0
92H-07095,2026-08-09 06:46:00,167.7,0.0,"Lạc Long Quân, Xã Chân Mây - Lăng Cô, TP Huế",0,0,167.7,2.0,6.0,0,0.0,2,0,0,VALID,0.0,0.0,167.7,0.0,5.0,1,Stopped,0.0,0,0,,168.4,168.5,171.0,0.0
92H-07095,2026-08-09 06:48:00,167.7,0.0,"Lạc Long Quân, Xã Chân Mây - Lăng Cô, TP Huế",0,0,167.7,2.0,6.0,0,0.0,2,0,0,VALID,0.0,0.0,167.7,0.0,5.0,1,Stopped,0.0,0,0,,169.0,168.7,170.8,0.0
92H-07095,2026-08-09 06:50:00,167.7,0.0,"Lạc Long Quân, Xã Chân Mây - Lăng Cô, TP Huế",0,0,167.7,2.0,6.0,0,0.0,2,0,0,VALID,0.0,0.0,167.7,0.0,5.0,1,Stopped,0.0,0,0,,167.7,168.3,170.5,0.0
92H-07095,2026-08-09 06:52:00,167.7,0.0,"Lạc Long Quân, Xã Chân Mây - Lăng Cô, TP Huế",0,0,167.7,2.0,6.0,0,0.0,2,0,0,VALID,0.0,0.0,167.7,0.0,5.0,1,Stopped,0.0,0,0,,167.7,168.1,170.2,0.0
92H-07095,2026-08-09 06:54:00,167.6,0.0,"Lạc Long Quân, Xã Chân Mây - Lăng Cô, TP Huế",0,0,167.6,2.0,6.0,0,0.0,2,0,0,VALID,-0.0999999999999943,-0.0499999999999971,167.7,0.04472135966397056,5.0,1,Stopped,0.0,0,0,,167.6,167.9,170.0,0.0
92H-07095,2026-08-09 06:56:00,165.4,31.0,"Lạc Long Quân, Xã Chân Mây - Lăng Cô, TP Huế",0,0,165.4,2.0,6.0,0,0.0,2,0,0,VALID,-2.1999999999999886,-1.0999999999999943,167.7,1.0183319694530968,5.0,1,Moving,0.2583333333333333,0,0,,167.0,167.5,169.7,1.0
92H-07095,2026-08-09 06:58:00,166.7,40.0,"Lạc Long Quân, Xã Chân Mây - Lăng Cô, TP Huế",0,0,166.7,2.0,6.0,0,0.0,2,0,0,VALID,1.299999999999983,0.6499999999999915,167.6,0.9984988733144557,5.0,1,Moving,0.075,0,0,,168.1,167.8,169.5,1.0
92H-07095,2026-08-09 07:00:00,166.4,0.0,TPTĐ - Bắc Hải Vân,0,0,166.4,2.0,6.0,0,0.0,2,0,0,VALID,-0.2999999999999829,-0.1499999999999914,166.7,0.9449867723996198,5.0,1,Stopped,-0.3333333333333333,0,0,,167.7,167.7,169.3,0.0
92H-07095,2026-08-09 07:02:00,162.3,35.0,"Cầu Hải Vân, Xã Chân Mây - Lăng Cô, TP Huế",0,0,162.3,2.0,6.0,0,0.0,2,0,0,VALID,-4.099999999999994,-2.049999999999997,166.4,2.0462160198792096,5.0,1,Moving,0.2916666666666667,0,0,,165.7,166.9,169.0,1.0
92H-07095,2026-08-09 07:04:00,158.5,0.0,Bắc Hầm Hải Vân,0,0,158.5,2.0,6.0,0,0.0,2,0,0,VALID,-3.8000000000000114,-1.9000000000000057,165.4,3.4659774956006992,5.0,1,Stopped,-0.2916666666666667,0,0,,162.8,165.3,168.3,0.0
92H-07095,2026-08-09 07:06:00,158.6,0.0,Bắc Hầm Hải Vân,0,0,158.6,2.0,6.0,0,0.0,2,0,0,VALID,0.0999999999999943,0.0499999999999971,162.3,4.003123780250947,5.0,1,Stopped,0.0,0,0,,162.8,164.3,167.8,0.0
92H-07095,2026-08-09 07:08:00,157.3,0.0,Bắc Hầm Hải Vân,0,0,157.3,2.0,6.0,0,0.0,2,0,0,VALID,-1.299999999999983,-0.6499999999999915,158.6,3.735906851088607,5.0,1,Stopped,0.0,0,0,,161.7,163.3,167.2,0.0
92H-07095,2026-08-09 07:10:00,161.1,0.0,Bắc Hầm Hải Vân,0,0,161.1,2.0,6.0,0,0.0,2,0,0,VALID,3.799999999999983,1.8999999999999917,158.6,2.063492185594812,5.0,1,Stopped,0.0,0,0,,164.1,163.6,166.9,0.0
92H-07095,2026-08-09 07:12:00,163.3,53.0,"Đường phía Nam hầm Hải Vân, Phường Hải Vân, TP Đà Nẵng",0,0,163.3,2.0,6.0,0,0.0,2,0,0,VALID,2.200000000000017,1.1000000000000083,158.6,2.414125100323274,5.0,1,Moving,0.4416666666666666,0,0,,165.2,164.2,166.7,1.0
92H-07095,2026-08-09 07:14:00,167.1,49.0,"Cầu Số 7, Phường Hải Vân, TP Đà Nẵng",0,0,167.1,2.0,6.0,0,0.0,2,0,0,VALID,3.799999999999983,1.8999999999999917,161.1,3.8989742240762215,5.0,1,Moving,-0.0333333333333333,0,0,,167.1,165.4,166.7,1.0
92H-07095,2026-08-09 07:16:00,163.9,22.0,"bùng binh, Phường Hải Vân, TP Đà Nẵng",0,0,163.9,2.0,6.0,0,0.0,2,0,0,VALID,-3.1999999999999886,-1.5999999999999943,163.3,3.63152860377152,5.0,1,Moving,-0.225,0,0,,165.5,165.4,166.6,1.0
92H-07095,2026-08-09 07:18:00,163.9,0.0,"Số 7, Phường Hải Vân, TP Đà Nẵng",0,0,163.9,2.0,6.0,0,0.0,2,0,0,VALID,0.0,0.0,163.9,2.1466252584022896,5.0,1,Stopped,-0.1833333333333333,0,0,,165.3,165.4,166.5,0.0
92H-07095,2026-08-09 07:20:00,160.5,0.0,"Số 7, Phường Hải Vân, TP Đà Nẵng",0,0,160.5,2.0,6.0,0,0.0,2,0,0,VALID,-3.4000000000000057,-1.7000000000000028,163.9,2.3469128658752303,5.0,1,Stopped,0.0,0,0,,161.8,163.9,166.0,0.0
92H-07095,2026-08-09 07:23:00,159.4,0.0,"Phường Hải Vân, TP Đà Nẵng",0,0,159.4,3.0,6.0,0,0.0,2,0,0,VALID,-1.0999999999999943,-0.3666666666666647,163.9,3.067246322030675,5.0,1,Stopped,0.0,0,0,,160.5,162.6,165.5,0.0
92H-07095,2026-08-09 07:25:00,159.5,0.0,"Phường Hải Vân, TP Đà Nẵng",0,0,159.5,2.0,6.0,0,0.0,2,0,0,VALID,0.0999999999999943,0.0499999999999971,160.5,2.2864820139267974,5.0,1,Stopped,0.0,0,0,,160.3,161.7,165.0,0.0
92H-07095,2026-08-09 07:27:00,159.5,0.0,"Phường Hải Vân, TP Đà Nẵng",0,0,159.5,2.0,6.0,0,0.0,2,0,0,VALID,0.0,0.0,159.5,1.920416621468041,5.0,1,Stopped,0.0,0,0,,160.2,161.1,164.5,0.0
92H-07095,2026-08-09 07:29:00,159.5,0.0,"Phường Hải Vân, TP Đà Nẵng",0,0,159.5,2.0,6.0,0,0.0,2,0,0,VALID,0.0,0.0,159.5,0.4604345773404853,5.0,1,Stopped,0.0,0,0,,161.1,161.1,164.1,0.0
92H-07095,2026-08-09 07:31:00,159.5,0.0,"Phường Hải Vân, TP Đà Nẵng",0,0,159.5,2.0,6.0,0,0.0,2,0,0,VALID,0.0,0.0,159.5,0.044721359669821624,5.0,1,Stopped,0.0,0,0,,161.4,161.2,163.9,0.0
92H-07095,2026-08-09 07:33:00,159.5,0.0,"Phường Hải Vân, TP Đà Nẵng",0,0,159.5,2.0,6.0,0,0.0,2,0,0,VALID,0.0,0.0,159.5,0.0,5.0,1,Stopped,0.0,0,0,,162.1,161.6,163.7,0.0
92H-07095,2026-08-09 07:35:00,159.5,0.0,"Phường Hải Vân, TP Đà Nẵng",0,0,159.5,2.0,6.0,0,0.0,2,0,0,VALID,0.0,0.0,159.5,0.0,5.0,1,Stopped,0.0,0,0,,161.5,161.5,163.5,0.0
92H-07095,2026-08-09 07:37:00,159.5,0.0,"Phường Hải Vân, TP Đà Nẵng",0,0,159.5,2.0,6.0,0,0.0,2,0,0,VALID,0.0,0.0,159.5,0.0,5.0,1,Stopped,0.0,0,0,,161.2,161.4,163.2,0.0
92H-07095,2026-08-09 07:39:00,159.5,0.0,"Phường Hải Vân, TP Đà Nẵng",0,0,159.5,2.0,6.0,0,0.0,2,0,0,VALID,0.0,0.0,159.5,0.0,5.0,1,Stopped,0.0,0,0,,160.3,161.0,162.9,0.0
92H-07095,2026-08-09 07:41:00,159.5,0.0,"Phường Hải Vân, TP Đà Nẵng",0,0,159.5,2.0,6.0,0,0.0,2,0,0,VALID,0.0,0.0,159.5,0.0,5.0,1,Stopped,0.0,0,0,,159.5,160.4,162.6,0.0
92H-07095,2026-08-09 07:43:00,159.5,0.0,"Phường Hải Vân, TP Đà Nẵng",0,0,159.5,2.0,6.0,0,0.0,2,0,0,VALID,0.0,0.0,159.5,0.0,5.0,1,Stopped,0.0,0,0,,159.5,160.0,162.3,0.0
92H-07095,2026-08-09 07:45:00,159.5,0.0,"Phường Hải Vân, TP Đà Nẵng",0,0,159.5,2.0,6.0,0,0.0,2,0,0,VALID,0.0,0.0,159.5,0.0,5.0,1,Stopped,0.0,0,0,,159.5,159.8,162.0,0.0
92H-07095,2026-08-09 07:47:00,159.5,0.0,"Phường Hải Vân, TP Đà Nẵng",0,0,159.5,2.0,6.0,0,0.0,2,0,0,VALID,0.0,0.0,159.5,0.0,5.0,1,Stopped,0.0,0,0,,159.5,159.7,161.8,0.0
92H-07095,2026-08-09 07:49:00,159.5,0.0,"Phường Hải Vân, TP Đà Nẵng",0,0,159.5,2.0,6.0,0,0.0,2,0,0,VALID,0.0,0.0,159.5,0.0,5.0,1,Stopped,0.0,0,0,,159.5,159.6,161.5,0.0
92H-07095,2026-08-09 07:51:00,159.5,0.0,"Phường Hải Vân, TP Đà Nẵng",0,0,159.5,2.0,6.0,0,0.0,2,0,0,VALID,0.0,0.0,159.5,0.0,5.0,1,Stopped,0.0,0,0,,159.5,159.6,161.3,0.0
92H-07095,2026-08-09 07:53:00,159.5,0.0,"Phường Hải Vân, TP Đà Nẵng",0,0,159.5,2.0,6.0,0,0.0,2,0,0,VALID,0.0,0.0,159.5,0.0,5.0,1,Stopped,0.0,0,0,,159.5,159.5,161.1,0.0
92H-07095,2026-08-09 07:55:00,159.5,0.0,"Phường Hải Vân, TP Đà Nẵng",0,0,159.5,2.0,6.0,0,0.0,2,0,0,VALID,0.0,0.0,159.5,0.0,5.0,1,Stopped,0.0,0,0,,159.5,159.5,161.0,0.0
92H-07095,2026-08-09 07:57:00,159.5,0.0,"Phường Hải Vân, TP Đà Nẵng",0,0,159.5,2.0,6.0,0,0.0,2,0,0,VALID,0.0,0.0,159.5,0.0,5.0,1,Stopped,0.0,0,0,,159.5,159.5,160.8,0.0
92H-07095,2026-08-09 07:59:00,159.5,0.0,"Phường Hải Vân, TP Đà Nẵng",0,0,159.5,2.0,6.0,0,0.0,2,0,0,VALID,0.0,0.0,159.5,0.0,5.0,1,Stopped,0.0,0,0,,159.5,159.5,160.7,0.0
92H-07095,2026-08-09 08:01:00,159.5,0.0,"Phường Hải Vân, TP Đà Nẵng",0,0,159.5,2.0,6.0,0,0.0,2,0,0,VALID,0.0,0.0,159.5,0.0,5.0,1,Stopped,0.0,0,0,,159.5,159.5,160.6,0.0
92H-07095,2026-08-09 08:03:00,159.5,0.0,"Phường Hải Vân, TP Đà Nẵng",0,0,159.5,2.0,6.0,0,0.0,2,0,0,VALID,0.0,0.0,159.5,0.0,5.0,1,Stopped,0.0,0,0,,159.5,159.5,160.5,0.0
92H-07095,2026-08-09 08:05:00,159.5,0.0,"Phường Hải Vân, TP Đà Nẵng",0,0,159.5,2.0,6.0,0,0.0,2,0,0,VALID,0.0,0.0,159.5,0.0,5.0,1,Stopped,0.0,0,0,,159.5,159.5,160.4,0.0
92H-07095,2026-08-09 08:07:00,159.5,0.0,"Phường Hải Vân, TP Đà Nẵng",0,0,159.5,2.0,6.0,0,0.0,2,0,0,VALID,0.0,0.0,159.5,0.0,5.0,1,Stopped,0.0,0,0,,159.5,159.5,160.3,0.0
92H-07095,2026-08-09 08:09:00,159.5,0.0,"Phường Hải Vân, TP Đà Nẵng",0,0,159.5,2.0,6.0,0,0.0,2,0,0,VALID,0.0,0.0,159.5,0.0,5.0,1,Stopped,0.0,0,0,,159.5,159.5,160.2,0.0
92H-07095,2026-08-09 08:11:00,159.5,0.0,"Phường Hải Vân, TP Đà Nẵng",0,0,159.5,2.0,6.0,0,0.0,2,0,0,VALID,0.0,0.0,159.5,0.0,5.0,1,Stopped,0.0,0,0,,159.5,159.5,160.1,0.0
92H-07095,2026-08-09 08:13:00,159.5,0.0,"Phường Hải Vân, TP Đà Nẵng",0,0,159.5,2.0,6.0,0,0.0,2,0,0,VALID,0.0,0.0,159.5,0.0,5.0,1,Stopped,0.0,0,0,,159.5,159.5,160.1,0.0
92H-07095,2026-08-09 08:15:00,159.5,0.0,"Phường Hải Vân, TP Đà Nẵng",0,0,159.5,2.0,6.0,0,0.0,2,0,0,VALID,0.0,0.0,159.5,0.0,5.0,1,Stopped,0.0,0,0,,159.5,159.5,160.0,0.0
92H-07095,2026-08-09 08:17:00,159.5,0.0,"Phường Hải Vân, TP Đà Nẵng",0,0,159.5,2.0,6.0,0,0.0,2,0,0,VALID,0.0,0.0,159.5,0.0,5.0,1,Stopped,0.0,0,0,,159.5,159.5,160.0,0.0
92H-07095,2026-08-09 08:19:00,159.5,0.0,"Phường Hải Vân, TP Đà Nẵng",0,0,159.5,2.0,6.0,0,0.0,2,0,0,VALID,0.0,0.0,159.5,0.0,5.0,1,Stopped,0.0,0,0,,159.5,159.5,159.9,0.0
92H-07095,2026-08-09 08:21:00,159.5,0.0,"Phường Hải Vân, TP Đà Nẵng",0,0,159.5,2.0,6.0,0,0.0,2,0,0,VALID,0.0,0.0,159.5,0.0,5.0,1,Stopped,0.0,0,0,,159.5,159.5,159.9,0.0
92H-07095,2026-08-09 08:23:00,159.5,0.0,"Phường Hải Vân, TP Đà Nẵng",0,0,159.5,2.0,6.0,0,0.0,2,0,0,VALID,0.0,0.0,159.5,0.0,5.0,1,Stopped,0.0,0,0,,159.5,159.5,159.8,0.0
92H-07095,2026-08-09 08:24:00,159.5,0.0,"Phường Hải Vân, TP Đà Nẵng",0,0,159.5,1.0,6.0,0,0.0,2,0,0,VALID,0.0,0.0,159.5,0.0,5.0,1,Stopped,0.0,0,0,,159.5,159.5,159.8,0.0
92H-07095,2026-08-09 08:26:00,159.5,0.0,"Phường Hải Vân, TP Đà Nẵng",0,0,159.5,2.0,6.0,0,0.0,2,0,0,VALID,0.0,0.0,159.5,0.0,5.0,1,Stopped,0.0,0,0,,159.5,159.5,159.8,0.0
92H-07095,2026-08-09 08:28:00,159.5,0.0,"Phường Hải Vân, TP Đà Nẵng",0,0,159.5,2.0,6.0,0,0.0,2,0,0,VALID,0.0,0.0,159.5,0.0,5.0,1,Stopped,0.0,0,0,,159.5,159.5,159.7,0.0
92H-07095,2026-08-09 08:30:00,159.5,0.0,"Phường Hải Vân, TP Đà Nẵng",0,0,159.5,2.0,6.0,0,0.0,2,0,0,VALID,0.0,0.0,159.5,0.0,5.0,1,Stopped,0.0,0,0,,159.5,159.5,159.7,0.0
92H-07095,2026-08-09 08:32:00,159.5,0.0,"Phường Hải Vân, TP Đà Nẵng",0,0,159.5,2.0,6.0,0,0.0,2,0,0,VALID,0.0,0.0,159.5,0.0,5.0,1,Stopped,0.0,0,0,,159.5,159.5,159.7,0.0
92H-07095,2026-08-09 08:34:00,159.5,0.0,"Phường Hải Vân, TP Đà Nẵng",0,0,159.5,2.0,6.0,0,0.0,2,0,0,VALID,0.0,0.0,159.5,0.0,5.0,1,Stopped,0.0,0,0,,159.5,159.5,159.7,0.0
92H-07095,2026-08-09 08:36:00,159.5,0.0,"Phường Hải Vân, TP Đà Nẵng",0,0,159.5,2.0,6.0,0,0.0,2,0,0,VALID,0.0,0.0,159.5,0.0,5.0,1,Stopped,0.0,0,0,,159.5,159.5,159.7,0.0
92H-07095,2026-08-09 08:38:00,159.5,0.0,"Phường Hải Vân, TP Đà Nẵng",0,0,159.5,2.0,6.0,0,0.0,2,0,0,VALID,0.0,0.0,159.5,0.0,5.0,1,Stopped,0.0,0,0,,159.5,159.5,159.6,0.0
92H-07095,2026-08-09 08:40:00,159.5,0.0,"Phường Hải Vân, TP Đà Nẵng",0,0,159.5,2.0,6.0,0,0.0,2,0,0,VALID,0.0,0.0,159.5,0.0,5.0,1,Stopped,0.0,0,0,,159.5,159.5,159.6,0.0
92H-07095,2026-08-09 08:42:00,159.5,0.0,"Phường Hải Vân, TP Đà Nẵng",0,0,159.5,2.0,6.0,0,0.0,2,0,0,VALID,0.0,0.0,159.5,0.0,5.0,1,Stopped,0.0,0,0,,159.5,159.5,159.6,0.0
92H-07095,2026-08-09 08:44:00,159.5,0.0,"Phường Hải Vân, TP Đà Nẵng",0,0,159.5,2.0,6.0,0,0.0,2,0,0,VALID,0.0,0.0,159.5,0.0,5.0,1,Stopped,0.0,0,0,,159.5,159.5,159.6,0.0
92H-07095,2026-08-09 08:46:00,159.5,0.0,"Phường Hải Vân, TP Đà Nẵng",0,0,159.5,2.0,6.0,0,0.0,2,0,0,VALID,0.0,0.0,159.5,0.0,5.0,1,Stopped,0.0,0,0,,159.5,159.5,159.6,0.0
92H-07095,2026-08-09 08:48:00,159.5,0.0,"Phường Hải Vân, TP Đà Nẵng",0,0,159.5,2.0,6.0,0,0.0,2,0,0,VALID,0.0,0.0,159.5,0.0,5.0,1,Stopped,0.0,0,0,,159.5,159.5,159.6,0.0
92H-07095,2026-08-09 08:50:00,159.5,0.0,"Phường Hải Vân, TP Đà Nẵng",0,0,159.5,2.0,6.0,0,0.0,2,0,0,VALID,0.0,0.0,159.5,0.0,5.0,1,Stopped,0.0,0,0,,159.5,159.5,159.6,0.0
92H-07095,2026-08-09 08:52:00,159.5,0.0,"Phường Hải Vân, TP Đà Nẵng",0,0,159.5,2.0,6.0,0,0.0,2,0,0,VALID,0.0,0.0,159.5,0.0,5.0,1,Stopped,0.0,0,0,,159.5,159.5,159.6,0.0
92H-07095,2026-08-09 08:54:00,159.5,0.0,"Phường Hải Vân, TP Đà Nẵng",0,0,159.5,2.0,6.0,0,0.0,2,0,0,VALID,0.0,0.0,159.5,0.0,5.0,1,Stopped,0.0,0,0,,159.5,159.5,159.6,0.0
92H-07095,2026-08-09 08:56:00,159.5,0.0,"Phường Hải Vân, TP Đà Nẵng",0,0,159.5,2.0,6.0,0,0.0,2,0,0,VALID,0.0,0.0,159.5,0.0,5.0,1,Stopped,0.0,0,0,,159.5,159.5,159.6,0.0
92H-07095,2026-08-09 08:58:00,159.5,0.0,"Phường Hải Vân, TP Đà Nẵng",0,0,159.5,2.0,6.0,0,0.0,2,0,0,VALID,0.0,0.0,159.5,0.0,5.0,1,Stopped,0.0,0,0,,159.5,159.5,159.6,0.0
92H-07095,2026-08-09 09:00:00,159.5,0.0,"Phường Hải Vân, TP Đà Nẵng",0,0,159.5,2.0,6.0,0,0.0,2,0,0,VALID,0.0,0.0,159.5,0.0,5.0,1,Stopped,0.0,0,0,,159.5,159.5,159.5,0.0
92H-07095,2026-08-09 09:02:00,159.5,0.0,"Phường Hải Vân, TP Đà Nẵng",0,0,159.5,2.0,6.0,0,0.0,2,0,0,VALID,0.0,0.0,159.5,0.0,5.0,1,Stopped,0.0,0,0,,159.5,159.5,159.5,0.0
92H-07095,2026-08-09 09:04:00,159.5,0.0,"Phường Hải Vân, TP Đà Nẵng",0,0,159.5,2.0,6.0,0,0.0,2,0,0,VALID,0.0,0.0,159.5,0.0,5.0,1,Stopped,0.0,0,0,,159.5,159.5,159.5,0.0
92H-07095,2026-08-09 09:06:00,159.5,0.0,"Phường Hải Vân, TP Đà Nẵng",0,0,159.5,2.0,6.0,0,0.0,2,0,0,VALID,0.0,0.0,159.5,0.0,5.0,1,Stopped,0.0,0,0,,159.5,159.5,159.5,0.0
92H-07095,2026-08-09 09:08:00,159.5,0.0,"Phường Hải Vân, TP Đà Nẵng",0,0,159.5,2.0,6.0,0,0.0,2,0,0,VALID,0.0,0.0,159.5,0.0,5.0,1,Stopped,0.0,0,0,,159.5,159.5,159.5,0.0
92H-07095,2026-08-09 09:10:00,159.5,0.0,"Phường Hải Vân, TP Đà Nẵng",0,0,159.5,2.0,6.0,0,0.0,2,0,0,VALID,0.0,0.0,159.5,0.0,5.0,1,Stopped,0.0,0,0,,159.5,159.5,159.5,0.0
92H-07095,2026-08-09 09:12:00,159.5,0.0,"Phường Hải Vân, TP Đà Nẵng",0,0,159.5,2.0,6.0,0,0.0,2,0,0,VALID,0.0,0.0,159.5,0.0,5.0,1,Stopped,0.0,0,0,,159.5,159.5,159.5,0.0
92H-07095,2026-08-09 09:14:00,159.5,0.0,"Phường Hải Vân, TP Đà Nẵng",0,0,159.5,2.0,6.0,0,0.0,2,0,0,VALID,0.0,0.0,159.5,0.0,5.0,1,Stopped,0.0,0,0,,159.5,159.5,159.5,0.0
92H-07095,2026-08-09 09:16:00,159.5,0.0,"Phường Hải Vân, TP Đà Nẵng",0,0,159.5,2.0,6.0,0,0.0,2,0,0,VALID,0.0,0.0,159.5,0.0,5.0,1,Stopped,0.0,0,0,,159.5,159.5,159.5,0.0
92H-07095,2026-08-09 09:18:00,159.5,0.0,"Phường Hải Vân, TP Đà Nẵng",0,0,159.5,2.0,6.0,0,0.0,2,0,0,VALID,0.0,0.0,159.5,0.0,5.0,1,Stopped,0.0,0,0,,159.5,159.5,159.5,0.0
92H-07095,2026-08-09 09:20:00,159.5,0.0,"Phường Hải Vân, TP Đà Nẵng",0,0,159.5,2.0,6.0,0,0.0,2,0,0,VALID,0.0,0.0,159.5,0.0,5.0,1,Stopped,0.0,0,0,,159.5,159.5,159.5,0.0
92H-07095,2026-08-09 09:22:00,159.5,0.0,"Phường Hải Vân, TP Đà Nẵng",0,0,159.5,2.0,6.0,0,0.0,2,0,0,VALID,0.0,0.0,159.5,0.0,5.0,1,Stopped,0.0,0,0,,159.5,159.5,159.5,0.0
92H-07095,2026-08-09 09:24:00,159.5,0.0,"Phường Hải Vân, TP Đà Nẵng",0,0,159.5,2.0,6.0,0,0.0,2,0,0,VALID,0.0,0.0,159.5,0.0,5.0,1,Stopped,0.0,0,0,,159.5,159.5,159.5,0.0
92H-07095,2026-08-09 09:27:00,159.5,0.0,"Phường Hải Vân, TP Đà Nẵng",0,0,159.5,3.0,6.0,0,0.0,2,0,0,VALID,0.0,0.0,159.5,0.0,5.0,1,Stopped,0.0,0,0,,159.5,159.5,159.5,0.0
92H-07095,2026-08-09 09:29:00,159.5,0.0,"Phường Hải Vân, TP Đà Nẵng",0,0,159.5,2.0,6.0,0,0.0,2,0,0,VALID,0.0,0.0,159.5,0.0,5.0,1,Stopped,0.0,0,0,,159.5,159.5,159.5,0.0
92H-07095,2026-08-09 09:31:00,159.5,0.0,"Phường Hải Vân, TP Đà Nẵng",0,0,159.5,2.0,6.0,0,0.0,2,0,0,VALID,0.0,0.0,159.5,0.0,5.0,1,Stopped,0.0,0,0,,159.5,159.5,159.5,0.0
92H-07095,2026-08-09 09:33:00,159.5,0.0,"Phường Hải Vân, TP Đà Nẵng",0,0,159.5,2.0,6.0,0,0.0,2,0,0,VALID,0.0,0.0,159.5,0.0,5.0,1,Stopped,0.0,0,0,,159.5,159.5,159.5,0.0
92H-07095,2026-08-09 09:35:00,159.5,0.0,"Phường Hải Vân, TP Đà Nẵng",0,0,159.5,2.0,6.0,0,0.0,2,0,0,VALID,0.0,0.0,159.5,0.0,5.0,1,Stopped,0.0,0,0,,159.5,159.5,159.5,0.0
92H-07095,2026-08-09 09:37:00,159.5,0.0,"Phường Hải Vân, TP Đà Nẵng",0,0,159.5,2.0,6.0,0,0.0,2,0,0,VALID,0.0,0.0,159.5,0.0,5.0,1,Stopped,0.0,0,0,,159.5,159.5,159.5,0.0
92H-07095,2026-08-09 09:39:00,159.5,0.0,"Phường Hải Vân, TP Đà Nẵng",0,0,159.5,2.0,6.0,0,0.0,2,0,0,VALID,0.0,0.0,159.5,0.0,5.0,1,Stopped,0.0,0,0,,159.5,159.5,159.5,0.0
92H-07095,2026-08-09 09:41:00,159.5,0.0,"Phường Hải Vân, TP Đà Nẵng",0,0,159.5,2.0,6.0,0,0.0,2,0,0,VALID,0.0,0.0,159.5,0.0,5.0,1,Stopped,0.0,0,0,,159.5,159.5,159.5,0.0
92H-07095,2026-08-09 09:43:00,159.5,0.0,"Phường Hải Vân, TP Đà Nẵng",0,0,159.5,2.0,6.0,0,0.0,2,0,0,VALID,0.0,0.0,159.5,0.0,5.0,1,Stopped,0.0,0,0,,159.5,159.5,159.5,0.0
92H-07095,2026-08-09 09:45:00,159.5,0.0,"Phường Hải Vân, TP Đà Nẵng",0,0,159.5,2.0,6.0,0,0.0,2,0,0,VALID,0.0,0.0,159.5,0.0,5.0,1,Stopped,0.0,0,0,,159.5,159.5,159.5,0.0
92H-07095,2026-08-09 09:47:00,159.5,0.0,"Phường Hải Vân, TP Đà Nẵng",0,0,159.5,2.0,6.0,0,0.0,2,0,0,VALID,0.0,0.0,159.5,0.0,5.0,1,Stopped,0.0,0,0,,159.5,159.5,159.5,0.0
92H-07095,2026-08-09 09:49:00,159.5,0.0,"Phường Hải Vân, TP Đà Nẵng",0,0,159.5,2.0,6.0,0,0.0,2,0,0,VALID,0.0,0.0,159.5,0.0,5.0,1,Stopped,0.0,0,0,,159.5,159.5,159.5,0.0
92H-07095,2026-08-09 09:51:00,159.5,0.0,"Phường Hải Vân, TP Đà Nẵng",0,0,159.5,2.0,6.0,0,0.0,2,0,0,VALID,0.0,0.0,159.5,0.0,5.0,1,Stopped,0.0,0,0,,159.5,159.5,159.5,0.0
92H-07095,2026-08-09 09:53:00,159.5,0.0,"Phường Hải Vân, TP Đà Nẵng",0,0,159.5,2.0,6.0,0,0.0,2,0,0,VALID,0.0,0.0,159.5,0.0,5.0,1,Stopped,0.0,0,0,,159.5,159.5,159.5,0.0
92H-07095,2026-08-09 09:55:00,159.5,0.0,"Phường Hải Vân, TP Đà Nẵng",0,0,159.5,2.0,6.0,0,0.0,2,0,0,VALID,0.0,0.0,159.5,0.0,5.0,1,Stopped,0.0,0,0,,159.5,159.5,159.5,0.0
92H-07095,2026-08-09 09:57:00,159.5,0.0,"Phường Hải Vân, TP Đà Nẵng",0,0,159.5,2.0,6.0,0,0.0,2,0,0,VALID,0.0,0.0,159.5,0.0,5.0,1,Stopped,0.0,0,0,,159.5,159.5,159.5,0.0
92H-07095,2026-08-09 09:59:00,159.5,0.0,"Phường Hải Vân, TP Đà Nẵng",0,0,159.5,2.0,6.0,0,0.0,2,0,0,VALID,0.0,0.0,159.5,0.0,5.0,1,Stopped,0.0,0,0,,159.5,159.5,159.5,0.0
92H-07095,2026-08-09 10:01:00,159.5,0.0,"Phường Hải Vân, TP Đà Nẵng",0,0,159.5,2.0,6.0,0,0.0,2,0,0,VALID,0.0,0.0,159.5,0.0,5.0,1,Stopped,0.0,0,0,,159.5,159.5,159.5,0.0
92H-07095,2026-08-09 10:03:00,159.5,0.0,"Phường Hải Vân, TP Đà Nẵng",0,0,159.5,2.0,6.0,0,0.0,2,0,0,VALID,0.0,0.0,159.5,0.0,5.0,1,Stopped,0.0,0,0,,159.5,159.5,159.5,0.0
92H-07095,2026-08-09 10:05:00,159.5,0.0,"Phường Hải Vân, TP Đà Nẵng",0,0,159.5,2.0,6.0,0,0.0,2,0,0,VALID,0.0,0.0,159.5,0.0,5.0,1,Stopped,0.0,0,0,,159.5,159.5,159.5,0.0
92H-07095,2026-08-09 10:07:00,159.5,0.0,"Phường Hải Vân, TP Đà Nẵng",0,0,159.5,2.0,6.0,0,0.0,2,0,0,VALID,0.0,0.0,159.5,0.0,5.0,1,Stopped,0.0,0,0,,159.5,159.5,159.5,0.0
92H-07095,2026-08-09 10:08:00,159.5,0.0,"Phường Hải Vân, TP Đà Nẵng",0,0,159.5,1.0,6.0,0,0.0,2,0,0,VALID,0.0,0.0,159.5,0.0,5.0,1,Stopped,0.0,0,0,,159.5,159.5,159.5,0.0
92H-07095,2026-08-09 10:10:00,159.2,0.0,"Phường Hải Vân, TP Đà Nẵng",0,0,159.2,2.0,6.0,0,0.0,2,0,0,VALID,-0.3000000000000113,-0.1500000000000056,159.5,0.13416407868994587,5.0,1,Stopped,0.0,0,0,,159.2,159.4,159.5,0.0
92H-07095,2026-08-09 10:12:00,159.1,0.0,"Phường Hải Vân, TP Đà Nẵng",0,0,159.1,2.0,6.0,0,0.0,2,0,0,VALID,-0.0999999999999943,-0.0499999999999971,159.5,0.19493588692370092,5.0,1,Stopped,0.0,0,0,,159.1,159.3,159.4,0.0
92H-07095,2026-08-09 10:14:00,159.1,0.0,"Phường Hải Vân, TP Đà Nẵng",0,0,159.1,2.0,6.0,0,0.0,2,0,0,VALID,0.0,0.0,159.2,0.20493901534538908,5.0,1,Stopped,0.0,0,0,,159.1,159.2,159.4,0.0
92H-07095,2026-08-09 10:16:00,159.1,0.0,"Phường Hải Vân, TP Đà Nẵng",0,0,159.1,2.0,6.0,0,0.0,2,0,0,VALID,0.0,0.0,159.1,0.17320508078789815,5.0,1,Stopped,0.0,0,0,,159.1,159.2,159.4,0.0
92H-07095,2026-08-09 10:18:00,158.9,0.0,"Phường Hải Vân, TP Đà Nẵng",0,0,158.9,2.0,6.0,0,0.0,2,0,0,VALID,-0.1999999999999886,-0.0999999999999943,159.1,0.10954451155008846,5.0,1,Stopped,0.0,0,0,,158.9,159.1,159.3,0.0
92H-07095,2026-08-09 10:20:00,158.9,0.0,"Phường Hải Vân, TP Đà Nẵng",0,0,158.9,2.0,6.0,0,0.0,2,0,0,VALID,0.0,0.0,159.1,0.10954451155009721,5.0,1,Stopped,0.0,0,0,,158.9,159.0,159.3,0.0
92H-07095,2026-08-09 10:22:00,158.9,0.0,"Phường Hải Vân, TP Đà Nẵng",0,0,158.9,2.0,6.0,0,0.0,2,0,0,VALID,0.0,0.0,158.9,0.10954451155009721,5.0,1,Stopped,0.0,0,0,,158.9,159.0,159.2,0.0
92H-07095,2026-08-09 10:24:00,158.8,0.0,"Phường Hải Vân, TP Đà Nẵng",0,0,158.8,2.0,6.0,0,0.0,2,0,0,VALID,-0.0999999999999943,-0.0499999999999971,158.9,0.10954451155008846,5.0,1,Stopped,0.0,0,0,,159.4,159.1,159.3,0.0
92H-07095,2026-08-09 10:26:00,158.8,0.0,"Phường Hải Vân, TP Đà Nẵng",0,0,158.8,2.0,6.0,0,0.0,2,0,0,VALID,0.0,0.0,158.9,0.054772255848624725,5.0,1,Stopped,0.0,0,0,,158.8,159.0,159.2,0.0
92H-07095,2026-08-09 10:28:00,158.6,0.0,"Phường Hải Vân, TP Đà Nẵng",0,0,158.6,2.0,6.0,0,0.0,2,0,0,VALID,-0.200000000000017,-0.1000000000000085,158.8,0.12247448718304545,5.0,1,Stopped,0.0,0,0,,158.6,158.8,159.2,0.0
92H-07095,2026-08-09 10:30:00,158.6,0.0,"Phường Hải Vân, TP Đà Nẵng",0,0,158.6,2.0,6.0,0,0.0,2,0,0,VALID,0.0,0.0,158.8,0.1341640786900547,5.0,1,Stopped,0.0,0,0,,158.6,158.7,159.1,0.0
92H-07095,2026-08-09 10:32:00,158.6,0.0,"Phường Hải Vân, TP Đà Nẵng",0,0,158.6,2.0,6.0,0,0.0,2,0,0,VALID,0.0,0.0,158.6,0.10954451155011181,5.0,1,Stopped,0.0,0,0,,158.6,158.7,159.0,0.0
92H-07095,2026-08-09 10:34:00,158.5,0.0,"Phường Hải Vân, TP Đà Nẵng",0,0,158.5,2.0,6.0,0,0.0,2,0,0,VALID,-0.0999999999999943,-0.0499999999999971,158.6,0.10954451155011181,5.0,1,Stopped,0.0,0,0,,158.5,158.6,159.0,0.0
92H-07095,2026-08-09 10:36:00,158.5,0.0,"Phường Hải Vân, TP Đà Nẵng",0,0,158.5,2.0,6.0,0,0.0,2,0,0,VALID,0.0,0.0,158.6,0.05477225584865977,5.0,1,Stopped,0.0,0,0,,158.5,158.6,158.9,0.0
92H-07095,2026-08-09 10:38:00,158.3,0.0,"Phường Hải Vân, TP Đà Nẵng",0,0,158.3,2.0,6.0,0,0.0,2,0,0,VALID,-0.1999999999999886,-0.0999999999999943,158.5,0.12247448718304807,5.0,1,Stopped,0.0,0,0,,158.3,158.5,158.9,0.0
92H-07095,2026-08-09 10:41:00,158.2,0.0,"Phường Hải Vân, TP Đà Nẵng",0,0,158.2,3.0,6.0,0,0.0,2,0,0,VALID,-0.1000000000000227,-0.0333333333333409,158.5,0.16431676728426414,5.0,1,Stopped,0.0,0,0,,158.8,158.6,158.9,0.0
92H-07095,2026-08-09 10:43:00,158.2,0.0,"Phường Hải Vân, TP Đà Nẵng",0,0,158.2,2.0,6.0,0,0.0,2,0,0,VALID,0.0,0.0,158.3,0.15165750891647908,5.0,1,Stopped,0.0,0,0,,158.2,158.4,158.8,0.0
92H-07095,2026-08-09 10:45:00,158.2,0.0,"Phường Hải Vân, TP Đà Nẵng",0,0,158.2,2.0,6.0,0,0.0,2,0,0,VALID,0.0,0.0,158.2,0.1303840481452901,5.0,1,Stopped,0.0,0,0,,158.2,158.3,158.7,0.0
92H-07095,2026-08-09 10:47:00,158.2,0.0,"Phường Hải Vân, TP Đà Nẵng",0,0,158.2,2.0,6.0,0,0.0,2,0,0,VALID,0.0,0.0,158.2,0.04472135967022006,5.0,1,Stopped,0.0,0,0,,158.2,158.3,158.7,0.0
92H-07095,2026-08-09 10:49:00,158.2,0.0,"Phường Hải Vân, TP Đà Nẵng",0,0,158.2,2.0,6.0,0,0.0,2,0,0,VALID,0.0,0.0,158.2,0.0,5.0,1,Stopped,0.0,0,0,,158.2,158.3,158.6,0.0
92H-07095,2026-08-09 10:51:00,158.2,0.0,"Phường Hải Vân, TP Đà Nẵng",0,0,158.2,2.0,6.0,0,0.0,2,0,0,VALID,0.0,0.0,158.2,0.0,5.0,1,Stopped,0.0,0,0,,158.2,158.2,158.6,0.0
92H-07095,2026-08-09 10:53:00,158.2,0.0,"Phường Hải Vân, TP Đà Nẵng",0,0,158.2,2.0,6.0,0,0.0,2,0,0,VALID,0.0,0.0,158.2,0.0,5.0,1,Stopped,0.0,0,0,,158.2,158.2,158.6,0.0
92H-07095,2026-08-09 10:55:00,158.2,0.0,"Phường Hải Vân, TP Đà Nẵng",0,0,158.2,2.0,6.0,0,0.0,2,0,0,VALID,0.0,0.0,158.2,0.0,5.0,1,Stopped,0.0,0,0,,158.2,158.2,158.5,0.0
92H-07095,2026-08-09 10:57:00,158.2,0.0,"Phường Hải Vân, TP Đà Nẵng",0,0,158.2,2.0,6.0,0,0.0,2,0,0,VALID,0.0,0.0,158.2,0.0,5.0,1,Stopped,0.0,0,0,,158.2,158.2,158.5,0.0
92H-07095,2026-08-09 10:59:00,158.2,0.0,"Phường Hải Vân, TP Đà Nẵng",0,0,158.2,2.0,6.0,0,0.0,2,0,0,VALID,0.0,0.0,158.2,0.0,5.0,1,Stopped,0.0,0,0,,158.2,158.2,158.5,0.0
92H-07095,2026-08-09 11:01:00,158.2,0.0,"Phường Hải Vân, TP Đà Nẵng",0,0,158.2,2.0,6.0,0,0.0,2,0,0,VALID,0.0,0.0,158.2,0.0,5.0,1,Stopped,0.0,0,0,,158.2,158.2,158.4,0.0
92H-07095,2026-08-09 11:03:00,158.2,0.0,"Phường Hải Vân, TP Đà Nẵng",0,0,158.2,2.0,6.0,0,0.0,2,0,0,VALID,0.0,0.0,158.2,0.0,5.0,1,Stopped,0.0,0,0,,158.2,158.2,158.4,0.0
92H-07095,2026-08-09 11:05:00,158.2,0.0,"Phường Hải Vân, TP Đà Nẵng",0,0,158.2,2.0,6.0,0,0.0,2,0,0,VALID,0.0,0.0,158.2,0.0,5.0,1,Stopped,0.0,0,0,,158.2,158.2,158.4,0.0
92H-07095,2026-08-09 11:07:00,158.2,0.0,"Phường Hải Vân, TP Đà Nẵng",0,0,158.2,2.0,6.0,0,0.0,2,0,0,VALID,0.0,0.0,158.2,0.0,5.0,1,Stopped,0.0,0,0,,158.2,158.2,158.4,0.0
92H-07095,2026-08-09 11:09:00,158.2,0.0,"Phường Hải Vân, TP Đà Nẵng",0,0,158.2,2.0,6.0,0,0.0,2,0,0,VALID,0.0,0.0,158.2,0.0,5.0,1,Stopped,0.0,0,0,,158.2,158.2,158.4,0.0
92H-07095,2026-08-09 11:11:00,158.2,0.0,"Phường Hải Vân, TP Đà Nẵng",0,0,158.2,2.0,6.0,0,0.0,2,0,0,VALID,0.0,0.0,158.2,0.0,5.0,1,Stopped,0.0,0,0,,158.2,158.2,158.3,0.0
92H-07095,2026-08-09 11:13:00,158.2,0.0,"Phường Hải Vân, TP Đà Nẵng",0,0,158.2,2.0,6.0,0,0.0,2,0,0,VALID,0.0,0.0,158.2,0.0,5.0,1,Stopped,0.0,0,0,,158.2,158.2,158.3,0.0
92H-07095,2026-08-09 11:15:00,158.2,0.0,"Phường Hải Vân, TP Đà Nẵng",0,0,158.2,2.0,6.0,0,0.0,2,0,0,VALID,0.0,0.0,158.2,0.0,5.0,1,Stopped,0.0,0,0,,158.2,158.2,158.3,0.0
92H-07095,2026-08-09 11:17:00,158.2,0.0,"Phường Hải Vân, TP Đà Nẵng",0,0,158.2,2.0,6.0,0,0.0,2,0,0,VALID,0.0,0.0,158.2,0.0,5.0,1,Stopped,0.0,0,0,,158.2,158.2,158.3,0.0
92H-07095,2026-08-09 11:19:00,158.2,0.0,"Phường Hải Vân, TP Đà Nẵng",0,0,158.2,2.0,6.0,0,0.0,2,0,0,VALID,0.0,0.0,158.2,0.0,5.0,1,Stopped,0.0,0,0,,158.2,158.2,158.3,0.0
92H-07095,2026-08-09 11:21:00,158.2,0.0,"Phường Hải Vân, TP Đà Nẵng",0,0,158.2,2.0,6.0,0,0.0,2,0,0,VALID,0.0,0.0,158.2,0.0,5.0,1,Stopped,0.0,0,0,,158.2,158.2,158.3,0.0
92H-07095,2026-08-09 11:23:00,158.2,0.0,"Phường Hải Vân, TP Đà Nẵng",0,0,158.2,2.0,6.0,0,0.0,2,0,0,VALID,0.0,0.0,158.2,0.0,5.0,1,Stopped,0.0,0,0,,158.2,158.2,158.3,0.0
92H-07095,2026-08-09 11:24:00,158.2,0.0,"Phường Hải Vân, TP Đà Nẵng",0,0,158.2,1.0,6.0,0,0.0,2,0,0,VALID,0.0,0.0,158.2,0.0,5.0,1,Stopped,0.0,0,0,,158.2,158.2,158.3,0.0
92H-07095,2026-08-09 11:26:00,158.2,0.0,"Phường Hải Vân, TP Đà Nẵng",0,0,158.2,2.0,6.0,0,0.0,2,0,0,VALID,0.0,0.0,158.2,0.0,5.0,1,Stopped,0.0,0,0,,158.2,158.2,158.3,0.0
92H-07095,2026-08-09 11:28:00,158.2,0.0,"Phường Hải Vân, TP Đà Nẵng",0,0,158.2,2.0,6.0,0,0.0,2,0,0,VALID,0.0,0.0,158.2,0.0,5.0,1,Stopped,0.0,0,0,,158.2,158.2,158.3,0.0
92H-07095,2026-08-09 11:30:00,158.2,0.0,"Phường Hải Vân, TP Đà Nẵng",0,0,158.2,2.0,6.0,0,0.0,2,0,0,VALID,0.0,0.0,158.2,0.0,5.0,1,Stopped,0.0,0,0,,158.2,158.2,158.2,0.0
92H-07095,2026-08-09 11:32:00,158.0,0.0,"Phường Hải Vân, TP Đà Nẵng",0,0,158.0,2.0,6.0,0,0.0,2,0,0,VALID,-0.1999999999999886,-0.0999999999999943,158.2,0.08944271916009593,5.0,1,Stopped,0.0,0,0,,158.0,158.1,158.2,0.0
92H-07095,2026-08-09 11:34:00,158.0,0.0,"Phường Hải Vân, TP Đà Nẵng",0,0,158.0,2.0,6.0,0,0.0,2,0,0,VALID,0.0,0.0,158.2,0.109544511550111,5.0,1,Stopped,0.0,0,0,,158.0,158.1,158.2,0.0
92H-07095,2026-08-09 11:36:00,157.9,0.0,"Phường Hải Vân, TP Đà Nẵng",0,0,157.9,2.0,6.0,0,0.0,2,0,0,VALID,-0.0999999999999943,-0.0499999999999971,158.0,0.13416407869007044,5.0,1,Stopped,0.0,0,0,,157.9,158.0,158.2,0.0
92H-07095,2026-08-09 11:38:00,157.9,0.0,"Phường Hải Vân, TP Đà Nẵng",0,0,157.9,2.0,6.0,0,0.0,2,0,0,VALID,0.0,0.0,158.0,0.12247448718308752,5.0,1,Stopped,0.0,0,0,,157.9,158.0,158.1,0.0
92H-07095,2026-08-09 11:40:00,157.9,0.0,"Phường Hải Vân, TP Đà Nẵng",0,0,157.9,2.0,6.0,0,0.0,2,0,0,VALID,0.0,0.0,157.9,0.0547722558487986,5.0,1,Stopped,0.0,0,0,,157.9,157.9,158.1,0.0
92H-07095,2026-08-09 11:42:00,157.7,0.0,"Phường Hải Vân, TP Đà Nẵng",0,0,157.7,2.0,6.0,0,0.0,2,0,0,VALID,-0.200000000000017,-0.1000000000000085,157.9,0.10954451155019874,5.0,1,Stopped,0.0,0,0,,157.7,157.8,158.1,0.0
92H-07095,2026-08-09 11:44:00,157.7,0.0,"Phường Hải Vân, TP Đà Nẵng",0,0,157.7,2.0,6.0,0,0.0,2,0,0,VALID,0.0,0.0,157.9,0.10954451155021624,5.0,1,Stopped,0.0,0,0,,157.7,157.8,158.0,0.0
92H-07095,2026-08-09 11:46:00,157.6,0.0,"Phường Hải Vân, TP Đà Nẵng",0,0,157.6,2.0,6.0,0,0.0,2,0,0,VALID,-0.0999999999999943,-0.0499999999999971,157.7,0.13416407869015426,5.0,1,Stopped,0.0,0,0,,157.6,157.7,158.0,0.0
92H-07095,2026-08-09 11:48:00,157.6,0.0,"Phường Hải Vân, TP Đà Nẵng",0,0,157.6,2.0,6.0,0,0.0,2,0,0,VALID,0.0,0.0,157.7,0.1224744871831702,5.0,1,Stopped,0.0,0,0,,157.6,157.7,158.0,0.0
92H-07095,2026-08-09 11:50:00,157.5,0.0,"Phường Hải Vân, TP Đà Nẵng",0,0,157.5,2.0,6.0,0,0.0,2,0,0,VALID,-0.0999999999999943,-0.0499999999999971,157.6,0.08366600271785973,5.0,1,Stopped,0.0,0,0,,157.5,157.6,157.9,0.0
92H-07095,2026-08-09 11:52:00,157.5,0.0,"Phường Hải Vân, TP Đà Nẵng",0,0,157.5,2.0,6.0,0,0.0,2,0,0,VALID,0.0,0.0,157.6,0.08366600271788606,5.0,1,Stopped,0.0,0,0,,157.5,157.6,157.9,0.0
92H-07095,2026-08-09 11:54:00,157.3,0.0,"Phường Hải Vân, TP Đà Nẵng",0,0,157.3,2.0,6.0,0,0.0,2,0,0,VALID,-0.1999999999999886,-0.0999999999999943,157.5,0.12247448718324706,5.0,1,Stopped,0.0,0,0,,157.3,157.5,157.8,0.0
92H-07095,2026-08-09 11:56:00,157.3,0.0,"Phường Hải Vân, TP Đà Nẵng",0,0,157.3,2.0,6.0,0,0.0,2,0,0,VALID,0.0,0.0,157.5,0.13416407869026536,5.0,1,Stopped,0.0,0,0,,157.3,157.4,157.8,0.0
92H-07095,2026-08-09 11:58:00,157.2,0.0,"Phường Hải Vân, TP Đà Nẵng",0,0,157.2,2.0,6.0,0,0.0,2,0,0,VALID,-0.1000000000000227,-0.0500000000000113,157.3,0.13416407869030772,5.0,1,Stopped,0.0,0,0,,157.2,157.3,157.7,0.0
92H-07095,2026-08-09 12:00:00,157.2,0.0,"Phường Hải Vân, TP Đà Nẵng",0,0,157.2,2.0,6.0,0,0.0,2,0,0,VALID,0.0,0.0,157.3,0.12247448718335398,5.0,1,Stopped,0.0,0,0,,157.2,157.3,157.7,0.0
92H-07095,2026-08-09 12:02:00,157.2,0.0,"Phường Hải Vân, TP Đà Nẵng",0,0,157.2,2.0,6.0,0,0.0,2,0,0,VALID,0.0,0.0,157.2,0.05477225584940023,5.0,1,Stopped,0.0,0,0,,157.2,157.2,157.6,0.0
92H-07095,2026-08-09 12:04:00,157.2,0.0,"Phường Hải Vân, TP Đà Nẵng",0,0,157.2,2.0,6.0,0,0.0,2,0,0,VALID,0.0,0.0,157.2,0.04472135967112135,5.0,1,Stopped,0.0,0,0,,157.2,157.2,157.6,0.0
92H-07095,2026-08-09 12:06:00,157.0,0.0,"Phường Hải Vân, TP Đà Nẵng",0,0,157.0,2.0,6.0,0,0.0,2,0,0,VALID,-0.1999999999999886,-0.0999999999999943,157.2,0.08944271916057757,5.0,1,Stopped,0.0,0,0,,157.0,157.1,157.5,0.0
92H-07095,2026-08-09 12:08:00,157.0,0.0,"Phường Hải Vân, TP Đà Nẵng",0,0,157.0,2.0,6.0,0,0.0,2,0,0,VALID,0.0,0.0,157.2,0.10954451155051592,5.0,1,Stopped,0.0,0,0,,157.0,157.1,157.5,0.0
92H-07095,2026-08-09 12:10:00,157.0,0.0,"Phường Hải Vân, TP Đà Nẵng",0,0,157.0,2.0,6.0,0,0.0,2,0,0,VALID,0.0,0.0,157.0,0.10954451155053603,5.0,1,Stopped,0.0,0,0,,157.0,157.0,157.4,0.0
92H-07095,2026-08-09 12:12:00,156.9,0.0,"Phường Hải Vân, TP Đà Nẵng",0,0,156.9,2.0,6.0,0,0.0,2,0,0,VALID,-0.0999999999999943,-0.0499999999999971,157.0,0.10954451155057494,5.0,1,Stopped,0.0,0,0,,156.9,157.0,157.4,0.0
92H-07095,2026-08-09 12:14:00,156.9,0.0,"Phường Hải Vân, TP Đà Nẵng",0,0,156.9,2.0,6.0,0,0.0,2,0,0,VALID,0.0,0.0,157.0,0.05477225584969795,5.0,1,Stopped,0.0,0,0,,156.9,157.0,157.3,0.0
92H-07095,2026-08-09 12:16:00,156.7,0.0,"Phường Hải Vân, TP Đà Nẵng",0,0,156.7,2.0,6.0,0,0.0,2,0,0,VALID,-0.200000000000017,-0.1000000000000085,156.9,0.12247448718355673,5.0,1,Stopped,0.0,0,0,,156.7,156.9,157.3,0.0
92H-07095,2026-08-09 12:18:00,156.7,0.0,"Phường Hải Vân, TP Đà Nẵng",0,0,156.7,2.0,6.0,0,0.0,2,0,0,VALID,0.0,0.0,156.9,0.13416407869055638,5.0,1,Stopped,0.0,0,0,,156.7,156.8,157.2,0.0
92H-07095,2026-08-09 12:20:00,156.6,0.0,"Phường Hải Vân, TP Đà Nẵng",0,0,156.6,2.0,6.0,0,0.0,2,0,0,VALID,-0.0999999999999943,-0.0499999999999971,156.7,0.13416407869059876,5.0,1,Stopped,0.0,0,0,,156.6,156.7,157.1,0.0
92H-07095,2026-08-09 12:22:00,156.6,0.0,"Phường Hải Vân, TP Đà Nẵng",0,0,156.6,2.0,6.0,0,0.0,2,0,0,VALID,0.0,0.0,156.7,0.12247448718367278,5.0,1,Stopped,0.0,0,0,,156.6,156.7,157.1,0.0
92H-07095,2026-08-09 12:24:00,156.4,0.0,"Phường Hải Vân, TP Đà Nẵng",0,0,156.4,2.0,6.0,0,0.0,2,0,0,VALID,-0.1999999999999886,-0.0999999999999943,156.6,0.12247448718371773,5.0,1,Stopped,0.0,0,0,,156.4,156.6,157.0,0.0
92H-07095,2026-08-09 12:26:00,156.4,0.0,"Phường Hải Vân, TP Đà Nẵng",0,0,156.4,2.0,6.0,0,0.0,2,0,0,VALID,0.0,0.0,156.6,0.134164078690695,5.0,1,Stopped,0.0,0,0,,156.4,156.5,157.0,0.0
92H-07095,2026-08-09 12:28:00,156.3,0.0,"Phường Hải Vân, TP Đà Nẵng",0,0,156.3,2.0,6.0,0,0.0,2,0,0,VALID,-0.0999999999999943,-0.0499999999999971,156.4,0.13416407869072786,5.0,1,Stopped,0.0,0,0,,156.9,156.7,156.9,0.0
92H-07095,2026-08-09 12:30:00,156.3,0.0,"Phường Hải Vân, TP Đà Nẵng",0,0,156.3,2.0,6.0,0,0.0,2,0,0,VALID,0.0,0.0,156.4,0.12247448718380767,5.0,1,Stopped,0.0,0,0,,156.3,156.5,156.9,0.0
92H-07095,2026-08-09 12:32:00,156.3,0.0,"Phường Hải Vân, TP Đà Nẵng",0,0,156.3,2.0,6.0,0,0.0,2,0,0,VALID,0.0,0.0,156.3,0.05477225585040888,5.0,1,Stopped,0.0,0,0,,156.3,156.4,156.8,0.0
92H-07095,2026-08-09 12:34:00,156.3,0.0,"Phường Hải Vân, TP Đà Nẵng",0,0,156.3,2.0,6.0,0,0.0,2,0,0,VALID,0.0,0.0,156.3,0.0447213596723551,5.0,1,Stopped,0.0,0,0,,156.3,156.4,156.8,0.0
92H-07095,2026-08-09 12:36:00,156.1,0.0,"Phường Hải Vân, TP Đà Nẵng",0,0,156.1,2.0,6.0,0,0.0,2,0,0,VALID,-0.200000000000017,-0.1000000000000085,156.3,0.08944271916121589,5.0,1,Stopped,0.0,0,0,,156.1,156.3,156.7,0.0
92H-07095,2026-08-09 12:38:00,156.1,0.0,"Phường Hải Vân, TP Đà Nẵng",0,0,156.1,2.0,6.0,0,0.0,2,0,0,VALID,0.0,0.0,156.3,0.10954451155104587,5.0,1,Stopped,0.0,0,0,,156.1,156.2,156.6,0.0
92H-07095,2026-08-09 12:40:00,156.0,0.0,"Phường Hải Vân, TP Đà Nẵng",0,0,156.0,2.0,6.0,0,0.0,2,0,0,VALID,-0.0999999999999943,-0.0499999999999971,156.1,0.1341640786908523,5.0,1,Stopped,0.0,0,0,,156.0,156.1,156.6,0.0
92H-07095,2026-08-09 12:42:00,156.0,0.0,"Phường Hải Vân, TP Đà Nẵng",0,0,156.0,2.0,6.0,0,0.0,2,0,0,VALID,0.0,0.0,156.1,0.12247448718395053,5.0,1,Stopped,0.0,0,0,,156.0,156.1,156.5,0.0
92H-07095,2026-08-09 12:44:00,155.8,0.0,"Phường Hải Vân, TP Đà Nẵng",0,0,155.8,2.0,6.0,0,0.0,2,0,0,VALID,-0.1999999999999886,-0.0999999999999943,156.0,0.12247448718399548,5.0,1,Stopped,0.0,0,0,,155.8,156.0,156.5,0.0
92H-07095,2026-08-09 12:46:00,155.8,0.0,"Phường Hải Vân, TP Đà Nẵng",0,0,155.8,2.0,6.0,0,0.0,2,0,0,VALID,0.0,0.0,156.0,0.13416407869094857,5.0,1,Stopped,0.0,0,0,,155.8,155.9,156.4,0.0
92H-07095,2026-08-09 12:48:00,155.7,0.0,"Phường Hải Vân, TP Đà Nẵng",0,0,155.7,2.0,6.0,0,0.0,2,0,0,VALID,-0.1000000000000227,-0.0500000000000113,155.8,0.13416407869099092,5.0,1,Stopped,0.0,0,0,,155.7,155.8,156.3,0.0
92H-07095,2026-08-09 12:50:00,155.7,0.0,"Phường Hải Vân, TP Đà Nẵng",0,0,155.7,2.0,6.0,0,0.0,2,0,0,VALID,0.0,0.0,155.8,0.12247448718410238,5.0,1,Stopped,0.0,0,0,,155.7,155.8,156.3,0.0
92H-07095,2026-08-09 12:52:00,155.5,0.0,"Phường Hải Vân, TP Đà Nẵng",0,0,155.5,2.0,6.0,0,0.0,2,0,0,VALID,-0.1999999999999886,-0.0999999999999943,155.7,0.12247448718414734,5.0,1,Stopped,0.0,0,0,,156.1,155.9,156.2,0.0
92H-07095,2026-08-09 12:54:00,157.3,0.0,"Phường Hải Vân, TP Đà Nẵng",0,0,157.3,2.0,6.0,0,0.0,2,0,0,VALID,1.8000000000000114,0.9000000000000057,155.7,0.7348469228424281,5.0,1,Stopped,0.0,0,0,,157.3,156.5,156.3,0.0
92H-07095,2026-08-09 12:56:00,157.3,0.0,"Phường Hải Vân, TP Đà Nẵng",0,0,157.3,2.0,6.0,0,0.0,2,0,0,VALID,0.0,0.0,155.7,0.9165151389971405,5.0,1,Stopped,0.0,0,0,,157.3,156.8,156.4,0.0
92H-07095,2026-08-09 12:58:00,157.3,0.0,"Phường Hải Vân, TP Đà Nẵng",0,0,157.3,2.0,6.0,0,0.0,2,0,0,VALID,0.0,0.0,157.3,0.9338094024001277,5.0,1,Stopped,0.0,0,0,,157.3,157.0,156.5,0.0
92H-07095,2026-08-09 13:00:00,157.3,0.0,"Phường Hải Vân, TP Đà Nẵng",0,0,157.3,2.0,6.0,0,0.0,2,0,0,VALID,0.0,0.0,157.3,0.8049844719066389,5.0,1,Stopped,0.0,0,0,,157.3,157.1,156.6,0.0
92H-07095,2026-08-09 13:02:00,157.3,0.0,"Phường Hải Vân, TP Đà Nẵng",0,0,157.3,2.0,6.0,0,0.0,2,0,0,VALID,0.0,0.0,157.3,0.0,5.0,1,Stopped,0.0,0,0,,157.3,157.2,156.7,0.0
92H-07095,2026-08-09 13:04:00,157.3,0.0,"Phường Hải Vân, TP Đà Nẵng",0,0,157.3,2.0,6.0,0,0.0,2,0,0,VALID,0.0,0.0,157.3,0.0,5.0,1,Stopped,0.0,0,0,,157.3,157.2,156.7,0.0
92H-07095,2026-08-09 13:06:00,157.3,0.0,"Phường Hải Vân, TP Đà Nẵng",0,0,157.3,2.0,6.0,0,0.0,2,0,0,VALID,0.0,0.0,157.3,0.0,5.0,1,Stopped,0.0,0,0,,157.3,157.3,156.8,0.0
92H-07095,2026-08-09 13:08:00,157.3,0.0,"Phường Hải Vân, TP Đà Nẵng",0,0,157.3,2.0,6.0,0,0.0,2,0,0,VALID,0.0,0.0,157.3,0.0,5.0,1,Stopped,0.0,0,0,,157.3,157.3,156.8,0.0
92H-07095,2026-08-09 13:10:00,157.3,0.0,"Phường Hải Vân, TP Đà Nẵng",0,0,157.3,2.0,6.0,0,0.0,2,0,0,VALID,0.0,0.0,157.3,0.0,5.0,1,Stopped,0.0,0,0,,157.3,157.3,156.9,0.0
92H-07095,2026-08-09 13:12:00,157.3,0.0,"Phường Hải Vân, TP Đà Nẵng",0,0,157.3,2.0,6.0,0,0.0,2,0,0,VALID,0.0,0.0,157.3,0.0,5.0,1,Stopped,0.0,0,0,,157.3,157.3,156.9,0.0
92H-07095,2026-08-09 13:14:00,157.3,0.0,"Phường Hải Vân, TP Đà Nẵng",0,0,157.3,2.0,6.0,0,0.0,2,0,0,VALID,0.0,0.0,157.3,0.0,5.0,1,Stopped,0.0,0,0,,157.3,157.3,157.0,0.0
92H-07095,2026-08-09 13:16:00,157.3,0.0,"Phường Hải Vân, TP Đà Nẵng",0,0,157.3,2.0,6.0,0,0.0,2,0,0,VALID,0.0,0.0,157.3,0.0,5.0,1,Stopped,0.0,0,0,,157.3,157.3,157.0,0.0
92H-07095,2026-08-09 13:18:00,157.3,0.0,"Phường Hải Vân, TP Đà Nẵng",0,0,157.3,2.0,6.0,0,0.0,2,0,0,VALID,0.0,0.0,157.3,0.0,5.0,1,Stopped,0.0,0,0,,157.3,157.3,157.0,0.0
92H-07095,2026-08-09 13:20:00,157.3,0.0,"Phường Hải Vân, TP Đà Nẵng",0,0,157.3,2.0,6.0,0,0.0,2,0,0,VALID,0.0,0.0,157.3,0.0,5.0,1,Stopped,0.0,0,0,,157.3,157.3,157.1,0.0
92H-07095,2026-08-09 13:22:00,157.3,0.0,"Phường Hải Vân, TP Đà Nẵng",0,0,157.3,2.0,6.0,0,0.0,2,0,0,VALID,0.0,0.0,157.3,0.0,5.0,1,Stopped,0.0,0,0,,157.3,157.3,157.1,0.0
92H-07095,2026-08-09 13:24:00,157.3,0.0,"Phường Hải Vân, TP Đà Nẵng",0,0,157.3,2.0,6.0,0,0.0,2,0,0,VALID,0.0,0.0,157.3,0.0,5.0,1,Stopped,0.0,0,0,,157.3,157.3,157.1,0.0
92H-07095,2026-08-09 13:26:00,157.3,0.0,"Phường Hải Vân, TP Đà Nẵng",0,0,157.3,2.0,6.0,0,0.0,2,0,0,VALID,0.0,0.0,157.3,0.0,5.0,1,Stopped,0.0,0,0,,157.3,157.3,157.1,0.0
92H-07095,2026-08-09 13:28:00,157.3,0.0,"Phường Hải Vân, TP Đà Nẵng",0,0,157.3,2.0,6.0,0,0.0,2,0,0,VALID,0.0,0.0,157.3,0.0,5.0,1,Stopped,0.0,0,0,,157.3,157.3,157.1,0.0
92H-07095,2026-08-09 13:30:00,157.3,0.0,"Phường Hải Vân, TP Đà Nẵng",0,0,157.3,2.0,6.0,0,0.0,2,0,0,VALID,0.0,0.0,157.3,0.0,5.0,1,Stopped,0.0,0,0,,157.3,157.3,157.2,0.0
92H-07095,2026-08-09 13:32:00,157.3,0.0,"Phường Hải Vân, TP Đà Nẵng",0,0,157.3,2.0,6.0,0,0.0,2,0,0,VALID,0.0,0.0,157.3,0.0,5.0,1,Stopped,0.0,0,0,,157.3,157.3,157.2,0.0
92H-07095,2026-08-09 13:34:00,157.3,0.0,"Phường Hải Vân, TP Đà Nẵng",0,0,157.3,2.0,6.0,0,0.0,2,0,0,VALID,0.0,0.0,157.3,0.0,5.0,1,Stopped,0.0,0,0,,157.3,157.3,157.2,0.0
92H-07095,2026-08-09 13:36:00,157.3,0.0,"Phường Hải Vân, TP Đà Nẵng",0,0,157.3,2.0,6.0,0,0.0,2,0,0,VALID,0.0,0.0,157.3,0.0,5.0,1,Stopped,0.0,0,0,,157.3,157.3,157.2,0.0
92H-07095,2026-08-09 13:38:00,157.3,0.0,"Phường Hải Vân, TP Đà Nẵng",0,0,157.3,2.0,6.0,0,0.0,2,0,0,VALID,0.0,0.0,157.3,0.0,5.0,1,Stopped,0.0,0,0,,157.3,157.3,157.2,0.0
92H-07095,2026-08-09 13:40:00,157.3,0.0,"Phường Hải Vân, TP Đà Nẵng",0,0,157.3,2.0,6.0,0,0.0,2,0,0,VALID,0.0,0.0,157.3,0.0,5.0,1,Stopped,0.0,0,0,,157.3,157.3,157.2,0.0
92H-07095,2026-08-09 13:42:00,157.3,0.0,"Phường Hải Vân, TP Đà Nẵng",0,0,157.3,2.0,6.0,0,0.0,2,0,0,VALID,0.0,0.0,157.3,0.0,5.0,1,Stopped,0.0,0,0,,157.3,157.3,157.2,0.0
92H-07095,2026-08-09 13:44:00,157.3,0.0,"Phường Hải Vân, TP Đà Nẵng",0,0,157.3,2.0,6.0,0,0.0,2,0,0,VALID,0.0,0.0,157.3,0.0,5.0,1,Stopped,0.0,0,0,,157.3,157.3,157.2,0.0
92H-07095,2026-08-09 13:46:00,157.3,0.0,"Phường Hải Vân, TP Đà Nẵng",0,0,157.3,2.0,6.0,0,0.0,2,0,0,VALID,0.0,0.0,157.3,0.0,5.0,1,Stopped,0.0,0,0,,157.3,157.3,157.2,0.0
92H-07095,2026-08-09 13:48:00,157.3,0.0,"Phường Hải Vân, TP Đà Nẵng",0,0,157.3,2.0,6.0,0,0.0,2,0,0,VALID,0.0,0.0,157.3,0.0,5.0,1,Stopped,0.0,0,0,,157.3,157.3,157.2,0.0
92H-07095,2026-08-09 13:50:00,157.3,0.0,"Phường Hải Vân, TP Đà Nẵng",0,0,157.3,2.0,6.0,0,0.0,2,0,0,VALID,0.0,0.0,157.3,0.0,5.0,1,Stopped,0.0,0,0,,157.3,157.3,157.3,0.0
92H-07095,2026-08-09 13:52:00,157.3,0.0,"Phường Hải Vân, TP Đà Nẵng",0,0,157.3,2.0,6.0,0,0.0,2,0,0,VALID,0.0,0.0,157.3,0.0,5.0,1,Stopped,0.0,0,0,,157.3,157.3,157.3,0.0
92H-07095,2026-08-09 13:54:00,157.2,0.0,"Phường Hải Vân, TP Đà Nẵng",0,0,157.2,2.0,6.0,0,0.0,2,0,0,VALID,-0.1000000000000227,-0.0500000000000113,157.3,0.04472135967008833,5.0,1,Stopped,0.0,0,0,,157.2,157.3,157.2,0.0
92H-07095,2026-08-09 13:56:00,157.0,0.0,"Phường Hải Vân, TP Đà Nẵng",0,0,157.0,2.0,6.0,0,0.0,2,0,0,VALID,-0.1999999999999886,-0.0999999999999943,157.3,0.13038404814527435,5.0,1,Stopped,0.0,0,0,,157.0,157.2,157.2,0.0
92H-07095,2026-08-09 13:58:00,157.0,0.0,"Phường Hải Vân, TP Đà Nẵng",0,0,157.0,2.0,6.0,0,0.0,2,0,0,VALID,0.0,0.0,157.2,0.1516575089164965,5.0,1,Stopped,0.0,0,0,,157.0,157.1,157.2,0.0
92H-07095,2026-08-09 14:00:00,157.0,0.0,"Phường Hải Vân, TP Đà Nẵng",0,0,157.0,2.0,6.0,0,0.0,2,0,0,VALID,0.0,0.0,157.0,0.14142135627536478,5.0,1,Stopped,0.0,0,0,,157.0,157.1,157.2,0.0
92H-07095,2026-08-09 14:02:00,157.0,0.0,"Phường Hải Vân, TP Đà Nẵng",0,0,157.0,2.0,6.0,0,0.0,2,0,0,VALID,0.0,0.0,157.0,0.0894427191601993,5.0,1,Stopped,0.0,0,0,,157.0,157.0,157.2,0.0
92H-07095,2026-08-09 14:05:00,156.9,0.0,"Phường Hải Vân, TP Đà Nẵng",0,0,156.9,3.0,6.0,0,0.0,2,0,0,VALID,-0.0999999999999943,-0.0333333333333314,157.0,0.044721359670498284,5.0,1,Stopped,0.0,0,0,,156.9,157.0,157.1,0.0
92H-07095,2026-08-09 14:07:00,156.9,0.0,"Phường Hải Vân, TP Đà Nẵng",0,0,156.9,2.0,6.0,0,0.0,2,0,0,VALID,0.0,0.0,157.0,0.05477225584892296,5.0,1,Stopped,0.0,0,0,,156.9,156.9,157.1,0.0
92H-07095,2026-08-09 14:09:00,156.9,0.0,"Phường Hải Vân, TP Đà Nẵng",0,0,156.9,2.0,6.0,0,0.0,2,0,0,VALID,0.0,0.0,156.9,0.054772255848937225,5.0,1,Stopped,0.0,0,0,,156.9,156.9,157.1,0.0
92H-07095,2026-08-09 14:11:00,156.9,0.0,"Phường Hải Vân, TP Đà Nẵng",0,0,156.9,2.0,6.0,0,0.0,2,0,0,VALID,0.0,0.0,156.9,0.0447213596705527,5.0,1,Stopped,0.0,0,0,,156.9,156.9,157.1,0.0
92H-07095,2026-08-09 14:13:00,156.9,0.0,"Phường Hải Vân, TP Đà Nẵng",0,0,156.9,2.0,6.0,0,0.0,2,0,0,VALID,0.0,0.0,156.9,0.0,5.0,1,Stopped,0.0,0,0,,156.9,156.9,157.1,0.0
92H-07095,2026-08-09 14:15:00,156.9,0.0,"Phường Hải Vân, TP Đà Nẵng",0,0,156.9,2.0,6.0,0,0.0,2,0,0,VALID,0.0,0.0,156.9,0.0,5.0,1,Stopped,0.0,0,0,,156.9,156.9,157.0,0.0
92H-07095,2026-08-09 14:16:00,156.9,0.0,"Phường Hải Vân, TP Đà Nẵng",0,0,156.9,1.0,6.0,0,0.0,2,0,0,VALID,0.0,0.0,156.9,0.0,5.0,1,Stopped,0.0,0,0,,156.9,156.9,157.0,0.0
92H-07095,2026-08-09 14:18:00,156.9,0.0,"Phường Hải Vân, TP Đà Nẵng",0,0,156.9,2.0,6.0,0,0.0,2,0,0,VALID,0.0,0.0,156.9,0.0,5.0,1,Stopped,0.0,0,0,,156.9,156.9,157.0,0.0
92H-07095,2026-08-09 14:20:00,156.9,0.0,"Phường Hải Vân, TP Đà Nẵng",0,0,156.9,2.0,6.0,0,0.0,2,0,0,VALID,0.0,0.0,156.9,0.0,5.0,1,Stopped,0.0,0,0,,156.9,156.9,157.0,0.0
92H-07095,2026-08-09 14:22:00,156.9,0.0,"Phường Hải Vân, TP Đà Nẵng",0,0,156.9,2.0,6.0,0,0.0,2,0,0,VALID,0.0,0.0,156.9,0.0,5.0,1,Stopped,0.0,0,0,,156.9,156.9,157.0,0.0
92H-07095,2026-08-09 14:24:00,156.7,0.0,"Phường Hải Vân, TP Đà Nẵng",0,0,156.7,2.0,6.0,0,0.0,2,0,0,VALID,-0.200000000000017,-0.1000000000000085,156.9,0.08944271916032898,5.0,1,Stopped,0.0,0,0,,156.7,156.8,157.0,0.0
92H-07095,2026-08-09 14:26:00,156.7,0.0,"Phường Hải Vân, TP Đà Nẵng",0,0,156.7,2.0,6.0,0,0.0,2,0,0,VALID,0.0,0.0,156.9,0.10954451155032852,5.0,1,Stopped,0.0,0,0,,156.7,156.8,156.9,0.0
92H-07095,2026-08-09 14:28:00,156.7,0.0,"Phường Hải Vân, TP Đà Nẵng",0,0,156.7,2.0,6.0,0,0.0,2,0,0,VALID,0.0,0.0,156.7,0.10954451155035447,5.0,1,Stopped,0.0,0,0,,156.7,156.7,156.9,0.0
92H-07095,2026-08-09 14:30:00,156.6,0.0,"Phường Hải Vân, TP Đà Nẵng",0,0,156.6,2.0,6.0,0,0.0,2,0,0,VALID,-0.0999999999999943,-0.0499999999999971,156.7,0.1095445115503895,5.0,1,Stopped,0.0,0,0,,156.6,156.7,156.9,0.0
92H-07095,2026-08-09 14:32:00,156.4,0.0,"Phường Hải Vân, TP Đà Nẵng",0,0,156.4,2.0,6.0,0,0.0,2,0,0,VALID,-0.1999999999999886,-0.0999999999999943,156.7,0.13038404814557,5.0,1,Stopped,0.0,0,0,,156.4,156.6,156.8,0.0
92H-07095,2026-08-09 14:34:00,156.4,0.0,"Phường Hải Vân, TP Đà Nẵng",0,0,156.4,2.0,6.0,0,0.0,2,0,0,VALID,0.0,0.0,156.6,0.15165750891675486,5.0,1,Stopped,0.0,0,0,,156.4,156.5,156.8,0.0
92H-07095,2026-08-09 14:36:00,156.4,0.0,"Phường Hải Vân, TP Đà Nẵng",0,0,156.4,2.0,6.0,0,0.0,2,0,0,VALID,0.0,0.0,156.4,0.14142135627565897,5.0,1,Stopped,0.0,0,0,,156.4,156.5,156.8,0.0
92H-07095,2026-08-09 14:38:00,156.4,0.0,"Phường Hải Vân, TP Đà Nẵng",0,0,156.4,2.0,6.0,0,0.0,2,0,0,VALID,0.0,0.0,156.4,0.08944271916070373,5.0,1,Stopped,0.0,0,0,,156.4,156.4,156.7,0.0
92H-07095,2026-08-09 14:40:00,156.3,0.0,"Phường Hải Vân, TP Đà Nẵng",0,0,156.3,2.0,6.0,0,0.0,2,0,0,VALID,-0.0999999999999943,-0.0499999999999971,156.4,0.044721359671550054,5.0,1,Stopped,0.0,0,0,,156.3,156.4,156.7,0.0
92H-07095,2026-08-09 14:42:00,156.3,0.0,"Phường Hải Vân, TP Đà Nẵng",0,0,156.3,2.0,6.0,0,0.0,2,0,0,VALID,0.0,0.0,156.4,0.054772255849803456,5.0,1,Stopped,0.0,0,0,,156.3,156.3,156.6,0.0
92H-07095,2026-08-09 14:44:00,156.3,0.0,"Phường Hải Vân, TP Đà Nẵng",0,0,156.3,2.0,6.0,0,0.0,2,0,0,VALID,0.0,0.0,156.3,0.05477225584984951,5.0,1,Stopped,0.0,0,0,,156.3,156.3,156.6,0.0
92H-07095,2026-08-09 14:46:00,156.3,0.0,"Phường Hải Vân, TP Đà Nẵng",0,0,156.3,2.0,6.0,0,0.0,2,0,0,VALID,0.0,0.0,156.3,0.044721359671719266,5.0,1,Stopped,0.0,0,0,,156.3,156.3,156.6,0.0
92H-07095,2026-08-09 14:48:00,156.3,0.0,"Phường Hải Vân, TP Đà Nẵng",0,0,156.3,2.0,6.0,0,0.0,2,0,0,VALID,0.0,0.0,156.3,0.0,5.0,1,Stopped,0.0,0,0,,156.3,156.3,156.5,0.0
92H-07095,2026-08-09 14:50:00,156.1,0.0,"Phường Hải Vân, TP Đà Nẵng",0,0,156.1,2.0,6.0,0,0.0,2,0,0,VALID,-0.200000000000017,-0.1000000000000085,156.3,0.08944271916097185,5.0,1,Stopped,0.0,0,0,,156.1,156.2,156.5,0.0
92H-07095,2026-08-09 14:52:00,156.1,0.0,"Phường Hải Vân, TP Đà Nẵng",0,0,156.1,2.0,6.0,0,0.0,2,0,0,VALID,0.0,0.0,156.3,0.10954451155088683,5.0,1,Stopped,0.0,0,0,,156.1,156.2,156.5,0.0
92H-07095,2026-08-09 14:54:00,156.1,0.0,"Phường Hải Vân, TP Đà Nẵng",0,0,156.1,2.0,6.0,0,0.0,2,0,0,VALID,0.0,0.0,156.1,0.10954451155094456,5.0,1,Stopped,0.0,0,0,,156.1,156.1,156.4,0.0
92H-07095,2026-08-09 14:56:00,156.1,0.0,"Phường Hải Vân, TP Đà Nẵng",0,0,156.1,2.0,6.0,0,0.0,2,0,0,VALID,0.0,0.0,156.1,0.08944271916118396,5.0,1,Stopped,0.0,0,0,,156.1,156.1,156.4,0.0
92H-07095,2026-08-09 14:58:00,156.1,0.0,"Phường Hải Vân, TP Đà Nẵng",0,0,156.1,2.0,6.0,0,0.0,2,0,0,VALID,0.0,0.0,156.1,0.0,5.0,1,Stopped,0.0,0,0,,156.1,156.1,156.4,0.0
92H-07095,2026-08-09 15:00:00,156.1,0.0,"Phường Hải Vân, TP Đà Nẵng",0,0,156.1,2.0,6.0,0,0.0,2,0,0,VALID,0.0,0.0,156.1,0.0,5.0,1,Stopped,0.0,0,0,,156.1,156.1,156.3,0.0
92H-07095,2026-08-09 15:02:00,156.1,0.0,"Phường Hải Vân, TP Đà Nẵng",0,0,156.1,2.0,6.0,0,0.0,2,0,0,VALID,0.0,0.0,156.1,0.0,5.0,1,Stopped,0.0,0,0,,156.1,156.1,156.3,0.0
92H-07095,2026-08-09 15:04:00,156.1,0.0,"Phường Hải Vân, TP Đà Nẵng",0,0,156.1,2.0,6.0,0,0.0,2,0,0,VALID,0.0,0.0,156.1,0.0,5.0,1,Stopped,0.0,0,0,,156.1,156.1,156.3,0.0
92H-07095,2026-08-09 15:06:00,156.1,0.0,"Phường Hải Vân, TP Đà Nẵng",0,0,156.1,2.0,6.0,0,0.0,2,0,0,VALID,0.0,0.0,156.1,0.0,5.0,1,Stopped,0.0,0,0,,156.1,156.1,156.3,0.0
92H-07095,2026-08-09 15:08:00,156.0,0.0,"Phường Hải Vân, TP Đà Nẵng",0,0,156.0,2.0,6.0,0,0.0,2,0,0,VALID,-0.0999999999999943,-0.0499999999999971,156.1,0.044721359672586766,5.0,1,Stopped,0.0,0,0,,156.0,156.1,156.2,0.0
92H-07095,2026-08-09 15:10:00,156.0,0.0,"Phường Hải Vân, TP Đà Nẵng",0,0,156.0,2.0,6.0,0,0.0,2,0,0,VALID,0.0,0.0,156.1,0.05477225585066841,5.0,1,Stopped,0.0,0,0,,156.0,156.0,156.2,0.0
92H-07095,2026-08-09 15:12:00,155.8,0.0,"Phường Hải Vân, TP Đà Nẵng",0,0,155.8,2.0,6.0,0,0.0,2,0,0,VALID,-0.1999999999999886,-0.0999999999999943,156.0,0.12247448718401598,5.0,1,Stopped,0.0,0,0,,155.8,155.9,156.2,0.0
92H-07095,2026-08-09 15:14:00,155.8,0.0,"Phường Hải Vân, TP Đà Nẵng",0,0,155.8,2.0,6.0,0,0.0,2,0,0,VALID,0.0,0.0,156.0,0.13416407869099586,5.0,1,Stopped,0.0,0,0,,155.8,155.9,156.1,0.0
92H-07095,2026-08-09 15:16:00,155.8,0.0,"Phường Hải Vân, TP Đà Nẵng",0,0,155.8,2.0,6.0,0,0.0,2,0,0,VALID,0.0,0.0,155.8,0.10954451155133649,5.0,1,Stopped,0.0,0,0,,155.8,155.9,156.1,0.0
92H-07095,2026-08-09 15:18:00,155.8,0.0,"Phường Hải Vân, TP Đà Nẵng",0,0,155.8,2.0,6.0,0,0.0,2,0,0,VALID,0.0,0.0,155.8,0.0894427191616604,5.0,1,Stopped,0.0,0,0,,155.8,155.8,156.1,0.0
92H-07095,2026-08-09 15:20:00,155.7,0.0,"Phường Hải Vân, TP Đà Nẵng",0,0,155.7,2.0,6.0,0,0.0,2,0,0,VALID,-0.1000000000000227,-0.0500000000000113,155.8,0.044721359673539636,5.0,1,Stopped,0.0,0,0,,155.7,155.8,156.0,0.0
92H-07095,2026-08-09 15:22:00,155.7,0.0,"Phường Hải Vân, TP Đà Nẵng",0,0,155.7,2.0,6.0,0,0.0,2,0,0,VALID,0.0,0.0,155.8,0.054772255851443505,5.0,1,Stopped,0.0,0,0,,155.7,155.7,156.0,0.0
92H-07095,2026-08-09 15:24:00,155.5,0.0,"Phường Hải Vân, TP Đà Nẵng",0,0,155.5,2.0,6.0,0,0.0,2,0,0,VALID,-0.1999999999999886,-0.0999999999999943,155.7,0.12247448718435304,5.0,1,Stopped,0.0,0,0,,155.5,155.6,156.0,0.0
92H-07095,2026-08-09 15:26:00,155.4,0.0,"Phường Hải Vân, TP Đà Nẵng",0,0,155.4,2.0,6.0,0,0.0,2,0,0,VALID,-0.0999999999999943,-0.0499999999999971,155.7,0.1643167672852904,5.0,1,Stopped,0.0,0,0,,155.4,155.5,155.9,0.0
92H-07095,2026-08-09 15:28:00,155.4,0.0,"Phường Hải Vân, TP Đà Nẵng",0,0,155.4,2.0,6.0,0,0.0,2,0,0,VALID,0.0,0.0,155.5,0.15165750891763752,5.0,1,Stopped,0.0,0,0,,155.4,155.5,155.8,0.0
92H-07095,2026-08-09 15:30:00,155.4,0.0,"Phường Hải Vân, TP Đà Nẵng",0,0,155.4,2.0,6.0,0,0.0,2,0,0,VALID,0.0,0.0,155.4,0.13038404814668605,5.0,1,Stopped,0.0,0,0,,155.4,155.5,155.8,0.0
92H-07095,2026-08-09 15:32:00,155.4,0.0,"Phường Hải Vân, TP Đà Nẵng",0,0,155.4,2.0,6.0,0,0.0,2,0,0,VALID,0.0,0.0,155.4,0.04472135967447702,5.0,1,Stopped,0.0,0,0,,155.4,155.4,155.8,0.0
92H-07095,2026-08-09 15:34:00,155.3,0.0,"Phường Hải Vân, TP Đà Nẵng",0,0,155.3,2.0,6.0,0,0.0,2,0,0,VALID,-0.0999999999999943,-0.0499999999999971,155.4,0.044721359674583475,5.0,1,Stopped,0.0,0,0,,155.3,155.4,155.7,0.0
92H-07095,2026-08-09 15:36:00,155.3,0.0,"Phường Hải Vân, TP Đà Nẵng",0,0,155.3,2.0,6.0,0,0.0,2,0,0,VALID,0.0,0.0,155.4,0.0547722558522919,5.0,1,Stopped,0.0,0,0,,155.3,155.3,155.7,0.0
92H-07095,2026-08-09 15:38:00,154.5,0.0,"Phường Hải Vân, TP Đà Nẵng",0,0,154.5,2.0,6.0,0,0.0,2,0,0,VALID,-0.8000000000000114,-0.4000000000000057,155.3,0.38340579026822963,5.0,1,Stopped,0.0,0,0,,155.3,155.3,155.6,0.0
92H-07095,2026-08-09 15:40:00,154.2,0.0,"Phường Hải Vân, TP Đà Nẵng",0,0,154.2,2.0,6.0,0,0.0,2,0,0,VALID,-0.3000000000000113,-0.1500000000000056,155.3,0.5504543577911595,5.0,1,Stopped,0.0,0,0,,155.2,155.3,155.6,0.0
92H-07095,2026-08-09 15:42:00,154.2,0.0,"Phường Hải Vân, TP Đà Nẵng",0,0,154.2,2.0,6.0,0,0.0,2,0,0,VALID,0.0,0.0,154.5,0.5612486080261964,5.0,1,Stopped,0.0,0,0,,155.0,155.2,155.5,0.0
92H-07095,2026-08-09 15:44:00,154.1,0.0,"Phường Hải Vân, TP Đà Nẵng",0,0,154.1,2.0,6.0,0,0.0,2,0,0,VALID,-0.0999999999999943,-0.0499999999999971,154.2,0.4929503017662125,5.0,1,Stopped,0.0,0,0,,154.9,155.1,155.5,0.0
92H-07095,2026-08-09 15:46:00,154.1,0.0,"Phường Hải Vân, TP Đà Nẵng",0,0,154.1,2.0,6.0,0,0.0,2,0,0,VALID,0.0,0.0,154.2,0.16431676728639077,5.0,1,Stopped,0.0,0,0,,154.9,155.0,155.4,0.0
92H-07095,2026-08-09 15:48:00,153.9,0.0,"Phường Hải Vân, TP Đà Nẵng",0,0,153.9,2.0,6.0,0,0.0,2,0,0,VALID,-0.1999999999999886,-0.0999999999999943,154.1,0.12247448718599523,5.0,1,Stopped,0.0,0,0,,154.8,154.9,155.4,0.0
92H-07095,2026-08-09 15:50:00,153.9,0.0,"Phường Hải Vân, TP Đà Nẵng",0,0,153.9,2.0,6.0,0,0.0,2,0,0,VALID,0.0,0.0,154.1,0.13416407869278837,5.0,1,Stopped,0.0,0,0,,154.8,154.9,155.3,0.0
92H-07095,2026-08-09 15:52:00,153.9,0.0,"Phường Hải Vân, TP Đà Nẵng",0,0,153.9,2.0,6.0,0,0.0,2,0,0,VALID,0.0,0.0,153.9,0.1095445115535176,5.0,1,Stopped,0.0,0,0,,154.7,154.8,155.2,0.0
92H-07095,2026-08-09 15:54:00,153.8,0.0,"Phường Hải Vân, TP Đà Nẵng",0,0,153.8,2.0,6.0,0,0.0,2,0,0,VALID,-0.0999999999999943,-0.0499999999999971,153.9,0.10954451155358669,5.0,1,Stopped,0.0,0,0,,154.6,154.7,155.2,0.0
92H-07095,2026-08-09 15:56:00,153.8,0.0,"Phường Hải Vân, TP Đà Nẵng",0,0,153.8,2.0,6.0,0,0.0,2,0,0,VALID,0.0,0.0,153.9,0.05477225585575645,5.0,1,Stopped,0.0,0,0,,153.8,154.4,155.0,0.0
92H-07095,2026-08-09 15:58:00,153.6,0.0,"Phường Hải Vân, TP Đà Nẵng",0,0,153.6,2.0,6.0,0,0.0,2,0,0,VALID,-0.200000000000017,-0.1000000000000085,153.8,0.1224744871862888,5.0,1,Stopped,0.0,0,0,,153.6,154.1,154.9,0.0
92H-07095,2026-08-09 16:00:00,153.6,0.0,"Phường Hải Vân, TP Đà Nẵng",0,0,153.6,2.0,6.0,0,0.0,2,0,0,VALID,0.0,0.0,153.8,0.1341640786930647,5.0,1,Stopped,0.0,0,0,,153.6,153.9,154.8,0.0
92H-07095,2026-08-09 16:02:00,153.5,0.0,"Phường Hải Vân, TP Đà Nẵng",0,0,153.5,2.0,6.0,0,0.0,2,0,0,VALID,-0.0999999999999943,-0.0499999999999971,153.6,0.13416407869312613,5.0,1,Stopped,0.0,0,0,,153.5,153.7,154.6,0.0
92H-07095,2026-08-09 16:04:00,153.5,0.0,"Phường Hải Vân, TP Đà Nẵng",0,0,153.5,2.0,6.0,0,0.0,2,0,0,VALID,0.0,0.0,153.6,0.12247448718646402,5.0,1,Stopped,0.0,0,0,,153.5,153.6,154.5,0.0
92H-07095,2026-08-09 16:06:00,153.5,0.0,"Phường Hải Vân, TP Đà Nẵng",0,0,153.5,2.0,6.0,0,0.0,2,0,0,VALID,0.0,0.0,153.5,0.05477225585638954,5.0,1,Stopped,0.0,0,0,,153.5,153.6,154.4,0.0
92H-07095,2026-08-09 16:08:00,153.5,0.0,"Phường Hải Vân, TP Đà Nẵng",0,0,153.5,2.0,6.0,0,0.0,2,0,0,VALID,0.0,0.0,153.5,0.044721359679706495,5.0,1,Stopped,0.0,0,0,,153.5,153.5,154.3,0.0
92H-07095,2026-08-09 16:10:00,152.0,12.0,"Số 7, Phường Hải Vân, TP Đà Nẵng",0,0,152.0,2.0,6.0,0,0.0,2,0,0,VALID,-1.5,-0.75,153.5,0.6708203932586267,5.0,1,Moving,0.1,0,0,,153.4,153.5,154.2,1.0
92H-07095,2026-08-09 16:12:00,153.0,0.0,"Tạ Quang Bửu, Phường Hải Vân, TP Đà Nẵng",0,0,153.0,2.0,6.0,0,0.0,2,0,0,VALID,1.0,0.5,153.5,0.6519202405292204,5.0,1,Stopped,-0.1,0,0,,153.9,153.7,154.2,0.0
92H-07095,2026-08-09 16:14:00,152.8,0.0,"Tạ Quang Bửu, Phường Hải Vân, TP Đà Nẵng",0,0,152.8,2.0,6.0,0,0.0,2,0,0,VALID,-0.1999999999999886,-0.0999999999999943,153.0,0.6188699378800897,5.0,1,Stopped,0.0,0,0,,153.6,153.6,154.1,0.0
92H-07095,2026-08-09 16:16:00,149.1,45.0,Trạm thu phí nam Hải Vân,0,0,149.1,2.0,6.0,0,0.0,2,0,0,VALID,-3.700000000000017,-1.8500000000000083,152.8,1.7512852423325806,5.0,1,Moving,0.375,0,0,,151.9,152.9,153.9,1.0
92H-07095,2026-08-09 16:18:00,144.8,45.0,"Đường phía Nam hầm Hải Vân, Phường Hải Vân, TP Đà Nẵng",0,0,144.8,2.0,6.0,0,0.0,2,0,0,VALID,-4.299999999999983,-2.1499999999999915,152.0,3.4681407122566585,5.0,1,Moving,0.0,0,0,,148.7,151.2,153.4,1.0
92H-07095,2026-08-09 16:20:00,145.1,43.0,"Đường phía Nam hầm Hải Vân, Phường Hải Vân, TP Đà Nẵng",0,0,145.1,2.0,6.0,0,0.0,2,0,0,VALID,0.2999999999999829,0.1499999999999914,149.1,3.9778134697358976,5.0,1,Moving,-0.0166666666666666,0,0,,148.9,150.3,152.9,1.0
92H-07095,2026-08-09 16:22:00,145.4,0.0,"Suối Lương, Phường Hải Vân, TP Đà Nẵng",0,0,145.4,2.0,6.0,0,0.0,2,0,0,VALID,0.3000000000000113,0.1500000000000056,145.4,3.4674197899897496,5.0,1,Stopped,-0.3583333333333333,0,0,,148.5,149.6,152.5,0.0
92H-07095,2026-08-09 16:24:00,151.0,0.0,"Suối Lương, Phường Hải Vân, TP Đà Nẵng",0,0,151.0,2.0,6.0,0,0.0,2,0,0,VALID,5.599999999999994,2.799999999999997,145.4,2.801249721108877,5.0,1,Stopped,0.0,0,0,,152.2,150.6,152.5,0.0
92H-07095,2026-08-09 16:26:00,153.8,0.0,"Suối Lương, Phường Hải Vân, TP Đà Nẵng",0,0,153.8,2.0,6.0,0,0.0,2,0,0,VALID,2.800000000000012,1.4000000000000057,145.4,4.124560582657549,5.0,1,Stopped,0.0,0,0,,153.8,151.9,152.6,0.0
92H-07095,2026-08-09 16:28:00,153.5,59.0,"Cầu Hải Vân, Xã Chân Mây - Lăng Cô, TP Huế",0,0,153.5,2.0,6.0,0,0.0,2,0,0,VALID,-0.3000000000000113,-0.1500000000000056,151.0,4.259460059680339,5.0,1,Moving,0.4916666666666666,0,0,,153.5,152.5,152.7,1.0
92H-07095,2026-08-09 16:30:00,148.5,45.0,"Lạc Long Quân, Xã Chân Mây - Lăng Cô, TP Huế",0,0,148.5,2.0,6.0,0,0.0,2,0,0,VALID,-5.0,-2.5,151.0,3.540197734592221,5.0,1,Moving,-0.1166666666666666,0,0,,151.1,152.0,152.5,1.0
92H-07095,2026-08-09 16:32:00,149.1,37.0,"Lạc Long Quân, Xã Chân Mây - Lăng Cô, TP Huế",0,0,149.1,2.0,6.0,0,0.0,2,0,0,VALID,0.5999999999999943,0.2999999999999971,151.0,2.43864716595324,5.0,1,Moving,-0.0666666666666666,0,0,,151.0,151.6,152.4,1.0
92H-07095,2026-08-09 16:34:00,148.8,39.0,"Lạc Long Quân, Xã Chân Mây - Lăng Cô, TP Huế",0,0,148.8,2.0,6.0,0,0.0,2,0,0,VALID,-0.2999999999999829,-0.1499999999999914,149.1,2.667020809819799,5.0,1,Moving,0.0166666666666666,0,0,,148.8,150.5,152.0,1.0
92H-07095,2026-08-09 16:36:00,152.5,5.0,"Lạc Long Quân, Xã Chân Mây - Lăng Cô, TP Huế",0,0,152.5,2.0,6.0,0,0.0,2,0,0,VALID,3.6999999999999886,1.8499999999999943,149.1,2.337092210421298,5.0,1,Moving,-0.2833333333333333,0,0,,150.6,150.5,151.9,1.0
92H-07095,2026-08-09 16:38:00,148.6,16.0,"Lạc Long Quân, Xã Chân Mây - Lăng Cô, TP Huế",0,0,148.6,2.0,6.0,0,0.0,2,0,0,VALID,-3.9000000000000057,-1.9500000000000028,148.8,1.692631087984643,5.0,1,Moving,0.0916666666666666,0,0,,148.6,149.8,151.6,1.0
92H-07095,2026-08-09 16:40:00,152.0,0.0,"Lạc Long Quân, Xã Chân Mây - Lăng Cô, TP Huế",0,0,152.0,2.0,6.0,0,0.0,2,0,0,VALID,3.4000000000000057,1.7000000000000028,149.1,1.8881207588530964,5.0,1,Stopped,-0.1333333333333333,0,0,,151.4,150.4,151.5,0.0
92H-07095,2026-08-09 16:42:00,151.7,0.0,"Lạc Long Quân, Xã Chân Mây - Lăng Cô, TP Huế",0,0,151.7,2.0,6.0,0,0.0,2,0,0,VALID,-0.3000000000000113,-0.1500000000000056,151.7,1.8673510650148066,5.0,1,Stopped,0.0,0,0,,151.7,150.9,151.6,0.0
92H-07095,2026-08-09 16:44:00,151.6,0.0,"Lạc Long Quân, Xã Chân Mây - Lăng Cô, TP Huế",0,0,151.6,2.0,6.0,0,0.0,2,0,0,VALID,-0.0999999999999943,-0.0499999999999971,151.7,1.5385057685988373,5.0,1,Stopped,0.0,0,0,,153.0,151.8,151.7,0.0
92H-07095,2026-08-09 16:46:00,146.6,49.0,"Quốc Lộ 1, Xã Chân Mây - Lăng Cô, TP Huế",0,0,146.6,2.0,6.0,0,0.0,2,0,0,VALID,-5.0,-2.5,151.6,2.393741840719666,5.0,1,Moving,0.4083333333333333,0,0,,149.6,150.9,151.5,1.0
92H-07095,2026-08-09 16:48:00,147.0,47.0,"Trịnh Tố Tâm, Xã Chân Mây - Lăng Cô, TP Huế",0,0,147.0,2.0,6.0,0,0.0,2,0,0,VALID,0.4000000000000057,0.2000000000000028,151.6,2.728002932551941,5.0,1,Moving,-0.0166666666666666,0,0,,149.1,150.2,151.2,1.0
92H-07095,2026-08-09 16:50:00,146.6,0.0,"Trịnh Tố Tâm, Xã Chân Mây - Lăng Cô, TP Huế",0,0,146.6,2.0,6.0,0,0.0,2,0,0,VALID,-0.4000000000000057,-0.2000000000000028,147.0,2.698147512648642,5.0,1,Stopped,-0.3916666666666666,0,0,,148.3,149.4,151.0,0.0
92H-07095,2026-08-09 16:52:00,145.6,56.0,"Quốc Lộ 1, Xã Chân Mây - Lăng Cô, TP Huế",0,0,145.6,2.0,6.0,0,0.0,2,0,0,VALID,-1.0,-0.5,146.6,2.36050841981386,5.0,1,Moving,0.4666666666666667,0,0,,148.1,148.9,150.7,1.0
92H-07095,2026-08-09 16:54:00,145.4,57.0,"Quốc Lộ 1, Xã Chân Mây - Lăng Cô, TP Huế",0,0,145.4,2.0,6.0,0,0.0,2,0,0,VALID,-0.1999999999999886,-0.0999999999999943,146.6,0.6985699678716397,5.0,1,Moving,0.0083333333333333,0,0,,148.7,148.8,150.5,1.0
92H-07095,2026-08-09 16:56:00,146.0,43.0,"Quốc Lộ 1, Xã Chân Mây - Lăng Cô, TP Huế",0,0,146.0,2.0,6.0,0,0.0,2,0,0,VALID,0.5999999999999943,0.2999999999999971,146.0,0.6723094525679278,5.0,1,Moving,-0.1166666666666666,0,0,,148.3,148.6,150.3,1.0
92H-07095,2026-08-09 16:58:00,144.7,55.0,"Quốc Lộ 1, Xã Chân Mây - Lăng Cô, TP Huế",0,0,144.7,2.0,6.0,0,0.0,2,0,0,VALID,-1.3000000000000114,-0.6500000000000057,145.6,0.705691150583735,5.0,1,Moving,0.1,0,0,,148.6,148.6,150.1,1.0
92H-07095,2026-08-09 17:00:00,144.5,57.0,"Quốc Lộ 1, Xã Chân Mây - Lăng Cô, TP Huế",0,0,144.5,2.0,6.0,0,0.0,2,0,0,VALID,-0.1999999999999886,-0.0999999999999943,145.4,0.6268971207560334,5.0,1,Moving,0.0166666666666666,0,0,,148.5,148.6,149.9,1.0
92H-07095,2026-08-09 17:02:00,144.7,52.0,"Quốc Lộ 1, Xã Chân Mây - Lăng Cô, TP Huế",0,0,144.7,2.0,6.0,0,0.0,2,0,0,VALID,0.1999999999999886,0.0999999999999943,144.7,0.626897120756038,5.0,1,Moving,-0.0416666666666666,0,0,,148.3,148.5,149.8,1.0
92H-07095,2026-08-09 17:04:00,142.8,49.0,"Đường dẫn hầm Phước Tượng, Xã Chân Mây - Lăng Cô, TP Huế",0,0,142.8,2.0,6.0,0,0.0,2,0,0,VALID,-1.8999999999999773,-0.9499999999999886,144.7,1.1414902540154215,5.0,1,Moving,-0.025,0,0,,146.1,147.5,149.4,1.0
92H-07095,2026-08-09 17:06:00,142.3,50.0,"Đường dẫn hầm Phước Tượng, Xã Phú Lộc, TP Huế",0,0,142.3,2.0,6.0,0,0.0,2,0,0,VALID,-0.5,-0.25,144.5,1.1575836902842738,5.0,1,Moving,0.0083333333333333,0,0,,146.2,147.0,149.1,1.0
92H-07095,2026-08-09 17:08:00,142.9,44.0,"Đường dẫn hầm Phước Tượng, Xã Phú Lộc, TP Huế",0,0,142.9,2.0,6.0,0,0.0,2,0,0,VALID,0.5999999999999943,0.2999999999999971,142.9,1.085357084102809,5.0,1,Moving,-0.05,0,0,,146.4,146.8,148.8,1.0
92H-07095,2026-08-09 17:10:00,142.5,47.0,"Quốc Lộ 1, Xã Phú Lộc, TP Huế",0,0,142.5,2.0,6.0,0,0.0,2,0,0,VALID,-0.4000000000000057,-0.2000000000000028,142.8,0.9581231653666242,5.0,1,Moving,0.025,0,0,,145.7,146.3,148.5,1.0
92H-07095,2026-08-09 17:12:00,142.6,47.0,"Lý Thánh Tông, Xã Phú Lộc, TP Huế",0,0,142.6,2.0,6.0,0,0.0,2,0,0,VALID,0.0999999999999943,0.0499999999999971,142.6,0.23874672775180186,5.0,1,Moving,0.0,0,0,,145.8,146.1,148.2,1.0
92H-07095,2026-08-09 17:14:00,141.6,47.0,"Lý Thánh Tông, Xã Phú Lộc, TP Huế",0,0,141.6,2.0,6.0,0,0.0,2,0,0,VALID,-1.0,-0.5,142.5,0.4868264577980668,5.0,1,Moving,0.0,0,0,,145.3,145.8,147.9,1.0
92H-07095,2026-08-09 17:16:00,141.0,44.0,"Lý Thánh Tông, Xã Phú Lộc, TP Huế",0,0,141.0,2.0,6.0,0,0.0,2,0,0,VALID,-0.5999999999999943,-0.2999999999999971,142.5,0.7918333158008908,5.0,1,Moving,-0.025,0,0,,144.5,145.3,147.6,1.0
92H-07095,2026-08-09 17:18:00,141.3,52.0,"Lý Thánh Tông, Xã Phú Lộc, TP Huế",0,0,141.3,2.0,6.0,0,0.0,2,0,0,VALID,0.3000000000000113,0.1500000000000056,141.6,0.7176350047289043,5.0,1,Moving,0.0666666666666666,0,0,,144.6,145.0,147.3,1.0
92H-07095,2026-08-09 17:20:00,140.7,54.0,"Quốc Lộ 1, Xã Lộc An, TP Huế",0,0,140.7,2.0,6.0,0,0.0,2,0,0,VALID,-0.6000000000000227,-0.3000000000000113,141.3,0.7300684899461838,5.0,1,Moving,0.0166666666666666,0,0,,144.1,144.6,147.0,1.0
92H-07095,2026-08-09 17:22:00,140.0,49.0,"Quốc Lộ 1, Xã Lộc An, TP Huế",0,0,140.0,2.0,6.0,0,0.0,2,0,0,VALID,-0.6999999999999886,-0.3499999999999943,141.0,0.6140032573304232,5.0,1,Moving,-0.0416666666666666,0,0,,143.3,144.1,146.6,1.0
92H-07095,2026-08-09 17:24:00,140.0,55.0,"Quốc Lộ 1, Xã Lộc An, TP Huế",0,0,140.0,2.0,6.0,0,0.0,2,0,0,VALID,0.0,0.0,140.7,0.5873670062341,5.0,1,Moving,0.05,0,0,,143.1,143.7,146.3,1.0
92H-07095,2026-08-09 17:26:00,138.7,56.0,"Quốc Lộ 1, Xã Lộc An, TP Huế",0,0,138.7,2.0,6.0,0,0.0,2,0,0,VALID,-1.3000000000000114,-0.6500000000000057,140.0,0.971081870911238,5.0,1,Moving,0.0083333333333333,0,0,,142.5,143.2,145.9,1.0
92H-07095,2026-08-09 17:28:00,138.5,54.0,"Quốc Lộ 1, Xã Lộc An, TP Huế",0,0,138.5,2.0,6.0,0,0.0,2,0,0,VALID,-0.1999999999999886,-0.0999999999999943,140.0,0.9418067742443356,5.0,1,Moving,-0.0166666666666666,0,0,,142.3,142.9,145.5,1.0
92H-07095,2026-08-09 17:30:00,138.4,41.0,"Quốc Lộ 1, Xã Hưng Lộc, TP Huế",0,0,138.4,2.0,6.0,0,0.0,2,0,0,VALID,-0.0999999999999943,-0.0499999999999971,138.7,0.8105553651741412,5.0,1,Moving,-0.1083333333333333,0,0,,142.1,142.6,145.2,1.0
92H-07095,2026-08-09 17:32:00,137.5,55.0,"Quốc Lộ 1, Xã Hưng Lộc, TP Huế",0,0,137.5,2.0,6.0,0,0.0,2,0,0,VALID,-0.9000000000000057,-0.4500000000000028,138.5,0.8983317872660798,5.0,1,Moving,0.1166666666666666,0,0,,141.3,142.1,144.8,1.0
92H-07095,2026-08-09 17:34:00,137.3,51.0,"Quốc Lộ 1, Xã Hưng Lộc, TP Huế",0,0,137.3,2.0,6.0,0,0.0,2,0,0,VALID,-0.1999999999999886,-0.0999999999999943,138.4,0.6340346993759541,5.0,1,Moving,-0.0333333333333333,0,0,,141.0,141.6,144.4,1.0
92H-07095,2026-08-09 17:36:00,137.6,35.0,TPTĐ - Phú Bài,0,0,137.6,2.0,6.0,0,0.0,2,0,0,VALID,0.2999999999999829,0.1499999999999914,137.6,0.5504543577925438,5.0,1,Moving,-0.1333333333333333,0,0,,141.2,141.5,144.1,1.0
92H-07095,2026-08-09 17:38:00,136.0,53.0,"Quốc Lộ 1, Phường Phú Bài, TP Huế",0,0,136.0,2.0,6.0,0,0.0,2,0,0,VALID,-1.5999999999999943,-0.7999999999999972,137.5,0.8677557260040968,5.0,1,Moving,0.15,0,0,,140.0,140.9,143.7,1.0
92H-07095,2026-08-09 17:40:00,134.8,35.0,"Quốc Lộ 1, Phường Phú Bài, TP Huế",0,0,134.8,2.0,6.0,0,0.0,2,0,0,VALID,-1.1999999999999886,-0.5999999999999943,137.3,1.213672113881259,5.0,1,Moving,-0.15,0,0,,139.1,140.2,143.2,1.0
92H-07095,2026-08-09 17:42:00,136.0,49.0,"Đường tránh Thành phố Huế, Phường Phú Bài, TP Huế",0,0,136.0,2.0,6.0,0,0.0,2,0,0,VALID,1.1999999999999886,0.5999999999999943,136.0,1.1304866208907831,5.0,1,Moving,0.1166666666666666,0,0,,139.5,139.9,142.9,1.0
92H-07095,2026-08-09 17:44:00,135.0,54.0,"Đường tránh Thành phố Huế, Phường Phú Bài, TP Huế",0,0,135.0,2.0,6.0,0,0.0,2,0,0,VALID,-1.0,-0.5,136.0,1.1099549540468538,5.0,1,Moving,0.0416666666666666,0,0,,138.5,139.3,142.4,1.0
92H-07095,2026-08-09 17:46:00,134.8,55.0,"Đường tránh Thành phố Huế, Phường Phú Bài, TP Huế",0,0,134.8,2.0,6.0,0,0.0,2,0,0,VALID,-0.1999999999999886,-0.0999999999999943,135.0,0.6260990337105378,5.0,1,Moving,0.0083333333333333,0,0,,138.4,139.0,142.0,1.0
92H-07095,2026-08-09 17:48:00,133.2,59.0,"Đường tránh Thành phố Huế, Phường Hương Thủy, TP Huế",0,0,133.2,2.0,6.0,0,0.0,2,0,0,VALID,-1.6000000000000227,-0.8000000000000114,134.8,1.003992031847556,5.0,1,Moving,0.0333333333333333,0,0,,137.3,138.3,141.5,1.0
92H-07095,2026-08-09 17:50:00,134.8,58.0,"Đường tránh Thành phố Huế, Phường Thanh Thủy, TP Huế",0,0,134.8,2.0,6.0,0,0.0,2,0,0,VALID,1.6000000000000227,0.8000000000000114,134.8,1.003992031847556,5.0,1,Moving,-0.0083333333333333,0,0,,137.8,138.1,141.2,1.0
92H-07095,2026-08-09 17:52:00,130.7,21.0,"Đường tránh Thành phố Huế, Phường Thanh Thủy, TP Huế",0,0,130.7,2.0,6.0,0,0.0,2,0,0,VALID,-4.100000000000023,-2.050000000000012,134.8,1.82756668825343,5.0,1,Moving,-0.3083333333333333,0,0,,135.3,137.0,140.6,1.0
92H-07095,2026-08-09 17:54:00,131.5,58.0,"Đường tránh Thành phố Huế, Phường Thanh Thủy, TP Huế",0,0,131.5,2.0,6.0,0,0.0,2,0,0,VALID,0.8000000000000114,0.4000000000000057,133.2,1.874833325928928,5.0,1,Moving,0.3083333333333333,0,0,,135.7,136.5,140.1,1.0
92H-07095,2026-08-09 17:56:00,133.2,55.0,"Đường tránh Thành phố Huế, Phường Thủy Xuân, TP Huế",0,0,133.2,2.0,6.0,0,0.0,2,0,0,VALID,1.6999999999999886,0.8499999999999943,133.2,1.6084153692419616,5.0,1,Moving,-0.025,0,0,,135.8,136.2,139.7,1.0
92H-07095,2026-08-09 17:58:00,131.8,56.0,"Cao tốc Cam Lộ - La Sơn, Phường Thủy Xuân, TP Huế",0,0,131.8,2.0,6.0,0,0.0,2,0,0,VALID,-1.3999999999999773,-0.6999999999999886,131.8,1.6170961628838885,5.0,1,Moving,0.0083333333333333,0,0,,134.7,135.6,139.2,1.0
92H-07095,2026-08-09 18:00:00,131.3,35.0,"Cao tốc Cam Lộ - La Sơn, Phường Thủy Xuân, TP Huế",0,0,131.3,2.0,6.0,0,0.0,2,0,0,VALID,-0.5,-0.25,131.5,0.9300537618943747,5.0,1,Moving,-0.175,0,0,,134.9,135.3,138.7,1.0
92H-07095,2026-08-09 18:02:00,130.4,50.0,"Cao tốc Cam Lộ - La Sơn, Phường Kim Long, TP Huế",0,0,130.4,2.0,6.0,0,0.0,2,0,0,VALID,-0.9000000000000057,-0.4500000000000028,131.5,1.016366075788578,5.0,1,Moving,0.125,0,0,,133.9,134.8,138.3,1.0
92H-07095,2026-08-09 18:04:00,131.5,38.0,"Đường tránh Thành phố Huế, Phường Kim Long, TP Huế",0,0,131.5,2.0,6.0,0,0.0,2,0,0,VALID,1.0999999999999943,0.5499999999999972,131.5,1.016366075788578,5.0,1,Moving,-0.1,0,0,,134.3,134.6,137.9,1.0
92H-07095,2026-08-09 18:06:00,128.2,39.0,"Đường tránh Thành phố Huế, Phường Kim Long, TP Huế",0,0,128.2,2.0,6.0,0,0.0,2,0,0,VALID,-3.300000000000012,-1.6500000000000057,131.3,1.4604793733613666,5.0,1,Moving,0.0083333333333333,0,0,,132.1,133.6,137.3,1.0
92H-07095,2026-08-09 18:08:00,127.9,52.0,"Cao tốc Cam Lộ - La Sơn, Phường Kim Long, TP Huế",0,0,127.9,2.0,6.0,0,0.0,2,0,0,VALID,-0.2999999999999829,-0.1499999999999914,130.4,1.7067512999889811,5.0,1,Moving,0.1083333333333333,0,0,,132.0,132.9,136.8,1.0
92H-07095,2026-08-09 18:10:00,129.8,56.0,"Cao tốc Cam Lộ - La Sơn, Phường Kim Long, TP Huế",0,0,129.8,2.0,6.0,0,0.0,2,0,0,VALID,1.9000000000000057,0.9500000000000028,129.8,1.5109599597653476,5.0,1,Moving,0.0333333333333333,0,0,,131.9,132.5,136.3,1.0
92H-07095,2026-08-09 18:12:00,129.5,47.0,"Nguyễn Đăng Thịnh, Phường Hương An, TP Huế",0,0,129.5,2.0,6.0,0,0.0,2,0,0,VALID,-0.3000000000000113,-0.1500000000000056,129.5,1.437706506910964,5.0,1,Moving,-0.075,0,0,,132.1,132.4,135.9,1.0
92H-07095,2026-08-09 18:14:00,129.1,52.0,"Đường tránh Thành phố Huế, Phường Hương An, TP Huế",0,0,129.1,2.0,6.0,0,0.0,2,0,0,VALID,-0.4000000000000057,-0.2000000000000028,129.1,0.8215838362663874,5.0,1,Moving,0.0416666666666666,0,0,,132.3,132.3,135.5,1.0
92H-07095,2026-08-09 18:16:00,128.1,53.0,"Đường tránh Thành phố Huế, Phường Kim Trà, TP Huế",0,0,128.1,2.0,6.0,0,0.0,2,0,0,VALID,-1.0,-0.5,129.1,0.8438009243975694,5.0,1,Moving,0.0083333333333333,0,0,,131.3,131.9,135.1,1.0
92H-07095,2026-08-09 18:18:00,131.8,0.0,"Đường tránh Thành phố Huế, Phường Kim Trà, TP Huế",0,0,131.8,2.0,6.0,0,0.0,2,0,0,VALID,3.700000000000017,1.8500000000000083,129.5,1.3575713609288145,5.0,1,Stopped,-0.4416666666666666,0,0,,133.1,132.4,134.9,0.0
92H-07095,2026-08-09 18:20:00,127.6,24.0,"Đường tránh Thành phố Huế, Phường Kim Trà, TP Huế",0,0,127.6,2.0,6.0,0,0.0,2,0,0,VALID,-4.200000000000017,-2.1000000000000085,129.1,1.630030674562345,5.0,1,Moving,0.2,0,0,,130.5,131.6,134.4,1.0
92H-07095,2026-08-09 18:22:00,128.5,43.0,"Đường tránh Thành phố Huế, Phường Hương Trà, TP Huế",0,0,128.5,2.0,6.0,0,0.0,2,0,0,VALID,0.9000000000000057,0.4500000000000028,128.5,1.6483324907354695,5.0,1,Moving,0.1583333333333333,0,0,,131.3,131.5,134.1,1.0
92H-07095,2026-08-09 18:24:00,126.8,50.0,"Đường tránh Thành phố Huế, Phường Hương Trà, TP Huế",0,0,126.8,2.0,6.0,0,0.0,2,0,0,VALID,-1.7000000000000028,-0.8500000000000014,128.1,1.9191143790859,5.0,1,Moving,0.0583333333333333,0,0,,129.1,130.5,133.6,1.0
92H-07095,2026-08-09 18:26:00,129.3,29.0,"Cách Mạng Tháng 8, Phường Hương Trà, TP Huế",0,0,129.3,2.0,6.0,0,0.0,2,0,0,VALID,2.500000000000014,1.250000000000007,128.5,1.922238278677809,5.0,1,Moving,-0.175,0,0,,130.6,130.6,133.3,1.0
92H-07095,2026-08-09 18:28:00,126.9,46.0,"Cách Mạng Tháng 8, Phường Hương Trà, TP Huế",0,0,126.9,2.0,6.0,0,0.0,2,0,0,VALID,-2.4000000000000057,-1.2000000000000028,127.6,1.070980858845922,5.0,1,Moving,0.1416666666666666,0,0,,129.8,130.3,133.0,1.0
92H-07095,2026-08-09 18:30:00,127.2,53.0,"Cách Mạng Tháng 8, Phường Hương Trà, TP Huế",0,0,127.2,2.0,6.0,0,0.0,2,0,0,VALID,0.2999999999999971,0.1499999999999985,127.2,1.1058933040824315,5.0,1,Moving,0.0583333333333333,0,0,,130.0,130.2,132.7,1.0
92H-07095,2026-08-09 18:32:00,128.7,0.0,"Quốc Lộ 1, Phường Phong Thái, TP Huế",0,0,128.7,2.0,6.0,0,0.0,2,0,0,VALID,1.4999999999999858,0.7499999999999929,127.2,1.1432410069684975,5.0,1,Stopped,-0.4416666666666666,0,0,,130.3,130.2,132.4,0.0
92H-07095,2026-08-09 18:34:00,125.3,51.0,"Quốc Lộ 1, Phường Phong Thái, TP Huế",0,0,125.3,2.0,6.0,0,0.0,2,0,0,VALID,-3.3999999999999915,-1.6999999999999955,127.2,1.5786069808582435,5.0,1,Moving,0.425,0,0,,128.5,129.5,132.0,1.0
92H-07095,2026-08-09 18:36:00,123.2,58.0,"Quốc Lộ 1, Phường Phong Thái, TP Huế",0,0,123.2,2.0,6.0,0,0.0,2,0,0,VALID,-2.0999999999999943,-1.0499999999999972,126.9,2.0935615586876137,5.0,1,Moving,0.0583333333333333,0,0,,127.9,128.9,131.6,1.0
92H-07095,2026-08-09 18:38:00,125.7,57.0,"Quốc Lộ 1, Phường Phong Thái, TP Huế",0,0,125.7,2.0,6.0,0,0.0,2,0,0,VALID,2.5,1.25,125.7,2.0705071842460563,5.0,1,Moving,-0.0083333333333333,0,0,,128.0,128.5,131.3,1.0
92H-07095,2026-08-09 18:40:00,124.1,55.0,"Quốc Lộ 1, Phường Phong Điền, TP Huế",0,0,124.1,2.0,6.0,0,0.0,2,0,0,VALID,-1.6000000000000083,-0.8000000000000043,125.3,2.092844953649122,5.0,1,Moving,-0.0166666666666666,0,0,,127.0,127.9,130.8,1.0
92H-07095,2026-08-09 18:42:00,121.3,55.0,"Quốc Lộ 1, Phường Phong Điền, TP Huế",0,0,121.3,2.0,6.0,0,0.0,2,0,0,VALID,-2.799999999999997,-1.3999999999999986,124.1,1.7669182210885563,5.0,1,Moving,0.0,0,0,,125.4,126.9,130.3,1.0
92H-07095,2026-08-09 18:44:00,123.2,49.0,"Quốc Lộ 1, Phường Phong Điền, TP Huế",0,0,123.2,2.0,6.0,0,0.0,2,0,0,VALID,1.9000000000000057,0.9500000000000028,123.2,1.5984367363192031,5.0,1,Moving,-0.05,0,0,,126.7,126.8,129.9,1.0
92H-07095,2026-08-09 18:46:00,124.0,55.0,"Quốc Lộ 1, Phường Phong Điền, TP Huế",0,0,124.0,2.0,6.0,0,0.0,2,0,0,VALID,0.7999999999999972,0.3999999999999986,124.0,1.600937225507225,5.0,1,Moving,0.05,0,0,,126.2,126.6,129.6,1.0
92H-07095,2026-08-09 18:48:00,122.6,35.0,"Quốc Lộ 1, Phường Phong Điền, TP Huế",0,0,122.6,2.0,6.0,0,0.0,2,0,0,VALID,-1.4000000000000057,-0.7000000000000028,123.2,1.150217370767295,5.0,1,Moving,-0.1666666666666666,0,0,,125.8,126.3,129.2,1.0
92H-07095,2026-08-09 18:50:00,121.6,55.0,"Quốc Lộ 1, Phường Phong Điền, TP Huế",0,0,121.6,2.0,6.0,0,0.0,2,0,0,VALID,-1.0,-0.5,122.6,1.1171392035081757,5.0,1,Moving,0.1666666666666666,0,0,,125.3,125.9,128.8,1.0
92H-07095,2026-08-09 18:52:00,121.3,57.0,"Quốc Lộ 1, Xã Nam Hải Lăng, Tỉnh Quảng Trị",0,0,121.3,2.0,6.0,0,0.0,2,0,0,VALID,-0.2999999999999971,-0.1499999999999985,122.6,1.1171392035081757,5.0,1,Moving,0.0166666666666666,0,0,,124.1,125.2,128.3,1.0
92H-07095,2026-08-09 18:54:00,122.5,51.0,"Quốc Lộ 1, Xã Nam Hải Lăng, Tỉnh Quảng Trị",0,0,122.5,2.0,6.0,0,0.0,2,0,0,VALID,1.2000000000000028,0.6000000000000014,122.5,1.0559356041041954,5.0,1,Moving,-0.05,0,0,,124.5,124.9,127.9,1.0
92H-07095,2026-08-09 18:56:00,117.6,63.0,"Quốc Lộ 1, Xã Nam Hải Lăng, Tỉnh Quảng Trị",0,0,117.6,2.0,6.0,0,0.0,2,0,0,VALID,-4.900000000000006,-2.450000000000003,121.6,2.0462160198803576,5.0,1,Moving,0.1,0,0,,122.1,123.8,127.4,1.0
92H-07095,2026-08-09 18:58:00,119.7,66.0,"Quốc Lộ 1, Xã Diên Sanh, Tỉnh Quảng Trị",0,0,119.7,2.0,6.0,0,0.0,2,0,0,VALID,2.1000000000000085,1.0500000000000045,121.3,1.9295077092396038,5.0,1,Moving,0.025,0,0,,122.9,123.4,126.9,1.0
92H-07095,2026-08-09 19:00:00,118.8,66.0,"Quốc Lộ 1, Xã Diên Sanh, Tỉnh Quảng Trị",0,0,118.8,2.0,6.0,0,0.0,2,0,0,VALID,-0.9000000000000057,-0.4500000000000028,119.7,1.9511535049849666,5.0,1,Moving,0.0,0,0,,121.3,122.6,126.4,1.0
92H-07095,2026-08-09 19:02:00,118.2,64.0,"Quốc Lộ 1, Xã Diên Sanh, Tỉnh Quảng Trị",0,0,118.2,2.0,6.0,0,0.0,2,0,0,VALID,-0.5999999999999943,-0.2999999999999971,118.8,1.919114379086136,5.0,1,Moving,-0.0166666666666666,0,0,,121.9,122.3,125.9,1.0
92H-07095,2026-08-09 19:04:00,117.9,57.0,"Quốc Lộ 1, Xã Diên Sanh, Tỉnh Quảng Trị",0,0,117.9,2.0,6.0,0,0.0,2,0,0,VALID,-0.2999999999999971,-0.1499999999999985,118.2,0.8324662155398402,5.0,1,Moving,-0.0583333333333333,0,0,,121.7,122.1,125.5,1.0
92H-07095,2026-08-09 19:06:00,116.8,18.0,"Quốc Lộ 1, Xã Hải Lăng, Tỉnh Quảng Trị",0,0,116.8,2.0,6.0,0,0.0,2,0,0,VALID,-1.1000000000000083,-0.5500000000000043,118.2,1.0756393447690706,5.0,1,Moving,-0.325,0,0,,120.6,121.5,125.0,1.0
92H-07095,2026-08-09 19:08:00,113.1,65.0,"Quốc Lộ 1, Xã Hải Lăng, Tỉnh Quảng Trị",0,0,113.1,2.0,6.0,0,0.0,2,0,0,VALID,-3.700000000000003,-1.8500000000000012,117.9,2.2766203021178906,5.0,1,Moving,0.3916666666666666,0,0,,118.0,120.1,124.3,1.0
92H-07095,2026-08-09 19:10:00,115.0,61.0,"Quốc Lộ 1, Xã Hải Lăng, Tỉnh Quảng Trị",0,0,115.0,2.0,6.0,0,0.0,2,0,0,VALID,1.9000000000000057,0.9500000000000028,116.8,2.138924963624349,5.0,1,Moving,-0.0333333333333333,0,0,,118.9,119.6,123.8,1.0
92H-07095,2026-08-09 19:12:00,117.8,51.0,"Quốc Lộ 1, Xã Hải Lăng, Tỉnh Quảng Trị",0,0,117.8,2.0,6.0,0,0.0,2,0,0,VALID,2.799999999999997,1.3999999999999986,116.8,2.051097267321914,5.0,1,Moving,-0.0833333333333333,0,0,,120.0,119.8,123.4,1.0
92H-07095,2026-08-09 19:14:00,117.4,0.0,"Lê Duẩn, Phường Quảng Trị, Tỉnh Quảng Trị",0,0,117.4,2.0,6.0,0,0.0,2,0,0,VALID,-0.3999999999999915,-0.1999999999999957,116.8,1.9524343779024758,5.0,1,Stopped,-0.425,0,0,,118.8,119.4,122.9,0.0
92H-07095,2026-08-09 19:16:00,115.6,0.0,"Lê Duẩn, Phường Quảng Trị, Tỉnh Quảng Trị",0,0,115.6,2.0,6.0,0,0.0,2,0,0,VALID,-1.8000000000000114,-0.9000000000000057,115.6,1.905780679935509,5.0,1,Stopped,0.0,0,0,,118.2,118.9,122.5,0.0
92H-07095,2026-08-09 19:18:00,114.3,52.0,"Quốc Lộ 1, Phường Quảng Trị, Tỉnh Quảng Trị",0,0,114.3,2.0,6.0,0,0.0,2,0,0,VALID,-1.2999999999999972,-0.6499999999999986,115.6,1.5205262247049312,5.0,1,Moving,0.4333333333333333,0,0,,117.4,118.3,121.9,1.0
92H-07095,2026-08-09 19:20:00,114.6,50.0,"Lê Duẩn, Xã Triệu Phong, Tỉnh Quảng Trị",0,0,114.6,2.0,6.0,0,0.0,2,0,0,VALID,0.2999999999999971,0.1499999999999985,115.6,1.5962455951436305,5.0,1,Moving,-0.0166666666666666,0,0,,117.1,117.8,121.5,1.0
92H-07095,2026-08-09 19:22:00,116.8,0.0,"Lê Duẩn, Xã Triệu Phong, Tỉnh Quảng Trị",0,0,116.8,2.0,6.0,0,0.0,2,0,0,VALID,2.200000000000003,1.1000000000000014,115.6,1.348332303260389,5.0,1,Stopped,-0.4166666666666667,0,0,,117.9,117.9,121.1,0.0
92H-07095,2026-08-09 19:24:00,114.0,49.0,"Lê Duẩn, Xã Triệu Phong, Tỉnh Quảng Trị",0,0,114.0,2.0,6.0,0,0.0,2,0,0,VALID,-2.799999999999997,-1.3999999999999986,114.6,1.1436782764464495,5.0,1,Moving,0.4083333333333333,0,0,,115.9,117.1,120.6,1.0
92H-07095,2026-08-09 19:26:00,113.4,49.0,"Lê Duẩn, Xã Ái Tử, Tỉnh Quảng Trị",0,0,113.4,2.0,6.0,0,0.0,2,0,0,VALID,-0.5999999999999943,-0.2999999999999971,114.3,1.2969194269558746,5.0,1,Moving,0.0,0,0,,115.3,116.4,120.1,1.0
92H-07095,2026-08-09 19:28:00,115.3,9.0,"Lê Duẩn, Xã Ái Tử, Tỉnh Quảng Trị",0,0,115.3,2.0,6.0,0,0.0,2,0,0,VALID,1.8999999999999917,0.9499999999999956,114.6,1.3122499761918593,5.0,1,Moving,-0.3333333333333333,0,0,,116.8,116.5,119.7,1.0
92H-07095,2026-08-09 19:30:00,112.5,0.0,"Lê Duẩn, Xã Ái Tử, Tỉnh Quảng Trị",0,0,112.5,2.0,6.0,0,0.0,2,0,0,VALID,-2.799999999999997,-1.3999999999999986,114.0,1.6837458240528975,5.0,1,Stopped,-0.075,0,0,,115.9,116.3,119.3,0.0
92H-07095,2026-08-09 19:32:00,112.7,0.0,"Xã Ái Tử, Tỉnh Quảng Trị",0,0,112.7,2.0,6.0,0,0.0,2,0,0,VALID,0.2000000000000028,0.1000000000000014,113.4,1.1300442469282512,5.0,1,Stopped,0.0,0,0,,115.9,116.1,119.0,0.0
92H-07095,2026-08-09 19:35:00,114.3,0.0,"Lê Duẩn, Xã Ái Tử, Tỉnh Quảng Trị",0,0,114.3,3.0,6.0,0,0.0,2,0,0,VALID,1.5999999999999943,0.5333333333333314,113.4,1.1653325705632847,5.0,1,Stopped,0.0,0,0,,116.0,116.1,118.7,0.0
92H-07095,2026-08-09 19:37:00,114.3,0.0,"Lê Duẩn, Xã Ái Tử, Tỉnh Quảng Trị",0,0,114.3,2.0,6.0,0,0.0,2,0,0,VALID,0.0,0.0,114.3,1.1882760622076092,5.0,1,Stopped,0.0,0,0,,115.3,115.8,118.4,0.0
92H-07095,2026-08-09 19:39:00,114.3,0.0,"Lê Duẩn, Xã Ái Tử, Tỉnh Quảng Trị",0,0,114.3,2.0,6.0,0,0.0,2,0,0,VALID,0.0,0.0,114.3,0.933809402402672,5.0,1,Stopped,0.0,0,0,,115.6,115.7,118.1,0.0
92H-07095,2026-08-09 19:41:00,114.3,0.0,"Lê Duẩn, Xã Ái Tử, Tỉnh Quảng Trị",0,0,114.3,2.0,6.0,0,0.0,2,0,0,VALID,0.0,0.0,114.3,0.715541752810847,5.0,1,Stopped,0.0,0,0,,115.8,115.7,117.9,0.0
92H-07095,2026-08-09 19:43:00,114.3,0.0,"Lê Duẩn, Xã Ái Tử, Tỉnh Quảng Trị",0,0,114.3,2.0,6.0,0,0.0,2,0,0,VALID,0.0,0.0,114.3,0.0,5.0,1,Stopped,0.0,0,0,,114.3,115.2,117.5,0.0
92H-07095,2026-08-09 19:45:00,114.3,0.0,"Lê Duẩn, Xã Ái Tử, Tỉnh Quảng Trị",0,0,114.3,2.0,6.0,0,0.0,2,0,0,VALID,0.0,0.0,114.3,0.0,5.0,1,Stopped,0.0,0,0,,114.3,114.8,117.2,0.0
92H-07095,2026-08-09 19:47:00,114.3,0.0,"Lê Duẩn, Xã Ái Tử, Tỉnh Quảng Trị",0,0,114.3,2.0,6.0,0,0.0,2,0,0,VALID,0.0,0.0,114.3,0.0,5.0,1,Stopped,0.0,0,0,,114.9,114.9,117.0,0.0
92H-07095,2026-08-09 19:49:00,114.3,0.0,"Lê Duẩn, Xã Ái Tử, Tỉnh Quảng Trị",0,0,114.3,2.0,6.0,0,0.0,2,0,0,VALID,0.0,0.0,114.3,0.0,5.0,1,Stopped,0.0,0,0,,114.3,114.6,116.7,0.0
92H-07095,2026-08-09 19:50:00,114.3,0.0,"Lê Duẩn, Xã Ái Tử, Tỉnh Quảng Trị",0,0,114.3,1.0,6.0,0,0.0,2,0,0,VALID,0.0,0.0,114.3,0.0,5.0,1,Stopped,0.0,0,0,,114.3,114.5,116.4,0.0
92H-07095,2026-08-09 19:52:00,114.3,0.0,"Lê Duẩn, Xã Ái Tử, Tỉnh Quảng Trị",0,0,114.3,2.0,6.0,0,0.0,2,0,0,VALID,0.0,0.0,114.3,0.0,5.0,1,Stopped,0.0,0,0,,114.3,114.4,116.2,0.0
92H-07095,2026-08-09 19:54:00,114.3,0.0,"Lê Duẩn, Xã Ái Tử, Tỉnh Quảng Trị",0,0,114.3,2.0,6.0,0,0.0,2,0,0,VALID,0.0,0.0,114.3,0.0,5.0,1,Stopped,0.0,0,0,,114.3,114.4,116.0,0.0
92H-07095,2026-08-09 19:56:00,114.3,0.0,"Lê Duẩn, Xã Ái Tử, Tỉnh Quảng Trị",0,0,114.3,2.0,6.0,0,0.0,2,0,0,VALID,0.0,0.0,114.3,0.0,5.0,1,Stopped,0.0,0,0,,114.3,114.3,115.9,0.0
92H-07095,2026-08-09 19:58:00,114.3,0.0,"Lê Duẩn, Xã Ái Tử, Tỉnh Quảng Trị",0,0,114.3,2.0,6.0,0,0.0,2,0,0,VALID,0.0,0.0,114.3,0.0,5.0,1,Stopped,0.0,0,0,,114.3,114.3,115.7,0.0
92H-07095,2026-08-09 20:00:00,114.3,0.0,"Lê Duẩn, Xã Ái Tử, Tỉnh Quảng Trị",0,0,114.3,2.0,6.0,0,0.0,2,0,0,VALID,0.0,0.0,114.3,0.0,5.0,1,Stopped,0.0,0,0,,114.3,114.3,115.6,0.0
92H-07095,2026-08-09 20:02:00,114.3,0.0,"Lê Duẩn, Xã Ái Tử, Tỉnh Quảng Trị",0,0,114.3,2.0,6.0,0,0.0,2,0,0,VALID,0.0,0.0,114.3,0.0,5.0,1,Stopped,0.0,0,0,,114.3,114.3,115.4,0.0
92H-07095,2026-08-09 20:04:00,114.3,0.0,"Lê Duẩn, Xã Ái Tử, Tỉnh Quảng Trị",0,0,114.3,2.0,6.0,0,0.0,2,0,0,VALID,0.0,0.0,114.3,0.0,5.0,1,Stopped,0.0,0,0,,114.3,114.3,115.3,0.0
92H-07095,2026-08-09 20:06:00,114.3,0.0,"Lê Duẩn, Xã Ái Tử, Tỉnh Quảng Trị",0,0,114.3,2.0,6.0,0,0.0,2,0,0,VALID,0.0,0.0,114.3,0.0,5.0,1,Stopped,0.0,0,0,,114.3,114.3,115.2,0.0
92H-07095,2026-08-09 20:08:00,114.3,0.0,"Lê Duẩn, Xã Ái Tử, Tỉnh Quảng Trị",0,0,114.3,2.0,6.0,0,0.0,2,0,0,VALID,0.0,0.0,114.3,0.0,5.0,1,Stopped,0.0,0,0,,114.3,114.3,115.1,0.0
92H-07095,2026-08-09 20:10:00,114.3,0.0,"Lê Duẩn, Xã Ái Tử, Tỉnh Quảng Trị",0,0,114.3,2.0,6.0,0,0.0,2,0,0,VALID,0.0,0.0,114.3,0.0,5.0,1,Stopped,0.0,0,0,,114.3,114.3,115.0,0.0
92H-07095,2026-08-09 20:12:00,114.3,0.0,"Lê Duẩn, Xã Ái Tử, Tỉnh Quảng Trị",0,0,114.3,2.0,6.0,0,0.0,2,0,0,VALID,0.0,0.0,114.3,0.0,5.0,1,Stopped,0.0,0,0,,114.3,114.3,115.0,0.0
92H-07095,2026-08-09 20:14:00,114.3,0.0,"Lê Duẩn, Xã Ái Tử, Tỉnh Quảng Trị",0,0,114.3,2.0,6.0,0,0.0,2,0,0,VALID,0.0,0.0,114.3,0.0,5.0,1,Stopped,0.0,0,0,,114.3,114.3,114.9,0.0
92H-07095,2026-08-09 20:16:00,114.3,0.0,"Lê Duẩn, Xã Ái Tử, Tỉnh Quảng Trị",0,0,114.3,2.0,6.0,0,0.0,2,0,0,VALID,0.0,0.0,114.3,0.0,5.0,1,Stopped,0.0,0,0,,114.3,114.3,114.8,0.0
92H-07095,2026-08-09 20:18:00,114.3,0.0,"Lê Duẩn, Xã Ái Tử, Tỉnh Quảng Trị",0,0,114.3,2.0,6.0,0,0.0,2,0,0,VALID,0.0,0.0,114.3,0.0,5.0,1,Stopped,0.0,0,0,,114.3,114.3,114.8,0.0
92H-07095,2026-08-09 20:20:00,114.3,0.0,"Lê Duẩn, Xã Ái Tử, Tỉnh Quảng Trị",0,0,114.3,2.0,6.0,0,0.0,2,0,0,VALID,0.0,0.0,114.3,0.0,5.0,1,Stopped,0.0,0,0,,114.3,114.3,114.7,0.0
92H-07095,2026-08-09 20:22:00,114.3,0.0,"Lê Duẩn, Xã Ái Tử, Tỉnh Quảng Trị",0,0,114.3,2.0,6.0,0,0.0,2,0,0,VALID,0.0,0.0,114.3,0.0,5.0,1,Stopped,0.0,0,0,,114.3,114.3,114.7,0.0
92H-07095,2026-08-09 20:24:00,114.3,0.0,"Lê Duẩn, Xã Ái Tử, Tỉnh Quảng Trị",0,0,114.3,2.0,6.0,0,0.0,2,0,0,VALID,0.0,0.0,114.3,0.0,5.0,1,Stopped,0.0,0,0,,114.3,114.3,114.7,0.0
92H-07095,2026-08-09 20:26:00,114.3,0.0,"Lê Duẩn, Xã Ái Tử, Tỉnh Quảng Trị",0,0,114.3,2.0,6.0,0,0.0,2,0,0,VALID,0.0,0.0,114.3,0.0,5.0,1,Stopped,0.0,0,0,,114.3,114.3,114.6,0.0
92H-07095,2026-08-09 20:28:00,114.3,0.0,"Lê Duẩn, Xã Ái Tử, Tỉnh Quảng Trị",0,0,114.3,2.0,6.0,0,0.0,2,0,0,VALID,0.0,0.0,114.3,0.0,5.0,1,Stopped,0.0,0,0,,114.3,114.3,114.6,0.0
92H-07095,2026-08-09 20:30:00,114.3,0.0,"Lê Duẩn, Xã Ái Tử, Tỉnh Quảng Trị",0,0,114.3,2.0,6.0,0,0.0,2,0,0,VALID,0.0,0.0,114.3,0.0,5.0,1,Stopped,0.0,0,0,,114.3,114.3,114.6,0.0
92H-07095,2026-08-09 20:32:00,114.3,0.0,"Lê Duẩn, Xã Ái Tử, Tỉnh Quảng Trị",0,0,114.3,2.0,6.0,0,0.0,2,0,0,VALID,0.0,0.0,114.3,0.0,5.0,1,Stopped,0.0,0,0,,114.3,114.3,114.5,0.0
92H-07095,2026-08-09 20:34:00,114.3,0.0,"Lê Duẩn, Xã Ái Tử, Tỉnh Quảng Trị",0,0,114.3,2.0,6.0,0,0.0,2,0,0,VALID,0.0,0.0,114.3,0.0,5.0,1,Stopped,0.0,0,0,,114.3,114.3,114.5,0.0
92H-07095,2026-08-09 20:36:00,114.3,0.0,"Lê Duẩn, Xã Ái Tử, Tỉnh Quảng Trị",0,0,114.3,2.0,6.0,0,0.0,2,0,0,VALID,0.0,0.0,114.3,0.0,5.0,1,Stopped,0.0,0,0,,114.3,114.3,114.5,0.0
92H-07095,2026-08-09 20:38:00,114.3,0.0,"Lê Duẩn, Xã Ái Tử, Tỉnh Quảng Trị",0,0,114.3,2.0,6.0,0,0.0,2,0,0,VALID,0.0,0.0,114.3,0.0,5.0,1,Stopped,0.0,0,0,,114.3,114.3,114.5,0.0
92H-07095,2026-08-09 20:40:00,114.3,0.0,"Lê Duẩn, Xã Ái Tử, Tỉnh Quảng Trị",0,0,114.3,2.0,6.0,0,0.0,2,0,0,VALID,0.0,0.0,114.3,0.0,5.0,1,Stopped,0.0,0,0,,114.3,114.3,114.5,0.0
92H-07095,2026-08-09 20:42:00,114.3,0.0,"Lê Duẩn, Xã Ái Tử, Tỉnh Quảng Trị",0,0,114.3,2.0,6.0,0,0.0,2,0,0,VALID,0.0,0.0,114.3,0.0,5.0,1,Stopped,0.0,0,0,,114.3,114.3,114.4,0.0
92H-07095,2026-08-09 20:44:00,114.3,0.0,"Lê Duẩn, Xã Ái Tử, Tỉnh Quảng Trị",0,0,114.3,2.0,6.0,0,0.0,2,0,0,VALID,0.0,0.0,114.3,0.0,5.0,1,Stopped,0.0,0,0,,114.3,114.3,114.4,0.0
92H-07095,2026-08-09 20:46:00,114.3,0.0,"Lê Duẩn, Xã Ái Tử, Tỉnh Quảng Trị",0,0,114.3,2.0,6.0,0,0.0,2,0,0,VALID,0.0,0.0,114.3,0.0,5.0,1,Stopped,0.0,0,0,,114.3,114.3,114.4,0.0
92H-07095,2026-08-09 20:48:00,114.3,0.0,"Lê Duẩn, Xã Ái Tử, Tỉnh Quảng Trị",0,0,114.3,2.0,6.0,0,0.0,2,0,0,VALID,0.0,0.0,114.3,0.0,5.0,1,Stopped,0.0,0,0,,114.3,114.3,114.4,0.0
92H-07095,2026-08-09 20:50:00,114.1,0.0,"Lê Duẩn, Xã Ái Tử, Tỉnh Quảng Trị",0,0,114.1,2.0,6.0,0,0.0,2,0,0,VALID,-0.2000000000000028,-0.1000000000000014,114.3,0.08944271918725208,5.0,1,Stopped,0.0,0,0,,114.1,114.2,114.4,0.0
92H-07095,2026-08-09 20:53:00,114.1,0.0,"Lê Duẩn, Xã Ái Tử, Tỉnh Quảng Trị",0,0,114.1,3.0,6.0,0,0.0,2,0,0,VALID,0.0,0.0,114.3,0.10954451157229753,5.0,1,Stopped,0.0,0,0,,114.1,114.2,114.3,0.0
92H-07095,2026-08-09 20:55:00,114.1,0.0,"Lê Duẩn, Xã Ái Tử, Tỉnh Quảng Trị",0,0,114.1,2.0,6.0,0,0.0,2,0,0,VALID,0.0,0.0,114.1,0.10954451157231049,5.0,1,Stopped,0.0,0,0,,114.1,114.1,114.3,0.0
